node_id,holding_cost,backlog_cost,ordering_cost,transport_cost,total_cost
R1,142.76999999999998,4926.0,0.0,0.0,5068.7699999999995
R2,96.66,5768.0,0.0,0.0,5864.66
R3,286.44,4282.0,0.0,0.0,4568.44
Supplier,0.0,0.0,0.0,298300.0,298300.0
W1,1393.46,0.0,1547.8,13750.0,16691.260000000002
W2,782.7,0.0,1547.0,11900.0,14229.7
_OVERALL_,2702.0299999999997,14976.0,3094.8,323950.0,344722.83
