t_ship,parent,child,sku,lead_time,qty
1,W1,R1,SKU_A,2,155
1,W1,R1,SKU_B,2,102
1,W1,R1,SKU_C,2,97
1,W1,R1,SKU_D,2,81
1,W1,R1,SKU_E,2,87
1,W1,R2,SKU_A,3,87
1,W1,R2,SKU_B,3,46
1,W1,R2,SKU_C,3,41
1,W1,R2,SKU_D,3,39
1,W1,R2,SKU_E,3,90
1,W2,R3,SKU_A,4,274
1,W2,R3,SKU_B,4,90
1,W2,R3,SKU_C,4,136
1,W2,R3,SKU_D,4,179
1,W2,R3,SKU_E,4,98
2,Supplier,W2,SKU_A,6,274
2,Supplier,W2,SKU_B,6,90
2,Supplier,W2,SKU_C,6,136
2,Supplier,W2,SKU_D,6,179
2,Supplier,W2,SKU_E,6,98
2,W1,R1,SKU_A,2,121
2,W1,R1,SKU_B,2,90
2,W1,R1,SKU_C,2,75
2,W1,R1,SKU_D,2,62
2,W1,R1,SKU_E,2,65
2,W1,R2,SKU_A,3,90
2,W1,R2,SKU_B,3,43
2,W1,R2,SKU_C,3,44
2,W1,R2,SKU_D,3,64
2,W1,R2,SKU_E,3,53
2,W2,R3,SKU_A,4,268
2,W2,R3,SKU_B,4,82
2,W2,R3,SKU_C,4,139
2,W2,R3,SKU_D,4,173
2,W2,R3,SKU_E,4,99
3,Supplier,W1,SKU_A,5,453
3,Supplier,W1,SKU_B,5,281
3,Supplier,W1,SKU_C,5,257
3,Supplier,W1,SKU_D,5,246
3,Supplier,W1,SKU_E,5,295
3,Supplier,W2,SKU_A,6,268
3,Supplier,W2,SKU_B,6,82
3,Supplier,W2,SKU_C,6,139
3,Supplier,W2,SKU_D,6,173
3,Supplier,W2,SKU_E,6,99
3,W1,R2,SKU_A,3,76
3,W1,R2,SKU_B,3,33
3,W1,R2,SKU_C,3,22
3,W1,R2,SKU_D,3,38
3,W1,R2,SKU_E,3,54
3,W2,R3,SKU_A,4,153
3,W2,R3,SKU_B,4,61
3,W2,R3,SKU_C,4,79
3,W2,R3,SKU_D,4,119
3,W2,R3,SKU_E,4,75
4,Supplier,W2,SKU_A,6,153
4,Supplier,W2,SKU_B,6,61
4,Supplier,W2,SKU_C,6,79
4,Supplier,W2,SKU_D,6,119
4,Supplier,W2,SKU_E,6,75
4,W1,R1,SKU_A,2,204
4,W1,R1,SKU_B,2,100
4,W1,R1,SKU_C,2,86
4,W1,R1,SKU_D,2,100
4,W1,R1,SKU_E,2,87
4,W1,R2,SKU_A,3,83
4,W1,R2,SKU_B,3,39
4,W1,R2,SKU_C,3,46
4,W1,R2,SKU_D,3,39
4,W1,R2,SKU_E,3,59
4,W2,R3,SKU_A,4,188
4,W2,R3,SKU_B,4,52
4,W2,R3,SKU_C,4,77
4,W2,R3,SKU_D,4,107
4,W2,R3,SKU_E,4,93
5,Supplier,W1,SKU_A,5,363
5,Supplier,W1,SKU_B,5,172
5,Supplier,W1,SKU_C,5,154
5,Supplier,W1,SKU_D,5,177
5,Supplier,W1,SKU_E,5,200
5,Supplier,W2,SKU_A,6,188
5,Supplier,W2,SKU_B,6,52
5,Supplier,W2,SKU_C,6,77
5,Supplier,W2,SKU_D,6,107
5,Supplier,W2,SKU_E,6,93
5,W1,R2,SKU_A,3,73
5,W1,R2,SKU_B,3,20
5,W1,R2,SKU_C,3,45
5,W1,R2,SKU_D,3,40
5,W1,R2,SKU_E,3,41
6,Supplier,W2,SKU_A,6,154
6,Supplier,W2,SKU_B,6,43
6,Supplier,W2,SKU_C,6,57
6,Supplier,W2,SKU_D,6,81
6,Supplier,W2,SKU_E,6,52
6,W1,R1,SKU_A,2,205
6,W1,R1,SKU_B,2,94
6,W1,R1,SKU_C,2,74
6,W1,R1,SKU_D,2,81
6,W1,R1,SKU_E,2,86
6,W1,R2,SKU_A,3,106
6,W1,R2,SKU_B,3,24
6,W1,R2,SKU_C,3,57
6,W1,R2,SKU_D,3,63
6,W1,R2,SKU_E,3,55
6,W2,R3,SKU_A,4,365
6,W2,R3,SKU_B,4,97
6,W2,R3,SKU_C,4,148
6,W2,R3,SKU_D,4,215
6,W2,R3,SKU_E,4,148
7,Supplier,W1,SKU_A,5,384
7,Supplier,W1,SKU_B,5,138
7,Supplier,W1,SKU_C,5,176
7,Supplier,W1,SKU_D,5,184
7,Supplier,W1,SKU_E,5,182
7,Supplier,W2,SKU_A,6,211
7,Supplier,W2,SKU_B,6,54
7,Supplier,W2,SKU_C,6,91
7,Supplier,W2,SKU_D,6,134
7,Supplier,W2,SKU_E,6,96
7,W1,R1,SKU_A,2,110
7,W1,R1,SKU_B,2,71
7,W1,R1,SKU_C,2,61
7,W1,R1,SKU_D,2,42
7,W1,R1,SKU_E,2,68
7,W1,R2,SKU_A,3,91
7,W1,R2,SKU_B,3,48
7,W1,R2,SKU_C,3,36
7,W1,R2,SKU_D,3,42
7,W1,R2,SKU_E,3,4
7,W2,R3,SKU_A,4,204
7,W2,R3,SKU_B,4,50
7,W2,R3,SKU_C,4,108
7,W2,R3,SKU_D,4,137
7,W2,R3,SKU_E,4,77
8,Supplier,W2,SKU_A,6,204
8,Supplier,W2,SKU_B,6,50
8,Supplier,W2,SKU_C,6,108
8,Supplier,W2,SKU_D,6,137
8,Supplier,W2,SKU_E,6,77
8,W1,R1,SKU_A,2,176
8,W1,R1,SKU_B,2,118
8,W1,R1,SKU_C,2,109
8,W1,R1,SKU_D,2,102
8,W1,R1,SKU_E,2,91
8,W1,R2,SKU_A,3,149
8,W1,R2,SKU_B,3,69
8,W1,R2,SKU_C,3,82
8,W1,R2,SKU_D,3,109
8,W1,R2,SKU_E,3,174
8,W2,R3,SKU_A,4,299
8,W2,R3,SKU_B,4,90
8,W2,R3,SKU_C,4,124
8,W2,R3,SKU_D,4,200
8,W2,R3,SKU_E,4,112
9,Supplier,W1,SKU_A,5,526
9,Supplier,W1,SKU_B,5,306
9,Supplier,W1,SKU_C,5,288
9,Supplier,W1,SKU_D,5,295
9,Supplier,W1,SKU_E,5,337
9,Supplier,W2,SKU_A,6,299
9,Supplier,W2,SKU_B,6,90
9,Supplier,W2,SKU_C,6,124
9,Supplier,W2,SKU_D,6,200
9,Supplier,W2,SKU_E,6,112
9,W1,R1,SKU_A,2,165
9,W1,R1,SKU_B,2,92
9,W1,R1,SKU_C,2,61
9,W1,R1,SKU_D,2,83
9,W1,R1,SKU_E,2,30
9,W1,R2,SKU_A,3,96
9,W1,R2,SKU_B,3,64
9,W1,R2,SKU_C,3,67
9,W1,R2,SKU_D,3,72
9,W2,R3,SKU_A,4,276
9,W2,R3,SKU_B,4,63
9,W2,R3,SKU_C,4,118
9,W2,R3,SKU_D,4,192
9,W2,R3,SKU_E,4,97
10,Supplier,W2,SKU_A,6,276
10,Supplier,W2,SKU_B,6,63
10,Supplier,W2,SKU_C,6,118
10,Supplier,W2,SKU_D,6,192
10,Supplier,W2,SKU_E,6,97
10,W1,R1,SKU_A,2,95
10,W1,R1,SKU_B,2,60
10,W1,R1,SKU_C,2,53
10,W1,R1,SKU_D,2,61
10,W1,R1,SKU_E,2,94
10,W1,R2,SKU_A,3,113
10,W1,R2,SKU_B,3,50
10,W1,R2,SKU_C,3,49
10,W1,R2,SKU_D,3,34
10,W1,R2,SKU_E,3,106
10,W2,R3,SKU_A,4,224
10,W2,R3,SKU_B,4,56
10,W2,R3,SKU_C,4,89
10,W2,R3,SKU_D,4,123
10,W2,R3,SKU_E,4,72
11,Supplier,W1,SKU_A,5,469
11,Supplier,W1,SKU_B,5,266
11,Supplier,W1,SKU_C,5,230
11,Supplier,W1,SKU_D,5,250
11,Supplier,W1,SKU_E,5,258
11,Supplier,W2,SKU_A,6,224
11,Supplier,W2,SKU_B,6,56
11,Supplier,W2,SKU_C,6,89
11,Supplier,W2,SKU_D,6,123
11,Supplier,W2,SKU_E,6,72
11,W1,R2,SKU_A,3,106
11,W1,R2,SKU_B,3,44
11,W1,R2,SKU_C,3,33
11,W1,R2,SKU_D,3,44
11,W2,R3,SKU_A,4,184
11,W2,R3,SKU_B,4,48
11,W2,R3,SKU_C,4,80
11,W2,R3,SKU_D,4,135
11,W2,R3,SKU_E,4,77
12,Supplier,W2,SKU_A,6,184
12,Supplier,W2,SKU_B,6,48
12,Supplier,W2,SKU_C,6,80
12,Supplier,W2,SKU_D,6,135
12,Supplier,W2,SKU_E,6,77
12,W1,R1,SKU_A,2,203
12,W1,R1,SKU_B,2,106
12,W1,R1,SKU_C,2,111
12,W1,R1,SKU_D,2,93
12,W1,R1,SKU_E,2,87
12,W1,R2,SKU_A,3,98
12,W1,R2,SKU_B,3,35
12,W1,R2,SKU_C,3,46
12,W1,R2,SKU_D,3,73
12,W1,R2,SKU_E,3,95
12,W2,R3,SKU_A,4,186
12,W2,R3,SKU_B,4,46
12,W2,R3,SKU_C,4,61
12,W2,R3,SKU_D,4,89
12,W2,R3,SKU_E,4,80
13,Supplier,W1,SKU_A,5,407
13,Supplier,W1,SKU_B,5,185
13,Supplier,W1,SKU_C,5,190
13,Supplier,W1,SKU_D,5,210
13,Supplier,W1,SKU_E,5,161
13,Supplier,W2,SKU_A,6,186
13,Supplier,W2,SKU_B,6,46
13,Supplier,W2,SKU_C,6,61
13,Supplier,W2,SKU_D,6,89
13,Supplier,W2,SKU_E,6,80
13,W1,R2,SKU_A,3,93
13,W1,R2,SKU_B,3,38
13,W1,R2,SKU_C,3,55
13,W1,R2,SKU_D,3,2
13,W2,R3,SKU_A,4,157
13,W2,R3,SKU_B,4,54
13,W2,R3,SKU_C,4,93
13,W2,R3,SKU_D,4,108
13,W2,R3,SKU_E,4,69
14,Supplier,W2,SKU_A,6,157
14,Supplier,W2,SKU_B,6,54
14,Supplier,W2,SKU_C,6,93
14,Supplier,W2,SKU_D,6,108
14,Supplier,W2,SKU_E,6,69
14,W1,R1,SKU_A,2,279
14,W1,R1,SKU_B,2,153
14,W1,R1,SKU_C,2,124
14,W1,R1,SKU_D,2,147
14,W1,R1,SKU_E,2,114
14,W1,R2,SKU_A,3,118
14,W1,R2,SKU_B,3,53
14,W1,R2,SKU_C,3,61
14,W1,R2,SKU_D,3,128
14,W1,R2,SKU_E,3,132
14,W2,R3,SKU_A,4,251
14,W2,R3,SKU_B,4,79
14,W2,R3,SKU_C,4,105
14,W2,R3,SKU_D,4,149
14,W2,R3,SKU_E,4,106
15,Supplier,W1,SKU_A,5,490
15,Supplier,W1,SKU_B,5,244
15,Supplier,W1,SKU_C,5,240
15,Supplier,W1,SKU_D,5,277
15,Supplier,W1,SKU_E,5,239
15,Supplier,W2,SKU_A,6,251
15,Supplier,W2,SKU_B,6,79
15,Supplier,W2,SKU_C,6,105
15,Supplier,W2,SKU_D,6,149
15,Supplier,W2,SKU_E,6,106
15,W1,R1,SKU_A,2,224
15,W1,R1,SKU_B,2,135
15,W1,R1,SKU_C,2,146
15,W1,R1,SKU_D,2,88
15,W1,R1,SKU_E,2,88
15,W1,R2,SKU_A,3,142
15,W1,R2,SKU_B,3,84
15,W1,R2,SKU_C,3,78
15,W1,R2,SKU_E,3,3
15,W2,R3,SKU_A,4,347
15,W2,R3,SKU_B,4,127
15,W2,R3,SKU_C,4,193
15,W2,R3,SKU_D,4,217
15,W2,R3,SKU_E,4,129
16,Supplier,W1,SKU_A,5,366
16,Supplier,W1,SKU_B,5,219
16,Supplier,W1,SKU_C,5,224
16,Supplier,W1,SKU_D,5,199
16,Supplier,W1,SKU_E,5,153
16,Supplier,W2,SKU_A,6,347
16,Supplier,W2,SKU_B,6,127
16,Supplier,W2,SKU_C,6,193
16,Supplier,W2,SKU_D,6,217
16,Supplier,W2,SKU_E,6,129
16,W1,R1,SKU_A,2,226
16,W1,R1,SKU_B,2,129
16,W1,R1,SKU_C,2,121
16,W1,R1,SKU_D,2,121
16,W1,R1,SKU_E,2,121
16,W1,R2,SKU_A,3,155
16,W1,R2,SKU_B,3,58
16,W1,R2,SKU_C,3,80
16,W1,R2,SKU_D,3,129
16,W1,R2,SKU_E,3,137
16,W2,R3,SKU_A,4,332
16,W2,R3,SKU_B,4,124
16,W2,R3,SKU_C,4,208
16,W2,R3,SKU_D,4,197
16,W2,R3,SKU_E,4,115
17,Supplier,W1,SKU_A,5,381
17,Supplier,W1,SKU_B,5,187
17,Supplier,W1,SKU_C,5,201
17,Supplier,W1,SKU_D,5,167
17,Supplier,W1,SKU_E,5,198
17,Supplier,W2,SKU_A,6,332
17,Supplier,W2,SKU_B,6,124
17,Supplier,W2,SKU_C,6,208
17,Supplier,W2,SKU_D,6,197
17,Supplier,W2,SKU_E,6,121
17,W2,R3,SKU_A,4,217
17,W2,R3,SKU_B,4,78
17,W2,R3,SKU_C,4,139
17,W2,R3,SKU_D,4,109
17,W2,R3,SKU_E,4,72
18,Supplier,W2,SKU_A,6,217
18,Supplier,W2,SKU_B,6,78
18,Supplier,W2,SKU_C,6,139
18,Supplier,W2,SKU_D,6,109
18,Supplier,W2,SKU_E,6,83
18,W1,R1,SKU_A,2,275
18,W1,R1,SKU_B,2,147
18,W1,R1,SKU_C,2,129
18,W1,R1,SKU_D,2,151
18,W1,R1,SKU_E,2,100
18,W1,R2,SKU_B,3,82
18,W1,R2,SKU_C,3,63
18,W1,R2,SKU_A,3,176
18,W1,R2,SKU_D,3,59
18,W1,R2,SKU_E,3,61
18,W2,R3,SKU_A,4,246
18,W2,R3,SKU_B,4,77
18,W2,R3,SKU_C,4,127
18,W2,R3,SKU_D,4,108
18,W2,R3,SKU_E,4,77
19,Supplier,W1,SKU_A,5,451
19,Supplier,W1,SKU_B,5,229
19,Supplier,W1,SKU_C,5,192
19,Supplier,W1,SKU_D,5,222
19,Supplier,W1,SKU_E,5,219
19,Supplier,W2,SKU_A,6,246
19,Supplier,W2,SKU_B,6,77
19,Supplier,W2,SKU_C,6,127
19,Supplier,W2,SKU_D,6,108
19,Supplier,W2,SKU_E,6,95
19,W2,R3,SKU_A,4,182
19,W2,R3,SKU_B,4,50
19,W2,R3,SKU_C,4,98
19,W2,R3,SKU_D,4,126
19,W2,R3,SKU_E,4,80
20,Supplier,W2,SKU_A,6,182
20,Supplier,W2,SKU_B,6,50
20,Supplier,W2,SKU_C,6,98
20,Supplier,W2,SKU_D,6,126
20,Supplier,W2,SKU_E,6,87
20,W1,R1,SKU_A,2,261
20,W1,R1,SKU_B,2,100
20,W1,R1,SKU_C,2,110
20,W1,R1,SKU_D,2,107
20,W1,R1,SKU_E,2,91
20,W1,R2,SKU_B,3,81
20,W1,R2,SKU_C,3,62
20,W1,R2,SKU_A,3,154
20,W1,R2,SKU_D,3,156
20,W1,R2,SKU_E,3,148
20,W2,R3,SKU_A,4,187
20,W2,R3,SKU_B,4,64
20,W2,R3,SKU_C,4,113
20,W2,R3,SKU_D,4,140
20,W2,R3,SKU_E,4,69
21,Supplier,W1,SKU_A,5,415
21,Supplier,W1,SKU_B,5,181
21,Supplier,W1,SKU_C,5,172
21,Supplier,W1,SKU_D,5,223
21,Supplier,W1,SKU_E,5,205
21,Supplier,W2,SKU_A,6,187
21,Supplier,W2,SKU_B,6,64
21,Supplier,W2,SKU_C,6,113
21,Supplier,W2,SKU_D,6,146
21,Supplier,W2,SKU_E,6,86
21,W1,R1,SKU_A,2,154
21,W1,R1,SKU_B,2,78
21,W1,R1,SKU_C,2,60
21,W1,R1,SKU_D,2,81
21,W1,R1,SKU_E,2,80
21,W1,R2,SKU_A,3,87
21,W1,R2,SKU_B,3,60
21,W1,R2,SKU_C,3,32
21,W1,R2,SKU_D,3,59
21,W1,R2,SKU_E,3,73
21,W2,R3,SKU_A,4,248
21,W2,R3,SKU_B,4,59
21,W2,R3,SKU_C,4,156
21,W2,R3,SKU_D,4,149
21,W2,R3,SKU_E,4,106
22,Supplier,W2,SKU_A,6,248
22,Supplier,W2,SKU_B,6,59
22,Supplier,W2,SKU_C,6,156
22,Supplier,W2,SKU_D,6,189
22,Supplier,W2,SKU_E,6,86
22,W1,R1,SKU_A,2,204
22,W1,R1,SKU_B,2,112
22,W1,R1,SKU_C,2,95
22,W1,R1,SKU_D,2,95
22,W1,R1,SKU_E,2,79
22,W1,R2,SKU_A,3,100
22,W1,R2,SKU_B,3,68
22,W1,R2,SKU_C,3,57
22,W1,R2,SKU_D,3,73
22,W1,R2,SKU_E,3,97
22,W2,R3,SKU_A,4,304
22,W2,R3,SKU_B,4,86
22,W2,R3,SKU_C,4,191
22,W2,R3,SKU_D,4,217
22,W2,R3,SKU_E,4,129
23,Supplier,W1,SKU_A,5,545
23,Supplier,W1,SKU_B,5,318
23,Supplier,W1,SKU_C,5,244
23,Supplier,W1,SKU_D,5,308
23,Supplier,W1,SKU_E,5,303
23,Supplier,W2,SKU_A,6,304
23,Supplier,W2,SKU_B,6,86
23,Supplier,W2,SKU_C,6,191
23,Supplier,W2,SKU_D,6,193
23,Supplier,W2,SKU_E,6,119
23,W1,R1,SKU_A,2,184
23,W1,R1,SKU_B,2,104
23,W1,R1,SKU_C,2,112
23,W1,R1,SKU_D,2,72
23,W1,R1,SKU_E,2,22
23,W1,R2,SKU_A,3,108
23,W1,R2,SKU_B,3,69
23,W1,R2,SKU_C,3,46
23,W2,R3,SKU_A,4,272
23,W2,R3,SKU_B,4,56
23,W2,R3,SKU_C,4,143
23,W2,R3,SKU_D,4,182
23,W2,R3,SKU_E,4,121
24,Supplier,W2,SKU_A,6,272
24,Supplier,W2,SKU_B,6,56
24,Supplier,W2,SKU_C,6,143
24,Supplier,W2,SKU_D,6,160
24,Supplier,W2,SKU_E,6,97
24,W1,R1,SKU_A,2,117
24,W1,R1,SKU_B,2,91
24,W1,R1,SKU_C,2,91
24,W1,R1,SKU_D,2,51
24,W1,R1,SKU_E,2,81
24,W1,R2,SKU_A,3,89
24,W1,R2,SKU_B,3,46
24,W1,R2,SKU_C,3,42
24,W1,R2,SKU_D,3,119
24,W1,R2,SKU_E,3,107
24,W2,R3,SKU_A,4,172
24,W2,R3,SKU_B,4,46
24,W2,R3,SKU_C,4,128
24,W2,R3,SKU_D,4,124
24,W2,R3,SKU_E,4,80
25,Supplier,W1,SKU_A,5,498
25,Supplier,W1,SKU_B,5,310
25,Supplier,W1,SKU_C,5,291
25,Supplier,W1,SKU_D,5,242
25,Supplier,W1,SKU_E,5,210
25,Supplier,W2,SKU_A,6,172
25,Supplier,W2,SKU_B,6,46
25,Supplier,W2,SKU_C,6,128
25,Supplier,W2,SKU_D,6,134
25,Supplier,W2,SKU_E,6,75
25,W1,R2,SKU_A,3,83
25,W1,R2,SKU_B,3,50
25,W1,R2,SKU_C,3,39
25,W1,R2,SKU_D,3,4
25,W2,R3,SKU_A,4,212
25,W2,R3,SKU_B,4,69
25,W2,R3,SKU_C,4,103
25,W2,R3,SKU_D,4,108
25,W2,R3,SKU_E,4,74
26,Supplier,W2,SKU_A,6,212
26,Supplier,W2,SKU_B,6,69
26,Supplier,W2,SKU_C,6,103
26,Supplier,W2,SKU_D,6,134
26,Supplier,W2,SKU_E,6,74
26,W1,R1,SKU_A,2,265
26,W1,R1,SKU_B,2,121
26,W1,R1,SKU_C,2,119
26,W1,R1,SKU_D,2,89
26,W1,R1,SKU_E,2,104
26,W1,R2,SKU_A,3,66
26,W1,R2,SKU_B,3,44
26,W1,R2,SKU_C,3,34
26,W1,R2,SKU_D,3,96
26,W1,R2,SKU_E,3,115
26,W2,R3,SKU_A,4,205
26,W2,R3,SKU_B,4,48
26,W2,R3,SKU_C,4,91
26,W2,R3,SKU_D,4,126
26,W2,R3,SKU_E,4,72
27,Supplier,W1,SKU_A,5,414
27,Supplier,W1,SKU_B,5,215
27,Supplier,W1,SKU_C,5,192
27,Supplier,W1,SKU_D,5,189
27,Supplier,W1,SKU_E,5,219
27,Supplier,W2,SKU_A,6,205
27,Supplier,W2,SKU_B,6,48
27,Supplier,W2,SKU_C,6,91
27,Supplier,W2,SKU_D,6,112
27,Supplier,W2,SKU_E,6,72
27,W1,R2,SKU_A,3,71
27,W1,R2,SKU_B,3,32
27,W1,R2,SKU_C,3,37
27,W1,R2,SKU_D,3,43
27,W2,R3,SKU_A,4,190
27,W2,R3,SKU_B,4,59
27,W2,R3,SKU_C,4,101
27,W2,R3,SKU_D,4,146
27,W2,R3,SKU_E,4,75
28,Supplier,W2,SKU_A,6,190
28,Supplier,W2,SKU_B,6,59
28,Supplier,W2,SKU_C,6,101
28,Supplier,W2,SKU_D,6,137
28,Supplier,W2,SKU_E,6,75
28,W1,R1,SKU_A,2,276
28,W1,R1,SKU_B,2,139
28,W1,R1,SKU_C,2,104
28,W1,R1,SKU_D,2,116
28,W1,R1,SKU_E,2,125
28,W1,R2,SKU_A,3,99
28,W1,R2,SKU_B,3,44
28,W1,R2,SKU_C,3,34
28,W1,R2,SKU_D,3,62
28,W1,R2,SKU_E,3,107
28,W2,R3,SKU_A,4,233
28,W2,R3,SKU_B,4,91
28,W2,R3,SKU_C,4,139
28,W2,R3,SKU_D,4,154
28,W2,R3,SKU_E,4,77
29,Supplier,W1,SKU_A,5,446
29,Supplier,W1,SKU_B,5,215
29,Supplier,W1,SKU_C,5,175
29,Supplier,W1,SKU_D,5,221
29,Supplier,W1,SKU_E,5,232
29,Supplier,W2,SKU_A,6,233
29,Supplier,W2,SKU_B,6,91
29,Supplier,W2,SKU_C,6,139
29,Supplier,W2,SKU_D,6,141
29,Supplier,W2,SKU_E,6,77
29,W1,R1,SKU_A,2,165
29,W1,R1,SKU_B,2,97
29,W1,R1,SKU_C,2,102
29,W1,R1,SKU_D,2,67
29,W1,R1,SKU_E,2,80
29,W1,R2,SKU_A,3,98
29,W1,R2,SKU_B,3,47
29,W1,R2,SKU_C,3,47
29,W1,R2,SKU_D,3,64
29,W1,R2,SKU_E,3,8
29,W2,R3,SKU_A,4,305
29,W2,R3,SKU_B,4,86
29,W2,R3,SKU_C,4,154
29,W2,R3,SKU_D,4,193
29,W2,R3,SKU_E,4,88
30,Supplier,W2,SKU_A,6,305
30,Supplier,W2,SKU_B,6,86
30,Supplier,W2,SKU_C,6,154
30,Supplier,W2,SKU_D,6,193
30,Supplier,W2,SKU_E,6,88
30,W1,R1,SKU_A,2,194
30,W1,R1,SKU_B,2,122
30,W1,R1,SKU_C,2,97
30,W1,R1,SKU_D,2,93
30,W1,R1,SKU_E,2,81
30,W1,R2,SKU_A,3,77
30,W1,R2,SKU_B,3,40
30,W1,R2,SKU_C,3,54
30,W1,R2,SKU_D,3,73
30,W1,R2,SKU_E,3,127
30,W2,R3,SKU_A,4,297
30,W2,R3,SKU_B,4,75
30,W2,R3,SKU_C,4,168
30,W2,R3,SKU_D,4,195
30,W2,R3,SKU_E,4,98
31,Supplier,W1,SKU_A,5,534
31,Supplier,W1,SKU_B,5,306
31,Supplier,W1,SKU_C,5,300
31,Supplier,W1,SKU_D,5,297
31,Supplier,W1,SKU_E,5,296
31,Supplier,W2,SKU_A,6,297
31,Supplier,W2,SKU_B,6,75
31,Supplier,W2,SKU_C,6,168
31,Supplier,W2,SKU_D,6,200
31,Supplier,W2,SKU_E,6,98
31,W1,R2,SKU_A,3,70
31,W1,R2,SKU_B,3,33
31,W1,R2,SKU_C,3,39
31,W1,R2,SKU_D,3,32
31,W2,R3,SKU_A,4,168
31,W2,R3,SKU_B,4,74
31,W2,R3,SKU_C,4,150
31,W2,R3,SKU_D,4,101
31,W2,R3,SKU_E,4,57
32,Supplier,W2,SKU_A,6,168
32,Supplier,W2,SKU_B,6,74
32,Supplier,W2,SKU_C,6,150
32,Supplier,W2,SKU_D,6,96
32,Supplier,W2,SKU_E,6,57
32,W1,R1,SKU_A,2,242
32,W1,R1,SKU_B,2,117
32,W1,R1,SKU_C,2,140
32,W1,R1,SKU_D,2,126
32,W1,R1,SKU_E,2,116
32,W1,R2,SKU_A,3,83
32,W1,R2,SKU_B,3,43
32,W1,R2,SKU_C,3,39
32,W1,R2,SKU_D,3,65
32,W1,R2,SKU_E,3,104
32,W2,R3,SKU_A,4,242
32,W2,R3,SKU_B,4,63
32,W2,R3,SKU_C,4,126
32,W2,R3,SKU_D,4,148
32,W2,R3,SKU_E,4,93
33,Supplier,W1,SKU_A,5,395
33,Supplier,W1,SKU_B,5,193
33,Supplier,W1,SKU_C,5,218
33,Supplier,W1,SKU_D,5,223
33,Supplier,W1,SKU_E,5,220
33,Supplier,W2,SKU_A,6,242
33,Supplier,W2,SKU_B,6,63
33,Supplier,W2,SKU_C,6,126
33,Supplier,W2,SKU_D,6,148
33,Supplier,W2,SKU_E,6,93
33,W1,R2,SKU_A,3,81
33,W1,R2,SKU_B,3,35
33,W1,R2,SKU_C,3,30
33,W1,R2,SKU_D,3,26
33,W2,R3,SKU_A,4,208
33,W2,R3,SKU_B,4,64
33,W2,R3,SKU_C,4,125
33,W2,R3,SKU_D,4,128
33,W2,R3,SKU_E,4,64
34,Supplier,W2,SKU_A,6,208
34,Supplier,W2,SKU_B,6,64
34,Supplier,W2,SKU_C,6,125
34,Supplier,W2,SKU_D,6,128
34,Supplier,W2,SKU_E,6,64
34,W1,R1,SKU_A,2,276
34,W1,R1,SKU_B,2,120
34,W1,R1,SKU_C,2,132
34,W1,R1,SKU_D,2,129
34,W1,R1,SKU_E,2,113
34,W1,R2,SKU_A,3,102
34,W1,R2,SKU_B,3,58
34,W1,R2,SKU_C,3,47
34,W1,R2,SKU_D,3,89
34,W1,R2,SKU_E,3,91
34,W2,R3,SKU_A,4,203
34,W2,R3,SKU_B,4,70
34,W2,R3,SKU_C,4,105
34,W2,R3,SKU_D,4,132
34,W2,R3,SKU_E,4,103
35,Supplier,W1,SKU_A,5,459
35,Supplier,W1,SKU_B,5,213
35,Supplier,W1,SKU_C,5,209
35,Supplier,W1,SKU_D,5,244
35,Supplier,W1,SKU_E,5,204
35,Supplier,W2,SKU_A,6,203
35,Supplier,W2,SKU_B,6,70
35,Supplier,W2,SKU_C,6,105
35,Supplier,W2,SKU_D,6,132
35,Supplier,W2,SKU_E,6,103
35,W1,R1,SKU_A,2,166
35,W1,R1,SKU_B,2,99
35,W1,R1,SKU_C,2,64
35,W1,R1,SKU_D,2,61
35,W1,R1,SKU_E,2,29
35,W1,R2,SKU_A,3,92
35,W1,R2,SKU_B,3,61
35,W1,R2,SKU_C,3,44
35,W2,R3,SKU_A,4,250
35,W2,R3,SKU_B,4,75
35,W2,R3,SKU_C,4,133
35,W2,R3,SKU_D,4,149
35,W2,R3,SKU_E,4,82
36,Supplier,W2,SKU_A,6,250
36,Supplier,W2,SKU_B,6,75
36,Supplier,W2,SKU_C,6,133
36,Supplier,W2,SKU_D,6,167
36,Supplier,W2,SKU_E,6,82
36,W1,R1,SKU_A,2,180
36,W1,R1,SKU_B,2,129
36,W1,R1,SKU_C,2,127
36,W1,R1,SKU_D,2,133
36,W1,R1,SKU_E,2,109
36,W1,R2,SKU_A,3,138
36,W1,R2,SKU_B,3,48
36,W1,R2,SKU_C,3,66
36,W1,R2,SKU_D,3,115
36,W1,R2,SKU_E,3,113
36,W2,R3,SKU_A,4,300
36,W2,R3,SKU_B,4,119
36,W2,R3,SKU_C,4,118
36,W2,R3,SKU_D,4,193
36,W2,R3,SKU_E,4,113
37,Supplier,W1,SKU_A,5,576
37,Supplier,W1,SKU_B,5,337
37,Supplier,W1,SKU_C,5,301
37,Supplier,W1,SKU_D,5,309
37,Supplier,W1,SKU_E,5,251
37,Supplier,W2,SKU_A,6,300
37,Supplier,W2,SKU_B,6,119
37,Supplier,W2,SKU_C,6,118
37,Supplier,W2,SKU_D,6,208
37,Supplier,W2,SKU_E,6,113
37,W1,R1,SKU_A,2,179
37,W1,R1,SKU_B,2,91
37,W1,R1,SKU_C,2,98
37,W1,R1,SKU_D,2,49
37,W1,R1,SKU_E,2,74
37,W1,R2,SKU_A,3,125
37,W1,R2,SKU_B,3,40
37,W1,R2,SKU_C,3,47
37,W2,R3,SKU_A,4,313
37,W2,R3,SKU_B,4,123
37,W2,R3,SKU_C,4,146
37,W2,R3,SKU_D,4,200
37,W2,R3,SKU_E,4,120
38,Supplier,W2,SKU_A,6,313
38,Supplier,W2,SKU_B,6,123
38,Supplier,W2,SKU_C,6,146
38,Supplier,W2,SKU_D,6,196
38,Supplier,W2,SKU_E,6,120
38,W1,R1,SKU_A,2,100
38,W1,R1,SKU_B,2,61
38,W1,R1,SKU_C,2,59
38,W1,R1,SKU_D,2,104
38,W1,R1,SKU_E,2,56
38,W1,R2,SKU_A,3,85
38,W1,R2,SKU_B,3,52
38,W1,R2,SKU_C,3,32
38,W1,R2,SKU_D,3,119
38,W1,R2,SKU_E,3,103
38,W2,R3,SKU_A,4,225
38,W2,R3,SKU_B,4,52
38,W2,R3,SKU_C,4,84
38,W2,R3,SKU_D,4,96
38,W2,R3,SKU_E,4,73
39,Supplier,W1,SKU_A,5,489
39,Supplier,W1,SKU_B,5,244
39,Supplier,W1,SKU_C,5,236
39,Supplier,W1,SKU_D,5,272
39,Supplier,W1,SKU_E,5,233
39,Supplier,W2,SKU_A,6,225
39,Supplier,W2,SKU_B,6,52
39,Supplier,W2,SKU_C,6,84
39,Supplier,W2,SKU_D,6,112
39,Supplier,W2,SKU_E,6,74
39,W1,R2,SKU_A,3,95
39,W1,R2,SKU_B,3,56
39,W1,R2,SKU_C,3,41
39,W2,R3,SKU_A,4,206
39,W2,R3,SKU_B,4,53
39,W2,R3,SKU_C,4,108
39,W2,R3,SKU_D,4,148
39,W2,R3,SKU_E,4,78
40,Supplier,W2,SKU_A,6,206
40,Supplier,W2,SKU_B,6,53
40,Supplier,W2,SKU_C,6,108
40,Supplier,W2,SKU_D,6,137
40,Supplier,W2,SKU_E,6,77
40,W1,R1,SKU_A,2,253
40,W1,R1,SKU_B,2,122
40,W1,R1,SKU_C,2,106
40,W1,R1,SKU_E,2,111
40,W1,R1,SKU_D,2,104
40,W1,R2,SKU_A,3,97
40,W1,R2,SKU_B,3,33
40,W1,R2,SKU_C,3,46
40,W1,R2,SKU_D,3,117
40,W1,R2,SKU_E,3,90
40,W2,R3,SKU_A,4,196
40,W2,R3,SKU_B,4,62
40,W2,R3,SKU_C,4,98
40,W2,R3,SKU_D,4,128
40,W2,R3,SKU_E,4,79
41,Supplier,W1,SKU_A,5,445
41,Supplier,W1,SKU_B,5,211
41,Supplier,W1,SKU_C,5,193
41,Supplier,W1,SKU_D,5,221
41,Supplier,W1,SKU_E,5,201
41,Supplier,W2,SKU_A,6,196
41,Supplier,W2,SKU_B,6,62
41,Supplier,W2,SKU_C,6,98
41,Supplier,W2,SKU_D,6,165
41,Supplier,W2,SKU_E,6,86
41,W1,R2,SKU_A,3,91
41,W1,R2,SKU_B,3,33
41,W1,R2,SKU_C,3,37
41,W1,R2,SKU_E,3,5
41,W2,R3,SKU_A,4,226
41,W2,R3,SKU_B,4,60
41,W2,R3,SKU_C,4,90
41,W2,R3,SKU_D,4,132
41,W2,R3,SKU_E,4,89
42,Supplier,W2,SKU_A,6,226
42,Supplier,W2,SKU_B,6,60
42,Supplier,W2,SKU_C,6,90
42,Supplier,W2,SKU_D,6,153
42,Supplier,W2,SKU_E,6,82
42,W1,R1,SKU_A,2,274
42,W1,R1,SKU_B,2,164
42,W1,R1,SKU_C,2,126
42,W1,R1,SKU_D,2,137
42,W1,R1,SKU_E,2,108
42,W1,R2,SKU_A,3,82
42,W1,R2,SKU_B,3,45
42,W1,R2,SKU_C,3,56
42,W1,R2,SKU_D,3,122
42,W1,R2,SKU_E,3,68
42,W2,R3,SKU_A,4,234
42,W2,R3,SKU_B,4,73
42,W2,R3,SKU_C,4,123
42,W2,R3,SKU_D,4,167
42,W2,R3,SKU_E,4,96
43,Supplier,W1,SKU_A,5,447
43,Supplier,W1,SKU_B,5,242
43,Supplier,W1,SKU_C,5,219
43,Supplier,W1,SKU_D,5,259
43,Supplier,W1,SKU_E,5,181
43,Supplier,W2,SKU_A,6,234
43,Supplier,W2,SKU_B,6,73
43,Supplier,W2,SKU_C,6,123
43,Supplier,W2,SKU_D,6,165
43,Supplier,W2,SKU_E,6,98
43,W1,R1,SKU_A,2,180
43,W1,R1,SKU_B,2,139
43,W1,R1,SKU_C,2,98
43,W1,R1,SKU_D,2,73
43,W1,R1,SKU_E,2,88
43,W1,R2,SKU_A,3,100
43,W1,R2,SKU_B,3,38
43,W1,R2,SKU_C,3,58
43,W1,R2,SKU_E,3,46
43,W2,R3,SKU_A,4,345
43,W2,R3,SKU_B,4,94
43,W2,R3,SKU_C,4,190
43,W2,R3,SKU_D,4,208
43,W2,R3,SKU_E,4,113
44,Supplier,W1,SKU_A,5,280
44,Supplier,W1,SKU_B,5,177
44,Supplier,W1,SKU_C,5,156
44,Supplier,W1,SKU_D,5,188
44,Supplier,W1,SKU_E,5,141
44,Supplier,W2,SKU_A,6,345
44,Supplier,W2,SKU_B,6,94
44,Supplier,W2,SKU_C,6,190
44,Supplier,W2,SKU_D,6,211
44,Supplier,W2,SKU_E,6,130
44,W1,R1,SKU_A,2,176
44,W1,R1,SKU_B,2,108
44,W1,R1,SKU_C,2,89
44,W1,R1,SKU_D,2,147
44,W1,R1,SKU_E,2,68
44,W1,R2,SKU_A,3,84
44,W1,R2,SKU_B,3,41
44,W1,R2,SKU_C,3,50
44,W1,R2,SKU_D,3,125
44,W1,R2,SKU_E,3,64
44,W2,R3,SKU_A,4,296
44,W2,R3,SKU_B,4,90
44,W2,R3,SKU_C,4,140
44,W2,R3,SKU_D,4,196
44,W2,R3,SKU_E,4,97
45,Supplier,W2,SKU_A,6,296
45,Supplier,W2,SKU_B,6,90
45,Supplier,W2,SKU_C,6,140
45,Supplier,W2,SKU_D,6,174
45,Supplier,W2,SKU_E,6,78
45,W1,R2,SKU_A,3,94
45,W1,R2,SKU_B,3,48
45,W1,R2,SKU_C,3,58
45,W1,R2,SKU_E,3,44
45,W2,R3,SKU_A,4,200
45,W2,R3,SKU_B,4,69
45,W2,R3,SKU_C,4,94
45,W2,R3,SKU_D,4,112
45,W2,R3,SKU_E,4,69
46,Supplier,W1,SKU_A,5,473
46,Supplier,W1,SKU_B,5,262
46,Supplier,W1,SKU_C,5,261
46,Supplier,W1,SKU_D,5,297
46,Supplier,W1,SKU_E,5,248
46,Supplier,W2,SKU_A,6,200
46,Supplier,W2,SKU_B,6,69
46,Supplier,W2,SKU_C,6,94
46,Supplier,W2,SKU_D,6,129
46,Supplier,W2,SKU_E,6,69
46,W1,R1,SKU_A,2,235
46,W1,R1,SKU_B,2,127
46,W1,R1,SKU_C,2,123
46,W1,R1,SKU_E,2,113
46,W1,R1,SKU_D,2,130
46,W1,R2,SKU_A,3,77
46,W1,R2,SKU_B,3,47
46,W1,R2,SKU_C,3,38
46,W1,R2,SKU_D,3,91
46,W1,R2,SKU_E,3,62
46,W2,R3,SKU_A,4,257
46,W2,R3,SKU_B,4,60
46,W2,R3,SKU_C,4,104
46,W2,R3,SKU_D,4,137
46,W2,R3,SKU_E,4,74
47,Supplier,W2,SKU_A,6,257
47,Supplier,W2,SKU_B,6,60
47,Supplier,W2,SKU_C,6,104
47,Supplier,W2,SKU_D,6,167
47,Supplier,W2,SKU_E,6,74
47,W1,R2,SKU_A,3,67
47,W1,R2,SKU_B,3,44
47,W1,R2,SKU_C,3,44
47,W1,R2,SKU_E,3,32
47,W2,R3,SKU_A,4,209
47,W2,R3,SKU_B,4,71
47,W2,R3,SKU_C,4,114
47,W2,R3,SKU_D,4,165
47,W2,R3,SKU_E,4,86
48,Supplier,W1,SKU_A,5,379
48,Supplier,W1,SKU_B,5,219
48,Supplier,W1,SKU_C,5,213
48,Supplier,W1,SKU_D,5,237
48,Supplier,W1,SKU_E,5,200
48,Supplier,W2,SKU_A,6,209
48,Supplier,W2,SKU_B,6,71
48,Supplier,W2,SKU_C,6,114
48,Supplier,W2,SKU_D,6,167
48,Supplier,W2,SKU_E,6,86
48,W1,R1,SKU_A,2,253
48,W1,R1,SKU_B,2,125
48,W1,R1,SKU_C,2,139
48,W1,R1,SKU_E,2,106
48,W1,R1,SKU_D,2,137
48,W1,R2,SKU_A,3,97
48,W1,R2,SKU_B,3,50
48,W1,R2,SKU_C,3,41
48,W1,R2,SKU_D,3,122
48,W1,R2,SKU_E,3,73
48,W2,R3,SKU_A,4,229
48,W2,R3,SKU_B,4,80
48,W2,R3,SKU_C,4,131
48,W2,R3,SKU_D,4,153
48,W2,R3,SKU_E,4,94
49,Supplier,W2,SKU_A,6,229
49,Supplier,W2,SKU_B,6,80
49,Supplier,W2,SKU_C,6,131
49,Supplier,W2,SKU_D,6,170
49,Supplier,W2,SKU_E,6,94
49,W1,R1,SKU_A,2,121
49,W1,R1,SKU_B,2,65
49,W1,R1,SKU_C,2,61
49,W1,R1,SKU_D,2,89
49,W1,R1,SKU_E,2,53
49,W1,R2,SKU_A,3,84
49,W1,R2,SKU_B,3,47
49,W1,R2,SKU_C,3,21
49,W1,R2,SKU_D,3,49
49,W1,R2,SKU_E,3,39
49,W2,R3,SKU_A,4,228
49,W2,R3,SKU_B,4,72
49,W2,R3,SKU_C,4,130
49,W2,R3,SKU_D,4,165
49,W2,R3,SKU_E,4,93
50,Supplier,W1,SKU_A,5,436
50,Supplier,W1,SKU_B,5,221
50,Supplier,W1,SKU_C,5,190
50,Supplier,W1,SKU_D,5,241
50,Supplier,W1,SKU_E,5,199
50,Supplier,W2,SKU_A,6,228
50,Supplier,W2,SKU_B,6,72
50,Supplier,W2,SKU_C,6,130
50,Supplier,W2,SKU_D,6,176
50,Supplier,W2,SKU_E,6,93
50,W1,R1,SKU_A,2,166
50,W1,R1,SKU_B,2,120
50,W1,R1,SKU_C,2,83
50,W1,R1,SKU_D,2,50
50,W1,R1,SKU_E,2,95
50,W1,R2,SKU_A,3,81
50,W1,R2,SKU_B,3,46
50,W1,R2,SKU_C,3,38
50,W1,R2,SKU_E,3,7
50,W2,R3,SKU_A,4,293
50,W2,R3,SKU_B,4,83
50,W2,R3,SKU_C,4,169
50,W2,R3,SKU_D,4,211
50,W2,R3,SKU_E,4,86
51,Supplier,W2,SKU_A,6,293
51,Supplier,W2,SKU_B,6,83
51,Supplier,W2,SKU_C,6,169
51,Supplier,W2,SKU_D,6,203
51,Supplier,W2,SKU_E,6,86
51,W1,R1,SKU_A,2,198
51,W1,R1,SKU_B,2,94
51,W1,R1,SKU_C,2,99
51,W1,R1,SKU_D,2,107
51,W1,R1,SKU_E,2,69
51,W1,R2,SKU_A,3,98
51,W1,R2,SKU_B,3,40
51,W1,R2,SKU_C,3,47
51,W1,R2,SKU_D,3,94
51,W1,R2,SKU_E,3,89
51,W2,R3,SKU_A,4,344
51,W2,R3,SKU_B,4,74
51,W2,R3,SKU_C,4,168
51,W2,R3,SKU_D,4,174
51,W2,R3,SKU_E,4,81
52,Supplier,W1,SKU_A,5,543
52,Supplier,W1,SKU_B,5,300
52,Supplier,W1,SKU_C,5,267
52,Supplier,W1,SKU_D,5,251
52,Supplier,W1,SKU_E,5,260
52,Supplier,W2,SKU_A,6,344
52,Supplier,W2,SKU_B,6,74
52,Supplier,W2,SKU_C,6,168
52,Supplier,W2,SKU_D,6,182
52,Supplier,W2,SKU_E,6,81
52,W1,R2,SKU_A,3,69
52,W1,R2,SKU_B,3,37
52,W1,R2,SKU_C,3,30
52,W1,R2,SKU_D,3,41
52,W1,R2,SKU_E,3,46
52,W2,R3,SKU_A,4,207
52,W2,R3,SKU_B,4,71
52,W2,R3,SKU_C,4,100
52,W2,R3,SKU_D,4,129
52,W2,R3,SKU_E,4,70
53,Supplier,W2,SKU_A,6,207
53,Supplier,W2,SKU_B,6,71
53,Supplier,W2,SKU_C,6,100
53,Supplier,W2,SKU_D,6,111
53,Supplier,W2,SKU_E,6,70
53,W1,R1,SKU_A,2,256
53,W1,R1,SKU_B,2,92
53,W1,R1,SKU_C,2,135
53,W1,R1,SKU_D,2,112
53,W1,R1,SKU_E,2,92
53,W1,R2,SKU_A,3,77
53,W1,R2,SKU_B,3,20
53,W1,R2,SKU_C,3,31
53,W1,R2,SKU_D,3,48
53,W1,R2,SKU_E,3,32
53,W2,R3,SKU_A,4,214
53,W2,R3,SKU_B,4,69
53,W2,R3,SKU_C,4,94
53,W2,R3,SKU_D,4,167
53,W2,R3,SKU_E,4,67
54,Supplier,W1,SKU_A,5,402
54,Supplier,W1,SKU_B,5,149
54,Supplier,W1,SKU_C,5,196
54,Supplier,W1,SKU_D,5,201
54,Supplier,W1,SKU_E,5,170
54,Supplier,W2,SKU_A,6,214
54,Supplier,W2,SKU_B,6,69
54,Supplier,W2,SKU_C,6,94
54,Supplier,W2,SKU_D,6,117
54,Supplier,W2,SKU_E,6,67
54,W1,R2,SKU_A,3,60
54,W1,R2,SKU_B,3,18
54,W1,R2,SKU_C,3,29
54,W1,R2,SKU_D,3,30
54,W1,R2,SKU_E,3,30
54,W2,R3,SKU_A,4,224
54,W2,R3,SKU_B,4,49
54,W2,R3,SKU_C,4,116
54,W2,R3,SKU_D,4,167
54,W2,R3,SKU_E,4,63
55,Supplier,W2,SKU_A,6,224
55,Supplier,W2,SKU_B,6,49
55,Supplier,W2,SKU_C,6,116
55,Supplier,W2,SKU_D,6,116
55,Supplier,W2,SKU_E,6,63
55,W1,R1,SKU_A,2,222
55,W1,R1,SKU_B,2,90
55,W1,R1,SKU_C,2,107
55,W1,R1,SKU_D,2,104
55,W1,R1,SKU_E,2,81
55,W1,R2,SKU_A,3,65
55,W1,R2,SKU_B,3,23
55,W1,R2,SKU_C,3,28
55,W1,R2,SKU_D,3,34
55,W1,R2,SKU_E,3,52
55,W2,R3,SKU_A,4,208
55,W2,R3,SKU_B,4,55
55,W2,R3,SKU_C,4,99
55,W2,R3,SKU_D,4,139
55,W2,R3,SKU_E,4,56
56,Supplier,W2,SKU_A,6,208
56,Supplier,W2,SKU_B,6,55
56,Supplier,W2,SKU_C,6,99
56,Supplier,W2,SKU_D,6,110
56,Supplier,W2,SKU_E,6,56
56,W1,R1,SKU_A,2,135
56,W1,R1,SKU_B,2,77
56,W1,R1,SKU_C,2,75
56,W1,R1,SKU_D,2,56
56,W1,R1,SKU_E,2,50
56,W1,R2,SKU_A,3,65
56,W1,R2,SKU_B,3,43
56,W1,R2,SKU_C,3,34
56,W1,R2,SKU_D,3,46
56,W1,R2,SKU_E,3,41
56,W2,R3,SKU_A,4,221
56,W2,R3,SKU_B,4,76
56,W2,R3,SKU_C,4,105
56,W2,R3,SKU_D,4,107
56,W2,R3,SKU_E,4,59
57,Supplier,W1,SKU_A,5,547
57,Supplier,W1,SKU_B,5,251
57,Supplier,W1,SKU_C,5,273
57,Supplier,W1,SKU_D,5,270
57,Supplier,W1,SKU_E,5,254
57,Supplier,W2,SKU_A,6,221
57,Supplier,W2,SKU_B,6,76
57,Supplier,W2,SKU_C,6,105
57,Supplier,W2,SKU_D,6,107
57,Supplier,W2,SKU_E,6,59
57,W1,R1,SKU_A,2,185
57,W1,R1,SKU_B,2,112
57,W1,R1,SKU_C,2,128
57,W1,R1,SKU_D,2,103
57,W1,R1,SKU_E,2,57
57,W1,R2,SKU_A,3,90
57,W1,R2,SKU_B,3,32
57,W1,R2,SKU_C,3,48
57,W1,R2,SKU_D,3,66
57,W1,R2,SKU_E,3,64
57,W2,R3,SKU_A,4,268
57,W2,R3,SKU_B,4,86
57,W2,R3,SKU_C,4,153
57,W2,R3,SKU_D,4,206
57,W2,R3,SKU_E,4,72
58,Supplier,W2,SKU_A,6,268
58,Supplier,W2,SKU_B,6,86
58,Supplier,W2,SKU_C,6,153
58,Supplier,W2,SKU_D,6,206
58,Supplier,W2,SKU_E,6,72
58,W1,R1,SKU_A,2,195
58,W1,R1,SKU_B,2,104
58,W1,R1,SKU_C,2,114
58,W1,R1,SKU_D,2,88
58,W1,R1,SKU_E,2,76
58,W1,R2,SKU_A,3,83
58,W1,R2,SKU_B,3,36
58,W1,R2,SKU_C,3,40
58,W1,R2,SKU_D,3,56
58,W1,R2,SKU_E,3,50
58,W2,R3,SKU_A,4,271
58,W2,R3,SKU_B,4,85
58,W2,R3,SKU_C,4,159
58,W2,R3,SKU_D,4,170
58,W2,R3,SKU_E,4,87
59,Supplier,W1,SKU_A,5,553
59,Supplier,W1,SKU_B,5,284
59,Supplier,W1,SKU_C,5,330
59,Supplier,W1,SKU_D,5,313
59,Supplier,W1,SKU_E,5,247
59,Supplier,W2,SKU_A,6,271
59,Supplier,W2,SKU_B,6,85
59,Supplier,W2,SKU_C,6,159
59,Supplier,W2,SKU_D,6,170
59,Supplier,W2,SKU_E,6,87
59,W1,R2,SKU_A,3,84
59,W1,R2,SKU_B,3,20
59,W1,R2,SKU_C,3,35
59,W1,R2,SKU_D,3,42
59,W1,R2,SKU_E,3,31
59,W2,R3,SKU_A,4,183
59,W2,R3,SKU_B,4,49
59,W2,R3,SKU_C,4,86
59,W2,R3,SKU_D,4,113
59,W2,R3,SKU_E,4,53
60,Supplier,W2,SKU_A,6,183
60,Supplier,W2,SKU_B,6,49
60,Supplier,W2,SKU_C,6,86
60,Supplier,W2,SKU_D,6,113
60,Supplier,W2,SKU_E,6,53
60,W1,R1,SKU_A,2,222
60,W1,R1,SKU_B,2,118
60,W1,R1,SKU_C,2,122
60,W1,R1,SKU_D,2,93
60,W1,R1,SKU_E,2,102
60,W1,R2,SKU_A,3,69
60,W1,R2,SKU_B,3,44
60,W1,R2,SKU_C,3,28
60,W1,R2,SKU_D,3,38
60,W1,R2,SKU_E,3,41
60,W2,R3,SKU_A,4,170
60,W2,R3,SKU_B,4,68
60,W2,R3,SKU_C,4,83
60,W2,R3,SKU_D,4,108
60,W2,R3,SKU_E,4,62
61,Supplier,W1,SKU_A,5,375
61,Supplier,W1,SKU_B,5,182
61,Supplier,W1,SKU_C,5,185
61,Supplier,W1,SKU_D,5,173
61,Supplier,W1,SKU_E,5,174
61,Supplier,W2,SKU_A,6,170
61,Supplier,W2,SKU_B,6,68
61,Supplier,W2,SKU_C,6,83
61,Supplier,W2,SKU_D,6,108
61,Supplier,W2,SKU_E,6,62
61,W1,R2,SKU_A,3,88
61,W1,R2,SKU_B,3,47
61,W1,R2,SKU_C,3,47
61,W1,R2,SKU_D,3,19
61,W1,R2,SKU_E,3,24
62,Supplier,W2,SKU_A,6,175
62,Supplier,W2,SKU_B,6,37
62,Supplier,W2,SKU_C,6,87
62,Supplier,W2,SKU_D,6,116
62,Supplier,W2,SKU_E,6,45
62,W1,R1,SKU_A,2,262
62,W1,R1,SKU_B,2,148
62,W1,R1,SKU_C,2,144
62,W1,R1,SKU_D,2,111
62,W1,R1,SKU_E,2,120
62,W1,R2,SKU_A,3,82
62,W1,R2,SKU_B,3,54
62,W1,R2,SKU_C,3,57
62,W1,R2,SKU_D,3,75
62,W1,R2,SKU_E,3,59
62,W2,R3,SKU_A,4,404
62,W2,R3,SKU_B,4,104
62,W2,R3,SKU_C,4,194
62,W2,R3,SKU_D,4,251
62,W2,R3,SKU_E,4,119
63,Supplier,W1,SKU_A,5,432
63,Supplier,W1,SKU_B,5,249
63,Supplier,W1,SKU_C,5,248
63,Supplier,W1,SKU_D,5,205
63,Supplier,W1,SKU_E,5,203
63,Supplier,W2,SKU_A,6,229
63,Supplier,W2,SKU_B,6,67
63,Supplier,W2,SKU_C,6,107
63,Supplier,W2,SKU_D,6,135
63,Supplier,W2,SKU_E,6,74
63,W1,R1,SKU_A,2,184
63,W1,R1,SKU_B,2,109
63,W1,R1,SKU_C,2,99
63,W1,R1,SKU_D,2,104
63,W1,R1,SKU_E,2,74
63,W1,R2,SKU_A,3,107
63,W1,R2,SKU_B,3,74
63,W1,R2,SKU_C,3,80
63,W1,R2,SKU_D,3,30
63,W1,R2,SKU_E,3,51
63,W2,R3,SKU_A,4,262
63,W2,R3,SKU_B,4,101
63,W2,R3,SKU_C,4,160
63,W2,R3,SKU_D,4,181
63,W2,R3,SKU_E,4,86
64,Supplier,W1,SKU_A,5,291
64,Supplier,W1,SKU_B,5,183
64,Supplier,W1,SKU_C,5,179
64,Supplier,W1,SKU_D,5,168
64,Supplier,W1,SKU_E,5,148
64,Supplier,W2,SKU_A,6,262
64,Supplier,W2,SKU_B,6,101
64,Supplier,W2,SKU_C,6,160
64,Supplier,W2,SKU_D,6,181
64,Supplier,W2,SKU_E,6,86
64,W1,R1,SKU_A,2,195
64,W1,R1,SKU_B,2,111
64,W1,R1,SKU_C,2,117
64,W1,R1,SKU_D,2,88
64,W1,R1,SKU_E,2,86
64,W1,R2,SKU_A,3,121
64,W1,R2,SKU_B,3,67
64,W1,R2,SKU_C,3,53
64,W1,R2,SKU_D,3,123
64,W1,R2,SKU_E,3,103
64,W2,R3,SKU_A,4,312
64,W2,R3,SKU_B,4,123
64,W2,R3,SKU_C,4,169
64,W2,R3,SKU_D,4,223
64,W2,R3,SKU_E,4,88
65,Supplier,W1,SKU_A,5,316
65,Supplier,W1,SKU_B,5,178
65,Supplier,W1,SKU_C,5,170
65,Supplier,W1,SKU_D,5,177
65,Supplier,W1,SKU_E,5,166
65,Supplier,W2,SKU_A,6,312
65,Supplier,W2,SKU_B,6,123
65,Supplier,W2,SKU_C,6,169
65,Supplier,W2,SKU_D,6,226
65,Supplier,W2,SKU_E,6,88
65,W1,R1,SKU_A,2,220
65,W1,R1,SKU_B,2,118
65,W1,R1,SKU_C,2,132
65,W1,R1,SKU_D,2,102
65,W1,R1,SKU_E,2,58
65,W1,R2,SKU_A,3,102
65,W1,R2,SKU_B,3,32
65,W1,R2,SKU_C,3,76
65,W2,R3,SKU_A,4,283
65,W2,R3,SKU_B,4,101
65,W2,R3,SKU_C,4,137
65,W2,R3,SKU_D,4,170
65,W2,R3,SKU_E,4,86
66,Supplier,W1,SKU_A,5,340
66,Supplier,W1,SKU_B,5,183
66,Supplier,W1,SKU_C,5,208
66,Supplier,W1,SKU_D,5,171
66,Supplier,W1,SKU_E,5,122
66,Supplier,W2,SKU_A,6,283
66,Supplier,W2,SKU_B,6,101
66,Supplier,W2,SKU_C,6,137
66,Supplier,W2,SKU_D,6,170
66,Supplier,W2,SKU_E,6,86
66,W1,R1,SKU_A,2,159
66,W1,R1,SKU_B,2,91
66,W1,R1,SKU_C,2,84
66,W1,R1,SKU_D,2,84
66,W1,R1,SKU_E,2,89
66,W1,R2,SKU_A,3,147
66,W1,R2,SKU_B,3,91
66,W1,R2,SKU_C,3,57
66,W1,R2,SKU_D,3,89
66,W1,R2,SKU_E,3,85
66,W2,R3,SKU_A,4,185
66,W2,R3,SKU_B,4,60
66,W2,R3,SKU_C,4,86
66,W2,R3,SKU_D,4,113
66,W2,R3,SKU_E,4,64
67,Supplier,W2,SKU_A,6,185
67,Supplier,W2,SKU_B,6,60
67,Supplier,W2,SKU_C,6,86
67,Supplier,W2,SKU_D,6,128
67,Supplier,W2,SKU_E,6,64
67,W2,R3,SKU_A,4,205
67,W2,R3,SKU_B,4,64
67,W2,R3,SKU_C,4,105
67,W2,R3,SKU_D,4,108
67,W2,R3,SKU_E,4,75
68,Supplier,W1,SKU_A,5,495
68,Supplier,W1,SKU_B,5,294
68,Supplier,W1,SKU_C,5,253
68,Supplier,W1,SKU_D,5,240
68,Supplier,W1,SKU_E,5,225
68,Supplier,W2,SKU_A,6,205
68,Supplier,W2,SKU_B,6,64
68,Supplier,W2,SKU_C,6,105
68,Supplier,W2,SKU_D,6,133
68,Supplier,W2,SKU_E,6,75
68,W1,R1,SKU_A,2,240
68,W1,R1,SKU_C,2,156
68,W1,R1,SKU_B,2,147
68,W1,R1,SKU_D,2,143
68,W1,R1,SKU_E,2,105
68,W1,R2,SKU_C,3,70
68,W1,R2,SKU_A,3,166
68,W1,R2,SKU_B,3,102
68,W1,R2,SKU_D,3,62
68,W1,R2,SKU_E,3,98
68,W2,R3,SKU_A,4,224
68,W2,R3,SKU_B,4,65
68,W2,R3,SKU_C,4,99
68,W2,R3,SKU_D,4,116
68,W2,R3,SKU_E,4,65
69,Supplier,W2,SKU_A,6,224
69,Supplier,W2,SKU_B,6,65
69,Supplier,W2,SKU_C,6,99
69,Supplier,W2,SKU_D,6,122
69,Supplier,W2,SKU_E,6,65
69,W1,R1,SKU_A,2,137
69,W1,R1,SKU_B,2,67
69,W1,R1,SKU_C,2,78
69,W1,R1,SKU_D,2,74
69,W1,R1,SKU_E,2,49
69,W1,R2,SKU_A,3,63
69,W1,R2,SKU_B,3,49
69,W1,R2,SKU_C,3,25
69,W1,R2,SKU_D,3,94
69,W1,R2,SKU_E,3,66
69,W2,R3,SKU_A,4,172
69,W2,R3,SKU_B,4,41
69,W2,R3,SKU_C,4,87
69,W2,R3,SKU_D,4,135
69,W2,R3,SKU_E,4,70
70,Supplier,W1,SKU_A,5,399
70,Supplier,W1,SKU_B,5,220
70,Supplier,W1,SKU_C,5,217
70,Supplier,W1,SKU_D,5,241
70,Supplier,W1,SKU_E,5,203
70,Supplier,W2,SKU_A,6,172
70,Supplier,W2,SKU_B,6,41
70,Supplier,W2,SKU_C,6,87
70,Supplier,W2,SKU_D,6,120
70,Supplier,W2,SKU_E,6,70
70,W1,R1,SKU_A,2,155
70,W1,R1,SKU_B,2,69
70,W1,R1,SKU_C,2,92
70,W1,R1,SKU_D,2,93
70,W1,R1,SKU_E,2,64
70,W1,R2,SKU_A,3,67
70,W1,R2,SKU_B,3,40
70,W1,R2,SKU_C,3,43
70,W1,R2,SKU_D,3,57
70,W1,R2,SKU_E,3,41
70,W2,R3,SKU_A,4,224
70,W2,R3,SKU_B,4,85
70,W2,R3,SKU_C,4,112
70,W2,R3,SKU_D,4,179
70,W2,R3,SKU_E,4,69
71,Supplier,W2,SKU_A,6,224
71,Supplier,W2,SKU_B,6,85
71,Supplier,W2,SKU_C,6,112
71,Supplier,W2,SKU_D,6,145
71,Supplier,W2,SKU_E,6,69
71,W1,R1,SKU_A,2,219
71,W1,R1,SKU_B,2,128
71,W1,R1,SKU_C,2,146
71,W1,R1,SKU_D,2,95
71,W1,R1,SKU_E,2,75
71,W1,R2,SKU_A,3,101
71,W1,R2,SKU_B,3,61
71,W1,R2,SKU_C,3,52
71,W1,R2,SKU_D,3,71
71,W1,R2,SKU_E,3,50
71,W2,R3,SKU_A,4,303
71,W2,R3,SKU_B,4,113
71,W2,R3,SKU_C,4,165
71,W2,R3,SKU_D,4,193
71,W2,R3,SKU_E,4,104
72,Supplier,W1,SKU_A,5,542
72,Supplier,W1,SKU_B,5,298
72,Supplier,W1,SKU_C,5,333
72,Supplier,W1,SKU_D,5,312
72,Supplier,W1,SKU_E,5,230
72,Supplier,W2,SKU_A,6,303
72,Supplier,W2,SKU_B,6,113
72,Supplier,W2,SKU_C,6,165
72,Supplier,W2,SKU_D,6,193
72,Supplier,W2,SKU_E,6,104
72,W1,R1,SKU_A,2,214
72,W1,R1,SKU_B,2,112
72,W1,R1,SKU_C,2,148
72,W1,R1,SKU_D,2,32
72,W1,R1,SKU_E,2,89
72,W1,R2,SKU_A,3,86
72,W1,R2,SKU_B,3,18
72,W1,R2,SKU_C,3,57
72,W1,R2,SKU_E,3,2
72,W2,R3,SKU_A,4,333
72,W2,R3,SKU_B,4,159
72,W2,R3,SKU_C,4,155
72,W2,R3,SKU_D,4,161
72,W2,R3,SKU_E,4,109
73,Supplier,W1,SKU_A,5,332
73,Supplier,W1,SKU_B,5,173
73,Supplier,W1,SKU_C,5,205
73,Supplier,W1,SKU_D,5,166
73,Supplier,W1,SKU_E,5,161
73,Supplier,W2,SKU_A,6,333
73,Supplier,W2,SKU_B,6,159
73,Supplier,W2,SKU_C,6,155
73,Supplier,W2,SKU_D,6,161
73,Supplier,W2,SKU_E,6,109
73,W1,R1,SKU_A,2,127
73,W1,R1,SKU_B,2,73
73,W1,R1,SKU_C,2,70
73,W1,R1,SKU_D,2,163
73,W1,R1,SKU_E,2,65
73,W1,R2,SKU_A,3,129
73,W1,R2,SKU_B,3,84
73,W1,R2,SKU_C,3,29
73,W1,R2,SKU_D,3,77
73,W1,R2,SKU_E,3,106
73,W2,R3,SKU_A,4,246
73,W2,R3,SKU_B,4,72
73,W2,R3,SKU_C,4,113
73,W2,R3,SKU_D,4,142
73,W2,R3,SKU_E,4,75
74,Supplier,W2,SKU_A,6,246
74,Supplier,W2,SKU_B,6,72
74,Supplier,W2,SKU_C,6,113
74,Supplier,W2,SKU_D,6,142
74,Supplier,W2,SKU_E,6,75
74,W1,R2,SKU_A,3,91
74,W1,R2,SKU_B,3,28
74,W1,R2,SKU_C,3,33
74,W2,R3,SKU_A,4,211
74,W2,R3,SKU_B,4,73
74,W2,R3,SKU_C,4,118
74,W2,R3,SKU_D,4,149
74,W2,R3,SKU_E,4,88
75,Supplier,W1,SKU_A,5,461
75,Supplier,W1,SKU_B,5,208
75,Supplier,W1,SKU_C,5,211
75,Supplier,W1,SKU_D,5,278
75,Supplier,W1,SKU_E,5,218
75,Supplier,W2,SKU_A,6,211
75,Supplier,W2,SKU_B,6,73
75,Supplier,W2,SKU_C,6,118
75,Supplier,W2,SKU_D,6,149
75,Supplier,W2,SKU_E,6,88
75,W1,R1,SKU_A,2,262
75,W1,R1,SKU_B,2,123
75,W1,R1,SKU_C,2,142
75,W1,R1,SKU_E,2,95
75,W1,R1,SKU_D,2,134
75,W1,R2,SKU_A,3,72
75,W1,R2,SKU_B,3,35
75,W1,R2,SKU_C,3,31
75,W1,R2,SKU_D,3,107
75,W1,R2,SKU_E,3,109
75,W2,R3,SKU_A,4,240
75,W2,R3,SKU_B,4,72
75,W2,R3,SKU_C,4,98
75,W2,R3,SKU_D,4,129
75,W2,R3,SKU_E,4,81
76,Supplier,W2,SKU_A,6,240
76,Supplier,W2,SKU_B,6,72
76,Supplier,W2,SKU_C,6,98
76,Supplier,W2,SKU_D,6,129
76,Supplier,W2,SKU_E,6,81
76,W1,R2,SKU_A,3,65
76,W1,R2,SKU_B,3,27
76,W1,R2,SKU_C,3,45
76,W2,R3,SKU_A,4,202
76,W2,R3,SKU_B,4,65
76,W2,R3,SKU_C,4,82
76,W2,R3,SKU_D,4,127
76,W2,R3,SKU_E,4,74
77,Supplier,W1,SKU_A,5,398
77,Supplier,W1,SKU_B,5,181
77,Supplier,W1,SKU_C,5,217
77,Supplier,W1,SKU_D,5,222
77,Supplier,W1,SKU_E,5,192
77,Supplier,W2,SKU_A,6,202
77,Supplier,W2,SKU_B,6,79
77,Supplier,W2,SKU_C,6,82
77,Supplier,W2,SKU_D,6,133
77,Supplier,W2,SKU_E,6,74
77,W1,R1,SKU_A,2,306
77,W1,R1,SKU_B,2,154
77,W1,R1,SKU_C,2,205
77,W1,R1,SKU_E,2,110
77,W1,R1,SKU_D,2,157
77,W1,R2,SKU_A,3,86
77,W1,R2,SKU_B,3,50
77,W1,R2,SKU_C,3,43
77,W1,R2,SKU_D,3,128
77,W1,R2,SKU_E,3,99
77,W2,R3,SKU_A,4,240
77,W2,R3,SKU_B,4,85
77,W2,R3,SKU_C,4,102
77,W2,R3,SKU_D,4,145
77,W2,R3,SKU_E,4,100
78,Supplier,W2,SKU_A,6,240
78,Supplier,W2,SKU_B,6,113
78,Supplier,W2,SKU_C,6,102
78,Supplier,W2,SKU_D,6,177
78,Supplier,W2,SKU_E,6,100
78,W1,R1,SKU_A,2,211
78,W1,R1,SKU_B,2,128
78,W1,R1,SKU_C,2,137
78,W1,R1,SKU_D,2,93
78,W1,R1,SKU_E,2,78
78,W1,R2,SKU_A,3,146
78,W1,R2,SKU_B,3,56
78,W1,R2,SKU_C,3,55
78,W1,R2,SKU_D,3,47
78,W1,R2,SKU_E,3,55
78,W2,R3,SKU_A,4,289
78,W2,R3,SKU_B,4,113
78,W2,R3,SKU_C,4,160
78,W2,R3,SKU_D,4,193
78,W2,R3,SKU_E,4,90
79,Supplier,W1,SKU_A,5,604
79,Supplier,W1,SKU_B,5,326
79,Supplier,W1,SKU_C,5,362
79,Supplier,W1,SKU_D,5,272
79,Supplier,W1,SKU_E,5,237
79,Supplier,W2,SKU_A,6,289
79,Supplier,W2,SKU_B,6,129
79,Supplier,W2,SKU_C,6,160
79,Supplier,W2,SKU_D,6,197
79,Supplier,W2,SKU_E,6,90
79,W1,R1,SKU_A,2,210
79,W1,R1,SKU_B,2,92
79,W1,R1,SKU_C,2,142
79,W1,R1,SKU_D,2,53
79,W1,R1,SKU_E,2,72
79,W1,R2,SKU_A,3,63
79,W1,R2,SKU_B,3,52
79,W1,R2,SKU_C,3,47
79,W1,R2,SKU_E,3,30
79,W2,R3,SKU_A,4,303
79,W2,R3,SKU_B,4,159
79,W2,R3,SKU_C,4,186
79,W2,R3,SKU_D,4,161
79,W2,R3,SKU_E,4,90
80,Supplier,W2,SKU_A,6,303
80,Supplier,W2,SKU_B,6,133
80,Supplier,W2,SKU_C,6,186
80,Supplier,W2,SKU_D,6,203
80,Supplier,W2,SKU_E,6,90
80,W1,R1,SKU_A,2,159
80,W1,R1,SKU_B,2,65
80,W1,R1,SKU_C,2,99
80,W1,R1,SKU_D,2,124
80,W1,R1,SKU_E,2,61
80,W1,R2,SKU_A,3,143
80,W1,R2,SKU_B,3,27
80,W1,R2,SKU_C,3,34
80,W1,R2,SKU_D,3,112
80,W1,R2,SKU_E,3,65
80,W2,R3,SKU_A,4,215
80,W2,R3,SKU_B,4,72
80,W2,R3,SKU_C,4,114
80,W2,R3,SKU_D,4,142
80,W2,R3,SKU_E,4,58
81,Supplier,W1,SKU_A,5,575
81,Supplier,W1,SKU_B,5,236
81,Supplier,W1,SKU_C,5,322
81,Supplier,W1,SKU_D,5,289
81,Supplier,W1,SKU_E,5,228
81,Supplier,W2,SKU_A,6,215
81,Supplier,W2,SKU_B,6,63
81,Supplier,W2,SKU_C,6,114
81,Supplier,W2,SKU_D,6,133
81,Supplier,W2,SKU_E,6,58
81,W1,R1,SKU_A,2,129
81,W1,R1,SKU_B,2,78
81,W1,R1,SKU_C,2,74
81,W1,R1,SKU_D,2,42
81,W1,R1,SKU_E,2,56
81,W1,R2,SKU_A,3,30
81,W1,R2,SKU_B,3,30
81,W1,R2,SKU_C,3,27
81,W1,R2,SKU_E,3,36
81,W2,R3,SKU_A,4,223
81,W2,R3,SKU_B,4,73
81,W2,R3,SKU_C,4,121
81,W2,R3,SKU_D,4,149
81,W2,R3,SKU_E,4,49
82,Supplier,W2,SKU_A,6,223
82,Supplier,W2,SKU_B,6,79
82,Supplier,W2,SKU_C,6,121
82,Supplier,W2,SKU_D,6,128
82,Supplier,W2,SKU_E,6,49
82,W1,R1,SKU_A,2,138
82,W1,R1,SKU_B,2,55
82,W1,R1,SKU_C,2,78
82,W1,R1,SKU_D,2,95
82,W1,R1,SKU_E,2,60
82,W1,R2,SKU_A,3,132
82,W1,R2,SKU_B,3,36
82,W1,R2,SKU_C,3,40
82,W1,R2,SKU_D,3,88
82,W1,R2,SKU_E,3,33
82,W2,R3,SKU_A,4,242
82,W2,R3,SKU_B,4,72
82,W2,R3,SKU_C,4,107
82,W2,R3,SKU_D,4,129
82,W2,R3,SKU_E,4,78
83,Supplier,W1,SKU_A,5,429
83,Supplier,W1,SKU_B,5,199
83,Supplier,W1,SKU_C,5,219
83,Supplier,W1,SKU_D,5,225
83,Supplier,W1,SKU_E,5,185
83,Supplier,W2,SKU_A,6,242
83,Supplier,W2,SKU_B,6,112
83,Supplier,W2,SKU_C,6,107
83,Supplier,W2,SKU_D,6,149
83,Supplier,W2,SKU_E,6,78
83,W1,R2,SKU_A,3,3
83,W1,R2,SKU_B,3,37
83,W1,R2,SKU_C,3,39
83,W1,R2,SKU_E,3,44
83,W2,R3,SKU_A,4,213
83,W2,R3,SKU_B,4,79
83,W2,R3,SKU_C,4,100
83,W2,R3,SKU_D,4,133
83,W2,R3,SKU_E,4,59
84,Supplier,W2,SKU_A,6,213
84,Supplier,W2,SKU_B,6,80
84,Supplier,W2,SKU_C,6,100
84,Supplier,W2,SKU_D,6,127
84,Supplier,W2,SKU_E,6,59
84,W1,R1,SKU_A,2,320
84,W1,R1,SKU_B,2,151
84,W1,R1,SKU_C,2,196
84,W1,R1,SKU_D,2,198
84,W1,R1,SKU_E,2,127
84,W1,R2,SKU_A,3,149
84,W1,R2,SKU_B,3,29
84,W1,R2,SKU_C,3,49
84,W1,R2,SKU_D,3,94
84,W1,R2,SKU_E,3,74
84,W2,R3,SKU_A,4,311
84,W2,R3,SKU_B,4,113
84,W2,R3,SKU_C,4,139
84,W2,R3,SKU_D,4,177
84,W2,R3,SKU_E,4,105
85,Supplier,W1,SKU_A,5,472
85,Supplier,W1,SKU_B,5,217
85,Supplier,W1,SKU_C,5,284
85,Supplier,W1,SKU_D,5,292
85,Supplier,W1,SKU_E,5,245
85,Supplier,W2,SKU_A,6,311
85,Supplier,W2,SKU_B,6,110
85,Supplier,W2,SKU_C,6,139
85,Supplier,W2,SKU_D,6,224
85,Supplier,W2,SKU_E,6,105
85,W1,R1,SKU_A,2,215
85,W1,R1,SKU_B,2,137
85,W1,R1,SKU_C,2,151
85,W1,R1,SKU_D,2,19
85,W1,R1,SKU_E,2,91
85,W1,R2,SKU_A,3,45
85,W1,R2,SKU_B,3,46
85,W1,R2,SKU_C,3,55
85,W2,R3,SKU_A,4,339
85,W2,R3,SKU_B,4,129
85,W2,R3,SKU_C,4,206
85,W2,R3,SKU_D,4,197
85,W2,R3,SKU_E,4,106
86,Supplier,W1,SKU_A,5,336
86,Supplier,W1,SKU_B,5,183
86,Supplier,W1,SKU_C,5,206
86,Supplier,W1,SKU_D,5,150
86,Supplier,W1,SKU_E,5,155
86,Supplier,W2,SKU_A,6,339
86,Supplier,W2,SKU_B,6,159
86,Supplier,W2,SKU_C,6,206
86,Supplier,W2,SKU_D,6,232
86,Supplier,W2,SKU_E,6,106
86,W1,R1,SKU_A,2,225
86,W1,R1,SKU_B,2,118
86,W1,R1,SKU_C,2,114
86,W1,R1,SKU_D,2,189
86,W1,R1,SKU_E,2,84
86,W1,R2,SKU_A,3,189
86,W1,R2,SKU_B,3,62
86,W1,R2,SKU_C,3,53
86,W1,R2,SKU_D,3,95
86,W1,R2,SKU_E,3,94
86,W2,R3,SKU_A,4,306
86,W2,R3,SKU_B,4,133
86,W2,R3,SKU_C,4,173
86,W2,R3,SKU_D,4,203
86,W2,R3,SKU_E,4,82
87,Supplier,W2,SKU_A,6,318
87,Supplier,W2,SKU_B,6,96
87,Supplier,W2,SKU_C,6,173
87,Supplier,W2,SKU_D,6,178
87,Supplier,W2,SKU_E,6,82
87,W1,R2,SKU_A,3,36
87,W1,R2,SKU_B,3,49
87,W1,R2,SKU_C,3,43
87,W2,R3,SKU_A,4,215
87,W2,R3,SKU_B,4,63
87,W2,R3,SKU_C,4,108
87,W2,R3,SKU_D,4,133
87,W2,R3,SKU_E,4,58
88,Supplier,W1,SKU_A,5,535
88,Supplier,W1,SKU_B,5,287
88,Supplier,W1,SKU_C,5,277
88,Supplier,W1,SKU_D,5,263
88,Supplier,W1,SKU_E,5,209
88,Supplier,W2,SKU_A,6,217
88,Supplier,W2,SKU_B,6,67
88,Supplier,W2,SKU_C,6,108
88,Supplier,W2,SKU_D,6,113
88,Supplier,W2,SKU_E,6,58
88,W1,R1,SKU_A,2,230
88,W1,R1,SKU_B,2,109
88,W1,R1,SKU_C,2,132
88,W1,R1,SKU_D,2,115
88,W1,R1,SKU_E,2,109
88,W1,R2,SKU_A,3,103
88,W1,R2,SKU_B,3,45
88,W1,R2,SKU_C,3,28
88,W1,R2,SKU_D,3,83
88,W1,R2,SKU_E,3,78
88,W2,R3,SKU_A,4,183
88,W2,R3,SKU_B,4,79
88,W2,R3,SKU_C,4,93
88,W2,R3,SKU_D,4,128
88,W2,R3,SKU_E,4,62
89,Supplier,W2,SKU_A,6,169
89,Supplier,W2,SKU_B,6,65
89,Supplier,W2,SKU_C,6,93
89,Supplier,W2,SKU_D,6,91
89,Supplier,W2,SKU_E,6,62
89,W1,R2,SKU_A,3,74
89,W1,R2,SKU_B,3,41
89,W1,R2,SKU_C,3,39
89,W1,R2,SKU_E,3,8
89,W2,R3,SKU_A,4,199
89,W2,R3,SKU_B,4,107
89,W2,R3,SKU_C,4,102
89,W2,R3,SKU_D,4,149
89,W2,R3,SKU_E,4,57
90,Supplier,W1,SKU_A,5,382
90,Supplier,W1,SKU_B,5,197
90,Supplier,W1,SKU_C,5,203
90,Supplier,W1,SKU_D,5,190
90,Supplier,W1,SKU_E,5,157
90,Supplier,W2,SKU_A,6,199
90,Supplier,W2,SKU_B,6,57
90,Supplier,W2,SKU_C,6,102
90,Supplier,W2,SKU_D,6,131
90,Supplier,W2,SKU_E,6,57
90,W1,R1,SKU_A,2,247
90,W1,R1,SKU_B,2,111
90,W1,R1,SKU_C,2,152
90,W1,R1,SKU_D,2,114
90,W1,R1,SKU_E,2,87
90,W1,R2,SKU_A,3,62
90,W1,R2,SKU_B,3,34
90,W1,R2,SKU_C,3,27
90,W1,R2,SKU_D,3,82
90,W1,R2,SKU_E,3,63
90,W2,R3,SKU_A,4,193
90,W2,R3,SKU_B,4,64
90,W2,R3,SKU_C,4,121
90,W2,R3,SKU_D,4,127
90,W2,R3,SKU_E,4,69
91,Supplier,W2,SKU_A,6,193
91,Supplier,W2,SKU_B,6,64
91,Supplier,W2,SKU_C,6,121
91,Supplier,W2,SKU_D,6,151
91,Supplier,W2,SKU_E,6,69
91,W1,R1,SKU_A,2,161
91,W1,R1,SKU_B,2,80
91,W1,R1,SKU_C,2,80
91,W1,R1,SKU_D,2,79
91,W1,R1,SKU_E,2,69
91,W1,R2,SKU_A,3,107
91,W1,R2,SKU_B,3,50
91,W1,R2,SKU_C,3,31
91,W1,R2,SKU_D,3,58
91,W1,R2,SKU_E,3,50
91,W2,R3,SKU_A,4,248
91,W2,R3,SKU_B,4,89
91,W2,R3,SKU_C,4,147
91,W2,R3,SKU_D,4,215
91,W2,R3,SKU_E,4,96
92,Supplier,W1,SKU_A,5,441
92,Supplier,W1,SKU_B,5,215
92,Supplier,W1,SKU_C,5,219
92,Supplier,W1,SKU_D,5,231
92,Supplier,W1,SKU_E,5,212
92,Supplier,W2,SKU_A,6,248
92,Supplier,W2,SKU_B,6,89
92,Supplier,W2,SKU_C,6,147
92,Supplier,W2,SKU_D,6,141
92,Supplier,W2,SKU_E,6,96
92,W1,R1,SKU_A,2,189
92,W1,R1,SKU_B,2,135
92,W1,R1,SKU_C,2,133
92,W1,R1,SKU_D,2,112
92,W1,R1,SKU_E,2,94
92,W1,R2,SKU_A,3,112
92,W1,R2,SKU_B,3,60
92,W1,R2,SKU_C,3,63
92,W1,R2,SKU_D,3,29
92,W1,R2,SKU_E,3,38
92,W2,R3,SKU_A,4,297
92,W2,R3,SKU_B,4,157
92,W2,R3,SKU_C,4,184
92,W2,R3,SKU_D,4,187
92,W2,R3,SKU_E,4,94
93,Supplier,W1,SKU_A,5,301
93,Supplier,W1,SKU_B,5,195
93,Supplier,W1,SKU_C,5,196
93,Supplier,W1,SKU_D,5,190
93,Supplier,W1,SKU_E,5,132
93,Supplier,W2,SKU_A,6,297
93,Supplier,W2,SKU_B,6,157
93,Supplier,W2,SKU_C,6,184
93,Supplier,W2,SKU_D,6,187
93,Supplier,W2,SKU_E,6,94
93,W1,R1,SKU_A,2,227
93,W1,R1,SKU_B,2,120
93,W1,R1,SKU_C,2,163
93,W1,R1,SKU_D,2,127
93,W1,R1,SKU_E,2,80
93,W1,R2,SKU_A,3,115
93,W1,R2,SKU_B,3,69
93,W1,R2,SKU_C,3,64
93,W1,R2,SKU_D,3,121
93,W1,R2,SKU_E,3,53
93,W2,R3,SKU_A,4,301
93,W2,R3,SKU_B,4,123
93,W2,R3,SKU_C,4,190
93,W2,R3,SKU_D,4,170
93,W2,R3,SKU_E,4,109
94,Supplier,W1,SKU_A,5,342
94,Supplier,W1,SKU_B,5,189
94,Supplier,W1,SKU_C,5,227
94,Supplier,W1,SKU_D,5,199
94,Supplier,W1,SKU_E,5,133
94,Supplier,W2,SKU_A,6,301
94,Supplier,W2,SKU_B,6,123
94,Supplier,W2,SKU_C,6,190
94,Supplier,W2,SKU_D,6,170
94,Supplier,W2,SKU_E,6,109
94,W1,R2,SKU_A,3,113
94,W1,R2,SKU_B,3,56
94,W1,R2,SKU_C,3,59
94,W1,R2,SKU_E,3,17
94,W2,R3,SKU_A,4,227
94,W2,R3,SKU_B,4,84
94,W2,R3,SKU_C,4,82
94,W2,R3,SKU_D,4,118
94,W2,R3,SKU_E,4,92
95,Supplier,W2,SKU_A,6,227
95,Supplier,W2,SKU_B,6,91
95,Supplier,W2,SKU_C,6,82
95,Supplier,W2,SKU_D,6,118
95,Supplier,W2,SKU_E,6,92
95,W1,R1,SKU_A,2,301
95,W1,R1,SKU_B,2,150
95,W1,R1,SKU_C,2,153
95,W1,R1,SKU_D,2,129
95,W1,R1,SKU_E,2,107
95,W1,R2,SKU_A,3,95
95,W1,R2,SKU_B,3,52
95,W1,R2,SKU_C,3,53
95,W1,R2,SKU_D,3,76
95,W1,R2,SKU_E,3,54
95,W2,R3,SKU_A,4,231
95,W2,R3,SKU_B,4,65
95,W2,R3,SKU_C,4,102
95,W2,R3,SKU_D,4,115
95,W2,R3,SKU_E,4,67
96,Supplier,W1,SKU_A,5,509
96,Supplier,W1,SKU_B,5,258
96,Supplier,W1,SKU_C,5,265
96,Supplier,W1,SKU_D,5,248
96,Supplier,W1,SKU_E,5,178
96,Supplier,W2,SKU_A,6,231
96,Supplier,W2,SKU_B,6,79
96,Supplier,W2,SKU_C,6,102
96,Supplier,W2,SKU_D,6,115
96,Supplier,W2,SKU_E,6,67
96,W1,R2,SKU_C,3,64
96,W1,R2,SKU_E,3,49
96,W2,R3,SKU_A,4,191
96,W2,R3,SKU_B,4,57
96,W2,R3,SKU_C,4,102
96,W2,R3,SKU_D,4,108
96,W2,R3,SKU_E,4,86
97,Supplier,W2,SKU_A,6,191
97,Supplier,W2,SKU_B,6,75
97,Supplier,W2,SKU_C,6,102
97,Supplier,W2,SKU_D,6,108
97,Supplier,W2,SKU_E,6,86
97,W1,R1,SKU_A,2,308
97,W1,R1,SKU_B,2,155
97,W1,R1,SKU_C,2,193
97,W1,R1,SKU_E,2,103
97,W1,R1,SKU_D,2,120
97,W1,R2,SKU_A,3,198
97,W1,R2,SKU_B,3,127
97,W1,R2,SKU_C,3,58
97,W1,R2,SKU_D,3,111
97,W1,R2,SKU_E,3,42
97,W2,R3,SKU_A,4,228
97,W2,R3,SKU_B,4,64
97,W2,R3,SKU_C,4,105
97,W2,R3,SKU_D,4,121
97,W2,R3,SKU_E,4,67
98,Supplier,W1,SKU_A,5,506
98,Supplier,W1,SKU_B,5,282
98,Supplier,W1,SKU_C,5,315
98,Supplier,W1,SKU_D,5,216
98,Supplier,W1,SKU_E,5,194
98,Supplier,W2,SKU_A,6,228
98,Supplier,W2,SKU_B,6,101
98,Supplier,W2,SKU_C,6,105
98,Supplier,W2,SKU_D,6,121
98,Supplier,W2,SKU_E,6,67
98,W1,R1,SKU_A,2,172
98,W1,R1,SKU_B,2,106
98,W1,R1,SKU_C,2,105
98,W1,R1,SKU_D,2,90
98,W1,R1,SKU_E,2,57
98,W1,R2,SKU_A,3,90
98,W1,R2,SKU_B,3,76
98,W1,R2,SKU_C,3,42
98,W1,R2,SKU_D,3,60
98,W1,R2,SKU_E,3,33
98,W2,R3,SKU_A,4,272
98,W2,R3,SKU_B,4,89
98,W2,R3,SKU_C,4,130
98,W2,R3,SKU_D,4,211
98,W2,R3,SKU_E,4,92
99,Supplier,W2,SKU_A,6,272
99,Supplier,W2,SKU_B,6,114
99,Supplier,W2,SKU_C,6,130
99,Supplier,W2,SKU_D,6,211
99,Supplier,W2,SKU_E,6,92
99,W1,R1,SKU_A,2,233
99,W1,R1,SKU_B,2,126
99,W1,R1,SKU_C,2,192
99,W1,R1,SKU_D,2,127
99,W1,R1,SKU_E,2,80
99,W1,R2,SKU_A,3,95
99,W1,R2,SKU_B,3,74
99,W1,R2,SKU_C,3,60
99,W1,R2,SKU_D,3,62
99,W1,R2,SKU_E,3,55
99,W2,R3,SKU_A,4,313
99,W2,R3,SKU_B,4,157
99,W2,R3,SKU_C,4,207
99,W2,R3,SKU_D,4,203
99,W2,R3,SKU_E,4,129
100,Supplier,W1,SKU_A,5,590
100,Supplier,W1,SKU_B,5,382
100,Supplier,W1,SKU_C,5,399
100,Supplier,W1,SKU_D,5,311
100,Supplier,W1,SKU_E,5,225
100,Supplier,W2,SKU_A,6,313
100,Supplier,W2,SKU_B,6,154
100,Supplier,W2,SKU_C,6,207
100,Supplier,W2,SKU_D,6,210
100,Supplier,W2,SKU_E,6,129
100,W2,R3,SKU_A,4,361
100,W2,R3,SKU_B,4,123
100,W2,R3,SKU_C,4,221
100,W2,R3,SKU_D,4,170
100,W2,R3,SKU_E,4,82
101,Supplier,W2,SKU_A,6,361
101,Supplier,W2,SKU_B,6,138
101,Supplier,W2,SKU_C,6,221
101,Supplier,W2,SKU_D,6,168
101,Supplier,W2,SKU_E,6,82
101,W1,R1,SKU_A,2,357
101,W1,R1,SKU_B,2,159
101,W1,R1,SKU_C,2,216
101,W1,R1,SKU_D,2,182
101,W1,R1,SKU_E,2,140
101,W1,R2,SKU_E,3,100
101,W1,R2,SKU_A,3,184
101,W1,R2,SKU_B,3,103
101,W1,R2,SKU_C,3,74
101,W1,R2,SKU_D,3,94
101,W2,R3,SKU_A,4,236
101,W2,R3,SKU_B,4,91
101,W2,R3,SKU_C,4,149
101,W2,R3,SKU_D,4,118
101,W2,R3,SKU_E,4,70
102,Supplier,W1,SKU_A,5,541
102,Supplier,W1,SKU_B,5,262
102,Supplier,W1,SKU_C,5,290
102,Supplier,W1,SKU_D,5,276
102,Supplier,W1,SKU_E,5,240
102,Supplier,W2,SKU_A,6,236
102,Supplier,W2,SKU_B,6,110
102,Supplier,W2,SKU_C,6,149
102,Supplier,W2,SKU_D,6,127
102,Supplier,W2,SKU_E,6,70
102,W2,R3,SKU_A,4,200
102,W2,R3,SKU_B,4,79
102,W2,R3,SKU_C,4,134
102,W2,R3,SKU_D,4,115
102,W2,R3,SKU_E,4,86
103,Supplier,W2,SKU_A,6,200
103,Supplier,W2,SKU_B,6,89
103,Supplier,W2,SKU_C,6,134
103,Supplier,W2,SKU_D,6,151
103,Supplier,W2,SKU_E,6,86
103,W1,R1,SKU_A,2,261
103,W1,R1,SKU_B,2,137
103,W1,R1,SKU_C,2,127
103,W1,R1,SKU_D,2,127
103,W1,R1,SKU_E,2,99
103,W1,R2,SKU_C,3,57
103,W1,R2,SKU_E,3,81
103,W1,R2,SKU_A,3,187
103,W1,R2,SKU_B,3,80
103,W1,R2,SKU_D,3,82
103,W2,R3,SKU_A,4,193
103,W2,R3,SKU_B,4,75
103,W2,R3,SKU_C,4,96
103,W2,R3,SKU_D,4,108
103,W2,R3,SKU_E,4,63
104,Supplier,W1,SKU_A,5,448
104,Supplier,W1,SKU_B,5,217
104,Supplier,W1,SKU_C,5,184
104,Supplier,W1,SKU_D,5,209
104,Supplier,W1,SKU_E,5,180
104,Supplier,W2,SKU_A,6,193
104,Supplier,W2,SKU_B,6,63
104,Supplier,W2,SKU_C,6,96
104,Supplier,W2,SKU_D,6,139
104,Supplier,W2,SKU_E,6,63
104,W1,R1,SKU_A,2,124
104,W1,R1,SKU_B,2,79
104,W1,R1,SKU_C,2,66
104,W1,R1,SKU_D,2,29
104,W1,R1,SKU_E,2,54
104,W2,R3,SKU_A,4,224
104,W2,R3,SKU_B,4,101
104,W2,R3,SKU_C,4,91
104,W2,R3,SKU_D,4,121
104,W2,R3,SKU_E,4,70
105,Supplier,W2,SKU_A,6,224
105,Supplier,W2,SKU_B,6,96
105,Supplier,W2,SKU_C,6,91
105,Supplier,W2,SKU_D,6,162
105,Supplier,W2,SKU_E,6,70
105,W1,R1,SKU_A,2,192
105,W1,R1,SKU_B,2,110
105,W1,R1,SKU_C,2,95
105,W1,R1,SKU_D,2,169
105,W1,R1,SKU_E,2,79
105,W1,R2,SKU_A,3,192
105,W1,R2,SKU_B,3,106
105,W1,R2,SKU_C,3,71
105,W1,R2,SKU_E,3,80
105,W1,R2,SKU_D,3,79
105,W2,R3,SKU_A,4,292
105,W2,R3,SKU_B,4,114
105,W2,R3,SKU_C,4,156
105,W2,R3,SKU_D,4,211
105,W2,R3,SKU_E,4,84
106,Supplier,W1,SKU_A,5,508
106,Supplier,W1,SKU_B,5,295
106,Supplier,W1,SKU_C,5,232
106,Supplier,W1,SKU_D,5,277
106,Supplier,W1,SKU_E,5,213
106,Supplier,W2,SKU_A,6,292
106,Supplier,W2,SKU_B,6,106
106,Supplier,W2,SKU_C,6,156
106,Supplier,W2,SKU_D,6,175
106,Supplier,W2,SKU_E,6,84
106,W1,R1,SKU_A,2,190
106,W1,R1,SKU_B,2,110
106,W1,R1,SKU_C,2,106
106,W1,R1,SKU_D,2,63
106,W1,R1,SKU_E,2,79
106,W1,R2,SKU_A,3,49
106,W1,R2,SKU_B,3,47
106,W1,R2,SKU_C,3,46
106,W1,R2,SKU_E,3,37
106,W2,R3,SKU_A,4,275
106,W2,R3,SKU_B,4,154
106,W2,R3,SKU_C,4,160
106,W2,R3,SKU_D,4,210
106,W2,R3,SKU_E,4,95
107,Supplier,W2,SKU_A,6,275
107,Supplier,W2,SKU_B,6,105
107,Supplier,W2,SKU_C,6,160
107,Supplier,W2,SKU_D,6,162
107,Supplier,W2,SKU_E,6,95
107,W1,R1,SKU_A,2,217
107,W1,R1,SKU_B,2,99
107,W1,R1,SKU_C,2,126
107,W1,R1,SKU_D,2,148
107,W1,R1,SKU_E,2,71
107,W1,R2,SKU_A,3,123
107,W1,R2,SKU_B,3,43
107,W1,R2,SKU_C,3,52
107,W1,R2,SKU_D,3,91
107,W1,R2,SKU_E,3,46
107,W2,R3,SKU_A,4,282
107,W2,R3,SKU_B,4,138
107,W2,R3,SKU_C,4,157
107,W2,R3,SKU_D,4,168
107,W2,R3,SKU_E,4,82
108,Supplier,W1,SKU_A,5,579
108,Supplier,W1,SKU_B,5,299
108,Supplier,W1,SKU_C,5,330
108,Supplier,W1,SKU_D,5,302
108,Supplier,W1,SKU_E,5,233
108,Supplier,W2,SKU_A,6,282
108,Supplier,W2,SKU_B,6,121
108,Supplier,W2,SKU_C,6,157
108,Supplier,W2,SKU_D,6,182
108,Supplier,W2,SKU_E,6,82
108,W1,R2,SKU_A,3,65
108,W1,R2,SKU_B,3,34
108,W1,R2,SKU_C,3,40
108,W1,R2,SKU_E,3,24
108,W2,R3,SKU_A,4,193
108,W2,R3,SKU_B,4,110
108,W2,R3,SKU_C,4,132
108,W2,R3,SKU_D,4,127
108,W2,R3,SKU_E,4,78
109,Supplier,W2,SKU_A,6,193
109,Supplier,W2,SKU_B,6,73
109,Supplier,W2,SKU_C,6,132
109,Supplier,W2,SKU_D,6,110
109,Supplier,W2,SKU_E,6,78
109,W1,R1,SKU_A,2,247
109,W1,R1,SKU_B,2,107
109,W1,R1,SKU_C,2,131
109,W1,R1,SKU_D,2,140
109,W1,R1,SKU_E,2,93
109,W1,R2,SKU_A,3,66
109,W1,R2,SKU_B,3,29
109,W1,R2,SKU_C,3,29
109,W1,R2,SKU_D,3,72
109,W1,R2,SKU_E,3,34
109,W2,R3,SKU_A,4,213
109,W2,R3,SKU_B,4,85
109,W2,R3,SKU_C,4,104
109,W2,R3,SKU_D,4,151
109,W2,R3,SKU_E,4,83
110,Supplier,W1,SKU_A,5,378
110,Supplier,W1,SKU_B,5,170
110,Supplier,W1,SKU_C,5,200
110,Supplier,W1,SKU_D,5,212
110,Supplier,W1,SKU_E,5,151
110,Supplier,W2,SKU_A,6,213
110,Supplier,W2,SKU_B,6,71
110,Supplier,W2,SKU_C,6,104
110,Supplier,W2,SKU_D,6,129
110,Supplier,W2,SKU_E,6,83
110,W1,R2,SKU_A,3,98
110,W1,R2,SKU_B,3,36
110,W1,R2,SKU_C,3,28
110,W1,R2,SKU_E,3,33
110,W2,R3,SKU_A,4,160
110,W2,R3,SKU_B,4,58
110,W2,R3,SKU_C,4,81
110,W2,R3,SKU_D,4,112
110,W2,R3,SKU_E,4,70
111,Supplier,W2,SKU_A,6,160
111,Supplier,W2,SKU_B,6,58
111,Supplier,W2,SKU_C,6,81
111,Supplier,W2,SKU_D,6,99
111,Supplier,W2,SKU_E,6,70
111,W1,R1,SKU_A,2,235
111,W1,R1,SKU_B,2,117
111,W1,R1,SKU_C,2,132
111,W1,R1,SKU_D,2,124
111,W1,R1,SKU_E,2,110
111,W1,R2,SKU_A,3,83
111,W1,R2,SKU_B,3,18
111,W1,R2,SKU_C,3,44
111,W1,R2,SKU_D,3,72
111,W1,R2,SKU_E,3,30
111,W2,R3,SKU_A,4,199
111,W2,R3,SKU_B,4,88
111,W2,R3,SKU_C,4,93
111,W2,R3,SKU_D,4,126
111,W2,R3,SKU_E,4,78
112,Supplier,W1,SKU_A,5,416
112,Supplier,W1,SKU_B,5,171
112,Supplier,W1,SKU_C,5,204
112,Supplier,W1,SKU_D,5,196
112,Supplier,W1,SKU_E,5,173
112,Supplier,W2,SKU_A,6,199
112,Supplier,W2,SKU_B,6,88
112,Supplier,W2,SKU_C,6,93
112,Supplier,W2,SKU_D,6,126
112,Supplier,W2,SKU_E,6,78
112,W1,R1,SKU_A,2,161
112,W1,R1,SKU_B,2,90
112,W1,R1,SKU_C,2,95
112,W1,R1,SKU_D,2,83
112,W1,R1,SKU_E,2,53
112,W1,R2,SKU_A,3,89
112,W1,R2,SKU_B,3,59
112,W1,R2,SKU_C,3,40
112,W1,R2,SKU_D,3,32
112,W1,R2,SKU_E,3,47
112,W2,R3,SKU_A,4,258
112,W2,R3,SKU_B,4,94
112,W2,R3,SKU_C,4,119
112,W2,R3,SKU_D,4,169
112,W2,R3,SKU_E,4,76
113,Supplier,W2,SKU_A,6,258
113,Supplier,W2,SKU_B,6,94
113,Supplier,W2,SKU_C,6,119
113,Supplier,W2,SKU_D,6,169
113,Supplier,W2,SKU_E,6,76
113,W1,R1,SKU_A,2,193
113,W1,R1,SKU_B,2,100
113,W1,R1,SKU_C,2,145
113,W1,R1,SKU_D,2,91
113,W1,R1,SKU_E,2,87
113,W1,R2,SKU_A,3,98
113,W1,R2,SKU_B,3,54
113,W1,R2,SKU_C,3,48
113,W1,R2,SKU_D,3,75
113,W1,R2,SKU_E,3,53
113,W2,R3,SKU_A,4,311
113,W2,R3,SKU_B,4,117
113,W2,R3,SKU_C,4,195
113,W2,R3,SKU_D,4,196
113,W2,R3,SKU_E,4,100
114,Supplier,W1,SKU_A,5,541
114,Supplier,W1,SKU_B,5,303
114,Supplier,W1,SKU_C,5,328
114,Supplier,W1,SKU_D,5,281
114,Supplier,W1,SKU_E,5,240
114,Supplier,W2,SKU_A,6,311
114,Supplier,W2,SKU_B,6,117
114,Supplier,W2,SKU_C,6,195
114,Supplier,W2,SKU_D,6,196
114,Supplier,W2,SKU_E,6,100
114,W1,R1,SKU_A,2,203
114,W1,R1,SKU_B,2,108
114,W1,R1,SKU_C,2,118
114,W1,R1,SKU_D,2,123
114,W1,R1,SKU_E,2,71
114,W1,R2,SKU_A,3,88
114,W1,R2,SKU_B,3,31
114,W1,R2,SKU_C,3,55
114,W1,R2,SKU_D,3,13
114,W1,R2,SKU_E,3,50
114,W2,R3,SKU_A,4,303
114,W2,R3,SKU_B,4,138
114,W2,R3,SKU_C,4,188
114,W2,R3,SKU_D,4,207
114,W2,R3,SKU_E,4,85
115,Supplier,W2,SKU_A,6,303
115,Supplier,W2,SKU_B,6,165
115,Supplier,W2,SKU_C,6,188
115,Supplier,W2,SKU_D,6,207
115,Supplier,W2,SKU_E,6,85
115,W1,R1,SKU_A,2,131
115,W1,R1,SKU_B,2,50
115,W1,R1,SKU_C,2,71
115,W1,R1,SKU_D,2,81
115,W1,R1,SKU_E,2,47
115,W1,R2,SKU_A,3,105
115,W1,R2,SKU_B,3,24
115,W1,R2,SKU_C,3,42
115,W1,R2,SKU_D,3,65
115,W1,R2,SKU_E,3,30
115,W2,R3,SKU_A,4,243
115,W2,R3,SKU_B,4,73
115,W2,R3,SKU_C,4,113
115,W2,R3,SKU_D,4,120
115,W2,R3,SKU_E,4,66
116,Supplier,W1,SKU_A,5,527
116,Supplier,W1,SKU_B,5,213
116,Supplier,W1,SKU_C,5,286
116,Supplier,W1,SKU_D,5,282
116,Supplier,W1,SKU_E,5,198
116,Supplier,W2,SKU_A,6,243
116,Supplier,W2,SKU_B,6,98
116,Supplier,W2,SKU_C,6,113
116,Supplier,W2,SKU_D,6,136
116,Supplier,W2,SKU_E,6,66
116,W1,R1,SKU_A,2,123
116,W1,R1,SKU_B,2,67
116,W1,R1,SKU_C,2,76
116,W1,R1,SKU_D,2,66
116,W1,R1,SKU_E,2,54
116,W1,R2,SKU_A,3,95
116,W1,R2,SKU_B,3,33
116,W1,R2,SKU_C,3,41
116,W1,R2,SKU_E,3,31
116,W2,R3,SKU_A,4,219
116,W2,R3,SKU_B,4,71
116,W2,R3,SKU_C,4,114
116,W2,R3,SKU_D,4,129
116,W2,R3,SKU_E,4,57
117,Supplier,W2,SKU_A,6,219
117,Supplier,W2,SKU_B,6,87
117,Supplier,W2,SKU_C,6,114
117,Supplier,W2,SKU_D,6,116
117,Supplier,W2,SKU_E,6,57
117,W1,R2,SKU_A,3,75
117,W1,R2,SKU_B,3,30
117,W1,R2,SKU_C,3,27
117,W1,R2,SKU_D,3,78
117,W1,R2,SKU_E,3,29
117,W2,R3,SKU_A,4,221
117,W2,R3,SKU_B,4,58
117,W2,R3,SKU_C,4,105
117,W2,R3,SKU_D,4,99
117,W2,R3,SKU_E,4,72
118,Supplier,W1,SKU_A,5,437
118,Supplier,W1,SKU_B,5,172
118,Supplier,W1,SKU_C,5,203
118,Supplier,W1,SKU_D,5,223
118,Supplier,W1,SKU_E,5,159
118,Supplier,W2,SKU_A,6,221
118,Supplier,W2,SKU_B,6,85
118,Supplier,W2,SKU_C,6,105
118,Supplier,W2,SKU_D,6,135
118,Supplier,W2,SKU_E,6,72
118,W1,R1,SKU_A,2,283
118,W1,R1,SKU_B,2,127
118,W1,R1,SKU_C,2,146
118,W1,R1,SKU_D,2,118
118,W1,R1,SKU_E,2,113
118,W1,R2,SKU_A,3,71
118,W1,R2,SKU_B,3,24
118,W1,R2,SKU_C,3,41
118,W1,R2,SKU_E,3,42
118,W2,R3,SKU_A,4,253
118,W2,R3,SKU_B,4,88
118,W2,R3,SKU_C,4,133
118,W2,R3,SKU_D,4,126
118,W2,R3,SKU_E,4,73
119,Supplier,W2,SKU_A,6,253
119,Supplier,W2,SKU_B,6,75
119,Supplier,W2,SKU_C,6,133
119,Supplier,W2,SKU_D,6,164
119,Supplier,W2,SKU_E,6,73
119,W1,R1,SKU_A,2,166
119,W1,R1,SKU_B,2,84
119,W1,R1,SKU_C,2,99
119,W1,R1,SKU_D,2,145
119,W1,R1,SKU_E,2,45
119,W1,R2,SKU_A,3,83
119,W1,R2,SKU_B,3,46
119,W1,R2,SKU_C,3,39
119,W1,R2,SKU_D,3,99
119,W1,R2,SKU_E,3,39
119,W2,R3,SKU_A,4,265
119,W2,R3,SKU_B,4,94
119,W2,R3,SKU_C,4,158
119,W2,R3,SKU_D,4,169
119,W2,R3,SKU_E,4,86
120,Supplier,W1,SKU_A,5,459
120,Supplier,W1,SKU_B,5,239
120,Supplier,W1,SKU_C,5,266
120,Supplier,W1,SKU_D,5,283
120,Supplier,W1,SKU_E,5,194
120,Supplier,W2,SKU_A,6,265
120,Supplier,W2,SKU_B,6,93
120,Supplier,W2,SKU_C,6,158
120,Supplier,W2,SKU_D,6,178
120,Supplier,W2,SKU_E,6,86
120,W1,R1,SKU_A,2,183
120,W1,R1,SKU_B,2,102
120,W1,R1,SKU_C,2,128
120,W1,R1,SKU_D,2,37
120,W1,R1,SKU_E,2,86
120,W1,R2,SKU_A,3,89
120,W1,R2,SKU_B,3,42
120,W1,R2,SKU_C,3,57
120,W1,R2,SKU_E,3,27
120,W2,R3,SKU_A,4,295
120,W2,R3,SKU_B,4,117
120,W2,R3,SKU_C,4,197
120,W2,R3,SKU_D,4,196
120,W2,R3,SKU_E,4,90
121,Supplier,W2,SKU_A,6,295
121,Supplier,W2,SKU_B,6,137
121,Supplier,W2,SKU_C,6,197
121,Supplier,W2,SKU_D,6,222
121,Supplier,W2,SKU_E,6,90
121,W1,R1,SKU_A,2,178
121,W1,R1,SKU_B,2,101
121,W1,R1,SKU_C,2,124
121,W1,R1,SKU_D,2,173
121,W1,R1,SKU_E,2,83
121,W1,R2,SKU_A,3,91
121,W1,R2,SKU_B,3,44
121,W1,R2,SKU_C,3,40
121,W1,R2,SKU_D,3,89
121,W1,R2,SKU_E,3,27
121,W2,R3,SKU_A,4,250
121,W2,R3,SKU_B,4,165
121,W2,R3,SKU_C,4,141
121,W2,R3,SKU_D,4,207
121,W2,R3,SKU_E,4,86
122,Supplier,W1,SKU_A,5,541
122,Supplier,W1,SKU_B,5,289
122,Supplier,W1,SKU_C,5,349
122,Supplier,W1,SKU_D,5,299
122,Supplier,W1,SKU_E,5,223
122,Supplier,W2,SKU_A,6,250
122,Supplier,W2,SKU_B,6,99
122,Supplier,W2,SKU_C,6,141
122,Supplier,W2,SKU_D,6,174
122,Supplier,W2,SKU_E,6,86
122,W1,R1,SKU_A,2,148
122,W1,R1,SKU_B,2,102
122,W1,R1,SKU_C,2,80
122,W1,R1,SKU_D,2,20
122,W1,R1,SKU_E,2,59
122,W1,R2,SKU_A,3,101
122,W1,R2,SKU_B,3,50
122,W1,R2,SKU_C,3,34
122,W1,R2,SKU_E,3,45
122,W2,R3,SKU_A,4,274
122,W2,R3,SKU_B,4,98
122,W2,R3,SKU_C,4,198
122,W2,R3,SKU_D,4,136
122,W2,R3,SKU_E,4,82
123,Supplier,W2,SKU_A,6,274
123,Supplier,W2,SKU_B,6,125
123,Supplier,W2,SKU_C,6,198
123,Supplier,W2,SKU_D,6,162
123,Supplier,W2,SKU_E,6,82
123,W1,R1,SKU_A,2,126
123,W1,R1,SKU_B,2,73
123,W1,R1,SKU_C,2,80
123,W1,R1,SKU_D,2,121
123,W1,R1,SKU_E,2,45
123,W1,R2,SKU_A,3,65
123,W1,R2,SKU_B,3,23
123,W1,R2,SKU_C,3,30
123,W1,R2,SKU_D,3,89
123,W1,R2,SKU_E,3,32
123,W2,R3,SKU_A,4,192
123,W2,R3,SKU_B,4,87
123,W2,R3,SKU_C,4,121
123,W2,R3,SKU_D,4,116
123,W2,R3,SKU_E,4,62
124,Supplier,W1,SKU_A,5,440
124,Supplier,W1,SKU_B,5,248
124,Supplier,W1,SKU_C,5,224
124,Supplier,W1,SKU_D,5,230
124,Supplier,W1,SKU_E,5,181
124,Supplier,W2,SKU_A,6,192
124,Supplier,W2,SKU_B,6,91
124,Supplier,W2,SKU_C,6,121
124,Supplier,W2,SKU_D,6,122
124,Supplier,W2,SKU_E,6,62
124,W1,R2,SKU_A,3,98
124,W1,R2,SKU_B,3,38
124,W1,R2,SKU_C,3,36
124,W1,R2,SKU_E,3,32
124,W2,R3,SKU_A,4,278
124,W2,R3,SKU_B,4,85
124,W2,R3,SKU_C,4,119
124,W2,R3,SKU_D,4,135
124,W2,R3,SKU_E,4,80
125,Supplier,W2,SKU_A,6,278
125,Supplier,W2,SKU_B,6,112
125,Supplier,W2,SKU_C,6,162
125,Supplier,W2,SKU_D,6,167
125,Supplier,W2,SKU_E,6,80
125,W1,R1,SKU_A,2,293
125,W1,R1,SKU_B,2,131
125,W1,R1,SKU_C,2,182
125,W1,R1,SKU_D,2,188
125,W1,R1,SKU_E,2,118
125,W1,R2,SKU_A,3,83
125,W1,R2,SKU_B,3,45
125,W1,R2,SKU_C,3,41
125,W1,R2,SKU_D,3,97
125,W1,R2,SKU_E,3,42
125,W2,R3,SKU_A,4,261
125,W2,R3,SKU_B,4,75
125,W2,R3,SKU_C,4,133
125,W2,R3,SKU_D,4,164
125,W2,R3,SKU_E,4,72
126,Supplier,W1,SKU_A,5,474
126,Supplier,W1,SKU_B,5,214
126,Supplier,W1,SKU_C,5,259
126,Supplier,W1,SKU_D,5,285
126,Supplier,W1,SKU_E,5,192
126,Supplier,W2,SKU_A,6,261
126,Supplier,W2,SKU_B,6,103
126,Supplier,W2,SKU_C,6,148
126,Supplier,W2,SKU_D,6,153
126,Supplier,W2,SKU_E,6,72
126,W1,R1,SKU_A,2,177
126,W1,R1,SKU_B,2,87
126,W1,R1,SKU_C,2,95
126,W1,R1,SKU_D,2,11
126,W1,R1,SKU_E,2,76
126,W1,R2,SKU_A,3,93
126,W1,R2,SKU_B,3,53
126,W1,R2,SKU_C,3,31
126,W1,R2,SKU_E,3,58
126,W2,R3,SKU_A,4,299
126,W2,R3,SKU_B,4,93
126,W2,R3,SKU_C,4,158
126,W2,R3,SKU_D,4,178
126,W2,R3,SKU_E,4,72
127,Supplier,W2,SKU_A,6,373
127,Supplier,W2,SKU_B,6,147
127,Supplier,W2,SKU_C,6,193
127,Supplier,W2,SKU_D,6,225
127,Supplier,W2,SKU_E,6,72
127,W1,R1,SKU_A,2,207
127,W1,R1,SKU_B,2,129
127,W1,R1,SKU_C,2,138
127,W1,R1,SKU_D,2,231
127,W1,R1,SKU_E,2,67
127,W1,R2,SKU_A,3,107
127,W1,R2,SKU_B,3,70
127,W1,R2,SKU_C,3,47
127,W1,R2,SKU_D,3,68
127,W1,R2,SKU_E,3,59
127,W2,R3,SKU_A,4,295
127,W2,R3,SKU_B,4,137
127,W2,R3,SKU_C,4,197
127,W2,R3,SKU_D,4,222
127,W2,R3,SKU_E,4,130
128,Supplier,W1,SKU_A,5,584
128,Supplier,W1,SKU_B,5,339
128,Supplier,W1,SKU_C,5,311
128,Supplier,W1,SKU_D,5,378
128,Supplier,W1,SKU_E,5,260
128,Supplier,W2,SKU_A,6,319
128,Supplier,W2,SKU_B,6,190
128,Supplier,W2,SKU_C,6,224
128,Supplier,W2,SKU_D,6,163
128,Supplier,W2,SKU_E,6,130
128,W1,R1,SKU_A,2,223
128,W1,R1,SKU_B,2,98
128,W1,R1,SKU_C,2,139
128,W1,R1,SKU_E,2,77
128,W1,R2,SKU_A,3,15
128,W1,R2,SKU_B,3,43
128,W1,R2,SKU_C,3,44
128,W1,R2,SKU_E,3,39
128,W2,R3,SKU_A,4,250
128,W2,R3,SKU_B,4,99
128,W2,R3,SKU_C,4,141
128,W2,R3,SKU_D,4,174
128,W2,R3,SKU_E,4,90
129,Supplier,W1,SKU_A,5,343
129,Supplier,W1,SKU_B,5,167
129,Supplier,W1,SKU_C,5,183
129,Supplier,W1,SKU_D,5,170
129,Supplier,W1,SKU_E,5,148
129,Supplier,W2,SKU_A,6,330
129,Supplier,W2,SKU_B,6,163
129,Supplier,W2,SKU_C,6,211
129,Supplier,W2,SKU_D,6,221
129,Supplier,W2,SKU_E,6,90
129,W1,R1,SKU_A,2,149
129,W1,R1,SKU_B,2,74
129,W1,R1,SKU_C,2,92
129,W1,R1,SKU_D,2,191
129,W1,R1,SKU_E,2,68
129,W1,R2,SKU_A,3,200
129,W1,R2,SKU_B,3,60
129,W1,R2,SKU_C,3,43
129,W1,R2,SKU_D,3,39
129,W1,R2,SKU_E,3,85
129,W2,R3,SKU_A,4,274
129,W2,R3,SKU_B,4,125
129,W2,R3,SKU_C,4,198
129,W2,R3,SKU_D,4,162
129,W2,R3,SKU_E,4,95
130,Supplier,W2,SKU_A,6,231
130,Supplier,W2,SKU_B,6,112
130,Supplier,W2,SKU_C,6,184
130,Supplier,W2,SKU_D,6,155
130,Supplier,W2,SKU_E,6,95
130,W2,R3,SKU_A,4,192
130,W2,R3,SKU_B,4,91
130,W2,R3,SKU_C,4,121
130,W2,R3,SKU_D,4,122
130,W2,R3,SKU_E,4,87
131,Supplier,W1,SKU_A,5,521
131,Supplier,W1,SKU_B,5,242
131,Supplier,W1,SKU_C,5,267
131,Supplier,W1,SKU_D,5,271
131,Supplier,W1,SKU_E,5,221
131,Supplier,W2,SKU_A,6,287
131,Supplier,W2,SKU_B,6,85
131,Supplier,W2,SKU_C,6,179
131,Supplier,W2,SKU_D,6,178
131,Supplier,W2,SKU_E,6,87
131,W1,R1,SKU_A,2,301
131,W1,R1,SKU_B,2,157
131,W1,R1,SKU_C,2,146
131,W1,R1,SKU_E,2,101
131,W1,R1,SKU_D,2,164
131,W1,R2,SKU_B,3,105
131,W1,R2,SKU_C,3,115
131,W1,R2,SKU_A,3,230
131,W1,R2,SKU_D,3,121
131,W1,R2,SKU_E,3,105
131,W2,R3,SKU_A,4,278
131,W2,R3,SKU_B,4,112
131,W2,R3,SKU_C,4,162
131,W2,R3,SKU_D,4,167
131,W2,R3,SKU_E,4,92
132,Supplier,W2,SKU_A,6,222
132,Supplier,W2,SKU_B,6,128
132,Supplier,W2,SKU_C,6,132
132,Supplier,W2,SKU_D,6,153
132,Supplier,W2,SKU_E,6,92
132,W2,R3,SKU_A,4,261
132,W2,R3,SKU_B,4,103
132,W2,R3,SKU_C,4,148
132,W2,R3,SKU_D,4,153
132,W2,R3,SKU_E,4,82
133,Supplier,W1,SKU_A,5,529
133,Supplier,W1,SKU_B,5,255
133,Supplier,W1,SKU_C,5,266
133,Supplier,W1,SKU_D,5,265
133,Supplier,W1,SKU_E,5,260
133,Supplier,W2,SKU_A,6,246
133,Supplier,W2,SKU_B,6,86
133,Supplier,W2,SKU_C,6,132
133,Supplier,W2,SKU_D,6,157
133,Supplier,W2,SKU_E,6,96
133,W1,R1,SKU_A,2,338
133,W1,R1,SKU_B,2,191
133,W1,R1,SKU_C,2,192
133,W1,R1,SKU_E,2,111
133,W1,R1,SKU_D,2,168
133,W1,R2,SKU_C,3,98
133,W1,R2,SKU_A,3,212
133,W1,R2,SKU_B,3,87
133,W1,R2,SKU_D,3,210
133,W1,R2,SKU_E,3,137
133,W2,R3,SKU_A,4,373
133,W2,R3,SKU_B,4,147
133,W2,R3,SKU_C,4,193
133,W2,R3,SKU_D,4,225
133,W2,R3,SKU_E,4,72
134,Supplier,W2,SKU_A,6,229
134,Supplier,W2,SKU_B,6,120
134,Supplier,W2,SKU_C,6,143
134,Supplier,W2,SKU_D,6,155
134,Supplier,W2,SKU_E,6,89
134,W1,R1,SKU_A,2,192
134,W1,R1,SKU_B,2,110
134,W1,R1,SKU_C,2,150
134,W1,R1,SKU_D,2,112
134,W1,R1,SKU_E,2,66
134,W1,R2,SKU_A,3,107
134,W1,R2,SKU_B,3,64
134,W1,R2,SKU_C,3,51
134,W1,R2,SKU_D,3,58
134,W1,R2,SKU_E,3,56
134,W2,R3,SKU_A,4,319
134,W2,R3,SKU_B,4,190
134,W2,R3,SKU_C,4,224
134,W2,R3,SKU_D,4,163
134,W2,R3,SKU_E,4,130
135,Supplier,W1,SKU_A,5,574
135,Supplier,W1,SKU_B,5,325
135,Supplier,W1,SKU_C,5,354
135,Supplier,W1,SKU_D,5,289
135,Supplier,W1,SKU_E,5,216
135,Supplier,W2,SKU_A,6,307
135,Supplier,W2,SKU_B,6,111
135,Supplier,W2,SKU_C,6,197
135,Supplier,W2,SKU_D,6,209
135,Supplier,W2,SKU_E,6,102
135,W1,R1,SKU_A,2,112
135,W1,R1,SKU_B,2,107
135,W1,R1,SKU_C,2,140
135,W1,R1,SKU_E,2,52
135,W2,R3,SKU_A,4,304
135,W2,R3,SKU_B,4,163
135,W2,R3,SKU_C,4,211
135,W2,R3,SKU_D,4,221
135,W2,R3,SKU_E,4,90
136,Supplier,W1,SKU_A,5,333
136,Supplier,W1,SKU_B,5,181
136,Supplier,W1,SKU_C,5,206
136,Supplier,W1,SKU_D,5,189
136,Supplier,W1,SKU_E,5,130
136,Supplier,W2,SKU_A,6,301
136,Supplier,W2,SKU_B,6,142
136,Supplier,W2,SKU_C,6,202
136,Supplier,W2,SKU_D,6,195
136,Supplier,W2,SKU_E,6,89
136,W1,R1,SKU_A,2,289
136,W1,R1,SKU_B,2,87
136,W1,R1,SKU_C,2,123
136,W1,R1,SKU_D,2,240
136,W1,R1,SKU_E,2,100
136,W1,R2,SKU_B,3,111
136,W1,R2,SKU_C,3,113
136,W1,R2,SKU_A,3,178
136,W1,R2,SKU_D,3,31
136,W1,R2,SKU_E,3,91
136,W2,R3,SKU_A,4,257
136,W2,R3,SKU_B,4,112
136,W2,R3,SKU_C,4,184
136,W2,R3,SKU_D,4,155
136,W2,R3,SKU_E,4,78
137,Supplier,W2,SKU_A,6,260
137,Supplier,W2,SKU_B,6,100
137,Supplier,W2,SKU_C,6,138
137,Supplier,W2,SKU_D,6,142
137,Supplier,W2,SKU_E,6,76
137,W2,R3,SKU_A,4,259
137,W2,R3,SKU_B,4,85
137,W2,R3,SKU_C,4,179
137,W2,R3,SKU_D,4,178
137,W2,R3,SKU_E,4,77
138,Supplier,W1,SKU_A,5,501
138,Supplier,W1,SKU_B,5,275
138,Supplier,W1,SKU_C,5,328
138,Supplier,W1,SKU_D,5,290
138,Supplier,W1,SKU_E,5,217
138,Supplier,W2,SKU_A,6,256
138,Supplier,W2,SKU_B,6,105
138,Supplier,W2,SKU_C,6,157
138,Supplier,W2,SKU_D,6,147
138,Supplier,W2,SKU_E,6,77
138,W1,R1,SKU_A,2,344
138,W1,R1,SKU_B,2,187
138,W1,R1,SKU_C,2,210
138,W1,R1,SKU_E,2,123
138,W1,R1,SKU_D,2,172
138,W1,R2,SKU_A,3,206
138,W1,R2,SKU_B,3,111
138,W1,R2,SKU_C,3,122
138,W1,R2,SKU_D,3,93
138,W1,R2,SKU_E,3,83
138,W2,R3,SKU_A,4,250
138,W2,R3,SKU_B,4,128
138,W2,R3,SKU_C,4,132
138,W2,R3,SKU_D,4,153
138,W2,R3,SKU_E,4,64
139,Supplier,W2,SKU_A,6,255
139,Supplier,W2,SKU_B,6,115
139,Supplier,W2,SKU_C,6,174
139,Supplier,W2,SKU_D,6,169
139,Supplier,W2,SKU_E,6,64
139,W2,R3,SKU_A,4,246
139,W2,R3,SKU_B,4,86
139,W2,R3,SKU_C,4,132
139,W2,R3,SKU_D,4,157
139,W2,R3,SKU_E,4,83
140,Supplier,W1,SKU_A,5,543
140,Supplier,W1,SKU_B,5,293
140,Supplier,W1,SKU_C,5,311
140,Supplier,W1,SKU_D,5,268
140,Supplier,W1,SKU_E,5,207
140,Supplier,W2,SKU_A,6,247
140,Supplier,W2,SKU_B,6,109
140,Supplier,W2,SKU_C,6,117
140,Supplier,W2,SKU_D,6,154
140,Supplier,W2,SKU_E,6,83
140,W1,R1,SKU_A,2,336
140,W1,R1,SKU_B,2,191
140,W1,R1,SKU_C,2,197
140,W1,R1,SKU_E,2,112
140,W1,R1,SKU_D,2,179
140,W1,R2,SKU_E,3,98
140,W1,R2,SKU_A,3,174
140,W1,R2,SKU_B,3,113
140,W1,R2,SKU_C,3,121
140,W1,R2,SKU_D,3,110
140,W2,R3,SKU_A,4,229
140,W2,R3,SKU_B,4,120
140,W2,R3,SKU_C,4,143
140,W2,R3,SKU_D,4,155
140,W2,R3,SKU_E,4,96
141,Supplier,W2,SKU_A,6,305
141,Supplier,W2,SKU_B,6,149
141,Supplier,W2,SKU_C,6,168
141,Supplier,W2,SKU_D,6,210
141,Supplier,W2,SKU_E,6,96
141,W1,R1,SKU_A,2,225
141,W1,R1,SKU_B,2,117
141,W1,R1,SKU_C,2,163
141,W1,R1,SKU_D,2,114
141,W1,R1,SKU_E,2,80
141,W1,R2,SKU_A,3,102
141,W1,R2,SKU_B,3,70
141,W1,R2,SKU_C,3,88
141,W1,R2,SKU_D,3,75
141,W1,R2,SKU_E,3,50
141,W2,R3,SKU_A,4,307
141,W2,R3,SKU_B,4,111
141,W2,R3,SKU_C,4,197
141,W2,R3,SKU_D,4,209
141,W2,R3,SKU_E,4,93
142,Supplier,W1,SKU_A,5,589
142,Supplier,W1,SKU_B,5,345
142,Supplier,W1,SKU_C,5,432
142,Supplier,W1,SKU_D,5,305
142,Supplier,W1,SKU_E,5,235
142,Supplier,W2,SKU_A,6,361
142,Supplier,W2,SKU_B,6,171
142,Supplier,W2,SKU_C,6,240
142,Supplier,W2,SKU_D,6,190
142,Supplier,W2,SKU_E,6,93
142,W2,R3,SKU_A,4,301
142,W2,R3,SKU_B,4,142
142,W2,R3,SKU_C,4,202
142,W2,R3,SKU_D,4,195
142,W2,R3,SKU_E,4,90
143,Supplier,W1,SKU_A,5,314
143,Supplier,W1,SKU_B,5,164
143,Supplier,W1,SKU_C,5,281
143,Supplier,W1,SKU_D,5,158
143,Supplier,W1,SKU_E,5,98
143,Supplier,W2,SKU_A,6,359
143,Supplier,W2,SKU_B,6,162
143,Supplier,W2,SKU_C,6,162
143,Supplier,W2,SKU_D,6,128
143,Supplier,W2,SKU_E,6,90
143,W1,R1,SKU_A,2,363
143,W1,R1,SKU_B,2,173
143,W1,R1,SKU_C,2,330
143,W1,R1,SKU_E,2,96
143,W1,R1,SKU_D,2,197
143,W1,R2,SKU_E,3,83
143,W1,R2,SKU_A,3,208
143,W1,R2,SKU_B,3,130
143,W1,R2,SKU_C,3,20
143,W1,R2,SKU_D,3,93
143,W2,R3,SKU_A,4,260
143,W2,R3,SKU_B,4,100
143,W2,R3,SKU_C,4,138
143,W2,R3,SKU_D,4,142
143,W2,R3,SKU_E,4,89
144,Supplier,W2,SKU_A,6,203
144,Supplier,W2,SKU_B,6,118
144,Supplier,W2,SKU_C,6,105
144,Supplier,W2,SKU_D,6,89
144,Supplier,W2,SKU_E,6,89
144,W2,R3,SKU_A,4,256
144,W2,R3,SKU_B,4,105
144,W2,R3,SKU_C,4,157
144,W2,R3,SKU_D,4,147
144,W2,R3,SKU_E,4,71
145,Supplier,W1,SKU_A,5,488
145,Supplier,W1,SKU_B,5,278
145,Supplier,W1,SKU_C,5,415
145,Supplier,W1,SKU_D,5,292
145,Supplier,W1,SKU_E,5,176
145,Supplier,W2,SKU_A,6,233
145,Supplier,W2,SKU_B,6,62
145,Supplier,W2,SKU_C,6,106
145,Supplier,W2,SKU_D,6,140
145,Supplier,W2,SKU_E,6,71
145,W1,R1,SKU_A,2,244
145,W1,R1,SKU_B,2,143
145,W1,R1,SKU_E,2,94
145,W1,R1,SKU_C,2,198
145,W1,R1,SKU_D,2,136
145,W1,R2,SKU_E,3,83
145,W1,R2,SKU_A,3,185
145,W1,R2,SKU_B,3,108
145,W1,R2,SKU_C,3,113
145,W1,R2,SKU_D,3,132
145,W2,R3,SKU_A,4,255
145,W2,R3,SKU_B,4,115
145,W2,R3,SKU_C,4,93
145,W2,R3,SKU_D,4,141
145,W2,R3,SKU_E,4,62
146,Supplier,W2,SKU_A,6,192
146,Supplier,W2,SKU_B,6,46
146,Supplier,W2,SKU_C,6,88
146,Supplier,W2,SKU_D,6,107
146,Supplier,W2,SKU_E,6,62
146,W2,R3,SKU_A,4,247
146,W2,R3,SKU_B,4,109
146,W2,R3,SKU_C,4,128
146,W2,R3,SKU_D,4,122
146,W2,R3,SKU_E,4,65
147,Supplier,W1,SKU_A,5,413
147,Supplier,W1,SKU_B,5,224
147,Supplier,W1,SKU_C,5,257
147,Supplier,W1,SKU_D,5,203
147,Supplier,W1,SKU_E,5,155
147,Supplier,W2,SKU_A,6,221
147,Supplier,W2,SKU_B,6,87
147,Supplier,W2,SKU_C,6,128
147,Supplier,W2,SKU_D,6,122
147,Supplier,W2,SKU_E,6,65
147,W1,R1,SKU_A,2,280
147,W1,R1,SKU_B,2,110
147,W1,R1,SKU_E,2,108
147,W1,R1,SKU_C,2,169
147,W1,R1,SKU_D,2,158
147,W1,R2,SKU_A,3,158
147,W1,R2,SKU_E,3,94
147,W1,R2,SKU_B,3,103
147,W1,R2,SKU_C,3,263
147,W1,R2,SKU_D,3,118
147,W2,R3,SKU_A,4,267
147,W2,R3,SKU_B,4,149
147,W2,R3,SKU_C,4,144
147,W2,R3,SKU_D,4,201
147,W2,R3,SKU_E,4,62
148,Supplier,W2,SKU_A,6,242
148,Supplier,W2,SKU_B,6,92
148,Supplier,W2,SKU_C,6,144
148,Supplier,W2,SKU_D,6,201
148,Supplier,W2,SKU_E,6,62
148,W1,R1,SKU_A,2,180
148,W1,R1,SKU_B,2,81
148,W1,R1,SKU_C,2,149
148,W1,R1,SKU_D,2,95
148,W1,R1,SKU_E,2,80
148,W1,R2,SKU_A,3,96
148,W1,R2,SKU_B,3,86
148,W1,R2,SKU_C,3,51
148,W1,R2,SKU_D,3,54
148,W1,R2,SKU_E,3,38
148,W2,R3,SKU_A,4,285
148,W2,R3,SKU_B,4,171
148,W2,R3,SKU_C,4,179
148,W2,R3,SKU_D,4,190
148,W2,R3,SKU_E,4,72
149,Supplier,W1,SKU_A,5,499
149,Supplier,W1,SKU_B,5,268
149,Supplier,W1,SKU_C,5,340
149,Supplier,W1,SKU_D,5,292
149,Supplier,W1,SKU_E,5,247
149,Supplier,W2,SKU_A,6,285
149,Supplier,W2,SKU_B,6,165
149,Supplier,W2,SKU_C,6,179
149,Supplier,W2,SKU_D,6,190
149,Supplier,W2,SKU_E,6,72
149,W1,R1,SKU_A,2,193
149,W1,R1,SKU_B,2,102
149,W1,R1,SKU_C,2,81
149,W1,R1,SKU_D,2,38
149,W1,R1,SKU_E,2,67
149,W1,R2,SKU_A,3,96
149,W1,R2,SKU_B,3,70
149,W1,R2,SKU_E,3,43
149,W2,R3,SKU_A,4,280
149,W2,R3,SKU_B,4,162
149,W2,R3,SKU_C,4,191
149,W2,R3,SKU_D,4,160
149,W2,R3,SKU_E,4,89
150,Supplier,W1,SKU_A,5,289
150,Supplier,W1,SKU_B,5,175
150,Supplier,W1,SKU_C,5,227
150,Supplier,W1,SKU_D,5,156
150,Supplier,W1,SKU_E,5,110
150,Supplier,W2,SKU_A,6,280
150,Supplier,W2,SKU_B,6,144
150,Supplier,W2,SKU_C,6,191
150,Supplier,W2,SKU_D,6,160
150,Supplier,W2,SKU_E,6,89
150,W1,R1,SKU_A,2,141
150,W1,R1,SKU_B,2,66
150,W1,R1,SKU_C,2,149
150,W1,R1,SKU_D,2,135
150,W1,R1,SKU_E,2,49
150,W1,R2,SKU_A,3,63
150,W1,R2,SKU_B,3,43
150,W1,R2,SKU_C,3,104
150,W1,R2,SKU_D,3,83
150,W1,R2,SKU_E,3,48
150,W2,R3,SKU_A,4,219
150,W2,R3,SKU_B,4,118
150,W2,R3,SKU_C,4,152
150,W2,R3,SKU_D,4,126
150,W2,R3,SKU_E,4,61
151,Supplier,W2,SKU_A,6,219
151,Supplier,W2,SKU_B,6,122
151,Supplier,W2,SKU_C,6,152
151,Supplier,W2,SKU_D,6,146
151,Supplier,W2,SKU_E,6,61
151,W1,R2,SKU_A,3,60
151,W1,R2,SKU_B,3,29
151,W1,R2,SKU_C,3,21
151,W1,R2,SKU_D,3,22
151,W1,R2,SKU_E,3,30
151,W2,R3,SKU_A,4,219
151,W2,R3,SKU_B,4,62
151,W2,R3,SKU_C,4,125
151,W2,R3,SKU_D,4,140
151,W2,R3,SKU_E,4,64
152,Supplier,W1,SKU_A,5,392
152,Supplier,W1,SKU_B,5,193
152,Supplier,W1,SKU_C,5,176
152,Supplier,W1,SKU_D,5,188
152,Supplier,W1,SKU_E,5,184
152,Supplier,W2,SKU_A,6,219
152,Supplier,W2,SKU_B,6,78
152,Supplier,W2,SKU_C,6,125
152,Supplier,W2,SKU_D,6,132
152,Supplier,W2,SKU_E,6,64
152,W1,R1,SKU_A,2,269
152,W1,R1,SKU_B,2,137
152,W1,R1,SKU_C,2,132
152,W1,R1,SKU_D,2,127
152,W1,R1,SKU_E,2,112
152,W1,R2,SKU_A,3,69
152,W1,R2,SKU_B,3,35
152,W1,R2,SKU_C,3,33
152,W1,R2,SKU_D,3,56
152,W1,R2,SKU_E,3,31
152,W2,R3,SKU_A,4,208
152,W2,R3,SKU_B,4,46
152,W2,R3,SKU_C,4,118
152,W2,R3,SKU_D,4,107
152,W2,R3,SKU_E,4,57
153,Supplier,W2,SKU_A,6,208
153,Supplier,W2,SKU_B,6,100
153,Supplier,W2,SKU_C,6,118
153,Supplier,W2,SKU_D,6,143
153,Supplier,W2,SKU_E,6,57
153,W1,R1,SKU_A,2,148
153,W1,R1,SKU_B,2,74
153,W1,R1,SKU_C,2,95
153,W1,R1,SKU_D,2,72
153,W1,R1,SKU_E,2,58
153,W1,R2,SKU_A,3,73
153,W1,R2,SKU_B,3,34
153,W1,R2,SKU_C,3,50
153,W1,R2,SKU_E,3,50
153,W2,R3,SKU_A,4,251
153,W2,R3,SKU_B,4,87
153,W2,R3,SKU_C,4,124
153,W2,R3,SKU_D,4,122
153,W2,R3,SKU_E,4,64
154,Supplier,W1,SKU_A,5,431
154,Supplier,W1,SKU_B,5,222
154,Supplier,W1,SKU_C,5,262
154,Supplier,W1,SKU_D,5,267
154,Supplier,W1,SKU_E,5,194
154,Supplier,W2,SKU_A,6,251
154,Supplier,W2,SKU_B,6,103
154,Supplier,W2,SKU_C,6,124
154,Supplier,W2,SKU_D,6,173
154,Supplier,W2,SKU_E,6,64
154,W1,R1,SKU_A,2,218
154,W1,R1,SKU_B,2,145
154,W1,R1,SKU_C,2,167
154,W1,R1,SKU_D,2,135
154,W1,R1,SKU_E,2,77
154,W1,R2,SKU_A,3,145
154,W1,R2,SKU_B,3,80
154,W1,R2,SKU_C,3,86
154,W1,R2,SKU_D,3,144
154,W1,R2,SKU_E,3,70
154,W2,R3,SKU_A,4,381
154,W2,R3,SKU_B,4,92
154,W2,R3,SKU_C,4,178
154,W2,R3,SKU_D,4,201
154,W2,R3,SKU_E,4,95
155,Supplier,W1,SKU_A,5,363
155,Supplier,W1,SKU_B,5,225
155,Supplier,W1,SKU_C,5,253
155,Supplier,W1,SKU_D,5,201
155,Supplier,W1,SKU_E,5,147
155,Supplier,W2,SKU_A,6,381
155,Supplier,W2,SKU_B,6,210
155,Supplier,W2,SKU_C,6,199
155,Supplier,W2,SKU_D,6,216
155,Supplier,W2,SKU_E,6,95
155,W1,R1,SKU_A,2,228
155,W1,R1,SKU_B,2,184
155,W1,R1,SKU_C,2,220
155,W1,R1,SKU_D,2,114
155,W1,R1,SKU_E,2,88
155,W1,R2,SKU_A,3,116
155,W1,R2,SKU_B,3,95
155,W1,R2,SKU_C,3,88
155,W1,R2,SKU_D,3,55
155,W1,R2,SKU_E,3,79
155,W2,R3,SKU_A,4,291
155,W2,R3,SKU_B,4,165
155,W2,R3,SKU_C,4,179
155,W2,R3,SKU_D,4,190
155,W2,R3,SKU_E,4,109
156,Supplier,W1,SKU_A,5,344
156,Supplier,W1,SKU_B,5,279
156,Supplier,W1,SKU_C,5,308
156,Supplier,W1,SKU_D,5,193
156,Supplier,W1,SKU_E,5,167
156,Supplier,W2,SKU_A,6,339
156,Supplier,W2,SKU_B,6,259
156,Supplier,W2,SKU_C,6,309
156,Supplier,W2,SKU_D,6,287
156,Supplier,W2,SKU_E,6,109
156,W2,R3,SKU_A,4,280
156,W2,R3,SKU_B,4,144
156,W2,R3,SKU_C,4,191
156,W2,R3,SKU_D,4,160
156,W2,R3,SKU_E,4,91
157,Supplier,W1,SKU_A,5,367
157,Supplier,W1,SKU_B,5,203
157,Supplier,W1,SKU_C,5,313
157,Supplier,W1,SKU_D,5,227
157,Supplier,W1,SKU_E,5,122
157,Supplier,W2,SKU_A,6,320
157,Supplier,W2,SKU_B,6,194
157,Supplier,W2,SKU_C,6,238
157,Supplier,W2,SKU_D,6,225
157,Supplier,W2,SKU_E,6,91
157,W1,R1,SKU_A,2,447
157,W1,R1,SKU_B,2,210
157,W1,R1,SKU_C,2,270
157,W1,R1,SKU_E,2,164
157,W1,R1,SKU_D,2,188
157,W1,R2,SKU_A,3,151
157,W1,R2,SKU_B,3,6
157,W1,R2,SKU_E,3,68
157,W2,R3,SKU_A,4,219
157,W2,R3,SKU_B,4,122
157,W2,R3,SKU_C,4,152
157,W2,R3,SKU_D,4,146
157,W2,R3,SKU_E,4,83
158,Supplier,W2,SKU_A,6,246
158,Supplier,W2,SKU_B,6,134
158,Supplier,W2,SKU_C,6,141
158,Supplier,W2,SKU_D,6,170
158,Supplier,W2,SKU_E,6,83
158,W2,R3,SKU_A,4,219
158,W2,R3,SKU_B,4,78
158,W2,R3,SKU_C,4,125
158,W2,R3,SKU_D,4,132
158,W2,R3,SKU_E,4,60
159,Supplier,W1,SKU_A,5,555
159,Supplier,W1,SKU_B,5,370
159,Supplier,W1,SKU_C,5,380
159,Supplier,W1,SKU_D,5,305
159,Supplier,W1,SKU_E,5,180
159,Supplier,W2,SKU_A,6,212
159,Supplier,W2,SKU_B,6,120
159,Supplier,W2,SKU_C,6,177
159,Supplier,W2,SKU_D,6,166
159,Supplier,W2,SKU_E,6,60
159,W1,R1,SKU_E,2,110
159,W1,R1,SKU_A,2,288
159,W1,R1,SKU_B,2,176
159,W1,R1,SKU_C,2,262
159,W1,R1,SKU_D,2,194
159,W1,R2,SKU_A,3,143
159,W1,R2,SKU_B,3,46
159,W1,R2,SKU_D,3,73
159,W1,R2,SKU_E,3,50
159,W2,R3,SKU_A,4,208
159,W2,R3,SKU_B,4,100
159,W2,R3,SKU_C,4,118
159,W2,R3,SKU_D,4,143
159,W2,R3,SKU_E,4,75
160,Supplier,W2,SKU_A,6,214
160,Supplier,W2,SKU_B,6,91
160,Supplier,W2,SKU_C,6,114
160,Supplier,W2,SKU_D,6,91
160,Supplier,W2,SKU_E,6,75
160,W1,R1,SKU_A,2,154
160,W1,R1,SKU_B,2,95
160,W1,R1,SKU_C,2,126
160,W1,R1,SKU_D,2,79
160,W1,R1,SKU_E,2,73
160,W1,R2,SKU_A,3,209
160,W1,R2,SKU_B,3,130
160,W1,R2,SKU_C,3,127
160,W1,R2,SKU_D,3,122
160,W1,R2,SKU_E,3,51
160,W2,R3,SKU_A,4,251
160,W2,R3,SKU_B,4,103
160,W2,R3,SKU_C,4,124
160,W2,R3,SKU_D,4,173
160,W2,R3,SKU_E,4,95
161,Supplier,W1,SKU_A,5,478
161,Supplier,W1,SKU_B,5,304
161,Supplier,W1,SKU_C,5,351
161,Supplier,W1,SKU_D,5,300
161,Supplier,W1,SKU_E,5,214
161,Supplier,W2,SKU_A,6,221
161,Supplier,W2,SKU_B,6,108
161,Supplier,W2,SKU_C,6,154
161,Supplier,W2,SKU_D,6,147
161,Supplier,W2,SKU_E,6,95
161,W1,R1,SKU_A,2,170
161,W1,R1,SKU_B,2,137
161,W1,R1,SKU_C,2,113
161,W1,R1,SKU_D,2,71
161,W1,R1,SKU_E,2,70
161,W1,R2,SKU_A,3,110
161,W1,R2,SKU_B,3,142
161,W1,R2,SKU_C,3,195
161,W1,R2,SKU_D,3,122
161,W1,R2,SKU_E,3,45
161,W2,R3,SKU_A,4,377
161,W2,R3,SKU_B,4,210
161,W2,R3,SKU_C,4,199
161,W2,R3,SKU_D,4,216
161,W2,R3,SKU_E,4,68
162,Supplier,W2,SKU_A,6,293
162,Supplier,W2,SKU_B,6,107
162,Supplier,W2,SKU_C,6,173
162,Supplier,W2,SKU_D,6,167
162,Supplier,W2,SKU_E,6,68
162,W1,R1,SKU_A,2,215
162,W1,R1,SKU_B,2,116
162,W1,R1,SKU_C,2,131
162,W1,R1,SKU_D,2,137
162,W1,R1,SKU_E,2,75
162,W1,R2,SKU_A,3,145
162,W1,R2,SKU_B,3,87
162,W1,R2,SKU_C,3,182
162,W1,R2,SKU_D,3,90
162,W1,R2,SKU_E,3,60
162,W2,R3,SKU_A,4,343
162,W2,R3,SKU_B,4,259
162,W2,R3,SKU_C,4,309
162,W2,R3,SKU_D,4,287
162,W2,R3,SKU_E,4,135
163,Supplier,W1,SKU_A,5,632
163,Supplier,W1,SKU_B,5,393
163,Supplier,W1,SKU_C,5,394
163,Supplier,W1,SKU_D,5,333
163,Supplier,W1,SKU_E,5,250
163,Supplier,W2,SKU_A,6,386
163,Supplier,W2,SKU_B,6,186
163,Supplier,W2,SKU_C,6,231
163,Supplier,W2,SKU_D,6,159
163,Supplier,W2,SKU_E,6,135
163,W2,R3,SKU_A,4,320
163,W2,R3,SKU_B,4,194
163,W2,R3,SKU_C,4,238
163,W2,R3,SKU_D,4,225
163,W2,R3,SKU_E,4,83
164,Supplier,W1,SKU_A,5,328
164,Supplier,W1,SKU_B,5,189
164,Supplier,W1,SKU_C,5,169
164,Supplier,W1,SKU_D,5,156
164,Supplier,W1,SKU_E,5,130
164,Supplier,W2,SKU_A,6,339
164,Supplier,W2,SKU_B,6,153
164,Supplier,W2,SKU_C,6,216
164,Supplier,W2,SKU_D,6,217
164,Supplier,W2,SKU_E,6,83
164,W1,R1,SKU_A,2,385
164,W1,R1,SKU_E,2,140
164,W1,R1,SKU_B,2,193
164,W1,R1,SKU_C,2,226
164,W1,R1,SKU_D,2,190
164,W1,R2,SKU_E,3,95
164,W1,R2,SKU_A,3,181
164,W1,R2,SKU_B,3,177
164,W1,R2,SKU_C,3,143
164,W1,R2,SKU_D,3,115
164,W2,R3,SKU_A,4,246
164,W2,R3,SKU_B,4,134
164,W2,R3,SKU_C,4,141
164,W2,R3,SKU_D,4,170
164,W2,R3,SKU_E,4,81
165,Supplier,W2,SKU_A,6,243
165,Supplier,W2,SKU_B,6,136
165,Supplier,W2,SKU_C,6,174
165,Supplier,W2,SKU_D,6,159
165,Supplier,W2,SKU_E,6,81
165,W2,R3,SKU_A,4,212
165,W2,R3,SKU_B,4,120
165,W2,R3,SKU_C,4,177
165,W2,R3,SKU_D,4,166
165,W2,R3,SKU_E,4,80
166,Supplier,W1,SKU_A,5,471
166,Supplier,W1,SKU_B,5,243
166,Supplier,W1,SKU_C,5,278
166,Supplier,W1,SKU_D,5,281
166,Supplier,W1,SKU_E,5,202
166,Supplier,W2,SKU_A,6,235
166,Supplier,W2,SKU_B,6,95
166,Supplier,W2,SKU_C,6,111
166,Supplier,W2,SKU_D,6,143
166,Supplier,W2,SKU_E,6,80
166,W1,R1,SKU_A,2,291
166,W1,R1,SKU_C,2,156
166,W1,R1,SKU_E,2,100
166,W1,R1,SKU_B,2,129
166,W1,R1,SKU_D,2,163
166,W1,R2,SKU_A,3,149
166,W1,R2,SKU_B,3,172
166,W1,R2,SKU_C,3,74
166,W1,R2,SKU_D,3,137
166,W1,R2,SKU_E,3,83
166,W2,R3,SKU_A,4,214
166,W2,R3,SKU_B,4,91
166,W2,R3,SKU_C,4,114
166,W2,R3,SKU_D,4,91
166,W2,R3,SKU_E,4,78
167,Supplier,W2,SKU_A,6,220
167,Supplier,W2,SKU_B,6,110
167,Supplier,W2,SKU_C,6,129
167,Supplier,W2,SKU_D,6,159
167,Supplier,W2,SKU_E,6,78
167,W2,R3,SKU_A,4,221
167,W2,R3,SKU_B,4,108
167,W2,R3,SKU_C,4,154
167,W2,R3,SKU_D,4,147
167,W2,R3,SKU_E,4,88
168,Supplier,W1,SKU_A,5,422
168,Supplier,W1,SKU_B,5,247
168,Supplier,W1,SKU_C,5,238
168,Supplier,W1,SKU_D,5,221
168,Supplier,W1,SKU_E,5,198
168,Supplier,W2,SKU_A,6,257
168,Supplier,W2,SKU_B,6,106
168,Supplier,W2,SKU_C,6,138
168,Supplier,W2,SKU_D,6,179
168,Supplier,W2,SKU_E,6,88
168,W1,R1,SKU_A,2,336
168,W1,R1,SKU_B,2,168
168,W1,R1,SKU_C,2,149
168,W1,R1,SKU_E,2,131
168,W1,R1,SKU_D,2,155
168,W1,R2,SKU_C,3,94
168,W1,R2,SKU_E,3,104
168,W1,R2,SKU_A,3,185
168,W1,R2,SKU_B,3,112
168,W1,R2,SKU_D,3,159
168,W2,R3,SKU_A,4,293
168,W2,R3,SKU_B,4,107
168,W2,R3,SKU_C,4,173
168,W2,R3,SKU_D,4,167
168,W2,R3,SKU_E,4,94
169,Supplier,W2,SKU_A,6,298
169,Supplier,W2,SKU_B,6,117
169,Supplier,W2,SKU_C,6,185
169,Supplier,W2,SKU_D,6,186
169,Supplier,W2,SKU_E,6,94
169,W1,R1,SKU_A,2,208
169,W1,R1,SKU_B,2,116
169,W1,R1,SKU_C,2,129
169,W1,R1,SKU_D,2,110
169,W1,R1,SKU_E,2,82
169,W1,R2,SKU_A,3,121
169,W1,R2,SKU_B,3,48
169,W1,R2,SKU_C,3,53
169,W1,R2,SKU_D,3,49
169,W1,R2,SKU_E,3,77
169,W2,R3,SKU_A,4,386
169,W2,R3,SKU_B,4,186
169,W2,R3,SKU_C,4,231
169,W2,R3,SKU_D,4,159
169,W2,R3,SKU_E,4,93
170,Supplier,W1,SKU_A,5,635
170,Supplier,W1,SKU_B,5,311
170,Supplier,W1,SKU_C,5,307
170,Supplier,W1,SKU_D,5,307
170,Supplier,W1,SKU_E,5,282
170,Supplier,W2,SKU_A,6,304
170,Supplier,W2,SKU_B,6,149
170,Supplier,W2,SKU_C,6,208
170,Supplier,W2,SKU_D,6,157
170,Supplier,W2,SKU_E,6,93
170,W1,R1,SKU_A,2,208
170,W1,R1,SKU_B,2,118
170,W1,R1,SKU_C,2,145
170,W1,R1,SKU_D,2,16
170,W1,R1,SKU_E,2,67
170,W2,R3,SKU_A,4,339
170,W2,R3,SKU_B,4,153
170,W2,R3,SKU_C,4,216
170,W2,R3,SKU_D,4,217
170,W2,R3,SKU_E,4,92
171,Supplier,W1,SKU_A,5,358
171,Supplier,W1,SKU_B,5,155
171,Supplier,W1,SKU_C,5,198
171,Supplier,W1,SKU_D,5,197
171,Supplier,W1,SKU_E,5,144
171,Supplier,W2,SKU_A,6,303
171,Supplier,W2,SKU_B,6,201
171,Supplier,W2,SKU_C,6,232
171,Supplier,W2,SKU_D,6,233
171,Supplier,W2,SKU_E,6,92
171,W1,R1,SKU_A,2,191
171,W1,R1,SKU_B,2,100
171,W1,R1,SKU_C,2,110
171,W1,R1,SKU_D,2,216
171,W1,R1,SKU_E,2,95
171,W1,R2,SKU_B,3,106
171,W1,R2,SKU_C,3,96
171,W1,R2,SKU_A,3,214
171,W1,R2,SKU_D,3,65
171,W1,R2,SKU_E,3,93
171,W2,R3,SKU_A,4,243
171,W2,R3,SKU_B,4,136
171,W2,R3,SKU_C,4,174
171,W2,R3,SKU_D,4,159
171,W2,R3,SKU_E,4,71
172,Supplier,W2,SKU_A,6,254
172,Supplier,W2,SKU_B,6,148
172,Supplier,W2,SKU_C,6,138
172,Supplier,W2,SKU_D,6,177
172,Supplier,W2,SKU_E,6,71
172,W2,R3,SKU_A,4,192
172,W2,R3,SKU_B,4,95
172,W2,R3,SKU_C,4,111
172,W2,R3,SKU_D,4,143
172,W2,R3,SKU_E,4,74
173,Supplier,W1,SKU_A,5,482
173,Supplier,W1,SKU_B,5,292
173,Supplier,W1,SKU_C,5,263
173,Supplier,W1,SKU_D,5,265
173,Supplier,W1,SKU_E,5,211
173,Supplier,W2,SKU_A,6,170
173,Supplier,W2,SKU_B,6,113
173,Supplier,W2,SKU_C,6,109
173,Supplier,W2,SKU_D,6,128
173,Supplier,W2,SKU_E,6,74
173,W1,R1,SKU_A,2,260
173,W1,R1,SKU_B,2,166
173,W1,R1,SKU_C,2,190
173,W1,R1,SKU_E,2,132
173,W1,R1,SKU_D,2,141
173,W1,R2,SKU_C,3,89
173,W1,R2,SKU_A,3,206
173,W1,R2,SKU_B,3,141
173,W1,R2,SKU_D,3,80
173,W1,R2,SKU_E,3,80
173,W2,R3,SKU_A,4,224
173,W2,R3,SKU_B,4,110
173,W2,R3,SKU_C,4,129
173,W2,R3,SKU_D,4,159
173,W2,R3,SKU_E,4,66
174,Supplier,W2,SKU_A,6,224
174,Supplier,W2,SKU_B,6,150
174,Supplier,W2,SKU_C,6,169
174,Supplier,W2,SKU_D,6,156
174,Supplier,W2,SKU_E,6,66
174,W2,R3,SKU_A,4,248
174,W2,R3,SKU_B,4,106
174,W2,R3,SKU_C,4,138
174,W2,R3,SKU_D,4,179
174,W2,R3,SKU_E,4,79
175,Supplier,W1,SKU_A,5,494
175,Supplier,W1,SKU_B,5,372
175,Supplier,W1,SKU_C,5,321
175,Supplier,W1,SKU_D,5,302
175,Supplier,W1,SKU_E,5,246
175,Supplier,W2,SKU_A,6,248
175,Supplier,W2,SKU_B,6,132
175,Supplier,W2,SKU_C,6,155
175,Supplier,W2,SKU_D,6,181
175,Supplier,W2,SKU_E,6,79
175,W1,R1,SKU_A,2,307
175,W1,R1,SKU_C,2,229
175,W1,R1,SKU_B,2,204
175,W1,R1,SKU_D,2,179
175,W1,R1,SKU_E,2,150
175,W1,R2,SKU_C,3,110
175,W1,R2,SKU_A,3,209
175,W1,R2,SKU_B,3,107
175,W1,R2,SKU_D,3,128
175,W1,R2,SKU_E,3,123
175,W2,R3,SKU_A,4,280
175,W2,R3,SKU_B,4,117
175,W2,R3,SKU_C,4,185
175,W2,R3,SKU_D,4,186
175,W2,R3,SKU_E,4,94
176,Supplier,W1,SKU_A,5,261
176,Supplier,W1,SKU_B,5,177
176,Supplier,W1,SKU_C,5,187
176,Supplier,W1,SKU_D,5,172
176,Supplier,W1,SKU_E,5,139
176,Supplier,W2,SKU_A,6,280
176,Supplier,W2,SKU_B,6,129
176,Supplier,W2,SKU_C,6,148
176,Supplier,W2,SKU_D,6,183
176,Supplier,W2,SKU_E,6,94
176,W1,R1,SKU_A,2,198
176,W1,R1,SKU_B,2,155
176,W1,R1,SKU_C,2,125
176,W1,R1,SKU_D,2,130
176,W1,R1,SKU_E,2,74
176,W1,R2,SKU_A,3,116
176,W1,R2,SKU_C,3,74
176,W1,R2,SKU_D,3,67
176,W1,R2,SKU_E,3,63
176,W2,R3,SKU_A,4,314
176,W2,R3,SKU_B,4,149
176,W2,R3,SKU_C,4,208
176,W2,R3,SKU_D,4,157
176,W2,R3,SKU_E,4,103
177,Supplier,W1,SKU_A,5,314
177,Supplier,W1,SKU_B,5,209
177,Supplier,W1,SKU_C,5,199
177,Supplier,W1,SKU_D,5,196
177,Supplier,W1,SKU_E,5,137
177,Supplier,W2,SKU_A,6,314
177,Supplier,W2,SKU_B,6,182
177,Supplier,W2,SKU_C,6,217
177,Supplier,W2,SKU_D,6,224
177,Supplier,W2,SKU_E,6,103
177,W2,R3,SKU_A,4,310
177,W2,R3,SKU_B,4,201
177,W2,R3,SKU_C,4,232
177,W2,R3,SKU_D,4,233
177,W2,R3,SKU_E,4,98
178,Supplier,W1,SKU_A,5,321
178,Supplier,W1,SKU_B,5,180
178,Supplier,W1,SKU_C,5,210
178,Supplier,W1,SKU_D,5,170
178,Supplier,W1,SKU_E,5,130
178,Supplier,W2,SKU_A,6,310
178,Supplier,W2,SKU_B,6,112
178,Supplier,W2,SKU_C,6,202
178,Supplier,W2,SKU_D,6,189
178,Supplier,W2,SKU_E,6,98
178,W1,R1,SKU_A,2,411
178,W1,R1,SKU_C,2,243
178,W1,R1,SKU_E,2,106
178,W1,R1,SKU_B,2,198
178,W1,R1,SKU_D,2,216
178,W1,R2,SKU_A,3,193
178,W1,R2,SKU_B,3,94
178,W1,R2,SKU_C,3,98
178,W1,R2,SKU_D,3,49
178,W1,R2,SKU_E,3,113
178,W2,R3,SKU_A,4,224
178,W2,R3,SKU_B,4,148
178,W2,R3,SKU_C,4,138
178,W2,R3,SKU_D,4,177
178,W2,R3,SKU_E,4,70
179,Supplier,W2,SKU_A,6,224
179,Supplier,W2,SKU_B,6,86
179,Supplier,W2,SKU_C,6,158
179,Supplier,W2,SKU_D,6,142
179,Supplier,W2,SKU_E,6,70
179,W2,R3,SKU_A,4,223
179,W2,R3,SKU_B,4,113
179,W2,R3,SKU_C,4,109
179,W2,R3,SKU_D,4,128
179,W2,R3,SKU_E,4,74
180,Supplier,W1,SKU_A,5,497
180,Supplier,W1,SKU_B,5,240
180,Supplier,W1,SKU_C,5,251
180,Supplier,W1,SKU_D,5,249
180,Supplier,W1,SKU_E,5,184
180,Supplier,W2,SKU_A,6,223
180,Supplier,W2,SKU_B,6,95
180,Supplier,W2,SKU_C,6,114
180,Supplier,W2,SKU_D,6,127
180,Supplier,W2,SKU_E,6,74
180,W1,R1,SKU_A,2,262
180,W1,R1,SKU_C,2,160
180,W1,R1,SKU_E,2,107
180,W1,R1,SKU_B,2,131
180,W1,R1,SKU_D,2,158
180,W1,R2,SKU_A,3,166
180,W1,R2,SKU_B,3,200
180,W1,R2,SKU_C,3,99
180,W1,R2,SKU_D,3,144
180,W1,R2,SKU_E,3,91
180,W2,R3,SKU_A,4,185
180,W2,R3,SKU_B,4,150
180,W2,R3,SKU_C,4,169
180,W2,R3,SKU_D,4,156
180,W2,R3,SKU_E,4,55
181,Supplier,W2,SKU_A,6,185
181,Supplier,W2,SKU_B,6,82
181,Supplier,W2,SKU_C,6,105
181,Supplier,W2,SKU_D,6,104
181,Supplier,W2,SKU_E,6,55
181,W1,R1,SKU_A,2,131
181,W1,R1,SKU_B,2,75
181,W1,R1,SKU_C,2,78
181,W1,R1,SKU_D,2,101
181,W1,R1,SKU_E,2,46
181,W1,R2,SKU_A,3,80
181,W1,R2,SKU_B,3,37
181,W1,R2,SKU_C,3,34
181,W1,R2,SKU_D,3,71
181,W1,R2,SKU_E,3,44
181,W2,R3,SKU_A,4,187
181,W2,R3,SKU_B,4,132
181,W2,R3,SKU_C,4,155
181,W2,R3,SKU_D,4,181
181,W2,R3,SKU_E,4,56
182,Supplier,W1,SKU_A,5,425
182,Supplier,W1,SKU_B,5,207
182,Supplier,W1,SKU_C,5,251
182,Supplier,W1,SKU_D,5,262
182,Supplier,W1,SKU_E,5,193
182,Supplier,W2,SKU_A,6,187
182,Supplier,W2,SKU_B,6,72
182,Supplier,W2,SKU_C,6,126
182,Supplier,W2,SKU_D,6,121
182,Supplier,W2,SKU_E,6,56
182,W1,R1,SKU_A,2,156
182,W1,R1,SKU_B,2,90
182,W1,R1,SKU_C,2,90
182,W1,R1,SKU_D,2,82
182,W1,R1,SKU_E,2,55
182,W1,R2,SKU_A,3,69
182,W1,R2,SKU_B,3,73
182,W1,R2,SKU_C,3,44
182,W1,R2,SKU_D,3,102
182,W1,R2,SKU_E,3,53
182,W2,R3,SKU_A,4,253
182,W2,R3,SKU_B,4,129
182,W2,R3,SKU_C,4,126
182,W2,R3,SKU_D,4,183
182,W2,R3,SKU_E,4,77
183,Supplier,W2,SKU_A,6,253
183,Supplier,W2,SKU_B,6,105
183,Supplier,W2,SKU_C,6,123
183,Supplier,W2,SKU_D,6,176
183,Supplier,W2,SKU_E,6,77
183,W1,R1,SKU_A,2,207
183,W1,R1,SKU_B,2,130
183,W1,R1,SKU_C,2,145
183,W1,R1,SKU_D,2,89
183,W1,R1,SKU_E,2,83
183,W1,R2,SKU_A,3,119
183,W1,R2,SKU_B,3,89
183,W1,R2,SKU_C,3,36
183,W1,R2,SKU_D,3,66
183,W1,R2,SKU_E,3,55
183,W2,R3,SKU_A,4,355
183,W2,R3,SKU_B,4,182
183,W2,R3,SKU_C,4,239
183,W2,R3,SKU_D,4,224
183,W2,R3,SKU_E,4,110
184,Supplier,W1,SKU_A,5,551
184,Supplier,W1,SKU_B,5,382
184,Supplier,W1,SKU_C,5,315
184,Supplier,W1,SKU_D,5,287
184,Supplier,W1,SKU_E,5,246
184,Supplier,W2,SKU_A,6,355
184,Supplier,W2,SKU_B,6,178
184,Supplier,W2,SKU_C,6,268
184,Supplier,W2,SKU_D,6,235
184,Supplier,W2,SKU_E,6,110
184,W1,R1,SKU_A,2,220
184,W1,R1,SKU_B,2,113
184,W1,R1,SKU_C,2,128
184,W1,R1,SKU_D,2,27
184,W1,R1,SKU_E,2,75
184,W1,R2,SKU_A,3,43
184,W1,R2,SKU_C,3,33
184,W1,R2,SKU_E,3,51
184,W2,R3,SKU_A,4,343
184,W2,R3,SKU_B,4,112
184,W2,R3,SKU_C,4,202
184,W2,R3,SKU_D,4,189
184,W2,R3,SKU_E,4,97
185,Supplier,W1,SKU_A,5,338
185,Supplier,W1,SKU_B,5,219
185,Supplier,W1,SKU_C,5,161
185,Supplier,W1,SKU_D,5,183
185,Supplier,W1,SKU_E,5,130
185,Supplier,W2,SKU_A,6,343
185,Supplier,W2,SKU_B,6,137
185,Supplier,W2,SKU_C,6,263
185,Supplier,W2,SKU_D,6,237
185,Supplier,W2,SKU_E,6,97
185,W1,R1,SKU_A,2,201
185,W1,R1,SKU_B,2,114
185,W1,R1,SKU_C,2,95
185,W1,R1,SKU_D,2,192
185,W1,R1,SKU_E,2,63
185,W1,R2,SKU_A,3,178
185,W1,R2,SKU_B,3,126
185,W1,R2,SKU_C,3,44
185,W1,R2,SKU_D,3,57
185,W1,R2,SKU_E,3,70
185,W2,R3,SKU_A,4,287
185,W2,R3,SKU_B,4,86
185,W2,R3,SKU_C,4,158
185,W2,R3,SKU_D,4,142
185,W2,R3,SKU_E,4,76
186,Supplier,W2,SKU_A,6,287
186,Supplier,W2,SKU_B,6,110
186,Supplier,W2,SKU_C,6,205
186,Supplier,W2,SKU_D,6,176
186,Supplier,W2,SKU_E,6,76
186,W2,R3,SKU_A,4,239
186,W2,R3,SKU_B,4,95
186,W2,R3,SKU_C,4,114
186,W2,R3,SKU_D,4,127
186,W2,R3,SKU_E,4,82
187,Supplier,W1,SKU_A,5,553
187,Supplier,W1,SKU_B,5,310
187,Supplier,W1,SKU_C,5,289
187,Supplier,W1,SKU_D,5,329
187,Supplier,W1,SKU_E,5,269
187,Supplier,W2,SKU_A,6,253
187,Supplier,W2,SKU_B,6,113
187,Supplier,W2,SKU_C,6,209
187,Supplier,W2,SKU_D,6,170
187,Supplier,W2,SKU_E,6,82
187,W1,R1,SKU_A,2,327
187,W1,R1,SKU_C,2,196
187,W1,R1,SKU_E,2,169
187,W1,R1,SKU_B,2,171
187,W1,R1,SKU_D,2,212
187,W1,R2,SKU_C,3,123
187,W1,R2,SKU_A,3,201
187,W1,R2,SKU_B,3,36
187,W1,R2,SKU_D,3,50
187,W1,R2,SKU_E,3,75
187,W2,R3,SKU_A,4,185
187,W2,R3,SKU_B,4,82
187,W2,R3,SKU_C,4,105
187,W2,R3,SKU_D,4,104
187,W2,R3,SKU_E,4,88
188,Supplier,W2,SKU_A,6,286
188,Supplier,W2,SKU_B,6,114
188,Supplier,W2,SKU_C,6,178
188,Supplier,W2,SKU_D,6,199
188,Supplier,W2,SKU_E,6,88
188,W2,R3,SKU_A,4,187
188,W2,R3,SKU_B,4,72
188,W2,R3,SKU_C,4,126
188,W2,R3,SKU_D,4,121
188,W2,R3,SKU_E,4,76
189,Supplier,W1,SKU_A,5,545
189,Supplier,W1,SKU_B,5,280
189,Supplier,W1,SKU_C,5,325
189,Supplier,W1,SKU_D,5,323
189,Supplier,W1,SKU_E,5,266
189,Supplier,W2,SKU_A,6,284
189,Supplier,W2,SKU_B,6,132
189,Supplier,W2,SKU_C,6,135
189,Supplier,W2,SKU_D,6,190
189,Supplier,W2,SKU_E,6,76
189,W1,R1,SKU_A,2,375
189,W1,R1,SKU_C,2,245
189,W1,R1,SKU_B,2,197
189,W1,R1,SKU_D,2,227
189,W1,R1,SKU_E,2,152
189,W1,R2,SKU_C,3,117
189,W1,R2,SKU_A,3,191
189,W1,R2,SKU_B,3,185
189,W1,R2,SKU_D,3,60
189,W1,R2,SKU_E,3,94
189,W2,R3,SKU_A,4,253
189,W2,R3,SKU_B,4,105
189,W2,R3,SKU_C,4,123
189,W2,R3,SKU_D,4,176
189,W2,R3,SKU_E,4,119
190,Supplier,W1,SKU_A,5,308
190,Supplier,W1,SKU_B,5,188
190,Supplier,W1,SKU_C,5,206
190,Supplier,W1,SKU_D,5,197
190,Supplier,W1,SKU_E,5,141
190,Supplier,W2,SKU_A,6,358
190,Supplier,W2,SKU_B,6,144
190,Supplier,W2,SKU_C,6,201
190,Supplier,W2,SKU_D,6,208
190,Supplier,W2,SKU_E,6,124
190,W1,R1,SKU_A,2,231
190,W1,R1,SKU_B,2,155
190,W1,R1,SKU_C,2,184
190,W1,R1,SKU_D,2,145
190,W1,R1,SKU_E,2,105
190,W1,R2,SKU_A,3,107
190,W1,R2,SKU_B,3,64
190,W1,R2,SKU_C,3,66
190,W1,R2,SKU_D,3,38
190,W1,R2,SKU_E,3,25
190,W2,R3,SKU_A,4,355
190,W2,R3,SKU_B,4,178
190,W2,R3,SKU_C,4,268
190,W2,R3,SKU_D,4,235
190,W2,R3,SKU_E,4,98
191,Supplier,W1,SKU_A,5,368
191,Supplier,W1,SKU_B,5,224
191,Supplier,W1,SKU_C,5,250
191,Supplier,W1,SKU_D,5,210
191,Supplier,W1,SKU_E,5,161
191,Supplier,W2,SKU_A,6,391
191,Supplier,W2,SKU_B,6,189
191,Supplier,W2,SKU_C,6,305
191,Supplier,W2,SKU_D,6,256
191,Supplier,W2,SKU_E,6,93
191,W2,R3,SKU_A,4,343
191,W2,R3,SKU_B,4,137
191,W2,R3,SKU_C,4,263
191,W2,R3,SKU_D,4,237
191,W2,R3,SKU_E,4,96
192,Supplier,W1,SKU_A,5,414
192,Supplier,W1,SKU_B,5,170
192,Supplier,W1,SKU_C,5,240
192,Supplier,W1,SKU_D,5,197
192,Supplier,W1,SKU_E,5,150
192,Supplier,W2,SKU_A,6,403
192,Supplier,W2,SKU_B,6,144
192,Supplier,W2,SKU_C,6,261
192,Supplier,W2,SKU_D,6,259
192,Supplier,W2,SKU_E,6,96
192,W1,R1,SKU_C,2,299
192,W1,R1,SKU_A,2,453
192,W1,R1,SKU_B,2,224
192,W1,R1,SKU_D,2,247
192,W1,R1,SKU_E,2,169
192,W1,R2,SKU_A,3,100
192,W1,R2,SKU_B,3,86
192,W1,R2,SKU_C,3,13
192,W1,R2,SKU_D,3,82
192,W1,R2,SKU_E,3,100
192,W2,R3,SKU_A,4,287
192,W2,R3,SKU_B,4,110
192,W2,R3,SKU_C,4,205
192,W2,R3,SKU_D,4,176
192,W2,R3,SKU_E,4,72
193,Supplier,W2,SKU_A,6,270
193,Supplier,W2,SKU_B,6,107
193,Supplier,W2,SKU_C,6,181
193,Supplier,W2,SKU_D,6,176
193,Supplier,W2,SKU_E,6,72
193,W2,R3,SKU_A,4,253
193,W2,R3,SKU_B,4,113
193,W2,R3,SKU_C,4,209
193,W2,R3,SKU_D,4,170
193,W2,R3,SKU_E,4,85
194,Supplier,W1,SKU_A,5,627
194,Supplier,W1,SKU_B,5,320
194,Supplier,W1,SKU_C,5,353
194,Supplier,W1,SKU_D,5,265
194,Supplier,W1,SKU_E,5,246
194,Supplier,W2,SKU_A,6,283
194,Supplier,W2,SKU_B,6,104
194,Supplier,W2,SKU_C,6,172
194,Supplier,W2,SKU_D,6,202
194,Supplier,W2,SKU_E,6,85
194,W1,R1,SKU_A,2,395
194,W1,R1,SKU_B,2,158
194,W1,R1,SKU_C,2,223
194,W1,R1,SKU_D,2,184
194,W1,R1,SKU_E,2,130
194,W1,R2,SKU_A,3,150
194,W1,R2,SKU_B,3,122
194,W1,R2,SKU_C,3,102
194,W1,R2,SKU_D,3,139
194,W1,R2,SKU_E,3,136
194,W2,R3,SKU_A,4,286
194,W2,R3,SKU_B,4,114
194,W2,R3,SKU_C,4,178
194,W2,R3,SKU_D,4,199
194,W2,R3,SKU_E,4,68
195,Supplier,W2,SKU_A,6,268
195,Supplier,W2,SKU_B,6,94
195,Supplier,W2,SKU_C,6,155
195,Supplier,W2,SKU_D,6,162
195,Supplier,W2,SKU_E,6,68
195,W1,R1,SKU_A,2,169
195,W1,R1,SKU_B,2,80
195,W1,R1,SKU_C,2,108
195,W1,R1,SKU_D,2,115
195,W1,R1,SKU_E,2,61
195,W1,R2,SKU_A,3,139
195,W1,R2,SKU_B,3,108
195,W1,R2,SKU_C,3,98
195,W1,R2,SKU_D,3,82
195,W1,R2,SKU_E,3,80
195,W2,R3,SKU_A,4,284
195,W2,R3,SKU_B,4,132
195,W2,R3,SKU_C,4,135
195,W2,R3,SKU_D,4,190
195,W2,R3,SKU_E,4,78
196,Supplier,W1,SKU_A,5,586
196,Supplier,W1,SKU_B,5,253
196,Supplier,W1,SKU_C,5,302
196,Supplier,W1,SKU_D,5,305
196,Supplier,W1,SKU_E,5,246
196,Supplier,W2,SKU_A,6,273
196,Supplier,W2,SKU_B,6,106
196,Supplier,W2,SKU_C,6,180
196,Supplier,W2,SKU_D,6,192
196,Supplier,W2,SKU_E,6,78
196,W1,R1,SKU_A,2,221
196,W1,R1,SKU_B,2,111
196,W1,R1,SKU_C,2,148
196,W1,R1,SKU_D,2,88
196,W1,R1,SKU_E,2,72
196,W1,R2,SKU_A,3,147
196,W1,R2,SKU_B,3,106
196,W1,R2,SKU_C,3,102
196,W1,R2,SKU_D,3,122
196,W1,R2,SKU_E,3,89
196,W2,R3,SKU_A,4,358
196,W2,R3,SKU_B,4,144
196,W2,R3,SKU_C,4,201
196,W2,R3,SKU_D,4,208
196,W2,R3,SKU_E,4,94
197,Supplier,W1,SKU_A,5,351
197,Supplier,W1,SKU_B,5,192
197,Supplier,W1,SKU_C,5,209
197,Supplier,W1,SKU_D,5,141
197,Supplier,W1,SKU_E,5,122
197,Supplier,W2,SKU_A,6,379
197,Supplier,W2,SKU_B,6,131
197,Supplier,W2,SKU_C,6,212
197,Supplier,W2,SKU_D,6,201
197,Supplier,W2,SKU_E,6,94
197,W1,R1,SKU_A,2,249
197,W1,R1,SKU_B,2,158
197,W1,R1,SKU_C,2,182
197,W1,R1,SKU_D,2,182
197,W1,R1,SKU_E,2,92
197,W1,R2,SKU_A,3,165
197,W1,R2,SKU_B,3,19
197,W1,R2,SKU_C,3,58
197,W1,R2,SKU_D,3,15
197,W1,R2,SKU_E,3,58
197,W2,R3,SKU_A,4,391
197,W2,R3,SKU_B,4,189
197,W2,R3,SKU_C,4,305
197,W2,R3,SKU_D,4,256
197,W2,R3,SKU_E,4,102
198,Supplier,W1,SKU_A,5,395
198,Supplier,W1,SKU_B,5,223
198,Supplier,W1,SKU_C,5,276
198,Supplier,W1,SKU_D,5,234
198,Supplier,W1,SKU_E,5,156
198,Supplier,W2,SKU_A,6,410
198,Supplier,W2,SKU_B,6,141
198,Supplier,W2,SKU_C,6,275
198,Supplier,W2,SKU_D,6,260
198,Supplier,W2,SKU_E,6,102
198,W2,R3,SKU_A,4,403
198,W2,R3,SKU_B,4,144
198,W2,R3,SKU_C,4,261
198,W2,R3,SKU_D,4,259
198,W2,R3,SKU_E,4,102
199,Supplier,W1,SKU_A,5,408
199,Supplier,W1,SKU_B,5,225
199,Supplier,W1,SKU_C,5,282
199,Supplier,W1,SKU_D,5,245
199,Supplier,W1,SKU_E,5,164
199,Supplier,W2,SKU_A,6,412
199,Supplier,W2,SKU_B,6,124
199,Supplier,W2,SKU_C,6,232
199,Supplier,W2,SKU_D,6,259
199,Supplier,W2,SKU_E,6,102
199,W1,R1,SKU_A,2,461
199,W1,R1,SKU_B,2,235
199,W1,R1,SKU_C,2,326
199,W1,R1,SKU_D,2,265
199,W1,R1,SKU_E,2,175
199,W1,R2,SKU_A,3,166
199,W1,R2,SKU_B,3,85
199,W1,R2,SKU_C,3,27
199,W1,R2,SKU_E,3,71
199,W2,R3,SKU_A,4,270
199,W2,R3,SKU_B,4,107
199,W2,R3,SKU_C,4,181
199,W2,R3,SKU_D,4,176
199,W2,R3,SKU_E,4,94
200,Supplier,W1,SKU_A,5,328
200,Supplier,W1,SKU_B,5,191
200,Supplier,W1,SKU_C,5,190
200,Supplier,W1,SKU_D,5,173
200,Supplier,W1,SKU_E,5,147
200,Supplier,W2,SKU_A,6,327
200,Supplier,W2,SKU_B,6,108
200,Supplier,W2,SKU_C,6,199
200,Supplier,W2,SKU_D,6,235
200,Supplier,W2,SKU_E,6,94
200,W2,R3,SKU_A,4,283
200,W2,R3,SKU_B,4,104
200,W2,R3,SKU_C,4,172
200,W2,R3,SKU_D,4,202
200,W2,R3,SKU_E,4,78
201,Supplier,W1,SKU_A,5,310
201,Supplier,W1,SKU_B,5,177
201,Supplier,W1,SKU_C,5,167
201,Supplier,W1,SKU_D,5,176
201,Supplier,W1,SKU_E,5,136
201,Supplier,W2,SKU_A,6,301
201,Supplier,W2,SKU_B,6,97
201,Supplier,W2,SKU_C,6,174
201,Supplier,W2,SKU_D,6,211
201,Supplier,W2,SKU_E,6,78
201,W1,R1,SKU_A,2,353
201,W1,R1,SKU_B,2,174
201,W1,R1,SKU_C,2,198
201,W1,R1,SKU_D,2,258
201,W1,R1,SKU_E,2,147
201,W1,R2,SKU_A,3,233
201,W1,R2,SKU_B,3,79
201,W1,R2,SKU_C,3,104
201,W1,R2,SKU_D,3,47
201,W1,R2,SKU_E,3,99
201,W2,R3,SKU_A,4,268
201,W2,R3,SKU_B,4,94
201,W2,R3,SKU_C,4,155
201,W2,R3,SKU_D,4,162
201,W2,R3,SKU_E,4,58
202,Supplier,W2,SKU_A,6,307
202,Supplier,W2,SKU_B,6,95
202,Supplier,W2,SKU_C,6,198
202,Supplier,W2,SKU_D,6,162
202,Supplier,W2,SKU_E,6,58
202,W1,R1,SKU_A,2,183
202,W1,R1,SKU_B,2,95
202,W1,R1,SKU_C,2,122
202,W1,R1,SKU_D,2,100
202,W1,R1,SKU_E,2,76
202,W1,R2,SKU_A,3,168
202,W1,R2,SKU_B,3,97
202,W1,R2,SKU_C,3,87
202,W1,R2,SKU_D,3,41
202,W1,R2,SKU_E,3,46
202,W2,R3,SKU_A,4,273
202,W2,R3,SKU_B,4,106
202,W2,R3,SKU_C,4,180
202,W2,R3,SKU_D,4,192
202,W2,R3,SKU_E,4,74
203,Supplier,W1,SKU_A,5,529
203,Supplier,W1,SKU_B,5,303
203,Supplier,W1,SKU_C,5,310
203,Supplier,W1,SKU_D,5,283
203,Supplier,W1,SKU_E,5,246
203,Supplier,W2,SKU_A,6,301
203,Supplier,W2,SKU_B,6,103
203,Supplier,W2,SKU_C,6,197
203,Supplier,W2,SKU_D,6,217
203,Supplier,W2,SKU_E,6,74
203,W1,R1,SKU_A,2,206
203,W1,R1,SKU_B,2,137
203,W1,R1,SKU_C,2,167
203,W1,R1,SKU_D,2,159
203,W1,R1,SKU_E,2,87
203,W1,R2,SKU_A,3,189
203,W1,R2,SKU_B,3,86
203,W1,R2,SKU_C,3,109
203,W1,R2,SKU_D,3,75
203,W1,R2,SKU_E,3,69
203,W2,R3,SKU_A,4,379
203,W2,R3,SKU_B,4,131
203,W2,R3,SKU_C,4,212
203,W2,R3,SKU_D,4,201
203,W2,R3,SKU_E,4,99
204,Supplier,W1,SKU_A,5,323
204,Supplier,W1,SKU_B,5,210
204,Supplier,W1,SKU_C,5,207
204,Supplier,W1,SKU_D,5,225
204,Supplier,W1,SKU_E,5,152
204,Supplier,W2,SKU_A,6,400
204,Supplier,W2,SKU_B,6,142
204,Supplier,W2,SKU_C,6,282
204,Supplier,W2,SKU_D,6,231
204,Supplier,W2,SKU_E,6,99
204,W1,R1,SKU_A,2,305
204,W1,R1,SKU_B,2,160
204,W1,R1,SKU_C,2,216
204,W1,R1,SKU_D,2,178
204,W1,R1,SKU_E,2,111
204,W1,R2,SKU_A,3,103
204,W1,R2,SKU_B,3,65
204,W1,R2,SKU_C,3,66
204,W1,R2,SKU_D,3,67
204,W1,R2,SKU_E,3,53
204,W2,R3,SKU_A,4,410
204,W2,R3,SKU_B,4,141
204,W2,R3,SKU_C,4,275
204,W2,R3,SKU_D,4,260
204,W2,R3,SKU_E,4,114
205,Supplier,W1,SKU_A,5,433
205,Supplier,W1,SKU_B,5,245
205,Supplier,W1,SKU_C,5,284
205,Supplier,W1,SKU_D,5,245
205,Supplier,W1,SKU_E,5,175
205,Supplier,W2,SKU_A,6,439
205,Supplier,W2,SKU_B,6,167
205,Supplier,W2,SKU_C,6,362
205,Supplier,W2,SKU_D,6,320
205,Supplier,W2,SKU_E,6,114
205,W1,R1,SKU_A,2,315
205,W1,R1,SKU_B,2,143
205,W1,R1,SKU_C,2,185
205,W1,R1,SKU_D,2,173
205,W1,R1,SKU_E,2,92
205,W1,R2,SKU_A,3,13
205,W1,R2,SKU_B,3,48
205,W1,R2,SKU_C,3,5
205,W1,R2,SKU_E,3,55
205,W2,R3,SKU_A,4,412
205,W2,R3,SKU_B,4,124
205,W2,R3,SKU_C,4,232
205,W2,R3,SKU_D,4,259
205,W2,R3,SKU_E,4,99
206,Supplier,W1,SKU_A,5,427
206,Supplier,W1,SKU_B,5,223
206,Supplier,W1,SKU_C,5,267
206,Supplier,W1,SKU_D,5,255
206,Supplier,W1,SKU_E,5,146
206,Supplier,W2,SKU_A,6,481
206,Supplier,W2,SKU_B,6,138
206,Supplier,W2,SKU_C,6,311
206,Supplier,W2,SKU_D,6,280
206,Supplier,W2,SKU_E,6,99
206,W1,R1,SKU_A,2,219
206,W1,R1,SKU_B,2,92
206,W1,R1,SKU_C,2,114
206,W1,R1,SKU_D,2,132
206,W1,R1,SKU_E,2,72
206,W1,R2,SKU_A,3,91
206,W1,R2,SKU_B,3,85
206,W1,R2,SKU_C,3,53
206,W1,R2,SKU_D,3,44
206,W1,R2,SKU_E,3,64
206,W2,R3,SKU_A,4,327
206,W2,R3,SKU_B,4,108
206,W2,R3,SKU_C,4,199
206,W2,R3,SKU_D,4,235
206,W2,R3,SKU_E,4,62
207,Supplier,W2,SKU_A,6,319
207,Supplier,W2,SKU_B,6,71
207,Supplier,W2,SKU_C,6,232
207,Supplier,W2,SKU_D,6,204
207,Supplier,W2,SKU_E,6,62
207,W2,R3,SKU_A,4,301
207,W2,R3,SKU_B,4,97
207,W2,R3,SKU_C,4,174
207,W2,R3,SKU_D,4,211
207,W2,R3,SKU_E,4,68
208,Supplier,W1,SKU_A,5,631
208,Supplier,W1,SKU_B,5,276
208,Supplier,W1,SKU_C,5,341
208,Supplier,W1,SKU_D,5,322
208,Supplier,W1,SKU_E,5,247
208,Supplier,W2,SKU_A,6,311
208,Supplier,W2,SKU_B,6,80
208,Supplier,W2,SKU_C,6,149
208,Supplier,W2,SKU_D,6,178
208,Supplier,W2,SKU_E,6,68
208,W1,R1,SKU_A,2,330
208,W1,R1,SKU_B,2,159
208,W1,R1,SKU_C,2,192
208,W1,R1,SKU_D,2,179
208,W1,R1,SKU_E,2,124
208,W1,R2,SKU_A,3,199
208,W1,R2,SKU_B,3,144
208,W1,R2,SKU_C,3,118
208,W1,R2,SKU_D,3,104
208,W1,R2,SKU_E,3,122
208,W2,R3,SKU_A,4,307
208,W2,R3,SKU_B,4,95
208,W2,R3,SKU_C,4,198
208,W2,R3,SKU_D,4,162
208,W2,R3,SKU_E,4,49
209,Supplier,W2,SKU_A,6,266
209,Supplier,W2,SKU_B,6,81
209,Supplier,W2,SKU_C,6,143
209,Supplier,W2,SKU_D,6,167
209,Supplier,W2,SKU_E,6,49
209,W1,R1,SKU_A,2,146
209,W1,R1,SKU_B,2,77
209,W1,R1,SKU_C,2,74
209,W1,R1,SKU_D,2,71
209,W1,R1,SKU_E,2,64
209,W1,R2,SKU_A,3,177
209,W1,R2,SKU_B,3,133
209,W1,R2,SKU_C,3,133
209,W1,R2,SKU_D,3,154
209,W1,R2,SKU_E,3,88
209,W2,R3,SKU_A,4,301
209,W2,R3,SKU_B,4,103
209,W2,R3,SKU_C,4,197
209,W2,R3,SKU_D,4,217
209,W2,R3,SKU_E,4,66
210,Supplier,W1,SKU_A,5,468
210,Supplier,W1,SKU_B,5,306
210,Supplier,W1,SKU_C,5,239
210,Supplier,W1,SKU_D,5,254
210,Supplier,W1,SKU_E,5,220
210,Supplier,W2,SKU_A,6,234
210,Supplier,W2,SKU_B,6,64
210,Supplier,W2,SKU_C,6,148
210,Supplier,W2,SKU_D,6,164
210,Supplier,W2,SKU_E,6,66
210,W1,R1,SKU_A,2,138
210,W1,R1,SKU_B,2,96
210,W1,R1,SKU_C,2,93
210,W1,R1,SKU_D,2,88
210,W1,R1,SKU_E,2,59
210,W1,R2,SKU_A,3,295
210,W1,R2,SKU_B,3,149
210,W1,R2,SKU_C,3,93
210,W1,R2,SKU_D,3,157
210,W1,R2,SKU_E,3,82
210,W2,R3,SKU_A,4,400
210,W2,R3,SKU_B,4,142
210,W2,R3,SKU_C,4,282
210,W2,R3,SKU_D,4,231
210,W2,R3,SKU_E,4,52
211,Supplier,W2,SKU_A,6,333
211,Supplier,W2,SKU_B,6,90
211,Supplier,W2,SKU_C,6,187
211,Supplier,W2,SKU_D,6,191
211,Supplier,W2,SKU_E,6,52
211,W1,R1,SKU_A,2,227
211,W1,R1,SKU_B,2,140
211,W1,R1,SKU_C,2,171
211,W1,R1,SKU_D,2,135
211,W1,R1,SKU_E,2,77
211,W1,R2,SKU_A,3,162
211,W1,R2,SKU_B,3,83
211,W1,R2,SKU_C,3,66
211,W1,R2,SKU_D,3,120
211,W1,R2,SKU_E,3,55
211,W2,R3,SKU_A,4,439
211,W2,R3,SKU_B,4,167
211,W2,R3,SKU_C,4,362
211,W2,R3,SKU_D,4,320
211,W2,R3,SKU_E,4,88
212,Supplier,W1,SKU_A,5,599
212,Supplier,W1,SKU_B,5,367
212,Supplier,W1,SKU_C,5,385
212,Supplier,W1,SKU_D,5,341
212,Supplier,W1,SKU_E,5,234
212,Supplier,W2,SKU_A,6,363
212,Supplier,W2,SKU_B,6,127
212,Supplier,W2,SKU_C,6,245
212,Supplier,W2,SKU_D,6,278
212,Supplier,W2,SKU_E,6,88
212,W2,R3,SKU_A,4,481
212,W2,R3,SKU_B,4,138
212,W2,R3,SKU_C,4,311
212,W2,R3,SKU_D,4,280
212,W2,R3,SKU_E,4,82
213,Supplier,W1,SKU_A,5,365
213,Supplier,W1,SKU_B,5,196
213,Supplier,W1,SKU_C,5,245
213,Supplier,W1,SKU_D,5,196
213,Supplier,W1,SKU_E,5,159
213,Supplier,W2,SKU_A,6,422
213,Supplier,W2,SKU_B,6,141
213,Supplier,W2,SKU_C,6,330
213,Supplier,W2,SKU_D,6,310
213,Supplier,W2,SKU_E,6,82
213,W1,R1,SKU_A,2,374
213,W1,R1,SKU_C,2,260
213,W1,R1,SKU_E,2,154
213,W1,R1,SKU_B,2,198
213,W1,R1,SKU_D,2,216
213,W1,R2,SKU_A,3,197
213,W1,R2,SKU_B,3,78
213,W1,R2,SKU_C,3,130
213,W1,R2,SKU_D,3,106
213,W1,R2,SKU_E,3,119
213,W2,R3,SKU_A,4,319
213,W2,R3,SKU_B,4,71
213,W2,R3,SKU_C,4,232
213,W2,R3,SKU_D,4,204
213,W2,R3,SKU_E,4,50
214,Supplier,W2,SKU_A,6,274
214,Supplier,W2,SKU_B,6,69
214,Supplier,W2,SKU_C,6,184
214,Supplier,W2,SKU_D,6,200
214,Supplier,W2,SKU_E,6,50
214,W2,R3,SKU_A,4,311
214,W2,R3,SKU_B,4,72
214,W2,R3,SKU_C,4,149
214,W2,R3,SKU_D,4,178
214,W2,R3,SKU_E,4,59
215,Supplier,W1,SKU_A,5,443
215,Supplier,W1,SKU_B,5,234
215,Supplier,W1,SKU_C,5,244
215,Supplier,W1,SKU_D,5,238
215,Supplier,W1,SKU_E,5,226
215,Supplier,W2,SKU_A,6,219
215,Supplier,W2,SKU_B,6,59
215,Supplier,W2,SKU_C,6,133
215,Supplier,W2,SKU_D,6,129
215,Supplier,W2,SKU_E,6,59
215,W1,R1,SKU_A,2,269
215,W1,R1,SKU_C,2,150
215,W1,R1,SKU_E,2,101
215,W1,R1,SKU_B,2,136
215,W1,R1,SKU_D,2,147
215,W1,R2,SKU_C,3,85
215,W1,R2,SKU_A,3,177
215,W1,R2,SKU_B,3,148
215,W1,R2,SKU_D,3,107
215,W1,R2,SKU_E,3,119
215,W2,R3,SKU_A,4,266
215,W2,R3,SKU_B,4,89
215,W2,R3,SKU_C,4,143
215,W2,R3,SKU_D,4,167
215,W2,R3,SKU_E,4,70
216,Supplier,W2,SKU_A,6,248
216,Supplier,W2,SKU_B,6,89
216,Supplier,W2,SKU_C,6,165
216,Supplier,W2,SKU_D,6,169
216,Supplier,W2,SKU_E,6,70
216,W2,R3,SKU_A,4,234
216,W2,R3,SKU_B,4,64
216,W2,R3,SKU_C,4,148
216,W2,R3,SKU_D,4,164
216,W2,R3,SKU_E,4,102
217,Supplier,W1,SKU_A,5,521
217,Supplier,W1,SKU_B,5,265
217,Supplier,W1,SKU_C,5,279
217,Supplier,W1,SKU_D,5,316
217,Supplier,W1,SKU_E,5,254
217,Supplier,W2,SKU_A,6,339
217,Supplier,W2,SKU_B,6,103
217,Supplier,W2,SKU_C,6,239
217,Supplier,W2,SKU_D,6,205
217,Supplier,W2,SKU_E,6,102
217,W1,R1,SKU_A,2,354
217,W1,R1,SKU_B,2,195
217,W1,R1,SKU_C,2,198
217,W1,R1,SKU_E,2,167
217,W1,R1,SKU_D,2,221
217,W1,R2,SKU_A,3,265
217,W1,R2,SKU_B,3,126
217,W1,R2,SKU_C,3,131
217,W1,R2,SKU_D,3,120
217,W1,R2,SKU_E,3,89
217,W2,R3,SKU_A,4,333
217,W2,R3,SKU_B,4,90
217,W2,R3,SKU_C,4,187
217,W2,R3,SKU_D,4,191
217,W2,R3,SKU_E,4,96
218,Supplier,W1,SKU_A,5,307
218,Supplier,W1,SKU_B,5,179
218,Supplier,W1,SKU_C,5,186
218,Supplier,W1,SKU_D,5,167
218,Supplier,W1,SKU_E,5,150
218,Supplier,W2,SKU_A,6,407
218,Supplier,W2,SKU_B,6,139
218,Supplier,W2,SKU_C,6,210
218,Supplier,W2,SKU_D,6,235
218,Supplier,W2,SKU_E,6,96
218,W1,R1,SKU_A,2,231
218,W1,R1,SKU_B,2,111
218,W1,R1,SKU_C,2,156
218,W1,R1,SKU_D,2,125
218,W1,R1,SKU_E,2,89
218,W1,R2,SKU_A,3,137
218,W1,R2,SKU_B,3,54
218,W1,R2,SKU_C,3,77
218,W1,R2,SKU_D,3,71
218,W1,R2,SKU_E,3,70
218,W2,R3,SKU_A,4,363
218,W2,R3,SKU_B,4,127
218,W2,R3,SKU_C,4,245
218,W2,R3,SKU_D,4,278
218,W2,R3,SKU_E,4,82
219,Supplier,W1,SKU_A,5,368
219,Supplier,W1,SKU_B,5,165
219,Supplier,W1,SKU_C,5,233
219,Supplier,W1,SKU_D,5,204
219,Supplier,W1,SKU_E,5,141
219,Supplier,W2,SKU_A,6,433
219,Supplier,W2,SKU_B,6,114
219,Supplier,W2,SKU_C,6,240
219,Supplier,W2,SKU_D,6,245
219,Supplier,W2,SKU_E,6,82
219,W2,R3,SKU_A,4,422
219,W2,R3,SKU_B,4,141
219,W2,R3,SKU_C,4,330
219,W2,R3,SKU_D,4,310
219,W2,R3,SKU_E,4,72
220,Supplier,W2,SKU_A,6,246
220,Supplier,W2,SKU_B,6,67
220,Supplier,W2,SKU_C,6,137
220,Supplier,W2,SKU_D,6,167
220,Supplier,W2,SKU_E,6,72
220,W1,R1,SKU_A,2,376
220,W1,R1,SKU_B,2,200
220,W1,R1,SKU_C,2,214
220,W1,R1,SKU_D,2,180
220,W1,R1,SKU_E,2,153
220,W1,R2,SKU_C,3,130
220,W1,R2,SKU_A,3,164
220,W1,R2,SKU_B,3,87
220,W1,R2,SKU_D,3,58
220,W1,R2,SKU_E,3,73
220,W2,R3,SKU_A,4,274
220,W2,R3,SKU_B,4,63
220,W2,R3,SKU_C,4,184
220,W2,R3,SKU_D,4,200
220,W2,R3,SKU_E,4,75
221,Supplier,W1,SKU_A,5,615
221,Supplier,W1,SKU_B,5,287
221,Supplier,W1,SKU_C,5,344
221,Supplier,W1,SKU_D,5,293
221,Supplier,W1,SKU_E,5,281
221,Supplier,W2,SKU_A,6,283
221,Supplier,W2,SKU_B,6,62
221,Supplier,W2,SKU_C,6,170
221,Supplier,W2,SKU_D,6,204
221,Supplier,W2,SKU_E,6,75
221,W2,R3,SKU_A,4,219
221,W2,R3,SKU_B,4,65
221,W2,R3,SKU_C,4,133
221,W2,R3,SKU_D,4,129
221,W2,R3,SKU_E,4,56
222,Supplier,W2,SKU_A,6,213
222,Supplier,W2,SKU_B,6,70
222,Supplier,W2,SKU_C,6,138
222,Supplier,W2,SKU_D,6,155
222,Supplier,W2,SKU_E,6,56
222,W1,R1,SKU_B,2,146
222,W1,R1,SKU_C,2,187
222,W1,R1,SKU_A,2,312
222,W1,R1,SKU_D,2,143
222,W1,R1,SKU_E,2,90
222,W1,R2,SKU_A,3,209
222,W1,R2,SKU_B,3,113
222,W1,R2,SKU_C,3,139
222,W1,R2,SKU_D,3,173
222,W1,R2,SKU_E,3,164
222,W2,R3,SKU_A,4,248
222,W2,R3,SKU_B,4,58
222,W2,R3,SKU_C,4,165
222,W2,R3,SKU_D,4,169
222,W2,R3,SKU_E,4,57
223,Supplier,W1,SKU_A,5,541
223,Supplier,W1,SKU_B,5,259
223,Supplier,W1,SKU_C,5,326
223,Supplier,W1,SKU_D,5,241
223,Supplier,W1,SKU_E,5,186
223,Supplier,W2,SKU_A,6,264
223,Supplier,W2,SKU_B,6,53
223,Supplier,W2,SKU_C,6,135
223,Supplier,W2,SKU_D,6,158
223,Supplier,W2,SKU_E,6,57
223,W1,R1,SKU_A,2,135
223,W1,R1,SKU_B,2,74
223,W1,R1,SKU_C,2,57
223,W1,R1,SKU_D,2,83
223,W1,R1,SKU_E,2,53
223,W1,R2,SKU_A,3,172
223,W1,R2,SKU_B,3,44
223,W1,R2,SKU_C,3,39
223,W1,R2,SKU_D,3,84
223,W1,R2,SKU_E,3,70
223,W2,R3,SKU_A,4,339
223,W2,R3,SKU_B,4,59
223,W2,R3,SKU_C,4,239
223,W2,R3,SKU_D,4,205
223,W2,R3,SKU_E,4,69
224,Supplier,W2,SKU_A,6,230
224,Supplier,W2,SKU_B,6,59
224,Supplier,W2,SKU_C,6,144
224,Supplier,W2,SKU_D,6,139
224,Supplier,W2,SKU_E,6,69
224,W1,R1,SKU_A,2,195
224,W1,R1,SKU_B,2,92
224,W1,R1,SKU_C,2,93
224,W1,R1,SKU_D,2,88
224,W1,R1,SKU_E,2,59
224,W1,R2,SKU_A,3,173
224,W1,R2,SKU_B,3,56
224,W1,R2,SKU_C,3,62
224,W1,R2,SKU_D,3,106
224,W1,R2,SKU_E,3,48
224,W2,R3,SKU_A,4,407
224,W2,R3,SKU_B,4,80
224,W2,R3,SKU_C,4,210
224,W2,R3,SKU_D,4,235
224,W2,R3,SKU_E,4,61
225,Supplier,W1,SKU_A,5,597
225,Supplier,W1,SKU_B,5,266
225,Supplier,W1,SKU_C,5,251
225,Supplier,W1,SKU_D,5,281
225,Supplier,W1,SKU_E,5,221
225,Supplier,W2,SKU_A,6,325
225,Supplier,W2,SKU_B,6,80
225,Supplier,W2,SKU_C,6,159
225,Supplier,W2,SKU_D,6,229
225,Supplier,W2,SKU_E,6,61
225,W1,R1,SKU_B,2,114
225,W1,R1,SKU_C,2,156
225,W1,R1,SKU_D,2,10
225,W1,R1,SKU_E,2,61
225,W2,R3,SKU_A,4,433
225,W2,R3,SKU_B,4,99
225,W2,R3,SKU_C,4,240
225,W2,R3,SKU_D,4,245
225,W2,R3,SKU_E,4,82
226,Supplier,W1,SKU_A,5,352
226,Supplier,W1,SKU_B,5,169
226,Supplier,W1,SKU_C,5,238
226,Supplier,W1,SKU_D,5,207
226,Supplier,W1,SKU_E,5,119
226,Supplier,W2,SKU_A,6,325
226,Supplier,W2,SKU_B,6,99
226,Supplier,W2,SKU_C,6,231
226,Supplier,W2,SKU_D,6,249
226,Supplier,W2,SKU_E,6,82
226,W1,R1,SKU_A,2,457
226,W1,R1,SKU_B,2,117
226,W1,R1,SKU_C,2,122
226,W1,R1,SKU_D,2,243
226,W1,R1,SKU_E,2,101
226,W1,R2,SKU_B,3,104
226,W1,R2,SKU_C,3,166
226,W1,R2,SKU_A,3,158
226,W1,R2,SKU_D,3,50
226,W1,R2,SKU_E,3,111
226,W2,R3,SKU_A,4,246
226,W2,R3,SKU_B,4,91
226,W2,R3,SKU_C,4,137
226,W2,R3,SKU_D,4,167
226,W2,R3,SKU_E,4,88
227,Supplier,W1,SKU_A,5,404
227,Supplier,W1,SKU_B,5,166
227,Supplier,W1,SKU_C,5,206
227,Supplier,W1,SKU_D,5,186
227,Supplier,W1,SKU_E,5,154
227,Supplier,W2,SKU_A,6,416
227,Supplier,W2,SKU_B,6,91
227,Supplier,W2,SKU_C,6,205
227,Supplier,W2,SKU_D,6,230
227,Supplier,W2,SKU_E,6,88
227,W2,R3,SKU_A,4,283
227,W2,R3,SKU_B,4,79
227,W2,R3,SKU_C,4,170
227,W2,R3,SKU_D,4,204
227,W2,R3,SKU_E,4,76
228,Supplier,W2,SKU_A,6,330
228,Supplier,W2,SKU_B,6,79
228,Supplier,W2,SKU_C,6,186
228,Supplier,W2,SKU_D,6,150
228,Supplier,W2,SKU_E,6,76
228,W1,R1,SKU_B,2,133
228,W1,R1,SKU_C,2,160
228,W1,R1,SKU_E,2,98
228,W1,R1,SKU_A,2,295
228,W1,R1,SKU_D,2,163
228,W1,R2,SKU_B,3,59
228,W1,R2,SKU_E,3,109
228,W1,R2,SKU_A,3,246
228,W1,R2,SKU_C,3,92
228,W1,R2,SKU_D,3,78
228,W2,R3,SKU_A,4,213
228,W2,R3,SKU_B,4,66
228,W2,R3,SKU_C,4,138
228,W2,R3,SKU_D,4,155
228,W2,R3,SKU_E,4,49
229,Supplier,W1,SKU_A,5,470
229,Supplier,W1,SKU_B,5,192
229,Supplier,W1,SKU_C,5,252
229,Supplier,W1,SKU_D,5,250
229,Supplier,W1,SKU_E,5,207
229,Supplier,W2,SKU_A,6,267
229,Supplier,W2,SKU_B,6,66
229,Supplier,W2,SKU_C,6,159
229,Supplier,W2,SKU_D,6,151
229,Supplier,W2,SKU_E,6,49
229,W2,R3,SKU_A,4,264
229,W2,R3,SKU_B,4,70
229,W2,R3,SKU_C,4,135
229,W2,R3,SKU_D,4,158
229,W2,R3,SKU_E,4,51
230,Supplier,W2,SKU_A,6,251
230,Supplier,W2,SKU_B,6,70
230,Supplier,W2,SKU_C,6,179
230,Supplier,W2,SKU_D,6,161
230,Supplier,W2,SKU_E,6,51
230,W1,R1,SKU_B,2,126
230,W1,R1,SKU_C,2,157
230,W1,R1,SKU_E,2,109
230,W1,R1,SKU_A,2,293
230,W1,R1,SKU_D,2,161
230,W1,R2,SKU_B,3,66
230,W1,R2,SKU_C,3,70
230,W1,R2,SKU_A,3,251
230,W1,R2,SKU_D,3,120
230,W1,R2,SKU_E,3,72
230,W2,R3,SKU_A,4,230
230,W2,R3,SKU_B,4,60
230,W2,R3,SKU_C,4,144
230,W2,R3,SKU_D,4,139
230,W2,R3,SKU_E,4,75
231,Supplier,W1,SKU_A,5,457
231,Supplier,W1,SKU_B,5,192
231,Supplier,W1,SKU_C,5,227
231,Supplier,W1,SKU_D,5,241
231,Supplier,W1,SKU_E,5,181
231,Supplier,W2,SKU_A,6,300
231,Supplier,W2,SKU_B,6,60
231,Supplier,W2,SKU_C,6,164
231,Supplier,W2,SKU_D,6,203
231,Supplier,W2,SKU_E,6,75
231,W1,R1,SKU_A,2,169
231,W1,R1,SKU_B,2,93
231,W1,R1,SKU_C,2,86
231,W1,R1,SKU_D,2,104
231,W1,R1,SKU_E,2,72
231,W1,R2,SKU_A,3,111
231,W1,R2,SKU_B,3,40
231,W1,R2,SKU_C,3,63
231,W1,R2,SKU_D,3,103
231,W1,R2,SKU_E,3,39
231,W2,R3,SKU_A,4,325
231,W2,R3,SKU_B,4,67
231,W2,R3,SKU_C,4,159
231,W2,R3,SKU_D,4,229
231,W2,R3,SKU_E,4,75
232,Supplier,W2,SKU_A,6,339
232,Supplier,W2,SKU_B,6,67
232,Supplier,W2,SKU_C,6,164
232,Supplier,W2,SKU_D,6,193
232,Supplier,W2,SKU_E,6,75
232,W1,R1,SKU_A,2,205
232,W1,R1,SKU_B,2,95
232,W1,R1,SKU_C,2,111
232,W1,R1,SKU_D,2,116
232,W1,R1,SKU_E,2,73
232,W1,R2,SKU_A,3,115
232,W1,R2,SKU_B,3,55
232,W1,R2,SKU_C,3,53
232,W1,R2,SKU_D,3,70
232,W1,R2,SKU_E,3,42
232,W2,R3,SKU_A,4,325
232,W2,R3,SKU_B,4,87
232,W2,R3,SKU_C,4,231
232,W2,R3,SKU_D,4,249
232,W2,R3,SKU_E,4,72
233,Supplier,W1,SKU_A,5,600
233,Supplier,W1,SKU_B,5,283
233,Supplier,W1,SKU_C,5,313
233,Supplier,W1,SKU_D,5,342
233,Supplier,W1,SKU_E,5,226
233,Supplier,W2,SKU_A,6,346
233,Supplier,W2,SKU_B,6,87
233,Supplier,W2,SKU_C,6,198
233,Supplier,W2,SKU_D,6,219
233,Supplier,W2,SKU_E,6,72
233,W1,R1,SKU_A,2,194
233,W1,R1,SKU_B,2,124
233,W1,R1,SKU_C,2,125
233,W1,R1,SKU_E,2,49
233,W1,R2,SKU_A,3,15
233,W1,R2,SKU_B,3,56
233,W1,R2,SKU_C,3,79
233,W1,R2,SKU_E,3,44
233,W2,R3,SKU_A,4,416
233,W2,R3,SKU_B,4,66
233,W2,R3,SKU_C,4,205
233,W2,R3,SKU_D,4,230
233,W2,R3,SKU_E,4,61
234,Supplier,W1,SKU_A,5,337
234,Supplier,W1,SKU_B,5,180
234,Supplier,W1,SKU_C,5,204
234,Supplier,W1,SKU_D,5,177
234,Supplier,W1,SKU_E,5,93
234,Supplier,W2,SKU_A,6,320
234,Supplier,W2,SKU_B,6,66
234,Supplier,W2,SKU_C,6,172
234,Supplier,W2,SKU_D,6,183
234,Supplier,W2,SKU_E,6,61
234,W1,R1,SKU_A,2,140
234,W1,R1,SKU_B,2,65
234,W1,R1,SKU_C,2,89
234,W1,R1,SKU_D,2,197
234,W1,R1,SKU_E,2,50
234,W1,R2,SKU_A,3,245
234,W1,R2,SKU_B,3,58
234,W1,R2,SKU_C,3,63
234,W1,R2,SKU_D,3,53
234,W1,R2,SKU_E,3,44
234,W2,R3,SKU_A,4,330
234,W2,R3,SKU_B,4,38
234,W2,R3,SKU_C,4,186
234,W2,R3,SKU_D,4,150
234,W2,R3,SKU_E,4,58
235,Supplier,W2,SKU_A,6,252
235,Supplier,W2,SKU_B,6,38
235,Supplier,W2,SKU_C,6,124
235,Supplier,W2,SKU_D,6,147
235,Supplier,W2,SKU_E,6,58
235,W1,R2,SKU_B,3,54
235,W1,R2,SKU_C,3,76
235,W1,R2,SKU_E,3,50
235,W2,R3,SKU_A,4,267
235,W2,R3,SKU_B,4,57
235,W2,R3,SKU_C,4,159
235,W2,R3,SKU_D,4,151
235,W2,R3,SKU_E,4,72
236,Supplier,W1,SKU_A,5,531
236,Supplier,W1,SKU_B,5,241
236,Supplier,W1,SKU_C,5,317
236,Supplier,W1,SKU_D,5,269
236,Supplier,W1,SKU_E,5,185
236,Supplier,W2,SKU_A,6,227
236,Supplier,W2,SKU_B,6,57
236,Supplier,W2,SKU_C,6,150
236,Supplier,W2,SKU_D,6,154
236,Supplier,W2,SKU_E,6,72
236,W1,R1,SKU_A,2,318
236,W1,R1,SKU_B,2,119
236,W1,R1,SKU_C,2,165
236,W1,R1,SKU_E,2,78
236,W1,R1,SKU_D,2,160
236,W1,R2,SKU_A,3,224
236,W1,R2,SKU_B,3,40
236,W1,R2,SKU_C,3,69
236,W1,R2,SKU_D,3,81
236,W1,R2,SKU_E,3,40
236,W2,R3,SKU_A,4,251
236,W2,R3,SKU_B,4,57
236,W2,R3,SKU_C,4,179
236,W2,R3,SKU_D,4,161
236,W2,R3,SKU_E,4,68
237,Supplier,W2,SKU_A,6,230
237,Supplier,W2,SKU_B,6,57
237,Supplier,W2,SKU_C,6,139
237,Supplier,W2,SKU_D,6,142
237,Supplier,W2,SKU_E,6,68
237,W1,R2,SKU_B,3,30
237,W1,R2,SKU_C,3,33
237,W1,R2,SKU_E,3,35
237,W2,R3,SKU_A,4,300
237,W2,R3,SKU_B,4,48
237,W2,R3,SKU_C,4,149
237,W2,R3,SKU_D,4,203
237,W2,R3,SKU_E,4,73
238,Supplier,W1,SKU_A,5,482
238,Supplier,W1,SKU_B,5,189
238,Supplier,W1,SKU_C,5,280
238,Supplier,W1,SKU_D,5,254
238,Supplier,W1,SKU_E,5,169
238,Supplier,W2,SKU_A,6,256
238,Supplier,W2,SKU_B,6,48
238,Supplier,W2,SKU_C,6,105
238,Supplier,W2,SKU_D,6,139
238,Supplier,W2,SKU_E,6,73
238,W1,R1,SKU_B,2,165
238,W1,R1,SKU_C,2,187
238,W1,R1,SKU_E,2,123
238,W1,R1,SKU_A,2,260
238,W1,R1,SKU_D,2,149
238,W1,R2,SKU_A,3,205
238,W1,R2,SKU_B,3,49
238,W1,R2,SKU_C,3,89
238,W1,R2,SKU_D,3,193
238,W1,R2,SKU_E,3,33
238,W2,R3,SKU_A,4,339
238,W2,R3,SKU_B,4,63
238,W2,R3,SKU_C,4,163
238,W2,R3,SKU_D,4,193
238,W2,R3,SKU_E,4,63
239,Supplier,W2,SKU_A,6,278
239,Supplier,W2,SKU_B,6,63
239,Supplier,W2,SKU_C,6,163
239,Supplier,W2,SKU_D,6,170
239,Supplier,W2,SKU_E,6,63
239,W1,R1,SKU_A,2,192
239,W1,R1,SKU_B,2,97
239,W1,R1,SKU_C,2,130
239,W1,R1,SKU_D,2,114
239,W1,R1,SKU_E,2,59
239,W1,R2,SKU_A,3,124
239,W1,R2,SKU_B,3,42
239,W1,R2,SKU_C,3,55
239,W1,R2,SKU_D,3,63
239,W1,R2,SKU_E,3,40
239,W2,R3,SKU_A,4,346
239,W2,R3,SKU_B,4,59
239,W2,R3,SKU_C,4,214
239,W2,R3,SKU_D,4,219
239,W2,R3,SKU_E,4,90
240,Supplier,W1,SKU_A,5,567
240,Supplier,W1,SKU_B,5,289
240,Supplier,W1,SKU_C,5,359
240,Supplier,W1,SKU_D,5,349
240,Supplier,W1,SKU_E,5,198
240,Supplier,W2,SKU_A,6,380
240,Supplier,W2,SKU_B,6,59
240,Supplier,W2,SKU_C,6,231
240,Supplier,W2,SKU_D,6,234
240,Supplier,W2,SKU_E,6,90
240,W1,R1,SKU_A,2,156
240,W1,R1,SKU_B,2,106
240,W1,R1,SKU_C,2,128
240,W1,R1,SKU_E,2,66
240,W2,R3,SKU_A,4,320
240,W2,R3,SKU_B,4,63
240,W2,R3,SKU_C,4,172
240,W2,R3,SKU_D,4,183
240,W2,R3,SKU_E,4,69
241,Supplier,W2,SKU_A,6,357
241,Supplier,W2,SKU_B,6,63
241,Supplier,W2,SKU_C,6,197
241,Supplier,W2,SKU_D,6,225
241,Supplier,W2,SKU_E,6,69
241,W1,R1,SKU_A,2,188
241,W1,R1,SKU_B,2,83
241,W1,R1,SKU_C,2,83
241,W1,R1,SKU_D,2,191
241,W1,R1,SKU_E,2,34
241,W1,R2,SKU_B,3,67
241,W1,R2,SKU_C,3,126
241,W1,R2,SKU_E,3,56
241,W1,R2,SKU_A,3,224
241,W1,R2,SKU_D,3,78
241,W2,R3,SKU_A,4,252
241,W2,R3,SKU_B,4,35
241,W2,R3,SKU_C,4,124
241,W2,R3,SKU_D,4,147
241,W2,R3,SKU_E,4,48
242,Supplier,W1,SKU_A,5,568
242,Supplier,W1,SKU_B,5,256
242,Supplier,W1,SKU_C,5,337
242,Supplier,W1,SKU_D,5,324
242,Supplier,W1,SKU_E,5,156
242,Supplier,W2,SKU_A,6,241
242,Supplier,W2,SKU_B,6,35
242,Supplier,W2,SKU_C,6,148
242,Supplier,W2,SKU_D,6,140
242,Supplier,W2,SKU_E,6,48
242,W1,R2,SKU_A,3,23
242,W1,R2,SKU_B,3,31
242,W1,R2,SKU_C,3,38
242,W1,R2,SKU_E,3,31
242,W2,R3,SKU_A,4,227
242,W2,R3,SKU_B,4,46
242,W2,R3,SKU_C,4,150
242,W2,R3,SKU_D,4,154
242,W2,R3,SKU_E,4,43
243,Supplier,W2,SKU_A,6,231
243,Supplier,W2,SKU_B,6,46
243,Supplier,W2,SKU_C,6,113
243,Supplier,W2,SKU_D,6,133
243,Supplier,W2,SKU_E,6,43
243,W1,R1,SKU_A,2,221
243,W1,R1,SKU_B,2,130
243,W1,R1,SKU_C,2,153
243,W1,R1,SKU_E,2,85
243,W1,R1,SKU_D,2,116
243,W1,R2,SKU_A,3,202
243,W1,R2,SKU_B,3,32
243,W1,R2,SKU_C,3,52
243,W1,R2,SKU_D,3,138
243,W1,R2,SKU_E,3,18
243,W2,R3,SKU_A,4,230
243,W2,R3,SKU_B,4,47
243,W2,R3,SKU_C,4,139
243,W2,R3,SKU_D,4,142
243,W2,R3,SKU_E,4,53
244,Supplier,W1,SKU_A,5,446
244,Supplier,W1,SKU_B,5,193
244,Supplier,W1,SKU_C,5,243
244,Supplier,W1,SKU_D,5,236
244,Supplier,W1,SKU_E,5,134
244,Supplier,W2,SKU_A,6,220
244,Supplier,W2,SKU_B,6,47
244,Supplier,W2,SKU_C,6,131
244,Supplier,W2,SKU_D,6,136
244,Supplier,W2,SKU_E,6,53
244,W1,R2,SKU_A,3,45
244,W1,R2,SKU_B,3,34
244,W1,R2,SKU_C,3,46
244,W1,R2,SKU_E,3,27
244,W2,R3,SKU_A,4,256
244,W2,R3,SKU_B,4,29
244,W2,R3,SKU_C,4,105
244,W2,R3,SKU_D,4,139
244,W2,R3,SKU_E,4,50
245,Supplier,W2,SKU_A,6,244
245,Supplier,W2,SKU_B,6,29
245,Supplier,W2,SKU_C,6,136
245,Supplier,W2,SKU_D,6,140
245,Supplier,W2,SKU_E,6,50
245,W1,R1,SKU_A,2,270
245,W1,R1,SKU_B,2,122
245,W1,R1,SKU_C,2,139
245,W1,R1,SKU_E,2,105
245,W1,R1,SKU_D,2,158
245,W1,R2,SKU_A,3,158
245,W1,R2,SKU_B,3,43
245,W1,R2,SKU_C,3,50
245,W1,R2,SKU_D,3,190
245,W1,R2,SKU_E,3,45
245,W2,R3,SKU_A,4,278
245,W2,R3,SKU_B,4,59
245,W2,R3,SKU_C,4,163
245,W2,R3,SKU_D,4,170
245,W2,R3,SKU_E,4,82
246,Supplier,W1,SKU_A,5,473
246,Supplier,W1,SKU_B,5,199
246,Supplier,W1,SKU_C,5,235
246,Supplier,W1,SKU_D,5,264
246,Supplier,W1,SKU_E,5,177
246,Supplier,W2,SKU_A,6,315
246,Supplier,W2,SKU_B,6,59
246,Supplier,W2,SKU_C,6,191
246,Supplier,W2,SKU_D,6,186
246,Supplier,W2,SKU_E,6,82
246,W1,R1,SKU_A,2,207
246,W1,R1,SKU_B,2,111
246,W1,R1,SKU_C,2,130
246,W1,R1,SKU_D,2,1
246,W1,R1,SKU_E,2,57
246,W1,R2,SKU_A,3,42
246,W1,R2,SKU_B,3,42
246,W1,R2,SKU_C,3,82
246,W1,R2,SKU_E,3,68
246,W2,R3,SKU_A,4,380
246,W2,R3,SKU_B,4,74
246,W2,R3,SKU_C,4,231
246,W2,R3,SKU_D,4,234
246,W2,R3,SKU_E,4,99
247,Supplier,W1,SKU_A,5,354
247,Supplier,W1,SKU_B,5,153
247,Supplier,W1,SKU_C,5,212
247,Supplier,W1,SKU_D,5,216
247,Supplier,W1,SKU_E,5,125
247,Supplier,W2,SKU_A,6,384
247,Supplier,W2,SKU_B,6,74
247,Supplier,W2,SKU_C,6,210
247,Supplier,W2,SKU_D,6,239
247,Supplier,W2,SKU_E,6,99
247,W1,R1,SKU_A,2,235
247,W1,R1,SKU_B,2,101
247,W1,R1,SKU_C,2,130
247,W1,R1,SKU_D,2,244
247,W1,R1,SKU_E,2,68
247,W1,R2,SKU_A,3,262
247,W1,R2,SKU_B,3,53
247,W1,R2,SKU_C,3,60
247,W1,R2,SKU_D,3,80
247,W1,R2,SKU_E,3,52
247,W2,R3,SKU_A,4,357
247,W2,R3,SKU_B,4,84
247,W2,R3,SKU_C,4,197
247,W2,R3,SKU_D,4,225
247,W2,R3,SKU_E,4,92
248,Supplier,W1,SKU_A,5,392
248,Supplier,W1,SKU_B,5,154
248,Supplier,W1,SKU_C,5,190
248,Supplier,W1,SKU_D,5,191
248,Supplier,W1,SKU_E,5,120
248,Supplier,W2,SKU_A,6,357
248,Supplier,W2,SKU_B,6,84
248,Supplier,W2,SKU_C,6,190
248,Supplier,W2,SKU_D,6,208
248,Supplier,W2,SKU_E,6,92
248,W1,R2,SKU_B,3,22
248,W1,R2,SKU_C,3,40
248,W1,R2,SKU_E,3,37
248,W2,R3,SKU_A,4,241
248,W2,R3,SKU_B,4,49
248,W2,R3,SKU_C,4,148
248,W2,R3,SKU_D,4,140
248,W2,R3,SKU_E,4,80
249,Supplier,W2,SKU_A,6,257
249,Supplier,W2,SKU_B,6,49
249,Supplier,W2,SKU_C,6,104
249,Supplier,W2,SKU_D,6,188
249,Supplier,W2,SKU_E,6,80
249,W1,R1,SKU_A,2,299
249,W1,R1,SKU_B,2,127
249,W1,R1,SKU_C,2,139
249,W1,R1,SKU_E,2,71
249,W1,R1,SKU_D,2,152
249,W1,R2,SKU_A,3,218
249,W1,R2,SKU_B,3,19
249,W1,R2,SKU_C,3,35
249,W1,R2,SKU_D,3,84
249,W1,R2,SKU_E,3,43
249,W2,R3,SKU_A,4,231
249,W2,R3,SKU_B,4,46
249,W2,R3,SKU_C,4,113
249,W2,R3,SKU_D,4,133
249,W2,R3,SKU_E,4,56
250,Supplier,W1,SKU_A,5,531
250,Supplier,W1,SKU_B,5,168
250,Supplier,W1,SKU_C,5,214
250,Supplier,W1,SKU_D,5,273
250,Supplier,W1,SKU_E,5,151
250,Supplier,W2,SKU_A,6,237
250,Supplier,W2,SKU_B,6,46
250,Supplier,W2,SKU_C,6,122
250,Supplier,W2,SKU_D,6,148
250,Supplier,W2,SKU_E,6,56
250,W1,R2,SKU_B,3,31
250,W1,R2,SKU_C,3,34
250,W1,R2,SKU_E,3,36
250,W2,R3,SKU_A,4,220
250,W2,R3,SKU_B,4,48
250,W2,R3,SKU_C,4,131
250,W2,R3,SKU_D,4,136
250,W2,R3,SKU_E,4,67
251,Supplier,W2,SKU_A,6,292
251,Supplier,W2,SKU_B,6,48
251,Supplier,W2,SKU_C,6,117
251,Supplier,W2,SKU_D,6,150
251,Supplier,W2,SKU_E,6,67
251,W1,R1,SKU_B,2,96
251,W1,R1,SKU_C,2,111
251,W1,R1,SKU_E,2,114
251,W1,R1,SKU_A,2,280
251,W1,R1,SKU_D,2,157
251,W1,R2,SKU_A,3,193
251,W1,R2,SKU_B,3,47
251,W1,R2,SKU_C,3,33
251,W1,R2,SKU_D,3,107
251,W1,R2,SKU_E,3,44
251,W2,R3,SKU_A,4,244
251,W2,R3,SKU_B,4,47
251,W2,R3,SKU_C,4,136
251,W2,R3,SKU_D,4,140
251,W2,R3,SKU_E,4,58
252,Supplier,W1,SKU_A,5,505
252,Supplier,W1,SKU_B,5,174
252,Supplier,W1,SKU_C,5,178
252,Supplier,W1,SKU_D,5,247
252,Supplier,W1,SKU_E,5,194
252,Supplier,W2,SKU_A,6,291
252,Supplier,W2,SKU_B,6,47
252,Supplier,W2,SKU_C,6,147
252,Supplier,W2,SKU_D,6,141
252,Supplier,W2,SKU_E,6,58
252,W1,R1,SKU_A,2,202
252,W1,R1,SKU_B,2,90
252,W1,R1,SKU_C,2,87
252,W1,R1,SKU_D,2,81
252,W1,R1,SKU_E,2,47
252,W1,R2,SKU_A,3,152
252,W1,R2,SKU_B,3,42
252,W1,R2,SKU_C,3,50
252,W1,R2,SKU_D,3,135
252,W1,R2,SKU_E,3,48
252,W2,R3,SKU_A,4,315
252,W2,R3,SKU_B,4,82
252,W2,R3,SKU_C,4,180
252,W2,R3,SKU_D,4,186
252,W2,R3,SKU_E,4,92
253,Supplier,W2,SKU_A,6,314
253,Supplier,W2,SKU_B,6,82
253,Supplier,W2,SKU_C,6,166
253,Supplier,W2,SKU_D,6,158
253,Supplier,W2,SKU_E,6,92
253,W1,R1,SKU_A,2,224
253,W1,R1,SKU_B,2,91
253,W1,R1,SKU_C,2,119
253,W1,R1,SKU_D,2,102
253,W1,R1,SKU_E,2,62
253,W1,R2,SKU_A,3,149
253,W1,R2,SKU_B,3,50
253,W1,R2,SKU_C,3,74
253,W1,R2,SKU_D,3,89
253,W1,R2,SKU_E,3,51
253,W2,R3,SKU_A,4,384
253,W2,R3,SKU_B,4,82
253,W2,R3,SKU_C,4,186
253,W2,R3,SKU_D,4,239
253,W2,R3,SKU_E,4,103
254,Supplier,W1,SKU_A,5,681
254,Supplier,W1,SKU_B,5,273
254,Supplier,W1,SKU_C,5,330
254,Supplier,W1,SKU_D,5,332
254,Supplier,W1,SKU_E,5,208
254,Supplier,W2,SKU_A,6,313
254,Supplier,W2,SKU_B,6,82
254,Supplier,W2,SKU_C,6,186
254,Supplier,W2,SKU_D,6,214
254,Supplier,W2,SKU_E,6,103
254,W1,R1,SKU_A,2,19
254,W1,R1,SKU_B,2,117
254,W1,R1,SKU_C,2,119
254,W1,R1,SKU_E,2,45
254,W1,R2,SKU_B,3,33
254,W1,R2,SKU_C,3,70
254,W1,R2,SKU_E,3,62
254,W2,R3,SKU_A,4,357
254,W2,R3,SKU_B,4,62
254,W2,R3,SKU_C,4,133
254,W2,R3,SKU_D,4,208
254,W2,R3,SKU_E,4,101
255,Supplier,W2,SKU_A,6,335
255,Supplier,W2,SKU_B,6,62
255,Supplier,W2,SKU_C,6,133
255,Supplier,W2,SKU_D,6,152
255,Supplier,W2,SKU_E,6,101
255,W1,R1,SKU_A,2,337
255,W1,R1,SKU_B,2,50
255,W1,R1,SKU_C,2,73
255,W1,R1,SKU_D,2,177
255,W1,R1,SKU_E,2,50
255,W1,R2,SKU_A,3,194
255,W1,R2,SKU_B,3,32
255,W1,R2,SKU_C,3,34
255,W1,R2,SKU_D,3,96
255,W1,R2,SKU_E,3,50
255,W2,R3,SKU_A,4,257
255,W2,R3,SKU_B,4,27
255,W2,R3,SKU_C,4,98
255,W2,R3,SKU_D,4,188
255,W2,R3,SKU_E,4,69
256,Supplier,W1,SKU_A,5,627
256,Supplier,W1,SKU_B,5,232
256,Supplier,W1,SKU_C,5,296
256,Supplier,W1,SKU_D,5,277
256,Supplier,W1,SKU_E,5,207
256,Supplier,W2,SKU_A,6,240
256,Supplier,W2,SKU_B,6,27
256,Supplier,W2,SKU_C,6,98
256,Supplier,W2,SKU_D,6,155
256,Supplier,W2,SKU_E,6,69
256,W1,R2,SKU_B,3,43
256,W1,R2,SKU_C,3,39
256,W1,R2,SKU_E,3,31
256,W2,R3,SKU_A,4,237
256,W2,R3,SKU_B,4,38
256,W2,R3,SKU_C,4,131
256,W2,R3,SKU_D,4,148
256,W2,R3,SKU_E,4,65
257,Supplier,W2,SKU_A,6,239
257,Supplier,W2,SKU_B,6,38
257,Supplier,W2,SKU_C,6,131
257,Supplier,W2,SKU_D,6,154
257,Supplier,W2,SKU_E,6,65
257,W1,R1,SKU_B,2,118
257,W1,R1,SKU_C,2,152
257,W1,R1,SKU_E,2,89
257,W1,R1,SKU_A,2,324
257,W1,R1,SKU_D,2,182
257,W1,R2,SKU_A,3,181
257,W1,R2,SKU_B,3,47
257,W1,R2,SKU_C,3,55
257,W1,R2,SKU_D,3,65
257,W1,R2,SKU_E,3,40
257,W2,R3,SKU_A,4,292
257,W2,R3,SKU_B,4,46
257,W2,R3,SKU_C,4,139
257,W2,R3,SKU_D,4,150
257,W2,R3,SKU_E,4,67
258,Supplier,W1,SKU_A,5,596
258,Supplier,W1,SKU_B,5,208
258,Supplier,W1,SKU_C,5,246
258,Supplier,W1,SKU_D,5,283
258,Supplier,W1,SKU_E,5,160
258,Supplier,W2,SKU_A,6,247
258,Supplier,W2,SKU_B,6,46
258,Supplier,W2,SKU_C,6,139
258,Supplier,W2,SKU_D,6,190
258,Supplier,W2,SKU_E,6,67
258,W1,R2,SKU_B,3,37
258,W1,R2,SKU_C,3,58
258,W1,R2,SKU_E,3,38
258,W2,R3,SKU_A,4,291
258,W2,R3,SKU_B,4,61
258,W2,R3,SKU_C,4,118
258,W2,R3,SKU_D,4,141
258,W2,R3,SKU_E,4,71
259,Supplier,W2,SKU_A,6,285
259,Supplier,W2,SKU_B,6,61
259,Supplier,W2,SKU_C,6,118
259,Supplier,W2,SKU_D,6,172
259,Supplier,W2,SKU_E,6,71
259,W1,R1,SKU_B,2,142
259,W1,R1,SKU_C,2,150
259,W1,R1,SKU_E,2,119
259,W1,R1,SKU_A,2,314
259,W1,R1,SKU_D,2,172
259,W1,R2,SKU_A,3,367
259,W1,R2,SKU_B,3,46
259,W1,R2,SKU_C,3,57
259,W1,R2,SKU_D,3,160
259,W1,R2,SKU_E,3,43
259,W2,R3,SKU_A,4,314
259,W2,R3,SKU_B,4,62
259,W2,R3,SKU_C,4,169
259,W2,R3,SKU_D,4,158
259,W2,R3,SKU_E,4,70
260,Supplier,W1,SKU_A,5,581
260,Supplier,W1,SKU_B,5,225
260,Supplier,W1,SKU_C,5,265
260,Supplier,W1,SKU_D,5,304
260,Supplier,W1,SKU_E,5,200
260,Supplier,W2,SKU_A,6,343
260,Supplier,W2,SKU_B,6,62
260,Supplier,W2,SKU_C,6,169
260,Supplier,W2,SKU_D,6,179
260,Supplier,W2,SKU_E,6,70
260,W1,R1,SKU_B,2,118
260,W1,R1,SKU_C,2,125
260,W1,R1,SKU_E,2,55
260,W1,R2,SKU_B,3,38
260,W1,R2,SKU_C,3,74
260,W1,R2,SKU_E,3,29
260,W2,R3,SKU_A,4,313
260,W2,R3,SKU_B,4,95
260,W2,R3,SKU_C,4,238
260,W2,R3,SKU_D,4,214
260,W2,R3,SKU_E,4,107
261,Supplier,W2,SKU_A,6,440
261,Supplier,W2,SKU_B,6,95
261,Supplier,W2,SKU_C,6,238
261,Supplier,W2,SKU_D,6,256
261,Supplier,W2,SKU_E,6,107
261,W1,R1,SKU_A,2,437
261,W1,R1,SKU_B,2,86
261,W1,R1,SKU_C,2,125
261,W1,R1,SKU_D,2,252
261,W1,R1,SKU_E,2,67
261,W1,R2,SKU_A,3,190
261,W1,R2,SKU_B,3,31
261,W1,R2,SKU_C,3,72
261,W1,R2,SKU_D,3,25
261,W1,R2,SKU_E,3,34
261,W2,R3,SKU_A,4,335
261,W2,R3,SKU_B,4,98
261,W2,R3,SKU_C,4,174
261,W2,R3,SKU_D,4,152
261,W2,R3,SKU_E,4,117
262,Supplier,W1,SKU_A,5,682
262,Supplier,W1,SKU_B,5,273
262,Supplier,W1,SKU_C,5,396
262,Supplier,W1,SKU_D,5,378
262,Supplier,W1,SKU_E,5,185
262,Supplier,W2,SKU_A,6,377
262,Supplier,W2,SKU_B,6,98
262,Supplier,W2,SKU_C,6,210
262,Supplier,W2,SKU_D,6,246
262,Supplier,W2,SKU_E,6,117
262,W1,R2,SKU_B,3,40
262,W1,R2,SKU_C,3,46
262,W1,R2,SKU_E,3,44
262,W2,R3,SKU_A,4,240
262,W2,R3,SKU_B,4,51
262,W2,R3,SKU_C,4,98
262,W2,R3,SKU_D,4,155
262,W2,R3,SKU_E,4,77
263,Supplier,W2,SKU_A,6,280
263,Supplier,W2,SKU_B,6,51
263,Supplier,W2,SKU_C,6,147
263,Supplier,W2,SKU_D,6,181
263,Supplier,W2,SKU_E,6,77
263,W1,R1,SKU_B,2,101
263,W1,R1,SKU_C,2,137
263,W1,R1,SKU_E,2,83
263,W1,R1,SKU_A,2,248
263,W1,R1,SKU_D,2,156
263,W1,R2,SKU_A,3,334
263,W1,R2,SKU_B,3,28
263,W1,R2,SKU_C,3,51
263,W1,R2,SKU_D,3,127
263,W1,R2,SKU_E,3,35
263,W2,R3,SKU_A,4,239
263,W2,R3,SKU_B,4,40
263,W2,R3,SKU_C,4,131
263,W2,R3,SKU_D,4,154
263,W2,R3,SKU_E,4,70
264,Supplier,W1,SKU_A,5,459
264,Supplier,W1,SKU_B,5,169
264,Supplier,W1,SKU_C,5,234
264,Supplier,W1,SKU_D,5,248
264,Supplier,W1,SKU_E,5,162
264,Supplier,W2,SKU_A,6,221
264,Supplier,W2,SKU_B,6,40
264,Supplier,W2,SKU_C,6,109
264,Supplier,W2,SKU_D,6,161
264,Supplier,W2,SKU_E,6,70
264,W1,R2,SKU_B,3,22
264,W1,R2,SKU_C,3,37
264,W1,R2,SKU_E,3,30
264,W2,R3,SKU_A,4,247
264,W2,R3,SKU_B,4,33
264,W2,R3,SKU_C,4,139
264,W2,R3,SKU_D,4,190
264,W2,R3,SKU_E,4,65
265,Supplier,W2,SKU_A,6,210
265,Supplier,W2,SKU_B,6,33
265,Supplier,W2,SKU_C,6,100
265,Supplier,W2,SKU_D,6,147
265,Supplier,W2,SKU_E,6,65
265,W1,R1,SKU_A,2,248
265,W1,R1,SKU_B,2,106
265,W1,R1,SKU_C,2,112
265,W1,R1,SKU_E,2,81
265,W1,R1,SKU_D,2,138
265,W1,R2,SKU_A,3,153
265,W1,R2,SKU_B,3,25
265,W1,R2,SKU_C,3,32
265,W1,R2,SKU_D,3,166
265,W1,R2,SKU_E,3,24
265,W2,R3,SKU_A,4,285
265,W2,R3,SKU_B,4,40
265,W2,R3,SKU_C,4,118
265,W2,R3,SKU_D,4,172
265,W2,R3,SKU_E,4,72
266,Supplier,W1,SKU_A,5,401
266,Supplier,W1,SKU_B,5,153
266,Supplier,W1,SKU_C,5,181
266,Supplier,W1,SKU_D,5,221
266,Supplier,W1,SKU_E,5,135
266,Supplier,W2,SKU_A,6,255
266,Supplier,W2,SKU_B,6,40
266,Supplier,W2,SKU_C,6,118
266,Supplier,W2,SKU_D,6,150
266,Supplier,W2,SKU_E,6,72
266,W1,R2,SKU_A,3,45
266,W1,R2,SKU_B,3,37
266,W1,R2,SKU_C,3,49
266,W1,R2,SKU_E,3,35
266,W2,R3,SKU_A,4,343
266,W2,R3,SKU_B,4,55
266,W2,R3,SKU_C,4,169
266,W2,R3,SKU_D,4,179
266,W2,R3,SKU_E,4,77
267,Supplier,W2,SKU_A,6,299
267,Supplier,W2,SKU_B,6,55
267,Supplier,W2,SKU_C,6,156
267,Supplier,W2,SKU_D,6,180
267,Supplier,W2,SKU_E,6,77
267,W1,R1,SKU_A,2,326
267,W1,R1,SKU_B,2,189
267,W1,R1,SKU_C,2,187
267,W1,R1,SKU_E,2,117
267,W1,R1,SKU_D,2,177
267,W1,R2,SKU_A,3,172
267,W1,R2,SKU_B,3,45
267,W1,R2,SKU_C,3,86
267,W1,R2,SKU_D,3,143
267,W1,R2,SKU_E,3,46
267,W2,R3,SKU_A,4,440
267,W2,R3,SKU_B,4,78
267,W2,R3,SKU_C,4,228
267,W2,R3,SKU_D,4,256
267,W2,R3,SKU_E,4,102
268,Supplier,W1,SKU_A,5,543
268,Supplier,W1,SKU_B,5,271
268,Supplier,W1,SKU_C,5,322
268,Supplier,W1,SKU_D,5,298
268,Supplier,W1,SKU_E,5,198
268,Supplier,W2,SKU_A,6,347
268,Supplier,W2,SKU_B,6,78
268,Supplier,W2,SKU_C,6,217
268,Supplier,W2,SKU_D,6,228
268,Supplier,W2,SKU_E,6,102
268,W1,R1,SKU_A,2,176
268,W1,R1,SKU_B,2,111
268,W1,R1,SKU_C,2,116
268,W1,R1,SKU_D,2,58
268,W1,R1,SKU_E,2,62
268,W1,R2,SKU_A,3,132
268,W1,R2,SKU_B,3,49
268,W1,R2,SKU_C,3,80
268,W1,R2,SKU_E,3,44
268,W2,R3,SKU_A,4,377
268,W2,R3,SKU_B,4,68
268,W2,R3,SKU_C,4,201
268,W2,R3,SKU_D,4,246
268,W2,R3,SKU_E,4,103
269,Supplier,W2,SKU_A,6,349
269,Supplier,W2,SKU_B,6,68
269,Supplier,W2,SKU_C,6,201
269,Supplier,W2,SKU_D,6,190
269,Supplier,W2,SKU_E,6,103
269,W1,R1,SKU_A,2,142
269,W1,R1,SKU_B,2,82
269,W1,R1,SKU_C,2,77
269,W1,R1,SKU_D,2,102
269,W1,R1,SKU_E,2,53
269,W1,R2,SKU_A,3,82
269,W1,R2,SKU_B,3,24
269,W1,R2,SKU_C,3,44
269,W1,R2,SKU_D,3,135
269,W1,R2,SKU_E,3,24
269,W2,R3,SKU_A,4,280
269,W2,R3,SKU_B,4,53
269,W2,R3,SKU_C,4,124
269,W2,R3,SKU_D,4,181
269,W2,R3,SKU_E,4,66
270,Supplier,W1,SKU_A,5,532
270,Supplier,W1,SKU_B,5,266
270,Supplier,W1,SKU_C,5,317
270,Supplier,W1,SKU_D,5,295
270,Supplier,W1,SKU_E,5,183
270,Supplier,W2,SKU_A,6,285
270,Supplier,W2,SKU_B,6,53
270,Supplier,W2,SKU_C,6,124
270,Supplier,W2,SKU_D,6,155
270,Supplier,W2,SKU_E,6,66
270,W1,R2,SKU_A,3,89
270,W1,R2,SKU_B,3,20
270,W1,R2,SKU_C,3,25
270,W1,R2,SKU_E,3,31
270,W2,R3,SKU_A,4,221
270,W2,R3,SKU_B,4,57
270,W2,R3,SKU_C,4,113
270,W2,R3,SKU_D,4,161
270,W2,R3,SKU_E,4,88
271,Supplier,W2,SKU_A,6,236
271,Supplier,W2,SKU_B,6,57
271,Supplier,W2,SKU_C,6,113
271,Supplier,W2,SKU_D,6,144
271,Supplier,W2,SKU_E,6,88
271,W1,R1,SKU_A,2,301
271,W1,R1,SKU_B,2,129
271,W1,R1,SKU_C,2,112
271,W1,R1,SKU_D,2,94
271,W1,R1,SKU_E,2,79
271,W1,R2,SKU_A,3,96
271,W1,R2,SKU_B,3,19
271,W1,R2,SKU_C,3,43
271,W1,R2,SKU_D,3,112
271,W1,R2,SKU_E,3,18
271,W2,R3,SKU_A,4,210
271,W2,R3,SKU_B,4,56
271,W2,R3,SKU_C,4,97
271,W2,R3,SKU_D,4,147
271,W2,R3,SKU_E,4,77
272,Supplier,W1,SKU_A,5,486
272,Supplier,W1,SKU_B,5,168
272,Supplier,W1,SKU_C,5,180
272,Supplier,W1,SKU_D,5,206
272,Supplier,W1,SKU_E,5,128
272,Supplier,W2,SKU_A,6,228
272,Supplier,W2,SKU_B,6,56
272,Supplier,W2,SKU_C,6,97
272,Supplier,W2,SKU_D,6,137
272,Supplier,W2,SKU_E,6,77
272,W1,R2,SKU_A,3,35
272,W1,R2,SKU_B,3,27
272,W1,R2,SKU_C,3,41
272,W1,R2,SKU_E,3,31
272,W2,R3,SKU_A,4,255
272,W2,R3,SKU_B,4,48
272,W2,R3,SKU_C,4,113
272,W2,R3,SKU_D,4,150
272,W2,R3,SKU_E,4,89
273,Supplier,W2,SKU_A,6,277
273,Supplier,W2,SKU_B,6,48
273,Supplier,W2,SKU_C,6,113
273,Supplier,W2,SKU_D,6,147
273,Supplier,W2,SKU_E,6,89
273,W1,R1,SKU_A,2,331
273,W1,R1,SKU_B,2,139
273,W1,R1,SKU_C,2,149
273,W1,R1,SKU_D,2,150
273,W1,R1,SKU_E,2,100
273,W1,R2,SKU_A,3,172
273,W1,R2,SKU_B,3,30
273,W1,R2,SKU_C,3,57
273,W1,R2,SKU_D,3,114
273,W1,R2,SKU_E,3,37
273,W2,R3,SKU_A,4,299
273,W2,R3,SKU_B,4,78
273,W2,R3,SKU_C,4,126
273,W2,R3,SKU_D,4,180
273,W2,R3,SKU_E,4,74
274,Supplier,W1,SKU_A,5,538
274,Supplier,W1,SKU_B,5,196
274,Supplier,W1,SKU_C,5,247
274,Supplier,W1,SKU_D,5,264
274,Supplier,W1,SKU_E,5,168
274,Supplier,W2,SKU_A,6,298
274,Supplier,W2,SKU_B,6,78
274,Supplier,W2,SKU_C,6,126
274,Supplier,W2,SKU_D,6,177
274,Supplier,W2,SKU_E,6,74
274,W1,R1,SKU_A,2,180
274,W1,R1,SKU_B,2,86
274,W1,R1,SKU_C,2,141
274,W1,R1,SKU_D,2,60
274,W1,R1,SKU_E,2,64
274,W1,R2,SKU_B,3,64
274,W1,R2,SKU_C,3,98
274,W1,R2,SKU_E,3,51
274,W2,R3,SKU_A,4,347
274,W2,R3,SKU_B,4,114
274,W2,R3,SKU_C,4,176
274,W2,R3,SKU_D,4,228
274,W2,R3,SKU_E,4,132
275,Supplier,W1,SKU_A,5,360
275,Supplier,W1,SKU_B,5,150
275,Supplier,W1,SKU_C,5,239
275,Supplier,W1,SKU_D,5,165
275,Supplier,W1,SKU_E,5,115
275,Supplier,W2,SKU_A,6,350
275,Supplier,W2,SKU_B,6,114
275,Supplier,W2,SKU_C,6,176
275,Supplier,W2,SKU_D,6,198
275,Supplier,W2,SKU_E,6,132
275,W1,R1,SKU_A,2,276
275,W1,R1,SKU_B,2,98
275,W1,R1,SKU_C,2,133
275,W1,R1,SKU_D,2,155
275,W1,R1,SKU_E,2,63
275,W1,R2,SKU_A,3,256
275,W1,R2,SKU_B,3,42
275,W1,R2,SKU_C,3,77
275,W1,R2,SKU_D,3,132
275,W1,R2,SKU_E,3,46
275,W2,R3,SKU_A,4,349
275,W2,R3,SKU_B,4,75
275,W2,R3,SKU_C,4,142
275,W2,R3,SKU_D,4,190
275,W2,R3,SKU_E,4,93
276,Supplier,W2,SKU_A,6,353
276,Supplier,W2,SKU_B,6,75
276,Supplier,W2,SKU_C,6,142
276,Supplier,W2,SKU_D,6,163
276,Supplier,W2,SKU_E,6,93
276,W1,R2,SKU_B,3,27
276,W1,R2,SKU_C,3,33
276,W1,R2,SKU_E,3,31
276,W2,R3,SKU_A,4,285
276,W2,R3,SKU_B,4,48
276,W2,R3,SKU_C,4,110
276,W2,R3,SKU_D,4,155
276,W2,R3,SKU_E,4,78
277,Supplier,W1,SKU_A,5,599
277,Supplier,W1,SKU_B,5,225
277,Supplier,W1,SKU_C,5,307
277,Supplier,W1,SKU_D,5,280
277,Supplier,W1,SKU_E,5,184
277,Supplier,W2,SKU_A,6,220
277,Supplier,W2,SKU_B,6,48
277,Supplier,W2,SKU_C,6,110
277,Supplier,W2,SKU_D,6,125
277,Supplier,W2,SKU_E,6,78
277,W1,R1,SKU_B,2,104
277,W1,R1,SKU_C,2,129
277,W1,R1,SKU_D,2,189
277,W1,R1,SKU_E,2,91
277,W1,R1,SKU_A,2,273
277,W1,R2,SKU_A,3,213
277,W1,R2,SKU_B,3,26
277,W1,R2,SKU_C,3,39
277,W1,R2,SKU_D,3,25
277,W1,R2,SKU_E,3,39
277,W2,R3,SKU_A,4,236
277,W2,R3,SKU_B,4,64
277,W2,R3,SKU_C,4,121
277,W2,R3,SKU_D,4,144
277,W2,R3,SKU_E,4,66
278,Supplier,W2,SKU_A,6,277
278,Supplier,W2,SKU_B,6,64
278,Supplier,W2,SKU_C,6,121
278,Supplier,W2,SKU_D,6,140
278,Supplier,W2,SKU_E,6,66
278,W1,R2,SKU_B,3,40
278,W1,R2,SKU_C,3,40
278,W1,R2,SKU_E,3,37
278,W2,R3,SKU_A,4,228
278,W2,R3,SKU_B,4,70
278,W2,R3,SKU_C,4,107
278,W2,R3,SKU_D,4,137
278,W2,R3,SKU_E,4,87
279,Supplier,W1,SKU_A,5,533
279,Supplier,W1,SKU_B,5,165
279,Supplier,W1,SKU_C,5,213
279,Supplier,W1,SKU_D,5,306
279,Supplier,W1,SKU_E,5,167
279,Supplier,W2,SKU_A,6,229
279,Supplier,W2,SKU_B,6,70
279,Supplier,W2,SKU_C,6,107
279,Supplier,W2,SKU_D,6,130
279,Supplier,W2,SKU_E,6,87
279,W1,R1,SKU_B,2,119
279,W1,R1,SKU_C,2,121
279,W1,R1,SKU_E,2,114
279,W1,R1,SKU_A,2,296
279,W1,R1,SKU_D,2,146
279,W1,R2,SKU_A,3,239
279,W1,R2,SKU_B,3,26
279,W1,R2,SKU_C,3,44
279,W1,R2,SKU_D,3,118
279,W1,R2,SKU_E,3,29
279,W2,R3,SKU_A,4,277
279,W2,R3,SKU_B,4,55
279,W2,R3,SKU_C,4,76
279,W2,R3,SKU_D,4,147
279,W2,R3,SKU_E,4,87
280,Supplier,W2,SKU_A,6,285
280,Supplier,W2,SKU_B,6,55
280,Supplier,W2,SKU_C,6,76
280,Supplier,W2,SKU_D,6,130
280,Supplier,W2,SKU_E,6,87
280,W1,R1,SKU_A,2,190
280,W1,R1,SKU_B,2,72
280,W1,R1,SKU_C,2,79
280,W1,R1,SKU_D,2,78
280,W1,R1,SKU_E,2,47
280,W1,R2,SKU_A,3,108
280,W1,R2,SKU_B,3,32
280,W1,R2,SKU_C,3,55
280,W1,R2,SKU_D,3,87
280,W1,R2,SKU_E,3,39
280,W2,R3,SKU_A,4,298
280,W2,R3,SKU_B,4,63
280,W2,R3,SKU_C,4,123
280,W2,R3,SKU_D,4,177
280,W2,R3,SKU_E,4,86
281,Supplier,W1,SKU_A,5,539
281,Supplier,W1,SKU_B,5,196
281,Supplier,W1,SKU_C,5,230
281,Supplier,W1,SKU_D,5,269
281,Supplier,W1,SKU_E,5,185
281,Supplier,W2,SKU_A,6,331
281,Supplier,W2,SKU_B,6,63
281,Supplier,W2,SKU_C,6,123
281,Supplier,W2,SKU_D,6,181
281,Supplier,W2,SKU_E,6,86
281,W1,R1,SKU_A,2,65
281,W1,R1,SKU_B,2,117
281,W1,R1,SKU_C,2,104
281,W1,R1,SKU_E,2,64
281,W1,R2,SKU_B,3,41
281,W1,R2,SKU_C,3,67
281,W1,R2,SKU_E,3,39
281,W2,R3,SKU_A,4,350
281,W2,R3,SKU_B,4,81
281,W2,R3,SKU_C,4,183
281,W2,R3,SKU_D,4,198
281,W2,R3,SKU_E,4,108
282,Supplier,W2,SKU_A,6,357
282,Supplier,W2,SKU_B,6,81
282,Supplier,W2,SKU_C,6,183
282,Supplier,W2,SKU_D,6,227
282,Supplier,W2,SKU_E,6,108
282,W1,R1,SKU_A,2,406
282,W1,R1,SKU_B,2,102
282,W1,R1,SKU_C,2,112
282,W1,R1,SKU_D,2,246
282,W1,R1,SKU_E,2,72
282,W1,R2,SKU_A,3,193
282,W1,R2,SKU_B,3,52
282,W1,R2,SKU_C,3,68
282,W1,R2,SKU_D,3,34
282,W1,R2,SKU_E,3,48
282,W2,R3,SKU_A,4,353
282,W2,R3,SKU_B,4,88
282,W2,R3,SKU_C,4,142
282,W2,R3,SKU_D,4,163
282,W2,R3,SKU_E,4,100
283,Supplier,W1,SKU_A,5,694
283,Supplier,W1,SKU_B,5,312
283,Supplier,W1,SKU_C,5,351
283,Supplier,W1,SKU_D,5,386
283,Supplier,W1,SKU_E,5,223
283,Supplier,W2,SKU_A,6,377
283,Supplier,W2,SKU_B,6,88
283,Supplier,W2,SKU_C,6,142
283,Supplier,W2,SKU_D,6,193
283,Supplier,W2,SKU_E,6,100
283,W1,R2,SKU_B,3,25
283,W1,R2,SKU_C,3,44
283,W1,R2,SKU_E,3,31
283,W2,R3,SKU_A,4,220
283,W2,R3,SKU_B,4,57
283,W2,R3,SKU_C,4,89
283,W2,R3,SKU_D,4,125
283,W2,R3,SKU_E,4,76
284,Supplier,W2,SKU_A,6,248
284,Supplier,W2,SKU_B,6,57
284,Supplier,W2,SKU_C,6,89
284,Supplier,W2,SKU_D,6,101
284,Supplier,W2,SKU_E,6,76
284,W1,R1,SKU_B,2,122
284,W1,R1,SKU_C,2,98
284,W1,R1,SKU_E,2,96
284,W1,R1,SKU_A,2,316
284,W1,R1,SKU_D,2,143
284,W1,R2,SKU_A,3,217
284,W1,R2,SKU_B,3,32
284,W1,R2,SKU_C,3,37
284,W1,R2,SKU_D,3,163
284,W1,R2,SKU_E,3,35
284,W2,R3,SKU_A,4,277
284,W2,R3,SKU_B,4,44
284,W2,R3,SKU_C,4,85
284,W2,R3,SKU_D,4,140
284,W2,R3,SKU_E,4,74
285,Supplier,W1,SKU_A,5,504
285,Supplier,W1,SKU_B,5,179
285,Supplier,W1,SKU_C,5,179
285,Supplier,W1,SKU_D,5,247
285,Supplier,W1,SKU_E,5,162
285,Supplier,W2,SKU_A,6,238
285,Supplier,W2,SKU_B,6,44
285,Supplier,W2,SKU_C,6,85
285,Supplier,W2,SKU_D,6,140
285,Supplier,W2,SKU_E,6,74
285,W1,R2,SKU_B,3,31
285,W1,R2,SKU_C,3,52
285,W1,R2,SKU_E,3,36
285,W2,R3,SKU_A,4,229
285,W2,R3,SKU_B,4,44
285,W2,R3,SKU_C,4,86
285,W2,R3,SKU_D,4,130
285,W2,R3,SKU_E,4,62
286,Supplier,W2,SKU_A,6,251
286,Supplier,W2,SKU_B,6,44
286,Supplier,W2,SKU_C,6,86
286,Supplier,W2,SKU_D,6,127
286,Supplier,W2,SKU_E,6,62
286,W1,R1,SKU_B,2,124
286,W1,R1,SKU_C,2,108
286,W1,R1,SKU_E,2,92
286,W1,R1,SKU_A,2,308
286,W1,R1,SKU_D,2,145
286,W1,R2,SKU_A,3,197
286,W1,R2,SKU_B,3,38
286,W1,R2,SKU_C,3,48
286,W1,R2,SKU_D,3,124
286,W1,R2,SKU_E,3,42
286,W2,R3,SKU_A,4,285
286,W2,R3,SKU_B,4,37
286,W2,R3,SKU_C,4,117
286,W2,R3,SKU_D,4,130
286,W2,R3,SKU_E,4,60
287,Supplier,W1,SKU_A,5,504
287,Supplier,W1,SKU_B,5,193
287,Supplier,W1,SKU_C,5,208
287,Supplier,W1,SKU_D,5,250
287,Supplier,W1,SKU_E,5,170
287,Supplier,W2,SKU_A,6,232
287,Supplier,W2,SKU_B,6,37
287,Supplier,W2,SKU_C,6,117
287,Supplier,W2,SKU_D,6,165
287,Supplier,W2,SKU_E,6,60
287,W1,R2,SKU_B,3,33
287,W1,R2,SKU_C,3,44
287,W1,R2,SKU_E,3,38
287,W2,R3,SKU_A,4,331
287,W2,R3,SKU_B,4,63
287,W2,R3,SKU_C,4,133
287,W2,R3,SKU_D,4,181
287,W2,R3,SKU_E,4,79
288,Supplier,W2,SKU_A,6,285
288,Supplier,W2,SKU_B,6,63
288,Supplier,W2,SKU_C,6,133
288,Supplier,W2,SKU_D,6,165
288,Supplier,W2,SKU_E,6,79
288,W1,R1,SKU_A,2,356
288,W1,R1,SKU_B,2,185
288,W1,R1,SKU_C,2,188
288,W1,R1,SKU_E,2,134
288,W1,R1,SKU_D,2,184
288,W1,R2,SKU_A,3,244
288,W1,R2,SKU_B,3,25
288,W1,R2,SKU_C,3,56
288,W1,R2,SKU_D,3,202
288,W1,R2,SKU_E,3,26
288,W2,R3,SKU_A,4,357
288,W2,R3,SKU_B,4,98
288,W2,R3,SKU_C,4,174
288,W2,R3,SKU_D,4,227
288,W2,R3,SKU_E,4,107
289,Supplier,W1,SKU_A,5,600
289,Supplier,W1,SKU_B,5,243
289,Supplier,W1,SKU_C,5,288
289,Supplier,W1,SKU_D,5,344
289,Supplier,W1,SKU_E,5,198
289,Supplier,W2,SKU_A,6,369
289,Supplier,W2,SKU_B,6,98
289,Supplier,W2,SKU_C,6,174
289,Supplier,W2,SKU_D,6,211
289,Supplier,W2,SKU_E,6,107
289,W1,R1,SKU_A,2,128
289,W1,R1,SKU_B,2,125
289,W1,R1,SKU_C,2,109
289,W1,R1,SKU_E,2,78
289,W1,R2,SKU_B,3,40
289,W1,R2,SKU_C,3,57
289,W1,R2,SKU_E,3,47
289,W2,R3,SKU_A,4,377
289,W2,R3,SKU_B,4,78
289,W2,R3,SKU_C,4,150
289,W2,R3,SKU_D,4,193
289,W2,R3,SKU_E,4,79
290,Supplier,W1,SKU_A,5,342
290,Supplier,W1,SKU_B,5,165
290,Supplier,W1,SKU_C,5,166
290,Supplier,W1,SKU_D,5,207
290,Supplier,W1,SKU_E,5,125
290,Supplier,W2,SKU_A,6,400
290,Supplier,W2,SKU_B,6,78
290,Supplier,W2,SKU_C,6,150
290,Supplier,W2,SKU_D,6,242
290,Supplier,W2,SKU_E,6,79
290,W1,R1,SKU_A,2,252
290,W1,R1,SKU_B,2,44
290,W1,R1,SKU_C,2,63
290,W1,R1,SKU_D,2,210
290,W1,R1,SKU_E,2,39
290,W1,R2,SKU_A,3,204
290,W1,R2,SKU_B,3,24
290,W1,R2,SKU_C,3,38
290,W1,R2,SKU_D,3,37
290,W1,R2,SKU_E,3,36
290,W2,R3,SKU_A,4,248
290,W2,R3,SKU_B,4,37
290,W2,R3,SKU_C,4,122
290,W2,R3,SKU_D,4,101
290,W2,R3,SKU_E,4,77
291,Supplier,W2,SKU_A,6,264
291,Supplier,W2,SKU_B,6,37
291,Supplier,W2,SKU_C,6,122
291,Supplier,W2,SKU_D,6,143
291,Supplier,W2,SKU_E,6,77
291,W1,R2,SKU_B,3,26
291,W1,R2,SKU_C,3,51
291,W1,R2,SKU_E,3,41
291,W2,R3,SKU_A,4,238
291,W2,R3,SKU_B,4,48
291,W2,R3,SKU_C,4,112
291,W2,R3,SKU_D,4,140
291,W2,R3,SKU_E,4,83
292,Supplier,W1,SKU_A,5,464
292,Supplier,W1,SKU_B,5,141
292,Supplier,W1,SKU_C,5,203
292,Supplier,W1,SKU_D,5,233
292,Supplier,W1,SKU_E,5,158
292,Supplier,W2,SKU_A,6,274
292,Supplier,W2,SKU_B,6,48
292,Supplier,W2,SKU_C,6,112
292,Supplier,W2,SKU_D,6,140
292,Supplier,W2,SKU_E,6,83
292,W1,R1,SKU_A,2,261
292,W1,R1,SKU_B,2,104
292,W1,R1,SKU_C,2,122
292,W1,R1,SKU_E,2,95
292,W1,R1,SKU_D,2,144
292,W1,R2,SKU_A,3,196
292,W1,R2,SKU_B,3,16
292,W1,R2,SKU_C,3,36
292,W1,R2,SKU_D,3,106
292,W1,R2,SKU_E,3,28
292,W2,R3,SKU_A,4,251
292,W2,R3,SKU_B,4,40
292,W2,R3,SKU_C,4,104
292,W2,R3,SKU_D,4,127
292,W2,R3,SKU_E,4,65
293,Supplier,W2,SKU_A,6,257
293,Supplier,W2,SKU_B,6,40
293,Supplier,W2,SKU_C,6,104
293,Supplier,W2,SKU_D,6,134
293,Supplier,W2,SKU_E,6,65
293,W2,R3,SKU_A,4,232
293,W2,R3,SKU_B,4,47
293,W2,R3,SKU_C,4,115
293,W2,R3,SKU_D,4,165
293,W2,R3,SKU_E,4,77
294,Supplier,W1,SKU_A,5,446
294,Supplier,W1,SKU_B,5,138
294,Supplier,W1,SKU_C,5,182
294,Supplier,W1,SKU_D,5,242
294,Supplier,W1,SKU_E,5,146
294,Supplier,W2,SKU_A,6,215
294,Supplier,W2,SKU_B,6,47
294,Supplier,W2,SKU_C,6,115
294,Supplier,W2,SKU_D,6,129
294,Supplier,W2,SKU_E,6,77
294,W1,R1,SKU_A,2,276
294,W1,R1,SKU_B,2,119
294,W1,R1,SKU_C,2,96
294,W1,R1,SKU_E,2,94
294,W1,R1,SKU_D,2,138
294,W1,R2,SKU_B,3,64
294,W1,R2,SKU_C,3,62
294,W1,R2,SKU_E,3,71
294,W1,R2,SKU_A,3,207
294,W1,R2,SKU_D,3,190
294,W2,R3,SKU_A,4,285
294,W2,R3,SKU_B,4,47
294,W2,R3,SKU_C,4,148
294,W2,R3,SKU_D,4,165
294,W2,R3,SKU_E,4,105
295,Supplier,W2,SKU_A,6,302
295,Supplier,W2,SKU_B,6,47
295,Supplier,W2,SKU_C,6,148
295,Supplier,W2,SKU_D,6,192
295,Supplier,W2,SKU_E,6,105
295,W1,R1,SKU_A,2,178
295,W1,R1,SKU_B,2,97
295,W1,R1,SKU_C,2,110
295,W1,R1,SKU_D,2,97
295,W1,R1,SKU_E,2,80
295,W1,R2,SKU_A,3,126
295,W1,R2,SKU_B,3,55
295,W1,R2,SKU_C,3,61
295,W1,R2,SKU_D,3,54
295,W1,R2,SKU_E,3,49
295,W2,R3,SKU_A,4,369
295,W2,R3,SKU_B,4,80
295,W2,R3,SKU_C,4,178
295,W2,R3,SKU_D,4,211
295,W2,R3,SKU_E,4,86
296,Supplier,W1,SKU_A,5,576
296,Supplier,W1,SKU_B,5,270
296,Supplier,W1,SKU_C,5,254
296,Supplier,W1,SKU_D,5,278
296,Supplier,W1,SKU_E,5,229
296,Supplier,W2,SKU_A,6,352
296,Supplier,W2,SKU_B,6,80
296,Supplier,W2,SKU_C,6,178
296,Supplier,W2,SKU_D,6,204
296,Supplier,W2,SKU_E,6,86
296,W1,R1,SKU_A,2,171
296,W1,R1,SKU_B,2,88
296,W1,R1,SKU_C,2,85
296,W1,R1,SKU_D,2,72
296,W1,R1,SKU_E,2,86
296,W1,R2,SKU_A,3,79
296,W1,R2,SKU_B,3,49
296,W1,R2,SKU_C,3,55
296,W1,R2,SKU_E,3,49
296,W2,R3,SKU_A,4,400
296,W2,R3,SKU_B,4,50
296,W2,R3,SKU_C,4,194
296,W2,R3,SKU_D,4,242
296,W2,R3,SKU_E,4,93
297,Supplier,W2,SKU_A,6,353
297,Supplier,W2,SKU_B,6,50
297,Supplier,W2,SKU_C,6,194
297,Supplier,W2,SKU_D,6,215
297,Supplier,W2,SKU_E,6,93
297,W1,R1,SKU_A,2,157
297,W1,R1,SKU_B,2,68
297,W1,R1,SKU_C,2,61
297,W1,R1,SKU_D,2,117
297,W1,R1,SKU_E,2,48
297,W1,R2,SKU_A,3,141
297,W1,R2,SKU_B,3,39
297,W1,R2,SKU_C,3,48
297,W1,R2,SKU_D,3,101
297,W1,R2,SKU_E,3,36
297,W2,R3,SKU_A,4,264
297,W2,R3,SKU_B,4,41
297,W2,R3,SKU_C,4,130
297,W2,R3,SKU_D,4,143
297,W2,R3,SKU_E,4,69
298,Supplier,W1,SKU_A,5,548
298,Supplier,W1,SKU_B,5,244
298,Supplier,W1,SKU_C,5,249
298,Supplier,W1,SKU_D,5,290
298,Supplier,W1,SKU_E,5,219
298,Supplier,W2,SKU_A,6,279
298,Supplier,W2,SKU_B,6,41
298,Supplier,W2,SKU_C,6,130
298,Supplier,W2,SKU_D,6,133
298,Supplier,W2,SKU_E,6,69
298,W1,R1,SKU_A,2,153
298,W1,R1,SKU_B,2,78
298,W1,R1,SKU_C,2,75
298,W1,R1,SKU_D,2,15
298,W1,R1,SKU_E,2,52
298,W1,R2,SKU_A,3,13
298,W1,R2,SKU_B,3,47
298,W1,R2,SKU_C,3,46
298,W1,R2,SKU_E,3,42
298,W2,R3,SKU_A,4,274
298,W2,R3,SKU_B,4,55
298,W2,R3,SKU_C,4,95
298,W2,R3,SKU_D,4,140
298,W2,R3,SKU_E,4,77
299,Supplier,W2,SKU_A,6,247
299,Supplier,W2,SKU_B,6,55
299,Supplier,W2,SKU_C,6,95
299,Supplier,W2,SKU_D,6,131
299,Supplier,W2,SKU_E,6,77
299,W1,R1,SKU_A,2,152
299,W1,R1,SKU_B,2,93
299,W1,R1,SKU_C,2,64
299,W1,R1,SKU_D,2,151
299,W1,R1,SKU_E,2,51
299,W1,R2,SKU_A,3,180
299,W1,R2,SKU_B,3,46
299,W1,R2,SKU_C,3,49
299,W1,R2,SKU_D,3,91
299,W1,R2,SKU_E,3,47
299,W2,R3,SKU_A,4,257
299,W2,R3,SKU_B,4,61
299,W2,R3,SKU_C,4,167
299,W2,R3,SKU_D,4,134
299,W2,R3,SKU_E,4,101
300,Supplier,W1,SKU_A,5,498
300,Supplier,W1,SKU_B,5,264
300,Supplier,W1,SKU_C,5,234
300,Supplier,W1,SKU_D,5,271
300,Supplier,W1,SKU_E,5,192
300,Supplier,W2,SKU_A,6,273
300,Supplier,W2,SKU_B,6,61
300,Supplier,W2,SKU_C,6,167
300,Supplier,W2,SKU_D,6,199
300,Supplier,W2,SKU_E,6,101
300,W1,R1,SKU_A,2,114
300,W1,R1,SKU_B,2,132
300,W1,R1,SKU_C,2,93
300,W1,R1,SKU_E,2,68
300,W1,R2,SKU_B,3,32
300,W1,R2,SKU_C,3,96
300,W1,R2,SKU_E,3,41
300,W2,R3,SKU_A,4,215
300,W2,R3,SKU_B,4,76
300,W2,R3,SKU_C,4,155
300,W2,R3,SKU_D,4,129
300,W2,R3,SKU_E,4,87
301,Supplier,W1,SKU_A,5,349
301,Supplier,W1,SKU_B,5,186
301,Supplier,W1,SKU_C,5,189
301,Supplier,W1,SKU_D,5,177
301,Supplier,W1,SKU_E,5,127
301,Supplier,W2,SKU_A,6,399
301,Supplier,W2,SKU_B,6,76
301,Supplier,W2,SKU_C,6,186
301,Supplier,W2,SKU_D,6,240
301,Supplier,W2,SKU_E,6,87
301,W1,R1,SKU_A,2,458
301,W1,R1,SKU_B,2,224
301,W1,R1,SKU_C,2,176
301,W1,R1,SKU_D,2,266
301,W1,R1,SKU_E,2,162
301,W1,R2,SKU_A,3,118
301,W1,R2,SKU_B,3,46
301,W1,R2,SKU_C,3,93
301,W1,R2,SKU_D,3,12
301,W1,R2,SKU_E,3,67
301,W2,R3,SKU_A,4,302
301,W2,R3,SKU_B,4,105
301,W2,R3,SKU_C,4,148
301,W2,R3,SKU_D,4,192
301,W2,R3,SKU_E,4,111
302,Supplier,W1,SKU_A,5,591
302,Supplier,W1,SKU_B,5,296
302,Supplier,W1,SKU_C,5,269
302,Supplier,W1,SKU_D,5,248
302,Supplier,W1,SKU_E,5,239
302,Supplier,W2,SKU_A,6,556
302,Supplier,W2,SKU_B,6,105
302,Supplier,W2,SKU_C,6,268
302,Supplier,W2,SKU_D,6,310
302,Supplier,W2,SKU_E,6,111
302,W2,R3,SKU_A,4,352
302,W2,R3,SKU_B,4,48
302,W2,R3,SKU_C,4,178
302,W2,R3,SKU_D,4,204
302,W2,R3,SKU_E,4,53
303,Supplier,W2,SKU_A,6,267
303,Supplier,W2,SKU_B,6,48
303,Supplier,W2,SKU_C,6,109
303,Supplier,W2,SKU_D,6,154
303,Supplier,W2,SKU_E,6,53
303,W1,R1,SKU_C,2,133
303,W1,R1,SKU_A,2,339
303,W1,R1,SKU_B,2,193
303,W1,R1,SKU_D,2,142
303,W1,R1,SKU_E,2,158
303,W1,R2,SKU_C,3,85
303,W1,R2,SKU_A,3,209
303,W1,R2,SKU_B,3,51
303,W1,R2,SKU_D,3,148
303,W1,R2,SKU_E,3,61
303,W2,R3,SKU_A,4,353
303,W2,R3,SKU_B,4,44
303,W2,R3,SKU_C,4,193
303,W2,R3,SKU_D,4,215
303,W2,R3,SKU_E,4,85
304,Supplier,W1,SKU_A,5,545
304,Supplier,W1,SKU_B,5,286
304,Supplier,W1,SKU_C,5,218
304,Supplier,W1,SKU_D,5,236
304,Supplier,W1,SKU_E,5,261
304,Supplier,W2,SKU_A,6,256
304,Supplier,W2,SKU_B,6,44
304,Supplier,W2,SKU_C,6,111
304,Supplier,W2,SKU_D,6,171
304,Supplier,W2,SKU_E,6,85
304,W2,R3,SKU_A,4,279
304,W2,R3,SKU_B,4,44
304,W2,R3,SKU_C,4,97
304,W2,R3,SKU_D,4,133
304,W2,R3,SKU_E,4,75
305,Supplier,W2,SKU_A,6,229
305,Supplier,W2,SKU_B,6,44
305,Supplier,W2,SKU_C,6,97
305,Supplier,W2,SKU_D,6,111
305,Supplier,W2,SKU_E,6,75
305,W1,R1,SKU_C,2,86
305,W1,R1,SKU_A,2,212
305,W1,R1,SKU_B,2,97
305,W1,R1,SKU_D,2,98
305,W1,R1,SKU_E,2,70
305,W1,R2,SKU_C,3,78
305,W1,R2,SKU_A,3,286
305,W1,R2,SKU_B,3,136
305,W1,R2,SKU_D,3,173
305,W1,R2,SKU_E,3,122
305,W2,R3,SKU_A,4,247
305,W2,R3,SKU_B,4,38
305,W2,R3,SKU_C,4,83
305,W2,R3,SKU_D,4,131
305,W2,R3,SKU_E,4,45
306,Supplier,W2,SKU_A,6,222
306,Supplier,W2,SKU_B,6,38
306,Supplier,W2,SKU_C,6,83
306,Supplier,W2,SKU_D,6,107
306,Supplier,W2,SKU_E,6,45
306,W1,R2,SKU_A,3,215
306,W1,R2,SKU_B,3,34
306,W1,R2,SKU_C,3,36
306,W1,R2,SKU_D,3,57
306,W1,R2,SKU_E,3,47
306,W2,R3,SKU_A,4,273
306,W2,R3,SKU_B,4,46
306,W2,R3,SKU_C,4,81
306,W2,R3,SKU_D,4,199
306,W2,R3,SKU_E,4,60
307,Supplier,W1,SKU_A,5,572
307,Supplier,W1,SKU_B,5,239
307,Supplier,W1,SKU_C,5,243
307,Supplier,W1,SKU_D,5,266
307,Supplier,W1,SKU_E,5,211
307,Supplier,W2,SKU_A,6,224
307,Supplier,W2,SKU_B,6,46
307,Supplier,W2,SKU_C,6,81
307,Supplier,W2,SKU_D,6,116
307,Supplier,W2,SKU_E,6,60
307,W1,R1,SKU_A,2,253
307,W1,R1,SKU_B,2,135
307,W1,R1,SKU_C,2,105
307,W1,R1,SKU_D,2,123
307,W1,R1,SKU_E,2,123
307,W1,R2,SKU_A,3,131
307,W1,R2,SKU_B,3,53
307,W1,R2,SKU_C,3,62
307,W1,R2,SKU_D,3,52
307,W1,R2,SKU_E,3,80
307,W2,R3,SKU_A,4,399
307,W2,R3,SKU_B,4,47
307,W2,R3,SKU_C,4,106
307,W2,R3,SKU_D,4,240
307,W2,R3,SKU_E,4,107
308,Supplier,W2,SKU_A,6,252
308,Supplier,W2,SKU_B,6,47
308,Supplier,W2,SKU_C,6,106
308,Supplier,W2,SKU_D,6,168
308,Supplier,W2,SKU_E,6,107
308,W1,R1,SKU_A,2,203
308,W1,R1,SKU_B,2,77
308,W1,R1,SKU_C,2,75
308,W1,R1,SKU_D,2,70
308,W1,R1,SKU_E,2,70
308,W1,R2,SKU_A,3,129
308,W1,R2,SKU_B,3,38
308,W1,R2,SKU_C,3,64
308,W1,R2,SKU_D,3,73
308,W1,R2,SKU_E,3,46
308,W2,R3,SKU_A,4,456
308,W2,R3,SKU_B,4,63
308,W2,R3,SKU_C,4,113
308,W2,R3,SKU_D,4,273
308,W2,R3,SKU_E,4,116
309,Supplier,W1,SKU_A,5,610
309,Supplier,W1,SKU_B,5,241
309,Supplier,W1,SKU_C,5,263
309,Supplier,W1,SKU_D,5,273
309,Supplier,W1,SKU_E,5,297
309,Supplier,W2,SKU_A,6,299
309,Supplier,W2,SKU_B,6,63
309,Supplier,W2,SKU_C,6,113
309,Supplier,W2,SKU_D,6,182
309,Supplier,W2,SKU_E,6,116
309,W1,R1,SKU_A,2,242
309,W1,R1,SKU_B,2,131
309,W1,R1,SKU_C,2,112
309,W1,R1,SKU_D,2,101
309,W1,R1,SKU_E,2,103
309,W1,R2,SKU_A,3,133
309,W1,R2,SKU_B,3,58
309,W1,R2,SKU_C,3,71
309,W1,R2,SKU_D,3,83
309,W1,R2,SKU_E,3,87
309,W2,R3,SKU_A,4,356
309,W2,R3,SKU_B,4,69
309,W2,R3,SKU_C,4,149
309,W2,R3,SKU_D,4,191
309,W2,R3,SKU_E,4,94
310,Supplier,W1,SKU_A,5,375
310,Supplier,W1,SKU_B,5,189
310,Supplier,W1,SKU_C,5,183
310,Supplier,W1,SKU_D,5,184
310,Supplier,W1,SKU_E,5,170
310,Supplier,W2,SKU_A,6,356
310,Supplier,W2,SKU_B,6,69
310,Supplier,W2,SKU_C,6,149
310,Supplier,W2,SKU_D,6,205
310,Supplier,W2,SKU_E,6,94
310,W1,R1,SKU_A,2,179
310,W1,R1,SKU_B,2,99
310,W1,R1,SKU_C,2,98
310,W1,R1,SKU_D,2,87
310,W1,R1,SKU_E,2,71
310,W1,R2,SKU_B,3,60
310,W1,R2,SKU_C,3,53
310,W1,R2,SKU_D,3,15
310,W2,R3,SKU_A,4,267
310,W2,R3,SKU_B,4,61
310,W2,R3,SKU_C,4,130
310,W2,R3,SKU_D,4,171
310,W2,R3,SKU_E,4,94
311,Supplier,W2,SKU_A,6,323
311,Supplier,W2,SKU_B,6,61
311,Supplier,W2,SKU_C,6,130
311,Supplier,W2,SKU_D,6,186
311,Supplier,W2,SKU_E,6,94
311,W1,R2,SKU_B,3,44
311,W1,R2,SKU_C,3,40
311,W2,R3,SKU_A,4,229
311,W2,R3,SKU_B,4,46
311,W2,R3,SKU_C,4,89
311,W2,R3,SKU_D,4,111
311,W2,R3,SKU_E,4,77
312,Supplier,W1,SKU_A,5,650
312,Supplier,W1,SKU_B,5,265
312,Supplier,W1,SKU_C,5,247
312,Supplier,W1,SKU_D,5,250
312,Supplier,W1,SKU_E,5,241
312,Supplier,W2,SKU_A,6,258
312,Supplier,W2,SKU_B,6,46
312,Supplier,W2,SKU_C,6,89
312,Supplier,W2,SKU_D,6,143
312,Supplier,W2,SKU_E,6,77
312,W1,R1,SKU_B,2,102
312,W1,R1,SKU_C,2,117
312,W1,R1,SKU_A,2,293
312,W1,R1,SKU_D,2,93
312,W1,R1,SKU_E,2,112
312,W1,R2,SKU_A,3,279
312,W1,R2,SKU_B,3,51
312,W1,R2,SKU_C,3,36
312,W1,R2,SKU_D,3,150
312,W1,R2,SKU_E,3,99
312,W2,R3,SKU_A,4,222
312,W2,R3,SKU_B,4,32
312,W2,R3,SKU_C,4,73
312,W2,R3,SKU_D,4,107
312,W2,R3,SKU_E,4,92
313,Supplier,W2,SKU_A,6,230
313,Supplier,W2,SKU_B,6,32
313,Supplier,W2,SKU_C,6,73
313,Supplier,W2,SKU_D,6,134
313,Supplier,W2,SKU_E,6,92
313,W2,R3,SKU_A,4,224
313,W2,R3,SKU_B,4,37
313,W2,R3,SKU_C,4,87
313,W2,R3,SKU_D,4,116
313,W2,R3,SKU_E,4,68
314,Supplier,W1,SKU_A,5,441
314,Supplier,W1,SKU_B,5,172
314,Supplier,W1,SKU_C,5,184
314,Supplier,W1,SKU_D,5,196
314,Supplier,W1,SKU_E,5,193
314,Supplier,W2,SKU_A,6,237
314,Supplier,W2,SKU_B,6,37
314,Supplier,W2,SKU_C,6,87
314,Supplier,W2,SKU_D,6,119
314,Supplier,W2,SKU_E,6,86
314,W1,R1,SKU_B,2,104
314,W1,R1,SKU_C,2,94
314,W1,R1,SKU_D,2,115
314,W1,R1,SKU_A,2,263
314,W1,R1,SKU_E,2,114
314,W1,R2,SKU_B,3,59
314,W1,R2,SKU_C,3,90
314,W1,R2,SKU_A,3,338
314,W1,R2,SKU_D,3,113
314,W1,R2,SKU_E,3,130
314,W2,R3,SKU_A,4,252
314,W2,R3,SKU_B,4,36
314,W2,R3,SKU_C,4,99
314,W2,R3,SKU_D,4,168
314,W2,R3,SKU_E,4,96
315,Supplier,W2,SKU_A,6,261
315,Supplier,W2,SKU_B,6,36
315,Supplier,W2,SKU_C,6,99
315,Supplier,W2,SKU_D,6,155
315,Supplier,W2,SKU_E,6,78
315,W1,R1,SKU_A,2,177
315,W1,R1,SKU_B,2,77
315,W1,R1,SKU_C,2,67
315,W1,R1,SKU_D,2,107
315,W1,R1,SKU_E,2,59
315,W1,R2,SKU_A,3,124
315,W1,R2,SKU_B,3,39
315,W1,R2,SKU_C,3,46
315,W1,R2,SKU_D,3,61
315,W1,R2,SKU_E,3,44
315,W2,R3,SKU_A,4,299
315,W2,R3,SKU_B,4,61
315,W2,R3,SKU_C,4,135
315,W2,R3,SKU_D,4,182
315,W2,R3,SKU_E,4,99
316,Supplier,W1,SKU_A,5,562
316,Supplier,W1,SKU_B,5,198
316,Supplier,W1,SKU_C,5,210
316,Supplier,W1,SKU_D,5,295
316,Supplier,W1,SKU_E,5,195
316,Supplier,W2,SKU_A,6,293
316,Supplier,W2,SKU_B,6,61
316,Supplier,W2,SKU_C,6,135
316,Supplier,W2,SKU_D,6,184
316,Supplier,W2,SKU_E,6,99
316,W1,R1,SKU_A,2,83
316,W1,R1,SKU_B,2,113
316,W1,R1,SKU_C,2,115
316,W1,R1,SKU_D,2,84
316,W1,R1,SKU_E,2,83
316,W1,R2,SKU_B,3,61
316,W1,R2,SKU_C,3,74
316,W1,R2,SKU_E,3,37
316,W2,R3,SKU_A,4,356
316,W2,R3,SKU_B,4,79
316,W2,R3,SKU_C,4,167
316,W2,R3,SKU_D,4,205
316,W2,R3,SKU_E,4,122
317,Supplier,W1,SKU_A,5,377
317,Supplier,W1,SKU_B,5,174
317,Supplier,W1,SKU_C,5,189
317,Supplier,W1,SKU_D,5,199
317,Supplier,W1,SKU_E,5,133
317,Supplier,W2,SKU_A,6,307
317,Supplier,W2,SKU_B,6,79
317,Supplier,W2,SKU_C,6,167
317,Supplier,W2,SKU_D,6,196
317,Supplier,W2,SKU_E,6,134
317,W1,R1,SKU_A,2,411
317,W1,R1,SKU_B,2,93
317,W1,R1,SKU_C,2,89
317,W1,R1,SKU_D,2,144
317,W1,R1,SKU_E,2,80
317,W1,R2,SKU_A,3,239
317,W1,R2,SKU_B,3,50
317,W1,R2,SKU_C,3,64
317,W1,R2,SKU_D,3,106
317,W1,R2,SKU_E,3,64
317,W2,R3,SKU_A,4,323
317,W2,R3,SKU_B,4,82
317,W2,R3,SKU_C,4,162
317,W2,R3,SKU_D,4,186
317,W2,R3,SKU_E,4,94
318,Supplier,W1,SKU_A,5,402
318,Supplier,W1,SKU_B,5,143
318,Supplier,W1,SKU_C,5,153
318,Supplier,W1,SKU_D,5,190
318,Supplier,W1,SKU_E,5,131
318,Supplier,W2,SKU_A,6,367
318,Supplier,W2,SKU_B,6,82
318,Supplier,W2,SKU_C,6,162
318,Supplier,W2,SKU_D,6,244
318,Supplier,W2,SKU_E,6,117
318,W1,R2,SKU_B,3,28
318,W1,R2,SKU_C,3,27
318,W1,R2,SKU_E,3,32
318,W2,R3,SKU_A,4,258
318,W2,R3,SKU_B,4,57
318,W2,R3,SKU_C,4,87
318,W2,R3,SKU_D,4,143
318,W2,R3,SKU_E,4,77
319,Supplier,W2,SKU_A,6,268
319,Supplier,W2,SKU_B,6,57
319,Supplier,W2,SKU_C,6,87
319,Supplier,W2,SKU_D,6,163
319,Supplier,W2,SKU_E,6,110
319,W1,R1,SKU_B,2,126
319,W1,R1,SKU_C,2,113
319,W1,R1,SKU_E,2,110
319,W1,R1,SKU_A,2,311
319,W1,R1,SKU_D,2,144
319,W1,R2,SKU_A,3,130
319,W1,R2,SKU_B,3,30
319,W1,R2,SKU_C,3,33
319,W1,R2,SKU_D,3,52
319,W1,R2,SKU_E,3,63
319,W2,R3,SKU_A,4,230
319,W2,R3,SKU_B,4,49
319,W2,R3,SKU_C,4,89
319,W2,R3,SKU_D,4,134
319,W2,R3,SKU_E,4,92
320,Supplier,W1,SKU_A,5,543
320,Supplier,W1,SKU_B,5,184
320,Supplier,W1,SKU_C,5,173
320,Supplier,W1,SKU_D,5,267
320,Supplier,W1,SKU_E,5,205
320,Supplier,W2,SKU_A,6,257
320,Supplier,W2,SKU_B,6,49
320,Supplier,W2,SKU_C,6,89
320,Supplier,W2,SKU_D,6,142
320,Supplier,W2,SKU_E,6,100
320,W1,R2,SKU_B,3,31
320,W1,R2,SKU_C,3,28
320,W1,R2,SKU_E,3,24
320,W2,R3,SKU_A,4,237
320,W2,R3,SKU_B,4,53
320,W2,R3,SKU_C,4,100
320,W2,R3,SKU_D,4,119
320,W2,R3,SKU_E,4,86
321,Supplier,W2,SKU_A,6,311
321,Supplier,W2,SKU_B,6,53
321,Supplier,W2,SKU_C,6,100
321,Supplier,W2,SKU_D,6,172
321,Supplier,W2,SKU_E,6,116
321,W1,R1,SKU_B,2,138
321,W1,R1,SKU_C,2,115
321,W1,R1,SKU_E,2,135
321,W1,R1,SKU_A,2,331
321,W1,R1,SKU_D,2,163
321,W1,R2,SKU_A,3,231
321,W1,R2,SKU_B,3,38
321,W1,R2,SKU_C,3,46
321,W1,R2,SKU_D,3,132
321,W1,R2,SKU_E,3,69
321,W2,R3,SKU_A,4,261
321,W2,R3,SKU_B,4,64
321,W2,R3,SKU_C,4,111
321,W2,R3,SKU_D,4,155
321,W2,R3,SKU_E,4,78
322,Supplier,W1,SKU_A,5,542
322,Supplier,W1,SKU_B,5,207
322,Supplier,W1,SKU_C,5,189
322,Supplier,W1,SKU_D,5,281
322,Supplier,W1,SKU_E,5,228
322,Supplier,W2,SKU_A,6,302
322,Supplier,W2,SKU_B,6,64
322,Supplier,W2,SKU_C,6,111
322,Supplier,W2,SKU_D,6,172
322,Supplier,W2,SKU_E,6,117
322,W1,R1,SKU_A,2,199
322,W1,R1,SKU_B,2,78
322,W1,R1,SKU_C,2,65
322,W1,R1,SKU_D,2,91
322,W1,R1,SKU_E,2,58
322,W1,R2,SKU_A,3,178
322,W1,R2,SKU_B,3,32
322,W1,R2,SKU_C,3,43
322,W1,R2,SKU_D,3,108
322,W1,R2,SKU_E,3,50
322,W2,R3,SKU_A,4,293
322,W2,R3,SKU_B,4,81
322,W2,R3,SKU_C,4,127
322,W2,R3,SKU_D,4,184
322,W2,R3,SKU_E,4,99
323,Supplier,W2,SKU_A,6,291
323,Supplier,W2,SKU_B,6,81
323,Supplier,W2,SKU_C,6,127
323,Supplier,W2,SKU_D,6,175
323,Supplier,W2,SKU_E,6,130
323,W1,R1,SKU_A,2,278
323,W1,R1,SKU_B,2,128
323,W1,R1,SKU_C,2,132
323,W1,R1,SKU_D,2,109
323,W1,R1,SKU_E,2,86
323,W1,R2,SKU_A,3,124
323,W1,R2,SKU_B,3,50
323,W1,R2,SKU_C,3,66
323,W1,R2,SKU_D,3,81
323,W1,R2,SKU_E,3,65
323,W2,R3,SKU_A,4,307
323,W2,R3,SKU_B,4,103
323,W2,R3,SKU_C,4,224
323,W2,R3,SKU_D,4,196
323,W2,R3,SKU_E,4,134
324,Supplier,W1,SKU_A,5,722
324,Supplier,W1,SKU_B,5,288
324,Supplier,W1,SKU_C,5,306
324,Supplier,W1,SKU_D,5,330
324,Supplier,W1,SKU_E,5,259
324,Supplier,W2,SKU_A,6,385
324,Supplier,W2,SKU_B,6,103
324,Supplier,W2,SKU_C,6,224
324,Supplier,W2,SKU_D,6,222
324,Supplier,W2,SKU_E,6,123
324,W1,R2,SKU_B,3,50
324,W1,R2,SKU_C,3,66
324,W2,R3,SKU_A,4,367
324,W2,R3,SKU_B,4,108
324,W2,R3,SKU_C,4,171
324,W2,R3,SKU_D,4,244
324,W2,R3,SKU_E,4,117
325,Supplier,W1,SKU_A,5,363
325,Supplier,W1,SKU_B,5,133
325,Supplier,W1,SKU_C,5,176
325,Supplier,W1,SKU_D,5,191
325,Supplier,W1,SKU_E,5,138
325,Supplier,W2,SKU_A,6,367
325,Supplier,W2,SKU_B,6,108
325,Supplier,W2,SKU_C,6,171
325,Supplier,W2,SKU_D,6,202
325,Supplier,W2,SKU_E,6,126
325,W1,R1,SKU_B,2,186
325,W1,R1,SKU_C,2,179
325,W1,R1,SKU_E,2,142
325,W1,R1,SKU_A,2,427
325,W1,R1,SKU_D,2,203
325,W1,R2,SKU_A,3,116
325,W1,R2,SKU_B,3,36
325,W1,R2,SKU_C,3,53
325,W1,R2,SKU_D,3,64
325,W1,R2,SKU_E,3,97
325,W2,R3,SKU_A,4,268
325,W2,R3,SKU_B,4,57
325,W2,R3,SKU_C,4,134
325,W2,R3,SKU_D,4,163
325,W2,R3,SKU_E,4,110
326,Supplier,W2,SKU_A,6,298
326,Supplier,W2,SKU_B,6,57
326,Supplier,W2,SKU_C,6,134
326,Supplier,W2,SKU_D,6,164
326,Supplier,W2,SKU_E,6,83
326,W2,R3,SKU_A,4,257
326,W2,R3,SKU_B,4,58
326,W2,R3,SKU_C,4,112
326,W2,R3,SKU_D,4,142
326,W2,R3,SKU_E,4,100
327,Supplier,W1,SKU_A,5,597
327,Supplier,W1,SKU_B,5,261
327,Supplier,W1,SKU_C,5,241
327,Supplier,W1,SKU_D,5,322
327,Supplier,W1,SKU_E,5,215
327,Supplier,W2,SKU_A,6,313
327,Supplier,W2,SKU_B,6,58
327,Supplier,W2,SKU_C,6,112
327,Supplier,W2,SKU_D,6,159
327,Supplier,W2,SKU_E,6,117
327,W1,R1,SKU_B,2,177
327,W1,R1,SKU_C,2,157
327,W1,R1,SKU_E,2,124
327,W1,R1,SKU_A,2,379
327,W1,R1,SKU_D,2,195
327,W1,R2,SKU_B,3,83
327,W1,R2,SKU_C,3,97
327,W1,R2,SKU_A,3,163
327,W1,R2,SKU_D,3,86
327,W1,R2,SKU_E,3,84
327,W2,R3,SKU_A,4,311
327,W2,R3,SKU_B,4,69
327,W2,R3,SKU_C,4,130
327,W2,R3,SKU_D,4,172
327,W2,R3,SKU_E,4,116
328,Supplier,W2,SKU_A,6,311
328,Supplier,W2,SKU_B,6,69
328,Supplier,W2,SKU_C,6,130
328,Supplier,W2,SKU_D,6,157
328,Supplier,W2,SKU_E,6,93
328,W2,R3,SKU_A,4,302
328,W2,R3,SKU_B,4,61
328,W2,R3,SKU_C,4,137
328,W2,R3,SKU_D,4,172
328,W2,R3,SKU_E,4,117
329,Supplier,W1,SKU_A,5,664
329,Supplier,W1,SKU_B,5,270
329,Supplier,W1,SKU_C,5,291
329,Supplier,W1,SKU_D,5,340
329,Supplier,W1,SKU_E,5,226
329,Supplier,W2,SKU_A,6,376
329,Supplier,W2,SKU_B,6,61
329,Supplier,W2,SKU_C,6,137
329,Supplier,W2,SKU_D,6,201
329,Supplier,W2,SKU_E,6,100
329,W1,R1,SKU_B,2,235
329,W1,R1,SKU_C,2,238
329,W1,R1,SKU_E,2,178
329,W1,R1,SKU_A,2,519
329,W1,R1,SKU_D,2,252
329,W1,R2,SKU_B,3,100
329,W1,R2,SKU_C,3,119
329,W1,R2,SKU_A,3,203
329,W1,R2,SKU_D,3,78
329,W1,R2,SKU_E,3,124
329,W2,R3,SKU_A,4,291
329,W2,R3,SKU_B,4,85
329,W2,R3,SKU_C,4,159
329,W2,R3,SKU_D,4,175
329,W2,R3,SKU_E,4,130
330,Supplier,W1,SKU_A,5,474
330,Supplier,W1,SKU_B,5,203
330,Supplier,W1,SKU_C,5,201
330,Supplier,W1,SKU_D,5,235
330,Supplier,W1,SKU_E,5,176
330,Supplier,W2,SKU_A,6,510
330,Supplier,W2,SKU_B,6,85
330,Supplier,W2,SKU_C,6,191
330,Supplier,W2,SKU_D,6,287
330,Supplier,W2,SKU_E,6,170
330,W1,R1,SKU_A,2,224
330,W1,R1,SKU_B,2,89
330,W1,R1,SKU_C,2,83
330,W1,R1,SKU_D,2,130
330,W1,R1,SKU_E,2,90
330,W1,R2,SKU_A,3,139
330,W1,R2,SKU_B,3,48
330,W1,R2,SKU_C,3,58
330,W1,R2,SKU_D,3,61
330,W1,R2,SKU_E,3,48
330,W2,R3,SKU_A,4,385
330,W2,R3,SKU_B,4,76
330,W2,R3,SKU_C,4,175
330,W2,R3,SKU_D,4,222
330,W2,R3,SKU_E,4,123
331,Supplier,W1,SKU_A,5,356
331,Supplier,W1,SKU_B,5,137
331,Supplier,W1,SKU_C,5,141
331,Supplier,W1,SKU_D,5,193
331,Supplier,W1,SKU_E,5,178
331,Supplier,W2,SKU_A,6,365
331,Supplier,W2,SKU_B,6,76
331,Supplier,W2,SKU_C,6,143
331,Supplier,W2,SKU_D,6,216
331,Supplier,W2,SKU_E,6,110
332,W1,R1,SKU_A,2,191
332,W1,R1,SKU_B,2,89
332,W1,R1,SKU_C,2,68
332,W1,R1,SKU_D,2,80
332,W1,R1,SKU_E,2,88
332,W1,R2,SKU_A,3,406
332,W1,R2,SKU_B,3,47
332,W1,R2,SKU_C,3,52
332,W1,R2,SKU_D,3,242
332,W1,R2,SKU_E,3,104
332,W2,R3,SKU_A,4,665
332,W2,R3,SKU_B,4,45
332,W2,R3,SKU_C,4,117
332,W2,R3,SKU_D,4,366
332,W2,R3,SKU_E,4,209
333,Supplier,W2,SKU_A,6,302
333,Supplier,W2,SKU_B,6,45
333,Supplier,W2,SKU_C,6,117
333,Supplier,W2,SKU_D,6,179
333,Supplier,W2,SKU_E,6,83
333,W2,R3,SKU_A,4,313
333,W2,R3,SKU_B,4,32
333,W2,R3,SKU_C,4,107
333,W2,R3,SKU_D,4,159
333,W2,R3,SKU_E,4,78
334,Supplier,W1,SKU_A,5,567
334,Supplier,W1,SKU_B,5,230
334,Supplier,W1,SKU_C,5,224
334,Supplier,W1,SKU_D,5,228
334,Supplier,W1,SKU_E,5,243
334,Supplier,W2,SKU_A,6,235
334,Supplier,W2,SKU_B,6,32
334,Supplier,W2,SKU_C,6,107
334,Supplier,W2,SKU_D,6,149
334,Supplier,W2,SKU_E,6,53
334,W1,R1,SKU_B,2,120
334,W1,R1,SKU_C,2,101
334,W1,R1,SKU_E,2,103
334,W1,R1,SKU_A,2,274
334,W1,R1,SKU_D,2,136
334,W1,R2,SKU_B,3,53
334,W1,R2,SKU_C,3,85
334,W1,R2,SKU_A,3,281
334,W1,R2,SKU_D,3,122
334,W1,R2,SKU_E,3,85
334,W2,R3,SKU_A,4,311
334,W2,R3,SKU_B,4,33
334,W2,R3,SKU_C,4,98
334,W2,R3,SKU_D,4,157
334,W2,R3,SKU_E,4,65
335,Supplier,W2,SKU_A,6,230
335,Supplier,W2,SKU_B,6,33
335,Supplier,W2,SKU_C,6,98
335,Supplier,W2,SKU_D,6,126
335,Supplier,W2,SKU_E,6,65
335,W1,R1,SKU_A,2,118
335,W1,R1,SKU_B,2,82
335,W1,R1,SKU_C,2,54
335,W1,R1,SKU_D,2,74
335,W1,R1,SKU_E,2,47
335,W1,R2,SKU_A,3,98
335,W1,R2,SKU_B,3,38
335,W1,R2,SKU_C,3,41
335,W1,R2,SKU_D,3,46
335,W1,R2,SKU_E,3,41
335,W2,R3,SKU_A,4,376
335,W2,R3,SKU_B,4,40
335,W2,R3,SKU_C,4,94
335,W2,R3,SKU_D,4,201
335,W2,R3,SKU_E,4,76
336,Supplier,W1,SKU_A,5,446
336,Supplier,W1,SKU_B,5,199
336,Supplier,W1,SKU_C,5,177
336,Supplier,W1,SKU_D,5,207
336,Supplier,W1,SKU_E,5,179
336,Supplier,W2,SKU_A,6,225
336,Supplier,W2,SKU_B,6,40
336,Supplier,W2,SKU_C,6,94
336,Supplier,W2,SKU_D,6,122
336,Supplier,W2,SKU_E,6,76
336,W1,R1,SKU_A,2,164
336,W1,R1,SKU_B,2,83
336,W1,R1,SKU_C,2,86
336,W1,R1,SKU_D,2,74
336,W1,R1,SKU_E,2,50
336,W1,R2,SKU_A,3,116
336,W1,R2,SKU_B,3,37
336,W1,R2,SKU_C,3,43
336,W1,R2,SKU_D,3,56
336,W1,R2,SKU_E,3,46
336,W2,R3,SKU_A,4,314
336,W2,R3,SKU_B,4,68
336,W2,R3,SKU_C,4,145
336,W2,R3,SKU_D,4,211
336,W2,R3,SKU_E,4,82
337,Supplier,W2,SKU_A,6,296
337,Supplier,W2,SKU_B,6,68
337,Supplier,W2,SKU_C,6,145
337,Supplier,W2,SKU_D,6,178
337,Supplier,W2,SKU_E,6,82
337,W1,R1,SKU_A,2,152
337,W1,R1,SKU_B,2,60
337,W1,R1,SKU_C,2,65
337,W1,R1,SKU_D,2,70
337,W1,R1,SKU_E,2,48
337,W1,R2,SKU_A,3,104
337,W1,R2,SKU_B,3,48
337,W1,R2,SKU_C,3,44
337,W1,R2,SKU_D,3,49
337,W1,R2,SKU_E,3,54
337,W2,R3,SKU_A,4,328
337,W2,R3,SKU_B,4,55
337,W2,R3,SKU_C,4,139
337,W2,R3,SKU_D,4,179
337,W2,R3,SKU_E,4,75
338,Supplier,W1,SKU_A,5,536
338,Supplier,W1,SKU_B,5,228
338,Supplier,W1,SKU_C,5,238
338,Supplier,W1,SKU_D,5,249
338,Supplier,W1,SKU_E,5,198
338,Supplier,W2,SKU_A,6,328
338,Supplier,W2,SKU_B,6,55
338,Supplier,W2,SKU_C,6,139
338,Supplier,W2,SKU_D,6,179
338,Supplier,W2,SKU_E,6,75
338,W1,R2,SKU_A,3,68
338,W1,R2,SKU_B,3,35
338,W1,R2,SKU_C,3,41
338,W1,R2,SKU_D,3,45
338,W1,R2,SKU_E,3,40
338,W2,R3,SKU_A,4,204
338,W2,R3,SKU_B,4,34
338,W2,R3,SKU_C,4,89
338,W2,R3,SKU_D,4,113
338,W2,R3,SKU_E,4,53
339,Supplier,W2,SKU_A,6,204
339,Supplier,W2,SKU_B,6,34
339,Supplier,W2,SKU_C,6,89
339,Supplier,W2,SKU_D,6,140
339,Supplier,W2,SKU_E,6,53
339,W1,R1,SKU_A,2,268
339,W1,R1,SKU_B,2,130
339,W1,R1,SKU_C,2,99
339,W1,R1,SKU_D,2,119
339,W1,R1,SKU_E,2,108
339,W1,R2,SKU_A,3,101
339,W1,R2,SKU_B,3,45
339,W1,R2,SKU_C,3,41
339,W1,R2,SKU_D,3,43
339,W1,R2,SKU_E,3,42
339,W2,R3,SKU_A,4,227
339,W2,R3,SKU_B,4,35
339,W2,R3,SKU_C,4,103
339,W2,R3,SKU_D,4,174
339,W2,R3,SKU_E,4,71
340,Supplier,W1,SKU_A,5,437
340,Supplier,W1,SKU_B,5,210
340,Supplier,W1,SKU_C,5,181
340,Supplier,W1,SKU_D,5,207
340,Supplier,W1,SKU_E,5,190
340,Supplier,W2,SKU_A,6,227
340,Supplier,W2,SKU_B,6,35
340,Supplier,W2,SKU_C,6,103
340,Supplier,W2,SKU_D,6,147
340,Supplier,W2,SKU_E,6,71
340,W1,R2,SKU_A,3,79
340,W1,R2,SKU_B,3,30
340,W1,R2,SKU_C,3,38
340,W1,R2,SKU_D,3,53
340,W1,R2,SKU_E,3,55
340,W2,R3,SKU_A,4,219
340,W2,R3,SKU_B,4,45
340,W2,R3,SKU_C,4,112
340,W2,R3,SKU_D,4,128
340,W2,R3,SKU_E,4,73
341,Supplier,W2,SKU_A,6,219
341,Supplier,W2,SKU_B,6,45
341,Supplier,W2,SKU_C,6,112
341,Supplier,W2,SKU_D,6,128
341,Supplier,W2,SKU_E,6,73
341,W1,R1,SKU_A,2,258
341,W1,R1,SKU_B,2,112
341,W1,R1,SKU_C,2,79
341,W1,R1,SKU_D,2,128
341,W1,R1,SKU_E,2,93
341,W1,R2,SKU_A,3,92
341,W1,R2,SKU_B,3,38
341,W1,R2,SKU_C,3,51
341,W1,R2,SKU_D,3,37
341,W1,R2,SKU_E,3,35
341,W2,R3,SKU_A,4,213
341,W2,R3,SKU_B,4,36
341,W2,R3,SKU_C,4,96
341,W2,R3,SKU_D,4,120
341,W2,R3,SKU_E,4,73
342,Supplier,W1,SKU_A,5,429
342,Supplier,W1,SKU_B,5,180
342,Supplier,W1,SKU_C,5,168
342,Supplier,W1,SKU_D,5,218
342,Supplier,W1,SKU_E,5,183
342,Supplier,W2,SKU_A,6,213
342,Supplier,W2,SKU_B,6,36
342,Supplier,W2,SKU_C,6,96
342,Supplier,W2,SKU_D,6,120
342,Supplier,W2,SKU_E,6,73
342,W1,R1,SKU_A,2,128
342,W1,R1,SKU_B,2,58
342,W1,R1,SKU_C,2,60
342,W1,R1,SKU_D,2,71
342,W1,R1,SKU_E,2,54
342,W1,R2,SKU_A,3,89
342,W1,R2,SKU_B,3,36
342,W1,R2,SKU_C,3,36
342,W1,R2,SKU_D,3,53
342,W1,R2,SKU_E,3,48
342,W2,R3,SKU_A,4,233
342,W2,R3,SKU_B,4,45
342,W2,R3,SKU_C,4,101
342,W2,R3,SKU_D,4,119
342,W2,R3,SKU_E,4,71
343,Supplier,W2,SKU_A,6,233
343,Supplier,W2,SKU_B,6,45
343,Supplier,W2,SKU_C,6,101
343,Supplier,W2,SKU_D,6,119
343,Supplier,W2,SKU_E,6,71
343,W1,R1,SKU_A,2,140
343,W1,R1,SKU_B,2,59
343,W1,R1,SKU_C,2,72
343,W1,R1,SKU_D,2,78
343,W1,R1,SKU_E,2,47
343,W1,R2,SKU_A,3,99
343,W1,R2,SKU_B,3,37
343,W1,R2,SKU_C,3,43
343,W1,R2,SKU_D,3,38
343,W1,R2,SKU_E,3,53
343,W2,R3,SKU_A,4,230
343,W2,R3,SKU_B,4,55
343,W2,R3,SKU_C,4,114
343,W2,R3,SKU_D,4,127
343,W2,R3,SKU_E,4,84
344,Supplier,W1,SKU_A,5,456
344,Supplier,W1,SKU_B,5,190
344,Supplier,W1,SKU_C,5,211
344,Supplier,W1,SKU_D,5,240
344,Supplier,W1,SKU_E,5,202
344,Supplier,W2,SKU_A,6,230
344,Supplier,W2,SKU_B,6,55
344,Supplier,W2,SKU_C,6,114
344,Supplier,W2,SKU_D,6,127
344,Supplier,W2,SKU_E,6,84
344,W1,R1,SKU_A,2,187
344,W1,R1,SKU_B,2,96
344,W1,R1,SKU_C,2,79
344,W1,R1,SKU_D,2,88
344,W1,R1,SKU_E,2,67
344,W1,R2,SKU_A,3,99
344,W1,R2,SKU_B,3,44
344,W1,R2,SKU_C,3,57
344,W1,R2,SKU_D,3,43
344,W1,R2,SKU_E,3,42
344,W2,R3,SKU_A,4,333
344,W2,R3,SKU_B,4,97
344,W2,R3,SKU_C,4,135
344,W2,R3,SKU_D,4,177
344,W2,R3,SKU_E,4,80
345,Supplier,W2,SKU_A,6,333
345,Supplier,W2,SKU_B,6,97
345,Supplier,W2,SKU_C,6,135
345,Supplier,W2,SKU_D,6,177
345,Supplier,W2,SKU_E,6,80
345,W1,R1,SKU_A,2,160
345,W1,R1,SKU_B,2,62
345,W1,R1,SKU_C,2,74
345,W1,R1,SKU_D,2,65
345,W1,R1,SKU_E,2,63
345,W1,R2,SKU_A,3,130
345,W1,R2,SKU_B,3,49
345,W1,R2,SKU_C,3,52
345,W1,R2,SKU_D,3,57
345,W1,R2,SKU_E,3,53
345,W2,R3,SKU_A,4,284
345,W2,R3,SKU_B,4,57
345,W2,R3,SKU_C,4,117
345,W2,R3,SKU_D,4,161
345,W2,R3,SKU_E,4,87
346,Supplier,W1,SKU_A,5,576
346,Supplier,W1,SKU_B,5,251
346,Supplier,W1,SKU_C,5,262
346,Supplier,W1,SKU_D,5,253
346,Supplier,W1,SKU_E,5,225
346,Supplier,W2,SKU_A,6,284
346,Supplier,W2,SKU_B,6,57
346,Supplier,W2,SKU_C,6,117
346,Supplier,W2,SKU_D,6,161
346,Supplier,W2,SKU_E,6,87
346,W1,R2,SKU_A,3,97
346,W1,R2,SKU_B,3,25
346,W1,R2,SKU_C,3,44
346,W1,R2,SKU_D,3,41
346,W1,R2,SKU_E,3,54
346,W2,R3,SKU_A,4,172
346,W2,R3,SKU_B,4,35
346,W2,R3,SKU_C,4,85
346,W2,R3,SKU_D,4,93
346,W2,R3,SKU_E,4,72
347,Supplier,W2,SKU_A,6,172
347,Supplier,W2,SKU_B,6,35
347,Supplier,W2,SKU_C,6,85
347,Supplier,W2,SKU_D,6,93
347,Supplier,W2,SKU_E,6,72
347,W1,R1,SKU_A,2,200
347,W1,R1,SKU_B,2,110
347,W1,R1,SKU_C,2,101
347,W1,R1,SKU_D,2,106
347,W1,R1,SKU_E,2,68
347,W1,R2,SKU_A,3,81
347,W1,R2,SKU_B,3,40
347,W1,R2,SKU_C,3,37
347,W1,R2,SKU_D,3,40
347,W1,R2,SKU_E,3,45
348,Supplier,W1,SKU_A,5,378
348,Supplier,W1,SKU_B,5,175
348,Supplier,W1,SKU_C,5,182
348,Supplier,W1,SKU_D,5,187
348,Supplier,W1,SKU_E,5,167
348,Supplier,W2,SKU_A,6,173
348,Supplier,W2,SKU_B,6,33
348,Supplier,W2,SKU_C,6,66
348,Supplier,W2,SKU_D,6,104
348,Supplier,W2,SKU_E,6,62
348,W1,R2,SKU_A,3,81
348,W1,R2,SKU_B,3,29
348,W1,R2,SKU_C,3,35
348,W1,R2,SKU_D,3,35
348,W1,R2,SKU_E,3,30
348,W2,R3,SKU_A,4,407
348,W2,R3,SKU_B,4,97
348,W2,R3,SKU_C,4,142
348,W2,R3,SKU_D,4,222
348,W2,R3,SKU_E,4,133
349,Supplier,W2,SKU_A,6,234
349,Supplier,W2,SKU_B,6,64
349,Supplier,W2,SKU_C,6,76
349,Supplier,W2,SKU_D,6,118
349,Supplier,W2,SKU_E,6,71
349,W1,R1,SKU_A,2,267
349,W1,R1,SKU_B,2,84
349,W1,R1,SKU_C,2,95
349,W1,R1,SKU_D,2,105
349,W1,R1,SKU_E,2,84
349,W1,R2,SKU_A,3,65
349,W1,R2,SKU_B,3,28
349,W1,R2,SKU_C,3,34
349,W1,R2,SKU_D,3,41
349,W1,R2,SKU_E,3,34
350,Supplier,W1,SKU_A,5,413
350,Supplier,W1,SKU_B,5,141
350,Supplier,W1,SKU_C,5,164
350,Supplier,W1,SKU_D,5,181
350,Supplier,W1,SKU_E,5,148
350,Supplier,W2,SKU_A,6,195
350,Supplier,W2,SKU_B,6,41
350,Supplier,W2,SKU_C,6,70
350,Supplier,W2,SKU_D,6,109
350,Supplier,W2,SKU_E,6,45
350,W1,R1,SKU_A,2,132
350,W1,R1,SKU_B,2,55
350,W1,R1,SKU_C,2,59
350,W1,R1,SKU_D,2,79
350,W1,R1,SKU_E,2,45
350,W1,R2,SKU_A,3,90
350,W1,R2,SKU_B,3,32
350,W1,R2,SKU_C,3,30
350,W1,R2,SKU_D,3,50
350,W1,R2,SKU_E,3,45
350,W2,R3,SKU_A,4,416
350,W2,R3,SKU_B,4,88
350,W2,R3,SKU_C,4,163
350,W2,R3,SKU_D,4,243
350,W2,R3,SKU_E,4,113
351,Supplier,W2,SKU_A,6,221
351,Supplier,W2,SKU_B,6,47
351,Supplier,W2,SKU_C,6,93
351,Supplier,W2,SKU_D,6,134
351,Supplier,W2,SKU_E,6,68
351,W1,R1,SKU_A,2,167
351,W1,R1,SKU_B,2,73
351,W1,R1,SKU_C,2,78
351,W1,R1,SKU_D,2,76
351,W1,R1,SKU_E,2,45
351,W1,R2,SKU_A,3,108
351,W1,R2,SKU_B,3,33
351,W1,R2,SKU_C,3,44
351,W1,R2,SKU_D,3,43
351,W1,R2,SKU_E,3,37
351,W2,R3,SKU_A,4,313
351,W2,R3,SKU_B,4,46
351,W2,R3,SKU_C,4,134
351,W2,R3,SKU_D,4,161
351,W2,R3,SKU_E,4,91
352,Supplier,W1,SKU_A,5,497
352,Supplier,W1,SKU_B,5,193
352,Supplier,W1,SKU_C,5,211
352,Supplier,W1,SKU_D,5,248
352,Supplier,W1,SKU_E,5,172
352,Supplier,W2,SKU_A,6,313
352,Supplier,W2,SKU_B,6,46
352,Supplier,W2,SKU_C,6,134
352,Supplier,W2,SKU_D,6,161
352,Supplier,W2,SKU_E,6,91
352,W1,R1,SKU_A,2,167
352,W1,R1,SKU_B,2,63
352,W1,R1,SKU_C,2,78
352,W1,R1,SKU_D,2,79
352,W1,R1,SKU_E,2,54
352,W1,R2,SKU_A,3,128
352,W1,R2,SKU_B,3,28
352,W1,R2,SKU_C,3,33
352,W1,R2,SKU_D,3,40
352,W1,R2,SKU_E,3,34
352,W2,R3,SKU_A,4,279
352,W2,R3,SKU_B,4,63
352,W2,R3,SKU_C,4,143
352,W2,R3,SKU_D,4,176
352,W2,R3,SKU_E,4,78
353,Supplier,W2,SKU_A,6,279
353,Supplier,W2,SKU_B,6,63
353,Supplier,W2,SKU_C,6,143
353,Supplier,W2,SKU_D,6,176
353,Supplier,W2,SKU_E,6,78
353,W1,R1,SKU_A,2,119
353,W1,R1,SKU_B,2,65
353,W1,R1,SKU_C,2,46
353,W1,R1,SKU_D,2,81
353,W1,R1,SKU_E,2,57
353,W1,R2,SKU_A,3,91
353,W1,R2,SKU_B,3,40
353,W1,R2,SKU_C,3,30
353,W1,R2,SKU_D,3,39
353,W1,R2,SKU_E,3,37
353,W2,R3,SKU_A,4,248
353,W2,R3,SKU_B,4,40
353,W2,R3,SKU_C,4,91
353,W2,R3,SKU_D,4,125
353,W2,R3,SKU_E,4,65
354,Supplier,W1,SKU_A,5,505
354,Supplier,W1,SKU_B,5,196
354,Supplier,W1,SKU_C,5,187
354,Supplier,W1,SKU_D,5,239
354,Supplier,W1,SKU_E,5,182
354,Supplier,W2,SKU_A,6,248
354,Supplier,W2,SKU_B,6,40
354,Supplier,W2,SKU_C,6,91
354,Supplier,W2,SKU_D,6,125
354,Supplier,W2,SKU_E,6,65
354,W1,R2,SKU_A,3,81
354,W1,R2,SKU_B,3,23
354,W1,R2,SKU_C,3,26
354,W1,R2,SKU_D,3,28
354,W1,R2,SKU_E,3,22
355,Supplier,W2,SKU_A,6,181
355,Supplier,W2,SKU_B,6,37
355,Supplier,W2,SKU_C,6,93
355,Supplier,W2,SKU_D,6,100
355,Supplier,W2,SKU_E,6,41
355,W1,R1,SKU_A,2,216
355,W1,R1,SKU_B,2,90
355,W1,R1,SKU_C,2,94
355,W1,R1,SKU_D,2,90
355,W1,R1,SKU_E,2,62
355,W1,R2,SKU_A,3,72
355,W1,R2,SKU_B,3,25
355,W1,R2,SKU_C,3,28
355,W1,R2,SKU_D,3,35
355,W1,R2,SKU_E,3,25
355,W2,R3,SKU_A,4,360
355,W2,R3,SKU_B,4,72
355,W2,R3,SKU_C,4,169
355,W2,R3,SKU_D,4,200
355,W2,R3,SKU_E,4,107
356,Supplier,W2,SKU_A,6,179
356,Supplier,W2,SKU_B,6,35
356,Supplier,W2,SKU_C,6,76
356,Supplier,W2,SKU_D,6,100
356,Supplier,W2,SKU_E,6,66
356,W1,R2,SKU_A,3,60
356,W1,R2,SKU_B,3,34
356,W1,R2,SKU_C,3,26
356,W1,R2,SKU_D,3,35
356,W1,R2,SKU_E,3,31
356,W2,R3,SKU_A,4,212
356,W2,R3,SKU_B,4,36
356,W2,R3,SKU_C,4,60
356,W2,R3,SKU_D,4,122
356,W2,R3,SKU_E,4,60
357,Supplier,W1,SKU_A,5,532
357,Supplier,W1,SKU_B,5,222
357,Supplier,W1,SKU_C,5,216
357,Supplier,W1,SKU_D,5,242
357,Supplier,W1,SKU_E,5,173
357,Supplier,W2,SKU_A,6,212
357,Supplier,W2,SKU_B,6,36
357,Supplier,W2,SKU_C,6,60
357,Supplier,W2,SKU_D,6,122
357,Supplier,W2,SKU_E,6,60
357,W1,R1,SKU_A,2,233
357,W1,R1,SKU_B,2,111
357,W1,R1,SKU_C,2,97
357,W1,R1,SKU_D,2,118
357,W1,R1,SKU_E,2,86
357,W1,R2,SKU_A,3,83
357,W1,R2,SKU_B,3,19
357,W1,R2,SKU_C,3,37
357,W1,R2,SKU_D,3,32
357,W1,R2,SKU_E,3,32
357,W2,R3,SKU_A,4,224
357,W2,R3,SKU_B,4,47
357,W2,R3,SKU_C,4,113
357,W2,R3,SKU_D,4,146
357,W2,R3,SKU_E,4,76
358,Supplier,W2,SKU_A,6,224
358,Supplier,W2,SKU_B,6,47
358,Supplier,W2,SKU_C,6,113
358,Supplier,W2,SKU_D,6,146
358,Supplier,W2,SKU_E,6,76
358,W1,R1,SKU_A,2,174
358,W1,R1,SKU_B,2,66
358,W1,R1,SKU_C,2,94
358,W1,R1,SKU_D,2,83
358,W1,R1,SKU_E,2,68
358,W1,R2,SKU_A,3,95
358,W1,R2,SKU_B,3,46
358,W1,R2,SKU_C,3,47
358,W1,R2,SKU_D,3,52
358,W1,R2,SKU_E,3,46
358,W2,R3,SKU_A,4,310
358,W2,R3,SKU_B,4,70
358,W2,R3,SKU_C,4,147
358,W2,R3,SKU_D,4,173
358,W2,R3,SKU_E,4,85
359,Supplier,W1,SKU_A,5,482
359,Supplier,W1,SKU_B,5,192
359,Supplier,W1,SKU_C,5,233
359,Supplier,W1,SKU_D,5,231
359,Supplier,W1,SKU_E,5,199
359,Supplier,W2,SKU_A,6,310
359,Supplier,W2,SKU_B,6,70
359,Supplier,W2,SKU_C,6,147
359,Supplier,W2,SKU_D,6,173
359,Supplier,W2,SKU_E,6,85
359,W1,R1,SKU_A,2,170
359,W1,R1,SKU_B,2,83
359,W1,R1,SKU_C,2,69
359,W1,R1,SKU_D,2,79
359,W1,R1,SKU_E,2,57
359,W1,R2,SKU_A,3,96
359,W1,R2,SKU_B,3,39
359,W1,R2,SKU_C,3,40
359,W1,R2,SKU_D,3,40
359,W1,R2,SKU_E,3,38
359,W2,R3,SKU_A,4,281
359,W2,R3,SKU_B,4,52
359,W2,R3,SKU_C,4,130
359,W2,R3,SKU_D,4,160
359,W2,R3,SKU_E,4,69
360,Supplier,W2,SKU_A,6,281
360,Supplier,W2,SKU_B,6,52
360,Supplier,W2,SKU_C,6,130
360,Supplier,W2,SKU_D,6,160
360,Supplier,W2,SKU_E,6,69
360,W1,R2,SKU_A,3,70
360,W1,R2,SKU_B,3,24
360,W1,R2,SKU_C,3,28
360,W1,R2,SKU_D,3,26
360,W1,R2,SKU_E,3,35
360,W2,R3,SKU_A,4,220
360,W2,R3,SKU_B,4,49
360,W2,R3,SKU_C,4,99
360,W2,R3,SKU_D,4,100
360,W2,R3,SKU_E,4,55
361,Supplier,W1,SKU_A,5,445
361,Supplier,W1,SKU_B,5,201
361,Supplier,W1,SKU_C,5,174
361,Supplier,W1,SKU_D,5,210
361,Supplier,W1,SKU_E,5,159
361,Supplier,W2,SKU_A,6,220
361,Supplier,W2,SKU_B,6,49
361,Supplier,W2,SKU_C,6,99
361,Supplier,W2,SKU_D,6,100
361,Supplier,W2,SKU_E,6,55
361,W1,R1,SKU_A,2,195
361,W1,R1,SKU_B,2,105
361,W1,R1,SKU_C,2,72
361,W1,R1,SKU_D,2,114
361,W1,R1,SKU_E,2,54
361,W1,R2,SKU_A,3,84
361,W1,R2,SKU_B,3,17
361,W1,R2,SKU_C,3,25
361,W1,R2,SKU_D,3,28
361,W1,R2,SKU_E,3,41
362,Supplier,W2,SKU_A,6,173
362,Supplier,W2,SKU_B,6,32
362,Supplier,W2,SKU_C,6,69
362,Supplier,W2,SKU_D,6,102
362,Supplier,W2,SKU_E,6,62
362,W1,R2,SKU_A,3,79
362,W1,R2,SKU_B,3,36
362,W1,R2,SKU_C,3,29
362,W1,R2,SKU_D,3,31
362,W1,R2,SKU_E,3,21
362,W2,R3,SKU_A,4,323
362,W2,R3,SKU_B,4,54
362,W2,R3,SKU_C,4,125
362,W2,R3,SKU_D,4,190
362,W2,R3,SKU_E,4,116
363,Supplier,W2,SKU_A,6,150
363,Supplier,W2,SKU_B,6,22
363,Supplier,W2,SKU_C,6,56
363,Supplier,W2,SKU_D,6,88
363,Supplier,W2,SKU_E,6,54
363,W1,R1,SKU_A,2,205
363,W1,R1,SKU_B,2,90
363,W1,R1,SKU_C,2,82
363,W1,R1,SKU_D,2,110
363,W1,R1,SKU_E,2,81
363,W1,R2,SKU_A,3,86
363,W1,R2,SKU_B,3,34
363,W1,R2,SKU_C,3,37
363,W1,R2,SKU_D,3,30
363,W1,R2,SKU_E,3,42
363,W2,R3,SKU_A,4,186
363,W2,R3,SKU_B,4,37
363,W2,R3,SKU_C,4,81
363,W2,R3,SKU_D,4,110
363,W2,R3,SKU_E,4,61
364,Supplier,W1,SKU_A,5,540
364,Supplier,W1,SKU_B,5,227
364,Supplier,W1,SKU_C,5,208
364,Supplier,W1,SKU_D,5,248
364,Supplier,W1,SKU_E,5,210
364,Supplier,W2,SKU_A,6,186
364,Supplier,W2,SKU_B,6,37
364,Supplier,W2,SKU_C,6,81
364,Supplier,W2,SKU_D,6,110
364,Supplier,W2,SKU_E,6,61
364,W1,R2,SKU_A,3,93
364,W1,R2,SKU_B,3,36
364,W1,R2,SKU_C,3,39
364,W1,R2,SKU_D,3,44
364,W1,R2,SKU_E,3,33
364,W2,R3,SKU_A,4,222
364,W2,R3,SKU_B,4,39
364,W2,R3,SKU_C,4,122
364,W2,R3,SKU_D,4,134
364,W2,R3,SKU_E,4,69
365,Supplier,W2,SKU_A,6,222
365,Supplier,W2,SKU_B,6,39
365,Supplier,W2,SKU_C,6,122
365,Supplier,W2,SKU_D,6,134
365,Supplier,W2,SKU_E,6,69
365,W1,R1,SKU_A,2,323
365,W1,R1,SKU_B,2,162
365,W1,R1,SKU_C,2,140
365,W1,R1,SKU_D,2,134
365,W1,R1,SKU_E,2,81
365,W1,R2,SKU_A,3,84
365,W1,R2,SKU_B,3,26
365,W1,R2,SKU_C,3,38
365,W1,R2,SKU_D,3,45
365,W1,R2,SKU_E,3,34
365,W2,R3,SKU_A,4,278
365,W2,R3,SKU_B,4,66
365,W2,R3,SKU_C,4,130
365,W2,R3,SKU_D,4,189
365,W2,R3,SKU_E,4,86
366,Supplier,W1,SKU_A,5,500
366,Supplier,W1,SKU_B,5,224
366,Supplier,W1,SKU_C,5,217
366,Supplier,W1,SKU_D,5,223
366,Supplier,W1,SKU_E,5,148
366,Supplier,W2,SKU_A,6,278
366,Supplier,W2,SKU_B,6,66
366,Supplier,W2,SKU_C,6,130
366,Supplier,W2,SKU_D,6,189
366,Supplier,W2,SKU_E,6,86
366,W1,R1,SKU_A,2,160
366,W1,R1,SKU_B,2,60
366,W1,R1,SKU_C,2,76
366,W1,R1,SKU_D,2,78
366,W1,R1,SKU_E,2,49
366,W1,R2,SKU_A,3,91
366,W1,R2,SKU_B,3,32
366,W1,R2,SKU_C,3,52
366,W1,R2,SKU_D,3,34
366,W1,R2,SKU_E,3,34
366,W2,R3,SKU_A,4,269
366,W2,R3,SKU_B,4,53
366,W2,R3,SKU_C,4,115
366,W2,R3,SKU_D,4,149
366,W2,R3,SKU_E,4,101
367,Supplier,W2,SKU_A,6,269
367,Supplier,W2,SKU_B,6,53
367,Supplier,W2,SKU_C,6,115
367,Supplier,W2,SKU_D,6,149
367,Supplier,W2,SKU_E,6,101
367,W1,R2,SKU_A,3,63
367,W1,R2,SKU_B,3,14
367,W1,R2,SKU_C,3,32
367,W1,R2,SKU_D,3,31
367,W1,R2,SKU_E,3,24
367,W2,R3,SKU_A,4,172
367,W2,R3,SKU_B,4,37
367,W2,R3,SKU_C,4,93
367,W2,R3,SKU_D,4,116
367,W2,R3,SKU_E,4,65
368,Supplier,W1,SKU_A,5,420
368,Supplier,W1,SKU_B,5,168
368,Supplier,W1,SKU_C,5,200
368,Supplier,W1,SKU_D,5,195
368,Supplier,W1,SKU_E,5,147
368,Supplier,W2,SKU_A,6,172
368,Supplier,W2,SKU_B,6,37
368,Supplier,W2,SKU_C,6,93
368,Supplier,W2,SKU_D,6,116
368,Supplier,W2,SKU_E,6,65
368,W1,R1,SKU_A,2,205
368,W1,R1,SKU_B,2,109
368,W1,R1,SKU_C,2,74
368,W1,R1,SKU_D,2,100
368,W1,R1,SKU_E,2,77
368,W1,R2,SKU_A,3,69
368,W1,R2,SKU_B,3,28
368,W1,R2,SKU_C,3,35
368,W1,R2,SKU_D,3,30
368,W1,R2,SKU_E,3,39
368,W2,R3,SKU_A,4,206
368,W2,R3,SKU_B,4,47
368,W2,R3,SKU_C,4,84
368,W2,R3,SKU_D,4,127
368,W2,R3,SKU_E,4,66
369,Supplier,W2,SKU_A,6,206
369,Supplier,W2,SKU_B,6,47
369,Supplier,W2,SKU_C,6,84
369,Supplier,W2,SKU_D,6,127
369,Supplier,W2,SKU_E,6,66
369,W1,R1,SKU_A,2,144
369,W1,R1,SKU_B,2,80
369,W1,R1,SKU_C,2,36
369,W1,R1,SKU_D,2,87
369,W1,R1,SKU_E,2,61
369,W1,R2,SKU_A,3,102
369,W1,R2,SKU_B,3,27
369,W1,R2,SKU_C,3,36
369,W1,R2,SKU_D,3,36
369,W1,R2,SKU_E,3,32
369,W2,R3,SKU_A,4,298
369,W2,R3,SKU_B,4,53
369,W2,R3,SKU_C,4,131
369,W2,R3,SKU_D,4,154
369,W2,R3,SKU_E,4,88
370,Supplier,W1,SKU_A,5,414
370,Supplier,W1,SKU_B,5,182
370,Supplier,W1,SKU_C,5,141
370,Supplier,W1,SKU_D,5,201
370,Supplier,W1,SKU_E,5,169
370,Supplier,W2,SKU_A,6,298
370,Supplier,W2,SKU_B,6,53
370,Supplier,W2,SKU_C,6,131
370,Supplier,W2,SKU_D,6,154
370,Supplier,W2,SKU_E,6,88
370,W1,R1,SKU_A,2,166
370,W1,R1,SKU_B,2,56
370,W1,R1,SKU_C,2,53
370,W1,R1,SKU_D,2,76
370,W1,R1,SKU_E,2,53
370,W1,R2,SKU_A,3,94
370,W1,R2,SKU_B,3,39
370,W1,R2,SKU_C,3,35
370,W1,R2,SKU_D,3,24
370,W1,R2,SKU_E,3,31
370,W2,R3,SKU_A,4,239
370,W2,R3,SKU_B,4,51
370,W2,R3,SKU_C,4,88
370,W2,R3,SKU_D,4,146
370,W2,R3,SKU_E,4,73
371,Supplier,W2,SKU_A,6,239
371,Supplier,W2,SKU_B,6,51
371,Supplier,W2,SKU_C,6,88
371,Supplier,W2,SKU_D,6,146
371,Supplier,W2,SKU_E,6,73
371,W1,R1,SKU_A,2,156
371,W1,R1,SKU_B,2,85
371,W1,R1,SKU_C,2,59
371,W1,R1,SKU_D,2,87
371,W1,R1,SKU_E,2,61
371,W1,R2,SKU_A,3,94
371,W1,R2,SKU_B,3,48
371,W1,R2,SKU_C,3,50
371,W1,R2,SKU_D,3,46
371,W1,R2,SKU_E,3,32
371,W2,R3,SKU_A,4,285
371,W2,R3,SKU_B,4,117
371,W2,R3,SKU_C,4,121
371,W2,R3,SKU_D,4,148
371,W2,R3,SKU_E,4,98
372,Supplier,W1,SKU_A,5,510
372,Supplier,W1,SKU_B,5,228
372,Supplier,W1,SKU_C,5,197
372,Supplier,W1,SKU_D,5,233
372,Supplier,W1,SKU_E,5,177
372,Supplier,W2,SKU_A,6,285
372,Supplier,W2,SKU_B,6,117
372,Supplier,W2,SKU_C,6,121
372,Supplier,W2,SKU_D,6,148
372,Supplier,W2,SKU_E,6,98
372,W1,R1,SKU_A,2,241
372,W1,R1,SKU_B,2,130
372,W1,R1,SKU_C,2,73
372,W1,R1,SKU_D,2,112
372,W1,R1,SKU_E,2,76
372,W1,R2,SKU_A,3,133
372,W1,R2,SKU_B,3,41
372,W1,R2,SKU_C,3,53
372,W1,R2,SKU_D,3,38
372,W1,R2,SKU_E,3,43
372,W2,R3,SKU_A,4,318
372,W2,R3,SKU_B,4,90
372,W2,R3,SKU_C,4,151
372,W2,R3,SKU_D,4,206
372,W2,R3,SKU_E,4,128
373,Supplier,W2,SKU_A,6,318
373,Supplier,W2,SKU_B,6,90
373,Supplier,W2,SKU_C,6,151
373,Supplier,W2,SKU_D,6,209
373,Supplier,W2,SKU_E,6,128
373,W1,R1,SKU_A,2,194
373,W1,R1,SKU_B,2,98
373,W1,R1,SKU_C,2,78
373,W1,R1,SKU_D,2,103
373,W1,R1,SKU_E,2,78
373,W1,R2,SKU_A,3,137
373,W1,R2,SKU_B,3,33
373,W1,R2,SKU_C,3,48
373,W1,R2,SKU_D,3,31
373,W1,R2,SKU_E,3,47
373,W2,R3,SKU_A,4,331
373,W2,R3,SKU_B,4,94
373,W2,R3,SKU_C,4,156
373,W2,R3,SKU_D,4,149
373,W2,R3,SKU_E,4,103
374,Supplier,W1,SKU_A,5,705
374,Supplier,W1,SKU_B,5,302
374,Supplier,W1,SKU_C,5,252
374,Supplier,W1,SKU_D,5,284
374,Supplier,W1,SKU_E,5,244
374,Supplier,W2,SKU_A,6,356
374,Supplier,W2,SKU_B,6,94
374,Supplier,W2,SKU_C,6,156
374,Supplier,W2,SKU_D,6,199
374,Supplier,W2,SKU_E,6,103
374,W1,R2,SKU_B,3,18
374,W1,R2,SKU_C,3,51
374,W1,R2,SKU_D,3,40
374,W1,R2,SKU_E,3,30
374,W2,R3,SKU_A,4,172
374,W2,R3,SKU_B,4,68
374,W2,R3,SKU_C,4,130
374,W2,R3,SKU_D,4,116
374,W2,R3,SKU_E,4,74
375,Supplier,W2,SKU_A,6,262
375,Supplier,W2,SKU_B,6,68
375,Supplier,W2,SKU_C,6,130
375,Supplier,W2,SKU_D,6,140
375,Supplier,W2,SKU_E,6,74
375,W1,R1,SKU_A,2,283
375,W1,R1,SKU_B,2,111
375,W1,R1,SKU_C,2,102
375,W1,R1,SKU_D,2,139
375,W1,R1,SKU_E,2,102
375,W1,R2,SKU_A,3,192
375,W1,R2,SKU_B,3,18
375,W1,R2,SKU_C,3,27
375,W1,R2,SKU_D,3,48
375,W1,R2,SKU_E,3,21
375,W2,R3,SKU_A,4,206
375,W2,R3,SKU_B,4,65
375,W2,R3,SKU_C,4,112
375,W2,R3,SKU_D,4,127
375,W2,R3,SKU_E,4,72
376,Supplier,W1,SKU_A,5,475
376,Supplier,W1,SKU_B,5,147
376,Supplier,W1,SKU_C,5,180
376,Supplier,W1,SKU_D,5,227
376,Supplier,W1,SKU_E,5,153
376,Supplier,W2,SKU_A,6,234
376,Supplier,W2,SKU_B,6,65
376,Supplier,W2,SKU_C,6,112
376,Supplier,W2,SKU_D,6,119
376,Supplier,W2,SKU_E,6,72
376,W1,R2,SKU_B,3,22
376,W1,R2,SKU_C,3,40
376,W1,R2,SKU_D,3,15
376,W1,R2,SKU_E,3,38
376,W2,R3,SKU_A,4,298
376,W2,R3,SKU_B,4,57
376,W2,R3,SKU_C,4,103
376,W2,R3,SKU_D,4,154
376,W2,R3,SKU_E,4,96
377,Supplier,W2,SKU_A,6,244
377,Supplier,W2,SKU_B,6,57
377,Supplier,W2,SKU_C,6,103
377,Supplier,W2,SKU_D,6,146
377,Supplier,W2,SKU_E,6,96
377,W1,R1,SKU_A,2,320
377,W1,R1,SKU_B,2,137
377,W1,R1,SKU_C,2,86
377,W1,R1,SKU_D,2,137
377,W1,R1,SKU_E,2,77
377,W1,R2,SKU_A,3,199
377,W1,R2,SKU_B,3,30
377,W1,R2,SKU_C,3,53
377,W1,R2,SKU_D,3,86
377,W1,R2,SKU_E,3,20
377,W2,R3,SKU_A,4,239
377,W2,R3,SKU_B,4,54
377,W2,R3,SKU_C,4,134
377,W2,R3,SKU_D,4,146
377,W2,R3,SKU_E,4,71
378,Supplier,W1,SKU_A,5,519
378,Supplier,W1,SKU_B,5,189
378,Supplier,W1,SKU_C,5,179
378,Supplier,W1,SKU_D,5,238
378,Supplier,W1,SKU_E,5,135
378,Supplier,W2,SKU_A,6,262
378,Supplier,W2,SKU_B,6,54
378,Supplier,W2,SKU_C,6,134
378,Supplier,W2,SKU_D,6,164
378,Supplier,W2,SKU_E,6,71
378,W1,R2,SKU_B,3,37
378,W1,R2,SKU_C,3,57
378,W1,R2,SKU_E,3,30
378,W2,R3,SKU_A,4,285
378,W2,R3,SKU_B,4,74
378,W2,R3,SKU_C,4,113
378,W2,R3,SKU_D,4,148
378,W2,R3,SKU_E,4,80
379,Supplier,W2,SKU_A,6,281
379,Supplier,W2,SKU_B,6,74
379,Supplier,W2,SKU_C,6,113
379,Supplier,W2,SKU_D,6,129
379,Supplier,W2,SKU_E,6,80
379,W1,R1,SKU_A,2,397
379,W1,R1,SKU_B,2,176
379,W1,R1,SKU_C,2,139
379,W1,R1,SKU_D,2,183
379,W1,R1,SKU_E,2,109
379,W1,R2,SKU_A,3,195
379,W1,R2,SKU_B,3,40
379,W1,R2,SKU_C,3,66
379,W1,R2,SKU_D,3,117
379,W1,R2,SKU_E,3,37
379,W2,R3,SKU_A,4,318
379,W2,R3,SKU_B,4,80
379,W2,R3,SKU_C,4,171
379,W2,R3,SKU_D,4,209
379,W2,R3,SKU_E,4,106
380,Supplier,W1,SKU_A,5,592
380,Supplier,W1,SKU_B,5,253
380,Supplier,W1,SKU_C,5,262
380,Supplier,W1,SKU_D,5,300
380,Supplier,W1,SKU_E,5,176
380,Supplier,W2,SKU_A,6,365
380,Supplier,W2,SKU_B,6,80
380,Supplier,W2,SKU_C,6,171
380,Supplier,W2,SKU_D,6,253
380,Supplier,W2,SKU_E,6,106
380,W1,R1,SKU_A,2,150
380,W1,R1,SKU_B,2,98
380,W1,R1,SKU_C,2,98
380,W1,R1,SKU_D,2,60
380,W1,R1,SKU_E,2,65
380,W1,R2,SKU_B,3,34
380,W1,R2,SKU_C,3,56
380,W1,R2,SKU_E,3,51
380,W2,R3,SKU_A,4,356
380,W2,R3,SKU_B,4,75
380,W2,R3,SKU_C,4,192
380,W2,R3,SKU_D,4,199
380,W2,R3,SKU_E,4,99
381,Supplier,W2,SKU_A,6,312
381,Supplier,W2,SKU_B,6,75
381,Supplier,W2,SKU_C,6,192
381,Supplier,W2,SKU_D,6,219
381,Supplier,W2,SKU_E,6,99
381,W1,R1,SKU_A,2,262
381,W1,R1,SKU_B,2,72
381,W1,R1,SKU_C,2,32
381,W1,R1,SKU_D,2,175
381,W1,R1,SKU_E,2,68
381,W1,R2,SKU_A,3,182
381,W1,R2,SKU_B,3,27
381,W1,R2,SKU_C,3,32
381,W1,R2,SKU_D,3,52
381,W1,R2,SKU_E,3,27
381,W2,R3,SKU_A,4,262
381,W2,R3,SKU_B,4,74
381,W2,R3,SKU_C,4,132
381,W2,R3,SKU_D,4,140
381,W2,R3,SKU_E,4,98
382,Supplier,W1,SKU_A,5,594
382,Supplier,W1,SKU_B,5,231
382,Supplier,W1,SKU_C,5,218
382,Supplier,W1,SKU_D,5,336
382,Supplier,W1,SKU_E,5,211
382,Supplier,W2,SKU_A,6,278
382,Supplier,W2,SKU_B,6,74
382,Supplier,W2,SKU_C,6,132
382,Supplier,W2,SKU_D,6,198
382,Supplier,W2,SKU_E,6,98
382,W2,R3,SKU_A,4,234
382,W2,R3,SKU_B,4,54
382,W2,R3,SKU_C,4,123
382,W2,R3,SKU_D,4,119
382,W2,R3,SKU_E,4,66
383,Supplier,W2,SKU_A,6,280
383,Supplier,W2,SKU_B,6,54
383,Supplier,W2,SKU_C,6,123
383,Supplier,W2,SKU_D,6,160
383,Supplier,W2,SKU_E,6,66
383,W1,R1,SKU_A,2,293
383,W1,R1,SKU_B,2,133
383,W1,R1,SKU_C,2,85
383,W1,R1,SKU_E,2,119
383,W1,R1,SKU_D,2,144
383,W1,R2,SKU_B,3,48
383,W1,R2,SKU_C,3,77
383,W1,R2,SKU_E,3,55
383,W1,R2,SKU_A,3,175
383,W1,R2,SKU_D,3,94
383,W2,R3,SKU_A,4,244
383,W2,R3,SKU_B,4,54
383,W2,R3,SKU_C,4,125
383,W2,R3,SKU_D,4,146
383,W2,R3,SKU_E,4,81
384,Supplier,W1,SKU_A,5,468
384,Supplier,W1,SKU_B,5,181
384,Supplier,W1,SKU_C,5,162
384,Supplier,W1,SKU_D,5,229
384,Supplier,W1,SKU_E,5,174
384,Supplier,W2,SKU_A,6,151
384,Supplier,W2,SKU_B,6,54
384,Supplier,W2,SKU_C,6,125
384,Supplier,W2,SKU_D,6,130
384,Supplier,W2,SKU_E,6,81
384,W1,R2,SKU_A,3,35
384,W1,R2,SKU_B,3,38
384,W1,R2,SKU_C,3,45
384,W1,R2,SKU_E,3,21
384,W2,R3,SKU_A,4,84
384,W2,R3,SKU_B,4,59
384,W2,R3,SKU_C,4,124
384,W2,R3,SKU_D,4,164
384,W2,R3,SKU_E,4,36
385,Supplier,W2,SKU_A,6,4
385,Supplier,W2,SKU_B,6,59
385,Supplier,W2,SKU_C,6,124
385,Supplier,W2,SKU_D,6,62
385,Supplier,W2,SKU_E,6,36
385,W1,R1,SKU_A,2,55
385,W1,R1,SKU_B,2,123
385,W1,R1,SKU_C,2,94
385,W1,R1,SKU_E,2,33
385,W1,R1,SKU_D,2,27
385,W1,R2,SKU_A,3,53
385,W1,R2,SKU_B,3,34
385,W1,R2,SKU_C,3,41
385,W1,R2,SKU_D,3,87
385,W1,R2,SKU_E,3,7
386,Supplier,W2,SKU_B,6,66
386,Supplier,W2,SKU_C,6,122
386,Supplier,W2,SKU_D,6,40
386,Supplier,W2,SKU_E,6,17
386,W1,R1,SKU_A,2,193
386,W1,R1,SKU_B,2,95
386,W1,R1,SKU_C,2,90
386,W1,R1,SKU_D,2,102
386,W1,R1,SKU_E,2,64
386,W1,R2,SKU_A,3,108
386,W1,R2,SKU_B,3,28
386,W1,R2,SKU_C,3,53
386,W1,R2,SKU_D,3,42
386,W1,R2,SKU_E,3,25
386,W2,R3,SKU_B,4,146
386,W2,R3,SKU_C,4,280
386,W2,R3,SKU_D,4,361
386,W2,R3,SKU_E,4,104
386,W2,R3,SKU_A,4,333
387,Supplier,W1,SKU_A,5,444
387,Supplier,W1,SKU_B,5,318
387,Supplier,W1,SKU_C,5,323
387,Supplier,W1,SKU_D,5,218
387,Supplier,W1,SKU_E,5,150
387,Supplier,W2,SKU_A,6,333
387,Supplier,W2,SKU_B,6,80
387,Supplier,W2,SKU_C,6,158
387,Supplier,W2,SKU_D,6,216
387,Supplier,W2,SKU_E,6,87
387,W1,R1,SKU_A,2,207
387,W1,R1,SKU_B,2,101
387,W1,R1,SKU_C,2,77
387,W1,R1,SKU_D,2,106
387,W1,R1,SKU_E,2,71
387,W1,R2,SKU_A,3,119
387,W1,R2,SKU_B,3,25
387,W1,R2,SKU_C,3,41
387,W1,R2,SKU_D,3,44
387,W1,R2,SKU_E,3,25
387,W2,R3,SKU_A,4,348
387,W2,R3,SKU_B,4,83
387,W2,R3,SKU_C,4,159
387,W2,R3,SKU_D,4,211
387,W2,R3,SKU_E,4,63
388,Supplier,W2,SKU_A,6,348
388,Supplier,W2,SKU_B,6,83
388,Supplier,W2,SKU_C,6,159
388,Supplier,W2,SKU_D,6,211
388,Supplier,W2,SKU_E,6,63
388,W1,R1,SKU_A,2,139
388,W1,R1,SKU_B,2,82
388,W1,R1,SKU_C,2,53
388,W1,R1,SKU_D,2,76
388,W1,R1,SKU_E,2,45
388,W1,R2,SKU_A,3,106
388,W1,R2,SKU_B,3,26
388,W1,R2,SKU_C,3,47
388,W1,R2,SKU_D,3,47
388,W1,R2,SKU_E,3,23
388,W2,R3,SKU_A,4,238
388,W2,R3,SKU_B,4,41
388,W2,R3,SKU_C,4,133
388,W2,R3,SKU_D,4,134
388,W2,R3,SKU_E,4,68
389,Supplier,W1,SKU_A,5,571
389,Supplier,W1,SKU_B,5,234
389,Supplier,W1,SKU_C,5,218
389,Supplier,W1,SKU_D,5,273
389,Supplier,W1,SKU_E,5,164
389,Supplier,W2,SKU_A,6,238
389,Supplier,W2,SKU_B,6,41
389,Supplier,W2,SKU_C,6,133
389,Supplier,W2,SKU_D,6,134
389,Supplier,W2,SKU_E,6,68
389,W1,R2,SKU_A,3,88
389,W1,R2,SKU_B,3,21
389,W1,R2,SKU_C,3,31
389,W1,R2,SKU_D,3,48
389,W1,R2,SKU_E,3,22
389,W2,R3,SKU_A,4,195
389,W2,R3,SKU_B,4,48
389,W2,R3,SKU_C,4,104
389,W2,R3,SKU_D,4,109
389,W2,R3,SKU_E,4,58
390,Supplier,W2,SKU_A,6,195
390,Supplier,W2,SKU_B,6,48
390,Supplier,W2,SKU_C,6,104
390,Supplier,W2,SKU_D,6,109
390,Supplier,W2,SKU_E,6,58
390,W1,R1,SKU_A,2,274
390,W1,R1,SKU_B,2,108
390,W1,R1,SKU_C,2,112
390,W1,R1,SKU_D,2,135
390,W1,R1,SKU_E,2,80
390,W1,R2,SKU_A,3,88
390,W1,R2,SKU_B,3,17
390,W1,R2,SKU_C,3,39
390,W1,R2,SKU_D,3,40
390,W1,R2,SKU_E,3,31
390,W2,R3,SKU_A,4,201
390,W2,R3,SKU_B,4,61
390,W2,R3,SKU_C,4,113
390,W2,R3,SKU_D,4,82
390,W2,R3,SKU_E,4,68
391,Supplier,W1,SKU_A,5,450
391,Supplier,W1,SKU_B,5,146
391,Supplier,W1,SKU_C,5,182
391,Supplier,W1,SKU_D,5,223
391,Supplier,W1,SKU_E,5,133
391,Supplier,W2,SKU_A,6,201
391,Supplier,W2,SKU_B,6,61
391,Supplier,W2,SKU_C,6,113
391,Supplier,W2,SKU_D,6,82
391,Supplier,W2,SKU_E,6,68
391,W1,R1,SKU_A,2,126
391,W1,R1,SKU_B,2,77
391,W1,R1,SKU_C,2,69
391,W1,R1,SKU_D,2,63
391,W1,R1,SKU_E,2,47
391,W1,R2,SKU_A,3,78
391,W1,R2,SKU_B,3,25
391,W1,R2,SKU_C,3,36
391,W1,R2,SKU_D,3,48
391,W1,R2,SKU_E,3,25
391,W2,R3,SKU_A,4,226
391,W2,R3,SKU_B,4,75
391,W2,R3,SKU_C,4,137
391,W2,R3,SKU_D,4,112
391,W2,R3,SKU_E,4,69
392,Supplier,W2,SKU_A,6,226
392,Supplier,W2,SKU_B,6,75
392,Supplier,W2,SKU_C,6,137
392,Supplier,W2,SKU_D,6,112
392,Supplier,W2,SKU_E,6,69
392,W1,R1,SKU_A,2,148
392,W1,R1,SKU_B,2,95
392,W1,R1,SKU_C,2,70
392,W1,R1,SKU_D,2,77
392,W1,R1,SKU_E,2,59
392,W1,R2,SKU_A,3,108
392,W1,R2,SKU_B,3,27
392,W1,R2,SKU_C,3,42
392,W1,R2,SKU_D,3,46
392,W1,R2,SKU_E,3,44
392,W2,R3,SKU_A,4,208
392,W2,R3,SKU_B,4,76
392,W2,R3,SKU_C,4,107
392,W2,R3,SKU_D,4,94
392,W2,R3,SKU_E,4,67
393,Supplier,W1,SKU_A,5,460
393,Supplier,W1,SKU_B,5,224
393,Supplier,W1,SKU_C,5,217
393,Supplier,W1,SKU_D,5,234
393,Supplier,W1,SKU_E,5,175
393,Supplier,W2,SKU_A,6,208
393,Supplier,W2,SKU_B,6,76
393,Supplier,W2,SKU_C,6,107
393,Supplier,W2,SKU_D,6,94
393,Supplier,W2,SKU_E,6,67
393,W1,R1,SKU_A,2,183
393,W1,R1,SKU_B,2,95
393,W1,R1,SKU_C,2,100
393,W1,R1,SKU_D,2,84
393,W1,R1,SKU_E,2,62
393,W1,R2,SKU_A,3,72
393,W1,R2,SKU_B,3,40
393,W1,R2,SKU_C,3,46
393,W1,R2,SKU_D,3,11
393,W1,R2,SKU_E,3,32
393,W2,R3,SKU_A,4,297
393,W2,R3,SKU_B,4,104
393,W2,R3,SKU_C,4,158
393,W2,R3,SKU_D,4,195
393,W2,R3,SKU_E,4,92
394,Supplier,W2,SKU_A,6,297
394,Supplier,W2,SKU_B,6,104
394,Supplier,W2,SKU_C,6,158
394,Supplier,W2,SKU_D,6,195
394,Supplier,W2,SKU_E,6,92
394,W1,R1,SKU_A,2,209
394,W1,R1,SKU_B,2,106
394,W1,R1,SKU_C,2,71
394,W1,R1,SKU_D,2,66
394,W1,R1,SKU_E,2,74
394,W1,R2,SKU_A,3,142
394,W1,R2,SKU_B,3,36
394,W1,R2,SKU_C,3,41
394,W1,R2,SKU_D,3,90
394,W1,R2,SKU_E,3,29
394,W2,R3,SKU_A,4,284
394,W2,R3,SKU_B,4,79
394,W2,R3,SKU_C,4,142
394,W2,R3,SKU_D,4,201
394,W2,R3,SKU_E,4,101
395,Supplier,W1,SKU_A,5,606
395,Supplier,W1,SKU_B,5,277
395,Supplier,W1,SKU_C,5,258
395,Supplier,W1,SKU_D,5,251
395,Supplier,W1,SKU_E,5,197
395,Supplier,W2,SKU_A,6,284
395,Supplier,W2,SKU_B,6,79
395,Supplier,W2,SKU_C,6,142
395,Supplier,W2,SKU_D,6,201
395,Supplier,W2,SKU_E,6,101
395,W1,R2,SKU_A,3,69
395,W1,R2,SKU_B,3,21
395,W1,R2,SKU_C,3,30
395,W1,R2,SKU_D,3,35
395,W1,R2,SKU_E,3,26
395,W2,R3,SKU_A,4,232
395,W2,R3,SKU_B,4,49
395,W2,R3,SKU_C,4,102
395,W2,R3,SKU_D,4,137
395,W2,R3,SKU_E,4,66
396,Supplier,W2,SKU_A,6,232
396,Supplier,W2,SKU_B,6,49
396,Supplier,W2,SKU_C,6,102
396,Supplier,W2,SKU_D,6,137
396,Supplier,W2,SKU_E,6,66
396,W1,R1,SKU_A,2,236
396,W1,R1,SKU_B,2,103
396,W1,R1,SKU_C,2,75
396,W1,R1,SKU_D,2,113
396,W1,R1,SKU_E,2,64
396,W1,R2,SKU_A,3,80
396,W1,R2,SKU_B,3,16
396,W1,R2,SKU_C,3,38
396,W1,R2,SKU_D,3,45
396,W1,R2,SKU_E,3,31
396,W2,R3,SKU_A,4,195
396,W2,R3,SKU_B,4,58
396,W2,R3,SKU_C,4,106
396,W2,R3,SKU_D,4,117
396,W2,R3,SKU_E,4,59
397,Supplier,W2,SKU_A,6,195
397,Supplier,W2,SKU_B,6,58
397,Supplier,W2,SKU_C,6,106
397,Supplier,W2,SKU_D,6,117
397,Supplier,W2,SKU_E,6,59
397,W1,R2,SKU_A,3,85
397,W1,R2,SKU_B,3,23
397,W1,R2,SKU_C,3,23
397,W1,R2,SKU_D,3,40
397,W1,R2,SKU_E,3,21
397,W2,R3,SKU_A,4,214
397,W2,R3,SKU_B,4,60
397,W2,R3,SKU_C,4,114
397,W2,R3,SKU_D,4,109
397,W2,R3,SKU_E,4,49
398,Supplier,W1,SKU_A,5,572
398,Supplier,W1,SKU_B,5,222
398,Supplier,W1,SKU_C,5,219
398,Supplier,W1,SKU_D,5,281
398,Supplier,W1,SKU_E,5,177
398,Supplier,W2,SKU_A,6,214
398,Supplier,W2,SKU_B,6,60
398,Supplier,W2,SKU_C,6,114
398,Supplier,W2,SKU_D,6,109
398,Supplier,W2,SKU_E,6,49
398,W1,R1,SKU_A,2,230
398,W1,R1,SKU_B,2,108
398,W1,R1,SKU_C,2,115
398,W1,R1,SKU_D,2,109
398,W1,R1,SKU_E,2,90
398,W1,R2,SKU_A,3,104
398,W1,R2,SKU_B,3,36
398,W1,R2,SKU_C,3,42
398,W1,R2,SKU_D,3,29
398,W1,R2,SKU_E,3,26
398,W2,R3,SKU_A,4,266
398,W2,R3,SKU_B,4,99
398,W2,R3,SKU_C,4,126
398,W2,R3,SKU_D,4,183
398,W2,R3,SKU_E,4,99
399,Supplier,W2,SKU_A,6,266
399,Supplier,W2,SKU_B,6,99
399,Supplier,W2,SKU_C,6,126
399,Supplier,W2,SKU_D,6,183
399,Supplier,W2,SKU_E,6,99
399,W1,R1,SKU_A,2,175
399,W1,R1,SKU_B,2,84
399,W1,R1,SKU_C,2,66
399,W1,R1,SKU_D,2,84
399,W1,R1,SKU_E,2,60
399,W1,R2,SKU_A,3,115
399,W1,R2,SKU_B,3,34
399,W1,R2,SKU_C,3,67
399,W1,R2,SKU_D,3,64
399,W1,R2,SKU_E,3,43
399,W2,R3,SKU_A,4,266
399,W2,R3,SKU_B,4,75
399,W2,R3,SKU_C,4,146
399,W2,R3,SKU_D,4,104
399,W2,R3,SKU_E,4,106
400,Supplier,W1,SKU_A,5,522
400,Supplier,W1,SKU_B,5,203
400,Supplier,W1,SKU_C,5,237
400,Supplier,W1,SKU_D,5,238
400,Supplier,W1,SKU_E,5,184
400,Supplier,W2,SKU_A,6,266
400,Supplier,W2,SKU_B,6,75
400,Supplier,W2,SKU_C,6,146
400,Supplier,W2,SKU_D,6,175
400,Supplier,W2,SKU_E,6,106
400,W1,R1,SKU_A,2,201
400,W1,R1,SKU_B,2,109
400,W1,R1,SKU_C,2,91
400,W1,R1,SKU_D,2,85
400,W1,R1,SKU_E,2,50
400,W1,R2,SKU_A,3,131
400,W1,R2,SKU_B,3,58
400,W1,R2,SKU_C,3,66
400,W1,R2,SKU_D,3,58
400,W1,R2,SKU_E,3,37
400,W2,R3,SKU_A,4,293
400,W2,R3,SKU_B,4,77
400,W2,R3,SKU_C,4,222
400,W2,R3,SKU_D,4,195
400,W2,R3,SKU_E,4,116
401,Supplier,W2,SKU_A,6,293
401,Supplier,W2,SKU_B,6,77
401,Supplier,W2,SKU_C,6,222
401,Supplier,W2,SKU_D,6,242
401,Supplier,W2,SKU_E,6,116
401,W1,R1,SKU_A,2,200
401,W1,R1,SKU_B,2,145
401,W1,R1,SKU_C,2,94
401,W1,R1,SKU_D,2,116
401,W1,R1,SKU_E,2,76
401,W1,R2,SKU_A,3,110
401,W1,R2,SKU_B,3,43
401,W1,R2,SKU_C,3,51
401,W1,R2,SKU_D,3,47
401,W1,R2,SKU_E,3,44
401,W2,R3,SKU_A,4,284
401,W2,R3,SKU_B,4,100
401,W2,R3,SKU_C,4,154
401,W2,R3,SKU_D,4,201
401,W2,R3,SKU_E,4,102
402,Supplier,W1,SKU_A,5,655
402,Supplier,W1,SKU_B,5,355
402,Supplier,W1,SKU_C,5,302
402,Supplier,W1,SKU_D,5,313
402,Supplier,W1,SKU_E,5,207
402,Supplier,W2,SKU_A,6,284
402,Supplier,W2,SKU_B,6,100
402,Supplier,W2,SKU_C,6,154
402,Supplier,W2,SKU_D,6,199
402,Supplier,W2,SKU_E,6,102
402,W1,R2,SKU_B,3,28
402,W1,R2,SKU_C,3,35
402,W1,R2,SKU_E,3,39
402,W2,R3,SKU_A,4,231
402,W2,R3,SKU_B,4,78
402,W2,R3,SKU_C,4,133
402,W2,R3,SKU_D,4,137
402,W2,R3,SKU_E,4,77
403,Supplier,W2,SKU_A,6,231
403,Supplier,W2,SKU_B,6,78
403,Supplier,W2,SKU_C,6,133
403,Supplier,W2,SKU_D,6,164
403,Supplier,W2,SKU_E,6,77
403,W1,R1,SKU_B,2,136
403,W1,R1,SKU_C,2,88
403,W1,R1,SKU_E,2,83
403,W1,R1,SKU_A,2,293
403,W1,R1,SKU_D,2,147
403,W1,R2,SKU_A,3,219
403,W1,R2,SKU_B,3,36
403,W1,R2,SKU_C,3,36
403,W1,R2,SKU_D,3,110
403,W1,R2,SKU_E,3,36
403,W2,R3,SKU_A,4,256
403,W2,R3,SKU_B,4,59
403,W2,R3,SKU_C,4,131
403,W2,R3,SKU_D,4,117
403,W2,R3,SKU_E,4,69
404,Supplier,W1,SKU_A,5,499
404,Supplier,W1,SKU_B,5,200
404,Supplier,W1,SKU_C,5,159
404,Supplier,W1,SKU_D,5,250
404,Supplier,W1,SKU_E,5,158
404,Supplier,W2,SKU_A,6,256
404,Supplier,W2,SKU_B,6,59
404,Supplier,W2,SKU_C,6,131
404,Supplier,W2,SKU_D,6,173
404,Supplier,W2,SKU_E,6,69
404,W2,R3,SKU_A,4,214
404,W2,R3,SKU_B,4,80
404,W2,R3,SKU_C,4,136
404,W2,R3,SKU_D,4,109
404,W2,R3,SKU_E,4,62
405,Supplier,W2,SKU_A,6,214
405,Supplier,W2,SKU_B,6,80
405,Supplier,W2,SKU_C,6,136
405,Supplier,W2,SKU_D,6,129
405,Supplier,W2,SKU_E,6,62
405,W1,R1,SKU_A,2,257
405,W1,R1,SKU_B,2,128
405,W1,R1,SKU_C,2,109
405,W1,R1,SKU_D,2,147
405,W1,R1,SKU_E,2,81
405,W1,R2,SKU_B,3,30
405,W1,R2,SKU_C,3,87
405,W1,R2,SKU_E,3,57
405,W1,R2,SKU_A,3,201
405,W1,R2,SKU_D,3,80
405,W2,R3,SKU_A,4,226
405,W2,R3,SKU_B,4,73
405,W2,R3,SKU_C,4,115
405,W2,R3,SKU_D,4,183
405,W2,R3,SKU_E,4,83
406,Supplier,W1,SKU_A,5,458
406,Supplier,W1,SKU_B,5,158
406,Supplier,W1,SKU_C,5,196
406,Supplier,W1,SKU_D,5,227
406,Supplier,W1,SKU_E,5,138
406,Supplier,W2,SKU_A,6,226
406,Supplier,W2,SKU_B,6,73
406,Supplier,W2,SKU_C,6,115
406,Supplier,W2,SKU_D,6,155
406,Supplier,W2,SKU_E,6,83
406,W1,R1,SKU_A,2,124
406,W1,R1,SKU_B,2,75
406,W1,R1,SKU_C,2,71
406,W1,R1,SKU_D,2,35
406,W1,R1,SKU_E,2,52
406,W1,R2,SKU_B,3,39
406,W1,R2,SKU_C,3,47
406,W1,R2,SKU_E,3,26
406,W2,R3,SKU_A,4,225
406,W2,R3,SKU_B,4,63
406,W2,R3,SKU_C,4,92
406,W2,R3,SKU_D,4,175
406,W2,R3,SKU_E,4,94
407,Supplier,W2,SKU_A,6,225
407,Supplier,W2,SKU_B,6,63
407,Supplier,W2,SKU_C,6,92
407,Supplier,W2,SKU_D,6,104
407,Supplier,W2,SKU_E,6,94
407,W1,R1,SKU_A,2,207
407,W1,R1,SKU_B,2,106
407,W1,R1,SKU_C,2,107
407,W1,R1,SKU_D,2,131
407,W1,R1,SKU_E,2,72
407,W1,R2,SKU_A,3,206
407,W1,R2,SKU_B,3,42
407,W1,R2,SKU_C,3,68
407,W1,R2,SKU_D,3,79
407,W1,R2,SKU_E,3,49
407,W2,R3,SKU_A,4,317
407,W2,R3,SKU_B,4,96
407,W2,R3,SKU_C,4,139
407,W2,R3,SKU_D,4,242
407,W2,R3,SKU_E,4,106
408,Supplier,W1,SKU_A,5,537
408,Supplier,W1,SKU_B,5,262
408,Supplier,W1,SKU_C,5,293
408,Supplier,W1,SKU_D,5,245
408,Supplier,W1,SKU_E,5,199
408,Supplier,W2,SKU_A,6,317
408,Supplier,W2,SKU_B,6,96
408,Supplier,W2,SKU_C,6,139
408,Supplier,W2,SKU_D,6,166
408,Supplier,W2,SKU_E,6,106
408,W1,R1,SKU_A,2,178
408,W1,R1,SKU_B,2,98
408,W1,R1,SKU_C,2,90
408,W1,R1,SKU_D,2,103
408,W1,R1,SKU_E,2,60
408,W1,R2,SKU_A,3,64
408,W1,R2,SKU_B,3,37
408,W1,R2,SKU_C,3,53
408,W1,R2,SKU_E,3,26
408,W2,R3,SKU_A,4,267
408,W2,R3,SKU_B,4,77
408,W2,R3,SKU_C,4,144
408,W2,R3,SKU_D,4,199
408,W2,R3,SKU_E,4,111
409,Supplier,W2,SKU_A,6,267
409,Supplier,W2,SKU_B,6,77
409,Supplier,W2,SKU_C,6,144
409,Supplier,W2,SKU_D,6,161
409,Supplier,W2,SKU_E,6,111
409,W1,R1,SKU_A,2,143
409,W1,R1,SKU_B,2,59
409,W1,R1,SKU_C,2,40
409,W1,R1,SKU_D,2,91
409,W1,R1,SKU_E,2,49
409,W1,R2,SKU_A,3,126
409,W1,R2,SKU_B,3,22
409,W1,R2,SKU_C,3,36
409,W1,R2,SKU_D,3,92
409,W1,R2,SKU_E,3,35
409,W2,R3,SKU_A,4,271
409,W2,R3,SKU_B,4,62
409,W2,R3,SKU_C,4,137
409,W2,R3,SKU_D,4,164
409,W2,R3,SKU_E,4,89
410,Supplier,W1,SKU_A,5,511
410,Supplier,W1,SKU_B,5,216
410,Supplier,W1,SKU_C,5,219
410,Supplier,W1,SKU_D,5,286
410,Supplier,W1,SKU_E,5,170
410,Supplier,W2,SKU_A,6,271
410,Supplier,W2,SKU_B,6,62
410,Supplier,W2,SKU_C,6,137
410,Supplier,W2,SKU_D,6,179
410,Supplier,W2,SKU_E,6,89
410,W1,R1,SKU_A,2,144
410,W1,R1,SKU_B,2,63
410,W1,R1,SKU_C,2,41
410,W1,R1,SKU_D,2,67
410,W1,R1,SKU_E,2,53
410,W1,R2,SKU_A,3,80
410,W1,R2,SKU_B,3,26
410,W1,R2,SKU_C,3,23
410,W1,R2,SKU_E,3,22
410,W2,R3,SKU_A,4,248
410,W2,R3,SKU_B,4,60
410,W2,R3,SKU_C,4,141
410,W2,R3,SKU_D,4,173
410,W2,R3,SKU_E,4,67
411,Supplier,W2,SKU_A,6,248
411,Supplier,W2,SKU_B,6,60
411,Supplier,W2,SKU_C,6,141
411,Supplier,W2,SKU_D,6,154
411,Supplier,W2,SKU_E,6,67
411,W1,R1,SKU_A,2,129
411,W1,R1,SKU_B,2,60
411,W1,R1,SKU_C,2,36
411,W1,R1,SKU_D,2,82
411,W1,R1,SKU_E,2,49
411,W1,R2,SKU_A,3,98
411,W1,R2,SKU_B,3,32
411,W1,R2,SKU_C,3,27
411,W1,R2,SKU_D,3,61
411,W1,R2,SKU_E,3,37
411,W2,R3,SKU_A,4,258
411,W2,R3,SKU_B,4,78
411,W2,R3,SKU_C,4,149
411,W2,R3,SKU_D,4,129
411,W2,R3,SKU_E,4,93
412,Supplier,W1,SKU_A,5,451
412,Supplier,W1,SKU_B,5,181
412,Supplier,W1,SKU_C,5,127
412,Supplier,W1,SKU_D,5,210
412,Supplier,W1,SKU_E,5,161
412,Supplier,W2,SKU_A,6,258
412,Supplier,W2,SKU_B,6,78
412,Supplier,W2,SKU_C,6,149
412,Supplier,W2,SKU_D,6,172
412,Supplier,W2,SKU_E,6,93
412,W1,R2,SKU_A,3,86
412,W1,R2,SKU_B,3,33
412,W1,R2,SKU_C,3,31
412,W1,R2,SKU_D,3,24
412,W1,R2,SKU_E,3,21
412,W2,R3,SKU_A,4,263
412,W2,R3,SKU_B,4,66
412,W2,R3,SKU_C,4,132
412,W2,R3,SKU_D,4,155
412,W2,R3,SKU_E,4,88
413,Supplier,W2,SKU_A,6,275
413,Supplier,W2,SKU_B,6,66
413,Supplier,W2,SKU_C,6,132
413,Supplier,W2,SKU_D,6,140
413,Supplier,W2,SKU_E,6,88
413,W1,R1,SKU_A,2,307
413,W1,R1,SKU_B,2,144
413,W1,R1,SKU_C,2,95
413,W1,R1,SKU_D,2,139
413,W1,R1,SKU_E,2,104
413,W1,R2,SKU_A,3,73
413,W1,R2,SKU_B,3,27
413,W1,R2,SKU_C,3,49
413,W1,R2,SKU_D,3,63
413,W1,R2,SKU_E,3,29
413,W2,R3,SKU_A,4,225
413,W2,R3,SKU_B,4,113
413,W2,R3,SKU_C,4,188
413,W2,R3,SKU_D,4,104
413,W2,R3,SKU_E,4,76
414,Supplier,W1,SKU_A,5,466
414,Supplier,W1,SKU_B,5,204
414,Supplier,W1,SKU_C,5,175
414,Supplier,W1,SKU_D,5,226
414,Supplier,W1,SKU_E,5,154
414,Supplier,W2,SKU_A,6,304
414,Supplier,W2,SKU_B,6,113
414,Supplier,W2,SKU_C,6,188
414,Supplier,W2,SKU_D,6,217
414,Supplier,W2,SKU_E,6,76
414,W1,R1,SKU_A,2,187
414,W1,R1,SKU_B,2,145
414,W1,R1,SKU_C,2,77
414,W1,R1,SKU_D,2,94
414,W1,R1,SKU_E,2,65
414,W1,R2,SKU_A,3,111
414,W1,R2,SKU_B,3,41
414,W1,R2,SKU_C,3,56
414,W1,R2,SKU_D,3,9
414,W1,R2,SKU_E,3,42
414,W2,R3,SKU_A,4,317
414,W2,R3,SKU_B,4,128
414,W2,R3,SKU_C,4,176
414,W2,R3,SKU_D,4,166
414,W2,R3,SKU_E,4,111
415,Supplier,W2,SKU_A,6,355
415,Supplier,W2,SKU_B,6,128
415,Supplier,W2,SKU_C,6,186
415,Supplier,W2,SKU_D,6,211
415,Supplier,W2,SKU_E,6,111
415,W1,R1,SKU_A,2,190
415,W1,R1,SKU_B,2,88
415,W1,R1,SKU_C,2,75
415,W1,R1,SKU_D,2,121
415,W1,R1,SKU_E,2,83
415,W1,R2,SKU_A,3,98
415,W1,R2,SKU_B,3,35
415,W1,R2,SKU_C,3,53
415,W1,R2,SKU_D,3,90
415,W1,R2,SKU_E,3,39
415,W2,R3,SKU_A,4,267
415,W2,R3,SKU_B,4,132
415,W2,R3,SKU_C,4,144
415,W2,R3,SKU_D,4,161
415,W2,R3,SKU_E,4,100
416,Supplier,W1,SKU_A,5,586
416,Supplier,W1,SKU_B,5,309
416,Supplier,W1,SKU_C,5,261
416,Supplier,W1,SKU_D,5,314
416,Supplier,W1,SKU_E,5,229
416,Supplier,W2,SKU_A,6,327
416,Supplier,W2,SKU_B,6,139
416,Supplier,W2,SKU_C,6,198
416,Supplier,W2,SKU_D,6,189
416,Supplier,W2,SKU_E,6,100
416,W1,R1,SKU_A,2,144
416,W1,R1,SKU_B,2,68
416,W1,R1,SKU_C,2,50
416,W1,R1,SKU_D,2,75
416,W1,R1,SKU_E,2,40
416,W1,R2,SKU_A,3,87
416,W1,R2,SKU_B,3,44
416,W1,R2,SKU_C,3,33
416,W1,R2,SKU_E,3,26
416,W2,R3,SKU_A,4,271
416,W2,R3,SKU_B,4,62
416,W2,R3,SKU_C,4,137
416,W2,R3,SKU_D,4,179
416,W2,R3,SKU_E,4,72
417,Supplier,W2,SKU_A,6,242
417,Supplier,W2,SKU_B,6,77
417,Supplier,W2,SKU_C,6,107
417,Supplier,W2,SKU_D,6,152
417,Supplier,W2,SKU_E,6,72
417,W1,R2,SKU_A,3,79
417,W1,R2,SKU_B,3,29
417,W1,R2,SKU_C,3,44
417,W1,R2,SKU_D,3,70
417,W1,R2,SKU_E,3,33
417,W2,R3,SKU_A,4,248
417,W2,R3,SKU_B,4,60
417,W2,R3,SKU_C,4,140
417,W2,R3,SKU_D,4,154
417,W2,R3,SKU_E,4,51
418,Supplier,W1,SKU_A,5,418
418,Supplier,W1,SKU_B,5,207
418,Supplier,W1,SKU_C,5,181
418,Supplier,W1,SKU_D,5,211
418,Supplier,W1,SKU_E,5,144
418,Supplier,W2,SKU_A,6,196
418,Supplier,W2,SKU_B,6,66
418,Supplier,W2,SKU_C,6,106
418,Supplier,W2,SKU_D,6,126
418,Supplier,W2,SKU_E,6,51
418,W1,R1,SKU_A,2,210
418,W1,R1,SKU_B,2,124
418,W1,R1,SKU_C,2,113
418,W1,R1,SKU_D,2,132
418,W1,R1,SKU_E,2,97
418,W1,R2,SKU_A,3,85
418,W1,R2,SKU_B,3,41
418,W1,R2,SKU_C,3,50
418,W1,R2,SKU_D,3,8
418,W1,R2,SKU_E,3,38
418,W2,R3,SKU_A,4,258
418,W2,R3,SKU_B,4,78
418,W2,R3,SKU_C,4,122
418,W2,R3,SKU_D,4,172
418,W2,R3,SKU_E,4,64
419,Supplier,W2,SKU_A,6,201
419,Supplier,W2,SKU_B,6,65
419,Supplier,W2,SKU_C,6,122
419,Supplier,W2,SKU_D,6,121
419,Supplier,W2,SKU_E,6,64
419,W1,R2,SKU_A,3,76
419,W1,R2,SKU_B,3,37
419,W1,R2,SKU_C,3,44
419,W1,R2,SKU_D,3,68
419,W1,R2,SKU_E,3,34
419,W2,R3,SKU_A,4,252
419,W2,R3,SKU_B,4,63
419,W2,R3,SKU_C,4,138
419,W2,R3,SKU_D,4,140
419,W2,R3,SKU_E,4,50
420,Supplier,W1,SKU_A,5,406
420,Supplier,W1,SKU_B,5,194
420,Supplier,W1,SKU_C,5,195
420,Supplier,W1,SKU_D,5,213
420,Supplier,W1,SKU_E,5,173
420,Supplier,W2,SKU_A,6,201
420,Supplier,W2,SKU_B,6,48
420,Supplier,W2,SKU_C,6,138
420,Supplier,W2,SKU_D,6,122
420,Supplier,W2,SKU_E,6,50
420,W1,R1,SKU_A,2,301
420,W1,R1,SKU_B,2,143
420,W1,R1,SKU_C,2,95
420,W1,R1,SKU_D,2,156
420,W1,R1,SKU_E,2,109
420,W1,R2,SKU_A,3,87
420,W1,R2,SKU_B,3,28
420,W1,R2,SKU_C,3,44
420,W1,R2,SKU_D,3,2
420,W1,R2,SKU_E,3,25
420,W2,R3,SKU_A,4,237
420,W2,R3,SKU_B,4,85
420,W2,R3,SKU_C,4,170
420,W2,R3,SKU_D,4,217
420,W2,R3,SKU_E,4,89
421,Supplier,W2,SKU_A,6,237
421,Supplier,W2,SKU_B,6,85
421,Supplier,W2,SKU_C,6,170
421,Supplier,W2,SKU_D,6,153
421,Supplier,W2,SKU_E,6,89
421,W1,R1,SKU_A,2,235
421,W1,R1,SKU_B,2,109
421,W1,R1,SKU_C,2,93
421,W1,R1,SKU_D,2,104
421,W1,R1,SKU_E,2,70
421,W1,R2,SKU_A,3,91
421,W1,R2,SKU_B,3,40
421,W1,R2,SKU_C,3,49
421,W1,R2,SKU_D,3,75
421,W1,R2,SKU_E,3,16
421,W2,R3,SKU_A,4,311
421,W2,R3,SKU_B,4,94
421,W2,R3,SKU_C,4,185
421,W2,R3,SKU_D,4,211
421,W2,R3,SKU_E,4,99
422,Supplier,W1,SKU_A,5,571
422,Supplier,W1,SKU_B,5,262
422,Supplier,W1,SKU_C,5,239
422,Supplier,W1,SKU_D,5,266
422,Supplier,W1,SKU_E,5,171
422,Supplier,W2,SKU_A,6,311
422,Supplier,W2,SKU_B,6,94
422,Supplier,W2,SKU_C,6,185
422,Supplier,W2,SKU_D,6,193
422,Supplier,W2,SKU_E,6,99
422,W1,R1,SKU_A,2,204
422,W1,R1,SKU_B,2,88
422,W1,R1,SKU_C,2,82
422,W1,R1,SKU_D,2,114
422,W1,R1,SKU_E,2,52
422,W1,R2,SKU_A,3,84
422,W1,R2,SKU_B,3,41
422,W1,R2,SKU_C,3,66
422,W1,R2,SKU_D,3,21
422,W1,R2,SKU_E,3,36
422,W2,R3,SKU_A,4,323
422,W2,R3,SKU_B,4,82
422,W2,R3,SKU_C,4,211
422,W2,R3,SKU_D,4,189
422,W2,R3,SKU_E,4,65
423,Supplier,W2,SKU_A,6,323
423,Supplier,W2,SKU_B,6,82
423,Supplier,W2,SKU_C,6,211
423,Supplier,W2,SKU_D,6,203
423,Supplier,W2,SKU_E,6,65
423,W1,R1,SKU_A,2,118
423,W1,R1,SKU_B,2,83
423,W1,R1,SKU_C,2,38
423,W1,R1,SKU_D,2,62
423,W1,R1,SKU_E,2,37
423,W1,R2,SKU_A,3,73
423,W1,R2,SKU_B,3,24
423,W1,R2,SKU_C,3,20
423,W1,R2,SKU_D,3,52
423,W1,R2,SKU_E,3,22
423,W2,R3,SKU_A,4,204
423,W2,R3,SKU_B,4,55
423,W2,R3,SKU_C,4,135
423,W2,R3,SKU_D,4,152
423,W2,R3,SKU_E,4,65
424,Supplier,W1,SKU_A,5,479
424,Supplier,W1,SKU_B,5,236
424,Supplier,W1,SKU_C,5,206
424,Supplier,W1,SKU_D,5,249
424,Supplier,W1,SKU_E,5,147
424,Supplier,W2,SKU_A,6,204
424,Supplier,W2,SKU_B,6,55
424,Supplier,W2,SKU_C,6,139
424,Supplier,W2,SKU_D,6,138
424,Supplier,W2,SKU_E,6,65
424,W1,R2,SKU_A,3,45
424,W1,R2,SKU_B,3,26
424,W1,R2,SKU_C,3,29
424,W1,R2,SKU_D,3,31
424,W1,R2,SKU_E,3,28
424,W2,R3,SKU_A,4,173
424,W2,R3,SKU_B,4,58
424,W2,R3,SKU_C,4,106
424,W2,R3,SKU_D,4,119
424,W2,R3,SKU_E,4,61
425,Supplier,W2,SKU_A,6,173
425,Supplier,W2,SKU_B,6,58
425,Supplier,W2,SKU_C,6,151
425,Supplier,W2,SKU_D,6,109
425,Supplier,W2,SKU_E,6,61
425,W1,R1,SKU_A,2,248
425,W1,R1,SKU_B,2,109
425,W1,R1,SKU_C,2,99
425,W1,R1,SKU_D,2,120
425,W1,R1,SKU_E,2,90
425,W1,R2,SKU_A,3,90
425,W1,R2,SKU_B,3,30
425,W1,R2,SKU_C,3,42
425,W1,R2,SKU_D,3,41
425,W1,R2,SKU_E,3,35
425,W2,R3,SKU_A,4,189
425,W2,R3,SKU_B,4,48
425,W2,R3,SKU_C,4,122
425,W2,R3,SKU_D,4,104
425,W2,R3,SKU_E,4,55
426,Supplier,W1,SKU_A,5,383
426,Supplier,W1,SKU_B,5,165
426,Supplier,W1,SKU_C,5,170
426,Supplier,W1,SKU_D,5,192
426,Supplier,W1,SKU_E,5,153
426,Supplier,W2,SKU_A,6,189
426,Supplier,W2,SKU_B,6,48
426,Supplier,W2,SKU_C,6,109
426,Supplier,W2,SKU_D,6,104
426,Supplier,W2,SKU_E,6,55
426,W1,R2,SKU_A,3,88
426,W1,R2,SKU_B,3,28
426,W1,R2,SKU_C,3,34
426,W1,R2,SKU_D,3,33
426,W1,R2,SKU_E,3,27
426,W2,R3,SKU_A,4,162
426,W2,R3,SKU_B,4,47
426,W2,R3,SKU_C,4,132
426,W2,R3,SKU_D,4,85
426,W2,R3,SKU_E,4,59
427,Supplier,W2,SKU_A,6,162
427,Supplier,W2,SKU_B,6,47
427,Supplier,W2,SKU_C,6,96
427,Supplier,W2,SKU_D,6,85
427,Supplier,W2,SKU_E,6,59
427,W1,R1,SKU_A,2,288
427,W1,R1,SKU_B,2,153
427,W1,R1,SKU_C,2,129
427,W1,R1,SKU_D,2,166
427,W1,R1,SKU_E,2,79
427,W1,R2,SKU_A,3,111
427,W1,R2,SKU_B,3,45
427,W1,R2,SKU_C,3,60
427,W1,R2,SKU_D,3,40
427,W1,R2,SKU_E,3,50
427,W2,R3,SKU_A,4,240
427,W2,R3,SKU_B,4,97
427,W2,R3,SKU_C,4,126
427,W2,R3,SKU_D,4,147
427,W2,R3,SKU_E,4,80
428,Supplier,W1,SKU_A,5,487
428,Supplier,W1,SKU_B,5,226
428,Supplier,W1,SKU_C,5,223
428,Supplier,W1,SKU_D,5,239
428,Supplier,W1,SKU_E,5,156
428,Supplier,W2,SKU_A,6,240
428,Supplier,W2,SKU_B,6,97
428,Supplier,W2,SKU_C,6,126
428,Supplier,W2,SKU_D,6,147
428,Supplier,W2,SKU_E,6,80
428,W1,R1,SKU_A,2,222
428,W1,R1,SKU_B,2,108
428,W1,R1,SKU_C,2,89
428,W1,R1,SKU_D,2,104
428,W1,R1,SKU_E,2,53
428,W1,R2,SKU_A,3,103
428,W1,R2,SKU_B,3,50
428,W1,R2,SKU_C,3,60
428,W1,R2,SKU_D,3,41
428,W1,R2,SKU_E,3,26
428,W2,R3,SKU_A,4,350
428,W2,R3,SKU_B,4,107
428,W2,R3,SKU_C,4,144
428,W2,R3,SKU_D,4,179
428,W2,R3,SKU_E,4,84
429,Supplier,W2,SKU_A,6,350
429,Supplier,W2,SKU_B,6,107
429,Supplier,W2,SKU_C,6,144
429,Supplier,W2,SKU_D,6,179
429,Supplier,W2,SKU_E,6,84
429,W1,R1,SKU_A,2,240
429,W1,R1,SKU_B,2,104
429,W1,R1,SKU_C,2,90
429,W1,R1,SKU_D,2,132
429,W1,R1,SKU_E,2,73
429,W1,R2,SKU_A,3,112
429,W1,R2,SKU_B,3,51
429,W1,R2,SKU_C,3,71
429,W1,R2,SKU_D,3,52
429,W1,R2,SKU_E,3,39
429,W2,R3,SKU_A,4,300
429,W2,R3,SKU_B,4,75
429,W2,R3,SKU_C,4,154
429,W2,R3,SKU_D,4,153
429,W2,R3,SKU_E,4,88
430,Supplier,W1,SKU_A,5,677
430,Supplier,W1,SKU_B,5,313
430,Supplier,W1,SKU_C,5,310
430,Supplier,W1,SKU_D,5,329
430,Supplier,W1,SKU_E,5,191
430,Supplier,W2,SKU_A,6,300
430,Supplier,W2,SKU_B,6,75
430,Supplier,W2,SKU_C,6,154
430,Supplier,W2,SKU_D,6,153
430,Supplier,W2,SKU_E,6,88
430,W1,R2,SKU_A,3,27
430,W1,R2,SKU_B,3,42
430,W1,R2,SKU_C,3,55
430,W1,R2,SKU_E,3,64
430,W2,R3,SKU_A,4,213
430,W2,R3,SKU_B,4,52
430,W2,R3,SKU_C,4,103
430,W2,R3,SKU_D,4,152
430,W2,R3,SKU_E,4,74
431,Supplier,W2,SKU_A,6,213
431,Supplier,W2,SKU_B,6,52
431,Supplier,W2,SKU_C,6,103
431,Supplier,W2,SKU_D,6,152
431,Supplier,W2,SKU_E,6,74
431,W1,R1,SKU_A,2,321
431,W1,R1,SKU_B,2,117
431,W1,R1,SKU_C,2,120
431,W1,R1,SKU_D,2,171
431,W1,R1,SKU_E,2,108
431,W1,R2,SKU_A,3,173
431,W1,R2,SKU_B,3,49
431,W1,R2,SKU_C,3,60
431,W1,R2,SKU_D,3,76
431,W1,R2,SKU_E,3,37
431,W2,R3,SKU_A,4,244
431,W2,R3,SKU_B,4,100
431,W2,R3,SKU_C,4,114
431,W2,R3,SKU_D,4,133
431,W2,R3,SKU_E,4,84
432,Supplier,W1,SKU_A,5,521
432,Supplier,W1,SKU_B,5,208
432,Supplier,W1,SKU_C,5,235
432,Supplier,W1,SKU_D,5,247
432,Supplier,W1,SKU_E,5,209
432,Supplier,W2,SKU_A,6,244
432,Supplier,W2,SKU_B,6,100
432,Supplier,W2,SKU_C,6,114
432,Supplier,W2,SKU_D,6,133
432,Supplier,W2,SKU_E,6,84
432,W1,R2,SKU_B,3,43
432,W1,R2,SKU_C,3,48
432,W1,R2,SKU_E,3,35
432,W2,R3,SKU_A,4,259
432,W2,R3,SKU_B,4,53
432,W2,R3,SKU_C,4,93
432,W2,R3,SKU_D,4,104
432,W2,R3,SKU_E,4,59
433,Supplier,W2,SKU_A,6,259
433,Supplier,W2,SKU_B,6,53
433,Supplier,W2,SKU_C,6,93
433,Supplier,W2,SKU_D,6,104
433,Supplier,W2,SKU_E,6,59
433,W1,R1,SKU_A,2,343
433,W1,R1,SKU_B,2,121
433,W1,R1,SKU_C,2,143
433,W1,R1,SKU_D,2,184
433,W1,R1,SKU_E,2,85
433,W1,R2,SKU_A,3,189
433,W1,R2,SKU_B,3,32
433,W1,R2,SKU_C,3,47
433,W1,R2,SKU_D,3,65
433,W1,R2,SKU_E,3,37
433,W2,R3,SKU_A,4,243
433,W2,R3,SKU_B,4,93
433,W2,R3,SKU_C,4,109
433,W2,R3,SKU_D,4,143
433,W2,R3,SKU_E,4,81
434,Supplier,W1,SKU_A,5,532
434,Supplier,W1,SKU_B,5,196
434,Supplier,W1,SKU_C,5,238
434,Supplier,W1,SKU_D,5,259
434,Supplier,W1,SKU_E,5,157
434,Supplier,W2,SKU_A,6,245
434,Supplier,W2,SKU_B,6,93
434,Supplier,W2,SKU_C,6,109
434,Supplier,W2,SKU_D,6,143
434,Supplier,W2,SKU_E,6,81
434,W1,R2,SKU_B,3,53
434,W1,R2,SKU_C,3,50
434,W1,R2,SKU_E,3,49
434,W2,R3,SKU_A,4,240
434,W2,R3,SKU_B,4,128
434,W2,R3,SKU_C,4,140
434,W2,R3,SKU_D,4,182
434,W2,R3,SKU_E,4,113
435,Supplier,W2,SKU_A,6,300
435,Supplier,W2,SKU_B,6,128
435,Supplier,W2,SKU_C,6,140
435,Supplier,W2,SKU_D,6,203
435,Supplier,W2,SKU_E,6,113
435,W1,R1,SKU_A,2,516
435,W1,R1,SKU_B,2,202
435,W1,R1,SKU_C,2,243
435,W1,R1,SKU_E,2,131
435,W1,R1,SKU_D,2,279
435,W1,R2,SKU_A,3,167
435,W1,R2,SKU_B,3,69
435,W1,R2,SKU_C,3,78
435,W1,R2,SKU_D,3,50
435,W1,R2,SKU_E,3,54
435,W2,R3,SKU_A,4,350
435,W2,R3,SKU_B,4,138
435,W2,R3,SKU_C,4,185
435,W2,R3,SKU_D,4,179
435,W2,R3,SKU_E,4,149
436,Supplier,W1,SKU_A,5,746
436,Supplier,W1,SKU_B,5,324
436,Supplier,W1,SKU_C,5,371
436,Supplier,W1,SKU_D,5,375
436,Supplier,W1,SKU_E,5,234
436,Supplier,W2,SKU_A,6,349
436,Supplier,W2,SKU_B,6,174
436,Supplier,W2,SKU_C,6,185
436,Supplier,W2,SKU_D,6,246
436,Supplier,W2,SKU_E,6,161
436,W1,R1,SKU_B,2,109
436,W1,R1,SKU_C,2,97
436,W1,R1,SKU_E,2,92
436,W1,R2,SKU_B,3,48
436,W1,R2,SKU_C,3,82
436,W1,R2,SKU_E,3,49
436,W2,R3,SKU_A,4,300
436,W2,R3,SKU_B,4,75
436,W2,R3,SKU_C,4,127
436,W2,R3,SKU_D,4,153
436,W2,R3,SKU_E,4,88
437,Supplier,W1,SKU_A,5,403
437,Supplier,W1,SKU_B,5,157
437,Supplier,W1,SKU_C,5,179
437,Supplier,W1,SKU_D,5,198
437,Supplier,W1,SKU_E,5,141
437,Supplier,W2,SKU_A,6,313
437,Supplier,W2,SKU_B,6,104
437,Supplier,W2,SKU_C,6,127
437,Supplier,W2,SKU_D,6,174
437,Supplier,W2,SKU_E,6,101
437,W1,R1,SKU_A,2,443
437,W1,R1,SKU_B,2,49
437,W1,R1,SKU_C,2,70
437,W1,R1,SKU_D,2,247
437,W1,R1,SKU_E,2,49
437,W1,R2,SKU_A,3,78
437,W1,R2,SKU_B,3,49
437,W1,R2,SKU_C,3,43
437,W1,R2,SKU_E,3,37
437,W2,R3,SKU_A,4,213
437,W2,R3,SKU_B,4,52
437,W2,R3,SKU_C,4,92
437,W2,R3,SKU_D,4,152
437,W2,R3,SKU_E,4,74
438,Supplier,W2,SKU_A,6,191
438,Supplier,W2,SKU_B,6,82
438,Supplier,W2,SKU_C,6,92
438,Supplier,W2,SKU_D,6,120
438,Supplier,W2,SKU_E,6,78
438,W1,R2,SKU_B,3,27
438,W1,R2,SKU_C,3,27
438,W1,R2,SKU_E,3,37
438,W2,R3,SKU_A,4,244
438,W2,R3,SKU_B,4,100
438,W2,R3,SKU_C,4,117
438,W2,R3,SKU_D,4,133
438,W2,R3,SKU_E,4,84
439,Supplier,W1,SKU_A,5,440
439,Supplier,W1,SKU_B,5,186
439,Supplier,W1,SKU_C,5,190
439,Supplier,W1,SKU_D,5,226
439,Supplier,W1,SKU_E,5,166
439,Supplier,W2,SKU_A,6,200
439,Supplier,W2,SKU_B,6,41
439,Supplier,W2,SKU_C,6,117
439,Supplier,W2,SKU_D,6,122
439,Supplier,W2,SKU_E,6,64
439,W1,R1,SKU_B,2,117
439,W1,R1,SKU_C,2,116
439,W1,R1,SKU_E,2,93
439,W1,R1,SKU_A,2,283
439,W1,R1,SKU_D,2,145
439,W1,R2,SKU_A,3,249
439,W1,R2,SKU_B,3,34
439,W1,R2,SKU_C,3,28
439,W1,R2,SKU_D,3,114
439,W1,R2,SKU_E,3,40
439,W2,R3,SKU_A,4,238
439,W2,R3,SKU_B,4,53
439,W2,R3,SKU_C,4,122
439,W2,R3,SKU_D,4,104
439,W2,R3,SKU_E,4,59
440,Supplier,W2,SKU_A,6,230
440,Supplier,W2,SKU_B,6,73
440,Supplier,W2,SKU_C,6,122
440,Supplier,W2,SKU_D,6,135
440,Supplier,W2,SKU_E,6,75
440,W1,R2,SKU_B,3,44
440,W1,R2,SKU_C,3,32
440,W1,R2,SKU_E,3,41
440,W2,R3,SKU_A,4,251
440,W2,R3,SKU_B,4,93
440,W2,R3,SKU_C,4,133
440,W2,R3,SKU_D,4,143
440,W2,R3,SKU_E,4,81
441,Supplier,W1,SKU_A,5,434
441,Supplier,W1,SKU_B,5,192
441,Supplier,W1,SKU_C,5,198
441,Supplier,W1,SKU_D,5,240
441,Supplier,W1,SKU_E,5,190
441,Supplier,W2,SKU_A,6,251
441,Supplier,W2,SKU_B,6,62
441,Supplier,W2,SKU_C,6,133
441,Supplier,W2,SKU_D,6,158
441,Supplier,W2,SKU_E,6,86
441,W1,R1,SKU_B,2,158
441,W1,R1,SKU_C,2,148
441,W1,R1,SKU_E,2,106
441,W1,R1,SKU_A,2,313
441,W1,R1,SKU_D,2,174
441,W1,R2,SKU_A,3,237
441,W1,R2,SKU_B,3,31
441,W1,R2,SKU_C,3,38
441,W1,R2,SKU_D,3,161
441,W1,R2,SKU_E,3,39
441,W2,R3,SKU_A,4,274
441,W2,R3,SKU_B,4,99
441,W2,R3,SKU_C,4,129
441,W2,R3,SKU_D,4,203
441,W2,R3,SKU_E,4,113
442,Supplier,W2,SKU_A,6,274
442,Supplier,W2,SKU_B,6,74
442,Supplier,W2,SKU_C,6,129
442,Supplier,W2,SKU_D,6,181
442,Supplier,W2,SKU_E,6,90
442,W1,R1,SKU_A,2,224
442,W1,R1,SKU_B,2,104
442,W1,R1,SKU_C,2,107
442,W1,R1,SKU_D,2,109
442,W1,R1,SKU_E,2,76
442,W1,R2,SKU_A,3,97
442,W1,R2,SKU_B,3,61
442,W1,R2,SKU_C,3,60
442,W1,R2,SKU_D,3,61
442,W1,R2,SKU_E,3,57
442,W2,R3,SKU_A,4,322
442,W2,R3,SKU_B,4,98
442,W2,R3,SKU_C,4,186
442,W2,R3,SKU_D,4,246
442,W2,R3,SKU_E,4,88
443,Supplier,W1,SKU_A,5,584
443,Supplier,W1,SKU_B,5,296
443,Supplier,W1,SKU_C,5,281
443,Supplier,W1,SKU_D,5,291
443,Supplier,W1,SKU_E,5,219
443,Supplier,W2,SKU_A,6,322
443,Supplier,W2,SKU_B,6,98
443,Supplier,W2,SKU_C,6,186
443,Supplier,W2,SKU_D,6,192
443,Supplier,W2,SKU_E,6,81
443,W1,R1,SKU_A,2,232
443,W1,R1,SKU_B,2,96
443,W1,R1,SKU_C,2,130
443,W1,R1,SKU_D,2,68
443,W1,R1,SKU_E,2,69
443,W1,R2,SKU_A,3,46
443,W1,R2,SKU_B,3,54
443,W1,R2,SKU_C,3,48
443,W1,R2,SKU_E,3,45
443,W2,R3,SKU_A,4,328
443,W2,R3,SKU_B,4,79
443,W2,R3,SKU_C,4,162
443,W2,R3,SKU_D,4,174
443,W2,R3,SKU_E,4,89
444,Supplier,W2,SKU_A,6,328
444,Supplier,W2,SKU_B,6,79
444,Supplier,W2,SKU_C,6,162
444,Supplier,W2,SKU_D,6,204
444,Supplier,W2,SKU_E,6,89
444,W1,R1,SKU_A,2,124
444,W1,R1,SKU_B,2,51
444,W1,R1,SKU_C,2,61
444,W1,R1,SKU_D,2,119
444,W1,R1,SKU_E,2,46
444,W1,R2,SKU_A,3,121
444,W1,R2,SKU_B,3,34
444,W1,R2,SKU_C,3,45
444,W1,R2,SKU_D,3,73
444,W1,R2,SKU_E,3,46
444,W2,R3,SKU_A,4,161
444,W2,R3,SKU_B,4,40
444,W2,R3,SKU_C,4,73
444,W2,R3,SKU_D,4,120
444,W2,R3,SKU_E,4,57
445,Supplier,W1,SKU_A,5,523
445,Supplier,W1,SKU_B,5,235
445,Supplier,W1,SKU_C,5,284
445,Supplier,W1,SKU_D,5,260
445,Supplier,W1,SKU_E,5,206
445,Supplier,W2,SKU_A,6,161
445,Supplier,W2,SKU_B,6,40
445,Supplier,W2,SKU_C,6,73
445,Supplier,W2,SKU_D,6,100
445,Supplier,W2,SKU_E,6,57
445,W1,R2,SKU_A,3,33
445,W1,R2,SKU_B,3,36
445,W1,R2,SKU_C,3,46
445,W1,R2,SKU_E,3,54
445,W2,R3,SKU_A,4,201
445,W2,R3,SKU_B,4,63
445,W2,R3,SKU_C,4,82
445,W2,R3,SKU_D,4,122
445,W2,R3,SKU_E,4,60
446,Supplier,W2,SKU_A,6,201
446,Supplier,W2,SKU_B,6,63
446,Supplier,W2,SKU_C,6,82
446,Supplier,W2,SKU_D,6,120
446,Supplier,W2,SKU_E,6,60
446,W1,R1,SKU_A,2,306
446,W1,R1,SKU_B,2,120
446,W1,R1,SKU_C,2,111
446,W1,R1,SKU_D,2,138
446,W1,R1,SKU_E,2,103
446,W1,R2,SKU_A,3,130
446,W1,R2,SKU_B,3,39
446,W1,R2,SKU_C,3,36
446,W1,R2,SKU_D,3,66
446,W1,R2,SKU_E,3,48
446,W2,R3,SKU_A,4,216
446,W2,R3,SKU_B,4,70
446,W2,R3,SKU_C,4,86
446,W2,R3,SKU_D,4,135
446,W2,R3,SKU_E,4,62
447,Supplier,W1,SKU_A,5,469
447,Supplier,W1,SKU_B,5,195
447,Supplier,W1,SKU_C,5,193
447,Supplier,W1,SKU_D,5,204
447,Supplier,W1,SKU_E,5,205
447,Supplier,W2,SKU_A,6,216
447,Supplier,W2,SKU_B,6,70
447,Supplier,W2,SKU_C,6,86
447,Supplier,W2,SKU_D,6,116
447,Supplier,W2,SKU_E,6,62
447,W1,R1,SKU_A,2,153
447,W1,R1,SKU_B,2,79
447,W1,R1,SKU_C,2,69
447,W1,R1,SKU_D,2,70
447,W1,R1,SKU_E,2,51
447,W1,R2,SKU_A,3,7
447,W1,R2,SKU_B,3,37
447,W1,R2,SKU_C,3,46
447,W1,R2,SKU_E,3,50
447,W2,R3,SKU_A,4,209
447,W2,R3,SKU_B,4,69
447,W2,R3,SKU_C,4,89
447,W2,R3,SKU_D,4,113
447,W2,R3,SKU_E,4,64
448,Supplier,W2,SKU_A,6,209
448,Supplier,W2,SKU_B,6,69
448,Supplier,W2,SKU_C,6,89
448,Supplier,W2,SKU_D,6,88
448,Supplier,W2,SKU_E,6,64
448,W1,R1,SKU_A,2,173
448,W1,R1,SKU_B,2,64
448,W1,R1,SKU_C,2,93
448,W1,R1,SKU_D,2,76
448,W1,R1,SKU_E,2,38
448,W1,R2,SKU_A,3,163
448,W1,R2,SKU_B,3,51
448,W1,R2,SKU_C,3,75
448,W1,R2,SKU_D,3,78
448,W1,R2,SKU_E,3,43
448,W2,R3,SKU_A,4,198
448,W2,R3,SKU_B,4,72
448,W2,R3,SKU_C,4,94
448,W2,R3,SKU_D,4,98
448,W2,R3,SKU_E,4,78
449,Supplier,W1,SKU_A,5,496
449,Supplier,W1,SKU_B,5,231
449,Supplier,W1,SKU_C,5,283
449,Supplier,W1,SKU_D,5,224
449,Supplier,W1,SKU_E,5,182
449,Supplier,W2,SKU_A,6,198
449,Supplier,W2,SKU_B,6,72
449,Supplier,W2,SKU_C,6,94
449,Supplier,W2,SKU_D,6,98
449,Supplier,W2,SKU_E,6,78
449,W1,R1,SKU_A,2,228
449,W1,R1,SKU_B,2,109
449,W1,R1,SKU_C,2,170
449,W1,R1,SKU_D,2,109
449,W1,R1,SKU_E,2,73
449,W1,R2,SKU_A,3,20
449,W1,R2,SKU_B,3,72
449,W1,R2,SKU_C,3,110
449,W1,R2,SKU_D,3,28
449,W1,R2,SKU_E,3,60
449,W2,R3,SKU_A,4,286
449,W2,R3,SKU_B,4,89
449,W2,R3,SKU_C,4,183
449,W2,R3,SKU_D,4,179
449,W2,R3,SKU_E,4,94
450,Supplier,W1,SKU_A,5,353
450,Supplier,W1,SKU_B,5,181
450,Supplier,W1,SKU_C,5,280
450,Supplier,W1,SKU_D,5,178
450,Supplier,W1,SKU_E,5,133
450,Supplier,W2,SKU_A,6,286
450,Supplier,W2,SKU_B,6,89
450,Supplier,W2,SKU_C,6,183
450,Supplier,W2,SKU_D,6,179
450,Supplier,W2,SKU_E,6,94
450,W1,R1,SKU_A,2,210
450,W1,R1,SKU_B,2,114
450,W1,R1,SKU_C,2,99
450,W1,R1,SKU_D,2,113
450,W1,R1,SKU_E,2,71
450,W1,R2,SKU_A,3,182
450,W1,R2,SKU_B,3,59
450,W1,R2,SKU_C,3,77
450,W1,R2,SKU_D,3,94
450,W1,R2,SKU_E,3,61
450,W2,R3,SKU_A,4,278
450,W2,R3,SKU_B,4,93
450,W2,R3,SKU_C,4,166
450,W2,R3,SKU_D,4,171
450,W2,R3,SKU_E,4,81
451,Supplier,W1,SKU_A,5,287
451,Supplier,W1,SKU_B,5,173
451,Supplier,W1,SKU_C,5,176
451,Supplier,W1,SKU_D,5,166
451,Supplier,W1,SKU_E,5,132
451,Supplier,W2,SKU_A,6,278
451,Supplier,W2,SKU_B,6,93
451,Supplier,W2,SKU_C,6,166
451,Supplier,W2,SKU_D,6,171
451,Supplier,W2,SKU_E,6,81
451,W1,R2,SKU_A,3,2
451,W1,R2,SKU_B,3,26
451,W1,R2,SKU_C,3,36
451,W1,R2,SKU_E,3,31
451,W2,R3,SKU_A,4,209
451,W2,R3,SKU_B,4,38
451,W2,R3,SKU_C,4,109
451,W2,R3,SKU_D,4,107
451,W2,R3,SKU_E,4,59
452,Supplier,W2,SKU_A,6,209
452,Supplier,W2,SKU_B,6,38
452,Supplier,W2,SKU_C,6,109
452,Supplier,W2,SKU_D,6,107
452,Supplier,W2,SKU_E,6,59
452,W1,R1,SKU_A,2,276
452,W1,R1,SKU_B,2,133
452,W1,R1,SKU_C,2,126
452,W1,R1,SKU_D,2,142
452,W1,R1,SKU_E,2,86
452,W1,R2,SKU_A,3,161
452,W1,R2,SKU_B,3,33
452,W1,R2,SKU_C,3,48
452,W1,R2,SKU_D,3,62
452,W1,R2,SKU_E,3,35
452,W2,R3,SKU_A,4,183
452,W2,R3,SKU_B,4,60
452,W2,R3,SKU_C,4,103
452,W2,R3,SKU_D,4,93
452,W2,R3,SKU_E,4,66
453,Supplier,W1,SKU_A,5,439
453,Supplier,W1,SKU_B,5,192
453,Supplier,W1,SKU_C,5,210
453,Supplier,W1,SKU_D,5,204
453,Supplier,W1,SKU_E,5,152
453,Supplier,W2,SKU_A,6,183
453,Supplier,W2,SKU_B,6,60
453,Supplier,W2,SKU_C,6,103
453,Supplier,W2,SKU_D,6,93
453,Supplier,W2,SKU_E,6,66
453,W1,R2,SKU_A,3,27
453,W1,R2,SKU_B,3,26
453,W1,R2,SKU_C,3,30
453,W1,R2,SKU_D,3,1
453,W1,R2,SKU_E,3,38
453,W2,R3,SKU_A,4,195
453,W2,R3,SKU_B,4,55
453,W2,R3,SKU_C,4,90
453,W2,R3,SKU_D,4,103
453,W2,R3,SKU_E,4,50
454,Supplier,W2,SKU_A,6,195
454,Supplier,W2,SKU_B,6,55
454,Supplier,W2,SKU_C,6,90
454,Supplier,W2,SKU_D,6,103
454,Supplier,W2,SKU_E,6,50
454,W1,R1,SKU_A,2,293
454,W1,R1,SKU_B,2,112
454,W1,R1,SKU_C,2,108
454,W1,R1,SKU_D,2,113
454,W1,R1,SKU_E,2,98
454,W1,R2,SKU_A,3,129
454,W1,R2,SKU_B,3,30
454,W1,R2,SKU_C,3,28
454,W1,R2,SKU_D,3,48
454,W1,R2,SKU_E,3,43
454,W2,R3,SKU_A,4,198
454,W2,R3,SKU_B,4,53
454,W2,R3,SKU_C,4,129
454,W2,R3,SKU_D,4,104
454,W2,R3,SKU_E,4,59
455,Supplier,W1,SKU_A,5,449
455,Supplier,W1,SKU_B,5,168
455,Supplier,W1,SKU_C,5,166
455,Supplier,W1,SKU_D,5,162
455,Supplier,W1,SKU_E,5,179
455,Supplier,W2,SKU_A,6,198
455,Supplier,W2,SKU_B,6,53
455,Supplier,W2,SKU_C,6,129
455,Supplier,W2,SKU_D,6,104
455,Supplier,W2,SKU_E,6,59
455,W1,R1,SKU_A,2,145
455,W1,R1,SKU_B,2,66
455,W1,R1,SKU_C,2,80
455,W1,R1,SKU_D,2,51
455,W1,R1,SKU_E,2,49
455,W1,R2,SKU_A,3,73
455,W1,R2,SKU_B,3,44
455,W1,R2,SKU_C,3,61
455,W1,R2,SKU_D,3,45
455,W1,R2,SKU_E,3,43
455,W2,R3,SKU_A,4,201
455,W2,R3,SKU_B,4,60
455,W2,R3,SKU_C,4,134
455,W2,R3,SKU_D,4,135
455,W2,R3,SKU_E,4,68
456,Supplier,W2,SKU_A,6,201
456,Supplier,W2,SKU_B,6,60
456,Supplier,W2,SKU_C,6,134
456,Supplier,W2,SKU_D,6,135
456,Supplier,W2,SKU_E,6,68
456,W1,R1,SKU_A,2,185
456,W1,R1,SKU_B,2,108
456,W1,R1,SKU_C,2,125
456,W1,R1,SKU_D,2,97
456,W1,R1,SKU_E,2,53
456,W1,R2,SKU_A,3,102
456,W1,R2,SKU_B,3,35
456,W1,R2,SKU_C,3,70
456,W1,R2,SKU_D,3,49
456,W1,R2,SKU_E,3,60
456,W2,R3,SKU_A,4,250
456,W2,R3,SKU_B,4,89
456,W2,R3,SKU_C,4,185
456,W2,R3,SKU_D,4,169
456,W2,R3,SKU_E,4,93
457,Supplier,W1,SKU_A,5,505
457,Supplier,W1,SKU_B,5,253
457,Supplier,W1,SKU_C,5,336
457,Supplier,W1,SKU_D,5,242
457,Supplier,W1,SKU_E,5,205
457,Supplier,W2,SKU_A,6,250
457,Supplier,W2,SKU_B,6,89
457,Supplier,W2,SKU_C,6,185
457,Supplier,W2,SKU_D,6,169
457,Supplier,W2,SKU_E,6,93
457,W1,R1,SKU_A,2,230
457,W1,R1,SKU_B,2,126
457,W1,R1,SKU_C,2,98
457,W1,R1,SKU_D,2,100
457,W1,R1,SKU_E,2,48
457,W1,R2,SKU_A,3,98
457,W1,R2,SKU_B,3,34
457,W1,R2,SKU_C,3,78
457,W1,R2,SKU_D,3,36
457,W1,R2,SKU_E,3,39
457,W2,R3,SKU_A,4,283
457,W2,R3,SKU_B,4,84
457,W2,R3,SKU_C,4,141
457,W2,R3,SKU_D,4,164
457,W2,R3,SKU_E,4,85
458,Supplier,W2,SKU_A,6,283
458,Supplier,W2,SKU_B,6,84
458,Supplier,W2,SKU_C,6,141
458,Supplier,W2,SKU_D,6,164
458,Supplier,W2,SKU_E,6,85
458,W1,R1,SKU_A,2,119
458,W1,R1,SKU_B,2,60
458,W1,R1,SKU_C,2,85
458,W1,R1,SKU_D,2,75
458,W1,R1,SKU_E,2,48
458,W1,R2,SKU_A,3,88
458,W1,R2,SKU_B,3,41
458,W1,R2,SKU_C,3,30
458,W1,R2,SKU_D,3,40
458,W1,R2,SKU_E,3,51
458,W2,R3,SKU_A,4,224
458,W2,R3,SKU_B,4,62
458,W2,R3,SKU_C,4,95
458,W2,R3,SKU_D,4,103
458,W2,R3,SKU_E,4,71
459,Supplier,W1,SKU_A,5,535
459,Supplier,W1,SKU_B,5,261
459,Supplier,W1,SKU_C,5,291
459,Supplier,W1,SKU_D,5,251
459,Supplier,W1,SKU_E,5,186
459,Supplier,W2,SKU_A,6,224
459,Supplier,W2,SKU_B,6,62
459,Supplier,W2,SKU_C,6,95
459,Supplier,W2,SKU_D,6,103
459,Supplier,W2,SKU_E,6,71
459,W1,R1,SKU_A,2,137
459,W1,R1,SKU_B,2,63
459,W1,R1,SKU_C,2,67
459,W1,R1,SKU_D,2,80
459,W1,R1,SKU_E,2,43
459,W1,R2,SKU_A,3,78
459,W1,R2,SKU_B,3,44
459,W1,R2,SKU_C,3,53
459,W1,R2,SKU_D,3,36
459,W1,R2,SKU_E,3,52
459,W2,R3,SKU_A,4,249
459,W2,R3,SKU_B,4,66
459,W2,R3,SKU_C,4,131
459,W2,R3,SKU_D,4,129
459,W2,R3,SKU_E,4,91
460,Supplier,W2,SKU_A,6,249
460,Supplier,W2,SKU_B,6,66
460,Supplier,W2,SKU_C,6,131
460,Supplier,W2,SKU_D,6,129
460,Supplier,W2,SKU_E,6,91
460,W1,R1,SKU_A,2,133
460,W1,R1,SKU_B,2,62
460,W1,R1,SKU_C,2,74
460,W1,R1,SKU_D,2,81
460,W1,R1,SKU_E,2,48
460,W1,R2,SKU_A,3,91
460,W1,R2,SKU_B,3,47
460,W1,R2,SKU_C,3,48
460,W1,R2,SKU_D,3,37
460,W1,R2,SKU_E,3,54
460,W2,R3,SKU_A,4,248
460,W2,R3,SKU_B,4,82
460,W2,R3,SKU_C,4,158
460,W2,R3,SKU_D,4,168
460,W2,R3,SKU_E,4,72
461,Supplier,W1,SKU_A,5,439
461,Supplier,W1,SKU_B,5,216
461,Supplier,W1,SKU_C,5,242
461,Supplier,W1,SKU_D,5,234
461,Supplier,W1,SKU_E,5,197
461,Supplier,W2,SKU_A,6,248
461,Supplier,W2,SKU_B,6,82
461,Supplier,W2,SKU_C,6,158
461,Supplier,W2,SKU_D,6,168
461,Supplier,W2,SKU_E,6,72
461,W1,R1,SKU_A,2,157
461,W1,R1,SKU_B,2,73
461,W1,R1,SKU_C,2,82
461,W1,R1,SKU_D,2,98
461,W1,R1,SKU_E,2,49
461,W1,R2,SKU_A,3,100
461,W1,R2,SKU_B,3,52
461,W1,R2,SKU_C,3,42
461,W1,R2,SKU_E,3,55
461,W2,R3,SKU_A,4,265
461,W2,R3,SKU_B,4,73
461,W2,R3,SKU_C,4,165
461,W2,R3,SKU_D,4,168
461,W2,R3,SKU_E,4,71
462,Supplier,W2,SKU_A,6,265
462,Supplier,W2,SKU_B,6,73
462,Supplier,W2,SKU_C,6,165
462,Supplier,W2,SKU_D,6,168
462,Supplier,W2,SKU_E,6,71
462,W1,R1,SKU_A,2,171
462,W1,R1,SKU_B,2,83
462,W1,R1,SKU_C,2,87
462,W1,R1,SKU_D,2,89
462,W1,R1,SKU_E,2,73
462,W1,R2,SKU_A,3,106
462,W1,R2,SKU_B,3,46
462,W1,R2,SKU_C,3,62
462,W1,R2,SKU_D,3,72
462,W1,R2,SKU_E,3,39
462,W2,R3,SKU_A,4,264
462,W2,R3,SKU_B,4,65
462,W2,R3,SKU_C,4,158
462,W2,R3,SKU_D,4,145
462,W2,R3,SKU_E,4,79
463,Supplier,W1,SKU_A,5,534
463,Supplier,W1,SKU_B,5,254
463,Supplier,W1,SKU_C,5,273
463,Supplier,W1,SKU_D,5,259
463,Supplier,W1,SKU_E,5,216
463,Supplier,W2,SKU_A,6,264
463,Supplier,W2,SKU_B,6,65
463,Supplier,W2,SKU_C,6,158
463,Supplier,W2,SKU_D,6,147
463,Supplier,W2,SKU_E,6,79
463,W1,R1,SKU_A,2,225
463,W1,R1,SKU_B,2,141
463,W1,R1,SKU_C,2,143
463,W1,R1,SKU_D,2,81
463,W1,R1,SKU_E,2,91
463,W1,R2,SKU_A,3,3
463,W1,R2,SKU_B,3,37
463,W1,R2,SKU_C,3,56
463,W1,R2,SKU_E,3,57
463,W2,R3,SKU_A,4,290
463,W2,R3,SKU_B,4,113
463,W2,R3,SKU_C,4,171
463,W2,R3,SKU_D,4,160
463,W2,R3,SKU_E,4,90
464,Supplier,W1,SKU_A,5,330
464,Supplier,W1,SKU_B,5,178
464,Supplier,W1,SKU_C,5,199
464,Supplier,W1,SKU_D,5,151
464,Supplier,W1,SKU_E,5,148
464,Supplier,W2,SKU_A,6,290
464,Supplier,W2,SKU_B,6,113
464,Supplier,W2,SKU_C,6,171
464,Supplier,W2,SKU_D,6,158
464,Supplier,W2,SKU_E,6,90
464,W1,R1,SKU_A,2,257
464,W1,R1,SKU_B,2,103
464,W1,R1,SKU_C,2,145
464,W1,R1,SKU_D,2,148
464,W1,R1,SKU_E,2,69
464,W1,R2,SKU_A,3,211
464,W1,R2,SKU_B,3,48
464,W1,R2,SKU_C,3,65
464,W1,R2,SKU_D,3,90
464,W1,R2,SKU_E,3,60
464,W2,R3,SKU_A,4,272
464,W2,R3,SKU_B,4,85
464,W2,R3,SKU_C,4,154
464,W2,R3,SKU_D,4,173
464,W2,R3,SKU_E,4,84
465,Supplier,W1,SKU_A,5,366
465,Supplier,W1,SKU_B,5,151
465,Supplier,W1,SKU_C,5,210
465,Supplier,W1,SKU_D,5,168
465,Supplier,W1,SKU_E,5,129
465,Supplier,W2,SKU_A,6,272
465,Supplier,W2,SKU_B,6,85
465,Supplier,W2,SKU_C,6,154
465,Supplier,W2,SKU_D,6,204
465,Supplier,W2,SKU_E,6,84
465,W1,R2,SKU_B,3,51
465,W1,R2,SKU_C,3,73
465,W1,R2,SKU_E,3,9
465,W2,R3,SKU_A,4,239
465,W2,R3,SKU_B,4,71
465,W2,R3,SKU_C,4,130
465,W2,R3,SKU_D,4,103
465,W2,R3,SKU_E,4,73
466,Supplier,W2,SKU_A,6,239
466,Supplier,W2,SKU_B,6,71
466,Supplier,W2,SKU_C,6,130
466,Supplier,W2,SKU_D,6,159
466,Supplier,W2,SKU_E,6,73
466,W1,R1,SKU_A,2,303
466,W1,R1,SKU_B,2,149
466,W1,R1,SKU_C,2,183
466,W1,R1,SKU_D,2,167
466,W1,R1,SKU_E,2,86
466,W1,R2,SKU_A,3,203
466,W1,R2,SKU_B,3,53
466,W1,R2,SKU_C,3,79
466,W1,R2,SKU_D,3,80
466,W1,R2,SKU_E,3,112
466,W2,R3,SKU_A,4,207
466,W2,R3,SKU_B,4,66
466,W2,R3,SKU_C,4,96
466,W2,R3,SKU_D,4,129
466,W2,R3,SKU_E,4,92
467,Supplier,W1,SKU_A,5,531
467,Supplier,W1,SKU_B,5,253
467,Supplier,W1,SKU_C,5,335
467,Supplier,W1,SKU_D,5,248
467,Supplier,W1,SKU_E,5,207
467,Supplier,W2,SKU_A,6,207
467,Supplier,W2,SKU_B,6,66
467,Supplier,W2,SKU_C,6,96
467,Supplier,W2,SKU_D,6,113
467,Supplier,W2,SKU_E,6,92
467,W2,R3,SKU_A,4,231
467,W2,R3,SKU_B,4,50
467,W2,R3,SKU_C,4,115
467,W2,R3,SKU_D,4,168
467,W2,R3,SKU_E,4,74
468,Supplier,W2,SKU_A,6,231
468,Supplier,W2,SKU_B,6,50
468,Supplier,W2,SKU_C,6,115
468,Supplier,W2,SKU_D,6,153
468,Supplier,W2,SKU_E,6,74
468,W1,R1,SKU_B,2,143
468,W1,R1,SKU_C,2,192
468,W1,R1,SKU_E,2,108
468,W1,R1,SKU_A,2,325
468,W1,R1,SKU_D,2,176
468,W1,R2,SKU_B,3,117
468,W1,R2,SKU_A,3,209
468,W1,R2,SKU_C,3,96
468,W1,R2,SKU_D,3,83
468,W1,R2,SKU_E,3,89
468,W2,R3,SKU_A,4,212
468,W2,R3,SKU_B,4,80
468,W2,R3,SKU_C,4,114
468,W2,R3,SKU_D,4,168
468,W2,R3,SKU_E,4,81
469,Supplier,W1,SKU_A,5,528
469,Supplier,W1,SKU_B,5,260
469,Supplier,W1,SKU_C,5,288
469,Supplier,W1,SKU_D,5,261
469,Supplier,W1,SKU_E,5,197
469,Supplier,W2,SKU_A,6,212
469,Supplier,W2,SKU_B,6,80
469,Supplier,W2,SKU_C,6,114
469,Supplier,W2,SKU_D,6,129
469,Supplier,W2,SKU_E,6,81
469,W1,R1,SKU_A,2,174
469,W1,R1,SKU_B,2,80
469,W1,R1,SKU_C,2,140
469,W1,R1,SKU_D,2,110
469,W1,R1,SKU_E,2,59
469,W1,R2,SKU_A,3,127
469,W1,R2,SKU_B,3,87
469,W1,R2,SKU_C,3,69
469,W1,R2,SKU_D,3,41
469,W1,R2,SKU_E,3,78
469,W2,R3,SKU_A,4,228
469,W2,R3,SKU_B,4,104
469,W2,R3,SKU_C,4,127
469,W2,R3,SKU_D,4,147
469,W2,R3,SKU_E,4,111
470,Supplier,W1,SKU_A,5,282
470,Supplier,W1,SKU_B,5,167
470,Supplier,W1,SKU_C,5,209
470,Supplier,W1,SKU_D,5,153
470,Supplier,W1,SKU_E,5,137
470,Supplier,W2,SKU_A,6,228
470,Supplier,W2,SKU_B,6,104
470,Supplier,W2,SKU_C,6,127
470,Supplier,W2,SKU_D,6,162
470,Supplier,W2,SKU_E,6,111
470,W1,R1,SKU_A,2,253
470,W1,R1,SKU_B,2,133
470,W1,R1,SKU_C,2,159
470,W1,R1,SKU_D,2,142
470,W1,R1,SKU_E,2,84
470,W1,R2,SKU_A,3,104
470,W1,R2,SKU_B,3,90
470,W1,R2,SKU_C,3,68
470,W1,R2,SKU_D,3,26
470,W1,R2,SKU_E,3,65
470,W2,R3,SKU_A,4,373
470,W2,R3,SKU_B,4,109
470,W2,R3,SKU_C,4,175
470,W2,R3,SKU_D,4,158
470,W2,R3,SKU_E,4,112
471,Supplier,W1,SKU_A,5,357
471,Supplier,W1,SKU_B,5,223
471,Supplier,W1,SKU_C,5,227
471,Supplier,W1,SKU_D,5,197
471,Supplier,W1,SKU_E,5,149
471,Supplier,W2,SKU_A,6,373
471,Supplier,W2,SKU_B,6,109
471,Supplier,W2,SKU_C,6,175
471,Supplier,W2,SKU_D,6,240
471,Supplier,W2,SKU_E,6,112
471,W2,R3,SKU_A,4,359
471,W2,R3,SKU_B,4,99
471,W2,R3,SKU_C,4,178
471,W2,R3,SKU_D,4,204
471,W2,R3,SKU_E,4,98
472,Supplier,W1,SKU_A,5,297
472,Supplier,W1,SKU_B,5,179
472,Supplier,W1,SKU_C,5,186
472,Supplier,W1,SKU_D,5,169
472,Supplier,W1,SKU_E,5,114
472,Supplier,W2,SKU_A,6,379
472,Supplier,W2,SKU_B,6,99
472,Supplier,W2,SKU_C,6,178
472,Supplier,W2,SKU_D,6,211
472,Supplier,W2,SKU_E,6,98
472,W1,R1,SKU_A,2,379
472,W1,R1,SKU_B,2,162
472,W1,R1,SKU_C,2,204
472,W1,R1,SKU_E,2,122
472,W1,R1,SKU_D,2,208
472,W1,R2,SKU_A,3,182
472,W1,R2,SKU_B,3,120
472,W1,R2,SKU_C,3,109
472,W1,R2,SKU_D,3,40
472,W1,R2,SKU_E,3,87
472,W2,R3,SKU_A,4,239
472,W2,R3,SKU_B,4,99
472,W2,R3,SKU_C,4,147
472,W2,R3,SKU_D,4,159
472,W2,R3,SKU_E,4,80
473,Supplier,W2,SKU_A,6,256
473,Supplier,W2,SKU_B,6,99
473,Supplier,W2,SKU_C,6,147
473,Supplier,W2,SKU_D,6,130
473,Supplier,W2,SKU_E,6,84
473,W2,R3,SKU_A,4,207
473,W2,R3,SKU_B,4,52
473,W2,R3,SKU_C,4,122
473,W2,R3,SKU_D,4,113
473,W2,R3,SKU_E,4,92
474,Supplier,W1,SKU_A,5,494
474,Supplier,W1,SKU_B,5,217
474,Supplier,W1,SKU_C,5,271
474,Supplier,W1,SKU_D,5,234
474,Supplier,W1,SKU_E,5,209
474,Supplier,W2,SKU_A,6,229
474,Supplier,W2,SKU_B,6,52
474,Supplier,W2,SKU_C,6,122
474,Supplier,W2,SKU_D,6,137
474,Supplier,W2,SKU_E,6,93
474,W1,R1,SKU_A,2,294
474,W1,R1,SKU_B,2,128
474,W1,R1,SKU_C,2,190
474,W1,R1,SKU_E,2,108
474,W1,R1,SKU_D,2,141
474,W1,R2,SKU_E,3,101
474,W1,R2,SKU_A,3,166
474,W1,R2,SKU_B,3,98
474,W1,R2,SKU_C,3,110
474,W1,R2,SKU_D,3,120
474,W2,R3,SKU_A,4,231
474,W2,R3,SKU_B,4,47
474,W2,R3,SKU_C,4,123
474,W2,R3,SKU_D,4,153
474,W2,R3,SKU_E,4,74
475,Supplier,W2,SKU_A,6,227
475,Supplier,W2,SKU_B,6,47
475,Supplier,W2,SKU_C,6,123
475,Supplier,W2,SKU_D,6,104
475,Supplier,W2,SKU_E,6,93
475,W1,R1,SKU_A,2,151
475,W1,R1,SKU_B,2,76
475,W1,R1,SKU_C,2,90
475,W1,R1,SKU_D,2,64
475,W1,R1,SKU_E,2,47
475,W1,R2,SKU_A,3,70
475,W1,R2,SKU_B,3,41
475,W1,R2,SKU_C,3,39
475,W1,R2,SKU_D,3,71
475,W1,R2,SKU_E,3,36
475,W2,R3,SKU_A,4,212
475,W2,R3,SKU_B,4,57
475,W2,R3,SKU_C,4,130
475,W2,R3,SKU_D,4,129
475,W2,R3,SKU_E,4,81
476,Supplier,W1,SKU_A,5,451
476,Supplier,W1,SKU_B,5,229
476,Supplier,W1,SKU_C,5,285
476,Supplier,W1,SKU_D,5,207
476,Supplier,W1,SKU_E,5,178
476,Supplier,W2,SKU_A,6,232
476,Supplier,W2,SKU_B,6,57
476,Supplier,W2,SKU_C,6,130
476,Supplier,W2,SKU_D,6,144
476,Supplier,W2,SKU_E,6,75
476,W1,R1,SKU_A,2,179
476,W1,R1,SKU_B,2,77
476,W1,R1,SKU_C,2,108
476,W1,R1,SKU_D,2,72
476,W1,R1,SKU_E,2,60
476,W1,R2,SKU_A,3,103
476,W1,R2,SKU_B,3,51
476,W1,R2,SKU_C,3,62
476,W1,R2,SKU_D,3,35
476,W1,R2,SKU_E,3,51
476,W2,R3,SKU_A,4,228
476,W2,R3,SKU_B,4,77
476,W2,R3,SKU_C,4,147
476,W2,R3,SKU_D,4,162
476,W2,R3,SKU_E,4,111
477,Supplier,W2,SKU_A,6,236
477,Supplier,W2,SKU_B,6,77
477,Supplier,W2,SKU_C,6,147
477,Supplier,W2,SKU_D,6,172
477,Supplier,W2,SKU_E,6,94
477,W1,R1,SKU_A,2,245
477,W1,R1,SKU_B,2,157
477,W1,R1,SKU_C,2,145
477,W1,R1,SKU_D,2,114
477,W1,R1,SKU_E,2,70
477,W1,R2,SKU_A,3,112
477,W1,R2,SKU_B,3,94
477,W1,R2,SKU_C,3,74
477,W1,R2,SKU_D,3,42
477,W1,R2,SKU_E,3,52
477,W2,R3,SKU_A,4,373
477,W2,R3,SKU_B,4,75
477,W2,R3,SKU_C,4,176
477,W2,R3,SKU_D,4,240
477,W2,R3,SKU_E,4,85
478,Supplier,W1,SKU_A,5,639
478,Supplier,W1,SKU_B,5,379
478,Supplier,W1,SKU_C,5,389
478,Supplier,W1,SKU_D,5,263
478,Supplier,W1,SKU_E,5,233
478,Supplier,W2,SKU_A,6,339
478,Supplier,W2,SKU_B,6,75
478,Supplier,W2,SKU_C,6,176
478,Supplier,W2,SKU_D,6,188
478,Supplier,W2,SKU_E,6,84
478,W1,R1,SKU_A,2,152
478,W1,R1,SKU_B,2,117
478,W1,R1,SKU_C,2,148
478,W1,R1,SKU_D,2,121
478,W1,R1,SKU_E,2,75
478,W2,R3,SKU_A,4,356
478,W2,R3,SKU_B,4,121
478,W2,R3,SKU_C,4,163
478,W2,R3,SKU_D,4,203
478,W2,R3,SKU_E,4,94
479,Supplier,W1,SKU_A,5,344
479,Supplier,W1,SKU_B,5,234
479,Supplier,W1,SKU_C,5,243
479,Supplier,W1,SKU_D,5,176
479,Supplier,W1,SKU_E,5,137
479,Supplier,W2,SKU_A,6,307
479,Supplier,W2,SKU_B,6,121
479,Supplier,W2,SKU_C,6,163
479,Supplier,W2,SKU_D,6,163
479,Supplier,W2,SKU_E,6,94
479,W1,R1,SKU_A,2,253
479,W1,R1,SKU_B,2,133
479,W1,R1,SKU_C,2,112
479,W1,R1,SKU_D,2,89
479,W1,R1,SKU_E,2,49
479,W1,R2,SKU_E,3,108
479,W1,R2,SKU_A,3,189
479,W1,R2,SKU_B,3,84
479,W1,R2,SKU_C,3,105
479,W1,R2,SKU_D,3,71
479,W2,R3,SKU_A,4,214
479,W2,R3,SKU_B,4,56
479,W2,R3,SKU_C,4,90
479,W2,R3,SKU_D,4,127
479,W2,R3,SKU_E,4,62
480,Supplier,W2,SKU_A,6,214
480,Supplier,W2,SKU_B,6,56
480,Supplier,W2,SKU_C,6,90
480,Supplier,W2,SKU_D,6,127
480,Supplier,W2,SKU_E,6,62
480,W2,R3,SKU_A,4,223
480,W2,R3,SKU_B,4,75
480,W2,R3,SKU_C,4,135
480,W2,R3,SKU_D,4,111
480,W2,R3,SKU_E,4,65
481,Supplier,W1,SKU_A,5,467
481,Supplier,W1,SKU_B,5,264
481,Supplier,W1,SKU_C,5,235
481,Supplier,W1,SKU_D,5,216
481,Supplier,W1,SKU_E,5,177
481,Supplier,W2,SKU_A,6,223
481,Supplier,W2,SKU_B,6,75
481,Supplier,W2,SKU_C,6,135
481,Supplier,W2,SKU_D,6,111
481,Supplier,W2,SKU_E,6,65
481,W1,R1,SKU_A,2,269
481,W1,R1,SKU_C,2,168
481,W1,R1,SKU_D,2,126
481,W1,R1,SKU_E,2,98
481,W1,R1,SKU_B,2,153
481,W1,R2,SKU_E,3,100
481,W1,R2,SKU_A,3,139
481,W1,R2,SKU_B,3,76
481,W1,R2,SKU_C,3,70
481,W1,R2,SKU_D,3,71
481,W2,R3,SKU_A,4,206
481,W2,R3,SKU_B,4,70
481,W2,R3,SKU_C,4,111
481,W2,R3,SKU_D,4,120
481,W2,R3,SKU_E,4,81
482,Supplier,W2,SKU_A,6,206
482,Supplier,W2,SKU_B,6,70
482,Supplier,W2,SKU_C,6,111
482,Supplier,W2,SKU_D,6,120
482,Supplier,W2,SKU_E,6,81
482,W2,R3,SKU_A,4,225
482,W2,R3,SKU_B,4,68
482,W2,R3,SKU_C,4,144
482,W2,R3,SKU_D,4,143
482,W2,R3,SKU_E,4,83
483,Supplier,W1,SKU_A,5,451
483,Supplier,W1,SKU_B,5,214
483,Supplier,W1,SKU_C,5,278
483,Supplier,W1,SKU_D,5,202
483,Supplier,W1,SKU_E,5,220
483,Supplier,W2,SKU_A,6,225
483,Supplier,W2,SKU_B,6,68
483,Supplier,W2,SKU_C,6,144
483,Supplier,W2,SKU_D,6,143
483,Supplier,W2,SKU_E,6,83
483,W1,R1,SKU_A,2,361
483,W1,R1,SKU_C,2,197
483,W1,R1,SKU_D,2,166
483,W1,R1,SKU_E,2,131
483,W1,R1,SKU_B,2,145
483,W1,R2,SKU_C,3,96
483,W1,R2,SKU_D,3,93
483,W1,R2,SKU_E,3,105
483,W1,R2,SKU_A,3,181
483,W1,R2,SKU_B,3,151
483,W2,R3,SKU_A,4,263
483,W2,R3,SKU_B,4,100
483,W2,R3,SKU_C,4,151
483,W2,R3,SKU_D,4,165
483,W2,R3,SKU_E,4,96
484,Supplier,W2,SKU_A,6,263
484,Supplier,W2,SKU_B,6,100
484,Supplier,W2,SKU_C,6,151
484,Supplier,W2,SKU_D,6,165
484,Supplier,W2,SKU_E,6,96
484,W1,R1,SKU_A,2,214
484,W1,R1,SKU_B,2,104
484,W1,R1,SKU_C,2,162
484,W1,R1,SKU_D,2,118
484,W1,R1,SKU_E,2,66
484,W1,R2,SKU_A,3,94
484,W1,R2,SKU_B,3,63
484,W1,R2,SKU_C,3,46
484,W1,R2,SKU_D,3,43
484,W1,R2,SKU_E,3,60
484,W2,R3,SKU_A,4,273
484,W2,R3,SKU_B,4,119
484,W2,R3,SKU_C,4,153
484,W2,R3,SKU_D,4,200
484,W2,R3,SKU_E,4,83
485,Supplier,W1,SKU_A,5,590
485,Supplier,W1,SKU_B,5,314
485,Supplier,W1,SKU_C,5,348
485,Supplier,W1,SKU_D,5,304
485,Supplier,W1,SKU_E,5,258
485,Supplier,W2,SKU_A,6,273
485,Supplier,W2,SKU_B,6,119
485,Supplier,W2,SKU_C,6,153
485,Supplier,W2,SKU_D,6,200
485,Supplier,W2,SKU_E,6,83
485,W1,R1,SKU_A,2,196
485,W1,R1,SKU_B,2,110
485,W1,R1,SKU_C,2,143
485,W1,R1,SKU_D,2,103
485,W1,R1,SKU_E,2,77
485,W1,R2,SKU_A,3,32
485,W1,R2,SKU_B,3,40
485,W1,R2,SKU_C,3,41
485,W1,R2,SKU_E,3,17
485,W2,R3,SKU_A,4,267
485,W2,R3,SKU_B,4,121
485,W2,R3,SKU_C,4,185
485,W2,R3,SKU_D,4,163
485,W2,R3,SKU_E,4,90
486,Supplier,W2,SKU_A,6,267
486,Supplier,W2,SKU_B,6,121
486,Supplier,W2,SKU_C,6,185
486,Supplier,W2,SKU_D,6,163
486,Supplier,W2,SKU_E,6,90
486,W1,R1,SKU_A,2,196
486,W1,R1,SKU_B,2,92
486,W1,R1,SKU_C,2,117
486,W1,R1,SKU_D,2,96
486,W1,R1,SKU_E,2,68
486,W1,R2,SKU_A,3,141
486,W1,R2,SKU_B,3,76
486,W1,R2,SKU_C,3,47
486,W1,R2,SKU_D,3,60
486,W1,R2,SKU_E,3,109
486,W2,R3,SKU_A,4,244
486,W2,R3,SKU_B,4,72
486,W2,R3,SKU_C,4,183
486,W2,R3,SKU_D,4,144
486,W2,R3,SKU_E,4,70
487,Supplier,W1,SKU_A,5,565
487,Supplier,W1,SKU_B,5,318
487,Supplier,W1,SKU_C,5,348
487,Supplier,W1,SKU_D,5,259
487,Supplier,W1,SKU_E,5,275
487,Supplier,W2,SKU_A,6,244
487,Supplier,W2,SKU_B,6,72
487,Supplier,W2,SKU_C,6,183
487,Supplier,W2,SKU_D,6,186
487,Supplier,W2,SKU_E,6,70
487,W2,R3,SKU_A,4,185
487,W2,R3,SKU_B,4,64
487,W2,R3,SKU_C,4,124
487,W2,R3,SKU_D,4,111
487,W2,R3,SKU_E,4,78
488,Supplier,W2,SKU_A,6,185
488,Supplier,W2,SKU_B,6,64
488,Supplier,W2,SKU_C,6,124
488,Supplier,W2,SKU_D,6,110
488,Supplier,W2,SKU_E,6,78
488,W1,R1,SKU_A,2,301
488,W1,R1,SKU_B,2,130
488,W1,R1,SKU_C,2,172
488,W1,R1,SKU_D,2,165
488,W1,R1,SKU_E,2,93
488,W1,R2,SKU_B,3,84
488,W1,R2,SKU_C,3,72
488,W1,R2,SKU_A,3,172
488,W1,R2,SKU_D,3,70
488,W1,R2,SKU_E,3,87
488,W2,R3,SKU_A,4,179
488,W2,R3,SKU_B,4,71
488,W2,R3,SKU_C,4,114
488,W2,R3,SKU_D,4,120
488,W2,R3,SKU_E,4,56
489,Supplier,W1,SKU_A,5,473
489,Supplier,W1,SKU_B,5,214
489,Supplier,W1,SKU_C,5,244
489,Supplier,W1,SKU_D,5,235
489,Supplier,W1,SKU_E,5,176
489,Supplier,W2,SKU_A,6,179
489,Supplier,W2,SKU_B,6,71
489,Supplier,W2,SKU_C,6,114
489,Supplier,W2,SKU_D,6,123
489,Supplier,W2,SKU_E,6,56
489,W1,R2,SKU_B,3,42
489,W1,R2,SKU_C,3,47
489,W2,R3,SKU_A,4,160
489,W2,R3,SKU_B,4,62
489,W2,R3,SKU_C,4,113
489,W2,R3,SKU_D,4,143
489,W2,R3,SKU_E,4,60
490,Supplier,W2,SKU_A,6,160
490,Supplier,W2,SKU_B,6,62
490,Supplier,W2,SKU_C,6,113
490,Supplier,W2,SKU_D,6,101
490,Supplier,W2,SKU_E,6,60
490,W1,R1,SKU_A,2,358
490,W1,R1,SKU_B,2,196
490,W1,R1,SKU_C,2,229
490,W1,R1,SKU_D,2,170
490,W1,R1,SKU_E,2,110
490,W1,R2,SKU_A,3,198
490,W1,R2,SKU_B,3,103
490,W1,R2,SKU_C,3,107
490,W1,R2,SKU_D,3,84
490,W1,R2,SKU_E,3,114
490,W2,R3,SKU_A,4,257
490,W2,R3,SKU_B,4,88
490,W2,R3,SKU_C,4,173
490,W2,R3,SKU_D,4,164
490,W2,R3,SKU_E,4,99
491,Supplier,W1,SKU_A,5,556
491,Supplier,W1,SKU_B,5,341
491,Supplier,W1,SKU_C,5,383
491,Supplier,W1,SKU_D,5,254
491,Supplier,W1,SKU_E,5,224
491,Supplier,W2,SKU_A,6,257
491,Supplier,W2,SKU_B,6,88
491,Supplier,W2,SKU_C,6,173
491,Supplier,W2,SKU_D,6,162
491,Supplier,W2,SKU_E,6,99
491,W1,R1,SKU_A,2,142
491,W1,R1,SKU_B,2,69
491,W1,R1,SKU_C,2,118
491,W1,R1,SKU_D,2,77
491,W1,R1,SKU_E,2,74
491,W2,R3,SKU_A,4,298
491,W2,R3,SKU_B,4,160
491,W2,R3,SKU_C,4,125
491,W2,R3,SKU_D,4,191
491,W2,R3,SKU_E,4,117
492,Supplier,W1,SKU_A,5,367
492,Supplier,W1,SKU_B,5,215
492,Supplier,W1,SKU_C,5,231
492,Supplier,W1,SKU_D,5,191
492,Supplier,W1,SKU_E,5,171
492,Supplier,W2,SKU_A,6,298
492,Supplier,W2,SKU_B,6,160
492,Supplier,W2,SKU_C,6,125
492,Supplier,W2,SKU_D,6,191
492,Supplier,W2,SKU_E,6,117
492,W1,R1,SKU_A,2,376
492,W1,R1,SKU_B,2,241
492,W1,R1,SKU_C,2,191
492,W1,R1,SKU_D,2,176
492,W1,R1,SKU_E,2,109
492,W1,R2,SKU_A,3,189
492,W1,R2,SKU_B,3,77
492,W1,R2,SKU_C,3,153
492,W1,R2,SKU_D,3,83
492,W1,R2,SKU_E,3,148
492,W2,R3,SKU_A,4,323
492,W2,R3,SKU_B,4,106
492,W2,R3,SKU_C,4,200
492,W2,R3,SKU_D,4,173
492,W2,R3,SKU_E,4,94
493,Supplier,W1,SKU_A,5,396
493,Supplier,W1,SKU_B,5,249
493,Supplier,W1,SKU_C,5,231
493,Supplier,W1,SKU_D,5,184
493,Supplier,W1,SKU_E,5,160
493,Supplier,W2,SKU_A,6,323
493,Supplier,W2,SKU_B,6,106
493,Supplier,W2,SKU_C,6,200
493,Supplier,W2,SKU_D,6,174
493,Supplier,W2,SKU_E,6,94
493,W2,R3,SKU_A,4,213
493,W2,R3,SKU_B,4,80
493,W2,R3,SKU_C,4,118
493,W2,R3,SKU_D,4,129
493,W2,R3,SKU_E,4,79
494,Supplier,W2,SKU_A,6,213
494,Supplier,W2,SKU_B,6,80
494,Supplier,W2,SKU_C,6,118
494,Supplier,W2,SKU_D,6,128
494,Supplier,W2,SKU_E,6,79
494,W1,R1,SKU_C,2,173
494,W1,R1,SKU_E,2,109
494,W1,R1,SKU_A,2,294
494,W1,R1,SKU_B,2,181
494,W1,R1,SKU_D,2,175
494,W1,R2,SKU_A,3,179
494,W1,R2,SKU_B,3,33
494,W1,R2,SKU_C,3,75
494,W1,R2,SKU_D,3,60
494,W1,R2,SKU_E,3,85
494,W2,R3,SKU_A,4,211
494,W2,R3,SKU_B,4,72
494,W2,R3,SKU_C,4,132
494,W2,R3,SKU_D,4,134
494,W2,R3,SKU_E,4,74
495,Supplier,W1,SKU_A,5,458
495,Supplier,W1,SKU_B,5,288
495,Supplier,W1,SKU_C,5,255
495,Supplier,W1,SKU_D,5,256
495,Supplier,W1,SKU_E,5,225
495,Supplier,W2,SKU_A,6,211
495,Supplier,W2,SKU_B,6,73
495,Supplier,W2,SKU_C,6,132
495,Supplier,W2,SKU_D,6,134
495,Supplier,W2,SKU_E,6,74
495,W2,R3,SKU_A,4,252
495,W2,R3,SKU_B,4,71
495,W2,R3,SKU_C,4,137
495,W2,R3,SKU_D,4,150
495,W2,R3,SKU_E,4,78
496,Supplier,W2,SKU_A,6,252
496,Supplier,W2,SKU_B,6,112
496,Supplier,W2,SKU_C,6,137
496,Supplier,W2,SKU_D,6,150
496,Supplier,W2,SKU_E,6,78
496,W1,R1,SKU_A,2,319
496,W1,R1,SKU_B,2,183
496,W1,R1,SKU_C,2,210
496,W1,R1,SKU_D,2,147
496,W1,R1,SKU_E,2,110
496,W1,R2,SKU_A,3,237
496,W1,R2,SKU_B,3,158
496,W1,R2,SKU_C,3,109
496,W1,R2,SKU_D,3,107
496,W1,R2,SKU_E,3,114
496,W2,R3,SKU_A,4,230
496,W2,R3,SKU_B,4,62
496,W2,R3,SKU_C,4,124
496,W2,R3,SKU_D,4,107
496,W2,R3,SKU_E,4,97
497,Supplier,W1,SKU_A,5,526
497,Supplier,W1,SKU_B,5,310
497,Supplier,W1,SKU_C,5,312
497,Supplier,W1,SKU_D,5,202
497,Supplier,W1,SKU_E,5,257
497,Supplier,W2,SKU_A,6,230
497,Supplier,W2,SKU_B,6,87
497,Supplier,W2,SKU_C,6,124
497,Supplier,W2,SKU_D,6,154
497,Supplier,W2,SKU_E,6,97
497,W1,R1,SKU_A,2,167
497,W1,R1,SKU_B,2,98
497,W1,R1,SKU_C,2,119
497,W1,R1,SKU_D,2,66
497,W1,R1,SKU_E,2,56
497,W1,R2,SKU_A,3,91
497,W1,R2,SKU_B,3,117
497,W1,R2,SKU_C,3,50
497,W1,R2,SKU_D,3,37
497,W1,R2,SKU_E,3,115
497,W2,R3,SKU_A,4,279
497,W2,R3,SKU_B,4,88
497,W2,R3,SKU_C,4,167
497,W2,R3,SKU_D,4,162
497,W2,R3,SKU_E,4,108
498,Supplier,W2,SKU_A,6,279
498,Supplier,W2,SKU_B,6,129
498,Supplier,W2,SKU_C,6,167
498,Supplier,W2,SKU_D,6,184
498,Supplier,W2,SKU_E,6,108
498,W1,R1,SKU_A,2,215
498,W1,R1,SKU_B,2,163
498,W1,R1,SKU_C,2,119
498,W1,R1,SKU_D,2,129
498,W1,R1,SKU_E,2,75
498,W1,R2,SKU_A,3,142
498,W1,R2,SKU_B,3,86
498,W1,R2,SKU_C,3,63
498,W1,R2,SKU_D,3,77
498,W1,R2,SKU_E,3,85
498,W2,R3,SKU_A,4,333
498,W2,R3,SKU_B,4,160
498,W2,R3,SKU_C,4,189
498,W2,R3,SKU_D,4,191
498,W2,R3,SKU_E,4,107
499,Supplier,W1,SKU_A,5,604
499,Supplier,W1,SKU_B,5,483
499,Supplier,W1,SKU_C,5,351
499,Supplier,W1,SKU_D,5,301
499,Supplier,W1,SKU_E,5,339
499,Supplier,W2,SKU_A,6,333
499,Supplier,W2,SKU_B,6,166
499,Supplier,W2,SKU_C,6,231
499,Supplier,W2,SKU_D,6,252
499,Supplier,W2,SKU_E,6,107
499,W2,R3,SKU_A,4,331
499,W2,R3,SKU_B,4,106
499,W2,R3,SKU_C,4,200
499,W2,R3,SKU_D,4,174
499,W2,R3,SKU_E,4,105
500,Supplier,W1,SKU_A,5,399
500,Supplier,W1,SKU_B,5,258
500,Supplier,W1,SKU_C,5,275
500,Supplier,W1,SKU_D,5,166
500,Supplier,W1,SKU_E,5,165
500,Supplier,W2,SKU_A,6,331
500,Supplier,W2,SKU_B,6,124
500,Supplier,W2,SKU_C,6,220
500,Supplier,W2,SKU_D,6,208
500,Supplier,W2,SKU_E,6,109
500,W1,R1,SKU_A,2,411
500,W1,R1,SKU_C,2,306
500,W1,R1,SKU_D,2,199
500,W1,R1,SKU_B,2,269
500,W1,R1,SKU_E,2,164
500,W1,R2,SKU_A,3,195
500,W1,R2,SKU_B,3,19
500,W1,R2,SKU_C,3,124
500,W1,R2,SKU_D,3,110
500,W1,R2,SKU_E,3,61
500,W2,R3,SKU_A,4,213
500,W2,R3,SKU_B,4,80
500,W2,R3,SKU_C,4,118
500,W2,R3,SKU_D,4,128
500,W2,R3,SKU_E,4,79
501,Supplier,W1,SKU_A,5,270
501,Supplier,W1,SKU_B,5,191
501,Supplier,W1,SKU_C,5,232
501,Supplier,W1,SKU_D,5,143
501,Supplier,W1,SKU_E,5,161
501,Supplier,W2,SKU_A,6,273
501,Supplier,W2,SKU_B,6,72
501,Supplier,W2,SKU_C,6,133
501,Supplier,W2,SKU_D,6,173
501,Supplier,W2,SKU_E,6,103
501,W2,R3,SKU_A,4,211
501,W2,R3,SKU_B,4,73
501,W2,R3,SKU_C,4,132
501,W2,R3,SKU_D,4,134
501,W2,R3,SKU_E,4,74
502,Supplier,W2,SKU_A,6,254
502,Supplier,W2,SKU_B,6,42
502,Supplier,W2,SKU_C,6,129
502,Supplier,W2,SKU_D,6,140
502,Supplier,W2,SKU_E,6,76
502,W1,R1,SKU_D,2,167
502,W1,R1,SKU_A,2,305
502,W1,R1,SKU_B,2,186
502,W1,R1,SKU_C,2,196
502,W1,R1,SKU_E,2,106
502,W1,R2,SKU_A,3,221
502,W1,R2,SKU_B,3,124
502,W1,R2,SKU_C,3,116
502,W1,R2,SKU_D,3,48
502,W1,R2,SKU_E,3,151
502,W2,R3,SKU_A,4,252
502,W2,R3,SKU_B,4,112
502,W2,R3,SKU_C,4,137
502,W2,R3,SKU_D,4,150
502,W2,R3,SKU_E,4,78
503,Supplier,W1,SKU_A,5,484
503,Supplier,W1,SKU_B,5,309
503,Supplier,W1,SKU_C,5,291
503,Supplier,W1,SKU_D,5,238
503,Supplier,W1,SKU_E,5,241
503,Supplier,W2,SKU_A,6,220
503,Supplier,W2,SKU_B,6,57
503,Supplier,W2,SKU_C,6,136
503,Supplier,W2,SKU_D,6,146
503,Supplier,W2,SKU_E,6,73
503,W2,R3,SKU_A,4,230
503,W2,R3,SKU_B,4,87
503,W2,R3,SKU_C,4,124
503,W2,R3,SKU_D,4,154
503,W2,R3,SKU_E,4,97
504,Supplier,W2,SKU_A,6,275
504,Supplier,W2,SKU_B,6,82
504,Supplier,W2,SKU_C,6,161
504,Supplier,W2,SKU_D,6,159
504,Supplier,W2,SKU_E,6,91
504,W1,R1,SKU_A,2,369
504,W1,R1,SKU_B,2,231
504,W1,R1,SKU_C,2,231
504,W1,R1,SKU_D,2,202
504,W1,R1,SKU_E,2,143
504,W1,R2,SKU_A,3,225
504,W1,R2,SKU_B,3,252
504,W1,R2,SKU_C,3,120
504,W1,R2,SKU_D,3,92
504,W1,R2,SKU_E,3,196
504,W2,R3,SKU_A,4,279
504,W2,R3,SKU_B,4,129
504,W2,R3,SKU_C,4,167
504,W2,R3,SKU_D,4,184
504,W2,R3,SKU_E,4,108
505,Supplier,W1,SKU_A,5,573
505,Supplier,W1,SKU_B,5,382
505,Supplier,W1,SKU_C,5,354
505,Supplier,W1,SKU_D,5,271
505,Supplier,W1,SKU_E,5,328
505,Supplier,W2,SKU_A,6,298
505,Supplier,W2,SKU_B,6,131
505,Supplier,W2,SKU_C,6,192
505,Supplier,W2,SKU_D,6,208
505,Supplier,W2,SKU_E,6,109
505,W1,R1,SKU_A,2,213
505,W1,R1,SKU_B,2,169
505,W1,R1,SKU_C,2,196
505,W1,R1,SKU_D,2,137
505,W1,R1,SKU_E,2,104
505,W1,R2,SKU_A,3,113
505,W1,R2,SKU_B,3,89
505,W1,R2,SKU_C,3,79
505,W1,R2,SKU_D,3,36
505,W1,R2,SKU_E,3,61
505,W2,R3,SKU_A,4,333
505,W2,R3,SKU_B,4,166
505,W2,R3,SKU_C,4,231
505,W2,R3,SKU_D,4,252
505,W2,R3,SKU_E,4,107
506,Supplier,W1,SKU_A,5,326
506,Supplier,W1,SKU_B,5,258
506,Supplier,W1,SKU_C,5,344
506,Supplier,W1,SKU_D,5,189
506,Supplier,W1,SKU_E,5,198
506,Supplier,W2,SKU_A,6,336
506,Supplier,W2,SKU_B,6,137
506,Supplier,W2,SKU_C,6,199
506,Supplier,W2,SKU_D,6,211
506,Supplier,W2,SKU_E,6,122
506,W1,R1,SKU_A,2,220
506,W1,R1,SKU_B,2,165
506,W1,R1,SKU_C,2,182
506,W1,R1,SKU_D,2,120
506,W1,R1,SKU_E,2,80
506,W1,R2,SKU_A,3,102
506,W1,R2,SKU_B,3,26
506,W1,R2,SKU_C,3,50
506,W1,R2,SKU_D,3,23
506,W1,R2,SKU_E,3,81
506,W2,R3,SKU_A,4,331
506,W2,R3,SKU_B,4,124
506,W2,R3,SKU_C,4,220
506,W2,R3,SKU_D,4,208
506,W2,R3,SKU_E,4,109
507,Supplier,W1,SKU_A,5,322
507,Supplier,W1,SKU_B,5,258
507,Supplier,W1,SKU_C,5,287
507,Supplier,W1,SKU_D,5,169
507,Supplier,W1,SKU_E,5,151
507,Supplier,W2,SKU_A,6,340
507,Supplier,W2,SKU_B,6,140
507,Supplier,W2,SKU_C,6,162
507,Supplier,W2,SKU_D,6,179
507,Supplier,W2,SKU_E,6,94
507,W2,R3,SKU_A,4,273
507,W2,R3,SKU_B,4,72
507,W2,R3,SKU_C,4,133
507,W2,R3,SKU_D,4,173
507,W2,R3,SKU_E,4,90
508,Supplier,W2,SKU_A,6,217
508,Supplier,W2,SKU_B,6,83
508,Supplier,W2,SKU_C,6,128
508,Supplier,W2,SKU_D,6,137
508,Supplier,W2,SKU_E,6,70
508,W1,R1,SKU_A,2,292
508,W1,R1,SKU_B,2,181
508,W1,R1,SKU_C,2,136
508,W1,R1,SKU_D,2,148
508,W1,R1,SKU_E,2,123
508,W1,R2,SKU_A,3,183
508,W1,R2,SKU_B,3,128
508,W1,R2,SKU_C,3,155
508,W1,R2,SKU_D,3,90
508,W1,R2,SKU_E,3,118
508,W2,R3,SKU_A,4,254
508,W2,R3,SKU_B,4,42
508,W2,R3,SKU_C,4,129
508,W2,R3,SKU_D,4,140
508,W2,R3,SKU_E,4,76
509,Supplier,W1,SKU_A,5,475
509,Supplier,W1,SKU_B,5,340
509,Supplier,W1,SKU_C,5,238
509,Supplier,W1,SKU_D,5,251
509,Supplier,W1,SKU_E,5,261
509,Supplier,W2,SKU_A,6,229
509,Supplier,W2,SKU_B,6,76
509,Supplier,W2,SKU_C,6,102
509,Supplier,W2,SKU_D,6,124
509,Supplier,W2,SKU_E,6,76
509,W2,R3,SKU_A,4,220
509,W2,R3,SKU_B,4,57
509,W2,R3,SKU_C,4,136
509,W2,R3,SKU_D,4,146
509,W2,R3,SKU_E,4,79
510,Supplier,W2,SKU_A,6,226
510,Supplier,W2,SKU_B,6,76
510,Supplier,W2,SKU_C,6,139
510,Supplier,W2,SKU_D,6,141
510,Supplier,W2,SKU_E,6,79
510,W1,R1,SKU_A,2,274
510,W1,R1,SKU_B,2,204
510,W1,R1,SKU_C,2,156
510,W1,R1,SKU_D,2,135
510,W1,R1,SKU_E,2,115
510,W1,R2,SKU_A,3,172
510,W1,R2,SKU_B,3,178
510,W1,R2,SKU_C,3,198
510,W1,R2,SKU_D,3,128
510,W1,R2,SKU_E,3,213
510,W2,R3,SKU_A,4,275
510,W2,R3,SKU_B,4,82
510,W2,R3,SKU_C,4,156
510,W2,R3,SKU_D,4,159
510,W2,R3,SKU_E,4,64
511,Supplier,W1,SKU_A,5,446
511,Supplier,W1,SKU_B,5,350
511,Supplier,W1,SKU_C,5,261
511,Supplier,W1,SKU_D,5,208
511,Supplier,W1,SKU_E,5,220
511,Supplier,W2,SKU_A,6,223
511,Supplier,W2,SKU_B,6,82
511,Supplier,W2,SKU_C,6,140
511,Supplier,W2,SKU_D,6,131
511,Supplier,W2,SKU_E,6,64
511,W1,R1,SKU_A,2,174
511,W1,R1,SKU_B,2,102
511,W1,R1,SKU_C,2,136
511,W1,R1,SKU_D,2,88
511,W1,R1,SKU_E,2,75
511,W1,R2,SKU_A,3,100
511,W1,R2,SKU_B,3,156
511,W1,R2,SKU_C,3,77
511,W1,R2,SKU_D,3,34
511,W1,R2,SKU_E,3,123
511,W2,R3,SKU_A,4,298
511,W2,R3,SKU_B,4,131
511,W2,R3,SKU_C,4,168
511,W2,R3,SKU_D,4,208
511,W2,R3,SKU_E,4,91
512,Supplier,W2,SKU_A,6,278
512,Supplier,W2,SKU_B,6,99
512,Supplier,W2,SKU_C,6,168
512,Supplier,W2,SKU_D,6,155
512,Supplier,W2,SKU_E,6,91
512,W1,R1,SKU_A,2,194
512,W1,R1,SKU_B,2,130
512,W1,R1,SKU_C,2,146
512,W1,R1,SKU_D,2,114
512,W1,R1,SKU_E,2,94
512,W1,R2,SKU_A,3,118
512,W1,R2,SKU_B,3,128
512,W1,R2,SKU_C,3,45
512,W1,R2,SKU_D,3,52
512,W1,R2,SKU_E,3,57
512,W2,R3,SKU_A,4,325
512,W2,R3,SKU_B,4,137
512,W2,R3,SKU_C,4,228
512,W2,R3,SKU_D,4,211
512,W2,R3,SKU_E,4,87
513,Supplier,W1,SKU_A,5,586
513,Supplier,W1,SKU_B,5,343
513,Supplier,W1,SKU_C,5,367
513,Supplier,W1,SKU_D,5,288
513,Supplier,W1,SKU_E,5,284
513,Supplier,W2,SKU_A,6,325
513,Supplier,W2,SKU_B,6,127
513,Supplier,W2,SKU_C,6,262
513,Supplier,W2,SKU_D,6,219
513,Supplier,W2,SKU_E,6,87
513,W2,R3,SKU_A,4,298
513,W2,R3,SKU_B,4,140
513,W2,R3,SKU_C,4,162
513,W2,R3,SKU_D,4,179
513,W2,R3,SKU_E,4,100
514,Supplier,W1,SKU_A,5,315
514,Supplier,W1,SKU_B,5,242
514,Supplier,W1,SKU_C,5,197
514,Supplier,W1,SKU_D,5,162
514,Supplier,W1,SKU_E,5,152
514,Supplier,W2,SKU_A,6,298
514,Supplier,W2,SKU_B,6,126
514,Supplier,W2,SKU_C,6,233
514,Supplier,W2,SKU_D,6,182
514,Supplier,W2,SKU_E,6,100
514,W1,R1,SKU_A,2,380
514,W1,R1,SKU_C,2,263
514,W1,R1,SKU_D,2,226
514,W1,R1,SKU_B,2,234
514,W1,R1,SKU_E,2,160
514,W1,R2,SKU_C,3,99
514,W1,R2,SKU_A,3,156
514,W1,R2,SKU_B,3,106
514,W1,R2,SKU_D,3,65
514,W1,R2,SKU_E,3,101
514,W2,R3,SKU_A,4,258
514,W2,R3,SKU_B,4,83
514,W2,R3,SKU_C,4,128
514,W2,R3,SKU_D,4,137
514,W2,R3,SKU_E,4,68
515,Supplier,W2,SKU_A,6,258
515,Supplier,W2,SKU_B,6,97
515,Supplier,W2,SKU_C,6,149
515,Supplier,W2,SKU_D,6,144
515,Supplier,W2,SKU_E,6,68
515,W2,R3,SKU_A,4,241
515,W2,R3,SKU_B,4,76
515,W2,R3,SKU_C,4,102
515,W2,R3,SKU_D,4,124
515,W2,R3,SKU_E,4,91
516,Supplier,W1,SKU_A,5,458
516,Supplier,W1,SKU_B,5,279
516,Supplier,W1,SKU_C,5,302
516,Supplier,W1,SKU_D,5,233
516,Supplier,W1,SKU_E,5,238
516,Supplier,W2,SKU_A,6,246
516,Supplier,W2,SKU_B,6,68
516,Supplier,W2,SKU_C,6,157
516,Supplier,W2,SKU_D,6,169
516,Supplier,W2,SKU_E,6,91
516,W1,R1,SKU_A,2,280
516,W1,R1,SKU_C,2,201
516,W1,R1,SKU_D,2,172
516,W1,R1,SKU_B,2,215
516,W1,R1,SKU_E,2,91
516,W1,R2,SKU_A,3,173
516,W1,R2,SKU_C,3,87
516,W1,R2,SKU_B,3,135
516,W1,R2,SKU_D,3,74
516,W1,R2,SKU_E,3,129
516,W2,R3,SKU_A,4,226
516,W2,R3,SKU_B,4,76
516,W2,R3,SKU_C,4,139
516,W2,R3,SKU_D,4,141
516,W2,R3,SKU_E,4,74
517,Supplier,W2,SKU_A,6,235
517,Supplier,W2,SKU_B,6,111
517,Supplier,W2,SKU_C,6,107
517,Supplier,W2,SKU_D,6,134
517,Supplier,W2,SKU_E,6,74
517,W2,R3,SKU_A,4,205
517,W2,R3,SKU_B,4,82
517,W2,R3,SKU_C,4,140
517,W2,R3,SKU_D,4,131
517,W2,R3,SKU_E,4,73
518,Supplier,W1,SKU_A,5,404
518,Supplier,W1,SKU_B,5,367
518,Supplier,W1,SKU_C,5,272
518,Supplier,W1,SKU_D,5,250
518,Supplier,W1,SKU_E,5,211
518,Supplier,W2,SKU_A,6,191
518,Supplier,W2,SKU_B,6,103
518,Supplier,W2,SKU_C,6,145
518,Supplier,W2,SKU_D,6,102
518,Supplier,W2,SKU_E,6,73
518,W1,R1,SKU_A,2,285
518,W1,R1,SKU_C,2,192
518,W1,R1,SKU_B,2,223
518,W1,R1,SKU_D,2,159
518,W1,R1,SKU_E,2,131
518,W1,R2,SKU_A,3,151
518,W1,R2,SKU_B,3,120
518,W1,R2,SKU_C,3,83
518,W1,R2,SKU_D,3,89
518,W1,R2,SKU_E,3,142
518,W2,R3,SKU_A,4,250
518,W2,R3,SKU_B,4,99
518,W2,R3,SKU_C,4,168
518,W2,R3,SKU_D,4,155
518,W2,R3,SKU_E,4,95
519,Supplier,W2,SKU_A,6,250
519,Supplier,W2,SKU_B,6,117
519,Supplier,W2,SKU_C,6,172
519,Supplier,W2,SKU_D,6,169
519,Supplier,W2,SKU_E,6,95
519,W1,R1,SKU_A,2,189
519,W1,R1,SKU_B,2,157
519,W1,R1,SKU_C,2,131
519,W1,R1,SKU_D,2,108
519,W1,R1,SKU_E,2,70
519,W1,R2,SKU_A,3,111
519,W1,R2,SKU_B,3,85
519,W1,R2,SKU_C,3,66
519,W1,R2,SKU_D,3,52
519,W1,R2,SKU_E,3,78
519,W2,R3,SKU_A,4,289
519,W2,R3,SKU_B,4,127
519,W2,R3,SKU_C,4,262
519,W2,R3,SKU_D,4,219
519,W2,R3,SKU_E,4,111
520,Supplier,W1,SKU_A,5,548
520,Supplier,W1,SKU_B,5,449
520,Supplier,W1,SKU_C,5,351
520,Supplier,W1,SKU_D,5,300
520,Supplier,W1,SKU_E,5,285
520,Supplier,W2,SKU_A,6,289
520,Supplier,W2,SKU_B,6,132
520,Supplier,W2,SKU_C,6,158
520,Supplier,W2,SKU_D,6,177
520,Supplier,W2,SKU_E,6,111
520,W2,R3,SKU_A,4,278
520,W2,R3,SKU_B,4,126
520,W2,R3,SKU_C,4,198
520,W2,R3,SKU_D,4,182
520,W2,R3,SKU_E,4,85
521,Supplier,W1,SKU_A,5,324
521,Supplier,W1,SKU_B,5,214
521,Supplier,W1,SKU_C,5,190
521,Supplier,W1,SKU_D,5,145
521,Supplier,W1,SKU_E,5,128
521,Supplier,W2,SKU_A,6,278
521,Supplier,W2,SKU_B,6,103
521,Supplier,W2,SKU_C,6,144
521,Supplier,W2,SKU_D,6,156
521,Supplier,W2,SKU_E,6,85
521,W1,R1,SKU_A,2,359
521,W1,R1,SKU_C,2,238
521,W1,R1,SKU_D,2,181
521,W1,R1,SKU_E,2,126
521,W1,R1,SKU_B,2,250
521,W1,R2,SKU_A,3,199
521,W1,R2,SKU_C,3,122
521,W1,R2,SKU_B,3,29
521,W1,R2,SKU_D,3,70
521,W1,R2,SKU_E,3,114
521,W2,R3,SKU_A,4,267
521,W2,R3,SKU_B,4,97
521,W2,R3,SKU_C,4,161
521,W2,R3,SKU_D,4,144
521,W2,R3,SKU_E,4,91
522,Supplier,W2,SKU_A,6,267
522,Supplier,W2,SKU_B,6,111
522,Supplier,W2,SKU_C,6,161
522,Supplier,W2,SKU_D,6,155
522,Supplier,W2,SKU_E,6,91
522,W2,R3,SKU_A,4,273
522,W2,R3,SKU_B,4,68
522,W2,R3,SKU_C,4,172
522,W2,R3,SKU_D,4,169
522,W2,R3,SKU_E,4,104
523,Supplier,W1,SKU_A,5,514
523,Supplier,W1,SKU_B,5,432
523,Supplier,W1,SKU_C,5,327
523,Supplier,W1,SKU_D,5,250
523,Supplier,W1,SKU_E,5,289
523,Supplier,W2,SKU_A,6,273
523,Supplier,W2,SKU_B,6,105
523,Supplier,W2,SKU_C,6,172
523,Supplier,W2,SKU_D,6,161
523,Supplier,W2,SKU_E,6,104
523,W1,R1,SKU_A,2,345
523,W1,R1,SKU_C,2,208
523,W1,R1,SKU_D,2,194
523,W1,R1,SKU_E,2,145
523,W1,R1,SKU_B,2,270
523,W1,R2,SKU_A,3,232
523,W1,R2,SKU_C,3,136
523,W1,R2,SKU_B,3,97
523,W1,R2,SKU_D,3,80
523,W1,R2,SKU_E,3,79
523,W2,R3,SKU_A,4,301
523,W2,R3,SKU_B,4,111
523,W2,R3,SKU_C,4,115
523,W2,R3,SKU_D,4,134
523,W2,R3,SKU_E,4,54
524,Supplier,W1,SKU_A,5,297
524,Supplier,W1,SKU_B,5,243
524,Supplier,W1,SKU_C,5,187
524,Supplier,W1,SKU_D,5,170
524,Supplier,W1,SKU_E,5,158
524,Supplier,W2,SKU_A,6,318
524,Supplier,W2,SKU_B,6,47
524,Supplier,W2,SKU_C,6,165
524,Supplier,W2,SKU_D,6,168
524,Supplier,W2,SKU_E,6,54
524,W2,R3,SKU_A,4,191
524,W2,R3,SKU_B,4,103
524,W2,R3,SKU_C,4,145
524,W2,R3,SKU_D,4,102
524,W2,R3,SKU_E,4,108
525,Supplier,W1,SKU_A,5,272
525,Supplier,W1,SKU_B,5,205
525,Supplier,W1,SKU_C,5,137
525,Supplier,W1,SKU_D,5,126
525,Supplier,W1,SKU_E,5,185
525,Supplier,W2,SKU_A,6,258
525,Supplier,W2,SKU_B,6,77
525,Supplier,W2,SKU_C,6,184
525,Supplier,W2,SKU_D,6,145
525,Supplier,W2,SKU_E,6,122
525,W1,R1,SKU_A,2,353
525,W1,R1,SKU_C,2,197
525,W1,R1,SKU_B,2,233
525,W1,R1,SKU_D,2,171
525,W1,R1,SKU_E,2,178
525,W1,R2,SKU_A,3,202
525,W1,R2,SKU_B,3,216
525,W1,R2,SKU_C,3,112
525,W1,R2,SKU_D,3,119
525,W1,R2,SKU_E,3,107
525,W2,R3,SKU_A,4,250
525,W2,R3,SKU_B,4,117
525,W2,R3,SKU_C,4,172
525,W2,R3,SKU_D,4,169
525,W2,R3,SKU_E,4,95
526,Supplier,W1,SKU_A,5,283
526,Supplier,W1,SKU_B,5,220
526,Supplier,W1,SKU_C,5,172
526,Supplier,W1,SKU_D,5,124
526,Supplier,W1,SKU_E,5,204
526,Supplier,W2,SKU_A,6,294
526,Supplier,W2,SKU_B,6,131
526,Supplier,W2,SKU_C,6,191
526,Supplier,W2,SKU_D,6,208
526,Supplier,W2,SKU_E,6,143
526,W1,R1,SKU_A,2,205
526,W1,R1,SKU_B,2,184
526,W1,R1,SKU_C,2,138
526,W1,R1,SKU_D,2,122
526,W1,R1,SKU_E,2,96
526,W1,R2,SKU_A,3,111
526,W1,R2,SKU_B,3,30
526,W1,R2,SKU_C,3,96
526,W1,R2,SKU_D,3,33
526,W1,R2,SKU_E,3,32
526,W2,R3,SKU_A,4,289
526,W2,R3,SKU_B,4,132
526,W2,R3,SKU_C,4,158
526,W2,R3,SKU_D,4,177
526,W2,R3,SKU_E,4,111
527,Supplier,W1,SKU_A,5,316
527,Supplier,W1,SKU_B,5,239
527,Supplier,W1,SKU_C,5,234
527,Supplier,W1,SKU_D,5,175
527,Supplier,W1,SKU_E,5,164
527,Supplier,W2,SKU_A,6,314
527,Supplier,W2,SKU_B,6,96
527,Supplier,W2,SKU_C,6,241
527,Supplier,W2,SKU_D,6,181
527,Supplier,W2,SKU_E,6,121
527,W2,R3,SKU_A,4,278
527,W2,R3,SKU_B,4,103
527,W2,R3,SKU_C,4,144
527,W2,R3,SKU_D,4,156
527,W2,R3,SKU_E,4,85
528,Supplier,W1,SKU_A,5,289
528,Supplier,W1,SKU_B,5,236
528,Supplier,W1,SKU_C,5,192
528,Supplier,W1,SKU_D,5,144
528,Supplier,W1,SKU_E,5,147
528,Supplier,W2,SKU_A,6,288
528,Supplier,W2,SKU_B,6,103
528,Supplier,W2,SKU_C,6,113
528,Supplier,W2,SKU_D,6,139
528,Supplier,W2,SKU_E,6,106
528,W1,R1,SKU_A,2,347
528,W1,R1,SKU_C,2,191
528,W1,R1,SKU_B,2,255
528,W1,R1,SKU_D,2,186
528,W1,R1,SKU_E,2,143
528,W1,R2,SKU_A,3,206
528,W1,R2,SKU_B,3,177
528,W1,R2,SKU_C,3,109
528,W1,R2,SKU_D,3,64
528,W1,R2,SKU_E,3,146
528,W2,R3,SKU_A,4,267
528,W2,R3,SKU_B,4,103
528,W2,R3,SKU_C,4,161
528,W2,R3,SKU_D,4,155
528,W2,R3,SKU_E,4,91
529,Supplier,W2,SKU_A,6,177
529,Supplier,W2,SKU_B,6,72
529,Supplier,W2,SKU_C,6,76
529,Supplier,W2,SKU_D,6,129
529,Supplier,W2,SKU_E,6,74
529,W1,R1,SKU_A,2,140
529,W1,R1,SKU_B,2,104
529,W1,R1,SKU_C,2,95
529,W1,R1,SKU_D,2,72
529,W1,R1,SKU_E,2,53
529,W1,R2,SKU_A,3,96
529,W1,R2,SKU_B,3,139
529,W1,R2,SKU_C,3,64
529,W1,R2,SKU_D,3,97
529,W1,R2,SKU_E,3,105
529,W2,R3,SKU_A,4,273
529,W2,R3,SKU_B,4,65
529,W2,R3,SKU_C,4,147
529,W2,R3,SKU_D,4,161
529,W2,R3,SKU_E,4,104
530,Supplier,W1,SKU_A,5,500
530,Supplier,W1,SKU_B,5,337
530,Supplier,W1,SKU_C,5,267
530,Supplier,W1,SKU_D,5,255
530,Supplier,W1,SKU_E,5,256
530,Supplier,W2,SKU_A,6,201
530,Supplier,W2,SKU_B,6,65
530,Supplier,W2,SKU_C,6,72
530,Supplier,W2,SKU_D,6,107
530,Supplier,W2,SKU_E,6,69
530,W1,R1,SKU_A,2,147
530,W1,R1,SKU_B,2,92
530,W1,R1,SKU_C,2,77
530,W1,R1,SKU_D,2,93
530,W1,R1,SKU_E,2,45
530,W1,R2,SKU_A,3,103
530,W1,R2,SKU_B,3,113
530,W1,R2,SKU_C,3,76
530,W1,R2,SKU_D,3,34
530,W1,R2,SKU_E,3,140
530,W2,R3,SKU_A,4,217
530,W2,R3,SKU_B,4,76
530,W2,R3,SKU_C,4,99
530,W2,R3,SKU_D,4,154
530,W2,R3,SKU_E,4,54
531,Supplier,W2,SKU_A,6,216
531,Supplier,W2,SKU_B,6,76
531,Supplier,W2,SKU_C,6,99
531,Supplier,W2,SKU_D,6,123
531,Supplier,W2,SKU_E,6,80
531,W1,R1,SKU_A,2,161
531,W1,R1,SKU_B,2,93
531,W1,R1,SKU_C,2,98
531,W1,R1,SKU_D,2,78
531,W1,R1,SKU_E,2,46
531,W1,R2,SKU_A,3,110
531,W1,R2,SKU_B,3,127
531,W1,R2,SKU_C,3,38
531,W1,R2,SKU_D,3,46
531,W1,R2,SKU_E,3,158
531,W2,R3,SKU_A,4,218
531,W2,R3,SKU_B,4,71
531,W2,R3,SKU_C,4,98
531,W2,R3,SKU_D,4,128
531,W2,R3,SKU_E,4,122
532,Supplier,W1,SKU_A,5,521
532,Supplier,W1,SKU_B,5,327
532,Supplier,W1,SKU_C,5,289
532,Supplier,W1,SKU_D,5,265
532,Supplier,W1,SKU_E,5,231
532,Supplier,W2,SKU_A,6,218
532,Supplier,W2,SKU_B,6,71
532,Supplier,W2,SKU_C,6,98
532,Supplier,W2,SKU_D,6,128
532,Supplier,W2,SKU_E,6,86
532,W1,R1,SKU_A,2,156
532,W1,R1,SKU_B,2,93
532,W1,R1,SKU_C,2,111
532,W1,R1,SKU_D,2,96
532,W1,R1,SKU_E,2,64
532,W1,R2,SKU_A,3,103
532,W1,R2,SKU_B,3,146
532,W1,R2,SKU_C,3,41
532,W1,R2,SKU_D,3,50
532,W1,R2,SKU_E,3,100
532,W2,R3,SKU_A,4,237
532,W2,R3,SKU_B,4,87
532,W2,R3,SKU_C,4,152
532,W2,R3,SKU_D,4,140
532,W2,R3,SKU_E,4,137
533,Supplier,W2,SKU_A,6,237
533,Supplier,W2,SKU_B,6,87
533,Supplier,W2,SKU_C,6,152
533,Supplier,W2,SKU_D,6,140
533,Supplier,W2,SKU_E,6,106
533,W1,R1,SKU_A,2,228
533,W1,R1,SKU_B,2,164
533,W1,R1,SKU_C,2,157
533,W1,R1,SKU_D,2,104
533,W1,R1,SKU_E,2,83
533,W1,R2,SKU_A,3,110
533,W1,R2,SKU_B,3,72
533,W1,R2,SKU_C,3,59
533,W1,R2,SKU_D,3,64
533,W1,R2,SKU_E,3,64
533,W2,R3,SKU_A,4,323
533,W2,R3,SKU_B,4,105
533,W2,R3,SKU_C,4,189
533,W2,R3,SKU_D,4,154
533,W2,R3,SKU_E,4,98
534,Supplier,W1,SKU_A,5,597
534,Supplier,W1,SKU_B,5,430
534,Supplier,W1,SKU_C,5,368
534,Supplier,W1,SKU_D,5,300
534,Supplier,W1,SKU_E,5,306
534,Supplier,W2,SKU_A,6,323
534,Supplier,W2,SKU_B,6,105
534,Supplier,W2,SKU_C,6,189
534,Supplier,W2,SKU_D,6,154
534,Supplier,W2,SKU_E,6,98
534,W2,R3,SKU_A,4,306
534,W2,R3,SKU_B,4,125
534,W2,R3,SKU_C,4,202
534,W2,R3,SKU_D,4,208
534,W2,R3,SKU_E,4,124
535,Supplier,W1,SKU_A,5,329
535,Supplier,W1,SKU_B,5,267
535,Supplier,W1,SKU_C,5,229
535,Supplier,W1,SKU_D,5,170
535,Supplier,W1,SKU_E,5,162
535,Supplier,W2,SKU_A,6,306
535,Supplier,W2,SKU_B,6,125
535,Supplier,W2,SKU_C,6,202
535,Supplier,W2,SKU_D,6,208
535,Supplier,W2,SKU_E,6,124
535,W1,R1,SKU_A,2,361
535,W1,R1,SKU_C,2,266
535,W1,R1,SKU_D,2,199
535,W1,R1,SKU_B,2,279
535,W1,R1,SKU_E,2,145
535,W1,R2,SKU_C,3,104
535,W1,R2,SKU_A,3,203
535,W1,R2,SKU_B,3,58
535,W1,R2,SKU_D,3,61
535,W1,R2,SKU_E,3,111
535,W2,R3,SKU_A,4,256
535,W2,R3,SKU_B,4,97
535,W2,R3,SKU_C,4,148
535,W2,R3,SKU_D,4,157
535,W2,R3,SKU_E,4,85
536,Supplier,W2,SKU_A,6,256
536,Supplier,W2,SKU_B,6,97
536,Supplier,W2,SKU_C,6,148
536,Supplier,W2,SKU_D,6,157
536,Supplier,W2,SKU_E,6,86
536,W2,R3,SKU_A,4,219
536,W2,R3,SKU_B,4,78
536,W2,R3,SKU_C,4,115
536,W2,R3,SKU_D,4,136
536,W2,R3,SKU_E,4,69
537,Supplier,W1,SKU_A,5,436
537,Supplier,W1,SKU_B,5,337
537,Supplier,W1,SKU_C,5,269
537,Supplier,W1,SKU_D,5,233
537,Supplier,W1,SKU_E,5,225
537,Supplier,W2,SKU_A,6,219
537,Supplier,W2,SKU_B,6,88
537,Supplier,W2,SKU_C,6,115
537,Supplier,W2,SKU_D,6,144
537,Supplier,W2,SKU_E,6,69
537,W1,R1,SKU_A,2,256
537,W1,R1,SKU_C,2,194
537,W1,R1,SKU_B,2,158
537,W1,R1,SKU_D,2,144
537,W1,R1,SKU_E,2,83
537,W1,R2,SKU_A,3,165
537,W1,R2,SKU_B,3,169
537,W1,R2,SKU_C,3,67
537,W1,R2,SKU_D,3,110
537,W1,R2,SKU_E,3,148
537,W2,R3,SKU_A,4,190
537,W2,R3,SKU_B,4,76
537,W2,R3,SKU_C,4,132
537,W2,R3,SKU_D,4,123
537,W2,R3,SKU_E,4,68
538,Supplier,W2,SKU_A,6,190
538,Supplier,W2,SKU_B,6,68
538,Supplier,W2,SKU_C,6,132
538,Supplier,W2,SKU_D,6,120
538,Supplier,W2,SKU_E,6,67
538,W2,R3,SKU_A,4,223
538,W2,R3,SKU_B,4,62
538,W2,R3,SKU_C,4,129
538,W2,R3,SKU_D,4,128
538,W2,R3,SKU_E,4,56
539,Supplier,W1,SKU_A,5,474
539,Supplier,W1,SKU_B,5,260
539,Supplier,W1,SKU_C,5,299
539,Supplier,W1,SKU_D,5,218
539,Supplier,W1,SKU_E,5,195
539,Supplier,W2,SKU_A,6,223
539,Supplier,W2,SKU_B,6,60
539,Supplier,W2,SKU_C,6,139
539,Supplier,W2,SKU_D,6,127
539,Supplier,W2,SKU_E,6,56
539,W1,R1,SKU_A,2,299
539,W1,R1,SKU_C,2,296
539,W1,R1,SKU_D,2,188
539,W1,R1,SKU_B,2,208
539,W1,R1,SKU_E,2,135
539,W1,R2,SKU_A,3,215
539,W1,R2,SKU_B,3,222
539,W1,R2,SKU_C,3,102
539,W1,R2,SKU_D,3,76
539,W1,R2,SKU_E,3,142
539,W2,R3,SKU_A,4,319
539,W2,R3,SKU_B,4,96
539,W2,R3,SKU_C,4,152
539,W2,R3,SKU_D,4,140
539,W2,R3,SKU_E,4,79
540,Supplier,W1,SKU_A,5,260
540,Supplier,W1,SKU_B,5,188
540,Supplier,W1,SKU_C,5,232
540,Supplier,W1,SKU_D,5,157
540,Supplier,W1,SKU_E,5,138
540,Supplier,W2,SKU_A,6,319
540,Supplier,W2,SKU_B,6,111
540,Supplier,W2,SKU_C,6,213
540,Supplier,W2,SKU_D,6,215
540,Supplier,W2,SKU_E,6,79
540,W1,R1,SKU_A,2,230
540,W1,R1,SKU_B,2,170
540,W1,R1,SKU_C,2,220
540,W1,R1,SKU_D,2,101
540,W1,R1,SKU_E,2,73
540,W1,R2,SKU_A,3,126
540,W1,R2,SKU_B,3,97
540,W1,R2,SKU_C,3,73
540,W1,R2,SKU_D,3,60
540,W1,R2,SKU_E,3,68
540,W2,R3,SKU_A,4,336
540,W2,R3,SKU_B,4,105
540,W2,R3,SKU_C,4,189
540,W2,R3,SKU_D,4,154
540,W2,R3,SKU_E,4,117
541,Supplier,W1,SKU_A,5,356
541,Supplier,W1,SKU_B,5,265
541,Supplier,W1,SKU_C,5,330
541,Supplier,W1,SKU_D,5,161
541,Supplier,W1,SKU_E,5,141
541,Supplier,W2,SKU_A,6,348
541,Supplier,W2,SKU_B,6,141
541,Supplier,W2,SKU_C,6,193
541,Supplier,W2,SKU_D,6,222
541,Supplier,W2,SKU_E,6,117
541,W2,R3,SKU_A,4,306
541,W2,R3,SKU_B,4,125
541,W2,R3,SKU_C,4,202
541,W2,R3,SKU_D,4,208
541,W2,R3,SKU_E,4,101
542,Supplier,W1,SKU_A,5,309
542,Supplier,W1,SKU_B,5,232
542,Supplier,W1,SKU_C,5,237
542,Supplier,W1,SKU_D,5,158
542,Supplier,W1,SKU_E,5,150
542,Supplier,W2,SKU_A,6,299
542,Supplier,W2,SKU_B,6,97
542,Supplier,W2,SKU_C,6,177
542,Supplier,W2,SKU_D,6,187
542,Supplier,W2,SKU_E,6,101
542,W1,R1,SKU_A,2,306
542,W1,R1,SKU_D,2,185
542,W1,R1,SKU_E,2,141
542,W1,R1,SKU_B,2,259
542,W1,R1,SKU_C,2,258
542,W1,R2,SKU_A,3,218
542,W1,R2,SKU_B,3,78
542,W1,R2,SKU_C,3,11
542,W1,R2,SKU_D,3,91
542,W1,R2,SKU_E,3,106
542,W2,R3,SKU_A,4,221
542,W2,R3,SKU_B,4,97
542,W2,R3,SKU_C,4,148
542,W2,R3,SKU_D,4,157
542,W2,R3,SKU_E,4,64
543,Supplier,W2,SKU_A,6,216
543,Supplier,W2,SKU_B,6,80
543,Supplier,W2,SKU_C,6,112
543,Supplier,W2,SKU_D,6,128
543,Supplier,W2,SKU_E,6,64
543,W2,R3,SKU_A,4,216
543,W2,R3,SKU_B,4,74
543,W2,R3,SKU_C,4,115
543,W2,R3,SKU_D,4,144
543,W2,R3,SKU_E,4,84
544,Supplier,W1,SKU_A,5,449
544,Supplier,W1,SKU_B,5,298
544,Supplier,W1,SKU_C,5,269
544,Supplier,W1,SKU_D,5,231
544,Supplier,W1,SKU_E,5,185
544,Supplier,W2,SKU_A,6,216
544,Supplier,W2,SKU_B,6,68
544,Supplier,W2,SKU_C,6,122
544,Supplier,W2,SKU_D,6,130
544,Supplier,W2,SKU_E,6,84
544,W1,R1,SKU_A,2,265
544,W1,R1,SKU_D,2,131
544,W1,R1,SKU_E,2,80
544,W1,R1,SKU_B,2,149
544,W1,R1,SKU_C,2,156
544,W1,R2,SKU_A,3,191
544,W1,R2,SKU_B,3,111
544,W1,R2,SKU_C,3,143
544,W1,R2,SKU_D,3,72
544,W1,R2,SKU_E,3,87
544,W2,R3,SKU_A,4,201
544,W2,R3,SKU_B,4,76
544,W2,R3,SKU_C,4,132
544,W2,R3,SKU_D,4,120
544,W2,R3,SKU_E,4,77
545,Supplier,W2,SKU_A,6,201
545,Supplier,W2,SKU_B,6,76
545,Supplier,W2,SKU_C,6,145
545,Supplier,W2,SKU_D,6,144
545,Supplier,W2,SKU_E,6,77
545,W1,R1,SKU_A,2,126
545,W1,R1,SKU_B,2,72
545,W1,R1,SKU_C,2,80
545,W1,R1,SKU_D,2,87
545,W1,R1,SKU_E,2,56
545,W1,R2,SKU_A,3,81
545,W1,R2,SKU_B,3,116
545,W1,R2,SKU_C,3,141
545,W1,R2,SKU_D,3,27
545,W1,R2,SKU_E,3,64
545,W2,R3,SKU_A,4,193
545,W2,R3,SKU_B,4,66
545,W2,R3,SKU_C,4,139
545,W2,R3,SKU_D,4,127
545,W2,R3,SKU_E,4,65
546,Supplier,W1,SKU_A,5,429
546,Supplier,W1,SKU_B,5,252
546,Supplier,W1,SKU_C,5,246
546,Supplier,W1,SKU_D,5,204
546,Supplier,W1,SKU_E,5,199
546,Supplier,W2,SKU_A,6,193
546,Supplier,W2,SKU_B,6,72
546,Supplier,W2,SKU_C,6,139
546,Supplier,W2,SKU_D,6,137
546,Supplier,W2,SKU_E,6,65
546,W1,R1,SKU_A,2,163
546,W1,R1,SKU_B,2,113
546,W1,R1,SKU_C,2,97
546,W1,R1,SKU_D,2,83
546,W1,R1,SKU_E,2,71
546,W1,R2,SKU_A,3,92
546,W1,R2,SKU_B,3,152
546,W1,R2,SKU_C,3,48
546,W1,R2,SKU_D,3,40
546,W1,R2,SKU_E,3,62
546,W2,R3,SKU_A,4,267
546,W2,R3,SKU_B,4,73
546,W2,R3,SKU_C,4,198
546,W2,R3,SKU_D,4,215
546,W2,R3,SKU_E,4,73
547,Supplier,W2,SKU_A,6,267
547,Supplier,W2,SKU_B,6,67
547,Supplier,W2,SKU_C,6,164
547,Supplier,W2,SKU_D,6,170
547,Supplier,W2,SKU_E,6,73
547,W1,R1,SKU_A,2,195
547,W1,R1,SKU_B,2,156
547,W1,R1,SKU_C,2,143
547,W1,R1,SKU_D,2,97
547,W1,R1,SKU_E,2,75
547,W1,R2,SKU_A,3,97
547,W1,R2,SKU_B,3,76
547,W1,R2,SKU_C,3,51
547,W1,R2,SKU_D,3,46
547,W1,R2,SKU_E,3,45
547,W2,R3,SKU_A,4,294
547,W2,R3,SKU_B,4,130
547,W2,R3,SKU_C,4,208
547,W2,R3,SKU_D,4,222
547,W2,R3,SKU_E,4,94
548,Supplier,W1,SKU_A,5,547
548,Supplier,W1,SKU_B,5,404
548,Supplier,W1,SKU_C,5,339
548,Supplier,W1,SKU_D,5,266
548,Supplier,W1,SKU_E,5,253
548,Supplier,W2,SKU_A,6,294
548,Supplier,W2,SKU_B,6,130
548,Supplier,W2,SKU_C,6,218
548,Supplier,W2,SKU_D,6,219
548,Supplier,W2,SKU_E,6,94
548,W1,R1,SKU_A,2,187
548,W1,R1,SKU_C,2,131
548,W1,R1,SKU_D,2,94
548,W1,R1,SKU_E,2,91
548,W1,R2,SKU_A,3,98
548,W1,R2,SKU_C,3,59
548,W1,R2,SKU_D,3,30
548,W1,R2,SKU_E,3,21
548,W2,R3,SKU_A,4,315
548,W2,R3,SKU_B,4,122
548,W2,R3,SKU_C,4,177
548,W2,R3,SKU_D,4,187
548,W2,R3,SKU_E,4,77
549,Supplier,W1,SKU_A,5,285
549,Supplier,W1,SKU_B,5,182
549,Supplier,W1,SKU_C,5,190
549,Supplier,W1,SKU_D,5,134
549,Supplier,W1,SKU_E,5,162
549,Supplier,W2,SKU_A,6,315
549,Supplier,W2,SKU_B,6,122
549,Supplier,W2,SKU_C,6,221
549,Supplier,W2,SKU_D,6,197
549,Supplier,W2,SKU_E,6,77
549,W1,R1,SKU_A,2,152
549,W1,R1,SKU_B,2,220
549,W1,R1,SKU_C,2,102
549,W1,R1,SKU_D,2,87
549,W1,R1,SKU_E,2,58
549,W1,R2,SKU_A,3,104
549,W1,R2,SKU_B,3,78
549,W1,R2,SKU_C,3,41
549,W1,R2,SKU_D,3,47
549,W1,R2,SKU_E,3,106
549,W2,R3,SKU_A,4,225
549,W2,R3,SKU_B,4,78
549,W2,R3,SKU_C,4,112
549,W2,R3,SKU_D,4,128
549,W2,R3,SKU_E,4,80
550,Supplier,W2,SKU_A,6,225
550,Supplier,W2,SKU_B,6,78
550,Supplier,W2,SKU_C,6,149
550,Supplier,W2,SKU_D,6,143
550,Supplier,W2,SKU_E,6,80
550,W1,R2,SKU_A,3,83
550,W1,R2,SKU_C,3,59
550,W1,R2,SKU_D,3,27
550,W2,R3,SKU_A,4,244
550,W2,R3,SKU_B,4,83
550,W2,R3,SKU_C,4,122
550,W2,R3,SKU_D,4,130
550,W2,R3,SKU_E,4,85
551,Supplier,W1,SKU_A,5,491
551,Supplier,W1,SKU_B,5,309
551,Supplier,W1,SKU_C,5,311
551,Supplier,W1,SKU_D,5,235
551,Supplier,W1,SKU_E,5,219
551,Supplier,W2,SKU_A,6,244
551,Supplier,W2,SKU_B,6,83
551,Supplier,W2,SKU_C,6,164
551,Supplier,W2,SKU_D,6,133
551,Supplier,W2,SKU_E,6,85
551,W1,R1,SKU_A,2,306
551,W1,R1,SKU_C,2,219
551,W1,R1,SKU_D,2,162
551,W1,R1,SKU_E,2,126
551,W1,R1,SKU_B,2,207
551,W1,R2,SKU_A,3,123
551,W1,R2,SKU_B,3,45
551,W1,R2,SKU_C,3,57
551,W1,R2,SKU_D,3,77
551,W1,R2,SKU_E,3,94
551,W2,R3,SKU_A,4,242
551,W2,R3,SKU_B,4,87
551,W2,R3,SKU_C,4,145
551,W2,R3,SKU_D,4,144
551,W2,R3,SKU_E,4,110
552,Supplier,W1,SKU_A,5,277
552,Supplier,W1,SKU_B,5,181
552,Supplier,W1,SKU_C,5,167
552,Supplier,W1,SKU_D,5,155
552,Supplier,W1,SKU_E,5,147
552,Supplier,W2,SKU_A,6,242
552,Supplier,W2,SKU_B,6,97
552,Supplier,W2,SKU_C,6,173
552,Supplier,W2,SKU_D,6,159
552,Supplier,W2,SKU_E,6,110
552,W2,R3,SKU_A,4,262
552,W2,R3,SKU_B,4,72
552,W2,R3,SKU_C,4,139
552,W2,R3,SKU_D,4,137
552,W2,R3,SKU_E,4,99
553,Supplier,W1,SKU_A,5,283
553,Supplier,W1,SKU_B,5,215
553,Supplier,W1,SKU_C,5,163
553,Supplier,W1,SKU_D,5,126
553,Supplier,W1,SKU_E,5,141
553,Supplier,W2,SKU_A,6,273
553,Supplier,W2,SKU_B,6,112
553,Supplier,W2,SKU_C,6,187
553,Supplier,W2,SKU_D,6,180
553,Supplier,W2,SKU_E,6,99
553,W1,R1,SKU_A,2,346
553,W1,R1,SKU_C,2,228
553,W1,R1,SKU_D,2,179
553,W1,R1,SKU_B,2,232
553,W1,R1,SKU_E,2,130
553,W1,R2,SKU_A,3,255
553,W1,R2,SKU_B,3,172
553,W1,R2,SKU_C,3,123
553,W1,R2,SKU_D,3,98
553,W1,R2,SKU_E,3,123
553,W2,R3,SKU_A,4,267
553,W2,R3,SKU_B,4,67
553,W2,R3,SKU_C,4,164
553,W2,R3,SKU_D,4,170
553,W2,R3,SKU_E,4,103
554,Supplier,W1,SKU_A,5,318
554,Supplier,W1,SKU_B,5,208
554,Supplier,W1,SKU_C,5,188
554,Supplier,W1,SKU_D,5,151
554,Supplier,W1,SKU_E,5,154
554,Supplier,W2,SKU_A,6,325
554,Supplier,W2,SKU_B,6,136
554,Supplier,W2,SKU_C,6,244
554,Supplier,W2,SKU_D,6,204
554,Supplier,W2,SKU_E,6,141
554,W1,R1,SKU_A,2,226
554,W1,R1,SKU_B,2,132
554,W1,R1,SKU_C,2,186
554,W1,R1,SKU_D,2,138
554,W1,R1,SKU_E,2,69
554,W1,R2,SKU_A,3,126
554,W1,R2,SKU_B,3,50
554,W1,R2,SKU_C,3,57
554,W1,R2,SKU_D,3,20
554,W1,R2,SKU_E,3,93
554,W2,R3,SKU_A,4,294
554,W2,R3,SKU_B,4,130
554,W2,R3,SKU_C,4,218
554,W2,R3,SKU_D,4,219
554,W2,R3,SKU_E,4,94
555,Supplier,W1,SKU_A,5,352
555,Supplier,W1,SKU_B,5,210
555,Supplier,W1,SKU_C,5,243
555,Supplier,W1,SKU_D,5,195
555,Supplier,W1,SKU_E,5,152
555,Supplier,W2,SKU_A,6,373
555,Supplier,W2,SKU_B,6,134
555,Supplier,W2,SKU_C,6,247
555,Supplier,W2,SKU_D,6,242
555,Supplier,W2,SKU_E,6,104
555,W2,R3,SKU_A,4,315
555,W2,R3,SKU_B,4,122
555,W2,R3,SKU_C,4,221
555,W2,R3,SKU_D,4,197
555,W2,R3,SKU_E,4,77
556,Supplier,W1,SKU_A,5,366
556,Supplier,W1,SKU_B,5,234
556,Supplier,W1,SKU_C,5,200
556,Supplier,W1,SKU_D,5,157
556,Supplier,W1,SKU_E,5,152
556,Supplier,W2,SKU_A,6,345
556,Supplier,W2,SKU_B,6,58
556,Supplier,W2,SKU_C,6,186
556,Supplier,W2,SKU_D,6,163
556,Supplier,W2,SKU_E,6,97
556,W1,R1,SKU_A,2,418
556,W1,R1,SKU_C,2,263
556,W1,R1,SKU_B,2,244
556,W1,R1,SKU_D,2,235
556,W1,R1,SKU_E,2,147
556,W1,R2,SKU_A,3,88
556,W1,R2,SKU_B,3,65
556,W1,R2,SKU_C,3,69
556,W1,R2,SKU_E,3,72
556,W2,R3,SKU_A,4,225
556,W2,R3,SKU_B,4,78
556,W2,R3,SKU_C,4,149
556,W2,R3,SKU_D,4,143
556,W2,R3,SKU_E,4,80
557,Supplier,W1,SKU_A,5,273
557,Supplier,W1,SKU_B,5,186
557,Supplier,W1,SKU_C,5,174
557,Supplier,W1,SKU_D,5,153
557,Supplier,W1,SKU_E,5,136
557,Supplier,W2,SKU_A,6,261
557,Supplier,W2,SKU_B,6,101
557,Supplier,W2,SKU_C,6,162
557,Supplier,W2,SKU_D,6,147
557,Supplier,W2,SKU_E,6,109
557,W1,R1,SKU_A,2,198
557,W1,R1,SKU_B,2,110
557,W1,R1,SKU_C,2,102
557,W1,R1,SKU_D,2,125
557,W1,R1,SKU_E,2,51
557,W1,R2,SKU_A,3,79
557,W1,R2,SKU_B,3,71
557,W1,R2,SKU_C,3,65
557,W1,R2,SKU_D,3,30
557,W1,R2,SKU_E,3,96
557,W2,R3,SKU_A,4,244
557,W2,R3,SKU_B,4,83
557,W2,R3,SKU_C,4,164
557,W2,R3,SKU_D,4,133
557,W2,R3,SKU_E,4,85
558,Supplier,W1,SKU_A,5,292
558,Supplier,W1,SKU_B,5,185
558,Supplier,W1,SKU_C,5,160
558,Supplier,W1,SKU_D,5,175
558,Supplier,W1,SKU_E,5,115
558,Supplier,W2,SKU_A,6,233
558,Supplier,W2,SKU_B,6,99
558,Supplier,W2,SKU_C,6,150
558,Supplier,W2,SKU_D,6,167
558,Supplier,W2,SKU_E,6,98
558,W1,R1,SKU_A,2,146
558,W1,R1,SKU_B,2,97
558,W1,R1,SKU_C,2,99
558,W1,R1,SKU_D,2,100
558,W1,R1,SKU_E,2,48
558,W1,R2,SKU_A,3,137
558,W1,R2,SKU_B,3,118
558,W1,R2,SKU_C,3,64
558,W1,R2,SKU_D,3,26
558,W1,R2,SKU_E,3,93
558,W2,R3,SKU_A,4,242
558,W2,R3,SKU_B,4,97
558,W2,R3,SKU_C,4,173
558,W2,R3,SKU_D,4,159
558,W2,R3,SKU_E,4,110
559,Supplier,W2,SKU_A,6,239
559,Supplier,W2,SKU_B,6,63
559,Supplier,W2,SKU_C,6,89
559,Supplier,W2,SKU_D,6,122
559,Supplier,W2,SKU_E,6,88
559,W1,R1,SKU_A,2,193
559,W1,R1,SKU_B,2,86
559,W1,R1,SKU_C,2,123
559,W1,R1,SKU_D,2,118
559,W1,R1,SKU_E,2,59
559,W1,R2,SKU_A,3,125
559,W1,R2,SKU_B,3,122
559,W1,R2,SKU_C,3,65
559,W1,R2,SKU_D,3,33
559,W1,R2,SKU_E,3,95
559,W2,R3,SKU_A,4,273
559,W2,R3,SKU_B,4,112
559,W2,R3,SKU_C,4,187
559,W2,R3,SKU_D,4,180
559,W2,R3,SKU_E,4,99
560,Supplier,W1,SKU_A,5,574
560,Supplier,W1,SKU_B,5,315
560,Supplier,W1,SKU_C,5,353
560,Supplier,W1,SKU_D,5,314
560,Supplier,W1,SKU_E,5,255
560,Supplier,W2,SKU_A,6,271
560,Supplier,W2,SKU_B,6,80
560,Supplier,W2,SKU_C,6,142
560,Supplier,W2,SKU_D,6,181
560,Supplier,W2,SKU_E,6,74
560,W1,R1,SKU_A,2,209
560,W1,R1,SKU_B,2,136
560,W1,R1,SKU_C,2,143
560,W1,R1,SKU_D,2,112
560,W1,R1,SKU_E,2,63
560,W1,R2,SKU_A,3,143
560,W1,R2,SKU_B,3,74
560,W1,R2,SKU_C,3,100
560,W1,R2,SKU_D,3,83
560,W1,R2,SKU_E,3,89
560,W2,R3,SKU_A,4,325
560,W2,R3,SKU_B,4,136
560,W2,R3,SKU_C,4,244
560,W2,R3,SKU_D,4,204
560,W2,R3,SKU_E,4,141
561,Supplier,W1,SKU_A,5,342
561,Supplier,W1,SKU_B,5,223
561,Supplier,W1,SKU_C,5,239
561,Supplier,W1,SKU_D,5,171
561,Supplier,W1,SKU_E,5,131
561,Supplier,W2,SKU_A,6,276
561,Supplier,W2,SKU_B,6,112
561,Supplier,W2,SKU_C,6,175
561,Supplier,W2,SKU_D,6,214
561,Supplier,W2,SKU_E,6,122
561,W1,R1,SKU_A,2,270
561,W1,R1,SKU_B,2,139
561,W1,R1,SKU_C,2,200
561,W1,R1,SKU_D,2,144
561,W1,R1,SKU_E,2,80
561,W1,R2,SKU_A,3,96
561,W1,R2,SKU_B,3,95
561,W1,R2,SKU_D,3,13
561,W1,R2,SKU_E,3,72
561,W2,R3,SKU_A,4,373
561,W2,R3,SKU_B,4,124
561,W2,R3,SKU_C,4,247
561,W2,R3,SKU_D,4,242
561,W2,R3,SKU_E,4,104
562,Supplier,W1,SKU_A,5,419
562,Supplier,W1,SKU_B,5,232
562,Supplier,W1,SKU_C,5,326
562,Supplier,W1,SKU_D,5,183
562,Supplier,W1,SKU_E,5,154
562,Supplier,W2,SKU_A,6,412
562,Supplier,W2,SKU_B,6,116
562,Supplier,W2,SKU_C,6,272
562,Supplier,W2,SKU_D,6,199
562,Supplier,W2,SKU_E,6,104
562,W1,R1,SKU_A,2,273
562,W1,R1,SKU_B,2,158
562,W1,R1,SKU_C,2,174
562,W1,R1,SKU_D,2,140
562,W1,R1,SKU_E,2,84
562,W1,R2,SKU_B,3,28
562,W1,R2,SKU_D,3,13
562,W1,R2,SKU_E,3,52
562,W2,R3,SKU_A,4,345
562,W2,R3,SKU_B,4,68
562,W2,R3,SKU_C,4,186
562,W2,R3,SKU_D,4,163
562,W2,R3,SKU_E,4,97
563,Supplier,W1,SKU_A,5,416
563,Supplier,W1,SKU_B,5,235
563,Supplier,W1,SKU_C,5,274
563,Supplier,W1,SKU_D,5,176
563,Supplier,W1,SKU_E,5,146
563,Supplier,W2,SKU_A,6,364
563,Supplier,W2,SKU_B,6,117
563,Supplier,W2,SKU_C,6,215
563,Supplier,W2,SKU_D,6,203
563,Supplier,W2,SKU_E,6,100
563,W1,R1,SKU_A,2,179
563,W1,R1,SKU_B,2,98
563,W1,R1,SKU_C,2,160
563,W1,R1,SKU_D,2,92
563,W1,R1,SKU_E,2,57
563,W1,R2,SKU_A,3,113
563,W1,R2,SKU_B,3,87
563,W1,R2,SKU_D,3,83
563,W1,R2,SKU_E,3,58
563,W2,R3,SKU_A,4,261
563,W2,R3,SKU_B,4,101
563,W2,R3,SKU_C,4,162
563,W2,R3,SKU_D,4,147
563,W2,R3,SKU_E,4,109
564,Supplier,W2,SKU_A,6,274
564,Supplier,W2,SKU_B,6,80
564,Supplier,W2,SKU_C,6,114
564,Supplier,W2,SKU_D,6,172
564,Supplier,W2,SKU_E,6,69
564,W2,R3,SKU_A,4,233
564,W2,R3,SKU_B,4,99
564,W2,R3,SKU_C,4,150
564,W2,R3,SKU_D,4,167
564,W2,R3,SKU_E,4,86
565,Supplier,W1,SKU_A,5,558
565,Supplier,W1,SKU_B,5,293
565,Supplier,W1,SKU_C,5,403
565,Supplier,W1,SKU_D,5,291
565,Supplier,W1,SKU_E,5,226
565,Supplier,W2,SKU_A,6,232
565,Supplier,W2,SKU_B,6,104
565,Supplier,W2,SKU_C,6,64
565,Supplier,W2,SKU_D,6,190
565,Supplier,W2,SKU_E,6,79
565,W1,R1,SKU_A,2,342
565,W1,R1,SKU_B,2,155
565,W1,R1,SKU_C,2,251
565,W1,R1,SKU_D,2,216
565,W1,R1,SKU_E,2,95
565,W1,R2,SKU_A,3,232
565,W1,R2,SKU_B,3,160
565,W1,R2,SKU_C,3,102
565,W1,R2,SKU_D,3,98
565,W1,R2,SKU_E,3,160
565,W2,R3,SKU_A,4,239
565,W2,R3,SKU_B,4,63
565,W2,R3,SKU_C,4,89
565,W2,R3,SKU_D,4,122
565,W2,R3,SKU_E,4,98
566,Supplier,W2,SKU_A,6,250
566,Supplier,W2,SKU_B,6,112
566,Supplier,W2,SKU_C,6,118
566,Supplier,W2,SKU_D,6,199
566,Supplier,W2,SKU_E,6,98
566,W1,R1,SKU_A,2,186
566,W1,R1,SKU_B,2,108
566,W1,R1,SKU_C,2,107
566,W1,R1,SKU_D,2,118
566,W1,R1,SKU_E,2,47
566,W1,R2,SKU_A,3,156
566,W1,R2,SKU_B,3,115
566,W1,R2,SKU_C,3,132
566,W1,R2,SKU_D,3,53
566,W1,R2,SKU_E,3,81
566,W2,R3,SKU_A,4,271
566,W2,R3,SKU_B,4,80
566,W2,R3,SKU_C,4,142
566,W2,R3,SKU_D,4,181
566,W2,R3,SKU_E,4,76
567,Supplier,W1,SKU_A,5,610
567,Supplier,W1,SKU_B,5,315
567,Supplier,W1,SKU_C,5,335
567,Supplier,W1,SKU_D,5,319
567,Supplier,W1,SKU_E,5,220
567,Supplier,W2,SKU_A,6,279
567,Supplier,W2,SKU_B,6,68
567,Supplier,W2,SKU_C,6,164
567,Supplier,W2,SKU_D,6,173
567,Supplier,W2,SKU_E,6,112
567,W1,R1,SKU_A,2,194
567,W1,R1,SKU_B,2,108
567,W1,R1,SKU_C,2,135
567,W1,R1,SKU_D,2,122
567,W1,R1,SKU_E,2,79
567,W1,R2,SKU_A,3,225
567,W1,R2,SKU_B,3,124
567,W1,R2,SKU_C,3,191
567,W1,R2,SKU_D,3,61
567,W1,R2,SKU_E,3,66
567,W2,R3,SKU_A,4,276
567,W2,R3,SKU_B,4,112
567,W2,R3,SKU_C,4,175
567,W2,R3,SKU_D,4,214
567,W2,R3,SKU_E,4,122
568,Supplier,W1,SKU_A,5,302
568,Supplier,W1,SKU_B,5,186
568,Supplier,W1,SKU_C,5,202
568,Supplier,W1,SKU_D,5,172
568,Supplier,W1,SKU_E,5,145
568,Supplier,W2,SKU_A,6,337
568,Supplier,W2,SKU_B,6,88
568,Supplier,W2,SKU_C,6,208
568,Supplier,W2,SKU_D,6,224
568,Supplier,W2,SKU_E,6,100
568,W1,R1,SKU_A,2,250
568,W1,R1,SKU_B,2,106
568,W1,R1,SKU_C,2,183
568,W1,R1,SKU_D,2,134
568,W1,R1,SKU_E,2,85
568,W1,R2,SKU_A,3,166
568,W1,R2,SKU_B,3,129
568,W1,R2,SKU_C,3,91
568,W1,R2,SKU_D,3,42
568,W1,R2,SKU_E,3,73
568,W2,R3,SKU_A,4,412
568,W2,R3,SKU_B,4,116
568,W2,R3,SKU_C,4,272
568,W2,R3,SKU_D,4,199
568,W2,R3,SKU_E,4,104
569,Supplier,W1,SKU_A,5,366
569,Supplier,W1,SKU_B,5,179
569,Supplier,W1,SKU_C,5,261
569,Supplier,W1,SKU_D,5,185
569,Supplier,W1,SKU_E,5,170
569,Supplier,W2,SKU_A,6,394
569,Supplier,W2,SKU_B,6,116
569,Supplier,W2,SKU_C,6,204
569,Supplier,W2,SKU_D,6,231
569,Supplier,W2,SKU_E,6,121
569,W2,R3,SKU_A,4,364
569,W2,R3,SKU_B,4,115
569,W2,R3,SKU_C,4,215
569,W2,R3,SKU_D,4,203
569,W2,R3,SKU_E,4,100
570,Supplier,W1,SKU_A,5,399
570,Supplier,W1,SKU_B,5,214
570,Supplier,W1,SKU_C,5,274
570,Supplier,W1,SKU_D,5,176
570,Supplier,W1,SKU_E,5,168
570,Supplier,W2,SKU_A,6,429
570,Supplier,W2,SKU_B,6,69
570,Supplier,W2,SKU_C,6,226
570,Supplier,W2,SKU_D,6,214
570,Supplier,W2,SKU_E,6,106
570,W1,R1,SKU_A,2,428
570,W1,R1,SKU_B,2,230
570,W1,R1,SKU_C,2,306
570,W1,R1,SKU_D,2,218
570,W1,R1,SKU_E,2,143
570,W1,R2,SKU_A,3,130
570,W1,R2,SKU_B,3,63
570,W1,R2,SKU_C,3,97
570,W1,R2,SKU_D,3,73
570,W1,R2,SKU_E,3,83
570,W2,R3,SKU_A,4,274
570,W2,R3,SKU_B,4,69
570,W2,R3,SKU_C,4,114
570,W2,R3,SKU_D,4,172
570,W2,R3,SKU_E,4,69
571,Supplier,W2,SKU_A,6,249
571,Supplier,W2,SKU_B,6,69
571,Supplier,W2,SKU_C,6,149
571,Supplier,W2,SKU_D,6,80
571,Supplier,W2,SKU_E,6,93
571,W2,R3,SKU_A,4,232
571,W2,R3,SKU_B,4,80
571,W2,R3,SKU_C,4,64
571,W2,R3,SKU_D,4,190
571,W2,R3,SKU_E,4,79
572,Supplier,W1,SKU_A,5,526
572,Supplier,W1,SKU_B,5,265
572,Supplier,W1,SKU_C,5,348
572,Supplier,W1,SKU_D,5,290
572,Supplier,W1,SKU_E,5,237
572,Supplier,W2,SKU_A,6,235
572,Supplier,W2,SKU_B,6,80
572,Supplier,W2,SKU_C,6,148
572,Supplier,W2,SKU_D,6,119
572,Supplier,W2,SKU_E,6,78
572,W1,R1,SKU_A,2,310
572,W1,R1,SKU_B,2,131
572,W1,R1,SKU_C,2,191
572,W1,R1,SKU_D,2,192
572,W1,R1,SKU_E,2,119
572,W1,R2,SKU_A,3,300
572,W1,R2,SKU_B,3,175
572,W1,R2,SKU_C,3,144
572,W1,R2,SKU_D,3,127
572,W1,R2,SKU_E,3,101
572,W2,R3,SKU_A,4,250
572,W2,R3,SKU_B,4,70
572,W2,R3,SKU_C,4,118
572,W2,R3,SKU_D,4,199
572,W2,R3,SKU_E,4,98
573,Supplier,W2,SKU_A,6,217
573,Supplier,W2,SKU_B,6,70
573,Supplier,W2,SKU_C,6,109
573,Supplier,W2,SKU_D,6,122
573,Supplier,W2,SKU_E,6,88
573,W1,R1,SKU_A,2,154
573,W1,R1,SKU_B,2,58
573,W1,R1,SKU_C,2,90
573,W1,R1,SKU_D,2,86
573,W1,R1,SKU_E,2,48
573,W1,R2,SKU_A,3,148
573,W1,R2,SKU_B,3,23
573,W1,R2,SKU_C,3,112
573,W1,R2,SKU_D,3,86
573,W1,R2,SKU_E,3,97
573,W2,R3,SKU_A,4,279
573,W2,R3,SKU_B,4,80
573,W2,R3,SKU_C,4,164
573,W2,R3,SKU_D,4,173
573,W2,R3,SKU_E,4,112
574,Supplier,W1,SKU_A,5,504
574,Supplier,W1,SKU_B,5,170
574,Supplier,W1,SKU_C,5,259
574,Supplier,W1,SKU_D,5,247
574,Supplier,W1,SKU_E,5,228
574,Supplier,W2,SKU_A,6,235
574,Supplier,W2,SKU_B,6,80
574,Supplier,W2,SKU_C,6,116
574,Supplier,W2,SKU_D,6,121
574,Supplier,W2,SKU_E,6,82
574,W1,R1,SKU_A,2,154
574,W1,R1,SKU_B,2,87
574,W1,R1,SKU_C,2,115
574,W1,R1,SKU_D,2,88
574,W1,R1,SKU_E,2,64
574,W1,R2,SKU_A,3,165
574,W1,R2,SKU_B,3,38
574,W1,R2,SKU_C,3,109
574,W1,R2,SKU_D,3,97
574,W1,R2,SKU_E,3,106
574,W2,R3,SKU_A,4,337
574,W2,R3,SKU_B,4,103
574,W2,R3,SKU_C,4,208
574,W2,R3,SKU_D,4,221
574,W2,R3,SKU_E,4,100
575,Supplier,W2,SKU_A,6,295
575,Supplier,W2,SKU_B,6,103
575,Supplier,W2,SKU_C,6,160
575,Supplier,W2,SKU_D,6,156
575,Supplier,W2,SKU_E,6,90
575,W1,R1,SKU_A,2,220
575,W1,R1,SKU_B,2,115
575,W1,R1,SKU_C,2,138
575,W1,R1,SKU_D,2,132
575,W1,R1,SKU_E,2,79
575,W1,R2,SKU_A,3,99
575,W1,R2,SKU_B,3,62
575,W1,R2,SKU_C,3,63
575,W1,R2,SKU_D,3,44
575,W1,R2,SKU_E,3,74
575,W2,R3,SKU_A,4,394
575,W2,R3,SKU_B,4,142
575,W2,R3,SKU_C,4,204
575,W2,R3,SKU_D,4,234
575,W2,R3,SKU_E,4,116
576,Supplier,W1,SKU_A,5,579
576,Supplier,W1,SKU_B,5,302
576,Supplier,W1,SKU_C,5,376
576,Supplier,W1,SKU_D,5,295
576,Supplier,W1,SKU_E,5,269
576,Supplier,W2,SKU_A,6,377
576,Supplier,W2,SKU_B,6,142
576,Supplier,W2,SKU_C,6,213
576,Supplier,W2,SKU_D,6,243
576,Supplier,W2,SKU_E,6,106
576,W1,R1,SKU_A,2,127
576,W1,R1,SKU_B,2,140
576,W1,R1,SKU_C,2,110
576,W1,R1,SKU_E,2,15
576,W2,R3,SKU_A,4,429
576,W2,R3,SKU_B,4,83
576,W2,R3,SKU_C,4,226
576,W2,R3,SKU_D,4,214
576,W2,R3,SKU_E,4,103
577,Supplier,W1,SKU_A,5,403
577,Supplier,W1,SKU_B,5,197
577,Supplier,W1,SKU_C,5,246
577,Supplier,W1,SKU_D,5,192
577,Supplier,W1,SKU_E,5,176
577,Supplier,W2,SKU_A,6,406
577,Supplier,W2,SKU_B,6,83
577,Supplier,W2,SKU_C,6,241
577,Supplier,W2,SKU_D,6,248
577,Supplier,W2,SKU_E,6,103
577,W1,R1,SKU_A,2,332
577,W1,R1,SKU_B,2,79
577,W1,R1,SKU_C,2,202
577,W1,R1,SKU_D,2,263
577,W1,R1,SKU_E,2,140
577,W1,R2,SKU_B,3,103
577,W1,R2,SKU_A,3,194
577,W1,R2,SKU_C,3,111
577,W1,R2,SKU_D,3,27
577,W1,R2,SKU_E,3,97
577,W2,R3,SKU_A,4,249
577,W2,R3,SKU_B,4,75
577,W2,R3,SKU_C,4,149
577,W2,R3,SKU_D,4,80
577,W2,R3,SKU_E,4,85
578,Supplier,W2,SKU_A,6,283
578,Supplier,W2,SKU_B,6,75
578,Supplier,W2,SKU_C,6,159
578,Supplier,W2,SKU_D,6,143
578,Supplier,W2,SKU_E,6,85
578,W1,R2,SKU_B,3,59
578,W2,R3,SKU_A,4,235
578,W2,R3,SKU_B,4,58
578,W2,R3,SKU_C,4,148
578,W2,R3,SKU_D,4,119
578,W2,R3,SKU_E,4,74
579,Supplier,W1,SKU_A,5,506
579,Supplier,W1,SKU_B,5,260
579,Supplier,W1,SKU_C,5,308
579,Supplier,W1,SKU_D,5,264
579,Supplier,W1,SKU_E,5,229
579,Supplier,W2,SKU_A,6,239
579,Supplier,W2,SKU_B,6,58
579,Supplier,W2,SKU_C,6,175
579,Supplier,W2,SKU_D,6,136
579,Supplier,W2,SKU_E,6,74
579,W1,R1,SKU_B,2,161
579,W1,R1,SKU_C,2,180
579,W1,R1,SKU_A,2,312
579,W1,R1,SKU_D,2,186
579,W1,R1,SKU_E,2,116
579,W1,R2,SKU_A,3,185
579,W1,R2,SKU_B,3,61
579,W1,R2,SKU_C,3,109
579,W1,R2,SKU_D,3,61
579,W1,R2,SKU_E,3,112
579,W2,R3,SKU_A,4,217
579,W2,R3,SKU_B,4,78
579,W2,R3,SKU_C,4,109
579,W2,R3,SKU_D,4,122
579,W2,R3,SKU_E,4,75
580,Supplier,W2,SKU_A,6,253
580,Supplier,W2,SKU_B,6,78
580,Supplier,W2,SKU_C,6,137
580,Supplier,W2,SKU_D,6,159
580,Supplier,W2,SKU_E,6,75
580,W2,R3,SKU_A,4,235
580,W2,R3,SKU_B,4,99
580,W2,R3,SKU_C,4,116
580,W2,R3,SKU_D,4,121
580,W2,R3,SKU_E,4,82
581,Supplier,W1,SKU_A,5,450
581,Supplier,W1,SKU_B,5,283
581,Supplier,W1,SKU_C,5,291
581,Supplier,W1,SKU_D,5,284
581,Supplier,W1,SKU_E,5,223
581,Supplier,W2,SKU_A,6,263
581,Supplier,W2,SKU_B,6,99
581,Supplier,W2,SKU_C,6,166
581,Supplier,W2,SKU_D,6,122
581,Supplier,W2,SKU_E,6,82
581,W1,R1,SKU_A,2,267
581,W1,R1,SKU_B,2,165
581,W1,R1,SKU_C,2,206
581,W1,R1,SKU_D,2,215
581,W1,R1,SKU_E,2,114
581,W1,R2,SKU_A,3,214
581,W1,R2,SKU_B,3,111
581,W1,R2,SKU_C,3,96
581,W1,R2,SKU_D,3,80
581,W1,R2,SKU_E,3,155
581,W2,R3,SKU_A,4,295
581,W2,R3,SKU_B,4,101
581,W2,R3,SKU_C,4,160
581,W2,R3,SKU_D,4,156
581,W2,R3,SKU_E,4,120
582,Supplier,W2,SKU_A,6,287
582,Supplier,W2,SKU_B,6,101
582,Supplier,W2,SKU_C,6,175
582,Supplier,W2,SKU_D,6,206
582,Supplier,W2,SKU_E,6,120
582,W1,R1,SKU_A,2,252
582,W1,R1,SKU_B,2,105
582,W1,R1,SKU_C,2,156
582,W1,R1,SKU_D,2,112
582,W1,R1,SKU_E,2,79
582,W1,R2,SKU_A,3,142
582,W1,R2,SKU_B,3,57
582,W1,R2,SKU_C,3,59
582,W1,R2,SKU_D,3,80
582,W1,R2,SKU_E,3,97
582,W2,R3,SKU_A,4,377
582,W2,R3,SKU_B,4,83
582,W2,R3,SKU_C,4,213
582,W2,R3,SKU_D,4,243
582,W2,R3,SKU_E,4,109
583,Supplier,W1,SKU_A,5,666
583,Supplier,W1,SKU_B,5,301
583,Supplier,W1,SKU_C,5,384
583,Supplier,W1,SKU_D,5,306
583,Supplier,W1,SKU_E,5,343
583,Supplier,W2,SKU_A,6,351
583,Supplier,W2,SKU_B,6,83
583,Supplier,W2,SKU_C,6,184
583,Supplier,W2,SKU_D,6,219
583,Supplier,W2,SKU_E,6,113
583,W2,R3,SKU_A,4,406
583,W2,R3,SKU_B,4,123
583,W2,R3,SKU_C,4,241
583,W2,R3,SKU_D,4,248
583,W2,R3,SKU_E,4,103
584,Supplier,W1,SKU_A,5,374
584,Supplier,W1,SKU_B,5,173
584,Supplier,W1,SKU_C,5,232
584,Supplier,W1,SKU_D,5,181
584,Supplier,W1,SKU_E,5,157
584,Supplier,W2,SKU_A,6,349
584,Supplier,W2,SKU_B,6,123
584,Supplier,W2,SKU_C,6,267
584,Supplier,W2,SKU_D,6,187
584,Supplier,W2,SKU_E,6,138
584,W1,R1,SKU_A,2,477
584,W1,R1,SKU_B,2,259
584,W1,R1,SKU_C,2,332
584,W1,R1,SKU_D,2,256
584,W1,R1,SKU_E,2,143
584,W1,R2,SKU_A,3,143
584,W1,R2,SKU_B,3,99
584,W1,R2,SKU_C,3,86
584,W1,R2,SKU_D,3,8
584,W1,R2,SKU_E,3,86
584,W2,R3,SKU_A,4,283
584,W2,R3,SKU_B,4,97
584,W2,R3,SKU_C,4,159
584,W2,R3,SKU_D,4,143
584,W2,R3,SKU_E,4,85
585,Supplier,W1,SKU_A,5,366
585,Supplier,W1,SKU_B,5,255
585,Supplier,W1,SKU_C,5,239
585,Supplier,W1,SKU_D,5,182
585,Supplier,W1,SKU_E,5,181
585,Supplier,W2,SKU_A,6,334
585,Supplier,W2,SKU_B,6,127
585,Supplier,W2,SKU_C,6,214
585,Supplier,W2,SKU_D,6,170
585,Supplier,W2,SKU_E,6,133
585,W2,R3,SKU_A,4,239
585,W2,R3,SKU_B,4,58
585,W2,R3,SKU_C,4,175
585,W2,R3,SKU_D,4,136
585,W2,R3,SKU_E,4,74
586,Supplier,W2,SKU_A,6,261
586,Supplier,W2,SKU_B,6,65
586,Supplier,W2,SKU_C,6,136
586,Supplier,W2,SKU_D,6,124
586,Supplier,W2,SKU_E,6,93
586,W1,R1,SKU_A,2,339
586,W1,R1,SKU_B,2,129
586,W1,R1,SKU_C,2,178
586,W1,R1,SKU_D,2,154
586,W1,R1,SKU_E,2,88
586,W1,R2,SKU_A,3,111
586,W1,R2,SKU_B,3,154
586,W1,R2,SKU_C,3,113
586,W1,R2,SKU_D,3,130
586,W1,R2,SKU_E,3,135
586,W2,R3,SKU_A,4,253
586,W2,R3,SKU_B,4,78
586,W2,R3,SKU_C,4,137
586,W2,R3,SKU_D,4,159
586,W2,R3,SKU_E,4,75
587,Supplier,W1,SKU_A,5,535
587,Supplier,W1,SKU_B,5,252
587,Supplier,W1,SKU_C,5,267
587,Supplier,W1,SKU_D,5,220
587,Supplier,W1,SKU_E,5,216
587,Supplier,W2,SKU_A,6,206
587,Supplier,W2,SKU_B,6,64
587,Supplier,W2,SKU_C,6,129
587,Supplier,W2,SKU_D,6,118
587,Supplier,W2,SKU_E,6,78
587,W2,R3,SKU_A,4,263
587,W2,R3,SKU_B,4,99
587,W2,R3,SKU_C,4,166
587,W2,R3,SKU_D,4,122
587,W2,R3,SKU_E,4,82
588,Supplier,W2,SKU_A,6,248
588,Supplier,W2,SKU_B,6,86
588,Supplier,W2,SKU_C,6,134
588,Supplier,W2,SKU_D,6,137
588,Supplier,W2,SKU_E,6,87
588,W1,R1,SKU_A,2,307
588,W1,R1,SKU_B,2,143
588,W1,R1,SKU_C,2,192
588,W1,R1,SKU_D,2,198
588,W1,R1,SKU_E,2,94
588,W1,R2,SKU_A,3,359
588,W1,R2,SKU_B,3,153
588,W1,R2,SKU_C,3,114
588,W1,R2,SKU_D,3,108
588,W1,R2,SKU_E,3,249
588,W2,R3,SKU_A,4,287
588,W2,R3,SKU_B,4,71
588,W2,R3,SKU_C,4,175
588,W2,R3,SKU_D,4,206
588,W2,R3,SKU_E,4,120
589,Supplier,W1,SKU_A,5,502
589,Supplier,W1,SKU_B,5,257
589,Supplier,W1,SKU_C,5,277
589,Supplier,W1,SKU_D,5,273
589,Supplier,W1,SKU_E,5,220
589,Supplier,W2,SKU_A,6,286
589,Supplier,W2,SKU_B,6,61
589,Supplier,W2,SKU_C,6,155
589,Supplier,W2,SKU_D,6,144
589,Supplier,W2,SKU_E,6,77
589,W1,R1,SKU_A,2,214
589,W1,R1,SKU_B,2,76
589,W1,R1,SKU_C,2,154
589,W1,R1,SKU_D,2,97
589,W1,R1,SKU_E,2,59
589,W1,R2,SKU_A,3,160
589,W1,R2,SKU_B,3,66
589,W1,R2,SKU_C,3,69
589,W1,R2,SKU_D,3,84
589,W1,R2,SKU_E,3,98
589,W2,R3,SKU_A,4,351
589,W2,R3,SKU_B,4,83
589,W2,R3,SKU_C,4,184
589,W2,R3,SKU_D,4,219
589,W2,R3,SKU_E,4,113
590,Supplier,W2,SKU_A,6,333
590,Supplier,W2,SKU_B,6,83
590,Supplier,W2,SKU_C,6,173
590,Supplier,W2,SKU_D,6,205
590,Supplier,W2,SKU_E,6,110
590,W1,R1,SKU_A,2,236
590,W1,R1,SKU_B,2,109
590,W1,R1,SKU_C,2,133
590,W1,R1,SKU_D,2,109
590,W1,R1,SKU_E,2,67
590,W1,R2,SKU_A,3,130
590,W1,R2,SKU_B,3,71
590,W1,R2,SKU_C,3,53
590,W1,R2,SKU_D,3,63
590,W1,R2,SKU_E,3,58
590,W2,R3,SKU_A,4,349
590,W2,R3,SKU_B,4,92
590,W2,R3,SKU_C,4,267
590,W2,R3,SKU_D,4,187
590,W2,R3,SKU_E,4,138
591,Supplier,W1,SKU_A,5,718
591,Supplier,W1,SKU_B,5,322
591,Supplier,W1,SKU_C,5,409
591,Supplier,W1,SKU_D,5,322
591,Supplier,W1,SKU_E,5,257
591,Supplier,W2,SKU_A,6,337
591,Supplier,W2,SKU_B,6,92
591,Supplier,W2,SKU_C,6,192
591,Supplier,W2,SKU_D,6,158
591,Supplier,W2,SKU_E,6,86
591,W1,R2,SKU_B,3,55
591,W1,R2,SKU_C,3,65
591,W1,R2,SKU_E,3,13
591,W2,R3,SKU_A,4,334
591,W2,R3,SKU_B,4,66
591,W2,R3,SKU_C,4,197
591,W2,R3,SKU_D,4,133
591,W2,R3,SKU_E,4,99
592,Supplier,W2,SKU_A,6,216
592,Supplier,W2,SKU_B,6,66
592,Supplier,W2,SKU_C,6,131
592,Supplier,W2,SKU_D,6,123
592,Supplier,W2,SKU_E,6,83
592,W1,R1,SKU_B,2,125
592,W1,R1,SKU_C,2,157
592,W1,R1,SKU_D,2,146
592,W1,R1,SKU_E,2,85
592,W1,R1,SKU_A,2,273
592,W1,R2,SKU_A,3,211
592,W1,R2,SKU_B,3,65
592,W1,R2,SKU_C,3,57
592,W1,R2,SKU_D,3,82
592,W1,R2,SKU_E,3,146
592,W2,R3,SKU_A,4,235
592,W2,R3,SKU_B,4,49
592,W2,R3,SKU_C,4,100
592,W2,R3,SKU_D,4,108
592,W2,R3,SKU_E,4,86
593,Supplier,W1,SKU_A,5,465
593,Supplier,W1,SKU_B,5,245
593,Supplier,W1,SKU_C,5,279
593,Supplier,W1,SKU_D,5,228
593,Supplier,W1,SKU_E,5,244
593,Supplier,W2,SKU_A,6,197
593,Supplier,W2,SKU_B,6,49
593,Supplier,W2,SKU_C,6,100
593,Supplier,W2,SKU_D,6,108
593,Supplier,W2,SKU_E,6,86
593,W2,R3,SKU_A,4,208
593,W2,R3,SKU_B,4,72
593,W2,R3,SKU_C,4,102
593,W2,R3,SKU_D,4,136
593,W2,R3,SKU_E,4,84
594,Supplier,W2,SKU_A,6,208
594,Supplier,W2,SKU_B,6,72
594,Supplier,W2,SKU_C,6,102
594,Supplier,W2,SKU_D,6,136
594,Supplier,W2,SKU_E,6,84
594,W1,R1,SKU_A,2,323
594,W1,R1,SKU_B,2,99
594,W1,R1,SKU_C,2,170
594,W1,R1,SKU_D,2,137
594,W1,R1,SKU_E,2,101
594,W1,R2,SKU_B,3,92
594,W1,R2,SKU_C,3,93
594,W1,R2,SKU_A,3,194
594,W1,R2,SKU_D,3,81
594,W1,R2,SKU_E,3,134
594,W2,R3,SKU_A,4,224
594,W2,R3,SKU_B,4,54
594,W2,R3,SKU_C,4,90
594,W2,R3,SKU_D,4,107
594,W2,R3,SKU_E,4,79
595,Supplier,W1,SKU_A,5,517
595,Supplier,W1,SKU_B,5,191
595,Supplier,W1,SKU_C,5,263
595,Supplier,W1,SKU_D,5,218
595,Supplier,W1,SKU_E,5,235
595,Supplier,W2,SKU_A,6,224
595,Supplier,W2,SKU_B,6,54
595,Supplier,W2,SKU_C,6,90
595,Supplier,W2,SKU_D,6,107
595,Supplier,W2,SKU_E,6,79
595,W1,R2,SKU_B,3,42
595,W1,R2,SKU_C,3,43
595,W2,R3,SKU_A,4,254
595,W2,R3,SKU_B,4,63
595,W2,R3,SKU_C,4,131
595,W2,R3,SKU_D,4,135
595,W2,R3,SKU_E,4,108
596,Supplier,W2,SKU_A,6,254
596,Supplier,W2,SKU_B,6,63
596,Supplier,W2,SKU_C,6,131
596,Supplier,W2,SKU_D,6,135
596,Supplier,W2,SKU_E,6,108
596,W1,R1,SKU_A,2,434
596,W1,R1,SKU_B,2,180
596,W1,R1,SKU_C,2,271
596,W1,R1,SKU_D,2,213
596,W1,R1,SKU_E,2,128
596,W1,R2,SKU_A,3,238
596,W1,R2,SKU_B,3,81
596,W1,R2,SKU_C,3,64
596,W1,R2,SKU_D,3,116
596,W1,R2,SKU_E,3,142
596,W2,R3,SKU_A,4,346
596,W2,R3,SKU_B,4,107
596,W2,R3,SKU_C,4,201
596,W2,R3,SKU_D,4,185
596,W2,R3,SKU_E,4,96
597,Supplier,W1,SKU_A,5,672
597,Supplier,W1,SKU_B,5,303
597,Supplier,W1,SKU_C,5,378
597,Supplier,W1,SKU_D,5,329
597,Supplier,W1,SKU_E,5,295
597,Supplier,W2,SKU_A,6,346
597,Supplier,W2,SKU_B,6,107
597,Supplier,W2,SKU_C,6,201
597,Supplier,W2,SKU_D,6,185
597,Supplier,W2,SKU_E,6,96
597,W1,R1,SKU_A,2,82
597,W1,R1,SKU_B,2,103
597,W1,R1,SKU_C,2,142
597,W1,R1,SKU_D,2,50
597,W1,R2,SKU_B,3,73
597,W1,R2,SKU_C,3,31
597,W2,R3,SKU_A,4,340
597,W2,R3,SKU_B,4,69
597,W2,R3,SKU_C,4,162
597,W2,R3,SKU_D,4,166
597,W2,R3,SKU_E,4,110
598,Supplier,W1,SKU_A,5,317
598,Supplier,W1,SKU_B,5,176
598,Supplier,W1,SKU_C,5,210
598,Supplier,W1,SKU_D,5,181
598,Supplier,W1,SKU_E,5,154
598,Supplier,W2,SKU_A,6,340
598,Supplier,W2,SKU_B,6,69
598,Supplier,W2,SKU_C,6,162
598,Supplier,W2,SKU_D,6,166
598,Supplier,W2,SKU_E,6,110
598,W1,R1,SKU_A,2,259
598,W1,R1,SKU_B,2,47
598,W1,R1,SKU_C,2,107
598,W1,R1,SKU_D,2,147
598,W1,R1,SKU_E,2,112
598,W1,R2,SKU_A,3,206
598,W1,R2,SKU_B,3,40
598,W1,R2,SKU_C,3,76
598,W1,R2,SKU_D,3,81
598,W1,R2,SKU_E,3,132
598,W2,R3,SKU_A,4,246
598,W2,R3,SKU_B,4,61
598,W2,R3,SKU_C,4,100
598,W2,R3,SKU_D,4,131
598,W2,R3,SKU_E,4,79
599,Supplier,W2,SKU_A,6,246
599,Supplier,W2,SKU_B,6,61
599,Supplier,W2,SKU_C,6,100
599,Supplier,W2,SKU_D,6,131
599,Supplier,W2,SKU_E,6,79
599,W2,R3,SKU_A,4,196
599,W2,R3,SKU_B,4,51
599,W2,R3,SKU_C,4,93
599,W2,R3,SKU_D,4,119
599,W2,R3,SKU_E,4,72
600,Supplier,W1,SKU_A,5,465
600,Supplier,W1,SKU_B,5,196
600,Supplier,W1,SKU_C,5,275
600,Supplier,W1,SKU_D,5,193
600,Supplier,W1,SKU_E,5,187
600,Supplier,W2,SKU_A,6,196
600,Supplier,W2,SKU_B,6,51
600,Supplier,W2,SKU_C,6,93
600,Supplier,W2,SKU_D,6,119
600,Supplier,W2,SKU_E,6,72
600,W1,R1,SKU_B,2,104
600,W1,R1,SKU_C,2,148
600,W1,R1,SKU_A,2,300
600,W1,R1,SKU_D,2,133
600,W1,R1,SKU_E,2,78
600,W1,R2,SKU_B,3,77
600,W1,R2,SKU_C,3,105
600,W1,R2,SKU_A,3,168
600,W1,R2,SKU_D,3,65
600,W1,R2,SKU_E,3,139
600,W2,R3,SKU_A,4,179
600,W2,R3,SKU_B,4,64
600,W2,R3,SKU_C,4,104
600,W2,R3,SKU_D,4,105
600,W2,R3,SKU_E,4,78
601,Supplier,W2,SKU_A,6,179
601,Supplier,W2,SKU_B,6,64
601,Supplier,W2,SKU_C,6,104
601,Supplier,W2,SKU_D,6,105
601,Supplier,W2,SKU_E,6,78
601,W2,R3,SKU_A,4,222
601,W2,R3,SKU_B,4,55
601,W2,R3,SKU_C,4,109
601,W2,R3,SKU_D,4,99
601,W2,R3,SKU_E,4,83
602,Supplier,W1,SKU_A,5,470
602,Supplier,W1,SKU_B,5,175
602,Supplier,W1,SKU_C,5,266
602,Supplier,W1,SKU_D,5,200
602,Supplier,W1,SKU_E,5,194
602,Supplier,W2,SKU_A,6,222
602,Supplier,W2,SKU_B,6,55
602,Supplier,W2,SKU_C,6,109
602,Supplier,W2,SKU_D,6,99
602,Supplier,W2,SKU_E,6,83
602,W1,R1,SKU_A,2,317
602,W1,R1,SKU_B,2,155
602,W1,R1,SKU_C,2,217
602,W1,R1,SKU_D,2,158
602,W1,R1,SKU_E,2,109
602,W1,R2,SKU_B,3,101
602,W1,R2,SKU_A,3,188
602,W1,R2,SKU_C,3,87
602,W1,R2,SKU_D,3,68
602,W1,R2,SKU_E,3,112
602,W2,R3,SKU_A,4,211
602,W2,R3,SKU_B,4,48
602,W2,R3,SKU_C,4,131
602,W2,R3,SKU_D,4,125
602,W2,R3,SKU_E,4,83
603,Supplier,W2,SKU_A,6,211
603,Supplier,W2,SKU_B,6,48
603,Supplier,W2,SKU_C,6,131
603,Supplier,W2,SKU_D,6,125
603,Supplier,W2,SKU_E,6,83
603,W1,R1,SKU_A,2,208
603,W1,R1,SKU_B,2,115
603,W1,R1,SKU_C,2,175
603,W1,R1,SKU_D,2,108
603,W1,R1,SKU_E,2,58
603,W1,R2,SKU_A,3,125
603,W1,R2,SKU_B,3,67
603,W1,R2,SKU_C,3,93
603,W1,R2,SKU_D,3,42
603,W1,R2,SKU_E,3,56
603,W2,R3,SKU_A,4,315
603,W2,R3,SKU_B,4,86
603,W2,R3,SKU_C,4,211
603,W2,R3,SKU_D,4,183
603,W2,R3,SKU_E,4,87
604,Supplier,W1,SKU_A,5,601
604,Supplier,W1,SKU_B,5,335
604,Supplier,W1,SKU_C,5,430
604,Supplier,W1,SKU_D,5,278
604,Supplier,W1,SKU_E,5,236
604,Supplier,W2,SKU_A,6,315
604,Supplier,W2,SKU_B,6,86
604,Supplier,W2,SKU_C,6,211
604,Supplier,W2,SKU_D,6,183
604,Supplier,W2,SKU_E,6,87
604,W1,R1,SKU_A,2,200
604,W1,R1,SKU_B,2,88
604,W1,R1,SKU_C,2,122
604,W1,R1,SKU_D,2,115
604,W1,R1,SKU_E,2,57
604,W1,R2,SKU_B,3,64
604,W1,R2,SKU_D,3,39
604,W1,R2,SKU_E,3,42
604,W2,R3,SKU_A,4,303
604,W2,R3,SKU_B,4,85
604,W2,R3,SKU_C,4,166
604,W2,R3,SKU_D,4,182
604,W2,R3,SKU_E,4,94
605,Supplier,W2,SKU_A,6,303
605,Supplier,W2,SKU_B,6,85
605,Supplier,W2,SKU_C,6,166
605,Supplier,W2,SKU_D,6,182
605,Supplier,W2,SKU_E,6,94
605,W1,R1,SKU_A,2,149
605,W1,R1,SKU_B,2,64
605,W1,R1,SKU_C,2,125
605,W1,R1,SKU_D,2,63
605,W1,R1,SKU_E,2,37
605,W1,R2,SKU_A,3,216
605,W1,R2,SKU_B,3,57
605,W1,R2,SKU_C,3,112
605,W1,R2,SKU_D,3,39
605,W1,R2,SKU_E,3,47
605,W2,R3,SKU_A,4,202
605,W2,R3,SKU_B,4,57
605,W2,R3,SKU_C,4,70
605,W2,R3,SKU_D,4,125
605,W2,R3,SKU_E,4,71
606,Supplier,W1,SKU_A,5,565
606,Supplier,W1,SKU_B,5,273
606,Supplier,W1,SKU_C,5,359
606,Supplier,W1,SKU_D,5,256
606,Supplier,W1,SKU_E,5,183
606,Supplier,W2,SKU_A,6,202
606,Supplier,W2,SKU_B,6,57
606,Supplier,W2,SKU_C,6,70
606,Supplier,W2,SKU_D,6,125
606,Supplier,W2,SKU_E,6,71
606,W1,R2,SKU_B,3,43
606,W1,R2,SKU_D,3,32
606,W1,R2,SKU_E,3,42
606,W2,R3,SKU_A,4,226
606,W2,R3,SKU_B,4,59
606,W2,R3,SKU_C,4,116
606,W2,R3,SKU_D,4,118
606,W2,R3,SKU_E,4,78
607,Supplier,W2,SKU_A,6,226
607,Supplier,W2,SKU_B,6,59
607,Supplier,W2,SKU_C,6,116
607,Supplier,W2,SKU_D,6,118
607,Supplier,W2,SKU_E,6,78
607,W1,R1,SKU_A,2,274
607,W1,R1,SKU_B,2,86
607,W1,R1,SKU_C,2,157
607,W1,R1,SKU_D,2,129
607,W1,R1,SKU_E,2,72
607,W1,R2,SKU_A,3,177
607,W1,R2,SKU_B,3,37
607,W1,R2,SKU_C,3,60
607,W1,R2,SKU_D,3,20
607,W1,R2,SKU_E,3,41
607,W2,R3,SKU_A,4,200
607,W2,R3,SKU_B,4,48
607,W2,R3,SKU_C,4,86
607,W2,R3,SKU_D,4,124
607,W2,R3,SKU_E,4,48
608,Supplier,W1,SKU_A,5,451
608,Supplier,W1,SKU_B,5,166
608,Supplier,W1,SKU_C,5,217
608,Supplier,W1,SKU_D,5,181
608,Supplier,W1,SKU_E,5,155
608,Supplier,W2,SKU_A,6,200
608,Supplier,W2,SKU_B,6,48
608,Supplier,W2,SKU_C,6,86
608,Supplier,W2,SKU_D,6,124
608,Supplier,W2,SKU_E,6,48
608,W1,R2,SKU_A,3,2
608,W1,R2,SKU_B,3,52
608,W1,R2,SKU_C,3,13
608,W1,R2,SKU_D,3,31
608,W1,R2,SKU_E,3,54
608,W2,R3,SKU_A,4,198
608,W2,R3,SKU_B,4,49
608,W2,R3,SKU_C,4,131
608,W2,R3,SKU_D,4,95
608,W2,R3,SKU_E,4,71
609,Supplier,W2,SKU_A,6,198
609,Supplier,W2,SKU_B,6,49
609,Supplier,W2,SKU_C,6,131
609,Supplier,W2,SKU_D,6,95
609,Supplier,W2,SKU_E,6,71
609,W1,R1,SKU_A,2,274
609,W1,R1,SKU_B,2,116
609,W1,R1,SKU_C,2,182
609,W1,R1,SKU_D,2,145
609,W1,R1,SKU_E,2,87
609,W1,R2,SKU_A,3,160
609,W1,R2,SKU_B,3,67
609,W1,R2,SKU_C,3,83
609,W1,R2,SKU_D,3,34
609,W1,R2,SKU_E,3,73
609,W2,R3,SKU_A,4,265
609,W2,R3,SKU_B,4,66
609,W2,R3,SKU_C,4,133
609,W2,R3,SKU_D,4,119
609,W2,R3,SKU_E,4,81
610,Supplier,W1,SKU_A,5,436
610,Supplier,W1,SKU_B,5,235
610,Supplier,W1,SKU_C,5,278
610,Supplier,W1,SKU_D,5,210
610,Supplier,W1,SKU_E,5,214
610,Supplier,W2,SKU_A,6,265
610,Supplier,W2,SKU_B,6,66
610,Supplier,W2,SKU_C,6,133
610,Supplier,W2,SKU_D,6,119
610,Supplier,W2,SKU_E,6,81
610,W1,R1,SKU_A,2,172
610,W1,R1,SKU_B,2,93
610,W1,R1,SKU_C,2,126
610,W1,R1,SKU_D,2,80
610,W1,R1,SKU_E,2,69
610,W1,R2,SKU_A,3,112
610,W1,R2,SKU_B,3,73
610,W1,R2,SKU_C,3,63
610,W1,R2,SKU_D,3,52
610,W1,R2,SKU_E,3,73
610,W2,R3,SKU_A,4,278
610,W2,R3,SKU_B,4,74
610,W2,R3,SKU_C,4,174
610,W2,R3,SKU_D,4,162
610,W2,R3,SKU_E,4,107
611,Supplier,W2,SKU_A,6,278
611,Supplier,W2,SKU_B,6,74
611,Supplier,W2,SKU_C,6,174
611,Supplier,W2,SKU_D,6,162
611,Supplier,W2,SKU_E,6,107
611,W1,R1,SKU_A,2,220
611,W1,R1,SKU_B,2,111
611,W1,R1,SKU_C,2,162
611,W1,R1,SKU_D,2,107
611,W1,R1,SKU_E,2,53
611,W1,R2,SKU_A,3,153
611,W1,R2,SKU_B,3,88
611,W1,R2,SKU_C,3,63
611,W1,R2,SKU_D,3,45
611,W1,R2,SKU_E,3,63
611,W2,R3,SKU_A,4,270
611,W2,R3,SKU_B,4,70
611,W2,R3,SKU_C,4,121
611,W2,R3,SKU_D,4,145
611,W2,R3,SKU_E,4,83
612,Supplier,W1,SKU_A,5,657
612,Supplier,W1,SKU_B,5,365
612,Supplier,W1,SKU_C,5,414
612,Supplier,W1,SKU_D,5,284
612,Supplier,W1,SKU_E,5,258
612,Supplier,W2,SKU_A,6,270
612,Supplier,W2,SKU_B,6,70
612,Supplier,W2,SKU_C,6,121
612,Supplier,W2,SKU_D,6,145
612,Supplier,W2,SKU_E,6,83
612,W1,R1,SKU_A,2,164
612,W1,R1,SKU_B,2,64
612,W1,R1,SKU_C,2,129
612,W1,R1,SKU_D,2,89
612,W1,R1,SKU_E,2,47
612,W1,R2,SKU_A,3,28
612,W1,R2,SKU_B,3,84
612,W1,R2,SKU_C,3,55
612,W1,R2,SKU_D,3,51
612,W1,R2,SKU_E,3,75
612,W2,R3,SKU_A,4,234
612,W2,R3,SKU_B,4,51
612,W2,R3,SKU_C,4,127
612,W2,R3,SKU_D,4,129
612,W2,R3,SKU_E,4,88
613,Supplier,W2,SKU_A,6,234
613,Supplier,W2,SKU_B,6,51
613,Supplier,W2,SKU_C,6,127
613,Supplier,W2,SKU_D,6,129
613,Supplier,W2,SKU_E,6,88
613,W1,R1,SKU_A,2,160
613,W1,R1,SKU_B,2,74
613,W1,R1,SKU_C,2,123
613,W1,R1,SKU_D,2,74
613,W1,R1,SKU_E,2,48
613,W1,R2,SKU_A,3,175
613,W1,R2,SKU_B,3,76
613,W1,R2,SKU_C,3,80
613,W1,R2,SKU_D,3,53
613,W1,R2,SKU_E,3,86
613,W2,R3,SKU_A,4,234
613,W2,R3,SKU_B,4,83
613,W2,R3,SKU_C,4,102
613,W2,R3,SKU_D,4,134
613,W2,R3,SKU_E,4,83
614,Supplier,W1,SKU_A,5,527
614,Supplier,W1,SKU_B,5,298
614,Supplier,W1,SKU_C,5,387
614,Supplier,W1,SKU_D,5,267
614,Supplier,W1,SKU_E,5,256
614,Supplier,W2,SKU_A,6,234
614,Supplier,W2,SKU_B,6,83
614,Supplier,W2,SKU_C,6,102
614,Supplier,W2,SKU_D,6,134
614,Supplier,W2,SKU_E,6,83
614,W2,R3,SKU_A,4,234
614,W2,R3,SKU_B,4,78
614,W2,R3,SKU_C,4,118
614,W2,R3,SKU_D,4,145
614,W2,R3,SKU_E,4,75
615,Supplier,W2,SKU_A,6,234
615,Supplier,W2,SKU_B,6,78
615,Supplier,W2,SKU_C,6,118
615,Supplier,W2,SKU_D,6,145
615,Supplier,W2,SKU_E,6,75
615,W1,R1,SKU_A,2,342
615,W1,R1,SKU_B,2,138
615,W1,R1,SKU_C,2,202
615,W1,R1,SKU_D,2,175
615,W1,R1,SKU_E,2,93
615,W1,R2,SKU_A,3,210
615,W1,R2,SKU_B,3,130
615,W1,R2,SKU_C,3,81
615,W1,R2,SKU_D,3,98
615,W1,R2,SKU_E,3,117
615,W2,R3,SKU_A,4,237
615,W2,R3,SKU_B,4,49
615,W2,R3,SKU_C,4,138
615,W2,R3,SKU_D,4,130
615,W2,R3,SKU_E,4,66
616,Supplier,W1,SKU_A,5,572
616,Supplier,W1,SKU_B,5,268
616,Supplier,W1,SKU_C,5,283
616,Supplier,W1,SKU_D,5,273
616,Supplier,W1,SKU_E,5,210
616,Supplier,W2,SKU_A,6,237
616,Supplier,W2,SKU_B,6,49
616,Supplier,W2,SKU_C,6,138
616,Supplier,W2,SKU_D,6,130
616,Supplier,W2,SKU_E,6,66
616,W2,R3,SKU_A,4,269
616,W2,R3,SKU_B,4,82
616,W2,R3,SKU_C,4,136
616,W2,R3,SKU_D,4,148
616,W2,R3,SKU_E,4,96
617,Supplier,W2,SKU_A,6,269
617,Supplier,W2,SKU_B,6,82
617,Supplier,W2,SKU_C,6,136
617,Supplier,W2,SKU_D,6,148
617,Supplier,W2,SKU_E,6,96
617,W1,R1,SKU_B,2,182
617,W1,R1,SKU_C,2,259
617,W1,R1,SKU_D,2,200
617,W1,R1,SKU_E,2,102
617,W1,R1,SKU_A,2,413
617,W1,R2,SKU_A,3,244
617,W1,R2,SKU_B,3,111
617,W1,R2,SKU_C,3,103
617,W1,R2,SKU_D,3,85
617,W1,R2,SKU_E,3,121
617,W2,R3,SKU_A,4,366
617,W2,R3,SKU_B,4,93
617,W2,R3,SKU_C,4,201
617,W2,R3,SKU_D,4,204
617,W2,R3,SKU_E,4,75
618,Supplier,W1,SKU_A,5,641
618,Supplier,W1,SKU_B,5,293
618,Supplier,W1,SKU_C,5,362
618,Supplier,W1,SKU_D,5,301
618,Supplier,W1,SKU_E,5,223
618,Supplier,W2,SKU_A,6,366
618,Supplier,W2,SKU_B,6,93
618,Supplier,W2,SKU_C,6,201
618,Supplier,W2,SKU_D,6,204
618,Supplier,W2,SKU_E,6,75
618,W2,R3,SKU_A,4,275
618,W2,R3,SKU_B,4,74
618,W2,R3,SKU_C,4,134
618,W2,R3,SKU_D,4,154
618,W2,R3,SKU_E,4,89
619,Supplier,W2,SKU_A,6,292
619,Supplier,W2,SKU_B,6,74
619,Supplier,W2,SKU_C,6,134
619,Supplier,W2,SKU_D,6,154
619,Supplier,W2,SKU_E,6,89
619,W1,R1,SKU_B,2,129
619,W1,R1,SKU_C,2,211
619,W1,R1,SKU_E,2,111
619,W1,R1,SKU_A,2,387
619,W1,R1,SKU_D,2,207
619,W1,R2,SKU_B,3,121
619,W1,R2,SKU_E,3,112
619,W1,R2,SKU_A,3,140
619,W1,R2,SKU_C,3,53
619,W1,R2,SKU_D,3,60
619,W2,R3,SKU_A,4,234
619,W2,R3,SKU_B,4,59
619,W2,R3,SKU_C,4,105
619,W2,R3,SKU_D,4,131
619,W2,R3,SKU_E,4,54
620,Supplier,W1,SKU_A,5,568
620,Supplier,W1,SKU_B,5,250
620,Supplier,W1,SKU_C,5,264
620,Supplier,W1,SKU_D,5,297
620,Supplier,W1,SKU_E,5,223
620,Supplier,W2,SKU_A,6,228
620,Supplier,W2,SKU_B,6,59
620,Supplier,W2,SKU_C,6,105
620,Supplier,W2,SKU_D,6,140
620,Supplier,W2,SKU_E,6,54
620,W1,R2,SKU_B,3,31
620,W1,R2,SKU_C,3,30
620,W1,R2,SKU_E,3,66
620,W2,R3,SKU_A,4,233
620,W2,R3,SKU_B,4,54
620,W2,R3,SKU_C,4,97
620,W2,R3,SKU_D,4,132
620,W2,R3,SKU_E,4,67
621,Supplier,W2,SKU_A,6,222
621,Supplier,W2,SKU_B,6,54
621,Supplier,W2,SKU_C,6,97
621,Supplier,W2,SKU_D,6,123
621,Supplier,W2,SKU_E,6,67
621,W1,R1,SKU_B,2,87
621,W1,R1,SKU_C,2,157
621,W1,R1,SKU_E,2,62
621,W1,R1,SKU_A,2,285
621,W1,R1,SKU_D,2,133
621,W1,R2,SKU_A,3,245
621,W1,R2,SKU_B,3,45
621,W1,R2,SKU_C,3,42
621,W1,R2,SKU_D,3,121
621,W1,R2,SKU_E,3,57
621,W2,R3,SKU_A,4,229
621,W2,R3,SKU_B,4,60
621,W2,R3,SKU_C,4,124
621,W2,R3,SKU_D,4,125
621,W2,R3,SKU_E,4,60
622,Supplier,W1,SKU_A,5,485
622,Supplier,W1,SKU_B,5,163
622,Supplier,W1,SKU_C,5,229
622,Supplier,W1,SKU_D,5,208
622,Supplier,W1,SKU_E,5,185
622,Supplier,W2,SKU_A,6,229
622,Supplier,W2,SKU_B,6,60
622,Supplier,W2,SKU_C,6,124
622,Supplier,W2,SKU_D,6,125
622,Supplier,W2,SKU_E,6,60
622,W1,R2,SKU_B,3,47
622,W1,R2,SKU_C,3,30
622,W1,R2,SKU_E,3,58
622,W2,R3,SKU_A,4,243
622,W2,R3,SKU_B,4,50
622,W2,R3,SKU_C,4,154
622,W2,R3,SKU_D,4,152
622,W2,R3,SKU_E,4,55
623,Supplier,W2,SKU_A,6,251
623,Supplier,W2,SKU_B,6,50
623,Supplier,W2,SKU_C,6,154
623,Supplier,W2,SKU_D,6,160
623,Supplier,W2,SKU_E,6,55
623,W1,R1,SKU_A,2,332
623,W1,R1,SKU_B,2,122
623,W1,R1,SKU_C,2,185
623,W1,R1,SKU_D,2,183
623,W1,R1,SKU_E,2,109
623,W1,R2,SKU_A,3,180
623,W1,R2,SKU_B,3,37
623,W1,R2,SKU_C,3,30
623,W1,R2,SKU_D,3,88
623,W1,R2,SKU_E,3,68
623,W2,R3,SKU_A,4,269
623,W2,R3,SKU_B,4,62
623,W2,R3,SKU_C,4,141
623,W2,R3,SKU_D,4,148
623,W2,R3,SKU_E,4,80
624,Supplier,W1,SKU_A,5,512
624,Supplier,W1,SKU_B,5,206
624,Supplier,W1,SKU_C,5,245
624,Supplier,W1,SKU_D,5,271
624,Supplier,W1,SKU_E,5,235
624,Supplier,W2,SKU_A,6,297
624,Supplier,W2,SKU_B,6,62
624,Supplier,W2,SKU_C,6,141
624,Supplier,W2,SKU_D,6,148
624,Supplier,W2,SKU_E,6,80
624,W1,R1,SKU_A,2,171
624,W1,R1,SKU_B,2,108
624,W1,R1,SKU_C,2,123
624,W1,R1,SKU_D,2,49
624,W1,R1,SKU_E,2,52
624,W1,R2,SKU_B,3,56
624,W1,R2,SKU_C,3,46
624,W1,R2,SKU_E,3,54
624,W2,R3,SKU_A,4,366
624,W2,R3,SKU_B,4,71
624,W2,R3,SKU_C,4,193
624,W2,R3,SKU_D,4,204
624,W2,R3,SKU_E,4,98
625,Supplier,W1,SKU_A,5,369
625,Supplier,W1,SKU_B,5,164
625,Supplier,W1,SKU_C,5,169
625,Supplier,W1,SKU_D,5,191
625,Supplier,W1,SKU_E,5,127
625,Supplier,W2,SKU_A,6,358
625,Supplier,W2,SKU_B,6,71
625,Supplier,W2,SKU_C,6,193
625,Supplier,W2,SKU_D,6,214
625,Supplier,W2,SKU_E,6,98
625,W1,R1,SKU_A,2,309
625,W1,R1,SKU_B,2,94
625,W1,R1,SKU_C,2,119
625,W1,R1,SKU_D,2,200
625,W1,R1,SKU_E,2,63
625,W1,R2,SKU_A,3,234
625,W1,R2,SKU_B,3,57
625,W1,R2,SKU_C,3,54
625,W1,R2,SKU_D,3,78
625,W1,R2,SKU_E,3,85
625,W2,R3,SKU_A,4,292
625,W2,R3,SKU_B,4,70
625,W2,R3,SKU_C,4,150
625,W2,R3,SKU_D,4,154
625,W2,R3,SKU_E,4,83
626,Supplier,W2,SKU_A,6,332
626,Supplier,W2,SKU_B,6,70
626,Supplier,W2,SKU_C,6,150
626,Supplier,W2,SKU_D,6,183
626,Supplier,W2,SKU_E,6,83
626,W1,R2,SKU_B,3,37
626,W1,R2,SKU_C,3,40
626,W1,R2,SKU_E,3,36
626,W2,R3,SKU_A,4,228
626,W2,R3,SKU_B,4,62
626,W2,R3,SKU_C,4,112
626,W2,R3,SKU_D,4,140
626,W2,R3,SKU_E,4,73
627,Supplier,W1,SKU_A,5,600
627,Supplier,W1,SKU_B,5,235
627,Supplier,W1,SKU_C,5,316
627,Supplier,W1,SKU_D,5,273
627,Supplier,W1,SKU_E,5,229
627,Supplier,W2,SKU_A,6,230
627,Supplier,W2,SKU_B,6,62
627,Supplier,W2,SKU_C,6,112
627,Supplier,W2,SKU_D,6,123
627,Supplier,W2,SKU_E,6,73
627,W1,R1,SKU_A,2,302
627,W1,R1,SKU_B,2,93
627,W1,R1,SKU_C,2,189
627,W1,R1,SKU_D,2,149
627,W1,R1,SKU_E,2,74
627,W1,R2,SKU_A,3,188
627,W1,R2,SKU_B,3,53
627,W1,R2,SKU_C,3,37
627,W1,R2,SKU_D,3,78
627,W1,R2,SKU_E,3,78
627,W2,R3,SKU_A,4,222
627,W2,R3,SKU_B,4,45
627,W2,R3,SKU_C,4,76
627,W2,R3,SKU_D,4,109
627,W2,R3,SKU_E,4,68
628,Supplier,W2,SKU_A,6,203
628,Supplier,W2,SKU_B,6,45
628,Supplier,W2,SKU_C,6,76
628,Supplier,W2,SKU_D,6,79
628,Supplier,W2,SKU_E,6,68
628,W1,R2,SKU_B,3,66
628,W1,R2,SKU_C,3,42
628,W1,R2,SKU_E,3,31
628,W2,R3,SKU_A,4,229
628,W2,R3,SKU_B,4,53
628,W2,R3,SKU_C,4,122
628,W2,R3,SKU_D,4,119
628,W2,R3,SKU_E,4,74
629,Supplier,W1,SKU_A,5,480
629,Supplier,W1,SKU_B,5,209
629,Supplier,W1,SKU_C,5,264
629,Supplier,W1,SKU_D,5,242
629,Supplier,W1,SKU_E,5,181
629,Supplier,W2,SKU_A,6,235
629,Supplier,W2,SKU_B,6,53
629,Supplier,W2,SKU_C,6,122
629,Supplier,W2,SKU_D,6,119
629,Supplier,W2,SKU_E,6,74
629,W1,R1,SKU_A,2,319
629,W1,R1,SKU_B,2,99
629,W1,R1,SKU_C,2,181
629,W1,R1,SKU_E,2,78
629,W1,R1,SKU_D,2,160
629,W1,R2,SKU_A,3,213
629,W1,R2,SKU_B,3,54
629,W1,R2,SKU_C,3,65
629,W1,R2,SKU_D,3,97
629,W1,R2,SKU_E,3,72
629,W2,R3,SKU_A,4,251
629,W2,R3,SKU_B,4,51
629,W2,R3,SKU_C,4,104
629,W2,R3,SKU_D,4,107
629,W2,R3,SKU_E,4,56
630,Supplier,W2,SKU_A,6,218
630,Supplier,W2,SKU_B,6,51
630,Supplier,W2,SKU_C,6,104
630,Supplier,W2,SKU_D,6,107
630,Supplier,W2,SKU_E,6,56
630,W1,R1,SKU_A,2,166
630,W1,R1,SKU_B,2,71
630,W1,R1,SKU_C,2,105
630,W1,R1,SKU_D,2,100
630,W1,R1,SKU_E,2,55
630,W1,R2,SKU_A,3,108
630,W1,R2,SKU_B,3,41
630,W1,R2,SKU_C,3,49
630,W1,R2,SKU_D,3,24
630,W1,R2,SKU_E,3,55
630,W2,R3,SKU_A,4,279
630,W2,R3,SKU_B,4,59
630,W2,R3,SKU_C,4,160
630,W2,R3,SKU_D,4,136
630,W2,R3,SKU_E,4,65
631,Supplier,W1,SKU_A,5,561
631,Supplier,W1,SKU_B,5,221
631,Supplier,W1,SKU_C,5,301
631,Supplier,W1,SKU_D,5,229
631,Supplier,W1,SKU_E,5,196
631,Supplier,W2,SKU_A,6,255
631,Supplier,W2,SKU_B,6,59
631,Supplier,W2,SKU_C,6,160
631,Supplier,W2,SKU_D,6,136
631,Supplier,W2,SKU_E,6,65
631,W1,R1,SKU_A,2,95
631,W1,R1,SKU_B,2,87
631,W1,R1,SKU_C,2,130
631,W1,R1,SKU_D,2,81
631,W1,R1,SKU_E,2,61
631,W1,R2,SKU_B,3,57
631,W1,R2,SKU_C,3,37
631,W1,R2,SKU_E,3,49
631,W2,R3,SKU_A,4,312
631,W2,R3,SKU_B,4,61
631,W2,R3,SKU_C,4,159
631,W2,R3,SKU_D,4,178
631,W2,R3,SKU_E,4,81
632,Supplier,W2,SKU_A,6,312
632,Supplier,W2,SKU_B,6,61
632,Supplier,W2,SKU_C,6,159
632,Supplier,W2,SKU_D,6,178
632,Supplier,W2,SKU_E,6,81
632,W1,R1,SKU_A,2,338
632,W1,R1,SKU_B,2,94
632,W1,R1,SKU_C,2,123
632,W1,R1,SKU_D,2,149
632,W1,R1,SKU_E,2,61
632,W1,R2,SKU_A,3,182
632,W1,R2,SKU_B,3,63
632,W1,R2,SKU_C,3,67
632,W1,R2,SKU_D,3,80
632,W1,R2,SKU_E,3,68
632,W2,R3,SKU_A,4,325
632,W2,R3,SKU_B,4,84
632,W2,R3,SKU_C,4,163
632,W2,R3,SKU_D,4,193
632,W2,R3,SKU_E,4,104
633,Supplier,W1,SKU_A,5,615
633,Supplier,W1,SKU_B,5,301
633,Supplier,W1,SKU_C,5,357
633,Supplier,W1,SKU_D,5,310
633,Supplier,W1,SKU_E,5,239
633,Supplier,W2,SKU_A,6,325
633,Supplier,W2,SKU_B,6,84
633,Supplier,W2,SKU_C,6,163
633,Supplier,W2,SKU_D,6,193
633,Supplier,W2,SKU_E,6,104
633,W1,R2,SKU_B,3,29
633,W1,R2,SKU_C,3,28
633,W1,R2,SKU_E,3,32
633,W2,R3,SKU_A,4,231
633,W2,R3,SKU_B,4,45
633,W2,R3,SKU_C,4,64
633,W2,R3,SKU_D,4,127
633,W2,R3,SKU_E,4,67
634,Supplier,W2,SKU_A,6,231
634,Supplier,W2,SKU_B,6,45
634,Supplier,W2,SKU_C,6,64
634,Supplier,W2,SKU_D,6,127
634,Supplier,W2,SKU_E,6,67
634,W1,R1,SKU_A,2,305
634,W1,R1,SKU_B,2,94
634,W1,R1,SKU_C,2,171
634,W1,R1,SKU_D,2,141
634,W1,R1,SKU_E,2,65
634,W1,R2,SKU_A,3,163
634,W1,R2,SKU_B,3,39
634,W1,R2,SKU_C,3,26
634,W1,R2,SKU_D,3,80
634,W1,R2,SKU_E,3,44
634,W2,R3,SKU_A,4,255
634,W2,R3,SKU_B,4,54
634,W2,R3,SKU_C,4,118
634,W2,R3,SKU_D,4,120
634,W2,R3,SKU_E,4,66
635,Supplier,W1,SKU_A,5,468
635,Supplier,W1,SKU_B,5,162
635,Supplier,W1,SKU_C,5,225
635,Supplier,W1,SKU_D,5,221
635,Supplier,W1,SKU_E,5,141
635,Supplier,W2,SKU_A,6,255
635,Supplier,W2,SKU_B,6,54
635,Supplier,W2,SKU_C,6,118
635,Supplier,W2,SKU_D,6,120
635,Supplier,W2,SKU_E,6,66
635,W1,R2,SKU_B,3,38
635,W1,R2,SKU_C,3,36
635,W1,R2,SKU_E,3,50
635,W2,R3,SKU_A,4,194
635,W2,R3,SKU_B,4,40
635,W2,R3,SKU_C,4,93
635,W2,R3,SKU_D,4,102
635,W2,R3,SKU_E,4,82
636,Supplier,W2,SKU_A,6,194
636,Supplier,W2,SKU_B,6,40
636,Supplier,W2,SKU_C,6,93
636,Supplier,W2,SKU_D,6,102
636,Supplier,W2,SKU_E,6,82
636,W1,R1,SKU_A,2,218
636,W1,R1,SKU_B,2,100
636,W1,R1,SKU_C,2,150
636,W1,R1,SKU_D,2,126
636,W1,R1,SKU_E,2,61
636,W1,R2,SKU_A,3,162
636,W1,R2,SKU_B,3,38
636,W1,R2,SKU_C,3,41
636,W1,R2,SKU_D,3,73
636,W1,R2,SKU_E,3,42
636,W2,R3,SKU_A,4,255
636,W2,R3,SKU_B,4,47
636,W2,R3,SKU_C,4,117
636,W2,R3,SKU_D,4,131
636,W2,R3,SKU_E,4,69
637,Supplier,W1,SKU_A,5,380
637,Supplier,W1,SKU_B,5,176
637,Supplier,W1,SKU_C,5,227
637,Supplier,W1,SKU_D,5,199
637,Supplier,W1,SKU_E,5,153
637,Supplier,W2,SKU_A,6,255
637,Supplier,W2,SKU_B,6,47
637,Supplier,W2,SKU_C,6,117
637,Supplier,W2,SKU_D,6,131
637,Supplier,W2,SKU_E,6,69
637,W1,R1,SKU_A,2,171
637,W1,R1,SKU_B,2,87
637,W1,R1,SKU_C,2,110
637,W1,R1,SKU_D,2,79
637,W1,R1,SKU_E,2,54
637,W1,R2,SKU_A,3,102
637,W1,R2,SKU_B,3,44
637,W1,R2,SKU_C,3,48
637,W1,R2,SKU_D,3,16
637,W1,R2,SKU_E,3,61
637,W2,R3,SKU_A,4,244
637,W2,R3,SKU_B,4,60
637,W2,R3,SKU_C,4,113
637,W2,R3,SKU_D,4,138
637,W2,R3,SKU_E,4,73
638,Supplier,W2,SKU_A,6,244
638,Supplier,W2,SKU_B,6,60
638,Supplier,W2,SKU_C,6,113
638,Supplier,W2,SKU_D,6,138
638,Supplier,W2,SKU_E,6,73
638,W1,R1,SKU_A,2,190
638,W1,R1,SKU_B,2,127
638,W1,R1,SKU_C,2,160
638,W1,R1,SKU_D,2,124
638,W1,R1,SKU_E,2,91
638,W1,R2,SKU_A,3,131
638,W1,R2,SKU_B,3,68
638,W1,R2,SKU_C,3,60
638,W1,R2,SKU_D,3,77
638,W1,R2,SKU_E,3,63
638,W2,R3,SKU_A,4,320
638,W2,R3,SKU_B,4,72
638,W2,R3,SKU_C,4,195
638,W2,R3,SKU_D,4,162
638,W2,R3,SKU_E,4,64
639,Supplier,W1,SKU_A,5,594
639,Supplier,W1,SKU_B,5,326
639,Supplier,W1,SKU_C,5,378
639,Supplier,W1,SKU_D,5,296
639,Supplier,W1,SKU_E,5,269
639,Supplier,W2,SKU_A,6,320
639,Supplier,W2,SKU_B,6,72
639,Supplier,W2,SKU_C,6,195
639,Supplier,W2,SKU_D,6,162
639,Supplier,W2,SKU_E,6,64
639,W1,R1,SKU_A,2,176
639,W1,R1,SKU_B,2,75
639,W1,R1,SKU_C,2,140
639,W1,R1,SKU_D,2,102
639,W1,R1,SKU_E,2,75
639,W1,R2,SKU_A,3,118
639,W1,R2,SKU_B,3,56
639,W1,R2,SKU_C,3,58
639,W1,R2,SKU_D,3,7
639,W1,R2,SKU_E,3,64
639,W2,R3,SKU_A,4,273
639,W2,R3,SKU_B,4,57
639,W2,R3,SKU_C,4,137
639,W2,R3,SKU_D,4,173
639,W2,R3,SKU_E,4,59
640,Supplier,W2,SKU_A,6,273
640,Supplier,W2,SKU_B,6,57
640,Supplier,W2,SKU_C,6,137
640,Supplier,W2,SKU_D,6,173
640,Supplier,W2,SKU_E,6,59
640,W1,R1,SKU_A,2,102
640,W1,R1,SKU_B,2,70
640,W1,R1,SKU_C,2,76
640,W1,R1,SKU_D,2,52
640,W1,R1,SKU_E,2,53
640,W1,R2,SKU_A,3,116
640,W1,R2,SKU_B,3,47
640,W1,R2,SKU_C,3,37
640,W1,R2,SKU_D,3,70
640,W1,R2,SKU_E,3,52
640,W2,R3,SKU_A,4,191
640,W2,R3,SKU_B,4,47
640,W2,R3,SKU_C,4,86
640,W2,R3,SKU_D,4,99
640,W2,R3,SKU_E,4,64
641,Supplier,W1,SKU_A,5,512
641,Supplier,W1,SKU_B,5,248
641,Supplier,W1,SKU_C,5,311
641,Supplier,W1,SKU_D,5,231
641,Supplier,W1,SKU_E,5,244
641,Supplier,W2,SKU_A,6,191
641,Supplier,W2,SKU_B,6,47
641,Supplier,W2,SKU_C,6,86
641,Supplier,W2,SKU_D,6,99
641,Supplier,W2,SKU_E,6,64
641,W1,R1,SKU_A,2,153
641,W1,R1,SKU_B,2,68
641,W1,R1,SKU_C,2,69
641,W1,R1,SKU_D,2,71
641,W1,R1,SKU_E,2,34
641,W1,R2,SKU_A,3,89
641,W1,R2,SKU_B,3,45
641,W1,R2,SKU_C,3,33
641,W1,R2,SKU_D,3,28
641,W1,R2,SKU_E,3,49
641,W2,R3,SKU_A,4,224
641,W2,R3,SKU_B,4,36
641,W2,R3,SKU_C,4,73
641,W2,R3,SKU_D,4,128
641,W2,R3,SKU_E,4,84
642,Supplier,W2,SKU_A,6,224
642,Supplier,W2,SKU_B,6,36
642,Supplier,W2,SKU_C,6,73
642,Supplier,W2,SKU_D,6,128
642,Supplier,W2,SKU_E,6,84
642,W1,R2,SKU_A,3,84
642,W1,R2,SKU_B,3,34
642,W1,R2,SKU_C,3,24
642,W1,R2,SKU_D,3,34
642,W1,R2,SKU_E,3,70
642,W2,R3,SKU_A,4,229
642,W2,R3,SKU_B,4,50
642,W2,R3,SKU_C,4,101
642,W2,R3,SKU_D,4,130
642,W2,R3,SKU_E,4,66
643,Supplier,W1,SKU_A,5,454
643,Supplier,W1,SKU_B,5,195
643,Supplier,W1,SKU_C,5,180
643,Supplier,W1,SKU_D,5,202
643,Supplier,W1,SKU_E,5,206
643,Supplier,W2,SKU_A,6,229
643,Supplier,W2,SKU_B,6,50
643,Supplier,W2,SKU_C,6,101
643,Supplier,W2,SKU_D,6,130
643,Supplier,W2,SKU_E,6,66
643,W1,R1,SKU_A,2,280
643,W1,R1,SKU_B,2,114
643,W1,R1,SKU_C,2,127
643,W1,R1,SKU_D,2,161
643,W1,R1,SKU_E,2,83
643,W1,R2,SKU_A,3,24
643,W1,R2,SKU_B,3,41
643,W1,R2,SKU_C,3,50
643,W1,R2,SKU_D,3,4
643,W2,R3,SKU_A,4,246
643,W2,R3,SKU_B,4,65
643,W2,R3,SKU_C,4,128
643,W2,R3,SKU_D,4,171
643,W2,R3,SKU_E,4,72
644,Supplier,W2,SKU_A,6,246
644,Supplier,W2,SKU_B,6,65
644,Supplier,W2,SKU_C,6,128
644,Supplier,W2,SKU_D,6,171
644,Supplier,W2,SKU_E,6,72
644,W1,R1,SKU_A,2,156
644,W1,R1,SKU_B,2,78
644,W1,R1,SKU_C,2,87
644,W1,R1,SKU_D,2,83
644,W1,R1,SKU_E,2,112
644,W1,R2,SKU_A,3,190
644,W1,R2,SKU_B,3,42
644,W1,R2,SKU_C,3,53
644,W1,R2,SKU_D,3,83
644,W1,R2,SKU_E,3,141
644,W2,R3,SKU_A,4,294
644,W2,R3,SKU_B,4,60
644,W2,R3,SKU_C,4,127
644,W2,R3,SKU_D,4,147
644,W2,R3,SKU_E,4,83
645,Supplier,W1,SKU_A,5,522
645,Supplier,W1,SKU_B,5,227
645,Supplier,W1,SKU_C,5,263
645,Supplier,W1,SKU_D,5,262
645,Supplier,W1,SKU_E,5,283
645,Supplier,W2,SKU_A,6,294
645,Supplier,W2,SKU_B,6,60
645,Supplier,W2,SKU_C,6,127
645,Supplier,W2,SKU_D,6,147
645,Supplier,W2,SKU_E,6,83
645,W1,R1,SKU_A,2,230
645,W1,R1,SKU_B,2,123
645,W1,R1,SKU_C,2,133
645,W1,R1,SKU_D,2,130
645,W1,R1,SKU_E,2,16
645,W1,R2,SKU_A,3,18
645,W1,R2,SKU_B,3,77
645,W1,R2,SKU_C,3,68
645,W2,R3,SKU_A,4,333
645,W2,R3,SKU_B,4,70
645,W2,R3,SKU_C,4,156
645,W2,R3,SKU_D,4,198
645,W2,R3,SKU_E,4,88
646,Supplier,W1,SKU_A,5,375
646,Supplier,W1,SKU_B,5,200
646,Supplier,W1,SKU_C,5,201
646,Supplier,W1,SKU_D,5,184
646,Supplier,W1,SKU_E,5,172
646,Supplier,W2,SKU_A,6,333
646,Supplier,W2,SKU_B,6,70
646,Supplier,W2,SKU_C,6,156
646,Supplier,W2,SKU_D,6,226
646,Supplier,W2,SKU_E,6,88
646,W1,R1,SKU_A,2,226
646,W1,R1,SKU_B,2,130
646,W1,R1,SKU_C,2,133
646,W1,R1,SKU_D,2,127
646,W1,R1,SKU_E,2,163
646,W1,R2,SKU_A,3,241
646,W1,R2,SKU_B,3,75
646,W1,R2,SKU_C,3,75
646,W1,R2,SKU_D,3,83
646,W1,R2,SKU_E,3,81
646,W2,R3,SKU_A,4,310
646,W2,R3,SKU_B,4,76
646,W2,R3,SKU_C,4,161
646,W2,R3,SKU_D,4,173
646,W2,R3,SKU_E,4,86
647,Supplier,W1,SKU_A,5,340
647,Supplier,W1,SKU_B,5,205
647,Supplier,W1,SKU_C,5,208
647,Supplier,W1,SKU_D,5,156
647,Supplier,W1,SKU_E,5,168
647,Supplier,W2,SKU_A,6,310
647,Supplier,W2,SKU_B,6,76
647,Supplier,W2,SKU_C,6,161
647,Supplier,W2,SKU_D,6,187
647,Supplier,W2,SKU_E,6,86
647,W2,R3,SKU_A,4,213
647,W2,R3,SKU_B,4,44
647,W2,R3,SKU_C,4,119
647,W2,R3,SKU_D,4,99
647,W2,R3,SKU_E,4,54
648,Supplier,W2,SKU_A,6,222
648,Supplier,W2,SKU_B,6,44
648,Supplier,W2,SKU_C,6,119
648,Supplier,W2,SKU_D,6,133
648,Supplier,W2,SKU_E,6,54
648,W1,R1,SKU_A,2,272
648,W1,R1,SKU_B,2,130
648,W1,R1,SKU_C,2,144
648,W1,R1,SKU_D,2,135
648,W1,R1,SKU_E,2,110
648,W1,R2,SKU_B,3,106
648,W1,R2,SKU_C,3,94
648,W1,R2,SKU_A,3,186
648,W1,R2,SKU_D,3,88
648,W1,R2,SKU_E,3,96
648,W2,R3,SKU_A,4,219
648,W2,R3,SKU_B,4,48
648,W2,R3,SKU_C,4,100
648,W2,R3,SKU_D,4,128
648,W2,R3,SKU_E,4,80
649,Supplier,W1,SKU_A,5,458
649,Supplier,W1,SKU_B,5,236
649,Supplier,W1,SKU_C,5,238
649,Supplier,W1,SKU_D,5,227
649,Supplier,W1,SKU_E,5,234
649,Supplier,W2,SKU_A,6,210
649,Supplier,W2,SKU_B,6,48
649,Supplier,W2,SKU_C,6,100
649,Supplier,W2,SKU_D,6,98
649,Supplier,W2,SKU_E,6,80
649,W2,R3,SKU_A,4,222
649,W2,R3,SKU_B,4,41
649,W2,R3,SKU_C,4,88
649,W2,R3,SKU_D,4,130
649,W2,R3,SKU_E,4,56
650,Supplier,W2,SKU_A,6,222
650,Supplier,W2,SKU_B,6,41
650,Supplier,W2,SKU_C,6,88
650,Supplier,W2,SKU_D,6,126
650,Supplier,W2,SKU_E,6,56
650,W1,R1,SKU_A,2,271
650,W1,R1,SKU_B,2,115
650,W1,R1,SKU_C,2,136
650,W1,R1,SKU_D,2,127
650,W1,R1,SKU_E,2,107
650,W1,R2,SKU_B,3,69
650,W1,R2,SKU_C,3,65
650,W1,R2,SKU_A,3,191
650,W1,R2,SKU_D,3,89
650,W1,R2,SKU_E,3,176
650,W2,R3,SKU_A,4,222
650,W2,R3,SKU_B,4,44
650,W2,R3,SKU_C,4,108
650,W2,R3,SKU_D,4,171
650,W2,R3,SKU_E,4,70
651,Supplier,W1,SKU_A,5,462
651,Supplier,W1,SKU_B,5,184
651,Supplier,W1,SKU_C,5,201
651,Supplier,W1,SKU_D,5,212
651,Supplier,W1,SKU_E,5,210
651,Supplier,W2,SKU_A,6,222
651,Supplier,W2,SKU_B,6,44
651,Supplier,W2,SKU_C,6,108
651,Supplier,W2,SKU_D,6,129
651,Supplier,W2,SKU_E,6,70
651,W1,R1,SKU_A,2,168
651,W1,R1,SKU_B,2,74
651,W1,R1,SKU_C,2,75
651,W1,R1,SKU_D,2,94
651,W1,R1,SKU_E,2,65
651,W1,R2,SKU_A,3,114
651,W1,R2,SKU_B,3,52
651,W1,R2,SKU_C,3,44
651,W1,R2,SKU_D,3,34
651,W1,R2,SKU_E,3,94
651,W2,R3,SKU_A,4,263
651,W2,R3,SKU_B,4,62
651,W2,R3,SKU_C,4,134
651,W2,R3,SKU_D,4,147
651,W2,R3,SKU_E,4,94
652,Supplier,W2,SKU_A,6,263
652,Supplier,W2,SKU_B,6,62
652,Supplier,W2,SKU_C,6,134
652,Supplier,W2,SKU_D,6,148
652,Supplier,W2,SKU_E,6,94
652,W1,R1,SKU_A,2,229
652,W1,R1,SKU_B,2,96
652,W1,R1,SKU_C,2,128
652,W1,R1,SKU_D,2,88
652,W1,R1,SKU_E,2,96
652,W1,R2,SKU_A,3,115
652,W1,R2,SKU_B,3,57
652,W1,R2,SKU_C,3,49
652,W1,R2,SKU_D,3,63
652,W1,R2,SKU_E,3,85
652,W2,R3,SKU_A,4,317
652,W2,R3,SKU_B,4,70
652,W2,R3,SKU_C,4,191
652,W2,R3,SKU_D,4,184
652,W2,R3,SKU_E,4,107
653,Supplier,W1,SKU_A,5,626
653,Supplier,W1,SKU_B,5,279
653,Supplier,W1,SKU_C,5,296
653,Supplier,W1,SKU_D,5,279
653,Supplier,W1,SKU_E,5,306
653,Supplier,W2,SKU_A,6,317
653,Supplier,W2,SKU_B,6,70
653,Supplier,W2,SKU_C,6,191
653,Supplier,W2,SKU_D,6,183
653,Supplier,W2,SKU_E,6,107
653,W1,R1,SKU_A,2,190
653,W1,R1,SKU_B,2,92
653,W1,R1,SKU_C,2,125
653,W1,R1,SKU_D,2,100
653,W1,R2,SKU_B,3,67
653,W1,R2,SKU_C,3,47
653,W1,R2,SKU_D,3,7
653,W2,R3,SKU_A,4,323
653,W2,R3,SKU_B,4,63
653,W2,R3,SKU_C,4,149
653,W2,R3,SKU_D,4,173
653,W2,R3,SKU_E,4,93
654,Supplier,W1,SKU_A,5,350
654,Supplier,W1,SKU_B,5,159
654,Supplier,W1,SKU_C,5,172
654,Supplier,W1,SKU_D,5,129
654,Supplier,W1,SKU_E,5,182
654,Supplier,W2,SKU_A,6,323
654,Supplier,W2,SKU_B,6,63
654,Supplier,W2,SKU_C,6,149
654,Supplier,W2,SKU_D,6,173
654,Supplier,W2,SKU_E,6,93
654,W1,R1,SKU_A,2,185
654,W1,R1,SKU_B,2,66
654,W1,R1,SKU_C,2,75
654,W1,R1,SKU_D,2,77
654,W1,R1,SKU_E,2,149
654,W1,R2,SKU_A,3,195
654,W1,R2,SKU_B,3,49
654,W1,R2,SKU_C,3,38
654,W1,R2,SKU_D,3,55
654,W1,R2,SKU_E,3,85
654,W2,R3,SKU_A,4,203
654,W2,R3,SKU_B,4,38
654,W2,R3,SKU_C,4,105
654,W2,R3,SKU_D,4,92
654,W2,R3,SKU_E,4,90
655,Supplier,W2,SKU_A,6,203
655,Supplier,W2,SKU_B,6,38
655,Supplier,W2,SKU_C,6,105
655,Supplier,W2,SKU_D,6,92
655,Supplier,W2,SKU_E,6,90
655,W1,R2,SKU_B,3,46
655,W1,R2,SKU_C,3,41
655,W1,R2,SKU_D,3,34
655,W2,R3,SKU_A,4,165
655,W2,R3,SKU_B,4,44
655,W2,R3,SKU_C,4,71
655,W2,R3,SKU_D,4,135
655,W2,R3,SKU_E,4,58
656,Supplier,W1,SKU_A,5,443
656,Supplier,W1,SKU_B,5,214
656,Supplier,W1,SKU_C,5,229
656,Supplier,W1,SKU_D,5,199
656,Supplier,W1,SKU_E,5,261
656,Supplier,W2,SKU_A,6,165
656,Supplier,W2,SKU_B,6,44
656,Supplier,W2,SKU_C,6,71
656,Supplier,W2,SKU_D,6,135
656,Supplier,W2,SKU_E,6,58
656,W1,R1,SKU_A,2,271
656,W1,R1,SKU_B,2,99
656,W1,R1,SKU_C,2,133
656,W1,R1,SKU_D,2,121
656,W1,R1,SKU_E,2,118
656,W1,R2,SKU_A,3,164
656,W1,R2,SKU_B,3,34
656,W1,R2,SKU_C,3,32
656,W1,R2,SKU_D,3,30
656,W1,R2,SKU_E,3,92
656,W2,R3,SKU_A,4,182
656,W2,R3,SKU_B,4,45
656,W2,R3,SKU_C,4,87
656,W2,R3,SKU_D,4,130
656,W2,R3,SKU_E,4,71
657,Supplier,W2,SKU_A,6,182
657,Supplier,W2,SKU_B,6,45
657,Supplier,W2,SKU_C,6,87
657,Supplier,W2,SKU_D,6,130
657,Supplier,W2,SKU_E,6,71
657,W1,R2,SKU_B,3,53
657,W1,R2,SKU_C,3,37
657,W1,R2,SKU_D,3,38
657,W2,R3,SKU_A,4,251
657,W2,R3,SKU_B,4,44
657,W2,R3,SKU_C,4,94
657,W2,R3,SKU_D,4,137
657,W2,R3,SKU_E,4,83
658,Supplier,W1,SKU_A,5,443
658,Supplier,W1,SKU_B,5,193
658,Supplier,W1,SKU_C,5,202
658,Supplier,W1,SKU_D,5,215
658,Supplier,W1,SKU_E,5,270
658,Supplier,W2,SKU_A,6,251
658,Supplier,W2,SKU_B,6,44
658,Supplier,W2,SKU_C,6,94
658,Supplier,W2,SKU_D,6,137
658,Supplier,W2,SKU_E,6,83
658,W1,R1,SKU_A,2,292
658,W1,R1,SKU_B,2,131
658,W1,R1,SKU_C,2,151
658,W1,R1,SKU_D,2,158
658,W1,R1,SKU_E,2,119
658,W1,R2,SKU_A,3,190
658,W1,R2,SKU_B,3,51
658,W1,R2,SKU_C,3,35
658,W1,R2,SKU_D,3,33
658,W1,R2,SKU_E,3,187
658,W2,R3,SKU_A,4,250
658,W2,R3,SKU_B,4,41
658,W2,R3,SKU_C,4,136
658,W2,R3,SKU_D,4,140
658,W2,R3,SKU_E,4,90
659,Supplier,W2,SKU_A,6,250
659,Supplier,W2,SKU_B,6,41
659,Supplier,W2,SKU_C,6,136
659,Supplier,W2,SKU_D,6,140
659,Supplier,W2,SKU_E,6,90
659,W1,R1,SKU_A,2,229
659,W1,R1,SKU_B,2,107
659,W1,R1,SKU_C,2,141
659,W1,R1,SKU_D,2,123
659,W1,R1,SKU_E,2,86
659,W1,R2,SKU_A,3,109
659,W1,R2,SKU_B,3,66
659,W1,R2,SKU_C,3,51
659,W1,R2,SKU_D,3,40
659,W1,R2,SKU_E,3,96
659,W2,R3,SKU_A,4,327
659,W2,R3,SKU_B,4,64
659,W2,R3,SKU_C,4,171
659,W2,R3,SKU_D,4,189
659,W2,R3,SKU_E,4,105
660,Supplier,W1,SKU_A,5,589
660,Supplier,W1,SKU_B,5,295
660,Supplier,W1,SKU_C,5,303
660,Supplier,W1,SKU_D,5,273
660,Supplier,W1,SKU_E,5,284
660,Supplier,W2,SKU_A,6,327
660,Supplier,W2,SKU_B,6,64
660,Supplier,W2,SKU_C,6,171
660,Supplier,W2,SKU_D,6,189
660,Supplier,W2,SKU_E,6,105
660,W1,R1,SKU_A,2,229
660,W1,R1,SKU_B,2,93
660,W1,R1,SKU_C,2,125
660,W1,R1,SKU_D,2,103
660,W1,R2,SKU_A,3,32
660,W1,R2,SKU_B,3,58
660,W1,R2,SKU_C,3,42
660,W1,R2,SKU_D,3,35
660,W2,R3,SKU_A,4,311
660,W2,R3,SKU_B,4,54
660,W2,R3,SKU_C,4,154
660,W2,R3,SKU_D,4,181
660,W2,R3,SKU_E,4,86
661,Supplier,W2,SKU_A,6,311
661,Supplier,W2,SKU_B,6,54
661,Supplier,W2,SKU_C,6,154
661,Supplier,W2,SKU_D,6,181
661,Supplier,W2,SKU_E,6,86
661,W1,R1,SKU_A,2,141
661,W1,R1,SKU_B,2,63
661,W1,R1,SKU_C,2,67
661,W1,R1,SKU_D,2,82
661,W1,R1,SKU_E,2,120
661,W1,R2,SKU_A,3,182
661,W1,R2,SKU_B,3,48
661,W1,R2,SKU_C,3,37
661,W1,R2,SKU_D,3,39
661,W1,R2,SKU_E,3,141
661,W2,R3,SKU_A,4,263
661,W2,R3,SKU_B,4,47
661,W2,R3,SKU_C,4,113
661,W2,R3,SKU_D,4,128
661,W2,R3,SKU_E,4,63
662,Supplier,W1,SKU_A,5,584
662,Supplier,W1,SKU_B,5,262
662,Supplier,W1,SKU_C,5,271
662,Supplier,W1,SKU_D,5,259
662,Supplier,W1,SKU_E,5,226
662,Supplier,W2,SKU_A,6,263
662,Supplier,W2,SKU_B,6,47
662,Supplier,W2,SKU_C,6,113
662,Supplier,W2,SKU_D,6,128
662,Supplier,W2,SKU_E,6,63
662,W1,R2,SKU_B,3,48
662,W1,R2,SKU_C,3,42
662,W2,R3,SKU_A,4,239
662,W2,R3,SKU_B,4,51
662,W2,R3,SKU_C,4,109
662,W2,R3,SKU_D,4,121
662,W2,R3,SKU_E,4,70
663,Supplier,W2,SKU_A,6,239
663,Supplier,W2,SKU_B,6,51
663,Supplier,W2,SKU_C,6,109
663,Supplier,W2,SKU_D,6,121
663,Supplier,W2,SKU_E,6,70
663,W1,R1,SKU_A,2,314
663,W1,R1,SKU_B,2,159
663,W1,R1,SKU_C,2,179
663,W1,R1,SKU_D,2,200
663,W1,R1,SKU_E,2,139
663,W1,R2,SKU_A,3,226
663,W1,R2,SKU_B,3,50
663,W1,R2,SKU_C,3,48
663,W1,R2,SKU_D,3,85
663,W1,R2,SKU_E,3,131
663,W2,R3,SKU_A,4,208
663,W2,R3,SKU_B,4,62
663,W2,R3,SKU_C,4,130
663,W2,R3,SKU_D,4,150
663,W2,R3,SKU_E,4,87
664,Supplier,W1,SKU_A,5,540
664,Supplier,W1,SKU_B,5,257
664,Supplier,W1,SKU_C,5,269
664,Supplier,W1,SKU_D,5,285
664,Supplier,W1,SKU_E,5,262
664,Supplier,W2,SKU_A,6,349
664,Supplier,W2,SKU_B,6,62
664,Supplier,W2,SKU_C,6,130
664,Supplier,W2,SKU_D,6,194
664,Supplier,W2,SKU_E,6,87
664,W2,R3,SKU_A,4,251
664,W2,R3,SKU_B,4,81
664,W2,R3,SKU_C,4,238
664,W2,R3,SKU_D,4,137
664,W2,R3,SKU_E,4,113
665,Supplier,W1,SKU_A,5,470
665,Supplier,W1,SKU_B,5,272
665,Supplier,W1,SKU_C,5,204
665,Supplier,W1,SKU_D,5,251
665,Supplier,W1,SKU_E,5,182
665,Supplier,W2,SKU_A,6,432
665,Supplier,W2,SKU_B,6,81
665,Supplier,W2,SKU_C,6,238
665,Supplier,W2,SKU_D,6,244
665,Supplier,W2,SKU_E,6,113
665,W1,R1,SKU_A,2,582
665,W1,R1,SKU_B,2,322
665,W1,R1,SKU_C,2,322
665,W1,R1,SKU_D,2,281
665,W1,R1,SKU_E,2,213
665,W1,R2,SKU_C,3,153
665,W1,R2,SKU_A,3,30
665,W1,R2,SKU_B,3,101
665,W1,R2,SKU_E,3,71
665,W2,R3,SKU_A,4,250
665,W2,R3,SKU_B,4,62
665,W2,R3,SKU_C,4,152
665,W2,R3,SKU_D,4,140
665,W2,R3,SKU_E,4,106
666,Supplier,W1,SKU_A,5,411
666,Supplier,W1,SKU_B,5,226
666,Supplier,W1,SKU_C,5,271
666,Supplier,W1,SKU_D,5,230
666,Supplier,W1,SKU_E,5,171
666,Supplier,W2,SKU_A,6,386
666,Supplier,W2,SKU_B,6,62
666,Supplier,W2,SKU_C,6,195
666,Supplier,W2,SKU_D,6,237
666,Supplier,W2,SKU_E,6,106
666,W2,R3,SKU_A,4,327
666,W2,R3,SKU_B,4,54
666,W2,R3,SKU_C,4,171
666,W2,R3,SKU_D,4,189
666,W2,R3,SKU_E,4,81
667,Supplier,W2,SKU_A,6,299
667,Supplier,W2,SKU_B,6,54
667,Supplier,W2,SKU_C,6,130
667,Supplier,W2,SKU_D,6,150
667,Supplier,W2,SKU_E,6,81
667,W1,R1,SKU_C,2,218
667,W1,R1,SKU_A,2,398
667,W1,R1,SKU_B,2,151
667,W1,R1,SKU_D,2,259
667,W1,R1,SKU_E,2,144
667,W1,R2,SKU_A,3,186
667,W1,R2,SKU_B,3,111
667,W1,R2,SKU_C,3,94
667,W1,R2,SKU_E,3,82
667,W2,R3,SKU_A,4,311
667,W2,R3,SKU_B,4,40
667,W2,R3,SKU_C,4,150
667,W2,R3,SKU_D,4,181
667,W2,R3,SKU_E,4,82
668,Supplier,W1,SKU_A,5,574
668,Supplier,W1,SKU_B,5,253
668,Supplier,W1,SKU_C,5,312
668,Supplier,W1,SKU_D,5,282
668,Supplier,W1,SKU_E,5,260
668,Supplier,W2,SKU_A,6,300
668,Supplier,W2,SKU_B,6,40
668,Supplier,W2,SKU_C,6,148
668,Supplier,W2,SKU_D,6,149
668,Supplier,W2,SKU_E,6,82
668,W2,R3,SKU_A,4,263
668,W2,R3,SKU_B,4,35
668,W2,R3,SKU_C,4,98
668,W2,R3,SKU_D,4,128
668,W2,R3,SKU_E,4,48
669,Supplier,W2,SKU_A,6,229
669,Supplier,W2,SKU_B,6,35
669,Supplier,W2,SKU_C,6,98
669,Supplier,W2,SKU_D,6,122
669,Supplier,W2,SKU_E,6,48
669,W1,R1,SKU_C,2,123
669,W1,R1,SKU_A,2,244
669,W1,R1,SKU_B,2,86
669,W1,R1,SKU_D,2,109
669,W1,R1,SKU_E,2,87
669,W1,R2,SKU_A,3,296
669,W1,R2,SKU_B,3,143
669,W1,R2,SKU_C,3,63
669,W1,R2,SKU_D,3,176
669,W1,R2,SKU_E,3,175
669,W2,R3,SKU_A,4,239
669,W2,R3,SKU_B,4,33
669,W2,R3,SKU_C,4,74
669,W2,R3,SKU_D,4,121
669,W2,R3,SKU_E,4,58
670,Supplier,W1,SKU_A,5,420
670,Supplier,W1,SKU_B,5,163
670,Supplier,W1,SKU_C,5,186
670,Supplier,W1,SKU_D,5,166
670,Supplier,W1,SKU_E,5,192
670,Supplier,W2,SKU_A,6,179
670,Supplier,W2,SKU_B,6,33
670,Supplier,W2,SKU_C,6,74
670,Supplier,W2,SKU_D,6,105
670,Supplier,W2,SKU_E,6,58
670,W1,R2,SKU_A,3,206
670,W1,R2,SKU_B,3,34
670,W1,R2,SKU_C,3,21
670,W1,R2,SKU_D,3,124
670,W1,R2,SKU_E,3,110
670,W2,R3,SKU_A,4,349
670,W2,R3,SKU_B,4,41
670,W2,R3,SKU_C,4,88
670,W2,R3,SKU_D,4,194
670,W2,R3,SKU_E,4,67
671,Supplier,W2,SKU_A,6,167
671,Supplier,W2,SKU_B,6,41
671,Supplier,W2,SKU_C,6,88
671,Supplier,W2,SKU_D,6,82
671,Supplier,W2,SKU_E,6,67
671,W1,R1,SKU_A,2,225
671,W1,R1,SKU_B,2,100
671,W1,R1,SKU_C,2,96
671,W1,R1,SKU_D,2,123
671,W1,R1,SKU_E,2,69
671,W1,R2,SKU_A,3,75
671,W1,R2,SKU_B,3,41
671,W1,R2,SKU_C,3,36
671,W1,R2,SKU_D,3,31
671,W1,R2,SKU_E,3,45
671,W2,R3,SKU_A,4,321
671,W2,R3,SKU_B,4,38
671,W2,R3,SKU_C,4,91
671,W2,R3,SKU_D,4,137
671,W2,R3,SKU_E,4,66
672,Supplier,W1,SKU_A,5,367
672,Supplier,W1,SKU_B,5,175
672,Supplier,W1,SKU_C,5,153
672,Supplier,W1,SKU_D,5,174
672,Supplier,W1,SKU_E,5,168
672,Supplier,W2,SKU_A,6,178
672,Supplier,W2,SKU_B,6,38
672,Supplier,W2,SKU_C,6,91
672,Supplier,W2,SKU_D,6,94
672,Supplier,W2,SKU_E,6,66
672,W1,R1,SKU_A,2,148
672,W1,R1,SKU_B,2,69
672,W1,R1,SKU_C,2,81
672,W1,R1,SKU_D,2,63
672,W1,R1,SKU_E,2,80
672,W1,R2,SKU_A,3,103
672,W1,R2,SKU_B,3,42
672,W1,R2,SKU_C,3,27
672,W1,R2,SKU_D,3,37
672,W1,R2,SKU_E,3,49
672,W2,R3,SKU_A,4,244
672,W2,R3,SKU_B,4,47
672,W2,R3,SKU_C,4,100
672,W2,R3,SKU_D,4,162
672,W2,R3,SKU_E,4,94
673,Supplier,W2,SKU_A,6,244
673,Supplier,W2,SKU_B,6,47
673,Supplier,W2,SKU_C,6,100
673,Supplier,W2,SKU_D,6,162
673,Supplier,W2,SKU_E,6,94
673,W1,R1,SKU_A,2,235
673,W1,R1,SKU_B,2,149
673,W1,R1,SKU_C,2,155
673,W1,R1,SKU_D,2,123
673,W1,R1,SKU_E,2,85
673,W1,R2,SKU_A,3,108
673,W1,R2,SKU_B,3,67
673,W1,R2,SKU_C,3,54
673,W1,R2,SKU_D,3,51
673,W1,R2,SKU_E,3,82
673,W2,R3,SKU_A,4,331
673,W2,R3,SKU_B,4,103
673,W2,R3,SKU_C,4,188
673,W2,R3,SKU_D,4,189
673,W2,R3,SKU_E,4,119
674,Supplier,W1,SKU_A,5,594
674,Supplier,W1,SKU_B,5,327
674,Supplier,W1,SKU_C,5,317
674,Supplier,W1,SKU_D,5,274
674,Supplier,W1,SKU_E,5,296
674,Supplier,W2,SKU_A,6,331
674,Supplier,W2,SKU_B,6,103
674,Supplier,W2,SKU_C,6,188
674,Supplier,W2,SKU_D,6,189
674,Supplier,W2,SKU_E,6,119
674,W1,R1,SKU_A,2,225
674,W1,R1,SKU_B,2,117
674,W1,R1,SKU_C,2,96
674,W1,R1,SKU_D,2,112
674,W1,R1,SKU_E,2,73
674,W1,R2,SKU_A,3,112
674,W1,R2,SKU_B,3,61
674,W1,R2,SKU_C,3,50
674,W1,R2,SKU_D,3,50
674,W1,R2,SKU_E,3,20
674,W2,R3,SKU_A,4,330
674,W2,R3,SKU_B,4,82
674,W2,R3,SKU_C,4,163
674,W2,R3,SKU_D,4,180
674,W2,R3,SKU_E,4,122
675,Supplier,W1,SKU_A,5,337
675,Supplier,W1,SKU_B,5,178
675,Supplier,W1,SKU_C,5,146
675,Supplier,W1,SKU_D,5,162
675,Supplier,W1,SKU_E,5,151
675,Supplier,W2,SKU_A,6,330
675,Supplier,W2,SKU_B,6,82
675,Supplier,W2,SKU_C,6,163
675,Supplier,W2,SKU_D,6,180
675,Supplier,W2,SKU_E,6,122
675,W1,R1,SKU_A,2,176
675,W1,R1,SKU_B,2,78
675,W1,R1,SKU_C,2,75
675,W1,R1,SKU_D,2,95
675,W1,R1,SKU_E,2,81
675,W1,R2,SKU_A,3,86
675,W1,R2,SKU_B,3,67
675,W1,R2,SKU_C,3,46
675,W1,R2,SKU_D,3,41
675,W1,R2,SKU_E,3,111
675,W2,R3,SKU_A,4,262
675,W2,R3,SKU_B,4,66
675,W2,R3,SKU_C,4,113
675,W2,R3,SKU_D,4,141
675,W2,R3,SKU_E,4,122
676,Supplier,W2,SKU_A,6,262
676,Supplier,W2,SKU_B,6,66
676,Supplier,W2,SKU_C,6,113
676,Supplier,W2,SKU_D,6,141
676,Supplier,W2,SKU_E,6,123
676,W1,R2,SKU_A,3,37
676,W1,R2,SKU_B,3,44
676,W1,R2,SKU_C,3,40
676,W1,R2,SKU_D,3,24
676,W2,R3,SKU_A,4,205
676,W2,R3,SKU_B,4,46
676,W2,R3,SKU_C,4,72
676,W2,R3,SKU_D,4,96
676,W2,R3,SKU_E,4,58
677,Supplier,W1,SKU_A,5,504
677,Supplier,W1,SKU_B,5,256
677,Supplier,W1,SKU_C,5,251
677,Supplier,W1,SKU_D,5,234
677,Supplier,W1,SKU_E,5,314
677,Supplier,W2,SKU_A,6,205
677,Supplier,W2,SKU_B,6,46
677,Supplier,W2,SKU_C,6,72
677,Supplier,W2,SKU_D,6,96
677,Supplier,W2,SKU_E,6,76
677,W1,R1,SKU_A,2,277
677,W1,R1,SKU_B,2,136
677,W1,R1,SKU_C,2,153
677,W1,R1,SKU_D,2,124
677,W1,R1,SKU_E,2,114
677,W1,R2,SKU_A,3,183
677,W1,R2,SKU_B,3,42
677,W1,R2,SKU_C,3,41
677,W1,R2,SKU_D,3,67
677,W1,R2,SKU_E,3,54
677,W2,R3,SKU_A,4,253
677,W2,R3,SKU_B,4,50
677,W2,R3,SKU_C,4,81
677,W2,R3,SKU_D,4,108
677,W2,R3,SKU_E,4,67
678,Supplier,W2,SKU_A,6,253
678,Supplier,W2,SKU_B,6,50
678,Supplier,W2,SKU_C,6,81
678,Supplier,W2,SKU_D,6,108
678,Supplier,W2,SKU_E,6,77
678,W2,R3,SKU_A,4,224
678,W2,R3,SKU_B,4,64
678,W2,R3,SKU_C,4,103
678,W2,R3,SKU_D,4,135
678,W2,R3,SKU_E,4,66
679,Supplier,W1,SKU_A,5,536
679,Supplier,W1,SKU_B,5,239
679,Supplier,W1,SKU_C,5,222
679,Supplier,W1,SKU_D,5,242
679,Supplier,W1,SKU_E,5,222
679,Supplier,W2,SKU_A,6,231
679,Supplier,W2,SKU_B,6,64
679,Supplier,W2,SKU_C,6,103
679,Supplier,W2,SKU_D,6,135
679,Supplier,W2,SKU_E,6,110
679,W1,R1,SKU_A,2,381
679,W1,R1,SKU_B,2,145
679,W1,R1,SKU_C,2,149
679,W1,R1,SKU_D,2,176
679,W1,R1,SKU_E,2,124
679,W1,R2,SKU_C,3,89
679,W1,R2,SKU_A,3,219
679,W1,R2,SKU_B,3,121
679,W1,R2,SKU_D,3,83
679,W1,R2,SKU_E,3,172
679,W2,R3,SKU_A,4,244
679,W2,R3,SKU_B,4,75
679,W2,R3,SKU_C,4,100
679,W2,R3,SKU_D,4,146
679,W2,R3,SKU_E,4,94
680,Supplier,W2,SKU_A,6,265
680,Supplier,W2,SKU_B,6,75
680,Supplier,W2,SKU_C,6,100
680,Supplier,W2,SKU_D,6,146
680,Supplier,W2,SKU_E,6,98
680,W1,R1,SKU_A,2,239
680,W1,R1,SKU_B,2,126
680,W1,R1,SKU_C,2,159
680,W1,R1,SKU_D,2,95
680,W1,R1,SKU_E,2,81
680,W1,R2,SKU_A,3,117
680,W1,R2,SKU_B,3,71
680,W1,R2,SKU_C,3,41
680,W1,R2,SKU_D,3,55
680,W1,R2,SKU_E,3,70
680,W2,R3,SKU_A,4,331
680,W2,R3,SKU_B,4,83
680,W2,R3,SKU_C,4,166
680,W2,R3,SKU_D,4,202
680,W2,R3,SKU_E,4,119
681,Supplier,W1,SKU_A,5,675
681,Supplier,W1,SKU_B,5,335
681,Supplier,W1,SKU_C,5,320
681,Supplier,W1,SKU_D,5,284
681,Supplier,W1,SKU_E,5,293
681,Supplier,W2,SKU_A,6,344
681,Supplier,W2,SKU_B,6,83
681,Supplier,W2,SKU_C,6,166
681,Supplier,W2,SKU_D,6,202
681,Supplier,W2,SKU_E,6,104
681,W1,R1,SKU_A,2,21
681,W1,R1,SKU_B,2,112
681,W1,R1,SKU_C,2,136
681,W1,R1,SKU_D,2,65
681,W2,R3,SKU_A,4,330
681,W2,R3,SKU_B,4,71
681,W2,R3,SKU_C,4,171
681,W2,R3,SKU_D,4,175
681,W2,R3,SKU_E,4,122
682,Supplier,W1,SKU_A,5,390
682,Supplier,W1,SKU_B,5,198
682,Supplier,W1,SKU_C,5,195
682,Supplier,W1,SKU_D,5,168
682,Supplier,W1,SKU_E,5,148
682,Supplier,W2,SKU_A,6,352
682,Supplier,W2,SKU_B,6,71
682,Supplier,W2,SKU_C,6,171
682,Supplier,W2,SKU_D,6,175
682,Supplier,W2,SKU_E,6,89
682,W1,R1,SKU_A,2,385
682,W1,R1,SKU_B,2,80
682,W1,R1,SKU_C,2,70
682,W1,R1,SKU_D,2,115
682,W1,R1,SKU_E,2,126
682,W1,R2,SKU_C,3,101
682,W1,R2,SKU_A,3,119
682,W1,R2,SKU_B,3,114
682,W1,R2,SKU_D,3,103
682,W1,R2,SKU_E,3,188
682,W2,R3,SKU_A,4,260
682,W2,R3,SKU_B,4,26
682,W2,R3,SKU_C,4,65
682,W2,R3,SKU_D,4,120
682,W2,R3,SKU_E,4,90
683,Supplier,W2,SKU_A,6,197
683,Supplier,W2,SKU_B,6,26
683,Supplier,W2,SKU_C,6,65
683,Supplier,W2,SKU_D,6,120
683,Supplier,W2,SKU_E,6,61
683,W2,R3,SKU_A,4,207
683,W2,R3,SKU_B,4,44
683,W2,R3,SKU_C,4,70
683,W2,R3,SKU_D,4,139
683,W2,R3,SKU_E,4,60
684,Supplier,W1,SKU_A,5,505
684,Supplier,W1,SKU_B,5,203
684,Supplier,W1,SKU_C,5,223
684,Supplier,W1,SKU_D,5,220
684,Supplier,W1,SKU_E,5,288
684,Supplier,W2,SKU_A,6,233
684,Supplier,W2,SKU_B,6,44
684,Supplier,W2,SKU_C,6,70
684,Supplier,W2,SKU_D,6,139
684,Supplier,W2,SKU_E,6,60
684,W1,R1,SKU_B,2,83
684,W1,R1,SKU_C,2,153
684,W1,R1,SKU_D,2,152
684,W1,R1,SKU_A,2,289
684,W1,R1,SKU_E,2,145
684,W1,R2,SKU_B,3,101
684,W1,R2,SKU_C,3,56
684,W1,R2,SKU_A,3,247
684,W1,R2,SKU_D,3,71
684,W1,R2,SKU_E,3,77
684,W2,R3,SKU_A,4,249
684,W2,R3,SKU_B,4,42
684,W2,R3,SKU_C,4,83
684,W2,R3,SKU_D,4,124
684,W2,R3,SKU_E,4,73
685,Supplier,W2,SKU_A,6,223
685,Supplier,W2,SKU_B,6,42
685,Supplier,W2,SKU_C,6,83
685,Supplier,W2,SKU_D,6,124
685,Supplier,W2,SKU_E,6,73
685,W1,R2,SKU_B,3,47
685,W1,R2,SKU_C,3,41
685,W2,R3,SKU_A,4,225
685,W2,R3,SKU_B,4,57
685,W2,R3,SKU_C,4,90
685,W2,R3,SKU_D,4,140
685,W2,R3,SKU_E,4,76
686,Supplier,W1,SKU_A,5,513
686,Supplier,W1,SKU_B,5,181
686,Supplier,W1,SKU_C,5,216
686,Supplier,W1,SKU_D,5,211
686,Supplier,W1,SKU_E,5,254
686,Supplier,W2,SKU_A,6,225
686,Supplier,W2,SKU_B,6,57
686,Supplier,W2,SKU_C,6,90
686,Supplier,W2,SKU_D,6,142
686,Supplier,W2,SKU_E,6,76
686,W1,R1,SKU_B,2,94
686,W1,R1,SKU_C,2,183
686,W1,R1,SKU_D,2,157
686,W1,R1,SKU_A,2,410
686,W1,R1,SKU_E,2,120
686,W1,R2,SKU_A,3,265
686,W1,R2,SKU_B,3,40
686,W1,R2,SKU_C,3,43
686,W1,R2,SKU_D,3,53
686,W1,R2,SKU_E,3,173
686,W2,R3,SKU_A,4,268
686,W2,R3,SKU_B,4,58
686,W2,R3,SKU_C,4,139
686,W2,R3,SKU_D,4,146
686,W2,R3,SKU_E,4,118
687,Supplier,W2,SKU_A,6,268
687,Supplier,W2,SKU_B,6,58
687,Supplier,W2,SKU_C,6,139
687,Supplier,W2,SKU_D,6,148
687,Supplier,W2,SKU_E,6,118
687,W1,R1,SKU_A,2,250
687,W1,R1,SKU_B,2,59
687,W1,R1,SKU_C,2,148
687,W1,R1,SKU_D,2,124
687,W1,R1,SKU_E,2,95
687,W1,R2,SKU_A,3,140
687,W1,R2,SKU_B,3,34
687,W1,R2,SKU_C,3,53
687,W1,R2,SKU_D,3,42
687,W1,R2,SKU_E,3,53
687,W2,R3,SKU_A,4,351
687,W2,R3,SKU_B,4,75
687,W2,R3,SKU_C,4,200
687,W2,R3,SKU_D,4,202
687,W2,R3,SKU_E,4,111
688,Supplier,W1,SKU_A,5,721
688,Supplier,W1,SKU_B,5,182
688,Supplier,W1,SKU_C,5,350
688,Supplier,W1,SKU_D,5,283
688,Supplier,W1,SKU_E,5,284
688,Supplier,W2,SKU_A,6,380
688,Supplier,W2,SKU_B,6,75
688,Supplier,W2,SKU_C,6,200
688,Supplier,W2,SKU_D,6,222
688,Supplier,W2,SKU_E,6,111
688,W1,R2,SKU_B,3,44
688,W1,R2,SKU_C,3,40
688,W2,R3,SKU_A,4,352
688,W2,R3,SKU_B,4,67
688,W2,R3,SKU_C,4,138
688,W2,R3,SKU_D,4,175
688,W2,R3,SKU_E,4,103
689,Supplier,W2,SKU_A,6,325
689,Supplier,W2,SKU_B,6,67
689,Supplier,W2,SKU_C,6,138
689,Supplier,W2,SKU_D,6,174
689,Supplier,W2,SKU_E,6,103
689,W1,R1,SKU_B,2,85
689,W1,R1,SKU_C,2,224
689,W1,R1,SKU_D,2,193
689,W1,R1,SKU_A,2,429
689,W1,R1,SKU_E,2,146
689,W1,R2,SKU_A,3,76
689,W1,R2,SKU_B,3,39
689,W1,R2,SKU_C,3,33
689,W1,R2,SKU_D,3,110
689,W1,R2,SKU_E,3,142
689,W2,R3,SKU_A,4,197
689,W2,R3,SKU_B,4,66
689,W2,R3,SKU_C,4,120
689,W2,R3,SKU_D,4,120
689,W2,R3,SKU_E,4,82
690,Supplier,W1,SKU_A,5,672
690,Supplier,W1,SKU_B,5,168
690,Supplier,W1,SKU_C,5,297
690,Supplier,W1,SKU_D,5,303
690,Supplier,W1,SKU_E,5,276
690,Supplier,W2,SKU_A,6,217
690,Supplier,W2,SKU_B,6,66
690,Supplier,W2,SKU_C,6,120
690,Supplier,W2,SKU_D,6,142
690,Supplier,W2,SKU_E,6,82
690,W2,R3,SKU_A,4,233
690,W2,R3,SKU_B,4,50
690,W2,R3,SKU_C,4,110
690,W2,R3,SKU_D,4,139
690,W2,R3,SKU_E,4,73
691,Supplier,W2,SKU_A,6,239
691,Supplier,W2,SKU_B,6,50
691,Supplier,W2,SKU_C,6,110
691,Supplier,W2,SKU_D,6,133
691,Supplier,W2,SKU_E,6,73
691,W1,R1,SKU_B,2,81
691,W1,R1,SKU_C,2,178
691,W1,R1,SKU_D,2,161
691,W1,R1,SKU_A,2,357
691,W1,R1,SKU_E,2,149
691,W1,R2,SKU_B,3,78
691,W1,R2,SKU_C,3,61
691,W1,R2,SKU_A,3,156
691,W1,R2,SKU_D,3,78
691,W1,R2,SKU_E,3,105
691,W2,R3,SKU_A,4,223
691,W2,R3,SKU_B,4,66
691,W2,R3,SKU_C,4,119
691,W2,R3,SKU_D,4,124
691,W2,R3,SKU_E,4,80
692,Supplier,W1,SKU_A,5,578
692,Supplier,W1,SKU_B,5,159
692,Supplier,W1,SKU_C,5,239
692,Supplier,W1,SKU_D,5,252
692,Supplier,W1,SKU_E,5,287
692,Supplier,W2,SKU_A,6,287
692,Supplier,W2,SKU_B,6,66
692,Supplier,W2,SKU_C,6,119
692,Supplier,W2,SKU_D,6,153
692,Supplier,W2,SKU_E,6,80
692,W1,R2,SKU_B,3,47
692,W1,R2,SKU_C,3,42
692,W2,R3,SKU_A,4,225
692,W2,R3,SKU_B,4,67
692,W2,R3,SKU_C,4,102
692,W2,R3,SKU_D,4,142
692,W2,R3,SKU_E,4,81
693,Supplier,W2,SKU_A,6,225
693,Supplier,W2,SKU_B,6,67
693,Supplier,W2,SKU_C,6,102
693,Supplier,W2,SKU_D,6,139
693,Supplier,W2,SKU_E,6,100
693,W1,R1,SKU_B,2,98
693,W1,R1,SKU_C,2,200
693,W1,R1,SKU_A,2,371
693,W1,R1,SKU_D,2,196
693,W1,R1,SKU_E,2,166
693,W1,R2,SKU_A,3,350
693,W1,R2,SKU_B,3,53
693,W1,R2,SKU_C,3,49
693,W1,R2,SKU_D,3,87
693,W1,R2,SKU_E,3,118
693,W2,R3,SKU_A,4,268
693,W2,R3,SKU_B,4,64
693,W2,R3,SKU_C,4,162
693,W2,R3,SKU_D,4,148
693,W2,R3,SKU_E,4,118
694,Supplier,W1,SKU_A,5,619
694,Supplier,W1,SKU_B,5,198
694,Supplier,W1,SKU_C,5,291
694,Supplier,W1,SKU_D,5,300
694,Supplier,W1,SKU_E,5,287
694,Supplier,W2,SKU_A,6,322
694,Supplier,W2,SKU_B,6,64
694,Supplier,W2,SKU_C,6,162
694,Supplier,W2,SKU_D,6,172
694,Supplier,W2,SKU_E,6,101
694,W1,R2,SKU_B,3,65
694,W1,R2,SKU_C,3,63
694,W2,R3,SKU_A,4,380
694,W2,R3,SKU_B,4,82
694,W2,R3,SKU_C,4,215
694,W2,R3,SKU_D,4,222
694,W2,R3,SKU_E,4,111
695,Supplier,W1,SKU_A,5,465
695,Supplier,W1,SKU_B,5,157
695,Supplier,W1,SKU_C,5,212
695,Supplier,W1,SKU_D,5,212
695,Supplier,W1,SKU_E,5,211
695,Supplier,W2,SKU_A,6,454
695,Supplier,W2,SKU_B,6,82
695,Supplier,W2,SKU_C,6,215
695,Supplier,W2,SKU_D,6,264
695,Supplier,W2,SKU_E,6,147
695,W1,R1,SKU_B,2,145
695,W1,R1,SKU_C,2,291
695,W1,R1,SKU_A,2,596
695,W1,R1,SKU_D,2,284
695,W1,R1,SKU_E,2,252
695,W1,R2,SKU_A,3,76
695,W1,R2,SKU_B,3,54
695,W1,R2,SKU_C,3,63
695,W1,R2,SKU_D,3,19
695,W1,R2,SKU_E,3,24
695,W2,R3,SKU_A,4,325
695,W2,R3,SKU_B,4,107
695,W2,R3,SKU_C,4,126
695,W2,R3,SKU_D,4,174
695,W2,R3,SKU_E,4,103
696,Supplier,W1,SKU_A,5,464
696,Supplier,W1,SKU_B,5,107
696,Supplier,W1,SKU_C,5,205
696,Supplier,W1,SKU_D,5,188
696,Supplier,W1,SKU_E,5,196
696,Supplier,W2,SKU_A,6,442
696,Supplier,W2,SKU_B,6,107
696,Supplier,W2,SKU_C,6,126
696,Supplier,W2,SKU_D,6,197
696,Supplier,W2,SKU_E,6,132
696,W1,R2,SKU_B,3,61
696,W1,R2,SKU_C,3,34
696,W2,R3,SKU_A,4,217
696,W2,R3,SKU_B,4,65
696,W2,R3,SKU_C,4,120
696,W2,R3,SKU_D,4,142
696,W2,R3,SKU_E,4,82
697,Supplier,W2,SKU_A,6,420
697,Supplier,W2,SKU_B,6,65
697,Supplier,W2,SKU_C,6,120
697,Supplier,W2,SKU_D,6,180
697,Supplier,W2,SKU_E,6,85
697,W1,R1,SKU_B,2,48
697,W1,R1,SKU_C,2,112
697,W1,R1,SKU_A,2,199
697,W1,R1,SKU_D,2,99
697,W1,R1,SKU_E,2,84
697,W1,R2,SKU_A,3,379
697,W1,R2,SKU_C,3,4
697,W1,R2,SKU_D,3,153
697,W1,R2,SKU_E,3,203
698,W1,R2,SKU_B,3,45
698,W1,R2,SKU_C,3,42
698,W2,R3,SKU_A,4,526
698,W2,R3,SKU_B,4,38
698,W2,R3,SKU_C,4,74
698,W2,R3,SKU_D,4,286
698,W2,R3,SKU_E,4,131
699,Supplier,W1,SKU_A,5,637
699,Supplier,W1,SKU_B,5,210
699,Supplier,W1,SKU_C,5,268
699,Supplier,W1,SKU_D,5,275
699,Supplier,W1,SKU_E,5,291
699,Supplier,W2,SKU_A,6,249
699,Supplier,W2,SKU_B,6,38
699,Supplier,W2,SKU_C,6,74
699,Supplier,W2,SKU_D,6,138
699,Supplier,W2,SKU_E,6,61
699,W1,R1,SKU_B,2,102
699,W1,R1,SKU_C,2,143
699,W1,R1,SKU_A,2,298
699,W1,R1,SKU_D,2,137
699,W1,R1,SKU_E,2,119
699,W1,R2,SKU_A,3,321
699,W1,R2,SKU_B,3,35
699,W1,R2,SKU_C,3,54
699,W1,R2,SKU_D,3,124
699,W1,R2,SKU_E,3,168
699,W2,R3,SKU_A,4,225
699,W2,R3,SKU_B,4,40
699,W2,R3,SKU_C,4,85
699,W2,R3,SKU_D,4,139
699,W2,R3,SKU_E,4,66
700,Supplier,W2,SKU_A,6,196
700,Supplier,W2,SKU_B,6,40
700,Supplier,W2,SKU_C,6,85
700,Supplier,W2,SKU_D,6,107
700,Supplier,W2,SKU_E,6,66
700,W1,R1,SKU_A,2,151
700,W1,R1,SKU_B,2,36
700,W1,R1,SKU_C,2,79
700,W1,R1,SKU_D,2,89
700,W1,R1,SKU_E,2,60
700,W1,R2,SKU_A,3,179
700,W1,R2,SKU_B,3,40
700,W1,R2,SKU_C,3,30
700,W1,R2,SKU_D,3,43
700,W1,R2,SKU_E,3,102
700,W2,R3,SKU_A,4,322
700,W2,R3,SKU_B,4,57
700,W2,R3,SKU_C,4,101
700,W2,R3,SKU_D,4,131
700,W2,R3,SKU_E,4,98
701,Supplier,W1,SKU_A,5,500
701,Supplier,W1,SKU_B,5,157
701,Supplier,W1,SKU_C,5,230
701,Supplier,W1,SKU_D,5,243
701,Supplier,W1,SKU_E,5,213
701,Supplier,W2,SKU_A,6,212
701,Supplier,W2,SKU_B,6,57
701,Supplier,W2,SKU_C,6,101
701,Supplier,W2,SKU_D,6,119
701,Supplier,W2,SKU_E,6,98
701,W1,R1,SKU_A,2,173
701,W1,R1,SKU_B,2,56
701,W1,R1,SKU_C,2,61
701,W1,R1,SKU_D,2,67
701,W1,R1,SKU_E,2,59
701,W1,R2,SKU_A,3,105
701,W1,R2,SKU_B,3,41
701,W1,R2,SKU_C,3,46
701,W1,R2,SKU_D,3,38
701,W1,R2,SKU_E,3,68
701,W2,R3,SKU_A,4,371
701,W2,R3,SKU_B,4,51
701,W2,R3,SKU_C,4,126
701,W2,R3,SKU_D,4,133
701,W2,R3,SKU_E,4,82
702,Supplier,W2,SKU_A,6,247
702,Supplier,W2,SKU_B,6,51
702,Supplier,W2,SKU_C,6,126
702,Supplier,W2,SKU_D,6,133
702,Supplier,W2,SKU_E,6,82
702,W1,R1,SKU_A,2,148
702,W1,R1,SKU_B,2,53
702,W1,R1,SKU_C,2,74
702,W1,R1,SKU_D,2,87
702,W1,R1,SKU_E,2,68
702,W1,R2,SKU_A,3,92
702,W1,R2,SKU_B,3,44
702,W1,R2,SKU_C,3,44
702,W1,R2,SKU_D,3,32
702,W1,R2,SKU_E,3,45
702,W2,R3,SKU_A,4,237
702,W2,R3,SKU_B,4,53
702,W2,R3,SKU_C,4,109
702,W2,R3,SKU_D,4,140
702,W2,R3,SKU_E,4,68
703,Supplier,W1,SKU_A,5,518
703,Supplier,W1,SKU_B,5,194
703,Supplier,W1,SKU_C,5,225
703,Supplier,W1,SKU_D,5,224
703,Supplier,W1,SKU_E,5,240
703,Supplier,W2,SKU_A,6,237
703,Supplier,W2,SKU_B,6,53
703,Supplier,W2,SKU_C,6,109
703,Supplier,W2,SKU_D,6,140
703,Supplier,W2,SKU_E,6,68
703,W2,R3,SKU_A,4,217
703,W2,R3,SKU_B,4,31
703,W2,R3,SKU_C,4,89
703,W2,R3,SKU_D,4,97
703,W2,R3,SKU_E,4,75
704,Supplier,W2,SKU_A,6,217
704,Supplier,W2,SKU_B,6,31
704,Supplier,W2,SKU_C,6,89
704,Supplier,W2,SKU_D,6,97
704,Supplier,W2,SKU_E,6,75
704,W1,R1,SKU_A,2,279
704,W1,R1,SKU_B,2,62
704,W1,R1,SKU_C,2,117
704,W1,R1,SKU_D,2,132
704,W1,R1,SKU_E,2,84
704,W1,R2,SKU_B,3,76
704,W1,R2,SKU_C,3,75
704,W1,R2,SKU_D,3,56
704,W1,R2,SKU_A,3,127
704,W1,R2,SKU_E,3,123
705,Supplier,W1,SKU_A,5,406
705,Supplier,W1,SKU_B,5,138
705,Supplier,W1,SKU_C,5,192
705,Supplier,W1,SKU_D,5,188
705,Supplier,W1,SKU_E,5,207
705,Supplier,W2,SKU_A,6,197
705,Supplier,W2,SKU_B,6,38
705,Supplier,W2,SKU_C,6,70
705,Supplier,W2,SKU_D,6,106
705,Supplier,W2,SKU_E,6,46
705,W1,R2,SKU_A,3,96
705,W1,R2,SKU_B,3,50
705,W1,R2,SKU_C,3,32
705,W1,R2,SKU_D,3,31
705,W1,R2,SKU_E,3,51
705,W2,R3,SKU_A,4,381
705,W2,R3,SKU_B,4,81
705,W2,R3,SKU_C,4,137
705,W2,R3,SKU_D,4,213
705,W2,R3,SKU_E,4,108
706,Supplier,W2,SKU_A,6,184
706,Supplier,W2,SKU_B,6,43
706,Supplier,W2,SKU_C,6,67
706,Supplier,W2,SKU_D,6,107
706,Supplier,W2,SKU_E,6,62
706,W1,R1,SKU_A,2,257
706,W1,R1,SKU_B,2,92
706,W1,R1,SKU_C,2,100
706,W1,R1,SKU_D,2,133
706,W1,R1,SKU_E,2,68
706,W1,R2,SKU_A,3,89
706,W1,R2,SKU_B,3,55
706,W1,R2,SKU_C,3,46
706,W1,R2,SKU_D,3,37
706,W1,R2,SKU_E,3,65
706,W2,R3,SKU_A,4,197
706,W2,R3,SKU_B,4,41
706,W2,R3,SKU_C,4,104
706,W2,R3,SKU_D,4,114
706,W2,R3,SKU_E,4,80
707,Supplier,W1,SKU_A,5,442
707,Supplier,W1,SKU_B,5,197
707,Supplier,W1,SKU_C,5,178
707,Supplier,W1,SKU_D,5,201
707,Supplier,W1,SKU_E,5,184
707,Supplier,W2,SKU_A,6,197
707,Supplier,W2,SKU_B,6,41
707,Supplier,W2,SKU_C,6,104
707,Supplier,W2,SKU_D,6,114
707,Supplier,W2,SKU_E,6,80
707,W1,R2,SKU_A,3,112
707,W1,R2,SKU_B,3,49
707,W1,R2,SKU_C,3,66
707,W1,R2,SKU_D,3,43
707,W1,R2,SKU_E,3,61
707,W2,R3,SKU_A,4,189
707,W2,R3,SKU_B,4,41
707,W2,R3,SKU_C,4,60
707,W2,R3,SKU_D,4,106
707,W2,R3,SKU_E,4,69
708,Supplier,W2,SKU_A,6,189
708,Supplier,W2,SKU_B,6,41
708,Supplier,W2,SKU_C,6,60
708,Supplier,W2,SKU_D,6,106
708,Supplier,W2,SKU_E,6,69
708,W1,R1,SKU_A,2,329
708,W1,R1,SKU_B,2,91
708,W1,R1,SKU_C,2,136
708,W1,R1,SKU_D,2,162
708,W1,R1,SKU_E,2,75
708,W1,R2,SKU_A,3,114
708,W1,R2,SKU_B,3,52
708,W1,R2,SKU_C,3,42
708,W1,R2,SKU_D,3,56
708,W1,R2,SKU_E,3,49
708,W2,R3,SKU_A,4,233
708,W2,R3,SKU_B,4,55
708,W2,R3,SKU_C,4,93
708,W2,R3,SKU_D,4,140
708,W2,R3,SKU_E,4,88
709,Supplier,W1,SKU_A,5,555
709,Supplier,W1,SKU_B,5,192
709,Supplier,W1,SKU_C,5,244
709,Supplier,W1,SKU_D,5,261
709,Supplier,W1,SKU_E,5,185
709,Supplier,W2,SKU_A,6,233
709,Supplier,W2,SKU_B,6,55
709,Supplier,W2,SKU_C,6,93
709,Supplier,W2,SKU_D,6,140
709,Supplier,W2,SKU_E,6,88
709,W1,R1,SKU_A,2,175
709,W1,R1,SKU_B,2,35
709,W1,R1,SKU_C,2,84
709,W1,R1,SKU_D,2,83
709,W1,R1,SKU_E,2,41
709,W1,R2,SKU_A,3,111
709,W1,R2,SKU_B,3,55
709,W1,R2,SKU_C,3,35
709,W1,R2,SKU_D,3,54
709,W1,R2,SKU_E,3,55
709,W2,R3,SKU_A,4,264
709,W2,R3,SKU_B,4,53
709,W2,R3,SKU_C,4,103
709,W2,R3,SKU_D,4,144
709,W2,R3,SKU_E,4,89
710,Supplier,W2,SKU_A,6,264
710,Supplier,W2,SKU_B,6,53
710,Supplier,W2,SKU_C,6,103
710,Supplier,W2,SKU_D,6,144
710,Supplier,W2,SKU_E,6,89
710,W1,R2,SKU_A,3,105
710,W1,R2,SKU_B,3,32
710,W1,R2,SKU_C,3,33
710,W1,R2,SKU_D,3,30
710,W1,R2,SKU_E,3,44
711,Supplier,W1,SKU_A,5,507
711,Supplier,W1,SKU_B,5,159
711,Supplier,W1,SKU_C,5,202
711,Supplier,W1,SKU_D,5,233
711,Supplier,W1,SKU_E,5,162
711,Supplier,W2,SKU_A,6,185
711,Supplier,W2,SKU_B,6,46
711,Supplier,W2,SKU_C,6,88
711,Supplier,W2,SKU_D,6,93
711,Supplier,W2,SKU_E,6,46
711,W1,R1,SKU_A,2,228
711,W1,R1,SKU_B,2,69
711,W1,R1,SKU_C,2,111
711,W1,R1,SKU_D,2,108
711,W1,R1,SKU_E,2,48
711,W1,R2,SKU_A,3,95
711,W1,R2,SKU_B,3,44
711,W1,R2,SKU_C,3,32
711,W1,R2,SKU_D,3,40
711,W1,R2,SKU_E,3,46
711,W2,R3,SKU_A,4,358
711,W2,R3,SKU_B,4,76
711,W2,R3,SKU_C,4,139
711,W2,R3,SKU_D,4,180
711,W2,R3,SKU_E,4,108
712,Supplier,W2,SKU_A,6,173
712,Supplier,W2,SKU_B,6,30
712,Supplier,W2,SKU_C,6,51
712,Supplier,W2,SKU_D,6,87
712,Supplier,W2,SKU_E,6,62
712,W1,R2,SKU_A,3,69
712,W1,R2,SKU_B,3,37
712,W1,R2,SKU_C,3,19
712,W1,R2,SKU_D,3,41
712,W1,R2,SKU_E,3,54
713,Supplier,W1,SKU_A,5,372
713,Supplier,W1,SKU_B,5,148
713,Supplier,W1,SKU_C,5,156
713,Supplier,W1,SKU_D,5,178
713,Supplier,W1,SKU_E,5,149
713,Supplier,W2,SKU_A,6,158
713,Supplier,W2,SKU_B,6,32
713,Supplier,W2,SKU_C,6,72
713,Supplier,W2,SKU_D,6,79
713,Supplier,W2,SKU_E,6,49
713,W1,R1,SKU_A,2,219
713,W1,R1,SKU_B,2,57
713,W1,R1,SKU_C,2,89
713,W1,R1,SKU_D,2,110
713,W1,R1,SKU_E,2,52
713,W1,R2,SKU_A,3,85
713,W1,R2,SKU_B,3,31
713,W1,R2,SKU_C,3,32
713,W1,R2,SKU_D,3,39
713,W1,R2,SKU_E,3,41
713,W2,R3,SKU_A,4,348
713,W2,R3,SKU_B,4,63
713,W2,R3,SKU_C,4,148
713,W2,R3,SKU_D,4,182
713,W2,R3,SKU_E,4,111
714,Supplier,W2,SKU_A,6,190
714,Supplier,W2,SKU_B,6,31
714,Supplier,W2,SKU_C,6,76
714,Supplier,W2,SKU_D,6,103
714,Supplier,W2,SKU_E,6,62
714,W1,R2,SKU_A,3,98
714,W1,R2,SKU_B,3,52
714,W1,R2,SKU_C,3,35
714,W1,R2,SKU_D,3,30
714,W1,R2,SKU_E,3,58
714,W2,R3,SKU_A,4,236
714,W2,R3,SKU_B,4,50
714,W2,R3,SKU_C,4,114
714,W2,R3,SKU_D,4,138
714,W2,R3,SKU_E,4,73
715,Supplier,W1,SKU_A,5,446
715,Supplier,W1,SKU_B,5,145
715,Supplier,W1,SKU_C,5,176
715,Supplier,W1,SKU_D,5,205
715,Supplier,W1,SKU_E,5,167
715,Supplier,W2,SKU_A,6,236
715,Supplier,W2,SKU_B,6,50
715,Supplier,W2,SKU_C,6,114
715,Supplier,W2,SKU_D,6,138
715,Supplier,W2,SKU_E,6,73
715,W1,R1,SKU_A,2,324
715,W1,R1,SKU_B,2,92
715,W1,R1,SKU_C,2,160
715,W1,R1,SKU_D,2,172
715,W1,R1,SKU_E,2,92
715,W1,R2,SKU_A,3,109
715,W1,R2,SKU_B,3,37
715,W1,R2,SKU_C,3,47
715,W1,R2,SKU_D,3,38
715,W1,R2,SKU_E,3,62
715,W2,R3,SKU_A,4,288
715,W2,R3,SKU_B,4,56
715,W2,R3,SKU_C,4,128
715,W2,R3,SKU_D,4,159
715,W2,R3,SKU_E,4,76
716,Supplier,W2,SKU_A,6,288
716,Supplier,W2,SKU_B,6,56
716,Supplier,W2,SKU_C,6,128
716,Supplier,W2,SKU_D,6,159
716,Supplier,W2,SKU_E,6,76
716,W1,R2,SKU_A,3,111
716,W1,R2,SKU_B,3,39
716,W1,R2,SKU_C,3,33
716,W1,R2,SKU_D,3,33
716,W1,R2,SKU_E,3,35
716,W2,R3,SKU_A,4,203
716,W2,R3,SKU_B,4,44
716,W2,R3,SKU_C,4,100
716,W2,R3,SKU_D,4,110
716,W2,R3,SKU_E,4,79
717,Supplier,W1,SKU_A,5,562
717,Supplier,W1,SKU_B,5,161
717,Supplier,W1,SKU_C,5,265
717,Supplier,W1,SKU_D,5,241
717,Supplier,W1,SKU_E,5,182
717,Supplier,W2,SKU_A,6,203
717,Supplier,W2,SKU_B,6,44
717,Supplier,W2,SKU_C,6,100
717,Supplier,W2,SKU_D,6,110
717,Supplier,W2,SKU_E,6,79
717,W1,R1,SKU_A,2,256
717,W1,R1,SKU_B,2,66
717,W1,R1,SKU_C,2,153
717,W1,R1,SKU_D,2,129
717,W1,R1,SKU_E,2,52
717,W1,R2,SKU_A,3,79
717,W1,R2,SKU_B,3,27
717,W1,R2,SKU_C,3,34
717,W1,R2,SKU_D,3,22
717,W1,R2,SKU_E,3,52
717,W2,R3,SKU_A,4,160
717,W2,R3,SKU_B,4,47
717,W2,R3,SKU_C,4,82
717,W2,R3,SKU_D,4,87
717,W2,R3,SKU_E,4,74
718,Supplier,W2,SKU_A,6,160
718,Supplier,W2,SKU_B,6,47
718,Supplier,W2,SKU_C,6,82
718,Supplier,W2,SKU_D,6,87
718,Supplier,W2,SKU_E,6,74
718,W1,R2,SKU_A,3,74
718,W1,R2,SKU_B,3,45
718,W1,R2,SKU_C,3,33
718,W1,R2,SKU_D,3,38
718,W1,R2,SKU_E,3,40
719,Supplier,W2,SKU_A,6,179
719,Supplier,W2,SKU_B,6,33
719,Supplier,W2,SKU_C,6,76
719,Supplier,W2,SKU_D,6,91
719,Supplier,W2,SKU_E,6,58
719,W1,R1,SKU_A,2,223
719,W1,R1,SKU_B,2,53
719,W1,R1,SKU_C,2,103
719,W1,R1,SKU_D,2,97
719,W1,R1,SKU_E,2,55
719,W1,R2,SKU_A,3,86
719,W1,R2,SKU_B,3,25
719,W1,R2,SKU_C,3,23
719,W1,R2,SKU_D,3,43
719,W1,R2,SKU_E,3,35
719,W2,R3,SKU_A,4,326
719,W2,R3,SKU_B,4,68
719,W2,R3,SKU_C,4,130
719,W2,R3,SKU_D,4,176
719,W2,R3,SKU_E,4,133
720,Supplier,W1,SKU_A,5,560
720,Supplier,W1,SKU_B,5,183
720,Supplier,W1,SKU_C,5,257
720,Supplier,W1,SKU_D,5,250
720,Supplier,W1,SKU_E,5,202
720,Supplier,W2,SKU_A,6,147
720,Supplier,W2,SKU_B,6,35
720,Supplier,W2,SKU_C,6,54
720,Supplier,W2,SKU_D,6,85
720,Supplier,W2,SKU_E,6,75
720,W1,R2,SKU_A,3,78
720,W1,R2,SKU_B,3,40
720,W1,R2,SKU_C,3,25
720,W1,R2,SKU_D,3,27
720,W1,R2,SKU_E,3,49
721,Supplier,W2,SKU_A,6,184
721,Supplier,W2,SKU_B,6,35
721,Supplier,W2,SKU_C,6,67
721,Supplier,W2,SKU_D,6,72
721,Supplier,W2,SKU_E,6,65
721,W1,R1,SKU_A,2,271
721,W1,R1,SKU_B,2,67
721,W1,R1,SKU_C,2,141
721,W1,R1,SKU_D,2,136
721,W1,R1,SKU_E,2,48
721,W1,R2,SKU_A,3,82
721,W1,R2,SKU_B,3,38
721,W1,R2,SKU_C,3,31
721,W1,R2,SKU_D,3,54
721,W1,R2,SKU_E,3,46
721,W2,R3,SKU_A,4,383
721,W2,R3,SKU_B,4,88
721,W2,R3,SKU_C,4,181
721,W2,R3,SKU_D,4,168
721,W2,R3,SKU_E,4,120
722,Supplier,W1,SKU_A,5,431
722,Supplier,W1,SKU_B,5,145
722,Supplier,W1,SKU_C,5,197
722,Supplier,W1,SKU_D,5,217
722,Supplier,W1,SKU_E,5,143
722,Supplier,W2,SKU_A,6,199
722,Supplier,W2,SKU_B,6,53
722,Supplier,W2,SKU_C,6,114
722,Supplier,W2,SKU_D,6,96
722,Supplier,W2,SKU_E,6,55
722,W1,R1,SKU_A,2,194
722,W1,R1,SKU_B,2,51
722,W1,R1,SKU_C,2,106
722,W1,R1,SKU_D,2,96
722,W1,R1,SKU_E,2,48
722,W1,R2,SKU_A,3,129
722,W1,R2,SKU_B,3,49
722,W1,R2,SKU_C,3,42
722,W1,R2,SKU_D,3,49
722,W1,R2,SKU_E,3,53
722,W2,R3,SKU_A,4,283
722,W2,R3,SKU_B,4,60
722,W2,R3,SKU_C,4,166
722,W2,R3,SKU_D,4,179
722,W2,R3,SKU_E,4,105
723,Supplier,W2,SKU_A,6,283
723,Supplier,W2,SKU_B,6,60
723,Supplier,W2,SKU_C,6,166
723,Supplier,W2,SKU_D,6,179
723,Supplier,W2,SKU_E,6,105
723,W1,R2,SKU_A,3,116
723,W1,R2,SKU_B,3,33
723,W1,R2,SKU_C,3,44
723,W1,R2,SKU_D,3,49
723,W1,R2,SKU_E,3,57
723,W2,R3,SKU_A,4,244
723,W2,R3,SKU_B,4,52
723,W2,R3,SKU_C,4,128
723,W2,R3,SKU_D,4,137
723,W2,R3,SKU_E,4,68
724,Supplier,W1,SKU_A,5,583
724,Supplier,W1,SKU_B,5,183
724,Supplier,W1,SKU_C,5,280
724,Supplier,W1,SKU_D,5,279
724,Supplier,W1,SKU_E,5,184
724,Supplier,W2,SKU_A,6,244
724,Supplier,W2,SKU_B,6,52
724,Supplier,W2,SKU_C,6,128
724,Supplier,W2,SKU_D,6,137
724,Supplier,W2,SKU_E,6,68
724,W1,R1,SKU_A,2,261
724,W1,R1,SKU_B,2,92
724,W1,R1,SKU_C,2,157
724,W1,R1,SKU_D,2,153
724,W1,R1,SKU_E,2,54
724,W1,R2,SKU_A,3,45
724,W1,R2,SKU_B,3,41
724,W1,R2,SKU_C,3,31
724,W1,R2,SKU_D,3,11
724,W1,R2,SKU_E,3,48
725,Supplier,W2,SKU_A,6,184
725,Supplier,W2,SKU_B,6,35
725,Supplier,W2,SKU_C,6,97
725,Supplier,W2,SKU_D,6,71
725,Supplier,W2,SKU_E,6,54
725,W1,R2,SKU_A,3,169
725,W1,R2,SKU_B,3,43
725,W1,R2,SKU_C,3,47
725,W1,R2,SKU_D,3,71
725,W1,R2,SKU_E,3,52
725,W2,R3,SKU_A,4,327
725,W2,R3,SKU_B,4,69
725,W2,R3,SKU_C,4,168
725,W2,R3,SKU_D,4,155
725,W2,R3,SKU_E,4,114
726,Supplier,W1,SKU_A,5,420
726,Supplier,W1,SKU_B,5,157
726,Supplier,W1,SKU_C,5,193
726,Supplier,W1,SKU_D,5,190
726,Supplier,W1,SKU_E,5,150
726,Supplier,W2,SKU_A,6,143
726,Supplier,W2,SKU_B,6,34
726,Supplier,W2,SKU_C,6,71
726,Supplier,W2,SKU_D,6,84
726,Supplier,W2,SKU_E,6,60
726,W1,R1,SKU_A,2,187
726,W1,R1,SKU_B,2,60
726,W1,R1,SKU_C,2,94
726,W1,R1,SKU_D,2,94
726,W1,R1,SKU_E,2,45
726,W1,R2,SKU_A,3,71
726,W1,R2,SKU_B,3,33
726,W1,R2,SKU_C,3,15
726,W1,R2,SKU_D,3,20
726,W1,R2,SKU_E,3,51
727,Supplier,W2,SKU_A,6,171
727,Supplier,W2,SKU_B,6,29
727,Supplier,W2,SKU_C,6,55
727,Supplier,W2,SKU_D,6,70
727,Supplier,W2,SKU_E,6,54
727,W1,R2,SKU_A,3,80
727,W1,R2,SKU_B,3,31
727,W1,R2,SKU_C,3,35
727,W1,R2,SKU_D,3,28
727,W1,R2,SKU_E,3,40
727,W2,R3,SKU_A,4,368
727,W2,R3,SKU_B,4,69
727,W2,R3,SKU_C,4,129
727,W2,R3,SKU_D,4,184
727,W2,R3,SKU_E,4,103
728,Supplier,W2,SKU_A,6,197
728,Supplier,W2,SKU_B,6,40
728,Supplier,W2,SKU_C,6,74
728,Supplier,W2,SKU_D,6,114
728,Supplier,W2,SKU_E,6,49
728,W1,R1,SKU_A,2,230
728,W1,R1,SKU_B,2,74
728,W1,R1,SKU_C,2,130
728,W1,R1,SKU_D,2,124
728,W1,R1,SKU_E,2,53
728,W1,R2,SKU_A,3,98
728,W1,R2,SKU_B,3,38
728,W1,R2,SKU_C,3,35
728,W1,R2,SKU_D,3,36
728,W1,R2,SKU_E,3,52
728,W2,R3,SKU_A,4,183
728,W2,R3,SKU_B,4,43
728,W2,R3,SKU_C,4,89
728,W2,R3,SKU_D,4,90
728,W2,R3,SKU_E,4,63
729,Supplier,W1,SKU_A,5,577
729,Supplier,W1,SKU_B,5,205
729,Supplier,W1,SKU_C,5,263
729,Supplier,W1,SKU_D,5,262
729,Supplier,W1,SKU_E,5,219
729,Supplier,W2,SKU_A,6,183
729,Supplier,W2,SKU_B,6,43
729,Supplier,W2,SKU_C,6,89
729,Supplier,W2,SKU_D,6,90
729,Supplier,W2,SKU_E,6,63
729,W1,R1,SKU_A,2,155
729,W1,R1,SKU_B,2,44
729,W1,R1,SKU_C,2,98
729,W1,R1,SKU_D,2,84
729,W1,R1,SKU_E,2,35
729,W1,R2,SKU_A,3,94
729,W1,R2,SKU_B,3,47
729,W1,R2,SKU_C,3,33
729,W1,R2,SKU_D,3,45
729,W1,R2,SKU_E,3,63
729,W2,R3,SKU_A,4,246
729,W2,R3,SKU_B,4,47
729,W2,R3,SKU_C,4,125
729,W2,R3,SKU_D,4,121
729,W2,R3,SKU_E,4,67
730,Supplier,W2,SKU_A,6,246
730,Supplier,W2,SKU_B,6,47
730,Supplier,W2,SKU_C,6,125
730,Supplier,W2,SKU_D,6,121
730,Supplier,W2,SKU_E,6,67
730,W1,R1,SKU_A,2,158
730,W1,R1,SKU_B,2,39
730,W1,R1,SKU_C,2,109
730,W1,R1,SKU_D,2,72
730,W1,R1,SKU_E,2,52
730,W1,R2,SKU_A,3,89
730,W1,R2,SKU_B,3,34
730,W1,R2,SKU_C,3,27
730,W1,R2,SKU_D,3,46
730,W1,R2,SKU_E,3,64
730,W2,R3,SKU_A,4,230
730,W2,R3,SKU_B,4,44
730,W2,R3,SKU_C,4,121
730,W2,R3,SKU_D,4,119
730,W2,R3,SKU_E,4,77
731,Supplier,W1,SKU_A,5,496
731,Supplier,W1,SKU_B,5,164
731,Supplier,W1,SKU_C,5,267
731,Supplier,W1,SKU_D,5,247
731,Supplier,W1,SKU_E,5,214
731,Supplier,W2,SKU_A,6,230
731,Supplier,W2,SKU_B,6,44
731,Supplier,W2,SKU_C,6,121
731,Supplier,W2,SKU_D,6,119
731,Supplier,W2,SKU_E,6,77
731,W1,R2,SKU_A,3,70
731,W1,R2,SKU_B,3,34
731,W1,R2,SKU_C,3,26
731,W1,R2,SKU_D,3,29
731,W1,R2,SKU_E,3,44
732,Supplier,W2,SKU_A,6,184
732,Supplier,W2,SKU_B,6,40
732,Supplier,W2,SKU_C,6,83
732,Supplier,W2,SKU_D,6,79
732,Supplier,W2,SKU_E,6,65
732,W1,R1,SKU_A,2,190
732,W1,R1,SKU_B,2,85
732,W1,R1,SKU_C,2,81
732,W1,R1,SKU_D,2,93
732,W1,R1,SKU_E,2,55
732,W1,R2,SKU_A,3,74
732,W1,R2,SKU_B,3,26
732,W1,R2,SKU_C,3,31
732,W1,R2,SKU_D,3,33
732,W1,R2,SKU_E,3,38
732,W2,R3,SKU_A,4,347
732,W2,R3,SKU_B,4,63
732,W2,R3,SKU_C,4,137
732,W2,R3,SKU_D,4,152
732,W2,R3,SKU_E,4,112
733,Supplier,W2,SKU_A,6,163
733,Supplier,W2,SKU_B,6,23
733,Supplier,W2,SKU_C,6,54
733,Supplier,W2,SKU_D,6,73
733,Supplier,W2,SKU_E,6,47
733,W1,R2,SKU_A,3,68
733,W1,R2,SKU_B,3,33
733,W1,R2,SKU_C,3,22
733,W1,R2,SKU_D,3,29
733,W1,R2,SKU_E,3,50
734,Supplier,W1,SKU_A,5,497
734,Supplier,W1,SKU_B,5,227
734,Supplier,W1,SKU_C,5,206
734,Supplier,W1,SKU_D,5,235
734,Supplier,W1,SKU_E,5,226
734,Supplier,W2,SKU_A,6,152
734,Supplier,W2,SKU_B,6,28
734,Supplier,W2,SKU_C,6,51
734,Supplier,W2,SKU_D,6,68
734,Supplier,W2,SKU_E,6,35
734,W1,R1,SKU_A,2,199
734,W1,R1,SKU_B,2,94
734,W1,R1,SKU_C,2,110
734,W1,R1,SKU_D,2,122
734,W1,R1,SKU_E,2,66
734,W1,R2,SKU_A,3,82
734,W1,R2,SKU_B,3,41
734,W1,R2,SKU_C,3,33
734,W1,R2,SKU_D,3,37
734,W1,R2,SKU_E,3,51
734,W2,R3,SKU_A,4,318
734,W2,R3,SKU_B,4,68
734,W2,R3,SKU_C,4,117
734,W2,R3,SKU_D,4,146
734,W2,R3,SKU_E,4,99
735,Supplier,W2,SKU_A,6,166
735,Supplier,W2,SKU_B,6,40
735,Supplier,W2,SKU_C,6,66
735,Supplier,W2,SKU_D,6,78
735,Supplier,W2,SKU_E,6,64
735,W1,R1,SKU_A,2,165
735,W1,R1,SKU_B,2,79
735,W1,R1,SKU_C,2,78
735,W1,R1,SKU_D,2,83
735,W1,R1,SKU_E,2,48
735,W1,R2,SKU_A,3,106
735,W1,R2,SKU_B,3,52
735,W1,R2,SKU_C,3,41
735,W1,R2,SKU_D,3,44
735,W1,R2,SKU_E,3,67
735,W2,R3,SKU_A,4,232
735,W2,R3,SKU_B,4,69
735,W2,R3,SKU_C,4,119
735,W2,R3,SKU_D,4,130
735,W2,R3,SKU_E,4,95
736,Supplier,W1,SKU_A,5,457
736,Supplier,W1,SKU_B,5,217
736,Supplier,W1,SKU_C,5,216
736,Supplier,W1,SKU_D,5,235
736,Supplier,W1,SKU_E,5,193
736,Supplier,W2,SKU_A,6,232
736,Supplier,W2,SKU_B,6,69
736,Supplier,W2,SKU_C,6,119
736,Supplier,W2,SKU_D,6,130
736,Supplier,W2,SKU_E,6,95
736,W1,R1,SKU_A,2,196
736,W1,R1,SKU_B,2,107
736,W1,R1,SKU_C,2,119
736,W1,R1,SKU_D,2,88
736,W1,R1,SKU_E,2,58
736,W1,R2,SKU_A,3,132
736,W1,R2,SKU_B,3,53
736,W1,R2,SKU_C,3,57
736,W1,R2,SKU_D,3,59
736,W1,R2,SKU_E,3,89
736,W2,R3,SKU_A,4,285
736,W2,R3,SKU_B,4,70
736,W2,R3,SKU_C,4,160
736,W2,R3,SKU_D,4,155
736,W2,R3,SKU_E,4,94
737,Supplier,W2,SKU_A,6,285
737,Supplier,W2,SKU_B,6,70
737,Supplier,W2,SKU_C,6,160
737,Supplier,W2,SKU_D,6,155
737,Supplier,W2,SKU_E,6,94
737,W1,R1,SKU_A,2,179
737,W1,R1,SKU_B,2,81
737,W1,R1,SKU_C,2,86
737,W1,R1,SKU_D,2,94
737,W1,R1,SKU_E,2,59
737,W1,R2,SKU_A,3,127
737,W1,R2,SKU_B,3,52
737,W1,R2,SKU_C,3,34
737,W1,R2,SKU_D,3,60
737,W1,R2,SKU_E,3,71
737,W2,R3,SKU_A,4,283
737,W2,R3,SKU_B,4,46
737,W2,R3,SKU_C,4,129
737,W2,R3,SKU_D,4,164
737,W2,R3,SKU_E,4,85
738,Supplier,W1,SKU_A,5,634
738,Supplier,W1,SKU_B,5,293
738,Supplier,W1,SKU_C,5,296
738,Supplier,W1,SKU_D,5,301
738,Supplier,W1,SKU_E,5,277
738,Supplier,W2,SKU_A,6,283
738,Supplier,W2,SKU_B,6,46
738,Supplier,W2,SKU_C,6,129
738,Supplier,W2,SKU_D,6,164
738,Supplier,W2,SKU_E,6,85
738,W1,R2,SKU_A,3,38
738,W1,R2,SKU_B,3,38
738,W1,R2,SKU_C,3,29
738,W1,R2,SKU_D,3,6
738,W1,R2,SKU_E,3,23
739,Supplier,W2,SKU_A,6,195
739,Supplier,W2,SKU_B,6,40
739,Supplier,W2,SKU_C,6,80
739,Supplier,W2,SKU_D,6,101
739,Supplier,W2,SKU_E,6,53
739,W1,R1,SKU_A,2,231
739,W1,R1,SKU_B,2,111
739,W1,R1,SKU_C,2,120
739,W1,R1,SKU_D,2,113
739,W1,R1,SKU_E,2,80
739,W1,R2,SKU_A,3,144
739,W1,R2,SKU_B,3,39
739,W1,R2,SKU_C,3,36
739,W1,R2,SKU_D,3,67
739,W1,R2,SKU_E,3,117
739,W2,R3,SKU_A,4,419
739,W2,R3,SKU_B,4,88
739,W2,R3,SKU_C,4,180
739,W2,R3,SKU_D,4,215
739,W2,R3,SKU_E,4,119
740,Supplier,W1,SKU_A,5,413
740,Supplier,W1,SKU_B,5,188
740,Supplier,W1,SKU_C,5,185
740,Supplier,W1,SKU_D,5,186
740,Supplier,W1,SKU_E,5,220
740,Supplier,W2,SKU_A,6,224
740,Supplier,W2,SKU_B,6,48
740,Supplier,W2,SKU_C,6,100
740,Supplier,W2,SKU_D,6,114
740,Supplier,W2,SKU_E,6,66
740,W1,R2,SKU_A,3,100
740,W1,R2,SKU_B,3,29
740,W1,R2,SKU_C,3,24
740,W1,R2,SKU_D,3,30
740,W1,R2,SKU_E,3,22
740,W2,R3,SKU_A,4,179
740,W2,R3,SKU_B,4,46
740,W2,R3,SKU_C,4,79
740,W2,R3,SKU_D,4,115
740,W2,R3,SKU_E,4,82
741,Supplier,W2,SKU_A,6,179
741,Supplier,W2,SKU_B,6,46
741,Supplier,W2,SKU_C,6,79
741,Supplier,W2,SKU_D,6,115
741,Supplier,W2,SKU_E,6,82
741,W1,R1,SKU_A,2,238
741,W1,R1,SKU_B,2,90
741,W1,R1,SKU_C,2,107
741,W1,R1,SKU_D,2,143
741,W1,R1,SKU_E,2,81
741,W1,R2,SKU_A,3,98
741,W1,R2,SKU_B,3,40
741,W1,R2,SKU_C,3,35
741,W1,R2,SKU_D,3,44
741,W1,R2,SKU_E,3,128
741,W2,R3,SKU_A,4,220
741,W2,R3,SKU_B,4,55
741,W2,R3,SKU_C,4,92
741,W2,R3,SKU_D,4,129
741,W2,R3,SKU_E,4,72
742,Supplier,W1,SKU_A,5,436
742,Supplier,W1,SKU_B,5,159
742,Supplier,W1,SKU_C,5,166
742,Supplier,W1,SKU_D,5,217
742,Supplier,W1,SKU_E,5,231
742,Supplier,W2,SKU_A,6,220
742,Supplier,W2,SKU_B,6,55
742,Supplier,W2,SKU_C,6,92
742,Supplier,W2,SKU_D,6,129
742,Supplier,W2,SKU_E,6,72
742,W1,R1,SKU_A,2,151
742,W1,R1,SKU_B,2,89
742,W1,R1,SKU_C,2,64
742,W1,R1,SKU_D,2,82
742,W1,R1,SKU_E,2,21
742,W1,R2,SKU_A,3,102
742,W1,R2,SKU_B,3,53
742,W1,R2,SKU_C,3,24
742,W1,R2,SKU_D,3,39
742,W2,R3,SKU_A,4,232
742,W2,R3,SKU_B,4,65
742,W2,R3,SKU_C,4,99
742,W2,R3,SKU_D,4,131
742,W2,R3,SKU_E,4,110
743,Supplier,W2,SKU_A,6,232
743,Supplier,W2,SKU_B,6,65
743,Supplier,W2,SKU_C,6,99
743,Supplier,W2,SKU_D,6,131
743,Supplier,W2,SKU_E,6,110
743,W1,R1,SKU_A,2,215
743,W1,R1,SKU_B,2,125
743,W1,R1,SKU_C,2,106
743,W1,R1,SKU_D,2,89
743,W1,R1,SKU_E,2,118
743,W1,R2,SKU_A,3,137
743,W1,R2,SKU_B,3,60
743,W1,R2,SKU_C,3,35
743,W1,R2,SKU_D,3,80
743,W1,R2,SKU_E,3,143
743,W2,R3,SKU_A,4,293
743,W2,R3,SKU_B,4,88
743,W2,R3,SKU_C,4,162
743,W2,R3,SKU_D,4,186
743,W2,R3,SKU_E,4,102
744,Supplier,W1,SKU_A,5,605
744,Supplier,W1,SKU_B,5,327
744,Supplier,W1,SKU_C,5,229
744,Supplier,W1,SKU_D,5,290
744,Supplier,W1,SKU_E,5,282
744,Supplier,W2,SKU_A,6,293
744,Supplier,W2,SKU_B,6,88
744,Supplier,W2,SKU_C,6,162
744,Supplier,W2,SKU_D,6,186
744,Supplier,W2,SKU_E,6,102
744,W1,R1,SKU_A,2,179
744,W1,R1,SKU_B,2,96
744,W1,R1,SKU_C,2,111
744,W1,R1,SKU_D,2,110
744,W1,R1,SKU_E,2,16
744,W1,R2,SKU_A,3,103
744,W1,R2,SKU_B,3,58
744,W1,R2,SKU_C,3,42
744,W1,R2,SKU_D,3,22
744,W2,R3,SKU_A,4,299
744,W2,R3,SKU_B,4,84
744,W2,R3,SKU_C,4,128
744,W2,R3,SKU_D,4,170
744,W2,R3,SKU_E,4,100
745,Supplier,W2,SKU_A,6,299
745,Supplier,W2,SKU_B,6,84
745,Supplier,W2,SKU_C,6,128
745,Supplier,W2,SKU_D,6,170
745,Supplier,W2,SKU_E,6,100
745,W1,R1,SKU_A,2,158
745,W1,R1,SKU_B,2,52
745,W1,R1,SKU_C,2,79
745,W1,R1,SKU_D,2,76
745,W1,R1,SKU_E,2,111
745,W1,R2,SKU_A,3,106
745,W1,R2,SKU_B,3,35
745,W1,R2,SKU_C,3,42
745,W1,R2,SKU_D,3,81
745,W1,R2,SKU_E,3,109
745,W2,R3,SKU_A,4,205
745,W2,R3,SKU_B,4,65
745,W2,R3,SKU_C,4,91
745,W2,R3,SKU_D,4,101
745,W2,R3,SKU_E,4,93
746,Supplier,W1,SKU_A,5,546
746,Supplier,W1,SKU_B,5,241
746,Supplier,W1,SKU_C,5,274
746,Supplier,W1,SKU_D,5,289
746,Supplier,W1,SKU_E,5,251
746,Supplier,W2,SKU_A,6,205
746,Supplier,W2,SKU_B,6,65
746,Supplier,W2,SKU_C,6,91
746,Supplier,W2,SKU_D,6,101
746,Supplier,W2,SKU_E,6,93
746,W1,R2,SKU_A,3,60
746,W1,R2,SKU_B,3,57
746,W1,R2,SKU_C,3,40
746,W2,R3,SKU_A,4,196
746,W2,R3,SKU_B,4,61
746,W2,R3,SKU_C,4,101
746,W2,R3,SKU_D,4,115
746,W2,R3,SKU_E,4,74
747,Supplier,W2,SKU_A,6,196
747,Supplier,W2,SKU_B,6,61
747,Supplier,W2,SKU_C,6,101
747,Supplier,W2,SKU_D,6,115
747,Supplier,W2,SKU_E,6,74
747,W1,R1,SKU_A,2,171
747,W1,R1,SKU_B,2,136
747,W1,R1,SKU_C,2,157
747,W1,R1,SKU_D,2,150
747,W1,R1,SKU_E,2,121
747,W1,R2,SKU_A,3,180
747,W1,R2,SKU_B,3,56
747,W1,R2,SKU_C,3,47
747,W1,R2,SKU_D,3,96
747,W1,R2,SKU_E,3,110
747,W2,R3,SKU_A,4,295
747,W2,R3,SKU_B,4,89
747,W2,R3,SKU_C,4,127
747,W2,R3,SKU_D,4,175
747,W2,R3,SKU_E,4,97
748,Supplier,W1,SKU_A,5,411
748,Supplier,W1,SKU_B,5,249
748,Supplier,W1,SKU_C,5,244
748,Supplier,W1,SKU_D,5,268
748,Supplier,W1,SKU_E,5,277
748,Supplier,W2,SKU_A,6,295
748,Supplier,W2,SKU_B,6,89
748,Supplier,W2,SKU_C,6,127
748,Supplier,W2,SKU_D,6,175
748,Supplier,W2,SKU_E,6,124
748,W1,R2,SKU_A,3,88
748,W1,R2,SKU_B,3,53
748,W1,R2,SKU_C,3,43
748,W2,R3,SKU_A,4,243
748,W2,R3,SKU_B,4,74
748,W2,R3,SKU_C,4,129
748,W2,R3,SKU_D,4,124
748,W2,R3,SKU_E,4,72
749,Supplier,W2,SKU_A,6,243
749,Supplier,W2,SKU_B,6,74
749,Supplier,W2,SKU_C,6,129
749,Supplier,W2,SKU_D,6,124
749,Supplier,W2,SKU_E,6,86
749,W1,R1,SKU_A,2,228
749,W1,R1,SKU_B,2,172
749,W1,R1,SKU_C,2,162
749,W1,R1,SKU_D,2,167
749,W1,R1,SKU_E,2,105
749,W1,R2,SKU_A,3,100
749,W1,R2,SKU_B,3,71
749,W1,R2,SKU_C,3,46
749,W1,R2,SKU_D,3,120
749,W1,R2,SKU_E,3,177
749,W2,R3,SKU_A,4,262
749,W2,R3,SKU_B,4,91
749,W2,R3,SKU_C,4,130
749,W2,R3,SKU_D,4,168
749,W2,R3,SKU_E,4,110
750,Supplier,W1,SKU_A,5,416
750,Supplier,W1,SKU_B,5,296
750,Supplier,W1,SKU_C,5,251
750,Supplier,W1,SKU_D,5,265
750,Supplier,W1,SKU_E,5,252
750,Supplier,W2,SKU_A,6,262
750,Supplier,W2,SKU_B,6,91
750,Supplier,W2,SKU_C,6,130
750,Supplier,W2,SKU_D,6,168
750,Supplier,W2,SKU_E,6,96
750,W1,R1,SKU_A,2,200
750,W1,R1,SKU_B,2,133
750,W1,R1,SKU_C,2,141
750,W1,R1,SKU_D,2,3
750,W1,R2,SKU_A,3,114
750,W1,R2,SKU_B,3,23
750,W1,R2,SKU_C,3,62
750,W2,R3,SKU_A,4,271
750,W2,R3,SKU_B,4,107
750,W2,R3,SKU_C,4,165
750,W2,R3,SKU_D,4,181
750,W2,R3,SKU_E,4,102
751,Supplier,W1,SKU_A,5,314
751,Supplier,W1,SKU_B,5,216
751,Supplier,W1,SKU_C,5,203
751,Supplier,W1,SKU_D,5,183
751,Supplier,W1,SKU_E,5,184
751,Supplier,W2,SKU_A,6,271
751,Supplier,W2,SKU_B,6,107
751,Supplier,W2,SKU_C,6,165
751,Supplier,W2,SKU_D,6,181
751,Supplier,W2,SKU_E,6,115
751,W1,R1,SKU_A,2,187
751,W1,R1,SKU_B,2,95
751,W1,R1,SKU_C,2,114
751,W1,R1,SKU_D,2,216
751,W1,R1,SKU_E,2,187
751,W1,R2,SKU_A,3,130
751,W1,R2,SKU_B,3,124
751,W1,R2,SKU_C,3,66
751,W1,R2,SKU_D,3,73
751,W1,R2,SKU_E,3,64
751,W2,R3,SKU_A,4,329
751,W2,R3,SKU_B,4,117
751,W2,R3,SKU_C,4,176
751,W2,R3,SKU_D,4,137
751,W2,R3,SKU_E,4,100
752,Supplier,W1,SKU_A,5,317
752,Supplier,W1,SKU_B,5,159
752,Supplier,W1,SKU_C,5,180
752,Supplier,W1,SKU_D,5,158
752,Supplier,W1,SKU_E,5,152
752,Supplier,W2,SKU_A,6,329
752,Supplier,W2,SKU_B,6,117
752,Supplier,W2,SKU_C,6,176
752,Supplier,W2,SKU_D,6,137
752,Supplier,W2,SKU_E,6,112
752,W2,R3,SKU_A,4,200
752,W2,R3,SKU_B,4,57
752,W2,R3,SKU_C,4,81
752,W2,R3,SKU_D,4,104
752,W2,R3,SKU_E,4,93
753,Supplier,W2,SKU_A,6,200
753,Supplier,W2,SKU_B,6,57
753,Supplier,W2,SKU_C,6,81
753,Supplier,W2,SKU_D,6,104
753,Supplier,W2,SKU_E,6,93
753,W1,R1,SKU_A,2,254
753,W1,R1,SKU_B,2,132
753,W1,R1,SKU_C,2,140
753,W1,R1,SKU_D,2,129
753,W1,R1,SKU_E,2,88
753,W1,R2,SKU_A,3,169
753,W1,R2,SKU_C,3,75
753,W1,R2,SKU_B,3,59
753,W1,R2,SKU_D,3,109
753,W1,R2,SKU_E,3,189
753,W2,R3,SKU_A,4,188
753,W2,R3,SKU_B,4,49
753,W2,R3,SKU_C,4,90
753,W2,R3,SKU_D,4,104
753,W2,R3,SKU_E,4,74
754,Supplier,W1,SKU_A,5,423
754,Supplier,W1,SKU_B,5,191
754,Supplier,W1,SKU_C,5,215
754,Supplier,W1,SKU_D,5,189
754,Supplier,W1,SKU_E,5,198
754,Supplier,W2,SKU_A,6,188
754,Supplier,W2,SKU_B,6,49
754,Supplier,W2,SKU_C,6,90
754,Supplier,W2,SKU_D,6,104
754,Supplier,W2,SKU_E,6,77
754,W1,R2,SKU_A,3,105
754,W1,R2,SKU_B,3,20
754,W1,R2,SKU_C,3,39
754,W2,R3,SKU_A,4,187
754,W2,R3,SKU_B,4,45
754,W2,R3,SKU_C,4,90
754,W2,R3,SKU_D,4,95
754,W2,R3,SKU_E,4,124
755,Supplier,W2,SKU_A,6,187
755,Supplier,W2,SKU_B,6,45
755,Supplier,W2,SKU_C,6,90
755,Supplier,W2,SKU_D,6,95
755,Supplier,W2,SKU_E,6,89
755,W1,R1,SKU_A,2,231
755,W1,R1,SKU_B,2,113
755,W1,R1,SKU_C,2,114
755,W1,R1,SKU_D,2,135
755,W1,R1,SKU_E,2,105
755,W1,R2,SKU_A,3,100
755,W1,R2,SKU_B,3,51
755,W1,R2,SKU_C,3,26
755,W1,R2,SKU_D,3,76
755,W1,R2,SKU_E,3,147
755,W2,R3,SKU_A,4,235
755,W2,R3,SKU_B,4,58
755,W2,R3,SKU_C,4,102
755,W2,R3,SKU_D,4,139
755,W2,R3,SKU_E,4,86
756,Supplier,W1,SKU_A,5,436
756,Supplier,W1,SKU_B,5,184
756,Supplier,W1,SKU_C,5,179
756,Supplier,W1,SKU_D,5,211
756,Supplier,W1,SKU_E,5,228
756,Supplier,W2,SKU_A,6,235
756,Supplier,W2,SKU_B,6,58
756,Supplier,W2,SKU_C,6,102
756,Supplier,W2,SKU_D,6,139
756,Supplier,W2,SKU_E,6,97
756,W1,R1,SKU_A,2,120
756,W1,R1,SKU_B,2,67
756,W1,R1,SKU_C,2,80
756,W1,R1,SKU_D,2,41
756,W1,R1,SKU_E,2,53
756,W1,R2,SKU_A,3,86
756,W1,R2,SKU_B,3,46
756,W1,R2,SKU_C,3,44
756,W1,R2,SKU_D,3,40
756,W1,R2,SKU_E,3,90
756,W2,R3,SKU_A,4,231
756,W2,R3,SKU_B,4,63
756,W2,R3,SKU_C,4,106
756,W2,R3,SKU_D,4,122
756,W2,R3,SKU_E,4,96
757,Supplier,W2,SKU_A,6,231
757,Supplier,W2,SKU_B,6,63
757,Supplier,W2,SKU_C,6,106
757,Supplier,W2,SKU_D,6,122
757,Supplier,W2,SKU_E,6,92
757,W1,R1,SKU_A,2,164
757,W1,R1,SKU_B,2,92
757,W1,R1,SKU_C,2,103
757,W1,R1,SKU_D,2,83
757,W1,R1,SKU_E,2,89
757,W1,R2,SKU_A,3,113
757,W1,R2,SKU_B,3,88
757,W1,R2,SKU_C,3,60
757,W1,R2,SKU_D,3,39
757,W1,R2,SKU_E,3,59
757,W2,R3,SKU_A,4,313
757,W2,R3,SKU_B,4,90
757,W2,R3,SKU_C,4,178
757,W2,R3,SKU_D,4,190
757,W2,R3,SKU_E,4,115
758,Supplier,W1,SKU_A,5,483
758,Supplier,W1,SKU_B,5,293
758,Supplier,W1,SKU_C,5,287
758,Supplier,W1,SKU_D,5,203
758,Supplier,W1,SKU_E,5,278
758,Supplier,W2,SKU_A,6,313
758,Supplier,W2,SKU_B,6,90
758,Supplier,W2,SKU_C,6,178
758,Supplier,W2,SKU_D,6,190
758,Supplier,W2,SKU_E,6,97
758,W1,R1,SKU_A,2,187
758,W1,R1,SKU_B,2,91
758,W1,R1,SKU_C,2,125
758,W1,R1,SKU_D,2,96
758,W1,R1,SKU_E,2,45
758,W1,R2,SKU_A,3,95
758,W1,R2,SKU_B,3,76
758,W1,R2,SKU_C,3,55
758,W1,R2,SKU_D,3,48
758,W2,R3,SKU_A,4,286
758,W2,R3,SKU_B,4,67
758,W2,R3,SKU_C,4,147
758,W2,R3,SKU_D,4,146
758,W2,R3,SKU_E,4,99
759,Supplier,W2,SKU_A,6,286
759,Supplier,W2,SKU_B,6,67
759,Supplier,W2,SKU_C,6,147
759,Supplier,W2,SKU_D,6,146
759,Supplier,W2,SKU_E,6,90
759,W1,R1,SKU_A,2,109
759,W1,R1,SKU_B,2,57
759,W1,R1,SKU_C,2,61
759,W1,R1,SKU_D,2,62
759,W1,R1,SKU_E,2,62
759,W1,R2,SKU_A,3,83
759,W1,R2,SKU_B,3,44
759,W1,R2,SKU_C,3,46
759,W1,R2,SKU_D,3,45
759,W1,R2,SKU_E,3,136
759,W2,R3,SKU_A,4,200
759,W2,R3,SKU_B,4,69
759,W2,R3,SKU_C,4,120
759,W2,R3,SKU_D,4,110
759,W2,R3,SKU_E,4,91
760,Supplier,W1,SKU_A,5,474
760,Supplier,W1,SKU_B,5,268
760,Supplier,W1,SKU_C,5,287
760,Supplier,W1,SKU_D,5,251
760,Supplier,W1,SKU_E,5,245
760,Supplier,W2,SKU_A,6,200
760,Supplier,W2,SKU_B,6,69
760,Supplier,W2,SKU_C,6,120
760,Supplier,W2,SKU_D,6,110
760,Supplier,W2,SKU_E,6,91
760,W1,R2,SKU_A,3,67
760,W1,R2,SKU_B,3,55
760,W1,R2,SKU_C,3,20
760,W1,R2,SKU_D,3,42
760,W2,R3,SKU_A,4,169
760,W2,R3,SKU_B,4,56
760,W2,R3,SKU_C,4,90
760,W2,R3,SKU_D,4,92
760,W2,R3,SKU_E,4,65
761,Supplier,W2,SKU_A,6,169
761,Supplier,W2,SKU_B,6,56
761,Supplier,W2,SKU_C,6,90
761,Supplier,W2,SKU_D,6,92
761,Supplier,W2,SKU_E,6,65
761,W1,R1,SKU_A,2,226
761,W1,R1,SKU_B,2,116
761,W1,R1,SKU_C,2,113
761,W1,R1,SKU_D,2,116
761,W1,R1,SKU_E,2,96
761,W1,R2,SKU_A,3,85
761,W1,R2,SKU_B,3,57
761,W1,R2,SKU_C,3,36
761,W1,R2,SKU_D,3,40
761,W1,R2,SKU_E,3,132
761,W2,R3,SKU_A,4,176
761,W2,R3,SKU_B,4,55
761,W2,R3,SKU_C,4,86
761,W2,R3,SKU_D,4,120
761,W2,R3,SKU_E,4,79
762,Supplier,W1,SKU_A,5,378
762,Supplier,W1,SKU_B,5,228
762,Supplier,W1,SKU_C,5,169
762,Supplier,W1,SKU_D,5,198
762,Supplier,W1,SKU_E,5,233
762,Supplier,W2,SKU_A,6,176
762,Supplier,W2,SKU_B,6,55
762,Supplier,W2,SKU_C,6,86
762,Supplier,W2,SKU_D,6,120
762,Supplier,W2,SKU_E,6,79
762,W1,R2,SKU_A,3,96
762,W1,R2,SKU_B,3,40
762,W1,R2,SKU_C,3,42
762,W1,R2,SKU_D,3,38
762,W2,R3,SKU_A,4,191
762,W2,R3,SKU_B,4,64
762,W2,R3,SKU_C,4,94
762,W2,R3,SKU_D,4,101
762,W2,R3,SKU_E,4,76
763,Supplier,W2,SKU_A,6,191
763,Supplier,W2,SKU_B,6,64
763,Supplier,W2,SKU_C,6,94
763,Supplier,W2,SKU_D,6,101
763,Supplier,W2,SKU_E,6,76
763,W1,R1,SKU_A,2,268
763,W1,R1,SKU_B,2,133
763,W1,R1,SKU_C,2,129
763,W1,R1,SKU_D,2,135
763,W1,R1,SKU_E,2,138
763,W1,R2,SKU_A,3,117
763,W1,R2,SKU_B,3,51
763,W1,R2,SKU_C,3,46
763,W1,R2,SKU_D,3,66
763,W1,R2,SKU_E,3,140
763,W2,R3,SKU_A,4,245
763,W2,R3,SKU_B,4,96
763,W2,R3,SKU_C,4,157
763,W2,R3,SKU_D,4,162
763,W2,R3,SKU_E,4,117
764,Supplier,W1,SKU_A,5,481
764,Supplier,W1,SKU_B,5,224
764,Supplier,W1,SKU_C,5,217
764,Supplier,W1,SKU_D,5,239
764,Supplier,W1,SKU_E,5,288
764,Supplier,W2,SKU_A,6,245
764,Supplier,W2,SKU_B,6,96
764,Supplier,W2,SKU_C,6,157
764,Supplier,W2,SKU_D,6,162
764,Supplier,W2,SKU_E,6,117
764,W1,R1,SKU_A,2,175
764,W1,R1,SKU_B,2,139
764,W1,R1,SKU_C,2,133
764,W1,R1,SKU_D,2,101
764,W1,R2,SKU_A,3,128
764,W1,R2,SKU_B,3,74
764,W1,R2,SKU_C,3,72
764,W1,R2,SKU_D,3,36
764,W2,R3,SKU_A,4,304
764,W2,R3,SKU_B,4,104
764,W2,R3,SKU_C,4,154
764,W2,R3,SKU_D,4,161
764,W2,R3,SKU_E,4,130
765,Supplier,W1,SKU_A,5,303
765,Supplier,W1,SKU_B,5,213
765,Supplier,W1,SKU_C,5,205
765,Supplier,W1,SKU_D,5,157
765,Supplier,W1,SKU_E,5,232
765,Supplier,W2,SKU_A,6,304
765,Supplier,W2,SKU_B,6,104
765,Supplier,W2,SKU_C,6,154
765,Supplier,W2,SKU_D,6,161
765,Supplier,W2,SKU_E,6,160
765,W1,R1,SKU_A,2,216
765,W1,R1,SKU_B,2,131
765,W1,R1,SKU_C,2,119
765,W1,R1,SKU_D,2,99
765,W1,R1,SKU_E,2,225
765,W1,R2,SKU_A,3,140
765,W1,R2,SKU_B,3,62
765,W1,R2,SKU_C,3,80
765,W1,R2,SKU_D,3,92
765,W1,R2,SKU_E,3,20
765,W2,R3,SKU_A,4,294
765,W2,R3,SKU_B,4,103
765,W2,R3,SKU_C,4,181
765,W2,R3,SKU_D,4,147
765,W2,R3,SKU_E,4,90
766,Supplier,W1,SKU_A,5,356
766,Supplier,W1,SKU_B,5,193
766,Supplier,W1,SKU_C,5,199
766,Supplier,W1,SKU_D,5,171
766,Supplier,W1,SKU_E,5,187
766,Supplier,W2,SKU_A,6,294
766,Supplier,W2,SKU_B,6,103
766,Supplier,W2,SKU_C,6,181
766,Supplier,W2,SKU_D,6,147
766,Supplier,W2,SKU_E,6,127
766,W1,R2,SKU_A,3,82
766,W1,R2,SKU_B,3,13
766,W1,R2,SKU_C,3,46
766,W1,R2,SKU_D,3,36
766,W2,R3,SKU_A,4,234
766,W2,R3,SKU_B,4,82
766,W2,R3,SKU_C,4,118
766,W2,R3,SKU_D,4,131
766,W2,R3,SKU_E,4,91
767,Supplier,W2,SKU_A,6,234
767,Supplier,W2,SKU_B,6,82
767,Supplier,W2,SKU_C,6,118
767,Supplier,W2,SKU_D,6,131
767,Supplier,W2,SKU_E,6,100
767,W1,R1,SKU_A,2,229
767,W1,R1,SKU_B,2,123
767,W1,R1,SKU_C,2,125
767,W1,R1,SKU_D,2,48
767,W1,R1,SKU_E,2,118
767,W1,R2,SKU_A,3,127
767,W1,R2,SKU_B,3,112
767,W1,R2,SKU_C,3,55
767,W1,R2,SKU_D,3,51
767,W1,R2,SKU_E,3,115
767,W2,R3,SKU_A,4,172
767,W2,R3,SKU_B,4,72
767,W2,R3,SKU_C,4,79
767,W2,R3,SKU_D,4,94
767,W2,R3,SKU_E,4,65
768,Supplier,W1,SKU_A,5,438
768,Supplier,W1,SKU_B,5,248
768,Supplier,W1,SKU_C,5,226
768,Supplier,W1,SKU_D,5,135
768,Supplier,W1,SKU_E,5,252
768,Supplier,W2,SKU_A,6,172
768,Supplier,W2,SKU_B,6,72
768,Supplier,W2,SKU_C,6,79
768,Supplier,W2,SKU_D,6,94
768,Supplier,W2,SKU_E,6,95
768,W2,R3,SKU_A,4,184
768,W2,R3,SKU_B,4,69
768,W2,R3,SKU_C,4,109
768,W2,R3,SKU_D,4,115
768,W2,R3,SKU_E,4,79
769,Supplier,W2,SKU_A,6,184
769,Supplier,W2,SKU_B,6,69
769,Supplier,W2,SKU_C,6,109
769,Supplier,W2,SKU_D,6,115
769,Supplier,W2,SKU_E,6,81
769,W1,R1,SKU_A,2,274
769,W1,R1,SKU_B,2,130
769,W1,R1,SKU_C,2,133
769,W1,R1,SKU_D,2,47
769,W1,R1,SKU_E,2,100
769,W1,R2,SKU_A,3,183
769,W1,R2,SKU_B,3,87
769,W1,R2,SKU_C,3,84
769,W1,R2,SKU_D,3,82
769,W1,R2,SKU_E,3,188
769,W2,R3,SKU_A,4,202
769,W2,R3,SKU_B,4,75
769,W2,R3,SKU_C,4,97
769,W2,R3,SKU_D,4,105
769,W2,R3,SKU_E,4,76
770,Supplier,W1,SKU_A,5,457
770,Supplier,W1,SKU_B,5,217
770,Supplier,W1,SKU_C,5,217
770,Supplier,W1,SKU_D,5,129
770,Supplier,W1,SKU_E,5,234
770,Supplier,W2,SKU_A,6,202
770,Supplier,W2,SKU_B,6,75
770,Supplier,W2,SKU_C,6,97
770,Supplier,W2,SKU_D,6,105
770,Supplier,W2,SKU_E,6,89
770,W1,R2,SKU_A,3,122
770,W1,R2,SKU_B,3,59
770,W1,R2,SKU_C,3,46
770,W1,R2,SKU_D,3,56
770,W1,R2,SKU_E,3,155
770,W2,R3,SKU_A,4,254
770,W2,R3,SKU_B,4,70
770,W2,R3,SKU_C,4,126
770,W2,R3,SKU_D,4,131
770,W2,R3,SKU_E,4,117
771,Supplier,W2,SKU_A,6,254
771,Supplier,W2,SKU_B,6,70
771,Supplier,W2,SKU_C,6,126
771,Supplier,W2,SKU_D,6,131
771,Supplier,W2,SKU_E,6,88
771,W1,R1,SKU_A,2,283
771,W1,R1,SKU_B,2,176
771,W1,R1,SKU_C,2,217
771,W1,R1,SKU_D,2,61
771,W1,R1,SKU_E,2,180
771,W1,R2,SKU_A,3,134
771,W1,R2,SKU_B,3,73
771,W1,R2,SKU_C,3,67
771,W1,R2,SKU_D,3,39
771,W1,R2,SKU_E,3,84
771,W2,R3,SKU_A,4,320
771,W2,R3,SKU_B,4,109
771,W2,R3,SKU_C,4,207
771,W2,R3,SKU_D,4,180
771,W2,R3,SKU_E,4,160
772,Supplier,W1,SKU_A,5,539
772,Supplier,W1,SKU_B,5,308
772,Supplier,W1,SKU_C,5,330
772,Supplier,W1,SKU_D,5,156
772,Supplier,W1,SKU_E,5,342
772,Supplier,W2,SKU_A,6,320
772,Supplier,W2,SKU_B,6,109
772,Supplier,W2,SKU_C,6,207
772,Supplier,W2,SKU_D,6,180
772,Supplier,W2,SKU_E,6,132
772,W1,R1,SKU_A,2,168
772,W1,R1,SKU_B,2,125
772,W1,R1,SKU_C,2,111
772,W1,R1,SKU_D,2,27
772,W1,R2,SKU_A,3,134
772,W1,R2,SKU_B,3,44
772,W1,R2,SKU_C,3,63
772,W1,R2,SKU_D,3,66
772,W2,R3,SKU_A,4,250
772,W2,R3,SKU_B,4,85
772,W2,R3,SKU_C,4,147
772,W2,R3,SKU_D,4,142
772,W2,R3,SKU_E,4,127
773,Supplier,W1,SKU_A,5,321
773,Supplier,W1,SKU_B,5,181
773,Supplier,W1,SKU_C,5,174
773,Supplier,W1,SKU_D,5,93
773,Supplier,W1,SKU_E,5,188
773,Supplier,W2,SKU_A,6,250
773,Supplier,W2,SKU_B,6,85
773,Supplier,W2,SKU_C,6,147
773,Supplier,W2,SKU_D,6,142
773,Supplier,W2,SKU_E,6,113
773,W1,R1,SKU_A,2,126
773,W1,R1,SKU_B,2,75
773,W1,R1,SKU_C,2,57
773,W1,R1,SKU_D,2,25
773,W1,R1,SKU_E,2,161
773,W1,R2,SKU_A,3,124
773,W1,R2,SKU_B,3,62
773,W1,R2,SKU_C,3,49
773,W1,R2,SKU_D,3,43
773,W1,R2,SKU_E,3,91
773,W2,R3,SKU_A,4,208
773,W2,R3,SKU_B,4,68
773,W2,R3,SKU_C,4,100
773,W2,R3,SKU_D,4,136
773,W2,R3,SKU_E,4,100
774,Supplier,W2,SKU_A,6,208
774,Supplier,W2,SKU_B,6,68
774,Supplier,W2,SKU_C,6,100
774,Supplier,W2,SKU_D,6,136
774,Supplier,W2,SKU_E,6,78
774,W1,R2,SKU_A,3,59
774,W1,R2,SKU_B,3,24
774,W1,R2,SKU_C,3,43
774,W1,R2,SKU_D,3,58
774,W2,R3,SKU_A,4,224
774,W2,R3,SKU_B,4,76
774,W2,R3,SKU_C,4,83
774,W2,R3,SKU_D,4,124
774,W2,R3,SKU_E,4,95
775,Supplier,W1,SKU_A,5,450
775,Supplier,W1,SKU_B,5,255
775,Supplier,W1,SKU_C,5,220
775,Supplier,W1,SKU_D,5,143
775,Supplier,W1,SKU_E,5,264
775,Supplier,W2,SKU_A,6,224
775,Supplier,W2,SKU_B,6,76
775,Supplier,W2,SKU_C,6,83
775,Supplier,W2,SKU_D,6,124
775,Supplier,W2,SKU_E,6,106
775,W1,R1,SKU_A,2,205
775,W1,R1,SKU_B,2,161
775,W1,R1,SKU_C,2,155
775,W1,R1,SKU_D,2,55
775,W1,R1,SKU_E,2,126
775,W1,R2,SKU_A,3,121
775,W1,R2,SKU_B,3,71
775,W1,R2,SKU_C,3,48
775,W1,R2,SKU_D,3,44
775,W1,R2,SKU_E,3,108
775,W2,R3,SKU_A,4,235
775,W2,R3,SKU_B,4,66
775,W2,R3,SKU_C,4,98
775,W2,R3,SKU_D,4,126
775,W2,R3,SKU_E,4,81
776,Supplier,W2,SKU_A,6,235
776,Supplier,W2,SKU_B,6,66
776,Supplier,W2,SKU_C,6,98
776,Supplier,W2,SKU_D,6,126
776,Supplier,W2,SKU_E,6,96
776,W2,R3,SKU_A,4,203
776,W2,R3,SKU_B,4,72
776,W2,R3,SKU_C,4,94
776,W2,R3,SKU_D,4,107
776,W2,R3,SKU_E,4,89
777,Supplier,W1,SKU_A,5,328
777,Supplier,W1,SKU_B,5,254
777,Supplier,W1,SKU_C,5,242
777,Supplier,W1,SKU_D,5,131
777,Supplier,W1,SKU_E,5,201
777,Supplier,W2,SKU_A,6,203
777,Supplier,W2,SKU_B,6,72
777,Supplier,W2,SKU_C,6,94
777,Supplier,W2,SKU_D,6,107
777,Supplier,W2,SKU_E,6,96
777,W1,R1,SKU_A,2,194
777,W1,R1,SKU_B,2,186
777,W1,R1,SKU_C,2,179
777,W1,R1,SKU_D,2,63
777,W1,R1,SKU_E,2,103
777,W1,R2,SKU_A,3,185
777,W1,R2,SKU_C,3,76
777,W1,R2,SKU_D,3,55
777,W1,R2,SKU_B,3,111
777,W1,R2,SKU_E,3,239
777,W2,R3,SKU_A,4,260
777,W2,R3,SKU_B,4,81
777,W2,R3,SKU_C,4,168
777,W2,R3,SKU_D,4,148
777,W2,R3,SKU_E,4,88
778,Supplier,W2,SKU_A,6,260
778,Supplier,W2,SKU_B,6,81
778,Supplier,W2,SKU_C,6,168
778,Supplier,W2,SKU_D,6,148
778,Supplier,W2,SKU_E,6,110
778,W1,R1,SKU_A,2,121
778,W1,R1,SKU_B,2,107
778,W1,R1,SKU_C,2,96
778,W1,R1,SKU_D,2,30
778,W1,R1,SKU_E,2,102
778,W1,R2,SKU_A,3,106
778,W1,R2,SKU_B,3,57
778,W1,R2,SKU_C,3,53
778,W1,R2,SKU_D,3,37
778,W1,R2,SKU_E,3,86
778,W2,R3,SKU_A,4,336
778,W2,R3,SKU_B,4,100
778,W2,R3,SKU_C,4,154
778,W2,R3,SKU_D,4,169
778,W2,R3,SKU_E,4,132
779,Supplier,W1,SKU_A,5,444
779,Supplier,W1,SKU_B,5,333
779,Supplier,W1,SKU_C,5,294
779,Supplier,W1,SKU_D,5,136
779,Supplier,W1,SKU_E,5,291
779,Supplier,W2,SKU_A,6,336
779,Supplier,W2,SKU_B,6,100
779,Supplier,W2,SKU_C,6,154
779,Supplier,W2,SKU_D,6,169
779,Supplier,W2,SKU_E,6,119
779,W1,R2,SKU_A,3,80
779,W1,R2,SKU_C,3,56
779,W1,R2,SKU_D,3,39
779,W2,R3,SKU_A,4,273
779,W2,R3,SKU_B,4,65
779,W2,R3,SKU_C,4,128
779,W2,R3,SKU_D,4,145
779,W2,R3,SKU_E,4,113
780,Supplier,W2,SKU_A,6,273
780,Supplier,W2,SKU_B,6,65
780,Supplier,W2,SKU_C,6,128
780,Supplier,W2,SKU_D,6,145
780,Supplier,W2,SKU_E,6,101
780,W1,R1,SKU_A,2,168
780,W1,R1,SKU_B,2,184
780,W1,R1,SKU_C,2,185
780,W1,R1,SKU_D,2,62
780,W1,R1,SKU_E,2,146
780,W1,R2,SKU_A,3,79
780,W1,R2,SKU_B,3,96
780,W1,R2,SKU_C,3,54
780,W1,R2,SKU_D,3,33
780,W1,R2,SKU_E,3,115
780,W2,R3,SKU_A,4,207
780,W2,R3,SKU_B,4,76
780,W2,R3,SKU_C,4,101
780,W2,R3,SKU_D,4,130
780,W2,R3,SKU_E,4,78
781,Supplier,W1,SKU_A,5,327
781,Supplier,W1,SKU_B,5,280
781,Supplier,W1,SKU_C,5,295
781,Supplier,W1,SKU_D,5,134
781,Supplier,W1,SKU_E,5,254
781,Supplier,W2,SKU_A,6,207
781,Supplier,W2,SKU_B,6,76
781,Supplier,W2,SKU_C,6,101
781,Supplier,W2,SKU_D,6,130
781,Supplier,W2,SKU_E,6,69
781,W1,R2,SKU_A,3,76
781,W1,R2,SKU_B,3,17
781,W1,R2,SKU_C,3,30
781,W1,R2,SKU_D,3,24
781,W2,R3,SKU_A,4,173
781,W2,R3,SKU_B,4,65
781,W2,R3,SKU_C,4,67
781,W2,R3,SKU_D,4,100
781,W2,R3,SKU_E,4,106
782,Supplier,W2,SKU_A,6,173
782,Supplier,W2,SKU_B,6,65
782,Supplier,W2,SKU_C,6,67
782,Supplier,W2,SKU_D,6,100
782,Supplier,W2,SKU_E,6,65
782,W1,R1,SKU_A,2,160
782,W1,R1,SKU_B,2,125
782,W1,R1,SKU_C,2,97
782,W1,R1,SKU_D,2,60
782,W1,R1,SKU_E,2,112
782,W1,R2,SKU_A,3,73
782,W1,R2,SKU_B,3,64
782,W1,R2,SKU_C,3,35
782,W1,R2,SKU_D,3,24
782,W1,R2,SKU_E,3,92
782,W2,R3,SKU_A,4,173
782,W2,R3,SKU_B,4,101
782,W2,R3,SKU_C,4,62
782,W2,R3,SKU_D,4,104
782,W2,R3,SKU_E,4,83
783,Supplier,W1,SKU_A,5,309
783,Supplier,W1,SKU_B,5,206
783,Supplier,W1,SKU_C,5,162
783,Supplier,W1,SKU_D,5,108
783,Supplier,W1,SKU_E,5,215
783,Supplier,W2,SKU_A,6,173
783,Supplier,W2,SKU_B,6,101
783,Supplier,W2,SKU_C,6,62
783,Supplier,W2,SKU_D,6,104
783,Supplier,W2,SKU_E,6,75
783,W1,R2,SKU_A,3,74
783,W1,R2,SKU_B,3,55
783,W1,R2,SKU_C,3,47
783,W1,R2,SKU_D,3,19
783,W2,R3,SKU_A,4,157
783,W2,R3,SKU_B,4,61
783,W2,R3,SKU_C,4,48
783,W2,R3,SKU_D,4,88
783,W2,R3,SKU_E,4,78
784,Supplier,W2,SKU_A,6,157
784,Supplier,W2,SKU_B,6,61
784,Supplier,W2,SKU_C,6,48
784,Supplier,W2,SKU_D,6,88
784,Supplier,W2,SKU_E,6,78
784,W1,R1,SKU_A,2,234
784,W1,R1,SKU_B,2,134
784,W1,R1,SKU_C,2,129
784,W1,R1,SKU_D,2,132
784,W1,R1,SKU_E,2,124
784,W1,R2,SKU_A,3,77
784,W1,R2,SKU_B,3,45
784,W1,R2,SKU_C,3,50
784,W1,R2,SKU_D,3,20
784,W1,R2,SKU_E,3,107
784,W2,R3,SKU_A,4,227
784,W2,R3,SKU_B,4,83
784,W2,R3,SKU_C,4,104
784,W2,R3,SKU_D,4,135
784,W2,R3,SKU_E,4,89
785,Supplier,W1,SKU_A,5,385
785,Supplier,W1,SKU_B,5,234
785,Supplier,W1,SKU_C,5,226
785,Supplier,W1,SKU_D,5,171
785,Supplier,W1,SKU_E,5,220
785,Supplier,W2,SKU_A,6,227
785,Supplier,W2,SKU_B,6,83
785,Supplier,W2,SKU_C,6,104
785,Supplier,W2,SKU_D,6,135
785,Supplier,W2,SKU_E,6,89
785,W1,R1,SKU_A,2,181
785,W1,R1,SKU_B,2,110
785,W1,R1,SKU_C,2,123
785,W1,R1,SKU_D,2,90
785,W1,R1,SKU_E,2,60
785,W1,R2,SKU_A,3,102
785,W1,R2,SKU_B,3,69
785,W1,R2,SKU_C,3,62
785,W1,R2,SKU_D,3,30
785,W2,R3,SKU_A,4,254
785,W2,R3,SKU_B,4,98
785,W2,R3,SKU_C,4,105
785,W2,R3,SKU_D,4,154
785,W2,R3,SKU_E,4,101
786,Supplier,W2,SKU_A,6,254
786,Supplier,W2,SKU_B,6,98
786,Supplier,W2,SKU_C,6,105
786,Supplier,W2,SKU_D,6,154
786,Supplier,W2,SKU_E,6,101
786,W1,R1,SKU_A,2,163
786,W1,R1,SKU_B,2,92
786,W1,R1,SKU_C,2,109
786,W1,R1,SKU_D,2,92
786,W1,R1,SKU_E,2,110
786,W1,R2,SKU_A,3,88
786,W1,R2,SKU_B,3,63
786,W1,R2,SKU_C,3,65
786,W1,R2,SKU_D,3,19
786,W1,R2,SKU_E,3,115
786,W2,R3,SKU_A,4,271
786,W2,R3,SKU_B,4,93
786,W2,R3,SKU_C,4,156
786,W2,R3,SKU_D,4,132
786,W2,R3,SKU_E,4,98
787,Supplier,W1,SKU_A,5,534
787,Supplier,W1,SKU_B,5,334
787,Supplier,W1,SKU_C,5,359
787,Supplier,W1,SKU_D,5,231
787,Supplier,W1,SKU_E,5,285
787,Supplier,W2,SKU_A,6,271
787,Supplier,W2,SKU_B,6,93
787,Supplier,W2,SKU_C,6,156
787,Supplier,W2,SKU_D,6,132
787,Supplier,W2,SKU_E,6,98
787,W1,R2,SKU_A,3,70
787,W1,R2,SKU_B,3,51
787,W1,R2,SKU_C,3,39
787,W1,R2,SKU_D,3,19
787,W2,R3,SKU_A,4,192
787,W2,R3,SKU_B,4,70
787,W2,R3,SKU_C,4,95
787,W2,R3,SKU_D,4,100
787,W2,R3,SKU_E,4,61
788,Supplier,W2,SKU_A,6,192
788,Supplier,W2,SKU_B,6,70
788,Supplier,W2,SKU_C,6,95
788,Supplier,W2,SKU_D,6,100
788,Supplier,W2,SKU_E,6,61
788,W1,R1,SKU_A,2,229
788,W1,R1,SKU_B,2,114
788,W1,R1,SKU_C,2,150
788,W1,R1,SKU_D,2,108
788,W1,R1,SKU_E,2,95
788,W1,R2,SKU_A,3,85
788,W1,R2,SKU_B,3,54
788,W1,R2,SKU_C,3,50
788,W1,R2,SKU_D,3,28
788,W1,R2,SKU_E,3,92
788,W2,R3,SKU_A,4,191
788,W2,R3,SKU_B,4,64
788,W2,R3,SKU_C,4,104
788,W2,R3,SKU_D,4,114
788,W2,R3,SKU_E,4,72
789,Supplier,W1,SKU_A,5,384
789,Supplier,W1,SKU_B,5,219
789,Supplier,W1,SKU_C,5,239
789,Supplier,W1,SKU_D,5,155
789,Supplier,W1,SKU_E,5,187
789,Supplier,W2,SKU_A,6,191
789,Supplier,W2,SKU_B,6,64
789,Supplier,W2,SKU_C,6,104
789,Supplier,W2,SKU_D,6,114
789,Supplier,W2,SKU_E,6,72
789,W1,R2,SKU_A,3,71
789,W1,R2,SKU_B,3,51
789,W1,R2,SKU_C,3,32
789,W1,R2,SKU_D,3,40
789,W1,R2,SKU_E,3,8
789,W2,R3,SKU_A,4,204
789,W2,R3,SKU_B,4,67
789,W2,R3,SKU_C,4,104
789,W2,R3,SKU_D,4,107
789,W2,R3,SKU_E,4,74
790,Supplier,W2,SKU_A,6,204
790,Supplier,W2,SKU_B,6,67
790,Supplier,W2,SKU_C,6,104
790,Supplier,W2,SKU_D,6,107
790,Supplier,W2,SKU_E,6,74
790,W1,R1,SKU_A,2,239
790,W1,R1,SKU_B,2,115
790,W1,R1,SKU_C,2,138
790,W1,R1,SKU_D,2,132
790,W1,R1,SKU_E,2,117
790,W1,R2,SKU_A,3,117
790,W1,R2,SKU_B,3,50
790,W1,R2,SKU_C,3,53
790,W1,R2,SKU_D,3,38
790,W1,R2,SKU_E,3,121
790,W2,R3,SKU_A,4,172
790,W2,R3,SKU_B,4,63
790,W2,R3,SKU_C,4,121
790,W2,R3,SKU_D,4,106
790,W2,R3,SKU_E,4,76
791,Supplier,W1,SKU_A,5,427
791,Supplier,W1,SKU_B,5,216
791,Supplier,W1,SKU_C,5,223
791,Supplier,W1,SKU_D,5,210
791,Supplier,W1,SKU_E,5,246
791,Supplier,W2,SKU_A,6,172
791,Supplier,W2,SKU_B,6,63
791,Supplier,W2,SKU_C,6,121
791,Supplier,W2,SKU_D,6,106
791,Supplier,W2,SKU_E,6,76
791,W1,R1,SKU_A,2,185
791,W1,R1,SKU_B,2,131
791,W1,R1,SKU_C,2,118
791,W1,R1,SKU_D,2,103
791,W1,R1,SKU_E,2,31
791,W1,R2,SKU_A,3,86
791,W1,R2,SKU_B,3,42
791,W1,R2,SKU_C,3,59
791,W1,R2,SKU_D,3,45
791,W2,R3,SKU_A,4,271
791,W2,R3,SKU_B,4,84
791,W2,R3,SKU_C,4,159
791,W2,R3,SKU_D,4,149
791,W2,R3,SKU_E,4,104
792,Supplier,W1,SKU_A,5,271
792,Supplier,W1,SKU_B,5,187
792,Supplier,W1,SKU_C,5,177
792,Supplier,W1,SKU_D,5,148
792,Supplier,W1,SKU_E,5,132
792,Supplier,W2,SKU_A,6,271
792,Supplier,W2,SKU_B,6,84
792,Supplier,W2,SKU_C,6,159
792,Supplier,W2,SKU_D,6,149
792,Supplier,W2,SKU_E,6,104
792,W1,R1,SKU_A,2,218
792,W1,R1,SKU_B,2,153
792,W1,R1,SKU_C,2,148
792,W1,R1,SKU_D,2,101
792,W1,R1,SKU_E,2,157
792,W1,R2,SKU_A,3,113
792,W1,R2,SKU_B,3,105
792,W1,R2,SKU_C,3,76
792,W1,R2,SKU_D,3,66
792,W1,R2,SKU_E,3,128
792,W2,R3,SKU_A,4,313
792,W2,R3,SKU_B,4,137
792,W2,R3,SKU_C,4,172
792,W2,R3,SKU_D,4,164
792,W2,R3,SKU_E,4,112
793,Supplier,W1,SKU_A,5,331
793,Supplier,W1,SKU_B,5,244
793,Supplier,W1,SKU_C,5,224
793,Supplier,W1,SKU_D,5,167
793,Supplier,W1,SKU_E,5,197
793,Supplier,W2,SKU_A,6,313
793,Supplier,W2,SKU_B,6,137
793,Supplier,W2,SKU_C,6,172
793,Supplier,W2,SKU_D,6,164
793,Supplier,W2,SKU_E,6,112
793,W1,R1,SKU_A,2,194
793,W1,R1,SKU_B,2,76
793,W1,R1,SKU_C,2,123
793,W1,R1,SKU_D,2,86
793,W2,R3,SKU_A,4,288
793,W2,R3,SKU_B,4,95
793,W2,R3,SKU_C,4,152
793,W2,R3,SKU_D,4,121
793,W2,R3,SKU_E,4,110
794,Supplier,W2,SKU_A,6,288
794,Supplier,W2,SKU_B,6,95
794,Supplier,W2,SKU_C,6,152
794,Supplier,W2,SKU_D,6,121
794,Supplier,W2,SKU_E,6,110
794,W1,R1,SKU_A,2,139
794,W1,R1,SKU_B,2,94
794,W1,R1,SKU_C,2,60
794,W1,R1,SKU_D,2,34
794,W1,R1,SKU_E,2,140
794,W1,R2,SKU_A,3,170
794,W1,R2,SKU_C,3,102
794,W1,R2,SKU_D,3,60
794,W1,R2,SKU_B,3,87
794,W1,R2,SKU_E,3,47
794,W2,R3,SKU_A,4,209
794,W2,R3,SKU_B,4,86
794,W2,R3,SKU_C,4,131
794,W2,R3,SKU_D,4,118
794,W2,R3,SKU_E,4,97
795,Supplier,W1,SKU_A,5,503
795,Supplier,W1,SKU_B,5,257
795,Supplier,W1,SKU_C,5,285
795,Supplier,W1,SKU_D,5,180
795,Supplier,W1,SKU_E,5,263
795,Supplier,W2,SKU_A,6,209
795,Supplier,W2,SKU_B,6,86
795,Supplier,W2,SKU_C,6,131
795,Supplier,W2,SKU_D,6,118
795,Supplier,W2,SKU_E,6,97
795,W1,R2,SKU_A,3,91
795,W1,R2,SKU_C,3,47
795,W1,R2,SKU_D,3,41
795,W2,R3,SKU_A,4,183
795,W2,R3,SKU_B,4,57
795,W2,R3,SKU_C,4,98
795,W2,R3,SKU_D,4,89
795,W2,R3,SKU_E,4,74
796,Supplier,W2,SKU_A,6,183
796,Supplier,W2,SKU_B,6,57
796,Supplier,W2,SKU_C,6,98
796,Supplier,W2,SKU_D,6,89
796,Supplier,W2,SKU_E,6,74
796,W1,R1,SKU_A,2,221
796,W1,R1,SKU_B,2,132
796,W1,R1,SKU_C,2,174
796,W1,R1,SKU_D,2,65
796,W1,R1,SKU_E,2,102
796,W1,R2,SKU_A,3,103
796,W1,R2,SKU_B,3,118
796,W1,R2,SKU_C,3,64
796,W1,R2,SKU_D,3,39
796,W1,R2,SKU_E,3,144
796,W2,R3,SKU_A,4,194
796,W2,R3,SKU_B,4,65
796,W2,R3,SKU_C,4,81
796,W2,R3,SKU_D,4,98
796,W2,R3,SKU_E,4,75
797,Supplier,W1,SKU_A,5,415
797,Supplier,W1,SKU_B,5,250
797,Supplier,W1,SKU_C,5,285
797,Supplier,W1,SKU_D,5,145
797,Supplier,W1,SKU_E,5,224
797,Supplier,W2,SKU_A,6,194
797,Supplier,W2,SKU_B,6,65
797,Supplier,W2,SKU_C,6,81
797,Supplier,W2,SKU_D,6,98
797,Supplier,W2,SKU_E,6,78
797,W1,R2,SKU_A,3,85
797,W1,R2,SKU_B,3,60
797,W1,R2,SKU_C,3,50
797,W1,R2,SKU_D,3,32
797,W1,R2,SKU_E,3,64
797,W2,R3,SKU_A,4,178
797,W2,R3,SKU_B,4,61
797,W2,R3,SKU_C,4,82
797,W2,R3,SKU_D,4,80
797,W2,R3,SKU_E,4,67
798,Supplier,W2,SKU_A,6,178
798,Supplier,W2,SKU_B,6,61
798,Supplier,W2,SKU_C,6,82
798,Supplier,W2,SKU_D,6,80
798,Supplier,W2,SKU_E,6,64
798,W1,R1,SKU_A,2,254
798,W1,R1,SKU_B,2,128
798,W1,R1,SKU_C,2,157
798,W1,R1,SKU_D,2,59
798,W1,R1,SKU_E,2,132
798,W1,R2,SKU_A,3,80
798,W1,R2,SKU_B,3,62
798,W1,R2,SKU_C,3,48
798,W1,R2,SKU_D,3,48
798,W1,R2,SKU_E,3,100
798,W2,R3,SKU_A,4,196
798,W2,R3,SKU_B,4,74
798,W2,R3,SKU_C,4,112
798,W2,R3,SKU_D,4,93
798,W2,R3,SKU_E,4,87
799,Supplier,W1,SKU_A,5,419
799,Supplier,W1,SKU_B,5,250
799,Supplier,W1,SKU_C,5,255
799,Supplier,W1,SKU_D,5,139
799,Supplier,W1,SKU_E,5,229
799,Supplier,W2,SKU_A,6,196
799,Supplier,W2,SKU_B,6,74
799,Supplier,W2,SKU_C,6,112
799,Supplier,W2,SKU_D,6,93
799,Supplier,W2,SKU_E,6,87
799,W1,R1,SKU_A,2,181
799,W1,R1,SKU_B,2,105
799,W1,R1,SKU_C,2,123
799,W1,R1,SKU_D,2,36
799,W1,R1,SKU_E,2,33
799,W1,R2,SKU_A,3,96
799,W1,R2,SKU_B,3,63
799,W1,R2,SKU_C,3,51
799,W1,R2,SKU_D,3,40
799,W2,R3,SKU_A,4,270
799,W2,R3,SKU_B,4,101
799,W2,R3,SKU_C,4,146
799,W2,R3,SKU_D,4,186
799,W2,R3,SKU_E,4,99
800,Supplier,W2,SKU_A,6,270
800,Supplier,W2,SKU_B,6,101
800,Supplier,W2,SKU_C,6,146
800,Supplier,W2,SKU_D,6,186
800,Supplier,W2,SKU_E,6,99
800,W1,R1,SKU_A,2,178
800,W1,R1,SKU_B,2,110
800,W1,R1,SKU_C,2,120
800,W1,R1,SKU_D,2,39
800,W1,R1,SKU_E,2,124
800,W1,R2,SKU_A,3,131
800,W1,R2,SKU_B,3,55
800,W1,R2,SKU_C,3,74
800,W1,R2,SKU_D,3,50
800,W1,R2,SKU_E,3,137
800,W2,R3,SKU_A,4,268
800,W2,R3,SKU_B,4,90
800,W2,R3,SKU_C,4,143
800,W2,R3,SKU_D,4,139
800,W2,R3,SKU_E,4,91
801,Supplier,W1,SKU_A,5,586
801,Supplier,W1,SKU_B,5,333
801,Supplier,W1,SKU_C,5,368
801,Supplier,W1,SKU_D,5,165
801,Supplier,W1,SKU_E,5,294
801,Supplier,W2,SKU_A,6,268
801,Supplier,W2,SKU_B,6,90
801,Supplier,W2,SKU_C,6,143
801,Supplier,W2,SKU_D,6,139
801,Supplier,W2,SKU_E,6,91
801,W1,R2,SKU_A,3,71
801,W1,R2,SKU_B,3,38
801,W1,R2,SKU_C,3,60
801,W1,R2,SKU_D,3,35
801,W2,R3,SKU_A,4,188
801,W2,R3,SKU_B,4,68
801,W2,R3,SKU_C,4,91
801,W2,R3,SKU_D,4,94
801,W2,R3,SKU_E,4,79
802,Supplier,W2,SKU_A,6,188
802,Supplier,W2,SKU_B,6,68
802,Supplier,W2,SKU_C,6,91
802,Supplier,W2,SKU_D,6,94
802,Supplier,W2,SKU_E,6,79
802,W1,R1,SKU_A,2,235
802,W1,R1,SKU_B,2,131
802,W1,R1,SKU_C,2,149
802,W1,R1,SKU_D,2,117
802,W1,R1,SKU_E,2,116
802,W1,R2,SKU_A,3,95
802,W1,R2,SKU_B,3,57
802,W1,R2,SKU_C,3,48
802,W1,R2,SKU_D,3,58
802,W1,R2,SKU_E,3,110
802,W2,R3,SKU_A,4,186
802,W2,R3,SKU_B,4,80
802,W2,R3,SKU_C,4,85
802,W2,R3,SKU_D,4,101
802,W2,R3,SKU_E,4,80
803,Supplier,W1,SKU_A,5,401
803,Supplier,W1,SKU_B,5,226
803,Supplier,W1,SKU_C,5,257
803,Supplier,W1,SKU_D,5,210
803,Supplier,W1,SKU_E,5,231
803,Supplier,W2,SKU_A,6,186
803,Supplier,W2,SKU_B,6,80
803,Supplier,W2,SKU_C,6,85
803,Supplier,W2,SKU_D,6,101
803,Supplier,W2,SKU_E,6,80
803,W1,R2,SKU_A,3,105
803,W1,R2,SKU_B,3,51
803,W1,R2,SKU_C,3,77
803,W1,R2,SKU_D,3,43
804,Supplier,W2,SKU_A,6,147
804,Supplier,W2,SKU_B,6,57
804,Supplier,W2,SKU_C,6,73
804,Supplier,W2,SKU_D,6,60
804,Supplier,W2,SKU_E,6,58
804,W1,R1,SKU_A,2,255
804,W1,R1,SKU_B,2,124
804,W1,R1,SKU_C,2,120
804,W1,R1,SKU_D,2,119
804,W1,R1,SKU_E,2,113
804,W1,R2,SKU_A,3,93
804,W1,R2,SKU_B,3,51
804,W1,R2,SKU_C,3,57
804,W1,R2,SKU_D,3,43
804,W1,R2,SKU_E,3,116
804,W2,R3,SKU_A,4,347
804,W2,R3,SKU_B,4,118
804,W2,R3,SKU_C,4,157
804,W2,R3,SKU_D,4,136
804,W2,R3,SKU_E,4,139
805,Supplier,W1,SKU_A,5,453
805,Supplier,W1,SKU_B,5,226
805,Supplier,W1,SKU_C,5,254
805,Supplier,W1,SKU_D,5,205
805,Supplier,W1,SKU_E,5,240
805,Supplier,W2,SKU_A,6,200
805,Supplier,W2,SKU_B,6,61
805,Supplier,W2,SKU_C,6,84
805,Supplier,W2,SKU_D,6,76
805,Supplier,W2,SKU_E,6,81
805,W1,R1,SKU_A,2,120
805,W1,R1,SKU_B,2,98
805,W1,R1,SKU_C,2,89
805,W1,R1,SKU_D,2,84
805,W1,R2,SKU_A,3,89
805,W1,R2,SKU_B,3,59
805,W1,R2,SKU_C,3,60
805,W1,R2,SKU_D,3,50
805,W2,R3,SKU_A,4,218
805,W2,R3,SKU_B,4,83
805,W2,R3,SKU_C,4,106
805,W2,R3,SKU_D,4,138
805,W2,R3,SKU_E,4,89
806,Supplier,W2,SKU_A,6,218
806,Supplier,W2,SKU_B,6,83
806,Supplier,W2,SKU_C,6,106
806,Supplier,W2,SKU_D,6,138
806,Supplier,W2,SKU_E,6,89
806,W1,R1,SKU_A,2,182
806,W1,R1,SKU_B,2,125
806,W1,R1,SKU_C,2,155
806,W1,R1,SKU_D,2,99
806,W1,R1,SKU_E,2,132
806,W1,R2,SKU_A,3,90
806,W1,R2,SKU_B,3,74
806,W1,R2,SKU_C,3,75
806,W1,R2,SKU_D,3,47
806,W1,R2,SKU_E,3,161
806,W2,R3,SKU_A,4,251
806,W2,R3,SKU_B,4,94
806,W2,R3,SKU_C,4,155
806,W2,R3,SKU_D,4,156
806,W2,R3,SKU_E,4,112
807,Supplier,W1,SKU_A,5,481
807,Supplier,W1,SKU_B,5,356
807,Supplier,W1,SKU_C,5,379
807,Supplier,W1,SKU_D,5,280
807,Supplier,W1,SKU_E,5,277
807,Supplier,W2,SKU_A,6,251
807,Supplier,W2,SKU_B,6,94
807,Supplier,W2,SKU_C,6,155
807,Supplier,W2,SKU_D,6,156
807,Supplier,W2,SKU_E,6,112
807,W1,R1,SKU_A,2,164
807,W1,R1,SKU_B,2,118
807,W1,R1,SKU_C,2,106
807,W1,R1,SKU_D,2,83
807,W1,R1,SKU_E,2,1
807,W1,R2,SKU_A,3,108
807,W1,R2,SKU_B,3,16
807,W1,R2,SKU_C,3,52
807,W1,R2,SKU_D,3,47
807,W2,R3,SKU_A,4,271
807,W2,R3,SKU_B,4,96
807,W2,R3,SKU_C,4,171
807,W2,R3,SKU_D,4,156
807,W2,R3,SKU_E,4,99
808,Supplier,W2,SKU_A,6,271
808,Supplier,W2,SKU_B,6,96
808,Supplier,W2,SKU_C,6,171
808,Supplier,W2,SKU_D,6,156
808,Supplier,W2,SKU_E,6,99
808,W1,R1,SKU_A,2,121
808,W1,R1,SKU_B,2,52
808,W1,R1,SKU_C,2,76
808,W1,R1,SKU_D,2,61
808,W1,R1,SKU_E,2,118
808,W1,R2,SKU_A,3,83
808,W1,R2,SKU_B,3,83
808,W1,R2,SKU_C,3,39
808,W1,R2,SKU_D,3,51
808,W1,R2,SKU_E,3,111
808,W2,R3,SKU_A,4,221
808,W2,R3,SKU_B,4,89
808,W2,R3,SKU_C,4,97
808,W2,R3,SKU_D,4,106
808,W2,R3,SKU_E,4,63
809,Supplier,W1,SKU_A,5,476
809,Supplier,W1,SKU_B,5,269
809,Supplier,W1,SKU_C,5,273
809,Supplier,W1,SKU_D,5,242
809,Supplier,W1,SKU_E,5,230
809,Supplier,W2,SKU_A,6,221
809,Supplier,W2,SKU_B,6,89
809,Supplier,W2,SKU_C,6,97
809,Supplier,W2,SKU_D,6,106
809,Supplier,W2,SKU_E,6,63
809,W1,R2,SKU_A,3,98
809,W1,R2,SKU_B,3,45
809,W1,R2,SKU_C,3,39
809,W1,R2,SKU_D,3,42
809,W2,R3,SKU_A,4,182
809,W2,R3,SKU_B,4,83
809,W2,R3,SKU_C,4,76
809,W2,R3,SKU_D,4,81
809,W2,R3,SKU_E,4,81
810,Supplier,W2,SKU_A,6,182
810,Supplier,W2,SKU_B,6,83
810,Supplier,W2,SKU_C,6,76
810,Supplier,W2,SKU_D,6,81
810,Supplier,W2,SKU_E,6,81
810,W1,R1,SKU_A,2,189
810,W1,R1,SKU_B,2,96
810,W1,R1,SKU_C,2,101
810,W1,R1,SKU_D,2,96
810,W1,R1,SKU_E,2,94
810,W1,R2,SKU_A,3,90
810,W1,R2,SKU_B,3,50
810,W1,R2,SKU_C,3,35
810,W1,R2,SKU_D,3,31
810,W1,R2,SKU_E,3,111
811,Supplier,W1,SKU_A,5,377
811,Supplier,W1,SKU_B,5,191
811,Supplier,W1,SKU_C,5,175
811,Supplier,W1,SKU_D,5,169
811,Supplier,W1,SKU_E,5,205
811,Supplier,W2,SKU_A,6,161
811,Supplier,W2,SKU_B,6,45
811,Supplier,W2,SKU_C,6,80
811,Supplier,W2,SKU_D,6,80
811,Supplier,W2,SKU_E,6,68
811,W1,R2,SKU_A,3,74
811,W1,R2,SKU_B,3,41
811,W1,R2,SKU_C,3,43
811,W1,R2,SKU_D,3,29
811,W2,R3,SKU_A,4,319
811,W2,R3,SKU_B,4,108
811,W2,R3,SKU_C,4,150
811,W2,R3,SKU_D,4,169
811,W2,R3,SKU_E,4,132
812,Supplier,W2,SKU_A,6,158
812,Supplier,W2,SKU_B,6,63
812,Supplier,W2,SKU_C,6,70
812,Supplier,W2,SKU_D,6,89
812,Supplier,W2,SKU_E,6,64
812,W1,R1,SKU_A,2,241
812,W1,R1,SKU_B,2,126
812,W1,R1,SKU_C,2,166
812,W1,R1,SKU_D,2,100
812,W1,R1,SKU_E,2,94
812,W1,R2,SKU_A,3,98
812,W1,R2,SKU_B,3,72
812,W1,R2,SKU_C,3,74
812,W1,R2,SKU_D,3,37
812,W1,R2,SKU_E,3,106
812,W2,R3,SKU_A,4,172
812,W2,R3,SKU_B,4,65
812,W2,R3,SKU_C,4,107
812,W2,R3,SKU_D,4,118
812,W2,R3,SKU_E,4,62
813,Supplier,W1,SKU_A,5,413
813,Supplier,W1,SKU_B,5,239
813,Supplier,W1,SKU_C,5,283
813,Supplier,W1,SKU_D,5,166
813,Supplier,W1,SKU_E,5,200
813,Supplier,W2,SKU_A,6,172
813,Supplier,W2,SKU_B,6,65
813,Supplier,W2,SKU_C,6,107
813,Supplier,W2,SKU_D,6,118
813,Supplier,W2,SKU_E,6,62
813,W1,R1,SKU_A,2,178
813,W1,R1,SKU_B,2,118
813,W1,R1,SKU_C,2,116
813,W1,R1,SKU_D,2,71
813,W1,R1,SKU_E,2,73
813,W1,R2,SKU_A,3,118
813,W1,R2,SKU_B,3,66
813,W1,R2,SKU_C,3,47
813,W1,R2,SKU_D,3,55
813,W1,R2,SKU_E,3,41
813,W2,R3,SKU_A,4,242
813,W2,R3,SKU_B,4,83
813,W2,R3,SKU_C,4,130
813,W2,R3,SKU_D,4,156
813,W2,R3,SKU_E,4,76
814,Supplier,W2,SKU_A,6,242
814,Supplier,W2,SKU_B,6,83
814,Supplier,W2,SKU_C,6,130
814,Supplier,W2,SKU_D,6,156
814,Supplier,W2,SKU_E,6,76
814,W1,R1,SKU_A,2,183
814,W1,R1,SKU_B,2,116
814,W1,R1,SKU_C,2,88
814,W1,R1,SKU_D,2,83
814,W1,R1,SKU_E,2,94
814,W1,R2,SKU_A,3,127
814,W1,R2,SKU_B,3,76
814,W1,R2,SKU_C,3,83
814,W1,R2,SKU_D,3,55
814,W1,R2,SKU_E,3,82
814,W2,R3,SKU_A,4,238
814,W2,R3,SKU_B,4,69
814,W2,R3,SKU_C,4,145
814,W2,R3,SKU_D,4,119
814,W2,R3,SKU_E,4,66
815,Supplier,W1,SKU_A,5,606
815,Supplier,W1,SKU_B,5,376
815,Supplier,W1,SKU_C,5,334
815,Supplier,W1,SKU_D,5,264
815,Supplier,W1,SKU_E,5,290
815,Supplier,W2,SKU_A,6,238
815,Supplier,W2,SKU_B,6,69
815,Supplier,W2,SKU_C,6,145
815,Supplier,W2,SKU_D,6,119
815,Supplier,W2,SKU_E,6,66
815,W1,R1,SKU_A,2,103
815,W1,R1,SKU_B,2,91
815,W1,R1,SKU_C,2,42
815,W1,R1,SKU_D,2,61
815,W1,R1,SKU_E,2,51
815,W1,R2,SKU_A,3,117
815,W1,R2,SKU_B,3,45
815,W1,R2,SKU_C,3,91
815,W1,R2,SKU_D,3,23
815,W1,R2,SKU_E,3,3
815,W2,R3,SKU_A,4,182
815,W2,R3,SKU_B,4,77
815,W2,R3,SKU_C,4,102
815,W2,R3,SKU_D,4,104
815,W2,R3,SKU_E,4,60
816,Supplier,W2,SKU_A,6,182
816,Supplier,W2,SKU_B,6,77
816,Supplier,W2,SKU_C,6,102
816,Supplier,W2,SKU_D,6,104
816,Supplier,W2,SKU_E,6,60
816,W1,R2,SKU_A,3,103
816,W1,R2,SKU_B,3,71
816,W1,R2,SKU_C,3,56
816,W1,R2,SKU_D,3,39
816,W1,R2,SKU_E,3,107
816,W2,R3,SKU_A,4,175
816,W2,R3,SKU_B,4,63
816,W2,R3,SKU_C,4,94
816,W2,R3,SKU_D,4,82
816,W2,R3,SKU_E,4,62
817,Supplier,W1,SKU_A,5,438
817,Supplier,W1,SKU_B,5,266
817,Supplier,W1,SKU_C,5,271
817,Supplier,W1,SKU_D,5,176
817,Supplier,W1,SKU_E,5,212
817,Supplier,W2,SKU_A,6,175
817,Supplier,W2,SKU_B,6,63
817,Supplier,W2,SKU_C,6,94
817,Supplier,W2,SKU_D,6,82
817,Supplier,W2,SKU_E,6,62
817,W1,R1,SKU_A,2,213
817,W1,R1,SKU_B,2,116
817,W1,R1,SKU_C,2,140
817,W1,R1,SKU_D,2,89
817,W1,R1,SKU_E,2,98
817,W1,R2,SKU_A,3,94
817,W1,R2,SKU_B,3,4
817,W1,R2,SKU_C,3,44
817,W1,R2,SKU_D,3,41
818,Supplier,W2,SKU_A,6,161
818,Supplier,W2,SKU_B,6,63
818,Supplier,W2,SKU_C,6,72
818,Supplier,W2,SKU_D,6,71
818,Supplier,W2,SKU_E,6,53
818,W1,R2,SKU_A,3,102
818,W1,R2,SKU_B,3,94
818,W1,R2,SKU_C,3,54
818,W1,R2,SKU_D,3,37
818,W1,R2,SKU_E,3,95
818,W2,R3,SKU_A,4,348
818,W2,R3,SKU_B,4,118
818,W2,R3,SKU_C,4,148
818,W2,R3,SKU_D,4,161
818,W2,R3,SKU_E,4,125
819,Supplier,W1,SKU_A,5,417
819,Supplier,W1,SKU_B,5,205
819,Supplier,W1,SKU_C,5,244
819,Supplier,W1,SKU_D,5,186
819,Supplier,W1,SKU_E,5,180
819,Supplier,W2,SKU_A,6,187
819,Supplier,W2,SKU_B,6,55
819,Supplier,W2,SKU_C,6,76
819,Supplier,W2,SKU_D,6,90
819,Supplier,W2,SKU_E,6,72
819,W1,R1,SKU_A,2,247
819,W1,R1,SKU_B,2,121
819,W1,R1,SKU_C,2,186
819,W1,R1,SKU_D,2,133
819,W1,R1,SKU_E,2,97
819,W1,R2,SKU_A,3,89
819,W1,R2,SKU_B,3,24
819,W1,R2,SKU_C,3,64
819,W1,R2,SKU_D,3,41
819,W1,R2,SKU_E,3,8
819,W2,R3,SKU_A,4,217
819,W2,R3,SKU_B,4,71
819,W2,R3,SKU_C,4,113
819,W2,R3,SKU_D,4,102
819,W2,R3,SKU_E,4,79
820,Supplier,W2,SKU_A,6,217
820,Supplier,W2,SKU_B,6,71
820,Supplier,W2,SKU_C,6,113
820,Supplier,W2,SKU_D,6,102
820,Supplier,W2,SKU_E,6,79
820,W1,R1,SKU_A,2,152
820,W1,R1,SKU_B,2,87
820,W1,R1,SKU_C,2,79
820,W1,R1,SKU_D,2,72
820,W1,R1,SKU_E,2,56
820,W1,R2,SKU_A,3,129
820,W1,R2,SKU_B,3,86
820,W1,R2,SKU_C,3,76
820,W1,R2,SKU_D,3,42
820,W1,R2,SKU_E,3,122
820,W2,R3,SKU_A,4,192
820,W2,R3,SKU_B,4,88
820,W2,R3,SKU_C,4,121
820,W2,R3,SKU_D,4,105
820,W2,R3,SKU_E,4,86
821,Supplier,W1,SKU_A,5,494
821,Supplier,W1,SKU_B,5,268
821,Supplier,W1,SKU_C,5,317
821,Supplier,W1,SKU_D,5,216
821,Supplier,W1,SKU_E,5,245
821,Supplier,W2,SKU_A,6,192
821,Supplier,W2,SKU_B,6,88
821,Supplier,W2,SKU_C,6,121
821,Supplier,W2,SKU_D,6,105
821,Supplier,W2,SKU_E,6,86
821,W1,R1,SKU_A,2,174
821,W1,R1,SKU_B,2,135
821,W1,R1,SKU_C,2,100
821,W1,R1,SKU_D,2,85
821,W1,R1,SKU_E,2,80
821,W1,R2,SKU_A,3,113
821,W1,R2,SKU_B,3,68
821,W1,R2,SKU_C,3,80
821,W1,R2,SKU_D,3,33
821,W1,R2,SKU_E,3,32
821,W2,R3,SKU_A,4,244
821,W2,R3,SKU_B,4,107
821,W2,R3,SKU_C,4,164
821,W2,R3,SKU_D,4,156
821,W2,R3,SKU_E,4,84
822,Supplier,W1,SKU_A,5,287
822,Supplier,W1,SKU_B,5,224
822,Supplier,W1,SKU_C,5,180
822,Supplier,W1,SKU_D,5,118
822,Supplier,W1,SKU_E,5,137
822,Supplier,W2,SKU_A,6,244
822,Supplier,W2,SKU_B,6,107
822,Supplier,W2,SKU_C,6,164
822,Supplier,W2,SKU_D,6,156
822,Supplier,W2,SKU_E,6,84
822,W1,R1,SKU_A,2,101
822,W1,R1,SKU_B,2,91
822,W1,R1,SKU_C,2,61
822,W1,R1,SKU_D,2,38
822,W1,R1,SKU_E,2,57
822,W1,R2,SKU_A,3,84
822,W1,R2,SKU_B,3,92
822,W1,R2,SKU_C,3,56
822,W1,R2,SKU_D,3,31
822,W1,R2,SKU_E,3,77
822,W2,R3,SKU_A,4,156
822,W2,R3,SKU_B,4,67
822,W2,R3,SKU_C,4,72
822,W2,R3,SKU_D,4,81
822,W2,R3,SKU_E,4,75
823,Supplier,W2,SKU_A,6,156
823,Supplier,W2,SKU_B,6,67
823,Supplier,W2,SKU_C,6,72
823,Supplier,W2,SKU_D,6,81
823,Supplier,W2,SKU_E,6,75
823,W1,R1,SKU_A,2,128
823,W1,R1,SKU_B,2,64
823,W1,R1,SKU_C,2,92
823,W1,R1,SKU_D,2,51
823,W1,R1,SKU_E,2,48
823,W1,R2,SKU_A,3,78
823,W1,R2,SKU_B,3,19
823,W1,R2,SKU_C,3,60
823,W1,R2,SKU_D,3,33
823,W1,R2,SKU_E,3,30
823,W2,R3,SKU_A,4,194
823,W2,R3,SKU_B,4,77
823,W2,R3,SKU_C,4,91
823,W2,R3,SKU_D,4,87
823,W2,R3,SKU_E,4,83
824,Supplier,W1,SKU_A,5,391
824,Supplier,W1,SKU_B,5,304
824,Supplier,W1,SKU_C,5,269
824,Supplier,W1,SKU_D,5,153
824,Supplier,W1,SKU_E,5,217
824,Supplier,W2,SKU_A,6,194
824,Supplier,W2,SKU_B,6,77
824,Supplier,W2,SKU_C,6,91
824,Supplier,W2,SKU_D,6,87
824,Supplier,W2,SKU_E,6,83
824,W1,R1,SKU_A,2,136
824,W1,R1,SKU_B,2,81
824,W1,R1,SKU_C,2,81
824,W1,R1,SKU_D,2,79
824,W1,R1,SKU_E,2,53
824,W1,R2,SKU_A,3,76
824,W1,R2,SKU_B,3,124
824,W1,R2,SKU_C,3,70
824,W1,R2,SKU_D,3,39
824,W1,R2,SKU_E,3,107
824,W2,R3,SKU_A,4,223
824,W2,R3,SKU_B,4,109
824,W2,R3,SKU_C,4,120
824,W2,R3,SKU_D,4,85
824,W2,R3,SKU_E,4,83
825,Supplier,W2,SKU_A,6,223
825,Supplier,W2,SKU_B,6,109
825,Supplier,W2,SKU_C,6,120
825,Supplier,W2,SKU_D,6,85
825,Supplier,W2,SKU_E,6,83
825,W1,R2,SKU_A,3,109
825,W1,R2,SKU_C,3,79
825,W1,R2,SKU_D,3,38
825,W2,R3,SKU_A,4,193
825,W2,R3,SKU_B,4,65
825,W2,R3,SKU_C,4,76
825,W2,R3,SKU_D,4,68
825,W2,R3,SKU_E,4,67
826,Supplier,W1,SKU_A,5,432
826,Supplier,W1,SKU_B,5,299
826,Supplier,W1,SKU_C,5,311
826,Supplier,W1,SKU_D,5,201
826,Supplier,W1,SKU_E,5,249
826,Supplier,W2,SKU_A,6,193
826,Supplier,W2,SKU_B,6,65
826,Supplier,W2,SKU_C,6,76
826,Supplier,W2,SKU_D,6,68
826,Supplier,W2,SKU_E,6,67
826,W1,R1,SKU_A,2,252
826,W1,R1,SKU_C,2,200
826,W1,R1,SKU_D,2,107
826,W1,R1,SKU_E,2,102
826,W1,R1,SKU_B,2,137
826,W1,R2,SKU_A,3,121
826,W1,R2,SKU_B,3,131
826,W1,R2,SKU_C,3,78
826,W1,R2,SKU_D,3,41
826,W1,R2,SKU_E,3,146
826,W2,R3,SKU_A,4,202
826,W2,R3,SKU_B,4,73
826,W2,R3,SKU_C,4,117
826,W2,R3,SKU_D,4,105
826,W2,R3,SKU_E,4,100
827,Supplier,W2,SKU_A,6,202
827,Supplier,W2,SKU_B,6,73
827,Supplier,W2,SKU_C,6,117
827,Supplier,W2,SKU_D,6,105
827,Supplier,W2,SKU_E,6,100
827,W1,R1,SKU_A,2,238
827,W1,R1,SKU_B,2,111
827,W1,R1,SKU_C,2,157
827,W1,R1,SKU_D,2,93
827,W1,R1,SKU_E,2,89
827,W1,R2,SKU_A,3,107
827,W1,R2,SKU_B,3,113
827,W1,R2,SKU_C,3,89
827,W1,R2,SKU_D,3,45
827,W1,R2,SKU_E,3,53
827,W2,R3,SKU_A,4,287
827,W2,R3,SKU_B,4,118
827,W2,R3,SKU_C,4,180
827,W2,R3,SKU_D,4,176
827,W2,R3,SKU_E,4,81
828,Supplier,W1,SKU_A,5,607
828,Supplier,W1,SKU_B,5,339
828,Supplier,W1,SKU_C,5,443
828,Supplier,W1,SKU_D,5,241
828,Supplier,W1,SKU_E,5,271
828,Supplier,W2,SKU_A,6,287
828,Supplier,W2,SKU_B,6,118
828,Supplier,W2,SKU_C,6,180
828,Supplier,W2,SKU_D,6,176
828,Supplier,W2,SKU_E,6,81
828,W2,R3,SKU_A,4,234
828,W2,R3,SKU_B,4,86
828,W2,R3,SKU_C,4,152
828,W2,R3,SKU_D,4,123
828,W2,R3,SKU_E,4,81
829,Supplier,W2,SKU_A,6,234
829,Supplier,W2,SKU_B,6,86
829,Supplier,W2,SKU_C,6,152
829,Supplier,W2,SKU_D,6,123
829,Supplier,W2,SKU_E,6,81
829,W1,R1,SKU_A,2,288
829,W1,R1,SKU_C,2,184
829,W1,R1,SKU_D,2,159
829,W1,R1,SKU_E,2,125
829,W1,R1,SKU_B,2,180
829,W1,R2,SKU_A,3,149
829,W1,R2,SKU_D,3,66
829,W1,R2,SKU_B,3,124
829,W1,R2,SKU_C,3,108
829,W1,R2,SKU_E,3,104
829,W2,R3,SKU_A,4,191
829,W2,R3,SKU_B,4,98
829,W2,R3,SKU_C,4,99
829,W2,R3,SKU_D,4,105
829,W2,R3,SKU_E,4,88
830,Supplier,W1,SKU_A,5,437
830,Supplier,W1,SKU_B,5,315
830,Supplier,W1,SKU_C,5,292
830,Supplier,W1,SKU_D,5,225
830,Supplier,W1,SKU_E,5,259
830,Supplier,W2,SKU_A,6,191
830,Supplier,W2,SKU_B,6,98
830,Supplier,W2,SKU_C,6,99
830,Supplier,W2,SKU_D,6,105
830,Supplier,W2,SKU_E,6,88
830,W2,R3,SKU_A,4,182
830,W2,R3,SKU_B,4,84
830,W2,R3,SKU_C,4,119
830,W2,R3,SKU_D,4,91
830,W2,R3,SKU_E,4,66
831,Supplier,W2,SKU_A,6,182
831,Supplier,W2,SKU_B,6,84
831,Supplier,W2,SKU_C,6,119
831,Supplier,W2,SKU_D,6,91
831,Supplier,W2,SKU_E,6,66
831,W1,R1,SKU_A,2,247
831,W1,R1,SKU_C,2,144
831,W1,R1,SKU_D,2,118
831,W1,R1,SKU_B,2,121
831,W1,R1,SKU_E,2,103
831,W1,R2,SKU_A,3,187
831,W1,R2,SKU_D,3,98
831,W1,R2,SKU_B,3,117
831,W1,R2,SKU_C,3,106
831,W1,R2,SKU_E,3,142
831,W2,R3,SKU_A,4,156
831,W2,R3,SKU_B,4,99
831,W2,R3,SKU_C,4,107
831,W2,R3,SKU_D,4,107
831,W2,R3,SKU_E,4,86
832,Supplier,W1,SKU_A,5,434
832,Supplier,W1,SKU_B,5,227
832,Supplier,W1,SKU_C,5,250
832,Supplier,W1,SKU_D,5,216
832,Supplier,W1,SKU_E,5,215
832,Supplier,W2,SKU_A,6,156
832,Supplier,W2,SKU_B,6,99
832,Supplier,W2,SKU_C,6,107
832,Supplier,W2,SKU_D,6,107
832,Supplier,W2,SKU_E,6,86
832,W1,R2,SKU_A,3,118
832,W1,R2,SKU_C,3,18
832,W1,R2,SKU_D,3,59
832,W2,R3,SKU_A,4,171
832,W2,R3,SKU_B,4,77
832,W2,R3,SKU_C,4,71
832,W2,R3,SKU_D,4,99
832,W2,R3,SKU_E,4,90
833,Supplier,W2,SKU_A,6,171
833,Supplier,W2,SKU_B,6,77
833,Supplier,W2,SKU_C,6,71
833,Supplier,W2,SKU_D,6,99
833,Supplier,W2,SKU_E,6,90
833,W1,R1,SKU_A,2,263
833,W1,R1,SKU_B,2,121
833,W1,R1,SKU_C,2,198
833,W1,R1,SKU_D,2,136
833,W1,R1,SKU_E,2,103
833,W1,R2,SKU_A,3,101
833,W1,R2,SKU_B,3,103
833,W1,R2,SKU_C,3,115
833,W1,R2,SKU_D,3,43
833,W1,R2,SKU_E,3,109
833,W2,R3,SKU_A,4,191
833,W2,R3,SKU_B,4,70
833,W2,R3,SKU_C,4,92
833,W2,R3,SKU_D,4,103
833,W2,R3,SKU_E,4,91
834,Supplier,W1,SKU_A,5,482
834,Supplier,W1,SKU_B,5,224
834,Supplier,W1,SKU_C,5,331
834,Supplier,W1,SKU_D,5,238
834,Supplier,W1,SKU_E,5,212
834,Supplier,W2,SKU_A,6,191
834,Supplier,W2,SKU_B,6,70
834,Supplier,W2,SKU_C,6,92
834,Supplier,W2,SKU_D,6,103
834,Supplier,W2,SKU_E,6,91
834,W1,R1,SKU_A,2,174
834,W1,R1,SKU_B,2,103
834,W1,R1,SKU_C,2,154
834,W1,R1,SKU_D,2,102
834,W1,R1,SKU_E,2,63
834,W1,R2,SKU_A,3,160
834,W1,R2,SKU_B,3,73
834,W1,R2,SKU_C,3,66
834,W1,R2,SKU_D,3,44
834,W2,R3,SKU_A,4,266
834,W2,R3,SKU_B,4,110
834,W2,R3,SKU_C,4,172
834,W2,R3,SKU_D,4,155
834,W2,R3,SKU_E,4,101
835,Supplier,W1,SKU_A,5,334
835,Supplier,W1,SKU_B,5,186
835,Supplier,W1,SKU_C,5,279
835,Supplier,W1,SKU_D,5,162
835,Supplier,W1,SKU_E,5,165
835,Supplier,W2,SKU_A,6,266
835,Supplier,W2,SKU_B,6,110
835,Supplier,W2,SKU_C,6,172
835,Supplier,W2,SKU_D,6,155
835,Supplier,W2,SKU_E,6,101
835,W1,R1,SKU_A,2,220
835,W1,R1,SKU_B,2,92
835,W1,R1,SKU_C,2,131
835,W1,R1,SKU_D,2,89
835,W1,R1,SKU_E,2,92
835,W1,R2,SKU_A,3,118
835,W1,R2,SKU_B,3,69
835,W1,R2,SKU_C,3,145
835,W1,R2,SKU_D,3,77
835,W1,R2,SKU_E,3,155
835,W2,R3,SKU_A,4,278
835,W2,R3,SKU_B,4,68
835,W2,R3,SKU_C,4,141
835,W2,R3,SKU_D,4,132
835,W2,R3,SKU_E,4,93
836,Supplier,W1,SKU_A,5,338
836,Supplier,W1,SKU_B,5,151
836,Supplier,W1,SKU_C,5,217
836,Supplier,W1,SKU_D,5,150
836,Supplier,W1,SKU_E,5,145
836,Supplier,W2,SKU_A,6,278
836,Supplier,W2,SKU_B,6,68
836,Supplier,W2,SKU_C,6,141
836,Supplier,W2,SKU_D,6,132
836,Supplier,W2,SKU_E,6,93
836,W2,R3,SKU_A,4,196
836,W2,R3,SKU_B,4,95
836,W2,R3,SKU_C,4,107
836,W2,R3,SKU_D,4,97
836,W2,R3,SKU_E,4,66
837,Supplier,W2,SKU_A,6,196
837,Supplier,W2,SKU_B,6,95
837,Supplier,W2,SKU_C,6,107
837,Supplier,W2,SKU_D,6,97
837,Supplier,W2,SKU_E,6,66
837,W1,R1,SKU_A,2,259
837,W1,R1,SKU_B,2,147
837,W1,R1,SKU_C,2,169
837,W1,R1,SKU_D,2,126
837,W1,R1,SKU_E,2,104
837,W1,R2,SKU_A,3,216
837,W1,R2,SKU_B,3,117
837,W1,R2,SKU_C,3,97
837,W1,R2,SKU_D,3,98
837,W1,R2,SKU_E,3,103
837,W2,R3,SKU_A,4,182
837,W2,R3,SKU_B,4,81
837,W2,R3,SKU_C,4,109
837,W2,R3,SKU_D,4,91
837,W2,R3,SKU_E,4,84
838,Supplier,W1,SKU_A,5,475
838,Supplier,W1,SKU_B,5,264
838,Supplier,W1,SKU_C,5,284
838,Supplier,W1,SKU_D,5,224
838,Supplier,W1,SKU_E,5,207
838,Supplier,W2,SKU_A,6,182
838,Supplier,W2,SKU_B,6,81
838,Supplier,W2,SKU_C,6,109
838,Supplier,W2,SKU_D,6,91
838,Supplier,W2,SKU_E,6,84
838,W2,R3,SKU_A,4,145
838,W2,R3,SKU_B,4,107
838,W2,R3,SKU_C,4,81
838,W2,R3,SKU_D,4,87
838,W2,R3,SKU_E,4,91
839,Supplier,W2,SKU_A,6,145
839,Supplier,W2,SKU_B,6,107
839,Supplier,W2,SKU_C,6,81
839,Supplier,W2,SKU_D,6,87
839,Supplier,W2,SKU_E,6,91
839,W1,R1,SKU_A,2,248
839,W1,R1,SKU_B,2,130
839,W1,R1,SKU_D,2,109
839,W1,R1,SKU_E,2,113
839,W1,R1,SKU_C,2,154
839,W1,R2,SKU_B,3,66
839,W1,R2,SKU_A,3,193
839,W1,R2,SKU_C,3,103
839,W1,R2,SKU_D,3,85
839,W1,R2,SKU_E,3,119
839,W2,R3,SKU_A,4,180
839,W2,R3,SKU_B,4,64
839,W2,R3,SKU_C,4,120
839,W2,R3,SKU_D,4,104
839,W2,R3,SKU_E,4,87
840,Supplier,W1,SKU_A,5,441
840,Supplier,W1,SKU_B,5,196
840,Supplier,W1,SKU_C,5,239
840,Supplier,W1,SKU_D,5,194
840,Supplier,W1,SKU_E,5,234
840,Supplier,W2,SKU_A,6,180
840,Supplier,W2,SKU_B,6,64
840,Supplier,W2,SKU_C,6,120
840,Supplier,W2,SKU_D,6,104
840,Supplier,W2,SKU_E,6,87
840,W1,R1,SKU_A,2,134
840,W1,R1,SKU_B,2,94
840,W1,R1,SKU_C,2,97
840,W1,R1,SKU_D,2,71
840,W1,R1,SKU_E,2,61
840,W1,R2,SKU_A,3,117
840,W1,R2,SKU_B,3,43
840,W1,R2,SKU_C,3,66
840,W1,R2,SKU_D,3,45
840,W1,R2,SKU_E,3,64
840,W2,R3,SKU_A,4,199
840,W2,R3,SKU_B,4,93
840,W2,R3,SKU_C,4,116
840,W2,R3,SKU_D,4,103
840,W2,R3,SKU_E,4,87
841,Supplier,W2,SKU_A,6,199
841,Supplier,W2,SKU_B,6,93
841,Supplier,W2,SKU_C,6,116
841,Supplier,W2,SKU_D,6,103
841,Supplier,W2,SKU_E,6,87
841,W1,R1,SKU_A,2,181
841,W1,R1,SKU_B,2,122
841,W1,R1,SKU_C,2,147
841,W1,R1,SKU_D,2,100
841,W1,R1,SKU_E,2,86
841,W1,R2,SKU_A,3,106
841,W1,R2,SKU_B,3,75
841,W1,R2,SKU_C,3,71
841,W1,R2,SKU_D,3,54
841,W1,R2,SKU_E,3,60
841,W2,R3,SKU_A,4,264
841,W2,R3,SKU_B,4,131
841,W2,R3,SKU_C,4,216
841,W2,R3,SKU_D,4,154
841,W2,R3,SKU_E,4,126
842,Supplier,W1,SKU_A,5,538
842,Supplier,W1,SKU_B,5,334
842,Supplier,W1,SKU_C,5,381
842,Supplier,W1,SKU_D,5,270
842,Supplier,W1,SKU_E,5,269
842,Supplier,W2,SKU_A,6,264
842,Supplier,W2,SKU_B,6,133
842,Supplier,W2,SKU_C,6,216
842,Supplier,W2,SKU_D,6,154
842,Supplier,W2,SKU_E,6,126
842,W1,R1,SKU_A,2,176
842,W1,R1,SKU_B,2,126
842,W1,R1,SKU_C,2,154
842,W1,R1,SKU_D,2,91
842,W1,R1,SKU_E,2,39
842,W1,R2,SKU_A,3,102
842,W1,R2,SKU_B,3,22
842,W1,R2,SKU_C,3,35
842,W1,R2,SKU_D,3,46
842,W2,R3,SKU_A,4,265
842,W2,R3,SKU_B,4,68
842,W2,R3,SKU_C,4,174
842,W2,R3,SKU_D,4,164
842,W2,R3,SKU_E,4,107
843,Supplier,W1,SKU_A,5,278
843,Supplier,W1,SKU_B,5,192
843,Supplier,W1,SKU_C,5,224
843,Supplier,W1,SKU_D,5,152
843,Supplier,W1,SKU_E,5,147
843,Supplier,W2,SKU_A,6,265
843,Supplier,W2,SKU_B,6,111
843,Supplier,W2,SKU_C,6,174
843,Supplier,W2,SKU_D,6,164
843,Supplier,W2,SKU_E,6,111
843,W1,R1,SKU_A,2,134
843,W1,R1,SKU_B,2,77
843,W1,R1,SKU_C,2,87
843,W1,R1,SKU_D,2,61
843,W1,R1,SKU_E,2,105
843,W1,R2,SKU_A,3,117
843,W1,R2,SKU_B,3,137
843,W1,R2,SKU_C,3,100
843,W1,R2,SKU_D,3,51
843,W1,R2,SKU_E,3,102
843,W2,R3,SKU_A,4,199
843,W2,R3,SKU_B,4,95
843,W2,R3,SKU_C,4,118
843,W2,R3,SKU_D,4,110
843,W2,R3,SKU_E,4,66
844,Supplier,W2,SKU_A,6,199
844,Supplier,W2,SKU_B,6,122
844,Supplier,W2,SKU_C,6,118
844,Supplier,W2,SKU_D,6,110
844,Supplier,W2,SKU_E,6,93
844,W1,R2,SKU_A,3,103
844,W1,R2,SKU_C,3,26
844,W1,R2,SKU_D,3,36
844,W2,R3,SKU_A,4,174
844,W2,R3,SKU_B,4,81
844,W2,R3,SKU_C,4,108
844,W2,R3,SKU_D,4,100
844,W2,R3,SKU_E,4,84
845,Supplier,W1,SKU_A,5,463
845,Supplier,W1,SKU_B,5,297
845,Supplier,W1,SKU_C,5,271
845,Supplier,W1,SKU_D,5,192
845,Supplier,W1,SKU_E,5,275
845,Supplier,W2,SKU_A,6,174
845,Supplier,W2,SKU_B,6,101
845,Supplier,W2,SKU_C,6,108
845,Supplier,W2,SKU_D,6,100
845,Supplier,W2,SKU_E,6,88
845,W1,R1,SKU_A,2,224
845,W1,R1,SKU_B,2,119
845,W1,R1,SKU_C,2,154
845,W1,R1,SKU_D,2,107
845,W1,R1,SKU_E,2,95
845,W1,R2,SKU_A,3,72
845,W1,R2,SKU_B,3,98
845,W1,R2,SKU_C,3,67
845,W1,R2,SKU_D,3,21
845,W1,R2,SKU_E,3,139
845,W2,R3,SKU_A,4,175
845,W2,R3,SKU_B,4,107
845,W2,R3,SKU_C,4,96
845,W2,R3,SKU_D,4,74
845,W2,R3,SKU_E,4,90
846,Supplier,W2,SKU_A,6,175
846,Supplier,W2,SKU_B,6,76
846,Supplier,W2,SKU_C,6,96
846,Supplier,W2,SKU_D,6,74
846,Supplier,W2,SKU_E,6,55
846,W2,R3,SKU_A,4,180
846,W2,R3,SKU_B,4,64
846,W2,R3,SKU_C,4,108
846,W2,R3,SKU_D,4,87
846,W2,R3,SKU_E,4,75
847,Supplier,W1,SKU_A,5,421
847,Supplier,W1,SKU_B,5,180
847,Supplier,W1,SKU_C,5,260
847,Supplier,W1,SKU_D,5,176
847,Supplier,W1,SKU_E,5,180
847,Supplier,W2,SKU_A,6,180
847,Supplier,W2,SKU_B,6,78
847,Supplier,W2,SKU_C,6,108
847,Supplier,W2,SKU_D,6,87
847,Supplier,W2,SKU_E,6,75
847,W1,R1,SKU_A,2,257
847,W1,R1,SKU_B,2,115
847,W1,R1,SKU_C,2,183
847,W1,R1,SKU_D,2,123
847,W1,R1,SKU_E,2,92
847,W1,R2,SKU_A,3,220
847,W1,R2,SKU_C,3,96
847,W1,R2,SKU_D,3,72
847,W1,R2,SKU_B,3,89
847,W1,R2,SKU_E,3,136
847,W2,R3,SKU_A,4,193
847,W2,R3,SKU_B,4,93
847,W2,R3,SKU_C,4,130
847,W2,R3,SKU_D,4,98
847,W2,R3,SKU_E,4,78
848,Supplier,W2,SKU_A,6,193
848,Supplier,W2,SKU_B,6,104
848,Supplier,W2,SKU_C,6,130
848,Supplier,W2,SKU_D,6,98
848,Supplier,W2,SKU_E,6,78
848,W1,R1,SKU_A,2,172
848,W1,R1,SKU_B,2,102
848,W1,R1,SKU_C,2,98
848,W1,R1,SKU_D,2,80
848,W1,R1,SKU_E,2,73
848,W1,R2,SKU_A,3,105
848,W1,R2,SKU_B,3,53
848,W1,R2,SKU_C,3,68
848,W1,R2,SKU_D,3,38
848,W1,R2,SKU_E,3,44
848,W2,R3,SKU_A,4,244
848,W2,R3,SKU_B,4,133
848,W2,R3,SKU_C,4,177
848,W2,R3,SKU_D,4,137
848,W2,R3,SKU_E,4,107
849,Supplier,W1,SKU_A,5,520
849,Supplier,W1,SKU_B,5,269
849,Supplier,W1,SKU_C,5,313
849,Supplier,W1,SKU_D,5,206
849,Supplier,W1,SKU_E,5,223
849,Supplier,W2,SKU_A,6,244
849,Supplier,W2,SKU_B,6,140
849,Supplier,W2,SKU_C,6,177
849,Supplier,W2,SKU_D,6,137
849,Supplier,W2,SKU_E,6,107
849,W1,R1,SKU_A,2,141
849,W1,R1,SKU_B,2,82
849,W1,R1,SKU_C,2,123
849,W1,R1,SKU_D,2,77
849,W1,R1,SKU_E,2,60
849,W1,R2,SKU_A,3,100
849,W1,R2,SKU_B,3,54
849,W1,R2,SKU_C,3,52
849,W1,R2,SKU_D,3,51
849,W1,R2,SKU_E,3,11
849,W2,R3,SKU_A,4,255
849,W2,R3,SKU_B,4,111
849,W2,R3,SKU_C,4,186
849,W2,R3,SKU_D,4,132
849,W2,R3,SKU_E,4,87
850,Supplier,W2,SKU_A,6,255
850,Supplier,W2,SKU_B,6,101
850,Supplier,W2,SKU_C,6,186
850,Supplier,W2,SKU_D,6,132
850,Supplier,W2,SKU_E,6,87
850,W1,R1,SKU_A,2,121
850,W1,R1,SKU_B,2,88
850,W1,R1,SKU_C,2,103
850,W1,R1,SKU_D,2,62
850,W1,R1,SKU_E,2,52
850,W1,R2,SKU_A,3,99
850,W1,R2,SKU_B,3,42
850,W1,R2,SKU_C,3,49
850,W1,R2,SKU_D,3,40
850,W1,R2,SKU_E,3,85
850,W2,R3,SKU_A,4,250
850,W2,R3,SKU_B,4,122
850,W2,R3,SKU_C,4,154
850,W2,R3,SKU_D,4,123
850,W2,R3,SKU_E,4,72
851,Supplier,W1,SKU_A,5,461
851,Supplier,W1,SKU_B,5,266
851,Supplier,W1,SKU_C,5,327
851,Supplier,W1,SKU_D,5,230
851,Supplier,W1,SKU_E,5,208
851,Supplier,W2,SKU_A,6,250
851,Supplier,W2,SKU_B,6,86
851,Supplier,W2,SKU_C,6,154
851,Supplier,W2,SKU_D,6,123
851,Supplier,W2,SKU_E,6,72
851,W1,R2,SKU_A,3,86
851,W1,R2,SKU_B,3,39
851,W1,R2,SKU_C,3,43
851,W1,R2,SKU_D,3,32
851,W1,R2,SKU_E,3,44
851,W2,R3,SKU_A,4,169
851,W2,R3,SKU_B,4,101
851,W2,R3,SKU_C,4,94
851,W2,R3,SKU_D,4,89
851,W2,R3,SKU_E,4,69
852,Supplier,W2,SKU_A,6,169
852,Supplier,W2,SKU_B,6,66
852,Supplier,W2,SKU_C,6,94
852,Supplier,W2,SKU_D,6,89
852,Supplier,W2,SKU_E,6,69
852,W1,R1,SKU_A,2,242
852,W1,R1,SKU_B,2,94
852,W1,R1,SKU_C,2,140
852,W1,R1,SKU_D,2,96
852,W1,R1,SKU_E,2,88
852,W1,R2,SKU_A,3,81
852,W1,R2,SKU_B,3,33
852,W1,R2,SKU_C,3,35
852,W1,R2,SKU_D,3,23
852,W1,R2,SKU_E,3,52
852,W2,R3,SKU_A,4,155
852,W2,R3,SKU_B,4,76
852,W2,R3,SKU_C,4,83
852,W2,R3,SKU_D,4,91
852,W2,R3,SKU_E,4,80
853,Supplier,W1,SKU_A,5,409
853,Supplier,W1,SKU_B,5,166
853,Supplier,W1,SKU_C,5,218
853,Supplier,W1,SKU_D,5,151
853,Supplier,W1,SKU_E,5,184
853,Supplier,W2,SKU_A,6,155
853,Supplier,W2,SKU_B,6,72
853,Supplier,W2,SKU_C,6,83
853,Supplier,W2,SKU_D,6,91
853,Supplier,W2,SKU_E,6,80
853,W1,R2,SKU_A,3,71
853,W1,R2,SKU_B,3,54
853,W1,R2,SKU_C,3,49
853,W1,R2,SKU_D,3,31
853,W1,R2,SKU_E,3,45
853,W2,R3,SKU_A,4,184
853,W2,R3,SKU_B,4,78
853,W2,R3,SKU_C,4,107
853,W2,R3,SKU_D,4,99
853,W2,R3,SKU_E,4,100
854,Supplier,W2,SKU_A,6,184
854,Supplier,W2,SKU_B,6,102
854,Supplier,W2,SKU_C,6,107
854,Supplier,W2,SKU_D,6,99
854,Supplier,W2,SKU_E,6,100
854,W1,R1,SKU_A,2,247
854,W1,R1,SKU_B,2,163
854,W1,R1,SKU_C,2,152
854,W1,R1,SKU_D,2,123
854,W1,R1,SKU_E,2,122
854,W1,R2,SKU_A,3,126
854,W1,R2,SKU_B,3,77
854,W1,R2,SKU_C,3,90
854,W1,R2,SKU_D,3,41
854,W1,R2,SKU_E,3,72
854,W2,R3,SKU_A,4,243
854,W2,R3,SKU_B,4,104
854,W2,R3,SKU_C,4,157
854,W2,R3,SKU_D,4,117
854,W2,R3,SKU_E,4,100
855,Supplier,W1,SKU_A,5,444
855,Supplier,W1,SKU_B,5,294
855,Supplier,W1,SKU_C,5,291
855,Supplier,W1,SKU_D,5,195
855,Supplier,W1,SKU_E,5,239
855,Supplier,W2,SKU_A,6,243
855,Supplier,W2,SKU_B,6,108
855,Supplier,W2,SKU_C,6,157
855,Supplier,W2,SKU_D,6,117
855,Supplier,W2,SKU_E,6,100
855,W1,R1,SKU_A,2,252
855,W1,R1,SKU_B,2,166
855,W1,R1,SKU_C,2,142
855,W1,R1,SKU_D,2,99
855,W1,R1,SKU_E,2,108
855,W1,R2,SKU_A,3,144
855,W1,R2,SKU_B,3,50
855,W1,R2,SKU_C,3,115
855,W1,R2,SKU_D,3,55
855,W1,R2,SKU_E,3,10
855,W2,R3,SKU_A,4,292
855,W2,R3,SKU_B,4,140
855,W2,R3,SKU_C,4,203
855,W2,R3,SKU_D,4,195
855,W2,R3,SKU_E,4,98
856,Supplier,W1,SKU_A,5,396
856,Supplier,W1,SKU_B,5,276
856,Supplier,W1,SKU_C,5,264
856,Supplier,W1,SKU_D,5,154
856,Supplier,W1,SKU_E,5,182
856,Supplier,W2,SKU_A,6,292
856,Supplier,W2,SKU_B,6,136
856,Supplier,W2,SKU_C,6,203
856,Supplier,W2,SKU_D,6,195
856,Supplier,W2,SKU_E,6,98
856,W1,R1,SKU_A,2,161
856,W1,R1,SKU_B,2,110
856,W1,R1,SKU_C,2,122
856,W1,R1,SKU_D,2,87
856,W1,R1,SKU_E,2,57
856,W1,R2,SKU_A,3,151
856,W1,R2,SKU_B,3,153
856,W1,R2,SKU_C,3,109
856,W1,R2,SKU_D,3,50
856,W1,R2,SKU_E,3,150
856,W2,R3,SKU_A,4,238
856,W2,R3,SKU_B,4,101
856,W2,R3,SKU_C,4,124
856,W2,R3,SKU_D,4,133
856,W2,R3,SKU_E,4,81
857,Supplier,W1,SKU_A,5,312
857,Supplier,W1,SKU_B,5,203
857,Supplier,W1,SKU_C,5,224
857,Supplier,W1,SKU_D,5,137
857,Supplier,W1,SKU_E,5,143
857,Supplier,W2,SKU_A,6,238
857,Supplier,W2,SKU_B,6,107
857,Supplier,W2,SKU_C,6,124
857,Supplier,W2,SKU_D,6,133
857,Supplier,W2,SKU_E,6,81
857,W2,R3,SKU_A,4,242
857,W2,R3,SKU_B,4,86
857,W2,R3,SKU_C,4,142
857,W2,R3,SKU_D,4,119
857,W2,R3,SKU_E,4,95
858,Supplier,W2,SKU_A,6,242
858,Supplier,W2,SKU_B,6,84
858,Supplier,W2,SKU_C,6,142
858,Supplier,W2,SKU_D,6,119
858,Supplier,W2,SKU_E,6,95
858,W1,R1,SKU_A,2,290
858,W1,R1,SKU_B,2,155
858,W1,R1,SKU_C,2,151
858,W1,R1,SKU_D,2,128
858,W1,R1,SKU_E,2,118
858,W1,R2,SKU_A,3,223
858,W1,R2,SKU_C,3,135
858,W1,R2,SKU_D,3,103
858,W1,R2,SKU_B,3,14
858,W1,R2,SKU_E,3,67
858,W2,R3,SKU_A,4,189
858,W2,R3,SKU_B,4,66
858,W2,R3,SKU_C,4,138
858,W2,R3,SKU_D,4,102
858,W2,R3,SKU_E,4,86
859,Supplier,W1,SKU_A,5,513
859,Supplier,W1,SKU_B,5,260
859,Supplier,W1,SKU_C,5,286
859,Supplier,W1,SKU_D,5,231
859,Supplier,W1,SKU_E,5,264
859,Supplier,W2,SKU_A,6,189
859,Supplier,W2,SKU_B,6,104
859,Supplier,W2,SKU_C,6,138
859,Supplier,W2,SKU_D,6,102
859,Supplier,W2,SKU_E,6,86
859,W2,R3,SKU_A,4,206
859,W2,R3,SKU_B,4,72
859,W2,R3,SKU_C,4,136
859,W2,R3,SKU_D,4,93
859,W2,R3,SKU_E,4,88
860,Supplier,W2,SKU_A,6,206
860,Supplier,W2,SKU_B,6,106
860,Supplier,W2,SKU_C,6,136
860,Supplier,W2,SKU_D,6,93
860,Supplier,W2,SKU_E,6,91
860,W1,R1,SKU_A,2,275
860,W1,R1,SKU_C,2,169
860,W1,R1,SKU_D,2,167
860,W1,R1,SKU_B,2,142
860,W1,R1,SKU_E,2,110
860,W1,R2,SKU_D,3,70
860,W1,R2,SKU_A,3,168
860,W1,R2,SKU_B,3,152
860,W1,R2,SKU_C,3,129
860,W1,R2,SKU_E,3,129
860,W2,R3,SKU_A,4,217
860,W2,R3,SKU_B,4,102
860,W2,R3,SKU_C,4,124
860,W2,R3,SKU_D,4,129
860,W2,R3,SKU_E,4,74
861,Supplier,W1,SKU_A,5,443
861,Supplier,W1,SKU_B,5,266
861,Supplier,W1,SKU_C,5,298
861,Supplier,W1,SKU_D,5,237
861,Supplier,W1,SKU_E,5,219
861,Supplier,W2,SKU_A,6,217
861,Supplier,W2,SKU_B,6,99
861,Supplier,W2,SKU_C,6,124
861,Supplier,W2,SKU_D,6,129
861,Supplier,W2,SKU_E,6,71
861,W1,R1,SKU_A,2,137
861,W1,R1,SKU_B,2,100
861,W1,R1,SKU_C,2,127
861,W1,R1,SKU_D,2,80
861,W1,R1,SKU_E,2,62
861,W1,R2,SKU_A,3,143
861,W1,R2,SKU_B,3,137
861,W1,R2,SKU_C,3,125
861,W1,R2,SKU_D,3,78
861,W1,R2,SKU_E,3,120
861,W2,R3,SKU_A,4,221
861,W2,R3,SKU_B,4,108
861,W2,R3,SKU_C,4,150
861,W2,R3,SKU_D,4,124
861,W2,R3,SKU_E,4,82
862,Supplier,W1,SKU_A,5,280
862,Supplier,W1,SKU_B,5,174
862,Supplier,W1,SKU_C,5,252
862,Supplier,W1,SKU_D,5,158
862,Supplier,W1,SKU_E,5,130
862,Supplier,W2,SKU_A,6,221
862,Supplier,W2,SKU_B,6,96
862,Supplier,W2,SKU_C,6,150
862,Supplier,W2,SKU_D,6,124
862,Supplier,W2,SKU_E,6,82
862,W1,R1,SKU_A,2,179
862,W1,R1,SKU_B,2,146
862,W1,R1,SKU_C,2,157
862,W1,R1,SKU_D,2,103
862,W1,R1,SKU_E,2,109
862,W1,R2,SKU_A,3,161
862,W1,R2,SKU_B,3,96
862,W1,R2,SKU_C,3,100
862,W1,R2,SKU_D,3,68
862,W1,R2,SKU_E,3,34
862,W2,R3,SKU_A,4,284
862,W2,R3,SKU_B,4,136
862,W2,R3,SKU_C,4,209
862,W2,R3,SKU_D,4,149
862,W2,R3,SKU_E,4,99
863,Supplier,W1,SKU_A,5,340
863,Supplier,W1,SKU_B,5,245
863,Supplier,W1,SKU_C,5,289
863,Supplier,W1,SKU_D,5,171
863,Supplier,W1,SKU_E,5,183
863,Supplier,W2,SKU_A,6,284
863,Supplier,W2,SKU_B,6,105
863,Supplier,W2,SKU_C,6,209
863,Supplier,W2,SKU_D,6,149
863,Supplier,W2,SKU_E,6,99
863,W2,R3,SKU_A,4,256
863,W2,R3,SKU_B,4,107
863,W2,R3,SKU_C,4,113
863,W2,R3,SKU_D,4,153
863,W2,R3,SKU_E,4,91
864,Supplier,W1,SKU_A,5,321
864,Supplier,W1,SKU_B,5,158
864,Supplier,W1,SKU_C,5,229
864,Supplier,W1,SKU_D,5,135
864,Supplier,W1,SKU_E,5,146
864,Supplier,W2,SKU_A,6,256
864,Supplier,W2,SKU_B,6,97
864,Supplier,W2,SKU_C,6,113
864,Supplier,W2,SKU_D,6,153
864,Supplier,W2,SKU_E,6,91
864,W1,R1,SKU_A,2,334
864,W1,R1,SKU_D,2,153
864,W1,R1,SKU_B,2,167
864,W1,R1,SKU_C,2,280
864,W1,R1,SKU_E,2,124
864,W1,R2,SKU_A,3,242
864,W1,R2,SKU_B,3,93
864,W1,R2,SKU_C,3,6
864,W1,R2,SKU_D,3,90
864,W1,R2,SKU_E,3,140
864,W2,R3,SKU_A,4,206
864,W2,R3,SKU_B,4,84
864,W2,R3,SKU_C,4,96
864,W2,R3,SKU_D,4,111
864,W2,R3,SKU_E,4,76
865,Supplier,W2,SKU_A,6,206
865,Supplier,W2,SKU_B,6,80
865,Supplier,W2,SKU_C,6,96
865,Supplier,W2,SKU_D,6,111
865,Supplier,W2,SKU_E,6,76
865,W2,R3,SKU_A,4,218
865,W2,R3,SKU_B,4,104
865,W2,R3,SKU_C,4,79
865,W2,R3,SKU_D,4,83
865,W2,R3,SKU_E,4,96
866,Supplier,W1,SKU_A,5,493
866,Supplier,W1,SKU_B,5,257
866,Supplier,W1,SKU_C,5,348
866,Supplier,W1,SKU_D,5,253
866,Supplier,W1,SKU_E,5,232
866,Supplier,W2,SKU_A,6,218
866,Supplier,W2,SKU_B,6,102
866,Supplier,W2,SKU_C,6,79
866,Supplier,W2,SKU_D,6,83
866,Supplier,W2,SKU_E,6,96
866,W1,R1,SKU_A,2,291
866,W1,R1,SKU_D,2,159
866,W1,R1,SKU_B,2,102
866,W1,R1,SKU_C,2,231
866,W1,R1,SKU_E,2,108
866,W1,R2,SKU_A,3,203
866,W1,R2,SKU_B,3,153
866,W1,R2,SKU_C,3,67
866,W1,R2,SKU_D,3,94
866,W1,R2,SKU_E,3,111
866,W2,R3,SKU_A,4,180
866,W2,R3,SKU_B,4,106
866,W2,R3,SKU_C,4,92
866,W2,R3,SKU_D,4,94
866,W2,R3,SKU_E,4,91
867,Supplier,W2,SKU_A,6,180
867,Supplier,W2,SKU_B,6,83
867,Supplier,W2,SKU_C,6,92
867,Supplier,W2,SKU_D,6,94
867,Supplier,W2,SKU_E,6,91
867,W1,R1,SKU_A,2,153
867,W1,R1,SKU_B,2,74
867,W1,R1,SKU_C,2,134
867,W1,R1,SKU_D,2,85
867,W1,R1,SKU_E,2,64
867,W1,R2,SKU_A,3,90
867,W1,R2,SKU_B,3,52
867,W1,R2,SKU_C,3,118
867,W1,R2,SKU_D,3,41
867,W1,R2,SKU_E,3,66
867,W2,R3,SKU_A,4,238
867,W2,R3,SKU_B,4,99
867,W2,R3,SKU_C,4,130
867,W2,R3,SKU_D,4,114
867,W2,R3,SKU_E,4,81
868,Supplier,W1,SKU_A,5,499
868,Supplier,W1,SKU_B,5,223
868,Supplier,W1,SKU_C,5,383
868,Supplier,W1,SKU_D,5,234
868,Supplier,W1,SKU_E,5,209
868,Supplier,W2,SKU_A,6,238
868,Supplier,W2,SKU_B,6,100
868,Supplier,W2,SKU_C,6,130
868,Supplier,W2,SKU_D,6,114
868,Supplier,W2,SKU_E,6,81
868,W1,R1,SKU_A,2,168
868,W1,R1,SKU_B,2,90
868,W1,R1,SKU_C,2,160
868,W1,R1,SKU_D,2,80
868,W1,R1,SKU_E,2,70
868,W1,R2,SKU_A,3,108
868,W1,R2,SKU_B,3,95
868,W1,R2,SKU_C,3,129
868,W1,R2,SKU_D,3,49
868,W1,R2,SKU_E,3,93
868,W2,R3,SKU_A,4,265
868,W2,R3,SKU_B,4,96
868,W2,R3,SKU_C,4,180
868,W2,R3,SKU_D,4,140
868,W2,R3,SKU_E,4,107
869,Supplier,W1,SKU_A,5,276
869,Supplier,W1,SKU_B,5,185
869,Supplier,W1,SKU_C,5,250
869,Supplier,W1,SKU_D,5,129
869,Supplier,W1,SKU_E,5,142
869,Supplier,W2,SKU_A,6,265
869,Supplier,W2,SKU_B,6,127
869,Supplier,W2,SKU_C,6,180
869,Supplier,W2,SKU_D,6,140
869,Supplier,W2,SKU_E,6,107
869,W1,R1,SKU_A,2,218
869,W1,R1,SKU_B,2,130
869,W1,R1,SKU_C,2,171
869,W1,R1,SKU_D,2,97
869,W1,R1,SKU_E,2,100
869,W1,R2,SKU_A,3,107
869,W1,R2,SKU_B,3,80
869,W1,R2,SKU_C,3,58
869,W1,R2,SKU_D,3,46
869,W1,R2,SKU_E,3,55
869,W2,R3,SKU_A,4,337
869,W2,R3,SKU_B,4,105
869,W2,R3,SKU_C,4,222
869,W2,R3,SKU_D,4,194
869,W2,R3,SKU_E,4,106
870,Supplier,W1,SKU_A,5,325
870,Supplier,W1,SKU_B,5,210
870,Supplier,W1,SKU_C,5,246
870,Supplier,W1,SKU_D,5,143
870,Supplier,W1,SKU_E,5,155
870,Supplier,W2,SKU_A,6,337
870,Supplier,W2,SKU_B,6,156
870,Supplier,W2,SKU_C,6,222
870,Supplier,W2,SKU_D,6,194
870,Supplier,W2,SKU_E,6,107
870,W2,R3,SKU_A,4,290
870,W2,R3,SKU_B,4,97
870,W2,R3,SKU_C,4,162
870,W2,R3,SKU_D,4,159
870,W2,R3,SKU_E,4,91
871,Supplier,W1,SKU_A,5,288
871,Supplier,W1,SKU_B,5,197
871,Supplier,W1,SKU_C,5,212
871,Supplier,W1,SKU_D,5,141
871,Supplier,W1,SKU_E,5,136
871,Supplier,W2,SKU_A,6,290
871,Supplier,W2,SKU_B,6,168
871,Supplier,W2,SKU_C,6,162
871,Supplier,W2,SKU_D,6,159
871,Supplier,W2,SKU_E,6,101
871,W1,R1,SKU_A,2,294
871,W1,R1,SKU_B,2,202
871,W1,R1,SKU_D,2,160
871,W1,R1,SKU_E,2,146
871,W1,R1,SKU_C,2,252
871,W1,R2,SKU_A,3,217
871,W1,R2,SKU_B,3,122
871,W1,R2,SKU_C,3,96
871,W1,R2,SKU_D,3,86
871,W1,R2,SKU_E,3,97
871,W2,R3,SKU_A,4,209
871,W2,R3,SKU_B,4,80
871,W2,R3,SKU_C,4,145
871,W2,R3,SKU_D,4,65
871,W2,R3,SKU_E,4,76
872,Supplier,W2,SKU_A,6,209
872,Supplier,W2,SKU_B,6,82
872,Supplier,W2,SKU_C,6,145
872,Supplier,W2,SKU_D,6,65
872,Supplier,W2,SKU_E,6,78
872,W2,R3,SKU_A,4,163
872,W2,R3,SKU_B,4,102
872,W2,R3,SKU_C,4,114
872,W2,R3,SKU_D,4,57
872,W2,R3,SKU_E,4,65
873,Supplier,W1,SKU_A,5,464
873,Supplier,W1,SKU_B,5,255
873,Supplier,W1,SKU_C,5,281
873,Supplier,W1,SKU_D,5,186
873,Supplier,W1,SKU_E,5,197
873,Supplier,W2,SKU_A,6,163
873,Supplier,W2,SKU_B,6,85
873,Supplier,W2,SKU_C,6,114
873,Supplier,W2,SKU_D,6,57
873,Supplier,W2,SKU_E,6,52
873,W1,R1,SKU_A,2,248
873,W1,R1,SKU_D,2,118
873,W1,R1,SKU_B,2,123
873,W1,R1,SKU_C,2,173
873,W1,R1,SKU_E,2,87
873,W1,R2,SKU_D,3,68
873,W1,R2,SKU_A,3,181
873,W1,R2,SKU_B,3,100
873,W1,R2,SKU_C,3,210
873,W1,R2,SKU_E,3,84
873,W2,R3,SKU_A,4,171
873,W2,R3,SKU_B,4,83
873,W2,R3,SKU_C,4,112
873,W2,R3,SKU_D,4,80
873,W2,R3,SKU_E,4,81
874,Supplier,W2,SKU_A,6,171
874,Supplier,W2,SKU_B,6,75
874,Supplier,W2,SKU_C,6,112
874,Supplier,W2,SKU_D,6,80
874,Supplier,W2,SKU_E,6,81
874,W1,R1,SKU_A,2,131
874,W1,R1,SKU_B,2,78
874,W1,R1,SKU_C,2,123
874,W1,R1,SKU_D,2,78
874,W1,R1,SKU_E,2,54
874,W1,R2,SKU_A,3,98
874,W1,R2,SKU_B,3,96
874,W1,R2,SKU_C,3,103
874,W1,R2,SKU_D,3,43
874,W1,R2,SKU_E,3,44
874,W2,R3,SKU_A,4,191
874,W2,R3,SKU_B,4,100
874,W2,R3,SKU_C,4,132
874,W2,R3,SKU_D,4,134
874,W2,R3,SKU_E,4,71
875,Supplier,W1,SKU_A,5,417
875,Supplier,W1,SKU_B,5,269
875,Supplier,W1,SKU_C,5,330
875,Supplier,W1,SKU_D,5,226
875,Supplier,W1,SKU_E,5,179
875,Supplier,W2,SKU_A,6,191
875,Supplier,W2,SKU_B,6,92
875,Supplier,W2,SKU_C,6,136
875,Supplier,W2,SKU_D,6,134
875,Supplier,W2,SKU_E,6,71
875,W1,R1,SKU_A,2,165
875,W1,R1,SKU_B,2,79
875,W1,R1,SKU_C,2,136
875,W1,R1,SKU_D,2,83
875,W1,R1,SKU_E,2,63
875,W1,R2,SKU_A,3,104
875,W1,R2,SKU_B,3,54
875,W1,R2,SKU_C,3,55
875,W1,R2,SKU_D,3,40
875,W1,R2,SKU_E,3,59
875,W2,R3,SKU_A,4,214
875,W2,R3,SKU_B,4,127
875,W2,R3,SKU_C,4,143
875,W2,R3,SKU_D,4,124
875,W2,R3,SKU_E,4,96
876,Supplier,W2,SKU_A,6,214
876,Supplier,W2,SKU_B,6,107
876,Supplier,W2,SKU_C,6,139
876,Supplier,W2,SKU_D,6,124
876,Supplier,W2,SKU_E,6,96
876,W1,R1,SKU_A,2,181
876,W1,R1,SKU_B,2,112
876,W1,R1,SKU_C,2,186
876,W1,R1,SKU_D,2,119
876,W1,R1,SKU_E,2,69
876,W1,R2,SKU_A,3,103
876,W1,R2,SKU_B,3,68
876,W1,R2,SKU_C,3,80
876,W1,R2,SKU_D,3,46
876,W1,R2,SKU_E,3,58
876,W2,R3,SKU_A,4,279
876,W2,R3,SKU_B,4,156
876,W2,R3,SKU_C,4,128
876,W2,R3,SKU_D,4,143
876,W2,R3,SKU_E,4,76
877,Supplier,W1,SKU_A,5,553
877,Supplier,W1,SKU_B,5,313
877,Supplier,W1,SKU_C,5,457
877,Supplier,W1,SKU_D,5,288
877,Supplier,W1,SKU_E,5,249
877,Supplier,W2,SKU_A,6,279
877,Supplier,W2,SKU_B,6,115
877,Supplier,W2,SKU_C,6,128
877,Supplier,W2,SKU_D,6,143
877,Supplier,W2,SKU_E,6,76
877,W1,R1,SKU_A,2,190
877,W1,R1,SKU_B,2,90
877,W1,R1,SKU_C,2,25
877,W1,R1,SKU_D,2,91
877,W1,R1,SKU_E,2,82
877,W1,R2,SKU_A,3,112
877,W1,R2,SKU_B,3,15
877,W1,R2,SKU_D,3,34
877,W1,R2,SKU_E,3,42
877,W2,R3,SKU_A,4,289
877,W2,R3,SKU_B,4,168
877,W2,R3,SKU_C,4,96
877,W2,R3,SKU_D,4,80
877,W2,R3,SKU_E,4,81
878,Supplier,W2,SKU_A,6,289
878,Supplier,W2,SKU_B,6,174
878,Supplier,W2,SKU_C,6,96
878,Supplier,W2,SKU_D,6,80
878,Supplier,W2,SKU_E,6,81
878,W1,R1,SKU_A,2,108
878,W1,R1,SKU_B,2,59
878,W1,R1,SKU_C,2,203
878,W1,R1,SKU_D,2,63
878,W1,R1,SKU_E,2,62
878,W1,R2,SKU_A,3,91
878,W1,R2,SKU_B,3,97
878,W1,R2,SKU_C,3,78
878,W1,R2,SKU_D,3,46
878,W1,R2,SKU_E,3,49
878,W2,R3,SKU_A,4,198
878,W2,R3,SKU_B,4,82
878,W2,R3,SKU_C,4,108
878,W2,R3,SKU_D,4,66
878,W2,R3,SKU_E,4,80
879,Supplier,W1,SKU_A,5,501
879,Supplier,W1,SKU_B,5,261
879,Supplier,W1,SKU_C,5,332
879,Supplier,W1,SKU_D,5,234
879,Supplier,W1,SKU_E,5,235
879,Supplier,W2,SKU_A,6,198
879,Supplier,W2,SKU_B,6,89
879,Supplier,W2,SKU_C,6,108
879,Supplier,W2,SKU_D,6,66
879,Supplier,W2,SKU_E,6,80
879,W1,R2,SKU_A,3,109
879,W1,R2,SKU_B,3,26
879,W1,R2,SKU_D,3,22
879,W1,R2,SKU_E,3,46
879,W2,R3,SKU_A,4,196
879,W2,R3,SKU_B,4,85
879,W2,R3,SKU_C,4,84
879,W2,R3,SKU_D,4,89
879,W2,R3,SKU_E,4,68
880,Supplier,W2,SKU_A,6,196
880,Supplier,W2,SKU_B,6,71
880,Supplier,W2,SKU_C,6,84
880,Supplier,W2,SKU_D,6,89
880,Supplier,W2,SKU_E,6,68
880,W1,R1,SKU_A,2,256
880,W1,R1,SKU_B,2,160
880,W1,R1,SKU_D,2,119
880,W1,R1,SKU_E,2,83
880,W1,R1,SKU_C,2,203
880,W1,R2,SKU_A,3,113
880,W1,R2,SKU_B,3,78
880,W1,R2,SKU_C,3,127
880,W1,R2,SKU_D,3,43
880,W1,R2,SKU_E,3,57
880,W2,R3,SKU_A,4,184
880,W2,R3,SKU_B,4,75
880,W2,R3,SKU_C,4,124
880,W2,R3,SKU_D,4,99
880,W2,R3,SKU_E,4,58
881,Supplier,W1,SKU_A,5,478
881,Supplier,W1,SKU_B,5,264
881,Supplier,W1,SKU_C,5,310
881,Supplier,W1,SKU_D,5,184
881,Supplier,W1,SKU_E,5,186
881,Supplier,W2,SKU_A,6,184
881,Supplier,W2,SKU_B,6,86
881,Supplier,W2,SKU_C,6,124
881,Supplier,W2,SKU_D,6,99
881,Supplier,W2,SKU_E,6,58
881,W1,R1,SKU_A,2,130
881,W1,R1,SKU_B,2,85
881,W1,R1,SKU_D,2,69
881,W1,R1,SKU_E,2,52
881,W1,R2,SKU_A,3,74
881,W1,R2,SKU_B,3,19
881,W1,R2,SKU_D,3,34
881,W1,R2,SKU_E,3,27
881,W2,R3,SKU_A,4,207
881,W2,R3,SKU_B,4,92
881,W2,R3,SKU_C,4,92
881,W2,R3,SKU_D,4,93
881,W2,R3,SKU_E,4,60
882,Supplier,W2,SKU_A,6,207
882,Supplier,W2,SKU_B,6,110
882,Supplier,W2,SKU_C,6,92
882,Supplier,W2,SKU_D,6,93
882,Supplier,W2,SKU_E,6,60
882,W1,R1,SKU_A,2,176
882,W1,R1,SKU_B,2,108
882,W1,R1,SKU_C,2,347
882,W1,R1,SKU_D,2,78
882,W1,R1,SKU_E,2,53
882,W1,R2,SKU_A,3,122
882,W1,R2,SKU_B,3,156
882,W1,R2,SKU_C,3,110
882,W1,R2,SKU_D,3,52
882,W1,R2,SKU_E,3,91
882,W2,R3,SKU_A,4,210
882,W2,R3,SKU_B,4,107
882,W2,R3,SKU_C,4,161
882,W2,R3,SKU_D,4,104
882,W2,R3,SKU_E,4,83
883,Supplier,W1,SKU_A,5,502
883,Supplier,W1,SKU_B,5,368
883,Supplier,W1,SKU_C,5,529
883,Supplier,W1,SKU_D,5,233
883,Supplier,W1,SKU_E,5,223
883,Supplier,W2,SKU_A,6,210
883,Supplier,W2,SKU_B,6,77
883,Supplier,W2,SKU_C,6,161
883,Supplier,W2,SKU_D,6,104
883,Supplier,W2,SKU_E,6,83
883,W1,R1,SKU_A,2,223
883,W1,R1,SKU_B,2,49
883,W1,R1,SKU_D,2,116
883,W1,R1,SKU_E,2,79
883,W1,R2,SKU_A,3,32
883,W1,R2,SKU_D,3,58
883,W1,R2,SKU_E,3,26
883,W2,R3,SKU_A,4,311
883,W2,R3,SKU_B,4,115
883,W2,R3,SKU_C,4,261
883,W2,R3,SKU_D,4,130
883,W2,R3,SKU_E,4,91
884,Supplier,W1,SKU_A,5,361
884,Supplier,W1,SKU_B,5,261
884,Supplier,W1,SKU_C,5,384
884,Supplier,W1,SKU_D,5,187
884,Supplier,W1,SKU_E,5,156
884,Supplier,W2,SKU_A,6,311
884,Supplier,W2,SKU_B,6,138
884,Supplier,W2,SKU_C,6,261
884,Supplier,W2,SKU_D,6,130
884,Supplier,W2,SKU_E,6,91
884,W1,R1,SKU_A,2,203
884,W1,R1,SKU_B,2,214
884,W1,R1,SKU_C,2,332
884,W1,R1,SKU_D,2,113
884,W1,R1,SKU_E,2,79
884,W1,R2,SKU_A,3,226
884,W1,R2,SKU_B,3,47
884,W1,R2,SKU_D,3,59
884,W1,R2,SKU_E,3,107
884,W2,R3,SKU_A,4,263
884,W2,R3,SKU_B,4,174
884,W2,R3,SKU_C,4,186
884,W2,R3,SKU_D,4,166
884,W2,R3,SKU_E,4,84
885,Supplier,W1,SKU_A,5,323
885,Supplier,W1,SKU_B,5,197
885,Supplier,W1,SKU_C,5,313
885,Supplier,W1,SKU_D,5,159
885,Supplier,W1,SKU_E,5,135
885,Supplier,W2,SKU_A,6,263
885,Supplier,W2,SKU_B,6,141
885,Supplier,W2,SKU_C,6,186
885,Supplier,W2,SKU_D,6,166
885,Supplier,W2,SKU_E,6,84
885,W2,R3,SKU_A,4,252
885,W2,R3,SKU_B,4,89
885,W2,R3,SKU_C,4,104
885,W2,R3,SKU_D,4,111
885,W2,R3,SKU_E,4,79
886,Supplier,W1,SKU_A,5,312
886,Supplier,W1,SKU_B,5,191
886,Supplier,W1,SKU_C,5,219
886,Supplier,W1,SKU_D,5,124
886,Supplier,W1,SKU_E,5,137
886,Supplier,W2,SKU_A,6,252
886,Supplier,W2,SKU_B,6,121
886,Supplier,W2,SKU_C,6,104
886,Supplier,W2,SKU_D,6,111
886,Supplier,W2,SKU_E,6,79
886,W1,R1,SKU_A,2,325
886,W1,R1,SKU_D,2,147
886,W1,R1,SKU_E,2,126
886,W1,R1,SKU_B,2,180
886,W1,R1,SKU_C,2,310
886,W1,R2,SKU_A,3,225
886,W1,R2,SKU_B,3,84
886,W1,R2,SKU_D,3,90
886,W1,R2,SKU_E,3,109
886,W2,R3,SKU_A,4,187
886,W2,R3,SKU_B,4,71
886,W2,R3,SKU_C,4,110
886,W2,R3,SKU_D,4,79
886,W2,R3,SKU_E,4,71
887,Supplier,W2,SKU_A,6,187
887,Supplier,W2,SKU_B,6,78
887,Supplier,W2,SKU_C,6,110
887,Supplier,W2,SKU_D,6,79
887,Supplier,W2,SKU_E,6,71
887,W2,R3,SKU_A,4,253
887,W2,R3,SKU_B,4,86
887,W2,R3,SKU_C,4,124
887,W2,R3,SKU_D,4,164
887,W2,R3,SKU_E,4,94
888,Supplier,W1,SKU_A,5,549
888,Supplier,W1,SKU_B,5,349
888,Supplier,W1,SKU_C,5,463
888,Supplier,W1,SKU_D,5,239
888,Supplier,W1,SKU_E,5,268
888,Supplier,W2,SKU_A,6,253
888,Supplier,W2,SKU_B,6,108
888,Supplier,W2,SKU_C,6,124
888,Supplier,W2,SKU_D,6,164
888,Supplier,W2,SKU_E,6,94
888,W1,R1,SKU_D,2,168
888,W1,R1,SKU_A,2,346
888,W1,R1,SKU_B,2,194
888,W1,R1,SKU_C,2,372
888,W1,R1,SKU_E,2,125
888,W1,R2,SKU_A,3,156
888,W1,R2,SKU_B,3,174
888,W1,R2,SKU_C,3,157
888,W1,R2,SKU_D,3,74
888,W1,R2,SKU_E,3,98
888,W2,R3,SKU_A,4,263
888,W2,R3,SKU_B,4,110
888,W2,R3,SKU_C,4,121
888,W2,R3,SKU_D,4,145
888,W2,R3,SKU_E,4,85
889,Supplier,W1,SKU_A,5,353
889,Supplier,W1,SKU_B,5,225
889,Supplier,W1,SKU_C,5,279
889,Supplier,W1,SKU_D,5,144
889,Supplier,W1,SKU_E,5,136
889,Supplier,W2,SKU_A,6,263
889,Supplier,W2,SKU_B,6,107
889,Supplier,W2,SKU_C,6,167
889,Supplier,W2,SKU_D,6,145
889,Supplier,W2,SKU_E,6,85
889,W1,R1,SKU_A,2,175
889,W1,R1,SKU_B,2,89
889,W1,R1,SKU_C,2,123
889,W1,R1,SKU_D,2,89
889,W1,R1,SKU_E,2,84
889,W1,R2,SKU_A,3,186
889,W1,R2,SKU_B,3,172
889,W1,R2,SKU_C,3,261
889,W1,R2,SKU_D,3,60
889,W1,R2,SKU_E,3,72
889,W2,R3,SKU_A,4,254
889,W2,R3,SKU_B,4,77
889,W2,R3,SKU_C,4,161
889,W2,R3,SKU_D,4,149
889,W2,R3,SKU_E,4,102
890,Supplier,W2,SKU_A,6,254
890,Supplier,W2,SKU_B,6,108
890,Supplier,W2,SKU_C,6,155
890,Supplier,W2,SKU_D,6,149
890,Supplier,W2,SKU_E,6,102
890,W1,R1,SKU_A,2,203
890,W1,R1,SKU_B,2,162
890,W1,R1,SKU_C,2,122
890,W1,R1,SKU_D,2,99
890,W1,R1,SKU_E,2,78
890,W1,R2,SKU_A,3,120
890,W1,R2,SKU_B,3,35
890,W1,R2,SKU_C,3,191
890,W1,R2,SKU_D,3,47
890,W1,R2,SKU_E,3,57
890,W2,R3,SKU_A,4,242
890,W2,R3,SKU_B,4,138
890,W2,R3,SKU_C,4,192
890,W2,R3,SKU_D,4,139
890,W2,R3,SKU_E,4,95
891,Supplier,W1,SKU_A,5,630
891,Supplier,W1,SKU_B,5,424
891,Supplier,W1,SKU_C,5,374
891,Supplier,W1,SKU_D,5,267
891,Supplier,W1,SKU_E,5,282
891,Supplier,W2,SKU_A,6,242
891,Supplier,W2,SKU_B,6,109
891,Supplier,W2,SKU_C,6,152
891,Supplier,W2,SKU_D,6,139
891,Supplier,W2,SKU_E,6,95
891,W1,R1,SKU_A,2,180
891,W1,R1,SKU_B,2,127
891,W1,R1,SKU_C,2,142
891,W1,R1,SKU_D,2,91
891,W1,R1,SKU_E,2,76
891,W1,R2,SKU_A,3,132
891,W1,R2,SKU_B,3,64
891,W1,R2,SKU_C,3,77
891,W1,R2,SKU_D,3,25
891,W1,R2,SKU_E,3,61
891,W2,R3,SKU_A,4,211
891,W2,R3,SKU_B,4,141
891,W2,R3,SKU_C,4,110
891,W2,R3,SKU_D,4,100
891,W2,R3,SKU_E,4,57
892,Supplier,W1,SKU_A,5,304
892,Supplier,W1,SKU_B,5,202
892,Supplier,W1,SKU_C,5,185
892,Supplier,W1,SKU_D,5,116
892,Supplier,W1,SKU_E,5,134
892,Supplier,W2,SKU_A,6,211
892,Supplier,W2,SKU_B,6,85
892,Supplier,W2,SKU_C,6,110
892,Supplier,W2,SKU_D,6,100
892,Supplier,W2,SKU_E,6,57
892,W2,R3,SKU_A,4,171
892,W2,R3,SKU_B,4,121
892,W2,R3,SKU_C,4,90
892,W2,R3,SKU_D,4,101
892,W2,R3,SKU_E,4,70
893,Supplier,W2,SKU_A,6,171
893,Supplier,W2,SKU_B,6,81
893,Supplier,W2,SKU_C,6,90
893,Supplier,W2,SKU_D,6,101
893,Supplier,W2,SKU_E,6,70
893,W1,R1,SKU_D,2,125
893,W1,R1,SKU_A,2,271
893,W1,R1,SKU_B,2,130
893,W1,R1,SKU_C,2,230
893,W1,R1,SKU_E,2,111
893,W1,R2,SKU_D,3,96
893,W1,R2,SKU_A,3,278
893,W1,R2,SKU_B,3,219
893,W1,R2,SKU_C,3,233
893,W1,R2,SKU_E,3,157
893,W2,R3,SKU_A,4,193
893,W2,R3,SKU_B,4,78
893,W2,R3,SKU_C,4,106
893,W2,R3,SKU_D,4,112
893,W2,R3,SKU_E,4,76
894,Supplier,W1,SKU_A,5,476
894,Supplier,W1,SKU_B,5,258
894,Supplier,W1,SKU_C,5,384
894,Supplier,W1,SKU_D,5,221
894,Supplier,W1,SKU_E,5,220
894,Supplier,W2,SKU_A,6,193
894,Supplier,W2,SKU_B,6,76
894,Supplier,W2,SKU_C,6,106
894,Supplier,W2,SKU_D,6,112
894,Supplier,W2,SKU_E,6,76
894,W1,R1,SKU_A,2,132
894,W1,R1,SKU_B,2,65
894,W1,R1,SKU_C,2,88
894,W1,R1,SKU_D,2,47
894,W1,R1,SKU_E,2,51
894,W1,R2,SKU_A,3,170
894,W1,R2,SKU_B,3,160
894,W1,R2,SKU_C,3,191
894,W1,R2,SKU_D,3,49
894,W1,R2,SKU_E,3,85
894,W2,R3,SKU_A,4,193
894,W2,R3,SKU_B,4,108
894,W2,R3,SKU_C,4,128
894,W2,R3,SKU_D,4,103
894,W2,R3,SKU_E,4,81
895,Supplier,W2,SKU_A,6,193
895,Supplier,W2,SKU_B,6,92
895,Supplier,W2,SKU_C,6,128
895,Supplier,W2,SKU_D,6,103
895,Supplier,W2,SKU_E,6,81
895,W2,R3,SKU_A,4,189
895,W2,R3,SKU_B,4,91
895,W2,R3,SKU_C,4,131
895,W2,R3,SKU_D,4,128
895,W2,R3,SKU_E,4,77
896,Supplier,W1,SKU_A,5,549
896,Supplier,W1,SKU_B,5,292
896,Supplier,W1,SKU_C,5,344
896,Supplier,W1,SKU_D,5,213
896,Supplier,W1,SKU_E,5,251
896,Supplier,W2,SKU_A,6,189
896,Supplier,W2,SKU_B,6,72
896,Supplier,W2,SKU_C,6,131
896,Supplier,W2,SKU_D,6,128
896,Supplier,W2,SKU_E,6,77
896,W1,R1,SKU_A,2,331
896,W1,R1,SKU_D,2,151
896,W1,R1,SKU_B,2,191
896,W1,R1,SKU_C,2,279
896,W1,R1,SKU_E,2,128
896,W1,R2,SKU_D,3,120
896,W1,R2,SKU_A,3,239
896,W1,R2,SKU_B,3,207
896,W1,R2,SKU_C,3,95
896,W1,R2,SKU_E,3,137
896,W2,R3,SKU_A,4,248
896,W2,R3,SKU_B,4,116
896,W2,R3,SKU_C,4,178
896,W2,R3,SKU_D,4,142
896,W2,R3,SKU_E,4,72
897,Supplier,W1,SKU_A,5,296
897,Supplier,W1,SKU_B,5,164
897,Supplier,W1,SKU_C,5,251
897,Supplier,W1,SKU_D,5,154
897,Supplier,W1,SKU_E,5,127
897,Supplier,W2,SKU_A,6,248
897,Supplier,W2,SKU_B,6,116
897,Supplier,W2,SKU_C,6,178
897,Supplier,W2,SKU_D,6,142
897,Supplier,W2,SKU_E,6,72
897,W1,R1,SKU_A,2,201
897,W1,R1,SKU_B,2,134
897,W1,R1,SKU_C,2,185
897,W1,R1,SKU_D,2,102
897,W1,R1,SKU_E,2,71
897,W1,R2,SKU_A,3,125
897,W1,R2,SKU_B,3,94
897,W1,R2,SKU_D,3,73
897,W1,R2,SKU_E,3,70
897,W2,R3,SKU_A,4,289
897,W2,R3,SKU_B,4,117
897,W2,R3,SKU_C,4,217
897,W2,R3,SKU_D,4,206
897,W2,R3,SKU_E,4,79
898,Supplier,W1,SKU_A,5,326
898,Supplier,W1,SKU_B,5,228
898,Supplier,W1,SKU_C,5,302
898,Supplier,W1,SKU_D,5,175
898,Supplier,W1,SKU_E,5,141
898,Supplier,W2,SKU_A,6,289
898,Supplier,W2,SKU_B,6,118
898,Supplier,W2,SKU_C,6,217
898,Supplier,W2,SKU_D,6,206
898,Supplier,W2,SKU_E,6,79
898,W2,R3,SKU_A,4,277
898,W2,R3,SKU_B,4,85
898,W2,R3,SKU_C,4,189
898,W2,R3,SKU_D,4,136
898,W2,R3,SKU_E,4,121
899,Supplier,W1,SKU_A,5,334
899,Supplier,W1,SKU_B,5,219
899,Supplier,W1,SKU_C,5,227
899,Supplier,W1,SKU_D,5,125
899,Supplier,W1,SKU_E,5,151
899,Supplier,W2,SKU_A,6,277
899,Supplier,W2,SKU_B,6,110
899,Supplier,W2,SKU_C,6,189
899,Supplier,W2,SKU_D,6,136
899,Supplier,W2,SKU_E,6,121
899,W1,R1,SKU_A,2,347
899,W1,R1,SKU_D,2,149
899,W1,R1,SKU_E,2,129
899,W1,R1,SKU_B,2,209
899,W1,R1,SKU_C,2,257
899,W1,R2,SKU_A,3,218
899,W1,R2,SKU_B,3,49
899,W1,R2,SKU_C,3,127
899,W1,R2,SKU_D,3,80
899,W1,R2,SKU_E,3,101
899,W2,R3,SKU_A,4,214
899,W2,R3,SKU_B,4,81
899,W2,R3,SKU_C,4,101
899,W2,R3,SKU_D,4,116
899,W2,R3,SKU_E,4,98
900,Supplier,W2,SKU_A,6,214
900,Supplier,W2,SKU_B,6,96
900,Supplier,W2,SKU_C,6,101
900,Supplier,W2,SKU_D,6,116
900,Supplier,W2,SKU_E,6,98
900,W2,R3,SKU_A,4,195
900,W2,R3,SKU_B,4,76
900,W2,R3,SKU_C,4,112
900,W2,R3,SKU_D,4,95
900,W2,R3,SKU_E,4,79
901,Supplier,W1,SKU_A,5,482
901,Supplier,W1,SKU_B,5,309
901,Supplier,W1,SKU_C,5,316
901,Supplier,W1,SKU_D,5,202
901,Supplier,W1,SKU_E,5,242
901,Supplier,W2,SKU_A,6,195
901,Supplier,W2,SKU_B,6,94
901,Supplier,W2,SKU_C,6,112
901,Supplier,W2,SKU_D,6,95
901,Supplier,W2,SKU_E,6,79
901,W1,R1,SKU_D,2,107
901,W1,R1,SKU_A,2,257
901,W1,R1,SKU_B,2,180
901,W1,R1,SKU_C,2,164
901,W1,R1,SKU_E,2,123
901,W1,R2,SKU_D,3,93
901,W1,R2,SKU_A,3,219
901,W1,R2,SKU_B,3,112
901,W1,R2,SKU_C,3,180
901,W1,R2,SKU_E,3,128
901,W2,R3,SKU_A,4,183
901,W2,R3,SKU_B,4,92
901,W2,R3,SKU_C,4,86
901,W2,R3,SKU_D,4,101
901,W2,R3,SKU_E,4,81
902,Supplier,W2,SKU_A,6,183
902,Supplier,W2,SKU_B,6,74
902,Supplier,W2,SKU_C,6,86
902,Supplier,W2,SKU_D,6,101
902,Supplier,W2,SKU_E,6,81
902,W1,R1,SKU_A,2,134
902,W1,R1,SKU_B,2,105
902,W1,R1,SKU_C,2,100
902,W1,R1,SKU_D,2,57
902,W1,R1,SKU_E,2,75
902,W1,R2,SKU_A,3,117
902,W1,R2,SKU_B,3,59
902,W1,R2,SKU_C,3,151
902,W1,R2,SKU_D,3,58
902,W1,R2,SKU_E,3,52
902,W2,R3,SKU_A,4,224
902,W2,R3,SKU_B,4,72
902,W2,R3,SKU_C,4,166
902,W2,R3,SKU_D,4,127
902,W2,R3,SKU_E,4,82
903,Supplier,W1,SKU_A,5,476
903,Supplier,W1,SKU_B,5,363
903,Supplier,W1,SKU_C,5,325
903,Supplier,W1,SKU_D,5,217
903,Supplier,W1,SKU_E,5,253
903,Supplier,W2,SKU_A,6,224
903,Supplier,W2,SKU_B,6,70
903,Supplier,W2,SKU_C,6,166
903,Supplier,W2,SKU_D,6,127
903,Supplier,W2,SKU_E,6,82
903,W1,R1,SKU_A,2,142
903,W1,R1,SKU_B,2,96
903,W1,R1,SKU_C,2,118
903,W1,R1,SKU_D,2,61
903,W1,R1,SKU_E,2,70
903,W1,R2,SKU_A,3,128
903,W1,R2,SKU_B,3,132
903,W1,R2,SKU_C,3,140
903,W1,R2,SKU_D,3,46
903,W1,R2,SKU_E,3,71
903,W2,R3,SKU_A,4,229
903,W2,R3,SKU_B,4,116
903,W2,R3,SKU_C,4,100
903,W2,R3,SKU_D,4,139
903,W2,R3,SKU_E,4,108
904,Supplier,W2,SKU_A,6,229
904,Supplier,W2,SKU_B,6,130
904,Supplier,W2,SKU_C,6,100
904,Supplier,W2,SKU_D,6,139
904,Supplier,W2,SKU_E,6,110
904,W1,R1,SKU_A,2,187
904,W1,R1,SKU_B,2,112
904,W1,R1,SKU_C,2,170
904,W1,R1,SKU_D,2,78
904,W1,R1,SKU_E,2,77
904,W1,R2,SKU_A,3,135
904,W1,R2,SKU_B,3,107
904,W1,R2,SKU_C,3,101
904,W1,R2,SKU_D,3,26
904,W1,R2,SKU_E,3,74
904,W2,R3,SKU_A,4,255
904,W2,R3,SKU_B,4,118
904,W2,R3,SKU_C,4,153
904,W2,R3,SKU_D,4,167
904,W2,R3,SKU_E,4,79
905,Supplier,W1,SKU_A,5,592
905,Supplier,W1,SKU_B,5,362
905,Supplier,W1,SKU_C,5,454
905,Supplier,W1,SKU_D,5,211
905,Supplier,W1,SKU_E,5,299
905,Supplier,W2,SKU_A,6,255
905,Supplier,W2,SKU_B,6,89
905,Supplier,W2,SKU_C,6,153
905,Supplier,W2,SKU_D,6,167
905,Supplier,W2,SKU_E,6,88
905,W2,R3,SKU_A,4,247
905,W2,R3,SKU_B,4,110
905,W2,R3,SKU_C,4,129
905,W2,R3,SKU_D,4,138
905,W2,R3,SKU_E,4,103
906,Supplier,W1,SKU_A,5,313
906,Supplier,W1,SKU_B,5,163
906,Supplier,W1,SKU_C,5,298
906,Supplier,W1,SKU_D,5,121
906,Supplier,W1,SKU_E,5,150
906,Supplier,W2,SKU_A,6,247
906,Supplier,W2,SKU_B,6,109
906,Supplier,W2,SKU_C,6,129
906,Supplier,W2,SKU_D,6,138
906,Supplier,W2,SKU_E,6,92
906,W1,R1,SKU_A,2,303
906,W1,R1,SKU_D,2,137
906,W1,R1,SKU_B,2,178
906,W1,R1,SKU_C,2,276
906,W1,R1,SKU_E,2,144
906,W1,R2,SKU_A,3,235
906,W1,R2,SKU_D,3,79
906,W1,R2,SKU_B,3,131
906,W1,R2,SKU_C,3,40
906,W1,R2,SKU_E,3,98
906,W2,R3,SKU_A,4,208
906,W2,R3,SKU_B,4,96
906,W2,R3,SKU_C,4,140
906,W2,R3,SKU_D,4,104
906,W2,R3,SKU_E,4,61
907,Supplier,W2,SKU_A,6,208
907,Supplier,W2,SKU_B,6,105
907,Supplier,W2,SKU_C,6,140
907,Supplier,W2,SKU_D,6,104
907,Supplier,W2,SKU_E,6,61
907,W2,R3,SKU_A,4,191
907,W2,R3,SKU_B,4,94
907,W2,R3,SKU_C,4,95
907,W2,R3,SKU_D,4,88
907,W2,R3,SKU_E,4,51
908,Supplier,W1,SKU_A,5,405
908,Supplier,W1,SKU_B,5,258
908,Supplier,W1,SKU_C,5,315
908,Supplier,W1,SKU_D,5,200
908,Supplier,W1,SKU_E,5,211
908,Supplier,W2,SKU_A,6,191
908,Supplier,W2,SKU_B,6,71
908,Supplier,W2,SKU_C,6,95
908,Supplier,W2,SKU_D,6,88
908,Supplier,W2,SKU_E,6,51
908,W1,R1,SKU_A,2,212
908,W1,R1,SKU_D,2,123
908,W1,R1,SKU_B,2,156
908,W1,R1,SKU_C,2,221
908,W1,R1,SKU_E,2,88
908,W1,R2,SKU_A,3,163
908,W1,R2,SKU_D,3,64
908,W1,R2,SKU_B,3,182
908,W1,R2,SKU_C,3,104
908,W1,R2,SKU_E,3,144
908,W2,R3,SKU_A,4,180
908,W2,R3,SKU_B,4,64
908,W2,R3,SKU_C,4,132
908,W2,R3,SKU_D,4,78
908,W2,R3,SKU_E,4,63
909,Supplier,W2,SKU_A,6,180
909,Supplier,W2,SKU_B,6,55
909,Supplier,W2,SKU_C,6,132
909,Supplier,W2,SKU_D,6,78
909,Supplier,W2,SKU_E,6,63
909,W2,R3,SKU_A,4,198
909,W2,R3,SKU_B,4,62
909,W2,R3,SKU_C,4,146
909,W2,R3,SKU_D,4,105
909,W2,R3,SKU_E,4,77
910,Supplier,W1,SKU_A,5,406
910,Supplier,W1,SKU_B,5,278
910,Supplier,W1,SKU_C,5,372
910,Supplier,W1,SKU_D,5,188
910,Supplier,W1,SKU_E,5,163
910,Supplier,W2,SKU_A,6,198
910,Supplier,W2,SKU_B,6,62
910,Supplier,W2,SKU_C,6,146
910,Supplier,W2,SKU_D,6,105
910,Supplier,W2,SKU_E,6,77
910,W1,R1,SKU_A,2,286
910,W1,R1,SKU_B,2,158
910,W1,R1,SKU_D,2,134
910,W1,R1,SKU_E,2,116
910,W1,R1,SKU_C,2,249
910,W1,R2,SKU_A,3,196
910,W1,R2,SKU_D,3,79
910,W1,R2,SKU_B,3,128
910,W1,R2,SKU_C,3,205
910,W1,R2,SKU_E,3,85
910,W2,R3,SKU_A,4,212
910,W2,R3,SKU_B,4,71
910,W2,R3,SKU_C,4,148
910,W2,R3,SKU_D,4,126
910,W2,R3,SKU_E,4,70
911,Supplier,W2,SKU_A,6,212
911,Supplier,W2,SKU_B,6,71
911,Supplier,W2,SKU_C,6,148
911,Supplier,W2,SKU_D,6,126
911,Supplier,W2,SKU_E,6,70
911,W1,R1,SKU_A,2,197
911,W1,R1,SKU_B,2,104
911,W1,R1,SKU_C,2,186
911,W1,R1,SKU_D,2,96
911,W1,R1,SKU_E,2,78
911,W1,R2,SKU_A,3,125
911,W1,R2,SKU_B,3,63
911,W1,R2,SKU_C,3,112
911,W1,R2,SKU_D,3,46
911,W1,R2,SKU_E,3,62
911,W2,R3,SKU_A,4,278
911,W2,R3,SKU_B,4,93
911,W2,R3,SKU_C,4,178
911,W2,R3,SKU_D,4,130
911,W2,R3,SKU_E,4,80
912,Supplier,W1,SKU_A,5,593
912,Supplier,W1,SKU_B,5,309
912,Supplier,W1,SKU_C,5,490
912,Supplier,W1,SKU_D,5,249
912,Supplier,W1,SKU_E,5,246
912,Supplier,W2,SKU_A,6,278
912,Supplier,W2,SKU_B,6,93
912,Supplier,W2,SKU_C,6,178
912,Supplier,W2,SKU_D,6,130
912,Supplier,W2,SKU_E,6,80
912,W1,R1,SKU_A,2,216
912,W1,R1,SKU_B,2,92
912,W1,R1,SKU_D,2,119
912,W1,R1,SKU_E,2,77
912,W1,R2,SKU_A,3,111
912,W1,R2,SKU_B,3,5
912,W1,R2,SKU_D,3,44
912,W1,R2,SKU_E,3,51
912,W2,R3,SKU_A,4,265
912,W2,R3,SKU_B,4,63
912,W2,R3,SKU_C,4,183
912,W2,R3,SKU_D,4,105
912,W2,R3,SKU_E,4,70
913,Supplier,W1,SKU_A,5,327
913,Supplier,W1,SKU_B,5,165
913,Supplier,W1,SKU_C,5,209
913,Supplier,W1,SKU_D,5,163
913,Supplier,W1,SKU_E,5,128
913,Supplier,W2,SKU_A,6,265
913,Supplier,W2,SKU_B,6,63
913,Supplier,W2,SKU_C,6,183
913,Supplier,W2,SKU_D,6,105
913,Supplier,W2,SKU_E,6,70
913,W1,R1,SKU_A,2,137
913,W1,R1,SKU_B,2,62
913,W1,R1,SKU_C,2,226
913,W1,R1,SKU_D,2,75
913,W1,R1,SKU_E,2,46
913,W1,R2,SKU_A,3,107
913,W1,R2,SKU_B,3,119
913,W1,R2,SKU_C,3,89
913,W1,R2,SKU_D,3,29
913,W1,R2,SKU_E,3,37
913,W2,R3,SKU_A,4,239
913,W2,R3,SKU_B,4,56
913,W2,R3,SKU_C,4,122
913,W2,R3,SKU_D,4,92
913,W2,R3,SKU_E,4,57
914,Supplier,W2,SKU_A,6,239
914,Supplier,W2,SKU_B,6,56
914,Supplier,W2,SKU_C,6,122
914,Supplier,W2,SKU_D,6,92
914,Supplier,W2,SKU_E,6,57
914,W1,R2,SKU_A,3,28
914,W1,R2,SKU_B,3,28
914,W1,R2,SKU_D,3,41
914,W1,R2,SKU_E,3,45
914,W2,R3,SKU_A,4,205
914,W2,R3,SKU_B,4,59
914,W2,R3,SKU_C,4,117
914,W2,R3,SKU_D,4,99
914,W2,R3,SKU_E,4,59
915,Supplier,W1,SKU_A,5,466
915,Supplier,W1,SKU_B,5,219
915,Supplier,W1,SKU_C,5,290
915,Supplier,W1,SKU_D,5,196
915,Supplier,W1,SKU_E,5,177
915,Supplier,W2,SKU_A,6,205
915,Supplier,W2,SKU_B,6,59
915,Supplier,W2,SKU_C,6,117
915,Supplier,W2,SKU_D,6,99
915,Supplier,W2,SKU_E,6,59
915,W1,R1,SKU_A,2,268
915,W1,R1,SKU_B,2,104
915,W1,R1,SKU_D,2,116
915,W1,R1,SKU_E,2,111
915,W1,R1,SKU_C,2,223
915,W1,R2,SKU_A,3,132
915,W1,R2,SKU_B,3,76
915,W1,R2,SKU_C,3,149
915,W1,R2,SKU_D,3,36
915,W1,R2,SKU_E,3,48
915,W2,R3,SKU_A,4,212
915,W2,R3,SKU_B,4,67
915,W2,R3,SKU_C,4,96
915,W2,R3,SKU_D,4,93
915,W2,R3,SKU_E,4,61
916,Supplier,W2,SKU_A,6,212
916,Supplier,W2,SKU_B,6,67
916,Supplier,W2,SKU_C,6,96
916,Supplier,W2,SKU_D,6,93
916,Supplier,W2,SKU_E,6,61
916,W1,R1,SKU_A,2,144
916,W1,R1,SKU_B,2,99
916,W1,R1,SKU_D,2,75
916,W1,R1,SKU_E,2,54
916,W1,R2,SKU_B,3,48
916,W1,R2,SKU_D,3,41
916,W1,R2,SKU_E,3,34
916,W2,R3,SKU_A,4,246
916,W2,R3,SKU_B,4,106
916,W2,R3,SKU_C,4,167
916,W2,R3,SKU_D,4,147
916,W2,R3,SKU_E,4,93
917,Supplier,W1,SKU_A,5,488
917,Supplier,W1,SKU_B,5,271
917,Supplier,W1,SKU_C,5,383
917,Supplier,W1,SKU_D,5,218
917,Supplier,W1,SKU_E,5,234
917,Supplier,W2,SKU_A,6,246
917,Supplier,W2,SKU_B,6,106
917,Supplier,W2,SKU_C,6,167
917,Supplier,W2,SKU_D,6,147
917,Supplier,W2,SKU_E,6,93
917,W1,R1,SKU_A,2,187
917,W1,R1,SKU_B,2,73
917,W1,R1,SKU_C,2,277
917,W1,R1,SKU_D,2,80
917,W1,R1,SKU_E,2,82
917,W1,R2,SKU_A,3,217
917,W1,R2,SKU_B,3,86
917,W1,R2,SKU_C,3,213
917,W1,R2,SKU_D,3,50
917,W1,R2,SKU_E,3,114
917,W2,R3,SKU_A,4,266
917,W2,R3,SKU_B,4,119
917,W2,R3,SKU_C,4,204
917,W2,R3,SKU_D,4,169
917,W2,R3,SKU_E,4,116
918,Supplier,W2,SKU_A,6,266
918,Supplier,W2,SKU_B,6,119
918,Supplier,W2,SKU_C,6,204
918,Supplier,W2,SKU_D,6,169
918,Supplier,W2,SKU_E,6,116
918,W1,R1,SKU_A,2,209
918,W1,R1,SKU_B,2,145
918,W1,R1,SKU_C,2,191
918,W1,R1,SKU_D,2,103
918,W1,R1,SKU_E,2,98
918,W1,R2,SKU_A,3,118
918,W1,R2,SKU_B,3,90
918,W1,R2,SKU_C,3,18
918,W1,R2,SKU_D,3,57
918,W1,R2,SKU_E,3,69
918,W2,R3,SKU_A,4,332
918,W2,R3,SKU_B,4,108
918,W2,R3,SKU_C,4,178
918,W2,R3,SKU_D,4,172
918,W2,R3,SKU_E,4,87
919,Supplier,W1,SKU_A,5,593
919,Supplier,W1,SKU_B,5,372
919,Supplier,W1,SKU_C,5,499
919,Supplier,W1,SKU_D,5,289
919,Supplier,W1,SKU_E,5,327
919,Supplier,W2,SKU_A,6,332
919,Supplier,W2,SKU_B,6,108
919,Supplier,W2,SKU_C,6,219
919,Supplier,W2,SKU_D,6,172
919,Supplier,W2,SKU_E,6,87
919,W1,R1,SKU_A,2,189
919,W1,R1,SKU_B,2,80
919,W1,R1,SKU_D,2,92
919,W1,R1,SKU_E,2,11
919,W2,R3,SKU_A,4,313
919,W2,R3,SKU_B,4,74
919,W2,R3,SKU_C,4,183
919,W2,R3,SKU_D,4,126
919,W2,R3,SKU_E,4,108
920,Supplier,W1,SKU_A,5,348
920,Supplier,W1,SKU_B,5,158
920,Supplier,W1,SKU_C,5,225
920,Supplier,W1,SKU_D,5,147
920,Supplier,W1,SKU_E,5,145
920,Supplier,W2,SKU_A,6,313
920,Supplier,W2,SKU_B,6,74
920,Supplier,W2,SKU_C,6,214
920,Supplier,W2,SKU_D,6,126
920,Supplier,W2,SKU_E,6,108
920,W1,R1,SKU_A,2,217
920,W1,R1,SKU_B,2,91
920,W1,R1,SKU_C,2,205
920,W1,R1,SKU_D,2,55
920,W1,R1,SKU_E,2,145
920,W1,R2,SKU_D,3,118
920,W1,R2,SKU_A,3,232
920,W1,R2,SKU_B,3,128
920,W1,R2,SKU_C,3,85
920,W1,R2,SKU_E,3,32
920,W2,R3,SKU_A,4,237
920,W2,R3,SKU_B,4,70
920,W2,R3,SKU_C,4,122
920,W2,R3,SKU_D,4,122
920,W2,R3,SKU_E,4,90
921,Supplier,W2,SKU_A,6,237
921,Supplier,W2,SKU_B,6,70
921,Supplier,W2,SKU_C,6,141
921,Supplier,W2,SKU_D,6,122
921,Supplier,W2,SKU_E,6,90
921,W2,R3,SKU_A,4,224
921,W2,R3,SKU_B,4,95
921,W2,R3,SKU_C,4,117
921,W2,R3,SKU_D,4,126
921,W2,R3,SKU_E,4,93
922,Supplier,W1,SKU_A,5,553
922,Supplier,W1,SKU_B,5,295
922,Supplier,W1,SKU_C,5,289
922,Supplier,W1,SKU_D,5,224
922,Supplier,W1,SKU_E,5,261
922,Supplier,W2,SKU_A,6,224
922,Supplier,W2,SKU_B,6,114
922,Supplier,W2,SKU_C,6,133
922,Supplier,W2,SKU_D,6,126
922,Supplier,W2,SKU_E,6,104
922,W1,R1,SKU_A,2,303
922,W1,R1,SKU_D,2,105
922,W1,R1,SKU_B,2,163
922,W1,R1,SKU_C,2,182
922,W1,R1,SKU_E,2,124
922,W1,R2,SKU_A,3,202
922,W1,R2,SKU_B,3,105
922,W1,R2,SKU_C,3,201
922,W1,R2,SKU_D,3,110
922,W1,R2,SKU_E,3,110
922,W2,R3,SKU_A,4,231
922,W2,R3,SKU_B,4,67
922,W2,R3,SKU_C,4,96
922,W2,R3,SKU_D,4,94
922,W2,R3,SKU_E,4,61
923,Supplier,W2,SKU_A,6,244
923,Supplier,W2,SKU_B,6,101
923,Supplier,W2,SKU_C,6,133
923,Supplier,W2,SKU_D,6,94
923,Supplier,W2,SKU_E,6,101
923,W2,R3,SKU_A,4,221
923,W2,R3,SKU_B,4,106
923,W2,R3,SKU_C,4,167
923,W2,R3,SKU_D,4,123
923,W2,R3,SKU_E,4,93
924,Supplier,W1,SKU_A,5,555
924,Supplier,W1,SKU_B,5,272
924,Supplier,W1,SKU_C,5,347
924,Supplier,W1,SKU_D,5,225
924,Supplier,W1,SKU_E,5,266
924,Supplier,W2,SKU_A,6,208
924,Supplier,W2,SKU_B,6,62
924,Supplier,W2,SKU_C,6,152
924,Supplier,W2,SKU_D,6,123
924,Supplier,W2,SKU_E,6,71
924,W1,R1,SKU_B,2,161
924,W1,R1,SKU_D,2,162
924,W1,R1,SKU_A,2,352
924,W1,R1,SKU_C,2,233
924,W1,R1,SKU_E,2,143
924,W1,R2,SKU_A,3,241
924,W1,R2,SKU_B,3,133
924,W1,R2,SKU_C,3,237
924,W1,R2,SKU_D,3,131
924,W1,R2,SKU_E,3,184
924,W2,R3,SKU_A,4,291
924,W2,R3,SKU_B,4,114
924,W2,R3,SKU_C,4,204
924,W2,R3,SKU_D,4,152
924,W2,R3,SKU_E,4,116
925,Supplier,W2,SKU_A,6,296
925,Supplier,W2,SKU_B,6,105
925,Supplier,W2,SKU_C,6,198
925,Supplier,W2,SKU_D,6,152
925,Supplier,W2,SKU_E,6,87
925,W1,R1,SKU_A,2,201
925,W1,R1,SKU_B,2,138
925,W1,R1,SKU_C,2,191
925,W1,R1,SKU_D,2,110
925,W1,R1,SKU_E,2,95
925,W1,R2,SKU_A,3,147
925,W1,R2,SKU_B,3,67
925,W1,R2,SKU_C,3,63
925,W1,R2,SKU_D,3,64
925,W1,R2,SKU_E,3,50
925,W2,R3,SKU_A,4,315
925,W2,R3,SKU_B,4,76
925,W2,R3,SKU_C,4,219
925,W2,R3,SKU_D,4,154
925,W2,R3,SKU_E,4,87
926,Supplier,W1,SKU_A,5,659
926,Supplier,W1,SKU_B,5,341
926,Supplier,W1,SKU_C,5,481
926,Supplier,W1,SKU_D,5,351
926,Supplier,W1,SKU_E,5,286
926,Supplier,W2,SKU_A,6,310
926,Supplier,W2,SKU_B,6,76
926,Supplier,W2,SKU_C,6,172
926,Supplier,W2,SKU_D,6,154
926,Supplier,W2,SKU_E,6,90
926,W2,R3,SKU_A,4,330
926,W2,R3,SKU_B,4,69
926,W2,R3,SKU_C,4,214
926,W2,R3,SKU_D,4,155
926,W2,R3,SKU_E,4,100
927,Supplier,W1,SKU_A,5,357
927,Supplier,W1,SKU_B,5,173
927,Supplier,W1,SKU_C,5,293
927,Supplier,W1,SKU_D,5,155
927,Supplier,W1,SKU_E,5,160
927,Supplier,W2,SKU_A,6,344
927,Supplier,W2,SKU_B,6,69
927,Supplier,W2,SKU_C,6,223
927,Supplier,W2,SKU_D,6,155
927,Supplier,W2,SKU_E,6,97
927,W1,R1,SKU_B,2,202
927,W1,R1,SKU_D,2,177
927,W1,R1,SKU_A,2,360
927,W1,R1,SKU_C,2,289
927,W1,R1,SKU_E,2,152
927,W1,R2,SKU_A,3,193
927,W1,R2,SKU_B,3,127
927,W1,R2,SKU_D,3,72
927,W1,R2,SKU_E,3,109
927,W2,R3,SKU_A,4,237
927,W2,R3,SKU_B,4,42
927,W2,R3,SKU_C,4,141
927,W2,R3,SKU_D,4,101
927,W2,R3,SKU_E,4,75
928,Supplier,W2,SKU_A,6,270
928,Supplier,W2,SKU_B,6,42
928,Supplier,W2,SKU_C,6,143
928,Supplier,W2,SKU_D,6,101
928,Supplier,W2,SKU_E,6,75
928,W2,R3,SKU_A,4,224
928,W2,R3,SKU_B,4,71
928,W2,R3,SKU_C,4,133
928,W2,R3,SKU_D,4,129
928,W2,R3,SKU_E,4,74
929,Supplier,W1,SKU_A,5,575
929,Supplier,W1,SKU_B,5,314
929,Supplier,W1,SKU_C,5,396
929,Supplier,W1,SKU_D,5,253
929,Supplier,W1,SKU_E,5,260
929,Supplier,W2,SKU_A,6,249
929,Supplier,W2,SKU_B,6,71
929,Supplier,W2,SKU_C,6,145
929,Supplier,W2,SKU_D,6,129
929,Supplier,W2,SKU_E,6,74
929,W1,R1,SKU_A,2,289
929,W1,R1,SKU_B,2,166
929,W1,R1,SKU_C,2,240
929,W1,R1,SKU_D,2,145
929,W1,R1,SKU_E,2,122
929,W1,R2,SKU_A,3,266
929,W1,R2,SKU_B,3,106
929,W1,R2,SKU_C,3,107
929,W1,R2,SKU_D,3,80
929,W1,R2,SKU_E,3,144
929,W2,R3,SKU_A,4,244
929,W2,R3,SKU_B,4,73
929,W2,R3,SKU_C,4,133
929,W2,R3,SKU_D,4,103
929,W2,R3,SKU_E,4,88
930,Supplier,W2,SKU_A,6,222
930,Supplier,W2,SKU_B,6,73
930,Supplier,W2,SKU_C,6,132
930,Supplier,W2,SKU_D,6,103
930,Supplier,W2,SKU_E,6,88
930,W2,R3,SKU_A,4,208
930,W2,R3,SKU_B,4,69
930,W2,R3,SKU_C,4,152
930,W2,R3,SKU_D,4,101
930,W2,R3,SKU_E,4,93
931,Supplier,W1,SKU_A,5,557
931,Supplier,W1,SKU_B,5,312
931,Supplier,W1,SKU_C,5,425
931,Supplier,W1,SKU_D,5,278
931,Supplier,W1,SKU_E,5,268
931,Supplier,W2,SKU_A,6,221
931,Supplier,W2,SKU_B,6,69
931,Supplier,W2,SKU_C,6,117
931,Supplier,W2,SKU_D,6,101
931,Supplier,W2,SKU_E,6,93
931,W1,R1,SKU_A,2,316
931,W1,R1,SKU_B,2,167
931,W1,R1,SKU_C,2,287
931,W1,R1,SKU_D,2,173
931,W1,R1,SKU_E,2,128
931,W1,R2,SKU_A,3,343
931,W1,R2,SKU_B,3,174
931,W1,R2,SKU_C,3,194
931,W1,R2,SKU_D,3,175
931,W1,R2,SKU_E,3,158
931,W2,R3,SKU_A,4,296
931,W2,R3,SKU_B,4,99
931,W2,R3,SKU_C,4,198
931,W2,R3,SKU_D,4,108
931,W2,R3,SKU_E,4,88
932,Supplier,W1,SKU_A,5,287
932,Supplier,W1,SKU_B,5,180
932,Supplier,W1,SKU_C,5,251
932,Supplier,W1,SKU_D,5,136
932,Supplier,W1,SKU_E,5,124
932,Supplier,W2,SKU_A,6,260
932,Supplier,W2,SKU_B,6,99
932,Supplier,W2,SKU_C,6,144
932,Supplier,W2,SKU_D,6,108
932,Supplier,W2,SKU_E,6,88
932,W1,R1,SKU_A,2,229
932,W1,R1,SKU_B,2,113
932,W1,R1,SKU_C,2,217
932,W1,R1,SKU_D,2,117
932,W1,R1,SKU_E,2,102
932,W1,R2,SKU_A,3,128
932,W1,R2,SKU_B,3,60
932,W1,R2,SKU_C,3,76
932,W1,R2,SKU_D,3,41
932,W1,R2,SKU_E,3,58
932,W2,R3,SKU_A,4,310
932,W2,R3,SKU_B,4,100
932,W2,R3,SKU_C,4,172
932,W2,R3,SKU_D,4,135
932,W2,R3,SKU_E,4,117
933,Supplier,W1,SKU_A,5,380
933,Supplier,W1,SKU_B,5,218
933,Supplier,W1,SKU_C,5,322
933,Supplier,W1,SKU_D,5,175
933,Supplier,W1,SKU_E,5,171
933,Supplier,W2,SKU_A,6,316
933,Supplier,W2,SKU_B,6,100
933,Supplier,W2,SKU_C,6,254
933,Supplier,W2,SKU_D,6,135
933,Supplier,W2,SKU_E,6,117
933,W2,R3,SKU_A,4,344
933,W2,R3,SKU_B,4,127
933,W2,R3,SKU_C,4,223
933,W2,R3,SKU_D,4,118
933,W2,R3,SKU_E,4,102
934,Supplier,W1,SKU_A,5,401
934,Supplier,W1,SKU_B,5,248
934,Supplier,W1,SKU_C,5,382
934,Supplier,W1,SKU_D,5,221
934,Supplier,W1,SKU_E,5,195
934,Supplier,W2,SKU_A,6,397
934,Supplier,W2,SKU_B,6,127
934,Supplier,W2,SKU_C,6,218
934,Supplier,W2,SKU_D,6,118
934,Supplier,W2,SKU_E,6,102
934,W1,R1,SKU_A,2,412
934,W1,R1,SKU_B,2,221
934,W1,R1,SKU_C,2,351
934,W1,R1,SKU_D,2,201
934,W1,R1,SKU_E,2,153
934,W1,R2,SKU_A,3,163
934,W1,R2,SKU_B,3,93
934,W1,R2,SKU_C,3,45
934,W1,R2,SKU_D,3,52
934,W1,R2,SKU_E,3,107
934,W2,R3,SKU_A,4,270
934,W2,R3,SKU_B,4,71
934,W2,R3,SKU_C,4,143
934,W2,R3,SKU_D,4,115
934,W2,R3,SKU_E,4,86
935,Supplier,W1,SKU_A,5,296
935,Supplier,W1,SKU_B,5,156
935,Supplier,W1,SKU_C,5,232
935,Supplier,W1,SKU_D,5,155
935,Supplier,W1,SKU_E,5,152
935,Supplier,W2,SKU_A,6,259
935,Supplier,W2,SKU_B,6,71
935,Supplier,W2,SKU_C,6,148
935,Supplier,W2,SKU_D,6,115
935,Supplier,W2,SKU_E,6,92
935,W2,R3,SKU_A,4,249
935,W2,R3,SKU_B,4,80
935,W2,R3,SKU_C,4,145
935,W2,R3,SKU_D,4,111
935,W2,R3,SKU_E,4,74
936,Supplier,W2,SKU_A,6,217
936,Supplier,W2,SKU_B,6,80
936,Supplier,W2,SKU_C,6,114
936,Supplier,W2,SKU_D,6,111
936,Supplier,W2,SKU_E,6,87
936,W1,R1,SKU_A,2,312
936,W1,R1,SKU_B,2,150
936,W1,R1,SKU_C,2,208
936,W1,R1,SKU_D,2,99
936,W1,R1,SKU_E,2,128
936,W1,R2,SKU_A,3,245
936,W1,R2,SKU_B,3,162
936,W1,R2,SKU_C,3,217
936,W1,R2,SKU_D,3,179
936,W1,R2,SKU_E,3,140
936,W2,R3,SKU_A,4,222
936,W2,R3,SKU_B,4,92
936,W2,R3,SKU_C,4,132
936,W2,R3,SKU_D,4,114
936,W2,R3,SKU_E,4,88
937,Supplier,W1,SKU_A,5,526
937,Supplier,W1,SKU_B,5,289
937,Supplier,W1,SKU_C,5,356
937,Supplier,W1,SKU_D,5,184
937,Supplier,W1,SKU_E,5,256
937,Supplier,W2,SKU_A,6,210
937,Supplier,W2,SKU_B,6,92
937,Supplier,W2,SKU_C,6,137
937,Supplier,W2,SKU_D,6,114
937,Supplier,W2,SKU_E,6,71
937,W1,R1,SKU_A,2,159
937,W1,R1,SKU_B,2,83
937,W1,R1,SKU_C,2,128
937,W1,R1,SKU_D,2,37
937,W1,R1,SKU_E,2,61
937,W1,R2,SKU_A,3,128
937,W1,R2,SKU_B,3,97
937,W1,R2,SKU_C,3,123
937,W1,R2,SKU_D,3,93
937,W1,R2,SKU_E,3,63
937,W2,R3,SKU_A,4,221
937,W2,R3,SKU_B,4,70
937,W2,R3,SKU_C,4,117
937,W2,R3,SKU_D,4,107
937,W2,R3,SKU_E,4,67
938,Supplier,W2,SKU_A,6,227
938,Supplier,W2,SKU_B,6,79
938,Supplier,W2,SKU_C,6,139
938,Supplier,W2,SKU_D,6,107
938,Supplier,W2,SKU_E,6,65
938,W1,R1,SKU_A,2,129
938,W1,R1,SKU_B,2,80
938,W1,R1,SKU_C,2,132
938,W1,R1,SKU_D,2,78
938,W1,R1,SKU_E,2,60
938,W1,R2,SKU_A,3,213
938,W1,R2,SKU_B,3,138
938,W1,R2,SKU_C,3,190
938,W1,R2,SKU_D,3,38
938,W1,R2,SKU_E,3,111
938,W2,R3,SKU_A,4,260
938,W2,R3,SKU_B,4,99
938,W2,R3,SKU_C,4,144
938,W2,R3,SKU_D,4,156
938,W2,R3,SKU_E,4,103
939,Supplier,W1,SKU_A,5,475
939,Supplier,W1,SKU_B,5,284
939,Supplier,W1,SKU_C,5,382
939,Supplier,W1,SKU_D,5,200
939,Supplier,W1,SKU_E,5,222
939,Supplier,W2,SKU_A,6,300
939,Supplier,W2,SKU_B,6,112
939,Supplier,W2,SKU_C,6,214
939,Supplier,W2,SKU_D,6,156
939,Supplier,W2,SKU_E,6,103
939,W1,R1,SKU_A,2,231
939,W1,R1,SKU_B,2,130
939,W1,R1,SKU_C,2,189
939,W1,R1,SKU_D,2,91
939,W1,R1,SKU_E,2,90
939,W1,R2,SKU_A,3,109
939,W1,R2,SKU_B,3,118
939,W1,R2,SKU_C,3,193
939,W1,R2,SKU_D,3,45
939,W1,R2,SKU_E,3,105
939,W2,R3,SKU_A,4,316
939,W2,R3,SKU_B,4,100
939,W2,R3,SKU_C,4,254
939,W2,R3,SKU_D,4,192
939,W2,R3,SKU_E,4,114
940,Supplier,W1,SKU_A,5,340
940,Supplier,W1,SKU_B,5,223
940,Supplier,W1,SKU_C,5,271
940,Supplier,W1,SKU_D,5,136
940,Supplier,W1,SKU_E,5,155
940,Supplier,W2,SKU_A,6,360
940,Supplier,W2,SKU_B,6,145
940,Supplier,W2,SKU_C,6,251
940,Supplier,W2,SKU_D,6,192
940,Supplier,W2,SKU_E,6,114
940,W1,R1,SKU_A,2,254
940,W1,R1,SKU_B,2,141
940,W1,R1,SKU_C,2,228
940,W1,R1,SKU_D,2,111
940,W1,R1,SKU_E,2,81
940,W1,R2,SKU_A,3,141
940,W1,R2,SKU_B,3,15
940,W1,R2,SKU_C,3,4
940,W1,R2,SKU_D,3,59
940,W1,R2,SKU_E,3,71
940,W2,R3,SKU_A,4,397
940,W2,R3,SKU_B,4,127
940,W2,R3,SKU_C,4,218
940,W2,R3,SKU_D,4,177
940,W2,R3,SKU_E,4,102
941,Supplier,W1,SKU_A,5,400
941,Supplier,W1,SKU_B,5,249
941,Supplier,W1,SKU_C,5,327
941,Supplier,W1,SKU_D,5,170
941,Supplier,W1,SKU_E,5,143
941,Supplier,W2,SKU_A,6,370
941,Supplier,W2,SKU_B,6,109
941,Supplier,W2,SKU_C,6,155
941,Supplier,W2,SKU_D,6,177
941,Supplier,W2,SKU_E,6,102
941,W2,R3,SKU_A,4,259
941,W2,R3,SKU_B,4,71
941,W2,R3,SKU_C,4,148
941,W2,R3,SKU_D,4,82
941,W2,R3,SKU_E,4,72
942,Supplier,W2,SKU_A,6,248
942,Supplier,W2,SKU_B,6,67
942,Supplier,W2,SKU_C,6,128
942,Supplier,W2,SKU_D,6,82
942,Supplier,W2,SKU_E,6,72
942,W1,R1,SKU_D,2,95
942,W1,R1,SKU_A,2,244
942,W1,R1,SKU_B,2,151
942,W1,R1,SKU_C,2,192
942,W1,R1,SKU_E,2,106
942,W1,R2,SKU_D,3,94
942,W1,R2,SKU_A,3,199
942,W1,R2,SKU_B,3,138
942,W1,R2,SKU_C,3,164
942,W1,R2,SKU_E,3,143
942,W2,R3,SKU_A,4,217
942,W2,R3,SKU_B,4,80
942,W2,R3,SKU_C,4,114
942,W2,R3,SKU_D,4,87
942,W2,R3,SKU_E,4,110
943,Supplier,W1,SKU_A,5,438
943,Supplier,W1,SKU_B,5,314
943,Supplier,W1,SKU_C,5,310
943,Supplier,W1,SKU_D,5,189
943,Supplier,W1,SKU_E,5,222
943,Supplier,W2,SKU_A,6,215
943,Supplier,W2,SKU_B,6,109
943,Supplier,W2,SKU_C,6,118
943,Supplier,W2,SKU_D,6,87
943,Supplier,W2,SKU_E,6,110
943,W2,R3,SKU_A,4,210
943,W2,R3,SKU_B,4,92
943,W2,R3,SKU_C,4,137
943,W2,R3,SKU_D,4,75
943,W2,R3,SKU_E,4,68
944,Supplier,W2,SKU_A,6,203
944,Supplier,W2,SKU_B,6,89
944,Supplier,W2,SKU_C,6,99
944,Supplier,W2,SKU_D,6,75
944,Supplier,W2,SKU_E,6,68
944,W1,R1,SKU_A,2,251
944,W1,R1,SKU_D,2,120
944,W1,R1,SKU_E,2,121
944,W1,R1,SKU_B,2,148
944,W1,R1,SKU_C,2,183
944,W1,R2,SKU_D,3,90
944,W1,R2,SKU_A,3,201
944,W1,R2,SKU_B,3,136
944,W1,R2,SKU_C,3,199
944,W1,R2,SKU_E,3,83
944,W2,R3,SKU_A,4,227
944,W2,R3,SKU_B,4,79
944,W2,R3,SKU_C,4,139
944,W2,R3,SKU_D,4,111
944,W2,R3,SKU_E,4,79
945,Supplier,W1,SKU_A,5,452
945,Supplier,W1,SKU_B,5,255
945,Supplier,W1,SKU_C,5,310
945,Supplier,W1,SKU_D,5,210
945,Supplier,W1,SKU_E,5,204
945,Supplier,W2,SKU_A,6,217
945,Supplier,W2,SKU_B,6,88
945,Supplier,W2,SKU_C,6,114
945,Supplier,W2,SKU_D,6,111
945,Supplier,W2,SKU_E,6,87
945,W1,R1,SKU_A,2,165
945,W1,R1,SKU_B,2,98
945,W1,R1,SKU_C,2,140
945,W1,R1,SKU_D,2,61
945,W1,R1,SKU_E,2,92
945,W1,R2,SKU_A,3,110
945,W1,R2,SKU_B,3,125
945,W1,R2,SKU_C,3,131
945,W1,R2,SKU_D,3,53
945,W1,R2,SKU_E,3,69
945,W2,R3,SKU_A,4,284
945,W2,R3,SKU_B,4,112
945,W2,R3,SKU_C,4,193
945,W2,R3,SKU_D,4,127
945,W2,R3,SKU_E,4,103
946,Supplier,W1,SKU_A,5,275
946,Supplier,W1,SKU_B,5,210
946,Supplier,W1,SKU_C,5,245
946,Supplier,W1,SKU_D,5,114
946,Supplier,W1,SKU_E,5,161
946,Supplier,W2,SKU_A,6,220
946,Supplier,W2,SKU_B,6,113
946,Supplier,W2,SKU_C,6,181
946,Supplier,W2,SKU_D,6,127
946,Supplier,W2,SKU_E,6,110
946,W1,R1,SKU_A,2,209
946,W1,R1,SKU_B,2,122
946,W1,R1,SKU_C,2,253
946,W1,R1,SKU_D,2,96
946,W1,R1,SKU_E,2,80
946,W1,R2,SKU_A,3,113
946,W1,R2,SKU_B,3,127
946,W1,R2,SKU_C,3,74
946,W1,R2,SKU_D,3,56
946,W1,R2,SKU_E,3,66
946,W2,R3,SKU_A,4,270
946,W2,R3,SKU_B,4,145
946,W2,R3,SKU_C,4,214
946,W2,R3,SKU_D,4,169
946,W2,R3,SKU_E,4,114
947,Supplier,W1,SKU_A,5,322
947,Supplier,W1,SKU_B,5,205
947,Supplier,W1,SKU_C,5,357
947,Supplier,W1,SKU_D,5,152
947,Supplier,W1,SKU_E,5,146
947,Supplier,W2,SKU_A,6,270
947,Supplier,W2,SKU_B,6,133
947,Supplier,W2,SKU_C,6,214
947,Supplier,W2,SKU_D,6,169
947,Supplier,W2,SKU_E,6,126
947,W2,R3,SKU_A,4,274
947,W2,R3,SKU_B,4,109
947,W2,R3,SKU_C,4,188
947,W2,R3,SKU_D,4,147
947,W2,R3,SKU_E,4,102
948,Supplier,W1,SKU_A,5,328
948,Supplier,W1,SKU_B,5,260
948,Supplier,W1,SKU_C,5,264
948,Supplier,W1,SKU_D,5,181
948,Supplier,W1,SKU_E,5,133
948,Supplier,W2,SKU_A,6,274
948,Supplier,W2,SKU_B,6,127
948,Supplier,W2,SKU_C,6,188
948,Supplier,W2,SKU_D,6,147
948,Supplier,W2,SKU_E,6,114
948,W1,R1,SKU_A,2,427
948,W1,R1,SKU_D,2,181
948,W1,R1,SKU_E,2,173
948,W1,R1,SKU_B,2,263
948,W1,R1,SKU_C,2,303
948,W1,R2,SKU_A,3,246
948,W1,R2,SKU_D,3,135
948,W1,R2,SKU_B,3,51
948,W1,R2,SKU_C,3,7
948,W1,R2,SKU_E,3,65
948,W2,R3,SKU_A,4,282
948,W2,R3,SKU_B,4,67
948,W2,R3,SKU_C,4,146
948,W2,R3,SKU_D,4,142
948,W2,R3,SKU_E,4,72
949,Supplier,W1,SKU_A,5,345
949,Supplier,W1,SKU_B,5,194
949,Supplier,W1,SKU_C,5,223
949,Supplier,W1,SKU_D,5,135
949,Supplier,W1,SKU_E,5,151
949,Supplier,W2,SKU_A,6,282
949,Supplier,W2,SKU_B,6,80
949,Supplier,W2,SKU_C,6,146
949,Supplier,W2,SKU_D,6,142
949,Supplier,W2,SKU_E,6,103
949,W2,R3,SKU_A,4,250
949,W2,R3,SKU_B,4,109
949,W2,R3,SKU_C,4,125
949,W2,R3,SKU_D,4,121
949,W2,R3,SKU_E,4,110
950,Supplier,W2,SKU_A,6,250
950,Supplier,W2,SKU_B,6,75
950,Supplier,W2,SKU_C,6,151
950,Supplier,W2,SKU_D,6,121
950,Supplier,W2,SKU_E,6,89
950,W1,R1,SKU_A,2,252
950,W1,R1,SKU_D,2,92
950,W1,R1,SKU_B,2,139
950,W1,R1,SKU_C,2,176
950,W1,R1,SKU_E,2,137
950,W1,R2,SKU_A,3,214
950,W1,R2,SKU_B,3,116
950,W1,R2,SKU_C,3,134
950,W1,R2,SKU_D,3,83
950,W1,R2,SKU_E,3,67
950,W2,R3,SKU_A,4,179
950,W2,R3,SKU_B,4,89
950,W2,R3,SKU_C,4,99
950,W2,R3,SKU_D,4,76
950,W2,R3,SKU_E,4,68
951,Supplier,W1,SKU_A,5,501
951,Supplier,W1,SKU_B,5,265
951,Supplier,W1,SKU_C,5,304
951,Supplier,W1,SKU_D,5,175
951,Supplier,W1,SKU_E,5,279
951,Supplier,W2,SKU_A,6,179
951,Supplier,W2,SKU_B,6,79
951,Supplier,W2,SKU_C,6,116
951,Supplier,W2,SKU_D,6,76
951,Supplier,W2,SKU_E,6,84
951,W1,R1,SKU_A,2,134
951,W1,R1,SKU_B,2,65
951,W1,R1,SKU_C,2,88
951,W1,R1,SKU_D,2,48
951,W1,R1,SKU_E,2,62
951,W1,R2,SKU_A,3,141
951,W1,R2,SKU_B,3,145
951,W1,R2,SKU_C,3,157
951,W1,R2,SKU_D,3,28
951,W1,R2,SKU_E,3,99
951,W2,R3,SKU_A,4,237
951,W2,R3,SKU_B,4,88
951,W2,R3,SKU_C,4,114
951,W2,R3,SKU_D,4,109
951,W2,R3,SKU_E,4,87
952,Supplier,W2,SKU_A,6,237
952,Supplier,W2,SKU_B,6,75
952,Supplier,W2,SKU_C,6,117
952,Supplier,W2,SKU_D,6,109
952,Supplier,W2,SKU_E,6,91
952,W1,R1,SKU_A,2,139
952,W1,R1,SKU_B,2,85
952,W1,R1,SKU_C,2,136
952,W1,R1,SKU_D,2,69
952,W1,R1,SKU_E,2,62
952,W1,R2,SKU_A,3,123
952,W1,R2,SKU_B,3,120
952,W1,R2,SKU_C,3,221
952,W1,R2,SKU_D,3,60
952,W1,R2,SKU_E,3,84
952,W2,R3,SKU_A,4,260
952,W2,R3,SKU_B,4,113
952,W2,R3,SKU_C,4,181
952,W2,R3,SKU_D,4,127
952,W2,R3,SKU_E,4,110
953,Supplier,W1,SKU_A,5,502
953,Supplier,W1,SKU_B,5,293
953,Supplier,W1,SKU_C,5,361
953,Supplier,W1,SKU_D,5,205
953,Supplier,W1,SKU_E,5,240
953,Supplier,W2,SKU_A,6,260
953,Supplier,W2,SKU_B,6,86
953,Supplier,W2,SKU_C,6,148
953,Supplier,W2,SKU_D,6,127
953,Supplier,W2,SKU_E,6,84
953,W1,R1,SKU_A,2,172
953,W1,R1,SKU_B,2,121
953,W1,R1,SKU_C,2,205
953,W1,R1,SKU_D,2,94
953,W1,R1,SKU_E,2,85
953,W1,R2,SKU_A,3,155
953,W1,R2,SKU_B,3,139
953,W1,R2,SKU_C,3,59
953,W1,R2,SKU_D,3,80
953,W1,R2,SKU_E,3,48
953,W2,R3,SKU_A,4,261
953,W2,R3,SKU_B,4,91
953,W2,R3,SKU_C,4,153
953,W2,R3,SKU_D,4,144
953,W2,R3,SKU_E,4,126
954,Supplier,W1,SKU_A,5,327
954,Supplier,W1,SKU_B,5,226
954,Supplier,W1,SKU_C,5,346
954,Supplier,W1,SKU_D,5,174
954,Supplier,W1,SKU_E,5,152
954,Supplier,W2,SKU_A,6,261
954,Supplier,W2,SKU_B,6,75
954,Supplier,W2,SKU_C,6,140
954,Supplier,W2,SKU_D,6,144
954,Supplier,W2,SKU_E,6,108
954,W1,R1,SKU_A,2,198
954,W1,R1,SKU_B,2,123
954,W1,R1,SKU_C,2,157
954,W1,R1,SKU_D,2,89
954,W1,R1,SKU_E,2,85
954,W1,R2,SKU_A,3,134
954,W1,R2,SKU_B,3,71
954,W1,R2,SKU_C,3,66
954,W1,R2,SKU_D,3,56
954,W1,R2,SKU_E,3,66
954,W2,R3,SKU_A,4,284
954,W2,R3,SKU_B,4,102
954,W2,R3,SKU_C,4,148
954,W2,R3,SKU_D,4,159
954,W2,R3,SKU_E,4,114
955,Supplier,W1,SKU_A,5,332
955,Supplier,W1,SKU_B,5,222
955,Supplier,W1,SKU_C,5,262
955,Supplier,W1,SKU_D,5,145
955,Supplier,W1,SKU_E,5,178
955,Supplier,W2,SKU_A,6,284
955,Supplier,W2,SKU_B,6,102
955,Supplier,W2,SKU_C,6,148
955,Supplier,W2,SKU_D,6,159
955,Supplier,W2,SKU_E,6,106
955,W2,R3,SKU_A,4,201
955,W2,R3,SKU_B,4,79
955,W2,R3,SKU_C,4,116
955,W2,R3,SKU_D,4,106
955,W2,R3,SKU_E,4,103
956,Supplier,W2,SKU_A,6,201
956,Supplier,W2,SKU_B,6,79
956,Supplier,W2,SKU_C,6,116
956,Supplier,W2,SKU_D,6,106
956,Supplier,W2,SKU_E,6,92
956,W1,R1,SKU_A,2,240
956,W1,R1,SKU_D,2,84
956,W1,R1,SKU_B,2,126
956,W1,R1,SKU_C,2,167
956,W1,R1,SKU_E,2,114
956,W1,R2,SKU_D,3,121
956,W1,R2,SKU_A,3,208
956,W1,R2,SKU_B,3,139
956,W1,R2,SKU_C,3,137
956,W1,R2,SKU_E,3,165
956,W2,R3,SKU_A,4,175
956,W2,R3,SKU_B,4,90
956,W2,R3,SKU_C,4,102
956,W2,R3,SKU_D,4,87
956,W2,R3,SKU_E,4,89
957,Supplier,W1,SKU_A,5,448
957,Supplier,W1,SKU_B,5,269
957,Supplier,W1,SKU_C,5,330
957,Supplier,W1,SKU_D,5,205
957,Supplier,W1,SKU_E,5,253
957,Supplier,W2,SKU_A,6,175
957,Supplier,W2,SKU_B,6,90
957,Supplier,W2,SKU_C,6,102
957,Supplier,W2,SKU_D,6,87
957,Supplier,W2,SKU_E,6,83
957,W2,R3,SKU_A,4,199
957,W2,R3,SKU_B,4,93
957,W2,R3,SKU_C,4,114
957,W2,R3,SKU_D,4,87
957,W2,R3,SKU_E,4,84
958,Supplier,W2,SKU_A,6,199
958,Supplier,W2,SKU_B,6,93
958,Supplier,W2,SKU_C,6,114
958,Supplier,W2,SKU_D,6,87
958,Supplier,W2,SKU_E,6,84
958,W1,R1,SKU_A,2,252
958,W1,R1,SKU_D,2,69
958,W1,R1,SKU_B,2,162
958,W1,R1,SKU_C,2,186
958,W1,R1,SKU_E,2,127
958,W1,R2,SKU_D,3,56
958,W1,R2,SKU_A,3,188
958,W1,R2,SKU_B,3,131
958,W1,R2,SKU_C,3,175
958,W1,R2,SKU_E,3,113
958,W2,R3,SKU_A,4,175
958,W2,R3,SKU_B,4,89
958,W2,R3,SKU_C,4,104
958,W2,R3,SKU_D,4,100
958,W2,R3,SKU_E,4,91
959,Supplier,W1,SKU_A,5,440
959,Supplier,W1,SKU_B,5,269
959,Supplier,W1,SKU_C,5,305
959,Supplier,W1,SKU_D,5,125
959,Supplier,W1,SKU_E,5,270
959,Supplier,W2,SKU_A,6,175
959,Supplier,W2,SKU_B,6,89
959,Supplier,W2,SKU_C,6,104
959,Supplier,W2,SKU_D,6,100
959,Supplier,W2,SKU_E,6,97
959,W1,R1,SKU_A,2,176
959,W1,R1,SKU_B,2,91
959,W1,R1,SKU_C,2,128
959,W1,R1,SKU_D,2,59
959,W1,R1,SKU_E,2,55
959,W1,R2,SKU_A,3,89
959,W1,R2,SKU_B,3,113
959,W1,R2,SKU_C,3,218
959,W1,R2,SKU_D,3,41
959,W1,R2,SKU_E,3,97
959,W2,R3,SKU_A,4,232
959,W2,R3,SKU_B,4,89
959,W2,R3,SKU_C,4,148
959,W2,R3,SKU_D,4,106
959,W2,R3,SKU_E,4,84
960,Supplier,W2,SKU_A,6,232
960,Supplier,W2,SKU_B,6,89
960,Supplier,W2,SKU_C,6,148
960,Supplier,W2,SKU_D,6,106
960,Supplier,W2,SKU_E,6,116
960,W1,R1,SKU_A,2,200
960,W1,R1,SKU_B,2,118
960,W1,R1,SKU_C,2,159
960,W1,R1,SKU_D,2,76
960,W1,R1,SKU_E,2,115
960,W1,R2,SKU_A,3,122
960,W1,R2,SKU_B,3,75
960,W1,R2,SKU_C,3,79
960,W1,R2,SKU_D,3,60
960,W1,R2,SKU_E,3,63
960,W2,R3,SKU_A,4,273
960,W2,R3,SKU_B,4,97
960,W2,R3,SKU_C,4,165
960,W2,R3,SKU_D,4,158
960,W2,R3,SKU_E,4,108
961,Supplier,W1,SKU_A,5,587
961,Supplier,W1,SKU_B,5,353
961,Supplier,W1,SKU_C,5,434
961,Supplier,W1,SKU_D,5,236
961,Supplier,W1,SKU_E,5,304
961,Supplier,W2,SKU_A,6,273
961,Supplier,W2,SKU_B,6,118
961,Supplier,W2,SKU_C,6,165
961,Supplier,W2,SKU_D,6,158
961,Supplier,W2,SKU_E,6,112
961,W2,R3,SKU_A,4,268
961,W2,R3,SKU_B,4,102
961,W2,R3,SKU_C,4,155
961,W2,R3,SKU_D,4,151
961,W2,R3,SKU_E,4,106
962,Supplier,W2,SKU_A,6,268
962,Supplier,W2,SKU_B,6,90
962,Supplier,W2,SKU_C,6,155
962,Supplier,W2,SKU_D,6,151
962,Supplier,W2,SKU_E,6,104
962,W1,R1,SKU_A,2,308
962,W1,R1,SKU_B,2,139
962,W1,R1,SKU_C,2,269
962,W1,R1,SKU_D,2,96
962,W1,R1,SKU_E,2,148
962,W1,R2,SKU_A,3,252
962,W1,R2,SKU_D,3,98
962,W1,R2,SKU_B,3,123
962,W1,R2,SKU_C,3,85
962,W1,R2,SKU_E,3,105
962,W2,R3,SKU_A,4,172
962,W2,R3,SKU_B,4,69
962,W2,R3,SKU_C,4,110
962,W2,R3,SKU_D,4,92
962,W2,R3,SKU_E,4,92
963,Supplier,W1,SKU_A,5,560
963,Supplier,W1,SKU_B,5,262
963,Supplier,W1,SKU_C,5,425
963,Supplier,W1,SKU_D,5,194
963,Supplier,W1,SKU_E,5,275
963,Supplier,W2,SKU_A,6,172
963,Supplier,W2,SKU_B,6,60
963,Supplier,W2,SKU_C,6,110
963,Supplier,W2,SKU_D,6,92
963,Supplier,W2,SKU_E,6,87
963,W2,R3,SKU_A,4,145
963,W2,R3,SKU_B,4,57
963,W2,R3,SKU_C,4,104
963,W2,R3,SKU_D,4,78
963,W2,R3,SKU_E,4,83
964,Supplier,W2,SKU_A,6,145
964,Supplier,W2,SKU_B,6,57
964,Supplier,W2,SKU_C,6,104
964,Supplier,W2,SKU_D,6,78
964,Supplier,W2,SKU_E,6,71
964,W1,R1,SKU_A,2,231
964,W1,R1,SKU_B,2,133
964,W1,R1,SKU_D,2,77
964,W1,R1,SKU_C,2,178
964,W1,R1,SKU_E,2,113
964,W1,R2,SKU_A,3,197
964,W1,R2,SKU_D,3,80
964,W1,R2,SKU_B,3,108
964,W1,R2,SKU_C,3,127
964,W1,R2,SKU_E,3,157
964,W2,R3,SKU_A,4,167
964,W2,R3,SKU_B,4,53
964,W2,R3,SKU_C,4,80
964,W2,R3,SKU_D,4,103
964,W2,R3,SKU_E,4,80
965,Supplier,W1,SKU_A,5,428
965,Supplier,W1,SKU_B,5,241
965,Supplier,W1,SKU_C,5,284
965,Supplier,W1,SKU_D,5,157
965,Supplier,W1,SKU_E,5,217
965,Supplier,W2,SKU_A,6,167
965,Supplier,W2,SKU_B,6,53
965,Supplier,W2,SKU_C,6,80
965,Supplier,W2,SKU_D,6,103
965,Supplier,W2,SKU_E,6,57
965,W1,R2,SKU_A,3,24
965,W1,R2,SKU_B,3,29
965,W1,R2,SKU_D,3,42
966,Supplier,W2,SKU_A,6,165
966,Supplier,W2,SKU_B,6,36
966,Supplier,W2,SKU_C,6,75
966,Supplier,W2,SKU_D,6,65
966,Supplier,W2,SKU_E,6,55
966,W1,R1,SKU_A,2,241
966,W1,R1,SKU_B,2,132
966,W1,R1,SKU_D,2,87
966,W1,R1,SKU_C,2,170
966,W1,R1,SKU_E,2,107
966,W1,R2,SKU_A,3,192
966,W1,R2,SKU_B,3,76
966,W1,R2,SKU_C,3,179
966,W1,R2,SKU_D,3,44
966,W1,R2,SKU_E,3,147
966,W2,R3,SKU_A,4,312
966,W2,R3,SKU_B,4,74
966,W2,R3,SKU_C,4,144
966,W2,R3,SKU_D,4,139
966,W2,R3,SKU_E,4,129
967,Supplier,W1,SKU_A,5,457
967,Supplier,W1,SKU_B,5,237
967,Supplier,W1,SKU_C,5,299
967,Supplier,W1,SKU_D,5,173
967,Supplier,W1,SKU_E,5,207
967,Supplier,W2,SKU_A,6,147
967,Supplier,W2,SKU_B,6,38
967,Supplier,W2,SKU_C,6,69
967,Supplier,W2,SKU_D,6,74
967,Supplier,W2,SKU_E,6,74
967,W1,R1,SKU_A,2,126
967,W1,R1,SKU_B,2,87
967,W1,R1,SKU_C,2,85
967,W1,R1,SKU_D,2,74
967,W1,R1,SKU_E,2,50
967,W1,R2,SKU_A,3,110
967,W1,R2,SKU_B,3,66
967,W1,R2,SKU_D,3,43
967,W2,R3,SKU_A,4,200
967,W2,R3,SKU_B,4,78
967,W2,R3,SKU_C,4,119
967,W2,R3,SKU_D,4,108
967,W2,R3,SKU_E,4,86
968,Supplier,W2,SKU_A,6,200
968,Supplier,W2,SKU_B,6,78
968,Supplier,W2,SKU_C,6,119
968,Supplier,W2,SKU_D,6,108
968,Supplier,W2,SKU_E,6,86
968,W1,R1,SKU_A,2,190
968,W1,R1,SKU_B,2,116
968,W1,R1,SKU_C,2,189
968,W1,R1,SKU_D,2,91
968,W1,R1,SKU_E,2,121
968,W1,R2,SKU_A,3,138
968,W1,R2,SKU_B,3,60
968,W1,R2,SKU_C,3,137
968,W1,R2,SKU_D,3,46
968,W1,R2,SKU_E,3,152
968,W2,R3,SKU_A,4,194
968,W2,R3,SKU_B,4,76
968,W2,R3,SKU_C,4,109
968,W2,R3,SKU_D,4,110
968,W2,R3,SKU_E,4,106
969,Supplier,W1,SKU_A,5,564
969,Supplier,W1,SKU_B,5,329
969,Supplier,W1,SKU_C,5,411
969,Supplier,W1,SKU_D,5,254
969,Supplier,W1,SKU_E,5,323
969,Supplier,W2,SKU_A,6,194
969,Supplier,W2,SKU_B,6,76
969,Supplier,W2,SKU_C,6,109
969,Supplier,W2,SKU_D,6,110
969,Supplier,W2,SKU_E,6,106
969,W1,R2,SKU_A,3,100
969,W1,R2,SKU_B,3,43
969,W1,R2,SKU_C,3,14
969,W1,R2,SKU_D,3,36
970,Supplier,W2,SKU_A,6,134
970,Supplier,W2,SKU_B,6,50
970,Supplier,W2,SKU_C,6,71
970,Supplier,W2,SKU_D,6,66
970,Supplier,W2,SKU_E,6,66
970,W1,R1,SKU_A,2,235
970,W1,R1,SKU_B,2,134
970,W1,R1,SKU_C,2,152
970,W1,R1,SKU_D,2,109
970,W1,R1,SKU_E,2,131
970,W1,R2,SKU_A,3,77
970,W1,R2,SKU_B,3,41
970,W1,R2,SKU_C,3,81
970,W1,R2,SKU_D,3,43
970,W1,R2,SKU_E,3,88
970,W2,R3,SKU_A,4,300
970,W2,R3,SKU_B,4,112
970,W2,R3,SKU_C,4,144
970,W2,R3,SKU_D,4,137
970,W2,R3,SKU_E,4,131
971,Supplier,W1,SKU_A,5,412
971,Supplier,W1,SKU_B,5,218
971,Supplier,W1,SKU_C,5,247
971,Supplier,W1,SKU_D,5,188
971,Supplier,W1,SKU_E,5,224
971,Supplier,W2,SKU_A,6,166
971,Supplier,W2,SKU_B,6,62
971,Supplier,W2,SKU_C,6,73
971,Supplier,W2,SKU_D,6,71
971,Supplier,W2,SKU_E,6,65
971,W1,R2,SKU_A,3,76
971,W1,R2,SKU_B,3,36
971,W1,R2,SKU_C,3,44
971,W1,R2,SKU_D,3,42
971,W2,R3,SKU_A,4,176
971,W2,R3,SKU_B,4,71
971,W2,R3,SKU_C,4,74
971,W2,R3,SKU_D,4,61
971,W2,R3,SKU_E,4,72
972,Supplier,W2,SKU_A,6,176
972,Supplier,W2,SKU_B,6,71
972,Supplier,W2,SKU_C,6,74
972,Supplier,W2,SKU_D,6,61
972,Supplier,W2,SKU_E,6,72
972,W1,R1,SKU_A,2,217
972,W1,R1,SKU_B,2,126
972,W1,R1,SKU_C,2,140
972,W1,R1,SKU_D,2,77
972,W1,R1,SKU_E,2,96
972,W1,R2,SKU_A,3,92
972,W1,R2,SKU_B,3,54
972,W1,R2,SKU_C,3,67
972,W1,R2,SKU_D,3,36
972,W1,R2,SKU_E,3,111
972,W2,R3,SKU_A,4,175
972,W2,R3,SKU_B,4,59
972,W2,R3,SKU_C,4,102
972,W2,R3,SKU_D,4,72
972,W2,R3,SKU_E,4,68
973,Supplier,W1,SKU_A,5,385
973,Supplier,W1,SKU_B,5,216
973,Supplier,W1,SKU_C,5,251
973,Supplier,W1,SKU_D,5,155
973,Supplier,W1,SKU_E,5,212
973,Supplier,W2,SKU_A,6,175
973,Supplier,W2,SKU_B,6,59
973,Supplier,W2,SKU_C,6,102
973,Supplier,W2,SKU_D,6,72
973,Supplier,W2,SKU_E,6,68
973,W1,R1,SKU_A,2,114
973,W1,R1,SKU_B,2,99
973,W1,R1,SKU_C,2,116
973,W1,R1,SKU_D,2,50
973,W1,R2,SKU_A,3,92
973,W1,R2,SKU_B,3,68
973,W1,R2,SKU_C,3,65
973,W1,R2,SKU_D,3,36
973,W2,R3,SKU_A,4,216
973,W2,R3,SKU_B,4,68
973,W2,R3,SKU_C,4,114
973,W2,R3,SKU_D,4,95
973,W2,R3,SKU_E,4,95
974,Supplier,W2,SKU_A,6,216
974,Supplier,W2,SKU_B,6,68
974,Supplier,W2,SKU_C,6,114
974,Supplier,W2,SKU_D,6,95
974,Supplier,W2,SKU_E,6,95
974,W1,R1,SKU_A,2,167
974,W1,R1,SKU_B,2,98
974,W1,R1,SKU_C,2,149
974,W1,R1,SKU_D,2,81
974,W1,R1,SKU_E,2,157
974,W1,R2,SKU_A,3,123
974,W1,R2,SKU_B,3,80
974,W1,R2,SKU_C,3,92
974,W1,R2,SKU_D,3,54
974,W1,R2,SKU_E,3,166
974,W2,R3,SKU_A,4,239
974,W2,R3,SKU_B,4,103
974,W2,R3,SKU_C,4,127
974,W2,R3,SKU_D,4,113
974,W2,R3,SKU_E,4,87
975,Supplier,W1,SKU_A,5,496
975,Supplier,W1,SKU_B,5,345
975,Supplier,W1,SKU_C,5,422
975,Supplier,W1,SKU_D,5,221
975,Supplier,W1,SKU_E,5,335
975,Supplier,W2,SKU_A,6,239
975,Supplier,W2,SKU_B,6,103
975,Supplier,W2,SKU_C,6,127
975,Supplier,W2,SKU_D,6,113
975,Supplier,W2,SKU_E,6,87
975,W1,R1,SKU_A,2,163
975,W1,R1,SKU_B,2,119
975,W1,R1,SKU_C,2,128
975,W1,R1,SKU_D,2,75
975,W1,R2,SKU_A,3,130
975,W1,R2,SKU_B,3,44
975,W1,R2,SKU_C,3,45
975,W1,R2,SKU_D,3,50
975,W2,R3,SKU_A,4,244
975,W2,R3,SKU_B,4,59
975,W2,R3,SKU_C,4,93
975,W2,R3,SKU_D,4,110
975,W2,R3,SKU_E,4,101
976,Supplier,W1,SKU_A,5,293
976,Supplier,W1,SKU_B,5,203
976,Supplier,W1,SKU_C,5,208
976,Supplier,W1,SKU_D,5,125
976,Supplier,W1,SKU_E,5,149
976,Supplier,W2,SKU_A,6,244
976,Supplier,W2,SKU_B,6,59
976,Supplier,W2,SKU_C,6,93
976,Supplier,W2,SKU_D,6,110
976,Supplier,W2,SKU_E,6,101
976,W1,R1,SKU_A,2,108
976,W1,R1,SKU_B,2,74
976,W1,R1,SKU_C,2,76
976,W1,R1,SKU_D,2,45
976,W1,R1,SKU_E,2,139
976,W1,R2,SKU_A,3,86
976,W1,R2,SKU_B,3,86
976,W1,R2,SKU_C,3,77
976,W1,R2,SKU_D,3,38
976,W1,R2,SKU_E,3,85
976,W2,R3,SKU_A,4,169
976,W2,R3,SKU_B,4,62
976,W2,R3,SKU_C,4,76
976,W2,R3,SKU_D,4,88
976,W2,R3,SKU_E,4,66
977,Supplier,W2,SKU_A,6,169
977,Supplier,W2,SKU_B,6,62
977,Supplier,W2,SKU_C,6,76
977,Supplier,W2,SKU_D,6,88
977,Supplier,W2,SKU_E,6,66
977,W2,R3,SKU_A,4,213
977,W2,R3,SKU_B,4,91
977,W2,R3,SKU_C,4,111
977,W2,R3,SKU_D,4,118
977,W2,R3,SKU_E,4,95
978,Supplier,W1,SKU_A,5,403
978,Supplier,W1,SKU_B,5,230
978,Supplier,W1,SKU_C,5,258
978,Supplier,W1,SKU_D,5,148
978,Supplier,W1,SKU_E,5,244
978,Supplier,W2,SKU_A,6,213
978,Supplier,W2,SKU_B,6,91
978,Supplier,W2,SKU_C,6,111
978,Supplier,W2,SKU_D,6,118
978,Supplier,W2,SKU_E,6,95
978,W1,R1,SKU_A,2,226
978,W1,R1,SKU_B,2,124
978,W1,R1,SKU_C,2,159
978,W1,R1,SKU_D,2,77
978,W1,R1,SKU_E,2,124
978,W1,R2,SKU_A,3,190
978,W1,R2,SKU_C,3,104
978,W1,R2,SKU_D,3,73
978,W1,R2,SKU_B,3,104
978,W1,R2,SKU_E,3,88
978,W2,R3,SKU_A,4,164
978,W2,R3,SKU_B,4,65
978,W2,R3,SKU_C,4,72
978,W2,R3,SKU_D,4,97
978,W2,R3,SKU_E,4,76
979,Supplier,W2,SKU_A,6,164
979,Supplier,W2,SKU_B,6,65
979,Supplier,W2,SKU_C,6,72
979,Supplier,W2,SKU_D,6,97
979,Supplier,W2,SKU_E,6,76
979,W1,R2,SKU_A,3,123
979,W1,R2,SKU_C,3,12
979,W1,R2,SKU_D,3,43
979,W2,R3,SKU_A,4,218
979,W2,R3,SKU_B,4,76
979,W2,R3,SKU_C,4,88
979,W2,R3,SKU_D,4,95
979,W2,R3,SKU_E,4,92
980,Supplier,W1,SKU_A,5,459
980,Supplier,W1,SKU_B,5,232
980,Supplier,W1,SKU_C,5,241
980,Supplier,W1,SKU_D,5,203
980,Supplier,W1,SKU_E,5,270
980,Supplier,W2,SKU_A,6,218
980,Supplier,W2,SKU_B,6,76
980,Supplier,W2,SKU_C,6,88
980,Supplier,W2,SKU_D,6,95
980,Supplier,W2,SKU_E,6,92
980,W1,R1,SKU_A,2,260
980,W1,R1,SKU_B,2,138
980,W1,R1,SKU_C,2,181
980,W1,R1,SKU_D,2,135
980,W1,R1,SKU_E,2,143
980,W1,R2,SKU_A,3,126
980,W1,R2,SKU_B,3,118
980,W1,R2,SKU_C,3,116
980,W1,R2,SKU_D,3,46
980,W1,R2,SKU_E,3,192
980,W2,R3,SKU_A,4,246
980,W2,R3,SKU_B,4,67
980,W2,R3,SKU_C,4,76
980,W2,R3,SKU_D,4,107
980,W2,R3,SKU_E,4,93
981,Supplier,W2,SKU_A,6,246
981,Supplier,W2,SKU_B,6,67
981,Supplier,W2,SKU_C,6,76
981,Supplier,W2,SKU_D,6,107
981,Supplier,W2,SKU_E,6,93
981,W1,R1,SKU_A,2,182
981,W1,R1,SKU_B,2,164
981,W1,R1,SKU_C,2,160
981,W1,R1,SKU_D,2,94
981,W1,R1,SKU_E,2,108
981,W1,R2,SKU_A,3,125
981,W1,R2,SKU_B,3,81
981,W1,R2,SKU_C,3,108
981,W1,R2,SKU_D,3,62
981,W1,R2,SKU_E,3,41
981,W2,R3,SKU_A,4,249
981,W2,R3,SKU_B,4,127
981,W2,R3,SKU_C,4,161
981,W2,R3,SKU_D,4,132
981,W2,R3,SKU_E,4,111
982,Supplier,W1,SKU_A,5,564
982,Supplier,W1,SKU_B,5,387
982,Supplier,W1,SKU_C,5,459
982,Supplier,W1,SKU_D,5,262
982,Supplier,W1,SKU_E,5,356
982,Supplier,W2,SKU_A,6,249
982,Supplier,W2,SKU_B,6,127
982,Supplier,W2,SKU_C,6,161
982,Supplier,W2,SKU_D,6,132
982,Supplier,W2,SKU_E,6,111
982,W1,R1,SKU_A,2,203
982,W1,R1,SKU_B,2,93
982,W1,R1,SKU_C,2,105
982,W1,R1,SKU_D,2,73
982,W1,R2,SKU_A,3,107
982,W1,R2,SKU_C,3,30
982,W1,R2,SKU_D,3,76
982,W2,R3,SKU_A,4,245
982,W2,R3,SKU_B,4,65
982,W2,R3,SKU_C,4,105
982,W2,R3,SKU_D,4,110
982,W2,R3,SKU_E,4,107
983,Supplier,W1,SKU_A,5,333
983,Supplier,W1,SKU_B,5,248
983,Supplier,W1,SKU_C,5,227
983,Supplier,W1,SKU_D,5,149
983,Supplier,W1,SKU_E,5,177
983,Supplier,W2,SKU_A,6,245
983,Supplier,W2,SKU_B,6,65
983,Supplier,W2,SKU_C,6,105
983,Supplier,W2,SKU_D,6,110
983,Supplier,W2,SKU_E,6,107
983,W1,R1,SKU_A,2,128
983,W1,R1,SKU_B,2,123
983,W1,R1,SKU_C,2,61
983,W1,R1,SKU_D,2,51
983,W1,R1,SKU_E,2,177
983,W1,R2,SKU_A,3,124
983,W1,R2,SKU_B,3,107
983,W1,R2,SKU_C,3,154
983,W1,R2,SKU_D,3,73
983,W1,R2,SKU_E,3,67
983,W2,R3,SKU_A,4,169
983,W2,R3,SKU_B,4,63
983,W2,R3,SKU_C,4,82
983,W2,R3,SKU_D,4,75
983,W2,R3,SKU_E,4,74
984,Supplier,W2,SKU_A,6,169
984,Supplier,W2,SKU_B,6,63
984,Supplier,W2,SKU_C,6,82
984,Supplier,W2,SKU_D,6,75
984,Supplier,W2,SKU_E,6,79
984,W2,R3,SKU_A,4,148
984,W2,R3,SKU_B,4,70
984,W2,R3,SKU_C,4,81
984,W2,R3,SKU_D,4,83
984,W2,R3,SKU_E,4,86
985,Supplier,W1,SKU_A,5,438
985,Supplier,W1,SKU_B,5,271
985,Supplier,W1,SKU_C,5,249
985,Supplier,W1,SKU_D,5,218
985,Supplier,W1,SKU_E,5,263
985,Supplier,W2,SKU_A,6,148
985,Supplier,W2,SKU_B,6,70
985,Supplier,W2,SKU_C,6,81
985,Supplier,W2,SKU_D,6,83
985,Supplier,W2,SKU_E,6,81
985,W1,R1,SKU_A,2,184
985,W1,R1,SKU_C,2,122
985,W1,R1,SKU_D,2,84
985,W1,R1,SKU_B,2,129
985,W1,R1,SKU_E,2,119
985,W1,R2,SKU_A,3,240
985,W1,R2,SKU_D,3,93
985,W1,R2,SKU_B,3,103
985,W1,R2,SKU_C,3,119
985,W1,R2,SKU_E,3,151
985,W2,R3,SKU_A,4,191
985,W2,R3,SKU_B,4,79
985,W2,R3,SKU_C,4,85
985,W2,R3,SKU_D,4,86
985,W2,R3,SKU_E,4,77
986,Supplier,W2,SKU_A,6,191
986,Supplier,W2,SKU_B,6,79
986,Supplier,W2,SKU_C,6,85
986,Supplier,W2,SKU_D,6,86
986,Supplier,W2,SKU_E,6,77
986,W2,R3,SKU_A,4,190
986,W2,R3,SKU_B,4,69
986,W2,R3,SKU_C,4,88
986,W2,R3,SKU_D,4,84
986,W2,R3,SKU_E,4,96
987,Supplier,W1,SKU_A,5,444
987,Supplier,W1,SKU_B,5,263
987,Supplier,W1,SKU_C,5,274
987,Supplier,W1,SKU_D,5,170
987,Supplier,W1,SKU_E,5,257
987,Supplier,W2,SKU_A,6,190
987,Supplier,W2,SKU_B,6,69
987,Supplier,W2,SKU_C,6,88
987,Supplier,W2,SKU_D,6,84
987,Supplier,W2,SKU_E,6,96
987,W1,R1,SKU_A,2,256
987,W1,R1,SKU_C,2,188
987,W1,R1,SKU_D,2,105
987,W1,R1,SKU_B,2,175
987,W1,R1,SKU_E,2,141
987,W1,R2,SKU_A,3,226
987,W1,R2,SKU_D,3,93
987,W1,R2,SKU_B,3,212
987,W1,R2,SKU_C,3,123
987,W1,R2,SKU_E,3,215
987,W2,R3,SKU_A,4,247
987,W2,R3,SKU_B,4,105
987,W2,R3,SKU_C,4,87
987,W2,R3,SKU_D,4,101
987,W2,R3,SKU_E,4,97
988,Supplier,W2,SKU_A,6,247
988,Supplier,W2,SKU_B,6,105
988,Supplier,W2,SKU_C,6,87
988,Supplier,W2,SKU_D,6,101
988,Supplier,W2,SKU_E,6,116
988,W1,R1,SKU_A,2,176
988,W1,R1,SKU_B,2,119
988,W1,R1,SKU_C,2,159
988,W1,R1,SKU_D,2,81
988,W1,R1,SKU_E,2,83
988,W1,R2,SKU_A,3,120
988,W1,R2,SKU_B,3,67
988,W1,R2,SKU_C,3,71
988,W1,R2,SKU_D,3,57
988,W1,R2,SKU_E,3,94
988,W2,R3,SKU_A,4,256
988,W2,R3,SKU_B,4,85
988,W2,R3,SKU_C,4,129
988,W2,R3,SKU_D,4,135
988,W2,R3,SKU_E,4,111
989,Supplier,W1,SKU_A,5,549
989,Supplier,W1,SKU_B,5,346
989,Supplier,W1,SKU_C,5,382
989,Supplier,W1,SKU_D,5,249
989,Supplier,W1,SKU_E,5,315
989,Supplier,W2,SKU_A,6,256
989,Supplier,W2,SKU_B,6,85
989,Supplier,W2,SKU_C,6,129
989,Supplier,W2,SKU_D,6,135
989,Supplier,W2,SKU_E,6,94
989,W1,R1,SKU_A,2,203
989,W1,R1,SKU_B,2,62
989,W1,R1,SKU_C,2,137
989,W1,R1,SKU_D,2,85
989,W1,R2,SKU_A,3,101
989,W1,R2,SKU_C,3,51
989,W1,R2,SKU_D,3,56
989,W2,R3,SKU_A,4,238
989,W2,R3,SKU_B,4,79
989,W2,R3,SKU_C,4,94
989,W2,R3,SKU_D,4,109
989,W2,R3,SKU_E,4,82
990,Supplier,W1,SKU_A,5,304
990,Supplier,W1,SKU_B,5,172
990,Supplier,W1,SKU_C,5,220
990,Supplier,W1,SKU_D,5,141
990,Supplier,W1,SKU_E,5,152
990,Supplier,W2,SKU_A,6,238
990,Supplier,W2,SKU_B,6,79
990,Supplier,W2,SKU_C,6,94
990,Supplier,W2,SKU_D,6,109
990,Supplier,W2,SKU_E,6,80
990,W1,R1,SKU_A,2,153
990,W1,R1,SKU_B,2,116
990,W1,R1,SKU_C,2,103
990,W1,R1,SKU_D,2,45
990,W1,R1,SKU_E,2,142
990,W1,R2,SKU_A,3,86
990,W1,R2,SKU_B,3,102
990,W1,R2,SKU_C,3,93
990,W1,R2,SKU_D,3,40
990,W1,R2,SKU_E,3,121
990,W2,R3,SKU_A,4,187
990,W2,R3,SKU_B,4,51
990,W2,R3,SKU_C,4,79
990,W2,R3,SKU_D,4,106
990,W2,R3,SKU_E,4,68
991,Supplier,W2,SKU_A,6,187
991,Supplier,W2,SKU_B,6,51
991,Supplier,W2,SKU_C,6,79
991,Supplier,W2,SKU_D,6,106
991,Supplier,W2,SKU_E,6,68
991,W2,R3,SKU_A,4,179
991,W2,R3,SKU_B,4,57
991,W2,R3,SKU_C,4,82
991,W2,R3,SKU_D,4,97
991,W2,R3,SKU_E,4,96
992,Supplier,W1,SKU_A,5,462
992,Supplier,W1,SKU_B,5,231
992,Supplier,W1,SKU_C,5,284
992,Supplier,W1,SKU_D,5,204
992,Supplier,W1,SKU_E,5,258
992,Supplier,W2,SKU_A,6,179
992,Supplier,W2,SKU_B,6,57
992,Supplier,W2,SKU_C,6,82
992,Supplier,W2,SKU_D,6,97
992,Supplier,W2,SKU_E,6,96
992,W1,R1,SKU_A,2,253
992,W1,R1,SKU_B,2,137
992,W1,R1,SKU_C,2,146
992,W1,R1,SKU_D,2,113
992,W1,R1,SKU_E,2,98
992,W1,R2,SKU_A,3,218
992,W1,R2,SKU_D,3,116
992,W1,R2,SKU_B,3,97
992,W1,R2,SKU_C,3,109
992,W1,R2,SKU_E,3,159
992,W2,R3,SKU_A,4,164
992,W2,R3,SKU_B,4,42
992,W2,R3,SKU_C,4,63
992,W2,R3,SKU_D,4,97
992,W2,R3,SKU_E,4,74
993,Supplier,W2,SKU_A,6,164
993,Supplier,W2,SKU_B,6,42
993,Supplier,W2,SKU_C,6,63
993,Supplier,W2,SKU_D,6,97
993,Supplier,W2,SKU_E,6,74
993,W2,R3,SKU_A,4,169
993,W2,R3,SKU_B,4,58
993,W2,R3,SKU_C,4,70
993,W2,R3,SKU_D,4,95
993,W2,R3,SKU_E,4,64
994,Supplier,W1,SKU_A,5,504
994,Supplier,W1,SKU_B,5,245
994,Supplier,W1,SKU_C,5,263
994,Supplier,W1,SKU_D,5,213
994,Supplier,W1,SKU_E,5,198
994,Supplier,W2,SKU_A,6,169
994,Supplier,W2,SKU_B,6,58
994,Supplier,W2,SKU_C,6,70
994,Supplier,W2,SKU_D,6,95
994,Supplier,W2,SKU_E,6,64
994,W1,R1,SKU_A,2,292
994,W1,R1,SKU_B,2,152
994,W1,R1,SKU_C,2,167
994,W1,R1,SKU_D,2,125
994,W1,R1,SKU_E,2,118
994,W1,R2,SKU_A,3,216
994,W1,R2,SKU_B,3,124
994,W1,R2,SKU_C,3,125
994,W1,R2,SKU_D,3,103
994,W1,R2,SKU_E,3,164
994,W2,R3,SKU_A,4,183
994,W2,R3,SKU_B,4,46
994,W2,R3,SKU_C,4,81
994,W2,R3,SKU_D,4,96
994,W2,R3,SKU_E,4,93
995,Supplier,W2,SKU_A,6,183
995,Supplier,W2,SKU_B,6,46
995,Supplier,W2,SKU_C,6,81
995,Supplier,W2,SKU_D,6,96
995,Supplier,W2,SKU_E,6,93
995,W1,R1,SKU_A,2,210
995,W1,R1,SKU_B,2,134
995,W1,R1,SKU_C,2,161
995,W1,R1,SKU_D,2,96
995,W1,R1,SKU_E,2,79
995,W1,R2,SKU_A,3,126
995,W1,R2,SKU_B,3,73
995,W1,R2,SKU_C,3,83
995,W1,R2,SKU_D,3,56
995,W1,R2,SKU_E,3,49
995,W2,R3,SKU_A,4,252
995,W2,R3,SKU_B,4,76
995,W2,R3,SKU_C,4,97
995,W2,R3,SKU_D,4,149
995,W2,R3,SKU_E,4,111
996,Supplier,W1,SKU_A,5,588
996,Supplier,W1,SKU_B,5,349
996,Supplier,W1,SKU_C,5,408
996,Supplier,W1,SKU_D,5,277
996,Supplier,W1,SKU_E,5,236
996,Supplier,W2,SKU_A,6,252
996,Supplier,W2,SKU_B,6,76
996,Supplier,W2,SKU_C,6,97
996,Supplier,W2,SKU_D,6,149
996,Supplier,W2,SKU_E,6,111
996,W1,R1,SKU_A,2,182
996,W1,R1,SKU_B,2,95
996,W1,R1,SKU_C,2,138
996,W1,R1,SKU_D,2,90
996,W1,R1,SKU_E,2,57
996,W2,R3,SKU_A,4,269
996,W2,R3,SKU_B,4,88
996,W2,R3,SKU_C,4,122
996,W2,R3,SKU_D,4,123
996,W2,R3,SKU_E,4,121
997,Supplier,W1,SKU_A,5,328
997,Supplier,W1,SKU_B,5,162
997,Supplier,W1,SKU_C,5,228
997,Supplier,W1,SKU_D,5,147
997,Supplier,W1,SKU_E,5,135
997,Supplier,W2,SKU_A,6,269
997,Supplier,W2,SKU_B,6,88
997,Supplier,W2,SKU_C,6,122
997,Supplier,W2,SKU_D,6,123
997,Supplier,W2,SKU_E,6,121
997,W1,R1,SKU_A,2,143
997,W1,R1,SKU_B,2,51
997,W1,R1,SKU_C,2,87
997,W1,R1,SKU_D,2,61
997,W1,R1,SKU_E,2,89
997,W1,R2,SKU_B,3,111
997,W1,R2,SKU_D,3,101
997,W1,R2,SKU_A,3,219
997,W1,R2,SKU_C,3,122
997,W1,R2,SKU_E,3,110
998,Supplier,W2,SKU_A,6,146
998,Supplier,W2,SKU_B,6,54
998,Supplier,W2,SKU_C,6,84
998,Supplier,W2,SKU_D,6,75
998,Supplier,W2,SKU_E,6,55
998,W2,R3,SKU_A,4,293
998,W2,R3,SKU_B,4,94
998,W2,R3,SKU_C,4,150
998,W2,R3,SKU_D,4,154
998,W2,R3,SKU_E,4,129
999,Supplier,W1,SKU_A,5,421
999,Supplier,W1,SKU_B,5,212
999,Supplier,W1,SKU_C,5,252
999,Supplier,W1,SKU_D,5,196
999,Supplier,W1,SKU_E,5,210
999,Supplier,W2,SKU_A,6,147
999,Supplier,W2,SKU_B,6,40
999,Supplier,W2,SKU_C,6,66
999,Supplier,W2,SKU_D,6,79
999,Supplier,W2,SKU_E,6,74
999,W1,R1,SKU_A,2,242
999,W1,R1,SKU_B,2,122
999,W1,R1,SKU_C,2,130
999,W1,R1,SKU_D,2,111
999,W1,R1,SKU_E,2,86
999,W1,R2,SKU_B,3,87
999,W1,R2,SKU_C,3,125
999,W1,R2,SKU_D,3,79
999,W1,R2,SKU_E,3,94
999,W1,R2,SKU_A,3,171
1000,Supplier,W2,SKU_A,6,133
1000,Supplier,W2,SKU_B,6,54
1000,Supplier,W2,SKU_C,6,72
1000,Supplier,W2,SKU_D,6,72
1000,Supplier,W2,SKU_E,6,65
1000,W1,R1,SKU_A,2,113
1000,W1,R1,SKU_B,2,74
1000,W1,R1,SKU_C,2,51
1000,W1,R1,SKU_D,2,54
1000,W1,R1,SKU_E,2,60
1000,W1,R2,SKU_A,3,75
1000,W1,R2,SKU_B,3,34
1000,W1,R2,SKU_C,3,32
1000,W1,R2,SKU_D,3,35
1000,W1,R2,SKU_E,3,17
1000,W2,R3,SKU_A,4,287
1000,W2,R3,SKU_B,4,120
1000,W2,R3,SKU_C,4,145
1000,W2,R3,SKU_D,4,146
1000,W2,R3,SKU_E,4,146
1001,Supplier,W1,SKU_A,5,396
1001,Supplier,W1,SKU_B,5,200
1001,Supplier,W1,SKU_C,5,209
1001,Supplier,W1,SKU_D,5,188
1001,Supplier,W1,SKU_E,5,210
1001,Supplier,W2,SKU_A,6,154
1001,Supplier,W2,SKU_B,6,66
1001,Supplier,W2,SKU_C,6,73
1001,Supplier,W2,SKU_D,6,74
1001,Supplier,W2,SKU_E,6,81
1001,W1,R1,SKU_A,2,155
1001,W1,R1,SKU_B,2,94
1001,W1,R1,SKU_C,2,105
1001,W1,R1,SKU_D,2,85
1001,W1,R1,SKU_E,2,82
1001,W1,R2,SKU_A,3,104
1001,W1,R2,SKU_B,3,53
1001,W1,R2,SKU_C,3,70
1001,W1,R2,SKU_D,3,49
1001,W1,R2,SKU_E,3,108
1001,W2,R3,SKU_A,4,178
1001,W2,R3,SKU_B,4,72
1001,W2,R3,SKU_C,4,84
1001,W2,R3,SKU_D,4,87
1001,W2,R3,SKU_E,4,90
1002,Supplier,W2,SKU_A,6,178
1002,Supplier,W2,SKU_B,6,72
1002,Supplier,W2,SKU_C,6,84
1002,Supplier,W2,SKU_D,6,87
1002,Supplier,W2,SKU_E,6,90
1002,W1,R1,SKU_A,2,209
1002,W1,R1,SKU_B,2,135
1002,W1,R1,SKU_C,2,136
1002,W1,R1,SKU_D,2,104
1002,W1,R1,SKU_E,2,95
1002,W1,R2,SKU_A,3,112
1002,W1,R2,SKU_B,3,98
1002,W1,R2,SKU_C,3,78
1002,W1,R2,SKU_D,3,57
1002,W1,R2,SKU_E,3,63
1002,W2,R3,SKU_A,4,206
1002,W2,R3,SKU_B,4,111
1002,W2,R3,SKU_C,4,120
1002,W2,R3,SKU_D,4,155
1002,W2,R3,SKU_E,4,105
1003,Supplier,W1,SKU_A,5,580
1003,Supplier,W1,SKU_B,5,380
1003,Supplier,W1,SKU_C,5,385
1003,Supplier,W1,SKU_D,5,295
1003,Supplier,W1,SKU_E,5,306
1003,Supplier,W2,SKU_A,6,206
1003,Supplier,W2,SKU_B,6,111
1003,Supplier,W2,SKU_C,6,120
1003,Supplier,W2,SKU_D,6,155
1003,Supplier,W2,SKU_E,6,105
1003,W1,R1,SKU_A,2,171
1003,W1,R1,SKU_B,2,117
1003,W1,R1,SKU_C,2,110
1003,W1,R1,SKU_D,2,77
1003,W1,R1,SKU_E,2,23
1003,W1,R2,SKU_A,3,98
1003,W1,R2,SKU_B,3,33
1003,W1,R2,SKU_C,3,63
1003,W1,R2,SKU_D,3,41
1003,W2,R3,SKU_A,4,165
1003,W2,R3,SKU_B,4,87
1003,W2,R3,SKU_C,4,86
1003,W2,R3,SKU_D,4,79
1003,W2,R3,SKU_E,4,91
1004,Supplier,W2,SKU_A,6,165
1004,Supplier,W2,SKU_B,6,87
1004,Supplier,W2,SKU_C,6,86
1004,Supplier,W2,SKU_D,6,79
1004,Supplier,W2,SKU_E,6,91
1004,W1,R1,SKU_A,2,140
1004,W1,R1,SKU_B,2,64
1004,W1,R1,SKU_C,2,74
1004,W1,R1,SKU_D,2,42
1004,W1,R1,SKU_E,2,100
1004,W1,R2,SKU_A,3,85
1004,W1,R2,SKU_B,3,70
1004,W1,R2,SKU_C,3,51
1004,W1,R2,SKU_D,3,31
1004,W1,R2,SKU_E,3,100
1005,Supplier,W1,SKU_A,5,494
1005,Supplier,W1,SKU_B,5,284
1005,Supplier,W1,SKU_C,5,298
1005,Supplier,W1,SKU_D,5,191
1005,Supplier,W1,SKU_E,5,223
1005,Supplier,W2,SKU_A,6,129
1005,Supplier,W2,SKU_B,6,69
1005,Supplier,W2,SKU_C,6,76
1005,Supplier,W2,SKU_D,6,61
1005,Supplier,W2,SKU_E,6,55
1005,W1,R2,SKU_A,3,85
1005,W1,R2,SKU_B,3,28
1005,W1,R2,SKU_C,3,46
1005,W1,R2,SKU_D,3,37
1005,W2,R3,SKU_A,4,263
1005,W2,R3,SKU_B,4,122
1005,W2,R3,SKU_C,4,135
1005,W2,R3,SKU_D,4,139
1005,W2,R3,SKU_E,4,133
1006,Supplier,W2,SKU_A,6,134
1006,Supplier,W2,SKU_B,6,53
1006,Supplier,W2,SKU_C,6,59
1006,Supplier,W2,SKU_D,6,78
1006,Supplier,W2,SKU_E,6,78
1006,W1,R1,SKU_A,2,285
1006,W1,R1,SKU_B,2,106
1006,W1,R1,SKU_C,2,189
1006,W1,R1,SKU_D,2,150
1006,W1,R1,SKU_E,2,108
1006,W1,R2,SKU_A,3,108
1006,W1,R2,SKU_B,3,58
1006,W1,R2,SKU_C,3,57
1006,W1,R2,SKU_D,3,45
1006,W1,R2,SKU_E,3,101
1007,Supplier,W1,SKU_A,5,478
1007,Supplier,W1,SKU_B,5,192
1007,Supplier,W1,SKU_C,5,292
1007,Supplier,W1,SKU_D,5,232
1007,Supplier,W1,SKU_E,5,209
1007,Supplier,W2,SKU_A,6,157
1007,Supplier,W2,SKU_B,6,41
1007,Supplier,W2,SKU_C,6,69
1007,Supplier,W2,SKU_D,6,76
1007,Supplier,W2,SKU_E,6,74
1007,W1,R2,SKU_A,3,70
1007,W1,R2,SKU_B,3,36
1007,W1,R2,SKU_C,3,35
1007,W1,R2,SKU_D,3,30
1007,W2,R3,SKU_A,4,325
1007,W2,R3,SKU_B,4,97
1007,W2,R3,SKU_C,4,131
1007,W2,R3,SKU_D,4,136
1007,W2,R3,SKU_E,4,166
1008,Supplier,W2,SKU_A,6,168
1008,Supplier,W2,SKU_B,6,56
1008,Supplier,W2,SKU_C,6,62
1008,Supplier,W2,SKU_D,6,60
1008,Supplier,W2,SKU_E,6,92
1008,W1,R1,SKU_A,2,277
1008,W1,R1,SKU_B,2,129
1008,W1,R1,SKU_C,2,194
1008,W1,R1,SKU_D,2,123
1008,W1,R1,SKU_E,2,134
1008,W1,R2,SKU_A,3,115
1008,W1,R2,SKU_B,3,73
1008,W1,R2,SKU_C,3,106
1008,W1,R2,SKU_D,3,44
1008,W1,R2,SKU_E,3,143
1008,W2,R3,SKU_A,4,212
1008,W2,R3,SKU_B,4,79
1008,W2,R3,SKU_C,4,89
1008,W2,R3,SKU_D,4,113
1008,W2,R3,SKU_E,4,116
1009,Supplier,W1,SKU_A,5,462
1009,Supplier,W1,SKU_B,5,238
1009,Supplier,W1,SKU_C,5,335
1009,Supplier,W1,SKU_D,5,197
1009,Supplier,W1,SKU_E,5,277
1009,Supplier,W2,SKU_A,6,212
1009,Supplier,W2,SKU_B,6,79
1009,Supplier,W2,SKU_C,6,89
1009,Supplier,W2,SKU_D,6,113
1009,Supplier,W2,SKU_E,6,116
1009,W1,R1,SKU_A,2,174
1009,W1,R1,SKU_B,2,104
1009,W1,R1,SKU_C,2,153
1009,W1,R1,SKU_D,2,90
1009,W1,R1,SKU_E,2,40
1009,W1,R2,SKU_A,3,119
1009,W1,R2,SKU_B,3,73
1009,W1,R2,SKU_C,3,15
1009,W1,R2,SKU_D,3,49
1009,W2,R3,SKU_A,4,204
1009,W2,R3,SKU_B,4,88
1009,W2,R3,SKU_C,4,118
1009,W2,R3,SKU_D,4,116
1009,W2,R3,SKU_E,4,113
1010,Supplier,W1,SKU_A,5,293
1010,Supplier,W1,SKU_B,5,177
1010,Supplier,W1,SKU_C,5,214
1010,Supplier,W1,SKU_D,5,139
1010,Supplier,W1,SKU_E,5,150
1010,Supplier,W2,SKU_A,6,204
1010,Supplier,W2,SKU_B,6,88
1010,Supplier,W2,SKU_C,6,118
1010,Supplier,W2,SKU_D,6,116
1010,Supplier,W2,SKU_E,6,113
1010,W1,R1,SKU_A,2,220
1010,W1,R1,SKU_B,2,88
1010,W1,R1,SKU_C,2,134
1010,W1,R1,SKU_D,2,101
1010,W1,R1,SKU_E,2,121
1010,W1,R2,SKU_A,3,112
1010,W1,R2,SKU_B,3,69
1010,W1,R2,SKU_C,3,119
1010,W1,R2,SKU_D,3,55
1010,W1,R2,SKU_E,3,102
1010,W2,R3,SKU_A,4,237
1010,W2,R3,SKU_B,4,70
1010,W2,R3,SKU_C,4,107
1010,W2,R3,SKU_D,4,109
1010,W2,R3,SKU_E,4,95
1011,Supplier,W1,SKU_A,5,332
1011,Supplier,W1,SKU_B,5,157
1011,Supplier,W1,SKU_C,5,207
1011,Supplier,W1,SKU_D,5,156
1011,Supplier,W1,SKU_E,5,163
1011,Supplier,W2,SKU_A,6,237
1011,Supplier,W2,SKU_B,6,70
1011,Supplier,W2,SKU_C,6,107
1011,Supplier,W2,SKU_D,6,109
1011,Supplier,W2,SKU_E,6,95
1011,W1,R2,SKU_A,3,58
1011,W1,R2,SKU_B,3,42
1011,W1,R2,SKU_D,3,38
1012,Supplier,W2,SKU_A,6,109
1012,Supplier,W2,SKU_B,6,59
1012,Supplier,W2,SKU_C,6,44
1012,Supplier,W2,SKU_D,6,50
1012,Supplier,W2,SKU_E,6,81
1012,W1,R1,SKU_A,2,250
1012,W1,R1,SKU_B,2,103
1012,W1,R1,SKU_C,2,148
1012,W1,R1,SKU_D,2,121
1012,W1,R1,SKU_E,2,115
1012,W1,R2,SKU_A,3,116
1012,W1,R2,SKU_B,3,48
1012,W1,R2,SKU_C,3,89
1012,W1,R2,SKU_D,3,36
1012,W1,R2,SKU_E,3,94
1012,W2,R3,SKU_A,4,279
1012,W2,R3,SKU_B,4,104
1012,W2,R3,SKU_C,4,131
1012,W2,R3,SKU_D,4,141
1012,W2,R3,SKU_E,4,155
1013,Supplier,W1,SKU_A,5,424
1013,Supplier,W1,SKU_B,5,193
1013,Supplier,W1,SKU_C,5,237
1013,Supplier,W1,SKU_D,5,195
1013,Supplier,W1,SKU_E,5,216
1013,Supplier,W2,SKU_A,6,170
1013,Supplier,W2,SKU_B,6,45
1013,Supplier,W2,SKU_C,6,87
1013,Supplier,W2,SKU_D,6,91
1013,Supplier,W2,SKU_E,6,74
1013,W1,R2,SKU_A,3,109
1013,W1,R2,SKU_B,3,59
1013,W1,R2,SKU_C,3,23
1013,W1,R2,SKU_D,3,52
1014,Supplier,W2,SKU_A,6,139
1014,Supplier,W2,SKU_B,6,40
1014,Supplier,W2,SKU_C,6,61
1014,Supplier,W2,SKU_D,6,84
1014,Supplier,W2,SKU_E,6,79
1014,W1,R1,SKU_A,2,221
1014,W1,R1,SKU_B,2,110
1014,W1,R1,SKU_C,2,166
1014,W1,R1,SKU_D,2,117
1014,W1,R1,SKU_E,2,93
1014,W1,R2,SKU_A,3,85
1014,W1,R2,SKU_B,3,46
1014,W1,R2,SKU_C,3,81
1014,W1,R2,SKU_D,3,42
1014,W1,R2,SKU_E,3,169
1014,W2,R3,SKU_A,4,280
1014,W2,R3,SKU_B,4,96
1014,W2,R3,SKU_C,4,135
1014,W2,R3,SKU_D,4,177
1014,W2,R3,SKU_E,4,145
1015,Supplier,W1,SKU_A,5,415
1015,Supplier,W1,SKU_B,5,215
1015,Supplier,W1,SKU_C,5,270
1015,Supplier,W1,SKU_D,5,211
1015,Supplier,W1,SKU_E,5,205
1015,Supplier,W2,SKU_A,6,141
1015,Supplier,W2,SKU_B,6,56
1015,Supplier,W2,SKU_C,6,74
1015,Supplier,W2,SKU_D,6,93
1015,Supplier,W2,SKU_E,6,66
1015,W1,R1,SKU_A,2,142
1015,W1,R1,SKU_B,2,94
1015,W1,R1,SKU_C,2,87
1015,W1,R1,SKU_D,2,72
1015,W1,R1,SKU_E,2,70
1015,W1,R2,SKU_A,3,88
1015,W1,R2,SKU_B,3,53
1015,W1,R2,SKU_C,3,68
1015,W1,R2,SKU_D,3,38
1015,W1,R2,SKU_E,3,66
1015,W2,R3,SKU_A,4,197
1015,W2,R3,SKU_B,4,66
1015,W2,R3,SKU_C,4,92
1015,W2,R3,SKU_D,4,100
1015,W2,R3,SKU_E,4,79
1016,Supplier,W2,SKU_A,6,197
1016,Supplier,W2,SKU_B,6,66
1016,Supplier,W2,SKU_C,6,92
1016,Supplier,W2,SKU_D,6,100
1016,Supplier,W2,SKU_E,6,79
1016,W1,R1,SKU_A,2,200
1016,W1,R1,SKU_B,2,114
1016,W1,R1,SKU_C,2,136
1016,W1,R1,SKU_D,2,98
1016,W1,R1,SKU_E,2,68
1016,W1,R2,SKU_A,3,145
1016,W1,R2,SKU_B,3,70
1016,W1,R2,SKU_C,3,91
1016,W1,R2,SKU_D,3,56
1016,W1,R2,SKU_E,3,70
1016,W2,R3,SKU_A,4,229
1016,W2,R3,SKU_B,4,71
1016,W2,R3,SKU_C,4,140
1016,W2,R3,SKU_D,4,91
1016,W2,R3,SKU_E,4,120
1017,Supplier,W1,SKU_A,5,575
1017,Supplier,W1,SKU_B,5,331
1017,Supplier,W1,SKU_C,5,382
1017,Supplier,W1,SKU_D,5,264
1017,Supplier,W1,SKU_E,5,274
1017,Supplier,W2,SKU_A,6,229
1017,Supplier,W2,SKU_B,6,71
1017,Supplier,W2,SKU_C,6,140
1017,Supplier,W2,SKU_D,6,91
1017,Supplier,W2,SKU_E,6,120
1017,W1,R1,SKU_A,2,203
1017,W1,R1,SKU_B,2,106
1017,W1,R1,SKU_C,2,150
1017,W1,R1,SKU_D,2,86
1017,W1,R1,SKU_E,2,54
1017,W1,R2,SKU_A,3,114
1017,W1,R2,SKU_B,3,77
1017,W1,R2,SKU_C,3,54
1017,W1,R2,SKU_D,3,47
1017,W2,R3,SKU_A,4,238
1017,W2,R3,SKU_B,4,68
1017,W2,R3,SKU_C,4,115
1017,W2,R3,SKU_D,4,77
1017,W2,R3,SKU_E,4,86
1018,Supplier,W1,SKU_A,5,317
1018,Supplier,W1,SKU_B,5,183
1018,Supplier,W1,SKU_C,5,234
1018,Supplier,W1,SKU_D,5,133
1018,Supplier,W1,SKU_E,5,168
1018,Supplier,W2,SKU_A,6,238
1018,Supplier,W2,SKU_B,6,68
1018,Supplier,W2,SKU_C,6,115
1018,Supplier,W2,SKU_D,6,77
1018,Supplier,W2,SKU_E,6,86
1018,W1,R1,SKU_A,2,146
1018,W1,R1,SKU_B,2,70
1018,W1,R1,SKU_C,2,126
1018,W1,R1,SKU_D,2,61
1018,W1,R1,SKU_E,2,95
1018,W1,R2,SKU_A,3,103
1018,W1,R2,SKU_B,3,65
1018,W1,R2,SKU_C,3,71
1018,W1,R2,SKU_D,3,57
1018,W1,R2,SKU_E,3,121
1018,W2,R3,SKU_A,4,171
1018,W2,R3,SKU_B,4,62
1018,W2,R3,SKU_C,4,93
1018,W2,R3,SKU_D,4,49
1018,W2,R3,SKU_E,4,80
1019,Supplier,W2,SKU_A,6,171
1019,Supplier,W2,SKU_B,6,62
1019,Supplier,W2,SKU_C,6,93
1019,Supplier,W2,SKU_D,6,49
1019,Supplier,W2,SKU_E,6,80
1019,W1,R2,SKU_A,3,55
1019,W1,R2,SKU_B,3,15
1019,W1,R2,SKU_D,3,47
1019,W2,R3,SKU_A,4,147
1019,W2,R3,SKU_B,4,64
1019,W2,R3,SKU_C,4,74
1019,W2,R3,SKU_D,4,66
1019,W2,R3,SKU_E,4,95
1020,Supplier,W1,SKU_A,5,437
1020,Supplier,W1,SKU_B,5,243
1020,Supplier,W1,SKU_C,5,258
1020,Supplier,W1,SKU_D,5,210
1020,Supplier,W1,SKU_E,5,200
1020,Supplier,W2,SKU_A,6,147
1020,Supplier,W2,SKU_B,6,64
1020,Supplier,W2,SKU_C,6,74
1020,Supplier,W2,SKU_D,6,66
1020,Supplier,W2,SKU_E,6,95
1020,W1,R1,SKU_A,2,254
1020,W1,R1,SKU_B,2,118
1020,W1,R1,SKU_C,2,121
1020,W1,R1,SKU_D,2,101
1020,W1,R1,SKU_E,2,116
1020,W1,R2,SKU_A,3,87
1020,W1,R2,SKU_B,3,59
1020,W1,R2,SKU_C,3,73
1020,W1,R2,SKU_D,3,29
1020,W1,R2,SKU_E,3,89
1021,Supplier,W2,SKU_A,6,143
1021,Supplier,W2,SKU_B,6,36
1021,Supplier,W2,SKU_C,6,58
1021,Supplier,W2,SKU_D,6,67
1021,Supplier,W2,SKU_E,6,77
1021,W1,R2,SKU_A,3,75
1021,W1,R2,SKU_B,3,30
1021,W1,R2,SKU_C,3,41
1021,W1,R2,SKU_D,3,34
1021,W2,R3,SKU_A,4,296
1021,W2,R3,SKU_B,4,96
1021,W2,R3,SKU_C,4,132
1021,W2,R3,SKU_D,4,134
1021,W2,R3,SKU_E,4,160
1022,Supplier,W1,SKU_A,5,379
1022,Supplier,W1,SKU_B,5,173
1022,Supplier,W1,SKU_C,5,212
1022,Supplier,W1,SKU_D,5,173
1022,Supplier,W1,SKU_E,5,215
1022,Supplier,W2,SKU_A,6,153
1022,Supplier,W2,SKU_B,6,60
1022,Supplier,W2,SKU_C,6,74
1022,Supplier,W2,SKU_D,6,67
1022,Supplier,W2,SKU_E,6,83
1022,W1,R1,SKU_A,2,221
1022,W1,R1,SKU_B,2,115
1022,W1,R1,SKU_C,2,168
1022,W1,R1,SKU_D,2,123
1022,W1,R1,SKU_E,2,116
1022,W1,R2,SKU_A,3,86
1022,W1,R2,SKU_B,3,47
1022,W1,R2,SKU_C,3,38
1022,W1,R2,SKU_D,3,43
1022,W1,R2,SKU_E,3,126
1022,W2,R3,SKU_A,4,212
1022,W2,R3,SKU_B,4,78
1022,W2,R3,SKU_C,4,107
1022,W2,R3,SKU_D,4,97
1022,W2,R3,SKU_E,4,107
1023,Supplier,W2,SKU_A,6,212
1023,Supplier,W2,SKU_B,6,78
1023,Supplier,W2,SKU_C,6,107
1023,Supplier,W2,SKU_D,6,97
1023,Supplier,W2,SKU_E,6,113
1023,W1,R1,SKU_A,2,182
1023,W1,R1,SKU_B,2,107
1023,W1,R1,SKU_C,2,125
1023,W1,R1,SKU_D,2,107
1023,W1,R1,SKU_E,2,94
1023,W1,R2,SKU_A,3,104
1023,W1,R2,SKU_B,3,76
1023,W1,R2,SKU_C,3,61
1023,W1,R2,SKU_D,3,49
1023,W1,R2,SKU_E,3,65
1023,W2,R3,SKU_A,4,289
1023,W2,R3,SKU_B,4,104
1023,W2,R3,SKU_C,4,133
1023,W2,R3,SKU_D,4,120
1023,W2,R3,SKU_E,4,120
1024,Supplier,W1,SKU_A,5,497
1024,Supplier,W1,SKU_B,5,286
1024,Supplier,W1,SKU_C,5,324
1024,Supplier,W1,SKU_D,5,268
1024,Supplier,W1,SKU_E,5,293
1024,Supplier,W2,SKU_A,6,289
1024,Supplier,W2,SKU_B,6,104
1024,Supplier,W2,SKU_C,6,133
1024,Supplier,W2,SKU_D,6,120
1024,Supplier,W2,SKU_E,6,124
1024,W1,R1,SKU_A,2,207
1024,W1,R1,SKU_B,2,131
1024,W1,R1,SKU_C,2,127
1024,W1,R1,SKU_D,2,91
1024,W1,R1,SKU_E,2,41
1024,W1,R2,SKU_A,3,122
1024,W1,R2,SKU_B,3,57
1024,W1,R2,SKU_C,3,50
1024,W1,R2,SKU_D,3,25
1024,W2,R3,SKU_A,4,270
1024,W2,R3,SKU_B,4,68
1024,W2,R3,SKU_C,4,115
1024,W2,R3,SKU_D,4,139
1024,W2,R3,SKU_E,4,86
1025,Supplier,W1,SKU_A,5,329
1025,Supplier,W1,SKU_B,5,188
1025,Supplier,W1,SKU_C,5,177
1025,Supplier,W1,SKU_D,5,116
1025,Supplier,W1,SKU_E,5,149
1025,Supplier,W2,SKU_A,6,270
1025,Supplier,W2,SKU_B,6,68
1025,Supplier,W2,SKU_C,6,115
1025,Supplier,W2,SKU_D,6,139
1025,Supplier,W2,SKU_E,6,111
1025,W1,R1,SKU_A,2,138
1025,W1,R1,SKU_B,2,56
1025,W1,R1,SKU_C,2,87
1025,W1,R1,SKU_D,2,64
1025,W1,R1,SKU_E,2,89
1025,W1,R2,SKU_A,3,97
1025,W1,R2,SKU_B,3,36
1025,W1,R2,SKU_C,3,55
1025,W1,R2,SKU_D,3,37
1025,W1,R2,SKU_E,3,111
1025,W2,R3,SKU_A,4,167
1025,W2,R3,SKU_B,4,56
1025,W2,R3,SKU_C,4,80
1025,W2,R3,SKU_D,4,90
1025,W2,R3,SKU_E,4,80
1026,Supplier,W2,SKU_A,6,167
1026,Supplier,W2,SKU_B,6,56
1026,Supplier,W2,SKU_C,6,80
1026,Supplier,W2,SKU_D,6,90
1026,Supplier,W2,SKU_E,6,63
1026,W1,R2,SKU_A,3,114
1026,W1,R2,SKU_B,3,45
1026,W1,R2,SKU_C,3,33
1026,W1,R2,SKU_D,3,37
1026,W2,R3,SKU_A,4,192
1026,W2,R3,SKU_B,4,37
1026,W2,R3,SKU_C,4,71
1026,W2,R3,SKU_D,4,80
1026,W2,R3,SKU_E,4,84
1027,Supplier,W1,SKU_A,5,472
1027,Supplier,W1,SKU_B,5,198
1027,Supplier,W1,SKU_C,5,227
1027,Supplier,W1,SKU_D,5,181
1027,Supplier,W1,SKU_E,5,185
1027,Supplier,W2,SKU_A,6,192
1027,Supplier,W2,SKU_B,6,37
1027,Supplier,W2,SKU_C,6,71
1027,Supplier,W2,SKU_D,6,80
1027,Supplier,W2,SKU_E,6,66
1027,W1,R1,SKU_A,2,235
1027,W1,R1,SKU_B,2,110
1027,W1,R1,SKU_C,2,117
1027,W1,R1,SKU_D,2,99
1027,W1,R1,SKU_E,2,90
1027,W1,R2,SKU_A,3,83
1027,W1,R2,SKU_B,3,36
1027,W1,R2,SKU_C,3,35
1027,W1,R2,SKU_D,3,31
1027,W1,R2,SKU_E,3,96
1028,Supplier,W2,SKU_A,6,180
1028,Supplier,W2,SKU_B,6,45
1028,Supplier,W2,SKU_C,6,78
1028,Supplier,W2,SKU_D,6,72
1028,Supplier,W2,SKU_E,6,74
1028,W1,R2,SKU_A,3,100
1028,W1,R2,SKU_B,3,58
1028,W1,R2,SKU_C,3,32
1028,W1,R2,SKU_D,3,42
1028,W2,R3,SKU_A,4,350
1028,W2,R3,SKU_B,4,97
1028,W2,R3,SKU_C,4,146
1028,W2,R3,SKU_D,4,148
1028,W2,R3,SKU_E,4,137
1029,Supplier,W1,SKU_A,5,416
1029,Supplier,W1,SKU_B,5,197
1029,Supplier,W1,SKU_C,5,208
1029,Supplier,W1,SKU_D,5,195
1029,Supplier,W1,SKU_E,5,183
1029,Supplier,W2,SKU_A,6,170
1029,Supplier,W2,SKU_B,6,52
1029,Supplier,W2,SKU_C,6,68
1029,Supplier,W2,SKU_D,6,76
1029,Supplier,W2,SKU_E,6,63
1029,W1,R1,SKU_A,2,256
1029,W1,R1,SKU_B,2,102
1029,W1,R1,SKU_C,2,172
1029,W1,R1,SKU_D,2,139
1029,W1,R1,SKU_E,2,129
1029,W1,R2,SKU_A,3,95
1029,W1,R2,SKU_B,3,38
1029,W1,R2,SKU_C,3,50
1029,W1,R2,SKU_D,3,43
1029,W1,R2,SKU_E,3,88
1029,W2,R3,SKU_A,4,187
1029,W2,R3,SKU_B,4,48
1029,W2,R3,SKU_C,4,84
1029,W2,R3,SKU_D,4,86
1029,W2,R3,SKU_E,4,79
1030,Supplier,W2,SKU_A,6,187
1030,Supplier,W2,SKU_B,6,48
1030,Supplier,W2,SKU_C,6,84
1030,Supplier,W2,SKU_D,6,86
1030,Supplier,W2,SKU_E,6,79
1030,W1,R1,SKU_A,2,166
1030,W1,R1,SKU_B,2,97
1030,W1,R1,SKU_C,2,140
1030,W1,R1,SKU_D,2,101
1030,W1,R1,SKU_E,2,85
1030,W1,R2,SKU_A,3,123
1030,W1,R2,SKU_B,3,54
1030,W1,R2,SKU_C,3,66
1030,W1,R2,SKU_D,3,51
1030,W1,R2,SKU_E,3,61
1030,W2,R3,SKU_A,4,219
1030,W2,R3,SKU_B,4,48
1030,W2,R3,SKU_C,4,115
1030,W2,R3,SKU_D,4,109
1030,W2,R3,SKU_E,4,81
1031,Supplier,W1,SKU_A,5,519
1031,Supplier,W1,SKU_B,5,237
1031,Supplier,W1,SKU_C,5,352
1031,Supplier,W1,SKU_D,5,268
1031,Supplier,W1,SKU_E,5,273
1031,Supplier,W2,SKU_A,6,219
1031,Supplier,W2,SKU_B,6,48
1031,Supplier,W2,SKU_C,6,115
1031,Supplier,W2,SKU_D,6,109
1031,Supplier,W2,SKU_E,6,81
1031,W1,R1,SKU_A,2,177
1031,W1,R1,SKU_B,2,78
1031,W1,R1,SKU_C,2,128
1031,W1,R1,SKU_D,2,89
1031,W1,R1,SKU_E,2,65
1031,W1,R2,SKU_A,3,112
1031,W1,R2,SKU_B,3,59
1031,W1,R2,SKU_C,3,51
1031,W1,R2,SKU_D,3,44
1031,W1,R2,SKU_E,3,43
1031,W2,R3,SKU_A,4,206
1031,W2,R3,SKU_B,4,81
1031,W2,R3,SKU_C,4,85
1031,W2,R3,SKU_D,4,100
1031,W2,R3,SKU_E,4,63
1032,Supplier,W2,SKU_A,6,206
1032,Supplier,W2,SKU_B,6,81
1032,Supplier,W2,SKU_C,6,85
1032,Supplier,W2,SKU_D,6,100
1032,Supplier,W2,SKU_E,6,63
1032,W1,R1,SKU_A,2,121
1032,W1,R1,SKU_B,2,61
1032,W1,R1,SKU_C,2,97
1032,W1,R1,SKU_D,2,67
1032,W1,R1,SKU_E,2,45
1032,W1,R2,SKU_A,3,107
1032,W1,R2,SKU_B,3,51
1032,W1,R2,SKU_C,3,58
1032,W1,R2,SKU_D,3,38
1032,W1,R2,SKU_E,3,60
1033,Supplier,W1,SKU_A,5,517
1033,Supplier,W1,SKU_B,5,249
1033,Supplier,W1,SKU_C,5,334
1033,Supplier,W1,SKU_D,5,238
1033,Supplier,W1,SKU_E,5,213
1033,Supplier,W2,SKU_A,6,153
1033,Supplier,W2,SKU_B,6,35
1033,Supplier,W2,SKU_C,6,71
1033,Supplier,W2,SKU_D,6,80
1033,Supplier,W2,SKU_E,6,65
1033,W1,R2,SKU_A,3,95
1033,W1,R2,SKU_B,3,41
1033,W1,R2,SKU_C,3,47
1033,W1,R2,SKU_D,3,45
1033,W1,R2,SKU_E,3,34
1033,W2,R3,SKU_A,4,321
1033,W2,R3,SKU_B,4,87
1033,W2,R3,SKU_C,4,125
1033,W2,R3,SKU_D,4,156
1033,W2,R3,SKU_E,4,139
1034,Supplier,W2,SKU_A,6,168
1034,Supplier,W2,SKU_B,6,52
1034,Supplier,W2,SKU_C,6,54
1034,Supplier,W2,SKU_D,6,76
1034,Supplier,W2,SKU_E,6,74
1034,W1,R1,SKU_A,2,256
1034,W1,R1,SKU_B,2,133
1034,W1,R1,SKU_C,2,183
1034,W1,R1,SKU_D,2,159
1034,W1,R1,SKU_E,2,109
1034,W1,R2,SKU_A,3,114
1034,W1,R2,SKU_B,3,54
1034,W1,R2,SKU_C,3,70
1034,W1,R2,SKU_D,3,48
1034,W1,R2,SKU_E,3,76
1034,W2,R3,SKU_A,4,240
1034,W2,R3,SKU_B,4,60
1034,W2,R3,SKU_C,4,95
1034,W2,R3,SKU_D,4,113
1034,W2,R3,SKU_E,4,80
1035,Supplier,W1,SKU_A,5,465
1035,Supplier,W1,SKU_B,5,228
1035,Supplier,W1,SKU_C,5,300
1035,Supplier,W1,SKU_D,5,252
1035,Supplier,W1,SKU_E,5,219
1035,Supplier,W2,SKU_A,6,240
1035,Supplier,W2,SKU_B,6,60
1035,Supplier,W2,SKU_C,6,95
1035,Supplier,W2,SKU_D,6,113
1035,Supplier,W2,SKU_E,6,80
1035,W1,R1,SKU_A,2,235
1035,W1,R1,SKU_B,2,152
1035,W1,R1,SKU_C,2,107
1035,W1,R1,SKU_D,2,67
1035,W1,R1,SKU_E,2,44
1035,W1,R2,SKU_B,3,76
1035,W2,R3,SKU_A,4,276
1035,W2,R3,SKU_B,4,81
1035,W2,R3,SKU_C,4,138
1035,W2,R3,SKU_D,4,145
1035,W2,R3,SKU_E,4,113
1036,Supplier,W1,SKU_A,5,414
1036,Supplier,W1,SKU_B,5,270
1036,Supplier,W1,SKU_C,5,333
1036,Supplier,W1,SKU_D,5,172
1036,Supplier,W1,SKU_E,5,182
1036,Supplier,W2,SKU_A,6,276
1036,Supplier,W2,SKU_B,6,81
1036,Supplier,W2,SKU_C,6,138
1036,Supplier,W2,SKU_D,6,145
1036,Supplier,W2,SKU_E,6,113
1036,W1,R1,SKU_A,2,262
1036,W1,R1,SKU_B,2,150
1036,W1,R1,SKU_C,2,244
1036,W1,R1,SKU_D,2,149
1036,W1,R1,SKU_E,2,176
1036,W1,R2,SKU_A,3,257
1036,W1,R2,SKU_B,3,87
1036,W1,R2,SKU_C,3,108
1036,W1,R2,SKU_D,3,109
1036,W1,R2,SKU_E,3,97
1036,W2,R3,SKU_A,4,234
1036,W2,R3,SKU_B,4,44
1036,W2,R3,SKU_C,4,120
1036,W2,R3,SKU_D,4,126
1036,W2,R3,SKU_E,4,83
1037,Supplier,W1,SKU_A,5,368
1037,Supplier,W1,SKU_B,5,232
1037,Supplier,W1,SKU_C,5,194
1037,Supplier,W1,SKU_D,5,153
1037,Supplier,W1,SKU_E,5,193
1037,Supplier,W2,SKU_A,6,234
1037,Supplier,W2,SKU_B,6,44
1037,Supplier,W2,SKU_C,6,120
1037,Supplier,W2,SKU_D,6,126
1037,Supplier,W2,SKU_E,6,83
1037,W2,R3,SKU_A,4,252
1037,W2,R3,SKU_B,4,53
1037,W2,R3,SKU_C,4,78
1037,W2,R3,SKU_D,4,127
1037,W2,R3,SKU_E,4,74
1038,Supplier,W2,SKU_A,6,252
1038,Supplier,W2,SKU_B,6,53
1038,Supplier,W2,SKU_C,6,78
1038,Supplier,W2,SKU_D,6,127
1038,Supplier,W2,SKU_E,6,74
1038,W1,R1,SKU_D,2,167
1038,W1,R1,SKU_A,2,375
1038,W1,R1,SKU_B,2,193
1038,W1,R1,SKU_C,2,236
1038,W1,R1,SKU_E,2,172
1038,W1,R2,SKU_A,3,142
1038,W1,R2,SKU_B,3,56
1038,W1,R2,SKU_C,3,98
1038,W1,R2,SKU_D,3,57
1038,W1,R2,SKU_E,3,41
1038,W2,R3,SKU_A,4,283
1038,W2,R3,SKU_B,4,38
1038,W2,R3,SKU_C,4,105
1038,W2,R3,SKU_D,4,158
1038,W2,R3,SKU_E,4,61
1039,Supplier,W1,SKU_A,5,574
1039,Supplier,W1,SKU_B,5,284
1039,Supplier,W1,SKU_C,5,387
1039,Supplier,W1,SKU_D,5,224
1039,Supplier,W1,SKU_E,5,303
1039,Supplier,W2,SKU_A,6,283
1039,Supplier,W2,SKU_B,6,38
1039,Supplier,W2,SKU_C,6,105
1039,Supplier,W2,SKU_D,6,158
1039,Supplier,W2,SKU_E,6,61
1039,W2,R3,SKU_A,4,189
1039,W2,R3,SKU_B,4,57
1039,W2,R3,SKU_C,4,54
1039,W2,R3,SKU_D,4,90
1039,W2,R3,SKU_E,4,63
1040,Supplier,W2,SKU_A,6,189
1040,Supplier,W2,SKU_B,6,57
1040,Supplier,W2,SKU_C,6,54
1040,Supplier,W2,SKU_D,6,90
1040,Supplier,W2,SKU_E,6,63
1040,W1,R1,SKU_D,2,131
1040,W1,R1,SKU_A,2,267
1040,W1,R1,SKU_B,2,120
1040,W1,R1,SKU_C,2,133
1040,W1,R1,SKU_E,2,111
1040,W1,R2,SKU_A,3,198
1040,W1,R2,SKU_B,3,108
1040,W1,R2,SKU_C,3,167
1040,W1,R2,SKU_D,3,66
1040,W1,R2,SKU_E,3,108
1040,W2,R3,SKU_A,4,270
1040,W2,R3,SKU_B,4,67
1040,W2,R3,SKU_C,4,53
1040,W2,R3,SKU_D,4,103
1040,W2,R3,SKU_E,4,71
1041,Supplier,W1,SKU_A,5,448
1041,Supplier,W1,SKU_B,5,206
1041,Supplier,W1,SKU_C,5,200
1041,Supplier,W1,SKU_D,5,197
1041,Supplier,W1,SKU_E,5,221
1041,Supplier,W2,SKU_A,6,270
1041,Supplier,W2,SKU_B,6,67
1041,Supplier,W2,SKU_C,6,53
1041,Supplier,W2,SKU_D,6,103
1041,Supplier,W2,SKU_E,6,71
1041,W1,R1,SKU_A,2,131
1041,W1,R1,SKU_B,2,66
1041,W1,R1,SKU_C,2,62
1041,W1,R1,SKU_D,2,57
1041,W1,R1,SKU_E,2,50
1041,W1,R2,SKU_A,3,154
1041,W1,R2,SKU_B,3,96
1041,W1,R2,SKU_C,3,63
1041,W1,R2,SKU_D,3,38
1041,W1,R2,SKU_E,3,132
1041,W2,R3,SKU_A,4,183
1041,W2,R3,SKU_B,4,58
1041,W2,R3,SKU_C,4,61
1041,W2,R3,SKU_D,4,95
1041,W2,R3,SKU_E,4,76
1042,Supplier,W2,SKU_A,6,183
1042,Supplier,W2,SKU_B,6,58
1042,Supplier,W2,SKU_C,6,61
1042,Supplier,W2,SKU_D,6,95
1042,Supplier,W2,SKU_E,6,76
1042,W1,R1,SKU_A,2,113
1042,W1,R1,SKU_B,2,60
1042,W1,R1,SKU_C,2,74
1042,W1,R1,SKU_D,2,68
1042,W1,R1,SKU_E,2,61
1042,W1,R2,SKU_A,3,98
1042,W1,R2,SKU_B,3,45
1042,W1,R2,SKU_C,3,55
1042,W1,R2,SKU_D,3,49
1042,W1,R2,SKU_E,3,117
1042,W2,R3,SKU_A,4,177
1042,W2,R3,SKU_B,4,49
1042,W2,R3,SKU_C,4,80
1042,W2,R3,SKU_D,4,96
1042,W2,R3,SKU_E,4,76
1043,Supplier,W1,SKU_A,5,428
1043,Supplier,W1,SKU_B,5,217
1043,Supplier,W1,SKU_C,5,233
1043,Supplier,W1,SKU_D,5,212
1043,Supplier,W1,SKU_E,5,210
1043,Supplier,W2,SKU_A,6,177
1043,Supplier,W2,SKU_B,6,49
1043,Supplier,W2,SKU_C,6,80
1043,Supplier,W2,SKU_D,6,96
1043,Supplier,W2,SKU_E,6,76
1043,W1,R1,SKU_A,2,159
1043,W1,R1,SKU_B,2,60
1043,W1,R1,SKU_C,2,91
1043,W1,R1,SKU_D,2,78
1043,W1,R1,SKU_E,2,15
1043,W1,R2,SKU_A,3,115
1043,W1,R2,SKU_B,3,49
1043,W1,R2,SKU_C,3,69
1043,W1,R2,SKU_D,3,55
1043,W2,R3,SKU_A,4,185
1043,W2,R3,SKU_B,4,50
1043,W2,R3,SKU_C,4,84
1043,W2,R3,SKU_D,4,91
1043,W2,R3,SKU_E,4,64
1044,Supplier,W2,SKU_A,6,185
1044,Supplier,W2,SKU_B,6,50
1044,Supplier,W2,SKU_C,6,84
1044,Supplier,W2,SKU_D,6,91
1044,Supplier,W2,SKU_E,6,64
1044,W1,R1,SKU_A,2,191
1044,W1,R1,SKU_B,2,91
1044,W1,R1,SKU_C,2,104
1044,W1,R1,SKU_D,2,81
1044,W1,R1,SKU_E,2,110
1044,W1,R2,SKU_A,3,92
1044,W1,R2,SKU_B,3,72
1044,W1,R2,SKU_C,3,63
1044,W1,R2,SKU_D,3,65
1044,W1,R2,SKU_E,3,146
1044,W2,R3,SKU_A,4,240
1044,W2,R3,SKU_B,4,59
1044,W2,R3,SKU_C,4,114
1044,W2,R3,SKU_D,4,119
1044,W2,R3,SKU_E,4,75
1045,Supplier,W1,SKU_A,5,557
1045,Supplier,W1,SKU_B,5,272
1045,Supplier,W1,SKU_C,5,327
1045,Supplier,W1,SKU_D,5,279
1045,Supplier,W1,SKU_E,5,271
1045,Supplier,W2,SKU_A,6,240
1045,Supplier,W2,SKU_B,6,59
1045,Supplier,W2,SKU_C,6,114
1045,Supplier,W2,SKU_D,6,119
1045,Supplier,W2,SKU_E,6,75
1045,W1,R1,SKU_A,2,182
1045,W1,R1,SKU_B,2,102
1045,W1,R1,SKU_C,2,107
1045,W1,R1,SKU_D,2,88
1045,W1,R1,SKU_E,2,47
1045,W1,R2,SKU_A,3,109
1045,W1,R2,SKU_B,3,60
1045,W1,R2,SKU_C,3,58
1045,W1,R2,SKU_D,3,49
1045,W2,R3,SKU_A,4,278
1045,W2,R3,SKU_B,4,44
1045,W2,R3,SKU_C,4,72
1045,W2,R3,SKU_D,4,106
1045,W2,R3,SKU_E,4,63
1046,Supplier,W2,SKU_A,6,278
1046,Supplier,W2,SKU_B,6,44
1046,Supplier,W2,SKU_C,6,72
1046,Supplier,W2,SKU_D,6,106
1046,Supplier,W2,SKU_E,6,63
1046,W1,R1,SKU_A,2,115
1046,W1,R1,SKU_B,2,67
1046,W1,R1,SKU_C,2,63
1046,W1,R1,SKU_D,2,59
1046,W1,R1,SKU_E,2,77
1046,W1,R2,SKU_A,3,90
1046,W1,R2,SKU_B,3,49
1046,W1,R2,SKU_C,3,33
1046,W1,R2,SKU_D,3,62
1046,W1,R2,SKU_E,3,131
1047,Supplier,W1,SKU_A,5,496
1047,Supplier,W1,SKU_B,5,278
1047,Supplier,W1,SKU_C,5,261
1047,Supplier,W1,SKU_D,5,258
1047,Supplier,W1,SKU_E,5,255
1047,Supplier,W2,SKU_A,6,193
1047,Supplier,W2,SKU_B,6,38
1047,Supplier,W2,SKU_C,6,55
1047,Supplier,W2,SKU_D,6,70
1047,Supplier,W2,SKU_E,6,66
1047,W1,R2,SKU_A,3,115
1047,W1,R2,SKU_B,3,40
1047,W1,R2,SKU_C,3,41
1047,W1,R2,SKU_D,3,27
1047,W2,R3,SKU_A,4,367
1047,W2,R3,SKU_B,4,87
1047,W2,R3,SKU_C,4,115
1047,W2,R3,SKU_D,4,172
1047,W2,R3,SKU_E,4,131
1048,Supplier,W2,SKU_A,6,174
1048,Supplier,W2,SKU_B,6,49
1048,Supplier,W2,SKU_C,6,60
1048,Supplier,W2,SKU_D,6,102
1048,Supplier,W2,SKU_E,6,65
1048,W1,R1,SKU_A,2,287
1048,W1,R1,SKU_B,2,116
1048,W1,R1,SKU_C,2,146
1048,W1,R1,SKU_D,2,104
1048,W1,R1,SKU_E,2,93
1048,W1,R2,SKU_A,3,97
1048,W1,R2,SKU_B,3,41
1048,W1,R2,SKU_C,3,43
1048,W1,R2,SKU_D,3,74
1048,W1,R2,SKU_E,3,115
1048,W2,R3,SKU_A,4,162
1048,W2,R3,SKU_B,4,47
1048,W2,R3,SKU_C,4,64
1048,W2,R3,SKU_D,4,99
1048,W2,R3,SKU_E,4,68
1049,Supplier,W1,SKU_A,5,499
1049,Supplier,W1,SKU_B,5,197
1049,Supplier,W1,SKU_C,5,230
1049,Supplier,W1,SKU_D,5,205
1049,Supplier,W1,SKU_E,5,208
1049,Supplier,W2,SKU_A,6,162
1049,Supplier,W2,SKU_B,6,47
1049,Supplier,W2,SKU_C,6,64
1049,Supplier,W2,SKU_D,6,99
1049,Supplier,W2,SKU_E,6,68
1049,W1,R2,SKU_A,3,50
1049,W1,R2,SKU_B,3,51
1049,W1,R2,SKU_C,3,37
1049,W1,R2,SKU_D,3,24
1050,Supplier,W2,SKU_A,6,169
1050,Supplier,W2,SKU_B,6,42
1050,Supplier,W2,SKU_C,6,69
1050,Supplier,W2,SKU_D,6,74
1050,Supplier,W2,SKU_E,6,67
1050,W1,R1,SKU_A,2,275
1050,W1,R1,SKU_B,2,168
1050,W1,R1,SKU_C,2,175
1050,W1,R1,SKU_D,2,122
1050,W1,R1,SKU_E,2,108
1050,W1,R2,SKU_A,3,151
1050,W1,R2,SKU_B,3,54
1050,W1,R2,SKU_C,3,58
1050,W1,R2,SKU_D,3,66
1050,W1,R2,SKU_E,3,153
1050,W2,R3,SKU_A,4,378
1050,W2,R3,SKU_B,4,100
1050,W2,R3,SKU_C,4,156
1050,W2,R3,SKU_D,4,200
1050,W2,R3,SKU_E,4,147
1051,Supplier,W1,SKU_A,5,476
1051,Supplier,W1,SKU_B,5,273
1051,Supplier,W1,SKU_C,5,270
1051,Supplier,W1,SKU_D,5,212
1051,Supplier,W1,SKU_E,5,261
1051,Supplier,W2,SKU_A,6,209
1051,Supplier,W2,SKU_B,6,58
1051,Supplier,W2,SKU_C,6,87
1051,Supplier,W2,SKU_D,6,126
1051,Supplier,W2,SKU_E,6,80
1051,W1,R1,SKU_A,2,187
1051,W1,R1,SKU_B,2,117
1051,W1,R1,SKU_C,2,130
1051,W1,R1,SKU_D,2,71
1051,W1,R1,SKU_E,2,25
1051,W1,R2,SKU_A,3,78
1051,W1,R2,SKU_B,3,77
1051,W1,R2,SKU_C,3,75
1051,W1,R2,SKU_D,3,43
1051,W2,R3,SKU_A,4,245
1051,W2,R3,SKU_B,4,75
1051,W2,R3,SKU_C,4,83
1051,W2,R3,SKU_D,4,133
1051,W2,R3,SKU_E,4,84
1052,Supplier,W1,SKU_A,5,302
1052,Supplier,W1,SKU_B,5,196
1052,Supplier,W1,SKU_C,5,205
1052,Supplier,W1,SKU_D,5,114
1052,Supplier,W1,SKU_E,5,151
1052,Supplier,W2,SKU_A,6,245
1052,Supplier,W2,SKU_B,6,75
1052,Supplier,W2,SKU_C,6,83
1052,Supplier,W2,SKU_D,6,133
1052,Supplier,W2,SKU_E,6,84
1052,W1,R1,SKU_A,2,200
1052,W1,R1,SKU_B,2,105
1052,W1,R1,SKU_C,2,161
1052,W1,R1,SKU_D,2,101
1052,W1,R1,SKU_E,2,128
1052,W1,R2,SKU_A,3,148
1052,W1,R2,SKU_B,3,86
1052,W1,R2,SKU_C,3,69
1052,W1,R2,SKU_D,3,55
1052,W1,R2,SKU_E,3,118
1052,W2,R3,SKU_A,4,249
1052,W2,R3,SKU_B,4,79
1052,W2,R3,SKU_C,4,80
1052,W2,R3,SKU_D,4,145
1052,W2,R3,SKU_E,4,95
1053,Supplier,W1,SKU_A,5,311
1053,Supplier,W1,SKU_B,5,189
1053,Supplier,W1,SKU_C,5,230
1053,Supplier,W1,SKU_D,5,156
1053,Supplier,W1,SKU_E,5,120
1053,Supplier,W2,SKU_A,6,249
1053,Supplier,W2,SKU_B,6,79
1053,Supplier,W2,SKU_C,6,80
1053,Supplier,W2,SKU_D,6,145
1053,Supplier,W2,SKU_E,6,95
1053,W1,R2,SKU_A,3,11
1053,W1,R2,SKU_B,3,34
1053,W1,R2,SKU_C,3,50
1053,W1,R2,SKU_D,3,58
1054,Supplier,W2,SKU_A,6,169
1054,Supplier,W2,SKU_B,6,56
1054,Supplier,W2,SKU_C,6,42
1054,Supplier,W2,SKU_D,6,53
1054,Supplier,W2,SKU_E,6,88
1054,W1,R1,SKU_A,2,258
1054,W1,R1,SKU_B,2,108
1054,W1,R1,SKU_C,2,168
1054,W1,R1,SKU_D,2,141
1054,W1,R1,SKU_E,2,122
1054,W1,R2,SKU_A,3,214
1054,W1,R2,SKU_B,3,58
1054,W1,R2,SKU_C,3,39
1054,W1,R2,SKU_D,3,61
1054,W1,R2,SKU_E,3,95
1054,W2,R3,SKU_A,4,343
1054,W2,R3,SKU_B,4,114
1054,W2,R3,SKU_C,4,136
1054,W2,R3,SKU_D,4,159
1054,W2,R3,SKU_E,4,177
1055,Supplier,W1,SKU_A,5,483
1055,Supplier,W1,SKU_B,5,200
1055,Supplier,W1,SKU_C,5,257
1055,Supplier,W1,SKU_D,5,260
1055,Supplier,W1,SKU_E,5,251
1055,Supplier,W2,SKU_A,6,174
1055,Supplier,W2,SKU_B,6,58
1055,Supplier,W2,SKU_C,6,94
1055,Supplier,W2,SKU_D,6,106
1055,Supplier,W2,SKU_E,6,89
1055,W1,R1,SKU_A,2,162
1055,W1,R1,SKU_B,2,79
1055,W1,R1,SKU_C,2,96
1055,W1,R1,SKU_D,2,71
1055,W2,R3,SKU_A,4,177
1055,W2,R3,SKU_B,4,64
1055,W2,R3,SKU_C,4,82
1055,W2,R3,SKU_D,4,93
1055,W2,R3,SKU_E,4,108
1056,Supplier,W2,SKU_A,6,177
1056,Supplier,W2,SKU_B,6,64
1056,Supplier,W2,SKU_C,6,82
1056,Supplier,W2,SKU_D,6,93
1056,Supplier,W2,SKU_E,6,108
1056,W1,R1,SKU_A,2,176
1056,W1,R1,SKU_B,2,88
1056,W1,R1,SKU_C,2,105
1056,W1,R1,SKU_D,2,82
1056,W1,R1,SKU_E,2,134
1056,W1,R2,SKU_A,3,208
1056,W1,R2,SKU_B,3,111
1056,W1,R2,SKU_C,3,111
1056,W1,R2,SKU_D,3,114
1056,W1,R2,SKU_E,3,127
1056,W2,R3,SKU_A,4,195
1056,W2,R3,SKU_B,4,74
1056,W2,R3,SKU_C,4,74
1056,W2,R3,SKU_D,4,89
1056,W2,R3,SKU_E,4,96
1057,Supplier,W1,SKU_A,5,546
1057,Supplier,W1,SKU_B,5,278
1057,Supplier,W1,SKU_C,5,312
1057,Supplier,W1,SKU_D,5,267
1057,Supplier,W1,SKU_E,5,258
1057,Supplier,W2,SKU_A,6,195
1057,Supplier,W2,SKU_B,6,74
1057,Supplier,W2,SKU_C,6,74
1057,Supplier,W2,SKU_D,6,89
1057,Supplier,W2,SKU_E,6,96
1057,W1,R1,SKU_A,2,185
1057,W1,R1,SKU_B,2,87
1057,W1,R1,SKU_C,2,104
1057,W1,R1,SKU_D,2,108
1057,W1,R1,SKU_E,2,77
1057,W1,R2,SKU_A,3,115
1057,W1,R2,SKU_B,3,55
1057,W1,R2,SKU_C,3,67
1057,W1,R2,SKU_D,3,34
1057,W1,R2,SKU_E,3,74
1057,W2,R3,SKU_A,4,224
1057,W2,R3,SKU_B,4,78
1057,W2,R3,SKU_C,4,63
1057,W2,R3,SKU_D,4,104
1057,W2,R3,SKU_E,4,88
1058,Supplier,W2,SKU_A,6,224
1058,Supplier,W2,SKU_B,6,78
1058,Supplier,W2,SKU_C,6,63
1058,Supplier,W2,SKU_D,6,104
1058,Supplier,W2,SKU_E,6,107
1058,W1,R1,SKU_A,2,219
1058,W1,R1,SKU_B,2,159
1058,W1,R1,SKU_C,2,178
1058,W1,R1,SKU_D,2,104
1058,W1,R1,SKU_E,2,120
1058,W1,R2,SKU_A,3,148
1058,W1,R2,SKU_B,3,94
1058,W1,R2,SKU_C,3,87
1058,W1,R2,SKU_D,3,52
1058,W2,R3,SKU_A,4,310
1058,W2,R3,SKU_B,4,113
1058,W2,R3,SKU_C,4,110
1058,W2,R3,SKU_D,4,154
1058,W2,R3,SKU_E,4,84
1059,Supplier,W1,SKU_A,5,667
1059,Supplier,W1,SKU_B,5,395
1059,Supplier,W1,SKU_C,5,436
1059,Supplier,W1,SKU_D,5,338
1059,Supplier,W1,SKU_E,5,361
1059,Supplier,W2,SKU_A,6,310
1059,Supplier,W2,SKU_B,6,113
1059,Supplier,W2,SKU_C,6,110
1059,Supplier,W2,SKU_D,6,154
1059,Supplier,W2,SKU_E,6,121
1059,W2,R3,SKU_A,4,210
1059,W2,R3,SKU_B,4,61
1059,W2,R3,SKU_C,4,126
1059,W2,R3,SKU_D,4,134
1059,W2,R3,SKU_E,4,95
1060,Supplier,W1,SKU_A,5,381
1060,Supplier,W1,SKU_B,5,181
1060,Supplier,W1,SKU_C,5,274
1060,Supplier,W1,SKU_D,5,164
1060,Supplier,W1,SKU_E,5,145
1060,Supplier,W2,SKU_A,6,210
1060,Supplier,W2,SKU_B,6,61
1060,Supplier,W2,SKU_C,6,126
1060,Supplier,W2,SKU_D,6,134
1060,Supplier,W2,SKU_E,6,79
1060,W1,R1,SKU_A,2,427
1060,W1,R1,SKU_B,2,241
1060,W1,R1,SKU_C,2,315
1060,W1,R1,SKU_D,2,230
1060,W1,R1,SKU_E,2,198
1060,W1,R2,SKU_A,3,96
1060,W1,R2,SKU_B,3,28
1060,W1,R2,SKU_C,3,30
1060,W1,R2,SKU_D,3,30
1060,W1,R2,SKU_E,3,53
1060,W2,R3,SKU_A,4,213
1060,W2,R3,SKU_B,4,59
1060,W2,R3,SKU_C,4,95
1060,W2,R3,SKU_D,4,143
1060,W2,R3,SKU_E,4,88
1061,Supplier,W1,SKU_A,5,351
1061,Supplier,W1,SKU_B,5,209
1061,Supplier,W1,SKU_C,5,187
1061,Supplier,W1,SKU_D,5,192
1061,Supplier,W1,SKU_E,5,189
1061,Supplier,W2,SKU_A,6,213
1061,Supplier,W2,SKU_B,6,59
1061,Supplier,W2,SKU_C,6,95
1061,Supplier,W2,SKU_D,6,143
1061,Supplier,W2,SKU_E,6,112
1061,W2,R3,SKU_A,4,315
1061,W2,R3,SKU_B,4,69
1061,W2,R3,SKU_C,4,54
1061,W2,R3,SKU_D,4,117
1061,W2,R3,SKU_E,4,89
1062,Supplier,W2,SKU_A,6,315
1062,Supplier,W2,SKU_B,6,69
1062,Supplier,W2,SKU_C,6,54
1062,Supplier,W2,SKU_D,6,117
1062,Supplier,W2,SKU_E,6,109
1062,W1,R1,SKU_A,2,190
1062,W1,R1,SKU_B,2,101
1062,W1,R1,SKU_C,2,97
1062,W1,R1,SKU_D,2,83
1062,W1,R1,SKU_E,2,85
1062,W1,R2,SKU_A,3,307
1062,W1,R2,SKU_B,3,171
1062,W1,R2,SKU_C,3,169
1062,W1,R2,SKU_D,3,180
1062,W1,R2,SKU_E,3,173
1063,W2,R3,SKU_A,4,203
1063,W2,R3,SKU_C,4,62
1063,W2,R3,SKU_D,4,105
1063,W2,R3,SKU_E,4,169
1063,W2,R3,SKU_B,4,46
1064,Supplier,W1,SKU_A,5,545
1064,Supplier,W1,SKU_B,5,300
1064,Supplier,W1,SKU_C,5,301
1064,Supplier,W1,SKU_D,5,269
1064,Supplier,W1,SKU_E,5,282
1064,Supplier,W2,SKU_A,6,203
1064,Supplier,W2,SKU_C,6,62
1064,Supplier,W2,SKU_D,6,105
1064,Supplier,W2,SKU_B,6,46
1064,Supplier,W2,SKU_E,6,85
1064,W1,R1,SKU_A,2,275
1064,W1,R1,SKU_B,2,153
1064,W1,R1,SKU_C,2,170
1064,W1,R1,SKU_D,2,161
1064,W1,R1,SKU_E,2,121
1064,W1,R2,SKU_A,3,206
1064,W1,R2,SKU_B,3,116
1064,W1,R2,SKU_C,3,106
1064,W1,R2,SKU_D,3,79
1064,W1,R2,SKU_E,3,205
1065,Supplier,W2,SKU_A,6,162
1065,Supplier,W2,SKU_B,6,39
1065,Supplier,W2,SKU_C,6,81
1065,Supplier,W2,SKU_D,6,91
1065,Supplier,W2,SKU_E,6,70
1065,W1,R1,SKU_A,2,164
1065,W1,R1,SKU_B,2,87
1065,W1,R1,SKU_C,2,107
1065,W1,R1,SKU_D,2,73
1065,W1,R1,SKU_E,2,75
1065,W1,R2,SKU_A,3,104
1065,W1,R2,SKU_B,3,38
1065,W1,R2,SKU_C,3,61
1065,W1,R2,SKU_D,3,41
1065,W1,R2,SKU_E,3,47
1065,W2,R3,SKU_A,4,353
1065,W2,R3,SKU_B,4,109
1065,W2,R3,SKU_C,4,190
1065,W2,R3,SKU_D,4,182
1065,W2,R3,SKU_E,4,134
1066,Supplier,W1,SKU_A,5,492
1066,Supplier,W1,SKU_B,5,245
1066,Supplier,W1,SKU_C,5,293
1066,Supplier,W1,SKU_D,5,212
1066,Supplier,W1,SKU_E,5,220
1066,Supplier,W2,SKU_A,6,191
1066,Supplier,W2,SKU_B,6,70
1066,Supplier,W2,SKU_C,6,109
1066,Supplier,W2,SKU_D,6,91
1066,Supplier,W2,SKU_E,6,64
1066,W1,R1,SKU_A,2,161
1066,W1,R1,SKU_B,2,73
1066,W1,R1,SKU_C,2,96
1066,W1,R1,SKU_D,2,73
1066,W1,R1,SKU_E,2,54
1066,W1,R2,SKU_A,3,104
1066,W1,R2,SKU_B,3,48
1066,W1,R2,SKU_C,3,61
1066,W1,R2,SKU_D,3,43
1066,W1,R2,SKU_E,3,41
1067,Supplier,W2,SKU_A,6,182
1067,Supplier,W2,SKU_B,6,47
1067,Supplier,W2,SKU_C,6,72
1067,Supplier,W2,SKU_D,6,67
1067,Supplier,W2,SKU_E,6,57
1067,W1,R2,SKU_A,3,60
1067,W1,R2,SKU_B,3,51
1067,W1,R2,SKU_C,3,51
1067,W1,R2,SKU_D,3,35
1067,W1,R2,SKU_E,3,40
1067,W2,R3,SKU_A,4,329
1067,W2,R3,SKU_B,4,83
1067,W2,R3,SKU_C,4,119
1067,W2,R3,SKU_D,4,150
1067,W2,R3,SKU_E,4,131
1068,Supplier,W1,SKU_A,5,446
1068,Supplier,W1,SKU_B,5,220
1068,Supplier,W1,SKU_C,5,273
1068,Supplier,W1,SKU_D,5,194
1068,Supplier,W1,SKU_E,5,188
1068,Supplier,W2,SKU_A,6,147
1068,Supplier,W2,SKU_B,6,36
1068,Supplier,W2,SKU_C,6,47
1068,Supplier,W2,SKU_D,6,83
1068,Supplier,W2,SKU_E,6,74
1068,W1,R1,SKU_A,2,241
1068,W1,R1,SKU_B,2,105
1068,W1,R1,SKU_C,2,151
1068,W1,R1,SKU_D,2,105
1068,W1,R1,SKU_E,2,98
1068,W1,R2,SKU_A,3,89
1068,W1,R2,SKU_B,3,62
1068,W1,R2,SKU_C,3,49
1068,W1,R2,SKU_D,3,42
1068,W1,R2,SKU_E,3,14
1068,W2,R3,SKU_A,4,191
1068,W2,R3,SKU_B,4,51
1068,W2,R3,SKU_C,4,57
1068,W2,R3,SKU_D,4,92
1068,W2,R3,SKU_E,4,71
1069,Supplier,W2,SKU_A,6,191
1069,Supplier,W2,SKU_B,6,51
1069,Supplier,W2,SKU_C,6,57
1069,Supplier,W2,SKU_D,6,92
1069,Supplier,W2,SKU_E,6,71
1069,W1,R2,SKU_A,3,78
1069,W1,R2,SKU_B,3,40
1069,W1,R2,SKU_C,3,36
1069,W1,R2,SKU_D,3,37
1069,W1,R2,SKU_E,3,96
1070,Supplier,W1,SKU_A,5,401
1070,Supplier,W1,SKU_B,5,204
1070,Supplier,W1,SKU_C,5,231
1070,Supplier,W1,SKU_D,5,212
1070,Supplier,W1,SKU_E,5,197
1070,Supplier,W2,SKU_A,6,139
1070,Supplier,W2,SKU_B,6,32
1070,Supplier,W2,SKU_C,6,70
1070,Supplier,W2,SKU_D,6,71
1070,Supplier,W2,SKU_E,6,39
1070,W1,R1,SKU_A,2,236
1070,W1,R1,SKU_B,2,100
1070,W1,R1,SKU_C,2,120
1070,W1,R1,SKU_D,2,121
1070,W1,R1,SKU_E,2,97
1070,W1,R2,SKU_A,3,102
1070,W1,R2,SKU_B,3,34
1070,W1,R2,SKU_C,3,61
1070,W1,R2,SKU_D,3,52
1070,W1,R2,SKU_E,3,46
1070,W2,R3,SKU_A,4,268
1070,W2,R3,SKU_B,4,79
1070,W2,R3,SKU_C,4,132
1070,W2,R3,SKU_D,4,152
1070,W2,R3,SKU_E,4,119
1071,Supplier,W2,SKU_A,6,129
1071,Supplier,W2,SKU_B,6,47
1071,Supplier,W2,SKU_C,6,62
1071,Supplier,W2,SKU_D,6,81
1071,Supplier,W2,SKU_E,6,80
1071,W1,R1,SKU_A,2,162
1071,W1,R1,SKU_B,2,67
1071,W1,R1,SKU_C,2,91
1071,W1,R1,SKU_D,2,63
1071,W1,R1,SKU_E,2,49
1071,W1,R2,SKU_A,3,102
1071,W1,R2,SKU_B,3,52
1071,W1,R2,SKU_C,3,67
1071,W1,R2,SKU_D,3,60
1071,W1,R2,SKU_E,3,60
1071,W2,R3,SKU_A,4,159
1071,W2,R3,SKU_B,4,55
1071,W2,R3,SKU_C,4,69
1071,W2,R3,SKU_D,4,80
1071,W2,R3,SKU_E,4,78
1072,Supplier,W1,SKU_A,5,488
1072,Supplier,W1,SKU_B,5,208
1072,Supplier,W1,SKU_C,5,279
1072,Supplier,W1,SKU_D,5,225
1072,Supplier,W1,SKU_E,5,210
1072,Supplier,W2,SKU_A,6,159
1072,Supplier,W2,SKU_B,6,55
1072,Supplier,W2,SKU_C,6,69
1072,Supplier,W2,SKU_D,6,80
1072,Supplier,W2,SKU_E,6,78
1072,W1,R1,SKU_A,2,168
1072,W1,R1,SKU_B,2,97
1072,W1,R1,SKU_C,2,92
1072,W1,R1,SKU_D,2,67
1072,W1,R1,SKU_E,2,80
1072,W1,R2,SKU_A,3,107
1072,W1,R2,SKU_B,3,69
1072,W1,R2,SKU_C,3,62
1072,W1,R2,SKU_D,3,49
1072,W1,R2,SKU_E,3,36
1072,W2,R3,SKU_A,4,181
1072,W2,R3,SKU_B,4,70
1072,W2,R3,SKU_C,4,88
1072,W2,R3,SKU_D,4,102
1072,W2,R3,SKU_E,4,87
1073,Supplier,W2,SKU_A,6,181
1073,Supplier,W2,SKU_B,6,70
1073,Supplier,W2,SKU_C,6,88
1073,Supplier,W2,SKU_D,6,102
1073,Supplier,W2,SKU_E,6,87
1073,W1,R1,SKU_A,2,143
1073,W1,R1,SKU_B,2,80
1073,W1,R1,SKU_C,2,78
1073,W1,R1,SKU_D,2,58
1073,W1,R1,SKU_E,2,46
1073,W1,R2,SKU_A,3,128
1073,W1,R2,SKU_B,3,42
1073,W1,R2,SKU_C,3,62
1073,W1,R2,SKU_D,3,62
1073,W1,R2,SKU_E,3,50
1074,Supplier,W1,SKU_A,5,546
1074,Supplier,W1,SKU_B,5,288
1074,Supplier,W1,SKU_C,5,294
1074,Supplier,W1,SKU_D,5,236
1074,Supplier,W1,SKU_E,5,212
1074,Supplier,W2,SKU_A,6,169
1074,Supplier,W2,SKU_B,6,52
1074,Supplier,W2,SKU_C,6,76
1074,Supplier,W2,SKU_D,6,81
1074,Supplier,W2,SKU_E,6,62
1074,W1,R2,SKU_A,3,93
1074,W1,R2,SKU_B,3,33
1074,W1,R2,SKU_C,3,48
1074,W1,R2,SKU_D,3,40
1074,W1,R2,SKU_E,3,33
1074,W2,R3,SKU_A,4,299
1074,W2,R3,SKU_B,4,88
1074,W2,R3,SKU_C,4,138
1074,W2,R3,SKU_D,4,148
1074,W2,R3,SKU_E,4,111
1075,Supplier,W2,SKU_A,6,130
1075,Supplier,W2,SKU_B,6,36
1075,Supplier,W2,SKU_C,6,62
1075,Supplier,W2,SKU_D,6,67
1075,Supplier,W2,SKU_E,6,49
1075,W1,R1,SKU_A,2,216
1075,W1,R1,SKU_B,2,74
1075,W1,R1,SKU_C,2,104
1075,W1,R1,SKU_D,2,93
1075,W1,R1,SKU_E,2,77
1075,W1,R2,SKU_A,3,80
1075,W1,R2,SKU_B,3,40
1075,W1,R2,SKU_C,3,46
1075,W1,R2,SKU_D,3,40
1075,W1,R2,SKU_E,3,49
1076,Supplier,W1,SKU_A,5,389
1076,Supplier,W1,SKU_B,5,147
1076,Supplier,W1,SKU_C,5,198
1076,Supplier,W1,SKU_D,5,173
1076,Supplier,W1,SKU_E,5,159
1076,Supplier,W2,SKU_A,6,117
1076,Supplier,W2,SKU_B,6,28
1076,Supplier,W2,SKU_C,6,55
1076,Supplier,W2,SKU_D,6,73
1076,Supplier,W2,SKU_E,6,44
1076,W1,R2,SKU_A,3,112
1076,W1,R2,SKU_B,3,35
1076,W1,R2,SKU_C,3,35
1076,W1,R2,SKU_D,3,46
1076,W1,R2,SKU_E,3,30
1076,W2,R3,SKU_A,4,253
1076,W2,R3,SKU_B,4,70
1076,W2,R3,SKU_C,4,102
1076,W2,R3,SKU_D,4,136
1076,W2,R3,SKU_E,4,107
1077,Supplier,W2,SKU_A,6,136
1077,Supplier,W2,SKU_B,6,42
1077,Supplier,W2,SKU_C,6,47
1077,Supplier,W2,SKU_D,6,63
1077,Supplier,W2,SKU_E,6,63
1077,W1,R1,SKU_A,2,188
1077,W1,R1,SKU_B,2,91
1077,W1,R1,SKU_C,2,128
1077,W1,R1,SKU_D,2,107
1077,W1,R1,SKU_E,2,29
1077,W1,R2,SKU_A,3,91
1077,W1,R2,SKU_B,3,50
1077,W1,R2,SKU_C,3,46
1077,W1,R2,SKU_D,3,48
1077,W1,R2,SKU_E,3,19
1078,Supplier,W1,SKU_A,5,391
1078,Supplier,W1,SKU_B,5,176
1078,Supplier,W1,SKU_C,5,209
1078,Supplier,W1,SKU_D,5,201
1078,Supplier,W1,SKU_E,5,78
1078,Supplier,W2,SKU_A,6,135
1078,Supplier,W2,SKU_B,6,58
1078,Supplier,W2,SKU_C,6,87
1078,Supplier,W2,SKU_D,6,82
1078,Supplier,W2,SKU_E,6,58
1078,W1,R2,SKU_A,3,95
1078,W1,R2,SKU_B,3,47
1078,W1,R2,SKU_C,3,48
1078,W1,R2,SKU_D,3,54
1078,W1,R2,SKU_E,3,18
1078,W2,R3,SKU_A,4,278
1078,W2,R3,SKU_B,4,110
1078,W2,R3,SKU_C,4,154
1078,W2,R3,SKU_D,4,156
1078,W2,R3,SKU_E,4,94
1079,Supplier,W2,SKU_A,6,143
1079,Supplier,W2,SKU_B,6,52
1079,Supplier,W2,SKU_C,6,67
1079,Supplier,W2,SKU_D,6,74
1079,Supplier,W2,SKU_E,6,36
1079,W1,R1,SKU_A,2,289
1079,W1,R1,SKU_B,2,131
1079,W1,R1,SKU_C,2,160
1079,W1,R1,SKU_D,2,148
1079,W1,R1,SKU_E,2,59
1079,W1,R2,SKU_A,3,124
1079,W1,R2,SKU_B,3,42
1079,W1,R2,SKU_C,3,61
1079,W1,R2,SKU_D,3,61
1079,W1,R2,SKU_E,3,49
1079,W2,R3,SKU_A,4,205
1079,W2,R3,SKU_B,4,73
1079,W2,R3,SKU_C,4,140
1079,W2,R3,SKU_D,4,109
1079,W2,R3,SKU_E,4,82
1080,Supplier,W1,SKU_A,5,508
1080,Supplier,W1,SKU_B,5,220
1080,Supplier,W1,SKU_C,5,269
1080,Supplier,W1,SKU_D,5,263
1080,Supplier,W1,SKU_E,5,126
1080,Supplier,W2,SKU_A,6,205
1080,Supplier,W2,SKU_B,6,73
1080,Supplier,W2,SKU_C,6,140
1080,Supplier,W2,SKU_D,6,109
1080,Supplier,W2,SKU_E,6,82
1080,W1,R1,SKU_A,2,159
1080,W1,R1,SKU_B,2,67
1080,W1,R1,SKU_C,2,93
1080,W1,R1,SKU_D,2,88
1080,W1,R1,SKU_E,2,59
1080,W1,R2,SKU_A,3,121
1080,W1,R2,SKU_B,3,54
1080,W1,R2,SKU_C,3,48
1080,W1,R2,SKU_D,3,50
1080,W1,R2,SKU_E,3,56
1080,W2,R3,SKU_A,4,184
1080,W2,R3,SKU_B,4,50
1080,W2,R3,SKU_C,4,104
1080,W2,R3,SKU_D,4,123
1080,W2,R3,SKU_E,4,86
1081,Supplier,W2,SKU_A,6,184
1081,Supplier,W2,SKU_B,6,50
1081,Supplier,W2,SKU_C,6,104
1081,Supplier,W2,SKU_D,6,123
1081,Supplier,W2,SKU_E,6,86
1081,W1,R2,SKU_A,3,97
1081,W1,R2,SKU_B,3,41
1081,W1,R2,SKU_C,3,37
1081,W1,R2,SKU_D,3,26
1081,W1,R2,SKU_E,3,51
1082,Supplier,W1,SKU_A,5,471
1082,Supplier,W1,SKU_B,5,222
1082,Supplier,W1,SKU_C,5,230
1082,Supplier,W1,SKU_D,5,207
1082,Supplier,W1,SKU_E,5,209
1082,Supplier,W2,SKU_A,6,146
1082,Supplier,W2,SKU_B,6,51
1082,Supplier,W2,SKU_C,6,67
1082,Supplier,W2,SKU_D,6,77
1082,Supplier,W2,SKU_E,6,50
1082,W1,R1,SKU_A,2,201
1082,W1,R1,SKU_B,2,106
1082,W1,R1,SKU_C,2,97
1082,W1,R1,SKU_D,2,86
1082,W1,R1,SKU_E,2,78
1082,W1,R2,SKU_A,3,87
1082,W1,R2,SKU_B,3,33
1082,W1,R2,SKU_C,3,37
1082,W1,R2,SKU_D,3,45
1082,W1,R2,SKU_E,3,41
1082,W2,R3,SKU_A,4,258
1082,W2,R3,SKU_B,4,105
1082,W2,R3,SKU_C,4,134
1082,W2,R3,SKU_D,4,152
1082,W2,R3,SKU_E,4,123
1083,Supplier,W2,SKU_A,6,112
1083,Supplier,W2,SKU_B,6,54
1083,Supplier,W2,SKU_C,6,67
1083,Supplier,W2,SKU_D,6,75
1083,Supplier,W2,SKU_E,6,73
1083,W1,R2,SKU_A,3,103
1083,W1,R2,SKU_B,3,37
1083,W1,R2,SKU_C,3,36
1083,W1,R2,SKU_D,3,42
1083,W1,R2,SKU_E,3,59
1084,Supplier,W1,SKU_A,5,380
1084,Supplier,W1,SKU_B,5,151
1084,Supplier,W1,SKU_C,5,171
1084,Supplier,W1,SKU_D,5,169
1084,Supplier,W1,SKU_E,5,169
1084,Supplier,W2,SKU_A,6,141
1084,Supplier,W2,SKU_B,6,38
1084,Supplier,W2,SKU_C,6,56
1084,Supplier,W2,SKU_D,6,60
1084,Supplier,W2,SKU_E,6,52
1084,W1,R1,SKU_A,2,200
1084,W1,R1,SKU_B,2,82
1084,W1,R1,SKU_C,2,122
1084,W1,R1,SKU_D,2,81
1084,W1,R1,SKU_E,2,69
1084,W1,R2,SKU_A,3,78
1084,W1,R2,SKU_B,3,38
1084,W1,R2,SKU_C,3,36
1084,W1,R2,SKU_D,3,43
1084,W1,R2,SKU_E,3,39
1084,W2,R3,SKU_A,4,296
1084,W2,R3,SKU_B,4,86
1084,W2,R3,SKU_C,4,109
1084,W2,R3,SKU_D,4,120
1084,W2,R3,SKU_E,4,116
1085,Supplier,W2,SKU_A,6,155
1085,Supplier,W2,SKU_B,6,48
1085,Supplier,W2,SKU_C,6,53
1085,Supplier,W2,SKU_D,6,60
1085,Supplier,W2,SKU_E,6,64
1085,W1,R2,SKU_A,3,104
1085,W1,R2,SKU_B,3,36
1085,W1,R2,SKU_C,3,52
1085,W1,R2,SKU_D,3,44
1085,W1,R2,SKU_E,3,52
1085,W2,R3,SKU_A,4,177
1085,W2,R3,SKU_B,4,57
1085,W2,R3,SKU_C,4,73
1085,W2,R3,SKU_D,4,93
1085,W2,R3,SKU_E,4,57
1086,Supplier,W1,SKU_A,5,423
1086,Supplier,W1,SKU_B,5,168
1086,Supplier,W1,SKU_C,5,241
1086,Supplier,W1,SKU_D,5,169
1086,Supplier,W1,SKU_E,5,169
1086,Supplier,W2,SKU_A,6,177
1086,Supplier,W2,SKU_B,6,57
1086,Supplier,W2,SKU_C,6,73
1086,Supplier,W2,SKU_D,6,93
1086,Supplier,W2,SKU_E,6,57
1086,W1,R1,SKU_A,2,240
1086,W1,R1,SKU_B,2,121
1086,W1,R1,SKU_C,2,178
1086,W1,R1,SKU_D,2,106
1086,W1,R1,SKU_E,2,105
1086,W1,R2,SKU_A,3,101
1086,W1,R2,SKU_B,3,61
1086,W1,R2,SKU_C,3,49
1086,W1,R2,SKU_D,3,42
1086,W1,R2,SKU_E,3,53
1086,W2,R3,SKU_A,4,200
1086,W2,R3,SKU_B,4,81
1086,W2,R3,SKU_C,4,74
1086,W2,R3,SKU_D,4,122
1086,W2,R3,SKU_E,4,87
1087,Supplier,W2,SKU_A,6,200
1087,Supplier,W2,SKU_B,6,81
1087,Supplier,W2,SKU_C,6,74
1087,Supplier,W2,SKU_D,6,122
1087,Supplier,W2,SKU_E,6,87
1087,W1,R1,SKU_A,2,147
1087,W1,R1,SKU_B,2,72
1087,W1,R1,SKU_C,2,84
1087,W1,R1,SKU_D,2,56
1087,W1,R1,SKU_E,2,52
1087,W1,R2,SKU_A,3,112
1087,W1,R2,SKU_B,3,42
1087,W1,R2,SKU_C,3,46
1087,W1,R2,SKU_D,3,50
1087,W1,R2,SKU_E,3,56
1087,W2,R3,SKU_A,4,188
1087,W2,R3,SKU_B,4,55
1087,W2,R3,SKU_C,4,86
1087,W2,R3,SKU_D,4,85
1087,W2,R3,SKU_E,4,64
1088,Supplier,W1,SKU_A,5,476
1088,Supplier,W1,SKU_B,5,249
1088,Supplier,W1,SKU_C,5,273
1088,Supplier,W1,SKU_D,5,214
1088,Supplier,W1,SKU_E,5,223
1088,Supplier,W2,SKU_A,6,188
1088,Supplier,W2,SKU_B,6,55
1088,Supplier,W2,SKU_C,6,86
1088,Supplier,W2,SKU_D,6,85
1088,Supplier,W2,SKU_E,6,64
1088,W1,R2,SKU_A,3,80
1088,W1,R2,SKU_B,3,44
1088,W1,R2,SKU_C,3,37
1088,W1,R2,SKU_D,3,29
1088,W1,R2,SKU_E,3,33
1088,W2,R3,SKU_A,4,149
1088,W2,R3,SKU_B,4,54
1088,W2,R3,SKU_C,4,92
1088,W2,R3,SKU_D,4,83
1088,W2,R3,SKU_E,4,60
1089,Supplier,W2,SKU_A,6,149
1089,Supplier,W2,SKU_B,6,54
1089,Supplier,W2,SKU_C,6,92
1089,Supplier,W2,SKU_D,6,83
1089,Supplier,W2,SKU_E,6,60
1089,W1,R1,SKU_A,2,194
1089,W1,R1,SKU_B,2,102
1089,W1,R1,SKU_C,2,109
1089,W1,R1,SKU_D,2,81
1089,W1,R1,SKU_E,2,57
1089,W1,R2,SKU_A,3,75
1089,W1,R2,SKU_B,3,36
1089,W1,R2,SKU_C,3,35
1089,W1,R2,SKU_D,3,24
1089,W1,R2,SKU_E,3,30
1090,Supplier,W2,SKU_A,6,120
1090,Supplier,W2,SKU_B,6,45
1090,Supplier,W2,SKU_C,6,63
1090,Supplier,W2,SKU_D,6,67
1090,Supplier,W2,SKU_E,6,50
1090,W1,R2,SKU_A,3,67
1090,W1,R2,SKU_B,3,38
1090,W1,R2,SKU_C,3,39
1090,W1,R2,SKU_D,3,34
1090,W1,R2,SKU_E,3,35
1090,W2,R3,SKU_A,4,233
1090,W2,R3,SKU_B,4,82
1090,W2,R3,SKU_C,4,118
1090,W2,R3,SKU_D,4,124
1090,W2,R3,SKU_E,4,95
1091,Supplier,W1,SKU_A,5,502
1091,Supplier,W1,SKU_B,5,271
1091,Supplier,W1,SKU_C,5,262
1091,Supplier,W1,SKU_D,5,213
1091,Supplier,W1,SKU_E,5,190
1091,Supplier,W2,SKU_A,6,113
1091,Supplier,W2,SKU_B,6,37
1091,Supplier,W2,SKU_C,6,55
1091,Supplier,W2,SKU_D,6,57
1091,Supplier,W2,SKU_E,6,45
1091,W1,R1,SKU_A,2,176
1091,W1,R1,SKU_B,2,87
1091,W1,R1,SKU_C,2,106
1091,W1,R1,SKU_D,2,77
1091,W1,R1,SKU_E,2,65
1091,W1,R2,SKU_A,3,87
1091,W1,R2,SKU_B,3,28
1091,W1,R2,SKU_C,3,37
1091,W1,R2,SKU_D,3,30
1091,W1,R2,SKU_E,3,46
1092,Supplier,W2,SKU_A,6,109
1092,Supplier,W2,SKU_B,6,26
1092,Supplier,W2,SKU_C,6,46
1092,Supplier,W2,SKU_D,6,57
1092,Supplier,W2,SKU_E,6,33
1092,W1,R2,SKU_A,3,77
1092,W1,R2,SKU_B,3,32
1092,W1,R2,SKU_C,3,45
1092,W1,R2,SKU_D,3,35
1092,W1,R2,SKU_E,3,49
1092,W2,R3,SKU_A,4,250
1092,W2,R3,SKU_B,4,61
1092,W2,R3,SKU_C,4,109
1092,W2,R3,SKU_D,4,130
1092,W2,R3,SKU_E,4,45
1093,Supplier,W2,SKU_A,6,141
1093,Supplier,W2,SKU_B,6,35
1093,Supplier,W2,SKU_C,6,63
1093,Supplier,W2,SKU_D,6,73
1093,Supplier,W2,SKU_E,6,12
1093,W1,R1,SKU_A,2,233
1093,W1,R1,SKU_B,2,126
1093,W1,R1,SKU_C,2,177
1093,W1,R1,SKU_D,2,98
1093,W1,R1,SKU_E,2,110
1093,W1,R2,SKU_A,3,92
1093,W1,R2,SKU_B,3,57
1093,W1,R2,SKU_C,3,65
1093,W1,R2,SKU_D,3,42
1093,W1,R2,SKU_E,3,65
1093,W2,R3,SKU_A,4,177
1093,W2,R3,SKU_B,4,52
1093,W2,R3,SKU_C,4,72
1093,W2,R3,SKU_D,4,112
1093,W2,R3,SKU_E,4,46
1094,Supplier,W1,SKU_A,5,579
1094,Supplier,W1,SKU_B,5,279
1094,Supplier,W1,SKU_C,5,388
1094,Supplier,W1,SKU_D,5,237
1094,Supplier,W1,SKU_E,5,300
1094,Supplier,W2,SKU_A,6,177
1094,Supplier,W2,SKU_B,6,52
1094,Supplier,W2,SKU_C,6,72
1094,Supplier,W2,SKU_D,6,112
1094,Supplier,W2,SKU_E,6,46
1094,W1,R1,SKU_A,2,150
1094,W1,R1,SKU_B,2,75
1094,W1,R1,SKU_C,2,111
1094,W1,R1,SKU_D,2,53
1094,W1,R1,SKU_E,2,50
1094,W1,R2,SKU_A,3,113
1094,W1,R2,SKU_B,3,64
1094,W1,R2,SKU_C,3,57
1094,W1,R2,SKU_D,3,42
1094,W1,R2,SKU_E,3,44
1095,Supplier,W2,SKU_A,6,183
1095,Supplier,W2,SKU_B,6,44
1095,Supplier,W2,SKU_C,6,60
1095,Supplier,W2,SKU_D,6,80
1095,Supplier,W2,SKU_E,6,68
1095,W1,R2,SKU_A,3,78
1095,W1,R2,SKU_B,3,37
1095,W1,R2,SKU_C,3,41
1095,W1,R2,SKU_D,3,25
1095,W1,R2,SKU_E,3,46
1095,W2,R3,SKU_A,4,305
1095,W2,R3,SKU_B,4,80
1095,W2,R3,SKU_C,4,121
1095,W2,R3,SKU_D,4,138
1095,W2,R3,SKU_E,4,103
1096,Supplier,W1,SKU_A,5,426
1096,Supplier,W1,SKU_B,5,206
1096,Supplier,W1,SKU_C,5,247
1096,Supplier,W1,SKU_D,5,168
1096,Supplier,W1,SKU_E,5,173
1096,Supplier,W2,SKU_A,6,122
1096,Supplier,W2,SKU_B,6,36
1096,Supplier,W2,SKU_C,6,61
1096,Supplier,W2,SKU_D,6,58
1096,Supplier,W2,SKU_E,6,35
1096,W1,R1,SKU_A,2,162
1096,W1,R1,SKU_B,2,64
1096,W1,R1,SKU_C,2,100
1096,W1,R1,SKU_D,2,80
1096,W1,R1,SKU_E,2,58
1096,W1,R2,SKU_A,3,78
1096,W1,R2,SKU_B,3,18
1096,W1,R2,SKU_C,3,46
1096,W1,R2,SKU_D,3,26
1096,W1,R2,SKU_E,3,38
1097,Supplier,W2,SKU_A,6,91
1097,Supplier,W2,SKU_B,6,21
1097,Supplier,W2,SKU_C,6,37
1097,Supplier,W2,SKU_D,6,36
1097,Supplier,W2,SKU_E,6,46
1097,W1,R2,SKU_A,3,74
1097,W1,R2,SKU_B,3,31
1097,W1,R2,SKU_C,3,35
1097,W1,R2,SKU_D,3,32
1097,W1,R2,SKU_E,3,47
1097,W2,R3,SKU_A,4,193
1097,W2,R3,SKU_B,4,51
1097,W2,R3,SKU_C,4,77
1097,W2,R3,SKU_D,4,100
1097,W2,R3,SKU_E,4,90
1098,Supplier,W2,SKU_A,6,102
1098,Supplier,W2,SKU_B,6,30
1098,Supplier,W2,SKU_C,6,40
1098,Supplier,W2,SKU_D,6,64
1098,Supplier,W2,SKU_E,6,44
1098,W1,R1,SKU_A,2,158
1098,W1,R1,SKU_B,2,69
1098,W1,R1,SKU_C,2,96
1098,W1,R1,SKU_D,2,86
1098,W1,R1,SKU_E,2,67
1098,W1,R2,SKU_A,3,87
1098,W1,R2,SKU_B,3,49
1098,W1,R2,SKU_C,3,34
1098,W1,R2,SKU_D,3,27
1098,W1,R2,SKU_E,3,56
1099,Supplier,W1,SKU_A,5,474
1099,Supplier,W1,SKU_B,5,201
1099,Supplier,W1,SKU_C,5,273
1099,Supplier,W1,SKU_D,5,203
1099,Supplier,W1,SKU_E,5,233
1099,Supplier,W2,SKU_A,6,141
1099,Supplier,W2,SKU_B,6,33
1099,Supplier,W2,SKU_C,6,46
1099,Supplier,W2,SKU_D,6,71
1099,Supplier,W2,SKU_E,6,40
1099,W1,R2,SKU_A,3,89
1099,W1,R2,SKU_B,3,78
1099,W1,R2,SKU_C,3,41
1099,W1,R2,SKU_D,3,32
1099,W1,R2,SKU_E,3,60
1099,W2,R3,SKU_A,4,317
1099,W2,R3,SKU_B,4,107
1099,W2,R3,SKU_C,4,130
1099,W2,R3,SKU_D,4,143
1099,W2,R3,SKU_E,4,114
1100,Supplier,W2,SKU_A,6,176
1100,Supplier,W2,SKU_B,6,74
1100,Supplier,W2,SKU_C,6,84
1100,Supplier,W2,SKU_D,6,72
1100,Supplier,W2,SKU_E,6,74
1100,W1,R1,SKU_A,2,242
1100,W1,R1,SKU_B,2,123
1100,W1,R1,SKU_C,2,185
1100,W1,R1,SKU_D,2,124
1100,W1,R1,SKU_E,2,109
1100,W1,R2,SKU_A,3,114
1100,W1,R2,SKU_B,3,57
1100,W1,R2,SKU_C,3,58
1100,W1,R2,SKU_D,3,39
1100,W1,R2,SKU_E,3,89
1100,W2,R3,SKU_A,4,226
1100,W2,R3,SKU_B,4,44
1100,W2,R3,SKU_C,4,123
1100,W2,R3,SKU_D,4,122
1100,W2,R3,SKU_E,4,80
1101,Supplier,W1,SKU_A,5,445
1101,Supplier,W1,SKU_B,5,258
1101,Supplier,W1,SKU_C,5,284
1101,Supplier,W1,SKU_D,5,195
1101,Supplier,W1,SKU_E,5,258
1101,Supplier,W2,SKU_A,6,226
1101,Supplier,W2,SKU_B,6,44
1101,Supplier,W2,SKU_C,6,123
1101,Supplier,W2,SKU_D,6,122
1101,Supplier,W2,SKU_E,6,80
1101,W1,R2,SKU_A,3,107
1101,W1,R2,SKU_B,3,49
1101,W1,R2,SKU_C,3,27
1101,W1,R2,SKU_D,3,37
1101,W1,R2,SKU_E,3,62
1102,Supplier,W2,SKU_A,6,150
1102,Supplier,W2,SKU_B,6,37
1102,Supplier,W2,SKU_C,6,75
1102,Supplier,W2,SKU_D,6,95
1102,Supplier,W2,SKU_E,6,78
1102,W1,R1,SKU_A,2,239
1102,W1,R1,SKU_B,2,65
1102,W1,R1,SKU_C,2,127
1102,W1,R1,SKU_D,2,120
1102,W1,R1,SKU_E,2,98
1102,W1,R2,SKU_A,3,99
1102,W1,R2,SKU_B,3,55
1102,W1,R2,SKU_C,3,39
1102,W1,R2,SKU_D,3,40
1102,W1,R2,SKU_E,3,63
1102,W2,R3,SKU_A,4,298
1102,W2,R3,SKU_B,4,89
1102,W2,R3,SKU_C,4,151
1102,W2,R3,SKU_D,4,176
1102,W2,R3,SKU_E,4,147
1103,Supplier,W1,SKU_A,5,445
1103,Supplier,W1,SKU_B,5,169
1103,Supplier,W1,SKU_C,5,193
1103,Supplier,W1,SKU_D,5,197
1103,Supplier,W1,SKU_E,5,223
1103,Supplier,W2,SKU_A,6,148
1103,Supplier,W2,SKU_B,6,52
1103,Supplier,W2,SKU_C,6,76
1103,Supplier,W2,SKU_D,6,81
1103,Supplier,W2,SKU_E,6,69
1103,W1,R2,SKU_A,3,88
1103,W1,R2,SKU_B,3,35
1103,W1,R2,SKU_C,3,41
1103,W1,R2,SKU_D,3,31
1104,Supplier,W2,SKU_A,6,133
1104,Supplier,W2,SKU_B,6,44
1104,Supplier,W2,SKU_C,6,58
1104,Supplier,W2,SKU_D,6,41
1104,Supplier,W2,SKU_E,6,45
1104,W1,R1,SKU_A,2,167
1104,W1,R1,SKU_B,2,45
1104,W1,R1,SKU_C,2,91
1104,W1,R1,SKU_D,2,58
1104,W1,R1,SKU_E,2,75
1104,W1,R2,SKU_A,3,84
1104,W1,R2,SKU_B,3,3
1104,W1,R2,SKU_C,3,38
1104,W1,R2,SKU_D,3,39
1104,W1,R2,SKU_E,3,119
1104,W2,R3,SKU_A,4,270
1104,W2,R3,SKU_B,4,94
1104,W2,R3,SKU_C,4,125
1104,W2,R3,SKU_D,4,98
1104,W2,R3,SKU_E,4,104
1105,Supplier,W2,SKU_A,6,137
1105,Supplier,W2,SKU_B,6,50
1105,Supplier,W2,SKU_C,6,67
1105,Supplier,W2,SKU_D,6,57
1105,Supplier,W2,SKU_E,6,59
1105,W1,R2,SKU_A,3,97
1105,W1,R2,SKU_C,3,38
1105,W1,R2,SKU_D,3,30
1105,W1,R2,SKU_E,3,27
1106,Supplier,W1,SKU_A,5,521
1106,Supplier,W1,SKU_B,5,105
1106,Supplier,W1,SKU_C,5,249
1106,Supplier,W1,SKU_D,5,198
1106,Supplier,W1,SKU_E,5,278
1106,Supplier,W2,SKU_A,6,150
1106,Supplier,W2,SKU_B,6,31
1106,Supplier,W2,SKU_C,6,52
1106,Supplier,W2,SKU_D,6,73
1106,Supplier,W2,SKU_E,6,64
1106,W1,R1,SKU_A,2,203
1106,W1,R1,SKU_B,2,52
1106,W1,R1,SKU_C,2,95
1106,W1,R1,SKU_D,2,100
1106,W1,R1,SKU_E,2,100
1106,W1,R2,SKU_A,3,74
1106,W1,R2,SKU_C,3,42
1106,W1,R2,SKU_D,3,28
1106,W1,R2,SKU_E,3,72
1106,W2,R3,SKU_A,4,312
1106,W2,R3,SKU_B,4,74
1106,W2,R3,SKU_C,4,117
1106,W2,R3,SKU_D,4,142
1106,W2,R3,SKU_E,4,124
1107,Supplier,W2,SKU_A,6,162
1107,Supplier,W2,SKU_B,6,43
1107,Supplier,W2,SKU_C,6,65
1107,Supplier,W2,SKU_D,6,69
1107,Supplier,W2,SKU_E,6,60
1107,W1,R1,SKU_A,2,150
1107,W1,R1,SKU_B,2,90
1107,W1,R1,SKU_C,2,113
1107,W1,R1,SKU_D,2,83
1107,W1,R1,SKU_E,2,58
1107,W1,R2,SKU_A,3,108
1107,W1,R2,SKU_B,3,71
1107,W1,R2,SKU_C,3,85
1107,W1,R2,SKU_D,3,60
1107,W1,R2,SKU_E,3,69
1107,W2,R3,SKU_A,4,215
1107,W2,R3,SKU_B,4,81
1107,W2,R3,SKU_C,4,113
1107,W2,R3,SKU_D,4,114
1107,W2,R3,SKU_E,4,79
1108,Supplier,W1,SKU_A,5,450
1108,Supplier,W1,SKU_B,5,191
1108,Supplier,W1,SKU_C,5,294
1108,Supplier,W1,SKU_D,5,231
1108,Supplier,W1,SKU_E,5,242
1108,Supplier,W2,SKU_A,6,215
1108,Supplier,W2,SKU_B,6,81
1108,Supplier,W2,SKU_C,6,113
1108,Supplier,W2,SKU_D,6,114
1108,Supplier,W2,SKU_E,6,79
1108,W1,R1,SKU_A,2,186
1108,W1,R1,SKU_B,2,91
1108,W1,R1,SKU_C,2,129
1108,W1,R1,SKU_D,2,98
1108,W1,R1,SKU_E,2,65
1108,W1,R2,SKU_A,3,129
1108,W1,R2,SKU_B,3,52
1108,W1,R2,SKU_C,3,47
1108,W1,R2,SKU_D,3,62
1108,W1,R2,SKU_E,3,80
1108,W2,R3,SKU_A,4,242
1108,W2,R3,SKU_B,4,93
1108,W2,R3,SKU_C,4,97
1108,W2,R3,SKU_D,4,138
1108,W2,R3,SKU_E,4,100
1109,Supplier,W2,SKU_A,6,242
1109,Supplier,W2,SKU_B,6,93
1109,Supplier,W2,SKU_C,6,97
1109,Supplier,W2,SKU_D,6,138
1109,Supplier,W2,SKU_E,6,100
1109,W1,R2,SKU_A,3,90
1109,W1,R2,SKU_B,3,44
1109,W1,R2,SKU_C,3,48
1109,W1,R2,SKU_D,3,36
1109,W1,R2,SKU_E,3,40
1110,Supplier,W1,SKU_A,5,513
1110,Supplier,W1,SKU_B,5,227
1110,Supplier,W1,SKU_C,5,279
1110,Supplier,W1,SKU_D,5,245
1110,Supplier,W1,SKU_E,5,246
1110,Supplier,W2,SKU_A,6,152
1110,Supplier,W2,SKU_B,6,46
1110,Supplier,W2,SKU_C,6,60
1110,Supplier,W2,SKU_D,6,71
1110,Supplier,W2,SKU_E,6,51
1110,W1,R1,SKU_A,2,212
1110,W1,R1,SKU_B,2,101
1110,W1,R1,SKU_C,2,115
1110,W1,R1,SKU_D,2,95
1110,W1,R1,SKU_E,2,44
1110,W1,R2,SKU_A,3,107
1110,W1,R2,SKU_B,3,58
1110,W1,R2,SKU_C,3,47
1110,W1,R2,SKU_D,3,35
1110,W2,R3,SKU_A,4,284
1110,W2,R3,SKU_B,4,108
1110,W2,R3,SKU_C,4,123
1110,W2,R3,SKU_D,4,164
1110,W2,R3,SKU_E,4,114
1111,Supplier,W2,SKU_A,6,132
1111,Supplier,W2,SKU_B,6,62
1111,Supplier,W2,SKU_C,6,63
1111,Supplier,W2,SKU_D,6,93
1111,Supplier,W2,SKU_E,6,63
1111,W1,R1,SKU_A,2,118
1111,W1,R1,SKU_B,2,44
1111,W1,R1,SKU_C,2,73
1111,W1,R1,SKU_D,2,52
1111,W1,R1,SKU_E,2,91
1111,W1,R2,SKU_A,3,94
1111,W1,R2,SKU_B,3,46
1111,W1,R2,SKU_C,3,49
1111,W1,R2,SKU_D,3,46
1111,W1,R2,SKU_E,3,120
1111,W2,R3,SKU_A,4,193
1111,W2,R3,SKU_B,4,40
1111,W2,R3,SKU_C,4,76
1111,W2,R3,SKU_D,4,111
1111,W2,R3,SKU_E,4,97
1112,Supplier,W1,SKU_A,5,423
1112,Supplier,W1,SKU_B,5,209
1112,Supplier,W1,SKU_C,5,229
1112,Supplier,W1,SKU_D,5,179
1112,Supplier,W1,SKU_E,5,194
1112,Supplier,W2,SKU_A,6,193
1112,Supplier,W2,SKU_B,6,40
1112,Supplier,W2,SKU_C,6,76
1112,Supplier,W2,SKU_D,6,111
1112,Supplier,W2,SKU_E,6,97
1112,W1,R1,SKU_A,2,165
1112,W1,R1,SKU_B,2,73
1112,W1,R1,SKU_C,2,97
1112,W1,R1,SKU_D,2,77
1112,W1,R1,SKU_E,2,67
1112,W1,R2,SKU_A,3,138
1112,W1,R2,SKU_B,3,56
1112,W1,R2,SKU_C,3,76
1112,W1,R2,SKU_D,3,50
1112,W2,R3,SKU_A,4,224
1112,W2,R3,SKU_B,4,51
1112,W2,R3,SKU_C,4,107
1112,W2,R3,SKU_D,4,140
1112,W2,R3,SKU_E,4,101
1113,Supplier,W2,SKU_A,6,224
1113,Supplier,W2,SKU_B,6,51
1113,Supplier,W2,SKU_C,6,107
1113,Supplier,W2,SKU_D,6,140
1113,Supplier,W2,SKU_E,6,101
1113,W1,R1,SKU_A,2,158
1113,W1,R1,SKU_B,2,93
1113,W1,R1,SKU_C,2,88
1113,W1,R1,SKU_D,2,71
1113,W1,R1,SKU_E,2,63
1113,W1,R2,SKU_A,3,104
1113,W1,R2,SKU_B,3,63
1113,W1,R2,SKU_C,3,59
1113,W1,R2,SKU_D,3,56
1113,W1,R2,SKU_E,3,152
1113,W2,R3,SKU_A,4,202
1113,W2,R3,SKU_B,4,58
1113,W2,R3,SKU_C,4,140
1113,W2,R3,SKU_D,4,138
1113,W2,R3,SKU_E,4,99
1114,Supplier,W1,SKU_A,5,565
1114,Supplier,W1,SKU_B,5,285
1114,Supplier,W1,SKU_C,5,320
1114,Supplier,W1,SKU_D,5,254
1114,Supplier,W1,SKU_E,5,282
1114,Supplier,W2,SKU_A,6,202
1114,Supplier,W2,SKU_B,6,58
1114,Supplier,W2,SKU_C,6,140
1114,Supplier,W2,SKU_D,6,138
1114,Supplier,W2,SKU_E,6,99
1114,W1,R1,SKU_A,2,175
1114,W1,R1,SKU_B,2,111
1114,W1,R1,SKU_C,2,111
1114,W1,R1,SKU_D,2,94
1114,W1,R1,SKU_E,2,27
1114,W1,R2,SKU_A,3,60
1114,W1,R2,SKU_B,3,64
1114,W1,R2,SKU_C,3,57
1114,W1,R2,SKU_D,3,39
1114,W2,R3,SKU_A,4,267
1114,W2,R3,SKU_B,4,100
1114,W2,R3,SKU_C,4,184
1114,W2,R3,SKU_D,4,155
1114,W2,R3,SKU_E,4,97
1115,Supplier,W2,SKU_A,6,267
1115,Supplier,W2,SKU_B,6,100
1115,Supplier,W2,SKU_C,6,184
1115,Supplier,W2,SKU_D,6,155
1115,Supplier,W2,SKU_E,6,97
1115,W1,R1,SKU_A,2,164
1115,W1,R1,SKU_B,2,95
1115,W1,R1,SKU_C,2,126
1115,W1,R1,SKU_D,2,91
1115,W1,R1,SKU_E,2,127
1115,W1,R2,SKU_A,3,124
1115,W1,R2,SKU_B,3,70
1115,W1,R2,SKU_C,3,63
1115,W1,R2,SKU_D,3,55
1115,W1,R2,SKU_E,3,119
1115,W2,R3,SKU_A,4,257
1115,W2,R3,SKU_B,4,102
1115,W2,R3,SKU_C,4,134
1115,W2,R3,SKU_D,4,115
1115,W2,R3,SKU_E,4,97
1116,Supplier,W1,SKU_A,5,523
1116,Supplier,W1,SKU_B,5,340
1116,Supplier,W1,SKU_C,5,357
1116,Supplier,W1,SKU_D,5,279
1116,Supplier,W1,SKU_E,5,289
1116,Supplier,W2,SKU_A,6,257
1116,Supplier,W2,SKU_B,6,102
1116,Supplier,W2,SKU_C,6,134
1116,Supplier,W2,SKU_D,6,115
1116,Supplier,W2,SKU_E,6,97
1116,W1,R2,SKU_A,3,94
1116,W1,R2,SKU_B,3,47
1116,W1,R2,SKU_C,3,48
1116,W1,R2,SKU_D,3,39
1116,W2,R3,SKU_A,4,184
1116,W2,R3,SKU_B,4,80
1116,W2,R3,SKU_C,4,107
1116,W2,R3,SKU_D,4,101
1116,W2,R3,SKU_E,4,68
1117,Supplier,W2,SKU_A,6,184
1117,Supplier,W2,SKU_B,6,80
1117,Supplier,W2,SKU_C,6,107
1117,Supplier,W2,SKU_D,6,101
1117,Supplier,W2,SKU_E,6,68
1117,W1,R1,SKU_A,2,217
1117,W1,R1,SKU_B,2,117
1117,W1,R1,SKU_C,2,140
1117,W1,R1,SKU_D,2,128
1117,W1,R1,SKU_E,2,92
1117,W1,R2,SKU_A,3,90
1117,W1,R2,SKU_B,3,61
1117,W1,R2,SKU_C,3,44
1117,W1,R2,SKU_D,3,45
1117,W1,R2,SKU_E,3,102
1117,W2,R3,SKU_A,4,147
1117,W2,R3,SKU_B,4,63
1117,W2,R3,SKU_C,4,78
1117,W2,R3,SKU_D,4,96
1117,W2,R3,SKU_E,4,89
1118,Supplier,W1,SKU_A,5,401
1118,Supplier,W1,SKU_B,5,225
1118,Supplier,W1,SKU_C,5,232
1118,Supplier,W1,SKU_D,5,212
1118,Supplier,W1,SKU_E,5,189
1118,Supplier,W2,SKU_A,6,147
1118,Supplier,W2,SKU_B,6,63
1118,Supplier,W2,SKU_C,6,78
1118,Supplier,W2,SKU_D,6,96
1118,Supplier,W2,SKU_E,6,92
1118,W1,R2,SKU_A,3,64
1118,W1,R2,SKU_B,3,39
1118,W1,R2,SKU_C,3,47
1118,W1,R2,SKU_D,3,26
1118,W2,R3,SKU_A,4,169
1118,W2,R3,SKU_B,4,67
1118,W2,R3,SKU_C,4,73
1118,W2,R3,SKU_D,4,97
1118,W2,R3,SKU_E,4,73
1119,Supplier,W2,SKU_A,6,169
1119,Supplier,W2,SKU_B,6,67
1119,Supplier,W2,SKU_C,6,73
1119,Supplier,W2,SKU_D,6,97
1119,Supplier,W2,SKU_E,6,70
1119,W1,R1,SKU_A,2,212
1119,W1,R1,SKU_B,2,121
1119,W1,R1,SKU_C,2,147
1119,W1,R1,SKU_D,2,106
1119,W1,R1,SKU_E,2,87
1119,W1,R2,SKU_A,3,109
1119,W1,R2,SKU_B,3,77
1119,W1,R2,SKU_C,3,44
1119,W1,R2,SKU_D,3,36
1119,W1,R2,SKU_E,3,120
1119,W2,R3,SKU_A,4,157
1119,W2,R3,SKU_B,4,66
1119,W2,R3,SKU_C,4,95
1119,W2,R3,SKU_D,4,78
1119,W2,R3,SKU_E,4,72
1120,Supplier,W1,SKU_A,5,385
1120,Supplier,W1,SKU_B,5,237
1120,Supplier,W1,SKU_C,5,238
1120,Supplier,W1,SKU_D,5,168
1120,Supplier,W1,SKU_E,5,196
1120,Supplier,W2,SKU_A,6,157
1120,Supplier,W2,SKU_B,6,66
1120,Supplier,W2,SKU_C,6,95
1120,Supplier,W2,SKU_D,6,78
1120,Supplier,W2,SKU_E,6,72
1120,W1,R1,SKU_A,2,125
1120,W1,R1,SKU_B,2,63
1120,W1,R1,SKU_C,2,94
1120,W1,R1,SKU_D,2,64
1120,W1,R1,SKU_E,2,67
1120,W1,R2,SKU_A,3,96
1120,W1,R2,SKU_B,3,52
1120,W1,R2,SKU_C,3,72
1120,W1,R2,SKU_D,3,53
1120,W1,R2,SKU_E,3,8
1120,W2,R3,SKU_A,4,177
1120,W2,R3,SKU_B,4,69
1120,W2,R3,SKU_C,4,111
1120,W2,R3,SKU_D,4,104
1120,W2,R3,SKU_E,4,75
1121,Supplier,W2,SKU_A,6,177
1121,Supplier,W2,SKU_B,6,69
1121,Supplier,W2,SKU_C,6,111
1121,Supplier,W2,SKU_D,6,104
1121,Supplier,W2,SKU_E,6,75
1121,W1,R1,SKU_A,2,127
1121,W1,R1,SKU_B,2,100
1121,W1,R1,SKU_C,2,116
1121,W1,R1,SKU_D,2,76
1121,W1,R1,SKU_E,2,67
1121,W1,R2,SKU_A,3,111
1121,W1,R2,SKU_B,3,65
1121,W1,R2,SKU_C,3,70
1121,W1,R2,SKU_D,3,55
1121,W1,R2,SKU_E,3,148
1121,W2,R3,SKU_A,4,205
1121,W2,R3,SKU_B,4,101
1121,W2,R3,SKU_C,4,140
1121,W2,R3,SKU_D,4,111
1121,W2,R3,SKU_E,4,107
1122,Supplier,W1,SKU_A,5,459
1122,Supplier,W1,SKU_B,5,280
1122,Supplier,W1,SKU_C,5,352
1122,Supplier,W1,SKU_D,5,248
1122,Supplier,W1,SKU_E,5,290
1122,Supplier,W2,SKU_A,6,205
1122,Supplier,W2,SKU_B,6,101
1122,Supplier,W2,SKU_C,6,140
1122,Supplier,W2,SKU_D,6,111
1122,Supplier,W2,SKU_E,6,107
1122,W1,R1,SKU_A,2,164
1122,W1,R1,SKU_B,2,103
1122,W1,R1,SKU_C,2,115
1122,W1,R1,SKU_D,2,105
1122,W1,R1,SKU_E,2,55
1122,W1,R2,SKU_A,3,118
1122,W1,R2,SKU_B,3,58
1122,W1,R2,SKU_C,3,68
1122,W1,R2,SKU_D,3,58
1122,W1,R2,SKU_E,3,19
1122,W2,R3,SKU_A,4,239
1122,W2,R3,SKU_B,4,111
1122,W2,R3,SKU_C,4,148
1122,W2,R3,SKU_D,4,142
1122,W2,R3,SKU_E,4,77
1123,Supplier,W2,SKU_A,6,239
1123,Supplier,W2,SKU_B,6,111
1123,Supplier,W2,SKU_C,6,148
1123,Supplier,W2,SKU_D,6,142
1123,Supplier,W2,SKU_E,6,77
1123,W1,R2,SKU_A,3,89
1123,W1,R2,SKU_B,3,47
1123,W1,R2,SKU_C,3,53
1123,W1,R2,SKU_D,3,48
1123,W1,R2,SKU_E,3,88
1124,Supplier,W1,SKU_A,5,483
1124,Supplier,W1,SKU_B,5,255
1124,Supplier,W1,SKU_C,5,279
1124,Supplier,W1,SKU_D,5,255
1124,Supplier,W1,SKU_E,5,203
1124,Supplier,W2,SKU_A,6,158
1124,Supplier,W2,SKU_B,6,54
1124,Supplier,W2,SKU_C,6,91
1124,Supplier,W2,SKU_D,6,74
1124,Supplier,W2,SKU_E,6,55
1124,W1,R1,SKU_A,2,211
1124,W1,R1,SKU_B,2,107
1124,W1,R1,SKU_C,2,108
1124,W1,R1,SKU_D,2,110
1124,W1,R1,SKU_E,2,78
1124,W1,R2,SKU_A,3,89
1124,W1,R2,SKU_B,3,47
1124,W1,R2,SKU_C,3,48
1124,W1,R2,SKU_D,3,31
1124,W1,R2,SKU_E,3,23
1124,W2,R3,SKU_A,4,319
1124,W2,R3,SKU_B,4,108
1124,W2,R3,SKU_C,4,180
1124,W2,R3,SKU_D,4,160
1124,W2,R3,SKU_E,4,124
1125,Supplier,W2,SKU_A,6,161
1125,Supplier,W2,SKU_B,6,54
1125,Supplier,W2,SKU_C,6,89
1125,Supplier,W2,SKU_D,6,86
1125,Supplier,W2,SKU_E,6,69
1125,W1,R2,SKU_A,3,55
1125,W1,R2,SKU_B,3,34
1125,W1,R2,SKU_C,3,22
1125,W1,R2,SKU_D,3,30
1125,W1,R2,SKU_E,3,60
1126,Supplier,W1,SKU_A,5,339
1126,Supplier,W1,SKU_B,5,172
1126,Supplier,W1,SKU_C,5,171
1126,Supplier,W1,SKU_D,5,158
1126,Supplier,W1,SKU_E,5,154
1126,Supplier,W2,SKU_A,6,125
1126,Supplier,W2,SKU_B,6,54
1126,Supplier,W2,SKU_C,6,69
1126,Supplier,W2,SKU_D,6,59
1126,Supplier,W2,SKU_E,6,42
1126,W1,R1,SKU_A,2,196
1126,W1,R1,SKU_B,2,88
1126,W1,R1,SKU_C,2,100
1126,W1,R1,SKU_D,2,85
1126,W1,R1,SKU_E,2,79
1126,W1,R2,SKU_A,3,86
1126,W1,R2,SKU_B,3,47
1126,W1,R2,SKU_C,3,42
1126,W1,R2,SKU_D,3,51
1126,W1,R2,SKU_E,3,57
1126,W2,R3,SKU_A,4,283
1126,W2,R3,SKU_B,4,117
1126,W2,R3,SKU_C,4,140
1126,W2,R3,SKU_D,4,144
1126,W2,R3,SKU_E,4,100
1127,Supplier,W2,SKU_A,6,158
1127,Supplier,W2,SKU_B,6,63
1127,Supplier,W2,SKU_C,6,71
1127,Supplier,W2,SKU_D,6,85
1127,Supplier,W2,SKU_E,6,58
1127,W1,R1,SKU_A,2,116
1127,W1,R1,SKU_B,2,47
1127,W1,R1,SKU_C,2,72
1127,W1,R1,SKU_D,2,85
1127,W1,R1,SKU_E,2,55
1127,W1,R2,SKU_A,3,72
1127,W1,R2,SKU_B,3,70
1127,W1,R2,SKU_C,3,36
1127,W1,R2,SKU_D,3,29
1127,W1,R2,SKU_E,3,88
1127,W2,R3,SKU_A,4,191
1127,W2,R3,SKU_B,4,82
1127,W2,R3,SKU_C,4,115
1127,W2,R3,SKU_D,4,96
1127,W2,R3,SKU_E,4,86
1128,Supplier,W1,SKU_A,5,374
1128,Supplier,W1,SKU_B,5,221
1128,Supplier,W1,SKU_C,5,214
1128,Supplier,W1,SKU_D,5,219
1128,Supplier,W1,SKU_E,5,245
1128,Supplier,W2,SKU_A,6,191
1128,Supplier,W2,SKU_B,6,82
1128,Supplier,W2,SKU_C,6,115
1128,Supplier,W2,SKU_D,6,96
1128,Supplier,W2,SKU_E,6,86
1128,W1,R1,SKU_A,2,181
1128,W1,R1,SKU_B,2,115
1128,W1,R1,SKU_C,2,156
1128,W1,R1,SKU_D,2,111
1128,W1,R1,SKU_E,2,89
1128,W1,R2,SKU_A,3,107
1128,W1,R2,SKU_B,3,110
1128,W1,R2,SKU_C,3,72
1128,W1,R2,SKU_D,3,35
1128,W1,R2,SKU_E,3,58
1128,W2,R3,SKU_A,4,237
1128,W2,R3,SKU_B,4,125
1128,W2,R3,SKU_C,4,167
1128,W2,R3,SKU_D,4,155
1128,W2,R3,SKU_E,4,77
1129,Supplier,W1,SKU_A,5,288
1129,Supplier,W1,SKU_B,5,225
1129,Supplier,W1,SKU_C,5,228
1129,Supplier,W1,SKU_D,5,146
1129,Supplier,W1,SKU_E,5,182
1129,Supplier,W2,SKU_A,6,237
1129,Supplier,W2,SKU_B,6,125
1129,Supplier,W2,SKU_C,6,167
1129,Supplier,W2,SKU_D,6,155
1129,Supplier,W2,SKU_E,6,77
1129,W1,R1,SKU_A,2,177
1129,W1,R1,SKU_B,2,91
1129,W1,R1,SKU_C,2,122
1129,W1,R1,SKU_D,2,85
1129,W1,R1,SKU_E,2,70
1129,W1,R2,SKU_A,3,102
1129,W1,R2,SKU_B,3,71
1129,W1,R2,SKU_C,3,66
1129,W1,R2,SKU_D,3,71
1129,W1,R2,SKU_E,3,126
1129,W2,R3,SKU_A,4,223
1129,W2,R3,SKU_B,4,82
1129,W2,R3,SKU_C,4,124
1129,W2,R3,SKU_D,4,119
1129,W2,R3,SKU_E,4,92
1130,Supplier,W1,SKU_A,5,279
1130,Supplier,W1,SKU_B,5,162
1130,Supplier,W1,SKU_C,5,188
1130,Supplier,W1,SKU_D,5,156
1130,Supplier,W1,SKU_E,5,161
1130,Supplier,W2,SKU_A,6,223
1130,Supplier,W2,SKU_B,6,82
1130,Supplier,W2,SKU_C,6,124
1130,Supplier,W2,SKU_D,6,119
1130,Supplier,W2,SKU_E,6,92
1130,W1,R2,SKU_A,3,89
1130,W1,R2,SKU_B,3,63
1130,W1,R2,SKU_C,3,41
1130,W1,R2,SKU_D,3,42
1130,W2,R3,SKU_A,4,140
1130,W2,R3,SKU_B,4,56
1130,W2,R3,SKU_C,4,62
1130,W2,R3,SKU_D,4,102
1130,W2,R3,SKU_E,4,72
1131,Supplier,W2,SKU_A,6,140
1131,Supplier,W2,SKU_B,6,56
1131,Supplier,W2,SKU_C,6,62
1131,Supplier,W2,SKU_D,6,102
1131,Supplier,W2,SKU_E,6,72
1131,W1,R1,SKU_A,2,198
1131,W1,R1,SKU_B,2,111
1131,W1,R1,SKU_C,2,108
1131,W1,R1,SKU_D,2,88
1131,W1,R1,SKU_E,2,75
1131,W1,R2,SKU_A,3,106
1131,W1,R2,SKU_B,3,53
1131,W1,R2,SKU_C,3,49
1131,W1,R2,SKU_D,3,39
1131,W1,R2,SKU_E,3,86
1132,Supplier,W1,SKU_A,5,393
1132,Supplier,W1,SKU_B,5,227
1132,Supplier,W1,SKU_C,5,198
1132,Supplier,W1,SKU_D,5,169
1132,Supplier,W1,SKU_E,5,213
1132,Supplier,W2,SKU_A,6,142
1132,Supplier,W2,SKU_B,6,42
1132,Supplier,W2,SKU_C,6,65
1132,Supplier,W2,SKU_D,6,74
1132,Supplier,W2,SKU_E,6,71
1132,W1,R2,SKU_A,3,87
1132,W1,R2,SKU_B,3,49
1132,W1,R2,SKU_C,3,59
1132,W1,R2,SKU_D,3,50
1132,W2,R3,SKU_A,4,279
1132,W2,R3,SKU_B,4,103
1132,W2,R3,SKU_C,4,136
1132,W2,R3,SKU_D,4,155
1132,W2,R3,SKU_E,4,153
1133,Supplier,W2,SKU_A,6,137
1133,Supplier,W2,SKU_B,6,61
1133,Supplier,W2,SKU_C,6,71
1133,Supplier,W2,SKU_D,6,81
1133,Supplier,W2,SKU_E,6,82
1133,W1,R1,SKU_A,2,225
1133,W1,R1,SKU_B,2,107
1133,W1,R1,SKU_C,2,146
1133,W1,R1,SKU_D,2,118
1133,W1,R1,SKU_E,2,68
1133,W1,R2,SKU_A,3,104
1133,W1,R2,SKU_B,3,50
1133,W1,R2,SKU_C,3,50
1133,W1,R2,SKU_D,3,52
1133,W1,R2,SKU_E,3,177
1133,W2,R3,SKU_A,4,156
1133,W2,R3,SKU_B,4,76
1133,W2,R3,SKU_C,4,92
1133,W2,R3,SKU_D,4,82
1133,W2,R3,SKU_E,4,73
1134,Supplier,W1,SKU_A,5,416
1134,Supplier,W1,SKU_B,5,206
1134,Supplier,W1,SKU_C,5,255
1134,Supplier,W1,SKU_D,5,220
1134,Supplier,W1,SKU_E,5,206
1134,Supplier,W2,SKU_A,6,156
1134,Supplier,W2,SKU_B,6,76
1134,Supplier,W2,SKU_C,6,92
1134,Supplier,W2,SKU_D,6,82
1134,Supplier,W2,SKU_E,6,73
1134,W1,R1,SKU_A,2,143
1134,W1,R1,SKU_B,2,78
1134,W1,R1,SKU_C,2,77
1134,W1,R1,SKU_D,2,64
1134,W1,R1,SKU_E,2,41
1134,W1,R2,SKU_A,3,96
1134,W1,R2,SKU_B,3,66
1134,W1,R2,SKU_C,3,62
1134,W1,R2,SKU_D,3,44
1134,W1,R2,SKU_E,3,73
1134,W2,R3,SKU_A,4,188
1134,W2,R3,SKU_B,4,80
1134,W2,R3,SKU_C,4,115
1134,W2,R3,SKU_D,4,99
1134,W2,R3,SKU_E,4,77
1135,Supplier,W2,SKU_A,6,188
1135,Supplier,W2,SKU_B,6,80
1135,Supplier,W2,SKU_C,6,115
1135,Supplier,W2,SKU_D,6,99
1135,Supplier,W2,SKU_E,6,77
1135,W1,R1,SKU_A,2,143
1135,W1,R1,SKU_B,2,124
1135,W1,R1,SKU_C,2,100
1135,W1,R1,SKU_D,2,80
1135,W1,R1,SKU_E,2,69
1135,W1,R2,SKU_A,3,109
1135,W1,R2,SKU_B,3,69
1135,W1,R2,SKU_C,3,79
1135,W1,R2,SKU_D,3,56
1135,W1,R2,SKU_E,3,74
1135,W2,R3,SKU_A,4,217
1135,W2,R3,SKU_B,4,91
1135,W2,R3,SKU_C,4,146
1135,W2,R3,SKU_D,4,106
1135,W2,R3,SKU_E,4,88
1136,Supplier,W1,SKU_A,5,491
1136,Supplier,W1,SKU_B,5,337
1136,Supplier,W1,SKU_C,5,318
1136,Supplier,W1,SKU_D,5,244
1136,Supplier,W1,SKU_E,5,244
1136,Supplier,W2,SKU_A,6,217
1136,Supplier,W2,SKU_B,6,91
1136,Supplier,W2,SKU_C,6,146
1136,Supplier,W2,SKU_D,6,106
1136,Supplier,W2,SKU_E,6,88
1136,W1,R1,SKU_A,2,156
1136,W1,R1,SKU_B,2,108
1136,W1,R1,SKU_C,2,109
1136,W1,R1,SKU_D,2,73
1136,W1,R1,SKU_E,2,72
1136,W1,R2,SKU_A,3,129
1136,W1,R2,SKU_B,3,64
1136,W1,R2,SKU_C,3,111
1136,W1,R2,SKU_D,3,47
1136,W1,R2,SKU_E,3,14
1136,W2,R3,SKU_A,4,199
1136,W2,R3,SKU_B,4,75
1136,W2,R3,SKU_C,4,118
1136,W2,R3,SKU_D,4,118
1136,W2,R3,SKU_E,4,83
1137,Supplier,W1,SKU_A,5,285
1137,Supplier,W1,SKU_B,5,197
1137,Supplier,W1,SKU_C,5,220
1137,Supplier,W1,SKU_D,5,120
1137,Supplier,W1,SKU_E,5,157
1137,Supplier,W2,SKU_A,6,199
1137,Supplier,W2,SKU_B,6,75
1137,Supplier,W2,SKU_C,6,118
1137,Supplier,W2,SKU_D,6,118
1137,Supplier,W2,SKU_E,6,83
1137,W1,R1,SKU_A,2,134
1137,W1,R1,SKU_B,2,62
1137,W1,R1,SKU_C,2,67
1137,W1,R1,SKU_D,2,65
1137,W1,R1,SKU_E,2,42
1137,W1,R2,SKU_A,3,124
1137,W1,R2,SKU_B,3,69
1137,W1,R2,SKU_C,3,48
1137,W1,R2,SKU_D,3,35
1137,W1,R2,SKU_E,3,145
1137,W2,R3,SKU_A,4,164
1137,W2,R3,SKU_B,4,76
1137,W2,R3,SKU_C,4,103
1137,W2,R3,SKU_D,4,80
1137,W2,R3,SKU_E,4,68
1138,Supplier,W2,SKU_A,6,164
1138,Supplier,W2,SKU_B,6,76
1138,Supplier,W2,SKU_C,6,103
1138,Supplier,W2,SKU_D,6,80
1138,Supplier,W2,SKU_E,6,68
1138,W1,R2,SKU_A,3,96
1138,W1,R2,SKU_B,3,41
1138,W1,R2,SKU_C,3,56
1138,W1,R2,SKU_D,3,56
1138,W2,R3,SKU_A,4,160
1138,W2,R3,SKU_B,4,70
1138,W2,R3,SKU_C,4,104
1138,W2,R3,SKU_D,4,97
1138,W2,R3,SKU_E,4,82
1139,Supplier,W1,SKU_A,5,470
1139,Supplier,W1,SKU_B,5,176
1139,Supplier,W1,SKU_C,5,263
1139,Supplier,W1,SKU_D,5,221
1139,Supplier,W1,SKU_E,5,201
1139,Supplier,W2,SKU_A,6,160
1139,Supplier,W2,SKU_B,6,70
1139,Supplier,W2,SKU_C,6,104
1139,Supplier,W2,SKU_D,6,97
1139,Supplier,W2,SKU_E,6,82
1139,W1,R1,SKU_A,2,225
1139,W1,R1,SKU_B,2,74
1139,W1,R1,SKU_C,2,177
1139,W1,R1,SKU_D,2,122
1139,W1,R1,SKU_E,2,72
1139,W1,R2,SKU_A,3,105
1139,W1,R2,SKU_B,3,50
1139,W1,R2,SKU_C,3,60
1139,W1,R2,SKU_D,3,38
1139,W1,R2,SKU_E,3,113
1140,Supplier,W2,SKU_A,6,149
1140,Supplier,W2,SKU_B,6,52
1140,Supplier,W2,SKU_C,6,69
1140,Supplier,W2,SKU_D,6,80
1140,Supplier,W2,SKU_E,6,72
1140,W1,R2,SKU_A,3,104
1140,W1,R2,SKU_B,3,57
1140,W1,R2,SKU_C,3,49
1140,W1,R2,SKU_D,3,48
1140,W1,R2,SKU_E,3,3
1140,W2,R3,SKU_A,4,309
1140,W2,R3,SKU_B,4,135
1140,W2,R3,SKU_C,4,175
1140,W2,R3,SKU_D,4,166
1140,W2,R3,SKU_E,4,156
1141,Supplier,W1,SKU_A,5,450
1141,Supplier,W1,SKU_B,5,204
1141,Supplier,W1,SKU_C,5,262
1141,Supplier,W1,SKU_D,5,212
1141,Supplier,W1,SKU_E,5,185
1141,Supplier,W2,SKU_A,6,160
1141,Supplier,W2,SKU_B,6,83
1141,Supplier,W2,SKU_C,6,106
1141,Supplier,W2,SKU_D,6,86
1141,Supplier,W2,SKU_E,6,84
1141,W1,R1,SKU_A,2,258
1141,W1,R1,SKU_B,2,121
1141,W1,R1,SKU_C,2,158
1141,W1,R1,SKU_D,2,116
1141,W1,R1,SKU_E,2,82
1141,W1,R2,SKU_A,3,95
1141,W1,R2,SKU_B,3,69
1141,W1,R2,SKU_C,3,59
1141,W1,R2,SKU_D,3,56
1141,W1,R2,SKU_E,3,108
1141,W2,R3,SKU_A,4,169
1141,W2,R3,SKU_B,4,84
1141,W2,R3,SKU_C,4,117
1141,W2,R3,SKU_D,4,104
1141,W2,R3,SKU_E,4,78
1142,Supplier,W2,SKU_A,6,169
1142,Supplier,W2,SKU_B,6,84
1142,Supplier,W2,SKU_C,6,117
1142,Supplier,W2,SKU_D,6,104
1142,Supplier,W2,SKU_E,6,78
1142,W1,R1,SKU_A,2,147
1142,W1,R1,SKU_B,2,99
1142,W1,R1,SKU_C,2,144
1142,W1,R1,SKU_D,2,76
1142,W1,R1,SKU_E,2,72
1142,W1,R2,SKU_A,3,104
1142,W1,R2,SKU_B,3,70
1142,W1,R2,SKU_C,3,103
1142,W1,R2,SKU_D,3,48
1142,W1,R2,SKU_E,3,71
1142,W2,R3,SKU_A,4,188
1142,W2,R3,SKU_B,4,70
1142,W2,R3,SKU_C,4,124
1142,W2,R3,SKU_D,4,120
1142,W2,R3,SKU_E,4,89
1143,Supplier,W1,SKU_A,5,472
1143,Supplier,W1,SKU_B,5,307
1143,Supplier,W1,SKU_C,5,396
1143,Supplier,W1,SKU_D,5,227
1143,Supplier,W1,SKU_E,5,251
1143,Supplier,W2,SKU_A,6,188
1143,Supplier,W2,SKU_B,6,70
1143,Supplier,W2,SKU_C,6,124
1143,Supplier,W2,SKU_D,6,120
1143,Supplier,W2,SKU_E,6,89
1143,W1,R1,SKU_A,2,152
1143,W1,R1,SKU_B,2,81
1143,W1,R1,SKU_C,2,137
1143,W1,R1,SKU_D,2,83
1143,W1,R1,SKU_E,2,72
1143,W1,R2,SKU_A,3,132
1143,W1,R2,SKU_B,3,82
1143,W1,R2,SKU_C,3,35
1143,W1,R2,SKU_D,3,49
1143,W1,R2,SKU_E,3,40
1143,W2,R3,SKU_A,4,231
1143,W2,R3,SKU_B,4,72
1143,W2,R3,SKU_C,4,123
1143,W2,R3,SKU_D,4,96
1143,W2,R3,SKU_E,4,73
1144,Supplier,W2,SKU_A,6,231
1144,Supplier,W2,SKU_B,6,72
1144,Supplier,W2,SKU_C,6,123
1144,Supplier,W2,SKU_D,6,96
1144,Supplier,W2,SKU_E,6,73
1144,W1,R2,SKU_A,3,93
1144,W1,R2,SKU_B,3,64
1144,W1,R2,SKU_C,3,88
1144,W1,R2,SKU_D,3,43
1144,W1,R2,SKU_E,3,68
1145,Supplier,W1,SKU_A,5,492
1145,Supplier,W1,SKU_B,5,283
1145,Supplier,W1,SKU_C,5,333
1145,Supplier,W1,SKU_D,5,223
1145,Supplier,W1,SKU_E,5,220
1145,Supplier,W2,SKU_A,6,157
1145,Supplier,W2,SKU_B,6,62
1145,Supplier,W2,SKU_C,6,68
1145,Supplier,W2,SKU_D,6,76
1145,Supplier,W2,SKU_E,6,62
1145,W1,R1,SKU_A,2,216
1145,W1,R1,SKU_B,2,122
1145,W1,R1,SKU_C,2,133
1145,W1,R1,SKU_D,2,97
1145,W1,R1,SKU_E,2,96
1145,W1,R2,SKU_A,3,83
1145,W1,R2,SKU_B,3,40
1145,W1,R2,SKU_C,3,42
1145,W1,R2,SKU_D,3,37
1145,W1,R2,SKU_E,3,37
1145,W2,R3,SKU_A,4,323
1145,W2,R3,SKU_B,4,121
1145,W2,R3,SKU_C,4,176
1145,W2,R3,SKU_D,4,161
1145,W2,R3,SKU_E,4,150
1146,Supplier,W2,SKU_A,6,166
1146,Supplier,W2,SKU_B,6,59
1146,Supplier,W2,SKU_C,6,108
1146,Supplier,W2,SKU_D,6,85
1146,Supplier,W2,SKU_E,6,88
1146,W1,R2,SKU_A,3,68
1146,W1,R2,SKU_B,3,71
1146,W1,R2,SKU_C,3,63
1146,W1,R2,SKU_D,3,35
1146,W1,R2,SKU_E,3,64
1146,W2,R3,SKU_A,4,160
1146,W2,R3,SKU_B,4,77
1146,W2,R3,SKU_C,4,78
1146,W2,R3,SKU_D,4,79
1146,W2,R3,SKU_E,4,76
1147,Supplier,W1,SKU_A,5,350
1147,Supplier,W1,SKU_B,5,235
1147,Supplier,W1,SKU_C,5,240
1147,Supplier,W1,SKU_D,5,168
1147,Supplier,W1,SKU_E,5,192
1147,Supplier,W2,SKU_A,6,160
1147,Supplier,W2,SKU_B,6,77
1147,Supplier,W2,SKU_C,6,78
1147,Supplier,W2,SKU_D,6,79
1147,Supplier,W2,SKU_E,6,76
1147,W1,R1,SKU_A,2,194
1147,W1,R1,SKU_B,2,114
1147,W1,R1,SKU_C,2,149
1147,W1,R1,SKU_D,2,90
1147,W1,R1,SKU_E,2,77
1147,W1,R2,SKU_A,3,74
1147,W1,R2,SKU_B,3,60
1147,W1,R2,SKU_C,3,32
1147,W1,R2,SKU_D,3,42
1147,W1,R2,SKU_E,3,44
1147,W2,R3,SKU_A,4,135
1147,W2,R3,SKU_B,4,97
1147,W2,R3,SKU_C,4,83
1147,W2,R3,SKU_D,4,75
1147,W2,R3,SKU_E,4,67
1148,Supplier,W2,SKU_A,6,135
1148,Supplier,W2,SKU_B,6,97
1148,Supplier,W2,SKU_C,6,83
1148,Supplier,W2,SKU_D,6,75
1148,Supplier,W2,SKU_E,6,67
1148,W1,R1,SKU_A,2,109
1148,W1,R1,SKU_B,2,73
1148,W1,R1,SKU_C,2,91
1148,W1,R1,SKU_D,2,64
1148,W1,R1,SKU_E,2,45
1148,W1,R2,SKU_A,3,92
1148,W1,R2,SKU_B,3,47
1148,W1,R2,SKU_C,3,72
1148,W1,R2,SKU_D,3,27
1148,W1,R2,SKU_E,3,51
1148,W2,R3,SKU_A,4,135
1148,W2,R3,SKU_B,4,82
1148,W2,R3,SKU_C,4,81
1148,W2,R3,SKU_D,4,90
1148,W2,R3,SKU_E,4,80
1149,Supplier,W1,SKU_A,5,371
1149,Supplier,W1,SKU_B,5,236
1149,Supplier,W1,SKU_C,5,269
1149,Supplier,W1,SKU_D,5,176
1149,Supplier,W1,SKU_E,5,182
1149,Supplier,W2,SKU_A,6,135
1149,Supplier,W2,SKU_B,6,82
1149,Supplier,W2,SKU_C,6,81
1149,Supplier,W2,SKU_D,6,90
1149,Supplier,W2,SKU_E,6,80
1149,W1,R1,SKU_A,2,166
1149,W1,R1,SKU_B,2,108
1149,W1,R1,SKU_C,2,141
1149,W1,R1,SKU_D,2,74
1149,W1,R1,SKU_E,2,62
1149,W1,R2,SKU_A,3,117
1149,W1,R2,SKU_B,3,54
1149,W1,R2,SKU_C,3,65
1149,W1,R2,SKU_D,3,49
1149,W1,R2,SKU_E,3,37
1149,W2,R3,SKU_A,4,258
1149,W2,R3,SKU_B,4,95
1149,W2,R3,SKU_C,4,156
1149,W2,R3,SKU_D,4,114
1149,W2,R3,SKU_E,4,97
1150,Supplier,W2,SKU_A,6,258
1150,Supplier,W2,SKU_B,6,95
1150,Supplier,W2,SKU_C,6,156
1150,Supplier,W2,SKU_D,6,114
1150,Supplier,W2,SKU_E,6,97
1150,W1,R1,SKU_A,2,173
1150,W1,R1,SKU_B,2,91
1150,W1,R1,SKU_C,2,95
1150,W1,R1,SKU_D,2,60
1150,W1,R1,SKU_E,2,56
1150,W1,R2,SKU_A,3,112
1150,W1,R2,SKU_B,3,52
1150,W1,R2,SKU_C,3,47
1150,W1,R2,SKU_D,3,34
1150,W1,R2,SKU_E,3,53
1150,W2,R3,SKU_A,4,183
1150,W2,R3,SKU_B,4,72
1150,W2,R3,SKU_C,4,106
1150,W2,R3,SKU_D,4,73
1150,W2,R3,SKU_E,4,86
1151,Supplier,W1,SKU_A,5,568
1151,Supplier,W1,SKU_B,5,305
1151,Supplier,W1,SKU_C,5,348
1151,Supplier,W1,SKU_D,5,217
1151,Supplier,W1,SKU_E,5,208
1151,Supplier,W2,SKU_A,6,183
1151,Supplier,W2,SKU_B,6,72
1151,Supplier,W2,SKU_C,6,106
1151,Supplier,W2,SKU_D,6,73
1151,Supplier,W2,SKU_E,6,86
1151,W1,R2,SKU_A,3,79
1151,W1,R2,SKU_B,3,44
1151,W1,R2,SKU_C,3,46
1151,W1,R2,SKU_D,3,30
1151,W1,R2,SKU_E,3,47
1152,Supplier,W2,SKU_A,6,133
1152,Supplier,W2,SKU_B,6,53
1152,Supplier,W2,SKU_C,6,87
1152,Supplier,W2,SKU_D,6,74
1152,Supplier,W2,SKU_E,6,50
1152,W1,R1,SKU_A,2,210
1152,W1,R1,SKU_B,2,114
1152,W1,R1,SKU_C,2,137
1152,W1,R1,SKU_D,2,81
1152,W1,R1,SKU_E,2,76
1152,W1,R2,SKU_A,3,87
1152,W1,R2,SKU_B,3,25
1152,W1,R2,SKU_C,3,43
1152,W1,R2,SKU_D,3,34
1152,W1,R2,SKU_E,3,34
1152,W2,R3,SKU_A,4,267
1152,W2,R3,SKU_B,4,96
1152,W2,R3,SKU_C,4,176
1152,W2,R3,SKU_D,4,144
1152,W2,R3,SKU_E,4,97
1153,Supplier,W1,SKU_A,5,376
1153,Supplier,W1,SKU_B,5,183
1153,Supplier,W1,SKU_C,5,226
1153,Supplier,W1,SKU_D,5,145
1153,Supplier,W1,SKU_E,5,157
1153,Supplier,W2,SKU_A,6,134
1153,Supplier,W2,SKU_B,6,43
1153,Supplier,W2,SKU_C,6,89
1153,Supplier,W2,SKU_D,6,70
1153,Supplier,W2,SKU_E,6,47
1153,W1,R2,SKU_A,3,79
1153,W1,R2,SKU_B,3,49
1153,W1,R2,SKU_C,3,44
1153,W1,R2,SKU_D,3,36
1153,W1,R2,SKU_E,3,40
1154,Supplier,W2,SKU_A,6,100
1154,Supplier,W2,SKU_B,6,47
1154,Supplier,W2,SKU_C,6,46
1154,Supplier,W2,SKU_D,6,42
1154,Supplier,W2,SKU_E,6,43
1154,W1,R1,SKU_A,2,155
1154,W1,R1,SKU_B,2,103
1154,W1,R1,SKU_C,2,118
1154,W1,R1,SKU_D,2,68
1154,W1,R1,SKU_E,2,76
1154,W1,R2,SKU_A,3,87
1154,W1,R2,SKU_B,3,42
1154,W1,R2,SKU_C,3,41
1154,W1,R2,SKU_D,3,31
1154,W1,R2,SKU_E,3,47
1154,W2,R3,SKU_A,4,259
1154,W2,R3,SKU_B,4,109
1154,W2,R3,SKU_C,4,141
1154,W2,R3,SKU_D,4,119
1154,W2,R3,SKU_E,4,102
1155,Supplier,W1,SKU_A,5,321
1155,Supplier,W1,SKU_B,5,194
1155,Supplier,W1,SKU_C,5,203
1155,Supplier,W1,SKU_D,5,135
1155,Supplier,W1,SKU_E,5,163
1155,Supplier,W2,SKU_A,6,159
1155,Supplier,W2,SKU_B,6,62
1155,Supplier,W2,SKU_C,6,95
1155,Supplier,W2,SKU_D,6,77
1155,Supplier,W2,SKU_E,6,59
1155,W1,R2,SKU_A,3,92
1155,W1,R2,SKU_B,3,59
1155,W1,R2,SKU_C,3,54
1155,W1,R2,SKU_D,3,29
1155,W1,R2,SKU_E,3,43
1155,W2,R3,SKU_A,4,141
1155,W2,R3,SKU_B,4,75
1155,W2,R3,SKU_C,4,83
1155,W2,R3,SKU_D,4,99
1155,W2,R3,SKU_E,4,72
1156,Supplier,W2,SKU_A,6,141
1156,Supplier,W2,SKU_B,6,75
1156,Supplier,W2,SKU_C,6,83
1156,Supplier,W2,SKU_D,6,99
1156,Supplier,W2,SKU_E,6,72
1156,W1,R1,SKU_A,2,288
1156,W1,R1,SKU_B,2,140
1156,W1,R1,SKU_C,2,228
1156,W1,R1,SKU_D,2,120
1156,W1,R1,SKU_E,2,102
1156,W1,R2,SKU_A,3,89
1156,W1,R2,SKU_B,3,72
1156,W1,R2,SKU_C,3,54
1156,W1,R2,SKU_D,3,25
1156,W1,R2,SKU_E,3,55
1156,W2,R3,SKU_A,4,226
1156,W2,R3,SKU_B,4,82
1156,W2,R3,SKU_C,4,120
1156,W2,R3,SKU_D,4,105
1156,W2,R3,SKU_E,4,71
1157,Supplier,W1,SKU_A,5,469
1157,Supplier,W1,SKU_B,5,271
1157,Supplier,W1,SKU_C,5,336
1157,Supplier,W1,SKU_D,5,174
1157,Supplier,W1,SKU_E,5,200
1157,Supplier,W2,SKU_A,6,226
1157,Supplier,W2,SKU_B,6,82
1157,Supplier,W2,SKU_C,6,120
1157,Supplier,W2,SKU_D,6,105
1157,Supplier,W2,SKU_E,6,71
1157,W1,R1,SKU_A,2,179
1157,W1,R1,SKU_B,2,97
1157,W1,R1,SKU_C,2,139
1157,W1,R1,SKU_D,2,69
1157,W1,R1,SKU_E,2,51
1157,W1,R2,SKU_A,3,118
1157,W1,R2,SKU_B,3,54
1157,W1,R2,SKU_C,3,52
1157,W1,R2,SKU_D,3,42
1157,W1,R2,SKU_E,3,60
1157,W2,R3,SKU_A,4,212
1157,W2,R3,SKU_B,4,99
1157,W2,R3,SKU_C,4,159
1157,W2,R3,SKU_D,4,108
1157,W2,R3,SKU_E,4,61
1158,Supplier,W2,SKU_A,6,212
1158,Supplier,W2,SKU_B,6,99
1158,Supplier,W2,SKU_C,6,159
1158,Supplier,W2,SKU_D,6,108
1158,Supplier,W2,SKU_E,6,61
1158,W1,R2,SKU_A,3,70
1158,W1,R2,SKU_B,3,37
1158,W1,R2,SKU_C,3,24
1158,W1,R2,SKU_D,3,23
1158,W1,R2,SKU_E,3,47
1159,Supplier,W1,SKU_A,5,450
1159,Supplier,W1,SKU_B,5,226
1159,Supplier,W1,SKU_C,5,284
1159,Supplier,W1,SKU_D,5,175
1159,Supplier,W1,SKU_E,5,196
1159,Supplier,W2,SKU_A,6,139
1159,Supplier,W2,SKU_B,6,58
1159,Supplier,W2,SKU_C,6,68
1159,Supplier,W2,SKU_D,6,77
1159,Supplier,W2,SKU_E,6,48
1159,W1,R1,SKU_A,2,201
1159,W1,R1,SKU_B,2,87
1159,W1,R1,SKU_C,2,123
1159,W1,R1,SKU_D,2,89
1159,W1,R1,SKU_E,2,71
1159,W1,R2,SKU_A,3,100
1159,W1,R2,SKU_B,3,42
1159,W1,R2,SKU_C,3,36
1159,W1,R2,SKU_D,3,44
1159,W1,R2,SKU_E,3,42
1159,W2,R3,SKU_A,4,279
1159,W2,R3,SKU_B,4,118
1159,W2,R3,SKU_C,4,156
1159,W2,R3,SKU_D,4,159
1159,W2,R3,SKU_E,4,120
1160,Supplier,W2,SKU_A,6,140
1160,Supplier,W2,SKU_B,6,60
1160,Supplier,W2,SKU_C,6,88
1160,Supplier,W2,SKU_D,6,82
1160,Supplier,W2,SKU_E,6,72
1160,W1,R2,SKU_A,3,89
1160,W1,R2,SKU_B,3,58
1160,W1,R2,SKU_C,3,47
1160,W1,R2,SKU_D,3,30
1160,W1,R2,SKU_E,3,72
1161,Supplier,W1,SKU_A,5,413
1161,Supplier,W1,SKU_B,5,195
1161,Supplier,W1,SKU_C,5,207
1161,Supplier,W1,SKU_D,5,162
1161,Supplier,W1,SKU_E,5,180
1161,Supplier,W2,SKU_A,6,125
1161,Supplier,W2,SKU_B,6,54
1161,Supplier,W2,SKU_C,6,84
1161,Supplier,W2,SKU_D,6,72
1161,Supplier,W2,SKU_E,6,51
1161,W1,R1,SKU_A,2,217
1161,W1,R1,SKU_B,2,116
1161,W1,R1,SKU_C,2,157
1161,W1,R1,SKU_D,2,91
1161,W1,R1,SKU_E,2,79
1161,W1,R2,SKU_A,3,85
1161,W1,R2,SKU_B,3,37
1161,W1,R2,SKU_C,3,53
1161,W1,R2,SKU_D,3,37
1161,W1,R2,SKU_E,3,58
1161,W2,R3,SKU_A,4,253
1161,W2,R3,SKU_B,4,119
1161,W2,R3,SKU_C,4,147
1161,W2,R3,SKU_D,4,156
1161,W2,R3,SKU_E,4,111
1162,Supplier,W2,SKU_A,6,128
1162,Supplier,W2,SKU_B,6,65
1162,Supplier,W2,SKU_C,6,63
1162,Supplier,W2,SKU_D,6,84
1162,Supplier,W2,SKU_E,6,60
1162,W1,R2,SKU_A,3,95
1162,W1,R2,SKU_B,3,50
1162,W1,R2,SKU_C,3,42
1162,W1,R2,SKU_D,3,46
1162,W1,R2,SKU_E,3,59
1162,W2,R3,SKU_A,4,147
1162,W2,R3,SKU_B,4,77
1162,W2,R3,SKU_C,4,71
1162,W2,R3,SKU_D,4,63
1162,W2,R3,SKU_E,4,61
1163,Supplier,W1,SKU_A,5,397
1163,Supplier,W1,SKU_B,5,229
1163,Supplier,W1,SKU_C,5,260
1163,Supplier,W1,SKU_D,5,197
1163,Supplier,W1,SKU_E,5,194
1163,Supplier,W2,SKU_A,6,147
1163,Supplier,W2,SKU_B,6,77
1163,Supplier,W2,SKU_C,6,71
1163,Supplier,W2,SKU_D,6,63
1163,Supplier,W2,SKU_E,6,61
1163,W1,R1,SKU_A,2,281
1163,W1,R1,SKU_B,2,177
1163,W1,R1,SKU_C,2,203
1163,W1,R1,SKU_D,2,136
1163,W1,R1,SKU_E,2,130
1163,W1,R2,SKU_A,3,114
1163,W1,R2,SKU_B,3,68
1163,W1,R2,SKU_C,3,61
1163,W1,R2,SKU_D,3,53
1163,W1,R2,SKU_E,3,74
1163,W2,R3,SKU_A,4,157
1163,W2,R3,SKU_B,4,88
1163,W2,R3,SKU_C,4,141
1163,W2,R3,SKU_D,4,96
1163,W2,R3,SKU_E,4,79
1164,Supplier,W1,SKU_A,5,289
1164,Supplier,W1,SKU_B,5,173
1164,Supplier,W1,SKU_C,5,186
1164,Supplier,W1,SKU_D,5,126
1164,Supplier,W1,SKU_E,5,173
1164,Supplier,W2,SKU_A,6,157
1164,Supplier,W2,SKU_B,6,88
1164,Supplier,W2,SKU_C,6,141
1164,Supplier,W2,SKU_D,6,96
1164,Supplier,W2,SKU_E,6,79
1164,W1,R1,SKU_A,2,179
1164,W1,R1,SKU_B,2,107
1164,W1,R1,SKU_C,2,128
1164,W1,R1,SKU_D,2,91
1164,W1,R1,SKU_E,2,62
1164,W1,R2,SKU_A,3,108
1164,W1,R2,SKU_B,3,73
1164,W1,R2,SKU_C,3,71
1164,W1,R2,SKU_D,3,49
1164,W1,R2,SKU_E,3,58
1164,W2,R3,SKU_A,4,225
1164,W2,R3,SKU_B,4,70
1164,W2,R3,SKU_C,4,100
1164,W2,R3,SKU_D,4,88
1164,W2,R3,SKU_E,4,85
1165,Supplier,W2,SKU_A,6,225
1165,Supplier,W2,SKU_B,6,70
1165,Supplier,W2,SKU_C,6,100
1165,Supplier,W2,SKU_D,6,88
1165,Supplier,W2,SKU_E,6,85
1165,W1,R1,SKU_A,2,126
1165,W1,R1,SKU_B,2,76
1165,W1,R1,SKU_C,2,110
1165,W1,R1,SKU_D,2,81
1165,W1,R1,SKU_E,2,53
1165,W1,R2,SKU_A,3,103
1165,W1,R2,SKU_B,3,62
1165,W1,R2,SKU_C,3,81
1165,W1,R2,SKU_D,3,56
1165,W1,R2,SKU_E,3,29
1166,Supplier,W1,SKU_A,5,516
1166,Supplier,W1,SKU_B,5,318
1166,Supplier,W1,SKU_C,5,390
1166,Supplier,W1,SKU_D,5,277
1166,Supplier,W1,SKU_E,5,225
1166,Supplier,W2,SKU_A,6,151
1166,Supplier,W2,SKU_B,6,56
1166,Supplier,W2,SKU_C,6,97
1166,Supplier,W2,SKU_D,6,63
1166,Supplier,W2,SKU_E,6,69
1166,W1,R1,SKU_A,2,118
1166,W1,R1,SKU_B,2,83
1166,W1,R1,SKU_C,2,85
1166,W1,R1,SKU_D,2,50
1166,W1,R1,SKU_E,2,36
1166,W1,R2,SKU_A,3,120
1166,W1,R2,SKU_B,3,69
1166,W1,R2,SKU_C,3,94
1166,W1,R2,SKU_D,3,70
1166,W1,R2,SKU_E,3,84
1166,W2,R3,SKU_A,4,312
1166,W2,R3,SKU_B,4,113
1166,W2,R3,SKU_C,4,197
1166,W2,R3,SKU_D,4,131
1166,W2,R3,SKU_E,4,114
1167,Supplier,W2,SKU_A,6,161
1167,Supplier,W2,SKU_B,6,57
1167,Supplier,W2,SKU_C,6,100
1167,Supplier,W2,SKU_D,6,68
1167,Supplier,W2,SKU_E,6,45
1167,W1,R1,SKU_A,2,127
1167,W1,R1,SKU_B,2,70
1167,W1,R1,SKU_C,2,78
1167,W1,R1,SKU_D,2,57
1167,W1,R1,SKU_E,2,52
1167,W2,R3,SKU_A,4,154
1167,W2,R3,SKU_B,4,72
1167,W2,R3,SKU_C,4,65
1167,W2,R3,SKU_D,4,94
1167,W2,R3,SKU_E,4,63
1168,Supplier,W1,SKU_A,5,452
1168,Supplier,W1,SKU_B,5,297
1168,Supplier,W1,SKU_C,5,331
1168,Supplier,W1,SKU_D,5,222
1168,Supplier,W1,SKU_E,5,207
1168,Supplier,W2,SKU_A,6,154
1168,Supplier,W2,SKU_B,6,72
1168,Supplier,W2,SKU_C,6,65
1168,Supplier,W2,SKU_D,6,94
1168,Supplier,W2,SKU_E,6,63
1168,W1,R1,SKU_A,2,115
1168,W1,R1,SKU_B,2,88
1168,W1,R1,SKU_C,2,113
1168,W1,R1,SKU_D,2,66
1168,W1,R1,SKU_E,2,46
1168,W1,R2,SKU_A,3,210
1168,W1,R2,SKU_D,3,97
1168,W1,R2,SKU_E,3,130
1168,W1,R2,SKU_B,3,112
1168,W1,R2,SKU_C,3,129
1168,W2,R3,SKU_A,4,160
1168,W2,R3,SKU_B,4,62
1168,W2,R3,SKU_C,4,140
1168,W2,R3,SKU_D,4,94
1168,W2,R3,SKU_E,4,53
1169,Supplier,W2,SKU_A,6,160
1169,Supplier,W2,SKU_B,6,62
1169,Supplier,W2,SKU_C,6,140
1169,Supplier,W2,SKU_D,6,94
1169,Supplier,W2,SKU_E,6,53
1169,W1,R1,SKU_A,2,129
1169,W1,R1,SKU_B,2,85
1169,W1,R1,SKU_C,2,78
1169,W1,R1,SKU_D,2,66
1169,W1,R1,SKU_E,2,46
1169,W1,R2,SKU_A,3,117
1169,W1,R2,SKU_B,3,69
1169,W1,R2,SKU_C,3,53
1169,W1,R2,SKU_D,3,51
1169,W1,R2,SKU_E,3,70
1169,W2,R3,SKU_A,4,165
1169,W2,R3,SKU_B,4,80
1169,W2,R3,SKU_C,4,147
1169,W2,R3,SKU_D,4,112
1169,W2,R3,SKU_E,4,100
1170,Supplier,W1,SKU_A,5,484
1170,Supplier,W1,SKU_B,5,279
1170,Supplier,W1,SKU_C,5,299
1170,Supplier,W1,SKU_D,5,235
1170,Supplier,W1,SKU_E,5,234
1170,Supplier,W2,SKU_A,6,165
1170,Supplier,W2,SKU_B,6,80
1170,Supplier,W2,SKU_C,6,147
1170,Supplier,W2,SKU_D,6,112
1170,Supplier,W2,SKU_E,6,100
1170,W1,R1,SKU_A,2,185
1170,W1,R1,SKU_B,2,48
1170,W1,R1,SKU_C,2,73
1170,W1,R1,SKU_D,2,91
1170,W1,R1,SKU_E,2,55
1170,W2,R3,SKU_A,4,210
1170,W2,R3,SKU_B,4,95
1170,W2,R3,SKU_C,4,188
1170,W2,R3,SKU_D,4,159
1170,W2,R3,SKU_E,4,92
1171,Supplier,W1,SKU_A,5,292
1171,Supplier,W1,SKU_B,5,181
1171,Supplier,W1,SKU_C,5,215
1171,Supplier,W1,SKU_D,5,153
1171,Supplier,W1,SKU_E,5,128
1171,Supplier,W2,SKU_A,6,210
1171,Supplier,W2,SKU_B,6,95
1171,Supplier,W2,SKU_C,6,188
1171,Supplier,W2,SKU_D,6,159
1171,Supplier,W2,SKU_E,6,92
1171,W1,R1,SKU_A,2,188
1171,W1,R1,SKU_B,2,182
1171,W1,R1,SKU_C,2,191
1171,W1,R1,SKU_D,2,65
1171,W1,R1,SKU_E,2,54
1171,W1,R2,SKU_A,3,222
1171,W1,R2,SKU_E,3,138
1171,W1,R2,SKU_B,3,136
1171,W1,R2,SKU_C,3,155
1171,W1,R2,SKU_D,3,105
1171,W2,R3,SKU_A,4,197
1171,W2,R3,SKU_B,4,75
1171,W2,R3,SKU_C,4,147
1171,W2,R3,SKU_D,4,127
1171,W2,R3,SKU_E,4,49
1172,Supplier,W2,SKU_A,6,197
1172,Supplier,W2,SKU_B,6,75
1172,Supplier,W2,SKU_C,6,147
1172,Supplier,W2,SKU_D,6,127
1172,Supplier,W2,SKU_E,6,49
1172,W1,R2,SKU_A,3,73
1172,W1,R2,SKU_D,3,47
1172,W1,R2,SKU_E,3,22
1173,Supplier,W1,SKU_A,5,524
1173,Supplier,W1,SKU_B,5,305
1173,Supplier,W1,SKU_C,5,347
1173,Supplier,W1,SKU_D,5,216
1173,Supplier,W1,SKU_E,5,205
1173,Supplier,W2,SKU_A,6,112
1173,Supplier,W2,SKU_B,6,51
1173,Supplier,W2,SKU_C,6,64
1173,Supplier,W2,SKU_D,6,68
1173,Supplier,W2,SKU_E,6,58
1173,W1,R1,SKU_A,2,255
1173,W1,R1,SKU_C,2,164
1173,W1,R1,SKU_D,2,114
1173,W1,R1,SKU_E,2,79
1173,W1,R1,SKU_B,2,122
1173,W1,R2,SKU_A,3,124
1173,W1,R2,SKU_B,3,116
1173,W1,R2,SKU_C,3,141
1173,W1,R2,SKU_D,3,50
1173,W1,R2,SKU_E,3,71
1173,W2,R3,SKU_A,4,276
1173,W2,R3,SKU_B,4,117
1173,W2,R3,SKU_C,4,145
1173,W2,R3,SKU_D,4,154
1173,W2,R3,SKU_E,4,137
1174,Supplier,W2,SKU_A,6,164
1174,Supplier,W2,SKU_B,6,66
1174,Supplier,W2,SKU_C,6,81
1174,Supplier,W2,SKU_D,6,86
1174,Supplier,W2,SKU_E,6,79
1174,W1,R1,SKU_A,2,125
1174,W1,R1,SKU_B,2,59
1174,W1,R1,SKU_C,2,70
1174,W1,R1,SKU_D,2,61
1174,W1,R1,SKU_E,2,52
1174,W1,R2,SKU_A,3,80
1174,W1,R2,SKU_D,3,37
1174,W1,R2,SKU_E,3,44
1175,Supplier,W1,SKU_A,5,452
1175,Supplier,W1,SKU_B,5,248
1175,Supplier,W1,SKU_C,5,349
1175,Supplier,W1,SKU_D,5,201
1175,Supplier,W1,SKU_E,5,193
1175,Supplier,W2,SKU_A,6,160
1175,Supplier,W2,SKU_B,6,63
1175,Supplier,W2,SKU_C,6,74
1175,Supplier,W2,SKU_D,6,75
1175,Supplier,W2,SKU_E,6,58
1175,W1,R1,SKU_A,2,141
1175,W1,R1,SKU_B,2,77
1175,W1,R1,SKU_C,2,130
1175,W1,R1,SKU_D,2,64
1175,W1,R1,SKU_E,2,50
1175,W1,R2,SKU_A,3,105
1175,W1,R2,SKU_B,3,122
1175,W1,R2,SKU_C,3,114
1175,W1,R2,SKU_D,3,41
1175,W1,R2,SKU_E,3,68
1175,W2,R3,SKU_A,4,326
1175,W2,R3,SKU_B,4,144
1175,W2,R3,SKU_C,4,172
1175,W2,R3,SKU_D,4,161
1175,W2,R3,SKU_E,4,125
1176,Supplier,W2,SKU_A,6,166
1176,Supplier,W2,SKU_B,6,81
1176,Supplier,W2,SKU_C,6,98
1176,Supplier,W2,SKU_D,6,86
1176,Supplier,W2,SKU_E,6,67
1176,W1,R1,SKU_A,2,166
1176,W1,R1,SKU_B,2,104
1176,W1,R1,SKU_C,2,68
1176,W1,R1,SKU_D,2,67
1176,W1,R1,SKU_E,2,71
1176,W1,R2,SKU_A,3,104
1176,W1,R2,SKU_B,3,71
1176,W1,R2,SKU_C,3,16
1176,W1,R2,SKU_D,3,40
1176,W1,R2,SKU_E,3,45
1176,W2,R3,SKU_A,4,204
1176,W2,R3,SKU_B,4,98
1176,W2,R3,SKU_C,4,102
1176,W2,R3,SKU_D,4,110
1176,W2,R3,SKU_E,4,64
1177,Supplier,W1,SKU_A,5,500
1177,Supplier,W1,SKU_B,5,303
1177,Supplier,W1,SKU_C,5,211
1177,Supplier,W1,SKU_D,5,212
1177,Supplier,W1,SKU_E,5,223
1177,Supplier,W2,SKU_A,6,204
1177,Supplier,W2,SKU_B,6,98
1177,Supplier,W2,SKU_C,6,102
1177,Supplier,W2,SKU_D,6,110
1177,Supplier,W2,SKU_E,6,64
1177,W1,R1,SKU_A,2,185
1177,W1,R1,SKU_B,2,86
1177,W1,R1,SKU_C,2,164
1177,W1,R1,SKU_D,2,97
1177,W1,R1,SKU_E,2,69
1177,W1,R2,SKU_A,3,75
1177,W1,R2,SKU_C,3,22
1177,W1,R2,SKU_D,3,75
1177,W1,R2,SKU_E,3,59
1177,W2,R3,SKU_A,4,243
1177,W2,R3,SKU_B,4,124
1177,W2,R3,SKU_C,4,157
1177,W2,R3,SKU_D,4,128
1177,W2,R3,SKU_E,4,89
1178,Supplier,W1,SKU_A,5,313
1178,Supplier,W1,SKU_B,5,254
1178,Supplier,W1,SKU_C,5,229
1178,Supplier,W1,SKU_D,5,172
1178,Supplier,W1,SKU_E,5,138
1178,Supplier,W2,SKU_A,6,243
1178,Supplier,W2,SKU_B,6,124
1178,Supplier,W2,SKU_C,6,157
1178,Supplier,W2,SKU_D,6,128
1178,Supplier,W2,SKU_E,6,89
1178,W1,R1,SKU_A,2,212
1178,W1,R1,SKU_B,2,235
1178,W1,R1,SKU_C,2,113
1178,W1,R1,SKU_D,2,99
1178,W1,R1,SKU_E,2,72
1178,W1,R2,SKU_A,3,187
1178,W1,R2,SKU_B,3,70
1178,W1,R2,SKU_C,3,127
1178,W1,R2,SKU_D,3,62
1178,W1,R2,SKU_E,3,67
1178,W2,R3,SKU_A,4,244
1178,W2,R3,SKU_B,4,98
1178,W2,R3,SKU_C,4,149
1178,W2,R3,SKU_D,4,126
1178,W2,R3,SKU_E,4,70
1179,Supplier,W1,SKU_A,5,346
1179,Supplier,W1,SKU_B,5,231
1179,Supplier,W1,SKU_C,5,197
1179,Supplier,W1,SKU_D,5,161
1179,Supplier,W1,SKU_E,5,129
1179,Supplier,W2,SKU_A,6,244
1179,Supplier,W2,SKU_B,6,98
1179,Supplier,W2,SKU_C,6,149
1179,Supplier,W2,SKU_D,6,126
1179,Supplier,W2,SKU_E,6,70
1180,Supplier,W2,SKU_A,6,125
1180,Supplier,W2,SKU_B,6,59
1180,Supplier,W2,SKU_C,6,81
1180,Supplier,W2,SKU_D,6,51
1180,Supplier,W2,SKU_E,6,61
1180,W1,R1,SKU_A,2,238
1180,W1,R1,SKU_C,2,118
1180,W1,R1,SKU_D,2,84
1180,W1,R1,SKU_E,2,80
1180,W1,R1,SKU_B,2,124
1180,W1,R2,SKU_A,3,157
1180,W1,R2,SKU_C,3,82
1180,W1,R2,SKU_D,3,71
1180,W1,R2,SKU_E,3,97
1180,W1,R2,SKU_B,3,124
1180,W2,R3,SKU_A,4,248
1180,W2,R3,SKU_B,4,110
1180,W2,R3,SKU_C,4,155
1180,W2,R3,SKU_D,4,124
1180,W2,R3,SKU_E,4,107
1181,Supplier,W1,SKU_A,5,395
1181,Supplier,W1,SKU_B,5,231
1181,Supplier,W1,SKU_C,5,200
1181,Supplier,W1,SKU_D,5,155
1181,Supplier,W1,SKU_E,5,177
1181,Supplier,W2,SKU_A,6,123
1181,Supplier,W2,SKU_B,6,51
1181,Supplier,W2,SKU_C,6,74
1181,Supplier,W2,SKU_D,6,73
1181,Supplier,W2,SKU_E,6,46
1181,W1,R2,SKU_A,3,60
1181,W1,R2,SKU_C,3,51
1181,W1,R2,SKU_D,3,38
1181,W1,R2,SKU_E,3,33
1181,W2,R3,SKU_A,4,172
1181,W2,R3,SKU_B,4,84
1181,W2,R3,SKU_C,4,103
1181,W2,R3,SKU_D,4,98
1181,W2,R3,SKU_E,4,55
1182,Supplier,W2,SKU_A,6,172
1182,Supplier,W2,SKU_B,6,84
1182,Supplier,W2,SKU_C,6,103
1182,Supplier,W2,SKU_D,6,98
1182,Supplier,W2,SKU_E,6,55
1182,W1,R1,SKU_A,2,236
1182,W1,R1,SKU_C,2,77
1182,W1,R1,SKU_D,2,111
1182,W1,R1,SKU_E,2,84
1182,W1,R1,SKU_B,2,113
1182,W1,R2,SKU_A,3,125
1182,W1,R2,SKU_B,3,187
1182,W1,R2,SKU_C,3,36
1182,W1,R2,SKU_D,3,39
1182,W1,R2,SKU_E,3,66
1183,Supplier,W1,SKU_A,5,421
1183,Supplier,W1,SKU_B,5,223
1183,Supplier,W1,SKU_C,5,164
1183,Supplier,W1,SKU_D,5,188
1183,Supplier,W1,SKU_E,5,183
1183,Supplier,W2,SKU_A,6,136
1183,Supplier,W2,SKU_B,6,65
1183,Supplier,W2,SKU_C,6,86
1183,Supplier,W2,SKU_D,6,85
1183,Supplier,W2,SKU_E,6,42
1183,W1,R1,SKU_A,2,133
1183,W1,R1,SKU_B,2,92
1183,W1,R1,SKU_C,2,38
1183,W1,R1,SKU_D,2,57
1183,W1,R1,SKU_E,2,57
1183,W1,R2,SKU_A,3,75
1183,W1,R2,SKU_B,3,56
1183,W1,R2,SKU_C,3,49
1183,W1,R2,SKU_D,3,47
1183,W1,R2,SKU_E,3,48
1183,W2,R3,SKU_A,4,339
1183,W2,R3,SKU_B,4,164
1183,W2,R3,SKU_C,4,210
1183,W2,R3,SKU_D,4,189
1183,W2,R3,SKU_E,4,104
1184,Supplier,W2,SKU_A,6,203
1184,Supplier,W2,SKU_B,6,99
1184,Supplier,W2,SKU_C,6,124
1184,Supplier,W2,SKU_D,6,104
1184,Supplier,W2,SKU_E,6,62
1184,W1,R1,SKU_A,2,143
1184,W1,R1,SKU_B,2,96
1184,W1,R1,SKU_C,2,114
1184,W1,R1,SKU_D,2,72
1184,W1,R1,SKU_E,2,74
1184,W1,R2,SKU_A,3,94
1184,W1,R2,SKU_B,3,56
1184,W1,R2,SKU_C,3,54
1184,W1,R2,SKU_D,3,46
1184,W1,R2,SKU_E,3,52
1184,W2,R3,SKU_A,4,216
1184,W2,R3,SKU_B,4,75
1184,W2,R3,SKU_C,4,144
1184,W2,R3,SKU_D,4,106
1184,W2,R3,SKU_E,4,71
1185,Supplier,W1,SKU_A,5,445
1185,Supplier,W1,SKU_B,5,300
1185,Supplier,W1,SKU_C,5,255
1185,Supplier,W1,SKU_D,5,222
1185,Supplier,W1,SKU_E,5,231
1185,Supplier,W2,SKU_A,6,216
1185,Supplier,W2,SKU_B,6,75
1185,Supplier,W2,SKU_C,6,144
1185,Supplier,W2,SKU_D,6,106
1185,Supplier,W2,SKU_E,6,71
1185,W1,R1,SKU_A,2,177
1185,W1,R1,SKU_B,2,115
1185,W1,R1,SKU_C,2,103
1185,W1,R1,SKU_D,2,82
1185,W1,R1,SKU_E,2,62
1185,W1,R2,SKU_A,3,109
1185,W1,R2,SKU_B,3,65
1185,W1,R2,SKU_C,3,60
1185,W1,R2,SKU_D,3,56
1185,W1,R2,SKU_E,3,48
1185,W2,R3,SKU_A,4,224
1185,W2,R3,SKU_B,4,92
1185,W2,R3,SKU_C,4,137
1185,W2,R3,SKU_D,4,98
1185,W2,R3,SKU_E,4,73
1186,Supplier,W2,SKU_A,6,224
1186,Supplier,W2,SKU_B,6,92
1186,Supplier,W2,SKU_C,6,137
1186,Supplier,W2,SKU_D,6,98
1186,Supplier,W2,SKU_E,6,73
1186,W1,R1,SKU_A,2,113
1186,W1,R1,SKU_B,2,85
1186,W1,R1,SKU_C,2,80
1186,W1,R1,SKU_D,2,62
1186,W1,R1,SKU_E,2,31
1186,W1,R2,SKU_A,3,72
1186,W1,R2,SKU_B,3,54
1186,W1,R2,SKU_C,3,48
1186,W1,R2,SKU_D,3,32
1186,W1,R2,SKU_E,3,40
1186,W2,R3,SKU_A,4,122
1186,W2,R3,SKU_B,4,73
1186,W2,R3,SKU_C,4,118
1186,W2,R3,SKU_D,4,86
1186,W2,R3,SKU_E,4,62
1187,Supplier,W1,SKU_A,5,471
1187,Supplier,W1,SKU_B,5,319
1187,Supplier,W1,SKU_C,5,291
1187,Supplier,W1,SKU_D,5,232
1187,Supplier,W1,SKU_E,5,181
1187,Supplier,W2,SKU_A,6,122
1187,Supplier,W2,SKU_B,6,73
1187,Supplier,W2,SKU_C,6,118
1187,Supplier,W2,SKU_D,6,86
1187,Supplier,W2,SKU_E,6,62
1187,W1,R2,SKU_A,3,81
1187,W1,R2,SKU_B,3,39
1187,W1,R2,SKU_C,3,59
1187,W1,R2,SKU_D,3,38
1187,W1,R2,SKU_E,3,37
1188,Supplier,W2,SKU_A,6,141
1188,Supplier,W2,SKU_B,6,63
1188,Supplier,W2,SKU_C,6,68
1188,Supplier,W2,SKU_D,6,73
1188,Supplier,W2,SKU_E,6,41
1188,W1,R1,SKU_A,2,217
1188,W1,R1,SKU_B,2,123
1188,W1,R1,SKU_C,2,161
1188,W1,R1,SKU_D,2,118
1188,W1,R1,SKU_E,2,70
1188,W1,R2,SKU_A,3,88
1188,W1,R2,SKU_B,3,74
1188,W1,R2,SKU_C,3,70
1188,W1,R2,SKU_D,3,49
1188,W1,R2,SKU_E,3,40
1188,W2,R3,SKU_A,4,278
1188,W2,R3,SKU_B,4,125
1188,W2,R3,SKU_C,4,115
1188,W2,R3,SKU_D,4,125
1188,W2,R3,SKU_E,4,85
1189,Supplier,W1,SKU_A,5,386
1189,Supplier,W1,SKU_B,5,236
1189,Supplier,W1,SKU_C,5,290
1189,Supplier,W1,SKU_D,5,205
1189,Supplier,W1,SKU_E,5,147
1189,Supplier,W2,SKU_A,6,137
1189,Supplier,W2,SKU_B,6,62
1189,Supplier,W2,SKU_C,6,47
1189,Supplier,W2,SKU_D,6,52
1189,Supplier,W2,SKU_E,6,44
1189,W1,R1,SKU_A,2,143
1189,W1,R1,SKU_B,2,83
1189,W1,R1,SKU_C,2,127
1189,W1,R1,SKU_D,2,67
1189,W1,R1,SKU_E,2,53
1189,W1,R2,SKU_A,3,109
1189,W1,R2,SKU_B,3,4
1189,W1,R2,SKU_C,3,98
1189,W1,R2,SKU_D,3,54
1189,W1,R2,SKU_E,3,65
1189,W2,R3,SKU_A,4,195
1189,W2,R3,SKU_B,4,73
1189,W2,R3,SKU_C,4,99
1189,W2,R3,SKU_D,4,64
1189,W2,R3,SKU_E,4,75
1190,Supplier,W2,SKU_A,6,195
1190,Supplier,W2,SKU_B,6,73
1190,Supplier,W2,SKU_C,6,99
1190,Supplier,W2,SKU_D,6,64
1190,Supplier,W2,SKU_E,6,75
1190,W1,R1,SKU_A,2,142
1190,W1,R1,SKU_B,2,101
1190,W1,R1,SKU_C,2,139
1190,W1,R1,SKU_D,2,59
1190,W1,R1,SKU_E,2,55
1190,W1,R2,SKU_A,3,107
1190,W1,R2,SKU_B,3,157
1190,W1,R2,SKU_C,3,85
1190,W1,R2,SKU_D,3,60
1190,W1,R2,SKU_E,3,59
1190,W2,R3,SKU_A,4,160
1190,W2,R3,SKU_B,4,79
1190,W2,R3,SKU_C,4,100
1190,W2,R3,SKU_D,4,89
1190,W2,R3,SKU_E,4,72
1191,Supplier,W1,SKU_A,5,501
1191,Supplier,W1,SKU_B,5,345
1191,Supplier,W1,SKU_C,5,449
1191,Supplier,W1,SKU_D,5,240
1191,Supplier,W1,SKU_E,5,232
1191,Supplier,W2,SKU_A,6,160
1191,Supplier,W2,SKU_B,6,79
1191,Supplier,W2,SKU_C,6,100
1191,Supplier,W2,SKU_D,6,89
1191,Supplier,W2,SKU_E,6,72
1191,W1,R1,SKU_A,2,179
1191,W1,R1,SKU_B,2,42
1191,W1,R1,SKU_C,2,63
1191,W1,R1,SKU_D,2,90
1191,W1,R1,SKU_E,2,76
1191,W1,R2,SKU_A,3,112
1191,W1,R2,SKU_D,3,42
1191,W1,R2,SKU_E,3,63
1191,W2,R3,SKU_A,4,220
1191,W2,R3,SKU_B,4,113
1191,W2,R3,SKU_C,4,185
1191,W2,R3,SKU_D,4,128
1191,W2,R3,SKU_E,4,109
1192,Supplier,W1,SKU_A,5,291
1192,Supplier,W1,SKU_B,5,185
1192,Supplier,W1,SKU_C,5,214
1192,Supplier,W1,SKU_D,5,132
1192,Supplier,W1,SKU_E,5,139
1192,Supplier,W2,SKU_A,6,220
1192,Supplier,W2,SKU_B,6,113
1192,Supplier,W2,SKU_C,6,185
1192,Supplier,W2,SKU_D,6,128
1192,Supplier,W2,SKU_E,6,109
1192,W1,R1,SKU_A,2,183
1192,W1,R1,SKU_B,2,198
1192,W1,R1,SKU_C,2,213
1192,W1,R1,SKU_D,2,80
1192,W1,R1,SKU_E,2,71
1192,W1,R2,SKU_A,3,117
1192,W1,R2,SKU_B,3,121
1192,W1,R2,SKU_C,3,78
1192,W1,R2,SKU_D,3,42
1192,W1,R2,SKU_E,3,60
1192,W2,R3,SKU_A,4,218
1192,W2,R3,SKU_B,4,80
1192,W2,R3,SKU_C,4,173
1192,W2,R3,SKU_D,4,89
1192,W2,R3,SKU_E,4,73
1193,Supplier,W1,SKU_A,5,300
1193,Supplier,W1,SKU_B,5,195
1193,Supplier,W1,SKU_C,5,198
1193,Supplier,W1,SKU_D,5,122
1193,Supplier,W1,SKU_E,5,131
1193,Supplier,W2,SKU_A,6,218
1193,Supplier,W2,SKU_B,6,80
1193,Supplier,W2,SKU_C,6,173
1193,Supplier,W2,SKU_D,6,89
1193,Supplier,W2,SKU_E,6,73
1193,W1,R2,SKU_A,3,106
1193,W1,R2,SKU_D,3,54
1193,W1,R2,SKU_E,3,61
1193,W2,R3,SKU_A,4,154
1193,W2,R3,SKU_B,4,76
1193,W2,R3,SKU_C,4,108
1193,W2,R3,SKU_D,4,97
1193,W2,R3,SKU_E,4,79
1194,Supplier,W2,SKU_A,6,154
1194,Supplier,W2,SKU_B,6,76
1194,Supplier,W2,SKU_C,6,108
1194,Supplier,W2,SKU_D,6,97
1194,Supplier,W2,SKU_E,6,79
1194,W1,R1,SKU_A,2,250
1194,W1,R1,SKU_D,2,117
1194,W1,R1,SKU_E,2,76
1194,W1,R1,SKU_B,2,129
1194,W1,R1,SKU_C,2,163
1194,W1,R2,SKU_A,3,100
1194,W1,R2,SKU_B,3,107
1194,W1,R2,SKU_C,3,127
1194,W1,R2,SKU_D,3,47
1194,W1,R2,SKU_E,3,66
1194,W2,R3,SKU_A,4,144
1194,W2,R3,SKU_B,4,62
1194,W2,R3,SKU_C,4,97
1194,W2,R3,SKU_D,4,70
1194,W2,R3,SKU_E,4,64
1195,Supplier,W1,SKU_A,5,456
1195,Supplier,W1,SKU_B,5,231
1195,Supplier,W1,SKU_C,5,267
1195,Supplier,W1,SKU_D,5,218
1195,Supplier,W1,SKU_E,5,203
1195,Supplier,W2,SKU_A,6,144
1195,Supplier,W2,SKU_B,6,62
1195,Supplier,W2,SKU_C,6,97
1195,Supplier,W2,SKU_D,6,70
1195,Supplier,W2,SKU_E,6,64
1195,W2,R3,SKU_A,4,159
1195,W2,R3,SKU_B,4,72
1195,W2,R3,SKU_C,4,108
1195,W2,R3,SKU_D,4,58
1195,W2,R3,SKU_E,4,57
1196,Supplier,W2,SKU_A,6,159
1196,Supplier,W2,SKU_B,6,72
1196,Supplier,W2,SKU_C,6,108
1196,Supplier,W2,SKU_D,6,58
1196,Supplier,W2,SKU_E,6,57
1196,W1,R1,SKU_A,2,244
1196,W1,R1,SKU_D,2,111
1196,W1,R1,SKU_E,2,79
1196,W1,R1,SKU_B,2,119
1196,W1,R1,SKU_C,2,149
1196,W1,R2,SKU_A,3,195
1196,W1,R2,SKU_D,3,73
1196,W1,R2,SKU_E,3,95
1196,W1,R2,SKU_B,3,127
1196,W1,R2,SKU_C,3,151
1196,W2,R3,SKU_A,4,158
1196,W2,R3,SKU_B,4,63
1196,W2,R3,SKU_C,4,87
1196,W2,R3,SKU_D,4,67
1196,W2,R3,SKU_E,4,76
1197,Supplier,W1,SKU_A,5,439
1197,Supplier,W1,SKU_B,5,232
1197,Supplier,W1,SKU_C,5,265
1197,Supplier,W1,SKU_D,5,184
1197,Supplier,W1,SKU_E,5,174
1197,Supplier,W2,SKU_A,6,158
1197,Supplier,W2,SKU_B,6,63
1197,Supplier,W2,SKU_C,6,87
1197,Supplier,W2,SKU_D,6,67
1197,Supplier,W2,SKU_E,6,76
1197,W1,R1,SKU_A,2,136
1197,W1,R1,SKU_B,2,96
1197,W1,R1,SKU_C,2,114
1197,W1,R1,SKU_D,2,67
1197,W1,R1,SKU_E,2,48
1197,W1,R2,SKU_A,3,105
1197,W1,R2,SKU_B,3,70
1197,W1,R2,SKU_C,3,63
1197,W1,R2,SKU_D,3,58
1197,W1,R2,SKU_E,3,55
1197,W2,R3,SKU_A,4,181
1197,W2,R3,SKU_B,4,82
1197,W2,R3,SKU_C,4,129
1197,W2,R3,SKU_D,4,83
1197,W2,R3,SKU_E,4,76
1198,Supplier,W2,SKU_A,6,181
1198,Supplier,W2,SKU_B,6,82
1198,Supplier,W2,SKU_C,6,129
1198,Supplier,W2,SKU_D,6,83
1198,Supplier,W2,SKU_E,6,76
1198,W1,R1,SKU_A,2,186
1198,W1,R1,SKU_B,2,141
1198,W1,R1,SKU_C,2,155
1198,W1,R1,SKU_D,2,77
1198,W1,R1,SKU_E,2,69
1198,W1,R2,SKU_A,3,98
1198,W1,R2,SKU_B,3,77
1198,W1,R2,SKU_C,3,83
1198,W1,R2,SKU_D,3,57
1198,W1,R2,SKU_E,3,83
1198,W2,R3,SKU_A,4,275
1198,W2,R3,SKU_B,4,117
1198,W2,R3,SKU_C,4,205
1198,W2,R3,SKU_D,4,151
1198,W2,R3,SKU_E,4,88
1199,Supplier,W1,SKU_A,5,525
1199,Supplier,W1,SKU_B,5,384
1199,Supplier,W1,SKU_C,5,415
1199,Supplier,W1,SKU_D,5,259
1199,Supplier,W1,SKU_E,5,255
1199,Supplier,W2,SKU_A,6,275
1199,Supplier,W2,SKU_B,6,117
1199,Supplier,W2,SKU_C,6,205
1199,Supplier,W2,SKU_D,6,151
1199,Supplier,W2,SKU_E,6,88
1199,W1,R1,SKU_A,2,189
1199,W1,R1,SKU_B,2,95
1199,W1,R1,SKU_C,2,137
1199,W1,R1,SKU_D,2,84
1199,W1,R1,SKU_E,2,75
1199,W1,R2,SKU_A,3,112
1199,W1,R2,SKU_C,3,9
1199,W1,R2,SKU_D,3,62
1199,W1,R2,SKU_E,3,42
1199,W2,R3,SKU_A,4,226
1199,W2,R3,SKU_B,4,107
1199,W2,R3,SKU_C,4,150
1199,W2,R3,SKU_D,4,92
1199,W2,R3,SKU_E,4,90
1200,Supplier,W1,SKU_A,5,301
1200,Supplier,W1,SKU_B,5,217
1200,Supplier,W1,SKU_C,5,220
1200,Supplier,W1,SKU_D,5,146
1200,Supplier,W1,SKU_E,5,138
1200,Supplier,W2,SKU_A,6,226
1200,Supplier,W2,SKU_B,6,107
1200,Supplier,W2,SKU_C,6,150
1200,Supplier,W2,SKU_D,6,92
1200,Supplier,W2,SKU_E,6,90
1200,W1,R1,SKU_A,2,131
1200,W1,R1,SKU_B,2,103
1200,W1,R1,SKU_C,2,100
1200,W1,R1,SKU_D,2,72
1200,W1,R1,SKU_E,2,43
1200,W1,R2,SKU_A,3,106
1200,W1,R2,SKU_B,3,128
1200,W1,R2,SKU_C,3,157
1200,W1,R2,SKU_D,3,51
1200,W1,R2,SKU_E,3,94
1201,Supplier,W2,SKU_A,6,148
1201,Supplier,W2,SKU_B,6,78
1201,Supplier,W2,SKU_C,6,104
1201,Supplier,W2,SKU_D,6,39
1201,Supplier,W2,SKU_E,6,46
1201,W1,R2,SKU_A,3,91
1201,W1,R2,SKU_D,3,45
1201,W1,R2,SKU_E,3,28
1201,W2,R3,SKU_A,4,283
1201,W2,R3,SKU_B,4,131
1201,W2,R3,SKU_C,4,177
1201,W2,R3,SKU_D,4,86
1201,W2,R3,SKU_E,4,104
1202,Supplier,W1,SKU_A,5,497
1202,Supplier,W1,SKU_B,5,272
1202,Supplier,W1,SKU_C,5,423
1202,Supplier,W1,SKU_D,5,253
1202,Supplier,W1,SKU_E,5,201
1202,Supplier,W2,SKU_A,6,135
1202,Supplier,W2,SKU_B,6,53
1202,Supplier,W2,SKU_C,6,73
1202,Supplier,W2,SKU_D,6,47
1202,Supplier,W2,SKU_E,6,58
1202,W1,R1,SKU_A,2,250
1202,W1,R1,SKU_C,2,233
1202,W1,R1,SKU_D,2,134
1202,W1,R1,SKU_E,2,87
1202,W1,R1,SKU_B,2,138
1202,W1,R2,SKU_A,3,128
1202,W1,R2,SKU_B,3,94
1202,W1,R2,SKU_C,3,42
1202,W1,R2,SKU_D,3,64
1202,W1,R2,SKU_E,3,70
1203,Supplier,W2,SKU_A,6,137
1203,Supplier,W2,SKU_B,6,72
1203,Supplier,W2,SKU_C,6,84
1203,Supplier,W2,SKU_D,6,75
1203,Supplier,W2,SKU_E,6,48
1203,W2,R3,SKU_A,4,304
1203,W2,R3,SKU_B,4,145
1203,W2,R3,SKU_C,4,190
1203,W2,R3,SKU_D,4,166
1203,W2,R3,SKU_E,4,99
1204,Supplier,W1,SKU_A,5,442
1204,Supplier,W1,SKU_B,5,327
1204,Supplier,W1,SKU_C,5,388
1204,Supplier,W1,SKU_D,5,231
1204,Supplier,W1,SKU_E,5,203
1204,Supplier,W2,SKU_A,6,167
1204,Supplier,W2,SKU_B,6,73
1204,Supplier,W2,SKU_C,6,106
1204,Supplier,W2,SKU_D,6,91
1204,Supplier,W2,SKU_E,6,51
1204,W1,R1,SKU_A,2,244
1204,W1,R1,SKU_D,2,137
1204,W1,R1,SKU_E,2,115
1204,W1,R1,SKU_B,2,165
1204,W1,R1,SKU_C,2,234
1204,W1,R2,SKU_A,3,236
1204,W1,R2,SKU_E,3,113
1204,W1,R2,SKU_B,3,219
1204,W1,R2,SKU_C,3,181
1204,W1,R2,SKU_D,3,105
1204,W2,R3,SKU_A,4,199
1204,W2,R3,SKU_B,4,74
1204,W2,R3,SKU_C,4,130
1204,W2,R3,SKU_D,4,74
1204,W2,R3,SKU_E,4,57
1205,Supplier,W2,SKU_A,6,199
1205,Supplier,W2,SKU_B,6,74
1205,Supplier,W2,SKU_C,6,130
1205,Supplier,W2,SKU_D,6,74
1205,Supplier,W2,SKU_E,6,57
1205,W1,R1,SKU_A,2,149
1205,W1,R1,SKU_B,2,117
1205,W1,R1,SKU_C,2,142
1205,W1,R1,SKU_D,2,77
1205,W1,R1,SKU_E,2,55
1205,W1,R2,SKU_A,3,99
1205,W1,R2,SKU_B,3,91
1205,W1,R2,SKU_C,3,78
1205,W1,R2,SKU_D,3,41
1205,W1,R2,SKU_E,3,64
1205,W2,R3,SKU_A,4,213
1205,W2,R3,SKU_B,4,90
1205,W2,R3,SKU_C,4,186
1205,W2,R3,SKU_D,4,119
1205,W2,R3,SKU_E,4,69
1206,Supplier,W1,SKU_A,5,495
1206,Supplier,W1,SKU_B,5,334
1206,Supplier,W1,SKU_C,5,434
1206,Supplier,W1,SKU_D,5,242
1206,Supplier,W1,SKU_E,5,244
1206,Supplier,W2,SKU_A,6,213
1206,Supplier,W2,SKU_B,6,90
1206,Supplier,W2,SKU_C,6,186
1206,Supplier,W2,SKU_D,6,119
1206,Supplier,W2,SKU_E,6,69
1206,W1,R2,SKU_A,3,116
1206,W1,R2,SKU_D,3,5
1206,W1,R2,SKU_E,3,48
1206,W2,R3,SKU_A,4,214
1206,W2,R3,SKU_B,4,113
1206,W2,R3,SKU_C,4,189
1206,W2,R3,SKU_D,4,148
1206,W2,R3,SKU_E,4,58
1207,Supplier,W2,SKU_A,6,214
1207,Supplier,W2,SKU_B,6,113
1207,Supplier,W2,SKU_C,6,189
1207,Supplier,W2,SKU_D,6,148
1207,Supplier,W2,SKU_E,6,58
1207,W1,R1,SKU_A,2,297
1207,W1,R1,SKU_B,2,176
1207,W1,R1,SKU_D,2,147
1207,W1,R1,SKU_E,2,89
1207,W1,R1,SKU_C,2,168
1207,W1,R2,SKU_A,3,83
1207,W1,R2,SKU_B,3,105
1207,W1,R2,SKU_C,3,255
1207,W1,R2,SKU_D,3,83
1207,W1,R2,SKU_E,3,34
1207,W2,R3,SKU_A,4,137
1207,W2,R3,SKU_B,4,77
1207,W2,R3,SKU_C,4,94
1207,W2,R3,SKU_D,4,86
1207,W2,R3,SKU_E,4,39
1208,Supplier,W1,SKU_A,5,496
1208,Supplier,W1,SKU_B,5,290
1208,Supplier,W1,SKU_C,5,283
1208,Supplier,W1,SKU_D,5,235
1208,Supplier,W1,SKU_E,5,171
1208,Supplier,W2,SKU_A,6,137
1208,Supplier,W2,SKU_B,6,77
1208,Supplier,W2,SKU_C,6,94
1208,Supplier,W2,SKU_D,6,86
1208,Supplier,W2,SKU_E,6,39
1208,W1,R2,SKU_A,3,78
1208,W1,R2,SKU_D,3,30
1208,W1,R2,SKU_E,3,41
1208,W2,R3,SKU_A,4,132
1208,W2,R3,SKU_B,4,62
1208,W2,R3,SKU_C,4,95
1208,W2,R3,SKU_D,4,82
1208,W2,R3,SKU_E,4,55
1209,Supplier,W2,SKU_A,6,132
1209,Supplier,W2,SKU_B,6,62
1209,Supplier,W2,SKU_C,6,95
1209,Supplier,W2,SKU_D,6,82
1209,Supplier,W2,SKU_E,6,55
1209,W1,R1,SKU_A,2,234
1209,W1,R1,SKU_D,2,96
1209,W1,R1,SKU_E,2,80
1209,W1,R1,SKU_B,2,139
1209,W1,R1,SKU_C,2,174
1209,W1,R2,SKU_A,3,77
1209,W1,R2,SKU_B,3,111
1209,W1,R2,SKU_C,3,101
1209,W1,R2,SKU_D,3,46
1209,W1,R2,SKU_E,3,39
1209,W2,R3,SKU_A,4,149
1209,W2,R3,SKU_B,4,85
1209,W2,R3,SKU_C,4,99
1209,W2,R3,SKU_D,4,92
1209,W2,R3,SKU_E,4,59
1210,Supplier,W1,SKU_A,5,389
1210,Supplier,W1,SKU_B,5,241
1210,Supplier,W1,SKU_C,5,263
1210,Supplier,W1,SKU_D,5,172
1210,Supplier,W1,SKU_E,5,160
1210,Supplier,W2,SKU_A,6,149
1210,Supplier,W2,SKU_B,6,85
1210,Supplier,W2,SKU_C,6,99
1210,Supplier,W2,SKU_D,6,92
1210,Supplier,W2,SKU_E,6,59
1210,W1,R1,SKU_A,2,108
1210,W1,R1,SKU_B,2,76
1210,W1,R1,SKU_C,2,73
1210,W1,R1,SKU_D,2,58
1210,W1,R1,SKU_E,2,52
1210,W1,R2,SKU_A,3,73
1210,W1,R2,SKU_B,3,1
1210,W1,R2,SKU_C,3,40
1210,W1,R2,SKU_D,3,33
1210,W1,R2,SKU_E,3,52
1210,W2,R3,SKU_A,4,138
1210,W2,R3,SKU_B,4,79
1210,W2,R3,SKU_C,4,123
1210,W2,R3,SKU_D,4,82
1210,W2,R3,SKU_E,4,63
1211,Supplier,W2,SKU_A,6,138
1211,Supplier,W2,SKU_B,6,79
1211,Supplier,W2,SKU_C,6,123
1211,Supplier,W2,SKU_D,6,82
1211,Supplier,W2,SKU_E,6,63
1211,W1,R1,SKU_A,2,148
1211,W1,R1,SKU_B,2,102
1211,W1,R1,SKU_C,2,108
1211,W1,R1,SKU_D,2,59
1211,W1,R1,SKU_E,2,68
1211,W1,R2,SKU_A,3,105
1211,W1,R2,SKU_B,3,123
1211,W1,R2,SKU_C,3,86
1211,W1,R2,SKU_D,3,43
1211,W1,R2,SKU_E,3,72
1211,W2,R3,SKU_A,4,194
1211,W2,R3,SKU_B,4,88
1211,W2,R3,SKU_C,4,151
1211,W2,R3,SKU_D,4,100
1211,W2,R3,SKU_E,4,59
1212,Supplier,W1,SKU_A,5,434
1212,Supplier,W1,SKU_B,5,302
1212,Supplier,W1,SKU_C,5,307
1212,Supplier,W1,SKU_D,5,193
1212,Supplier,W1,SKU_E,5,244
1212,Supplier,W2,SKU_A,6,194
1212,Supplier,W2,SKU_B,6,88
1212,Supplier,W2,SKU_C,6,151
1212,Supplier,W2,SKU_D,6,100
1212,Supplier,W2,SKU_E,6,59
1212,W1,R1,SKU_A,2,152
1212,W1,R1,SKU_B,2,109
1212,W1,R1,SKU_C,2,158
1212,W1,R1,SKU_D,2,87
1212,W1,R1,SKU_E,2,71
1212,W1,R2,SKU_A,3,97
1212,W1,R2,SKU_C,3,82
1212,W1,R2,SKU_D,3,51
1212,W1,R2,SKU_E,3,58
1212,W2,R3,SKU_A,4,198
1212,W2,R3,SKU_B,4,123
1212,W2,R3,SKU_C,4,171
1212,W2,R3,SKU_D,4,124
1212,W2,R3,SKU_E,4,57
1213,Supplier,W1,SKU_A,5,249
1213,Supplier,W1,SKU_B,5,247
1213,Supplier,W1,SKU_C,5,251
1213,Supplier,W1,SKU_D,5,138
1213,Supplier,W1,SKU_E,5,129
1213,Supplier,W2,SKU_A,6,198
1213,Supplier,W2,SKU_B,6,123
1213,Supplier,W2,SKU_C,6,171
1213,Supplier,W2,SKU_D,6,124
1213,Supplier,W2,SKU_E,6,57
1213,W1,R1,SKU_A,2,161
1213,W1,R1,SKU_B,2,171
1213,W1,R1,SKU_C,2,149
1213,W1,R1,SKU_D,2,95
1213,W1,R1,SKU_E,2,57
1213,W1,R2,SKU_A,3,121
1213,W1,R2,SKU_B,3,119
1213,W1,R2,SKU_C,3,104
1213,W1,R2,SKU_D,3,60
1213,W1,R2,SKU_E,3,41
1213,W2,R3,SKU_A,4,228
1213,W2,R3,SKU_B,4,81
1213,W2,R3,SKU_C,4,181
1213,W2,R3,SKU_D,4,113
1213,W2,R3,SKU_E,4,71
1214,Supplier,W1,SKU_A,5,282
1214,Supplier,W1,SKU_B,5,225
1214,Supplier,W1,SKU_C,5,242
1214,Supplier,W1,SKU_D,5,155
1214,Supplier,W1,SKU_E,5,98
1214,Supplier,W2,SKU_A,6,228
1214,Supplier,W2,SKU_B,6,81
1214,Supplier,W2,SKU_C,6,181
1214,Supplier,W2,SKU_D,6,113
1214,Supplier,W2,SKU_E,6,71
1214,W1,R2,SKU_A,3,106
1214,W1,R2,SKU_D,3,44
1214,W1,R2,SKU_E,3,47
1214,W2,R3,SKU_A,4,154
1214,W2,R3,SKU_B,4,68
1214,W2,R3,SKU_C,4,73
1214,W2,R3,SKU_D,4,87
1214,W2,R3,SKU_E,4,53
1215,Supplier,W2,SKU_A,6,154
1215,Supplier,W2,SKU_B,6,68
1215,Supplier,W2,SKU_C,6,73
1215,Supplier,W2,SKU_D,6,87
1215,Supplier,W2,SKU_E,6,53
1215,W1,R1,SKU_A,2,221
1215,W1,R1,SKU_C,2,204
1215,W1,R1,SKU_D,2,92
1215,W1,R1,SKU_E,2,90
1215,W1,R1,SKU_B,2,160
1215,W1,R2,SKU_A,3,88
1215,W1,R2,SKU_B,3,81
1215,W1,R2,SKU_C,3,89
1215,W1,R2,SKU_D,3,30
1215,W1,R2,SKU_E,3,31
1216,Supplier,W1,SKU_A,5,415
1216,Supplier,W1,SKU_B,5,285
1216,Supplier,W1,SKU_C,5,315
1216,Supplier,W1,SKU_D,5,166
1216,Supplier,W1,SKU_E,5,168
1216,Supplier,W2,SKU_A,6,121
1216,Supplier,W2,SKU_B,6,48
1216,Supplier,W2,SKU_C,6,59
1216,Supplier,W2,SKU_D,6,52
1216,Supplier,W2,SKU_E,6,32
1216,W1,R2,SKU_A,3,77
1216,W1,R2,SKU_D,3,28
1216,W1,R2,SKU_E,3,38
1216,W2,R3,SKU_A,4,242
1216,W2,R3,SKU_B,4,101
1216,W2,R3,SKU_C,4,153
1216,W2,R3,SKU_D,4,121
1216,W2,R3,SKU_E,4,73
1217,Supplier,W2,SKU_A,6,121
1217,Supplier,W2,SKU_B,6,53
1217,Supplier,W2,SKU_C,6,94
1217,Supplier,W2,SKU_D,6,69
1217,Supplier,W2,SKU_E,6,41
1217,W1,R1,SKU_A,2,193
1217,W1,R1,SKU_D,2,86
1217,W1,R1,SKU_E,2,78
1217,W1,R1,SKU_B,2,124
1217,W1,R1,SKU_C,2,160
1217,W1,R2,SKU_A,3,105
1217,W1,R2,SKU_B,3,178
1217,W1,R2,SKU_C,3,123
1217,W1,R2,SKU_D,3,33
1217,W1,R2,SKU_E,3,47
1217,W2,R3,SKU_A,4,161
1217,W2,R3,SKU_B,4,68
1217,W2,R3,SKU_C,4,105
1217,W2,R3,SKU_D,4,99
1217,W2,R3,SKU_E,4,38
1218,Supplier,W1,SKU_A,5,375
1218,Supplier,W1,SKU_B,5,228
1218,Supplier,W1,SKU_C,5,261
1218,Supplier,W1,SKU_D,5,147
1218,Supplier,W1,SKU_E,5,163
1218,Supplier,W2,SKU_A,6,161
1218,Supplier,W2,SKU_B,6,68
1218,Supplier,W2,SKU_C,6,105
1218,Supplier,W2,SKU_D,6,99
1218,Supplier,W2,SKU_E,6,38
1218,W1,R1,SKU_A,2,147
1218,W1,R1,SKU_B,2,94
1218,W1,R1,SKU_C,2,100
1218,W1,R1,SKU_D,2,60
1218,W1,R1,SKU_E,2,59
1218,W1,R2,SKU_A,3,93
1218,W1,R2,SKU_B,3,99
1218,W1,R2,SKU_C,3,57
1218,W1,R2,SKU_D,3,51
1218,W1,R2,SKU_E,3,64
1218,W2,R3,SKU_A,4,175
1218,W2,R3,SKU_B,4,86
1218,W2,R3,SKU_C,4,123
1218,W2,R3,SKU_D,4,116
1218,W2,R3,SKU_E,4,57
1219,Supplier,W2,SKU_A,6,175
1219,Supplier,W2,SKU_B,6,86
1219,Supplier,W2,SKU_C,6,123
1219,Supplier,W2,SKU_D,6,116
1219,Supplier,W2,SKU_E,6,57
1219,W1,R1,SKU_A,2,161
1219,W1,R1,SKU_B,2,131
1219,W1,R1,SKU_C,2,120
1219,W1,R1,SKU_D,2,93
1219,W1,R1,SKU_E,2,65
1219,W1,R2,SKU_A,3,123
1219,W1,R2,SKU_B,3,91
1219,W1,R2,SKU_C,3,98
1219,W1,R2,SKU_D,3,60
1219,W1,R2,SKU_E,3,56
1219,W2,R3,SKU_A,4,196
1219,W2,R3,SKU_B,4,61
1219,W2,R3,SKU_C,4,165
1219,W2,R3,SKU_D,4,130
1219,W2,R3,SKU_E,4,58
1220,Supplier,W1,SKU_A,5,524
1220,Supplier,W1,SKU_B,5,372
1220,Supplier,W1,SKU_C,5,375
1220,Supplier,W1,SKU_D,5,264
1220,Supplier,W1,SKU_E,5,244
1220,Supplier,W2,SKU_A,6,196
1220,Supplier,W2,SKU_B,6,61
1220,Supplier,W2,SKU_C,6,165
1220,Supplier,W2,SKU_D,6,130
1220,Supplier,W2,SKU_E,6,58
1220,W1,R1,SKU_A,2,218
1220,W1,R1,SKU_B,2,57
1220,W1,R1,SKU_C,2,142
1220,W1,R1,SKU_D,2,77
1220,W1,R1,SKU_E,2,88
1220,W1,R2,SKU_A,3,127
1220,W1,R2,SKU_D,3,47
1220,W1,R2,SKU_E,3,72
1220,W2,R3,SKU_A,4,223
1220,W2,R3,SKU_B,4,106
1220,W2,R3,SKU_C,4,182
1220,W2,R3,SKU_D,4,146
1220,W2,R3,SKU_E,4,73
1221,Supplier,W1,SKU_A,5,345
1221,Supplier,W1,SKU_B,5,237
1221,Supplier,W1,SKU_C,5,234
1221,Supplier,W1,SKU_D,5,124
1221,Supplier,W1,SKU_E,5,160
1221,Supplier,W2,SKU_A,6,223
1221,Supplier,W2,SKU_B,6,106
1221,Supplier,W2,SKU_C,6,182
1221,Supplier,W2,SKU_D,6,146
1221,Supplier,W2,SKU_E,6,73
1221,W1,R1,SKU_A,2,129
1221,W1,R1,SKU_B,2,145
1221,W1,R1,SKU_C,2,122
1221,W1,R1,SKU_D,2,51
1221,W1,R1,SKU_E,2,42
1221,W1,R2,SKU_A,3,109
1221,W1,R2,SKU_B,3,140
1221,W1,R2,SKU_C,3,148
1221,W1,R2,SKU_D,3,44
1221,W1,R2,SKU_E,3,66
1221,W2,R3,SKU_A,4,150
1221,W2,R3,SKU_B,4,88
1221,W2,R3,SKU_C,4,118
1221,W2,R3,SKU_D,4,83
1221,W2,R3,SKU_E,4,54
1222,Supplier,W2,SKU_A,6,150
1222,Supplier,W2,SKU_B,6,88
1222,Supplier,W2,SKU_C,6,118
1222,Supplier,W2,SKU_D,6,83
1222,Supplier,W2,SKU_E,6,54
1222,W1,R2,SKU_A,3,102
1222,W1,R2,SKU_D,3,47
1222,W1,R2,SKU_E,3,23
1222,W2,R3,SKU_A,4,153
1222,W2,R3,SKU_B,4,91
1222,W2,R3,SKU_C,4,120
1222,W2,R3,SKU_D,4,104
1222,W2,R3,SKU_E,4,59
1223,Supplier,W1,SKU_A,5,465
1223,Supplier,W1,SKU_B,5,279
1223,Supplier,W1,SKU_C,5,327
1223,Supplier,W1,SKU_D,5,200
1223,Supplier,W1,SKU_E,5,211
1223,Supplier,W2,SKU_A,6,153
1223,Supplier,W2,SKU_B,6,91
1223,Supplier,W2,SKU_C,6,120
1223,Supplier,W2,SKU_D,6,104
1223,Supplier,W2,SKU_E,6,59
1223,W1,R1,SKU_A,2,274
1223,W1,R1,SKU_C,2,201
1223,W1,R1,SKU_D,2,110
1223,W1,R1,SKU_E,2,99
1223,W1,R1,SKU_B,2,167
1223,W1,R2,SKU_A,3,90
1223,W1,R2,SKU_B,3,61
1223,W1,R2,SKU_C,3,105
1223,W1,R2,SKU_D,3,35
1223,W1,R2,SKU_E,3,80
1223,W2,R3,SKU_A,4,173
1223,W2,R3,SKU_B,4,65
1223,W2,R3,SKU_C,4,88
1223,W2,R3,SKU_D,4,93
1223,W2,R3,SKU_E,4,55
1224,Supplier,W2,SKU_A,6,173
1224,Supplier,W2,SKU_B,6,65
1224,Supplier,W2,SKU_C,6,88
1224,Supplier,W2,SKU_D,6,93
1224,Supplier,W2,SKU_E,6,55
1224,W2,R3,SKU_A,4,192
1224,W2,R3,SKU_B,4,96
1224,W2,R3,SKU_C,4,101
1224,W2,R3,SKU_D,4,121
1224,W2,R3,SKU_E,4,67
1225,Supplier,W1,SKU_A,5,507
1225,Supplier,W1,SKU_B,5,278
1225,Supplier,W1,SKU_C,5,386
1225,Supplier,W1,SKU_D,5,202
1225,Supplier,W1,SKU_E,5,229
1225,Supplier,W2,SKU_A,6,192
1225,Supplier,W2,SKU_B,6,96
1225,Supplier,W2,SKU_C,6,101
1225,Supplier,W2,SKU_D,6,121
1225,Supplier,W2,SKU_E,6,67
1225,W1,R1,SKU_A,2,311
1225,W1,R1,SKU_D,2,128
1225,W1,R1,SKU_E,2,125
1225,W1,R1,SKU_B,2,210
1225,W1,R1,SKU_C,2,215
1225,W1,R2,SKU_D,3,121
1225,W1,R2,SKU_A,3,212
1225,W1,R2,SKU_B,3,162
1225,W1,R2,SKU_C,3,160
1225,W1,R2,SKU_E,3,125
1225,W2,R3,SKU_A,4,169
1225,W2,R3,SKU_B,4,132
1225,W2,R3,SKU_C,4,84
1225,W2,R3,SKU_D,4,93
1225,W2,R3,SKU_E,4,84
1226,Supplier,W1,SKU_A,5,255
1226,Supplier,W1,SKU_B,5,217
1226,Supplier,W1,SKU_C,5,207
1226,Supplier,W1,SKU_D,5,134
1226,Supplier,W1,SKU_E,5,120
1226,Supplier,W2,SKU_A,6,169
1226,Supplier,W2,SKU_B,6,140
1226,Supplier,W2,SKU_C,6,84
1226,Supplier,W2,SKU_D,6,93
1226,Supplier,W2,SKU_E,6,84
1226,W1,R1,SKU_A,2,175
1226,W1,R1,SKU_B,2,157
1226,W1,R1,SKU_C,2,140
1226,W1,R1,SKU_D,2,96
1226,W1,R1,SKU_E,2,76
1226,W1,R2,SKU_A,3,143
1226,W1,R2,SKU_B,3,80
1226,W1,R2,SKU_C,3,94
1226,W1,R2,SKU_D,3,64
1226,W1,R2,SKU_E,3,55
1226,W2,R3,SKU_A,4,272
1226,W2,R3,SKU_B,4,61
1226,W2,R3,SKU_C,4,177
1226,W2,R3,SKU_D,4,189
1226,W2,R3,SKU_E,4,94
1227,Supplier,W1,SKU_A,5,318
1227,Supplier,W1,SKU_B,5,240
1227,Supplier,W1,SKU_C,5,249
1227,Supplier,W1,SKU_D,5,160
1227,Supplier,W1,SKU_E,5,131
1227,Supplier,W2,SKU_A,6,272
1227,Supplier,W2,SKU_B,6,135
1227,Supplier,W2,SKU_C,6,177
1227,Supplier,W2,SKU_D,6,189
1227,Supplier,W2,SKU_E,6,94
1227,W2,R3,SKU_A,4,186
1227,W2,R3,SKU_B,4,106
1227,W2,R3,SKU_C,4,143
1227,W2,R3,SKU_D,4,109
1227,W2,R3,SKU_E,4,80
1228,Supplier,W1,SKU_A,5,382
1228,Supplier,W1,SKU_B,5,207
1228,Supplier,W1,SKU_C,5,317
1228,Supplier,W1,SKU_D,5,167
1228,Supplier,W1,SKU_E,5,130
1228,Supplier,W2,SKU_A,6,186
1228,Supplier,W2,SKU_B,6,110
1228,Supplier,W2,SKU_C,6,143
1228,Supplier,W2,SKU_D,6,109
1228,Supplier,W2,SKU_E,6,80
1228,W1,R1,SKU_A,2,378
1228,W1,R1,SKU_D,2,175
1228,W1,R1,SKU_E,2,111
1228,W1,R1,SKU_B,2,182
1228,W1,R1,SKU_C,2,321
1228,W1,R2,SKU_D,3,136
1228,W1,R2,SKU_A,3,278
1228,W1,R2,SKU_B,3,97
1228,W1,R2,SKU_C,3,6
1228,W1,R2,SKU_E,3,117
1228,W2,R3,SKU_A,4,156
1228,W2,R3,SKU_B,4,88
1228,W2,R3,SKU_C,4,60
1228,W2,R3,SKU_D,4,90
1228,W2,R3,SKU_E,4,53
1229,Supplier,W2,SKU_A,6,156
1229,Supplier,W2,SKU_B,6,80
1229,Supplier,W2,SKU_C,6,60
1229,Supplier,W2,SKU_D,6,90
1229,Supplier,W2,SKU_E,6,53
1229,W2,R3,SKU_A,4,133
1229,W2,R3,SKU_B,4,91
1229,W2,R3,SKU_C,4,80
1229,W2,R3,SKU_D,4,85
1229,W2,R3,SKU_E,4,65
1230,Supplier,W1,SKU_A,5,524
1230,Supplier,W1,SKU_B,5,253
1230,Supplier,W1,SKU_C,5,418
1230,Supplier,W1,SKU_D,5,242
1230,Supplier,W1,SKU_E,5,175
1230,Supplier,W2,SKU_A,6,133
1230,Supplier,W2,SKU_B,6,81
1230,Supplier,W2,SKU_C,6,80
1230,Supplier,W2,SKU_D,6,85
1230,Supplier,W2,SKU_E,6,65
1230,W1,R1,SKU_D,2,118
1230,W1,R1,SKU_E,2,88
1230,W1,R1,SKU_A,2,253
1230,W1,R1,SKU_B,2,124
1230,W1,R1,SKU_C,2,205
1230,W1,R2,SKU_E,3,87
1230,W1,R2,SKU_A,3,239
1230,W1,R2,SKU_B,3,154
1230,W1,R2,SKU_C,3,181
1230,W1,R2,SKU_D,3,92
1230,W2,R3,SKU_A,4,155
1230,W2,R3,SKU_B,4,65
1230,W2,R3,SKU_C,4,119
1230,W2,R3,SKU_D,4,73
1230,W2,R3,SKU_E,4,75
1231,Supplier,W2,SKU_A,6,155
1231,Supplier,W2,SKU_B,6,85
1231,Supplier,W2,SKU_C,6,119
1231,Supplier,W2,SKU_D,6,73
1231,Supplier,W2,SKU_E,6,75
1231,W1,R1,SKU_A,2,114
1231,W1,R1,SKU_B,2,101
1231,W1,R1,SKU_C,2,102
1231,W1,R1,SKU_D,2,45
1231,W1,R1,SKU_E,2,56
1231,W1,R2,SKU_A,3,106
1231,W1,R2,SKU_B,3,116
1231,W1,R2,SKU_C,3,105
1231,W1,R2,SKU_D,3,59
1231,W1,R2,SKU_E,3,59
1231,W2,R3,SKU_A,4,187
1231,W2,R3,SKU_B,4,96
1231,W2,R3,SKU_C,4,117
1231,W2,R3,SKU_D,4,87
1231,W2,R3,SKU_E,4,60
1232,Supplier,W1,SKU_A,5,462
1232,Supplier,W1,SKU_B,5,284
1232,Supplier,W1,SKU_C,5,337
1232,Supplier,W1,SKU_D,5,216
1232,Supplier,W1,SKU_E,5,213
1232,Supplier,W2,SKU_A,6,187
1232,Supplier,W2,SKU_B,6,105
1232,Supplier,W2,SKU_C,6,117
1232,Supplier,W2,SKU_D,6,87
1232,Supplier,W2,SKU_E,6,60
1232,W1,R1,SKU_A,2,184
1232,W1,R1,SKU_B,2,102
1232,W1,R1,SKU_C,2,115
1232,W1,R1,SKU_D,2,60
1232,W1,R1,SKU_E,2,58
1232,W1,R2,SKU_A,3,131
1232,W1,R2,SKU_B,3,112
1232,W1,R2,SKU_C,3,134
1232,W1,R2,SKU_D,3,48
1232,W1,R2,SKU_E,3,49
1232,W2,R3,SKU_A,4,175
1232,W2,R3,SKU_B,4,140
1232,W2,R3,SKU_C,4,158
1232,W2,R3,SKU_D,4,101
1232,W2,R3,SKU_E,4,61
1233,Supplier,W2,SKU_A,6,175
1233,Supplier,W2,SKU_B,6,91
1233,Supplier,W2,SKU_C,6,158
1233,Supplier,W2,SKU_D,6,101
1233,Supplier,W2,SKU_E,6,61
1233,W1,R1,SKU_A,2,196
1233,W1,R1,SKU_B,2,162
1233,W1,R1,SKU_C,2,137
1233,W1,R1,SKU_D,2,82
1233,W1,R1,SKU_E,2,87
1233,W1,R2,SKU_A,3,132
1233,W1,R2,SKU_B,3,71
1233,W1,R2,SKU_C,3,180
1233,W1,R2,SKU_D,3,72
1233,W1,R2,SKU_E,3,46
1233,W2,R3,SKU_A,4,302
1233,W2,R3,SKU_B,4,135
1233,W2,R3,SKU_C,4,210
1233,W2,R3,SKU_D,4,155
1233,W2,R3,SKU_E,4,81
1234,Supplier,W1,SKU_A,5,643
1234,Supplier,W1,SKU_B,5,428
1234,Supplier,W1,SKU_C,5,445
1234,Supplier,W1,SKU_D,5,262
1234,Supplier,W1,SKU_E,5,240
1234,Supplier,W2,SKU_A,6,302
1234,Supplier,W2,SKU_B,6,102
1234,Supplier,W2,SKU_C,6,210
1234,Supplier,W2,SKU_D,6,155
1234,Supplier,W2,SKU_E,6,81
1234,W2,R3,SKU_A,4,245
1234,W2,R3,SKU_B,4,110
1234,W2,R3,SKU_C,4,195
1234,W2,R3,SKU_D,4,153
1234,W2,R3,SKU_E,4,79
1235,Supplier,W2,SKU_A,6,245
1235,Supplier,W2,SKU_B,6,117
1235,Supplier,W2,SKU_C,6,195
1235,Supplier,W2,SKU_D,6,153
1235,Supplier,W2,SKU_E,6,79
1235,W1,R1,SKU_A,2,295
1235,W1,R1,SKU_D,2,164
1235,W1,R1,SKU_E,2,110
1235,W1,R1,SKU_B,2,147
1235,W1,R1,SKU_C,2,215
1235,W1,R2,SKU_D,3,91
1235,W1,R2,SKU_E,3,113
1235,W1,R2,SKU_A,3,204
1235,W1,R2,SKU_B,3,106
1235,W1,R2,SKU_C,3,203
1235,W2,R3,SKU_A,4,180
1235,W2,R3,SKU_B,4,80
1235,W2,R3,SKU_C,4,145
1235,W2,R3,SKU_D,4,90
1235,W2,R3,SKU_E,4,69
1236,Supplier,W1,SKU_A,5,499
1236,Supplier,W1,SKU_B,5,282
1236,Supplier,W1,SKU_C,5,344
1236,Supplier,W1,SKU_D,5,255
1236,Supplier,W1,SKU_E,5,223
1236,Supplier,W2,SKU_A,6,180
1236,Supplier,W2,SKU_B,6,77
1236,Supplier,W2,SKU_C,6,145
1236,Supplier,W2,SKU_D,6,90
1236,Supplier,W2,SKU_E,6,69
1236,W2,R3,SKU_A,4,153
1236,W2,R3,SKU_B,4,81
1236,W2,R3,SKU_C,4,112
1236,W2,R3,SKU_D,4,93
1236,W2,R3,SKU_E,4,67
1237,Supplier,W2,SKU_A,6,153
1237,Supplier,W2,SKU_B,6,73
1237,Supplier,W2,SKU_C,6,112
1237,Supplier,W2,SKU_D,6,93
1237,Supplier,W2,SKU_E,6,67
1237,W1,R1,SKU_A,2,260
1237,W1,R1,SKU_D,2,80
1237,W1,R1,SKU_E,2,96
1237,W1,R1,SKU_B,2,157
1237,W1,R1,SKU_C,2,175
1237,W1,R2,SKU_A,3,207
1237,W1,R2,SKU_D,3,77
1237,W1,R2,SKU_E,3,100
1237,W1,R2,SKU_B,3,127
1237,W1,R2,SKU_C,3,161
1237,W2,R3,SKU_A,4,172
1237,W2,R3,SKU_B,4,67
1237,W2,R3,SKU_C,4,80
1237,W2,R3,SKU_D,4,86
1237,W2,R3,SKU_E,4,43
1238,Supplier,W1,SKU_A,5,467
1238,Supplier,W1,SKU_B,5,287
1238,Supplier,W1,SKU_C,5,303
1238,Supplier,W1,SKU_D,5,157
1238,Supplier,W1,SKU_E,5,196
1238,Supplier,W2,SKU_A,6,172
1238,Supplier,W2,SKU_B,6,56
1238,Supplier,W2,SKU_C,6,80
1238,Supplier,W2,SKU_D,6,86
1238,Supplier,W2,SKU_E,6,43
1238,W1,R2,SKU_D,3,52
1238,W1,R2,SKU_E,3,40
1238,W2,R3,SKU_A,4,193
1238,W2,R3,SKU_B,4,98
1238,W2,R3,SKU_C,4,76
1238,W2,R3,SKU_D,4,95
1238,W2,R3,SKU_E,4,39
1239,Supplier,W2,SKU_A,6,193
1239,Supplier,W2,SKU_B,6,98
1239,Supplier,W2,SKU_C,6,76
1239,Supplier,W2,SKU_D,6,95
1239,Supplier,W2,SKU_E,6,39
1239,W1,R1,SKU_A,2,292
1239,W1,R1,SKU_C,2,241
1239,W1,R1,SKU_D,2,133
1239,W1,R1,SKU_E,2,118
1239,W1,R1,SKU_B,2,201
1239,W1,R2,SKU_A,3,245
1239,W1,R2,SKU_B,3,188
1239,W1,R2,SKU_C,3,159
1239,W1,R2,SKU_D,3,56
1239,W1,R2,SKU_E,3,60
1239,W2,R3,SKU_A,4,182
1239,W2,R3,SKU_B,4,116
1239,W2,R3,SKU_C,4,94
1239,W2,R3,SKU_D,4,103
1239,W2,R3,SKU_E,4,74
1240,Supplier,W1,SKU_A,5,537
1240,Supplier,W1,SKU_B,5,334
1240,Supplier,W1,SKU_C,5,400
1240,Supplier,W1,SKU_D,5,241
1240,Supplier,W1,SKU_E,5,218
1240,Supplier,W2,SKU_A,6,182
1240,Supplier,W2,SKU_B,6,120
1240,Supplier,W2,SKU_C,6,94
1240,Supplier,W2,SKU_D,6,103
1240,Supplier,W2,SKU_E,6,74
1240,W1,R1,SKU_A,2,180
1240,W1,R1,SKU_B,2,39
1240,W1,R1,SKU_C,2,46
1240,W1,R1,SKU_D,2,90
1240,W1,R1,SKU_E,2,79
1240,W1,R2,SKU_A,3,53
1240,W1,R2,SKU_D,3,39
1240,W1,R2,SKU_E,3,33
1240,W2,R3,SKU_A,4,216
1240,W2,R3,SKU_B,4,102
1240,W2,R3,SKU_C,4,145
1240,W2,R3,SKU_D,4,90
1240,W2,R3,SKU_E,4,60
1241,Supplier,W1,SKU_A,5,287
1241,Supplier,W1,SKU_B,5,196
1241,Supplier,W1,SKU_C,5,208
1241,Supplier,W1,SKU_D,5,129
1241,Supplier,W1,SKU_E,5,128
1241,Supplier,W2,SKU_A,6,216
1241,Supplier,W2,SKU_B,6,103
1241,Supplier,W2,SKU_C,6,145
1241,Supplier,W2,SKU_D,6,90
1241,Supplier,W2,SKU_E,6,60
1241,W1,R1,SKU_A,2,198
1241,W1,R1,SKU_B,2,208
1241,W1,R1,SKU_C,2,215
1241,W1,R1,SKU_D,2,77
1241,W1,R1,SKU_E,2,77
1241,W1,R2,SKU_A,3,169
1241,W1,R2,SKU_B,3,74
1241,W1,R2,SKU_C,3,129
1241,W1,R2,SKU_D,3,59
1241,W1,R2,SKU_E,3,60
1241,W2,R3,SKU_A,4,180
1241,W2,R3,SKU_B,4,90
1241,W2,R3,SKU_C,4,107
1241,W2,R3,SKU_D,4,112
1241,W2,R3,SKU_E,4,64
1242,Supplier,W2,SKU_A,6,180
1242,Supplier,W2,SKU_B,6,85
1242,Supplier,W2,SKU_C,6,107
1242,Supplier,W2,SKU_D,6,112
1242,Supplier,W2,SKU_E,6,64
1243,Supplier,W1,SKU_A,5,540
1243,Supplier,W1,SKU_B,5,312
1243,Supplier,W1,SKU_C,5,331
1243,Supplier,W1,SKU_D,5,217
1243,Supplier,W1,SKU_E,5,218
1243,Supplier,W2,SKU_A,6,156
1243,Supplier,W2,SKU_B,6,67
1243,Supplier,W2,SKU_C,6,82
1243,Supplier,W2,SKU_D,6,56
1243,Supplier,W2,SKU_E,6,48
1243,W1,R1,SKU_A,2,255
1243,W1,R1,SKU_D,2,94
1243,W1,R1,SKU_E,2,98
1243,W1,R1,SKU_B,2,126
1243,W1,R1,SKU_C,2,156
1243,W1,R2,SKU_D,3,87
1243,W1,R2,SKU_E,3,82
1243,W1,R2,SKU_A,3,185
1243,W1,R2,SKU_B,3,161
1243,W1,R2,SKU_C,3,131
1243,W2,R3,SKU_A,4,299
1243,W2,R3,SKU_B,4,124
1243,W2,R3,SKU_C,4,167
1243,W2,R3,SKU_D,4,118
1243,W2,R3,SKU_E,4,90
1244,Supplier,W2,SKU_A,6,143
1244,Supplier,W2,SKU_B,6,57
1244,Supplier,W2,SKU_C,6,85
1244,Supplier,W2,SKU_D,6,62
1244,Supplier,W2,SKU_E,6,42
1244,W1,R2,SKU_A,3,43
1244,W1,R2,SKU_D,3,31
1244,W1,R2,SKU_E,3,42
1245,Supplier,W1,SKU_A,5,430
1245,Supplier,W1,SKU_B,5,226
1245,Supplier,W1,SKU_C,5,259
1245,Supplier,W1,SKU_D,5,179
1245,Supplier,W1,SKU_E,5,164
1245,Supplier,W2,SKU_A,6,159
1245,Supplier,W2,SKU_B,6,53
1245,Supplier,W2,SKU_C,6,70
1245,Supplier,W2,SKU_D,6,61
1245,Supplier,W2,SKU_E,6,42
1245,W1,R1,SKU_A,2,234
1245,W1,R1,SKU_C,2,144
1245,W1,R1,SKU_D,2,93
1245,W1,R1,SKU_E,2,86
1245,W1,R1,SKU_B,2,133
1245,W1,R2,SKU_A,3,156
1245,W1,R2,SKU_B,3,123
1245,W1,R2,SKU_C,3,109
1245,W1,R2,SKU_D,3,36
1245,W1,R2,SKU_E,3,41
1245,W2,R3,SKU_A,4,309
1245,W2,R3,SKU_B,4,112
1245,W2,R3,SKU_C,4,149
1245,W2,R3,SKU_D,4,113
1245,W2,R3,SKU_E,4,83
1246,Supplier,W2,SKU_A,6,150
1246,Supplier,W2,SKU_B,6,59
1246,Supplier,W2,SKU_C,6,79
1246,Supplier,W2,SKU_D,6,52
1246,Supplier,W2,SKU_E,6,41
1246,W1,R1,SKU_A,2,187
1246,W1,R1,SKU_B,2,104
1246,W1,R1,SKU_C,2,90
1246,W1,R1,SKU_D,2,64
1246,W1,R1,SKU_E,2,46
1246,W1,R2,SKU_A,3,104
1246,W1,R2,SKU_B,3,60
1246,W1,R2,SKU_C,3,66
1246,W1,R2,SKU_D,3,42
1246,W1,R2,SKU_E,3,52
1246,W2,R3,SKU_A,4,237
1246,W2,R3,SKU_B,4,83
1246,W2,R3,SKU_C,4,129
1246,W2,R3,SKU_D,4,94
1246,W2,R3,SKU_E,4,64
1247,Supplier,W1,SKU_A,5,507
1247,Supplier,W1,SKU_B,5,294
1247,Supplier,W1,SKU_C,5,288
1247,Supplier,W1,SKU_D,5,187
1247,Supplier,W1,SKU_E,5,186
1247,Supplier,W2,SKU_A,6,237
1247,Supplier,W2,SKU_B,6,83
1247,Supplier,W2,SKU_C,6,129
1247,Supplier,W2,SKU_D,6,94
1247,Supplier,W2,SKU_E,6,64
1247,W1,R1,SKU_A,2,166
1247,W1,R1,SKU_B,2,110
1247,W1,R1,SKU_C,2,129
1247,W1,R1,SKU_D,2,81
1247,W1,R1,SKU_E,2,76
1247,W1,R2,SKU_A,3,93
1247,W1,R2,SKU_C,3,84
1247,W1,R2,SKU_D,3,59
1247,W1,R2,SKU_E,3,52
1247,W2,R3,SKU_A,4,209
1247,W2,R3,SKU_B,4,98
1247,W2,R3,SKU_C,4,130
1247,W2,R3,SKU_D,4,104
1247,W2,R3,SKU_E,4,59
1248,Supplier,W1,SKU_A,5,295
1248,Supplier,W1,SKU_B,5,209
1248,Supplier,W1,SKU_C,5,213
1248,Supplier,W1,SKU_D,5,140
1248,Supplier,W1,SKU_E,5,128
1248,Supplier,W2,SKU_A,6,209
1248,Supplier,W2,SKU_B,6,98
1248,Supplier,W2,SKU_C,6,130
1248,Supplier,W2,SKU_D,6,104
1248,Supplier,W2,SKU_E,6,59
1248,W1,R1,SKU_A,2,220
1248,W1,R1,SKU_B,2,143
1248,W1,R1,SKU_C,2,146
1248,W1,R1,SKU_D,2,67
1248,W1,R1,SKU_E,2,61
1248,W1,R2,SKU_A,3,157
1248,W1,R2,SKU_B,3,169
1248,W1,R2,SKU_C,3,94
1248,W1,R2,SKU_D,3,48
1248,W1,R2,SKU_E,3,53
1248,W2,R3,SKU_A,4,225
1248,W2,R3,SKU_B,4,109
1248,W2,R3,SKU_C,4,151
1248,W2,R3,SKU_D,4,109
1248,W2,R3,SKU_E,4,70
1249,Supplier,W1,SKU_A,5,341
1249,Supplier,W1,SKU_B,5,219
1249,Supplier,W1,SKU_C,5,240
1249,Supplier,W1,SKU_D,5,115
1249,Supplier,W1,SKU_E,5,114
1249,Supplier,W2,SKU_A,6,225
1249,Supplier,W2,SKU_B,6,109
1249,Supplier,W2,SKU_C,6,151
1249,Supplier,W2,SKU_D,6,109
1249,Supplier,W2,SKU_E,6,70
1249,W1,R2,SKU_A,3,4
1249,W1,R2,SKU_C,3,15
1249,W1,R2,SKU_D,3,58
1249,W1,R2,SKU_E,3,66
1249,W2,R3,SKU_A,4,166
1249,W2,R3,SKU_B,4,81
1249,W2,R3,SKU_C,4,83
1249,W2,R3,SKU_D,4,90
1249,W2,R3,SKU_E,4,71
1250,Supplier,W2,SKU_A,6,166
1250,Supplier,W2,SKU_B,6,81
1250,Supplier,W2,SKU_C,6,83
1250,Supplier,W2,SKU_D,6,90
1250,Supplier,W2,SKU_E,6,71
1250,W1,R1,SKU_A,2,327
1250,W1,R1,SKU_C,2,190
1250,W1,R1,SKU_D,2,114
1250,W1,R1,SKU_E,2,112
1250,W1,R1,SKU_B,2,170
1250,W1,R2,SKU_A,3,239
1250,W1,R2,SKU_B,3,56
1250,W1,R2,SKU_C,3,147
1250,W1,R2,SKU_D,3,55
1250,W1,R2,SKU_E,3,55
1250,W2,R3,SKU_A,4,182
1250,W2,R3,SKU_B,4,111
1250,W2,R3,SKU_C,4,96
1250,W2,R3,SKU_D,4,96
1250,W2,R3,SKU_E,4,68
1251,Supplier,W1,SKU_A,5,570
1251,Supplier,W1,SKU_B,5,303
1251,Supplier,W1,SKU_C,5,371
1251,Supplier,W1,SKU_D,5,227
1251,Supplier,W1,SKU_E,5,233
1251,Supplier,W2,SKU_A,6,182
1251,Supplier,W2,SKU_B,6,111
1251,Supplier,W2,SKU_C,6,96
1251,Supplier,W2,SKU_D,6,96
1251,Supplier,W2,SKU_E,6,68
1251,W2,R3,SKU_A,4,221
1251,W2,R3,SKU_B,4,90
1251,W2,R3,SKU_C,4,127
1251,W2,R3,SKU_D,4,86
1251,W2,R3,SKU_E,4,75
1252,Supplier,W2,SKU_A,6,221
1252,Supplier,W2,SKU_B,6,90
1252,Supplier,W2,SKU_C,6,127
1252,Supplier,W2,SKU_D,6,86
1252,Supplier,W2,SKU_E,6,75
1252,W1,R1,SKU_A,2,404
1252,W1,R1,SKU_D,2,122
1252,W1,R1,SKU_E,2,136
1252,W1,R1,SKU_B,2,190
1252,W1,R1,SKU_C,2,222
1252,W1,R2,SKU_D,3,117
1252,W1,R2,SKU_E,3,138
1252,W1,R2,SKU_A,3,126
1252,W1,R2,SKU_B,3,104
1252,W1,R2,SKU_C,3,66
1252,W2,R3,SKU_A,4,273
1252,W2,R3,SKU_B,4,67
1252,W2,R3,SKU_C,4,155
1252,W2,R3,SKU_D,4,119
1252,W2,R3,SKU_E,4,107
1253,Supplier,W1,SKU_A,5,679
1253,Supplier,W1,SKU_B,5,289
1253,Supplier,W1,SKU_C,5,380
1253,Supplier,W1,SKU_D,5,239
1253,Supplier,W1,SKU_E,5,275
1253,Supplier,W2,SKU_A,6,273
1253,Supplier,W2,SKU_B,6,117
1253,Supplier,W2,SKU_C,6,155
1253,Supplier,W2,SKU_D,6,119
1253,Supplier,W2,SKU_E,6,107
1253,W1,R1,SKU_A,2,233
1253,W1,R1,SKU_B,2,133
1253,W1,R1,SKU_C,2,119
1253,W1,R1,SKU_D,2,68
1253,W1,R1,SKU_E,2,79
1253,W1,R2,SKU_A,3,62
1253,W1,R2,SKU_B,3,76
1253,W1,R2,SKU_C,3,94
1253,W1,R2,SKU_D,3,61
1253,W1,R2,SKU_E,3,49
1253,W2,R3,SKU_A,4,308
1253,W2,R3,SKU_B,4,83
1253,W2,R3,SKU_C,4,151
1253,W2,R3,SKU_D,4,128
1253,W2,R3,SKU_E,4,67
1254,Supplier,W1,SKU_A,5,394
1254,Supplier,W1,SKU_B,5,204
1254,Supplier,W1,SKU_C,5,204
1254,Supplier,W1,SKU_D,5,129
1254,Supplier,W1,SKU_E,5,150
1254,Supplier,W2,SKU_A,6,308
1254,Supplier,W2,SKU_B,6,108
1254,Supplier,W2,SKU_C,6,151
1254,Supplier,W2,SKU_D,6,128
1254,Supplier,W2,SKU_E,6,67
1254,W1,R1,SKU_A,2,179
1254,W1,R1,SKU_B,2,128
1254,W1,R1,SKU_C,2,88
1254,W1,R1,SKU_D,2,71
1254,W1,R1,SKU_E,2,56
1254,W1,R2,SKU_A,3,162
1254,W1,R2,SKU_B,3,91
1254,W1,R2,SKU_C,3,152
1254,W1,R2,SKU_D,3,55
1254,W1,R2,SKU_E,3,58
1254,W2,R3,SKU_A,4,247
1254,W2,R3,SKU_B,4,98
1254,W2,R3,SKU_C,4,102
1254,W2,R3,SKU_D,4,104
1254,W2,R3,SKU_E,4,64
1255,Supplier,W1,SKU_A,5,281
1255,Supplier,W1,SKU_B,5,219
1255,Supplier,W1,SKU_C,5,187
1255,Supplier,W1,SKU_D,5,126
1255,Supplier,W1,SKU_E,5,119
1255,Supplier,W2,SKU_A,6,247
1255,Supplier,W2,SKU_B,6,127
1255,Supplier,W2,SKU_C,6,102
1255,Supplier,W2,SKU_D,6,104
1255,Supplier,W2,SKU_E,6,64
1255,W2,R3,SKU_A,4,253
1255,W2,R3,SKU_B,4,109
1255,W2,R3,SKU_C,4,127
1255,W2,R3,SKU_D,4,96
1255,W2,R3,SKU_E,4,78
1256,Supplier,W1,SKU_A,5,354
1256,Supplier,W1,SKU_B,5,232
1256,Supplier,W1,SKU_C,5,208
1256,Supplier,W1,SKU_D,5,128
1256,Supplier,W1,SKU_E,5,132
1256,Supplier,W2,SKU_A,6,253
1256,Supplier,W2,SKU_B,6,122
1256,Supplier,W2,SKU_C,6,127
1256,Supplier,W2,SKU_D,6,96
1256,Supplier,W2,SKU_E,6,78
1256,W1,R1,SKU_D,2,171
1256,W1,R1,SKU_A,2,403
1256,W1,R1,SKU_B,2,248
1256,W1,R1,SKU_C,2,164
1256,W1,R1,SKU_E,2,119
1256,W1,R2,SKU_D,3,93
1256,W1,R2,SKU_A,3,167
1256,W1,R2,SKU_B,3,55
1256,W1,R2,SKU_C,3,207
1256,W1,R2,SKU_E,3,114
1256,W2,R3,SKU_A,4,217
1256,W2,R3,SKU_B,4,81
1256,W2,R3,SKU_C,4,118
1256,W2,R3,SKU_D,4,109
1256,W2,R3,SKU_E,4,55
1257,Supplier,W2,SKU_A,6,217
1257,Supplier,W2,SKU_B,6,103
1257,Supplier,W2,SKU_C,6,118
1257,Supplier,W2,SKU_D,6,109
1257,Supplier,W2,SKU_E,6,55
1257,W2,R3,SKU_A,4,206
1257,W2,R3,SKU_B,4,111
1257,W2,R3,SKU_C,4,91
1257,W2,R3,SKU_D,4,84
1257,W2,R3,SKU_E,4,76
1258,Supplier,W1,SKU_A,5,520
1258,Supplier,W1,SKU_B,5,332
1258,Supplier,W1,SKU_C,5,254
1258,Supplier,W1,SKU_D,5,221
1258,Supplier,W1,SKU_E,5,250
1258,Supplier,W2,SKU_A,6,206
1258,Supplier,W2,SKU_B,6,104
1258,Supplier,W2,SKU_C,6,91
1258,Supplier,W2,SKU_D,6,84
1258,Supplier,W2,SKU_E,6,76
1258,W1,R1,SKU_D,2,117
1258,W1,R1,SKU_A,2,350
1258,W1,R1,SKU_B,2,174
1258,W1,R1,SKU_C,2,193
1258,W1,R1,SKU_E,2,92
1258,W1,R2,SKU_D,3,75
1258,W1,R2,SKU_A,3,329
1258,W1,R2,SKU_B,3,115
1258,W1,R2,SKU_C,3,162
1258,W1,R2,SKU_E,3,183
1258,W2,R3,SKU_A,4,225
1258,W2,R3,SKU_B,4,90
1258,W2,R3,SKU_C,4,135
1258,W2,R3,SKU_D,4,81
1258,W2,R3,SKU_E,4,56
1259,Supplier,W2,SKU_A,6,225
1259,Supplier,W2,SKU_B,6,83
1259,Supplier,W2,SKU_C,6,135
1259,Supplier,W2,SKU_D,6,81
1259,Supplier,W2,SKU_E,6,56
1259,W1,R1,SKU_A,2,160
1259,W1,R1,SKU_B,2,67
1259,W1,R1,SKU_C,2,126
1259,W1,R1,SKU_D,2,55
1259,W1,R1,SKU_E,2,49
1259,W1,R2,SKU_A,3,230
1259,W1,R2,SKU_B,3,137
1259,W1,R2,SKU_C,3,69
1259,W1,R2,SKU_D,3,56
1259,W1,R2,SKU_E,3,70
1259,W2,R3,SKU_A,4,250
1259,W2,R3,SKU_B,4,117
1259,W2,R3,SKU_C,4,128
1259,W2,R3,SKU_D,4,114
1259,W2,R3,SKU_E,4,54
1260,Supplier,W1,SKU_A,5,577
1260,Supplier,W1,SKU_B,5,290
1260,Supplier,W1,SKU_C,5,410
1260,Supplier,W1,SKU_D,5,218
1260,Supplier,W1,SKU_E,5,217
1260,Supplier,W2,SKU_A,6,250
1260,Supplier,W2,SKU_B,6,82
1260,Supplier,W2,SKU_C,6,128
1260,Supplier,W2,SKU_D,6,114
1260,Supplier,W2,SKU_E,6,54
1260,W1,R1,SKU_A,2,174
1260,W1,R1,SKU_B,2,77
1260,W1,R1,SKU_C,2,126
1260,W1,R1,SKU_D,2,77
1260,W1,R1,SKU_E,2,46
1260,W1,R2,SKU_A,3,111
1260,W1,R2,SKU_B,3,142
1260,W1,R2,SKU_C,3,68
1260,W1,R2,SKU_D,3,36
1260,W1,R2,SKU_E,3,79
1260,W2,R3,SKU_A,4,252
1260,W2,R3,SKU_B,4,108
1260,W2,R3,SKU_C,4,154
1260,W2,R3,SKU_D,4,147
1260,W2,R3,SKU_E,4,92
1261,Supplier,W2,SKU_A,6,252
1261,Supplier,W2,SKU_B,6,93
1261,Supplier,W2,SKU_C,6,154
1261,Supplier,W2,SKU_D,6,147
1261,Supplier,W2,SKU_E,6,92
1261,W1,R1,SKU_A,2,210
1261,W1,R1,SKU_B,2,106
1261,W1,R1,SKU_C,2,162
1261,W1,R1,SKU_D,2,88
1261,W1,R1,SKU_E,2,62
1261,W1,R2,SKU_A,3,139
1261,W1,R2,SKU_B,3,126
1261,W1,R2,SKU_C,3,64
1261,W1,R2,SKU_D,3,43
1261,W1,R2,SKU_E,3,62
1261,W2,R3,SKU_A,4,302
1261,W2,R3,SKU_B,4,127
1261,W2,R3,SKU_C,4,176
1261,W2,R3,SKU_D,4,137
1261,W2,R3,SKU_E,4,80
1262,Supplier,W1,SKU_A,5,634
1262,Supplier,W1,SKU_B,5,340
1262,Supplier,W1,SKU_C,5,420
1262,Supplier,W1,SKU_D,5,244
1262,Supplier,W1,SKU_E,5,249
1262,Supplier,W2,SKU_A,6,302
1262,Supplier,W2,SKU_B,6,144
1262,Supplier,W2,SKU_C,6,176
1262,Supplier,W2,SKU_D,6,137
1262,Supplier,W2,SKU_E,6,80
1262,W2,R3,SKU_A,4,211
1262,W2,R3,SKU_B,4,122
1262,W2,R3,SKU_C,4,122
1262,W2,R3,SKU_D,4,103
1262,W2,R3,SKU_E,4,91
1263,Supplier,W1,SKU_A,5,380
1263,Supplier,W1,SKU_B,5,195
1263,Supplier,W1,SKU_C,5,241
1263,Supplier,W1,SKU_D,5,139
1263,Supplier,W1,SKU_E,5,137
1263,Supplier,W2,SKU_A,6,211
1263,Supplier,W2,SKU_B,6,164
1263,Supplier,W2,SKU_C,6,122
1263,Supplier,W2,SKU_D,6,103
1263,Supplier,W2,SKU_E,6,91
1263,W1,R1,SKU_A,2,436
1263,W1,R1,SKU_C,2,238
1263,W1,R1,SKU_D,2,152
1263,W1,R1,SKU_E,2,119
1263,W1,R1,SKU_B,2,172
1263,W1,R2,SKU_D,3,75
1263,W1,R2,SKU_A,3,89
1263,W1,R2,SKU_B,3,160
1263,W1,R2,SKU_C,3,25
1263,W1,R2,SKU_E,3,133
1263,W2,R3,SKU_A,4,195
1263,W2,R3,SKU_B,4,103
1263,W2,R3,SKU_C,4,94
1263,W2,R3,SKU_D,4,91
1263,W2,R3,SKU_E,4,70
1264,Supplier,W2,SKU_A,6,195
1264,Supplier,W2,SKU_B,6,118
1264,Supplier,W2,SKU_C,6,94
1264,Supplier,W2,SKU_D,6,91
1264,Supplier,W2,SKU_E,6,70
1264,W2,R3,SKU_A,4,187
1264,W2,R3,SKU_B,4,104
1264,W2,R3,SKU_C,4,85
1264,W2,R3,SKU_D,4,74
1264,W2,R3,SKU_E,4,62
1265,Supplier,W1,SKU_A,5,656
1265,Supplier,W1,SKU_B,5,251
1265,Supplier,W1,SKU_C,5,353
1265,Supplier,W1,SKU_D,5,181
1265,Supplier,W1,SKU_E,5,224
1265,Supplier,W2,SKU_A,6,187
1265,Supplier,W2,SKU_B,6,70
1265,Supplier,W2,SKU_C,6,85
1265,Supplier,W2,SKU_D,6,74
1265,Supplier,W2,SKU_E,6,62
1265,W1,R1,SKU_D,2,93
1265,W1,R1,SKU_E,2,87
1265,W1,R1,SKU_A,2,342
1265,W1,R1,SKU_B,2,143
1265,W1,R1,SKU_C,2,219
1265,W1,R2,SKU_D,3,95
1265,W1,R2,SKU_A,3,235
1265,W1,R2,SKU_B,3,126
1265,W1,R2,SKU_C,3,191
1265,W1,R2,SKU_E,3,111
1265,W2,R3,SKU_A,4,176
1265,W2,R3,SKU_B,4,83
1265,W2,R3,SKU_C,4,87
1265,W2,R3,SKU_D,4,80
1265,W2,R3,SKU_E,4,55
1266,Supplier,W2,SKU_A,6,176
1266,Supplier,W2,SKU_B,6,49
1266,Supplier,W2,SKU_C,6,87
1266,Supplier,W2,SKU_D,6,80
1266,Supplier,W2,SKU_E,6,55
1266,W2,R3,SKU_A,4,191
1266,W2,R3,SKU_B,4,82
1266,W2,R3,SKU_C,4,82
1266,W2,R3,SKU_D,4,91
1266,W2,R3,SKU_E,4,66
1267,Supplier,W1,SKU_A,5,535
1267,Supplier,W1,SKU_B,5,259
1267,Supplier,W1,SKU_C,5,258
1267,Supplier,W1,SKU_D,5,187
1267,Supplier,W1,SKU_E,5,207
1267,Supplier,W2,SKU_A,6,191
1267,Supplier,W2,SKU_B,6,92
1267,Supplier,W2,SKU_C,6,82
1267,Supplier,W2,SKU_D,6,91
1267,Supplier,W2,SKU_E,6,66
1267,W1,R1,SKU_B,2,162
1267,W1,R1,SKU_D,2,129
1267,W1,R1,SKU_E,2,105
1267,W1,R1,SKU_A,2,391
1267,W1,R1,SKU_C,2,188
1267,W1,R2,SKU_D,3,97
1267,W1,R2,SKU_E,3,138
1267,W1,R2,SKU_A,3,243
1267,W1,R2,SKU_B,3,143
1267,W1,R2,SKU_C,3,173
1267,W2,R3,SKU_A,4,255
1267,W2,R3,SKU_B,4,93
1267,W2,R3,SKU_C,4,101
1267,W2,R3,SKU_D,4,91
1267,W2,R3,SKU_E,4,72
1268,Supplier,W1,SKU_A,5,363
1268,Supplier,W1,SKU_B,5,181
1268,Supplier,W1,SKU_C,5,182
1268,Supplier,W1,SKU_D,5,134
1268,Supplier,W1,SKU_E,5,125
1268,Supplier,W2,SKU_A,6,255
1268,Supplier,W2,SKU_B,6,76
1268,Supplier,W2,SKU_C,6,101
1268,Supplier,W2,SKU_D,6,91
1268,Supplier,W2,SKU_E,6,72
1268,W1,R1,SKU_A,2,276
1268,W1,R1,SKU_B,2,126
1268,W1,R1,SKU_C,2,155
1268,W1,R1,SKU_D,2,96
1268,W1,R1,SKU_E,2,62
1268,W1,R2,SKU_A,3,104
1268,W1,R2,SKU_B,3,100
1268,W1,R2,SKU_C,3,80
1268,W1,R2,SKU_D,3,46
1268,W1,R2,SKU_E,3,75
1268,W2,R3,SKU_A,4,268
1268,W2,R3,SKU_B,4,144
1268,W2,R3,SKU_C,4,128
1268,W2,R3,SKU_D,4,113
1268,W2,R3,SKU_E,4,95
1269,Supplier,W1,SKU_A,5,400
1269,Supplier,W1,SKU_B,5,226
1269,Supplier,W1,SKU_C,5,235
1269,Supplier,W1,SKU_D,5,142
1269,Supplier,W1,SKU_E,5,137
1269,Supplier,W2,SKU_A,6,268
1269,Supplier,W2,SKU_B,6,143
1269,Supplier,W2,SKU_C,6,128
1269,Supplier,W2,SKU_D,6,113
1269,Supplier,W2,SKU_E,6,95
1269,W2,R3,SKU_A,4,225
1269,W2,R3,SKU_B,4,164
1269,W2,R3,SKU_C,4,119
1269,W2,R3,SKU_D,4,92
1269,W2,R3,SKU_E,4,81
1270,Supplier,W1,SKU_A,5,449
1270,Supplier,W1,SKU_B,5,223
1270,Supplier,W1,SKU_C,5,244
1270,Supplier,W1,SKU_D,5,164
1270,Supplier,W1,SKU_E,5,119
1270,Supplier,W2,SKU_A,6,225
1270,Supplier,W2,SKU_B,6,128
1270,Supplier,W2,SKU_C,6,119
1270,Supplier,W2,SKU_D,6,92
1270,Supplier,W2,SKU_E,6,81
1270,W1,R1,SKU_B,2,248
1270,W1,R1,SKU_C,2,281
1270,W1,R1,SKU_D,2,191
1270,W1,R1,SKU_E,2,131
1270,W1,R1,SKU_A,2,467
1270,W1,R2,SKU_D,3,98
1270,W1,R2,SKU_A,3,189
1270,W1,R2,SKU_B,3,28
1270,W1,R2,SKU_C,3,121
1270,W1,R2,SKU_E,3,116
1270,W2,R3,SKU_A,4,183
1270,W2,R3,SKU_B,4,118
1270,W2,R3,SKU_C,4,99
1270,W2,R3,SKU_D,4,105
1270,W2,R3,SKU_E,4,65
1271,Supplier,W2,SKU_A,6,183
1271,Supplier,W2,SKU_B,6,110
1271,Supplier,W2,SKU_C,6,99
1271,Supplier,W2,SKU_D,6,105
1271,Supplier,W2,SKU_E,6,65
1271,W2,R3,SKU_A,4,212
1271,W2,R3,SKU_B,4,70
1271,W2,R3,SKU_C,4,89
1271,W2,R3,SKU_D,4,91
1271,W2,R3,SKU_E,4,68
1272,Supplier,W1,SKU_A,5,587
1272,Supplier,W1,SKU_B,5,311
1272,Supplier,W1,SKU_C,5,314
1272,Supplier,W1,SKU_D,5,224
1272,Supplier,W1,SKU_E,5,214
1272,Supplier,W2,SKU_A,6,212
1272,Supplier,W2,SKU_B,6,101
1272,Supplier,W2,SKU_C,6,89
1272,Supplier,W2,SKU_D,6,91
1272,Supplier,W2,SKU_E,6,68
1272,W1,R1,SKU_C,2,201
1272,W1,R1,SKU_D,2,103
1272,W1,R1,SKU_E,2,79
1272,W1,R1,SKU_A,2,359
1272,W1,R1,SKU_B,2,147
1272,W1,R2,SKU_D,3,83
1272,W1,R2,SKU_A,3,176
1272,W1,R2,SKU_B,3,112
1272,W1,R2,SKU_C,3,73
1272,W1,R2,SKU_E,3,92
1272,W2,R3,SKU_A,4,204
1272,W2,R3,SKU_B,4,49
1272,W2,R3,SKU_C,4,102
1272,W2,R3,SKU_D,4,84
1272,W2,R3,SKU_E,4,53
1273,Supplier,W2,SKU_A,6,204
1273,Supplier,W2,SKU_B,6,83
1273,Supplier,W2,SKU_C,6,102
1273,Supplier,W2,SKU_D,6,84
1273,Supplier,W2,SKU_E,6,53
1273,W1,R1,SKU_A,2,217
1273,W1,R1,SKU_B,2,82
1273,W1,R1,SKU_C,2,117
1273,W1,R1,SKU_D,2,64
1273,W1,R1,SKU_E,2,47
1273,W1,R2,SKU_A,3,146
1273,W1,R2,SKU_B,3,99
1273,W1,R2,SKU_C,3,65
1273,W1,R2,SKU_D,3,38
1273,W1,R2,SKU_E,3,46
1273,W2,R3,SKU_A,4,257
1273,W2,R3,SKU_B,4,92
1273,W2,R3,SKU_C,4,80
1273,W2,R3,SKU_D,4,70
1273,W2,R3,SKU_E,4,58
1274,Supplier,W1,SKU_A,5,650
1274,Supplier,W1,SKU_B,5,277
1274,Supplier,W1,SKU_C,5,370
1274,Supplier,W1,SKU_D,5,189
1274,Supplier,W1,SKU_E,5,178
1274,Supplier,W2,SKU_A,6,257
1274,Supplier,W2,SKU_B,6,104
1274,Supplier,W2,SKU_C,6,80
1274,Supplier,W2,SKU_D,6,70
1274,Supplier,W2,SKU_E,6,58
1274,W1,R1,SKU_A,2,125
1274,W1,R1,SKU_B,2,92
1274,W1,R1,SKU_C,2,153
1274,W1,R1,SKU_D,2,54
1274,W1,R1,SKU_E,2,62
1274,W1,R2,SKU_A,3,275
1274,W1,R2,SKU_B,3,134
1274,W1,R2,SKU_C,3,82
1274,W1,R2,SKU_D,3,43
1274,W1,R2,SKU_E,3,63
1274,W2,R3,SKU_A,4,216
1274,W2,R3,SKU_B,4,76
1274,W2,R3,SKU_C,4,109
1274,W2,R3,SKU_D,4,25
1274,W2,R3,SKU_E,4,77
1275,Supplier,W2,SKU_A,6,216
1275,Supplier,W2,SKU_B,6,107
1275,Supplier,W2,SKU_C,6,109
1275,Supplier,W2,SKU_D,6,25
1275,Supplier,W2,SKU_E,6,77
1275,W1,R1,SKU_A,2,238
1275,W1,R1,SKU_B,2,149
1275,W1,R1,SKU_C,2,202
1275,W1,R1,SKU_D,2,86
1275,W1,R1,SKU_E,2,60
1275,W1,R2,SKU_A,3,211
1275,W1,R2,SKU_B,3,74
1275,W1,R2,SKU_C,3,42
1275,W1,R2,SKU_D,3,40
1275,W1,R2,SKU_E,3,77
1275,W2,R3,SKU_A,4,151
1275,W2,R3,SKU_B,4,143
1275,W2,R3,SKU_C,4,138
1275,W2,R3,SKU_D,4,112
1275,W2,R3,SKU_E,4,79
1276,Supplier,W1,SKU_A,5,641
1276,Supplier,W1,SKU_B,5,442
1276,Supplier,W1,SKU_C,5,548
1276,Supplier,W1,SKU_D,5,223
1276,Supplier,W1,SKU_E,5,262
1276,Supplier,W2,SKU_A,6,151
1276,Supplier,W2,SKU_B,6,116
1276,Supplier,W2,SKU_C,6,138
1276,Supplier,W2,SKU_D,6,112
1276,Supplier,W2,SKU_E,6,79
1276,W1,R2,SKU_D,3,48
1276,W1,R2,SKU_E,3,37
1276,W2,R3,SKU_A,4,167
1276,W2,R3,SKU_B,4,128
1276,W2,R3,SKU_C,4,211
1276,W2,R3,SKU_D,4,105
1276,W2,R3,SKU_E,4,85
1277,Supplier,W1,SKU_A,5,365
1277,Supplier,W1,SKU_B,5,245
1277,Supplier,W1,SKU_C,5,256
1277,Supplier,W1,SKU_D,5,133
1277,Supplier,W1,SKU_E,5,114
1277,Supplier,W2,SKU_A,6,167
1277,Supplier,W2,SKU_B,6,111
1277,Supplier,W2,SKU_C,6,211
1277,Supplier,W2,SKU_D,6,105
1277,Supplier,W2,SKU_E,6,85
1277,W1,R1,SKU_D,2,144
1277,W1,R1,SKU_E,2,97
1277,W1,R1,SKU_A,2,446
1277,W1,R1,SKU_B,2,228
1277,W1,R1,SKU_C,2,242
1277,W1,R2,SKU_A,3,141
1277,W1,R2,SKU_B,3,83
1277,W1,R2,SKU_C,3,72
1277,W1,R2,SKU_D,3,48
1277,W1,R2,SKU_E,3,68
1277,W2,R3,SKU_A,4,179
1277,W2,R3,SKU_B,4,110
1277,W2,R3,SKU_C,4,131
1277,W2,R3,SKU_D,4,70
1277,W2,R3,SKU_E,4,42
1278,Supplier,W2,SKU_A,6,179
1278,Supplier,W2,SKU_B,6,101
1278,Supplier,W2,SKU_C,6,131
1278,Supplier,W2,SKU_D,6,70
1278,Supplier,W2,SKU_E,6,42
1278,W2,R3,SKU_A,4,193
1278,W2,R3,SKU_B,4,101
1278,W2,R3,SKU_C,4,81
1278,W2,R3,SKU_D,4,70
1278,W2,R3,SKU_E,4,61
1279,Supplier,W1,SKU_A,5,578
1279,Supplier,W1,SKU_B,5,292
1279,Supplier,W1,SKU_C,5,337
1279,Supplier,W1,SKU_D,5,189
1279,Supplier,W1,SKU_E,5,168
1279,Supplier,W2,SKU_A,6,193
1279,Supplier,W2,SKU_B,6,71
1279,Supplier,W2,SKU_C,6,81
1279,Supplier,W2,SKU_D,6,70
1279,Supplier,W2,SKU_E,6,61
1279,W1,R1,SKU_D,2,98
1279,W1,R1,SKU_E,2,79
1279,W1,R1,SKU_A,2,380
1279,W1,R1,SKU_B,2,154
1279,W1,R1,SKU_C,2,186
1279,W1,R2,SKU_D,3,64
1279,W1,R2,SKU_E,3,94
1279,W1,R2,SKU_A,3,270
1279,W1,R2,SKU_B,3,123
1279,W1,R2,SKU_C,3,184
1279,W2,R3,SKU_A,4,211
1279,W2,R3,SKU_B,4,83
1279,W2,R3,SKU_C,4,127
1279,W2,R3,SKU_D,4,73
1279,W2,R3,SKU_E,4,54
1280,Supplier,W2,SKU_A,6,211
1280,Supplier,W2,SKU_B,6,73
1280,Supplier,W2,SKU_C,6,127
1280,Supplier,W2,SKU_D,6,73
1280,Supplier,W2,SKU_E,6,54
1280,W1,R2,SKU_D,3,37
1280,W1,R2,SKU_E,3,62
1280,W2,R3,SKU_A,4,225
1280,W2,R3,SKU_B,4,104
1280,W2,R3,SKU_C,4,133
1280,W2,R3,SKU_D,4,58
1280,W2,R3,SKU_E,4,71
1281,Supplier,W1,SKU_A,5,611
1281,Supplier,W1,SKU_B,5,280
1281,Supplier,W1,SKU_C,5,330
1281,Supplier,W1,SKU_D,5,172
1281,Supplier,W1,SKU_E,5,205
1281,Supplier,W2,SKU_A,6,225
1281,Supplier,W2,SKU_B,6,86
1281,Supplier,W2,SKU_C,6,133
1281,Supplier,W2,SKU_D,6,58
1281,Supplier,W2,SKU_E,6,71
1281,W1,R1,SKU_D,2,124
1281,W1,R1,SKU_E,2,114
1281,W1,R1,SKU_A,2,427
1281,W1,R1,SKU_B,2,202
1281,W1,R1,SKU_C,2,250
1281,W1,R2,SKU_A,3,214
1281,W1,R2,SKU_B,3,240
1281,W1,R2,SKU_C,3,298
1281,W1,R2,SKU_D,3,43
1281,W1,R2,SKU_E,3,103
1281,W2,R3,SKU_A,4,336
1281,W2,R3,SKU_B,4,107
1281,W2,R3,SKU_C,4,162
1281,W2,R3,SKU_D,4,93
1281,W2,R3,SKU_E,4,101
1282,Supplier,W1,SKU_A,5,426
1282,Supplier,W1,SKU_B,5,218
1282,Supplier,W1,SKU_C,5,231
1282,Supplier,W1,SKU_D,5,112
1282,Supplier,W1,SKU_E,5,167
1282,Supplier,W2,SKU_A,6,336
1282,Supplier,W2,SKU_B,6,122
1282,Supplier,W2,SKU_C,6,162
1282,Supplier,W2,SKU_D,6,93
1282,Supplier,W2,SKU_E,6,101
1282,W1,R1,SKU_A,2,301
1282,W1,R1,SKU_B,2,111
1282,W1,R1,SKU_C,2,168
1282,W1,R1,SKU_D,2,98
1282,W1,R1,SKU_E,2,98
1282,W1,R2,SKU_A,3,64
1282,W1,R2,SKU_B,3,134
1282,W1,R2,SKU_C,3,88
1282,W1,R2,SKU_D,3,34
1282,W1,R2,SKU_E,3,74
1282,W2,R3,SKU_A,4,324
1282,W2,R3,SKU_B,4,116
1282,W2,R3,SKU_C,4,168
1282,W2,R3,SKU_D,4,128
1282,W2,R3,SKU_E,4,78
1283,Supplier,W1,SKU_A,5,421
1283,Supplier,W1,SKU_B,5,225
1283,Supplier,W1,SKU_C,5,248
1283,Supplier,W1,SKU_D,5,132
1283,Supplier,W1,SKU_E,5,172
1283,Supplier,W2,SKU_A,6,324
1283,Supplier,W2,SKU_B,6,111
1283,Supplier,W2,SKU_C,6,168
1283,Supplier,W2,SKU_D,6,128
1283,Supplier,W2,SKU_E,6,78
1283,W2,R3,SKU_A,4,338
1283,W2,R3,SKU_B,4,111
1283,W2,R3,SKU_C,4,152
1283,W2,R3,SKU_D,4,126
1283,W2,R3,SKU_E,4,94
1284,Supplier,W1,SKU_A,5,391
1284,Supplier,W1,SKU_B,5,215
1284,Supplier,W1,SKU_C,5,225
1284,Supplier,W1,SKU_D,5,139
1284,Supplier,W1,SKU_E,5,165
1284,Supplier,W2,SKU_A,6,338
1284,Supplier,W2,SKU_B,6,131
1284,Supplier,W2,SKU_C,6,152
1284,Supplier,W2,SKU_D,6,126
1284,Supplier,W2,SKU_E,6,94
1284,W1,R1,SKU_D,2,124
1284,W1,R1,SKU_E,2,152
1284,W1,R1,SKU_A,2,434
1284,W1,R1,SKU_B,2,216
1284,W1,R1,SKU_C,2,260
1284,W1,R2,SKU_D,3,86
1284,W1,R2,SKU_A,3,144
1284,W1,R2,SKU_B,3,76
1284,W1,R2,SKU_C,3,77
1284,W1,R2,SKU_E,3,53
1284,W2,R3,SKU_A,4,222
1284,W2,R3,SKU_B,4,101
1284,W2,R3,SKU_C,4,117
1284,W2,R3,SKU_D,4,82
1284,W2,R3,SKU_E,4,79
1285,Supplier,W2,SKU_A,6,231
1285,Supplier,W2,SKU_B,6,104
1285,Supplier,W2,SKU_C,6,117
1285,Supplier,W2,SKU_D,6,82
1285,Supplier,W2,SKU_E,6,79
1285,W2,R3,SKU_A,4,193
1285,W2,R3,SKU_B,4,71
1285,W2,R3,SKU_C,4,118
1285,W2,R3,SKU_D,4,70
1285,W2,R3,SKU_E,4,81
1286,Supplier,W1,SKU_A,5,616
1286,Supplier,W1,SKU_B,5,275
1286,Supplier,W1,SKU_C,5,349
1286,Supplier,W1,SKU_D,5,152
1286,Supplier,W1,SKU_E,5,245
1286,Supplier,W2,SKU_A,6,217
1286,Supplier,W2,SKU_B,6,74
1286,Supplier,W2,SKU_C,6,118
1286,Supplier,W2,SKU_D,6,70
1286,Supplier,W2,SKU_E,6,81
1286,W1,R1,SKU_D,2,100
1286,W1,R1,SKU_A,2,364
1286,W1,R1,SKU_B,2,178
1286,W1,R1,SKU_C,2,230
1286,W1,R1,SKU_E,2,104
1286,W1,R2,SKU_D,3,92
1286,W1,R2,SKU_A,3,247
1286,W1,R2,SKU_B,3,102
1286,W1,R2,SKU_C,3,100
1286,W1,R2,SKU_E,3,101
1286,W2,R3,SKU_A,4,211
1286,W2,R3,SKU_B,4,73
1286,W2,R3,SKU_C,4,119
1286,W2,R3,SKU_D,4,71
1286,W2,R3,SKU_E,4,62
1287,Supplier,W2,SKU_A,6,233
1287,Supplier,W2,SKU_B,6,88
1287,Supplier,W2,SKU_C,6,119
1287,Supplier,W2,SKU_D,6,71
1287,Supplier,W2,SKU_E,6,62
1287,W1,R1,SKU_A,2,175
1287,W1,R1,SKU_B,2,89
1287,W1,R1,SKU_C,2,120
1287,W1,R1,SKU_D,2,41
1287,W1,R1,SKU_E,2,63
1287,W1,R2,SKU_A,3,251
1287,W1,R2,SKU_B,3,129
1287,W1,R2,SKU_C,3,111
1287,W1,R2,SKU_D,3,48
1287,W1,R2,SKU_E,3,104
1287,W2,R3,SKU_A,4,225
1287,W2,R3,SKU_B,4,86
1287,W2,R3,SKU_C,4,135
1287,W2,R3,SKU_D,4,68
1287,W2,R3,SKU_E,4,75
1288,Supplier,W1,SKU_A,5,618
1288,Supplier,W1,SKU_B,5,316
1288,Supplier,W1,SKU_C,5,412
1288,Supplier,W1,SKU_D,5,200
1288,Supplier,W1,SKU_E,5,252
1288,Supplier,W2,SKU_A,6,289
1288,Supplier,W2,SKU_B,6,91
1288,Supplier,W2,SKU_C,6,135
1288,Supplier,W2,SKU_D,6,68
1288,Supplier,W2,SKU_E,6,75
1288,W1,R1,SKU_A,2,202
1288,W1,R1,SKU_B,2,117
1288,W1,R1,SKU_C,2,139
1288,W1,R1,SKU_D,2,70
1288,W1,R1,SKU_E,2,64
1288,W1,R2,SKU_A,3,219
1288,W1,R2,SKU_B,3,108
1288,W1,R2,SKU_C,3,109
1288,W1,R2,SKU_D,3,52
1288,W1,R2,SKU_E,3,108
1288,W2,R3,SKU_A,4,336
1288,W2,R3,SKU_B,4,122
1288,W2,R3,SKU_C,4,157
1288,W2,R3,SKU_D,4,72
1288,W2,R3,SKU_E,4,89
1289,Supplier,W1,SKU_A,5,362
1289,Supplier,W1,SKU_B,5,196
1289,Supplier,W1,SKU_C,5,209
1289,Supplier,W1,SKU_D,5,122
1289,Supplier,W1,SKU_E,5,143
1289,Supplier,W2,SKU_A,6,363
1289,Supplier,W2,SKU_B,6,134
1289,Supplier,W2,SKU_C,6,157
1289,Supplier,W2,SKU_D,6,72
1289,Supplier,W2,SKU_E,6,89
1289,W1,R1,SKU_A,2,261
1289,W1,R1,SKU_B,2,155
1289,W1,R1,SKU_C,2,152
1289,W1,R1,SKU_D,2,75
1289,W1,R1,SKU_E,2,84
1289,W1,R2,SKU_A,3,130
1289,W1,R2,SKU_B,3,60
1289,W1,R2,SKU_C,3,73
1289,W1,R2,SKU_D,3,49
1289,W1,R2,SKU_E,3,81
1289,W2,R3,SKU_A,4,324
1289,W2,R3,SKU_B,4,111
1289,W2,R3,SKU_C,4,199
1289,W2,R3,SKU_D,4,89
1289,W2,R3,SKU_E,4,113
1290,Supplier,W1,SKU_A,5,407
1290,Supplier,W1,SKU_B,5,253
1290,Supplier,W1,SKU_C,5,228
1290,Supplier,W1,SKU_D,5,124
1290,Supplier,W1,SKU_E,5,161
1290,Supplier,W2,SKU_A,6,378
1290,Supplier,W2,SKU_B,6,115
1290,Supplier,W2,SKU_C,6,199
1290,Supplier,W2,SKU_D,6,89
1290,Supplier,W2,SKU_E,6,113
1290,W2,R3,SKU_A,4,338
1290,W2,R3,SKU_B,4,131
1290,W2,R3,SKU_C,4,164
1290,W2,R3,SKU_D,4,103
1290,W2,R3,SKU_E,4,93
1291,Supplier,W1,SKU_A,5,445
1291,Supplier,W1,SKU_B,5,234
1291,Supplier,W1,SKU_C,5,237
1291,Supplier,W1,SKU_D,5,123
1291,Supplier,W1,SKU_E,5,161
1291,Supplier,W2,SKU_A,6,330
1291,Supplier,W2,SKU_B,6,143
1291,Supplier,W2,SKU_C,6,164
1291,Supplier,W2,SKU_D,6,103
1291,Supplier,W2,SKU_E,6,93
1291,W1,R1,SKU_D,2,101
1291,W1,R1,SKU_A,2,483
1291,W1,R1,SKU_B,2,217
1291,W1,R1,SKU_C,2,291
1291,W1,R1,SKU_E,2,130
1291,W1,R2,SKU_D,3,108
1291,W1,R2,SKU_A,3,133
1291,W1,R2,SKU_B,3,58
1291,W1,R2,SKU_C,3,58
1291,W1,R2,SKU_E,3,115
1291,W2,R3,SKU_A,4,231
1291,W2,R3,SKU_B,4,104
1291,W2,R3,SKU_C,4,143
1291,W2,R3,SKU_D,4,89
1291,W2,R3,SKU_E,4,78
1292,Supplier,W2,SKU_A,6,256
1292,Supplier,W2,SKU_B,6,97
1292,Supplier,W2,SKU_C,6,143
1292,Supplier,W2,SKU_D,6,89
1292,Supplier,W2,SKU_E,6,78
1292,W2,R3,SKU_A,4,217
1292,W2,R3,SKU_B,4,74
1292,W2,R3,SKU_C,4,105
1292,W2,R3,SKU_D,4,108
1292,W2,R3,SKU_E,4,85
1293,Supplier,W1,SKU_A,5,641
1293,Supplier,W1,SKU_B,5,292
1293,Supplier,W1,SKU_C,5,400
1293,Supplier,W1,SKU_D,5,177
1293,Supplier,W1,SKU_E,5,217
1293,Supplier,W2,SKU_A,6,223
1293,Supplier,W2,SKU_B,6,81
1293,Supplier,W2,SKU_C,6,105
1293,Supplier,W2,SKU_D,6,108
1293,Supplier,W2,SKU_E,6,85
1293,W1,R1,SKU_D,2,113
1293,W1,R1,SKU_A,2,338
1293,W1,R1,SKU_B,2,172
1293,W1,R1,SKU_C,2,233
1293,W1,R1,SKU_E,2,107
1293,W1,R2,SKU_D,3,76
1293,W1,R2,SKU_A,3,280
1293,W1,R2,SKU_B,3,144
1293,W1,R2,SKU_C,3,179
1293,W1,R2,SKU_E,3,145
1293,W2,R3,SKU_A,4,233
1293,W2,R3,SKU_B,4,88
1293,W2,R3,SKU_C,4,94
1293,W2,R3,SKU_D,4,64
1293,W2,R3,SKU_E,4,68
1294,Supplier,W2,SKU_A,6,214
1294,Supplier,W2,SKU_B,6,99
1294,Supplier,W2,SKU_C,6,94
1294,Supplier,W2,SKU_D,6,64
1294,Supplier,W2,SKU_E,6,68
1294,W1,R1,SKU_A,2,185
1294,W1,R1,SKU_B,2,94
1294,W1,R1,SKU_C,2,111
1294,W1,R1,SKU_D,2,83
1294,W1,R1,SKU_E,2,62
1294,W1,R2,SKU_A,3,177
1294,W1,R2,SKU_B,3,102
1294,W1,R2,SKU_C,3,98
1294,W1,R2,SKU_D,3,45
1294,W1,R2,SKU_E,3,81
1294,W2,R3,SKU_A,4,289
1294,W2,R3,SKU_B,4,91
1294,W2,R3,SKU_C,4,63
1294,W2,R3,SKU_D,4,47
1294,W2,R3,SKU_E,4,79
1295,Supplier,W1,SKU_A,5,594
1295,Supplier,W1,SKU_B,5,322
1295,Supplier,W1,SKU_C,5,350
1295,Supplier,W1,SKU_D,5,226
1295,Supplier,W1,SKU_E,5,239
1295,Supplier,W2,SKU_A,6,207
1295,Supplier,W2,SKU_B,6,108
1295,Supplier,W2,SKU_C,6,63
1295,Supplier,W2,SKU_D,6,47
1295,Supplier,W2,SKU_E,6,79
1295,W1,R1,SKU_A,2,200
1295,W1,R1,SKU_B,2,104
1295,W1,R1,SKU_C,2,126
1295,W1,R1,SKU_D,2,79
1295,W1,R1,SKU_E,2,33
1295,W1,R2,SKU_A,3,207
1295,W1,R2,SKU_B,3,149
1295,W1,R2,SKU_C,3,102
1295,W1,R2,SKU_D,3,42
1295,W1,R2,SKU_E,3,80
1295,W2,R3,SKU_A,4,363
1295,W2,R3,SKU_B,4,134
1295,W2,R3,SKU_C,4,147
1295,W2,R3,SKU_D,4,120
1295,W2,R3,SKU_E,4,100
1296,Supplier,W2,SKU_A,6,317
1296,Supplier,W2,SKU_B,6,143
1296,Supplier,W2,SKU_C,6,147
1296,Supplier,W2,SKU_D,6,120
1296,Supplier,W2,SKU_E,6,100
1296,W1,R1,SKU_A,2,270
1296,W1,R1,SKU_B,2,156
1296,W1,R1,SKU_C,2,180
1296,W1,R1,SKU_D,2,89
1296,W1,R1,SKU_E,2,86
1296,W1,R2,SKU_A,3,175
1296,W1,R2,SKU_B,3,78
1296,W1,R2,SKU_C,3,57
1296,W1,R2,SKU_D,3,67
1296,W1,R2,SKU_E,3,56
1296,W2,R3,SKU_A,4,368
1296,W2,R3,SKU_B,4,115
1296,W2,R3,SKU_C,4,150
1296,W2,R3,SKU_D,4,106
1296,W2,R3,SKU_E,4,105
1297,Supplier,W1,SKU_A,5,726
1297,Supplier,W1,SKU_B,5,441
1297,Supplier,W1,SKU_C,5,473
1297,Supplier,W1,SKU_D,5,277
1297,Supplier,W1,SKU_E,5,226
1297,Supplier,W2,SKU_A,6,292
1297,Supplier,W2,SKU_B,6,178
1297,Supplier,W2,SKU_C,6,150
1297,Supplier,W2,SKU_D,6,106
1297,Supplier,W2,SKU_E,6,105
1297,W2,R3,SKU_A,4,271
1297,W2,R3,SKU_B,4,143
1297,W2,R3,SKU_C,4,132
1297,W2,R3,SKU_D,4,30
1297,W2,R3,SKU_E,4,118
1298,Supplier,W1,SKU_A,5,426
1298,Supplier,W1,SKU_B,5,217
1298,Supplier,W1,SKU_C,5,312
1298,Supplier,W1,SKU_D,5,160
1298,Supplier,W1,SKU_E,5,167
1298,Supplier,W2,SKU_A,6,271
1298,Supplier,W2,SKU_B,6,190
1298,Supplier,W2,SKU_C,6,132
1298,Supplier,W2,SKU_D,6,30
1298,Supplier,W2,SKU_E,6,118
1298,W1,R1,SKU_D,2,177
1298,W1,R1,SKU_E,2,154
1298,W1,R1,SKU_A,2,418
1298,W1,R1,SKU_B,2,226
1298,W1,R1,SKU_C,2,343
1298,W1,R2,SKU_D,3,108
1298,W1,R2,SKU_A,3,223
1298,W1,R2,SKU_B,3,66
1298,W1,R2,SKU_C,3,57
1298,W1,R2,SKU_E,3,121
1298,W2,R3,SKU_A,4,158
1298,W2,R3,SKU_B,4,97
1298,W2,R3,SKU_C,4,126
1298,W2,R3,SKU_D,4,66
1298,W2,R3,SKU_E,4,93
1299,Supplier,W2,SKU_A,6,158
1299,Supplier,W2,SKU_B,6,93
1299,Supplier,W2,SKU_C,6,126
1299,Supplier,W2,SKU_D,6,66
1299,Supplier,W2,SKU_E,6,98
1299,W2,R3,SKU_A,4,200
1299,W2,R3,SKU_B,4,81
1299,W2,R3,SKU_C,4,119
1299,W2,R3,SKU_D,4,89
1299,W2,R3,SKU_E,4,85
1300,Supplier,W1,SKU_A,5,537
1300,Supplier,W1,SKU_B,5,284
1300,Supplier,W1,SKU_C,5,328
1300,Supplier,W1,SKU_D,5,221
1300,Supplier,W1,SKU_E,5,200
1300,Supplier,W2,SKU_A,6,200
1300,Supplier,W2,SKU_B,6,83
1300,Supplier,W2,SKU_C,6,119
1300,Supplier,W2,SKU_D,6,89
1300,Supplier,W2,SKU_E,6,81
1300,W1,R1,SKU_D,2,91
1300,W1,R1,SKU_E,2,83
1300,W1,R1,SKU_A,2,269
1300,W1,R1,SKU_B,2,134
1300,W1,R1,SKU_C,2,172
1300,W1,R2,SKU_A,3,325
1300,W1,R2,SKU_B,3,188
1300,W1,R2,SKU_C,3,178
1300,W1,R2,SKU_D,3,87
1300,W1,R2,SKU_E,3,96
1300,W2,R3,SKU_A,4,174
1300,W2,R3,SKU_B,4,99
1300,W2,R3,SKU_C,4,80
1300,W2,R3,SKU_D,4,65
1300,W2,R3,SKU_E,4,68
1301,Supplier,W2,SKU_A,6,174
1301,Supplier,W2,SKU_B,6,73
1301,Supplier,W2,SKU_C,6,80
1301,Supplier,W2,SKU_D,6,65
1301,Supplier,W2,SKU_E,6,67
1301,W2,R3,SKU_A,4,236
1301,W2,R3,SKU_B,4,108
1301,W2,R3,SKU_C,4,109
1301,W2,R3,SKU_D,4,59
1301,W2,R3,SKU_E,4,69
1302,Supplier,W1,SKU_A,5,485
1302,Supplier,W1,SKU_B,5,276
1302,Supplier,W1,SKU_C,5,307
1302,Supplier,W1,SKU_D,5,195
1302,Supplier,W1,SKU_E,5,187
1302,Supplier,W2,SKU_A,6,236
1302,Supplier,W2,SKU_B,6,129
1302,Supplier,W2,SKU_C,6,109
1302,Supplier,W2,SKU_D,6,59
1302,Supplier,W2,SKU_E,6,69
1302,W1,R1,SKU_D,2,124
1302,W1,R1,SKU_E,2,123
1302,W1,R1,SKU_A,2,322
1302,W1,R1,SKU_B,2,182
1302,W1,R1,SKU_C,2,250
1302,W1,R2,SKU_D,3,94
1302,W1,R2,SKU_E,3,95
1302,W1,R2,SKU_A,3,404
1302,W1,R2,SKU_B,3,257
1302,W1,R2,SKU_C,3,223
1302,W2,R3,SKU_A,4,264
1302,W2,R3,SKU_B,4,143
1302,W2,R3,SKU_C,4,168
1302,W2,R3,SKU_D,4,110
1302,W2,R3,SKU_E,4,100
1303,Supplier,W2,SKU_A,6,264
1303,Supplier,W2,SKU_B,6,163
1303,Supplier,W2,SKU_C,6,168
1303,Supplier,W2,SKU_D,6,110
1303,Supplier,W2,SKU_E,6,100
1303,W1,R1,SKU_A,2,274
1303,W1,R1,SKU_B,2,131
1303,W1,R1,SKU_C,2,181
1303,W1,R1,SKU_D,2,100
1303,W1,R1,SKU_E,2,60
1303,W1,R2,SKU_A,3,142
1303,W1,R2,SKU_B,3,88
1303,W1,R2,SKU_C,3,131
1303,W1,R2,SKU_D,3,41
1303,W1,R2,SKU_E,3,61
1303,W2,R3,SKU_A,4,326
1303,W2,R3,SKU_B,4,178
1303,W2,R3,SKU_C,4,164
1303,W2,R3,SKU_D,4,94
1303,W2,R3,SKU_E,4,92
1304,Supplier,W1,SKU_A,5,704
1304,Supplier,W1,SKU_B,5,398
1304,Supplier,W1,SKU_C,5,529
1304,Supplier,W1,SKU_D,5,246
1304,Supplier,W1,SKU_E,5,239
1304,Supplier,W2,SKU_A,6,326
1304,Supplier,W2,SKU_B,6,163
1304,Supplier,W2,SKU_C,6,164
1304,Supplier,W2,SKU_D,6,94
1304,Supplier,W2,SKU_E,6,92
1304,W2,R3,SKU_A,4,354
1304,W2,R3,SKU_B,4,190
1304,W2,R3,SKU_C,4,301
1304,W2,R3,SKU_D,4,125
1304,W2,R3,SKU_E,4,141
1305,Supplier,W1,SKU_A,5,433
1305,Supplier,W1,SKU_B,5,223
1305,Supplier,W1,SKU_C,5,242
1305,Supplier,W1,SKU_D,5,121
1305,Supplier,W1,SKU_E,5,134
1305,Supplier,W2,SKU_A,6,354
1305,Supplier,W2,SKU_B,6,185
1305,Supplier,W2,SKU_C,6,308
1305,Supplier,W2,SKU_D,6,125
1305,Supplier,W2,SKU_E,6,144
1305,W1,R1,SKU_A,2,404
1305,W1,R1,SKU_D,2,126
1305,W1,R1,SKU_E,2,112
1305,W1,R1,SKU_B,2,178
1305,W1,R1,SKU_C,2,240
1305,W1,R2,SKU_D,3,31
1305,W1,R2,SKU_E,3,124
1305,W1,R2,SKU_A,3,143
1305,W1,R2,SKU_B,3,106
1305,W1,R2,SKU_C,3,88
1305,W2,R3,SKU_A,4,212
1305,W2,R3,SKU_B,4,93
1305,W2,R3,SKU_C,4,126
1305,W2,R3,SKU_D,4,93
1305,W2,R3,SKU_E,4,68
1306,Supplier,W2,SKU_A,6,212
1306,Supplier,W2,SKU_B,6,90
1306,Supplier,W2,SKU_C,6,180
1306,Supplier,W2,SKU_D,6,93
1306,Supplier,W2,SKU_E,6,65
1306,W2,R3,SKU_A,4,188
1306,W2,R3,SKU_B,4,83
1306,W2,R3,SKU_C,4,119
1306,W2,R3,SKU_D,4,77
1306,W2,R3,SKU_E,4,78
1307,Supplier,W1,SKU_A,5,539
1307,Supplier,W1,SKU_B,5,210
1307,Supplier,W1,SKU_C,5,272
1307,Supplier,W1,SKU_D,5,94
1307,Supplier,W1,SKU_E,5,179
1307,Supplier,W2,SKU_A,6,188
1307,Supplier,W2,SKU_B,6,41
1307,Supplier,W2,SKU_C,6,138
1307,Supplier,W2,SKU_D,6,77
1307,Supplier,W2,SKU_E,6,78
1307,W1,R1,SKU_D,2,65
1307,W1,R1,SKU_E,2,75
1307,W1,R1,SKU_A,2,334
1307,W1,R1,SKU_B,2,124
1307,W1,R1,SKU_C,2,192
1307,W1,R2,SKU_D,3,70
1307,W1,R2,SKU_E,3,84
1307,W1,R2,SKU_A,3,151
1307,W1,R2,SKU_B,3,152
1307,W1,R2,SKU_C,3,115
1307,W2,R3,SKU_A,4,192
1307,W2,R3,SKU_B,4,73
1307,W2,R3,SKU_C,4,80
1307,W2,R3,SKU_D,4,63
1307,W2,R3,SKU_E,4,81
1308,Supplier,W2,SKU_A,6,192
1308,Supplier,W2,SKU_B,6,68
1308,Supplier,W2,SKU_C,6,111
1308,Supplier,W2,SKU_D,6,63
1308,Supplier,W2,SKU_E,6,81
1308,W1,R2,SKU_D,3,29
1308,W1,R2,SKU_E,3,61
1308,W2,R3,SKU_A,4,199
1308,W2,R3,SKU_B,4,129
1308,W2,R3,SKU_C,4,109
1308,W2,R3,SKU_D,4,93
1308,W2,R3,SKU_E,4,65
1309,Supplier,W1,SKU_A,5,520
1309,Supplier,W1,SKU_B,5,280
1309,Supplier,W1,SKU_C,5,285
1309,Supplier,W1,SKU_D,5,157
1309,Supplier,W1,SKU_E,5,178
1309,Supplier,W2,SKU_A,6,199
1309,Supplier,W2,SKU_B,6,80
1309,Supplier,W2,SKU_C,6,110
1309,Supplier,W2,SKU_D,6,93
1309,Supplier,W2,SKU_E,6,65
1309,W1,R1,SKU_D,2,119
1309,W1,R1,SKU_E,2,88
1309,W1,R1,SKU_A,2,345
1309,W1,R1,SKU_B,2,136
1309,W1,R1,SKU_C,2,206
1309,W1,R2,SKU_A,3,359
1309,W1,R2,SKU_B,3,170
1309,W1,R2,SKU_C,3,186
1309,W1,R2,SKU_D,3,57
1309,W1,R2,SKU_E,3,61
1309,W2,R3,SKU_A,4,236
1309,W2,R3,SKU_B,4,163
1309,W2,R3,SKU_C,4,168
1309,W2,R3,SKU_D,4,107
1309,W2,R3,SKU_E,4,101
1310,Supplier,W2,SKU_A,6,236
1310,Supplier,W2,SKU_B,6,93
1310,Supplier,W2,SKU_C,6,120
1310,Supplier,W2,SKU_D,6,107
1310,Supplier,W2,SKU_E,6,101
1310,W1,R1,SKU_A,2,244
1310,W1,R1,SKU_B,2,125
1310,W1,R1,SKU_C,2,187
1310,W1,R1,SKU_D,2,78
1310,W1,R1,SKU_E,2,73
1310,W1,R2,SKU_A,3,163
1310,W1,R2,SKU_B,3,111
1310,W1,R2,SKU_C,3,63
1310,W1,R2,SKU_D,3,41
1310,W1,R2,SKU_E,3,65
1310,W2,R3,SKU_A,4,289
1310,W2,R3,SKU_B,4,163
1310,W2,R3,SKU_C,4,164
1310,W2,R3,SKU_D,4,109
1310,W2,R3,SKU_E,4,94
1311,Supplier,W1,SKU_A,5,651
1311,Supplier,W1,SKU_B,5,373
1311,Supplier,W1,SKU_C,5,407
1311,Supplier,W1,SKU_D,5,244
1311,Supplier,W1,SKU_E,5,252
1311,Supplier,W2,SKU_A,6,289
1311,Supplier,W2,SKU_B,6,97
1311,Supplier,W2,SKU_C,6,168
1311,Supplier,W2,SKU_D,6,109
1311,Supplier,W2,SKU_E,6,94
1311,W1,R1,SKU_A,2,26
1311,W1,R1,SKU_B,2,79
1311,W1,R1,SKU_C,2,129
1311,W1,R1,SKU_D,2,80
1311,W1,R1,SKU_E,2,69
1311,W1,R2,SKU_D,3,21
1311,W1,R2,SKU_E,3,60
1311,W2,R3,SKU_A,4,247
1311,W2,R3,SKU_B,4,127
1311,W2,R3,SKU_C,4,204
1311,W2,R3,SKU_D,4,81
1311,W2,R3,SKU_E,4,81
1312,Supplier,W1,SKU_A,5,355
1312,Supplier,W1,SKU_B,5,219
1312,Supplier,W1,SKU_C,5,189
1312,Supplier,W1,SKU_D,5,101
1312,Supplier,W1,SKU_E,5,129
1312,Supplier,W2,SKU_A,6,247
1312,Supplier,W2,SKU_B,6,112
1312,Supplier,W2,SKU_C,6,136
1312,Supplier,W2,SKU_D,6,81
1312,Supplier,W2,SKU_E,6,81
1312,W1,R1,SKU_A,2,466
1312,W1,R1,SKU_B,2,165
1312,W1,R1,SKU_C,2,177
1312,W1,R1,SKU_D,2,115
1312,W1,R1,SKU_E,2,83
1312,W1,R2,SKU_A,3,73
1312,W1,R2,SKU_B,3,45
1312,W1,R2,SKU_C,3,95
1312,W1,R2,SKU_D,3,28
1312,W1,R2,SKU_E,3,87
1312,W2,R3,SKU_A,4,292
1312,W2,R3,SKU_B,4,104
1312,W2,R3,SKU_C,4,161
1312,W2,R3,SKU_D,4,113
1312,W2,R3,SKU_E,4,121
1313,Supplier,W1,SKU_A,5,389
1313,Supplier,W1,SKU_B,5,231
1313,Supplier,W1,SKU_C,5,252
1313,Supplier,W1,SKU_D,5,143
1313,Supplier,W1,SKU_E,5,170
1313,Supplier,W2,SKU_A,6,292
1313,Supplier,W2,SKU_B,6,104
1313,Supplier,W2,SKU_C,6,161
1313,Supplier,W2,SKU_D,6,113
1313,Supplier,W2,SKU_E,6,121
1313,W2,R3,SKU_A,4,168
1313,W2,R3,SKU_B,4,85
1313,W2,R3,SKU_C,4,110
1313,W2,R3,SKU_D,4,93
1313,W2,R3,SKU_E,4,74
1314,Supplier,W2,SKU_A,6,168
1314,Supplier,W2,SKU_B,6,92
1314,Supplier,W2,SKU_C,6,110
1314,Supplier,W2,SKU_D,6,93
1314,Supplier,W2,SKU_E,6,74
1314,W1,R1,SKU_D,2,101
1314,W1,R1,SKU_E,2,83
1314,W1,R1,SKU_A,2,329
1314,W1,R1,SKU_B,2,160
1314,W1,R1,SKU_C,2,187
1314,W1,R2,SKU_D,3,66
1314,W1,R2,SKU_A,3,191
1314,W1,R2,SKU_B,3,120
1314,W1,R2,SKU_C,3,98
1314,W1,R2,SKU_E,3,110
1314,W2,R3,SKU_A,4,225
1314,W2,R3,SKU_B,4,68
1314,W2,R3,SKU_C,4,156
1314,W2,R3,SKU_D,4,110
1314,W2,R3,SKU_E,4,84
1315,Supplier,W1,SKU_A,5,565
1315,Supplier,W1,SKU_B,5,303
1315,Supplier,W1,SKU_C,5,314
1315,Supplier,W1,SKU_D,5,167
1315,Supplier,W1,SKU_E,5,193
1315,Supplier,W2,SKU_A,6,225
1315,Supplier,W2,SKU_B,6,81
1315,Supplier,W2,SKU_C,6,156
1315,Supplier,W2,SKU_D,6,110
1315,Supplier,W2,SKU_E,6,84
1315,W2,R3,SKU_A,4,185
1315,W2,R3,SKU_B,4,80
1315,W2,R3,SKU_C,4,95
1315,W2,R3,SKU_D,4,64
1315,W2,R3,SKU_E,4,66
1316,Supplier,W2,SKU_A,6,185
1316,Supplier,W2,SKU_B,6,66
1316,Supplier,W2,SKU_C,6,95
1316,Supplier,W2,SKU_D,6,64
1316,Supplier,W2,SKU_E,6,66
1316,W1,R1,SKU_D,2,121
1316,W1,R1,SKU_E,2,89
1316,W1,R1,SKU_A,2,371
1316,W1,R1,SKU_B,2,141
1316,W1,R1,SKU_C,2,187
1316,W1,R2,SKU_D,3,77
1316,W1,R2,SKU_A,3,280
1316,W1,R2,SKU_B,3,232
1316,W1,R2,SKU_C,3,173
1316,W1,R2,SKU_E,3,121
1316,W2,R3,SKU_A,4,236
1316,W2,R3,SKU_B,4,78
1316,W2,R3,SKU_C,4,118
1316,W2,R3,SKU_D,4,75
1316,W2,R3,SKU_E,4,91
1317,Supplier,W1,SKU_A,5,579
1317,Supplier,W1,SKU_B,5,292
1317,Supplier,W1,SKU_C,5,291
1317,Supplier,W1,SKU_D,5,198
1317,Supplier,W1,SKU_E,5,210
1317,Supplier,W2,SKU_A,6,236
1317,Supplier,W2,SKU_B,6,72
1317,Supplier,W2,SKU_C,6,118
1317,Supplier,W2,SKU_D,6,75
1317,Supplier,W2,SKU_E,6,91
1317,W1,R1,SKU_A,2,204
1317,W1,R1,SKU_B,2,96
1317,W1,R1,SKU_C,2,154
1317,W1,R1,SKU_D,2,99
1317,W1,R1,SKU_E,2,61
1317,W1,R2,SKU_A,3,151
1317,W1,R2,SKU_B,3,123
1317,W1,R2,SKU_C,3,55
1317,W1,R2,SKU_D,3,47
1317,W1,R2,SKU_E,3,80
1317,W2,R3,SKU_A,4,301
1317,W2,R3,SKU_B,4,108
1317,W2,R3,SKU_C,4,170
1317,W2,R3,SKU_D,4,120
1317,W2,R3,SKU_E,4,86
1318,Supplier,W1,SKU_A,5,342
1318,Supplier,W1,SKU_B,5,180
1318,Supplier,W1,SKU_C,5,209
1318,Supplier,W1,SKU_D,5,146
1318,Supplier,W1,SKU_E,5,141
1318,Supplier,W2,SKU_A,6,301
1318,Supplier,W2,SKU_B,6,108
1318,Supplier,W2,SKU_C,6,170
1318,Supplier,W2,SKU_D,6,120
1318,Supplier,W2,SKU_E,6,86
1318,W1,R1,SKU_A,2,202
1318,W1,R1,SKU_B,2,112
1318,W1,R1,SKU_C,2,128
1318,W1,R1,SKU_D,2,75
1318,W1,R1,SKU_E,2,56
1318,W1,R2,SKU_A,3,187
1318,W1,R2,SKU_B,3,119
1318,W1,R2,SKU_C,3,72
1318,W1,R2,SKU_D,3,75
1318,W1,R2,SKU_E,3,68
1318,W2,R3,SKU_A,4,243
1318,W2,R3,SKU_B,4,90
1318,W2,R3,SKU_C,4,145
1318,W2,R3,SKU_D,4,98
1318,W2,R3,SKU_E,4,99
1319,Supplier,W1,SKU_A,5,335
1319,Supplier,W1,SKU_B,5,203
1319,Supplier,W1,SKU_C,5,200
1319,Supplier,W1,SKU_D,5,150
1319,Supplier,W1,SKU_E,5,124
1319,Supplier,W2,SKU_A,6,243
1319,Supplier,W2,SKU_B,6,90
1319,Supplier,W2,SKU_C,6,145
1319,Supplier,W2,SKU_D,6,98
1319,Supplier,W2,SKU_E,6,99
1319,W2,R3,SKU_A,4,212
1319,W2,R3,SKU_B,4,80
1319,W2,R3,SKU_C,4,129
1319,W2,R3,SKU_D,4,73
1319,W2,R3,SKU_E,4,75
1320,Supplier,W2,SKU_A,6,212
1320,Supplier,W2,SKU_B,6,80
1320,Supplier,W2,SKU_C,6,129
1320,Supplier,W2,SKU_D,6,73
1320,Supplier,W2,SKU_E,6,75
1320,W1,R1,SKU_C,2,188
1320,W1,R1,SKU_D,2,104
1320,W1,R1,SKU_E,2,84
1320,W1,R1,SKU_A,2,321
1320,W1,R1,SKU_B,2,125
1320,W1,R2,SKU_D,3,77
1320,W1,R2,SKU_E,3,126
1320,W1,R2,SKU_A,3,244
1320,W1,R2,SKU_B,3,176
1320,W1,R2,SKU_C,3,84
1320,W2,R3,SKU_A,4,193
1320,W2,R3,SKU_B,4,60
1320,W2,R3,SKU_C,4,111
1320,W2,R3,SKU_D,4,64
1320,W2,R3,SKU_E,4,52
1321,Supplier,W1,SKU_A,5,510
1321,Supplier,W1,SKU_B,5,265
1321,Supplier,W1,SKU_C,5,272
1321,Supplier,W1,SKU_D,5,181
1321,Supplier,W1,SKU_E,5,210
1321,Supplier,W2,SKU_A,6,193
1321,Supplier,W2,SKU_B,6,60
1321,Supplier,W2,SKU_C,6,111
1321,Supplier,W2,SKU_D,6,64
1321,Supplier,W2,SKU_E,6,52
1321,W2,R3,SKU_A,4,207
1321,W2,R3,SKU_B,4,71
1321,W2,R3,SKU_C,4,117
1321,W2,R3,SKU_D,4,63
1321,W2,R3,SKU_E,4,57
1322,Supplier,W2,SKU_A,6,207
1322,Supplier,W2,SKU_B,6,71
1322,Supplier,W2,SKU_C,6,117
1322,Supplier,W2,SKU_D,6,63
1322,Supplier,W2,SKU_E,6,57
1322,W1,R1,SKU_B,2,149
1322,W1,R1,SKU_C,2,203
1322,W1,R1,SKU_D,2,117
1322,W1,R1,SKU_E,2,93
1322,W1,R1,SKU_A,2,329
1322,W1,R2,SKU_C,3,129
1322,W1,R2,SKU_D,3,97
1322,W1,R2,SKU_E,3,126
1322,W1,R2,SKU_A,3,250
1322,W1,R2,SKU_B,3,110
1322,W2,R3,SKU_A,4,196
1322,W2,R3,SKU_B,4,75
1322,W2,R3,SKU_C,4,125
1322,W2,R3,SKU_D,4,106
1322,W2,R3,SKU_E,4,65
1323,Supplier,W1,SKU_A,5,583
1323,Supplier,W1,SKU_B,5,259
1323,Supplier,W1,SKU_C,5,332
1323,Supplier,W1,SKU_D,5,214
1323,Supplier,W1,SKU_E,5,219
1323,Supplier,W2,SKU_A,6,196
1323,Supplier,W2,SKU_B,6,75
1323,Supplier,W2,SKU_C,6,125
1323,Supplier,W2,SKU_D,6,106
1323,Supplier,W2,SKU_E,6,65
1323,W1,R1,SKU_A,2,165
1323,W1,R1,SKU_B,2,66
1323,W1,R1,SKU_C,2,130
1323,W1,R1,SKU_D,2,63
1323,W1,R1,SKU_E,2,31
1323,W1,R2,SKU_A,3,151
1323,W1,R2,SKU_B,3,88
1323,W1,R2,SKU_C,3,78
1323,W1,R2,SKU_D,3,35
1323,W1,R2,SKU_E,3,63
1323,W2,R3,SKU_A,4,180
1323,W2,R3,SKU_B,4,59
1323,W2,R3,SKU_C,4,88
1323,W2,R3,SKU_D,4,74
1323,W2,R3,SKU_E,4,82
1324,Supplier,W2,SKU_A,6,180
1324,Supplier,W2,SKU_B,6,59
1324,Supplier,W2,SKU_C,6,88
1324,Supplier,W2,SKU_D,6,74
1324,Supplier,W2,SKU_E,6,82
1324,W1,R1,SKU_A,2,216
1324,W1,R1,SKU_B,2,94
1324,W1,R1,SKU_C,2,141
1324,W1,R1,SKU_D,2,76
1324,W1,R1,SKU_E,2,68
1324,W1,R2,SKU_A,3,126
1324,W1,R2,SKU_B,3,107
1324,W1,R2,SKU_C,3,78
1324,W1,R2,SKU_D,3,42
1324,W1,R2,SKU_E,3,57
1324,W2,R3,SKU_A,4,287
1324,W2,R3,SKU_B,4,92
1324,W2,R3,SKU_C,4,144
1324,W2,R3,SKU_D,4,99
1324,W2,R3,SKU_E,4,88
1325,Supplier,W1,SKU_A,5,624
1325,Supplier,W1,SKU_B,5,355
1325,Supplier,W1,SKU_C,5,427
1325,Supplier,W1,SKU_D,5,216
1325,Supplier,W1,SKU_E,5,219
1325,Supplier,W2,SKU_A,6,287
1325,Supplier,W2,SKU_B,6,92
1325,Supplier,W2,SKU_C,6,144
1325,Supplier,W2,SKU_D,6,99
1325,Supplier,W2,SKU_E,6,88
1325,W2,R3,SKU_A,4,228
1325,W2,R3,SKU_B,4,66
1325,W2,R3,SKU_C,4,129
1325,W2,R3,SKU_D,4,63
1325,W2,R3,SKU_E,4,84
1326,Supplier,W2,SKU_A,6,228
1326,Supplier,W2,SKU_B,6,66
1326,Supplier,W2,SKU_C,6,129
1326,Supplier,W2,SKU_D,6,63
1326,Supplier,W2,SKU_E,6,84
1326,W1,R1,SKU_A,2,365
1326,W1,R1,SKU_B,2,175
1326,W1,R1,SKU_C,2,216
1326,W1,R1,SKU_D,2,143
1326,W1,R1,SKU_E,2,95
1326,W1,R2,SKU_D,3,67
1326,W1,R2,SKU_E,3,112
1326,W1,R2,SKU_A,3,164
1326,W1,R2,SKU_B,3,145
1326,W1,R2,SKU_C,3,118
1326,W2,R3,SKU_A,4,173
1326,W2,R3,SKU_B,4,71
1326,W2,R3,SKU_C,4,115
1326,W2,R3,SKU_D,4,51
1326,W2,R3,SKU_E,4,65
1327,Supplier,W1,SKU_A,5,595
1327,Supplier,W1,SKU_B,5,320
1327,Supplier,W1,SKU_C,5,348
1327,Supplier,W1,SKU_D,5,210
1327,Supplier,W1,SKU_E,5,207
1327,Supplier,W2,SKU_A,6,173
1327,Supplier,W2,SKU_B,6,71
1327,Supplier,W2,SKU_C,6,115
1327,Supplier,W2,SKU_D,6,51
1327,Supplier,W2,SKU_E,6,65
1327,W1,R2,SKU_D,3,30
1327,W1,R2,SKU_E,3,53
1328,Supplier,W2,SKU_A,6,164
1328,Supplier,W2,SKU_B,6,61
1328,Supplier,W2,SKU_C,6,104
1328,Supplier,W2,SKU_D,6,54
1328,Supplier,W2,SKU_E,6,53
1328,W1,R1,SKU_B,2,119
1328,W1,R1,SKU_D,2,121
1328,W1,R1,SKU_E,2,74
1328,W1,R1,SKU_A,2,270
1328,W1,R1,SKU_C,2,165
1328,W1,R2,SKU_A,3,259
1328,W1,R2,SKU_B,3,124
1328,W1,R2,SKU_C,3,145
1328,W1,R2,SKU_D,3,34
1328,W1,R2,SKU_E,3,36
1328,W2,R3,SKU_A,4,354
1328,W2,R3,SKU_B,4,95
1328,W2,R3,SKU_C,4,186
1328,W2,R3,SKU_D,4,114
1328,W2,R3,SKU_E,4,110
1329,Supplier,W1,SKU_A,5,463
1329,Supplier,W1,SKU_B,5,243
1329,Supplier,W1,SKU_C,5,296
1329,Supplier,W1,SKU_D,5,185
1329,Supplier,W1,SKU_E,5,163
1329,Supplier,W2,SKU_A,6,190
1329,Supplier,W2,SKU_B,6,34
1329,Supplier,W2,SKU_C,6,82
1329,Supplier,W2,SKU_D,6,60
1329,Supplier,W2,SKU_E,6,57
1329,W1,R2,SKU_D,3,47
1329,W1,R2,SKU_E,3,51
1330,Supplier,W2,SKU_A,6,151
1330,Supplier,W2,SKU_B,6,47
1330,Supplier,W2,SKU_C,6,75
1330,Supplier,W2,SKU_D,6,67
1330,Supplier,W2,SKU_E,6,45
1330,W1,R1,SKU_A,2,341
1330,W1,R1,SKU_B,2,120
1330,W1,R1,SKU_C,2,167
1330,W1,R1,SKU_D,2,112
1330,W1,R1,SKU_E,2,84
1330,W1,R2,SKU_A,3,176
1330,W1,R2,SKU_B,3,109
1330,W1,R2,SKU_C,3,106
1330,W1,R2,SKU_D,3,38
1330,W1,R2,SKU_E,3,49
1330,W2,R3,SKU_A,4,353
1330,W2,R3,SKU_B,4,113
1330,W2,R3,SKU_C,4,162
1330,W2,R3,SKU_D,4,154
1330,W2,R3,SKU_E,4,130
1331,Supplier,W1,SKU_A,5,517
1331,Supplier,W1,SKU_B,5,229
1331,Supplier,W1,SKU_C,5,273
1331,Supplier,W1,SKU_D,5,197
1331,Supplier,W1,SKU_E,5,184
1331,Supplier,W2,SKU_A,6,202
1331,Supplier,W2,SKU_B,6,66
1331,Supplier,W2,SKU_C,6,87
1331,Supplier,W2,SKU_D,6,87
1331,Supplier,W2,SKU_E,6,85
1331,W1,R1,SKU_A,2,161
1331,W1,R1,SKU_B,2,113
1331,W1,R1,SKU_C,2,123
1331,W1,R1,SKU_D,2,86
1331,W1,R1,SKU_E,2,69
1331,W1,R2,SKU_B,3,37
1331,W1,R2,SKU_C,3,53
1331,W1,R2,SKU_D,3,48
1331,W1,R2,SKU_E,3,53
1331,W2,R3,SKU_A,4,281
1331,W2,R3,SKU_B,4,98
1331,W2,R3,SKU_C,4,209
1331,W2,R3,SKU_D,4,125
1331,W2,R3,SKU_E,4,86
1332,Supplier,W1,SKU_A,5,320
1332,Supplier,W1,SKU_B,5,194
1332,Supplier,W1,SKU_C,5,200
1332,Supplier,W1,SKU_D,5,134
1332,Supplier,W1,SKU_E,5,122
1332,Supplier,W2,SKU_A,6,281
1332,Supplier,W2,SKU_B,6,98
1332,Supplier,W2,SKU_C,6,209
1332,Supplier,W2,SKU_D,6,125
1332,Supplier,W2,SKU_E,6,86
1332,W1,R1,SKU_A,2,259
1332,W1,R1,SKU_B,2,103
1332,W1,R1,SKU_C,2,149
1332,W1,R1,SKU_D,2,76
1332,W1,R1,SKU_E,2,56
1332,W1,R2,SKU_A,3,208
1332,W1,R2,SKU_B,3,109
1332,W1,R2,SKU_C,3,78
1332,W1,R2,SKU_D,3,40
1332,W1,R2,SKU_E,3,37
1332,W2,R3,SKU_A,4,238
1332,W2,R3,SKU_B,4,109
1332,W2,R3,SKU_C,4,173
1332,W2,R3,SKU_D,4,106
1332,W2,R3,SKU_E,4,84
1333,Supplier,W2,SKU_A,6,238
1333,Supplier,W2,SKU_B,6,109
1333,Supplier,W2,SKU_C,6,173
1333,Supplier,W2,SKU_D,6,106
1333,Supplier,W2,SKU_E,6,84
1333,W1,R2,SKU_A,3,10
1333,W1,R2,SKU_B,3,53
1333,W1,R2,SKU_C,3,26
1333,W1,R2,SKU_D,3,27
1333,W1,R2,SKU_E,3,46
1334,Supplier,W1,SKU_A,5,513
1334,Supplier,W1,SKU_B,5,272
1334,Supplier,W1,SKU_C,5,352
1334,Supplier,W1,SKU_D,5,194
1334,Supplier,W1,SKU_E,5,168
1334,Supplier,W2,SKU_A,6,140
1334,Supplier,W2,SKU_B,6,54
1334,Supplier,W2,SKU_C,6,107
1334,Supplier,W2,SKU_D,6,76
1334,Supplier,W2,SKU_E,6,46
1334,W1,R1,SKU_A,2,251
1334,W1,R1,SKU_B,2,108
1334,W1,R1,SKU_C,2,181
1334,W1,R1,SKU_D,2,97
1334,W1,R1,SKU_E,2,62
1334,W1,R2,SKU_A,3,169
1334,W1,R2,SKU_B,3,57
1334,W1,R2,SKU_C,3,65
1334,W1,R2,SKU_D,3,34
1334,W1,R2,SKU_E,3,34
1334,W2,R3,SKU_A,4,314
1334,W2,R3,SKU_B,4,121
1334,W2,R3,SKU_C,4,188
1334,W2,R3,SKU_D,4,141
1334,W2,R3,SKU_E,4,94
1335,Supplier,W2,SKU_A,6,174
1335,Supplier,W2,SKU_B,6,67
1335,Supplier,W2,SKU_C,6,81
1335,Supplier,W2,SKU_D,6,65
1335,Supplier,W2,SKU_E,6,48
1335,W1,R2,SKU_A,3,33
1335,W1,R2,SKU_B,3,49
1335,W1,R2,SKU_C,3,38
1335,W1,R2,SKU_D,3,29
1335,W1,R2,SKU_E,3,48
1336,Supplier,W1,SKU_A,5,444
1336,Supplier,W1,SKU_B,5,215
1336,Supplier,W1,SKU_C,5,227
1336,Supplier,W1,SKU_D,5,166
1336,Supplier,W1,SKU_E,5,150
1336,Supplier,W2,SKU_A,6,167
1336,Supplier,W2,SKU_B,6,49
1336,Supplier,W2,SKU_C,6,84
1336,Supplier,W2,SKU_D,6,62
1336,Supplier,W2,SKU_E,6,52
1336,W1,R1,SKU_A,2,269
1336,W1,R1,SKU_B,2,107
1336,W1,R1,SKU_C,2,134
1336,W1,R1,SKU_D,2,103
1336,W1,R1,SKU_E,2,68
1336,W1,R2,SKU_A,3,144
1336,W1,R2,SKU_B,3,52
1336,W1,R2,SKU_C,3,40
1336,W1,R2,SKU_D,3,35
1336,W1,R2,SKU_E,3,46
1336,W2,R3,SKU_A,4,308
1336,W2,R3,SKU_B,4,103
1336,W2,R3,SKU_C,4,159
1336,W2,R3,SKU_D,4,109
1336,W2,R3,SKU_E,4,113
1337,Supplier,W2,SKU_A,6,141
1337,Supplier,W2,SKU_B,6,54
1337,Supplier,W2,SKU_C,6,75
1337,Supplier,W2,SKU_D,6,47
1337,Supplier,W2,SKU_E,6,61
1337,W1,R1,SKU_A,2,130
1337,W1,R1,SKU_B,2,64
1337,W1,R1,SKU_C,2,118
1337,W1,R1,SKU_D,2,59
1337,W1,R1,SKU_E,2,45
1337,W1,R2,SKU_A,3,72
1337,W1,R2,SKU_B,3,55
1337,W1,R2,SKU_C,3,44
1337,W1,R2,SKU_D,3,27
1337,W1,R2,SKU_E,3,48
1337,W2,R3,SKU_A,4,201
1337,W2,R3,SKU_B,4,76
1337,W2,R3,SKU_C,4,130
1337,W2,R3,SKU_D,4,70
1337,W2,R3,SKU_E,4,75
1338,Supplier,W1,SKU_A,5,429
1338,Supplier,W1,SKU_B,5,226
1338,Supplier,W1,SKU_C,5,270
1338,Supplier,W1,SKU_D,5,167
1338,Supplier,W1,SKU_E,5,172
1338,Supplier,W2,SKU_A,6,201
1338,Supplier,W2,SKU_B,6,76
1338,Supplier,W2,SKU_C,6,130
1338,Supplier,W2,SKU_D,6,70
1338,Supplier,W2,SKU_E,6,75
1338,W1,R1,SKU_A,2,191
1338,W1,R1,SKU_B,2,114
1338,W1,R1,SKU_C,2,127
1338,W1,R1,SKU_D,2,63
1338,W1,R1,SKU_E,2,55
1338,W1,R2,SKU_A,3,114
1338,W1,R2,SKU_B,3,53
1338,W1,R2,SKU_C,3,69
1338,W1,R2,SKU_D,3,51
1338,W1,R2,SKU_E,3,54
1338,W2,R3,SKU_A,4,269
1338,W2,R3,SKU_B,4,81
1338,W2,R3,SKU_C,4,129
1338,W2,R3,SKU_D,4,91
1338,W2,R3,SKU_E,4,85
1339,Supplier,W2,SKU_A,6,269
1339,Supplier,W2,SKU_B,6,81
1339,Supplier,W2,SKU_C,6,129
1339,Supplier,W2,SKU_D,6,91
1339,Supplier,W2,SKU_E,6,85
1339,W1,R1,SKU_A,2,201
1339,W1,R1,SKU_B,2,82
1339,W1,R1,SKU_C,2,129
1339,W1,R1,SKU_D,2,71
1339,W1,R1,SKU_E,2,48
1339,W1,R2,SKU_A,3,94
1339,W1,R2,SKU_B,3,68
1339,W1,R2,SKU_C,3,56
1339,W1,R2,SKU_D,3,46
1339,W1,R2,SKU_E,3,48
1339,W2,R3,SKU_A,4,239
1339,W2,R3,SKU_B,4,79
1339,W2,R3,SKU_C,4,170
1339,W2,R3,SKU_D,4,87
1339,W2,R3,SKU_E,4,68
1340,Supplier,W1,SKU_A,5,600
1340,Supplier,W1,SKU_B,5,317
1340,Supplier,W1,SKU_C,5,381
1340,Supplier,W1,SKU_D,5,231
1340,Supplier,W1,SKU_E,5,205
1340,Supplier,W2,SKU_A,6,239
1340,Supplier,W2,SKU_B,6,79
1340,Supplier,W2,SKU_C,6,170
1340,Supplier,W2,SKU_D,6,87
1340,Supplier,W2,SKU_E,6,68
1340,W1,R2,SKU_A,3,94
1340,W1,R2,SKU_B,3,40
1340,W1,R2,SKU_C,3,38
1340,W1,R2,SKU_D,3,28
1340,W1,R2,SKU_E,3,59
1341,Supplier,W2,SKU_A,6,163
1341,Supplier,W2,SKU_B,6,57
1341,Supplier,W2,SKU_C,6,81
1341,Supplier,W2,SKU_D,6,67
1341,Supplier,W2,SKU_E,6,62
1341,W1,R1,SKU_A,2,252
1341,W1,R1,SKU_B,2,121
1341,W1,R1,SKU_C,2,159
1341,W1,R1,SKU_D,2,79
1341,W1,R1,SKU_E,2,80
1341,W1,R2,SKU_A,3,98
1341,W1,R2,SKU_B,3,47
1341,W1,R2,SKU_C,3,48
1341,W1,R2,SKU_D,3,27
1341,W1,R2,SKU_E,3,38
1341,W2,R3,SKU_A,4,307
1341,W2,R3,SKU_B,4,111
1341,W2,R3,SKU_C,4,166
1341,W2,R3,SKU_D,4,120
1341,W2,R3,SKU_E,4,154
1342,Supplier,W1,SKU_A,5,444
1342,Supplier,W1,SKU_B,5,208
1342,Supplier,W1,SKU_C,5,245
1342,Supplier,W1,SKU_D,5,134
1342,Supplier,W1,SKU_E,5,177
1342,Supplier,W2,SKU_A,6,144
1342,Supplier,W2,SKU_B,6,54
1342,Supplier,W2,SKU_C,6,85
1342,Supplier,W2,SKU_D,6,53
1342,Supplier,W2,SKU_E,6,92
1342,W1,R1,SKU_A,2,179
1342,W1,R1,SKU_B,2,41
1342,W1,R1,SKU_C,2,106
1342,W1,R1,SKU_D,2,53
1342,W1,R1,SKU_E,2,47
1342,W1,R2,SKU_A,3,84
1342,W1,R2,SKU_B,3,75
1342,W1,R2,SKU_C,3,58
1342,W1,R2,SKU_D,3,46
1342,W1,R2,SKU_E,3,74
1342,W2,R3,SKU_A,4,198
1342,W2,R3,SKU_B,4,73
1342,W2,R3,SKU_C,4,123
1342,W2,R3,SKU_D,4,95
1342,W2,R3,SKU_E,4,78
1343,Supplier,W2,SKU_A,6,198
1343,Supplier,W2,SKU_B,6,73
1343,Supplier,W2,SKU_C,6,123
1343,Supplier,W2,SKU_D,6,95
1343,Supplier,W2,SKU_E,6,78
1343,W1,R1,SKU_A,2,143
1343,W1,R1,SKU_B,2,75
1343,W1,R1,SKU_C,2,112
1343,W1,R1,SKU_D,2,59
1343,W1,R1,SKU_E,2,40
1343,W1,R2,SKU_A,3,140
1343,W1,R2,SKU_B,3,60
1343,W1,R2,SKU_C,3,53
1343,W1,R2,SKU_D,3,37
1343,W1,R2,SKU_E,3,68
1343,W2,R3,SKU_A,4,192
1343,W2,R3,SKU_B,4,84
1343,W2,R3,SKU_C,4,106
1343,W2,R3,SKU_D,4,80
1343,W2,R3,SKU_E,4,86
1344,Supplier,W1,SKU_A,5,546
1344,Supplier,W1,SKU_B,5,251
1344,Supplier,W1,SKU_C,5,329
1344,Supplier,W1,SKU_D,5,195
1344,Supplier,W1,SKU_E,5,229
1344,Supplier,W2,SKU_A,6,192
1344,Supplier,W2,SKU_B,6,84
1344,Supplier,W2,SKU_C,6,106
1344,Supplier,W2,SKU_D,6,80
1344,Supplier,W2,SKU_E,6,86
1344,W1,R1,SKU_A,2,146
1344,W1,R1,SKU_B,2,73
1344,W1,R1,SKU_C,2,127
1344,W1,R1,SKU_D,2,68
1344,W1,R1,SKU_E,2,68
1344,W1,R2,SKU_B,3,76
1344,W1,R2,SKU_C,3,11
1344,W1,R2,SKU_D,3,60
1344,W1,R2,SKU_E,3,69
1344,W2,R3,SKU_A,4,246
1344,W2,R3,SKU_B,4,63
1344,W2,R3,SKU_C,4,149
1344,W2,R3,SKU_D,4,108
1344,W2,R3,SKU_E,4,81
1345,Supplier,W2,SKU_A,6,246
1345,Supplier,W2,SKU_B,6,63
1345,Supplier,W2,SKU_C,6,149
1345,Supplier,W2,SKU_D,6,108
1345,Supplier,W2,SKU_E,6,81
1345,W1,R1,SKU_A,2,263
1345,W1,R1,SKU_B,2,110
1345,W1,R1,SKU_C,2,204
1345,W1,R1,SKU_D,2,68
1345,W1,R1,SKU_E,2,73
1345,W1,R2,SKU_A,3,274
1345,W1,R2,SKU_B,3,117
1345,W1,R2,SKU_C,3,177
1345,W1,R2,SKU_D,3,64
1345,W1,R2,SKU_E,3,57
1345,W2,R3,SKU_A,4,260
1345,W2,R3,SKU_B,4,93
1345,W2,R3,SKU_C,4,169
1345,W2,R3,SKU_D,4,124
1345,W2,R3,SKU_E,4,79
1346,Supplier,W1,SKU_A,5,683
1346,Supplier,W1,SKU_B,5,376
1346,Supplier,W1,SKU_C,5,525
1346,Supplier,W1,SKU_D,5,260
1346,Supplier,W1,SKU_E,5,267
1346,Supplier,W2,SKU_A,6,260
1346,Supplier,W2,SKU_B,6,93
1346,Supplier,W2,SKU_C,6,169
1346,Supplier,W2,SKU_D,6,124
1346,Supplier,W2,SKU_E,6,79
1346,W1,R2,SKU_B,3,28
1346,W1,R2,SKU_D,3,61
1346,W1,R2,SKU_E,3,16
1346,W2,R3,SKU_A,4,245
1346,W2,R3,SKU_B,4,83
1346,W2,R3,SKU_C,4,158
1346,W2,R3,SKU_D,4,104
1346,W2,R3,SKU_E,4,87
1347,Supplier,W1,SKU_A,5,321
1347,Supplier,W1,SKU_B,5,175
1347,Supplier,W1,SKU_C,5,295
1347,Supplier,W1,SKU_D,5,136
1347,Supplier,W1,SKU_E,5,138
1347,Supplier,W2,SKU_A,6,245
1347,Supplier,W2,SKU_B,6,83
1347,Supplier,W2,SKU_C,6,158
1347,Supplier,W2,SKU_D,6,104
1347,Supplier,W2,SKU_E,6,87
1347,W1,R1,SKU_A,2,355
1347,W1,R1,SKU_B,2,145
1347,W1,R1,SKU_D,2,128
1347,W1,R1,SKU_E,2,111
1347,W1,R1,SKU_C,2,245
1347,W1,R2,SKU_A,3,152
1347,W1,R2,SKU_B,3,132
1347,W1,R2,SKU_D,3,33
1347,W1,R2,SKU_E,3,126
1347,W2,R3,SKU_A,4,160
1347,W2,R3,SKU_B,4,57
1347,W2,R3,SKU_C,4,86
1347,W2,R3,SKU_D,4,81
1347,W2,R3,SKU_E,4,62
1348,Supplier,W2,SKU_A,6,160
1348,Supplier,W2,SKU_B,6,57
1348,Supplier,W2,SKU_C,6,86
1348,Supplier,W2,SKU_D,6,81
1348,Supplier,W2,SKU_E,6,62
1348,W2,R3,SKU_A,4,183
1348,W2,R3,SKU_B,4,60
1348,W2,R3,SKU_C,4,129
1348,W2,R3,SKU_D,4,89
1348,W2,R3,SKU_E,4,82
1349,Supplier,W1,SKU_A,5,494
1349,Supplier,W1,SKU_B,5,228
1349,Supplier,W1,SKU_C,5,335
1349,Supplier,W1,SKU_D,5,175
1349,Supplier,W1,SKU_E,5,200
1349,Supplier,W2,SKU_A,6,183
1349,Supplier,W2,SKU_B,6,60
1349,Supplier,W2,SKU_C,6,129
1349,Supplier,W2,SKU_D,6,89
1349,Supplier,W2,SKU_E,6,82
1349,W1,R1,SKU_B,2,129
1349,W1,R1,SKU_D,2,110
1349,W1,R1,SKU_A,2,246
1349,W1,R1,SKU_C,2,224
1349,W1,R1,SKU_E,2,67
1349,W1,R2,SKU_D,3,87
1349,W1,R2,SKU_A,3,270
1349,W1,R2,SKU_B,3,98
1349,W1,R2,SKU_C,3,105
1349,W1,R2,SKU_E,3,96
1349,W2,R3,SKU_A,4,196
1349,W2,R3,SKU_B,4,50
1349,W2,R3,SKU_C,4,116
1349,W2,R3,SKU_D,4,83
1349,W2,R3,SKU_E,4,57
1350,Supplier,W2,SKU_A,6,196
1350,Supplier,W2,SKU_B,6,50
1350,Supplier,W2,SKU_C,6,116
1350,Supplier,W2,SKU_D,6,83
1350,Supplier,W2,SKU_E,6,57
1350,W2,R3,SKU_A,4,205
1350,W2,R3,SKU_B,4,91
1350,W2,R3,SKU_C,4,111
1350,W2,R3,SKU_D,4,80
1350,W2,R3,SKU_E,4,78
1351,Supplier,W1,SKU_A,5,470
1351,Supplier,W1,SKU_B,5,245
1351,Supplier,W1,SKU_C,5,322
1351,Supplier,W1,SKU_D,5,219
1351,Supplier,W1,SKU_E,5,167
1351,Supplier,W2,SKU_A,6,205
1351,Supplier,W2,SKU_B,6,91
1351,Supplier,W2,SKU_C,6,111
1351,Supplier,W2,SKU_D,6,80
1351,Supplier,W2,SKU_E,6,78
1351,W1,R1,SKU_A,2,329
1351,W1,R1,SKU_B,2,125
1351,W1,R1,SKU_D,2,111
1351,W1,R1,SKU_E,2,90
1351,W1,R1,SKU_C,2,228
1351,W1,R2,SKU_D,3,87
1351,W1,R2,SKU_E,3,96
1351,W1,R2,SKU_A,3,206
1351,W1,R2,SKU_B,3,105
1351,W1,R2,SKU_C,3,297
1351,W2,R3,SKU_A,4,210
1351,W2,R3,SKU_B,4,78
1351,W2,R3,SKU_C,4,149
1351,W2,R3,SKU_D,4,89
1351,W2,R3,SKU_E,4,79
1352,Supplier,W2,SKU_A,6,210
1352,Supplier,W2,SKU_B,6,78
1352,Supplier,W2,SKU_C,6,149
1352,Supplier,W2,SKU_D,6,89
1352,Supplier,W2,SKU_E,6,79
1352,W1,R1,SKU_A,2,208
1352,W1,R1,SKU_B,2,94
1352,W1,R1,SKU_C,2,169
1352,W1,R1,SKU_D,2,83
1352,W1,R1,SKU_E,2,47
1352,W1,R2,SKU_A,3,101
1352,W1,R2,SKU_B,3,64
1352,W1,R2,SKU_C,3,92
1352,W1,R2,SKU_D,3,40
1352,W1,R2,SKU_E,3,61
1352,W2,R3,SKU_A,4,237
1352,W2,R3,SKU_B,4,103
1352,W2,R3,SKU_C,4,173
1352,W2,R3,SKU_D,4,129
1352,W2,R3,SKU_E,4,85
1353,Supplier,W1,SKU_A,5,582
1353,Supplier,W1,SKU_B,5,272
1353,Supplier,W1,SKU_C,5,402
1353,Supplier,W1,SKU_D,5,210
1353,Supplier,W1,SKU_E,5,205
1353,Supplier,W2,SKU_A,6,237
1353,Supplier,W2,SKU_B,6,103
1353,Supplier,W2,SKU_C,6,173
1353,Supplier,W2,SKU_D,6,129
1353,Supplier,W2,SKU_E,6,85
1353,W1,R1,SKU_A,2,190
1353,W1,R1,SKU_B,2,106
1353,W1,R1,SKU_C,2,34
1353,W1,R1,SKU_D,2,77
1353,W1,R1,SKU_E,2,57
1353,W1,R2,SKU_B,3,88
1353,W1,R2,SKU_D,3,52
1353,W1,R2,SKU_E,3,74
1353,W2,R3,SKU_A,4,241
1353,W2,R3,SKU_B,4,60
1353,W2,R3,SKU_C,4,112
1353,W2,R3,SKU_D,4,110
1353,W2,R3,SKU_E,4,69
1354,Supplier,W1,SKU_A,5,336
1354,Supplier,W1,SKU_B,5,194
1354,Supplier,W1,SKU_C,5,255
1354,Supplier,W1,SKU_D,5,129
1354,Supplier,W1,SKU_E,5,131
1354,Supplier,W2,SKU_A,6,241
1354,Supplier,W2,SKU_B,6,60
1354,Supplier,W2,SKU_C,6,112
1354,Supplier,W2,SKU_D,6,110
1354,Supplier,W2,SKU_E,6,69
1354,W1,R1,SKU_A,2,147
1354,W1,R1,SKU_B,2,64
1354,W1,R1,SKU_C,2,204
1354,W1,R1,SKU_D,2,66
1354,W1,R1,SKU_E,2,28
1354,W1,R2,SKU_A,3,244
1354,W1,R2,SKU_B,3,52
1354,W1,R2,SKU_C,3,131
1354,W1,R2,SKU_D,3,42
1354,W1,R2,SKU_E,3,52
1355,Supplier,W2,SKU_A,6,149
1355,Supplier,W2,SKU_B,6,49
1355,Supplier,W2,SKU_C,6,96
1355,Supplier,W2,SKU_D,6,54
1355,Supplier,W2,SKU_E,6,53
1355,W1,R2,SKU_B,3,57
1355,W1,R2,SKU_D,3,41
1355,W1,R2,SKU_E,3,47
1355,W2,R3,SKU_A,4,331
1355,W2,R3,SKU_B,4,108
1355,W2,R3,SKU_C,4,172
1355,W2,R3,SKU_D,4,117
1355,W2,R3,SKU_E,4,135
1356,Supplier,W1,SKU_A,5,471
1356,Supplier,W1,SKU_B,5,218
1356,Supplier,W1,SKU_C,5,262
1356,Supplier,W1,SKU_D,5,193
1356,Supplier,W1,SKU_E,5,155
1356,Supplier,W2,SKU_A,6,182
1356,Supplier,W2,SKU_B,6,59
1356,Supplier,W2,SKU_C,6,76
1356,Supplier,W2,SKU_D,6,63
1356,Supplier,W2,SKU_E,6,82
1356,W1,R1,SKU_A,2,286
1356,W1,R1,SKU_B,2,100
1356,W1,R1,SKU_D,2,85
1356,W1,R1,SKU_E,2,54
1356,W1,R1,SKU_C,2,163
1356,W1,R2,SKU_A,3,185
1356,W1,R2,SKU_B,3,46
1356,W1,R2,SKU_C,3,110
1356,W1,R2,SKU_D,3,35
1356,W1,R2,SKU_E,3,54
1356,W2,R3,SKU_A,4,161
1356,W2,R3,SKU_B,4,63
1356,W2,R3,SKU_C,4,107
1356,W2,R3,SKU_D,4,75
1356,W2,R3,SKU_E,4,82
1357,Supplier,W2,SKU_A,6,161
1357,Supplier,W2,SKU_B,6,63
1357,Supplier,W2,SKU_C,6,107
1357,Supplier,W2,SKU_D,6,75
1357,Supplier,W2,SKU_E,6,82
1357,W1,R2,SKU_B,3,54
1357,W1,R2,SKU_D,3,37
1357,W1,R2,SKU_E,3,40
1357,W2,R3,SKU_A,4,146
1357,W2,R3,SKU_B,4,78
1357,W2,R3,SKU_C,4,85
1357,W2,R3,SKU_D,4,67
1357,W2,R3,SKU_E,4,45
1358,Supplier,W1,SKU_A,5,479
1358,Supplier,W1,SKU_B,5,209
1358,Supplier,W1,SKU_C,5,251
1358,Supplier,W1,SKU_D,5,154
1358,Supplier,W1,SKU_E,5,170
1358,Supplier,W2,SKU_A,6,146
1358,Supplier,W2,SKU_B,6,78
1358,Supplier,W2,SKU_C,6,85
1358,Supplier,W2,SKU_D,6,67
1358,Supplier,W2,SKU_E,6,45
1358,W1,R1,SKU_A,2,301
1358,W1,R1,SKU_B,2,110
1358,W1,R1,SKU_C,2,198
1358,W1,R1,SKU_D,2,99
1358,W1,R1,SKU_E,2,91
1358,W1,R2,SKU_A,3,175
1358,W1,R2,SKU_B,3,65
1358,W1,R2,SKU_C,3,99
1358,W1,R2,SKU_D,3,21
1358,W1,R2,SKU_E,3,44
1358,W2,R3,SKU_A,4,187
1358,W2,R3,SKU_B,4,66
1358,W2,R3,SKU_C,4,118
1358,W2,R3,SKU_D,4,96
1358,W2,R3,SKU_E,4,72
1359,Supplier,W2,SKU_A,6,187
1359,Supplier,W2,SKU_B,6,66
1359,Supplier,W2,SKU_C,6,118
1359,Supplier,W2,SKU_D,6,96
1359,Supplier,W2,SKU_E,6,72
1359,W1,R1,SKU_A,2,222
1359,W1,R1,SKU_B,2,109
1359,W1,R1,SKU_C,2,161
1359,W1,R1,SKU_D,2,70
1359,W1,R1,SKU_E,2,61
1359,W1,R2,SKU_A,3,104
1359,W1,R2,SKU_B,3,72
1359,W1,R2,SKU_C,3,57
1359,W1,R2,SKU_D,3,45
1359,W1,R2,SKU_E,3,55
1359,W2,R3,SKU_A,4,241
1359,W2,R3,SKU_B,4,87
1359,W2,R3,SKU_C,4,141
1359,W2,R3,SKU_D,4,127
1359,W2,R3,SKU_E,4,88
1360,Supplier,W1,SKU_A,5,568
1360,Supplier,W1,SKU_B,5,302
1360,Supplier,W1,SKU_C,5,389
1360,Supplier,W1,SKU_D,5,194
1360,Supplier,W1,SKU_E,5,201
1360,Supplier,W2,SKU_A,6,241
1360,Supplier,W2,SKU_B,6,87
1360,Supplier,W2,SKU_C,6,141
1360,Supplier,W2,SKU_D,6,127
1360,Supplier,W2,SKU_E,6,88
1360,W1,R1,SKU_A,2,218
1360,W1,R1,SKU_B,2,112
1360,W1,R1,SKU_C,2,121
1360,W1,R1,SKU_D,2,80
1360,W1,R1,SKU_E,2,53
1360,W1,R2,SKU_B,3,69
1360,W1,R2,SKU_C,3,70
1360,W1,R2,SKU_D,3,42
1360,W1,R2,SKU_E,3,48
1360,W2,R3,SKU_A,4,222
1360,W2,R3,SKU_B,4,100
1360,W2,R3,SKU_C,4,115
1360,W2,R3,SKU_D,4,90
1360,W2,R3,SKU_E,4,82
1361,Supplier,W2,SKU_A,6,222
1361,Supplier,W2,SKU_B,6,100
1361,Supplier,W2,SKU_C,6,115
1361,Supplier,W2,SKU_D,6,90
1361,Supplier,W2,SKU_E,6,82
1361,W1,R2,SKU_A,3,205
1361,W1,R2,SKU_B,3,29
1361,W1,R2,SKU_C,3,48
1361,W1,R2,SKU_D,3,36
1361,W1,R2,SKU_E,3,31
1362,Supplier,W1,SKU_A,5,579
1362,Supplier,W1,SKU_B,5,241
1362,Supplier,W1,SKU_C,5,324
1362,Supplier,W1,SKU_D,5,217
1362,Supplier,W1,SKU_E,5,166
1362,Supplier,W2,SKU_A,6,146
1362,Supplier,W2,SKU_B,6,61
1362,Supplier,W2,SKU_C,6,95
1362,Supplier,W2,SKU_D,6,46
1362,Supplier,W2,SKU_E,6,58
1362,W1,R1,SKU_A,2,266
1362,W1,R1,SKU_B,2,82
1362,W1,R1,SKU_C,2,160
1362,W1,R1,SKU_D,2,98
1362,W1,R1,SKU_E,2,59
1362,W1,R2,SKU_B,3,41
1362,W1,R2,SKU_C,3,37
1362,W1,R2,SKU_D,3,35
1362,W1,R2,SKU_E,3,21
1362,W2,R3,SKU_A,4,288
1362,W2,R3,SKU_B,4,109
1362,W2,R3,SKU_C,4,176
1362,W2,R3,SKU_D,4,94
1362,W2,R3,SKU_E,4,94
1363,Supplier,W2,SKU_A,6,142
1363,Supplier,W2,SKU_B,6,48
1363,Supplier,W2,SKU_C,6,81
1363,Supplier,W2,SKU_D,6,48
1363,Supplier,W2,SKU_E,6,36
1363,W1,R2,SKU_A,3,159
1363,W1,R2,SKU_B,3,46
1363,W1,R2,SKU_C,3,40
1363,W1,R2,SKU_D,3,26
1363,W1,R2,SKU_E,3,38
1364,Supplier,W1,SKU_A,5,437
1364,Supplier,W1,SKU_B,5,179
1364,Supplier,W1,SKU_C,5,224
1364,Supplier,W1,SKU_D,5,153
1364,Supplier,W1,SKU_E,5,131
1364,Supplier,W2,SKU_A,6,158
1364,Supplier,W2,SKU_B,6,57
1364,Supplier,W2,SKU_C,6,84
1364,Supplier,W2,SKU_D,6,57
1364,Supplier,W2,SKU_E,6,65
1364,W1,R1,SKU_A,2,320
1364,W1,R1,SKU_B,2,114
1364,W1,R1,SKU_C,2,176
1364,W1,R1,SKU_D,2,95
1364,W1,R1,SKU_E,2,87
1364,W1,R2,SKU_B,3,30
1364,W1,R2,SKU_C,3,41
1364,W1,R2,SKU_D,3,42
1364,W1,R2,SKU_E,3,29
1364,W2,R3,SKU_A,4,332
1364,W2,R3,SKU_B,4,118
1364,W2,R3,SKU_C,4,161
1364,W2,R3,SKU_D,4,124
1364,W2,R3,SKU_E,4,112
1365,Supplier,W2,SKU_A,6,174
1365,Supplier,W2,SKU_B,6,61
1365,Supplier,W2,SKU_C,6,77
1365,Supplier,W2,SKU_D,6,67
1365,Supplier,W2,SKU_E,6,47
1365,W1,R1,SKU_A,2,195
1365,W1,R1,SKU_B,2,86
1365,W1,R1,SKU_C,2,90
1365,W1,R1,SKU_D,2,50
1365,W1,R1,SKU_E,2,44
1365,W1,R2,SKU_A,3,225
1365,W1,R2,SKU_B,3,52
1365,W1,R2,SKU_C,3,52
1365,W1,R2,SKU_D,3,30
1365,W1,R2,SKU_E,3,40
1365,W2,R3,SKU_A,4,159
1365,W2,R3,SKU_B,4,73
1365,W2,R3,SKU_C,4,129
1365,W2,R3,SKU_D,4,90
1365,W2,R3,SKU_E,4,75
1366,Supplier,W1,SKU_A,5,572
1366,Supplier,W1,SKU_B,5,241
1366,Supplier,W1,SKU_C,5,287
1366,Supplier,W1,SKU_D,5,164
1366,Supplier,W1,SKU_E,5,153
1366,Supplier,W2,SKU_A,6,159
1366,Supplier,W2,SKU_B,6,73
1366,Supplier,W2,SKU_C,6,129
1366,Supplier,W2,SKU_D,6,90
1366,Supplier,W2,SKU_E,6,75
1366,W1,R1,SKU_A,2,148
1366,W1,R1,SKU_B,2,88
1366,W1,R1,SKU_C,2,141
1366,W1,R1,SKU_D,2,52
1366,W1,R1,SKU_E,2,59
1366,W1,R2,SKU_B,3,70
1366,W1,R2,SKU_C,3,63
1366,W1,R2,SKU_D,3,43
1366,W1,R2,SKU_E,3,48
1366,W2,R3,SKU_A,4,256
1366,W2,R3,SKU_B,4,105
1366,W2,R3,SKU_C,4,143
1366,W2,R3,SKU_D,4,93
1366,W2,R3,SKU_E,4,79
1367,Supplier,W2,SKU_A,6,256
1367,Supplier,W2,SKU_B,6,105
1367,Supplier,W2,SKU_C,6,143
1367,Supplier,W2,SKU_D,6,93
1367,Supplier,W2,SKU_E,6,79
1367,W1,R1,SKU_A,2,250
1367,W1,R1,SKU_B,2,83
1367,W1,R1,SKU_C,2,122
1367,W1,R1,SKU_D,2,62
1367,W1,R1,SKU_E,2,49
1367,W1,R2,SKU_A,3,225
1367,W1,R2,SKU_B,3,49
1367,W1,R2,SKU_C,3,51
1367,W1,R2,SKU_D,3,48
1367,W1,R2,SKU_E,3,48
1367,W2,R3,SKU_A,4,233
1367,W2,R3,SKU_B,4,76
1367,W2,R3,SKU_C,4,171
1367,W2,R3,SKU_D,4,81
1367,W2,R3,SKU_E,4,101
1368,Supplier,W1,SKU_A,5,623
1368,Supplier,W1,SKU_B,5,290
1368,Supplier,W1,SKU_C,5,377
1368,Supplier,W1,SKU_D,5,205
1368,Supplier,W1,SKU_E,5,204
1368,Supplier,W2,SKU_A,6,233
1368,Supplier,W2,SKU_B,6,76
1368,Supplier,W2,SKU_C,6,171
1368,Supplier,W2,SKU_D,6,81
1368,Supplier,W2,SKU_E,6,101
1368,W1,R2,SKU_B,3,55
1368,W1,R2,SKU_C,3,43
1368,W1,R2,SKU_D,3,34
1368,W1,R2,SKU_E,3,45
1368,W2,R3,SKU_A,4,172
1368,W2,R3,SKU_B,4,62
1368,W2,R3,SKU_C,4,111
1368,W2,R3,SKU_D,4,78
1368,W2,R3,SKU_E,4,68
1369,Supplier,W2,SKU_A,6,172
1369,Supplier,W2,SKU_B,6,62
1369,Supplier,W2,SKU_C,6,111
1369,Supplier,W2,SKU_D,6,78
1369,Supplier,W2,SKU_E,6,68
1369,W1,R1,SKU_A,2,301
1369,W1,R1,SKU_B,2,104
1369,W1,R1,SKU_C,2,153
1369,W1,R1,SKU_D,2,102
1369,W1,R1,SKU_E,2,63
1369,W1,R2,SKU_A,3,193
1369,W1,R2,SKU_B,3,28
1369,W1,R2,SKU_C,3,32
1369,W1,R2,SKU_D,3,42
1369,W1,R2,SKU_E,3,38
1370,Supplier,W1,SKU_A,5,494
1370,Supplier,W1,SKU_B,5,187
1370,Supplier,W1,SKU_C,5,228
1370,Supplier,W1,SKU_D,5,178
1370,Supplier,W1,SKU_E,5,146
1370,Supplier,W2,SKU_A,6,167
1370,Supplier,W2,SKU_B,6,32
1370,Supplier,W2,SKU_C,6,86
1370,Supplier,W2,SKU_D,6,74
1370,Supplier,W2,SKU_E,6,59
1370,W1,R2,SKU_B,3,34
1370,W1,R2,SKU_C,3,49
1370,W1,R2,SKU_D,3,32
1370,W1,R2,SKU_E,3,25
1370,W2,R3,SKU_A,4,324
1370,W2,R3,SKU_B,4,100
1370,W2,R3,SKU_C,4,176
1370,W2,R3,SKU_D,4,131
1370,W2,R3,SKU_E,4,110
1371,Supplier,W2,SKU_A,6,157
1371,Supplier,W2,SKU_B,6,68
1371,Supplier,W2,SKU_C,6,90
1371,Supplier,W2,SKU_D,6,57
1371,Supplier,W2,SKU_E,6,51
1371,W1,R1,SKU_A,2,301
1371,W1,R1,SKU_B,2,121
1371,W1,R1,SKU_C,2,169
1371,W1,R1,SKU_D,2,103
1371,W1,R1,SKU_E,2,90
1371,W1,R2,SKU_A,3,191
1371,W1,R2,SKU_B,3,56
1371,W1,R2,SKU_C,3,54
1371,W1,R2,SKU_D,3,38
1371,W1,R2,SKU_E,3,55
1371,W2,R3,SKU_A,4,165
1371,W2,R3,SKU_B,4,56
1371,W2,R3,SKU_C,4,95
1371,W2,R3,SKU_D,4,98
1371,W2,R3,SKU_E,4,79
1372,Supplier,W1,SKU_A,5,492
1372,Supplier,W1,SKU_B,5,211
1372,Supplier,W1,SKU_C,5,272
1372,Supplier,W1,SKU_D,5,173
1372,Supplier,W1,SKU_E,5,170
1372,Supplier,W2,SKU_A,6,165
1372,Supplier,W2,SKU_B,6,56
1372,Supplier,W2,SKU_C,6,95
1372,Supplier,W2,SKU_D,6,98
1372,Supplier,W2,SKU_E,6,79
1372,W1,R1,SKU_A,2,127
1372,W1,R1,SKU_B,2,69
1372,W1,R1,SKU_C,2,80
1372,W1,R1,SKU_D,2,65
1372,W1,R1,SKU_E,2,60
1372,W1,R2,SKU_B,3,48
1372,W1,R2,SKU_C,3,52
1372,W1,R2,SKU_D,3,33
1372,W1,R2,SKU_E,3,48
1372,W2,R3,SKU_A,4,193
1372,W2,R3,SKU_B,4,69
1372,W2,R3,SKU_C,4,136
1372,W2,R3,SKU_D,4,80
1372,W2,R3,SKU_E,4,100
1373,Supplier,W2,SKU_A,6,193
1373,Supplier,W2,SKU_B,6,69
1373,Supplier,W2,SKU_C,6,136
1373,Supplier,W2,SKU_D,6,80
1373,Supplier,W2,SKU_E,6,100
1373,W1,R1,SKU_A,2,233
1373,W1,R1,SKU_B,2,96
1373,W1,R1,SKU_C,2,121
1373,W1,R1,SKU_D,2,71
1373,W1,R1,SKU_E,2,79
1373,W1,R2,SKU_A,3,213
1373,W1,R2,SKU_B,3,62
1373,W1,R2,SKU_C,3,67
1373,W1,R2,SKU_D,3,53
1373,W1,R2,SKU_E,3,77
1373,W2,R3,SKU_A,4,219
1373,W2,R3,SKU_B,4,106
1373,W2,R3,SKU_C,4,108
1373,W2,R3,SKU_D,4,110
1373,W2,R3,SKU_E,4,101
1374,Supplier,W1,SKU_A,5,573
1374,Supplier,W1,SKU_B,5,275
1374,Supplier,W1,SKU_C,5,320
1374,Supplier,W1,SKU_D,5,222
1374,Supplier,W1,SKU_E,5,264
1374,Supplier,W2,SKU_A,6,219
1374,Supplier,W2,SKU_B,6,106
1374,Supplier,W2,SKU_C,6,108
1374,Supplier,W2,SKU_D,6,110
1374,Supplier,W2,SKU_E,6,101
1374,W1,R1,SKU_A,2,177
1374,W1,R1,SKU_B,2,103
1374,W1,R1,SKU_C,2,111
1374,W1,R1,SKU_D,2,74
1374,W1,R1,SKU_E,2,58
1374,W1,R2,SKU_B,3,72
1374,W1,R2,SKU_C,3,47
1374,W1,R2,SKU_D,3,46
1374,W1,R2,SKU_E,3,67
1374,W2,R3,SKU_A,4,213
1374,W2,R3,SKU_B,4,96
1374,W2,R3,SKU_C,4,124
1374,W2,R3,SKU_D,4,98
1374,W2,R3,SKU_E,4,84
1375,Supplier,W2,SKU_A,6,213
1375,Supplier,W2,SKU_B,6,96
1375,Supplier,W2,SKU_C,6,124
1375,Supplier,W2,SKU_D,6,98
1375,Supplier,W2,SKU_E,6,84
1375,W1,R1,SKU_A,2,157
1375,W1,R1,SKU_B,2,46
1375,W1,R1,SKU_C,2,83
1375,W1,R1,SKU_D,2,63
1375,W1,R1,SKU_E,2,53
1375,W1,R2,SKU_A,3,218
1375,W1,R2,SKU_B,3,50
1375,W1,R2,SKU_C,3,39
1375,W1,R2,SKU_D,3,45
1375,W1,R2,SKU_E,3,72
1375,W2,R3,SKU_A,4,164
1375,W2,R3,SKU_B,4,59
1375,W2,R3,SKU_C,4,76
1375,W2,R3,SKU_D,4,57
1375,W2,R3,SKU_E,4,94
1376,Supplier,W1,SKU_A,5,552
1376,Supplier,W1,SKU_B,5,271
1376,Supplier,W1,SKU_C,5,280
1376,Supplier,W1,SKU_D,5,228
1376,Supplier,W1,SKU_E,5,250
1376,Supplier,W2,SKU_A,6,164
1376,Supplier,W2,SKU_B,6,59
1376,Supplier,W2,SKU_C,6,76
1376,Supplier,W2,SKU_D,6,57
1376,Supplier,W2,SKU_E,6,94
1376,W1,R2,SKU_A,3,12
1376,W1,R2,SKU_B,3,44
1376,W1,R2,SKU_C,3,45
1376,W1,R2,SKU_D,3,32
1376,W1,R2,SKU_E,3,26
1377,Supplier,W2,SKU_A,6,173
1377,Supplier,W2,SKU_B,6,50
1377,Supplier,W2,SKU_C,6,61
1377,Supplier,W2,SKU_D,6,57
1377,Supplier,W2,SKU_E,6,59
1377,W1,R1,SKU_A,2,189
1377,W1,R1,SKU_B,2,84
1377,W1,R1,SKU_C,2,111
1377,W1,R1,SKU_D,2,81
1377,W1,R1,SKU_E,2,70
1377,W1,R2,SKU_A,3,206
1377,W1,R2,SKU_B,3,51
1377,W1,R2,SKU_C,3,33
1377,W1,R2,SKU_D,3,33
1377,W1,R2,SKU_E,3,89
1377,W2,R3,SKU_A,4,298
1377,W2,R3,SKU_B,4,107
1377,W2,R3,SKU_C,4,155
1377,W2,R3,SKU_D,4,107
1377,W2,R3,SKU_E,4,119
1378,Supplier,W1,SKU_A,5,407
1378,Supplier,W1,SKU_B,5,179
1378,Supplier,W1,SKU_C,5,189
1378,Supplier,W1,SKU_D,5,146
1378,Supplier,W1,SKU_E,5,185
1378,Supplier,W2,SKU_A,6,125
1378,Supplier,W2,SKU_B,6,57
1378,Supplier,W2,SKU_C,6,94
1378,Supplier,W2,SKU_D,6,50
1378,Supplier,W2,SKU_E,6,60
1378,W1,R2,SKU_A,3,82
1378,W1,R2,SKU_B,3,48
1378,W1,R2,SKU_C,3,46
1378,W1,R2,SKU_D,3,32
1378,W1,R2,SKU_E,3,13
1379,Supplier,W2,SKU_A,6,161
1379,Supplier,W2,SKU_B,6,44
1379,Supplier,W2,SKU_C,6,80
1379,Supplier,W2,SKU_D,6,65
1379,Supplier,W2,SKU_E,6,76
1379,W1,R1,SKU_A,2,267
1379,W1,R1,SKU_B,2,118
1379,W1,R1,SKU_C,2,159
1379,W1,R1,SKU_D,2,97
1379,W1,R1,SKU_E,2,87
1379,W1,R2,SKU_A,3,119
1379,W1,R2,SKU_B,3,71
1379,W1,R2,SKU_C,3,49
1379,W1,R2,SKU_D,3,44
1379,W1,R2,SKU_E,3,78
1379,W2,R3,SKU_A,4,342
1379,W2,R3,SKU_B,4,126
1379,W2,R3,SKU_C,4,173
1379,W2,R3,SKU_D,4,148
1379,W2,R3,SKU_E,4,160
1380,Supplier,W1,SKU_A,5,468
1380,Supplier,W1,SKU_B,5,237
1380,Supplier,W1,SKU_C,5,254
1380,Supplier,W1,SKU_D,5,173
1380,Supplier,W1,SKU_E,5,178
1380,Supplier,W2,SKU_A,6,181
1380,Supplier,W2,SKU_B,6,82
1380,Supplier,W2,SKU_C,6,93
1380,Supplier,W2,SKU_D,6,83
1380,Supplier,W2,SKU_E,6,84
1380,W1,R1,SKU_A,2,207
1380,W1,R1,SKU_B,2,101
1380,W1,R1,SKU_C,2,148
1380,W1,R1,SKU_D,2,70
1380,W1,R1,SKU_E,2,77
1380,W1,R2,SKU_A,3,102
1380,W1,R2,SKU_B,3,60
1380,W1,R2,SKU_C,3,78
1380,W1,R2,SKU_D,3,46
1380,W1,R2,SKU_E,3,59
1380,W2,R3,SKU_A,4,196
1380,W2,R3,SKU_B,4,96
1380,W2,R3,SKU_C,4,157
1380,W2,R3,SKU_D,4,96
1380,W2,R3,SKU_E,4,90
1381,Supplier,W2,SKU_A,6,196
1381,Supplier,W2,SKU_B,6,96
1381,Supplier,W2,SKU_C,6,157
1381,Supplier,W2,SKU_D,6,96
1381,Supplier,W2,SKU_E,6,90
1381,W1,R1,SKU_A,2,202
1381,W1,R1,SKU_B,2,77
1381,W1,R1,SKU_C,2,143
1381,W1,R1,SKU_D,2,74
1381,W1,R1,SKU_E,2,46
1381,W1,R2,SKU_A,3,121
1381,W1,R2,SKU_B,3,72
1381,W1,R2,SKU_C,3,68
1381,W1,R2,SKU_D,3,49
1381,W1,R2,SKU_E,3,68
1381,W2,R3,SKU_A,4,182
1381,W2,R3,SKU_B,4,96
1381,W2,R3,SKU_C,4,154
1381,W2,R3,SKU_D,4,108
1381,W2,R3,SKU_E,4,97
1382,Supplier,W1,SKU_A,5,632
1382,Supplier,W1,SKU_B,5,310
1382,Supplier,W1,SKU_C,5,437
1382,Supplier,W1,SKU_D,5,239
1382,Supplier,W1,SKU_E,5,250
1382,Supplier,W2,SKU_A,6,182
1382,Supplier,W2,SKU_B,6,96
1382,Supplier,W2,SKU_C,6,154
1382,Supplier,W2,SKU_D,6,108
1382,Supplier,W2,SKU_E,6,97
1382,W1,R1,SKU_A,2,134
1382,W1,R1,SKU_B,2,55
1382,W1,R1,SKU_C,2,85
1382,W1,R1,SKU_D,2,72
1382,W1,R1,SKU_E,2,46
1382,W1,R2,SKU_A,3,95
1382,W1,R2,SKU_B,3,54
1382,W1,R2,SKU_C,3,32
1382,W1,R2,SKU_D,3,36
1382,W1,R2,SKU_E,3,56
1383,Supplier,W2,SKU_A,6,107
1383,Supplier,W2,SKU_B,6,53
1383,Supplier,W2,SKU_C,6,93
1383,Supplier,W2,SKU_D,6,64
1383,Supplier,W2,SKU_E,6,78
1383,W1,R2,SKU_A,3,94
1383,W1,R2,SKU_B,3,54
1383,W1,R2,SKU_C,3,39
1383,W1,R2,SKU_D,3,31
1383,W1,R2,SKU_E,3,47
1383,W2,R3,SKU_A,4,223
1383,W2,R3,SKU_B,4,87
1383,W2,R3,SKU_C,4,155
1383,W2,R3,SKU_D,4,127
1383,W2,R3,SKU_E,4,160
1384,Supplier,W1,SKU_A,5,472
1384,Supplier,W1,SKU_B,5,205
1384,Supplier,W1,SKU_C,5,227
1384,Supplier,W1,SKU_D,5,198
1384,Supplier,W1,SKU_E,5,171
1384,Supplier,W2,SKU_A,6,116
1384,Supplier,W2,SKU_B,6,34
1384,Supplier,W2,SKU_C,6,62
1384,Supplier,W2,SKU_D,6,63
1384,Supplier,W2,SKU_E,6,82
1384,W1,R1,SKU_A,2,254
1384,W1,R1,SKU_B,2,92
1384,W1,R1,SKU_C,2,132
1384,W1,R1,SKU_D,2,112
1384,W1,R1,SKU_E,2,58
1384,W1,R2,SKU_A,3,59
1384,W1,R2,SKU_B,3,55
1384,W1,R2,SKU_C,3,29
1384,W1,R2,SKU_D,3,20
1384,W1,R2,SKU_E,3,51
1385,Supplier,W2,SKU_A,6,119
1385,Supplier,W2,SKU_B,6,67
1385,Supplier,W2,SKU_C,6,60
1385,Supplier,W2,SKU_D,6,50
1385,Supplier,W2,SKU_E,6,75
1385,W1,R2,SKU_A,3,108
1385,W1,R2,SKU_B,3,32
1385,W1,R2,SKU_C,3,31
1385,W1,R2,SKU_D,3,34
1385,W1,R2,SKU_E,3,51
1385,W2,R3,SKU_A,4,263
1385,W2,R3,SKU_B,4,100
1385,W2,R3,SKU_C,4,127
1385,W2,R3,SKU_D,4,115
1385,W2,R3,SKU_E,4,129
1386,Supplier,W1,SKU_A,5,382
1386,Supplier,W1,SKU_B,5,176
1386,Supplier,W1,SKU_C,5,179
1386,Supplier,W1,SKU_D,5,146
1386,Supplier,W1,SKU_E,5,176
1386,Supplier,W2,SKU_A,6,144
1386,Supplier,W2,SKU_B,6,33
1386,Supplier,W2,SKU_C,6,67
1386,Supplier,W2,SKU_D,6,65
1386,Supplier,W2,SKU_E,6,54
1386,W1,R1,SKU_A,2,270
1386,W1,R1,SKU_B,2,106
1386,W1,R1,SKU_C,2,139
1386,W1,R1,SKU_D,2,103
1386,W1,R1,SKU_E,2,81
1386,W1,R2,SKU_A,3,84
1386,W1,R2,SKU_B,3,44
1386,W1,R2,SKU_C,3,45
1386,W1,R2,SKU_D,3,36
1386,W1,R2,SKU_E,3,55
1386,W2,R3,SKU_A,4,199
1386,W2,R3,SKU_B,4,58
1386,W2,R3,SKU_C,4,93
1386,W2,R3,SKU_D,4,85
1386,W2,R3,SKU_E,4,84
1387,Supplier,W2,SKU_A,6,199
1387,Supplier,W2,SKU_B,6,58
1387,Supplier,W2,SKU_C,6,93
1387,Supplier,W2,SKU_D,6,85
1387,Supplier,W2,SKU_E,6,84
1387,W1,R1,SKU_A,2,159
1387,W1,R1,SKU_B,2,129
1387,W1,R1,SKU_C,2,136
1387,W1,R1,SKU_D,2,58
1387,W1,R1,SKU_E,2,90
1387,W1,R2,SKU_A,3,120
1387,W1,R2,SKU_B,3,58
1387,W1,R2,SKU_C,3,54
1387,W1,R2,SKU_D,3,46
1387,W1,R2,SKU_E,3,84
1387,W2,R3,SKU_A,4,267
1387,W2,R3,SKU_B,4,91
1387,W2,R3,SKU_C,4,115
1387,W2,R3,SKU_D,4,139
1387,W2,R3,SKU_E,4,89
1388,Supplier,W1,SKU_A,5,523
1388,Supplier,W1,SKU_B,5,298
1388,Supplier,W1,SKU_C,5,316
1388,Supplier,W1,SKU_D,5,204
1388,Supplier,W1,SKU_E,5,272
1388,Supplier,W2,SKU_A,6,267
1388,Supplier,W2,SKU_B,6,91
1388,Supplier,W2,SKU_C,6,115
1388,Supplier,W2,SKU_D,6,139
1388,Supplier,W2,SKU_E,6,89
1388,W1,R1,SKU_A,2,172
1388,W1,R1,SKU_B,2,70
1388,W1,R1,SKU_C,2,121
1388,W1,R1,SKU_D,2,90
1388,W1,R1,SKU_E,2,64
1388,W1,R2,SKU_A,3,124
1388,W1,R2,SKU_B,3,83
1388,W1,R2,SKU_C,3,63
1388,W1,R2,SKU_D,3,42
1388,W1,R2,SKU_E,3,59
1388,W2,R3,SKU_A,4,256
1388,W2,R3,SKU_B,4,58
1388,W2,R3,SKU_C,4,128
1388,W2,R3,SKU_D,4,81
1388,W2,R3,SKU_E,4,80
1389,Supplier,W2,SKU_A,6,256
1389,Supplier,W2,SKU_B,6,58
1389,Supplier,W2,SKU_C,6,128
1389,Supplier,W2,SKU_D,6,81
1389,Supplier,W2,SKU_E,6,80
1389,W1,R2,SKU_A,3,86
1389,W1,R2,SKU_B,3,48
1389,W1,R2,SKU_C,3,31
1389,W1,R2,SKU_D,3,25
1389,W1,R2,SKU_E,3,40
1390,Supplier,W1,SKU_A,5,513
1390,Supplier,W1,SKU_B,5,260
1390,Supplier,W1,SKU_C,5,280
1390,Supplier,W1,SKU_D,5,206
1390,Supplier,W1,SKU_E,5,199
1390,Supplier,W2,SKU_A,6,187
1390,Supplier,W2,SKU_B,6,45
1390,Supplier,W2,SKU_C,6,65
1390,Supplier,W2,SKU_D,6,58
1390,Supplier,W2,SKU_E,6,58
1390,W1,R1,SKU_A,2,227
1390,W1,R1,SKU_B,2,124
1390,W1,R1,SKU_C,2,129
1390,W1,R1,SKU_D,2,101
1390,W1,R1,SKU_E,2,82
1390,W1,R2,SKU_A,3,66
1390,W1,R2,SKU_B,3,33
1390,W1,R2,SKU_C,3,45
1390,W1,R2,SKU_D,3,30
1390,W1,R2,SKU_E,3,38
1390,W2,R3,SKU_A,4,353
1390,W2,R3,SKU_B,4,78
1390,W2,R3,SKU_C,4,142
1390,W2,R3,SKU_D,4,127
1390,W2,R3,SKU_E,4,111
1391,Supplier,W2,SKU_A,6,166
1391,Supplier,W2,SKU_B,6,33
1391,Supplier,W2,SKU_C,6,77
1391,Supplier,W2,SKU_D,6,69
1391,Supplier,W2,SKU_E,6,53
1391,W1,R2,SKU_A,3,77
1391,W1,R2,SKU_B,3,39
1391,W1,R2,SKU_C,3,46
1391,W1,R2,SKU_D,3,23
1391,W1,R2,SKU_E,3,50
1392,Supplier,W1,SKU_A,5,358
1392,Supplier,W1,SKU_B,5,206
1392,Supplier,W1,SKU_C,5,217
1392,Supplier,W1,SKU_D,5,158
1392,Supplier,W1,SKU_E,5,168
1392,Supplier,W2,SKU_A,6,176
1392,Supplier,W2,SKU_B,6,39
1392,Supplier,W2,SKU_C,6,69
1392,Supplier,W2,SKU_D,6,81
1392,Supplier,W2,SKU_E,6,54
1392,W1,R1,SKU_A,2,217
1392,W1,R1,SKU_B,2,128
1392,W1,R1,SKU_C,2,133
1392,W1,R1,SKU_D,2,92
1392,W1,R1,SKU_E,2,83
1392,W1,R2,SKU_A,3,72
1392,W1,R2,SKU_B,3,24
1392,W1,R2,SKU_C,3,39
1392,W1,R2,SKU_D,3,38
1392,W1,R2,SKU_E,3,47
1392,W2,R3,SKU_A,4,351
1392,W2,R3,SKU_B,4,88
1392,W2,R3,SKU_C,4,168
1392,W2,R3,SKU_D,4,149
1392,W2,R3,SKU_E,4,123
1393,Supplier,W2,SKU_A,6,175
1393,Supplier,W2,SKU_B,6,49
1393,Supplier,W2,SKU_C,6,99
1393,Supplier,W2,SKU_D,6,68
1393,Supplier,W2,SKU_E,6,69
1393,W1,R1,SKU_A,2,126
1393,W1,R1,SKU_B,2,70
1393,W1,R1,SKU_C,2,93
1393,W1,R1,SKU_D,2,59
1393,W1,R1,SKU_E,2,53
1393,W1,R2,SKU_A,3,83
1393,W1,R2,SKU_B,3,31
1393,W1,R2,SKU_C,3,46
1393,W1,R2,SKU_D,3,39
1393,W1,R2,SKU_E,3,49
1393,W2,R3,SKU_A,4,199
1393,W2,R3,SKU_B,4,45
1393,W2,R3,SKU_C,4,76
1393,W2,R3,SKU_D,4,77
1393,W2,R3,SKU_E,4,70
1394,Supplier,W1,SKU_A,5,379
1394,Supplier,W1,SKU_B,5,184
1394,Supplier,W1,SKU_C,5,249
1394,Supplier,W1,SKU_D,5,175
1394,Supplier,W1,SKU_E,5,198
1394,Supplier,W2,SKU_A,6,199
1394,Supplier,W2,SKU_B,6,45
1394,Supplier,W2,SKU_C,6,76
1394,Supplier,W2,SKU_D,6,77
1394,Supplier,W2,SKU_E,6,70
1394,W1,R1,SKU_A,2,173
1394,W1,R1,SKU_B,2,106
1394,W1,R1,SKU_C,2,116
1394,W1,R1,SKU_D,2,77
1394,W1,R1,SKU_E,2,70
1394,W1,R2,SKU_A,3,98
1394,W1,R2,SKU_B,3,69
1394,W1,R2,SKU_C,3,55
1394,W1,R2,SKU_D,3,46
1394,W1,R2,SKU_E,3,70
1394,W2,R3,SKU_A,4,251
1394,W2,R3,SKU_B,4,66
1394,W2,R3,SKU_C,4,107
1394,W2,R3,SKU_D,4,130
1394,W2,R3,SKU_E,4,83
1395,Supplier,W2,SKU_A,6,251
1395,Supplier,W2,SKU_B,6,66
1395,Supplier,W2,SKU_C,6,107
1395,Supplier,W2,SKU_D,6,130
1395,Supplier,W2,SKU_E,6,83
1395,W1,R1,SKU_A,2,172
1395,W1,R1,SKU_B,2,95
1395,W1,R1,SKU_C,2,128
1395,W1,R1,SKU_D,2,86
1395,W1,R1,SKU_E,2,48
1395,W1,R2,SKU_A,3,109
1395,W1,R2,SKU_B,3,62
1395,W1,R2,SKU_C,3,66
1395,W1,R2,SKU_D,3,44
1395,W1,R2,SKU_E,3,63
1395,W2,R3,SKU_A,4,216
1395,W2,R3,SKU_B,4,84
1395,W2,R3,SKU_C,4,105
1395,W2,R3,SKU_D,4,99
1395,W2,R3,SKU_E,4,75
1396,Supplier,W1,SKU_A,5,552
1396,Supplier,W1,SKU_B,5,332
1396,Supplier,W1,SKU_C,5,365
1396,Supplier,W1,SKU_D,5,253
1396,Supplier,W1,SKU_E,5,251
1396,Supplier,W2,SKU_A,6,216
1396,Supplier,W2,SKU_B,6,84
1396,Supplier,W2,SKU_C,6,105
1396,Supplier,W2,SKU_D,6,99
1396,Supplier,W2,SKU_E,6,75
1396,W1,R2,SKU_A,3,119
1396,W1,R2,SKU_B,3,53
1396,W1,R2,SKU_C,3,47
1396,W1,R2,SKU_D,3,34
1396,W1,R2,SKU_E,3,62
1396,W2,R3,SKU_A,4,157
1396,W2,R3,SKU_B,4,53
1396,W2,R3,SKU_C,4,71
1396,W2,R3,SKU_D,4,99
1396,W2,R3,SKU_E,4,56
1397,Supplier,W2,SKU_A,6,157
1397,Supplier,W2,SKU_B,6,53
1397,Supplier,W2,SKU_C,6,71
1397,Supplier,W2,SKU_D,6,99
1397,Supplier,W2,SKU_E,6,56
1397,W1,R1,SKU_A,2,285
1397,W1,R1,SKU_B,2,145
1397,W1,R1,SKU_C,2,144
1397,W1,R1,SKU_D,2,131
1397,W1,R1,SKU_E,2,76
1397,W1,R2,SKU_A,3,89
1397,W1,R2,SKU_B,3,52
1397,W1,R2,SKU_C,3,51
1397,W1,R2,SKU_D,3,35
1397,W1,R2,SKU_E,3,57
1397,W2,R3,SKU_A,4,178
1397,W2,R3,SKU_B,4,67
1397,W2,R3,SKU_C,4,90
1397,W2,R3,SKU_D,4,87
1397,W2,R3,SKU_E,4,67
1398,Supplier,W1,SKU_A,5,493
1398,Supplier,W1,SKU_B,5,250
1398,Supplier,W1,SKU_C,5,242
1398,Supplier,W1,SKU_D,5,200
1398,Supplier,W1,SKU_E,5,195
1398,Supplier,W2,SKU_A,6,178
1398,Supplier,W2,SKU_B,6,67
1398,Supplier,W2,SKU_C,6,90
1398,Supplier,W2,SKU_D,6,87
1398,Supplier,W2,SKU_E,6,67
1398,W1,R1,SKU_A,2,179
1398,W1,R1,SKU_B,2,100
1398,W1,R1,SKU_C,2,70
1398,W1,R1,SKU_D,2,77
1398,W1,R1,SKU_E,2,43
1398,W1,R2,SKU_A,3,112
1398,W1,R2,SKU_B,3,57
1398,W1,R2,SKU_C,3,57
1398,W1,R2,SKU_D,3,39
1398,W1,R2,SKU_E,3,58
1398,W2,R3,SKU_A,4,224
1398,W2,R3,SKU_B,4,60
1398,W2,R3,SKU_C,4,106
1398,W2,R3,SKU_D,4,110
1398,W2,R3,SKU_E,4,83
1399,Supplier,W2,SKU_A,6,224
1399,Supplier,W2,SKU_B,6,60
1399,Supplier,W2,SKU_C,6,106
1399,Supplier,W2,SKU_D,6,110
1399,Supplier,W2,SKU_E,6,83
1399,W1,R1,SKU_A,2,256
1399,W1,R1,SKU_B,2,166
1399,W1,R1,SKU_C,2,160
1399,W1,R1,SKU_D,2,115
1399,W1,R1,SKU_E,2,97
1399,W1,R2,SKU_A,3,144
1399,W1,R2,SKU_B,3,37
1399,W1,R2,SKU_C,3,79
1399,W1,R2,SKU_D,3,61
1399,W1,R2,SKU_E,3,74
1399,W2,R3,SKU_A,4,328
1399,W2,R3,SKU_B,4,73
1399,W2,R3,SKU_C,4,198
1399,W2,R3,SKU_D,4,164
1399,W2,R3,SKU_E,4,121
1400,Supplier,W1,SKU_A,5,700
1400,Supplier,W1,SKU_B,5,418
1400,Supplier,W1,SKU_C,5,366
1400,Supplier,W1,SKU_D,5,292
1400,Supplier,W1,SKU_E,5,272
1400,Supplier,W2,SKU_A,6,328
1400,Supplier,W2,SKU_B,6,73
1400,Supplier,W2,SKU_C,6,198
1400,Supplier,W2,SKU_D,6,164
1400,Supplier,W2,SKU_E,6,121
1400,W2,R3,SKU_A,4,241
1400,W2,R3,SKU_B,4,51
1400,W2,R3,SKU_C,4,133
1400,W2,R3,SKU_D,4,126
1400,W2,R3,SKU_E,4,116
1401,Supplier,W1,SKU_A,5,304
1401,Supplier,W1,SKU_B,5,194
1401,Supplier,W1,SKU_C,5,196
1401,Supplier,W1,SKU_D,5,133
1401,Supplier,W1,SKU_E,5,115
1401,Supplier,W2,SKU_A,6,241
1401,Supplier,W2,SKU_B,6,51
1401,Supplier,W2,SKU_C,6,133
1401,Supplier,W2,SKU_D,6,126
1401,Supplier,W2,SKU_E,6,116
1401,W1,R1,SKU_C,2,244
1401,W1,R1,SKU_D,2,146
1401,W1,R1,SKU_E,2,130
1401,W1,R1,SKU_A,2,370
1401,W1,R1,SKU_B,2,203
1401,W1,R2,SKU_A,3,182
1401,W1,R2,SKU_B,3,129
1401,W1,R2,SKU_C,3,100
1401,W1,R2,SKU_D,3,82
1401,W1,R2,SKU_E,3,115
1401,W2,R3,SKU_A,4,204
1401,W2,R3,SKU_B,4,69
1401,W2,R3,SKU_C,4,106
1401,W2,R3,SKU_D,4,84
1401,W2,R3,SKU_E,4,74
1402,Supplier,W2,SKU_A,6,204
1402,Supplier,W2,SKU_B,6,69
1402,Supplier,W2,SKU_C,6,106
1402,Supplier,W2,SKU_D,6,84
1402,Supplier,W2,SKU_E,6,74
1402,W2,R3,SKU_A,4,213
1402,W2,R3,SKU_B,4,55
1402,W2,R3,SKU_C,4,123
1402,W2,R3,SKU_D,4,87
1402,W2,R3,SKU_E,4,57
1403,Supplier,W1,SKU_A,5,554
1403,Supplier,W1,SKU_B,5,310
1403,Supplier,W1,SKU_C,5,292
1403,Supplier,W1,SKU_D,5,178
1403,Supplier,W1,SKU_E,5,249
1403,Supplier,W2,SKU_A,6,213
1403,Supplier,W2,SKU_B,6,55
1403,Supplier,W2,SKU_C,6,123
1403,Supplier,W2,SKU_D,6,87
1403,Supplier,W2,SKU_E,6,57
1403,W1,R1,SKU_C,2,179
1403,W1,R1,SKU_D,2,98
1403,W1,R1,SKU_E,2,114
1403,W1,R1,SKU_A,2,313
1403,W1,R1,SKU_B,2,156
1403,W1,R2,SKU_C,3,74
1403,W1,R2,SKU_D,3,74
1403,W1,R2,SKU_A,3,180
1403,W1,R2,SKU_B,3,94
1403,W1,R2,SKU_E,3,117
1403,W2,R3,SKU_A,4,180
1403,W2,R3,SKU_B,4,60
1403,W2,R3,SKU_C,4,89
1403,W2,R3,SKU_D,4,74
1403,W2,R3,SKU_E,4,66
1404,Supplier,W2,SKU_A,6,180
1404,Supplier,W2,SKU_B,6,60
1404,Supplier,W2,SKU_C,6,89
1404,Supplier,W2,SKU_D,6,74
1404,Supplier,W2,SKU_E,6,66
1404,W2,R3,SKU_A,4,184
1404,W2,R3,SKU_B,4,57
1404,W2,R3,SKU_C,4,87
1404,W2,R3,SKU_D,4,77
1404,W2,R3,SKU_E,4,57
1405,Supplier,W1,SKU_A,5,409
1405,Supplier,W1,SKU_B,5,212
1405,Supplier,W1,SKU_C,5,210
1405,Supplier,W1,SKU_D,5,184
1405,Supplier,W1,SKU_E,5,208
1405,Supplier,W2,SKU_A,6,184
1405,Supplier,W2,SKU_B,6,57
1405,Supplier,W2,SKU_C,6,87
1405,Supplier,W2,SKU_D,6,77
1405,Supplier,W2,SKU_E,6,57
1405,W1,R1,SKU_C,2,145
1405,W1,R1,SKU_D,2,102
1405,W1,R1,SKU_E,2,99
1405,W1,R1,SKU_A,2,229
1405,W1,R1,SKU_B,2,117
1405,W1,R2,SKU_C,3,91
1405,W1,R2,SKU_D,3,86
1405,W1,R2,SKU_A,3,220
1405,W1,R2,SKU_B,3,200
1405,W1,R2,SKU_E,3,98
1405,W2,R3,SKU_A,4,189
1405,W2,R3,SKU_B,4,49
1405,W2,R3,SKU_C,4,104
1405,W2,R3,SKU_D,4,110
1405,W2,R3,SKU_E,4,85
1406,Supplier,W2,SKU_A,6,189
1406,Supplier,W2,SKU_B,6,49
1406,Supplier,W2,SKU_C,6,104
1406,Supplier,W2,SKU_D,6,110
1406,Supplier,W2,SKU_E,6,85
1406,W1,R1,SKU_A,2,155
1406,W1,R1,SKU_B,2,74
1406,W1,R1,SKU_C,2,64
1406,W1,R1,SKU_D,2,58
1406,W1,R1,SKU_E,2,58
1406,W1,R2,SKU_A,3,122
1406,W1,R2,SKU_B,3,53
1406,W1,R2,SKU_C,3,51
1406,W1,R2,SKU_D,3,45
1406,W1,R2,SKU_E,3,48
1406,W2,R3,SKU_A,4,165
1406,W2,R3,SKU_B,4,44
1406,W2,R3,SKU_C,4,74
1406,W2,R3,SKU_D,4,80
1406,W2,R3,SKU_E,4,80
1407,Supplier,W1,SKU_A,5,495
1407,Supplier,W1,SKU_B,5,252
1407,Supplier,W1,SKU_C,5,250
1407,Supplier,W1,SKU_D,5,196
1407,Supplier,W1,SKU_E,5,207
1407,Supplier,W2,SKU_A,6,165
1407,Supplier,W2,SKU_B,6,44
1407,Supplier,W2,SKU_C,6,74
1407,Supplier,W2,SKU_D,6,80
1407,Supplier,W2,SKU_E,6,80
1407,W1,R1,SKU_A,2,175
1407,W1,R1,SKU_B,2,97
1407,W1,R1,SKU_C,2,94
1407,W1,R1,SKU_D,2,93
1407,W1,R1,SKU_E,2,70
1407,W1,R2,SKU_A,3,103
1407,W1,R2,SKU_B,3,59
1407,W1,R2,SKU_C,3,46
1407,W1,R2,SKU_D,3,39
1407,W1,R2,SKU_E,3,15
1407,W2,R3,SKU_A,4,222
1407,W2,R3,SKU_B,4,78
1407,W2,R3,SKU_C,4,113
1407,W2,R3,SKU_D,4,113
1407,W2,R3,SKU_E,4,90
1408,Supplier,W2,SKU_A,6,222
1408,Supplier,W2,SKU_B,6,78
1408,Supplier,W2,SKU_C,6,113
1408,Supplier,W2,SKU_D,6,113
1408,Supplier,W2,SKU_E,6,90
1408,W1,R1,SKU_A,2,171
1408,W1,R1,SKU_B,2,122
1408,W1,R1,SKU_C,2,155
1408,W1,R1,SKU_D,2,96
1408,W1,R1,SKU_E,2,70
1408,W1,R2,SKU_A,3,160
1408,W1,R2,SKU_B,3,77
1408,W1,R2,SKU_C,3,61
1408,W1,R2,SKU_D,3,47
1408,W1,R2,SKU_E,3,99
1408,W2,R3,SKU_A,4,244
1408,W2,R3,SKU_B,4,76
1408,W2,R3,SKU_C,4,134
1408,W2,R3,SKU_D,4,136
1408,W2,R3,SKU_E,4,90
1409,Supplier,W1,SKU_A,5,609
1409,Supplier,W1,SKU_B,5,355
1409,Supplier,W1,SKU_C,5,356
1409,Supplier,W1,SKU_D,5,275
1409,Supplier,W1,SKU_E,5,254
1409,Supplier,W2,SKU_A,6,244
1409,Supplier,W2,SKU_B,6,76
1409,Supplier,W2,SKU_C,6,134
1409,Supplier,W2,SKU_D,6,136
1409,Supplier,W2,SKU_E,6,90
1409,W1,R1,SKU_A,2,210
1409,W1,R1,SKU_B,2,100
1409,W1,R1,SKU_C,2,136
1409,W1,R1,SKU_D,2,80
1409,W1,R1,SKU_E,2,64
1409,W1,R2,SKU_A,3,13
1409,W1,R2,SKU_B,3,23
1409,W1,R2,SKU_C,3,64
1409,W1,R2,SKU_D,3,53
1409,W1,R2,SKU_E,3,16
1409,W2,R3,SKU_A,4,263
1409,W2,R3,SKU_B,4,89
1409,W2,R3,SKU_C,4,114
1409,W2,R3,SKU_D,4,111
1409,W2,R3,SKU_E,4,93
1410,Supplier,W2,SKU_A,6,263
1410,Supplier,W2,SKU_B,6,89
1410,Supplier,W2,SKU_C,6,114
1410,Supplier,W2,SKU_D,6,111
1410,Supplier,W2,SKU_E,6,93
1410,W1,R1,SKU_A,2,119
1410,W1,R1,SKU_B,2,68
1410,W1,R1,SKU_C,2,89
1410,W1,R1,SKU_D,2,57
1410,W1,R1,SKU_E,2,49
1410,W1,R2,SKU_A,3,205
1410,W1,R2,SKU_B,3,95
1410,W1,R2,SKU_C,3,35
1410,W1,R2,SKU_D,3,38
1410,W1,R2,SKU_E,3,100
1410,W2,R3,SKU_A,4,198
1410,W2,R3,SKU_B,4,52
1410,W2,R3,SKU_C,4,93
1410,W2,R3,SKU_D,4,99
1410,W2,R3,SKU_E,4,83
1411,Supplier,W1,SKU_A,5,547
1411,Supplier,W1,SKU_B,5,286
1411,Supplier,W1,SKU_C,5,324
1411,Supplier,W1,SKU_D,5,228
1411,Supplier,W1,SKU_E,5,229
1411,Supplier,W2,SKU_A,6,198
1411,Supplier,W2,SKU_B,6,52
1411,Supplier,W2,SKU_C,6,93
1411,Supplier,W2,SKU_D,6,99
1411,Supplier,W2,SKU_E,6,83
1411,W1,R2,SKU_C,3,54
1411,W1,R2,SKU_D,3,43
1411,W1,R2,SKU_E,3,17
1411,W2,R3,SKU_A,4,190
1411,W2,R3,SKU_B,4,55
1411,W2,R3,SKU_C,4,93
1411,W2,R3,SKU_D,4,95
1411,W2,R3,SKU_E,4,67
1412,Supplier,W2,SKU_A,6,190
1412,Supplier,W2,SKU_B,6,55
1412,Supplier,W2,SKU_C,6,93
1412,Supplier,W2,SKU_D,6,95
1412,Supplier,W2,SKU_E,6,67
1412,W1,R1,SKU_A,2,274
1412,W1,R1,SKU_B,2,119
1412,W1,R1,SKU_C,2,172
1412,W1,R1,SKU_D,2,134
1412,W1,R1,SKU_E,2,87
1412,W1,R2,SKU_A,3,205
1412,W1,R2,SKU_B,3,92
1412,W1,R2,SKU_C,3,43
1412,W1,R2,SKU_D,3,41
1412,W1,R2,SKU_E,3,50
1412,W2,R3,SKU_A,4,174
1412,W2,R3,SKU_B,4,49
1412,W2,R3,SKU_C,4,80
1412,W2,R3,SKU_D,4,75
1412,W2,R3,SKU_E,4,72
1413,Supplier,W1,SKU_A,5,479
1413,Supplier,W1,SKU_B,5,211
1413,Supplier,W1,SKU_C,5,269
1413,Supplier,W1,SKU_D,5,218
1413,Supplier,W1,SKU_E,5,154
1413,Supplier,W2,SKU_A,6,174
1413,Supplier,W2,SKU_B,6,49
1413,Supplier,W2,SKU_C,6,80
1413,Supplier,W2,SKU_D,6,75
1413,Supplier,W2,SKU_E,6,72
1413,W1,R2,SKU_B,3,40
1413,W1,R2,SKU_C,3,15
1413,W1,R2,SKU_D,3,23
1413,W1,R2,SKU_E,3,38
1413,W2,R3,SKU_A,4,190
1413,W2,R3,SKU_B,4,65
1413,W2,R3,SKU_C,4,75
1413,W2,R3,SKU_D,4,83
1413,W2,R3,SKU_E,4,61
1414,Supplier,W2,SKU_A,6,190
1414,Supplier,W2,SKU_B,6,65
1414,Supplier,W2,SKU_C,6,75
1414,Supplier,W2,SKU_D,6,83
1414,Supplier,W2,SKU_E,6,61
1414,W1,R1,SKU_A,2,282
1414,W1,R1,SKU_B,2,123
1414,W1,R1,SKU_C,2,171
1414,W1,R1,SKU_D,2,119
1414,W1,R1,SKU_E,2,106
1414,W1,R2,SKU_A,3,163
1414,W1,R2,SKU_B,3,43
1414,W1,R2,SKU_C,3,54
1414,W1,R2,SKU_D,3,43
1414,W1,R2,SKU_E,3,52
1414,W2,R3,SKU_A,4,222
1414,W2,R3,SKU_B,4,60
1414,W2,R3,SKU_C,4,115
1414,W2,R3,SKU_D,4,111
1414,W2,R3,SKU_E,4,81
1415,Supplier,W1,SKU_A,5,445
1415,Supplier,W1,SKU_B,5,206
1415,Supplier,W1,SKU_C,5,240
1415,Supplier,W1,SKU_D,5,185
1415,Supplier,W1,SKU_E,5,196
1415,Supplier,W2,SKU_A,6,222
1415,Supplier,W2,SKU_B,6,60
1415,Supplier,W2,SKU_C,6,115
1415,Supplier,W2,SKU_D,6,111
1415,Supplier,W2,SKU_E,6,81
1415,W1,R1,SKU_A,2,194
1415,W1,R1,SKU_B,2,119
1415,W1,R1,SKU_C,2,134
1415,W1,R1,SKU_D,2,80
1415,W1,R1,SKU_E,2,94
1415,W1,R2,SKU_A,3,71
1415,W1,R2,SKU_B,3,58
1415,W1,R2,SKU_C,3,65
1415,W1,R2,SKU_D,3,60
1415,W1,R2,SKU_E,3,69
1415,W2,R3,SKU_A,4,300
1415,W2,R3,SKU_B,4,75
1415,W2,R3,SKU_C,4,166
1415,W2,R3,SKU_D,4,141
1415,W2,R3,SKU_E,4,96
1416,Supplier,W1,SKU_A,5,312
1416,Supplier,W1,SKU_B,5,177
1416,Supplier,W1,SKU_C,5,199
1416,Supplier,W1,SKU_D,5,140
1416,Supplier,W1,SKU_E,5,163
1416,Supplier,W2,SKU_A,6,300
1416,Supplier,W2,SKU_B,6,75
1416,Supplier,W2,SKU_C,6,166
1416,Supplier,W2,SKU_D,6,141
1416,Supplier,W2,SKU_E,6,96
1416,W1,R1,SKU_A,2,196
1416,W1,R1,SKU_B,2,111
1416,W1,R1,SKU_C,2,98
1416,W1,R1,SKU_D,2,78
1416,W1,R1,SKU_E,2,76
1416,W1,R2,SKU_A,3,147
1416,W1,R2,SKU_B,3,67
1416,W1,R2,SKU_C,3,43
1416,W1,R2,SKU_D,3,55
1416,W1,R2,SKU_E,3,59
1416,W2,R3,SKU_A,4,291
1416,W2,R3,SKU_B,4,71
1416,W2,R3,SKU_C,4,143
1416,W2,R3,SKU_D,4,147
1416,W2,R3,SKU_E,4,93
1417,Supplier,W2,SKU_A,6,291
1417,Supplier,W2,SKU_B,6,71
1417,Supplier,W2,SKU_C,6,143
1417,Supplier,W2,SKU_D,6,147
1417,Supplier,W2,SKU_E,6,93
1417,W1,R1,SKU_A,2,166
1417,W1,R1,SKU_B,2,77
1417,W1,R1,SKU_C,2,83
1417,W1,R1,SKU_D,2,57
1417,W1,R1,SKU_E,2,62
1417,W1,R2,SKU_A,3,38
1417,W1,R2,SKU_B,3,50
1417,W1,R2,SKU_C,3,36
1417,W1,R2,SKU_D,3,41
1417,W1,R2,SKU_E,3,39
1417,W2,R3,SKU_A,4,258
1417,W2,R3,SKU_B,4,70
1417,W2,R3,SKU_C,4,93
1417,W2,R3,SKU_D,4,96
1417,W2,R3,SKU_E,4,91
1418,Supplier,W1,SKU_A,5,565
1418,Supplier,W1,SKU_B,5,305
1418,Supplier,W1,SKU_C,5,260
1418,Supplier,W1,SKU_D,5,231
1418,Supplier,W1,SKU_E,5,250
1418,Supplier,W2,SKU_A,6,258
1418,Supplier,W2,SKU_B,6,70
1418,Supplier,W2,SKU_C,6,93
1418,Supplier,W2,SKU_D,6,96
1418,Supplier,W2,SKU_E,6,91
1418,W1,R1,SKU_A,2,127
1418,W1,R1,SKU_B,2,75
1418,W1,R1,SKU_C,2,85
1418,W1,R1,SKU_D,2,58
1418,W1,R1,SKU_E,2,57
1418,W1,R2,SKU_A,3,150
1418,W1,R2,SKU_B,3,36
1418,W1,R2,SKU_C,3,30
1418,W1,R2,SKU_D,3,33
1418,W1,R2,SKU_E,3,66
1418,W2,R3,SKU_A,4,210
1418,W2,R3,SKU_B,4,51
1418,W2,R3,SKU_C,4,95
1418,W2,R3,SKU_D,4,97
1418,W2,R3,SKU_E,4,68
1419,Supplier,W2,SKU_A,6,210
1419,Supplier,W2,SKU_B,6,51
1419,Supplier,W2,SKU_C,6,95
1419,Supplier,W2,SKU_D,6,97
1419,Supplier,W2,SKU_E,6,68
1419,W1,R1,SKU_A,2,138
1419,W1,R1,SKU_B,2,72
1419,W1,R1,SKU_C,2,83
1419,W1,R1,SKU_D,2,60
1419,W1,R1,SKU_E,2,31
1419,W1,R2,SKU_A,3,64
1419,W1,R2,SKU_B,3,44
1419,W1,R2,SKU_C,3,39
1419,W1,R2,SKU_D,3,31
1419,W2,R3,SKU_A,4,186
1419,W2,R3,SKU_B,4,46
1419,W2,R3,SKU_C,4,74
1419,W2,R3,SKU_D,4,95
1419,W2,R3,SKU_E,4,59
1420,Supplier,W1,SKU_A,5,441
1420,Supplier,W1,SKU_B,5,227
1420,Supplier,W1,SKU_C,5,237
1420,Supplier,W1,SKU_D,5,182
1420,Supplier,W1,SKU_E,5,208
1420,Supplier,W2,SKU_A,6,186
1420,Supplier,W2,SKU_B,6,46
1420,Supplier,W2,SKU_C,6,74
1420,Supplier,W2,SKU_D,6,95
1420,Supplier,W2,SKU_E,6,59
1420,W1,R1,SKU_A,2,154
1420,W1,R1,SKU_B,2,92
1420,W1,R1,SKU_C,2,111
1420,W1,R1,SKU_D,2,76
1420,W1,R1,SKU_E,2,89
1420,W1,R2,SKU_A,3,128
1420,W1,R2,SKU_B,3,64
1420,W1,R2,SKU_C,3,58
1420,W1,R2,SKU_D,3,52
1420,W1,R2,SKU_E,3,97
1420,W2,R3,SKU_A,4,242
1420,W2,R3,SKU_B,4,65
1420,W2,R3,SKU_C,4,139
1420,W2,R3,SKU_D,4,154
1420,W2,R3,SKU_E,4,69
1421,Supplier,W2,SKU_A,6,242
1421,Supplier,W2,SKU_B,6,65
1421,Supplier,W2,SKU_C,6,139
1421,Supplier,W2,SKU_D,6,154
1421,Supplier,W2,SKU_E,6,69
1421,W1,R1,SKU_A,2,203
1421,W1,R1,SKU_B,2,89
1421,W1,R1,SKU_C,2,136
1421,W1,R1,SKU_D,2,90
1421,W1,R1,SKU_E,2,74
1421,W1,R2,SKU_A,3,94
1421,W1,R2,SKU_B,3,53
1421,W1,R2,SKU_C,3,50
1421,W1,R2,SKU_D,3,39
1421,W1,R2,SKU_E,3,54
1421,W2,R3,SKU_A,4,235
1421,W2,R3,SKU_B,4,51
1421,W2,R3,SKU_C,4,120
1421,W2,R3,SKU_D,4,127
1421,W2,R3,SKU_E,4,87
1422,Supplier,W1,SKU_A,5,552
1422,Supplier,W1,SKU_B,5,298
1422,Supplier,W1,SKU_C,5,355
1422,Supplier,W1,SKU_D,5,257
1422,Supplier,W1,SKU_E,5,246
1422,Supplier,W2,SKU_A,6,235
1422,Supplier,W2,SKU_B,6,51
1422,Supplier,W2,SKU_C,6,120
1422,Supplier,W2,SKU_D,6,127
1422,Supplier,W2,SKU_E,6,87
1422,W1,R1,SKU_A,2,178
1422,W1,R1,SKU_B,2,112
1422,W1,R1,SKU_C,2,148
1422,W1,R1,SKU_D,2,96
1422,W1,R1,SKU_E,2,45
1422,W1,R2,SKU_C,3,65
1422,W1,R2,SKU_D,3,53
1422,W2,R3,SKU_A,4,304
1422,W2,R3,SKU_B,4,76
1422,W2,R3,SKU_C,4,139
1422,W2,R3,SKU_D,4,146
1422,W2,R3,SKU_E,4,85
1423,Supplier,W1,SKU_A,5,352
1423,Supplier,W1,SKU_B,5,226
1423,Supplier,W1,SKU_C,5,213
1423,Supplier,W1,SKU_D,5,149
1423,Supplier,W1,SKU_E,5,158
1423,Supplier,W2,SKU_A,6,304
1423,Supplier,W2,SKU_B,6,76
1423,Supplier,W2,SKU_C,6,139
1423,Supplier,W2,SKU_D,6,146
1423,Supplier,W2,SKU_E,6,85
1423,W1,R1,SKU_A,2,305
1423,W1,R1,SKU_B,2,191
1423,W1,R1,SKU_C,2,151
1423,W1,R1,SKU_D,2,113
1423,W1,R1,SKU_E,2,152
1423,W1,R2,SKU_A,3,260
1423,W1,R2,SKU_B,3,114
1423,W1,R2,SKU_C,3,61
1423,W1,R2,SKU_D,3,56
1423,W1,R2,SKU_E,3,98
1423,W2,R3,SKU_A,4,320
1423,W2,R3,SKU_B,4,78
1423,W2,R3,SKU_C,4,136
1423,W2,R3,SKU_D,4,133
1423,W2,R3,SKU_E,4,92
1424,Supplier,W1,SKU_A,5,407
1424,Supplier,W1,SKU_B,5,194
1424,Supplier,W1,SKU_C,5,212
1424,Supplier,W1,SKU_D,5,169
1424,Supplier,W1,SKU_E,5,150
1424,Supplier,W2,SKU_A,6,320
1424,Supplier,W2,SKU_B,6,78
1424,Supplier,W2,SKU_C,6,136
1424,Supplier,W2,SKU_D,6,133
1424,Supplier,W2,SKU_E,6,92
1424,W2,R3,SKU_A,4,281
1424,W2,R3,SKU_B,4,67
1424,W2,R3,SKU_C,4,112
1424,W2,R3,SKU_D,4,106
1424,W2,R3,SKU_E,4,85
1425,Supplier,W2,SKU_A,6,281
1425,Supplier,W2,SKU_B,6,67
1425,Supplier,W2,SKU_C,6,112
1425,Supplier,W2,SKU_D,6,106
1425,Supplier,W2,SKU_E,6,85
1425,W1,R1,SKU_C,2,251
1425,W1,R1,SKU_D,2,156
1425,W1,R1,SKU_A,2,410
1425,W1,R1,SKU_B,2,179
1425,W1,R1,SKU_E,2,147
1425,W1,R2,SKU_A,3,31
1425,W1,R2,SKU_B,3,48
1425,W1,R2,SKU_C,3,62
1425,W1,R2,SKU_D,3,94
1425,W1,R2,SKU_E,3,61
1425,W2,R3,SKU_A,4,279
1425,W2,R3,SKU_B,4,78
1425,W2,R3,SKU_C,4,123
1425,W2,R3,SKU_D,4,173
1425,W2,R3,SKU_E,4,94
1426,Supplier,W1,SKU_A,5,663
1426,Supplier,W1,SKU_B,5,294
1426,Supplier,W1,SKU_C,5,377
1426,Supplier,W1,SKU_D,5,265
1426,Supplier,W1,SKU_E,5,245
1426,Supplier,W2,SKU_A,6,279
1426,Supplier,W2,SKU_B,6,78
1426,Supplier,W2,SKU_C,6,123
1426,Supplier,W2,SKU_D,6,173
1426,Supplier,W2,SKU_E,6,94
1426,W2,R3,SKU_A,4,188
1426,W2,R3,SKU_B,4,56
1426,W2,R3,SKU_C,4,105
1426,W2,R3,SKU_D,4,153
1426,W2,R3,SKU_E,4,118
1427,Supplier,W2,SKU_A,6,332
1427,Supplier,W2,SKU_B,6,56
1427,Supplier,W2,SKU_C,6,105
1427,Supplier,W2,SKU_D,6,153
1427,Supplier,W2,SKU_E,6,118
1427,W1,R1,SKU_A,2,187
1427,W1,R1,SKU_B,2,80
1427,W1,R1,SKU_C,2,98
1427,W1,R1,SKU_D,2,66
1427,W1,R1,SKU_E,2,88
1427,W1,R2,SKU_A,3,322
1427,W1,R2,SKU_B,3,109
1427,W1,R2,SKU_C,3,109
1427,W1,R2,SKU_D,3,55
1427,W1,R2,SKU_E,3,108
1428,W1,R1,SKU_A,2,159
1428,W1,R1,SKU_B,2,97
1428,W1,R1,SKU_C,2,112
1428,W1,R1,SKU_D,2,76
1428,W1,R1,SKU_E,2,81
1428,W1,R2,SKU_A,3,100
1428,W1,R2,SKU_B,3,54
1428,W1,R2,SKU_C,3,59
1428,W1,R2,SKU_D,3,54
1428,W1,R2,SKU_E,3,55
1428,W2,R3,SKU_A,4,417
1428,W2,R3,SKU_D,4,150
1428,W2,R3,SKU_B,4,73
1428,W2,R3,SKU_C,4,106
1428,W2,R3,SKU_E,4,107
1429,Supplier,W1,SKU_A,5,530
1429,Supplier,W1,SKU_B,5,270
1429,Supplier,W1,SKU_C,5,314
1429,Supplier,W1,SKU_D,5,236
1429,Supplier,W1,SKU_E,5,282
1429,Supplier,W2,SKU_D,6,150
1429,Supplier,W2,SKU_A,6,273
1429,Supplier,W2,SKU_B,6,73
1429,Supplier,W2,SKU_C,6,106
1429,Supplier,W2,SKU_E,6,107
1429,W1,R1,SKU_A,2,146
1429,W1,R1,SKU_B,2,89
1429,W1,R1,SKU_C,2,113
1429,W1,R1,SKU_D,2,76
1429,W1,R1,SKU_E,2,70
1429,W1,R2,SKU_A,3,81
1429,W1,R2,SKU_B,3,24
1429,W1,R2,SKU_C,3,48
1429,W1,R2,SKU_D,3,28
1429,W1,R2,SKU_E,3,34
1429,W2,R3,SKU_A,4,179
1429,W2,R3,SKU_B,4,59
1429,W2,R3,SKU_C,4,78
1429,W2,R3,SKU_D,4,127
1429,W2,R3,SKU_E,4,78
1430,Supplier,W2,SKU_A,6,179
1430,Supplier,W2,SKU_B,6,59
1430,Supplier,W2,SKU_C,6,78
1430,Supplier,W2,SKU_D,6,127
1430,Supplier,W2,SKU_E,6,78
1430,W1,R1,SKU_A,2,146
1430,W1,R1,SKU_B,2,71
1430,W1,R1,SKU_C,2,82
1430,W1,R1,SKU_D,2,45
1430,W1,R1,SKU_E,2,53
1430,W1,R2,SKU_A,3,76
1430,W1,R2,SKU_B,3,41
1430,W1,R2,SKU_C,3,41
1430,W1,R2,SKU_D,3,36
1430,W1,R2,SKU_E,3,37
1430,W2,R3,SKU_A,4,165
1430,W2,R3,SKU_B,4,46
1430,W2,R3,SKU_C,4,88
1430,W2,R3,SKU_D,4,101
1430,W2,R3,SKU_E,4,53
1431,Supplier,W1,SKU_A,5,449
1431,Supplier,W1,SKU_B,5,225
1431,Supplier,W1,SKU_C,5,284
1431,Supplier,W1,SKU_D,5,185
1431,Supplier,W1,SKU_E,5,194
1431,Supplier,W2,SKU_A,6,165
1431,Supplier,W2,SKU_B,6,46
1431,Supplier,W2,SKU_C,6,88
1431,Supplier,W2,SKU_D,6,101
1431,Supplier,W2,SKU_E,6,53
1431,W1,R2,SKU_A,3,52
1431,W1,R2,SKU_B,3,32
1431,W1,R2,SKU_C,3,41
1431,W1,R2,SKU_D,3,44
1431,W1,R2,SKU_E,3,45
1432,Supplier,W2,SKU_A,6,129
1432,Supplier,W2,SKU_B,6,41
1432,Supplier,W2,SKU_C,6,67
1432,Supplier,W2,SKU_D,6,75
1432,Supplier,W2,SKU_E,6,50
1432,W1,R1,SKU_A,2,223
1432,W1,R1,SKU_B,2,118
1432,W1,R1,SKU_C,2,141
1432,W1,R1,SKU_D,2,88
1432,W1,R1,SKU_E,2,91
1432,W1,R2,SKU_A,3,61
1432,W1,R2,SKU_B,3,33
1432,W1,R2,SKU_C,3,42
1432,W1,R2,SKU_D,3,28
1432,W1,R2,SKU_E,3,27
1432,W2,R3,SKU_A,4,272
1432,W2,R3,SKU_B,4,83
1432,W2,R3,SKU_C,4,152
1432,W2,R3,SKU_D,4,150
1432,W2,R3,SKU_E,4,117
1433,Supplier,W1,SKU_A,5,336
1433,Supplier,W1,SKU_B,5,183
1433,Supplier,W1,SKU_C,5,224
1433,Supplier,W1,SKU_D,5,160
1433,Supplier,W1,SKU_E,5,163
1433,Supplier,W2,SKU_A,6,143
1433,Supplier,W2,SKU_B,6,42
1433,Supplier,W2,SKU_C,6,85
1433,Supplier,W2,SKU_D,6,75
1433,Supplier,W2,SKU_E,6,67
1433,W1,R2,SKU_A,3,86
1433,W1,R2,SKU_B,3,47
1433,W1,R2,SKU_C,3,33
1433,W1,R2,SKU_D,3,43
1433,W1,R2,SKU_E,3,36
1433,W2,R3,SKU_A,4,179
1433,W2,R3,SKU_B,4,64
1433,W2,R3,SKU_C,4,89
1433,W2,R3,SKU_D,4,90
1433,W2,R3,SKU_E,4,49
1434,Supplier,W2,SKU_A,6,179
1434,Supplier,W2,SKU_B,6,64
1434,Supplier,W2,SKU_C,6,89
1434,Supplier,W2,SKU_D,6,90
1434,Supplier,W2,SKU_E,6,49
1434,W1,R1,SKU_A,2,236
1434,W1,R1,SKU_B,2,121
1434,W1,R1,SKU_C,2,142
1434,W1,R1,SKU_D,2,85
1434,W1,R1,SKU_E,2,117
1434,W1,R2,SKU_A,3,79
1434,W1,R2,SKU_B,3,48
1434,W1,R2,SKU_C,3,38
1434,W1,R2,SKU_D,3,31
1434,W1,R2,SKU_E,3,58
1434,W2,R3,SKU_A,4,139
1434,W2,R3,SKU_B,4,55
1434,W2,R3,SKU_C,4,78
1434,W2,R3,SKU_D,4,96
1434,W2,R3,SKU_E,4,61
1435,Supplier,W1,SKU_A,5,401
1435,Supplier,W1,SKU_B,5,216
1435,Supplier,W1,SKU_C,5,213
1435,Supplier,W1,SKU_D,5,159
1435,Supplier,W1,SKU_E,5,211
1435,Supplier,W2,SKU_A,6,139
1435,Supplier,W2,SKU_B,6,55
1435,Supplier,W2,SKU_C,6,78
1435,Supplier,W2,SKU_D,6,96
1435,Supplier,W2,SKU_E,6,61
1435,W1,R1,SKU_A,2,124
1435,W1,R1,SKU_B,2,93
1435,W1,R1,SKU_C,2,117
1435,W1,R1,SKU_D,2,67
1435,W1,R1,SKU_E,2,50
1435,W1,R2,SKU_A,3,97
1435,W1,R2,SKU_B,3,56
1435,W1,R2,SKU_C,3,45
1435,W1,R2,SKU_D,3,49
1435,W1,R2,SKU_E,3,69
1435,W2,R3,SKU_A,4,193
1435,W2,R3,SKU_B,4,65
1435,W2,R3,SKU_C,4,92
1435,W2,R3,SKU_D,4,102
1435,W2,R3,SKU_E,4,73
1436,Supplier,W2,SKU_A,6,193
1436,Supplier,W2,SKU_B,6,65
1436,Supplier,W2,SKU_C,6,92
1436,Supplier,W2,SKU_D,6,102
1436,Supplier,W2,SKU_E,6,73
1436,W1,R1,SKU_A,2,137
1436,W1,R1,SKU_B,2,108
1436,W1,R1,SKU_C,2,70
1436,W1,R1,SKU_D,2,80
1436,W1,R1,SKU_E,2,56
1436,W1,R2,SKU_A,3,103
1436,W1,R2,SKU_B,3,41
1436,W1,R2,SKU_C,3,46
1436,W1,R2,SKU_D,3,48
1436,W1,R2,SKU_E,3,55
1436,W2,R3,SKU_A,4,210
1436,W2,R3,SKU_B,4,60
1436,W2,R3,SKU_C,4,93
1436,W2,R3,SKU_D,4,90
1436,W2,R3,SKU_E,4,79
1437,Supplier,W1,SKU_A,5,461
1437,Supplier,W1,SKU_B,5,298
1437,Supplier,W1,SKU_C,5,278
1437,Supplier,W1,SKU_D,5,244
1437,Supplier,W1,SKU_E,5,230
1437,Supplier,W2,SKU_A,6,210
1437,Supplier,W2,SKU_B,6,60
1437,Supplier,W2,SKU_C,6,93
1437,Supplier,W2,SKU_D,6,90
1437,Supplier,W2,SKU_E,6,79
1437,W1,R1,SKU_A,2,149
1437,W1,R1,SKU_B,2,92
1437,W1,R1,SKU_C,2,65
1437,W1,R1,SKU_D,2,65
1437,W1,R1,SKU_E,2,66
1437,W1,R2,SKU_A,3,93
1437,W1,R2,SKU_B,3,47
1437,W1,R2,SKU_C,3,46
1437,W1,R2,SKU_D,3,40
1437,W1,R2,SKU_E,3,56
1437,W2,R3,SKU_A,4,181
1437,W2,R3,SKU_B,4,44
1437,W2,R3,SKU_C,4,95
1437,W2,R3,SKU_D,4,89
1437,W2,R3,SKU_E,4,69
1438,Supplier,W2,SKU_A,6,181
1438,Supplier,W2,SKU_B,6,44
1438,Supplier,W2,SKU_C,6,95
1438,Supplier,W2,SKU_D,6,89
1438,Supplier,W2,SKU_E,6,69
1438,W1,R2,SKU_A,3,81
1438,W1,R2,SKU_B,3,43
1438,W1,R2,SKU_C,3,38
1438,W1,R2,SKU_D,3,35
1438,W1,R2,SKU_E,3,49
1439,Supplier,W1,SKU_A,5,423
1439,Supplier,W1,SKU_B,5,241
1439,Supplier,W1,SKU_C,5,212
1439,Supplier,W1,SKU_D,5,189
1439,Supplier,W1,SKU_E,5,218
1439,Supplier,W2,SKU_A,6,167
1439,Supplier,W2,SKU_B,6,55
1439,Supplier,W2,SKU_C,6,54
1439,Supplier,W2,SKU_D,6,52
1439,Supplier,W2,SKU_E,6,43
1439,W1,R1,SKU_A,2,224
1439,W1,R1,SKU_B,2,103
1439,W1,R1,SKU_C,2,134
1439,W1,R1,SKU_D,2,96
1439,W1,R1,SKU_E,2,76
1439,W1,R2,SKU_A,3,69
1439,W1,R2,SKU_B,3,40
1439,W1,R2,SKU_C,3,37
1439,W1,R2,SKU_D,3,34
1439,W1,R2,SKU_E,3,51
1439,W2,R3,SKU_A,4,332
1439,W2,R3,SKU_B,4,117
1439,W2,R3,SKU_C,4,127
1439,W2,R3,SKU_D,4,139
1439,W2,R3,SKU_E,4,102
1440,Supplier,W2,SKU_A,6,165
1440,Supplier,W2,SKU_B,6,62
1440,Supplier,W2,SKU_C,6,73
1440,Supplier,W2,SKU_D,6,87
1440,Supplier,W2,SKU_E,6,59
1440,W1,R2,SKU_A,3,81
1440,W1,R2,SKU_B,3,44
1440,W1,R2,SKU_C,3,34
1440,W1,R2,SKU_D,3,27
1440,W1,R2,SKU_E,3,42
1441,Supplier,W1,SKU_A,5,391
1441,Supplier,W1,SKU_B,5,179
1441,Supplier,W1,SKU_C,5,211
1441,Supplier,W1,SKU_D,5,151
1441,Supplier,W1,SKU_E,5,155
1441,Supplier,W2,SKU_A,6,118
1441,Supplier,W2,SKU_B,6,37
1441,Supplier,W2,SKU_C,6,46
1441,Supplier,W2,SKU_D,6,56
1441,Supplier,W2,SKU_E,6,40
1441,W1,R1,SKU_A,2,229
1441,W1,R1,SKU_B,2,96
1441,W1,R1,SKU_C,2,127
1441,W1,R1,SKU_D,2,92
1441,W1,R1,SKU_E,2,71
1441,W1,R2,SKU_A,3,76
1441,W1,R2,SKU_B,3,41
1441,W1,R2,SKU_C,3,23
1441,W1,R2,SKU_D,3,37
1441,W1,R2,SKU_E,3,55
1441,W2,R3,SKU_A,4,243
1441,W2,R3,SKU_B,4,75
1441,W2,R3,SKU_C,4,117
1441,W2,R3,SKU_D,4,117
1441,W2,R3,SKU_E,4,87
1442,Supplier,W2,SKU_A,6,125
1442,Supplier,W2,SKU_B,6,38
1442,Supplier,W2,SKU_C,6,71
1442,Supplier,W2,SKU_D,6,61
1442,Supplier,W2,SKU_E,6,47
1442,W1,R2,SKU_A,3,77
1442,W1,R2,SKU_B,3,37
1442,W1,R2,SKU_C,3,37
1442,W1,R2,SKU_D,3,40
1442,W1,R2,SKU_E,3,43
1443,Supplier,W1,SKU_A,5,387
1443,Supplier,W1,SKU_B,5,171
1443,Supplier,W1,SKU_C,5,172
1443,Supplier,W1,SKU_D,5,167
1443,Supplier,W1,SKU_E,5,166
1443,Supplier,W2,SKU_A,6,143
1443,Supplier,W2,SKU_B,6,41
1443,Supplier,W2,SKU_C,6,58
1443,Supplier,W2,SKU_D,6,65
1443,Supplier,W2,SKU_E,6,55
1443,W1,R1,SKU_A,2,277
1443,W1,R1,SKU_B,2,127
1443,W1,R1,SKU_C,2,161
1443,W1,R1,SKU_D,2,95
1443,W1,R1,SKU_E,2,92
1443,W1,R2,SKU_A,3,111
1443,W1,R2,SKU_B,3,63
1443,W1,R2,SKU_C,3,51
1443,W1,R2,SKU_D,3,49
1443,W1,R2,SKU_E,3,46
1443,W2,R3,SKU_A,4,300
1443,W2,R3,SKU_B,4,103
1443,W2,R3,SKU_C,4,148
1443,W2,R3,SKU_D,4,165
1443,W2,R3,SKU_E,4,125
1444,Supplier,W2,SKU_A,6,157
1444,Supplier,W2,SKU_B,6,62
1444,Supplier,W2,SKU_C,6,90
1444,Supplier,W2,SKU_D,6,100
1444,Supplier,W2,SKU_E,6,70
1444,W1,R1,SKU_A,2,143
1444,W1,R1,SKU_B,2,67
1444,W1,R1,SKU_C,2,98
1444,W1,R1,SKU_D,2,72
1444,W1,R1,SKU_E,2,68
1444,W1,R2,SKU_A,3,109
1444,W1,R2,SKU_B,3,49
1444,W1,R2,SKU_C,3,52
1444,W1,R2,SKU_D,3,39
1444,W1,R2,SKU_E,3,68
1444,W2,R3,SKU_A,4,181
1444,W2,R3,SKU_B,4,52
1444,W2,R3,SKU_C,4,80
1444,W2,R3,SKU_D,4,102
1444,W2,R3,SKU_E,4,66
1445,Supplier,W1,SKU_A,5,518
1445,Supplier,W1,SKU_B,5,258
1445,Supplier,W1,SKU_C,5,308
1445,Supplier,W1,SKU_D,5,214
1445,Supplier,W1,SKU_E,5,244
1445,Supplier,W2,SKU_A,6,181
1445,Supplier,W2,SKU_B,6,52
1445,Supplier,W2,SKU_C,6,80
1445,Supplier,W2,SKU_D,6,102
1445,Supplier,W2,SKU_E,6,66
1445,W1,R2,SKU_A,3,78
1445,W1,R2,SKU_B,3,35
1445,W1,R2,SKU_C,3,20
1445,W1,R2,SKU_D,3,29
1445,W1,R2,SKU_E,3,41
1446,Supplier,W2,SKU_A,6,148
1446,Supplier,W2,SKU_B,6,40
1446,Supplier,W2,SKU_C,6,60
1446,Supplier,W2,SKU_D,6,71
1446,Supplier,W2,SKU_E,6,56
1446,W1,R1,SKU_A,2,188
1446,W1,R1,SKU_B,2,84
1446,W1,R1,SKU_C,2,130
1446,W1,R1,SKU_D,2,98
1446,W1,R1,SKU_E,2,84
1446,W1,R2,SKU_A,3,88
1446,W1,R2,SKU_B,3,36
1446,W1,R2,SKU_C,3,27
1446,W1,R2,SKU_D,3,39
1446,W1,R2,SKU_E,3,38
1446,W2,R3,SKU_A,4,260
1446,W2,R3,SKU_B,4,84
1446,W2,R3,SKU_C,4,94
1446,W2,R3,SKU_D,4,126
1446,W2,R3,SKU_E,4,100
1447,Supplier,W1,SKU_A,5,354
1447,Supplier,W1,SKU_B,5,155
1447,Supplier,W1,SKU_C,5,177
1447,Supplier,W1,SKU_D,5,166
1447,Supplier,W1,SKU_E,5,163
1447,Supplier,W2,SKU_A,6,112
1447,Supplier,W2,SKU_B,6,44
1447,Supplier,W2,SKU_C,6,34
1447,Supplier,W2,SKU_D,6,55
1447,Supplier,W2,SKU_E,6,44
1447,W1,R2,SKU_A,3,78
1447,W1,R2,SKU_B,3,36
1447,W1,R2,SKU_C,3,30
1447,W1,R2,SKU_D,3,39
1447,W1,R2,SKU_E,3,39
1448,Supplier,W2,SKU_A,6,117
1448,Supplier,W2,SKU_B,6,42
1448,Supplier,W2,SKU_C,6,48
1448,Supplier,W2,SKU_D,6,80
1448,Supplier,W2,SKU_E,6,52
1448,W1,R1,SKU_A,2,213
1448,W1,R1,SKU_B,2,93
1448,W1,R1,SKU_C,2,142
1448,W1,R1,SKU_D,2,94
1448,W1,R1,SKU_E,2,73
1448,W1,R2,SKU_A,3,71
1448,W1,R2,SKU_B,3,39
1448,W1,R2,SKU_C,3,31
1448,W1,R2,SKU_D,3,30
1448,W1,R2,SKU_E,3,35
1448,W2,R3,SKU_A,4,251
1448,W2,R3,SKU_B,4,87
1448,W2,R3,SKU_C,4,117
1448,W2,R3,SKU_D,4,171
1448,W2,R3,SKU_E,4,118
1449,Supplier,W1,SKU_A,5,362
1449,Supplier,W1,SKU_B,5,168
1449,Supplier,W1,SKU_C,5,203
1449,Supplier,W1,SKU_D,5,163
1449,Supplier,W1,SKU_E,5,147
1449,Supplier,W2,SKU_A,6,134
1449,Supplier,W2,SKU_B,6,45
1449,Supplier,W2,SKU_C,6,69
1449,Supplier,W2,SKU_D,6,91
1449,Supplier,W2,SKU_E,6,66
1449,W1,R1,SKU_A,2,115
1449,W1,R1,SKU_B,2,71
1449,W1,R1,SKU_C,2,88
1449,W1,R1,SKU_D,2,67
1449,W1,R1,SKU_E,2,38
1449,W1,R2,SKU_A,3,69
1449,W1,R2,SKU_B,3,59
1449,W1,R2,SKU_C,3,30
1449,W1,R2,SKU_D,3,36
1449,W1,R2,SKU_E,3,29
1449,W2,R3,SKU_A,4,182
1449,W2,R3,SKU_B,4,48
1449,W2,R3,SKU_C,4,76
1449,W2,R3,SKU_D,4,76
1449,W2,R3,SKU_E,4,77
1450,Supplier,W2,SKU_A,6,182
1450,Supplier,W2,SKU_B,6,48
1450,Supplier,W2,SKU_C,6,76
1450,Supplier,W2,SKU_D,6,76
1450,Supplier,W2,SKU_E,6,77
1450,W1,R1,SKU_A,2,141
1450,W1,R1,SKU_B,2,90
1450,W1,R1,SKU_C,2,103
1450,W1,R1,SKU_D,2,74
1450,W1,R1,SKU_E,2,71
1450,W1,R2,SKU_A,3,101
1450,W1,R2,SKU_B,3,64
1450,W1,R2,SKU_C,3,50
1450,W1,R2,SKU_D,3,48
1450,W1,R2,SKU_E,3,50
1450,W2,R3,SKU_A,4,221
1450,W2,R3,SKU_B,4,77
1450,W2,R3,SKU_C,4,111
1450,W2,R3,SKU_D,4,125
1450,W2,R3,SKU_E,4,63
1451,Supplier,W1,SKU_A,5,426
1451,Supplier,W1,SKU_B,5,284
1451,Supplier,W1,SKU_C,5,271
1451,Supplier,W1,SKU_D,5,225
1451,Supplier,W1,SKU_E,5,188
1451,Supplier,W2,SKU_A,6,221
1451,Supplier,W2,SKU_B,6,77
1451,Supplier,W2,SKU_C,6,111
1451,Supplier,W2,SKU_D,6,125
1451,Supplier,W2,SKU_E,6,63
1451,W1,R1,SKU_A,2,159
1451,W1,R1,SKU_B,2,59
1451,W1,R1,SKU_C,2,102
1451,W1,R1,SKU_D,2,60
1451,W1,R1,SKU_E,2,54
1451,W1,R2,SKU_A,3,99
1451,W1,R2,SKU_B,3,47
1451,W1,R2,SKU_C,3,62
1451,W1,R2,SKU_D,3,43
1451,W1,R2,SKU_E,3,41
1451,W2,R3,SKU_A,4,222
1451,W2,R3,SKU_B,4,68
1451,W2,R3,SKU_C,4,120
1451,W2,R3,SKU_D,4,105
1451,W2,R3,SKU_E,4,67
1452,Supplier,W2,SKU_A,6,222
1452,Supplier,W2,SKU_B,6,68
1452,Supplier,W2,SKU_C,6,120
1452,Supplier,W2,SKU_D,6,105
1452,Supplier,W2,SKU_E,6,67
1452,W1,R2,SKU_A,3,68
1452,W1,R2,SKU_B,3,43
1452,W1,R2,SKU_C,3,31
1452,W1,R2,SKU_D,3,29
1452,W1,R2,SKU_E,3,40
1453,Supplier,W1,SKU_A,5,451
1453,Supplier,W1,SKU_B,5,201
1453,Supplier,W1,SKU_C,5,283
1453,Supplier,W1,SKU_D,5,183
1453,Supplier,W1,SKU_E,5,185
1453,Supplier,W2,SKU_A,6,142
1453,Supplier,W2,SKU_B,6,56
1453,Supplier,W2,SKU_C,6,89
1453,Supplier,W2,SKU_D,6,93
1453,Supplier,W2,SKU_E,6,41
1453,W1,R1,SKU_A,2,209
1453,W1,R1,SKU_B,2,103
1453,W1,R1,SKU_C,2,142
1453,W1,R1,SKU_D,2,80
1453,W1,R1,SKU_E,2,82
1453,W1,R2,SKU_A,3,71
1453,W1,R2,SKU_B,3,32
1453,W1,R2,SKU_C,3,23
1453,W1,R2,SKU_D,3,28
1453,W1,R2,SKU_E,3,27
1453,W2,R3,SKU_A,4,278
1453,W2,R3,SKU_B,4,102
1453,W2,R3,SKU_C,4,152
1453,W2,R3,SKU_D,4,179
1453,W2,R3,SKU_E,4,88
1454,Supplier,W2,SKU_A,6,136
1454,Supplier,W2,SKU_B,6,46
1454,Supplier,W2,SKU_C,6,63
1454,Supplier,W2,SKU_D,6,86
1454,Supplier,W2,SKU_E,6,47
1454,W1,R2,SKU_A,3,82
1454,W1,R2,SKU_B,3,30
1454,W1,R2,SKU_C,3,23
1454,W1,R2,SKU_D,3,31
1454,W1,R2,SKU_E,3,34
1455,Supplier,W2,SKU_A,6,138
1455,Supplier,W2,SKU_B,6,40
1455,Supplier,W2,SKU_C,6,64
1455,Supplier,W2,SKU_D,6,51
1455,Supplier,W2,SKU_E,6,39
1455,W1,R1,SKU_A,2,151
1455,W1,R1,SKU_B,2,75
1455,W1,R1,SKU_C,2,82
1455,W1,R1,SKU_D,2,68
1455,W1,R1,SKU_E,2,69
1455,W1,R2,SKU_A,3,64
1455,W1,R2,SKU_B,3,37
1455,W1,R2,SKU_C,3,32
1455,W1,R2,SKU_D,3,34
1455,W1,R2,SKU_E,3,28
1455,W2,R3,SKU_A,4,253
1455,W2,R3,SKU_B,4,74
1455,W2,R3,SKU_C,4,117
1455,W2,R3,SKU_D,4,107
1455,W2,R3,SKU_E,4,83
1456,Supplier,W1,SKU_A,5,452
1456,Supplier,W1,SKU_B,5,225
1456,Supplier,W1,SKU_C,5,214
1456,Supplier,W1,SKU_D,5,190
1456,Supplier,W1,SKU_E,5,190
1456,Supplier,W2,SKU_A,6,115
1456,Supplier,W2,SKU_B,6,34
1456,Supplier,W2,SKU_C,6,53
1456,Supplier,W2,SKU_D,6,56
1456,Supplier,W2,SKU_E,6,44
1456,W1,R2,SKU_A,3,77
1456,W1,R2,SKU_B,3,39
1456,W1,R2,SKU_C,3,44
1456,W1,R2,SKU_D,3,27
1456,W1,R2,SKU_E,3,43
1457,Supplier,W2,SKU_A,6,135
1457,Supplier,W2,SKU_B,6,33
1457,Supplier,W2,SKU_C,6,63
1457,Supplier,W2,SKU_D,6,58
1457,Supplier,W2,SKU_E,6,49
1457,W1,R1,SKU_A,2,259
1457,W1,R1,SKU_B,2,129
1457,W1,R1,SKU_C,2,148
1457,W1,R1,SKU_D,2,96
1457,W1,R1,SKU_E,2,96
1457,W1,R2,SKU_A,3,94
1457,W1,R2,SKU_B,3,48
1457,W1,R2,SKU_C,3,59
1457,W1,R2,SKU_D,3,33
1457,W1,R2,SKU_E,3,43
1457,W2,R3,SKU_A,4,351
1457,W2,R3,SKU_B,4,93
1457,W2,R3,SKU_C,4,168
1457,W2,R3,SKU_D,4,162
1457,W2,R3,SKU_E,4,105
1458,Supplier,W1,SKU_A,5,430
1458,Supplier,W1,SKU_B,5,216
1458,Supplier,W1,SKU_C,5,251
1458,Supplier,W1,SKU_D,5,156
1458,Supplier,W1,SKU_E,5,182
1458,Supplier,W2,SKU_A,6,216
1458,Supplier,W2,SKU_B,6,60
1458,Supplier,W2,SKU_C,6,105
1458,Supplier,W2,SKU_D,6,104
1458,Supplier,W2,SKU_E,6,56
1458,W1,R1,SKU_A,2,120
1458,W1,R1,SKU_B,2,65
1458,W1,R1,SKU_C,2,89
1458,W1,R1,SKU_D,2,67
1458,W1,R1,SKU_E,2,42
1458,W1,R2,SKU_A,3,85
1458,W1,R2,SKU_B,3,42
1458,W1,R2,SKU_C,3,49
1458,W1,R2,SKU_D,3,22
1458,W1,R2,SKU_E,3,47
1458,W2,R3,SKU_A,4,189
1458,W2,R3,SKU_B,4,57
1458,W2,R3,SKU_C,4,111
1458,W2,R3,SKU_D,4,98
1458,W2,R3,SKU_E,4,48
1459,Supplier,W2,SKU_A,6,189
1459,Supplier,W2,SKU_B,6,57
1459,Supplier,W2,SKU_C,6,111
1459,Supplier,W2,SKU_D,6,98
1459,Supplier,W2,SKU_E,6,48
1459,W1,R2,SKU_A,3,84
1459,W1,R2,SKU_B,3,40
1459,W1,R2,SKU_C,3,25
1459,W1,R2,SKU_D,3,31
1459,W1,R2,SKU_E,3,29
1460,Supplier,W1,SKU_A,5,363
1460,Supplier,W1,SKU_B,5,197
1460,Supplier,W1,SKU_C,5,200
1460,Supplier,W1,SKU_D,5,154
1460,Supplier,W1,SKU_E,5,160
1460,Supplier,W2,SKU_A,6,144
1460,Supplier,W2,SKU_B,6,41
1460,Supplier,W2,SKU_C,6,78
1460,Supplier,W2,SKU_D,6,81
1460,Supplier,W2,SKU_E,6,41
1460,W1,R1,SKU_A,2,152
1460,W1,R1,SKU_B,2,104
1460,W1,R1,SKU_C,2,69
1460,W1,R1,SKU_D,2,71
1460,W1,R1,SKU_E,2,75
1460,W1,R2,SKU_A,3,86
1460,W1,R2,SKU_B,3,39
1460,W1,R2,SKU_C,3,28
1460,W1,R2,SKU_D,3,26
1460,W1,R2,SKU_E,3,36
1460,W2,R3,SKU_A,4,295
1460,W2,R3,SKU_B,4,83
1460,W2,R3,SKU_C,4,149
1460,W2,R3,SKU_D,4,147
1460,W2,R3,SKU_E,4,87
1461,Supplier,W2,SKU_A,6,151
1461,Supplier,W2,SKU_B,6,42
1461,Supplier,W2,SKU_C,6,71
1461,Supplier,W2,SKU_D,6,66
1461,Supplier,W2,SKU_E,6,46
1461,W1,R2,SKU_A,3,78
1461,W1,R2,SKU_B,3,28
1461,W1,R2,SKU_C,3,23
1461,W1,R2,SKU_D,3,17
1461,W1,R2,SKU_E,3,41
1462,Supplier,W2,SKU_A,6,138
1462,Supplier,W2,SKU_B,6,49
1462,Supplier,W2,SKU_C,6,72
1462,Supplier,W2,SKU_D,6,68
1462,Supplier,W2,SKU_E,6,42
1462,W1,R1,SKU_A,2,185
1462,W1,R1,SKU_B,2,71
1462,W1,R1,SKU_C,2,82
1462,W1,R1,SKU_D,2,63
1462,W1,R1,SKU_E,2,87
1462,W1,R2,SKU_A,3,84
1462,W1,R2,SKU_B,3,39
1462,W1,R2,SKU_C,3,32
1462,W1,R2,SKU_D,3,24
1462,W1,R2,SKU_E,3,27
1462,W2,R3,SKU_A,4,282
1462,W2,R3,SKU_B,4,91
1462,W2,R3,SKU_C,4,149
1462,W2,R3,SKU_D,4,145
1462,W2,R3,SKU_E,4,101
1463,Supplier,W1,SKU_A,5,511
1463,Supplier,W1,SKU_B,5,231
1463,Supplier,W1,SKU_C,5,197
1463,Supplier,W1,SKU_D,5,167
1463,Supplier,W1,SKU_E,5,224
1463,Supplier,W2,SKU_A,6,144
1463,Supplier,W2,SKU_B,6,42
1463,Supplier,W2,SKU_C,6,77
1463,Supplier,W2,SKU_D,6,77
1463,Supplier,W2,SKU_E,6,59
1463,W1,R2,SKU_A,3,82
1463,W1,R2,SKU_B,3,54
1463,W1,R2,SKU_C,3,34
1463,W1,R2,SKU_D,3,32
1463,W1,R2,SKU_E,3,47
1463,W2,R3,SKU_A,4,174
1463,W2,R3,SKU_B,4,71
1463,W2,R3,SKU_C,4,105
1463,W2,R3,SKU_D,4,95
1463,W2,R3,SKU_E,4,76
1464,Supplier,W2,SKU_A,6,174
1464,Supplier,W2,SKU_B,6,71
1464,Supplier,W2,SKU_C,6,105
1464,Supplier,W2,SKU_D,6,95
1464,Supplier,W2,SKU_E,6,76
1464,W1,R1,SKU_A,2,238
1464,W1,R1,SKU_B,2,157
1464,W1,R1,SKU_C,2,178
1464,W1,R1,SKU_D,2,106
1464,W1,R1,SKU_E,2,124
1464,W1,R2,SKU_A,3,120
1464,W1,R2,SKU_B,3,63
1464,W1,R2,SKU_C,3,50
1464,W1,R2,SKU_D,3,53
1464,W1,R2,SKU_E,3,55
1464,W2,R3,SKU_A,4,228
1464,W2,R3,SKU_B,4,82
1464,W2,R3,SKU_C,4,124
1464,W2,R3,SKU_D,4,129
1464,W2,R3,SKU_E,4,86
1465,Supplier,W1,SKU_A,5,440
1465,Supplier,W1,SKU_B,5,274
1465,Supplier,W1,SKU_C,5,262
1465,Supplier,W1,SKU_D,5,191
1465,Supplier,W1,SKU_E,5,226
1465,Supplier,W2,SKU_A,6,228
1465,Supplier,W2,SKU_B,6,82
1465,Supplier,W2,SKU_C,6,124
1465,Supplier,W2,SKU_D,6,129
1465,Supplier,W2,SKU_E,6,86
1465,W1,R1,SKU_A,2,125
1465,W1,R1,SKU_B,2,61
1465,W1,R1,SKU_C,2,81
1465,W1,R1,SKU_D,2,60
1465,W1,R1,SKU_E,2,49
1465,W1,R2,SKU_A,3,91
1465,W1,R2,SKU_B,3,46
1465,W1,R2,SKU_C,3,47
1465,W1,R2,SKU_D,3,41
1465,W1,R2,SKU_E,3,30
1465,W2,R3,SKU_A,4,218
1465,W2,R3,SKU_B,4,50
1465,W2,R3,SKU_C,4,130
1465,W2,R3,SKU_D,4,115
1465,W2,R3,SKU_E,4,63
1466,Supplier,W2,SKU_A,6,218
1466,Supplier,W2,SKU_B,6,50
1466,Supplier,W2,SKU_C,6,130
1466,Supplier,W2,SKU_D,6,115
1466,Supplier,W2,SKU_E,6,63
1466,W1,R2,SKU_A,3,74
1466,W1,R2,SKU_B,3,52
1466,W1,R2,SKU_C,3,48
1466,W1,R2,SKU_D,3,40
1466,W1,R2,SKU_E,3,36
1466,W2,R3,SKU_A,4,166
1466,W2,R3,SKU_B,4,48
1466,W2,R3,SKU_C,4,90
1466,W2,R3,SKU_D,4,101
1466,W2,R3,SKU_E,4,65
1467,Supplier,W1,SKU_A,5,385
1467,Supplier,W1,SKU_B,5,219
1467,Supplier,W1,SKU_C,5,224
1467,Supplier,W1,SKU_D,5,185
1467,Supplier,W1,SKU_E,5,144
1467,Supplier,W2,SKU_A,6,166
1467,Supplier,W2,SKU_B,6,48
1467,Supplier,W2,SKU_C,6,90
1467,Supplier,W2,SKU_D,6,101
1467,Supplier,W2,SKU_E,6,65
1467,W1,R1,SKU_A,2,207
1467,W1,R1,SKU_B,2,116
1467,W1,R1,SKU_C,2,117
1467,W1,R1,SKU_D,2,87
1467,W1,R1,SKU_E,2,74
1467,W1,R2,SKU_A,3,85
1467,W1,R2,SKU_B,3,58
1467,W1,R2,SKU_C,3,61
1467,W1,R2,SKU_D,3,34
1467,W1,R2,SKU_E,3,47
1467,W2,R3,SKU_A,4,180
1467,W2,R3,SKU_B,4,52
1467,W2,R3,SKU_C,4,88
1467,W2,R3,SKU_D,4,102
1467,W2,R3,SKU_E,4,53
1468,Supplier,W2,SKU_A,6,180
1468,Supplier,W2,SKU_B,6,52
1468,Supplier,W2,SKU_C,6,88
1468,Supplier,W2,SKU_D,6,102
1468,Supplier,W2,SKU_E,6,53
1468,W1,R2,SKU_A,3,92
1468,W1,R2,SKU_B,3,40
1468,W1,R2,SKU_C,3,37
1468,W1,R2,SKU_D,3,40
1468,W1,R2,SKU_E,3,51
1468,W2,R3,SKU_A,4,182
1468,W2,R3,SKU_B,4,56
1468,W2,R3,SKU_C,4,93
1468,W2,R3,SKU_D,4,113
1468,W2,R3,SKU_E,4,60
1469,Supplier,W1,SKU_A,5,373
1469,Supplier,W1,SKU_B,5,204
1469,Supplier,W1,SKU_C,5,220
1469,Supplier,W1,SKU_D,5,151
1469,Supplier,W1,SKU_E,5,181
1469,Supplier,W2,SKU_A,6,182
1469,Supplier,W2,SKU_B,6,56
1469,Supplier,W2,SKU_C,6,93
1469,Supplier,W2,SKU_D,6,113
1469,Supplier,W2,SKU_E,6,60
1469,W1,R1,SKU_A,2,206
1469,W1,R1,SKU_B,2,97
1469,W1,R1,SKU_C,2,103
1469,W1,R1,SKU_D,2,73
1469,W1,R1,SKU_E,2,71
1469,W1,R2,SKU_A,3,78
1469,W1,R2,SKU_B,3,42
1469,W1,R2,SKU_C,3,28
1469,W1,R2,SKU_D,3,39
1469,W1,R2,SKU_E,3,41
1470,Supplier,W2,SKU_A,6,154
1470,Supplier,W2,SKU_B,6,43
1470,Supplier,W2,SKU_C,6,69
1470,Supplier,W2,SKU_D,6,84
1470,Supplier,W2,SKU_E,6,62
1470,W1,R2,SKU_A,3,83
1470,W1,R2,SKU_B,3,55
1470,W1,R2,SKU_C,3,30
1470,W1,R2,SKU_D,3,41
1470,W1,R2,SKU_E,3,35
1470,W2,R3,SKU_A,4,365
1470,W2,R3,SKU_B,4,99
1470,W2,R3,SKU_C,4,202
1470,W2,R3,SKU_D,4,231
1470,W2,R3,SKU_E,4,149
1471,Supplier,W1,SKU_A,5,389
1471,Supplier,W1,SKU_B,5,212
1471,Supplier,W1,SKU_C,5,178
1471,Supplier,W1,SKU_D,5,169
1471,Supplier,W1,SKU_E,5,153
1471,Supplier,W2,SKU_A,6,211
1471,Supplier,W2,SKU_B,6,56
1471,Supplier,W2,SKU_C,6,133
1471,Supplier,W2,SKU_D,6,147
1471,Supplier,W2,SKU_E,6,87
1471,W1,R1,SKU_A,2,271
1471,W1,R1,SKU_B,2,159
1471,W1,R1,SKU_C,2,176
1471,W1,R1,SKU_D,2,120
1471,W1,R1,SKU_E,2,112
1471,W1,R2,SKU_A,3,108
1471,W1,R2,SKU_B,3,49
1471,W1,R2,SKU_C,3,63
1471,W1,R2,SKU_D,3,60
1471,W1,R2,SKU_E,3,57
1471,W2,R3,SKU_A,4,253
1471,W2,R3,SKU_B,4,53
1471,W2,R3,SKU_C,4,173
1471,W2,R3,SKU_D,4,156
1471,W2,R3,SKU_E,4,96
1472,Supplier,W2,SKU_A,6,253
1472,Supplier,W2,SKU_B,6,53
1472,Supplier,W2,SKU_C,6,173
1472,Supplier,W2,SKU_D,6,156
1472,Supplier,W2,SKU_E,6,96
1472,W1,R1,SKU_A,2,166
1472,W1,R1,SKU_B,2,89
1472,W1,R1,SKU_C,2,92
1472,W1,R1,SKU_D,2,78
1472,W1,R1,SKU_E,2,80
1472,W1,R2,SKU_A,3,114
1472,W1,R2,SKU_B,3,58
1472,W1,R2,SKU_C,3,57
1472,W1,R2,SKU_D,3,45
1472,W1,R2,SKU_E,3,68
1472,W2,R3,SKU_A,4,256
1472,W2,R3,SKU_B,4,68
1472,W2,R3,SKU_C,4,176
1472,W2,R3,SKU_D,4,157
1472,W2,R3,SKU_E,4,94
1473,Supplier,W1,SKU_A,5,553
1473,Supplier,W1,SKU_B,5,287
1473,Supplier,W1,SKU_C,5,318
1473,Supplier,W1,SKU_D,5,253
1473,Supplier,W1,SKU_E,5,273
1473,Supplier,W2,SKU_A,6,256
1473,Supplier,W2,SKU_B,6,68
1473,Supplier,W2,SKU_C,6,176
1473,Supplier,W2,SKU_D,6,157
1473,Supplier,W2,SKU_E,6,94
1473,W1,R1,SKU_A,2,123
1473,W1,R1,SKU_B,2,67
1473,W1,R1,SKU_C,2,69
1473,W1,R1,SKU_D,2,52
1473,W1,R1,SKU_E,2,49
1473,W1,R2,SKU_A,3,95
1473,W1,R2,SKU_B,3,53
1473,W1,R2,SKU_C,3,48
1473,W1,R2,SKU_D,3,45
1473,W1,R2,SKU_E,3,48
1473,W2,R3,SKU_A,4,203
1473,W2,R3,SKU_B,4,48
1473,W2,R3,SKU_C,4,159
1473,W2,R3,SKU_D,4,119
1473,W2,R3,SKU_E,4,70
1474,Supplier,W2,SKU_A,6,203
1474,Supplier,W2,SKU_B,6,48
1474,Supplier,W2,SKU_C,6,159
1474,Supplier,W2,SKU_D,6,119
1474,Supplier,W2,SKU_E,6,70
1474,W1,R2,SKU_A,3,90
1474,W1,R2,SKU_B,3,39
1474,W1,R2,SKU_C,3,32
1474,W1,R2,SKU_D,3,39
1474,W1,R2,SKU_E,3,53
1474,W2,R3,SKU_A,4,185
1474,W2,R3,SKU_B,4,60
1474,W2,R3,SKU_C,4,114
1474,W2,R3,SKU_D,4,103
1474,W2,R3,SKU_E,4,61
1475,Supplier,W1,SKU_A,5,413
1475,Supplier,W1,SKU_B,5,211
1475,Supplier,W1,SKU_C,5,209
1475,Supplier,W1,SKU_D,5,184
1475,Supplier,W1,SKU_E,5,192
1475,Supplier,W2,SKU_A,6,185
1475,Supplier,W2,SKU_B,6,60
1475,Supplier,W2,SKU_C,6,114
1475,Supplier,W2,SKU_D,6,103
1475,Supplier,W2,SKU_E,6,61
1475,W1,R1,SKU_A,2,219
1475,W1,R1,SKU_B,2,99
1475,W1,R1,SKU_C,2,139
1475,W1,R1,SKU_D,2,95
1475,W1,R1,SKU_E,2,83
1475,W1,R2,SKU_A,3,65
1475,W1,R2,SKU_B,3,58
1475,W1,R2,SKU_C,3,40
1475,W1,R2,SKU_D,3,27
1475,W1,R2,SKU_E,3,60
1475,W2,R3,SKU_A,4,224
1475,W2,R3,SKU_B,4,58
1475,W2,R3,SKU_C,4,132
1475,W2,R3,SKU_D,4,111
1475,W2,R3,SKU_E,4,79
1476,Supplier,W2,SKU_A,6,224
1476,Supplier,W2,SKU_B,6,58
1476,Supplier,W2,SKU_C,6,132
1476,Supplier,W2,SKU_D,6,111
1476,Supplier,W2,SKU_E,6,79
1476,W1,R2,SKU_A,3,126
1476,W1,R2,SKU_B,3,63
1476,W1,R2,SKU_C,3,65
1476,W1,R2,SKU_D,3,49
1476,W1,R2,SKU_E,3,64
1476,W2,R3,SKU_A,4,218
1476,W2,R3,SKU_B,4,65
1476,W2,R3,SKU_C,4,140
1476,W2,R3,SKU_D,4,134
1476,W2,R3,SKU_E,4,103
1477,Supplier,W1,SKU_A,5,418
1477,Supplier,W1,SKU_B,5,227
1477,Supplier,W1,SKU_C,5,242
1477,Supplier,W1,SKU_D,5,180
1477,Supplier,W1,SKU_E,5,215
1477,Supplier,W2,SKU_A,6,218
1477,Supplier,W2,SKU_B,6,65
1477,Supplier,W2,SKU_C,6,140
1477,Supplier,W2,SKU_D,6,134
1477,Supplier,W2,SKU_E,6,103
1477,W1,R1,SKU_A,2,231
1477,W1,R1,SKU_B,2,134
1477,W1,R1,SKU_C,2,152
1477,W1,R1,SKU_D,2,115
1477,W1,R1,SKU_E,2,100
1477,W1,R2,SKU_A,3,105
1477,W1,R2,SKU_B,3,70
1477,W1,R2,SKU_C,3,53
1477,W1,R2,SKU_D,3,41
1477,W1,R2,SKU_E,3,19
1477,W2,R3,SKU_A,4,231
1477,W2,R3,SKU_B,4,67
1477,W2,R3,SKU_C,4,155
1477,W2,R3,SKU_D,4,119
1477,W2,R3,SKU_E,4,95
1478,Supplier,W2,SKU_A,6,231
1478,Supplier,W2,SKU_B,6,67
1478,Supplier,W2,SKU_C,6,155
1478,Supplier,W2,SKU_D,6,119
1478,Supplier,W2,SKU_E,6,95
1478,W1,R1,SKU_A,2,133
1478,W1,R1,SKU_B,2,114
1478,W1,R1,SKU_C,2,101
1478,W1,R1,SKU_D,2,71
1478,W1,R1,SKU_E,2,76
1478,W1,R2,SKU_A,3,123
1478,W1,R2,SKU_B,3,79
1478,W1,R2,SKU_C,3,91
1478,W1,R2,SKU_D,3,40
1478,W1,R2,SKU_E,3,99
1478,W2,R3,SKU_A,4,256
1478,W2,R3,SKU_B,4,73
1478,W2,R3,SKU_C,4,183
1478,W2,R3,SKU_D,4,117
1478,W2,R3,SKU_E,4,94
1479,Supplier,W1,SKU_A,5,479
1479,Supplier,W1,SKU_B,5,338
1479,Supplier,W1,SKU_C,5,339
1479,Supplier,W1,SKU_D,5,210
1479,Supplier,W1,SKU_E,5,244
1479,Supplier,W2,SKU_A,6,256
1479,Supplier,W2,SKU_B,6,73
1479,Supplier,W2,SKU_C,6,183
1479,Supplier,W2,SKU_D,6,117
1479,Supplier,W2,SKU_E,6,94
1479,W1,R1,SKU_A,2,135
1479,W1,R1,SKU_B,2,78
1479,W1,R1,SKU_C,2,111
1479,W1,R1,SKU_D,2,67
1479,W1,R1,SKU_E,2,71
1479,W1,R2,SKU_A,3,112
1479,W1,R2,SKU_B,3,69
1479,W1,R2,SKU_C,3,66
1479,W1,R2,SKU_D,3,49
1479,W1,R2,SKU_E,3,27
1479,W2,R3,SKU_A,4,268
1479,W2,R3,SKU_B,4,75
1479,W2,R3,SKU_C,4,182
1479,W2,R3,SKU_D,4,111
1479,W2,R3,SKU_E,4,80
1480,Supplier,W2,SKU_A,6,268
1480,Supplier,W2,SKU_B,6,75
1480,Supplier,W2,SKU_C,6,182
1480,Supplier,W2,SKU_D,6,111
1480,Supplier,W2,SKU_E,6,80
1480,W1,R2,SKU_A,3,103
1480,W1,R2,SKU_B,3,71
1480,W1,R2,SKU_C,3,51
1480,W1,R2,SKU_D,3,37
1480,W1,R2,SKU_E,3,88
1481,Supplier,W1,SKU_A,5,457
1481,Supplier,W1,SKU_B,5,274
1481,Supplier,W1,SKU_C,5,308
1481,Supplier,W1,SKU_D,5,188
1481,Supplier,W1,SKU_E,5,226
1481,Supplier,W2,SKU_A,6,172
1481,Supplier,W2,SKU_B,6,52
1481,Supplier,W2,SKU_C,6,87
1481,Supplier,W2,SKU_D,6,74
1481,Supplier,W2,SKU_E,6,60
1481,W1,R1,SKU_A,2,199
1481,W1,R1,SKU_B,2,89
1481,W1,R1,SKU_C,2,133
1481,W1,R1,SKU_D,2,72
1481,W1,R1,SKU_E,2,69
1481,W1,R2,SKU_A,3,68
1481,W1,R2,SKU_B,3,56
1481,W1,R2,SKU_C,3,24
1481,W1,R2,SKU_D,3,30
1481,W1,R2,SKU_E,3,35
1481,W2,R3,SKU_A,4,309
1481,W2,R3,SKU_B,4,103
1481,W2,R3,SKU_C,4,169
1481,W2,R3,SKU_D,4,142
1481,W2,R3,SKU_E,4,109
1482,Supplier,W2,SKU_A,6,137
1482,Supplier,W2,SKU_B,6,51
1482,Supplier,W2,SKU_C,6,82
1482,Supplier,W2,SKU_D,6,68
1482,Supplier,W2,SKU_E,6,49
1482,W1,R2,SKU_A,3,81
1482,W1,R2,SKU_B,3,50
1482,W1,R2,SKU_C,3,49
1482,W1,R2,SKU_D,3,24
1482,W1,R2,SKU_E,3,46
1482,W2,R3,SKU_A,4,149
1482,W2,R3,SKU_B,4,45
1482,W2,R3,SKU_C,4,91
1482,W2,R3,SKU_D,4,102
1482,W2,R3,SKU_E,4,56
1483,Supplier,W1,SKU_A,5,324
1483,Supplier,W1,SKU_B,5,181
1483,Supplier,W1,SKU_C,5,184
1483,Supplier,W1,SKU_D,5,126
1483,Supplier,W1,SKU_E,5,142
1483,Supplier,W2,SKU_A,6,149
1483,Supplier,W2,SKU_B,6,45
1483,Supplier,W2,SKU_C,6,91
1483,Supplier,W2,SKU_D,6,102
1483,Supplier,W2,SKU_E,6,56
1483,W1,R1,SKU_A,2,196
1483,W1,R1,SKU_B,2,92
1483,W1,R1,SKU_C,2,152
1483,W1,R1,SKU_D,2,81
1483,W1,R1,SKU_E,2,67
1483,W1,R2,SKU_A,3,72
1483,W1,R2,SKU_B,3,57
1483,W1,R2,SKU_C,3,45
1483,W1,R2,SKU_D,3,35
1483,W1,R2,SKU_E,3,37
1483,W2,R3,SKU_A,4,172
1483,W2,R3,SKU_B,4,57
1483,W2,R3,SKU_C,4,82
1483,W2,R3,SKU_D,4,98
1483,W2,R3,SKU_E,4,73
1484,Supplier,W2,SKU_A,6,172
1484,Supplier,W2,SKU_B,6,57
1484,Supplier,W2,SKU_C,6,82
1484,Supplier,W2,SKU_D,6,98
1484,Supplier,W2,SKU_E,6,73
1484,W1,R2,SKU_A,3,80
1484,W1,R2,SKU_B,3,43
1484,W1,R2,SKU_C,3,43
1484,W1,R2,SKU_D,3,25
1484,W1,R2,SKU_E,3,52
1484,W2,R3,SKU_A,4,185
1484,W2,R3,SKU_B,4,56
1484,W2,R3,SKU_C,4,103
1484,W2,R3,SKU_D,4,107
1484,W2,R3,SKU_E,4,70
1485,Supplier,W1,SKU_A,5,373
1485,Supplier,W1,SKU_B,5,205
1485,Supplier,W1,SKU_C,5,275
1485,Supplier,W1,SKU_D,5,151
1485,Supplier,W1,SKU_E,5,159
1485,Supplier,W2,SKU_A,6,185
1485,Supplier,W2,SKU_B,6,56
1485,Supplier,W2,SKU_C,6,103
1485,Supplier,W2,SKU_D,6,107
1485,Supplier,W2,SKU_E,6,70
1485,W1,R1,SKU_A,2,258
1485,W1,R1,SKU_B,2,158
1485,W1,R1,SKU_C,2,196
1485,W1,R1,SKU_D,2,104
1485,W1,R1,SKU_E,2,127
1485,W1,R2,SKU_A,3,78
1485,W1,R2,SKU_B,3,64
1485,W1,R2,SKU_C,3,65
1485,W1,R2,SKU_D,3,38
1485,W1,R2,SKU_E,3,43
1485,W2,R3,SKU_A,4,289
1485,W2,R3,SKU_B,4,96
1485,W2,R3,SKU_C,4,110
1485,W2,R3,SKU_D,4,137
1485,W2,R3,SKU_E,4,100
1486,Supplier,W2,SKU_A,6,289
1486,Supplier,W2,SKU_B,6,96
1486,Supplier,W2,SKU_C,6,110
1486,Supplier,W2,SKU_D,6,137
1486,Supplier,W2,SKU_E,6,100
1486,W1,R1,SKU_A,2,141
1486,W1,R1,SKU_B,2,73
1486,W1,R1,SKU_C,2,107
1486,W1,R1,SKU_D,2,78
1486,W1,R1,SKU_E,2,56
1486,W1,R2,SKU_A,3,92
1486,W1,R2,SKU_B,3,58
1486,W1,R2,SKU_C,3,60
1486,W1,R2,SKU_D,3,46
1486,W1,R2,SKU_E,3,61
1486,W2,R3,SKU_A,4,233
1486,W2,R3,SKU_B,4,72
1486,W2,R3,SKU_C,4,161
1486,W2,R3,SKU_D,4,136
1486,W2,R3,SKU_E,4,100
1487,Supplier,W1,SKU_A,5,461
1487,Supplier,W1,SKU_B,5,298
1487,Supplier,W1,SKU_C,5,335
1487,Supplier,W1,SKU_D,5,221
1487,Supplier,W1,SKU_E,5,252
1487,Supplier,W2,SKU_A,6,233
1487,Supplier,W2,SKU_B,6,72
1487,Supplier,W2,SKU_C,6,161
1487,Supplier,W2,SKU_D,6,136
1487,Supplier,W2,SKU_E,6,100
1487,W1,R2,SKU_A,3,69
1487,W1,R2,SKU_B,3,34
1487,W1,R2,SKU_C,3,38
1487,W1,R2,SKU_D,3,26
1487,W1,R2,SKU_E,3,42
1488,Supplier,W2,SKU_A,6,119
1488,Supplier,W2,SKU_B,6,34
1488,Supplier,W2,SKU_C,6,59
1488,Supplier,W2,SKU_D,6,65
1488,Supplier,W2,SKU_E,6,53
1488,W1,R1,SKU_A,2,174
1488,W1,R1,SKU_B,2,75
1488,W1,R1,SKU_C,2,103
1488,W1,R1,SKU_D,2,77
1488,W1,R1,SKU_E,2,70
1488,W1,R2,SKU_A,3,81
1488,W1,R2,SKU_B,3,42
1488,W1,R2,SKU_C,3,35
1488,W1,R2,SKU_D,3,31
1488,W1,R2,SKU_E,3,44
1488,W2,R3,SKU_A,4,275
1488,W2,R3,SKU_B,4,68
1488,W2,R3,SKU_C,4,129
1488,W2,R3,SKU_D,4,153
1488,W2,R3,SKU_E,4,108
1489,Supplier,W2,SKU_A,6,156
1489,Supplier,W2,SKU_B,6,34
1489,Supplier,W2,SKU_C,6,70
1489,Supplier,W2,SKU_D,6,88
1489,Supplier,W2,SKU_E,6,55
1489,W1,R2,SKU_A,3,90
1489,W1,R2,SKU_B,3,45
1489,W1,R2,SKU_C,3,31
1489,W1,R2,SKU_D,3,35
1489,W1,R2,SKU_E,3,47
1489,W2,R3,SKU_A,4,132
1489,W2,R3,SKU_B,4,45
1489,W2,R3,SKU_C,4,82
1489,W2,R3,SKU_D,4,96
1489,W2,R3,SKU_E,4,71
1490,Supplier,W1,SKU_A,5,501
1490,Supplier,W1,SKU_B,5,249
1490,Supplier,W1,SKU_C,5,267
1490,Supplier,W1,SKU_D,5,202
1490,Supplier,W1,SKU_E,5,236
1490,Supplier,W2,SKU_A,6,132
1490,Supplier,W2,SKU_B,6,45
1490,Supplier,W2,SKU_C,6,82
1490,Supplier,W2,SKU_D,6,96
1490,Supplier,W2,SKU_E,6,71
1490,W1,R1,SKU_A,2,172
1490,W1,R1,SKU_B,2,104
1490,W1,R1,SKU_C,2,131
1490,W1,R1,SKU_D,2,69
1490,W1,R1,SKU_E,2,74
1490,W1,R2,SKU_A,3,84
1490,W1,R2,SKU_B,3,39
1490,W1,R2,SKU_C,3,27
1490,W1,R2,SKU_D,3,55
1490,W1,R2,SKU_E,3,40
1490,W2,R3,SKU_A,4,152
1490,W2,R3,SKU_B,4,38
1490,W2,R3,SKU_C,4,85
1490,W2,R3,SKU_D,4,103
1490,W2,R3,SKU_E,4,77
1491,Supplier,W2,SKU_A,6,152
1491,Supplier,W2,SKU_B,6,38
1491,Supplier,W2,SKU_C,6,85
1491,Supplier,W2,SKU_D,6,103
1491,Supplier,W2,SKU_E,6,77
1491,W1,R2,SKU_A,3,78
1491,W1,R2,SKU_B,3,66
1491,W1,R2,SKU_C,3,31
1491,W1,R2,SKU_D,3,39
1491,W1,R2,SKU_E,3,57
1491,W2,R3,SKU_A,4,149
1491,W2,R3,SKU_B,4,54
1491,W2,R3,SKU_C,4,100
1491,W2,R3,SKU_D,4,102
1491,W2,R3,SKU_E,4,96
1492,Supplier,W1,SKU_A,5,339
1492,Supplier,W1,SKU_B,5,210
1492,Supplier,W1,SKU_C,5,195
1492,Supplier,W1,SKU_D,5,182
1492,Supplier,W1,SKU_E,5,172
1492,Supplier,W2,SKU_A,6,149
1492,Supplier,W2,SKU_B,6,54
1492,Supplier,W2,SKU_C,6,100
1492,Supplier,W2,SKU_D,6,102
1492,Supplier,W2,SKU_E,6,96
1492,W1,R1,SKU_A,2,206
1492,W1,R1,SKU_B,2,142
1492,W1,R1,SKU_C,2,174
1492,W1,R1,SKU_D,2,99
1492,W1,R1,SKU_E,2,110
1492,W1,R2,SKU_A,3,103
1492,W1,R2,SKU_B,3,70
1492,W1,R2,SKU_C,3,58
1492,W1,R2,SKU_D,3,55
1492,W1,R2,SKU_E,3,59
1492,W2,R3,SKU_A,4,243
1492,W2,R3,SKU_B,4,60
1492,W2,R3,SKU_C,4,140
1492,W2,R3,SKU_D,4,130
1492,W2,R3,SKU_E,4,109
1493,Supplier,W2,SKU_A,6,243
1493,Supplier,W2,SKU_B,6,60
1493,Supplier,W2,SKU_C,6,140
1493,Supplier,W2,SKU_D,6,130
1493,Supplier,W2,SKU_E,6,109
1493,W1,R1,SKU_A,2,143
1493,W1,R1,SKU_B,2,63
1493,W1,R1,SKU_C,2,106
1493,W1,R1,SKU_D,2,66
1493,W1,R1,SKU_E,2,83
1493,W1,R2,SKU_A,3,113
1493,W1,R2,SKU_B,3,61
1493,W1,R2,SKU_C,3,48
1493,W1,R2,SKU_D,3,50
1493,W1,R2,SKU_E,3,53
1493,W2,R3,SKU_A,4,245
1493,W2,R3,SKU_B,4,65
1493,W2,R3,SKU_C,4,144
1493,W2,R3,SKU_D,4,124
1493,W2,R3,SKU_E,4,98
1494,Supplier,W1,SKU_A,5,473
1494,Supplier,W1,SKU_B,5,282
1494,Supplier,W1,SKU_C,5,320
1494,Supplier,W1,SKU_D,5,218
1494,Supplier,W1,SKU_E,5,271
1494,Supplier,W2,SKU_A,6,245
1494,Supplier,W2,SKU_B,6,65
1494,Supplier,W2,SKU_C,6,144
1494,Supplier,W2,SKU_D,6,124
1494,Supplier,W2,SKU_E,6,98
1494,W1,R2,SKU_A,3,69
1494,W1,R2,SKU_B,3,28
1494,W1,R2,SKU_C,3,31
1494,W1,R2,SKU_D,3,32
1494,W1,R2,SKU_E,3,30
1494,W2,R3,SKU_A,4,145
1494,W2,R3,SKU_B,4,57
1494,W2,R3,SKU_C,4,113
1494,W2,R3,SKU_D,4,92
1494,W2,R3,SKU_E,4,78
1495,Supplier,W2,SKU_A,6,145
1495,Supplier,W2,SKU_B,6,57
1495,Supplier,W2,SKU_C,6,113
1495,Supplier,W2,SKU_D,6,92
1495,Supplier,W2,SKU_E,6,78
1495,W1,R1,SKU_A,2,188
1495,W1,R1,SKU_B,2,97
1495,W1,R1,SKU_C,2,107
1495,W1,R1,SKU_D,2,77
1495,W1,R1,SKU_E,2,96
1495,W1,R2,SKU_A,3,100
1495,W1,R2,SKU_B,3,34
1495,W1,R2,SKU_C,3,45
1495,W1,R2,SKU_D,3,37
1495,W1,R2,SKU_E,3,62
1495,W2,R3,SKU_A,4,204
1495,W2,R3,SKU_B,4,44
1495,W2,R3,SKU_C,4,110
1495,W2,R3,SKU_D,4,93
1495,W2,R3,SKU_E,4,81
1496,Supplier,W1,SKU_A,5,357
1496,Supplier,W1,SKU_B,5,159
1496,Supplier,W1,SKU_C,5,183
1496,Supplier,W1,SKU_D,5,146
1496,Supplier,W1,SKU_E,5,188
1496,Supplier,W2,SKU_A,6,204
1496,Supplier,W2,SKU_B,6,44
1496,Supplier,W2,SKU_C,6,110
1496,Supplier,W2,SKU_D,6,93
1496,Supplier,W2,SKU_E,6,81
1496,W1,R2,SKU_A,3,102
1496,W1,R2,SKU_B,3,48
1496,W1,R2,SKU_C,3,33
1496,W1,R2,SKU_D,3,31
1496,W1,R2,SKU_E,3,45
1496,W2,R3,SKU_A,4,196
1496,W2,R3,SKU_B,4,51
1496,W2,R3,SKU_C,4,100
1496,W2,R3,SKU_D,4,89
1496,W2,R3,SKU_E,4,62
1497,Supplier,W2,SKU_A,6,196
1497,Supplier,W2,SKU_B,6,51
1497,Supplier,W2,SKU_C,6,100
1497,Supplier,W2,SKU_D,6,89
1497,Supplier,W2,SKU_E,6,62
1497,W1,R1,SKU_A,2,174
1497,W1,R1,SKU_B,2,110
1497,W1,R1,SKU_C,2,103
1497,W1,R1,SKU_D,2,78
1497,W1,R1,SKU_E,2,95
1497,W1,R2,SKU_A,3,97
1497,W1,R2,SKU_B,3,54
1497,W1,R2,SKU_C,3,46
1497,W1,R2,SKU_D,3,55
1497,W1,R2,SKU_E,3,42
1498,Supplier,W1,SKU_A,5,373
1498,Supplier,W1,SKU_B,5,212
1498,Supplier,W1,SKU_C,5,182
1498,Supplier,W1,SKU_D,5,164
1498,Supplier,W1,SKU_E,5,182
1498,Supplier,W2,SKU_A,6,151
1498,Supplier,W2,SKU_B,6,45
1498,Supplier,W2,SKU_C,6,90
1498,Supplier,W2,SKU_D,6,75
1498,Supplier,W2,SKU_E,6,71
1498,W1,R2,SKU_A,3,60
1498,W1,R2,SKU_B,3,44
1498,W1,R2,SKU_C,3,48
1498,W1,R2,SKU_D,3,37
1498,W1,R2,SKU_E,3,41
1498,W2,R3,SKU_A,4,299
1498,W2,R3,SKU_B,4,99
1498,W2,R3,SKU_C,4,191
1498,W2,R3,SKU_D,4,182
1498,W2,R3,SKU_E,4,153
1499,Supplier,W2,SKU_A,6,148
1499,Supplier,W2,SKU_B,6,54
1499,Supplier,W2,SKU_C,6,101
1499,Supplier,W2,SKU_D,6,107
1499,Supplier,W2,SKU_E,6,82
1499,W1,R1,SKU_A,2,272
1499,W1,R1,SKU_B,2,124
1499,W1,R1,SKU_C,2,163
1499,W1,R1,SKU_D,2,130
1499,W1,R1,SKU_E,2,130
1499,W1,R2,SKU_A,3,88
1499,W1,R2,SKU_B,3,69
1499,W1,R2,SKU_C,3,80
1499,W1,R2,SKU_D,3,54
1499,W1,R2,SKU_E,3,54
1499,W2,R3,SKU_A,4,210
1499,W2,R3,SKU_B,4,55
1499,W2,R3,SKU_C,4,162
1499,W2,R3,SKU_D,4,119
1499,W2,R3,SKU_E,4,98
1500,Supplier,W1,SKU_A,5,420
1500,Supplier,W1,SKU_B,5,237
1500,Supplier,W1,SKU_C,5,291
1500,Supplier,W1,SKU_D,5,221
1500,Supplier,W1,SKU_E,5,225
1500,Supplier,W2,SKU_A,6,210
1500,Supplier,W2,SKU_B,6,55
1500,Supplier,W2,SKU_C,6,162
1500,Supplier,W2,SKU_D,6,119
1500,Supplier,W2,SKU_E,6,98
1500,W1,R1,SKU_A,2,137
1500,W1,R1,SKU_B,2,59
1500,W1,R1,SKU_C,2,113
1500,W1,R1,SKU_D,2,45
1500,W1,R1,SKU_E,2,68
1500,W1,R2,SKU_A,3,101
1500,W1,R2,SKU_B,3,59
1500,W1,R2,SKU_C,3,62
1500,W1,R2,SKU_D,3,54
1500,W1,R2,SKU_E,3,70
1500,W2,R3,SKU_A,4,197
1500,W2,R3,SKU_B,4,56
1500,W2,R3,SKU_C,4,117
1500,W2,R3,SKU_D,4,107
1500,W2,R3,SKU_E,4,96
1501,Supplier,W2,SKU_A,6,197
1501,Supplier,W2,SKU_B,6,56
1501,Supplier,W2,SKU_C,6,117
1501,Supplier,W2,SKU_D,6,107
1501,Supplier,W2,SKU_E,6,96
1501,W1,R2,SKU_A,3,90
1501,W1,R2,SKU_B,3,54
1501,W1,R2,SKU_C,3,58
1501,W1,R2,SKU_D,3,34
1501,W1,R2,SKU_E,3,38
1502,Supplier,W1,SKU_A,5,432
1502,Supplier,W1,SKU_B,5,211
1502,Supplier,W1,SKU_C,5,307
1502,Supplier,W1,SKU_D,5,184
1502,Supplier,W1,SKU_E,5,230
1502,Supplier,W2,SKU_A,6,152
1502,Supplier,W2,SKU_B,6,36
1502,Supplier,W2,SKU_C,6,84
1502,Supplier,W2,SKU_D,6,84
1502,Supplier,W2,SKU_E,6,76
1502,W1,R1,SKU_A,2,185
1502,W1,R1,SKU_B,2,64
1502,W1,R1,SKU_C,2,135
1502,W1,R1,SKU_D,2,99
1502,W1,R1,SKU_E,2,88
1502,W1,R2,SKU_A,3,82
1502,W1,R2,SKU_B,3,41
1502,W1,R2,SKU_C,3,49
1502,W1,R2,SKU_D,3,49
1502,W1,R2,SKU_E,3,38
1502,W2,R3,SKU_A,4,304
1502,W2,R3,SKU_B,4,87
1502,W2,R3,SKU_C,4,182
1502,W2,R3,SKU_D,4,169
1502,W2,R3,SKU_E,4,146
1503,Supplier,W2,SKU_A,6,152
1503,Supplier,W2,SKU_B,6,51
1503,Supplier,W2,SKU_C,6,98
1503,Supplier,W2,SKU_D,6,85
1503,Supplier,W2,SKU_E,6,70
1503,W1,R2,SKU_A,3,86
1503,W1,R2,SKU_B,3,51
1503,W1,R2,SKU_C,3,42
1503,W1,R2,SKU_D,3,41
1503,W1,R2,SKU_E,3,49
1504,Supplier,W1,SKU_A,5,357
1504,Supplier,W1,SKU_B,5,147
1504,Supplier,W1,SKU_C,5,219
1504,Supplier,W1,SKU_D,5,173
1504,Supplier,W1,SKU_E,5,164
1504,Supplier,W2,SKU_A,6,146
1504,Supplier,W2,SKU_B,6,58
1504,Supplier,W2,SKU_C,6,77
1504,Supplier,W2,SKU_D,6,73
1504,Supplier,W2,SKU_E,6,62
1504,W1,R1,SKU_A,2,204
1504,W1,R1,SKU_B,2,69
1504,W1,R1,SKU_C,2,121
1504,W1,R1,SKU_D,2,69
1504,W1,R1,SKU_E,2,89
1504,W1,R2,SKU_A,3,80
1504,W1,R2,SKU_B,3,38
1504,W1,R2,SKU_C,3,35
1504,W1,R2,SKU_D,3,34
1504,W1,R2,SKU_E,3,38
1504,W2,R3,SKU_A,4,307
1504,W2,R3,SKU_B,4,140
1504,W2,R3,SKU_C,4,172
1504,W2,R3,SKU_D,4,173
1504,W2,R3,SKU_E,4,145
1505,Supplier,W2,SKU_A,6,161
1505,Supplier,W2,SKU_B,6,82
1505,Supplier,W2,SKU_C,6,95
1505,Supplier,W2,SKU_D,6,100
1505,Supplier,W2,SKU_E,6,83
1505,W1,R1,SKU_A,2,133
1505,W1,R1,SKU_B,2,61
1505,W1,R1,SKU_C,2,83
1505,W1,R1,SKU_D,2,65
1505,W1,R1,SKU_E,2,47
1505,W1,R2,SKU_A,3,97
1505,W1,R2,SKU_B,3,56
1505,W1,R2,SKU_C,3,72
1505,W1,R2,SKU_D,3,67
1505,W1,R2,SKU_E,3,55
1505,W2,R3,SKU_A,4,191
1505,W2,R3,SKU_B,4,53
1505,W2,R3,SKU_C,4,117
1505,W2,R3,SKU_D,4,113
1505,W2,R3,SKU_E,4,86
1506,Supplier,W1,SKU_A,5,406
1506,Supplier,W1,SKU_B,5,194
1506,Supplier,W1,SKU_C,5,244
1506,Supplier,W1,SKU_D,5,200
1506,Supplier,W1,SKU_E,5,186
1506,Supplier,W2,SKU_A,6,191
1506,Supplier,W2,SKU_B,6,53
1506,Supplier,W2,SKU_C,6,117
1506,Supplier,W2,SKU_D,6,113
1506,Supplier,W2,SKU_E,6,86
1506,W1,R1,SKU_A,2,170
1506,W1,R1,SKU_B,2,105
1506,W1,R1,SKU_C,2,140
1506,W1,R1,SKU_D,2,86
1506,W1,R1,SKU_E,2,64
1506,W1,R2,SKU_A,3,120
1506,W1,R2,SKU_B,3,128
1506,W1,R2,SKU_C,3,64
1506,W1,R2,SKU_D,3,53
1506,W1,R2,SKU_E,3,46
1506,W2,R3,SKU_A,4,233
1506,W2,R3,SKU_B,4,71
1506,W2,R3,SKU_C,4,175
1506,W2,R3,SKU_D,4,142
1506,W2,R3,SKU_E,4,99
1507,Supplier,W1,SKU_A,5,290
1507,Supplier,W1,SKU_B,5,233
1507,Supplier,W1,SKU_C,5,204
1507,Supplier,W1,SKU_D,5,139
1507,Supplier,W1,SKU_E,5,110
1507,Supplier,W2,SKU_A,6,233
1507,Supplier,W2,SKU_B,6,71
1507,Supplier,W2,SKU_C,6,175
1507,Supplier,W2,SKU_D,6,142
1507,Supplier,W2,SKU_E,6,99
1507,W1,R1,SKU_A,2,129
1507,W1,R1,SKU_B,2,106
1507,W1,R1,SKU_C,2,147
1507,W1,R1,SKU_D,2,70
1507,W1,R1,SKU_E,2,58
1507,W1,R2,SKU_A,3,118
1507,W1,R2,SKU_B,3,64
1507,W1,R2,SKU_C,3,79
1507,W1,R2,SKU_D,3,20
1507,W1,R2,SKU_E,3,55
1507,W2,R3,SKU_A,4,237
1507,W2,R3,SKU_B,4,105
1507,W2,R3,SKU_C,4,158
1507,W2,R3,SKU_D,4,134
1507,W2,R3,SKU_E,4,102
1508,Supplier,W2,SKU_A,6,237
1508,Supplier,W2,SKU_B,6,105
1508,Supplier,W2,SKU_C,6,158
1508,Supplier,W2,SKU_D,6,134
1508,Supplier,W2,SKU_E,6,102
1508,W1,R2,SKU_A,3,79
1508,W1,R2,SKU_B,3,28
1508,W1,R2,SKU_C,3,45
1508,W1,R2,SKU_D,3,51
1508,W1,R2,SKU_E,3,48
1508,W2,R3,SKU_A,4,164
1508,W2,R3,SKU_B,4,78
1508,W2,R3,SKU_C,4,104
1508,W2,R3,SKU_D,4,115
1508,W2,R3,SKU_E,4,63
1509,Supplier,W1,SKU_A,5,435
1509,Supplier,W1,SKU_B,5,245
1509,Supplier,W1,SKU_C,5,347
1509,Supplier,W1,SKU_D,5,183
1509,Supplier,W1,SKU_E,5,212
1509,Supplier,W2,SKU_A,6,164
1509,Supplier,W2,SKU_B,6,78
1509,Supplier,W2,SKU_C,6,104
1509,Supplier,W2,SKU_D,6,115
1509,Supplier,W2,SKU_E,6,63
1509,W1,R1,SKU_A,2,211
1509,W1,R1,SKU_B,2,105
1509,W1,R1,SKU_C,2,137
1509,W1,R1,SKU_D,2,93
1509,W1,R1,SKU_E,2,103
1509,W1,R2,SKU_A,3,87
1509,W1,R2,SKU_B,3,41
1509,W1,R2,SKU_C,3,47
1509,W1,R2,SKU_D,3,47
1509,W1,R2,SKU_E,3,38
1509,W2,R3,SKU_A,4,195
1509,W2,R3,SKU_B,4,61
1509,W2,R3,SKU_C,4,130
1509,W2,R3,SKU_D,4,104
1509,W2,R3,SKU_E,4,68
1510,Supplier,W2,SKU_A,6,195
1510,Supplier,W2,SKU_B,6,61
1510,Supplier,W2,SKU_C,6,130
1510,Supplier,W2,SKU_D,6,104
1510,Supplier,W2,SKU_E,6,68
1510,W1,R2,SKU_A,3,82
1510,W1,R2,SKU_B,3,38
1510,W1,R2,SKU_C,3,34
1510,W1,R2,SKU_D,3,32
1510,W1,R2,SKU_E,3,40
1510,W2,R3,SKU_A,4,131
1510,W2,R3,SKU_B,4,62
1510,W2,R3,SKU_C,4,115
1510,W2,R3,SKU_D,4,94
1510,W2,R3,SKU_E,4,88
1511,Supplier,W1,SKU_A,5,358
1511,Supplier,W1,SKU_B,5,178
1511,Supplier,W1,SKU_C,5,230
1511,Supplier,W1,SKU_D,5,165
1511,Supplier,W1,SKU_E,5,193
1511,Supplier,W2,SKU_A,6,131
1511,Supplier,W2,SKU_B,6,62
1511,Supplier,W2,SKU_C,6,115
1511,Supplier,W2,SKU_D,6,94
1511,Supplier,W2,SKU_E,6,88
1511,W1,R1,SKU_A,2,194
1511,W1,R1,SKU_B,2,76
1511,W1,R1,SKU_C,2,156
1511,W1,R1,SKU_D,2,94
1511,W1,R1,SKU_E,2,113
1511,W1,R2,SKU_A,3,66
1511,W1,R2,SKU_B,3,46
1511,W1,R2,SKU_C,3,39
1511,W1,R2,SKU_D,3,29
1511,W1,R2,SKU_E,3,41
1511,W2,R3,SKU_A,4,166
1511,W2,R3,SKU_B,4,53
1511,W2,R3,SKU_C,4,77
1511,W2,R3,SKU_D,4,96
1511,W2,R3,SKU_E,4,67
1512,Supplier,W2,SKU_A,6,166
1512,Supplier,W2,SKU_B,6,53
1512,Supplier,W2,SKU_C,6,77
1512,Supplier,W2,SKU_D,6,96
1512,Supplier,W2,SKU_E,6,67
1512,W1,R1,SKU_A,2,119
1512,W1,R1,SKU_B,2,64
1512,W1,R1,SKU_C,2,102
1512,W1,R1,SKU_D,2,64
1512,W1,R1,SKU_E,2,58
1512,W1,R2,SKU_A,3,92
1512,W1,R2,SKU_B,3,54
1512,W1,R2,SKU_C,3,54
1512,W1,R2,SKU_D,3,45
1512,W1,R2,SKU_E,3,42
1512,W2,R3,SKU_A,4,199
1512,W2,R3,SKU_B,4,66
1512,W2,R3,SKU_C,4,119
1512,W2,R3,SKU_D,4,100
1512,W2,R3,SKU_E,4,79
1513,Supplier,W1,SKU_A,5,384
1513,Supplier,W1,SKU_B,5,199
1513,Supplier,W1,SKU_C,5,263
1513,Supplier,W1,SKU_D,5,197
1513,Supplier,W1,SKU_E,5,191
1513,Supplier,W2,SKU_A,6,199
1513,Supplier,W2,SKU_B,6,66
1513,Supplier,W2,SKU_C,6,119
1513,Supplier,W2,SKU_D,6,100
1513,Supplier,W2,SKU_E,6,79
1513,W1,R1,SKU_A,2,131
1513,W1,R1,SKU_B,2,57
1513,W1,R1,SKU_C,2,86
1513,W1,R1,SKU_D,2,62
1513,W1,R1,SKU_E,2,54
1513,W1,R2,SKU_A,3,100
1513,W1,R2,SKU_B,3,68
1513,W1,R2,SKU_C,3,73
1513,W1,R2,SKU_D,3,56
1513,W1,R2,SKU_E,3,50
1513,W2,R3,SKU_A,4,205
1513,W2,R3,SKU_B,4,48
1513,W2,R3,SKU_C,4,131
1513,W2,R3,SKU_D,4,99
1513,W2,R3,SKU_E,4,99
1514,Supplier,W2,SKU_A,6,205
1514,Supplier,W2,SKU_B,6,48
1514,Supplier,W2,SKU_C,6,131
1514,Supplier,W2,SKU_D,6,99
1514,Supplier,W2,SKU_E,6,99
1514,W1,R1,SKU_A,2,145
1514,W1,R1,SKU_B,2,80
1514,W1,R1,SKU_C,2,121
1514,W1,R1,SKU_D,2,61
1514,W1,R1,SKU_E,2,47
1514,W1,R2,SKU_A,3,90
1514,W1,R2,SKU_B,3,56
1514,W1,R2,SKU_C,3,63
1514,W1,R2,SKU_D,3,40
1514,W1,R2,SKU_E,3,44
1514,W2,R3,SKU_A,4,213
1514,W2,R3,SKU_B,4,68
1514,W2,R3,SKU_C,4,172
1514,W2,R3,SKU_D,4,105
1514,W2,R3,SKU_E,4,73
1515,Supplier,W1,SKU_A,5,466
1515,Supplier,W1,SKU_B,5,261
1515,Supplier,W1,SKU_C,5,343
1515,Supplier,W1,SKU_D,5,219
1515,Supplier,W1,SKU_E,5,195
1515,Supplier,W2,SKU_A,6,213
1515,Supplier,W2,SKU_B,6,68
1515,Supplier,W2,SKU_C,6,172
1515,Supplier,W2,SKU_D,6,105
1515,Supplier,W2,SKU_E,6,73
1515,W1,R2,SKU_A,3,76
1515,W1,R2,SKU_B,3,36
1515,W1,R2,SKU_C,3,55
1515,W1,R2,SKU_D,3,39
1515,W1,R2,SKU_E,3,24
1515,W2,R3,SKU_A,4,161
1515,W2,R3,SKU_B,4,62
1515,W2,R3,SKU_C,4,131
1515,W2,R3,SKU_D,4,74
1515,W2,R3,SKU_E,4,65
1516,Supplier,W2,SKU_A,6,161
1516,Supplier,W2,SKU_B,6,62
1516,Supplier,W2,SKU_C,6,131
1516,Supplier,W2,SKU_D,6,74
1516,Supplier,W2,SKU_E,6,65
1516,W1,R1,SKU_A,2,209
1516,W1,R1,SKU_B,2,50
1516,W1,R1,SKU_C,2,136
1516,W1,R1,SKU_D,2,68
1516,W1,R1,SKU_E,2,76
1516,W1,R2,SKU_A,3,86
1516,W1,R2,SKU_B,3,44
1516,W1,R2,SKU_C,3,37
1516,W1,R2,SKU_D,3,35
1516,W1,R2,SKU_E,3,35
1517,Supplier,W2,SKU_A,6,61
1517,Supplier,W2,SKU_B,6,38
1517,Supplier,W2,SKU_C,6,44
1517,Supplier,W2,SKU_D,6,45
1517,Supplier,W2,SKU_E,6,43
1517,W1,R2,SKU_A,3,77
1517,W1,R2,SKU_B,3,45
1517,W1,R2,SKU_C,3,68
1517,W1,R2,SKU_D,3,32
1517,W1,R2,SKU_E,3,35
1517,W2,R3,SKU_A,4,247
1517,W2,R3,SKU_B,4,121
1517,W2,R3,SKU_C,4,190
1517,W2,R3,SKU_D,4,177
1517,W2,R3,SKU_E,4,115
1518,Supplier,W1,SKU_A,5,543
1518,Supplier,W1,SKU_B,5,219
1518,Supplier,W1,SKU_C,5,367
1518,Supplier,W1,SKU_D,5,218
1518,Supplier,W1,SKU_E,5,194
1518,Supplier,W2,SKU_A,6,186
1518,Supplier,W2,SKU_B,6,83
1518,Supplier,W2,SKU_C,6,146
1518,Supplier,W2,SKU_D,6,132
1518,Supplier,W2,SKU_E,6,72
1518,W1,R1,SKU_A,2,190
1518,W1,R1,SKU_B,2,101
1518,W1,R1,SKU_C,2,164
1518,W1,R1,SKU_D,2,95
1518,W1,R1,SKU_E,2,55
1518,W1,R2,SKU_A,3,95
1518,W1,R2,SKU_B,3,57
1518,W1,R2,SKU_C,3,63
1518,W1,R2,SKU_D,3,50
1518,W1,R2,SKU_E,3,46
1518,W2,R3,SKU_A,4,120
1518,W2,R3,SKU_B,4,51
1518,W2,R3,SKU_C,4,105
1518,W2,R3,SKU_D,4,90
1518,W2,R3,SKU_E,4,63
1519,Supplier,W2,SKU_A,6,120
1519,Supplier,W2,SKU_B,6,51
1519,Supplier,W2,SKU_C,6,105
1519,Supplier,W2,SKU_D,6,90
1519,Supplier,W2,SKU_E,6,63
1519,W1,R2,SKU_A,3,72
1519,W1,R2,SKU_B,3,72
1519,W1,R2,SKU_C,3,63
1519,W1,R2,SKU_D,3,39
1519,W1,R2,SKU_E,3,50
1519,W2,R3,SKU_A,4,135
1519,W2,R3,SKU_B,4,63
1519,W2,R3,SKU_C,4,113
1519,W2,R3,SKU_D,4,86
1519,W2,R3,SKU_E,4,78
1520,Supplier,W1,SKU_A,5,356
1520,Supplier,W1,SKU_B,5,245
1520,Supplier,W1,SKU_C,5,300
1520,Supplier,W1,SKU_D,5,191
1520,Supplier,W1,SKU_E,5,180
1520,Supplier,W2,SKU_A,6,135
1520,Supplier,W2,SKU_B,6,63
1520,Supplier,W2,SKU_C,6,113
1520,Supplier,W2,SKU_D,6,86
1520,Supplier,W2,SKU_E,6,78
1520,W1,R1,SKU_A,2,245
1520,W1,R1,SKU_B,2,136
1520,W1,R1,SKU_C,2,192
1520,W1,R1,SKU_D,2,93
1520,W1,R1,SKU_E,2,106
1520,W1,R2,SKU_A,3,113
1520,W1,R2,SKU_B,3,60
1520,W1,R2,SKU_C,3,79
1520,W1,R2,SKU_D,3,57
1520,W1,R2,SKU_E,3,44
1520,W2,R3,SKU_A,4,218
1520,W2,R3,SKU_B,4,59
1520,W2,R3,SKU_C,4,173
1520,W2,R3,SKU_D,4,120
1520,W2,R3,SKU_E,4,96
1521,Supplier,W2,SKU_A,6,218
1521,Supplier,W2,SKU_B,6,59
1521,Supplier,W2,SKU_C,6,173
1521,Supplier,W2,SKU_D,6,120
1521,Supplier,W2,SKU_E,6,96
1521,W1,R1,SKU_A,2,133
1521,W1,R1,SKU_B,2,103
1521,W1,R1,SKU_C,2,123
1521,W1,R1,SKU_D,2,63
1521,W1,R1,SKU_E,2,58
1521,W1,R2,SKU_A,3,96
1521,W1,R2,SKU_B,3,70
1521,W1,R2,SKU_C,3,60
1521,W1,R2,SKU_D,3,56
1521,W1,R2,SKU_E,3,42
1521,W2,R3,SKU_A,4,198
1521,W2,R3,SKU_B,4,80
1521,W2,R3,SKU_C,4,158
1521,W2,R3,SKU_D,4,122
1521,W2,R3,SKU_E,4,103
1522,Supplier,W1,SKU_A,5,493
1522,Supplier,W1,SKU_B,5,310
1522,Supplier,W1,SKU_C,5,373
1522,Supplier,W1,SKU_D,5,218
1522,Supplier,W1,SKU_E,5,197
1522,Supplier,W2,SKU_A,6,198
1522,Supplier,W2,SKU_B,6,80
1522,Supplier,W2,SKU_C,6,158
1522,Supplier,W2,SKU_D,6,122
1522,Supplier,W2,SKU_E,6,103
1522,W1,R2,SKU_A,3,94
1522,W1,R2,SKU_B,3,54
1522,W1,R2,SKU_D,3,41
1522,W1,R2,SKU_E,3,36
1523,Supplier,W2,SKU_A,6,149
1523,Supplier,W2,SKU_B,6,49
1523,Supplier,W2,SKU_C,6,108
1523,Supplier,W2,SKU_D,6,74
1523,Supplier,W2,SKU_E,6,55
1523,W1,R1,SKU_A,2,215
1523,W1,R1,SKU_B,2,85
1523,W1,R1,SKU_C,2,113
1523,W1,R1,SKU_D,2,79
1523,W1,R1,SKU_E,2,75
1523,W1,R2,SKU_A,3,79
1523,W1,R2,SKU_B,3,41
1523,W1,R2,SKU_C,3,86
1523,W1,R2,SKU_D,3,36
1523,W1,R2,SKU_E,3,35
1523,W2,R3,SKU_A,4,287
1523,W2,R3,SKU_B,4,120
1523,W2,R3,SKU_C,4,213
1523,W2,R3,SKU_D,4,187
1523,W2,R3,SKU_E,4,134
1524,Supplier,W1,SKU_A,5,388
1524,Supplier,W1,SKU_B,5,180
1524,Supplier,W1,SKU_C,5,199
1524,Supplier,W1,SKU_D,5,156
1524,Supplier,W1,SKU_E,5,146
1524,Supplier,W2,SKU_A,6,138
1524,Supplier,W2,SKU_B,6,71
1524,Supplier,W2,SKU_C,6,105
1524,Supplier,W2,SKU_D,6,113
1524,Supplier,W2,SKU_E,6,79
1524,W1,R2,SKU_A,3,78
1524,W1,R2,SKU_B,3,61
1524,W1,R2,SKU_C,3,54
1524,W1,R2,SKU_D,3,28
1524,W1,R2,SKU_E,3,52
1524,W2,R3,SKU_A,4,197
1524,W2,R3,SKU_B,4,57
1524,W2,R3,SKU_C,4,116
1524,W2,R3,SKU_D,4,118
1524,W2,R3,SKU_E,4,88
1525,Supplier,W2,SKU_A,6,197
1525,Supplier,W2,SKU_B,6,57
1525,Supplier,W2,SKU_C,6,116
1525,Supplier,W2,SKU_D,6,118
1525,Supplier,W2,SKU_E,6,88
1525,W1,R1,SKU_A,2,216
1525,W1,R1,SKU_B,2,92
1525,W1,R1,SKU_C,2,129
1525,W1,R1,SKU_D,2,106
1525,W1,R1,SKU_E,2,85
1525,W1,R2,SKU_A,3,82
1525,W1,R2,SKU_B,3,51
1525,W1,R2,SKU_C,3,47
1525,W1,R2,SKU_D,3,45
1525,W1,R2,SKU_E,3,41
1525,W2,R3,SKU_A,4,159
1525,W2,R3,SKU_B,4,59
1525,W2,R3,SKU_C,4,117
1525,W2,R3,SKU_D,4,91
1525,W2,R3,SKU_E,4,98
1526,Supplier,W1,SKU_A,5,376
1526,Supplier,W1,SKU_B,5,204
1526,Supplier,W1,SKU_C,5,230
1526,Supplier,W1,SKU_D,5,179
1526,Supplier,W1,SKU_E,5,178
1526,Supplier,W2,SKU_A,6,159
1526,Supplier,W2,SKU_B,6,59
1526,Supplier,W2,SKU_C,6,117
1526,Supplier,W2,SKU_D,6,91
1526,Supplier,W2,SKU_E,6,98
1526,W1,R1,SKU_A,2,142
1526,W1,R1,SKU_B,2,85
1526,W1,R1,SKU_C,2,126
1526,W1,R1,SKU_D,2,70
1526,W1,R1,SKU_E,2,68
1526,W1,R2,SKU_A,3,115
1526,W1,R2,SKU_B,3,72
1526,W1,R2,SKU_C,3,70
1526,W1,R2,SKU_D,3,73
1526,W1,R2,SKU_E,3,65
1526,W2,R3,SKU_A,4,269
1526,W2,R3,SKU_B,4,87
1526,W2,R3,SKU_C,4,206
1526,W2,R3,SKU_D,4,103
1526,W2,R3,SKU_E,4,90
1527,Supplier,W2,SKU_A,6,269
1527,Supplier,W2,SKU_B,6,87
1527,Supplier,W2,SKU_C,6,206
1527,Supplier,W2,SKU_D,6,103
1527,Supplier,W2,SKU_E,6,90
1527,W1,R1,SKU_A,2,181
1527,W1,R1,SKU_B,2,97
1527,W1,R1,SKU_C,2,137
1527,W1,R1,SKU_D,2,66
1527,W1,R1,SKU_E,2,73
1527,W1,R2,SKU_A,3,144
1527,W1,R2,SKU_B,3,74
1527,W1,R2,SKU_C,3,76
1527,W1,R2,SKU_D,3,80
1527,W1,R2,SKU_E,3,65
1527,W2,R3,SKU_A,4,238
1527,W2,R3,SKU_B,4,52
1527,W2,R3,SKU_C,4,189
1527,W2,R3,SKU_D,4,153
1527,W2,R3,SKU_E,4,100
1528,Supplier,W1,SKU_A,5,582
1528,Supplier,W1,SKU_B,5,328
1528,Supplier,W1,SKU_C,5,409
1528,Supplier,W1,SKU_D,5,289
1528,Supplier,W1,SKU_E,5,271
1528,Supplier,W2,SKU_A,6,238
1528,Supplier,W2,SKU_B,6,52
1528,Supplier,W2,SKU_C,6,189
1528,Supplier,W2,SKU_D,6,153
1528,Supplier,W2,SKU_E,6,100
1528,W1,R1,SKU_A,2,159
1528,W1,R1,SKU_B,2,47
1528,W1,R1,SKU_C,2,112
1528,W1,R1,SKU_D,2,57
1528,W1,R1,SKU_E,2,55
1528,W1,R2,SKU_A,3,135
1528,W1,R2,SKU_B,3,60
1528,W1,R2,SKU_C,3,64
1528,W1,R2,SKU_D,3,42
1528,W1,R2,SKU_E,3,58
1528,W2,R3,SKU_A,4,222
1528,W2,R3,SKU_B,4,59
1528,W2,R3,SKU_C,4,151
1528,W2,R3,SKU_D,4,113
1528,W2,R3,SKU_E,4,93
1529,Supplier,W2,SKU_A,6,222
1529,Supplier,W2,SKU_B,6,59
1529,Supplier,W2,SKU_C,6,151
1529,Supplier,W2,SKU_D,6,113
1529,Supplier,W2,SKU_E,6,93
1529,W1,R2,SKU_A,3,82
1529,W1,R2,SKU_B,3,46
1529,W1,R2,SKU_C,3,55
1529,W1,R2,SKU_D,3,30
1529,W1,R2,SKU_E,3,37
1529,W2,R3,SKU_A,4,177
1529,W2,R3,SKU_B,4,44
1529,W2,R3,SKU_C,4,109
1529,W2,R3,SKU_D,4,73
1529,W2,R3,SKU_E,4,84
1530,Supplier,W1,SKU_A,5,483
1530,Supplier,W1,SKU_B,5,193
1530,Supplier,W1,SKU_C,5,313
1530,Supplier,W1,SKU_D,5,179
1530,Supplier,W1,SKU_E,5,194
1530,Supplier,W2,SKU_A,6,177
1530,Supplier,W2,SKU_B,6,44
1530,Supplier,W2,SKU_C,6,109
1530,Supplier,W2,SKU_D,6,73
1530,Supplier,W2,SKU_E,6,84
1530,W1,R1,SKU_A,2,208
1530,W1,R1,SKU_B,2,68
1530,W1,R1,SKU_C,2,145
1530,W1,R1,SKU_D,2,83
1530,W1,R1,SKU_E,2,90
1530,W1,R2,SKU_A,3,88
1530,W1,R2,SKU_B,3,34
1530,W1,R2,SKU_C,3,53
1530,W1,R2,SKU_D,3,42
1530,W1,R2,SKU_E,3,33
1530,W2,R3,SKU_A,4,158
1530,W2,R3,SKU_B,4,53
1530,W2,R3,SKU_C,4,126
1530,W2,R3,SKU_D,4,89
1530,W2,R3,SKU_E,4,78
1531,Supplier,W2,SKU_A,6,158
1531,Supplier,W2,SKU_B,6,53
1531,Supplier,W2,SKU_C,6,126
1531,Supplier,W2,SKU_D,6,89
1531,Supplier,W2,SKU_E,6,78
1531,W1,R2,SKU_A,3,86
1531,W1,R2,SKU_B,3,50
1531,W1,R2,SKU_C,3,56
1531,W1,R2,SKU_D,3,31
1531,W1,R2,SKU_E,3,31
1531,W2,R3,SKU_A,4,172
1531,W2,R3,SKU_B,4,46
1531,W2,R3,SKU_C,4,109
1531,W2,R3,SKU_D,4,97
1531,W2,R3,SKU_E,4,83
1532,Supplier,W1,SKU_A,5,384
1532,Supplier,W1,SKU_B,5,160
1532,Supplier,W1,SKU_C,5,239
1532,Supplier,W1,SKU_D,5,149
1532,Supplier,W1,SKU_E,5,147
1532,Supplier,W2,SKU_A,6,172
1532,Supplier,W2,SKU_B,6,46
1532,Supplier,W2,SKU_C,6,109
1532,Supplier,W2,SKU_D,6,97
1532,Supplier,W2,SKU_E,6,83
1532,W1,R1,SKU_A,2,209
1532,W1,R1,SKU_B,2,106
1532,W1,R1,SKU_C,2,140
1532,W1,R1,SKU_D,2,87
1532,W1,R1,SKU_E,2,73
1532,W1,R2,SKU_A,3,78
1532,W1,R2,SKU_B,3,55
1532,W1,R2,SKU_C,3,49
1532,W1,R2,SKU_D,3,57
1532,W1,R2,SKU_E,3,33
1532,W2,R3,SKU_A,4,165
1532,W2,R3,SKU_B,4,53
1532,W2,R3,SKU_C,4,97
1532,W2,R3,SKU_D,4,82
1532,W2,R3,SKU_E,4,71
1533,Supplier,W2,SKU_A,6,165
1533,Supplier,W2,SKU_B,6,53
1533,Supplier,W2,SKU_C,6,97
1533,Supplier,W2,SKU_D,6,82
1533,Supplier,W2,SKU_E,6,71
1533,W1,R2,SKU_A,3,93
1533,W1,R2,SKU_B,3,55
1533,W1,R2,SKU_C,3,56
1533,W1,R2,SKU_D,3,54
1533,W1,R2,SKU_E,3,39
1533,W2,R3,SKU_A,4,173
1533,W2,R3,SKU_B,4,53
1533,W2,R3,SKU_C,4,89
1533,W2,R3,SKU_D,4,89
1533,W2,R3,SKU_E,4,68
1534,Supplier,W1,SKU_A,5,359
1534,Supplier,W1,SKU_B,5,243
1534,Supplier,W1,SKU_C,5,259
1534,Supplier,W1,SKU_D,5,197
1534,Supplier,W1,SKU_E,5,158
1534,Supplier,W2,SKU_A,6,173
1534,Supplier,W2,SKU_B,6,53
1534,Supplier,W2,SKU_C,6,89
1534,Supplier,W2,SKU_D,6,89
1534,Supplier,W2,SKU_E,6,68
1534,W1,R1,SKU_A,2,236
1534,W1,R1,SKU_B,2,163
1534,W1,R1,SKU_C,2,210
1534,W1,R1,SKU_D,2,98
1534,W1,R1,SKU_E,2,106
1534,W1,R2,SKU_A,3,124
1534,W1,R2,SKU_B,3,58
1534,W1,R2,SKU_C,3,62
1534,W1,R2,SKU_D,3,63
1534,W1,R2,SKU_E,3,49
1534,W2,R3,SKU_A,4,181
1534,W2,R3,SKU_B,4,73
1534,W2,R3,SKU_C,4,152
1534,W2,R3,SKU_D,4,118
1534,W2,R3,SKU_E,4,104
1535,Supplier,W2,SKU_A,6,181
1535,Supplier,W2,SKU_B,6,73
1535,Supplier,W2,SKU_C,6,152
1535,Supplier,W2,SKU_D,6,118
1535,Supplier,W2,SKU_E,6,104
1535,W1,R1,SKU_A,2,159
1535,W1,R1,SKU_B,2,75
1535,W1,R1,SKU_C,2,111
1535,W1,R1,SKU_D,2,54
1535,W1,R1,SKU_E,2,69
1535,W1,R2,SKU_A,3,124
1535,W1,R2,SKU_B,3,61
1535,W1,R2,SKU_C,3,78
1535,W1,R2,SKU_D,3,57
1535,W1,R2,SKU_E,3,64
1535,W2,R3,SKU_A,4,223
1535,W2,R3,SKU_B,4,57
1535,W2,R3,SKU_C,4,134
1535,W2,R3,SKU_D,4,109
1535,W2,R3,SKU_E,4,89
1536,Supplier,W1,SKU_A,5,555
1536,Supplier,W1,SKU_B,5,282
1536,Supplier,W1,SKU_C,5,380
1536,Supplier,W1,SKU_D,5,230
1536,Supplier,W1,SKU_E,5,238
1536,Supplier,W2,SKU_A,6,223
1536,Supplier,W2,SKU_B,6,57
1536,Supplier,W2,SKU_C,6,134
1536,Supplier,W2,SKU_D,6,109
1536,Supplier,W2,SKU_E,6,89
1536,W1,R2,SKU_A,3,90
1536,W1,R2,SKU_B,3,42
1536,W1,R2,SKU_C,3,49
1536,W1,R2,SKU_D,3,36
1536,W1,R2,SKU_E,3,42
1536,W2,R3,SKU_A,4,173
1536,W2,R3,SKU_B,4,80
1536,W2,R3,SKU_C,4,152
1536,W2,R3,SKU_D,4,100
1536,W2,R3,SKU_E,4,86
1537,Supplier,W2,SKU_A,6,173
1537,Supplier,W2,SKU_B,6,80
1537,Supplier,W2,SKU_C,6,152
1537,Supplier,W2,SKU_D,6,100
1537,Supplier,W2,SKU_E,6,86
1537,W1,R1,SKU_A,2,191
1537,W1,R1,SKU_B,2,75
1537,W1,R1,SKU_C,2,153
1537,W1,R1,SKU_D,2,75
1537,W1,R1,SKU_E,2,75
1537,W1,R2,SKU_A,3,94
1537,W1,R2,SKU_B,3,42
1537,W1,R2,SKU_C,3,29
1537,W1,R2,SKU_D,3,41
1537,W1,R2,SKU_E,3,55
1537,W2,R3,SKU_A,4,140
1537,W2,R3,SKU_B,4,56
1537,W2,R3,SKU_C,4,87
1537,W2,R3,SKU_D,4,63
1537,W2,R3,SKU_E,4,88
1538,Supplier,W1,SKU_A,5,375
1538,Supplier,W1,SKU_B,5,159
1538,Supplier,W1,SKU_C,5,231
1538,Supplier,W1,SKU_D,5,152
1538,Supplier,W1,SKU_E,5,172
1538,Supplier,W2,SKU_A,6,140
1538,Supplier,W2,SKU_B,6,56
1538,Supplier,W2,SKU_C,6,87
1538,Supplier,W2,SKU_D,6,63
1538,Supplier,W2,SKU_E,6,88
1538,W1,R2,SKU_A,3,93
1538,W1,R2,SKU_B,3,63
1538,W1,R2,SKU_C,3,42
1538,W1,R2,SKU_D,3,43
1538,W1,R2,SKU_E,3,34
1538,W2,R3,SKU_A,4,161
1538,W2,R3,SKU_B,4,52
1538,W2,R3,SKU_C,4,118
1538,W2,R3,SKU_D,4,95
1538,W2,R3,SKU_E,4,57
1539,Supplier,W2,SKU_A,6,161
1539,Supplier,W2,SKU_B,6,52
1539,Supplier,W2,SKU_C,6,118
1539,Supplier,W2,SKU_D,6,95
1539,Supplier,W2,SKU_E,6,57
1539,W1,R1,SKU_A,2,203
1539,W1,R1,SKU_B,2,104
1539,W1,R1,SKU_C,2,148
1539,W1,R1,SKU_D,2,85
1539,W1,R1,SKU_E,2,85
1539,W1,R2,SKU_A,3,89
1539,W1,R2,SKU_B,3,51
1539,W1,R2,SKU_C,3,70
1539,W1,R2,SKU_D,3,41
1539,W1,R2,SKU_E,3,36
1540,Supplier,W1,SKU_A,5,385
1540,Supplier,W1,SKU_B,5,218
1540,Supplier,W1,SKU_C,5,260
1540,Supplier,W1,SKU_D,5,169
1540,Supplier,W1,SKU_E,5,155
1540,Supplier,W2,SKU_A,6,115
1540,Supplier,W2,SKU_B,6,40
1540,Supplier,W2,SKU_C,6,79
1540,Supplier,W2,SKU_D,6,90
1540,Supplier,W2,SKU_E,6,77
1540,W1,R2,SKU_A,3,97
1540,W1,R2,SKU_B,3,75
1540,W1,R2,SKU_C,3,66
1540,W1,R2,SKU_D,3,44
1540,W1,R2,SKU_E,3,46
1540,W2,R3,SKU_A,4,239
1540,W2,R3,SKU_B,4,84
1540,W2,R3,SKU_C,4,208
1540,W2,R3,SKU_D,4,162
1540,W2,R3,SKU_E,4,169
1541,Supplier,W2,SKU_A,6,124
1541,Supplier,W2,SKU_B,6,44
1541,Supplier,W2,SKU_C,6,129
1541,Supplier,W2,SKU_D,6,72
1541,Supplier,W2,SKU_E,6,92
1541,W1,R1,SKU_A,2,260
1541,W1,R1,SKU_B,2,155
1541,W1,R1,SKU_C,2,205
1541,W1,R1,SKU_D,2,85
1541,W1,R1,SKU_E,2,107
1541,W1,R2,SKU_A,3,114
1541,W1,R2,SKU_B,3,63
1541,W1,R2,SKU_C,3,90
1541,W1,R2,SKU_D,3,50
1541,W1,R2,SKU_E,3,46
1541,W2,R3,SKU_A,4,205
1541,W2,R3,SKU_B,4,46
1541,W2,R3,SKU_C,4,136
1541,W2,R3,SKU_D,4,97
1541,W2,R3,SKU_E,4,75
1542,Supplier,W1,SKU_A,5,471
1542,Supplier,W1,SKU_B,5,293
1542,Supplier,W1,SKU_C,5,361
1542,Supplier,W1,SKU_D,5,179
1542,Supplier,W1,SKU_E,5,199
1542,Supplier,W2,SKU_A,6,205
1542,Supplier,W2,SKU_B,6,46
1542,Supplier,W2,SKU_C,6,136
1542,Supplier,W2,SKU_D,6,97
1542,Supplier,W2,SKU_E,6,75
1542,W1,R1,SKU_A,2,139
1542,W1,R1,SKU_B,2,72
1542,W1,R1,SKU_C,2,135
1542,W1,R1,SKU_D,2,73
1542,W1,R1,SKU_E,2,49
1542,W1,R2,SKU_A,3,130
1542,W1,R2,SKU_B,3,55
1542,W1,R2,SKU_C,3,61
1542,W1,R2,SKU_D,3,39
1542,W1,R2,SKU_E,3,51
1542,W2,R3,SKU_A,4,244
1542,W2,R3,SKU_B,4,66
1542,W2,R3,SKU_C,4,163
1542,W2,R3,SKU_D,4,126
1542,W2,R3,SKU_E,4,77
1543,Supplier,W2,SKU_A,6,244
1543,Supplier,W2,SKU_B,6,66
1543,Supplier,W2,SKU_C,6,163
1543,Supplier,W2,SKU_D,6,126
1543,Supplier,W2,SKU_E,6,77
1543,W1,R2,SKU_A,3,108
1543,W1,R2,SKU_B,3,44
1543,W1,R2,SKU_C,3,41
1543,W1,R2,SKU_D,3,21
1543,W1,R2,SKU_E,3,33
1544,Supplier,W1,SKU_A,5,472
1544,Supplier,W1,SKU_B,5,213
1544,Supplier,W1,SKU_C,5,290
1544,Supplier,W1,SKU_D,5,169
1544,Supplier,W1,SKU_E,5,178
1544,Supplier,W2,SKU_A,6,161
1544,Supplier,W2,SKU_B,6,40
1544,Supplier,W2,SKU_C,6,99
1544,Supplier,W2,SKU_D,6,68
1544,Supplier,W2,SKU_E,6,70
1544,W1,R1,SKU_A,2,191
1544,W1,R1,SKU_B,2,70
1544,W1,R1,SKU_C,2,104
1544,W1,R1,SKU_D,2,74
1544,W1,R1,SKU_E,2,72
1544,W1,R2,SKU_A,3,70
1544,W1,R2,SKU_B,3,24
1544,W1,R2,SKU_C,3,39
1544,W1,R2,SKU_D,3,35
1544,W1,R2,SKU_E,3,34
1544,W2,R3,SKU_A,4,320
1544,W2,R3,SKU_B,4,85
1544,W2,R3,SKU_C,4,194
1544,W2,R3,SKU_D,4,142
1544,W2,R3,SKU_E,4,114
1545,Supplier,W2,SKU_A,6,159
1545,Supplier,W2,SKU_B,6,45
1545,Supplier,W2,SKU_C,6,95
1545,Supplier,W2,SKU_D,6,74
1545,Supplier,W2,SKU_E,6,44
1545,W1,R2,SKU_A,3,78
1545,W1,R2,SKU_B,3,46
1545,W1,R2,SKU_C,3,54
1545,W1,R2,SKU_D,3,22
1545,W1,R2,SKU_E,3,32
1546,Supplier,W2,SKU_A,6,157
1546,Supplier,W2,SKU_B,6,37
1546,Supplier,W2,SKU_C,6,93
1546,Supplier,W2,SKU_D,6,68
1546,Supplier,W2,SKU_E,6,51
1546,W1,R1,SKU_A,2,228
1546,W1,R1,SKU_B,2,87
1546,W1,R1,SKU_C,2,122
1546,W1,R1,SKU_D,2,76
1546,W1,R1,SKU_E,2,83
1546,W1,R2,SKU_A,3,82
1546,W1,R2,SKU_B,3,57
1546,W1,R2,SKU_C,3,35
1546,W1,R2,SKU_D,3,46
1546,W1,R2,SKU_E,3,25
1546,W2,R3,SKU_A,4,323
1546,W2,R3,SKU_B,4,96
1546,W2,R3,SKU_C,4,198
1546,W2,R3,SKU_D,4,165
1546,W2,R3,SKU_E,4,118
1547,Supplier,W1,SKU_A,5,554
1547,Supplier,W1,SKU_B,5,242
1547,Supplier,W1,SKU_C,5,301
1547,Supplier,W1,SKU_D,5,217
1547,Supplier,W1,SKU_E,5,201
1547,Supplier,W2,SKU_A,6,166
1547,Supplier,W2,SKU_B,6,59
1547,Supplier,W2,SKU_C,6,105
1547,Supplier,W2,SKU_D,6,97
1547,Supplier,W2,SKU_E,6,67
1547,W1,R2,SKU_A,3,88
1547,W1,R2,SKU_B,3,48
1547,W1,R2,SKU_C,3,61
1547,W1,R2,SKU_D,3,43
1547,W1,R2,SKU_E,3,38
1547,W2,R3,SKU_A,4,190
1547,W2,R3,SKU_B,4,52
1547,W2,R3,SKU_C,4,127
1547,W2,R3,SKU_D,4,102
1547,W2,R3,SKU_E,4,68
1548,Supplier,W2,SKU_A,6,190
1548,Supplier,W2,SKU_B,6,52
1548,Supplier,W2,SKU_C,6,127
1548,Supplier,W2,SKU_D,6,102
1548,Supplier,W2,SKU_E,6,68
1548,W1,R1,SKU_A,2,230
1548,W1,R1,SKU_B,2,120
1548,W1,R1,SKU_C,2,207
1548,W1,R1,SKU_D,2,72
1548,W1,R1,SKU_E,2,111
1548,W1,R2,SKU_A,3,116
1548,W1,R2,SKU_B,3,29
1548,W1,R2,SKU_C,3,54
1548,W1,R2,SKU_D,3,46
1548,W1,R2,SKU_E,3,50
1548,W2,R3,SKU_A,4,254
1548,W2,R3,SKU_B,4,63
1548,W2,R3,SKU_C,4,164
1548,W2,R3,SKU_D,4,132
1548,W2,R3,SKU_E,4,72
1549,Supplier,W1,SKU_A,5,434
1549,Supplier,W1,SKU_B,5,197
1549,Supplier,W1,SKU_C,5,322
1549,Supplier,W1,SKU_D,5,161
1549,Supplier,W1,SKU_E,5,199
1549,Supplier,W2,SKU_A,6,254
1549,Supplier,W2,SKU_B,6,63
1549,Supplier,W2,SKU_C,6,164
1549,Supplier,W2,SKU_D,6,132
1549,Supplier,W2,SKU_E,6,72
1549,W1,R1,SKU_A,2,135
1549,W1,R1,SKU_B,2,67
1549,W1,R1,SKU_C,2,89
1549,W1,R1,SKU_D,2,60
1549,W1,R1,SKU_E,2,55
1549,W1,R2,SKU_A,3,111
1549,W1,R2,SKU_B,3,43
1549,W1,R2,SKU_C,3,61
1549,W1,R2,SKU_D,3,56
1549,W1,R2,SKU_E,3,38
1549,W2,R3,SKU_A,4,219
1549,W2,R3,SKU_B,4,59
1549,W2,R3,SKU_C,4,143
1549,W2,R3,SKU_D,4,104
1549,W2,R3,SKU_E,4,83
1550,Supplier,W2,SKU_A,6,219
1550,Supplier,W2,SKU_B,6,59
1550,Supplier,W2,SKU_C,6,143
1550,Supplier,W2,SKU_D,6,104
1550,Supplier,W2,SKU_E,6,83
1550,W1,R2,SKU_A,3,112
1550,W1,R2,SKU_B,3,51
1550,W1,R2,SKU_C,3,57
1550,W1,R2,SKU_D,3,40
1550,W1,R2,SKU_E,3,38
1551,Supplier,W1,SKU_A,5,452
1551,Supplier,W1,SKU_B,5,189
1551,Supplier,W1,SKU_C,5,273
1551,Supplier,W1,SKU_D,5,186
1551,Supplier,W1,SKU_E,5,158
1551,Supplier,W2,SKU_A,6,169
1551,Supplier,W2,SKU_B,6,39
1551,Supplier,W2,SKU_C,6,108
1551,Supplier,W2,SKU_D,6,73
1551,Supplier,W2,SKU_E,6,58
1551,W1,R1,SKU_A,2,180
1551,W1,R1,SKU_B,2,53
1551,W1,R1,SKU_C,2,124
1551,W1,R1,SKU_D,2,62
1551,W1,R1,SKU_E,2,69
1551,W1,R2,SKU_A,3,83
1551,W1,R2,SKU_B,3,43
1551,W1,R2,SKU_C,3,52
1551,W1,R2,SKU_D,3,31
1551,W1,R2,SKU_E,3,28
1551,W2,R3,SKU_A,4,365
1551,W2,R3,SKU_B,4,77
1551,W2,R3,SKU_C,4,174
1551,W2,R3,SKU_D,4,131
1551,W2,R3,SKU_E,4,124
1552,Supplier,W2,SKU_A,6,196
1552,Supplier,W2,SKU_B,6,38
1552,Supplier,W2,SKU_C,6,66
1552,Supplier,W2,SKU_D,6,58
1552,Supplier,W2,SKU_E,6,66
1552,W1,R2,SKU_A,3,90
1552,W1,R2,SKU_B,3,55
1552,W1,R2,SKU_C,3,42
1552,W1,R2,SKU_D,3,37
1552,W1,R2,SKU_E,3,22
1553,Supplier,W2,SKU_A,6,146
1553,Supplier,W2,SKU_B,6,44
1553,Supplier,W2,SKU_C,6,90
1553,Supplier,W2,SKU_D,6,62
1553,Supplier,W2,SKU_E,6,49
1553,W1,R1,SKU_A,2,175
1553,W1,R1,SKU_B,2,70
1553,W1,R1,SKU_C,2,145
1553,W1,R1,SKU_D,2,78
1553,W1,R1,SKU_E,2,78
1553,W1,R2,SKU_A,3,101
1553,W1,R2,SKU_B,3,63
1553,W1,R2,SKU_C,3,56
1553,W1,R2,SKU_D,3,43
1553,W1,R2,SKU_E,3,24
1553,W2,R3,SKU_A,4,327
1553,W2,R3,SKU_B,4,110
1553,W2,R3,SKU_C,4,205
1553,W2,R3,SKU_D,4,141
1553,W2,R3,SKU_E,4,113
1554,Supplier,W1,SKU_A,5,535
1554,Supplier,W1,SKU_B,5,256
1554,Supplier,W1,SKU_C,5,353
1554,Supplier,W1,SKU_D,5,221
1554,Supplier,W1,SKU_E,5,194
1554,Supplier,W2,SKU_A,6,181
1554,Supplier,W2,SKU_B,6,66
1554,Supplier,W2,SKU_C,6,115
1554,Supplier,W2,SKU_D,6,79
1554,Supplier,W2,SKU_E,6,64
1554,W1,R1,SKU_A,2,128
1554,W1,R1,SKU_B,2,77
1554,W1,R1,SKU_C,2,108
1554,W1,R1,SKU_D,2,47
1554,W1,R1,SKU_E,2,59
1554,W1,R2,SKU_A,3,108
1554,W1,R2,SKU_B,3,70
1554,W1,R2,SKU_C,3,89
1554,W1,R2,SKU_D,3,55
1554,W1,R2,SKU_E,3,55
1554,W2,R3,SKU_A,4,246
1554,W2,R3,SKU_B,4,66
1554,W2,R3,SKU_C,4,163
1554,W2,R3,SKU_D,4,101
1554,W2,R3,SKU_E,4,77
1555,Supplier,W2,SKU_A,6,246
1555,Supplier,W2,SKU_B,6,66
1555,Supplier,W2,SKU_C,6,163
1555,Supplier,W2,SKU_D,6,101
1555,Supplier,W2,SKU_E,6,77
1555,W1,R1,SKU_A,2,166
1555,W1,R1,SKU_B,2,80
1555,W1,R1,SKU_C,2,115
1555,W1,R1,SKU_D,2,64
1555,W1,R1,SKU_E,2,67
1555,W1,R2,SKU_A,3,119
1555,W1,R2,SKU_B,3,74
1555,W1,R2,SKU_C,3,104
1555,W1,R2,SKU_D,3,48
1555,W1,R2,SKU_E,3,67
1555,W2,R3,SKU_A,4,256
1555,W2,R3,SKU_B,4,59
1555,W2,R3,SKU_C,4,149
1555,W2,R3,SKU_D,4,103
1555,W2,R3,SKU_E,4,127
1556,Supplier,W1,SKU_A,5,521
1556,Supplier,W1,SKU_B,5,301
1556,Supplier,W1,SKU_C,5,416
1556,Supplier,W1,SKU_D,5,214
1556,Supplier,W1,SKU_E,5,248
1556,Supplier,W2,SKU_A,6,256
1556,Supplier,W2,SKU_B,6,59
1556,Supplier,W2,SKU_C,6,149
1556,Supplier,W2,SKU_D,6,103
1556,Supplier,W2,SKU_E,6,127
1556,W1,R1,SKU_A,2,136
1556,W1,R1,SKU_B,2,78
1556,W1,R1,SKU_C,2,122
1556,W1,R1,SKU_D,2,63
1556,W1,R1,SKU_E,2,60
1556,W1,R2,SKU_A,3,125
1556,W1,R2,SKU_B,3,66
1556,W1,R2,SKU_C,3,81
1556,W1,R2,SKU_D,3,41
1556,W1,R2,SKU_E,3,55
1556,W2,R3,SKU_A,4,240
1556,W2,R3,SKU_B,4,96
1556,W2,R3,SKU_C,4,142
1556,W2,R3,SKU_D,4,105
1556,W2,R3,SKU_E,4,97
1557,Supplier,W2,SKU_A,6,240
1557,Supplier,W2,SKU_B,6,96
1557,Supplier,W2,SKU_C,6,142
1557,Supplier,W2,SKU_D,6,105
1557,Supplier,W2,SKU_E,6,97
1557,W1,R2,SKU_A,3,105
1557,W1,R2,SKU_B,3,56
1557,W1,R2,SKU_C,3,51
1557,W1,R2,SKU_D,3,29
1557,W1,R2,SKU_E,3,42
1557,W2,R3,SKU_A,4,179
1557,W2,R3,SKU_B,4,65
1557,W2,R3,SKU_C,4,110
1557,W2,R3,SKU_D,4,77
1557,W2,R3,SKU_E,4,72
1558,Supplier,W1,SKU_A,5,464
1558,Supplier,W1,SKU_B,5,252
1558,Supplier,W1,SKU_C,5,315
1558,Supplier,W1,SKU_D,5,168
1558,Supplier,W1,SKU_E,5,203
1558,Supplier,W2,SKU_A,6,179
1558,Supplier,W2,SKU_B,6,65
1558,Supplier,W2,SKU_C,6,110
1558,Supplier,W2,SKU_D,6,77
1558,Supplier,W2,SKU_E,6,72
1558,W1,R1,SKU_A,2,193
1558,W1,R1,SKU_B,2,82
1558,W1,R1,SKU_C,2,70
1558,W1,R1,SKU_D,2,69
1558,W1,R1,SKU_E,2,81
1558,W1,R2,SKU_A,3,105
1558,W1,R2,SKU_B,3,36
1558,W1,R2,SKU_D,3,53
1558,W1,R2,SKU_E,3,44
1558,W2,R3,SKU_A,4,129
1558,W2,R3,SKU_B,4,64
1558,W2,R3,SKU_C,4,88
1558,W2,R3,SKU_D,4,71
1558,W2,R3,SKU_E,4,68
1559,Supplier,W2,SKU_A,6,129
1559,Supplier,W2,SKU_B,6,64
1559,Supplier,W2,SKU_C,6,88
1559,Supplier,W2,SKU_D,6,71
1559,Supplier,W2,SKU_E,6,68
1559,W1,R2,SKU_A,3,102
1559,W1,R2,SKU_B,3,46
1559,W1,R2,SKU_C,3,106
1559,W1,R2,SKU_D,3,30
1559,W1,R2,SKU_E,3,41
1559,W2,R3,SKU_A,4,200
1559,W2,R3,SKU_B,4,57
1559,W2,R3,SKU_C,4,88
1559,W2,R3,SKU_D,4,74
1559,W2,R3,SKU_E,4,70
1560,Supplier,W1,SKU_A,5,413
1560,Supplier,W1,SKU_B,5,142
1560,Supplier,W1,SKU_C,5,235
1560,Supplier,W1,SKU_D,5,160
1560,Supplier,W1,SKU_E,5,151
1560,Supplier,W2,SKU_A,6,200
1560,Supplier,W2,SKU_B,6,57
1560,Supplier,W2,SKU_C,6,88
1560,Supplier,W2,SKU_D,6,74
1560,Supplier,W2,SKU_E,6,70
1560,W1,R1,SKU_A,2,207
1560,W1,R1,SKU_B,2,75
1560,W1,R1,SKU_C,2,184
1560,W1,R1,SKU_D,2,83
1560,W1,R1,SKU_E,2,81
1560,W1,R2,SKU_A,3,97
1560,W1,R2,SKU_B,3,34
1560,W1,R2,SKU_C,3,39
1560,W1,R2,SKU_D,3,29
1560,W1,R2,SKU_E,3,47
1560,W2,R3,SKU_A,4,184
1560,W2,R3,SKU_B,4,82
1560,W2,R3,SKU_C,4,113
1560,W2,R3,SKU_D,4,86
1560,W2,R3,SKU_E,4,99
1561,Supplier,W2,SKU_A,6,184
1561,Supplier,W2,SKU_B,6,82
1561,Supplier,W2,SKU_C,6,113
1561,Supplier,W2,SKU_D,6,86
1561,Supplier,W2,SKU_E,6,99
1561,W1,R1,SKU_A,2,140
1561,W1,R1,SKU_B,2,70
1561,W1,R1,SKU_C,2,71
1561,W1,R1,SKU_D,2,38
1561,W1,R1,SKU_E,2,52
1561,W1,R2,SKU_A,3,107
1561,W1,R2,SKU_B,3,82
1561,W1,R2,SKU_C,3,52
1561,W1,R2,SKU_D,3,49
1561,W1,R2,SKU_E,3,56
1561,W2,R3,SKU_A,4,218
1561,W2,R3,SKU_B,4,73
1561,W2,R3,SKU_C,4,159
1561,W2,R3,SKU_D,4,94
1561,W2,R3,SKU_E,4,92
1562,Supplier,W1,SKU_A,5,440
1562,Supplier,W1,SKU_B,5,231
1562,Supplier,W1,SKU_C,5,226
1562,Supplier,W1,SKU_D,5,156
1562,Supplier,W1,SKU_E,5,205
1562,Supplier,W2,SKU_A,6,218
1562,Supplier,W2,SKU_B,6,73
1562,Supplier,W2,SKU_C,6,159
1562,Supplier,W2,SKU_D,6,94
1562,Supplier,W2,SKU_E,6,92
1562,W1,R1,SKU_A,2,155
1562,W1,R1,SKU_B,2,89
1562,W1,R1,SKU_C,2,102
1562,W1,R1,SKU_D,2,68
1562,W1,R1,SKU_E,2,70
1562,W1,R2,SKU_A,3,133
1562,W1,R2,SKU_B,3,62
1562,W1,R2,SKU_C,3,70
1562,W1,R2,SKU_D,3,54
1562,W1,R2,SKU_E,3,57
1562,W2,R3,SKU_A,4,287
1562,W2,R3,SKU_B,4,116
1562,W2,R3,SKU_C,4,214
1562,W2,R3,SKU_D,4,138
1562,W2,R3,SKU_E,4,127
1563,Supplier,W2,SKU_A,6,287
1563,Supplier,W2,SKU_B,6,116
1563,Supplier,W2,SKU_C,6,214
1563,Supplier,W2,SKU_D,6,138
1563,Supplier,W2,SKU_E,6,127
1563,W1,R1,SKU_A,2,149
1563,W1,R1,SKU_B,2,71
1563,W1,R1,SKU_C,2,94
1563,W1,R1,SKU_D,2,60
1563,W1,R1,SKU_E,2,78
1563,W1,R2,SKU_A,3,129
1563,W1,R2,SKU_B,3,49
1563,W1,R2,SKU_C,3,51
1563,W1,R2,SKU_D,3,45
1563,W1,R2,SKU_E,3,53
1563,W2,R3,SKU_A,4,314
1563,W2,R3,SKU_B,4,59
1563,W2,R3,SKU_C,4,127
1563,W2,R3,SKU_D,4,93
1563,W2,R3,SKU_E,4,76
1564,Supplier,W1,SKU_A,5,566
1564,Supplier,W1,SKU_B,5,271
1564,Supplier,W1,SKU_C,5,317
1564,Supplier,W1,SKU_D,5,227
1564,Supplier,W1,SKU_E,5,258
1564,Supplier,W2,SKU_A,6,314
1564,Supplier,W2,SKU_B,6,59
1564,Supplier,W2,SKU_C,6,127
1564,Supplier,W2,SKU_D,6,93
1564,Supplier,W2,SKU_E,6,76
1564,W1,R2,SKU_A,3,95
1564,W1,R2,SKU_B,3,43
1564,W1,R2,SKU_C,3,47
1564,W1,R2,SKU_D,3,42
1564,W1,R2,SKU_E,3,44
1564,W2,R3,SKU_A,4,204
1564,W2,R3,SKU_B,4,56
1564,W2,R3,SKU_C,4,101
1564,W2,R3,SKU_D,4,88
1564,W2,R3,SKU_E,4,64
1565,Supplier,W2,SKU_A,6,204
1565,Supplier,W2,SKU_B,6,56
1565,Supplier,W2,SKU_C,6,101
1565,Supplier,W2,SKU_D,6,88
1565,Supplier,W2,SKU_E,6,64
1565,W1,R1,SKU_A,2,262
1565,W1,R1,SKU_B,2,61
1565,W1,R1,SKU_C,2,129
1565,W1,R1,SKU_D,2,91
1565,W1,R1,SKU_E,2,86
1565,W1,R2,SKU_A,3,88
1565,W1,R2,SKU_B,3,46
1565,W1,R2,SKU_C,3,42
1565,W1,R2,SKU_D,3,40
1565,W1,R2,SKU_E,3,38
1565,W2,R3,SKU_A,4,173
1565,W2,R3,SKU_B,4,56
1565,W2,R3,SKU_C,4,86
1565,W2,R3,SKU_D,4,83
1565,W2,R3,SKU_E,4,63
1566,Supplier,W1,SKU_A,5,445
1566,Supplier,W1,SKU_B,5,150
1566,Supplier,W1,SKU_C,5,218
1566,Supplier,W1,SKU_D,5,173
1566,Supplier,W1,SKU_E,5,168
1566,Supplier,W2,SKU_A,6,173
1566,Supplier,W2,SKU_B,6,56
1566,Supplier,W2,SKU_C,6,86
1566,Supplier,W2,SKU_D,6,83
1566,Supplier,W2,SKU_E,6,63
1566,W1,R2,SKU_A,3,90
1566,W1,R2,SKU_B,3,54
1566,W1,R2,SKU_C,3,33
1566,W1,R2,SKU_D,3,47
1566,W1,R2,SKU_E,3,38
1566,W2,R3,SKU_A,4,155
1566,W2,R3,SKU_B,4,56
1566,W2,R3,SKU_C,4,75
1566,W2,R3,SKU_D,4,76
1566,W2,R3,SKU_E,4,70
1567,Supplier,W2,SKU_A,6,155
1567,Supplier,W2,SKU_B,6,56
1567,Supplier,W2,SKU_C,6,75
1567,Supplier,W2,SKU_D,6,76
1567,Supplier,W2,SKU_E,6,70
1567,W1,R1,SKU_A,2,223
1567,W1,R1,SKU_B,2,67
1567,W1,R1,SKU_C,2,129
1567,W1,R1,SKU_D,2,61
1567,W1,R1,SKU_E,2,74
1567,W1,R2,SKU_A,3,100
1567,W1,R2,SKU_B,3,36
1567,W1,R2,SKU_C,3,32
1567,W1,R2,SKU_D,3,28
1567,W1,R2,SKU_E,3,34
1567,W2,R3,SKU_A,4,199
1567,W2,R3,SKU_B,4,56
1567,W2,R3,SKU_C,4,131
1567,W2,R3,SKU_D,4,84
1567,W2,R3,SKU_E,4,70
1568,Supplier,W1,SKU_A,5,413
1568,Supplier,W1,SKU_B,5,157
1568,Supplier,W1,SKU_C,5,194
1568,Supplier,W1,SKU_D,5,136
1568,Supplier,W1,SKU_E,5,146
1568,Supplier,W2,SKU_A,6,199
1568,Supplier,W2,SKU_B,6,56
1568,Supplier,W2,SKU_C,6,131
1568,Supplier,W2,SKU_D,6,84
1568,Supplier,W2,SKU_E,6,70
1568,W1,R2,SKU_A,3,124
1568,W1,R2,SKU_B,3,66
1568,W1,R2,SKU_C,3,41
1568,W1,R2,SKU_D,3,47
1568,W1,R2,SKU_E,3,44
1568,W2,R3,SKU_A,4,190
1568,W2,R3,SKU_B,4,61
1568,W2,R3,SKU_C,4,95
1568,W2,R3,SKU_D,4,93
1568,W2,R3,SKU_E,4,81
1569,Supplier,W2,SKU_A,6,190
1569,Supplier,W2,SKU_B,6,61
1569,Supplier,W2,SKU_C,6,95
1569,Supplier,W2,SKU_D,6,93
1569,Supplier,W2,SKU_E,6,81
1569,W1,R1,SKU_A,2,303
1569,W1,R1,SKU_B,2,137
1569,W1,R1,SKU_C,2,184
1569,W1,R1,SKU_D,2,134
1569,W1,R1,SKU_E,2,134
1569,W1,R2,SKU_A,3,133
1569,W1,R2,SKU_B,3,75
1569,W1,R2,SKU_C,3,45
1569,W1,R2,SKU_D,3,49
1569,W1,R2,SKU_E,3,56
1569,W2,R3,SKU_A,4,260
1569,W2,R3,SKU_B,4,110
1569,W2,R3,SKU_C,4,185
1569,W2,R3,SKU_D,4,125
1569,W2,R3,SKU_E,4,87
1570,Supplier,W1,SKU_A,5,560
1570,Supplier,W1,SKU_B,5,278
1570,Supplier,W1,SKU_C,5,270
1570,Supplier,W1,SKU_D,5,230
1570,Supplier,W1,SKU_E,5,234
1570,Supplier,W2,SKU_A,6,260
1570,Supplier,W2,SKU_B,6,110
1570,Supplier,W2,SKU_C,6,185
1570,Supplier,W2,SKU_D,6,125
1570,Supplier,W2,SKU_E,6,87
1570,W1,R1,SKU_A,2,149
1570,W1,R1,SKU_B,2,81
1570,W1,R1,SKU_C,2,101
1570,W1,R1,SKU_D,2,60
1570,W1,R1,SKU_E,2,63
1570,W1,R2,SKU_A,3,122
1570,W1,R2,SKU_B,3,73
1570,W1,R2,SKU_C,3,65
1570,W1,R2,SKU_D,3,56
1570,W1,R2,SKU_E,3,42
1570,W2,R3,SKU_A,4,219
1570,W2,R3,SKU_B,4,93
1570,W2,R3,SKU_C,4,145
1570,W2,R3,SKU_D,4,102
1570,W2,R3,SKU_E,4,81
1571,Supplier,W2,SKU_A,6,219
1571,Supplier,W2,SKU_B,6,93
1571,Supplier,W2,SKU_C,6,145
1571,Supplier,W2,SKU_D,6,102
1571,Supplier,W2,SKU_E,6,81
1571,W1,R2,SKU_A,3,103
1571,W1,R2,SKU_B,3,53
1571,W1,R2,SKU_C,3,32
1571,W1,R2,SKU_D,3,38
1571,W1,R2,SKU_E,3,54
1571,W2,R3,SKU_A,4,157
1571,W2,R3,SKU_B,4,65
1571,W2,R3,SKU_C,4,109
1571,W2,R3,SKU_D,4,99
1571,W2,R3,SKU_E,4,67
1572,Supplier,W1,SKU_A,5,496
1572,Supplier,W1,SKU_B,5,253
1572,Supplier,W1,SKU_C,5,254
1572,Supplier,W1,SKU_D,5,196
1572,Supplier,W1,SKU_E,5,203
1572,Supplier,W2,SKU_A,6,157
1572,Supplier,W2,SKU_B,6,65
1572,Supplier,W2,SKU_C,6,109
1572,Supplier,W2,SKU_D,6,99
1572,Supplier,W2,SKU_E,6,67
1572,W1,R1,SKU_A,2,227
1572,W1,R1,SKU_B,2,74
1572,W1,R1,SKU_C,2,119
1572,W1,R1,SKU_D,2,72
1572,W1,R1,SKU_E,2,82
1572,W1,R2,SKU_A,3,85
1572,W1,R2,SKU_B,3,43
1572,W1,R2,SKU_C,3,39
1572,W1,R2,SKU_D,3,41
1572,W1,R2,SKU_E,3,27
1573,Supplier,W2,SKU_A,6,168
1573,Supplier,W2,SKU_B,6,64
1573,Supplier,W2,SKU_C,6,95
1573,Supplier,W2,SKU_D,6,58
1573,Supplier,W2,SKU_E,6,53
1573,W1,R2,SKU_A,3,73
1573,W1,R2,SKU_B,3,44
1573,W1,R2,SKU_C,3,36
1573,W1,R2,SKU_D,3,43
1573,W1,R2,SKU_E,3,32
1573,W2,R3,SKU_A,4,328
1573,W2,R3,SKU_B,4,124
1573,W2,R3,SKU_C,4,195
1573,W2,R3,SKU_D,4,139
1573,W2,R3,SKU_E,4,119
1574,Supplier,W2,SKU_A,6,160
1574,Supplier,W2,SKU_B,6,60
1574,Supplier,W2,SKU_C,6,100
1574,Supplier,W2,SKU_D,6,81
1574,Supplier,W2,SKU_E,6,66
1574,W1,R1,SKU_A,2,216
1574,W1,R1,SKU_B,2,79
1574,W1,R1,SKU_C,2,126
1574,W1,R1,SKU_D,2,60
1574,W1,R1,SKU_E,2,53
1574,W1,R2,SKU_A,3,93
1574,W1,R2,SKU_B,3,55
1574,W1,R2,SKU_C,3,51
1574,W1,R2,SKU_D,3,41
1574,W1,R2,SKU_E,3,39
1574,W2,R3,SKU_A,4,184
1574,W2,R3,SKU_B,4,54
1574,W2,R3,SKU_C,4,100
1574,W2,R3,SKU_D,4,104
1574,W2,R3,SKU_E,4,76
1575,Supplier,W1,SKU_A,5,572
1575,Supplier,W1,SKU_B,5,249
1575,Supplier,W1,SKU_C,5,315
1575,Supplier,W1,SKU_D,5,215
1575,Supplier,W1,SKU_E,5,189
1575,Supplier,W2,SKU_A,6,184
1575,Supplier,W2,SKU_B,6,54
1575,Supplier,W2,SKU_C,6,100
1575,Supplier,W2,SKU_D,6,104
1575,Supplier,W2,SKU_E,6,76
1575,W1,R2,SKU_A,3,73
1575,W1,R2,SKU_B,3,66
1575,W1,R2,SKU_C,3,37
1575,W1,R2,SKU_D,3,51
1575,W1,R2,SKU_E,3,51
1575,W2,R3,SKU_A,4,169
1575,W2,R3,SKU_B,4,47
1575,W2,R3,SKU_C,4,101
1575,W2,R3,SKU_D,4,93
1575,W2,R3,SKU_E,4,85
1576,Supplier,W2,SKU_A,6,169
1576,Supplier,W2,SKU_B,6,47
1576,Supplier,W2,SKU_C,6,101
1576,Supplier,W2,SKU_D,6,93
1576,Supplier,W2,SKU_E,6,85
1576,W1,R1,SKU_A,2,271
1576,W1,R1,SKU_B,2,126
1576,W1,R1,SKU_C,2,216
1576,W1,R1,SKU_D,2,108
1576,W1,R1,SKU_E,2,111
1576,W1,R2,SKU_A,3,110
1576,W1,R2,SKU_B,3,76
1576,W1,R2,SKU_C,3,66
1576,W1,R2,SKU_D,3,54
1576,W1,R2,SKU_E,3,43
1576,W2,R3,SKU_A,4,228
1576,W2,R3,SKU_B,4,95
1576,W2,R3,SKU_C,4,189
1576,W2,R3,SKU_D,4,112
1576,W2,R3,SKU_E,4,105
1577,Supplier,W1,SKU_A,5,454
1577,Supplier,W1,SKU_B,5,268
1577,Supplier,W1,SKU_C,5,319
1577,Supplier,W1,SKU_D,5,213
1577,Supplier,W1,SKU_E,5,205
1577,Supplier,W2,SKU_A,6,228
1577,Supplier,W2,SKU_B,6,95
1577,Supplier,W2,SKU_C,6,189
1577,Supplier,W2,SKU_D,6,112
1577,Supplier,W2,SKU_E,6,105
1577,W1,R1,SKU_A,2,166
1577,W1,R1,SKU_B,2,71
1577,W1,R1,SKU_C,2,101
1577,W1,R1,SKU_D,2,61
1577,W1,R1,SKU_E,2,58
1577,W1,R2,SKU_A,3,105
1577,W1,R2,SKU_B,3,70
1577,W1,R2,SKU_C,3,58
1577,W1,R2,SKU_D,3,50
1577,W1,R2,SKU_E,3,44
1577,W2,R3,SKU_A,4,213
1577,W2,R3,SKU_B,4,57
1577,W2,R3,SKU_C,4,96
1577,W2,R3,SKU_D,4,78
1577,W2,R3,SKU_E,4,68
1578,Supplier,W2,SKU_A,6,213
1578,Supplier,W2,SKU_B,6,57
1578,Supplier,W2,SKU_C,6,96
1578,Supplier,W2,SKU_D,6,78
1578,Supplier,W2,SKU_E,6,68
1578,W1,R2,SKU_A,3,115
1578,W1,R2,SKU_B,3,49
1578,W1,R2,SKU_C,3,50
1578,W1,R2,SKU_D,3,35
1578,W1,R2,SKU_E,3,47
1578,W2,R3,SKU_A,4,191
1578,W2,R3,SKU_B,4,76
1578,W2,R3,SKU_C,4,105
1578,W2,R3,SKU_D,4,74
1578,W2,R3,SKU_E,4,88
1579,Supplier,W1,SKU_A,5,506
1579,Supplier,W1,SKU_B,5,241
1579,Supplier,W1,SKU_C,5,307
1579,Supplier,W1,SKU_D,5,196
1579,Supplier,W1,SKU_E,5,186
1579,Supplier,W2,SKU_A,6,191
1579,Supplier,W2,SKU_B,6,76
1579,Supplier,W2,SKU_C,6,105
1579,Supplier,W2,SKU_D,6,74
1579,Supplier,W2,SKU_E,6,88
1579,W1,R1,SKU_A,2,219
1579,W1,R1,SKU_B,2,83
1579,W1,R1,SKU_C,2,158
1579,W1,R1,SKU_D,2,77
1579,W1,R1,SKU_E,2,77
1579,W1,R2,SKU_A,3,77
1579,W1,R2,SKU_B,3,50
1579,W1,R2,SKU_C,3,46
1579,W1,R2,SKU_D,3,35
1579,W1,R2,SKU_E,3,28
1580,Supplier,W2,SKU_A,6,170
1580,Supplier,W2,SKU_B,6,49
1580,Supplier,W2,SKU_C,6,78
1580,Supplier,W2,SKU_D,6,65
1580,Supplier,W2,SKU_E,6,64
1580,W1,R2,SKU_A,3,83
1580,W1,R2,SKU_B,3,44
1580,W1,R2,SKU_C,3,24
1580,W1,R2,SKU_D,3,25
1580,W1,R2,SKU_E,3,31
1580,W2,R3,SKU_A,4,326
1580,W2,R3,SKU_B,4,105
1580,W2,R3,SKU_C,4,176
1580,W2,R3,SKU_D,4,157
1580,W2,R3,SKU_E,4,124
1581,Supplier,W1,SKU_A,5,356
1581,Supplier,W1,SKU_B,5,178
1581,Supplier,W1,SKU_C,5,189
1581,Supplier,W1,SKU_D,5,127
1581,Supplier,W1,SKU_E,5,143
1581,Supplier,W2,SKU_A,6,156
1581,Supplier,W2,SKU_B,6,56
1581,Supplier,W2,SKU_C,6,98
1581,Supplier,W2,SKU_D,6,92
1581,Supplier,W2,SKU_E,6,60
1581,W1,R1,SKU_A,2,218
1581,W1,R1,SKU_B,2,106
1581,W1,R1,SKU_C,2,138
1581,W1,R1,SKU_D,2,77
1581,W1,R1,SKU_E,2,85
1581,W1,R2,SKU_A,3,69
1581,W1,R2,SKU_B,3,48
1581,W1,R2,SKU_C,3,35
1581,W1,R2,SKU_D,3,33
1581,W1,R2,SKU_E,3,30
1581,W2,R3,SKU_A,4,187
1581,W2,R3,SKU_B,4,65
1581,W2,R3,SKU_C,4,114
1581,W2,R3,SKU_D,4,78
1581,W2,R3,SKU_E,4,75
1582,Supplier,W2,SKU_A,6,187
1582,Supplier,W2,SKU_B,6,65
1582,Supplier,W2,SKU_C,6,114
1582,Supplier,W2,SKU_D,6,78
1582,Supplier,W2,SKU_E,6,75
1582,W1,R1,SKU_A,2,158
1582,W1,R1,SKU_B,2,63
1582,W1,R1,SKU_C,2,104
1582,W1,R1,SKU_D,2,50
1582,W1,R1,SKU_E,2,44
1582,W1,R2,SKU_A,3,95
1582,W1,R2,SKU_B,3,48
1582,W1,R2,SKU_C,3,49
1582,W1,R2,SKU_D,3,51
1582,W1,R2,SKU_E,3,32
1582,W2,R3,SKU_A,4,174
1582,W2,R3,SKU_B,4,94
1582,W2,R3,SKU_C,4,105
1582,W2,R3,SKU_D,4,77
1582,W2,R3,SKU_E,4,70
1583,Supplier,W1,SKU_A,5,443
1583,Supplier,W1,SKU_B,5,213
1583,Supplier,W1,SKU_C,5,267
1583,Supplier,W1,SKU_D,5,171
1583,Supplier,W1,SKU_E,5,147
1583,Supplier,W2,SKU_A,6,174
1583,Supplier,W2,SKU_B,6,94
1583,Supplier,W2,SKU_C,6,105
1583,Supplier,W2,SKU_D,6,77
1583,Supplier,W2,SKU_E,6,70
1583,W1,R1,SKU_A,2,188
1583,W1,R1,SKU_B,2,90
1583,W1,R1,SKU_C,2,147
1583,W1,R1,SKU_D,2,88
1583,W1,R1,SKU_E,2,67
1583,W1,R2,SKU_A,3,82
1583,W1,R2,SKU_B,3,69
1583,W1,R2,SKU_C,3,55
1583,W1,R2,SKU_D,3,43
1583,W1,R2,SKU_E,3,38
1583,W2,R3,SKU_A,4,193
1583,W2,R3,SKU_B,4,63
1583,W2,R3,SKU_C,4,144
1583,W2,R3,SKU_D,4,100
1583,W2,R3,SKU_E,4,68
1584,Supplier,W2,SKU_A,6,193
1584,Supplier,W2,SKU_B,6,63
1584,Supplier,W2,SKU_C,6,144
1584,Supplier,W2,SKU_D,6,100
1584,Supplier,W2,SKU_E,6,68
1584,W1,R1,SKU_A,2,176
1584,W1,R1,SKU_B,2,60
1584,W1,R1,SKU_C,2,121
1584,W1,R1,SKU_D,2,75
1584,W1,R1,SKU_E,2,54
1584,W1,R2,SKU_A,3,80
1584,W1,R2,SKU_B,3,76
1584,W1,R2,SKU_C,3,72
1584,W1,R2,SKU_D,3,46
1584,W1,R2,SKU_E,3,51
1584,W2,R3,SKU_A,4,220
1584,W2,R3,SKU_B,4,74
1584,W2,R3,SKU_C,4,157
1584,W2,R3,SKU_D,4,93
1584,W2,R3,SKU_E,4,80
1585,Supplier,W1,SKU_A,5,526
1585,Supplier,W1,SKU_B,5,295
1585,Supplier,W1,SKU_C,5,395
1585,Supplier,W1,SKU_D,5,252
1585,Supplier,W1,SKU_E,5,210
1585,Supplier,W2,SKU_A,6,220
1585,Supplier,W2,SKU_B,6,74
1585,Supplier,W2,SKU_C,6,157
1585,Supplier,W2,SKU_D,6,93
1585,Supplier,W2,SKU_E,6,80
1585,W1,R1,SKU_A,2,164
1585,W1,R1,SKU_B,2,47
1585,W1,R1,SKU_C,2,93
1585,W1,R1,SKU_D,2,52
1585,W1,R1,SKU_E,2,50
1585,W1,R2,SKU_A,3,108
1585,W1,R2,SKU_B,3,66
1585,W1,R2,SKU_C,3,45
1585,W1,R2,SKU_D,3,37
1585,W1,R2,SKU_E,3,51
1585,W2,R3,SKU_A,4,211
1585,W2,R3,SKU_B,4,77
1585,W2,R3,SKU_C,4,122
1585,W2,R3,SKU_D,4,92
1585,W2,R3,SKU_E,4,79
1586,Supplier,W2,SKU_A,6,211
1586,Supplier,W2,SKU_B,6,77
1586,Supplier,W2,SKU_C,6,122
1586,Supplier,W2,SKU_D,6,92
1586,Supplier,W2,SKU_E,6,79
1586,W1,R2,SKU_A,3,78
1586,W1,R2,SKU_B,3,52
1586,W1,R2,SKU_C,3,29
1586,W1,R2,SKU_D,3,34
1586,W1,R2,SKU_E,3,34
1586,W2,R3,SKU_A,4,181
1586,W2,R3,SKU_B,4,73
1586,W2,R3,SKU_C,4,91
1586,W2,R3,SKU_D,4,122
1586,W2,R3,SKU_E,4,65
1587,Supplier,W1,SKU_A,5,466
1587,Supplier,W1,SKU_B,5,219
1587,Supplier,W1,SKU_C,5,254
1587,Supplier,W1,SKU_D,5,162
1587,Supplier,W1,SKU_E,5,174
1587,Supplier,W2,SKU_A,6,181
1587,Supplier,W2,SKU_B,6,73
1587,Supplier,W2,SKU_C,6,91
1587,Supplier,W2,SKU_D,6,122
1587,Supplier,W2,SKU_E,6,65
1587,W1,R1,SKU_A,2,247
1587,W1,R1,SKU_B,2,123
1587,W1,R1,SKU_C,2,161
1587,W1,R1,SKU_D,2,88
1587,W1,R1,SKU_E,2,77
1587,W1,R2,SKU_A,3,86
1587,W1,R2,SKU_B,3,53
1587,W1,R2,SKU_C,3,43
1587,W1,R2,SKU_D,3,26
1587,W1,R2,SKU_E,3,42
1587,W2,R3,SKU_A,4,250
1587,W2,R3,SKU_B,4,48
1587,W2,R3,SKU_C,4,136
1587,W2,R3,SKU_D,4,73
1587,W2,R3,SKU_E,4,86
1588,Supplier,W2,SKU_A,6,250
1588,Supplier,W2,SKU_B,6,48
1588,Supplier,W2,SKU_C,6,136
1588,Supplier,W2,SKU_D,6,73
1588,Supplier,W2,SKU_E,6,86
1588,W1,R1,SKU_A,2,133
1588,W1,R1,SKU_B,2,75
1588,W1,R1,SKU_C,2,81
1588,W1,R1,SKU_D,2,40
1588,W1,R1,SKU_E,2,46
1588,W1,R2,SKU_A,3,95
1588,W1,R2,SKU_B,3,77
1588,W1,R2,SKU_C,3,45
1588,W1,R2,SKU_D,3,51
1588,W1,R2,SKU_E,3,52
1588,W2,R3,SKU_A,4,232
1588,W2,R3,SKU_B,4,73
1588,W2,R3,SKU_C,4,144
1588,W2,R3,SKU_D,4,83
1588,W2,R3,SKU_E,4,78
1589,Supplier,W1,SKU_A,5,445
1589,Supplier,W1,SKU_B,5,274
1589,Supplier,W1,SKU_C,5,243
1589,Supplier,W1,SKU_D,5,166
1589,Supplier,W1,SKU_E,5,178
1589,Supplier,W2,SKU_A,6,232
1589,Supplier,W2,SKU_B,6,73
1589,Supplier,W2,SKU_C,6,144
1589,Supplier,W2,SKU_D,6,83
1589,Supplier,W2,SKU_E,6,78
1589,W1,R1,SKU_A,2,144
1589,W1,R1,SKU_B,2,59
1589,W1,R1,SKU_C,2,105
1589,W1,R1,SKU_D,2,50
1589,W1,R1,SKU_E,2,39
1589,W1,R2,SKU_A,3,101
1589,W1,R2,SKU_B,3,76
1589,W1,R2,SKU_C,3,75
1589,W1,R2,SKU_D,3,53
1589,W1,R2,SKU_E,3,60
1589,W2,R3,SKU_A,4,214
1589,W2,R3,SKU_B,4,81
1589,W2,R3,SKU_C,4,129
1589,W2,R3,SKU_D,4,105
1589,W2,R3,SKU_E,4,107
1590,Supplier,W2,SKU_A,6,214
1590,Supplier,W2,SKU_B,6,81
1590,Supplier,W2,SKU_C,6,129
1590,Supplier,W2,SKU_D,6,105
1590,Supplier,W2,SKU_E,6,107
1590,W1,R1,SKU_A,2,200
1590,W1,R1,SKU_B,2,95
1590,W1,R1,SKU_C,2,147
1590,W1,R1,SKU_D,2,63
1590,W1,R1,SKU_E,2,49
1590,W1,R2,SKU_A,3,102
1590,W1,R2,SKU_B,3,87
1590,W1,R2,SKU_C,3,65
1590,W1,R2,SKU_D,3,59
1590,W1,R2,SKU_E,3,62
1590,W2,R3,SKU_A,4,267
1590,W2,R3,SKU_B,4,99
1590,W2,R3,SKU_C,4,197
1590,W2,R3,SKU_D,4,130
1590,W2,R3,SKU_E,4,98
1591,Supplier,W1,SKU_A,5,547
1591,Supplier,W1,SKU_B,5,317
1591,Supplier,W1,SKU_C,5,392
1591,Supplier,W1,SKU_D,5,225
1591,Supplier,W1,SKU_E,5,210
1591,Supplier,W2,SKU_A,6,267
1591,Supplier,W2,SKU_B,6,99
1591,Supplier,W2,SKU_C,6,197
1591,Supplier,W2,SKU_D,6,130
1591,Supplier,W2,SKU_E,6,98
1591,W1,R1,SKU_A,2,213
1591,W1,R1,SKU_B,2,117
1591,W1,R1,SKU_C,2,161
1591,W1,R1,SKU_D,2,55
1591,W1,R1,SKU_E,2,66
1591,W1,R2,SKU_A,3,65
1591,W1,R2,SKU_B,3,15
1591,W1,R2,SKU_C,3,43
1591,W1,R2,SKU_D,3,57
1591,W1,R2,SKU_E,3,61
1591,W2,R3,SKU_A,4,258
1591,W2,R3,SKU_B,4,83
1591,W2,R3,SKU_C,4,167
1591,W2,R3,SKU_D,4,114
1591,W2,R3,SKU_E,4,105
1592,Supplier,W1,SKU_A,5,325
1592,Supplier,W1,SKU_B,5,202
1592,Supplier,W1,SKU_C,5,227
1592,Supplier,W1,SKU_D,5,112
1592,Supplier,W1,SKU_E,5,127
1592,Supplier,W2,SKU_A,6,258
1592,Supplier,W2,SKU_B,6,83
1592,Supplier,W2,SKU_C,6,167
1592,Supplier,W2,SKU_D,6,114
1592,Supplier,W2,SKU_E,6,105
1592,W1,R1,SKU_A,2,159
1592,W1,R1,SKU_B,2,73
1592,W1,R1,SKU_C,2,137
1592,W1,R1,SKU_D,2,75
1592,W1,R1,SKU_E,2,62
1592,W1,R2,SKU_A,3,190
1592,W1,R2,SKU_B,3,136
1592,W1,R2,SKU_C,3,117
1592,W1,R2,SKU_D,3,72
1592,W1,R2,SKU_E,3,66
1592,W2,R3,SKU_A,4,184
1592,W2,R3,SKU_B,4,84
1592,W2,R3,SKU_C,4,133
1592,W2,R3,SKU_D,4,65
1592,W2,R3,SKU_E,4,71
1593,Supplier,W2,SKU_A,6,184
1593,Supplier,W2,SKU_B,6,84
1593,Supplier,W2,SKU_C,6,133
1593,Supplier,W2,SKU_D,6,65
1593,Supplier,W2,SKU_E,6,71
1593,W1,R2,SKU_D,3,65
1593,W1,R2,SKU_E,3,49
1593,W2,R3,SKU_A,4,225
1593,W2,R3,SKU_B,4,72
1593,W2,R3,SKU_C,4,112
1593,W2,R3,SKU_D,4,88
1593,W2,R3,SKU_E,4,95
1594,Supplier,W1,SKU_A,5,556
1594,Supplier,W1,SKU_B,5,262
1594,Supplier,W1,SKU_C,5,432
1594,Supplier,W1,SKU_D,5,246
1594,Supplier,W1,SKU_E,5,218
1594,Supplier,W2,SKU_A,6,225
1594,Supplier,W2,SKU_B,6,72
1594,Supplier,W2,SKU_C,6,112
1594,Supplier,W2,SKU_D,6,88
1594,Supplier,W2,SKU_E,6,95
1594,W1,R1,SKU_A,2,323
1594,W1,R1,SKU_B,2,155
1594,W1,R1,SKU_D,2,109
1594,W1,R1,SKU_E,2,93
1594,W1,R1,SKU_C,2,148
1594,W1,R2,SKU_A,3,206
1594,W1,R2,SKU_B,3,114
1594,W1,R2,SKU_C,3,95
1594,W1,R2,SKU_D,3,48
1594,W1,R2,SKU_E,3,54
1594,W2,R3,SKU_A,4,164
1594,W2,R3,SKU_B,4,85
1594,W2,R3,SKU_C,4,147
1594,W2,R3,SKU_D,4,77
1594,W2,R3,SKU_E,4,73
1595,Supplier,W2,SKU_A,6,164
1595,Supplier,W2,SKU_B,6,85
1595,Supplier,W2,SKU_C,6,147
1595,Supplier,W2,SKU_D,6,77
1595,Supplier,W2,SKU_E,6,73
1595,W2,R3,SKU_A,4,199
1595,W2,R3,SKU_B,4,63
1595,W2,R3,SKU_C,4,118
1595,W2,R3,SKU_D,4,82
1595,W2,R3,SKU_E,4,69
1596,Supplier,W1,SKU_A,5,542
1596,Supplier,W1,SKU_B,5,300
1596,Supplier,W1,SKU_C,5,239
1596,Supplier,W1,SKU_D,5,230
1596,Supplier,W1,SKU_E,5,192
1596,Supplier,W2,SKU_A,6,199
1596,Supplier,W2,SKU_B,6,63
1596,Supplier,W2,SKU_C,6,118
1596,Supplier,W2,SKU_D,6,82
1596,Supplier,W2,SKU_E,6,69
1596,W1,R1,SKU_A,2,349
1596,W1,R1,SKU_B,2,157
1596,W1,R1,SKU_D,2,133
1596,W1,R1,SKU_E,2,99
1596,W1,R1,SKU_C,2,239
1596,W1,R2,SKU_D,3,100
1596,W1,R2,SKU_E,3,95
1596,W1,R2,SKU_A,3,225
1596,W1,R2,SKU_B,3,160
1596,W1,R2,SKU_C,3,153
1596,W2,R3,SKU_A,4,279
1596,W2,R3,SKU_B,4,58
1596,W2,R3,SKU_C,4,164
1596,W2,R3,SKU_D,4,112
1596,W2,R3,SKU_E,4,83
1597,Supplier,W2,SKU_A,6,279
1597,Supplier,W2,SKU_B,6,58
1597,Supplier,W2,SKU_C,6,164
1597,Supplier,W2,SKU_D,6,112
1597,Supplier,W2,SKU_E,6,83
1597,W1,R1,SKU_A,2,184
1597,W1,R1,SKU_B,2,78
1597,W1,R1,SKU_C,2,172
1597,W1,R1,SKU_D,2,70
1597,W1,R1,SKU_E,2,59
1597,W1,R2,SKU_A,3,106
1597,W1,R2,SKU_B,3,90
1597,W1,R2,SKU_C,3,55
1597,W1,R2,SKU_D,3,44
1597,W1,R2,SKU_E,3,70
1597,W2,R3,SKU_A,4,256
1597,W2,R3,SKU_B,4,57
1597,W2,R3,SKU_C,4,175
1597,W2,R3,SKU_D,4,102
1597,W2,R3,SKU_E,4,81
1598,Supplier,W1,SKU_A,5,597
1598,Supplier,W1,SKU_B,5,331
1598,Supplier,W1,SKU_C,5,500
1598,Supplier,W1,SKU_D,5,240
1598,Supplier,W1,SKU_E,5,237
1598,Supplier,W2,SKU_A,6,256
1598,Supplier,W2,SKU_B,6,57
1598,Supplier,W2,SKU_C,6,175
1598,Supplier,W2,SKU_D,6,102
1598,Supplier,W2,SKU_E,6,81
1598,W2,R3,SKU_A,4,249
1598,W2,R3,SKU_B,4,73
1598,W2,R3,SKU_C,4,186
1598,W2,R3,SKU_D,4,122
1598,W2,R3,SKU_E,4,84
1599,Supplier,W1,SKU_A,5,304
1599,Supplier,W1,SKU_B,5,224
1599,Supplier,W1,SKU_C,5,242
1599,Supplier,W1,SKU_D,5,103
1599,Supplier,W1,SKU_E,5,131
1599,Supplier,W2,SKU_A,6,249
1599,Supplier,W2,SKU_B,6,73
1599,Supplier,W2,SKU_C,6,186
1599,Supplier,W2,SKU_D,6,122
1599,Supplier,W2,SKU_E,6,84
1599,W1,R1,SKU_A,2,326
1599,W1,R1,SKU_B,2,183
1599,W1,R1,SKU_D,2,117
1599,W1,R1,SKU_E,2,115
1599,W1,R1,SKU_C,2,226
1599,W1,R2,SKU_D,3,75
1599,W1,R2,SKU_E,3,97
1599,W1,R2,SKU_A,3,206
1599,W1,R2,SKU_B,3,128
1599,W1,R2,SKU_C,3,206
1599,W2,R3,SKU_A,4,204
1599,W2,R3,SKU_B,4,85
1599,W2,R3,SKU_C,4,165
1599,W2,R3,SKU_D,4,107
1599,W2,R3,SKU_E,4,70
1600,Supplier,W2,SKU_A,6,204
1600,Supplier,W2,SKU_B,6,85
1600,Supplier,W2,SKU_C,6,197
1600,Supplier,W2,SKU_D,6,107
1600,Supplier,W2,SKU_E,6,70
1601,Supplier,W1,SKU_A,5,459
1601,Supplier,W1,SKU_B,5,232
1601,Supplier,W1,SKU_C,5,239
1601,Supplier,W1,SKU_D,5,184
1601,Supplier,W1,SKU_E,5,147
1601,Supplier,W2,SKU_A,6,139
1601,Supplier,W2,SKU_B,6,42
1601,Supplier,W2,SKU_C,6,64
1601,Supplier,W2,SKU_D,6,81
1601,Supplier,W2,SKU_E,6,63
1601,W1,R1,SKU_A,2,284
1601,W1,R1,SKU_D,2,94
1601,W1,R1,SKU_E,2,75
1601,W1,R1,SKU_B,2,107
1601,W1,R1,SKU_C,2,163
1601,W1,R2,SKU_D,3,95
1601,W1,R2,SKU_E,3,76
1601,W1,R2,SKU_A,3,195
1601,W1,R2,SKU_B,3,186
1601,W1,R2,SKU_C,3,76
1601,W2,R3,SKU_A,4,281
1601,W2,R3,SKU_B,4,81
1601,W2,R3,SKU_C,4,173
1601,W2,R3,SKU_D,4,132
1601,W2,R3,SKU_E,4,110
1602,Supplier,W2,SKU_A,6,142
1602,Supplier,W2,SKU_B,6,39
1602,Supplier,W2,SKU_C,6,77
1602,Supplier,W2,SKU_D,6,51
1602,Supplier,W2,SKU_E,6,47
1602,W2,R3,SKU_A,4,194
1602,W2,R3,SKU_B,4,66
1602,W2,R3,SKU_C,4,119
1602,W2,R3,SKU_D,4,87
1602,W2,R3,SKU_E,4,79
1603,Supplier,W1,SKU_A,5,504
1603,Supplier,W1,SKU_B,5,257
1603,Supplier,W1,SKU_C,5,325
1603,Supplier,W1,SKU_D,5,202
1603,Supplier,W1,SKU_E,5,168
1603,Supplier,W2,SKU_A,6,194
1603,Supplier,W2,SKU_B,6,66
1603,Supplier,W2,SKU_C,6,119
1603,Supplier,W2,SKU_D,6,87
1603,Supplier,W2,SKU_E,6,79
1603,W1,R1,SKU_A,2,294
1603,W1,R1,SKU_B,2,132
1603,W1,R1,SKU_D,2,125
1603,W1,R1,SKU_E,2,97
1603,W1,R1,SKU_C,2,256
1603,W1,R2,SKU_D,3,90
1603,W1,R2,SKU_E,3,77
1603,W1,R2,SKU_A,3,192
1603,W1,R2,SKU_B,3,138
1603,W1,R2,SKU_C,3,159
1603,W2,R3,SKU_A,4,217
1603,W2,R3,SKU_B,4,72
1603,W2,R3,SKU_C,4,150
1603,W2,R3,SKU_D,4,122
1603,W2,R3,SKU_E,4,85
1604,Supplier,W2,SKU_A,6,217
1604,Supplier,W2,SKU_B,6,72
1604,Supplier,W2,SKU_C,6,150
1604,Supplier,W2,SKU_D,6,122
1604,Supplier,W2,SKU_E,6,85
1604,W1,R1,SKU_A,2,193
1604,W1,R1,SKU_B,2,89
1604,W1,R1,SKU_C,2,202
1604,W1,R1,SKU_D,2,80
1604,W1,R1,SKU_E,2,52
1604,W1,R2,SKU_A,3,126
1604,W1,R2,SKU_B,3,105
1604,W1,R2,SKU_C,3,83
1604,W1,R2,SKU_D,3,47
1604,W1,R2,SKU_E,3,53
1604,W2,R3,SKU_A,4,286
1604,W2,R3,SKU_B,4,97
1604,W2,R3,SKU_C,4,239
1604,W2,R3,SKU_D,4,122
1604,W2,R3,SKU_E,4,113
1605,Supplier,W1,SKU_A,5,549
1605,Supplier,W1,SKU_B,5,355
1605,Supplier,W1,SKU_C,5,487
1605,Supplier,W1,SKU_D,5,234
1605,Supplier,W1,SKU_E,5,196
1605,Supplier,W2,SKU_A,6,286
1605,Supplier,W2,SKU_B,6,97
1605,Supplier,W2,SKU_C,6,239
1605,Supplier,W2,SKU_D,6,122
1605,Supplier,W2,SKU_E,6,113
1605,W1,R1,SKU_A,2,203
1605,W1,R1,SKU_B,2,98
1605,W1,R1,SKU_C,2,42
1605,W1,R1,SKU_D,2,65
1605,W1,R1,SKU_E,2,67
1605,W1,R2,SKU_A,3,21
1605,W1,R2,SKU_D,3,61
1605,W1,R2,SKU_E,3,48
1605,W2,R3,SKU_A,4,276
1605,W2,R3,SKU_B,4,60
1605,W2,R3,SKU_C,4,212
1605,W2,R3,SKU_D,4,117
1605,W2,R3,SKU_E,4,73
1606,Supplier,W2,SKU_A,6,276
1606,Supplier,W2,SKU_B,6,60
1606,Supplier,W2,SKU_C,6,212
1606,Supplier,W2,SKU_D,6,117
1606,Supplier,W2,SKU_E,6,73
1606,W1,R1,SKU_A,2,119
1606,W1,R1,SKU_B,2,58
1606,W1,R1,SKU_C,2,190
1606,W1,R1,SKU_D,2,41
1606,W1,R1,SKU_E,2,38
1606,W1,R2,SKU_A,3,195
1606,W1,R2,SKU_B,3,111
1606,W1,R2,SKU_C,3,49
1606,W1,R2,SKU_D,3,39
1606,W1,R2,SKU_E,3,31
1606,W2,R3,SKU_A,4,155
1606,W2,R3,SKU_B,4,43
1606,W2,R3,SKU_C,4,129
1606,W2,R3,SKU_D,4,53
1606,W2,R3,SKU_E,4,79
1607,Supplier,W1,SKU_A,5,538
1607,Supplier,W1,SKU_B,5,267
1607,Supplier,W1,SKU_C,5,340
1607,Supplier,W1,SKU_D,5,206
1607,Supplier,W1,SKU_E,5,184
1607,Supplier,W2,SKU_A,6,155
1607,Supplier,W2,SKU_B,6,43
1607,Supplier,W2,SKU_C,6,129
1607,Supplier,W2,SKU_D,6,53
1607,Supplier,W2,SKU_E,6,79
1607,W2,R3,SKU_A,4,173
1607,W2,R3,SKU_B,4,34
1607,W2,R3,SKU_C,4,125
1607,W2,R3,SKU_D,4,80
1607,W2,R3,SKU_E,4,72
1608,Supplier,W2,SKU_A,6,173
1608,Supplier,W2,SKU_B,6,34
1608,Supplier,W2,SKU_C,6,125
1608,Supplier,W2,SKU_D,6,80
1608,Supplier,W2,SKU_E,6,72
1608,W1,R1,SKU_A,2,282
1608,W1,R1,SKU_B,2,152
1608,W1,R1,SKU_D,2,92
1608,W1,R1,SKU_E,2,71
1608,W1,R1,SKU_C,2,193
1608,W1,R2,SKU_A,3,187
1608,W1,R2,SKU_D,3,81
1608,W1,R2,SKU_E,3,66
1608,W1,R2,SKU_B,3,108
1608,W1,R2,SKU_C,3,132
1609,Supplier,W1,SKU_A,5,469
1609,Supplier,W1,SKU_B,5,260
1609,Supplier,W1,SKU_C,5,294
1609,Supplier,W1,SKU_D,5,173
1609,Supplier,W1,SKU_E,5,137
1609,Supplier,W2,SKU_A,6,151
1609,Supplier,W2,SKU_B,6,38
1609,Supplier,W2,SKU_C,6,145
1609,Supplier,W2,SKU_D,6,91
1609,Supplier,W2,SKU_E,6,53
1609,W1,R2,SKU_A,3,12
1609,W1,R2,SKU_D,3,46
1609,W1,R2,SKU_E,3,37
1609,W2,R3,SKU_A,4,320
1609,W2,R3,SKU_B,4,100
1609,W2,R3,SKU_C,4,212
1609,W2,R3,SKU_D,4,188
1609,W2,R3,SKU_E,4,108
1610,Supplier,W2,SKU_A,6,169
1610,Supplier,W2,SKU_B,6,62
1610,Supplier,W2,SKU_C,6,119
1610,Supplier,W2,SKU_D,6,97
1610,Supplier,W2,SKU_E,6,55
1610,W1,R1,SKU_A,2,325
1610,W1,R1,SKU_B,2,129
1610,W1,R1,SKU_D,2,116
1610,W1,R1,SKU_E,2,71
1610,W1,R1,SKU_C,2,257
1610,W1,R2,SKU_A,3,233
1610,W1,R2,SKU_B,3,136
1610,W1,R2,SKU_C,3,174
1610,W1,R2,SKU_D,3,51
1610,W1,R2,SKU_E,3,41
1610,W2,R3,SKU_A,4,198
1610,W2,R3,SKU_B,4,39
1610,W2,R3,SKU_C,4,150
1610,W2,R3,SKU_D,4,74
1610,W2,R3,SKU_E,4,68
1611,Supplier,W1,SKU_A,5,570
1611,Supplier,W1,SKU_B,5,265
1611,Supplier,W1,SKU_C,5,403
1611,Supplier,W1,SKU_D,5,213
1611,Supplier,W1,SKU_E,5,149
1611,Supplier,W2,SKU_A,6,198
1611,Supplier,W2,SKU_B,6,39
1611,Supplier,W2,SKU_C,6,144
1611,Supplier,W2,SKU_D,6,74
1611,Supplier,W2,SKU_E,6,68
1611,W1,R1,SKU_A,2,159
1611,W1,R1,SKU_B,2,93
1611,W1,R1,SKU_C,2,56
1611,W1,R1,SKU_D,2,74
1611,W1,R1,SKU_E,2,47
1611,W1,R2,SKU_B,3,57
1611,W1,R2,SKU_D,3,32
1611,W1,R2,SKU_E,3,46
1611,W2,R3,SKU_A,4,269
1611,W2,R3,SKU_B,4,80
1611,W2,R3,SKU_C,4,220
1611,W2,R3,SKU_D,4,112
1611,W2,R3,SKU_E,4,84
1612,Supplier,W2,SKU_A,6,269
1612,Supplier,W2,SKU_B,6,80
1612,Supplier,W2,SKU_C,6,174
1612,Supplier,W2,SKU_D,6,112
1612,Supplier,W2,SKU_E,6,84
1612,W1,R1,SKU_A,2,221
1612,W1,R1,SKU_B,2,111
1612,W1,R1,SKU_C,2,260
1612,W1,R1,SKU_D,2,65
1612,W1,R1,SKU_E,2,49
1612,W1,R2,SKU_A,3,256
1612,W1,R2,SKU_B,3,81
1612,W1,R2,SKU_C,3,80
1612,W1,R2,SKU_D,3,41
1612,W1,R2,SKU_E,3,45
1612,W2,R3,SKU_A,4,251
1612,W2,R3,SKU_B,4,66
1612,W2,R3,SKU_C,4,120
1612,W2,R3,SKU_D,4,113
1612,W2,R3,SKU_E,4,70
1613,Supplier,W1,SKU_A,5,636
1613,Supplier,W1,SKU_B,5,342
1613,Supplier,W1,SKU_C,5,477
1613,Supplier,W1,SKU_D,5,212
1613,Supplier,W1,SKU_E,5,187
1613,Supplier,W2,SKU_A,6,251
1613,Supplier,W2,SKU_B,6,66
1613,Supplier,W2,SKU_C,6,120
1613,Supplier,W2,SKU_D,6,113
1613,Supplier,W2,SKU_E,6,70
1613,W1,R2,SKU_B,3,11
1613,W1,R2,SKU_D,3,43
1613,W1,R2,SKU_E,3,34
1614,Supplier,W2,SKU_A,6,183
1614,Supplier,W2,SKU_B,6,56
1614,Supplier,W2,SKU_C,6,99
1614,Supplier,W2,SKU_D,6,75
1614,Supplier,W2,SKU_E,6,48
1614,W1,R1,SKU_A,2,272
1614,W1,R1,SKU_B,2,141
1614,W1,R1,SKU_D,2,113
1614,W1,R1,SKU_E,2,73
1614,W1,R1,SKU_C,2,158
1614,W1,R2,SKU_A,3,190
1614,W1,R2,SKU_B,3,124
1614,W1,R2,SKU_C,3,136
1614,W1,R2,SKU_D,3,56
1614,W1,R2,SKU_E,3,35
1614,W2,R3,SKU_A,4,328
1614,W2,R3,SKU_B,4,86
1614,W2,R3,SKU_C,4,184
1614,W2,R3,SKU_D,4,167
1614,W2,R3,SKU_E,4,92
1615,Supplier,W1,SKU_A,5,462
1615,Supplier,W1,SKU_B,5,276
1615,Supplier,W1,SKU_C,5,288
1615,Supplier,W1,SKU_D,5,212
1615,Supplier,W1,SKU_E,5,142
1615,Supplier,W2,SKU_A,6,145
1615,Supplier,W2,SKU_B,6,30
1615,Supplier,W2,SKU_C,6,85
1615,Supplier,W2,SKU_D,6,92
1615,Supplier,W2,SKU_E,6,44
1615,W1,R2,SKU_D,3,52
1615,W1,R2,SKU_E,3,46
1615,W2,R3,SKU_A,4,159
1615,W2,R3,SKU_B,4,39
1615,W2,R3,SKU_C,4,89
1615,W2,R3,SKU_D,4,77
1615,W2,R3,SKU_E,4,87
1616,Supplier,W2,SKU_A,6,159
1616,Supplier,W2,SKU_B,6,39
1616,Supplier,W2,SKU_C,6,89
1616,Supplier,W2,SKU_D,6,77
1616,Supplier,W2,SKU_E,6,87
1616,W1,R1,SKU_A,2,296
1616,W1,R1,SKU_B,2,170
1616,W1,R1,SKU_D,2,96
1616,W1,R1,SKU_E,2,101
1616,W1,R1,SKU_C,2,201
1616,W1,R2,SKU_A,3,223
1616,W1,R2,SKU_B,3,137
1616,W1,R2,SKU_C,3,201
1616,W1,R2,SKU_D,3,57
1616,W1,R2,SKU_E,3,63
1616,W2,R3,SKU_A,4,221
1616,W2,R3,SKU_B,4,63
1616,W2,R3,SKU_C,4,163
1616,W2,R3,SKU_D,4,105
1616,W2,R3,SKU_E,4,91
1617,Supplier,W1,SKU_A,5,519
1617,Supplier,W1,SKU_B,5,307
1617,Supplier,W1,SKU_C,5,327
1617,Supplier,W1,SKU_D,5,205
1617,Supplier,W1,SKU_E,5,210
1617,Supplier,W2,SKU_A,6,221
1617,Supplier,W2,SKU_B,6,63
1617,Supplier,W2,SKU_C,6,163
1617,Supplier,W2,SKU_D,6,105
1617,Supplier,W2,SKU_E,6,91
1617,W1,R2,SKU_D,3,71
1617,W1,R2,SKU_E,3,67
1617,W2,R3,SKU_A,4,319
1617,W2,R3,SKU_B,4,76
1617,W2,R3,SKU_C,4,226
1617,W2,R3,SKU_D,4,160
1617,W2,R3,SKU_E,4,106
1618,Supplier,W1,SKU_A,5,389
1618,Supplier,W1,SKU_B,5,211
1618,Supplier,W1,SKU_C,5,287
1618,Supplier,W1,SKU_D,5,167
1618,Supplier,W1,SKU_E,5,140
1618,Supplier,W2,SKU_A,6,319
1618,Supplier,W2,SKU_B,6,76
1618,Supplier,W2,SKU_C,6,226
1618,Supplier,W2,SKU_D,6,160
1618,Supplier,W2,SKU_E,6,106
1618,W1,R1,SKU_A,2,396
1618,W1,R1,SKU_B,2,197
1618,W1,R1,SKU_C,2,330
1618,W1,R1,SKU_D,2,170
1618,W1,R1,SKU_E,2,111
1618,W1,R2,SKU_A,3,289
1618,W1,R2,SKU_B,3,162
1618,W1,R2,SKU_C,3,148
1618,W1,R2,SKU_D,3,68
1618,W1,R2,SKU_E,3,45
1618,W2,R3,SKU_A,4,277
1618,W2,R3,SKU_B,4,69
1618,W2,R3,SKU_C,4,224
1618,W2,R3,SKU_D,4,125
1618,W2,R3,SKU_E,4,95
1619,Supplier,W2,SKU_A,6,277
1619,Supplier,W2,SKU_B,6,69
1619,Supplier,W2,SKU_C,6,224
1619,Supplier,W2,SKU_D,6,125
1619,Supplier,W2,SKU_E,6,95
1619,W1,R2,SKU_D,3,26
1619,W1,R2,SKU_E,3,55
1619,W2,R3,SKU_A,4,287
1619,W2,R3,SKU_B,4,54
1619,W2,R3,SKU_C,4,181
1619,W2,R3,SKU_D,4,120
1619,W2,R3,SKU_E,4,85
1620,Supplier,W1,SKU_A,5,594
1620,Supplier,W1,SKU_B,5,364
1620,Supplier,W1,SKU_C,5,447
1620,Supplier,W1,SKU_D,5,254
1620,Supplier,W1,SKU_E,5,179
1620,Supplier,W2,SKU_A,6,287
1620,Supplier,W2,SKU_B,6,54
1620,Supplier,W2,SKU_C,6,205
1620,Supplier,W2,SKU_D,6,120
1620,Supplier,W2,SKU_E,6,85
1620,W1,R1,SKU_A,2,345
1620,W1,R1,SKU_D,2,136
1620,W1,R1,SKU_E,2,79
1620,W1,R1,SKU_B,2,195
1620,W1,R1,SKU_C,2,245
1620,W1,R2,SKU_A,3,187
1620,W1,R2,SKU_B,3,81
1620,W1,R2,SKU_C,3,43
1620,W1,R2,SKU_D,3,58
1620,W1,R2,SKU_E,3,66
1620,W2,R3,SKU_A,4,234
1620,W2,R3,SKU_B,4,64
1620,W2,R3,SKU_C,4,99
1620,W2,R3,SKU_D,4,95
1620,W2,R3,SKU_E,4,79
1621,Supplier,W2,SKU_A,6,234
1621,Supplier,W2,SKU_B,6,64
1621,Supplier,W2,SKU_C,6,165
1621,Supplier,W2,SKU_D,6,95
1621,Supplier,W2,SKU_E,6,79
1621,W1,R2,SKU_D,3,35
1621,W1,R2,SKU_E,3,61
1621,W2,R3,SKU_A,4,186
1621,W2,R3,SKU_B,4,52
1621,W2,R3,SKU_C,4,85
1621,W2,R3,SKU_D,4,101
1621,W2,R3,SKU_E,4,75
1622,Supplier,W1,SKU_A,5,533
1622,Supplier,W1,SKU_B,5,284
1622,Supplier,W1,SKU_C,5,322
1622,Supplier,W1,SKU_D,5,200
1622,Supplier,W1,SKU_E,5,229
1622,Supplier,W2,SKU_A,6,186
1622,Supplier,W2,SKU_B,6,52
1622,Supplier,W2,SKU_C,6,98
1622,Supplier,W2,SKU_D,6,101
1622,Supplier,W2,SKU_E,6,75
1622,W1,R1,SKU_D,2,108
1622,W1,R1,SKU_E,2,100
1622,W1,R1,SKU_A,2,289
1622,W1,R1,SKU_B,2,126
1622,W1,R1,SKU_C,2,217
1622,W1,R2,SKU_A,3,230
1622,W1,R2,SKU_B,3,181
1622,W1,R2,SKU_C,3,110
1622,W1,R2,SKU_D,3,49
1622,W1,R2,SKU_E,3,39
1622,W2,R3,SKU_A,4,162
1622,W2,R3,SKU_B,4,50
1622,W2,R3,SKU_C,4,89
1622,W2,R3,SKU_D,4,100
1622,W2,R3,SKU_E,4,64
1623,Supplier,W2,SKU_A,6,162
1623,Supplier,W2,SKU_B,6,50
1623,Supplier,W2,SKU_C,6,98
1623,Supplier,W2,SKU_D,6,100
1623,Supplier,W2,SKU_E,6,64
1623,W1,R1,SKU_A,2,145
1623,W1,R1,SKU_B,2,87
1623,W1,R1,SKU_C,2,117
1623,W1,R1,SKU_D,2,50
1623,W1,R1,SKU_E,2,35
1623,W1,R2,SKU_A,3,105
1623,W1,R2,SKU_B,3,77
1623,W1,R2,SKU_C,3,140
1623,W1,R2,SKU_D,3,60
1623,W1,R2,SKU_E,3,49
1623,W2,R3,SKU_A,4,233
1623,W2,R3,SKU_B,4,86
1623,W2,R3,SKU_C,4,163
1623,W2,R3,SKU_D,4,98
1623,W2,R3,SKU_E,4,87
1624,Supplier,W1,SKU_A,5,470
1624,Supplier,W1,SKU_B,5,247
1624,Supplier,W1,SKU_C,5,294
1624,Supplier,W1,SKU_D,5,210
1624,Supplier,W1,SKU_E,5,159
1624,Supplier,W2,SKU_A,6,233
1624,Supplier,W2,SKU_B,6,86
1624,Supplier,W2,SKU_C,6,137
1624,Supplier,W2,SKU_D,6,98
1624,Supplier,W2,SKU_E,6,87
1624,W1,R2,SKU_D,3,57
1624,W1,R2,SKU_E,3,45
1624,W2,R3,SKU_A,4,261
1624,W2,R3,SKU_B,4,80
1624,W2,R3,SKU_C,4,220
1624,W2,R3,SKU_D,4,120
1624,W2,R3,SKU_E,4,90
1625,Supplier,W2,SKU_A,6,261
1625,Supplier,W2,SKU_B,6,80
1625,Supplier,W2,SKU_C,6,134
1625,Supplier,W2,SKU_D,6,120
1625,Supplier,W2,SKU_E,6,90
1625,W1,R1,SKU_A,2,403
1625,W1,R1,SKU_B,2,204
1625,W1,R1,SKU_C,2,282
1625,W1,R1,SKU_D,2,150
1625,W1,R1,SKU_E,2,112
1625,W1,R2,SKU_A,3,234
1625,W1,R2,SKU_B,3,159
1625,W1,R2,SKU_C,3,135
1625,W1,R2,SKU_D,3,57
1625,W1,R2,SKU_E,3,49
1625,W2,R3,SKU_A,4,281
1625,W2,R3,SKU_B,4,86
1625,W2,R3,SKU_C,4,189
1625,W2,R3,SKU_D,4,110
1625,W2,R3,SKU_E,4,83
1626,Supplier,W1,SKU_A,5,637
1626,Supplier,W1,SKU_B,5,363
1626,Supplier,W1,SKU_C,5,417
1626,Supplier,W1,SKU_D,5,264
1626,Supplier,W1,SKU_E,5,206
1626,Supplier,W2,SKU_A,6,281
1626,Supplier,W2,SKU_B,6,86
1626,Supplier,W2,SKU_C,6,189
1626,Supplier,W2,SKU_D,6,110
1626,Supplier,W2,SKU_E,6,83
1626,W1,R1,SKU_A,2,96
1626,W1,R1,SKU_B,2,48
1626,W1,R1,SKU_C,2,60
1626,W1,R1,SKU_D,2,93
1626,W1,R1,SKU_E,2,55
1626,W1,R2,SKU_D,3,46
1626,W1,R2,SKU_E,3,62
1626,W2,R3,SKU_A,4,301
1626,W2,R3,SKU_B,4,108
1626,W2,R3,SKU_C,4,131
1626,W2,R3,SKU_D,4,98
1626,W2,R3,SKU_E,4,112
1627,Supplier,W1,SKU_A,5,389
1627,Supplier,W1,SKU_B,5,197
1627,Supplier,W1,SKU_C,5,246
1627,Supplier,W1,SKU_D,5,139
1627,Supplier,W1,SKU_E,5,117
1627,Supplier,W2,SKU_A,6,301
1627,Supplier,W2,SKU_B,6,108
1627,Supplier,W2,SKU_C,6,131
1627,Supplier,W2,SKU_D,6,98
1627,Supplier,W2,SKU_E,6,112
1627,W1,R1,SKU_A,2,279
1627,W1,R1,SKU_B,2,132
1627,W1,R1,SKU_C,2,221
1627,W1,R1,SKU_D,2,56
1627,W1,R1,SKU_E,2,38
1627,W1,R2,SKU_A,3,254
1627,W1,R2,SKU_B,3,152
1627,W1,R2,SKU_C,3,101
1627,W1,R2,SKU_D,3,36
1627,W1,R2,SKU_E,3,58
1627,W2,R3,SKU_A,4,225
1627,W2,R3,SKU_B,4,93
1627,W2,R3,SKU_C,4,137
1627,W2,R3,SKU_D,4,90
1627,W2,R3,SKU_E,4,84
1628,Supplier,W2,SKU_A,6,225
1628,Supplier,W2,SKU_B,6,93
1628,Supplier,W2,SKU_C,6,137
1628,Supplier,W2,SKU_D,6,90
1628,Supplier,W2,SKU_E,6,84
1628,W2,R3,SKU_A,4,216
1628,W2,R3,SKU_B,4,67
1628,W2,R3,SKU_C,4,112
1628,W2,R3,SKU_D,4,99
1628,W2,R3,SKU_E,4,79
1629,Supplier,W1,SKU_A,5,517
1629,Supplier,W1,SKU_B,5,256
1629,Supplier,W1,SKU_C,5,338
1629,Supplier,W1,SKU_D,5,181
1629,Supplier,W1,SKU_E,5,181
1629,Supplier,W2,SKU_A,6,216
1629,Supplier,W2,SKU_B,6,67
1629,Supplier,W2,SKU_C,6,112
1629,Supplier,W2,SKU_D,6,99
1629,Supplier,W2,SKU_E,6,79
1629,W1,R1,SKU_D,2,138
1629,W1,R1,SKU_E,2,88
1629,W1,R1,SKU_A,2,291
1629,W1,R1,SKU_B,2,124
1629,W1,R1,SKU_C,2,256
1629,W1,R2,SKU_D,3,76
1629,W1,R2,SKU_E,3,103
1629,W1,R2,SKU_A,3,179
1629,W1,R2,SKU_B,3,123
1629,W1,R2,SKU_C,3,38
1629,W2,R3,SKU_A,4,187
1629,W2,R3,SKU_B,4,71
1629,W2,R3,SKU_C,4,125
1629,W2,R3,SKU_D,4,96
1629,W2,R3,SKU_E,4,74
1630,Supplier,W2,SKU_A,6,187
1630,Supplier,W2,SKU_B,6,71
1630,Supplier,W2,SKU_C,6,125
1630,Supplier,W2,SKU_D,6,96
1630,Supplier,W2,SKU_E,6,74
1630,W1,R2,SKU_D,3,39
1630,W1,R2,SKU_E,3,61
1630,W2,R3,SKU_A,4,184
1630,W2,R3,SKU_B,4,87
1630,W2,R3,SKU_C,4,139
1630,W2,R3,SKU_D,4,89
1630,W2,R3,SKU_E,4,88
1631,Supplier,W1,SKU_A,5,513
1631,Supplier,W1,SKU_B,5,292
1631,Supplier,W1,SKU_C,5,355
1631,Supplier,W1,SKU_D,5,225
1631,Supplier,W1,SKU_E,5,211
1631,Supplier,W2,SKU_A,6,184
1631,Supplier,W2,SKU_B,6,87
1631,Supplier,W2,SKU_C,6,139
1631,Supplier,W2,SKU_D,6,89
1631,Supplier,W2,SKU_E,6,88
1631,W1,R1,SKU_D,2,146
1631,W1,R1,SKU_E,2,109
1631,W1,R1,SKU_A,2,324
1631,W1,R1,SKU_B,2,199
1631,W1,R1,SKU_C,2,258
1631,W1,R2,SKU_A,3,313
1631,W1,R2,SKU_B,3,164
1631,W1,R2,SKU_C,3,159
1631,W1,R2,SKU_D,3,46
1631,W1,R2,SKU_E,3,73
1631,W2,R3,SKU_A,4,255
1631,W2,R3,SKU_B,4,114
1631,W2,R3,SKU_C,4,210
1631,W2,R3,SKU_D,4,126
1631,W2,R3,SKU_E,4,111
1632,Supplier,W1,SKU_A,5,322
1632,Supplier,W1,SKU_B,5,233
1632,Supplier,W1,SKU_C,5,225
1632,Supplier,W1,SKU_D,5,131
1632,Supplier,W1,SKU_E,5,138
1632,Supplier,W2,SKU_A,6,255
1632,Supplier,W2,SKU_B,6,114
1632,Supplier,W2,SKU_C,6,210
1632,Supplier,W2,SKU_D,6,126
1632,Supplier,W2,SKU_E,6,111
1632,W1,R1,SKU_A,2,174
1632,W1,R1,SKU_B,2,115
1632,W1,R1,SKU_C,2,178
1632,W1,R1,SKU_D,2,107
1632,W1,R1,SKU_E,2,49
1632,W1,R2,SKU_A,3,133
1632,W1,R2,SKU_B,3,82
1632,W1,R2,SKU_C,3,68
1632,W1,R2,SKU_D,3,57
1632,W1,R2,SKU_E,3,46
1632,W2,R3,SKU_A,4,317
1632,W2,R3,SKU_B,4,86
1632,W2,R3,SKU_C,4,213
1632,W2,R3,SKU_D,4,136
1632,W2,R3,SKU_E,4,100
1633,Supplier,W1,SKU_A,5,302
1633,Supplier,W1,SKU_B,5,198
1633,Supplier,W1,SKU_C,5,255
1633,Supplier,W1,SKU_D,5,164
1633,Supplier,W1,SKU_E,5,95
1633,Supplier,W2,SKU_A,6,317
1633,Supplier,W2,SKU_B,6,86
1633,Supplier,W2,SKU_C,6,241
1633,Supplier,W2,SKU_D,6,136
1633,Supplier,W2,SKU_E,6,112
1633,W2,R3,SKU_A,4,283
1633,W2,R3,SKU_B,4,106
1633,W2,R3,SKU_C,4,131
1633,W2,R3,SKU_D,4,122
1633,W2,R3,SKU_E,4,100
1634,Supplier,W1,SKU_A,5,354
1634,Supplier,W1,SKU_B,5,215
1634,Supplier,W1,SKU_C,5,318
1634,Supplier,W1,SKU_D,5,154
1634,Supplier,W1,SKU_E,5,148
1634,Supplier,W2,SKU_A,6,283
1634,Supplier,W2,SKU_B,6,106
1634,Supplier,W2,SKU_C,6,241
1634,Supplier,W2,SKU_D,6,122
1634,Supplier,W2,SKU_E,6,88
1634,W1,R1,SKU_A,2,418
1634,W1,R1,SKU_D,2,161
1634,W1,R1,SKU_E,2,127
1634,W1,R1,SKU_B,2,200
1634,W1,R1,SKU_C,2,338
1634,W1,R2,SKU_D,3,122
1634,W1,R2,SKU_E,3,112
1634,W1,R2,SKU_A,3,181
1634,W1,R2,SKU_B,3,56
1634,W2,R3,SKU_A,4,204
1634,W2,R3,SKU_B,4,73
1634,W2,R3,SKU_C,4,137
1634,W2,R3,SKU_D,4,97
1634,W2,R3,SKU_E,4,82
1635,Supplier,W2,SKU_A,6,204
1635,Supplier,W2,SKU_B,6,73
1635,Supplier,W2,SKU_C,6,139
1635,Supplier,W2,SKU_D,6,97
1635,Supplier,W2,SKU_E,6,82
1635,W2,R3,SKU_A,4,216
1635,W2,R3,SKU_B,4,66
1635,W2,R3,SKU_C,4,112
1635,W2,R3,SKU_D,4,74
1635,W2,R3,SKU_E,4,81
1636,Supplier,W1,SKU_A,5,563
1636,Supplier,W1,SKU_B,5,283
1636,Supplier,W1,SKU_C,5,388
1636,Supplier,W1,SKU_D,5,228
1636,Supplier,W1,SKU_E,5,177
1636,Supplier,W2,SKU_A,6,216
1636,Supplier,W2,SKU_B,6,66
1636,Supplier,W2,SKU_C,6,131
1636,Supplier,W2,SKU_D,6,74
1636,Supplier,W2,SKU_E,6,81
1636,W1,R1,SKU_D,2,133
1636,W1,R1,SKU_E,2,80
1636,W1,R1,SKU_A,2,307
1636,W1,R1,SKU_B,2,138
1636,W1,R1,SKU_C,2,237
1636,W1,R2,SKU_E,3,100
1636,W1,R2,SKU_A,3,206
1636,W1,R2,SKU_B,3,154
1636,W1,R2,SKU_C,3,118
1636,W1,R2,SKU_D,3,52
1636,W2,R3,SKU_A,4,137
1636,W2,R3,SKU_B,4,62
1636,W2,R3,SKU_C,4,125
1636,W2,R3,SKU_D,4,85
1636,W2,R3,SKU_E,4,66
1637,Supplier,W2,SKU_A,6,137
1637,Supplier,W2,SKU_B,6,62
1637,Supplier,W2,SKU_C,6,121
1637,Supplier,W2,SKU_D,6,85
1637,Supplier,W2,SKU_E,6,66
1637,W1,R1,SKU_A,2,145
1637,W1,R1,SKU_B,2,84
1637,W1,R1,SKU_C,2,145
1637,W1,R1,SKU_D,2,67
1637,W1,R1,SKU_E,2,49
1637,W1,R2,SKU_A,3,132
1637,W1,R2,SKU_B,3,149
1637,W1,R2,SKU_C,3,80
1637,W1,R2,SKU_D,3,29
1637,W1,R2,SKU_E,3,37
1637,W2,R3,SKU_A,4,209
1637,W2,R3,SKU_B,4,76
1637,W2,R3,SKU_C,4,139
1637,W2,R3,SKU_D,4,99
1637,W2,R3,SKU_E,4,60
1638,Supplier,W1,SKU_A,5,472
1638,Supplier,W1,SKU_B,5,288
1638,Supplier,W1,SKU_C,5,328
1638,Supplier,W1,SKU_D,5,182
1638,Supplier,W1,SKU_E,5,180
1638,Supplier,W2,SKU_A,6,209
1638,Supplier,W2,SKU_B,6,76
1638,Supplier,W2,SKU_C,6,137
1638,Supplier,W2,SKU_D,6,99
1638,Supplier,W2,SKU_E,6,60
1638,W1,R1,SKU_A,2,214
1638,W1,R1,SKU_B,2,95
1638,W1,R1,SKU_C,2,173
1638,W1,R1,SKU_D,2,76
1638,W1,R1,SKU_E,2,53
1638,W1,R2,SKU_A,3,116
1638,W1,R2,SKU_B,3,103
1638,W1,R2,SKU_C,3,82
1638,W1,R2,SKU_D,3,43
1638,W1,R2,SKU_E,3,43
1638,W2,R3,SKU_A,4,258
1638,W2,R3,SKU_B,4,83
1638,W2,R3,SKU_C,4,210
1638,W2,R3,SKU_D,4,129
1638,W2,R3,SKU_E,4,92
1639,Supplier,W2,SKU_A,6,258
1639,Supplier,W2,SKU_B,6,83
1639,Supplier,W2,SKU_C,6,222
1639,Supplier,W2,SKU_D,6,129
1639,Supplier,W2,SKU_E,6,92
1639,W1,R1,SKU_A,2,204
1639,W1,R1,SKU_B,2,123
1639,W1,R1,SKU_C,2,173
1639,W1,R1,SKU_D,2,93
1639,W1,R1,SKU_E,2,76
1639,W1,R2,SKU_A,3,123
1639,W1,R2,SKU_B,3,88
1639,W1,R2,SKU_C,3,145
1639,W1,R2,SKU_D,3,43
1639,W1,R2,SKU_E,3,40
1639,W2,R3,SKU_A,4,268
1639,W2,R3,SKU_B,4,73
1639,W2,R3,SKU_C,4,241
1639,W2,R3,SKU_D,4,142
1639,W2,R3,SKU_E,4,88
1640,Supplier,W1,SKU_A,5,657
1640,Supplier,W1,SKU_B,5,367
1640,Supplier,W1,SKU_C,5,477
1640,Supplier,W1,SKU_D,5,255
1640,Supplier,W1,SKU_E,5,212
1640,Supplier,W2,SKU_A,6,268
1640,Supplier,W2,SKU_B,6,73
1640,Supplier,W2,SKU_C,6,250
1640,Supplier,W2,SKU_D,6,142
1640,Supplier,W2,SKU_E,6,88
1640,W1,R2,SKU_D,3,47
1640,W1,R2,SKU_E,3,46
1640,W2,R3,SKU_A,4,228
1640,W2,R3,SKU_B,4,113
1640,W2,R3,SKU_C,4,241
1640,W2,R3,SKU_D,4,116
1640,W2,R3,SKU_E,4,68
1641,Supplier,W1,SKU_A,5,350
1641,Supplier,W1,SKU_B,5,183
1641,Supplier,W1,SKU_C,5,261
1641,Supplier,W1,SKU_D,5,137
1641,Supplier,W1,SKU_E,5,117
1641,Supplier,W2,SKU_A,6,228
1641,Supplier,W2,SKU_B,6,113
1641,Supplier,W2,SKU_C,6,221
1641,Supplier,W2,SKU_D,6,116
1641,Supplier,W2,SKU_E,6,68
1641,W1,R1,SKU_A,2,370
1641,W1,R1,SKU_B,2,181
1641,W1,R1,SKU_D,2,156
1641,W1,R1,SKU_E,2,109
1641,W1,R1,SKU_C,2,317
1641,W1,R2,SKU_A,3,225
1641,W1,R2,SKU_B,3,106
1641,W1,R2,SKU_C,3,71
1641,W1,R2,SKU_D,3,43
1641,W1,R2,SKU_E,3,40
1641,W2,R3,SKU_A,4,202
1641,W2,R3,SKU_B,4,71
1641,W2,R3,SKU_C,4,139
1641,W2,R3,SKU_D,4,103
1641,W2,R3,SKU_E,4,72
1642,Supplier,W2,SKU_A,6,202
1642,Supplier,W2,SKU_B,6,71
1642,Supplier,W2,SKU_C,6,160
1642,Supplier,W2,SKU_D,6,103
1642,Supplier,W2,SKU_E,6,72
1642,W2,R3,SKU_A,4,179
1642,W2,R3,SKU_B,4,71
1642,W2,R3,SKU_C,4,131
1642,W2,R3,SKU_D,4,100
1642,W2,R3,SKU_E,4,60
1643,Supplier,W1,SKU_A,5,512
1643,Supplier,W1,SKU_B,5,336
1643,Supplier,W1,SKU_C,5,377
1643,Supplier,W1,SKU_D,5,214
1643,Supplier,W1,SKU_E,5,156
1643,Supplier,W2,SKU_A,6,179
1643,Supplier,W2,SKU_B,6,71
1643,Supplier,W2,SKU_C,6,140
1643,Supplier,W2,SKU_D,6,100
1643,Supplier,W2,SKU_E,6,60
1643,W1,R1,SKU_A,2,295
1643,W1,R1,SKU_D,2,115
1643,W1,R1,SKU_E,2,70
1643,W1,R1,SKU_B,2,182
1643,W1,R1,SKU_C,2,266
1643,W1,R2,SKU_D,3,64
1643,W1,R2,SKU_E,3,79
1643,W1,R2,SKU_A,3,189
1643,W1,R2,SKU_B,3,106
1643,W1,R2,SKU_C,3,62
1643,W2,R3,SKU_A,4,165
1643,W2,R3,SKU_B,4,89
1643,W2,R3,SKU_C,4,121
1643,W2,R3,SKU_D,4,75
1643,W2,R3,SKU_E,4,77
1644,Supplier,W2,SKU_A,6,165
1644,Supplier,W2,SKU_B,6,89
1644,Supplier,W2,SKU_C,6,115
1644,Supplier,W2,SKU_D,6,75
1644,Supplier,W2,SKU_E,6,77
1644,W2,R3,SKU_A,4,184
1644,W2,R3,SKU_B,4,71
1644,W2,R3,SKU_C,4,137
1644,W2,R3,SKU_D,4,93
1644,W2,R3,SKU_E,4,73
1645,Supplier,W1,SKU_A,5,501
1645,Supplier,W1,SKU_B,5,303
1645,Supplier,W1,SKU_C,5,343
1645,Supplier,W1,SKU_D,5,167
1645,Supplier,W1,SKU_E,5,148
1645,Supplier,W2,SKU_A,6,184
1645,Supplier,W2,SKU_B,6,71
1645,Supplier,W2,SKU_C,6,141
1645,Supplier,W2,SKU_D,6,93
1645,Supplier,W2,SKU_E,6,73
1645,W1,R1,SKU_D,2,142
1645,W1,R1,SKU_E,2,98
1645,W1,R1,SKU_A,2,361
1645,W1,R1,SKU_B,2,180
1645,W1,R1,SKU_C,2,257
1645,W1,R2,SKU_D,3,70
1645,W1,R2,SKU_E,3,96
1645,W1,R2,SKU_A,3,215
1645,W1,R2,SKU_B,3,187
1645,W1,R2,SKU_C,3,220
1645,W2,R3,SKU_A,4,288
1645,W2,R3,SKU_B,4,94
1645,W2,R3,SKU_C,4,222
1645,W2,R3,SKU_D,4,144
1645,W2,R3,SKU_E,4,91
1646,Supplier,W1,SKU_A,5,292
1646,Supplier,W1,SKU_B,5,193
1646,Supplier,W1,SKU_C,5,228
1646,Supplier,W1,SKU_D,5,119
1646,Supplier,W1,SKU_E,5,117
1646,Supplier,W2,SKU_A,6,288
1646,Supplier,W2,SKU_B,6,94
1646,Supplier,W2,SKU_C,6,230
1646,Supplier,W2,SKU_D,6,144
1646,Supplier,W2,SKU_E,6,91
1646,W1,R1,SKU_A,2,243
1646,W1,R1,SKU_B,2,152
1646,W1,R1,SKU_C,2,223
1646,W1,R1,SKU_D,2,105
1646,W1,R1,SKU_E,2,65
1646,W1,R2,SKU_A,3,126
1646,W1,R2,SKU_B,3,31
1646,W1,R2,SKU_C,3,38
1646,W1,R2,SKU_D,3,73
1646,W1,R2,SKU_E,3,63
1646,W2,R3,SKU_A,4,294
1646,W2,R3,SKU_B,4,102
1646,W2,R3,SKU_C,4,250
1646,W2,R3,SKU_D,4,165
1646,W2,R3,SKU_E,4,114
1647,Supplier,W1,SKU_A,5,369
1647,Supplier,W1,SKU_B,5,260
1647,Supplier,W1,SKU_C,5,310
1647,Supplier,W1,SKU_D,5,178
1647,Supplier,W1,SKU_E,5,128
1647,Supplier,W2,SKU_A,6,294
1647,Supplier,W2,SKU_B,6,102
1647,Supplier,W2,SKU_C,6,252
1647,Supplier,W2,SKU_D,6,165
1647,Supplier,W2,SKU_E,6,114
1647,W1,R2,SKU_D,3,46
1647,W1,R2,SKU_E,3,65
1647,W2,R3,SKU_A,4,320
1647,W2,R3,SKU_B,4,119
1647,W2,R3,SKU_C,4,221
1647,W2,R3,SKU_D,4,119
1647,W2,R3,SKU_E,4,89
1648,Supplier,W1,SKU_A,5,359
1648,Supplier,W1,SKU_B,5,193
1648,Supplier,W1,SKU_C,5,300
1648,Supplier,W1,SKU_D,5,169
1648,Supplier,W1,SKU_E,5,128
1648,Supplier,W2,SKU_A,6,320
1648,Supplier,W2,SKU_B,6,119
1648,Supplier,W2,SKU_C,6,256
1648,Supplier,W2,SKU_D,6,119
1648,Supplier,W2,SKU_E,6,89
1648,W1,R1,SKU_A,2,444
1648,W1,R1,SKU_D,2,172
1648,W1,R1,SKU_E,2,127
1648,W1,R1,SKU_B,2,190
1648,W1,R1,SKU_C,2,356
1648,W1,R2,SKU_A,3,130
1648,W1,R2,SKU_B,3,146
1648,W1,R2,SKU_C,3,21
1648,W1,R2,SKU_D,3,75
1648,W1,R2,SKU_E,3,54
1648,W2,R3,SKU_A,4,243
1648,W2,R3,SKU_B,4,76
1648,W2,R3,SKU_C,4,160
1648,W2,R3,SKU_D,4,109
1648,W2,R3,SKU_E,4,83
1649,Supplier,W2,SKU_A,6,243
1649,Supplier,W2,SKU_B,6,76
1649,Supplier,W2,SKU_C,6,158
1649,Supplier,W2,SKU_D,6,109
1649,Supplier,W2,SKU_E,6,83
1649,W2,R3,SKU_A,4,218
1649,W2,R3,SKU_B,4,87
1649,W2,R3,SKU_C,4,140
1649,W2,R3,SKU_D,4,113
1649,W2,R3,SKU_E,4,73
1650,Supplier,W1,SKU_A,5,566
1650,Supplier,W1,SKU_B,5,273
1650,Supplier,W1,SKU_C,5,348
1650,Supplier,W1,SKU_D,5,239
1650,Supplier,W1,SKU_E,5,204
1650,Supplier,W2,SKU_A,6,218
1650,Supplier,W2,SKU_B,6,87
1650,Supplier,W2,SKU_C,6,68
1650,Supplier,W2,SKU_D,6,113
1650,Supplier,W2,SKU_E,6,73
1650,W1,R1,SKU_D,2,143
1650,W1,R1,SKU_E,2,99
1650,W1,R1,SKU_A,2,324
1650,W1,R1,SKU_B,2,129
1650,W1,R1,SKU_C,2,211
1650,W1,R2,SKU_E,3,95
1650,W1,R2,SKU_A,3,177
1650,W1,R2,SKU_B,3,174
1650,W1,R2,SKU_C,3,132
1650,W1,R2,SKU_D,3,92
1650,W2,R3,SKU_A,4,199
1650,W2,R3,SKU_B,4,59
1650,W2,R3,SKU_C,4,115
1650,W2,R3,SKU_D,4,128
1650,W2,R3,SKU_E,4,75
1651,Supplier,W2,SKU_A,6,199
1651,Supplier,W2,SKU_B,6,59
1651,Supplier,W2,SKU_C,6,146
1651,Supplier,W2,SKU_D,6,128
1651,Supplier,W2,SKU_E,6,75
1651,W1,R1,SKU_A,2,145
1651,W1,R1,SKU_B,2,80
1651,W1,R1,SKU_C,2,112
1651,W1,R1,SKU_D,2,56
1651,W1,R1,SKU_E,2,45
1651,W1,R2,SKU_A,3,147
1651,W1,R2,SKU_B,3,113
1651,W1,R2,SKU_C,3,116
1651,W1,R2,SKU_D,3,62
1651,W1,R2,SKU_E,3,43
1651,W2,R3,SKU_A,4,210
1651,W2,R3,SKU_B,4,82
1651,W2,R3,SKU_C,4,141
1651,W2,R3,SKU_D,4,115
1651,W2,R3,SKU_E,4,77
1652,Supplier,W1,SKU_A,5,538
1652,Supplier,W1,SKU_B,5,268
1652,Supplier,W1,SKU_C,5,348
1652,Supplier,W1,SKU_D,5,238
1652,Supplier,W1,SKU_E,5,196
1652,Supplier,W2,SKU_A,6,210
1652,Supplier,W2,SKU_B,6,82
1652,Supplier,W2,SKU_C,6,176
1652,Supplier,W2,SKU_D,6,115
1652,Supplier,W2,SKU_E,6,77
1652,W1,R1,SKU_A,2,178
1652,W1,R1,SKU_B,2,117
1652,W1,R1,SKU_C,2,174
1652,W1,R1,SKU_D,2,90
1652,W1,R1,SKU_E,2,58
1652,W1,R2,SKU_A,3,191
1652,W1,R2,SKU_B,3,124
1652,W1,R2,SKU_C,3,136
1652,W1,R2,SKU_D,3,63
1652,W1,R2,SKU_E,3,53
1652,W2,R3,SKU_A,4,240
1652,W2,R3,SKU_B,4,54
1652,W2,R3,SKU_C,4,230
1652,W2,R3,SKU_D,4,121
1652,W2,R3,SKU_E,4,104
1653,Supplier,W1,SKU_A,5,298
1653,Supplier,W1,SKU_B,5,189
1653,Supplier,W1,SKU_C,5,232
1653,Supplier,W1,SKU_D,5,153
1653,Supplier,W1,SKU_E,5,111
1653,Supplier,W2,SKU_A,6,240
1653,Supplier,W2,SKU_B,6,54
1653,Supplier,W2,SKU_C,6,233
1653,Supplier,W2,SKU_D,6,121
1653,Supplier,W2,SKU_E,6,104
1653,W1,R1,SKU_A,2,226
1653,W1,R1,SKU_B,2,115
1653,W1,R1,SKU_C,2,221
1653,W1,R1,SKU_D,2,97
1653,W1,R1,SKU_E,2,65
1653,W1,R2,SKU_A,3,133
1653,W1,R2,SKU_B,3,97
1653,W1,R2,SKU_C,3,79
1653,W1,R2,SKU_D,3,65
1653,W1,R2,SKU_E,3,68
1653,W2,R3,SKU_A,4,301
1653,W2,R3,SKU_B,4,84
1653,W2,R3,SKU_C,4,252
1653,W2,R3,SKU_D,4,160
1653,W2,R3,SKU_E,4,90
1654,Supplier,W1,SKU_A,5,339
1654,Supplier,W1,SKU_B,5,220
1654,Supplier,W1,SKU_C,5,300
1654,Supplier,W1,SKU_D,5,162
1654,Supplier,W1,SKU_E,5,133
1654,Supplier,W2,SKU_A,6,301
1654,Supplier,W2,SKU_B,6,84
1654,Supplier,W2,SKU_C,6,255
1654,Supplier,W2,SKU_D,6,160
1654,Supplier,W2,SKU_E,6,90
1654,W2,R3,SKU_A,4,329
1654,W2,R3,SKU_B,4,78
1654,W2,R3,SKU_C,4,256
1654,W2,R3,SKU_D,4,144
1654,W2,R3,SKU_E,4,100
1655,Supplier,W1,SKU_A,5,408
1655,Supplier,W1,SKU_B,5,205
1655,Supplier,W1,SKU_C,5,362
1655,Supplier,W1,SKU_D,5,197
1655,Supplier,W1,SKU_E,5,114
1655,Supplier,W2,SKU_A,6,329
1655,Supplier,W2,SKU_B,6,78
1655,Supplier,W2,SKU_C,6,292
1655,Supplier,W2,SKU_D,6,144
1655,Supplier,W2,SKU_E,6,100
1655,W1,R1,SKU_D,2,198
1655,W1,R1,SKU_E,2,113
1655,W1,R1,SKU_A,2,430
1655,W1,R1,SKU_B,2,194
1655,W1,R1,SKU_C,2,348
1655,W1,R2,SKU_E,3,107
1655,W1,R2,SKU_A,3,136
1655,W1,R2,SKU_B,3,79
1655,W1,R2,SKU_D,3,74
1655,W2,R3,SKU_A,4,248
1655,W2,R3,SKU_B,4,79
1655,W2,R3,SKU_C,4,158
1655,W2,R3,SKU_D,4,91
1655,W2,R3,SKU_E,4,54
1656,Supplier,W2,SKU_A,6,248
1656,Supplier,W2,SKU_B,6,79
1656,Supplier,W2,SKU_C,6,149
1656,Supplier,W2,SKU_D,6,91
1656,Supplier,W2,SKU_E,6,54
1656,W2,R3,SKU_A,4,202
1656,W2,R3,SKU_B,4,89
1656,W2,R3,SKU_C,4,68
1656,W2,R3,SKU_D,4,84
1656,W2,R3,SKU_E,4,67
1657,Supplier,W1,SKU_A,5,589
1657,Supplier,W1,SKU_B,5,308
1657,Supplier,W1,SKU_C,5,409
1657,Supplier,W1,SKU_D,5,242
1657,Supplier,W1,SKU_E,5,199
1657,Supplier,W2,SKU_A,6,202
1657,Supplier,W2,SKU_B,6,89
1657,Supplier,W2,SKU_C,6,120
1657,Supplier,W2,SKU_D,6,84
1657,Supplier,W2,SKU_E,6,67
1657,W1,R1,SKU_E,2,95
1657,W1,R1,SKU_A,2,383
1657,W1,R1,SKU_B,2,133
1657,W1,R1,SKU_C,2,348
1657,W1,R1,SKU_D,2,136
1657,W1,R2,SKU_E,3,101
1657,W1,R2,SKU_A,3,155
1657,W1,R2,SKU_B,3,135
1657,W1,R2,SKU_D,3,102
1657,W2,R3,SKU_A,4,204
1657,W2,R3,SKU_B,4,72
1657,W2,R3,SKU_C,4,146
1657,W2,R3,SKU_D,4,89
1657,W2,R3,SKU_E,4,91
1658,Supplier,W2,SKU_A,6,204
1658,Supplier,W2,SKU_B,6,72
1658,Supplier,W2,SKU_C,6,160
1658,Supplier,W2,SKU_D,6,89
1658,Supplier,W2,SKU_E,6,91
1658,W1,R1,SKU_A,2,162
1658,W1,R1,SKU_B,2,84
1658,W1,R1,SKU_C,2,130
1658,W1,R1,SKU_D,2,89
1658,W1,R1,SKU_E,2,45
1658,W1,R2,SKU_A,3,136
1658,W1,R2,SKU_B,3,105
1658,W1,R2,SKU_C,3,102
1658,W1,R2,SKU_D,3,64
1658,W1,R2,SKU_E,3,50
1658,W2,R3,SKU_A,4,239
1658,W2,R3,SKU_B,4,85
1658,W2,R3,SKU_C,4,176
1658,W2,R3,SKU_D,4,99
1658,W2,R3,SKU_E,4,92
1659,Supplier,W1,SKU_A,5,590
1659,Supplier,W1,SKU_B,5,274
1659,Supplier,W1,SKU_C,5,406
1659,Supplier,W1,SKU_D,5,257
1659,Supplier,W1,SKU_E,5,198
1659,Supplier,W2,SKU_A,6,239
1659,Supplier,W2,SKU_B,6,85
1659,Supplier,W2,SKU_C,6,174
1659,Supplier,W2,SKU_D,6,99
1659,Supplier,W2,SKU_E,6,92
1659,W1,R1,SKU_A,2,216
1659,W1,R1,SKU_B,2,99
1659,W1,R1,SKU_C,2,159
1659,W1,R1,SKU_D,2,93
1659,W1,R1,SKU_E,2,42
1659,W1,R2,SKU_A,3,123
1659,W1,R2,SKU_B,3,121
1659,W1,R2,SKU_C,3,141
1659,W1,R2,SKU_D,3,69
1659,W1,R2,SKU_E,3,57
1659,W2,R3,SKU_A,4,274
1659,W2,R3,SKU_B,4,86
1659,W2,R3,SKU_C,4,233
1659,W2,R3,SKU_D,4,125
1659,W2,R3,SKU_E,4,125
1660,Supplier,W1,SKU_A,5,352
1660,Supplier,W1,SKU_B,5,195
1660,Supplier,W1,SKU_C,5,218
1660,Supplier,W1,SKU_D,5,139
1660,Supplier,W1,SKU_E,5,99
1660,Supplier,W2,SKU_A,6,274
1660,Supplier,W2,SKU_B,6,86
1660,Supplier,W2,SKU_C,6,221
1660,Supplier,W2,SKU_D,6,125
1660,Supplier,W2,SKU_E,6,125
1660,W1,R1,SKU_A,2,251
1660,W1,R1,SKU_B,2,171
1660,W1,R1,SKU_C,2,247
1660,W1,R1,SKU_D,2,97
1660,W1,R1,SKU_E,2,52
1660,W1,R2,SKU_A,3,157
1660,W1,R2,SKU_B,3,34
1660,W1,R2,SKU_C,3,115
1660,W1,R2,SKU_D,3,90
1660,W1,R2,SKU_E,3,52
1660,W2,R3,SKU_A,4,331
1660,W2,R3,SKU_B,4,94
1660,W2,R3,SKU_C,4,255
1660,W2,R3,SKU_D,4,159
1660,W2,R3,SKU_E,4,110
1661,Supplier,W1,SKU_A,5,431
1661,Supplier,W1,SKU_B,5,302
1661,Supplier,W1,SKU_C,5,398
1661,Supplier,W1,SKU_D,5,177
1661,Supplier,W1,SKU_E,5,104
1661,Supplier,W2,SKU_A,6,331
1661,Supplier,W2,SKU_B,6,94
1661,Supplier,W2,SKU_C,6,275
1661,Supplier,W2,SKU_D,6,159
1661,Supplier,W2,SKU_E,6,110
1661,W2,R3,SKU_A,4,320
1661,W2,R3,SKU_B,4,110
1661,W2,R3,SKU_C,4,292
1661,W2,R3,SKU_D,4,126
1661,W2,R3,SKU_E,4,109
1662,Supplier,W1,SKU_A,5,414
1662,Supplier,W1,SKU_B,5,304
1662,Supplier,W1,SKU_C,5,420
1662,Supplier,W1,SKU_D,5,189
1662,Supplier,W1,SKU_E,5,168
1662,Supplier,W2,SKU_A,6,320
1662,Supplier,W2,SKU_B,6,110
1662,Supplier,W2,SKU_C,6,229
1662,Supplier,W2,SKU_D,6,126
1662,Supplier,W2,SKU_E,6,119
1662,W1,R1,SKU_D,2,223
1662,W1,R1,SKU_E,2,146
1662,W1,R1,SKU_A,2,426
1662,W1,R1,SKU_B,2,259
1662,W1,R1,SKU_C,2,409
1662,W1,R2,SKU_E,3,127
1662,W1,R2,SKU_A,3,163
1662,W1,R2,SKU_B,3,49
1662,W1,R2,SKU_D,3,29
1662,W2,R3,SKU_A,4,211
1662,W2,R3,SKU_B,4,101
1662,W2,R3,SKU_C,4,149
1662,W2,R3,SKU_D,4,110
1662,W2,R3,SKU_E,4,54
1663,Supplier,W2,SKU_A,6,211
1663,Supplier,W2,SKU_B,6,101
1663,Supplier,W2,SKU_C,6,128
1663,Supplier,W2,SKU_D,6,110
1663,Supplier,W2,SKU_E,6,109
1663,W2,R3,SKU_A,4,233
1663,W2,R3,SKU_B,4,81
1663,W2,R3,SKU_C,4,120
1663,W2,R3,SKU_D,4,102
1663,W2,R3,SKU_E,4,67
1664,Supplier,W1,SKU_A,5,613
1664,Supplier,W1,SKU_B,5,328
1664,Supplier,W1,SKU_C,5,418
1664,Supplier,W1,SKU_D,5,271
1664,Supplier,W1,SKU_E,5,218
1664,Supplier,W2,SKU_A,6,233
1664,Supplier,W2,SKU_B,6,81
1664,Supplier,W2,SKU_C,6,165
1664,Supplier,W2,SKU_D,6,102
1664,Supplier,W2,SKU_E,6,73
1664,W1,R1,SKU_E,2,105
1664,W1,R1,SKU_A,2,324
1664,W1,R1,SKU_B,2,175
1664,W1,R1,SKU_C,2,287
1664,W1,R1,SKU_D,2,147
1664,W1,R2,SKU_E,3,107
1664,W1,R2,SKU_A,3,266
1664,W1,R2,SKU_B,3,99
1664,W1,R2,SKU_C,3,119
1664,W1,R2,SKU_D,3,110
1664,W2,R3,SKU_A,4,184
1664,W2,R3,SKU_B,4,40
1664,W2,R3,SKU_C,4,160
1664,W2,R3,SKU_D,4,90
1664,W2,R3,SKU_E,4,91
1665,Supplier,W2,SKU_A,6,184
1665,Supplier,W2,SKU_B,6,40
1665,Supplier,W2,SKU_C,6,105
1665,Supplier,W2,SKU_D,6,90
1665,Supplier,W2,SKU_E,6,76
1665,W1,R1,SKU_A,2,126
1665,W1,R1,SKU_B,2,56
1665,W1,R1,SKU_C,2,105
1665,W1,R1,SKU_D,2,59
1665,W1,R1,SKU_E,2,44
1665,W1,R2,SKU_A,3,226
1665,W1,R2,SKU_B,3,139
1665,W1,R2,SKU_C,3,113
1665,W1,R2,SKU_D,3,79
1665,W1,R2,SKU_E,3,42
1665,W2,R3,SKU_A,4,153
1665,W2,R3,SKU_B,4,61
1665,W2,R3,SKU_C,4,174
1665,W2,R3,SKU_D,4,79
1665,W2,R3,SKU_E,4,92
1666,Supplier,W1,SKU_A,5,439
1666,Supplier,W1,SKU_B,5,253
1666,Supplier,W1,SKU_C,5,331
1666,Supplier,W1,SKU_D,5,187
1666,Supplier,W1,SKU_E,5,185
1666,Supplier,W2,SKU_A,6,153
1666,Supplier,W2,SKU_B,6,61
1666,Supplier,W2,SKU_C,6,66
1666,Supplier,W2,SKU_D,6,79
1666,Supplier,W2,SKU_E,6,72
1666,W1,R1,SKU_A,2,165
1666,W1,R1,SKU_B,2,104
1666,W1,R1,SKU_C,2,134
1666,W1,R1,SKU_D,2,58
1666,W1,R1,SKU_E,2,47
1666,W1,R2,SKU_A,3,252
1666,W1,R2,SKU_B,3,198
1666,W1,R2,SKU_C,3,264
1666,W1,R2,SKU_D,3,51
1666,W1,R2,SKU_E,3,52
1666,W2,R3,SKU_A,4,274
1666,W2,R3,SKU_B,4,110
1666,W2,R3,SKU_C,4,221
1666,W2,R3,SKU_D,4,124
1666,W2,R3,SKU_E,4,125
1667,Supplier,W2,SKU_A,6,274
1667,Supplier,W2,SKU_B,6,110
1667,Supplier,W2,SKU_C,6,143
1667,Supplier,W2,SKU_D,6,124
1667,Supplier,W2,SKU_E,6,120
1667,W1,R1,SKU_A,2,241
1667,W1,R1,SKU_B,2,123
1667,W1,R1,SKU_C,2,240
1667,W1,R1,SKU_D,2,109
1667,W1,R1,SKU_E,2,52
1667,W1,R2,SKU_A,3,93
1667,W1,R2,SKU_B,3,181
1667,W1,R2,SKU_C,3,180
1667,W1,R2,SKU_D,3,57
1667,W1,R2,SKU_E,3,57
1667,W2,R3,SKU_A,4,367
1667,W2,R3,SKU_B,4,94
1667,W2,R3,SKU_C,4,264
1667,W2,R3,SKU_D,4,154
1667,W2,R3,SKU_E,4,110
1668,Supplier,W1,SKU_A,5,590
1668,Supplier,W1,SKU_B,5,382
1668,Supplier,W1,SKU_C,5,501
1668,Supplier,W1,SKU_D,5,275
1668,Supplier,W1,SKU_E,5,208
1668,Supplier,W2,SKU_A,6,367
1668,Supplier,W2,SKU_B,6,94
1668,Supplier,W2,SKU_C,6,220
1668,Supplier,W2,SKU_D,6,154
1668,Supplier,W2,SKU_E,6,96
1668,W2,R3,SKU_A,4,378
1668,W2,R3,SKU_B,4,122
1668,W2,R3,SKU_C,4,240
1668,W2,R3,SKU_D,4,140
1668,W2,R3,SKU_E,4,115
1669,Supplier,W1,SKU_A,5,423
1669,Supplier,W1,SKU_B,5,190
1669,Supplier,W1,SKU_C,5,262
1669,Supplier,W1,SKU_D,5,158
1669,Supplier,W1,SKU_E,5,128
1669,Supplier,W2,SKU_A,6,378
1669,Supplier,W2,SKU_B,6,122
1669,Supplier,W2,SKU_C,6,337
1669,Supplier,W2,SKU_D,6,140
1669,Supplier,W2,SKU_E,6,98
1669,W1,R1,SKU_A,2,447
1669,W1,R1,SKU_D,2,164
1669,W1,R1,SKU_E,2,134
1669,W1,R1,SKU_B,2,174
1669,W1,R1,SKU_C,2,276
1669,W1,R2,SKU_E,3,99
1669,W1,R2,SKU_A,3,248
1669,W1,R2,SKU_B,3,154
1669,W1,R2,SKU_C,3,142
1669,W1,R2,SKU_D,3,97
1669,W2,R3,SKU_A,4,225
1669,W2,R3,SKU_B,4,91
1669,W2,R3,SKU_C,4,128
1669,W2,R3,SKU_D,4,84
1669,W2,R3,SKU_E,4,90
1670,Supplier,W2,SKU_A,6,225
1670,Supplier,W2,SKU_B,6,91
1670,Supplier,W2,SKU_C,6,194
1670,Supplier,W2,SKU_D,6,84
1670,Supplier,W2,SKU_E,6,90
1670,W2,R3,SKU_A,4,170
1670,W2,R3,SKU_B,4,64
1670,W2,R3,SKU_C,4,165
1670,W2,R3,SKU_D,4,66
1670,W2,R3,SKU_E,4,64
1671,Supplier,W1,SKU_A,5,476
1671,Supplier,W1,SKU_B,5,245
1671,Supplier,W1,SKU_C,5,337
1671,Supplier,W1,SKU_D,5,206
1671,Supplier,W1,SKU_E,5,162
1671,Supplier,W2,SKU_A,6,170
1671,Supplier,W2,SKU_B,6,64
1671,Supplier,W2,SKU_C,6,105
1671,Supplier,W2,SKU_D,6,66
1671,Supplier,W2,SKU_E,6,64
1671,W1,R1,SKU_A,2,240
1671,W1,R1,SKU_D,2,113
1671,W1,R1,SKU_E,2,72
1671,W1,R1,SKU_B,2,122
1671,W1,R1,SKU_C,2,222
1671,W1,R2,SKU_D,3,98
1671,W1,R2,SKU_E,3,69
1671,W1,R2,SKU_A,3,209
1671,W1,R2,SKU_B,3,131
1671,W1,R2,SKU_C,3,109
1671,W2,R3,SKU_A,4,152
1671,W2,R3,SKU_B,4,83
1671,W2,R3,SKU_C,4,105
1671,W2,R3,SKU_D,4,66
1671,W2,R3,SKU_E,4,59
1672,Supplier,W2,SKU_A,6,152
1672,Supplier,W2,SKU_B,6,83
1672,Supplier,W2,SKU_C,6,116
1672,Supplier,W2,SKU_D,6,66
1672,Supplier,W2,SKU_E,6,59
1672,W2,R3,SKU_A,4,176
1672,W2,R3,SKU_B,4,75
1672,W2,R3,SKU_C,4,66
1672,W2,R3,SKU_D,4,86
1672,W2,R3,SKU_E,4,95
1673,Supplier,W1,SKU_A,5,510
1673,Supplier,W1,SKU_B,5,282
1673,Supplier,W1,SKU_C,5,370
1673,Supplier,W1,SKU_D,5,203
1673,Supplier,W1,SKU_E,5,167
1673,Supplier,W2,SKU_A,6,176
1673,Supplier,W2,SKU_B,6,80
1673,Supplier,W2,SKU_C,6,146
1673,Supplier,W2,SKU_D,6,86
1673,Supplier,W2,SKU_E,6,95
1673,W1,R1,SKU_A,2,326
1673,W1,R1,SKU_D,2,122
1673,W1,R1,SKU_E,2,87
1673,W1,R1,SKU_B,2,156
1673,W1,R1,SKU_C,2,255
1673,W1,R2,SKU_D,3,101
1673,W1,R2,SKU_E,3,91
1673,W1,R2,SKU_A,3,208
1673,W1,R2,SKU_B,3,181
1673,W1,R2,SKU_C,3,246
1673,W2,R3,SKU_A,4,179
1673,W2,R3,SKU_B,4,102
1673,W2,R3,SKU_C,4,143
1673,W2,R3,SKU_D,4,96
1673,W2,R3,SKU_E,4,78
1674,Supplier,W2,SKU_A,6,179
1674,Supplier,W2,SKU_B,6,97
1674,Supplier,W2,SKU_C,6,131
1674,Supplier,W2,SKU_D,6,96
1674,Supplier,W2,SKU_E,6,78
1674,W1,R1,SKU_A,2,239
1674,W1,R1,SKU_B,2,110
1674,W1,R1,SKU_C,2,192
1674,W1,R1,SKU_D,2,98
1674,W1,R1,SKU_E,2,46
1674,W1,R2,SKU_A,3,127
1674,W1,R2,SKU_B,3,77
1674,W1,R2,SKU_C,3,70
1674,W1,R2,SKU_D,3,61
1674,W1,R2,SKU_E,3,42
1674,W2,R3,SKU_A,4,215
1674,W2,R3,SKU_B,4,100
1674,W2,R3,SKU_C,4,220
1674,W2,R3,SKU_D,4,133
1674,W2,R3,SKU_E,4,103
1675,Supplier,W1,SKU_A,5,635
1675,Supplier,W1,SKU_B,5,367
1675,Supplier,W1,SKU_C,5,514
1675,Supplier,W1,SKU_D,5,287
1675,Supplier,W1,SKU_E,5,183
1675,Supplier,W2,SKU_A,6,215
1675,Supplier,W2,SKU_B,6,100
1675,Supplier,W2,SKU_C,6,172
1675,Supplier,W2,SKU_D,6,133
1675,Supplier,W2,SKU_E,6,103
1675,W1,R2,SKU_D,3,22
1675,W1,R2,SKU_E,3,64
1675,W2,R3,SKU_A,4,210
1675,W2,R3,SKU_B,4,73
1675,W2,R3,SKU_C,4,300
1675,W2,R3,SKU_D,4,114
1675,W2,R3,SKU_E,4,101
1676,Supplier,W1,SKU_A,5,357
1676,Supplier,W1,SKU_B,5,190
1676,Supplier,W1,SKU_C,5,258
1676,Supplier,W1,SKU_D,5,174
1676,Supplier,W1,SKU_E,5,126
1676,Supplier,W2,SKU_A,6,210
1676,Supplier,W2,SKU_B,6,73
1676,Supplier,W2,SKU_C,6,166
1676,Supplier,W2,SKU_D,6,114
1676,Supplier,W2,SKU_E,6,101
1676,W1,R1,SKU_A,2,369
1676,W1,R1,SKU_B,2,189
1676,W1,R1,SKU_D,2,161
1676,W1,R1,SKU_E,2,98
1676,W1,R1,SKU_C,2,287
1676,W1,R2,SKU_A,3,222
1676,W1,R2,SKU_B,3,104
1676,W1,R2,SKU_C,3,50
1676,W1,R2,SKU_D,3,83
1676,W1,R2,SKU_E,3,48
1676,W2,R3,SKU_A,4,147
1676,W2,R3,SKU_B,4,74
1676,W2,R3,SKU_C,4,101
1676,W2,R3,SKU_D,4,102
1676,W2,R3,SKU_E,4,95
1677,Supplier,W2,SKU_A,6,147
1677,Supplier,W2,SKU_B,6,74
1677,Supplier,W2,SKU_C,6,101
1677,Supplier,W2,SKU_D,6,102
1677,Supplier,W2,SKU_E,6,95
1677,W1,R2,SKU_D,3,5
1677,W1,R2,SKU_E,3,75
1677,W2,R3,SKU_A,4,178
1677,W2,R3,SKU_B,4,75
1677,W2,R3,SKU_C,4,108
1677,W2,R3,SKU_D,4,85
1677,W2,R3,SKU_E,4,99
1678,Supplier,W1,SKU_A,5,517
1678,Supplier,W1,SKU_B,5,301
1678,Supplier,W1,SKU_C,5,326
1678,Supplier,W1,SKU_D,5,216
1678,Supplier,W1,SKU_E,5,196
1678,Supplier,W2,SKU_A,6,178
1678,Supplier,W2,SKU_B,6,75
1678,Supplier,W2,SKU_C,6,108
1678,Supplier,W2,SKU_D,6,85
1678,Supplier,W2,SKU_E,6,99
1678,W1,R1,SKU_D,2,139
1678,W1,R1,SKU_E,2,64
1678,W1,R1,SKU_A,2,302
1678,W1,R1,SKU_B,2,141
1678,W1,R1,SKU_C,2,195
1678,W1,R2,SKU_A,3,208
1678,W1,R2,SKU_B,3,141
1678,W1,R2,SKU_C,3,175
1678,W1,R2,SKU_D,3,100
1678,W1,R2,SKU_E,3,49
1678,W2,R3,SKU_A,4,179
1678,W2,R3,SKU_B,4,55
1678,W2,R3,SKU_C,4,134
1678,W2,R3,SKU_D,4,87
1678,W2,R3,SKU_E,4,77
1679,Supplier,W2,SKU_A,6,179
1679,Supplier,W2,SKU_B,6,55
1679,Supplier,W2,SKU_C,6,134
1679,Supplier,W2,SKU_D,6,87
1679,Supplier,W2,SKU_E,6,77
1679,W2,R3,SKU_A,4,167
1679,W2,R3,SKU_B,4,67
1679,W2,R3,SKU_C,4,133
1679,W2,R3,SKU_D,4,104
1679,W2,R3,SKU_E,4,78
1680,Supplier,W1,SKU_A,5,507
1680,Supplier,W1,SKU_B,5,267
1680,Supplier,W1,SKU_C,5,273
1680,Supplier,W1,SKU_D,5,229
1680,Supplier,W1,SKU_E,5,162
1680,Supplier,W2,SKU_A,6,167
1680,Supplier,W2,SKU_B,6,67
1680,Supplier,W2,SKU_C,6,133
1680,Supplier,W2,SKU_D,6,104
1680,Supplier,W2,SKU_E,6,78
1680,W1,R1,SKU_D,2,131
1680,W1,R1,SKU_E,2,86
1680,W1,R1,SKU_A,2,304
1680,W1,R1,SKU_B,2,157
1680,W1,R1,SKU_C,2,209
1680,W1,R2,SKU_E,3,88
1680,W1,R2,SKU_A,3,242
1680,W1,R2,SKU_B,3,187
1680,W1,R2,SKU_C,3,214
1680,W1,R2,SKU_D,3,96
1680,W2,R3,SKU_A,4,194
1680,W2,R3,SKU_B,4,80
1680,W2,R3,SKU_C,4,115
1680,W2,R3,SKU_D,4,92
1680,W2,R3,SKU_E,4,95
1681,Supplier,W2,SKU_A,6,194
1681,Supplier,W2,SKU_B,6,80
1681,Supplier,W2,SKU_C,6,115
1681,Supplier,W2,SKU_D,6,92
1681,Supplier,W2,SKU_E,6,95
1681,W1,R1,SKU_A,2,185
1681,W1,R1,SKU_B,2,93
1681,W1,R1,SKU_C,2,197
1681,W1,R1,SKU_D,2,90
1681,W1,R1,SKU_E,2,51
1681,W1,R2,SKU_A,3,137
1681,W1,R2,SKU_B,3,75
1681,W1,R2,SKU_C,3,72
1681,W1,R2,SKU_D,3,45
1681,W1,R2,SKU_E,3,54
1681,W2,R3,SKU_A,4,241
1681,W2,R3,SKU_B,4,104
1681,W2,R3,SKU_C,4,194
1681,W2,R3,SKU_D,4,128
1681,W2,R3,SKU_E,4,79
1682,Supplier,W1,SKU_A,5,588
1682,Supplier,W1,SKU_B,5,329
1682,Supplier,W1,SKU_C,5,414
1682,Supplier,W1,SKU_D,5,253
1682,Supplier,W1,SKU_E,5,193
1682,Supplier,W2,SKU_A,6,241
1682,Supplier,W2,SKU_B,6,104
1682,Supplier,W2,SKU_C,6,194
1682,Supplier,W2,SKU_D,6,128
1682,Supplier,W2,SKU_E,6,79
1682,W1,R1,SKU_A,2,124
1682,W1,R1,SKU_B,2,45
1682,W1,R1,SKU_C,2,80
1682,W1,R1,SKU_D,2,90
1682,W1,R1,SKU_E,2,55
1682,W1,R2,SKU_D,3,37
1682,W1,R2,SKU_E,3,54
1682,W2,R3,SKU_A,4,248
1682,W2,R3,SKU_B,4,86
1682,W2,R3,SKU_C,4,222
1682,W2,R3,SKU_D,4,144
1682,W2,R3,SKU_E,4,107
1683,Supplier,W1,SKU_A,5,360
1683,Supplier,W1,SKU_B,5,222
1683,Supplier,W1,SKU_C,5,311
1683,Supplier,W1,SKU_D,5,161
1683,Supplier,W1,SKU_E,5,109
1683,Supplier,W2,SKU_A,6,248
1683,Supplier,W2,SKU_B,6,86
1683,Supplier,W2,SKU_C,6,222
1683,Supplier,W2,SKU_D,6,144
1683,Supplier,W2,SKU_E,6,107
1683,W1,R1,SKU_A,2,264
1683,W1,R1,SKU_B,2,203
1683,W1,R1,SKU_C,2,326
1683,W1,R1,SKU_D,2,77
1683,W1,R1,SKU_E,2,53
1683,W1,R2,SKU_A,3,253
1683,W1,R2,SKU_B,3,98
1683,W1,R2,SKU_D,3,99
1683,W1,R2,SKU_E,3,57
1683,W2,R3,SKU_A,4,221
1683,W2,R3,SKU_B,4,78
1683,W2,R3,SKU_C,4,161
1683,W2,R3,SKU_D,4,108
1683,W2,R3,SKU_E,4,92
1684,Supplier,W1,SKU_A,5,292
1684,Supplier,W1,SKU_B,5,213
1684,Supplier,W1,SKU_C,5,277
1684,Supplier,W1,SKU_D,5,142
1684,Supplier,W1,SKU_E,5,110
1684,Supplier,W2,SKU_A,6,221
1684,Supplier,W2,SKU_B,6,78
1684,Supplier,W2,SKU_C,6,178
1684,Supplier,W2,SKU_D,6,108
1684,Supplier,W2,SKU_E,6,92
1685,Supplier,W2,SKU_A,6,128
1685,Supplier,W2,SKU_B,6,21
1685,Supplier,W2,SKU_C,6,102
1685,Supplier,W2,SKU_D,6,92
1685,Supplier,W2,SKU_E,6,64
1685,W1,R1,SKU_D,2,118
1685,W1,R1,SKU_E,2,58
1685,W1,R1,SKU_A,2,280
1685,W1,R1,SKU_B,2,131
1685,W1,R1,SKU_C,2,269
1685,W1,R2,SKU_E,3,122
1685,W1,R2,SKU_A,3,227
1685,W1,R2,SKU_B,3,136
1685,W1,R2,SKU_C,3,4
1685,W1,R2,SKU_D,3,84
1685,W2,R3,SKU_A,4,302
1685,W2,R3,SKU_B,4,87
1685,W2,R3,SKU_C,4,204
1685,W2,R3,SKU_D,4,186
1685,W2,R3,SKU_E,4,139
1686,Supplier,W1,SKU_A,5,512
1686,Supplier,W1,SKU_B,5,287
1686,Supplier,W1,SKU_C,5,380
1686,Supplier,W1,SKU_D,5,202
1686,Supplier,W1,SKU_E,5,180
1686,Supplier,W2,SKU_A,6,174
1686,Supplier,W2,SKU_B,6,66
1686,Supplier,W2,SKU_C,6,85
1686,Supplier,W2,SKU_D,6,94
1686,Supplier,W2,SKU_E,6,75
1686,W2,R3,SKU_A,4,137
1686,W2,R3,SKU_B,4,51
1686,W2,R3,SKU_C,4,94
1686,W2,R3,SKU_D,4,82
1686,W2,R3,SKU_E,4,74
1687,Supplier,W2,SKU_A,6,137
1687,Supplier,W2,SKU_B,6,51
1687,Supplier,W2,SKU_C,6,94
1687,Supplier,W2,SKU_D,6,82
1687,Supplier,W2,SKU_E,6,74
1687,W1,R1,SKU_D,2,129
1687,W1,R1,SKU_E,2,77
1687,W1,R1,SKU_A,2,301
1687,W1,R1,SKU_B,2,158
1687,W1,R1,SKU_C,2,230
1687,W1,R2,SKU_D,3,111
1687,W1,R2,SKU_E,3,98
1687,W1,R2,SKU_A,3,244
1687,W1,R2,SKU_B,3,171
1687,W1,R2,SKU_C,3,184
1687,W2,R3,SKU_A,4,178
1687,W2,R3,SKU_B,4,58
1687,W2,R3,SKU_C,4,75
1687,W2,R3,SKU_D,4,100
1687,W2,R3,SKU_E,4,77
1688,Supplier,W1,SKU_A,5,529
1688,Supplier,W1,SKU_B,5,309
1688,Supplier,W1,SKU_C,5,378
1688,Supplier,W1,SKU_D,5,240
1688,Supplier,W1,SKU_E,5,175
1688,Supplier,W2,SKU_A,6,178
1688,Supplier,W2,SKU_B,6,58
1688,Supplier,W2,SKU_C,6,75
1688,Supplier,W2,SKU_D,6,100
1688,Supplier,W2,SKU_E,6,77
1688,W1,R1,SKU_A,2,191
1688,W1,R1,SKU_B,2,110
1688,W1,R1,SKU_C,2,175
1688,W1,R1,SKU_D,2,75
1688,W1,R1,SKU_E,2,51
1688,W1,R2,SKU_A,3,108
1688,W1,R2,SKU_B,3,112
1688,W1,R2,SKU_C,3,136
1688,W1,R2,SKU_D,3,75
1688,W1,R2,SKU_E,3,46
1688,W2,R3,SKU_A,4,270
1688,W2,R3,SKU_B,4,97
1688,W2,R3,SKU_C,4,180
1688,W2,R3,SKU_D,4,153
1688,W2,R3,SKU_E,4,88
1689,Supplier,W2,SKU_A,6,270
1689,Supplier,W2,SKU_B,6,97
1689,Supplier,W2,SKU_C,6,180
1689,Supplier,W2,SKU_D,6,153
1689,Supplier,W2,SKU_E,6,88
1689,W1,R1,SKU_A,2,222
1689,W1,R1,SKU_B,2,108
1689,W1,R1,SKU_C,2,176
1689,W1,R1,SKU_D,2,95
1689,W1,R1,SKU_E,2,55
1689,W1,R2,SKU_A,3,137
1689,W1,R2,SKU_B,3,105
1689,W1,R2,SKU_C,3,101
1689,W1,R2,SKU_D,3,60
1689,W1,R2,SKU_E,3,69
1689,W2,R3,SKU_A,4,225
1689,W2,R3,SKU_B,4,80
1689,W2,R3,SKU_C,4,194
1689,W2,R3,SKU_D,4,103
1689,W2,R3,SKU_E,4,98
1690,Supplier,W1,SKU_A,5,658
1690,Supplier,W1,SKU_B,5,360
1690,Supplier,W1,SKU_C,5,489
1690,Supplier,W1,SKU_D,5,305
1690,Supplier,W1,SKU_E,5,221
1690,Supplier,W2,SKU_A,6,225
1690,Supplier,W2,SKU_B,6,80
1690,Supplier,W2,SKU_C,6,194
1690,Supplier,W2,SKU_D,6,103
1690,Supplier,W2,SKU_E,6,98
1690,W2,R3,SKU_A,4,174
1690,W2,R3,SKU_B,4,59
1690,W2,R3,SKU_C,4,111
1690,W2,R3,SKU_D,4,102
1690,W2,R3,SKU_E,4,94
1691,Supplier,W2,SKU_A,6,174
1691,Supplier,W2,SKU_B,6,59
1691,Supplier,W2,SKU_C,6,111
1691,Supplier,W2,SKU_D,6,102
1691,Supplier,W2,SKU_E,6,94
1691,W1,R1,SKU_A,2,280
1691,W1,R1,SKU_D,2,108
1691,W1,R1,SKU_E,2,61
1691,W1,R1,SKU_B,2,86
1691,W1,R1,SKU_C,2,155
1691,W1,R2,SKU_D,3,74
1691,W1,R2,SKU_E,3,98
1691,W1,R2,SKU_A,3,160
1691,W1,R2,SKU_B,3,96
1691,W1,R2,SKU_C,3,225
1691,W2,R3,SKU_A,4,196
1691,W2,R3,SKU_B,4,77
1691,W2,R3,SKU_C,4,92
1691,W2,R3,SKU_D,4,107
1691,W2,R3,SKU_E,4,85
1692,Supplier,W1,SKU_A,5,440
1692,Supplier,W1,SKU_B,5,168
1692,Supplier,W1,SKU_C,5,246
1692,Supplier,W1,SKU_D,5,182
1692,Supplier,W1,SKU_E,5,159
1692,Supplier,W2,SKU_A,6,196
1692,Supplier,W2,SKU_B,6,77
1692,Supplier,W2,SKU_C,6,92
1692,Supplier,W2,SKU_D,6,107
1692,Supplier,W2,SKU_E,6,85
1692,W1,R2,SKU_B,3,40
1692,W1,R2,SKU_D,3,38
1692,W1,R2,SKU_E,3,66
1692,W2,R3,SKU_A,4,148
1692,W2,R3,SKU_B,4,75
1692,W2,R3,SKU_C,4,104
1692,W2,R3,SKU_D,4,85
1692,W2,R3,SKU_E,4,84
1693,Supplier,W2,SKU_A,6,148
1693,Supplier,W2,SKU_B,6,75
1693,Supplier,W2,SKU_C,6,104
1693,Supplier,W2,SKU_D,6,85
1693,Supplier,W2,SKU_E,6,84
1693,W1,R1,SKU_A,2,259
1693,W1,R1,SKU_B,2,123
1693,W1,R1,SKU_D,2,127
1693,W1,R1,SKU_E,2,76
1693,W1,R1,SKU_C,2,191
1693,W1,R2,SKU_A,3,172
1693,W1,R2,SKU_B,3,47
1693,W1,R2,SKU_C,3,105
1693,W1,R2,SKU_D,3,36
1693,W1,R2,SKU_E,3,44
1693,W2,R3,SKU_A,4,172
1693,W2,R3,SKU_B,4,51
1693,W2,R3,SKU_C,4,106
1693,W2,R3,SKU_D,4,107
1693,W2,R3,SKU_E,4,71
1694,Supplier,W1,SKU_A,5,431
1694,Supplier,W1,SKU_B,5,210
1694,Supplier,W1,SKU_C,5,276
1694,Supplier,W1,SKU_D,5,201
1694,Supplier,W1,SKU_E,5,186
1694,Supplier,W2,SKU_A,6,172
1694,Supplier,W2,SKU_B,6,51
1694,Supplier,W2,SKU_C,6,106
1694,Supplier,W2,SKU_D,6,107
1694,Supplier,W2,SKU_E,6,71
1694,W1,R1,SKU_A,2,145
1694,W1,R1,SKU_B,2,73
1694,W1,R1,SKU_C,2,82
1694,W1,R1,SKU_D,2,70
1694,W1,R1,SKU_E,2,47
1694,W1,R2,SKU_A,3,62
1694,W1,R2,SKU_B,3,45
1694,W1,R2,SKU_D,3,50
1694,W1,R2,SKU_E,3,49
1694,W2,R3,SKU_A,4,197
1694,W2,R3,SKU_B,4,80
1694,W2,R3,SKU_C,4,124
1694,W2,R3,SKU_D,4,91
1694,W2,R3,SKU_E,4,94
1695,Supplier,W2,SKU_A,6,197
1695,Supplier,W2,SKU_B,6,80
1695,Supplier,W2,SKU_C,6,124
1695,Supplier,W2,SKU_D,6,91
1695,Supplier,W2,SKU_E,6,94
1695,W1,R1,SKU_A,2,218
1695,W1,R1,SKU_B,2,133
1695,W1,R1,SKU_C,2,216
1695,W1,R1,SKU_D,2,106
1695,W1,R1,SKU_E,2,47
1695,W1,R2,SKU_A,3,195
1695,W1,R2,SKU_B,3,79
1695,W1,R2,SKU_C,3,156
1695,W1,R2,SKU_D,3,57
1695,W1,R2,SKU_E,3,53
1695,W2,R3,SKU_A,4,250
1695,W2,R3,SKU_B,4,99
1695,W2,R3,SKU_C,4,192
1695,W2,R3,SKU_D,4,140
1695,W2,R3,SKU_E,4,91
1696,Supplier,W1,SKU_A,5,620
1696,Supplier,W1,SKU_B,5,330
1696,Supplier,W1,SKU_C,5,454
1696,Supplier,W1,SKU_D,5,283
1696,Supplier,W1,SKU_E,5,196
1696,Supplier,W2,SKU_A,6,250
1696,Supplier,W2,SKU_B,6,99
1696,Supplier,W2,SKU_C,6,192
1696,Supplier,W2,SKU_D,6,140
1696,Supplier,W2,SKU_E,6,91
1696,W1,R1,SKU_A,2,177
1696,W1,R1,SKU_B,2,120
1696,W1,R1,SKU_C,2,117
1696,W1,R1,SKU_D,2,103
1696,W1,R1,SKU_E,2,71
1696,W1,R2,SKU_A,3,68
1696,W1,R2,SKU_B,3,86
1696,W1,R2,SKU_D,3,56
1696,W1,R2,SKU_E,3,58
1696,W2,R3,SKU_A,4,258
1696,W2,R3,SKU_B,4,105
1696,W2,R3,SKU_C,4,185
1696,W2,R3,SKU_D,4,114
1696,W2,R3,SKU_E,4,114
1697,Supplier,W1,SKU_A,5,311
1697,Supplier,W1,SKU_B,5,206
1697,Supplier,W1,SKU_C,5,360
1697,Supplier,W1,SKU_D,5,163
1697,Supplier,W1,SKU_E,5,129
1697,Supplier,W2,SKU_A,6,258
1697,Supplier,W2,SKU_B,6,105
1697,Supplier,W2,SKU_C,6,185
1697,Supplier,W2,SKU_D,6,114
1697,Supplier,W2,SKU_E,6,114
1697,W1,R1,SKU_A,2,144
1697,W1,R1,SKU_B,2,81
1697,W1,R1,SKU_C,2,227
1697,W1,R1,SKU_D,2,64
1697,W1,R1,SKU_E,2,40
1697,W1,R2,SKU_A,3,191
1697,W1,R2,SKU_B,3,59
1697,W1,R2,SKU_C,3,19
1697,W1,R2,SKU_D,3,53
1697,W1,R2,SKU_E,3,41
1698,Supplier,W2,SKU_A,6,138
1698,Supplier,W2,SKU_B,6,64
1698,Supplier,W2,SKU_C,6,97
1698,Supplier,W2,SKU_D,6,69
1698,Supplier,W2,SKU_E,6,58
1698,W2,R3,SKU_A,4,307
1698,W2,R3,SKU_B,4,145
1698,W2,R3,SKU_C,4,205
1698,W2,R3,SKU_D,4,122
1698,W2,R3,SKU_E,4,128
1699,Supplier,W1,SKU_A,5,509
1699,Supplier,W1,SKU_B,5,247
1699,Supplier,W1,SKU_C,5,311
1699,Supplier,W1,SKU_D,5,214
1699,Supplier,W1,SKU_E,5,168
1699,Supplier,W2,SKU_A,6,169
1699,Supplier,W2,SKU_B,6,81
1699,Supplier,W2,SKU_C,6,108
1699,Supplier,W2,SKU_D,6,53
1699,Supplier,W2,SKU_E,6,70
1699,W1,R1,SKU_A,2,262
1699,W1,R1,SKU_B,2,118
1699,W1,R1,SKU_D,2,116
1699,W1,R1,SKU_E,2,60
1699,W1,R1,SKU_C,2,174
1699,W1,R2,SKU_B,3,103
1699,W1,R2,SKU_D,3,85
1699,W1,R2,SKU_E,3,92
1699,W1,R2,SKU_A,3,166
1699,W1,R2,SKU_C,3,102
1699,W2,R3,SKU_A,4,178
1699,W2,R3,SKU_B,4,52
1699,W2,R3,SKU_C,4,127
1699,W2,R3,SKU_D,4,56
1699,W2,R3,SKU_E,4,80
1700,Supplier,W2,SKU_A,6,178
1700,Supplier,W2,SKU_B,6,52
1700,Supplier,W2,SKU_C,6,127
1700,Supplier,W2,SKU_D,6,56
1700,Supplier,W2,SKU_E,6,80
1700,W2,R3,SKU_A,4,154
1700,W2,R3,SKU_B,4,58
1700,W2,R3,SKU_C,4,115
1700,W2,R3,SKU_D,4,88
1700,W2,R3,SKU_E,4,70
1701,Supplier,W1,SKU_A,5,434
1701,Supplier,W1,SKU_B,5,213
1701,Supplier,W1,SKU_C,5,299
1701,Supplier,W1,SKU_D,5,221
1701,Supplier,W1,SKU_E,5,150
1701,Supplier,W2,SKU_A,6,154
1701,Supplier,W2,SKU_B,6,58
1701,Supplier,W2,SKU_C,6,115
1701,Supplier,W2,SKU_D,6,88
1701,Supplier,W2,SKU_E,6,70
1701,W1,R1,SKU_A,2,311
1701,W1,R1,SKU_B,2,122
1701,W1,R1,SKU_D,2,129
1701,W1,R1,SKU_E,2,86
1701,W1,R1,SKU_C,2,255
1701,W1,R2,SKU_E,3,90
1701,W1,R2,SKU_A,3,206
1701,W1,R2,SKU_B,3,101
1701,W1,R2,SKU_C,3,199
1701,W1,R2,SKU_D,3,84
1701,W2,R3,SKU_A,4,178
1701,W2,R3,SKU_B,4,76
1701,W2,R3,SKU_C,4,116
1701,W2,R3,SKU_D,4,89
1701,W2,R3,SKU_E,4,80
1702,Supplier,W2,SKU_A,6,178
1702,Supplier,W2,SKU_B,6,76
1702,Supplier,W2,SKU_C,6,116
1702,Supplier,W2,SKU_D,6,89
1702,Supplier,W2,SKU_E,6,80
1702,W1,R1,SKU_A,2,174
1702,W1,R1,SKU_B,2,91
1702,W1,R1,SKU_C,2,175
1702,W1,R1,SKU_D,2,78
1702,W1,R1,SKU_E,2,53
1702,W1,R2,SKU_A,3,124
1702,W1,R2,SKU_B,3,83
1702,W1,R2,SKU_C,3,143
1702,W1,R2,SKU_D,3,63
1702,W1,R2,SKU_E,3,56
1702,W2,R3,SKU_A,4,225
1702,W2,R3,SKU_B,4,95
1702,W2,R3,SKU_C,4,176
1702,W2,R3,SKU_D,4,141
1702,W2,R3,SKU_E,4,99
1703,Supplier,W1,SKU_A,5,569
1703,Supplier,W1,SKU_B,5,298
1703,Supplier,W1,SKU_C,5,441
1703,Supplier,W1,SKU_D,5,233
1703,Supplier,W1,SKU_E,5,200
1703,Supplier,W2,SKU_A,6,225
1703,Supplier,W2,SKU_B,6,95
1703,Supplier,W2,SKU_C,6,176
1703,Supplier,W2,SKU_D,6,141
1703,Supplier,W2,SKU_E,6,99
1703,W1,R1,SKU_A,2,178
1703,W1,R1,SKU_B,2,105
1703,W1,R1,SKU_C,2,42
1703,W1,R1,SKU_D,2,69
1703,W1,R1,SKU_E,2,37
1703,W1,R2,SKU_A,3,46
1703,W1,R2,SKU_B,3,55
1703,W1,R2,SKU_D,3,56
1703,W1,R2,SKU_E,3,48
1703,W2,R3,SKU_A,4,201
1703,W2,R3,SKU_B,4,59
1703,W2,R3,SKU_C,4,109
1703,W2,R3,SKU_D,4,78
1703,W2,R3,SKU_E,4,77
1704,Supplier,W2,SKU_A,6,201
1704,Supplier,W2,SKU_B,6,59
1704,Supplier,W2,SKU_C,6,109
1704,Supplier,W2,SKU_D,6,78
1704,Supplier,W2,SKU_E,6,77
1704,W1,R1,SKU_A,2,108
1704,W1,R1,SKU_B,2,69
1704,W1,R1,SKU_C,2,148
1704,W1,R1,SKU_D,2,33
1704,W1,R1,SKU_E,2,35
1704,W1,R2,SKU_A,3,150
1704,W1,R2,SKU_B,3,54
1704,W1,R2,SKU_C,3,101
1704,W1,R2,SKU_D,3,35
1704,W1,R2,SKU_E,3,37
1704,W2,R3,SKU_A,4,136
1704,W2,R3,SKU_B,4,61
1704,W2,R3,SKU_C,4,79
1704,W2,R3,SKU_D,4,66
1704,W2,R3,SKU_E,4,81
1705,Supplier,W1,SKU_A,5,482
1705,Supplier,W1,SKU_B,5,283
1705,Supplier,W1,SKU_C,5,291
1705,Supplier,W1,SKU_D,5,193
1705,Supplier,W1,SKU_E,5,157
1705,Supplier,W2,SKU_A,6,136
1705,Supplier,W2,SKU_B,6,61
1705,Supplier,W2,SKU_C,6,79
1705,Supplier,W2,SKU_D,6,66
1705,Supplier,W2,SKU_E,6,81
1705,W1,R2,SKU_A,3,60
1705,W1,R2,SKU_B,3,31
1705,W1,R2,SKU_D,3,41
1705,W1,R2,SKU_E,3,31
1706,Supplier,W2,SKU_A,6,150
1706,Supplier,W2,SKU_B,6,38
1706,Supplier,W2,SKU_C,6,57
1706,Supplier,W2,SKU_D,6,68
1706,Supplier,W2,SKU_E,6,64
1706,W1,R1,SKU_A,2,182
1706,W1,R1,SKU_B,2,84
1706,W1,R1,SKU_C,2,136
1706,W1,R1,SKU_D,2,102
1706,W1,R1,SKU_E,2,81
1706,W1,R2,SKU_A,3,69
1706,W1,R2,SKU_B,3,42
1706,W1,R2,SKU_C,3,60
1706,W1,R2,SKU_D,3,32
1706,W1,R2,SKU_E,3,26
1706,W2,R3,SKU_A,4,283
1706,W2,R3,SKU_B,4,86
1706,W2,R3,SKU_C,4,138
1706,W2,R3,SKU_D,4,148
1706,W2,R3,SKU_E,4,131
1707,Supplier,W1,SKU_A,5,311
1707,Supplier,W1,SKU_B,5,157
1707,Supplier,W1,SKU_C,5,196
1707,Supplier,W1,SKU_D,5,175
1707,Supplier,W1,SKU_E,5,138
1707,Supplier,W2,SKU_A,6,133
1707,Supplier,W2,SKU_B,6,48
1707,Supplier,W2,SKU_C,6,81
1707,Supplier,W2,SKU_D,6,80
1707,Supplier,W2,SKU_E,6,67
1707,W1,R1,SKU_A,2,126
1707,W1,R1,SKU_B,2,71
1707,W1,R1,SKU_C,2,108
1707,W1,R1,SKU_D,2,57
1707,W1,R1,SKU_E,2,42
1707,W1,R2,SKU_A,3,82
1707,W1,R2,SKU_B,3,54
1707,W1,R2,SKU_C,3,48
1707,W1,R2,SKU_D,3,53
1707,W1,R2,SKU_E,3,38
1707,W2,R3,SKU_A,4,195
1707,W2,R3,SKU_B,4,68
1707,W2,R3,SKU_C,4,108
1707,W2,R3,SKU_D,4,107
1707,W2,R3,SKU_E,4,88
1708,Supplier,W2,SKU_A,6,195
1708,Supplier,W2,SKU_B,6,68
1708,Supplier,W2,SKU_C,6,108
1708,Supplier,W2,SKU_D,6,107
1708,Supplier,W2,SKU_E,6,88
1708,W1,R1,SKU_A,2,179
1708,W1,R1,SKU_B,2,51
1708,W1,R1,SKU_C,2,113
1708,W1,R1,SKU_D,2,79
1708,W1,R1,SKU_E,2,52
1708,W1,R2,SKU_A,3,110
1708,W1,R2,SKU_B,3,64
1708,W1,R2,SKU_C,3,53
1708,W1,R2,SKU_D,3,62
1708,W1,R2,SKU_E,3,55
1708,W2,R3,SKU_A,4,200
1708,W2,R3,SKU_B,4,75
1708,W2,R3,SKU_C,4,107
1708,W2,R3,SKU_D,4,129
1708,W2,R3,SKU_E,4,87
1709,Supplier,W1,SKU_A,5,497
1709,Supplier,W1,SKU_B,5,240
1709,Supplier,W1,SKU_C,5,322
1709,Supplier,W1,SKU_D,5,251
1709,Supplier,W1,SKU_E,5,187
1709,Supplier,W2,SKU_A,6,200
1709,Supplier,W2,SKU_B,6,75
1709,Supplier,W2,SKU_C,6,107
1709,Supplier,W2,SKU_D,6,129
1709,Supplier,W2,SKU_E,6,87
1709,W1,R1,SKU_A,2,197
1709,W1,R1,SKU_B,2,99
1709,W1,R1,SKU_C,2,176
1709,W1,R1,SKU_D,2,94
1709,W1,R1,SKU_E,2,60
1709,W1,R2,SKU_A,3,133
1709,W1,R2,SKU_B,3,85
1709,W1,R2,SKU_C,3,80
1709,W1,R2,SKU_D,3,68
1709,W1,R2,SKU_E,3,71
1709,W2,R3,SKU_A,4,236
1709,W2,R3,SKU_B,4,77
1709,W2,R3,SKU_C,4,163
1709,W2,R3,SKU_D,4,112
1709,W2,R3,SKU_E,4,132
1710,Supplier,W1,SKU_A,5,330
1710,Supplier,W1,SKU_B,5,184
1710,Supplier,W1,SKU_C,5,256
1710,Supplier,W1,SKU_D,5,162
1710,Supplier,W1,SKU_E,5,131
1710,Supplier,W2,SKU_A,6,236
1710,Supplier,W2,SKU_B,6,77
1710,Supplier,W2,SKU_C,6,163
1710,Supplier,W2,SKU_D,6,112
1710,Supplier,W2,SKU_E,6,132
1710,W1,R1,SKU_A,2,233
1710,W1,R1,SKU_B,2,102
1710,W1,R1,SKU_C,2,175
1710,W1,R1,SKU_D,2,91
1710,W1,R1,SKU_E,2,55
1710,W1,R2,SKU_A,3,133
1710,W1,R2,SKU_B,3,75
1710,W1,R2,SKU_C,3,73
1710,W1,R2,SKU_D,3,68
1710,W1,R2,SKU_E,3,72
1710,W2,R3,SKU_A,4,220
1710,W2,R3,SKU_B,4,64
1710,W2,R3,SKU_C,4,147
1710,W2,R3,SKU_D,4,108
1710,W2,R3,SKU_E,4,80
1711,Supplier,W1,SKU_A,5,366
1711,Supplier,W1,SKU_B,5,177
1711,Supplier,W1,SKU_C,5,248
1711,Supplier,W1,SKU_D,5,159
1711,Supplier,W1,SKU_E,5,127
1711,Supplier,W2,SKU_A,6,220
1711,Supplier,W2,SKU_B,6,64
1711,Supplier,W2,SKU_C,6,147
1711,Supplier,W2,SKU_D,6,108
1711,Supplier,W2,SKU_E,6,80
1711,W1,R2,SKU_A,3,115
1711,W1,R2,SKU_B,3,54
1711,W1,R2,SKU_D,3,14
1711,W1,R2,SKU_E,3,45
1711,W2,R3,SKU_A,4,210
1711,W2,R3,SKU_B,4,45
1711,W2,R3,SKU_C,4,94
1711,W2,R3,SKU_D,4,86
1711,W2,R3,SKU_E,4,78
1712,Supplier,W2,SKU_A,6,210
1712,Supplier,W2,SKU_B,6,45
1712,Supplier,W2,SKU_C,6,94
1712,Supplier,W2,SKU_D,6,86
1712,Supplier,W2,SKU_E,6,78
1712,W1,R1,SKU_A,2,252
1712,W1,R1,SKU_B,2,110
1712,W1,R1,SKU_C,2,195
1712,W1,R1,SKU_D,2,117
1712,W1,R1,SKU_E,2,74
1712,W1,R2,SKU_A,3,124
1712,W1,R2,SKU_B,3,45
1712,W1,R2,SKU_C,3,72
1712,W1,R2,SKU_D,3,72
1712,W1,R2,SKU_E,3,38
1712,W2,R3,SKU_A,4,216
1712,W2,R3,SKU_B,4,45
1712,W2,R3,SKU_C,4,128
1712,W2,R3,SKU_D,4,96
1712,W2,R3,SKU_E,4,85
1713,Supplier,W1,SKU_A,5,491
1713,Supplier,W1,SKU_B,5,209
1713,Supplier,W1,SKU_C,5,322
1713,Supplier,W1,SKU_D,5,203
1713,Supplier,W1,SKU_E,5,157
1713,Supplier,W2,SKU_A,6,216
1713,Supplier,W2,SKU_B,6,45
1713,Supplier,W2,SKU_C,6,128
1713,Supplier,W2,SKU_D,6,96
1713,Supplier,W2,SKU_E,6,85
1713,W1,R2,SKU_B,3,50
1713,W1,R2,SKU_E,3,41
1713,W2,R3,SKU_A,4,186
1713,W2,R3,SKU_B,4,47
1713,W2,R3,SKU_C,4,105
1713,W2,R3,SKU_D,4,101
1713,W2,R3,SKU_E,4,74
1714,Supplier,W2,SKU_A,6,186
1714,Supplier,W2,SKU_B,6,47
1714,Supplier,W2,SKU_C,6,105
1714,Supplier,W2,SKU_D,6,101
1714,Supplier,W2,SKU_E,6,74
1714,W1,R1,SKU_A,2,250
1714,W1,R1,SKU_B,2,93
1714,W1,R1,SKU_D,2,129
1714,W1,R1,SKU_E,2,55
1714,W1,R1,SKU_C,2,195
1714,W1,R2,SKU_A,3,212
1714,W1,R2,SKU_B,3,81
1714,W1,R2,SKU_C,3,127
1714,W1,R2,SKU_D,3,73
1714,W1,R2,SKU_E,3,46
1714,W2,R3,SKU_A,4,164
1714,W2,R3,SKU_B,4,59
1714,W2,R3,SKU_C,4,119
1714,W2,R3,SKU_D,4,101
1714,W2,R3,SKU_E,4,87
1715,Supplier,W1,SKU_A,5,462
1715,Supplier,W1,SKU_B,5,224
1715,Supplier,W1,SKU_C,5,297
1715,Supplier,W1,SKU_D,5,202
1715,Supplier,W1,SKU_E,5,142
1715,Supplier,W2,SKU_A,6,164
1715,Supplier,W2,SKU_B,6,59
1715,Supplier,W2,SKU_C,6,119
1715,Supplier,W2,SKU_D,6,101
1715,Supplier,W2,SKU_E,6,87
1715,W1,R1,SKU_A,2,158
1715,W1,R1,SKU_B,2,64
1715,W1,R1,SKU_C,2,150
1715,W1,R1,SKU_D,2,92
1715,W1,R1,SKU_E,2,37
1715,W1,R2,SKU_A,3,116
1715,W1,R2,SKU_B,3,69
1715,W1,R2,SKU_C,3,92
1715,W1,R2,SKU_D,3,58
1715,W1,R2,SKU_E,3,59
1715,W2,R3,SKU_A,4,201
1715,W2,R3,SKU_B,4,72
1715,W2,R3,SKU_C,4,117
1715,W2,R3,SKU_D,4,111
1715,W2,R3,SKU_E,4,70
1716,Supplier,W2,SKU_A,6,201
1716,Supplier,W2,SKU_B,6,72
1716,Supplier,W2,SKU_C,6,117
1716,Supplier,W2,SKU_D,6,111
1716,Supplier,W2,SKU_E,6,70
1716,W1,R1,SKU_A,2,228
1716,W1,R1,SKU_B,2,72
1716,W1,R1,SKU_C,2,141
1716,W1,R1,SKU_D,2,108
1716,W1,R1,SKU_E,2,60
1716,W1,R2,SKU_A,3,119
1716,W1,R2,SKU_B,3,58
1716,W1,R2,SKU_C,3,71
1716,W1,R2,SKU_D,3,45
1716,W1,R2,SKU_E,3,53
1716,W2,R3,SKU_A,4,236
1716,W2,R3,SKU_B,4,89
1716,W2,R3,SKU_C,4,169
1716,W2,R3,SKU_D,4,120
1716,W2,R3,SKU_E,4,99
1717,Supplier,W1,SKU_A,5,621
1717,Supplier,W1,SKU_B,5,263
1717,Supplier,W1,SKU_C,5,424
1717,Supplier,W1,SKU_D,5,303
1717,Supplier,W1,SKU_E,5,209
1717,Supplier,W2,SKU_A,6,236
1717,Supplier,W2,SKU_B,6,89
1717,Supplier,W2,SKU_C,6,169
1717,Supplier,W2,SKU_D,6,120
1717,Supplier,W2,SKU_E,6,99
1717,W1,R1,SKU_A,2,162
1717,W1,R1,SKU_B,2,88
1717,W1,R1,SKU_C,2,50
1717,W1,R1,SKU_D,2,91
1717,W1,R1,SKU_E,2,49
1717,W1,R2,SKU_B,3,75
1717,W1,R2,SKU_D,3,26
1717,W1,R2,SKU_E,3,63
1717,W2,R3,SKU_A,4,271
1717,W2,R3,SKU_B,4,91
1717,W2,R3,SKU_C,4,187
1717,W2,R3,SKU_D,4,122
1717,W2,R3,SKU_E,4,112
1718,Supplier,W1,SKU_A,5,336
1718,Supplier,W1,SKU_B,5,163
1718,Supplier,W1,SKU_C,5,263
1718,Supplier,W1,SKU_D,5,149
1718,Supplier,W1,SKU_E,5,112
1718,Supplier,W2,SKU_A,6,271
1718,Supplier,W2,SKU_B,6,91
1718,Supplier,W2,SKU_C,6,187
1718,Supplier,W2,SKU_D,6,122
1718,Supplier,W2,SKU_E,6,112
1718,W1,R1,SKU_A,2,217
1718,W1,R1,SKU_B,2,71
1718,W1,R1,SKU_C,2,274
1718,W1,R1,SKU_D,2,73
1718,W1,R1,SKU_E,2,50
1718,W1,R2,SKU_A,3,238
1718,W1,R2,SKU_B,3,71
1718,W1,R2,SKU_C,3,48
1718,W1,R2,SKU_D,3,103
1718,W1,R2,SKU_E,3,53
1718,W2,R3,SKU_A,4,204
1718,W2,R3,SKU_B,4,57
1718,W2,R3,SKU_C,4,106
1718,W2,R3,SKU_D,4,91
1718,W2,R3,SKU_E,4,102
1719,Supplier,W2,SKU_A,6,204
1719,Supplier,W2,SKU_B,6,57
1719,Supplier,W2,SKU_C,6,106
1719,Supplier,W2,SKU_D,6,91
1719,Supplier,W2,SKU_E,6,102
1719,W1,R2,SKU_B,3,59
1719,W1,R2,SKU_E,3,40
1719,W2,R3,SKU_A,4,218
1719,W2,R3,SKU_B,4,65
1719,W2,R3,SKU_C,4,98
1719,W2,R3,SKU_D,4,92
1719,W2,R3,SKU_E,4,96
1720,Supplier,W1,SKU_A,5,529
1720,Supplier,W1,SKU_B,5,254
1720,Supplier,W1,SKU_C,5,369
1720,Supplier,W1,SKU_D,5,248
1720,Supplier,W1,SKU_E,5,189
1720,Supplier,W2,SKU_A,6,218
1720,Supplier,W2,SKU_B,6,65
1720,Supplier,W2,SKU_C,6,98
1720,Supplier,W2,SKU_D,6,92
1720,Supplier,W2,SKU_E,6,96
1720,W1,R1,SKU_A,2,279
1720,W1,R1,SKU_B,2,103
1720,W1,R1,SKU_D,2,107
1720,W1,R1,SKU_E,2,91
1720,W1,R1,SKU_C,2,200
1720,W1,R2,SKU_A,3,205
1720,W1,R2,SKU_B,3,46
1720,W1,R2,SKU_C,3,97
1720,W1,R2,SKU_D,3,107
1720,W1,R2,SKU_E,3,43
1720,W2,R3,SKU_A,4,178
1720,W2,R3,SKU_B,4,55
1720,W2,R3,SKU_C,4,77
1720,W2,R3,SKU_D,4,83
1720,W2,R3,SKU_E,4,69
1721,Supplier,W2,SKU_A,6,178
1721,Supplier,W2,SKU_B,6,55
1721,Supplier,W2,SKU_C,6,77
1721,Supplier,W2,SKU_D,6,83
1721,Supplier,W2,SKU_E,6,69
1721,W1,R2,SKU_B,3,63
1721,W1,R2,SKU_E,3,61
1721,W2,R3,SKU_A,4,181
1721,W2,R3,SKU_B,4,62
1721,W2,R3,SKU_C,4,94
1721,W2,R3,SKU_D,4,104
1721,W2,R3,SKU_E,4,91
1722,Supplier,W1,SKU_A,5,479
1722,Supplier,W1,SKU_B,5,214
1722,Supplier,W1,SKU_C,5,278
1722,Supplier,W1,SKU_D,5,204
1722,Supplier,W1,SKU_E,5,186
1722,Supplier,W2,SKU_A,6,181
1722,Supplier,W2,SKU_B,6,62
1722,Supplier,W2,SKU_C,6,94
1722,Supplier,W2,SKU_D,6,104
1722,Supplier,W2,SKU_E,6,91
1722,W1,R1,SKU_A,2,285
1722,W1,R1,SKU_B,2,121
1722,W1,R1,SKU_D,2,136
1722,W1,R1,SKU_E,2,85
1722,W1,R1,SKU_C,2,187
1722,W1,R2,SKU_A,3,226
1722,W1,R2,SKU_B,3,67
1722,W1,R2,SKU_C,3,225
1722,W1,R2,SKU_D,3,109
1722,W1,R2,SKU_E,3,58
1722,W2,R3,SKU_A,4,227
1722,W2,R3,SKU_B,4,49
1722,W2,R3,SKU_C,4,143
1722,W2,R3,SKU_D,4,102
1722,W2,R3,SKU_E,4,79
1723,Supplier,W2,SKU_A,6,227
1723,Supplier,W2,SKU_B,6,49
1723,Supplier,W2,SKU_C,6,143
1723,Supplier,W2,SKU_D,6,102
1723,Supplier,W2,SKU_E,6,110
1723,W1,R1,SKU_A,2,192
1723,W1,R1,SKU_B,2,85
1723,W1,R1,SKU_C,2,164
1723,W1,R1,SKU_D,2,90
1723,W1,R1,SKU_E,2,43
1723,W1,R2,SKU_A,3,117
1723,W1,R2,SKU_B,3,74
1723,W1,R2,SKU_C,3,85
1723,W1,R2,SKU_D,3,57
1723,W1,R2,SKU_E,3,55
1723,W2,R3,SKU_A,4,233
1723,W2,R3,SKU_B,4,68
1723,W2,R3,SKU_C,4,167
1723,W2,R3,SKU_D,4,131
1723,W2,R3,SKU_E,4,99
1724,Supplier,W1,SKU_A,5,577
1724,Supplier,W1,SKU_B,5,292
1724,Supplier,W1,SKU_C,5,420
1724,Supplier,W1,SKU_D,5,298
1724,Supplier,W1,SKU_E,5,204
1724,Supplier,W2,SKU_A,6,233
1724,Supplier,W2,SKU_B,6,68
1724,Supplier,W2,SKU_C,6,167
1724,Supplier,W2,SKU_D,6,131
1724,Supplier,W2,SKU_E,6,111
1724,W1,R1,SKU_A,2,151
1724,W1,R1,SKU_B,2,75
1724,W1,R1,SKU_C,2,26
1724,W1,R1,SKU_D,2,75
1724,W1,R1,SKU_E,2,55
1724,W1,R2,SKU_B,3,68
1724,W1,R2,SKU_E,3,62
1724,W2,R3,SKU_A,4,250
1724,W2,R3,SKU_B,4,75
1724,W2,R3,SKU_C,4,150
1724,W2,R3,SKU_D,4,122
1724,W2,R3,SKU_E,4,112
1725,Supplier,W2,SKU_A,6,250
1725,Supplier,W2,SKU_B,6,75
1725,Supplier,W2,SKU_C,6,150
1725,Supplier,W2,SKU_D,6,122
1725,Supplier,W2,SKU_E,6,92
1725,W1,R1,SKU_A,2,146
1725,W1,R1,SKU_B,2,54
1725,W1,R1,SKU_C,2,175
1725,W1,R1,SKU_D,2,68
1725,W1,R1,SKU_E,2,32
1725,W1,R2,SKU_A,3,206
1725,W1,R2,SKU_B,3,40
1725,W1,R2,SKU_C,3,94
1725,W1,R2,SKU_D,3,90
1725,W1,R2,SKU_E,3,54
1725,W2,R3,SKU_A,4,181
1725,W2,R3,SKU_B,4,59
1725,W2,R3,SKU_C,4,93
1725,W2,R3,SKU_D,4,76
1725,W2,R3,SKU_E,4,102
1726,Supplier,W1,SKU_A,5,503
1726,Supplier,W1,SKU_B,5,237
1726,Supplier,W1,SKU_C,5,295
1726,Supplier,W1,SKU_D,5,233
1726,Supplier,W1,SKU_E,5,203
1726,Supplier,W2,SKU_A,6,181
1726,Supplier,W2,SKU_B,6,59
1726,Supplier,W2,SKU_C,6,93
1726,Supplier,W2,SKU_D,6,76
1726,Supplier,W2,SKU_E,6,79
1726,W1,R2,SKU_A,3,63
1726,W1,R2,SKU_B,3,32
1726,W1,R2,SKU_C,3,31
1726,W1,R2,SKU_D,3,32
1726,W1,R2,SKU_E,3,38
1726,W2,R3,SKU_A,4,155
1726,W2,R3,SKU_B,4,56
1726,W2,R3,SKU_C,4,74
1726,W2,R3,SKU_D,4,68
1726,W2,R3,SKU_E,4,85
1727,Supplier,W2,SKU_A,6,155
1727,Supplier,W2,SKU_B,6,56
1727,Supplier,W2,SKU_C,6,74
1727,Supplier,W2,SKU_D,6,68
1727,Supplier,W2,SKU_E,6,85
1727,W1,R1,SKU_A,2,230
1727,W1,R1,SKU_B,2,102
1727,W1,R1,SKU_C,2,164
1727,W1,R1,SKU_D,2,88
1727,W1,R1,SKU_E,2,80
1727,W1,R2,SKU_A,3,91
1727,W1,R2,SKU_B,3,56
1727,W1,R2,SKU_C,3,78
1727,W1,R2,SKU_D,3,38
1727,W1,R2,SKU_E,3,37
1727,W2,R3,SKU_A,4,140
1727,W2,R3,SKU_B,4,63
1727,W2,R3,SKU_C,4,84
1727,W2,R3,SKU_D,4,76
1727,W2,R3,SKU_E,4,73
1728,Supplier,W1,SKU_A,5,384
1728,Supplier,W1,SKU_B,5,190
1728,Supplier,W1,SKU_C,5,273
1728,Supplier,W1,SKU_D,5,158
1728,Supplier,W1,SKU_E,5,155
1728,Supplier,W2,SKU_A,6,140
1728,Supplier,W2,SKU_B,6,63
1728,Supplier,W2,SKU_C,6,84
1728,Supplier,W2,SKU_D,6,76
1728,Supplier,W2,SKU_E,6,73
1728,W1,R2,SKU_A,3,99
1728,W1,R2,SKU_B,3,47
1728,W1,R2,SKU_C,3,31
1728,W1,R2,SKU_D,3,39
1728,W1,R2,SKU_E,3,53
1728,W2,R3,SKU_A,4,178
1728,W2,R3,SKU_B,4,63
1728,W2,R3,SKU_C,4,94
1728,W2,R3,SKU_D,4,104
1728,W2,R3,SKU_E,4,71
1729,Supplier,W2,SKU_A,6,178
1729,Supplier,W2,SKU_B,6,63
1729,Supplier,W2,SKU_C,6,94
1729,Supplier,W2,SKU_D,6,104
1729,Supplier,W2,SKU_E,6,71
1729,W1,R1,SKU_A,2,273
1729,W1,R1,SKU_B,2,137
1729,W1,R1,SKU_C,2,188
1729,W1,R1,SKU_D,2,123
1729,W1,R1,SKU_E,2,94
1729,W1,R2,SKU_A,3,92
1729,W1,R2,SKU_B,3,59
1729,W1,R2,SKU_C,3,67
1729,W1,R2,SKU_D,3,40
1729,W1,R2,SKU_E,3,57
1729,W2,R3,SKU_A,4,226
1729,W2,R3,SKU_B,4,61
1729,W2,R3,SKU_C,4,106
1729,W2,R3,SKU_D,4,109
1729,W2,R3,SKU_E,4,74
1730,Supplier,W1,SKU_A,5,464
1730,Supplier,W1,SKU_B,5,243
1730,Supplier,W1,SKU_C,5,286
1730,Supplier,W1,SKU_D,5,202
1730,Supplier,W1,SKU_E,5,204
1730,Supplier,W2,SKU_A,6,226
1730,Supplier,W2,SKU_B,6,61
1730,Supplier,W2,SKU_C,6,106
1730,Supplier,W2,SKU_D,6,109
1730,Supplier,W2,SKU_E,6,74
1730,W1,R1,SKU_A,2,170
1730,W1,R1,SKU_B,2,90
1730,W1,R1,SKU_C,2,145
1730,W1,R1,SKU_D,2,87
1730,W1,R1,SKU_E,2,40
1730,W1,R2,SKU_A,3,100
1730,W1,R2,SKU_B,3,71
1730,W1,R2,SKU_C,3,87
1730,W1,R2,SKU_D,3,59
1730,W1,R2,SKU_E,3,47
1730,W2,R3,SKU_A,4,189
1730,W2,R3,SKU_B,4,71
1730,W2,R3,SKU_C,4,123
1730,W2,R3,SKU_D,4,129
1730,W2,R3,SKU_E,4,74
1731,Supplier,W2,SKU_A,6,189
1731,Supplier,W2,SKU_B,6,71
1731,Supplier,W2,SKU_C,6,123
1731,Supplier,W2,SKU_D,6,129
1731,Supplier,W2,SKU_E,6,74
1731,W1,R1,SKU_A,2,187
1731,W1,R1,SKU_B,2,85
1731,W1,R1,SKU_C,2,123
1731,W1,R1,SKU_D,2,94
1731,W1,R1,SKU_E,2,54
1731,W1,R2,SKU_A,3,137
1731,W1,R2,SKU_B,3,62
1731,W1,R2,SKU_C,3,61
1731,W1,R2,SKU_D,3,53
1731,W1,R2,SKU_E,3,52
1731,W2,R3,SKU_A,4,185
1731,W2,R3,SKU_B,4,61
1731,W2,R3,SKU_C,4,86
1731,W2,R3,SKU_D,4,88
1731,W2,R3,SKU_E,4,85
1732,Supplier,W1,SKU_A,5,594
1732,Supplier,W1,SKU_B,5,308
1732,Supplier,W1,SKU_C,5,416
1732,Supplier,W1,SKU_D,5,293
1732,Supplier,W1,SKU_E,5,193
1732,Supplier,W2,SKU_A,6,185
1732,Supplier,W2,SKU_B,6,61
1732,Supplier,W2,SKU_C,6,86
1732,Supplier,W2,SKU_D,6,88
1732,Supplier,W2,SKU_E,6,85
1732,W1,R2,SKU_A,3,105
1732,W1,R2,SKU_B,3,30
1732,W1,R2,SKU_C,3,46
1732,W1,R2,SKU_D,3,50
1732,W1,R2,SKU_E,3,39
1732,W2,R3,SKU_A,4,179
1732,W2,R3,SKU_B,4,44
1732,W2,R3,SKU_C,4,86
1732,W2,R3,SKU_D,4,75
1732,W2,R3,SKU_E,4,85
1733,Supplier,W2,SKU_A,6,179
1733,Supplier,W2,SKU_B,6,44
1733,Supplier,W2,SKU_C,6,86
1733,Supplier,W2,SKU_D,6,75
1733,Supplier,W2,SKU_E,6,85
1733,W1,R1,SKU_A,2,279
1733,W1,R1,SKU_B,2,98
1733,W1,R1,SKU_C,2,160
1733,W1,R1,SKU_D,2,115
1733,W1,R1,SKU_E,2,75
1733,W1,R2,SKU_A,3,97
1733,W1,R2,SKU_B,3,31
1733,W1,R2,SKU_C,3,36
1733,W1,R2,SKU_D,3,43
1733,W1,R2,SKU_E,3,31
1733,W2,R3,SKU_A,4,176
1733,W2,R3,SKU_B,4,60
1733,W2,R3,SKU_C,4,75
1733,W2,R3,SKU_D,4,82
1733,W2,R3,SKU_E,4,73
1734,Supplier,W1,SKU_A,5,481
1734,Supplier,W1,SKU_B,5,159
1734,Supplier,W1,SKU_C,5,242
1734,Supplier,W1,SKU_D,5,208
1734,Supplier,W1,SKU_E,5,145
1734,Supplier,W2,SKU_A,6,176
1734,Supplier,W2,SKU_B,6,60
1734,Supplier,W2,SKU_C,6,75
1734,Supplier,W2,SKU_D,6,82
1734,Supplier,W2,SKU_E,6,73
1734,W1,R2,SKU_A,3,71
1734,W1,R2,SKU_B,3,42
1734,W1,R2,SKU_C,3,52
1734,W1,R2,SKU_D,3,38
1734,W1,R2,SKU_E,3,26
1734,W2,R3,SKU_A,4,168
1734,W2,R3,SKU_B,4,65
1734,W2,R3,SKU_C,4,83
1734,W2,R3,SKU_D,4,107
1734,W2,R3,SKU_E,4,70
1735,Supplier,W2,SKU_A,6,168
1735,Supplier,W2,SKU_B,6,65
1735,Supplier,W2,SKU_C,6,83
1735,Supplier,W2,SKU_D,6,107
1735,Supplier,W2,SKU_E,6,70
1735,W1,R1,SKU_A,2,288
1735,W1,R1,SKU_B,2,91
1735,W1,R1,SKU_C,2,193
1735,W1,R1,SKU_D,2,135
1735,W1,R1,SKU_E,2,72
1735,W1,R2,SKU_A,3,129
1735,W1,R2,SKU_B,3,50
1735,W1,R2,SKU_C,3,58
1735,W1,R2,SKU_D,3,59
1735,W1,R2,SKU_E,3,35
1735,W2,R3,SKU_A,4,219
1735,W2,R3,SKU_B,4,61
1735,W2,R3,SKU_C,4,115
1735,W2,R3,SKU_D,4,109
1735,W2,R3,SKU_E,4,69
1736,Supplier,W1,SKU_A,5,488
1736,Supplier,W1,SKU_B,5,183
1736,Supplier,W1,SKU_C,5,303
1736,Supplier,W1,SKU_D,5,232
1736,Supplier,W1,SKU_E,5,133
1736,Supplier,W2,SKU_A,6,219
1736,Supplier,W2,SKU_B,6,61
1736,Supplier,W2,SKU_C,6,115
1736,Supplier,W2,SKU_D,6,109
1736,Supplier,W2,SKU_E,6,69
1736,W1,R1,SKU_A,2,167
1736,W1,R1,SKU_B,2,92
1736,W1,R1,SKU_C,2,132
1736,W1,R1,SKU_D,2,92
1736,W1,R1,SKU_E,2,56
1736,W1,R2,SKU_A,3,6
1736,W1,R2,SKU_B,3,62
1736,W1,R2,SKU_E,3,51
1736,W2,R3,SKU_A,4,235
1736,W2,R3,SKU_B,4,73
1736,W2,R3,SKU_C,4,102
1736,W2,R3,SKU_D,4,93
1736,W2,R3,SKU_E,4,89
1737,Supplier,W2,SKU_A,6,235
1737,Supplier,W2,SKU_B,6,73
1737,Supplier,W2,SKU_C,6,102
1737,Supplier,W2,SKU_D,6,93
1737,Supplier,W2,SKU_E,6,89
1737,W1,R1,SKU_A,2,222
1737,W1,R1,SKU_B,2,118
1737,W1,R1,SKU_C,2,169
1737,W1,R1,SKU_D,2,101
1737,W1,R1,SKU_E,2,57
1737,W1,R2,SKU_A,3,276
1737,W1,R2,SKU_B,3,72
1737,W1,R2,SKU_C,3,149
1737,W1,R2,SKU_D,3,150
1737,W1,R2,SKU_E,3,76
1737,W2,R3,SKU_A,4,213
1737,W2,R3,SKU_B,4,70
1737,W2,R3,SKU_C,4,105
1737,W2,R3,SKU_D,4,81
1737,W2,R3,SKU_E,4,100
1738,Supplier,W1,SKU_A,5,671
1738,Supplier,W1,SKU_B,5,344
1738,Supplier,W1,SKU_C,5,450
1738,Supplier,W1,SKU_D,5,343
1738,Supplier,W1,SKU_E,5,240
1738,Supplier,W2,SKU_A,6,213
1738,Supplier,W2,SKU_B,6,70
1738,Supplier,W2,SKU_C,6,105
1738,Supplier,W2,SKU_D,6,81
1738,Supplier,W2,SKU_E,6,100
1738,W1,R1,SKU_A,2,96
1738,W1,R1,SKU_B,2,91
1738,W1,R1,SKU_C,2,98
1738,W1,R1,SKU_D,2,42
1738,W1,R1,SKU_E,2,64
1738,W1,R2,SKU_B,3,44
1738,W1,R2,SKU_E,3,46
1738,W2,R3,SKU_A,4,224
1738,W2,R3,SKU_B,4,58
1738,W2,R3,SKU_C,4,78
1738,W2,R3,SKU_D,4,93
1738,W2,R3,SKU_E,4,100
1739,Supplier,W2,SKU_A,6,224
1739,Supplier,W2,SKU_B,6,58
1739,Supplier,W2,SKU_C,6,78
1739,Supplier,W2,SKU_D,6,93
1739,Supplier,W2,SKU_E,6,100
1739,W1,R1,SKU_A,2,184
1739,W1,R1,SKU_B,2,48
1739,W1,R1,SKU_C,2,70
1739,W1,R1,SKU_D,2,100
1739,W1,R1,SKU_E,2,41
1739,W1,R2,SKU_A,3,209
1739,W1,R2,SKU_B,3,44
1739,W1,R2,SKU_C,3,128
1739,W1,R2,SKU_D,3,91
1739,W1,R2,SKU_E,3,44
1740,Supplier,W1,SKU_A,5,489
1740,Supplier,W1,SKU_B,5,227
1740,Supplier,W1,SKU_C,5,296
1740,Supplier,W1,SKU_D,5,233
1740,Supplier,W1,SKU_E,5,195
1740,Supplier,W2,SKU_A,6,170
1740,Supplier,W2,SKU_B,6,48
1740,Supplier,W2,SKU_C,6,75
1740,Supplier,W2,SKU_D,6,54
1740,Supplier,W2,SKU_E,6,75
1740,W1,R2,SKU_B,3,46
1740,W1,R2,SKU_E,3,46
1740,W2,R3,SKU_A,4,338
1740,W2,R3,SKU_B,4,89
1740,W2,R3,SKU_C,4,156
1740,W2,R3,SKU_D,4,144
1740,W2,R3,SKU_E,4,169
1741,Supplier,W2,SKU_A,6,168
1741,Supplier,W2,SKU_B,6,41
1741,Supplier,W2,SKU_C,6,81
1741,Supplier,W2,SKU_D,6,90
1741,Supplier,W2,SKU_E,6,94
1741,W1,R1,SKU_A,2,259
1741,W1,R1,SKU_B,2,106
1741,W1,R1,SKU_C,2,120
1741,W1,R1,SKU_D,2,92
1741,W1,R1,SKU_E,2,75
1741,W1,R2,SKU_A,3,163
1741,W1,R2,SKU_B,3,47
1741,W1,R2,SKU_C,3,73
1741,W1,R2,SKU_D,3,97
1741,W1,R2,SKU_E,3,47
1742,Supplier,W1,SKU_A,5,422
1742,Supplier,W1,SKU_B,5,199
1742,Supplier,W1,SKU_C,5,193
1742,Supplier,W1,SKU_D,5,189
1742,Supplier,W1,SKU_E,5,168
1742,Supplier,W2,SKU_A,6,138
1742,Supplier,W2,SKU_B,6,55
1742,Supplier,W2,SKU_C,6,72
1742,Supplier,W2,SKU_D,6,75
1742,Supplier,W2,SKU_E,6,66
1742,W1,R2,SKU_B,3,46
1742,W1,R2,SKU_C,3,45
1742,W1,R2,SKU_D,3,2
1742,W1,R2,SKU_E,3,55
1742,W2,R3,SKU_A,4,312
1742,W2,R3,SKU_B,4,106
1742,W2,R3,SKU_C,4,164
1742,W2,R3,SKU_D,4,167
1742,W2,R3,SKU_E,4,147
1743,Supplier,W2,SKU_A,6,174
1743,Supplier,W2,SKU_B,6,51
1743,Supplier,W2,SKU_C,6,92
1743,Supplier,W2,SKU_D,6,92
1743,Supplier,W2,SKU_E,6,81
1743,W1,R1,SKU_A,2,294
1743,W1,R1,SKU_B,2,104
1743,W1,R1,SKU_C,2,176
1743,W1,R1,SKU_D,2,110
1743,W1,R1,SKU_E,2,92
1743,W1,R2,SKU_A,3,174
1743,W1,R2,SKU_B,3,44
1743,W1,R2,SKU_C,3,50
1743,W1,R2,SKU_D,3,109
1743,W1,R2,SKU_E,3,48
1743,W2,R3,SKU_A,4,201
1743,W2,R3,SKU_B,4,61
1743,W2,R3,SKU_C,4,112
1743,W2,R3,SKU_D,4,111
1743,W2,R3,SKU_E,4,95
1744,Supplier,W1,SKU_A,5,468
1744,Supplier,W1,SKU_B,5,194
1744,Supplier,W1,SKU_C,5,271
1744,Supplier,W1,SKU_D,5,221
1744,Supplier,W1,SKU_E,5,195
1744,Supplier,W2,SKU_A,6,201
1744,Supplier,W2,SKU_B,6,61
1744,Supplier,W2,SKU_C,6,112
1744,Supplier,W2,SKU_D,6,111
1744,Supplier,W2,SKU_E,6,95
1744,W1,R1,SKU_A,2,190
1744,W1,R1,SKU_B,2,106
1744,W1,R1,SKU_C,2,153
1744,W1,R1,SKU_D,2,82
1744,W1,R1,SKU_E,2,60
1744,W1,R2,SKU_A,3,129
1744,W1,R2,SKU_B,3,55
1744,W1,R2,SKU_C,3,60
1744,W1,R2,SKU_D,3,65
1744,W1,R2,SKU_E,3,62
1744,W2,R3,SKU_A,4,191
1744,W2,R3,SKU_B,4,59
1744,W2,R3,SKU_C,4,123
1744,W2,R3,SKU_D,4,116
1744,W2,R3,SKU_E,4,107
1745,Supplier,W2,SKU_A,6,191
1745,Supplier,W2,SKU_B,6,59
1745,Supplier,W2,SKU_C,6,123
1745,Supplier,W2,SKU_D,6,116
1745,Supplier,W2,SKU_E,6,107
1745,W1,R1,SKU_A,2,194
1745,W1,R1,SKU_B,2,77
1745,W1,R1,SKU_C,2,138
1745,W1,R1,SKU_D,2,78
1745,W1,R1,SKU_E,2,59
1745,W1,R2,SKU_A,3,149
1745,W1,R2,SKU_B,3,63
1745,W1,R2,SKU_C,3,63
1745,W1,R2,SKU_D,3,74
1745,W1,R2,SKU_E,3,45
1745,W2,R3,SKU_A,4,210
1745,W2,R3,SKU_B,4,69
1745,W2,R3,SKU_C,4,115
1745,W2,R3,SKU_D,4,86
1745,W2,R3,SKU_E,4,92
1746,Supplier,W1,SKU_A,5,662
1746,Supplier,W1,SKU_B,5,301
1746,Supplier,W1,SKU_C,5,414
1746,Supplier,W1,SKU_D,5,299
1746,Supplier,W1,SKU_E,5,226
1746,Supplier,W2,SKU_A,6,210
1746,Supplier,W2,SKU_B,6,69
1746,Supplier,W2,SKU_C,6,115
1746,Supplier,W2,SKU_D,6,86
1746,Supplier,W2,SKU_E,6,92
1746,W1,R2,SKU_A,3,67
1746,W1,R2,SKU_B,3,39
1746,W1,R2,SKU_C,3,39
1746,W1,R2,SKU_D,3,40
1746,W1,R2,SKU_E,3,53
1746,W2,R3,SKU_A,4,163
1746,W2,R3,SKU_B,4,53
1746,W2,R3,SKU_C,4,69
1746,W2,R3,SKU_D,4,76
1746,W2,R3,SKU_E,4,83
1747,Supplier,W2,SKU_A,6,163
1747,Supplier,W2,SKU_B,6,53
1747,Supplier,W2,SKU_C,6,69
1747,Supplier,W2,SKU_D,6,76
1747,Supplier,W2,SKU_E,6,83
1747,W1,R1,SKU_A,2,251
1747,W1,R1,SKU_B,2,79
1747,W1,R1,SKU_C,2,146
1747,W1,R1,SKU_D,2,112
1747,W1,R1,SKU_E,2,84
1747,W1,R2,SKU_A,3,103
1747,W1,R2,SKU_B,3,41
1747,W1,R2,SKU_C,3,47
1747,W1,R2,SKU_D,3,44
1747,W1,R2,SKU_E,3,49
1748,Supplier,W1,SKU_A,5,421
1748,Supplier,W1,SKU_B,5,159
1748,Supplier,W1,SKU_C,5,232
1748,Supplier,W1,SKU_D,5,196
1748,Supplier,W1,SKU_E,5,186
1748,Supplier,W2,SKU_A,6,177
1748,Supplier,W2,SKU_B,6,30
1748,Supplier,W2,SKU_C,6,80
1748,Supplier,W2,SKU_D,6,78
1748,Supplier,W2,SKU_E,6,80
1748,W1,R1,SKU_A,2,146
1748,W1,R1,SKU_B,2,66
1748,W1,R1,SKU_C,2,106
1748,W1,R1,SKU_D,2,58
1748,W1,R1,SKU_E,2,47
1748,W1,R2,SKU_A,3,39
1748,W1,R2,SKU_B,3,35
1748,W1,R2,SKU_C,3,47
1748,W1,R2,SKU_D,3,49
1748,W1,R2,SKU_E,3,58
1748,W2,R3,SKU_A,4,348
1748,W2,R3,SKU_B,4,80
1748,W2,R3,SKU_C,4,190
1748,W2,R3,SKU_D,4,150
1748,W2,R3,SKU_E,4,165
1749,Supplier,W2,SKU_A,6,171
1749,Supplier,W2,SKU_B,6,50
1749,Supplier,W2,SKU_C,6,110
1749,Supplier,W2,SKU_D,6,72
1749,Supplier,W2,SKU_E,6,85
1749,W1,R2,SKU_A,3,135
1749,W1,R2,SKU_B,3,42
1749,W1,R2,SKU_C,3,37
1749,W1,R2,SKU_D,3,53
1749,W1,R2,SKU_E,3,34
1749,W2,R3,SKU_A,4,172
1749,W2,R3,SKU_B,4,44
1749,W2,R3,SKU_C,4,84
1749,W2,R3,SKU_D,4,91
1749,W2,R3,SKU_E,4,83
1750,Supplier,W1,SKU_A,5,462
1750,Supplier,W1,SKU_B,5,185
1750,Supplier,W1,SKU_C,5,267
1750,Supplier,W1,SKU_D,5,204
1750,Supplier,W1,SKU_E,5,166
1750,Supplier,W2,SKU_A,6,172
1750,Supplier,W2,SKU_B,6,44
1750,Supplier,W2,SKU_C,6,84
1750,Supplier,W2,SKU_D,6,91
1750,Supplier,W2,SKU_E,6,83
1750,W1,R1,SKU_A,2,287
1750,W1,R1,SKU_B,2,91
1750,W1,R1,SKU_C,2,162
1750,W1,R1,SKU_D,2,100
1750,W1,R1,SKU_E,2,82
1750,W1,R2,SKU_A,3,46
1750,W1,R2,SKU_B,3,56
1750,W1,R2,SKU_C,3,52
1750,W1,R2,SKU_D,3,46
1750,W1,R2,SKU_E,3,47
1750,W2,R3,SKU_A,4,210
1750,W2,R3,SKU_B,4,47
1750,W2,R3,SKU_C,4,95
1750,W2,R3,SKU_D,4,109
1750,W2,R3,SKU_E,4,85
1751,Supplier,W2,SKU_A,6,210
1751,Supplier,W2,SKU_B,6,47
1751,Supplier,W2,SKU_C,6,95
1751,Supplier,W2,SKU_D,6,109
1751,Supplier,W2,SKU_E,6,85
1751,W1,R1,SKU_A,2,195
1751,W1,R1,SKU_B,2,104
1751,W1,R1,SKU_C,2,155
1751,W1,R1,SKU_D,2,91
1751,W1,R1,SKU_E,2,70
1751,W1,R2,SKU_A,3,182
1751,W1,R2,SKU_B,3,64
1751,W1,R2,SKU_C,3,63
1751,W1,R2,SKU_D,3,53
1751,W1,R2,SKU_E,3,50
1751,W2,R3,SKU_A,4,236
1751,W2,R3,SKU_B,4,90
1751,W2,R3,SKU_C,4,150
1751,W2,R3,SKU_D,4,119
1751,W2,R3,SKU_E,4,100
1752,Supplier,W1,SKU_A,5,568
1752,Supplier,W1,SKU_B,5,273
1752,Supplier,W1,SKU_C,5,355
1752,Supplier,W1,SKU_D,5,246
1752,Supplier,W1,SKU_E,5,222
1752,Supplier,W2,SKU_A,6,236
1752,Supplier,W2,SKU_B,6,90
1752,Supplier,W2,SKU_C,6,150
1752,Supplier,W2,SKU_D,6,119
1752,Supplier,W2,SKU_E,6,100
1752,W1,R1,SKU_A,2,188
1752,W1,R1,SKU_B,2,87
1752,W1,R1,SKU_C,2,124
1752,W1,R1,SKU_D,2,73
1752,W1,R1,SKU_E,2,61
1752,W1,R2,SKU_A,3,97
1752,W1,R2,SKU_B,3,65
1752,W1,R2,SKU_C,3,59
1752,W1,R2,SKU_D,3,71
1752,W1,R2,SKU_E,3,62
1752,W2,R3,SKU_A,4,233
1752,W2,R3,SKU_B,4,76
1752,W2,R3,SKU_C,4,124
1752,W2,R3,SKU_D,4,92
1752,W2,R3,SKU_E,4,111
1753,Supplier,W2,SKU_A,6,233
1753,Supplier,W2,SKU_B,6,76
1753,Supplier,W2,SKU_C,6,124
1753,Supplier,W2,SKU_D,6,92
1753,Supplier,W2,SKU_E,6,111
1753,W1,R2,SKU_A,3,139
1753,W1,R2,SKU_B,3,33
1753,W1,R2,SKU_C,3,44
1753,W1,R2,SKU_D,3,61
1753,W1,R2,SKU_E,3,38
1754,Supplier,W1,SKU_A,5,543
1754,Supplier,W1,SKU_B,5,226
1754,Supplier,W1,SKU_C,5,309
1754,Supplier,W1,SKU_D,5,260
1754,Supplier,W1,SKU_E,5,207
1754,Supplier,W2,SKU_A,6,151
1754,Supplier,W2,SKU_B,6,38
1754,Supplier,W2,SKU_C,6,82
1754,Supplier,W2,SKU_D,6,93
1754,Supplier,W2,SKU_E,6,71
1754,W1,R1,SKU_A,2,242
1754,W1,R1,SKU_B,2,88
1754,W1,R1,SKU_C,2,159
1754,W1,R1,SKU_D,2,100
1754,W1,R1,SKU_E,2,80
1754,W1,R2,SKU_A,3,40
1754,W1,R2,SKU_B,3,36
1754,W1,R2,SKU_C,3,41
1754,W1,R2,SKU_D,3,31
1754,W1,R2,SKU_E,3,43
1754,W2,R3,SKU_A,4,279
1754,W2,R3,SKU_B,4,74
1754,W2,R3,SKU_C,4,142
1754,W2,R3,SKU_D,4,155
1754,W2,R3,SKU_E,4,145
1755,Supplier,W2,SKU_A,6,128
1755,Supplier,W2,SKU_B,6,36
1755,Supplier,W2,SKU_C,6,60
1755,Supplier,W2,SKU_D,6,62
1755,Supplier,W2,SKU_E,6,74
1755,W1,R2,SKU_A,3,131
1755,W1,R2,SKU_B,3,19
1755,W1,R2,SKU_C,3,30
1755,W1,R2,SKU_D,3,32
1755,W1,R2,SKU_E,3,38
1756,Supplier,W1,SKU_A,5,432
1756,Supplier,W1,SKU_B,5,146
1756,Supplier,W1,SKU_C,5,225
1756,Supplier,W1,SKU_D,5,166
1756,Supplier,W1,SKU_E,5,156
1756,Supplier,W2,SKU_A,6,181
1756,Supplier,W2,SKU_B,6,37
1756,Supplier,W2,SKU_C,6,66
1756,Supplier,W2,SKU_D,6,72
1756,Supplier,W2,SKU_E,6,64
1756,W1,R1,SKU_A,2,241
1756,W1,R1,SKU_B,2,112
1756,W1,R1,SKU_C,2,144
1756,W1,R1,SKU_D,2,110
1756,W1,R1,SKU_E,2,81
1756,W1,R2,SKU_A,3,90
1756,W1,R2,SKU_B,3,29
1756,W1,R2,SKU_C,3,51
1756,W1,R2,SKU_D,3,42
1756,W1,R2,SKU_E,3,33
1756,W2,R3,SKU_A,4,357
1756,W2,R3,SKU_B,4,89
1756,W2,R3,SKU_C,4,149
1756,W2,R3,SKU_D,4,159
1756,W2,R3,SKU_E,4,143
1757,Supplier,W2,SKU_A,6,176
1757,Supplier,W2,SKU_B,6,52
1757,Supplier,W2,SKU_C,6,83
1757,Supplier,W2,SKU_D,6,87
1757,Supplier,W2,SKU_E,6,79
1757,W1,R1,SKU_A,2,153
1757,W1,R1,SKU_B,2,76
1757,W1,R1,SKU_C,2,94
1757,W1,R1,SKU_D,2,67
1757,W1,R1,SKU_E,2,62
1757,W1,R2,SKU_A,3,89
1757,W1,R2,SKU_B,3,46
1757,W1,R2,SKU_C,3,26
1757,W1,R2,SKU_D,3,45
1757,W1,R2,SKU_E,3,61
1757,W2,R3,SKU_A,4,211
1757,W2,R3,SKU_B,4,65
1757,W2,R3,SKU_C,4,115
1757,W2,R3,SKU_D,4,75
1757,W2,R3,SKU_E,4,106
1758,Supplier,W1,SKU_A,5,435
1758,Supplier,W1,SKU_B,5,219
1758,Supplier,W1,SKU_C,5,238
1758,Supplier,W1,SKU_D,5,206
1758,Supplier,W1,SKU_E,5,196
1758,Supplier,W2,SKU_A,6,211
1758,Supplier,W2,SKU_B,6,65
1758,Supplier,W2,SKU_C,6,115
1758,Supplier,W2,SKU_D,6,75
1758,Supplier,W2,SKU_E,6,106
1758,W1,R1,SKU_A,2,197
1758,W1,R1,SKU_B,2,121
1758,W1,R1,SKU_C,2,155
1758,W1,R1,SKU_D,2,78
1758,W1,R1,SKU_E,2,58
1758,W1,R2,SKU_A,3,129
1758,W1,R2,SKU_B,3,50
1758,W1,R2,SKU_C,3,50
1758,W1,R2,SKU_D,3,62
1758,W1,R2,SKU_E,3,53
1758,W2,R3,SKU_A,4,243
1758,W2,R3,SKU_B,4,46
1758,W2,R3,SKU_C,4,125
1758,W2,R3,SKU_D,4,102
1758,W2,R3,SKU_E,4,98
1759,Supplier,W2,SKU_A,6,243
1759,Supplier,W2,SKU_B,6,46
1759,Supplier,W2,SKU_C,6,125
1759,Supplier,W2,SKU_D,6,102
1759,Supplier,W2,SKU_E,6,98
1759,W1,R1,SKU_A,2,231
1759,W1,R1,SKU_B,2,91
1759,W1,R1,SKU_C,2,142
1759,W1,R1,SKU_D,2,94
1759,W1,R1,SKU_E,2,72
1759,W1,R2,SKU_A,3,141
1759,W1,R2,SKU_B,3,59
1759,W1,R2,SKU_C,3,77
1759,W1,R2,SKU_D,3,57
1759,W1,R2,SKU_E,3,38
1759,W2,R3,SKU_A,4,250
1759,W2,R3,SKU_B,4,60
1759,W2,R3,SKU_C,4,122
1759,W2,R3,SKU_D,4,98
1759,W2,R3,SKU_E,4,74
1760,Supplier,W1,SKU_A,5,698
1760,Supplier,W1,SKU_B,5,321
1760,Supplier,W1,SKU_C,5,424
1760,Supplier,W1,SKU_D,5,291
1760,Supplier,W1,SKU_E,5,221
1760,Supplier,W2,SKU_A,6,250
1760,Supplier,W2,SKU_B,6,60
1760,Supplier,W2,SKU_C,6,122
1760,Supplier,W2,SKU_D,6,98
1760,Supplier,W2,SKU_E,6,74
1760,W1,R1,SKU_A,2,133
1760,W1,R1,SKU_B,2,52
1760,W1,R1,SKU_C,2,89
1760,W1,R1,SKU_D,2,76
1760,W1,R1,SKU_E,2,35
1760,W1,R2,SKU_A,3,38
1760,W1,R2,SKU_B,3,34
1760,W1,R2,SKU_C,3,37
1760,W1,R2,SKU_D,3,39
1760,W1,R2,SKU_E,3,39
1760,W2,R3,SKU_A,4,171
1760,W2,R3,SKU_B,4,44
1760,W2,R3,SKU_C,4,102
1760,W2,R3,SKU_D,4,101
1760,W2,R3,SKU_E,4,59
1761,Supplier,W2,SKU_A,6,171
1761,Supplier,W2,SKU_B,6,44
1761,Supplier,W2,SKU_C,6,102
1761,Supplier,W2,SKU_D,6,101
1761,Supplier,W2,SKU_E,6,59
1761,W1,R1,SKU_A,2,149
1761,W1,R1,SKU_B,2,58
1761,W1,R1,SKU_C,2,97
1761,W1,R1,SKU_D,2,65
1761,W1,R1,SKU_E,2,40
1761,W1,R2,SKU_A,3,164
1761,W1,R2,SKU_B,3,41
1761,W1,R2,SKU_C,3,43
1761,W1,R2,SKU_D,3,49
1761,W1,R2,SKU_E,3,45
1761,W2,R3,SKU_A,4,194
1761,W2,R3,SKU_B,4,54
1761,W2,R3,SKU_C,4,93
1761,W2,R3,SKU_D,4,107
1761,W2,R3,SKU_E,4,89
1762,Supplier,W1,SKU_A,5,484
1762,Supplier,W1,SKU_B,5,185
1762,Supplier,W1,SKU_C,5,266
1762,Supplier,W1,SKU_D,5,229
1762,Supplier,W1,SKU_E,5,159
1762,Supplier,W2,SKU_A,6,194
1762,Supplier,W2,SKU_B,6,54
1762,Supplier,W2,SKU_C,6,93
1762,Supplier,W2,SKU_D,6,107
1762,Supplier,W2,SKU_E,6,89
1762,W1,R1,SKU_A,2,119
1762,W1,R1,SKU_B,2,65
1762,W1,R1,SKU_C,2,104
1762,W1,R1,SKU_D,2,79
1762,W1,R1,SKU_E,2,48
1762,W1,R2,SKU_B,3,47
1762,W1,R2,SKU_C,3,51
1762,W1,R2,SKU_D,3,20
1762,W1,R2,SKU_E,3,61
1762,W2,R3,SKU_A,4,247
1762,W2,R3,SKU_B,4,79
1762,W2,R3,SKU_C,4,141
1762,W2,R3,SKU_D,4,149
1762,W2,R3,SKU_E,4,95
1763,Supplier,W2,SKU_A,6,247
1763,Supplier,W2,SKU_B,6,79
1763,Supplier,W2,SKU_C,6,141
1763,Supplier,W2,SKU_D,6,149
1763,Supplier,W2,SKU_E,6,95
1763,W1,R1,SKU_A,2,275
1763,W1,R1,SKU_B,2,104
1763,W1,R1,SKU_C,2,177
1763,W1,R1,SKU_D,2,113
1763,W1,R1,SKU_E,2,107
1763,W1,R2,SKU_A,3,160
1763,W1,R2,SKU_B,3,72
1763,W1,R2,SKU_C,3,71
1763,W1,R2,SKU_D,3,93
1763,W1,R2,SKU_E,3,57
1763,W2,R3,SKU_A,4,302
1763,W2,R3,SKU_B,4,76
1763,W2,R3,SKU_C,4,201
1763,W2,R3,SKU_D,4,169
1763,W2,R3,SKU_E,4,127
1764,Supplier,W1,SKU_A,5,623
1764,Supplier,W1,SKU_B,5,288
1764,Supplier,W1,SKU_C,5,431
1764,Supplier,W1,SKU_D,5,317
1764,Supplier,W1,SKU_E,5,273
1764,Supplier,W2,SKU_A,6,302
1764,Supplier,W2,SKU_B,6,76
1764,Supplier,W2,SKU_C,6,201
1764,Supplier,W2,SKU_D,6,169
1764,Supplier,W2,SKU_E,6,133
1764,W1,R2,SKU_B,3,57
1764,W1,R2,SKU_E,3,17
1764,W2,R3,SKU_A,4,263
1764,W2,R3,SKU_B,4,86
1764,W2,R3,SKU_C,4,131
1764,W2,R3,SKU_D,4,131
1764,W2,R3,SKU_E,4,106
1765,Supplier,W2,SKU_A,6,263
1765,Supplier,W2,SKU_B,6,86
1765,Supplier,W2,SKU_C,6,131
1765,Supplier,W2,SKU_D,6,131
1765,Supplier,W2,SKU_E,6,120
1765,W1,R1,SKU_B,2,167
1765,W1,R1,SKU_E,2,136
1765,W1,R1,SKU_A,2,412
1765,W1,R1,SKU_C,2,240
1765,W1,R1,SKU_D,2,173
1765,W1,R2,SKU_A,3,264
1765,W1,R2,SKU_B,3,49
1765,W1,R2,SKU_C,3,166
1765,W1,R2,SKU_D,3,96
1765,W1,R2,SKU_E,3,63
1765,W2,R3,SKU_A,4,214
1765,W2,R3,SKU_B,4,66
1765,W2,R3,SKU_C,4,92
1765,W2,R3,SKU_D,4,106
1765,W2,R3,SKU_E,4,98
1766,Supplier,W1,SKU_A,5,607
1766,Supplier,W1,SKU_B,5,273
1766,Supplier,W1,SKU_C,5,378
1766,Supplier,W1,SKU_D,5,257
1766,Supplier,W1,SKU_E,5,216
1766,Supplier,W2,SKU_A,6,214
1766,Supplier,W2,SKU_B,6,66
1766,Supplier,W2,SKU_C,6,92
1766,Supplier,W2,SKU_D,6,106
1766,Supplier,W2,SKU_E,6,85
1766,W1,R2,SKU_B,3,45
1766,W1,R2,SKU_E,3,37
1766,W2,R3,SKU_A,4,200
1766,W2,R3,SKU_B,4,43
1766,W2,R3,SKU_C,4,106
1766,W2,R3,SKU_D,4,75
1766,W2,R3,SKU_E,4,74
1767,Supplier,W2,SKU_A,6,200
1767,Supplier,W2,SKU_B,6,43
1767,Supplier,W2,SKU_C,6,106
1767,Supplier,W2,SKU_D,6,75
1767,Supplier,W2,SKU_E,6,70
1767,W1,R1,SKU_A,2,308
1767,W1,R1,SKU_B,2,110
1767,W1,R1,SKU_C,2,225
1767,W1,R1,SKU_D,2,123
1767,W1,R1,SKU_E,2,102
1767,W1,R2,SKU_A,3,198
1767,W1,R2,SKU_B,3,35
1767,W1,R2,SKU_C,3,59
1767,W1,R2,SKU_D,3,67
1767,W1,R2,SKU_E,3,37
1768,Supplier,W1,SKU_A,5,514
1768,Supplier,W1,SKU_B,5,190
1768,Supplier,W1,SKU_C,5,327
1768,Supplier,W1,SKU_D,5,190
1768,Supplier,W1,SKU_E,5,176
1768,Supplier,W2,SKU_A,6,136
1768,Supplier,W2,SKU_B,6,41
1768,Supplier,W2,SKU_C,6,74
1768,Supplier,W2,SKU_D,6,77
1768,Supplier,W2,SKU_E,6,57
1768,W1,R2,SKU_B,3,47
1768,W1,R2,SKU_E,3,33
1768,W2,R3,SKU_A,4,316
1768,W2,R3,SKU_B,4,89
1768,W2,R3,SKU_C,4,155
1768,W2,R3,SKU_D,4,151
1768,W2,R3,SKU_E,4,146
1769,Supplier,W2,SKU_A,6,180
1769,Supplier,W2,SKU_B,6,48
1769,Supplier,W2,SKU_C,6,81
1769,Supplier,W2,SKU_D,6,74
1769,Supplier,W2,SKU_E,6,86
1769,W1,R1,SKU_B,2,92
1769,W1,R1,SKU_D,2,125
1769,W1,R1,SKU_E,2,73
1769,W1,R1,SKU_A,2,277
1769,W1,R1,SKU_C,2,190
1769,W1,R2,SKU_A,3,168
1769,W1,R2,SKU_B,3,44
1769,W1,R2,SKU_C,3,114
1769,W1,R2,SKU_D,3,105
1769,W1,R2,SKU_E,3,38
1769,W2,R3,SKU_A,4,155
1769,W2,R3,SKU_B,4,54
1769,W2,R3,SKU_C,4,86
1769,W2,R3,SKU_D,4,90
1769,W2,R3,SKU_E,4,78
1770,Supplier,W1,SKU_A,5,437
1770,Supplier,W1,SKU_B,5,183
1770,Supplier,W1,SKU_C,5,261
1770,Supplier,W1,SKU_D,5,230
1770,Supplier,W1,SKU_E,5,144
1770,Supplier,W2,SKU_A,6,155
1770,Supplier,W2,SKU_B,6,54
1770,Supplier,W2,SKU_C,6,86
1770,Supplier,W2,SKU_D,6,90
1770,Supplier,W2,SKU_E,6,78
1770,W1,R2,SKU_A,3,64
1770,W1,R2,SKU_B,3,33
1770,W1,R2,SKU_C,3,42
1770,W1,R2,SKU_D,3,56
1770,W1,R2,SKU_E,3,46
1770,W2,R3,SKU_A,4,219
1770,W2,R3,SKU_B,4,53
1770,W2,R3,SKU_C,4,104
1770,W2,R3,SKU_D,4,108
1770,W2,R3,SKU_E,4,96
1771,Supplier,W2,SKU_A,6,219
1771,Supplier,W2,SKU_B,6,53
1771,Supplier,W2,SKU_C,6,104
1771,Supplier,W2,SKU_D,6,108
1771,Supplier,W2,SKU_E,6,96
1771,W1,R1,SKU_A,2,260
1771,W1,R1,SKU_B,2,106
1771,W1,R1,SKU_C,2,200
1771,W1,R1,SKU_D,2,137
1771,W1,R1,SKU_E,2,99
1771,W1,R2,SKU_A,3,142
1771,W1,R2,SKU_B,3,55
1771,W1,R2,SKU_C,3,41
1771,W1,R2,SKU_D,3,60
1771,W1,R2,SKU_E,3,55
1771,W2,R3,SKU_A,4,230
1771,W2,R3,SKU_B,4,49
1771,W2,R3,SKU_C,4,110
1771,W2,R3,SKU_D,4,103
1771,W2,R3,SKU_E,4,100
1772,Supplier,W1,SKU_A,5,466
1772,Supplier,W1,SKU_B,5,194
1772,Supplier,W1,SKU_C,5,283
1772,Supplier,W1,SKU_D,5,253
1772,Supplier,W1,SKU_E,5,200
1772,Supplier,W2,SKU_A,6,230
1772,Supplier,W2,SKU_B,6,49
1772,Supplier,W2,SKU_C,6,110
1772,Supplier,W2,SKU_D,6,103
1772,Supplier,W2,SKU_E,6,100
1772,W1,R1,SKU_A,2,252
1772,W1,R1,SKU_B,2,101
1772,W1,R1,SKU_C,2,174
1772,W1,R1,SKU_D,2,82
1772,W1,R1,SKU_E,2,81
1772,W1,R2,SKU_A,3,67
1772,W1,R2,SKU_B,3,53
1772,W1,R2,SKU_C,3,48
1772,W1,R2,SKU_D,3,56
1772,W1,R2,SKU_E,3,66
1772,W2,R3,SKU_A,4,296
1772,W2,R3,SKU_B,4,69
1772,W2,R3,SKU_C,4,172
1772,W2,R3,SKU_D,4,171
1772,W2,R3,SKU_E,4,127
1773,Supplier,W1,SKU_A,5,367
1773,Supplier,W1,SKU_B,5,154
1773,Supplier,W1,SKU_C,5,228
1773,Supplier,W1,SKU_D,5,138
1773,Supplier,W1,SKU_E,5,147
1773,Supplier,W2,SKU_A,6,296
1773,Supplier,W2,SKU_B,6,69
1773,Supplier,W2,SKU_C,6,172
1773,Supplier,W2,SKU_D,6,171
1773,Supplier,W2,SKU_E,6,127
1773,W1,R1,SKU_A,2,264
1773,W1,R1,SKU_B,2,82
1773,W1,R1,SKU_C,2,144
1773,W1,R1,SKU_D,2,82
1773,W1,R1,SKU_E,2,55
1773,W1,R2,SKU_A,3,188
1773,W1,R2,SKU_B,3,61
1773,W1,R2,SKU_C,3,82
1773,W1,R2,SKU_D,3,55
1773,W1,R2,SKU_E,3,70
1773,W2,R3,SKU_A,4,261
1773,W2,R3,SKU_B,4,61
1773,W2,R3,SKU_C,4,155
1773,W2,R3,SKU_D,4,94
1773,W2,R3,SKU_E,4,100
1774,Supplier,W2,SKU_A,6,261
1774,Supplier,W2,SKU_B,6,61
1774,Supplier,W2,SKU_C,6,155
1774,Supplier,W2,SKU_D,6,94
1774,Supplier,W2,SKU_E,6,100
1774,W1,R2,SKU_B,3,43
1774,W1,R2,SKU_C,3,2
1774,W1,R2,SKU_D,3,11
1774,W1,R2,SKU_E,3,45
1774,W2,R3,SKU_A,4,179
1774,W2,R3,SKU_B,4,52
1774,W2,R3,SKU_C,4,111
1774,W2,R3,SKU_D,4,83
1774,W2,R3,SKU_E,4,61
1775,Supplier,W1,SKU_A,5,607
1775,Supplier,W1,SKU_B,5,223
1775,Supplier,W1,SKU_C,5,366
1775,Supplier,W1,SKU_D,5,241
1775,Supplier,W1,SKU_E,5,214
1775,Supplier,W2,SKU_A,6,179
1775,Supplier,W2,SKU_B,6,52
1775,Supplier,W2,SKU_C,6,111
1775,Supplier,W2,SKU_D,6,83
1775,Supplier,W2,SKU_E,6,74
1775,W1,R1,SKU_A,2,251
1775,W1,R1,SKU_B,2,83
1775,W1,R1,SKU_C,2,171
1775,W1,R1,SKU_D,2,106
1775,W1,R1,SKU_E,2,77
1775,W1,R2,SKU_A,3,195
1775,W1,R2,SKU_B,3,44
1775,W1,R2,SKU_C,3,92
1775,W1,R2,SKU_D,3,101
1775,W1,R2,SKU_E,3,55
1775,W2,R3,SKU_A,4,175
1775,W2,R3,SKU_B,4,43
1775,W2,R3,SKU_C,4,85
1775,W2,R3,SKU_D,4,100
1775,W2,R3,SKU_E,4,86
1776,Supplier,W2,SKU_A,6,175
1776,Supplier,W2,SKU_B,6,43
1776,Supplier,W2,SKU_C,6,85
1776,Supplier,W2,SKU_D,6,100
1776,Supplier,W2,SKU_E,6,97
1776,W1,R2,SKU_B,3,35
1776,W1,R2,SKU_C,3,31
1776,W1,R2,SKU_D,3,25
1776,W1,R2,SKU_E,3,53
1776,W2,R3,SKU_A,4,178
1776,W2,R3,SKU_B,4,47
1776,W2,R3,SKU_C,4,94
1776,W2,R3,SKU_D,4,88
1776,W2,R3,SKU_E,4,78
1777,Supplier,W1,SKU_A,5,473
1777,Supplier,W1,SKU_B,5,169
1777,Supplier,W1,SKU_C,5,235
1777,Supplier,W1,SKU_D,5,216
1777,Supplier,W1,SKU_E,5,180
1777,Supplier,W2,SKU_A,6,178
1777,Supplier,W2,SKU_B,6,47
1777,Supplier,W2,SKU_C,6,94
1777,Supplier,W2,SKU_D,6,88
1777,Supplier,W2,SKU_E,6,71
1777,W1,R1,SKU_A,2,267
1777,W1,R1,SKU_B,2,91
1777,W1,R1,SKU_C,2,143
1777,W1,R1,SKU_D,2,111
1777,W1,R1,SKU_E,2,69
1777,W1,R2,SKU_A,3,199
1777,W1,R2,SKU_B,3,27
1777,W1,R2,SKU_C,3,73
1777,W1,R2,SKU_D,3,81
1777,W1,R2,SKU_E,3,35
1777,W2,R3,SKU_A,4,200
1777,W2,R3,SKU_B,4,35
1777,W2,R3,SKU_C,4,88
1777,W2,R3,SKU_D,4,102
1777,W2,R3,SKU_E,4,96
1778,Supplier,W2,SKU_A,6,200
1778,Supplier,W2,SKU_B,6,35
1778,Supplier,W2,SKU_C,6,88
1778,Supplier,W2,SKU_D,6,102
1778,Supplier,W2,SKU_E,6,84
1778,W1,R1,SKU_A,2,163
1778,W1,R1,SKU_B,2,67
1778,W1,R1,SKU_C,2,117
1778,W1,R1,SKU_D,2,66
1778,W1,R1,SKU_E,2,46
1778,W1,R2,SKU_A,3,82
1778,W1,R2,SKU_B,3,40
1778,W1,R2,SKU_C,3,43
1778,W1,R2,SKU_D,3,55
1778,W1,R2,SKU_E,3,51
1778,W2,R3,SKU_A,4,250
1778,W2,R3,SKU_B,4,48
1778,W2,R3,SKU_C,4,115
1778,W2,R3,SKU_D,4,117
1778,W2,R3,SKU_E,4,97
1779,Supplier,W1,SKU_A,5,481
1779,Supplier,W1,SKU_B,5,181
1779,Supplier,W1,SKU_C,5,291
1779,Supplier,W1,SKU_D,5,236
1779,Supplier,W1,SKU_E,5,162
1779,Supplier,W2,SKU_A,6,250
1779,Supplier,W2,SKU_B,6,48
1779,Supplier,W2,SKU_C,6,115
1779,Supplier,W2,SKU_D,6,117
1779,Supplier,W2,SKU_E,6,92
1779,W1,R1,SKU_A,2,175
1779,W1,R1,SKU_B,2,100
1779,W1,R1,SKU_C,2,149
1779,W1,R1,SKU_D,2,85
1779,W1,R1,SKU_E,2,68
1779,W1,R2,SKU_B,3,56
1779,W1,R2,SKU_C,3,52
1779,W1,R2,SKU_D,3,47
1779,W1,R2,SKU_E,3,41
1779,W2,R3,SKU_A,4,261
1779,W2,R3,SKU_B,4,71
1779,W2,R3,SKU_C,4,156
1779,W2,R3,SKU_D,4,143
1779,W2,R3,SKU_E,4,101
1780,Supplier,W2,SKU_A,6,261
1780,Supplier,W2,SKU_B,6,71
1780,Supplier,W2,SKU_C,6,156
1780,Supplier,W2,SKU_D,6,143
1780,Supplier,W2,SKU_E,6,101
1780,W1,R1,SKU_A,2,244
1780,W1,R1,SKU_B,2,73
1780,W1,R1,SKU_C,2,131
1780,W1,R1,SKU_D,2,99
1780,W1,R1,SKU_E,2,60
1780,W1,R2,SKU_A,3,251
1780,W1,R2,SKU_B,3,50
1780,W1,R2,SKU_C,3,75
1780,W1,R2,SKU_D,3,66
1780,W1,R2,SKU_E,3,48
1780,W2,R3,SKU_A,4,271
1780,W2,R3,SKU_B,4,53
1780,W2,R3,SKU_C,4,115
1780,W2,R3,SKU_D,4,120
1780,W2,R3,SKU_E,4,85
1781,Supplier,W1,SKU_A,5,670
1781,Supplier,W1,SKU_B,5,279
1781,Supplier,W1,SKU_C,5,407
1781,Supplier,W1,SKU_D,5,297
1781,Supplier,W1,SKU_E,5,217
1781,Supplier,W2,SKU_A,6,271
1781,Supplier,W2,SKU_B,6,53
1781,Supplier,W2,SKU_C,6,115
1781,Supplier,W2,SKU_D,6,120
1781,Supplier,W2,SKU_E,6,85
1781,W1,R2,SKU_B,3,52
1781,W1,R2,SKU_C,3,33
1781,W1,R2,SKU_D,3,29
1781,W1,R2,SKU_E,3,57
1781,W2,R3,SKU_A,4,198
1781,W2,R3,SKU_B,4,56
1781,W2,R3,SKU_C,4,104
1781,W2,R3,SKU_D,4,112
1781,W2,R3,SKU_E,4,91
1782,Supplier,W2,SKU_A,6,198
1782,Supplier,W2,SKU_B,6,56
1782,Supplier,W2,SKU_C,6,104
1782,Supplier,W2,SKU_D,6,112
1782,Supplier,W2,SKU_E,6,91
1782,W1,R1,SKU_A,2,291
1782,W1,R1,SKU_B,2,81
1782,W1,R1,SKU_C,2,214
1782,W1,R1,SKU_D,2,119
1782,W1,R1,SKU_E,2,86
1782,W1,R2,SKU_A,3,208
1782,W1,R2,SKU_B,3,43
1782,W1,R2,SKU_C,3,39
1782,W1,R2,SKU_D,3,83
1782,W1,R2,SKU_E,3,45
1782,W2,R3,SKU_A,4,228
1782,W2,R3,SKU_B,4,35
1782,W2,R3,SKU_C,4,114
1782,W2,R3,SKU_D,4,93
1782,W2,R3,SKU_E,4,88
1783,Supplier,W1,SKU_A,5,499
1783,Supplier,W1,SKU_B,5,176
1783,Supplier,W1,SKU_C,5,286
1783,Supplier,W1,SKU_D,5,231
1783,Supplier,W1,SKU_E,5,188
1783,Supplier,W2,SKU_A,6,228
1783,Supplier,W2,SKU_B,6,35
1783,Supplier,W2,SKU_C,6,114
1783,Supplier,W2,SKU_D,6,93
1783,Supplier,W2,SKU_E,6,88
1783,W1,R1,SKU_A,2,86
1783,W1,R1,SKU_B,2,69
1783,W1,R1,SKU_C,2,91
1783,W1,R1,SKU_D,2,61
1783,W1,R1,SKU_E,2,41
1783,W1,R2,SKU_B,3,46
1783,W1,R2,SKU_C,3,18
1783,W1,R2,SKU_E,3,51
1783,W2,R3,SKU_A,4,221
1783,W2,R3,SKU_B,4,42
1783,W2,R3,SKU_C,4,92
1783,W2,R3,SKU_D,4,124
1783,W2,R3,SKU_E,4,94
1784,Supplier,W2,SKU_A,6,221
1784,Supplier,W2,SKU_B,6,42
1784,Supplier,W2,SKU_C,6,92
1784,Supplier,W2,SKU_D,6,124
1784,Supplier,W2,SKU_E,6,94
1784,W1,R1,SKU_A,2,221
1784,W1,R1,SKU_B,2,59
1784,W1,R1,SKU_C,2,108
1784,W1,R1,SKU_D,2,85
1784,W1,R1,SKU_E,2,47
1784,W1,R2,SKU_A,3,226
1784,W1,R2,SKU_B,3,42
1784,W1,R2,SKU_C,3,82
1784,W1,R2,SKU_D,3,105
1784,W1,R2,SKU_E,3,50
1784,W2,R3,SKU_A,4,224
1784,W2,R3,SKU_B,4,55
1784,W2,R3,SKU_C,4,132
1784,W2,R3,SKU_D,4,134
1784,W2,R3,SKU_E,4,97
1785,Supplier,W1,SKU_A,5,533
1785,Supplier,W1,SKU_B,5,216
1785,Supplier,W1,SKU_C,5,299
1785,Supplier,W1,SKU_D,5,251
1785,Supplier,W1,SKU_E,5,189
1785,Supplier,W2,SKU_A,6,224
1785,Supplier,W2,SKU_B,6,55
1785,Supplier,W2,SKU_C,6,132
1785,Supplier,W2,SKU_D,6,134
1785,Supplier,W2,SKU_E,6,98
1785,W1,R1,SKU_A,2,34
1785,W1,R1,SKU_B,2,84
1785,W1,R1,SKU_C,2,101
1785,W1,R1,SKU_D,2,46
1785,W1,R1,SKU_E,2,55
1785,W1,R2,SKU_B,3,47
1785,W1,R2,SKU_E,3,44
1785,W2,R3,SKU_A,4,227
1785,W2,R3,SKU_B,4,74
1785,W2,R3,SKU_C,4,119
1785,W2,R3,SKU_D,4,120
1785,W2,R3,SKU_E,4,92
1786,Supplier,W2,SKU_A,6,227
1786,Supplier,W2,SKU_B,6,74
1786,Supplier,W2,SKU_C,6,119
1786,Supplier,W2,SKU_D,6,120
1786,Supplier,W2,SKU_E,6,107
1786,W1,R1,SKU_A,2,338
1786,W1,R1,SKU_B,2,120
1786,W1,R1,SKU_C,2,193
1786,W1,R1,SKU_D,2,130
1786,W1,R1,SKU_E,2,59
1786,W1,R2,SKU_A,3,215
1786,W1,R2,SKU_B,3,56
1786,W1,R2,SKU_C,3,128
1786,W1,R2,SKU_D,3,81
1786,W1,R2,SKU_E,3,65
1786,W2,R3,SKU_A,4,266
1786,W2,R3,SKU_B,4,70
1786,W2,R3,SKU_C,4,181
1786,W2,R3,SKU_D,4,159
1786,W2,R3,SKU_E,4,101
1787,Supplier,W1,SKU_A,5,587
1787,Supplier,W1,SKU_B,5,307
1787,Supplier,W1,SKU_C,5,422
1787,Supplier,W1,SKU_D,5,257
1787,Supplier,W1,SKU_E,5,223
1787,Supplier,W2,SKU_A,6,266
1787,Supplier,W2,SKU_B,6,70
1787,Supplier,W2,SKU_C,6,181
1787,Supplier,W2,SKU_D,6,159
1787,Supplier,W2,SKU_E,6,110
1787,W1,R1,SKU_A,2,117
1787,W1,R1,SKU_B,2,108
1787,W1,R1,SKU_C,2,86
1787,W1,R1,SKU_D,2,86
1787,W1,R1,SKU_E,2,86
1787,W1,R2,SKU_B,3,62
1787,W1,R2,SKU_E,3,51
1787,W2,R3,SKU_A,4,276
1787,W2,R3,SKU_B,4,47
1787,W2,R3,SKU_C,4,140
1787,W2,R3,SKU_D,4,131
1787,W2,R3,SKU_E,4,85
1788,Supplier,W1,SKU_A,5,354
1788,Supplier,W1,SKU_B,5,170
1788,Supplier,W1,SKU_C,5,204
1788,Supplier,W1,SKU_D,5,145
1788,Supplier,W1,SKU_E,5,137
1788,Supplier,W2,SKU_A,6,276
1788,Supplier,W2,SKU_B,6,47
1788,Supplier,W2,SKU_C,6,140
1788,Supplier,W2,SKU_D,6,131
1788,Supplier,W2,SKU_E,6,109
1788,W1,R1,SKU_A,2,246
1788,W1,R1,SKU_B,2,68
1788,W1,R1,SKU_C,2,188
1788,W1,R1,SKU_D,2,73
1788,W1,R1,SKU_E,2,60
1788,W1,R2,SKU_A,3,246
1788,W1,R2,SKU_B,3,37
1788,W1,R2,SKU_C,3,91
1788,W1,R2,SKU_D,3,93
1788,W1,R2,SKU_E,3,46
1788,W2,R3,SKU_A,4,233
1788,W2,R3,SKU_B,4,36
1788,W2,R3,SKU_C,4,107
1788,W2,R3,SKU_D,4,111
1788,W2,R3,SKU_E,4,91
1789,Supplier,W2,SKU_A,6,233
1789,Supplier,W2,SKU_B,6,36
1789,Supplier,W2,SKU_C,6,107
1789,Supplier,W2,SKU_D,6,111
1789,Supplier,W2,SKU_E,6,95
1789,W1,R2,SKU_B,3,52
1789,W1,R2,SKU_E,3,28
1789,W2,R3,SKU_A,4,237
1789,W2,R3,SKU_B,4,57
1789,W2,R3,SKU_C,4,99
1789,W2,R3,SKU_D,4,138
1789,W2,R3,SKU_E,4,88
1790,Supplier,W1,SKU_A,5,530
1790,Supplier,W1,SKU_B,5,256
1790,Supplier,W1,SKU_C,5,312
1790,Supplier,W1,SKU_D,5,248
1790,Supplier,W1,SKU_E,5,224
1790,Supplier,W2,SKU_A,6,237
1790,Supplier,W2,SKU_B,6,57
1790,Supplier,W2,SKU_C,6,99
1790,Supplier,W2,SKU_D,6,138
1790,Supplier,W2,SKU_E,6,115
1790,W1,R1,SKU_A,2,390
1790,W1,R1,SKU_B,2,210
1790,W1,R1,SKU_C,2,252
1790,W1,R1,SKU_D,2,166
1790,W1,R1,SKU_E,2,137
1790,W1,R2,SKU_A,3,150
1790,W1,R2,SKU_B,3,57
1790,W1,R2,SKU_C,3,54
1790,W1,R2,SKU_D,3,114
1790,W1,R2,SKU_E,3,76
1790,W2,R3,SKU_A,4,329
1790,W2,R3,SKU_B,4,80
1790,W2,R3,SKU_C,4,177
1790,W2,R3,SKU_D,4,166
1790,W2,R3,SKU_E,4,94
1791,Supplier,W2,SKU_A,6,329
1791,Supplier,W2,SKU_B,6,80
1791,Supplier,W2,SKU_C,6,177
1791,Supplier,W2,SKU_D,6,166
1791,Supplier,W2,SKU_E,6,146
1791,W2,R3,SKU_A,4,281
1791,W2,R3,SKU_B,4,64
1791,W2,R3,SKU_C,4,163
1791,W2,R3,SKU_D,4,185
1791,W2,R3,SKU_E,4,98
1792,Supplier,W1,SKU_A,5,679
1792,Supplier,W1,SKU_B,5,303
1792,Supplier,W1,SKU_C,5,355
1792,Supplier,W1,SKU_D,5,300
1792,Supplier,W1,SKU_E,5,272
1792,Supplier,W2,SKU_A,6,356
1792,Supplier,W2,SKU_B,6,64
1792,Supplier,W2,SKU_C,6,163
1792,Supplier,W2,SKU_D,6,185
1792,Supplier,W2,SKU_E,6,133
1792,W1,R1,SKU_B,2,103
1792,W1,R1,SKU_D,2,90
1792,W1,R1,SKU_E,2,94
1792,W1,R1,SKU_A,2,207
1792,W1,R1,SKU_C,2,125
1792,W1,R2,SKU_A,3,207
1792,W1,R2,SKU_B,3,33
1792,W1,R2,SKU_C,3,76
1792,W1,R2,SKU_D,3,72
1792,W1,R2,SKU_E,3,55
1793,W1,R1,SKU_A,2,184
1793,W1,R1,SKU_B,2,83
1793,W1,R1,SKU_C,2,133
1793,W1,R1,SKU_D,2,68
1793,W1,R1,SKU_E,2,59
1793,W1,R2,SKU_A,3,96
1793,W1,R2,SKU_B,3,44
1793,W1,R2,SKU_C,3,56
1793,W1,R2,SKU_D,3,33
1793,W1,R2,SKU_E,3,52
1793,W2,R3,SKU_A,4,318
1793,W2,R3,SKU_B,4,48
1793,W2,R3,SKU_E,4,217
1793,W2,R3,SKU_C,4,162
1793,W2,R3,SKU_D,4,138
1794,Supplier,W2,SKU_B,6,48
1794,Supplier,W2,SKU_A,6,243
1794,Supplier,W2,SKU_C,6,162
1794,Supplier,W2,SKU_D,6,138
1794,Supplier,W2,SKU_E,6,93
1794,W1,R1,SKU_A,2,136
1794,W1,R1,SKU_B,2,57
1794,W1,R1,SKU_C,2,99
1794,W1,R1,SKU_D,2,48
1794,W1,R1,SKU_E,2,48
1794,W1,R2,SKU_A,3,90
1794,W1,R2,SKU_B,3,27
1794,W1,R2,SKU_C,3,40
1794,W1,R2,SKU_D,3,45
1794,W1,R2,SKU_E,3,35
1794,W2,R3,SKU_A,4,166
1794,W2,R3,SKU_B,4,39
1794,W2,R3,SKU_C,4,79
1794,W2,R3,SKU_D,4,87
1794,W2,R3,SKU_E,4,109
1795,Supplier,W1,SKU_B,5,212
1795,Supplier,W1,SKU_C,5,329
1795,Supplier,W1,SKU_D,5,195
1795,Supplier,W1,SKU_A,5,506
1795,Supplier,W1,SKU_E,5,194
1795,Supplier,W2,SKU_A,6,166
1795,Supplier,W2,SKU_B,6,39
1795,Supplier,W2,SKU_C,6,79
1795,Supplier,W2,SKU_D,6,87
1795,Supplier,W2,SKU_E,6,71
1795,W1,R2,SKU_A,3,62
1795,W1,R2,SKU_B,3,29
1795,W1,R2,SKU_C,3,34
1795,W1,R2,SKU_D,3,34
1795,W1,R2,SKU_E,3,27
1796,Supplier,W2,SKU_A,6,119
1796,Supplier,W2,SKU_B,6,41
1796,Supplier,W2,SKU_C,6,66
1796,Supplier,W2,SKU_D,6,72
1796,Supplier,W2,SKU_E,6,52
1796,W1,R1,SKU_A,2,206
1796,W1,R1,SKU_B,2,103
1796,W1,R1,SKU_C,2,166
1796,W1,R1,SKU_D,2,109
1796,W1,R1,SKU_E,2,66
1796,W1,R2,SKU_A,3,64
1796,W1,R2,SKU_B,3,24
1796,W1,R2,SKU_C,3,34
1796,W1,R2,SKU_D,3,54
1796,W1,R2,SKU_E,3,22
1796,W2,R3,SKU_A,4,254
1796,W2,R3,SKU_B,4,89
1796,W2,R3,SKU_C,4,128
1796,W2,R3,SKU_D,4,154
1796,W2,R3,SKU_E,4,110
1797,Supplier,W1,SKU_A,5,332
1797,Supplier,W1,SKU_B,5,156
1797,Supplier,W1,SKU_C,5,234
1797,Supplier,W1,SKU_D,5,197
1797,Supplier,W1,SKU_E,5,115
1797,Supplier,W2,SKU_A,6,135
1797,Supplier,W2,SKU_B,6,48
1797,Supplier,W2,SKU_C,6,62
1797,Supplier,W2,SKU_D,6,82
1797,Supplier,W2,SKU_E,6,53
1797,W1,R2,SKU_A,3,80
1797,W1,R2,SKU_B,3,33
1797,W1,R2,SKU_C,3,41
1797,W1,R2,SKU_D,3,22
1797,W1,R2,SKU_E,3,36
1798,Supplier,W2,SKU_A,6,158
1798,Supplier,W2,SKU_B,6,45
1798,Supplier,W2,SKU_C,6,82
1798,Supplier,W2,SKU_D,6,73
1798,Supplier,W2,SKU_E,6,66
1798,W1,R1,SKU_A,2,235
1798,W1,R1,SKU_B,2,110
1798,W1,R1,SKU_C,2,161
1798,W1,R1,SKU_D,2,105
1798,W1,R1,SKU_E,2,78
1798,W1,R2,SKU_A,3,87
1798,W1,R2,SKU_B,3,56
1798,W1,R2,SKU_C,3,33
1798,W1,R2,SKU_D,3,48
1798,W1,R2,SKU_E,3,50
1798,W2,R3,SKU_A,4,367
1798,W2,R3,SKU_B,4,88
1798,W2,R3,SKU_C,4,206
1798,W2,R3,SKU_D,4,193
1798,W2,R3,SKU_E,4,154
1799,Supplier,W1,SKU_A,5,402
1799,Supplier,W1,SKU_B,5,199
1799,Supplier,W1,SKU_C,5,235
1799,Supplier,W1,SKU_D,5,175
1799,Supplier,W1,SKU_E,5,164
1799,Supplier,W2,SKU_A,6,209
1799,Supplier,W2,SKU_B,6,43
1799,Supplier,W2,SKU_C,6,124
1799,Supplier,W2,SKU_D,6,120
1799,Supplier,W2,SKU_E,6,88
1799,W1,R1,SKU_A,2,115
1799,W1,R1,SKU_B,2,55
1799,W1,R1,SKU_C,2,94
1799,W1,R1,SKU_D,2,70
1799,W1,R1,SKU_E,2,41
1799,W1,R2,SKU_A,3,74
1799,W1,R2,SKU_B,3,43
1799,W1,R2,SKU_C,3,41
1799,W1,R2,SKU_D,3,38
1799,W1,R2,SKU_E,3,42
1799,W2,R3,SKU_A,4,189
1799,W2,R3,SKU_B,4,45
1799,W2,R3,SKU_C,4,89
1799,W2,R3,SKU_D,4,98
1799,W2,R3,SKU_E,4,91
1800,Supplier,W2,SKU_A,6,189
1800,Supplier,W2,SKU_B,6,45
1800,Supplier,W2,SKU_C,6,89
1800,Supplier,W2,SKU_D,6,98
1800,Supplier,W2,SKU_E,6,91
1800,W1,R1,SKU_A,2,148
1800,W1,R1,SKU_B,2,80
1800,W1,R1,SKU_C,2,87
1800,W1,R1,SKU_D,2,70
1800,W1,R1,SKU_E,2,49
1800,W1,R2,SKU_A,3,87
1800,W1,R2,SKU_B,3,61
1800,W1,R2,SKU_C,3,51
1800,W1,R2,SKU_D,3,36
1800,W1,R2,SKU_E,3,43
1800,W2,R3,SKU_A,4,198
1800,W2,R3,SKU_B,4,52
1800,W2,R3,SKU_C,4,112
1800,W2,R3,SKU_D,4,96
1800,W2,R3,SKU_E,4,93
1801,Supplier,W1,SKU_A,5,424
1801,Supplier,W1,SKU_B,5,239
1801,Supplier,W1,SKU_C,5,273
1801,Supplier,W1,SKU_D,5,214
1801,Supplier,W1,SKU_E,5,175
1801,Supplier,W2,SKU_A,6,198
1801,Supplier,W2,SKU_B,6,52
1801,Supplier,W2,SKU_C,6,112
1801,Supplier,W2,SKU_D,6,96
1801,Supplier,W2,SKU_E,6,93
1801,W1,R1,SKU_A,2,168
1801,W1,R1,SKU_B,2,59
1801,W1,R1,SKU_C,2,115
1801,W1,R1,SKU_D,2,69
1801,W1,R1,SKU_E,2,47
1801,W1,R2,SKU_A,3,99
1801,W1,R2,SKU_B,3,50
1801,W1,R2,SKU_C,3,39
1801,W1,R2,SKU_D,3,56
1801,W1,R2,SKU_E,3,41
1801,W2,R3,SKU_A,4,182
1801,W2,R3,SKU_B,4,42
1801,W2,R3,SKU_C,4,97
1801,W2,R3,SKU_D,4,84
1801,W2,R3,SKU_E,4,83
1802,Supplier,W2,SKU_A,6,182
1802,Supplier,W2,SKU_B,6,42
1802,Supplier,W2,SKU_C,6,97
1802,Supplier,W2,SKU_D,6,84
1802,Supplier,W2,SKU_E,6,83
1802,W1,R2,SKU_A,3,82
1802,W1,R2,SKU_B,3,35
1802,W1,R2,SKU_C,3,37
1802,W1,R2,SKU_D,3,45
1802,W1,R2,SKU_E,3,32
1802,W2,R3,SKU_A,4,145
1802,W2,R3,SKU_B,4,58
1802,W2,R3,SKU_C,4,86
1802,W2,R3,SKU_D,4,83
1802,W2,R3,SKU_E,4,83
1803,Supplier,W1,SKU_A,5,459
1803,Supplier,W1,SKU_B,5,186
1803,Supplier,W1,SKU_C,5,262
1803,Supplier,W1,SKU_D,5,221
1803,Supplier,W1,SKU_E,5,154
1803,Supplier,W2,SKU_A,6,145
1803,Supplier,W2,SKU_B,6,58
1803,Supplier,W2,SKU_C,6,86
1803,Supplier,W2,SKU_D,6,83
1803,Supplier,W2,SKU_E,6,83
1803,W1,R1,SKU_A,2,222
1803,W1,R1,SKU_B,2,81
1803,W1,R1,SKU_C,2,118
1803,W1,R1,SKU_D,2,96
1803,W1,R1,SKU_E,2,65
1803,W1,R2,SKU_A,3,73
1803,W1,R2,SKU_B,3,25
1803,W1,R2,SKU_C,3,20
1803,W1,R2,SKU_D,3,42
1803,W1,R2,SKU_E,3,31
1804,Supplier,W2,SKU_A,6,154
1804,Supplier,W2,SKU_B,6,36
1804,Supplier,W2,SKU_C,6,62
1804,Supplier,W2,SKU_D,6,67
1804,Supplier,W2,SKU_E,6,72
1804,W1,R2,SKU_A,3,82
1804,W1,R2,SKU_B,3,24
1804,W1,R2,SKU_C,3,23
1804,W1,R2,SKU_D,3,43
1804,W1,R2,SKU_E,3,43
1804,W2,R3,SKU_A,4,319
1804,W2,R3,SKU_B,4,63
1804,W2,R3,SKU_C,4,125
1804,W2,R3,SKU_D,4,119
1804,W2,R3,SKU_E,4,117
1805,Supplier,W2,SKU_A,6,165
1805,Supplier,W2,SKU_B,6,27
1805,Supplier,W2,SKU_C,6,63
1805,Supplier,W2,SKU_D,6,52
1805,Supplier,W2,SKU_E,6,45
1805,W1,R1,SKU_A,2,222
1805,W1,R1,SKU_B,2,86
1805,W1,R1,SKU_C,2,131
1805,W1,R1,SKU_D,2,90
1805,W1,R1,SKU_E,2,52
1805,W1,R2,SKU_A,3,84
1805,W1,R2,SKU_B,3,32
1805,W1,R2,SKU_C,3,36
1805,W1,R2,SKU_D,3,44
1805,W1,R2,SKU_E,3,31
1806,Supplier,W1,SKU_A,5,573
1806,Supplier,W1,SKU_B,5,206
1806,Supplier,W1,SKU_C,5,257
1806,Supplier,W1,SKU_D,5,264
1806,Supplier,W1,SKU_E,5,188
1806,Supplier,W2,SKU_A,6,147
1806,Supplier,W2,SKU_B,6,37
1806,Supplier,W2,SKU_C,6,94
1806,Supplier,W2,SKU_D,6,72
1806,Supplier,W2,SKU_E,6,63
1806,W1,R2,SKU_A,3,71
1806,W1,R2,SKU_B,3,41
1806,W1,R2,SKU_C,3,33
1806,W1,R2,SKU_D,3,38
1806,W1,R2,SKU_E,3,42
1806,W2,R3,SKU_A,4,319
1806,W2,R3,SKU_B,4,76
1806,W2,R3,SKU_C,4,184
1806,W2,R3,SKU_D,4,166
1806,W2,R3,SKU_E,4,121
1807,Supplier,W2,SKU_A,6,172
1807,Supplier,W2,SKU_B,6,39
1807,Supplier,W2,SKU_C,6,90
1807,Supplier,W2,SKU_D,6,94
1807,Supplier,W2,SKU_E,6,58
1807,W1,R1,SKU_A,2,292
1807,W1,R1,SKU_B,2,93
1807,W1,R1,SKU_C,2,174
1807,W1,R1,SKU_D,2,134
1807,W1,R1,SKU_E,2,78
1807,W1,R2,SKU_A,3,93
1807,W1,R2,SKU_B,3,52
1807,W1,R2,SKU_C,3,44
1807,W1,R2,SKU_D,3,54
1807,W1,R2,SKU_E,3,64
1807,W2,R3,SKU_A,4,168
1807,W2,R3,SKU_B,4,56
1807,W2,R3,SKU_C,4,116
1807,W2,R3,SKU_D,4,81
1807,W2,R3,SKU_E,4,68
1808,Supplier,W1,SKU_A,5,456
1808,Supplier,W1,SKU_B,5,186
1808,Supplier,W1,SKU_C,5,251
1808,Supplier,W1,SKU_D,5,226
1808,Supplier,W1,SKU_E,5,184
1808,Supplier,W2,SKU_A,6,168
1808,Supplier,W2,SKU_B,6,56
1808,Supplier,W2,SKU_C,6,116
1808,Supplier,W2,SKU_D,6,81
1808,Supplier,W2,SKU_E,6,68
1808,W1,R1,SKU_A,2,162
1808,W1,R1,SKU_B,2,56
1808,W1,R1,SKU_C,2,119
1808,W1,R1,SKU_D,2,70
1808,W1,R1,SKU_E,2,35
1808,W1,R2,SKU_A,3,94
1808,W1,R2,SKU_B,3,38
1808,W1,R2,SKU_C,3,46
1808,W1,R2,SKU_D,3,50
1808,W1,R2,SKU_E,3,38
1809,Supplier,W2,SKU_A,6,156
1809,Supplier,W2,SKU_B,6,36
1809,Supplier,W2,SKU_C,6,104
1809,Supplier,W2,SKU_D,6,85
1809,Supplier,W2,SKU_E,6,66
1809,W1,R2,SKU_A,3,92
1809,W1,R2,SKU_B,3,41
1809,W1,R2,SKU_C,3,33
1809,W1,R2,SKU_D,3,41
1809,W1,R2,SKU_E,3,35
1809,W2,R3,SKU_A,4,279
1809,W2,R3,SKU_B,4,72
1809,W2,R3,SKU_C,4,155
1809,W2,R3,SKU_D,4,159
1809,W2,R3,SKU_E,4,132
1810,Supplier,W1,SKU_A,5,479
1810,Supplier,W1,SKU_B,5,160
1810,Supplier,W1,SKU_C,5,265
1810,Supplier,W1,SKU_D,5,219
1810,Supplier,W1,SKU_E,5,138
1810,Supplier,W2,SKU_A,6,123
1810,Supplier,W2,SKU_B,6,36
1810,Supplier,W2,SKU_C,6,51
1810,Supplier,W2,SKU_D,6,74
1810,Supplier,W2,SKU_E,6,66
1810,W1,R1,SKU_A,2,239
1810,W1,R1,SKU_B,2,51
1810,W1,R1,SKU_C,2,121
1810,W1,R1,SKU_D,2,115
1810,W1,R1,SKU_E,2,60
1810,W1,R2,SKU_A,3,63
1810,W1,R2,SKU_B,3,39
1810,W1,R2,SKU_C,3,28
1810,W1,R2,SKU_D,3,34
1810,W1,R2,SKU_E,3,46
1811,Supplier,W2,SKU_A,6,134
1811,Supplier,W2,SKU_B,6,42
1811,Supplier,W2,SKU_C,6,85
1811,Supplier,W2,SKU_D,6,61
1811,Supplier,W2,SKU_E,6,60
1811,W1,R2,SKU_A,3,51
1811,W1,R2,SKU_B,3,38
1811,W1,R2,SKU_C,3,15
1811,W1,R2,SKU_D,3,33
1811,W1,R2,SKU_E,3,39
1811,W2,R3,SKU_A,4,265
1811,W2,R3,SKU_B,4,87
1811,W2,R3,SKU_C,4,160
1811,W2,R3,SKU_D,4,131
1811,W2,R3,SKU_E,4,119
1812,Supplier,W2,SKU_A,6,131
1812,Supplier,W2,SKU_B,6,45
1812,Supplier,W2,SKU_C,6,75
1812,Supplier,W2,SKU_D,6,70
1812,Supplier,W2,SKU_E,6,59
1812,W1,R1,SKU_A,2,236
1812,W1,R1,SKU_B,2,74
1812,W1,R1,SKU_C,2,121
1812,W1,R1,SKU_D,2,79
1812,W1,R1,SKU_E,2,69
1812,W1,R2,SKU_A,3,54
1812,W1,R2,SKU_B,3,42
1812,W1,R2,SKU_C,3,26
1812,W1,R2,SKU_D,3,35
1812,W1,R2,SKU_E,3,44
1813,Supplier,W1,SKU_A,5,512
1813,Supplier,W1,SKU_B,5,219
1813,Supplier,W1,SKU_C,5,244
1813,Supplier,W1,SKU_D,5,238
1813,Supplier,W1,SKU_E,5,228
1813,Supplier,W2,SKU_A,6,137
1813,Supplier,W2,SKU_B,6,26
1813,Supplier,W2,SKU_C,6,58
1813,Supplier,W2,SKU_D,6,100
1813,Supplier,W2,SKU_E,6,71
1813,W1,R2,SKU_A,3,92
1813,W1,R2,SKU_B,3,40
1813,W1,R2,SKU_C,3,26
1813,W1,R2,SKU_D,3,48
1813,W1,R2,SKU_E,3,33
1813,W2,R3,SKU_A,4,278
1813,W2,R3,SKU_B,4,72
1813,W2,R3,SKU_C,4,178
1813,W2,R3,SKU_D,4,191
1813,W2,R3,SKU_E,4,155
1814,Supplier,W2,SKU_A,6,141
1814,Supplier,W2,SKU_B,6,46
1814,Supplier,W2,SKU_C,6,120
1814,Supplier,W2,SKU_D,6,91
1814,Supplier,W2,SKU_E,6,84
1814,W1,R1,SKU_A,2,274
1814,W1,R1,SKU_B,2,97
1814,W1,R1,SKU_C,2,187
1814,W1,R1,SKU_D,2,133
1814,W1,R1,SKU_E,2,97
1814,W1,R2,SKU_A,3,109
1814,W1,R2,SKU_B,3,48
1814,W1,R2,SKU_C,3,31
1814,W1,R2,SKU_D,3,61
1814,W1,R2,SKU_E,3,45
1814,W2,R3,SKU_A,4,216
1814,W2,R3,SKU_B,4,48
1814,W2,R3,SKU_C,4,103
1814,W2,R3,SKU_D,4,126
1814,W2,R3,SKU_E,4,96
1815,Supplier,W1,SKU_A,5,475
1815,Supplier,W1,SKU_B,5,185
1815,Supplier,W1,SKU_C,5,244
1815,Supplier,W1,SKU_D,5,242
1815,Supplier,W1,SKU_E,5,175
1815,Supplier,W2,SKU_A,6,216
1815,Supplier,W2,SKU_B,6,48
1815,Supplier,W2,SKU_C,6,103
1815,Supplier,W2,SKU_D,6,126
1815,Supplier,W2,SKU_E,6,96
1815,W1,R1,SKU_A,2,137
1815,W1,R1,SKU_B,2,58
1815,W1,R1,SKU_C,2,94
1815,W1,R1,SKU_D,2,76
1815,W1,R1,SKU_E,2,39
1815,W1,R2,SKU_A,3,86
1815,W1,R2,SKU_B,3,54
1815,W1,R2,SKU_C,3,48
1815,W1,R2,SKU_D,3,39
1815,W1,R2,SKU_E,3,42
1815,W2,R3,SKU_A,4,198
1815,W2,R3,SKU_B,4,48
1815,W2,R3,SKU_C,4,121
1815,W2,R3,SKU_D,4,114
1815,W2,R3,SKU_E,4,66
1816,Supplier,W2,SKU_A,6,198
1816,Supplier,W2,SKU_B,6,48
1816,Supplier,W2,SKU_C,6,121
1816,Supplier,W2,SKU_D,6,114
1816,Supplier,W2,SKU_E,6,66
1816,W1,R2,SKU_A,3,75
1816,W1,R2,SKU_B,3,36
1816,W1,R2,SKU_C,3,30
1816,W1,R2,SKU_D,3,37
1816,W1,R2,SKU_E,3,40
1817,Supplier,W1,SKU_A,5,449
1817,Supplier,W1,SKU_B,5,208
1817,Supplier,W1,SKU_C,5,263
1817,Supplier,W1,SKU_D,5,203
1817,Supplier,W1,SKU_E,5,152
1817,Supplier,W2,SKU_A,6,142
1817,Supplier,W2,SKU_B,6,31
1817,Supplier,W2,SKU_C,6,82
1817,Supplier,W2,SKU_D,6,73
1817,Supplier,W2,SKU_E,6,52
1817,W1,R1,SKU_A,2,260
1817,W1,R1,SKU_B,2,98
1817,W1,R1,SKU_C,2,145
1817,W1,R1,SKU_D,2,99
1817,W1,R1,SKU_E,2,61
1817,W1,R2,SKU_A,3,74
1817,W1,R2,SKU_B,3,37
1817,W1,R2,SKU_C,3,21
1817,W1,R2,SKU_D,3,47
1817,W1,R2,SKU_E,3,33
1817,W2,R3,SKU_A,4,270
1817,W2,R3,SKU_B,4,63
1817,W2,R3,SKU_C,4,155
1817,W2,R3,SKU_D,4,142
1817,W2,R3,SKU_E,4,111
1818,Supplier,W2,SKU_A,6,128
1818,Supplier,W2,SKU_B,6,32
1818,Supplier,W2,SKU_C,6,73
1818,Supplier,W2,SKU_D,6,69
1818,Supplier,W2,SKU_E,6,59
1818,W1,R2,SKU_A,3,73
1818,W1,R2,SKU_B,3,35
1818,W1,R2,SKU_C,3,24
1818,W1,R2,SKU_D,3,36
1818,W1,R2,SKU_E,3,35
1819,Supplier,W2,SKU_A,6,145
1819,Supplier,W2,SKU_B,6,33
1819,Supplier,W2,SKU_C,6,74
1819,Supplier,W2,SKU_D,6,78
1819,Supplier,W2,SKU_E,6,48
1819,W1,R1,SKU_A,2,216
1819,W1,R1,SKU_B,2,55
1819,W1,R1,SKU_C,2,121
1819,W1,R1,SKU_D,2,75
1819,W1,R1,SKU_E,2,54
1819,W1,R2,SKU_A,3,59
1819,W1,R2,SKU_B,3,24
1819,W1,R2,SKU_C,3,26
1819,W1,R2,SKU_D,3,41
1819,W1,R2,SKU_E,3,30
1819,W2,R3,SKU_A,4,300
1819,W2,R3,SKU_B,4,79
1819,W2,R3,SKU_C,4,132
1819,W2,R3,SKU_D,4,128
1819,W2,R3,SKU_E,4,111
1820,Supplier,W1,SKU_A,5,531
1820,Supplier,W1,SKU_B,5,189
1820,Supplier,W1,SKU_C,5,246
1820,Supplier,W1,SKU_D,5,247
1820,Supplier,W1,SKU_E,5,182
1820,Supplier,W2,SKU_A,6,155
1820,Supplier,W2,SKU_B,6,46
1820,Supplier,W2,SKU_C,6,58
1820,Supplier,W2,SKU_D,6,50
1820,Supplier,W2,SKU_E,6,63
1820,W1,R2,SKU_A,3,63
1820,W1,R2,SKU_B,3,39
1820,W1,R2,SKU_C,3,33
1820,W1,R2,SKU_D,3,42
1820,W1,R2,SKU_E,3,40
1821,Supplier,W2,SKU_A,6,168
1821,Supplier,W2,SKU_B,6,42
1821,Supplier,W2,SKU_C,6,73
1821,Supplier,W2,SKU_D,6,75
1821,Supplier,W2,SKU_E,6,60
1821,W1,R1,SKU_A,2,290
1821,W1,R1,SKU_B,2,115
1821,W1,R1,SKU_C,2,192
1821,W1,R1,SKU_D,2,113
1821,W1,R1,SKU_E,2,69
1821,W1,R2,SKU_A,3,86
1821,W1,R2,SKU_B,3,57
1821,W1,R2,SKU_C,3,39
1821,W1,R2,SKU_D,3,51
1821,W1,R2,SKU_E,3,44
1821,W2,R3,SKU_A,4,375
1821,W2,R3,SKU_B,4,112
1821,W2,R3,SKU_C,4,201
1821,W2,R3,SKU_D,4,163
1821,W2,R3,SKU_E,4,125
1822,Supplier,W1,SKU_A,5,439
1822,Supplier,W1,SKU_B,5,211
1822,Supplier,W1,SKU_C,5,264
1822,Supplier,W1,SKU_D,5,206
1822,Supplier,W1,SKU_E,5,153
1822,Supplier,W2,SKU_A,6,207
1822,Supplier,W2,SKU_B,6,70
1822,Supplier,W2,SKU_C,6,128
1822,Supplier,W2,SKU_D,6,88
1822,Supplier,W2,SKU_E,6,65
1822,W1,R1,SKU_A,2,164
1822,W1,R1,SKU_B,2,61
1822,W1,R1,SKU_C,2,97
1822,W1,R1,SKU_D,2,79
1822,W1,R1,SKU_E,2,47
1822,W1,R2,SKU_A,3,105
1822,W1,R2,SKU_B,3,47
1822,W1,R2,SKU_C,3,47
1822,W1,R2,SKU_D,3,47
1822,W1,R2,SKU_E,3,35
1822,W2,R3,SKU_A,4,199
1822,W2,R3,SKU_B,4,40
1822,W2,R3,SKU_C,4,88
1822,W2,R3,SKU_D,4,82
1822,W2,R3,SKU_E,4,75
1823,Supplier,W2,SKU_A,6,199
1823,Supplier,W2,SKU_B,6,40
1823,Supplier,W2,SKU_C,6,88
1823,Supplier,W2,SKU_D,6,82
1823,Supplier,W2,SKU_E,6,75
1823,W1,R2,SKU_A,3,81
1823,W1,R2,SKU_B,3,26
1823,W1,R2,SKU_C,3,37
1823,W1,R2,SKU_D,3,38
1823,W1,R2,SKU_E,3,27
1824,Supplier,W1,SKU_A,5,470
1824,Supplier,W1,SKU_B,5,164
1824,Supplier,W1,SKU_C,5,240
1824,Supplier,W1,SKU_D,5,208
1824,Supplier,W1,SKU_E,5,134
1824,Supplier,W2,SKU_A,6,111
1824,Supplier,W2,SKU_B,6,39
1824,Supplier,W2,SKU_C,6,62
1824,Supplier,W2,SKU_D,6,60
1824,Supplier,W2,SKU_E,6,59
1824,W1,R1,SKU_A,2,230
1824,W1,R1,SKU_B,2,67
1824,W1,R1,SKU_C,2,124
1824,W1,R1,SKU_D,2,82
1824,W1,R1,SKU_E,2,57
1824,W1,R2,SKU_A,3,77
1824,W1,R2,SKU_B,3,27
1824,W1,R2,SKU_C,3,25
1824,W1,R2,SKU_D,3,31
1824,W1,R2,SKU_E,3,26
1824,W2,R3,SKU_A,4,198
1824,W2,R3,SKU_B,4,64
1824,W2,R3,SKU_C,4,111
1824,W2,R3,SKU_D,4,120
1824,W2,R3,SKU_E,4,101
1825,Supplier,W2,SKU_A,6,87
1825,Supplier,W2,SKU_B,6,25
1825,Supplier,W2,SKU_C,6,49
1825,Supplier,W2,SKU_D,6,60
1825,Supplier,W2,SKU_E,6,42
1825,W1,R2,SKU_A,3,72
1825,W1,R2,SKU_B,3,37
1825,W1,R2,SKU_C,3,26
1825,W1,R2,SKU_D,3,34
1825,W1,R2,SKU_E,3,36
1826,Supplier,W2,SKU_A,6,137
1826,Supplier,W2,SKU_B,6,38
1826,Supplier,W2,SKU_C,6,44
1826,Supplier,W2,SKU_D,6,61
1826,Supplier,W2,SKU_E,6,40
1826,W1,R1,SKU_A,2,182
1826,W1,R1,SKU_B,2,81
1826,W1,R1,SKU_C,2,91
1826,W1,R1,SKU_D,2,82
1826,W1,R1,SKU_E,2,65
1826,W1,R2,SKU_A,3,68
1826,W1,R2,SKU_B,3,28
1826,W1,R2,SKU_C,3,29
1826,W1,R2,SKU_D,3,56
1826,W1,R2,SKU_E,3,32
1826,W2,R3,SKU_A,4,279
1826,W2,R3,SKU_B,4,80
1826,W2,R3,SKU_C,4,115
1826,W2,R3,SKU_D,4,132
1826,W2,R3,SKU_E,4,84
1827,Supplier,W1,SKU_A,5,509
1827,Supplier,W1,SKU_B,5,210
1827,Supplier,W1,SKU_C,5,236
1827,Supplier,W1,SKU_D,5,241
1827,Supplier,W1,SKU_E,5,191
1827,Supplier,W2,SKU_A,6,142
1827,Supplier,W2,SKU_B,6,42
1827,Supplier,W2,SKU_C,6,71
1827,Supplier,W2,SKU_D,6,71
1827,Supplier,W2,SKU_E,6,44
1827,W1,R2,SKU_A,3,87
1827,W1,R2,SKU_B,3,65
1827,W1,R2,SKU_C,3,36
1827,W1,R2,SKU_D,3,45
1827,W1,R2,SKU_E,3,46
1827,W2,R3,SKU_A,4,150
1827,W2,R3,SKU_B,4,66
1827,W2,R3,SKU_C,4,93
1827,W2,R3,SKU_D,4,75
1827,W2,R3,SKU_E,4,49
1828,Supplier,W2,SKU_A,6,150
1828,Supplier,W2,SKU_B,6,66
1828,Supplier,W2,SKU_C,6,93
1828,Supplier,W2,SKU_D,6,75
1828,Supplier,W2,SKU_E,6,49
1828,W1,R1,SKU_A,2,255
1828,W1,R1,SKU_B,2,137
1828,W1,R1,SKU_C,2,199
1828,W1,R1,SKU_D,2,138
1828,W1,R1,SKU_E,2,91
1828,W1,R2,SKU_A,3,106
1828,W1,R2,SKU_B,3,53
1828,W1,R2,SKU_C,3,50
1828,W1,R2,SKU_D,3,54
1828,W1,R2,SKU_E,3,48
1828,W2,R3,SKU_A,4,179
1828,W2,R3,SKU_B,4,72
1828,W2,R3,SKU_C,4,140
1828,W2,R3,SKU_D,4,140
1828,W2,R3,SKU_E,4,79
1829,Supplier,W1,SKU_A,5,448
1829,Supplier,W1,SKU_B,5,255
1829,Supplier,W1,SKU_C,5,285
1829,Supplier,W1,SKU_D,5,237
1829,Supplier,W1,SKU_E,5,185
1829,Supplier,W2,SKU_A,6,179
1829,Supplier,W2,SKU_B,6,72
1829,Supplier,W2,SKU_C,6,140
1829,Supplier,W2,SKU_D,6,140
1829,Supplier,W2,SKU_E,6,79
1829,W1,R1,SKU_A,2,146
1829,W1,R1,SKU_B,2,63
1829,W1,R1,SKU_C,2,120
1829,W1,R1,SKU_D,2,84
1829,W1,R1,SKU_E,2,56
1829,W1,R2,SKU_A,3,96
1829,W1,R2,SKU_B,3,65
1829,W1,R2,SKU_C,3,43
1829,W1,R2,SKU_D,3,44
1829,W1,R2,SKU_E,3,46
1829,W2,R3,SKU_A,4,195
1829,W2,R3,SKU_B,4,55
1829,W2,R3,SKU_C,4,129
1829,W2,R3,SKU_D,4,122
1829,W2,R3,SKU_E,4,79
1830,Supplier,W2,SKU_A,6,195
1830,Supplier,W2,SKU_B,6,55
1830,Supplier,W2,SKU_C,6,129
1830,Supplier,W2,SKU_D,6,122
1830,Supplier,W2,SKU_E,6,79
1830,W1,R2,SKU_A,3,85
1830,W1,R2,SKU_B,3,52
1830,W1,R2,SKU_C,3,33
1830,W1,R2,SKU_D,3,48
1830,W1,R2,SKU_E,3,43
1831,Supplier,W1,SKU_A,5,437
1831,Supplier,W1,SKU_B,5,231
1831,Supplier,W1,SKU_C,5,255
1831,Supplier,W1,SKU_D,5,224
1831,Supplier,W1,SKU_E,5,179
1831,Supplier,W2,SKU_A,6,181
1831,Supplier,W2,SKU_B,6,39
1831,Supplier,W2,SKU_C,6,100
1831,Supplier,W2,SKU_D,6,87
1831,Supplier,W2,SKU_E,6,58
1831,W1,R1,SKU_A,2,199
1831,W1,R1,SKU_B,2,90
1831,W1,R1,SKU_C,2,121
1831,W1,R1,SKU_D,2,91
1831,W1,R1,SKU_E,2,67
1831,W1,R2,SKU_A,3,88
1831,W1,R2,SKU_B,3,34
1831,W1,R2,SKU_C,3,32
1831,W1,R2,SKU_D,3,45
1831,W1,R2,SKU_E,3,42
1831,W2,R3,SKU_A,4,325
1831,W2,R3,SKU_B,4,76
1831,W2,R3,SKU_C,4,183
1831,W2,R3,SKU_D,4,157
1831,W2,R3,SKU_E,4,123
1832,Supplier,W2,SKU_A,6,144
1832,Supplier,W2,SKU_B,6,37
1832,Supplier,W2,SKU_C,6,83
1832,Supplier,W2,SKU_D,6,70
1832,Supplier,W2,SKU_E,6,65
1832,W1,R2,SKU_A,3,96
1832,W1,R2,SKU_B,3,49
1832,W1,R2,SKU_C,3,32
1832,W1,R2,SKU_D,3,37
1832,W1,R2,SKU_E,3,47
1832,W2,R3,SKU_A,4,165
1832,W2,R3,SKU_B,4,48
1832,W2,R3,SKU_C,4,79
1832,W2,R3,SKU_D,4,104
1832,W2,R3,SKU_E,4,60
1833,Supplier,W1,SKU_A,5,395
1833,Supplier,W1,SKU_B,5,161
1833,Supplier,W1,SKU_C,5,189
1833,Supplier,W1,SKU_D,5,189
1833,Supplier,W1,SKU_E,5,161
1833,Supplier,W2,SKU_A,6,165
1833,Supplier,W2,SKU_B,6,48
1833,Supplier,W2,SKU_C,6,79
1833,Supplier,W2,SKU_D,6,104
1833,Supplier,W2,SKU_E,6,60
1833,W1,R1,SKU_A,2,228
1833,W1,R1,SKU_B,2,83
1833,W1,R1,SKU_C,2,140
1833,W1,R1,SKU_D,2,112
1833,W1,R1,SKU_E,2,70
1833,W1,R2,SKU_A,3,78
1833,W1,R2,SKU_B,3,42
1833,W1,R2,SKU_C,3,35
1833,W1,R2,SKU_D,3,44
1833,W1,R2,SKU_E,3,56
1834,Supplier,W2,SKU_A,6,141
1834,Supplier,W2,SKU_B,6,45
1834,Supplier,W2,SKU_C,6,82
1834,Supplier,W2,SKU_D,6,78
1834,Supplier,W2,SKU_E,6,59
1834,W1,R2,SKU_A,3,75
1834,W1,R2,SKU_B,3,65
1834,W1,R2,SKU_C,3,37
1834,W1,R2,SKU_D,3,63
1834,W1,R2,SKU_E,3,49
1834,W2,R3,SKU_A,4,326
1834,W2,R3,SKU_B,4,82
1834,W2,R3,SKU_C,4,199
1834,W2,R3,SKU_D,4,185
1834,W2,R3,SKU_E,4,123
1835,Supplier,W1,SKU_A,5,363
1835,Supplier,W1,SKU_B,5,195
1835,Supplier,W1,SKU_C,5,234
1835,Supplier,W1,SKU_D,5,217
1835,Supplier,W1,SKU_E,5,168
1835,Supplier,W2,SKU_A,6,185
1835,Supplier,W2,SKU_B,6,37
1835,Supplier,W2,SKU_C,6,117
1835,Supplier,W2,SKU_D,6,107
1835,Supplier,W2,SKU_E,6,64
1835,W1,R1,SKU_A,2,277
1835,W1,R1,SKU_B,2,136
1835,W1,R1,SKU_C,2,213
1835,W1,R1,SKU_D,2,135
1835,W1,R1,SKU_E,2,96
1835,W1,R2,SKU_A,3,114
1835,W1,R2,SKU_B,3,62
1835,W1,R2,SKU_C,3,39
1835,W1,R2,SKU_D,3,43
1835,W1,R2,SKU_E,3,45
1835,W2,R3,SKU_A,4,230
1835,W2,R3,SKU_B,4,50
1835,W2,R3,SKU_C,4,147
1835,W2,R3,SKU_D,4,141
1835,W2,R3,SKU_E,4,86
1836,Supplier,W2,SKU_A,6,230
1836,Supplier,W2,SKU_B,6,50
1836,Supplier,W2,SKU_C,6,147
1836,Supplier,W2,SKU_D,6,141
1836,Supplier,W2,SKU_E,6,86
1836,W1,R1,SKU_A,2,145
1836,W1,R1,SKU_B,2,78
1836,W1,R1,SKU_C,2,99
1836,W1,R1,SKU_D,2,55
1836,W1,R1,SKU_E,2,53
1836,W1,R2,SKU_A,3,112
1836,W1,R2,SKU_B,3,68
1836,W1,R2,SKU_C,3,51
1836,W1,R2,SKU_D,3,48
1836,W1,R2,SKU_E,3,38
1836,W2,R3,SKU_A,4,207
1836,W2,R3,SKU_B,4,56
1836,W2,R3,SKU_C,4,127
1836,W2,R3,SKU_D,4,121
1836,W2,R3,SKU_E,4,101
1837,Supplier,W1,SKU_A,5,544
1837,Supplier,W1,SKU_B,5,300
1837,Supplier,W1,SKU_C,5,317
1837,Supplier,W1,SKU_D,5,219
1837,Supplier,W1,SKU_E,5,200
1837,Supplier,W2,SKU_A,6,207
1837,Supplier,W2,SKU_B,6,56
1837,Supplier,W2,SKU_C,6,127
1837,Supplier,W2,SKU_D,6,121
1837,Supplier,W2,SKU_E,6,101
1837,W1,R2,SKU_A,3,91
1837,W1,R2,SKU_B,3,61
1837,W1,R2,SKU_C,3,47
1837,W1,R2,SKU_D,3,44
1837,W1,R2,SKU_E,3,42
1838,Supplier,W2,SKU_A,6,158
1838,Supplier,W2,SKU_B,6,39
1838,Supplier,W2,SKU_C,6,80
1838,Supplier,W2,SKU_D,6,83
1838,Supplier,W2,SKU_E,6,69
1838,W1,R1,SKU_A,2,202
1838,W1,R1,SKU_B,2,88
1838,W1,R1,SKU_C,2,165
1838,W1,R1,SKU_D,2,93
1838,W1,R1,SKU_E,2,64
1838,W1,R2,SKU_A,3,88
1838,W1,R2,SKU_B,3,50
1838,W1,R2,SKU_C,3,36
1838,W1,R2,SKU_D,3,55
1838,W1,R2,SKU_E,3,40
1838,W2,R3,SKU_A,4,328
1838,W2,R3,SKU_B,4,97
1838,W2,R3,SKU_C,4,178
1838,W2,R3,SKU_D,4,162
1838,W2,R3,SKU_E,4,137
1839,Supplier,W1,SKU_A,5,381
1839,Supplier,W1,SKU_B,5,199
1839,Supplier,W1,SKU_C,5,248
1839,Supplier,W1,SKU_D,5,192
1839,Supplier,W1,SKU_E,5,146
1839,Supplier,W2,SKU_A,6,170
1839,Supplier,W2,SKU_B,6,58
1839,Supplier,W2,SKU_C,6,98
1839,Supplier,W2,SKU_D,6,79
1839,Supplier,W2,SKU_E,6,68
1839,W1,R2,SKU_A,3,103
1839,W1,R2,SKU_B,3,61
1839,W1,R2,SKU_C,3,52
1839,W1,R2,SKU_D,3,51
1839,W1,R2,SKU_E,3,77
1839,W2,R3,SKU_A,4,175
1839,W2,R3,SKU_B,4,64
1839,W2,R3,SKU_C,4,135
1839,W2,R3,SKU_D,4,114
1839,W2,R3,SKU_E,4,92
1840,Supplier,W2,SKU_A,6,175
1840,Supplier,W2,SKU_B,6,64
1840,Supplier,W2,SKU_C,6,135
1840,Supplier,W2,SKU_D,6,114
1840,Supplier,W2,SKU_E,6,92
1840,W1,R1,SKU_A,2,281
1840,W1,R1,SKU_B,2,117
1840,W1,R1,SKU_C,2,212
1840,W1,R1,SKU_D,2,122
1840,W1,R1,SKU_E,2,109
1840,W1,R2,SKU_A,3,107
1840,W1,R2,SKU_B,3,41
1840,W1,R2,SKU_C,3,50
1840,W1,R2,SKU_D,3,57
1840,W1,R2,SKU_E,3,75
1840,W2,R3,SKU_A,4,250
1840,W2,R3,SKU_B,4,72
1840,W2,R3,SKU_C,4,143
1840,W2,R3,SKU_D,4,135
1840,W2,R3,SKU_E,4,107
1841,Supplier,W1,SKU_A,5,491
1841,Supplier,W1,SKU_B,5,219
1841,Supplier,W1,SKU_C,5,314
1841,Supplier,W1,SKU_D,5,230
1841,Supplier,W1,SKU_E,5,261
1841,Supplier,W2,SKU_A,6,250
1841,Supplier,W2,SKU_B,6,72
1841,Supplier,W2,SKU_C,6,143
1841,Supplier,W2,SKU_D,6,135
1841,Supplier,W2,SKU_E,6,107
1841,W1,R1,SKU_A,2,159
1841,W1,R1,SKU_B,2,59
1841,W1,R1,SKU_C,2,102
1841,W1,R1,SKU_D,2,50
1841,W1,R1,SKU_E,2,43
1841,W1,R2,SKU_A,3,94
1841,W1,R2,SKU_B,3,54
1841,W1,R2,SKU_C,3,50
1841,W1,R2,SKU_D,3,42
1841,W1,R2,SKU_E,3,64
1841,W2,R3,SKU_A,4,251
1841,W2,R3,SKU_B,4,75
1841,W2,R3,SKU_C,4,178
1841,W2,R3,SKU_D,4,118
1841,W2,R3,SKU_E,4,100
1842,Supplier,W2,SKU_A,6,251
1842,Supplier,W2,SKU_B,6,75
1842,Supplier,W2,SKU_C,6,178
1842,Supplier,W2,SKU_D,6,118
1842,Supplier,W2,SKU_E,6,100
1842,W1,R1,SKU_A,2,206
1842,W1,R1,SKU_B,2,71
1842,W1,R1,SKU_C,2,153
1842,W1,R1,SKU_D,2,65
1842,W1,R1,SKU_E,2,67
1842,W1,R2,SKU_A,3,125
1842,W1,R2,SKU_B,3,65
1842,W1,R2,SKU_C,3,62
1842,W1,R2,SKU_D,3,66
1842,W1,R2,SKU_E,3,75
1842,W2,R3,SKU_A,4,305
1842,W2,R3,SKU_B,4,54
1842,W2,R3,SKU_C,4,162
1842,W2,R3,SKU_D,4,141
1842,W2,R3,SKU_E,4,101
1843,Supplier,W1,SKU_A,5,584
1843,Supplier,W1,SKU_B,5,249
1843,Supplier,W1,SKU_C,5,367
1843,Supplier,W1,SKU_D,5,223
1843,Supplier,W1,SKU_E,5,249
1843,Supplier,W2,SKU_A,6,305
1843,Supplier,W2,SKU_B,6,54
1843,Supplier,W2,SKU_C,6,162
1843,Supplier,W2,SKU_D,6,141
1843,Supplier,W2,SKU_E,6,101
1843,W1,R1,SKU_A,2,191
1843,W1,R1,SKU_B,2,74
1843,W1,R1,SKU_C,2,139
1843,W1,R1,SKU_D,2,89
1843,W1,R1,SKU_E,2,49
1843,W1,R2,SKU_A,3,89
1843,W1,R2,SKU_B,3,53
1843,W1,R2,SKU_C,3,25
1843,W1,R2,SKU_D,3,47
1843,W1,R2,SKU_E,3,44
1843,W2,R3,SKU_A,4,225
1843,W2,R3,SKU_B,4,86
1843,W2,R3,SKU_C,4,171
1843,W2,R3,SKU_D,4,129
1843,W2,R3,SKU_E,4,111
1844,Supplier,W2,SKU_A,6,225
1844,Supplier,W2,SKU_B,6,86
1844,Supplier,W2,SKU_C,6,171
1844,Supplier,W2,SKU_D,6,129
1844,Supplier,W2,SKU_E,6,121
1844,W1,R1,SKU_A,2,151
1844,W1,R1,SKU_B,2,80
1844,W1,R1,SKU_C,2,112
1844,W1,R1,SKU_D,2,65
1844,W1,R1,SKU_E,2,51
1844,W1,R2,SKU_A,3,147
1844,W1,R2,SKU_B,3,72
1844,W1,R2,SKU_C,3,71
1844,W1,R2,SKU_D,3,74
1844,W1,R2,SKU_E,3,77
1844,W2,R3,SKU_A,4,188
1844,W2,R3,SKU_B,4,64
1844,W2,R3,SKU_C,4,139
1844,W2,R3,SKU_D,4,91
1844,W2,R3,SKU_E,4,69
1845,Supplier,W1,SKU_A,5,578
1845,Supplier,W1,SKU_B,5,279
1845,Supplier,W1,SKU_C,5,347
1845,Supplier,W1,SKU_D,5,275
1845,Supplier,W1,SKU_E,5,221
1845,Supplier,W2,SKU_A,6,188
1845,Supplier,W2,SKU_B,6,64
1845,Supplier,W2,SKU_C,6,139
1845,Supplier,W2,SKU_D,6,91
1845,Supplier,W2,SKU_E,6,107
1845,W1,R2,SKU_B,3,59
1845,W1,R2,SKU_D,3,36
1845,W2,R3,SKU_A,4,175
1845,W2,R3,SKU_B,4,56
1845,W2,R3,SKU_C,4,124
1845,W2,R3,SKU_D,4,104
1845,W2,R3,SKU_E,4,68
1846,Supplier,W2,SKU_A,6,175
1846,Supplier,W2,SKU_B,6,56
1846,Supplier,W2,SKU_C,6,124
1846,Supplier,W2,SKU_D,6,104
1846,Supplier,W2,SKU_E,6,86
1846,W1,R1,SKU_A,2,243
1846,W1,R1,SKU_B,2,88
1846,W1,R1,SKU_C,2,174
1846,W1,R1,SKU_D,2,117
1846,W1,R1,SKU_E,2,70
1846,W1,R2,SKU_A,3,182
1846,W1,R2,SKU_B,3,47
1846,W1,R2,SKU_C,3,88
1846,W1,R2,SKU_D,3,65
1846,W1,R2,SKU_E,3,90
1846,W2,R3,SKU_A,4,144
1846,W2,R3,SKU_B,4,51
1846,W2,R3,SKU_C,4,93
1846,W2,R3,SKU_D,4,73
1846,W2,R3,SKU_E,4,92
1847,Supplier,W1,SKU_A,5,425
1847,Supplier,W1,SKU_B,5,194
1847,Supplier,W1,SKU_C,5,262
1847,Supplier,W1,SKU_D,5,218
1847,Supplier,W1,SKU_E,5,160
1847,Supplier,W2,SKU_A,6,144
1847,Supplier,W2,SKU_B,6,51
1847,Supplier,W2,SKU_C,6,93
1847,Supplier,W2,SKU_D,6,73
1847,Supplier,W2,SKU_E,6,69
1847,W1,R2,SKU_A,3,29
1847,W1,R2,SKU_B,3,33
1847,W1,R2,SKU_C,3,29
1847,W1,R2,SKU_D,3,38
1847,W1,R2,SKU_E,3,50
1847,W2,R3,SKU_A,4,119
1847,W2,R3,SKU_B,4,64
1847,W2,R3,SKU_C,4,109
1847,W2,R3,SKU_D,4,93
1847,W2,R3,SKU_E,4,107
1848,Supplier,W2,SKU_A,6,119
1848,Supplier,W2,SKU_B,6,64
1848,Supplier,W2,SKU_C,6,109
1848,Supplier,W2,SKU_D,6,93
1848,Supplier,W2,SKU_E,6,101
1848,W1,R1,SKU_A,2,248
1848,W1,R1,SKU_B,2,107
1848,W1,R1,SKU_C,2,208
1848,W1,R1,SKU_D,2,96
1848,W1,R1,SKU_E,2,90
1848,W1,R2,SKU_A,3,111
1848,W1,R2,SKU_B,3,44
1848,W1,R2,SKU_C,3,45
1848,W1,R2,SKU_D,3,52
1848,W1,R2,SKU_E,3,46
1848,W2,R3,SKU_A,4,199
1848,W2,R3,SKU_B,4,78
1848,W2,R3,SKU_C,4,109
1848,W2,R3,SKU_D,4,134
1848,W2,R3,SKU_E,4,100
1849,Supplier,W1,SKU_A,5,388
1849,Supplier,W1,SKU_B,5,184
1849,Supplier,W1,SKU_C,5,282
1849,Supplier,W1,SKU_D,5,186
1849,Supplier,W1,SKU_E,5,186
1849,Supplier,W2,SKU_A,6,199
1849,Supplier,W2,SKU_B,6,78
1849,Supplier,W2,SKU_C,6,109
1849,Supplier,W2,SKU_D,6,134
1849,Supplier,W2,SKU_E,6,98
1849,W1,R1,SKU_A,2,159
1849,W1,R1,SKU_B,2,83
1849,W1,R1,SKU_C,2,152
1849,W1,R1,SKU_D,2,84
1849,W1,R1,SKU_E,2,66
1849,W1,R2,SKU_A,3,111
1849,W1,R2,SKU_B,3,46
1849,W1,R2,SKU_C,3,50
1849,W1,R2,SKU_D,3,56
1849,W1,R2,SKU_E,3,50
1849,W2,R3,SKU_A,4,272
1849,W2,R3,SKU_B,4,96
1849,W2,R3,SKU_C,4,217
1849,W2,R3,SKU_D,4,172
1849,W2,R3,SKU_E,4,101
1850,Supplier,W2,SKU_A,6,272
1850,Supplier,W2,SKU_B,6,96
1850,Supplier,W2,SKU_C,6,217
1850,Supplier,W2,SKU_D,6,172
1850,Supplier,W2,SKU_E,6,105
1850,W1,R1,SKU_A,2,183
1850,W1,R1,SKU_B,2,76
1850,W1,R1,SKU_C,2,129
1850,W1,R1,SKU_D,2,78
1850,W1,R1,SKU_E,2,50
1850,W1,R2,SKU_A,3,89
1850,W1,R2,SKU_B,3,77
1850,W1,R2,SKU_C,3,72
1850,W1,R2,SKU_D,3,52
1850,W1,R2,SKU_E,3,55
1850,W2,R3,SKU_A,4,260
1850,W2,R3,SKU_B,4,48
1850,W2,R3,SKU_C,4,150
1850,W2,R3,SKU_D,4,121
1850,W2,R3,SKU_E,4,121
1851,Supplier,W1,SKU_A,5,542
1851,Supplier,W1,SKU_B,5,282
1851,Supplier,W1,SKU_C,5,403
1851,Supplier,W1,SKU_D,5,270
1851,Supplier,W1,SKU_E,5,221
1851,Supplier,W2,SKU_A,6,260
1851,Supplier,W2,SKU_B,6,48
1851,Supplier,W2,SKU_C,6,150
1851,Supplier,W2,SKU_D,6,121
1851,Supplier,W2,SKU_E,6,104
1851,W1,R2,SKU_A,3,85
1851,W1,R2,SKU_B,3,46
1851,W1,R2,SKU_C,3,37
1851,W1,R2,SKU_D,3,46
1851,W1,R2,SKU_E,3,63
1851,W2,R3,SKU_A,4,149
1851,W2,R3,SKU_B,4,51
1851,W2,R3,SKU_C,4,72
1851,W2,R3,SKU_D,4,58
1851,W2,R3,SKU_E,4,103
1852,Supplier,W2,SKU_A,6,149
1852,Supplier,W2,SKU_B,6,51
1852,Supplier,W2,SKU_C,6,72
1852,Supplier,W2,SKU_D,6,58
1852,Supplier,W2,SKU_E,6,81
1852,W1,R1,SKU_A,2,219
1852,W1,R1,SKU_B,2,102
1852,W1,R1,SKU_C,2,161
1852,W1,R1,SKU_D,2,103
1852,W1,R1,SKU_E,2,82
1852,W1,R2,SKU_A,3,72
1852,W1,R2,SKU_B,3,42
1852,W1,R2,SKU_C,3,42
1852,W1,R2,SKU_D,3,43
1852,W1,R2,SKU_E,3,53
1852,W2,R3,SKU_A,4,189
1852,W2,R3,SKU_B,4,50
1852,W2,R3,SKU_C,4,76
1852,W2,R3,SKU_D,4,96
1852,W2,R3,SKU_E,4,59
1853,Supplier,W1,SKU_A,5,376
1853,Supplier,W1,SKU_B,5,190
1853,Supplier,W1,SKU_C,5,240
1853,Supplier,W1,SKU_D,5,192
1853,Supplier,W1,SKU_E,5,198
1853,Supplier,W2,SKU_A,6,189
1853,Supplier,W2,SKU_B,6,50
1853,Supplier,W2,SKU_C,6,76
1853,Supplier,W2,SKU_D,6,96
1853,Supplier,W2,SKU_E,6,59
1853,W1,R2,SKU_A,3,64
1853,W1,R2,SKU_B,3,47
1853,W1,R2,SKU_C,3,34
1853,W1,R2,SKU_D,3,46
1853,W1,R2,SKU_E,3,60
1853,W2,R3,SKU_A,4,146
1853,W2,R3,SKU_B,4,63
1853,W2,R3,SKU_C,4,92
1853,W2,R3,SKU_D,4,75
1853,W2,R3,SKU_E,4,81
1854,Supplier,W2,SKU_A,6,146
1854,Supplier,W2,SKU_B,6,63
1854,Supplier,W2,SKU_C,6,92
1854,Supplier,W2,SKU_D,6,75
1854,Supplier,W2,SKU_E,6,81
1854,W1,R1,SKU_A,2,247
1854,W1,R1,SKU_B,2,89
1854,W1,R1,SKU_C,2,132
1854,W1,R1,SKU_D,2,108
1854,W1,R1,SKU_E,2,78
1854,W1,R2,SKU_A,3,88
1854,W1,R2,SKU_B,3,56
1854,W1,R2,SKU_C,3,47
1854,W1,R2,SKU_D,3,59
1854,W1,R2,SKU_E,3,48
1854,W2,R3,SKU_A,4,164
1854,W2,R3,SKU_B,4,74
1854,W2,R3,SKU_C,4,109
1854,W2,R3,SKU_D,4,96
1854,W2,R3,SKU_E,4,84
1855,Supplier,W1,SKU_A,5,399
1855,Supplier,W1,SKU_B,5,192
1855,Supplier,W1,SKU_C,5,213
1855,Supplier,W1,SKU_D,5,213
1855,Supplier,W1,SKU_E,5,186
1855,Supplier,W2,SKU_A,6,164
1855,Supplier,W2,SKU_B,6,74
1855,Supplier,W2,SKU_C,6,109
1855,Supplier,W2,SKU_D,6,96
1855,Supplier,W2,SKU_E,6,84
1855,W1,R1,SKU_A,2,134
1855,W1,R1,SKU_B,2,60
1855,W1,R1,SKU_C,2,85
1855,W1,R1,SKU_D,2,56
1855,W1,R1,SKU_E,2,53
1855,W1,R2,SKU_A,3,81
1855,W1,R2,SKU_B,3,53
1855,W1,R2,SKU_C,3,37
1855,W1,R2,SKU_D,3,47
1855,W1,R2,SKU_E,3,51
1855,W2,R3,SKU_A,4,158
1855,W2,R3,SKU_B,4,60
1855,W2,R3,SKU_C,4,108
1855,W2,R3,SKU_D,4,116
1855,W2,R3,SKU_E,4,101
1856,Supplier,W2,SKU_A,6,158
1856,Supplier,W2,SKU_B,6,60
1856,Supplier,W2,SKU_C,6,108
1856,Supplier,W2,SKU_D,6,116
1856,Supplier,W2,SKU_E,6,101
1856,W1,R1,SKU_A,2,169
1856,W1,R1,SKU_B,2,96
1856,W1,R1,SKU_C,2,146
1856,W1,R1,SKU_D,2,84
1856,W1,R1,SKU_E,2,52
1856,W1,R2,SKU_A,3,117
1856,W1,R2,SKU_B,3,65
1856,W1,R2,SKU_C,3,60
1856,W1,R2,SKU_D,3,72
1856,W1,R2,SKU_E,3,59
1856,W2,R3,SKU_A,4,259
1856,W2,R3,SKU_B,4,61
1856,W2,R3,SKU_C,4,136
1856,W2,R3,SKU_D,4,132
1856,W2,R3,SKU_E,4,129
1857,Supplier,W1,SKU_A,5,501
1857,Supplier,W1,SKU_B,5,274
1857,Supplier,W1,SKU_C,5,328
1857,Supplier,W1,SKU_D,5,259
1857,Supplier,W1,SKU_E,5,215
1857,Supplier,W2,SKU_A,6,259
1857,Supplier,W2,SKU_B,6,61
1857,Supplier,W2,SKU_C,6,136
1857,Supplier,W2,SKU_D,6,132
1857,Supplier,W2,SKU_E,6,129
1857,W1,R1,SKU_A,2,166
1857,W1,R1,SKU_B,2,106
1857,W1,R1,SKU_C,2,145
1857,W1,R1,SKU_D,2,86
1857,W1,R1,SKU_E,2,62
1857,W1,R2,SKU_A,3,109
1857,W1,R2,SKU_B,3,61
1857,W1,R2,SKU_C,3,50
1857,W1,R2,SKU_D,3,52
1857,W1,R2,SKU_E,3,44
1857,W2,R3,SKU_A,4,217
1857,W2,R3,SKU_B,4,93
1857,W2,R3,SKU_C,4,123
1857,W2,R3,SKU_D,4,113
1857,W2,R3,SKU_E,4,113
1858,Supplier,W2,SKU_A,6,217
1858,Supplier,W2,SKU_B,6,93
1858,Supplier,W2,SKU_C,6,123
1858,Supplier,W2,SKU_D,6,113
1858,Supplier,W2,SKU_E,6,116
1858,W1,R2,SKU_A,3,83
1858,W1,R2,SKU_B,3,52
1858,W1,R2,SKU_C,3,43
1858,W1,R2,SKU_D,3,51
1858,W1,R2,SKU_E,3,40
1858,W2,R3,SKU_A,4,169
1858,W2,R3,SKU_B,4,64
1858,W2,R3,SKU_C,4,110
1858,W2,R3,SKU_D,4,82
1858,W2,R3,SKU_E,4,78
1859,Supplier,W1,SKU_A,5,465
1859,Supplier,W1,SKU_B,5,281
1859,Supplier,W1,SKU_C,5,292
1859,Supplier,W1,SKU_D,5,233
1859,Supplier,W1,SKU_E,5,188
1859,Supplier,W2,SKU_A,6,169
1859,Supplier,W2,SKU_B,6,64
1859,Supplier,W2,SKU_C,6,110
1859,Supplier,W2,SKU_D,6,82
1859,Supplier,W2,SKU_E,6,75
1859,W1,R1,SKU_A,2,217
1859,W1,R1,SKU_B,2,103
1859,W1,R1,SKU_C,2,110
1859,W1,R1,SKU_D,2,83
1859,W1,R1,SKU_E,2,87
1859,W1,R2,SKU_A,3,104
1859,W1,R2,SKU_B,3,57
1859,W1,R2,SKU_C,3,41
1859,W1,R2,SKU_D,3,54
1859,W1,R2,SKU_E,3,61
1859,W2,R3,SKU_A,4,179
1859,W2,R3,SKU_B,4,63
1859,W2,R3,SKU_C,4,95
1859,W2,R3,SKU_D,4,73
1859,W2,R3,SKU_E,4,62
1860,Supplier,W2,SKU_A,6,179
1860,Supplier,W2,SKU_B,6,63
1860,Supplier,W2,SKU_C,6,95
1860,Supplier,W2,SKU_D,6,73
1860,Supplier,W2,SKU_E,6,90
1860,W1,R2,SKU_A,3,96
1860,W1,R2,SKU_B,3,34
1860,W1,R2,SKU_C,3,46
1860,W1,R2,SKU_D,3,49
1860,W1,R2,SKU_E,3,61
1860,W2,R3,SKU_A,4,155
1860,W2,R3,SKU_B,4,57
1860,W2,R3,SKU_C,4,82
1860,W2,R3,SKU_D,4,85
1860,W2,R3,SKU_E,4,81
1861,Supplier,W1,SKU_A,5,441
1861,Supplier,W1,SKU_B,5,179
1861,Supplier,W1,SKU_C,5,214
1861,Supplier,W1,SKU_D,5,186
1861,Supplier,W1,SKU_E,5,208
1861,Supplier,W2,SKU_A,6,155
1861,Supplier,W2,SKU_B,6,57
1861,Supplier,W2,SKU_C,6,82
1861,Supplier,W2,SKU_D,6,85
1861,Supplier,W2,SKU_E,6,76
1861,W1,R1,SKU_A,2,268
1861,W1,R1,SKU_B,2,121
1861,W1,R1,SKU_C,2,163
1861,W1,R1,SKU_D,2,107
1861,W1,R1,SKU_E,2,94
1861,W1,R2,SKU_A,3,97
1861,W1,R2,SKU_B,3,43
1861,W1,R2,SKU_C,3,49
1861,W1,R2,SKU_D,3,53
1861,W1,R2,SKU_E,3,64
1861,W2,R3,SKU_A,4,192
1861,W2,R3,SKU_B,4,91
1861,W2,R3,SKU_C,4,121
1861,W2,R3,SKU_D,4,90
1861,W2,R3,SKU_E,4,84
1862,Supplier,W2,SKU_A,6,192
1862,Supplier,W2,SKU_B,6,91
1862,Supplier,W2,SKU_C,6,121
1862,Supplier,W2,SKU_D,6,90
1862,Supplier,W2,SKU_E,6,81
1862,W1,R1,SKU_A,2,109
1862,W1,R1,SKU_B,2,65
1862,W1,R1,SKU_C,2,81
1862,W1,R1,SKU_D,2,58
1862,W1,R1,SKU_E,2,64
1862,W1,R2,SKU_A,3,90
1862,W1,R2,SKU_B,3,37
1862,W1,R2,SKU_C,3,26
1862,W1,R2,SKU_D,3,54
1862,W1,R2,SKU_E,3,57
1862,W2,R3,SKU_A,4,185
1862,W2,R3,SKU_B,4,89
1862,W2,R3,SKU_C,4,99
1862,W2,R3,SKU_D,4,110
1862,W2,R3,SKU_E,4,101
1863,Supplier,W1,SKU_A,5,433
1863,Supplier,W1,SKU_B,5,219
1863,Supplier,W1,SKU_C,5,248
1863,Supplier,W1,SKU_D,5,228
1863,Supplier,W1,SKU_E,5,238
1863,Supplier,W2,SKU_A,6,185
1863,Supplier,W2,SKU_B,6,89
1863,Supplier,W2,SKU_C,6,99
1863,Supplier,W2,SKU_D,6,110
1863,Supplier,W2,SKU_E,6,101
1863,W1,R1,SKU_A,2,160
1863,W1,R1,SKU_B,2,89
1863,W1,R1,SKU_C,2,120
1863,W1,R1,SKU_D,2,74
1863,W1,R1,SKU_E,2,62
1863,W1,R2,SKU_A,3,95
1863,W1,R2,SKU_B,3,69
1863,W1,R2,SKU_C,3,51
1863,W1,R2,SKU_D,3,82
1863,W1,R2,SKU_E,3,53
1863,W2,R3,SKU_A,4,202
1863,W2,R3,SKU_B,4,77
1863,W2,R3,SKU_C,4,138
1863,W2,R3,SKU_D,4,117
1863,W2,R3,SKU_E,4,129
1864,Supplier,W2,SKU_A,6,202
1864,Supplier,W2,SKU_B,6,77
1864,Supplier,W2,SKU_C,6,138
1864,Supplier,W2,SKU_D,6,117
1864,Supplier,W2,SKU_E,6,127
1864,W1,R1,SKU_A,2,184
1864,W1,R1,SKU_B,2,91
1864,W1,R1,SKU_C,2,147
1864,W1,R1,SKU_D,2,99
1864,W1,R1,SKU_E,2,66
1864,W1,R2,SKU_A,3,108
1864,W1,R2,SKU_B,3,56
1864,W1,R2,SKU_C,3,68
1864,W1,R2,SKU_D,3,58
1864,W1,R2,SKU_E,3,73
1864,W2,R3,SKU_A,4,223
1864,W2,R3,SKU_B,4,64
1864,W2,R3,SKU_C,4,169
1864,W2,R3,SKU_D,4,90
1864,W2,R3,SKU_E,4,108
1865,Supplier,W1,SKU_A,5,547
1865,Supplier,W1,SKU_B,5,305
1865,Supplier,W1,SKU_C,5,386
1865,Supplier,W1,SKU_D,5,313
1865,Supplier,W1,SKU_E,5,254
1865,Supplier,W2,SKU_A,6,223
1865,Supplier,W2,SKU_B,6,64
1865,Supplier,W2,SKU_C,6,169
1865,Supplier,W2,SKU_D,6,90
1865,Supplier,W2,SKU_E,6,90
1865,W1,R2,SKU_A,3,105
1865,W1,R2,SKU_B,3,51
1865,W1,R2,SKU_C,3,40
1865,W1,R2,SKU_D,3,43
1865,W2,R3,SKU_A,4,164
1865,W2,R3,SKU_B,4,83
1865,W2,R3,SKU_C,4,86
1865,W2,R3,SKU_D,4,101
1865,W2,R3,SKU_E,4,83
1866,Supplier,W2,SKU_A,6,164
1866,Supplier,W2,SKU_B,6,83
1866,Supplier,W2,SKU_C,6,86
1866,Supplier,W2,SKU_D,6,101
1866,Supplier,W2,SKU_E,6,86
1866,W1,R1,SKU_A,2,222
1866,W1,R1,SKU_B,2,92
1866,W1,R1,SKU_C,2,119
1866,W1,R1,SKU_D,2,113
1866,W1,R1,SKU_E,2,91
1866,W1,R2,SKU_A,3,90
1866,W1,R2,SKU_B,3,48
1866,W1,R2,SKU_C,3,50
1866,W1,R2,SKU_D,3,46
1866,W1,R2,SKU_E,3,116
1866,W2,R3,SKU_A,4,156
1866,W2,R3,SKU_B,4,61
1866,W2,R3,SKU_C,4,67
1866,W2,R3,SKU_D,4,65
1866,W2,R3,SKU_E,4,90
1867,Supplier,W1,SKU_A,5,417
1867,Supplier,W1,SKU_B,5,191
1867,Supplier,W1,SKU_C,5,209
1867,Supplier,W1,SKU_D,5,202
1867,Supplier,W1,SKU_E,5,207
1867,Supplier,W2,SKU_A,6,156
1867,Supplier,W2,SKU_B,6,61
1867,Supplier,W2,SKU_C,6,67
1867,Supplier,W2,SKU_D,6,65
1867,Supplier,W2,SKU_E,6,92
1867,W1,R2,SKU_A,3,87
1867,W1,R2,SKU_B,3,56
1867,W1,R2,SKU_C,3,29
1867,W1,R2,SKU_D,3,37
1867,W1,R2,SKU_E,3,8
1867,W2,R3,SKU_A,4,164
1867,W2,R3,SKU_B,4,67
1867,W2,R3,SKU_C,4,70
1867,W2,R3,SKU_D,4,71
1867,W2,R3,SKU_E,4,76
1868,Supplier,W2,SKU_A,6,164
1868,Supplier,W2,SKU_B,6,67
1868,Supplier,W2,SKU_C,6,70
1868,Supplier,W2,SKU_D,6,71
1868,Supplier,W2,SKU_E,6,79
1868,W1,R1,SKU_A,2,254
1868,W1,R1,SKU_B,2,119
1868,W1,R1,SKU_C,2,151
1868,W1,R1,SKU_D,2,109
1868,W1,R1,SKU_E,2,100
1868,W1,R2,SKU_A,3,86
1868,W1,R2,SKU_B,3,43
1868,W1,R2,SKU_C,3,49
1868,W1,R2,SKU_D,3,38
1868,W1,R2,SKU_E,3,96
1868,W2,R3,SKU_A,4,178
1868,W2,R3,SKU_B,4,78
1868,W2,R3,SKU_C,4,90
1868,W2,R3,SKU_D,4,95
1868,W2,R3,SKU_E,4,81
1869,Supplier,W1,SKU_A,5,427
1869,Supplier,W1,SKU_B,5,218
1869,Supplier,W1,SKU_C,5,229
1869,Supplier,W1,SKU_D,5,184
1869,Supplier,W1,SKU_E,5,204
1869,Supplier,W2,SKU_A,6,178
1869,Supplier,W2,SKU_B,6,78
1869,Supplier,W2,SKU_C,6,90
1869,Supplier,W2,SKU_D,6,95
1869,Supplier,W2,SKU_E,6,91
1869,W1,R1,SKU_A,2,116
1869,W1,R1,SKU_B,2,70
1869,W1,R1,SKU_C,2,108
1869,W1,R1,SKU_D,2,55
1869,W1,R1,SKU_E,2,55
1869,W1,R2,SKU_A,3,79
1869,W1,R2,SKU_B,3,54
1869,W1,R2,SKU_C,3,35
1869,W1,R2,SKU_D,3,47
1869,W1,R2,SKU_E,3,29
1869,W2,R3,SKU_A,4,197
1869,W2,R3,SKU_B,4,84
1869,W2,R3,SKU_C,4,130
1869,W2,R3,SKU_D,4,87
1869,W2,R3,SKU_E,4,101
1870,Supplier,W2,SKU_A,6,197
1870,Supplier,W2,SKU_B,6,84
1870,Supplier,W2,SKU_C,6,130
1870,Supplier,W2,SKU_D,6,87
1870,Supplier,W2,SKU_E,6,104
1870,W1,R1,SKU_A,2,164
1870,W1,R1,SKU_B,2,103
1870,W1,R1,SKU_C,2,139
1870,W1,R1,SKU_D,2,90
1870,W1,R1,SKU_E,2,65
1870,W1,R2,SKU_A,3,125
1870,W1,R2,SKU_B,3,54
1870,W1,R2,SKU_C,3,49
1870,W1,R2,SKU_D,3,70
1870,W1,R2,SKU_E,3,87
1870,W2,R3,SKU_A,4,219
1870,W2,R3,SKU_B,4,104
1870,W2,R3,SKU_C,4,142
1870,W2,R3,SKU_D,4,128
1870,W2,R3,SKU_E,4,127
1871,Supplier,W1,SKU_A,5,484
1871,Supplier,W1,SKU_B,5,281
1871,Supplier,W1,SKU_C,5,331
1871,Supplier,W1,SKU_D,5,262
1871,Supplier,W1,SKU_E,5,236
1871,Supplier,W2,SKU_A,6,219
1871,Supplier,W2,SKU_B,6,104
1871,Supplier,W2,SKU_C,6,142
1871,Supplier,W2,SKU_D,6,128
1871,Supplier,W2,SKU_E,6,117
1871,W1,R1,SKU_A,2,145
1871,W1,R1,SKU_B,2,66
1871,W1,R1,SKU_C,2,122
1871,W1,R1,SKU_D,2,81
1871,W1,R1,SKU_E,2,72
1871,W1,R2,SKU_A,3,122
1871,W1,R2,SKU_B,3,39
1871,W1,R2,SKU_C,3,49
1871,W1,R2,SKU_D,3,56
1871,W1,R2,SKU_E,3,30
1871,W2,R3,SKU_A,4,214
1871,W2,R3,SKU_B,4,81
1871,W2,R3,SKU_C,4,153
1871,W2,R3,SKU_D,4,140
1871,W2,R3,SKU_E,4,90
1872,Supplier,W2,SKU_A,6,214
1872,Supplier,W2,SKU_B,6,81
1872,Supplier,W2,SKU_C,6,153
1872,Supplier,W2,SKU_D,6,140
1872,Supplier,W2,SKU_E,6,90
1872,W1,R1,SKU_A,2,130
1872,W1,R1,SKU_B,2,61
1872,W1,R1,SKU_C,2,83
1872,W1,R1,SKU_D,2,73
1872,W1,R1,SKU_E,2,55
1872,W1,R2,SKU_A,3,81
1872,W1,R2,SKU_B,3,49
1872,W1,R2,SKU_C,3,46
1872,W1,R2,SKU_D,3,51
1872,W1,R2,SKU_E,3,80
1872,W2,R3,SKU_A,4,192
1872,W2,R3,SKU_B,4,76
1872,W2,R3,SKU_C,4,121
1872,W2,R3,SKU_D,4,97
1872,W2,R3,SKU_E,4,86
1873,Supplier,W1,SKU_A,5,478
1873,Supplier,W1,SKU_B,5,215
1873,Supplier,W1,SKU_C,5,300
1873,Supplier,W1,SKU_D,5,261
1873,Supplier,W1,SKU_E,5,237
1873,Supplier,W2,SKU_A,6,192
1873,Supplier,W2,SKU_B,6,76
1873,Supplier,W2,SKU_C,6,121
1873,Supplier,W2,SKU_D,6,97
1873,Supplier,W2,SKU_E,6,77
1873,W1,R1,SKU_A,2,116
1873,W1,R1,SKU_B,2,57
1873,W1,R1,SKU_C,2,86
1873,W1,R1,SKU_D,2,50
1873,W1,R1,SKU_E,2,59
1873,W1,R2,SKU_A,3,64
1873,W1,R2,SKU_B,3,48
1873,W1,R2,SKU_C,3,34
1873,W1,R2,SKU_D,3,40
1873,W1,R2,SKU_E,3,13
1873,W2,R3,SKU_A,4,183
1873,W2,R3,SKU_B,4,59
1873,W2,R3,SKU_C,4,133
1873,W2,R3,SKU_D,4,92
1873,W2,R3,SKU_E,4,76
1874,Supplier,W2,SKU_A,6,183
1874,Supplier,W2,SKU_B,6,59
1874,Supplier,W2,SKU_C,6,133
1874,Supplier,W2,SKU_D,6,92
1874,Supplier,W2,SKU_E,6,74
1874,W1,R2,SKU_A,3,77
1874,W1,R2,SKU_B,3,52
1874,W1,R2,SKU_C,3,60
1874,W1,R2,SKU_D,3,40
1874,W1,R2,SKU_E,3,107
1874,W2,R3,SKU_A,4,168
1874,W2,R3,SKU_B,4,61
1874,W2,R3,SKU_C,4,101
1874,W2,R3,SKU_D,4,95
1874,W2,R3,SKU_E,4,75
1875,Supplier,W1,SKU_A,5,366
1875,Supplier,W1,SKU_B,5,207
1875,Supplier,W1,SKU_C,5,244
1875,Supplier,W1,SKU_D,5,184
1875,Supplier,W1,SKU_E,5,215
1875,Supplier,W2,SKU_A,6,168
1875,Supplier,W2,SKU_B,6,61
1875,Supplier,W2,SKU_C,6,101
1875,Supplier,W2,SKU_D,6,95
1875,Supplier,W2,SKU_E,6,75
1875,W1,R1,SKU_A,2,235
1875,W1,R1,SKU_B,2,98
1875,W1,R1,SKU_C,2,147
1875,W1,R1,SKU_D,2,112
1875,W1,R1,SKU_E,2,80
1875,W1,R2,SKU_A,3,92
1875,W1,R2,SKU_B,3,61
1875,W1,R2,SKU_C,3,70
1875,W1,R2,SKU_D,3,45
1875,W1,R2,SKU_E,3,17
1875,W2,R3,SKU_A,4,175
1875,W2,R3,SKU_B,4,63
1875,W2,R3,SKU_C,4,133
1875,W2,R3,SKU_D,4,67
1875,W2,R3,SKU_E,4,90
1876,Supplier,W2,SKU_A,6,175
1876,Supplier,W2,SKU_B,6,63
1876,Supplier,W2,SKU_C,6,133
1876,Supplier,W2,SKU_D,6,67
1876,Supplier,W2,SKU_E,6,90
1876,W1,R1,SKU_A,2,117
1876,W1,R1,SKU_B,2,61
1876,W1,R1,SKU_C,2,95
1876,W1,R1,SKU_D,2,65
1876,W1,R1,SKU_E,2,42
1876,W1,R2,SKU_A,3,64
1876,W1,R2,SKU_B,3,51
1876,W1,R2,SKU_C,3,63
1876,W1,R2,SKU_D,3,47
1876,W1,R2,SKU_E,3,87
1876,W2,R3,SKU_A,4,186
1876,W2,R3,SKU_B,4,84
1876,W2,R3,SKU_C,4,127
1876,W2,R3,SKU_D,4,116
1876,W2,R3,SKU_E,4,92
1877,Supplier,W1,SKU_A,5,399
1877,Supplier,W1,SKU_B,5,221
1877,Supplier,W1,SKU_C,5,311
1877,Supplier,W1,SKU_D,5,215
1877,Supplier,W1,SKU_E,5,190
1877,Supplier,W2,SKU_A,6,186
1877,Supplier,W2,SKU_B,6,84
1877,Supplier,W2,SKU_C,6,127
1877,Supplier,W2,SKU_D,6,116
1877,Supplier,W2,SKU_E,6,92
1877,W1,R1,SKU_A,2,129
1877,W1,R1,SKU_B,2,79
1877,W1,R1,SKU_C,2,113
1877,W1,R1,SKU_D,2,57
1877,W1,R1,SKU_E,2,56
1877,W1,R2,SKU_A,3,98
1877,W1,R2,SKU_B,3,63
1877,W1,R2,SKU_C,3,79
1877,W1,R2,SKU_D,3,65
1877,W1,R2,SKU_E,3,51
1877,W2,R3,SKU_A,4,192
1877,W2,R3,SKU_B,4,73
1877,W2,R3,SKU_C,4,146
1877,W2,R3,SKU_D,4,111
1877,W2,R3,SKU_E,4,104
1878,Supplier,W2,SKU_A,6,192
1878,Supplier,W2,SKU_B,6,73
1878,Supplier,W2,SKU_C,6,146
1878,Supplier,W2,SKU_D,6,111
1878,Supplier,W2,SKU_E,6,104
1878,W1,R1,SKU_A,2,116
1878,W1,R1,SKU_B,2,72
1878,W1,R1,SKU_C,2,115
1878,W1,R1,SKU_D,2,60
1878,W1,R1,SKU_E,2,68
1878,W1,R2,SKU_A,3,108
1878,W1,R2,SKU_B,3,58
1878,W1,R2,SKU_C,3,64
1878,W1,R2,SKU_D,3,50
1878,W1,R2,SKU_E,3,69
1878,W2,R3,SKU_A,4,210
1878,W2,R3,SKU_B,4,79
1878,W2,R3,SKU_C,4,111
1878,W2,R3,SKU_D,4,79
1878,W2,R3,SKU_E,4,100
1879,Supplier,W1,SKU_A,5,451
1879,Supplier,W1,SKU_B,5,272
1879,Supplier,W1,SKU_C,5,371
1879,Supplier,W1,SKU_D,5,232
1879,Supplier,W1,SKU_E,5,244
1879,Supplier,W2,SKU_A,6,210
1879,Supplier,W2,SKU_B,6,79
1879,Supplier,W2,SKU_C,6,111
1879,Supplier,W2,SKU_D,6,79
1879,Supplier,W2,SKU_E,6,100
1879,W1,R2,SKU_A,3,67
1879,W1,R2,SKU_B,3,48
1879,W1,R2,SKU_C,3,41
1879,W1,R2,SKU_D,3,44
1879,W1,R2,SKU_E,3,33
1879,W2,R3,SKU_A,4,148
1879,W2,R3,SKU_B,4,47
1879,W2,R3,SKU_C,4,87
1879,W2,R3,SKU_D,4,72
1879,W2,R3,SKU_E,4,89
1880,Supplier,W2,SKU_A,6,148
1880,Supplier,W2,SKU_B,6,47
1880,Supplier,W2,SKU_C,6,87
1880,Supplier,W2,SKU_D,6,72
1880,Supplier,W2,SKU_E,6,89
1880,W1,R1,SKU_A,2,203
1880,W1,R1,SKU_B,2,84
1880,W1,R1,SKU_C,2,112
1880,W1,R1,SKU_D,2,100
1880,W1,R1,SKU_E,2,74
1880,W1,R2,SKU_A,3,93
1880,W1,R2,SKU_B,3,58
1880,W1,R2,SKU_C,3,68
1880,W1,R2,SKU_D,3,44
1880,W1,R2,SKU_E,3,57
1880,W2,R3,SKU_A,4,137
1880,W2,R3,SKU_B,4,63
1880,W2,R3,SKU_C,4,80
1880,W2,R3,SKU_D,4,73
1880,W2,R3,SKU_E,4,93
1881,Supplier,W1,SKU_A,5,363
1881,Supplier,W1,SKU_B,5,190
1881,Supplier,W1,SKU_C,5,221
1881,Supplier,W1,SKU_D,5,188
1881,Supplier,W1,SKU_E,5,164
1881,Supplier,W2,SKU_A,6,137
1881,Supplier,W2,SKU_B,6,63
1881,Supplier,W2,SKU_C,6,80
1881,Supplier,W2,SKU_D,6,73
1881,Supplier,W2,SKU_E,6,93
1881,W1,R2,SKU_A,3,91
1881,W1,R2,SKU_B,3,42
1881,W1,R2,SKU_C,3,51
1881,W1,R2,SKU_D,3,38
1881,W1,R2,SKU_E,3,53
1882,Supplier,W2,SKU_A,6,131
1882,Supplier,W2,SKU_B,6,61
1882,Supplier,W2,SKU_C,6,57
1882,Supplier,W2,SKU_D,6,70
1882,Supplier,W2,SKU_E,6,71
1882,W1,R1,SKU_A,2,273
1882,W1,R1,SKU_B,2,91
1882,W1,R1,SKU_C,2,173
1882,W1,R1,SKU_D,2,138
1882,W1,R1,SKU_E,2,75
1882,W1,R2,SKU_A,3,105
1882,W1,R2,SKU_B,3,53
1882,W1,R2,SKU_C,3,42
1882,W1,R2,SKU_D,3,42
1882,W1,R2,SKU_E,3,46
1882,W2,R3,SKU_A,4,283
1882,W2,R3,SKU_B,4,125
1882,W2,R3,SKU_C,4,144
1882,W2,R3,SKU_D,4,153
1882,W2,R3,SKU_E,4,143
1883,Supplier,W1,SKU_A,5,469
1883,Supplier,W1,SKU_B,5,186
1883,Supplier,W1,SKU_C,5,266
1883,Supplier,W1,SKU_D,5,218
1883,Supplier,W1,SKU_E,5,174
1883,Supplier,W2,SKU_A,6,152
1883,Supplier,W2,SKU_B,6,64
1883,Supplier,W2,SKU_C,6,87
1883,Supplier,W2,SKU_D,6,83
1883,Supplier,W2,SKU_E,6,72
1883,W1,R1,SKU_A,2,166
1883,W1,R1,SKU_B,2,84
1883,W1,R1,SKU_C,2,109
1883,W1,R1,SKU_D,2,87
1883,W1,R1,SKU_E,2,52
1883,W1,R2,SKU_A,3,104
1883,W1,R2,SKU_B,3,66
1883,W1,R2,SKU_C,3,73
1883,W1,R2,SKU_D,3,74
1883,W1,R2,SKU_E,3,63
1883,W2,R3,SKU_A,4,234
1883,W2,R3,SKU_B,4,104
1883,W2,R3,SKU_C,4,203
1883,W2,R3,SKU_D,4,132
1883,W2,R3,SKU_E,4,110
1884,Supplier,W2,SKU_A,6,234
1884,Supplier,W2,SKU_B,6,104
1884,Supplier,W2,SKU_C,6,203
1884,Supplier,W2,SKU_D,6,132
1884,Supplier,W2,SKU_E,6,110
1884,W1,R1,SKU_A,2,232
1884,W1,R1,SKU_B,2,112
1884,W1,R1,SKU_C,2,194
1884,W1,R1,SKU_D,2,92
1884,W1,R1,SKU_E,2,73
1884,W1,R2,SKU_A,3,139
1884,W1,R2,SKU_B,3,79
1884,W1,R2,SKU_C,3,90
1884,W1,R2,SKU_D,3,69
1884,W1,R2,SKU_E,3,77
1884,W2,R3,SKU_A,4,264
1884,W2,R3,SKU_B,4,91
1884,W2,R3,SKU_C,4,145
1884,W2,R3,SKU_D,4,167
1884,W2,R3,SKU_E,4,113
1885,Supplier,W1,SKU_A,5,641
1885,Supplier,W1,SKU_B,5,341
1885,Supplier,W1,SKU_C,5,466
1885,Supplier,W1,SKU_D,5,322
1885,Supplier,W1,SKU_E,5,265
1885,Supplier,W2,SKU_A,6,264
1885,Supplier,W2,SKU_B,6,91
1885,Supplier,W2,SKU_C,6,145
1885,Supplier,W2,SKU_D,6,167
1885,Supplier,W2,SKU_E,6,140
1885,W1,R1,SKU_A,2,208
1885,W1,R1,SKU_B,2,91
1885,W1,R1,SKU_C,2,140
1885,W1,R1,SKU_D,2,97
1885,W1,R1,SKU_E,2,63
1885,W1,R2,SKU_A,3,55
1885,W1,R2,SKU_B,3,49
1885,W1,R2,SKU_E,3,56
1885,W2,R3,SKU_A,4,218
1885,W2,R3,SKU_B,4,67
1885,W2,R3,SKU_C,4,133
1885,W2,R3,SKU_D,4,155
1885,W2,R3,SKU_E,4,100
1886,Supplier,W1,SKU_A,5,361
1886,Supplier,W1,SKU_B,5,140
1886,Supplier,W1,SKU_C,5,249
1886,Supplier,W1,SKU_D,5,163
1886,Supplier,W1,SKU_E,5,119
1886,Supplier,W2,SKU_A,6,218
1886,Supplier,W2,SKU_B,6,67
1886,Supplier,W2,SKU_C,6,133
1886,Supplier,W2,SKU_D,6,155
1886,Supplier,W2,SKU_E,6,105
1886,W1,R2,SKU_A,3,182
1886,W1,R2,SKU_B,3,46
1886,W1,R2,SKU_C,3,136
1886,W1,R2,SKU_D,3,108
1886,W1,R2,SKU_E,3,48
1887,Supplier,W2,SKU_A,6,133
1887,Supplier,W2,SKU_B,6,42
1887,Supplier,W2,SKU_C,6,87
1887,Supplier,W2,SKU_D,6,75
1887,Supplier,W2,SKU_E,6,69
1887,W1,R1,SKU_A,2,181
1887,W1,R1,SKU_B,2,81
1887,W1,R1,SKU_C,2,85
1887,W1,R1,SKU_D,2,80
1887,W1,R1,SKU_E,2,77
1887,W1,R2,SKU_B,3,52
1887,W1,R2,SKU_E,3,36
1887,W2,R3,SKU_A,4,254
1887,W2,R3,SKU_B,4,119
1887,W2,R3,SKU_C,4,151
1887,W2,R3,SKU_D,4,156
1887,W2,R3,SKU_E,4,181
1888,Supplier,W1,SKU_A,5,375
1888,Supplier,W1,SKU_B,5,179
1888,Supplier,W1,SKU_C,5,233
1888,Supplier,W1,SKU_D,5,198
1888,Supplier,W1,SKU_E,5,161
1888,Supplier,W2,SKU_A,6,121
1888,Supplier,W2,SKU_B,6,77
1888,Supplier,W2,SKU_C,6,64
1888,Supplier,W2,SKU_D,6,81
1888,Supplier,W2,SKU_E,6,80
1888,W1,R1,SKU_A,2,132
1888,W1,R1,SKU_B,2,47
1888,W1,R1,SKU_C,2,137
1888,W1,R1,SKU_D,2,88
1888,W1,R1,SKU_E,2,39
1888,W1,R2,SKU_A,3,145
1888,W1,R2,SKU_B,3,47
1888,W1,R2,SKU_C,3,95
1888,W1,R2,SKU_D,3,71
1888,W1,R2,SKU_E,3,55
1889,Supplier,W2,SKU_A,6,133
1889,Supplier,W2,SKU_B,6,53
1889,Supplier,W2,SKU_C,6,56
1889,Supplier,W2,SKU_D,6,72
1889,Supplier,W2,SKU_E,6,73
1889,W1,R2,SKU_A,3,70
1889,W1,R2,SKU_B,3,39
1889,W1,R2,SKU_E,3,56
1889,W2,R3,SKU_A,4,286
1889,W2,R3,SKU_B,4,107
1889,W2,R3,SKU_C,4,155
1889,W2,R3,SKU_D,4,159
1889,W2,R3,SKU_E,4,144
1890,Supplier,W1,SKU_A,5,346
1890,Supplier,W1,SKU_B,5,186
1890,Supplier,W1,SKU_C,5,247
1890,Supplier,W1,SKU_D,5,183
1890,Supplier,W1,SKU_E,5,185
1890,Supplier,W2,SKU_A,6,153
1890,Supplier,W2,SKU_B,6,54
1890,Supplier,W2,SKU_C,6,99
1890,Supplier,W2,SKU_D,6,87
1890,Supplier,W2,SKU_E,6,74
1890,W1,R1,SKU_A,2,228
1890,W1,R1,SKU_B,2,149
1890,W1,R1,SKU_C,2,203
1890,W1,R1,SKU_D,2,138
1890,W1,R1,SKU_E,2,105
1890,W1,R2,SKU_A,3,111
1890,W1,R2,SKU_B,3,60
1890,W1,R2,SKU_C,3,99
1890,W1,R2,SKU_D,3,93
1890,W1,R2,SKU_E,3,70
1890,W2,R3,SKU_A,4,175
1890,W2,R3,SKU_B,4,75
1890,W2,R3,SKU_C,4,94
1890,W2,R3,SKU_D,4,94
1890,W2,R3,SKU_E,4,100
1891,Supplier,W2,SKU_A,6,175
1891,Supplier,W2,SKU_B,6,75
1891,Supplier,W2,SKU_C,6,94
1891,Supplier,W2,SKU_D,6,94
1891,Supplier,W2,SKU_E,6,97
1891,W1,R1,SKU_A,2,182
1891,W1,R1,SKU_B,2,99
1891,W1,R1,SKU_C,2,160
1891,W1,R1,SKU_D,2,100
1891,W1,R1,SKU_E,2,67
1891,W1,R2,SKU_A,3,109
1891,W1,R2,SKU_B,3,76
1891,W1,R2,SKU_C,3,74
1891,W1,R2,SKU_D,3,70
1891,W1,R2,SKU_E,3,71
1891,W2,R3,SKU_A,4,194
1891,W2,R3,SKU_B,4,82
1891,W2,R3,SKU_C,4,166
1891,W2,R3,SKU_D,4,150
1891,W2,R3,SKU_E,4,114
1892,Supplier,W1,SKU_A,5,521
1892,Supplier,W1,SKU_B,5,331
1892,Supplier,W1,SKU_C,5,400
1892,Supplier,W1,SKU_D,5,301
1892,Supplier,W1,SKU_E,5,278
1892,Supplier,W2,SKU_A,6,194
1892,Supplier,W2,SKU_B,6,82
1892,Supplier,W2,SKU_C,6,166
1892,Supplier,W2,SKU_D,6,150
1892,Supplier,W2,SKU_E,6,114
1892,W1,R1,SKU_A,2,179
1892,W1,R1,SKU_B,2,93
1892,W1,R1,SKU_C,2,140
1892,W1,R1,SKU_D,2,93
1892,W1,R1,SKU_E,2,75
1892,W1,R2,SKU_A,3,111
1892,W1,R2,SKU_B,3,73
1892,W1,R2,SKU_C,3,73
1892,W1,R2,SKU_D,3,50
1892,W1,R2,SKU_E,3,50
1892,W2,R3,SKU_A,4,216
1892,W2,R3,SKU_B,4,84
1892,W2,R3,SKU_C,4,138
1892,W2,R3,SKU_D,4,140
1892,W2,R3,SKU_E,4,112
1893,Supplier,W1,SKU_A,5,290
1893,Supplier,W1,SKU_B,5,166
1893,Supplier,W1,SKU_C,5,217
1893,Supplier,W1,SKU_D,5,147
1893,Supplier,W1,SKU_E,5,141
1893,Supplier,W2,SKU_A,6,216
1893,Supplier,W2,SKU_B,6,84
1893,Supplier,W2,SKU_C,6,138
1893,Supplier,W2,SKU_D,6,140
1893,Supplier,W2,SKU_E,6,112
1893,W1,R1,SKU_A,2,128
1893,W1,R1,SKU_B,2,63
1893,W1,R1,SKU_C,2,95
1893,W1,R1,SKU_D,2,56
1893,W1,R1,SKU_E,2,49
1893,W1,R2,SKU_A,3,91
1893,W1,R2,SKU_B,3,54
1893,W1,R2,SKU_C,3,68
1893,W1,R2,SKU_D,3,53
1893,W1,R2,SKU_E,3,72
1893,W2,R3,SKU_A,4,143
1893,W2,R3,SKU_B,4,71
1893,W2,R3,SKU_C,4,69
1893,W2,R3,SKU_D,4,92
1893,W2,R3,SKU_E,4,75
1894,Supplier,W2,SKU_A,6,143
1894,Supplier,W2,SKU_B,6,71
1894,Supplier,W2,SKU_C,6,69
1894,Supplier,W2,SKU_D,6,92
1894,Supplier,W2,SKU_E,6,75
1894,W1,R1,SKU_A,2,150
1894,W1,R1,SKU_B,2,72
1894,W1,R1,SKU_C,2,70
1894,W1,R1,SKU_D,2,67
1894,W1,R1,SKU_E,2,40
1894,W1,R2,SKU_A,3,95
1894,W1,R2,SKU_B,3,66
1894,W1,R2,SKU_D,3,22
1894,W2,R3,SKU_A,4,166
1894,W2,R3,SKU_B,4,72
1894,W2,R3,SKU_C,4,92
1894,W2,R3,SKU_D,4,73
1894,W2,R3,SKU_E,4,73
1895,Supplier,W1,SKU_A,5,464
1895,Supplier,W1,SKU_B,5,255
1895,Supplier,W1,SKU_C,5,318
1895,Supplier,W1,SKU_D,5,220
1895,Supplier,W1,SKU_E,5,198
1895,Supplier,W2,SKU_A,6,166
1895,Supplier,W2,SKU_B,6,72
1895,Supplier,W2,SKU_C,6,92
1895,Supplier,W2,SKU_D,6,73
1895,Supplier,W2,SKU_E,6,73
1895,W1,R1,SKU_A,2,104
1895,W1,R1,SKU_B,2,51
1895,W1,R1,SKU_C,2,137
1895,W1,R1,SKU_D,2,65
1895,W1,R1,SKU_E,2,44
1895,W1,R2,SKU_A,3,110
1895,W1,R2,SKU_B,3,77
1895,W1,R2,SKU_C,3,110
1895,W1,R2,SKU_D,3,89
1895,W1,R2,SKU_E,3,107
1895,W2,R3,SKU_A,4,152
1895,W2,R3,SKU_B,4,52
1895,W2,R3,SKU_C,4,75
1895,W2,R3,SKU_D,4,77
1895,W2,R3,SKU_E,4,75
1896,Supplier,W2,SKU_A,6,152
1896,Supplier,W2,SKU_B,6,52
1896,Supplier,W2,SKU_C,6,75
1896,Supplier,W2,SKU_D,6,77
1896,Supplier,W2,SKU_E,6,75
1896,W2,R3,SKU_A,4,171
1896,W2,R3,SKU_B,4,56
1896,W2,R3,SKU_C,4,102
1896,W2,R3,SKU_D,4,100
1896,W2,R3,SKU_E,4,78
1897,Supplier,W1,SKU_A,5,470
1897,Supplier,W1,SKU_B,5,251
1897,Supplier,W1,SKU_C,5,351
1897,Supplier,W1,SKU_D,5,248
1897,Supplier,W1,SKU_E,5,210
1897,Supplier,W2,SKU_A,6,171
1897,Supplier,W2,SKU_B,6,56
1897,Supplier,W2,SKU_C,6,102
1897,Supplier,W2,SKU_D,6,100
1897,Supplier,W2,SKU_E,6,78
1897,W1,R1,SKU_A,2,293
1897,W1,R1,SKU_B,2,131
1897,W1,R1,SKU_D,2,132
1897,W1,R1,SKU_E,2,99
1897,W1,R1,SKU_C,2,204
1897,W1,R2,SKU_A,3,200
1897,W1,R2,SKU_B,3,120
1897,W1,R2,SKU_C,3,147
1897,W1,R2,SKU_D,3,110
1897,W1,R2,SKU_E,3,134
1897,W2,R3,SKU_A,4,172
1897,W2,R3,SKU_B,4,75
1897,W2,R3,SKU_C,4,116
1897,W2,R3,SKU_D,4,107
1897,W2,R3,SKU_E,4,92
1898,Supplier,W2,SKU_A,6,172
1898,Supplier,W2,SKU_B,6,75
1898,Supplier,W2,SKU_C,6,116
1898,Supplier,W2,SKU_D,6,107
1898,Supplier,W2,SKU_E,6,92
1898,W1,R1,SKU_A,2,176
1898,W1,R1,SKU_B,2,109
1898,W1,R1,SKU_C,2,155
1898,W1,R1,SKU_D,2,87
1898,W1,R1,SKU_E,2,71
1898,W1,R2,SKU_A,3,123
1898,W1,R2,SKU_B,3,49
1898,W1,R2,SKU_C,3,68
1898,W1,R2,SKU_D,3,76
1898,W1,R2,SKU_E,3,66
1898,W2,R3,SKU_A,4,212
1898,W2,R3,SKU_B,4,76
1898,W2,R3,SKU_C,4,122
1898,W2,R3,SKU_D,4,135
1898,W2,R3,SKU_E,4,106
1899,Supplier,W1,SKU_A,5,536
1899,Supplier,W1,SKU_B,5,286
1899,Supplier,W1,SKU_C,5,381
1899,Supplier,W1,SKU_D,5,285
1899,Supplier,W1,SKU_E,5,258
1899,Supplier,W2,SKU_A,6,212
1899,Supplier,W2,SKU_B,6,76
1899,Supplier,W2,SKU_C,6,122
1899,Supplier,W2,SKU_D,6,135
1899,Supplier,W2,SKU_E,6,106
1899,W1,R1,SKU_A,2,168
1899,W1,R1,SKU_B,2,99
1899,W1,R1,SKU_C,2,43
1899,W1,R1,SKU_D,2,72
1899,W1,R1,SKU_E,2,63
1899,W1,R2,SKU_A,3,98
1899,W1,R2,SKU_B,3,40
1899,W1,R2,SKU_E,3,20
1899,W2,R3,SKU_A,4,224
1899,W2,R3,SKU_B,4,62
1899,W2,R3,SKU_C,4,113
1899,W2,R3,SKU_D,4,123
1899,W2,R3,SKU_E,4,99
1900,Supplier,W2,SKU_A,6,224
1900,Supplier,W2,SKU_B,6,62
1900,Supplier,W2,SKU_C,6,113
1900,Supplier,W2,SKU_D,6,123
1900,Supplier,W2,SKU_E,6,99
1900,W1,R1,SKU_A,2,122
1900,W1,R1,SKU_B,2,58
1900,W1,R1,SKU_C,2,158
1900,W1,R1,SKU_D,2,68
1900,W1,R1,SKU_E,2,47
1900,W1,R2,SKU_A,3,115
1900,W1,R2,SKU_B,3,43
1900,W1,R2,SKU_C,3,138
1900,W1,R2,SKU_D,3,147
1900,W1,R2,SKU_E,3,101
1900,W2,R3,SKU_A,4,156
1900,W2,R3,SKU_B,4,55
1900,W2,R3,SKU_C,4,106
1900,W2,R3,SKU_D,4,79
1900,W2,R3,SKU_E,4,94
1901,Supplier,W1,SKU_A,5,503
1901,Supplier,W1,SKU_B,5,240
1901,Supplier,W1,SKU_C,5,339
1901,Supplier,W1,SKU_D,5,287
1901,Supplier,W1,SKU_E,5,231
1901,Supplier,W2,SKU_A,6,156
1901,Supplier,W2,SKU_B,6,55
1901,Supplier,W2,SKU_C,6,106
1901,Supplier,W2,SKU_D,6,79
1901,Supplier,W2,SKU_E,6,94
1901,W1,R2,SKU_A,3,91
1901,W1,R2,SKU_B,3,56
1901,W1,R2,SKU_E,3,12
1902,Supplier,W2,SKU_A,6,112
1902,Supplier,W2,SKU_B,6,46
1902,Supplier,W2,SKU_C,6,87
1902,Supplier,W2,SKU_D,6,72
1902,Supplier,W2,SKU_E,6,73
1902,W1,R1,SKU_A,2,215
1902,W1,R1,SKU_B,2,89
1902,W1,R1,SKU_C,2,147
1902,W1,R1,SKU_D,2,107
1902,W1,R1,SKU_E,2,78
1902,W1,R2,SKU_A,3,75
1902,W1,R2,SKU_B,3,66
1902,W1,R2,SKU_C,3,106
1902,W1,R2,SKU_D,3,83
1902,W1,R2,SKU_E,3,83
1902,W2,R3,SKU_A,4,268
1902,W2,R3,SKU_B,4,95
1902,W2,R3,SKU_C,4,165
1902,W2,R3,SKU_D,4,129
1902,W2,R3,SKU_E,4,145
1903,Supplier,W1,SKU_A,5,381
1903,Supplier,W1,SKU_B,5,211
1903,Supplier,W1,SKU_C,5,253
1903,Supplier,W1,SKU_D,5,190
1903,Supplier,W1,SKU_E,5,173
1903,Supplier,W2,SKU_A,6,156
1903,Supplier,W2,SKU_B,6,49
1903,Supplier,W2,SKU_C,6,78
1903,Supplier,W2,SKU_D,6,57
1903,Supplier,W2,SKU_E,6,72
1903,W1,R2,SKU_A,3,95
1903,W1,R2,SKU_B,3,58
1903,W1,R2,SKU_C,3,45
1903,W1,R2,SKU_D,3,15
1903,W1,R2,SKU_E,3,37
1903,W2,R3,SKU_A,4,153
1903,W2,R3,SKU_B,4,65
1903,W2,R3,SKU_C,4,76
1903,W2,R3,SKU_D,4,99
1903,W2,R3,SKU_E,4,87
1904,Supplier,W2,SKU_A,6,153
1904,Supplier,W2,SKU_B,6,65
1904,Supplier,W2,SKU_C,6,76
1904,Supplier,W2,SKU_D,6,99
1904,Supplier,W2,SKU_E,6,87
1904,W1,R1,SKU_A,2,253
1904,W1,R1,SKU_B,2,143
1904,W1,R1,SKU_C,2,146
1904,W1,R1,SKU_D,2,103
1904,W1,R1,SKU_E,2,91
1904,W1,R2,SKU_A,3,91
1904,W1,R2,SKU_B,3,81
1904,W1,R2,SKU_C,3,64
1904,W1,R2,SKU_D,3,83
1904,W1,R2,SKU_E,3,74
1904,W2,R3,SKU_A,4,173
1904,W2,R3,SKU_B,4,89
1904,W2,R3,SKU_C,4,119
1904,W2,R3,SKU_D,4,94
1904,W2,R3,SKU_E,4,112
1905,Supplier,W1,SKU_A,5,439
1905,Supplier,W1,SKU_B,5,282
1905,Supplier,W1,SKU_C,5,255
1905,Supplier,W1,SKU_D,5,201
1905,Supplier,W1,SKU_E,5,202
1905,Supplier,W2,SKU_A,6,173
1905,Supplier,W2,SKU_B,6,89
1905,Supplier,W2,SKU_C,6,119
1905,Supplier,W2,SKU_D,6,94
1905,Supplier,W2,SKU_E,6,112
1905,W1,R1,SKU_A,2,166
1905,W1,R1,SKU_B,2,135
1905,W1,R1,SKU_C,2,147
1905,W1,R1,SKU_D,2,81
1905,W1,R1,SKU_E,2,66
1905,W1,R2,SKU_A,3,122
1905,W1,R2,SKU_B,3,68
1905,W1,R2,SKU_C,3,90
1905,W1,R2,SKU_D,3,66
1905,W1,R2,SKU_E,3,60
1905,W2,R3,SKU_A,4,193
1905,W2,R3,SKU_B,4,83
1905,W2,R3,SKU_C,4,122
1905,W2,R3,SKU_D,4,127
1905,W2,R3,SKU_E,4,111
1906,Supplier,W1,SKU_A,5,288
1906,Supplier,W1,SKU_B,5,203
1906,Supplier,W1,SKU_C,5,237
1906,Supplier,W1,SKU_D,5,162
1906,Supplier,W1,SKU_E,5,126
1906,Supplier,W2,SKU_A,6,193
1906,Supplier,W2,SKU_B,6,83
1906,Supplier,W2,SKU_C,6,122
1906,Supplier,W2,SKU_D,6,127
1906,Supplier,W2,SKU_E,6,118
1906,W1,R1,SKU_A,2,187
1906,W1,R1,SKU_B,2,130
1906,W1,R1,SKU_C,2,139
1906,W1,R1,SKU_D,2,83
1906,W1,R1,SKU_E,2,70
1906,W1,R2,SKU_A,3,132
1906,W1,R2,SKU_B,3,88
1906,W1,R2,SKU_C,3,93
1906,W1,R2,SKU_D,3,79
1906,W1,R2,SKU_E,3,72
1906,W2,R3,SKU_A,4,211
1906,W2,R3,SKU_B,4,67
1906,W2,R3,SKU_C,4,130
1906,W2,R3,SKU_D,4,120
1906,W2,R3,SKU_E,4,99
1907,Supplier,W1,SKU_A,5,319
1907,Supplier,W1,SKU_B,5,218
1907,Supplier,W1,SKU_C,5,232
1907,Supplier,W1,SKU_D,5,147
1907,Supplier,W1,SKU_E,5,142
1907,Supplier,W2,SKU_A,6,211
1907,Supplier,W2,SKU_B,6,67
1907,Supplier,W2,SKU_C,6,130
1907,Supplier,W2,SKU_D,6,120
1907,Supplier,W2,SKU_E,6,107
1907,W1,R2,SKU_A,3,115
1907,W1,R2,SKU_C,3,35
1907,W1,R2,SKU_D,3,48
1907,W1,R2,SKU_E,3,50
1907,W2,R3,SKU_A,4,138
1907,W2,R3,SKU_B,4,46
1907,W2,R3,SKU_C,4,66
1907,W2,R3,SKU_D,4,80
1907,W2,R3,SKU_E,4,94
1908,Supplier,W2,SKU_A,6,138
1908,Supplier,W2,SKU_B,6,46
1908,Supplier,W2,SKU_C,6,66
1908,Supplier,W2,SKU_D,6,80
1908,Supplier,W2,SKU_E,6,79
1908,W1,R1,SKU_A,2,323
1908,W1,R1,SKU_B,2,108
1908,W1,R1,SKU_C,2,195
1908,W1,R1,SKU_D,2,147
1908,W1,R1,SKU_E,2,97
1908,W1,R2,SKU_A,3,105
1908,W1,R2,SKU_B,3,124
1908,W1,R2,SKU_C,3,116
1908,W1,R2,SKU_D,3,49
1908,W1,R2,SKU_E,3,56
1908,W2,R3,SKU_A,4,144
1908,W2,R3,SKU_B,4,58
1908,W2,R3,SKU_C,4,85
1908,W2,R3,SKU_D,4,86
1908,W2,R3,SKU_E,4,73
1909,Supplier,W1,SKU_A,5,543
1909,Supplier,W1,SKU_B,5,232
1909,Supplier,W1,SKU_C,5,346
1909,Supplier,W1,SKU_D,5,244
1909,Supplier,W1,SKU_E,5,203
1909,Supplier,W2,SKU_A,6,144
1909,Supplier,W2,SKU_B,6,58
1909,Supplier,W2,SKU_C,6,85
1909,Supplier,W2,SKU_D,6,86
1909,Supplier,W2,SKU_E,6,82
1910,Supplier,W2,SKU_A,6,142
1910,Supplier,W2,SKU_B,6,36
1910,Supplier,W2,SKU_C,6,69
1910,Supplier,W2,SKU_D,6,85
1910,Supplier,W2,SKU_E,6,64
1910,W1,R1,SKU_A,2,273
1910,W1,R1,SKU_B,2,106
1910,W1,R1,SKU_C,2,175
1910,W1,R1,SKU_D,2,114
1910,W1,R1,SKU_E,2,71
1910,W1,R2,SKU_A,3,178
1910,W1,R2,SKU_D,3,109
1910,W1,R2,SKU_E,3,99
1910,W1,R2,SKU_B,3,91
1910,W1,R2,SKU_C,3,103
1910,W2,R3,SKU_A,4,287
1910,W2,R3,SKU_B,4,108
1910,W2,R3,SKU_C,4,152
1910,W2,R3,SKU_D,4,171
1910,W2,R3,SKU_E,4,140
1911,Supplier,W1,SKU_A,5,451
1911,Supplier,W1,SKU_B,5,197
1911,Supplier,W1,SKU_C,5,283
1911,Supplier,W1,SKU_D,5,223
1911,Supplier,W1,SKU_E,5,170
1911,Supplier,W2,SKU_A,6,145
1911,Supplier,W2,SKU_B,6,72
1911,Supplier,W2,SKU_C,6,83
1911,Supplier,W2,SKU_D,6,86
1911,Supplier,W2,SKU_E,6,67
1911,W1,R1,SKU_A,2,125
1911,W1,R1,SKU_B,2,75
1911,W1,R1,SKU_C,2,77
1911,W1,R1,SKU_D,2,62
1911,W1,R1,SKU_E,2,38
1911,W1,R2,SKU_A,3,86
1911,W1,R2,SKU_B,3,48
1911,W1,R2,SKU_C,3,51
1911,W1,R2,SKU_D,3,57
1911,W1,R2,SKU_E,3,53
1911,W2,R3,SKU_A,4,170
1911,W2,R3,SKU_B,4,82
1911,W2,R3,SKU_C,4,115
1911,W2,R3,SKU_D,4,107
1911,W2,R3,SKU_E,4,88
1912,Supplier,W2,SKU_A,6,170
1912,Supplier,W2,SKU_B,6,82
1912,Supplier,W2,SKU_C,6,115
1912,Supplier,W2,SKU_D,6,107
1912,Supplier,W2,SKU_E,6,88
1912,W1,R1,SKU_A,2,158
1912,W1,R1,SKU_B,2,106
1912,W1,R1,SKU_C,2,145
1912,W1,R1,SKU_D,2,84
1912,W1,R1,SKU_E,2,67
1912,W1,R2,SKU_A,3,106
1912,W1,R2,SKU_B,3,66
1912,W1,R2,SKU_C,3,81
1912,W1,R2,SKU_D,3,57
1912,W1,R2,SKU_E,3,57
1912,W2,R3,SKU_A,4,213
1912,W2,R3,SKU_B,4,86
1912,W2,R3,SKU_C,4,183
1912,W2,R3,SKU_D,4,141
1912,W2,R3,SKU_E,4,94
