t,node_id,sku,orders_to_parent
0,Supplier,SKU_A,0
0,Supplier,SKU_B,0
0,Supplier,SKU_C,0
0,Supplier,SKU_D,0
0,Supplier,SKU_E,0
0,W1,SKU_A,0
0,W1,SKU_B,1404
0,W1,SKU_C,1610
0,W1,SKU_D,271
0,W1,SKU_E,835
0,W2,SKU_A,0
0,W2,SKU_B,0
0,W2,SKU_C,1679
0,W2,SKU_D,1843
0,W2,SKU_E,0
0,R1,SKU_A,0
0,R1,SKU_B,585
0,R1,SKU_C,0
0,R1,SKU_D,535
0,R1,SKU_E,243
0,R2,SKU_A,770
0,R2,SKU_B,0
0,R2,SKU_C,487
0,R2,SKU_D,60
0,R2,SKU_E,527
0,R3,SKU_A,1631
0,R3,SKU_B,0
0,R3,SKU_C,1092
0,R3,SKU_D,1475
0,R3,SKU_E,893
1,Supplier,SKU_A,0
1,Supplier,SKU_B,0
1,Supplier,SKU_C,0
1,Supplier,SKU_D,0
1,Supplier,SKU_E,0
1,W1,SKU_A,1055
1,W1,SKU_B,0
1,W1,SKU_C,0
1,W1,SKU_D,595
1,W1,SKU_E,770
1,W2,SKU_A,3740
1,W2,SKU_B,0
1,W2,SKU_C,0
1,W2,SKU_D,1475
1,W2,SKU_E,1839
1,R1,SKU_A,0
1,R1,SKU_B,0
1,R1,SKU_C,0
1,R1,SKU_D,0
1,R1,SKU_E,0
1,R2,SKU_A,0
1,R2,SKU_B,0
1,R2,SKU_C,0
1,R2,SKU_D,0
1,R2,SKU_E,0
1,R3,SKU_A,0
1,R3,SKU_B,0
1,R3,SKU_C,0
1,R3,SKU_D,0
1,R3,SKU_E,0
2,Supplier,SKU_A,0
2,Supplier,SKU_B,0
2,Supplier,SKU_C,0
2,Supplier,SKU_D,0
2,Supplier,SKU_E,0
2,W1,SKU_A,0
2,W1,SKU_B,0
2,W1,SKU_C,0
2,W1,SKU_D,0
2,W1,SKU_E,0
2,W2,SKU_A,0
2,W2,SKU_B,0
2,W2,SKU_C,0
2,W2,SKU_D,0
2,W2,SKU_E,0
2,R1,SKU_A,613
2,R1,SKU_B,0
2,R1,SKU_C,311
2,R1,SKU_D,0
2,R1,SKU_E,0
2,R2,SKU_A,0
2,R2,SKU_B,355
2,R2,SKU_C,0
2,R2,SKU_D,71
2,R2,SKU_E,0
2,R3,SKU_A,0
2,R3,SKU_B,0
2,R3,SKU_C,0
2,R3,SKU_D,0
2,R3,SKU_E,0
3,Supplier,SKU_A,0
3,Supplier,SKU_B,0
3,Supplier,SKU_C,0
3,Supplier,SKU_D,0
3,Supplier,SKU_E,0
3,W1,SKU_A,613
3,W1,SKU_B,0
3,W1,SKU_C,798
3,W1,SKU_D,0
3,W1,SKU_E,0
3,W2,SKU_A,0
3,W2,SKU_B,0
3,W2,SKU_C,0
3,W2,SKU_D,0
3,W2,SKU_E,0
3,R1,SKU_A,0
3,R1,SKU_B,0
3,R1,SKU_C,0
3,R1,SKU_D,0
3,R1,SKU_E,0
3,R2,SKU_A,0
3,R2,SKU_B,0
3,R2,SKU_C,0
3,R2,SKU_D,0
3,R2,SKU_E,0
3,R3,SKU_A,0
3,R3,SKU_B,0
3,R3,SKU_C,0
3,R3,SKU_D,0
3,R3,SKU_E,0
4,Supplier,SKU_A,0
4,Supplier,SKU_B,0
4,Supplier,SKU_C,0
4,Supplier,SKU_D,0
4,Supplier,SKU_E,0
4,W1,SKU_A,0
4,W1,SKU_B,0
4,W1,SKU_C,0
4,W1,SKU_D,0
4,W1,SKU_E,0
4,W2,SKU_A,0
4,W2,SKU_B,0
4,W2,SKU_C,0
4,W2,SKU_D,0
4,W2,SKU_E,0
4,R1,SKU_A,0
4,R1,SKU_B,0
4,R1,SKU_C,0
4,R1,SKU_D,0
4,R1,SKU_E,0
4,R2,SKU_A,0
4,R2,SKU_B,0
4,R2,SKU_C,0
4,R2,SKU_D,80
4,R2,SKU_E,0
4,R3,SKU_A,0
4,R3,SKU_B,298
4,R3,SKU_C,0
4,R3,SKU_D,0
4,R3,SKU_E,0
5,Supplier,SKU_A,0
5,Supplier,SKU_B,0
5,Supplier,SKU_C,0
5,Supplier,SKU_D,0
5,Supplier,SKU_E,0
5,W1,SKU_A,0
5,W1,SKU_B,0
5,W1,SKU_C,0
5,W1,SKU_D,0
5,W1,SKU_E,0
5,W2,SKU_A,0
5,W2,SKU_B,1525
5,W2,SKU_C,0
5,W2,SKU_D,0
5,W2,SKU_E,0
5,R1,SKU_A,0
5,R1,SKU_B,200
5,R1,SKU_C,0
5,R1,SKU_D,0
5,R1,SKU_E,206
5,R2,SKU_A,0
5,R2,SKU_B,0
5,R2,SKU_C,0
5,R2,SKU_D,55
5,R2,SKU_E,0
5,R3,SKU_A,0
5,R3,SKU_B,0
5,R3,SKU_C,0
5,R3,SKU_D,0
5,R3,SKU_E,0
6,Supplier,SKU_A,0
6,Supplier,SKU_B,0
6,Supplier,SKU_C,0
6,Supplier,SKU_D,0
6,Supplier,SKU_E,0
6,W1,SKU_A,0
6,W1,SKU_B,0
6,W1,SKU_C,0
6,W1,SKU_D,206
6,W1,SKU_E,0
6,W2,SKU_A,0
6,W2,SKU_B,0
6,W2,SKU_C,0
6,W2,SKU_D,0
6,W2,SKU_E,0
6,R1,SKU_A,0
6,R1,SKU_B,0
6,R1,SKU_C,368
6,R1,SKU_D,0
6,R1,SKU_E,0
6,R2,SKU_A,613
6,R2,SKU_B,0
6,R2,SKU_C,400
6,R2,SKU_D,48
6,R2,SKU_E,0
6,R3,SKU_A,0
6,R3,SKU_B,0
6,R3,SKU_C,0
6,R3,SKU_D,0
6,R3,SKU_E,441
7,Supplier,SKU_A,0
7,Supplier,SKU_B,0
7,Supplier,SKU_C,0
7,Supplier,SKU_D,0
7,Supplier,SKU_E,0
7,W1,SKU_A,613
7,W1,SKU_B,0
7,W1,SKU_C,0
7,W1,SKU_D,0
7,W1,SKU_E,0
7,W2,SKU_A,0
7,W2,SKU_B,0
7,W2,SKU_C,0
7,W2,SKU_D,0
7,W2,SKU_E,0
7,R1,SKU_A,605
7,R1,SKU_B,0
7,R1,SKU_C,0
7,R1,SKU_D,0
7,R1,SKU_E,0
7,R2,SKU_A,0
7,R2,SKU_B,0
7,R2,SKU_C,0
7,R2,SKU_D,0
7,R2,SKU_E,0
7,R3,SKU_A,1434
7,R3,SKU_B,0
7,R3,SKU_C,0
7,R3,SKU_D,0
7,R3,SKU_E,0
8,Supplier,SKU_A,0
8,Supplier,SKU_B,0
8,Supplier,SKU_C,0
8,Supplier,SKU_D,0
8,Supplier,SKU_E,0
8,W1,SKU_A,605
8,W1,SKU_B,0
8,W1,SKU_C,0
8,W1,SKU_D,0
8,W1,SKU_E,0
8,W2,SKU_A,0
8,W2,SKU_B,0
8,W2,SKU_C,0
8,W2,SKU_D,0
8,W2,SKU_E,0
8,R1,SKU_A,0
8,R1,SKU_B,210
8,R1,SKU_C,0
8,R1,SKU_D,0
8,R1,SKU_E,173
8,R2,SKU_A,0
8,R2,SKU_B,384
8,R2,SKU_C,0
8,R2,SKU_D,70
8,R2,SKU_E,0
8,R3,SKU_A,0
8,R3,SKU_B,286
8,R3,SKU_C,0
8,R3,SKU_D,0
8,R3,SKU_E,0
9,Supplier,SKU_A,0
9,Supplier,SKU_B,0
9,Supplier,SKU_C,0
9,Supplier,SKU_D,0
9,Supplier,SKU_E,0
9,W1,SKU_A,0
9,W1,SKU_B,1734
9,W1,SKU_C,0
9,W1,SKU_D,0
9,W1,SKU_E,0
9,W2,SKU_A,0
9,W2,SKU_B,0
9,W2,SKU_C,0
9,W2,SKU_D,0
9,W2,SKU_E,0
9,R1,SKU_A,0
9,R1,SKU_B,0
9,R1,SKU_C,0
9,R1,SKU_D,0
9,R1,SKU_E,0
9,R2,SKU_A,0
9,R2,SKU_B,0
9,R2,SKU_C,0
9,R2,SKU_D,53
9,R2,SKU_E,0
9,R3,SKU_A,0
9,R3,SKU_B,0
9,R3,SKU_C,0
9,R3,SKU_D,0
9,R3,SKU_E,0
10,Supplier,SKU_A,0
10,Supplier,SKU_B,0
10,Supplier,SKU_C,0
10,Supplier,SKU_D,0
10,Supplier,SKU_E,0
10,W1,SKU_A,0
10,W1,SKU_B,0
10,W1,SKU_C,0
10,W1,SKU_D,171
10,W1,SKU_E,0
10,W2,SKU_A,0
10,W2,SKU_B,0
10,W2,SKU_C,0
10,W2,SKU_D,0
10,W2,SKU_E,0
10,R1,SKU_A,0
10,R1,SKU_B,0
10,R1,SKU_C,312
10,R1,SKU_D,0
10,R1,SKU_E,0
10,R2,SKU_A,0
10,R2,SKU_B,0
10,R2,SKU_C,0
10,R2,SKU_D,0
10,R2,SKU_E,0
10,R3,SKU_A,0
10,R3,SKU_B,0
10,R3,SKU_C,1119
10,R3,SKU_D,0
10,R3,SKU_E,0
11,Supplier,SKU_A,0
11,Supplier,SKU_B,0
11,Supplier,SKU_C,0
11,Supplier,SKU_D,0
11,Supplier,SKU_E,0
11,W1,SKU_A,0
11,W1,SKU_B,0
11,W1,SKU_C,1080
11,W1,SKU_D,0
11,W1,SKU_E,0
11,W2,SKU_A,0
11,W2,SKU_B,0
11,W2,SKU_C,2211
11,W2,SKU_D,0
11,W2,SKU_E,0
11,R1,SKU_A,0
11,R1,SKU_B,0
11,R1,SKU_C,0
11,R1,SKU_D,0
11,R1,SKU_E,0
11,R2,SKU_A,0
11,R2,SKU_B,0
11,R2,SKU_C,0
11,R2,SKU_D,59
11,R2,SKU_E,463
11,R3,SKU_A,0
11,R3,SKU_B,0
11,R3,SKU_C,0
11,R3,SKU_D,889
11,R3,SKU_E,406
12,Supplier,SKU_A,0
12,Supplier,SKU_B,0
12,Supplier,SKU_C,0
12,Supplier,SKU_D,0
12,Supplier,SKU_E,0
12,W1,SKU_A,0
12,W1,SKU_B,0
12,W1,SKU_C,0
12,W1,SKU_D,0
12,W1,SKU_E,842
12,W2,SKU_A,0
12,W2,SKU_B,0
12,W2,SKU_C,0
12,W2,SKU_D,0
12,W2,SKU_E,0
12,R1,SKU_A,0
12,R1,SKU_B,0
12,R1,SKU_C,0
12,R1,SKU_D,0
12,R1,SKU_E,168
12,R2,SKU_A,641
12,R2,SKU_B,0
12,R2,SKU_C,0
12,R2,SKU_D,49
12,R2,SKU_E,0
12,R3,SKU_A,0
12,R3,SKU_B,276
12,R3,SKU_C,0
12,R3,SKU_D,0
12,R3,SKU_E,0
13,Supplier,SKU_A,0
13,Supplier,SKU_B,0
13,Supplier,SKU_C,0
13,Supplier,SKU_D,0
13,Supplier,SKU_E,0
13,W1,SKU_A,641
13,W1,SKU_B,0
13,W1,SKU_C,0
13,W1,SKU_D,0
13,W1,SKU_E,0
13,W2,SKU_A,0
13,W2,SKU_B,0
13,W2,SKU_C,0
13,W2,SKU_D,0
13,W2,SKU_E,0
13,R1,SKU_A,695
13,R1,SKU_B,264
13,R1,SKU_C,0
13,R1,SKU_D,572
13,R1,SKU_E,0
13,R2,SKU_A,0
13,R2,SKU_B,0
13,R2,SKU_C,399
13,R2,SKU_D,54
13,R2,SKU_E,0
13,R3,SKU_A,0
13,R3,SKU_B,0
13,R3,SKU_C,0
13,R3,SKU_D,0
13,R3,SKU_E,0
14,Supplier,SKU_A,0
14,Supplier,SKU_B,0
14,Supplier,SKU_C,0
14,Supplier,SKU_D,0
14,Supplier,SKU_E,0
14,W1,SKU_A,695
14,W1,SKU_B,0
14,W1,SKU_C,0
14,W1,SKU_D,734
14,W1,SKU_E,0
14,W2,SKU_A,0
14,W2,SKU_B,0
14,W2,SKU_C,0
14,W2,SKU_D,0
14,W2,SKU_E,0
14,R1,SKU_A,0
14,R1,SKU_B,0
14,R1,SKU_C,331
14,R1,SKU_D,0
14,R1,SKU_E,0
14,R2,SKU_A,0
14,R2,SKU_B,0
14,R2,SKU_C,0
14,R2,SKU_D,45
14,R2,SKU_E,0
14,R3,SKU_A,1511
14,R3,SKU_B,0
14,R3,SKU_C,0
14,R3,SKU_D,0
14,R3,SKU_E,0
15,Supplier,SKU_A,0
15,Supplier,SKU_B,0
15,Supplier,SKU_C,0
15,Supplier,SKU_D,0
15,Supplier,SKU_E,0
15,W1,SKU_A,0
15,W1,SKU_B,0
15,W1,SKU_C,0
15,W1,SKU_D,0
15,W1,SKU_E,0
15,W2,SKU_A,2945
15,W2,SKU_B,0
15,W2,SKU_C,0
15,W2,SKU_D,0
15,W2,SKU_E,0
15,R1,SKU_A,0
15,R1,SKU_B,0
15,R1,SKU_C,0
15,R1,SKU_D,0
15,R1,SKU_E,197
15,R2,SKU_A,0
15,R2,SKU_B,352
15,R2,SKU_C,0
15,R2,SKU_D,0
15,R2,SKU_E,0
15,R3,SKU_A,0
15,R3,SKU_B,0
15,R3,SKU_C,0
15,R3,SKU_D,0
15,R3,SKU_E,359
16,Supplier,SKU_A,0
16,Supplier,SKU_B,0
16,Supplier,SKU_C,0
16,Supplier,SKU_D,0
16,Supplier,SKU_E,0
16,W1,SKU_A,0
16,W1,SKU_B,0
16,W1,SKU_C,0
16,W1,SKU_D,0
16,W1,SKU_E,0
16,W2,SKU_A,0
16,W2,SKU_B,0
16,W2,SKU_C,0
16,W2,SKU_D,0
16,W2,SKU_E,1206
16,R1,SKU_A,0
16,R1,SKU_B,0
16,R1,SKU_C,0
16,R1,SKU_D,0
16,R1,SKU_E,0
16,R2,SKU_A,0
16,R2,SKU_B,0
16,R2,SKU_C,0
16,R2,SKU_D,82
16,R2,SKU_E,0
16,R3,SKU_A,0
16,R3,SKU_B,287
16,R3,SKU_C,0
16,R3,SKU_D,0
16,R3,SKU_E,0
17,Supplier,SKU_A,0
17,Supplier,SKU_B,0
17,Supplier,SKU_C,0
17,Supplier,SKU_D,0
17,Supplier,SKU_E,0
17,W1,SKU_A,0
17,W1,SKU_B,0
17,W1,SKU_C,0
17,W1,SKU_D,0
17,W1,SKU_E,0
17,W2,SKU_A,0
17,W2,SKU_B,0
17,W2,SKU_C,0
17,W2,SKU_D,0
17,W2,SKU_E,0
17,R1,SKU_A,0
17,R1,SKU_B,0
17,R1,SKU_C,0
17,R1,SKU_D,0
17,R1,SKU_E,0
17,R2,SKU_A,0
17,R2,SKU_B,0
17,R2,SKU_C,0
17,R2,SKU_D,47
17,R2,SKU_E,0
17,R3,SKU_A,0
17,R3,SKU_B,0
17,R3,SKU_C,0
17,R3,SKU_D,0
17,R3,SKU_E,0
18,Supplier,SKU_A,0
18,Supplier,SKU_B,0
18,Supplier,SKU_C,0
18,Supplier,SKU_D,0
18,Supplier,SKU_E,0
18,W1,SKU_A,0
18,W1,SKU_B,0
18,W1,SKU_C,0
18,W1,SKU_D,174
18,W1,SKU_E,0
18,W2,SKU_A,0
18,W2,SKU_B,0
18,W2,SKU_C,0
18,W2,SKU_D,0
18,W2,SKU_E,0
18,R1,SKU_A,634
18,R1,SKU_B,199
18,R1,SKU_C,0
18,R1,SKU_D,0
18,R1,SKU_E,0
18,R2,SKU_A,635
18,R2,SKU_B,0
18,R2,SKU_C,0
18,R2,SKU_D,0
18,R2,SKU_E,0
18,R3,SKU_A,0
18,R3,SKU_B,0
18,R3,SKU_C,0
18,R3,SKU_D,0
18,R3,SKU_E,0
19,Supplier,SKU_A,0
19,Supplier,SKU_B,0
19,Supplier,SKU_C,0
19,Supplier,SKU_D,0
19,Supplier,SKU_E,0
19,W1,SKU_A,1269
19,W1,SKU_B,0
19,W1,SKU_C,0
19,W1,SKU_D,0
19,W1,SKU_E,0
19,W2,SKU_A,0
19,W2,SKU_B,0
19,W2,SKU_C,0
19,W2,SKU_D,0
19,W2,SKU_E,0
19,R1,SKU_A,0
19,R1,SKU_B,0
19,R1,SKU_C,340
19,R1,SKU_D,0
19,R1,SKU_E,173
19,R2,SKU_A,0
19,R2,SKU_B,0
19,R2,SKU_C,0
19,R2,SKU_D,75
19,R2,SKU_E,0
19,R3,SKU_A,0
19,R3,SKU_B,0
19,R3,SKU_C,1101
19,R3,SKU_D,0
19,R3,SKU_E,0
20,Supplier,SKU_A,0
20,Supplier,SKU_B,0
20,Supplier,SKU_C,0
20,Supplier,SKU_D,0
20,Supplier,SKU_E,0
20,W1,SKU_A,0
20,W1,SKU_B,0
20,W1,SKU_C,1070
20,W1,SKU_D,0
20,W1,SKU_E,0
20,W2,SKU_A,0
20,W2,SKU_B,0
20,W2,SKU_C,0
20,W2,SKU_D,0
20,W2,SKU_E,0
20,R1,SKU_A,0
20,R1,SKU_B,0
20,R1,SKU_C,0
20,R1,SKU_D,0
20,R1,SKU_E,0
20,R2,SKU_A,0
20,R2,SKU_B,0
20,R2,SKU_C,0
20,R2,SKU_D,49
20,R2,SKU_E,0
20,R3,SKU_A,0
20,R3,SKU_B,283
20,R3,SKU_C,0
20,R3,SKU_D,874
20,R3,SKU_E,371
21,Supplier,SKU_A,0
21,Supplier,SKU_B,0
21,Supplier,SKU_C,0
21,Supplier,SKU_D,0
21,Supplier,SKU_E,0
21,W1,SKU_A,0
21,W1,SKU_B,0
21,W1,SKU_C,0
21,W1,SKU_D,0
21,W1,SKU_E,0
21,W2,SKU_A,0
21,W2,SKU_B,0
21,W2,SKU_C,0
21,W2,SKU_D,1763
21,W2,SKU_E,0
21,R1,SKU_A,0
21,R1,SKU_B,218
21,R1,SKU_C,0
21,R1,SKU_D,0
21,R1,SKU_E,0
21,R2,SKU_A,0
21,R2,SKU_B,350
21,R2,SKU_C,356
21,R2,SKU_D,56
21,R2,SKU_E,462
21,R3,SKU_A,0
21,R3,SKU_B,0
21,R3,SKU_C,0
21,R3,SKU_D,0
21,R3,SKU_E,0
22,Supplier,SKU_A,0
22,Supplier,SKU_B,0
22,Supplier,SKU_C,0
22,Supplier,SKU_D,0
22,Supplier,SKU_E,0
22,W1,SKU_A,0
22,W1,SKU_B,1383
22,W1,SKU_C,0
22,W1,SKU_D,180
22,W1,SKU_E,1000
22,W2,SKU_A,0
22,W2,SKU_B,0
22,W2,SKU_C,0
22,W2,SKU_D,0
22,W2,SKU_E,0
22,R1,SKU_A,0
22,R1,SKU_B,0
22,R1,SKU_C,0
22,R1,SKU_D,0
22,R1,SKU_E,179
22,R2,SKU_A,0
22,R2,SKU_B,0
22,R2,SKU_C,0
22,R2,SKU_D,0
22,R2,SKU_E,0
22,R3,SKU_A,1557
22,R3,SKU_B,0
22,R3,SKU_C,0
22,R3,SKU_D,0
22,R3,SKU_E,0
23,Supplier,SKU_A,0
23,Supplier,SKU_B,0
23,Supplier,SKU_C,0
23,Supplier,SKU_D,0
23,Supplier,SKU_E,0
23,W1,SKU_A,0
23,W1,SKU_B,0
23,W1,SKU_C,0
23,W1,SKU_D,0
23,W1,SKU_E,0
23,W2,SKU_A,0
23,W2,SKU_B,0
23,W2,SKU_C,0
23,W2,SKU_D,0
23,W2,SKU_E,0
23,R1,SKU_A,679
23,R1,SKU_B,0
23,R1,SKU_C,322
23,R1,SKU_D,0
23,R1,SKU_E,0
23,R2,SKU_A,0
23,R2,SKU_B,0
23,R2,SKU_C,0
23,R2,SKU_D,79
23,R2,SKU_E,0
23,R3,SKU_A,0
23,R3,SKU_B,0
23,R3,SKU_C,0
23,R3,SKU_D,0
23,R3,SKU_E,0
24,Supplier,SKU_A,0
24,Supplier,SKU_B,0
24,Supplier,SKU_C,0
24,Supplier,SKU_D,0
24,Supplier,SKU_E,0
24,W1,SKU_A,679
24,W1,SKU_B,0
24,W1,SKU_C,0
24,W1,SKU_D,0
24,W1,SKU_E,0
24,W2,SKU_A,0
24,W2,SKU_B,0
24,W2,SKU_C,0
24,W2,SKU_D,0
24,W2,SKU_E,0
24,R1,SKU_A,0
24,R1,SKU_B,0
24,R1,SKU_C,0
24,R1,SKU_D,0
24,R1,SKU_E,0
24,R2,SKU_A,640
24,R2,SKU_B,0
24,R2,SKU_C,0
24,R2,SKU_D,0
24,R2,SKU_E,0
24,R3,SKU_A,0
24,R3,SKU_B,282
24,R3,SKU_C,0
24,R3,SKU_D,0
24,R3,SKU_E,0
25,Supplier,SKU_A,0
25,Supplier,SKU_B,0
25,Supplier,SKU_C,0
25,Supplier,SKU_D,0
25,Supplier,SKU_E,0
25,W1,SKU_A,640
25,W1,SKU_B,0
25,W1,SKU_C,0
25,W1,SKU_D,0
25,W1,SKU_E,0
25,W2,SKU_A,0
25,W2,SKU_B,1414
25,W2,SKU_C,0
25,W2,SKU_D,0
25,W2,SKU_E,0
25,R1,SKU_A,0
25,R1,SKU_B,0
25,R1,SKU_C,0
25,R1,SKU_D,538
25,R1,SKU_E,0
25,R2,SKU_A,0
25,R2,SKU_B,0
25,R2,SKU_C,0
25,R2,SKU_D,84
25,R2,SKU_E,0
25,R3,SKU_A,0
25,R3,SKU_B,0
25,R3,SKU_C,0
25,R3,SKU_D,0
25,R3,SKU_E,343
26,Supplier,SKU_A,0
26,Supplier,SKU_B,0
26,Supplier,SKU_C,0
26,Supplier,SKU_D,0
26,Supplier,SKU_E,0
26,W1,SKU_A,0
26,W1,SKU_B,0
26,W1,SKU_C,0
26,W1,SKU_D,701
26,W1,SKU_E,0
26,W2,SKU_A,0
26,W2,SKU_B,0
26,W2,SKU_C,0
26,W2,SKU_D,0
26,W2,SKU_E,0
26,R1,SKU_A,0
26,R1,SKU_B,209
26,R1,SKU_C,0
26,R1,SKU_D,0
26,R1,SKU_E,0
26,R2,SKU_A,0
26,R2,SKU_B,0
26,R2,SKU_C,0
26,R2,SKU_D,51
26,R2,SKU_E,0
26,R3,SKU_A,0
26,R3,SKU_B,0
26,R3,SKU_C,0
26,R3,SKU_D,0
26,R3,SKU_E,0
27,Supplier,SKU_A,0
27,Supplier,SKU_B,0
27,Supplier,SKU_C,0
27,Supplier,SKU_D,0
27,Supplier,SKU_E,0
27,W1,SKU_A,0
27,W1,SKU_B,0
27,W1,SKU_C,0
27,W1,SKU_D,0
27,W1,SKU_E,0
27,W2,SKU_A,0
27,W2,SKU_B,0
27,W2,SKU_C,0
27,W2,SKU_D,0
27,W2,SKU_E,0
27,R1,SKU_A,0
27,R1,SKU_B,0
27,R1,SKU_C,342
27,R1,SKU_D,0
27,R1,SKU_E,202
27,R2,SKU_A,0
27,R2,SKU_B,0
27,R2,SKU_C,0
27,R2,SKU_D,54
27,R2,SKU_E,0
27,R3,SKU_A,0
27,R3,SKU_B,0
27,R3,SKU_C,0
27,R3,SKU_D,0
27,R3,SKU_E,0
28,Supplier,SKU_A,0
28,Supplier,SKU_B,0
28,Supplier,SKU_C,0
28,Supplier,SKU_D,0
28,Supplier,SKU_E,0
28,W1,SKU_A,0
28,W1,SKU_B,0
28,W1,SKU_C,1020
28,W1,SKU_D,0
28,W1,SKU_E,0
28,W2,SKU_A,0
28,W2,SKU_B,0
28,W2,SKU_C,0
28,W2,SKU_D,0
28,W2,SKU_E,0
28,R1,SKU_A,653
28,R1,SKU_B,0
28,R1,SKU_C,0
28,R1,SKU_D,0
28,R1,SKU_E,0
28,R2,SKU_A,0
28,R2,SKU_B,407
28,R2,SKU_C,0
28,R2,SKU_D,50
28,R2,SKU_E,0
28,R3,SKU_A,0
28,R3,SKU_B,0
28,R3,SKU_C,1120
28,R3,SKU_D,0
28,R3,SKU_E,0
29,Supplier,SKU_A,0
29,Supplier,SKU_B,0
29,Supplier,SKU_C,0
29,Supplier,SKU_D,0
29,Supplier,SKU_E,0
29,W1,SKU_A,653
29,W1,SKU_B,0
29,W1,SKU_C,0
29,W1,SKU_D,0
29,W1,SKU_E,0
29,W2,SKU_A,0
29,W2,SKU_B,0
29,W2,SKU_C,2221
29,W2,SKU_D,0
29,W2,SKU_E,0
29,R1,SKU_A,0
29,R1,SKU_B,192
29,R1,SKU_C,0
29,R1,SKU_D,0
29,R1,SKU_E,0
29,R2,SKU_A,0
29,R2,SKU_B,0
29,R2,SKU_C,369
29,R2,SKU_D,0
29,R2,SKU_E,0
29,R3,SKU_A,0
29,R3,SKU_B,329
29,R3,SKU_C,0
29,R3,SKU_D,0
29,R3,SKU_E,346
30,Supplier,SKU_A,0
30,Supplier,SKU_B,0
30,Supplier,SKU_C,0
30,Supplier,SKU_D,0
30,Supplier,SKU_E,0
30,W1,SKU_A,0
30,W1,SKU_B,0
30,W1,SKU_C,0
30,W1,SKU_D,0
30,W1,SKU_E,0
30,W2,SKU_A,0
30,W2,SKU_B,0
30,W2,SKU_C,0
30,W2,SKU_D,0
30,W2,SKU_E,1060
30,R1,SKU_A,0
30,R1,SKU_B,0
30,R1,SKU_C,0
30,R1,SKU_D,0
30,R1,SKU_E,0
30,R2,SKU_A,0
30,R2,SKU_B,0
30,R2,SKU_C,0
30,R2,SKU_D,70
30,R2,SKU_E,0
30,R3,SKU_A,1483
30,R3,SKU_B,0
30,R3,SKU_C,0
30,R3,SKU_D,0
30,R3,SKU_E,0
31,Supplier,SKU_A,0
31,Supplier,SKU_B,0
31,Supplier,SKU_C,0
31,Supplier,SKU_D,0
31,Supplier,SKU_E,0
31,W1,SKU_A,0
31,W1,SKU_B,0
31,W1,SKU_C,0
31,W1,SKU_D,225
31,W1,SKU_E,0
31,W2,SKU_A,3040
31,W2,SKU_B,0
31,W2,SKU_C,0
31,W2,SKU_D,0
31,W2,SKU_E,0
31,R1,SKU_A,0
31,R1,SKU_B,0
31,R1,SKU_C,318
31,R1,SKU_D,0
31,R1,SKU_E,179
31,R2,SKU_A,656
31,R2,SKU_B,0
31,R2,SKU_C,0
31,R2,SKU_D,0
31,R2,SKU_E,0
31,R3,SKU_A,0
31,R3,SKU_B,0
31,R3,SKU_C,0
31,R3,SKU_D,958
31,R3,SKU_E,0
32,Supplier,SKU_A,0
32,Supplier,SKU_B,0
32,Supplier,SKU_C,0
32,Supplier,SKU_D,0
32,Supplier,SKU_E,0
32,W1,SKU_A,656
32,W1,SKU_B,0
32,W1,SKU_C,0
32,W1,SKU_D,0
32,W1,SKU_E,0
32,W2,SKU_A,0
32,W2,SKU_B,0
32,W2,SKU_C,0
32,W2,SKU_D,0
32,W2,SKU_E,0
32,R1,SKU_A,0
32,R1,SKU_B,0
32,R1,SKU_C,0
32,R1,SKU_D,0
32,R1,SKU_E,0
32,R2,SKU_A,0
32,R2,SKU_B,0
32,R2,SKU_C,0
32,R2,SKU_D,58
32,R2,SKU_E,0
32,R3,SKU_A,0
32,R3,SKU_B,0
32,R3,SKU_C,0
32,R3,SKU_D,0
32,R3,SKU_E,0
33,Supplier,SKU_A,0
33,Supplier,SKU_B,0
33,Supplier,SKU_C,0
33,Supplier,SKU_D,0
33,Supplier,SKU_E,0
33,W1,SKU_A,0
33,W1,SKU_B,0
33,W1,SKU_C,0
33,W1,SKU_D,0
33,W1,SKU_E,0
33,W2,SKU_A,0
33,W2,SKU_B,0
33,W2,SKU_C,0
33,W2,SKU_D,0
33,W2,SKU_E,0
33,R1,SKU_A,595
33,R1,SKU_B,201
33,R1,SKU_C,0
33,R1,SKU_D,0
33,R1,SKU_E,0
33,R2,SKU_A,0
33,R2,SKU_B,0
33,R2,SKU_C,0
33,R2,SKU_D,51
33,R2,SKU_E,458
33,R3,SKU_A,0
33,R3,SKU_B,0
33,R3,SKU_C,0
33,R3,SKU_D,0
33,R3,SKU_E,0
34,Supplier,SKU_A,0
34,Supplier,SKU_B,0
34,Supplier,SKU_C,0
34,Supplier,SKU_D,0
34,Supplier,SKU_E,0
34,W1,SKU_A,595
34,W1,SKU_B,0
34,W1,SKU_C,0
34,W1,SKU_D,0
34,W1,SKU_E,1018
34,W2,SKU_A,0
34,W2,SKU_B,0
34,W2,SKU_C,0
34,W2,SKU_D,0
34,W2,SKU_E,0
34,R1,SKU_A,0
34,R1,SKU_B,0
34,R1,SKU_C,330
34,R1,SKU_D,0
34,R1,SKU_E,0
34,R2,SKU_A,0
34,R2,SKU_B,0
34,R2,SKU_C,0
34,R2,SKU_D,0
34,R2,SKU_E,0
34,R3,SKU_A,0
34,R3,SKU_B,327
34,R3,SKU_C,0
34,R3,SKU_D,0
34,R3,SKU_E,337
35,Supplier,SKU_A,0
35,Supplier,SKU_B,0
35,Supplier,SKU_C,0
35,Supplier,SKU_D,0
35,Supplier,SKU_E,0
35,W1,SKU_A,0
35,W1,SKU_B,0
35,W1,SKU_C,1017
35,W1,SKU_D,0
35,W1,SKU_E,0
35,W2,SKU_A,0
35,W2,SKU_B,0
35,W2,SKU_C,0
35,W2,SKU_D,0
35,W2,SKU_E,0
35,R1,SKU_A,0
35,R1,SKU_B,0
35,R1,SKU_C,0
35,R1,SKU_D,536
35,R1,SKU_E,206
35,R2,SKU_A,0
35,R2,SKU_B,384
35,R2,SKU_C,0
35,R2,SKU_D,89
35,R2,SKU_E,0
35,R3,SKU_A,0
35,R3,SKU_B,0
35,R3,SKU_C,0
35,R3,SKU_D,0
35,R3,SKU_E,0
36,Supplier,SKU_A,0
36,Supplier,SKU_B,0
36,Supplier,SKU_C,0
36,Supplier,SKU_D,0
36,Supplier,SKU_E,0
36,W1,SKU_A,0
36,W1,SKU_B,1393
36,W1,SKU_C,0
36,W1,SKU_D,734
36,W1,SKU_E,0
36,W2,SKU_A,0
36,W2,SKU_B,0
36,W2,SKU_C,0
36,W2,SKU_D,0
36,W2,SKU_E,0
36,R1,SKU_A,0
36,R1,SKU_B,197
36,R1,SKU_C,0
36,R1,SKU_D,0
36,R1,SKU_E,0
36,R2,SKU_A,0
36,R2,SKU_B,0
36,R2,SKU_C,0
36,R2,SKU_D,0
36,R2,SKU_E,0
36,R3,SKU_A,0
36,R3,SKU_B,0
36,R3,SKU_C,0
36,R3,SKU_D,0
36,R3,SKU_E,0
37,Supplier,SKU_A,0
37,Supplier,SKU_B,0
37,Supplier,SKU_C,0
37,Supplier,SKU_D,0
37,Supplier,SKU_E,0
37,W1,SKU_A,0
37,W1,SKU_B,0
37,W1,SKU_C,0
37,W1,SKU_D,0
37,W1,SKU_E,0
37,W2,SKU_A,0
37,W2,SKU_B,0
37,W2,SKU_C,0
37,W2,SKU_D,0
37,W2,SKU_E,0
37,R1,SKU_A,644
37,R1,SKU_B,0
37,R1,SKU_C,301
37,R1,SKU_D,0
37,R1,SKU_E,0
37,R2,SKU_A,0
37,R2,SKU_B,0
37,R2,SKU_C,355
37,R2,SKU_D,71
37,R2,SKU_E,0
37,R3,SKU_A,0
37,R3,SKU_B,0
37,R3,SKU_C,0
37,R3,SKU_D,0
37,R3,SKU_E,0
38,Supplier,SKU_A,0
38,Supplier,SKU_B,0
38,Supplier,SKU_C,0
38,Supplier,SKU_D,0
38,Supplier,SKU_E,0
38,W1,SKU_A,644
38,W1,SKU_B,0
38,W1,SKU_C,0
38,W1,SKU_D,0
38,W1,SKU_E,0
38,W2,SKU_A,0
38,W2,SKU_B,0
38,W2,SKU_C,0
38,W2,SKU_D,0
38,W2,SKU_E,0
38,R1,SKU_A,0
38,R1,SKU_B,0
38,R1,SKU_C,0
38,R1,SKU_D,0
38,R1,SKU_E,0
38,R2,SKU_A,598
38,R2,SKU_B,0
38,R2,SKU_C,0
38,R2,SKU_D,0
38,R2,SKU_E,0
38,R3,SKU_A,1572
38,R3,SKU_B,272
38,R3,SKU_C,1150
38,R3,SKU_D,0
38,R3,SKU_E,0
39,Supplier,SKU_A,0
39,Supplier,SKU_B,0
39,Supplier,SKU_C,0
39,Supplier,SKU_D,0
39,Supplier,SKU_E,0
39,W1,SKU_A,598
39,W1,SKU_B,0
39,W1,SKU_C,0
39,W1,SKU_D,0
39,W1,SKU_E,0
39,W2,SKU_A,0
39,W2,SKU_B,0
39,W2,SKU_C,0
39,W2,SKU_D,0
39,W2,SKU_E,0
39,R1,SKU_A,0
39,R1,SKU_B,198
39,R1,SKU_C,0
39,R1,SKU_D,0
39,R1,SKU_E,173
39,R2,SKU_A,0
39,R2,SKU_B,0
39,R2,SKU_C,0
39,R2,SKU_D,77
39,R2,SKU_E,0
39,R3,SKU_A,0
39,R3,SKU_B,0
39,R3,SKU_C,0
39,R3,SKU_D,0
39,R3,SKU_E,388
40,Supplier,SKU_A,0
40,Supplier,SKU_B,0
40,Supplier,SKU_C,0
40,Supplier,SKU_D,0
40,Supplier,SKU_E,0
40,W1,SKU_A,0
40,W1,SKU_B,0
40,W1,SKU_C,0
40,W1,SKU_D,0
40,W1,SKU_E,0
40,W2,SKU_A,0
40,W2,SKU_B,0
40,W2,SKU_C,0
40,W2,SKU_D,0
40,W2,SKU_E,0
40,R1,SKU_A,0
40,R1,SKU_B,0
40,R1,SKU_C,0
40,R1,SKU_D,0
40,R1,SKU_E,0
40,R2,SKU_A,0
40,R2,SKU_B,0
40,R2,SKU_C,0
40,R2,SKU_D,53
40,R2,SKU_E,0
40,R3,SKU_A,0
40,R3,SKU_B,0
40,R3,SKU_C,0
40,R3,SKU_D,0
40,R3,SKU_E,0
41,Supplier,SKU_A,0
41,Supplier,SKU_B,0
41,Supplier,SKU_C,0
41,Supplier,SKU_D,0
41,Supplier,SKU_E,0
41,W1,SKU_A,0
41,W1,SKU_B,0
41,W1,SKU_C,0
41,W1,SKU_D,201
41,W1,SKU_E,0
41,W2,SKU_A,0
41,W2,SKU_B,0
41,W2,SKU_C,0
41,W2,SKU_D,0
41,W2,SKU_E,0
41,R1,SKU_A,608
41,R1,SKU_B,0
41,R1,SKU_C,407
41,R1,SKU_D,0
41,R1,SKU_E,0
41,R2,SKU_A,0
41,R2,SKU_B,411
41,R2,SKU_C,0
41,R2,SKU_D,59
41,R2,SKU_E,0
41,R3,SKU_A,0
41,R3,SKU_B,0
41,R3,SKU_C,0
41,R3,SKU_D,953
41,R3,SKU_E,0
42,Supplier,SKU_A,0
42,Supplier,SKU_B,0
42,Supplier,SKU_C,0
42,Supplier,SKU_D,0
42,Supplier,SKU_E,0
42,W1,SKU_A,608
42,W1,SKU_B,0
42,W1,SKU_C,1063
42,W1,SKU_D,0
42,W1,SKU_E,0
42,W2,SKU_A,0
42,W2,SKU_B,0
42,W2,SKU_C,0
42,W2,SKU_D,1911
42,W2,SKU_E,0
42,R1,SKU_A,0
42,R1,SKU_B,271
42,R1,SKU_C,0
42,R1,SKU_D,0
42,R1,SKU_E,0
42,R2,SKU_A,0
42,R2,SKU_B,0
42,R2,SKU_C,0
42,R2,SKU_D,57
42,R2,SKU_E,451
42,R3,SKU_A,0
42,R3,SKU_B,336
42,R3,SKU_C,0
42,R3,SKU_D,0
42,R3,SKU_E,0
43,Supplier,SKU_A,0
43,Supplier,SKU_B,0
43,Supplier,SKU_C,0
43,Supplier,SKU_D,0
43,Supplier,SKU_E,0
43,W1,SKU_A,0
43,W1,SKU_B,0
43,W1,SKU_C,0
43,W1,SKU_D,0
43,W1,SKU_E,830
43,W2,SKU_A,0
43,W2,SKU_B,0
43,W2,SKU_C,0
43,W2,SKU_D,0
43,W2,SKU_E,0
43,R1,SKU_A,0
43,R1,SKU_B,0
43,R1,SKU_C,298
43,R1,SKU_D,0
43,R1,SKU_E,216
43,R2,SKU_A,0
43,R2,SKU_B,0
43,R2,SKU_C,433
43,R2,SKU_D,72
43,R2,SKU_E,0
43,R3,SKU_A,0
43,R3,SKU_B,0
43,R3,SKU_C,0
43,R3,SKU_D,0
43,R3,SKU_E,381
44,Supplier,SKU_A,0
44,Supplier,SKU_B,0
44,Supplier,SKU_C,0
44,Supplier,SKU_D,0
44,Supplier,SKU_E,0
44,W1,SKU_A,0
44,W1,SKU_B,0
44,W1,SKU_C,0
44,W1,SKU_D,188
44,W1,SKU_E,0
44,W2,SKU_A,0
44,W2,SKU_B,0
44,W2,SKU_C,0
44,W2,SKU_D,0
44,W2,SKU_E,1106
44,R1,SKU_A,0
44,R1,SKU_B,0
44,R1,SKU_C,0
44,R1,SKU_D,0
44,R1,SKU_E,0
44,R2,SKU_A,660
44,R2,SKU_B,0
44,R2,SKU_C,0
44,R2,SKU_D,65
44,R2,SKU_E,0
44,R3,SKU_A,0
44,R3,SKU_B,0
44,R3,SKU_C,0
44,R3,SKU_D,0
44,R3,SKU_E,0
45,Supplier,SKU_A,0
45,Supplier,SKU_B,0
45,Supplier,SKU_C,0
45,Supplier,SKU_D,0
45,Supplier,SKU_E,0
45,W1,SKU_A,660
45,W1,SKU_B,0
45,W1,SKU_C,0
45,W1,SKU_D,0
45,W1,SKU_E,0
45,W2,SKU_A,0
45,W2,SKU_B,0
45,W2,SKU_C,0
45,W2,SKU_D,0
45,W2,SKU_E,0
45,R1,SKU_A,695
45,R1,SKU_B,228
45,R1,SKU_C,0
45,R1,SKU_D,532
45,R1,SKU_E,0
45,R2,SKU_A,0
45,R2,SKU_B,0
45,R2,SKU_C,0
45,R2,SKU_D,48
45,R2,SKU_E,0
45,R3,SKU_A,1544
45,R3,SKU_B,0
45,R3,SKU_C,0
45,R3,SKU_D,0
45,R3,SKU_E,0
46,Supplier,SKU_A,0
46,Supplier,SKU_B,0
46,Supplier,SKU_C,0
46,Supplier,SKU_D,0
46,Supplier,SKU_E,0
46,W1,SKU_A,695
46,W1,SKU_B,1305
46,W1,SKU_C,0
46,W1,SKU_D,645
46,W1,SKU_E,0
46,W2,SKU_A,3116
46,W2,SKU_B,0
46,W2,SKU_C,0
46,W2,SKU_D,0
46,W2,SKU_E,0
46,R1,SKU_A,0
46,R1,SKU_B,0
46,R1,SKU_C,0
46,R1,SKU_D,0
46,R1,SKU_E,0
46,R2,SKU_A,0
46,R2,SKU_B,0
46,R2,SKU_C,0
46,R2,SKU_D,48
46,R2,SKU_E,0
46,R3,SKU_A,0
46,R3,SKU_B,304
46,R3,SKU_C,1147
46,R3,SKU_D,0
46,R3,SKU_E,0
47,Supplier,SKU_A,0
47,Supplier,SKU_B,0
47,Supplier,SKU_C,0
47,Supplier,SKU_D,0
47,Supplier,SKU_E,0
47,W1,SKU_A,0
47,W1,SKU_B,0
47,W1,SKU_C,0
47,W1,SKU_D,0
47,W1,SKU_E,0
47,W2,SKU_A,0
47,W2,SKU_B,1568
47,W2,SKU_C,2297
47,W2,SKU_D,0
47,W2,SKU_E,0
47,R1,SKU_A,0
47,R1,SKU_B,0
47,R1,SKU_C,387
47,R1,SKU_D,0
47,R1,SKU_E,192
47,R2,SKU_A,0
47,R2,SKU_B,425
47,R2,SKU_C,0
47,R2,SKU_D,52
47,R2,SKU_E,0
47,R3,SKU_A,0
47,R3,SKU_B,0
47,R3,SKU_C,0
47,R3,SKU_D,0
47,R3,SKU_E,320
48,Supplier,SKU_A,0
48,Supplier,SKU_B,0
48,Supplier,SKU_C,0
48,Supplier,SKU_D,0
48,Supplier,SKU_E,0
48,W1,SKU_A,0
48,W1,SKU_B,0
48,W1,SKU_C,1118
48,W1,SKU_D,0
48,W1,SKU_E,0
48,W2,SKU_A,0
48,W2,SKU_B,0
48,W2,SKU_C,0
48,W2,SKU_D,0
48,W2,SKU_E,0
48,R1,SKU_A,0
48,R1,SKU_B,235
48,R1,SKU_C,0
48,R1,SKU_D,0
48,R1,SKU_E,0
48,R2,SKU_A,0
48,R2,SKU_B,0
48,R2,SKU_C,0
48,R2,SKU_D,0
48,R2,SKU_E,0
48,R3,SKU_A,0
48,R3,SKU_B,0
48,R3,SKU_C,0
48,R3,SKU_D,0
48,R3,SKU_E,0
49,Supplier,SKU_A,0
49,Supplier,SKU_B,0
49,Supplier,SKU_C,0
49,Supplier,SKU_D,0
49,Supplier,SKU_E,0
49,W1,SKU_A,0
49,W1,SKU_B,0
49,W1,SKU_C,0
49,W1,SKU_D,0
49,W1,SKU_E,0
49,W2,SKU_A,0
49,W2,SKU_B,0
49,W2,SKU_C,0
49,W2,SKU_D,0
49,W2,SKU_E,0
49,R1,SKU_A,713
49,R1,SKU_B,0
49,R1,SKU_C,307
49,R1,SKU_D,0
49,R1,SKU_E,0
49,R2,SKU_A,0
49,R2,SKU_B,0
49,R2,SKU_C,443
49,R2,SKU_D,77
49,R2,SKU_E,0
49,R3,SKU_A,0
49,R3,SKU_B,0
49,R3,SKU_C,0
49,R3,SKU_D,0
49,R3,SKU_E,0
50,Supplier,SKU_A,0
50,Supplier,SKU_B,0
50,Supplier,SKU_C,0
50,Supplier,SKU_D,0
50,Supplier,SKU_E,0
50,W1,SKU_A,713
50,W1,SKU_B,0
50,W1,SKU_C,0
50,W1,SKU_D,177
50,W1,SKU_E,0
50,W2,SKU_A,0
50,W2,SKU_B,0
50,W2,SKU_C,0
50,W2,SKU_D,0
50,W2,SKU_E,0
50,R1,SKU_A,0
50,R1,SKU_B,183
50,R1,SKU_C,0
50,R1,SKU_D,0
50,R1,SKU_E,174
50,R2,SKU_A,636
50,R2,SKU_B,0
50,R2,SKU_C,0
50,R2,SKU_D,0
50,R2,SKU_E,0
50,R3,SKU_A,0
50,R3,SKU_B,273
50,R3,SKU_C,0
50,R3,SKU_D,0
50,R3,SKU_E,0
51,Supplier,SKU_A,0
51,Supplier,SKU_B,0
51,Supplier,SKU_C,0
51,Supplier,SKU_D,0
51,Supplier,SKU_E,0
51,W1,SKU_A,636
51,W1,SKU_B,0
51,W1,SKU_C,0
51,W1,SKU_D,0
51,W1,SKU_E,0
51,W2,SKU_A,0
51,W2,SKU_B,0
51,W2,SKU_C,0
51,W2,SKU_D,0
51,W2,SKU_E,0
51,R1,SKU_A,0
51,R1,SKU_B,0
51,R1,SKU_C,0
51,R1,SKU_D,0
51,R1,SKU_E,0
51,R2,SKU_A,0
51,R2,SKU_B,0
51,R2,SKU_C,0
51,R2,SKU_D,89
51,R2,SKU_E,465
51,R3,SKU_A,0
51,R3,SKU_B,0
51,R3,SKU_C,0
51,R3,SKU_D,950
51,R3,SKU_E,0
52,Supplier,SKU_A,0
52,Supplier,SKU_B,0
52,Supplier,SKU_C,0
52,Supplier,SKU_D,0
52,Supplier,SKU_E,0
52,W1,SKU_A,0
52,W1,SKU_B,0
52,W1,SKU_C,0
52,W1,SKU_D,0
52,W1,SKU_E,1047
52,W2,SKU_A,0
52,W2,SKU_B,0
52,W2,SKU_C,0
52,W2,SKU_D,0
52,W2,SKU_E,0
52,R1,SKU_A,0
52,R1,SKU_B,0
52,R1,SKU_C,0
52,R1,SKU_D,0
52,R1,SKU_E,0
52,R2,SKU_A,0
52,R2,SKU_B,404
52,R2,SKU_C,0
52,R2,SKU_D,48
52,R2,SKU_E,0
52,R3,SKU_A,1468
52,R3,SKU_B,0
52,R3,SKU_C,0
52,R3,SKU_D,0
52,R3,SKU_E,345
53,Supplier,SKU_A,0
53,Supplier,SKU_B,0
53,Supplier,SKU_C,0
53,Supplier,SKU_D,0
53,Supplier,SKU_E,0
53,W1,SKU_A,0
53,W1,SKU_B,1247
53,W1,SKU_C,0
53,W1,SKU_D,0
53,W1,SKU_E,0
53,W2,SKU_A,0
53,W2,SKU_B,0
53,W2,SKU_C,0
53,W2,SKU_D,0
53,W2,SKU_E,0
53,R1,SKU_A,0
53,R1,SKU_B,0
53,R1,SKU_C,371
53,R1,SKU_D,0
53,R1,SKU_E,0
53,R2,SKU_A,0
53,R2,SKU_B,0
53,R2,SKU_C,0
53,R2,SKU_D,50
53,R2,SKU_E,0
53,R3,SKU_A,0
53,R3,SKU_B,0
53,R3,SKU_C,0
53,R3,SKU_D,0
53,R3,SKU_E,0
54,Supplier,SKU_A,0
54,Supplier,SKU_B,0
54,Supplier,SKU_C,0
54,Supplier,SKU_D,0
54,Supplier,SKU_E,0
54,W1,SKU_A,0
54,W1,SKU_B,0
54,W1,SKU_C,1121
54,W1,SKU_D,187
54,W1,SKU_E,0
54,W2,SKU_A,0
54,W2,SKU_B,0
54,W2,SKU_C,0
54,W2,SKU_D,0
54,W2,SKU_E,0
54,R1,SKU_A,724
54,R1,SKU_B,239
54,R1,SKU_C,0
54,R1,SKU_D,539
54,R1,SKU_E,172
54,R2,SKU_A,0
54,R2,SKU_B,0
54,R2,SKU_C,0
54,R2,SKU_D,0
54,R2,SKU_E,0
54,R3,SKU_A,0
54,R3,SKU_B,0
54,R3,SKU_C,1132
54,R3,SKU_D,0
54,R3,SKU_E,0
55,Supplier,SKU_A,0
55,Supplier,SKU_B,0
55,Supplier,SKU_C,0
55,Supplier,SKU_D,0
55,Supplier,SKU_E,0
55,W1,SKU_A,724
55,W1,SKU_B,0
55,W1,SKU_C,0
55,W1,SKU_D,539
55,W1,SKU_E,0
55,W2,SKU_A,0
55,W2,SKU_B,0
55,W2,SKU_C,0
55,W2,SKU_D,0
55,W2,SKU_E,0
55,R1,SKU_A,0
55,R1,SKU_B,0
55,R1,SKU_C,341
55,R1,SKU_D,0
55,R1,SKU_E,0
55,R2,SKU_A,0
55,R2,SKU_B,0
55,R2,SKU_C,339
55,R2,SKU_D,87
55,R2,SKU_E,0
55,R3,SKU_A,0
55,R3,SKU_B,316
55,R3,SKU_C,0
55,R3,SKU_D,0
55,R3,SKU_E,0
56,Supplier,SKU_A,0
56,Supplier,SKU_B,0
56,Supplier,SKU_C,0
56,Supplier,SKU_D,0
56,Supplier,SKU_E,0
56,W1,SKU_A,0
56,W1,SKU_B,0
56,W1,SKU_C,0
56,W1,SKU_D,0
56,W1,SKU_E,0
56,W2,SKU_A,0
56,W2,SKU_B,0
56,W2,SKU_C,0
56,W2,SKU_D,0
56,W2,SKU_E,0
56,R1,SKU_A,0
56,R1,SKU_B,193
56,R1,SKU_C,0
56,R1,SKU_D,0
56,R1,SKU_E,0
56,R2,SKU_A,626
56,R2,SKU_B,0
56,R2,SKU_C,0
56,R2,SKU_D,61
56,R2,SKU_E,0
56,R3,SKU_A,0
56,R3,SKU_B,0
56,R3,SKU_C,0
56,R3,SKU_D,0
56,R3,SKU_E,350
57,Supplier,SKU_A,0
57,Supplier,SKU_B,0
57,Supplier,SKU_C,0
57,Supplier,SKU_D,0
57,Supplier,SKU_E,0
57,W1,SKU_A,626
57,W1,SKU_B,0
57,W1,SKU_C,0
57,W1,SKU_D,0
57,W1,SKU_E,0
57,W2,SKU_A,0
57,W2,SKU_B,0
57,W2,SKU_C,0
57,W2,SKU_D,0
57,W2,SKU_E,1015
57,R1,SKU_A,0
57,R1,SKU_B,0
57,R1,SKU_C,0
57,R1,SKU_D,0
57,R1,SKU_E,0
57,R2,SKU_A,0
57,R2,SKU_B,354
57,R2,SKU_C,0
57,R2,SKU_D,0
57,R2,SKU_E,0
57,R3,SKU_A,0
57,R3,SKU_B,0
57,R3,SKU_C,0
57,R3,SKU_D,0
57,R3,SKU_E,0
58,Supplier,SKU_A,0
58,Supplier,SKU_B,0
58,Supplier,SKU_C,0
58,Supplier,SKU_D,0
58,Supplier,SKU_E,0
58,W1,SKU_A,0
58,W1,SKU_B,0
58,W1,SKU_C,0
58,W1,SKU_D,0
58,W1,SKU_E,0
58,W2,SKU_A,0
58,W2,SKU_B,0
58,W2,SKU_C,0
58,W2,SKU_D,0
58,W2,SKU_E,0
58,R1,SKU_A,657
58,R1,SKU_B,0
58,R1,SKU_C,311
58,R1,SKU_D,0
58,R1,SKU_E,192
58,R2,SKU_A,0
58,R2,SKU_B,0
58,R2,SKU_C,0
58,R2,SKU_D,78
58,R2,SKU_E,0
58,R3,SKU_A,0
58,R3,SKU_B,0
58,R3,SKU_C,0
58,R3,SKU_D,0
58,R3,SKU_E,0
59,Supplier,SKU_A,0
59,Supplier,SKU_B,0
59,Supplier,SKU_C,0
59,Supplier,SKU_D,0
59,Supplier,SKU_E,0
59,W1,SKU_A,657
59,W1,SKU_B,0
59,W1,SKU_C,991
59,W1,SKU_D,226
59,W1,SKU_E,0
59,W2,SKU_A,0
59,W2,SKU_B,0
59,W2,SKU_C,0
59,W2,SKU_D,0
59,W2,SKU_E,0
59,R1,SKU_A,0
59,R1,SKU_B,204
59,R1,SKU_C,0
59,R1,SKU_D,0
59,R1,SKU_E,0
59,R2,SKU_A,0
59,R2,SKU_B,0
59,R2,SKU_C,0
59,R2,SKU_D,0
59,R2,SKU_E,0
59,R3,SKU_A,1452
59,R3,SKU_B,0
59,R3,SKU_C,0
59,R3,SKU_D,0
59,R3,SKU_E,0
60,Supplier,SKU_A,0
60,Supplier,SKU_B,0
60,Supplier,SKU_C,0
60,Supplier,SKU_D,0
60,Supplier,SKU_E,0
60,W1,SKU_A,0
60,W1,SKU_B,0
60,W1,SKU_C,0
60,W1,SKU_D,0
60,W1,SKU_E,0
60,W2,SKU_A,2920
60,W2,SKU_B,0
60,W2,SKU_C,0
60,W2,SKU_D,0
60,W2,SKU_E,0
60,R1,SKU_A,0
60,R1,SKU_B,0
60,R1,SKU_C,0
60,R1,SKU_D,0
60,R1,SKU_E,0
60,R2,SKU_A,0
60,R2,SKU_B,0
60,R2,SKU_C,0
60,R2,SKU_D,88
60,R2,SKU_E,0
60,R3,SKU_A,0
60,R3,SKU_B,0
60,R3,SKU_C,0
60,R3,SKU_D,0
60,R3,SKU_E,0
61,Supplier,SKU_A,0
61,Supplier,SKU_B,0
61,Supplier,SKU_C,0
61,Supplier,SKU_D,0
61,Supplier,SKU_E,0
61,W1,SKU_A,0
61,W1,SKU_B,0
61,W1,SKU_C,0
61,W1,SKU_D,0
61,W1,SKU_E,0
61,W2,SKU_A,0
61,W2,SKU_B,0
61,W2,SKU_C,0
61,W2,SKU_D,0
61,W2,SKU_E,0
61,R1,SKU_A,0
61,R1,SKU_B,0
61,R1,SKU_C,371
61,R1,SKU_D,0
61,R1,SKU_E,0
61,R2,SKU_A,0
61,R2,SKU_B,0
61,R2,SKU_C,355
61,R2,SKU_D,51
61,R2,SKU_E,0
61,R3,SKU_A,0
61,R3,SKU_B,276
61,R3,SKU_C,1113
61,R3,SKU_D,894
61,R3,SKU_E,327
62,Supplier,SKU_A,0
62,Supplier,SKU_B,0
62,Supplier,SKU_C,0
62,Supplier,SKU_D,0
62,Supplier,SKU_E,0
62,W1,SKU_A,0
62,W1,SKU_B,0
62,W1,SKU_C,0
62,W1,SKU_D,0
62,W1,SKU_E,0
62,W2,SKU_A,0
62,W2,SKU_B,0
62,W2,SKU_C,2245
62,W2,SKU_D,1844
62,W2,SKU_E,0
62,R1,SKU_A,655
62,R1,SKU_B,222
62,R1,SKU_C,0
62,R1,SKU_D,0
62,R1,SKU_E,0
62,R2,SKU_A,673
62,R2,SKU_B,0
62,R2,SKU_C,0
62,R2,SKU_D,0
62,R2,SKU_E,0
62,R3,SKU_A,0
62,R3,SKU_B,0
62,R3,SKU_C,0
62,R3,SKU_D,0
62,R3,SKU_E,0
63,Supplier,SKU_A,0
63,Supplier,SKU_B,0
63,Supplier,SKU_C,0
63,Supplier,SKU_D,0
63,Supplier,SKU_E,0
63,W1,SKU_A,1328
63,W1,SKU_B,1212
63,W1,SKU_C,0
63,W1,SKU_D,0
63,W1,SKU_E,0
63,W2,SKU_A,0
63,W2,SKU_B,0
63,W2,SKU_C,0
63,W2,SKU_D,0
63,W2,SKU_E,0
63,R1,SKU_A,0
63,R1,SKU_B,0
63,R1,SKU_C,316
63,R1,SKU_D,533
63,R1,SKU_E,203
63,R2,SKU_A,0
63,R2,SKU_B,382
63,R2,SKU_C,0
63,R2,SKU_D,73
63,R2,SKU_E,486
63,R3,SKU_A,0
63,R3,SKU_B,0
63,R3,SKU_C,0
63,R3,SKU_D,0
63,R3,SKU_E,0
64,Supplier,SKU_A,0
64,Supplier,SKU_B,0
64,Supplier,SKU_C,0
64,Supplier,SKU_D,0
64,Supplier,SKU_E,0
64,W1,SKU_A,0
64,W1,SKU_B,0
64,W1,SKU_C,1042
64,W1,SKU_D,745
64,W1,SKU_E,1053
64,W2,SKU_A,0
64,W2,SKU_B,0
64,W2,SKU_C,0
64,W2,SKU_D,0
64,W2,SKU_E,0
64,R1,SKU_A,0
64,R1,SKU_B,0
64,R1,SKU_C,0
64,R1,SKU_D,0
64,R1,SKU_E,0
64,R2,SKU_A,0
64,R2,SKU_B,0
64,R2,SKU_C,0
64,R2,SKU_D,0
64,R2,SKU_E,0
64,R3,SKU_A,0
64,R3,SKU_B,0
64,R3,SKU_C,0
64,R3,SKU_D,0
64,R3,SKU_E,0
65,Supplier,SKU_A,0
65,Supplier,SKU_B,0
65,Supplier,SKU_C,0
65,Supplier,SKU_D,0
65,Supplier,SKU_E,0
65,W1,SKU_A,0
65,W1,SKU_B,0
65,W1,SKU_C,0
65,W1,SKU_D,0
65,W1,SKU_E,0
65,W2,SKU_A,0
65,W2,SKU_B,0
65,W2,SKU_C,0
65,W2,SKU_D,0
65,W2,SKU_E,0
65,R1,SKU_A,0
65,R1,SKU_B,252
65,R1,SKU_C,0
65,R1,SKU_D,0
65,R1,SKU_E,0
65,R2,SKU_A,0
65,R2,SKU_B,0
65,R2,SKU_C,0
65,R2,SKU_D,99
65,R2,SKU_E,0
65,R3,SKU_A,0
65,R3,SKU_B,0
65,R3,SKU_C,0
65,R3,SKU_D,0
65,R3,SKU_E,0
66,Supplier,SKU_A,0
66,Supplier,SKU_B,0
66,Supplier,SKU_C,0
66,Supplier,SKU_D,0
66,Supplier,SKU_E,0
66,W1,SKU_A,0
66,W1,SKU_B,0
66,W1,SKU_C,0
66,W1,SKU_D,0
66,W1,SKU_E,0
66,W2,SKU_A,0
66,W2,SKU_B,0
66,W2,SKU_C,0
66,W2,SKU_D,0
66,W2,SKU_E,0
66,R1,SKU_A,598
66,R1,SKU_B,0
66,R1,SKU_C,0
66,R1,SKU_D,0
66,R1,SKU_E,0
66,R2,SKU_A,0
66,R2,SKU_B,0
66,R2,SKU_C,358
66,R2,SKU_D,52
66,R2,SKU_E,0
66,R3,SKU_A,0
66,R3,SKU_B,271
66,R3,SKU_C,0
66,R3,SKU_D,0
66,R3,SKU_E,333
67,Supplier,SKU_A,0
67,Supplier,SKU_B,0
67,Supplier,SKU_C,0
67,Supplier,SKU_D,0
67,Supplier,SKU_E,0
67,W1,SKU_A,598
67,W1,SKU_B,0
67,W1,SKU_C,0
67,W1,SKU_D,0
67,W1,SKU_E,0
67,W2,SKU_A,0
67,W2,SKU_B,0
67,W2,SKU_C,0
67,W2,SKU_D,0
67,W2,SKU_E,0
67,R1,SKU_A,0
67,R1,SKU_B,0
67,R1,SKU_C,359
67,R1,SKU_D,0
67,R1,SKU_E,174
67,R2,SKU_A,0
67,R2,SKU_B,0
67,R2,SKU_C,0
67,R2,SKU_D,57
67,R2,SKU_E,0
67,R3,SKU_A,1595
67,R3,SKU_B,0
67,R3,SKU_C,0
67,R3,SKU_D,0
67,R3,SKU_E,0
68,Supplier,SKU_A,0
68,Supplier,SKU_B,0
68,Supplier,SKU_C,0
68,Supplier,SKU_D,0
68,Supplier,SKU_E,0
68,W1,SKU_A,0
68,W1,SKU_B,0
68,W1,SKU_C,0
68,W1,SKU_D,208
68,W1,SKU_E,0
68,W2,SKU_A,0
68,W2,SKU_B,0
68,W2,SKU_C,0
68,W2,SKU_D,0
68,W2,SKU_E,0
68,R1,SKU_A,0
68,R1,SKU_B,275
68,R1,SKU_C,0
68,R1,SKU_D,0
68,R1,SKU_E,0
68,R2,SKU_A,698
68,R2,SKU_B,378
68,R2,SKU_C,0
68,R2,SKU_D,71
68,R2,SKU_E,0
68,R3,SKU_A,0
68,R3,SKU_B,0
68,R3,SKU_C,0
68,R3,SKU_D,0
68,R3,SKU_E,0
69,Supplier,SKU_A,0
69,Supplier,SKU_B,0
69,Supplier,SKU_C,0
69,Supplier,SKU_D,0
69,Supplier,SKU_E,0
69,W1,SKU_A,698
69,W1,SKU_B,1287
69,W1,SKU_C,0
69,W1,SKU_D,0
69,W1,SKU_E,0
69,W2,SKU_A,0
69,W2,SKU_B,0
69,W2,SKU_C,0
69,W2,SKU_D,0
69,W2,SKU_E,0
69,R1,SKU_A,0
69,R1,SKU_B,0
69,R1,SKU_C,330
69,R1,SKU_D,0
69,R1,SKU_E,0
69,R2,SKU_A,0
69,R2,SKU_B,0
69,R2,SKU_C,0
69,R2,SKU_D,68
69,R2,SKU_E,0
69,R3,SKU_A,0
69,R3,SKU_B,0
69,R3,SKU_C,1180
69,R3,SKU_D,0
69,R3,SKU_E,0
70,Supplier,SKU_A,0
70,Supplier,SKU_B,0
70,Supplier,SKU_C,0
70,Supplier,SKU_D,0
70,Supplier,SKU_E,0
70,W1,SKU_A,0
70,W1,SKU_B,0
70,W1,SKU_C,1047
70,W1,SKU_D,0
70,W1,SKU_E,0
70,W2,SKU_A,0
70,W2,SKU_B,0
70,W2,SKU_C,0
70,W2,SKU_D,0
70,W2,SKU_E,0
70,R1,SKU_A,737
70,R1,SKU_B,205
70,R1,SKU_C,0
70,R1,SKU_D,0
70,R1,SKU_E,0
70,R2,SKU_A,0
70,R2,SKU_B,0
70,R2,SKU_C,0
70,R2,SKU_D,0
70,R2,SKU_E,0
70,R3,SKU_A,0
70,R3,SKU_B,0
70,R3,SKU_C,0
70,R3,SKU_D,979
70,R3,SKU_E,377
71,Supplier,SKU_A,0
71,Supplier,SKU_B,0
71,Supplier,SKU_C,0
71,Supplier,SKU_D,0
71,Supplier,SKU_E,0
71,W1,SKU_A,737
71,W1,SKU_B,0
71,W1,SKU_C,0
71,W1,SKU_D,0
71,W1,SKU_E,0
71,W2,SKU_A,0
71,W2,SKU_B,0
71,W2,SKU_C,0
71,W2,SKU_D,0
71,W2,SKU_E,1037
71,R1,SKU_A,0
71,R1,SKU_B,0
71,R1,SKU_C,0
71,R1,SKU_D,515
71,R1,SKU_E,190
71,R2,SKU_A,0
71,R2,SKU_B,0
71,R2,SKU_C,384
71,R2,SKU_D,84
71,R2,SKU_E,0
71,R3,SKU_A,0
71,R3,SKU_B,326
71,R3,SKU_C,0
71,R3,SKU_D,0
71,R3,SKU_E,0
72,Supplier,SKU_A,0
72,Supplier,SKU_B,0
72,Supplier,SKU_C,0
72,Supplier,SKU_D,0
72,Supplier,SKU_E,0
72,W1,SKU_A,0
72,W1,SKU_B,0
72,W1,SKU_C,0
72,W1,SKU_D,738
72,W1,SKU_E,0
72,W2,SKU_A,0
72,W2,SKU_B,1462
72,W2,SKU_C,0
72,W2,SKU_D,0
72,W2,SKU_E,0
72,R1,SKU_A,0
72,R1,SKU_B,0
72,R1,SKU_C,356
72,R1,SKU_D,0
72,R1,SKU_E,0
72,R2,SKU_A,0
72,R2,SKU_B,0
72,R2,SKU_C,0
72,R2,SKU_D,0
72,R2,SKU_E,481
72,R3,SKU_A,0
72,R3,SKU_B,0
72,R3,SKU_C,0
72,R3,SKU_D,0
72,R3,SKU_E,0
73,Supplier,SKU_A,0
73,Supplier,SKU_B,0
73,Supplier,SKU_C,0
73,Supplier,SKU_D,0
73,Supplier,SKU_E,0
73,W1,SKU_A,0
73,W1,SKU_B,0
73,W1,SKU_C,0
73,W1,SKU_D,0
73,W1,SKU_E,845
73,W2,SKU_A,0
73,W2,SKU_B,0
73,W2,SKU_C,0
73,W2,SKU_D,0
73,W2,SKU_E,0
73,R1,SKU_A,0
73,R1,SKU_B,208
73,R1,SKU_C,0
73,R1,SKU_D,0
73,R1,SKU_E,0
73,R2,SKU_A,0
73,R2,SKU_B,0
73,R2,SKU_C,0
73,R2,SKU_D,84
73,R2,SKU_E,0
73,R3,SKU_A,1465
73,R3,SKU_B,0
73,R3,SKU_C,0
73,R3,SKU_D,0
73,R3,SKU_E,0
74,Supplier,SKU_A,0
74,Supplier,SKU_B,0
74,Supplier,SKU_C,0
74,Supplier,SKU_D,0
74,Supplier,SKU_E,0
74,W1,SKU_A,0
74,W1,SKU_B,0
74,W1,SKU_C,0
74,W1,SKU_D,0
74,W1,SKU_E,0
74,W2,SKU_A,3060
74,W2,SKU_B,0
74,W2,SKU_C,0
74,W2,SKU_D,0
74,W2,SKU_E,0
74,R1,SKU_A,598
74,R1,SKU_B,0
74,R1,SKU_C,0
74,R1,SKU_D,0
74,R1,SKU_E,0
74,R2,SKU_A,644
74,R2,SKU_B,395
74,R2,SKU_C,0
74,R2,SKU_D,60
74,R2,SKU_E,0
74,R3,SKU_A,0
74,R3,SKU_B,0
74,R3,SKU_C,0
74,R3,SKU_D,0
74,R3,SKU_E,0
75,Supplier,SKU_A,0
75,Supplier,SKU_B,0
75,Supplier,SKU_C,0
75,Supplier,SKU_D,0
75,Supplier,SKU_E,0
75,W1,SKU_A,1242
75,W1,SKU_B,0
75,W1,SKU_C,0
75,W1,SKU_D,0
75,W1,SKU_E,0
75,W2,SKU_A,0
75,W2,SKU_B,0
75,W2,SKU_C,0
75,W2,SKU_D,0
75,W2,SKU_E,0
75,R1,SKU_A,0
75,R1,SKU_B,178
75,R1,SKU_C,332
75,R1,SKU_D,0
75,R1,SKU_E,190
75,R2,SKU_A,0
75,R2,SKU_B,0
75,R2,SKU_C,0
75,R2,SKU_D,57
75,R2,SKU_E,0
75,R3,SKU_A,0
75,R3,SKU_B,268
75,R3,SKU_C,0
75,R3,SKU_D,0
75,R3,SKU_E,395
76,Supplier,SKU_A,0
76,Supplier,SKU_B,0
76,Supplier,SKU_C,0
76,Supplier,SKU_D,0
76,Supplier,SKU_E,0
76,W1,SKU_A,0
76,W1,SKU_B,0
76,W1,SKU_C,1072
76,W1,SKU_D,201
76,W1,SKU_E,0
76,W2,SKU_A,0
76,W2,SKU_B,0
76,W2,SKU_C,0
76,W2,SKU_D,0
76,W2,SKU_E,0
76,R1,SKU_A,0
76,R1,SKU_B,0
76,R1,SKU_C,0
76,R1,SKU_D,0
76,R1,SKU_E,0
76,R2,SKU_A,0
76,R2,SKU_B,0
76,R2,SKU_C,0
76,R2,SKU_D,57
76,R2,SKU_E,0
76,R3,SKU_A,0
76,R3,SKU_B,0
76,R3,SKU_C,0
76,R3,SKU_D,0
76,R3,SKU_E,0
77,Supplier,SKU_A,0
77,Supplier,SKU_B,0
77,Supplier,SKU_C,0
77,Supplier,SKU_D,0
77,Supplier,SKU_E,0
77,W1,SKU_A,0
77,W1,SKU_B,0
77,W1,SKU_C,0
77,W1,SKU_D,0
77,W1,SKU_E,0
77,W2,SKU_A,0
77,W2,SKU_B,0
77,W2,SKU_C,0
77,W2,SKU_D,0
77,W2,SKU_E,0
77,R1,SKU_A,637
77,R1,SKU_B,227
77,R1,SKU_C,344
77,R1,SKU_D,0
77,R1,SKU_E,0
77,R2,SKU_A,0
77,R2,SKU_B,0
77,R2,SKU_C,0
77,R2,SKU_D,46
77,R2,SKU_E,0
77,R3,SKU_A,0
77,R3,SKU_B,0
77,R3,SKU_C,1157
77,R3,SKU_D,0
77,R3,SKU_E,0
78,Supplier,SKU_A,0
78,Supplier,SKU_B,0
78,Supplier,SKU_C,0
78,Supplier,SKU_D,0
78,Supplier,SKU_E,0
78,W1,SKU_A,637
78,W1,SKU_B,1213
78,W1,SKU_C,0
78,W1,SKU_D,0
78,W1,SKU_E,0
78,W2,SKU_A,0
78,W2,SKU_B,0
78,W2,SKU_C,2337
78,W2,SKU_D,0
78,W2,SKU_E,0
78,R1,SKU_A,0
78,R1,SKU_B,0
78,R1,SKU_C,0
78,R1,SKU_D,0
78,R1,SKU_E,0
78,R2,SKU_A,0
78,R2,SKU_B,0
78,R2,SKU_C,379
78,R2,SKU_D,0
78,R2,SKU_E,0
78,R3,SKU_A,0
78,R3,SKU_B,287
78,R3,SKU_C,0
78,R3,SKU_D,0
78,R3,SKU_E,0
79,Supplier,SKU_A,0
79,Supplier,SKU_B,0
79,Supplier,SKU_C,0
79,Supplier,SKU_D,0
79,Supplier,SKU_E,0
79,W1,SKU_A,0
79,W1,SKU_B,0
79,W1,SKU_C,0
79,W1,SKU_D,0
79,W1,SKU_E,0
79,W2,SKU_A,0
79,W2,SKU_B,0
79,W2,SKU_C,0
79,W2,SKU_D,0
79,W2,SKU_E,0
79,R1,SKU_A,0
79,R1,SKU_B,0
79,R1,SKU_C,0
79,R1,SKU_D,515
79,R1,SKU_E,191
79,R2,SKU_A,610
79,R2,SKU_B,371
79,R2,SKU_C,0
79,R2,SKU_D,67
79,R2,SKU_E,0
79,R3,SKU_A,1517
79,R3,SKU_B,0
79,R3,SKU_C,0
79,R3,SKU_D,911
79,R3,SKU_E,358
80,Supplier,SKU_A,0
80,Supplier,SKU_B,0
80,Supplier,SKU_C,0
80,Supplier,SKU_D,0
80,Supplier,SKU_E,0
80,W1,SKU_A,610
80,W1,SKU_B,0
80,W1,SKU_C,0
80,W1,SKU_D,685
80,W1,SKU_E,0
80,W2,SKU_A,0
80,W2,SKU_B,0
80,W2,SKU_C,0
80,W2,SKU_D,1890
80,W2,SKU_E,0
80,R1,SKU_A,0
80,R1,SKU_B,190
80,R1,SKU_C,366
80,R1,SKU_D,0
80,R1,SKU_E,0
80,R2,SKU_A,0
80,R2,SKU_B,0
80,R2,SKU_C,0
80,R2,SKU_D,45
80,R2,SKU_E,0
80,R3,SKU_A,0
80,R3,SKU_B,0
80,R3,SKU_C,0
80,R3,SKU_D,0
80,R3,SKU_E,0
81,Supplier,SKU_A,0
81,Supplier,SKU_B,0
81,Supplier,SKU_C,0
81,Supplier,SKU_D,0
81,Supplier,SKU_E,0
81,W1,SKU_A,0
81,W1,SKU_B,0
81,W1,SKU_C,1089
81,W1,SKU_D,0
81,W1,SKU_E,0
81,W2,SKU_A,0
81,W2,SKU_B,0
81,W2,SKU_C,0
81,W2,SKU_D,0
81,W2,SKU_E,0
81,R1,SKU_A,0
81,R1,SKU_B,0
81,R1,SKU_C,0
81,R1,SKU_D,0
81,R1,SKU_E,0
81,R2,SKU_A,0
81,R2,SKU_B,0
81,R2,SKU_C,0
81,R2,SKU_D,0
81,R2,SKU_E,457
81,R3,SKU_A,0
81,R3,SKU_B,0
81,R3,SKU_C,0
81,R3,SKU_D,0
81,R3,SKU_E,0
82,Supplier,SKU_A,0
82,Supplier,SKU_B,0
82,Supplier,SKU_C,0
82,Supplier,SKU_D,0
82,Supplier,SKU_E,0
82,W1,SKU_A,0
82,W1,SKU_B,0
82,W1,SKU_C,0
82,W1,SKU_D,0
82,W1,SKU_E,838
82,W2,SKU_A,0
82,W2,SKU_B,0
82,W2,SKU_C,0
82,W2,SKU_D,0
82,W2,SKU_E,0
82,R1,SKU_A,756
82,R1,SKU_B,199
82,R1,SKU_C,0
82,R1,SKU_D,0
82,R1,SKU_E,0
82,R2,SKU_A,0
82,R2,SKU_B,0
82,R2,SKU_C,0
82,R2,SKU_D,85
82,R2,SKU_E,0
82,R3,SKU_A,0
82,R3,SKU_B,339
82,R3,SKU_C,0
82,R3,SKU_D,0
82,R3,SKU_E,0
83,Supplier,SKU_A,0
83,Supplier,SKU_B,0
83,Supplier,SKU_C,0
83,Supplier,SKU_D,0
83,Supplier,SKU_E,0
83,W1,SKU_A,756
83,W1,SKU_B,0
83,W1,SKU_C,0
83,W1,SKU_D,0
83,W1,SKU_E,0
83,W2,SKU_A,0
83,W2,SKU_B,0
83,W2,SKU_C,0
83,W2,SKU_D,0
83,W2,SKU_E,0
83,R1,SKU_A,0
83,R1,SKU_B,0
83,R1,SKU_C,436
83,R1,SKU_D,0
83,R1,SKU_E,205
83,R2,SKU_A,0
83,R2,SKU_B,346
83,R2,SKU_C,0
83,R2,SKU_D,57
83,R2,SKU_E,0
83,R3,SKU_A,0
83,R3,SKU_B,0
83,R3,SKU_C,0
83,R3,SKU_D,0
83,R3,SKU_E,385
84,Supplier,SKU_A,0
84,Supplier,SKU_B,0
84,Supplier,SKU_C,0
84,Supplier,SKU_D,0
84,Supplier,SKU_E,0
84,W1,SKU_A,0
84,W1,SKU_B,0
84,W1,SKU_C,0
84,W1,SKU_D,187
84,W1,SKU_E,0
84,W2,SKU_A,0
84,W2,SKU_B,0
84,W2,SKU_C,0
84,W2,SKU_D,0
84,W2,SKU_E,1138
84,R1,SKU_A,0
84,R1,SKU_B,227
84,R1,SKU_C,0
84,R1,SKU_D,0
84,R1,SKU_E,0
84,R2,SKU_A,626
84,R2,SKU_B,0
84,R2,SKU_C,416
84,R2,SKU_D,58
84,R2,SKU_E,0
84,R3,SKU_A,0
84,R3,SKU_B,0
84,R3,SKU_C,1205
84,R3,SKU_D,0
84,R3,SKU_E,0
85,Supplier,SKU_A,0
85,Supplier,SKU_B,0
85,Supplier,SKU_C,0
85,Supplier,SKU_D,0
85,Supplier,SKU_E,0
85,W1,SKU_A,626
85,W1,SKU_B,1333
85,W1,SKU_C,852
85,W1,SKU_D,0
85,W1,SKU_E,0
85,W2,SKU_A,0
85,W2,SKU_B,0
85,W2,SKU_C,0
85,W2,SKU_D,0
85,W2,SKU_E,0
85,R1,SKU_A,592
85,R1,SKU_B,0
85,R1,SKU_C,363
85,R1,SKU_D,0
85,R1,SKU_E,0
85,R2,SKU_A,0
85,R2,SKU_B,0
85,R2,SKU_C,0
85,R2,SKU_D,64
85,R2,SKU_E,0
85,R3,SKU_A,1430
85,R3,SKU_B,0
85,R3,SKU_C,0
85,R3,SKU_D,0
85,R3,SKU_E,0
86,Supplier,SKU_A,0
86,Supplier,SKU_B,0
86,Supplier,SKU_C,0
86,Supplier,SKU_D,0
86,Supplier,SKU_E,0
86,W1,SKU_A,592
86,W1,SKU_B,0
86,W1,SKU_C,0
86,W1,SKU_D,0
86,W1,SKU_E,0
86,W2,SKU_A,2947
86,W2,SKU_B,0
86,W2,SKU_C,0
86,W2,SKU_D,0
86,W2,SKU_E,0
86,R1,SKU_A,0
86,R1,SKU_B,0
86,R1,SKU_C,0
86,R1,SKU_D,557
86,R1,SKU_E,165
86,R2,SKU_A,0
86,R2,SKU_B,0
86,R2,SKU_C,0
86,R2,SKU_D,0
86,R2,SKU_E,0
86,R3,SKU_A,0
86,R3,SKU_B,331
86,R3,SKU_C,0
86,R3,SKU_D,0
86,R3,SKU_E,0
87,Supplier,SKU_A,0
87,Supplier,SKU_B,0
87,Supplier,SKU_C,0
87,Supplier,SKU_D,0
87,Supplier,SKU_E,0
87,W1,SKU_A,0
87,W1,SKU_B,0
87,W1,SKU_C,0
87,W1,SKU_D,679
87,W1,SKU_E,0
87,W2,SKU_A,0
87,W2,SKU_B,0
87,W2,SKU_C,0
87,W2,SKU_D,0
87,W2,SKU_E,0
87,R1,SKU_A,0
87,R1,SKU_B,226
87,R1,SKU_C,0
87,R1,SKU_D,0
87,R1,SKU_E,0
87,R2,SKU_A,0
87,R2,SKU_B,0
87,R2,SKU_C,0
87,R2,SKU_D,52
87,R2,SKU_E,0
87,R3,SKU_A,0
87,R3,SKU_B,0
87,R3,SKU_C,0
87,R3,SKU_D,0
87,R3,SKU_E,0
88,Supplier,SKU_A,0
88,Supplier,SKU_B,0
88,Supplier,SKU_C,0
88,Supplier,SKU_D,0
88,Supplier,SKU_E,0
88,W1,SKU_A,0
88,W1,SKU_B,0
88,W1,SKU_C,0
88,W1,SKU_D,0
88,W1,SKU_E,0
88,W2,SKU_A,0
88,W2,SKU_B,0
88,W2,SKU_C,0
88,W2,SKU_D,0
88,W2,SKU_E,0
88,R1,SKU_A,0
88,R1,SKU_B,0
88,R1,SKU_C,357
88,R1,SKU_D,0
88,R1,SKU_E,0
88,R2,SKU_A,0
88,R2,SKU_B,364
88,R2,SKU_C,0
88,R2,SKU_D,0
88,R2,SKU_E,0
88,R3,SKU_A,0
88,R3,SKU_B,0
88,R3,SKU_C,0
88,R3,SKU_D,924
88,R3,SKU_E,377
89,Supplier,SKU_A,0
89,Supplier,SKU_B,0
89,Supplier,SKU_C,0
89,Supplier,SKU_D,0
89,Supplier,SKU_E,0
89,W1,SKU_A,0
89,W1,SKU_B,0
89,W1,SKU_C,0
89,W1,SKU_D,0
89,W1,SKU_E,0
89,W2,SKU_A,0
89,W2,SKU_B,0
89,W2,SKU_C,0
89,W2,SKU_D,0
89,W2,SKU_E,0
89,R1,SKU_A,666
89,R1,SKU_B,179
89,R1,SKU_C,0
89,R1,SKU_D,0
89,R1,SKU_E,0
89,R2,SKU_A,0
89,R2,SKU_B,0
89,R2,SKU_C,0
89,R2,SKU_D,72
89,R2,SKU_E,0
89,R3,SKU_A,0
89,R3,SKU_B,0
89,R3,SKU_C,0
89,R3,SKU_D,0
89,R3,SKU_E,0
90,Supplier,SKU_A,0
90,Supplier,SKU_B,0
90,Supplier,SKU_C,0
90,Supplier,SKU_D,0
90,Supplier,SKU_E,0
90,W1,SKU_A,666
90,W1,SKU_B,0
90,W1,SKU_C,0
90,W1,SKU_D,0
90,W1,SKU_E,0
90,W2,SKU_A,0
90,W2,SKU_B,0
90,W2,SKU_C,0
90,W2,SKU_D,0
90,W2,SKU_E,0
90,R1,SKU_A,0
90,R1,SKU_B,0
90,R1,SKU_C,346
90,R1,SKU_D,0
90,R1,SKU_E,220
90,R2,SKU_A,635
90,R2,SKU_B,0
90,R2,SKU_C,347
90,R2,SKU_D,0
90,R2,SKU_E,451
90,R3,SKU_A,0
90,R3,SKU_B,294
90,R3,SKU_C,0
90,R3,SKU_D,0
90,R3,SKU_E,0
91,Supplier,SKU_A,0
91,Supplier,SKU_B,0
91,Supplier,SKU_C,0
91,Supplier,SKU_D,0
91,Supplier,SKU_E,0
91,W1,SKU_A,635
91,W1,SKU_B,0
91,W1,SKU_C,1413
91,W1,SKU_D,0
91,W1,SKU_E,1041
91,W2,SKU_A,0
91,W2,SKU_B,1519
91,W2,SKU_C,0
91,W2,SKU_D,0
91,W2,SKU_E,0
91,R1,SKU_A,0
91,R1,SKU_B,221
91,R1,SKU_C,0
91,R1,SKU_D,0
91,R1,SKU_E,0
91,R2,SKU_A,0
91,R2,SKU_B,0
91,R2,SKU_C,0
91,R2,SKU_D,90
91,R2,SKU_E,0
91,R3,SKU_A,0
91,R3,SKU_B,0
91,R3,SKU_C,1221
91,R3,SKU_D,0
91,R3,SKU_E,0
92,Supplier,SKU_A,0
92,Supplier,SKU_B,0
92,Supplier,SKU_C,0
92,Supplier,SKU_D,0
92,Supplier,SKU_E,0
92,W1,SKU_A,0
92,W1,SKU_B,0
92,W1,SKU_C,0
92,W1,SKU_D,214
92,W1,SKU_E,0
92,W2,SKU_A,0
92,W2,SKU_B,0
92,W2,SKU_C,2426
92,W2,SKU_D,0
92,W2,SKU_E,0
92,R1,SKU_A,0
92,R1,SKU_B,0
92,R1,SKU_C,317
92,R1,SKU_D,0
92,R1,SKU_E,0
92,R2,SKU_A,0
92,R2,SKU_B,0
92,R2,SKU_C,0
92,R2,SKU_D,0
92,R2,SKU_E,0
92,R3,SKU_A,1518
92,R3,SKU_B,0
92,R3,SKU_C,0
92,R3,SKU_D,0
92,R3,SKU_E,320
93,Supplier,SKU_A,0
93,Supplier,SKU_B,0
93,Supplier,SKU_C,0
93,Supplier,SKU_D,0
93,Supplier,SKU_E,0
93,W1,SKU_A,0
93,W1,SKU_B,0
93,W1,SKU_C,0
93,W1,SKU_D,0
93,W1,SKU_E,0
93,W2,SKU_A,0
93,W2,SKU_B,0
93,W2,SKU_C,0
93,W2,SKU_D,0
93,W2,SKU_E,0
93,R1,SKU_A,734
93,R1,SKU_B,195
93,R1,SKU_C,0
93,R1,SKU_D,528
93,R1,SKU_E,0
93,R2,SKU_A,0
93,R2,SKU_B,375
93,R2,SKU_C,0
93,R2,SKU_D,82
93,R2,SKU_E,0
93,R3,SKU_A,0
93,R3,SKU_B,0
93,R3,SKU_C,0
93,R3,SKU_D,0
93,R3,SKU_E,0
94,Supplier,SKU_A,0
94,Supplier,SKU_B,0
94,Supplier,SKU_C,0
94,Supplier,SKU_D,0
94,Supplier,SKU_E,0
94,W1,SKU_A,734
94,W1,SKU_B,1560
94,W1,SKU_C,0
94,W1,SKU_D,610
94,W1,SKU_E,0
94,W2,SKU_A,0
94,W2,SKU_B,0
94,W2,SKU_C,0
94,W2,SKU_D,0
94,W2,SKU_E,0
94,R1,SKU_A,0
94,R1,SKU_B,0
94,R1,SKU_C,0
94,R1,SKU_D,0
94,R1,SKU_E,179
94,R2,SKU_A,0
94,R2,SKU_B,0
94,R2,SKU_C,0
94,R2,SKU_D,0
94,R2,SKU_E,0
94,R3,SKU_A,0
94,R3,SKU_B,344
94,R3,SKU_C,0
94,R3,SKU_D,0
94,R3,SKU_E,0
95,Supplier,SKU_A,0
95,Supplier,SKU_B,0
95,Supplier,SKU_C,0
95,Supplier,SKU_D,0
95,Supplier,SKU_E,0
95,W1,SKU_A,0
95,W1,SKU_B,0
95,W1,SKU_C,0
95,W1,SKU_D,0
95,W1,SKU_E,0
95,W2,SKU_A,0
95,W2,SKU_B,0
95,W2,SKU_C,0
95,W2,SKU_D,0
95,W2,SKU_E,0
95,R1,SKU_A,0
95,R1,SKU_B,0
95,R1,SKU_C,354
95,R1,SKU_D,0
95,R1,SKU_E,0
95,R2,SKU_A,0
95,R2,SKU_B,0
95,R2,SKU_C,0
95,R2,SKU_D,54
95,R2,SKU_E,0
95,R3,SKU_A,0
95,R3,SKU_B,0
95,R3,SKU_C,0
95,R3,SKU_D,0
95,R3,SKU_E,0
96,Supplier,SKU_A,0
96,Supplier,SKU_B,0
96,Supplier,SKU_C,0
96,Supplier,SKU_D,0
96,Supplier,SKU_E,0
96,W1,SKU_A,0
96,W1,SKU_B,0
96,W1,SKU_C,0
96,W1,SKU_D,0
96,W1,SKU_E,0
96,W2,SKU_A,0
96,W2,SKU_B,0
96,W2,SKU_C,0
96,W2,SKU_D,0
96,W2,SKU_E,0
96,R1,SKU_A,0
96,R1,SKU_B,250
96,R1,SKU_C,0
96,R1,SKU_D,0
96,R1,SKU_E,0
96,R2,SKU_A,629
96,R2,SKU_B,0
96,R2,SKU_C,369
96,R2,SKU_D,0
96,R2,SKU_E,0
96,R3,SKU_A,0
96,R3,SKU_B,0
96,R3,SKU_C,0
96,R3,SKU_D,902
96,R3,SKU_E,0
97,Supplier,SKU_A,0
97,Supplier,SKU_B,0
97,Supplier,SKU_C,0
97,Supplier,SKU_D,0
97,Supplier,SKU_E,0
97,W1,SKU_A,629
97,W1,SKU_B,0
97,W1,SKU_C,1040
97,W1,SKU_D,0
97,W1,SKU_E,0
97,W2,SKU_A,0
97,W2,SKU_B,0
97,W2,SKU_C,0
97,W2,SKU_D,1826
97,W2,SKU_E,0
97,R1,SKU_A,739
97,R1,SKU_B,0
97,R1,SKU_C,392
97,R1,SKU_D,0
97,R1,SKU_E,0
97,R2,SKU_A,0
97,R2,SKU_B,354
97,R2,SKU_C,0
97,R2,SKU_D,114
97,R2,SKU_E,0
97,R3,SKU_A,0
97,R3,SKU_B,0
97,R3,SKU_C,1038
97,R3,SKU_D,0
97,R3,SKU_E,415
98,Supplier,SKU_A,0
98,Supplier,SKU_B,0
98,Supplier,SKU_C,0
98,Supplier,SKU_D,0
98,Supplier,SKU_E,0
98,W1,SKU_A,739
98,W1,SKU_B,0
98,W1,SKU_C,0
98,W1,SKU_D,168
98,W1,SKU_E,0
98,W2,SKU_A,0
98,W2,SKU_B,0
98,W2,SKU_C,0
98,W2,SKU_D,0
98,W2,SKU_E,1112
98,R1,SKU_A,0
98,R1,SKU_B,255
98,R1,SKU_C,0
98,R1,SKU_D,0
98,R1,SKU_E,226
98,R2,SKU_A,0
98,R2,SKU_B,0
98,R2,SKU_C,0
98,R2,SKU_D,68
98,R2,SKU_E,0
98,R3,SKU_A,1430
98,R3,SKU_B,386
98,R3,SKU_C,0
98,R3,SKU_D,0
98,R3,SKU_E,0
99,Supplier,SKU_A,0
99,Supplier,SKU_B,0
99,Supplier,SKU_C,0
99,Supplier,SKU_D,0
99,Supplier,SKU_E,0
99,W1,SKU_A,0
99,W1,SKU_B,0
99,W1,SKU_C,0
99,W1,SKU_D,0
99,W1,SKU_E,0
99,W2,SKU_A,2948
99,W2,SKU_B,0
99,W2,SKU_C,0
99,W2,SKU_D,0
99,W2,SKU_E,0
99,R1,SKU_A,0
99,R1,SKU_B,0
99,R1,SKU_C,356
99,R1,SKU_D,0
99,R1,SKU_E,0
99,R2,SKU_A,0
99,R2,SKU_B,0
99,R2,SKU_C,0
99,R2,SKU_D,53
99,R2,SKU_E,0
99,R3,SKU_A,0
99,R3,SKU_B,0
99,R3,SKU_C,0
99,R3,SKU_D,0
99,R3,SKU_E,0
100,Supplier,SKU_A,0
100,Supplier,SKU_B,0
100,Supplier,SKU_C,0
100,Supplier,SKU_D,0
100,Supplier,SKU_E,0
100,W1,SKU_A,0
100,W1,SKU_B,0
100,W1,SKU_C,0
100,W1,SKU_D,0
100,W1,SKU_E,0
100,W2,SKU_A,0
100,W2,SKU_B,0
100,W2,SKU_C,0
100,W2,SKU_D,0
100,W2,SKU_E,0
100,R1,SKU_A,593
100,R1,SKU_B,0
100,R1,SKU_C,0
100,R1,SKU_D,537
100,R1,SKU_E,0
100,R2,SKU_A,0
100,R2,SKU_B,0
100,R2,SKU_C,0
100,R2,SKU_D,46
100,R2,SKU_E,492
100,R3,SKU_A,0
100,R3,SKU_B,0
100,R3,SKU_C,0
100,R3,SKU_D,0
100,R3,SKU_E,0
101,Supplier,SKU_A,0
101,Supplier,SKU_B,0
101,Supplier,SKU_C,0
101,Supplier,SKU_D,0
101,Supplier,SKU_E,0
101,W1,SKU_A,593
101,W1,SKU_B,0
101,W1,SKU_C,0
101,W1,SKU_D,704
101,W1,SKU_E,897
101,W2,SKU_A,0
101,W2,SKU_B,0
101,W2,SKU_C,0
101,W2,SKU_D,0
101,W2,SKU_E,0
101,R1,SKU_A,0
101,R1,SKU_B,216
101,R1,SKU_C,0
101,R1,SKU_D,0
101,R1,SKU_E,0
101,R2,SKU_A,0
101,R2,SKU_B,0
101,R2,SKU_C,349
101,R2,SKU_D,57
101,R2,SKU_E,0
101,R3,SKU_A,0
101,R3,SKU_B,0
101,R3,SKU_C,0
101,R3,SKU_D,0
101,R3,SKU_E,320
102,Supplier,SKU_A,0
102,Supplier,SKU_B,0
102,Supplier,SKU_C,0
102,Supplier,SKU_D,0
102,Supplier,SKU_E,0
102,W1,SKU_A,0
102,W1,SKU_B,0
102,W1,SKU_C,1097
102,W1,SKU_D,0
102,W1,SKU_E,0
102,W2,SKU_A,0
102,W2,SKU_B,0
102,W2,SKU_C,0
102,W2,SKU_D,0
102,W2,SKU_E,0
102,R1,SKU_A,0
102,R1,SKU_B,0
102,R1,SKU_C,323
102,R1,SKU_D,0
102,R1,SKU_E,208
102,R2,SKU_A,676
102,R2,SKU_B,0
102,R2,SKU_C,0
102,R2,SKU_D,51
102,R2,SKU_E,0
102,R3,SKU_A,0
102,R3,SKU_B,304
102,R3,SKU_C,0
102,R3,SKU_D,0
102,R3,SKU_E,0
103,Supplier,SKU_A,0
103,Supplier,SKU_B,0
103,Supplier,SKU_C,0
103,Supplier,SKU_D,0
103,Supplier,SKU_E,0
103,W1,SKU_A,676
103,W1,SKU_B,0
103,W1,SKU_C,0
103,W1,SKU_D,0
103,W1,SKU_E,0
103,W2,SKU_A,0
103,W2,SKU_B,0
103,W2,SKU_C,0
103,W2,SKU_D,0
103,W2,SKU_E,0
103,R1,SKU_A,0
103,R1,SKU_B,197
103,R1,SKU_C,0
103,R1,SKU_D,0
103,R1,SKU_E,0
103,R2,SKU_A,0
103,R2,SKU_B,407
103,R2,SKU_C,0
103,R2,SKU_D,63
103,R2,SKU_E,0
103,R3,SKU_A,0
103,R3,SKU_B,0
103,R3,SKU_C,1037
103,R3,SKU_D,0
103,R3,SKU_E,0
104,Supplier,SKU_A,0
104,Supplier,SKU_B,0
104,Supplier,SKU_C,0
104,Supplier,SKU_D,0
104,Supplier,SKU_E,0
104,W1,SKU_A,0
104,W1,SKU_B,1679
104,W1,SKU_C,0
104,W1,SKU_D,171
104,W1,SKU_E,0
104,W2,SKU_A,0
104,W2,SKU_B,0
104,W2,SKU_C,2075
104,W2,SKU_D,0
104,W2,SKU_E,0
104,R1,SKU_A,724
104,R1,SKU_B,0
104,R1,SKU_C,395
104,R1,SKU_D,0
104,R1,SKU_E,0
104,R2,SKU_A,0
104,R2,SKU_B,0
104,R2,SKU_C,0
104,R2,SKU_D,65
104,R2,SKU_E,0
104,R3,SKU_A,1411
104,R3,SKU_B,0
104,R3,SKU_C,0
104,R3,SKU_D,1030
104,R3,SKU_E,0
105,Supplier,SKU_A,0
105,Supplier,SKU_B,0
105,Supplier,SKU_C,0
105,Supplier,SKU_D,0
105,Supplier,SKU_E,0
105,W1,SKU_A,724
105,W1,SKU_B,0
105,W1,SKU_C,0
105,W1,SKU_D,0
105,W1,SKU_E,0
105,W2,SKU_A,0
105,W2,SKU_B,0
105,W2,SKU_C,0
105,W2,SKU_D,0
105,W2,SKU_E,0
105,R1,SKU_A,0
105,R1,SKU_B,228
105,R1,SKU_C,271
105,R1,SKU_D,0
105,R1,SKU_E,183
105,R2,SKU_A,0
105,R2,SKU_B,0
105,R2,SKU_C,0
105,R2,SKU_D,83
105,R2,SKU_E,0
105,R3,SKU_A,0
105,R3,SKU_B,0
105,R3,SKU_C,0
105,R3,SKU_D,0
105,R3,SKU_E,371
106,Supplier,SKU_A,0
106,Supplier,SKU_B,0
106,Supplier,SKU_C,0
106,Supplier,SKU_D,0
106,Supplier,SKU_E,0
106,W1,SKU_A,0
106,W1,SKU_B,0
106,W1,SKU_C,989
106,W1,SKU_D,0
106,W1,SKU_E,0
106,W2,SKU_A,0
106,W2,SKU_B,0
106,W2,SKU_C,0
106,W2,SKU_D,0
106,W2,SKU_E,0
106,R1,SKU_A,0
106,R1,SKU_B,0
106,R1,SKU_C,0
106,R1,SKU_D,515
106,R1,SKU_E,0
106,R2,SKU_A,0
106,R2,SKU_B,0
106,R2,SKU_C,366
106,R2,SKU_D,0
106,R2,SKU_E,0
106,R3,SKU_A,0
106,R3,SKU_B,295
106,R3,SKU_C,0
106,R3,SKU_D,0
106,R3,SKU_E,0
107,Supplier,SKU_A,0
107,Supplier,SKU_B,0
107,Supplier,SKU_C,0
107,Supplier,SKU_D,0
107,Supplier,SKU_E,0
107,W1,SKU_A,0
107,W1,SKU_B,0
107,W1,SKU_C,0
107,W1,SKU_D,663
107,W1,SKU_E,0
107,W2,SKU_A,0
107,W2,SKU_B,1329
107,W2,SKU_C,0
107,W2,SKU_D,0
107,W2,SKU_E,0
107,R1,SKU_A,619
107,R1,SKU_B,0
107,R1,SKU_C,274
107,R1,SKU_D,0
107,R1,SKU_E,0
107,R2,SKU_A,611
107,R2,SKU_B,346
107,R2,SKU_C,0
107,R2,SKU_D,89
107,R2,SKU_E,0
107,R3,SKU_A,0
107,R3,SKU_B,0
107,R3,SKU_C,0
107,R3,SKU_D,0
107,R3,SKU_E,0
108,Supplier,SKU_A,0
108,Supplier,SKU_B,0
108,Supplier,SKU_C,0
108,Supplier,SKU_D,0
108,Supplier,SKU_E,0
108,W1,SKU_A,1230
108,W1,SKU_B,0
108,W1,SKU_C,0
108,W1,SKU_D,0
108,W1,SKU_E,0
108,W2,SKU_A,0
108,W2,SKU_B,0
108,W2,SKU_C,0
108,W2,SKU_D,0
108,W2,SKU_E,0
108,R1,SKU_A,0
108,R1,SKU_B,214
108,R1,SKU_C,0
108,R1,SKU_D,0
108,R1,SKU_E,0
108,R2,SKU_A,0
108,R2,SKU_B,0
108,R2,SKU_C,0
108,R2,SKU_D,0
108,R2,SKU_E,0
108,R3,SKU_A,0
108,R3,SKU_B,0
108,R3,SKU_C,0
108,R3,SKU_D,0
108,R3,SKU_E,0
109,Supplier,SKU_A,0
109,Supplier,SKU_B,0
109,Supplier,SKU_C,0
109,Supplier,SKU_D,0
109,Supplier,SKU_E,0
109,W1,SKU_A,0
109,W1,SKU_B,0
109,W1,SKU_C,0
109,W1,SKU_D,0
109,W1,SKU_E,0
109,W2,SKU_A,0
109,W2,SKU_B,0
109,W2,SKU_C,0
109,W2,SKU_D,0
109,W2,SKU_E,0
109,R1,SKU_A,0
109,R1,SKU_B,0
109,R1,SKU_C,281
109,R1,SKU_D,0
109,R1,SKU_E,193
109,R2,SKU_A,0
109,R2,SKU_B,0
109,R2,SKU_C,0
109,R2,SKU_D,101
109,R2,SKU_E,468
109,R3,SKU_A,0
109,R3,SKU_B,0
109,R3,SKU_C,1150
109,R3,SKU_D,0
109,R3,SKU_E,0
110,Supplier,SKU_A,0
110,Supplier,SKU_B,0
110,Supplier,SKU_C,0
110,Supplier,SKU_D,0
110,Supplier,SKU_E,0
110,W1,SKU_A,0
110,W1,SKU_B,0
110,W1,SKU_C,921
110,W1,SKU_D,190
110,W1,SKU_E,1052
110,W2,SKU_A,0
110,W2,SKU_B,0
110,W2,SKU_C,0
110,W2,SKU_D,0
110,W2,SKU_E,0
110,R1,SKU_A,0
110,R1,SKU_B,183
110,R1,SKU_C,0
110,R1,SKU_D,0
110,R1,SKU_E,0
110,R2,SKU_A,0
110,R2,SKU_B,0
110,R2,SKU_C,0
110,R2,SKU_D,46
110,R2,SKU_E,0
110,R3,SKU_A,1496
110,R3,SKU_B,332
110,R3,SKU_C,0
110,R3,SKU_D,0
110,R3,SKU_E,429
111,Supplier,SKU_A,0
111,Supplier,SKU_B,0
111,Supplier,SKU_C,0
111,Supplier,SKU_D,0
111,Supplier,SKU_E,0
111,W1,SKU_A,0
111,W1,SKU_B,0
111,W1,SKU_C,0
111,W1,SKU_D,0
111,W1,SKU_E,0
111,W2,SKU_A,2907
111,W2,SKU_B,0
111,W2,SKU_C,0
111,W2,SKU_D,0
111,W2,SKU_E,1120
111,R1,SKU_A,823
111,R1,SKU_B,0
111,R1,SKU_C,406
111,R1,SKU_D,0
111,R1,SKU_E,0
111,R2,SKU_A,0
111,R2,SKU_B,362
111,R2,SKU_C,387
111,R2,SKU_D,80
111,R2,SKU_E,0
111,R3,SKU_A,0
111,R3,SKU_B,0
111,R3,SKU_C,0
111,R3,SKU_D,0
111,R3,SKU_E,0
112,Supplier,SKU_A,0
112,Supplier,SKU_B,0
112,Supplier,SKU_C,0
112,Supplier,SKU_D,0
112,Supplier,SKU_E,0
112,W1,SKU_A,823
112,W1,SKU_B,1333
112,W1,SKU_C,793
112,W1,SKU_D,0
112,W1,SKU_E,0
112,W2,SKU_A,0
112,W2,SKU_B,0
112,W2,SKU_C,0
112,W2,SKU_D,0
112,W2,SKU_E,0
112,R1,SKU_A,0
112,R1,SKU_B,330
112,R1,SKU_C,308
112,R1,SKU_D,534
112,R1,SKU_E,180
112,R2,SKU_A,706
112,R2,SKU_B,0
112,R2,SKU_C,0
112,R2,SKU_D,70
112,R2,SKU_E,0
112,R3,SKU_A,0
112,R3,SKU_B,0
112,R3,SKU_C,0
112,R3,SKU_D,917
112,R3,SKU_E,0
113,Supplier,SKU_A,0
113,Supplier,SKU_B,0
113,Supplier,SKU_C,0
113,Supplier,SKU_D,0
113,Supplier,SKU_E,0
113,W1,SKU_A,706
113,W1,SKU_B,0
113,W1,SKU_C,0
113,W1,SKU_D,730
113,W1,SKU_E,0
113,W2,SKU_A,0
113,W2,SKU_B,0
113,W2,SKU_C,0
113,W2,SKU_D,1947
113,W2,SKU_E,0
113,R1,SKU_A,0
113,R1,SKU_B,0
113,R1,SKU_C,0
113,R1,SKU_D,0
113,R1,SKU_E,0
113,R2,SKU_A,0
113,R2,SKU_B,0
113,R2,SKU_C,0
113,R2,SKU_D,0
113,R2,SKU_E,0
113,R3,SKU_A,0
113,R3,SKU_B,305
113,R3,SKU_C,0
113,R3,SKU_D,0
113,R3,SKU_E,338
114,Supplier,SKU_A,0
114,Supplier,SKU_B,0
114,Supplier,SKU_C,0
114,Supplier,SKU_D,0
114,Supplier,SKU_E,0
114,W1,SKU_A,0
114,W1,SKU_B,0
114,W1,SKU_C,0
114,W1,SKU_D,0
114,W1,SKU_E,0
114,W2,SKU_A,0
114,W2,SKU_B,0
114,W2,SKU_C,0
114,W2,SKU_D,0
114,W2,SKU_E,0
114,R1,SKU_A,602
114,R1,SKU_B,189
114,R1,SKU_C,0
114,R1,SKU_D,0
114,R1,SKU_E,0
114,R2,SKU_A,0
114,R2,SKU_B,0
114,R2,SKU_C,0
114,R2,SKU_D,84
114,R2,SKU_E,0
114,R3,SKU_A,0
114,R3,SKU_B,0
114,R3,SKU_C,0
114,R3,SKU_D,0
114,R3,SKU_E,0
115,Supplier,SKU_A,0
115,Supplier,SKU_B,0
115,Supplier,SKU_C,0
115,Supplier,SKU_D,0
115,Supplier,SKU_E,0
115,W1,SKU_A,602
115,W1,SKU_B,0
115,W1,SKU_C,0
115,W1,SKU_D,0
115,W1,SKU_E,0
115,W2,SKU_A,0
115,W2,SKU_B,0
115,W2,SKU_C,0
115,W2,SKU_D,0
115,W2,SKU_E,0
115,R1,SKU_A,0
115,R1,SKU_B,0
115,R1,SKU_C,388
115,R1,SKU_D,0
115,R1,SKU_E,165
115,R2,SKU_A,0
115,R2,SKU_B,0
115,R2,SKU_C,0
115,R2,SKU_D,0
115,R2,SKU_E,0
115,R3,SKU_A,0
115,R3,SKU_B,0
115,R3,SKU_C,1123
115,R3,SKU_D,0
115,R3,SKU_E,0
116,Supplier,SKU_A,0
116,Supplier,SKU_B,0
116,Supplier,SKU_C,0
116,Supplier,SKU_D,0
116,Supplier,SKU_E,0
116,W1,SKU_A,0
116,W1,SKU_B,0
116,W1,SKU_C,0
116,W1,SKU_D,0
116,W1,SKU_E,0
116,W2,SKU_A,0
116,W2,SKU_B,0
116,W2,SKU_C,2273
116,W2,SKU_D,0
116,W2,SKU_E,0
116,R1,SKU_A,0
116,R1,SKU_B,0
116,R1,SKU_C,0
116,R1,SKU_D,0
116,R1,SKU_E,0
116,R2,SKU_A,0
116,R2,SKU_B,395
116,R2,SKU_C,368
116,R2,SKU_D,64
116,R2,SKU_E,0
116,R3,SKU_A,1432
116,R3,SKU_B,0
116,R3,SKU_C,0
116,R3,SKU_D,0
116,R3,SKU_E,0
117,Supplier,SKU_A,0
117,Supplier,SKU_B,0
117,Supplier,SKU_C,0
117,Supplier,SKU_D,0
117,Supplier,SKU_E,0
117,W1,SKU_A,0
117,W1,SKU_B,0
117,W1,SKU_C,1064
117,W1,SKU_D,0
117,W1,SKU_E,0
117,W2,SKU_A,0
117,W2,SKU_B,0
117,W2,SKU_C,0
117,W2,SKU_D,0
117,W2,SKU_E,0
117,R1,SKU_A,0
117,R1,SKU_B,246
117,R1,SKU_C,0
117,R1,SKU_D,0
117,R1,SKU_E,0
117,R2,SKU_A,0
117,R2,SKU_B,0
117,R2,SKU_C,0
117,R2,SKU_D,51
117,R2,SKU_E,0
117,R3,SKU_A,0
117,R3,SKU_B,292
117,R3,SKU_C,0
117,R3,SKU_D,0
117,R3,SKU_E,341
118,Supplier,SKU_A,0
118,Supplier,SKU_B,0
118,Supplier,SKU_C,0
118,Supplier,SKU_D,0
118,Supplier,SKU_E,0
118,W1,SKU_A,0
118,W1,SKU_B,1160
118,W1,SKU_C,0
118,W1,SKU_D,199
118,W1,SKU_E,0
118,W2,SKU_A,0
118,W2,SKU_B,0
118,W2,SKU_C,0
118,W2,SKU_D,0
118,W2,SKU_E,0
118,R1,SKU_A,680
118,R1,SKU_B,0
118,R1,SKU_C,479
118,R1,SKU_D,0
118,R1,SKU_E,0
118,R2,SKU_A,618
118,R2,SKU_B,0
118,R2,SKU_C,0
118,R2,SKU_D,57
118,R2,SKU_E,494
118,R3,SKU_A,0
118,R3,SKU_B,0
118,R3,SKU_C,0
118,R3,SKU_D,0
118,R3,SKU_E,0
119,Supplier,SKU_A,0
119,Supplier,SKU_B,0
119,Supplier,SKU_C,0
119,Supplier,SKU_D,0
119,Supplier,SKU_E,0
119,W1,SKU_A,1298
119,W1,SKU_B,0
119,W1,SKU_C,0
119,W1,SKU_D,0
119,W1,SKU_E,839
119,W2,SKU_A,0
119,W2,SKU_B,0
119,W2,SKU_C,0
119,W2,SKU_D,0
119,W2,SKU_E,0
119,R1,SKU_A,0
119,R1,SKU_B,233
119,R1,SKU_C,0
119,R1,SKU_D,572
119,R1,SKU_E,213
119,R2,SKU_A,0
119,R2,SKU_B,0
119,R2,SKU_C,0
119,R2,SKU_D,63
119,R2,SKU_E,0
119,R3,SKU_A,0
119,R3,SKU_B,0
119,R3,SKU_C,0
119,R3,SKU_D,0
119,R3,SKU_E,0
120,Supplier,SKU_A,0
120,Supplier,SKU_B,0
120,Supplier,SKU_C,0
120,Supplier,SKU_D,0
120,Supplier,SKU_E,0
120,W1,SKU_A,0
120,W1,SKU_B,0
120,W1,SKU_C,0
120,W1,SKU_D,692
120,W1,SKU_E,0
120,W2,SKU_A,0
120,W2,SKU_B,0
120,W2,SKU_C,0
120,W2,SKU_D,0
120,W2,SKU_E,0
120,R1,SKU_A,0
120,R1,SKU_B,0
120,R1,SKU_C,276
120,R1,SKU_D,0
120,R1,SKU_E,0
120,R2,SKU_A,0
120,R2,SKU_B,0
120,R2,SKU_C,0
120,R2,SKU_D,0
120,R2,SKU_E,0
120,R3,SKU_A,0
120,R3,SKU_B,307
120,R3,SKU_C,0
120,R3,SKU_D,883
120,R3,SKU_E,0
121,Supplier,SKU_A,0
121,Supplier,SKU_B,0
121,Supplier,SKU_C,0
121,Supplier,SKU_D,0
121,Supplier,SKU_E,0
121,W1,SKU_A,0
121,W1,SKU_B,0
121,W1,SKU_C,0
121,W1,SKU_D,0
121,W1,SKU_E,0
121,W2,SKU_A,0
121,W2,SKU_B,0
121,W2,SKU_C,0
121,W2,SKU_D,0
121,W2,SKU_E,0
121,R1,SKU_A,0
121,R1,SKU_B,0
121,R1,SKU_C,0
121,R1,SKU_D,0
121,R1,SKU_E,0
121,R2,SKU_A,0
121,R2,SKU_B,364
121,R2,SKU_C,347
121,R2,SKU_D,83
121,R2,SKU_E,0
121,R3,SKU_A,1414
121,R3,SKU_B,0
121,R3,SKU_C,1065
121,R3,SKU_D,0
121,R3,SKU_E,348
122,Supplier,SKU_A,0
122,Supplier,SKU_B,0
122,Supplier,SKU_C,0
122,Supplier,SKU_D,0
122,Supplier,SKU_E,0
122,W1,SKU_A,0
122,W1,SKU_B,0
122,W1,SKU_C,1102
122,W1,SKU_D,0
122,W1,SKU_E,0
122,W2,SKU_A,2846
122,W2,SKU_B,0
122,W2,SKU_C,0
122,W2,SKU_D,0
122,W2,SKU_E,1027
122,R1,SKU_A,687
122,R1,SKU_B,186
122,R1,SKU_C,0
122,R1,SKU_D,0
122,R1,SKU_E,0
122,R2,SKU_A,0
122,R2,SKU_B,0
122,R2,SKU_C,0
122,R2,SKU_D,49
122,R2,SKU_E,0
122,R3,SKU_A,0
122,R3,SKU_B,0
122,R3,SKU_C,0
122,R3,SKU_D,0
122,R3,SKU_E,0
123,Supplier,SKU_A,0
123,Supplier,SKU_B,0
123,Supplier,SKU_C,0
123,Supplier,SKU_D,0
123,Supplier,SKU_E,0
123,W1,SKU_A,687
123,W1,SKU_B,0
123,W1,SKU_C,0
123,W1,SKU_D,0
123,W1,SKU_E,0
123,W2,SKU_A,0
123,W2,SKU_B,0
123,W2,SKU_C,0
123,W2,SKU_D,0
123,W2,SKU_E,0
123,R1,SKU_A,0
123,R1,SKU_B,0
123,R1,SKU_C,331
123,R1,SKU_D,0
123,R1,SKU_E,177
123,R2,SKU_A,0
123,R2,SKU_B,0
123,R2,SKU_C,0
123,R2,SKU_D,47
123,R2,SKU_E,0
123,R3,SKU_A,0
123,R3,SKU_B,0
123,R3,SKU_C,0
123,R3,SKU_D,0
123,R3,SKU_E,0
124,Supplier,SKU_A,0
124,Supplier,SKU_B,0
124,Supplier,SKU_C,0
124,Supplier,SKU_D,0
124,Supplier,SKU_E,0
124,W1,SKU_A,0
124,W1,SKU_B,0
124,W1,SKU_C,0
124,W1,SKU_D,179
124,W1,SKU_E,0
124,W2,SKU_A,0
124,W2,SKU_B,0
124,W2,SKU_C,0
124,W2,SKU_D,0
124,W2,SKU_E,0
124,R1,SKU_A,0
124,R1,SKU_B,0
124,R1,SKU_C,0
124,R1,SKU_D,0
124,R1,SKU_E,0
124,R2,SKU_A,665
124,R2,SKU_B,0
124,R2,SKU_C,0
124,R2,SKU_D,54
124,R2,SKU_E,0
124,R3,SKU_A,0
124,R3,SKU_B,324
124,R3,SKU_C,0
124,R3,SKU_D,0
124,R3,SKU_E,0
125,Supplier,SKU_A,0
125,Supplier,SKU_B,0
125,Supplier,SKU_C,0
125,Supplier,SKU_D,0
125,Supplier,SKU_E,0
125,W1,SKU_A,665
125,W1,SKU_B,0
125,W1,SKU_C,0
125,W1,SKU_D,0
125,W1,SKU_E,0
125,W2,SKU_A,0
125,W2,SKU_B,1560
125,W2,SKU_C,0
125,W2,SKU_D,0
125,W2,SKU_E,0
125,R1,SKU_A,0
125,R1,SKU_B,266
125,R1,SKU_C,338
125,R1,SKU_D,0
125,R1,SKU_E,0
125,R2,SKU_A,0
125,R2,SKU_B,0
125,R2,SKU_C,0
125,R2,SKU_D,61
125,R2,SKU_E,0
125,R3,SKU_A,0
125,R3,SKU_B,0
125,R3,SKU_C,0
125,R3,SKU_D,0
125,R3,SKU_E,335
126,Supplier,SKU_A,0
126,Supplier,SKU_B,0
126,Supplier,SKU_C,0
126,Supplier,SKU_D,0
126,Supplier,SKU_E,0
126,W1,SKU_A,0
126,W1,SKU_B,0
126,W1,SKU_C,0
126,W1,SKU_D,0
126,W1,SKU_E,0
126,W2,SKU_A,0
126,W2,SKU_B,0
126,W2,SKU_C,0
126,W2,SKU_D,0
126,W2,SKU_E,0
126,R1,SKU_A,795
126,R1,SKU_B,0
126,R1,SKU_C,0
126,R1,SKU_D,0
126,R1,SKU_E,0
126,R2,SKU_A,0
126,R2,SKU_B,390
126,R2,SKU_C,401
126,R2,SKU_D,67
126,R2,SKU_E,0
126,R3,SKU_A,0
126,R3,SKU_B,0
126,R3,SKU_C,0
126,R3,SKU_D,0
126,R3,SKU_E,0
127,Supplier,SKU_A,0
127,Supplier,SKU_B,0
127,Supplier,SKU_C,0
127,Supplier,SKU_D,0
127,Supplier,SKU_E,0
127,W1,SKU_A,795
127,W1,SKU_B,1439
127,W1,SKU_C,1070
127,W1,SKU_D,182
127,W1,SKU_E,0
127,W2,SKU_A,0
127,W2,SKU_B,0
127,W2,SKU_C,0
127,W2,SKU_D,0
127,W2,SKU_E,0
127,R1,SKU_A,0
127,R1,SKU_B,189
127,R1,SKU_C,287
127,R1,SKU_D,563
127,R1,SKU_E,190
127,R2,SKU_A,0
127,R2,SKU_B,0
127,R2,SKU_C,0
127,R2,SKU_D,0
127,R2,SKU_E,0
127,R3,SKU_A,0
127,R3,SKU_B,0
127,R3,SKU_C,0
127,R3,SKU_D,0
127,R3,SKU_E,0
128,Supplier,SKU_A,0
128,Supplier,SKU_B,0
128,Supplier,SKU_C,0
128,Supplier,SKU_D,0
128,Supplier,SKU_E,0
128,W1,SKU_A,0
128,W1,SKU_B,0
128,W1,SKU_C,0
128,W1,SKU_D,563
128,W1,SKU_E,0
128,W2,SKU_A,0
128,W2,SKU_B,0
128,W2,SKU_C,0
128,W2,SKU_D,0
128,W2,SKU_E,0
128,R1,SKU_A,0
128,R1,SKU_B,0
128,R1,SKU_C,0
128,R1,SKU_D,0
128,R1,SKU_E,0
128,R2,SKU_A,0
128,R2,SKU_B,0
128,R2,SKU_C,0
128,R2,SKU_D,98
128,R2,SKU_E,488
128,R3,SKU_A,0
128,R3,SKU_B,322
128,R3,SKU_C,0
128,R3,SKU_D,0
128,R3,SKU_E,0
129,Supplier,SKU_A,0
129,Supplier,SKU_B,0
129,Supplier,SKU_C,0
129,Supplier,SKU_D,0
129,Supplier,SKU_E,0
129,W1,SKU_A,0
129,W1,SKU_B,0
129,W1,SKU_C,0
129,W1,SKU_D,0
129,W1,SKU_E,1068
129,W2,SKU_A,0
129,W2,SKU_B,0
129,W2,SKU_C,0
129,W2,SKU_D,0
129,W2,SKU_E,0
129,R1,SKU_A,0
129,R1,SKU_B,0
129,R1,SKU_C,0
129,R1,SKU_D,0
129,R1,SKU_E,0
129,R2,SKU_A,0
129,R2,SKU_B,0
129,R2,SKU_C,0
129,R2,SKU_D,45
129,R2,SKU_E,0
129,R3,SKU_A,1436
129,R3,SKU_B,0
129,R3,SKU_C,1074
129,R3,SKU_D,0
129,R3,SKU_E,372
130,Supplier,SKU_A,0
130,Supplier,SKU_B,0
130,Supplier,SKU_C,0
130,Supplier,SKU_D,0
130,Supplier,SKU_E,0
130,W1,SKU_A,0
130,W1,SKU_B,0
130,W1,SKU_C,0
130,W1,SKU_D,0
130,W1,SKU_E,0
130,W2,SKU_A,0
130,W2,SKU_B,0
130,W2,SKU_C,2139
130,W2,SKU_D,0
130,W2,SKU_E,0
130,R1,SKU_A,589
130,R1,SKU_B,221
130,R1,SKU_C,293
130,R1,SKU_D,0
130,R1,SKU_E,0
130,R2,SKU_A,689
130,R2,SKU_B,0
130,R2,SKU_C,0
130,R2,SKU_D,59
130,R2,SKU_E,0
130,R3,SKU_A,0
130,R3,SKU_B,0
130,R3,SKU_C,0
130,R3,SKU_D,939
130,R3,SKU_E,0
131,Supplier,SKU_A,0
131,Supplier,SKU_B,0
131,Supplier,SKU_C,0
131,Supplier,SKU_D,0
131,Supplier,SKU_E,0
131,W1,SKU_A,1278
131,W1,SKU_B,0
131,W1,SKU_C,0
131,W1,SKU_D,202
131,W1,SKU_E,0
131,W2,SKU_A,0
131,W2,SKU_B,0
131,W2,SKU_C,0
131,W2,SKU_D,1822
131,W2,SKU_E,0
131,R1,SKU_A,0
131,R1,SKU_B,0
131,R1,SKU_C,0
131,R1,SKU_D,0
131,R1,SKU_E,0
131,R2,SKU_A,0
131,R2,SKU_B,355
131,R2,SKU_C,0
131,R2,SKU_D,0
131,R2,SKU_E,0
131,R3,SKU_A,0
131,R3,SKU_B,0
131,R3,SKU_C,0
131,R3,SKU_D,0
131,R3,SKU_E,0
132,Supplier,SKU_A,0
132,Supplier,SKU_B,0
132,Supplier,SKU_C,0
132,Supplier,SKU_D,0
132,Supplier,SKU_E,0
132,W1,SKU_A,0
132,W1,SKU_B,0
132,W1,SKU_C,0
132,W1,SKU_D,0
132,W1,SKU_E,0
132,W2,SKU_A,0
132,W2,SKU_B,0
132,W2,SKU_C,0
132,W2,SKU_D,0
132,W2,SKU_E,0
132,R1,SKU_A,0
132,R1,SKU_B,0
132,R1,SKU_C,308
132,R1,SKU_D,0
132,R1,SKU_E,201
132,R2,SKU_A,0
132,R2,SKU_B,0
132,R2,SKU_C,0
132,R2,SKU_D,82
132,R2,SKU_E,0
132,R3,SKU_A,0
132,R3,SKU_B,306
132,R3,SKU_C,0
132,R3,SKU_D,0
132,R3,SKU_E,0
133,Supplier,SKU_A,0
133,Supplier,SKU_B,0
133,Supplier,SKU_C,0
133,Supplier,SKU_D,0
133,Supplier,SKU_E,0
133,W1,SKU_A,0
133,W1,SKU_B,0
133,W1,SKU_C,888
133,W1,SKU_D,0
133,W1,SKU_E,0
133,W2,SKU_A,0
133,W2,SKU_B,0
133,W2,SKU_C,0
133,W2,SKU_D,0
133,W2,SKU_E,0
133,R1,SKU_A,0
133,R1,SKU_B,286
133,R1,SKU_C,0
133,R1,SKU_D,0
133,R1,SKU_E,0
133,R2,SKU_A,0
133,R2,SKU_B,0
133,R2,SKU_C,366
133,R2,SKU_D,71
133,R2,SKU_E,0
133,R3,SKU_A,0
133,R3,SKU_B,0
133,R3,SKU_C,0
133,R3,SKU_D,0
133,R3,SKU_E,359
134,Supplier,SKU_A,0
134,Supplier,SKU_B,0
134,Supplier,SKU_C,0
134,Supplier,SKU_D,0
134,Supplier,SKU_E,0
134,W1,SKU_A,0
134,W1,SKU_B,0
134,W1,SKU_C,0
134,W1,SKU_D,0
134,W1,SKU_E,0
134,W2,SKU_A,0
134,W2,SKU_B,0
134,W2,SKU_C,0
134,W2,SKU_D,0
134,W2,SKU_E,1066
134,R1,SKU_A,729
134,R1,SKU_B,0
134,R1,SKU_C,426
134,R1,SKU_D,527
134,R1,SKU_E,0
134,R2,SKU_A,0
134,R2,SKU_B,0
134,R2,SKU_C,0
134,R2,SKU_D,65
134,R2,SKU_E,0
134,R3,SKU_A,0
134,R3,SKU_B,0
134,R3,SKU_C,0
134,R3,SKU_D,0
134,R3,SKU_E,0
135,Supplier,SKU_A,0
135,Supplier,SKU_B,0
135,Supplier,SKU_C,0
135,Supplier,SKU_D,0
135,Supplier,SKU_E,0
135,W1,SKU_A,729
135,W1,SKU_B,0
135,W1,SKU_C,792
135,W1,SKU_D,745
135,W1,SKU_E,0
135,W2,SKU_A,0
135,W2,SKU_B,0
135,W2,SKU_C,0
135,W2,SKU_D,0
135,W2,SKU_E,0
135,R1,SKU_A,0
135,R1,SKU_B,197
135,R1,SKU_C,0
135,R1,SKU_D,0
135,R1,SKU_E,0
135,R2,SKU_A,630
135,R2,SKU_B,0
135,R2,SKU_C,0
135,R2,SKU_D,49
135,R2,SKU_E,0
135,R3,SKU_A,0
135,R3,SKU_B,0
135,R3,SKU_C,0
135,R3,SKU_D,0
135,R3,SKU_E,0
136,Supplier,SKU_A,0
136,Supplier,SKU_B,0
136,Supplier,SKU_C,0
136,Supplier,SKU_D,0
136,Supplier,SKU_E,0
136,W1,SKU_A,630
136,W1,SKU_B,1248
136,W1,SKU_C,0
136,W1,SKU_D,0
136,W1,SKU_E,0
136,W2,SKU_A,0
136,W2,SKU_B,0
136,W2,SKU_C,0
136,W2,SKU_D,0
136,W2,SKU_E,0
136,R1,SKU_A,0
136,R1,SKU_B,0
136,R1,SKU_C,0
136,R1,SKU_D,0
136,R1,SKU_E,166
136,R2,SKU_A,0
136,R2,SKU_B,418
136,R2,SKU_C,0
136,R2,SKU_D,0
136,R2,SKU_E,0
136,R3,SKU_A,0
136,R3,SKU_B,0
136,R3,SKU_C,0
136,R3,SKU_D,0
136,R3,SKU_E,0
137,Supplier,SKU_A,0
137,Supplier,SKU_B,0
137,Supplier,SKU_C,0
137,Supplier,SKU_D,0
137,Supplier,SKU_E,0
137,W1,SKU_A,0
137,W1,SKU_B,0
137,W1,SKU_C,0
137,W1,SKU_D,0
137,W1,SKU_E,0
137,W2,SKU_A,0
137,W2,SKU_B,0
137,W2,SKU_C,0
137,W2,SKU_D,0
137,W2,SKU_E,0
137,R1,SKU_A,0
137,R1,SKU_B,0
137,R1,SKU_C,359
137,R1,SKU_D,0
137,R1,SKU_E,0
137,R2,SKU_A,0
137,R2,SKU_B,0
137,R2,SKU_C,0
137,R2,SKU_D,95
137,R2,SKU_E,466
137,R3,SKU_A,1510
137,R3,SKU_B,302
137,R3,SKU_C,1123
137,R3,SKU_D,0
137,R3,SKU_E,0
138,Supplier,SKU_A,0
138,Supplier,SKU_B,0
138,Supplier,SKU_C,0
138,Supplier,SKU_D,0
138,Supplier,SKU_E,0
138,W1,SKU_A,0
138,W1,SKU_B,0
138,W1,SKU_C,0
138,W1,SKU_D,0
138,W1,SKU_E,833
138,W2,SKU_A,2946
138,W2,SKU_B,0
138,W2,SKU_C,0
138,W2,SKU_D,0
138,W2,SKU_E,0
138,R1,SKU_A,0
138,R1,SKU_B,224
138,R1,SKU_C,0
138,R1,SKU_D,0
138,R1,SKU_E,0
138,R2,SKU_A,0
138,R2,SKU_B,0
138,R2,SKU_C,375
138,R2,SKU_D,51
138,R2,SKU_E,0
138,R3,SKU_A,0
138,R3,SKU_B,0
138,R3,SKU_C,0
138,R3,SKU_D,0
138,R3,SKU_E,382
139,Supplier,SKU_A,0
139,Supplier,SKU_B,0
139,Supplier,SKU_C,0
139,Supplier,SKU_D,0
139,Supplier,SKU_E,0
139,W1,SKU_A,0
139,W1,SKU_B,0
139,W1,SKU_C,0
139,W1,SKU_D,195
139,W1,SKU_E,0
139,W2,SKU_A,0
139,W2,SKU_B,0
139,W2,SKU_C,0
139,W2,SKU_D,0
139,W2,SKU_E,0
139,R1,SKU_A,772
139,R1,SKU_B,0
139,R1,SKU_C,295
139,R1,SKU_D,0
139,R1,SKU_E,0
139,R2,SKU_A,0
139,R2,SKU_B,0
139,R2,SKU_C,0
139,R2,SKU_D,75
139,R2,SKU_E,0
139,R3,SKU_A,0
139,R3,SKU_B,0
139,R3,SKU_C,0
139,R3,SKU_D,993
139,R3,SKU_E,0
140,Supplier,SKU_A,0
140,Supplier,SKU_B,0
140,Supplier,SKU_C,0
140,Supplier,SKU_D,0
140,Supplier,SKU_E,0
140,W1,SKU_A,772
140,W1,SKU_B,0
140,W1,SKU_C,1029
140,W1,SKU_D,0
140,W1,SKU_E,0
140,W2,SKU_A,0
140,W2,SKU_B,0
140,W2,SKU_C,0
140,W2,SKU_D,0
140,W2,SKU_E,0
140,R1,SKU_A,0
140,R1,SKU_B,218
140,R1,SKU_C,0
140,R1,SKU_D,0
140,R1,SKU_E,183
140,R2,SKU_A,0
140,R2,SKU_B,0
140,R2,SKU_C,0
140,R2,SKU_D,60
140,R2,SKU_E,0
140,R3,SKU_A,0
140,R3,SKU_B,0
140,R3,SKU_C,0
140,R3,SKU_D,0
140,R3,SKU_E,0
141,Supplier,SKU_A,0
141,Supplier,SKU_B,0
141,Supplier,SKU_C,0
141,Supplier,SKU_D,0
141,Supplier,SKU_E,0
141,W1,SKU_A,0
141,W1,SKU_B,0
141,W1,SKU_C,0
141,W1,SKU_D,0
141,W1,SKU_E,0
141,W2,SKU_A,0
141,W2,SKU_B,0
141,W2,SKU_C,0
141,W2,SKU_D,0
141,W2,SKU_E,0
141,R1,SKU_A,0
141,R1,SKU_B,0
141,R1,SKU_C,0
141,R1,SKU_D,0
141,R1,SKU_E,0
141,R2,SKU_A,664
141,R2,SKU_B,0
141,R2,SKU_C,0
141,R2,SKU_D,0
141,R2,SKU_E,0
141,R3,SKU_A,0
141,R3,SKU_B,294
141,R3,SKU_C,0
141,R3,SKU_D,0
141,R3,SKU_E,0
142,Supplier,SKU_A,0
142,Supplier,SKU_B,0
142,Supplier,SKU_C,0
142,Supplier,SKU_D,0
142,Supplier,SKU_E,0
142,W1,SKU_A,664
142,W1,SKU_B,0
142,W1,SKU_C,0
142,W1,SKU_D,0
142,W1,SKU_E,0
142,W2,SKU_A,0
142,W2,SKU_B,0
142,W2,SKU_C,0
142,W2,SKU_D,0
142,W2,SKU_E,0
142,R1,SKU_A,0
142,R1,SKU_B,0
142,R1,SKU_C,331
142,R1,SKU_D,525
142,R1,SKU_E,0
142,R2,SKU_A,0
142,R2,SKU_B,375
142,R2,SKU_C,0
142,R2,SKU_D,74
142,R2,SKU_E,0
142,R3,SKU_A,0
142,R3,SKU_B,0
142,R3,SKU_C,0
142,R3,SKU_D,0
142,R3,SKU_E,365
143,Supplier,SKU_A,0
143,Supplier,SKU_B,0
143,Supplier,SKU_C,0
143,Supplier,SKU_D,0
143,Supplier,SKU_E,0
143,W1,SKU_A,0
143,W1,SKU_B,1235
143,W1,SKU_C,0
143,W1,SKU_D,734
143,W1,SKU_E,0
143,W2,SKU_A,0
143,W2,SKU_B,0
143,W2,SKU_C,0
143,W2,SKU_D,0
143,W2,SKU_E,0
143,R1,SKU_A,629
143,R1,SKU_B,0
143,R1,SKU_C,0
143,R1,SKU_D,0
143,R1,SKU_E,0
143,R2,SKU_A,0
143,R2,SKU_B,0
143,R2,SKU_C,0
143,R2,SKU_D,0
143,R2,SKU_E,0
143,R3,SKU_A,0
143,R3,SKU_B,0
143,R3,SKU_C,0
143,R3,SKU_D,0
143,R3,SKU_E,0
144,Supplier,SKU_A,0
144,Supplier,SKU_B,0
144,Supplier,SKU_C,0
144,Supplier,SKU_D,0
144,Supplier,SKU_E,0
144,W1,SKU_A,629
144,W1,SKU_B,0
144,W1,SKU_C,0
144,W1,SKU_D,0
144,W1,SKU_E,0
144,W2,SKU_A,0
144,W2,SKU_B,0
144,W2,SKU_C,0
144,W2,SKU_D,0
144,W2,SKU_E,0
144,R1,SKU_A,0
144,R1,SKU_B,209
144,R1,SKU_C,0
144,R1,SKU_D,0
144,R1,SKU_E,0
144,R2,SKU_A,0
144,R2,SKU_B,0
144,R2,SKU_C,0
144,R2,SKU_D,74
144,R2,SKU_E,0
144,R3,SKU_A,0
144,R3,SKU_B,0
144,R3,SKU_C,0
144,R3,SKU_D,0
144,R3,SKU_E,0
145,Supplier,SKU_A,0
145,Supplier,SKU_B,0
145,Supplier,SKU_C,0
145,Supplier,SKU_D,0
145,Supplier,SKU_E,0
145,W1,SKU_A,0
145,W1,SKU_B,0
145,W1,SKU_C,0
145,W1,SKU_D,0
145,W1,SKU_E,0
145,W2,SKU_A,0
145,W2,SKU_B,0
145,W2,SKU_C,0
145,W2,SKU_D,0
145,W2,SKU_E,0
145,R1,SKU_A,0
145,R1,SKU_B,0
145,R1,SKU_C,305
145,R1,SKU_D,0
145,R1,SKU_E,184
145,R2,SKU_A,0
145,R2,SKU_B,0
145,R2,SKU_C,368
145,R2,SKU_D,50
145,R2,SKU_E,0
145,R3,SKU_A,1560
145,R3,SKU_B,283
145,R3,SKU_C,0
145,R3,SKU_D,0
145,R3,SKU_E,0
146,Supplier,SKU_A,0
146,Supplier,SKU_B,0
146,Supplier,SKU_C,0
146,Supplier,SKU_D,0
146,Supplier,SKU_E,0
146,W1,SKU_A,0
146,W1,SKU_B,0
146,W1,SKU_C,1004
146,W1,SKU_D,0
146,W1,SKU_E,0
146,W2,SKU_A,0
146,W2,SKU_B,1507
146,W2,SKU_C,0
146,W2,SKU_D,0
146,W2,SKU_E,0
146,R1,SKU_A,0
146,R1,SKU_B,206
146,R1,SKU_C,0
146,R1,SKU_D,0
146,R1,SKU_E,0
146,R2,SKU_A,0
146,R2,SKU_B,0
146,R2,SKU_C,0
146,R2,SKU_D,57
146,R2,SKU_E,481
146,R3,SKU_A,0
146,R3,SKU_B,0
146,R3,SKU_C,1178
146,R3,SKU_D,0
146,R3,SKU_E,340
147,Supplier,SKU_A,0
147,Supplier,SKU_B,0
147,Supplier,SKU_C,0
147,Supplier,SKU_D,0
147,Supplier,SKU_E,0
147,W1,SKU_A,0
147,W1,SKU_B,0
147,W1,SKU_C,0
147,W1,SKU_D,181
147,W1,SKU_E,848
147,W2,SKU_A,0
147,W2,SKU_B,0
147,W2,SKU_C,2301
147,W2,SKU_D,0
147,W2,SKU_E,1087
147,R1,SKU_A,672
147,R1,SKU_B,0
147,R1,SKU_C,410
147,R1,SKU_D,0
147,R1,SKU_E,0
147,R2,SKU_A,645
147,R2,SKU_B,0
147,R2,SKU_C,0
147,R2,SKU_D,60
147,R2,SKU_E,0
147,R3,SKU_A,0
147,R3,SKU_B,0
147,R3,SKU_C,0
147,R3,SKU_D,0
147,R3,SKU_E,0
148,Supplier,SKU_A,0
148,Supplier,SKU_B,0
148,Supplier,SKU_C,0
148,Supplier,SKU_D,0
148,Supplier,SKU_E,0
148,W1,SKU_A,1317
148,W1,SKU_B,0
148,W1,SKU_C,0
148,W1,SKU_D,0
148,W1,SKU_E,0
148,W2,SKU_A,0
148,W2,SKU_B,0
148,W2,SKU_C,0
148,W2,SKU_D,0
148,W2,SKU_E,0
148,R1,SKU_A,0
148,R1,SKU_B,201
148,R1,SKU_C,0
148,R1,SKU_D,0
148,R1,SKU_E,0
148,R2,SKU_A,0
148,R2,SKU_B,356
148,R2,SKU_C,0
148,R2,SKU_D,49
148,R2,SKU_E,0
148,R3,SKU_A,0
148,R3,SKU_B,268
148,R3,SKU_C,0
148,R3,SKU_D,918
148,R3,SKU_E,0
149,Supplier,SKU_A,0
149,Supplier,SKU_B,0
149,Supplier,SKU_C,0
149,Supplier,SKU_D,0
149,Supplier,SKU_E,0
149,W1,SKU_A,0
149,W1,SKU_B,0
149,W1,SKU_C,0
149,W1,SKU_D,0
149,W1,SKU_E,0
149,W2,SKU_A,0
149,W2,SKU_B,0
149,W2,SKU_C,0
149,W2,SKU_D,1911
149,W2,SKU_E,0
149,R1,SKU_A,0
149,R1,SKU_B,0
149,R1,SKU_C,0
149,R1,SKU_D,529
149,R1,SKU_E,193
149,R2,SKU_A,0
149,R2,SKU_B,0
149,R2,SKU_C,343
149,R2,SKU_D,0
149,R2,SKU_E,0
149,R3,SKU_A,0
149,R3,SKU_B,0
149,R3,SKU_C,0
149,R3,SKU_D,0
149,R3,SKU_E,0
150,Supplier,SKU_A,0
150,Supplier,SKU_B,0
150,Supplier,SKU_C,0
150,Supplier,SKU_D,0
150,Supplier,SKU_E,0
150,W1,SKU_A,0
150,W1,SKU_B,0
150,W1,SKU_C,0
150,W1,SKU_D,638
150,W1,SKU_E,0
150,W2,SKU_A,0
150,W2,SKU_B,0
150,W2,SKU_C,0
150,W2,SKU_D,0
150,W2,SKU_E,0
150,R1,SKU_A,0
150,R1,SKU_B,0
150,R1,SKU_C,292
150,R1,SKU_D,0
150,R1,SKU_E,0
150,R2,SKU_A,0
150,R2,SKU_B,0
150,R2,SKU_C,0
150,R2,SKU_D,85
150,R2,SKU_E,0
150,R3,SKU_A,0
150,R3,SKU_B,0
150,R3,SKU_C,0
150,R3,SKU_D,0
150,R3,SKU_E,322
151,Supplier,SKU_A,0
151,Supplier,SKU_B,0
151,Supplier,SKU_C,0
151,Supplier,SKU_D,0
151,Supplier,SKU_E,0
151,W1,SKU_A,0
151,W1,SKU_B,0
151,W1,SKU_C,1045
151,W1,SKU_D,0
151,W1,SKU_E,0
151,W2,SKU_A,0
151,W2,SKU_B,0
151,W2,SKU_C,0
151,W2,SKU_D,0
151,W2,SKU_E,0
151,R1,SKU_A,0
151,R1,SKU_B,0
151,R1,SKU_C,0
151,R1,SKU_D,0
151,R1,SKU_E,0
151,R2,SKU_A,0
151,R2,SKU_B,0
151,R2,SKU_C,0
151,R2,SKU_D,47
151,R2,SKU_E,0
151,R3,SKU_A,0
151,R3,SKU_B,0
151,R3,SKU_C,0
151,R3,SKU_D,0
151,R3,SKU_E,0
152,Supplier,SKU_A,0
152,Supplier,SKU_B,0
152,Supplier,SKU_C,0
152,Supplier,SKU_D,0
152,Supplier,SKU_E,0
152,W1,SKU_A,0
152,W1,SKU_B,0
152,W1,SKU_C,0
152,W1,SKU_D,0
152,W1,SKU_E,0
152,W2,SKU_A,0
152,W2,SKU_B,0
152,W2,SKU_C,0
152,W2,SKU_D,0
152,W2,SKU_E,0
152,R1,SKU_A,717
152,R1,SKU_B,240
152,R1,SKU_C,0
152,R1,SKU_D,0
152,R1,SKU_E,0
152,R2,SKU_A,0
152,R2,SKU_B,0
152,R2,SKU_C,0
152,R2,SKU_D,0
152,R2,SKU_E,0
152,R3,SKU_A,0
152,R3,SKU_B,0
152,R3,SKU_C,0
152,R3,SKU_D,0
152,R3,SKU_E,0
153,Supplier,SKU_A,0
153,Supplier,SKU_B,0
153,Supplier,SKU_C,0
153,Supplier,SKU_D,0
153,Supplier,SKU_E,0
153,W1,SKU_A,717
153,W1,SKU_B,1212
153,W1,SKU_C,0
153,W1,SKU_D,0
153,W1,SKU_E,0
153,W2,SKU_A,0
153,W2,SKU_B,0
153,W2,SKU_C,0
153,W2,SKU_D,0
153,W2,SKU_E,0
153,R1,SKU_A,0
153,R1,SKU_B,0
153,R1,SKU_C,430
153,R1,SKU_D,0
153,R1,SKU_E,0
153,R2,SKU_A,621
153,R2,SKU_B,0
153,R2,SKU_C,0
153,R2,SKU_D,100
153,R2,SKU_E,0
153,R3,SKU_A,1550
153,R3,SKU_B,362
153,R3,SKU_C,0
153,R3,SKU_D,0
153,R3,SKU_E,0
154,Supplier,SKU_A,0
154,Supplier,SKU_B,0
154,Supplier,SKU_C,0
154,Supplier,SKU_D,0
154,Supplier,SKU_E,0
154,W1,SKU_A,621
154,W1,SKU_B,0
154,W1,SKU_C,0
154,W1,SKU_D,232
154,W1,SKU_E,0
154,W2,SKU_A,3110
154,W2,SKU_B,0
154,W2,SKU_C,0
154,W2,SKU_D,0
154,W2,SKU_E,0
154,R1,SKU_A,0
154,R1,SKU_B,196
154,R1,SKU_C,0
154,R1,SKU_D,0
154,R1,SKU_E,201
154,R2,SKU_A,0
154,R2,SKU_B,0
154,R2,SKU_C,0
154,R2,SKU_D,56
154,R2,SKU_E,0
154,R3,SKU_A,0
154,R3,SKU_B,0
154,R3,SKU_C,1033
154,R3,SKU_D,0
154,R3,SKU_E,326
155,Supplier,SKU_A,0
155,Supplier,SKU_B,0
155,Supplier,SKU_C,0
155,Supplier,SKU_D,0
155,Supplier,SKU_E,0
155,W1,SKU_A,0
155,W1,SKU_B,0
155,W1,SKU_C,0
155,W1,SKU_D,0
155,W1,SKU_E,0
155,W2,SKU_A,0
155,W2,SKU_B,0
155,W2,SKU_C,0
155,W2,SKU_D,0
155,W2,SKU_E,0
155,R1,SKU_A,0
155,R1,SKU_B,0
155,R1,SKU_C,0
155,R1,SKU_D,0
155,R1,SKU_E,0
155,R2,SKU_A,0
155,R2,SKU_B,396
155,R2,SKU_C,0
155,R2,SKU_D,0
155,R2,SKU_E,0
155,R3,SKU_A,0
155,R3,SKU_B,0
155,R3,SKU_C,0
155,R3,SKU_D,0
155,R3,SKU_E,0
156,Supplier,SKU_A,0
156,Supplier,SKU_B,0
156,Supplier,SKU_C,0
156,Supplier,SKU_D,0
156,Supplier,SKU_E,0
156,W1,SKU_A,0
156,W1,SKU_B,0
156,W1,SKU_C,0
156,W1,SKU_D,0
156,W1,SKU_E,0
156,W2,SKU_A,0
156,W2,SKU_B,0
156,W2,SKU_C,0
156,W2,SKU_D,0
156,W2,SKU_E,0
156,R1,SKU_A,0
156,R1,SKU_B,0
156,R1,SKU_C,0
156,R1,SKU_D,0
156,R1,SKU_E,0
156,R2,SKU_A,0
156,R2,SKU_B,0
156,R2,SKU_C,350
156,R2,SKU_D,76
156,R2,SKU_E,453
156,R3,SKU_A,0
156,R3,SKU_B,0
156,R3,SKU_C,0
156,R3,SKU_D,0
156,R3,SKU_E,0
157,Supplier,SKU_A,0
157,Supplier,SKU_B,0
157,Supplier,SKU_C,0
157,Supplier,SKU_D,0
157,Supplier,SKU_E,0
157,W1,SKU_A,0
157,W1,SKU_B,0
157,W1,SKU_C,780
157,W1,SKU_D,0
157,W1,SKU_E,847
157,W2,SKU_A,0
157,W2,SKU_B,0
157,W2,SKU_C,0
157,W2,SKU_D,0
157,W2,SKU_E,0
157,R1,SKU_A,642
157,R1,SKU_B,0
157,R1,SKU_C,326
157,R1,SKU_D,0
157,R1,SKU_E,0
157,R2,SKU_A,0
157,R2,SKU_B,0
157,R2,SKU_C,0
157,R2,SKU_D,0
157,R2,SKU_E,0
157,R3,SKU_A,0
157,R3,SKU_B,0
157,R3,SKU_C,0
157,R3,SKU_D,0
157,R3,SKU_E,0
158,Supplier,SKU_A,0
158,Supplier,SKU_B,0
158,Supplier,SKU_C,0
158,Supplier,SKU_D,0
158,Supplier,SKU_E,0
158,W1,SKU_A,642
158,W1,SKU_B,0
158,W1,SKU_C,0
158,W1,SKU_D,0
158,W1,SKU_E,0
158,W2,SKU_A,0
158,W2,SKU_B,0
158,W2,SKU_C,0
158,W2,SKU_D,0
158,W2,SKU_E,0
158,R1,SKU_A,0
158,R1,SKU_B,224
158,R1,SKU_C,0
158,R1,SKU_D,525
158,R1,SKU_E,0
158,R2,SKU_A,0
158,R2,SKU_B,0
158,R2,SKU_C,0
158,R2,SKU_D,85
158,R2,SKU_E,0
158,R3,SKU_A,0
158,R3,SKU_B,274
158,R3,SKU_C,0
158,R3,SKU_D,0
158,R3,SKU_E,0
159,Supplier,SKU_A,0
159,Supplier,SKU_B,0
159,Supplier,SKU_C,0
159,Supplier,SKU_D,0
159,Supplier,SKU_E,0
159,W1,SKU_A,0
159,W1,SKU_B,0
159,W1,SKU_C,0
159,W1,SKU_D,742
159,W1,SKU_E,0
159,W2,SKU_A,0
159,W2,SKU_B,0
159,W2,SKU_C,0
159,W2,SKU_D,0
159,W2,SKU_E,0
159,R1,SKU_A,0
159,R1,SKU_B,0
159,R1,SKU_C,0
159,R1,SKU_D,0
159,R1,SKU_E,210
159,R2,SKU_A,0
159,R2,SKU_B,0
159,R2,SKU_C,0
159,R2,SKU_D,62
159,R2,SKU_E,0
159,R3,SKU_A,0
159,R3,SKU_B,0
159,R3,SKU_C,0
159,R3,SKU_D,955
159,R3,SKU_E,387
160,Supplier,SKU_A,0
160,Supplier,SKU_B,0
160,Supplier,SKU_C,0
160,Supplier,SKU_D,0
160,Supplier,SKU_E,0
160,W1,SKU_A,0
160,W1,SKU_B,0
160,W1,SKU_C,0
160,W1,SKU_D,0
160,W1,SKU_E,0
160,W2,SKU_A,0
160,W2,SKU_B,0
160,W2,SKU_C,0
160,W2,SKU_D,0
160,W2,SKU_E,1035
160,R1,SKU_A,0
160,R1,SKU_B,0
160,R1,SKU_C,397
160,R1,SKU_D,0
160,R1,SKU_E,0
160,R2,SKU_A,650
160,R2,SKU_B,0
160,R2,SKU_C,0
160,R2,SKU_D,68
160,R2,SKU_E,0
160,R3,SKU_A,0
160,R3,SKU_B,0
160,R3,SKU_C,0
160,R3,SKU_D,0
160,R3,SKU_E,0
161,Supplier,SKU_A,0
161,Supplier,SKU_B,0
161,Supplier,SKU_C,0
161,Supplier,SKU_D,0
161,Supplier,SKU_E,0
161,W1,SKU_A,650
161,W1,SKU_B,0
161,W1,SKU_C,0
161,W1,SKU_D,0
161,W1,SKU_E,0
161,W2,SKU_A,0
161,W2,SKU_B,0
161,W2,SKU_C,0
161,W2,SKU_D,0
161,W2,SKU_E,0
161,R1,SKU_A,735
161,R1,SKU_B,252
161,R1,SKU_C,0
161,R1,SKU_D,0
161,R1,SKU_E,0
161,R2,SKU_A,0
161,R2,SKU_B,351
161,R2,SKU_C,0
161,R2,SKU_D,68
161,R2,SKU_E,0
161,R3,SKU_A,1471
161,R3,SKU_B,0
161,R3,SKU_C,0
161,R3,SKU_D,0
161,R3,SKU_E,0
162,Supplier,SKU_A,0
162,Supplier,SKU_B,0
162,Supplier,SKU_C,0
162,Supplier,SKU_D,0
162,Supplier,SKU_E,0
162,W1,SKU_A,735
162,W1,SKU_B,1419
162,W1,SKU_C,0
162,W1,SKU_D,198
162,W1,SKU_E,0
162,W2,SKU_A,0
162,W2,SKU_B,0
162,W2,SKU_C,0
162,W2,SKU_D,0
162,W2,SKU_E,0
162,R1,SKU_A,0
162,R1,SKU_B,0
162,R1,SKU_C,283
162,R1,SKU_D,0
162,R1,SKU_E,0
162,R2,SKU_A,0
162,R2,SKU_B,0
162,R2,SKU_C,351
162,R2,SKU_D,0
162,R2,SKU_E,0
162,R3,SKU_A,0
162,R3,SKU_B,0
162,R3,SKU_C,0
162,R3,SKU_D,0
162,R3,SKU_E,0
163,Supplier,SKU_A,0
163,Supplier,SKU_B,0
163,Supplier,SKU_C,0
163,Supplier,SKU_D,0
163,Supplier,SKU_E,0
163,W1,SKU_A,0
163,W1,SKU_B,0
163,W1,SKU_C,1357
163,W1,SKU_D,0
163,W1,SKU_E,0
163,W2,SKU_A,0
163,W2,SKU_B,0
163,W2,SKU_C,0
163,W2,SKU_D,0
163,W2,SKU_E,0
163,R1,SKU_A,0
163,R1,SKU_B,0
163,R1,SKU_C,0
163,R1,SKU_D,0
163,R1,SKU_E,189
163,R2,SKU_A,0
163,R2,SKU_B,0
163,R2,SKU_C,0
163,R2,SKU_D,86
163,R2,SKU_E,0
163,R3,SKU_A,0
163,R3,SKU_B,306
163,R3,SKU_C,0
163,R3,SKU_D,0
163,R3,SKU_E,375
164,Supplier,SKU_A,0
164,Supplier,SKU_B,0
164,Supplier,SKU_C,0
164,Supplier,SKU_D,0
164,Supplier,SKU_E,0
164,W1,SKU_A,0
164,W1,SKU_B,0
164,W1,SKU_C,0
164,W1,SKU_D,0
164,W1,SKU_E,0
164,W2,SKU_A,0
164,W2,SKU_B,0
164,W2,SKU_C,0
164,W2,SKU_D,0
164,W2,SKU_E,0
164,R1,SKU_A,0
164,R1,SKU_B,0
164,R1,SKU_C,0
164,R1,SKU_D,0
164,R1,SKU_E,0
164,R2,SKU_A,0
164,R2,SKU_B,0
164,R2,SKU_C,0
164,R2,SKU_D,0
164,R2,SKU_E,0
164,R3,SKU_A,0
164,R3,SKU_B,0
164,R3,SKU_C,1069
164,R3,SKU_D,0
164,R3,SKU_E,0
165,Supplier,SKU_A,0
165,Supplier,SKU_B,0
165,Supplier,SKU_C,0
165,Supplier,SKU_D,0
165,Supplier,SKU_E,0
165,W1,SKU_A,0
165,W1,SKU_B,0
165,W1,SKU_C,0
165,W1,SKU_D,0
165,W1,SKU_E,0
165,W2,SKU_A,0
165,W2,SKU_B,0
165,W2,SKU_C,2102
165,W2,SKU_D,0
165,W2,SKU_E,0
165,R1,SKU_A,0
165,R1,SKU_B,203
165,R1,SKU_C,282
165,R1,SKU_D,0
165,R1,SKU_E,0
165,R2,SKU_A,0
165,R2,SKU_B,0
165,R2,SKU_C,0
165,R2,SKU_D,73
165,R2,SKU_E,0
165,R3,SKU_A,0
165,R3,SKU_B,0
165,R3,SKU_C,0
165,R3,SKU_D,0
165,R3,SKU_E,0
166,Supplier,SKU_A,0
166,Supplier,SKU_B,0
166,Supplier,SKU_C,0
166,Supplier,SKU_D,0
166,Supplier,SKU_E,0
166,W1,SKU_A,0
166,W1,SKU_B,0
166,W1,SKU_C,0
166,W1,SKU_D,0
166,W1,SKU_E,0
166,W2,SKU_A,0
166,W2,SKU_B,0
166,W2,SKU_C,0
166,W2,SKU_D,0
166,W2,SKU_E,0
166,R1,SKU_A,660
166,R1,SKU_B,0
166,R1,SKU_C,0
166,R1,SKU_D,602
166,R1,SKU_E,0
166,R2,SKU_A,700
166,R2,SKU_B,0
166,R2,SKU_C,0
166,R2,SKU_D,58
166,R2,SKU_E,491
166,R3,SKU_A,0
166,R3,SKU_B,0
166,R3,SKU_C,0
166,R3,SKU_D,0
166,R3,SKU_E,0
167,Supplier,SKU_A,0
167,Supplier,SKU_B,0
167,Supplier,SKU_C,0
167,Supplier,SKU_D,0
167,Supplier,SKU_E,0
167,W1,SKU_A,1360
167,W1,SKU_B,0
167,W1,SKU_C,0
167,W1,SKU_D,819
167,W1,SKU_E,890
167,W2,SKU_A,0
167,W2,SKU_B,0
167,W2,SKU_C,0
167,W2,SKU_D,0
167,W2,SKU_E,0
167,R1,SKU_A,0
167,R1,SKU_B,0
167,R1,SKU_C,291
167,R1,SKU_D,0
167,R1,SKU_E,0
167,R2,SKU_A,0
167,R2,SKU_B,357
167,R2,SKU_C,0
167,R2,SKU_D,45
167,R2,SKU_E,0
167,R3,SKU_A,0
167,R3,SKU_B,0
167,R3,SKU_C,0
167,R3,SKU_D,0
167,R3,SKU_E,330
168,Supplier,SKU_A,0
168,Supplier,SKU_B,0
168,Supplier,SKU_C,0
168,Supplier,SKU_D,0
168,Supplier,SKU_E,0
168,W1,SKU_A,0
168,W1,SKU_B,0
168,W1,SKU_C,0
168,W1,SKU_D,0
168,W1,SKU_E,0
168,W2,SKU_A,0
168,W2,SKU_B,0
168,W2,SKU_C,0
168,W2,SKU_D,0
168,W2,SKU_E,0
168,R1,SKU_A,0
168,R1,SKU_B,224
168,R1,SKU_C,0
168,R1,SKU_D,0
168,R1,SKU_E,201
168,R2,SKU_A,0
168,R2,SKU_B,0
168,R2,SKU_C,360
168,R2,SKU_D,58
168,R2,SKU_E,0
168,R3,SKU_A,1484
168,R3,SKU_B,358
168,R3,SKU_C,0
168,R3,SKU_D,957
168,R3,SKU_E,0
169,Supplier,SKU_A,0
169,Supplier,SKU_B,0
169,Supplier,SKU_C,0
169,Supplier,SKU_D,0
169,Supplier,SKU_E,0
169,W1,SKU_A,0
169,W1,SKU_B,0
169,W1,SKU_C,933
169,W1,SKU_D,0
169,W1,SKU_E,0
169,W2,SKU_A,2955
169,W2,SKU_B,1568
169,W2,SKU_C,0
169,W2,SKU_D,1912
169,W2,SKU_E,0
169,R1,SKU_A,607
169,R1,SKU_B,0
169,R1,SKU_C,324
169,R1,SKU_D,0
169,R1,SKU_E,0
169,R2,SKU_A,0
169,R2,SKU_B,0
169,R2,SKU_C,0
169,R2,SKU_D,71
169,R2,SKU_E,0
169,R3,SKU_A,0
169,R3,SKU_B,0
169,R3,SKU_C,0
169,R3,SKU_D,0
169,R3,SKU_E,0
170,Supplier,SKU_A,0
170,Supplier,SKU_B,0
170,Supplier,SKU_C,0
170,Supplier,SKU_D,0
170,Supplier,SKU_E,0
170,W1,SKU_A,607
170,W1,SKU_B,0
170,W1,SKU_C,0
170,W1,SKU_D,174
170,W1,SKU_E,0
170,W2,SKU_A,0
170,W2,SKU_B,0
170,W2,SKU_C,0
170,W2,SKU_D,0
170,W2,SKU_E,0
170,R1,SKU_A,0
170,R1,SKU_B,0
170,R1,SKU_C,0
170,R1,SKU_D,0
170,R1,SKU_E,0
170,R2,SKU_A,0
170,R2,SKU_B,0
170,R2,SKU_C,0
170,R2,SKU_D,46
170,R2,SKU_E,0
170,R3,SKU_A,0
170,R3,SKU_B,0
170,R3,SKU_C,0
170,R3,SKU_D,0
170,R3,SKU_E,0
171,Supplier,SKU_A,0
171,Supplier,SKU_B,0
171,Supplier,SKU_C,0
171,Supplier,SKU_D,0
171,Supplier,SKU_E,0
171,W1,SKU_A,0
171,W1,SKU_B,0
171,W1,SKU_C,0
171,W1,SKU_D,0
171,W1,SKU_E,0
171,W2,SKU_A,0
171,W2,SKU_B,0
171,W2,SKU_C,0
171,W2,SKU_D,0
171,W2,SKU_E,0
171,R1,SKU_A,0
171,R1,SKU_B,0
171,R1,SKU_C,0
171,R1,SKU_D,0
171,R1,SKU_E,0
171,R2,SKU_A,0
171,R2,SKU_B,0
171,R2,SKU_C,0
171,R2,SKU_D,61
171,R2,SKU_E,0
171,R3,SKU_A,0
171,R3,SKU_B,0
171,R3,SKU_C,0
171,R3,SKU_D,0
171,R3,SKU_E,379
172,Supplier,SKU_A,0
172,Supplier,SKU_B,0
172,Supplier,SKU_C,0
172,Supplier,SKU_D,0
172,Supplier,SKU_E,0
172,W1,SKU_A,0
172,W1,SKU_B,0
172,W1,SKU_C,0
172,W1,SKU_D,0
172,W1,SKU_E,0
172,W2,SKU_A,0
172,W2,SKU_B,0
172,W2,SKU_C,0
172,W2,SKU_D,0
172,W2,SKU_E,1084
172,R1,SKU_A,0
172,R1,SKU_B,229
172,R1,SKU_C,280
172,R1,SKU_D,0
172,R1,SKU_E,178
172,R2,SKU_A,681
172,R2,SKU_B,0
172,R2,SKU_C,0
172,R2,SKU_D,48
172,R2,SKU_E,0
172,R3,SKU_A,0
172,R3,SKU_B,0
172,R3,SKU_C,0
172,R3,SKU_D,0
172,R3,SKU_E,0
173,Supplier,SKU_A,0
173,Supplier,SKU_B,0
173,Supplier,SKU_C,0
173,Supplier,SKU_D,0
173,Supplier,SKU_E,0
173,W1,SKU_A,681
173,W1,SKU_B,0
173,W1,SKU_C,0
173,W1,SKU_D,0
173,W1,SKU_E,0
173,W2,SKU_A,0
173,W2,SKU_B,0
173,W2,SKU_C,0
173,W2,SKU_D,0
173,W2,SKU_E,0
173,R1,SKU_A,0
173,R1,SKU_B,0
173,R1,SKU_C,0
173,R1,SKU_D,515
173,R1,SKU_E,0
173,R2,SKU_A,0
173,R2,SKU_B,381
173,R2,SKU_C,0
173,R2,SKU_D,61
173,R2,SKU_E,0
173,R3,SKU_A,0
173,R3,SKU_B,288
173,R3,SKU_C,1110
173,R3,SKU_D,0
173,R3,SKU_E,0
174,Supplier,SKU_A,0
174,Supplier,SKU_B,0
174,Supplier,SKU_C,0
174,Supplier,SKU_D,0
174,Supplier,SKU_E,0
174,W1,SKU_A,0
174,W1,SKU_B,1394
174,W1,SKU_C,0
174,W1,SKU_D,731
174,W1,SKU_E,0
174,W2,SKU_A,0
174,W2,SKU_B,0
174,W2,SKU_C,0
174,W2,SKU_D,0
174,W2,SKU_E,0
174,R1,SKU_A,756
174,R1,SKU_B,0
174,R1,SKU_C,271
174,R1,SKU_D,0
174,R1,SKU_E,0
174,R2,SKU_A,0
174,R2,SKU_B,0
174,R2,SKU_C,393
174,R2,SKU_D,57
174,R2,SKU_E,0
174,R3,SKU_A,0
174,R3,SKU_B,0
174,R3,SKU_C,0
174,R3,SKU_D,0
174,R3,SKU_E,0
175,Supplier,SKU_A,0
175,Supplier,SKU_B,0
175,Supplier,SKU_C,0
175,Supplier,SKU_D,0
175,Supplier,SKU_E,0
175,W1,SKU_A,756
175,W1,SKU_B,0
175,W1,SKU_C,1268
175,W1,SKU_D,0
175,W1,SKU_E,0
175,W2,SKU_A,0
175,W2,SKU_B,0
175,W2,SKU_C,0
175,W2,SKU_D,0
175,W2,SKU_E,0
175,R1,SKU_A,0
175,R1,SKU_B,226
175,R1,SKU_C,0
175,R1,SKU_D,0
175,R1,SKU_E,0
175,R2,SKU_A,0
175,R2,SKU_B,0
175,R2,SKU_C,0
175,R2,SKU_D,60
175,R2,SKU_E,488
175,R3,SKU_A,1491
175,R3,SKU_B,0
175,R3,SKU_C,0
175,R3,SKU_D,0
175,R3,SKU_E,404
176,Supplier,SKU_A,0
176,Supplier,SKU_B,0
176,Supplier,SKU_C,0
176,Supplier,SKU_D,0
176,Supplier,SKU_E,0
176,W1,SKU_A,0
176,W1,SKU_B,0
176,W1,SKU_C,0
176,W1,SKU_D,0
176,W1,SKU_E,867
176,W2,SKU_A,0
176,W2,SKU_B,0
176,W2,SKU_C,0
176,W2,SKU_D,0
176,W2,SKU_E,0
176,R1,SKU_A,0
176,R1,SKU_B,0
176,R1,SKU_C,0
176,R1,SKU_D,0
176,R1,SKU_E,178
176,R2,SKU_A,0
176,R2,SKU_B,0
176,R2,SKU_C,0
176,R2,SKU_D,0
176,R2,SKU_E,0
176,R3,SKU_A,0
176,R3,SKU_B,0
176,R3,SKU_C,0
176,R3,SKU_D,0
176,R3,SKU_E,0
177,Supplier,SKU_A,0
177,Supplier,SKU_B,0
177,Supplier,SKU_C,0
177,Supplier,SKU_D,0
177,Supplier,SKU_E,0
177,W1,SKU_A,0
177,W1,SKU_B,0
177,W1,SKU_C,0
177,W1,SKU_D,0
177,W1,SKU_E,0
177,W2,SKU_A,0
177,W2,SKU_B,0
177,W2,SKU_C,0
177,W2,SKU_D,0
177,W2,SKU_E,0
177,R1,SKU_A,0
177,R1,SKU_B,0
177,R1,SKU_C,270
177,R1,SKU_D,0
177,R1,SKU_E,0
177,R2,SKU_A,0
177,R2,SKU_B,0
177,R2,SKU_C,0
177,R2,SKU_D,62
177,R2,SKU_E,0
177,R3,SKU_A,0
177,R3,SKU_B,0
177,R3,SKU_C,0
177,R3,SKU_D,0
177,R3,SKU_E,0
178,Supplier,SKU_A,0
178,Supplier,SKU_B,0
178,Supplier,SKU_C,0
178,Supplier,SKU_D,0
178,Supplier,SKU_E,0
178,W1,SKU_A,0
178,W1,SKU_B,0
178,W1,SKU_C,0
178,W1,SKU_D,179
178,W1,SKU_E,0
178,W2,SKU_A,0
178,W2,SKU_B,0
178,W2,SKU_C,0
178,W2,SKU_D,0
178,W2,SKU_E,0
178,R1,SKU_A,0
178,R1,SKU_B,0
178,R1,SKU_C,0
178,R1,SKU_D,0
178,R1,SKU_E,0
178,R2,SKU_A,0
178,R2,SKU_B,0
178,R2,SKU_C,0
178,R2,SKU_D,0
178,R2,SKU_E,0
178,R3,SKU_A,0
178,R3,SKU_B,321
178,R3,SKU_C,0
178,R3,SKU_D,945
178,R3,SKU_E,0
179,Supplier,SKU_A,0
179,Supplier,SKU_B,0
179,Supplier,SKU_C,0
179,Supplier,SKU_D,0
179,Supplier,SKU_E,0
179,W1,SKU_A,0
179,W1,SKU_B,0
179,W1,SKU_C,0
179,W1,SKU_D,0
179,W1,SKU_E,0
179,W2,SKU_A,0
179,W2,SKU_B,0
179,W2,SKU_C,0
179,W2,SKU_D,0
179,W2,SKU_E,0
179,R1,SKU_A,655
179,R1,SKU_B,208
179,R1,SKU_C,0
179,R1,SKU_D,0
179,R1,SKU_E,0
179,R2,SKU_A,683
179,R2,SKU_B,0
179,R2,SKU_C,0
179,R2,SKU_D,77
179,R2,SKU_E,0
179,R3,SKU_A,0
179,R3,SKU_B,0
179,R3,SKU_C,0
179,R3,SKU_D,0
179,R3,SKU_E,0
180,Supplier,SKU_A,0
180,Supplier,SKU_B,0
180,Supplier,SKU_C,0
180,Supplier,SKU_D,0
180,Supplier,SKU_E,0
180,W1,SKU_A,1338
180,W1,SKU_B,0
180,W1,SKU_C,0
180,W1,SKU_D,0
180,W1,SKU_E,0
180,W2,SKU_A,0
180,W2,SKU_B,0
180,W2,SKU_C,0
180,W2,SKU_D,0
180,W2,SKU_E,0
180,R1,SKU_A,0
180,R1,SKU_B,0
180,R1,SKU_C,283
180,R1,SKU_D,0
180,R1,SKU_E,174
180,R2,SKU_A,0
180,R2,SKU_B,376
180,R2,SKU_C,0
180,R2,SKU_D,0
180,R2,SKU_E,0
180,R3,SKU_A,0
180,R3,SKU_B,0
180,R3,SKU_C,0
180,R3,SKU_D,0
180,R3,SKU_E,382
181,Supplier,SKU_A,0
181,Supplier,SKU_B,0
181,Supplier,SKU_C,0
181,Supplier,SKU_D,0
181,Supplier,SKU_E,0
181,W1,SKU_A,0
181,W1,SKU_B,0
181,W1,SKU_C,0
181,W1,SKU_D,0
181,W1,SKU_E,0
181,W2,SKU_A,0
181,W2,SKU_B,0
181,W2,SKU_C,0
181,W2,SKU_D,0
181,W2,SKU_E,0
181,R1,SKU_A,0
181,R1,SKU_B,0
181,R1,SKU_C,0
181,R1,SKU_D,531
181,R1,SKU_E,0
181,R2,SKU_A,0
181,R2,SKU_B,0
181,R2,SKU_C,388
181,R2,SKU_D,99
181,R2,SKU_E,0
181,R3,SKU_A,0
181,R3,SKU_B,0
181,R3,SKU_C,0
181,R3,SKU_D,0
181,R3,SKU_E,0
182,Supplier,SKU_A,0
182,Supplier,SKU_B,0
182,Supplier,SKU_C,0
182,Supplier,SKU_D,0
182,Supplier,SKU_E,0
182,W1,SKU_A,0
182,W1,SKU_B,0
182,W1,SKU_C,941
182,W1,SKU_D,707
182,W1,SKU_E,0
182,W2,SKU_A,0
182,W2,SKU_B,0
182,W2,SKU_C,0
182,W2,SKU_D,0
182,W2,SKU_E,0
182,R1,SKU_A,0
182,R1,SKU_B,260
182,R1,SKU_C,0
182,R1,SKU_D,0
182,R1,SKU_E,0
182,R2,SKU_A,0
182,R2,SKU_B,0
182,R2,SKU_C,0
182,R2,SKU_D,53
182,R2,SKU_E,0
182,R3,SKU_A,0
182,R3,SKU_B,0
182,R3,SKU_C,0
182,R3,SKU_D,0
182,R3,SKU_E,0
183,Supplier,SKU_A,0
183,Supplier,SKU_B,0
183,Supplier,SKU_C,0
183,Supplier,SKU_D,0
183,Supplier,SKU_E,0
183,W1,SKU_A,0
183,W1,SKU_B,0
183,W1,SKU_C,0
183,W1,SKU_D,0
183,W1,SKU_E,0
183,W2,SKU_A,0
183,W2,SKU_B,0
183,W2,SKU_C,0
183,W2,SKU_D,0
183,W2,SKU_E,0
183,R1,SKU_A,634
183,R1,SKU_B,0
183,R1,SKU_C,340
183,R1,SKU_D,0
183,R1,SKU_E,0
183,R2,SKU_A,0
183,R2,SKU_B,0
183,R2,SKU_C,0
183,R2,SKU_D,50
183,R2,SKU_E,0
183,R3,SKU_A,1433
183,R3,SKU_B,300
183,R3,SKU_C,1063
183,R3,SKU_D,0
183,R3,SKU_E,0
184,Supplier,SKU_A,0
184,Supplier,SKU_B,0
184,Supplier,SKU_C,0
184,Supplier,SKU_D,0
184,Supplier,SKU_E,0
184,W1,SKU_A,634
184,W1,SKU_B,0
184,W1,SKU_C,0
184,W1,SKU_D,0
184,W1,SKU_E,0
184,W2,SKU_A,2924
184,W2,SKU_B,0
184,W2,SKU_C,2173
184,W2,SKU_D,0
184,W2,SKU_E,0
184,R1,SKU_A,0
184,R1,SKU_B,0
184,R1,SKU_C,0
184,R1,SKU_D,0
184,R1,SKU_E,169
184,R2,SKU_A,0
184,R2,SKU_B,0
184,R2,SKU_C,0
184,R2,SKU_D,0
184,R2,SKU_E,0
184,R3,SKU_A,0
184,R3,SKU_B,0
184,R3,SKU_C,0
184,R3,SKU_D,0
184,R3,SKU_E,0
185,Supplier,SKU_A,0
185,Supplier,SKU_B,0
185,Supplier,SKU_C,0
185,Supplier,SKU_D,0
185,Supplier,SKU_E,0
185,W1,SKU_A,0
185,W1,SKU_B,0
185,W1,SKU_C,0
185,W1,SKU_D,0
185,W1,SKU_E,0
185,W2,SKU_A,0
185,W2,SKU_B,0
185,W2,SKU_C,0
185,W2,SKU_D,0
185,W2,SKU_E,0
185,R1,SKU_A,0
185,R1,SKU_B,0
185,R1,SKU_C,0
185,R1,SKU_D,0
185,R1,SKU_E,0
185,R2,SKU_A,612
185,R2,SKU_B,0
185,R2,SKU_C,0
185,R2,SKU_D,81
185,R2,SKU_E,0
185,R3,SKU_A,0
185,R3,SKU_B,0
185,R3,SKU_C,0
185,R3,SKU_D,0
185,R3,SKU_E,387
186,Supplier,SKU_A,0
186,Supplier,SKU_B,0
186,Supplier,SKU_C,0
186,Supplier,SKU_D,0
186,Supplier,SKU_E,0
186,W1,SKU_A,612
186,W1,SKU_B,0
186,W1,SKU_C,0
186,W1,SKU_D,184
186,W1,SKU_E,0
186,W2,SKU_A,0
186,W2,SKU_B,0
186,W2,SKU_C,0
186,W2,SKU_D,0
186,W2,SKU_E,1173
186,R1,SKU_A,0
186,R1,SKU_B,189
186,R1,SKU_C,281
186,R1,SKU_D,0
186,R1,SKU_E,0
186,R2,SKU_A,0
186,R2,SKU_B,0
186,R2,SKU_C,0
186,R2,SKU_D,59
186,R2,SKU_E,469
186,R3,SKU_A,0
186,R3,SKU_B,0
186,R3,SKU_C,0
186,R3,SKU_D,0
186,R3,SKU_E,0
187,Supplier,SKU_A,0
187,Supplier,SKU_B,0
187,Supplier,SKU_C,0
187,Supplier,SKU_D,0
187,Supplier,SKU_E,0
187,W1,SKU_A,0
187,W1,SKU_B,1259
187,W1,SKU_C,0
187,W1,SKU_D,0
187,W1,SKU_E,990
187,W2,SKU_A,0
187,W2,SKU_B,0
187,W2,SKU_C,0
187,W2,SKU_D,0
187,W2,SKU_E,0
187,R1,SKU_A,602
187,R1,SKU_B,0
187,R1,SKU_C,0
187,R1,SKU_D,0
187,R1,SKU_E,0
187,R2,SKU_A,0
187,R2,SKU_B,348
187,R2,SKU_C,0
187,R2,SKU_D,66
187,R2,SKU_E,0
187,R3,SKU_A,0
187,R3,SKU_B,0
187,R3,SKU_C,0
187,R3,SKU_D,896
187,R3,SKU_E,0
188,Supplier,SKU_A,0
188,Supplier,SKU_B,0
188,Supplier,SKU_C,0
188,Supplier,SKU_D,0
188,Supplier,SKU_E,0
188,W1,SKU_A,602
188,W1,SKU_B,0
188,W1,SKU_C,0
188,W1,SKU_D,0
188,W1,SKU_E,0
188,W2,SKU_A,0
188,W2,SKU_B,0
188,W2,SKU_C,0
188,W2,SKU_D,1841
188,W2,SKU_E,0
188,R1,SKU_A,0
188,R1,SKU_B,210
188,R1,SKU_C,301
188,R1,SKU_D,537
188,R1,SKU_E,185
188,R2,SKU_A,0
188,R2,SKU_B,0
188,R2,SKU_C,402
188,R2,SKU_D,84
188,R2,SKU_E,0
188,R3,SKU_A,0
188,R3,SKU_B,329
188,R3,SKU_C,0
188,R3,SKU_D,0
188,R3,SKU_E,0
189,Supplier,SKU_A,0
189,Supplier,SKU_B,0
189,Supplier,SKU_C,0
189,Supplier,SKU_D,0
189,Supplier,SKU_E,0
189,W1,SKU_A,0
189,W1,SKU_B,0
189,W1,SKU_C,1324
189,W1,SKU_D,746
189,W1,SKU_E,0
189,W2,SKU_A,0
189,W2,SKU_B,0
189,W2,SKU_C,0
189,W2,SKU_D,0
189,W2,SKU_E,0
189,R1,SKU_A,0
189,R1,SKU_B,0
189,R1,SKU_C,0
189,R1,SKU_D,0
189,R1,SKU_E,0
189,R2,SKU_A,0
189,R2,SKU_B,0
189,R2,SKU_C,0
189,R2,SKU_D,53
189,R2,SKU_E,0
189,R3,SKU_A,0
189,R3,SKU_B,0
189,R3,SKU_C,0
189,R3,SKU_D,0
189,R3,SKU_E,358
190,Supplier,SKU_A,0
190,Supplier,SKU_B,0
190,Supplier,SKU_C,0
190,Supplier,SKU_D,0
190,Supplier,SKU_E,0
190,W1,SKU_A,0
190,W1,SKU_B,0
190,W1,SKU_C,0
190,W1,SKU_D,0
190,W1,SKU_E,0
190,W2,SKU_A,0
190,W2,SKU_B,0
190,W2,SKU_C,0
190,W2,SKU_D,0
190,W2,SKU_E,0
190,R1,SKU_A,0
190,R1,SKU_B,0
190,R1,SKU_C,0
190,R1,SKU_D,0
190,R1,SKU_E,0
190,R2,SKU_A,610
190,R2,SKU_B,0
190,R2,SKU_C,0
190,R2,SKU_D,0
190,R2,SKU_E,0
190,R3,SKU_A,0
190,R3,SKU_B,0
190,R3,SKU_C,0
190,R3,SKU_D,0
190,R3,SKU_E,0
191,Supplier,SKU_A,0
191,Supplier,SKU_B,0
191,Supplier,SKU_C,0
191,Supplier,SKU_D,0
191,Supplier,SKU_E,0
191,W1,SKU_A,610
191,W1,SKU_B,0
191,W1,SKU_C,0
191,W1,SKU_D,0
191,W1,SKU_E,0
191,W2,SKU_A,0
191,W2,SKU_B,0
191,W2,SKU_C,0
191,W2,SKU_D,0
191,W2,SKU_E,0
191,R1,SKU_A,627
191,R1,SKU_B,189
191,R1,SKU_C,0
191,R1,SKU_D,0
191,R1,SKU_E,0
191,R2,SKU_A,0
191,R2,SKU_B,0
191,R2,SKU_C,0
191,R2,SKU_D,83
191,R2,SKU_E,0
191,R3,SKU_A,1573
191,R3,SKU_B,0
191,R3,SKU_C,0
191,R3,SKU_D,0
191,R3,SKU_E,0
192,Supplier,SKU_A,0
192,Supplier,SKU_B,0
192,Supplier,SKU_C,0
192,Supplier,SKU_D,0
192,Supplier,SKU_E,0
192,W1,SKU_A,627
192,W1,SKU_B,0
192,W1,SKU_C,0
192,W1,SKU_D,0
192,W1,SKU_E,0
192,W2,SKU_A,0
192,W2,SKU_B,0
192,W2,SKU_C,0
192,W2,SKU_D,0
192,W2,SKU_E,0
192,R1,SKU_A,0
192,R1,SKU_B,0
192,R1,SKU_C,288
192,R1,SKU_D,0
192,R1,SKU_E,180
192,R2,SKU_A,0
192,R2,SKU_B,0
192,R2,SKU_C,0
192,R2,SKU_D,52
192,R2,SKU_E,0
192,R3,SKU_A,0
192,R3,SKU_B,0
192,R3,SKU_C,0
192,R3,SKU_D,0
192,R3,SKU_E,0
193,Supplier,SKU_A,0
193,Supplier,SKU_B,0
193,Supplier,SKU_C,0
193,Supplier,SKU_D,0
193,Supplier,SKU_E,0
193,W1,SKU_A,0
193,W1,SKU_B,0
193,W1,SKU_C,0
193,W1,SKU_D,188
193,W1,SKU_E,0
193,W2,SKU_A,0
193,W2,SKU_B,0
193,W2,SKU_C,0
193,W2,SKU_D,0
193,W2,SKU_E,0
193,R1,SKU_A,0
193,R1,SKU_B,0
193,R1,SKU_C,0
193,R1,SKU_D,0
193,R1,SKU_E,0
193,R2,SKU_A,0
193,R2,SKU_B,0
193,R2,SKU_C,0
193,R2,SKU_D,63
193,R2,SKU_E,0
193,R3,SKU_A,0
193,R3,SKU_B,0
193,R3,SKU_C,0
193,R3,SKU_D,0
193,R3,SKU_E,0
194,Supplier,SKU_A,0
194,Supplier,SKU_B,0
194,Supplier,SKU_C,0
194,Supplier,SKU_D,0
194,Supplier,SKU_E,0
194,W1,SKU_A,0
194,W1,SKU_B,0
194,W1,SKU_C,0
194,W1,SKU_D,0
194,W1,SKU_E,0
194,W2,SKU_A,0
194,W2,SKU_B,0
194,W2,SKU_C,0
194,W2,SKU_D,0
194,W2,SKU_E,0
194,R1,SKU_A,0
194,R1,SKU_B,0
194,R1,SKU_C,0
194,R1,SKU_D,0
194,R1,SKU_E,0
194,R2,SKU_A,0
194,R2,SKU_B,0
194,R2,SKU_C,0
194,R2,SKU_D,48
194,R2,SKU_E,0
194,R3,SKU_A,0
194,R3,SKU_B,314
194,R3,SKU_C,0
194,R3,SKU_D,0
194,R3,SKU_E,411
195,Supplier,SKU_A,0
195,Supplier,SKU_B,0
195,Supplier,SKU_C,0
195,Supplier,SKU_D,0
195,Supplier,SKU_E,0
195,W1,SKU_A,0
195,W1,SKU_B,0
195,W1,SKU_C,0
195,W1,SKU_D,0
195,W1,SKU_E,0
195,W2,SKU_A,0
195,W2,SKU_B,1552
195,W2,SKU_C,0
195,W2,SKU_D,0
195,W2,SKU_E,0
195,R1,SKU_A,618
195,R1,SKU_B,266
195,R1,SKU_C,329
195,R1,SKU_D,0
195,R1,SKU_E,0
195,R2,SKU_A,0
195,R2,SKU_B,398
195,R2,SKU_C,356
195,R2,SKU_D,65
195,R2,SKU_E,475
195,R3,SKU_A,0
195,R3,SKU_B,0
195,R3,SKU_C,1113
195,R3,SKU_D,0
195,R3,SKU_E,0
196,Supplier,SKU_A,0
196,Supplier,SKU_B,0
196,Supplier,SKU_C,0
196,Supplier,SKU_D,0
196,Supplier,SKU_E,0
196,W1,SKU_A,618
196,W1,SKU_B,1411
196,W1,SKU_C,973
196,W1,SKU_D,176
196,W1,SKU_E,840
196,W2,SKU_A,0
196,W2,SKU_B,0
196,W2,SKU_C,0
196,W2,SKU_D,0
196,W2,SKU_E,0
196,R1,SKU_A,0
196,R1,SKU_B,0
196,R1,SKU_C,0
196,R1,SKU_D,0
196,R1,SKU_E,211
196,R2,SKU_A,615
196,R2,SKU_B,0
196,R2,SKU_C,0
196,R2,SKU_D,74
196,R2,SKU_E,0
196,R3,SKU_A,0
196,R3,SKU_B,0
196,R3,SKU_C,0
196,R3,SKU_D,0
196,R3,SKU_E,0
197,Supplier,SKU_A,0
197,Supplier,SKU_B,0
197,Supplier,SKU_C,0
197,Supplier,SKU_D,0
197,Supplier,SKU_E,0
197,W1,SKU_A,615
197,W1,SKU_B,0
197,W1,SKU_C,0
197,W1,SKU_D,0
197,W1,SKU_E,0
197,W2,SKU_A,0
197,W2,SKU_B,0
197,W2,SKU_C,0
197,W2,SKU_D,0
197,W2,SKU_E,0
197,R1,SKU_A,0
197,R1,SKU_B,0
197,R1,SKU_C,0
197,R1,SKU_D,553
197,R1,SKU_E,0
197,R2,SKU_A,0
197,R2,SKU_B,0
197,R2,SKU_C,0
197,R2,SKU_D,0
197,R2,SKU_E,0
197,R3,SKU_A,0
197,R3,SKU_B,0
197,R3,SKU_C,0
197,R3,SKU_D,874
197,R3,SKU_E,0
198,Supplier,SKU_A,0
198,Supplier,SKU_B,0
198,Supplier,SKU_C,0
198,Supplier,SKU_D,0
198,Supplier,SKU_E,0
198,W1,SKU_A,0
198,W1,SKU_B,0
198,W1,SKU_C,0
198,W1,SKU_D,627
198,W1,SKU_E,0
198,W2,SKU_A,0
198,W2,SKU_B,0
198,W2,SKU_C,0
198,W2,SKU_D,0
198,W2,SKU_E,0
198,R1,SKU_A,0
198,R1,SKU_B,0
198,R1,SKU_C,284
198,R1,SKU_D,0
198,R1,SKU_E,0
198,R2,SKU_A,0
198,R2,SKU_B,0
198,R2,SKU_C,0
198,R2,SKU_D,84
198,R2,SKU_E,0
198,R3,SKU_A,0
198,R3,SKU_B,0
198,R3,SKU_C,0
198,R3,SKU_D,0
198,R3,SKU_E,362
199,Supplier,SKU_A,0
199,Supplier,SKU_B,0
199,Supplier,SKU_C,0
199,Supplier,SKU_D,0
199,Supplier,SKU_E,0
199,W1,SKU_A,0
199,W1,SKU_B,0
199,W1,SKU_C,0
199,W1,SKU_D,0
199,W1,SKU_E,0
199,W2,SKU_A,0
199,W2,SKU_B,0
199,W2,SKU_C,0
199,W2,SKU_D,0
199,W2,SKU_E,1131
199,R1,SKU_A,591
199,R1,SKU_B,222
199,R1,SKU_C,0
199,R1,SKU_D,0
199,R1,SKU_E,0
199,R2,SKU_A,0
199,R2,SKU_B,0
199,R2,SKU_C,0
199,R2,SKU_D,49
199,R2,SKU_E,0
199,R3,SKU_A,1425
199,R3,SKU_B,0
199,R3,SKU_C,0
199,R3,SKU_D,0
199,R3,SKU_E,0
200,Supplier,SKU_A,0
200,Supplier,SKU_B,0
200,Supplier,SKU_C,0
200,Supplier,SKU_D,0
200,Supplier,SKU_E,0
200,W1,SKU_A,591
200,W1,SKU_B,0
200,W1,SKU_C,0
200,W1,SKU_D,0
200,W1,SKU_E,0
200,W2,SKU_A,2998
200,W2,SKU_B,0
200,W2,SKU_C,0
200,W2,SKU_D,0
200,W2,SKU_E,0
200,R1,SKU_A,0
200,R1,SKU_B,0
200,R1,SKU_C,0
200,R1,SKU_D,0
200,R1,SKU_E,0
200,R2,SKU_A,0
200,R2,SKU_B,0
200,R2,SKU_C,0
200,R2,SKU_D,53
200,R2,SKU_E,0
200,R3,SKU_A,0
200,R3,SKU_B,305
200,R3,SKU_C,0
200,R3,SKU_D,0
200,R3,SKU_E,0
201,Supplier,SKU_A,0
201,Supplier,SKU_B,0
201,Supplier,SKU_C,0
201,Supplier,SKU_D,0
201,Supplier,SKU_E,0
201,W1,SKU_A,0
201,W1,SKU_B,0
201,W1,SKU_C,0
201,W1,SKU_D,186
201,W1,SKU_E,0
201,W2,SKU_A,0
201,W2,SKU_B,0
201,W2,SKU_C,0
201,W2,SKU_D,0
201,W2,SKU_E,0
201,R1,SKU_A,0
201,R1,SKU_B,0
201,R1,SKU_C,0
201,R1,SKU_D,0
201,R1,SKU_E,213
201,R2,SKU_A,0
201,R2,SKU_B,0
201,R2,SKU_C,0
201,R2,SKU_D,46
201,R2,SKU_E,0
201,R3,SKU_A,0
201,R3,SKU_B,0
201,R3,SKU_C,0
201,R3,SKU_D,0
201,R3,SKU_E,0
202,Supplier,SKU_A,0
202,Supplier,SKU_B,0
202,Supplier,SKU_C,0
202,Supplier,SKU_D,0
202,Supplier,SKU_E,0
202,W1,SKU_A,0
202,W1,SKU_B,0
202,W1,SKU_C,0
202,W1,SKU_D,0
202,W1,SKU_E,0
202,W2,SKU_A,0
202,W2,SKU_B,0
202,W2,SKU_C,0
202,W2,SKU_D,0
202,W2,SKU_E,0
202,R1,SKU_A,0
202,R1,SKU_B,195
202,R1,SKU_C,423
202,R1,SKU_D,0
202,R1,SKU_E,0
202,R2,SKU_A,0
202,R2,SKU_B,0
202,R2,SKU_C,348
202,R2,SKU_D,53
202,R2,SKU_E,0
202,R3,SKU_A,0
202,R3,SKU_B,0
202,R3,SKU_C,0
202,R3,SKU_D,0
202,R3,SKU_E,353
203,Supplier,SKU_A,0
203,Supplier,SKU_B,0
203,Supplier,SKU_C,0
203,Supplier,SKU_D,0
203,Supplier,SKU_E,0
203,W1,SKU_A,0
203,W1,SKU_B,0
203,W1,SKU_C,1055
203,W1,SKU_D,0
203,W1,SKU_E,0
203,W2,SKU_A,0
203,W2,SKU_B,0
203,W2,SKU_C,0
203,W2,SKU_D,0
203,W2,SKU_E,0
203,R1,SKU_A,670
203,R1,SKU_B,0
203,R1,SKU_C,0
203,R1,SKU_D,0
203,R1,SKU_E,0
203,R2,SKU_A,719
203,R2,SKU_B,405
203,R2,SKU_C,0
203,R2,SKU_D,71
203,R2,SKU_E,0
203,R3,SKU_A,0
203,R3,SKU_B,0
203,R3,SKU_C,0
203,R3,SKU_D,0
203,R3,SKU_E,0
204,Supplier,SKU_A,0
204,Supplier,SKU_B,0
204,Supplier,SKU_C,0
204,Supplier,SKU_D,0
204,Supplier,SKU_E,0
204,W1,SKU_A,1389
204,W1,SKU_B,0
204,W1,SKU_C,0
204,W1,SKU_D,170
204,W1,SKU_E,0
204,W2,SKU_A,0
204,W2,SKU_B,0
204,W2,SKU_C,0
204,W2,SKU_D,0
204,W2,SKU_E,0
204,R1,SKU_A,0
204,R1,SKU_B,0
204,R1,SKU_C,0
204,R1,SKU_D,0
204,R1,SKU_E,177
204,R2,SKU_A,0
204,R2,SKU_B,0
204,R2,SKU_C,0
204,R2,SKU_D,61
204,R2,SKU_E,0
204,R3,SKU_A,0
204,R3,SKU_B,0
204,R3,SKU_C,0
204,R3,SKU_D,0
204,R3,SKU_E,0
205,Supplier,SKU_A,0
205,Supplier,SKU_B,0
205,Supplier,SKU_C,0
205,Supplier,SKU_D,0
205,Supplier,SKU_E,0
205,W1,SKU_A,0
205,W1,SKU_B,0
205,W1,SKU_C,0
205,W1,SKU_D,0
205,W1,SKU_E,0
205,W2,SKU_A,0
205,W2,SKU_B,0
205,W2,SKU_C,0
205,W2,SKU_D,0
205,W2,SKU_E,0
205,R1,SKU_A,0
205,R1,SKU_B,0
205,R1,SKU_C,283
205,R1,SKU_D,0
205,R1,SKU_E,0
205,R2,SKU_A,0
205,R2,SKU_B,0
205,R2,SKU_C,0
205,R2,SKU_D,0
205,R2,SKU_E,479
205,R3,SKU_A,0
205,R3,SKU_B,287
205,R3,SKU_C,0
205,R3,SKU_D,0
205,R3,SKU_E,0
206,Supplier,SKU_A,0
206,Supplier,SKU_B,0
206,Supplier,SKU_C,0
206,Supplier,SKU_D,0
206,Supplier,SKU_E,0
206,W1,SKU_A,0
206,W1,SKU_B,0
206,W1,SKU_C,0
206,W1,SKU_D,0
206,W1,SKU_E,1080
206,W2,SKU_A,0
206,W2,SKU_B,0
206,W2,SKU_C,0
206,W2,SKU_D,0
206,W2,SKU_E,0
206,R1,SKU_A,0
206,R1,SKU_B,219
206,R1,SKU_C,0
206,R1,SKU_D,543
206,R1,SKU_E,0
206,R2,SKU_A,0
206,R2,SKU_B,0
206,R2,SKU_C,0
206,R2,SKU_D,63
206,R2,SKU_E,0
206,R3,SKU_A,0
206,R3,SKU_B,0
206,R3,SKU_C,1035
206,R3,SKU_D,0
206,R3,SKU_E,320
207,Supplier,SKU_A,0
207,Supplier,SKU_B,0
207,Supplier,SKU_C,0
207,Supplier,SKU_D,0
207,Supplier,SKU_E,0
207,W1,SKU_A,0
207,W1,SKU_B,0
207,W1,SKU_C,0
207,W1,SKU_D,667
207,W1,SKU_E,0
207,W2,SKU_A,0
207,W2,SKU_B,0
207,W2,SKU_C,2148
207,W2,SKU_D,0
207,W2,SKU_E,0
207,R1,SKU_A,0
207,R1,SKU_B,0
207,R1,SKU_C,0
207,R1,SKU_D,0
207,R1,SKU_E,0
207,R2,SKU_A,0
207,R2,SKU_B,0
207,R2,SKU_C,0
207,R2,SKU_D,0
207,R2,SKU_E,0
207,R3,SKU_A,1487
207,R3,SKU_B,0
207,R3,SKU_C,0
207,R3,SKU_D,875
207,R3,SKU_E,0
208,Supplier,SKU_A,0
208,Supplier,SKU_B,0
208,Supplier,SKU_C,0
208,Supplier,SKU_D,0
208,Supplier,SKU_E,0
208,W1,SKU_A,0
208,W1,SKU_B,0
208,W1,SKU_C,0
208,W1,SKU_D,0
208,W1,SKU_E,0
208,W2,SKU_A,0
208,W2,SKU_B,0
208,W2,SKU_C,0
208,W2,SKU_D,1749
208,W2,SKU_E,0
208,R1,SKU_A,636
208,R1,SKU_B,0
208,R1,SKU_C,0
208,R1,SKU_D,0
208,R1,SKU_E,177
208,R2,SKU_A,0
208,R2,SKU_B,0
208,R2,SKU_C,0
208,R2,SKU_D,87
208,R2,SKU_E,0
208,R3,SKU_A,0
208,R3,SKU_B,0
208,R3,SKU_C,0
208,R3,SKU_D,0
208,R3,SKU_E,0
209,Supplier,SKU_A,0
209,Supplier,SKU_B,0
209,Supplier,SKU_C,0
209,Supplier,SKU_D,0
209,Supplier,SKU_E,0
209,W1,SKU_A,636
209,W1,SKU_B,0
209,W1,SKU_C,0
209,W1,SKU_D,0
209,W1,SKU_E,0
209,W2,SKU_A,0
209,W2,SKU_B,0
209,W2,SKU_C,0
209,W2,SKU_D,0
209,W2,SKU_E,0
209,R1,SKU_A,0
209,R1,SKU_B,265
209,R1,SKU_C,393
209,R1,SKU_D,0
209,R1,SKU_E,0
209,R2,SKU_A,0
209,R2,SKU_B,0
209,R2,SKU_C,0
209,R2,SKU_D,62
209,R2,SKU_E,0
209,R3,SKU_A,0
209,R3,SKU_B,0
209,R3,SKU_C,0
209,R3,SKU_D,0
209,R3,SKU_E,0
210,Supplier,SKU_A,0
210,Supplier,SKU_B,0
210,Supplier,SKU_C,0
210,Supplier,SKU_D,0
210,Supplier,SKU_E,0
210,W1,SKU_A,0
210,W1,SKU_B,1306
210,W1,SKU_C,0
210,W1,SKU_D,0
210,W1,SKU_E,0
210,W2,SKU_A,0
210,W2,SKU_B,0
210,W2,SKU_C,0
210,W2,SKU_D,0
210,W2,SKU_E,0
210,R1,SKU_A,0
210,R1,SKU_B,0
210,R1,SKU_C,0
210,R1,SKU_D,0
210,R1,SKU_E,0
210,R2,SKU_A,709
210,R2,SKU_B,0
210,R2,SKU_C,378
210,R2,SKU_D,57
210,R2,SKU_E,0
210,R3,SKU_A,0
210,R3,SKU_B,0
210,R3,SKU_C,0
210,R3,SKU_D,0
210,R3,SKU_E,357
211,Supplier,SKU_A,0
211,Supplier,SKU_B,0
211,Supplier,SKU_C,0
211,Supplier,SKU_D,0
211,Supplier,SKU_E,0
211,W1,SKU_A,709
211,W1,SKU_B,0
211,W1,SKU_C,1054
211,W1,SKU_D,206
211,W1,SKU_E,0
211,W2,SKU_A,0
211,W2,SKU_B,0
211,W2,SKU_C,0
211,W2,SKU_D,0
211,W2,SKU_E,1030
211,R1,SKU_A,0
211,R1,SKU_B,0
211,R1,SKU_C,0
211,R1,SKU_D,0
211,R1,SKU_E,165
211,R2,SKU_A,0
211,R2,SKU_B,0
211,R2,SKU_C,0
211,R2,SKU_D,0
211,R2,SKU_E,0
211,R3,SKU_A,0
211,R3,SKU_B,304
211,R3,SKU_C,0
211,R3,SKU_D,0
211,R3,SKU_E,0
212,Supplier,SKU_A,0
212,Supplier,SKU_B,0
212,Supplier,SKU_C,0
212,Supplier,SKU_D,0
212,Supplier,SKU_E,0
212,W1,SKU_A,0
212,W1,SKU_B,0
212,W1,SKU_C,0
212,W1,SKU_D,0
212,W1,SKU_E,0
212,W2,SKU_A,0
212,W2,SKU_B,0
212,W2,SKU_C,0
212,W2,SKU_D,0
212,W2,SKU_E,0
212,R1,SKU_A,710
212,R1,SKU_B,201
212,R1,SKU_C,328
212,R1,SKU_D,0
212,R1,SKU_E,0
212,R2,SKU_A,0
212,R2,SKU_B,347
212,R2,SKU_C,0
212,R2,SKU_D,88
212,R2,SKU_E,0
212,R3,SKU_A,0
212,R3,SKU_B,0
212,R3,SKU_C,0
212,R3,SKU_D,0
212,R3,SKU_E,0
213,Supplier,SKU_A,0
213,Supplier,SKU_B,0
213,Supplier,SKU_C,0
213,Supplier,SKU_D,0
213,Supplier,SKU_E,0
213,W1,SKU_A,710
213,W1,SKU_B,0
213,W1,SKU_C,0
213,W1,SKU_D,0
213,W1,SKU_E,0
213,W2,SKU_A,0
213,W2,SKU_B,0
213,W2,SKU_C,0
213,W2,SKU_D,0
213,W2,SKU_E,0
213,R1,SKU_A,0
213,R1,SKU_B,0
213,R1,SKU_C,0
213,R1,SKU_D,0
213,R1,SKU_E,0
213,R2,SKU_A,0
213,R2,SKU_B,0
213,R2,SKU_C,0
213,R2,SKU_D,0
213,R2,SKU_E,0
213,R3,SKU_A,0
213,R3,SKU_B,0
213,R3,SKU_C,0
213,R3,SKU_D,0
213,R3,SKU_E,0
214,Supplier,SKU_A,0
214,Supplier,SKU_B,0
214,Supplier,SKU_C,0
214,Supplier,SKU_D,0
214,Supplier,SKU_E,0
214,W1,SKU_A,0
214,W1,SKU_B,0
214,W1,SKU_C,0
214,W1,SKU_D,0
214,W1,SKU_E,0
214,W2,SKU_A,0
214,W2,SKU_B,0
214,W2,SKU_C,0
214,W2,SKU_D,0
214,W2,SKU_E,0
214,R1,SKU_A,0
214,R1,SKU_B,0
214,R1,SKU_C,281
214,R1,SKU_D,624
214,R1,SKU_E,195
214,R2,SKU_A,0
214,R2,SKU_B,0
214,R2,SKU_C,0
214,R2,SKU_D,125
214,R2,SKU_E,0
214,R3,SKU_A,1618
214,R3,SKU_B,0
214,R3,SKU_C,0
214,R3,SKU_D,0
214,R3,SKU_E,376
215,Supplier,SKU_A,0
215,Supplier,SKU_B,0
215,Supplier,SKU_C,0
215,Supplier,SKU_D,0
215,Supplier,SKU_E,0
215,W1,SKU_A,0
215,W1,SKU_B,0
215,W1,SKU_C,0
215,W1,SKU_D,837
215,W1,SKU_E,0
215,W2,SKU_A,3105
215,W2,SKU_B,0
215,W2,SKU_C,0
215,W2,SKU_D,0
215,W2,SKU_E,0
215,R1,SKU_A,646
215,R1,SKU_B,248
215,R1,SKU_C,0
215,R1,SKU_D,0
215,R1,SKU_E,0
215,R2,SKU_A,0
215,R2,SKU_B,0
215,R2,SKU_C,0
215,R2,SKU_D,0
215,R2,SKU_E,470
215,R3,SKU_A,0
215,R3,SKU_B,295
215,R3,SKU_C,1113
215,R3,SKU_D,932
215,R3,SKU_E,0
216,Supplier,SKU_A,0
216,Supplier,SKU_B,0
216,Supplier,SKU_C,0
216,Supplier,SKU_D,0
216,Supplier,SKU_E,0
216,W1,SKU_A,646
216,W1,SKU_B,0
216,W1,SKU_C,0
216,W1,SKU_D,0
216,W1,SKU_E,1007
216,W2,SKU_A,0
216,W2,SKU_B,0
216,W2,SKU_C,0
216,W2,SKU_D,0
216,W2,SKU_E,0
216,R1,SKU_A,0
216,R1,SKU_B,0
216,R1,SKU_C,0
216,R1,SKU_D,0
216,R1,SKU_E,0
216,R2,SKU_A,626
216,R2,SKU_B,0
216,R2,SKU_C,368
216,R2,SKU_D,84
216,R2,SKU_E,0
216,R3,SKU_A,0
216,R3,SKU_B,0
216,R3,SKU_C,0
216,R3,SKU_D,0
216,R3,SKU_E,0
217,Supplier,SKU_A,0
217,Supplier,SKU_B,0
217,Supplier,SKU_C,0
217,Supplier,SKU_D,0
217,Supplier,SKU_E,0
217,W1,SKU_A,626
217,W1,SKU_B,0
217,W1,SKU_C,977
217,W1,SKU_D,0
217,W1,SKU_E,0
217,W2,SKU_A,0
217,W2,SKU_B,0
217,W2,SKU_C,0
217,W2,SKU_D,0
217,W2,SKU_E,0
217,R1,SKU_A,0
217,R1,SKU_B,0
217,R1,SKU_C,383
217,R1,SKU_D,0
217,R1,SKU_E,194
217,R2,SKU_A,0
217,R2,SKU_B,0
217,R2,SKU_C,0
217,R2,SKU_D,0
217,R2,SKU_E,0
217,R3,SKU_A,0
217,R3,SKU_B,0
217,R3,SKU_C,0
217,R3,SKU_D,0
217,R3,SKU_E,0
218,Supplier,SKU_A,0
218,Supplier,SKU_B,0
218,Supplier,SKU_C,0
218,Supplier,SKU_D,0
218,Supplier,SKU_E,0
218,W1,SKU_A,0
218,W1,SKU_B,0
218,W1,SKU_C,0
218,W1,SKU_D,0
218,W1,SKU_E,0
218,W2,SKU_A,0
218,W2,SKU_B,0
218,W2,SKU_C,0
218,W2,SKU_D,0
218,W2,SKU_E,0
218,R1,SKU_A,0
218,R1,SKU_B,198
218,R1,SKU_C,0
218,R1,SKU_D,0
218,R1,SKU_E,0
218,R2,SKU_A,0
218,R2,SKU_B,0
218,R2,SKU_C,0
218,R2,SKU_D,67
218,R2,SKU_E,0
218,R3,SKU_A,0
218,R3,SKU_B,0
218,R3,SKU_C,0
218,R3,SKU_D,0
218,R3,SKU_E,332
219,Supplier,SKU_A,0
219,Supplier,SKU_B,0
219,Supplier,SKU_C,0
219,Supplier,SKU_D,0
219,Supplier,SKU_E,0
219,W1,SKU_A,0
219,W1,SKU_B,0
219,W1,SKU_C,0
219,W1,SKU_D,0
219,W1,SKU_E,0
219,W2,SKU_A,0
219,W2,SKU_B,0
219,W2,SKU_C,0
219,W2,SKU_D,0
219,W2,SKU_E,0
219,R1,SKU_A,617
219,R1,SKU_B,0
219,R1,SKU_C,0
219,R1,SKU_D,0
219,R1,SKU_E,0
219,R2,SKU_A,0
219,R2,SKU_B,352
219,R2,SKU_C,0
219,R2,SKU_D,62
219,R2,SKU_E,0
219,R3,SKU_A,0
219,R3,SKU_B,0
219,R3,SKU_C,0
219,R3,SKU_D,0
219,R3,SKU_E,0
220,Supplier,SKU_A,0
220,Supplier,SKU_B,0
220,Supplier,SKU_C,0
220,Supplier,SKU_D,0
220,Supplier,SKU_E,0
220,W1,SKU_A,617
220,W1,SKU_B,1346
220,W1,SKU_C,0
220,W1,SKU_D,213
220,W1,SKU_E,0
220,W2,SKU_A,0
220,W2,SKU_B,0
220,W2,SKU_C,0
220,W2,SKU_D,0
220,W2,SKU_E,0
220,R1,SKU_A,0
220,R1,SKU_B,0
220,R1,SKU_C,272
220,R1,SKU_D,0
220,R1,SKU_E,0
220,R2,SKU_A,0
220,R2,SKU_B,0
220,R2,SKU_C,0
220,R2,SKU_D,0
220,R2,SKU_E,0
220,R3,SKU_A,0
220,R3,SKU_B,0
220,R3,SKU_C,0
220,R3,SKU_D,0
220,R3,SKU_E,0
221,Supplier,SKU_A,0
221,Supplier,SKU_B,0
221,Supplier,SKU_C,0
221,Supplier,SKU_D,0
221,Supplier,SKU_E,0
221,W1,SKU_A,0
221,W1,SKU_B,0
221,W1,SKU_C,0
221,W1,SKU_D,0
221,W1,SKU_E,0
221,W2,SKU_A,0
221,W2,SKU_B,0
221,W2,SKU_C,0
221,W2,SKU_D,0
221,W2,SKU_E,0
221,R1,SKU_A,0
221,R1,SKU_B,0
221,R1,SKU_C,0
221,R1,SKU_D,0
221,R1,SKU_E,0
221,R2,SKU_A,0
221,R2,SKU_B,0
221,R2,SKU_C,0
221,R2,SKU_D,99
221,R2,SKU_E,0
221,R3,SKU_A,0
221,R3,SKU_B,305
221,R3,SKU_C,0
221,R3,SKU_D,0
221,R3,SKU_E,0
222,Supplier,SKU_A,0
222,Supplier,SKU_B,0
222,Supplier,SKU_C,0
222,Supplier,SKU_D,0
222,Supplier,SKU_E,0
222,W1,SKU_A,0
222,W1,SKU_B,0
222,W1,SKU_C,0
222,W1,SKU_D,0
222,W1,SKU_E,0
222,W2,SKU_A,0
222,W2,SKU_B,1496
222,W2,SKU_C,0
222,W2,SKU_D,0
222,W2,SKU_E,0
222,R1,SKU_A,0
222,R1,SKU_B,198
222,R1,SKU_C,0
222,R1,SKU_D,558
222,R1,SKU_E,216
222,R2,SKU_A,0
222,R2,SKU_B,0
222,R2,SKU_C,0
222,R2,SKU_D,60
222,R2,SKU_E,0
222,R3,SKU_A,1597
222,R3,SKU_B,0
222,R3,SKU_C,0
222,R3,SKU_D,0
222,R3,SKU_E,360
223,Supplier,SKU_A,0
223,Supplier,SKU_B,0
223,Supplier,SKU_C,0
223,Supplier,SKU_D,0
223,Supplier,SKU_E,0
223,W1,SKU_A,0
223,W1,SKU_B,0
223,W1,SKU_C,0
223,W1,SKU_D,717
223,W1,SKU_E,0
223,W2,SKU_A,0
223,W2,SKU_B,0
223,W2,SKU_C,0
223,W2,SKU_D,0
223,W2,SKU_E,1068
223,R1,SKU_A,640
223,R1,SKU_B,0
223,R1,SKU_C,374
223,R1,SKU_D,0
223,R1,SKU_E,0
223,R2,SKU_A,687
223,R2,SKU_B,0
223,R2,SKU_C,0
223,R2,SKU_D,56
223,R2,SKU_E,0
223,R3,SKU_A,0
223,R3,SKU_B,0
223,R3,SKU_C,0
223,R3,SKU_D,0
223,R3,SKU_E,0
224,Supplier,SKU_A,0
224,Supplier,SKU_B,0
224,Supplier,SKU_C,0
224,Supplier,SKU_D,0
224,Supplier,SKU_E,0
224,W1,SKU_A,1327
224,W1,SKU_B,0
224,W1,SKU_C,1029
224,W1,SKU_D,0
224,W1,SKU_E,0
224,W2,SKU_A,0
224,W2,SKU_B,0
224,W2,SKU_C,0
224,W2,SKU_D,0
224,W2,SKU_E,0
224,R1,SKU_A,0
224,R1,SKU_B,183
224,R1,SKU_C,0
224,R1,SKU_D,0
224,R1,SKU_E,0
224,R2,SKU_A,0
224,R2,SKU_B,0
224,R2,SKU_C,386
224,R2,SKU_D,55
224,R2,SKU_E,0
224,R3,SKU_A,0
224,R3,SKU_B,0
224,R3,SKU_C,0
224,R3,SKU_D,898
224,R3,SKU_E,0
225,Supplier,SKU_A,0
225,Supplier,SKU_B,0
225,Supplier,SKU_C,0
225,Supplier,SKU_D,0
225,Supplier,SKU_E,0
225,W1,SKU_A,0
225,W1,SKU_B,0
225,W1,SKU_C,0
225,W1,SKU_D,0
225,W1,SKU_E,0
225,W2,SKU_A,0
225,W2,SKU_B,0
225,W2,SKU_C,0
225,W2,SKU_D,1830
225,W2,SKU_E,0
225,R1,SKU_A,0
225,R1,SKU_B,0
225,R1,SKU_C,0
225,R1,SKU_D,0
225,R1,SKU_E,180
225,R2,SKU_A,0
225,R2,SKU_B,0
225,R2,SKU_C,0
225,R2,SKU_D,48
225,R2,SKU_E,462
225,R3,SKU_A,0
225,R3,SKU_B,0
225,R3,SKU_C,1091
225,R3,SKU_D,0
225,R3,SKU_E,0
226,Supplier,SKU_A,0
226,Supplier,SKU_B,0
226,Supplier,SKU_C,0
226,Supplier,SKU_D,0
226,Supplier,SKU_E,0
226,W1,SKU_A,0
226,W1,SKU_B,0
226,W1,SKU_C,0
226,W1,SKU_D,0
226,W1,SKU_E,1052
226,W2,SKU_A,0
226,W2,SKU_B,0
226,W2,SKU_C,2204
226,W2,SKU_D,0
226,W2,SKU_E,0
226,R1,SKU_A,0
226,R1,SKU_B,0
226,R1,SKU_C,315
226,R1,SKU_D,0
226,R1,SKU_E,0
226,R2,SKU_A,0
226,R2,SKU_B,0
226,R2,SKU_C,0
226,R2,SKU_D,64
226,R2,SKU_E,0
226,R3,SKU_A,0
226,R3,SKU_B,274
226,R3,SKU_C,0
226,R3,SKU_D,0
226,R3,SKU_E,398
227,Supplier,SKU_A,0
227,Supplier,SKU_B,0
227,Supplier,SKU_C,0
227,Supplier,SKU_D,0
227,Supplier,SKU_E,0
227,W1,SKU_A,0
227,W1,SKU_B,0
227,W1,SKU_C,0
227,W1,SKU_D,223
227,W1,SKU_E,0
227,W2,SKU_A,0
227,W2,SKU_B,0
227,W2,SKU_C,0
227,W2,SKU_D,0
227,W2,SKU_E,0
227,R1,SKU_A,655
227,R1,SKU_B,0
227,R1,SKU_C,0
227,R1,SKU_D,0
227,R1,SKU_E,0
227,R2,SKU_A,0
227,R2,SKU_B,368
227,R2,SKU_C,0
227,R2,SKU_D,48
227,R2,SKU_E,0
227,R3,SKU_A,0
227,R3,SKU_B,0
227,R3,SKU_C,0
227,R3,SKU_D,0
227,R3,SKU_E,0
228,Supplier,SKU_A,0
228,Supplier,SKU_B,0
228,Supplier,SKU_C,0
228,Supplier,SKU_D,0
228,Supplier,SKU_E,0
228,W1,SKU_A,655
228,W1,SKU_B,0
228,W1,SKU_C,0
228,W1,SKU_D,0
228,W1,SKU_E,0
228,W2,SKU_A,0
228,W2,SKU_B,0
228,W2,SKU_C,0
228,W2,SKU_D,0
228,W2,SKU_E,0
228,R1,SKU_A,0
228,R1,SKU_B,0
228,R1,SKU_C,0
228,R1,SKU_D,0
228,R1,SKU_E,0
228,R2,SKU_A,0
228,R2,SKU_B,0
228,R2,SKU_C,0
228,R2,SKU_D,58
228,R2,SKU_E,0
228,R3,SKU_A,0
228,R3,SKU_B,0
228,R3,SKU_C,0
228,R3,SKU_D,0
228,R3,SKU_E,0
229,Supplier,SKU_A,0
229,Supplier,SKU_B,0
229,Supplier,SKU_C,0
229,Supplier,SKU_D,0
229,Supplier,SKU_E,0
229,W1,SKU_A,0
229,W1,SKU_B,0
229,W1,SKU_C,0
229,W1,SKU_D,0
229,W1,SKU_E,0
229,W2,SKU_A,0
229,W2,SKU_B,0
229,W2,SKU_C,0
229,W2,SKU_D,0
229,W2,SKU_E,0
229,R1,SKU_A,0
229,R1,SKU_B,241
229,R1,SKU_C,0
229,R1,SKU_D,0
229,R1,SKU_E,0
229,R2,SKU_A,616
229,R2,SKU_B,0
229,R2,SKU_C,0
229,R2,SKU_D,55
229,R2,SKU_E,0
229,R3,SKU_A,1539
229,R3,SKU_B,0
229,R3,SKU_C,0
229,R3,SKU_D,0
229,R3,SKU_E,0
230,Supplier,SKU_A,0
230,Supplier,SKU_B,0
230,Supplier,SKU_C,0
230,Supplier,SKU_D,0
230,Supplier,SKU_E,0
230,W1,SKU_A,616
230,W1,SKU_B,0
230,W1,SKU_C,0
230,W1,SKU_D,0
230,W1,SKU_E,0
230,W2,SKU_A,3136
230,W2,SKU_B,0
230,W2,SKU_C,0
230,W2,SKU_D,0
230,W2,SKU_E,0
230,R1,SKU_A,0
230,R1,SKU_B,0
230,R1,SKU_C,409
230,R1,SKU_D,532
230,R1,SKU_E,216
230,R2,SKU_A,0
230,R2,SKU_B,0
230,R2,SKU_C,0
230,R2,SKU_D,67
230,R2,SKU_E,0
230,R3,SKU_A,0
230,R3,SKU_B,0
230,R3,SKU_C,0
230,R3,SKU_D,0
230,R3,SKU_E,348
231,Supplier,SKU_A,0
231,Supplier,SKU_B,0
231,Supplier,SKU_C,0
231,Supplier,SKU_D,0
231,Supplier,SKU_E,0
231,W1,SKU_A,0
231,W1,SKU_B,0
231,W1,SKU_C,1110
231,W1,SKU_D,760
231,W1,SKU_E,0
231,W2,SKU_A,0
231,W2,SKU_B,0
231,W2,SKU_C,0
231,W2,SKU_D,0
231,W2,SKU_E,0
231,R1,SKU_A,709
231,R1,SKU_B,0
231,R1,SKU_C,0
231,R1,SKU_D,0
231,R1,SKU_E,0
231,R2,SKU_A,0
231,R2,SKU_B,0
231,R2,SKU_C,368
231,R2,SKU_D,46
231,R2,SKU_E,0
231,R3,SKU_A,0
231,R3,SKU_B,0
231,R3,SKU_C,0
231,R3,SKU_D,0
231,R3,SKU_E,0
232,Supplier,SKU_A,0
232,Supplier,SKU_B,0
232,Supplier,SKU_C,0
232,Supplier,SKU_D,0
232,Supplier,SKU_E,0
232,W1,SKU_A,709
232,W1,SKU_B,0
232,W1,SKU_C,0
232,W1,SKU_D,0
232,W1,SKU_E,0
232,W2,SKU_A,0
232,W2,SKU_B,0
232,W2,SKU_C,0
232,W2,SKU_D,0
232,W2,SKU_E,0
232,R1,SKU_A,0
232,R1,SKU_B,213
232,R1,SKU_C,0
232,R1,SKU_D,0
232,R1,SKU_E,0
232,R2,SKU_A,0
232,R2,SKU_B,0
232,R2,SKU_C,0
232,R2,SKU_D,53
232,R2,SKU_E,0
232,R3,SKU_A,0
232,R3,SKU_B,310
232,R3,SKU_C,0
232,R3,SKU_D,0
232,R3,SKU_E,0
233,Supplier,SKU_A,0
233,Supplier,SKU_B,0
233,Supplier,SKU_C,0
233,Supplier,SKU_D,0
233,Supplier,SKU_E,0
233,W1,SKU_A,0
233,W1,SKU_B,1203
233,W1,SKU_C,0
233,W1,SKU_D,0
233,W1,SKU_E,0
233,W2,SKU_A,0
233,W2,SKU_B,0
233,W2,SKU_C,0
233,W2,SKU_D,0
233,W2,SKU_E,0
233,R1,SKU_A,0
233,R1,SKU_B,0
233,R1,SKU_C,345
233,R1,SKU_D,0
233,R1,SKU_E,0
233,R2,SKU_A,0
233,R2,SKU_B,0
233,R2,SKU_C,0
233,R2,SKU_D,59
233,R2,SKU_E,0
233,R3,SKU_A,0
233,R3,SKU_B,0
233,R3,SKU_C,0
233,R3,SKU_D,958
233,R3,SKU_E,0
234,Supplier,SKU_A,0
234,Supplier,SKU_B,0
234,Supplier,SKU_C,0
234,Supplier,SKU_D,0
234,Supplier,SKU_E,0
234,W1,SKU_A,0
234,W1,SKU_B,0
234,W1,SKU_C,0
234,W1,SKU_D,0
234,W1,SKU_E,0
234,W2,SKU_A,0
234,W2,SKU_B,0
234,W2,SKU_C,0
234,W2,SKU_D,0
234,W2,SKU_E,0
234,R1,SKU_A,0
234,R1,SKU_B,0
234,R1,SKU_C,0
234,R1,SKU_D,0
234,R1,SKU_E,187
234,R2,SKU_A,0
234,R2,SKU_B,0
234,R2,SKU_C,0
234,R2,SKU_D,53
234,R2,SKU_E,0
234,R3,SKU_A,0
234,R3,SKU_B,0
234,R3,SKU_C,0
234,R3,SKU_D,0
234,R3,SKU_E,358
235,Supplier,SKU_A,0
235,Supplier,SKU_B,0
235,Supplier,SKU_C,0
235,Supplier,SKU_D,0
235,Supplier,SKU_E,0
235,W1,SKU_A,0
235,W1,SKU_B,0
235,W1,SKU_C,0
235,W1,SKU_D,211
235,W1,SKU_E,0
235,W2,SKU_A,0
235,W2,SKU_B,0
235,W2,SKU_C,0
235,W2,SKU_D,0
235,W2,SKU_E,1104
235,R1,SKU_A,598
235,R1,SKU_B,0
235,R1,SKU_C,0
235,R1,SKU_D,0
235,R1,SKU_E,0
235,R2,SKU_A,685
235,R2,SKU_B,356
235,R2,SKU_C,0
235,R2,SKU_D,52
235,R2,SKU_E,486
235,R3,SKU_A,0
235,R3,SKU_B,0
235,R3,SKU_C,1095
235,R3,SKU_D,0
235,R3,SKU_E,0
236,Supplier,SKU_A,0
236,Supplier,SKU_B,0
236,Supplier,SKU_C,0
236,Supplier,SKU_D,0
236,Supplier,SKU_E,0
236,W1,SKU_A,1283
236,W1,SKU_B,0
236,W1,SKU_C,0
236,W1,SKU_D,0
236,W1,SKU_E,889
236,W2,SKU_A,0
236,W2,SKU_B,0
236,W2,SKU_C,0
236,W2,SKU_D,0
236,W2,SKU_E,0
236,R1,SKU_A,0
236,R1,SKU_B,253
236,R1,SKU_C,320
236,R1,SKU_D,0
236,R1,SKU_E,0
236,R2,SKU_A,0
236,R2,SKU_B,0
236,R2,SKU_C,0
236,R2,SKU_D,0
236,R2,SKU_E,0
236,R3,SKU_A,1630
236,R3,SKU_B,0
236,R3,SKU_C,0
236,R3,SKU_D,0
236,R3,SKU_E,0
237,Supplier,SKU_A,0
237,Supplier,SKU_B,0
237,Supplier,SKU_C,0
237,Supplier,SKU_D,0
237,Supplier,SKU_E,0
237,W1,SKU_A,0
237,W1,SKU_B,0
237,W1,SKU_C,1033
237,W1,SKU_D,0
237,W1,SKU_E,0
237,W2,SKU_A,0
237,W2,SKU_B,0
237,W2,SKU_C,0
237,W2,SKU_D,0
237,W2,SKU_E,0
237,R1,SKU_A,0
237,R1,SKU_B,0
237,R1,SKU_C,0
237,R1,SKU_D,540
237,R1,SKU_E,0
237,R2,SKU_A,0
237,R2,SKU_B,0
237,R2,SKU_C,0
237,R2,SKU_D,81
237,R2,SKU_E,0
237,R3,SKU_A,0
237,R3,SKU_B,276
237,R3,SKU_C,0
237,R3,SKU_D,0
237,R3,SKU_E,0
238,Supplier,SKU_A,0
238,Supplier,SKU_B,0
238,Supplier,SKU_C,0
238,Supplier,SKU_D,0
238,Supplier,SKU_E,0
238,W1,SKU_A,0
238,W1,SKU_B,0
238,W1,SKU_C,0
238,W1,SKU_D,673
238,W1,SKU_E,0
238,W2,SKU_A,0
238,W2,SKU_B,0
238,W2,SKU_C,0
238,W2,SKU_D,0
238,W2,SKU_E,0
238,R1,SKU_A,0
238,R1,SKU_B,228
238,R1,SKU_C,326
238,R1,SKU_D,0
238,R1,SKU_E,247
238,R2,SKU_A,0
238,R2,SKU_B,0
238,R2,SKU_C,351
238,R2,SKU_D,51
238,R2,SKU_E,0
238,R3,SKU_A,0
238,R3,SKU_B,0
238,R3,SKU_C,0
238,R3,SKU_D,0
238,R3,SKU_E,424
239,Supplier,SKU_A,0
239,Supplier,SKU_B,0
239,Supplier,SKU_C,0
239,Supplier,SKU_D,0
239,Supplier,SKU_E,0
239,W1,SKU_A,0
239,W1,SKU_B,0
239,W1,SKU_C,0
239,W1,SKU_D,0
239,W1,SKU_E,0
239,W2,SKU_A,0
239,W2,SKU_B,0
239,W2,SKU_C,0
239,W2,SKU_D,0
239,W2,SKU_E,0
239,R1,SKU_A,735
239,R1,SKU_B,0
239,R1,SKU_C,0
239,R1,SKU_D,0
239,R1,SKU_E,0
239,R2,SKU_A,0
239,R2,SKU_B,0
239,R2,SKU_C,0
239,R2,SKU_D,0
239,R2,SKU_E,0
239,R3,SKU_A,0
239,R3,SKU_B,0
239,R3,SKU_C,0
239,R3,SKU_D,0
239,R3,SKU_E,0
240,Supplier,SKU_A,0
240,Supplier,SKU_B,0
240,Supplier,SKU_C,0
240,Supplier,SKU_D,0
240,Supplier,SKU_E,0
240,W1,SKU_A,735
240,W1,SKU_B,0
240,W1,SKU_C,0
240,W1,SKU_D,0
240,W1,SKU_E,0
240,W2,SKU_A,0
240,W2,SKU_B,0
240,W2,SKU_C,0
240,W2,SKU_D,0
240,W2,SKU_E,0
240,R1,SKU_A,0
240,R1,SKU_B,0
240,R1,SKU_C,0
240,R1,SKU_D,0
240,R1,SKU_E,0
240,R2,SKU_A,0
240,R2,SKU_B,0
240,R2,SKU_C,0
240,R2,SKU_D,108
240,R2,SKU_E,0
240,R3,SKU_A,0
240,R3,SKU_B,0
240,R3,SKU_C,0
240,R3,SKU_D,917
240,R3,SKU_E,0
241,Supplier,SKU_A,0
241,Supplier,SKU_B,0
241,Supplier,SKU_C,0
241,Supplier,SKU_D,0
241,Supplier,SKU_E,0
241,W1,SKU_A,0
241,W1,SKU_B,0
241,W1,SKU_C,0
241,W1,SKU_D,0
241,W1,SKU_E,0
241,W2,SKU_A,0
241,W2,SKU_B,0
241,W2,SKU_C,0
241,W2,SKU_D,1875
241,W2,SKU_E,0
241,R1,SKU_A,0
241,R1,SKU_B,278
241,R1,SKU_C,373
241,R1,SKU_D,0
241,R1,SKU_E,197
241,R2,SKU_A,693
241,R2,SKU_B,0
241,R2,SKU_C,0
241,R2,SKU_D,48
241,R2,SKU_E,0
241,R3,SKU_A,0
241,R3,SKU_B,0
241,R3,SKU_C,0
241,R3,SKU_D,0
241,R3,SKU_E,356
242,Supplier,SKU_A,0
242,Supplier,SKU_B,0
242,Supplier,SKU_C,0
242,Supplier,SKU_D,0
242,Supplier,SKU_E,0
242,W1,SKU_A,693
242,W1,SKU_B,0
242,W1,SKU_C,1050
242,W1,SKU_D,207
242,W1,SKU_E,0
242,W2,SKU_A,0
242,W2,SKU_B,0
242,W2,SKU_C,0
242,W2,SKU_D,0
242,W2,SKU_E,0
242,R1,SKU_A,597
242,R1,SKU_B,0
242,R1,SKU_C,0
242,R1,SKU_D,0
242,R1,SKU_E,0
242,R2,SKU_A,0
242,R2,SKU_B,0
242,R2,SKU_C,0
242,R2,SKU_D,71
242,R2,SKU_E,0
242,R3,SKU_A,1697
242,R3,SKU_B,284
242,R3,SKU_C,0
242,R3,SKU_D,0
242,R3,SKU_E,0
243,Supplier,SKU_A,0
243,Supplier,SKU_B,0
243,Supplier,SKU_C,0
243,Supplier,SKU_D,0
243,Supplier,SKU_E,0
243,W1,SKU_A,597
243,W1,SKU_B,0
243,W1,SKU_C,0
243,W1,SKU_D,0
243,W1,SKU_E,0
243,W2,SKU_A,3327
243,W2,SKU_B,0
243,W2,SKU_C,0
243,W2,SKU_D,0
243,W2,SKU_E,0
243,R1,SKU_A,0
243,R1,SKU_B,0
243,R1,SKU_C,0
243,R1,SKU_D,0
243,R1,SKU_E,0
243,R2,SKU_A,0
243,R2,SKU_B,0
243,R2,SKU_C,0
243,R2,SKU_D,0
243,R2,SKU_E,0
243,R3,SKU_A,0
243,R3,SKU_B,0
243,R3,SKU_C,0
243,R3,SKU_D,0
243,R3,SKU_E,0
244,Supplier,SKU_A,0
244,Supplier,SKU_B,0
244,Supplier,SKU_C,0
244,Supplier,SKU_D,0
244,Supplier,SKU_E,0
244,W1,SKU_A,0
244,W1,SKU_B,0
244,W1,SKU_C,0
244,W1,SKU_D,0
244,W1,SKU_E,0
244,W2,SKU_A,0
244,W2,SKU_B,0
244,W2,SKU_C,0
244,W2,SKU_D,0
244,W2,SKU_E,0
244,R1,SKU_A,0
244,R1,SKU_B,186
244,R1,SKU_C,0
244,R1,SKU_D,0
244,R1,SKU_E,0
244,R2,SKU_A,0
244,R2,SKU_B,388
244,R2,SKU_C,0
244,R2,SKU_D,0
244,R2,SKU_E,0
244,R3,SKU_A,0
244,R3,SKU_B,0
244,R3,SKU_C,1148
244,R3,SKU_D,0
244,R3,SKU_E,0
245,Supplier,SKU_A,0
245,Supplier,SKU_B,0
245,Supplier,SKU_C,0
245,Supplier,SKU_D,0
245,Supplier,SKU_E,0
245,W1,SKU_A,0
245,W1,SKU_B,1689
245,W1,SKU_C,0
245,W1,SKU_D,0
245,W1,SKU_E,0
245,W2,SKU_A,0
245,W2,SKU_B,0
245,W2,SKU_C,2243
245,W2,SKU_D,0
245,W2,SKU_E,0
245,R1,SKU_A,0
245,R1,SKU_B,0
245,R1,SKU_C,357
245,R1,SKU_D,531
245,R1,SKU_E,201
245,R2,SKU_A,0
245,R2,SKU_B,0
245,R2,SKU_C,0
245,R2,SKU_D,79
245,R2,SKU_E,452
245,R3,SKU_A,0
245,R3,SKU_B,0
245,R3,SKU_C,0
245,R3,SKU_D,0
245,R3,SKU_E,0
246,Supplier,SKU_A,0
246,Supplier,SKU_B,0
246,Supplier,SKU_C,0
246,Supplier,SKU_D,0
246,Supplier,SKU_E,0
246,W1,SKU_A,0
246,W1,SKU_B,0
246,W1,SKU_C,0
246,W1,SKU_D,681
246,W1,SKU_E,1097
246,W2,SKU_A,0
246,W2,SKU_B,0
246,W2,SKU_C,0
246,W2,SKU_D,0
246,W2,SKU_E,0
246,R1,SKU_A,0
246,R1,SKU_B,0
246,R1,SKU_C,0
246,R1,SKU_D,0
246,R1,SKU_E,0
246,R2,SKU_A,0
246,R2,SKU_B,0
246,R2,SKU_C,0
246,R2,SKU_D,0
246,R2,SKU_E,0
246,R3,SKU_A,0
246,R3,SKU_B,0
246,R3,SKU_C,0
246,R3,SKU_D,0
246,R3,SKU_E,349
247,Supplier,SKU_A,0
247,Supplier,SKU_B,0
247,Supplier,SKU_C,0
247,Supplier,SKU_D,0
247,Supplier,SKU_E,0
247,W1,SKU_A,0
247,W1,SKU_B,0
247,W1,SKU_C,0
247,W1,SKU_D,0
247,W1,SKU_E,0
247,W2,SKU_A,0
247,W2,SKU_B,0
247,W2,SKU_C,0
247,W2,SKU_D,0
247,W2,SKU_E,1129
247,R1,SKU_A,0
247,R1,SKU_B,0
247,R1,SKU_C,0
247,R1,SKU_D,0
247,R1,SKU_E,0
247,R2,SKU_A,0
247,R2,SKU_B,0
247,R2,SKU_C,0
247,R2,SKU_D,88
247,R2,SKU_E,0
247,R3,SKU_A,0
247,R3,SKU_B,0
247,R3,SKU_C,0
247,R3,SKU_D,0
247,R3,SKU_E,0
248,Supplier,SKU_A,0
248,Supplier,SKU_B,0
248,Supplier,SKU_C,0
248,Supplier,SKU_D,0
248,Supplier,SKU_E,0
248,W1,SKU_A,0
248,W1,SKU_B,0
248,W1,SKU_C,0
248,W1,SKU_D,0
248,W1,SKU_E,0
248,W2,SKU_A,0
248,W2,SKU_B,0
248,W2,SKU_C,0
248,W2,SKU_D,0
248,W2,SKU_E,0
248,R1,SKU_A,632
248,R1,SKU_B,207
248,R1,SKU_C,0
248,R1,SKU_D,0
248,R1,SKU_E,0
248,R2,SKU_A,0
248,R2,SKU_B,0
248,R2,SKU_C,375
248,R2,SKU_D,0
248,R2,SKU_E,0
248,R3,SKU_A,0
248,R3,SKU_B,0
248,R3,SKU_C,0
248,R3,SKU_D,0
248,R3,SKU_E,0
249,Supplier,SKU_A,0
249,Supplier,SKU_B,0
249,Supplier,SKU_C,0
249,Supplier,SKU_D,0
249,Supplier,SKU_E,0
249,W1,SKU_A,632
249,W1,SKU_B,0
249,W1,SKU_C,0
249,W1,SKU_D,0
249,W1,SKU_E,0
249,W2,SKU_A,0
249,W2,SKU_B,0
249,W2,SKU_C,0
249,W2,SKU_D,0
249,W2,SKU_E,0
249,R1,SKU_A,0
249,R1,SKU_B,0
249,R1,SKU_C,327
249,R1,SKU_D,0
249,R1,SKU_E,0
249,R2,SKU_A,604
249,R2,SKU_B,0
249,R2,SKU_C,0
249,R2,SKU_D,70
249,R2,SKU_E,0
249,R3,SKU_A,0
249,R3,SKU_B,0
249,R3,SKU_C,0
249,R3,SKU_D,923
249,R3,SKU_E,0
250,Supplier,SKU_A,0
250,Supplier,SKU_B,0
250,Supplier,SKU_C,0
250,Supplier,SKU_D,0
250,Supplier,SKU_E,0
250,W1,SKU_A,604
250,W1,SKU_B,0
250,W1,SKU_C,1059
250,W1,SKU_D,0
250,W1,SKU_E,0
250,W2,SKU_A,0
250,W2,SKU_B,0
250,W2,SKU_C,0
250,W2,SKU_D,0
250,W2,SKU_E,0
250,R1,SKU_A,0
250,R1,SKU_B,0
250,R1,SKU_C,0
250,R1,SKU_D,0
250,R1,SKU_E,185
250,R2,SKU_A,0
250,R2,SKU_B,0
250,R2,SKU_C,0
250,R2,SKU_D,0
250,R2,SKU_E,0
250,R3,SKU_A,0
250,R3,SKU_B,309
250,R3,SKU_C,0
250,R3,SKU_D,0
250,R3,SKU_E,0
251,Supplier,SKU_A,0
251,Supplier,SKU_B,0
251,Supplier,SKU_C,0
251,Supplier,SKU_D,0
251,Supplier,SKU_E,0
251,W1,SKU_A,0
251,W1,SKU_B,0
251,W1,SKU_C,0
251,W1,SKU_D,0
251,W1,SKU_E,0
251,W2,SKU_A,0
251,W2,SKU_B,1453
251,W2,SKU_C,0
251,W2,SKU_D,0
251,W2,SKU_E,0
251,R1,SKU_A,0
251,R1,SKU_B,198
251,R1,SKU_C,0
251,R1,SKU_D,0
251,R1,SKU_E,0
251,R2,SKU_A,0
251,R2,SKU_B,0
251,R2,SKU_C,0
251,R2,SKU_D,74
251,R2,SKU_E,0
251,R3,SKU_A,1417
251,R3,SKU_B,0
251,R3,SKU_C,0
251,R3,SKU_D,0
251,R3,SKU_E,391
252,Supplier,SKU_A,0
252,Supplier,SKU_B,0
252,Supplier,SKU_C,0
252,Supplier,SKU_D,0
252,Supplier,SKU_E,0
252,W1,SKU_A,0
252,W1,SKU_B,0
252,W1,SKU_C,0
252,W1,SKU_D,232
252,W1,SKU_E,0
252,W2,SKU_A,0
252,W2,SKU_B,0
252,W2,SKU_C,0
252,W2,SKU_D,0
252,W2,SKU_E,0
252,R1,SKU_A,0
252,R1,SKU_B,0
252,R1,SKU_C,296
252,R1,SKU_D,0
252,R1,SKU_E,0
252,R2,SKU_A,0
252,R2,SKU_B,0
252,R2,SKU_C,0
252,R2,SKU_D,56
252,R2,SKU_E,0
252,R3,SKU_A,0
252,R3,SKU_B,0
252,R3,SKU_C,0
252,R3,SKU_D,0
252,R3,SKU_E,0
253,Supplier,SKU_A,0
253,Supplier,SKU_B,0
253,Supplier,SKU_C,0
253,Supplier,SKU_D,0
253,Supplier,SKU_E,0
253,W1,SKU_A,0
253,W1,SKU_B,0
253,W1,SKU_C,0
253,W1,SKU_D,0
253,W1,SKU_E,0
253,W2,SKU_A,0
253,W2,SKU_B,0
253,W2,SKU_C,0
253,W2,SKU_D,0
253,W2,SKU_E,0
253,R1,SKU_A,670
253,R1,SKU_B,0
253,R1,SKU_C,0
253,R1,SKU_D,0
253,R1,SKU_E,0
253,R2,SKU_A,0
253,R2,SKU_B,358
253,R2,SKU_C,0
253,R2,SKU_D,45
253,R2,SKU_E,0
253,R3,SKU_A,0
253,R3,SKU_B,0
253,R3,SKU_C,0
253,R3,SKU_D,0
253,R3,SKU_E,0
254,Supplier,SKU_A,0
254,Supplier,SKU_B,0
254,Supplier,SKU_C,0
254,Supplier,SKU_D,0
254,Supplier,SKU_E,0
254,W1,SKU_A,670
254,W1,SKU_B,0
254,W1,SKU_C,0
254,W1,SKU_D,0
254,W1,SKU_E,0
254,W2,SKU_A,0
254,W2,SKU_B,0
254,W2,SKU_C,0
254,W2,SKU_D,0
254,W2,SKU_E,0
254,R1,SKU_A,0
254,R1,SKU_B,0
254,R1,SKU_C,0
254,R1,SKU_D,519
254,R1,SKU_E,0
254,R2,SKU_A,0
254,R2,SKU_B,0
254,R2,SKU_C,0
254,R2,SKU_D,0
254,R2,SKU_E,0
254,R3,SKU_A,0
254,R3,SKU_B,0
254,R3,SKU_C,0
254,R3,SKU_D,0
254,R3,SKU_E,0
255,Supplier,SKU_A,0
255,Supplier,SKU_B,0
255,Supplier,SKU_C,0
255,Supplier,SKU_D,0
255,Supplier,SKU_E,0
255,W1,SKU_A,0
255,W1,SKU_B,0
255,W1,SKU_C,0
255,W1,SKU_D,620
255,W1,SKU_E,0
255,W2,SKU_A,0
255,W2,SKU_B,0
255,W2,SKU_C,0
255,W2,SKU_D,0
255,W2,SKU_E,0
255,R1,SKU_A,0
255,R1,SKU_B,184
255,R1,SKU_C,0
255,R1,SKU_D,0
255,R1,SKU_E,186
255,R2,SKU_A,0
255,R2,SKU_B,0
255,R2,SKU_C,0
255,R2,SKU_D,85
255,R2,SKU_E,0
255,R3,SKU_A,0
255,R3,SKU_B,0
255,R3,SKU_C,0
255,R3,SKU_D,0
255,R3,SKU_E,0
256,Supplier,SKU_A,0
256,Supplier,SKU_B,0
256,Supplier,SKU_C,0
256,Supplier,SKU_D,0
256,Supplier,SKU_E,0
256,W1,SKU_A,0
256,W1,SKU_B,0
256,W1,SKU_C,0
256,W1,SKU_D,0
256,W1,SKU_E,0
256,W2,SKU_A,0
256,W2,SKU_B,0
256,W2,SKU_C,0
256,W2,SKU_D,0
256,W2,SKU_E,0
256,R1,SKU_A,0
256,R1,SKU_B,0
256,R1,SKU_C,0
256,R1,SKU_D,0
256,R1,SKU_E,0
256,R2,SKU_A,0
256,R2,SKU_B,0
256,R2,SKU_C,0
256,R2,SKU_D,0
256,R2,SKU_E,0
256,R3,SKU_A,0
256,R3,SKU_B,0
256,R3,SKU_C,0
256,R3,SKU_D,0
256,R3,SKU_E,346
257,Supplier,SKU_A,0
257,Supplier,SKU_B,0
257,Supplier,SKU_C,0
257,Supplier,SKU_D,0
257,Supplier,SKU_E,0
257,W1,SKU_A,0
257,W1,SKU_B,0
257,W1,SKU_C,0
257,W1,SKU_D,0
257,W1,SKU_E,0
257,W2,SKU_A,0
257,W2,SKU_B,0
257,W2,SKU_C,0
257,W2,SKU_D,0
257,W2,SKU_E,0
257,R1,SKU_A,0
257,R1,SKU_B,0
257,R1,SKU_C,321
257,R1,SKU_D,0
257,R1,SKU_E,0
257,R2,SKU_A,652
257,R2,SKU_B,0
257,R2,SKU_C,0
257,R2,SKU_D,82
257,R2,SKU_E,0
257,R3,SKU_A,0
257,R3,SKU_B,291
257,R3,SKU_C,1106
257,R3,SKU_D,0
257,R3,SKU_E,0
258,Supplier,SKU_A,0
258,Supplier,SKU_B,0
258,Supplier,SKU_C,0
258,Supplier,SKU_D,0
258,Supplier,SKU_E,0
258,W1,SKU_A,652
258,W1,SKU_B,0
258,W1,SKU_C,0
258,W1,SKU_D,167
258,W1,SKU_E,0
258,W2,SKU_A,0
258,W2,SKU_B,0
258,W2,SKU_C,0
258,W2,SKU_D,0
258,W2,SKU_E,0
258,R1,SKU_A,626
258,R1,SKU_B,0
258,R1,SKU_C,0
258,R1,SKU_D,0
258,R1,SKU_E,0
258,R2,SKU_A,0
258,R2,SKU_B,0
258,R2,SKU_C,357
258,R2,SKU_D,54
258,R2,SKU_E,504
258,R3,SKU_A,0
258,R3,SKU_B,0
258,R3,SKU_C,0
258,R3,SKU_D,0
258,R3,SKU_E,0
259,Supplier,SKU_A,0
259,Supplier,SKU_B,0
259,Supplier,SKU_C,0
259,Supplier,SKU_D,0
259,Supplier,SKU_E,0
259,W1,SKU_A,626
259,W1,SKU_B,0
259,W1,SKU_C,974
259,W1,SKU_D,0
259,W1,SKU_E,875
259,W2,SKU_A,0
259,W2,SKU_B,0
259,W2,SKU_C,0
259,W2,SKU_D,0
259,W2,SKU_E,0
259,R1,SKU_A,0
259,R1,SKU_B,191
259,R1,SKU_C,0
259,R1,SKU_D,0
259,R1,SKU_E,0
259,R2,SKU_A,0
259,R2,SKU_B,0
259,R2,SKU_C,0
259,R2,SKU_D,50
259,R2,SKU_E,0
259,R3,SKU_A,0
259,R3,SKU_B,0
259,R3,SKU_C,0
259,R3,SKU_D,0
259,R3,SKU_E,0
260,Supplier,SKU_A,0
260,Supplier,SKU_B,0
260,Supplier,SKU_C,0
260,Supplier,SKU_D,0
260,Supplier,SKU_E,0
260,W1,SKU_A,0
260,W1,SKU_B,0
260,W1,SKU_C,0
260,W1,SKU_D,0
260,W1,SKU_E,0
260,W2,SKU_A,0
260,W2,SKU_B,0
260,W2,SKU_C,0
260,W2,SKU_D,0
260,W2,SKU_E,0
260,R1,SKU_A,0
260,R1,SKU_B,0
260,R1,SKU_C,288
260,R1,SKU_D,0
260,R1,SKU_E,170
260,R2,SKU_A,0
260,R2,SKU_B,0
260,R2,SKU_C,0
260,R2,SKU_D,0
260,R2,SKU_E,0
260,R3,SKU_A,1412
260,R3,SKU_B,0
260,R3,SKU_C,0
260,R3,SKU_D,886
260,R3,SKU_E,0
261,Supplier,SKU_A,0
261,Supplier,SKU_B,0
261,Supplier,SKU_C,0
261,Supplier,SKU_D,0
261,Supplier,SKU_E,0
261,W1,SKU_A,0
261,W1,SKU_B,0
261,W1,SKU_C,0
261,W1,SKU_D,0
261,W1,SKU_E,0
261,W2,SKU_A,2829
261,W2,SKU_B,0
261,W2,SKU_C,0
261,W2,SKU_D,1809
261,W2,SKU_E,0
261,R1,SKU_A,0
261,R1,SKU_B,0
261,R1,SKU_C,0
261,R1,SKU_D,0
261,R1,SKU_E,0
261,R2,SKU_A,0
261,R2,SKU_B,0
261,R2,SKU_C,0
261,R2,SKU_D,75
261,R2,SKU_E,0
261,R3,SKU_A,0
261,R3,SKU_B,0
261,R3,SKU_C,0
261,R3,SKU_D,0
261,R3,SKU_E,0
262,Supplier,SKU_A,0
262,Supplier,SKU_B,0
262,Supplier,SKU_C,0
262,Supplier,SKU_D,0
262,Supplier,SKU_E,0
262,W1,SKU_A,0
262,W1,SKU_B,0
262,W1,SKU_C,0
262,W1,SKU_D,179
262,W1,SKU_E,0
262,W2,SKU_A,0
262,W2,SKU_B,0
262,W2,SKU_C,0
262,W2,SKU_D,0
262,W2,SKU_E,0
262,R1,SKU_A,0
262,R1,SKU_B,0
262,R1,SKU_C,0
262,R1,SKU_D,0
262,R1,SKU_E,0
262,R2,SKU_A,0
262,R2,SKU_B,0
262,R2,SKU_C,0
262,R2,SKU_D,0
262,R2,SKU_E,0
262,R3,SKU_A,0
262,R3,SKU_B,0
262,R3,SKU_C,0
262,R3,SKU_D,0
262,R3,SKU_E,377
263,Supplier,SKU_A,0
263,Supplier,SKU_B,0
263,Supplier,SKU_C,0
263,Supplier,SKU_D,0
263,Supplier,SKU_E,0
263,W1,SKU_A,0
263,W1,SKU_B,0
263,W1,SKU_C,0
263,W1,SKU_D,0
263,W1,SKU_E,0
263,W2,SKU_A,0
263,W2,SKU_B,0
263,W2,SKU_C,0
263,W2,SKU_D,0
263,W2,SKU_E,1114
263,R1,SKU_A,637
263,R1,SKU_B,0
263,R1,SKU_C,0
263,R1,SKU_D,0
263,R1,SKU_E,0
263,R2,SKU_A,0
263,R2,SKU_B,372
263,R2,SKU_C,0
263,R2,SKU_D,68
263,R2,SKU_E,0
263,R3,SKU_A,0
263,R3,SKU_B,0
263,R3,SKU_C,0
263,R3,SKU_D,0
263,R3,SKU_E,0
264,Supplier,SKU_A,0
264,Supplier,SKU_B,0
264,Supplier,SKU_C,0
264,Supplier,SKU_D,0
264,Supplier,SKU_E,0
264,W1,SKU_A,637
264,W1,SKU_B,1510
264,W1,SKU_C,0
264,W1,SKU_D,0
264,W1,SKU_E,0
264,W2,SKU_A,0
264,W2,SKU_B,0
264,W2,SKU_C,0
264,W2,SKU_D,0
264,W2,SKU_E,0
264,R1,SKU_A,0
264,R1,SKU_B,0
264,R1,SKU_C,0
264,R1,SKU_D,546
264,R1,SKU_E,0
264,R2,SKU_A,0
264,R2,SKU_B,0
264,R2,SKU_C,0
264,R2,SKU_D,48
264,R2,SKU_E,0
264,R3,SKU_A,0
264,R3,SKU_B,287
264,R3,SKU_C,0
264,R3,SKU_D,0
264,R3,SKU_E,0
265,Supplier,SKU_A,0
265,Supplier,SKU_B,0
265,Supplier,SKU_C,0
265,Supplier,SKU_D,0
265,Supplier,SKU_E,0
265,W1,SKU_A,0
265,W1,SKU_B,0
265,W1,SKU_C,0
265,W1,SKU_D,662
265,W1,SKU_E,0
265,W2,SKU_A,0
265,W2,SKU_B,0
265,W2,SKU_C,0
265,W2,SKU_D,0
265,W2,SKU_E,0
265,R1,SKU_A,0
265,R1,SKU_B,222
265,R1,SKU_C,362
265,R1,SKU_D,0
265,R1,SKU_E,196
265,R2,SKU_A,648
265,R2,SKU_B,0
265,R2,SKU_C,0
265,R2,SKU_D,61
265,R2,SKU_E,0
265,R3,SKU_A,0
265,R3,SKU_B,0
265,R3,SKU_C,0
265,R3,SKU_D,0
265,R3,SKU_E,0
266,Supplier,SKU_A,0
266,Supplier,SKU_B,0
266,Supplier,SKU_C,0
266,Supplier,SKU_D,0
266,Supplier,SKU_E,0
266,W1,SKU_A,648
266,W1,SKU_B,0
266,W1,SKU_C,0
266,W1,SKU_D,0
266,W1,SKU_E,0
266,W2,SKU_A,0
266,W2,SKU_B,0
266,W2,SKU_C,0
266,W2,SKU_D,0
266,W2,SKU_E,0
266,R1,SKU_A,0
266,R1,SKU_B,0
266,R1,SKU_C,0
266,R1,SKU_D,0
266,R1,SKU_E,0
266,R2,SKU_A,0
266,R2,SKU_B,0
266,R2,SKU_C,0
266,R2,SKU_D,0
266,R2,SKU_E,0
266,R3,SKU_A,0
266,R3,SKU_B,0
266,R3,SKU_C,0
266,R3,SKU_D,0
266,R3,SKU_E,0
267,Supplier,SKU_A,0
267,Supplier,SKU_B,0
267,Supplier,SKU_C,0
267,Supplier,SKU_D,0
267,Supplier,SKU_E,0
267,W1,SKU_A,0
267,W1,SKU_B,0
267,W1,SKU_C,0
267,W1,SKU_D,0
267,W1,SKU_E,0
267,W2,SKU_A,0
267,W2,SKU_B,0
267,W2,SKU_C,0
267,W2,SKU_D,0
267,W2,SKU_E,0
267,R1,SKU_A,0
267,R1,SKU_B,0
267,R1,SKU_C,0
267,R1,SKU_D,0
267,R1,SKU_E,0
267,R2,SKU_A,0
267,R2,SKU_B,0
267,R2,SKU_C,0
267,R2,SKU_D,76
267,R2,SKU_E,0
267,R3,SKU_A,0
267,R3,SKU_B,0
267,R3,SKU_C,0
267,R3,SKU_D,0
267,R3,SKU_E,369
268,Supplier,SKU_A,0
268,Supplier,SKU_B,0
268,Supplier,SKU_C,0
268,Supplier,SKU_D,0
268,Supplier,SKU_E,0
268,W1,SKU_A,0
268,W1,SKU_B,0
268,W1,SKU_C,0
268,W1,SKU_D,0
268,W1,SKU_E,0
268,W2,SKU_A,0
268,W2,SKU_B,0
268,W2,SKU_C,0
268,W2,SKU_D,0
268,W2,SKU_E,0
268,R1,SKU_A,671
268,R1,SKU_B,0
268,R1,SKU_C,0
268,R1,SKU_D,0
268,R1,SKU_E,0
268,R2,SKU_A,0
268,R2,SKU_B,0
268,R2,SKU_C,0
268,R2,SKU_D,47
268,R2,SKU_E,0
268,R3,SKU_A,0
268,R3,SKU_B,0
268,R3,SKU_C,0
268,R3,SKU_D,0
268,R3,SKU_E,0
269,Supplier,SKU_A,0
269,Supplier,SKU_B,0
269,Supplier,SKU_C,0
269,Supplier,SKU_D,0
269,Supplier,SKU_E,0
269,W1,SKU_A,671
269,W1,SKU_B,0
269,W1,SKU_C,0
269,W1,SKU_D,184
269,W1,SKU_E,0
269,W2,SKU_A,0
269,W2,SKU_B,0
269,W2,SKU_C,0
269,W2,SKU_D,0
269,W2,SKU_E,0
269,R1,SKU_A,0
269,R1,SKU_B,181
269,R1,SKU_C,294
269,R1,SKU_D,0
269,R1,SKU_E,0
269,R2,SKU_A,0
269,R2,SKU_B,0
269,R2,SKU_C,0
269,R2,SKU_D,0
269,R2,SKU_E,0
269,R3,SKU_A,0
269,R3,SKU_B,0
269,R3,SKU_C,1062
269,R3,SKU_D,0
269,R3,SKU_E,0
270,Supplier,SKU_A,0
270,Supplier,SKU_B,0
270,Supplier,SKU_C,0
270,Supplier,SKU_D,0
270,Supplier,SKU_E,0
270,W1,SKU_A,0
270,W1,SKU_B,0
270,W1,SKU_C,944
270,W1,SKU_D,0
270,W1,SKU_E,0
270,W2,SKU_A,0
270,W2,SKU_B,0
270,W2,SKU_C,2168
270,W2,SKU_D,0
270,W2,SKU_E,0
270,R1,SKU_A,0
270,R1,SKU_B,0
270,R1,SKU_C,0
270,R1,SKU_D,0
270,R1,SKU_E,0
270,R2,SKU_A,0
270,R2,SKU_B,0
270,R2,SKU_C,354
270,R2,SKU_D,77
270,R2,SKU_E,460
270,R3,SKU_A,1527
270,R3,SKU_B,0
270,R3,SKU_C,0
270,R3,SKU_D,0
270,R3,SKU_E,0
271,Supplier,SKU_A,0
271,Supplier,SKU_B,0
271,Supplier,SKU_C,0
271,Supplier,SKU_D,0
271,Supplier,SKU_E,0
271,W1,SKU_A,0
271,W1,SKU_B,0
271,W1,SKU_C,0
271,W1,SKU_D,0
271,W1,SKU_E,826
271,W2,SKU_A,0
271,W2,SKU_B,0
271,W2,SKU_C,0
271,W2,SKU_D,0
271,W2,SKU_E,0
271,R1,SKU_A,0
271,R1,SKU_B,0
271,R1,SKU_C,0
271,R1,SKU_D,0
271,R1,SKU_E,183
271,R2,SKU_A,0
271,R2,SKU_B,0
271,R2,SKU_C,0
271,R2,SKU_D,0
271,R2,SKU_E,0
271,R3,SKU_A,0
271,R3,SKU_B,280
271,R3,SKU_C,0
271,R3,SKU_D,907
271,R3,SKU_E,0
272,Supplier,SKU_A,0
272,Supplier,SKU_B,0
272,Supplier,SKU_C,0
272,Supplier,SKU_D,0
272,Supplier,SKU_E,0
272,W1,SKU_A,0
272,W1,SKU_B,0
272,W1,SKU_C,0
272,W1,SKU_D,0
272,W1,SKU_E,0
272,W2,SKU_A,0
272,W2,SKU_B,0
272,W2,SKU_C,0
272,W2,SKU_D,0
272,W2,SKU_E,0
272,R1,SKU_A,0
272,R1,SKU_B,0
272,R1,SKU_C,0
272,R1,SKU_D,0
272,R1,SKU_E,0
272,R2,SKU_A,0
272,R2,SKU_B,370
272,R2,SKU_C,0
272,R2,SKU_D,93
272,R2,SKU_E,0
272,R3,SKU_A,0
272,R3,SKU_B,0
272,R3,SKU_C,0
272,R3,SKU_D,0
272,R3,SKU_E,0
273,Supplier,SKU_A,0
273,Supplier,SKU_B,0
273,Supplier,SKU_C,0
273,Supplier,SKU_D,0
273,Supplier,SKU_E,0
273,W1,SKU_A,0
273,W1,SKU_B,0
273,W1,SKU_C,0
273,W1,SKU_D,170
273,W1,SKU_E,0
273,W2,SKU_A,0
273,W2,SKU_B,0
273,W2,SKU_C,0
273,W2,SKU_D,0
273,W2,SKU_E,0
273,R1,SKU_A,670
273,R1,SKU_B,206
273,R1,SKU_C,355
273,R1,SKU_D,517
273,R1,SKU_E,0
273,R2,SKU_A,621
273,R2,SKU_B,0
273,R2,SKU_C,0
273,R2,SKU_D,47
273,R2,SKU_E,0
273,R3,SKU_A,0
273,R3,SKU_B,0
273,R3,SKU_C,0
273,R3,SKU_D,0
273,R3,SKU_E,370
274,Supplier,SKU_A,0
274,Supplier,SKU_B,0
274,Supplier,SKU_C,0
274,Supplier,SKU_D,0
274,Supplier,SKU_E,0
274,W1,SKU_A,1291
274,W1,SKU_B,0
274,W1,SKU_C,0
274,W1,SKU_D,564
274,W1,SKU_E,0
274,W2,SKU_A,0
274,W2,SKU_B,0
274,W2,SKU_C,0
274,W2,SKU_D,0
274,W2,SKU_E,0
274,R1,SKU_A,0
274,R1,SKU_B,0
274,R1,SKU_C,0
274,R1,SKU_D,0
274,R1,SKU_E,0
274,R2,SKU_A,0
274,R2,SKU_B,0
274,R2,SKU_C,0
274,R2,SKU_D,0
274,R2,SKU_E,0
274,R3,SKU_A,0
274,R3,SKU_B,0
274,R3,SKU_C,0
274,R3,SKU_D,0
274,R3,SKU_E,0
275,Supplier,SKU_A,0
275,Supplier,SKU_B,0
275,Supplier,SKU_C,0
275,Supplier,SKU_D,0
275,Supplier,SKU_E,0
275,W1,SKU_A,0
275,W1,SKU_B,0
275,W1,SKU_C,0
275,W1,SKU_D,0
275,W1,SKU_E,0
275,W2,SKU_A,0
275,W2,SKU_B,0
275,W2,SKU_C,0
275,W2,SKU_D,0
275,W2,SKU_E,0
275,R1,SKU_A,0
275,R1,SKU_B,0
275,R1,SKU_C,0
275,R1,SKU_D,0
275,R1,SKU_E,0
275,R2,SKU_A,0
275,R2,SKU_B,0
275,R2,SKU_C,0
275,R2,SKU_D,69
275,R2,SKU_E,0
275,R3,SKU_A,0
275,R3,SKU_B,0
275,R3,SKU_C,0
275,R3,SKU_D,0
275,R3,SKU_E,0
276,Supplier,SKU_A,0
276,Supplier,SKU_B,0
276,Supplier,SKU_C,0
276,Supplier,SKU_D,0
276,Supplier,SKU_E,0
276,W1,SKU_A,0
276,W1,SKU_B,0
276,W1,SKU_C,0
276,W1,SKU_D,0
276,W1,SKU_E,0
276,W2,SKU_A,0
276,W2,SKU_B,0
276,W2,SKU_C,0
276,W2,SKU_D,0
276,W2,SKU_E,0
276,R1,SKU_A,0
276,R1,SKU_B,0
276,R1,SKU_C,0
276,R1,SKU_D,0
276,R1,SKU_E,174
276,R2,SKU_A,0
276,R2,SKU_B,0
276,R2,SKU_C,0
276,R2,SKU_D,0
276,R2,SKU_E,0
276,R3,SKU_A,0
276,R3,SKU_B,0
276,R3,SKU_C,0
276,R3,SKU_D,0
276,R3,SKU_E,0
277,Supplier,SKU_A,0
277,Supplier,SKU_B,0
277,Supplier,SKU_C,0
277,Supplier,SKU_D,0
277,Supplier,SKU_E,0
277,W1,SKU_A,0
277,W1,SKU_B,0
277,W1,SKU_C,0
277,W1,SKU_D,0
277,W1,SKU_E,0
277,W2,SKU_A,0
277,W2,SKU_B,0
277,W2,SKU_C,0
277,W2,SKU_D,0
277,W2,SKU_E,0
277,R1,SKU_A,0
277,R1,SKU_B,0
277,R1,SKU_C,0
277,R1,SKU_D,0
277,R1,SKU_E,0
277,R2,SKU_A,0
277,R2,SKU_B,0
277,R2,SKU_C,0
277,R2,SKU_D,90
277,R2,SKU_E,0
277,R3,SKU_A,0
277,R3,SKU_B,0
277,R3,SKU_C,0
277,R3,SKU_D,0
277,R3,SKU_E,0
278,Supplier,SKU_A,0
278,Supplier,SKU_B,0
278,Supplier,SKU_C,0
278,Supplier,SKU_D,0
278,Supplier,SKU_E,0
278,W1,SKU_A,0
278,W1,SKU_B,0
278,W1,SKU_C,0
278,W1,SKU_D,0
278,W1,SKU_E,0
278,W2,SKU_A,0
278,W2,SKU_B,0
278,W2,SKU_C,0
278,W2,SKU_D,0
278,W2,SKU_E,0
278,R1,SKU_A,0
278,R1,SKU_B,211
278,R1,SKU_C,303
278,R1,SKU_D,0
278,R1,SKU_E,0
278,R2,SKU_A,0
278,R2,SKU_B,0
278,R2,SKU_C,0
278,R2,SKU_D,45
278,R2,SKU_E,0
278,R3,SKU_A,0
278,R3,SKU_B,320
278,R3,SKU_C,0
278,R3,SKU_D,0
278,R3,SKU_E,0
279,Supplier,SKU_A,0
279,Supplier,SKU_B,0
279,Supplier,SKU_C,0
279,Supplier,SKU_D,0
279,Supplier,SKU_E,0
279,W1,SKU_A,0
279,W1,SKU_B,1190
279,W1,SKU_C,1012
279,W1,SKU_D,204
279,W1,SKU_E,0
279,W2,SKU_A,0
279,W2,SKU_B,0
279,W2,SKU_C,0
279,W2,SKU_D,0
279,W2,SKU_E,0
279,R1,SKU_A,667
279,R1,SKU_B,0
279,R1,SKU_C,0
279,R1,SKU_D,0
279,R1,SKU_E,0
279,R2,SKU_A,0
279,R2,SKU_B,0
279,R2,SKU_C,0
279,R2,SKU_D,54
279,R2,SKU_E,0
279,R3,SKU_A,0
279,R3,SKU_B,0
279,R3,SKU_C,0
279,R3,SKU_D,0
279,R3,SKU_E,0
280,Supplier,SKU_A,0
280,Supplier,SKU_B,0
280,Supplier,SKU_C,0
280,Supplier,SKU_D,0
280,Supplier,SKU_E,0
280,W1,SKU_A,667
280,W1,SKU_B,0
280,W1,SKU_C,0
280,W1,SKU_D,0
280,W1,SKU_E,0
280,W2,SKU_A,0
280,W2,SKU_B,0
280,W2,SKU_C,0
280,W2,SKU_D,0
280,W2,SKU_E,0
280,R1,SKU_A,0
280,R1,SKU_B,0
280,R1,SKU_C,0
280,R1,SKU_D,0
280,R1,SKU_E,182
280,R2,SKU_A,0
280,R2,SKU_B,348
280,R2,SKU_C,365
280,R2,SKU_D,0
280,R2,SKU_E,0
280,R3,SKU_A,1575
280,R3,SKU_B,0
280,R3,SKU_C,0
280,R3,SKU_D,0
280,R3,SKU_E,392
281,Supplier,SKU_A,0
281,Supplier,SKU_B,0
281,Supplier,SKU_C,0
281,Supplier,SKU_D,0
281,Supplier,SKU_E,0
281,W1,SKU_A,0
281,W1,SKU_B,0
281,W1,SKU_C,0
281,W1,SKU_D,0
281,W1,SKU_E,0
281,W2,SKU_A,3102
281,W2,SKU_B,0
281,W2,SKU_C,0
281,W2,SKU_D,0
281,W2,SKU_E,1131
281,R1,SKU_A,0
281,R1,SKU_B,188
281,R1,SKU_C,290
281,R1,SKU_D,0
281,R1,SKU_E,0
281,R2,SKU_A,672
281,R2,SKU_B,0
281,R2,SKU_C,0
281,R2,SKU_D,92
281,R2,SKU_E,0
281,R3,SKU_A,0
281,R3,SKU_B,0
281,R3,SKU_C,1035
281,R3,SKU_D,0
281,R3,SKU_E,0
282,Supplier,SKU_A,0
282,Supplier,SKU_B,0
282,Supplier,SKU_C,0
282,Supplier,SKU_D,0
282,Supplier,SKU_E,0
282,W1,SKU_A,672
282,W1,SKU_B,0
282,W1,SKU_C,0
282,W1,SKU_D,0
282,W1,SKU_E,0
282,W2,SKU_A,0
282,W2,SKU_B,0
282,W2,SKU_C,0
282,W2,SKU_D,0
282,W2,SKU_E,0
282,R1,SKU_A,0
282,R1,SKU_B,0
282,R1,SKU_C,0
282,R1,SKU_D,0
282,R1,SKU_E,0
282,R2,SKU_A,0
282,R2,SKU_B,0
282,R2,SKU_C,0
282,R2,SKU_D,45
282,R2,SKU_E,465
282,R3,SKU_A,0
282,R3,SKU_B,0
282,R3,SKU_C,0
282,R3,SKU_D,916
282,R3,SKU_E,0
283,Supplier,SKU_A,0
283,Supplier,SKU_B,0
283,Supplier,SKU_C,0
283,Supplier,SKU_D,0
283,Supplier,SKU_E,0
283,W1,SKU_A,0
283,W1,SKU_B,0
283,W1,SKU_C,0
283,W1,SKU_D,191
283,W1,SKU_E,1004
283,W2,SKU_A,0
283,W2,SKU_B,0
283,W2,SKU_C,0
283,W2,SKU_D,1823
283,W2,SKU_E,0
283,R1,SKU_A,0
283,R1,SKU_B,0
283,R1,SKU_C,0
283,R1,SKU_D,541
283,R1,SKU_E,0
283,R2,SKU_A,0
283,R2,SKU_B,0
283,R2,SKU_C,0
283,R2,SKU_D,0
283,R2,SKU_E,0
283,R3,SKU_A,0
283,R3,SKU_B,0
283,R3,SKU_C,0
283,R3,SKU_D,0
283,R3,SKU_E,0
284,Supplier,SKU_A,0
284,Supplier,SKU_B,0
284,Supplier,SKU_C,0
284,Supplier,SKU_D,0
284,Supplier,SKU_E,0
284,W1,SKU_A,0
284,W1,SKU_B,0
284,W1,SKU_C,0
284,W1,SKU_D,541
284,W1,SKU_E,0
284,W2,SKU_A,0
284,W2,SKU_B,0
284,W2,SKU_C,0
284,W2,SKU_D,0
284,W2,SKU_E,0
284,R1,SKU_A,0
284,R1,SKU_B,0
284,R1,SKU_C,0
284,R1,SKU_D,0
284,R1,SKU_E,0
284,R2,SKU_A,0
284,R2,SKU_B,0
284,R2,SKU_C,0
284,R2,SKU_D,81
284,R2,SKU_E,0
284,R3,SKU_A,0
284,R3,SKU_B,296
284,R3,SKU_C,0
284,R3,SKU_D,0
284,R3,SKU_E,0
285,Supplier,SKU_A,0
285,Supplier,SKU_B,0
285,Supplier,SKU_C,0
285,Supplier,SKU_D,0
285,Supplier,SKU_E,0
285,W1,SKU_A,0
285,W1,SKU_B,0
285,W1,SKU_C,0
285,W1,SKU_D,0
285,W1,SKU_E,0
285,W2,SKU_A,0
285,W2,SKU_B,1474
285,W2,SKU_C,0
285,W2,SKU_D,0
285,W2,SKU_E,0
285,R1,SKU_A,677
285,R1,SKU_B,0
285,R1,SKU_C,287
285,R1,SKU_D,0
285,R1,SKU_E,169
285,R2,SKU_A,0
285,R2,SKU_B,0
285,R2,SKU_C,0
285,R2,SKU_D,63
285,R2,SKU_E,0
285,R3,SKU_A,0
285,R3,SKU_B,0
285,R3,SKU_C,0
285,R3,SKU_D,0
285,R3,SKU_E,0
286,Supplier,SKU_A,0
286,Supplier,SKU_B,0
286,Supplier,SKU_C,0
286,Supplier,SKU_D,0
286,Supplier,SKU_E,0
286,W1,SKU_A,677
286,W1,SKU_B,0
286,W1,SKU_C,942
286,W1,SKU_D,0
286,W1,SKU_E,0
286,W2,SKU_A,0
286,W2,SKU_B,0
286,W2,SKU_C,0
286,W2,SKU_D,0
286,W2,SKU_E,0
286,R1,SKU_A,0
286,R1,SKU_B,258
286,R1,SKU_C,0
286,R1,SKU_D,0
286,R1,SKU_E,0
286,R2,SKU_A,0
286,R2,SKU_B,0
286,R2,SKU_C,0
286,R2,SKU_D,0
286,R2,SKU_E,0
286,R3,SKU_A,0
286,R3,SKU_B,0
286,R3,SKU_C,0
286,R3,SKU_D,0
286,R3,SKU_E,392
287,Supplier,SKU_A,0
287,Supplier,SKU_B,0
287,Supplier,SKU_C,0
287,Supplier,SKU_D,0
287,Supplier,SKU_E,0
287,W1,SKU_A,0
287,W1,SKU_B,0
287,W1,SKU_C,0
287,W1,SKU_D,0
287,W1,SKU_E,0
287,W2,SKU_A,0
287,W2,SKU_B,0
287,W2,SKU_C,0
287,W2,SKU_D,0
287,W2,SKU_E,0
287,R1,SKU_A,0
287,R1,SKU_B,0
287,R1,SKU_C,0
287,R1,SKU_D,0
287,R1,SKU_E,0
287,R2,SKU_A,0
287,R2,SKU_B,372
287,R2,SKU_C,0
287,R2,SKU_D,91
287,R2,SKU_E,0
287,R3,SKU_A,0
287,R3,SKU_B,0
287,R3,SKU_C,0
287,R3,SKU_D,0
287,R3,SKU_E,0
288,Supplier,SKU_A,0
288,Supplier,SKU_B,0
288,Supplier,SKU_C,0
288,Supplier,SKU_D,0
288,Supplier,SKU_E,0
288,W1,SKU_A,0
288,W1,SKU_B,1166
288,W1,SKU_C,0
288,W1,SKU_D,235
288,W1,SKU_E,0
288,W2,SKU_A,0
288,W2,SKU_B,0
288,W2,SKU_C,0
288,W2,SKU_D,0
288,W2,SKU_E,0
288,R1,SKU_A,0
288,R1,SKU_B,0
288,R1,SKU_C,298
288,R1,SKU_D,0
288,R1,SKU_E,0
288,R2,SKU_A,654
288,R2,SKU_B,0
288,R2,SKU_C,0
288,R2,SKU_D,0
288,R2,SKU_E,0
288,R3,SKU_A,1411
288,R3,SKU_B,0
288,R3,SKU_C,0
288,R3,SKU_D,0
288,R3,SKU_E,0
289,Supplier,SKU_A,0
289,Supplier,SKU_B,0
289,Supplier,SKU_C,0
289,Supplier,SKU_D,0
289,Supplier,SKU_E,0
289,W1,SKU_A,654
289,W1,SKU_B,0
289,W1,SKU_C,0
289,W1,SKU_D,0
289,W1,SKU_E,0
289,W2,SKU_A,0
289,W2,SKU_B,0
289,W2,SKU_C,0
289,W2,SKU_D,0
289,W2,SKU_E,0
289,R1,SKU_A,0
289,R1,SKU_B,0
289,R1,SKU_C,0
289,R1,SKU_D,0
289,R1,SKU_E,181
289,R2,SKU_A,0
289,R2,SKU_B,0
289,R2,SKU_C,342
289,R2,SKU_D,99
289,R2,SKU_E,0
289,R3,SKU_A,0
289,R3,SKU_B,0
289,R3,SKU_C,0
289,R3,SKU_D,0
289,R3,SKU_E,0
290,Supplier,SKU_A,0
290,Supplier,SKU_B,0
290,Supplier,SKU_C,0
290,Supplier,SKU_D,0
290,Supplier,SKU_E,0
290,W1,SKU_A,0
290,W1,SKU_B,0
290,W1,SKU_C,0
290,W1,SKU_D,0
290,W1,SKU_E,0
290,W2,SKU_A,0
290,W2,SKU_B,0
290,W2,SKU_C,0
290,W2,SKU_D,0
290,W2,SKU_E,0
290,R1,SKU_A,640
290,R1,SKU_B,219
290,R1,SKU_C,0
290,R1,SKU_D,0
290,R1,SKU_E,0
290,R2,SKU_A,0
290,R2,SKU_B,0
290,R2,SKU_C,0
290,R2,SKU_D,51
290,R2,SKU_E,0
290,R3,SKU_A,0
290,R3,SKU_B,304
290,R3,SKU_C,0
290,R3,SKU_D,0
290,R3,SKU_E,330
291,Supplier,SKU_A,0
291,Supplier,SKU_B,0
291,Supplier,SKU_C,0
291,Supplier,SKU_D,0
291,Supplier,SKU_E,0
291,W1,SKU_A,640
291,W1,SKU_B,0
291,W1,SKU_C,0
291,W1,SKU_D,0
291,W1,SKU_E,0
291,W2,SKU_A,0
291,W2,SKU_B,0
291,W2,SKU_C,0
291,W2,SKU_D,0
291,W2,SKU_E,0
291,R1,SKU_A,0
291,R1,SKU_B,0
291,R1,SKU_C,306
291,R1,SKU_D,0
291,R1,SKU_E,0
291,R2,SKU_A,0
291,R2,SKU_B,0
291,R2,SKU_C,0
291,R2,SKU_D,57
291,R2,SKU_E,469
291,R3,SKU_A,0
291,R3,SKU_B,0
291,R3,SKU_C,1091
291,R3,SKU_D,962
291,R3,SKU_E,0
292,Supplier,SKU_A,0
292,Supplier,SKU_B,0
292,Supplier,SKU_C,0
292,Supplier,SKU_D,0
292,Supplier,SKU_E,0
292,W1,SKU_A,0
292,W1,SKU_B,0
292,W1,SKU_C,946
292,W1,SKU_D,207
292,W1,SKU_E,819
292,W2,SKU_A,0
292,W2,SKU_B,0
292,W2,SKU_C,2126
292,W2,SKU_D,0
292,W2,SKU_E,0
292,R1,SKU_A,0
292,R1,SKU_B,0
292,R1,SKU_C,0
292,R1,SKU_D,0
292,R1,SKU_E,0
292,R2,SKU_A,0
292,R2,SKU_B,0
292,R2,SKU_C,0
292,R2,SKU_D,0
292,R2,SKU_E,0
292,R3,SKU_A,0
292,R3,SKU_B,0
292,R3,SKU_C,0
292,R3,SKU_D,0
292,R3,SKU_E,0
293,Supplier,SKU_A,0
293,Supplier,SKU_B,0
293,Supplier,SKU_C,0
293,Supplier,SKU_D,0
293,Supplier,SKU_E,0
293,W1,SKU_A,0
293,W1,SKU_B,0
293,W1,SKU_C,0
293,W1,SKU_D,0
293,W1,SKU_E,0
293,W2,SKU_A,0
293,W2,SKU_B,0
293,W2,SKU_C,0
293,W2,SKU_D,0
293,W2,SKU_E,0
293,R1,SKU_A,0
293,R1,SKU_B,194
293,R1,SKU_C,0
293,R1,SKU_D,568
293,R1,SKU_E,219
293,R2,SKU_A,0
293,R2,SKU_B,0
293,R2,SKU_C,0
293,R2,SKU_D,108
293,R2,SKU_E,0
293,R3,SKU_A,0
293,R3,SKU_B,0
293,R3,SKU_C,0
293,R3,SKU_D,0
293,R3,SKU_E,0
294,Supplier,SKU_A,0
294,Supplier,SKU_B,0
294,Supplier,SKU_C,0
294,Supplier,SKU_D,0
294,Supplier,SKU_E,0
294,W1,SKU_A,0
294,W1,SKU_B,0
294,W1,SKU_C,0
294,W1,SKU_D,676
294,W1,SKU_E,0
294,W2,SKU_A,0
294,W2,SKU_B,0
294,W2,SKU_C,0
294,W2,SKU_D,0
294,W2,SKU_E,0
294,R1,SKU_A,717
294,R1,SKU_B,0
294,R1,SKU_C,394
294,R1,SKU_D,0
294,R1,SKU_E,0
294,R2,SKU_A,636
294,R2,SKU_B,385
294,R2,SKU_C,0
294,R2,SKU_D,47
294,R2,SKU_E,0
294,R3,SKU_A,0
294,R3,SKU_B,287
294,R3,SKU_C,0
294,R3,SKU_D,0
294,R3,SKU_E,429
295,Supplier,SKU_A,0
295,Supplier,SKU_B,0
295,Supplier,SKU_C,0
295,Supplier,SKU_D,0
295,Supplier,SKU_E,0
295,W1,SKU_A,1353
295,W1,SKU_B,0
295,W1,SKU_C,0
295,W1,SKU_D,0
295,W1,SKU_E,0
295,W2,SKU_A,0
295,W2,SKU_B,0
295,W2,SKU_C,0
295,W2,SKU_D,0
295,W2,SKU_E,1151
295,R1,SKU_A,0
295,R1,SKU_B,0
295,R1,SKU_C,0
295,R1,SKU_D,0
295,R1,SKU_E,0
295,R2,SKU_A,0
295,R2,SKU_B,0
295,R2,SKU_C,0
295,R2,SKU_D,74
295,R2,SKU_E,0
295,R3,SKU_A,1564
295,R3,SKU_B,0
295,R3,SKU_C,0
295,R3,SKU_D,0
295,R3,SKU_E,0
296,Supplier,SKU_A,0
296,Supplier,SKU_B,0
296,Supplier,SKU_C,0
296,Supplier,SKU_D,0
296,Supplier,SKU_E,0
296,W1,SKU_A,0
296,W1,SKU_B,0
296,W1,SKU_C,0
296,W1,SKU_D,0
296,W1,SKU_E,0
296,W2,SKU_A,2975
296,W2,SKU_B,0
296,W2,SKU_C,0
296,W2,SKU_D,0
296,W2,SKU_E,0
296,R1,SKU_A,0
296,R1,SKU_B,196
296,R1,SKU_C,0
296,R1,SKU_D,0
296,R1,SKU_E,0
296,R2,SKU_A,0
296,R2,SKU_B,0
296,R2,SKU_C,362
296,R2,SKU_D,45
296,R2,SKU_E,0
296,R3,SKU_A,0
296,R3,SKU_B,0
296,R3,SKU_C,0
296,R3,SKU_D,0
296,R3,SKU_E,0
297,Supplier,SKU_A,0
297,Supplier,SKU_B,0
297,Supplier,SKU_C,0
297,Supplier,SKU_D,0
297,Supplier,SKU_E,0
297,W1,SKU_A,0
297,W1,SKU_B,0
297,W1,SKU_C,0
297,W1,SKU_D,166
297,W1,SKU_E,0
297,W2,SKU_A,0
297,W2,SKU_B,0
297,W2,SKU_C,0
297,W2,SKU_D,0
297,W2,SKU_E,0
297,R1,SKU_A,0
297,R1,SKU_B,0
297,R1,SKU_C,286
297,R1,SKU_D,0
297,R1,SKU_E,170
297,R2,SKU_A,0
297,R2,SKU_B,0
297,R2,SKU_C,0
297,R2,SKU_D,56
297,R2,SKU_E,0
297,R3,SKU_A,0
297,R3,SKU_B,0
297,R3,SKU_C,0
297,R3,SKU_D,0
297,R3,SKU_E,0
298,Supplier,SKU_A,0
298,Supplier,SKU_B,0
298,Supplier,SKU_C,0
298,Supplier,SKU_D,0
298,Supplier,SKU_E,0
298,W1,SKU_A,0
298,W1,SKU_B,0
298,W1,SKU_C,1042
298,W1,SKU_D,0
298,W1,SKU_E,0
298,W2,SKU_A,0
298,W2,SKU_B,0
298,W2,SKU_C,0
298,W2,SKU_D,0
298,W2,SKU_E,0
298,R1,SKU_A,0
298,R1,SKU_B,0
298,R1,SKU_C,0
298,R1,SKU_D,0
298,R1,SKU_E,0
298,R2,SKU_A,0
298,R2,SKU_B,0
298,R2,SKU_C,0
298,R2,SKU_D,0
298,R2,SKU_E,0
298,R3,SKU_A,0
298,R3,SKU_B,0
298,R3,SKU_C,0
298,R3,SKU_D,0
298,R3,SKU_E,363
299,Supplier,SKU_A,0
299,Supplier,SKU_B,0
299,Supplier,SKU_C,0
299,Supplier,SKU_D,0
299,Supplier,SKU_E,0
299,W1,SKU_A,0
299,W1,SKU_B,0
299,W1,SKU_C,0
299,W1,SKU_D,0
299,W1,SKU_E,0
299,W2,SKU_A,0
299,W2,SKU_B,0
299,W2,SKU_C,0
299,W2,SKU_D,0
299,W2,SKU_E,0
299,R1,SKU_A,642
299,R1,SKU_B,0
299,R1,SKU_C,0
299,R1,SKU_D,0
299,R1,SKU_E,0
299,R2,SKU_A,0
299,R2,SKU_B,0
299,R2,SKU_C,0
299,R2,SKU_D,90
299,R2,SKU_E,0
299,R3,SKU_A,0
299,R3,SKU_B,313
299,R3,SKU_C,1085
299,R3,SKU_D,883
299,R3,SKU_E,0
300,Supplier,SKU_A,0
300,Supplier,SKU_B,0
300,Supplier,SKU_C,0
300,Supplier,SKU_D,0
300,Supplier,SKU_E,0
300,W1,SKU_A,642
300,W1,SKU_B,0
300,W1,SKU_C,0
300,W1,SKU_D,0
300,W1,SKU_E,0
300,W2,SKU_A,0
300,W2,SKU_B,0
300,W2,SKU_C,0
300,W2,SKU_D,1845
300,W2,SKU_E,0
300,R1,SKU_A,0
300,R1,SKU_B,236
300,R1,SKU_C,360
300,R1,SKU_D,0
300,R1,SKU_E,0
300,R2,SKU_A,0
300,R2,SKU_B,0
300,R2,SKU_C,0
300,R2,SKU_D,56
300,R2,SKU_E,496
300,R3,SKU_A,0
300,R3,SKU_B,0
300,R3,SKU_C,0
300,R3,SKU_D,0
300,R3,SKU_E,0
301,Supplier,SKU_A,0
301,Supplier,SKU_B,0
301,Supplier,SKU_C,0
301,Supplier,SKU_D,0
301,Supplier,SKU_E,0
301,W1,SKU_A,0
301,W1,SKU_B,1230
301,W1,SKU_C,0
301,W1,SKU_D,202
301,W1,SKU_E,885
301,W2,SKU_A,0
301,W2,SKU_B,0
301,W2,SKU_C,0
301,W2,SKU_D,0
301,W2,SKU_E,0
301,R1,SKU_A,0
301,R1,SKU_B,0
301,R1,SKU_C,0
301,R1,SKU_D,529
301,R1,SKU_E,206
301,R2,SKU_A,639
301,R2,SKU_B,378
301,R2,SKU_C,0
301,R2,SKU_D,52
301,R2,SKU_E,0
301,R3,SKU_A,0
301,R3,SKU_B,0
301,R3,SKU_C,0
301,R3,SKU_D,0
301,R3,SKU_E,0
302,Supplier,SKU_A,0
302,Supplier,SKU_B,0
302,Supplier,SKU_C,0
302,Supplier,SKU_D,0
302,Supplier,SKU_E,0
302,W1,SKU_A,639
302,W1,SKU_B,0
302,W1,SKU_C,0
302,W1,SKU_D,581
302,W1,SKU_E,0
302,W2,SKU_A,0
302,W2,SKU_B,0
302,W2,SKU_C,0
302,W2,SKU_D,0
302,W2,SKU_E,0
302,R1,SKU_A,0
302,R1,SKU_B,0
302,R1,SKU_C,0
302,R1,SKU_D,0
302,R1,SKU_E,0
302,R2,SKU_A,0
302,R2,SKU_B,0
302,R2,SKU_C,0
302,R2,SKU_D,46
302,R2,SKU_E,0
302,R3,SKU_A,0
302,R3,SKU_B,0
302,R3,SKU_C,0
302,R3,SKU_D,0
302,R3,SKU_E,388
303,Supplier,SKU_A,0
303,Supplier,SKU_B,0
303,Supplier,SKU_C,0
303,Supplier,SKU_D,0
303,Supplier,SKU_E,0
303,W1,SKU_A,0
303,W1,SKU_B,0
303,W1,SKU_C,0
303,W1,SKU_D,0
303,W1,SKU_E,0
303,W2,SKU_A,0
303,W2,SKU_B,0
303,W2,SKU_C,0
303,W2,SKU_D,0
303,W2,SKU_E,0
303,R1,SKU_A,0
303,R1,SKU_B,178
303,R1,SKU_C,290
303,R1,SKU_D,0
303,R1,SKU_E,0
303,R2,SKU_A,0
303,R2,SKU_B,0
303,R2,SKU_C,0
303,R2,SKU_D,0
303,R2,SKU_E,0
303,R3,SKU_A,1507
303,R3,SKU_B,0
303,R3,SKU_C,0
303,R3,SKU_D,0
303,R3,SKU_E,0
304,Supplier,SKU_A,0
304,Supplier,SKU_B,0
304,Supplier,SKU_C,0
304,Supplier,SKU_D,0
304,Supplier,SKU_E,0
304,W1,SKU_A,0
304,W1,SKU_B,0
304,W1,SKU_C,0
304,W1,SKU_D,0
304,W1,SKU_E,0
304,W2,SKU_A,0
304,W2,SKU_B,0
304,W2,SKU_C,0
304,W2,SKU_D,0
304,W2,SKU_E,0
304,R1,SKU_A,670
304,R1,SKU_B,0
304,R1,SKU_C,0
304,R1,SKU_D,0
304,R1,SKU_E,0
304,R2,SKU_A,0
304,R2,SKU_B,0
304,R2,SKU_C,345
304,R2,SKU_D,89
304,R2,SKU_E,0
304,R3,SKU_A,0
304,R3,SKU_B,308
304,R3,SKU_C,0
304,R3,SKU_D,0
304,R3,SKU_E,0
305,Supplier,SKU_A,0
305,Supplier,SKU_B,0
305,Supplier,SKU_C,0
305,Supplier,SKU_D,0
305,Supplier,SKU_E,0
305,W1,SKU_A,670
305,W1,SKU_B,0
305,W1,SKU_C,995
305,W1,SKU_D,0
305,W1,SKU_E,0
305,W2,SKU_A,0
305,W2,SKU_B,0
305,W2,SKU_C,0
305,W2,SKU_D,0
305,W2,SKU_E,0
305,R1,SKU_A,0
305,R1,SKU_B,0
305,R1,SKU_C,0
305,R1,SKU_D,0
305,R1,SKU_E,0
305,R2,SKU_A,0
305,R2,SKU_B,0
305,R2,SKU_C,0
305,R2,SKU_D,59
305,R2,SKU_E,0
305,R3,SKU_A,0
305,R3,SKU_B,0
305,R3,SKU_C,0
305,R3,SKU_D,0
305,R3,SKU_E,0
306,Supplier,SKU_A,0
306,Supplier,SKU_B,0
306,Supplier,SKU_C,0
306,Supplier,SKU_D,0
306,Supplier,SKU_E,0
306,W1,SKU_A,0
306,W1,SKU_B,0
306,W1,SKU_C,0
306,W1,SKU_D,194
306,W1,SKU_E,0
306,W2,SKU_A,0
306,W2,SKU_B,0
306,W2,SKU_C,0
306,W2,SKU_D,0
306,W2,SKU_E,0
306,R1,SKU_A,0
306,R1,SKU_B,0
306,R1,SKU_C,0
306,R1,SKU_D,0
306,R1,SKU_E,213
306,R2,SKU_A,0
306,R2,SKU_B,0
306,R2,SKU_C,0
306,R2,SKU_D,47
306,R2,SKU_E,0
306,R3,SKU_A,0
306,R3,SKU_B,0
306,R3,SKU_C,0
306,R3,SKU_D,0
306,R3,SKU_E,325
307,Supplier,SKU_A,0
307,Supplier,SKU_B,0
307,Supplier,SKU_C,0
307,Supplier,SKU_D,0
307,Supplier,SKU_E,0
307,W1,SKU_A,0
307,W1,SKU_B,0
307,W1,SKU_C,0
307,W1,SKU_D,0
307,W1,SKU_E,0
307,W2,SKU_A,0
307,W2,SKU_B,0
307,W2,SKU_C,0
307,W2,SKU_D,0
307,W2,SKU_E,1076
307,R1,SKU_A,0
307,R1,SKU_B,245
307,R1,SKU_C,363
307,R1,SKU_D,0
307,R1,SKU_E,0
307,R2,SKU_A,0
307,R2,SKU_B,0
307,R2,SKU_C,0
307,R2,SKU_D,72
307,R2,SKU_E,0
307,R3,SKU_A,0
307,R3,SKU_B,0
307,R3,SKU_C,0
307,R3,SKU_D,0
307,R3,SKU_E,0
308,Supplier,SKU_A,0
308,Supplier,SKU_B,0
308,Supplier,SKU_C,0
308,Supplier,SKU_D,0
308,Supplier,SKU_E,0
308,W1,SKU_A,0
308,W1,SKU_B,0
308,W1,SKU_C,0
308,W1,SKU_D,0
308,W1,SKU_E,0
308,W2,SKU_A,0
308,W2,SKU_B,0
308,W2,SKU_C,0
308,W2,SKU_D,0
308,W2,SKU_E,0
308,R1,SKU_A,607
308,R1,SKU_B,0
308,R1,SKU_C,0
308,R1,SKU_D,0
308,R1,SKU_E,0
308,R2,SKU_A,616
308,R2,SKU_B,370
308,R2,SKU_C,0
308,R2,SKU_D,52
308,R2,SKU_E,0
308,R3,SKU_A,0
308,R3,SKU_B,288
308,R3,SKU_C,1083
308,R3,SKU_D,979
308,R3,SKU_E,0
309,Supplier,SKU_A,0
309,Supplier,SKU_B,0
309,Supplier,SKU_C,0
309,Supplier,SKU_D,0
309,Supplier,SKU_E,0
309,W1,SKU_A,1223
309,W1,SKU_B,1171
309,W1,SKU_C,0
309,W1,SKU_D,171
309,W1,SKU_E,0
309,W2,SKU_A,0
309,W2,SKU_B,1500
309,W2,SKU_C,2168
309,W2,SKU_D,0
309,W2,SKU_E,0
309,R1,SKU_A,0
309,R1,SKU_B,0
309,R1,SKU_C,0
309,R1,SKU_D,0
309,R1,SKU_E,0
309,R2,SKU_A,0
309,R2,SKU_B,0
309,R2,SKU_C,0
309,R2,SKU_D,51
309,R2,SKU_E,473
309,R3,SKU_A,0
309,R3,SKU_B,0
309,R3,SKU_C,0
309,R3,SKU_D,0
309,R3,SKU_E,320
310,Supplier,SKU_A,0
310,Supplier,SKU_B,0
310,Supplier,SKU_C,0
310,Supplier,SKU_D,0
310,Supplier,SKU_E,0
310,W1,SKU_A,0
310,W1,SKU_B,0
310,W1,SKU_C,0
310,W1,SKU_D,0
310,W1,SKU_E,892
310,W2,SKU_A,0
310,W2,SKU_B,0
310,W2,SKU_C,0
310,W2,SKU_D,0
310,W2,SKU_E,0
310,R1,SKU_A,0
310,R1,SKU_B,209
310,R1,SKU_C,0
310,R1,SKU_D,520
310,R1,SKU_E,201
310,R2,SKU_A,0
310,R2,SKU_B,0
310,R2,SKU_C,0
310,R2,SKU_D,54
310,R2,SKU_E,0
310,R3,SKU_A,0
310,R3,SKU_B,0
310,R3,SKU_C,0
310,R3,SKU_D,0
310,R3,SKU_E,0
311,Supplier,SKU_A,0
311,Supplier,SKU_B,0
311,Supplier,SKU_C,0
311,Supplier,SKU_D,0
311,Supplier,SKU_E,0
311,W1,SKU_A,0
311,W1,SKU_B,0
311,W1,SKU_C,0
311,W1,SKU_D,625
311,W1,SKU_E,0
311,W2,SKU_A,0
311,W2,SKU_B,0
311,W2,SKU_C,0
311,W2,SKU_D,0
311,W2,SKU_E,0
311,R1,SKU_A,0
311,R1,SKU_B,0
311,R1,SKU_C,326
311,R1,SKU_D,0
311,R1,SKU_E,0
311,R2,SKU_A,0
311,R2,SKU_B,0
311,R2,SKU_C,0
311,R2,SKU_D,49
311,R2,SKU_E,0
311,R3,SKU_A,1447
311,R3,SKU_B,0
311,R3,SKU_C,0
311,R3,SKU_D,0
311,R3,SKU_E,0
312,Supplier,SKU_A,0
312,Supplier,SKU_B,0
312,Supplier,SKU_C,0
312,Supplier,SKU_D,0
312,Supplier,SKU_E,0
312,W1,SKU_A,0
312,W1,SKU_B,0
312,W1,SKU_C,0
312,W1,SKU_D,0
312,W1,SKU_E,0
312,W2,SKU_A,2954
312,W2,SKU_B,0
312,W2,SKU_C,0
312,W2,SKU_D,0
312,W2,SKU_E,0
312,R1,SKU_A,0
312,R1,SKU_B,0
312,R1,SKU_C,0
312,R1,SKU_D,0
312,R1,SKU_E,0
312,R2,SKU_A,0
312,R2,SKU_B,0
312,R2,SKU_C,373
312,R2,SKU_D,53
312,R2,SKU_E,0
312,R3,SKU_A,0
312,R3,SKU_B,275
312,R3,SKU_C,0
312,R3,SKU_D,0
312,R3,SKU_E,0
313,Supplier,SKU_A,0
313,Supplier,SKU_B,0
313,Supplier,SKU_C,0
313,Supplier,SKU_D,0
313,Supplier,SKU_E,0
313,W1,SKU_A,0
313,W1,SKU_B,0
313,W1,SKU_C,1062
313,W1,SKU_D,0
313,W1,SKU_E,0
313,W2,SKU_A,0
313,W2,SKU_B,0
313,W2,SKU_C,0
313,W2,SKU_D,0
313,W2,SKU_E,0
313,R1,SKU_A,594
313,R1,SKU_B,186
313,R1,SKU_C,0
313,R1,SKU_D,0
313,R1,SKU_E,0
313,R2,SKU_A,0
313,R2,SKU_B,0
313,R2,SKU_C,0
313,R2,SKU_D,54
313,R2,SKU_E,0
313,R3,SKU_A,0
313,R3,SKU_B,0
313,R3,SKU_C,0
313,R3,SKU_D,0
313,R3,SKU_E,348
314,Supplier,SKU_A,0
314,Supplier,SKU_B,0
314,Supplier,SKU_C,0
314,Supplier,SKU_D,0
314,Supplier,SKU_E,0
314,W1,SKU_A,594
314,W1,SKU_B,0
314,W1,SKU_C,0
314,W1,SKU_D,0
314,W1,SKU_E,0
314,W2,SKU_A,0
314,W2,SKU_B,0
314,W2,SKU_C,0
314,W2,SKU_D,0
314,W2,SKU_E,0
314,R1,SKU_A,0
314,R1,SKU_B,0
314,R1,SKU_C,293
314,R1,SKU_D,0
314,R1,SKU_E,220
314,R2,SKU_A,0
314,R2,SKU_B,0
314,R2,SKU_C,0
314,R2,SKU_D,82
314,R2,SKU_E,0
314,R3,SKU_A,0
314,R3,SKU_B,0
314,R3,SKU_C,0
314,R3,SKU_D,0
314,R3,SKU_E,0
315,Supplier,SKU_A,0
315,Supplier,SKU_B,0
315,Supplier,SKU_C,0
315,Supplier,SKU_D,0
315,Supplier,SKU_E,0
315,W1,SKU_A,0
315,W1,SKU_B,0
315,W1,SKU_C,0
315,W1,SKU_D,238
315,W1,SKU_E,0
315,W2,SKU_A,0
315,W2,SKU_B,0
315,W2,SKU_C,0
315,W2,SKU_D,0
315,W2,SKU_E,0
315,R1,SKU_A,0
315,R1,SKU_B,180
315,R1,SKU_C,0
315,R1,SKU_D,0
315,R1,SKU_E,0
315,R2,SKU_A,673
315,R2,SKU_B,348
315,R2,SKU_C,0
315,R2,SKU_D,58
315,R2,SKU_E,0
315,R3,SKU_A,0
315,R3,SKU_B,0
315,R3,SKU_C,0
315,R3,SKU_D,0
315,R3,SKU_E,0
316,Supplier,SKU_A,0
316,Supplier,SKU_B,0
316,Supplier,SKU_C,0
316,Supplier,SKU_D,0
316,Supplier,SKU_E,0
316,W1,SKU_A,673
316,W1,SKU_B,0
316,W1,SKU_C,0
316,W1,SKU_D,0
316,W1,SKU_E,0
316,W2,SKU_A,0
316,W2,SKU_B,0
316,W2,SKU_C,0
316,W2,SKU_D,0
316,W2,SKU_E,0
316,R1,SKU_A,0
316,R1,SKU_B,0
316,R1,SKU_C,0
316,R1,SKU_D,0
316,R1,SKU_E,0
316,R2,SKU_A,0
316,R2,SKU_B,0
316,R2,SKU_C,0
316,R2,SKU_D,51
316,R2,SKU_E,0
316,R3,SKU_A,0
316,R3,SKU_B,313
316,R3,SKU_C,0
316,R3,SKU_D,0
316,R3,SKU_E,0
317,Supplier,SKU_A,0
317,Supplier,SKU_B,0
317,Supplier,SKU_C,0
317,Supplier,SKU_D,0
317,Supplier,SKU_E,0
317,W1,SKU_A,0
317,W1,SKU_B,0
317,W1,SKU_C,0
317,W1,SKU_D,0
317,W1,SKU_E,0
317,W2,SKU_A,0
317,W2,SKU_B,0
317,W2,SKU_C,0
317,W2,SKU_D,0
317,W2,SKU_E,0
317,R1,SKU_A,0
317,R1,SKU_B,0
317,R1,SKU_C,0
317,R1,SKU_D,0
317,R1,SKU_E,0
317,R2,SKU_A,0
317,R2,SKU_B,0
317,R2,SKU_C,0
317,R2,SKU_D,0
317,R2,SKU_E,485
317,R3,SKU_A,0
317,R3,SKU_B,0
317,R3,SKU_C,0
317,R3,SKU_D,0
317,R3,SKU_E,395
318,Supplier,SKU_A,0
318,Supplier,SKU_B,0
318,Supplier,SKU_C,0
318,Supplier,SKU_D,0
318,Supplier,SKU_E,0
318,W1,SKU_A,0
318,W1,SKU_B,0
318,W1,SKU_C,0
318,W1,SKU_D,0
318,W1,SKU_E,906
318,W2,SKU_A,0
318,W2,SKU_B,0
318,W2,SKU_C,0
318,W2,SKU_D,0
318,W2,SKU_E,1063
318,R1,SKU_A,682
318,R1,SKU_B,0
318,R1,SKU_C,332
318,R1,SKU_D,0
318,R1,SKU_E,199
318,R2,SKU_A,0
318,R2,SKU_B,0
318,R2,SKU_C,0
318,R2,SKU_D,83
318,R2,SKU_E,0
318,R3,SKU_A,0
318,R3,SKU_B,0
318,R3,SKU_C,1037
318,R3,SKU_D,884
318,R3,SKU_E,0
319,Supplier,SKU_A,0
319,Supplier,SKU_B,0
319,Supplier,SKU_C,0
319,Supplier,SKU_D,0
319,Supplier,SKU_E,0
319,W1,SKU_A,682
319,W1,SKU_B,0
319,W1,SKU_C,0
319,W1,SKU_D,192
319,W1,SKU_E,0
319,W2,SKU_A,0
319,W2,SKU_B,0
319,W2,SKU_C,0
319,W2,SKU_D,1863
319,W2,SKU_E,0
319,R1,SKU_A,0
319,R1,SKU_B,211
319,R1,SKU_C,0
319,R1,SKU_D,560
319,R1,SKU_E,0
319,R2,SKU_A,0
319,R2,SKU_B,0
319,R2,SKU_C,0
319,R2,SKU_D,0
319,R2,SKU_E,0
319,R3,SKU_A,1464
319,R3,SKU_B,0
319,R3,SKU_C,0
319,R3,SKU_D,0
319,R3,SKU_E,0
320,Supplier,SKU_A,0
320,Supplier,SKU_B,0
320,Supplier,SKU_C,0
320,Supplier,SKU_D,0
320,Supplier,SKU_E,0
320,W1,SKU_A,0
320,W1,SKU_B,0
320,W1,SKU_C,0
320,W1,SKU_D,560
320,W1,SKU_E,0
320,W2,SKU_A,0
320,W2,SKU_B,0
320,W2,SKU_C,0
320,W2,SKU_D,0
320,W2,SKU_E,0
320,R1,SKU_A,0
320,R1,SKU_B,0
320,R1,SKU_C,0
320,R1,SKU_D,0
320,R1,SKU_E,0
320,R2,SKU_A,0
320,R2,SKU_B,0
320,R2,SKU_C,348
320,R2,SKU_D,77
320,R2,SKU_E,0
320,R3,SKU_A,0
320,R3,SKU_B,290
320,R3,SKU_C,0
320,R3,SKU_D,0
320,R3,SKU_E,0
321,Supplier,SKU_A,0
321,Supplier,SKU_B,0
321,Supplier,SKU_C,0
321,Supplier,SKU_D,0
321,Supplier,SKU_E,0
321,W1,SKU_A,0
321,W1,SKU_B,0
321,W1,SKU_C,973
321,W1,SKU_D,0
321,W1,SKU_E,0
321,W2,SKU_A,0
321,W2,SKU_B,0
321,W2,SKU_C,0
321,W2,SKU_D,0
321,W2,SKU_E,0
321,R1,SKU_A,0
321,R1,SKU_B,0
321,R1,SKU_C,332
321,R1,SKU_D,0
321,R1,SKU_E,178
321,R2,SKU_A,0
321,R2,SKU_B,0
321,R2,SKU_C,0
321,R2,SKU_D,70
321,R2,SKU_E,0
321,R3,SKU_A,0
321,R3,SKU_B,0
321,R3,SKU_C,0
321,R3,SKU_D,0
321,R3,SKU_E,391
322,Supplier,SKU_A,0
322,Supplier,SKU_B,0
322,Supplier,SKU_C,0
322,Supplier,SKU_D,0
322,Supplier,SKU_E,0
322,W1,SKU_A,0
322,W1,SKU_B,0
322,W1,SKU_C,0
322,W1,SKU_D,0
322,W1,SKU_E,0
322,W2,SKU_A,0
322,W2,SKU_B,0
322,W2,SKU_C,0
322,W2,SKU_D,0
322,W2,SKU_E,0
322,R1,SKU_A,0
322,R1,SKU_B,239
322,R1,SKU_C,0
322,R1,SKU_D,0
322,R1,SKU_E,0
322,R2,SKU_A,694
322,R2,SKU_B,345
322,R2,SKU_C,0
322,R2,SKU_D,56
322,R2,SKU_E,0
322,R3,SKU_A,0
322,R3,SKU_B,0
322,R3,SKU_C,0
322,R3,SKU_D,0
322,R3,SKU_E,0
323,Supplier,SKU_A,0
323,Supplier,SKU_B,0
323,Supplier,SKU_C,0
323,Supplier,SKU_D,0
323,Supplier,SKU_E,0
323,W1,SKU_A,694
323,W1,SKU_B,1718
323,W1,SKU_C,0
323,W1,SKU_D,203
323,W1,SKU_E,0
323,W2,SKU_A,0
323,W2,SKU_B,0
323,W2,SKU_C,0
323,W2,SKU_D,0
323,W2,SKU_E,0
323,R1,SKU_A,693
323,R1,SKU_B,0
323,R1,SKU_C,0
323,R1,SKU_D,0
323,R1,SKU_E,0
323,R2,SKU_A,0
323,R2,SKU_B,0
323,R2,SKU_C,0
323,R2,SKU_D,51
323,R2,SKU_E,0
323,R3,SKU_A,0
323,R3,SKU_B,0
323,R3,SKU_C,0
323,R3,SKU_D,0
323,R3,SKU_E,0
324,Supplier,SKU_A,0
324,Supplier,SKU_B,0
324,Supplier,SKU_C,0
324,Supplier,SKU_D,0
324,Supplier,SKU_E,0
324,W1,SKU_A,693
324,W1,SKU_B,0
324,W1,SKU_C,0
324,W1,SKU_D,0
324,W1,SKU_E,0
324,W2,SKU_A,0
324,W2,SKU_B,0
324,W2,SKU_C,0
324,W2,SKU_D,0
324,W2,SKU_E,0
324,R1,SKU_A,0
324,R1,SKU_B,0
324,R1,SKU_C,291
324,R1,SKU_D,0
324,R1,SKU_E,186
324,R2,SKU_A,0
324,R2,SKU_B,0
324,R2,SKU_C,0
324,R2,SKU_D,0
324,R2,SKU_E,0
324,R3,SKU_A,0
324,R3,SKU_B,320
324,R3,SKU_C,0
324,R3,SKU_D,0
324,R3,SKU_E,0
325,Supplier,SKU_A,0
325,Supplier,SKU_B,0
325,Supplier,SKU_C,0
325,Supplier,SKU_D,0
325,Supplier,SKU_E,0
325,W1,SKU_A,0
325,W1,SKU_B,0
325,W1,SKU_C,0
325,W1,SKU_D,0
325,W1,SKU_E,0
325,W2,SKU_A,0
325,W2,SKU_B,0
325,W2,SKU_C,0
325,W2,SKU_D,0
325,W2,SKU_E,0
325,R1,SKU_A,0
325,R1,SKU_B,0
325,R1,SKU_C,0
325,R1,SKU_D,0
325,R1,SKU_E,0
325,R2,SKU_A,0
325,R2,SKU_B,0
325,R2,SKU_C,0
325,R2,SKU_D,80
325,R2,SKU_E,450
325,R3,SKU_A,0
325,R3,SKU_B,0
325,R3,SKU_C,0
325,R3,SKU_D,0
325,R3,SKU_E,0
326,Supplier,SKU_A,0
326,Supplier,SKU_B,0
326,Supplier,SKU_C,0
326,Supplier,SKU_D,0
326,Supplier,SKU_E,0
326,W1,SKU_A,0
326,W1,SKU_B,0
326,W1,SKU_C,0
326,W1,SKU_D,0
326,W1,SKU_E,1013
326,W2,SKU_A,0
326,W2,SKU_B,0
326,W2,SKU_C,0
326,W2,SKU_D,0
326,W2,SKU_E,0
326,R1,SKU_A,0
326,R1,SKU_B,216
326,R1,SKU_C,0
326,R1,SKU_D,0
326,R1,SKU_E,0
326,R2,SKU_A,0
326,R2,SKU_B,0
326,R2,SKU_C,0
326,R2,SKU_D,45
326,R2,SKU_E,0
326,R3,SKU_A,0
326,R3,SKU_B,0
326,R3,SKU_C,0
326,R3,SKU_D,0
326,R3,SKU_E,406
327,Supplier,SKU_A,0
327,Supplier,SKU_B,0
327,Supplier,SKU_C,0
327,Supplier,SKU_D,0
327,Supplier,SKU_E,0
327,W1,SKU_A,0
327,W1,SKU_B,0
327,W1,SKU_C,0
327,W1,SKU_D,176
327,W1,SKU_E,0
327,W2,SKU_A,0
327,W2,SKU_B,0
327,W2,SKU_C,0
327,W2,SKU_D,0
327,W2,SKU_E,0
327,R1,SKU_A,0
327,R1,SKU_B,0
327,R1,SKU_C,0
327,R1,SKU_D,526
327,R1,SKU_E,0
327,R2,SKU_A,0
327,R2,SKU_B,0
327,R2,SKU_C,371
327,R2,SKU_D,47
327,R2,SKU_E,0
327,R3,SKU_A,1534
327,R3,SKU_B,0
327,R3,SKU_C,1130
327,R3,SKU_D,917
327,R3,SKU_E,0
328,Supplier,SKU_A,0
328,Supplier,SKU_B,0
328,Supplier,SKU_C,0
328,Supplier,SKU_D,0
328,Supplier,SKU_E,0
328,W1,SKU_A,0
328,W1,SKU_B,0
328,W1,SKU_C,994
328,W1,SKU_D,573
328,W1,SKU_E,0
328,W2,SKU_A,2998
328,W2,SKU_B,0
328,W2,SKU_C,2167
328,W2,SKU_D,0
328,W2,SKU_E,0
328,R1,SKU_A,597
328,R1,SKU_B,0
328,R1,SKU_C,355
328,R1,SKU_D,0
328,R1,SKU_E,178
328,R2,SKU_A,0
328,R2,SKU_B,0
328,R2,SKU_C,0
328,R2,SKU_D,65
328,R2,SKU_E,0
328,R3,SKU_A,0
328,R3,SKU_B,281
328,R3,SKU_C,0
328,R3,SKU_D,0
328,R3,SKU_E,0
329,Supplier,SKU_A,0
329,Supplier,SKU_B,0
329,Supplier,SKU_C,0
329,Supplier,SKU_D,0
329,Supplier,SKU_E,0
329,W1,SKU_A,597
329,W1,SKU_B,0
329,W1,SKU_C,0
329,W1,SKU_D,0
329,W1,SKU_E,0
329,W2,SKU_A,0
329,W2,SKU_B,1479
329,W2,SKU_C,0
329,W2,SKU_D,0
329,W2,SKU_E,0
329,R1,SKU_A,0
329,R1,SKU_B,212
329,R1,SKU_C,0
329,R1,SKU_D,0
329,R1,SKU_E,0
329,R2,SKU_A,0
329,R2,SKU_B,382
329,R2,SKU_C,0
329,R2,SKU_D,50
329,R2,SKU_E,0
329,R3,SKU_A,0
329,R3,SKU_B,0
329,R3,SKU_C,0
329,R3,SKU_D,0
329,R3,SKU_E,0
330,Supplier,SKU_A,0
330,Supplier,SKU_B,0
330,Supplier,SKU_C,0
330,Supplier,SKU_D,0
330,Supplier,SKU_E,0
330,W1,SKU_A,0
330,W1,SKU_B,0
330,W1,SKU_C,0
330,W1,SKU_D,0
330,W1,SKU_E,0
330,W2,SKU_A,0
330,W2,SKU_B,0
330,W2,SKU_C,0
330,W2,SKU_D,0
330,W2,SKU_E,0
330,R1,SKU_A,0
330,R1,SKU_B,0
330,R1,SKU_C,0
330,R1,SKU_D,0
330,R1,SKU_E,0
330,R2,SKU_A,651
330,R2,SKU_B,0
330,R2,SKU_C,0
330,R2,SKU_D,0
330,R2,SKU_E,0
330,R3,SKU_A,0
330,R3,SKU_B,0
330,R3,SKU_C,0
330,R3,SKU_D,0
330,R3,SKU_E,385
331,Supplier,SKU_A,0
331,Supplier,SKU_B,0
331,Supplier,SKU_C,0
331,Supplier,SKU_D,0
331,Supplier,SKU_E,0
331,W1,SKU_A,651
331,W1,SKU_B,0
331,W1,SKU_C,0
331,W1,SKU_D,0
331,W1,SKU_E,0
331,W2,SKU_A,0
331,W2,SKU_B,0
331,W2,SKU_C,0
331,W2,SKU_D,0
331,W2,SKU_E,1182
331,R1,SKU_A,0
331,R1,SKU_B,0
331,R1,SKU_C,0
331,R1,SKU_D,0
331,R1,SKU_E,0
331,R2,SKU_A,0
331,R2,SKU_B,0
331,R2,SKU_C,0
331,R2,SKU_D,88
331,R2,SKU_E,0
331,R3,SKU_A,0
331,R3,SKU_B,0
331,R3,SKU_C,0
331,R3,SKU_D,0
331,R3,SKU_E,0
332,Supplier,SKU_A,0
332,Supplier,SKU_B,0
332,Supplier,SKU_C,0
332,Supplier,SKU_D,0
332,Supplier,SKU_E,0
332,W1,SKU_A,0
332,W1,SKU_B,0
332,W1,SKU_C,0
332,W1,SKU_D,203
332,W1,SKU_E,0
332,W2,SKU_A,0
332,W2,SKU_B,0
332,W2,SKU_C,0
332,W2,SKU_D,0
332,W2,SKU_E,0
332,R1,SKU_A,0
332,R1,SKU_B,0
332,R1,SKU_C,311
332,R1,SKU_D,0
332,R1,SKU_E,175
332,R2,SKU_A,0
332,R2,SKU_B,0
332,R2,SKU_C,0
332,R2,SKU_D,0
332,R2,SKU_E,0
332,R3,SKU_A,0
332,R3,SKU_B,0
332,R3,SKU_C,0
332,R3,SKU_D,0
332,R3,SKU_E,0
333,Supplier,SKU_A,0
333,Supplier,SKU_B,0
333,Supplier,SKU_C,0
333,Supplier,SKU_D,0
333,Supplier,SKU_E,0
333,W1,SKU_A,0
333,W1,SKU_B,0
333,W1,SKU_C,0
333,W1,SKU_D,0
333,W1,SKU_E,0
333,W2,SKU_A,0
333,W2,SKU_B,0
333,W2,SKU_C,0
333,W2,SKU_D,0
333,W2,SKU_E,0
333,R1,SKU_A,592
333,R1,SKU_B,0
333,R1,SKU_C,0
333,R1,SKU_D,0
333,R1,SKU_E,0
333,R2,SKU_A,0
333,R2,SKU_B,0
333,R2,SKU_C,345
333,R2,SKU_D,80
333,R2,SKU_E,0
333,R3,SKU_A,0
333,R3,SKU_B,314
333,R3,SKU_C,0
333,R3,SKU_D,0
333,R3,SKU_E,0
334,Supplier,SKU_A,0
334,Supplier,SKU_B,0
334,Supplier,SKU_C,0
334,Supplier,SKU_D,0
334,Supplier,SKU_E,0
334,W1,SKU_A,592
334,W1,SKU_B,0
334,W1,SKU_C,1011
334,W1,SKU_D,0
334,W1,SKU_E,0
334,W2,SKU_A,0
334,W2,SKU_B,0
334,W2,SKU_C,0
334,W2,SKU_D,0
334,W2,SKU_E,0
334,R1,SKU_A,0
334,R1,SKU_B,259
334,R1,SKU_C,0
334,R1,SKU_D,0
334,R1,SKU_E,0
334,R2,SKU_A,0
334,R2,SKU_B,0
334,R2,SKU_C,0
334,R2,SKU_D,74
334,R2,SKU_E,476
334,R3,SKU_A,0
334,R3,SKU_B,0
334,R3,SKU_C,0
334,R3,SKU_D,0
334,R3,SKU_E,346
335,Supplier,SKU_A,0
335,Supplier,SKU_B,0
335,Supplier,SKU_C,0
335,Supplier,SKU_D,0
335,Supplier,SKU_E,0
335,W1,SKU_A,0
335,W1,SKU_B,0
335,W1,SKU_C,0
335,W1,SKU_D,0
335,W1,SKU_E,829
335,W2,SKU_A,0
335,W2,SKU_B,0
335,W2,SKU_C,0
335,W2,SKU_D,0
335,W2,SKU_E,0
335,R1,SKU_A,0
335,R1,SKU_B,0
335,R1,SKU_C,392
335,R1,SKU_D,534
335,R1,SKU_E,167
335,R2,SKU_A,0
335,R2,SKU_B,346
335,R2,SKU_C,0
335,R2,SKU_D,69
335,R2,SKU_E,0
335,R3,SKU_A,1468
335,R3,SKU_B,0
335,R3,SKU_C,0
335,R3,SKU_D,0
335,R3,SKU_E,0
336,Supplier,SKU_A,0
336,Supplier,SKU_B,0
336,Supplier,SKU_C,0
336,Supplier,SKU_D,0
336,Supplier,SKU_E,0
336,W1,SKU_A,0
336,W1,SKU_B,1415
336,W1,SKU_C,0
336,W1,SKU_D,757
336,W1,SKU_E,0
336,W2,SKU_A,0
336,W2,SKU_B,0
336,W2,SKU_C,0
336,W2,SKU_D,0
336,W2,SKU_E,0
336,R1,SKU_A,606
336,R1,SKU_B,203
336,R1,SKU_C,0
336,R1,SKU_D,0
336,R1,SKU_E,0
336,R2,SKU_A,685
336,R2,SKU_B,0
336,R2,SKU_C,0
336,R2,SKU_D,57
336,R2,SKU_E,0
336,R3,SKU_A,0
336,R3,SKU_B,0
336,R3,SKU_C,1049
336,R3,SKU_D,942
336,R3,SKU_E,0
337,Supplier,SKU_A,0
337,Supplier,SKU_B,0
337,Supplier,SKU_C,0
337,Supplier,SKU_D,0
337,Supplier,SKU_E,0
337,W1,SKU_A,1291
337,W1,SKU_B,0
337,W1,SKU_C,0
337,W1,SKU_D,0
337,W1,SKU_E,0
337,W2,SKU_A,0
337,W2,SKU_B,0
337,W2,SKU_C,0
337,W2,SKU_D,1859
337,W2,SKU_E,0
337,R1,SKU_A,0
337,R1,SKU_B,0
337,R1,SKU_C,0
337,R1,SKU_D,0
337,R1,SKU_E,0
337,R2,SKU_A,0
337,R2,SKU_B,0
337,R2,SKU_C,0
337,R2,SKU_D,51
337,R2,SKU_E,0
337,R3,SKU_A,0
337,R3,SKU_B,304
337,R3,SKU_C,0
337,R3,SKU_D,0
337,R3,SKU_E,0
338,Supplier,SKU_A,0
338,Supplier,SKU_B,0
338,Supplier,SKU_C,0
338,Supplier,SKU_D,0
338,Supplier,SKU_E,0
338,W1,SKU_A,0
338,W1,SKU_B,0
338,W1,SKU_C,0
338,W1,SKU_D,0
338,W1,SKU_E,0
338,W2,SKU_A,0
338,W2,SKU_B,0
338,W2,SKU_C,0
338,W2,SKU_D,0
338,W2,SKU_E,0
338,R1,SKU_A,0
338,R1,SKU_B,0
338,R1,SKU_C,297
338,R1,SKU_D,0
338,R1,SKU_E,0
338,R2,SKU_A,0
338,R2,SKU_B,0
338,R2,SKU_C,348
338,R2,SKU_D,0
338,R2,SKU_E,0
338,R3,SKU_A,0
338,R3,SKU_B,0
338,R3,SKU_C,0
338,R3,SKU_D,0
338,R3,SKU_E,394
339,Supplier,SKU_A,0
339,Supplier,SKU_B,0
339,Supplier,SKU_C,0
339,Supplier,SKU_D,0
339,Supplier,SKU_E,0
339,W1,SKU_A,0
339,W1,SKU_B,0
339,W1,SKU_C,1037
339,W1,SKU_D,0
339,W1,SKU_E,0
339,W2,SKU_A,0
339,W2,SKU_B,0
339,W2,SKU_C,0
339,W2,SKU_D,0
339,W2,SKU_E,0
339,R1,SKU_A,0
339,R1,SKU_B,0
339,R1,SKU_C,0
339,R1,SKU_D,0
339,R1,SKU_E,179
339,R2,SKU_A,0
339,R2,SKU_B,0
339,R2,SKU_C,0
339,R2,SKU_D,71
339,R2,SKU_E,0
339,R3,SKU_A,0
339,R3,SKU_B,0
339,R3,SKU_C,0
339,R3,SKU_D,0
339,R3,SKU_E,0
340,Supplier,SKU_A,0
340,Supplier,SKU_B,0
340,Supplier,SKU_C,0
340,Supplier,SKU_D,0
340,Supplier,SKU_E,0
340,W1,SKU_A,0
340,W1,SKU_B,0
340,W1,SKU_C,0
340,W1,SKU_D,179
340,W1,SKU_E,0
340,W2,SKU_A,0
340,W2,SKU_B,0
340,W2,SKU_C,0
340,W2,SKU_D,0
340,W2,SKU_E,0
340,R1,SKU_A,0
340,R1,SKU_B,181
340,R1,SKU_C,0
340,R1,SKU_D,0
340,R1,SKU_E,0
340,R2,SKU_A,0
340,R2,SKU_B,0
340,R2,SKU_C,0
340,R2,SKU_D,0
340,R2,SKU_E,0
340,R3,SKU_A,0
340,R3,SKU_B,0
340,R3,SKU_C,0
340,R3,SKU_D,0
340,R3,SKU_E,0
341,Supplier,SKU_A,0
341,Supplier,SKU_B,0
341,Supplier,SKU_C,0
341,Supplier,SKU_D,0
341,Supplier,SKU_E,0
341,W1,SKU_A,0
341,W1,SKU_B,0
341,W1,SKU_C,0
341,W1,SKU_D,0
341,W1,SKU_E,0
341,W2,SKU_A,0
341,W2,SKU_B,0
341,W2,SKU_C,0
341,W2,SKU_D,0
341,W2,SKU_E,0
341,R1,SKU_A,0
341,R1,SKU_B,0
341,R1,SKU_C,0
341,R1,SKU_D,0
341,R1,SKU_E,0
341,R2,SKU_A,0
341,R2,SKU_B,0
341,R2,SKU_C,0
341,R2,SKU_D,93
341,R2,SKU_E,0
341,R3,SKU_A,0
341,R3,SKU_B,0
341,R3,SKU_C,0
341,R3,SKU_D,0
341,R3,SKU_E,0
342,Supplier,SKU_A,0
342,Supplier,SKU_B,0
342,Supplier,SKU_C,0
342,Supplier,SKU_D,0
342,Supplier,SKU_E,0
342,W1,SKU_A,0
342,W1,SKU_B,0
342,W1,SKU_C,0
342,W1,SKU_D,0
342,W1,SKU_E,0
342,W2,SKU_A,0
342,W2,SKU_B,0
342,W2,SKU_C,0
342,W2,SKU_D,0
342,W2,SKU_E,0
342,R1,SKU_A,723
342,R1,SKU_B,195
342,R1,SKU_C,428
342,R1,SKU_D,0
342,R1,SKU_E,172
342,R2,SKU_A,0
342,R2,SKU_B,369
342,R2,SKU_C,0
342,R2,SKU_D,70
342,R2,SKU_E,469
342,R3,SKU_A,0
342,R3,SKU_B,341
342,R3,SKU_C,0
342,R3,SKU_D,0
342,R3,SKU_E,358
343,Supplier,SKU_A,0
343,Supplier,SKU_B,0
343,Supplier,SKU_C,0
343,Supplier,SKU_D,0
343,Supplier,SKU_E,0
343,W1,SKU_A,723
343,W1,SKU_B,0
343,W1,SKU_C,0
343,W1,SKU_D,163
343,W1,SKU_E,987
343,W2,SKU_A,0
343,W2,SKU_B,0
343,W2,SKU_C,0
343,W2,SKU_D,0
343,W2,SKU_E,1098
343,R1,SKU_A,0
343,R1,SKU_B,0
343,R1,SKU_C,0
343,R1,SKU_D,596
343,R1,SKU_E,0
343,R2,SKU_A,630
343,R2,SKU_B,0
343,R2,SKU_C,0
343,R2,SKU_D,54
343,R2,SKU_E,0
343,R3,SKU_A,0
343,R3,SKU_B,0
343,R3,SKU_C,0
343,R3,SKU_D,0
343,R3,SKU_E,0
344,Supplier,SKU_A,0
344,Supplier,SKU_B,0
344,Supplier,SKU_C,0
344,Supplier,SKU_D,0
344,Supplier,SKU_E,0
344,W1,SKU_A,630
344,W1,SKU_B,0
344,W1,SKU_C,0
344,W1,SKU_D,650
344,W1,SKU_E,0
344,W2,SKU_A,0
344,W2,SKU_B,0
344,W2,SKU_C,0
344,W2,SKU_D,0
344,W2,SKU_E,0
344,R1,SKU_A,0
344,R1,SKU_B,0
344,R1,SKU_C,0
344,R1,SKU_D,0
344,R1,SKU_E,0
344,R2,SKU_A,0
344,R2,SKU_B,0
344,R2,SKU_C,360
344,R2,SKU_D,49
344,R2,SKU_E,0
344,R3,SKU_A,1486
344,R3,SKU_B,0
344,R3,SKU_C,0
344,R3,SKU_D,0
344,R3,SKU_E,0
345,Supplier,SKU_A,0
345,Supplier,SKU_B,0
345,Supplier,SKU_C,0
345,Supplier,SKU_D,0
345,Supplier,SKU_E,0
345,W1,SKU_A,0
345,W1,SKU_B,0
345,W1,SKU_C,788
345,W1,SKU_D,0
345,W1,SKU_E,0
345,W2,SKU_A,2954
345,W2,SKU_B,0
345,W2,SKU_C,0
345,W2,SKU_D,0
345,W2,SKU_E,0
345,R1,SKU_A,0
345,R1,SKU_B,228
345,R1,SKU_C,338
345,R1,SKU_D,0
345,R1,SKU_E,166
345,R2,SKU_A,0
345,R2,SKU_B,0
345,R2,SKU_C,0
345,R2,SKU_D,48
345,R2,SKU_E,0
345,R3,SKU_A,0
345,R3,SKU_B,0
345,R3,SKU_C,0
345,R3,SKU_D,0
345,R3,SKU_E,0
346,Supplier,SKU_A,0
346,Supplier,SKU_B,0
346,Supplier,SKU_C,0
346,Supplier,SKU_D,0
346,Supplier,SKU_E,0
346,W1,SKU_A,0
346,W1,SKU_B,1176
346,W1,SKU_C,0
346,W1,SKU_D,0
346,W1,SKU_E,0
346,W2,SKU_A,0
346,W2,SKU_B,0
346,W2,SKU_C,0
346,W2,SKU_D,0
346,W2,SKU_E,0
346,R1,SKU_A,0
346,R1,SKU_B,0
346,R1,SKU_C,0
346,R1,SKU_D,0
346,R1,SKU_E,0
346,R2,SKU_A,0
346,R2,SKU_B,0
346,R2,SKU_C,0
346,R2,SKU_D,63
346,R2,SKU_E,0
346,R3,SKU_A,0
346,R3,SKU_B,279
346,R3,SKU_C,0
346,R3,SKU_D,941
346,R3,SKU_E,335
347,Supplier,SKU_A,0
347,Supplier,SKU_B,0
347,Supplier,SKU_C,0
347,Supplier,SKU_D,0
347,Supplier,SKU_E,0
347,W1,SKU_A,0
347,W1,SKU_B,0
347,W1,SKU_C,0
347,W1,SKU_D,0
347,W1,SKU_E,0
347,W2,SKU_A,0
347,W2,SKU_B,0
347,W2,SKU_C,0
347,W2,SKU_D,0
347,W2,SKU_E,0
347,R1,SKU_A,715
347,R1,SKU_B,0
347,R1,SKU_C,0
347,R1,SKU_D,0
347,R1,SKU_E,0
347,R2,SKU_A,0
347,R2,SKU_B,0
347,R2,SKU_C,0
347,R2,SKU_D,55
347,R2,SKU_E,0
347,R3,SKU_A,0
347,R3,SKU_B,0
347,R3,SKU_C,1042
347,R3,SKU_D,0
347,R3,SKU_E,0
348,Supplier,SKU_A,0
348,Supplier,SKU_B,0
348,Supplier,SKU_C,0
348,Supplier,SKU_D,0
348,Supplier,SKU_E,0
348,W1,SKU_A,715
348,W1,SKU_B,0
348,W1,SKU_C,0
348,W1,SKU_D,215
348,W1,SKU_E,0
348,W2,SKU_A,0
348,W2,SKU_B,0
348,W2,SKU_C,2091
348,W2,SKU_D,0
348,W2,SKU_E,0
348,R1,SKU_A,0
348,R1,SKU_B,182
348,R1,SKU_C,308
348,R1,SKU_D,0
348,R1,SKU_E,0
348,R2,SKU_A,0
348,R2,SKU_B,390
348,R2,SKU_C,0
348,R2,SKU_D,55
348,R2,SKU_E,0
348,R3,SKU_A,0
348,R3,SKU_B,0
348,R3,SKU_C,0
348,R3,SKU_D,0
348,R3,SKU_E,0
349,Supplier,SKU_A,0
349,Supplier,SKU_B,0
349,Supplier,SKU_C,0
349,Supplier,SKU_D,0
349,Supplier,SKU_E,0
349,W1,SKU_A,0
349,W1,SKU_B,0
349,W1,SKU_C,0
349,W1,SKU_D,0
349,W1,SKU_E,0
349,W2,SKU_A,0
349,W2,SKU_B,0
349,W2,SKU_C,0
349,W2,SKU_D,0
349,W2,SKU_E,0
349,R1,SKU_A,0
349,R1,SKU_B,0
349,R1,SKU_C,0
349,R1,SKU_D,0
349,R1,SKU_E,212
349,R2,SKU_A,619
349,R2,SKU_B,0
349,R2,SKU_C,0
349,R2,SKU_D,76
349,R2,SKU_E,0
349,R3,SKU_A,0
349,R3,SKU_B,0
349,R3,SKU_C,0
349,R3,SKU_D,0
349,R3,SKU_E,0
350,Supplier,SKU_A,0
350,Supplier,SKU_B,0
350,Supplier,SKU_C,0
350,Supplier,SKU_D,0
350,Supplier,SKU_E,0
350,W1,SKU_A,619
350,W1,SKU_B,0
350,W1,SKU_C,0
350,W1,SKU_D,0
350,W1,SKU_E,0
350,W2,SKU_A,0
350,W2,SKU_B,0
350,W2,SKU_C,0
350,W2,SKU_D,0
350,W2,SKU_E,0
350,R1,SKU_A,0
350,R1,SKU_B,208
350,R1,SKU_C,278
350,R1,SKU_D,0
350,R1,SKU_E,0
350,R2,SKU_A,0
350,R2,SKU_B,0
350,R2,SKU_C,393
350,R2,SKU_D,66
350,R2,SKU_E,490
350,R3,SKU_A,0
350,R3,SKU_B,269
350,R3,SKU_C,0
350,R3,SKU_D,0
350,R3,SKU_E,375
351,Supplier,SKU_A,0
351,Supplier,SKU_B,0
351,Supplier,SKU_C,0
351,Supplier,SKU_D,0
351,Supplier,SKU_E,0
351,W1,SKU_A,0
351,W1,SKU_B,0
351,W1,SKU_C,1317
351,W1,SKU_D,197
351,W1,SKU_E,868
351,W2,SKU_A,0
351,W2,SKU_B,1507
351,W2,SKU_C,0
351,W2,SKU_D,0
351,W2,SKU_E,0
351,R1,SKU_A,605
351,R1,SKU_B,0
351,R1,SKU_C,0
351,R1,SKU_D,547
351,R1,SKU_E,0
351,R2,SKU_A,0
351,R2,SKU_B,0
351,R2,SKU_C,0
351,R2,SKU_D,81
351,R2,SKU_E,0
351,R3,SKU_A,0
351,R3,SKU_B,0
351,R3,SKU_C,0
351,R3,SKU_D,0
351,R3,SKU_E,0
352,Supplier,SKU_A,0
352,Supplier,SKU_B,0
352,Supplier,SKU_C,0
352,Supplier,SKU_D,0
352,Supplier,SKU_E,0
352,W1,SKU_A,605
352,W1,SKU_B,0
352,W1,SKU_C,0
352,W1,SKU_D,628
352,W1,SKU_E,0
352,W2,SKU_A,0
352,W2,SKU_B,0
352,W2,SKU_C,0
352,W2,SKU_D,0
352,W2,SKU_E,0
352,R1,SKU_A,0
352,R1,SKU_B,0
352,R1,SKU_C,0
352,R1,SKU_D,0
352,R1,SKU_E,0
352,R2,SKU_A,0
352,R2,SKU_B,0
352,R2,SKU_C,0
352,R2,SKU_D,0
352,R2,SKU_E,0
352,R3,SKU_A,0
352,R3,SKU_B,0
352,R3,SKU_C,0
352,R3,SKU_D,0
352,R3,SKU_E,0
353,Supplier,SKU_A,0
353,Supplier,SKU_B,0
353,Supplier,SKU_C,0
353,Supplier,SKU_D,0
353,Supplier,SKU_E,0
353,W1,SKU_A,0
353,W1,SKU_B,0
353,W1,SKU_C,0
353,W1,SKU_D,0
353,W1,SKU_E,0
353,W2,SKU_A,0
353,W2,SKU_B,0
353,W2,SKU_C,0
353,W2,SKU_D,0
353,W2,SKU_E,0
353,R1,SKU_A,0
353,R1,SKU_B,0
353,R1,SKU_C,0
353,R1,SKU_D,0
353,R1,SKU_E,188
353,R2,SKU_A,0
353,R2,SKU_B,0
353,R2,SKU_C,0
353,R2,SKU_D,83
353,R2,SKU_E,0
353,R3,SKU_A,1521
353,R3,SKU_B,0
353,R3,SKU_C,0
353,R3,SKU_D,0
353,R3,SKU_E,0
354,Supplier,SKU_A,0
354,Supplier,SKU_B,0
354,Supplier,SKU_C,0
354,Supplier,SKU_D,0
354,Supplier,SKU_E,0
354,W1,SKU_A,0
354,W1,SKU_B,0
354,W1,SKU_C,0
354,W1,SKU_D,0
354,W1,SKU_E,0
354,W2,SKU_A,0
354,W2,SKU_B,0
354,W2,SKU_C,0
354,W2,SKU_D,0
354,W2,SKU_E,0
354,R1,SKU_A,0
354,R1,SKU_B,210
354,R1,SKU_C,286
354,R1,SKU_D,0
354,R1,SKU_E,0
354,R2,SKU_A,0
354,R2,SKU_B,0
354,R2,SKU_C,0
354,R2,SKU_D,0
354,R2,SKU_E,0
354,R3,SKU_A,0
354,R3,SKU_B,0
354,R3,SKU_C,0
354,R3,SKU_D,0
354,R3,SKU_E,326
355,Supplier,SKU_A,0
355,Supplier,SKU_B,0
355,Supplier,SKU_C,0
355,Supplier,SKU_D,0
355,Supplier,SKU_E,0
355,W1,SKU_A,0
355,W1,SKU_B,0
355,W1,SKU_C,0
355,W1,SKU_D,0
355,W1,SKU_E,0
355,W2,SKU_A,0
355,W2,SKU_B,0
355,W2,SKU_C,0
355,W2,SKU_D,0
355,W2,SKU_E,1036
355,R1,SKU_A,0
355,R1,SKU_B,0
355,R1,SKU_C,0
355,R1,SKU_D,0
355,R1,SKU_E,0
355,R2,SKU_A,0
355,R2,SKU_B,393
355,R2,SKU_C,0
355,R2,SKU_D,98
355,R2,SKU_E,0
355,R3,SKU_A,0
355,R3,SKU_B,304
355,R3,SKU_C,0
355,R3,SKU_D,0
355,R3,SKU_E,0
356,Supplier,SKU_A,0
356,Supplier,SKU_B,0
356,Supplier,SKU_C,0
356,Supplier,SKU_D,0
356,Supplier,SKU_E,0
356,W1,SKU_A,0
356,W1,SKU_B,1383
356,W1,SKU_C,0
356,W1,SKU_D,181
356,W1,SKU_E,0
356,W2,SKU_A,0
356,W2,SKU_B,0
356,W2,SKU_C,0
356,W2,SKU_D,0
356,W2,SKU_E,0
356,R1,SKU_A,634
356,R1,SKU_B,215
356,R1,SKU_C,0
356,R1,SKU_D,0
356,R1,SKU_E,0
356,R2,SKU_A,687
356,R2,SKU_B,0
356,R2,SKU_C,375
356,R2,SKU_D,81
356,R2,SKU_E,0
356,R3,SKU_A,0
356,R3,SKU_B,0
356,R3,SKU_C,0
356,R3,SKU_D,993
356,R3,SKU_E,0
357,Supplier,SKU_A,0
357,Supplier,SKU_B,0
357,Supplier,SKU_C,0
357,Supplier,SKU_D,0
357,Supplier,SKU_E,0
357,W1,SKU_A,1321
357,W1,SKU_B,0
357,W1,SKU_C,0
357,W1,SKU_D,0
357,W1,SKU_E,0
357,W2,SKU_A,0
357,W2,SKU_B,0
357,W2,SKU_C,0
357,W2,SKU_D,1934
357,W2,SKU_E,0
357,R1,SKU_A,0
357,R1,SKU_B,0
357,R1,SKU_C,371
357,R1,SKU_D,0
357,R1,SKU_E,227
357,R2,SKU_A,0
357,R2,SKU_B,0
357,R2,SKU_C,0
357,R2,SKU_D,64
357,R2,SKU_E,0
357,R3,SKU_A,0
357,R3,SKU_B,0
357,R3,SKU_C,1069
357,R3,SKU_D,0
357,R3,SKU_E,337
358,Supplier,SKU_A,0
358,Supplier,SKU_B,0
358,Supplier,SKU_C,0
358,Supplier,SKU_D,0
358,Supplier,SKU_E,0
358,W1,SKU_A,0
358,W1,SKU_B,0
358,W1,SKU_C,1032
358,W1,SKU_D,0
358,W1,SKU_E,0
358,W2,SKU_A,0
358,W2,SKU_B,0
358,W2,SKU_C,0
358,W2,SKU_D,0
358,W2,SKU_E,0
358,R1,SKU_A,0
358,R1,SKU_B,201
358,R1,SKU_C,0
358,R1,SKU_D,0
358,R1,SKU_E,0
358,R2,SKU_A,0
358,R2,SKU_B,0
358,R2,SKU_C,0
358,R2,SKU_D,48
358,R2,SKU_E,453
358,R3,SKU_A,0
358,R3,SKU_B,0
358,R3,SKU_C,0
358,R3,SKU_D,0
358,R3,SKU_E,0
359,Supplier,SKU_A,0
359,Supplier,SKU_B,0
359,Supplier,SKU_C,0
359,Supplier,SKU_D,0
359,Supplier,SKU_E,0
359,W1,SKU_A,0
359,W1,SKU_B,0
359,W1,SKU_C,0
359,W1,SKU_D,193
359,W1,SKU_E,868
359,W2,SKU_A,0
359,W2,SKU_B,0
359,W2,SKU_C,0
359,W2,SKU_D,0
359,W2,SKU_E,0
359,R1,SKU_A,0
359,R1,SKU_B,0
359,R1,SKU_C,0
359,R1,SKU_D,521
359,R1,SKU_E,0
359,R2,SKU_A,0
359,R2,SKU_B,0
359,R2,SKU_C,0
359,R2,SKU_D,49
359,R2,SKU_E,0
359,R3,SKU_A,0
359,R3,SKU_B,0
359,R3,SKU_C,0
359,R3,SKU_D,0
359,R3,SKU_E,0
360,Supplier,SKU_A,0
360,Supplier,SKU_B,0
360,Supplier,SKU_C,0
360,Supplier,SKU_D,0
360,Supplier,SKU_E,0
360,W1,SKU_A,0
360,W1,SKU_B,0
360,W1,SKU_C,0
360,W1,SKU_D,570
360,W1,SKU_E,0
360,W2,SKU_A,0
360,W2,SKU_B,0
360,W2,SKU_C,0
360,W2,SKU_D,0
360,W2,SKU_E,0
360,R1,SKU_A,643
360,R1,SKU_B,0
360,R1,SKU_C,278
360,R1,SKU_D,0
360,R1,SKU_E,0
360,R2,SKU_A,0
360,R2,SKU_B,0
360,R2,SKU_C,0
360,R2,SKU_D,55
360,R2,SKU_E,0
360,R3,SKU_A,0
360,R3,SKU_B,290
360,R3,SKU_C,0
360,R3,SKU_D,0
360,R3,SKU_E,0
361,Supplier,SKU_A,0
361,Supplier,SKU_B,0
361,Supplier,SKU_C,0
361,Supplier,SKU_D,0
361,Supplier,SKU_E,0
361,W1,SKU_A,643
361,W1,SKU_B,0
361,W1,SKU_C,0
361,W1,SKU_D,0
361,W1,SKU_E,0
361,W2,SKU_A,0
361,W2,SKU_B,0
361,W2,SKU_C,0
361,W2,SKU_D,0
361,W2,SKU_E,0
361,R1,SKU_A,0
361,R1,SKU_B,0
361,R1,SKU_C,0
361,R1,SKU_D,0
361,R1,SKU_E,168
361,R2,SKU_A,0
361,R2,SKU_B,371
361,R2,SKU_C,352
361,R2,SKU_D,54
361,R2,SKU_E,0
361,R3,SKU_A,0
361,R3,SKU_B,0
361,R3,SKU_C,0
361,R3,SKU_D,0
361,R3,SKU_E,0
362,Supplier,SKU_A,0
362,Supplier,SKU_B,0
362,Supplier,SKU_C,0
362,Supplier,SKU_D,0
362,Supplier,SKU_E,0
362,W1,SKU_A,0
362,W1,SKU_B,0
362,W1,SKU_C,0
362,W1,SKU_D,0
362,W1,SKU_E,0
362,W2,SKU_A,0
362,W2,SKU_B,0
362,W2,SKU_C,0
362,W2,SKU_D,0
362,W2,SKU_E,0
362,R1,SKU_A,0
362,R1,SKU_B,218
362,R1,SKU_C,0
362,R1,SKU_D,0
362,R1,SKU_E,0
362,R2,SKU_A,616
362,R2,SKU_B,0
362,R2,SKU_C,0
362,R2,SKU_D,57
362,R2,SKU_E,0
362,R3,SKU_A,1469
362,R3,SKU_B,0
362,R3,SKU_C,0
362,R3,SKU_D,0
362,R3,SKU_E,380
363,Supplier,SKU_A,0
363,Supplier,SKU_B,0
363,Supplier,SKU_C,0
363,Supplier,SKU_D,0
363,Supplier,SKU_E,0
363,W1,SKU_A,616
363,W1,SKU_B,0
363,W1,SKU_C,0
363,W1,SKU_D,166
363,W1,SKU_E,0
363,W2,SKU_A,2990
363,W2,SKU_B,0
363,W2,SKU_C,0
363,W2,SKU_D,0
363,W2,SKU_E,0
363,R1,SKU_A,0
363,R1,SKU_B,0
363,R1,SKU_C,314
363,R1,SKU_D,0
363,R1,SKU_E,0
363,R2,SKU_A,0
363,R2,SKU_B,0
363,R2,SKU_C,0
363,R2,SKU_D,57
363,R2,SKU_E,0
363,R3,SKU_A,0
363,R3,SKU_B,0
363,R3,SKU_C,0
363,R3,SKU_D,0
363,R3,SKU_E,0
364,Supplier,SKU_A,0
364,Supplier,SKU_B,0
364,Supplier,SKU_C,0
364,Supplier,SKU_D,0
364,Supplier,SKU_E,0
364,W1,SKU_A,0
364,W1,SKU_B,0
364,W1,SKU_C,944
364,W1,SKU_D,0
364,W1,SKU_E,0
364,W2,SKU_A,0
364,W2,SKU_B,0
364,W2,SKU_C,0
364,W2,SKU_D,0
364,W2,SKU_E,0
364,R1,SKU_A,0
364,R1,SKU_B,192
364,R1,SKU_C,0
364,R1,SKU_D,0
364,R1,SKU_E,174
364,R2,SKU_A,0
364,R2,SKU_B,0
364,R2,SKU_C,0
364,R2,SKU_D,53
364,R2,SKU_E,0
364,R3,SKU_A,0
364,R3,SKU_B,294
364,R3,SKU_C,0
364,R3,SKU_D,0
364,R3,SKU_E,0
