t,node_id,sku,orders_to_parent
0,Supplier,SKU1,0.0
0,W1,SKU1,0.0
0,W2,SKU1,0.0
0,R1,SKU1,155.0
0,R2,SKU1,87.0
0,R3,SKU1,274.0
1,Supplier,SKU1,0.0
1,W1,SKU1,242.0
1,W2,SKU1,274.0
1,R1,SKU1,121.0
1,R2,SKU1,90.0
1,R3,SKU1,268.0
2,Supplier,SKU1,0.0
2,W1,SKU1,211.0
2,W2,SKU1,268.0
2,R1,SKU1,120.0
2,R2,SKU1,76.0
2,R3,SKU1,153.0
3,Supplier,SKU1,0.0
3,W1,SKU1,207.0
3,W2,SKU1,153.0
3,R1,SKU1,84.0
3,R2,SKU1,83.0
3,R3,SKU1,188.0
4,Supplier,SKU1,0.0
4,W1,SKU1,174.0
4,W2,SKU1,188.0
4,R1,SKU1,92.0
4,R2,SKU1,73.0
4,R3,SKU1,154.0
5,Supplier,SKU1,0.0
5,W1,SKU1,147.0
5,W2,SKU1,154.0
5,R1,SKU1,113.0
5,R2,SKU1,106.0
5,R3,SKU1,211.0
6,Supplier,SKU1,0.0
6,W1,SKU1,219.0
6,W2,SKU1,211.0
6,R1,SKU1,123.0
6,R2,SKU1,97.0
6,R3,SKU1,215.0
7,Supplier,SKU1,0.0
7,W1,SKU1,239.0
7,W2,SKU1,226.0
7,R1,SKU1,163.0
7,R2,SKU1,146.0
7,R3,SKU1,288.0
8,Supplier,SKU1,0.0
8,W1,SKU1,290.0
8,W2,SKU1,277.0
8,R1,SKU1,165.0
8,R2,SKU1,93.0
8,R3,SKU1,276.0
9,Supplier,SKU1,0.0
9,W1,SKU1,258.0
9,W2,SKU1,276.0
9,R1,SKU1,95.0
9,R2,SKU1,113.0
9,R3,SKU1,224.0
10,Supplier,SKU1,0.0
10,W1,SKU1,208.0
10,W2,SKU1,224.0
10,R1,SKU1,96.0
10,R2,SKU1,119.0
10,R3,SKU1,208.0
11,Supplier,SKU1,0.0
11,W1,SKU1,223.0
11,W2,SKU1,232.0
11,R1,SKU1,107.0
11,R2,SKU1,85.0
11,R3,SKU1,162.0
12,Supplier,SKU1,0.0
12,W1,SKU1,184.0
12,W2,SKU1,138.0
12,R1,SKU1,126.0
12,R2,SKU1,93.0
12,R3,SKU1,157.0
13,Supplier,SKU1,0.0
13,W1,SKU1,219.0
13,W2,SKU1,157.0
13,R1,SKU1,153.0
13,R2,SKU1,118.0
13,R3,SKU1,251.0
14,Supplier,SKU1,0.0
14,W1,SKU1,290.0
14,W2,SKU1,251.0
14,R1,SKU1,224.0
14,R2,SKU1,160.0
14,R3,SKU1,347.0
15,Supplier,SKU1,0.0
15,W1,SKU1,374.0
15,W2,SKU1,347.0
15,R1,SKU1,250.0
15,R2,SKU1,137.0
15,R3,SKU1,332.0
16,Supplier,SKU1,0.0
16,W1,SKU1,378.0
16,W2,SKU1,332.0
16,R1,SKU1,118.0
16,R2,SKU1,93.0
16,R3,SKU1,217.0
17,Supplier,SKU1,0.0
17,W1,SKU1,211.0
17,W2,SKU1,217.0
17,R1,SKU1,151.0
17,R2,SKU1,83.0
17,R3,SKU1,263.0
18,Supplier,SKU1,0.0
18,W1,SKU1,245.0
18,W2,SKU1,280.0
18,R1,SKU1,108.0
18,R2,SKU1,77.0
18,R3,SKU1,165.0
19,Supplier,SKU1,0.0
19,W1,SKU1,174.0
19,W2,SKU1,148.0
19,R1,SKU1,143.0
19,R2,SKU1,77.0
19,R3,SKU1,187.0
20,Supplier,SKU1,0.0
20,W1,SKU1,220.0
20,W2,SKU1,187.0
20,R1,SKU1,146.0
20,R2,SKU1,87.0
20,R3,SKU1,248.0
21,Supplier,SKU1,0.0
21,W1,SKU1,253.0
21,W2,SKU1,248.0
21,R1,SKU1,204.0
21,R2,SKU1,100.0
21,R3,SKU1,304.0
22,Supplier,SKU1,0.0
22,W1,SKU1,284.0
22,W2,SKU1,304.0
22,R1,SKU1,188.0
22,R2,SKU1,108.0
22,R3,SKU1,276.0
23,Supplier,SKU1,0.0
23,W1,SKU1,296.0
23,W2,SKU1,280.0
23,R1,SKU1,113.0
23,R2,SKU1,97.0
23,R3,SKU1,168.0
24,Supplier,SKU1,0.0
24,W1,SKU1,210.0
24,W2,SKU1,164.0
24,R1,SKU1,152.0
24,R2,SKU1,80.0
24,R3,SKU1,212.0
25,Supplier,SKU1,0.0
25,W1,SKU1,242.0
25,W2,SKU1,212.0
25,R1,SKU1,113.0
25,R2,SKU1,61.0
25,R3,SKU1,217.0
26,Supplier,SKU1,0.0
26,W1,SKU1,164.0
26,W2,SKU1,229.0
26,R1,SKU1,133.0
26,R2,SKU1,71.0
26,R3,SKU1,178.0
27,Supplier,SKU1,0.0
27,W1,SKU1,204.0
27,W2,SKU1,166.0
27,R1,SKU1,143.0
27,R2,SKU1,99.0
27,R3,SKU1,233.0
28,Supplier,SKU1,0.0
28,W1,SKU1,246.0
28,W2,SKU1,233.0
28,R1,SKU1,165.0
28,R2,SKU1,98.0
28,R3,SKU1,305.0
29,Supplier,SKU1,0.0
29,W1,SKU1,259.0
29,W2,SKU1,305.0
29,R1,SKU1,194.0
29,R2,SKU1,77.0
29,R3,SKU1,302.0
30,Supplier,SKU1,0.0
30,W1,SKU1,271.0
30,W2,SKU1,307.0
30,R1,SKU1,119.0
30,R2,SKU1,70.0
30,R3,SKU1,170.0
31,Supplier,SKU1,0.0
31,W1,SKU1,189.0
31,W2,SKU1,177.0
31,R1,SKU1,142.0
31,R2,SKU1,83.0
31,R3,SKU1,235.0
32,Supplier,SKU1,0.0
32,W1,SKU1,225.0
32,W2,SKU1,223.0
32,R1,SKU1,108.0
32,R2,SKU1,81.0
32,R3,SKU1,208.0
33,Supplier,SKU1,0.0
33,W1,SKU1,189.0
33,W2,SKU1,231.0
33,R1,SKU1,157.0
33,R2,SKU1,102.0
33,R3,SKU1,211.0
34,Supplier,SKU1,0.0
34,W1,SKU1,259.0
34,W2,SKU1,188.0
34,R1,SKU1,158.0
34,R2,SKU1,94.0
34,R3,SKU1,261.0
35,Supplier,SKU1,0.0
35,W1,SKU1,252.0
35,W2,SKU1,261.0
35,R1,SKU1,180.0
35,R2,SKU1,136.0
35,R3,SKU1,281.0
36,Supplier,SKU1,0.0
36,W1,SKU1,316.0
36,W2,SKU1,281.0
36,R1,SKU1,179.0
36,R2,SKU1,125.0
36,R3,SKU1,313.0
37,Supplier,SKU1,0.0
37,W1,SKU1,320.0
37,W2,SKU1,313.0
37,R1,SKU1,100.0
37,R2,SKU1,85.0
37,R3,SKU1,238.0
38,Supplier,SKU1,0.0
38,W1,SKU1,169.0
38,W2,SKU1,251.0
38,R1,SKU1,117.0
38,R2,SKU1,108.0
38,R3,SKU1,193.0
39,Supplier,SKU1,0.0
39,W1,SKU1,225.0
39,W2,SKU1,180.0
39,R1,SKU1,153.0
39,R2,SKU1,92.0
39,R3,SKU1,196.0
40,Supplier,SKU1,0.0
40,W1,SKU1,245.0
40,W2,SKU1,196.0
40,R1,SKU1,106.0
40,R2,SKU1,83.0
40,R3,SKU1,226.0
41,Supplier,SKU1,0.0
41,W1,SKU1,189.0
41,W2,SKU1,226.0
41,R1,SKU1,157.0
41,R2,SKU1,82.0
41,R3,SKU1,234.0
42,Supplier,SKU1,0.0
42,W1,SKU1,239.0
42,W2,SKU1,234.0
42,R1,SKU1,174.0
42,R2,SKU1,100.0
42,R3,SKU1,345.0
43,Supplier,SKU1,0.0
43,W1,SKU1,274.0
43,W2,SKU1,345.0
43,R1,SKU1,176.0
43,R2,SKU1,84.0
43,R3,SKU1,296.0
44,Supplier,SKU1,0.0
44,W1,SKU1,260.0
44,W2,SKU1,296.0
44,R1,SKU1,119.0
44,R2,SKU1,94.0
44,R3,SKU1,200.0
45,Supplier,SKU1,0.0
45,W1,SKU1,213.0
45,W2,SKU1,200.0
45,R1,SKU1,135.0
45,R2,SKU1,77.0
45,R3,SKU1,257.0
46,Supplier,SKU1,0.0
46,W1,SKU1,225.0
46,W2,SKU1,257.0
46,R1,SKU1,100.0
46,R2,SKU1,67.0
46,R3,SKU1,209.0
47,Supplier,SKU1,0.0
47,W1,SKU1,154.0
47,W2,SKU1,209.0
47,R1,SKU1,134.0
47,R2,SKU1,97.0
47,R3,SKU1,238.0
48,Supplier,SKU1,0.0
48,W1,SKU1,231.0
48,W2,SKU1,247.0
48,R1,SKU1,121.0
48,R2,SKU1,84.0
48,R3,SKU1,219.0
49,Supplier,SKU1,0.0
49,W1,SKU1,205.0
49,W2,SKU1,210.0
49,R1,SKU1,187.0
49,R2,SKU1,81.0
49,R3,SKU1,312.0
50,Supplier,SKU1,0.0
50,W1,SKU1,273.0
50,W2,SKU1,322.0
50,R1,SKU1,185.0
50,R2,SKU1,98.0
50,R3,SKU1,325.0
51,Supplier,SKU1,0.0
51,W1,SKU1,278.0
51,W2,SKU1,315.0
51,R1,SKU1,134.0
51,R2,SKU1,69.0
51,R3,SKU1,207.0
52,Supplier,SKU1,0.0
52,W1,SKU1,203.0
52,W2,SKU1,222.0
52,R1,SKU1,114.0
52,R2,SKU1,77.0
52,R3,SKU1,221.0
53,Supplier,SKU1,0.0
53,W1,SKU1,194.0
53,W2,SKU1,206.0
53,R1,SKU1,124.0
53,R2,SKU1,60.0
53,R3,SKU1,217.0
54,Supplier,SKU1,0.0
54,W1,SKU1,181.0
54,W2,SKU1,223.0
54,R1,SKU1,98.0
54,R2,SKU1,65.0
54,R3,SKU1,225.0
55,Supplier,SKU1,0.0
55,W1,SKU1,163.0
55,W2,SKU1,219.0
55,R1,SKU1,135.0
55,R2,SKU1,65.0
55,R3,SKU1,204.0
56,Supplier,SKU1,0.0
56,W1,SKU1,200.0
56,W2,SKU1,223.0
56,R1,SKU1,185.0
56,R2,SKU1,90.0
56,R3,SKU1,272.0
57,Supplier,SKU1,0.0
57,W1,SKU1,275.0
57,W2,SKU1,253.0
57,R1,SKU1,195.0
57,R2,SKU1,83.0
57,R3,SKU1,267.0
58,Supplier,SKU1,0.0
58,W1,SKU1,278.0
58,W2,SKU1,267.0
58,R1,SKU1,104.0
58,R2,SKU1,84.0
58,R3,SKU1,183.0
59,Supplier,SKU1,0.0
59,W1,SKU1,188.0
59,W2,SKU1,183.0
59,R1,SKU1,122.0
59,R2,SKU1,69.0
59,R3,SKU1,170.0
60,Supplier,SKU1,0.0
60,W1,SKU1,191.0
60,W2,SKU1,170.0
60,R1,SKU1,100.0
60,R2,SKU1,88.0
60,R3,SKU1,175.0
61,Supplier,SKU1,0.0
61,W1,SKU1,188.0
61,W2,SKU1,175.0
61,R1,SKU1,158.0
61,R2,SKU1,82.0
61,R3,SKU1,229.0
62,Supplier,SKU1,0.0
62,W1,SKU1,240.0
62,W2,SKU1,229.0
62,R1,SKU1,184.0
62,R2,SKU1,107.0
62,R3,SKU1,262.0
63,Supplier,SKU1,0.0
63,W1,SKU1,291.0
63,W2,SKU1,262.0
63,R1,SKU1,195.0
63,R2,SKU1,128.0
63,R3,SKU1,312.0
64,Supplier,SKU1,0.0
64,W1,SKU1,323.0
64,W2,SKU1,312.0
64,R1,SKU1,220.0
64,R2,SKU1,113.0
64,R3,SKU1,295.0
65,Supplier,SKU1,0.0
65,W1,SKU1,356.0
65,W2,SKU1,307.0
65,R1,SKU1,179.0
65,R2,SKU1,142.0
65,R3,SKU1,180.0
66,Supplier,SKU1,0.0
66,W1,SKU1,298.0
66,W2,SKU1,187.0
66,R1,SKU1,104.0
66,R2,SKU1,70.0
66,R3,SKU1,198.0
67,Supplier,SKU1,0.0
67,W1,SKU1,174.0
67,W2,SKU1,185.0
67,R1,SKU1,120.0
67,R2,SKU1,83.0
67,R3,SKU1,224.0
68,Supplier,SKU1,0.0
68,W1,SKU1,203.0
68,W2,SKU1,218.0
68,R1,SKU1,157.0
68,R2,SKU1,63.0
68,R3,SKU1,196.0
69,Supplier,SKU1,0.0
69,W1,SKU1,223.0
69,W2,SKU1,214.0
69,R1,SKU1,131.0
69,R2,SKU1,67.0
69,R3,SKU1,220.0
70,Supplier,SKU1,0.0
70,W1,SKU1,195.0
70,W2,SKU1,202.0
70,R1,SKU1,219.0
70,R2,SKU1,101.0
70,R3,SKU1,283.0
71,Supplier,SKU1,0.0
71,W1,SKU1,320.0
71,W2,SKU1,285.0
71,R1,SKU1,233.0
71,R2,SKU1,119.0
71,R3,SKU1,333.0
72,Supplier,SKU1,0.0
72,W1,SKU1,372.0
72,W2,SKU1,331.0
72,R1,SKU1,108.0
72,R2,SKU1,116.0
72,R3,SKU1,246.0
73,Supplier,SKU1,0.0
73,W1,SKU1,204.0
73,W2,SKU1,246.0
73,R1,SKU1,154.0
73,R2,SKU1,71.0
73,R3,SKU1,211.0
74,Supplier,SKU1,0.0
74,W1,SKU1,229.0
74,W2,SKU1,211.0
74,R1,SKU1,108.0
74,R2,SKU1,72.0
74,R3,SKU1,251.0
75,Supplier,SKU1,0.0
75,W1,SKU1,176.0
75,W2,SKU1,262.0
75,R1,SKU1,153.0
75,R2,SKU1,65.0
75,R3,SKU1,191.0
76,Supplier,SKU1,0.0
76,W1,SKU1,218.0
76,W2,SKU1,180.0
76,R1,SKU1,153.0
76,R2,SKU1,86.0
76,R3,SKU1,240.0
77,Supplier,SKU1,0.0
77,W1,SKU1,257.0
77,W2,SKU1,240.0
77,R1,SKU1,211.0
77,R2,SKU1,146.0
77,R3,SKU1,289.0
78,Supplier,SKU1,0.0
78,W1,SKU1,339.0
78,W2,SKU1,289.0
78,R1,SKU1,221.0
78,R2,SKU1,124.0
78,R3,SKU1,303.0
79,Supplier,SKU1,0.0
79,W1,SKU1,345.0
79,W2,SKU1,303.0
79,R1,SKU1,148.0
79,R2,SKU1,106.0
79,R3,SKU1,218.0
80,Supplier,SKU1,0.0
80,W1,SKU1,254.0
80,W2,SKU1,221.0
80,R1,SKU1,129.0
80,R2,SKU1,54.0
80,R3,SKU1,241.0
81,Supplier,SKU1,0.0
81,W1,SKU1,183.0
81,W2,SKU1,262.0
81,R1,SKU1,138.0
81,R2,SKU1,84.0
81,R3,SKU1,221.0
82,Supplier,SKU1,0.0
82,W1,SKU1,222.0
82,W2,SKU1,197.0
82,R1,SKU1,125.0
82,R2,SKU1,70.0
82,R3,SKU1,234.0
83,Supplier,SKU1,0.0
83,W1,SKU1,217.0
83,W2,SKU1,234.0
83,R1,SKU1,195.0
83,R2,SKU1,82.0
83,R3,SKU1,290.0
84,Supplier,SKU1,0.0
84,W1,SKU1,255.0
84,W2,SKU1,290.0
84,R1,SKU1,215.0
84,R2,SKU1,121.0
84,R3,SKU1,339.0
85,Supplier,SKU1,0.0
85,W1,SKU1,336.0
85,W2,SKU1,339.0
85,R1,SKU1,240.0
85,R2,SKU1,134.0
85,R3,SKU1,318.0
86,Supplier,SKU1,0.0
86,W1,SKU1,374.0
86,W2,SKU1,318.0
86,R1,SKU1,110.0
86,R2,SKU1,51.0
86,R3,SKU1,235.0
87,Supplier,SKU1,0.0
87,W1,SKU1,161.0
87,W2,SKU1,253.0
87,R1,SKU1,115.0
87,R2,SKU1,67.0
87,R3,SKU1,204.0
88,Supplier,SKU1,0.0
88,W1,SKU1,182.0
88,W2,SKU1,186.0
88,R1,SKU1,126.0
88,R2,SKU1,74.0
88,R3,SKU1,146.0
89,Supplier,SKU1,0.0
89,W1,SKU1,200.0
89,W2,SKU1,146.0
89,R1,SKU1,111.0
89,R2,SKU1,62.0
89,R3,SKU1,193.0
90,Supplier,SKU1,0.0
90,W1,SKU1,173.0
90,W2,SKU1,193.0
90,R1,SKU1,172.0
90,R2,SKU1,107.0
90,R3,SKU1,248.0
91,Supplier,SKU1,0.0
91,W1,SKU1,279.0
91,W2,SKU1,248.0
91,R1,SKU1,178.0
91,R2,SKU1,119.0
91,R3,SKU1,297.0
92,Supplier,SKU1,0.0
92,W1,SKU1,297.0
92,W2,SKU1,297.0
92,R1,SKU1,227.0
92,R2,SKU1,108.0
92,R3,SKU1,301.0
93,Supplier,SKU1,0.0
93,W1,SKU1,335.0
93,W2,SKU1,301.0
93,R1,SKU1,141.0
93,R2,SKU1,121.0
93,R3,SKU1,228.0
94,Supplier,SKU1,0.0
94,W1,SKU1,262.0
94,W2,SKU1,229.0
94,R1,SKU1,160.0
94,R2,SKU1,87.0
94,R3,SKU1,230.0
95,Supplier,SKU1,0.0
95,W1,SKU1,247.0
95,W2,SKU1,229.0
95,R1,SKU1,144.0
95,R2,SKU1,83.0
95,R3,SKU1,191.0
96,Supplier,SKU1,0.0
96,W1,SKU1,227.0
96,W2,SKU1,191.0
96,R1,SKU1,164.0
96,R2,SKU1,115.0
96,R3,SKU1,228.0
97,Supplier,SKU1,0.0
97,W1,SKU1,279.0
97,W2,SKU1,228.0
97,R1,SKU1,172.0
97,R2,SKU1,105.0
97,R3,SKU1,272.0
98,Supplier,SKU1,0.0
98,W1,SKU1,277.0
98,W2,SKU1,272.0
98,R1,SKU1,233.0
98,R2,SKU1,100.0
98,R3,SKU1,313.0
99,Supplier,SKU1,0.0
99,W1,SKU1,333.0
99,W2,SKU1,313.0
99,R1,SKU1,205.0
99,R2,SKU1,86.0
99,R3,SKU1,374.0
100,Supplier,SKU1,0.0
100,W1,SKU1,291.0
100,W2,SKU1,387.0
100,R1,SKU1,157.0
100,R2,SKU1,84.0
100,R3,SKU1,223.0
101,Supplier,SKU1,0.0
101,W1,SKU1,241.0
101,W2,SKU1,210.0
101,R1,SKU1,136.0
101,R2,SKU1,89.0
101,R3,SKU1,223.0
102,Supplier,SKU1,0.0
102,W1,SKU1,225.0
102,W2,SKU1,233.0
102,R1,SKU1,120.0
102,R2,SKU1,92.0
102,R3,SKU1,170.0
103,Supplier,SKU1,0.0
103,W1,SKU1,212.0
103,W2,SKU1,160.0
103,R1,SKU1,144.0
103,R2,SKU1,93.0
103,R3,SKU1,224.0
104,Supplier,SKU1,0.0
104,W1,SKU1,249.0
104,W2,SKU1,224.0
104,R1,SKU1,172.0
104,R2,SKU1,99.0
104,R3,SKU1,316.0
105,Supplier,SKU1,0.0
105,W1,SKU1,259.0
105,W2,SKU1,340.0
105,R1,SKU1,190.0
105,R2,SKU1,80.0
105,R3,SKU1,251.0
106,Supplier,SKU1,0.0
106,W1,SKU1,270.0
106,W2,SKU1,227.0
106,R1,SKU1,217.0
106,R2,SKU1,92.0
106,R3,SKU1,282.0
107,Supplier,SKU1,0.0
107,W1,SKU1,309.0
107,W2,SKU1,282.0
107,R1,SKU1,134.0
107,R2,SKU1,65.0
107,R3,SKU1,193.0
108,Supplier,SKU1,0.0
108,W1,SKU1,208.0
108,W2,SKU1,193.0
108,R1,SKU1,113.0
108,R2,SKU1,66.0
108,R3,SKU1,213.0
109,Supplier,SKU1,0.0
109,W1,SKU1,187.0
109,W2,SKU1,213.0
109,R1,SKU1,111.0
109,R2,SKU1,98.0
109,R3,SKU1,173.0
110,Supplier,SKU1,0.0
110,W1,SKU1,196.0
110,W2,SKU1,186.0
110,R1,SKU1,148.0
110,R2,SKU1,83.0
110,R3,SKU1,186.0
111,Supplier,SKU1,0.0
111,W1,SKU1,227.0
111,W2,SKU1,173.0
111,R1,SKU1,137.0
111,R2,SKU1,89.0
111,R3,SKU1,258.0
112,Supplier,SKU1,0.0
112,W1,SKU1,226.0
112,W2,SKU1,258.0
112,R1,SKU1,193.0
112,R2,SKU1,98.0
112,R3,SKU1,311.0
113,Supplier,SKU1,0.0
113,W1,SKU1,291.0
113,W2,SKU1,311.0
113,R1,SKU1,203.0
113,R2,SKU1,88.0
113,R3,SKU1,314.0
114,Supplier,SKU1,0.0
114,W1,SKU1,291.0
114,W2,SKU1,325.0
114,R1,SKU1,134.0
114,R2,SKU1,105.0
114,R3,SKU1,232.0
115,Supplier,SKU1,0.0
115,W1,SKU1,239.0
115,W2,SKU1,221.0
115,R1,SKU1,120.0
115,R2,SKU1,100.0
115,R3,SKU1,219.0
116,Supplier,SKU1,0.0
116,W1,SKU1,220.0
116,W2,SKU1,240.0
116,R1,SKU1,164.0
116,R2,SKU1,75.0
116,R3,SKU1,240.0
117,Supplier,SKU1,0.0
117,W1,SKU1,259.0
117,W2,SKU1,219.0
117,R1,SKU1,119.0
117,R2,SKU1,66.0
117,R3,SKU1,234.0
118,Supplier,SKU1,0.0
118,W1,SKU1,165.0
118,W2,SKU1,253.0
118,R1,SKU1,185.0
118,R2,SKU1,83.0
118,R3,SKU1,265.0
119,Supplier,SKU1,0.0
119,W1,SKU1,268.0
119,W2,SKU1,246.0
119,R1,SKU1,168.0
119,R2,SKU1,89.0
119,R3,SKU1,295.0
120,Supplier,SKU1,0.0
120,W1,SKU1,257.0
120,W2,SKU1,295.0
120,R1,SKU1,174.0
120,R2,SKU1,91.0
120,R3,SKU1,250.0
121,Supplier,SKU1,0.0
121,W1,SKU1,265.0
121,W2,SKU1,250.0
121,R1,SKU1,148.0
121,R2,SKU1,101.0
121,R3,SKU1,274.0
122,Supplier,SKU1,0.0
122,W1,SKU1,249.0
122,W2,SKU1,274.0
122,R1,SKU1,126.0
122,R2,SKU1,66.0
122,R3,SKU1,192.0
123,Supplier,SKU1,0.0
123,W1,SKU1,192.0
123,W2,SKU1,192.0
123,R1,SKU1,149.0
123,R2,SKU1,97.0
123,R3,SKU1,278.0
124,Supplier,SKU1,0.0
124,W1,SKU1,246.0
124,W2,SKU1,278.0
124,R1,SKU1,144.0
124,R2,SKU1,83.0
124,R3,SKU1,261.0
125,Supplier,SKU1,0.0
125,W1,SKU1,227.0
125,W2,SKU1,261.0
125,R1,SKU1,177.0
125,R2,SKU1,93.0
125,R3,SKU1,373.0
126,Supplier,SKU1,0.0
126,W1,SKU1,270.0
126,W2,SKU1,373.0
126,R1,SKU1,207.0
126,R2,SKU1,107.0
126,R3,SKU1,393.0
127,Supplier,SKU1,0.0
127,W1,SKU1,314.0
127,W2,SKU1,393.0
127,R1,SKU1,230.0
127,R2,SKU1,127.0
127,R3,SKU1,428.0
128,Supplier,SKU1,0.0
128,W1,SKU1,371.0
128,W2,SKU1,428.0
128,R1,SKU1,142.0
128,R2,SKU1,88.0
128,R3,SKU1,409.0
129,Supplier,SKU1,0.0
129,W1,SKU1,216.0
129,W2,SKU1,409.0
129,R1,SKU1,150.0
129,R2,SKU1,127.0
129,R3,SKU1,422.0
130,Supplier,SKU1,0.0
130,W1,SKU1,293.0
130,W2,SKU1,431.0
130,R1,SKU1,151.0
130,R2,SKU1,103.0
130,R3,SKU1,452.0
131,Supplier,SKU1,0.0
131,W1,SKU1,247.0
131,W2,SKU1,443.0
131,R1,SKU1,172.0
131,R2,SKU1,106.0
131,R3,SKU1,420.0
132,Supplier,SKU1,0.0
132,W1,SKU1,269.0
132,W2,SKU1,420.0
132,R1,SKU1,166.0
132,R2,SKU1,115.0
132,R3,SKU1,388.0
133,Supplier,SKU1,0.0
133,W1,SKU1,281.0
133,W2,SKU1,408.0
133,R1,SKU1,192.0
133,R2,SKU1,122.0
133,R3,SKU1,322.0
134,Supplier,SKU1,0.0
134,W1,SKU1,314.0
134,W2,SKU1,302.0
134,R1,SKU1,241.0
134,R2,SKU1,68.0
134,R3,SKU1,230.0
135,Supplier,SKU1,0.0
135,W1,SKU1,323.0
135,W2,SKU1,232.0
135,R1,SKU1,160.0
135,R2,SKU1,86.0
135,R3,SKU1,62.0
136,Supplier,SKU1,0.0
136,W1,SKU1,232.0
136,W2,SKU1,60.0
136,R1,SKU1,166.0
136,R2,SKU1,89.0
136,R3,SKU1,0.0
137,Supplier,SKU1,0.0
137,W1,SKU1,255.0
137,W2,SKU1,0.0
137,R1,SKU1,178.0
137,R2,SKU1,117.0
137,R3,SKU1,173.0
138,Supplier,SKU1,0.0
138,W1,SKU1,295.0
138,W2,SKU1,173.0
138,R1,SKU1,174.0
138,R2,SKU1,91.0
138,R3,SKU1,0.0
139,Supplier,SKU1,0.0
139,W1,SKU1,265.0
139,W2,SKU1,0.0
139,R1,SKU1,162.0
139,R2,SKU1,91.0
139,R3,SKU1,96.0
140,Supplier,SKU1,0.0
140,W1,SKU1,253.0
140,W2,SKU1,96.0
140,R1,SKU1,225.0
140,R2,SKU1,94.0
140,R3,SKU1,361.0
141,Supplier,SKU1,0.0
141,W1,SKU1,319.0
141,W2,SKU1,361.0
141,R1,SKU1,220.0
141,R2,SKU1,94.0
141,R3,SKU1,359.0
142,Supplier,SKU1,0.0
142,W1,SKU1,333.0
142,W2,SKU1,359.0
142,R1,SKU1,163.0
142,R2,SKU1,114.0
142,R3,SKU1,203.0
143,Supplier,SKU1,0.0
143,W1,SKU1,258.0
143,W2,SKU1,203.0
143,R1,SKU1,112.0
143,R2,SKU1,113.0
143,R3,SKU1,236.0
144,Supplier,SKU1,0.0
144,W1,SKU1,225.0
144,W2,SKU1,239.0
144,R1,SKU1,124.0
144,R2,SKU1,72.0
144,R3,SKU1,189.0
145,Supplier,SKU1,0.0
145,W1,SKU1,196.0
145,W2,SKU1,186.0
145,R1,SKU1,123.0
145,R2,SKU1,80.0
145,R3,SKU1,221.0
146,Supplier,SKU1,0.0
146,W1,SKU1,203.0
146,W2,SKU1,221.0
146,R1,SKU1,168.0
146,R2,SKU1,78.0
146,R3,SKU1,263.0
147,Supplier,SKU1,0.0
147,W1,SKU1,249.0
147,W2,SKU1,284.0
147,R1,SKU1,157.0
147,R2,SKU1,96.0
147,R3,SKU1,264.0
148,Supplier,SKU1,0.0
148,W1,SKU1,250.0
148,W2,SKU1,248.0
148,R1,SKU1,193.0
148,R2,SKU1,96.0
148,R3,SKU1,280.0
149,Supplier,SKU1,0.0
149,W1,SKU1,289.0
149,W2,SKU1,275.0
149,R1,SKU1,141.0
149,R2,SKU1,63.0
149,R3,SKU1,219.0
150,Supplier,SKU1,0.0
150,W1,SKU1,204.0
150,W2,SKU1,219.0
150,R1,SKU1,128.0
150,R2,SKU1,60.0
150,R3,SKU1,238.0
151,Supplier,SKU1,0.0
151,W1,SKU1,192.0
151,W2,SKU1,257.0
151,R1,SKU1,141.0
151,R2,SKU1,69.0
151,R3,SKU1,189.0
152,Supplier,SKU1,0.0
152,W1,SKU1,206.0
152,W2,SKU1,170.0
152,R1,SKU1,148.0
152,R2,SKU1,73.0
152,R3,SKU1,251.0
153,Supplier,SKU1,0.0
153,W1,SKU1,227.0
153,W2,SKU1,251.0
153,R1,SKU1,218.0
153,R2,SKU1,145.0
153,R3,SKU1,381.0
154,Supplier,SKU1,0.0
154,W1,SKU1,357.0
154,W2,SKU1,381.0
154,R1,SKU1,246.0
154,R2,SKU1,116.0
154,R3,SKU1,339.0
155,Supplier,SKU1,0.0
155,W1,SKU1,362.0
155,W2,SKU1,339.0
155,R1,SKU1,250.0
155,R2,SKU1,115.0
155,R3,SKU1,363.0
156,Supplier,SKU1,0.0
156,W1,SKU1,365.0
156,W2,SKU1,363.0
156,R1,SKU1,179.0
156,R2,SKU1,101.0
156,R3,SKU1,334.0
157,Supplier,SKU1,0.0
157,W1,SKU1,280.0
157,W2,SKU1,334.0
157,R1,SKU1,152.0
157,R2,SKU1,168.0
157,R3,SKU1,346.0
158,Supplier,SKU1,0.0
158,W1,SKU1,320.0
158,W2,SKU1,346.0
158,R1,SKU1,136.0
158,R2,SKU1,210.0
158,R3,SKU1,284.0
159,Supplier,SKU1,0.0
159,W1,SKU1,366.0
159,W2,SKU1,284.0
159,R1,SKU1,154.0
159,R2,SKU1,211.0
159,R3,SKU1,335.0
160,Supplier,SKU1,0.0
160,W1,SKU1,345.0
160,W2,SKU1,335.0
160,R1,SKU1,170.0
160,R2,SKU1,113.0
160,R3,SKU1,377.0
161,Supplier,SKU1,0.0
161,W1,SKU1,283.0
161,W2,SKU1,377.0
161,R1,SKU1,215.0
161,R2,SKU1,63.0
161,R3,SKU1,382.0
162,Supplier,SKU1,0.0
162,W1,SKU1,278.0
162,W2,SKU1,382.0
162,R1,SKU1,239.0
162,R2,SKU1,2.0
162,R3,SKU1,382.0
163,Supplier,SKU1,0.0
163,W1,SKU1,241.0
163,W2,SKU1,382.0
163,R1,SKU1,146.0
163,R2,SKU1,53.0
163,R3,SKU1,262.0
164,Supplier,SKU1,0.0
164,W1,SKU1,199.0
164,W2,SKU1,262.0
164,R1,SKU1,158.0
164,R2,SKU1,0.0
164,R3,SKU1,163.0
165,Supplier,SKU1,0.0
165,W1,SKU1,158.0
165,W2,SKU1,163.0
165,R1,SKU1,133.0
165,R2,SKU1,52.0
165,R3,SKU1,37.0
166,Supplier,SKU1,0.0
166,W1,SKU1,185.0
166,W2,SKU1,37.0
166,R1,SKU1,126.0
166,R2,SKU1,89.0
166,R3,SKU1,10.0
167,Supplier,SKU1,0.0
167,W1,SKU1,215.0
167,W2,SKU1,10.0
167,R1,SKU1,210.0
167,R2,SKU1,96.0
167,R3,SKU1,209.0
168,Supplier,SKU1,0.0
168,W1,SKU1,321.0
168,W2,SKU1,219.0
168,R1,SKU1,218.0
168,R2,SKU1,121.0
168,R3,SKU1,313.0
169,Supplier,SKU1,0.0
169,W1,SKU1,324.0
169,W2,SKU1,303.0
169,R1,SKU1,229.0
169,R2,SKU1,140.0
169,R3,SKU1,316.0
170,Supplier,SKU1,0.0
170,W1,SKU1,393.0
170,W2,SKU1,319.0
170,R1,SKU1,160.0
170,R2,SKU1,74.0
170,R3,SKU1,232.0
171,Supplier,SKU1,0.0
171,W1,SKU1,227.0
171,W2,SKU1,251.0
171,R1,SKU1,128.0
171,R2,SKU1,99.0
171,R3,SKU1,170.0
172,Supplier,SKU1,0.0
172,W1,SKU1,210.0
172,W2,SKU1,148.0
172,R1,SKU1,132.0
172,R2,SKU1,107.0
172,R3,SKU1,224.0
173,Supplier,SKU1,0.0
173,W1,SKU1,249.0
173,W2,SKU1,224.0
173,R1,SKU1,147.0
173,R2,SKU1,115.0
173,R3,SKU1,272.0
174,Supplier,SKU1,0.0
174,W1,SKU1,252.0
174,W2,SKU1,296.0
174,R1,SKU1,160.0
174,R2,SKU1,116.0
174,R3,SKU1,256.0
175,Supplier,SKU1,0.0
175,W1,SKU1,276.0
175,W2,SKU1,252.0
175,R1,SKU1,198.0
175,R2,SKU1,94.0
175,R3,SKU1,314.0
176,Supplier,SKU1,0.0
176,W1,SKU1,292.0
176,W2,SKU1,294.0
176,R1,SKU1,219.0
176,R2,SKU1,102.0
176,R3,SKU1,324.0
177,Supplier,SKU1,0.0
177,W1,SKU1,321.0
177,W2,SKU1,324.0
177,R1,SKU1,211.0
177,R2,SKU1,93.0
177,R3,SKU1,210.0
178,Supplier,SKU1,0.0
178,W1,SKU1,325.0
178,W2,SKU1,234.0
178,R1,SKU1,102.0
178,R2,SKU1,91.0
178,R3,SKU1,233.0
179,Supplier,SKU1,0.0
179,W1,SKU1,172.0
179,W2,SKU1,209.0
179,R1,SKU1,143.0
179,R2,SKU1,73.0
179,R3,SKU1,175.0
180,Supplier,SKU1,0.0
180,W1,SKU1,216.0
180,W2,SKU1,184.0
180,R1,SKU1,129.0
180,R2,SKU1,80.0
180,R3,SKU1,187.0
181,Supplier,SKU1,0.0
181,W1,SKU1,225.0
181,W2,SKU1,178.0
181,R1,SKU1,156.0
181,R2,SKU1,69.0
181,R3,SKU1,253.0
182,Supplier,SKU1,0.0
182,W1,SKU1,209.0
182,W2,SKU1,253.0
182,R1,SKU1,207.0
182,R2,SKU1,119.0
182,R3,SKU1,355.0
183,Supplier,SKU1,0.0
183,W1,SKU1,335.0
183,W2,SKU1,355.0
183,R1,SKU1,227.0
183,R2,SKU1,137.0
183,R3,SKU1,343.0
184,Supplier,SKU1,0.0
184,W1,SKU1,355.0
184,W2,SKU1,343.0
184,R1,SKU1,194.0
184,R2,SKU1,84.0
184,R3,SKU1,287.0
185,Supplier,SKU1,0.0
185,W1,SKU1,278.0
185,W2,SKU1,287.0
185,R1,SKU1,154.0
185,R2,SKU1,95.0
185,R3,SKU1,253.0
186,Supplier,SKU1,0.0
186,W1,SKU1,249.0
186,W2,SKU1,253.0
186,R1,SKU1,173.0
186,R2,SKU1,106.0
186,R3,SKU1,299.0
187,Supplier,SKU1,0.0
187,W1,SKU1,279.0
187,W2,SKU1,299.0
187,R1,SKU1,164.0
187,R2,SKU1,108.0
187,R3,SKU1,390.0
188,Supplier,SKU1,0.0
188,W1,SKU1,272.0
188,W2,SKU1,390.0
188,R1,SKU1,211.0
188,R2,SKU1,132.0
188,R3,SKU1,570.0
189,Supplier,SKU1,0.0
189,W1,SKU1,343.0
189,W2,SKU1,570.0
189,R1,SKU1,242.0
189,R2,SKU1,125.0
189,R3,SKU1,708.0
190,Supplier,SKU1,0.0
190,W1,SKU1,367.0
190,W2,SKU1,708.0
190,R1,SKU1,265.0
190,R2,SKU1,163.0
190,R3,SKU1,756.0
191,Supplier,SKU1,0.0
191,W1,SKU1,428.0
191,W2,SKU1,764.0
191,R1,SKU1,177.0
191,R2,SKU1,289.0
191,R3,SKU1,683.0
192,Supplier,SKU1,0.0
192,W1,SKU1,466.0
192,W2,SKU1,675.0
192,R1,SKU1,196.0
192,R2,SKU1,330.0
192,R3,SKU1,679.0
193,Supplier,SKU1,0.0
193,W1,SKU1,526.0
193,W2,SKU1,679.0
193,R1,SKU1,199.0
193,R2,SKU1,367.0
193,R3,SKU1,694.0
194,Supplier,SKU1,0.0
194,W1,SKU1,566.0
194,W2,SKU1,694.0
194,R1,SKU1,169.0
194,R2,SKU1,392.0
194,R3,SKU1,668.0
195,Supplier,SKU1,0.0
195,W1,SKU1,561.0
195,W2,SKU1,668.0
195,R1,SKU1,221.0
195,R2,SKU1,348.0
195,R3,SKU1,657.0
196,Supplier,SKU1,0.0
196,W1,SKU1,569.0
196,W2,SKU1,657.0
196,R1,SKU1,270.0
196,R2,SKU1,327.0
196,R3,SKU1,497.0
197,Supplier,SKU1,0.0
197,W1,SKU1,597.0
197,W2,SKU1,497.0
197,R1,SKU1,245.0
197,R2,SKU1,332.0
197,R3,SKU1,209.0
198,Supplier,SKU1,0.0
198,W1,SKU1,577.0
198,W2,SKU1,209.0
198,R1,SKU1,195.0
198,R2,SKU1,265.0
198,R3,SKU1,0.0
199,Supplier,SKU1,0.0
199,W1,SKU1,460.0
199,W2,SKU1,9.0
199,R1,SKU1,192.0
199,R2,SKU1,31.0
199,R3,SKU1,65.0
200,Supplier,SKU1,0.0
200,W1,SKU1,223.0
200,W2,SKU1,74.0
200,R1,SKU1,161.0
200,R2,SKU1,0.0
200,R3,SKU1,0.0
201,Supplier,SKU1,0.0
201,W1,SKU1,184.0
201,W2,SKU1,0.0
201,R1,SKU1,183.0
201,R2,SKU1,0.0
201,R3,SKU1,0.0
202,Supplier,SKU1,0.0
202,W1,SKU1,167.0
202,W2,SKU1,0.0
202,R1,SKU1,206.0
202,R2,SKU1,0.0
202,R3,SKU1,0.0
203,Supplier,SKU1,0.0
203,W1,SKU1,199.0
203,W2,SKU1,0.0
203,R1,SKU1,311.0
203,R2,SKU1,0.0
203,R3,SKU1,158.0
204,Supplier,SKU1,0.0
204,W1,SKU1,311.0
204,W2,SKU1,140.0
204,R1,SKU1,326.0
204,R2,SKU1,0.0
204,R3,SKU1,0.0
205,Supplier,SKU1,0.0
205,W1,SKU1,337.0
205,W2,SKU1,0.0
205,R1,SKU1,202.0
205,R2,SKU1,0.0
205,R3,SKU1,0.0
206,Supplier,SKU1,0.0
206,W1,SKU1,191.0
206,W2,SKU1,0.0
206,R1,SKU1,181.0
206,R2,SKU1,0.0
206,R3,SKU1,170.0
207,Supplier,SKU1,0.0
207,W1,SKU1,181.0
207,W2,SKU1,170.0
207,R1,SKU1,149.0
207,R2,SKU1,0.0
207,R3,SKU1,266.0
208,Supplier,SKU1,0.0
208,W1,SKU1,149.0
208,W2,SKU1,266.0
208,R1,SKU1,146.0
208,R2,SKU1,0.0
208,R3,SKU1,234.0
209,Supplier,SKU1,0.0
209,W1,SKU1,146.0
209,W2,SKU1,234.0
209,R1,SKU1,138.0
209,R2,SKU1,0.0
209,R3,SKU1,333.0
210,Supplier,SKU1,0.0
210,W1,SKU1,138.0
210,W2,SKU1,333.0
210,R1,SKU1,227.0
210,R2,SKU1,0.0
210,R3,SKU1,363.0
211,Supplier,SKU1,0.0
211,W1,SKU1,227.0
211,W2,SKU1,363.0
211,R1,SKU1,251.0
211,R2,SKU1,0.0
211,R3,SKU1,422.0
212,Supplier,SKU1,0.0
212,W1,SKU1,251.0
212,W2,SKU1,422.0
212,R1,SKU1,123.0
212,R2,SKU1,0.0
212,R3,SKU1,296.0
213,Supplier,SKU1,0.0
213,W1,SKU1,123.0
213,W2,SKU1,318.0
213,R1,SKU1,171.0
213,R2,SKU1,0.0
213,R3,SKU1,432.0
214,Supplier,SKU1,0.0
214,W1,SKU1,194.0
214,W2,SKU1,410.0
214,R1,SKU1,98.0
214,R2,SKU1,0.0
214,R3,SKU1,510.0
215,Supplier,SKU1,0.0
215,W1,SKU1,92.0
215,W2,SKU1,520.0
215,R1,SKU1,186.0
215,R2,SKU1,86.0
215,R3,SKU1,583.0
216,Supplier,SKU1,0.0
216,W1,SKU1,264.0
216,W2,SKU1,573.0
216,R1,SKU1,168.0
216,R2,SKU1,139.0
216,R3,SKU1,756.0
217,Supplier,SKU1,0.0
217,W1,SKU1,298.0
217,W2,SKU1,756.0
217,R1,SKU1,231.0
217,R2,SKU1,137.0
217,R3,SKU1,856.0
218,Supplier,SKU1,0.0
218,W1,SKU1,368.0
218,W2,SKU1,856.0
218,R1,SKU1,184.0
218,R2,SKU1,106.0
218,R3,SKU1,739.0
219,Supplier,SKU1,0.0
219,W1,SKU1,290.0
219,W2,SKU1,739.0
219,R1,SKU1,192.0
219,R2,SKU1,139.0
219,R3,SKU1,622.0
220,Supplier,SKU1,0.0
220,W1,SKU1,331.0
220,W2,SKU1,622.0
220,R1,SKU1,152.0
220,R2,SKU1,121.0
220,R3,SKU1,495.0
221,Supplier,SKU1,0.0
221,W1,SKU1,273.0
221,W2,SKU1,517.0
221,R1,SKU1,160.0
221,R2,SKU1,223.0
221,R3,SKU1,359.0
222,Supplier,SKU1,0.0
222,W1,SKU1,383.0
222,W2,SKU1,337.0
222,R1,SKU1,135.0
222,R2,SKU1,197.0
222,R3,SKU1,59.0
223,Supplier,SKU1,0.0
223,W1,SKU1,332.0
223,W2,SKU1,59.0
223,R1,SKU1,195.0
223,R2,SKU1,190.0
223,R3,SKU1,0.0
224,Supplier,SKU1,0.0
224,W1,SKU1,385.0
224,W2,SKU1,0.0
224,R1,SKU1,197.0
224,R2,SKU1,172.0
224,R3,SKU1,136.0
225,Supplier,SKU1,0.0
225,W1,SKU1,369.0
225,W2,SKU1,136.0
225,R1,SKU1,260.0
225,R2,SKU1,223.0
225,R3,SKU1,0.0
226,Supplier,SKU1,0.0
226,W1,SKU1,483.0
226,W2,SKU1,0.0
226,R1,SKU1,140.0
226,R2,SKU1,239.0
226,R3,SKU1,0.0
227,Supplier,SKU1,0.0
227,W1,SKU1,379.0
227,W2,SKU1,0.0
227,R1,SKU1,155.0
227,R2,SKU1,194.0
227,R3,SKU1,0.0
228,Supplier,SKU1,0.0
228,W1,SKU1,349.0
228,W2,SKU1,0.0
228,R1,SKU1,144.0
228,R2,SKU1,55.0
228,R3,SKU1,0.0
229,Supplier,SKU1,0.0
229,W1,SKU1,199.0
229,W2,SKU1,0.0
229,R1,SKU1,149.0
229,R2,SKU1,0.0
229,R3,SKU1,100.0
230,Supplier,SKU1,0.0
230,W1,SKU1,149.0
230,W2,SKU1,100.0
230,R1,SKU1,169.0
230,R2,SKU1,0.0
230,R3,SKU1,0.0
231,Supplier,SKU1,0.0
231,W1,SKU1,169.0
231,W2,SKU1,0.0
231,R1,SKU1,205.0
231,R2,SKU1,0.0
231,R3,SKU1,112.0
232,Supplier,SKU1,0.0
232,W1,SKU1,205.0
232,W2,SKU1,112.0
232,R1,SKU1,199.0
232,R2,SKU1,0.0
232,R3,SKU1,332.0
233,Supplier,SKU1,0.0
233,W1,SKU1,204.0
233,W2,SKU1,344.0
233,R1,SKU1,139.0
233,R2,SKU1,0.0
233,R3,SKU1,240.0
234,Supplier,SKU1,0.0
234,W1,SKU1,143.0
234,W2,SKU1,228.0
234,R1,SKU1,139.0
234,R2,SKU1,131.0
234,R3,SKU1,227.0
235,Supplier,SKU1,0.0
235,W1,SKU1,261.0
235,W2,SKU1,227.0
235,R1,SKU1,175.0
235,R2,SKU1,93.0
235,R3,SKU1,230.0
236,Supplier,SKU1,0.0
236,W1,SKU1,268.0
236,W2,SKU1,230.0
236,R1,SKU1,113.0
236,R2,SKU1,101.0
236,R3,SKU1,256.0
237,Supplier,SKU1,0.0
237,W1,SKU1,214.0
237,W2,SKU1,256.0
237,R1,SKU1,160.0
237,R2,SKU1,105.0
237,R3,SKU1,278.0
238,Supplier,SKU1,0.0
238,W1,SKU1,279.0
238,W2,SKU1,278.0
238,R1,SKU1,179.0
238,R2,SKU1,129.0
238,R3,SKU1,380.0
239,Supplier,SKU1,0.0
239,W1,SKU1,294.0
239,W2,SKU1,380.0
239,R1,SKU1,209.0
239,R2,SKU1,105.0
239,R3,SKU1,463.0
240,Supplier,SKU1,0.0
240,W1,SKU1,314.0
240,W2,SKU1,463.0
240,R1,SKU1,144.0
240,R2,SKU1,118.0
240,R3,SKU1,348.0
241,Supplier,SKU1,0.0
241,W1,SKU1,276.0
241,W2,SKU1,348.0
241,R1,SKU1,87.0
241,R2,SKU1,132.0
241,R3,SKU1,351.0
242,Supplier,SKU1,0.0
242,W1,SKU1,205.0
242,W2,SKU1,351.0
242,R1,SKU1,125.0
242,R2,SKU1,88.0
242,R3,SKU1,344.0
243,Supplier,SKU1,0.0
243,W1,SKU1,218.0
243,W2,SKU1,344.0
243,R1,SKU1,110.0
243,R2,SKU1,91.0
243,R3,SKU1,358.0
244,Supplier,SKU1,0.0
244,W1,SKU1,219.0
244,W2,SKU1,358.0
244,R1,SKU1,170.0
244,R2,SKU1,112.0
244,R3,SKU1,417.0
245,Supplier,SKU1,0.0
245,W1,SKU1,259.0
245,W2,SKU1,417.0
245,R1,SKU1,197.0
245,R2,SKU1,159.0
245,R3,SKU1,523.0
246,Supplier,SKU1,0.0
246,W1,SKU1,356.0
246,W2,SKU1,540.0
246,R1,SKU1,235.0
246,R2,SKU1,145.0
246,R3,SKU1,500.0
247,Supplier,SKU1,0.0
247,W1,SKU1,380.0
247,W2,SKU1,483.0
247,R1,SKU1,167.0
247,R2,SKU1,110.0
247,R3,SKU1,294.0
248,Supplier,SKU1,0.0
248,W1,SKU1,277.0
248,W2,SKU1,294.0
248,R1,SKU1,132.0
248,R2,SKU1,132.0
248,R3,SKU1,183.0
249,Supplier,SKU1,0.0
249,W1,SKU1,264.0
249,W2,SKU1,183.0
249,R1,SKU1,138.0
249,R2,SKU1,156.0
249,R3,SKU1,124.0
250,Supplier,SKU1,0.0
250,W1,SKU1,294.0
250,W2,SKU1,124.0
250,R1,SKU1,142.0
250,R2,SKU1,157.0
250,R3,SKU1,71.0
251,Supplier,SKU1,0.0
251,W1,SKU1,299.0
251,W2,SKU1,95.0
251,R1,SKU1,202.0
251,R2,SKU1,194.0
251,R3,SKU1,27.0
252,Supplier,SKU1,0.0
252,W1,SKU1,396.0
252,W2,SKU1,22.0
252,R1,SKU1,226.0
252,R2,SKU1,135.0
252,R3,SKU1,50.0
253,Supplier,SKU1,0.0
253,W1,SKU1,361.0
253,W2,SKU1,31.0
253,R1,SKU1,215.0
253,R2,SKU1,141.0
253,R3,SKU1,335.0
254,Supplier,SKU1,0.0
254,W1,SKU1,356.0
254,W2,SKU1,335.0
254,R1,SKU1,154.0
254,R2,SKU1,177.0
254,R3,SKU1,240.0
255,Supplier,SKU1,0.0
255,W1,SKU1,331.0
255,W2,SKU1,240.0
255,R1,SKU1,160.0
255,R2,SKU1,209.0
255,R3,SKU1,239.0
256,Supplier,SKU1,0.0
256,W1,SKU1,369.0
256,W2,SKU1,239.0
256,R1,SKU1,149.0
256,R2,SKU1,220.0
256,R3,SKU1,247.0
257,Supplier,SKU1,0.0
257,W1,SKU1,369.0
257,W2,SKU1,247.0
257,R1,SKU1,154.0
257,R2,SKU1,187.0
257,R3,SKU1,285.0
258,Supplier,SKU1,0.0
258,W1,SKU1,341.0
258,W2,SKU1,285.0
258,R1,SKU1,160.0
258,R2,SKU1,95.0
258,R3,SKU1,343.0
259,Supplier,SKU1,0.0
259,W1,SKU1,255.0
259,W2,SKU1,343.0
259,R1,SKU1,211.0
259,R2,SKU1,8.0
259,R3,SKU1,440.0
260,Supplier,SKU1,0.0
260,W1,SKU1,219.0
260,W2,SKU1,440.0
260,R1,SKU1,237.0
260,R2,SKU1,0.0
260,R3,SKU1,657.0
261,Supplier,SKU1,0.0
261,W1,SKU1,256.0
261,W2,SKU1,657.0
261,R1,SKU1,119.0
261,R2,SKU1,15.0
261,R3,SKU1,602.0
262,Supplier,SKU1,0.0
262,W1,SKU1,115.0
262,W2,SKU1,602.0
262,R1,SKU1,137.0
262,R2,SKU1,42.0
262,R3,SKU1,583.0
263,Supplier,SKU1,0.0
263,W1,SKU1,194.0
263,W2,SKU1,585.0
263,R1,SKU1,103.0
263,R2,SKU1,88.0
263,R3,SKU1,554.0
264,Supplier,SKU1,0.0
264,W1,SKU1,185.0
264,W2,SKU1,552.0
264,R1,SKU1,129.0
264,R2,SKU1,65.0
264,R3,SKU1,562.0
265,Supplier,SKU1,0.0
265,W1,SKU1,185.0
265,W2,SKU1,562.0
265,R1,SKU1,146.0
265,R2,SKU1,102.0
265,R3,SKU1,576.0
266,Supplier,SKU1,0.0
266,W1,SKU1,248.0
266,W2,SKU1,576.0
266,R1,SKU1,177.0
266,R2,SKU1,117.0
266,R3,SKU1,580.0
267,Supplier,SKU1,0.0
267,W1,SKU1,294.0
267,W2,SKU1,580.0
267,R1,SKU1,176.0
267,R2,SKU1,149.0
267,R3,SKU1,489.0
268,Supplier,SKU1,0.0
268,W1,SKU1,325.0
268,W2,SKU1,489.0
268,R1,SKU1,142.0
268,R2,SKU1,63.0
268,R3,SKU1,117.0
269,Supplier,SKU1,0.0
269,W1,SKU1,205.0
269,W2,SKU1,117.0
269,R1,SKU1,155.0
269,R2,SKU1,89.0
269,R3,SKU1,0.0
270,Supplier,SKU1,0.0
270,W1,SKU1,249.0
270,W2,SKU1,17.0
270,R1,SKU1,146.0
270,R2,SKU1,96.0
270,R3,SKU1,0.0
271,Supplier,SKU1,0.0
271,W1,SKU1,237.0
271,W2,SKU1,0.0
271,R1,SKU1,140.0
271,R2,SKU1,92.0
271,R3,SKU1,258.0
272,Supplier,SKU1,0.0
272,W1,SKU1,232.0
272,W2,SKU1,241.0
272,R1,SKU1,191.0
272,R2,SKU1,115.0
272,R3,SKU1,0.0
273,Supplier,SKU1,0.0
273,W1,SKU1,306.0
273,W2,SKU1,0.0
273,R1,SKU1,212.0
273,R2,SKU1,163.0
273,R3,SKU1,0.0
274,Supplier,SKU1,0.0
274,W1,SKU1,381.0
274,W2,SKU1,0.0
274,R1,SKU1,256.0
274,R2,SKU1,104.0
274,R3,SKU1,0.0
275,Supplier,SKU1,0.0
275,W1,SKU1,354.0
275,W2,SKU1,0.0
275,R1,SKU1,133.0
275,R2,SKU1,119.0
275,R3,SKU1,0.0
276,Supplier,SKU1,0.0
276,W1,SKU1,252.0
276,W2,SKU1,0.0
276,R1,SKU1,128.0
276,R2,SKU1,152.0
276,R3,SKU1,56.0
277,Supplier,SKU1,0.0
277,W1,SKU1,280.0
277,W2,SKU1,56.0
277,R1,SKU1,157.0
277,R2,SKU1,137.0
277,R3,SKU1,57.0
278,Supplier,SKU1,0.0
278,W1,SKU1,294.0
278,W2,SKU1,57.0
278,R1,SKU1,139.0
278,R2,SKU1,164.0
278,R3,SKU1,285.0
279,Supplier,SKU1,0.0
279,W1,SKU1,303.0
279,W2,SKU1,285.0
279,R1,SKU1,190.0
279,R2,SKU1,111.0
279,R3,SKU1,331.0
280,Supplier,SKU1,0.0
280,W1,SKU1,304.0
280,W2,SKU1,331.0
280,R1,SKU1,223.0
280,R2,SKU1,20.0
280,R3,SKU1,357.0
281,Supplier,SKU1,0.0
281,W1,SKU1,247.0
281,W2,SKU1,357.0
281,R1,SKU1,271.0
281,R2,SKU1,69.0
281,R3,SKU1,377.0
282,Supplier,SKU1,0.0
282,W1,SKU1,333.0
282,W2,SKU1,377.0
282,R1,SKU1,163.0
282,R2,SKU1,121.0
282,R3,SKU1,248.0
283,Supplier,SKU1,0.0
283,W1,SKU1,284.0
283,W2,SKU1,248.0
283,R1,SKU1,130.0
283,R2,SKU1,113.0
283,R3,SKU1,238.0
284,Supplier,SKU1,0.0
284,W1,SKU1,243.0
284,W2,SKU1,238.0
284,R1,SKU1,140.0
284,R2,SKU1,42.0
284,R3,SKU1,295.0
285,Supplier,SKU1,0.0
285,W1,SKU1,182.0
285,W2,SKU1,295.0
285,R1,SKU1,168.0
285,R2,SKU1,108.0
285,R3,SKU1,470.0
286,Supplier,SKU1,0.0
286,W1,SKU1,276.0
286,W2,SKU1,470.0
286,R1,SKU1,166.0
286,R2,SKU1,126.0
286,R3,SKU1,470.0
287,Supplier,SKU1,0.0
287,W1,SKU1,292.0
287,W2,SKU1,470.0
287,R1,SKU1,190.0
287,R2,SKU1,118.0
287,R3,SKU1,508.0
288,Supplier,SKU1,0.0
288,W1,SKU1,308.0
288,W2,SKU1,508.0
288,R1,SKU1,224.0
288,R2,SKU1,136.0
288,R3,SKU1,551.0
289,Supplier,SKU1,0.0
289,W1,SKU1,368.0
289,W2,SKU1,559.0
289,R1,SKU1,180.0
289,R2,SKU1,68.0
289,R3,SKU1,438.0
290,Supplier,SKU1,0.0
290,W1,SKU1,240.0
290,W2,SKU1,430.0
290,R1,SKU1,96.0
290,R2,SKU1,106.0
290,R3,SKU1,464.0
291,Supplier,SKU1,0.0
291,W1,SKU1,202.0
291,W2,SKU1,464.0
291,R1,SKU1,141.0
291,R2,SKU1,96.0
291,R3,SKU1,483.0
292,Supplier,SKU1,0.0
292,W1,SKU1,239.0
292,W2,SKU1,483.0
292,R1,SKU1,118.0
292,R2,SKU1,89.0
292,R3,SKU1,403.0
293,Supplier,SKU1,0.0
293,W1,SKU1,205.0
293,W2,SKU1,403.0
293,R1,SKU1,176.0
293,R2,SKU1,112.0
293,R3,SKU1,235.0
294,Supplier,SKU1,0.0
294,W1,SKU1,293.0
294,W2,SKU1,238.0
294,R1,SKU1,160.0
294,R2,SKU1,138.0
294,R3,SKU1,117.0
295,Supplier,SKU1,0.0
295,W1,SKU1,293.0
295,W2,SKU1,114.0
295,R1,SKU1,171.0
295,R2,SKU1,107.0
295,R3,SKU1,0.0
296,Supplier,SKU1,0.0
296,W1,SKU1,278.0
296,W2,SKU1,14.0
296,R1,SKU1,157.0
296,R2,SKU1,108.0
296,R3,SKU1,249.0
297,Supplier,SKU1,0.0
297,W1,SKU1,265.0
297,W2,SKU1,235.0
297,R1,SKU1,153.0
297,R2,SKU1,115.0
297,R3,SKU1,0.0
298,Supplier,SKU1,0.0
298,W1,SKU1,268.0
298,W2,SKU1,0.0
298,R1,SKU1,152.0
298,R2,SKU1,71.0
298,R3,SKU1,0.0
299,Supplier,SKU1,0.0
299,W1,SKU1,223.0
299,W2,SKU1,0.0
299,R1,SKU1,225.0
299,R2,SKU1,124.0
299,R3,SKU1,171.0
300,Supplier,SKU1,0.0
300,W1,SKU1,372.0
300,W2,SKU1,171.0
300,R1,SKU1,347.0
300,R2,SKU1,268.0
300,R3,SKU1,454.0
301,Supplier,SKU1,0.0
301,W1,SKU1,592.0
301,W2,SKU1,454.0
301,R1,SKU1,167.0
301,R2,SKU1,340.0
301,R3,SKU1,267.0
302,Supplier,SKU1,0.0
302,W1,SKU1,507.0
302,W2,SKU1,267.0
302,R1,SKU1,172.0
302,R2,SKU1,344.0
302,R3,SKU1,256.0
303,Supplier,SKU1,0.0
303,W1,SKU1,523.0
303,W2,SKU1,256.0
303,R1,SKU1,125.0
303,R2,SKU1,339.0
303,R3,SKU1,229.0
304,Supplier,SKU1,0.0
304,W1,SKU1,457.0
304,W2,SKU1,229.0
304,R1,SKU1,87.0
304,R2,SKU1,269.0
304,R3,SKU1,222.0
305,Supplier,SKU1,0.0
305,W1,SKU1,356.0
305,W2,SKU1,222.0
305,R1,SKU1,106.0
305,R2,SKU1,251.0
305,R3,SKU1,246.0
306,Supplier,SKU1,0.0
306,W1,SKU1,357.0
306,W2,SKU1,268.0
306,R1,SKU1,153.0
306,R2,SKU1,82.0
306,R3,SKU1,230.0
307,Supplier,SKU1,0.0
307,W1,SKU1,235.0
307,W2,SKU1,208.0
307,R1,SKU1,197.0
307,R2,SKU1,0.0
307,R3,SKU1,354.0
308,Supplier,SKU1,0.0
308,W1,SKU1,197.0
308,W2,SKU1,362.0
308,R1,SKU1,242.0
308,R2,SKU1,0.0
308,R3,SKU1,310.0
309,Supplier,SKU1,0.0
309,W1,SKU1,242.0
309,W2,SKU1,302.0
309,R1,SKU1,221.0
309,R2,SKU1,0.0
309,R3,SKU1,333.0
310,Supplier,SKU1,0.0
310,W1,SKU1,221.0
310,W2,SKU1,335.0
310,R1,SKU1,165.0
310,R2,SKU1,0.0
310,R3,SKU1,314.0
311,Supplier,SKU1,0.0
311,W1,SKU1,186.0
311,W2,SKU1,312.0
311,R1,SKU1,86.0
311,R2,SKU1,0.0
311,R3,SKU1,315.0
312,Supplier,SKU1,0.0
312,W1,SKU1,72.0
312,W2,SKU1,327.0
312,R1,SKU1,118.0
312,R2,SKU1,0.0
312,R3,SKU1,352.0
313,Supplier,SKU1,0.0
313,W1,SKU1,111.0
313,W2,SKU1,340.0
313,R1,SKU1,163.0
313,R2,SKU1,0.0
313,R3,SKU1,323.0
314,Supplier,SKU1,0.0
314,W1,SKU1,174.0
314,W2,SKU1,323.0
314,R1,SKU1,159.0
314,R2,SKU1,0.0
314,R3,SKU1,416.0
315,Supplier,SKU1,0.0
315,W1,SKU1,148.0
315,W2,SKU1,439.0
315,R1,SKU1,234.0
315,R2,SKU1,96.0
315,R3,SKU1,353.0
316,Supplier,SKU1,0.0
316,W1,SKU1,330.0
316,W2,SKU1,330.0
316,R1,SKU1,260.0
316,R2,SKU1,138.0
316,R3,SKU1,420.0
317,Supplier,SKU1,0.0
317,W1,SKU1,398.0
317,W2,SKU1,420.0
317,R1,SKU1,166.0
317,R2,SKU1,114.0
317,R3,SKU1,351.0
318,Supplier,SKU1,0.0
318,W1,SKU1,280.0
318,W2,SKU1,371.0
318,R1,SKU1,145.0
318,R2,SKU1,128.0
318,R3,SKU1,308.0
319,Supplier,SKU1,0.0
319,W1,SKU1,273.0
319,W2,SKU1,288.0
319,R1,SKU1,158.0
319,R2,SKU1,90.0
319,R3,SKU1,280.0
320,Supplier,SKU1,0.0
320,W1,SKU1,248.0
320,W2,SKU1,280.0
320,R1,SKU1,173.0
320,R2,SKU1,107.0
320,R3,SKU1,242.0
321,Supplier,SKU1,0.0
321,W1,SKU1,280.0
321,W2,SKU1,242.0
321,R1,SKU1,199.0
321,R2,SKU1,187.0
321,R3,SKU1,233.0
322,Supplier,SKU1,0.0
322,W1,SKU1,386.0
322,W2,SKU1,233.0
322,R1,SKU1,278.0
322,R2,SKU1,187.0
322,R3,SKU1,156.0
323,Supplier,SKU1,0.0
323,W1,SKU1,465.0
323,W2,SKU1,156.0
323,R1,SKU1,240.0
323,R2,SKU1,210.0
323,R3,SKU1,193.0
324,Supplier,SKU1,0.0
324,W1,SKU1,450.0
324,W2,SKU1,193.0
324,R1,SKU1,187.0
324,R2,SKU1,261.0
324,R3,SKU1,157.0
325,Supplier,SKU1,0.0
325,W1,SKU1,448.0
325,W2,SKU1,157.0
325,R1,SKU1,182.0
325,R2,SKU1,292.0
325,R3,SKU1,313.0
326,Supplier,SKU1,0.0
326,W1,SKU1,474.0
326,W2,SKU1,313.0
326,R1,SKU1,197.0
326,R2,SKU1,326.0
326,R3,SKU1,324.0
327,Supplier,SKU1,0.0
327,W1,SKU1,523.0
327,W2,SKU1,337.0
327,R1,SKU1,214.0
327,R2,SKU1,396.0
327,R3,SKU1,363.0
328,Supplier,SKU1,0.0
328,W1,SKU1,633.0
328,W2,SKU1,350.0
328,R1,SKU1,319.0
328,R2,SKU1,379.0
328,R3,SKU1,510.0
329,Supplier,SKU1,0.0
329,W1,SKU1,675.0
329,W2,SKU1,510.0
329,R1,SKU1,210.0
329,R2,SKU1,379.0
329,R3,SKU1,532.0
330,Supplier,SKU1,0.0
330,W1,SKU1,589.0
330,W2,SKU1,542.0
330,R1,SKU1,16.0
330,R2,SKU1,129.0
330,R3,SKU1,376.0
331,Supplier,SKU1,0.0
331,W1,SKU1,145.0
331,W2,SKU1,366.0
331,R1,SKU1,175.0
331,R2,SKU1,0.0
331,R3,SKU1,485.0
332,Supplier,SKU1,0.0
332,W1,SKU1,175.0
332,W2,SKU1,485.0
332,R1,SKU1,136.0
332,R2,SKU1,0.0
332,R3,SKU1,563.0
333,Supplier,SKU1,0.0
333,W1,SKU1,136.0
333,W2,SKU1,563.0
333,R1,SKU1,138.0
333,R2,SKU1,0.0
333,R3,SKU1,493.0
334,Supplier,SKU1,0.0
334,W1,SKU1,138.0
334,W2,SKU1,493.0
334,R1,SKU1,118.0
334,R2,SKU1,0.0
334,R3,SKU1,368.0
335,Supplier,SKU1,0.0
335,W1,SKU1,118.0
335,W2,SKU1,368.0
335,R1,SKU1,182.0
335,R2,SKU1,0.0
335,R3,SKU1,314.0
336,Supplier,SKU1,0.0
336,W1,SKU1,200.0
336,W2,SKU1,314.0
336,R1,SKU1,134.0
336,R2,SKU1,0.0
336,R3,SKU1,142.0
337,Supplier,SKU1,0.0
337,W1,SKU1,134.0
337,W2,SKU1,156.0
337,R1,SKU1,119.0
337,R2,SKU1,0.0
337,R3,SKU1,0.0
338,Supplier,SKU1,0.0
338,W1,SKU1,101.0
338,W2,SKU1,0.0
338,R1,SKU1,168.0
338,R2,SKU1,0.0
338,R3,SKU1,21.0
339,Supplier,SKU1,0.0
339,W1,SKU1,169.0
339,W2,SKU1,7.0
339,R1,SKU1,108.0
339,R2,SKU1,0.0
339,R3,SKU1,0.0
340,Supplier,SKU1,0.0
340,W1,SKU1,107.0
340,W2,SKU1,7.0
340,R1,SKU1,139.0
340,R2,SKU1,0.0
340,R3,SKU1,0.0
341,Supplier,SKU1,0.0
341,W1,SKU1,146.0
341,W2,SKU1,7.0
341,R1,SKU1,120.0
341,R2,SKU1,0.0
341,R3,SKU1,0.0
342,Supplier,SKU1,0.0
342,W1,SKU1,113.0
342,W2,SKU1,7.0
342,R1,SKU1,160.0
342,R2,SKU1,0.0
342,R3,SKU1,65.0
343,Supplier,SKU1,0.0
343,W1,SKU1,173.0
343,W2,SKU1,44.0
343,R1,SKU1,167.0
343,R2,SKU1,0.0
343,R3,SKU1,298.0
344,Supplier,SKU1,0.0
344,W1,SKU1,154.0
344,W2,SKU1,298.0
344,R1,SKU1,160.0
344,R2,SKU1,0.0
344,R3,SKU1,282.0
345,Supplier,SKU1,0.0
345,W1,SKU1,160.0
345,W2,SKU1,282.0
345,R1,SKU1,102.0
345,R2,SKU1,0.0
345,R3,SKU1,157.0
346,Supplier,SKU1,0.0
346,W1,SKU1,102.0
346,W2,SKU1,157.0
346,R1,SKU1,100.0
346,R2,SKU1,0.0
346,R3,SKU1,173.0
347,Supplier,SKU1,0.0
347,W1,SKU1,102.0
347,W2,SKU1,173.0
347,R1,SKU1,153.0
347,R2,SKU1,70.0
347,R3,SKU1,234.0
348,Supplier,SKU1,0.0
348,W1,SKU1,225.0
348,W2,SKU1,234.0
348,R1,SKU1,112.0
348,R2,SKU1,65.0
348,R3,SKU1,195.0
349,Supplier,SKU1,0.0
349,W1,SKU1,173.0
349,W2,SKU1,195.0
349,R1,SKU1,144.0
349,R2,SKU1,90.0
349,R3,SKU1,221.0
350,Supplier,SKU1,0.0
350,W1,SKU1,234.0
350,W2,SKU1,221.0
350,R1,SKU1,155.0
350,R2,SKU1,108.0
350,R3,SKU1,334.0
351,Supplier,SKU1,0.0
351,W1,SKU1,263.0
351,W2,SKU1,355.0
351,R1,SKU1,167.0
351,R2,SKU1,136.0
351,R3,SKU1,258.0
352,Supplier,SKU1,0.0
352,W1,SKU1,303.0
352,W2,SKU1,237.0
352,R1,SKU1,119.0
352,R2,SKU1,83.0
352,R3,SKU1,248.0
353,Supplier,SKU1,0.0
353,W1,SKU1,205.0
353,W2,SKU1,248.0
353,R1,SKU1,125.0
353,R2,SKU1,81.0
353,R3,SKU1,181.0
354,Supplier,SKU1,0.0
354,W1,SKU1,211.0
354,W2,SKU1,181.0
354,R1,SKU1,91.0
354,R2,SKU1,72.0
354,R3,SKU1,179.0
355,Supplier,SKU1,0.0
355,W1,SKU1,174.0
355,W2,SKU1,179.0
355,R1,SKU1,103.0
355,R2,SKU1,60.0
355,R3,SKU1,212.0
356,Supplier,SKU1,0.0
356,W1,SKU1,144.0
356,W2,SKU1,212.0
356,R1,SKU1,133.0
356,R2,SKU1,83.0
356,R3,SKU1,236.0
357,Supplier,SKU1,0.0
357,W1,SKU1,216.0
357,W2,SKU1,248.0
357,R1,SKU1,171.0
357,R2,SKU1,95.0
357,R3,SKU1,298.0
358,Supplier,SKU1,0.0
358,W1,SKU1,282.0
358,W2,SKU1,286.0
358,R1,SKU1,170.0
358,R2,SKU1,96.0
358,R3,SKU1,281.0
359,Supplier,SKU1,0.0
359,W1,SKU1,250.0
359,W2,SKU1,281.0
359,R1,SKU1,109.0
359,R2,SKU1,70.0
359,R3,SKU1,220.0
360,Supplier,SKU1,0.0
360,W1,SKU1,179.0
360,W2,SKU1,220.0
360,R1,SKU1,95.0
360,R2,SKU1,84.0
360,R3,SKU1,193.0
361,Supplier,SKU1,0.0
361,W1,SKU1,179.0
361,W2,SKU1,213.0
361,R1,SKU1,96.0
361,R2,SKU1,79.0
361,R3,SKU1,143.0
362,Supplier,SKU1,0.0
362,W1,SKU1,175.0
362,W2,SKU1,123.0
362,R1,SKU1,100.0
362,R2,SKU1,86.0
362,R3,SKU1,173.0
363,Supplier,SKU1,0.0
363,W1,SKU1,186.0
363,W2,SKU1,196.0
363,R1,SKU1,147.0
363,R2,SKU1,93.0
363,R3,SKU1,222.0
364,Supplier,SKU1,0.0
364,W1,SKU1,240.0
364,W2,SKU1,218.0
364,R1,SKU1,176.0
364,R2,SKU1,84.0
364,R3,SKU1,300.0
365,Supplier,SKU1,0.0
365,W1,SKU1,260.0
365,W2,SKU1,281.0
365,R1,SKU1,160.0
365,R2,SKU1,91.0
365,R3,SKU1,269.0
366,Supplier,SKU1,0.0
366,W1,SKU1,251.0
366,W2,SKU1,269.0
366,R1,SKU1,106.0
366,R2,SKU1,63.0
366,R3,SKU1,150.0
367,Supplier,SKU1,0.0
367,W1,SKU1,169.0
367,W2,SKU1,150.0
367,R1,SKU1,105.0
367,R2,SKU1,69.0
367,R3,SKU1,206.0
368,Supplier,SKU1,0.0
368,W1,SKU1,174.0
368,W2,SKU1,206.0
368,R1,SKU1,149.0
368,R2,SKU1,102.0
368,R3,SKU1,304.0
369,Supplier,SKU1,0.0
369,W1,SKU1,251.0
369,W2,SKU1,310.0
369,R1,SKU1,155.0
369,R2,SKU1,96.0
369,R3,SKU1,243.0
370,Supplier,SKU1,0.0
370,W1,SKU1,251.0
370,W2,SKU1,253.0
370,R1,SKU1,156.0
370,R2,SKU1,92.0
370,R3,SKU1,275.0
371,Supplier,SKU1,0.0
371,W1,SKU1,248.0
371,W2,SKU1,259.0
371,R1,SKU1,241.0
371,R2,SKU1,133.0
371,R3,SKU1,318.0
372,Supplier,SKU1,0.0
372,W1,SKU1,374.0
372,W2,SKU1,318.0
372,R1,SKU1,194.0
372,R2,SKU1,137.0
372,R3,SKU1,374.0
373,Supplier,SKU1,0.0
373,W1,SKU1,331.0
373,W2,SKU1,392.0
373,R1,SKU1,152.0
373,R2,SKU1,119.0
373,R3,SKU1,265.0
374,Supplier,SKU1,0.0
374,W1,SKU1,271.0
374,W2,SKU1,257.0
374,R1,SKU1,131.0
374,R2,SKU1,92.0
374,R3,SKU1,349.0
375,Supplier,SKU1,0.0
375,W1,SKU1,223.0
375,W2,SKU1,339.0
375,R1,SKU1,165.0
375,R2,SKU1,85.0
375,R3,SKU1,393.0
376,Supplier,SKU1,0.0
376,W1,SKU1,273.0
376,W2,SKU1,393.0
376,R1,SKU1,155.0
376,R2,SKU1,95.0
376,R3,SKU1,355.0
377,Supplier,SKU1,0.0
377,W1,SKU1,227.0
377,W2,SKU1,355.0
377,R1,SKU1,168.0
377,R2,SKU1,89.0
377,R3,SKU1,367.0
378,Supplier,SKU1,0.0
378,W1,SKU1,257.0
378,W2,SKU1,367.0
378,R1,SKU1,229.0
378,R2,SKU1,106.0
378,R3,SKU1,473.0
379,Supplier,SKU1,0.0
379,W1,SKU1,335.0
379,W2,SKU1,473.0
379,R1,SKU1,230.0
379,R2,SKU1,102.0
379,R3,SKU1,485.0
380,Supplier,SKU1,0.0
380,W1,SKU1,332.0
380,W2,SKU1,485.0
380,R1,SKU1,182.0
380,R2,SKU1,88.0
380,R3,SKU1,363.0
381,Supplier,SKU1,0.0
381,W1,SKU1,270.0
381,W2,SKU1,363.0
381,R1,SKU1,182.0
381,R2,SKU1,87.0
381,R3,SKU1,376.0
382,Supplier,SKU1,0.0
382,W1,SKU1,269.0
382,W2,SKU1,376.0
382,R1,SKU1,111.0
382,R2,SKU1,80.0
382,R3,SKU1,188.0
383,Supplier,SKU1,0.0
383,W1,SKU1,191.0
383,W2,SKU1,188.0
383,R1,SKU1,58.0
383,R2,SKU1,62.0
383,R3,SKU1,0.0
384,Supplier,SKU1,0.0
384,W1,SKU1,120.0
384,W2,SKU1,0.0
384,R1,SKU1,0.0
384,R2,SKU1,26.0
384,R3,SKU1,0.0
385,Supplier,SKU1,0.0
385,W1,SKU1,46.0
385,W2,SKU1,0.0
385,R1,SKU1,190.0
385,R2,SKU1,108.0
385,R3,SKU1,132.0
386,Supplier,SKU1,0.0
386,W1,SKU1,278.0
386,W2,SKU1,132.0
386,R1,SKU1,207.0
386,R2,SKU1,127.0
386,R3,SKU1,0.0
387,Supplier,SKU1,0.0
387,W1,SKU1,334.0
387,W2,SKU1,0.0
387,R1,SKU1,146.0
387,R2,SKU1,98.0
387,R3,SKU1,0.0
388,Supplier,SKU1,0.0
388,W1,SKU1,244.0
388,W2,SKU1,0.0
388,R1,SKU1,118.0
388,R2,SKU1,88.0
388,R3,SKU1,23.0
389,Supplier,SKU1,0.0
389,W1,SKU1,206.0
389,W2,SKU1,23.0
389,R1,SKU1,167.0
389,R2,SKU1,88.0
389,R3,SKU1,224.0
390,Supplier,SKU1,0.0
390,W1,SKU1,261.0
390,W2,SKU1,247.0
390,R1,SKU1,108.0
390,R2,SKU1,78.0
390,R3,SKU1,203.0
391,Supplier,SKU1,0.0
391,W1,SKU1,180.0
391,W2,SKU1,180.0
391,R1,SKU1,156.0
391,R2,SKU1,108.0
391,R3,SKU1,211.0
392,Supplier,SKU1,0.0
392,W1,SKU1,264.0
392,W2,SKU1,211.0
392,R1,SKU1,175.0
392,R2,SKU1,116.0
392,R3,SKU1,308.0
393,Supplier,SKU1,0.0
393,W1,SKU1,291.0
393,W2,SKU1,319.0
393,R1,SKU1,209.0
393,R2,SKU1,122.0
393,R3,SKU1,292.0
394,Supplier,SKU1,0.0
394,W1,SKU1,331.0
394,W2,SKU1,281.0
394,R1,SKU1,138.0
394,R2,SKU1,45.0
394,R3,SKU1,224.0
395,Supplier,SKU1,0.0
395,W1,SKU1,183.0
395,W2,SKU1,224.0
395,R1,SKU1,98.0
395,R2,SKU1,80.0
395,R3,SKU1,181.0
396,Supplier,SKU1,0.0
396,W1,SKU1,178.0
396,W2,SKU1,205.0
396,R1,SKU1,102.0
396,R2,SKU1,85.0
396,R3,SKU1,214.0
397,Supplier,SKU1,0.0
397,W1,SKU1,187.0
397,W2,SKU1,190.0
397,R1,SKU1,130.0
397,R2,SKU1,104.0
397,R3,SKU1,280.0
398,Supplier,SKU1,0.0
398,W1,SKU1,234.0
398,W2,SKU1,280.0
398,R1,SKU1,173.0
398,R2,SKU1,119.0
398,R3,SKU1,252.0
399,Supplier,SKU1,0.0
399,W1,SKU1,292.0
399,W2,SKU1,252.0
399,R1,SKU1,201.0
399,R2,SKU1,150.0
399,R3,SKU1,293.0
400,Supplier,SKU1,0.0
400,W1,SKU1,351.0
400,W2,SKU1,293.0
400,R1,SKU1,201.0
400,R2,SKU1,100.0
400,R3,SKU1,284.0
401,Supplier,SKU1,0.0
401,W1,SKU1,301.0
401,W2,SKU1,284.0
401,R1,SKU1,158.0
401,R2,SKU1,114.0
401,R3,SKU1,231.0
402,Supplier,SKU1,0.0
402,W1,SKU1,273.0
402,W2,SKU1,231.0
402,R1,SKU1,134.0
402,R2,SKU1,106.0
402,R3,SKU1,256.0
403,Supplier,SKU1,0.0
403,W1,SKU1,239.0
403,W2,SKU1,256.0
403,R1,SKU1,123.0
403,R2,SKU1,99.0
403,R3,SKU1,214.0
404,Supplier,SKU1,0.0
404,W1,SKU1,222.0
404,W2,SKU1,214.0
404,R1,SKU1,157.0
404,R2,SKU1,107.0
404,R3,SKU1,240.0
405,Supplier,SKU1,0.0
405,W1,SKU1,286.0
405,W2,SKU1,254.0
405,R1,SKU1,120.0
405,R2,SKU1,97.0
405,R3,SKU1,211.0
406,Supplier,SKU1,0.0
406,W1,SKU1,203.0
406,W2,SKU1,197.0
406,R1,SKU1,208.0
406,R2,SKU1,90.0
406,R3,SKU1,328.0
407,Supplier,SKU1,0.0
407,W1,SKU1,301.0
407,W2,SKU1,328.0
407,R1,SKU1,158.0
407,R2,SKU1,101.0
407,R3,SKU1,256.0
408,Supplier,SKU1,0.0
408,W1,SKU1,260.0
408,W2,SKU1,256.0
408,R1,SKU1,143.0
408,R2,SKU1,90.0
408,R3,SKU1,271.0
409,Supplier,SKU1,0.0
409,W1,SKU1,221.0
409,W2,SKU1,271.0
409,R1,SKU1,144.0
409,R2,SKU1,79.0
409,R3,SKU1,248.0
410,Supplier,SKU1,0.0
410,W1,SKU1,244.0
410,W2,SKU1,248.0
410,R1,SKU1,129.0
410,R2,SKU1,98.0
410,R3,SKU1,258.0
411,Supplier,SKU1,0.0
411,W1,SKU1,206.0
411,W2,SKU1,258.0
411,R1,SKU1,139.0
411,R2,SKU1,86.0
411,R3,SKU1,275.0
412,Supplier,SKU1,0.0
412,W1,SKU1,231.0
412,W2,SKU1,275.0
412,R1,SKU1,168.0
412,R2,SKU1,73.0
412,R3,SKU1,304.0
413,Supplier,SKU1,0.0
413,W1,SKU1,235.0
413,W2,SKU1,304.0
413,R1,SKU1,187.0
413,R2,SKU1,111.0
413,R3,SKU1,459.0
414,Supplier,SKU1,0.0
414,W1,SKU1,298.0
414,W2,SKU1,463.0
414,R1,SKU1,190.0
414,R2,SKU1,109.0
414,R3,SKU1,445.0
415,Supplier,SKU1,0.0
415,W1,SKU1,299.0
415,W2,SKU1,441.0
415,R1,SKU1,144.0
415,R2,SKU1,96.0
415,R3,SKU1,431.0
416,Supplier,SKU1,0.0
416,W1,SKU1,240.0
416,W2,SKU1,431.0
416,R1,SKU1,108.0
416,R2,SKU1,75.0
416,R3,SKU1,356.0
417,Supplier,SKU1,0.0
417,W1,SKU1,183.0
417,W2,SKU1,356.0
417,R1,SKU1,110.0
417,R2,SKU1,69.0
417,R3,SKU1,309.0
418,Supplier,SKU1,0.0
418,W1,SKU1,179.0
418,W2,SKU1,309.0
418,R1,SKU1,153.0
418,R2,SKU1,76.0
418,R3,SKU1,252.0
419,Supplier,SKU1,0.0
419,W1,SKU1,229.0
419,W2,SKU1,261.0
419,R1,SKU1,140.0
419,R2,SKU1,87.0
419,R3,SKU1,214.0
420,Supplier,SKU1,0.0
420,W1,SKU1,227.0
420,W2,SKU1,205.0
420,R1,SKU1,235.0
420,R2,SKU1,91.0
420,R3,SKU1,225.0
421,Supplier,SKU1,0.0
421,W1,SKU1,326.0
421,W2,SKU1,230.0
421,R1,SKU1,204.0
421,R2,SKU1,84.0
421,R3,SKU1,81.0
422,Supplier,SKU1,0.0
422,W1,SKU1,288.0
422,W2,SKU1,76.0
422,R1,SKU1,122.0
422,R2,SKU1,73.0
422,R3,SKU1,0.0
423,Supplier,SKU1,0.0
423,W1,SKU1,195.0
423,W2,SKU1,0.0
423,R1,SKU1,133.0
423,R2,SKU1,45.0
423,R3,SKU1,17.0
424,Supplier,SKU1,0.0
424,W1,SKU1,178.0
424,W2,SKU1,17.0
424,R1,SKU1,111.0
424,R2,SKU1,90.0
424,R3,SKU1,170.0
425,Supplier,SKU1,0.0
425,W1,SKU1,201.0
425,W2,SKU1,187.0
425,R1,SKU1,133.0
425,R2,SKU1,88.0
425,R3,SKU1,162.0
426,Supplier,SKU1,0.0
426,W1,SKU1,222.0
426,W2,SKU1,149.0
426,R1,SKU1,155.0
426,R2,SKU1,111.0
426,R3,SKU1,240.0
427,Supplier,SKU1,0.0
427,W1,SKU1,288.0
427,W2,SKU1,236.0
427,R1,SKU1,222.0
427,R2,SKU1,114.0
427,R3,SKU1,350.0
428,Supplier,SKU1,0.0
428,W1,SKU1,324.0
428,W2,SKU1,350.0
428,R1,SKU1,262.0
428,R2,SKU1,101.0
428,R3,SKU1,300.0
429,Supplier,SKU1,0.0
429,W1,SKU1,352.0
429,W2,SKU1,300.0
429,R1,SKU1,140.0
429,R2,SKU1,106.0
429,R3,SKU1,213.0
430,Supplier,SKU1,0.0
430,W1,SKU1,246.0
430,W2,SKU1,213.0
430,R1,SKU1,159.0
430,R2,SKU1,101.0
430,R3,SKU1,257.0
431,Supplier,SKU1,0.0
431,W1,SKU1,260.0
431,W2,SKU1,270.0
431,R1,SKU1,187.0
431,R2,SKU1,93.0
431,R3,SKU1,246.0
432,Supplier,SKU1,0.0
432,W1,SKU1,280.0
432,W2,SKU1,233.0
432,R1,SKU1,156.0
432,R2,SKU1,126.0
432,R3,SKU1,245.0
433,Supplier,SKU1,0.0
433,W1,SKU1,282.0
433,W2,SKU1,245.0
433,R1,SKU1,223.0
433,R2,SKU1,75.0
433,R3,SKU1,300.0
434,Supplier,SKU1,0.0
434,W1,SKU1,298.0
434,W2,SKU1,300.0
434,R1,SKU1,316.0
434,R2,SKU1,118.0
434,R3,SKU1,411.0
435,Supplier,SKU1,0.0
435,W1,SKU1,434.0
435,W2,SKU1,411.0
435,R1,SKU1,268.0
435,R2,SKU1,176.0
435,R3,SKU1,374.0
436,Supplier,SKU1,0.0
436,W1,SKU1,444.0
436,W2,SKU1,385.0
436,R1,SKU1,174.0
436,R2,SKU1,267.0
436,R3,SKU1,265.0
437,Supplier,SKU1,0.0
437,W1,SKU1,441.0
437,W2,SKU1,254.0
437,R1,SKU1,111.0
437,R2,SKU1,267.0
437,R3,SKU1,265.0
438,Supplier,SKU1,0.0
438,W1,SKU1,378.0
438,W2,SKU1,265.0
438,R1,SKU1,161.0
438,R2,SKU1,159.0
438,R3,SKU1,212.0
439,Supplier,SKU1,0.0
439,W1,SKU1,320.0
439,W2,SKU1,212.0
439,R1,SKU1,133.0
439,R2,SKU1,127.0
439,R3,SKU1,230.0
440,Supplier,SKU1,0.0
440,W1,SKU1,280.0
440,W2,SKU1,242.0
440,R1,SKU1,169.0
440,R2,SKU1,46.0
440,R3,SKU1,259.0
441,Supplier,SKU1,0.0
441,W1,SKU1,195.0
441,W2,SKU1,247.0
441,R1,SKU1,224.0
441,R2,SKU1,0.0
441,R3,SKU1,281.0
442,Supplier,SKU1,0.0
442,W1,SKU1,224.0
442,W2,SKU1,281.0
442,R1,SKU1,256.0
442,R2,SKU1,0.0
442,R3,SKU1,209.0
443,Supplier,SKU1,0.0
443,W1,SKU1,280.0
443,W2,SKU1,209.0
443,R1,SKU1,100.0
443,R2,SKU1,0.0
443,R3,SKU1,113.0
444,Supplier,SKU1,0.0
444,W1,SKU1,80.0
444,W2,SKU1,122.0
444,R1,SKU1,162.0
444,R2,SKU1,0.0
444,R3,SKU1,214.0
445,Supplier,SKU1,0.0
445,W1,SKU1,158.0
445,W2,SKU1,205.0
445,R1,SKU1,144.0
445,R2,SKU1,0.0
445,R3,SKU1,203.0
446,Supplier,SKU1,0.0
446,W1,SKU1,144.0
446,W2,SKU1,208.0
446,R1,SKU1,153.0
446,R2,SKU1,0.0
446,R3,SKU1,212.0
447,Supplier,SKU1,0.0
447,W1,SKU1,153.0
447,W2,SKU1,220.0
447,R1,SKU1,173.0
447,R2,SKU1,56.0
447,R3,SKU1,210.0
448,Supplier,SKU1,0.0
448,W1,SKU1,229.0
448,W2,SKU1,197.0
448,R1,SKU1,228.0
448,R2,SKU1,125.0
448,R3,SKU1,271.0
449,Supplier,SKU1,0.0
449,W1,SKU1,353.0
449,W2,SKU1,271.0
449,R1,SKU1,210.0
449,R2,SKU1,77.0
449,R3,SKU1,278.0
450,Supplier,SKU1,0.0
450,W1,SKU1,287.0
450,W2,SKU1,278.0
450,R1,SKU1,139.0
450,R2,SKU1,76.0
450,R3,SKU1,209.0
451,Supplier,SKU1,0.0
451,W1,SKU1,215.0
451,W2,SKU1,209.0
451,R1,SKU1,137.0
451,R2,SKU1,87.0
451,R3,SKU1,192.0
452,Supplier,SKU1,0.0
452,W1,SKU1,239.0
452,W2,SKU1,201.0
452,R1,SKU1,134.0
452,R2,SKU1,81.0
452,R3,SKU1,187.0
453,Supplier,SKU1,0.0
453,W1,SKU1,200.0
453,W2,SKU1,188.0
453,R1,SKU1,159.0
453,R2,SKU1,75.0
453,R3,SKU1,197.0
454,Supplier,SKU1,0.0
454,W1,SKU1,234.0
454,W2,SKU1,187.0
454,R1,SKU1,145.0
454,R2,SKU1,73.0
454,R3,SKU1,201.0
455,Supplier,SKU1,0.0
455,W1,SKU1,218.0
455,W2,SKU1,201.0
455,R1,SKU1,185.0
455,R2,SKU1,102.0
455,R3,SKU1,251.0
456,Supplier,SKU1,0.0
456,W1,SKU1,305.0
456,W2,SKU1,252.0
456,R1,SKU1,230.0
456,R2,SKU1,100.0
456,R3,SKU1,282.0
457,Supplier,SKU1,0.0
457,W1,SKU1,335.0
457,W2,SKU1,281.0
457,R1,SKU1,119.0
457,R2,SKU1,88.0
457,R3,SKU1,224.0
458,Supplier,SKU1,0.0
458,W1,SKU1,184.0
458,W2,SKU1,224.0
458,R1,SKU1,156.0
458,R2,SKU1,76.0
458,R3,SKU1,273.0
459,Supplier,SKU1,0.0
459,W1,SKU1,232.0
459,W2,SKU1,297.0
459,R1,SKU1,114.0
459,R2,SKU1,91.0
459,R3,SKU1,224.0
460,Supplier,SKU1,0.0
460,W1,SKU1,205.0
460,W2,SKU1,221.0
460,R1,SKU1,171.0
460,R2,SKU1,113.0
460,R3,SKU1,289.0
461,Supplier,SKU1,0.0
461,W1,SKU1,289.0
461,W2,SKU1,268.0
461,R1,SKU1,157.0
461,R2,SKU1,106.0
461,R3,SKU1,253.0
462,Supplier,SKU1,0.0
462,W1,SKU1,258.0
462,W2,SKU1,253.0
462,R1,SKU1,225.0
462,R2,SKU1,111.0
462,R3,SKU1,277.0
463,Supplier,SKU1,0.0
463,W1,SKU1,336.0
463,W2,SKU1,277.0
463,R1,SKU1,257.0
463,R2,SKU1,90.0
463,R3,SKU1,272.0
464,Supplier,SKU1,0.0
464,W1,SKU1,347.0
464,W2,SKU1,272.0
464,R1,SKU1,178.0
464,R2,SKU1,113.0
464,R3,SKU1,239.0
465,Supplier,SKU1,0.0
465,W1,SKU1,291.0
465,W2,SKU1,239.0
465,R1,SKU1,125.0
465,R2,SKU1,128.0
465,R3,SKU1,209.0
466,Supplier,SKU1,0.0
466,W1,SKU1,253.0
466,W2,SKU1,209.0
466,R1,SKU1,155.0
466,R2,SKU1,119.0
466,R3,SKU1,240.0
467,Supplier,SKU1,0.0
467,W1,SKU1,274.0
467,W2,SKU1,249.0
467,R1,SKU1,170.0
467,R2,SKU1,94.0
467,R3,SKU1,201.0
468,Supplier,SKU1,0.0
468,W1,SKU1,264.0
468,W2,SKU1,192.0
468,R1,SKU1,174.0
468,R2,SKU1,114.0
468,R3,SKU1,229.0
469,Supplier,SKU1,0.0
469,W1,SKU1,288.0
469,W2,SKU1,229.0
469,R1,SKU1,253.0
469,R2,SKU1,75.0
469,R3,SKU1,372.0
470,Supplier,SKU1,0.0
470,W1,SKU1,328.0
470,W2,SKU1,372.0
470,R1,SKU1,202.0
470,R2,SKU1,95.0
470,R3,SKU1,379.0
471,Supplier,SKU1,0.0
471,W1,SKU1,297.0
471,W2,SKU1,379.0
471,R1,SKU1,179.0
471,R2,SKU1,87.0
471,R3,SKU1,276.0
472,Supplier,SKU1,0.0
472,W1,SKU1,266.0
472,W2,SKU1,276.0
472,R1,SKU1,132.0
472,R2,SKU1,96.0
472,R3,SKU1,266.0
473,Supplier,SKU1,0.0
473,W1,SKU1,228.0
473,W2,SKU1,266.0
473,R1,SKU1,160.0
473,R2,SKU1,70.0
473,R3,SKU1,293.0
474,Supplier,SKU1,0.0
474,W1,SKU1,230.0
474,W2,SKU1,293.0
474,R1,SKU1,151.0
474,R2,SKU1,70.0
474,R3,SKU1,267.0
475,Supplier,SKU1,0.0
475,W1,SKU1,221.0
475,W2,SKU1,267.0
475,R1,SKU1,179.0
475,R2,SKU1,103.0
475,R3,SKU1,311.0
476,Supplier,SKU1,0.0
476,W1,SKU1,303.0
476,W2,SKU1,311.0
476,R1,SKU1,245.0
476,R2,SKU1,115.0
476,R3,SKU1,421.0
477,Supplier,SKU1,0.0
477,W1,SKU1,363.0
477,W2,SKU1,432.0
477,R1,SKU1,251.0
477,R2,SKU1,108.0
477,R3,SKU1,356.0
478,Supplier,SKU1,0.0
478,W1,SKU1,335.0
478,W2,SKU1,345.0
478,R1,SKU1,154.0
478,R2,SKU1,78.0
478,R3,SKU1,191.0
479,Supplier,SKU1,0.0
479,W1,SKU1,232.0
479,W2,SKU1,191.0
479,R1,SKU1,137.0
479,R2,SKU1,80.0
479,R3,SKU1,138.0
480,Supplier,SKU1,0.0
480,W1,SKU1,217.0
480,W2,SKU1,138.0
480,R1,SKU1,132.0
480,R2,SKU1,59.0
480,R3,SKU1,78.0
481,Supplier,SKU1,0.0
481,W1,SKU1,208.0
481,W2,SKU1,78.0
481,R1,SKU1,171.0
481,R2,SKU1,89.0
481,R3,SKU1,103.0
482,Supplier,SKU1,0.0
482,W1,SKU1,243.0
482,W2,SKU1,103.0
482,R1,SKU1,190.0
482,R2,SKU1,92.0
482,R3,SKU1,266.0
483,Supplier,SKU1,0.0
483,W1,SKU1,282.0
483,W2,SKU1,269.0
483,R1,SKU1,214.0
483,R2,SKU1,94.0
483,R3,SKU1,264.0
484,Supplier,SKU1,0.0
484,W1,SKU1,308.0
484,W2,SKU1,261.0
484,R1,SKU1,210.0
484,R2,SKU1,88.0
484,R3,SKU1,267.0
485,Supplier,SKU1,0.0
485,W1,SKU1,306.0
485,W2,SKU1,267.0
485,R1,SKU1,206.0
485,R2,SKU1,85.0
485,R3,SKU1,244.0
486,Supplier,SKU1,0.0
486,W1,SKU1,297.0
486,W2,SKU1,244.0
486,R1,SKU1,120.0
486,R2,SKU1,72.0
486,R3,SKU1,185.0
487,Supplier,SKU1,0.0
487,W1,SKU1,189.0
487,W2,SKU1,185.0
487,R1,SKU1,177.0
487,R2,SKU1,100.0
487,R3,SKU1,179.0
488,Supplier,SKU1,0.0
488,W1,SKU1,266.0
488,W2,SKU1,179.0
488,R1,SKU1,125.0
488,R2,SKU1,81.0
488,R3,SKU1,160.0
489,Supplier,SKU1,0.0
489,W1,SKU1,206.0
489,W2,SKU1,160.0
489,R1,SKU1,213.0
489,R2,SKU1,117.0
489,R3,SKU1,257.0
490,Supplier,SKU1,0.0
490,W1,SKU1,336.0
490,W2,SKU1,257.0
490,R1,SKU1,253.0
490,R2,SKU1,144.0
490,R3,SKU1,298.0
491,Supplier,SKU1,0.0
491,W1,SKU1,391.0
491,W2,SKU1,298.0
491,R1,SKU1,265.0
491,R2,SKU1,101.0
491,R3,SKU1,323.0
492,Supplier,SKU1,0.0
492,W1,SKU1,366.0
492,W2,SKU1,323.0
492,R1,SKU1,165.0
492,R2,SKU1,104.0
492,R3,SKU1,236.0
493,Supplier,SKU1,0.0
493,W1,SKU1,269.0
493,W2,SKU1,259.0
493,R1,SKU1,129.0
493,R2,SKU1,158.0
493,R3,SKU1,188.0
494,Supplier,SKU1,0.0
494,W1,SKU1,287.0
494,W2,SKU1,165.0
494,R1,SKU1,146.0
494,R2,SKU1,130.0
494,R3,SKU1,252.0
495,Supplier,SKU1,0.0
495,W1,SKU1,276.0
495,W2,SKU1,252.0
495,R1,SKU1,173.0
495,R2,SKU1,174.0
495,R3,SKU1,230.0
496,Supplier,SKU1,0.0
496,W1,SKU1,347.0
496,W2,SKU1,230.0
496,R1,SKU1,167.0
496,R2,SKU1,85.0
496,R3,SKU1,279.0
497,Supplier,SKU1,0.0
497,W1,SKU1,252.0
497,W2,SKU1,279.0
497,R1,SKU1,215.0
497,R2,SKU1,27.0
497,R3,SKU1,333.0
498,Supplier,SKU1,0.0
498,W1,SKU1,242.0
498,W2,SKU1,333.0
498,R1,SKU1,278.0
498,R2,SKU1,63.0
498,R3,SKU1,331.0
499,Supplier,SKU1,0.0
499,W1,SKU1,341.0
499,W2,SKU1,331.0
499,R1,SKU1,133.0
499,R2,SKU1,119.0
499,R3,SKU1,304.0
500,Supplier,SKU1,0.0
500,W1,SKU1,252.0
500,W2,SKU1,304.0
500,R1,SKU1,168.0
500,R2,SKU1,80.0
500,R3,SKU1,268.0
501,Supplier,SKU1,0.0
501,W1,SKU1,248.0
501,W2,SKU1,272.0
501,R1,SKU1,137.0
501,R2,SKU1,90.0
501,R3,SKU1,323.0
502,Supplier,SKU1,0.0
502,W1,SKU1,227.0
502,W2,SKU1,319.0
502,R1,SKU1,157.0
502,R2,SKU1,92.0
502,R3,SKU1,346.0
503,Supplier,SKU1,0.0
503,W1,SKU1,249.0
503,W2,SKU1,365.0
503,R1,SKU1,212.0
503,R2,SKU1,112.0
503,R3,SKU1,414.0
504,Supplier,SKU1,0.0
504,W1,SKU1,324.0
504,W2,SKU1,395.0
504,R1,SKU1,225.0
504,R2,SKU1,125.0
504,R3,SKU1,471.0
505,Supplier,SKU1,0.0
505,W1,SKU1,374.0
505,W2,SKU1,471.0
505,R1,SKU1,208.0
505,R2,SKU1,90.0
505,R3,SKU1,478.0
506,Supplier,SKU1,0.0
506,W1,SKU1,274.0
506,W2,SKU1,478.0
506,R1,SKU1,155.0
506,R2,SKU1,95.0
506,R3,SKU1,364.0
507,Supplier,SKU1,0.0
507,W1,SKU1,250.0
507,W2,SKU1,364.0
507,R1,SKU1,137.0
507,R2,SKU1,88.0
507,R3,SKU1,293.0
508,Supplier,SKU1,0.0
508,W1,SKU1,225.0
508,W2,SKU1,293.0
508,R1,SKU1,132.0
508,R2,SKU1,95.0
508,R3,SKU1,243.0
509,Supplier,SKU1,0.0
509,W1,SKU1,227.0
509,W2,SKU1,243.0
509,R1,SKU1,142.0
509,R2,SKU1,77.0
509,R3,SKU1,166.0
510,Supplier,SKU1,0.0
510,W1,SKU1,219.0
510,W2,SKU1,166.0
510,R1,SKU1,174.0
510,R2,SKU1,100.0
510,R3,SKU1,60.0
511,Supplier,SKU1,0.0
511,W1,SKU1,293.0
511,W2,SKU1,60.0
511,R1,SKU1,194.0
511,R2,SKU1,118.0
511,R3,SKU1,0.0
512,Supplier,SKU1,0.0
512,W1,SKU1,305.0
512,W2,SKU1,0.0
512,R1,SKU1,238.0
512,R2,SKU1,95.0
512,R3,SKU1,288.0
513,Supplier,SKU1,0.0
513,W1,SKU1,338.0
513,W2,SKU1,288.0
513,R1,SKU1,142.0
513,R2,SKU1,74.0
513,R3,SKU1,46.0
514,Supplier,SKU1,0.0
514,W1,SKU1,199.0
514,W2,SKU1,46.0
514,R1,SKU1,156.0
514,R2,SKU1,68.0
514,R3,SKU1,232.0
515,Supplier,SKU1,0.0
515,W1,SKU1,224.0
515,W2,SKU1,232.0
515,R1,SKU1,124.0
515,R2,SKU1,92.0
515,R3,SKU1,235.0
516,Supplier,SKU1,0.0
516,W1,SKU1,240.0
516,W2,SKU1,235.0
516,R1,SKU1,142.0
516,R2,SKU1,70.0
516,R3,SKU1,191.0
517,Supplier,SKU1,0.0
517,W1,SKU1,188.0
517,W2,SKU1,191.0
517,R1,SKU1,143.0
517,R2,SKU1,81.0
517,R3,SKU1,250.0
518,Supplier,SKU1,0.0
518,W1,SKU1,224.0
518,W2,SKU1,250.0
518,R1,SKU1,189.0
518,R2,SKU1,111.0
518,R3,SKU1,289.0
519,Supplier,SKU1,0.0
519,W1,SKU1,324.0
519,W2,SKU1,289.0
519,R1,SKU1,212.0
519,R2,SKU1,123.0
519,R3,SKU1,278.0
520,Supplier,SKU1,0.0
520,W1,SKU1,311.0
520,W2,SKU1,278.0
520,R1,SKU1,159.0
520,R2,SKU1,76.0
520,R3,SKU1,267.0
521,Supplier,SKU1,0.0
521,W1,SKU1,246.0
521,W2,SKU1,267.0
521,R1,SKU1,164.0
521,R2,SKU1,104.0
521,R3,SKU1,273.0
522,Supplier,SKU1,0.0
522,W1,SKU1,257.0
522,W2,SKU1,273.0
522,R1,SKU1,169.0
522,R2,SKU1,132.0
522,R3,SKU1,318.0
523,Supplier,SKU1,0.0
523,W1,SKU1,301.0
523,W2,SKU1,318.0
523,R1,SKU1,171.0
523,R2,SKU1,97.0
523,R3,SKU1,276.0
524,Supplier,SKU1,0.0
524,W1,SKU1,269.0
524,W2,SKU1,294.0
524,R1,SKU1,182.0
524,R2,SKU1,101.0
524,R3,SKU1,378.0
525,Supplier,SKU1,0.0
525,W1,SKU1,282.0
525,W2,SKU1,372.0
525,R1,SKU1,205.0
525,R2,SKU1,112.0
525,R3,SKU1,442.0
526,Supplier,SKU1,0.0
526,W1,SKU1,317.0
526,W2,SKU1,430.0
526,R1,SKU1,196.0
526,R2,SKU1,110.0
526,R3,SKU1,441.0
527,Supplier,SKU1,0.0
527,W1,SKU1,323.0
527,W2,SKU1,441.0
527,R1,SKU1,152.0
527,R2,SKU1,118.0
527,R3,SKU1,340.0
528,Supplier,SKU1,0.0
528,W1,SKU1,253.0
528,W2,SKU1,340.0
528,R1,SKU1,139.0
528,R2,SKU1,82.0
528,R3,SKU1,274.0
529,Supplier,SKU1,0.0
529,W1,SKU1,221.0
529,W2,SKU1,274.0
529,R1,SKU1,147.0
529,R2,SKU1,94.0
529,R3,SKU1,217.0
530,Supplier,SKU1,0.0
530,W1,SKU1,262.0
530,W2,SKU1,217.0
530,R1,SKU1,161.0
530,R2,SKU1,110.0
530,R3,SKU1,135.0
531,Supplier,SKU1,0.0
531,W1,SKU1,250.0
531,W2,SKU1,152.0
531,R1,SKU1,156.0
531,R2,SKU1,113.0
531,R3,SKU1,72.0
532,Supplier,SKU1,0.0
532,W1,SKU1,269.0
532,W2,SKU1,55.0
532,R1,SKU1,228.0
532,R2,SKU1,123.0
532,R3,SKU1,11.0
533,Supplier,SKU1,0.0
533,W1,SKU1,351.0
533,W2,SKU1,11.0
533,R1,SKU1,215.0
533,R2,SKU1,91.0
533,R3,SKU1,246.0
534,Supplier,SKU1,0.0
534,W1,SKU1,306.0
534,W2,SKU1,257.0
534,R1,SKU1,161.0
534,R2,SKU1,89.0
534,R3,SKU1,256.0
535,Supplier,SKU1,0.0
535,W1,SKU1,256.0
535,W2,SKU1,245.0
535,R1,SKU1,115.0
535,R2,SKU1,71.0
535,R3,SKU1,219.0
536,Supplier,SKU1,0.0
536,W1,SKU1,180.0
536,W2,SKU1,219.0
536,R1,SKU1,141.0
536,R2,SKU1,94.0
536,R3,SKU1,209.0
537,Supplier,SKU1,0.0
537,W1,SKU1,235.0
537,W2,SKU1,228.0
537,R1,SKU1,131.0
537,R2,SKU1,108.0
537,R3,SKU1,204.0
538,Supplier,SKU1,0.0
538,W1,SKU1,239.0
538,W2,SKU1,185.0
538,R1,SKU1,153.0
538,R2,SKU1,115.0
538,R3,SKU1,323.0
539,Supplier,SKU1,0.0
539,W1,SKU1,268.0
539,W2,SKU1,323.0
539,R1,SKU1,230.0
539,R2,SKU1,141.0
539,R3,SKU1,344.0
540,Supplier,SKU1,0.0
540,W1,SKU1,371.0
540,W2,SKU1,367.0
540,R1,SKU1,181.0
540,R2,SKU1,105.0
540,R3,SKU1,299.0
541,Supplier,SKU1,0.0
541,W1,SKU1,286.0
541,W2,SKU1,276.0
541,R1,SKU1,125.0
541,R2,SKU1,95.0
541,R3,SKU1,216.0
542,Supplier,SKU1,0.0
542,W1,SKU1,220.0
542,W2,SKU1,216.0
542,R1,SKU1,132.0
542,R2,SKU1,97.0
542,R3,SKU1,232.0
543,Supplier,SKU1,0.0
543,W1,SKU1,249.0
543,W2,SKU1,248.0
543,R1,SKU1,133.0
543,R2,SKU1,89.0
543,R3,SKU1,185.0
544,Supplier,SKU1,0.0
544,W1,SKU1,202.0
544,W2,SKU1,169.0
544,R1,SKU1,126.0
544,R2,SKU1,81.0
544,R3,SKU1,193.0
545,Supplier,SKU1,0.0
545,W1,SKU1,209.0
545,W2,SKU1,193.0
545,R1,SKU1,163.0
545,R2,SKU1,92.0
545,R3,SKU1,267.0
546,Supplier,SKU1,0.0
546,W1,SKU1,264.0
546,W2,SKU1,267.0
546,R1,SKU1,195.0
546,R2,SKU1,97.0
546,R3,SKU1,294.0
547,Supplier,SKU1,0.0
547,W1,SKU1,281.0
547,W2,SKU1,294.0
547,R1,SKU1,187.0
547,R2,SKU1,98.0
547,R3,SKU1,315.0
548,Supplier,SKU1,0.0
548,W1,SKU1,285.0
548,W2,SKU1,315.0
548,R1,SKU1,152.0
548,R2,SKU1,104.0
548,R3,SKU1,240.0
549,Supplier,SKU1,0.0
549,W1,SKU1,256.0
549,W2,SKU1,255.0
549,R1,SKU1,136.0
549,R2,SKU1,103.0
549,R3,SKU1,229.0
550,Supplier,SKU1,0.0
550,W1,SKU1,239.0
550,W2,SKU1,214.0
550,R1,SKU1,170.0
550,R2,SKU1,110.0
550,R3,SKU1,242.0
551,Supplier,SKU1,0.0
551,W1,SKU1,280.0
551,W2,SKU1,256.0
551,R1,SKU1,174.0
551,R2,SKU1,119.0
551,R3,SKU1,273.0
552,Supplier,SKU1,0.0
552,W1,SKU1,293.0
552,W2,SKU1,259.0
552,R1,SKU1,172.0
552,R2,SKU1,129.0
552,R3,SKU1,336.0
553,Supplier,SKU1,0.0
553,W1,SKU1,301.0
553,W2,SKU1,336.0
553,R1,SKU1,226.0
553,R2,SKU1,126.0
553,R3,SKU1,442.0
554,Supplier,SKU1,0.0
554,W1,SKU1,353.0
554,W2,SKU1,442.0
554,R1,SKU1,244.0
554,R2,SKU1,122.0
554,R3,SKU1,493.0
555,Supplier,SKU1,0.0
555,W1,SKU1,365.0
555,W2,SKU1,493.0
555,R1,SKU1,174.0
555,R2,SKU1,194.0
555,R3,SKU1,454.0
556,Supplier,SKU1,0.0
556,W1,SKU1,368.0
556,W2,SKU1,454.0
556,R1,SKU1,198.0
556,R2,SKU1,223.0
556,R3,SKU1,417.0
557,Supplier,SKU1,0.0
557,W1,SKU1,421.0
557,W2,SKU1,417.0
557,R1,SKU1,146.0
557,R2,SKU1,258.0
557,R3,SKU1,456.0
558,Supplier,SKU1,0.0
558,W1,SKU1,425.0
558,W2,SKU1,473.0
558,R1,SKU1,193.0
558,R2,SKU1,229.0
558,R3,SKU1,457.0
559,Supplier,SKU1,0.0
559,W1,SKU1,401.0
559,W2,SKU1,440.0
559,R1,SKU1,209.0
559,R2,SKU1,262.0
559,R3,SKU1,474.0
560,Supplier,SKU1,0.0
560,W1,SKU1,472.0
560,W2,SKU1,474.0
560,R1,SKU1,279.0
560,R2,SKU1,250.0
560,R3,SKU1,550.0
561,Supplier,SKU1,0.0
561,W1,SKU1,528.0
561,W2,SKU1,550.0
561,R1,SKU1,277.0
561,R2,SKU1,303.0
561,R3,SKU1,472.0
562,Supplier,SKU1,0.0
562,W1,SKU1,580.0
562,W2,SKU1,472.0
562,R1,SKU1,166.0
562,R2,SKU1,321.0
562,R3,SKU1,253.0
563,Supplier,SKU1,0.0
563,W1,SKU1,487.0
563,W2,SKU1,253.0
563,R1,SKU1,148.0
563,R2,SKU1,222.0
563,R3,SKU1,31.0
564,Supplier,SKU1,0.0
564,W1,SKU1,370.0
564,W2,SKU1,31.0
564,R1,SKU1,194.0
564,R2,SKU1,35.0
564,R3,SKU1,0.0
565,Supplier,SKU1,0.0
565,W1,SKU1,229.0
565,W2,SKU1,0.0
565,R1,SKU1,186.0
565,R2,SKU1,0.0
565,R3,SKU1,160.0
566,Supplier,SKU1,0.0
566,W1,SKU1,186.0
566,W2,SKU1,160.0
566,R1,SKU1,194.0
566,R2,SKU1,0.0
566,R3,SKU1,0.0
567,Supplier,SKU1,0.0
567,W1,SKU1,194.0
567,W2,SKU1,0.0
567,R1,SKU1,250.0
567,R2,SKU1,0.0
567,R3,SKU1,0.0
568,Supplier,SKU1,0.0
568,W1,SKU1,250.0
568,W2,SKU1,0.0
568,R1,SKU1,273.0
568,R2,SKU1,0.0
568,R3,SKU1,390.0
569,Supplier,SKU1,0.0
569,W1,SKU1,273.0
569,W2,SKU1,390.0
569,R1,SKU1,155.0
569,R2,SKU1,0.0
569,R3,SKU1,158.0
570,Supplier,SKU1,0.0
570,W1,SKU1,155.0
570,W2,SKU1,158.0
570,R1,SKU1,177.0
570,R2,SKU1,0.0
570,R3,SKU1,235.0
571,Supplier,SKU1,0.0
571,W1,SKU1,177.0
571,W2,SKU1,235.0
571,R1,SKU1,133.0
571,R2,SKU1,0.0
571,R3,SKU1,217.0
572,Supplier,SKU1,0.0
572,W1,SKU1,133.0
572,W2,SKU1,217.0
572,R1,SKU1,154.0
572,R2,SKU1,0.0
572,R3,SKU1,252.0
573,Supplier,SKU1,0.0
573,W1,SKU1,154.0
573,W2,SKU1,269.0
573,R1,SKU1,154.0
573,R2,SKU1,0.0
573,R3,SKU1,278.0
574,Supplier,SKU1,0.0
574,W1,SKU1,154.0
574,W2,SKU1,261.0
574,R1,SKU1,220.0
574,R2,SKU1,0.0
574,R3,SKU1,377.0
575,Supplier,SKU1,0.0
575,W1,SKU1,220.0
575,W2,SKU1,377.0
575,R1,SKU1,309.0
575,R2,SKU1,107.0
575,R3,SKU1,483.0
576,Supplier,SKU1,0.0
576,W1,SKU1,436.0
576,W2,SKU1,483.0
576,R1,SKU1,150.0
576,R2,SKU1,99.0
576,R3,SKU1,366.0
577,Supplier,SKU1,0.0
577,W1,SKU1,229.0
577,W2,SKU1,366.0
577,R1,SKU1,168.0
577,R2,SKU1,75.0
577,R3,SKU1,438.0
578,Supplier,SKU1,0.0
578,W1,SKU1,243.0
578,W2,SKU1,438.0
578,R1,SKU1,144.0
578,R2,SKU1,81.0
578,R3,SKU1,456.0
579,Supplier,SKU1,0.0
579,W1,SKU1,225.0
579,W2,SKU1,456.0
579,R1,SKU1,109.0
579,R2,SKU1,100.0
579,R3,SKU1,519.0
580,Supplier,SKU1,0.0
580,W1,SKU1,209.0
580,W2,SKU1,519.0
580,R1,SKU1,167.0
580,R2,SKU1,114.0
580,R3,SKU1,520.0
581,Supplier,SKU1,0.0
581,W1,SKU1,290.0
581,W2,SKU1,539.0
581,R1,SKU1,243.0
581,R2,SKU1,156.0
581,R3,SKU1,610.0
582,Supplier,SKU1,0.0
582,W1,SKU1,390.0
582,W2,SKU1,591.0
582,R1,SKU1,244.0
582,R2,SKU1,116.0
582,R3,SKU1,582.0
583,Supplier,SKU1,0.0
583,W1,SKU1,360.0
583,W2,SKU1,582.0
583,R1,SKU1,233.0
583,R2,SKU1,149.0
583,R3,SKU1,433.0
584,Supplier,SKU1,0.0
584,W1,SKU1,382.0
584,W2,SKU1,433.0
584,R1,SKU1,173.0
584,R2,SKU1,191.0
584,R3,SKU1,328.0
585,Supplier,SKU1,0.0
585,W1,SKU1,364.0
585,W2,SKU1,328.0
585,R1,SKU1,166.0
585,R2,SKU1,248.0
585,R3,SKU1,96.0
586,Supplier,SKU1,0.0
586,W1,SKU1,414.0
586,W2,SKU1,96.0
586,R1,SKU1,149.0
586,R2,SKU1,297.0
586,R3,SKU1,0.0
587,Supplier,SKU1,0.0
587,W1,SKU1,460.0
587,W2,SKU1,0.0
587,R1,SKU1,158.0
587,R2,SKU1,259.0
587,R3,SKU1,174.0
588,Supplier,SKU1,0.0
588,W1,SKU1,403.0
588,W2,SKU1,174.0
588,R1,SKU1,214.0
588,R2,SKU1,162.0
588,R3,SKU1,0.0
589,Supplier,SKU1,0.0
589,W1,SKU1,379.0
589,W2,SKU1,0.0
589,R1,SKU1,250.0
589,R2,SKU1,135.0
589,R3,SKU1,0.0
590,Supplier,SKU1,0.0
590,W1,SKU1,382.0
590,W2,SKU1,0.0
590,R1,SKU1,120.0
590,R2,SKU1,130.0
590,R3,SKU1,2.0
591,Supplier,SKU1,0.0
591,W1,SKU1,250.0
591,W2,SKU1,2.0
591,R1,SKU1,159.0
591,R2,SKU1,0.0
591,R3,SKU1,0.0
592,Supplier,SKU1,0.0
592,W1,SKU1,159.0
592,W2,SKU1,2.0
592,R1,SKU1,133.0
592,R2,SKU1,0.0
592,R3,SKU1,50.0
593,Supplier,SKU1,0.0
593,W1,SKU1,133.0
593,W2,SKU1,52.0
593,R1,SKU1,170.0
593,R2,SKU1,0.0
593,R3,SKU1,224.0
594,Supplier,SKU1,0.0
594,W1,SKU1,170.0
594,W2,SKU1,220.0
594,R1,SKU1,191.0
594,R2,SKU1,0.0
594,R3,SKU1,278.0
595,Supplier,SKU1,0.0
595,W1,SKU1,191.0
595,W2,SKU1,298.0
595,R1,SKU1,243.0
595,R2,SKU1,0.0
595,R3,SKU1,324.0
596,Supplier,SKU1,0.0
596,W1,SKU1,243.0
596,W2,SKU1,322.0
596,R1,SKU1,195.0
596,R2,SKU1,0.0
596,R3,SKU1,338.0
597,Supplier,SKU1,0.0
597,W1,SKU1,195.0
597,W2,SKU1,320.0
597,R1,SKU1,146.0
597,R2,SKU1,57.0
597,R3,SKU1,246.0
598,Supplier,SKU1,0.0
598,W1,SKU1,203.0
598,W2,SKU1,266.0
598,R1,SKU1,146.0
598,R2,SKU1,83.0
598,R3,SKU1,196.0
599,Supplier,SKU1,0.0
599,W1,SKU1,232.0
599,W2,SKU1,176.0
599,R1,SKU1,154.0
599,R2,SKU1,79.0
599,R3,SKU1,179.0
600,Supplier,SKU1,0.0
600,W1,SKU1,230.0
600,W2,SKU1,179.0
600,R1,SKU1,146.0
600,R2,SKU1,91.0
600,R3,SKU1,222.0
601,Supplier,SKU1,0.0
601,W1,SKU1,237.0
601,W2,SKU1,222.0
601,R1,SKU1,171.0
601,R2,SKU1,97.0
601,R3,SKU1,233.0
602,Supplier,SKU1,0.0
602,W1,SKU1,268.0
602,W2,SKU1,255.0
602,R1,SKU1,208.0
602,R2,SKU1,125.0
602,R3,SKU1,293.0
603,Supplier,SKU1,0.0
603,W1,SKU1,333.0
603,W2,SKU1,271.0
603,R1,SKU1,209.0
603,R2,SKU1,125.0
603,R3,SKU1,303.0
604,Supplier,SKU1,0.0
604,W1,SKU1,334.0
604,W2,SKU1,303.0
604,R1,SKU1,157.0
604,R2,SKU1,91.0
604,R3,SKU1,205.0
605,Supplier,SKU1,0.0
605,W1,SKU1,248.0
605,W2,SKU1,208.0
605,R1,SKU1,122.0
605,R2,SKU1,83.0
605,R3,SKU1,231.0
606,Supplier,SKU1,0.0
606,W1,SKU1,205.0
606,W2,SKU1,239.0
606,R1,SKU1,157.0
606,R2,SKU1,94.0
606,R3,SKU1,192.0
607,Supplier,SKU1,0.0
607,W1,SKU1,256.0
607,W2,SKU1,181.0
607,R1,SKU1,95.0
607,R2,SKU1,80.0
607,R3,SKU1,198.0
608,Supplier,SKU1,0.0
608,W1,SKU1,170.0
608,W2,SKU1,198.0
608,R1,SKU1,157.0
608,R2,SKU1,82.0
608,R3,SKU1,265.0
609,Supplier,SKU1,0.0
609,W1,SKU1,239.0
609,W2,SKU1,265.0
609,R1,SKU1,172.0
609,R2,SKU1,137.0
609,R3,SKU1,278.0
610,Supplier,SKU1,0.0
610,W1,SKU1,309.0
610,W2,SKU1,278.0
610,R1,SKU1,220.0
610,R2,SKU1,128.0
610,R3,SKU1,270.0
611,Supplier,SKU1,0.0
611,W1,SKU1,357.0
611,W2,SKU1,270.0
611,R1,SKU1,184.0
611,R2,SKU1,94.0
611,R3,SKU1,234.0
612,Supplier,SKU1,0.0
612,W1,SKU1,269.0
612,W2,SKU1,234.0
612,R1,SKU1,144.0
612,R2,SKU1,109.0
612,R3,SKU1,234.0
613,Supplier,SKU1,0.0
613,W1,SKU1,253.0
613,W2,SKU1,234.0
613,R1,SKU1,166.0
613,R2,SKU1,128.0
613,R3,SKU1,234.0
614,Supplier,SKU1,0.0
614,W1,SKU1,294.0
614,W2,SKU1,234.0
614,R1,SKU1,172.0
614,R2,SKU1,102.0
614,R3,SKU1,237.0
615,Supplier,SKU1,0.0
615,W1,SKU1,274.0
615,W2,SKU1,237.0
615,R1,SKU1,182.0
615,R2,SKU1,116.0
615,R3,SKU1,269.0
616,Supplier,SKU1,0.0
616,W1,SKU1,298.0
616,W2,SKU1,269.0
616,R1,SKU1,231.0
616,R2,SKU1,148.0
616,R3,SKU1,366.0
617,Supplier,SKU1,0.0
617,W1,SKU1,379.0
617,W2,SKU1,366.0
617,R1,SKU1,240.0
617,R2,SKU1,94.0
617,R3,SKU1,292.0
618,Supplier,SKU1,0.0
618,W1,SKU1,334.0
618,W2,SKU1,292.0
618,R1,SKU1,147.0
618,R2,SKU1,147.0
618,R3,SKU1,245.0
619,Supplier,SKU1,0.0
619,W1,SKU1,294.0
619,W2,SKU1,245.0
619,R1,SKU1,157.0
619,R2,SKU1,147.0
619,R3,SKU1,233.0
620,Supplier,SKU1,0.0
620,W1,SKU1,304.0
620,W2,SKU1,233.0
620,R1,SKU1,128.0
620,R2,SKU1,104.0
620,R3,SKU1,228.0
621,Supplier,SKU1,0.0
621,W1,SKU1,236.0
621,W2,SKU1,228.0
621,R1,SKU1,141.0
621,R2,SKU1,42.0
621,R3,SKU1,245.0
622,Supplier,SKU1,0.0
622,W1,SKU1,179.0
622,W2,SKU1,245.0
622,R1,SKU1,191.0
622,R2,SKU1,0.0
622,R3,SKU1,305.0
623,Supplier,SKU1,0.0
623,W1,SKU1,191.0
623,W2,SKU1,305.0
623,R1,SKU1,254.0
623,R2,SKU1,106.0
623,R3,SKU1,394.0
624,Supplier,SKU1,0.0
624,W1,SKU1,360.0
624,W2,SKU1,399.0
624,R1,SKU1,226.0
624,R2,SKU1,125.0
624,R3,SKU1,360.0
625,Supplier,SKU1,0.0
625,W1,SKU1,351.0
625,W2,SKU1,359.0
625,R1,SKU1,165.0
625,R2,SKU1,84.0
625,R3,SKU1,298.0
626,Supplier,SKU1,0.0
626,W1,SKU1,249.0
626,W2,SKU1,294.0
626,R1,SKU1,137.0
626,R2,SKU1,98.0
626,R3,SKU1,256.0
627,Supplier,SKU1,0.0
627,W1,SKU1,235.0
627,W2,SKU1,256.0
627,R1,SKU1,148.0
627,R2,SKU1,97.0
627,R3,SKU1,258.0
628,Supplier,SKU1,0.0
628,W1,SKU1,245.0
628,W2,SKU1,258.0
628,R1,SKU1,171.0
628,R2,SKU1,121.0
628,R3,SKU1,248.0
629,Supplier,SKU1,0.0
629,W1,SKU1,292.0
629,W2,SKU1,248.0
629,R1,SKU1,166.0
629,R2,SKU1,124.0
629,R3,SKU1,258.0
630,Supplier,SKU1,0.0
630,W1,SKU1,290.0
630,W2,SKU1,258.0
630,R1,SKU1,235.0
630,R2,SKU1,83.0
630,R3,SKU1,270.0
631,Supplier,SKU1,0.0
631,W1,SKU1,318.0
631,W2,SKU1,270.0
631,R1,SKU1,198.0
631,R2,SKU1,78.0
631,R3,SKU1,195.0
632,Supplier,SKU1,0.0
632,W1,SKU1,294.0
632,W2,SKU1,195.0
632,R1,SKU1,162.0
632,R2,SKU1,73.0
632,R3,SKU1,133.0
633,Supplier,SKU1,0.0
633,W1,SKU1,229.0
633,W2,SKU1,133.0
633,R1,SKU1,143.0
633,R2,SKU1,90.0
633,R3,SKU1,255.0
634,Supplier,SKU1,0.0
634,W1,SKU1,221.0
634,W2,SKU1,255.0
634,R1,SKU1,109.0
634,R2,SKU1,78.0
634,R3,SKU1,194.0
635,Supplier,SKU1,0.0
635,W1,SKU1,208.0
635,W2,SKU1,194.0
635,R1,SKU1,118.0
635,R2,SKU1,84.0
635,R3,SKU1,255.0
636,Supplier,SKU1,0.0
636,W1,SKU1,181.0
636,W2,SKU1,255.0
636,R1,SKU1,162.0
636,R2,SKU1,110.0
636,R3,SKU1,244.0
637,Supplier,SKU1,0.0
637,W1,SKU1,272.0
637,W2,SKU1,244.0
637,R1,SKU1,190.0
637,R2,SKU1,133.0
637,R3,SKU1,320.0
638,Supplier,SKU1,0.0
638,W1,SKU1,323.0
638,W2,SKU1,320.0
638,R1,SKU1,176.0
638,R2,SKU1,134.0
638,R3,SKU1,293.0
639,Supplier,SKU1,0.0
639,W1,SKU1,333.0
639,W2,SKU1,313.0
639,R1,SKU1,102.0
639,R2,SKU1,90.0
639,R3,SKU1,184.0
640,Supplier,SKU1,0.0
640,W1,SKU1,169.0
640,W2,SKU1,164.0
640,R1,SKU1,155.0
640,R2,SKU1,89.0
640,R3,SKU1,211.0
641,Supplier,SKU1,0.0
641,W1,SKU1,244.0
641,W2,SKU1,211.0
641,R1,SKU1,126.0
641,R2,SKU1,84.0
641,R3,SKU1,240.0
642,Supplier,SKU1,0.0
642,W1,SKU1,210.0
642,W2,SKU1,251.0
642,R1,SKU1,152.0
642,R2,SKU1,112.0
642,R3,SKU1,235.0
643,Supplier,SKU1,0.0
643,W1,SKU1,274.0
643,W2,SKU1,224.0
643,R1,SKU1,156.0
643,R2,SKU1,114.0
643,R3,SKU1,294.0
644,Supplier,SKU1,0.0
644,W1,SKU1,260.0
644,W2,SKU1,318.0
644,R1,SKU1,230.0
644,R2,SKU1,133.0
644,R3,SKU1,333.0
645,Supplier,SKU1,0.0
645,W1,SKU1,363.0
645,W2,SKU1,309.0
645,R1,SKU1,226.0
645,R2,SKU1,114.0
645,R3,SKU1,310.0
646,Supplier,SKU1,0.0
646,W1,SKU1,340.0
646,W2,SKU1,319.0
646,R1,SKU1,154.0
646,R2,SKU1,111.0
646,R3,SKU1,232.0
647,Supplier,SKU1,0.0
647,W1,SKU1,265.0
647,W2,SKU1,223.0
647,R1,SKU1,118.0
647,R2,SKU1,75.0
647,R3,SKU1,206.0
648,Supplier,SKU1,0.0
648,W1,SKU1,193.0
648,W2,SKU1,229.0
648,R1,SKU1,156.0
648,R2,SKU1,99.0
648,R3,SKU1,228.0
649,Supplier,SKU1,0.0
649,W1,SKU1,255.0
649,W2,SKU1,205.0
649,R1,SKU1,115.0
649,R2,SKU1,92.0
649,R3,SKU1,210.0
650,Supplier,SKU1,0.0
650,W1,SKU1,207.0
650,W2,SKU1,215.0
650,R1,SKU1,183.0
650,R2,SKU1,114.0
650,R3,SKU1,273.0
651,Supplier,SKU1,0.0
651,W1,SKU1,304.0
651,W2,SKU1,288.0
651,R1,SKU1,214.0
651,R2,SKU1,129.0
651,R3,SKU1,307.0
652,Supplier,SKU1,0.0
652,W1,SKU1,347.0
652,W2,SKU1,295.0
652,R1,SKU1,254.0
652,R2,SKU1,96.0
652,R3,SKU1,330.0
653,Supplier,SKU1,0.0
653,W1,SKU1,339.0
653,W2,SKU1,325.0
653,R1,SKU1,121.0
653,R2,SKU1,85.0
653,R3,SKU1,196.0
654,Supplier,SKU1,0.0
654,W1,SKU1,206.0
654,W2,SKU1,193.0
654,R1,SKU1,151.0
654,R2,SKU1,93.0
654,R3,SKU1,165.0
655,Supplier,SKU1,0.0
655,W1,SKU1,250.0
655,W2,SKU1,165.0
655,R1,SKU1,120.0
655,R2,SKU1,71.0
655,R3,SKU1,182.0
656,Supplier,SKU1,0.0
656,W1,SKU1,185.0
656,W2,SKU1,182.0
656,R1,SKU1,152.0
656,R2,SKU1,99.0
656,R3,SKU1,251.0
657,Supplier,SKU1,0.0
657,W1,SKU1,251.0
657,W2,SKU1,251.0
657,R1,SKU1,140.0
657,R2,SKU1,91.0
657,R3,SKU1,250.0
658,Supplier,SKU1,0.0
658,W1,SKU1,231.0
658,W2,SKU1,250.0
658,R1,SKU1,229.0
658,R2,SKU1,109.0
658,R3,SKU1,327.0
659,Supplier,SKU1,0.0
659,W1,SKU1,338.0
659,W2,SKU1,327.0
659,R1,SKU1,229.0
659,R2,SKU1,129.0
659,R3,SKU1,311.0
660,Supplier,SKU1,0.0
660,W1,SKU1,358.0
660,W2,SKU1,311.0
660,R1,SKU1,141.0
660,R2,SKU1,85.0
660,R3,SKU1,274.0
661,Supplier,SKU1,0.0
661,W1,SKU1,226.0
661,W2,SKU1,285.0
661,R1,SKU1,149.0
661,R2,SKU1,106.0
661,R3,SKU1,228.0
662,Supplier,SKU1,0.0
662,W1,SKU1,255.0
662,W2,SKU1,217.0
662,R1,SKU1,165.0
662,R2,SKU1,126.0
662,R3,SKU1,349.0
663,Supplier,SKU1,0.0
663,W1,SKU1,291.0
663,W2,SKU1,366.0
663,R1,SKU1,311.0
663,R2,SKU1,153.0
663,R3,SKU1,581.0
664,Supplier,SKU1,0.0
664,W1,SKU1,464.0
664,W2,SKU1,564.0
664,R1,SKU1,314.0
664,R2,SKU1,293.0
664,R3,SKU1,708.0
665,Supplier,SKU1,0.0
665,W1,SKU1,607.0
665,W2,SKU1,708.0
665,R1,SKU1,180.0
665,R2,SKU1,379.0
665,R3,SKU1,757.0
666,Supplier,SKU1,0.0
666,W1,SKU1,566.0
666,W2,SKU1,765.0
666,R1,SKU1,175.0
666,R2,SKU1,310.0
666,R3,SKU1,730.0
667,Supplier,SKU1,0.0
667,W1,SKU1,478.0
667,W2,SKU1,722.0
667,R1,SKU1,129.0
667,R2,SKU1,338.0
667,R3,SKU1,659.0
668,Supplier,SKU1,0.0
668,W1,SKU1,467.0
668,W2,SKU1,681.0
668,R1,SKU1,115.0
668,R2,SKU1,309.0
668,R3,SKU1,542.0
669,Supplier,SKU1,0.0
669,W1,SKU1,424.0
669,W2,SKU1,523.0
669,R1,SKU1,108.0
669,R2,SKU1,185.0
669,R3,SKU1,509.0
670,Supplier,SKU1,0.0
670,W1,SKU1,317.0
670,W2,SKU1,506.0
670,R1,SKU1,140.0
670,R2,SKU1,0.0
670,R3,SKU1,304.0
671,Supplier,SKU1,0.0
671,W1,SKU1,116.0
671,W2,SKU1,310.0
671,R1,SKU1,125.0
671,R2,SKU1,0.0
671,R3,SKU1,0.0
672,Supplier,SKU1,0.0
672,W1,SKU1,141.0
672,W2,SKU1,10.0
672,R1,SKU1,235.0
672,R2,SKU1,0.0
672,R3,SKU1,315.0
673,Supplier,SKU1,0.0
673,W1,SKU1,219.0
673,W2,SKU1,299.0
673,R1,SKU1,225.0
673,R2,SKU1,0.0
673,R3,SKU1,0.0
674,Supplier,SKU1,0.0
674,W1,SKU1,244.0
674,W2,SKU1,0.0
674,R1,SKU1,176.0
674,R2,SKU1,0.0
674,R3,SKU1,0.0
675,Supplier,SKU1,0.0
675,W1,SKU1,157.0
675,W2,SKU1,0.0
675,R1,SKU1,139.0
675,R2,SKU1,0.0
675,R3,SKU1,0.0
676,Supplier,SKU1,0.0
676,W1,SKU1,139.0
676,W2,SKU1,0.0
676,R1,SKU1,138.0
676,R2,SKU1,0.0
676,R3,SKU1,0.0
677,Supplier,SKU1,0.0
677,W1,SKU1,138.0
677,W2,SKU1,0.0
677,R1,SKU1,164.0
677,R2,SKU1,0.0
677,R3,SKU1,123.0
678,Supplier,SKU1,0.0
678,W1,SKU1,164.0
678,W2,SKU1,123.0
678,R1,SKU1,217.0
678,R2,SKU1,0.0
678,R3,SKU1,0.0
679,Supplier,SKU1,0.0
679,W1,SKU1,217.0
679,W2,SKU1,23.0
679,R1,SKU1,256.0
679,R2,SKU1,0.0
679,R3,SKU1,0.0
680,Supplier,SKU1,0.0
680,W1,SKU1,273.0
680,W2,SKU1,0.0
680,R1,SKU1,229.0
680,R2,SKU1,0.0
680,R3,SKU1,0.0
681,Supplier,SKU1,0.0
681,W1,SKU1,212.0
681,W2,SKU1,0.0
681,R1,SKU1,160.0
681,R2,SKU1,48.0
681,R3,SKU1,0.0
682,Supplier,SKU1,0.0
682,W1,SKU1,220.0
682,W2,SKU1,0.0
682,R1,SKU1,133.0
682,R2,SKU1,93.0
682,R3,SKU1,189.0
683,Supplier,SKU1,0.0
683,W1,SKU1,214.0
683,W2,SKU1,166.0
683,R1,SKU1,156.0
683,R2,SKU1,95.0
683,R3,SKU1,223.0
684,Supplier,SKU1,0.0
684,W1,SKU1,265.0
684,W2,SKU1,223.0
684,R1,SKU1,166.0
684,R2,SKU1,96.0
684,R3,SKU1,248.0
685,Supplier,SKU1,0.0
685,W1,SKU1,248.0
685,W2,SKU1,271.0
685,R1,SKU1,244.0
685,R2,SKU1,100.0
685,R3,SKU1,245.0
686,Supplier,SKU1,0.0
686,W1,SKU1,344.0
686,W2,SKU1,222.0
686,R1,SKU1,250.0
686,R2,SKU1,127.0
686,R3,SKU1,380.0
687,Supplier,SKU1,0.0
687,W1,SKU1,377.0
687,W2,SKU1,402.0
687,R1,SKU1,277.0
687,R2,SKU1,143.0
687,R3,SKU1,325.0
688,Supplier,SKU1,0.0
688,W1,SKU1,420.0
688,W2,SKU1,327.0
688,R1,SKU1,152.0
688,R2,SKU1,243.0
688,R3,SKU1,217.0
689,Supplier,SKU1,0.0
689,W1,SKU1,415.0
689,W2,SKU1,193.0
689,R1,SKU1,164.0
689,R2,SKU1,295.0
689,R3,SKU1,256.0
690,Supplier,SKU1,0.0
690,W1,SKU1,439.0
690,W2,SKU1,256.0
690,R1,SKU1,193.0
690,R2,SKU1,305.0
690,R3,SKU1,315.0
691,Supplier,SKU1,0.0
691,W1,SKU1,498.0
691,W2,SKU1,315.0
691,R1,SKU1,166.0
691,R2,SKU1,359.0
691,R3,SKU1,340.0
692,Supplier,SKU1,0.0
692,W1,SKU1,525.0
692,W2,SKU1,355.0
692,R1,SKU1,205.0
692,R2,SKU1,305.0
692,R3,SKU1,368.0
693,Supplier,SKU1,0.0
693,W1,SKU1,510.0
693,W2,SKU1,353.0
693,R1,SKU1,296.0
693,R2,SKU1,302.0
693,R3,SKU1,622.0
694,Supplier,SKU1,0.0
694,W1,SKU1,608.0
694,W2,SKU1,622.0
694,R1,SKU1,301.0
694,R2,SKU1,361.0
694,R3,SKU1,664.0
695,Supplier,SKU1,0.0
695,W1,SKU1,670.0
695,W2,SKU1,686.0
695,R1,SKU1,199.0
695,R2,SKU1,375.0
695,R3,SKU1,733.0
696,Supplier,SKU1,0.0
696,W1,SKU1,556.0
696,W2,SKU1,719.0
696,R1,SKU1,0.0
696,R2,SKU1,136.0
696,R3,SKU1,540.0
697,Supplier,SKU1,0.0
697,W1,SKU1,136.0
697,W2,SKU1,532.0
697,R1,SKU1,161.0
697,R2,SKU1,0.0
697,R3,SKU1,533.0
698,Supplier,SKU1,0.0
698,W1,SKU1,161.0
698,W2,SKU1,533.0
698,R1,SKU1,136.0
698,R2,SKU1,0.0
698,R3,SKU1,429.0
699,Supplier,SKU1,0.0
699,W1,SKU1,136.0
699,W2,SKU1,429.0
699,R1,SKU1,151.0
699,R2,SKU1,0.0
699,R3,SKU1,271.0
700,Supplier,SKU1,0.0
700,W1,SKU1,151.0
700,W2,SKU1,271.0
700,R1,SKU1,173.0
700,R2,SKU1,0.0
700,R3,SKU1,165.0
701,Supplier,SKU1,0.0
701,W1,SKU1,173.0
701,W2,SKU1,165.0
701,R1,SKU1,148.0
701,R2,SKU1,0.0
701,R3,SKU1,0.0
702,Supplier,SKU1,0.0
702,W1,SKU1,148.0
702,W2,SKU1,0.0
702,R1,SKU1,164.0
702,R2,SKU1,0.0
702,R3,SKU1,19.0
703,Supplier,SKU1,0.0
703,W1,SKU1,164.0
703,W2,SKU1,19.0
703,R1,SKU1,115.0
703,R2,SKU1,0.0
703,R3,SKU1,0.0
704,Supplier,SKU1,0.0
704,W1,SKU1,115.0
704,W2,SKU1,19.0
704,R1,SKU1,136.0
704,R2,SKU1,0.0
704,R3,SKU1,0.0
705,Supplier,SKU1,0.0
705,W1,SKU1,151.0
705,W2,SKU1,0.0
705,R1,SKU1,121.0
705,R2,SKU1,0.0
705,R3,SKU1,0.0
706,Supplier,SKU1,0.0
706,W1,SKU1,106.0
706,W2,SKU1,0.0
706,R1,SKU1,147.0
706,R2,SKU1,0.0
706,R3,SKU1,0.0
707,Supplier,SKU1,0.0
707,W1,SKU1,153.0
707,W2,SKU1,0.0
707,R1,SKU1,182.0
707,R2,SKU1,0.0
707,R3,SKU1,0.0
708,Supplier,SKU1,0.0
708,W1,SKU1,176.0
708,W2,SKU1,0.0
708,R1,SKU1,175.0
708,R2,SKU1,0.0
708,R3,SKU1,0.0
709,Supplier,SKU1,0.0
709,W1,SKU1,175.0
709,W2,SKU1,0.0
709,R1,SKU1,116.0
709,R2,SKU1,0.0
709,R3,SKU1,41.0
710,Supplier,SKU1,0.0
710,W1,SKU1,116.0
710,W2,SKU1,22.0
710,R1,SKU1,128.0
710,R2,SKU1,0.0
710,R3,SKU1,73.0
711,Supplier,SKU1,0.0
711,W1,SKU1,144.0
711,W2,SKU1,95.0
711,R1,SKU1,80.0
711,R2,SKU1,0.0
711,R3,SKU1,158.0
712,Supplier,SKU1,0.0
712,W1,SKU1,64.0
712,W2,SKU1,153.0
712,R1,SKU1,123.0
712,R2,SKU1,0.0
712,R3,SKU1,190.0
713,Supplier,SKU1,0.0
713,W1,SKU1,123.0
713,W2,SKU1,173.0
713,R1,SKU1,163.0
713,R2,SKU1,8.0
713,R3,SKU1,236.0
714,Supplier,SKU1,0.0
714,W1,SKU1,194.0
714,W2,SKU1,236.0
714,R1,SKU1,161.0
714,R2,SKU1,117.0
714,R3,SKU1,288.0
715,Supplier,SKU1,0.0
715,W1,SKU1,272.0
715,W2,SKU1,288.0
715,R1,SKU1,158.0
715,R2,SKU1,103.0
715,R3,SKU1,203.0
716,Supplier,SKU1,0.0
716,W1,SKU1,244.0
716,W2,SKU1,203.0
716,R1,SKU1,98.0
716,R2,SKU1,82.0
716,R3,SKU1,163.0
717,Supplier,SKU1,0.0
717,W1,SKU1,180.0
717,W2,SKU1,166.0
717,R1,SKU1,98.0
717,R2,SKU1,71.0
717,R3,SKU1,176.0
718,Supplier,SKU1,0.0
718,W1,SKU1,169.0
718,W2,SKU1,173.0
718,R1,SKU1,125.0
718,R2,SKU1,86.0
718,R3,SKU1,147.0
719,Supplier,SKU1,0.0
719,W1,SKU1,211.0
719,W2,SKU1,147.0
719,R1,SKU1,137.0
719,R2,SKU1,78.0
719,R3,SKU1,184.0
720,Supplier,SKU1,0.0
720,W1,SKU1,226.0
720,W2,SKU1,184.0
720,R1,SKU1,134.0
720,R2,SKU1,82.0
720,R3,SKU1,199.0
721,Supplier,SKU1,0.0
721,W1,SKU1,205.0
721,W2,SKU1,199.0
721,R1,SKU1,194.0
721,R2,SKU1,129.0
721,R3,SKU1,283.0
722,Supplier,SKU1,0.0
722,W1,SKU1,328.0
722,W2,SKU1,283.0
722,R1,SKU1,144.0
722,R2,SKU1,116.0
722,R3,SKU1,244.0
723,Supplier,SKU1,0.0
723,W1,SKU1,255.0
723,W2,SKU1,244.0
723,R1,SKU1,117.0
723,R2,SKU1,124.0
723,R3,SKU1,184.0
724,Supplier,SKU1,0.0
724,W1,SKU1,241.0
724,W2,SKU1,184.0
724,R1,SKU1,106.0
724,R2,SKU1,90.0
724,R3,SKU1,143.0
725,Supplier,SKU1,0.0
725,W1,SKU1,196.0
725,W2,SKU1,143.0
725,R1,SKU1,104.0
725,R2,SKU1,71.0
725,R3,SKU1,171.0
726,Supplier,SKU1,0.0
726,W1,SKU1,175.0
726,W2,SKU1,171.0
726,R1,SKU1,93.0
726,R2,SKU1,80.0
726,R3,SKU1,197.0
727,Supplier,SKU1,0.0
727,W1,SKU1,173.0
727,W2,SKU1,197.0
727,R1,SKU1,114.0
727,R2,SKU1,98.0
727,R3,SKU1,183.0
728,Supplier,SKU1,0.0
728,W1,SKU1,212.0
728,W2,SKU1,183.0
728,R1,SKU1,169.0
728,R2,SKU1,94.0
728,R3,SKU1,246.0
729,Supplier,SKU1,0.0
729,W1,SKU1,275.0
729,W2,SKU1,246.0
729,R1,SKU1,144.0
729,R2,SKU1,89.0
729,R3,SKU1,230.0
730,Supplier,SKU1,0.0
730,W1,SKU1,221.0
730,W2,SKU1,230.0
730,R1,SKU1,95.0
730,R2,SKU1,70.0
730,R3,SKU1,184.0
731,Supplier,SKU1,0.0
731,W1,SKU1,186.0
731,W2,SKU1,184.0
731,R1,SKU1,95.0
731,R2,SKU1,74.0
731,R3,SKU1,163.0
732,Supplier,SKU1,0.0
732,W1,SKU1,155.0
732,W2,SKU1,163.0
732,R1,SKU1,95.0
732,R2,SKU1,68.0
732,R3,SKU1,152.0
733,Supplier,SKU1,0.0
733,W1,SKU1,156.0
733,W2,SKU1,152.0
733,R1,SKU1,104.0
733,R2,SKU1,82.0
733,R3,SKU1,166.0
734,Supplier,SKU1,0.0
734,W1,SKU1,186.0
734,W2,SKU1,166.0
734,R1,SKU1,169.0
734,R2,SKU1,106.0
734,R3,SKU1,232.0
735,Supplier,SKU1,0.0
735,W1,SKU1,275.0
735,W2,SKU1,232.0
735,R1,SKU1,192.0
735,R2,SKU1,138.0
735,R3,SKU1,285.0
736,Supplier,SKU1,0.0
736,W1,SKU1,330.0
736,W2,SKU1,285.0
736,R1,SKU1,179.0
736,R2,SKU1,121.0
736,R3,SKU1,283.0
737,Supplier,SKU1,0.0
737,W1,SKU1,300.0
737,W2,SKU1,283.0
737,R1,SKU1,110.0
737,R2,SKU1,104.0
737,R3,SKU1,195.0
738,Supplier,SKU1,0.0
738,W1,SKU1,214.0
738,W2,SKU1,195.0
738,R1,SKU1,131.0
738,R2,SKU1,78.0
738,R3,SKU1,224.0
739,Supplier,SKU1,0.0
739,W1,SKU1,223.0
739,W2,SKU1,224.0
739,R1,SKU1,107.0
739,R2,SKU1,100.0
739,R3,SKU1,203.0
740,Supplier,SKU1,0.0
740,W1,SKU1,193.0
740,W2,SKU1,227.0
740,R1,SKU1,128.0
740,R2,SKU1,98.0
740,R3,SKU1,196.0
741,Supplier,SKU1,0.0
741,W1,SKU1,226.0
741,W2,SKU1,172.0
741,R1,SKU1,144.0
741,R2,SKU1,110.0
741,R3,SKU1,232.0
742,Supplier,SKU1,0.0
742,W1,SKU1,254.0
742,W2,SKU1,232.0
742,R1,SKU1,215.0
742,R2,SKU1,139.0
742,R3,SKU1,293.0
743,Supplier,SKU1,0.0
743,W1,SKU1,354.0
743,W2,SKU1,293.0
743,R1,SKU1,194.0
743,R2,SKU1,96.0
743,R3,SKU1,299.0
744,Supplier,SKU1,0.0
744,W1,SKU1,290.0
744,W2,SKU1,299.0
744,R1,SKU1,152.0
744,R2,SKU1,103.0
744,R3,SKU1,205.0
745,Supplier,SKU1,0.0
745,W1,SKU1,255.0
745,W2,SKU1,205.0
745,R1,SKU1,80.0
745,R2,SKU1,117.0
745,R3,SKU1,201.0
746,Supplier,SKU1,0.0
746,W1,SKU1,197.0
746,W2,SKU1,206.0
746,R1,SKU1,82.0
746,R2,SKU1,143.0
746,R3,SKU1,296.0
747,Supplier,SKU1,0.0
747,W1,SKU1,225.0
747,W2,SKU1,302.0
747,R1,SKU1,78.0
747,R2,SKU1,68.0
747,R3,SKU1,239.0
748,Supplier,SKU1,0.0
748,W1,SKU1,146.0
748,W2,SKU1,241.0
748,R1,SKU1,150.0
748,R2,SKU1,100.0
748,R3,SKU1,260.0
749,Supplier,SKU1,0.0
749,W1,SKU1,250.0
749,W2,SKU1,247.0
749,R1,SKU1,200.0
749,R2,SKU1,114.0
749,R3,SKU1,271.0
750,Supplier,SKU1,0.0
750,W1,SKU1,314.0
750,W2,SKU1,271.0
750,R1,SKU1,187.0
750,R2,SKU1,144.0
750,R3,SKU1,329.0
751,Supplier,SKU1,0.0
751,W1,SKU1,345.0
751,W2,SKU1,329.0
751,R1,SKU1,142.0
751,R2,SKU1,77.0
751,R3,SKU1,200.0
752,Supplier,SKU1,0.0
752,W1,SKU1,205.0
752,W2,SKU1,200.0
752,R1,SKU1,112.0
752,R2,SKU1,78.0
752,R3,SKU1,188.0
753,Supplier,SKU1,0.0
753,W1,SKU1,195.0
753,W2,SKU1,188.0
753,R1,SKU1,117.0
753,R2,SKU1,105.0
753,R3,SKU1,187.0
754,Supplier,SKU1,0.0
754,W1,SKU1,217.0
754,W2,SKU1,187.0
754,R1,SKU1,114.0
754,R2,SKU1,105.0
754,R3,SKU1,235.0
755,Supplier,SKU1,0.0
755,W1,SKU1,236.0
755,W2,SKU1,235.0
755,R1,SKU1,134.0
755,R2,SKU1,91.0
755,R3,SKU1,231.0
756,Supplier,SKU1,0.0
756,W1,SKU1,208.0
756,W2,SKU1,231.0
756,R1,SKU1,150.0
756,R2,SKU1,104.0
756,R3,SKU1,313.0
757,Supplier,SKU1,0.0
757,W1,SKU1,262.0
757,W2,SKU1,313.0
757,R1,SKU1,187.0
757,R2,SKU1,99.0
757,R3,SKU1,299.0
758,Supplier,SKU1,0.0
758,W1,SKU1,278.0
758,W2,SKU1,312.0
758,R1,SKU1,109.0
758,R2,SKU1,82.0
758,R3,SKU1,199.0
759,Supplier,SKU1,0.0
759,W1,SKU1,191.0
759,W2,SKU1,186.0
759,R1,SKU1,120.0
759,R2,SKU1,63.0
759,R3,SKU1,168.0
760,Supplier,SKU1,0.0
760,W1,SKU1,183.0
760,W2,SKU1,168.0
760,R1,SKU1,106.0
760,R2,SKU1,85.0
760,R3,SKU1,165.0
761,Supplier,SKU1,0.0
761,W1,SKU1,191.0
761,W2,SKU1,165.0
761,R1,SKU1,113.0
761,R2,SKU1,96.0
761,R3,SKU1,191.0
762,Supplier,SKU1,0.0
762,W1,SKU1,209.0
762,W2,SKU1,191.0
762,R1,SKU1,174.0
762,R2,SKU1,117.0
762,R3,SKU1,245.0
763,Supplier,SKU1,0.0
763,W1,SKU1,300.0
763,W2,SKU1,245.0
763,R1,SKU1,156.0
763,R2,SKU1,145.0
763,R3,SKU1,304.0
764,Supplier,SKU1,0.0
764,W1,SKU1,301.0
764,W2,SKU1,304.0
764,R1,SKU1,216.0
764,R2,SKU1,123.0
764,R3,SKU1,298.0
765,Supplier,SKU1,0.0
765,W1,SKU1,340.0
765,W2,SKU1,302.0
765,R1,SKU1,152.0
765,R2,SKU1,121.0
765,R3,SKU1,232.0
766,Supplier,SKU1,0.0
766,W1,SKU1,263.0
766,W2,SKU1,234.0
766,R1,SKU1,77.0
766,R2,SKU1,88.0
766,R3,SKU1,170.0
767,Supplier,SKU1,0.0
767,W1,SKU1,165.0
767,W2,SKU1,164.0
767,R1,SKU1,146.0
767,R2,SKU1,93.0
767,R3,SKU1,184.0
768,Supplier,SKU1,0.0
768,W1,SKU1,239.0
768,W2,SKU1,184.0
768,R1,SKU1,128.0
768,R2,SKU1,90.0
768,R3,SKU1,202.0
769,Supplier,SKU1,0.0
769,W1,SKU1,218.0
769,W2,SKU1,202.0
769,R1,SKU1,118.0
769,R2,SKU1,122.0
769,R3,SKU1,256.0
770,Supplier,SKU1,0.0
770,W1,SKU1,258.0
770,W2,SKU1,258.0
770,R1,SKU1,183.0
770,R2,SKU1,156.0
770,R3,SKU1,318.0
771,Supplier,SKU1,0.0
771,W1,SKU1,321.0
771,W2,SKU1,316.0
771,R1,SKU1,151.0
771,R2,SKU1,131.0
771,R3,SKU1,268.0
772,Supplier,SKU1,0.0
772,W1,SKU1,303.0
772,W2,SKU1,284.0
772,R1,SKU1,125.0
772,R2,SKU1,105.0
772,R3,SKU1,190.0
773,Supplier,SKU1,0.0
773,W1,SKU1,233.0
773,W2,SKU1,174.0
773,R1,SKU1,129.0
773,R2,SKU1,95.0
773,R3,SKU1,224.0
774,Supplier,SKU1,0.0
774,W1,SKU1,200.0
774,W2,SKU1,224.0
774,R1,SKU1,76.0
774,R2,SKU1,85.0
774,R3,SKU1,259.0
775,Supplier,SKU1,0.0
775,W1,SKU1,161.0
775,W2,SKU1,283.0
775,R1,SKU1,81.0
775,R2,SKU1,81.0
775,R3,SKU1,179.0
776,Supplier,SKU1,0.0
776,W1,SKU1,162.0
776,W2,SKU1,162.0
776,R1,SKU1,113.0
776,R2,SKU1,104.0
776,R3,SKU1,260.0
777,Supplier,SKU1,0.0
777,W1,SKU1,217.0
777,W2,SKU1,253.0
777,R1,SKU1,134.0
777,R2,SKU1,110.0
777,R3,SKU1,336.0
778,Supplier,SKU1,0.0
778,W1,SKU1,261.0
778,W2,SKU1,336.0
778,R1,SKU1,98.0
778,R2,SKU1,90.0
778,R3,SKU1,273.0
779,Supplier,SKU1,0.0
779,W1,SKU1,171.0
779,W2,SKU1,273.0
779,R1,SKU1,57.0
779,R2,SKU1,69.0
779,R3,SKU1,207.0
780,Supplier,SKU1,0.0
780,W1,SKU1,126.0
780,W2,SKU1,207.0
780,R1,SKU1,55.0
780,R2,SKU1,72.0
780,R3,SKU1,180.0
781,Supplier,SKU1,0.0
781,W1,SKU1,127.0
781,W2,SKU1,187.0
781,R1,SKU1,105.0
781,R2,SKU1,73.0
781,R3,SKU1,166.0
782,Supplier,SKU1,0.0
782,W1,SKU1,178.0
782,W2,SKU1,159.0
782,R1,SKU1,125.0
782,R2,SKU1,74.0
782,R3,SKU1,157.0
783,Supplier,SKU1,0.0
783,W1,SKU1,199.0
783,W2,SKU1,157.0
783,R1,SKU1,109.0
783,R2,SKU1,77.0
783,R3,SKU1,227.0
784,Supplier,SKU1,0.0
784,W1,SKU1,186.0
784,W2,SKU1,227.0
784,R1,SKU1,190.0
784,R2,SKU1,102.0
784,R3,SKU1,254.0
785,Supplier,SKU1,0.0
785,W1,SKU1,292.0
785,W2,SKU1,254.0
785,R1,SKU1,154.0
785,R2,SKU1,90.0
785,R3,SKU1,271.0
786,Supplier,SKU1,0.0
786,W1,SKU1,244.0
786,W2,SKU1,271.0
786,R1,SKU1,112.0
786,R2,SKU1,68.0
786,R3,SKU1,192.0
787,Supplier,SKU1,0.0
787,W1,SKU1,180.0
787,W2,SKU1,192.0
787,R1,SKU1,129.0
787,R2,SKU1,85.0
787,R3,SKU1,191.0
788,Supplier,SKU1,0.0
788,W1,SKU1,214.0
788,W2,SKU1,191.0
788,R1,SKU1,117.0
788,R2,SKU1,71.0
788,R3,SKU1,204.0
789,Supplier,SKU1,0.0
789,W1,SKU1,202.0
789,W2,SKU1,204.0
789,R1,SKU1,127.0
789,R2,SKU1,117.0
789,R3,SKU1,176.0
790,Supplier,SKU1,0.0
790,W1,SKU1,246.0
790,W2,SKU1,180.0
790,R1,SKU1,168.0
790,R2,SKU1,103.0
790,R3,SKU1,267.0
791,Supplier,SKU1,0.0
791,W1,SKU1,255.0
791,W2,SKU1,263.0
791,R1,SKU1,218.0
791,R2,SKU1,116.0
791,R3,SKU1,313.0
792,Supplier,SKU1,0.0
792,W1,SKU1,334.0
792,W2,SKU1,313.0
792,R1,SKU1,212.0
792,R2,SKU1,56.0
792,R3,SKU1,301.0
793,Supplier,SKU1,0.0
793,W1,SKU1,268.0
793,W2,SKU1,314.0
793,R1,SKU1,121.0
793,R2,SKU1,94.0
793,R3,SKU1,210.0
794,Supplier,SKU1,0.0
794,W1,SKU1,215.0
794,W2,SKU1,197.0
794,R1,SKU1,128.0
794,R2,SKU1,91.0
794,R3,SKU1,193.0
795,Supplier,SKU1,0.0
795,W1,SKU1,234.0
795,W2,SKU1,193.0
795,R1,SKU1,93.0
795,R2,SKU1,103.0
795,R3,SKU1,187.0
796,Supplier,SKU1,0.0
796,W1,SKU1,181.0
796,W2,SKU1,187.0
796,R1,SKU1,114.0
796,R2,SKU1,88.0
796,R3,SKU1,165.0
797,Supplier,SKU1,0.0
797,W1,SKU1,202.0
797,W2,SKU1,165.0
797,R1,SKU1,154.0
797,R2,SKU1,77.0
797,R3,SKU1,192.0
798,Supplier,SKU1,0.0
798,W1,SKU1,233.0
798,W2,SKU1,192.0
798,R1,SKU1,167.0
798,R2,SKU1,96.0
798,R3,SKU1,270.0
799,Supplier,SKU1,0.0
799,W1,SKU1,261.0
799,W2,SKU1,270.0
799,R1,SKU1,178.0
799,R2,SKU1,131.0
799,R3,SKU1,268.0
800,Supplier,SKU1,0.0
800,W1,SKU1,309.0
800,W2,SKU1,268.0
800,R1,SKU1,118.0
800,R2,SKU1,71.0
800,R3,SKU1,188.0
801,Supplier,SKU1,0.0
801,W1,SKU1,198.0
801,W2,SKU1,188.0
801,R1,SKU1,135.0
801,R2,SKU1,95.0
801,R3,SKU1,186.0
802,Supplier,SKU1,0.0
802,W1,SKU1,228.0
802,W2,SKU1,186.0
802,R1,SKU1,101.0
802,R2,SKU1,105.0
802,R3,SKU1,147.0
803,Supplier,SKU1,0.0
803,W1,SKU1,199.0
803,W2,SKU1,147.0
803,R1,SKU1,137.0
803,R2,SKU1,98.0
803,R3,SKU1,200.0
804,Supplier,SKU1,0.0
804,W1,SKU1,235.0
804,W2,SKU1,200.0
804,R1,SKU1,119.0
804,R2,SKU1,87.0
804,R3,SKU1,218.0
805,Supplier,SKU1,0.0
805,W1,SKU1,206.0
805,W2,SKU1,218.0
805,R1,SKU1,201.0
805,R2,SKU1,87.0
805,R3,SKU1,269.0
806,Supplier,SKU1,0.0
806,W1,SKU1,294.0
806,W2,SKU1,287.0
806,R1,SKU1,165.0
806,R2,SKU1,108.0
806,R3,SKU1,253.0
807,Supplier,SKU1,0.0
807,W1,SKU1,267.0
807,W2,SKU1,240.0
807,R1,SKU1,101.0
807,R2,SKU1,91.0
807,R3,SKU1,221.0
808,Supplier,SKU1,0.0
808,W1,SKU1,192.0
808,W2,SKU1,216.0
808,R1,SKU1,88.0
808,R2,SKU1,90.0
808,R3,SKU1,203.0
809,Supplier,SKU1,0.0
809,W1,SKU1,178.0
809,W2,SKU1,219.0
809,R1,SKU1,101.0
809,R2,SKU1,90.0
809,R3,SKU1,164.0
810,Supplier,SKU1,0.0
810,W1,SKU1,191.0
810,W2,SKU1,148.0
810,R1,SKU1,123.0
810,R2,SKU1,74.0
810,R3,SKU1,134.0
811,Supplier,SKU1,0.0
811,W1,SKU1,197.0
811,W2,SKU1,134.0
811,R1,SKU1,142.0
811,R2,SKU1,98.0
811,R3,SKU1,172.0
812,Supplier,SKU1,0.0
812,W1,SKU1,240.0
812,W2,SKU1,172.0
812,R1,SKU1,154.0
812,R2,SKU1,118.0
812,R3,SKU1,242.0
813,Supplier,SKU1,0.0
813,W1,SKU1,272.0
813,W2,SKU1,242.0
813,R1,SKU1,183.0
813,R2,SKU1,145.0
813,R3,SKU1,238.0
814,Supplier,SKU1,0.0
814,W1,SKU1,328.0
814,W2,SKU1,238.0
814,R1,SKU1,103.0
814,R2,SKU1,99.0
814,R3,SKU1,182.0
815,Supplier,SKU1,0.0
815,W1,SKU1,202.0
815,W2,SKU1,182.0
815,R1,SKU1,118.0
815,R2,SKU1,103.0
815,R3,SKU1,175.0
816,Supplier,SKU1,0.0
816,W1,SKU1,223.0
816,W2,SKU1,175.0
816,R1,SKU1,116.0
816,R2,SKU1,97.0
816,R3,SKU1,161.0
817,Supplier,SKU1,0.0
817,W1,SKU1,211.0
817,W2,SKU1,161.0
817,R1,SKU1,102.0
817,R2,SKU1,99.0
817,R3,SKU1,187.0
818,Supplier,SKU1,0.0
818,W1,SKU1,212.0
818,W2,SKU1,187.0
818,R1,SKU1,126.0
818,R2,SKU1,89.0
818,R3,SKU1,217.0
819,Supplier,SKU1,0.0
819,W1,SKU1,227.0
819,W2,SKU1,217.0
819,R1,SKU1,150.0
819,R2,SKU1,129.0
819,R3,SKU1,209.0
820,Supplier,SKU1,0.0
820,W1,SKU1,256.0
820,W2,SKU1,226.0
820,R1,SKU1,174.0
820,R2,SKU1,113.0
820,R3,SKU1,227.0
821,Supplier,SKU1,0.0
821,W1,SKU1,287.0
821,W2,SKU1,210.0
821,R1,SKU1,101.0
821,R2,SKU1,97.0
821,R3,SKU1,156.0
822,Supplier,SKU1,0.0
822,W1,SKU1,198.0
822,W2,SKU1,166.0
822,R1,SKU1,129.0
822,R2,SKU1,75.0
822,R3,SKU1,194.0
823,Supplier,SKU1,0.0
823,W1,SKU1,204.0
823,W2,SKU1,184.0
823,R1,SKU1,135.0
823,R2,SKU1,66.0
823,R3,SKU1,223.0
824,Supplier,SKU1,0.0
824,W1,SKU1,205.0
824,W2,SKU1,223.0
824,R1,SKU1,111.0
824,R2,SKU1,109.0
824,R3,SKU1,216.0
825,Supplier,SKU1,0.0
825,W1,SKU1,225.0
825,W2,SKU1,239.0
825,R1,SKU1,152.0
825,R2,SKU1,130.0
825,R3,SKU1,179.0
826,Supplier,SKU1,0.0
826,W1,SKU1,273.0
826,W2,SKU1,156.0
826,R1,SKU1,227.0
826,R2,SKU1,98.0
826,R3,SKU1,287.0
827,Supplier,SKU1,0.0
827,W1,SKU1,325.0
827,W2,SKU1,287.0
827,R1,SKU1,174.0
827,R2,SKU1,84.0
827,R3,SKU1,234.0
828,Supplier,SKU1,0.0
828,W1,SKU1,258.0
828,W2,SKU1,234.0
828,R1,SKU1,114.0
828,R2,SKU1,65.0
828,R3,SKU1,191.0
829,Supplier,SKU1,0.0
829,W1,SKU1,179.0
829,W2,SKU1,191.0
829,R1,SKU1,130.0
829,R2,SKU1,88.0
829,R3,SKU1,182.0
830,Supplier,SKU1,0.0
830,W1,SKU1,218.0
830,W2,SKU1,182.0
830,R1,SKU1,117.0
830,R2,SKU1,99.0
830,R3,SKU1,156.0
831,Supplier,SKU1,0.0
831,W1,SKU1,234.0
831,W2,SKU1,156.0
831,R1,SKU1,141.0
831,R2,SKU1,118.0
831,R3,SKU1,171.0
832,Supplier,SKU1,0.0
832,W1,SKU1,241.0
832,W2,SKU1,171.0
832,R1,SKU1,122.0
832,R2,SKU1,119.0
832,R3,SKU1,191.0
833,Supplier,SKU1,0.0
833,W1,SKU1,241.0
833,W2,SKU1,191.0
833,R1,SKU1,196.0
833,R2,SKU1,142.0
833,R3,SKU1,266.0
834,Supplier,SKU1,0.0
834,W1,SKU1,338.0
834,W2,SKU1,266.0
834,R1,SKU1,216.0
834,R2,SKU1,118.0
834,R3,SKU1,278.0
835,Supplier,SKU1,0.0
835,W1,SKU1,334.0
835,W2,SKU1,278.0
835,R1,SKU1,127.0
835,R2,SKU1,129.0
835,R3,SKU1,196.0
836,Supplier,SKU1,0.0
836,W1,SKU1,256.0
836,W2,SKU1,196.0
836,R1,SKU1,114.0
836,R2,SKU1,87.0
836,R3,SKU1,182.0
837,Supplier,SKU1,0.0
837,W1,SKU1,201.0
837,W2,SKU1,182.0
837,R1,SKU1,143.0
837,R2,SKU1,95.0
837,R3,SKU1,145.0
838,Supplier,SKU1,0.0
838,W1,SKU1,239.0
838,W2,SKU1,145.0
838,R1,SKU1,105.0
838,R2,SKU1,98.0
838,R3,SKU1,180.0
839,Supplier,SKU1,0.0
839,W1,SKU1,202.0
839,W2,SKU1,180.0
839,R1,SKU1,139.0
839,R2,SKU1,117.0
839,R3,SKU1,199.0
840,Supplier,SKU1,0.0
840,W1,SKU1,258.0
840,W2,SKU1,199.0
840,R1,SKU1,176.0
840,R2,SKU1,123.0
840,R3,SKU1,264.0
841,Supplier,SKU1,0.0
841,W1,SKU1,297.0
841,W2,SKU1,264.0
841,R1,SKU1,176.0
841,R2,SKU1,85.0
841,R3,SKU1,265.0
842,Supplier,SKU1,0.0
842,W1,SKU1,261.0
842,W2,SKU1,265.0
842,R1,SKU1,134.0
842,R2,SKU1,117.0
842,R3,SKU1,199.0
843,Supplier,SKU1,0.0
843,W1,SKU1,251.0
843,W2,SKU1,199.0
843,R1,SKU1,109.0
843,R2,SKU1,120.0
843,R3,SKU1,174.0
844,Supplier,SKU1,0.0
844,W1,SKU1,229.0
844,W2,SKU1,174.0
844,R1,SKU1,124.0
844,R2,SKU1,55.0
844,R3,SKU1,175.0
845,Supplier,SKU1,0.0
845,W1,SKU1,179.0
845,W2,SKU1,175.0
845,R1,SKU1,127.0
845,R2,SKU1,98.0
845,R3,SKU1,180.0
846,Supplier,SKU1,0.0
846,W1,SKU1,225.0
846,W2,SKU1,180.0
846,R1,SKU1,121.0
846,R2,SKU1,122.0
846,R3,SKU1,193.0
847,Supplier,SKU1,0.0
847,W1,SKU1,243.0
847,W2,SKU1,193.0
847,R1,SKU1,193.0
847,R2,SKU1,127.0
847,R3,SKU1,244.0
848,Supplier,SKU1,0.0
848,W1,SKU1,320.0
848,W2,SKU1,244.0
848,R1,SKU1,134.0
848,R2,SKU1,78.0
848,R3,SKU1,255.0
849,Supplier,SKU1,0.0
849,W1,SKU1,232.0
849,W2,SKU1,255.0
849,R1,SKU1,107.0
849,R2,SKU1,99.0
849,R3,SKU1,250.0
850,Supplier,SKU1,0.0
850,W1,SKU1,186.0
850,W2,SKU1,250.0
850,R1,SKU1,147.0
850,R2,SKU1,86.0
850,R3,SKU1,169.0
851,Supplier,SKU1,0.0
851,W1,SKU1,233.0
851,W2,SKU1,169.0
851,R1,SKU1,95.0
851,R2,SKU1,81.0
851,R3,SKU1,155.0
852,Supplier,SKU1,0.0
852,W1,SKU1,176.0
852,W2,SKU1,155.0
852,R1,SKU1,113.0
852,R2,SKU1,71.0
852,R3,SKU1,184.0
853,Supplier,SKU1,0.0
853,W1,SKU1,184.0
853,W2,SKU1,184.0
853,R1,SKU1,147.0
853,R2,SKU1,126.0
853,R3,SKU1,243.0
854,Supplier,SKU1,0.0
854,W1,SKU1,273.0
854,W2,SKU1,243.0
854,R1,SKU1,239.0
854,R2,SKU1,144.0
854,R3,SKU1,292.0
855,Supplier,SKU1,0.0
855,W1,SKU1,383.0
855,W2,SKU1,292.0
855,R1,SKU1,161.0
855,R2,SKU1,151.0
855,R3,SKU1,238.0
856,Supplier,SKU1,0.0
856,W1,SKU1,312.0
856,W2,SKU1,238.0
856,R1,SKU1,162.0
856,R2,SKU1,87.0
856,R3,SKU1,242.0
857,Supplier,SKU1,0.0
857,W1,SKU1,261.0
857,W2,SKU1,242.0
857,R1,SKU1,128.0
857,R2,SKU1,136.0
857,R3,SKU1,189.0
858,Supplier,SKU1,0.0
858,W1,SKU1,252.0
858,W2,SKU1,189.0
858,R1,SKU1,133.0
858,R2,SKU1,83.0
858,R3,SKU1,206.0
859,Supplier,SKU1,0.0
859,W1,SKU1,216.0
859,W2,SKU1,206.0
859,R1,SKU1,142.0
859,R2,SKU1,85.0
859,R3,SKU1,223.0
860,Supplier,SKU1,0.0
860,W1,SKU1,243.0
860,W2,SKU1,229.0
860,R1,SKU1,137.0
860,R2,SKU1,143.0
860,R3,SKU1,215.0
861,Supplier,SKU1,0.0
861,W1,SKU1,264.0
861,W2,SKU1,209.0
861,R1,SKU1,179.0
861,R2,SKU1,161.0
861,R3,SKU1,299.0
862,Supplier,SKU1,0.0
862,W1,SKU1,340.0
862,W2,SKU1,308.0
862,R1,SKU1,190.0
862,R2,SKU1,131.0
862,R3,SKU1,255.0
863,Supplier,SKU1,0.0
863,W1,SKU1,321.0
863,W2,SKU1,263.0
863,R1,SKU1,144.0
863,R2,SKU1,111.0
863,R3,SKU1,192.0
864,Supplier,SKU1,0.0
864,W1,SKU1,276.0
864,W2,SKU1,175.0
864,R1,SKU1,139.0
864,R2,SKU1,110.0
864,R3,SKU1,218.0
865,Supplier,SKU1,0.0
865,W1,SKU1,228.0
865,W2,SKU1,218.0
865,R1,SKU1,152.0
865,R2,SKU1,114.0
865,R3,SKU1,198.0
866,Supplier,SKU1,0.0
866,W1,SKU1,266.0
866,W2,SKU1,216.0
866,R1,SKU1,153.0
866,R2,SKU1,69.0
866,R3,SKU1,236.0
867,Supplier,SKU1,0.0
867,W1,SKU1,222.0
867,W2,SKU1,218.0
867,R1,SKU1,168.0
867,R2,SKU1,108.0
867,R3,SKU1,249.0
868,Supplier,SKU1,0.0
868,W1,SKU1,298.0
868,W2,SKU1,267.0
868,R1,SKU1,218.0
868,R2,SKU1,115.0
868,R3,SKU1,337.0
869,Supplier,SKU1,0.0
869,W1,SKU1,331.0
869,W2,SKU1,319.0
869,R1,SKU1,192.0
869,R2,SKU1,129.0
869,R3,SKU1,290.0
870,Supplier,SKU1,0.0
870,W1,SKU1,301.0
870,W2,SKU1,309.0
870,R1,SKU1,112.0
870,R2,SKU1,80.0
870,R3,SKU1,209.0
871,Supplier,SKU1,0.0
871,W1,SKU1,193.0
871,W2,SKU1,190.0
871,R1,SKU1,149.0
871,R2,SKU1,104.0
871,R3,SKU1,172.0
872,Supplier,SKU1,0.0
872,W1,SKU1,252.0
872,W2,SKU1,172.0
872,R1,SKU1,89.0
872,R2,SKU1,81.0
872,R3,SKU1,162.0
873,Supplier,SKU1,0.0
873,W1,SKU1,170.0
873,W2,SKU1,162.0
873,R1,SKU1,131.0
873,R2,SKU1,94.0
873,R3,SKU1,191.0
874,Supplier,SKU1,0.0
874,W1,SKU1,225.0
874,W2,SKU1,191.0
874,R1,SKU1,165.0
874,R2,SKU1,104.0
874,R3,SKU1,214.0
875,Supplier,SKU1,0.0
875,W1,SKU1,269.0
875,W2,SKU1,214.0
875,R1,SKU1,181.0
875,R2,SKU1,107.0
875,R3,SKU1,293.0
876,Supplier,SKU1,0.0
876,W1,SKU1,288.0
876,W2,SKU1,307.0
876,R1,SKU1,190.0
876,R2,SKU1,124.0
876,R3,SKU1,282.0
877,Supplier,SKU1,0.0
877,W1,SKU1,314.0
877,W2,SKU1,289.0
877,R1,SKU1,108.0
877,R2,SKU1,75.0
877,R3,SKU1,191.0
878,Supplier,SKU1,0.0
878,W1,SKU1,197.0
878,W2,SKU1,180.0
878,R1,SKU1,124.0
878,R2,SKU1,109.0
878,R3,SKU1,196.0
879,Supplier,SKU1,0.0
879,W1,SKU1,230.0
879,W2,SKU1,186.0
879,R1,SKU1,132.0
879,R2,SKU1,122.0
879,R3,SKU1,184.0
880,Supplier,SKU1,0.0
880,W1,SKU1,243.0
880,W2,SKU1,184.0
880,R1,SKU1,130.0
880,R2,SKU1,92.0
880,R3,SKU1,207.0
881,Supplier,SKU1,0.0
881,W1,SKU1,222.0
881,W2,SKU1,207.0
881,R1,SKU1,176.0
881,R2,SKU1,95.0
881,R3,SKU1,217.0
882,Supplier,SKU1,0.0
882,W1,SKU1,293.0
882,W2,SKU1,224.0
882,R1,SKU1,223.0
882,R2,SKU1,138.0
882,R3,SKU1,328.0
883,Supplier,SKU1,0.0
883,W1,SKU1,354.0
883,W2,SKU1,321.0
883,R1,SKU1,226.0
883,R2,SKU1,120.0
883,R3,SKU1,239.0
884,Supplier,SKU1,0.0
884,W1,SKU1,331.0
884,W2,SKU1,260.0
884,R1,SKU1,156.0
884,R2,SKU1,153.0
884,R3,SKU1,252.0
885,Supplier,SKU1,0.0
885,W1,SKU1,309.0
885,W2,SKU1,231.0
885,R1,SKU1,146.0
885,R2,SKU1,119.0
885,R3,SKU1,187.0
886,Supplier,SKU1,0.0
886,W1,SKU1,274.0
886,W2,SKU1,187.0
886,R1,SKU1,147.0
886,R2,SKU1,155.0
886,R3,SKU1,253.0
887,Supplier,SKU1,0.0
887,W1,SKU1,293.0
887,W2,SKU1,253.0
887,R1,SKU1,199.0
887,R2,SKU1,256.0
887,R3,SKU1,263.0
888,Supplier,SKU1,0.0
888,W1,SKU1,455.0
888,W2,SKU1,263.0
888,R1,SKU1,175.0
888,R2,SKU1,276.0
888,R3,SKU1,254.0
889,Supplier,SKU1,0.0
889,W1,SKU1,451.0
889,W2,SKU1,254.0
889,R1,SKU1,203.0
889,R2,SKU1,213.0
889,R3,SKU1,242.0
890,Supplier,SKU1,0.0
890,W1,SKU1,416.0
890,W2,SKU1,242.0
890,R1,SKU1,183.0
890,R2,SKU1,206.0
890,R3,SKU1,211.0
891,Supplier,SKU1,0.0
891,W1,SKU1,405.0
891,W2,SKU1,211.0
891,R1,SKU1,127.0
891,R2,SKU1,194.0
891,R3,SKU1,182.0
892,Supplier,SKU1,0.0
892,W1,SKU1,326.0
892,W2,SKU1,193.0
892,R1,SKU1,141.0
892,R2,SKU1,141.0
892,R3,SKU1,182.0
893,Supplier,SKU1,0.0
893,W1,SKU1,261.0
893,W2,SKU1,175.0
893,R1,SKU1,132.0
893,R2,SKU1,132.0
893,R3,SKU1,193.0
894,Supplier,SKU1,0.0
894,W1,SKU1,264.0
894,W2,SKU1,189.0
894,R1,SKU1,147.0
894,R2,SKU1,0.0
894,R3,SKU1,189.0
895,Supplier,SKU1,0.0
895,W1,SKU1,147.0
895,W2,SKU1,189.0
895,R1,SKU1,184.0
895,R2,SKU1,0.0
895,R3,SKU1,248.0
896,Supplier,SKU1,0.0
896,W1,SKU1,184.0
896,W2,SKU1,248.0
896,R1,SKU1,201.0
896,R2,SKU1,0.0
896,R3,SKU1,289.0
897,Supplier,SKU1,0.0
897,W1,SKU1,201.0
897,W2,SKU1,289.0
897,R1,SKU1,226.0
897,R2,SKU1,0.0
897,R3,SKU1,277.0
898,Supplier,SKU1,0.0
898,W1,SKU1,227.0
898,W2,SKU1,277.0
898,R1,SKU1,121.0
898,R2,SKU1,28.0
898,R3,SKU1,214.0
899,Supplier,SKU1,0.0
899,W1,SKU1,148.0
899,W2,SKU1,214.0
899,R1,SKU1,140.0
899,R2,SKU1,108.0
899,R3,SKU1,209.0
900,Supplier,SKU1,0.0
900,W1,SKU1,248.0
900,W2,SKU1,223.0
900,R1,SKU1,117.0
900,R2,SKU1,95.0
900,R3,SKU1,192.0
901,Supplier,SKU1,0.0
901,W1,SKU1,212.0
901,W2,SKU1,178.0
901,R1,SKU1,151.0
901,R2,SKU1,112.0
901,R3,SKU1,216.0
902,Supplier,SKU1,0.0
902,W1,SKU1,275.0
902,W2,SKU1,216.0
902,R1,SKU1,125.0
902,R2,SKU1,140.0
902,R3,SKU1,214.0
903,Supplier,SKU1,0.0
903,W1,SKU1,253.0
903,W2,SKU1,230.0
903,R1,SKU1,187.0
903,R2,SKU1,120.0
903,R3,SKU1,269.0
904,Supplier,SKU1,0.0
904,W1,SKU1,307.0
904,W2,SKU1,253.0
904,R1,SKU1,172.0
904,R2,SKU1,161.0
904,R3,SKU1,233.0
905,Supplier,SKU1,0.0
905,W1,SKU1,340.0
905,W2,SKU1,233.0
905,R1,SKU1,131.0
905,R2,SKU1,74.0
905,R3,SKU1,208.0
906,Supplier,SKU1,0.0
906,W1,SKU1,198.0
906,W2,SKU1,208.0
906,R1,SKU1,101.0
906,R2,SKU1,79.0
906,R3,SKU1,199.0
907,Supplier,SKU1,0.0
907,W1,SKU1,180.0
907,W2,SKU1,207.0
907,R1,SKU1,112.0
907,R2,SKU1,84.0
907,R3,SKU1,179.0
908,Supplier,SKU1,0.0
908,W1,SKU1,196.0
908,W2,SKU1,186.0
908,R1,SKU1,134.0
908,R2,SKU1,89.0
908,R3,SKU1,191.0
909,Supplier,SKU1,0.0
909,W1,SKU1,223.0
909,W2,SKU1,177.0
909,R1,SKU1,151.0
909,R2,SKU1,107.0
909,R3,SKU1,212.0
910,Supplier,SKU1,0.0
910,W1,SKU1,281.0
910,W2,SKU1,211.0
910,R1,SKU1,197.0
910,R2,SKU1,132.0
910,R3,SKU1,290.0
911,Supplier,SKU1,0.0
911,W1,SKU1,310.0
911,W2,SKU1,301.0
911,R1,SKU1,216.0
911,R2,SKU1,104.0
911,R3,SKU1,255.0
912,Supplier,SKU1,0.0
912,W1,SKU1,330.0
912,W2,SKU1,256.0
912,R1,SKU1,153.0
912,R2,SKU1,111.0
912,R3,SKU1,237.0
913,Supplier,SKU1,0.0
913,W1,SKU1,250.0
913,W2,SKU1,225.0
913,R1,SKU1,122.0
913,R2,SKU1,95.0
913,R3,SKU1,205.0
914,Supplier,SKU1,0.0
914,W1,SKU1,217.0
914,W2,SKU1,205.0
914,R1,SKU1,152.0
914,R2,SKU1,71.0
914,R3,SKU1,217.0
915,Supplier,SKU1,0.0
915,W1,SKU1,240.0
915,W2,SKU1,222.0
915,R1,SKU1,139.0
915,R2,SKU1,111.0
915,R3,SKU1,263.0
916,Supplier,SKU1,0.0
916,W1,SKU1,233.0
916,W2,SKU1,258.0
916,R1,SKU1,170.0
916,R2,SKU1,107.0
916,R3,SKU1,244.0
917,Supplier,SKU1,0.0
917,W1,SKU1,277.0
917,W2,SKU1,244.0
917,R1,SKU1,209.0
917,R2,SKU1,125.0
917,R3,SKU1,332.0
918,Supplier,SKU1,0.0
918,W1,SKU1,334.0
918,W2,SKU1,332.0
918,R1,SKU1,252.0
918,R2,SKU1,87.0
918,R3,SKU1,313.0
919,Supplier,SKU1,0.0
919,W1,SKU1,339.0
919,W2,SKU1,313.0
919,R1,SKU1,154.0
919,R2,SKU1,127.0
919,R3,SKU1,250.0
920,Supplier,SKU1,0.0
920,W1,SKU1,281.0
920,W2,SKU1,263.0
920,R1,SKU1,152.0
920,R2,SKU1,111.0
920,R3,SKU1,211.0
921,Supplier,SKU1,0.0
921,W1,SKU1,263.0
921,W2,SKU1,198.0
921,R1,SKU1,151.0
921,R2,SKU1,130.0
921,R3,SKU1,255.0
922,Supplier,SKU1,0.0
922,W1,SKU1,281.0
922,W2,SKU1,255.0
922,R1,SKU1,152.0
922,R2,SKU1,163.0
922,R3,SKU1,211.0
923,Supplier,SKU1,0.0
923,W1,SKU1,315.0
923,W2,SKU1,211.0
923,R1,SKU1,200.0
923,R2,SKU1,160.0
923,R3,SKU1,282.0
924,Supplier,SKU1,0.0
924,W1,SKU1,375.0
924,W2,SKU1,293.0
924,R1,SKU1,201.0
924,R2,SKU1,160.0
924,R3,SKU1,315.0
925,Supplier,SKU1,0.0
925,W1,SKU1,346.0
925,W2,SKU1,308.0
925,R1,SKU1,219.0
925,R2,SKU1,160.0
925,R3,SKU1,359.0
926,Supplier,SKU1,0.0
926,W1,SKU1,379.0
926,W2,SKU1,367.0
926,R1,SKU1,161.0
926,R2,SKU1,200.0
926,R3,SKU1,297.0
927,Supplier,SKU1,0.0
927,W1,SKU1,361.0
927,W2,SKU1,285.0
927,R1,SKU1,128.0
927,R2,SKU1,282.0
927,R3,SKU1,270.0
928,Supplier,SKU1,0.0
928,W1,SKU1,410.0
928,W2,SKU1,270.0
928,R1,SKU1,141.0
928,R2,SKU1,247.0
928,R3,SKU1,294.0
929,Supplier,SKU1,0.0
929,W1,SKU1,398.0
929,W2,SKU1,294.0
929,R1,SKU1,160.0
929,R2,SKU1,226.0
929,R3,SKU1,260.0
930,Supplier,SKU1,0.0
930,W1,SKU1,384.0
930,W2,SKU1,260.0
930,R1,SKU1,156.0
930,R2,SKU1,127.0
930,R3,SKU1,320.0
931,Supplier,SKU1,0.0
931,W1,SKU1,275.0
931,W2,SKU1,320.0
931,R1,SKU1,229.0
931,R2,SKU1,88.0
931,R3,SKU1,336.0
932,Supplier,SKU1,0.0
932,W1,SKU1,317.0
932,W2,SKU1,356.0
932,R1,SKU1,243.0
932,R2,SKU1,96.0
932,R3,SKU1,433.0
933,Supplier,SKU1,0.0
933,W1,SKU1,356.0
933,W2,SKU1,413.0
933,R1,SKU1,169.0
933,R2,SKU1,123.0
933,R3,SKU1,313.0
934,Supplier,SKU1,0.0
934,W1,SKU1,275.0
934,W2,SKU1,326.0
934,R1,SKU1,148.0
934,R2,SKU1,0.0
934,R3,SKU1,245.0
935,Supplier,SKU1,0.0
935,W1,SKU1,148.0
935,W2,SKU1,232.0
935,R1,SKU1,164.0
935,R2,SKU1,0.0
935,R3,SKU1,185.0
936,Supplier,SKU1,0.0
936,W1,SKU1,164.0
936,W2,SKU1,185.0
936,R1,SKU1,159.0
936,R2,SKU1,0.0
936,R3,SKU1,118.0
937,Supplier,SKU1,0.0
937,W1,SKU1,159.0
937,W2,SKU1,118.0
937,R1,SKU1,129.0
937,R2,SKU1,0.0
937,R3,SKU1,158.0
938,Supplier,SKU1,0.0
938,W1,SKU1,129.0
938,W2,SKU1,176.0
938,R1,SKU1,231.0
938,R2,SKU1,105.0
938,R3,SKU1,259.0
939,Supplier,SKU1,0.0
939,W1,SKU1,336.0
939,W2,SKU1,241.0
939,R1,SKU1,254.0
939,R2,SKU1,151.0
939,R3,SKU1,370.0
940,Supplier,SKU1,0.0
940,W1,SKU1,405.0
940,W2,SKU1,370.0
940,R1,SKU1,129.0
940,R2,SKU1,89.0
940,R3,SKU1,248.0
941,Supplier,SKU1,0.0
941,W1,SKU1,223.0
941,W2,SKU1,248.0
941,R1,SKU1,115.0
941,R2,SKU1,100.0
941,R3,SKU1,215.0
942,Supplier,SKU1,0.0
942,W1,SKU1,210.0
942,W2,SKU1,215.0
942,R1,SKU1,131.0
942,R2,SKU1,102.0
942,R3,SKU1,218.0
943,Supplier,SKU1,0.0
943,W1,SKU1,243.0
943,W2,SKU1,233.0
943,R1,SKU1,120.0
943,R2,SKU1,101.0
943,R3,SKU1,202.0
944,Supplier,SKU1,0.0
944,W1,SKU1,211.0
944,W2,SKU1,187.0
944,R1,SKU1,185.0
944,R2,SKU1,111.0
944,R3,SKU1,222.0
945,Supplier,SKU1,0.0
945,W1,SKU1,307.0
945,W2,SKU1,222.0
945,R1,SKU1,194.0
945,R2,SKU1,124.0
945,R3,SKU1,292.0
946,Supplier,SKU1,0.0
946,W1,SKU1,325.0
946,W2,SKU1,314.0
946,R1,SKU1,211.0
946,R2,SKU1,98.0
946,R3,SKU1,266.0
947,Supplier,SKU1,0.0
947,W1,SKU1,291.0
947,W2,SKU1,244.0
947,R1,SKU1,222.0
947,R2,SKU1,134.0
947,R3,SKU1,266.0
948,Supplier,SKU1,0.0
948,W1,SKU1,356.0
948,W2,SKU1,266.0
948,R1,SKU1,108.0
948,R2,SKU1,129.0
948,R3,SKU1,250.0
949,Supplier,SKU1,0.0
949,W1,SKU1,237.0
949,W2,SKU1,250.0
949,R1,SKU1,141.0
949,R2,SKU1,120.0
949,R3,SKU1,179.0
950,Supplier,SKU1,0.0
950,W1,SKU1,261.0
950,W2,SKU1,179.0
950,R1,SKU1,126.0
950,R2,SKU1,167.0
950,R3,SKU1,237.0
951,Supplier,SKU1,0.0
951,W1,SKU1,293.0
951,W2,SKU1,237.0
951,R1,SKU1,139.0
951,R2,SKU1,107.0
951,R3,SKU1,260.0
952,Supplier,SKU1,0.0
952,W1,SKU1,246.0
952,W2,SKU1,260.0
952,R1,SKU1,172.0
952,R2,SKU1,110.0
952,R3,SKU1,261.0
953,Supplier,SKU1,0.0
953,W1,SKU1,282.0
953,W2,SKU1,261.0
953,R1,SKU1,198.0
953,R2,SKU1,144.0
953,R3,SKU1,284.0
954,Supplier,SKU1,0.0
954,W1,SKU1,342.0
954,W2,SKU1,284.0
954,R1,SKU1,125.0
954,R2,SKU1,107.0
954,R3,SKU1,201.0
955,Supplier,SKU1,0.0
955,W1,SKU1,232.0
955,W2,SKU1,201.0
955,R1,SKU1,115.0
955,R2,SKU1,98.0
955,R3,SKU1,176.0
956,Supplier,SKU1,0.0
956,W1,SKU1,213.0
956,W2,SKU1,177.0
956,R1,SKU1,147.0
956,R2,SKU1,118.0
956,R3,SKU1,198.0
957,Supplier,SKU1,0.0
957,W1,SKU1,278.0
957,W2,SKU1,197.0
957,R1,SKU1,105.0
957,R2,SKU1,86.0
957,R3,SKU1,175.0
958,Supplier,SKU1,0.0
958,W1,SKU1,178.0
958,W2,SKU1,175.0
958,R1,SKU1,181.0
958,R2,SKU1,75.0
958,R3,SKU1,232.0
959,Supplier,SKU1,0.0
959,W1,SKU1,256.0
959,W2,SKU1,232.0
959,R1,SKU1,195.0
959,R2,SKU1,113.0
959,R3,SKU1,273.0
960,Supplier,SKU1,0.0
960,W1,SKU1,308.0
960,W2,SKU1,273.0
960,R1,SKU1,189.0
960,R2,SKU1,156.0
960,R3,SKU1,268.0
961,Supplier,SKU1,0.0
961,W1,SKU1,353.0
961,W2,SKU1,268.0
961,R1,SKU1,119.0
961,R2,SKU1,96.0
961,R3,SKU1,172.0
962,Supplier,SKU1,0.0
962,W1,SKU1,207.0
962,W2,SKU1,172.0
962,R1,SKU1,145.0
962,R2,SKU1,100.0
962,R3,SKU1,145.0
963,Supplier,SKU1,0.0
963,W1,SKU1,252.0
963,W2,SKU1,145.0
963,R1,SKU1,86.0
963,R2,SKU1,97.0
963,R3,SKU1,167.0
964,Supplier,SKU1,0.0
964,W1,SKU1,176.0
964,W2,SKU1,167.0
964,R1,SKU1,137.0
964,R2,SKU1,103.0
964,R3,SKU1,165.0
965,Supplier,SKU1,0.0
965,W1,SKU1,240.0
965,W2,SKU1,165.0
965,R1,SKU1,104.0
965,R2,SKU1,116.0
965,R3,SKU1,147.0
966,Supplier,SKU1,0.0
966,W1,SKU1,220.0
966,W2,SKU1,147.0
966,R1,SKU1,130.0
966,R2,SKU1,126.0
966,R3,SKU1,200.0
967,Supplier,SKU1,0.0
967,W1,SKU1,276.0
967,W2,SKU1,200.0
967,R1,SKU1,186.0
967,R2,SKU1,119.0
967,R3,SKU1,194.0
968,Supplier,SKU1,0.0
968,W1,SKU1,285.0
968,W2,SKU1,194.0
968,R1,SKU1,120.0
968,R2,SKU1,119.0
968,R3,SKU1,134.0
969,Supplier,SKU1,0.0
969,W1,SKU1,239.0
969,W2,SKU1,134.0
969,R1,SKU1,135.0
969,R2,SKU1,58.0
969,R3,SKU1,166.0
970,Supplier,SKU1,0.0
970,W1,SKU1,193.0
970,W2,SKU1,166.0
970,R1,SKU1,83.0
970,R2,SKU1,76.0
970,R3,SKU1,176.0
971,Supplier,SKU1,0.0
971,W1,SKU1,159.0
971,W2,SKU1,176.0
971,R1,SKU1,114.0
971,R2,SKU1,92.0
971,R3,SKU1,175.0
972,Supplier,SKU1,0.0
972,W1,SKU1,206.0
972,W2,SKU1,175.0
972,R1,SKU1,128.0
972,R2,SKU1,92.0
972,R3,SKU1,216.0
973,Supplier,SKU1,0.0
973,W1,SKU1,226.0
973,W2,SKU1,216.0
973,R1,SKU1,153.0
973,R2,SKU1,123.0
973,R3,SKU1,255.0
974,Supplier,SKU1,0.0
974,W1,SKU1,270.0
974,W2,SKU1,271.0
974,R1,SKU1,163.0
974,R2,SKU1,153.0
974,R3,SKU1,228.0
975,Supplier,SKU1,0.0
975,W1,SKU1,316.0
975,W2,SKU1,212.0
975,R1,SKU1,108.0
975,R2,SKU1,63.0
975,R3,SKU1,169.0
976,Supplier,SKU1,0.0
976,W1,SKU1,187.0
976,W2,SKU1,181.0
976,R1,SKU1,120.0
976,R2,SKU1,97.0
976,R3,SKU1,213.0
977,Supplier,SKU1,0.0
977,W1,SKU1,204.0
977,W2,SKU1,201.0
977,R1,SKU1,106.0
977,R2,SKU1,93.0
977,R3,SKU1,177.0
978,Supplier,SKU1,0.0
978,W1,SKU1,203.0
978,W2,SKU1,178.0
978,R1,SKU1,135.0
978,R2,SKU1,123.0
978,R3,SKU1,205.0
979,Supplier,SKU1,0.0
979,W1,SKU1,261.0
979,W2,SKU1,204.0
979,R1,SKU1,125.0
979,R2,SKU1,149.0
979,R3,SKU1,251.0
980,Supplier,SKU1,0.0
980,W1,SKU1,264.0
980,W2,SKU1,255.0
980,R1,SKU1,182.0
980,R2,SKU1,102.0
980,R3,SKU1,244.0
981,Supplier,SKU1,0.0
981,W1,SKU1,284.0
981,W2,SKU1,240.0
981,R1,SKU1,203.0
981,R2,SKU1,132.0
981,R3,SKU1,245.0
982,Supplier,SKU1,0.0
982,W1,SKU1,335.0
982,W2,SKU1,245.0
982,R1,SKU1,131.0
982,R2,SKU1,99.0
982,R3,SKU1,169.0
983,Supplier,SKU1,0.0
983,W1,SKU1,230.0
983,W2,SKU1,169.0
983,R1,SKU1,91.0
983,R2,SKU1,115.0
983,R3,SKU1,148.0
984,Supplier,SKU1,0.0
984,W1,SKU1,206.0
984,W2,SKU1,148.0
984,R1,SKU1,90.0
984,R2,SKU1,140.0
984,R3,SKU1,191.0
985,Supplier,SKU1,0.0
985,W1,SKU1,236.0
985,W2,SKU1,191.0
985,R1,SKU1,119.0
985,R2,SKU1,95.0
985,R3,SKU1,190.0
986,Supplier,SKU1,0.0
986,W1,SKU1,208.0
986,W2,SKU1,190.0
986,R1,SKU1,156.0
986,R2,SKU1,116.0
986,R3,SKU1,247.0
987,Supplier,SKU1,0.0
987,W1,SKU1,280.0
987,W2,SKU1,247.0
987,R1,SKU1,157.0
987,R2,SKU1,136.0
987,R3,SKU1,256.0
988,Supplier,SKU1,0.0
988,W1,SKU1,285.0
988,W2,SKU1,256.0
988,R1,SKU1,203.0
988,R2,SKU1,85.0
988,R3,SKU1,238.0
989,Supplier,SKU1,0.0
989,W1,SKU1,288.0
989,W2,SKU1,238.0
989,R1,SKU1,156.0
989,R2,SKU1,86.0
989,R3,SKU1,187.0
990,Supplier,SKU1,0.0
990,W1,SKU1,242.0
990,W2,SKU1,187.0
990,R1,SKU1,114.0
990,R2,SKU1,106.0
990,R3,SKU1,179.0
991,Supplier,SKU1,0.0
991,W1,SKU1,220.0
991,W2,SKU1,179.0
991,R1,SKU1,150.0
991,R2,SKU1,118.0
991,R3,SKU1,164.0
992,Supplier,SKU1,0.0
992,W1,SKU1,288.0
992,W2,SKU1,164.0
992,R1,SKU1,134.0
992,R2,SKU1,126.0
992,R3,SKU1,169.0
993,Supplier,SKU1,0.0
993,W1,SKU1,248.0
993,W2,SKU1,169.0
993,R1,SKU1,144.0
993,R2,SKU1,84.0
993,R3,SKU1,183.0
994,Supplier,SKU1,0.0
994,W1,SKU1,220.0
994,W2,SKU1,183.0
994,R1,SKU1,210.0
994,R2,SKU1,126.0
994,R3,SKU1,252.0
995,Supplier,SKU1,0.0
995,W1,SKU1,356.0
995,W2,SKU1,252.0
995,R1,SKU1,214.0
995,R2,SKU1,124.0
995,R3,SKU1,269.0
996,Supplier,SKU1,0.0
996,W1,SKU1,318.0
996,W2,SKU1,269.0
996,R1,SKU1,135.0
996,R2,SKU1,119.0
996,R3,SKU1,146.0
997,Supplier,SKU1,0.0
997,W1,SKU1,272.0
997,W2,SKU1,146.0
997,R1,SKU1,90.0
997,R2,SKU1,67.0
997,R3,SKU1,147.0
998,Supplier,SKU1,0.0
998,W1,SKU1,139.0
998,W2,SKU1,147.0
998,R1,SKU1,128.0
998,R2,SKU1,80.0
998,R3,SKU1,133.0
999,Supplier,SKU1,0.0
999,W1,SKU1,208.0
999,W2,SKU1,133.0
999,R1,SKU1,113.0
999,R2,SKU1,75.0
999,R3,SKU1,154.0
1000,Supplier,SKU1,0.0
1000,W1,SKU1,196.0
1000,W2,SKU1,154.0
1000,R1,SKU1,168.0
1000,R2,SKU1,104.0
1000,R3,SKU1,178.0
1001,Supplier,SKU1,0.0
1001,W1,SKU1,268.0
1001,W2,SKU1,178.0
1001,R1,SKU1,196.0
1001,R2,SKU1,116.0
1001,R3,SKU1,206.0
1002,Supplier,SKU1,0.0
1002,W1,SKU1,308.0
1002,W2,SKU1,206.0
1002,R1,SKU1,171.0
1002,R2,SKU1,114.0
1002,R3,SKU1,171.0
1003,Supplier,SKU1,0.0
1003,W1,SKU1,293.0
1003,W2,SKU1,177.0
1003,R1,SKU1,140.0
1003,R2,SKU1,65.0
1003,R3,SKU1,123.0
1004,Supplier,SKU1,0.0
1004,W1,SKU1,198.0
1004,W2,SKU1,117.0
1004,R1,SKU1,122.0
1004,R2,SKU1,85.0
1004,R3,SKU1,157.0
1005,Supplier,SKU1,0.0
1005,W1,SKU1,206.0
1005,W2,SKU1,174.0
1005,R1,SKU1,185.0
1005,R2,SKU1,108.0
1005,R3,SKU1,134.0
1006,Supplier,SKU1,0.0
1006,W1,SKU1,299.0
1006,W2,SKU1,117.0
1006,R1,SKU1,99.0
1006,R2,SKU1,86.0
1006,R3,SKU1,168.0
1007,Supplier,SKU1,0.0
1007,W1,SKU1,184.0
1007,W2,SKU1,185.0
1007,R1,SKU1,162.0
1007,R2,SKU1,99.0
1007,R3,SKU1,212.0
1008,Supplier,SKU1,0.0
1008,W1,SKU1,256.0
1008,W2,SKU1,197.0
1008,R1,SKU1,168.0
1008,R2,SKU1,119.0
1008,R3,SKU1,216.0
1009,Supplier,SKU1,0.0
1009,W1,SKU1,287.0
1009,W2,SKU1,214.0
1009,R1,SKU1,220.0
1009,R2,SKU1,131.0
1009,R3,SKU1,225.0
1010,Supplier,SKU1,0.0
1010,W1,SKU1,351.0
1010,W2,SKU1,239.0
1010,R1,SKU1,133.0
1010,R2,SKU1,66.0
1010,R3,SKU1,109.0
1011,Supplier,SKU1,0.0
1011,W1,SKU1,199.0
1011,W2,SKU1,95.0
1011,R1,SKU1,117.0
1011,R2,SKU1,89.0
1011,R3,SKU1,179.0
1012,Supplier,SKU1,0.0
1012,W1,SKU1,206.0
1012,W2,SKU1,179.0
1012,R1,SKU1,122.0
1012,R2,SKU1,109.0
1012,R3,SKU1,130.0
1013,Supplier,SKU1,0.0
1013,W1,SKU1,237.0
1013,W2,SKU1,130.0
1013,R1,SKU1,99.0
1013,R2,SKU1,94.0
1013,R3,SKU1,141.0
1014,Supplier,SKU1,0.0
1014,W1,SKU1,187.0
1014,W2,SKU1,141.0
1014,R1,SKU1,142.0
1014,R2,SKU1,82.0
1014,R3,SKU1,197.0
1015,Supplier,SKU1,0.0
1015,W1,SKU1,224.0
1015,W2,SKU1,197.0
1015,R1,SKU1,200.0
1015,R2,SKU1,142.0
1015,R3,SKU1,229.0
1016,Supplier,SKU1,0.0
1016,W1,SKU1,366.0
1016,W2,SKU1,229.0
1016,R1,SKU1,203.0
1016,R2,SKU1,114.0
1016,R3,SKU1,238.0
1017,Supplier,SKU1,0.0
1017,W1,SKU1,293.0
1017,W2,SKU1,238.0
1017,R1,SKU1,149.0
1017,R2,SKU1,117.0
1017,R3,SKU1,171.0
1018,Supplier,SKU1,0.0
1018,W1,SKU1,266.0
1018,W2,SKU1,171.0
1018,R1,SKU1,122.0
1018,R2,SKU1,49.0
1018,R3,SKU1,147.0
1019,Supplier,SKU1,0.0
1019,W1,SKU1,171.0
1019,W2,SKU1,147.0
1019,R1,SKU1,151.0
1019,R2,SKU1,79.0
1019,R3,SKU1,143.0
1020,Supplier,SKU1,0.0
1020,W1,SKU1,230.0
1020,W2,SKU1,143.0
1020,R1,SKU1,74.0
1020,R2,SKU1,75.0
1020,R3,SKU1,153.0
1021,Supplier,SKU1,0.0
1021,W1,SKU1,149.0
1021,W2,SKU1,153.0
1021,R1,SKU1,125.0
1021,R2,SKU1,86.0
1021,R3,SKU1,212.0
1022,Supplier,SKU1,0.0
1022,W1,SKU1,211.0
1022,W2,SKU1,212.0
1022,R1,SKU1,182.0
1022,R2,SKU1,104.0
1022,R3,SKU1,301.0
1023,Supplier,SKU1,0.0
1023,W1,SKU1,297.0
1023,W2,SKU1,313.0
1023,R1,SKU1,207.0
1023,R2,SKU1,126.0
1023,R3,SKU1,271.0
1024,Supplier,SKU1,0.0
1024,W1,SKU1,330.0
1024,W2,SKU1,259.0
1024,R1,SKU1,145.0
1024,R2,SKU1,93.0
1024,R3,SKU1,154.0
1025,Supplier,SKU1,0.0
1025,W1,SKU1,230.0
1025,W2,SKU1,154.0
1025,R1,SKU1,116.0
1025,R2,SKU1,114.0
1025,R3,SKU1,192.0
1026,Supplier,SKU1,0.0
1026,W1,SKU1,230.0
1026,W2,SKU1,192.0
1026,R1,SKU1,128.0
1026,R2,SKU1,97.0
1026,R3,SKU1,180.0
1027,Supplier,SKU1,0.0
1027,W1,SKU1,225.0
1027,W2,SKU1,180.0
1027,R1,SKU1,105.0
1027,R2,SKU1,97.0
1027,R3,SKU1,170.0
1028,Supplier,SKU1,0.0
1028,W1,SKU1,202.0
1028,W2,SKU1,170.0
1028,R1,SKU1,140.0
1028,R2,SKU1,92.0
1028,R3,SKU1,187.0
1029,Supplier,SKU1,0.0
1029,W1,SKU1,234.0
1029,W2,SKU1,187.0
1029,R1,SKU1,161.0
1029,R2,SKU1,115.0
1029,R3,SKU1,219.0
1030,Supplier,SKU1,0.0
1030,W1,SKU1,274.0
1030,W2,SKU1,219.0
1030,R1,SKU1,177.0
1030,R2,SKU1,127.0
1030,R3,SKU1,225.0
1031,Supplier,SKU1,0.0
1031,W1,SKU1,304.0
1031,W2,SKU1,244.0
1031,R1,SKU1,121.0
1031,R2,SKU1,92.0
1031,R3,SKU1,134.0
1032,Supplier,SKU1,0.0
1032,W1,SKU1,217.0
1032,W2,SKU1,115.0
1032,R1,SKU1,131.0
1032,R2,SKU1,95.0
1032,R3,SKU1,168.0
1033,Supplier,SKU1,0.0
1033,W1,SKU1,243.0
1033,W2,SKU1,183.0
1033,R1,SKU1,125.0
1033,R2,SKU1,114.0
1033,R3,SKU1,240.0
1034,Supplier,SKU1,0.0
1034,W1,SKU1,218.0
1034,W2,SKU1,225.0
1034,R1,SKU1,251.0
1034,R2,SKU1,177.0
1034,R3,SKU1,276.0
1035,Supplier,SKU1,0.0
1035,W1,SKU1,446.0
1035,W2,SKU1,276.0
1035,R1,SKU1,246.0
1035,R2,SKU1,108.0
1035,R3,SKU1,234.0
1036,Supplier,SKU1,0.0
1036,W1,SKU1,336.0
1036,W2,SKU1,234.0
1036,R1,SKU1,191.0
1036,R2,SKU1,120.0
1036,R3,SKU1,252.0
1037,Supplier,SKU1,0.0
1037,W1,SKU1,311.0
1037,W2,SKU1,252.0
1037,R1,SKU1,184.0
1037,R2,SKU1,127.0
1037,R3,SKU1,283.0
1038,Supplier,SKU1,0.0
1038,W1,SKU1,322.0
1038,W2,SKU1,283.0
1038,R1,SKU1,114.0
1038,R2,SKU1,177.0
1038,R3,SKU1,189.0
1039,Supplier,SKU1,0.0
1039,W1,SKU1,280.0
1039,W2,SKU1,189.0
1039,R1,SKU1,167.0
1039,R2,SKU1,119.0
1039,R3,SKU1,270.0
1040,Supplier,SKU1,0.0
1040,W1,SKU1,286.0
1040,W2,SKU1,270.0
1040,R1,SKU1,117.0
1040,R2,SKU1,205.0
1040,R3,SKU1,183.0
1041,Supplier,SKU1,0.0
1041,W1,SKU1,322.0
1041,W2,SKU1,183.0
1041,R1,SKU1,130.0
1041,R2,SKU1,0.0
1041,R3,SKU1,177.0
1042,Supplier,SKU1,0.0
1042,W1,SKU1,152.0
1042,W2,SKU1,177.0
1042,R1,SKU1,142.0
1042,R2,SKU1,0.0
1042,R3,SKU1,185.0
1043,Supplier,SKU1,0.0
1043,W1,SKU1,120.0
1043,W2,SKU1,185.0
1043,R1,SKU1,191.0
1043,R2,SKU1,27.0
1043,R3,SKU1,240.0
1044,Supplier,SKU1,0.0
1044,W1,SKU1,238.0
1044,W2,SKU1,240.0
1044,R1,SKU1,182.0
1044,R2,SKU1,105.0
1044,R3,SKU1,278.0
1045,Supplier,SKU1,0.0
1045,W1,SKU1,267.0
1045,W2,SKU1,278.0
1045,R1,SKU1,115.0
1045,R2,SKU1,95.0
1045,R3,SKU1,193.0
1046,Supplier,SKU1,0.0
1046,W1,SKU1,210.0
1046,W2,SKU1,193.0
1046,R1,SKU1,144.0
1046,R2,SKU1,110.0
1046,R3,SKU1,174.0
1047,Supplier,SKU1,0.0
1047,W1,SKU1,264.0
1047,W2,SKU1,174.0
1047,R1,SKU1,143.0
1047,R2,SKU1,107.0
1047,R3,SKU1,162.0
1048,Supplier,SKU1,0.0
1048,W1,SKU1,240.0
1048,W2,SKU1,162.0
1048,R1,SKU1,134.0
1048,R2,SKU1,99.0
1048,R3,SKU1,169.0
1049,Supplier,SKU1,0.0
1049,W1,SKU1,233.0
1049,W2,SKU1,169.0
1049,R1,SKU1,141.0
1049,R2,SKU1,108.0
1049,R3,SKU1,209.0
1050,Supplier,SKU1,0.0
1050,W1,SKU1,249.0
1050,W2,SKU1,209.0
1050,R1,SKU1,187.0
1050,R2,SKU1,123.0
1050,R3,SKU1,254.0
1051,Supplier,SKU1,0.0
1051,W1,SKU1,310.0
1051,W2,SKU1,263.0
1051,R1,SKU1,200.0
1051,R2,SKU1,87.0
1051,R3,SKU1,240.0
1052,Supplier,SKU1,0.0
1052,W1,SKU1,297.0
1052,W2,SKU1,231.0
1052,R1,SKU1,137.0
1052,R2,SKU1,104.0
1052,R3,SKU1,169.0
1053,Supplier,SKU1,0.0
1053,W1,SKU1,238.0
1053,W2,SKU1,169.0
1053,R1,SKU1,121.0
1053,R2,SKU1,125.0
1053,R3,SKU1,174.0
1054,Supplier,SKU1,0.0
1054,W1,SKU1,239.0
1054,W2,SKU1,174.0
1054,R1,SKU1,183.0
1054,R2,SKU1,96.0
1054,R3,SKU1,177.0
1055,Supplier,SKU1,0.0
1055,W1,SKU1,279.0
1055,W2,SKU1,177.0
1055,R1,SKU1,159.0
1055,R2,SKU1,108.0
1055,R3,SKU1,195.0
1056,Supplier,SKU1,0.0
1056,W1,SKU1,267.0
1056,W2,SKU1,195.0
1056,R1,SKU1,181.0
1056,R2,SKU1,123.0
1056,R3,SKU1,224.0
1057,Supplier,SKU1,0.0
1057,W1,SKU1,304.0
1057,W2,SKU1,224.0
1057,R1,SKU1,219.0
1057,R2,SKU1,140.0
1057,R3,SKU1,334.0
1058,Supplier,SKU1,0.0
1058,W1,SKU1,363.0
1058,W2,SKU1,358.0
1058,R1,SKU1,245.0
1058,R2,SKU1,155.0
1058,R3,SKU1,186.0
1059,Supplier,SKU1,0.0
1059,W1,SKU1,396.0
1059,W2,SKU1,162.0
1059,R1,SKU1,182.0
1059,R2,SKU1,262.0
1059,R3,SKU1,213.0
1060,Supplier,SKU1,0.0
1060,W1,SKU1,444.0
1060,W2,SKU1,213.0
1060,R1,SKU1,189.0
1060,R2,SKU1,303.0
1060,R3,SKU1,328.0
1061,Supplier,SKU1,0.0
1061,W1,SKU1,492.0
1061,W2,SKU1,341.0
1061,R1,SKU1,1.0
1061,R2,SKU1,213.0
1061,R3,SKU1,0.0
1062,Supplier,SKU1,0.0
1062,W1,SKU1,214.0
1062,W2,SKU1,0.0
1062,R1,SKU1,153.0
1062,R2,SKU1,51.0
1062,R3,SKU1,190.0
1063,Supplier,SKU1,0.0
1063,W1,SKU1,218.0
1063,W2,SKU1,177.0
1063,R1,SKU1,122.0
1063,R2,SKU1,6.0
1063,R3,SKU1,162.0
1064,Supplier,SKU1,0.0
1064,W1,SKU1,114.0
1064,W2,SKU1,162.0
1064,R1,SKU1,186.0
1064,R2,SKU1,0.0
1064,R3,SKU1,191.0
1065,Supplier,SKU1,0.0
1065,W1,SKU1,200.0
1065,W2,SKU1,191.0
1065,R1,SKU1,147.0
1065,R2,SKU1,0.0
1065,R3,SKU1,182.0
1066,Supplier,SKU1,0.0
1066,W1,SKU1,147.0
1066,W2,SKU1,182.0
1066,R1,SKU1,113.0
1066,R2,SKU1,0.0
1066,R3,SKU1,147.0
1067,Supplier,SKU1,0.0
1067,W1,SKU1,99.0
1067,W2,SKU1,147.0
1067,R1,SKU1,133.0
1067,R2,SKU1,0.0
1067,R3,SKU1,191.0
1068,Supplier,SKU1,0.0
1068,W1,SKU1,133.0
1068,W2,SKU1,191.0
1068,R1,SKU1,101.0
1068,R2,SKU1,74.0
1068,R3,SKU1,139.0
1069,Supplier,SKU1,0.0
1069,W1,SKU1,175.0
1069,W2,SKU1,139.0
1069,R1,SKU1,123.0
1069,R2,SKU1,82.0
1069,R3,SKU1,129.0
1070,Supplier,SKU1,0.0
1070,W1,SKU1,205.0
1070,W2,SKU1,129.0
1070,R1,SKU1,185.0
1070,R2,SKU1,102.0
1070,R3,SKU1,159.0
1071,Supplier,SKU1,0.0
1071,W1,SKU1,292.0
1071,W2,SKU1,159.0
1071,R1,SKU1,153.0
1071,R2,SKU1,109.0
1071,R3,SKU1,181.0
1072,Supplier,SKU1,0.0
1072,W1,SKU1,257.0
1072,W2,SKU1,181.0
1072,R1,SKU1,134.0
1072,R2,SKU1,137.0
1072,R3,SKU1,169.0
1073,Supplier,SKU1,0.0
1073,W1,SKU1,271.0
1073,W2,SKU1,169.0
1073,R1,SKU1,95.0
1073,R2,SKU1,82.0
1073,R3,SKU1,130.0
1074,Supplier,SKU1,0.0
1074,W1,SKU1,177.0
1074,W2,SKU1,130.0
1074,R1,SKU1,121.0
1074,R2,SKU1,80.0
1074,R3,SKU1,117.0
1075,Supplier,SKU1,0.0
1075,W1,SKU1,201.0
1075,W2,SKU1,117.0
1075,R1,SKU1,106.0
1075,R2,SKU1,112.0
1075,R3,SKU1,153.0
1076,Supplier,SKU1,0.0
1076,W1,SKU1,219.0
1076,W2,SKU1,170.0
1076,R1,SKU1,82.0
1076,R2,SKU1,103.0
1076,R3,SKU1,118.0
1077,Supplier,SKU1,0.0
1077,W1,SKU1,204.0
1077,W2,SKU1,101.0
1077,R1,SKU1,125.0
1077,R2,SKU1,98.0
1077,R3,SKU1,161.0
1078,Supplier,SKU1,0.0
1078,W1,SKU1,227.0
1078,W2,SKU1,162.0
1078,R1,SKU1,164.0
1078,R2,SKU1,122.0
1078,R3,SKU1,187.0
1079,Supplier,SKU1,0.0
1079,W1,SKU1,262.0
1079,W2,SKU1,186.0
1079,R1,SKU1,159.0
1079,R2,SKU1,108.0
1079,R3,SKU1,184.0
1080,Supplier,SKU1,0.0
1080,W1,SKU1,267.0
1080,W2,SKU1,184.0
1080,R1,SKU1,94.0
1080,R2,SKU1,105.0
1080,R3,SKU1,146.0
1081,Supplier,SKU1,0.0
1081,W1,SKU1,199.0
1081,W2,SKU1,146.0
1081,R1,SKU1,107.0
1081,R2,SKU1,92.0
1081,R3,SKU1,112.0
1082,Supplier,SKU1,0.0
1082,W1,SKU1,199.0
1082,W2,SKU1,112.0
1082,R1,SKU1,90.0
1082,R2,SKU1,95.0
1082,R3,SKU1,153.0
1083,Supplier,SKU1,0.0
1083,W1,SKU1,185.0
1083,W2,SKU1,165.0
1083,R1,SKU1,110.0
1083,R2,SKU1,73.0
1083,R3,SKU1,143.0
1084,Supplier,SKU1,0.0
1084,W1,SKU1,183.0
1084,W2,SKU1,131.0
1084,R1,SKU1,134.0
1084,R2,SKU1,104.0
1084,R3,SKU1,177.0
1085,Supplier,SKU1,0.0
1085,W1,SKU1,238.0
1085,W2,SKU1,177.0
1085,R1,SKU1,106.0
1085,R2,SKU1,105.0
1085,R3,SKU1,200.0
1086,Supplier,SKU1,0.0
1086,W1,SKU1,211.0
1086,W2,SKU1,200.0
1086,R1,SKU1,153.0
1086,R2,SKU1,117.0
1086,R3,SKU1,188.0
1087,Supplier,SKU1,0.0
1087,W1,SKU1,281.0
1087,W2,SKU1,188.0
1087,R1,SKU1,97.0
1087,R2,SKU1,71.0
1087,R3,SKU1,149.0
1088,Supplier,SKU1,0.0
1088,W1,SKU1,157.0
1088,W2,SKU1,149.0
1088,R1,SKU1,91.0
1088,R2,SKU1,75.0
1088,R3,SKU1,120.0
1089,Supplier,SKU1,0.0
1089,W1,SKU1,166.0
1089,W2,SKU1,120.0
1089,R1,SKU1,86.0
1089,R2,SKU1,67.0
1089,R3,SKU1,133.0
1090,Supplier,SKU1,0.0
1090,W1,SKU1,153.0
1090,W2,SKU1,153.0
1090,R1,SKU1,90.0
1090,R2,SKU1,87.0
1090,R3,SKU1,89.0
1091,Supplier,SKU1,0.0
1091,W1,SKU1,177.0
1091,W2,SKU1,69.0
1091,R1,SKU1,89.0
1091,R2,SKU1,77.0
1091,R3,SKU1,141.0
1092,Supplier,SKU1,0.0
1092,W1,SKU1,166.0
1092,W2,SKU1,141.0
1092,R1,SKU1,144.0
1092,R2,SKU1,92.0
1092,R3,SKU1,177.0
1093,Supplier,SKU1,0.0
1093,W1,SKU1,236.0
1093,W2,SKU1,177.0
1093,R1,SKU1,150.0
1093,R2,SKU1,113.0
1093,R3,SKU1,183.0
1094,Supplier,SKU1,0.0
1094,W1,SKU1,263.0
1094,W2,SKU1,183.0
1094,R1,SKU1,85.0
1094,R2,SKU1,91.0
1094,R3,SKU1,122.0
1095,Supplier,SKU1,0.0
1095,W1,SKU1,176.0
1095,W2,SKU1,122.0
1095,R1,SKU1,77.0
1095,R2,SKU1,69.0
1095,R3,SKU1,113.0
1096,Supplier,SKU1,0.0
1096,W1,SKU1,146.0
1096,W2,SKU1,135.0
1096,R1,SKU1,76.0
1096,R2,SKU1,70.0
1096,R3,SKU1,80.0
1097,Supplier,SKU1,0.0
1097,W1,SKU1,146.0
1097,W2,SKU1,58.0
1097,R1,SKU1,82.0
1097,R2,SKU1,87.0
1097,R3,SKU1,141.0
1098,Supplier,SKU1,0.0
1098,W1,SKU1,169.0
1098,W2,SKU1,141.0
1098,R1,SKU1,96.0
1098,R2,SKU1,89.0
1098,R3,SKU1,176.0
1099,Supplier,SKU1,0.0
1099,W1,SKU1,185.0
1099,W2,SKU1,176.0
1099,R1,SKU1,146.0
1099,R2,SKU1,114.0
1099,R3,SKU1,226.0
1100,Supplier,SKU1,0.0
1100,W1,SKU1,260.0
1100,W2,SKU1,226.0
1100,R1,SKU1,133.0
1100,R2,SKU1,121.0
1100,R3,SKU1,150.0
1101,Supplier,SKU1,0.0
1101,W1,SKU1,254.0
1101,W2,SKU1,150.0
1101,R1,SKU1,106.0
1101,R2,SKU1,85.0
1101,R3,SKU1,148.0
1102,Supplier,SKU1,0.0
1102,W1,SKU1,191.0
1102,W2,SKU1,148.0
1102,R1,SKU1,94.0
1102,R2,SKU1,88.0
1102,R3,SKU1,133.0
1103,Supplier,SKU1,0.0
1103,W1,SKU1,182.0
1103,W2,SKU1,133.0
1103,R1,SKU1,73.0
1103,R2,SKU1,84.0
1103,R3,SKU1,137.0
1104,Supplier,SKU1,0.0
1104,W1,SKU1,157.0
1104,W2,SKU1,137.0
1104,R1,SKU1,85.0
1104,R2,SKU1,97.0
1104,R3,SKU1,150.0
1105,Supplier,SKU1,0.0
1105,W1,SKU1,182.0
1105,W2,SKU1,150.0
1105,R1,SKU1,118.0
1105,R2,SKU1,74.0
1105,R3,SKU1,162.0
1106,Supplier,SKU1,0.0
1106,W1,SKU1,192.0
1106,W2,SKU1,162.0
1106,R1,SKU1,168.0
1106,R2,SKU1,108.0
1106,R3,SKU1,215.0
1107,Supplier,SKU1,0.0
1107,W1,SKU1,276.0
1107,W2,SKU1,215.0
1107,R1,SKU1,168.0
1107,R2,SKU1,137.0
1107,R3,SKU1,257.0
1108,Supplier,SKU1,0.0
1108,W1,SKU1,305.0
1108,W2,SKU1,272.0
1108,R1,SKU1,108.0
1108,R2,SKU1,82.0
1108,R3,SKU1,137.0
1109,Supplier,SKU1,0.0
1109,W1,SKU1,195.0
1109,W2,SKU1,122.0
1109,R1,SKU1,112.0
1109,R2,SKU1,107.0
1109,R3,SKU1,132.0
1110,Supplier,SKU1,0.0
1110,W1,SKU1,214.0
1110,W2,SKU1,154.0
1110,R1,SKU1,130.0
1110,R2,SKU1,101.0
1110,R3,SKU1,193.0
1111,Supplier,SKU1,0.0
1111,W1,SKU1,245.0
1111,W2,SKU1,171.0
1111,R1,SKU1,145.0
1111,R2,SKU1,139.0
1111,R3,SKU1,224.0
1112,Supplier,SKU1,0.0
1112,W1,SKU1,270.0
1112,W2,SKU1,224.0
1112,R1,SKU1,158.0
1112,R2,SKU1,96.0
1112,R3,SKU1,226.0
1113,Supplier,SKU1,0.0
1113,W1,SKU1,254.0
1113,W2,SKU1,250.0
1113,R1,SKU1,175.0
1113,R2,SKU1,84.0
1113,R3,SKU1,243.0
1114,Supplier,SKU1,0.0
1114,W1,SKU1,259.0
1114,W2,SKU1,219.0
1114,R1,SKU1,164.0
1114,R2,SKU1,100.0
1114,R3,SKU1,257.0
1115,Supplier,SKU1,0.0
1115,W1,SKU1,264.0
1115,W2,SKU1,276.0
1115,R1,SKU1,113.0
1115,R2,SKU1,94.0
1115,R3,SKU1,184.0
1116,Supplier,SKU1,0.0
1116,W1,SKU1,207.0
1116,W2,SKU1,165.0
1116,R1,SKU1,117.0
1116,R2,SKU1,90.0
1116,R3,SKU1,147.0
1117,Supplier,SKU1,0.0
1117,W1,SKU1,214.0
1117,W2,SKU1,147.0
1117,R1,SKU1,81.0
1117,R2,SKU1,64.0
1117,R3,SKU1,169.0
1118,Supplier,SKU1,0.0
1118,W1,SKU1,159.0
1118,W2,SKU1,169.0
1118,R1,SKU1,118.0
1118,R2,SKU1,109.0
1118,R3,SKU1,157.0
1119,Supplier,SKU1,0.0
1119,W1,SKU1,206.0
1119,W2,SKU1,157.0
1119,R1,SKU1,143.0
1119,R2,SKU1,105.0
1119,R3,SKU1,177.0
1120,Supplier,SKU1,0.0
1120,W1,SKU1,254.0
1120,W2,SKU1,177.0
1120,R1,SKU1,109.0
1120,R2,SKU1,116.0
1120,R3,SKU1,205.0
1121,Supplier,SKU1,0.0
1121,W1,SKU1,219.0
1121,W2,SKU1,205.0
1121,R1,SKU1,173.0
1121,R2,SKU1,104.0
1121,R3,SKU1,244.0
1122,Supplier,SKU1,0.0
1122,W1,SKU1,296.0
1122,W2,SKU1,249.0
1122,R1,SKU1,103.0
1122,R2,SKU1,93.0
1122,R3,SKU1,153.0
1123,Supplier,SKU1,0.0
1123,W1,SKU1,192.0
1123,W2,SKU1,148.0
1123,R1,SKU1,102.0
1123,R2,SKU1,85.0
1123,R3,SKU1,161.0
1124,Supplier,SKU1,0.0
1124,W1,SKU1,179.0
1124,W2,SKU1,161.0
1124,R1,SKU1,98.0
1124,R2,SKU1,55.0
1124,R3,SKU1,125.0
1125,Supplier,SKU1,0.0
1125,W1,SKU1,146.0
1125,W2,SKU1,125.0
1125,R1,SKU1,98.0
1125,R2,SKU1,86.0
1125,R3,SKU1,158.0
1126,Supplier,SKU1,0.0
1126,W1,SKU1,184.0
1126,W2,SKU1,158.0
1126,R1,SKU1,114.0
1126,R2,SKU1,72.0
1126,R3,SKU1,191.0
1127,Supplier,SKU1,0.0
1127,W1,SKU1,186.0
1127,W2,SKU1,191.0
1127,R1,SKU1,195.0
1127,R2,SKU1,107.0
1127,R3,SKU1,237.0
1128,Supplier,SKU1,0.0
1128,W1,SKU1,302.0
1128,W2,SKU1,237.0
1128,R1,SKU1,172.0
1128,R2,SKU1,109.0
1128,R3,SKU1,223.0
1129,Supplier,SKU1,0.0
1129,W1,SKU1,283.0
1129,W2,SKU1,223.0
1129,R1,SKU1,95.0
1129,R2,SKU1,98.0
1129,R3,SKU1,163.0
1130,Supplier,SKU1,0.0
1130,W1,SKU1,191.0
1130,W2,SKU1,186.0
1130,R1,SKU1,93.0
1130,R2,SKU1,104.0
1130,R3,SKU1,119.0
1131,Supplier,SKU1,0.0
1131,W1,SKU1,197.0
1131,W2,SKU1,105.0
1131,R1,SKU1,106.0
1131,R2,SKU1,91.0
1131,R3,SKU1,156.0
1132,Supplier,SKU1,0.0
1132,W1,SKU1,197.0
1132,W2,SKU1,161.0
1132,R1,SKU1,125.0
1132,R2,SKU1,95.0
1132,R3,SKU1,137.0
1133,Supplier,SKU1,0.0
1133,W1,SKU1,220.0
1133,W2,SKU1,123.0
1133,R1,SKU1,137.0
1133,R2,SKU1,91.0
1133,R3,SKU1,188.0
1134,Supplier,SKU1,0.0
1134,W1,SKU1,248.0
1134,W2,SKU1,211.0
1134,R1,SKU1,143.0
1134,R2,SKU1,105.0
1134,R3,SKU1,217.0
1135,Supplier,SKU1,0.0
1135,W1,SKU1,228.0
1135,W2,SKU1,194.0
1135,R1,SKU1,156.0
1135,R2,SKU1,134.0
1135,R3,SKU1,216.0
1136,Supplier,SKU1,0.0
1136,W1,SKU1,290.0
1136,W2,SKU1,216.0
1136,R1,SKU1,134.0
1136,R2,SKU1,119.0
1136,R3,SKU1,147.0
1137,Supplier,SKU1,0.0
1137,W1,SKU1,253.0
1137,W2,SKU1,163.0
1137,R1,SKU1,116.0
1137,R2,SKU1,115.0
1137,R3,SKU1,160.0
1138,Supplier,SKU1,0.0
1138,W1,SKU1,231.0
1138,W2,SKU1,144.0
1138,R1,SKU1,125.0
1138,R2,SKU1,86.0
1138,R3,SKU1,149.0
1139,Supplier,SKU1,0.0
1139,W1,SKU1,211.0
1139,W2,SKU1,149.0
1139,R1,SKU1,116.0
1139,R2,SKU1,104.0
1139,R3,SKU1,160.0
1140,Supplier,SKU1,0.0
1140,W1,SKU1,231.0
1140,W2,SKU1,160.0
1140,R1,SKU1,142.0
1140,R2,SKU1,99.0
1140,R3,SKU1,169.0
1141,Supplier,SKU1,0.0
1141,W1,SKU1,230.0
1141,W2,SKU1,169.0
1141,R1,SKU1,131.0
1141,R2,SKU1,103.0
1141,R3,SKU1,188.0
1142,Supplier,SKU1,0.0
1142,W1,SKU1,234.0
1142,W2,SKU1,188.0
1142,R1,SKU1,152.0
1142,R2,SKU1,135.0
1142,R3,SKU1,231.0
1143,Supplier,SKU1,0.0
1143,W1,SKU1,287.0
1143,W2,SKU1,231.0
1143,R1,SKU1,115.0
1143,R2,SKU1,87.0
1143,R3,SKU1,157.0
1144,Supplier,SKU1,0.0
1144,W1,SKU1,202.0
1144,W2,SKU1,157.0
1144,R1,SKU1,116.0
1144,R2,SKU1,83.0
1144,R3,SKU1,166.0
1145,Supplier,SKU1,0.0
1145,W1,SKU1,201.0
1145,W2,SKU1,166.0
1145,R1,SKU1,83.0
1145,R2,SKU1,68.0
1145,R3,SKU1,160.0
1146,Supplier,SKU1,0.0
1146,W1,SKU1,152.0
1146,W2,SKU1,160.0
1146,R1,SKU1,96.0
1146,R2,SKU1,74.0
1146,R3,SKU1,135.0
1147,Supplier,SKU1,0.0
1147,W1,SKU1,167.0
1147,W2,SKU1,135.0
1147,R1,SKU1,109.0
1147,R2,SKU1,92.0
1147,R3,SKU1,135.0
1148,Supplier,SKU1,0.0
1148,W1,SKU1,201.0
1148,W2,SKU1,135.0
1148,R1,SKU1,175.0
1148,R2,SKU1,117.0
1148,R3,SKU1,258.0
1149,Supplier,SKU1,0.0
1149,W1,SKU1,293.0
1149,W2,SKU1,258.0
1149,R1,SKU1,164.0
1149,R2,SKU1,129.0
1149,R3,SKU1,183.0
1150,Supplier,SKU1,0.0
1150,W1,SKU1,292.0
1150,W2,SKU1,183.0
1150,R1,SKU1,105.0
1150,R2,SKU1,62.0
1150,R3,SKU1,133.0
1151,Supplier,SKU1,0.0
1151,W1,SKU1,167.0
1151,W2,SKU1,133.0
1151,R1,SKU1,110.0
1151,R2,SKU1,87.0
1151,R3,SKU1,134.0
1152,Supplier,SKU1,0.0
1152,W1,SKU1,197.0
1152,W2,SKU1,134.0
1152,R1,SKU1,79.0
1152,R2,SKU1,79.0
1152,R3,SKU1,100.0
1153,Supplier,SKU1,0.0
1153,W1,SKU1,158.0
1153,W2,SKU1,100.0
1153,R1,SKU1,71.0
1153,R2,SKU1,87.0
1153,R3,SKU1,159.0
1154,Supplier,SKU1,0.0
1154,W1,SKU1,158.0
1154,W2,SKU1,159.0
1154,R1,SKU1,130.0
1154,R2,SKU1,92.0
1154,R3,SKU1,141.0
1155,Supplier,SKU1,0.0
1155,W1,SKU1,222.0
1155,W2,SKU1,141.0
1155,R1,SKU1,158.0
1155,R2,SKU1,89.0
1155,R3,SKU1,226.0
1156,Supplier,SKU1,0.0
1156,W1,SKU1,269.0
1156,W2,SKU1,226.0
1156,R1,SKU1,179.0
1156,R2,SKU1,118.0
1156,R3,SKU1,212.0
1157,Supplier,SKU1,0.0
1157,W1,SKU1,275.0
1157,W2,SKU1,212.0
1157,R1,SKU1,83.0
1157,R2,SKU1,88.0
1157,R3,SKU1,151.0
1158,Supplier,SKU1,0.0
1158,W1,SKU1,171.0
1158,W2,SKU1,163.0
1158,R1,SKU1,118.0
1158,R2,SKU1,88.0
1158,R3,SKU1,128.0
1159,Supplier,SKU1,0.0
1159,W1,SKU1,206.0
1159,W2,SKU1,116.0
1159,R1,SKU1,124.0
1159,R2,SKU1,83.0
1159,R3,SKU1,125.0
1160,Supplier,SKU1,0.0
1160,W1,SKU1,213.0
1160,W2,SKU1,141.0
1160,R1,SKU1,93.0
1160,R2,SKU1,85.0
1160,R3,SKU1,128.0
1161,Supplier,SKU1,0.0
1161,W1,SKU1,191.0
1161,W2,SKU1,112.0
1161,R1,SKU1,106.0
1161,R2,SKU1,95.0
1161,R3,SKU1,147.0
1162,Supplier,SKU1,0.0
1162,W1,SKU1,192.0
1162,W2,SKU1,159.0
1162,R1,SKU1,181.0
1162,R2,SKU1,114.0
1162,R3,SKU1,157.0
1163,Supplier,SKU1,0.0
1163,W1,SKU1,287.0
1163,W2,SKU1,145.0
1163,R1,SKU1,173.0
1163,R2,SKU1,122.0
1163,R3,SKU1,225.0
1164,Supplier,SKU1,0.0
1164,W1,SKU1,293.0
1164,W2,SKU1,225.0
1164,R1,SKU1,126.0
1164,R2,SKU1,89.0
1164,R3,SKU1,151.0
1165,Supplier,SKU1,0.0
1165,W1,SKU1,215.0
1165,W2,SKU1,151.0
1165,R1,SKU1,118.0
1165,R2,SKU1,120.0
1165,R3,SKU1,161.0
1166,Supplier,SKU1,0.0
1166,W1,SKU1,253.0
1166,W2,SKU1,161.0
1166,R1,SKU1,145.0
1166,R2,SKU1,107.0
1166,R3,SKU1,154.0
1167,Supplier,SKU1,0.0
1167,W1,SKU1,237.0
1167,W2,SKU1,154.0
1167,R1,SKU1,97.0
1167,R2,SKU1,103.0
1167,R3,SKU1,160.0
1168,Supplier,SKU1,0.0
1168,W1,SKU1,200.0
1168,W2,SKU1,160.0
1168,R1,SKU1,129.0
1168,R2,SKU1,120.0
1168,R3,SKU1,165.0
1169,Supplier,SKU1,0.0
1169,W1,SKU1,249.0
1169,W2,SKU1,165.0
1169,R1,SKU1,185.0
1169,R2,SKU1,127.0
1169,R3,SKU1,210.0
1170,Supplier,SKU1,0.0
1170,W1,SKU1,312.0
1170,W2,SKU1,210.0
1170,R1,SKU1,188.0
1170,R2,SKU1,92.0
1170,R3,SKU1,207.0
1171,Supplier,SKU1,0.0
1171,W1,SKU1,292.0
1171,W2,SKU1,217.0
1171,R1,SKU1,132.0
1171,R2,SKU1,89.0
1171,R3,SKU1,119.0
1172,Supplier,SKU1,0.0
1172,W1,SKU1,213.0
1172,W2,SKU1,109.0
1172,R1,SKU1,123.0
1172,R2,SKU1,108.0
1172,R3,SKU1,147.0
1173,Supplier,SKU1,0.0
1173,W1,SKU1,244.0
1173,W2,SKU1,156.0
1173,R1,SKU1,148.0
1173,R2,SKU1,104.0
1173,R3,SKU1,160.0
1174,Supplier,SKU1,0.0
1174,W1,SKU1,235.0
1174,W2,SKU1,151.0
1174,R1,SKU1,118.0
1174,R2,SKU1,93.0
1174,R3,SKU1,166.0
1175,Supplier,SKU1,0.0
1175,W1,SKU1,211.0
1175,W2,SKU1,166.0
1175,R1,SKU1,184.0
1175,R2,SKU1,97.0
1175,R3,SKU1,204.0
1176,Supplier,SKU1,0.0
1176,W1,SKU1,292.0
1176,W2,SKU1,204.0
1176,R1,SKU1,169.0
1176,R2,SKU1,125.0
1176,R3,SKU1,247.0
1177,Supplier,SKU1,0.0
1177,W1,SKU1,286.0
1177,W2,SKU1,251.0
1177,R1,SKU1,210.0
1177,R2,SKU1,132.0
1177,R3,SKU1,240.0
1178,Supplier,SKU1,0.0
1178,W1,SKU1,339.0
1178,W2,SKU1,236.0
1178,R1,SKU1,134.0
1178,R2,SKU1,81.0
1178,R3,SKU1,125.0
1179,Supplier,SKU1,0.0
1179,W1,SKU1,215.0
1179,W2,SKU1,125.0
1179,R1,SKU1,104.0
1179,R2,SKU1,76.0
1179,R3,SKU1,123.0
1180,Supplier,SKU1,0.0
1180,W1,SKU1,195.0
1180,W2,SKU1,123.0
1180,R1,SKU1,126.0
1180,R2,SKU1,80.0
1180,R3,SKU1,195.0
1181,Supplier,SKU1,0.0
1181,W1,SKU1,201.0
1181,W2,SKU1,218.0
1181,R1,SKU1,110.0
1181,R2,SKU1,105.0
1181,R3,SKU1,131.0
1182,Supplier,SKU1,0.0
1182,W1,SKU1,216.0
1182,W2,SKU1,108.0
1182,R1,SKU1,143.0
1182,R2,SKU1,80.0
1182,R3,SKU1,185.0
1183,Supplier,SKU1,0.0
1183,W1,SKU1,212.0
1183,W2,SKU1,193.0
1183,R1,SKU1,133.0
1183,R2,SKU1,89.0
1183,R3,SKU1,216.0
1184,Supplier,SKU1,0.0
1184,W1,SKU1,234.0
1184,W2,SKU1,209.0
1184,R1,SKU1,177.0
1184,R2,SKU1,109.0
1184,R3,SKU1,240.0
1185,Supplier,SKU1,0.0
1185,W1,SKU1,274.0
1185,W2,SKU1,249.0
1185,R1,SKU1,113.0
1185,R2,SKU1,81.0
1185,R3,SKU1,106.0
1186,Supplier,SKU1,0.0
1186,W1,SKU1,194.0
1186,W2,SKU1,96.0
1186,R1,SKU1,121.0
1186,R2,SKU1,72.0
1186,R3,SKU1,147.0
1187,Supplier,SKU1,0.0
1187,W1,SKU1,193.0
1187,W2,SKU1,147.0
1187,R1,SKU1,96.0
1187,R2,SKU1,88.0
1187,R3,SKU1,131.0
1188,Supplier,SKU1,0.0
1188,W1,SKU1,184.0
1188,W2,SKU1,131.0
1188,R1,SKU1,143.0
1188,R2,SKU1,109.0
1188,R3,SKU1,195.0
1189,Supplier,SKU1,0.0
1189,W1,SKU1,252.0
1189,W2,SKU1,195.0
1189,R1,SKU1,142.0
1189,R2,SKU1,116.0
1189,R3,SKU1,160.0
1190,Supplier,SKU1,0.0
1190,W1,SKU1,258.0
1190,W2,SKU1,160.0
1190,R1,SKU1,179.0
1190,R2,SKU1,103.0
1190,R3,SKU1,220.0
1191,Supplier,SKU1,0.0
1191,W1,SKU1,282.0
1191,W2,SKU1,220.0
1191,R1,SKU1,183.0
1191,R2,SKU1,120.0
1191,R3,SKU1,238.0
1192,Supplier,SKU1,0.0
1192,W1,SKU1,303.0
1192,W2,SKU1,258.0
1192,R1,SKU1,130.0
1192,R2,SKU1,126.0
1192,R3,SKU1,134.0
1193,Supplier,SKU1,0.0
1193,W1,SKU1,259.0
1193,W2,SKU1,114.0
1193,R1,SKU1,120.0
1193,R2,SKU1,77.0
1193,R3,SKU1,144.0
1194,Supplier,SKU1,0.0
1194,W1,SKU1,194.0
1194,W2,SKU1,158.0
1194,R1,SKU1,146.0
1194,R2,SKU1,103.0
1194,R3,SKU1,159.0
1195,Supplier,SKU1,0.0
1195,W1,SKU1,249.0
1195,W2,SKU1,145.0
1195,R1,SKU1,98.0
1195,R2,SKU1,95.0
1195,R3,SKU1,158.0
1196,Supplier,SKU1,0.0
1196,W1,SKU1,193.0
1196,W2,SKU1,158.0
1196,R1,SKU1,136.0
1196,R2,SKU1,102.0
1196,R3,SKU1,181.0
1197,Supplier,SKU1,0.0
1197,W1,SKU1,238.0
1197,W2,SKU1,181.0
1197,R1,SKU1,186.0
1197,R2,SKU1,100.0
1197,R3,SKU1,275.0
1198,Supplier,SKU1,0.0
1198,W1,SKU1,286.0
1198,W2,SKU1,275.0
1198,R1,SKU1,189.0
1198,R2,SKU1,112.0
1198,R3,SKU1,226.0
1199,Supplier,SKU1,0.0
1199,W1,SKU1,301.0
1199,W2,SKU1,226.0
1199,R1,SKU1,131.0
1199,R2,SKU1,118.0
1199,R3,SKU1,148.0
1200,Supplier,SKU1,0.0
1200,W1,SKU1,250.0
1200,W2,SKU1,148.0
1200,R1,SKU1,143.0
1200,R2,SKU1,103.0
1200,R3,SKU1,135.0
1201,Supplier,SKU1,0.0
1201,W1,SKU1,245.0
1201,W2,SKU1,135.0
1201,R1,SKU1,107.0
1201,R2,SKU1,105.0
1201,R3,SKU1,137.0
1202,Supplier,SKU1,0.0
1202,W1,SKU1,212.0
1202,W2,SKU1,137.0
1202,R1,SKU1,114.0
1202,R2,SKU1,131.0
1202,R3,SKU1,167.0
1203,Supplier,SKU1,0.0
1203,W1,SKU1,257.0
1203,W2,SKU1,167.0
1203,R1,SKU1,151.0
1203,R2,SKU1,102.0
1203,R3,SKU1,199.0
1204,Supplier,SKU1,0.0
1204,W1,SKU1,241.0
1204,W2,SKU1,199.0
1204,R1,SKU1,128.0
1204,R2,SKU1,101.0
1204,R3,SKU1,213.0
1205,Supplier,SKU1,0.0
1205,W1,SKU1,229.0
1205,W2,SKU1,213.0
1205,R1,SKU1,165.0
1205,R2,SKU1,117.0
1205,R3,SKU1,227.0
1206,Supplier,SKU1,0.0
1206,W1,SKU1,282.0
1206,W2,SKU1,240.0
1206,R1,SKU1,132.0
1206,R2,SKU1,100.0
1206,R3,SKU1,124.0
1207,Supplier,SKU1,0.0
1207,W1,SKU1,232.0
1207,W2,SKU1,111.0
1207,R1,SKU1,112.0
1207,R2,SKU1,78.0
1207,R3,SKU1,156.0
1208,Supplier,SKU1,0.0
1208,W1,SKU1,190.0
1208,W2,SKU1,167.0
1208,R1,SKU1,134.0
1208,R2,SKU1,57.0
1208,R3,SKU1,125.0
1209,Supplier,SKU1,0.0
1209,W1,SKU1,191.0
1209,W2,SKU1,114.0
1209,R1,SKU1,96.0
1209,R2,SKU1,73.0
1209,R3,SKU1,138.0
1210,Supplier,SKU1,0.0
1210,W1,SKU1,169.0
1210,W2,SKU1,152.0
1210,R1,SKU1,148.0
1210,R2,SKU1,105.0
1210,R3,SKU1,194.0
1211,Supplier,SKU1,0.0
1211,W1,SKU1,253.0
1211,W2,SKU1,180.0
1211,R1,SKU1,152.0
1211,R2,SKU1,102.0
1211,R3,SKU1,198.0
1212,Supplier,SKU1,0.0
1212,W1,SKU1,254.0
1212,W2,SKU1,198.0
1212,R1,SKU1,161.0
1212,R2,SKU1,123.0
1212,R3,SKU1,228.0
1213,Supplier,SKU1,0.0
1213,W1,SKU1,284.0
1213,W2,SKU1,228.0
1213,R1,SKU1,120.0
1213,R2,SKU1,99.0
1213,R3,SKU1,154.0
1214,Supplier,SKU1,0.0
1214,W1,SKU1,219.0
1214,W2,SKU1,154.0
1214,R1,SKU1,121.0
1214,R2,SKU1,88.0
1214,R3,SKU1,121.0
1215,Supplier,SKU1,0.0
1215,W1,SKU1,228.0
1215,W2,SKU1,121.0
1215,R1,SKU1,70.0
1215,R2,SKU1,77.0
1215,R3,SKU1,142.0
1216,Supplier,SKU1,0.0
1216,W1,SKU1,128.0
1216,W2,SKU1,163.0
1216,R1,SKU1,103.0
1216,R2,SKU1,105.0
1216,R3,SKU1,140.0
1217,Supplier,SKU1,0.0
1217,W1,SKU1,208.0
1217,W2,SKU1,119.0
1217,R1,SKU1,150.0
1217,R2,SKU1,98.0
1217,R3,SKU1,175.0
1218,Supplier,SKU1,0.0
1218,W1,SKU1,256.0
1218,W2,SKU1,194.0
1218,R1,SKU1,158.0
1218,R2,SKU1,121.0
1218,R3,SKU1,196.0
1219,Supplier,SKU1,0.0
1219,W1,SKU1,271.0
1219,W2,SKU1,190.0
1219,R1,SKU1,218.0
1219,R2,SKU1,148.0
1219,R3,SKU1,223.0
1220,Supplier,SKU1,0.0
1220,W1,SKU1,366.0
1220,W2,SKU1,213.0
1220,R1,SKU1,147.0
1220,R2,SKU1,85.0
1220,R3,SKU1,173.0
1221,Supplier,SKU1,0.0
1221,W1,SKU1,232.0
1221,W2,SKU1,186.0
1221,R1,SKU1,107.0
1221,R2,SKU1,102.0
1221,R3,SKU1,130.0
1222,Supplier,SKU1,0.0
1222,W1,SKU1,209.0
1222,W2,SKU1,116.0
1222,R1,SKU1,156.0
1222,R2,SKU1,92.0
1222,R3,SKU1,173.0
1223,Supplier,SKU1,0.0
1223,W1,SKU1,257.0
1223,W2,SKU1,189.0
1223,R1,SKU1,157.0
1223,R2,SKU1,102.0
1223,R3,SKU1,192.0
1224,Supplier,SKU1,0.0
1224,W1,SKU1,250.0
1224,W2,SKU1,181.0
1224,R1,SKU1,147.0
1224,R2,SKU1,110.0
1224,R3,SKU1,169.0
1225,Supplier,SKU1,0.0
1225,W1,SKU1,257.0
1225,W2,SKU1,162.0
1225,R1,SKU1,175.0
1225,R2,SKU1,153.0
1225,R3,SKU1,272.0
1226,Supplier,SKU1,0.0
1226,W1,SKU1,328.0
1226,W2,SKU1,272.0
1226,R1,SKU1,230.0
1226,R2,SKU1,140.0
1226,R3,SKU1,186.0
1227,Supplier,SKU1,0.0
1227,W1,SKU1,370.0
1227,W2,SKU1,186.0
1227,R1,SKU1,148.0
1227,R2,SKU1,149.0
1227,R3,SKU1,156.0
1228,Supplier,SKU1,0.0
1228,W1,SKU1,297.0
1228,W2,SKU1,156.0
1228,R1,SKU1,114.0
1228,R2,SKU1,162.0
1228,R3,SKU1,133.0
1229,Supplier,SKU1,0.0
1229,W1,SKU1,276.0
1229,W2,SKU1,133.0
1229,R1,SKU1,153.0
1229,R2,SKU1,82.0
1229,R3,SKU1,155.0
1230,Supplier,SKU1,0.0
1230,W1,SKU1,235.0
1230,W2,SKU1,155.0
1230,R1,SKU1,100.0
1230,R2,SKU1,105.0
1230,R3,SKU1,187.0
1231,Supplier,SKU1,0.0
1231,W1,SKU1,205.0
1231,W2,SKU1,187.0
1231,R1,SKU1,184.0
1231,R2,SKU1,104.0
1231,R3,SKU1,175.0
1232,Supplier,SKU1,0.0
1232,W1,SKU1,293.0
1232,W2,SKU1,175.0
1232,R1,SKU1,196.0
1232,R2,SKU1,136.0
1232,R3,SKU1,302.0
1233,Supplier,SKU1,0.0
1233,W1,SKU1,327.0
1233,W2,SKU1,302.0
1233,R1,SKU1,157.0
1233,R2,SKU1,106.0
1233,R3,SKU1,247.0
1234,Supplier,SKU1,0.0
1234,W1,SKU1,263.0
1234,W2,SKU1,249.0
1234,R1,SKU1,138.0
1234,R2,SKU1,100.0
1234,R3,SKU1,178.0
1235,Supplier,SKU1,0.0
1235,W1,SKU1,238.0
1235,W2,SKU1,176.0
1235,R1,SKU1,118.0
1235,R2,SKU1,103.0
1235,R3,SKU1,153.0
1236,Supplier,SKU1,0.0
1236,W1,SKU1,221.0
1236,W2,SKU1,153.0
1236,R1,SKU1,160.0
1236,R2,SKU1,107.0
1236,R3,SKU1,172.0
1237,Supplier,SKU1,0.0
1237,W1,SKU1,288.0
1237,W2,SKU1,172.0
1237,R1,SKU1,114.0
1237,R2,SKU1,117.0
1237,R3,SKU1,193.0
1238,Supplier,SKU1,0.0
1238,W1,SKU1,219.0
1238,W2,SKU1,193.0
1238,R1,SKU1,174.0
1238,R2,SKU1,119.0
1238,R3,SKU1,182.0
1239,Supplier,SKU1,0.0
1239,W1,SKU1,284.0
1239,W2,SKU1,182.0
1239,R1,SKU1,166.0
1239,R2,SKU1,126.0
1239,R3,SKU1,216.0
1240,Supplier,SKU1,0.0
1240,W1,SKU1,292.0
1240,W2,SKU1,216.0
1240,R1,SKU1,198.0
1240,R2,SKU1,96.0
1240,R3,SKU1,196.0
1241,Supplier,SKU1,0.0
1241,W1,SKU1,294.0
1241,W2,SKU1,212.0
1241,R1,SKU1,138.0
1241,R2,SKU1,89.0
1241,R3,SKU1,152.0
1242,Supplier,SKU1,0.0
1242,W1,SKU1,227.0
1242,W2,SKU1,136.0
1242,R1,SKU1,117.0
1242,R2,SKU1,96.0
1242,R3,SKU1,131.0
1243,Supplier,SKU1,0.0
1243,W1,SKU1,213.0
1243,W2,SKU1,131.0
1243,R1,SKU1,133.0
1243,R2,SKU1,101.0
1243,R3,SKU1,159.0
1244,Supplier,SKU1,0.0
1244,W1,SKU1,247.0
1244,W2,SKU1,159.0
1244,R1,SKU1,101.0
1244,R2,SKU1,99.0
1244,R3,SKU1,150.0
1245,Supplier,SKU1,0.0
1245,W1,SKU1,187.0
1245,W2,SKU1,150.0
1245,R1,SKU1,188.0
1245,R2,SKU1,103.0
1245,R3,SKU1,237.0
1246,Supplier,SKU1,0.0
1246,W1,SKU1,291.0
1246,W2,SKU1,237.0
1246,R1,SKU1,165.0
1246,R2,SKU1,132.0
1246,R3,SKU1,209.0
1247,Supplier,SKU1,0.0
1247,W1,SKU1,297.0
1247,W2,SKU1,209.0
1247,R1,SKU1,220.0
1247,R2,SKU1,118.0
1247,R3,SKU1,234.0
1248,Supplier,SKU1,0.0
1248,W1,SKU1,338.0
1248,W2,SKU1,243.0
1248,R1,SKU1,179.0
1248,R2,SKU1,126.0
1248,R3,SKU1,157.0
1249,Supplier,SKU1,0.0
1249,W1,SKU1,305.0
1249,W2,SKU1,148.0
1249,R1,SKU1,148.0
1249,R2,SKU1,117.0
1249,R3,SKU1,182.0
1250,Supplier,SKU1,0.0
1250,W1,SKU1,270.0
1250,W2,SKU1,182.0
1250,R1,SKU1,180.0
1250,R2,SKU1,135.0
1250,R3,SKU1,221.0
1251,Supplier,SKU1,0.0
1251,W1,SKU1,310.0
1251,W2,SKU1,221.0
1251,R1,SKU1,224.0
1251,R2,SKU1,215.0
1251,R3,SKU1,294.0
1252,Supplier,SKU1,0.0
1252,W1,SKU1,449.0
1252,W2,SKU1,315.0
1252,R1,SKU1,257.0
1252,R2,SKU1,285.0
1252,R3,SKU1,302.0
1253,Supplier,SKU1,0.0
1253,W1,SKU1,532.0
1253,W2,SKU1,281.0
1253,R1,SKU1,155.0
1253,R2,SKU1,387.0
1253,R3,SKU1,249.0
1254,Supplier,SKU1,0.0
1254,W1,SKU1,542.0
1254,W2,SKU1,249.0
1254,R1,SKU1,246.0
1254,R2,SKU1,296.0
1254,R3,SKU1,236.0
1255,Supplier,SKU1,0.0
1255,W1,SKU1,542.0
1255,W2,SKU1,236.0
1255,R1,SKU1,157.0
1255,R2,SKU1,370.0
1255,R3,SKU1,217.0
1256,Supplier,SKU1,0.0
1256,W1,SKU1,527.0
1256,W2,SKU1,217.0
1256,R1,SKU1,178.0
1256,R2,SKU1,327.0
1256,R3,SKU1,223.0
1257,Supplier,SKU1,0.0
1257,W1,SKU1,505.0
1257,W2,SKU1,240.0
1257,R1,SKU1,172.0
1257,R2,SKU1,303.0
1257,R3,SKU1,208.0
1258,Supplier,SKU1,0.0
1258,W1,SKU1,480.0
1258,W2,SKU1,191.0
1258,R1,SKU1,160.0
1258,R2,SKU1,145.0
1258,R3,SKU1,258.0
1259,Supplier,SKU1,0.0
1259,W1,SKU1,300.0
1259,W2,SKU1,258.0
1259,R1,SKU1,174.0
1259,R2,SKU1,0.0
1259,R3,SKU1,244.0
1260,Supplier,SKU1,0.0
1260,W1,SKU1,174.0
1260,W2,SKU1,244.0
1260,R1,SKU1,210.0
1260,R2,SKU1,0.0
1260,R3,SKU1,302.0
1261,Supplier,SKU1,0.0
1261,W1,SKU1,210.0
1261,W2,SKU1,302.0
1261,R1,SKU1,251.0
1261,R2,SKU1,0.0
1261,R3,SKU1,213.0
1262,Supplier,SKU1,0.0
1262,W1,SKU1,261.0
1262,W2,SKU1,215.0
1262,R1,SKU1,185.0
1262,R2,SKU1,0.0
1262,R3,SKU1,208.0
1263,Supplier,SKU1,0.0
1263,W1,SKU1,175.0
1263,W2,SKU1,223.0
1263,R1,SKU1,187.0
1263,R2,SKU1,0.0
1263,R3,SKU1,195.0
1264,Supplier,SKU1,0.0
1264,W1,SKU1,187.0
1264,W2,SKU1,178.0
1264,R1,SKU1,155.0
1264,R2,SKU1,0.0
1264,R3,SKU1,171.0
1265,Supplier,SKU1,0.0
1265,W1,SKU1,155.0
1265,W2,SKU1,171.0
1265,R1,SKU1,175.0
1265,R2,SKU1,0.0
1265,R3,SKU1,173.0
1266,Supplier,SKU1,0.0
1266,W1,SKU1,175.0
1266,W2,SKU1,173.0
1266,R1,SKU1,216.0
1266,R2,SKU1,0.0
1266,R3,SKU1,255.0
1267,Supplier,SKU1,0.0
1267,W1,SKU1,216.0
1267,W2,SKU1,255.0
1267,R1,SKU1,292.0
1267,R2,SKU1,0.0
1267,R3,SKU1,268.0
1268,Supplier,SKU1,0.0
1268,W1,SKU1,308.0
1268,W2,SKU1,268.0
1268,R1,SKU1,288.0
1268,R2,SKU1,0.0
1268,R3,SKU1,225.0
1269,Supplier,SKU1,0.0
1269,W1,SKU1,296.0
1269,W2,SKU1,225.0
1269,R1,SKU1,163.0
1269,R2,SKU1,18.0
1269,R3,SKU1,183.0
1270,Supplier,SKU1,0.0
1270,W1,SKU1,177.0
1270,W2,SKU1,183.0
1270,R1,SKU1,166.0
1270,R2,SKU1,155.0
1270,R3,SKU1,212.0
1271,Supplier,SKU1,0.0
1271,W1,SKU1,301.0
1271,W2,SKU1,212.0
1271,R1,SKU1,193.0
1271,R2,SKU1,88.0
1271,R3,SKU1,216.0
1272,Supplier,SKU1,0.0
1272,W1,SKU1,282.0
1272,W2,SKU1,228.0
1272,R1,SKU1,217.0
1272,R2,SKU1,134.0
1272,R3,SKU1,245.0
1273,Supplier,SKU1,0.0
1273,W1,SKU1,350.0
1273,W2,SKU1,233.0
1273,R1,SKU1,142.0
1273,R2,SKU1,132.0
1273,R3,SKU1,216.0
1274,Supplier,SKU1,0.0
1274,W1,SKU1,274.0
1274,W2,SKU1,216.0
1274,R1,SKU1,221.0
1274,R2,SKU1,146.0
1274,R3,SKU1,167.0
1275,Supplier,SKU1,0.0
1275,W1,SKU1,367.0
1275,W2,SKU1,183.0
1275,R1,SKU1,286.0
1275,R2,SKU1,114.0
1275,R3,SKU1,151.0
1276,Supplier,SKU1,0.0
1276,W1,SKU1,400.0
1276,W2,SKU1,135.0
1276,R1,SKU1,270.0
1276,R2,SKU1,229.0
1276,R3,SKU1,179.0
1277,Supplier,SKU1,0.0
1277,W1,SKU1,499.0
1277,W2,SKU1,179.0
1277,R1,SKU1,159.0
1277,R2,SKU1,322.0
1277,R3,SKU1,193.0
1278,Supplier,SKU1,0.0
1278,W1,SKU1,481.0
1278,W2,SKU1,193.0
1278,R1,SKU1,111.0
1278,R2,SKU1,388.0
1278,R3,SKU1,211.0
1279,Supplier,SKU1,0.0
1279,W1,SKU1,499.0
1279,W2,SKU1,211.0
1279,R1,SKU1,208.0
1279,R2,SKU1,251.0
1279,R3,SKU1,236.0
1280,Supplier,SKU1,0.0
1280,W1,SKU1,459.0
1280,W2,SKU1,247.0
1280,R1,SKU1,238.0
1280,R2,SKU1,373.0
1280,R3,SKU1,325.0
1281,Supplier,SKU1,0.0
1281,W1,SKU1,611.0
1281,W2,SKU1,314.0
1281,R1,SKU1,282.0
1281,R2,SKU1,393.0
1281,R3,SKU1,324.0
1282,Supplier,SKU1,0.0
1282,W1,SKU1,686.0
1282,W2,SKU1,338.0
1282,R1,SKU1,259.0
1282,R2,SKU1,397.0
1282,R3,SKU1,362.0
1283,Supplier,SKU1,0.0
1283,W1,SKU1,645.0
1283,W2,SKU1,348.0
1283,R1,SKU1,175.0
1283,R2,SKU1,279.0
1283,R3,SKU1,207.0
1284,Supplier,SKU1,0.0
1284,W1,SKU1,454.0
1284,W2,SKU1,207.0
1284,R1,SKU1,184.0
1284,R2,SKU1,114.0
1284,R3,SKU1,226.0
1285,Supplier,SKU1,0.0
1285,W1,SKU1,298.0
1285,W2,SKU1,233.0
1285,R1,SKU1,180.0
1285,R2,SKU1,0.0
1285,R3,SKU1,266.0
1286,Supplier,SKU1,0.0
1286,W1,SKU1,180.0
1286,W2,SKU1,259.0
1286,R1,SKU1,175.0
1286,R2,SKU1,0.0
1286,R3,SKU1,355.0
1287,Supplier,SKU1,0.0
1287,W1,SKU1,175.0
1287,W2,SKU1,355.0
1287,R1,SKU1,202.0
1287,R2,SKU1,0.0
1287,R3,SKU1,460.0
1288,Supplier,SKU1,0.0
1288,W1,SKU1,202.0
1288,W2,SKU1,460.0
1288,R1,SKU1,263.0
1288,R2,SKU1,0.0
1288,R3,SKU1,538.0
1289,Supplier,SKU1,0.0
1289,W1,SKU1,265.0
1289,W2,SKU1,538.0
1289,R1,SKU1,288.0
1289,R2,SKU1,0.0
1289,R3,SKU1,516.0
1290,Supplier,SKU1,0.0
1290,W1,SKU1,286.0
1290,W2,SKU1,516.0
1290,R1,SKU1,193.0
1290,R2,SKU1,0.0
1290,R3,SKU1,424.0
1291,Supplier,SKU1,0.0
1291,W1,SKU1,193.0
1291,W2,SKU1,440.0
1291,R1,SKU1,166.0
1291,R2,SKU1,0.0
1291,R3,SKU1,447.0
1292,Supplier,SKU1,0.0
1292,W1,SKU1,166.0
1292,W2,SKU1,431.0
1292,R1,SKU1,172.0
1292,R2,SKU1,0.0
1292,R3,SKU1,421.0
1293,Supplier,SKU1,0.0
1293,W1,SKU1,172.0
1293,W2,SKU1,421.0
1293,R1,SKU1,185.0
1293,R2,SKU1,0.0
1293,R3,SKU1,369.0
1294,Supplier,SKU1,0.0
1294,W1,SKU1,185.0
1294,W2,SKU1,390.0
1294,R1,SKU1,200.0
1294,R2,SKU1,0.0
1294,R3,SKU1,331.0
1295,Supplier,SKU1,0.0
1295,W1,SKU1,200.0
1295,W2,SKU1,321.0
1295,R1,SKU1,270.0
1295,R2,SKU1,0.0
1295,R3,SKU1,163.0
1296,Supplier,SKU1,0.0
1296,W1,SKU1,270.0
1296,W2,SKU1,152.0
1296,R1,SKU1,263.0
1296,R2,SKU1,54.0
1296,R3,SKU1,0.0
1297,Supplier,SKU1,0.0
1297,W1,SKU1,317.0
1297,W2,SKU1,0.0
1297,R1,SKU1,155.0
1297,R2,SKU1,104.0
1297,R3,SKU1,54.0
1298,Supplier,SKU1,0.0
1298,W1,SKU1,276.0
1298,W2,SKU1,54.0
1298,R1,SKU1,134.0
1298,R2,SKU1,132.0
1298,R3,SKU1,0.0
1299,Supplier,SKU1,0.0
1299,W1,SKU1,249.0
1299,W2,SKU1,0.0
1299,R1,SKU1,135.0
1299,R2,SKU1,100.0
1299,R3,SKU1,0.0
1300,Supplier,SKU1,0.0
1300,W1,SKU1,235.0
1300,W2,SKU1,0.0
1300,R1,SKU1,139.0
1300,R2,SKU1,107.0
1300,R3,SKU1,0.0
1301,Supplier,SKU1,0.0
1301,W1,SKU1,246.0
1301,W2,SKU1,0.0
1301,R1,SKU1,183.0
1301,R2,SKU1,116.0
1301,R3,SKU1,52.0
1302,Supplier,SKU1,0.0
1302,W1,SKU1,299.0
1302,W2,SKU1,52.0
1302,R1,SKU1,274.0
1302,R2,SKU1,154.0
1302,R3,SKU1,326.0
1303,Supplier,SKU1,0.0
1303,W1,SKU1,428.0
1303,W2,SKU1,326.0
1303,R1,SKU1,267.0
1303,R2,SKU1,157.0
1303,R3,SKU1,354.0
1304,Supplier,SKU1,0.0
1304,W1,SKU1,424.0
1304,W2,SKU1,354.0
1304,R1,SKU1,137.0
1304,R2,SKU1,255.0
1304,R3,SKU1,212.0
1305,Supplier,SKU1,0.0
1305,W1,SKU1,416.0
1305,W2,SKU1,212.0
1305,R1,SKU1,170.0
1305,R2,SKU1,263.0
1305,R3,SKU1,200.0
1306,Supplier,SKU1,0.0
1306,W1,SKU1,409.0
1306,W2,SKU1,212.0
1306,R1,SKU1,164.0
1306,R2,SKU1,284.0
1306,R3,SKU1,192.0
1307,Supplier,SKU1,0.0
1307,W1,SKU1,457.0
1307,W2,SKU1,204.0
1307,R1,SKU1,159.0
1307,R2,SKU1,301.0
1307,R3,SKU1,191.0
1308,Supplier,SKU1,0.0
1308,W1,SKU1,451.0
1308,W2,SKU1,167.0
1308,R1,SKU1,186.0
1308,R2,SKU1,264.0
1308,R3,SKU1,232.0
1309,Supplier,SKU1,0.0
1309,W1,SKU1,450.0
1309,W2,SKU1,232.0
1309,R1,SKU1,244.0
1309,R2,SKU1,140.0
1309,R3,SKU1,289.0
1310,Supplier,SKU1,0.0
1310,W1,SKU1,384.0
1310,W2,SKU1,289.0
1310,R1,SKU1,242.0
1310,R2,SKU1,97.0
1310,R3,SKU1,247.0
1311,Supplier,SKU1,0.0
1311,W1,SKU1,339.0
1311,W2,SKU1,247.0
1311,R1,SKU1,250.0
1311,R2,SKU1,38.0
1311,R3,SKU1,292.0
1312,Supplier,SKU1,0.0
1312,W1,SKU1,288.0
1312,W2,SKU1,292.0
1312,R1,SKU1,175.0
1312,R2,SKU1,11.0
1312,R3,SKU1,168.0
1313,Supplier,SKU1,0.0
1313,W1,SKU1,186.0
1313,W2,SKU1,168.0
1313,R1,SKU1,154.0
1313,R2,SKU1,0.0
1313,R3,SKU1,225.0
1314,Supplier,SKU1,0.0
1314,W1,SKU1,154.0
1314,W2,SKU1,225.0
1314,R1,SKU1,178.0
1314,R2,SKU1,0.0
1314,R3,SKU1,185.0
1315,Supplier,SKU1,0.0
1315,W1,SKU1,178.0
1315,W2,SKU1,185.0
1315,R1,SKU1,193.0
1315,R2,SKU1,0.0
1315,R3,SKU1,236.0
1316,Supplier,SKU1,0.0
1316,W1,SKU1,193.0
1316,W2,SKU1,236.0
1316,R1,SKU1,204.0
1316,R2,SKU1,0.0
1316,R3,SKU1,301.0
1317,Supplier,SKU1,0.0
1317,W1,SKU1,204.0
1317,W2,SKU1,301.0
1317,R1,SKU1,206.0
1317,R2,SKU1,0.0
1317,R3,SKU1,244.0
1318,Supplier,SKU1,0.0
1318,W1,SKU1,210.0
1318,W2,SKU1,245.0
1318,R1,SKU1,153.0
1318,R2,SKU1,39.0
1318,R3,SKU1,211.0
1319,Supplier,SKU1,0.0
1319,W1,SKU1,202.0
1319,W2,SKU1,210.0
1319,R1,SKU1,164.0
1319,R2,SKU1,100.0
1319,R3,SKU1,204.0
1320,Supplier,SKU1,0.0
1320,W1,SKU1,266.0
1320,W2,SKU1,214.0
1320,R1,SKU1,178.0
1320,R2,SKU1,128.0
1320,R3,SKU1,211.0
1321,Supplier,SKU1,0.0
1321,W1,SKU1,290.0
1321,W2,SKU1,225.0
1321,R1,SKU1,151.0
1321,R2,SKU1,126.0
1321,R3,SKU1,181.0
1322,Supplier,SKU1,0.0
1322,W1,SKU1,277.0
1322,W2,SKU1,157.0
1322,R1,SKU1,165.0
1322,R2,SKU1,117.0
1322,R3,SKU1,180.0
1323,Supplier,SKU1,0.0
1323,W1,SKU1,282.0
1323,W2,SKU1,180.0
1323,R1,SKU1,216.0
1323,R2,SKU1,143.0
1323,R3,SKU1,287.0
1324,Supplier,SKU1,0.0
1324,W1,SKU1,359.0
1324,W2,SKU1,287.0
1324,R1,SKU1,208.0
1324,R2,SKU1,92.0
1324,R3,SKU1,228.0
1325,Supplier,SKU1,0.0
1325,W1,SKU1,300.0
1325,W2,SKU1,228.0
1325,R1,SKU1,181.0
1325,R2,SKU1,151.0
1325,R3,SKU1,173.0
1326,Supplier,SKU1,0.0
1326,W1,SKU1,332.0
1326,W2,SKU1,173.0
1326,R1,SKU1,127.0
1326,R2,SKU1,157.0
1326,R3,SKU1,164.0
1327,Supplier,SKU1,0.0
1327,W1,SKU1,284.0
1327,W2,SKU1,164.0
1327,R1,SKU1,119.0
1327,R2,SKU1,104.0
1327,R3,SKU1,190.0
1328,Supplier,SKU1,0.0
1328,W1,SKU1,223.0
1328,W2,SKU1,190.0
1328,R1,SKU1,164.0
1328,R2,SKU1,15.0
1328,R3,SKU1,151.0
1329,Supplier,SKU1,0.0
1329,W1,SKU1,202.0
1329,W2,SKU1,151.0
1329,R1,SKU1,177.0
1329,R2,SKU1,63.0
1329,R3,SKU1,202.0
1330,Supplier,SKU1,0.0
1330,W1,SKU1,217.0
1330,W2,SKU1,202.0
1330,R1,SKU1,210.0
1330,R2,SKU1,110.0
1330,R3,SKU1,283.0
1331,Supplier,SKU1,0.0
1331,W1,SKU1,337.0
1331,W2,SKU1,285.0
1331,R1,SKU1,220.0
1331,R2,SKU1,108.0
1331,R3,SKU1,236.0
1332,Supplier,SKU1,0.0
1332,W1,SKU1,311.0
1332,W2,SKU1,234.0
1332,R1,SKU1,108.0
1332,R2,SKU1,95.0
1332,R3,SKU1,140.0
1333,Supplier,SKU1,0.0
1333,W1,SKU1,214.0
1333,W2,SKU1,140.0
1333,R1,SKU1,141.0
1333,R2,SKU1,87.0
1333,R3,SKU1,174.0
1334,Supplier,SKU1,0.0
1334,W1,SKU1,217.0
1334,W2,SKU1,174.0
1334,R1,SKU1,120.0
1334,R2,SKU1,78.0
1334,R3,SKU1,167.0
1335,Supplier,SKU1,0.0
1335,W1,SKU1,215.0
1335,W2,SKU1,167.0
1335,R1,SKU1,161.0
1335,R2,SKU1,86.0
1335,R3,SKU1,141.0
1336,Supplier,SKU1,0.0
1336,W1,SKU1,230.0
1336,W2,SKU1,141.0
1336,R1,SKU1,110.0
1336,R2,SKU1,72.0
1336,R3,SKU1,201.0
1337,Supplier,SKU1,0.0
1337,W1,SKU1,182.0
1337,W2,SKU1,201.0
1337,R1,SKU1,201.0
1337,R2,SKU1,114.0
1337,R3,SKU1,270.0
1338,Supplier,SKU1,0.0
1338,W1,SKU1,315.0
1338,W2,SKU1,271.0
1338,R1,SKU1,202.0
1338,R2,SKU1,108.0
1338,R3,SKU1,238.0
1339,Supplier,SKU1,0.0
1339,W1,SKU1,325.0
1339,W2,SKU1,237.0
1339,R1,SKU1,129.0
1339,R2,SKU1,102.0
1339,R3,SKU1,163.0
1340,Supplier,SKU1,0.0
1340,W1,SKU1,216.0
1340,W2,SKU1,163.0
1340,R1,SKU1,112.0
1340,R2,SKU1,100.0
1340,R3,SKU1,144.0
1341,Supplier,SKU1,0.0
1341,W1,SKU1,228.0
1341,W2,SKU1,144.0
1341,R1,SKU1,191.0
1341,R2,SKU1,113.0
1341,R3,SKU1,198.0
1342,Supplier,SKU1,0.0
1342,W1,SKU1,288.0
1342,W2,SKU1,198.0
1342,R1,SKU1,134.0
1342,R2,SKU1,87.0
1342,R3,SKU1,192.0
1343,Supplier,SKU1,0.0
1343,W1,SKU1,221.0
1343,W2,SKU1,192.0
1343,R1,SKU1,201.0
1343,R2,SKU1,126.0
1343,R3,SKU1,246.0
1344,Supplier,SKU1,0.0
1344,W1,SKU1,348.0
1344,W2,SKU1,246.0
1344,R1,SKU1,206.0
1344,R2,SKU1,148.0
1344,R3,SKU1,260.0
1345,Supplier,SKU1,0.0
1345,W1,SKU1,333.0
1345,W2,SKU1,260.0
1345,R1,SKU1,231.0
1345,R2,SKU1,96.0
1345,R3,SKU1,245.0
1346,Supplier,SKU1,0.0
1346,W1,SKU1,327.0
1346,W2,SKU1,245.0
1346,R1,SKU1,123.0
1346,R2,SKU1,135.0
1346,R3,SKU1,160.0
1347,Supplier,SKU1,0.0
1347,W1,SKU1,258.0
1347,W2,SKU1,160.0
1347,R1,SKU1,147.0
1347,R2,SKU1,121.0
1347,R3,SKU1,183.0
1348,Supplier,SKU1,0.0
1348,W1,SKU1,268.0
1348,W2,SKU1,183.0
1348,R1,SKU1,99.0
1348,R2,SKU1,107.0
1348,R3,SKU1,196.0
1349,Supplier,SKU1,0.0
1349,W1,SKU1,206.0
1349,W2,SKU1,196.0
1349,R1,SKU1,150.0
1349,R2,SKU1,119.0
1349,R3,SKU1,205.0
1350,Supplier,SKU1,0.0
1350,W1,SKU1,275.0
1350,W2,SKU1,205.0
1350,R1,SKU1,179.0
1350,R2,SKU1,50.0
1350,R3,SKU1,215.0
1351,Supplier,SKU1,0.0
1351,W1,SKU1,223.0
1351,W2,SKU1,220.0
1351,R1,SKU1,208.0
1351,R2,SKU1,101.0
1351,R3,SKU1,252.0
1352,Supplier,SKU1,0.0
1352,W1,SKU1,332.0
1352,W2,SKU1,247.0
1352,R1,SKU1,213.0
1352,R2,SKU1,132.0
1352,R3,SKU1,221.0
1353,Supplier,SKU1,0.0
1353,W1,SKU1,322.0
1353,W2,SKU1,221.0
1353,R1,SKU1,145.0
1353,R2,SKU1,112.0
1353,R3,SKU1,170.0
1354,Supplier,SKU1,0.0
1354,W1,SKU1,279.0
1354,W2,SKU1,191.0
1354,R1,SKU1,129.0
1354,R2,SKU1,88.0
1354,R3,SKU1,161.0
1355,Supplier,SKU1,0.0
1355,W1,SKU1,196.0
1355,W2,SKU1,152.0
1355,R1,SKU1,136.0
1355,R2,SKU1,97.0
1355,R3,SKU1,161.0
1356,Supplier,SKU1,0.0
1356,W1,SKU1,232.0
1356,W2,SKU1,149.0
1356,R1,SKU1,138.0
1356,R2,SKU1,96.0
1356,R3,SKU1,146.0
1357,Supplier,SKU1,0.0
1357,W1,SKU1,234.0
1357,W2,SKU1,146.0
1357,R1,SKU1,163.0
1357,R2,SKU1,79.0
1357,R3,SKU1,187.0
1358,Supplier,SKU1,0.0
1358,W1,SKU1,242.0
1358,W2,SKU1,187.0
1358,R1,SKU1,222.0
1358,R2,SKU1,104.0
1358,R3,SKU1,241.0
1359,Supplier,SKU1,0.0
1359,W1,SKU1,326.0
1359,W2,SKU1,241.0
1359,R1,SKU1,243.0
1359,R2,SKU1,102.0
1359,R3,SKU1,222.0
1360,Supplier,SKU1,0.0
1360,W1,SKU1,345.0
1360,W2,SKU1,222.0
1360,R1,SKU1,131.0
1360,R2,SKU1,109.0
1360,R3,SKU1,168.0
1361,Supplier,SKU1,0.0
1361,W1,SKU1,240.0
1361,W2,SKU1,190.0
1361,R1,SKU1,148.0
1361,R2,SKU1,90.0
1361,R3,SKU1,120.0
1362,Supplier,SKU1,0.0
1362,W1,SKU1,238.0
1362,W2,SKU1,110.0
1362,R1,SKU1,130.0
1362,R2,SKU1,68.0
1362,R3,SKU1,178.0
1363,Supplier,SKU1,0.0
1363,W1,SKU1,198.0
1363,W2,SKU1,188.0
1363,R1,SKU1,164.0
1363,R2,SKU1,105.0
1363,R3,SKU1,154.0
1364,Supplier,SKU1,0.0
1364,W1,SKU1,269.0
1364,W2,SKU1,142.0
1364,R1,SKU1,183.0
1364,R2,SKU1,120.0
1364,R3,SKU1,159.0
1365,Supplier,SKU1,0.0
1365,W1,SKU1,303.0
1365,W2,SKU1,149.0
1365,R1,SKU1,230.0
1365,R2,SKU1,99.0
1365,R3,SKU1,256.0
1366,Supplier,SKU1,0.0
1366,W1,SKU1,332.0
1366,W2,SKU1,256.0
1366,R1,SKU1,168.0
1366,R2,SKU1,121.0
1366,R3,SKU1,233.0
1367,Supplier,SKU1,0.0
1367,W1,SKU1,286.0
1367,W2,SKU1,233.0
1367,R1,SKU1,143.0
1367,R2,SKU1,129.0
1367,R3,SKU1,172.0
1368,Supplier,SKU1,0.0
1368,W1,SKU1,272.0
1368,W2,SKU1,172.0
1368,R1,SKU1,158.0
1368,R2,SKU1,64.0
1368,R3,SKU1,167.0
1369,Supplier,SKU1,0.0
1369,W1,SKU1,222.0
1369,W2,SKU1,167.0
1369,R1,SKU1,149.0
1369,R2,SKU1,84.0
1369,R3,SKU1,157.0
1370,Supplier,SKU1,0.0
1370,W1,SKU1,255.0
1370,W2,SKU1,157.0
1370,R1,SKU1,152.0
1370,R2,SKU1,107.0
1370,R3,SKU1,165.0
1371,Supplier,SKU1,0.0
1371,W1,SKU1,237.0
1371,W2,SKU1,165.0
1371,R1,SKU1,162.0
1371,R2,SKU1,89.0
1371,R3,SKU1,193.0
1372,Supplier,SKU1,0.0
1372,W1,SKU1,251.0
1372,W2,SKU1,193.0
1372,R1,SKU1,198.0
1372,R2,SKU1,124.0
1372,R3,SKU1,219.0
1373,Supplier,SKU1,0.0
1373,W1,SKU1,322.0
1373,W2,SKU1,219.0
1373,R1,SKU1,195.0
1373,R2,SKU1,150.0
1373,R3,SKU1,232.0
1374,Supplier,SKU1,0.0
1374,W1,SKU1,367.0
1374,W2,SKU1,251.0
1374,R1,SKU1,139.0
1374,R2,SKU1,68.0
1374,R3,SKU1,145.0
1375,Supplier,SKU1,0.0
1375,W1,SKU1,185.0
1375,W2,SKU1,126.0
1375,R1,SKU1,107.0
1375,R2,SKU1,106.0
1375,R3,SKU1,173.0
1376,Supplier,SKU1,0.0
1376,W1,SKU1,213.0
1376,W2,SKU1,173.0
1376,R1,SKU1,89.0
1376,R2,SKU1,118.0
1376,R3,SKU1,125.0
1377,Supplier,SKU1,0.0
1377,W1,SKU1,220.0
1377,W2,SKU1,125.0
1377,R1,SKU1,115.0
1377,R2,SKU1,117.0
1377,R3,SKU1,161.0
1378,Supplier,SKU1,0.0
1378,W1,SKU1,219.0
1378,W2,SKU1,161.0
1378,R1,SKU1,160.0
1378,R2,SKU1,78.0
1378,R3,SKU1,181.0
1379,Supplier,SKU1,0.0
1379,W1,SKU1,257.0
1379,W2,SKU1,181.0
1379,R1,SKU1,192.0
1379,R2,SKU1,109.0
1379,R3,SKU1,196.0
1380,Supplier,SKU1,0.0
1380,W1,SKU1,282.0
1380,W2,SKU1,196.0
1380,R1,SKU1,202.0
1380,R2,SKU1,123.0
1380,R3,SKU1,182.0
1381,Supplier,SKU1,0.0
1381,W1,SKU1,325.0
1381,W2,SKU1,182.0
1381,R1,SKU1,136.0
1381,R2,SKU1,89.0
1381,R3,SKU1,107.0
1382,Supplier,SKU1,0.0
1382,W1,SKU1,225.0
1382,W2,SKU1,107.0
1382,R1,SKU1,147.0
1382,R2,SKU1,91.0
1382,R3,SKU1,123.0
1383,Supplier,SKU1,0.0
1383,W1,SKU1,238.0
1383,W2,SKU1,130.0
1383,R1,SKU1,105.0
1383,R2,SKU1,82.0
1383,R3,SKU1,112.0
1384,Supplier,SKU1,0.0
1384,W1,SKU1,187.0
1384,W2,SKU1,105.0
1384,R1,SKU1,115.0
1384,R2,SKU1,85.0
1384,R3,SKU1,156.0
1385,Supplier,SKU1,0.0
1385,W1,SKU1,200.0
1385,W2,SKU1,161.0
1385,R1,SKU1,175.0
1385,R2,SKU1,84.0
1385,R3,SKU1,187.0
1386,Supplier,SKU1,0.0
1386,W1,SKU1,259.0
1386,W2,SKU1,182.0
1386,R1,SKU1,139.0
1386,R2,SKU1,120.0
1386,R3,SKU1,267.0
1387,Supplier,SKU1,0.0
1387,W1,SKU1,259.0
1387,W2,SKU1,267.0
1387,R1,SKU1,172.0
1387,R2,SKU1,144.0
1387,R3,SKU1,256.0
1388,Supplier,SKU1,0.0
1388,W1,SKU1,316.0
1388,W2,SKU1,256.0
1388,R1,SKU1,131.0
1388,R2,SKU1,66.0
1388,R3,SKU1,187.0
1389,Supplier,SKU1,0.0
1389,W1,SKU1,213.0
1389,W2,SKU1,187.0
1389,R1,SKU1,96.0
1389,R2,SKU1,66.0
1389,R3,SKU1,166.0
1390,Supplier,SKU1,0.0
1390,W1,SKU1,146.0
1390,W2,SKU1,166.0
1390,R1,SKU1,119.0
1390,R2,SKU1,77.0
1390,R3,SKU1,176.0
1391,Supplier,SKU1,0.0
1391,W1,SKU1,196.0
1391,W2,SKU1,176.0
1391,R1,SKU1,117.0
1391,R2,SKU1,72.0
1391,R3,SKU1,175.0
1392,Supplier,SKU1,0.0
1392,W1,SKU1,189.0
1392,W2,SKU1,175.0
1392,R1,SKU1,107.0
1392,R2,SKU1,83.0
1392,R3,SKU1,199.0
1393,Supplier,SKU1,0.0
1393,W1,SKU1,190.0
1393,W2,SKU1,199.0
1393,R1,SKU1,180.0
1393,R2,SKU1,98.0
1393,R3,SKU1,251.0
1394,Supplier,SKU1,0.0
1394,W1,SKU1,278.0
1394,W2,SKU1,251.0
1394,R1,SKU1,165.0
1394,R2,SKU1,109.0
1394,R3,SKU1,216.0
1395,Supplier,SKU1,0.0
1395,W1,SKU1,274.0
1395,W2,SKU1,216.0
1395,R1,SKU1,155.0
1395,R2,SKU1,128.0
1395,R3,SKU1,173.0
1396,Supplier,SKU1,0.0
1396,W1,SKU1,283.0
1396,W2,SKU1,189.0
1396,R1,SKU1,130.0
1396,R2,SKU1,80.0
1396,R3,SKU1,162.0
1397,Supplier,SKU1,0.0
1397,W1,SKU1,210.0
1397,W2,SKU1,151.0
1397,R1,SKU1,179.0
1397,R2,SKU1,112.0
1397,R3,SKU1,224.0
1398,Supplier,SKU1,0.0
1398,W1,SKU1,301.0
1398,W2,SKU1,219.0
1398,R1,SKU1,256.0
1398,R2,SKU1,165.0
1398,R3,SKU1,352.0
1399,Supplier,SKU1,0.0
1399,W1,SKU1,422.0
1399,W2,SKU1,371.0
1399,R1,SKU1,196.0
1399,R2,SKU1,117.0
1399,R3,SKU1,217.0
1400,Supplier,SKU1,0.0
1400,W1,SKU1,302.0
1400,W2,SKU1,198.0
1400,R1,SKU1,174.0
1400,R2,SKU1,126.0
1400,R3,SKU1,221.0
1401,Supplier,SKU1,0.0
1401,W1,SKU1,302.0
1401,W2,SKU1,221.0
1401,R1,SKU1,188.0
1401,R2,SKU1,127.0
1401,R3,SKU1,196.0
1402,Supplier,SKU1,0.0
1402,W1,SKU1,317.0
1402,W2,SKU1,217.0
1402,R1,SKU1,125.0
1402,R2,SKU1,118.0
1402,R3,SKU1,180.0
1403,Supplier,SKU1,0.0
1403,W1,SKU1,260.0
1403,W2,SKU1,159.0
1403,R1,SKU1,103.0
1403,R2,SKU1,138.0
1403,R3,SKU1,184.0
1404,Supplier,SKU1,0.0
1404,W1,SKU1,220.0
1404,W2,SKU1,184.0
1404,R1,SKU1,129.0
1404,R2,SKU1,30.0
1404,R3,SKU1,189.0
1405,Supplier,SKU1,0.0
1405,W1,SKU1,179.0
1405,W2,SKU1,189.0
1405,R1,SKU1,152.0
1405,R2,SKU1,27.0
1405,R3,SKU1,165.0
1406,Supplier,SKU1,0.0
1406,W1,SKU1,159.0
1406,W2,SKU1,165.0
1406,R1,SKU1,175.0
1406,R2,SKU1,117.0
1406,R3,SKU1,222.0
1407,Supplier,SKU1,0.0
1407,W1,SKU1,292.0
1407,W2,SKU1,222.0
1407,R1,SKU1,171.0
1407,R2,SKU1,163.0
1407,R3,SKU1,266.0
1408,Supplier,SKU1,0.0
1408,W1,SKU1,334.0
1408,W2,SKU1,288.0
1408,R1,SKU1,210.0
1408,R2,SKU1,79.0
1408,R3,SKU1,241.0
1409,Supplier,SKU1,0.0
1409,W1,SKU1,289.0
1409,W2,SKU1,229.0
1409,R1,SKU1,129.0
1409,R2,SKU1,122.0
1409,R3,SKU1,198.0
1410,Supplier,SKU1,0.0
1410,W1,SKU1,251.0
1410,W2,SKU1,188.0
1410,R1,SKU1,110.0
1410,R2,SKU1,126.0
1410,R3,SKU1,190.0
1411,Supplier,SKU1,0.0
1411,W1,SKU1,236.0
1411,W2,SKU1,190.0
1411,R1,SKU1,164.0
1411,R2,SKU1,79.0
1411,R3,SKU1,174.0
1412,Supplier,SKU1,0.0
1412,W1,SKU1,243.0
1412,W2,SKU1,174.0
1412,R1,SKU1,104.0
1412,R2,SKU1,75.0
1412,R3,SKU1,190.0
1413,Supplier,SKU1,0.0
1413,W1,SKU1,179.0
1413,W2,SKU1,190.0
1413,R1,SKU1,172.0
1413,R2,SKU1,88.0
1413,R3,SKU1,222.0
1414,Supplier,SKU1,0.0
1414,W1,SKU1,260.0
1414,W2,SKU1,222.0
1414,R1,SKU1,190.0
1414,R2,SKU1,118.0
1414,R3,SKU1,322.0
1415,Supplier,SKU1,0.0
1415,W1,SKU1,308.0
1415,W2,SKU1,344.0
1415,R1,SKU1,196.0
1415,R2,SKU1,118.0
1415,R3,SKU1,269.0
1416,Supplier,SKU1,0.0
1416,W1,SKU1,322.0
1416,W2,SKU1,247.0
1416,R1,SKU1,166.0
1416,R2,SKU1,85.0
1416,R3,SKU1,258.0
1417,Supplier,SKU1,0.0
1417,W1,SKU1,243.0
1417,W2,SKU1,258.0
1417,R1,SKU1,127.0
1417,R2,SKU1,85.0
1417,R3,SKU1,210.0
1418,Supplier,SKU1,0.0
1418,W1,SKU1,212.0
1418,W2,SKU1,210.0
1418,R1,SKU1,138.0
1418,R2,SKU1,91.0
1418,R3,SKU1,196.0
1419,Supplier,SKU1,0.0
1419,W1,SKU1,241.0
1419,W2,SKU1,206.0
1419,R1,SKU1,154.0
1419,R2,SKU1,101.0
1419,R3,SKU1,238.0
1420,Supplier,SKU1,0.0
1420,W1,SKU1,243.0
1420,W2,SKU1,244.0
1420,R1,SKU1,203.0
1420,R2,SKU1,95.0
1420,R3,SKU1,229.0
1421,Supplier,SKU1,0.0
1421,W1,SKU1,298.0
1421,W2,SKU1,213.0
1421,R1,SKU1,230.0
1421,R2,SKU1,124.0
1421,R3,SKU1,304.0
1422,Supplier,SKU1,0.0
1422,W1,SKU1,354.0
1422,W2,SKU1,317.0
1422,R1,SKU1,253.0
1422,R2,SKU1,175.0
1422,R3,SKU1,324.0
1423,Supplier,SKU1,0.0
1423,W1,SKU1,428.0
1423,W2,SKU1,311.0
1423,R1,SKU1,184.0
1423,R2,SKU1,132.0
1423,R3,SKU1,277.0
1424,Supplier,SKU1,0.0
1424,W1,SKU1,316.0
1424,W2,SKU1,288.0
1424,R1,SKU1,226.0
1424,R2,SKU1,269.0
1424,R3,SKU1,279.0
1425,Supplier,SKU1,0.0
1425,W1,SKU1,511.0
1425,W2,SKU1,268.0
1425,R1,SKU1,185.0
1425,R2,SKU1,310.0
1425,R3,SKU1,340.0
1426,Supplier,SKU1,0.0
1426,W1,SKU1,479.0
1426,W2,SKU1,340.0
1426,R1,SKU1,2.0
1426,R2,SKU1,252.0
1426,R3,SKU1,140.0
1427,Supplier,SKU1,0.0
1427,W1,SKU1,254.0
1427,W2,SKU1,140.0
1427,R1,SKU1,161.0
1427,R2,SKU1,54.0
1427,R3,SKU1,153.0
1428,Supplier,SKU1,0.0
1428,W1,SKU1,215.0
1428,W2,SKU1,153.0
1428,R1,SKU1,144.0
1428,R2,SKU1,0.0
1428,R3,SKU1,151.0
1429,Supplier,SKU1,0.0
1429,W1,SKU1,159.0
1429,W2,SKU1,151.0
1429,R1,SKU1,146.0
1429,R2,SKU1,0.0
1429,R3,SKU1,165.0
1430,Supplier,SKU1,0.0
1430,W1,SKU1,131.0
1430,W2,SKU1,165.0
1430,R1,SKU1,108.0
1430,R2,SKU1,0.0
1430,R3,SKU1,129.0
1431,Supplier,SKU1,0.0
1431,W1,SKU1,108.0
1431,W2,SKU1,129.0
1431,R1,SKU1,123.0
1431,R2,SKU1,0.0
1431,R3,SKU1,143.0
1432,Supplier,SKU1,0.0
1432,W1,SKU1,131.0
1432,W2,SKU1,143.0
1432,R1,SKU1,118.0
1432,R2,SKU1,0.0
1432,R3,SKU1,179.0
1433,Supplier,SKU1,0.0
1433,W1,SKU1,110.0
1433,W2,SKU1,179.0
1433,R1,SKU1,128.0
1433,R2,SKU1,0.0
1433,R3,SKU1,139.0
1434,Supplier,SKU1,0.0
1434,W1,SKU1,138.0
1434,W2,SKU1,139.0
1434,R1,SKU1,106.0
1434,R2,SKU1,0.0
1434,R3,SKU1,193.0
1435,Supplier,SKU1,0.0
1435,W1,SKU1,96.0
1435,W2,SKU1,193.0
1435,R1,SKU1,143.0
1435,R2,SKU1,31.0
1435,R3,SKU1,210.0
1436,Supplier,SKU1,0.0
1436,W1,SKU1,174.0
1436,W2,SKU1,210.0
1436,R1,SKU1,143.0
1436,R2,SKU1,93.0
1436,R3,SKU1,191.0
1437,Supplier,SKU1,0.0
1437,W1,SKU1,236.0
1437,W2,SKU1,201.0
1437,R1,SKU1,100.0
1437,R2,SKU1,81.0
1437,R3,SKU1,158.0
1438,Supplier,SKU1,0.0
1438,W1,SKU1,181.0
1438,W2,SKU1,159.0
1438,R1,SKU1,124.0
1438,R2,SKU1,69.0
1438,R3,SKU1,164.0
1439,Supplier,SKU1,0.0
1439,W1,SKU1,193.0
1439,W2,SKU1,153.0
1439,R1,SKU1,141.0
1439,R2,SKU1,81.0
1439,R3,SKU1,118.0
1440,Supplier,SKU1,0.0
1440,W1,SKU1,222.0
1440,W2,SKU1,118.0
1440,R1,SKU1,88.0
1440,R2,SKU1,76.0
1440,R3,SKU1,143.0
1441,Supplier,SKU1,0.0
1441,W1,SKU1,186.0
1441,W2,SKU1,161.0
1441,R1,SKU1,122.0
1441,R2,SKU1,77.0
1441,R3,SKU1,125.0
1442,Supplier,SKU1,0.0
1442,W1,SKU1,185.0
1442,W2,SKU1,107.0
1442,R1,SKU1,177.0
1442,R2,SKU1,111.0
1442,R3,SKU1,157.0
1443,Supplier,SKU1,0.0
1443,W1,SKU1,280.0
1443,W2,SKU1,164.0
1443,R1,SKU1,121.0
1443,R2,SKU1,120.0
1443,R3,SKU1,181.0
1444,Supplier,SKU1,0.0
1444,W1,SKU1,241.0
1444,W2,SKU1,174.0
1444,R1,SKU1,129.0
1444,R2,SKU1,67.0
1444,R3,SKU1,148.0
1445,Supplier,SKU1,0.0
1445,W1,SKU1,196.0
1445,W2,SKU1,148.0
1445,R1,SKU1,59.0
1445,R2,SKU1,88.0
1445,R3,SKU1,112.0
1446,Supplier,SKU1,0.0
1446,W1,SKU1,147.0
1446,W2,SKU1,112.0
1446,R1,SKU1,92.0
1446,R2,SKU1,78.0
1446,R3,SKU1,129.0
1447,Supplier,SKU1,0.0
1447,W1,SKU1,170.0
1447,W2,SKU1,141.0
1447,R1,SKU1,121.0
1447,R2,SKU1,71.0
1447,R3,SKU1,122.0
1448,Supplier,SKU1,0.0
1448,W1,SKU1,192.0
1448,W2,SKU1,110.0
1448,R1,SKU1,136.0
1448,R2,SKU1,69.0
1448,R3,SKU1,204.0
1449,Supplier,SKU1,0.0
1449,W1,SKU1,205.0
1449,W2,SKU1,214.0
1449,R1,SKU1,120.0
1449,R2,SKU1,101.0
1449,R3,SKU1,199.0
1450,Supplier,SKU1,0.0
1450,W1,SKU1,226.0
1450,W2,SKU1,213.0
1450,R1,SKU1,179.0
1450,R2,SKU1,100.0
1450,R3,SKU1,222.0
1451,Supplier,SKU1,0.0
1451,W1,SKU1,274.0
1451,W2,SKU1,198.0
1451,R1,SKU1,105.0
1451,R2,SKU1,68.0
1451,R3,SKU1,164.0
1452,Supplier,SKU1,0.0
1452,W1,SKU1,173.0
1452,W2,SKU1,164.0
1452,R1,SKU1,89.0
1452,R2,SKU1,70.0
1452,R3,SKU1,114.0
1453,Supplier,SKU1,0.0
1453,W1,SKU1,159.0
1453,W2,SKU1,114.0
1453,R1,SKU1,76.0
1453,R2,SKU1,82.0
1453,R3,SKU1,152.0
1454,Supplier,SKU1,0.0
1454,W1,SKU1,158.0
1454,W2,SKU1,166.0
1454,R1,SKU1,70.0
1454,R2,SKU1,64.0
1454,R3,SKU1,101.0
1455,Supplier,SKU1,0.0
1455,W1,SKU1,134.0
1455,W2,SKU1,87.0
1455,R1,SKU1,122.0
1455,R2,SKU1,77.0
1455,R3,SKU1,136.0
1456,Supplier,SKU1,0.0
1456,W1,SKU1,199.0
1456,W2,SKU1,136.0
1456,R1,SKU1,159.0
1456,R2,SKU1,94.0
1456,R3,SKU1,215.0
1457,Supplier,SKU1,0.0
1457,W1,SKU1,253.0
1457,W2,SKU1,215.0
1457,R1,SKU1,98.0
1457,R2,SKU1,85.0
1457,R3,SKU1,204.0
1458,Supplier,SKU1,0.0
1458,W1,SKU1,183.0
1458,W2,SKU1,219.0
1458,R1,SKU1,74.0
1458,R2,SKU1,84.0
1458,R3,SKU1,148.0
1459,Supplier,SKU1,0.0
1459,W1,SKU1,158.0
1459,W2,SKU1,133.0
1459,R1,SKU1,78.0
1459,R2,SKU1,86.0
1459,R3,SKU1,132.0
1460,Supplier,SKU1,0.0
1460,W1,SKU1,164.0
1460,W2,SKU1,132.0
1460,R1,SKU1,89.0
1460,R2,SKU1,78.0
1460,R3,SKU1,138.0
1461,Supplier,SKU1,0.0
1461,W1,SKU1,167.0
1461,W2,SKU1,138.0
1461,R1,SKU1,96.0
1461,R2,SKU1,84.0
1461,R3,SKU1,144.0
1462,Supplier,SKU1,0.0
1462,W1,SKU1,180.0
1462,W2,SKU1,144.0
1462,R1,SKU1,102.0
1462,R2,SKU1,82.0
1462,R3,SKU1,174.0
1463,Supplier,SKU1,0.0
1463,W1,SKU1,184.0
1463,W2,SKU1,174.0
1463,R1,SKU1,138.0
1463,R2,SKU1,120.0
1463,R3,SKU1,228.0
1464,Supplier,SKU1,0.0
1464,W1,SKU1,258.0
1464,W2,SKU1,228.0
1464,R1,SKU1,123.0
1464,R2,SKU1,111.0
1464,R3,SKU1,218.0
1465,Supplier,SKU1,0.0
1465,W1,SKU1,234.0
1465,W2,SKU1,218.0
1465,R1,SKU1,118.0
1465,R2,SKU1,54.0
1465,R3,SKU1,184.0
1466,Supplier,SKU1,0.0
1466,W1,SKU1,172.0
1466,W2,SKU1,202.0
1466,R1,SKU1,89.0
1466,R2,SKU1,85.0
1466,R3,SKU1,164.0
1467,Supplier,SKU1,0.0
1467,W1,SKU1,174.0
1467,W2,SKU1,166.0
1467,R1,SKU1,84.0
1467,R2,SKU1,92.0
1467,R3,SKU1,180.0
1468,Supplier,SKU1,0.0
1468,W1,SKU1,176.0
1468,W2,SKU1,160.0
1468,R1,SKU1,122.0
1468,R2,SKU1,78.0
1468,R3,SKU1,154.0
1469,Supplier,SKU1,0.0
1469,W1,SKU1,200.0
1469,W2,SKU1,154.0
1469,R1,SKU1,128.0
1469,R2,SKU1,83.0
1469,R3,SKU1,211.0
1470,Supplier,SKU1,0.0
1470,W1,SKU1,211.0
1470,W2,SKU1,211.0
1470,R1,SKU1,143.0
1470,R2,SKU1,108.0
1470,R3,SKU1,264.0
1471,Supplier,SKU1,0.0
1471,W1,SKU1,262.0
1471,W2,SKU1,275.0
1471,R1,SKU1,166.0
1471,R2,SKU1,122.0
1471,R3,SKU1,245.0
1472,Supplier,SKU1,0.0
1472,W1,SKU1,277.0
1472,W2,SKU1,234.0
1472,R1,SKU1,123.0
1472,R2,SKU1,87.0
1472,R3,SKU1,203.0
1473,Supplier,SKU1,0.0
1473,W1,SKU1,210.0
1473,W2,SKU1,203.0
1473,R1,SKU1,128.0
1473,R2,SKU1,90.0
1473,R3,SKU1,188.0
1474,Supplier,SKU1,0.0
1474,W1,SKU1,228.0
1474,W2,SKU1,191.0
1474,R1,SKU1,91.0
1474,R2,SKU1,65.0
1474,R3,SKU1,221.0
1475,Supplier,SKU1,0.0
1475,W1,SKU1,146.0
1475,W2,SKU1,218.0
1475,R1,SKU1,113.0
1475,R2,SKU1,126.0
1475,R3,SKU1,239.0
1476,Supplier,SKU1,0.0
1476,W1,SKU1,239.0
1476,W2,SKU1,257.0
1476,R1,SKU1,131.0
1476,R2,SKU1,105.0
1476,R3,SKU1,210.0
1477,Supplier,SKU1,0.0
1477,W1,SKU1,236.0
1477,W2,SKU1,192.0
1477,R1,SKU1,120.0
1477,R2,SKU1,128.0
1477,R3,SKU1,266.0
1478,Supplier,SKU1,0.0
1478,W1,SKU1,248.0
1478,W2,SKU1,266.0
1478,R1,SKU1,155.0
1478,R2,SKU1,107.0
1478,R3,SKU1,258.0
1479,Supplier,SKU1,0.0
1479,W1,SKU1,262.0
1479,W2,SKU1,258.0
1479,R1,SKU1,87.0
1479,R2,SKU1,110.0
1479,R3,SKU1,172.0
1480,Supplier,SKU1,0.0
1480,W1,SKU1,197.0
1480,W2,SKU1,172.0
1480,R1,SKU1,92.0
1480,R2,SKU1,78.0
1480,R3,SKU1,137.0
1481,Supplier,SKU1,0.0
1481,W1,SKU1,170.0
1481,W2,SKU1,137.0
1481,R1,SKU1,83.0
1481,R2,SKU1,64.0
1481,R3,SKU1,149.0
1482,Supplier,SKU1,0.0
1482,W1,SKU1,147.0
1482,W2,SKU1,149.0
1482,R1,SKU1,113.0
1482,R2,SKU1,72.0
1482,R3,SKU1,172.0
1483,Supplier,SKU1,0.0
1483,W1,SKU1,185.0
1483,W2,SKU1,172.0
1483,R1,SKU1,121.0
1483,R2,SKU1,80.0
1483,R3,SKU1,185.0
1484,Supplier,SKU1,0.0
1484,W1,SKU1,201.0
1484,W2,SKU1,185.0
1484,R1,SKU1,137.0
1484,R2,SKU1,78.0
1484,R3,SKU1,289.0
1485,Supplier,SKU1,0.0
1485,W1,SKU1,216.0
1485,W2,SKU1,289.0
1485,R1,SKU1,141.0
1485,R2,SKU1,92.0
1485,R3,SKU1,233.0
1486,Supplier,SKU1,0.0
1486,W1,SKU1,249.0
1486,W2,SKU1,233.0
1486,R1,SKU1,91.0
1486,R2,SKU1,69.0
1486,R3,SKU1,119.0
1487,Supplier,SKU1,0.0
1487,W1,SKU1,143.0
1487,W2,SKU1,119.0
1487,R1,SKU1,83.0
1487,R2,SKU1,81.0
1487,R3,SKU1,175.0
1488,Supplier,SKU1,0.0
1488,W1,SKU1,164.0
1488,W2,SKU1,194.0
1488,R1,SKU1,87.0
1488,R2,SKU1,90.0
1488,R3,SKU1,113.0
1489,Supplier,SKU1,0.0
1489,W1,SKU1,177.0
1489,W2,SKU1,107.0
1489,R1,SKU1,85.0
1489,R2,SKU1,84.0
1489,R3,SKU1,165.0
1490,Supplier,SKU1,0.0
1490,W1,SKU1,169.0
1490,W2,SKU1,172.0
1490,R1,SKU1,92.0
1490,R2,SKU1,78.0
1490,R3,SKU1,136.0
1491,Supplier,SKU1,0.0
1491,W1,SKU1,170.0
1491,W2,SKU1,116.0
1491,R1,SKU1,114.0
1491,R2,SKU1,103.0
1491,R3,SKU1,243.0
1492,Supplier,SKU1,0.0
1492,W1,SKU1,217.0
1492,W2,SKU1,259.0
1492,R1,SKU1,157.0
1492,R2,SKU1,116.0
1492,R3,SKU1,245.0
1493,Supplier,SKU1,0.0
1493,W1,SKU1,290.0
1493,W2,SKU1,229.0
1493,R1,SKU1,77.0
1493,R2,SKU1,85.0
1493,R3,SKU1,145.0
1494,Supplier,SKU1,0.0
1494,W1,SKU1,152.0
1494,W2,SKU1,145.0
1494,R1,SKU1,97.0
1494,R2,SKU1,85.0
1494,R3,SKU1,204.0
1495,Supplier,SKU1,0.0
1495,W1,SKU1,175.0
1495,W2,SKU1,204.0
1495,R1,SKU1,91.0
1495,R2,SKU1,98.0
1495,R3,SKU1,200.0
1496,Supplier,SKU1,0.0
1496,W1,SKU1,189.0
1496,W2,SKU1,204.0
1496,R1,SKU1,83.0
1496,R2,SKU1,97.0
1496,R3,SKU1,151.0
1497,Supplier,SKU1,0.0
1497,W1,SKU1,180.0
1497,W2,SKU1,155.0
1497,R1,SKU1,120.0
1497,R2,SKU1,60.0
1497,R3,SKU1,144.0
1498,Supplier,SKU1,0.0
1498,W1,SKU1,180.0
1498,W2,SKU1,136.0
1498,R1,SKU1,172.0
1498,R2,SKU1,88.0
1498,R3,SKU1,210.0
1499,Supplier,SKU1,0.0
1499,W1,SKU1,260.0
1499,W2,SKU1,210.0
1499,R1,SKU1,117.0
1499,R2,SKU1,101.0
1499,R3,SKU1,207.0
1500,Supplier,SKU1,0.0
1500,W1,SKU1,218.0
1500,W2,SKU1,217.0
1500,R1,SKU1,121.0
1500,R2,SKU1,91.0
1500,R3,SKU1,159.0
1501,Supplier,SKU1,0.0
1501,W1,SKU1,230.0
1501,W2,SKU1,149.0
1501,R1,SKU1,64.0
1501,R2,SKU1,81.0
1501,R3,SKU1,135.0
1502,Supplier,SKU1,0.0
1502,W1,SKU1,127.0
1502,W2,SKU1,135.0
1502,R1,SKU1,108.0
1502,R2,SKU1,86.0
1502,R3,SKU1,146.0
1503,Supplier,SKU1,0.0
1503,W1,SKU1,194.0
1503,W2,SKU1,146.0
1503,R1,SKU1,104.0
1503,R2,SKU1,80.0
1503,R3,SKU1,161.0
1504,Supplier,SKU1,0.0
1504,W1,SKU1,184.0
1504,W2,SKU1,161.0
1504,R1,SKU1,137.0
1504,R2,SKU1,97.0
1504,R3,SKU1,191.0
1505,Supplier,SKU1,0.0
1505,W1,SKU1,234.0
1505,W2,SKU1,191.0
1505,R1,SKU1,158.0
1505,R2,SKU1,120.0
1505,R3,SKU1,233.0
1506,Supplier,SKU1,0.0
1506,W1,SKU1,278.0
1506,W2,SKU1,233.0
1506,R1,SKU1,129.0
1506,R2,SKU1,138.0
1506,R3,SKU1,237.0
1507,Supplier,SKU1,0.0
1507,W1,SKU1,267.0
1507,W2,SKU1,237.0
1507,R1,SKU1,109.0
1507,R2,SKU1,59.0
1507,R3,SKU1,164.0
1508,Supplier,SKU1,0.0
1508,W1,SKU1,168.0
1508,W2,SKU1,164.0
1508,R1,SKU1,111.0
1508,R2,SKU1,87.0
1508,R3,SKU1,195.0
1509,Supplier,SKU1,0.0
1509,W1,SKU1,198.0
1509,W2,SKU1,195.0
1509,R1,SKU1,98.0
1509,R2,SKU1,82.0
1509,R3,SKU1,131.0
1510,Supplier,SKU1,0.0
1510,W1,SKU1,180.0
1510,W2,SKU1,131.0
1510,R1,SKU1,105.0
1510,R2,SKU1,66.0
1510,R3,SKU1,166.0
1511,Supplier,SKU1,0.0
1511,W1,SKU1,171.0
1511,W2,SKU1,166.0
1511,R1,SKU1,124.0
1511,R2,SKU1,92.0
1511,R3,SKU1,199.0
1512,Supplier,SKU1,0.0
1512,W1,SKU1,216.0
1512,W2,SKU1,199.0
1512,R1,SKU1,108.0
1512,R2,SKU1,100.0
1512,R3,SKU1,205.0
1513,Supplier,SKU1,0.0
1513,W1,SKU1,224.0
1513,W2,SKU1,205.0
1513,R1,SKU1,153.0
1513,R2,SKU1,90.0
1513,R3,SKU1,218.0
1514,Supplier,SKU1,0.0
1514,W1,SKU1,227.0
1514,W2,SKU1,223.0
1514,R1,SKU1,101.0
1514,R2,SKU1,76.0
1514,R3,SKU1,179.0
1515,Supplier,SKU1,0.0
1515,W1,SKU1,177.0
1515,W2,SKU1,174.0
1515,R1,SKU1,101.0
1515,R2,SKU1,86.0
1515,R3,SKU1,40.0
1516,Supplier,SKU1,0.0
1516,W1,SKU1,187.0
1516,W2,SKU1,40.0
1516,R1,SKU1,96.0
1516,R2,SKU1,77.0
1516,R3,SKU1,184.0
1517,Supplier,SKU1,0.0
1517,W1,SKU1,173.0
1517,W2,SKU1,184.0
1517,R1,SKU1,93.0
1517,R2,SKU1,95.0
1517,R3,SKU1,120.0
1518,Supplier,SKU1,0.0
1518,W1,SKU1,188.0
1518,W2,SKU1,120.0
1518,R1,SKU1,94.0
1518,R2,SKU1,72.0
1518,R3,SKU1,155.0
1519,Supplier,SKU1,0.0
1519,W1,SKU1,166.0
1519,W2,SKU1,175.0
1519,R1,SKU1,151.0
1519,R2,SKU1,113.0
1519,R3,SKU1,198.0
1520,Supplier,SKU1,0.0
1520,W1,SKU1,264.0
1520,W2,SKU1,178.0
1520,R1,SKU1,133.0
1520,R2,SKU1,109.0
1520,R3,SKU1,198.0
1521,Supplier,SKU1,0.0
1521,W1,SKU1,242.0
1521,W2,SKU1,198.0
1521,R1,SKU1,114.0
1521,R2,SKU1,103.0
1521,R3,SKU1,149.0
1522,Supplier,SKU1,0.0
1522,W1,SKU1,217.0
1522,W2,SKU1,149.0
1522,R1,SKU1,115.0
1522,R2,SKU1,57.0
1522,R3,SKU1,138.0
1523,Supplier,SKU1,0.0
1523,W1,SKU1,189.0
1523,W2,SKU1,138.0
1523,R1,SKU1,90.0
1523,R2,SKU1,78.0
1523,R3,SKU1,197.0
1524,Supplier,SKU1,0.0
1524,W1,SKU1,157.0
1524,W2,SKU1,197.0
1524,R1,SKU1,112.0
1524,R2,SKU1,82.0
1524,R3,SKU1,159.0
1525,Supplier,SKU1,0.0
1525,W1,SKU1,188.0
1525,W2,SKU1,159.0
1525,R1,SKU1,154.0
1525,R2,SKU1,115.0
1525,R3,SKU1,269.0
1526,Supplier,SKU1,0.0
1526,W1,SKU1,269.0
1526,W2,SKU1,269.0
1526,R1,SKU1,169.0
1526,R2,SKU1,159.0
1526,R3,SKU1,238.0
1527,Supplier,SKU1,0.0
1527,W1,SKU1,328.0
1527,W2,SKU1,238.0
1527,R1,SKU1,159.0
1527,R2,SKU1,120.0
1527,R3,SKU1,222.0
1528,Supplier,SKU1,0.0
1528,W1,SKU1,279.0
1528,W2,SKU1,222.0
1528,R1,SKU1,107.0
1528,R2,SKU1,102.0
1528,R3,SKU1,199.0
1529,Supplier,SKU1,0.0
1529,W1,SKU1,209.0
1529,W2,SKU1,221.0
1529,R1,SKU1,108.0
1529,R2,SKU1,90.0
1529,R3,SKU1,157.0
1530,Supplier,SKU1,0.0
1530,W1,SKU1,207.0
1530,W2,SKU1,135.0
1530,R1,SKU1,117.0
1530,R2,SKU1,76.0
1530,R3,SKU1,151.0
1531,Supplier,SKU1,0.0
1531,W1,SKU1,200.0
1531,W2,SKU1,151.0
1531,R1,SKU1,85.0
1531,R2,SKU1,66.0
1531,R3,SKU1,165.0
1532,Supplier,SKU1,0.0
1532,W1,SKU1,151.0
1532,W2,SKU1,165.0
1532,R1,SKU1,88.0
1532,R2,SKU1,93.0
1532,R3,SKU1,173.0
1533,Supplier,SKU1,0.0
1533,W1,SKU1,165.0
1533,W2,SKU1,173.0
1533,R1,SKU1,148.0
1533,R2,SKU1,124.0
1533,R3,SKU1,181.0
1534,Supplier,SKU1,0.0
1534,W1,SKU1,272.0
1534,W2,SKU1,181.0
1534,R1,SKU1,159.0
1534,R2,SKU1,148.0
1534,R3,SKU1,223.0
1535,Supplier,SKU1,0.0
1535,W1,SKU1,307.0
1535,W2,SKU1,223.0
1535,R1,SKU1,110.0
1535,R2,SKU1,66.0
1535,R3,SKU1,196.0
1536,Supplier,SKU1,0.0
1536,W1,SKU1,183.0
1536,W2,SKU1,219.0
1536,R1,SKU1,91.0
1536,R2,SKU1,94.0
1536,R3,SKU1,136.0
1537,Supplier,SKU1,0.0
1537,W1,SKU1,178.0
1537,W2,SKU1,113.0
1537,R1,SKU1,101.0
1537,R2,SKU1,93.0
1537,R3,SKU1,142.0
1538,Supplier,SKU1,0.0
1538,W1,SKU1,194.0
1538,W2,SKU1,155.0
1538,R1,SKU1,94.0
1538,R2,SKU1,89.0
1538,R3,SKU1,115.0
1539,Supplier,SKU1,0.0
1539,W1,SKU1,183.0
1539,W2,SKU1,102.0
1539,R1,SKU1,125.0
1539,R2,SKU1,97.0
1539,R3,SKU1,139.0
1540,Supplier,SKU1,0.0
1540,W1,SKU1,222.0
1540,W2,SKU1,141.0
1540,R1,SKU1,133.0
1540,R2,SKU1,114.0
1540,R3,SKU1,190.0
1541,Supplier,SKU1,0.0
1541,W1,SKU1,269.0
1541,W2,SKU1,188.0
1541,R1,SKU1,139.0
1541,R2,SKU1,144.0
1541,R3,SKU1,244.0
1542,Supplier,SKU1,0.0
1542,W1,SKU1,261.0
1542,W2,SKU1,244.0
1542,R1,SKU1,95.0
1542,R2,SKU1,94.0
1542,R3,SKU1,161.0
1543,Supplier,SKU1,0.0
1543,W1,SKU1,189.0
1543,W2,SKU1,161.0
1543,R1,SKU1,96.0
1543,R2,SKU1,70.0
1543,R3,SKU1,159.0
1544,Supplier,SKU1,0.0
1544,W1,SKU1,166.0
1544,W2,SKU1,159.0
1544,R1,SKU1,112.0
1544,R2,SKU1,78.0
1544,R3,SKU1,157.0
1545,Supplier,SKU1,0.0
1545,W1,SKU1,190.0
1545,W2,SKU1,157.0
1545,R1,SKU1,128.0
1545,R2,SKU1,82.0
1545,R3,SKU1,166.0
1546,Supplier,SKU1,0.0
1546,W1,SKU1,210.0
1546,W2,SKU1,166.0
1546,R1,SKU1,93.0
1546,R2,SKU1,88.0
1546,R3,SKU1,190.0
1547,Supplier,SKU1,0.0
1547,W1,SKU1,191.0
1547,W2,SKU1,190.0
1547,R1,SKU1,125.0
1547,R2,SKU1,116.0
1547,R3,SKU1,254.0
1548,Supplier,SKU1,0.0
1548,W1,SKU1,232.0
1548,W2,SKU1,254.0
1548,R1,SKU1,135.0
1548,R2,SKU1,127.0
1548,R3,SKU1,219.0
1549,Supplier,SKU1,0.0
1549,W1,SKU1,261.0
1549,W2,SKU1,219.0
1549,R1,SKU1,94.0
1549,R2,SKU1,96.0
1549,R3,SKU1,188.0
1550,Supplier,SKU1,0.0
1550,W1,SKU1,190.0
1550,W2,SKU1,207.0
1550,R1,SKU1,86.0
1550,R2,SKU1,83.0
1550,R3,SKU1,184.0
1551,Supplier,SKU1,0.0
1551,W1,SKU1,169.0
1551,W2,SKU1,165.0
1551,R1,SKU1,88.0
1551,R2,SKU1,90.0
1551,R3,SKU1,139.0
1552,Supplier,SKU1,0.0
1552,W1,SKU1,178.0
1552,W2,SKU1,139.0
1552,R1,SKU1,87.0
1552,R2,SKU1,101.0
1552,R3,SKU1,181.0
1553,Supplier,SKU1,0.0
1553,W1,SKU1,188.0
1553,W2,SKU1,181.0
1553,R1,SKU1,128.0
1553,R2,SKU1,109.0
1553,R3,SKU1,246.0
1554,Supplier,SKU1,0.0
1554,W1,SKU1,237.0
1554,W2,SKU1,246.0
1554,R1,SKU1,166.0
1554,R2,SKU1,128.0
1554,R3,SKU1,256.0
1555,Supplier,SKU1,0.0
1555,W1,SKU1,294.0
1555,W2,SKU1,256.0
1555,R1,SKU1,136.0
1555,R2,SKU1,115.0
1555,R3,SKU1,240.0
1556,Supplier,SKU1,0.0
1556,W1,SKU1,251.0
1556,W2,SKU1,240.0
1556,R1,SKU1,98.0
1556,R2,SKU1,120.0
1556,R3,SKU1,179.0
1557,Supplier,SKU1,0.0
1557,W1,SKU1,218.0
1557,W2,SKU1,179.0
1557,R1,SKU1,95.0
1557,R2,SKU1,90.0
1557,R3,SKU1,129.0
1558,Supplier,SKU1,0.0
1558,W1,SKU1,203.0
1558,W2,SKU1,129.0
1558,R1,SKU1,111.0
1558,R2,SKU1,102.0
1558,R3,SKU1,200.0
1559,Supplier,SKU1,0.0
1559,W1,SKU1,216.0
1559,W2,SKU1,200.0
1559,R1,SKU1,107.0
1559,R2,SKU1,99.0
1559,R3,SKU1,184.0
1560,Supplier,SKU1,0.0
1560,W1,SKU1,185.0
1560,W2,SKU1,184.0
1560,R1,SKU1,147.0
1560,R2,SKU1,106.0
1560,R3,SKU1,218.0
1561,Supplier,SKU1,0.0
1561,W1,SKU1,253.0
1561,W2,SKU1,218.0
1561,R1,SKU1,137.0
1561,R2,SKU1,139.0
1561,R3,SKU1,305.0
1562,Supplier,SKU1,0.0
1562,W1,SKU1,276.0
1562,W2,SKU1,323.0
1562,R1,SKU1,149.0
1562,R2,SKU1,122.0
1562,R3,SKU1,319.0
1563,Supplier,SKU1,0.0
1563,W1,SKU1,271.0
1563,W2,SKU1,301.0
1563,R1,SKU1,141.0
1563,R2,SKU1,117.0
1563,R3,SKU1,181.0
1564,Supplier,SKU1,0.0
1564,W1,SKU1,258.0
1564,W2,SKU1,182.0
1564,R1,SKU1,121.0
1564,R2,SKU1,66.0
1564,R3,SKU1,173.0
1565,Supplier,SKU1,0.0
1565,W1,SKU1,187.0
1565,W2,SKU1,172.0
1565,R1,SKU1,157.0
1565,R2,SKU1,90.0
1565,R3,SKU1,155.0
1566,Supplier,SKU1,0.0
1566,W1,SKU1,247.0
1566,W2,SKU1,155.0
1566,R1,SKU1,66.0
1566,R2,SKU1,100.0
1566,R3,SKU1,199.0
1567,Supplier,SKU1,0.0
1567,W1,SKU1,166.0
1567,W2,SKU1,199.0
1567,R1,SKU1,137.0
1567,R2,SKU1,124.0
1567,R3,SKU1,190.0
1568,Supplier,SKU1,0.0
1568,W1,SKU1,261.0
1568,W2,SKU1,190.0
1568,R1,SKU1,166.0
1568,R2,SKU1,157.0
1568,R3,SKU1,260.0
1569,Supplier,SKU1,0.0
1569,W1,SKU1,323.0
1569,W2,SKU1,260.0
1569,R1,SKU1,149.0
1569,R2,SKU1,98.0
1569,R3,SKU1,219.0
1570,Supplier,SKU1,0.0
1570,W1,SKU1,270.0
1570,W2,SKU1,219.0
1570,R1,SKU1,122.0
1570,R2,SKU1,103.0
1570,R3,SKU1,176.0
1571,Supplier,SKU1,0.0
1571,W1,SKU1,202.0
1571,W2,SKU1,195.0
1571,R1,SKU1,127.0
1571,R2,SKU1,88.0
1571,R3,SKU1,149.0
1572,Supplier,SKU1,0.0
1572,W1,SKU1,217.0
1572,W2,SKU1,144.0
1572,R1,SKU1,80.0
1572,R2,SKU1,70.0
1572,R3,SKU1,160.0
1573,Supplier,SKU1,0.0
1573,W1,SKU1,167.0
1573,W2,SKU1,146.0
1573,R1,SKU1,114.0
1573,R2,SKU1,93.0
1573,R3,SKU1,184.0
1574,Supplier,SKU1,0.0
1574,W1,SKU1,188.0
1574,W2,SKU1,184.0
1574,R1,SKU1,124.0
1574,R2,SKU1,73.0
1574,R3,SKU1,169.0
1575,Supplier,SKU1,0.0
1575,W1,SKU1,197.0
1575,W2,SKU1,169.0
1575,R1,SKU1,147.0
1575,R2,SKU1,110.0
1575,R3,SKU1,228.0
1576,Supplier,SKU1,0.0
1576,W1,SKU1,257.0
1576,W2,SKU1,228.0
1576,R1,SKU1,166.0
1576,R2,SKU1,115.0
1576,R3,SKU1,213.0
1577,Supplier,SKU1,0.0
1577,W1,SKU1,281.0
1577,W2,SKU1,213.0
1577,R1,SKU1,120.0
1577,R2,SKU1,105.0
1577,R3,SKU1,204.0
1578,Supplier,SKU1,0.0
1578,W1,SKU1,225.0
1578,W2,SKU1,217.0
1578,R1,SKU1,119.0
1578,R2,SKU1,82.0
1578,R3,SKU1,174.0
1579,Supplier,SKU1,0.0
1579,W1,SKU1,201.0
1579,W2,SKU1,161.0
1579,R1,SKU1,77.0
1579,R2,SKU1,78.0
1579,R3,SKU1,139.0
1580,Supplier,SKU1,0.0
1580,W1,SKU1,156.0
1580,W2,SKU1,139.0
1580,R1,SKU1,121.0
1580,R2,SKU1,69.0
1580,R3,SKU1,187.0
1581,Supplier,SKU1,0.0
1581,W1,SKU1,189.0
1581,W2,SKU1,187.0
1581,R1,SKU1,179.0
1581,R2,SKU1,95.0
1581,R3,SKU1,174.0
1582,Supplier,SKU1,0.0
1582,W1,SKU1,274.0
1582,W2,SKU1,174.0
1582,R1,SKU1,167.0
1582,R2,SKU1,82.0
1582,R3,SKU1,193.0
1583,Supplier,SKU1,0.0
1583,W1,SKU1,249.0
1583,W2,SKU1,193.0
1583,R1,SKU1,176.0
1583,R2,SKU1,80.0
1583,R3,SKU1,220.0
1584,Supplier,SKU1,0.0
1584,W1,SKU1,256.0
1584,W2,SKU1,220.0
1584,R1,SKU1,164.0
1584,R2,SKU1,108.0
1584,R3,SKU1,231.0
1585,Supplier,SKU1,0.0
1585,W1,SKU1,272.0
1585,W2,SKU1,251.0
1585,R1,SKU1,116.0
1585,R2,SKU1,86.0
1585,R3,SKU1,161.0
1586,Supplier,SKU1,0.0
1586,W1,SKU1,202.0
1586,W2,SKU1,141.0
1586,R1,SKU1,147.0
1586,R2,SKU1,78.0
1586,R3,SKU1,250.0
1587,Supplier,SKU1,0.0
1587,W1,SKU1,227.0
1587,W2,SKU1,250.0
1587,R1,SKU1,117.0
1587,R2,SKU1,95.0
1587,R3,SKU1,232.0
1588,Supplier,SKU1,0.0
1588,W1,SKU1,210.0
1588,W2,SKU1,232.0
1588,R1,SKU1,161.0
1588,R2,SKU1,101.0
1588,R3,SKU1,214.0
1589,Supplier,SKU1,0.0
1589,W1,SKU1,272.0
1589,W2,SKU1,214.0
1589,R1,SKU1,183.0
1589,R2,SKU1,103.0
1589,R3,SKU1,281.0
1590,Supplier,SKU1,0.0
1590,W1,SKU1,276.0
1590,W2,SKU1,295.0
1590,R1,SKU1,213.0
1590,R2,SKU1,115.0
1590,R3,SKU1,244.0
1591,Supplier,SKU1,0.0
1591,W1,SKU1,328.0
1591,W2,SKU1,239.0
1591,R1,SKU1,172.0
1591,R2,SKU1,158.0
1591,R3,SKU1,184.0
1592,Supplier,SKU1,0.0
1592,W1,SKU1,330.0
1592,W2,SKU1,175.0
1592,R1,SKU1,134.0
1592,R2,SKU1,88.0
1592,R3,SKU1,225.0
1593,Supplier,SKU1,0.0
1593,W1,SKU1,222.0
1593,W2,SKU1,225.0
1593,R1,SKU1,176.0
1593,R2,SKU1,99.0
1593,R3,SKU1,164.0
1594,Supplier,SKU1,0.0
1594,W1,SKU1,297.0
1594,W2,SKU1,164.0
1594,R1,SKU1,167.0
1594,R2,SKU1,100.0
1594,R3,SKU1,199.0
1595,Supplier,SKU1,0.0
1595,W1,SKU1,264.0
1595,W2,SKU1,199.0
1595,R1,SKU1,182.0
1595,R2,SKU1,125.0
1595,R3,SKU1,279.0
1596,Supplier,SKU1,0.0
1596,W1,SKU1,288.0
1596,W2,SKU1,279.0
1596,R1,SKU1,184.0
1596,R2,SKU1,106.0
1596,R3,SKU1,256.0
1597,Supplier,SKU1,0.0
1597,W1,SKU1,290.0
1597,W2,SKU1,256.0
1597,R1,SKU1,180.0
1597,R2,SKU1,130.0
1597,R3,SKU1,249.0
1598,Supplier,SKU1,0.0
1598,W1,SKU1,310.0
1598,W2,SKU1,249.0
1598,R1,SKU1,146.0
1598,R2,SKU1,76.0
1598,R3,SKU1,204.0
1599,Supplier,SKU1,0.0
1599,W1,SKU1,232.0
1599,W2,SKU1,204.0
1599,R1,SKU1,135.0
1599,R2,SKU1,96.0
1599,R3,SKU1,143.0
1600,Supplier,SKU1,0.0
1600,W1,SKU1,221.0
1600,W2,SKU1,147.0
1600,R1,SKU1,149.0
1600,R2,SKU1,99.0
1600,R3,SKU1,138.0
1601,Supplier,SKU1,0.0
1601,W1,SKU1,269.0
1601,W2,SKU1,134.0
1601,R1,SKU1,147.0
1601,R2,SKU1,109.0
1601,R3,SKU1,194.0
1602,Supplier,SKU1,0.0
1602,W1,SKU1,235.0
1602,W2,SKU1,194.0
1602,R1,SKU1,147.0
1602,R2,SKU1,92.0
1602,R3,SKU1,217.0
1603,Supplier,SKU1,0.0
1603,W1,SKU1,239.0
1603,W2,SKU1,217.0
1603,R1,SKU1,193.0
1603,R2,SKU1,118.0
1603,R3,SKU1,303.0
1604,Supplier,SKU1,0.0
1604,W1,SKU1,311.0
1604,W2,SKU1,320.0
1604,R1,SKU1,203.0
1604,R2,SKU1,131.0
1604,R3,SKU1,279.0
1605,Supplier,SKU1,0.0
1605,W1,SKU1,345.0
1605,W2,SKU1,262.0
1605,R1,SKU1,122.0
1605,R2,SKU1,84.0
1605,R3,SKU1,135.0
1606,Supplier,SKU1,0.0
1606,W1,SKU1,195.0
1606,W2,SKU1,135.0
1606,R1,SKU1,139.0
1606,R2,SKU1,93.0
1606,R3,SKU1,173.0
1607,Supplier,SKU1,0.0
1607,W1,SKU1,232.0
1607,W2,SKU1,173.0
1607,R1,SKU1,140.0
1607,R2,SKU1,94.0
1607,R3,SKU1,151.0
1608,Supplier,SKU1,0.0
1608,W1,SKU1,234.0
1608,W2,SKU1,151.0
1608,R1,SKU1,168.0
1608,R2,SKU1,122.0
1608,R3,SKU1,169.0
1609,Supplier,SKU1,0.0
1609,W1,SKU1,290.0
1609,W2,SKU1,169.0
1609,R1,SKU1,157.0
1609,R2,SKU1,145.0
1609,R3,SKU1,198.0
1610,Supplier,SKU1,0.0
1610,W1,SKU1,302.0
1610,W2,SKU1,198.0
1610,R1,SKU1,190.0
1610,R2,SKU1,116.0
1610,R3,SKU1,269.0
1611,Supplier,SKU1,0.0
1611,W1,SKU1,308.0
1611,W2,SKU1,269.0
1611,R1,SKU1,190.0
1611,R2,SKU1,134.0
1611,R3,SKU1,251.0
1612,Supplier,SKU1,0.0
1612,W1,SKU1,332.0
1612,W2,SKU1,251.0
1612,R1,SKU1,124.0
1612,R2,SKU1,74.0
1612,R3,SKU1,183.0
1613,Supplier,SKU1,0.0
1613,W1,SKU1,188.0
1613,W2,SKU1,183.0
1613,R1,SKU1,172.0
1613,R2,SKU1,100.0
1613,R3,SKU1,145.0
1614,Supplier,SKU1,0.0
1614,W1,SKU1,272.0
1614,W2,SKU1,145.0
1614,R1,SKU1,112.0
1614,R2,SKU1,96.0
1614,R3,SKU1,159.0
1615,Supplier,SKU1,0.0
1615,W1,SKU1,208.0
1615,W2,SKU1,159.0
1615,R1,SKU1,172.0
1615,R2,SKU1,127.0
1615,R3,SKU1,221.0
1616,Supplier,SKU1,0.0
1616,W1,SKU1,307.0
1616,W2,SKU1,221.0
1616,R1,SKU1,210.0
1616,R2,SKU1,167.0
1616,R3,SKU1,340.0
1617,Supplier,SKU1,0.0
1617,W1,SKU1,384.0
1617,W2,SKU1,361.0
1617,R1,SKU1,184.0
1617,R2,SKU1,122.0
1617,R3,SKU1,256.0
1618,Supplier,SKU1,0.0
1618,W1,SKU1,291.0
1618,W2,SKU1,235.0
1618,R1,SKU1,171.0
1618,R2,SKU1,139.0
1618,R3,SKU1,287.0
1619,Supplier,SKU1,0.0
1619,W1,SKU1,310.0
1619,W2,SKU1,287.0
1619,R1,SKU1,164.0
1619,R2,SKU1,115.0
1619,R3,SKU1,234.0
1620,Supplier,SKU1,0.0
1620,W1,SKU1,289.0
1620,W2,SKU1,234.0
1620,R1,SKU1,159.0
1620,R2,SKU1,124.0
1620,R3,SKU1,186.0
1621,Supplier,SKU1,0.0
1621,W1,SKU1,273.0
1621,W2,SKU1,186.0
1621,R1,SKU1,130.0
1621,R2,SKU1,173.0
1621,R3,SKU1,162.0
1622,Supplier,SKU1,0.0
1622,W1,SKU1,303.0
1622,W2,SKU1,162.0
1622,R1,SKU1,145.0
1622,R2,SKU1,100.0
1622,R3,SKU1,233.0
1623,Supplier,SKU1,0.0
1623,W1,SKU1,248.0
1623,W2,SKU1,233.0
1623,R1,SKU1,186.0
1623,R2,SKU1,0.0
1623,R3,SKU1,261.0
1624,Supplier,SKU1,0.0
1624,W1,SKU1,183.0
1624,W2,SKU1,261.0
1624,R1,SKU1,217.0
1624,R2,SKU1,105.0
1624,R3,SKU1,281.0
1625,Supplier,SKU1,0.0
1625,W1,SKU1,322.0
1625,W2,SKU1,281.0
1625,R1,SKU1,251.0
1625,R2,SKU1,160.0
1625,R3,SKU1,301.0
1626,Supplier,SKU1,0.0
1626,W1,SKU1,433.0
1626,W2,SKU1,301.0
1626,R1,SKU1,124.0
1626,R2,SKU1,110.0
1626,R3,SKU1,226.0
1627,Supplier,SKU1,0.0
1627,W1,SKU1,212.0
1627,W2,SKU1,227.0
1627,R1,SKU1,179.0
1627,R2,SKU1,120.0
1627,R3,SKU1,215.0
1628,Supplier,SKU1,0.0
1628,W1,SKU1,311.0
1628,W2,SKU1,214.0
1628,R1,SKU1,115.0
1628,R2,SKU1,101.0
1628,R3,SKU1,202.0
1629,Supplier,SKU1,0.0
1629,W1,SKU1,227.0
1629,W2,SKU1,216.0
1629,R1,SKU1,154.0
1629,R2,SKU1,124.0
1629,R3,SKU1,186.0
1630,Supplier,SKU1,0.0
1630,W1,SKU1,255.0
1630,W2,SKU1,172.0
1630,R1,SKU1,167.0
1630,R2,SKU1,161.0
1630,R3,SKU1,241.0
1631,Supplier,SKU1,0.0
1631,W1,SKU1,328.0
1631,W2,SKU1,241.0
1631,R1,SKU1,174.0
1631,R2,SKU1,155.0
1631,R3,SKU1,314.0
1632,Supplier,SKU1,0.0
1632,W1,SKU1,329.0
1632,W2,SKU1,314.0
1632,R1,SKU1,231.0
1632,R2,SKU1,78.0
1632,R3,SKU1,297.0
1633,Supplier,SKU1,0.0
1633,W1,SKU1,309.0
1633,W2,SKU1,311.0
1633,R1,SKU1,187.0
1633,R2,SKU1,116.0
1633,R3,SKU1,201.0
1634,Supplier,SKU1,0.0
1634,W1,SKU1,312.0
1634,W2,SKU1,187.0
1634,R1,SKU1,164.0
1634,R2,SKU1,140.0
1634,R3,SKU1,217.0
1635,Supplier,SKU1,0.0
1635,W1,SKU1,316.0
1635,W2,SKU1,217.0
1635,R1,SKU1,143.0
1635,R2,SKU1,119.0
1635,R3,SKU1,125.0
1636,Supplier,SKU1,0.0
1636,W1,SKU1,241.0
1636,W2,SKU1,142.0
1636,R1,SKU1,145.0
1636,R2,SKU1,125.0
1636,R3,SKU1,209.0
1637,Supplier,SKU1,0.0
1637,W1,SKU1,270.0
1637,W2,SKU1,192.0
1637,R1,SKU1,214.0
1637,R2,SKU1,46.0
1637,R3,SKU1,267.0
1638,Supplier,SKU1,0.0
1638,W1,SKU1,260.0
1638,W2,SKU1,267.0
1638,R1,SKU1,218.0
1638,R2,SKU1,82.0
1638,R3,SKU1,259.0
1639,Supplier,SKU1,0.0
1639,W1,SKU1,300.0
1639,W2,SKU1,259.0
1639,R1,SKU1,224.0
1639,R2,SKU1,112.0
1639,R3,SKU1,228.0
1640,Supplier,SKU1,0.0
1640,W1,SKU1,336.0
1640,W2,SKU1,228.0
1640,R1,SKU1,156.0
1640,R2,SKU1,125.0
1640,R3,SKU1,202.0
1641,Supplier,SKU1,0.0
1641,W1,SKU1,281.0
1641,W2,SKU1,202.0
1641,R1,SKU1,136.0
1641,R2,SKU1,95.0
1641,R3,SKU1,181.0
1642,Supplier,SKU1,0.0
1642,W1,SKU1,231.0
1642,W2,SKU1,183.0
1642,R1,SKU1,135.0
1642,R2,SKU1,82.0
1642,R3,SKU1,163.0
1643,Supplier,SKU1,0.0
1643,W1,SKU1,217.0
1643,W2,SKU1,161.0
1643,R1,SKU1,161.0
1643,R2,SKU1,123.0
1643,R3,SKU1,184.0
1644,Supplier,SKU1,0.0
1644,W1,SKU1,301.0
1644,W2,SKU1,184.0
1644,R1,SKU1,200.0
1644,R2,SKU1,115.0
1644,R3,SKU1,288.0
1645,Supplier,SKU1,0.0
1645,W1,SKU1,316.0
1645,W2,SKU1,288.0
1645,R1,SKU1,243.0
1645,R2,SKU1,103.0
1645,R3,SKU1,294.0
1646,Supplier,SKU1,0.0
1646,W1,SKU1,328.0
1646,W2,SKU1,294.0
1646,R1,SKU1,236.0
1646,R2,SKU1,126.0
1646,R3,SKU1,320.0
1647,Supplier,SKU1,0.0
1647,W1,SKU1,362.0
1647,W2,SKU1,320.0
1647,R1,SKU1,208.0
1647,R2,SKU1,132.0
1647,R3,SKU1,263.0
1648,Supplier,SKU1,0.0
1648,W1,SKU1,340.0
1648,W2,SKU1,283.0
1648,R1,SKU1,157.0
1648,R2,SKU1,194.0
1648,R3,SKU1,198.0
1649,Supplier,SKU1,0.0
1649,W1,SKU1,351.0
1649,W2,SKU1,181.0
1649,R1,SKU1,167.0
1649,R2,SKU1,271.0
1649,R3,SKU1,199.0
1650,Supplier,SKU1,0.0
1650,W1,SKU1,438.0
1650,W2,SKU1,196.0
1650,R1,SKU1,145.0
1650,R2,SKU1,244.0
1650,R3,SKU1,210.0
1651,Supplier,SKU1,0.0
1651,W1,SKU1,389.0
1651,W2,SKU1,210.0
1651,R1,SKU1,178.0
1651,R2,SKU1,175.0
1651,R3,SKU1,250.0
1652,Supplier,SKU1,0.0
1652,W1,SKU1,353.0
1652,W2,SKU1,260.0
1652,R1,SKU1,226.0
1652,R2,SKU1,138.0
1652,R3,SKU1,291.0
1653,Supplier,SKU1,0.0
1653,W1,SKU1,364.0
1653,W2,SKU1,281.0
1653,R1,SKU1,269.0
1653,R2,SKU1,141.0
1653,R3,SKU1,329.0
1654,Supplier,SKU1,0.0
1654,W1,SKU1,410.0
1654,W2,SKU1,329.0
1654,R1,SKU1,161.0
1654,R2,SKU1,205.0
1654,R3,SKU1,248.0
1655,Supplier,SKU1,0.0
1655,W1,SKU1,376.0
1655,W2,SKU1,248.0
1655,R1,SKU1,189.0
1655,R2,SKU1,119.0
1655,R3,SKU1,202.0
1656,Supplier,SKU1,0.0
1656,W1,SKU1,298.0
1656,W2,SKU1,202.0
1656,R1,SKU1,194.0
1656,R2,SKU1,0.0
1656,R3,SKU1,206.0
1657,Supplier,SKU1,0.0
1657,W1,SKU1,194.0
1657,W2,SKU1,208.0
1657,R1,SKU1,162.0
1657,R2,SKU1,0.0
1657,R3,SKU1,245.0
1658,Supplier,SKU1,0.0
1658,W1,SKU1,162.0
1658,W2,SKU1,253.0
1658,R1,SKU1,216.0
1658,R2,SKU1,0.0
1658,R3,SKU1,266.0
1659,Supplier,SKU1,0.0
1659,W1,SKU1,216.0
1659,W2,SKU1,256.0
1659,R1,SKU1,267.0
1659,R2,SKU1,0.0
1659,R3,SKU1,331.0
1660,Supplier,SKU1,0.0
1660,W1,SKU1,283.0
1660,W2,SKU1,331.0
1660,R1,SKU1,242.0
1660,R2,SKU1,122.0
1660,R3,SKU1,320.0
1661,Supplier,SKU1,0.0
1661,W1,SKU1,348.0
1661,W2,SKU1,320.0
1661,R1,SKU1,168.0
1661,R2,SKU1,160.0
1661,R3,SKU1,231.0
1662,Supplier,SKU1,0.0
1662,W1,SKU1,328.0
1662,W2,SKU1,251.0
1662,R1,SKU1,176.0
1662,R2,SKU1,109.0
1662,R3,SKU1,213.0
1663,Supplier,SKU1,0.0
1663,W1,SKU1,285.0
1663,W2,SKU1,193.0
1663,R1,SKU1,148.0
1663,R2,SKU1,101.0
1663,R3,SKU1,197.0
1664,Supplier,SKU1,0.0
1664,W1,SKU1,249.0
1664,W2,SKU1,197.0
1664,R1,SKU1,126.0
1664,R2,SKU1,74.0
1664,R3,SKU1,150.0
1665,Supplier,SKU1,0.0
1665,W1,SKU1,200.0
1665,W2,SKU1,150.0
1665,R1,SKU1,165.0
1665,R2,SKU1,81.0
1665,R3,SKU1,264.0
1666,Supplier,SKU1,0.0
1666,W1,SKU1,246.0
1666,W2,SKU1,264.0
1666,R1,SKU1,241.0
1666,R2,SKU1,93.0
1666,R3,SKU1,367.0
1667,Supplier,SKU1,0.0
1667,W1,SKU1,334.0
1667,W2,SKU1,367.0
1667,R1,SKU1,281.0
1667,R2,SKU1,142.0
1667,R3,SKU1,378.0
1668,Supplier,SKU1,0.0
1668,W1,SKU1,423.0
1668,W2,SKU1,378.0
1668,R1,SKU1,166.0
1668,R2,SKU1,107.0
1668,R3,SKU1,225.0
1669,Supplier,SKU1,0.0
1669,W1,SKU1,296.0
1669,W2,SKU1,225.0
1669,R1,SKU1,104.0
1669,R2,SKU1,107.0
1669,R3,SKU1,170.0
1670,Supplier,SKU1,0.0
1670,W1,SKU1,207.0
1670,W2,SKU1,170.0
1670,R1,SKU1,140.0
1670,R2,SKU1,116.0
1670,R3,SKU1,152.0
1671,Supplier,SKU1,0.0
1671,W1,SKU1,237.0
1671,W2,SKU1,152.0
1671,R1,SKU1,164.0
1671,R2,SKU1,113.0
1671,R3,SKU1,176.0
1672,Supplier,SKU1,0.0
1672,W1,SKU1,277.0
1672,W2,SKU1,176.0
1672,R1,SKU1,158.0
1672,R2,SKU1,124.0
1672,R3,SKU1,179.0
1673,Supplier,SKU1,0.0
1673,W1,SKU1,282.0
1673,W2,SKU1,179.0
1673,R1,SKU1,239.0
1673,R2,SKU1,83.0
1673,R3,SKU1,215.0
1674,Supplier,SKU1,0.0
1674,W1,SKU1,322.0
1674,W2,SKU1,215.0
1674,R1,SKU1,230.0
1674,R2,SKU1,127.0
1674,R3,SKU1,225.0
1675,Supplier,SKU1,0.0
1675,W1,SKU1,379.0
1675,W2,SKU1,240.0
1675,R1,SKU1,139.0
1675,R2,SKU1,112.0
1675,R3,SKU1,132.0
1676,Supplier,SKU1,0.0
1676,W1,SKU1,230.0
1676,W2,SKU1,117.0
1676,R1,SKU1,148.0
1676,R2,SKU1,130.0
1676,R3,SKU1,178.0
1677,Supplier,SKU1,0.0
1677,W1,SKU1,277.0
1677,W2,SKU1,195.0
1677,R1,SKU1,154.0
1677,R2,SKU1,131.0
1677,R3,SKU1,179.0
1678,Supplier,SKU1,0.0
1678,W1,SKU1,285.0
1678,W2,SKU1,174.0
1678,R1,SKU1,148.0
1678,R2,SKU1,101.0
1678,R3,SKU1,167.0
1679,Supplier,SKU1,0.0
1679,W1,SKU1,249.0
1679,W2,SKU1,155.0
1679,R1,SKU1,156.0
1679,R2,SKU1,77.0
1679,R3,SKU1,194.0
1680,Supplier,SKU1,0.0
1680,W1,SKU1,233.0
1680,W2,SKU1,194.0
1680,R1,SKU1,185.0
1680,R2,SKU1,131.0
1680,R3,SKU1,241.0
1681,Supplier,SKU1,0.0
1681,W1,SKU1,316.0
1681,W2,SKU1,241.0
1681,R1,SKU1,223.0
1681,R2,SKU1,137.0
1681,R3,SKU1,248.0
1682,Supplier,SKU1,0.0
1682,W1,SKU1,376.0
1682,W2,SKU1,248.0
1682,R1,SKU1,188.0
1682,R2,SKU1,127.0
1682,R3,SKU1,221.0
1683,Supplier,SKU1,0.0
1683,W1,SKU1,299.0
1683,W2,SKU1,221.0
1683,R1,SKU1,133.0
1683,R2,SKU1,146.0
1683,R3,SKU1,149.0
1684,Supplier,SKU1,0.0
1684,W1,SKU1,279.0
1684,W2,SKU1,170.0
1684,R1,SKU1,124.0
1684,R2,SKU1,102.0
1684,R3,SKU1,153.0
1685,Supplier,SKU1,0.0
1685,W1,SKU1,226.0
1685,W2,SKU1,132.0
1685,R1,SKU1,164.0
1685,R2,SKU1,119.0
1685,R3,SKU1,137.0
1686,Supplier,SKU1,0.0
1686,W1,SKU1,283.0
1686,W2,SKU1,137.0
1686,R1,SKU1,137.0
1686,R2,SKU1,136.0
1686,R3,SKU1,178.0
1687,Supplier,SKU1,0.0
1687,W1,SKU1,273.0
1687,W2,SKU1,178.0
1687,R1,SKU1,191.0
1687,R2,SKU1,81.0
1687,R3,SKU1,270.0
1688,Supplier,SKU1,0.0
1688,W1,SKU1,272.0
1688,W2,SKU1,270.0
1688,R1,SKU1,222.0
1688,R2,SKU1,121.0
1688,R3,SKU1,225.0
1689,Supplier,SKU1,0.0
1689,W1,SKU1,343.0
1689,W2,SKU1,225.0
1689,R1,SKU1,153.0
1689,R2,SKU1,99.0
1689,R3,SKU1,174.0
1690,Supplier,SKU1,0.0
1690,W1,SKU1,252.0
1690,W2,SKU1,174.0
1690,R1,SKU1,127.0
1690,R2,SKU1,81.0
1690,R3,SKU1,196.0
1691,Supplier,SKU1,0.0
1691,W1,SKU1,208.0
1691,W2,SKU1,196.0
1691,R1,SKU1,127.0
1691,R2,SKU1,66.0
1691,R3,SKU1,148.0
1692,Supplier,SKU1,0.0
1692,W1,SKU1,201.0
1692,W2,SKU1,148.0
1692,R1,SKU1,132.0
1692,R2,SKU1,86.0
1692,R3,SKU1,172.0
1693,Supplier,SKU1,0.0
1693,W1,SKU1,219.0
1693,W2,SKU1,172.0
1693,R1,SKU1,145.0
1693,R2,SKU1,112.0
1693,R3,SKU1,197.0
1694,Supplier,SKU1,0.0
1694,W1,SKU1,248.0
1694,W2,SKU1,197.0
1694,R1,SKU1,218.0
1694,R2,SKU1,157.0
1694,R3,SKU1,250.0
1695,Supplier,SKU1,0.0
1695,W1,SKU1,375.0
1695,W2,SKU1,250.0
1695,R1,SKU1,195.0
1695,R2,SKU1,122.0
1695,R3,SKU1,258.0
1696,Supplier,SKU1,0.0
1696,W1,SKU1,317.0
1696,W2,SKU1,258.0
1696,R1,SKU1,139.0
1696,R2,SKU1,147.0
1696,R3,SKU1,138.0
1697,Supplier,SKU1,0.0
1697,W1,SKU1,303.0
1697,W2,SKU1,138.0
1697,R1,SKU1,133.0
1697,R2,SKU1,72.0
1697,R3,SKU1,169.0
1698,Supplier,SKU1,0.0
1698,W1,SKU1,208.0
1698,W2,SKU1,169.0
1698,R1,SKU1,116.0
1698,R2,SKU1,72.0
1698,R3,SKU1,178.0
1699,Supplier,SKU1,0.0
1699,W1,SKU1,168.0
1699,W2,SKU1,178.0
1699,R1,SKU1,163.0
1699,R2,SKU1,99.0
1699,R3,SKU1,154.0
1700,Supplier,SKU1,0.0
1700,W1,SKU1,262.0
1700,W2,SKU1,154.0
1700,R1,SKU1,148.0
1700,R2,SKU1,107.0
1700,R3,SKU1,178.0
1701,Supplier,SKU1,0.0
1701,W1,SKU1,255.0
1701,W2,SKU1,178.0
1701,R1,SKU1,174.0
1701,R2,SKU1,131.0
1701,R3,SKU1,225.0
1702,Supplier,SKU1,0.0
1702,W1,SKU1,305.0
1702,W2,SKU1,225.0
1702,R1,SKU1,178.0
1702,R2,SKU1,108.0
1702,R3,SKU1,201.0
1703,Supplier,SKU1,0.0
1703,W1,SKU1,291.0
1703,W2,SKU1,201.0
1703,R1,SKU1,108.0
1703,R2,SKU1,89.0
1703,R3,SKU1,137.0
1704,Supplier,SKU1,0.0
1704,W1,SKU1,192.0
1704,W2,SKU1,138.0
1704,R1,SKU1,104.0
1704,R2,SKU1,52.0
1704,R3,SKU1,149.0
1705,Supplier,SKU1,0.0
1705,W1,SKU1,156.0
1705,W2,SKU1,148.0
1705,R1,SKU1,90.0
1705,R2,SKU1,69.0
1705,R3,SKU1,133.0
1706,Supplier,SKU1,0.0
1706,W1,SKU1,159.0
1706,W2,SKU1,133.0
1706,R1,SKU1,116.0
1706,R2,SKU1,82.0
1706,R3,SKU1,195.0
1707,Supplier,SKU1,0.0
1707,W1,SKU1,198.0
1707,W2,SKU1,195.0
1707,R1,SKU1,195.0
1707,R2,SKU1,110.0
1707,R3,SKU1,200.0
1708,Supplier,SKU1,0.0
1708,W1,SKU1,305.0
1708,W2,SKU1,200.0
1708,R1,SKU1,192.0
1708,R2,SKU1,143.0
1708,R3,SKU1,236.0
1709,Supplier,SKU1,0.0
1709,W1,SKU1,340.0
1709,W2,SKU1,236.0
1709,R1,SKU1,225.0
1709,R2,SKU1,123.0
1709,R3,SKU1,220.0
1710,Supplier,SKU1,0.0
1710,W1,SKU1,343.0
1710,W2,SKU1,220.0
1710,R1,SKU1,112.0
1710,R2,SKU1,147.0
1710,R3,SKU1,230.0
1711,Supplier,SKU1,0.0
1711,W1,SKU1,259.0
1711,W2,SKU1,250.0
1711,R1,SKU1,147.0
1711,R2,SKU1,92.0
1711,R3,SKU1,196.0
1712,Supplier,SKU1,0.0
1712,W1,SKU1,239.0
1712,W2,SKU1,176.0
1712,R1,SKU1,118.0
1712,R2,SKU1,102.0
1712,R3,SKU1,186.0
1713,Supplier,SKU1,0.0
1713,W1,SKU1,220.0
1713,W2,SKU1,186.0
1713,R1,SKU1,138.0
1713,R2,SKU1,112.0
1713,R3,SKU1,164.0
1714,Supplier,SKU1,0.0
1714,W1,SKU1,270.0
1714,W2,SKU1,164.0
1714,R1,SKU1,140.0
1714,R2,SKU1,128.0
1714,R3,SKU1,201.0
1715,Supplier,SKU1,0.0
1715,W1,SKU1,248.0
1715,W2,SKU1,201.0
1715,R1,SKU1,228.0
1715,R2,SKU1,105.0
1715,R3,SKU1,237.0
1716,Supplier,SKU1,0.0
1716,W1,SKU1,333.0
1716,W2,SKU1,238.0
1716,R1,SKU1,229.0
1716,R2,SKU1,112.0
1716,R3,SKU1,270.0
1717,Supplier,SKU1,0.0
1717,W1,SKU1,341.0
1717,W2,SKU1,269.0
1717,R1,SKU1,150.0
1717,R2,SKU1,143.0
1717,R3,SKU1,204.0
1718,Supplier,SKU1,0.0
1718,W1,SKU1,293.0
1718,W2,SKU1,204.0
1718,R1,SKU1,131.0
1718,R2,SKU1,100.0
1718,R3,SKU1,222.0
1719,Supplier,SKU1,0.0
1719,W1,SKU1,231.0
1719,W2,SKU1,226.0
1719,R1,SKU1,148.0
1719,R2,SKU1,88.0
1719,R3,SKU1,174.0
1720,Supplier,SKU1,0.0
1720,W1,SKU1,236.0
1720,W2,SKU1,170.0
1720,R1,SKU1,124.0
1720,R2,SKU1,119.0
1720,R3,SKU1,181.0
1721,Supplier,SKU1,0.0
1721,W1,SKU1,243.0
1721,W2,SKU1,181.0
1721,R1,SKU1,185.0
1721,R2,SKU1,126.0
1721,R3,SKU1,227.0
1722,Supplier,SKU1,0.0
1722,W1,SKU1,311.0
1722,W2,SKU1,227.0
1722,R1,SKU1,177.0
1722,R2,SKU1,98.0
1722,R3,SKU1,233.0
1723,Supplier,SKU1,0.0
1723,W1,SKU1,286.0
1723,W2,SKU1,233.0
1723,R1,SKU1,171.0
1723,R2,SKU1,124.0
1723,R3,SKU1,250.0
1724,Supplier,SKU1,0.0
1724,W1,SKU1,284.0
1724,W2,SKU1,250.0
1724,R1,SKU1,117.0
1724,R2,SKU1,106.0
1724,R3,SKU1,181.0
1725,Supplier,SKU1,0.0
1725,W1,SKU1,223.0
1725,W2,SKU1,181.0
1725,R1,SKU1,131.0
1725,R2,SKU1,60.0
1725,R3,SKU1,155.0
1726,Supplier,SKU1,0.0
1726,W1,SKU1,214.0
1726,W2,SKU1,155.0
1726,R1,SKU1,99.0
1726,R2,SKU1,70.0
1726,R3,SKU1,140.0
1727,Supplier,SKU1,0.0
1727,W1,SKU1,146.0
1727,W2,SKU1,140.0
1727,R1,SKU1,128.0
1727,R2,SKU1,99.0
1727,R3,SKU1,178.0
1728,Supplier,SKU1,0.0
1728,W1,SKU1,227.0
1728,W2,SKU1,178.0
1728,R1,SKU1,145.0
1728,R2,SKU1,92.0
1728,R3,SKU1,226.0
1729,Supplier,SKU1,0.0
1729,W1,SKU1,237.0
1729,W2,SKU1,226.0
1729,R1,SKU1,170.0
1729,R2,SKU1,100.0
1729,R3,SKU1,189.0
1730,Supplier,SKU1,0.0
1730,W1,SKU1,270.0
1730,W2,SKU1,189.0
1730,R1,SKU1,187.0
1730,R2,SKU1,137.0
1730,R3,SKU1,185.0
1731,Supplier,SKU1,0.0
1731,W1,SKU1,324.0
1731,W2,SKU1,185.0
1731,R1,SKU1,132.0
1731,R2,SKU1,105.0
1731,R3,SKU1,179.0
1732,Supplier,SKU1,0.0
1732,W1,SKU1,261.0
1732,W2,SKU1,179.0
1732,R1,SKU1,147.0
1732,R2,SKU1,102.0
1732,R3,SKU1,176.0
1733,Supplier,SKU1,0.0
1733,W1,SKU1,225.0
1733,W2,SKU1,176.0
1733,R1,SKU1,126.0
1733,R2,SKU1,83.0
1733,R3,SKU1,168.0
1734,Supplier,SKU1,0.0
1734,W1,SKU1,209.0
1734,W2,SKU1,168.0
1734,R1,SKU1,162.0
1734,R2,SKU1,112.0
1734,R3,SKU1,219.0
1735,Supplier,SKU1,0.0
1735,W1,SKU1,283.0
1735,W2,SKU1,219.0
1735,R1,SKU1,167.0
1735,R2,SKU1,149.0
1735,R3,SKU1,254.0
1736,Supplier,SKU1,0.0
1736,W1,SKU1,307.0
1736,W2,SKU1,273.0
1736,R1,SKU1,222.0
1736,R2,SKU1,133.0
1736,R3,SKU1,194.0
1737,Supplier,SKU1,0.0
1737,W1,SKU1,362.0
1737,W2,SKU1,175.0
1737,R1,SKU1,207.0
1737,R2,SKU1,117.0
1737,R3,SKU1,224.0
1738,Supplier,SKU1,0.0
1738,W1,SKU1,317.0
1738,W2,SKU1,224.0
1738,R1,SKU1,73.0
1738,R2,SKU1,109.0
1738,R3,SKU1,194.0
1739,Supplier,SKU1,0.0
1739,W1,SKU1,199.0
1739,W2,SKU1,218.0
1739,R1,SKU1,125.0
1739,R2,SKU1,71.0
1739,R3,SKU1,162.0
1740,Supplier,SKU1,0.0
1740,W1,SKU1,195.0
1740,W2,SKU1,138.0
1740,R1,SKU1,134.0
1740,R2,SKU1,75.0
1740,R3,SKU1,120.0
1741,Supplier,SKU1,0.0
1741,W1,SKU1,204.0
1741,W2,SKU1,120.0
1741,R1,SKU1,157.0
1741,R2,SKU1,80.0
1741,R3,SKU1,194.0
1742,Supplier,SKU1,0.0
1742,W1,SKU1,241.0
1742,W2,SKU1,214.0
1742,R1,SKU1,137.0
1742,R2,SKU1,94.0
1742,R3,SKU1,195.0
1743,Supplier,SKU1,0.0
1743,W1,SKU1,216.0
1743,W2,SKU1,175.0
1743,R1,SKU1,190.0
1743,R2,SKU1,129.0
1743,R3,SKU1,186.0
1744,Supplier,SKU1,0.0
1744,W1,SKU1,335.0
1744,W2,SKU1,186.0
1744,R1,SKU1,194.0
1744,R2,SKU1,149.0
1744,R3,SKU1,201.0
1745,Supplier,SKU1,0.0
1745,W1,SKU1,327.0
1745,W2,SKU1,201.0
1745,R1,SKU1,117.0
1745,R2,SKU1,84.0
1745,R3,SKU1,164.0
1746,Supplier,SKU1,0.0
1746,W1,SKU1,201.0
1746,W2,SKU1,165.0
1746,R1,SKU1,151.0
1746,R2,SKU1,86.0
1746,R3,SKU1,176.0
1747,Supplier,SKU1,0.0
1747,W1,SKU1,238.0
1747,W2,SKU1,175.0
1747,R1,SKU1,129.0
1747,R2,SKU1,84.0
1747,R3,SKU1,171.0
1748,Supplier,SKU1,0.0
1748,W1,SKU1,212.0
1748,W2,SKU1,171.0
1748,R1,SKU1,142.0
1748,R2,SKU1,90.0
1748,R3,SKU1,172.0
1749,Supplier,SKU1,0.0
1749,W1,SKU1,244.0
1749,W2,SKU1,172.0
1749,R1,SKU1,145.0
1749,R2,SKU1,102.0
1749,R3,SKU1,210.0
1750,Supplier,SKU1,0.0
1750,W1,SKU1,235.0
1750,W2,SKU1,210.0
1750,R1,SKU1,195.0
1750,R2,SKU1,128.0
1750,R3,SKU1,246.0
1751,Supplier,SKU1,0.0
1751,W1,SKU1,323.0
1751,W2,SKU1,256.0
1751,R1,SKU1,188.0
1751,R2,SKU1,145.0
1751,R3,SKU1,223.0
1752,Supplier,SKU1,0.0
1752,W1,SKU1,356.0
1752,W2,SKU1,213.0
1752,R1,SKU1,119.0
1752,R2,SKU1,89.0
1752,R3,SKU1,174.0
1753,Supplier,SKU1,0.0
1753,W1,SKU1,185.0
1753,W2,SKU1,187.0
1753,R1,SKU1,142.0
1753,R2,SKU1,93.0
1753,R3,SKU1,105.0
1754,Supplier,SKU1,0.0
1754,W1,SKU1,235.0
1754,W2,SKU1,92.0
1754,R1,SKU1,119.0
1754,R2,SKU1,78.0
1754,R3,SKU1,186.0
1755,Supplier,SKU1,0.0
1755,W1,SKU1,197.0
1755,W2,SKU1,186.0
1755,R1,SKU1,122.0
1755,R2,SKU1,90.0
1755,R3,SKU1,171.0
1756,Supplier,SKU1,0.0
1756,W1,SKU1,212.0
1756,W2,SKU1,171.0
1756,R1,SKU1,134.0
1756,R2,SKU1,89.0
1756,R3,SKU1,211.0
1757,Supplier,SKU1,0.0
1757,W1,SKU1,235.0
1757,W2,SKU1,211.0
1757,R1,SKU1,197.0
1757,R2,SKU1,138.0
1757,R3,SKU1,254.0
1758,Supplier,SKU1,0.0
1758,W1,SKU1,323.0
1758,W2,SKU1,265.0
1758,R1,SKU1,231.0
1758,R2,SKU1,132.0
1758,R3,SKU1,239.0
1759,Supplier,SKU1,0.0
1759,W1,SKU1,386.0
1759,W2,SKU1,228.0
1759,R1,SKU1,133.0
1759,R2,SKU1,103.0
1759,R3,SKU1,171.0
1760,Supplier,SKU1,0.0
1760,W1,SKU1,222.0
1760,W2,SKU1,171.0
1760,R1,SKU1,149.0
1760,R2,SKU1,102.0
1760,R3,SKU1,194.0
1761,Supplier,SKU1,0.0
1761,W1,SKU1,242.0
1761,W2,SKU1,194.0
1761,R1,SKU1,176.0
1761,R2,SKU1,95.0
1761,R3,SKU1,247.0
1762,Supplier,SKU1,0.0
1762,W1,SKU1,271.0
1762,W2,SKU1,247.0
1762,R1,SKU1,218.0
1762,R2,SKU1,131.0
1762,R3,SKU1,302.0
1763,Supplier,SKU1,0.0
1763,W1,SKU1,349.0
1763,W2,SKU1,302.0
1763,R1,SKU1,270.0
1763,R2,SKU1,153.0
1763,R3,SKU1,265.0
1764,Supplier,SKU1,0.0
1764,W1,SKU1,423.0
1764,W2,SKU1,267.0
1764,R1,SKU1,142.0
1764,R2,SKU1,234.0
1764,R3,SKU1,212.0
1765,Supplier,SKU1,0.0
1765,W1,SKU1,399.0
1765,W2,SKU1,210.0
1765,R1,SKU1,202.0
1765,R2,SKU1,80.0
1765,R3,SKU1,212.0
1766,Supplier,SKU1,0.0
1766,W1,SKU1,281.0
1766,W2,SKU1,222.0
1766,R1,SKU1,108.0
1766,R2,SKU1,139.0
1766,R3,SKU1,148.0
1767,Supplier,SKU1,0.0
1767,W1,SKU1,228.0
1767,W2,SKU1,138.0
1767,R1,SKU1,157.0
1767,R2,SKU1,81.0
1767,R3,SKU1,156.0
1768,Supplier,SKU1,0.0
1768,W1,SKU1,235.0
1768,W2,SKU1,156.0
1768,R1,SKU1,118.0
1768,R2,SKU1,57.0
1768,R3,SKU1,155.0
1769,Supplier,SKU1,0.0
1769,W1,SKU1,175.0
1769,W2,SKU1,155.0
1769,R1,SKU1,132.0
1769,R2,SKU1,0.0
1769,R3,SKU1,219.0
1770,Supplier,SKU1,0.0
1770,W1,SKU1,132.0
1770,W2,SKU1,219.0
1770,R1,SKU1,128.0
1770,R2,SKU1,23.0
1770,R3,SKU1,249.0
1771,Supplier,SKU1,0.0
1771,W1,SKU1,151.0
1771,W2,SKU1,268.0
1771,R1,SKU1,252.0
1771,R2,SKU1,138.0
1771,R3,SKU1,277.0
1772,Supplier,SKU1,0.0
1772,W1,SKU1,390.0
1772,W2,SKU1,258.0
1772,R1,SKU1,264.0
1772,R2,SKU1,117.0
1772,R3,SKU1,261.0
1773,Supplier,SKU1,0.0
1773,W1,SKU1,381.0
1773,W2,SKU1,261.0
1773,R1,SKU1,109.0
1773,R2,SKU1,111.0
1773,R3,SKU1,179.0
1774,Supplier,SKU1,0.0
1774,W1,SKU1,220.0
1774,W2,SKU1,179.0
1774,R1,SKU1,151.0
1774,R2,SKU1,84.0
1774,R3,SKU1,175.0
1775,Supplier,SKU1,0.0
1775,W1,SKU1,255.0
1775,W2,SKU1,175.0
1775,R1,SKU1,131.0
1775,R2,SKU1,90.0
1775,R3,SKU1,178.0
1776,Supplier,SKU1,0.0
1776,W1,SKU1,201.0
1776,W2,SKU1,178.0
1776,R1,SKU1,127.0
1776,R2,SKU1,109.0
1776,R3,SKU1,200.0
1777,Supplier,SKU1,0.0
1777,W1,SKU1,237.0
1777,W2,SKU1,200.0
1777,R1,SKU1,163.0
1777,R2,SKU1,91.0
1777,R3,SKU1,250.0
1778,Supplier,SKU1,0.0
1778,W1,SKU1,253.0
1778,W2,SKU1,250.0
1778,R1,SKU1,209.0
1778,R2,SKU1,135.0
1778,R3,SKU1,261.0
1779,Supplier,SKU1,0.0
1779,W1,SKU1,344.0
1779,W2,SKU1,261.0
1779,R1,SKU1,219.0
1779,R2,SKU1,107.0
1779,R3,SKU1,271.0
1780,Supplier,SKU1,0.0
1780,W1,SKU1,326.0
1780,W2,SKU1,271.0
1780,R1,SKU1,128.0
1780,R2,SKU1,102.0
1780,R3,SKU1,198.0
1781,Supplier,SKU1,0.0
1781,W1,SKU1,230.0
1781,W2,SKU1,198.0
1781,R1,SKU1,154.0
1781,R2,SKU1,115.0
1781,R3,SKU1,228.0
1782,Supplier,SKU1,0.0
1782,W1,SKU1,269.0
1782,W2,SKU1,228.0
1782,R1,SKU1,149.0
1782,R2,SKU1,119.0
1782,R3,SKU1,221.0
1783,Supplier,SKU1,0.0
1783,W1,SKU1,268.0
1783,W2,SKU1,221.0
1783,R1,SKU1,158.0
1783,R2,SKU1,98.0
1783,R3,SKU1,245.0
1784,Supplier,SKU1,0.0
1784,W1,SKU1,256.0
1784,W2,SKU1,266.0
1784,R1,SKU1,157.0
1784,R2,SKU1,81.0
1784,R3,SKU1,206.0
1785,Supplier,SKU1,0.0
1785,W1,SKU1,238.0
1785,W2,SKU1,185.0
1785,R1,SKU1,215.0
1785,R2,SKU1,134.0
1785,R3,SKU1,272.0
1786,Supplier,SKU1,0.0
1786,W1,SKU1,349.0
1786,W2,SKU1,272.0
1786,R1,SKU1,226.0
1786,R2,SKU1,143.0
1786,R3,SKU1,270.0
1787,Supplier,SKU1,0.0
1787,W1,SKU1,369.0
1787,W2,SKU1,270.0
1787,R1,SKU1,137.0
1787,R2,SKU1,116.0
1787,R3,SKU1,233.0
1788,Supplier,SKU1,0.0
1788,W1,SKU1,253.0
1788,W2,SKU1,233.0
1788,R1,SKU1,158.0
1788,R2,SKU1,104.0
1788,R3,SKU1,237.0
1789,Supplier,SKU1,0.0
1789,W1,SKU1,262.0
1789,W2,SKU1,237.0
1789,R1,SKU1,232.0
1789,R2,SKU1,119.0
1789,R3,SKU1,329.0
1790,Supplier,SKU1,0.0
1790,W1,SKU1,351.0
1790,W2,SKU1,329.0
1790,R1,SKU1,207.0
1790,R2,SKU1,207.0
1790,R3,SKU1,356.0
1791,Supplier,SKU1,0.0
1791,W1,SKU1,414.0
1791,W2,SKU1,356.0
1791,R1,SKU1,7.0
1791,R2,SKU1,169.0
1791,R3,SKU1,56.0
1792,Supplier,SKU1,0.0
1792,W1,SKU1,190.0
1792,W2,SKU1,56.0
1792,R1,SKU1,191.0
1792,R2,SKU1,0.0
1792,R3,SKU1,199.0
1793,Supplier,SKU1,0.0
1793,W1,SKU1,181.0
1793,W2,SKU1,199.0
1793,R1,SKU1,127.0
1793,R2,SKU1,0.0
1793,R3,SKU1,165.0
1794,Supplier,SKU1,0.0
1794,W1,SKU1,123.0
1794,W2,SKU1,165.0
1794,R1,SKU1,106.0
1794,R2,SKU1,0.0
1794,R3,SKU1,108.0
1795,Supplier,SKU1,0.0
1795,W1,SKU1,129.0
1795,W2,SKU1,108.0
1795,R1,SKU1,101.0
1795,R2,SKU1,57.0
1795,R3,SKU1,143.0
1796,Supplier,SKU1,0.0
1796,W1,SKU1,135.0
1796,W2,SKU1,151.0
1796,R1,SKU1,107.0
1796,R2,SKU1,80.0
1796,R3,SKU1,150.0
1797,Supplier,SKU1,0.0
1797,W1,SKU1,187.0
1797,W2,SKU1,142.0
1797,R1,SKU1,136.0
1797,R2,SKU1,87.0
1797,R3,SKU1,209.0
1798,Supplier,SKU1,0.0
1798,W1,SKU1,223.0
1798,W2,SKU1,209.0
1798,R1,SKU1,101.0
1798,R2,SKU1,74.0
1798,R3,SKU1,198.0
1799,Supplier,SKU1,0.0
1799,W1,SKU1,198.0
1799,W2,SKU1,207.0
1799,R1,SKU1,149.0
1799,R2,SKU1,87.0
1799,R3,SKU1,196.0
1800,Supplier,SKU1,0.0
1800,W1,SKU1,234.0
1800,W2,SKU1,203.0
1800,R1,SKU1,167.0
1800,R2,SKU1,99.0
1800,R3,SKU1,178.0
1801,Supplier,SKU1,0.0
1801,W1,SKU1,245.0
1801,W2,SKU1,181.0
1801,R1,SKU1,110.0
1801,R2,SKU1,82.0
1801,R3,SKU1,142.0
1802,Supplier,SKU1,0.0
1802,W1,SKU1,192.0
1802,W2,SKU1,123.0
1802,R1,SKU1,122.0
1802,R2,SKU1,73.0
1802,R3,SKU1,154.0
1803,Supplier,SKU1,0.0
1803,W1,SKU1,195.0
1803,W2,SKU1,177.0
1803,R1,SKU1,82.0
1803,R2,SKU1,82.0
1803,R3,SKU1,165.0
1804,Supplier,SKU1,0.0
1804,W1,SKU1,164.0
1804,W2,SKU1,142.0
1804,R1,SKU1,130.0
1804,R2,SKU1,84.0
1804,R3,SKU1,147.0
1805,Supplier,SKU1,0.0
1805,W1,SKU1,214.0
1805,W2,SKU1,147.0
1805,R1,SKU1,131.0
1805,R2,SKU1,71.0
1805,R3,SKU1,172.0
1806,Supplier,SKU1,0.0
1806,W1,SKU1,216.0
1806,W2,SKU1,172.0
1806,R1,SKU1,161.0
1806,R2,SKU1,93.0
1806,R3,SKU1,168.0
1807,Supplier,SKU1,0.0
1807,W1,SKU1,240.0
1807,W2,SKU1,168.0
1807,R1,SKU1,162.0
1807,R2,SKU1,94.0
1807,R3,SKU1,156.0
1808,Supplier,SKU1,0.0
1808,W1,SKU1,256.0
1808,W2,SKU1,156.0
1808,R1,SKU1,131.0
1808,R2,SKU1,92.0
1808,R3,SKU1,123.0
1809,Supplier,SKU1,0.0
1809,W1,SKU1,223.0
1809,W2,SKU1,123.0
1809,R1,SKU1,108.0
1809,R2,SKU1,63.0
1809,R3,SKU1,157.0
1810,Supplier,SKU1,0.0
1810,W1,SKU1,194.0
1810,W2,SKU1,180.0
1810,R1,SKU1,132.0
1810,R2,SKU1,51.0
1810,R3,SKU1,108.0
1811,Supplier,SKU1,0.0
1811,W1,SKU1,177.0
1811,W2,SKU1,88.0
1811,R1,SKU1,104.0
1811,R2,SKU1,54.0
1811,R3,SKU1,145.0
1812,Supplier,SKU1,0.0
1812,W1,SKU1,141.0
1812,W2,SKU1,142.0
1812,R1,SKU1,150.0
1812,R2,SKU1,92.0
1812,R3,SKU1,133.0
1813,Supplier,SKU1,0.0
1813,W1,SKU1,242.0
1813,W2,SKU1,133.0
1813,R1,SKU1,124.0
1813,R2,SKU1,109.0
1813,R3,SKU1,216.0
1814,Supplier,SKU1,0.0
1814,W1,SKU1,233.0
1814,W2,SKU1,216.0
1814,R1,SKU1,161.0
1814,R2,SKU1,95.0
1814,R3,SKU1,214.0
1815,Supplier,SKU1,0.0
1815,W1,SKU1,256.0
1815,W2,SKU1,230.0
1815,R1,SKU1,127.0
1815,R2,SKU1,70.0
1815,R3,SKU1,126.0
1816,Supplier,SKU1,0.0
1816,W1,SKU1,197.0
1816,W2,SKU1,110.0
1816,R1,SKU1,109.0
1816,R2,SKU1,70.0
1816,R3,SKU1,128.0
1817,Supplier,SKU1,0.0
1817,W1,SKU1,179.0
1817,W2,SKU1,138.0
1817,R1,SKU1,115.0
1817,R2,SKU1,73.0
1817,R3,SKU1,145.0
1818,Supplier,SKU1,0.0
1818,W1,SKU1,188.0
1818,W2,SKU1,135.0
1818,R1,SKU1,125.0
1818,R2,SKU1,59.0
1818,R3,SKU1,155.0
1819,Supplier,SKU1,0.0
1819,W1,SKU1,184.0
1819,W2,SKU1,155.0
1819,R1,SKU1,100.0
1819,R2,SKU1,63.0
1819,R3,SKU1,168.0
1820,Supplier,SKU1,0.0
1820,W1,SKU1,163.0
1820,W2,SKU1,168.0
1820,R1,SKU1,166.0
1820,R2,SKU1,86.0
1820,R3,SKU1,207.0
1821,Supplier,SKU1,0.0
1821,W1,SKU1,252.0
1821,W2,SKU1,207.0
1821,R1,SKU1,164.0
1821,R2,SKU1,105.0
1821,R3,SKU1,206.0
1822,Supplier,SKU1,0.0
1822,W1,SKU1,269.0
1822,W2,SKU1,213.0
1822,R1,SKU1,120.0
1822,R2,SKU1,86.0
1822,R3,SKU1,117.0
1823,Supplier,SKU1,0.0
1823,W1,SKU1,206.0
1823,W2,SKU1,130.0
1823,R1,SKU1,130.0
1823,R2,SKU1,72.0
1823,R3,SKU1,74.0
1824,Supplier,SKU1,0.0
1824,W1,SKU1,208.0
1824,W2,SKU1,54.0
1824,R1,SKU1,71.0
1824,R2,SKU1,72.0
1824,R3,SKU1,137.0
1825,Supplier,SKU1,0.0
1825,W1,SKU1,151.0
1825,W2,SKU1,137.0
1825,R1,SKU1,91.0
1825,R2,SKU1,68.0
1825,R3,SKU1,142.0
1826,Supplier,SKU1,0.0
1826,W1,SKU1,145.0
1826,W2,SKU1,142.0
1826,R1,SKU1,101.0
1826,R2,SKU1,87.0
1826,R3,SKU1,150.0
1827,Supplier,SKU1,0.0
1827,W1,SKU1,188.0
1827,W2,SKU1,150.0
1827,R1,SKU1,155.0
1827,R2,SKU1,106.0
1827,R3,SKU1,179.0
1828,Supplier,SKU1,0.0
1828,W1,SKU1,261.0
1828,W2,SKU1,179.0
1828,R1,SKU1,145.0
1828,R2,SKU1,102.0
1828,R3,SKU1,195.0
1829,Supplier,SKU1,0.0
1829,W1,SKU1,247.0
1829,W2,SKU1,195.0
1829,R1,SKU1,110.0
1829,R2,SKU1,87.0
1829,R3,SKU1,181.0
1830,Supplier,SKU1,0.0
1830,W1,SKU1,197.0
1830,W2,SKU1,181.0
1830,R1,SKU1,99.0
1830,R2,SKU1,80.0
1830,R3,SKU1,144.0
1831,Supplier,SKU1,0.0
1831,W1,SKU1,179.0
1831,W2,SKU1,144.0
1831,R1,SKU1,121.0
1831,R2,SKU1,96.0
1831,R3,SKU1,165.0
1832,Supplier,SKU1,0.0
1832,W1,SKU1,217.0
1832,W2,SKU1,165.0
1832,R1,SKU1,97.0
1832,R2,SKU1,78.0
1832,R3,SKU1,141.0
1833,Supplier,SKU1,0.0
1833,W1,SKU1,192.0
1833,W2,SKU1,141.0
1833,R1,SKU1,104.0
1833,R2,SKU1,75.0
1833,R3,SKU1,185.0
1834,Supplier,SKU1,0.0
1834,W1,SKU1,171.0
1834,W2,SKU1,185.0
1834,R1,SKU1,177.0
1834,R2,SKU1,114.0
1834,R3,SKU1,230.0
1835,Supplier,SKU1,0.0
1835,W1,SKU1,282.0
1835,W2,SKU1,230.0
1835,R1,SKU1,141.0
1835,R2,SKU1,126.0
1835,R3,SKU1,207.0
1836,Supplier,SKU1,0.0
1836,W1,SKU1,267.0
1836,W2,SKU1,207.0
1836,R1,SKU1,104.0
1836,R2,SKU1,77.0
1836,R3,SKU1,165.0
1837,Supplier,SKU1,0.0
1837,W1,SKU1,181.0
1837,W2,SKU1,172.0
1837,R1,SKU1,102.0
1837,R2,SKU1,88.0
1837,R3,SKU1,163.0
1838,Supplier,SKU1,0.0
1838,W1,SKU1,190.0
1838,W2,SKU1,156.0
1838,R1,SKU1,122.0
1838,R2,SKU1,103.0
1838,R3,SKU1,175.0
1839,Supplier,SKU1,0.0
1839,W1,SKU1,225.0
1839,W2,SKU1,175.0
1839,R1,SKU1,155.0
1839,R2,SKU1,110.0
1839,R3,SKU1,250.0
1840,Supplier,SKU1,0.0
1840,W1,SKU1,265.0
1840,W2,SKU1,250.0
1840,R1,SKU1,159.0
1840,R2,SKU1,104.0
1840,R3,SKU1,251.0
1841,Supplier,SKU1,0.0
1841,W1,SKU1,263.0
1841,W2,SKU1,251.0
1841,R1,SKU1,206.0
1841,R2,SKU1,129.0
1841,R3,SKU1,305.0
1842,Supplier,SKU1,0.0
1842,W1,SKU1,335.0
1842,W2,SKU1,305.0
1842,R1,SKU1,197.0
1842,R2,SKU1,102.0
1842,R3,SKU1,230.0
1843,Supplier,SKU1,0.0
1843,W1,SKU1,299.0
1843,W2,SKU1,235.0
1843,R1,SKU1,148.0
1843,R2,SKU1,119.0
1843,R3,SKU1,183.0
1844,Supplier,SKU1,0.0
1844,W1,SKU1,267.0
1844,W2,SKU1,178.0
1844,R1,SKU1,114.0
1844,R2,SKU1,109.0
1844,R3,SKU1,175.0
1845,Supplier,SKU1,0.0
1845,W1,SKU1,223.0
1845,W2,SKU1,175.0
1845,R1,SKU1,140.0
1845,R2,SKU1,71.0
1845,R3,SKU1,144.0
1846,Supplier,SKU1,0.0
1846,W1,SKU1,234.0
1846,W2,SKU1,144.0
1846,R1,SKU1,106.0
1846,R2,SKU1,65.0
1846,R3,SKU1,119.0
1847,Supplier,SKU1,0.0
1847,W1,SKU1,148.0
1847,W2,SKU1,119.0
1847,R1,SKU1,134.0
1847,R2,SKU1,75.0
1847,R3,SKU1,218.0
1848,Supplier,SKU1,0.0
1848,W1,SKU1,209.0
1848,W2,SKU1,237.0
1848,R1,SKU1,153.0
1848,R2,SKU1,111.0
1848,R3,SKU1,253.0
1849,Supplier,SKU1,0.0
1849,W1,SKU1,273.0
1849,W2,SKU1,234.0
1849,R1,SKU1,183.0
1849,R2,SKU1,100.0
1849,R3,SKU1,260.0
1850,Supplier,SKU1,0.0
1850,W1,SKU1,274.0
1850,W2,SKU1,260.0
1850,R1,SKU1,102.0
1850,R2,SKU1,85.0
1850,R3,SKU1,149.0
1851,Supplier,SKU1,0.0
1851,W1,SKU1,187.0
1851,W2,SKU1,149.0
1851,R1,SKU1,119.0
1851,R2,SKU1,61.0
1851,R3,SKU1,189.0
1852,Supplier,SKU1,0.0
1852,W1,SKU1,180.0
1852,W2,SKU1,189.0
1852,R1,SKU1,128.0
1852,R2,SKU1,64.0
1852,R3,SKU1,146.0
1853,Supplier,SKU1,0.0
1853,W1,SKU1,192.0
1853,W2,SKU1,146.0
1853,R1,SKU1,117.0
1853,R2,SKU1,88.0
1853,R3,SKU1,164.0
1854,Supplier,SKU1,0.0
1854,W1,SKU1,205.0
1854,W2,SKU1,164.0
1854,R1,SKU1,151.0
1854,R2,SKU1,81.0
1854,R3,SKU1,158.0
1855,Supplier,SKU1,0.0
1855,W1,SKU1,237.0
1855,W2,SKU1,158.0
1855,R1,SKU1,152.0
1855,R2,SKU1,117.0
1855,R3,SKU1,259.0
1856,Supplier,SKU1,0.0
1856,W1,SKU1,264.0
1856,W2,SKU1,259.0
1856,R1,SKU1,166.0
1856,R2,SKU1,126.0
1856,R3,SKU1,217.0
1857,Supplier,SKU1,0.0
1857,W1,SKU1,292.0
1857,W2,SKU1,217.0
1857,R1,SKU1,107.0
1857,R2,SKU1,66.0
1857,R3,SKU1,186.0
1858,Supplier,SKU1,0.0
1858,W1,SKU1,173.0
1858,W2,SKU1,203.0
1858,R1,SKU1,117.0
1858,R2,SKU1,104.0
1858,R3,SKU1,165.0
1859,Supplier,SKU1,0.0
1859,W1,SKU1,221.0
1859,W2,SKU1,168.0
1859,R1,SKU1,148.0
1859,R2,SKU1,100.0
1859,R3,SKU1,152.0
1860,Supplier,SKU1,0.0
1860,W1,SKU1,269.0
1860,W2,SKU1,132.0
1860,R1,SKU1,113.0
1860,R2,SKU1,97.0
1860,R3,SKU1,192.0
1861,Supplier,SKU1,0.0
1861,W1,SKU1,189.0
1861,W2,SKU1,192.0
1861,R1,SKU1,122.0
1861,R2,SKU1,87.0
1861,R3,SKU1,185.0
1862,Supplier,SKU1,0.0
1862,W1,SKU1,209.0
1862,W2,SKU1,185.0
1862,R1,SKU1,147.0
1862,R2,SKU1,94.0
1862,R3,SKU1,202.0
1863,Supplier,SKU1,0.0
1863,W1,SKU1,250.0
1863,W2,SKU1,202.0
1863,R1,SKU1,184.0
1863,R2,SKU1,108.0
1863,R3,SKU1,225.0
1864,Supplier,SKU1,0.0
1864,W1,SKU1,283.0
1864,W2,SKU1,227.0
1864,R1,SKU1,114.0
1864,R2,SKU1,113.0
1864,R3,SKU1,162.0
1865,Supplier,SKU1,0.0
1865,W1,SKU1,227.0
1865,W2,SKU1,160.0
1865,R1,SKU1,122.0
1865,R2,SKU1,103.0
1865,R3,SKU1,156.0
1866,Supplier,SKU1,0.0
1866,W1,SKU1,225.0
1866,W2,SKU1,156.0
1866,R1,SKU1,102.0
1866,R2,SKU1,90.0
1866,R3,SKU1,164.0
1867,Supplier,SKU1,0.0
1867,W1,SKU1,192.0
1867,W2,SKU1,164.0
1867,R1,SKU1,140.0
1867,R2,SKU1,76.0
1867,R3,SKU1,178.0
1868,Supplier,SKU1,0.0
1868,W1,SKU1,216.0
1868,W2,SKU1,178.0
1868,R1,SKU1,114.0
1868,R2,SKU1,65.0
1868,R3,SKU1,197.0
1869,Supplier,SKU1,0.0
1869,W1,SKU1,195.0
1869,W2,SKU1,197.0
1869,R1,SKU1,178.0
1869,R2,SKU1,125.0
1869,R3,SKU1,219.0
1870,Supplier,SKU1,0.0
1870,W1,SKU1,298.0
1870,W2,SKU1,219.0
1870,R1,SKU1,131.0
1870,R2,SKU1,122.0
1870,R3,SKU1,233.0
1871,Supplier,SKU1,0.0
1871,W1,SKU1,251.0
1871,W2,SKU1,252.0
1871,R1,SKU1,130.0
1871,R2,SKU1,103.0
1871,R3,SKU1,173.0
1872,Supplier,SKU1,0.0
1872,W1,SKU1,224.0
1872,W2,SKU1,154.0
1872,R1,SKU1,116.0
1872,R2,SKU1,42.0
1872,R3,SKU1,183.0
1873,Supplier,SKU1,0.0
1873,W1,SKU1,182.0
1873,W2,SKU1,183.0
1873,R1,SKU1,125.0
1873,R2,SKU1,77.0
1873,R3,SKU1,168.0
1874,Supplier,SKU1,0.0
1874,W1,SKU1,184.0
1874,W2,SKU1,168.0
1874,R1,SKU1,110.0
1874,R2,SKU1,92.0
1874,R3,SKU1,175.0
1875,Supplier,SKU1,0.0
1875,W1,SKU1,196.0
1875,W2,SKU1,175.0
1875,R1,SKU1,127.0
1875,R2,SKU1,64.0
1875,R3,SKU1,186.0
1876,Supplier,SKU1,0.0
1876,W1,SKU1,191.0
1876,W2,SKU1,186.0
1876,R1,SKU1,119.0
1876,R2,SKU1,98.0
1876,R3,SKU1,192.0
1877,Supplier,SKU1,0.0
1877,W1,SKU1,217.0
1877,W2,SKU1,192.0
1877,R1,SKU1,135.0
1877,R2,SKU1,108.0
1877,R3,SKU1,210.0
1878,Supplier,SKU1,0.0
1878,W1,SKU1,260.0
1878,W2,SKU1,210.0
1878,R1,SKU1,79.0
1878,R2,SKU1,75.0
1878,R3,SKU1,158.0
1879,Supplier,SKU1,0.0
1879,W1,SKU1,137.0
1879,W2,SKU1,168.0
1879,R1,SKU1,105.0
1879,R2,SKU1,85.0
1879,R3,SKU1,127.0
1880,Supplier,SKU1,0.0
1880,W1,SKU1,190.0
1880,W2,SKU1,117.0
1880,R1,SKU1,144.0
1880,R2,SKU1,91.0
1880,R3,SKU1,131.0
1881,Supplier,SKU1,0.0
1881,W1,SKU1,235.0
1881,W2,SKU1,148.0
1881,R1,SKU1,129.0
1881,R2,SKU1,105.0
1881,R3,SKU1,152.0
1882,Supplier,SKU1,0.0
1882,W1,SKU1,234.0
1882,W2,SKU1,135.0
1882,R1,SKU1,166.0
1882,R2,SKU1,109.0
1882,R3,SKU1,234.0
1883,Supplier,SKU1,0.0
1883,W1,SKU1,275.0
1883,W2,SKU1,234.0
1883,R1,SKU1,232.0
1883,R2,SKU1,148.0
1883,R3,SKU1,264.0
1884,Supplier,SKU1,0.0
1884,W1,SKU1,380.0
1884,W2,SKU1,264.0
1884,R1,SKU1,208.0
1884,R2,SKU1,139.0
1884,R3,SKU1,218.0
1885,Supplier,SKU1,0.0
1885,W1,SKU1,347.0
1885,W2,SKU1,218.0
1885,R1,SKU1,130.0
1885,R2,SKU1,84.0
1885,R3,SKU1,151.0
1886,Supplier,SKU1,0.0
1886,W1,SKU1,214.0
1886,W2,SKU1,169.0
1886,R1,SKU1,82.0
1886,R2,SKU1,79.0
1886,R3,SKU1,103.0
1887,Supplier,SKU1,0.0
1887,W1,SKU1,175.0
1887,W2,SKU1,85.0
1887,R1,SKU1,101.0
1887,R2,SKU1,66.0
1887,R3,SKU1,136.0
1888,Supplier,SKU1,0.0
1888,W1,SKU1,153.0
1888,W2,SKU1,136.0
1888,R1,SKU1,110.0
1888,R2,SKU1,70.0
1888,R3,SKU1,150.0
1889,Supplier,SKU1,0.0
1889,W1,SKU1,180.0
1889,W2,SKU1,150.0
1889,R1,SKU1,129.0
1889,R2,SKU1,111.0
1889,R3,SKU1,175.0
1890,Supplier,SKU1,0.0
1890,W1,SKU1,240.0
1890,W2,SKU1,175.0
1890,R1,SKU1,171.0
1890,R2,SKU1,120.0
1890,R3,SKU1,194.0
1891,Supplier,SKU1,0.0
1891,W1,SKU1,291.0
1891,W2,SKU1,194.0
1891,R1,SKU1,179.0
1891,R2,SKU1,100.0
1891,R3,SKU1,216.0
1892,Supplier,SKU1,0.0
1892,W1,SKU1,279.0
1892,W2,SKU1,216.0
1892,R1,SKU1,128.0
1892,R2,SKU1,91.0
1892,R3,SKU1,159.0
1893,Supplier,SKU1,0.0
1893,W1,SKU1,219.0
1893,W2,SKU1,175.0
1893,R1,SKU1,150.0
1893,R2,SKU1,95.0
1893,R3,SKU1,150.0
1894,Supplier,SKU1,0.0
1894,W1,SKU1,264.0
1894,W2,SKU1,134.0
1894,R1,SKU1,104.0
1894,R2,SKU1,110.0
1894,R3,SKU1,152.0
1895,Supplier,SKU1,0.0
1895,W1,SKU1,195.0
1895,W2,SKU1,152.0
1895,R1,SKU1,158.0
1895,R2,SKU1,112.0
1895,R3,SKU1,171.0
1896,Supplier,SKU1,0.0
1896,W1,SKU1,270.0
1896,W2,SKU1,171.0
1896,R1,SKU1,135.0
1896,R2,SKU1,110.0
1896,R3,SKU1,172.0
1897,Supplier,SKU1,0.0
1897,W1,SKU1,245.0
1897,W2,SKU1,172.0
1897,R1,SKU1,176.0
1897,R2,SKU1,101.0
1897,R3,SKU1,212.0
1898,Supplier,SKU1,0.0
1898,W1,SKU1,277.0
1898,W2,SKU1,212.0
1898,R1,SKU1,168.0
1898,R2,SKU1,111.0
1898,R3,SKU1,236.0
1899,Supplier,SKU1,0.0
1899,W1,SKU1,279.0
1899,W2,SKU1,248.0
1899,R1,SKU1,122.0
1899,R2,SKU1,114.0
1899,R3,SKU1,144.0
1900,Supplier,SKU1,0.0
1900,W1,SKU1,236.0
1900,W2,SKU1,132.0
1900,R1,SKU1,125.0
1900,R2,SKU1,79.0
1900,R3,SKU1,112.0
1901,Supplier,SKU1,0.0
1901,W1,SKU1,204.0
1901,W2,SKU1,112.0
1901,R1,SKU1,90.0
1901,R2,SKU1,75.0
1901,R3,SKU1,168.0
1902,Supplier,SKU1,0.0
1902,W1,SKU1,169.0
1902,W2,SKU1,180.0
1902,R1,SKU1,121.0
1902,R2,SKU1,95.0
1902,R3,SKU1,141.0
1903,Supplier,SKU1,0.0
1903,W1,SKU1,212.0
1903,W2,SKU1,129.0
1903,R1,SKU1,153.0
1903,R2,SKU1,91.0
1903,R3,SKU1,173.0
1904,Supplier,SKU1,0.0
1904,W1,SKU1,256.0
1904,W2,SKU1,173.0
1904,R1,SKU1,145.0
1904,R2,SKU1,122.0
1904,R3,SKU1,193.0
1905,Supplier,SKU1,0.0
1905,W1,SKU1,255.0
1905,W2,SKU1,193.0
1905,R1,SKU1,187.0
1905,R2,SKU1,154.0
1905,R3,SKU1,211.0
1906,Supplier,SKU1,0.0
1906,W1,SKU1,341.0
1906,W2,SKU1,211.0
1906,R1,SKU1,138.0
1906,R2,SKU1,93.0
1906,R3,SKU1,149.0
1907,Supplier,SKU1,0.0
1907,W1,SKU1,231.0
1907,W2,SKU1,160.0
1907,R1,SKU1,185.0
1907,R2,SKU1,105.0
1907,R3,SKU1,133.0
1908,Supplier,SKU1,0.0
1908,W1,SKU1,290.0
1908,W2,SKU1,122.0
1908,R1,SKU1,133.0
1908,R2,SKU1,103.0
1908,R3,SKU1,142.0
1909,Supplier,SKU1,0.0
1909,W1,SKU1,236.0
1909,W2,SKU1,164.0
1909,R1,SKU1,140.0
1909,R2,SKU1,83.0
1909,R3,SKU1,145.0
1910,Supplier,SKU1,0.0
1910,W1,SKU1,223.0
1910,W2,SKU1,123.0
1910,R1,SKU1,125.0
1910,R2,SKU1,78.0
1910,R3,SKU1,170.0
1911,Supplier,SKU1,0.0
1911,W1,SKU1,226.0
1911,W2,SKU1,193.0
1911,R1,SKU1,158.0
1911,R2,SKU1,106.0
1911,R3,SKU1,213.0
1912,Supplier,SKU1,0.0
1912,W1,SKU1,241.0
1912,W2,SKU1,206.0
1912,R1,SKU1,162.0
1912,R2,SKU1,127.0
1912,R3,SKU1,179.0
