node_id,holding_cost,backlog_cost,ordering_cost,transport_cost,total_cost
R1,409.62,42.0,0.0,0.0,451.62
R2,326.31,27.0,0.0,0.0,353.31
R3,516.96,71.5,0.0,0.0,588.46
Supplier,0.0,0.0,0.0,1262.1299999999999,1262.1299999999999
W1,638.02,0.0,1547.8,466.375,2652.195
W2,457.72,0.0,1547.0,424.0,2428.7200000000003
_OVERALL_,2348.63,140.5,3094.8,2152.505,7736.435
