t,node_id,sku,orders_to_parent
0,Supplier,SKU_A,0
0,Supplier,SKU_B,0
0,Supplier,SKU_C,0
0,Supplier,SKU_D,0
0,Supplier,SKU_E,0
0,W1,SKU_A,0
0,W1,SKU_B,133
0,W1,SKU_C,35
0,W1,SKU_D,0
0,W1,SKU_E,966
0,W2,SKU_A,2095
0,W2,SKU_B,125
0,W2,SKU_C,970
0,W2,SKU_D,0
0,W2,SKU_E,686
0,R1,SKU_A,435
0,R1,SKU_B,293
0,R1,SKU_C,710
0,R1,SKU_D,247
0,R1,SKU_E,79
0,R2,SKU_A,909
0,R2,SKU_B,525
0,R2,SKU_C,569
0,R2,SKU_D,251
0,R2,SKU_E,360
0,R3,SKU_A,497
0,R3,SKU_B,261
0,R3,SKU_C,864
0,R3,SKU_D,277
0,R3,SKU_E,609
1,Supplier,SKU_A,0
1,Supplier,SKU_B,0
1,Supplier,SKU_C,0
1,Supplier,SKU_D,0
1,Supplier,SKU_E,0
1,W1,SKU_A,1222
1,W1,SKU_B,818
1,W1,SKU_C,1279
1,W1,SKU_D,240
1,W1,SKU_E,439
1,W2,SKU_A,497
1,W2,SKU_B,261
1,W2,SKU_C,864
1,W2,SKU_D,64
1,W2,SKU_E,609
1,R1,SKU_A,94
1,R1,SKU_B,28
1,R1,SKU_C,66
1,R1,SKU_D,30
1,R1,SKU_E,27
1,R2,SKU_A,112
1,R2,SKU_B,51
1,R2,SKU_C,57
1,R2,SKU_D,40
1,R2,SKU_E,38
1,R3,SKU_A,169
1,R3,SKU_B,39
1,R3,SKU_C,108
1,R3,SKU_D,73
1,R3,SKU_E,58
2,Supplier,SKU_A,0
2,Supplier,SKU_B,0
2,Supplier,SKU_C,0
2,Supplier,SKU_D,0
2,Supplier,SKU_E,0
2,W1,SKU_A,206
2,W1,SKU_B,79
2,W1,SKU_C,123
2,W1,SKU_D,70
2,W1,SKU_E,65
2,W2,SKU_A,169
2,W2,SKU_B,39
2,W2,SKU_C,108
2,W2,SKU_D,73
2,W2,SKU_E,58
2,R1,SKU_A,86
2,R1,SKU_B,25
2,R1,SKU_C,58
2,R1,SKU_D,32
2,R1,SKU_E,42
2,R2,SKU_A,83
2,R2,SKU_B,43
2,R2,SKU_C,52
2,R2,SKU_D,31
2,R2,SKU_E,28
2,R3,SKU_A,196
2,R3,SKU_B,38
2,R3,SKU_C,66
2,R3,SKU_D,58
2,R3,SKU_E,66
3,Supplier,SKU_A,0
3,Supplier,SKU_B,0
3,Supplier,SKU_C,0
3,Supplier,SKU_D,0
3,Supplier,SKU_E,0
3,W1,SKU_A,169
3,W1,SKU_B,68
3,W1,SKU_C,110
3,W1,SKU_D,63
3,W1,SKU_E,70
3,W2,SKU_A,196
3,W2,SKU_B,38
3,W2,SKU_C,66
3,W2,SKU_D,58
3,W2,SKU_E,66
3,R1,SKU_A,88
3,R1,SKU_B,29
3,R1,SKU_C,64
3,R1,SKU_D,37
3,R1,SKU_E,34
3,R2,SKU_A,90
3,R2,SKU_B,55
3,R2,SKU_C,42
3,R2,SKU_D,37
3,R2,SKU_E,22
3,R3,SKU_A,146
3,R3,SKU_B,44
3,R3,SKU_C,90
3,R3,SKU_D,62
3,R3,SKU_E,49
4,Supplier,SKU_A,0
4,Supplier,SKU_B,0
4,Supplier,SKU_C,0
4,Supplier,SKU_D,0
4,Supplier,SKU_E,0
4,W1,SKU_A,178
4,W1,SKU_B,84
4,W1,SKU_C,106
4,W1,SKU_D,74
4,W1,SKU_E,56
4,W2,SKU_A,146
4,W2,SKU_B,44
4,W2,SKU_C,90
4,W2,SKU_D,62
4,W2,SKU_E,49
4,R1,SKU_A,87
4,R1,SKU_B,41
4,R1,SKU_C,81
4,R1,SKU_D,41
4,R1,SKU_E,44
4,R2,SKU_A,101
4,R2,SKU_B,63
4,R2,SKU_C,56
4,R2,SKU_D,43
4,R2,SKU_E,24
4,R3,SKU_A,181
4,R3,SKU_B,66
4,R3,SKU_C,115
4,R3,SKU_D,79
4,R3,SKU_E,64
5,Supplier,SKU_A,0
5,Supplier,SKU_B,0
5,Supplier,SKU_C,0
5,Supplier,SKU_D,0
5,Supplier,SKU_E,0
5,W1,SKU_A,188
5,W1,SKU_B,104
5,W1,SKU_C,137
5,W1,SKU_D,84
5,W1,SKU_E,68
5,W2,SKU_A,181
5,W2,SKU_B,66
5,W2,SKU_C,115
5,W2,SKU_D,79
5,W2,SKU_E,64
5,R1,SKU_A,128
5,R1,SKU_B,77
5,R1,SKU_C,108
5,R1,SKU_D,47
5,R1,SKU_E,59
5,R2,SKU_A,108
5,R2,SKU_B,70
5,R2,SKU_C,89
5,R2,SKU_D,55
5,R2,SKU_E,55
5,R3,SKU_A,246
5,R3,SKU_B,66
5,R3,SKU_C,163
5,R3,SKU_D,101
5,R3,SKU_E,77
6,Supplier,SKU_A,0
6,Supplier,SKU_B,0
6,Supplier,SKU_C,0
6,Supplier,SKU_D,0
6,Supplier,SKU_E,0
6,W1,SKU_A,236
6,W1,SKU_B,147
6,W1,SKU_C,197
6,W1,SKU_D,102
6,W1,SKU_E,114
6,W2,SKU_A,246
6,W2,SKU_B,66
6,W2,SKU_C,163
6,W2,SKU_D,101
6,W2,SKU_E,77
6,R1,SKU_A,166
6,R1,SKU_B,80
6,R1,SKU_C,115
6,R1,SKU_D,64
6,R1,SKU_E,67
6,R2,SKU_A,119
6,R2,SKU_B,74
6,R2,SKU_C,104
6,R2,SKU_D,48
6,R2,SKU_E,67
6,R3,SKU_A,256
6,R3,SKU_B,59
6,R3,SKU_C,149
6,R3,SKU_D,103
6,R3,SKU_E,127
7,Supplier,SKU_A,0
7,Supplier,SKU_B,0
7,Supplier,SKU_C,0
7,Supplier,SKU_D,0
7,Supplier,SKU_E,0
7,W1,SKU_A,285
7,W1,SKU_B,154
7,W1,SKU_C,219
7,W1,SKU_D,112
7,W1,SKU_E,134
7,W2,SKU_A,256
7,W2,SKU_B,59
7,W2,SKU_C,149
7,W2,SKU_D,103
7,W2,SKU_E,127
7,R1,SKU_A,136
7,R1,SKU_B,78
7,R1,SKU_C,122
7,R1,SKU_D,63
7,R1,SKU_E,60
7,R2,SKU_A,125
7,R2,SKU_B,66
7,R2,SKU_C,81
7,R2,SKU_D,41
7,R2,SKU_E,55
7,R3,SKU_A,240
7,R3,SKU_B,96
7,R3,SKU_C,142
7,R3,SKU_D,105
7,R3,SKU_E,97
8,Supplier,SKU_A,0
8,Supplier,SKU_B,0
8,Supplier,SKU_C,0
8,Supplier,SKU_D,0
8,Supplier,SKU_E,0
8,W1,SKU_A,261
8,W1,SKU_B,144
8,W1,SKU_C,203
8,W1,SKU_D,104
8,W1,SKU_E,115
8,W2,SKU_A,240
8,W2,SKU_B,96
8,W2,SKU_C,142
8,W2,SKU_D,105
8,W2,SKU_E,97
8,R1,SKU_A,98
8,R1,SKU_B,52
8,R1,SKU_C,61
8,R1,SKU_D,35
8,R1,SKU_E,46
8,R2,SKU_A,105
8,R2,SKU_B,56
8,R2,SKU_C,51
8,R2,SKU_D,29
8,R2,SKU_E,42
8,R3,SKU_A,179
8,R3,SKU_B,65
8,R3,SKU_C,110
8,R3,SKU_D,77
8,R3,SKU_E,72
9,Supplier,SKU_A,0
9,Supplier,SKU_B,0
9,Supplier,SKU_C,0
9,Supplier,SKU_D,0
9,Supplier,SKU_E,0
9,W1,SKU_A,203
9,W1,SKU_B,108
9,W1,SKU_C,112
9,W1,SKU_D,64
9,W1,SKU_E,88
9,W2,SKU_A,179
9,W2,SKU_B,65
9,W2,SKU_C,110
9,W2,SKU_D,77
9,W2,SKU_E,72
9,R1,SKU_A,95
9,R1,SKU_B,30
9,R1,SKU_C,48
9,R1,SKU_D,34
9,R1,SKU_E,35
9,R2,SKU_A,105
9,R2,SKU_B,36
9,R2,SKU_C,56
9,R2,SKU_D,53
9,R2,SKU_E,44
9,R3,SKU_A,129
9,R3,SKU_B,64
9,R3,SKU_C,88
9,R3,SKU_D,71
9,R3,SKU_E,68
10,Supplier,SKU_A,0
10,Supplier,SKU_B,0
10,Supplier,SKU_C,0
10,Supplier,SKU_D,0
10,Supplier,SKU_E,0
10,W1,SKU_A,200
10,W1,SKU_B,66
10,W1,SKU_C,104
10,W1,SKU_D,87
10,W1,SKU_E,79
10,W2,SKU_A,129
10,W2,SKU_B,64
10,W2,SKU_C,88
10,W2,SKU_D,71
10,W2,SKU_E,68
10,R1,SKU_A,111
10,R1,SKU_B,30
10,R1,SKU_C,81
10,R1,SKU_D,43
10,R1,SKU_E,31
10,R2,SKU_A,102
10,R2,SKU_B,46
10,R2,SKU_C,50
10,R2,SKU_D,30
10,R2,SKU_E,41
10,R3,SKU_A,200
10,R3,SKU_B,57
10,R3,SKU_C,88
10,R3,SKU_D,74
10,R3,SKU_E,70
11,Supplier,SKU_A,0
11,Supplier,SKU_B,0
11,Supplier,SKU_C,0
11,Supplier,SKU_D,0
11,Supplier,SKU_E,0
11,W1,SKU_A,213
11,W1,SKU_B,76
11,W1,SKU_C,131
11,W1,SKU_D,73
11,W1,SKU_E,72
11,W2,SKU_A,200
11,W2,SKU_B,57
11,W2,SKU_C,88
11,W2,SKU_D,74
11,W2,SKU_E,70
11,R1,SKU_A,96
11,R1,SKU_B,45
11,R1,SKU_C,64
11,R1,SKU_D,40
11,R1,SKU_E,50
11,R2,SKU_A,97
11,R2,SKU_B,34
11,R2,SKU_C,39
11,R2,SKU_D,29
11,R2,SKU_E,47
11,R3,SKU_A,184
11,R3,SKU_B,82
11,R3,SKU_C,113
11,R3,SKU_D,86
11,R3,SKU_E,99
12,Supplier,SKU_A,0
12,Supplier,SKU_B,0
12,Supplier,SKU_C,0
12,Supplier,SKU_D,0
12,Supplier,SKU_E,0
12,W1,SKU_A,193
12,W1,SKU_B,79
12,W1,SKU_C,103
12,W1,SKU_D,69
12,W1,SKU_E,97
12,W2,SKU_A,184
12,W2,SKU_B,82
12,W2,SKU_C,113
12,W2,SKU_D,86
12,W2,SKU_E,99
12,R1,SKU_A,140
12,R1,SKU_B,70
12,R1,SKU_C,71
12,R1,SKU_D,38
12,R1,SKU_E,52
12,R2,SKU_A,107
12,R2,SKU_B,82
12,R2,SKU_C,52
12,R2,SKU_D,49
12,R2,SKU_E,56
12,R3,SKU_A,218
12,R3,SKU_B,73
12,R3,SKU_C,159
12,R3,SKU_D,94
12,R3,SKU_E,92
13,Supplier,SKU_A,0
13,Supplier,SKU_B,0
13,Supplier,SKU_C,0
13,Supplier,SKU_D,0
13,Supplier,SKU_E,0
13,W1,SKU_A,247
13,W1,SKU_B,152
13,W1,SKU_C,123
13,W1,SKU_D,87
13,W1,SKU_E,108
13,W2,SKU_A,218
13,W2,SKU_B,73
13,W2,SKU_C,159
13,W2,SKU_D,94
13,W2,SKU_E,92
13,R1,SKU_A,155
13,R1,SKU_B,89
13,R1,SKU_C,102
13,R1,SKU_D,68
13,R1,SKU_E,70
13,R2,SKU_A,133
13,R2,SKU_B,62
13,R2,SKU_C,70
13,R2,SKU_D,54
13,R2,SKU_E,57
13,R3,SKU_A,287
13,R3,SKU_B,116
13,R3,SKU_C,214
13,R3,SKU_D,138
13,R3,SKU_E,127
14,Supplier,SKU_A,0
14,Supplier,SKU_B,0
14,Supplier,SKU_C,0
14,Supplier,SKU_D,0
14,Supplier,SKU_E,0
14,W1,SKU_A,288
14,W1,SKU_B,151
14,W1,SKU_C,172
14,W1,SKU_D,122
14,W1,SKU_E,127
14,W2,SKU_A,287
14,W2,SKU_B,116
14,W2,SKU_C,214
14,W2,SKU_D,138
14,W2,SKU_E,127
14,R1,SKU_A,149
14,R1,SKU_B,71
14,R1,SKU_C,94
14,R1,SKU_D,60
14,R1,SKU_E,78
14,R2,SKU_A,129
14,R2,SKU_B,49
14,R2,SKU_C,51
14,R2,SKU_D,45
14,R2,SKU_E,53
14,R3,SKU_A,314
14,R3,SKU_B,59
14,R3,SKU_C,127
14,R3,SKU_D,93
14,R3,SKU_E,76
15,Supplier,SKU_A,0
15,Supplier,SKU_B,0
15,Supplier,SKU_C,0
15,Supplier,SKU_D,0
15,Supplier,SKU_E,0
15,W1,SKU_A,278
15,W1,SKU_B,120
15,W1,SKU_C,145
15,W1,SKU_D,105
15,W1,SKU_E,131
15,W2,SKU_A,314
15,W2,SKU_B,59
15,W2,SKU_C,127
15,W2,SKU_D,93
15,W2,SKU_E,76
15,R1,SKU_A,141
15,R1,SKU_B,34
15,R1,SKU_C,76
15,R1,SKU_D,61
15,R1,SKU_E,49
15,R2,SKU_A,95
15,R2,SKU_B,43
15,R2,SKU_C,47
15,R2,SKU_D,42
15,R2,SKU_E,44
15,R3,SKU_A,204
15,R3,SKU_B,56
15,R3,SKU_C,101
15,R3,SKU_D,88
15,R3,SKU_E,64
16,Supplier,SKU_A,0
16,Supplier,SKU_B,0
16,Supplier,SKU_C,0
16,Supplier,SKU_D,0
16,Supplier,SKU_E,0
16,W1,SKU_A,236
16,W1,SKU_B,77
16,W1,SKU_C,123
16,W1,SKU_D,103
16,W1,SKU_E,93
16,W2,SKU_A,204
16,W2,SKU_B,56
16,W2,SKU_C,101
16,W2,SKU_D,88
16,W2,SKU_E,64
16,R1,SKU_A,121
16,R1,SKU_B,27
16,R1,SKU_C,53
16,R1,SKU_D,30
16,R1,SKU_E,37
16,R2,SKU_A,88
16,R2,SKU_B,46
16,R2,SKU_C,42
16,R2,SKU_D,40
16,R2,SKU_E,38
16,R3,SKU_A,173
16,R3,SKU_B,56
16,R3,SKU_C,86
16,R3,SKU_D,83
16,R3,SKU_E,63
17,Supplier,SKU_A,0
17,Supplier,SKU_B,0
17,Supplier,SKU_C,0
17,Supplier,SKU_D,0
17,Supplier,SKU_E,0
17,W1,SKU_A,209
17,W1,SKU_B,73
17,W1,SKU_C,95
17,W1,SKU_D,70
17,W1,SKU_E,75
17,W2,SKU_A,173
17,W2,SKU_B,56
17,W2,SKU_C,86
17,W2,SKU_D,83
17,W2,SKU_E,63
17,R1,SKU_A,136
17,R1,SKU_B,27
17,R1,SKU_C,66
17,R1,SKU_D,43
17,R1,SKU_E,35
17,R2,SKU_A,90
17,R2,SKU_B,54
17,R2,SKU_C,33
17,R2,SKU_D,47
17,R2,SKU_E,38
17,R3,SKU_A,155
17,R3,SKU_B,56
17,R3,SKU_C,75
17,R3,SKU_D,76
17,R3,SKU_E,70
18,Supplier,SKU_A,0
18,Supplier,SKU_B,0
18,Supplier,SKU_C,0
18,Supplier,SKU_D,0
18,Supplier,SKU_E,0
18,W1,SKU_A,226
18,W1,SKU_B,81
18,W1,SKU_C,99
18,W1,SKU_D,90
18,W1,SKU_E,73
18,W2,SKU_A,155
18,W2,SKU_B,56
18,W2,SKU_C,75
18,W2,SKU_D,76
18,W2,SKU_E,70
18,R1,SKU_A,87
18,R1,SKU_B,40
18,R1,SKU_C,63
18,R1,SKU_D,18
18,R1,SKU_E,39
18,R2,SKU_A,100
18,R2,SKU_B,36
18,R2,SKU_C,32
18,R2,SKU_D,28
18,R2,SKU_E,34
18,R3,SKU_A,199
18,R3,SKU_B,56
18,R3,SKU_C,131
18,R3,SKU_D,84
18,R3,SKU_E,70
19,Supplier,SKU_A,0
19,Supplier,SKU_B,0
19,Supplier,SKU_C,0
19,Supplier,SKU_D,0
19,Supplier,SKU_E,0
19,W1,SKU_A,187
19,W1,SKU_B,76
19,W1,SKU_C,95
19,W1,SKU_D,46
19,W1,SKU_E,73
19,W2,SKU_A,199
19,W2,SKU_B,56
19,W2,SKU_C,131
19,W2,SKU_D,84
19,W2,SKU_E,70
19,R1,SKU_A,137
19,R1,SKU_B,46
19,R1,SKU_C,82
19,R1,SKU_D,51
19,R1,SKU_E,62
19,R2,SKU_A,124
19,R2,SKU_B,66
19,R2,SKU_C,41
19,R2,SKU_D,47
19,R2,SKU_E,44
19,R3,SKU_A,190
19,R3,SKU_B,61
19,R3,SKU_C,95
19,R3,SKU_D,93
19,R3,SKU_E,81
20,Supplier,SKU_A,0
20,Supplier,SKU_B,0
20,Supplier,SKU_C,0
20,Supplier,SKU_D,0
20,Supplier,SKU_E,0
20,W1,SKU_A,261
20,W1,SKU_B,112
20,W1,SKU_C,123
20,W1,SKU_D,98
20,W1,SKU_E,106
20,W2,SKU_A,190
20,W2,SKU_B,61
20,W2,SKU_C,95
20,W2,SKU_D,93
20,W2,SKU_E,81
20,R1,SKU_A,166
20,R1,SKU_B,91
20,R1,SKU_C,102
20,R1,SKU_D,83
20,R1,SKU_E,72
20,R2,SKU_A,133
20,R2,SKU_B,75
20,R2,SKU_C,45
20,R2,SKU_D,49
20,R2,SKU_E,56
20,R3,SKU_A,260
20,R3,SKU_B,110
20,R3,SKU_C,185
20,R3,SKU_D,125
20,R3,SKU_E,87
21,Supplier,SKU_A,0
21,Supplier,SKU_B,0
21,Supplier,SKU_C,0
21,Supplier,SKU_D,0
21,Supplier,SKU_E,0
21,W1,SKU_A,299
21,W1,SKU_B,166
21,W1,SKU_C,147
21,W1,SKU_D,132
21,W1,SKU_E,128
21,W2,SKU_A,260
21,W2,SKU_B,110
21,W2,SKU_C,185
21,W2,SKU_D,125
21,W2,SKU_E,87
21,R1,SKU_A,149
21,R1,SKU_B,81
21,R1,SKU_C,101
21,R1,SKU_D,60
21,R1,SKU_E,63
21,R2,SKU_A,122
21,R2,SKU_B,73
21,R2,SKU_C,65
21,R2,SKU_D,56
21,R2,SKU_E,42
21,R3,SKU_A,219
21,R3,SKU_B,93
21,R3,SKU_C,145
21,R3,SKU_D,102
21,R3,SKU_E,81
22,Supplier,SKU_A,0
22,Supplier,SKU_B,0
22,Supplier,SKU_C,0
22,Supplier,SKU_D,0
22,Supplier,SKU_E,0
22,W1,SKU_A,271
22,W1,SKU_B,154
22,W1,SKU_C,166
22,W1,SKU_D,116
22,W1,SKU_E,105
22,W2,SKU_A,219
22,W2,SKU_B,93
22,W2,SKU_C,145
22,W2,SKU_D,102
22,W2,SKU_E,81
22,R1,SKU_A,122
22,R1,SKU_B,46
22,R1,SKU_C,56
22,R1,SKU_D,42
22,R1,SKU_E,44
22,R2,SKU_A,103
22,R2,SKU_B,53
22,R2,SKU_C,32
22,R2,SKU_D,38
22,R2,SKU_E,54
22,R3,SKU_A,157
22,R3,SKU_B,65
22,R3,SKU_C,109
22,R3,SKU_D,99
22,R3,SKU_E,67
23,Supplier,SKU_A,0
23,Supplier,SKU_B,0
23,Supplier,SKU_C,0
23,Supplier,SKU_D,0
23,Supplier,SKU_E,0
23,W1,SKU_A,225
23,W1,SKU_B,99
23,W1,SKU_C,88
23,W1,SKU_D,80
23,W1,SKU_E,98
23,W2,SKU_A,157
23,W2,SKU_B,65
23,W2,SKU_C,109
23,W2,SKU_D,99
23,W2,SKU_E,67
23,R1,SKU_A,105
23,R1,SKU_B,28
23,R1,SKU_C,63
23,R1,SKU_D,30
23,R1,SKU_E,38
23,R2,SKU_A,85
23,R2,SKU_B,43
23,R2,SKU_C,39
23,R2,SKU_D,41
23,R2,SKU_E,27
23,R3,SKU_A,168
23,R3,SKU_B,64
23,R3,SKU_C,95
23,R3,SKU_D,58
23,R3,SKU_E,53
24,Supplier,SKU_A,0
24,Supplier,SKU_B,0
24,Supplier,SKU_C,0
24,Supplier,SKU_D,0
24,Supplier,SKU_E,0
24,W1,SKU_A,190
24,W1,SKU_B,71
24,W1,SKU_C,102
24,W1,SKU_D,71
24,W1,SKU_E,65
24,W2,SKU_A,168
24,W2,SKU_B,64
24,W2,SKU_C,95
24,W2,SKU_D,58
24,W2,SKU_E,53
24,R1,SKU_A,102
24,R1,SKU_B,30
24,R1,SKU_C,65
24,R1,SKU_D,30
24,R1,SKU_E,34
24,R2,SKU_A,73
24,R2,SKU_B,44
24,R2,SKU_C,36
24,R2,SKU_D,43
24,R2,SKU_E,32
24,R3,SKU_A,160
24,R3,SKU_B,60
24,R3,SKU_C,100
24,R3,SKU_D,81
24,R3,SKU_E,66
25,Supplier,SKU_A,0
25,Supplier,SKU_B,0
25,Supplier,SKU_C,0
25,Supplier,SKU_D,0
25,Supplier,SKU_E,0
25,W1,SKU_A,175
25,W1,SKU_B,74
25,W1,SKU_C,101
25,W1,SKU_D,73
25,W1,SKU_E,66
25,W2,SKU_A,160
25,W2,SKU_B,60
25,W2,SKU_C,100
25,W2,SKU_D,81
25,W2,SKU_E,66
25,R1,SKU_A,114
25,R1,SKU_B,49
25,R1,SKU_C,61
25,R1,SKU_D,30
25,R1,SKU_E,19
25,R2,SKU_A,93
25,R2,SKU_B,55
25,R2,SKU_C,51
25,R2,SKU_D,41
25,R2,SKU_E,39
25,R3,SKU_A,184
25,R3,SKU_B,54
25,R3,SKU_C,100
25,R3,SKU_D,104
25,R3,SKU_E,76
26,Supplier,SKU_A,0
26,Supplier,SKU_B,0
26,Supplier,SKU_C,0
26,Supplier,SKU_D,0
26,Supplier,SKU_E,0
26,W1,SKU_A,207
26,W1,SKU_B,104
26,W1,SKU_C,112
26,W1,SKU_D,71
26,W1,SKU_E,58
26,W2,SKU_A,184
26,W2,SKU_B,54
26,W2,SKU_C,100
26,W2,SKU_D,104
26,W2,SKU_E,76
26,R1,SKU_A,110
26,R1,SKU_B,56
26,R1,SKU_C,90
26,R1,SKU_D,44
26,R1,SKU_E,50
26,R2,SKU_A,73
26,R2,SKU_B,66
26,R2,SKU_C,37
26,R2,SKU_D,51
26,R2,SKU_E,51
26,R3,SKU_A,169
26,R3,SKU_B,47
26,R3,SKU_C,101
26,R3,SKU_D,93
26,R3,SKU_E,85
27,Supplier,SKU_A,0
27,Supplier,SKU_B,0
27,Supplier,SKU_C,0
27,Supplier,SKU_D,0
27,Supplier,SKU_E,0
27,W1,SKU_A,183
27,W1,SKU_B,122
27,W1,SKU_C,127
27,W1,SKU_D,95
27,W1,SKU_E,101
27,W2,SKU_A,169
27,W2,SKU_B,47
27,W2,SKU_C,101
27,W2,SKU_D,93
27,W2,SKU_E,85
27,R1,SKU_A,161
27,R1,SKU_B,70
27,R1,SKU_C,126
27,R1,SKU_D,64
27,R1,SKU_E,61
27,R2,SKU_A,110
27,R2,SKU_B,76
27,R2,SKU_C,66
27,R2,SKU_D,54
27,R2,SKU_E,43
27,R3,SKU_A,228
27,R3,SKU_B,95
27,R3,SKU_C,189
27,R3,SKU_D,112
27,R3,SKU_E,105
28,Supplier,SKU_A,0
28,Supplier,SKU_B,0
28,Supplier,SKU_C,0
28,Supplier,SKU_D,0
28,Supplier,SKU_E,0
28,W1,SKU_A,271
28,W1,SKU_B,146
28,W1,SKU_C,192
28,W1,SKU_D,118
28,W1,SKU_E,104
28,W2,SKU_A,228
28,W2,SKU_B,95
28,W2,SKU_C,189
28,W2,SKU_D,112
28,W2,SKU_E,105
28,R1,SKU_A,166
28,R1,SKU_B,71
28,R1,SKU_C,101
28,R1,SKU_D,61
28,R1,SKU_E,58
28,R2,SKU_A,105
28,R2,SKU_B,70
28,R2,SKU_C,58
28,R2,SKU_D,50
28,R2,SKU_E,44
28,R3,SKU_A,213
28,R3,SKU_B,57
28,R3,SKU_C,96
28,R3,SKU_D,78
28,R3,SKU_E,68
29,Supplier,SKU_A,0
29,Supplier,SKU_B,0
29,Supplier,SKU_C,0
29,Supplier,SKU_D,0
29,Supplier,SKU_E,0
29,W1,SKU_A,271
29,W1,SKU_B,141
29,W1,SKU_C,159
29,W1,SKU_D,111
29,W1,SKU_E,102
29,W2,SKU_A,213
29,W2,SKU_B,57
29,W2,SKU_C,96
29,W2,SKU_D,78
29,W2,SKU_E,68
29,R1,SKU_A,120
29,R1,SKU_B,51
29,R1,SKU_C,98
29,R1,SKU_D,50
29,R1,SKU_E,37
29,R2,SKU_A,115
29,R2,SKU_B,49
29,R2,SKU_C,50
29,R2,SKU_D,35
29,R2,SKU_E,47
29,R3,SKU_A,191
29,R3,SKU_B,76
29,R3,SKU_C,105
29,R3,SKU_D,74
29,R3,SKU_E,88
30,Supplier,SKU_A,0
30,Supplier,SKU_B,0
30,Supplier,SKU_C,0
30,Supplier,SKU_D,0
30,Supplier,SKU_E,0
30,W1,SKU_A,235
30,W1,SKU_B,100
30,W1,SKU_C,148
30,W1,SKU_D,85
30,W1,SKU_E,84
30,W2,SKU_A,191
30,W2,SKU_B,76
30,W2,SKU_C,105
30,W2,SKU_D,74
30,W2,SKU_E,88
30,R1,SKU_A,99
30,R1,SKU_B,32
30,R1,SKU_C,60
30,R1,SKU_D,27
30,R1,SKU_E,40
30,R2,SKU_A,77
30,R2,SKU_B,50
30,R2,SKU_C,46
30,R2,SKU_D,35
30,R2,SKU_E,28
30,R3,SKU_A,170
30,R3,SKU_B,49
30,R3,SKU_C,78
30,R3,SKU_D,65
30,R3,SKU_E,64
31,Supplier,SKU_A,0
31,Supplier,SKU_B,0
31,Supplier,SKU_C,0
31,Supplier,SKU_D,0
31,Supplier,SKU_E,0
31,W1,SKU_A,176
31,W1,SKU_B,82
31,W1,SKU_C,106
31,W1,SKU_D,62
31,W1,SKU_E,68
31,W2,SKU_A,170
31,W2,SKU_B,49
31,W2,SKU_C,78
31,W2,SKU_D,65
31,W2,SKU_E,64
31,R1,SKU_A,97
31,R1,SKU_B,52
31,R1,SKU_C,59
31,R1,SKU_D,40
31,R1,SKU_E,44
31,R2,SKU_A,83
31,R2,SKU_B,44
31,R2,SKU_C,24
31,R2,SKU_D,25
31,R2,SKU_E,31
31,R3,SKU_A,156
31,R3,SKU_B,56
31,R3,SKU_C,98
31,R3,SKU_D,92
31,R3,SKU_E,60
32,Supplier,SKU_A,0
32,Supplier,SKU_B,0
32,Supplier,SKU_C,0
32,Supplier,SKU_D,0
32,Supplier,SKU_E,0
32,W1,SKU_A,180
32,W1,SKU_B,96
32,W1,SKU_C,83
32,W1,SKU_D,65
32,W1,SKU_E,75
32,W2,SKU_A,156
32,W2,SKU_B,56
32,W2,SKU_C,98
32,W2,SKU_D,92
32,W2,SKU_E,60
32,R1,SKU_A,121
32,R1,SKU_B,54
32,R1,SKU_C,79
32,R1,SKU_D,37
32,R1,SKU_E,41
32,R2,SKU_A,69
32,R2,SKU_B,48
32,R2,SKU_C,35
32,R2,SKU_D,33
32,R2,SKU_E,30
32,R3,SKU_A,187
32,R3,SKU_B,65
32,R3,SKU_C,114
32,R3,SKU_D,78
32,R3,SKU_E,75
33,Supplier,SKU_A,0
33,Supplier,SKU_B,0
33,Supplier,SKU_C,0
33,Supplier,SKU_D,0
33,Supplier,SKU_E,0
33,W1,SKU_A,190
33,W1,SKU_B,102
33,W1,SKU_C,114
33,W1,SKU_D,70
33,W1,SKU_E,71
33,W2,SKU_A,187
33,W2,SKU_B,65
33,W2,SKU_C,114
33,W2,SKU_D,78
33,W2,SKU_E,75
33,R1,SKU_A,158
33,R1,SKU_B,63
33,R1,SKU_C,104
33,R1,SKU_D,50
33,R1,SKU_E,44
33,R2,SKU_A,95
33,R2,SKU_B,48
33,R2,SKU_C,49
33,R2,SKU_D,51
33,R2,SKU_E,32
33,R3,SKU_A,174
33,R3,SKU_B,94
33,R3,SKU_C,105
33,R3,SKU_D,77
33,R3,SKU_E,70
34,Supplier,SKU_A,0
34,Supplier,SKU_B,0
34,Supplier,SKU_C,0
34,Supplier,SKU_D,0
34,Supplier,SKU_E,0
34,W1,SKU_A,253
34,W1,SKU_B,111
34,W1,SKU_C,153
34,W1,SKU_D,101
34,W1,SKU_E,76
34,W2,SKU_A,174
34,W2,SKU_B,94
34,W2,SKU_C,105
34,W2,SKU_D,77
34,W2,SKU_E,70
34,R1,SKU_A,188
34,R1,SKU_B,90
34,R1,SKU_C,147
34,R1,SKU_D,88
34,R1,SKU_E,67
34,R2,SKU_A,82
34,R2,SKU_B,69
34,R2,SKU_C,55
34,R2,SKU_D,43
34,R2,SKU_E,38
34,R3,SKU_A,193
34,R3,SKU_B,63
34,R3,SKU_C,144
34,R3,SKU_D,100
34,R3,SKU_E,68
35,Supplier,SKU_A,0
35,Supplier,SKU_B,0
35,Supplier,SKU_C,0
35,Supplier,SKU_D,0
35,Supplier,SKU_E,0
35,W1,SKU_A,270
35,W1,SKU_B,159
35,W1,SKU_C,202
35,W1,SKU_D,131
35,W1,SKU_E,105
35,W2,SKU_A,193
35,W2,SKU_B,63
35,W2,SKU_C,144
35,W2,SKU_D,100
35,W2,SKU_E,68
35,R1,SKU_A,176
35,R1,SKU_B,60
35,R1,SKU_C,121
35,R1,SKU_D,75
35,R1,SKU_E,54
35,R2,SKU_A,80
35,R2,SKU_B,76
35,R2,SKU_C,72
35,R2,SKU_D,46
35,R2,SKU_E,51
35,R3,SKU_A,220
35,R3,SKU_B,74
35,R3,SKU_C,157
35,R3,SKU_D,93
35,R3,SKU_E,80
36,Supplier,SKU_A,0
36,Supplier,SKU_B,0
36,Supplier,SKU_C,0
36,Supplier,SKU_D,0
36,Supplier,SKU_E,0
36,W1,SKU_A,256
36,W1,SKU_B,136
36,W1,SKU_C,193
36,W1,SKU_D,121
36,W1,SKU_E,105
36,W2,SKU_A,220
36,W2,SKU_B,74
36,W2,SKU_C,157
36,W2,SKU_D,93
36,W2,SKU_E,80
36,R1,SKU_A,164
36,R1,SKU_B,47
36,R1,SKU_C,93
36,R1,SKU_D,52
36,R1,SKU_E,50
36,R2,SKU_A,108
36,R2,SKU_B,66
36,R2,SKU_C,45
36,R2,SKU_D,37
36,R2,SKU_E,51
36,R3,SKU_A,211
36,R3,SKU_B,77
36,R3,SKU_C,122
36,R3,SKU_D,92
36,R3,SKU_E,79
37,Supplier,SKU_A,0
37,Supplier,SKU_B,0
37,Supplier,SKU_C,0
37,Supplier,SKU_D,0
37,Supplier,SKU_E,0
37,W1,SKU_A,272
37,W1,SKU_B,113
37,W1,SKU_C,138
37,W1,SKU_D,89
37,W1,SKU_E,101
37,W2,SKU_A,211
37,W2,SKU_B,77
37,W2,SKU_C,122
37,W2,SKU_D,92
37,W2,SKU_E,79
37,R1,SKU_A,116
37,R1,SKU_B,54
37,R1,SKU_C,87
37,R1,SKU_D,39
37,R1,SKU_E,39
37,R2,SKU_A,78
37,R2,SKU_B,52
37,R2,SKU_C,29
37,R2,SKU_D,34
37,R2,SKU_E,34
37,R3,SKU_A,181
37,R3,SKU_B,73
37,R3,SKU_C,91
37,R3,SKU_D,122
37,R3,SKU_E,65
38,Supplier,SKU_A,0
38,Supplier,SKU_B,0
38,Supplier,SKU_C,0
38,Supplier,SKU_D,0
38,Supplier,SKU_E,0
38,W1,SKU_A,194
38,W1,SKU_B,106
38,W1,SKU_C,116
38,W1,SKU_D,73
38,W1,SKU_E,73
38,W2,SKU_A,181
38,W2,SKU_B,73
38,W2,SKU_C,91
38,W2,SKU_D,122
38,W2,SKU_E,65
38,R1,SKU_A,131
38,R1,SKU_B,69
38,R1,SKU_C,74
38,R1,SKU_D,49
38,R1,SKU_E,38
38,R2,SKU_A,86
38,R2,SKU_B,53
38,R2,SKU_C,43
38,R2,SKU_D,26
38,R2,SKU_E,42
38,R3,SKU_A,250
38,R3,SKU_B,48
38,R3,SKU_C,136
38,R3,SKU_D,73
38,R3,SKU_E,86
39,Supplier,SKU_A,0
39,Supplier,SKU_B,0
39,Supplier,SKU_C,0
39,Supplier,SKU_D,0
39,Supplier,SKU_E,0
39,W1,SKU_A,217
39,W1,SKU_B,122
39,W1,SKU_C,117
39,W1,SKU_D,75
39,W1,SKU_E,80
39,W2,SKU_A,250
39,W2,SKU_B,48
39,W2,SKU_C,136
39,W2,SKU_D,73
39,W2,SKU_E,86
39,R1,SKU_A,133
39,R1,SKU_B,75
39,R1,SKU_C,81
39,R1,SKU_D,40
39,R1,SKU_E,46
39,R2,SKU_A,95
39,R2,SKU_B,77
39,R2,SKU_C,45
39,R2,SKU_D,51
39,R2,SKU_E,52
39,R3,SKU_A,232
39,R3,SKU_B,73
39,R3,SKU_C,144
39,R3,SKU_D,83
39,R3,SKU_E,78
40,Supplier,SKU_A,0
40,Supplier,SKU_B,0
40,Supplier,SKU_C,0
40,Supplier,SKU_D,0
40,Supplier,SKU_E,0
40,W1,SKU_A,228
40,W1,SKU_B,152
40,W1,SKU_C,126
40,W1,SKU_D,91
40,W1,SKU_E,98
40,W2,SKU_A,232
40,W2,SKU_B,73
40,W2,SKU_C,144
40,W2,SKU_D,83
40,W2,SKU_E,78
40,R1,SKU_A,144
40,R1,SKU_B,59
40,R1,SKU_C,105
40,R1,SKU_D,50
40,R1,SKU_E,39
40,R2,SKU_A,101
40,R2,SKU_B,76
40,R2,SKU_C,75
40,R2,SKU_D,53
40,R2,SKU_E,60
40,R3,SKU_A,214
40,R3,SKU_B,81
40,R3,SKU_C,129
40,R3,SKU_D,105
40,R3,SKU_E,107
41,Supplier,SKU_A,0
41,Supplier,SKU_B,0
41,Supplier,SKU_C,0
41,Supplier,SKU_D,0
41,Supplier,SKU_E,0
41,W1,SKU_A,245
41,W1,SKU_B,135
41,W1,SKU_C,180
41,W1,SKU_D,103
41,W1,SKU_E,99
41,W2,SKU_A,214
41,W2,SKU_B,81
41,W2,SKU_C,129
41,W2,SKU_D,105
41,W2,SKU_E,107
41,R1,SKU_A,200
41,R1,SKU_B,95
41,R1,SKU_C,147
41,R1,SKU_D,63
41,R1,SKU_E,49
41,R2,SKU_A,102
41,R2,SKU_B,87
41,R2,SKU_C,65
41,R2,SKU_D,59
41,R2,SKU_E,62
41,R3,SKU_A,267
41,R3,SKU_B,99
41,R3,SKU_C,197
41,R3,SKU_D,130
41,R3,SKU_E,98
42,Supplier,SKU_A,0
42,Supplier,SKU_B,0
42,Supplier,SKU_C,0
42,Supplier,SKU_D,0
42,Supplier,SKU_E,0
42,W1,SKU_A,302
42,W1,SKU_B,182
42,W1,SKU_C,212
42,W1,SKU_D,122
42,W1,SKU_E,111
42,W2,SKU_A,267
42,W2,SKU_B,99
42,W2,SKU_C,197
42,W2,SKU_D,130
42,W2,SKU_E,98
42,R1,SKU_A,213
42,R1,SKU_B,117
42,R1,SKU_C,161
42,R1,SKU_D,55
42,R1,SKU_E,66
42,R2,SKU_A,112
42,R2,SKU_B,85
42,R2,SKU_C,66
42,R2,SKU_D,57
42,R2,SKU_E,61
42,R3,SKU_A,258
42,R3,SKU_B,83
42,R3,SKU_C,167
42,R3,SKU_D,114
42,R3,SKU_E,105
43,Supplier,SKU_A,0
43,Supplier,SKU_B,0
43,Supplier,SKU_C,0
43,Supplier,SKU_D,0
43,Supplier,SKU_E,0
43,W1,SKU_A,325
43,W1,SKU_B,202
43,W1,SKU_C,227
43,W1,SKU_D,112
43,W1,SKU_E,127
43,W2,SKU_A,258
43,W2,SKU_B,83
43,W2,SKU_C,167
43,W2,SKU_D,114
43,W2,SKU_E,105
43,R1,SKU_A,159
43,R1,SKU_B,73
43,R1,SKU_C,137
43,R1,SKU_D,75
43,R1,SKU_E,62
43,R2,SKU_A,143
43,R2,SKU_B,66
43,R2,SKU_C,139
43,R2,SKU_D,72
43,R2,SKU_E,66
43,R3,SKU_A,184
43,R3,SKU_B,84
43,R3,SKU_C,133
43,R3,SKU_D,65
43,R3,SKU_E,71
44,Supplier,SKU_A,0
44,Supplier,SKU_B,0
44,Supplier,SKU_C,0
44,Supplier,SKU_D,0
44,Supplier,SKU_E,0
44,W1,SKU_A,302
44,W1,SKU_B,139
44,W1,SKU_C,276
44,W1,SKU_D,147
44,W1,SKU_E,128
44,W2,SKU_A,184
44,W2,SKU_B,84
44,W2,SKU_C,133
44,W2,SKU_D,65
44,W2,SKU_E,71
44,R1,SKU_A,147
44,R1,SKU_B,64
44,R1,SKU_C,83
44,R1,SKU_D,34
44,R1,SKU_E,41
44,R2,SKU_A,107
44,R2,SKU_B,59
44,R2,SKU_C,73
44,R2,SKU_D,65
44,R2,SKU_E,49
44,R3,SKU_A,225
44,R3,SKU_B,72
44,R3,SKU_C,112
44,R3,SKU_D,88
44,R3,SKU_E,95
45,Supplier,SKU_A,0
45,Supplier,SKU_B,0
45,Supplier,SKU_C,0
45,Supplier,SKU_D,0
45,Supplier,SKU_E,0
45,W1,SKU_A,254
45,W1,SKU_B,123
45,W1,SKU_C,156
45,W1,SKU_D,99
45,W1,SKU_E,90
45,W2,SKU_A,225
45,W2,SKU_B,72
45,W2,SKU_C,112
45,W2,SKU_D,88
45,W2,SKU_E,95
45,R1,SKU_A,176
45,R1,SKU_B,91
45,R1,SKU_C,65
45,R1,SKU_D,75
45,R1,SKU_E,52
45,R2,SKU_A,99
45,R2,SKU_B,55
45,R2,SKU_C,39
45,R2,SKU_D,48
45,R2,SKU_E,54
45,R3,SKU_A,164
45,R3,SKU_B,85
45,R3,SKU_C,147
45,R3,SKU_D,77
45,R3,SKU_E,73
46,Supplier,SKU_A,0
46,Supplier,SKU_B,0
46,Supplier,SKU_C,0
46,Supplier,SKU_D,0
46,Supplier,SKU_E,0
46,W1,SKU_A,275
46,W1,SKU_B,146
46,W1,SKU_C,104
46,W1,SKU_D,123
46,W1,SKU_E,106
46,W2,SKU_A,164
46,W2,SKU_B,85
46,W2,SKU_C,147
46,W2,SKU_D,77
46,W2,SKU_E,73
46,R1,SKU_A,167
46,R1,SKU_B,79
46,R1,SKU_C,87
46,R1,SKU_D,59
46,R1,SKU_E,50
46,R2,SKU_A,100
46,R2,SKU_B,75
46,R2,SKU_C,48
46,R2,SKU_D,48
46,R2,SKU_E,36
46,R3,SKU_A,199
46,R3,SKU_B,63
46,R3,SKU_C,118
46,R3,SKU_D,82
46,R3,SKU_E,69
47,Supplier,SKU_A,0
47,Supplier,SKU_B,0
47,Supplier,SKU_C,0
47,Supplier,SKU_D,0
47,Supplier,SKU_E,0
47,W1,SKU_A,267
47,W1,SKU_B,154
47,W1,SKU_C,135
47,W1,SKU_D,107
47,W1,SKU_E,86
47,W2,SKU_A,199
47,W2,SKU_B,63
47,W2,SKU_C,118
47,W2,SKU_D,82
47,W2,SKU_E,69
47,R1,SKU_A,182
47,R1,SKU_B,78
47,R1,SKU_C,152
47,R1,SKU_D,74
47,R1,SKU_E,49
47,R2,SKU_A,125
47,R2,SKU_B,85
47,R2,SKU_C,70
47,R2,SKU_D,52
47,R2,SKU_E,59
47,R3,SKU_A,279
47,R3,SKU_B,58
47,R3,SKU_C,164
47,R3,SKU_D,112
47,R3,SKU_E,83
48,Supplier,SKU_A,0
48,Supplier,SKU_B,0
48,Supplier,SKU_C,0
48,Supplier,SKU_D,0
48,Supplier,SKU_E,0
48,W1,SKU_A,307
48,W1,SKU_B,163
48,W1,SKU_C,222
48,W1,SKU_D,126
48,W1,SKU_E,108
48,W2,SKU_A,279
48,W2,SKU_B,58
48,W2,SKU_C,164
48,W2,SKU_D,112
48,W2,SKU_E,83
48,R1,SKU_A,184
48,R1,SKU_B,78
48,R1,SKU_C,172
48,R1,SKU_D,70
48,R1,SKU_E,59
48,R2,SKU_A,106
48,R2,SKU_B,90
48,R2,SKU_C,106
48,R2,SKU_D,44
48,R2,SKU_E,70
48,R3,SKU_A,256
48,R3,SKU_B,57
48,R3,SKU_C,175
48,R3,SKU_D,102
48,R3,SKU_E,81
49,Supplier,SKU_A,0
49,Supplier,SKU_B,0
49,Supplier,SKU_C,0
49,Supplier,SKU_D,0
49,Supplier,SKU_E,0
49,W1,SKU_A,290
49,W1,SKU_B,168
49,W1,SKU_C,278
49,W1,SKU_D,114
49,W1,SKU_E,129
49,W2,SKU_A,256
49,W2,SKU_B,57
49,W2,SKU_C,175
49,W2,SKU_D,102
49,W2,SKU_E,81
49,R1,SKU_A,180
49,R1,SKU_B,111
49,R1,SKU_C,135
49,R1,SKU_D,70
49,R1,SKU_E,56
49,R2,SKU_A,124
49,R2,SKU_B,113
49,R2,SKU_C,107
49,R2,SKU_D,33
49,R2,SKU_E,75
49,R3,SKU_A,249
49,R3,SKU_B,73
49,R3,SKU_C,186
49,R3,SKU_D,122
49,R3,SKU_E,84
50,Supplier,SKU_A,0
50,Supplier,SKU_B,0
50,Supplier,SKU_C,0
50,Supplier,SKU_D,0
50,Supplier,SKU_E,0
50,W1,SKU_A,304
50,W1,SKU_B,224
50,W1,SKU_C,242
50,W1,SKU_D,103
50,W1,SKU_E,131
50,W2,SKU_A,249
50,W2,SKU_B,73
50,W2,SKU_C,186
50,W2,SKU_D,122
50,W2,SKU_E,84
50,R1,SKU_A,146
50,R1,SKU_B,72
50,R1,SKU_C,91
50,R1,SKU_D,47
50,R1,SKU_E,59
50,R2,SKU_A,82
50,R2,SKU_B,43
50,R2,SKU_C,34
50,R2,SKU_D,42
50,R2,SKU_E,22
50,R3,SKU_A,204
50,R3,SKU_B,85
50,R3,SKU_C,197
50,R3,SKU_D,107
50,R3,SKU_E,70
51,Supplier,SKU_A,0
51,Supplier,SKU_B,0
51,Supplier,SKU_C,0
51,Supplier,SKU_D,0
51,Supplier,SKU_E,0
51,W1,SKU_A,228
51,W1,SKU_B,115
51,W1,SKU_C,125
51,W1,SKU_D,89
51,W1,SKU_E,81
51,W2,SKU_A,204
51,W2,SKU_B,85
51,W2,SKU_C,197
51,W2,SKU_D,107
51,W2,SKU_E,70
51,R1,SKU_A,135
51,R1,SKU_B,50
51,R1,SKU_C,77
51,R1,SKU_D,48
51,R1,SKU_E,32
51,R2,SKU_A,96
51,R2,SKU_B,67
51,R2,SKU_C,37
51,R2,SKU_D,47
51,R2,SKU_E,34
51,R3,SKU_A,139
51,R3,SKU_B,42
51,R3,SKU_C,64
51,R3,SKU_D,81
51,R3,SKU_E,63
52,Supplier,SKU_A,0
52,Supplier,SKU_B,0
52,Supplier,SKU_C,0
52,Supplier,SKU_D,0
52,Supplier,SKU_E,0
52,W1,SKU_A,231
52,W1,SKU_B,117
52,W1,SKU_C,114
52,W1,SKU_D,95
52,W1,SKU_E,66
52,W2,SKU_A,139
52,W2,SKU_B,42
52,W2,SKU_C,64
52,W2,SKU_D,81
52,W2,SKU_E,63
52,R1,SKU_A,149
52,R1,SKU_B,57
52,R1,SKU_C,86
52,R1,SKU_D,46
52,R1,SKU_E,43
52,R2,SKU_A,99
52,R2,SKU_B,91
52,R2,SKU_C,65
52,R2,SKU_D,48
52,R2,SKU_E,42
52,R3,SKU_A,142
52,R3,SKU_B,39
52,R3,SKU_C,77
52,R3,SKU_D,51
52,R3,SKU_E,47
53,Supplier,SKU_A,0
53,Supplier,SKU_B,0
53,Supplier,SKU_C,0
53,Supplier,SKU_D,0
53,Supplier,SKU_E,0
53,W1,SKU_A,248
53,W1,SKU_B,148
53,W1,SKU_C,151
53,W1,SKU_D,94
53,W1,SKU_E,85
53,W2,SKU_A,142
53,W2,SKU_B,39
53,W2,SKU_C,77
53,W2,SKU_D,51
53,W2,SKU_E,47
53,R1,SKU_A,147
53,R1,SKU_B,53
53,R1,SKU_C,117
53,R1,SKU_D,58
53,R1,SKU_E,49
53,R2,SKU_A,109
53,R2,SKU_B,56
53,R2,SKU_C,57
53,R2,SKU_D,50
53,R2,SKU_E,34
53,R3,SKU_A,194
53,R3,SKU_B,66
53,R3,SKU_C,119
53,R3,SKU_D,87
53,R3,SKU_E,79
54,Supplier,SKU_A,0
54,Supplier,SKU_B,0
54,Supplier,SKU_C,0
54,Supplier,SKU_D,0
54,Supplier,SKU_E,0
54,W1,SKU_A,256
54,W1,SKU_B,109
54,W1,SKU_C,174
54,W1,SKU_D,108
54,W1,SKU_E,83
54,W2,SKU_A,194
54,W2,SKU_B,66
54,W2,SKU_C,119
54,W2,SKU_D,87
54,W2,SKU_E,79
54,R1,SKU_A,147
54,R1,SKU_B,79
54,R1,SKU_C,139
54,R1,SKU_D,67
54,R1,SKU_E,48
54,R2,SKU_A,83
54,R2,SKU_B,82
54,R2,SKU_C,63
54,R2,SKU_D,40
54,R2,SKU_E,43
54,R3,SKU_A,217
54,R3,SKU_B,72
54,R3,SKU_C,150
54,R3,SKU_D,122
54,R3,SKU_E,85
55,Supplier,SKU_A,0
55,Supplier,SKU_B,0
55,Supplier,SKU_C,0
55,Supplier,SKU_D,0
55,Supplier,SKU_E,0
55,W1,SKU_A,230
55,W1,SKU_B,161
55,W1,SKU_C,202
55,W1,SKU_D,107
55,W1,SKU_E,91
55,W2,SKU_A,217
55,W2,SKU_B,72
55,W2,SKU_C,150
55,W2,SKU_D,122
55,W2,SKU_E,85
55,R1,SKU_A,193
55,R1,SKU_B,89
55,R1,SKU_C,202
55,R1,SKU_D,80
55,R1,SKU_E,52
55,R2,SKU_A,126
55,R2,SKU_B,105
55,R2,SKU_C,83
55,R2,SKU_D,47
55,R2,SKU_E,53
55,R3,SKU_A,286
55,R3,SKU_B,97
55,R3,SKU_C,239
55,R3,SKU_D,122
55,R3,SKU_E,113
56,Supplier,SKU_A,0
56,Supplier,SKU_B,0
56,Supplier,SKU_C,0
56,Supplier,SKU_D,0
56,Supplier,SKU_E,0
56,W1,SKU_A,319
56,W1,SKU_B,194
56,W1,SKU_C,285
56,W1,SKU_D,127
56,W1,SKU_E,105
56,W2,SKU_A,286
56,W2,SKU_B,97
56,W2,SKU_C,239
56,W2,SKU_D,122
56,W2,SKU_E,113
56,R1,SKU_A,203
56,R1,SKU_B,104
56,R1,SKU_C,141
56,R1,SKU_D,65
56,R1,SKU_E,67
56,R2,SKU_A,113
56,R2,SKU_B,65
56,R2,SKU_C,65
56,R2,SKU_D,61
56,R2,SKU_E,48
56,R3,SKU_A,276
56,R3,SKU_B,60
56,R3,SKU_C,212
56,R3,SKU_D,117
56,R3,SKU_E,73
57,Supplier,SKU_A,0
57,Supplier,SKU_B,0
57,Supplier,SKU_C,0
57,Supplier,SKU_D,0
57,Supplier,SKU_E,0
57,W1,SKU_A,316
57,W1,SKU_B,169
57,W1,SKU_C,206
57,W1,SKU_D,126
57,W1,SKU_E,115
57,W2,SKU_A,276
57,W2,SKU_B,60
57,W2,SKU_C,212
57,W2,SKU_D,117
57,W2,SKU_E,73
57,R1,SKU_A,119
57,R1,SKU_B,52
57,R1,SKU_C,91
57,R1,SKU_D,41
57,R1,SKU_E,38
57,R2,SKU_A,103
57,R2,SKU_B,46
57,R2,SKU_C,43
57,R2,SKU_D,39
57,R2,SKU_E,31
57,R3,SKU_A,155
57,R3,SKU_B,43
57,R3,SKU_C,129
57,R3,SKU_D,53
57,R3,SKU_E,79
58,Supplier,SKU_A,0
58,Supplier,SKU_B,0
58,Supplier,SKU_C,0
58,Supplier,SKU_D,0
58,Supplier,SKU_E,0
58,W1,SKU_A,222
58,W1,SKU_B,98
58,W1,SKU_C,134
58,W1,SKU_D,80
58,W1,SKU_E,69
58,W2,SKU_A,155
58,W2,SKU_B,43
58,W2,SKU_C,129
58,W2,SKU_D,53
58,W2,SKU_E,79
58,R1,SKU_A,142
58,R1,SKU_B,73
58,R1,SKU_C,79
58,R1,SKU_D,45
58,R1,SKU_E,35
58,R2,SKU_A,93
58,R2,SKU_B,45
58,R2,SKU_C,40
58,R2,SKU_D,39
58,R2,SKU_E,35
58,R3,SKU_A,173
58,R3,SKU_B,34
58,R3,SKU_C,125
58,R3,SKU_D,80
58,R3,SKU_E,72
59,Supplier,SKU_A,0
59,Supplier,SKU_B,0
59,Supplier,SKU_C,0
59,Supplier,SKU_D,0
59,Supplier,SKU_E,0
59,W1,SKU_A,235
59,W1,SKU_B,118
59,W1,SKU_C,119
59,W1,SKU_D,84
59,W1,SKU_E,70
59,W2,SKU_A,173
59,W2,SKU_B,34
59,W2,SKU_C,125
59,W2,SKU_D,80
59,W2,SKU_E,72
59,R1,SKU_A,140
59,R1,SKU_B,79
59,R1,SKU_C,114
59,R1,SKU_D,47
59,R1,SKU_E,36
59,R2,SKU_A,94
59,R2,SKU_B,63
59,R2,SKU_C,61
59,R2,SKU_D,42
59,R2,SKU_E,31
59,R3,SKU_A,151
59,R3,SKU_B,38
59,R3,SKU_C,145
59,R3,SKU_D,91
59,R3,SKU_E,53
60,Supplier,SKU_A,0
60,Supplier,SKU_B,0
60,Supplier,SKU_C,0
60,Supplier,SKU_D,0
60,Supplier,SKU_E,0
60,W1,SKU_A,234
60,W1,SKU_B,142
60,W1,SKU_C,175
60,W1,SKU_D,89
60,W1,SKU_E,67
60,W2,SKU_A,151
60,W2,SKU_B,38
60,W2,SKU_C,145
60,W2,SKU_D,91
60,W2,SKU_E,53
60,R1,SKU_A,168
60,R1,SKU_B,62
60,R1,SKU_C,106
60,R1,SKU_D,56
60,R1,SKU_E,30
60,R2,SKU_A,122
60,R2,SKU_B,71
60,R2,SKU_C,75
60,R2,SKU_D,46
60,R2,SKU_E,37
60,R3,SKU_A,169
60,R3,SKU_B,62
60,R3,SKU_C,119
60,R3,SKU_D,97
60,R3,SKU_E,55
61,Supplier,SKU_A,0
61,Supplier,SKU_B,0
61,Supplier,SKU_C,0
61,Supplier,SKU_D,0
61,Supplier,SKU_E,0
61,W1,SKU_A,290
61,W1,SKU_B,133
61,W1,SKU_C,181
61,W1,SKU_D,102
61,W1,SKU_E,67
61,W2,SKU_A,169
61,W2,SKU_B,62
61,W2,SKU_C,119
61,W2,SKU_D,97
61,W2,SKU_E,55
61,R1,SKU_A,157
61,R1,SKU_B,67
61,R1,SKU_C,151
61,R1,SKU_D,60
61,R1,SKU_E,41
61,R2,SKU_A,123
61,R2,SKU_B,65
61,R2,SKU_C,71
61,R2,SKU_D,51
61,R2,SKU_E,41
61,R3,SKU_A,198
61,R3,SKU_B,39
61,R3,SKU_C,144
61,R3,SKU_D,74
61,R3,SKU_E,68
62,Supplier,SKU_A,0
62,Supplier,SKU_B,0
62,Supplier,SKU_C,0
62,Supplier,SKU_D,0
62,Supplier,SKU_E,0
62,W1,SKU_A,280
62,W1,SKU_B,132
62,W1,SKU_C,222
62,W1,SKU_D,111
62,W1,SKU_E,82
62,W2,SKU_A,198
62,W2,SKU_B,39
62,W2,SKU_C,144
62,W2,SKU_D,74
62,W2,SKU_E,68
62,R1,SKU_A,190
62,R1,SKU_B,93
62,R1,SKU_C,159
62,R1,SKU_D,74
62,R1,SKU_E,47
62,R2,SKU_A,138
62,R2,SKU_B,76
62,R2,SKU_C,74
62,R2,SKU_D,32
62,R2,SKU_E,46
62,R3,SKU_A,269
62,R3,SKU_B,80
62,R3,SKU_C,174
62,R3,SKU_D,112
62,R3,SKU_E,84
63,Supplier,SKU_A,0
63,Supplier,SKU_B,0
63,Supplier,SKU_C,0
63,Supplier,SKU_D,0
63,Supplier,SKU_E,0
63,W1,SKU_A,328
63,W1,SKU_B,169
63,W1,SKU_C,233
63,W1,SKU_D,106
63,W1,SKU_E,93
63,W2,SKU_A,269
63,W2,SKU_B,80
63,W2,SKU_C,174
63,W2,SKU_D,112
63,W2,SKU_E,84
63,R1,SKU_A,190
63,R1,SKU_B,111
63,R1,SKU_C,157
63,R1,SKU_D,65
63,R1,SKU_E,49
63,R2,SKU_A,118
63,R2,SKU_B,62
63,R2,SKU_C,87
63,R2,SKU_D,41
63,R2,SKU_E,45
63,R3,SKU_A,251
63,R3,SKU_B,66
63,R3,SKU_C,120
63,R3,SKU_D,113
63,R3,SKU_E,70
64,Supplier,SKU_A,0
64,Supplier,SKU_B,0
64,Supplier,SKU_C,0
64,Supplier,SKU_D,0
64,Supplier,SKU_E,0
64,W1,SKU_A,308
64,W1,SKU_B,173
64,W1,SKU_C,244
64,W1,SKU_D,106
64,W1,SKU_E,94
64,W2,SKU_A,251
64,W2,SKU_B,66
64,W2,SKU_C,120
64,W2,SKU_D,113
64,W2,SKU_E,70
64,R1,SKU_A,124
64,R1,SKU_B,64
64,R1,SKU_C,88
64,R1,SKU_D,71
64,R1,SKU_E,41
64,R2,SKU_A,90
64,R2,SKU_B,60
64,R2,SKU_C,52
64,R2,SKU_D,43
64,R2,SKU_E,34
64,R3,SKU_A,183
64,R3,SKU_B,56
64,R3,SKU_C,99
64,R3,SKU_D,75
64,R3,SKU_E,48
65,Supplier,SKU_A,0
65,Supplier,SKU_B,0
65,Supplier,SKU_C,0
65,Supplier,SKU_D,0
65,Supplier,SKU_E,0
65,W1,SKU_A,214
65,W1,SKU_B,124
65,W1,SKU_C,140
65,W1,SKU_D,114
65,W1,SKU_E,75
65,W2,SKU_A,183
65,W2,SKU_B,56
65,W2,SKU_C,99
65,W2,SKU_D,75
65,W2,SKU_E,48
65,R1,SKU_A,148
65,R1,SKU_B,77
65,R1,SKU_C,70
65,R1,SKU_D,42
65,R1,SKU_E,32
65,R2,SKU_A,100
65,R2,SKU_B,75
65,R2,SKU_C,78
65,R2,SKU_D,56
65,R2,SKU_E,35
65,R3,SKU_A,145
65,R3,SKU_B,30
65,R3,SKU_C,85
65,R3,SKU_D,92
65,R3,SKU_E,44
66,Supplier,SKU_A,0
66,Supplier,SKU_B,0
66,Supplier,SKU_C,0
66,Supplier,SKU_D,0
66,Supplier,SKU_E,0
66,W1,SKU_A,248
66,W1,SKU_B,152
66,W1,SKU_C,148
66,W1,SKU_D,98
66,W1,SKU_E,67
66,W2,SKU_A,145
66,W2,SKU_B,30
66,W2,SKU_C,85
66,W2,SKU_D,92
66,W2,SKU_E,44
66,R1,SKU_A,136
66,R1,SKU_B,89
66,R1,SKU_C,103
66,R1,SKU_D,40
66,R1,SKU_E,57
66,R2,SKU_A,96
66,R2,SKU_B,78
66,R2,SKU_C,67
66,R2,SKU_D,52
66,R2,SKU_E,46
66,R3,SKU_A,159
66,R3,SKU_B,39
66,R3,SKU_C,89
66,R3,SKU_D,77
66,R3,SKU_E,87
67,Supplier,SKU_A,0
67,Supplier,SKU_B,0
67,Supplier,SKU_C,0
67,Supplier,SKU_D,0
67,Supplier,SKU_E,0
67,W1,SKU_A,232
67,W1,SKU_B,167
67,W1,SKU_C,170
67,W1,SKU_D,92
67,W1,SKU_E,103
67,W2,SKU_A,159
67,W2,SKU_B,39
67,W2,SKU_C,89
67,W2,SKU_D,77
67,W2,SKU_E,87
67,R1,SKU_A,160
67,R1,SKU_B,81
67,R1,SKU_C,98
67,R1,SKU_D,56
67,R1,SKU_E,44
67,R2,SKU_A,127
67,R2,SKU_B,59
67,R2,SKU_C,59
67,R2,SKU_D,57
67,R2,SKU_E,63
67,R3,SKU_A,221
67,R3,SKU_B,63
67,R3,SKU_C,163
67,R3,SKU_D,105
67,R3,SKU_E,91
68,Supplier,SKU_A,0
68,Supplier,SKU_B,0
68,Supplier,SKU_C,0
68,Supplier,SKU_D,0
68,Supplier,SKU_E,0
68,W1,SKU_A,287
68,W1,SKU_B,140
68,W1,SKU_C,157
68,W1,SKU_D,113
68,W1,SKU_E,107
68,W2,SKU_A,221
68,W2,SKU_B,63
68,W2,SKU_C,163
68,W2,SKU_D,105
68,W2,SKU_E,91
68,R1,SKU_A,222
68,R1,SKU_B,105
68,R1,SKU_C,184
68,R1,SKU_D,96
68,R1,SKU_E,73
68,R2,SKU_A,167
68,R2,SKU_B,106
68,R2,SKU_C,103
68,R2,SKU_D,71
68,R2,SKU_E,67
68,R3,SKU_A,319
68,R3,SKU_B,76
68,R3,SKU_C,226
68,R3,SKU_D,160
68,R3,SKU_E,106
69,Supplier,SKU_A,0
69,Supplier,SKU_B,0
69,Supplier,SKU_C,0
69,Supplier,SKU_D,0
69,Supplier,SKU_E,0
69,W1,SKU_A,389
69,W1,SKU_B,211
69,W1,SKU_C,287
69,W1,SKU_D,167
69,W1,SKU_E,140
69,W2,SKU_A,319
69,W2,SKU_B,76
69,W2,SKU_C,226
69,W2,SKU_D,160
69,W2,SKU_E,106
69,R1,SKU_A,174
69,R1,SKU_B,92
69,R1,SKU_C,146
69,R1,SKU_D,74
69,R1,SKU_E,38
69,R2,SKU_A,122
69,R2,SKU_B,86
69,R2,SKU_C,68
69,R2,SKU_D,68
69,R2,SKU_E,45
69,R3,SKU_A,277
69,R3,SKU_B,69
69,R3,SKU_C,224
69,R3,SKU_D,125
69,R3,SKU_E,95
70,Supplier,SKU_A,0
70,Supplier,SKU_B,0
70,Supplier,SKU_C,0
70,Supplier,SKU_D,0
70,Supplier,SKU_E,0
70,W1,SKU_A,296
70,W1,SKU_B,178
70,W1,SKU_C,214
70,W1,SKU_D,142
70,W1,SKU_E,83
70,W2,SKU_A,277
70,W2,SKU_B,69
70,W2,SKU_C,224
70,W2,SKU_D,125
70,W2,SKU_E,95
70,R1,SKU_A,181
70,R1,SKU_B,113
70,R1,SKU_C,144
70,R1,SKU_D,73
70,R1,SKU_E,41
70,R2,SKU_A,117
70,R2,SKU_B,73
70,R2,SKU_C,89
70,R2,SKU_D,39
70,R2,SKU_E,55
70,R3,SKU_A,287
70,R3,SKU_B,54
70,R3,SKU_C,205
70,R3,SKU_D,120
70,R3,SKU_E,85
71,Supplier,SKU_A,0
71,Supplier,SKU_B,0
71,Supplier,SKU_C,0
71,Supplier,SKU_D,0
71,Supplier,SKU_E,0
71,W1,SKU_A,298
71,W1,SKU_B,186
71,W1,SKU_C,233
71,W1,SKU_D,112
71,W1,SKU_E,96
71,W2,SKU_A,287
71,W2,SKU_B,54
71,W2,SKU_C,205
71,W2,SKU_D,120
71,W2,SKU_E,85
71,R1,SKU_A,164
71,R1,SKU_B,82
71,R1,SKU_C,101
71,R1,SKU_D,63
71,R1,SKU_E,38
71,R2,SKU_A,101
71,R2,SKU_B,61
71,R2,SKU_C,65
71,R2,SKU_D,45
71,R2,SKU_E,66
71,R3,SKU_A,234
71,R3,SKU_B,64
71,R3,SKU_C,165
71,R3,SKU_D,95
71,R3,SKU_E,79
72,Supplier,SKU_A,0
72,Supplier,SKU_B,0
72,Supplier,SKU_C,0
72,Supplier,SKU_D,0
72,Supplier,SKU_E,0
72,W1,SKU_A,265
72,W1,SKU_B,143
72,W1,SKU_C,166
72,W1,SKU_D,108
72,W1,SKU_E,104
72,W2,SKU_A,234
72,W2,SKU_B,64
72,W2,SKU_C,165
72,W2,SKU_D,95
72,W2,SKU_E,79
72,R1,SKU_A,159
72,R1,SKU_B,73
72,R1,SKU_C,111
72,R1,SKU_D,56
72,R1,SKU_E,55
72,R2,SKU_A,109
72,R2,SKU_B,68
72,R2,SKU_C,45
72,R2,SKU_D,36
72,R2,SKU_E,70
72,R3,SKU_A,186
72,R3,SKU_B,52
72,R3,SKU_C,98
72,R3,SKU_D,101
72,R3,SKU_E,75
73,Supplier,SKU_A,0
73,Supplier,SKU_B,0
73,Supplier,SKU_C,0
73,Supplier,SKU_D,0
73,Supplier,SKU_E,0
73,W1,SKU_A,268
73,W1,SKU_B,141
73,W1,SKU_C,156
73,W1,SKU_D,92
73,W1,SKU_E,125
73,W2,SKU_A,186
73,W2,SKU_B,52
73,W2,SKU_C,98
73,W2,SKU_D,101
73,W2,SKU_E,75
73,R1,SKU_A,130
73,R1,SKU_B,53
73,R1,SKU_C,106
73,R1,SKU_D,52
73,R1,SKU_E,45
73,R2,SKU_A,98
73,R2,SKU_B,56
73,R2,SKU_C,33
73,R2,SKU_D,48
73,R2,SKU_E,30
73,R3,SKU_A,162
73,R3,SKU_B,50
73,R3,SKU_C,98
73,R3,SKU_D,100
73,R3,SKU_E,64
74,Supplier,SKU_A,0
74,Supplier,SKU_B,0
74,Supplier,SKU_C,0
74,Supplier,SKU_D,0
74,Supplier,SKU_E,0
74,W1,SKU_A,228
74,W1,SKU_B,109
74,W1,SKU_C,139
74,W1,SKU_D,100
74,W1,SKU_E,75
74,W2,SKU_A,162
74,W2,SKU_B,50
74,W2,SKU_C,98
74,W2,SKU_D,100
74,W2,SKU_E,64
74,R1,SKU_A,145
74,R1,SKU_B,87
74,R1,SKU_C,117
74,R1,SKU_D,50
74,R1,SKU_E,35
74,R2,SKU_A,97
74,R2,SKU_B,51
74,R2,SKU_C,38
74,R2,SKU_D,60
74,R2,SKU_E,49
74,R3,SKU_A,233
74,R3,SKU_B,86
74,R3,SKU_C,137
74,R3,SKU_D,98
74,R3,SKU_E,87
75,Supplier,SKU_A,0
75,Supplier,SKU_B,0
75,Supplier,SKU_C,0
75,Supplier,SKU_D,0
75,Supplier,SKU_E,0
75,W1,SKU_A,242
75,W1,SKU_B,138
75,W1,SKU_C,155
75,W1,SKU_D,110
75,W1,SKU_E,84
75,W2,SKU_A,233
75,W2,SKU_B,86
75,W2,SKU_C,137
75,W2,SKU_D,98
75,W2,SKU_E,87
75,R1,SKU_A,186
75,R1,SKU_B,91
75,R1,SKU_C,109
75,R1,SKU_D,59
75,R1,SKU_E,55
75,R2,SKU_A,109
75,R2,SKU_B,59
75,R2,SKU_C,43
75,R2,SKU_D,57
75,R2,SKU_E,45
75,R3,SKU_A,261
75,R3,SKU_B,80
75,R3,SKU_C,134
75,R3,SKU_D,120
75,R3,SKU_E,90
76,Supplier,SKU_A,0
76,Supplier,SKU_B,0
76,Supplier,SKU_C,0
76,Supplier,SKU_D,0
76,Supplier,SKU_E,0
76,W1,SKU_A,295
76,W1,SKU_B,150
76,W1,SKU_C,152
76,W1,SKU_D,116
76,W1,SKU_E,100
76,W2,SKU_A,261
76,W2,SKU_B,80
76,W2,SKU_C,134
76,W2,SKU_D,120
76,W2,SKU_E,90
76,R1,SKU_A,217
76,R1,SKU_B,113
76,R1,SKU_C,173
76,R1,SKU_D,91
76,R1,SKU_E,57
76,R2,SKU_A,125
76,R2,SKU_B,100
76,R2,SKU_C,92
76,R2,SKU_D,57
76,R2,SKU_E,49
76,R3,SKU_A,281
76,R3,SKU_B,86
76,R3,SKU_C,189
76,R3,SKU_D,110
76,R3,SKU_E,83
77,Supplier,SKU_A,0
77,Supplier,SKU_B,0
77,Supplier,SKU_C,0
77,Supplier,SKU_D,0
77,Supplier,SKU_E,0
77,W1,SKU_A,342
77,W1,SKU_B,213
77,W1,SKU_C,265
77,W1,SKU_D,148
77,W1,SKU_E,106
77,W2,SKU_A,281
77,W2,SKU_B,86
77,W2,SKU_C,189
77,W2,SKU_D,110
77,W2,SKU_E,83
77,R1,SKU_A,234
77,R1,SKU_B,114
77,R1,SKU_C,171
77,R1,SKU_D,93
77,R1,SKU_E,55
77,R2,SKU_A,155
77,R2,SKU_B,83
77,R2,SKU_C,75
77,R2,SKU_D,46
77,R2,SKU_E,62
77,R3,SKU_A,301
77,R3,SKU_B,108
77,R3,SKU_C,131
77,R3,SKU_D,98
77,R3,SKU_E,112
78,Supplier,SKU_A,0
78,Supplier,SKU_B,0
78,Supplier,SKU_C,0
78,Supplier,SKU_D,0
78,Supplier,SKU_E,0
78,W1,SKU_A,389
78,W1,SKU_B,197
78,W1,SKU_C,246
78,W1,SKU_D,139
78,W1,SKU_E,117
78,W2,SKU_A,301
78,W2,SKU_B,108
78,W2,SKU_C,131
78,W2,SKU_D,98
78,W2,SKU_E,112
78,R1,SKU_A,141
78,R1,SKU_B,66
78,R1,SKU_C,110
78,R1,SKU_D,56
78,R1,SKU_E,38
78,R2,SKU_A,111
78,R2,SKU_B,73
78,R2,SKU_C,53
78,R2,SKU_D,36
78,R2,SKU_E,58
78,R3,SKU_A,225
78,R3,SKU_B,93
78,R3,SKU_C,137
78,R3,SKU_D,90
78,R3,SKU_E,84
79,Supplier,SKU_A,0
79,Supplier,SKU_B,0
79,Supplier,SKU_C,0
79,Supplier,SKU_D,0
79,Supplier,SKU_E,0
79,W1,SKU_A,252
79,W1,SKU_B,139
79,W1,SKU_C,163
79,W1,SKU_D,92
79,W1,SKU_E,96
79,W2,SKU_A,225
79,W2,SKU_B,93
79,W2,SKU_C,137
79,W2,SKU_D,90
79,W2,SKU_E,84
79,R1,SKU_A,155
79,R1,SKU_B,61
79,R1,SKU_C,124
79,R1,SKU_D,58
79,R1,SKU_E,41
79,R2,SKU_A,110
79,R2,SKU_B,56
79,R2,SKU_C,51
79,R2,SKU_D,31
79,R2,SKU_E,44
79,R3,SKU_A,216
79,R3,SKU_B,67
79,R3,SKU_C,112
79,R3,SKU_D,99
79,R3,SKU_E,79
80,Supplier,SKU_A,0
80,Supplier,SKU_B,0
80,Supplier,SKU_C,0
80,Supplier,SKU_D,0
80,Supplier,SKU_E,0
80,W1,SKU_A,265
80,W1,SKU_B,117
80,W1,SKU_C,175
80,W1,SKU_D,89
80,W1,SKU_E,85
80,W2,SKU_A,216
80,W2,SKU_B,67
80,W2,SKU_C,112
80,W2,SKU_D,99
80,W2,SKU_E,79
80,R1,SKU_A,136
80,R1,SKU_B,63
80,R1,SKU_C,132
80,R1,SKU_D,80
80,R1,SKU_E,47
80,R2,SKU_A,115
80,R2,SKU_B,84
80,R2,SKU_C,49
80,R2,SKU_D,45
80,R2,SKU_E,59
80,R3,SKU_A,187
80,R3,SKU_B,71
80,R3,SKU_C,125
80,R3,SKU_D,96
80,R3,SKU_E,74
81,Supplier,SKU_A,0
81,Supplier,SKU_B,0
81,Supplier,SKU_C,0
81,Supplier,SKU_D,0
81,Supplier,SKU_E,0
81,W1,SKU_A,251
81,W1,SKU_B,147
81,W1,SKU_C,181
81,W1,SKU_D,125
81,W1,SKU_E,106
81,W2,SKU_A,187
81,W2,SKU_B,71
81,W2,SKU_C,125
81,W2,SKU_D,96
81,W2,SKU_E,74
81,R1,SKU_A,139
81,R1,SKU_B,73
81,R1,SKU_C,113
81,R1,SKU_D,61
81,R1,SKU_E,44
81,R2,SKU_A,123
81,R2,SKU_B,72
81,R2,SKU_C,61
81,R2,SKU_D,39
81,R2,SKU_E,61
81,R3,SKU_A,184
81,R3,SKU_B,87
81,R3,SKU_C,139
81,R3,SKU_D,89
81,R3,SKU_E,88
82,Supplier,SKU_A,0
82,Supplier,SKU_B,0
82,Supplier,SKU_C,0
82,Supplier,SKU_D,0
82,Supplier,SKU_E,0
82,W1,SKU_A,262
82,W1,SKU_B,145
82,W1,SKU_C,174
82,W1,SKU_D,100
82,W1,SKU_E,105
82,W2,SKU_A,184
82,W2,SKU_B,87
82,W2,SKU_C,139
82,W2,SKU_D,89
82,W2,SKU_E,88
82,R1,SKU_A,185
82,R1,SKU_B,126
82,R1,SKU_C,145
82,R1,SKU_D,85
82,R1,SKU_E,65
82,R2,SKU_A,137
82,R2,SKU_B,107
82,R2,SKU_C,80
82,R2,SKU_D,46
82,R2,SKU_E,73
82,R3,SKU_A,255
82,R3,SKU_B,114
82,R3,SKU_C,210
82,R3,SKU_D,126
82,R3,SKU_E,111
83,Supplier,SKU_A,0
83,Supplier,SKU_B,0
83,Supplier,SKU_C,0
83,Supplier,SKU_D,0
83,Supplier,SKU_E,0
83,W1,SKU_A,322
83,W1,SKU_B,233
83,W1,SKU_C,225
83,W1,SKU_D,131
83,W1,SKU_E,138
83,W2,SKU_A,255
83,W2,SKU_B,114
83,W2,SKU_C,210
83,W2,SKU_D,126
83,W2,SKU_E,111
83,R1,SKU_A,174
83,R1,SKU_B,115
83,R1,SKU_C,178
83,R1,SKU_D,107
83,R1,SKU_E,49
83,R2,SKU_A,128
83,R2,SKU_B,83
83,R2,SKU_C,77
83,R2,SKU_D,57
83,R2,SKU_E,46
83,R3,SKU_A,317
83,R3,SKU_B,86
83,R3,SKU_C,241
83,R3,SKU_D,136
83,R3,SKU_E,112
84,Supplier,SKU_A,0
84,Supplier,SKU_B,0
84,Supplier,SKU_C,0
84,Supplier,SKU_D,0
84,Supplier,SKU_E,0
84,W1,SKU_A,302
84,W1,SKU_B,198
84,W1,SKU_C,255
84,W1,SKU_D,164
84,W1,SKU_E,95
84,W2,SKU_A,317
84,W2,SKU_B,86
84,W2,SKU_C,241
84,W2,SKU_D,136
84,W2,SKU_E,112
84,R1,SKU_A,231
84,R1,SKU_B,112
84,R1,SKU_C,220
84,R1,SKU_D,96
84,R1,SKU_E,77
84,R2,SKU_A,123
84,R2,SKU_B,103
84,R2,SKU_C,98
84,R2,SKU_D,58
84,R2,SKU_E,71
84,R3,SKU_A,283
84,R3,SKU_B,106
84,R3,SKU_C,241
84,R3,SKU_D,122
84,R3,SKU_E,88
85,Supplier,SKU_A,0
85,Supplier,SKU_B,0
85,Supplier,SKU_C,0
85,Supplier,SKU_D,0
85,Supplier,SKU_E,0
85,W1,SKU_A,354
85,W1,SKU_B,215
85,W1,SKU_C,318
85,W1,SKU_D,154
85,W1,SKU_E,148
85,W2,SKU_A,283
85,W2,SKU_B,106
85,W2,SKU_C,241
85,W2,SKU_D,122
85,W2,SKU_E,88
85,R1,SKU_A,187
85,R1,SKU_B,88
85,R1,SKU_C,143
85,R1,SKU_D,65
85,R1,SKU_E,50
85,R2,SKU_A,88
85,R2,SKU_B,69
85,R2,SKU_C,82
85,R2,SKU_D,64
85,R2,SKU_E,41
85,R3,SKU_A,204
85,R3,SKU_B,73
85,R3,SKU_C,139
85,R3,SKU_D,97
85,R3,SKU_E,82
86,Supplier,SKU_A,0
86,Supplier,SKU_B,0
86,Supplier,SKU_C,0
86,Supplier,SKU_D,0
86,Supplier,SKU_E,0
86,W1,SKU_A,275
86,W1,SKU_B,157
86,W1,SKU_C,225
86,W1,SKU_D,129
86,W1,SKU_E,91
86,W2,SKU_A,204
86,W2,SKU_B,73
86,W2,SKU_C,139
86,W2,SKU_D,97
86,W2,SKU_E,82
86,R1,SKU_A,164
86,R1,SKU_B,67
86,R1,SKU_C,108
86,R1,SKU_D,63
86,R1,SKU_E,38
86,R2,SKU_A,124
86,R2,SKU_B,59
86,R2,SKU_C,55
86,R2,SKU_D,36
86,R2,SKU_E,48
86,R3,SKU_A,216
86,R3,SKU_B,66
86,R3,SKU_C,131
86,R3,SKU_D,74
86,R3,SKU_E,81
87,Supplier,SKU_A,0
87,Supplier,SKU_B,0
87,Supplier,SKU_C,0
87,Supplier,SKU_D,0
87,Supplier,SKU_E,0
87,W1,SKU_A,288
87,W1,SKU_B,126
87,W1,SKU_C,163
87,W1,SKU_D,99
87,W1,SKU_E,86
87,W2,SKU_A,216
87,W2,SKU_B,66
87,W2,SKU_C,131
87,W2,SKU_D,74
87,W2,SKU_E,81
87,R1,SKU_A,143
87,R1,SKU_B,71
87,R1,SKU_C,104
87,R1,SKU_D,70
87,R1,SKU_E,42
87,R2,SKU_A,78
87,R2,SKU_B,43
87,R2,SKU_C,33
87,R2,SKU_D,16
87,R2,SKU_E,52
87,R3,SKU_A,137
87,R3,SKU_B,62
87,R3,SKU_C,121
87,R3,SKU_D,85
87,R3,SKU_E,66
88,Supplier,SKU_A,0
88,Supplier,SKU_B,0
88,Supplier,SKU_C,0
88,Supplier,SKU_D,0
88,Supplier,SKU_E,0
88,W1,SKU_A,221
88,W1,SKU_B,114
88,W1,SKU_C,137
88,W1,SKU_D,86
88,W1,SKU_E,94
88,W2,SKU_A,137
88,W2,SKU_B,62
88,W2,SKU_C,121
88,W2,SKU_D,85
88,W2,SKU_E,66
88,R1,SKU_A,145
88,R1,SKU_B,84
88,R1,SKU_C,145
88,R1,SKU_D,67
88,R1,SKU_E,49
88,R2,SKU_A,106
88,R2,SKU_B,90
88,R2,SKU_C,46
88,R2,SKU_D,29
88,R2,SKU_E,37
88,R3,SKU_A,209
88,R3,SKU_B,76
88,R3,SKU_C,137
88,R3,SKU_D,99
88,R3,SKU_E,60
89,Supplier,SKU_A,0
89,Supplier,SKU_B,0
89,Supplier,SKU_C,0
89,Supplier,SKU_D,0
89,Supplier,SKU_E,0
89,W1,SKU_A,251
89,W1,SKU_B,174
89,W1,SKU_C,191
89,W1,SKU_D,96
89,W1,SKU_E,86
89,W2,SKU_A,209
89,W2,SKU_B,76
89,W2,SKU_C,137
89,W2,SKU_D,99
89,W2,SKU_E,60
89,R1,SKU_A,214
89,R1,SKU_B,95
89,R1,SKU_C,173
89,R1,SKU_D,76
89,R1,SKU_E,53
89,R2,SKU_A,116
89,R2,SKU_B,65
89,R2,SKU_C,55
89,R2,SKU_D,43
89,R2,SKU_E,43
89,R3,SKU_A,258
89,R3,SKU_B,83
89,R3,SKU_C,222
89,R3,SKU_D,129
89,R3,SKU_E,92
90,Supplier,SKU_A,0
90,Supplier,SKU_B,0
90,Supplier,SKU_C,0
90,Supplier,SKU_D,0
90,Supplier,SKU_E,0
90,W1,SKU_A,330
90,W1,SKU_B,160
90,W1,SKU_C,228
90,W1,SKU_D,119
90,W1,SKU_E,96
90,W2,SKU_A,258
90,W2,SKU_B,83
90,W2,SKU_C,222
90,W2,SKU_D,129
90,W2,SKU_E,92
90,R1,SKU_A,204
90,R1,SKU_B,123
90,R1,SKU_C,173
90,R1,SKU_D,93
90,R1,SKU_E,76
90,R2,SKU_A,123
90,R2,SKU_B,84
90,R2,SKU_C,76
90,R2,SKU_D,43
90,R2,SKU_E,40
90,R3,SKU_A,268
90,R3,SKU_B,73
90,R3,SKU_C,250
90,R3,SKU_D,142
90,R3,SKU_E,88
91,Supplier,SKU_A,0
91,Supplier,SKU_B,0
91,Supplier,SKU_C,0
91,Supplier,SKU_D,0
91,Supplier,SKU_E,0
91,W1,SKU_A,327
91,W1,SKU_B,207
91,W1,SKU_C,249
91,W1,SKU_D,136
91,W1,SKU_E,116
91,W2,SKU_A,268
91,W2,SKU_B,73
91,W2,SKU_C,250
91,W2,SKU_D,142
91,W2,SKU_E,88
91,R1,SKU_A,238
91,R1,SKU_B,98
91,R1,SKU_C,201
91,R1,SKU_D,90
91,R1,SKU_E,71
91,R2,SKU_A,112
91,R2,SKU_B,85
91,R2,SKU_C,60
91,R2,SKU_D,47
91,R2,SKU_E,46
91,R3,SKU_A,228
91,R3,SKU_B,113
91,R3,SKU_C,221
91,R3,SKU_D,116
91,R3,SKU_E,68
92,Supplier,SKU_A,0
92,Supplier,SKU_B,0
92,Supplier,SKU_C,0
92,Supplier,SKU_D,0
92,Supplier,SKU_E,0
92,W1,SKU_A,350
92,W1,SKU_B,183
92,W1,SKU_C,261
92,W1,SKU_D,137
92,W1,SKU_E,117
92,W2,SKU_A,228
92,W2,SKU_B,113
92,W2,SKU_C,221
92,W2,SKU_D,116
92,W2,SKU_E,68
92,R1,SKU_A,132
92,R1,SKU_B,83
92,R1,SKU_C,116
92,R1,SKU_D,66
92,R1,SKU_E,38
92,R2,SKU_A,113
92,R2,SKU_B,63
92,R2,SKU_C,49
92,R2,SKU_D,43
92,R2,SKU_E,40
92,R3,SKU_A,202
92,R3,SKU_B,71
92,R3,SKU_C,160
92,R3,SKU_D,103
92,R3,SKU_E,72
93,Supplier,SKU_A,0
93,Supplier,SKU_B,0
93,Supplier,SKU_C,0
93,Supplier,SKU_D,0
93,Supplier,SKU_E,0
93,W1,SKU_A,245
93,W1,SKU_B,146
93,W1,SKU_C,165
93,W1,SKU_D,109
93,W1,SKU_E,78
93,W2,SKU_A,202
93,W2,SKU_B,71
93,W2,SKU_C,160
93,W2,SKU_D,103
93,W2,SKU_E,72
93,R1,SKU_A,160
93,R1,SKU_B,112
93,R1,SKU_C,123
93,R1,SKU_D,66
93,R1,SKU_E,36
93,R2,SKU_A,107
93,R2,SKU_B,78
93,R2,SKU_C,89
93,R2,SKU_D,39
93,R2,SKU_E,42
93,R3,SKU_A,179
93,R3,SKU_B,71
93,R3,SKU_C,140
93,R3,SKU_D,100
93,R3,SKU_E,60
94,Supplier,SKU_A,0
94,Supplier,SKU_B,0
94,Supplier,SKU_C,0
94,Supplier,SKU_D,0
94,Supplier,SKU_E,0
94,W1,SKU_A,267
94,W1,SKU_B,190
94,W1,SKU_C,212
94,W1,SKU_D,105
94,W1,SKU_E,78
94,W2,SKU_A,179
94,W2,SKU_B,71
94,W2,SKU_C,140
94,W2,SKU_D,100
94,W2,SKU_E,60
94,R1,SKU_A,135
94,R1,SKU_B,70
94,R1,SKU_C,143
94,R1,SKU_D,49
94,R1,SKU_E,34
94,R2,SKU_A,82
94,R2,SKU_B,92
94,R2,SKU_C,52
94,R2,SKU_D,25
94,R2,SKU_E,37
94,R3,SKU_A,165
94,R3,SKU_B,89
94,R3,SKU_C,115
94,R3,SKU_D,75
94,R3,SKU_E,77
95,Supplier,SKU_A,0
95,Supplier,SKU_B,0
95,Supplier,SKU_C,0
95,Supplier,SKU_D,0
95,Supplier,SKU_E,0
95,W1,SKU_A,217
95,W1,SKU_B,162
95,W1,SKU_C,195
95,W1,SKU_D,74
95,W1,SKU_E,71
95,W2,SKU_A,165
95,W2,SKU_B,89
95,W2,SKU_C,115
95,W2,SKU_D,75
95,W2,SKU_E,77
95,R1,SKU_A,161
95,R1,SKU_B,68
95,R1,SKU_C,88
95,R1,SKU_D,64
95,R1,SKU_E,41
95,R2,SKU_A,123
95,R2,SKU_B,73
95,R2,SKU_C,60
95,R2,SKU_D,29
95,R2,SKU_E,36
95,R3,SKU_A,184
95,R3,SKU_B,71
95,R3,SKU_C,141
95,R3,SKU_D,93
95,R3,SKU_E,73
96,Supplier,SKU_A,0
96,Supplier,SKU_B,0
96,Supplier,SKU_C,0
96,Supplier,SKU_D,0
96,Supplier,SKU_E,0
96,W1,SKU_A,284
96,W1,SKU_B,141
96,W1,SKU_C,148
96,W1,SKU_D,93
96,W1,SKU_E,77
96,W2,SKU_A,184
96,W2,SKU_B,71
96,W2,SKU_C,141
96,W2,SKU_D,93
96,W2,SKU_E,73
96,R1,SKU_A,200
96,R1,SKU_B,112
96,R1,SKU_C,169
96,R1,SKU_D,78
96,R1,SKU_E,57
96,R2,SKU_A,92
96,R2,SKU_B,81
96,R2,SKU_C,59
96,R2,SKU_D,41
96,R2,SKU_E,60
96,R3,SKU_A,288
96,R3,SKU_B,94
96,R3,SKU_C,230
96,R3,SKU_D,144
96,R3,SKU_E,91
97,Supplier,SKU_A,0
97,Supplier,SKU_B,0
97,Supplier,SKU_C,0
97,Supplier,SKU_D,0
97,Supplier,SKU_E,0
97,W1,SKU_A,292
97,W1,SKU_B,193
97,W1,SKU_C,228
97,W1,SKU_D,119
97,W1,SKU_E,117
97,W2,SKU_A,288
97,W2,SKU_B,94
97,W2,SKU_C,230
97,W2,SKU_D,144
97,W2,SKU_E,91
97,R1,SKU_A,243
97,R1,SKU_B,152
97,R1,SKU_C,223
97,R1,SKU_D,105
97,R1,SKU_E,65
97,R2,SKU_A,126
97,R2,SKU_B,108
97,R2,SKU_C,87
97,R2,SKU_D,73
97,R2,SKU_E,63
97,R3,SKU_A,294
97,R3,SKU_B,102
97,R3,SKU_C,252
97,R3,SKU_D,165
97,R3,SKU_E,114
98,Supplier,SKU_A,0
98,Supplier,SKU_B,0
98,Supplier,SKU_C,0
98,Supplier,SKU_D,0
98,Supplier,SKU_E,0
98,W1,SKU_A,369
98,W1,SKU_B,260
98,W1,SKU_C,310
98,W1,SKU_D,178
98,W1,SKU_E,128
98,W2,SKU_A,294
98,W2,SKU_B,102
98,W2,SKU_C,252
98,W2,SKU_D,165
98,W2,SKU_E,114
98,R1,SKU_A,236
98,R1,SKU_B,103
98,R1,SKU_C,214
98,R1,SKU_D,101
98,R1,SKU_E,63
98,R2,SKU_A,123
98,R2,SKU_B,90
98,R2,SKU_C,86
98,R2,SKU_D,68
98,R2,SKU_E,65
98,R3,SKU_A,320
98,R3,SKU_B,119
98,R3,SKU_C,256
98,R3,SKU_D,119
98,R3,SKU_E,89
99,Supplier,SKU_A,0
99,Supplier,SKU_B,0
99,Supplier,SKU_C,0
99,Supplier,SKU_D,0
99,Supplier,SKU_E,0
99,W1,SKU_A,359
99,W1,SKU_B,193
99,W1,SKU_C,300
99,W1,SKU_D,169
99,W1,SKU_E,128
99,W2,SKU_A,320
99,W2,SKU_B,119
99,W2,SKU_C,256
99,W2,SKU_D,119
99,W2,SKU_E,89
99,R1,SKU_A,208
99,R1,SKU_B,87
99,R1,SKU_C,142
99,R1,SKU_D,71
99,R1,SKU_E,64
99,R2,SKU_A,106
99,R2,SKU_B,66
99,R2,SKU_C,60
99,R2,SKU_D,53
99,R2,SKU_E,54
99,R3,SKU_A,243
99,R3,SKU_B,76
99,R3,SKU_C,158
99,R3,SKU_D,109
99,R3,SKU_E,83
100,Supplier,SKU_A,0
100,Supplier,SKU_B,0
100,Supplier,SKU_C,0
100,Supplier,SKU_D,0
100,Supplier,SKU_E,0
100,W1,SKU_A,314
100,W1,SKU_B,153
100,W1,SKU_C,202
100,W1,SKU_D,124
100,W1,SKU_E,118
100,W2,SKU_A,243
100,W2,SKU_B,76
100,W2,SKU_C,158
100,W2,SKU_D,109
100,W2,SKU_E,83
100,R1,SKU_A,149
100,R1,SKU_B,66
100,R1,SKU_C,92
100,R1,SKU_D,69
100,R1,SKU_E,37
100,R2,SKU_A,103
100,R2,SKU_B,54
100,R2,SKU_C,54
100,R2,SKU_D,46
100,R2,SKU_E,49
100,R3,SKU_A,218
100,R3,SKU_B,87
100,R3,SKU_C,68
100,R3,SKU_D,113
100,R3,SKU_E,73
101,Supplier,SKU_A,0
101,Supplier,SKU_B,0
101,Supplier,SKU_C,0
101,Supplier,SKU_D,0
101,Supplier,SKU_E,0
101,W1,SKU_A,252
101,W1,SKU_B,120
101,W1,SKU_C,146
101,W1,SKU_D,115
101,W1,SKU_E,86
101,W2,SKU_A,218
101,W2,SKU_B,87
101,W2,SKU_C,68
101,W2,SKU_D,113
101,W2,SKU_E,73
101,R1,SKU_A,175
101,R1,SKU_B,63
101,R1,SKU_C,119
101,R1,SKU_D,74
101,R1,SKU_E,62
101,R2,SKU_A,112
101,R2,SKU_B,59
101,R2,SKU_C,62
101,R2,SKU_D,57
101,R2,SKU_E,46
101,R3,SKU_A,199
101,R3,SKU_B,59
101,R3,SKU_C,146
101,R3,SKU_D,128
101,R3,SKU_E,75
102,Supplier,SKU_A,0
102,Supplier,SKU_B,0
102,Supplier,SKU_C,0
102,Supplier,SKU_D,0
102,Supplier,SKU_E,0
102,W1,SKU_A,287
102,W1,SKU_B,122
102,W1,SKU_C,181
102,W1,SKU_D,131
102,W1,SKU_E,108
102,W2,SKU_A,199
102,W2,SKU_B,59
102,W2,SKU_C,146
102,W2,SKU_D,128
102,W2,SKU_E,75
102,R1,SKU_A,145
102,R1,SKU_B,80
102,R1,SKU_C,112
102,R1,SKU_D,56
102,R1,SKU_E,45
102,R2,SKU_A,106
102,R2,SKU_B,66
102,R2,SKU_C,55
102,R2,SKU_D,51
102,R2,SKU_E,43
102,R3,SKU_A,210
102,R3,SKU_B,82
102,R3,SKU_C,176
102,R3,SKU_D,115
102,R3,SKU_E,77
103,Supplier,SKU_A,0
103,Supplier,SKU_B,0
103,Supplier,SKU_C,0
103,Supplier,SKU_D,0
103,Supplier,SKU_E,0
103,W1,SKU_A,251
103,W1,SKU_B,146
103,W1,SKU_C,167
103,W1,SKU_D,107
103,W1,SKU_E,88
103,W2,SKU_A,210
103,W2,SKU_B,82
103,W2,SKU_C,176
103,W2,SKU_D,115
103,W2,SKU_E,77
103,R1,SKU_A,178
103,R1,SKU_B,117
103,R1,SKU_C,174
103,R1,SKU_D,90
103,R1,SKU_E,58
103,R2,SKU_A,120
103,R2,SKU_B,72
103,R2,SKU_C,58
103,R2,SKU_D,63
103,R2,SKU_E,53
103,R3,SKU_A,240
103,R3,SKU_B,54
103,R3,SKU_C,233
103,R3,SKU_D,121
103,R3,SKU_E,104
104,Supplier,SKU_A,0
104,Supplier,SKU_B,0
104,Supplier,SKU_C,0
104,Supplier,SKU_D,0
104,Supplier,SKU_E,0
104,W1,SKU_A,298
104,W1,SKU_B,189
104,W1,SKU_C,232
104,W1,SKU_D,153
104,W1,SKU_E,111
104,W2,SKU_A,240
104,W2,SKU_B,54
104,W2,SKU_C,233
104,W2,SKU_D,121
104,W2,SKU_E,104
104,R1,SKU_A,226
104,R1,SKU_B,115
104,R1,SKU_C,221
104,R1,SKU_D,97
104,R1,SKU_E,65
104,R2,SKU_A,113
104,R2,SKU_B,105
104,R2,SKU_C,79
104,R2,SKU_D,65
104,R2,SKU_E,68
104,R3,SKU_A,301
104,R3,SKU_B,84
104,R3,SKU_C,255
104,R3,SKU_D,160
104,R3,SKU_E,90
105,Supplier,SKU_A,0
105,Supplier,SKU_B,0
105,Supplier,SKU_C,0
105,Supplier,SKU_D,0
105,Supplier,SKU_E,0
105,W1,SKU_A,339
105,W1,SKU_B,220
105,W1,SKU_C,300
105,W1,SKU_D,162
105,W1,SKU_E,133
105,W2,SKU_A,301
105,W2,SKU_B,84
105,W2,SKU_C,255
105,W2,SKU_D,160
105,W2,SKU_E,90
105,R1,SKU_A,269
105,R1,SKU_B,113
105,R1,SKU_C,271
105,R1,SKU_D,114
105,R1,SKU_E,60
105,R2,SKU_A,139
105,R2,SKU_B,92
105,R2,SKU_C,91
105,R2,SKU_D,83
105,R2,SKU_E,54
105,R3,SKU_A,329
105,R3,SKU_B,78
105,R3,SKU_C,292
105,R3,SKU_D,144
105,R3,SKU_E,100
106,Supplier,SKU_A,0
106,Supplier,SKU_B,0
106,Supplier,SKU_C,0
106,Supplier,SKU_D,0
106,Supplier,SKU_E,0
106,W1,SKU_A,408
106,W1,SKU_B,205
106,W1,SKU_C,362
106,W1,SKU_D,197
106,W1,SKU_E,114
106,W2,SKU_A,329
106,W2,SKU_B,78
106,W2,SKU_C,292
106,W2,SKU_D,144
106,W2,SKU_E,100
106,R1,SKU_A,161
106,R1,SKU_B,81
106,R1,SKU_C,141
106,R1,SKU_D,84
106,R1,SKU_E,53
106,R2,SKU_A,135
106,R2,SKU_B,80
106,R2,SKU_C,83
106,R2,SKU_D,38
106,R2,SKU_E,53
106,R3,SKU_A,248
106,R3,SKU_B,79
106,R3,SKU_C,149
106,R3,SKU_D,91
106,R3,SKU_E,54
107,Supplier,SKU_A,0
107,Supplier,SKU_B,0
107,Supplier,SKU_C,0
107,Supplier,SKU_D,0
107,Supplier,SKU_E,0
107,W1,SKU_A,296
107,W1,SKU_B,161
107,W1,SKU_C,224
107,W1,SKU_D,122
107,W1,SKU_E,106
107,W2,SKU_A,248
107,W2,SKU_B,79
107,W2,SKU_C,149
107,W2,SKU_D,91
107,W2,SKU_E,54
107,R1,SKU_A,189
107,R1,SKU_B,78
107,R1,SKU_C,133
107,R1,SKU_D,69
107,R1,SKU_E,46
107,R2,SKU_A,104
107,R2,SKU_B,69
107,R2,SKU_C,52
107,R2,SKU_D,51
107,R2,SKU_E,47
107,R3,SKU_A,202
107,R3,SKU_B,89
107,R3,SKU_C,120
107,R3,SKU_D,84
107,R3,SKU_E,67
108,Supplier,SKU_A,0
108,Supplier,SKU_B,0
108,Supplier,SKU_C,0
108,Supplier,SKU_D,0
108,Supplier,SKU_E,0
108,W1,SKU_A,293
108,W1,SKU_B,147
108,W1,SKU_C,185
108,W1,SKU_D,120
108,W1,SKU_E,93
108,W2,SKU_A,202
108,W2,SKU_B,89
108,W2,SKU_C,120
108,W2,SKU_D,84
108,W2,SKU_E,67
108,R1,SKU_A,194
108,R1,SKU_B,55
108,R1,SKU_C,174
108,R1,SKU_D,67
108,R1,SKU_E,49
108,R2,SKU_A,117
108,R2,SKU_B,75
108,R2,SKU_C,70
108,R2,SKU_D,40
108,R2,SKU_E,54
108,R3,SKU_A,204
108,R3,SKU_B,72
108,R3,SKU_C,160
108,R3,SKU_D,89
108,R3,SKU_E,91
109,Supplier,SKU_A,0
109,Supplier,SKU_B,0
109,Supplier,SKU_C,0
109,Supplier,SKU_D,0
109,Supplier,SKU_E,0
109,W1,SKU_A,311
109,W1,SKU_B,130
109,W1,SKU_C,244
109,W1,SKU_D,107
109,W1,SKU_E,103
109,W2,SKU_A,204
109,W2,SKU_B,72
109,W2,SKU_C,160
109,W2,SKU_D,89
109,W2,SKU_E,91
109,R1,SKU_A,162
109,R1,SKU_B,84
109,R1,SKU_C,107
109,R1,SKU_D,89
109,R1,SKU_E,45
109,R2,SKU_A,117
109,R2,SKU_B,60
109,R2,SKU_C,55
109,R2,SKU_D,61
109,R2,SKU_E,50
109,R3,SKU_A,239
109,R3,SKU_B,85
109,R3,SKU_C,174
109,R3,SKU_D,99
109,R3,SKU_E,92
110,Supplier,SKU_A,0
110,Supplier,SKU_B,0
110,Supplier,SKU_C,0
110,Supplier,SKU_D,0
110,Supplier,SKU_E,0
110,W1,SKU_A,279
110,W1,SKU_B,144
110,W1,SKU_C,162
110,W1,SKU_D,150
110,W1,SKU_E,95
110,W2,SKU_A,239
110,W2,SKU_B,85
110,W2,SKU_C,174
110,W2,SKU_D,99
110,W2,SKU_E,92
110,R1,SKU_A,216
110,R1,SKU_B,99
110,R1,SKU_C,159
110,R1,SKU_D,93
110,R1,SKU_E,42
110,R2,SKU_A,136
110,R2,SKU_B,96
110,R2,SKU_C,59
110,R2,SKU_D,46
110,R2,SKU_E,57
110,R3,SKU_A,274
110,R3,SKU_B,86
110,R3,SKU_C,221
110,R3,SKU_D,125
110,R3,SKU_E,125
111,Supplier,SKU_A,0
111,Supplier,SKU_B,0
111,Supplier,SKU_C,0
111,Supplier,SKU_D,0
111,Supplier,SKU_E,0
111,W1,SKU_A,352
111,W1,SKU_B,195
111,W1,SKU_C,218
111,W1,SKU_D,139
111,W1,SKU_E,99
111,W2,SKU_A,274
111,W2,SKU_B,86
111,W2,SKU_C,221
111,W2,SKU_D,125
111,W2,SKU_E,125
111,R1,SKU_A,251
111,R1,SKU_B,171
111,R1,SKU_C,247
111,R1,SKU_D,97
111,R1,SKU_E,52
111,R2,SKU_A,180
111,R2,SKU_B,131
111,R2,SKU_C,151
111,R2,SKU_D,80
111,R2,SKU_E,52
111,R3,SKU_A,331
111,R3,SKU_B,94
111,R3,SKU_C,275
111,R3,SKU_D,159
111,R3,SKU_E,110
112,Supplier,SKU_A,0
112,Supplier,SKU_B,0
112,Supplier,SKU_C,0
112,Supplier,SKU_D,0
112,Supplier,SKU_E,0
112,W1,SKU_A,431
112,W1,SKU_B,302
112,W1,SKU_C,398
112,W1,SKU_D,177
112,W1,SKU_E,104
112,W2,SKU_A,331
112,W2,SKU_B,94
112,W2,SKU_C,275
112,W2,SKU_D,159
112,W2,SKU_E,110
112,R1,SKU_A,258
112,R1,SKU_B,159
112,R1,SKU_C,308
112,R1,SKU_D,119
112,R1,SKU_E,86
112,R2,SKU_A,156
112,R2,SKU_B,145
112,R2,SKU_C,112
112,R2,SKU_D,70
112,R2,SKU_E,82
112,R3,SKU_A,320
112,R3,SKU_B,110
112,R3,SKU_C,229
112,R3,SKU_D,126
112,R3,SKU_E,119
113,Supplier,SKU_A,0
113,Supplier,SKU_B,0
113,Supplier,SKU_C,0
113,Supplier,SKU_D,0
113,Supplier,SKU_E,0
113,W1,SKU_A,414
113,W1,SKU_B,304
113,W1,SKU_C,420
113,W1,SKU_D,189
113,W1,SKU_E,168
113,W2,SKU_A,320
113,W2,SKU_B,110
113,W2,SKU_C,229
113,W2,SKU_D,126
113,W2,SKU_E,119
113,R1,SKU_A,168
113,R1,SKU_B,100
113,R1,SKU_C,154
113,R1,SKU_D,104
113,R1,SKU_E,60
113,R2,SKU_A,138
113,R2,SKU_B,71
113,R2,SKU_C,95
113,R2,SKU_D,40
113,R2,SKU_E,45
113,R3,SKU_A,211
113,R3,SKU_B,101
113,R3,SKU_C,128
113,R3,SKU_D,110
113,R3,SKU_E,109
114,Supplier,SKU_A,0
114,Supplier,SKU_B,0
114,Supplier,SKU_C,0
114,Supplier,SKU_D,0
114,Supplier,SKU_E,0
114,W1,SKU_A,306
114,W1,SKU_B,171
114,W1,SKU_C,249
114,W1,SKU_D,144
114,W1,SKU_E,105
114,W2,SKU_A,211
114,W2,SKU_B,101
114,W2,SKU_C,128
114,W2,SKU_D,110
114,W2,SKU_E,109
114,R1,SKU_A,176
114,R1,SKU_B,89
114,R1,SKU_C,110
114,R1,SKU_D,83
114,R1,SKU_E,58
114,R2,SKU_A,131
114,R2,SKU_B,68
114,R2,SKU_C,59
114,R2,SKU_D,44
114,R2,SKU_E,55
114,R3,SKU_A,233
114,R3,SKU_B,81
114,R3,SKU_C,165
114,R3,SKU_D,102
114,R3,SKU_E,73
115,Supplier,SKU_A,0
115,Supplier,SKU_B,0
115,Supplier,SKU_C,0
115,Supplier,SKU_D,0
115,Supplier,SKU_E,0
115,W1,SKU_A,307
115,W1,SKU_B,157
115,W1,SKU_C,169
115,W1,SKU_D,127
115,W1,SKU_E,113
115,W2,SKU_A,233
115,W2,SKU_B,81
115,W2,SKU_C,165
115,W2,SKU_D,102
115,W2,SKU_E,73
115,R1,SKU_A,148
115,R1,SKU_B,86
115,R1,SKU_C,124
115,R1,SKU_D,64
115,R1,SKU_E,47
115,R2,SKU_A,92
115,R2,SKU_B,47
115,R2,SKU_C,48
115,R2,SKU_D,31
115,R2,SKU_E,52
115,R3,SKU_A,184
115,R3,SKU_B,40
115,R3,SKU_C,105
115,R3,SKU_D,90
115,R3,SKU_E,76
116,Supplier,SKU_A,0
116,Supplier,SKU_B,0
116,Supplier,SKU_C,0
116,Supplier,SKU_D,0
116,Supplier,SKU_E,0
116,W1,SKU_A,240
116,W1,SKU_B,133
116,W1,SKU_C,172
116,W1,SKU_D,95
116,W1,SKU_E,99
116,W2,SKU_A,184
116,W2,SKU_B,40
116,W2,SKU_C,105
116,W2,SKU_D,90
116,W2,SKU_E,76
116,R1,SKU_A,126
116,R1,SKU_B,56
116,R1,SKU_C,105
116,R1,SKU_D,59
116,R1,SKU_E,44
116,R2,SKU_A,73
116,R2,SKU_B,64
116,R2,SKU_C,54
116,R2,SKU_D,33
116,R2,SKU_E,42
116,R3,SKU_A,153
116,R3,SKU_B,61
116,R3,SKU_C,66
116,R3,SKU_D,79
116,R3,SKU_E,72
117,Supplier,SKU_A,0
117,Supplier,SKU_B,0
117,Supplier,SKU_C,0
117,Supplier,SKU_D,0
117,Supplier,SKU_E,0
117,W1,SKU_A,199
117,W1,SKU_B,120
117,W1,SKU_C,159
117,W1,SKU_D,92
117,W1,SKU_E,86
117,W2,SKU_A,153
117,W2,SKU_B,61
117,W2,SKU_C,66
117,W2,SKU_D,79
117,W2,SKU_E,72
117,R1,SKU_A,165
117,R1,SKU_B,104
117,R1,SKU_C,134
117,R1,SKU_D,58
117,R1,SKU_E,47
117,R2,SKU_A,91
117,R2,SKU_B,71
117,R2,SKU_C,46
117,R2,SKU_D,51
117,R2,SKU_E,52
117,R3,SKU_A,274
117,R3,SKU_B,110
117,R3,SKU_C,143
117,R3,SKU_D,124
117,R3,SKU_E,120
118,Supplier,SKU_A,0
118,Supplier,SKU_B,0
118,Supplier,SKU_C,0
118,Supplier,SKU_D,0
118,Supplier,SKU_E,0
118,W1,SKU_A,256
118,W1,SKU_B,175
118,W1,SKU_C,180
118,W1,SKU_D,109
118,W1,SKU_E,99
118,W2,SKU_A,274
118,W2,SKU_B,110
118,W2,SKU_C,143
118,W2,SKU_D,124
118,W2,SKU_E,120
118,R1,SKU_A,241
118,R1,SKU_B,123
118,R1,SKU_C,240
118,R1,SKU_D,109
118,R1,SKU_E,52
118,R2,SKU_A,93
118,R2,SKU_B,84
118,R2,SKU_C,81
118,R2,SKU_D,57
118,R2,SKU_E,57
118,R3,SKU_A,367
118,R3,SKU_B,94
118,R3,SKU_C,220
118,R3,SKU_D,154
118,R3,SKU_E,96
119,Supplier,SKU_A,0
119,Supplier,SKU_B,0
119,Supplier,SKU_C,0
119,Supplier,SKU_D,0
119,Supplier,SKU_E,0
119,W1,SKU_A,334
119,W1,SKU_B,207
119,W1,SKU_C,321
119,W1,SKU_D,166
119,W1,SKU_E,109
119,W2,SKU_A,367
119,W2,SKU_B,94
119,W2,SKU_C,220
119,W2,SKU_D,154
119,W2,SKU_E,96
119,R1,SKU_A,281
119,R1,SKU_B,110
119,R1,SKU_C,164
119,R1,SKU_D,95
119,R1,SKU_E,70
119,R2,SKU_A,142
119,R2,SKU_B,80
119,R2,SKU_C,98
119,R2,SKU_D,63
119,R2,SKU_E,58
119,R3,SKU_A,378
119,R3,SKU_B,122
119,R3,SKU_C,337
119,R3,SKU_D,140
119,R3,SKU_E,98
120,Supplier,SKU_A,0
120,Supplier,SKU_B,0
120,Supplier,SKU_C,0
120,Supplier,SKU_D,0
120,Supplier,SKU_E,0
120,W1,SKU_A,423
120,W1,SKU_B,190
120,W1,SKU_C,262
120,W1,SKU_D,158
120,W1,SKU_E,128
120,W2,SKU_A,378
120,W2,SKU_B,122
120,W2,SKU_C,337
120,W2,SKU_D,140
120,W2,SKU_E,98
120,R1,SKU_A,166
120,R1,SKU_B,64
120,R1,SKU_C,112
120,R1,SKU_D,69
120,R1,SKU_E,64
120,R2,SKU_A,106
120,R2,SKU_B,70
120,R2,SKU_C,56
120,R2,SKU_D,34
120,R2,SKU_E,41
120,R3,SKU_A,225
120,R3,SKU_B,91
120,R3,SKU_C,194
120,R3,SKU_D,84
120,R3,SKU_E,90
121,Supplier,SKU_A,0
121,Supplier,SKU_B,0
121,Supplier,SKU_C,0
121,Supplier,SKU_D,0
121,Supplier,SKU_E,0
121,W1,SKU_A,272
121,W1,SKU_B,134
121,W1,SKU_C,168
121,W1,SKU_D,103
121,W1,SKU_E,105
121,W2,SKU_A,225
121,W2,SKU_B,91
121,W2,SKU_C,194
121,W2,SKU_D,84
121,W2,SKU_E,90
121,R1,SKU_A,104
121,R1,SKU_B,52
121,R1,SKU_C,103
121,R1,SKU_D,54
121,R1,SKU_E,23
121,R2,SKU_A,100
121,R2,SKU_B,59
121,R2,SKU_C,66
121,R2,SKU_D,49
121,R2,SKU_E,34
121,R3,SKU_A,170
121,R3,SKU_B,64
121,R3,SKU_C,105
121,R3,SKU_D,66
121,R3,SKU_E,64
122,Supplier,SKU_A,0
122,Supplier,SKU_B,0
122,Supplier,SKU_C,0
122,Supplier,SKU_D,0
122,Supplier,SKU_E,0
122,W1,SKU_A,204
122,W1,SKU_B,111
122,W1,SKU_C,169
122,W1,SKU_D,103
122,W1,SKU_E,57
122,W2,SKU_A,170
122,W2,SKU_B,64
122,W2,SKU_C,105
122,W2,SKU_D,66
122,W2,SKU_E,64
122,R1,SKU_A,136
122,R1,SKU_B,70
122,R1,SKU_C,119
122,R1,SKU_D,59
122,R1,SKU_E,49
122,R2,SKU_A,109
122,R2,SKU_B,63
122,R2,SKU_C,61
122,R2,SKU_D,49
122,R2,SKU_E,35
122,R3,SKU_A,152
122,R3,SKU_B,83
122,R3,SKU_C,116
122,R3,SKU_D,66
122,R3,SKU_E,59
123,Supplier,SKU_A,0
123,Supplier,SKU_B,0
123,Supplier,SKU_C,0
123,Supplier,SKU_D,0
123,Supplier,SKU_E,0
123,W1,SKU_A,245
123,W1,SKU_B,133
123,W1,SKU_C,180
123,W1,SKU_D,108
123,W1,SKU_E,84
123,W2,SKU_A,152
123,W2,SKU_B,83
123,W2,SKU_C,116
123,W2,SKU_D,66
123,W2,SKU_E,59
123,R1,SKU_A,168
123,R1,SKU_B,66
123,R1,SKU_C,109
123,R1,SKU_D,48
123,R1,SKU_E,41
123,R2,SKU_A,97
123,R2,SKU_B,83
123,R2,SKU_C,81
123,R2,SKU_D,47
123,R2,SKU_E,42
123,R3,SKU_A,176
123,R3,SKU_B,80
123,R3,SKU_C,146
123,R3,SKU_D,86
123,R3,SKU_E,95
124,Supplier,SKU_A,0
124,Supplier,SKU_B,0
124,Supplier,SKU_C,0
124,Supplier,SKU_D,0
124,Supplier,SKU_E,0
124,W1,SKU_A,265
124,W1,SKU_B,149
124,W1,SKU_C,190
124,W1,SKU_D,95
124,W1,SKU_E,83
124,W2,SKU_A,176
124,W2,SKU_B,80
124,W2,SKU_C,146
124,W2,SKU_D,86
124,W2,SKU_E,95
124,R1,SKU_A,158
124,R1,SKU_B,90
124,R1,SKU_C,146
124,R1,SKU_D,74
124,R1,SKU_E,46
124,R2,SKU_A,111
124,R2,SKU_B,90
124,R2,SKU_C,101
124,R2,SKU_D,54
124,R2,SKU_E,49
124,R3,SKU_A,179
124,R3,SKU_B,97
124,R3,SKU_C,131
124,R3,SKU_D,96
124,R3,SKU_E,78
125,Supplier,SKU_A,0
125,Supplier,SKU_B,0
125,Supplier,SKU_C,0
125,Supplier,SKU_D,0
125,Supplier,SKU_E,0
125,W1,SKU_A,269
125,W1,SKU_B,180
125,W1,SKU_C,247
125,W1,SKU_D,128
125,W1,SKU_E,95
125,W2,SKU_A,179
125,W2,SKU_B,97
125,W2,SKU_C,131
125,W2,SKU_D,96
125,W2,SKU_E,78
125,R1,SKU_A,239
125,R1,SKU_B,110
125,R1,SKU_C,192
125,R1,SKU_D,98
125,R1,SKU_E,46
125,R2,SKU_A,127
125,R2,SKU_B,77
125,R2,SKU_C,75
125,R2,SKU_D,61
125,R2,SKU_E,42
125,R3,SKU_A,215
125,R3,SKU_B,100
125,R3,SKU_C,172
125,R3,SKU_D,133
125,R3,SKU_E,103
126,Supplier,SKU_A,0
126,Supplier,SKU_B,0
126,Supplier,SKU_C,0
126,Supplier,SKU_D,0
126,Supplier,SKU_E,0
126,W1,SKU_A,366
126,W1,SKU_B,187
126,W1,SKU_C,267
126,W1,SKU_D,159
126,W1,SKU_E,88
126,W2,SKU_A,215
126,W2,SKU_B,100
126,W2,SKU_C,172
126,W2,SKU_D,133
126,W2,SKU_E,103
126,R1,SKU_A,230
126,R1,SKU_B,113
126,R1,SKU_C,175
126,R1,SKU_D,107
126,R1,SKU_E,62
126,R2,SKU_A,127
126,R2,SKU_B,77
126,R2,SKU_C,83
126,R2,SKU_D,67
126,R2,SKU_E,64
126,R3,SKU_A,210
126,R3,SKU_B,73
126,R3,SKU_C,166
126,R3,SKU_D,114
126,R3,SKU_E,101
127,Supplier,SKU_A,0
127,Supplier,SKU_B,0
127,Supplier,SKU_C,0
127,Supplier,SKU_D,0
127,Supplier,SKU_E,0
127,W1,SKU_A,357
127,W1,SKU_B,190
127,W1,SKU_C,258
127,W1,SKU_D,174
127,W1,SKU_E,126
127,W2,SKU_A,210
127,W2,SKU_B,73
127,W2,SKU_C,166
127,W2,SKU_D,114
127,W2,SKU_E,101
127,R1,SKU_A,139
127,R1,SKU_B,76
127,R1,SKU_C,112
127,R1,SKU_D,54
127,R1,SKU_E,36
127,R2,SKU_A,112
127,R2,SKU_B,79
127,R2,SKU_C,57
127,R2,SKU_D,38
127,R2,SKU_E,48
127,R3,SKU_A,147
127,R3,SKU_B,74
127,R3,SKU_C,101
127,R3,SKU_D,102
127,R3,SKU_E,95
128,Supplier,SKU_A,0
128,Supplier,SKU_B,0
128,Supplier,SKU_C,0
128,Supplier,SKU_D,0
128,Supplier,SKU_E,0
128,W1,SKU_A,251
128,W1,SKU_B,155
128,W1,SKU_C,169
128,W1,SKU_D,92
128,W1,SKU_E,84
128,W2,SKU_A,147
128,W2,SKU_B,74
128,W2,SKU_C,101
128,W2,SKU_D,102
128,W2,SKU_E,95
128,R1,SKU_A,148
128,R1,SKU_B,65
128,R1,SKU_C,101
128,R1,SKU_D,64
128,R1,SKU_E,37
128,R2,SKU_A,118
128,R2,SKU_B,81
128,R2,SKU_C,56
128,R2,SKU_D,60
128,R2,SKU_E,75
128,R3,SKU_A,178
128,R3,SKU_B,75
128,R3,SKU_C,108
128,R3,SKU_D,85
128,R3,SKU_E,99
129,Supplier,SKU_A,0
129,Supplier,SKU_B,0
129,Supplier,SKU_C,0
129,Supplier,SKU_D,0
129,Supplier,SKU_E,0
129,W1,SKU_A,266
129,W1,SKU_B,146
129,W1,SKU_C,157
129,W1,SKU_D,124
129,W1,SKU_E,112
129,W2,SKU_A,178
129,W2,SKU_B,75
129,W2,SKU_C,108
129,W2,SKU_D,85
129,W2,SKU_E,99
129,R1,SKU_A,154
129,R1,SKU_B,76
129,R1,SKU_C,94
129,R1,SKU_D,75
129,R1,SKU_E,27
129,R2,SKU_A,101
129,R2,SKU_B,64
129,R2,SKU_C,31
129,R2,SKU_D,45
129,R2,SKU_E,49
129,R3,SKU_A,179
129,R3,SKU_B,55
129,R3,SKU_C,134
129,R3,SKU_D,87
129,R3,SKU_E,77
130,Supplier,SKU_A,0
130,Supplier,SKU_B,0
130,Supplier,SKU_C,0
130,Supplier,SKU_D,0
130,Supplier,SKU_E,0
130,W1,SKU_A,255
130,W1,SKU_B,140
130,W1,SKU_C,125
130,W1,SKU_D,120
130,W1,SKU_E,76
130,W2,SKU_A,179
130,W2,SKU_B,55
130,W2,SKU_C,134
130,W2,SKU_D,87
130,W2,SKU_E,77
130,R1,SKU_A,148
130,R1,SKU_B,80
130,R1,SKU_C,98
130,R1,SKU_D,50
130,R1,SKU_E,47
130,R2,SKU_A,104
130,R2,SKU_B,47
130,R2,SKU_C,50
130,R2,SKU_D,59
130,R2,SKU_E,39
130,R3,SKU_A,167
130,R3,SKU_B,67
130,R3,SKU_C,133
130,R3,SKU_D,104
130,R3,SKU_E,78
131,Supplier,SKU_A,0
131,Supplier,SKU_B,0
131,Supplier,SKU_C,0
131,Supplier,SKU_D,0
131,Supplier,SKU_E,0
131,W1,SKU_A,252
131,W1,SKU_B,127
131,W1,SKU_C,148
131,W1,SKU_D,109
131,W1,SKU_E,86
131,W2,SKU_A,167
131,W2,SKU_B,67
131,W2,SKU_C,133
131,W2,SKU_D,104
131,W2,SKU_E,78
131,R1,SKU_A,156
131,R1,SKU_B,77
131,R1,SKU_C,111
131,R1,SKU_D,81
131,R1,SKU_E,39
131,R2,SKU_A,110
131,R2,SKU_B,84
131,R2,SKU_C,34
131,R2,SKU_D,37
131,R2,SKU_E,49
131,R3,SKU_A,194
131,R3,SKU_B,80
131,R3,SKU_C,115
131,R3,SKU_D,92
131,R3,SKU_E,95
132,Supplier,SKU_A,0
132,Supplier,SKU_B,0
132,Supplier,SKU_C,0
132,Supplier,SKU_D,0
132,Supplier,SKU_E,0
132,W1,SKU_A,266
132,W1,SKU_B,161
132,W1,SKU_C,145
132,W1,SKU_D,118
132,W1,SKU_E,88
132,W2,SKU_A,194
132,W2,SKU_B,80
132,W2,SKU_C,115
132,W2,SKU_D,92
132,W2,SKU_E,95
132,R1,SKU_A,185
132,R1,SKU_B,93
132,R1,SKU_C,197
132,R1,SKU_D,90
132,R1,SKU_E,51
132,R2,SKU_A,137
132,R2,SKU_B,75
132,R2,SKU_C,72
132,R2,SKU_D,45
132,R2,SKU_E,54
132,R3,SKU_A,241
132,R3,SKU_B,104
132,R3,SKU_C,194
132,R3,SKU_D,128
132,R3,SKU_E,79
133,Supplier,SKU_A,0
133,Supplier,SKU_B,0
133,Supplier,SKU_C,0
133,Supplier,SKU_D,0
133,Supplier,SKU_E,0
133,W1,SKU_A,322
133,W1,SKU_B,168
133,W1,SKU_C,269
133,W1,SKU_D,135
133,W1,SKU_E,105
133,W2,SKU_A,241
133,W2,SKU_B,104
133,W2,SKU_C,194
133,W2,SKU_D,128
133,W2,SKU_E,79
133,R1,SKU_A,223
133,R1,SKU_B,116
133,R1,SKU_C,245
133,R1,SKU_D,90
133,R1,SKU_E,55
133,R2,SKU_A,137
133,R2,SKU_B,106
133,R2,SKU_C,66
133,R2,SKU_D,71
133,R2,SKU_E,54
133,R3,SKU_A,248
133,R3,SKU_B,86
133,R3,SKU_C,222
133,R3,SKU_D,144
133,R3,SKU_E,107
134,Supplier,SKU_A,0
134,Supplier,SKU_B,0
134,Supplier,SKU_C,0
134,Supplier,SKU_D,0
134,Supplier,SKU_E,0
134,W1,SKU_A,360
134,W1,SKU_B,222
134,W1,SKU_C,311
134,W1,SKU_D,161
134,W1,SKU_E,109
134,W2,SKU_A,248
134,W2,SKU_B,86
134,W2,SKU_C,222
134,W2,SKU_D,144
134,W2,SKU_E,107
134,R1,SKU_A,165
134,R1,SKU_B,132
134,R1,SKU_C,181
134,R1,SKU_D,77
134,R1,SKU_E,53
134,R2,SKU_A,127
134,R2,SKU_B,81
134,R2,SKU_C,96
134,R2,SKU_D,65
134,R2,SKU_E,57
134,R3,SKU_A,221
134,R3,SKU_B,78
134,R3,SKU_C,178
134,R3,SKU_D,108
134,R3,SKU_E,92
135,Supplier,SKU_A,0
135,Supplier,SKU_B,0
135,Supplier,SKU_C,0
135,Supplier,SKU_D,0
135,Supplier,SKU_E,0
135,W1,SKU_A,292
135,W1,SKU_B,213
135,W1,SKU_C,277
135,W1,SKU_D,142
135,W1,SKU_E,110
135,W2,SKU_A,221
135,W2,SKU_B,78
135,W2,SKU_C,178
135,W2,SKU_D,108
135,W2,SKU_E,92
135,R1,SKU_A,145
135,R1,SKU_B,65
135,R1,SKU_C,126
135,R1,SKU_D,67
135,R1,SKU_E,27
135,R2,SKU_A,119
135,R2,SKU_B,72
135,R2,SKU_C,75
135,R2,SKU_D,49
135,R2,SKU_E,62
135,R3,SKU_A,128
135,R3,SKU_B,21
135,R3,SKU_C,102
135,R3,SKU_D,92
135,R3,SKU_E,64
136,Supplier,SKU_A,0
136,Supplier,SKU_B,0
136,Supplier,SKU_C,0
136,Supplier,SKU_D,0
136,Supplier,SKU_E,0
136,W1,SKU_A,264
136,W1,SKU_B,137
136,W1,SKU_C,201
136,W1,SKU_D,116
136,W1,SKU_E,89
136,W2,SKU_A,128
136,W2,SKU_B,21
136,W2,SKU_C,102
136,W2,SKU_D,92
136,W2,SKU_E,64
136,R1,SKU_A,135
136,R1,SKU_B,66
136,R1,SKU_C,123
136,R1,SKU_D,51
136,R1,SKU_E,31
136,R2,SKU_A,113
136,R2,SKU_B,84
136,R2,SKU_C,56
136,R2,SKU_D,35
136,R2,SKU_E,60
136,R3,SKU_A,174
136,R3,SKU_B,66
136,R3,SKU_C,85
136,R3,SKU_D,94
136,R3,SKU_E,75
137,Supplier,SKU_A,0
137,Supplier,SKU_B,0
137,Supplier,SKU_C,0
137,Supplier,SKU_D,0
137,Supplier,SKU_E,0
137,W1,SKU_A,248
137,W1,SKU_B,150
137,W1,SKU_C,179
137,W1,SKU_D,86
137,W1,SKU_E,91
137,W2,SKU_A,174
137,W2,SKU_B,66
137,W2,SKU_C,85
137,W2,SKU_D,94
137,W2,SKU_E,75
137,R1,SKU_A,140
137,R1,SKU_B,83
137,R1,SKU_C,110
137,R1,SKU_D,63
137,R1,SKU_E,36
137,R2,SKU_A,117
137,R2,SKU_B,62
137,R2,SKU_C,74
137,R2,SKU_D,60
137,R2,SKU_E,42
137,R3,SKU_A,137
137,R3,SKU_B,51
137,R3,SKU_C,94
137,R3,SKU_D,82
137,R3,SKU_E,74
138,Supplier,SKU_A,0
138,Supplier,SKU_B,0
138,Supplier,SKU_C,0
138,Supplier,SKU_D,0
138,Supplier,SKU_E,0
138,W1,SKU_A,257
138,W1,SKU_B,145
138,W1,SKU_C,184
138,W1,SKU_D,123
138,W1,SKU_E,78
138,W2,SKU_A,137
138,W2,SKU_B,51
138,W2,SKU_C,94
138,W2,SKU_D,82
138,W2,SKU_E,74
138,R1,SKU_A,161
138,R1,SKU_B,75
138,R1,SKU_C,120
138,R1,SKU_D,66
138,R1,SKU_E,41
138,R2,SKU_A,111
138,R2,SKU_B,89
138,R2,SKU_C,74
138,R2,SKU_D,51
138,R2,SKU_E,56
138,R3,SKU_A,178
138,R3,SKU_B,58
138,R3,SKU_C,75
138,R3,SKU_D,100
138,R3,SKU_E,77
139,Supplier,SKU_A,0
139,Supplier,SKU_B,0
139,Supplier,SKU_C,0
139,Supplier,SKU_D,0
139,Supplier,SKU_E,0
139,W1,SKU_A,272
139,W1,SKU_B,164
139,W1,SKU_C,194
139,W1,SKU_D,117
139,W1,SKU_E,97
139,W2,SKU_A,178
139,W2,SKU_B,58
139,W2,SKU_C,75
139,W2,SKU_D,100
139,W2,SKU_E,77
139,R1,SKU_A,191
139,R1,SKU_B,110
139,R1,SKU_C,175
139,R1,SKU_D,75
139,R1,SKU_E,51
139,R2,SKU_A,108
139,R2,SKU_B,65
139,R2,SKU_C,61
139,R2,SKU_D,75
139,R2,SKU_E,46
139,R3,SKU_A,270
139,R3,SKU_B,97
139,R3,SKU_C,180
139,R3,SKU_D,153
139,R3,SKU_E,88
140,Supplier,SKU_A,0
140,Supplier,SKU_B,0
140,Supplier,SKU_C,0
140,Supplier,SKU_D,0
140,Supplier,SKU_E,0
140,W1,SKU_A,299
140,W1,SKU_B,175
140,W1,SKU_C,236
140,W1,SKU_D,150
140,W1,SKU_E,97
140,W2,SKU_A,270
140,W2,SKU_B,97
140,W2,SKU_C,180
140,W2,SKU_D,153
140,W2,SKU_E,88
140,R1,SKU_A,222
140,R1,SKU_B,108
140,R1,SKU_C,176
140,R1,SKU_D,95
140,R1,SKU_E,55
140,R2,SKU_A,137
140,R2,SKU_B,77
140,R2,SKU_C,77
140,R2,SKU_D,60
140,R2,SKU_E,69
140,R3,SKU_A,225
140,R3,SKU_B,80
140,R3,SKU_C,194
140,R3,SKU_D,103
140,R3,SKU_E,98
141,Supplier,SKU_A,0
141,Supplier,SKU_B,0
141,Supplier,SKU_C,0
141,Supplier,SKU_D,0
141,Supplier,SKU_E,0
141,W1,SKU_A,359
141,W1,SKU_B,185
141,W1,SKU_C,253
141,W1,SKU_D,155
141,W1,SKU_E,124
141,W2,SKU_A,225
141,W2,SKU_B,80
141,W2,SKU_C,194
141,W2,SKU_D,103
141,W2,SKU_E,98
141,R1,SKU_A,131
141,R1,SKU_B,39
141,R1,SKU_C,64
141,R1,SKU_D,58
141,R1,SKU_E,27
141,R2,SKU_A,78
141,R2,SKU_B,38
141,R2,SKU_C,48
141,R2,SKU_D,38
141,R2,SKU_E,48
141,R3,SKU_A,174
141,R3,SKU_B,59
141,R3,SKU_C,111
141,R3,SKU_D,102
141,R3,SKU_E,94
142,Supplier,SKU_A,0
142,Supplier,SKU_B,0
142,Supplier,SKU_C,0
142,Supplier,SKU_D,0
142,Supplier,SKU_E,0
142,W1,SKU_A,209
142,W1,SKU_B,77
142,W1,SKU_C,112
142,W1,SKU_D,96
142,W1,SKU_E,75
142,W2,SKU_A,174
142,W2,SKU_B,59
142,W2,SKU_C,111
142,W2,SKU_D,102
142,W2,SKU_E,94
142,R1,SKU_A,149
142,R1,SKU_B,47
142,R1,SKU_C,91
142,R1,SKU_D,50
142,R1,SKU_E,34
142,R2,SKU_A,82
142,R2,SKU_B,44
142,R2,SKU_C,43
142,R2,SKU_D,36
142,R2,SKU_E,50
142,R3,SKU_A,196
142,R3,SKU_B,77
142,R3,SKU_C,92
142,R3,SKU_D,107
142,R3,SKU_E,85
143,Supplier,SKU_A,0
143,Supplier,SKU_B,0
143,Supplier,SKU_C,0
143,Supplier,SKU_D,0
143,Supplier,SKU_E,0
143,W1,SKU_A,231
143,W1,SKU_B,91
143,W1,SKU_C,134
143,W1,SKU_D,86
143,W1,SKU_E,84
143,W2,SKU_A,196
143,W2,SKU_B,77
143,W2,SKU_C,92
143,W2,SKU_D,107
143,W2,SKU_E,85
143,R1,SKU_A,127
143,R1,SKU_B,53
143,R1,SKU_C,107
143,R1,SKU_D,59
143,R1,SKU_E,27
143,R2,SKU_A,85
143,R2,SKU_B,40
143,R2,SKU_C,31
143,R2,SKU_D,38
143,R2,SKU_E,66
143,R3,SKU_A,148
143,R3,SKU_B,75
143,R3,SKU_C,104
143,R3,SKU_D,85
143,R3,SKU_E,84
144,Supplier,SKU_A,0
144,Supplier,SKU_B,0
144,Supplier,SKU_C,0
144,Supplier,SKU_D,0
144,Supplier,SKU_E,0
144,W1,SKU_A,212
144,W1,SKU_B,93
144,W1,SKU_C,138
144,W1,SKU_D,97
144,W1,SKU_E,93
144,W2,SKU_A,148
144,W2,SKU_B,75
144,W2,SKU_C,104
144,W2,SKU_D,85
144,W2,SKU_E,84
144,R1,SKU_A,132
144,R1,SKU_B,70
144,R1,SKU_C,84
144,R1,SKU_D,68
144,R1,SKU_E,49
144,R2,SKU_A,87
144,R2,SKU_B,47
144,R2,SKU_C,54
144,R2,SKU_D,36
144,R2,SKU_E,44
144,R3,SKU_A,172
144,R3,SKU_B,51
144,R3,SKU_C,106
144,R3,SKU_D,107
144,R3,SKU_E,71
145,Supplier,SKU_A,0
145,Supplier,SKU_B,0
145,Supplier,SKU_C,0
145,Supplier,SKU_D,0
145,Supplier,SKU_E,0
145,W1,SKU_A,219
145,W1,SKU_B,117
145,W1,SKU_C,138
145,W1,SKU_D,104
145,W1,SKU_E,93
145,W2,SKU_A,172
145,W2,SKU_B,51
145,W2,SKU_C,106
145,W2,SKU_D,107
145,W2,SKU_E,71
145,R1,SKU_A,145
145,R1,SKU_B,73
145,R1,SKU_C,114
145,R1,SKU_D,70
145,R1,SKU_E,47
145,R2,SKU_A,112
145,R2,SKU_B,45
145,R2,SKU_C,54
145,R2,SKU_D,50
145,R2,SKU_E,49
145,R3,SKU_A,197
145,R3,SKU_B,80
145,R3,SKU_C,124
145,R3,SKU_D,91
145,R3,SKU_E,94
146,Supplier,SKU_A,0
146,Supplier,SKU_B,0
146,Supplier,SKU_C,0
146,Supplier,SKU_D,0
146,Supplier,SKU_E,0
146,W1,SKU_A,257
146,W1,SKU_B,118
146,W1,SKU_C,168
146,W1,SKU_D,120
146,W1,SKU_E,96
146,W2,SKU_A,197
146,W2,SKU_B,80
146,W2,SKU_C,124
146,W2,SKU_D,91
146,W2,SKU_E,94
146,R1,SKU_A,218
146,R1,SKU_B,133
146,R1,SKU_C,184
146,R1,SKU_D,106
146,R1,SKU_E,47
146,R2,SKU_A,145
146,R2,SKU_B,79
146,R2,SKU_C,102
146,R2,SKU_D,57
146,R2,SKU_E,53
146,R3,SKU_A,250
146,R3,SKU_B,99
146,R3,SKU_C,192
146,R3,SKU_D,140
146,R3,SKU_E,91
147,Supplier,SKU_A,0
147,Supplier,SKU_B,0
147,Supplier,SKU_C,0
147,Supplier,SKU_D,0
147,Supplier,SKU_E,0
147,W1,SKU_A,363
147,W1,SKU_B,212
147,W1,SKU_C,286
147,W1,SKU_D,163
147,W1,SKU_E,100
147,W2,SKU_A,250
147,W2,SKU_B,99
147,W2,SKU_C,192
147,W2,SKU_D,140
147,W2,SKU_E,91
147,R1,SKU_A,177
147,R1,SKU_B,120
147,R1,SKU_C,226
147,R1,SKU_D,103
147,R1,SKU_E,71
147,R2,SKU_A,134
147,R2,SKU_B,86
147,R2,SKU_C,134
147,R2,SKU_D,60
147,R2,SKU_E,58
147,R3,SKU_A,258
147,R3,SKU_B,105
147,R3,SKU_C,185
147,R3,SKU_D,114
147,R3,SKU_E,114
148,Supplier,SKU_A,0
148,Supplier,SKU_B,0
148,Supplier,SKU_C,0
148,Supplier,SKU_D,0
148,Supplier,SKU_E,0
148,W1,SKU_A,311
148,W1,SKU_B,206
148,W1,SKU_C,360
148,W1,SKU_D,163
148,W1,SKU_E,129
148,W2,SKU_A,258
148,W2,SKU_B,105
148,W2,SKU_C,185
148,W2,SKU_D,114
148,W2,SKU_E,114
148,R1,SKU_A,144
148,R1,SKU_B,81
148,R1,SKU_C,118
148,R1,SKU_D,64
148,R1,SKU_E,40
148,R2,SKU_A,125
148,R2,SKU_B,59
148,R2,SKU_C,74
148,R2,SKU_D,49
148,R2,SKU_E,41
148,R3,SKU_A,138
148,R3,SKU_B,64
148,R3,SKU_C,97
148,R3,SKU_D,69
148,R3,SKU_E,58
149,Supplier,SKU_A,0
149,Supplier,SKU_B,0
149,Supplier,SKU_C,0
149,Supplier,SKU_D,0
149,Supplier,SKU_E,0
149,W1,SKU_A,269
149,W1,SKU_B,140
149,W1,SKU_C,192
149,W1,SKU_D,113
149,W1,SKU_E,81
149,W2,SKU_A,138
149,W2,SKU_B,64
149,W2,SKU_C,97
149,W2,SKU_D,69
149,W2,SKU_E,58
149,R1,SKU_A,146
149,R1,SKU_B,55
149,R1,SKU_C,86
149,R1,SKU_D,59
149,R1,SKU_E,35
149,R2,SKU_A,94
149,R2,SKU_B,52
149,R2,SKU_C,33
149,R2,SKU_D,42
149,R2,SKU_E,52
149,R3,SKU_A,169
149,R3,SKU_B,81
149,R3,SKU_C,108
149,R3,SKU_D,53
149,R3,SKU_E,70
150,Supplier,SKU_A,0
150,Supplier,SKU_B,0
150,Supplier,SKU_C,0
150,Supplier,SKU_D,0
150,Supplier,SKU_E,0
150,W1,SKU_A,240
150,W1,SKU_B,107
150,W1,SKU_C,119
150,W1,SKU_D,101
150,W1,SKU_E,87
150,W2,SKU_A,169
150,W2,SKU_B,81
150,W2,SKU_C,108
150,W2,SKU_D,53
150,W2,SKU_E,70
150,R1,SKU_A,116
150,R1,SKU_B,63
150,R1,SKU_C,88
150,R1,SKU_D,57
150,R1,SKU_E,25
150,R2,SKU_A,72
150,R2,SKU_B,51
150,R2,SKU_C,39
150,R2,SKU_D,43
150,R2,SKU_E,40
150,R3,SKU_A,178
150,R3,SKU_B,52
150,R3,SKU_C,127
150,R3,SKU_D,56
150,R3,SKU_E,80
151,Supplier,SKU_A,0
151,Supplier,SKU_B,0
151,Supplier,SKU_C,0
151,Supplier,SKU_D,0
151,Supplier,SKU_E,0
151,W1,SKU_A,188
151,W1,SKU_B,114
151,W1,SKU_C,127
151,W1,SKU_D,100
151,W1,SKU_E,65
151,W2,SKU_A,178
151,W2,SKU_B,52
151,W2,SKU_C,127
151,W2,SKU_D,56
151,W2,SKU_E,80
151,R1,SKU_A,147
151,R1,SKU_B,53
151,R1,SKU_C,108
151,R1,SKU_D,74
151,R1,SKU_E,43
151,R2,SKU_A,99
151,R2,SKU_B,46
151,R2,SKU_C,64
151,R2,SKU_D,47
151,R2,SKU_E,42
151,R3,SKU_A,154
151,R3,SKU_B,58
151,R3,SKU_C,115
151,R3,SKU_D,88
151,R3,SKU_E,70
152,Supplier,SKU_A,0
152,Supplier,SKU_B,0
152,Supplier,SKU_C,0
152,Supplier,SKU_D,0
152,Supplier,SKU_E,0
152,W1,SKU_A,246
152,W1,SKU_B,99
152,W1,SKU_C,172
152,W1,SKU_D,121
152,W1,SKU_E,85
152,W2,SKU_A,154
152,W2,SKU_B,58
152,W2,SKU_C,115
152,W2,SKU_D,88
152,W2,SKU_E,70
152,R1,SKU_A,164
152,R1,SKU_B,69
152,R1,SKU_C,147
152,R1,SKU_D,55
152,R1,SKU_E,43
152,R2,SKU_A,107
152,R2,SKU_B,55
152,R2,SKU_C,46
152,R2,SKU_D,37
152,R2,SKU_E,48
152,R3,SKU_A,178
152,R3,SKU_B,76
152,R3,SKU_C,116
152,R3,SKU_D,89
152,R3,SKU_E,80
153,Supplier,SKU_A,0
153,Supplier,SKU_B,0
153,Supplier,SKU_C,0
153,Supplier,SKU_D,0
153,Supplier,SKU_E,0
153,W1,SKU_A,271
153,W1,SKU_B,124
153,W1,SKU_C,193
153,W1,SKU_D,92
153,W1,SKU_E,91
153,W2,SKU_A,178
153,W2,SKU_B,76
153,W2,SKU_C,116
153,W2,SKU_D,89
153,W2,SKU_E,80
153,R1,SKU_A,174
153,R1,SKU_B,91
153,R1,SKU_C,175
153,R1,SKU_D,78
153,R1,SKU_E,53
153,R2,SKU_A,124
153,R2,SKU_B,83
153,R2,SKU_C,73
153,R2,SKU_D,63
153,R2,SKU_E,56
153,R3,SKU_A,225
153,R3,SKU_B,95
153,R3,SKU_C,176
153,R3,SKU_D,141
153,R3,SKU_E,99
154,Supplier,SKU_A,0
154,Supplier,SKU_B,0
154,Supplier,SKU_C,0
154,Supplier,SKU_D,0
154,Supplier,SKU_E,0
154,W1,SKU_A,298
154,W1,SKU_B,174
154,W1,SKU_C,248
154,W1,SKU_D,141
154,W1,SKU_E,109
154,W2,SKU_A,225
154,W2,SKU_B,95
154,W2,SKU_C,176
154,W2,SKU_D,141
154,W2,SKU_E,99
154,R1,SKU_A,178
154,R1,SKU_B,105
154,R1,SKU_C,130
154,R1,SKU_D,69
154,R1,SKU_E,37
154,R2,SKU_A,115
154,R2,SKU_B,55
154,R2,SKU_C,62
154,R2,SKU_D,56
154,R2,SKU_E,48
154,R3,SKU_A,201
154,R3,SKU_B,59
154,R3,SKU_C,109
154,R3,SKU_D,78
154,R3,SKU_E,77
155,Supplier,SKU_A,0
155,Supplier,SKU_B,0
155,Supplier,SKU_C,0
155,Supplier,SKU_D,0
155,Supplier,SKU_E,0
155,W1,SKU_A,293
155,W1,SKU_B,160
155,W1,SKU_C,192
155,W1,SKU_D,125
155,W1,SKU_E,85
155,W2,SKU_A,201
155,W2,SKU_B,59
155,W2,SKU_C,109
155,W2,SKU_D,78
155,W2,SKU_E,77
155,R1,SKU_A,108
155,R1,SKU_B,69
155,R1,SKU_C,60
155,R1,SKU_D,33
155,R1,SKU_E,35
155,R2,SKU_A,81
155,R2,SKU_B,54
155,R2,SKU_C,39
155,R2,SKU_D,35
155,R2,SKU_E,37
155,R3,SKU_A,136
155,R3,SKU_B,61
155,R3,SKU_C,79
155,R3,SKU_D,66
155,R3,SKU_E,81
156,Supplier,SKU_A,0
156,Supplier,SKU_B,0
156,Supplier,SKU_C,0
156,Supplier,SKU_D,0
156,Supplier,SKU_E,0
156,W1,SKU_A,189
156,W1,SKU_B,123
156,W1,SKU_C,99
156,W1,SKU_D,68
156,W1,SKU_E,72
156,W2,SKU_A,136
156,W2,SKU_B,61
156,W2,SKU_C,79
156,W2,SKU_D,66
156,W2,SKU_E,81
156,R1,SKU_A,96
156,R1,SKU_B,40
156,R1,SKU_C,69
156,R1,SKU_D,59
156,R1,SKU_E,43
156,R2,SKU_A,60
156,R2,SKU_B,31
156,R2,SKU_C,27
156,R2,SKU_D,41
156,R2,SKU_E,31
156,R3,SKU_A,150
156,R3,SKU_B,38
156,R3,SKU_C,57
156,R3,SKU_D,68
156,R3,SKU_E,64
157,Supplier,SKU_A,0
157,Supplier,SKU_B,0
157,Supplier,SKU_C,0
157,Supplier,SKU_D,0
157,Supplier,SKU_E,0
157,W1,SKU_A,156
157,W1,SKU_B,71
157,W1,SKU_C,96
157,W1,SKU_D,100
157,W1,SKU_E,74
157,W2,SKU_A,150
157,W2,SKU_B,38
157,W2,SKU_C,57
157,W2,SKU_D,68
157,W2,SKU_E,64
157,R1,SKU_A,86
157,R1,SKU_B,44
157,R1,SKU_C,67
157,R1,SKU_D,43
157,R1,SKU_E,38
157,R2,SKU_A,69
157,R2,SKU_B,42
157,R2,SKU_C,33
157,R2,SKU_D,32
157,R2,SKU_E,26
157,R3,SKU_A,133
157,R3,SKU_B,48
157,R3,SKU_C,81
157,R3,SKU_D,80
157,R3,SKU_E,67
158,Supplier,SKU_A,0
158,Supplier,SKU_B,0
158,Supplier,SKU_C,0
158,Supplier,SKU_D,0
158,Supplier,SKU_E,0
158,W1,SKU_A,155
158,W1,SKU_B,86
158,W1,SKU_C,100
158,W1,SKU_D,75
158,W1,SKU_E,64
158,W2,SKU_A,133
158,W2,SKU_B,48
158,W2,SKU_C,81
158,W2,SKU_D,80
158,W2,SKU_E,67
158,R1,SKU_A,126
158,R1,SKU_B,71
158,R1,SKU_C,108
158,R1,SKU_D,57
158,R1,SKU_E,42
158,R2,SKU_A,82
158,R2,SKU_B,54
158,R2,SKU_C,48
158,R2,SKU_D,53
158,R2,SKU_E,38
158,R3,SKU_A,195
158,R3,SKU_B,68
158,R3,SKU_C,108
158,R3,SKU_D,107
158,R3,SKU_E,88
159,Supplier,SKU_A,0
159,Supplier,SKU_B,0
159,Supplier,SKU_C,0
159,Supplier,SKU_D,0
159,Supplier,SKU_E,0
159,W1,SKU_A,208
159,W1,SKU_B,125
159,W1,SKU_C,156
159,W1,SKU_D,110
159,W1,SKU_E,80
159,W2,SKU_A,195
159,W2,SKU_B,68
159,W2,SKU_C,108
159,W2,SKU_D,107
159,W2,SKU_E,88
159,R1,SKU_A,179
159,R1,SKU_B,51
159,R1,SKU_C,113
159,R1,SKU_D,79
159,R1,SKU_E,52
159,R2,SKU_A,110
159,R2,SKU_B,64
159,R2,SKU_C,53
159,R2,SKU_D,62
159,R2,SKU_E,55
159,R3,SKU_A,200
159,R3,SKU_B,75
159,R3,SKU_C,107
159,R3,SKU_D,129
159,R3,SKU_E,87
160,Supplier,SKU_A,0
160,Supplier,SKU_B,0
160,Supplier,SKU_C,0
160,Supplier,SKU_D,0
160,Supplier,SKU_E,0
160,W1,SKU_A,289
160,W1,SKU_B,115
160,W1,SKU_C,166
160,W1,SKU_D,141
160,W1,SKU_E,107
160,W2,SKU_A,200
160,W2,SKU_B,75
160,W2,SKU_C,107
160,W2,SKU_D,129
160,W2,SKU_E,87
160,R1,SKU_A,197
160,R1,SKU_B,99
160,R1,SKU_C,176
160,R1,SKU_D,94
160,R1,SKU_E,60
160,R2,SKU_A,133
160,R2,SKU_B,85
160,R2,SKU_C,80
160,R2,SKU_D,68
160,R2,SKU_E,71
160,R3,SKU_A,236
160,R3,SKU_B,77
160,R3,SKU_C,163
160,R3,SKU_D,112
160,R3,SKU_E,132
161,Supplier,SKU_A,0
161,Supplier,SKU_B,0
161,Supplier,SKU_C,0
161,Supplier,SKU_D,0
161,Supplier,SKU_E,0
161,W1,SKU_A,330
161,W1,SKU_B,184
161,W1,SKU_C,256
161,W1,SKU_D,162
161,W1,SKU_E,131
161,W2,SKU_A,236
161,W2,SKU_B,77
161,W2,SKU_C,163
161,W2,SKU_D,112
161,W2,SKU_E,132
161,R1,SKU_A,233
161,R1,SKU_B,102
161,R1,SKU_C,175
161,R1,SKU_D,91
161,R1,SKU_E,55
161,R2,SKU_A,133
161,R2,SKU_B,75
161,R2,SKU_C,73
161,R2,SKU_D,68
161,R2,SKU_E,72
161,R3,SKU_A,220
161,R3,SKU_B,64
161,R3,SKU_C,147
161,R3,SKU_D,108
161,R3,SKU_E,80
162,Supplier,SKU_A,0
162,Supplier,SKU_B,0
162,Supplier,SKU_C,0
162,Supplier,SKU_D,0
162,Supplier,SKU_E,0
162,W1,SKU_A,366
162,W1,SKU_B,177
162,W1,SKU_C,248
162,W1,SKU_D,159
162,W1,SKU_E,127
162,W2,SKU_A,220
162,W2,SKU_B,64
162,W2,SKU_C,147
162,W2,SKU_D,108
162,W2,SKU_E,80
162,R1,SKU_A,117
162,R1,SKU_B,57
162,R1,SKU_C,108
162,R1,SKU_D,64
162,R1,SKU_E,40
162,R2,SKU_A,124
162,R2,SKU_B,54
162,R2,SKU_C,64
162,R2,SKU_D,42
162,R2,SKU_E,45
162,R3,SKU_A,210
162,R3,SKU_B,45
162,R3,SKU_C,94
162,R3,SKU_D,86
162,R3,SKU_E,78
163,Supplier,SKU_A,0
163,Supplier,SKU_B,0
163,Supplier,SKU_C,0
163,Supplier,SKU_D,0
163,Supplier,SKU_E,0
163,W1,SKU_A,241
163,W1,SKU_B,111
163,W1,SKU_C,172
163,W1,SKU_D,106
163,W1,SKU_E,85
163,W2,SKU_A,210
163,W2,SKU_B,45
163,W2,SKU_C,94
163,W2,SKU_D,86
163,W2,SKU_E,78
163,R1,SKU_A,135
163,R1,SKU_B,53
163,R1,SKU_C,87
163,R1,SKU_D,53
163,R1,SKU_E,34
163,R2,SKU_A,115
163,R2,SKU_B,45
163,R2,SKU_C,63
163,R2,SKU_D,44
163,R2,SKU_E,38
163,R3,SKU_A,216
163,R3,SKU_B,45
163,R3,SKU_C,128
163,R3,SKU_D,96
163,R3,SKU_E,85
164,Supplier,SKU_A,0
164,Supplier,SKU_B,0
164,Supplier,SKU_C,0
164,Supplier,SKU_D,0
164,Supplier,SKU_E,0
164,W1,SKU_A,250
164,W1,SKU_B,98
164,W1,SKU_C,150
164,W1,SKU_D,97
164,W1,SKU_E,72
164,W2,SKU_A,216
164,W2,SKU_B,45
164,W2,SKU_C,128
164,W2,SKU_D,96
164,W2,SKU_E,85
164,R1,SKU_A,130
164,R1,SKU_B,43
164,R1,SKU_C,85
164,R1,SKU_D,68
164,R1,SKU_E,26
164,R2,SKU_A,102
164,R2,SKU_B,50
164,R2,SKU_C,40
164,R2,SKU_D,30
164,R2,SKU_E,41
164,R3,SKU_A,186
164,R3,SKU_B,47
164,R3,SKU_C,105
164,R3,SKU_D,101
164,R3,SKU_E,74
165,Supplier,SKU_A,0
165,Supplier,SKU_B,0
165,Supplier,SKU_C,0
165,Supplier,SKU_D,0
165,Supplier,SKU_E,0
165,W1,SKU_A,232
165,W1,SKU_B,93
165,W1,SKU_C,125
165,W1,SKU_D,98
165,W1,SKU_E,67
165,W2,SKU_A,186
165,W2,SKU_B,47
165,W2,SKU_C,105
165,W2,SKU_D,101
165,W2,SKU_E,74
165,R1,SKU_A,120
165,R1,SKU_B,50
165,R1,SKU_C,110
165,R1,SKU_D,61
165,R1,SKU_E,29
165,R2,SKU_A,110
165,R2,SKU_B,81
165,R2,SKU_C,62
165,R2,SKU_D,43
165,R2,SKU_E,46
165,R3,SKU_A,164
165,R3,SKU_B,59
165,R3,SKU_C,119
165,R3,SKU_D,101
165,R3,SKU_E,87
166,Supplier,SKU_A,0
166,Supplier,SKU_B,0
166,Supplier,SKU_C,0
166,Supplier,SKU_D,0
166,Supplier,SKU_E,0
166,W1,SKU_A,230
166,W1,SKU_B,131
166,W1,SKU_C,172
166,W1,SKU_D,104
166,W1,SKU_E,75
166,W2,SKU_A,164
166,W2,SKU_B,59
166,W2,SKU_C,119
166,W2,SKU_D,101
166,W2,SKU_E,87
166,R1,SKU_A,158
166,R1,SKU_B,64
166,R1,SKU_C,150
166,R1,SKU_D,92
166,R1,SKU_E,37
166,R2,SKU_A,116
166,R2,SKU_B,69
166,R2,SKU_C,62
166,R2,SKU_D,58
166,R2,SKU_E,59
166,R3,SKU_A,201
166,R3,SKU_B,72
166,R3,SKU_C,117
166,R3,SKU_D,111
166,R3,SKU_E,70
167,Supplier,SKU_A,0
167,Supplier,SKU_B,0
167,Supplier,SKU_C,0
167,Supplier,SKU_D,0
167,Supplier,SKU_E,0
167,W1,SKU_A,274
167,W1,SKU_B,133
167,W1,SKU_C,212
167,W1,SKU_D,150
167,W1,SKU_E,96
167,W2,SKU_A,201
167,W2,SKU_B,72
167,W2,SKU_C,117
167,W2,SKU_D,111
167,W2,SKU_E,70
167,R1,SKU_A,228
167,R1,SKU_B,72
167,R1,SKU_C,141
167,R1,SKU_D,108
167,R1,SKU_E,60
167,R2,SKU_A,119
167,R2,SKU_B,58
167,R2,SKU_C,71
167,R2,SKU_D,45
167,R2,SKU_E,53
167,R3,SKU_A,236
167,R3,SKU_B,89
167,R3,SKU_C,169
167,R3,SKU_D,120
167,R3,SKU_E,99
168,Supplier,SKU_A,0
168,Supplier,SKU_B,0
168,Supplier,SKU_C,0
168,Supplier,SKU_D,0
168,Supplier,SKU_E,0
168,W1,SKU_A,347
168,W1,SKU_B,130
168,W1,SKU_C,212
168,W1,SKU_D,153
168,W1,SKU_E,113
168,W2,SKU_A,236
168,W2,SKU_B,89
168,W2,SKU_C,169
168,W2,SKU_D,120
168,W2,SKU_E,99
168,R1,SKU_A,229
168,R1,SKU_B,88
168,R1,SKU_C,201
168,R1,SKU_D,91
168,R1,SKU_E,49
168,R2,SKU_A,107
168,R2,SKU_B,75
168,R2,SKU_C,62
168,R2,SKU_D,58
168,R2,SKU_E,63
168,R3,SKU_A,271
168,R3,SKU_B,91
168,R3,SKU_C,187
168,R3,SKU_D,122
168,R3,SKU_E,112
169,Supplier,SKU_A,0
169,Supplier,SKU_B,0
169,Supplier,SKU_C,0
169,Supplier,SKU_D,0
169,Supplier,SKU_E,0
169,W1,SKU_A,336
169,W1,SKU_B,163
169,W1,SKU_C,263
169,W1,SKU_D,149
169,W1,SKU_E,112
169,W2,SKU_A,271
169,W2,SKU_B,91
169,W2,SKU_C,187
169,W2,SKU_D,122
169,W2,SKU_E,112
169,R1,SKU_A,150
169,R1,SKU_B,71
169,R1,SKU_C,123
169,R1,SKU_D,73
169,R1,SKU_E,50
169,R2,SKU_A,131
169,R2,SKU_B,71
169,R2,SKU_C,69
169,R2,SKU_D,71
169,R2,SKU_E,53
169,R3,SKU_A,204
169,R3,SKU_B,57
169,R3,SKU_C,106
169,R3,SKU_D,91
169,R3,SKU_E,102
170,Supplier,SKU_A,0
170,Supplier,SKU_B,0
170,Supplier,SKU_C,0
170,Supplier,SKU_D,0
170,Supplier,SKU_E,0
170,W1,SKU_A,281
170,W1,SKU_B,142
170,W1,SKU_C,192
170,W1,SKU_D,144
170,W1,SKU_E,103
170,W2,SKU_A,204
170,W2,SKU_B,57
170,W2,SKU_C,106
170,W2,SKU_D,91
170,W2,SKU_E,102
170,R1,SKU_A,131
170,R1,SKU_B,53
170,R1,SKU_C,103
170,R1,SKU_D,58
170,R1,SKU_E,46
170,R2,SKU_A,117
170,R2,SKU_B,59
170,R2,SKU_C,74
170,R2,SKU_D,46
170,R2,SKU_E,40
170,R3,SKU_A,218
170,R3,SKU_B,65
170,R3,SKU_C,98
170,R3,SKU_D,92
170,R3,SKU_E,96
171,Supplier,SKU_A,0
171,Supplier,SKU_B,0
171,Supplier,SKU_C,0
171,Supplier,SKU_D,0
171,Supplier,SKU_E,0
171,W1,SKU_A,248
171,W1,SKU_B,112
171,W1,SKU_C,177
171,W1,SKU_D,104
171,W1,SKU_E,86
171,W2,SKU_A,218
171,W2,SKU_B,65
171,W2,SKU_C,98
171,W2,SKU_D,92
171,W2,SKU_E,96
171,R1,SKU_A,148
171,R1,SKU_B,50
171,R1,SKU_C,97
171,R1,SKU_D,49
171,R1,SKU_E,45
171,R2,SKU_A,88
171,R2,SKU_B,46
171,R2,SKU_C,62
171,R2,SKU_D,61
171,R2,SKU_E,43
171,R3,SKU_A,178
171,R3,SKU_B,55
171,R3,SKU_C,77
171,R3,SKU_D,83
171,R3,SKU_E,69
172,Supplier,SKU_A,0
172,Supplier,SKU_B,0
172,Supplier,SKU_C,0
172,Supplier,SKU_D,0
172,Supplier,SKU_E,0
172,W1,SKU_A,236
172,W1,SKU_B,96
172,W1,SKU_C,159
172,W1,SKU_D,110
172,W1,SKU_E,88
172,W2,SKU_A,178
172,W2,SKU_B,55
172,W2,SKU_C,77
172,W2,SKU_D,83
172,W2,SKU_E,69
172,R1,SKU_A,124
172,R1,SKU_B,55
172,R1,SKU_C,80
172,R1,SKU_D,46
172,R1,SKU_E,37
172,R2,SKU_A,119
172,R2,SKU_B,63
172,R2,SKU_C,39
172,R2,SKU_D,48
172,R2,SKU_E,61
172,R3,SKU_A,181
172,R3,SKU_B,62
172,R3,SKU_C,94
172,R3,SKU_D,104
172,R3,SKU_E,91
173,Supplier,SKU_A,0
173,Supplier,SKU_B,0
173,Supplier,SKU_C,0
173,Supplier,SKU_D,0
173,Supplier,SKU_E,0
173,W1,SKU_A,243
173,W1,SKU_B,118
173,W1,SKU_C,119
173,W1,SKU_D,94
173,W1,SKU_E,98
173,W2,SKU_A,181
173,W2,SKU_B,62
173,W2,SKU_C,94
173,W2,SKU_D,104
173,W2,SKU_E,91
173,R1,SKU_A,161
173,R1,SKU_B,66
173,R1,SKU_C,107
173,R1,SKU_D,90
173,R1,SKU_E,48
173,R2,SKU_A,107
173,R2,SKU_B,67
173,R2,SKU_C,64
173,R2,SKU_D,61
173,R2,SKU_E,58
173,R3,SKU_A,227
173,R3,SKU_B,49
173,R3,SKU_C,143
173,R3,SKU_D,102
173,R3,SKU_E,110
174,Supplier,SKU_A,0
174,Supplier,SKU_B,0
174,Supplier,SKU_C,0
174,Supplier,SKU_D,0
174,Supplier,SKU_E,0
174,W1,SKU_A,268
174,W1,SKU_B,133
174,W1,SKU_C,171
174,W1,SKU_D,151
174,W1,SKU_E,106
174,W2,SKU_A,227
174,W2,SKU_B,49
174,W2,SKU_C,143
174,W2,SKU_D,102
174,W2,SKU_E,110
174,R1,SKU_A,192
174,R1,SKU_B,85
174,R1,SKU_C,164
174,R1,SKU_D,90
174,R1,SKU_E,43
174,R2,SKU_A,117
174,R2,SKU_B,74
174,R2,SKU_C,85
174,R2,SKU_D,57
174,R2,SKU_E,55
174,R3,SKU_A,233
174,R3,SKU_B,68
174,R3,SKU_C,167
174,R3,SKU_D,131
174,R3,SKU_E,111
175,Supplier,SKU_A,0
175,Supplier,SKU_B,0
175,Supplier,SKU_C,0
175,Supplier,SKU_D,0
175,Supplier,SKU_E,0
175,W1,SKU_A,309
175,W1,SKU_B,159
175,W1,SKU_C,249
175,W1,SKU_D,147
175,W1,SKU_E,98
175,W2,SKU_A,233
175,W2,SKU_B,68
175,W2,SKU_C,167
175,W2,SKU_D,131
175,W2,SKU_E,111
175,R1,SKU_A,180
175,R1,SKU_B,75
175,R1,SKU_C,147
175,R1,SKU_D,93
175,R1,SKU_E,55
175,R2,SKU_A,124
175,R2,SKU_B,68
175,R2,SKU_C,58
175,R2,SKU_D,60
175,R2,SKU_E,62
175,R3,SKU_A,250
175,R3,SKU_B,75
175,R3,SKU_C,150
175,R3,SKU_D,122
175,R3,SKU_E,92
176,Supplier,SKU_A,0
176,Supplier,SKU_B,0
176,Supplier,SKU_C,0
176,Supplier,SKU_D,0
176,Supplier,SKU_E,0
176,W1,SKU_A,304
176,W1,SKU_B,143
176,W1,SKU_C,205
176,W1,SKU_D,153
176,W1,SKU_E,117
176,W2,SKU_A,250
176,W2,SKU_B,75
176,W2,SKU_C,150
176,W2,SKU_D,122
176,W2,SKU_E,92
176,R1,SKU_A,117
176,R1,SKU_B,54
176,R1,SKU_C,54
176,R1,SKU_D,50
176,R1,SKU_E,32
176,R2,SKU_A,82
176,R2,SKU_B,40
176,R2,SKU_C,36
176,R2,SKU_D,30
176,R2,SKU_E,54
176,R3,SKU_A,181
176,R3,SKU_B,59
176,R3,SKU_C,93
176,R3,SKU_D,76
176,R3,SKU_E,79
177,Supplier,SKU_A,0
177,Supplier,SKU_B,0
177,Supplier,SKU_C,0
177,Supplier,SKU_D,0
177,Supplier,SKU_E,0
177,W1,SKU_A,199
177,W1,SKU_B,94
177,W1,SKU_C,90
177,W1,SKU_D,80
177,W1,SKU_E,86
177,W2,SKU_A,181
177,W2,SKU_B,59
177,W2,SKU_C,93
177,W2,SKU_D,76
177,W2,SKU_E,79
177,R1,SKU_A,114
177,R1,SKU_B,50
177,R1,SKU_C,69
177,R1,SKU_D,35
177,R1,SKU_E,27
177,R2,SKU_A,84
177,R2,SKU_B,32
177,R2,SKU_C,59
177,R2,SKU_D,32
177,R2,SKU_E,38
177,R3,SKU_A,155
177,R3,SKU_B,56
177,R3,SKU_C,74
177,R3,SKU_D,68
177,R3,SKU_E,85
178,Supplier,SKU_A,0
178,Supplier,SKU_B,0
178,Supplier,SKU_C,0
178,Supplier,SKU_D,0
178,Supplier,SKU_E,0
178,W1,SKU_A,198
178,W1,SKU_B,82
178,W1,SKU_C,128
178,W1,SKU_D,67
178,W1,SKU_E,65
178,W2,SKU_A,155
178,W2,SKU_B,56
178,W2,SKU_C,74
178,W2,SKU_D,68
178,W2,SKU_E,85
178,R1,SKU_A,116
178,R1,SKU_B,52
178,R1,SKU_C,95
178,R1,SKU_D,53
178,R1,SKU_E,53
178,R2,SKU_A,70
178,R2,SKU_B,56
178,R2,SKU_C,50
178,R2,SKU_D,38
178,R2,SKU_E,37
178,R3,SKU_A,140
178,R3,SKU_B,63
178,R3,SKU_C,84
178,R3,SKU_D,76
178,R3,SKU_E,73
179,Supplier,SKU_A,0
179,Supplier,SKU_B,0
179,Supplier,SKU_C,0
179,Supplier,SKU_D,0
179,Supplier,SKU_E,0
179,W1,SKU_A,186
179,W1,SKU_B,108
179,W1,SKU_C,145
179,W1,SKU_D,91
179,W1,SKU_E,90
179,W2,SKU_A,140
179,W2,SKU_B,63
179,W2,SKU_C,84
179,W2,SKU_D,76
179,W2,SKU_E,73
179,R1,SKU_A,128
179,R1,SKU_B,52
179,R1,SKU_C,74
179,R1,SKU_D,53
179,R1,SKU_E,42
179,R2,SKU_A,99
179,R2,SKU_B,47
179,R2,SKU_C,47
179,R2,SKU_D,39
179,R2,SKU_E,53
179,R3,SKU_A,178
179,R3,SKU_B,63
179,R3,SKU_C,94
179,R3,SKU_D,104
179,R3,SKU_E,71
180,Supplier,SKU_A,0
180,Supplier,SKU_B,0
180,Supplier,SKU_C,0
180,Supplier,SKU_D,0
180,Supplier,SKU_E,0
180,W1,SKU_A,227
180,W1,SKU_B,99
180,W1,SKU_C,121
180,W1,SKU_D,92
180,W1,SKU_E,95
180,W2,SKU_A,178
180,W2,SKU_B,63
180,W2,SKU_C,94
180,W2,SKU_D,104
180,W2,SKU_E,71
180,R1,SKU_A,145
180,R1,SKU_B,85
180,R1,SKU_C,114
180,R1,SKU_D,70
180,R1,SKU_E,52
180,R2,SKU_A,92
180,R2,SKU_B,59
180,R2,SKU_C,51
180,R2,SKU_D,40
180,R2,SKU_E,57
180,R3,SKU_A,226
180,R3,SKU_B,61
180,R3,SKU_C,106
180,R3,SKU_D,109
180,R3,SKU_E,74
181,Supplier,SKU_A,0
181,Supplier,SKU_B,0
181,Supplier,SKU_C,0
181,Supplier,SKU_D,0
181,Supplier,SKU_E,0
181,W1,SKU_A,237
181,W1,SKU_B,144
181,W1,SKU_C,165
181,W1,SKU_D,110
181,W1,SKU_E,109
181,W2,SKU_A,226
181,W2,SKU_B,61
181,W2,SKU_C,106
181,W2,SKU_D,109
181,W2,SKU_E,74
181,R1,SKU_A,170
181,R1,SKU_B,90
181,R1,SKU_C,145
181,R1,SKU_D,87
181,R1,SKU_E,40
181,R2,SKU_A,100
181,R2,SKU_B,71
181,R2,SKU_C,87
181,R2,SKU_D,59
181,R2,SKU_E,47
181,R3,SKU_A,189
181,R3,SKU_B,71
181,R3,SKU_C,123
181,R3,SKU_D,129
181,R3,SKU_E,74
182,Supplier,SKU_A,0
182,Supplier,SKU_B,0
182,Supplier,SKU_C,0
182,Supplier,SKU_D,0
182,Supplier,SKU_E,0
182,W1,SKU_A,270
182,W1,SKU_B,161
182,W1,SKU_C,232
182,W1,SKU_D,146
182,W1,SKU_E,87
182,W2,SKU_A,189
182,W2,SKU_B,71
182,W2,SKU_C,123
182,W2,SKU_D,129
182,W2,SKU_E,74
182,R1,SKU_A,187
182,R1,SKU_B,85
182,R1,SKU_C,123
182,R1,SKU_D,94
182,R1,SKU_E,54
182,R2,SKU_A,137
182,R2,SKU_B,62
182,R2,SKU_C,61
182,R2,SKU_D,53
182,R2,SKU_E,52
182,R3,SKU_A,185
182,R3,SKU_B,61
182,R3,SKU_C,86
182,R3,SKU_D,88
182,R3,SKU_E,85
183,Supplier,SKU_A,0
183,Supplier,SKU_B,0
183,Supplier,SKU_C,0
183,Supplier,SKU_D,0
183,Supplier,SKU_E,0
183,W1,SKU_A,324
183,W1,SKU_B,147
183,W1,SKU_C,184
183,W1,SKU_D,147
183,W1,SKU_E,106
183,W2,SKU_A,185
183,W2,SKU_B,61
183,W2,SKU_C,86
183,W2,SKU_D,88
183,W2,SKU_E,85
183,R1,SKU_A,132
183,R1,SKU_B,58
183,R1,SKU_C,72
183,R1,SKU_D,52
183,R1,SKU_E,40
183,R2,SKU_A,105
183,R2,SKU_B,30
183,R2,SKU_C,55
183,R2,SKU_D,50
183,R2,SKU_E,39
183,R3,SKU_A,179
183,R3,SKU_B,44
183,R3,SKU_C,86
183,R3,SKU_D,75
183,R3,SKU_E,85
184,Supplier,SKU_A,0
184,Supplier,SKU_B,0
184,Supplier,SKU_C,0
184,Supplier,SKU_D,0
184,Supplier,SKU_E,0
184,W1,SKU_A,237
184,W1,SKU_B,88
184,W1,SKU_C,127
184,W1,SKU_D,102
184,W1,SKU_E,79
184,W2,SKU_A,179
184,W2,SKU_B,44
184,W2,SKU_C,86
184,W2,SKU_D,75
184,W2,SKU_E,85
184,R1,SKU_A,147
184,R1,SKU_B,40
184,R1,SKU_C,88
184,R1,SKU_D,63
184,R1,SKU_E,35
184,R2,SKU_A,97
184,R2,SKU_B,31
184,R2,SKU_C,27
184,R2,SKU_D,43
184,R2,SKU_E,31
184,R3,SKU_A,176
184,R3,SKU_B,60
184,R3,SKU_C,75
184,R3,SKU_D,82
184,R3,SKU_E,73
185,Supplier,SKU_A,0
185,Supplier,SKU_B,0
185,Supplier,SKU_C,0
185,Supplier,SKU_D,0
185,Supplier,SKU_E,0
185,W1,SKU_A,244
185,W1,SKU_B,71
185,W1,SKU_C,115
185,W1,SKU_D,106
185,W1,SKU_E,66
185,W2,SKU_A,176
185,W2,SKU_B,60
185,W2,SKU_C,75
185,W2,SKU_D,82
185,W2,SKU_E,73
185,R1,SKU_A,126
185,R1,SKU_B,41
185,R1,SKU_C,97
185,R1,SKU_D,55
185,R1,SKU_E,38
185,R2,SKU_A,81
185,R2,SKU_B,42
185,R2,SKU_C,54
185,R2,SKU_D,38
185,R2,SKU_E,26
185,R3,SKU_A,168
185,R3,SKU_B,65
185,R3,SKU_C,83
185,R3,SKU_D,107
185,R3,SKU_E,70
186,Supplier,SKU_A,0
186,Supplier,SKU_B,0
186,Supplier,SKU_C,0
186,Supplier,SKU_D,0
186,Supplier,SKU_E,0
186,W1,SKU_A,207
186,W1,SKU_B,83
186,W1,SKU_C,151
186,W1,SKU_D,93
186,W1,SKU_E,64
186,W2,SKU_A,168
186,W2,SKU_B,65
186,W2,SKU_C,83
186,W2,SKU_D,107
186,W2,SKU_E,70
186,R1,SKU_A,162
186,R1,SKU_B,50
186,R1,SKU_C,96
186,R1,SKU_D,80
186,R1,SKU_E,34
186,R2,SKU_A,119
186,R2,SKU_B,50
186,R2,SKU_C,56
186,R2,SKU_D,59
186,R2,SKU_E,35
186,R3,SKU_A,219
186,R3,SKU_B,61
186,R3,SKU_C,115
186,R3,SKU_D,109
186,R3,SKU_E,69
187,Supplier,SKU_A,0
187,Supplier,SKU_B,0
187,Supplier,SKU_C,0
187,Supplier,SKU_D,0
187,Supplier,SKU_E,0
187,W1,SKU_A,281
187,W1,SKU_B,100
187,W1,SKU_C,152
187,W1,SKU_D,139
187,W1,SKU_E,69
187,W2,SKU_A,219
187,W2,SKU_B,61
187,W2,SKU_C,115
187,W2,SKU_D,109
187,W2,SKU_E,69
187,R1,SKU_A,167
187,R1,SKU_B,92
187,R1,SKU_C,133
187,R1,SKU_D,94
187,R1,SKU_E,56
187,R2,SKU_A,137
187,R2,SKU_B,62
187,R2,SKU_C,57
187,R2,SKU_D,66
187,R2,SKU_E,51
187,R3,SKU_A,235
187,R3,SKU_B,73
187,R3,SKU_C,102
187,R3,SKU_D,93
187,R3,SKU_E,89
188,Supplier,SKU_A,0
188,Supplier,SKU_B,0
188,Supplier,SKU_C,0
188,Supplier,SKU_D,0
188,Supplier,SKU_E,0
188,W1,SKU_A,304
188,W1,SKU_B,154
188,W1,SKU_C,190
188,W1,SKU_D,160
188,W1,SKU_E,107
188,W2,SKU_A,235
188,W2,SKU_B,73
188,W2,SKU_C,102
188,W2,SKU_D,93
188,W2,SKU_E,89
188,R1,SKU_A,222
188,R1,SKU_B,118
188,R1,SKU_C,168
188,R1,SKU_D,99
188,R1,SKU_E,57
188,R2,SKU_A,145
188,R2,SKU_B,72
188,R2,SKU_C,92
188,R2,SKU_D,84
188,R2,SKU_E,76
188,R3,SKU_A,213
188,R3,SKU_B,70
188,R3,SKU_C,105
188,R3,SKU_D,81
188,R3,SKU_E,100
189,Supplier,SKU_A,0
189,Supplier,SKU_B,0
189,Supplier,SKU_C,0
189,Supplier,SKU_D,0
189,Supplier,SKU_E,0
189,W1,SKU_A,367
189,W1,SKU_B,190
189,W1,SKU_C,260
189,W1,SKU_D,183
189,W1,SKU_E,133
189,W2,SKU_A,213
189,W2,SKU_B,70
189,W2,SKU_C,105
189,W2,SKU_D,81
189,W2,SKU_E,100
189,R1,SKU_A,185
189,R1,SKU_B,91
189,R1,SKU_C,106
189,R1,SKU_D,91
189,R1,SKU_E,64
189,R2,SKU_A,117
189,R2,SKU_B,44
189,R2,SKU_C,90
189,R2,SKU_D,53
189,R2,SKU_E,46
189,R3,SKU_A,224
189,R3,SKU_B,58
189,R3,SKU_C,78
189,R3,SKU_D,93
189,R3,SKU_E,100
190,Supplier,SKU_A,0
190,Supplier,SKU_B,0
190,Supplier,SKU_C,0
190,Supplier,SKU_D,0
190,Supplier,SKU_E,0
190,W1,SKU_A,302
190,W1,SKU_B,135
190,W1,SKU_C,196
190,W1,SKU_D,144
190,W1,SKU_E,110
190,W2,SKU_A,224
190,W2,SKU_B,58
190,W2,SKU_C,78
190,W2,SKU_D,93
190,W2,SKU_E,100
190,R1,SKU_A,95
190,R1,SKU_B,48
190,R1,SKU_C,62
190,R1,SKU_D,51
190,R1,SKU_E,41
190,R2,SKU_A,92
190,R2,SKU_B,44
190,R2,SKU_C,38
190,R2,SKU_D,38
190,R2,SKU_E,44
190,R3,SKU_A,170
190,R3,SKU_B,48
190,R3,SKU_C,75
190,R3,SKU_D,54
190,R3,SKU_E,75
191,Supplier,SKU_A,0
191,Supplier,SKU_B,0
191,Supplier,SKU_C,0
191,Supplier,SKU_D,0
191,Supplier,SKU_E,0
191,W1,SKU_A,187
191,W1,SKU_B,92
191,W1,SKU_C,100
191,W1,SKU_D,89
191,W1,SKU_E,85
191,W2,SKU_A,170
191,W2,SKU_B,48
191,W2,SKU_C,75
191,W2,SKU_D,54
191,W2,SKU_E,75
191,R1,SKU_A,125
191,R1,SKU_B,50
191,R1,SKU_C,62
191,R1,SKU_D,44
191,R1,SKU_E,50
191,R2,SKU_A,88
191,R2,SKU_B,46
191,R2,SKU_C,43
191,R2,SKU_D,45
191,R2,SKU_E,46
191,R3,SKU_A,168
191,R3,SKU_B,41
191,R3,SKU_C,81
191,R3,SKU_D,90
191,R3,SKU_E,94
192,Supplier,SKU_A,0
192,Supplier,SKU_B,0
192,Supplier,SKU_C,0
192,Supplier,SKU_D,0
192,Supplier,SKU_E,0
192,W1,SKU_A,213
192,W1,SKU_B,96
192,W1,SKU_C,105
192,W1,SKU_D,89
192,W1,SKU_E,96
192,W2,SKU_A,168
192,W2,SKU_B,41
192,W2,SKU_C,81
192,W2,SKU_D,90
192,W2,SKU_E,94
192,R1,SKU_A,134
192,R1,SKU_B,56
192,R1,SKU_C,58
192,R1,SKU_D,48
192,R1,SKU_E,25
192,R2,SKU_A,75
192,R2,SKU_B,47
192,R2,SKU_C,30
192,R2,SKU_D,52
192,R2,SKU_E,47
192,R3,SKU_A,138
192,R3,SKU_B,55
192,R3,SKU_C,72
192,R3,SKU_D,75
192,R3,SKU_E,66
193,Supplier,SKU_A,0
193,Supplier,SKU_B,0
193,Supplier,SKU_C,0
193,Supplier,SKU_D,0
193,Supplier,SKU_E,0
193,W1,SKU_A,209
193,W1,SKU_B,103
193,W1,SKU_C,88
193,W1,SKU_D,100
193,W1,SKU_E,72
193,W2,SKU_A,138
193,W2,SKU_B,55
193,W2,SKU_C,72
193,W2,SKU_D,75
193,W2,SKU_E,66
193,R1,SKU_A,157
193,R1,SKU_B,57
193,R1,SKU_C,75
193,R1,SKU_D,58
193,R1,SKU_E,39
193,R2,SKU_A,80
193,R2,SKU_B,46
193,R2,SKU_C,45
193,R2,SKU_D,63
193,R2,SKU_E,55
193,R3,SKU_A,174
193,R3,SKU_B,51
193,R3,SKU_C,92
193,R3,SKU_D,92
193,R3,SKU_E,81
194,Supplier,SKU_A,0
194,Supplier,SKU_B,0
194,Supplier,SKU_C,0
194,Supplier,SKU_D,0
194,Supplier,SKU_E,0
194,W1,SKU_A,237
194,W1,SKU_B,103
194,W1,SKU_C,120
194,W1,SKU_D,121
194,W1,SKU_E,94
194,W2,SKU_A,174
194,W2,SKU_B,51
194,W2,SKU_C,92
194,W2,SKU_D,92
194,W2,SKU_E,81
194,R1,SKU_A,137
194,R1,SKU_B,47
194,R1,SKU_C,101
194,R1,SKU_D,52
194,R1,SKU_E,53
194,R2,SKU_A,94
194,R2,SKU_B,44
194,R2,SKU_C,50
194,R2,SKU_D,48
194,R2,SKU_E,48
194,R3,SKU_A,201
194,R3,SKU_B,61
194,R3,SKU_C,112
194,R3,SKU_D,111
194,R3,SKU_E,95
195,Supplier,SKU_A,0
195,Supplier,SKU_B,0
195,Supplier,SKU_C,0
195,Supplier,SKU_D,0
195,Supplier,SKU_E,0
195,W1,SKU_A,231
195,W1,SKU_B,91
195,W1,SKU_C,151
195,W1,SKU_D,100
195,W1,SKU_E,101
195,W2,SKU_A,201
195,W2,SKU_B,61
195,W2,SKU_C,112
195,W2,SKU_D,111
195,W2,SKU_E,95
195,R1,SKU_A,190
195,R1,SKU_B,106
195,R1,SKU_C,153
195,R1,SKU_D,82
195,R1,SKU_E,60
195,R2,SKU_A,129
195,R2,SKU_B,55
195,R2,SKU_C,60
195,R2,SKU_D,65
195,R2,SKU_E,62
195,R3,SKU_A,191
195,R3,SKU_B,59
195,R3,SKU_C,123
195,R3,SKU_D,116
195,R3,SKU_E,107
196,Supplier,SKU_A,0
196,Supplier,SKU_B,0
196,Supplier,SKU_C,0
196,Supplier,SKU_D,0
196,Supplier,SKU_E,0
196,W1,SKU_A,319
196,W1,SKU_B,161
196,W1,SKU_C,213
196,W1,SKU_D,147
196,W1,SKU_E,122
196,W2,SKU_A,191
196,W2,SKU_B,59
196,W2,SKU_C,123
196,W2,SKU_D,116
196,W2,SKU_E,107
196,R1,SKU_A,194
196,R1,SKU_B,77
196,R1,SKU_C,138
196,R1,SKU_D,78
196,R1,SKU_E,59
196,R2,SKU_A,149
196,R2,SKU_B,63
196,R2,SKU_C,63
196,R2,SKU_D,74
196,R2,SKU_E,45
196,R3,SKU_A,210
196,R3,SKU_B,69
196,R3,SKU_C,115
196,R3,SKU_D,86
196,R3,SKU_E,92
197,Supplier,SKU_A,0
197,Supplier,SKU_B,0
197,Supplier,SKU_C,0
197,Supplier,SKU_D,0
197,Supplier,SKU_E,0
197,W1,SKU_A,343
197,W1,SKU_B,140
197,W1,SKU_C,201
197,W1,SKU_D,152
197,W1,SKU_E,104
197,W2,SKU_A,210
197,W2,SKU_B,69
197,W2,SKU_C,115
197,W2,SKU_D,86
197,W2,SKU_E,92
197,R1,SKU_A,117
197,R1,SKU_B,42
197,R1,SKU_C,80
197,R1,SKU_D,49
197,R1,SKU_E,46
197,R2,SKU_A,84
197,R2,SKU_B,39
197,R2,SKU_C,39
197,R2,SKU_D,40
197,R2,SKU_E,53
197,R3,SKU_A,163
197,R3,SKU_B,53
197,R3,SKU_C,69
197,R3,SKU_D,76
197,R3,SKU_E,83
198,Supplier,SKU_A,0
198,Supplier,SKU_B,0
198,Supplier,SKU_C,0
198,Supplier,SKU_D,0
198,Supplier,SKU_E,0
198,W1,SKU_A,201
198,W1,SKU_B,81
198,W1,SKU_C,119
198,W1,SKU_D,89
198,W1,SKU_E,99
198,W2,SKU_A,163
198,W2,SKU_B,53
198,W2,SKU_C,69
198,W2,SKU_D,76
198,W2,SKU_E,83
198,R1,SKU_A,134
198,R1,SKU_B,37
198,R1,SKU_C,66
198,R1,SKU_D,63
198,R1,SKU_E,38
198,R2,SKU_A,86
198,R2,SKU_B,41
198,R2,SKU_C,47
198,R2,SKU_D,44
198,R2,SKU_E,49
198,R3,SKU_A,177
198,R3,SKU_B,30
198,R3,SKU_C,80
198,R3,SKU_D,78
198,R3,SKU_E,80
199,Supplier,SKU_A,0
199,Supplier,SKU_B,0
199,Supplier,SKU_C,0
199,Supplier,SKU_D,0
199,Supplier,SKU_E,0
199,W1,SKU_A,220
199,W1,SKU_B,78
199,W1,SKU_C,113
199,W1,SKU_D,107
199,W1,SKU_E,87
199,W2,SKU_A,177
199,W2,SKU_B,30
199,W2,SKU_C,80
199,W2,SKU_D,78
199,W2,SKU_E,80
199,R1,SKU_A,146
199,R1,SKU_B,66
199,R1,SKU_C,106
199,R1,SKU_D,58
199,R1,SKU_E,47
199,R2,SKU_A,84
199,R2,SKU_B,35
199,R2,SKU_C,47
199,R2,SKU_D,49
199,R2,SKU_E,58
199,R3,SKU_A,171
199,R3,SKU_B,50
199,R3,SKU_C,110
199,R3,SKU_D,72
199,R3,SKU_E,85
200,Supplier,SKU_A,0
200,Supplier,SKU_B,0
200,Supplier,SKU_C,0
200,Supplier,SKU_D,0
200,Supplier,SKU_E,0
200,W1,SKU_A,230
200,W1,SKU_B,101
200,W1,SKU_C,153
200,W1,SKU_D,107
200,W1,SKU_E,105
200,W2,SKU_A,171
200,W2,SKU_B,50
200,W2,SKU_C,110
200,W2,SKU_D,72
200,W2,SKU_E,85
200,R1,SKU_A,142
200,R1,SKU_B,42
200,R1,SKU_C,77
200,R1,SKU_D,44
200,R1,SKU_E,27
200,R2,SKU_A,90
200,R2,SKU_B,42
200,R2,SKU_C,37
200,R2,SKU_D,53
200,R2,SKU_E,34
200,R3,SKU_A,172
200,R3,SKU_B,44
200,R3,SKU_C,84
200,R3,SKU_D,91
200,R3,SKU_E,83
201,Supplier,SKU_A,0
201,Supplier,SKU_B,0
201,Supplier,SKU_C,0
201,Supplier,SKU_D,0
201,Supplier,SKU_E,0
201,W1,SKU_A,232
201,W1,SKU_B,84
201,W1,SKU_C,114
201,W1,SKU_D,97
201,W1,SKU_E,61
201,W2,SKU_A,172
201,W2,SKU_B,44
201,W2,SKU_C,84
201,W2,SKU_D,91
201,W2,SKU_E,83
201,R1,SKU_A,145
201,R1,SKU_B,49
201,R1,SKU_C,85
201,R1,SKU_D,56
201,R1,SKU_E,55
201,R2,SKU_A,102
201,R2,SKU_B,56
201,R2,SKU_C,52
201,R2,SKU_D,46
201,R2,SKU_E,47
201,R3,SKU_A,210
201,R3,SKU_B,47
201,R3,SKU_C,95
201,R3,SKU_D,109
201,R3,SKU_E,85
202,Supplier,SKU_A,0
202,Supplier,SKU_B,0
202,Supplier,SKU_C,0
202,Supplier,SKU_D,0
202,Supplier,SKU_E,0
202,W1,SKU_A,247
202,W1,SKU_B,105
202,W1,SKU_C,137
202,W1,SKU_D,102
202,W1,SKU_E,102
202,W2,SKU_A,210
202,W2,SKU_B,47
202,W2,SKU_C,95
202,W2,SKU_D,109
202,W2,SKU_E,85
202,R1,SKU_A,195
202,R1,SKU_B,104
202,R1,SKU_C,155
202,R1,SKU_D,91
202,R1,SKU_E,70
202,R2,SKU_A,126
202,R2,SKU_B,64
202,R2,SKU_C,63
202,R2,SKU_D,53
202,R2,SKU_E,50
202,R3,SKU_A,236
202,R3,SKU_B,90
202,R3,SKU_C,150
202,R3,SKU_D,119
202,R3,SKU_E,100
203,Supplier,SKU_A,0
203,Supplier,SKU_B,0
203,Supplier,SKU_C,0
203,Supplier,SKU_D,0
203,Supplier,SKU_E,0
203,W1,SKU_A,321
203,W1,SKU_B,168
203,W1,SKU_C,218
203,W1,SKU_D,144
203,W1,SKU_E,120
203,W2,SKU_A,236
203,W2,SKU_B,90
203,W2,SKU_C,150
203,W2,SKU_D,119
203,W2,SKU_E,100
203,R1,SKU_A,188
203,R1,SKU_B,87
203,R1,SKU_C,124
203,R1,SKU_D,73
203,R1,SKU_E,61
203,R2,SKU_A,147
203,R2,SKU_B,65
203,R2,SKU_C,59
203,R2,SKU_D,71
203,R2,SKU_E,62
203,R3,SKU_A,233
203,R3,SKU_B,76
203,R3,SKU_C,124
203,R3,SKU_D,92
203,R3,SKU_E,111
204,Supplier,SKU_A,0
204,Supplier,SKU_B,0
204,Supplier,SKU_C,0
204,Supplier,SKU_D,0
204,Supplier,SKU_E,0
204,W1,SKU_A,335
204,W1,SKU_B,152
204,W1,SKU_C,183
204,W1,SKU_D,144
204,W1,SKU_E,123
204,W2,SKU_A,233
204,W2,SKU_B,76
204,W2,SKU_C,124
204,W2,SKU_D,92
204,W2,SKU_E,111
204,R1,SKU_A,119
204,R1,SKU_B,41
204,R1,SKU_C,82
204,R1,SKU_D,55
204,R1,SKU_E,46
204,R2,SKU_A,89
204,R2,SKU_B,33
204,R2,SKU_C,44
204,R2,SKU_D,61
204,R2,SKU_E,38
204,R3,SKU_A,151
204,R3,SKU_B,38
204,R3,SKU_C,82
204,R3,SKU_D,93
204,R3,SKU_E,71
205,Supplier,SKU_A,0
205,Supplier,SKU_B,0
205,Supplier,SKU_C,0
205,Supplier,SKU_D,0
205,Supplier,SKU_E,0
205,W1,SKU_A,208
205,W1,SKU_B,74
205,W1,SKU_C,126
205,W1,SKU_D,116
205,W1,SKU_E,84
205,W2,SKU_A,151
205,W2,SKU_B,38
205,W2,SKU_C,82
205,W2,SKU_D,93
205,W2,SKU_E,71
205,R1,SKU_A,123
205,R1,SKU_B,47
205,R1,SKU_C,77
205,R1,SKU_D,45
205,R1,SKU_E,34
205,R2,SKU_A,93
205,R2,SKU_B,36
205,R2,SKU_C,41
205,R2,SKU_D,31
205,R2,SKU_E,43
205,R3,SKU_A,128
205,R3,SKU_B,36
205,R3,SKU_C,60
205,R3,SKU_D,62
205,R3,SKU_E,74
206,Supplier,SKU_A,0
206,Supplier,SKU_B,0
206,Supplier,SKU_C,0
206,Supplier,SKU_D,0
206,Supplier,SKU_E,0
206,W1,SKU_A,216
206,W1,SKU_B,83
206,W1,SKU_C,118
206,W1,SKU_D,76
206,W1,SKU_E,77
206,W2,SKU_A,128
206,W2,SKU_B,36
206,W2,SKU_C,60
206,W2,SKU_D,62
206,W2,SKU_E,74
206,R1,SKU_A,138
206,R1,SKU_B,44
206,R1,SKU_C,77
206,R1,SKU_D,58
206,R1,SKU_E,41
206,R2,SKU_A,78
206,R2,SKU_B,19
206,R2,SKU_C,30
206,R2,SKU_D,32
206,R2,SKU_E,38
206,R3,SKU_A,181
206,R3,SKU_B,37
206,R3,SKU_C,66
206,R3,SKU_D,72
206,R3,SKU_E,64
207,Supplier,SKU_A,0
207,Supplier,SKU_B,0
207,Supplier,SKU_C,0
207,Supplier,SKU_D,0
207,Supplier,SKU_E,0
207,W1,SKU_A,216
207,W1,SKU_B,63
207,W1,SKU_C,107
207,W1,SKU_D,90
207,W1,SKU_E,79
207,W2,SKU_A,181
207,W2,SKU_B,37
207,W2,SKU_C,66
207,W2,SKU_D,72
207,W2,SKU_E,64
207,R1,SKU_A,103
207,R1,SKU_B,68
207,R1,SKU_C,67
207,R1,SKU_D,52
207,R1,SKU_E,40
207,R2,SKU_A,90
207,R2,SKU_B,29
207,R2,SKU_C,51
207,R2,SKU_D,42
207,R2,SKU_E,33
207,R3,SKU_A,176
207,R3,SKU_B,52
207,R3,SKU_C,83
207,R3,SKU_D,87
207,R3,SKU_E,79
208,Supplier,SKU_A,0
208,Supplier,SKU_B,0
208,Supplier,SKU_C,0
208,Supplier,SKU_D,0
208,Supplier,SKU_E,0
208,W1,SKU_A,193
208,W1,SKU_B,97
208,W1,SKU_C,118
208,W1,SKU_D,94
208,W1,SKU_E,73
208,W2,SKU_A,176
208,W2,SKU_B,52
208,W2,SKU_C,83
208,W2,SKU_D,87
208,W2,SKU_E,79
208,R1,SKU_A,153
208,R1,SKU_B,76
208,R1,SKU_C,94
208,R1,SKU_D,67
208,R1,SKU_E,62
208,R2,SKU_A,89
208,R2,SKU_B,46
208,R2,SKU_C,26
208,R2,SKU_D,45
208,R2,SKU_E,61
208,R3,SKU_A,211
208,R3,SKU_B,65
208,R3,SKU_C,115
208,R3,SKU_D,75
208,R3,SKU_E,106
209,Supplier,SKU_A,0
209,Supplier,SKU_B,0
209,Supplier,SKU_C,0
209,Supplier,SKU_D,0
209,Supplier,SKU_E,0
209,W1,SKU_A,242
209,W1,SKU_B,122
209,W1,SKU_C,120
209,W1,SKU_D,112
209,W1,SKU_E,123
209,W2,SKU_A,211
209,W2,SKU_B,65
209,W2,SKU_C,115
209,W2,SKU_D,75
209,W2,SKU_E,106
209,R1,SKU_A,197
209,R1,SKU_B,121
209,R1,SKU_C,155
209,R1,SKU_D,78
209,R1,SKU_E,58
209,R2,SKU_A,138
209,R2,SKU_B,50
209,R2,SKU_C,50
209,R2,SKU_D,62
209,R2,SKU_E,53
209,R3,SKU_A,243
209,R3,SKU_B,46
209,R3,SKU_C,125
209,R3,SKU_D,102
209,R3,SKU_E,98
210,Supplier,SKU_A,0
210,Supplier,SKU_B,0
210,Supplier,SKU_C,0
210,Supplier,SKU_D,0
210,Supplier,SKU_E,0
210,W1,SKU_A,335
210,W1,SKU_B,171
210,W1,SKU_C,205
210,W1,SKU_D,140
210,W1,SKU_E,111
210,W2,SKU_A,243
210,W2,SKU_B,46
210,W2,SKU_C,125
210,W2,SKU_D,102
210,W2,SKU_E,98
210,R1,SKU_A,231
210,R1,SKU_B,91
210,R1,SKU_C,142
210,R1,SKU_D,94
210,R1,SKU_E,72
210,R2,SKU_A,132
210,R2,SKU_B,59
210,R2,SKU_C,77
210,R2,SKU_D,57
210,R2,SKU_E,38
210,R3,SKU_A,250
210,R3,SKU_B,60
210,R3,SKU_C,122
210,R3,SKU_D,98
210,R3,SKU_E,74
211,Supplier,SKU_A,0
211,Supplier,SKU_B,0
211,Supplier,SKU_C,0
211,Supplier,SKU_D,0
211,Supplier,SKU_E,0
211,W1,SKU_A,363
211,W1,SKU_B,150
211,W1,SKU_C,219
211,W1,SKU_D,151
211,W1,SKU_E,110
211,W2,SKU_A,250
211,W2,SKU_B,60
211,W2,SKU_C,122
211,W2,SKU_D,98
211,W2,SKU_E,74
211,R1,SKU_A,133
211,R1,SKU_B,52
211,R1,SKU_C,89
211,R1,SKU_D,76
211,R1,SKU_E,35
211,R2,SKU_A,103
211,R2,SKU_B,34
211,R2,SKU_C,37
211,R2,SKU_D,39
211,R2,SKU_E,39
211,R3,SKU_A,171
211,R3,SKU_B,44
211,R3,SKU_C,102
211,R3,SKU_D,101
211,R3,SKU_E,59
212,Supplier,SKU_A,0
212,Supplier,SKU_B,0
212,Supplier,SKU_C,0
212,Supplier,SKU_D,0
212,Supplier,SKU_E,0
212,W1,SKU_A,236
212,W1,SKU_B,86
212,W1,SKU_C,126
212,W1,SKU_D,115
212,W1,SKU_E,74
212,W2,SKU_A,171
212,W2,SKU_B,44
212,W2,SKU_C,102
212,W2,SKU_D,101
212,W2,SKU_E,59
212,R1,SKU_A,149
212,R1,SKU_B,58
212,R1,SKU_C,97
212,R1,SKU_D,65
212,R1,SKU_E,40
212,R2,SKU_A,99
212,R2,SKU_B,41
212,R2,SKU_C,43
212,R2,SKU_D,49
212,R2,SKU_E,45
212,R3,SKU_A,194
212,R3,SKU_B,54
212,R3,SKU_C,93
212,R3,SKU_D,107
212,R3,SKU_E,89
213,Supplier,SKU_A,0
213,Supplier,SKU_B,0
213,Supplier,SKU_C,0
213,Supplier,SKU_D,0
213,Supplier,SKU_E,0
213,W1,SKU_A,248
213,W1,SKU_B,99
213,W1,SKU_C,140
213,W1,SKU_D,114
213,W1,SKU_E,85
213,W2,SKU_A,194
213,W2,SKU_B,54
213,W2,SKU_C,93
213,W2,SKU_D,107
213,W2,SKU_E,89
213,R1,SKU_A,176
213,R1,SKU_B,65
213,R1,SKU_C,104
213,R1,SKU_D,79
213,R1,SKU_E,48
213,R2,SKU_A,93
213,R2,SKU_B,47
213,R2,SKU_C,51
213,R2,SKU_D,41
213,R2,SKU_E,61
213,R3,SKU_A,247
213,R3,SKU_B,79
213,R3,SKU_C,141
213,R3,SKU_D,149
213,R3,SKU_E,95
214,Supplier,SKU_A,0
214,Supplier,SKU_B,0
214,Supplier,SKU_C,0
214,Supplier,SKU_D,0
214,Supplier,SKU_E,0
214,W1,SKU_A,269
214,W1,SKU_B,112
214,W1,SKU_C,155
214,W1,SKU_D,120
214,W1,SKU_E,109
214,W2,SKU_A,247
214,W2,SKU_B,79
214,W2,SKU_C,141
214,W2,SKU_D,149
214,W2,SKU_E,95
214,R1,SKU_A,218
214,R1,SKU_B,104
214,R1,SKU_C,177
214,R1,SKU_D,113
214,R1,SKU_E,107
214,R2,SKU_A,136
214,R2,SKU_B,72
214,R2,SKU_C,99
214,R2,SKU_D,84
214,R2,SKU_E,57
214,R3,SKU_A,302
214,R3,SKU_B,76
214,R3,SKU_C,201
214,R3,SKU_D,169
214,R3,SKU_E,133
215,Supplier,SKU_A,0
215,Supplier,SKU_B,0
215,Supplier,SKU_C,0
215,Supplier,SKU_D,0
215,Supplier,SKU_E,0
215,W1,SKU_A,354
215,W1,SKU_B,176
215,W1,SKU_C,276
215,W1,SKU_D,197
215,W1,SKU_E,164
215,W2,SKU_A,302
215,W2,SKU_B,76
215,W2,SKU_C,201
215,W2,SKU_D,169
215,W2,SKU_E,133
215,R1,SKU_A,252
215,R1,SKU_B,79
215,R1,SKU_C,127
215,R1,SKU_D,103
215,R1,SKU_E,79
215,R2,SKU_A,114
215,R2,SKU_B,57
215,R2,SKU_C,76
215,R2,SKU_D,43
215,R2,SKU_E,45
215,R3,SKU_A,263
215,R3,SKU_B,86
215,R3,SKU_C,131
215,R3,SKU_D,131
215,R3,SKU_E,120
216,Supplier,SKU_A,0
216,Supplier,SKU_B,0
216,Supplier,SKU_C,0
216,Supplier,SKU_D,0
216,Supplier,SKU_E,0
216,W1,SKU_A,366
216,W1,SKU_B,136
216,W1,SKU_C,203
216,W1,SKU_D,146
216,W1,SKU_E,124
216,W2,SKU_A,263
216,W2,SKU_B,86
216,W2,SKU_C,131
216,W2,SKU_D,131
216,W2,SKU_E,120
216,R1,SKU_A,160
216,R1,SKU_B,88
216,R1,SKU_C,113
216,R1,SKU_D,70
216,R1,SKU_E,57
216,R2,SKU_A,81
216,R2,SKU_B,49
216,R2,SKU_C,62
216,R2,SKU_D,41
216,R2,SKU_E,35
216,R3,SKU_A,214
216,R3,SKU_B,66
216,R3,SKU_C,92
216,R3,SKU_D,106
216,R3,SKU_E,85
217,Supplier,SKU_A,0
217,Supplier,SKU_B,0
217,Supplier,SKU_C,0
217,Supplier,SKU_D,0
217,Supplier,SKU_E,0
217,W1,SKU_A,241
217,W1,SKU_B,137
217,W1,SKU_C,175
217,W1,SKU_D,111
217,W1,SKU_E,92
217,W2,SKU_A,214
217,W2,SKU_B,66
217,W2,SKU_C,92
217,W2,SKU_D,106
217,W2,SKU_E,85
217,R1,SKU_A,202
217,R1,SKU_B,68
217,R1,SKU_C,143
217,R1,SKU_D,80
217,R1,SKU_E,58
217,R2,SKU_A,116
217,R2,SKU_B,45
217,R2,SKU_C,56
217,R2,SKU_D,35
217,R2,SKU_E,37
217,R3,SKU_A,200
217,R3,SKU_B,43
217,R3,SKU_C,106
217,R3,SKU_D,75
217,R3,SKU_E,70
218,Supplier,SKU_A,0
218,Supplier,SKU_B,0
218,Supplier,SKU_C,0
218,Supplier,SKU_D,0
218,Supplier,SKU_E,0
218,W1,SKU_A,318
218,W1,SKU_B,113
218,W1,SKU_C,199
218,W1,SKU_D,115
218,W1,SKU_E,95
218,W2,SKU_A,200
218,W2,SKU_B,43
218,W2,SKU_C,106
218,W2,SKU_D,75
218,W2,SKU_E,70
218,R1,SKU_A,106
218,R1,SKU_B,42
218,R1,SKU_C,82
218,R1,SKU_D,43
218,R1,SKU_E,44
218,R2,SKU_A,90
218,R2,SKU_B,35
218,R2,SKU_C,46
218,R2,SKU_D,32
218,R2,SKU_E,37
218,R3,SKU_A,136
218,R3,SKU_B,41
218,R3,SKU_C,74
218,R3,SKU_D,77
218,R3,SKU_E,57
219,Supplier,SKU_A,0
219,Supplier,SKU_B,0
219,Supplier,SKU_C,0
219,Supplier,SKU_D,0
219,Supplier,SKU_E,0
219,W1,SKU_A,196
219,W1,SKU_B,77
219,W1,SKU_C,128
219,W1,SKU_D,75
219,W1,SKU_E,81
219,W2,SKU_A,136
219,W2,SKU_B,41
219,W2,SKU_C,74
219,W2,SKU_D,77
219,W2,SKU_E,57
219,R1,SKU_A,149
219,R1,SKU_B,38
219,R1,SKU_C,100
219,R1,SKU_D,66
219,R1,SKU_E,37
219,R2,SKU_A,84
219,R2,SKU_B,47
219,R2,SKU_C,32
219,R2,SKU_D,62
219,R2,SKU_E,33
219,R3,SKU_A,180
219,R3,SKU_B,48
219,R3,SKU_C,81
219,R3,SKU_D,74
219,R3,SKU_E,86
220,Supplier,SKU_A,0
220,Supplier,SKU_B,0
220,Supplier,SKU_C,0
220,Supplier,SKU_D,0
220,Supplier,SKU_E,0
220,W1,SKU_A,233
220,W1,SKU_B,85
220,W1,SKU_C,132
220,W1,SKU_D,128
220,W1,SKU_E,70
220,W2,SKU_A,180
220,W2,SKU_B,48
220,W2,SKU_C,81
220,W2,SKU_D,74
220,W2,SKU_E,86
220,R1,SKU_A,128
220,R1,SKU_B,54
220,R1,SKU_C,90
220,R1,SKU_D,59
220,R1,SKU_E,36
220,R2,SKU_A,76
220,R2,SKU_B,44
220,R2,SKU_C,39
220,R2,SKU_D,43
220,R2,SKU_E,38
220,R3,SKU_A,155
220,R3,SKU_B,54
220,R3,SKU_C,86
220,R3,SKU_D,90
220,R3,SKU_E,78
221,Supplier,SKU_A,0
221,Supplier,SKU_B,0
221,Supplier,SKU_C,0
221,Supplier,SKU_D,0
221,Supplier,SKU_E,0
221,W1,SKU_A,204
221,W1,SKU_B,98
221,W1,SKU_C,129
221,W1,SKU_D,102
221,W1,SKU_E,74
221,W2,SKU_A,155
221,W2,SKU_B,54
221,W2,SKU_C,86
221,W2,SKU_D,90
221,W2,SKU_E,78
221,R1,SKU_A,114
221,R1,SKU_B,44
221,R1,SKU_C,85
221,R1,SKU_D,70
221,R1,SKU_E,39
221,R2,SKU_A,94
221,R2,SKU_B,33
221,R2,SKU_C,48
221,R2,SKU_D,56
221,R2,SKU_E,46
221,R3,SKU_A,219
221,R3,SKU_B,53
221,R3,SKU_C,104
221,R3,SKU_D,108
221,R3,SKU_E,96
222,Supplier,SKU_A,0
222,Supplier,SKU_B,0
222,Supplier,SKU_C,0
222,Supplier,SKU_D,0
222,Supplier,SKU_E,0
222,W1,SKU_A,208
222,W1,SKU_B,77
222,W1,SKU_C,133
222,W1,SKU_D,126
222,W1,SKU_E,85
222,W2,SKU_A,219
222,W2,SKU_B,53
222,W2,SKU_C,104
222,W2,SKU_D,108
222,W2,SKU_E,96
222,R1,SKU_A,146
222,R1,SKU_B,62
222,R1,SKU_C,115
222,R1,SKU_D,67
222,R1,SKU_E,60
222,R2,SKU_A,112
222,R2,SKU_B,55
222,R2,SKU_C,35
222,R2,SKU_D,60
222,R2,SKU_E,55
222,R3,SKU_A,230
222,R3,SKU_B,49
222,R3,SKU_C,110
222,R3,SKU_D,103
222,R3,SKU_E,100
223,Supplier,SKU_A,0
223,Supplier,SKU_B,0
223,Supplier,SKU_C,0
223,Supplier,SKU_D,0
223,Supplier,SKU_E,0
223,W1,SKU_A,258
223,W1,SKU_B,117
223,W1,SKU_C,150
223,W1,SKU_D,127
223,W1,SKU_E,115
223,W2,SKU_A,230
223,W2,SKU_B,49
223,W2,SKU_C,110
223,W2,SKU_D,103
223,W2,SKU_E,100
223,R1,SKU_A,252
223,R1,SKU_B,101
223,R1,SKU_C,174
223,R1,SKU_D,82
223,R1,SKU_E,81
223,R2,SKU_A,115
223,R2,SKU_B,53
223,R2,SKU_C,54
223,R2,SKU_D,56
223,R2,SKU_E,66
223,R3,SKU_A,296
223,R3,SKU_B,69
223,R3,SKU_C,172
223,R3,SKU_D,171
223,R3,SKU_E,127
224,Supplier,SKU_A,0
224,Supplier,SKU_B,0
224,Supplier,SKU_C,0
224,Supplier,SKU_D,0
224,Supplier,SKU_E,0
224,W1,SKU_A,367
224,W1,SKU_B,154
224,W1,SKU_C,228
224,W1,SKU_D,138
224,W1,SKU_E,147
224,W2,SKU_A,296
224,W2,SKU_B,69
224,W2,SKU_C,172
224,W2,SKU_D,171
224,W2,SKU_E,127
224,R1,SKU_A,264
224,R1,SKU_B,82
224,R1,SKU_C,144
224,R1,SKU_D,82
224,R1,SKU_E,55
224,R2,SKU_A,140
224,R2,SKU_B,61
224,R2,SKU_C,76
224,R2,SKU_D,55
224,R2,SKU_E,70
224,R3,SKU_A,261
224,R3,SKU_B,61
224,R3,SKU_C,155
224,R3,SKU_D,94
224,R3,SKU_E,100
225,Supplier,SKU_A,0
225,Supplier,SKU_B,0
225,Supplier,SKU_C,0
225,Supplier,SKU_D,0
225,Supplier,SKU_E,0
225,W1,SKU_A,404
225,W1,SKU_B,143
225,W1,SKU_C,220
225,W1,SKU_D,137
225,W1,SKU_E,125
225,W2,SKU_A,261
225,W2,SKU_B,61
225,W2,SKU_C,155
225,W2,SKU_D,94
225,W2,SKU_E,100
225,R1,SKU_A,109
225,R1,SKU_B,37
225,R1,SKU_C,99
225,R1,SKU_D,56
225,R1,SKU_E,44
225,R2,SKU_A,94
225,R2,SKU_B,43
225,R2,SKU_C,47
225,R2,SKU_D,48
225,R2,SKU_E,45
225,R3,SKU_A,179
225,R3,SKU_B,52
225,R3,SKU_C,111
225,R3,SKU_D,83
225,R3,SKU_E,74
226,Supplier,SKU_A,0
226,Supplier,SKU_B,0
226,Supplier,SKU_C,0
226,Supplier,SKU_D,0
226,Supplier,SKU_E,0
226,W1,SKU_A,203
226,W1,SKU_B,80
226,W1,SKU_C,146
226,W1,SKU_D,104
226,W1,SKU_E,89
226,W2,SKU_A,179
226,W2,SKU_B,52
226,W2,SKU_C,111
226,W2,SKU_D,83
226,W2,SKU_E,74
226,R1,SKU_A,142
226,R1,SKU_B,46
226,R1,SKU_C,72
226,R1,SKU_D,50
226,R1,SKU_E,33
226,R2,SKU_A,101
226,R2,SKU_B,44
226,R2,SKU_C,47
226,R2,SKU_D,64
226,R2,SKU_E,55
226,R3,SKU_A,175
226,R3,SKU_B,43
226,R3,SKU_C,85
226,R3,SKU_D,100
226,R3,SKU_E,97
227,Supplier,SKU_A,0
227,Supplier,SKU_B,0
227,Supplier,SKU_C,0
227,Supplier,SKU_D,0
227,Supplier,SKU_E,0
227,W1,SKU_A,243
227,W1,SKU_B,90
227,W1,SKU_C,119
227,W1,SKU_D,114
227,W1,SKU_E,88
227,W2,SKU_A,175
227,W2,SKU_B,43
227,W2,SKU_C,85
227,W2,SKU_D,100
227,W2,SKU_E,97
227,R1,SKU_A,140
227,R1,SKU_B,44
227,R1,SKU_C,66
227,R1,SKU_D,54
227,R1,SKU_E,39
227,R2,SKU_A,90
227,R2,SKU_B,35
227,R2,SKU_C,50
227,R2,SKU_D,48
227,R2,SKU_E,53
227,R3,SKU_A,178
227,R3,SKU_B,47
227,R3,SKU_C,94
227,R3,SKU_D,88
227,R3,SKU_E,71
228,Supplier,SKU_A,0
228,Supplier,SKU_B,0
228,Supplier,SKU_C,0
228,Supplier,SKU_D,0
228,Supplier,SKU_E,0
228,W1,SKU_A,230
228,W1,SKU_B,79
228,W1,SKU_C,116
228,W1,SKU_D,102
228,W1,SKU_E,92
228,W2,SKU_A,178
228,W2,SKU_B,47
228,W2,SKU_C,94
228,W2,SKU_D,88
228,W2,SKU_E,71
228,R1,SKU_A,127
228,R1,SKU_B,47
228,R1,SKU_C,77
228,R1,SKU_D,57
228,R1,SKU_E,30
228,R2,SKU_A,109
228,R2,SKU_B,27
228,R2,SKU_C,54
228,R2,SKU_D,58
228,R2,SKU_E,35
228,R3,SKU_A,200
228,R3,SKU_B,35
228,R3,SKU_C,88
228,R3,SKU_D,102
228,R3,SKU_E,84
229,Supplier,SKU_A,0
229,Supplier,SKU_B,0
229,Supplier,SKU_C,0
229,Supplier,SKU_D,0
229,Supplier,SKU_E,0
229,W1,SKU_A,236
229,W1,SKU_B,74
229,W1,SKU_C,131
229,W1,SKU_D,115
229,W1,SKU_E,65
229,W2,SKU_A,200
229,W2,SKU_B,35
229,W2,SKU_C,88
229,W2,SKU_D,102
229,W2,SKU_E,84
229,R1,SKU_A,163
229,R1,SKU_B,67
229,R1,SKU_C,117
229,R1,SKU_D,66
229,R1,SKU_E,46
229,R2,SKU_A,82
229,R2,SKU_B,40
229,R2,SKU_C,43
229,R2,SKU_D,55
229,R2,SKU_E,51
229,R3,SKU_A,250
229,R3,SKU_B,48
229,R3,SKU_C,115
229,R3,SKU_D,117
229,R3,SKU_E,92
230,Supplier,SKU_A,0
230,Supplier,SKU_B,0
230,Supplier,SKU_C,0
230,Supplier,SKU_D,0
230,Supplier,SKU_E,0
230,W1,SKU_A,245
230,W1,SKU_B,107
230,W1,SKU_C,160
230,W1,SKU_D,121
230,W1,SKU_E,97
230,W2,SKU_A,250
230,W2,SKU_B,48
230,W2,SKU_C,115
230,W2,SKU_D,117
230,W2,SKU_E,92
230,R1,SKU_A,209
230,R1,SKU_B,100
230,R1,SKU_C,149
230,R1,SKU_D,85
230,R1,SKU_E,68
230,R2,SKU_A,144
230,R2,SKU_B,56
230,R2,SKU_C,65
230,R2,SKU_D,67
230,R2,SKU_E,41
230,R3,SKU_A,261
230,R3,SKU_B,71
230,R3,SKU_C,156
230,R3,SKU_D,143
230,R3,SKU_E,101
231,Supplier,SKU_A,0
231,Supplier,SKU_B,0
231,Supplier,SKU_C,0
231,Supplier,SKU_D,0
231,Supplier,SKU_E,0
231,W1,SKU_A,353
231,W1,SKU_B,156
231,W1,SKU_C,214
231,W1,SKU_D,152
231,W1,SKU_E,109
231,W2,SKU_A,261
231,W2,SKU_B,71
231,W2,SKU_C,156
231,W2,SKU_D,143
231,W2,SKU_E,101
231,R1,SKU_A,210
231,R1,SKU_B,73
231,R1,SKU_C,131
231,R1,SKU_D,99
231,R1,SKU_E,60
231,R2,SKU_A,107
231,R2,SKU_B,50
231,R2,SKU_C,62
231,R2,SKU_D,46
231,R2,SKU_E,48
231,R3,SKU_A,271
231,R3,SKU_B,53
231,R3,SKU_C,115
231,R3,SKU_D,120
231,R3,SKU_E,85
232,Supplier,SKU_A,0
232,Supplier,SKU_B,0
232,Supplier,SKU_C,0
232,Supplier,SKU_D,0
232,Supplier,SKU_E,0
232,W1,SKU_A,317
232,W1,SKU_B,123
232,W1,SKU_C,193
232,W1,SKU_D,145
232,W1,SKU_E,108
232,W2,SKU_A,271
232,W2,SKU_B,53
232,W2,SKU_C,115
232,W2,SKU_D,120
232,W2,SKU_E,85
232,R1,SKU_A,137
232,R1,SKU_B,40
232,R1,SKU_C,127
232,R1,SKU_D,47
232,R1,SKU_E,50
232,R2,SKU_A,95
232,R2,SKU_B,52
232,R2,SKU_C,37
232,R2,SKU_D,53
232,R2,SKU_E,57
232,R3,SKU_A,198
232,R3,SKU_B,56
232,R3,SKU_C,104
232,R3,SKU_D,112
232,R3,SKU_E,91
233,Supplier,SKU_A,0
233,Supplier,SKU_B,0
233,Supplier,SKU_C,0
233,Supplier,SKU_D,0
233,Supplier,SKU_E,0
233,W1,SKU_A,232
233,W1,SKU_B,92
233,W1,SKU_C,164
233,W1,SKU_D,100
233,W1,SKU_E,107
233,W2,SKU_A,198
233,W2,SKU_B,56
233,W2,SKU_C,104
233,W2,SKU_D,112
233,W2,SKU_E,91
233,R1,SKU_A,154
233,R1,SKU_B,41
233,R1,SKU_C,87
233,R1,SKU_D,72
233,R1,SKU_E,36
233,R2,SKU_A,113
233,R2,SKU_B,43
233,R2,SKU_C,35
233,R2,SKU_D,59
233,R2,SKU_E,45
233,R3,SKU_A,228
233,R3,SKU_B,35
233,R3,SKU_C,114
233,R3,SKU_D,93
233,R3,SKU_E,88
234,Supplier,SKU_A,0
234,Supplier,SKU_B,0
234,Supplier,SKU_C,0
234,Supplier,SKU_D,0
234,Supplier,SKU_E,0
234,W1,SKU_A,267
234,W1,SKU_B,84
234,W1,SKU_C,122
234,W1,SKU_D,131
234,W1,SKU_E,81
234,W2,SKU_A,228
234,W2,SKU_B,35
234,W2,SKU_C,114
234,W2,SKU_D,93
234,W2,SKU_E,88
234,R1,SKU_A,149
234,R1,SKU_B,69
234,R1,SKU_C,91
234,R1,SKU_D,78
234,R1,SKU_E,41
234,R2,SKU_A,104
234,R2,SKU_B,46
234,R2,SKU_C,41
234,R2,SKU_D,53
234,R2,SKU_E,51
234,R3,SKU_A,221
234,R3,SKU_B,42
234,R3,SKU_C,92
234,R3,SKU_D,124
234,R3,SKU_E,94
235,Supplier,SKU_A,0
235,Supplier,SKU_B,0
235,Supplier,SKU_C,0
235,Supplier,SKU_D,0
235,Supplier,SKU_E,0
235,W1,SKU_A,253
235,W1,SKU_B,115
235,W1,SKU_C,132
235,W1,SKU_D,131
235,W1,SKU_E,92
235,W2,SKU_A,221
235,W2,SKU_B,42
235,W2,SKU_C,92
235,W2,SKU_D,124
235,W2,SKU_E,94
235,R1,SKU_A,158
235,R1,SKU_B,59
235,R1,SKU_C,108
235,R1,SKU_D,68
235,R1,SKU_E,47
235,R2,SKU_A,122
235,R2,SKU_B,42
235,R2,SKU_C,59
235,R2,SKU_D,52
235,R2,SKU_E,50
235,R3,SKU_A,224
235,R3,SKU_B,55
235,R3,SKU_C,132
235,R3,SKU_D,134
235,R3,SKU_E,98
236,Supplier,SKU_A,0
236,Supplier,SKU_B,0
236,Supplier,SKU_C,0
236,Supplier,SKU_D,0
236,Supplier,SKU_E,0
236,W1,SKU_A,280
236,W1,SKU_B,101
236,W1,SKU_C,167
236,W1,SKU_D,120
236,W1,SKU_E,97
236,W2,SKU_A,224
236,W2,SKU_B,55
236,W2,SKU_C,132
236,W2,SKU_D,134
236,W2,SKU_E,98
236,R1,SKU_A,157
236,R1,SKU_B,84
236,R1,SKU_C,121
236,R1,SKU_D,61
236,R1,SKU_E,55
236,R2,SKU_A,81
236,R2,SKU_B,47
236,R2,SKU_C,61
236,R2,SKU_D,32
236,R2,SKU_E,44
236,R3,SKU_A,227
236,R3,SKU_B,74
236,R3,SKU_C,119
236,R3,SKU_D,120
236,R3,SKU_E,107
237,Supplier,SKU_A,0
237,Supplier,SKU_B,0
237,Supplier,SKU_C,0
237,Supplier,SKU_D,0
237,Supplier,SKU_E,0
237,W1,SKU_A,238
237,W1,SKU_B,131
237,W1,SKU_C,182
237,W1,SKU_D,93
237,W1,SKU_E,99
237,W2,SKU_A,227
237,W2,SKU_B,74
237,W2,SKU_C,119
237,W2,SKU_D,120
237,W2,SKU_E,107
237,R1,SKU_A,215
237,R1,SKU_B,120
237,R1,SKU_C,173
237,R1,SKU_D,115
237,R1,SKU_E,59
237,R2,SKU_A,134
237,R2,SKU_B,56
237,R2,SKU_C,67
237,R2,SKU_D,49
237,R2,SKU_E,65
237,R3,SKU_A,266
237,R3,SKU_B,70
237,R3,SKU_C,181
237,R3,SKU_D,159
237,R3,SKU_E,110
238,Supplier,SKU_A,0
238,Supplier,SKU_B,0
238,Supplier,SKU_C,0
238,Supplier,SKU_D,0
238,Supplier,SKU_E,0
238,W1,SKU_A,349
238,W1,SKU_B,176
238,W1,SKU_C,240
238,W1,SKU_D,164
238,W1,SKU_E,124
238,W2,SKU_A,266
238,W2,SKU_B,70
238,W2,SKU_C,181
238,W2,SKU_D,159
238,W2,SKU_E,110
238,R1,SKU_A,211
238,R1,SKU_B,108
238,R1,SKU_C,153
238,R1,SKU_D,94
238,R1,SKU_E,86
238,R2,SKU_A,143
238,R2,SKU_B,62
238,R2,SKU_C,51
238,R2,SKU_D,51
238,R2,SKU_E,51
238,R3,SKU_A,276
238,R3,SKU_B,47
238,R3,SKU_C,140
238,R3,SKU_D,131
238,R3,SKU_E,109
239,Supplier,SKU_A,0
239,Supplier,SKU_B,0
239,Supplier,SKU_C,0
239,Supplier,SKU_D,0
239,Supplier,SKU_E,0
239,W1,SKU_A,354
239,W1,SKU_B,170
239,W1,SKU_C,204
239,W1,SKU_D,145
239,W1,SKU_E,137
239,W2,SKU_A,276
239,W2,SKU_B,47
239,W2,SKU_C,140
239,W2,SKU_D,131
239,W2,SKU_E,109
239,R1,SKU_A,152
239,R1,SKU_B,68
239,R1,SKU_C,121
239,R1,SKU_D,65
239,R1,SKU_E,60
239,R2,SKU_A,103
239,R2,SKU_B,37
239,R2,SKU_C,40
239,R2,SKU_D,42
239,R2,SKU_E,46
239,R3,SKU_A,233
239,R3,SKU_B,36
239,R3,SKU_C,107
239,R3,SKU_D,111
239,R3,SKU_E,95
240,Supplier,SKU_A,0
240,Supplier,SKU_B,0
240,Supplier,SKU_C,0
240,Supplier,SKU_D,0
240,Supplier,SKU_E,0
240,W1,SKU_A,255
240,W1,SKU_B,105
240,W1,SKU_C,161
240,W1,SKU_D,107
240,W1,SKU_E,106
240,W2,SKU_A,233
240,W2,SKU_B,36
240,W2,SKU_C,107
240,W2,SKU_D,111
240,W2,SKU_E,95
240,R1,SKU_A,158
240,R1,SKU_B,92
240,R1,SKU_C,109
240,R1,SKU_D,75
240,R1,SKU_E,66
240,R2,SKU_A,117
240,R2,SKU_B,59
240,R2,SKU_C,42
240,R2,SKU_D,66
240,R2,SKU_E,52
240,R3,SKU_A,237
240,R3,SKU_B,57
240,R3,SKU_C,99
240,R3,SKU_D,138
240,R3,SKU_E,115
241,Supplier,SKU_A,0
241,Supplier,SKU_B,0
241,Supplier,SKU_C,0
241,Supplier,SKU_D,0
241,Supplier,SKU_E,0
241,W1,SKU_A,275
241,W1,SKU_B,151
241,W1,SKU_C,151
241,W1,SKU_D,141
241,W1,SKU_E,118
241,W2,SKU_A,237
241,W2,SKU_B,57
241,W2,SKU_C,99
241,W2,SKU_D,138
241,W2,SKU_E,115
241,R1,SKU_A,232
241,R1,SKU_B,118
241,R1,SKU_C,143
241,R1,SKU_D,91
241,R1,SKU_E,71
241,R2,SKU_A,115
241,R2,SKU_B,50
241,R2,SKU_C,49
241,R2,SKU_D,48
241,R2,SKU_E,52
241,R3,SKU_A,329
241,R3,SKU_B,80
241,R3,SKU_C,177
241,R3,SKU_D,166
241,R3,SKU_E,146
242,Supplier,SKU_A,0
242,Supplier,SKU_B,0
242,Supplier,SKU_C,0
242,Supplier,SKU_D,0
242,Supplier,SKU_E,0
242,W1,SKU_A,347
242,W1,SKU_B,168
242,W1,SKU_C,192
242,W1,SKU_D,139
242,W1,SKU_E,123
242,W2,SKU_A,329
242,W2,SKU_B,80
242,W2,SKU_C,177
242,W2,SKU_D,166
242,W2,SKU_E,146
242,R1,SKU_A,207
242,R1,SKU_B,102
242,R1,SKU_C,124
242,R1,SKU_D,90
242,R1,SKU_E,94
242,R2,SKU_A,125
242,R2,SKU_B,33
242,R2,SKU_C,39
242,R2,SKU_D,71
242,R2,SKU_E,55
242,R3,SKU_A,356
242,R3,SKU_B,64
242,R3,SKU_C,163
242,R3,SKU_D,185
242,R3,SKU_E,133
243,Supplier,SKU_A,0
243,Supplier,SKU_B,0
243,Supplier,SKU_C,0
243,Supplier,SKU_D,0
243,Supplier,SKU_E,0
243,W1,SKU_A,332
243,W1,SKU_B,135
243,W1,SKU_C,163
243,W1,SKU_D,161
243,W1,SKU_E,149
243,W2,SKU_A,356
243,W2,SKU_B,64
243,W2,SKU_C,163
243,W2,SKU_D,185
243,W2,SKU_E,133
243,R1,SKU_A,0
243,R1,SKU_B,1
243,R1,SKU_C,1
243,R1,SKU_D,0
243,R1,SKU_E,0
243,R2,SKU_A,0
243,R2,SKU_B,0
243,R2,SKU_C,0
243,R2,SKU_D,1
243,R2,SKU_E,0
243,R3,SKU_A,0
243,R3,SKU_B,1
243,R3,SKU_C,0
243,R3,SKU_D,0
243,R3,SKU_E,0
244,Supplier,SKU_A,0
244,Supplier,SKU_B,0
244,Supplier,SKU_C,0
244,Supplier,SKU_D,0
244,Supplier,SKU_E,0
244,W1,SKU_A,0
244,W1,SKU_B,1
244,W1,SKU_C,1
244,W1,SKU_D,1
244,W1,SKU_E,0
244,W2,SKU_A,0
244,W2,SKU_B,1
244,W2,SKU_C,0
244,W2,SKU_D,0
244,W2,SKU_E,0
244,R1,SKU_A,184
244,R1,SKU_B,83
244,R1,SKU_C,133
244,R1,SKU_D,68
244,R1,SKU_E,59
244,R2,SKU_A,96
244,R2,SKU_B,44
244,R2,SKU_C,56
244,R2,SKU_D,33
244,R2,SKU_E,52
244,R3,SKU_A,243
244,R3,SKU_B,47
244,R3,SKU_C,162
244,R3,SKU_D,138
244,R3,SKU_E,93
245,Supplier,SKU_A,0
245,Supplier,SKU_B,0
245,Supplier,SKU_C,0
245,Supplier,SKU_D,0
245,Supplier,SKU_E,0
245,W1,SKU_A,280
245,W1,SKU_B,127
245,W1,SKU_C,189
245,W1,SKU_D,101
245,W1,SKU_E,111
245,W2,SKU_A,243
245,W2,SKU_B,47
245,W2,SKU_C,162
245,W2,SKU_D,138
245,W2,SKU_E,93
245,R1,SKU_A,136
245,R1,SKU_B,57
245,R1,SKU_C,99
245,R1,SKU_D,48
245,R1,SKU_E,48
245,R2,SKU_A,90
245,R2,SKU_B,27
245,R2,SKU_C,40
245,R2,SKU_D,45
245,R2,SKU_E,35
245,R3,SKU_A,166
245,R3,SKU_B,39
245,R3,SKU_C,79
245,R3,SKU_D,87
245,R3,SKU_E,71
246,Supplier,SKU_A,0
246,Supplier,SKU_B,0
246,Supplier,SKU_C,0
246,Supplier,SKU_D,0
246,Supplier,SKU_E,0
246,W1,SKU_A,226
246,W1,SKU_B,84
246,W1,SKU_C,139
246,W1,SKU_D,93
246,W1,SKU_E,83
246,W2,SKU_A,166
246,W2,SKU_B,39
246,W2,SKU_C,79
246,W2,SKU_D,87
246,W2,SKU_E,71
246,R1,SKU_A,111
246,R1,SKU_B,52
246,R1,SKU_C,84
246,R1,SKU_D,52
246,R1,SKU_E,37
246,R2,SKU_A,62
246,R2,SKU_B,29
246,R2,SKU_C,34
246,R2,SKU_D,34
246,R2,SKU_E,27
246,R3,SKU_A,119
246,R3,SKU_B,41
246,R3,SKU_C,66
246,R3,SKU_D,72
246,R3,SKU_E,52
247,Supplier,SKU_A,0
247,Supplier,SKU_B,0
247,Supplier,SKU_C,0
247,Supplier,SKU_D,0
247,Supplier,SKU_E,0
247,W1,SKU_A,173
247,W1,SKU_B,81
247,W1,SKU_C,118
247,W1,SKU_D,86
247,W1,SKU_E,64
247,W2,SKU_A,119
247,W2,SKU_B,41
247,W2,SKU_C,66
247,W2,SKU_D,72
247,W2,SKU_E,52
247,R1,SKU_A,95
247,R1,SKU_B,51
247,R1,SKU_C,82
247,R1,SKU_D,57
247,R1,SKU_E,29
247,R2,SKU_A,64
247,R2,SKU_B,24
247,R2,SKU_C,34
247,R2,SKU_D,54
247,R2,SKU_E,22
247,R3,SKU_A,135
247,R3,SKU_B,48
247,R3,SKU_C,62
247,R3,SKU_D,82
247,R3,SKU_E,53
248,Supplier,SKU_A,0
248,Supplier,SKU_B,0
248,Supplier,SKU_C,0
248,Supplier,SKU_D,0
248,Supplier,SKU_E,0
248,W1,SKU_A,159
248,W1,SKU_B,75
248,W1,SKU_C,116
248,W1,SKU_D,111
248,W1,SKU_E,51
248,W2,SKU_A,135
248,W2,SKU_B,48
248,W2,SKU_C,62
248,W2,SKU_D,82
248,W2,SKU_E,53
248,R1,SKU_A,106
248,R1,SKU_B,47
248,R1,SKU_C,80
248,R1,SKU_D,53
248,R1,SKU_E,32
248,R2,SKU_A,80
248,R2,SKU_B,33
248,R2,SKU_C,41
248,R2,SKU_D,22
248,R2,SKU_E,36
248,R3,SKU_A,158
248,R3,SKU_B,45
248,R3,SKU_C,82
248,R3,SKU_D,73
248,R3,SKU_E,66
249,Supplier,SKU_A,0
249,Supplier,SKU_B,0
249,Supplier,SKU_C,0
249,Supplier,SKU_D,0
249,Supplier,SKU_E,0
249,W1,SKU_A,186
249,W1,SKU_B,80
249,W1,SKU_C,121
249,W1,SKU_D,75
249,W1,SKU_E,68
249,W2,SKU_A,158
249,W2,SKU_B,45
249,W2,SKU_C,82
249,W2,SKU_D,73
249,W2,SKU_E,66
249,R1,SKU_A,129
249,R1,SKU_B,63
249,R1,SKU_C,81
249,R1,SKU_D,52
249,R1,SKU_E,46
249,R2,SKU_A,87
249,R2,SKU_B,56
249,R2,SKU_C,33
249,R2,SKU_D,48
249,R2,SKU_E,50
249,R3,SKU_A,209
249,R3,SKU_B,43
249,R3,SKU_C,124
249,R3,SKU_D,120
249,R3,SKU_E,88
250,Supplier,SKU_A,0
250,Supplier,SKU_B,0
250,Supplier,SKU_C,0
250,Supplier,SKU_D,0
250,Supplier,SKU_E,0
250,W1,SKU_A,216
250,W1,SKU_B,119
250,W1,SKU_C,114
250,W1,SKU_D,100
250,W1,SKU_E,96
250,W2,SKU_A,209
250,W2,SKU_B,43
250,W2,SKU_C,124
250,W2,SKU_D,120
250,W2,SKU_E,88
250,R1,SKU_A,115
250,R1,SKU_B,55
250,R1,SKU_C,94
250,R1,SKU_D,70
250,R1,SKU_E,41
250,R2,SKU_A,74
250,R2,SKU_B,43
250,R2,SKU_C,41
250,R2,SKU_D,38
250,R2,SKU_E,42
250,R3,SKU_A,189
250,R3,SKU_B,45
250,R3,SKU_C,89
250,R3,SKU_D,98
250,R3,SKU_E,91
251,Supplier,SKU_A,0
251,Supplier,SKU_B,0
251,Supplier,SKU_C,0
251,Supplier,SKU_D,0
251,Supplier,SKU_E,0
251,W1,SKU_A,189
251,W1,SKU_B,98
251,W1,SKU_C,135
251,W1,SKU_D,108
251,W1,SKU_E,83
251,W2,SKU_A,189
251,W2,SKU_B,45
251,W2,SKU_C,89
251,W2,SKU_D,98
251,W2,SKU_E,91
251,R1,SKU_A,148
251,R1,SKU_B,80
251,R1,SKU_C,87
251,R1,SKU_D,70
251,R1,SKU_E,49
251,R2,SKU_A,87
251,R2,SKU_B,61
251,R2,SKU_C,51
251,R2,SKU_D,36
251,R2,SKU_E,43
251,R3,SKU_A,198
251,R3,SKU_B,52
251,R3,SKU_C,112
251,R3,SKU_D,96
251,R3,SKU_E,93
252,Supplier,SKU_A,0
252,Supplier,SKU_B,0
252,Supplier,SKU_C,0
252,Supplier,SKU_D,0
252,Supplier,SKU_E,0
252,W1,SKU_A,235
252,W1,SKU_B,141
252,W1,SKU_C,138
252,W1,SKU_D,106
252,W1,SKU_E,92
252,W2,SKU_A,198
252,W2,SKU_B,52
252,W2,SKU_C,112
252,W2,SKU_D,96
252,W2,SKU_E,93
252,R1,SKU_A,168
252,R1,SKU_B,59
252,R1,SKU_C,115
252,R1,SKU_D,69
252,R1,SKU_E,47
252,R2,SKU_A,99
252,R2,SKU_B,50
252,R2,SKU_C,39
252,R2,SKU_D,56
252,R2,SKU_E,41
252,R3,SKU_A,182
252,R3,SKU_B,42
252,R3,SKU_C,97
252,R3,SKU_D,84
252,R3,SKU_E,83
253,Supplier,SKU_A,0
253,Supplier,SKU_B,0
253,Supplier,SKU_C,0
253,Supplier,SKU_D,0
253,Supplier,SKU_E,0
253,W1,SKU_A,267
253,W1,SKU_B,109
253,W1,SKU_C,154
253,W1,SKU_D,125
253,W1,SKU_E,88
253,W2,SKU_A,182
253,W2,SKU_B,42
253,W2,SKU_C,97
253,W2,SKU_D,84
253,W2,SKU_E,83
253,R1,SKU_A,110
253,R1,SKU_B,42
253,R1,SKU_C,71
253,R1,SKU_D,51
253,R1,SKU_E,34
253,R2,SKU_A,82
253,R2,SKU_B,35
253,R2,SKU_C,37
253,R2,SKU_D,45
253,R2,SKU_E,32
253,R3,SKU_A,145
253,R3,SKU_B,58
253,R3,SKU_C,86
253,R3,SKU_D,83
253,R3,SKU_E,83
254,Supplier,SKU_A,0
254,Supplier,SKU_B,0
254,Supplier,SKU_C,0
254,Supplier,SKU_D,0
254,Supplier,SKU_E,0
254,W1,SKU_A,192
254,W1,SKU_B,77
254,W1,SKU_C,108
254,W1,SKU_D,96
254,W1,SKU_E,66
254,W2,SKU_A,145
254,W2,SKU_B,58
254,W2,SKU_C,86
254,W2,SKU_D,83
254,W2,SKU_E,83
254,R1,SKU_A,112
254,R1,SKU_B,39
254,R1,SKU_C,47
254,R1,SKU_D,45
254,R1,SKU_E,31
254,R2,SKU_A,73
254,R2,SKU_B,25
254,R2,SKU_C,20
254,R2,SKU_D,42
254,R2,SKU_E,31
254,R3,SKU_A,154
254,R3,SKU_B,36
254,R3,SKU_C,62
254,R3,SKU_D,67
254,R3,SKU_E,72
255,Supplier,SKU_A,0
255,Supplier,SKU_B,0
255,Supplier,SKU_C,0
255,Supplier,SKU_D,0
255,Supplier,SKU_E,0
255,W1,SKU_A,185
255,W1,SKU_B,64
255,W1,SKU_C,67
255,W1,SKU_D,87
255,W1,SKU_E,62
255,W2,SKU_A,154
255,W2,SKU_B,36
255,W2,SKU_C,62
255,W2,SKU_D,67
255,W2,SKU_E,72
255,R1,SKU_A,92
255,R1,SKU_B,44
255,R1,SKU_C,76
255,R1,SKU_D,45
255,R1,SKU_E,25
255,R2,SKU_A,82
255,R2,SKU_B,24
255,R2,SKU_C,23
255,R2,SKU_D,43
255,R2,SKU_E,43
255,R3,SKU_A,165
255,R3,SKU_B,27
255,R3,SKU_C,63
255,R3,SKU_D,52
255,R3,SKU_E,45
256,Supplier,SKU_A,0
256,Supplier,SKU_B,0
256,Supplier,SKU_C,0
256,Supplier,SKU_D,0
256,Supplier,SKU_E,0
256,W1,SKU_A,174
256,W1,SKU_B,68
256,W1,SKU_C,99
256,W1,SKU_D,88
256,W1,SKU_E,68
256,W2,SKU_A,165
256,W2,SKU_B,27
256,W2,SKU_C,63
256,W2,SKU_D,52
256,W2,SKU_E,45
256,R1,SKU_A,130
256,R1,SKU_B,42
256,R1,SKU_C,55
256,R1,SKU_D,45
256,R1,SKU_E,27
256,R2,SKU_A,84
256,R2,SKU_B,32
256,R2,SKU_C,36
256,R2,SKU_D,44
256,R2,SKU_E,31
256,R3,SKU_A,147
256,R3,SKU_B,37
256,R3,SKU_C,94
256,R3,SKU_D,72
256,R3,SKU_E,63
257,Supplier,SKU_A,0
257,Supplier,SKU_B,0
257,Supplier,SKU_C,0
257,Supplier,SKU_D,0
257,Supplier,SKU_E,0
257,W1,SKU_A,214
257,W1,SKU_B,74
257,W1,SKU_C,91
257,W1,SKU_D,89
257,W1,SKU_E,58
257,W2,SKU_A,147
257,W2,SKU_B,37
257,W2,SKU_C,94
257,W2,SKU_D,72
257,W2,SKU_E,63
257,R1,SKU_A,131
257,R1,SKU_B,46
257,R1,SKU_C,72
257,R1,SKU_D,60
257,R1,SKU_E,40
257,R2,SKU_A,71
257,R2,SKU_B,41
257,R2,SKU_C,33
257,R2,SKU_D,38
257,R2,SKU_E,42
257,R3,SKU_A,172
257,R3,SKU_B,39
257,R3,SKU_C,90
257,R3,SKU_D,94
257,R3,SKU_E,58
258,Supplier,SKU_A,0
258,Supplier,SKU_B,0
258,Supplier,SKU_C,0
258,Supplier,SKU_D,0
258,Supplier,SKU_E,0
258,W1,SKU_A,202
258,W1,SKU_B,87
258,W1,SKU_C,105
258,W1,SKU_D,98
258,W1,SKU_E,82
258,W2,SKU_A,172
258,W2,SKU_B,39
258,W2,SKU_C,90
258,W2,SKU_D,94
258,W2,SKU_E,58
258,R1,SKU_A,161
258,R1,SKU_B,47
258,R1,SKU_C,102
258,R1,SKU_D,74
258,R1,SKU_E,38
258,R2,SKU_A,93
258,R2,SKU_B,52
258,R2,SKU_C,44
258,R2,SKU_D,54
258,R2,SKU_E,64
258,R3,SKU_A,168
258,R3,SKU_B,56
258,R3,SKU_C,116
258,R3,SKU_D,81
258,R3,SKU_E,68
259,Supplier,SKU_A,0
259,Supplier,SKU_B,0
259,Supplier,SKU_C,0
259,Supplier,SKU_D,0
259,Supplier,SKU_E,0
259,W1,SKU_A,254
259,W1,SKU_B,99
259,W1,SKU_C,146
259,W1,SKU_D,128
259,W1,SKU_E,102
259,W2,SKU_A,168
259,W2,SKU_B,56
259,W2,SKU_C,116
259,W2,SKU_D,81
259,W2,SKU_E,68
259,R1,SKU_A,162
259,R1,SKU_B,56
259,R1,SKU_C,119
259,R1,SKU_D,70
259,R1,SKU_E,35
259,R2,SKU_A,94
259,R2,SKU_B,38
259,R2,SKU_C,46
259,R2,SKU_D,50
259,R2,SKU_E,38
259,R3,SKU_A,156
259,R3,SKU_B,36
259,R3,SKU_C,104
259,R3,SKU_D,85
259,R3,SKU_E,66
260,Supplier,SKU_A,0
260,Supplier,SKU_B,0
260,Supplier,SKU_C,0
260,Supplier,SKU_D,0
260,Supplier,SKU_E,0
260,W1,SKU_A,256
260,W1,SKU_B,94
260,W1,SKU_C,165
260,W1,SKU_D,120
260,W1,SKU_E,73
260,W2,SKU_A,156
260,W2,SKU_B,36
260,W2,SKU_C,104
260,W2,SKU_D,85
260,W2,SKU_E,66
260,R1,SKU_A,131
260,R1,SKU_B,25
260,R1,SKU_C,67
260,R1,SKU_D,58
260,R1,SKU_E,30
260,R2,SKU_A,92
260,R2,SKU_B,41
260,R2,SKU_C,33
260,R2,SKU_D,41
260,R2,SKU_E,35
260,R3,SKU_A,123
260,R3,SKU_B,36
260,R3,SKU_C,51
260,R3,SKU_D,74
260,R3,SKU_E,66
261,Supplier,SKU_A,0
261,Supplier,SKU_B,0
261,Supplier,SKU_C,0
261,Supplier,SKU_D,0
261,Supplier,SKU_E,0
261,W1,SKU_A,223
261,W1,SKU_B,66
261,W1,SKU_C,100
261,W1,SKU_D,99
261,W1,SKU_E,65
261,W2,SKU_A,123
261,W2,SKU_B,36
261,W2,SKU_C,51
261,W2,SKU_D,74
261,W2,SKU_E,66
261,R1,SKU_A,108
261,R1,SKU_B,26
261,R1,SKU_C,54
261,R1,SKU_D,57
261,R1,SKU_E,30
261,R2,SKU_A,63
261,R2,SKU_B,39
261,R2,SKU_C,28
261,R2,SKU_D,34
261,R2,SKU_E,46
261,R3,SKU_A,134
261,R3,SKU_B,42
261,R3,SKU_C,85
261,R3,SKU_D,61
261,R3,SKU_E,60
262,Supplier,SKU_A,0
262,Supplier,SKU_B,0
262,Supplier,SKU_C,0
262,Supplier,SKU_D,0
262,Supplier,SKU_E,0
262,W1,SKU_A,171
262,W1,SKU_B,65
262,W1,SKU_C,82
262,W1,SKU_D,91
262,W1,SKU_E,76
262,W2,SKU_A,134
262,W2,SKU_B,42
262,W2,SKU_C,85
262,W2,SKU_D,61
262,W2,SKU_E,60
262,R1,SKU_A,124
262,R1,SKU_B,33
262,R1,SKU_C,61
262,R1,SKU_D,42
262,R1,SKU_E,27
262,R2,SKU_A,51
262,R2,SKU_B,38
262,R2,SKU_C,15
262,R2,SKU_D,33
262,R2,SKU_E,39
262,R3,SKU_A,131
262,R3,SKU_B,45
262,R3,SKU_C,75
262,R3,SKU_D,70
262,R3,SKU_E,59
263,Supplier,SKU_A,0
263,Supplier,SKU_B,0
263,Supplier,SKU_C,0
263,Supplier,SKU_D,0
263,Supplier,SKU_E,0
263,W1,SKU_A,175
263,W1,SKU_B,71
263,W1,SKU_C,76
263,W1,SKU_D,75
263,W1,SKU_E,66
263,W2,SKU_A,131
263,W2,SKU_B,45
263,W2,SKU_C,75
263,W2,SKU_D,70
263,W2,SKU_E,59
263,R1,SKU_A,112
263,R1,SKU_B,41
263,R1,SKU_C,60
263,R1,SKU_D,37
263,R1,SKU_E,42
263,R2,SKU_A,54
263,R2,SKU_B,42
263,R2,SKU_C,26
263,R2,SKU_D,35
263,R2,SKU_E,44
263,R3,SKU_A,137
263,R3,SKU_B,26
263,R3,SKU_C,58
263,R3,SKU_D,100
263,R3,SKU_E,71
264,Supplier,SKU_A,0
264,Supplier,SKU_B,0
264,Supplier,SKU_C,0
264,Supplier,SKU_D,0
264,Supplier,SKU_E,0
264,W1,SKU_A,166
264,W1,SKU_B,83
264,W1,SKU_C,86
264,W1,SKU_D,72
264,W1,SKU_E,86
264,W2,SKU_A,137
264,W2,SKU_B,26
264,W2,SKU_C,58
264,W2,SKU_D,100
264,W2,SKU_E,71
264,R1,SKU_A,146
264,R1,SKU_B,46
264,R1,SKU_C,82
264,R1,SKU_D,58
264,R1,SKU_E,49
264,R2,SKU_A,92
264,R2,SKU_B,40
264,R2,SKU_C,26
264,R2,SKU_D,48
264,R2,SKU_E,33
264,R3,SKU_A,141
264,R3,SKU_B,46
264,R3,SKU_C,120
264,R3,SKU_D,91
264,R3,SKU_E,84
265,Supplier,SKU_A,0
265,Supplier,SKU_B,0
265,Supplier,SKU_C,0
265,Supplier,SKU_D,0
265,Supplier,SKU_E,0
265,W1,SKU_A,238
265,W1,SKU_B,86
265,W1,SKU_C,108
265,W1,SKU_D,106
265,W1,SKU_E,82
265,W2,SKU_A,141
265,W2,SKU_B,46
265,W2,SKU_C,120
265,W2,SKU_D,91
265,W2,SKU_E,84
265,R1,SKU_A,128
265,R1,SKU_B,51
265,R1,SKU_C,105
265,R1,SKU_D,75
265,R1,SKU_E,48
265,R2,SKU_A,109
265,R2,SKU_B,48
265,R2,SKU_C,31
265,R2,SKU_D,61
265,R2,SKU_E,45
265,R3,SKU_A,216
265,R3,SKU_B,48
265,R3,SKU_C,103
265,R3,SKU_D,126
265,R3,SKU_E,96
266,Supplier,SKU_A,0
266,Supplier,SKU_B,0
266,Supplier,SKU_C,0
266,Supplier,SKU_D,0
266,Supplier,SKU_E,0
266,W1,SKU_A,237
266,W1,SKU_B,99
266,W1,SKU_C,136
266,W1,SKU_D,136
266,W1,SKU_E,93
266,W2,SKU_A,216
266,W2,SKU_B,48
266,W2,SKU_C,103
266,W2,SKU_D,126
266,W2,SKU_E,96
266,R1,SKU_A,137
266,R1,SKU_B,58
266,R1,SKU_C,94
266,R1,SKU_D,76
266,R1,SKU_E,39
266,R2,SKU_A,86
266,R2,SKU_B,54
266,R2,SKU_C,48
266,R2,SKU_D,39
266,R2,SKU_E,42
266,R3,SKU_A,198
266,R3,SKU_B,48
266,R3,SKU_C,121
266,R3,SKU_D,114
266,R3,SKU_E,66
267,Supplier,SKU_A,0
267,Supplier,SKU_B,0
267,Supplier,SKU_C,0
267,Supplier,SKU_D,0
267,Supplier,SKU_E,0
267,W1,SKU_A,223
267,W1,SKU_B,112
267,W1,SKU_C,142
267,W1,SKU_D,115
267,W1,SKU_E,81
267,W2,SKU_A,198
267,W2,SKU_B,48
267,W2,SKU_C,121
267,W2,SKU_D,114
267,W2,SKU_E,66
267,R1,SKU_A,151
267,R1,SKU_B,60
267,R1,SKU_C,91
267,R1,SKU_D,51
267,R1,SKU_E,31
267,R2,SKU_A,75
267,R2,SKU_B,36
267,R2,SKU_C,30
267,R2,SKU_D,37
267,R2,SKU_E,40
267,R3,SKU_A,142
267,R3,SKU_B,31
267,R3,SKU_C,82
267,R3,SKU_D,73
267,R3,SKU_E,52
268,Supplier,SKU_A,0
268,Supplier,SKU_B,0
268,Supplier,SKU_C,0
268,Supplier,SKU_D,0
268,Supplier,SKU_E,0
268,W1,SKU_A,226
268,W1,SKU_B,96
268,W1,SKU_C,121
268,W1,SKU_D,88
268,W1,SKU_E,71
268,W2,SKU_A,142
268,W2,SKU_B,31
268,W2,SKU_C,82
268,W2,SKU_D,73
268,W2,SKU_E,52
268,R1,SKU_A,109
268,R1,SKU_B,38
268,R1,SKU_C,54
268,R1,SKU_D,48
268,R1,SKU_E,30
268,R2,SKU_A,74
268,R2,SKU_B,37
268,R2,SKU_C,21
268,R2,SKU_D,47
268,R2,SKU_E,33
268,R3,SKU_A,128
268,R3,SKU_B,32
268,R3,SKU_C,73
268,R3,SKU_D,69
268,R3,SKU_E,59
269,Supplier,SKU_A,0
269,Supplier,SKU_B,0
269,Supplier,SKU_C,0
269,Supplier,SKU_D,0
269,Supplier,SKU_E,0
269,W1,SKU_A,183
269,W1,SKU_B,75
269,W1,SKU_C,75
269,W1,SKU_D,95
269,W1,SKU_E,63
269,W2,SKU_A,128
269,W2,SKU_B,32
269,W2,SKU_C,73
269,W2,SKU_D,69
269,W2,SKU_E,59
269,R1,SKU_A,106
269,R1,SKU_B,25
269,R1,SKU_C,55
269,R1,SKU_D,39
269,R1,SKU_E,34
269,R2,SKU_A,73
269,R2,SKU_B,35
269,R2,SKU_C,24
269,R2,SKU_D,36
269,R2,SKU_E,35
269,R3,SKU_A,145
269,R3,SKU_B,33
269,R3,SKU_C,74
269,R3,SKU_D,78
269,R3,SKU_E,48
270,Supplier,SKU_A,0
270,Supplier,SKU_B,0
270,Supplier,SKU_C,0
270,Supplier,SKU_D,0
270,Supplier,SKU_E,0
270,W1,SKU_A,179
270,W1,SKU_B,60
270,W1,SKU_C,79
270,W1,SKU_D,75
270,W1,SKU_E,69
270,W2,SKU_A,145
270,W2,SKU_B,33
270,W2,SKU_C,74
270,W2,SKU_D,78
270,W2,SKU_E,48
270,R1,SKU_A,110
270,R1,SKU_B,30
270,R1,SKU_C,66
270,R1,SKU_D,36
270,R1,SKU_E,20
270,R2,SKU_A,59
270,R2,SKU_B,24
270,R2,SKU_C,26
270,R2,SKU_D,41
270,R2,SKU_E,30
270,R3,SKU_A,155
270,R3,SKU_B,46
270,R3,SKU_C,58
270,R3,SKU_D,50
270,R3,SKU_E,63
271,Supplier,SKU_A,0
271,Supplier,SKU_B,0
271,Supplier,SKU_C,0
271,Supplier,SKU_D,0
271,Supplier,SKU_E,0
271,W1,SKU_A,169
271,W1,SKU_B,54
271,W1,SKU_C,92
271,W1,SKU_D,77
271,W1,SKU_E,50
271,W2,SKU_A,155
271,W2,SKU_B,46
271,W2,SKU_C,58
271,W2,SKU_D,50
271,W2,SKU_E,63
271,R1,SKU_A,124
271,R1,SKU_B,49
271,R1,SKU_C,88
271,R1,SKU_D,49
271,R1,SKU_E,29
271,R2,SKU_A,63
271,R2,SKU_B,39
271,R2,SKU_C,33
271,R2,SKU_D,42
271,R2,SKU_E,40
271,R3,SKU_A,168
271,R3,SKU_B,42
271,R3,SKU_C,73
271,R3,SKU_D,75
271,R3,SKU_E,60
272,Supplier,SKU_A,0
272,Supplier,SKU_B,0
272,Supplier,SKU_C,0
272,Supplier,SKU_D,0
272,Supplier,SKU_E,0
272,W1,SKU_A,187
272,W1,SKU_B,88
272,W1,SKU_C,121
272,W1,SKU_D,91
272,W1,SKU_E,69
272,W2,SKU_A,168
272,W2,SKU_B,42
272,W2,SKU_C,73
272,W2,SKU_D,75
272,W2,SKU_E,60
272,R1,SKU_A,166
272,R1,SKU_B,66
272,R1,SKU_C,104
272,R1,SKU_D,64
272,R1,SKU_E,40
272,R2,SKU_A,86
272,R2,SKU_B,57
272,R2,SKU_C,39
272,R2,SKU_D,51
272,R2,SKU_E,44
272,R3,SKU_A,207
272,R3,SKU_B,70
272,R3,SKU_C,128
272,R3,SKU_D,88
272,R3,SKU_E,65
273,Supplier,SKU_A,0
273,Supplier,SKU_B,0
273,Supplier,SKU_C,0
273,Supplier,SKU_D,0
273,Supplier,SKU_E,0
273,W1,SKU_A,252
273,W1,SKU_B,123
273,W1,SKU_C,143
273,W1,SKU_D,115
273,W1,SKU_E,84
273,W2,SKU_A,207
273,W2,SKU_B,70
273,W2,SKU_C,128
273,W2,SKU_D,88
273,W2,SKU_E,65
273,R1,SKU_A,164
273,R1,SKU_B,61
273,R1,SKU_C,97
273,R1,SKU_D,79
273,R1,SKU_E,47
273,R2,SKU_A,105
273,R2,SKU_B,47
273,R2,SKU_C,47
273,R2,SKU_D,47
273,R2,SKU_E,35
273,R3,SKU_A,199
273,R3,SKU_B,40
273,R3,SKU_C,88
273,R3,SKU_D,82
273,R3,SKU_E,75
274,Supplier,SKU_A,0
274,Supplier,SKU_B,0
274,Supplier,SKU_C,0
274,Supplier,SKU_D,0
274,Supplier,SKU_E,0
274,W1,SKU_A,269
274,W1,SKU_B,108
274,W1,SKU_C,144
274,W1,SKU_D,126
274,W1,SKU_E,82
274,W2,SKU_A,199
274,W2,SKU_B,40
274,W2,SKU_C,88
274,W2,SKU_D,82
274,W2,SKU_E,75
274,R1,SKU_A,120
274,R1,SKU_B,30
274,R1,SKU_C,59
274,R1,SKU_D,44
274,R1,SKU_E,25
274,R2,SKU_A,81
274,R2,SKU_B,26
274,R2,SKU_C,37
274,R2,SKU_D,38
274,R2,SKU_E,27
274,R3,SKU_A,111
274,R3,SKU_B,39
274,R3,SKU_C,62
274,R3,SKU_D,60
274,R3,SKU_E,59
275,Supplier,SKU_A,0
275,Supplier,SKU_B,0
275,Supplier,SKU_C,0
275,Supplier,SKU_D,0
275,Supplier,SKU_E,0
275,W1,SKU_A,201
275,W1,SKU_B,56
275,W1,SKU_C,96
275,W1,SKU_D,82
275,W1,SKU_E,52
275,W2,SKU_A,111
275,W2,SKU_B,39
275,W2,SKU_C,62
275,W2,SKU_D,60
275,W2,SKU_E,59
275,R1,SKU_A,110
275,R1,SKU_B,37
275,R1,SKU_C,65
275,R1,SKU_D,38
275,R1,SKU_E,32
275,R2,SKU_A,77
275,R2,SKU_B,27
275,R2,SKU_C,25
275,R2,SKU_D,31
275,R2,SKU_E,26
275,R3,SKU_A,87
275,R3,SKU_B,25
275,R3,SKU_C,49
275,R3,SKU_D,60
275,R3,SKU_E,42
276,Supplier,SKU_A,0
276,Supplier,SKU_B,0
276,Supplier,SKU_C,0
276,Supplier,SKU_D,0
276,Supplier,SKU_E,0
276,W1,SKU_A,187
276,W1,SKU_B,64
276,W1,SKU_C,90
276,W1,SKU_D,69
276,W1,SKU_E,58
276,W2,SKU_A,87
276,W2,SKU_B,25
276,W2,SKU_C,49
276,W2,SKU_D,60
276,W2,SKU_E,42
276,R1,SKU_A,91
276,R1,SKU_B,45
276,R1,SKU_C,41
276,R1,SKU_D,42
276,R1,SKU_E,30
276,R2,SKU_A,72
276,R2,SKU_B,37
276,R2,SKU_C,26
276,R2,SKU_D,34
276,R2,SKU_E,36
276,R3,SKU_A,137
276,R3,SKU_B,38
276,R3,SKU_C,44
276,R3,SKU_D,61
276,R3,SKU_E,40
277,Supplier,SKU_A,0
277,Supplier,SKU_B,0
277,Supplier,SKU_C,0
277,Supplier,SKU_D,0
277,Supplier,SKU_E,0
277,W1,SKU_A,163
277,W1,SKU_B,82
277,W1,SKU_C,67
277,W1,SKU_D,76
277,W1,SKU_E,66
277,W2,SKU_A,137
277,W2,SKU_B,38
277,W2,SKU_C,44
277,W2,SKU_D,61
277,W2,SKU_E,40
277,R1,SKU_A,91
277,R1,SKU_B,36
277,R1,SKU_C,50
277,R1,SKU_D,40
277,R1,SKU_E,35
277,R2,SKU_A,68
277,R2,SKU_B,28
277,R2,SKU_C,29
277,R2,SKU_D,56
277,R2,SKU_E,32
277,R3,SKU_A,142
277,R3,SKU_B,42
277,R3,SKU_C,71
277,R3,SKU_D,71
277,R3,SKU_E,44
278,Supplier,SKU_A,0
278,Supplier,SKU_B,0
278,Supplier,SKU_C,0
278,Supplier,SKU_D,0
278,Supplier,SKU_E,0
278,W1,SKU_A,159
278,W1,SKU_B,64
278,W1,SKU_C,79
278,W1,SKU_D,96
278,W1,SKU_E,67
278,W2,SKU_A,142
278,W2,SKU_B,42
278,W2,SKU_C,71
278,W2,SKU_D,71
278,W2,SKU_E,44
278,R1,SKU_A,101
278,R1,SKU_B,63
278,R1,SKU_C,88
278,R1,SKU_D,54
278,R1,SKU_E,34
278,R2,SKU_A,87
278,R2,SKU_B,65
278,R2,SKU_C,36
278,R2,SKU_D,45
278,R2,SKU_E,46
278,R3,SKU_A,150
278,R3,SKU_B,66
278,R3,SKU_C,93
278,R3,SKU_D,75
278,R3,SKU_E,49
279,Supplier,SKU_A,0
279,Supplier,SKU_B,0
279,Supplier,SKU_C,0
279,Supplier,SKU_D,0
279,Supplier,SKU_E,0
279,W1,SKU_A,188
279,W1,SKU_B,128
279,W1,SKU_C,124
279,W1,SKU_D,99
279,W1,SKU_E,80
279,W2,SKU_A,150
279,W2,SKU_B,66
279,W2,SKU_C,93
279,W2,SKU_D,75
279,W2,SKU_E,49
279,R1,SKU_A,154
279,R1,SKU_B,74
279,R1,SKU_C,111
279,R1,SKU_D,84
279,R1,SKU_E,57
279,R2,SKU_A,106
279,R2,SKU_B,53
279,R2,SKU_C,50
279,R2,SKU_D,54
279,R2,SKU_E,48
279,R3,SKU_A,179
279,R3,SKU_B,72
279,R3,SKU_C,140
279,R3,SKU_D,140
279,R3,SKU_E,79
280,Supplier,SKU_A,0
280,Supplier,SKU_B,0
280,Supplier,SKU_C,0
280,Supplier,SKU_D,0
280,Supplier,SKU_E,0
280,W1,SKU_A,260
280,W1,SKU_B,127
280,W1,SKU_C,161
280,W1,SKU_D,138
280,W1,SKU_E,105
280,W2,SKU_A,179
280,W2,SKU_B,72
280,W2,SKU_C,140
280,W2,SKU_D,140
280,W2,SKU_E,79
280,R1,SKU_A,146
280,R1,SKU_B,63
280,R1,SKU_C,120
280,R1,SKU_D,84
280,R1,SKU_E,56
280,R2,SKU_A,96
280,R2,SKU_B,65
280,R2,SKU_C,43
280,R2,SKU_D,44
280,R2,SKU_E,46
280,R3,SKU_A,195
280,R3,SKU_B,55
280,R3,SKU_C,129
280,R3,SKU_D,122
280,R3,SKU_E,79
281,Supplier,SKU_A,0
281,Supplier,SKU_B,0
281,Supplier,SKU_C,0
281,Supplier,SKU_D,0
281,Supplier,SKU_E,0
281,W1,SKU_A,242
281,W1,SKU_B,128
281,W1,SKU_C,163
281,W1,SKU_D,128
281,W1,SKU_E,102
281,W2,SKU_A,195
281,W2,SKU_B,55
281,W2,SKU_C,129
281,W2,SKU_D,122
281,W2,SKU_E,79
281,R1,SKU_A,110
281,R1,SKU_B,51
281,R1,SKU_C,59
281,R1,SKU_D,48
281,R1,SKU_E,34
281,R2,SKU_A,85
281,R2,SKU_B,52
281,R2,SKU_C,33
281,R2,SKU_D,48
281,R2,SKU_E,43
281,R3,SKU_A,181
281,R3,SKU_B,39
281,R3,SKU_C,100
281,R3,SKU_D,87
281,R3,SKU_E,58
282,Supplier,SKU_A,0
282,Supplier,SKU_B,0
282,Supplier,SKU_C,0
282,Supplier,SKU_D,0
282,Supplier,SKU_E,0
282,W1,SKU_A,195
282,W1,SKU_B,103
282,W1,SKU_C,92
282,W1,SKU_D,96
282,W1,SKU_E,77
282,W2,SKU_A,181
282,W2,SKU_B,39
282,W2,SKU_C,100
282,W2,SKU_D,87
282,W2,SKU_E,58
282,R1,SKU_A,89
282,R1,SKU_B,39
282,R1,SKU_C,62
282,R1,SKU_D,43
282,R1,SKU_E,33
282,R2,SKU_A,88
282,R2,SKU_B,34
282,R2,SKU_C,32
282,R2,SKU_D,45
282,R2,SKU_E,42
282,R3,SKU_A,144
282,R3,SKU_B,37
282,R3,SKU_C,83
282,R3,SKU_D,70
282,R3,SKU_E,65
283,Supplier,SKU_A,0
283,Supplier,SKU_B,0
283,Supplier,SKU_C,0
283,Supplier,SKU_D,0
283,Supplier,SKU_E,0
283,W1,SKU_A,177
283,W1,SKU_B,73
283,W1,SKU_C,94
283,W1,SKU_D,88
283,W1,SKU_E,75
283,W2,SKU_A,144
283,W2,SKU_B,37
283,W2,SKU_C,83
283,W2,SKU_D,70
283,W2,SKU_E,65
283,R1,SKU_A,122
283,R1,SKU_B,39
283,R1,SKU_C,63
283,R1,SKU_D,64
283,R1,SKU_E,39
283,R2,SKU_A,96
283,R2,SKU_B,49
283,R2,SKU_C,32
283,R2,SKU_D,37
283,R2,SKU_E,47
283,R3,SKU_A,165
283,R3,SKU_B,48
283,R3,SKU_C,79
283,R3,SKU_D,104
283,R3,SKU_E,60
284,Supplier,SKU_A,0
284,Supplier,SKU_B,0
284,Supplier,SKU_C,0
284,Supplier,SKU_D,0
284,Supplier,SKU_E,0
284,W1,SKU_A,218
284,W1,SKU_B,88
284,W1,SKU_C,95
284,W1,SKU_D,101
284,W1,SKU_E,86
284,W2,SKU_A,165
284,W2,SKU_B,48
284,W2,SKU_C,79
284,W2,SKU_D,104
284,W2,SKU_E,60
284,R1,SKU_A,106
284,R1,SKU_B,44
284,R1,SKU_C,77
284,R1,SKU_D,48
284,R1,SKU_E,31
284,R2,SKU_A,78
284,R2,SKU_B,42
284,R2,SKU_C,35
284,R2,SKU_D,44
284,R2,SKU_E,56
284,R3,SKU_A,141
284,R3,SKU_B,45
284,R3,SKU_C,82
284,R3,SKU_D,78
284,R3,SKU_E,59
285,Supplier,SKU_A,0
285,Supplier,SKU_B,0
285,Supplier,SKU_C,0
285,Supplier,SKU_D,0
285,Supplier,SKU_E,0
285,W1,SKU_A,184
285,W1,SKU_B,86
285,W1,SKU_C,112
285,W1,SKU_D,92
285,W1,SKU_E,87
285,W2,SKU_A,141
285,W2,SKU_B,45
285,W2,SKU_C,82
285,W2,SKU_D,78
285,W2,SKU_E,59
285,R1,SKU_A,104
285,R1,SKU_B,44
285,R1,SKU_C,85
285,R1,SKU_D,62
285,R1,SKU_E,32
285,R2,SKU_A,75
285,R2,SKU_B,65
285,R2,SKU_C,37
285,R2,SKU_D,63
285,R2,SKU_E,49
285,R3,SKU_A,185
285,R3,SKU_B,37
285,R3,SKU_C,117
285,R3,SKU_D,107
285,R3,SKU_E,64
286,Supplier,SKU_A,0
286,Supplier,SKU_B,0
286,Supplier,SKU_C,0
286,Supplier,SKU_D,0
286,Supplier,SKU_E,0
286,W1,SKU_A,179
286,W1,SKU_B,109
286,W1,SKU_C,122
286,W1,SKU_D,125
286,W1,SKU_E,81
286,W2,SKU_A,185
286,W2,SKU_B,37
286,W2,SKU_C,117
286,W2,SKU_D,107
286,W2,SKU_E,64
286,R1,SKU_A,173
286,R1,SKU_B,92
286,R1,SKU_C,128
286,R1,SKU_D,73
286,R1,SKU_E,64
286,R2,SKU_A,114
286,R2,SKU_B,62
286,R2,SKU_C,39
286,R2,SKU_D,43
286,R2,SKU_E,45
286,R3,SKU_A,230
286,R3,SKU_B,50
286,R3,SKU_C,147
286,R3,SKU_D,141
286,R3,SKU_E,86
287,Supplier,SKU_A,0
287,Supplier,SKU_B,0
287,Supplier,SKU_C,0
287,Supplier,SKU_D,0
287,Supplier,SKU_E,0
287,W1,SKU_A,287
287,W1,SKU_B,154
287,W1,SKU_C,167
287,W1,SKU_D,116
287,W1,SKU_E,109
287,W2,SKU_A,230
287,W2,SKU_B,50
287,W2,SKU_C,147
287,W2,SKU_D,141
287,W2,SKU_E,86
287,R1,SKU_A,145
287,R1,SKU_B,78
287,R1,SKU_C,99
287,R1,SKU_D,55
287,R1,SKU_E,53
287,R2,SKU_A,112
287,R2,SKU_B,68
287,R2,SKU_C,51
287,R2,SKU_D,48
287,R2,SKU_E,38
287,R3,SKU_A,207
287,R3,SKU_B,56
287,R3,SKU_C,127
287,R3,SKU_D,121
287,R3,SKU_E,101
288,Supplier,SKU_A,0
288,Supplier,SKU_B,0
288,Supplier,SKU_C,0
288,Supplier,SKU_D,0
288,Supplier,SKU_E,0
288,W1,SKU_A,257
288,W1,SKU_B,146
288,W1,SKU_C,150
288,W1,SKU_D,103
288,W1,SKU_E,91
288,W2,SKU_A,207
288,W2,SKU_B,56
288,W2,SKU_C,127
288,W2,SKU_D,121
288,W2,SKU_E,101
288,R1,SKU_A,104
288,R1,SKU_B,47
288,R1,SKU_C,71
288,R1,SKU_D,52
288,R1,SKU_E,33
288,R2,SKU_A,91
288,R2,SKU_B,61
288,R2,SKU_C,47
288,R2,SKU_D,44
288,R2,SKU_E,42
288,R3,SKU_A,158
288,R3,SKU_B,39
288,R3,SKU_C,80
288,R3,SKU_D,83
288,R3,SKU_E,69
289,Supplier,SKU_A,0
289,Supplier,SKU_B,0
289,Supplier,SKU_C,0
289,Supplier,SKU_D,0
289,Supplier,SKU_E,0
289,W1,SKU_A,195
289,W1,SKU_B,108
289,W1,SKU_C,118
289,W1,SKU_D,96
289,W1,SKU_E,75
289,W2,SKU_A,158
289,W2,SKU_B,39
289,W2,SKU_C,80
289,W2,SKU_D,83
289,W2,SKU_E,69
289,R1,SKU_A,98
289,R1,SKU_B,41
289,R1,SKU_C,94
289,R1,SKU_D,41
289,R1,SKU_E,31
289,R2,SKU_A,88
289,R2,SKU_B,50
289,R2,SKU_C,36
289,R2,SKU_D,55
289,R2,SKU_E,40
289,R3,SKU_A,170
289,R3,SKU_B,58
289,R3,SKU_C,98
289,R3,SKU_D,79
289,R3,SKU_E,68
290,Supplier,SKU_A,0
290,Supplier,SKU_B,0
290,Supplier,SKU_C,0
290,Supplier,SKU_D,0
290,Supplier,SKU_E,0
290,W1,SKU_A,186
290,W1,SKU_B,91
290,W1,SKU_C,130
290,W1,SKU_D,96
290,W1,SKU_E,71
290,W2,SKU_A,170
290,W2,SKU_B,58
290,W2,SKU_C,98
290,W2,SKU_D,79
290,W2,SKU_E,68
290,R1,SKU_A,120
290,R1,SKU_B,53
290,R1,SKU_C,97
290,R1,SKU_D,51
290,R1,SKU_E,49
290,R2,SKU_A,103
290,R2,SKU_B,61
290,R2,SKU_C,52
290,R2,SKU_D,51
290,R2,SKU_E,77
290,R3,SKU_A,175
290,R3,SKU_B,64
290,R3,SKU_C,135
290,R3,SKU_D,114
290,R3,SKU_E,92
291,Supplier,SKU_A,0
291,Supplier,SKU_B,0
291,Supplier,SKU_C,0
291,Supplier,SKU_D,0
291,Supplier,SKU_E,0
291,W1,SKU_A,223
291,W1,SKU_B,114
291,W1,SKU_C,149
291,W1,SKU_D,102
291,W1,SKU_E,126
291,W2,SKU_A,175
291,W2,SKU_B,64
291,W2,SKU_C,135
291,W2,SKU_D,114
291,W2,SKU_E,92
291,R1,SKU_A,161
291,R1,SKU_B,64
291,R1,SKU_C,115
291,R1,SKU_D,71
291,R1,SKU_E,60
291,R2,SKU_A,107
291,R2,SKU_B,41
291,R2,SKU_C,50
291,R2,SKU_D,57
291,R2,SKU_E,75
291,R3,SKU_A,250
291,R3,SKU_B,72
291,R3,SKU_C,143
291,R3,SKU_D,135
291,R3,SKU_E,107
292,Supplier,SKU_A,0
292,Supplier,SKU_B,0
292,Supplier,SKU_C,0
292,Supplier,SKU_D,0
292,Supplier,SKU_E,0
292,W1,SKU_A,268
292,W1,SKU_B,105
292,W1,SKU_C,165
292,W1,SKU_D,128
292,W1,SKU_E,135
292,W2,SKU_A,250
292,W2,SKU_B,72
292,W2,SKU_C,143
292,W2,SKU_D,135
292,W2,SKU_E,107
292,R1,SKU_A,159
292,R1,SKU_B,59
292,R1,SKU_C,102
292,R1,SKU_D,50
292,R1,SKU_E,43
292,R2,SKU_A,94
292,R2,SKU_B,54
292,R2,SKU_C,50
292,R2,SKU_D,42
292,R2,SKU_E,64
292,R3,SKU_A,251
292,R3,SKU_B,75
292,R3,SKU_C,178
292,R3,SKU_D,118
292,R3,SKU_E,100
293,Supplier,SKU_A,0
293,Supplier,SKU_B,0
293,Supplier,SKU_C,0
293,Supplier,SKU_D,0
293,Supplier,SKU_E,0
293,W1,SKU_A,253
293,W1,SKU_B,113
293,W1,SKU_C,152
293,W1,SKU_D,92
293,W1,SKU_E,107
293,W2,SKU_A,251
293,W2,SKU_B,75
293,W2,SKU_C,178
293,W2,SKU_D,118
293,W2,SKU_E,100
293,R1,SKU_A,206
293,R1,SKU_B,71
293,R1,SKU_C,153
293,R1,SKU_D,65
293,R1,SKU_E,67
293,R2,SKU_A,125
293,R2,SKU_B,65
293,R2,SKU_C,62
293,R2,SKU_D,66
293,R2,SKU_E,75
293,R3,SKU_A,305
293,R3,SKU_B,54
293,R3,SKU_C,162
293,R3,SKU_D,141
293,R3,SKU_E,101
294,Supplier,SKU_A,0
294,Supplier,SKU_B,0
294,Supplier,SKU_C,0
294,Supplier,SKU_D,0
294,Supplier,SKU_E,0
294,W1,SKU_A,331
294,W1,SKU_B,136
294,W1,SKU_C,215
294,W1,SKU_D,131
294,W1,SKU_E,142
294,W2,SKU_A,305
294,W2,SKU_B,54
294,W2,SKU_C,162
294,W2,SKU_D,141
294,W2,SKU_E,101
294,R1,SKU_A,191
294,R1,SKU_B,74
294,R1,SKU_C,139
294,R1,SKU_D,89
294,R1,SKU_E,49
294,R2,SKU_A,119
294,R2,SKU_B,53
294,R2,SKU_C,54
294,R2,SKU_D,47
294,R2,SKU_E,72
294,R3,SKU_A,225
294,R3,SKU_B,86
294,R3,SKU_C,171
294,R3,SKU_D,129
294,R3,SKU_E,121
295,Supplier,SKU_A,0
295,Supplier,SKU_B,0
295,Supplier,SKU_C,0
295,Supplier,SKU_D,0
295,Supplier,SKU_E,0
295,W1,SKU_A,310
295,W1,SKU_B,127
295,W1,SKU_C,193
295,W1,SKU_D,136
295,W1,SKU_E,121
295,W2,SKU_A,225
295,W2,SKU_B,86
295,W2,SKU_C,171
295,W2,SKU_D,129
295,W2,SKU_E,121
295,R1,SKU_A,151
295,R1,SKU_B,80
295,R1,SKU_C,112
295,R1,SKU_D,65
295,R1,SKU_E,51
295,R2,SKU_A,117
295,R2,SKU_B,72
295,R2,SKU_C,42
295,R2,SKU_D,74
295,R2,SKU_E,49
295,R3,SKU_A,188
295,R3,SKU_B,64
295,R3,SKU_C,139
295,R3,SKU_D,91
295,R3,SKU_E,107
296,Supplier,SKU_A,0
296,Supplier,SKU_B,0
296,Supplier,SKU_C,0
296,Supplier,SKU_D,0
296,Supplier,SKU_E,0
296,W1,SKU_A,268
296,W1,SKU_B,152
296,W1,SKU_C,154
296,W1,SKU_D,139
296,W1,SKU_E,100
296,W2,SKU_A,188
296,W2,SKU_B,64
296,W2,SKU_C,139
296,W2,SKU_D,91
296,W2,SKU_E,107
296,R1,SKU_A,117
296,R1,SKU_B,42
296,R1,SKU_C,78
296,R1,SKU_D,61
296,R1,SKU_E,33
296,R2,SKU_A,90
296,R2,SKU_B,59
296,R2,SKU_C,52
296,R2,SKU_D,45
296,R2,SKU_E,45
296,R3,SKU_A,175
296,R3,SKU_B,56
296,R3,SKU_C,124
296,R3,SKU_D,104
296,R3,SKU_E,86
297,Supplier,SKU_A,0
297,Supplier,SKU_B,0
297,Supplier,SKU_C,0
297,Supplier,SKU_D,0
297,Supplier,SKU_E,0
297,W1,SKU_A,207
297,W1,SKU_B,101
297,W1,SKU_C,130
297,W1,SKU_D,106
297,W1,SKU_E,78
297,W2,SKU_A,175
297,W2,SKU_B,56
297,W2,SKU_C,124
297,W2,SKU_D,104
297,W2,SKU_E,86
297,R1,SKU_A,126
297,R1,SKU_B,46
297,R1,SKU_C,96
297,R1,SKU_D,56
297,R1,SKU_E,37
297,R2,SKU_A,92
297,R2,SKU_B,47
297,R2,SKU_C,36
297,R2,SKU_D,56
297,R2,SKU_E,45
297,R3,SKU_A,144
297,R3,SKU_B,51
297,R3,SKU_C,93
297,R3,SKU_D,73
297,R3,SKU_E,69
298,Supplier,SKU_A,0
298,Supplier,SKU_B,0
298,Supplier,SKU_C,0
298,Supplier,SKU_D,0
298,Supplier,SKU_E,0
298,W1,SKU_A,218
298,W1,SKU_B,93
298,W1,SKU_C,132
298,W1,SKU_D,112
298,W1,SKU_E,82
298,W2,SKU_A,144
298,W2,SKU_B,51
298,W2,SKU_C,93
298,W2,SKU_D,73
298,W2,SKU_E,69
298,R1,SKU_A,120
298,R1,SKU_B,49
298,R1,SKU_C,88
298,R1,SKU_D,41
298,R1,SKU_E,49
298,R2,SKU_A,65
298,R2,SKU_B,33
298,R2,SKU_C,36
298,R2,SKU_D,38
298,R2,SKU_E,50
298,R3,SKU_A,119
298,R3,SKU_B,64
298,R3,SKU_C,109
298,R3,SKU_D,93
298,R3,SKU_E,101
299,Supplier,SKU_A,0
299,Supplier,SKU_B,0
299,Supplier,SKU_C,0
299,Supplier,SKU_D,0
299,Supplier,SKU_E,0
299,W1,SKU_A,185
299,W1,SKU_B,82
299,W1,SKU_C,124
299,W1,SKU_D,79
299,W1,SKU_E,99
299,W2,SKU_A,119
299,W2,SKU_B,64
299,W2,SKU_C,109
299,W2,SKU_D,93
299,W2,SKU_E,101
299,R1,SKU_A,128
299,R1,SKU_B,58
299,R1,SKU_C,120
299,R1,SKU_D,55
299,R1,SKU_E,41
299,R2,SKU_A,75
299,R2,SKU_B,44
299,R2,SKU_C,38
299,R2,SKU_D,52
299,R2,SKU_E,46
299,R3,SKU_A,199
299,R3,SKU_B,78
299,R3,SKU_C,109
299,R3,SKU_D,134
299,R3,SKU_E,98
300,Supplier,SKU_A,0
300,Supplier,SKU_B,0
300,Supplier,SKU_C,0
300,Supplier,SKU_D,0
300,Supplier,SKU_E,0
300,W1,SKU_A,203
300,W1,SKU_B,102
300,W1,SKU_C,158
300,W1,SKU_D,107
300,W1,SKU_E,87
300,W2,SKU_A,199
300,W2,SKU_B,78
300,W2,SKU_C,109
300,W2,SKU_D,134
300,W2,SKU_E,98
300,R1,SKU_A,159
300,R1,SKU_B,83
300,R1,SKU_C,152
300,R1,SKU_D,84
300,R1,SKU_E,66
300,R2,SKU_A,111
300,R2,SKU_B,46
300,R2,SKU_C,56
300,R2,SKU_D,56
300,R2,SKU_E,50
300,R3,SKU_A,272
300,R3,SKU_B,96
300,R3,SKU_C,217
300,R3,SKU_D,172
300,R3,SKU_E,105
301,Supplier,SKU_A,0
301,Supplier,SKU_B,0
301,Supplier,SKU_C,0
301,Supplier,SKU_D,0
301,Supplier,SKU_E,0
301,W1,SKU_A,270
301,W1,SKU_B,129
301,W1,SKU_C,208
301,W1,SKU_D,140
301,W1,SKU_E,116
301,W2,SKU_A,272
301,W2,SKU_B,96
301,W2,SKU_C,217
301,W2,SKU_D,172
301,W2,SKU_E,105
301,R1,SKU_A,183
301,R1,SKU_B,76
301,R1,SKU_C,129
301,R1,SKU_D,78
301,R1,SKU_E,50
301,R2,SKU_A,89
301,R2,SKU_B,77
301,R2,SKU_C,66
301,R2,SKU_D,52
301,R2,SKU_E,55
301,R3,SKU_A,260
301,R3,SKU_B,48
301,R3,SKU_C,150
301,R3,SKU_D,121
301,R3,SKU_E,104
302,Supplier,SKU_A,0
302,Supplier,SKU_B,0
302,Supplier,SKU_C,0
302,Supplier,SKU_D,0
302,Supplier,SKU_E,0
302,W1,SKU_A,272
302,W1,SKU_B,153
302,W1,SKU_C,195
302,W1,SKU_D,130
302,W1,SKU_E,105
302,W2,SKU_A,260
302,W2,SKU_B,48
302,W2,SKU_C,150
302,W2,SKU_D,121
302,W2,SKU_E,104
302,R1,SKU_A,102
302,R1,SKU_B,59
302,R1,SKU_C,80
302,R1,SKU_D,53
302,R1,SKU_E,39
302,R2,SKU_A,85
302,R2,SKU_B,46
302,R2,SKU_C,37
302,R2,SKU_D,46
302,R2,SKU_E,63
302,R3,SKU_A,149
302,R3,SKU_B,51
302,R3,SKU_C,72
302,R3,SKU_D,58
302,R3,SKU_E,81
303,Supplier,SKU_A,0
303,Supplier,SKU_B,0
303,Supplier,SKU_C,0
303,Supplier,SKU_D,0
303,Supplier,SKU_E,0
303,W1,SKU_A,187
303,W1,SKU_B,105
303,W1,SKU_C,117
303,W1,SKU_D,99
303,W1,SKU_E,102
303,W2,SKU_A,149
303,W2,SKU_B,51
303,W2,SKU_C,72
303,W2,SKU_D,58
303,W2,SKU_E,81
303,R1,SKU_A,117
303,R1,SKU_B,43
303,R1,SKU_C,81
303,R1,SKU_D,50
303,R1,SKU_E,43
303,R2,SKU_A,72
303,R2,SKU_B,42
303,R2,SKU_C,42
303,R2,SKU_D,43
303,R2,SKU_E,53
303,R3,SKU_A,189
303,R3,SKU_B,50
303,R3,SKU_C,76
303,R3,SKU_D,96
303,R3,SKU_E,59
304,Supplier,SKU_A,0
304,Supplier,SKU_B,0
304,Supplier,SKU_C,0
304,Supplier,SKU_D,0
304,Supplier,SKU_E,0
304,W1,SKU_A,189
304,W1,SKU_B,85
304,W1,SKU_C,123
304,W1,SKU_D,93
304,W1,SKU_E,96
304,W2,SKU_A,189
304,W2,SKU_B,50
304,W2,SKU_C,76
304,W2,SKU_D,96
304,W2,SKU_E,59
304,R1,SKU_A,109
304,R1,SKU_B,37
304,R1,SKU_C,59
304,R1,SKU_D,42
304,R1,SKU_E,30
304,R2,SKU_A,64
304,R2,SKU_B,47
304,R2,SKU_C,34
304,R2,SKU_D,46
304,R2,SKU_E,60
304,R3,SKU_A,146
304,R3,SKU_B,63
304,R3,SKU_C,92
304,R3,SKU_D,75
304,R3,SKU_E,81
305,Supplier,SKU_A,0
305,Supplier,SKU_B,0
305,Supplier,SKU_C,0
305,Supplier,SKU_D,0
305,Supplier,SKU_E,0
305,W1,SKU_A,173
305,W1,SKU_B,84
305,W1,SKU_C,93
305,W1,SKU_D,88
305,W1,SKU_E,90
305,W2,SKU_A,146
305,W2,SKU_B,63
305,W2,SKU_C,92
305,W2,SKU_D,75
305,W2,SKU_E,81
305,R1,SKU_A,138
305,R1,SKU_B,52
305,R1,SKU_C,73
305,R1,SKU_D,66
305,R1,SKU_E,48
305,R2,SKU_A,88
305,R2,SKU_B,56
305,R2,SKU_C,47
305,R2,SKU_D,59
305,R2,SKU_E,48
305,R3,SKU_A,164
305,R3,SKU_B,74
305,R3,SKU_C,109
305,R3,SKU_D,96
305,R3,SKU_E,84
306,Supplier,SKU_A,0
306,Supplier,SKU_B,0
306,Supplier,SKU_C,0
306,Supplier,SKU_D,0
306,Supplier,SKU_E,0
306,W1,SKU_A,226
306,W1,SKU_B,108
306,W1,SKU_C,120
306,W1,SKU_D,125
306,W1,SKU_E,96
306,W2,SKU_A,164
306,W2,SKU_B,74
306,W2,SKU_C,109
306,W2,SKU_D,96
306,W2,SKU_E,84
306,R1,SKU_A,134
306,R1,SKU_B,60
306,R1,SKU_C,85
306,R1,SKU_D,56
306,R1,SKU_E,53
306,R2,SKU_A,81
306,R2,SKU_B,53
306,R2,SKU_C,37
306,R2,SKU_D,47
306,R2,SKU_E,51
306,R3,SKU_A,158
306,R3,SKU_B,60
306,R3,SKU_C,108
306,R3,SKU_D,116
306,R3,SKU_E,101
307,Supplier,SKU_A,0
307,Supplier,SKU_B,0
307,Supplier,SKU_C,0
307,Supplier,SKU_D,0
307,Supplier,SKU_E,0
307,W1,SKU_A,215
307,W1,SKU_B,113
307,W1,SKU_C,122
307,W1,SKU_D,103
307,W1,SKU_E,104
307,W2,SKU_A,158
307,W2,SKU_B,60
307,W2,SKU_C,108
307,W2,SKU_D,116
307,W2,SKU_E,101
307,R1,SKU_A,169
307,R1,SKU_B,96
307,R1,SKU_C,146
307,R1,SKU_D,84
307,R1,SKU_E,52
307,R2,SKU_A,117
307,R2,SKU_B,65
307,R2,SKU_C,60
307,R2,SKU_D,72
307,R2,SKU_E,59
307,R3,SKU_A,259
307,R3,SKU_B,61
307,R3,SKU_C,136
307,R3,SKU_D,132
307,R3,SKU_E,129
308,Supplier,SKU_A,0
308,Supplier,SKU_B,0
308,Supplier,SKU_C,0
308,Supplier,SKU_D,0
308,Supplier,SKU_E,0
308,W1,SKU_A,286
308,W1,SKU_B,161
308,W1,SKU_C,206
308,W1,SKU_D,156
308,W1,SKU_E,111
308,W2,SKU_A,259
308,W2,SKU_B,61
308,W2,SKU_C,136
308,W2,SKU_D,132
308,W2,SKU_E,129
308,R1,SKU_A,166
308,R1,SKU_B,106
308,R1,SKU_C,145
308,R1,SKU_D,86
308,R1,SKU_E,62
308,R2,SKU_A,109
308,R2,SKU_B,61
308,R2,SKU_C,50
308,R2,SKU_D,52
308,R2,SKU_E,44
308,R3,SKU_A,217
308,R3,SKU_B,93
308,R3,SKU_C,123
308,R3,SKU_D,113
308,R3,SKU_E,116
309,Supplier,SKU_A,0
309,Supplier,SKU_B,0
309,Supplier,SKU_C,0
309,Supplier,SKU_D,0
309,Supplier,SKU_E,0
309,W1,SKU_A,275
309,W1,SKU_B,167
309,W1,SKU_C,195
309,W1,SKU_D,138
309,W1,SKU_E,106
309,W2,SKU_A,217
309,W2,SKU_B,93
309,W2,SKU_C,123
309,W2,SKU_D,113
309,W2,SKU_E,116
309,R1,SKU_A,107
309,R1,SKU_B,62
309,R1,SKU_C,54
309,R1,SKU_D,44
309,R1,SKU_E,42
309,R2,SKU_A,83
309,R2,SKU_B,52
309,R2,SKU_C,43
309,R2,SKU_D,51
309,R2,SKU_E,40
309,R3,SKU_A,169
309,R3,SKU_B,64
309,R3,SKU_C,110
309,R3,SKU_D,82
309,R3,SKU_E,75
310,Supplier,SKU_A,0
310,Supplier,SKU_B,0
310,Supplier,SKU_C,0
310,Supplier,SKU_D,0
310,Supplier,SKU_E,0
310,W1,SKU_A,190
310,W1,SKU_B,114
310,W1,SKU_C,97
310,W1,SKU_D,95
310,W1,SKU_E,82
310,W2,SKU_A,169
310,W2,SKU_B,64
310,W2,SKU_C,110
310,W2,SKU_D,82
310,W2,SKU_E,75
310,R1,SKU_A,110
310,R1,SKU_B,41
310,R1,SKU_C,56
310,R1,SKU_D,39
310,R1,SKU_E,45
310,R2,SKU_A,104
310,R2,SKU_B,57
310,R2,SKU_C,41
310,R2,SKU_D,54
310,R2,SKU_E,61
310,R3,SKU_A,179
310,R3,SKU_B,63
310,R3,SKU_C,95
310,R3,SKU_D,73
310,R3,SKU_E,90
311,Supplier,SKU_A,0
311,Supplier,SKU_B,0
311,Supplier,SKU_C,0
311,Supplier,SKU_D,0
311,Supplier,SKU_E,0
311,W1,SKU_A,214
311,W1,SKU_B,98
311,W1,SKU_C,97
311,W1,SKU_D,93
311,W1,SKU_E,106
311,W2,SKU_A,179
311,W2,SKU_B,63
311,W2,SKU_C,95
311,W2,SKU_D,73
311,W2,SKU_E,90
311,R1,SKU_A,131
311,R1,SKU_B,47
311,R1,SKU_C,71
311,R1,SKU_D,44
311,R1,SKU_E,41
311,R2,SKU_A,96
311,R2,SKU_B,34
311,R2,SKU_C,46
311,R2,SKU_D,49
311,R2,SKU_E,61
311,R3,SKU_A,155
311,R3,SKU_B,57
311,R3,SKU_C,82
311,R3,SKU_D,85
311,R3,SKU_E,76
312,Supplier,SKU_A,0
312,Supplier,SKU_B,0
312,Supplier,SKU_C,0
312,Supplier,SKU_D,0
312,Supplier,SKU_E,0
312,W1,SKU_A,227
312,W1,SKU_B,81
312,W1,SKU_C,117
312,W1,SKU_D,93
312,W1,SKU_E,102
312,W2,SKU_A,155
312,W2,SKU_B,57
312,W2,SKU_C,82
312,W2,SKU_D,85
312,W2,SKU_E,76
312,R1,SKU_A,137
312,R1,SKU_B,74
312,R1,SKU_C,92
312,R1,SKU_D,63
312,R1,SKU_E,53
312,R2,SKU_A,97
312,R2,SKU_B,43
312,R2,SKU_C,49
312,R2,SKU_D,53
312,R2,SKU_E,64
312,R3,SKU_A,192
312,R3,SKU_B,91
312,R3,SKU_C,121
312,R3,SKU_D,90
312,R3,SKU_E,81
313,Supplier,SKU_A,0
313,Supplier,SKU_B,0
313,Supplier,SKU_C,0
313,Supplier,SKU_D,0
313,Supplier,SKU_E,0
313,W1,SKU_A,234
313,W1,SKU_B,117
313,W1,SKU_C,141
313,W1,SKU_D,116
313,W1,SKU_E,117
313,W2,SKU_A,192
313,W2,SKU_B,91
313,W2,SKU_C,121
313,W2,SKU_D,90
313,W2,SKU_E,81
313,R1,SKU_A,109
313,R1,SKU_B,65
313,R1,SKU_C,81
313,R1,SKU_D,58
313,R1,SKU_E,64
313,R2,SKU_A,90
313,R2,SKU_B,37
313,R2,SKU_C,26
313,R2,SKU_D,54
313,R2,SKU_E,57
313,R3,SKU_A,185
313,R3,SKU_B,89
313,R3,SKU_C,99
313,R3,SKU_D,110
313,R3,SKU_E,101
314,Supplier,SKU_A,0
314,Supplier,SKU_B,0
314,Supplier,SKU_C,0
314,Supplier,SKU_D,0
314,Supplier,SKU_E,0
314,W1,SKU_A,199
314,W1,SKU_B,102
314,W1,SKU_C,107
314,W1,SKU_D,112
314,W1,SKU_E,121
314,W2,SKU_A,185
314,W2,SKU_B,89
314,W2,SKU_C,99
314,W2,SKU_D,110
314,W2,SKU_E,101
314,R1,SKU_A,160
314,R1,SKU_B,89
314,R1,SKU_C,120
314,R1,SKU_D,74
314,R1,SKU_E,62
314,R2,SKU_A,95
314,R2,SKU_B,69
314,R2,SKU_C,51
314,R2,SKU_D,82
314,R2,SKU_E,60
314,R3,SKU_A,202
314,R3,SKU_B,77
314,R3,SKU_C,138
314,R3,SKU_D,117
314,R3,SKU_E,127
315,Supplier,SKU_A,0
315,Supplier,SKU_B,0
315,Supplier,SKU_C,0
315,Supplier,SKU_D,0
315,Supplier,SKU_E,0
315,W1,SKU_A,255
315,W1,SKU_B,158
315,W1,SKU_C,171
315,W1,SKU_D,156
315,W1,SKU_E,122
315,W2,SKU_A,202
315,W2,SKU_B,77
315,W2,SKU_C,138
315,W2,SKU_D,117
315,W2,SKU_E,127
315,R1,SKU_A,184
315,R1,SKU_B,91
315,R1,SKU_C,147
315,R1,SKU_D,99
315,R1,SKU_E,66
315,R2,SKU_A,108
315,R2,SKU_B,56
315,R2,SKU_C,68
315,R2,SKU_D,58
315,R2,SKU_E,66
315,R3,SKU_A,223
315,R3,SKU_B,64
315,R3,SKU_C,169
315,R3,SKU_D,90
315,R3,SKU_E,90
316,Supplier,SKU_A,0
316,Supplier,SKU_B,0
316,Supplier,SKU_C,0
316,Supplier,SKU_D,0
316,Supplier,SKU_E,0
316,W1,SKU_A,292
316,W1,SKU_B,147
316,W1,SKU_C,215
316,W1,SKU_D,157
316,W1,SKU_E,132
316,W2,SKU_A,223
316,W2,SKU_B,64
316,W2,SKU_C,169
316,W2,SKU_D,90
316,W2,SKU_E,90
316,R1,SKU_A,114
316,R1,SKU_B,44
316,R1,SKU_C,57
316,R1,SKU_D,55
316,R1,SKU_E,51
316,R2,SKU_A,105
316,R2,SKU_B,51
316,R2,SKU_C,40
316,R2,SKU_D,51
316,R2,SKU_E,57
316,R3,SKU_A,164
316,R3,SKU_B,83
316,R3,SKU_C,86
316,R3,SKU_D,101
316,R3,SKU_E,86
317,Supplier,SKU_A,0
317,Supplier,SKU_B,0
317,Supplier,SKU_C,0
317,Supplier,SKU_D,0
317,Supplier,SKU_E,0
317,W1,SKU_A,219
317,W1,SKU_B,95
317,W1,SKU_C,97
317,W1,SKU_D,106
317,W1,SKU_E,108
317,W2,SKU_A,164
317,W2,SKU_B,83
317,W2,SKU_C,86
317,W2,SKU_D,101
317,W2,SKU_E,86
317,R1,SKU_A,108
317,R1,SKU_B,48
317,R1,SKU_C,62
317,R1,SKU_D,58
317,R1,SKU_E,40
317,R2,SKU_A,90
317,R2,SKU_B,48
317,R2,SKU_C,50
317,R2,SKU_D,38
317,R2,SKU_E,59
317,R3,SKU_A,156
317,R3,SKU_B,61
317,R3,SKU_C,67
317,R3,SKU_D,65
317,R3,SKU_E,92
318,Supplier,SKU_A,0
318,Supplier,SKU_B,0
318,Supplier,SKU_C,0
318,Supplier,SKU_D,0
318,Supplier,SKU_E,0
318,W1,SKU_A,198
318,W1,SKU_B,96
318,W1,SKU_C,112
318,W1,SKU_D,96
318,W1,SKU_E,99
318,W2,SKU_A,156
318,W2,SKU_B,61
318,W2,SKU_C,67
318,W2,SKU_D,65
318,W2,SKU_E,92
318,R1,SKU_A,116
318,R1,SKU_B,62
318,R1,SKU_C,66
318,R1,SKU_D,45
318,R1,SKU_E,42
318,R2,SKU_A,87
318,R2,SKU_B,56
318,R2,SKU_C,29
318,R2,SKU_D,45
318,R2,SKU_E,59
318,R3,SKU_A,164
318,R3,SKU_B,67
318,R3,SKU_C,70
318,R3,SKU_D,71
318,R3,SKU_E,79
319,Supplier,SKU_A,0
319,Supplier,SKU_B,0
319,Supplier,SKU_C,0
319,Supplier,SKU_D,0
319,Supplier,SKU_E,0
319,W1,SKU_A,203
319,W1,SKU_B,118
319,W1,SKU_C,95
319,W1,SKU_D,90
319,W1,SKU_E,101
319,W2,SKU_A,164
319,W2,SKU_B,67
319,W2,SKU_C,70
319,W2,SKU_D,71
319,W2,SKU_E,79
319,R1,SKU_A,138
319,R1,SKU_B,57
319,R1,SKU_C,85
319,R1,SKU_D,64
319,R1,SKU_E,58
319,R2,SKU_A,86
319,R2,SKU_B,43
319,R2,SKU_C,49
319,R2,SKU_D,30
319,R2,SKU_E,45
319,R3,SKU_A,178
319,R3,SKU_B,78
319,R3,SKU_C,90
319,R3,SKU_D,95
319,R3,SKU_E,91
320,Supplier,SKU_A,0
320,Supplier,SKU_B,0
320,Supplier,SKU_C,0
320,Supplier,SKU_D,0
320,Supplier,SKU_E,0
320,W1,SKU_A,224
320,W1,SKU_B,100
320,W1,SKU_C,134
320,W1,SKU_D,94
320,W1,SKU_E,103
320,W2,SKU_A,178
320,W2,SKU_B,78
320,W2,SKU_C,90
320,W2,SKU_D,95
320,W2,SKU_E,91
320,R1,SKU_A,116
320,R1,SKU_B,70
320,R1,SKU_C,108
320,R1,SKU_D,55
320,R1,SKU_E,55
320,R2,SKU_A,79
320,R2,SKU_B,54
320,R2,SKU_C,35
320,R2,SKU_D,47
320,R2,SKU_E,43
320,R3,SKU_A,197
320,R3,SKU_B,84
320,R3,SKU_C,130
320,R3,SKU_D,87
320,R3,SKU_E,104
321,Supplier,SKU_A,0
321,Supplier,SKU_B,0
321,Supplier,SKU_C,0
321,Supplier,SKU_D,0
321,Supplier,SKU_E,0
321,W1,SKU_A,195
321,W1,SKU_B,124
321,W1,SKU_C,143
321,W1,SKU_D,102
321,W1,SKU_E,98
321,W2,SKU_A,197
321,W2,SKU_B,84
321,W2,SKU_C,130
321,W2,SKU_D,87
321,W2,SKU_E,104
321,R1,SKU_A,164
321,R1,SKU_B,103
321,R1,SKU_C,139
321,R1,SKU_D,90
321,R1,SKU_E,65
321,R2,SKU_A,125
321,R2,SKU_B,54
321,R2,SKU_C,49
321,R2,SKU_D,70
321,R2,SKU_E,73
321,R3,SKU_A,219
321,R3,SKU_B,104
321,R3,SKU_C,142
321,R3,SKU_D,128
321,R3,SKU_E,117
322,Supplier,SKU_A,0
322,Supplier,SKU_B,0
322,Supplier,SKU_C,0
322,Supplier,SKU_D,0
322,Supplier,SKU_E,0
322,W1,SKU_A,289
322,W1,SKU_B,157
322,W1,SKU_C,188
322,W1,SKU_D,160
322,W1,SKU_E,138
322,W2,SKU_A,219
322,W2,SKU_B,104
322,W2,SKU_C,142
322,W2,SKU_D,128
322,W2,SKU_E,117
322,R1,SKU_A,145
322,R1,SKU_B,66
322,R1,SKU_C,122
322,R1,SKU_D,81
322,R1,SKU_E,72
322,R2,SKU_A,122
322,R2,SKU_B,39
322,R2,SKU_C,49
322,R2,SKU_D,56
322,R2,SKU_E,59
322,R3,SKU_A,214
322,R3,SKU_B,81
322,R3,SKU_C,153
322,R3,SKU_D,140
322,R3,SKU_E,90
323,Supplier,SKU_A,0
323,Supplier,SKU_B,0
323,Supplier,SKU_C,0
323,Supplier,SKU_D,0
323,Supplier,SKU_E,0
323,W1,SKU_A,267
323,W1,SKU_B,105
323,W1,SKU_C,171
323,W1,SKU_D,137
323,W1,SKU_E,131
323,W2,SKU_A,214
323,W2,SKU_B,81
323,W2,SKU_C,153
323,W2,SKU_D,140
323,W2,SKU_E,90
323,R1,SKU_A,130
323,R1,SKU_B,61
323,R1,SKU_C,83
323,R1,SKU_D,73
323,R1,SKU_E,55
323,R2,SKU_A,81
323,R2,SKU_B,49
323,R2,SKU_C,46
323,R2,SKU_D,51
323,R2,SKU_E,51
323,R3,SKU_A,192
323,R3,SKU_B,76
323,R3,SKU_C,121
323,R3,SKU_D,97
323,R3,SKU_E,77
324,Supplier,SKU_A,0
324,Supplier,SKU_B,0
324,Supplier,SKU_C,0
324,Supplier,SKU_D,0
324,Supplier,SKU_E,0
324,W1,SKU_A,211
324,W1,SKU_B,110
324,W1,SKU_C,129
324,W1,SKU_D,124
324,W1,SKU_E,106
324,W2,SKU_A,192
324,W2,SKU_B,76
324,W2,SKU_C,121
324,W2,SKU_D,97
324,W2,SKU_E,77
324,R1,SKU_A,116
324,R1,SKU_B,57
324,R1,SKU_C,86
324,R1,SKU_D,50
324,R1,SKU_E,59
324,R2,SKU_A,64
324,R2,SKU_B,48
324,R2,SKU_C,34
324,R2,SKU_D,40
324,R2,SKU_E,67
324,R3,SKU_A,183
324,R3,SKU_B,59
324,R3,SKU_C,133
324,R3,SKU_D,92
324,R3,SKU_E,74
325,Supplier,SKU_A,0
325,Supplier,SKU_B,0
325,Supplier,SKU_C,0
325,Supplier,SKU_D,0
325,Supplier,SKU_E,0
325,W1,SKU_A,180
325,W1,SKU_B,105
325,W1,SKU_C,120
325,W1,SKU_D,90
325,W1,SKU_E,126
325,W2,SKU_A,183
325,W2,SKU_B,59
325,W2,SKU_C,133
325,W2,SKU_D,92
325,W2,SKU_E,74
325,R1,SKU_A,109
325,R1,SKU_B,50
325,R1,SKU_C,64
325,R1,SKU_D,54
325,R1,SKU_E,36
325,R2,SKU_A,77
325,R2,SKU_B,52
325,R2,SKU_C,60
325,R2,SKU_D,40
325,R2,SKU_E,53
325,R3,SKU_A,168
325,R3,SKU_B,61
325,R3,SKU_C,101
325,R3,SKU_D,95
325,R3,SKU_E,75
326,Supplier,SKU_A,0
326,Supplier,SKU_B,0
326,Supplier,SKU_C,0
326,Supplier,SKU_D,0
326,Supplier,SKU_E,0
326,W1,SKU_A,186
326,W1,SKU_B,102
326,W1,SKU_C,124
326,W1,SKU_D,94
326,W1,SKU_E,89
326,W2,SKU_A,168
326,W2,SKU_B,61
326,W2,SKU_C,101
326,W2,SKU_D,95
326,W2,SKU_E,75
326,R1,SKU_A,126
326,R1,SKU_B,48
326,R1,SKU_C,83
326,R1,SKU_D,58
326,R1,SKU_E,44
326,R2,SKU_A,92
326,R2,SKU_B,61
326,R2,SKU_C,70
326,R2,SKU_D,45
326,R2,SKU_E,47
326,R3,SKU_A,175
326,R3,SKU_B,63
326,R3,SKU_C,133
326,R3,SKU_D,67
326,R3,SKU_E,90
327,Supplier,SKU_A,0
327,Supplier,SKU_B,0
327,Supplier,SKU_C,0
327,Supplier,SKU_D,0
327,Supplier,SKU_E,0
327,W1,SKU_A,218
327,W1,SKU_B,109
327,W1,SKU_C,153
327,W1,SKU_D,103
327,W1,SKU_E,91
327,W2,SKU_A,175
327,W2,SKU_B,63
327,W2,SKU_C,133
327,W2,SKU_D,67
327,W2,SKU_E,90
327,R1,SKU_A,117
327,R1,SKU_B,61
327,R1,SKU_C,95
327,R1,SKU_D,65
327,R1,SKU_E,42
327,R2,SKU_A,64
327,R2,SKU_B,51
327,R2,SKU_C,63
327,R2,SKU_D,47
327,R2,SKU_E,57
327,R3,SKU_A,186
327,R3,SKU_B,84
327,R3,SKU_C,127
327,R3,SKU_D,116
327,R3,SKU_E,92
328,Supplier,SKU_A,0
328,Supplier,SKU_B,0
328,Supplier,SKU_C,0
328,Supplier,SKU_D,0
328,Supplier,SKU_E,0
328,W1,SKU_A,181
328,W1,SKU_B,112
328,W1,SKU_C,158
328,W1,SKU_D,112
328,W1,SKU_E,99
328,W2,SKU_A,186
328,W2,SKU_B,84
328,W2,SKU_C,127
328,W2,SKU_D,116
328,W2,SKU_E,92
328,R1,SKU_A,129
328,R1,SKU_B,79
328,R1,SKU_C,113
328,R1,SKU_D,57
328,R1,SKU_E,56
328,R2,SKU_A,98
328,R2,SKU_B,63
328,R2,SKU_C,79
328,R2,SKU_D,65
328,R2,SKU_E,57
328,R3,SKU_A,192
328,R3,SKU_B,73
328,R3,SKU_C,146
328,R3,SKU_D,111
328,R3,SKU_E,104
329,Supplier,SKU_A,0
329,Supplier,SKU_B,0
329,Supplier,SKU_C,0
329,Supplier,SKU_D,0
329,Supplier,SKU_E,0
329,W1,SKU_A,227
329,W1,SKU_B,142
329,W1,SKU_C,192
329,W1,SKU_D,122
329,W1,SKU_E,113
329,W2,SKU_A,192
329,W2,SKU_B,73
329,W2,SKU_C,146
329,W2,SKU_D,111
329,W2,SKU_E,104
329,R1,SKU_A,116
329,R1,SKU_B,72
329,R1,SKU_C,115
329,R1,SKU_D,60
329,R1,SKU_E,68
329,R2,SKU_A,108
329,R2,SKU_B,58
329,R2,SKU_C,64
329,R2,SKU_D,50
329,R2,SKU_E,63
329,R3,SKU_A,210
329,R3,SKU_B,79
329,R3,SKU_C,111
329,R3,SKU_D,79
329,R3,SKU_E,100
330,Supplier,SKU_A,0
330,Supplier,SKU_B,0
330,Supplier,SKU_C,0
330,Supplier,SKU_D,0
330,Supplier,SKU_E,0
330,W1,SKU_A,224
330,W1,SKU_B,130
330,W1,SKU_C,179
330,W1,SKU_D,110
330,W1,SKU_E,131
330,W2,SKU_A,210
330,W2,SKU_B,79
330,W2,SKU_C,111
330,W2,SKU_D,79
330,W2,SKU_E,100
330,R1,SKU_A,98
330,R1,SKU_B,37
330,R1,SKU_C,54
330,R1,SKU_D,38
330,R1,SKU_E,38
330,R2,SKU_A,67
330,R2,SKU_B,48
330,R2,SKU_C,41
330,R2,SKU_D,44
330,R2,SKU_E,33
330,R3,SKU_A,148
330,R3,SKU_B,47
330,R3,SKU_C,87
330,R3,SKU_D,72
330,R3,SKU_E,89
331,Supplier,SKU_A,0
331,Supplier,SKU_B,0
331,Supplier,SKU_C,0
331,Supplier,SKU_D,0
331,Supplier,SKU_E,0
331,W1,SKU_A,165
331,W1,SKU_B,85
331,W1,SKU_C,95
331,W1,SKU_D,82
331,W1,SKU_E,71
331,W2,SKU_A,148
331,W2,SKU_B,47
331,W2,SKU_C,87
331,W2,SKU_D,72
331,W2,SKU_E,89
331,R1,SKU_A,105
331,R1,SKU_B,47
331,R1,SKU_C,58
331,R1,SKU_D,62
331,R1,SKU_E,36
331,R2,SKU_A,93
331,R2,SKU_B,58
331,R2,SKU_C,68
331,R2,SKU_D,44
331,R2,SKU_E,57
331,R3,SKU_A,137
331,R3,SKU_B,63
331,R3,SKU_C,80
331,R3,SKU_D,73
331,R3,SKU_E,93
332,Supplier,SKU_A,0
332,Supplier,SKU_B,0
332,Supplier,SKU_C,0
332,Supplier,SKU_D,0
332,Supplier,SKU_E,0
332,W1,SKU_A,198
332,W1,SKU_B,105
332,W1,SKU_C,126
332,W1,SKU_D,106
332,W1,SKU_E,93
332,W2,SKU_A,137
332,W2,SKU_B,63
332,W2,SKU_C,80
332,W2,SKU_D,73
332,W2,SKU_E,93
332,R1,SKU_A,139
332,R1,SKU_B,58
332,R1,SKU_C,84
332,R1,SKU_D,67
332,R1,SKU_E,33
332,R2,SKU_A,91
332,R2,SKU_B,42
332,R2,SKU_C,51
332,R2,SKU_D,38
332,R2,SKU_E,53
332,R3,SKU_A,131
332,R3,SKU_B,61
332,R3,SKU_C,57
332,R3,SKU_D,70
332,R3,SKU_E,71
333,Supplier,SKU_A,0
333,Supplier,SKU_B,0
333,Supplier,SKU_C,0
333,Supplier,SKU_D,0
333,Supplier,SKU_E,0
333,W1,SKU_A,230
333,W1,SKU_B,100
333,W1,SKU_C,135
333,W1,SKU_D,105
333,W1,SKU_E,86
333,W2,SKU_A,131
333,W2,SKU_B,61
333,W2,SKU_C,57
333,W2,SKU_D,70
333,W2,SKU_E,71
333,R1,SKU_A,134
333,R1,SKU_B,33
333,R1,SKU_C,89
333,R1,SKU_D,71
333,R1,SKU_E,42
333,R2,SKU_A,105
333,R2,SKU_B,53
333,R2,SKU_C,42
333,R2,SKU_D,42
333,R2,SKU_E,46
333,R3,SKU_A,152
333,R3,SKU_B,64
333,R3,SKU_C,87
333,R3,SKU_D,83
333,R3,SKU_E,72
334,Supplier,SKU_A,0
334,Supplier,SKU_B,0
334,Supplier,SKU_C,0
334,Supplier,SKU_D,0
334,Supplier,SKU_E,0
334,W1,SKU_A,239
334,W1,SKU_B,86
334,W1,SKU_C,131
334,W1,SKU_D,113
334,W1,SKU_E,88
334,W2,SKU_A,152
334,W2,SKU_B,64
334,W2,SKU_C,87
334,W2,SKU_D,83
334,W2,SKU_E,72
334,R1,SKU_A,166
334,R1,SKU_B,84
334,R1,SKU_C,109
334,R1,SKU_D,87
334,R1,SKU_E,52
334,R2,SKU_A,104
334,R2,SKU_B,66
334,R2,SKU_C,73
334,R2,SKU_D,74
334,R2,SKU_E,63
334,R3,SKU_A,234
334,R3,SKU_B,104
334,R3,SKU_C,203
334,R3,SKU_D,132
334,R3,SKU_E,110
335,Supplier,SKU_A,0
335,Supplier,SKU_B,0
335,Supplier,SKU_C,0
335,Supplier,SKU_D,0
335,Supplier,SKU_E,0
335,W1,SKU_A,270
335,W1,SKU_B,150
335,W1,SKU_C,182
335,W1,SKU_D,161
335,W1,SKU_E,115
335,W2,SKU_A,234
335,W2,SKU_B,104
335,W2,SKU_C,203
335,W2,SKU_D,132
335,W2,SKU_E,110
335,R1,SKU_A,232
335,R1,SKU_B,112
335,R1,SKU_C,194
335,R1,SKU_D,92
335,R1,SKU_E,73
335,R2,SKU_A,139
335,R2,SKU_B,79
335,R2,SKU_C,90
335,R2,SKU_D,69
335,R2,SKU_E,77
335,R3,SKU_A,264
335,R3,SKU_B,91
335,R3,SKU_C,145
335,R3,SKU_D,167
335,R3,SKU_E,140
336,Supplier,SKU_A,0
336,Supplier,SKU_B,0
336,Supplier,SKU_C,0
336,Supplier,SKU_D,0
336,Supplier,SKU_E,0
336,W1,SKU_A,371
336,W1,SKU_B,191
336,W1,SKU_C,284
336,W1,SKU_D,161
336,W1,SKU_E,150
336,W2,SKU_A,264
336,W2,SKU_B,91
336,W2,SKU_C,145
336,W2,SKU_D,167
336,W2,SKU_E,140
336,R1,SKU_A,208
336,R1,SKU_B,91
336,R1,SKU_C,164
336,R1,SKU_D,106
336,R1,SKU_E,63
336,R2,SKU_A,153
336,R2,SKU_B,49
336,R2,SKU_C,85
336,R2,SKU_D,57
336,R2,SKU_E,56
336,R3,SKU_A,218
336,R3,SKU_B,67
336,R3,SKU_C,133
336,R3,SKU_D,155
336,R3,SKU_E,105
337,Supplier,SKU_A,0
337,Supplier,SKU_B,0
337,Supplier,SKU_C,0
337,Supplier,SKU_D,0
337,Supplier,SKU_E,0
337,W1,SKU_A,361
337,W1,SKU_B,140
337,W1,SKU_C,249
337,W1,SKU_D,163
337,W1,SKU_E,119
337,W2,SKU_A,218
337,W2,SKU_B,67
337,W2,SKU_C,133
337,W2,SKU_D,155
337,W2,SKU_E,105
337,R1,SKU_A,122
337,R1,SKU_B,34
337,R1,SKU_C,61
337,R1,SKU_D,64
337,R1,SKU_E,34
337,R2,SKU_A,84
337,R2,SKU_B,46
337,R2,SKU_C,51
337,R2,SKU_D,51
337,R2,SKU_E,48
337,R3,SKU_A,133
337,R3,SKU_B,42
337,R3,SKU_C,87
337,R3,SKU_D,75
337,R3,SKU_E,69
338,Supplier,SKU_A,0
338,Supplier,SKU_B,0
338,Supplier,SKU_C,0
338,Supplier,SKU_D,0
338,Supplier,SKU_E,0
338,W1,SKU_A,206
338,W1,SKU_B,80
338,W1,SKU_C,112
338,W1,SKU_D,115
338,W1,SKU_E,82
338,W2,SKU_A,133
338,W2,SKU_B,42
338,W2,SKU_C,87
338,W2,SKU_D,75
338,W2,SKU_E,69
338,R1,SKU_A,90
338,R1,SKU_B,47
338,R1,SKU_C,72
338,R1,SKU_D,51
338,R1,SKU_E,43
338,R2,SKU_A,79
338,R2,SKU_B,52
338,R2,SKU_C,49
338,R2,SKU_D,32
338,R2,SKU_E,36
338,R3,SKU_A,121
338,R3,SKU_B,77
338,R3,SKU_C,64
338,R3,SKU_D,81
338,R3,SKU_E,80
339,Supplier,SKU_A,0
339,Supplier,SKU_B,0
339,Supplier,SKU_C,0
339,Supplier,SKU_D,0
339,Supplier,SKU_E,0
339,W1,SKU_A,169
339,W1,SKU_B,99
339,W1,SKU_C,121
339,W1,SKU_D,83
339,W1,SKU_E,79
339,W2,SKU_A,121
339,W2,SKU_B,77
339,W2,SKU_C,64
339,W2,SKU_D,81
339,W2,SKU_E,80
339,R1,SKU_A,101
339,R1,SKU_B,47
339,R1,SKU_C,65
339,R1,SKU_D,44
339,R1,SKU_E,39
339,R2,SKU_A,66
339,R2,SKU_B,47
339,R2,SKU_C,46
339,R2,SKU_D,39
339,R2,SKU_E,55
339,R3,SKU_A,133
339,R3,SKU_B,53
339,R3,SKU_C,56
339,R3,SKU_D,72
339,R3,SKU_E,73
340,Supplier,SKU_A,0
340,Supplier,SKU_B,0
340,Supplier,SKU_C,0
340,Supplier,SKU_D,0
340,Supplier,SKU_E,0
340,W1,SKU_A,167
340,W1,SKU_B,94
340,W1,SKU_C,111
340,W1,SKU_D,83
340,W1,SKU_E,94
340,W2,SKU_A,133
340,W2,SKU_B,53
340,W2,SKU_C,56
340,W2,SKU_D,72
340,W2,SKU_E,73
340,R1,SKU_A,109
340,R1,SKU_B,53
340,R1,SKU_C,97
340,R1,SKU_D,68
340,R1,SKU_E,35
340,R2,SKU_A,70
340,R2,SKU_B,39
340,R2,SKU_C,39
340,R2,SKU_D,32
340,R2,SKU_E,56
340,R3,SKU_A,153
340,R3,SKU_B,54
340,R3,SKU_C,99
340,R3,SKU_D,87
340,R3,SKU_E,74
341,Supplier,SKU_A,0
341,Supplier,SKU_B,0
341,Supplier,SKU_C,0
341,Supplier,SKU_D,0
341,Supplier,SKU_E,0
341,W1,SKU_A,179
341,W1,SKU_B,92
341,W1,SKU_C,136
341,W1,SKU_D,100
341,W1,SKU_E,91
341,W2,SKU_A,153
341,W2,SKU_B,54
341,W2,SKU_C,99
341,W2,SKU_D,87
341,W2,SKU_E,74
341,R1,SKU_A,119
341,R1,SKU_B,96
341,R1,SKU_C,106
341,R1,SKU_D,70
341,R1,SKU_E,70
341,R2,SKU_A,111
341,R2,SKU_B,60
341,R2,SKU_C,60
341,R2,SKU_D,61
341,R2,SKU_E,70
341,R3,SKU_A,175
341,R3,SKU_B,75
341,R3,SKU_C,94
341,R3,SKU_D,94
341,R3,SKU_E,97
342,Supplier,SKU_A,0
342,Supplier,SKU_B,0
342,Supplier,SKU_C,0
342,Supplier,SKU_D,0
342,Supplier,SKU_E,0
342,W1,SKU_A,230
342,W1,SKU_B,156
342,W1,SKU_C,166
342,W1,SKU_D,131
342,W1,SKU_E,140
342,W2,SKU_A,175
342,W2,SKU_B,75
342,W2,SKU_C,94
342,W2,SKU_D,94
342,W2,SKU_E,97
342,R1,SKU_A,182
342,R1,SKU_B,99
342,R1,SKU_C,160
342,R1,SKU_D,100
342,R1,SKU_E,67
342,R2,SKU_A,109
342,R2,SKU_B,76
342,R2,SKU_C,74
342,R2,SKU_D,70
342,R2,SKU_E,71
342,R3,SKU_A,194
342,R3,SKU_B,82
342,R3,SKU_C,166
342,R3,SKU_D,150
342,R3,SKU_E,114
343,Supplier,SKU_A,0
343,Supplier,SKU_B,0
343,Supplier,SKU_C,0
343,Supplier,SKU_D,0
343,Supplier,SKU_E,0
343,W1,SKU_A,291
343,W1,SKU_B,175
343,W1,SKU_C,234
343,W1,SKU_D,170
343,W1,SKU_E,138
343,W2,SKU_A,194
343,W2,SKU_B,82
343,W2,SKU_C,166
343,W2,SKU_D,150
343,W2,SKU_E,114
343,R1,SKU_A,179
343,R1,SKU_B,93
343,R1,SKU_C,140
343,R1,SKU_D,93
343,R1,SKU_E,75
343,R2,SKU_A,111
343,R2,SKU_B,73
343,R2,SKU_C,77
343,R2,SKU_D,54
343,R2,SKU_E,66
343,R3,SKU_A,216
343,R3,SKU_B,84
343,R3,SKU_C,138
343,R3,SKU_D,140
343,R3,SKU_E,112
344,Supplier,SKU_A,0
344,Supplier,SKU_B,0
344,Supplier,SKU_C,0
344,Supplier,SKU_D,0
344,Supplier,SKU_E,0
344,W1,SKU_A,290
344,W1,SKU_B,166
344,W1,SKU_C,217
344,W1,SKU_D,147
344,W1,SKU_E,141
344,W2,SKU_A,216
344,W2,SKU_B,84
344,W2,SKU_C,138
344,W2,SKU_D,140
344,W2,SKU_E,112
344,R1,SKU_A,128
344,R1,SKU_B,63
344,R1,SKU_C,95
344,R1,SKU_D,56
344,R1,SKU_E,49
344,R2,SKU_A,91
344,R2,SKU_B,54
344,R2,SKU_C,64
344,R2,SKU_D,49
344,R2,SKU_E,56
344,R3,SKU_A,143
344,R3,SKU_B,71
344,R3,SKU_C,69
344,R3,SKU_D,92
344,R3,SKU_E,75
345,Supplier,SKU_A,0
345,Supplier,SKU_B,0
345,Supplier,SKU_C,0
345,Supplier,SKU_D,0
345,Supplier,SKU_E,0
345,W1,SKU_A,219
345,W1,SKU_B,117
345,W1,SKU_C,159
345,W1,SKU_D,105
345,W1,SKU_E,105
345,W2,SKU_A,143
345,W2,SKU_B,71
345,W2,SKU_C,69
345,W2,SKU_D,92
345,W2,SKU_E,75
345,R1,SKU_A,150
345,R1,SKU_B,72
345,R1,SKU_C,103
345,R1,SKU_D,67
345,R1,SKU_E,42
345,R2,SKU_A,95
345,R2,SKU_B,66
345,R2,SKU_C,56
345,R2,SKU_D,48
345,R2,SKU_E,51
345,R3,SKU_A,166
345,R3,SKU_B,72
345,R3,SKU_C,92
345,R3,SKU_D,73
345,R3,SKU_E,73
346,Supplier,SKU_A,0
346,Supplier,SKU_B,0
346,Supplier,SKU_C,0
346,Supplier,SKU_D,0
346,Supplier,SKU_E,0
346,W1,SKU_A,245
346,W1,SKU_B,138
346,W1,SKU_C,159
346,W1,SKU_D,115
346,W1,SKU_E,93
346,W2,SKU_A,166
346,W2,SKU_B,72
346,W2,SKU_C,92
346,W2,SKU_D,73
346,W2,SKU_E,73
346,R1,SKU_A,104
346,R1,SKU_B,51
346,R1,SKU_C,104
346,R1,SKU_D,65
346,R1,SKU_E,42
346,R2,SKU_A,110
346,R2,SKU_B,77
346,R2,SKU_C,80
346,R2,SKU_D,63
346,R2,SKU_E,56
346,R3,SKU_A,152
346,R3,SKU_B,52
346,R3,SKU_C,75
346,R3,SKU_D,77
346,R3,SKU_E,75
347,Supplier,SKU_A,0
347,Supplier,SKU_B,0
347,Supplier,SKU_C,0
347,Supplier,SKU_D,0
347,Supplier,SKU_E,0
347,W1,SKU_A,214
347,W1,SKU_B,128
347,W1,SKU_C,184
347,W1,SKU_D,128
347,W1,SKU_E,98
347,W2,SKU_A,152
347,W2,SKU_B,52
347,W2,SKU_C,75
347,W2,SKU_D,77
347,W2,SKU_E,75
347,R1,SKU_A,154
347,R1,SKU_B,59
347,R1,SKU_C,106
347,R1,SKU_D,65
347,R1,SKU_E,44
347,R2,SKU_A,102
347,R2,SKU_B,64
347,R2,SKU_C,61
347,R2,SKU_D,55
347,R2,SKU_E,68
347,R3,SKU_A,171
347,R3,SKU_B,56
347,R3,SKU_C,102
347,R3,SKU_D,100
347,R3,SKU_E,78
348,Supplier,SKU_A,0
348,Supplier,SKU_B,0
348,Supplier,SKU_C,0
348,Supplier,SKU_D,0
348,Supplier,SKU_E,0
348,W1,SKU_A,256
348,W1,SKU_B,123
348,W1,SKU_C,167
348,W1,SKU_D,120
348,W1,SKU_E,112
348,W2,SKU_A,171
348,W2,SKU_B,56
348,W2,SKU_C,102
348,W2,SKU_D,100
348,W2,SKU_E,78
348,R1,SKU_A,139
348,R1,SKU_B,72
348,R1,SKU_C,98
348,R1,SKU_D,67
348,R1,SKU_E,55
348,R2,SKU_A,98
348,R2,SKU_B,56
348,R2,SKU_C,60
348,R2,SKU_D,55
348,R2,SKU_E,66
348,R3,SKU_A,172
348,R3,SKU_B,75
348,R3,SKU_C,116
348,R3,SKU_D,107
348,R3,SKU_E,92
349,Supplier,SKU_A,0
349,Supplier,SKU_B,0
349,Supplier,SKU_C,0
349,Supplier,SKU_D,0
349,Supplier,SKU_E,0
349,W1,SKU_A,237
349,W1,SKU_B,128
349,W1,SKU_C,158
349,W1,SKU_D,122
349,W1,SKU_E,121
349,W2,SKU_A,172
349,W2,SKU_B,75
349,W2,SKU_C,116
349,W2,SKU_D,107
349,W2,SKU_E,92
349,R1,SKU_A,176
349,R1,SKU_B,109
349,R1,SKU_C,155
349,R1,SKU_D,87
349,R1,SKU_E,71
349,R2,SKU_A,123
349,R2,SKU_B,49
349,R2,SKU_C,68
349,R2,SKU_D,76
349,R2,SKU_E,66
349,R3,SKU_A,212
349,R3,SKU_B,76
349,R3,SKU_C,122
349,R3,SKU_D,135
349,R3,SKU_E,106
350,Supplier,SKU_A,0
350,Supplier,SKU_B,0
350,Supplier,SKU_C,0
350,Supplier,SKU_D,0
350,Supplier,SKU_E,0
350,W1,SKU_A,299
350,W1,SKU_B,158
350,W1,SKU_C,223
350,W1,SKU_D,163
350,W1,SKU_E,137
350,W2,SKU_A,212
350,W2,SKU_B,76
350,W2,SKU_C,122
350,W2,SKU_D,135
350,W2,SKU_E,106
350,R1,SKU_A,168
350,R1,SKU_B,99
350,R1,SKU_C,123
350,R1,SKU_D,89
350,R1,SKU_E,63
350,R2,SKU_A,110
350,R2,SKU_B,40
350,R2,SKU_C,68
350,R2,SKU_D,66
350,R2,SKU_E,61
350,R3,SKU_A,224
350,R3,SKU_B,62
350,R3,SKU_C,113
350,R3,SKU_D,123
350,R3,SKU_E,99
351,Supplier,SKU_A,0
351,Supplier,SKU_B,0
351,Supplier,SKU_C,0
351,Supplier,SKU_D,0
351,Supplier,SKU_E,0
351,W1,SKU_A,278
351,W1,SKU_B,139
351,W1,SKU_C,191
351,W1,SKU_D,155
351,W1,SKU_E,124
351,W2,SKU_A,224
351,W2,SKU_B,62
351,W2,SKU_C,113
351,W2,SKU_D,123
351,W2,SKU_E,99
351,R1,SKU_A,122
351,R1,SKU_B,58
351,R1,SKU_C,78
351,R1,SKU_D,51
351,R1,SKU_E,47
351,R2,SKU_A,103
351,R2,SKU_B,43
351,R2,SKU_C,70
351,R2,SKU_D,81
351,R2,SKU_E,60
351,R3,SKU_A,156
351,R3,SKU_B,55
351,R3,SKU_C,106
351,R3,SKU_D,79
351,R3,SKU_E,94
352,Supplier,SKU_A,0
352,Supplier,SKU_B,0
352,Supplier,SKU_C,0
352,Supplier,SKU_D,0
352,Supplier,SKU_E,0
352,W1,SKU_A,225
352,W1,SKU_B,101
352,W1,SKU_C,148
352,W1,SKU_D,132
352,W1,SKU_E,107
352,W2,SKU_A,156
352,W2,SKU_B,55
352,W2,SKU_C,106
352,W2,SKU_D,79
352,W2,SKU_E,94
352,R1,SKU_A,103
352,R1,SKU_B,39
352,R1,SKU_C,57
352,R1,SKU_D,54
352,R1,SKU_E,38
352,R2,SKU_A,91
352,R2,SKU_B,56
352,R2,SKU_C,51
352,R2,SKU_D,44
352,R2,SKU_E,59
352,R3,SKU_A,112
352,R3,SKU_B,46
352,R3,SKU_C,87
352,R3,SKU_D,72
352,R3,SKU_E,73
353,Supplier,SKU_A,0
353,Supplier,SKU_B,0
353,Supplier,SKU_C,0
353,Supplier,SKU_D,0
353,Supplier,SKU_E,0
353,W1,SKU_A,194
353,W1,SKU_B,95
353,W1,SKU_C,108
353,W1,SKU_D,98
353,W1,SKU_E,97
353,W2,SKU_A,112
353,W2,SKU_B,46
353,W2,SKU_C,87
353,W2,SKU_D,72
353,W2,SKU_E,73
353,R1,SKU_A,112
353,R1,SKU_B,50
353,R1,SKU_C,90
353,R1,SKU_D,53
353,R1,SKU_E,40
353,R2,SKU_A,75
353,R2,SKU_B,66
353,R2,SKU_C,55
353,R2,SKU_D,39
353,R2,SKU_E,36
353,R3,SKU_A,156
353,R3,SKU_B,49
353,R3,SKU_C,78
353,R3,SKU_D,57
353,R3,SKU_E,72
354,Supplier,SKU_A,0
354,Supplier,SKU_B,0
354,Supplier,SKU_C,0
354,Supplier,SKU_D,0
354,Supplier,SKU_E,0
354,W1,SKU_A,187
354,W1,SKU_B,116
354,W1,SKU_C,145
354,W1,SKU_D,92
354,W1,SKU_E,76
354,W2,SKU_A,156
354,W2,SKU_B,49
354,W2,SKU_C,78
354,W2,SKU_D,57
354,W2,SKU_E,72
354,R1,SKU_A,121
354,R1,SKU_B,63
354,R1,SKU_C,61
354,R1,SKU_D,48
354,R1,SKU_E,50
354,R2,SKU_A,95
354,R2,SKU_B,58
354,R2,SKU_C,45
354,R2,SKU_D,33
354,R2,SKU_E,62
354,R3,SKU_A,153
354,R3,SKU_B,65
354,R3,SKU_C,76
354,R3,SKU_D,99
354,R3,SKU_E,87
355,Supplier,SKU_A,0
355,Supplier,SKU_B,0
355,Supplier,SKU_C,0
355,Supplier,SKU_D,0
355,Supplier,SKU_E,0
355,W1,SKU_A,216
355,W1,SKU_B,121
355,W1,SKU_C,106
355,W1,SKU_D,81
355,W1,SKU_E,112
355,W2,SKU_A,153
355,W2,SKU_B,65
355,W2,SKU_C,76
355,W2,SKU_D,99
355,W2,SKU_E,87
355,R1,SKU_A,132
355,R1,SKU_B,80
355,R1,SKU_C,85
355,R1,SKU_D,55
355,R1,SKU_E,41
355,R2,SKU_A,91
355,R2,SKU_B,81
355,R2,SKU_C,64
355,R2,SKU_D,65
355,R2,SKU_E,49
355,R3,SKU_A,173
355,R3,SKU_B,89
355,R3,SKU_C,119
355,R3,SKU_D,94
355,R3,SKU_E,112
356,Supplier,SKU_A,0
356,Supplier,SKU_B,0
356,Supplier,SKU_C,0
356,Supplier,SKU_D,0
356,Supplier,SKU_E,0
356,W1,SKU_A,223
356,W1,SKU_B,161
356,W1,SKU_C,149
356,W1,SKU_D,120
356,W1,SKU_E,90
356,W2,SKU_A,173
356,W2,SKU_B,89
356,W2,SKU_C,119
356,W2,SKU_D,94
356,W2,SKU_E,112
356,R1,SKU_A,166
356,R1,SKU_B,135
356,R1,SKU_C,147
356,R1,SKU_D,81
356,R1,SKU_E,66
356,R2,SKU_A,122
356,R2,SKU_B,68
356,R2,SKU_C,90
356,R2,SKU_D,81
356,R2,SKU_E,60
356,R3,SKU_A,193
356,R3,SKU_B,83
356,R3,SKU_C,122
356,R3,SKU_D,127
356,R3,SKU_E,118
357,Supplier,SKU_A,0
357,Supplier,SKU_B,0
357,Supplier,SKU_C,0
357,Supplier,SKU_D,0
357,Supplier,SKU_E,0
357,W1,SKU_A,288
357,W1,SKU_B,203
357,W1,SKU_C,237
357,W1,SKU_D,162
357,W1,SKU_E,126
357,W2,SKU_A,193
357,W2,SKU_B,83
357,W2,SKU_C,122
357,W2,SKU_D,127
357,W2,SKU_E,118
357,R1,SKU_A,187
357,R1,SKU_B,130
357,R1,SKU_C,139
357,R1,SKU_D,83
357,R1,SKU_E,70
357,R2,SKU_A,132
357,R2,SKU_B,88
357,R2,SKU_C,93
357,R2,SKU_D,64
357,R2,SKU_E,72
357,R3,SKU_A,211
357,R3,SKU_B,67
357,R3,SKU_C,130
357,R3,SKU_D,120
357,R3,SKU_E,107
358,Supplier,SKU_A,0
358,Supplier,SKU_B,0
358,Supplier,SKU_C,0
358,Supplier,SKU_D,0
358,Supplier,SKU_E,0
358,W1,SKU_A,319
358,W1,SKU_B,218
358,W1,SKU_C,232
358,W1,SKU_D,147
358,W1,SKU_E,142
358,W2,SKU_A,211
358,W2,SKU_B,67
358,W2,SKU_C,130
358,W2,SKU_D,120
358,W2,SKU_E,107
358,R1,SKU_A,138
358,R1,SKU_B,71
358,R1,SKU_C,81
358,R1,SKU_D,69
358,R1,SKU_E,56
358,R2,SKU_A,115
358,R2,SKU_B,66
358,R2,SKU_C,83
358,R2,SKU_D,48
358,R2,SKU_E,55
358,R3,SKU_A,138
358,R3,SKU_B,46
358,R3,SKU_C,66
358,R3,SKU_D,80
358,R3,SKU_E,79
359,Supplier,SKU_A,0
359,Supplier,SKU_B,0
359,Supplier,SKU_C,0
359,Supplier,SKU_D,0
359,Supplier,SKU_E,0
359,W1,SKU_A,253
359,W1,SKU_B,137
359,W1,SKU_C,164
359,W1,SKU_D,117
359,W1,SKU_E,111
359,W2,SKU_A,138
359,W2,SKU_B,46
359,W2,SKU_C,66
359,W2,SKU_D,80
359,W2,SKU_E,79
359,R1,SKU_A,185
359,R1,SKU_B,37
359,R1,SKU_C,114
359,R1,SKU_D,78
359,R1,SKU_E,41
359,R2,SKU_A,105
359,R2,SKU_B,58
359,R2,SKU_C,68
359,R2,SKU_D,49
359,R2,SKU_E,51
359,R3,SKU_A,144
359,R3,SKU_B,58
359,R3,SKU_C,85
359,R3,SKU_D,86
359,R3,SKU_E,82
360,Supplier,SKU_A,0
360,Supplier,SKU_B,0
360,Supplier,SKU_C,0
360,Supplier,SKU_D,0
360,Supplier,SKU_E,0
360,W1,SKU_A,290
360,W1,SKU_B,95
360,W1,SKU_C,182
360,W1,SKU_D,127
360,W1,SKU_E,92
360,W2,SKU_A,144
360,W2,SKU_B,58
360,W2,SKU_C,85
360,W2,SKU_D,86
360,W2,SKU_E,82
360,R1,SKU_A,133
360,R1,SKU_B,50
360,R1,SKU_C,83
360,R1,SKU_D,56
360,R1,SKU_E,30
360,R2,SKU_A,98
360,R2,SKU_B,50
360,R2,SKU_C,50
360,R2,SKU_D,55
360,R2,SKU_E,48
360,R3,SKU_A,142
360,R3,SKU_B,36
360,R3,SKU_C,69
360,R3,SKU_D,85
360,R3,SKU_E,64
361,Supplier,SKU_A,0
361,Supplier,SKU_B,0
361,Supplier,SKU_C,0
361,Supplier,SKU_D,0
361,Supplier,SKU_E,0
361,W1,SKU_A,231
361,W1,SKU_B,100
361,W1,SKU_C,133
361,W1,SKU_D,111
361,W1,SKU_E,78
361,W2,SKU_A,142
361,W2,SKU_B,36
361,W2,SKU_C,69
361,W2,SKU_D,85
361,W2,SKU_E,64
361,R1,SKU_A,140
361,R1,SKU_B,56
361,R1,SKU_C,92
361,R1,SKU_D,58
361,R1,SKU_E,41
361,R2,SKU_A,80
361,R2,SKU_B,41
361,R2,SKU_C,58
361,R2,SKU_D,54
361,R2,SKU_E,51
361,R3,SKU_A,145
361,R3,SKU_B,72
361,R3,SKU_C,83
361,R3,SKU_D,86
361,R3,SKU_E,67
362,Supplier,SKU_A,0
362,Supplier,SKU_B,0
362,Supplier,SKU_C,0
362,Supplier,SKU_D,0
362,Supplier,SKU_E,0
362,W1,SKU_A,220
362,W1,SKU_B,97
362,W1,SKU_C,150
362,W1,SKU_D,112
362,W1,SKU_E,92
362,W2,SKU_A,145
362,W2,SKU_B,72
362,W2,SKU_C,83
362,W2,SKU_D,86
362,W2,SKU_E,67
362,R1,SKU_A,125
362,R1,SKU_B,75
362,R1,SKU_C,77
362,R1,SKU_D,62
362,R1,SKU_E,38
362,R2,SKU_A,86
362,R2,SKU_B,48
362,R2,SKU_C,46
362,R2,SKU_D,57
362,R2,SKU_E,53
362,R3,SKU_A,170
362,R3,SKU_B,82
362,R3,SKU_C,115
362,R3,SKU_D,107
362,R3,SKU_E,88
363,Supplier,SKU_A,0
363,Supplier,SKU_B,0
363,Supplier,SKU_C,0
363,Supplier,SKU_D,0
363,Supplier,SKU_E,0
363,W1,SKU_A,211
363,W1,SKU_B,123
363,W1,SKU_C,123
363,W1,SKU_D,119
363,W1,SKU_E,91
363,W2,SKU_A,170
363,W2,SKU_B,82
363,W2,SKU_C,115
363,W2,SKU_D,107
363,W2,SKU_E,88
363,R1,SKU_A,158
363,R1,SKU_B,106
363,R1,SKU_C,145
363,R1,SKU_D,84
363,R1,SKU_E,67
363,R2,SKU_A,106
363,R2,SKU_B,66
363,R2,SKU_C,81
363,R2,SKU_D,57
363,R2,SKU_E,57
363,R3,SKU_A,213
363,R3,SKU_B,86
363,R3,SKU_C,183
363,R3,SKU_D,141
363,R3,SKU_E,94
364,Supplier,SKU_A,0
364,Supplier,SKU_B,0
364,Supplier,SKU_C,0
364,Supplier,SKU_D,0
364,Supplier,SKU_E,0
364,W1,SKU_A,264
364,W1,SKU_B,172
364,W1,SKU_C,226
364,W1,SKU_D,141
364,W1,SKU_E,124
364,W2,SKU_A,213
364,W2,SKU_B,86
364,W2,SKU_C,183
364,W2,SKU_D,141
364,W2,SKU_E,94
364,R1,SKU_A,162
364,R1,SKU_B,86
364,R1,SKU_C,125
364,R1,SKU_D,88
364,R1,SKU_E,69
364,R2,SKU_A,121
364,R2,SKU_B,65
364,R2,SKU_C,48
364,R2,SKU_D,53
364,R2,SKU_E,53
364,R3,SKU_A,166
364,R3,SKU_B,54
364,R3,SKU_C,100
364,R3,SKU_D,81
364,R3,SKU_E,86
