t,node_id,sku,on_hand,backlog_external,backlog_children,pipeline_in
0,Supplier,SKU_A,0,0,0,0
0,Supplier,SKU_B,0,0,0,0
0,Supplier,SKU_C,0,0,0,0
0,Supplier,SKU_D,0,0,0,0
0,Supplier,SKU_E,0,0,0,0
0,W1,SKU_A,1736,0,0,0
0,W1,SKU_B,942,0,0,0
0,W1,SKU_C,1093,0,0,0
0,W1,SKU_D,825,0,0,0
0,W1,SKU_E,749,0,0,0
0,W2,SKU_A,1849,0,0,0
0,W2,SKU_B,639,0,0,0
0,W2,SKU_C,1067,0,0,0
0,W2,SKU_D,1046,0,0,0
0,W2,SKU_E,648,0,0,0
0,R1,SKU_A,453,0,0,0
0,R1,SKU_B,252,0,0,0
0,R1,SKU_C,315,0,0,0
0,R1,SKU_D,229,0,0,0
0,R1,SKU_E,164,0,0,0
0,R2,SKU_A,370,0,0,0
0,R2,SKU_B,242,0,0,0
0,R2,SKU_C,224,0,0,0
0,R2,SKU_D,172,0,0,0
0,R2,SKU_E,225,0,0,0
0,R3,SKU_A,1138,0,0,0
0,R3,SKU_B,414,0,0,0
0,R3,SKU_C,645,0,0,0
0,R3,SKU_D,669,0,0,0
0,R3,SKU_E,391,0,0,0
1,Supplier,SKU_A,0,0,0,0
1,Supplier,SKU_B,0,0,0,0
1,Supplier,SKU_C,0,0,0,0
1,Supplier,SKU_D,0,0,0,0
1,Supplier,SKU_E,0,0,0,0
1,W1,SKU_A,409,0,0,0
1,W1,SKU_B,182,0,0,0
1,W1,SKU_C,95,0,0,0
1,W1,SKU_D,51,0,0,0
1,W1,SKU_E,0,0,46,0
1,W2,SKU_A,1374,0,0,1678
1,W2,SKU_B,0,0,13,1242
1,W2,SKU_C,456,0,0,1597
1,W2,SKU_D,208,0,0,0
1,W2,SKU_E,96,0,0,372
1,R1,SKU_A,359,0,0,1031
1,R1,SKU_B,224,0,0,436
1,R1,SKU_C,249,0,0,650
1,R1,SKU_D,199,0,0,281
1,R1,SKU_E,137,0,0,277
1,R2,SKU_A,258,0,0,296
1,R2,SKU_B,191,0,0,324
1,R2,SKU_C,167,0,0,348
1,R2,SKU_D,132,0,0,493
1,R2,SKU_E,187,0,0,472
1,R3,SKU_A,969,0,0,475
1,R3,SKU_B,375,0,0,639
1,R3,SKU_C,537,0,0,611
1,R3,SKU_D,596,0,0,838
1,R3,SKU_E,333,0,0,552
2,Supplier,SKU_A,0,0,0,0
2,Supplier,SKU_B,0,0,0,0
2,Supplier,SKU_C,0,0,0,0
2,Supplier,SKU_D,0,0,0,0
2,Supplier,SKU_E,0,0,0,0
2,W1,SKU_A,203,0,0,2867
2,W1,SKU_B,103,0,0,1627
2,W1,SKU_C,0,0,28,1807
2,W1,SKU_D,0,0,19,1018
2,W1,SKU_E,0,0,111,650
2,W2,SKU_A,1205,0,0,2153
2,W2,SKU_B,0,0,52,1894
2,W2,SKU_C,348,0,0,2208
2,W2,SKU_D,135,0,0,135
2,W2,SKU_E,38,0,0,924
2,R1,SKU_A,273,0,0,1031
2,R1,SKU_B,199,0,0,436
2,R1,SKU_C,191,0,0,650
2,R1,SKU_D,167,0,0,281
2,R1,SKU_E,95,0,0,277
2,R2,SKU_A,175,0,0,296
2,R2,SKU_B,148,0,0,324
2,R2,SKU_C,115,0,0,348
2,R2,SKU_D,101,0,0,493
2,R2,SKU_E,159,0,0,472
2,R3,SKU_A,773,0,0,475
2,R3,SKU_B,337,0,0,639
2,R3,SKU_C,471,0,0,611
2,R3,SKU_D,538,0,0,838
2,R3,SKU_E,267,0,0,552
3,Supplier,SKU_A,0,0,0,0
3,Supplier,SKU_B,0,0,0,0
3,Supplier,SKU_C,0,0,0,0
3,Supplier,SKU_D,0,0,0,0
3,Supplier,SKU_E,0,0,0,0
3,W1,SKU_A,34,0,0,2867
3,W1,SKU_B,35,0,0,1627
3,W1,SKU_C,0,0,138,1807
3,W1,SKU_D,0,0,82,1018
3,W1,SKU_E,0,0,181,650
3,W2,SKU_A,1009,0,0,2153
3,W2,SKU_B,0,0,90,1894
3,W2,SKU_C,282,0,0,2208
3,W2,SKU_D,77,0,0,135
3,W2,SKU_E,0,0,28,924
3,R1,SKU_A,1216,0,0,0
3,R1,SKU_B,606,0,0,0
3,R1,SKU_C,777,0,0,0
3,R1,SKU_D,411,0,0,0
3,R1,SKU_E,338,0,0,0
3,R2,SKU_A,85,0,0,296
3,R2,SKU_B,93,0,0,324
3,R2,SKU_C,73,0,0,348
3,R2,SKU_D,64,0,0,493
3,R2,SKU_E,137,0,0,472
3,R3,SKU_A,627,0,0,475
3,R3,SKU_B,293,0,0,639
3,R3,SKU_C,381,0,0,611
3,R3,SKU_D,476,0,0,838
3,R3,SKU_E,218,0,0,552
4,Supplier,SKU_A,0,0,0,0
4,Supplier,SKU_B,0,0,0,0
4,Supplier,SKU_C,0,0,0,0
4,Supplier,SKU_D,0,0,0,0
4,Supplier,SKU_E,0,0,0,0
4,W1,SKU_A,0,0,144,2867
4,W1,SKU_B,0,0,49,1627
4,W1,SKU_C,0,0,244,1807
4,W1,SKU_D,0,0,156,1018
4,W1,SKU_E,0,0,237,650
4,W2,SKU_A,863,0,0,2153
4,W2,SKU_B,0,0,134,1894
4,W2,SKU_C,192,0,0,2208
4,W2,SKU_D,15,0,0,135
4,W2,SKU_E,0,0,77,924
4,R1,SKU_A,1129,0,0,214
4,R1,SKU_B,565,0,0,82
4,R1,SKU_C,696,0,0,66
4,R1,SKU_D,370,0,0,30
4,R1,SKU_E,294,0,0,0
4,R2,SKU_A,280,0,0,195
4,R2,SKU_B,354,0,0,100
4,R2,SKU_C,365,0,0,29
4,R2,SKU_D,514,0,0,21
4,R2,SKU_E,585,0,0,0
4,R3,SKU_A,446,0,0,986
4,R3,SKU_B,227,0,0,639
4,R3,SKU_C,266,0,0,875
4,R3,SKU_D,397,0,0,1031
4,R3,SKU_E,154,0,0,648
5,Supplier,SKU_A,0,0,0,0
5,Supplier,SKU_B,0,0,0,0
5,Supplier,SKU_C,0,0,0,0
5,Supplier,SKU_D,0,0,0,0
5,Supplier,SKU_E,0,0,0,0
5,W1,SKU_A,0,0,332,3420
5,W1,SKU_B,0,0,153,1858
5,W1,SKU_C,0,0,381,2146
5,W1,SKU_D,0,0,240,1225
5,W1,SKU_E,0,0,305,841
5,W2,SKU_A,682,0,0,2664
5,W2,SKU_B,0,0,200,2015
5,W2,SKU_C,77,0,0,2472
5,W2,SKU_D,0,0,64,328
5,W2,SKU_E,0,0,141,1097
5,R1,SKU_A,1001,0,0,214
5,R1,SKU_B,488,0,0,82
5,R1,SKU_C,588,0,0,66
5,R1,SKU_D,323,0,0,30
5,R1,SKU_E,235,0,0,0
5,R2,SKU_A,172,0,0,195
5,R2,SKU_B,284,0,0,100
5,R2,SKU_C,276,0,0,29
5,R2,SKU_D,459,0,0,21
5,R2,SKU_E,530,0,0,0
5,R3,SKU_A,675,0,0,511
5,R3,SKU_B,800,0,0,0
5,R3,SKU_C,714,0,0,264
5,R3,SKU_D,1134,0,0,193
5,R3,SKU_E,629,0,0,96
6,Supplier,SKU_A,0,0,0,0
6,Supplier,SKU_B,0,0,0,0
6,Supplier,SKU_C,0,0,0,0
6,Supplier,SKU_D,0,0,0,0
6,Supplier,SKU_E,0,0,0,0
6,W1,SKU_A,0,0,568,3420
6,W1,SKU_B,0,0,300,1858
6,W1,SKU_C,0,0,578,2146
6,W1,SKU_D,0,0,342,1225
6,W1,SKU_E,0,0,419,841
6,W2,SKU_A,436,0,0,2664
6,W2,SKU_B,0,0,266,2015
6,W2,SKU_C,0,0,86,2472
6,W2,SKU_D,0,0,165,328
6,W2,SKU_E,0,0,218,1097
6,R1,SKU_A,1049,0,0,0
6,R1,SKU_B,490,0,0,0
6,R1,SKU_C,539,0,0,0
6,R1,SKU_D,289,0,0,0
6,R1,SKU_E,168,0,0,0
6,R2,SKU_A,53,0,0,195
6,R2,SKU_B,210,0,0,100
6,R2,SKU_C,172,0,0,29
6,R2,SKU_D,411,0,0,21
6,R2,SKU_E,463,0,0,0
6,R3,SKU_A,419,0,0,511
6,R3,SKU_B,741,0,0,0
6,R3,SKU_C,565,0,0,264
6,R3,SKU_D,1031,0,0,193
6,R3,SKU_E,502,0,0,96
7,Supplier,SKU_A,0,0,0,0
7,Supplier,SKU_B,0,0,0,0
7,Supplier,SKU_C,0,0,0,0
7,Supplier,SKU_D,0,0,0,0
7,Supplier,SKU_E,0,0,0,0
7,W1,SKU_A,2014,0,0,553
7,W1,SKU_B,1173,0,0,231
7,W1,SKU_C,1010,0,0,339
7,W1,SKU_D,564,0,0,207
7,W1,SKU_E,97,0,0,191
7,W2,SKU_A,1858,0,0,986
7,W2,SKU_B,917,0,0,773
7,W2,SKU_C,1362,0,0,875
7,W2,SKU_D,0,0,268,328
7,W2,SKU_E,27,0,0,725
7,R1,SKU_A,913,0,0,435
7,R1,SKU_B,412,0,0,198
7,R1,SKU_C,417,0,0,426
7,R1,SKU_D,226,0,0,221
7,R1,SKU_E,108,0,0,273
7,R2,SKU_A,123,0,0,418
7,R2,SKU_B,244,0,0,256
7,R2,SKU_C,120,0,0,371
7,R2,SKU_D,391,0,0,233
7,R2,SKU_E,408,0,0,280
7,R3,SKU_A,179,0,0,1194
7,R3,SKU_B,645,0,0,325
7,R3,SKU_C,423,0,0,691
7,R3,SKU_D,926,0,0,208
7,R3,SKU_E,405,0,0,441
8,Supplier,SKU_A,0,0,0,0
8,Supplier,SKU_B,0,0,0,0
8,Supplier,SKU_C,0,0,0,0
8,Supplier,SKU_D,0,0,0,0
8,Supplier,SKU_E,0,0,0,0
8,W1,SKU_A,1753,0,0,1262
8,W1,SKU_B,1029,0,0,636
8,W1,SKU_C,807,0,0,892
8,W1,SKU_D,460,0,0,505
8,W1,SKU_E,0,0,18,507
8,W2,SKU_A,2093,0,0,1194
8,W2,SKU_B,1473,0,0,312
8,W2,SKU_C,1831,0,0,691
8,W2,SKU_D,0,0,238,476
8,W2,SKU_E,482,0,0,441
8,R1,SKU_A,815,0,0,435
8,R1,SKU_B,360,0,0,198
8,R1,SKU_C,356,0,0,426
8,R1,SKU_D,191,0,0,221
8,R1,SKU_E,62,0,0,273
8,R2,SKU_A,18,0,0,418
8,R2,SKU_B,188,0,0,256
8,R2,SKU_C,69,0,0,371
8,R2,SKU_D,362,0,0,233
8,R2,SKU_E,366,0,0,280
8,R3,SKU_A,511,0,0,683
8,R3,SKU_B,580,0,0,325
8,R3,SKU_C,577,0,0,427
8,R3,SKU_D,1042,0,0,15
8,R3,SKU_E,429,0,0,345
9,Supplier,SKU_A,0,0,0,0
9,Supplier,SKU_B,0,0,0,0
9,Supplier,SKU_C,0,0,0,0
9,Supplier,SKU_D,0,0,0,0
9,Supplier,SKU_E,0,0,0,0
9,W1,SKU_A,1550,0,0,1262
9,W1,SKU_B,921,0,0,636
9,W1,SKU_C,695,0,0,892
9,W1,SKU_D,396,0,0,505
9,W1,SKU_E,0,0,106,507
9,W2,SKU_A,1914,0,0,1194
9,W2,SKU_B,1408,0,0,312
9,W2,SKU_C,1721,0,0,691
9,W2,SKU_D,0,0,315,476
9,W2,SKU_E,410,0,0,441
9,R1,SKU_A,1155,0,0,0
9,R1,SKU_B,528,0,0,0
9,R1,SKU_C,734,0,0,0
9,R1,SKU_D,378,0,0,0
9,R1,SKU_E,300,0,0,0
9,R2,SKU_A,0,87,0,418
9,R2,SKU_B,152,0,0,256
9,R2,SKU_C,13,0,0,371
9,R2,SKU_D,309,0,0,233
9,R2,SKU_E,322,0,0,280
9,R3,SKU_A,382,0,0,683
9,R3,SKU_B,516,0,0,325
9,R3,SKU_C,489,0,0,427
9,R3,SKU_D,971,0,0,15
9,R3,SKU_E,361,0,0,345
10,Supplier,SKU_A,0,0,0,0
10,Supplier,SKU_B,0,0,0,0
10,Supplier,SKU_C,0,0,0,0
10,Supplier,SKU_D,0,0,0,0
10,Supplier,SKU_E,0,0,0,0
10,W1,SKU_A,1903,0,0,709
10,W1,SKU_B,1086,0,0,405
10,W1,SKU_C,930,0,0,553
10,W1,SKU_D,516,0,0,298
10,W1,SKU_E,6,0,0,316
10,W2,SKU_A,1785,0,0,1613
10,W2,SKU_B,1344,0,0,473
10,W2,SKU_C,1633,0,0,943
10,W2,SKU_D,0,0,386,658
10,W2,SKU_E,342,0,0,610
10,R1,SKU_A,1044,0,0,329
10,R1,SKU_B,498,0,0,160
10,R1,SKU_C,653,0,0,231
10,R1,SKU_D,335,0,0,132
10,R1,SKU_E,269,0,0,141
10,R2,SKU_A,229,0,0,335
10,R2,SKU_B,362,0,0,158
10,R2,SKU_C,334,0,0,188
10,R2,SKU_D,512,0,0,123
10,R2,SKU_E,561,0,0,141
10,R3,SKU_A,182,0,0,1231
10,R3,SKU_B,459,0,0,550
10,R3,SKU_C,401,0,0,767
10,R3,SKU_D,897,0,0,150
10,R3,SKU_E,291,0,0,582
11,Supplier,SKU_A,0,0,0,0
11,Supplier,SKU_B,0,0,0,0
11,Supplier,SKU_C,0,0,0,0
11,Supplier,SKU_D,0,0,0,0
11,Supplier,SKU_E,0,0,0,0
11,W1,SKU_A,1690,0,0,1373
11,W1,SKU_B,1010,0,0,723
11,W1,SKU_C,799,0,0,972
11,W1,SKU_D,443,0,0,553
11,W1,SKU_E,0,0,66,598
11,W2,SKU_A,2096,0,0,1102
11,W2,SKU_B,1408,0,0,352
11,W2,SKU_C,1809,0,0,679
11,W2,SKU_D,0,0,267,465
11,W2,SKU_E,445,0,0,437
11,R1,SKU_A,948,0,0,329
11,R1,SKU_B,453,0,0,160
11,R1,SKU_C,589,0,0,231
11,R1,SKU_D,295,0,0,132
11,R1,SKU_E,219,0,0,141
11,R2,SKU_A,132,0,0,335
11,R2,SKU_B,328,0,0,158
11,R2,SKU_C,295,0,0,188
11,R2,SKU_D,483,0,0,123
11,R2,SKU_E,514,0,0,141
11,R3,SKU_A,681,0,0,548
11,R3,SKU_B,702,0,0,225
11,R3,SKU_C,715,0,0,340
11,R3,SKU_D,826,0,0,135
11,R3,SKU_E,537,0,0,237
12,Supplier,SKU_A,0,0,0,0
12,Supplier,SKU_B,0,0,0,0
12,Supplier,SKU_C,0,0,0,0
12,Supplier,SKU_D,0,0,0,0
12,Supplier,SKU_E,0,0,0,0
12,W1,SKU_A,1497,0,0,1373
12,W1,SKU_B,931,0,0,723
12,W1,SKU_C,696,0,0,972
12,W1,SKU_D,374,0,0,553
12,W1,SKU_E,0,0,163,598
12,W2,SKU_A,1912,0,0,1102
12,W2,SKU_B,1326,0,0,352
12,W2,SKU_C,1696,0,0,679
12,W2,SKU_D,0,0,353,465
12,W2,SKU_E,346,0,0,437
12,R1,SKU_A,1137,0,0,0
12,R1,SKU_B,543,0,0,0
12,R1,SKU_C,749,0,0,0
12,R1,SKU_D,389,0,0,0
12,R1,SKU_E,308,0,0,0
12,R2,SKU_A,25,0,0,335
12,R2,SKU_B,246,0,0,158
12,R2,SKU_C,243,0,0,188
12,R2,SKU_D,434,0,0,123
12,R2,SKU_E,458,0,0,141
12,R3,SKU_A,463,0,0,548
12,R3,SKU_B,629,0,0,225
12,R3,SKU_C,556,0,0,340
12,R3,SKU_D,732,0,0,135
12,R3,SKU_E,445,0,0,237
13,Supplier,SKU_A,0,0,0,0
13,Supplier,SKU_B,0,0,0,0
13,Supplier,SKU_C,0,0,0,0
13,Supplier,SKU_D,0,0,0,0
13,Supplier,SKU_E,0,0,0,0
13,W1,SKU_A,1959,0,0,664
13,W1,SKU_B,1184,0,0,318
13,W1,SKU_C,1126,0,0,419
13,W1,SKU_D,585,0,0,255
13,W1,SKU_E,45,0,0,282
13,W2,SKU_A,1694,0,0,1615
13,W2,SKU_B,1253,0,0,555
13,W2,SKU_C,1537,0,0,968
13,W2,SKU_D,0,0,447,696
13,W2,SKU_E,254,0,0,674
13,R1,SKU_A,982,0,0,347
13,R1,SKU_B,454,0,0,145
13,R1,SKU_C,647,0,0,216
13,R1,SKU_D,321,0,0,121
13,R1,SKU_E,238,0,0,133
13,R2,SKU_A,227,0,0,306
13,R2,SKU_B,342,0,0,162
13,R2,SKU_C,361,0,0,141
13,R2,SKU_D,503,0,0,108
13,R2,SKU_E,542,0,0,144
13,R3,SKU_A,176,0,0,1150
13,R3,SKU_B,513,0,0,437
13,R3,SKU_C,342,0,0,700
13,R3,SKU_D,594,0,0,328
13,R3,SKU_E,318,0,0,498
14,Supplier,SKU_A,0,0,0,0
14,Supplier,SKU_B,0,0,0,0
14,Supplier,SKU_C,0,0,0,0
14,Supplier,SKU_D,0,0,0,0
14,Supplier,SKU_E,0,0,0,0
14,W1,SKU_A,1671,0,0,1317
14,W1,SKU_B,1033,0,0,625
14,W1,SKU_C,954,0,0,776
14,W1,SKU_D,463,0,0,484
14,W1,SKU_E,0,0,82,559
14,W2,SKU_A,2090,0,0,932
14,W2,SKU_B,1328,0,0,364
14,W2,SKU_C,1750,0,0,541
14,W2,SKU_D,0,0,302,413
14,W2,SKU_E,395,0,0,406
14,R1,SKU_A,833,0,0,347
14,R1,SKU_B,383,0,0,145
14,R1,SKU_C,553,0,0,216
14,R1,SKU_D,261,0,0,121
14,R1,SKU_E,160,0,0,133
14,R2,SKU_A,98,0,0,306
14,R2,SKU_B,293,0,0,162
14,R2,SKU_C,310,0,0,141
14,R2,SKU_D,458,0,0,108
14,R2,SKU_E,489,0,0,144
14,R3,SKU_A,410,0,0,602
14,R3,SKU_B,679,0,0,212
14,R3,SKU_C,555,0,0,360
14,R3,SKU_D,636,0,0,193
14,R3,SKU_E,479,0,0,261
15,Supplier,SKU_A,0,0,0,0
15,Supplier,SKU_B,0,0,0,0
15,Supplier,SKU_C,0,0,0,0
15,Supplier,SKU_D,0,0,0,0
15,Supplier,SKU_E,0,0,0,0
15,W1,SKU_A,1393,0,0,1317
15,W1,SKU_B,913,0,0,625
15,W1,SKU_C,809,0,0,776
15,W1,SKU_D,358,0,0,484
15,W1,SKU_E,0,0,213,559
15,W2,SKU_A,1776,0,0,1437
15,W2,SKU_B,1269,0,0,553
15,W2,SKU_C,1623,0,0,914
15,W2,SKU_D,0,0,395,645
15,W2,SKU_E,319,0,0,625
15,R1,SKU_A,1039,0,0,0
15,R1,SKU_B,494,0,0,0
15,R1,SKU_C,693,0,0,0
15,R1,SKU_D,321,0,0,0
15,R1,SKU_E,244,0,0,0
15,R2,SKU_A,3,0,0,306
15,R2,SKU_B,250,0,0,162
15,R2,SKU_C,263,0,0,141
15,R2,SKU_D,416,0,0,108
15,R2,SKU_E,445,0,0,144
15,R3,SKU_A,206,0,0,1203
15,R3,SKU_B,623,0,0,387
15,R3,SKU_C,454,0,0,701
15,R3,SKU_D,548,0,0,476
15,R3,SKU_E,415,0,0,464
16,Supplier,SKU_A,0,0,0,0
16,Supplier,SKU_B,0,0,0,0
16,Supplier,SKU_C,0,0,0,0
16,Supplier,SKU_D,0,0,0,0
16,Supplier,SKU_E,0,0,0,0
16,W1,SKU_A,1821,0,0,653
16,W1,SKU_B,1154,0,0,307
16,W1,SKU_C,1105,0,0,357
16,W1,SKU_D,510,0,0,229
16,W1,SKU_E,0,0,24,277
16,W2,SKU_A,1991,0,0,1018
16,W2,SKU_B,1374,0,0,392
16,W2,SKU_C,1774,0,0,662
16,W2,SKU_D,0,0,301,463
16,W2,SKU_E,424,0,0,456
16,R1,SKU_A,918,0,0,445
16,R1,SKU_B,467,0,0,194
16,R1,SKU_C,640,0,0,272
16,R1,SKU_D,291,0,0,189
16,R1,SKU_E,207,0,0,197
16,R2,SKU_A,221,0,0,357
16,R2,SKU_B,366,0,0,154
16,R2,SKU_C,362,0,0,168
16,R2,SKU_D,484,0,0,141
16,R2,SKU_E,551,0,0,130
16,R3,SKU_A,33,0,0,1203
16,R3,SKU_B,567,0,0,387
16,R3,SKU_C,368,0,0,701
16,R3,SKU_D,465,0,0,476
16,R3,SKU_E,352,0,0,464
17,Supplier,SKU_A,0,0,0,0
17,Supplier,SKU_B,0,0,0,0
17,Supplier,SKU_C,0,0,0,0
17,Supplier,SKU_D,0,0,0,0
17,Supplier,SKU_E,0,0,0,0
17,W1,SKU_A,1612,0,0,1455
17,W1,SKU_B,1081,0,0,655
17,W1,SKU_C,1010,0,0,797
17,W1,SKU_D,440,0,0,559
17,W1,SKU_E,0,0,99,628
17,W2,SKU_A,1818,0,0,1018
17,W2,SKU_B,1318,0,0,392
17,W2,SKU_C,1688,0,0,662
17,W2,SKU_D,0,0,384,463
17,W2,SKU_E,361,0,0,456
17,R1,SKU_A,782,0,0,445
17,R1,SKU_B,440,0,0,194
17,R1,SKU_C,574,0,0,272
17,R1,SKU_D,248,0,0,189
17,R1,SKU_E,172,0,0,197
17,R2,SKU_A,131,0,0,357
17,R2,SKU_B,312,0,0,154
17,R2,SKU_C,329,0,0,168
17,R2,SKU_D,437,0,0,141
17,R2,SKU_E,513,0,0,130
17,R3,SKU_A,480,0,0,601
17,R3,SKU_B,723,0,0,175
17,R3,SKU_C,653,0,0,341
17,R3,SKU_D,582,0,0,283
17,R3,SKU_E,543,0,0,203
18,Supplier,SKU_A,0,0,0,0
18,Supplier,SKU_B,0,0,0,0
18,Supplier,SKU_C,0,0,0,0
18,Supplier,SKU_D,0,0,0,0
18,Supplier,SKU_E,0,0,0,0
18,W1,SKU_A,1386,0,0,1455
18,W1,SKU_B,1000,0,0,655
18,W1,SKU_C,911,0,0,797
18,W1,SKU_D,350,0,0,559
18,W1,SKU_E,0,0,172,628
18,W2,SKU_A,1663,0,0,1709
18,W2,SKU_B,1262,0,0,563
18,W2,SKU_C,1613,0,0,976
18,W2,SKU_D,0,0,460,727
18,W2,SKU_E,291,0,0,659
18,R1,SKU_A,1140,0,0,0
18,R1,SKU_B,594,0,0,0
18,R1,SKU_C,783,0,0,0
18,R1,SKU_D,419,0,0,0
18,R1,SKU_E,330,0,0,0
18,R2,SKU_A,31,0,0,357
18,R2,SKU_B,276,0,0,154
18,R2,SKU_C,297,0,0,168
18,R2,SKU_D,409,0,0,141
18,R2,SKU_E,479,0,0,130
18,R3,SKU_A,281,0,0,1133
18,R3,SKU_B,667,0,0,343
18,R3,SKU_C,522,0,0,603
18,R3,SKU_D,498,0,0,465
18,R3,SKU_E,473,0,0,400
19,Supplier,SKU_A,0,0,0,0
19,Supplier,SKU_B,0,0,0,0
19,Supplier,SKU_C,0,0,0,0
19,Supplier,SKU_D,0,0,0,0
19,Supplier,SKU_E,0,0,0,0
19,W1,SKU_A,1852,0,0,802
19,W1,SKU_B,1231,0,0,348
19,W1,SKU_C,1173,0,0,440
19,W1,SKU_D,533,0,0,330
19,W1,SKU_E,32,0,0,351
19,W2,SKU_A,1977,0,0,1196
19,W2,SKU_B,1409,0,0,360
19,W2,SKU_C,1771,0,0,687
19,W2,SKU_D,0,0,313,496
19,W2,SKU_E,458,0,0,422
19,R1,SKU_A,1003,0,0,344
19,R1,SKU_B,548,0,0,94
19,R1,SKU_C,701,0,0,182
19,R1,SKU_D,368,0,0,91
19,R1,SKU_E,268,0,0,111
19,R2,SKU_A,264,0,0,278
19,R2,SKU_B,364,0,0,136
19,R2,SKU_C,424,0,0,107
19,R2,SKU_D,503,0,0,115
19,R2,SKU_E,565,0,0,134
19,R3,SKU_A,692,0,0,532
19,R3,SKU_B,781,0,0,168
19,R3,SKU_C,768,0,0,262
19,R3,SKU_D,688,0,0,182
19,R3,SKU_E,595,0,0,197
20,Supplier,SKU_A,0,0,0,0
20,Supplier,SKU_B,0,0,0,0
20,Supplier,SKU_C,0,0,0,0
20,Supplier,SKU_D,0,0,0,0
20,Supplier,SKU_E,0,0,0,0
20,W1,SKU_A,1591,0,0,1424
20,W1,SKU_B,1119,0,0,578
20,W1,SKU_C,1050,0,0,729
20,W1,SKU_D,435,0,0,536
20,W1,SKU_E,0,0,74,572
20,W2,SKU_A,1787,0,0,1196
20,W2,SKU_B,1348,0,0,360
20,W2,SKU_C,1676,0,0,687
20,W2,SKU_D,0,0,406,496
20,W2,SKU_E,377,0,0,422
20,R1,SKU_A,837,0,0,344
20,R1,SKU_B,457,0,0,94
20,R1,SKU_C,599,0,0,182
20,R1,SKU_D,285,0,0,91
20,R1,SKU_E,196,0,0,111
20,R2,SKU_A,131,0,0,278
20,R2,SKU_B,289,0,0,136
20,R2,SKU_C,379,0,0,107
20,R2,SKU_D,454,0,0,115
20,R2,SKU_E,509,0,0,134
20,R3,SKU_A,432,0,0,532
20,R3,SKU_B,671,0,0,168
20,R3,SKU_C,583,0,0,262
20,R3,SKU_D,563,0,0,182
20,R3,SKU_E,508,0,0,197
21,Supplier,SKU_A,0,0,0,0
21,Supplier,SKU_B,0,0,0,0
21,Supplier,SKU_C,0,0,0,0
21,Supplier,SKU_D,0,0,0,0
21,Supplier,SKU_E,0,0,0,0
21,W1,SKU_A,1292,0,0,1424
21,W1,SKU_B,953,0,0,578
21,W1,SKU_C,903,0,0,729
21,W1,SKU_D,303,0,0,536
21,W1,SKU_E,0,0,202,572
21,W2,SKU_A,2032,0,0,1235
21,W2,SKU_B,1427,0,0,344
21,W2,SKU_C,1864,0,0,615
21,W2,SKU_D,0,0,299,517
21,W2,SKU_E,509,0,0,424
21,R1,SKU_A,1032,0,0,0
21,R1,SKU_B,470,0,0,0
21,R1,SKU_C,680,0,0,0
21,R1,SKU_D,316,0,0,0
21,R1,SKU_E,244,0,0,0
21,R2,SKU_A,9,0,0,278
21,R2,SKU_B,216,0,0,136
21,R2,SKU_C,314,0,0,107
21,R2,SKU_D,398,0,0,115
21,R2,SKU_E,467,0,0,134
21,R3,SKU_A,213,0,0,1181
21,R3,SKU_B,578,0,0,395
21,R3,SKU_C,438,0,0,673
21,R3,SKU_D,461,0,0,645
21,R3,SKU_E,427,0,0,435
22,Supplier,SKU_A,0,0,0,0
22,Supplier,SKU_B,0,0,0,0
22,Supplier,SKU_C,0,0,0,0
22,Supplier,SKU_D,0,0,0,0
22,Supplier,SKU_E,0,0,0,0
22,W1,SKU_A,1823,0,0,622
22,W1,SKU_B,1147,0,0,230
22,W1,SKU_C,1177,0,0,289
22,W1,SKU_D,517,0,0,206
22,W1,SKU_E,44,0,0,221
22,W2,SKU_A,1813,0,0,1235
22,W2,SKU_B,1334,0,0,344
22,W2,SKU_C,1719,0,0,615
22,W2,SKU_D,0,0,401,517
22,W2,SKU_E,428,0,0,424
22,R1,SKU_A,910,0,0,452
22,R1,SKU_B,424,0,0,218
22,R1,SKU_C,624,0,0,285
22,R1,SKU_D,274,0,0,194
22,R1,SKU_E,200,0,0,197
22,R2,SKU_A,184,0,0,379
22,R2,SKU_B,299,0,0,214
22,R2,SKU_C,389,0,0,151
22,R2,SKU_D,475,0,0,152
22,R2,SKU_E,547,0,0,142
22,R3,SKU_A,588,0,0,649
22,R3,SKU_B,681,0,0,227
22,R3,SKU_C,591,0,0,411
22,R3,SKU_D,544,0,0,463
22,R3,SKU_E,557,0,0,238
23,Supplier,SKU_A,0,0,0,0
23,Supplier,SKU_B,0,0,0,0
23,Supplier,SKU_C,0,0,0,0
23,Supplier,SKU_D,0,0,0,0
23,Supplier,SKU_E,0,0,0,0
23,W1,SKU_A,1598,0,0,1453
23,W1,SKU_B,1048,0,0,662
23,W1,SKU_C,1089,0,0,725
23,W1,SKU_D,437,0,0,552
23,W1,SKU_E,0,0,54,560
23,W2,SKU_A,1656,0,0,1714
23,W2,SKU_B,1269,0,0,547
23,W2,SKU_C,1610,0,0,945
23,W2,SKU_D,0,0,500,744
23,W2,SKU_E,361,0,0,592
23,R1,SKU_A,805,0,0,452
23,R1,SKU_B,396,0,0,218
23,R1,SKU_C,561,0,0,285
23,R1,SKU_D,244,0,0,194
23,R1,SKU_E,162,0,0,197
23,R2,SKU_A,99,0,0,379
23,R2,SKU_B,256,0,0,214
23,R2,SKU_C,350,0,0,151
23,R2,SKU_D,434,0,0,152
23,R2,SKU_E,520,0,0,142
23,R3,SKU_A,420,0,0,649
23,R3,SKU_B,617,0,0,227
23,R3,SKU_C,496,0,0,411
23,R3,SKU_D,486,0,0,463
23,R3,SKU_E,504,0,0,238
24,Supplier,SKU_A,0,0,0,0
24,Supplier,SKU_B,0,0,0,0
24,Supplier,SKU_C,0,0,0,0
24,Supplier,SKU_D,0,0,0,0
24,Supplier,SKU_E,0,0,0,0
24,W1,SKU_A,1408,0,0,1453
24,W1,SKU_B,977,0,0,662
24,W1,SKU_C,987,0,0,725
24,W1,SKU_D,366,0,0,552
24,W1,SKU_E,0,0,119,560
24,W2,SKU_A,2179,0,0,1023
24,W2,SKU_B,1376,0,0,376
24,W2,SKU_C,1829,0,0,631
24,W2,SKU_D,0,0,294,480
24,W2,SKU_E,511,0,0,389
24,R1,SKU_A,1155,0,0,0
24,R1,SKU_B,584,0,0,0
24,R1,SKU_C,781,0,0,0
24,R1,SKU_D,408,0,0,0
24,R1,SKU_E,325,0,0,0
24,R2,SKU_A,26,0,0,379
24,R2,SKU_B,212,0,0,214
24,R2,SKU_C,314,0,0,151
24,R2,SKU_D,391,0,0,152
24,R2,SKU_E,488,0,0,142
24,R3,SKU_A,260,0,0,1193
24,R3,SKU_B,557,0,0,449
24,R3,SKU_C,396,0,0,760
24,R3,SKU_D,405,0,0,727
24,R3,SKU_E,438,0,0,439
25,Supplier,SKU_A,0,0,0,0
25,Supplier,SKU_B,0,0,0,0
25,Supplier,SKU_C,0,0,0,0
25,Supplier,SKU_D,0,0,0,0
25,Supplier,SKU_E,0,0,0,0
25,W1,SKU_A,1855,0,0,831
25,W1,SKU_B,1133,0,0,432
25,W1,SKU_C,1175,0,0,436
25,W1,SKU_D,499,0,0,346
25,W1,SKU_E,36,0,0,339
25,W2,SKU_A,2019,0,0,1023
25,W2,SKU_B,1316,0,0,376
25,W2,SKU_C,1729,0,0,631
25,W2,SKU_D,0,0,375,480
25,W2,SKU_E,445,0,0,389
25,R1,SKU_A,1041,0,0,329
25,R1,SKU_B,535,0,0,104
25,R1,SKU_C,720,0,0,184
25,R1,SKU_D,378,0,0,102
25,R1,SKU_E,306,0,0,116
25,R2,SKU_A,312,0,0,261
25,R2,SKU_B,371,0,0,140
25,R2,SKU_C,414,0,0,107
25,R2,SKU_D,502,0,0,122
25,R2,SKU_E,591,0,0,113
25,R3,SKU_A,725,0,0,544
25,R3,SKU_B,730,0,0,222
25,R3,SKU_C,707,0,0,349
25,R3,SKU_D,764,0,0,264
25,R3,SKU_E,600,0,0,201
26,Supplier,SKU_A,0,0,0,0
26,Supplier,SKU_B,0,0,0,0
26,Supplier,SKU_C,0,0,0,0
26,Supplier,SKU_D,0,0,0,0
26,Supplier,SKU_E,0,0,0,0
26,W1,SKU_A,1648,0,0,1421
26,W1,SKU_B,1029,0,0,676
26,W1,SKU_C,1063,0,0,727
26,W1,SKU_D,428,0,0,570
26,W1,SKU_E,0,0,22,568
26,W2,SKU_A,1835,0,0,1508
26,W2,SKU_B,1262,0,0,565
26,W2,SKU_C,1629,0,0,935
26,W2,SKU_D,0,0,479,718
26,W2,SKU_E,369,0,0,575
26,R1,SKU_A,931,0,0,329
26,R1,SKU_B,479,0,0,104
26,R1,SKU_C,630,0,0,184
26,R1,SKU_D,334,0,0,102
26,R1,SKU_E,256,0,0,116
26,R2,SKU_A,239,0,0,261
26,R2,SKU_B,305,0,0,140
26,R2,SKU_C,377,0,0,107
26,R2,SKU_D,451,0,0,122
26,R2,SKU_E,540,0,0,113
26,R3,SKU_A,556,0,0,544
26,R3,SKU_B,683,0,0,222
26,R3,SKU_C,606,0,0,349
26,R3,SKU_D,671,0,0,264
26,R3,SKU_E,515,0,0,201
27,Supplier,SKU_A,0,0,0,0
27,Supplier,SKU_B,0,0,0,0
27,Supplier,SKU_C,0,0,0,0
27,Supplier,SKU_D,0,0,0,0
27,Supplier,SKU_E,0,0,0,0
27,W1,SKU_A,1465,0,0,1421
27,W1,SKU_B,907,0,0,676
27,W1,SKU_C,936,0,0,727
27,W1,SKU_D,333,0,0,570
27,W1,SKU_E,0,0,123,568
27,W2,SKU_A,2210,0,0,964
27,W2,SKU_B,1388,0,0,392
27,W2,SKU_C,1829,0,0,634
27,W2,SKU_D,0,0,319,465
27,W2,SKU_E,505,0,0,354
27,R1,SKU_A,1099,0,0,0
27,R1,SKU_B,513,0,0,0
27,R1,SKU_C,688,0,0,0
27,R1,SKU_D,372,0,0,0
27,R1,SKU_E,311,0,0,0
27,R2,SKU_A,129,0,0,261
27,R2,SKU_B,229,0,0,140
27,R2,SKU_C,311,0,0,107
27,R2,SKU_D,397,0,0,122
27,R2,SKU_E,497,0,0,113
27,R3,SKU_A,328,0,0,1057
27,R3,SKU_B,588,0,0,383
27,R3,SKU_C,417,0,0,650
27,R3,SKU_D,559,0,0,517
27,R3,SKU_E,410,0,0,428
28,Supplier,SKU_A,0,0,0,0
28,Supplier,SKU_B,0,0,0,0
28,Supplier,SKU_C,0,0,0,0
28,Supplier,SKU_D,0,0,0,0
28,Supplier,SKU_E,0,0,0,0
28,W1,SKU_A,2025,0,0,590
28,W1,SKU_B,1193,0,0,244
28,W1,SKU_C,1180,0,0,291
28,W1,SKU_D,561,0,0,224
28,W1,SKU_E,112,0,0,229
28,W2,SKU_A,1982,0,0,964
28,W2,SKU_B,1293,0,0,392
28,W2,SKU_C,1640,0,0,634
28,W2,SKU_D,0,0,431,465
28,W2,SKU_E,400,0,0,354
28,R1,SKU_A,933,0,0,385
28,R1,SKU_B,442,0,0,175
28,R1,SKU_C,587,0,0,277
28,R1,SKU_D,311,0,0,138
28,R1,SKU_E,253,0,0,130
28,R2,SKU_A,285,0,0,276
28,R2,SKU_B,299,0,0,197
28,R2,SKU_C,360,0,0,154
28,R2,SKU_D,469,0,0,146
28,R2,SKU_E,566,0,0,133
28,R3,SKU_A,659,0,0,513
28,R3,SKU_B,753,0,0,161
28,R3,SKU_C,670,0,0,301
28,R3,SKU_D,745,0,0,253
28,R3,SKU_E,543,0,0,227
29,Supplier,SKU_A,0,0,0,0
29,Supplier,SKU_B,0,0,0,0
29,Supplier,SKU_C,0,0,0,0
29,Supplier,SKU_D,0,0,0,0
29,Supplier,SKU_E,0,0,0,0
29,W1,SKU_A,1754,0,0,1251
29,W1,SKU_B,1052,0,0,616
29,W1,SKU_C,1021,0,0,722
29,W1,SKU_D,450,0,0,508
29,W1,SKU_E,10,0,0,492
29,W2,SKU_A,2248,0,0,1066
29,W2,SKU_B,1439,0,0,385
29,W2,SKU_C,1874,0,0,694
29,W2,SKU_D,0,0,282,547
29,W2,SKU_E,500,0,0,452
29,R1,SKU_A,813,0,0,385
29,R1,SKU_B,391,0,0,175
29,R1,SKU_C,489,0,0,277
29,R1,SKU_D,261,0,0,138
29,R1,SKU_E,216,0,0,130
29,R2,SKU_A,170,0,0,276
29,R2,SKU_B,250,0,0,197
29,R2,SKU_C,310,0,0,154
29,R2,SKU_D,434,0,0,146
29,R2,SKU_E,519,0,0,133
29,R3,SKU_A,468,0,0,513
29,R3,SKU_B,677,0,0,161
29,R3,SKU_C,565,0,0,301
29,R3,SKU_D,671,0,0,253
29,R3,SKU_E,455,0,0,227
30,Supplier,SKU_A,0,0,0,0
30,Supplier,SKU_B,0,0,0,0
30,Supplier,SKU_C,0,0,0,0
30,Supplier,SKU_D,0,0,0,0
30,Supplier,SKU_E,0,0,0,0
30,W1,SKU_A,1519,0,0,1251
30,W1,SKU_B,952,0,0,616
30,W1,SKU_C,873,0,0,722
30,W1,SKU_D,365,0,0,508
30,W1,SKU_E,0,0,74,492
30,W2,SKU_A,2057,0,0,1066
30,W2,SKU_B,1363,0,0,385
30,W2,SKU_C,1769,0,0,694
30,W2,SKU_D,0,0,356,547
30,W2,SKU_E,412,0,0,452
30,R1,SKU_A,1099,0,0,0
30,R1,SKU_B,534,0,0,0
30,R1,SKU_C,706,0,0,0
30,R1,SKU_D,372,0,0,0
30,R1,SKU_E,306,0,0,0
30,R2,SKU_A,93,0,0,276
30,R2,SKU_B,200,0,0,197
30,R2,SKU_C,264,0,0,154
30,R2,SKU_D,399,0,0,146
30,R2,SKU_E,491,0,0,133
30,R3,SKU_A,298,0,0,1145
30,R3,SKU_B,628,0,0,389
30,R3,SKU_C,487,0,0,691
30,R3,SKU_D,606,0,0,480
30,R3,SKU_E,391,0,0,488
31,Supplier,SKU_A,0,0,0,0
31,Supplier,SKU_B,0,0,0,0
31,Supplier,SKU_C,0,0,0,0
31,Supplier,SKU_D,0,0,0,0
31,Supplier,SKU_E,0,0,0,0
31,W1,SKU_A,1933,0,0,661
31,W1,SKU_B,1114,0,0,372
31,W1,SKU_C,1058,0,0,431
31,W1,SKU_D,527,0,0,284
31,W1,SKU_E,87,0,0,263
31,W2,SKU_A,1887,0,0,1066
31,W2,SKU_B,1314,0,0,385
31,W2,SKU_C,1691,0,0,694
31,W2,SKU_D,0,0,421,547
31,W2,SKU_E,348,0,0,452
31,R1,SKU_A,1002,0,0,385
31,R1,SKU_B,482,0,0,154
31,R1,SKU_C,647,0,0,259
31,R1,SKU_D,332,0,0,138
31,R1,SKU_E,262,0,0,135
31,R2,SKU_A,286,0,0,297
31,R2,SKU_B,353,0,0,169
31,R2,SKU_C,394,0,0,154
31,R2,SKU_D,520,0,0,120
31,R2,SKU_E,593,0,0,119
31,R3,SKU_A,655,0,0,632
31,R3,SKU_B,733,0,0,228
31,R3,SKU_C,690,0,0,390
31,R3,SKU_D,767,0,0,227
31,R3,SKU_E,558,0,0,261
32,Supplier,SKU_A,0,0,0,0
32,Supplier,SKU_B,0,0,0,0
32,Supplier,SKU_C,0,0,0,0
32,Supplier,SKU_D,0,0,0,0
32,Supplier,SKU_E,0,0,0,0
32,W1,SKU_A,1753,0,0,1343
32,W1,SKU_B,1018,0,0,695
32,W1,SKU_C,975,0,0,844
32,W1,SKU_D,462,0,0,542
32,W1,SKU_E,12,0,0,517
32,W2,SKU_A,2216,0,0,1155
32,W2,SKU_B,1447,0,0,378
32,W2,SKU_C,1897,0,0,669
32,W2,SKU_D,0,0,275,526
32,W2,SKU_E,474,0,0,486
32,R1,SKU_A,881,0,0,385
32,R1,SKU_B,428,0,0,154
32,R1,SKU_C,568,0,0,259
32,R1,SKU_D,295,0,0,138
32,R1,SKU_E,221,0,0,135
32,R2,SKU_A,217,0,0,297
32,R2,SKU_B,305,0,0,169
32,R2,SKU_C,359,0,0,154
32,R2,SKU_D,487,0,0,120
32,R2,SKU_E,563,0,0,119
32,R3,SKU_A,468,0,0,632
32,R3,SKU_B,668,0,0,228
32,R3,SKU_C,576,0,0,390
32,R3,SKU_D,689,0,0,227
32,R3,SKU_E,483,0,0,261
33,Supplier,SKU_A,0,0,0,0
33,Supplier,SKU_B,0,0,0,0
33,Supplier,SKU_C,0,0,0,0
33,Supplier,SKU_D,0,0,0,0
33,Supplier,SKU_E,0,0,0,0
33,W1,SKU_A,1563,0,0,1343
33,W1,SKU_B,916,0,0,695
33,W1,SKU_C,861,0,0,844
33,W1,SKU_D,392,0,0,542
33,W1,SKU_E,0,0,59,517
33,W2,SKU_A,2029,0,0,1155
33,W2,SKU_B,1382,0,0,378
33,W2,SKU_C,1783,0,0,669
33,W2,SKU_D,0,0,353,526
33,W2,SKU_E,399,0,0,486
33,R1,SKU_A,1108,0,0,0
33,R1,SKU_B,519,0,0,0
33,R1,SKU_C,723,0,0,0
33,R1,SKU_D,383,0,0,0
33,R1,SKU_E,312,0,0,0
33,R2,SKU_A,122,0,0,297
33,R2,SKU_B,257,0,0,169
33,R2,SKU_C,310,0,0,154
33,R2,SKU_D,436,0,0,120
33,R2,SKU_E,531,0,0,119
33,R3,SKU_A,294,0,0,1145
33,R3,SKU_B,574,0,0,398
33,R3,SKU_C,471,0,0,680
33,R3,SKU_D,612,0,0,465
33,R3,SKU_E,413,0,0,460
34,Supplier,SKU_A,0,0,0,0
34,Supplier,SKU_B,0,0,0,0
34,Supplier,SKU_C,0,0,0,0
34,Supplier,SKU_D,0,0,0,0
34,Supplier,SKU_E,0,0,0,0
34,W1,SKU_A,1971,0,0,682
34,W1,SKU_B,1177,0,0,323
34,W1,SKU_C,1139,0,0,413
34,W1,SKU_D,575,0,0,258
34,W1,SKU_E,128,0,0,254
34,W2,SKU_A,1855,0,0,1155
34,W2,SKU_B,1288,0,0,378
34,W2,SKU_C,1678,0,0,669
34,W2,SKU_D,0,0,430,526
34,W2,SKU_E,329,0,0,486
34,R1,SKU_A,920,0,0,376
34,R1,SKU_B,429,0,0,169
34,R1,SKU_C,576,0,0,242
34,R1,SKU_D,295,0,0,127
34,R1,SKU_E,245,0,0,129
34,R2,SKU_A,337,0,0,247
34,R2,SKU_B,357,0,0,140
34,R2,SKU_C,409,0,0,108
34,R2,SKU_D,513,0,0,109
34,R2,SKU_E,612,0,0,93
34,R3,SKU_A,733,0,0,513
34,R3,SKU_B,739,0,0,170
34,R3,SKU_C,717,0,0,290
34,R3,SKU_D,739,0,0,238
34,R3,SKU_E,606,0,0,199
35,Supplier,SKU_A,0,0,0,0
35,Supplier,SKU_B,0,0,0,0
35,Supplier,SKU_C,0,0,0,0
35,Supplier,SKU_D,0,0,0,0
35,Supplier,SKU_E,0,0,0,0
35,W1,SKU_A,1701,0,0,1305
35,W1,SKU_B,1018,0,0,632
35,W1,SKU_C,937,0,0,763
35,W1,SKU_D,444,0,0,494
35,W1,SKU_E,23,0,0,476
35,W2,SKU_A,2243,0,0,1091
35,W2,SKU_B,1421,0,0,397
35,W2,SKU_C,1924,0,0,596
35,W2,SKU_D,0,0,221,464
35,W2,SKU_E,527,0,0,425
35,R1,SKU_A,744,0,0,376
35,R1,SKU_B,369,0,0,169
35,R1,SKU_C,455,0,0,242
35,R1,SKU_D,220,0,0,127
35,R1,SKU_E,191,0,0,129
35,R2,SKU_A,257,0,0,247
35,R2,SKU_B,281,0,0,140
35,R2,SKU_C,337,0,0,108
35,R2,SKU_D,467,0,0,109
35,R2,SKU_E,561,0,0,93
35,R3,SKU_A,513,0,0,513
35,R3,SKU_B,665,0,0,170
35,R3,SKU_C,560,0,0,290
35,R3,SKU_D,646,0,0,238
35,R3,SKU_E,526,0,0,199
36,Supplier,SKU_A,0,0,0,0
36,Supplier,SKU_B,0,0,0,0
36,Supplier,SKU_C,0,0,0,0
36,Supplier,SKU_D,0,0,0,0
36,Supplier,SKU_E,0,0,0,0
36,W1,SKU_A,1445,0,0,1305
36,W1,SKU_B,882,0,0,632
36,W1,SKU_C,744,0,0,763
36,W1,SKU_D,323,0,0,494
36,W1,SKU_E,0,0,82,476
36,W2,SKU_A,2023,0,0,1091
36,W2,SKU_B,1347,0,0,397
36,W2,SKU_C,1767,0,0,596
36,W2,SKU_D,0,0,314,464
36,W2,SKU_E,447,0,0,425
36,R1,SKU_A,956,0,0,0
36,R1,SKU_B,491,0,0,0
36,R1,SKU_C,604,0,0,0
36,R1,SKU_D,295,0,0,0
36,R1,SKU_E,270,0,0,0
36,R2,SKU_A,149,0,0,247
36,R2,SKU_B,215,0,0,140
36,R2,SKU_C,292,0,0,108
36,R2,SKU_D,430,0,0,109
36,R2,SKU_E,510,0,0,93
36,R3,SKU_A,302,0,0,1100
36,R3,SKU_B,588,0,0,401
36,R3,SKU_C,438,0,0,696
36,R3,SKU_D,554,0,0,547
36,R3,SKU_E,447,0,0,417
37,Supplier,SKU_A,0,0,0,0
37,Supplier,SKU_B,0,0,0,0
37,Supplier,SKU_C,0,0,0,0
37,Supplier,SKU_D,0,0,0,0
37,Supplier,SKU_E,0,0,0,0
37,W1,SKU_A,1855,0,0,623
37,W1,SKU_B,1092,0,0,309
37,W1,SKU_C,1019,0,0,350
37,W1,SKU_D,492,0,0,236
37,W1,SKU_E,71,0,0,222
37,W2,SKU_A,1812,0,0,1504
37,W2,SKU_B,1270,0,0,534
37,W2,SKU_C,1645,0,0,897
37,W2,SKU_D,0,0,406,657
37,W2,SKU_E,368,0,0,573
37,R1,SKU_A,840,0,0,528
37,R1,SKU_B,437,0,0,197
37,R1,SKU_C,517,0,0,361
37,R1,SKU_D,256,0,0,215
37,R1,SKU_E,231,0,0,171
37,R2,SKU_A,318,0,0,270
37,R2,SKU_B,303,0,0,211
37,R2,SKU_C,371,0,0,172
37,R2,SKU_D,505,0,0,126
37,R2,SKU_E,569,0,0,140
37,R3,SKU_A,634,0,0,587
37,R3,SKU_B,685,0,0,231
37,R3,SKU_C,637,0,0,406
37,R3,SKU_D,670,0,0,309
37,R3,SKU_E,581,0,0,218
38,Supplier,SKU_A,0,0,0,0
38,Supplier,SKU_B,0,0,0,0
38,Supplier,SKU_C,0,0,0,0
38,Supplier,SKU_D,0,0,0,0
38,Supplier,SKU_E,0,0,0,0
38,W1,SKU_A,1661,0,0,1421
38,W1,SKU_B,986,0,0,717
38,W1,SKU_C,903,0,0,883
38,W1,SKU_D,419,0,0,577
38,W1,SKU_E,0,0,2,533
38,W2,SKU_A,2205,0,0,930
38,W2,SKU_B,1379,0,0,352
38,W2,SKU_C,1833,0,0,618
38,W2,SKU_D,0,0,311,440
38,W2,SKU_E,523,0,0,353
38,R1,SKU_A,709,0,0,528
38,R1,SKU_B,368,0,0,197
38,R1,SKU_C,443,0,0,361
38,R1,SKU_D,207,0,0,215
38,R1,SKU_E,193,0,0,171
38,R2,SKU_A,232,0,0,270
38,R2,SKU_B,250,0,0,211
38,R2,SKU_C,328,0,0,172
38,R2,SKU_D,479,0,0,126
38,R2,SKU_E,527,0,0,140
38,R3,SKU_A,384,0,0,587
38,R3,SKU_B,637,0,0,231
38,R3,SKU_C,501,0,0,406
38,R3,SKU_D,597,0,0,309
38,R3,SKU_E,495,0,0,218
39,Supplier,SKU_A,0,0,0,0
39,Supplier,SKU_B,0,0,0,0
39,Supplier,SKU_C,0,0,0,0
39,Supplier,SKU_D,0,0,0,0
39,Supplier,SKU_E,0,0,0,0
39,W1,SKU_A,1444,0,0,1421
39,W1,SKU_B,864,0,0,717
39,W1,SKU_C,786,0,0,883
39,W1,SKU_D,344,0,0,577
39,W1,SKU_E,0,0,82,533
39,W2,SKU_A,1955,0,0,1322
39,W2,SKU_B,1331,0,0,502
39,W2,SKU_C,1697,0,0,831
39,W2,SKU_D,0,0,384,654
39,W2,SKU_E,437,0,0,497
39,R1,SKU_A,1104,0,0,0
39,R1,SKU_B,490,0,0,0
39,R1,SKU_C,723,0,0,0
39,R1,SKU_D,382,0,0,0
39,R1,SKU_E,318,0,0,0
39,R2,SKU_A,137,0,0,270
39,R2,SKU_B,173,0,0,211
39,R2,SKU_C,283,0,0,172
39,R2,SKU_D,428,0,0,126
39,R2,SKU_E,475,0,0,140
39,R3,SKU_A,152,0,0,1229
39,R3,SKU_B,564,0,0,429
39,R3,SKU_C,357,0,0,755
39,R3,SKU_D,514,0,0,526
39,R3,SKU_E,417,0,0,448
40,Supplier,SKU_A,0,0,0,0
40,Supplier,SKU_B,0,0,0,0
40,Supplier,SKU_C,0,0,0,0
40,Supplier,SKU_D,0,0,0,0
40,Supplier,SKU_E,0,0,0,0
40,W1,SKU_A,1839,0,0,798
40,W1,SKU_B,1021,0,0,408
40,W1,SKU_C,1010,0,0,533
40,W1,SKU_D,489,0,0,341
40,W1,SKU_E,42,0,0,311
40,W2,SKU_A,1723,0,0,1322
40,W2,SKU_B,1258,0,0,502
40,W2,SKU_C,1553,0,0,831
40,W2,SKU_D,0,0,467,654
40,W2,SKU_E,359,0,0,497
40,R1,SKU_A,960,0,0,380
40,R1,SKU_B,431,0,0,198
40,R1,SKU_C,618,0,0,242
40,R1,SKU_D,332,0,0,128
40,R1,SKU_E,279,0,0,123
40,R2,SKU_A,306,0,0,259
40,R2,SKU_B,308,0,0,182
40,R2,SKU_C,380,0,0,117
40,R2,SKU_D,501,0,0,111
40,R2,SKU_E,555,0,0,128
40,R3,SKU_A,525,0,0,642
40,R3,SKU_B,714,0,0,198
40,R3,SKU_C,634,0,0,349
40,R3,SKU_D,718,0,0,217
40,R3,SKU_E,528,0,0,230
41,Supplier,SKU_A,0,0,0,0
41,Supplier,SKU_B,0,0,0,0
41,Supplier,SKU_C,0,0,0,0
41,Supplier,SKU_D,0,0,0,0
41,Supplier,SKU_E,0,0,0,0
41,W1,SKU_A,1594,0,0,1437
41,W1,SKU_B,886,0,0,788
41,W1,SKU_C,830,0,0,892
41,W1,SKU_D,386,0,0,580
41,W1,SKU_E,0,0,57,562
41,W2,SKU_A,2026,0,0,1287
41,W2,SKU_B,1392,0,0,408
41,W2,SKU_C,1741,0,0,794
41,W2,SKU_D,0,0,325,563
41,W2,SKU_E,457,0,0,456
41,R1,SKU_A,760,0,0,380
41,R1,SKU_B,336,0,0,198
41,R1,SKU_C,471,0,0,242
41,R1,SKU_D,269,0,0,128
41,R1,SKU_E,230,0,0,123
41,R2,SKU_A,204,0,0,259
41,R2,SKU_B,221,0,0,182
41,R2,SKU_C,315,0,0,117
41,R2,SKU_D,442,0,0,111
41,R2,SKU_E,493,0,0,128
41,R3,SKU_A,258,0,0,642
41,R3,SKU_B,615,0,0,198
41,R3,SKU_C,437,0,0,349
41,R3,SKU_D,588,0,0,217
41,R3,SKU_E,430,0,0,230
42,Supplier,SKU_A,0,0,0,0
42,Supplier,SKU_B,0,0,0,0
42,Supplier,SKU_C,0,0,0,0
42,Supplier,SKU_D,0,0,0,0
42,Supplier,SKU_E,0,0,0,0
42,W1,SKU_A,1292,0,0,1437
42,W1,SKU_B,704,0,0,788
42,W1,SKU_C,618,0,0,892
42,W1,SKU_D,264,0,0,580
42,W1,SKU_E,0,0,168,562
42,W2,SKU_A,1759,0,0,1287
42,W2,SKU_B,1293,0,0,408
42,W2,SKU_C,1544,0,0,794
42,W2,SKU_D,0,0,455,563
42,W2,SKU_E,359,0,0,456
42,R1,SKU_A,927,0,0,0
42,R1,SKU_B,417,0,0,0
42,R1,SKU_C,552,0,0,0
42,R1,SKU_D,342,0,0,0
42,R1,SKU_E,287,0,0,0
42,R2,SKU_A,92,0,0,259
42,R2,SKU_B,136,0,0,182
42,R2,SKU_C,249,0,0,117
42,R2,SKU_D,385,0,0,111
42,R2,SKU_E,432,0,0,128
42,R3,SKU_A,0,0,0,1355
42,R3,SKU_B,532,0,0,451
42,R3,SKU_C,270,0,0,819
42,R3,SKU_D,474,0,0,464
42,R3,SKU_E,325,0,0,513
43,Supplier,SKU_A,0,0,0,0
43,Supplier,SKU_B,0,0,0,0
43,Supplier,SKU_C,0,0,0,0
43,Supplier,SKU_D,0,0,0,0
43,Supplier,SKU_E,0,0,0,0
43,W1,SKU_A,1765,0,0,639
43,W1,SKU_B,910,0,0,380
43,W1,SKU_C,924,0,0,359
43,W1,SKU_D,493,0,0,239
43,W1,SKU_E,16,0,0,251
43,W2,SKU_A,1914,0,0,1355
43,W2,SKU_B,1347,0,0,451
43,W2,SKU_C,1678,0,0,819
43,W2,SKU_D,0,0,376,605
43,W2,SKU_E,402,0,0,513
43,R1,SKU_A,768,0,0,557
43,R1,SKU_B,344,0,0,271
43,R1,SKU_C,415,0,0,413
43,R1,SKU_D,267,0,0,168
43,R1,SKU_E,225,0,0,154
43,R2,SKU_A,208,0,0,315
43,R2,SKU_B,252,0,0,248
43,R2,SKU_C,227,0,0,206
43,R2,SKU_D,424,0,0,169
43,R2,SKU_E,494,0,0,183
43,R3,SKU_A,458,0,0,713
43,R3,SKU_B,646,0,0,253
43,R3,SKU_C,486,0,0,470
43,R3,SKU_D,626,0,0,247
43,R3,SKU_E,484,0,0,283
44,Supplier,SKU_A,0,0,0,0
44,Supplier,SKU_B,0,0,0,0
44,Supplier,SKU_C,0,0,0,0
44,Supplier,SKU_D,0,0,0,0
44,Supplier,SKU_E,0,0,0,0
44,W1,SKU_A,1463,0,0,1511
44,W1,SKU_B,771,0,0,899
44,W1,SKU_C,648,0,0,978
44,W1,SKU_D,346,0,0,576
44,W1,SKU_E,0,0,112,588
44,W2,SKU_A,1730,0,0,1355
44,W2,SKU_B,1263,0,0,451
44,W2,SKU_C,1545,0,0,819
44,W2,SKU_D,0,0,441,605
44,W2,SKU_E,331,0,0,513
44,R1,SKU_A,621,0,0,557
44,R1,SKU_B,280,0,0,271
44,R1,SKU_C,332,0,0,413
44,R1,SKU_D,233,0,0,168
44,R1,SKU_E,184,0,0,154
44,R2,SKU_A,101,0,0,315
44,R2,SKU_B,193,0,0,248
44,R2,SKU_C,154,0,0,206
44,R2,SKU_D,359,0,0,169
44,R2,SKU_E,445,0,0,183
44,R3,SKU_A,233,0,0,713
44,R3,SKU_B,574,0,0,253
44,R3,SKU_C,374,0,0,470
44,R3,SKU_D,538,0,0,247
44,R3,SKU_E,389,0,0,283
45,Supplier,SKU_A,0,0,0,0
45,Supplier,SKU_B,0,0,0,0
45,Supplier,SKU_C,0,0,0,0
45,Supplier,SKU_D,0,0,0,0
45,Supplier,SKU_E,0,0,0,0
45,W1,SKU_A,1209,0,0,1511
45,W1,SKU_B,648,0,0,899
45,W1,SKU_C,492,0,0,978
45,W1,SKU_D,247,0,0,576
45,W1,SKU_E,0,0,202,588
45,W2,SKU_A,1897,0,0,1405
45,W2,SKU_B,1341,0,0,468
45,W2,SKU_C,1646,0,0,906
45,W2,SKU_D,0,0,315,570
45,W2,SKU_E,380,0,0,545
45,R1,SKU_A,1002,0,0,0
45,R1,SKU_B,460,0,0,0
45,R1,SKU_C,680,0,0,0
45,R1,SKU_D,326,0,0,0
45,R1,SKU_E,286,0,0,0
45,R2,SKU_A,2,0,0,315
45,R2,SKU_B,138,0,0,248
45,R2,SKU_C,115,0,0,206
45,R2,SKU_D,311,0,0,169
45,R2,SKU_E,391,0,0,183
45,R3,SKU_A,69,0,0,1380
45,R3,SKU_B,489,0,0,492
45,R3,SKU_C,227,0,0,882
45,R3,SKU_D,461,0,0,654
45,R3,SKU_E,316,0,0,554
46,Supplier,SKU_A,0,0,0,0
46,Supplier,SKU_B,0,0,0,0
46,Supplier,SKU_C,0,0,0,0
46,Supplier,SKU_D,0,0,0,0
46,Supplier,SKU_E,0,0,0,0
46,W1,SKU_A,1573,0,0,872
46,W1,SKU_B,882,0,0,519
46,W1,SKU_C,747,0,0,619
46,W1,SKU_D,363,0,0,337
46,W1,SKU_E,0,0,57,337
46,W2,SKU_A,1733,0,0,1405
46,W2,SKU_B,1256,0,0,468
46,W2,SKU_C,1499,0,0,906
46,W2,SKU_D,0,0,392,570
46,W2,SKU_E,307,0,0,545
46,R1,SKU_A,835,0,0,482
46,R1,SKU_B,381,0,0,228
46,R1,SKU_C,593,0,0,285
46,R1,SKU_D,267,0,0,184
46,R1,SKU_E,236,0,0,155
46,R2,SKU_A,217,0,0,349
46,R2,SKU_B,311,0,0,180
46,R2,SKU_C,273,0,0,251
46,R2,SKU_D,432,0,0,185
46,R2,SKU_E,538,0,0,112
46,R3,SKU_A,583,0,0,667
46,R3,SKU_B,679,0,0,239
46,R3,SKU_C,579,0,0,412
46,R3,SKU_D,626,0,0,407
46,R3,SKU_E,530,0,0,271
47,Supplier,SKU_A,0,0,0,0
47,Supplier,SKU_B,0,0,0,0
47,Supplier,SKU_C,0,0,0,0
47,Supplier,SKU_D,0,0,0,0
47,Supplier,SKU_E,0,0,0,0
47,W1,SKU_A,1306,0,0,1703
47,W1,SKU_B,728,0,0,927
47,W1,SKU_C,612,0,0,1155
47,W1,SKU_D,256,0,0,706
47,W1,SKU_E,0,0,143,661
47,W2,SKU_A,2016,0,0,1312
47,W2,SKU_B,1314,0,0,504
47,W2,SKU_C,1661,0,0,885
47,W2,SKU_D,0,0,318,579
47,W2,SKU_E,402,0,0,549
47,R1,SKU_A,653,0,0,482
47,R1,SKU_B,303,0,0,228
47,R1,SKU_C,441,0,0,285
47,R1,SKU_D,193,0,0,184
47,R1,SKU_E,187,0,0,155
47,R2,SKU_A,92,0,0,349
47,R2,SKU_B,226,0,0,180
47,R2,SKU_C,203,0,0,251
47,R2,SKU_D,380,0,0,185
47,R2,SKU_E,479,0,0,112
47,R3,SKU_A,304,0,0,667
47,R3,SKU_B,621,0,0,239
47,R3,SKU_C,415,0,0,412
47,R3,SKU_D,514,0,0,407
47,R3,SKU_E,447,0,0,271
48,Supplier,SKU_A,0,0,0,0
48,Supplier,SKU_B,0,0,0,0
48,Supplier,SKU_C,0,0,0,0
48,Supplier,SKU_D,0,0,0,0
48,Supplier,SKU_E,0,0,0,0
48,W1,SKU_A,999,0,0,1703
48,W1,SKU_B,565,0,0,927
48,W1,SKU_C,390,0,0,1155
48,W1,SKU_D,130,0,0,706
48,W1,SKU_E,0,0,251,661
48,W2,SKU_A,1737,0,0,1312
48,W2,SKU_B,1256,0,0,504
48,W2,SKU_C,1497,0,0,885
48,W2,SKU_D,0,0,430,579
48,W2,SKU_E,319,0,0,549
48,R1,SKU_A,951,0,0,0
48,R1,SKU_B,453,0,0,0
48,R1,SKU_C,554,0,0,0
48,R1,SKU_D,307,0,0,0
48,R1,SKU_E,283,0,0,0
48,R2,SKU_A,0,14,0,349
48,R2,SKU_B,136,0,0,180
48,R2,SKU_C,97,0,0,251
48,R2,SKU_D,336,0,0,185
48,R2,SKU_E,409,0,0,112
48,R3,SKU_A,48,0,0,1309
48,R3,SKU_B,564,0,0,445
48,R3,SKU_C,240,0,0,841
48,R3,SKU_D,412,0,0,563
48,R3,SKU_E,366,0,0,496
49,Supplier,SKU_A,0,0,0,0
49,Supplier,SKU_B,0,0,0,0
49,Supplier,SKU_C,0,0,0,0
49,Supplier,SKU_D,0,0,0,0
49,Supplier,SKU_E,0,0,0,0
49,W1,SKU_A,1581,0,0,831
49,W1,SKU_B,916,0,0,408
49,W1,SKU_C,731,0,0,536
49,W1,SKU_D,353,0,0,369
49,W1,SKU_E,0,0,43,324
49,W2,SKU_A,1962,0,0,1309
49,W2,SKU_B,1379,0,0,445
49,W2,SKU_C,1648,0,0,841
49,W2,SKU_D,0,0,297,538
49,W2,SKU_E,443,0,0,496
49,R1,SKU_A,771,0,0,533
49,R1,SKU_B,342,0,0,235
49,R1,SKU_C,419,0,0,411
49,R1,SKU_D,237,0,0,203
49,R1,SKU_E,227,0,0,158
49,R2,SKU_A,211,0,0,331
49,R2,SKU_B,203,0,0,250
49,R2,SKU_C,241,0,0,224
49,R2,SKU_D,488,0,0,144
49,R2,SKU_E,446,0,0,179
49,R3,SKU_A,466,0,0,642
49,R3,SKU_B,730,0,0,206
49,R3,SKU_C,466,0,0,429
49,R3,SKU_D,697,0,0,156
49,R3,SKU_E,553,0,0,225
50,Supplier,SKU_A,0,0,0,0
50,Supplier,SKU_B,0,0,0,0
50,Supplier,SKU_C,0,0,0,0
50,Supplier,SKU_D,0,0,0,0
50,Supplier,SKU_E,0,0,0,0
50,W1,SKU_A,1277,0,0,1695
50,W1,SKU_B,692,0,0,893
50,W1,SKU_C,489,0,0,1171
50,W1,SKU_D,250,0,0,716
50,W1,SKU_E,0,0,174,647
50,W2,SKU_A,1713,0,0,1309
50,W2,SKU_B,1306,0,0,445
50,W2,SKU_C,1462,0,0,841
50,W2,SKU_D,0,0,419,538
50,W2,SKU_E,359,0,0,496
50,R1,SKU_A,625,0,0,533
50,R1,SKU_B,270,0,0,235
50,R1,SKU_C,328,0,0,411
50,R1,SKU_D,190,0,0,203
50,R1,SKU_E,168,0,0,158
50,R2,SKU_A,129,0,0,331
50,R2,SKU_B,160,0,0,250
50,R2,SKU_C,207,0,0,224
50,R2,SKU_D,446,0,0,144
50,R2,SKU_E,424,0,0,179
50,R3,SKU_A,262,0,0,642
50,R3,SKU_B,645,0,0,206
50,R3,SKU_C,269,0,0,429
50,R3,SKU_D,590,0,0,156
50,R3,SKU_E,483,0,0,225
51,Supplier,SKU_A,0,0,0,0
51,Supplier,SKU_B,0,0,0,0
51,Supplier,SKU_C,0,0,0,0
51,Supplier,SKU_D,0,0,0,0
51,Supplier,SKU_E,0,0,0,0
51,W1,SKU_A,1049,0,0,1695
51,W1,SKU_B,577,0,0,893
51,W1,SKU_C,364,0,0,1171
51,W1,SKU_D,161,0,0,716
51,W1,SKU_E,0,0,255,647
51,W2,SKU_A,1951,0,0,1372
51,W2,SKU_B,1388,0,0,408
51,W2,SKU_C,1565,0,0,902
51,W2,SKU_D,0,0,347,583
51,W2,SKU_E,465,0,0,485
51,R1,SKU_A,1023,0,0,0
51,R1,SKU_B,455,0,0,0
51,R1,SKU_C,662,0,0,0
51,R1,SKU_D,345,0,0,0
51,R1,SKU_E,294,0,0,0
51,R2,SKU_A,33,0,0,331
51,R2,SKU_B,93,0,0,250
51,R2,SKU_C,170,0,0,224
51,R2,SKU_D,399,0,0,144
51,R2,SKU_E,390,0,0,179
51,R3,SKU_A,123,0,0,1351
51,R3,SKU_B,603,0,0,421
51,R3,SKU_C,205,0,0,987
51,R3,SKU_D,509,0,0,570
51,R3,SKU_E,420,0,0,460
52,Supplier,SKU_A,0,0,0,0
52,Supplier,SKU_B,0,0,0,0
52,Supplier,SKU_C,0,0,0,0
52,Supplier,SKU_D,0,0,0,0
52,Supplier,SKU_E,0,0,0,0
52,W1,SKU_A,1649,0,0,864
52,W1,SKU_B,868,0,0,485
52,W1,SKU_C,786,0,0,635
52,W1,SKU_D,435,0,0,347
52,W1,SKU_E,3,0,0,323
52,W2,SKU_A,1812,0,0,1372
52,W2,SKU_B,1346,0,0,408
52,W2,SKU_C,1501,0,0,902
52,W2,SKU_D,0,0,428,583
52,W2,SKU_E,402,0,0,485
52,R1,SKU_A,874,0,0,461
52,R1,SKU_B,398,0,0,233
52,R1,SKU_C,576,0,0,303
52,R1,SKU_D,299,0,0,165
52,R1,SKU_E,251,0,0,147
52,R2,SKU_A,265,0,0,302
52,R2,SKU_B,252,0,0,223
52,R2,SKU_C,329,0,0,178
52,R2,SKU_D,495,0,0,122
52,R2,SKU_E,527,0,0,174
52,R3,SKU_A,623,0,0,709
52,R3,SKU_B,770,0,0,215
52,R3,SKU_C,557,0,0,558
52,R3,SKU_D,614,0,0,414
52,R3,SKU_E,598,0,0,235
53,Supplier,SKU_A,0,0,0,0
53,Supplier,SKU_B,0,0,0,0
53,Supplier,SKU_C,0,0,0,0
53,Supplier,SKU_D,0,0,0,0
53,Supplier,SKU_E,0,0,0,0
53,W1,SKU_A,1401,0,0,1627
53,W1,SKU_B,720,0,0,941
53,W1,SKU_C,635,0,0,1116
53,W1,SKU_D,341,0,0,634
53,W1,SKU_E,0,0,82,601
53,W2,SKU_A,2059,0,0,983
53,W2,SKU_B,1464,0,0,251
53,W2,SKU_C,1683,0,0,643
53,W2,SKU_D,0,0,314,418
53,W2,SKU_E,523,0,0,317
53,R1,SKU_A,727,0,0,461
53,R1,SKU_B,345,0,0,233
53,R1,SKU_C,459,0,0,303
53,R1,SKU_D,241,0,0,165
53,R1,SKU_E,202,0,0,147
53,R2,SKU_A,156,0,0,302
53,R2,SKU_B,196,0,0,223
53,R2,SKU_C,272,0,0,178
53,R2,SKU_D,445,0,0,122
53,R2,SKU_E,493,0,0,174
53,R3,SKU_A,429,0,0,709
53,R3,SKU_B,704,0,0,215
53,R3,SKU_C,438,0,0,558
53,R3,SKU_D,527,0,0,414
53,R3,SKU_E,519,0,0,235
54,Supplier,SKU_A,0,0,0,0
54,Supplier,SKU_B,0,0,0,0
54,Supplier,SKU_C,0,0,0,0
54,Supplier,SKU_D,0,0,0,0
54,Supplier,SKU_E,0,0,0,0
54,W1,SKU_A,1145,0,0,1627
54,W1,SKU_B,611,0,0,941
54,W1,SKU_C,461,0,0,1116
54,W1,SKU_D,233,0,0,634
54,W1,SKU_E,0,0,165,601
54,W2,SKU_A,1865,0,0,1468
54,W2,SKU_B,1398,0,0,417
54,W2,SKU_C,1564,0,0,981
54,W2,SKU_D,0,0,401,657
54,W2,SKU_E,444,0,0,497
54,R1,SKU_A,1041,0,0,0
54,R1,SKU_B,499,0,0,0
54,R1,SKU_C,623,0,0,0
54,R1,SKU_D,339,0,0,0
54,R1,SKU_E,301,0,0,0
54,R2,SKU_A,73,0,0,302
54,R2,SKU_B,114,0,0,223
54,R2,SKU_C,209,0,0,178
54,R2,SKU_D,405,0,0,122
54,R2,SKU_E,450,0,0,174
54,R3,SKU_A,212,0,0,1184
54,R3,SKU_B,632,0,0,362
54,R3,SKU_C,288,0,0,818
54,R3,SKU_D,405,0,0,579
54,R3,SKU_E,434,0,0,424
55,Supplier,SKU_A,0,0,0,0
55,Supplier,SKU_B,0,0,0,0
55,Supplier,SKU_C,0,0,0,0
55,Supplier,SKU_D,0,0,0,0
55,Supplier,SKU_E,0,0,0,0
55,W1,SKU_A,1779,0,0,763
55,W1,SKU_B,935,0,0,456
55,W1,SKU_C,894,0,0,481
55,W1,SKU_D,473,0,0,287
55,W1,SKU_E,67,0,0,278
55,W2,SKU_A,2126,0,0,990
55,W2,SKU_B,1447,0,0,296
55,W2,SKU_C,1696,0,0,699
55,W2,SKU_D,0,0,329,463
55,W2,SKU_E,511,0,0,345
55,R1,SKU_A,848,0,0,443
55,R1,SKU_B,410,0,0,189
55,R1,SKU_C,421,0,0,342
55,R1,SKU_D,259,0,0,171
55,R1,SKU_E,249,0,0,140
55,R2,SKU_A,249,0,0,291
55,R2,SKU_B,232,0,0,229
55,R2,SKU_C,304,0,0,185
55,R2,SKU_D,480,0,0,138
55,R2,SKU_E,571,0,0,119
55,R3,SKU_A,635,0,0,475
55,R3,SKU_B,750,0,0,147
55,R3,SKU_C,607,0,0,260
55,R3,SKU_D,697,0,0,165
55,R3,SKU_E,556,0,0,189
56,Supplier,SKU_A,0,0,0,0
56,Supplier,SKU_B,0,0,0,0
56,Supplier,SKU_C,0,0,0,0
56,Supplier,SKU_D,0,0,0,0
56,Supplier,SKU_E,0,0,0,0
56,W1,SKU_A,1460,0,0,1497
56,W1,SKU_B,741,0,0,874
56,W1,SKU_C,609,0,0,1008
56,W1,SKU_D,346,0,0,596
56,W1,SKU_E,0,0,38,537
56,W2,SKU_A,1840,0,0,1401
56,W2,SKU_B,1350,0,0,434
56,W2,SKU_C,1457,0,0,968
56,W2,SKU_D,0,0,451,672
56,W2,SKU_E,398,0,0,509
56,R1,SKU_A,645,0,0,443
56,R1,SKU_B,306,0,0,189
56,R1,SKU_C,280,0,0,342
56,R1,SKU_D,194,0,0,171
56,R1,SKU_E,182,0,0,140
56,R2,SKU_A,136,0,0,291
56,R2,SKU_B,167,0,0,229
56,R2,SKU_C,239,0,0,185
56,R2,SKU_D,419,0,0,138
56,R2,SKU_E,523,0,0,119
56,R3,SKU_A,359,0,0,475
56,R3,SKU_B,690,0,0,147
56,R3,SKU_C,395,0,0,260
56,R3,SKU_D,580,0,0,165
56,R3,SKU_E,483,0,0,189
57,Supplier,SKU_A,0,0,0,0
57,Supplier,SKU_B,0,0,0,0
57,Supplier,SKU_C,0,0,0,0
57,Supplier,SKU_D,0,0,0,0
57,Supplier,SKU_E,0,0,0,0
57,W1,SKU_A,1144,0,0,1497
57,W1,SKU_B,572,0,0,874
57,W1,SKU_C,403,0,0,1008
57,W1,SKU_D,220,0,0,596
57,W1,SKU_E,0,0,153,537
57,W2,SKU_A,2069,0,0,896
57,W2,SKU_B,1420,0,0,304
57,W2,SKU_C,1606,0,0,607
57,W2,SKU_D,0,0,344,448
57,W2,SKU_E,490,0,0,344
57,R1,SKU_A,969,0,0,0
57,R1,SKU_B,443,0,0,0
57,R1,SKU_C,531,0,0,0
57,R1,SKU_D,324,0,0,0
57,R1,SKU_E,284,0,0,0
57,R2,SKU_A,33,0,0,291
57,R2,SKU_B,121,0,0,229
57,R2,SKU_C,196,0,0,185
57,R2,SKU_D,380,0,0,138
57,R2,SKU_E,492,0,0,119
57,R3,SKU_A,204,0,0,1254
57,R3,SKU_B,647,0,0,376
57,R3,SKU_C,266,0,0,861
57,R3,SKU_D,527,0,0,583
57,R3,SKU_E,404,0,0,460
58,Supplier,SKU_A,0,0,0,0
58,Supplier,SKU_B,0,0,0,0
58,Supplier,SKU_C,0,0,0,0
58,Supplier,SKU_D,0,0,0,0
58,Supplier,SKU_E,0,0,0,0
58,W1,SKU_A,1685,0,0,734
58,W1,SKU_B,930,0,0,418
58,W1,SKU_C,750,0,0,527
58,W1,SKU_D,427,0,0,309
58,W1,SKU_E,56,0,0,259
58,W2,SKU_A,1914,0,0,1458
58,W2,SKU_B,1377,0,0,461
58,W2,SKU_C,1477,0,0,1058
58,W2,SKU_D,0,0,397,687
58,W2,SKU_E,411,0,0,530
58,R1,SKU_A,827,0,0,515
58,R1,SKU_B,370,0,0,245
58,R1,SKU_C,452,0,0,434
58,R1,SKU_D,279,0,0,186
58,R1,SKU_E,249,0,0,157
58,R2,SKU_A,231,0,0,342
58,R2,SKU_B,305,0,0,216
58,R2,SKU_C,341,0,0,191
58,R2,SKU_D,479,0,0,147
58,R2,SKU_E,576,0,0,132
58,R3,SKU_A,506,0,0,779
58,R3,SKU_B,760,0,0,229
58,R3,SKU_C,401,0,0,601
58,R3,SKU_D,612,0,0,418
58,R3,SKU_E,521,0,0,271
59,Supplier,SKU_A,0,0,0,0
59,Supplier,SKU_B,0,0,0,0
59,Supplier,SKU_C,0,0,0,0
59,Supplier,SKU_D,0,0,0,0
59,Supplier,SKU_E,0,0,0,0
59,W1,SKU_A,1450,0,0,1591
59,W1,SKU_B,812,0,0,879
59,W1,SKU_C,631,0,0,1152
59,W1,SKU_D,343,0,0,642
59,W1,SKU_E,0,0,14,548
59,W2,SKU_A,1741,0,0,1458
59,W2,SKU_B,1343,0,0,461
59,W2,SKU_C,1352,0,0,1058
59,W2,SKU_D,0,0,477,687
59,W2,SKU_E,339,0,0,530
59,R1,SKU_A,687,0,0,515
59,R1,SKU_B,291,0,0,245
59,R1,SKU_C,338,0,0,434
59,R1,SKU_D,232,0,0,186
59,R1,SKU_E,213,0,0,157
59,R2,SKU_A,137,0,0,342
59,R2,SKU_B,242,0,0,216
59,R2,SKU_C,280,0,0,191
59,R2,SKU_D,437,0,0,147
59,R2,SKU_E,545,0,0,132
59,R3,SKU_A,355,0,0,779
59,R3,SKU_B,722,0,0,229
59,R3,SKU_C,256,0,0,601
59,R3,SKU_D,521,0,0,418
59,R3,SKU_E,468,0,0,271
60,Supplier,SKU_A,0,0,0,0
60,Supplier,SKU_B,0,0,0,0
60,Supplier,SKU_C,0,0,0,0
60,Supplier,SKU_D,0,0,0,0
60,Supplier,SKU_E,0,0,0,0
60,W1,SKU_A,1216,0,0,1591
60,W1,SKU_B,670,0,0,879
60,W1,SKU_C,456,0,0,1152
60,W1,SKU_D,254,0,0,642
60,W1,SKU_E,0,0,81,548
60,W2,SKU_A,2075,0,0,973
60,W2,SKU_B,1471,0,0,295
60,W2,SKU_C,1545,0,0,720
60,W2,SKU_D,0,0,329,448
60,W2,SKU_E,466,0,0,350
60,R1,SKU_A,1034,0,0,0
60,R1,SKU_B,474,0,0,0
60,R1,SKU_C,666,0,0,0
60,R1,SKU_D,362,0,0,0
60,R1,SKU_E,340,0,0,0
60,R2,SKU_A,15,0,0,342
60,R2,SKU_B,171,0,0,216
60,R2,SKU_C,205,0,0,191
60,R2,SKU_D,391,0,0,147
60,R2,SKU_E,508,0,0,132
60,R3,SKU_A,186,0,0,1258
60,R3,SKU_B,660,0,0,344
60,R3,SKU_C,137,0,0,1000
60,R3,SKU_D,424,0,0,657
60,R3,SKU_E,413,0,0,475
61,Supplier,SKU_A,0,0,0,0
61,Supplier,SKU_B,0,0,0,0
61,Supplier,SKU_C,0,0,0,0
61,Supplier,SKU_D,0,0,0,0
61,Supplier,SKU_E,0,0,0,0
61,W1,SKU_A,1660,0,0,857
61,W1,SKU_B,955,0,0,461
61,W1,SKU_C,802,0,0,625
61,W1,SKU_D,461,0,0,333
61,W1,SKU_E,111,0,0,289
61,W2,SKU_A,1906,0,0,1452
61,W2,SKU_B,1409,0,0,410
61,W2,SKU_C,1426,0,0,1119
61,W2,SKU_D,0,0,426,672
61,W2,SKU_E,411,0,0,554
61,R1,SKU_A,877,0,0,450
61,R1,SKU_B,407,0,0,214
61,R1,SKU_C,515,0,0,299
61,R1,SKU_D,302,0,0,148
61,R1,SKU_E,299,0,0,101
61,R2,SKU_A,234,0,0,309
61,R2,SKU_B,322,0,0,179
61,R2,SKU_C,325,0,0,176
61,R2,SKU_D,487,0,0,127
61,R2,SKU_E,599,0,0,103
61,R3,SKU_A,767,0,0,479
61,R3,SKU_B,850,0,0,115
61,R3,SKU_C,594,0,0,399
61,R3,SKU_D,768,0,0,239
61,R3,SKU_E,616,0,0,204
62,Supplier,SKU_A,0,0,0,0
62,Supplier,SKU_B,0,0,0,0
62,Supplier,SKU_C,0,0,0,0
62,Supplier,SKU_D,0,0,0,0
62,Supplier,SKU_E,0,0,0,0
62,W1,SKU_A,1380,0,0,1616
62,W1,SKU_B,823,0,0,854
62,W1,SKU_C,580,0,0,1100
62,W1,SKU_D,350,0,0,608
62,W1,SKU_E,29,0,0,493
62,W2,SKU_A,2119,0,0,1041
62,W2,SKU_B,1508,0,0,272
62,W2,SKU_C,1551,0,0,850
62,W2,SKU_D,0,0,291,463
62,W2,SKU_E,507,0,0,390
62,R1,SKU_A,687,0,0,450
62,R1,SKU_B,314,0,0,214
62,R1,SKU_C,356,0,0,299
62,R1,SKU_D,228,0,0,148
62,R1,SKU_E,252,0,0,101
62,R2,SKU_A,96,0,0,309
62,R2,SKU_B,246,0,0,179
62,R2,SKU_C,251,0,0,176
62,R2,SKU_D,455,0,0,127
62,R2,SKU_E,553,0,0,103
62,R3,SKU_A,498,0,0,479
62,R3,SKU_B,770,0,0,115
62,R3,SKU_C,420,0,0,399
62,R3,SKU_D,656,0,0,239
62,R3,SKU_E,532,0,0,204
63,Supplier,SKU_A,0,0,0,0
63,Supplier,SKU_B,0,0,0,0
63,Supplier,SKU_C,0,0,0,0
63,Supplier,SKU_D,0,0,0,0
63,Supplier,SKU_E,0,0,0,0
63,W1,SKU_A,1052,0,0,1616
63,W1,SKU_B,654,0,0,854
63,W1,SKU_C,347,0,0,1100
63,W1,SKU_D,244,0,0,608
63,W1,SKU_E,0,0,64,493
63,W2,SKU_A,1850,0,0,1041
63,W2,SKU_B,1428,0,0,272
63,W2,SKU_C,1377,0,0,850
63,W2,SKU_D,0,0,403,463
63,W2,SKU_E,423,0,0,390
63,R1,SKU_A,947,0,0,0
63,R1,SKU_B,417,0,0,0
63,R1,SKU_C,498,0,0,0
63,R1,SKU_D,311,0,0,0
63,R1,SKU_E,304,0,0,0
63,R2,SKU_A,0,22,0,309
63,R2,SKU_B,184,0,0,179
63,R2,SKU_C,164,0,0,176
63,R2,SKU_D,414,0,0,127
63,R2,SKU_E,508,0,0,103
63,R3,SKU_A,247,0,0,1115
63,R3,SKU_B,704,0,0,296
63,R3,SKU_C,300,0,0,836
63,R3,SKU_D,543,0,0,448
63,R3,SKU_E,462,0,0,411
64,Supplier,SKU_A,0,0,0,0
64,Supplier,SKU_B,0,0,0,0
64,Supplier,SKU_C,0,0,0,0
64,Supplier,SKU_D,0,0,0,0
64,Supplier,SKU_E,0,0,0,0
64,W1,SKU_A,1601,0,0,759
64,W1,SKU_B,942,0,0,393
64,W1,SKU_C,728,0,0,475
64,W1,SKU_D,471,0,0,275
64,W1,SKU_E,131,0,0,204
64,W2,SKU_A,2161,0,0,1115
64,W2,SKU_B,1519,0,0,296
64,W2,SKU_C,1708,0,0,836
64,W2,SKU_D,0,0,277,507
64,W2,SKU_E,539,0,0,411
64,R1,SKU_A,823,0,0,537
64,R1,SKU_B,353,0,0,271
64,R1,SKU_C,410,0,0,467
64,R1,SKU_D,240,0,0,199
64,R1,SKU_E,263,0,0,137
64,R2,SKU_A,197,0,0,379
64,R2,SKU_B,303,0,0,203
64,R2,SKU_C,288,0,0,232
64,R2,SKU_D,498,0,0,124
64,R2,SKU_E,577,0,0,132
64,R3,SKU_A,543,0,0,636
64,R3,SKU_B,763,0,0,181
64,R3,SKU_C,600,0,0,437
64,R3,SKU_D,707,0,0,209
64,R3,SKU_E,618,0,0,207
65,Supplier,SKU_A,0,0,0,0
65,Supplier,SKU_B,0,0,0,0
65,Supplier,SKU_C,0,0,0,0
65,Supplier,SKU_D,0,0,0,0
65,Supplier,SKU_E,0,0,0,0
65,W1,SKU_A,1387,0,0,1675
65,W1,SKU_B,818,0,0,867
65,W1,SKU_C,588,0,0,1174
65,W1,SKU_D,357,0,0,598
65,W1,SKU_E,56,0,0,473
65,W2,SKU_A,1978,0,0,1115
65,W2,SKU_B,1463,0,0,296
65,W2,SKU_C,1609,0,0,836
65,W2,SKU_D,0,0,352,507
65,W2,SKU_E,491,0,0,411
65,R1,SKU_A,675,0,0,537
65,R1,SKU_B,276,0,0,271
65,R1,SKU_C,340,0,0,467
65,R1,SKU_D,198,0,0,199
65,R1,SKU_E,231,0,0,137
65,R2,SKU_A,97,0,0,379
65,R2,SKU_B,228,0,0,203
65,R2,SKU_C,210,0,0,232
65,R2,SKU_D,442,0,0,124
65,R2,SKU_E,542,0,0,132
65,R3,SKU_A,398,0,0,636
65,R3,SKU_B,733,0,0,181
65,R3,SKU_C,515,0,0,437
65,R3,SKU_D,615,0,0,209
65,R3,SKU_E,574,0,0,207
66,Supplier,SKU_A,0,0,0,0
66,Supplier,SKU_B,0,0,0,0
66,Supplier,SKU_C,0,0,0,0
66,Supplier,SKU_D,0,0,0,0
66,Supplier,SKU_E,0,0,0,0
66,W1,SKU_A,1139,0,0,1675
66,W1,SKU_B,666,0,0,867
66,W1,SKU_C,440,0,0,1174
66,W1,SKU_D,259,0,0,598
66,W1,SKU_E,0,0,11,473
66,W2,SKU_A,1833,0,0,1115
66,W2,SKU_B,1433,0,0,296
66,W2,SKU_C,1524,0,0,836
66,W2,SKU_D,0,0,444,507
66,W2,SKU_E,447,0,0,411
66,R1,SKU_A,1076,0,0,0
66,R1,SKU_B,458,0,0,0
66,R1,SKU_C,704,0,0,0
66,R1,SKU_D,357,0,0,0
66,R1,SKU_E,311,0,0,0
66,R2,SKU_A,1,0,0,379
66,R2,SKU_B,150,0,0,203
66,R2,SKU_C,143,0,0,232
66,R2,SKU_D,390,0,0,124
66,R2,SKU_E,496,0,0,132
66,R3,SKU_A,239,0,0,1215
66,R3,SKU_B,694,0,0,333
66,R3,SKU_C,426,0,0,741
66,R3,SKU_D,538,0,0,448
66,R3,SKU_E,487,0,0,369
67,Supplier,SKU_A,0,0,0,0
67,Supplier,SKU_B,0,0,0,0
67,Supplier,SKU_C,0,0,0,0
67,Supplier,SKU_D,0,0,0,0
67,Supplier,SKU_E,0,0,0,0
67,W1,SKU_A,1666,0,0,916
67,W1,SKU_B,892,0,0,474
67,W1,SKU_C,745,0,0,699
67,W1,SKU_D,442,0,0,323
67,W1,SKU_E,90,0,0,269
67,W2,SKU_A,2153,0,0,1215
67,W2,SKU_B,1509,0,0,333
67,W2,SKU_C,1834,0,0,741
67,W2,SKU_D,0,0,297,563
67,W2,SKU_E,564,0,0,369
67,R1,SKU_A,916,0,0,408
67,R1,SKU_B,377,0,0,230
67,R1,SKU_C,606,0,0,261
67,R1,SKU_D,301,0,0,153
67,R1,SKU_E,267,0,0,130
67,R2,SKU_A,253,0,0,286
67,R2,SKU_B,294,0,0,213
67,R2,SKU_C,316,0,0,197
67,R2,SKU_D,457,0,0,151
67,R2,SKU_E,565,0,0,115
67,R3,SKU_A,654,0,0,579
67,R3,SKU_B,812,0,0,152
67,R3,SKU_C,700,0,0,304
67,R3,SKU_D,642,0,0,239
67,R3,SKU_E,603,0,0,162
68,Supplier,SKU_A,0,0,0,0
68,Supplier,SKU_B,0,0,0,0
68,Supplier,SKU_C,0,0,0,0
68,Supplier,SKU_D,0,0,0,0
68,Supplier,SKU_E,0,0,0,0
68,W1,SKU_A,1379,0,0,1610
68,W1,SKU_B,752,0,0,917
68,W1,SKU_C,588,0,0,1157
68,W1,SKU_D,329,0,0,627
68,W1,SKU_E,0,0,17,514
68,W2,SKU_A,1932,0,0,1215
68,W2,SKU_B,1446,0,0,333
68,W2,SKU_C,1671,0,0,741
68,W2,SKU_D,0,0,402,563
68,W2,SKU_E,473,0,0,369
68,R1,SKU_A,694,0,0,408
68,R1,SKU_B,272,0,0,230
68,R1,SKU_C,422,0,0,261
68,R1,SKU_D,205,0,0,153
68,R1,SKU_E,194,0,0,130
68,R2,SKU_A,86,0,0,286
68,R2,SKU_B,188,0,0,213
68,R2,SKU_C,213,0,0,197
68,R2,SKU_D,386,0,0,151
68,R2,SKU_E,498,0,0,115
68,R3,SKU_A,335,0,0,579
68,R3,SKU_B,736,0,0,152
68,R3,SKU_C,474,0,0,304
68,R3,SKU_D,482,0,0,239
68,R3,SKU_E,497,0,0,162
69,Supplier,SKU_A,0,0,0,0
69,Supplier,SKU_B,0,0,0,0
69,Supplier,SKU_C,0,0,0,0
69,Supplier,SKU_D,0,0,0,0
69,Supplier,SKU_E,0,0,0,0
69,W1,SKU_A,990,0,0,1610
69,W1,SKU_B,541,0,0,917
69,W1,SKU_C,301,0,0,1157
69,W1,SKU_D,162,0,0,627
69,W1,SKU_E,0,0,157,514
69,W2,SKU_A,1613,0,0,1215
69,W2,SKU_B,1370,0,0,333
69,W2,SKU_C,1445,0,0,741
69,W2,SKU_D,0,0,562,563
69,W2,SKU_E,367,0,0,369
69,R1,SKU_A,928,0,0,0
69,R1,SKU_B,410,0,0,0
69,R1,SKU_C,537,0,0,0
69,R1,SKU_D,284,0,0,0
69,R1,SKU_E,286,0,0,0
69,R2,SKU_A,0,36,0,286
69,R2,SKU_B,102,0,0,213
69,R2,SKU_C,145,0,0,197
69,R2,SKU_D,318,0,0,151
69,R2,SKU_E,453,0,0,115
69,R3,SKU_A,58,0,0,1278
69,R3,SKU_B,667,0,0,330
69,R3,SKU_C,250,0,0,782
69,R3,SKU_D,357,0,0,463
69,R3,SKU_E,402,0,0,446
70,Supplier,SKU_A,0,0,0,0
70,Supplier,SKU_B,0,0,0,0
70,Supplier,SKU_C,0,0,0,0
70,Supplier,SKU_D,0,0,0,0
70,Supplier,SKU_E,0,0,0,0
70,W1,SKU_A,1610,0,0,694
70,W1,SKU_B,837,0,0,443
70,W1,SKU_C,786,0,0,458
70,W1,SKU_D,343,0,0,304
70,W1,SKU_E,29,0,0,245
70,W2,SKU_A,1972,0,0,1278
70,W2,SKU_B,1482,0,0,330
70,W2,SKU_C,1658,0,0,782
70,W2,SKU_D,0,0,404,622
70,W2,SKU_E,479,0,0,446
70,R1,SKU_A,747,0,0,556
70,R1,SKU_B,297,0,0,278
70,R1,SKU_C,393,0,0,428
70,R1,SKU_D,211,0,0,226
70,R1,SKU_E,245,0,0,155
70,R2,SKU_A,133,0,0,416
70,R2,SKU_B,242,0,0,251
70,R2,SKU_C,253,0,0,230
70,R2,SKU_D,430,0,0,196
70,R2,SKU_E,513,0,0,175
70,R3,SKU_A,350,0,0,699
70,R3,SKU_B,765,0,0,178
70,R3,SKU_C,349,0,0,478
70,R3,SKU_D,476,0,0,224
70,R3,SKU_E,479,0,0,284
71,Supplier,SKU_A,0,0,0,0
71,Supplier,SKU_B,0,0,0,0
71,Supplier,SKU_C,0,0,0,0
71,Supplier,SKU_D,0,0,0,0
71,Supplier,SKU_E,0,0,0,0
71,W1,SKU_A,1312,0,0,1666
71,W1,SKU_B,651,0,0,972
71,W1,SKU_C,553,0,0,1116
71,W1,SKU_D,231,0,0,726
71,W1,SKU_E,0,0,67,575
71,W2,SKU_A,1685,0,0,1278
71,W2,SKU_B,1428,0,0,330
71,W2,SKU_C,1453,0,0,782
71,W2,SKU_D,0,0,524,622
71,W2,SKU_E,394,0,0,446
71,R1,SKU_A,583,0,0,556
71,R1,SKU_B,215,0,0,278
71,R1,SKU_C,292,0,0,428
71,R1,SKU_D,148,0,0,226
71,R1,SKU_E,207,0,0,155
71,R2,SKU_A,32,0,0,416
71,R2,SKU_B,181,0,0,251
71,R2,SKU_C,188,0,0,230
71,R2,SKU_D,385,0,0,196
71,R2,SKU_E,447,0,0,175
71,R3,SKU_A,116,0,0,699
71,R3,SKU_B,701,0,0,178
71,R3,SKU_C,184,0,0,478
71,R3,SKU_D,381,0,0,224
71,R3,SKU_E,400,0,0,284
72,Supplier,SKU_A,0,0,0,0
72,Supplier,SKU_B,0,0,0,0
72,Supplier,SKU_C,0,0,0,0
72,Supplier,SKU_D,0,0,0,0
72,Supplier,SKU_E,0,0,0,0
72,W1,SKU_A,1047,0,0,1666
72,W1,SKU_B,508,0,0,972
72,W1,SKU_C,387,0,0,1116
72,W1,SKU_D,123,0,0,726
72,W1,SKU_E,0,0,171,575
72,W2,SKU_A,1451,0,0,1842
72,W2,SKU_B,1364,0,0,453
72,W2,SKU_C,1288,0,0,1211
72,W2,SKU_D,0,0,619,867
72,W2,SKU_E,315,0,0,626
72,R1,SKU_A,980,0,0,0
72,R1,SKU_B,420,0,0,0
72,R1,SKU_C,609,0,0,0
72,R1,SKU_D,318,0,0,0
72,R1,SKU_E,307,0,0,0
72,R2,SKU_A,0,77,0,416
72,R2,SKU_B,113,0,0,251
72,R2,SKU_C,143,0,0,230
72,R2,SKU_D,349,0,0,196
72,R2,SKU_E,377,0,0,175
72,R3,SKU_A,0,70,0,1497
72,R3,SKU_B,649,0,0,365
72,R3,SKU_C,86,0,0,1072
72,R3,SKU_D,280,0,0,507
72,R3,SKU_E,325,0,0,543
73,Supplier,SKU_A,0,0,0,0
73,Supplier,SKU_B,0,0,0,0
73,Supplier,SKU_C,0,0,0,0
73,Supplier,SKU_D,0,0,0,0
73,Supplier,SKU_E,0,0,0,0
73,W1,SKU_A,1473,0,0,972
73,W1,SKU_B,810,0,0,529
73,W1,SKU_C,689,0,0,658
73,W1,SKU_D,335,0,0,422
73,W1,SKU_E,0,0,51,330
73,W2,SKU_A,1844,0,0,1263
73,W2,SKU_B,1464,0,0,301
73,W2,SKU_C,1494,0,0,907
73,W2,SKU_D,0,0,440,587
73,W2,SKU_E,402,0,0,464
73,R1,SKU_A,850,0,0,504
73,R1,SKU_B,367,0,0,268
73,R1,SKU_C,503,0,0,356
73,R1,SKU_D,266,0,0,192
73,R1,SKU_E,262,0,0,134
73,R2,SKU_A,241,0,0,327
73,R2,SKU_B,308,0,0,202
73,R2,SKU_C,340,0,0,199
73,R2,SKU_D,497,0,0,120
73,R2,SKU_E,522,0,0,140
73,R3,SKU_A,467,0,0,798
73,R3,SKU_B,777,0,0,187
73,R3,SKU_C,466,0,0,594
73,R3,SKU_D,404,0,0,283
73,R3,SKU_E,545,0,0,259
74,Supplier,SKU_A,0,0,0,0
74,Supplier,SKU_B,0,0,0,0
74,Supplier,SKU_C,0,0,0,0
74,Supplier,SKU_D,0,0,0,0
74,Supplier,SKU_E,0,0,0,0
74,W1,SKU_A,1245,0,0,1803
74,W1,SKU_B,701,0,0,999
74,W1,SKU_C,550,0,0,1213
74,W1,SKU_D,235,0,0,734
74,W1,SKU_E,0,0,126,655
74,W2,SKU_A,1682,0,0,1263
74,W2,SKU_B,1414,0,0,301
74,W2,SKU_C,1396,0,0,907
74,W2,SKU_D,0,0,540,587
74,W2,SKU_E,338,0,0,464
74,R1,SKU_A,705,0,0,504
74,R1,SKU_B,280,0,0,268
74,R1,SKU_C,386,0,0,356
74,R1,SKU_D,216,0,0,192
74,R1,SKU_E,227,0,0,134
74,R2,SKU_A,144,0,0,327
74,R2,SKU_B,257,0,0,202
74,R2,SKU_C,302,0,0,199
74,R2,SKU_D,437,0,0,120
74,R2,SKU_E,473,0,0,140
74,R3,SKU_A,234,0,0,798
74,R3,SKU_B,691,0,0,187
74,R3,SKU_C,329,0,0,594
74,R3,SKU_D,306,0,0,283
74,R3,SKU_E,458,0,0,259
75,Supplier,SKU_A,0,0,0,0
75,Supplier,SKU_B,0,0,0,0
75,Supplier,SKU_C,0,0,0,0
75,Supplier,SKU_D,0,0,0,0
75,Supplier,SKU_E,0,0,0,0
75,W1,SKU_A,1003,0,0,1803
75,W1,SKU_B,563,0,0,999
75,W1,SKU_C,395,0,0,1213
75,W1,SKU_D,125,0,0,734
75,W1,SKU_E,0,0,210,655
75,W2,SKU_A,1449,0,0,1845
75,W2,SKU_B,1328,0,0,467
75,W2,SKU_C,1259,0,0,1268
75,W2,SKU_D,0,0,638,883
75,W2,SKU_E,251,0,0,682
75,R1,SKU_A,1023,0,0,0
75,R1,SKU_B,457,0,0,0
75,R1,SKU_C,633,0,0,0
75,R1,SKU_D,349,0,0,0
75,R1,SKU_E,306,0,0,0
75,R2,SKU_A,35,0,0,327
75,R2,SKU_B,198,0,0,202
75,R2,SKU_C,259,0,0,199
75,R2,SKU_D,380,0,0,120
75,R2,SKU_E,428,0,0,140
75,R3,SKU_A,0,27,0,1379
75,R3,SKU_B,611,0,0,375
75,R3,SKU_C,195,0,0,927
75,R3,SKU_D,186,0,0,563
75,R3,SKU_E,368,0,0,485
76,Supplier,SKU_A,0,0,0,0
76,Supplier,SKU_B,0,0,0,0
76,Supplier,SKU_C,0,0,0,0
76,Supplier,SKU_D,0,0,0,0
76,Supplier,SKU_E,0,0,0,0
76,W1,SKU_A,1680,0,0,831
76,W1,SKU_B,942,0,0,470
76,W1,SKU_C,901,0,0,555
76,W1,SKU_D,431,0,0,312
76,W1,SKU_E,20,0,0,325
76,W2,SKU_A,1887,0,0,1146
76,W2,SKU_B,1426,0,0,289
76,W2,SKU_C,1603,0,0,790
76,W2,SKU_D,0,0,416,541
76,W2,SKU_E,445,0,0,398
76,R1,SKU_A,806,0,0,461
76,R1,SKU_B,344,0,0,231
76,R1,SKU_C,460,0,0,332
76,R1,SKU_D,258,0,0,161
76,R1,SKU_E,249,0,0,135
76,R2,SKU_A,237,0,0,304
76,R2,SKU_B,300,0,0,166
76,R2,SKU_C,366,0,0,114
76,R2,SKU_D,443,0,0,165
76,R2,SKU_E,519,0,0,175
76,R3,SKU_A,490,0,0,581
76,R3,SKU_B,712,0,0,188
76,R3,SKU_C,600,0,0,333
76,R3,SKU_D,359,0,0,280
76,R3,SKU_E,544,0,0,226
77,Supplier,SKU_A,0,0,0,0
77,Supplier,SKU_B,0,0,0,0
77,Supplier,SKU_C,0,0,0,0
77,Supplier,SKU_D,0,0,0,0
77,Supplier,SKU_E,0,0,0,0
77,W1,SKU_A,1338,0,0,1596
77,W1,SKU_B,729,0,0,867
77,W1,SKU_C,636,0,0,1001
77,W1,SKU_D,283,0,0,638
77,W1,SKU_E,0,0,86,584
77,W2,SKU_A,1606,0,0,1640
77,W2,SKU_B,1340,0,0,455
77,W2,SKU_C,1414,0,0,1061
77,W2,SKU_D,0,0,526,759
77,W2,SKU_E,362,0,0,575
77,R1,SKU_A,572,0,0,461
77,R1,SKU_B,230,0,0,231
77,R1,SKU_C,289,0,0,332
77,R1,SKU_D,165,0,0,161
77,R1,SKU_E,194,0,0,135
77,R2,SKU_A,82,0,0,304
77,R2,SKU_B,217,0,0,166
77,R2,SKU_C,291,0,0,114
77,R2,SKU_D,397,0,0,165
77,R2,SKU_E,457,0,0,175
77,R3,SKU_A,189,0,0,1123
77,R3,SKU_B,604,0,0,354
77,R3,SKU_C,469,0,0,656
77,R3,SKU_D,261,0,0,622
77,R3,SKU_E,432,0,0,399
78,Supplier,SKU_A,0,0,0,0
78,Supplier,SKU_B,0,0,0,0
78,Supplier,SKU_C,0,0,0,0
78,Supplier,SKU_D,0,0,0,0
78,Supplier,SKU_E,0,0,0,0
78,W1,SKU_A,949,0,0,1596
78,W1,SKU_B,532,0,0,867
78,W1,SKU_C,390,0,0,1001
78,W1,SKU_D,144,0,0,638
78,W1,SKU_E,0,0,203,584
78,W2,SKU_A,1869,0,0,1076
78,W2,SKU_B,1355,0,0,332
78,W2,SKU_C,1712,0,0,632
78,W2,SKU_D,0,0,379,514
78,W2,SKU_E,430,0,0,395
78,R1,SKU_A,892,0,0,0
78,R1,SKU_B,395,0,0,0
78,R1,SKU_C,511,0,0,0
78,R1,SKU_D,270,0,0,0
78,R1,SKU_E,291,0,0,0
78,R2,SKU_A,0,29,0,304
78,R2,SKU_B,144,0,0,166
78,R2,SKU_C,238,0,0,114
78,R2,SKU_D,361,0,0,165
78,R2,SKU_E,399,0,0,175
78,R3,SKU_A,0,36,0,1123
78,R3,SKU_B,511,0,0,354
78,R3,SKU_C,332,0,0,656
78,R3,SKU_D,171,0,0,622
78,R3,SKU_E,348,0,0,399
79,Supplier,SKU_A,0,0,0,0
79,Supplier,SKU_B,0,0,0,0
79,Supplier,SKU_C,0,0,0,0
79,Supplier,SKU_D,0,0,0,0
79,Supplier,SKU_E,0,0,0,0
79,W1,SKU_A,1528,0,0,765
79,W1,SKU_B,863,0,0,397
79,W1,SKU_C,782,0,0,446
79,W1,SKU_D,364,0,0,326
79,W1,SKU_E,26,0,0,259
79,W2,SKU_A,1644,0,0,1658
79,W2,SKU_B,1262,0,0,526
79,W2,SKU_C,1575,0,0,952
79,W2,SKU_D,0,0,469,722
79,W2,SKU_E,346,0,0,590
79,R1,SKU_A,737,0,0,592
79,R1,SKU_B,334,0,0,293
79,R1,SKU_C,387,0,0,454
79,R1,SKU_D,212,0,0,240
79,R1,SKU_E,250,0,0,150
79,R2,SKU_A,165,0,0,391
79,R2,SKU_B,254,0,0,256
79,R2,SKU_C,301,0,0,220
79,R2,SKU_D,495,0,0,139
79,R2,SKU_E,530,0,0,169
79,R3,SKU_A,329,0,0,542
79,R3,SKU_B,632,0,0,166
79,R3,SKU_C,553,0,0,323
79,R3,SKU_D,352,0,0,342
79,R3,SKU_E,495,0,0,173
80,Supplier,SKU_A,0,0,0,0
80,Supplier,SKU_B,0,0,0,0
80,Supplier,SKU_C,0,0,0,0
80,Supplier,SKU_D,0,0,0,0
80,Supplier,SKU_E,0,0,0,0
80,W1,SKU_A,1263,0,0,1748
80,W1,SKU_B,746,0,0,946
80,W1,SKU_C,607,0,0,1120
80,W1,SKU_D,275,0,0,705
80,W1,SKU_E,0,0,59,578
80,W2,SKU_A,1428,0,0,1658
80,W2,SKU_B,1195,0,0,526
80,W2,SKU_C,1463,0,0,952
80,W2,SKU_D,0,0,568,722
80,W2,SKU_E,267,0,0,590
80,R1,SKU_A,601,0,0,592
80,R1,SKU_B,271,0,0,293
80,R1,SKU_C,255,0,0,454
80,R1,SKU_D,132,0,0,240
80,R1,SKU_E,203,0,0,150
80,R2,SKU_A,50,0,0,391
80,R2,SKU_B,170,0,0,256
80,R2,SKU_C,252,0,0,220
80,R2,SKU_D,450,0,0,139
80,R2,SKU_E,471,0,0,169
80,R3,SKU_A,142,0,0,1284
80,R3,SKU_B,561,0,0,434
80,R3,SKU_C,428,0,0,703
80,R3,SKU_D,256,0,0,587
80,R3,SKU_E,421,0,0,448
81,Supplier,SKU_A,0,0,0,0
81,Supplier,SKU_B,0,0,0,0
81,Supplier,SKU_C,0,0,0,0
81,Supplier,SKU_D,0,0,0,0
81,Supplier,SKU_E,0,0,0,0
81,W1,SKU_A,1012,0,0,1748
81,W1,SKU_B,599,0,0,946
81,W1,SKU_C,426,0,0,1120
81,W1,SKU_D,150,0,0,705
81,W1,SKU_E,0,0,165,578
81,W2,SKU_A,1823,0,0,1517
81,W2,SKU_B,1290,0,0,520
81,W2,SKU_C,1699,0,0,840
81,W2,SKU_D,0,0,368,615
81,W2,SKU_E,411,0,0,535
81,R1,SKU_A,1054,0,0,0
81,R1,SKU_B,491,0,0,0
81,R1,SKU_C,596,0,0,0
81,R1,SKU_D,311,0,0,0
81,R1,SKU_E,309,0,0,0
81,R2,SKU_A,0,73,0,391
81,R2,SKU_B,98,0,0,256
81,R2,SKU_C,191,0,0,220
81,R2,SKU_D,411,0,0,139
81,R2,SKU_E,410,0,0,169
81,R3,SKU_A,500,0,0,742
81,R3,SKU_B,640,0,0,268
81,R3,SKU_C,612,0,0,380
81,R3,SKU_D,509,0,0,245
81,R3,SKU_E,506,0,0,275
82,Supplier,SKU_A,0,0,0,0
82,Supplier,SKU_B,0,0,0,0
82,Supplier,SKU_C,0,0,0,0
82,Supplier,SKU_D,0,0,0,0
82,Supplier,SKU_E,0,0,0,0
82,W1,SKU_A,1515,0,0,983
82,W1,SKU_B,851,0,0,549
82,W1,SKU_C,698,0,0,674
82,W1,SKU_D,376,0,0,379
82,W1,SKU_E,0,0,11,319
82,W2,SKU_A,1639,0,0,1517
82,W2,SKU_B,1203,0,0,520
82,W2,SKU_C,1560,0,0,840
82,W2,SKU_D,0,0,457,615
82,W2,SKU_E,323,0,0,535
82,R1,SKU_A,869,0,0,430
82,R1,SKU_B,365,0,0,197
82,R1,SKU_C,451,0,0,369
82,R1,SKU_D,226,0,0,199
82,R1,SKU_E,244,0,0,132
82,R2,SKU_A,181,0,0,348
82,R2,SKU_B,247,0,0,212
82,R2,SKU_C,331,0,0,161
82,R2,SKU_D,504,0,0,115
82,R2,SKU_E,506,0,0,153
82,R3,SKU_A,245,0,0,742
82,R3,SKU_B,526,0,0,268
82,R3,SKU_C,402,0,0,380
82,R3,SKU_D,383,0,0,245
82,R3,SKU_E,395,0,0,275
83,Supplier,SKU_A,0,0,0,0
83,Supplier,SKU_B,0,0,0,0
83,Supplier,SKU_C,0,0,0,0
83,Supplier,SKU_D,0,0,0,0
83,Supplier,SKU_E,0,0,0,0
83,W1,SKU_A,1193,0,0,1761
83,W1,SKU_B,618,0,0,958
83,W1,SKU_C,473,0,0,1204
83,W1,SKU_D,245,0,0,693
83,W1,SKU_E,0,0,149,615
83,W2,SKU_A,1878,0,0,1394
83,W2,SKU_B,1255,0,0,512
83,W2,SKU_C,1621,0,0,833
83,W2,SKU_D,0,0,365,582
83,W2,SKU_E,389,0,0,520
83,R1,SKU_A,695,0,0,430
83,R1,SKU_B,250,0,0,197
83,R1,SKU_C,273,0,0,369
83,R1,SKU_D,119,0,0,199
83,R1,SKU_E,195,0,0,132
83,R2,SKU_A,53,0,0,348
83,R2,SKU_B,164,0,0,212
83,R2,SKU_C,254,0,0,161
83,R2,SKU_D,447,0,0,115
83,R2,SKU_E,460,0,0,153
83,R3,SKU_A,0,72,0,1368
83,R3,SKU_B,440,0,0,540
83,R3,SKU_C,161,0,0,854
83,R3,SKU_D,247,0,0,759
83,R3,SKU_E,283,0,0,548
84,Supplier,SKU_A,0,0,0,0
84,Supplier,SKU_B,0,0,0,0
84,Supplier,SKU_C,0,0,0,0
84,Supplier,SKU_D,0,0,0,0
84,Supplier,SKU_E,0,0,0,0
84,W1,SKU_A,891,0,0,1761
84,W1,SKU_B,420,0,0,958
84,W1,SKU_C,218,0,0,1204
84,W1,SKU_D,81,0,0,693
84,W1,SKU_E,0,0,244,615
84,W2,SKU_A,1561,0,0,1394
84,W2,SKU_B,1169,0,0,512
84,W2,SKU_C,1380,0,0,833
84,W2,SKU_D,0,0,501,582
84,W2,SKU_E,277,0,0,520
84,R1,SKU_A,894,0,0,0
84,R1,SKU_B,335,0,0,0
84,R1,SKU_C,422,0,0,0
84,R1,SKU_D,222,0,0,0
84,R1,SKU_E,250,0,0,0
84,R2,SKU_A,0,70,0,348
84,R2,SKU_B,61,0,0,212
84,R2,SKU_C,156,0,0,161
84,R2,SKU_D,389,0,0,115
84,R2,SKU_E,389,0,0,153
84,R3,SKU_A,387,0,0,626
84,R3,SKU_B,602,0,0,272
84,R3,SKU_C,300,0,0,474
84,R3,SKU_D,370,0,0,514
84,R3,SKU_E,470,0,0,273
85,Supplier,SKU_A,0,0,0,0
85,Supplier,SKU_B,0,0,0,0
85,Supplier,SKU_C,0,0,0,0
85,Supplier,SKU_D,0,0,0,0
85,Supplier,SKU_E,0,0,0,0
85,W1,SKU_A,1520,0,0,778
85,W1,SKU_B,754,0,0,409
85,W1,SKU_C,574,0,0,530
85,W1,SKU_D,306,0,0,314
85,W1,SKU_E,0,0,73,296
85,W2,SKU_A,1860,0,0,1384
85,W2,SKU_B,1257,0,0,518
85,W2,SKU_C,1459,0,0,964
85,W2,SKU_D,0,0,415,636
85,W2,SKU_E,384,0,0,548
85,R1,SKU_A,707,0,0,590
85,R1,SKU_B,247,0,0,353
85,R1,SKU_C,279,0,0,543
85,R1,SKU_D,157,0,0,288
85,R1,SKU_E,200,0,0,191
85,R2,SKU_A,190,0,0,388
85,R2,SKU_B,204,0,0,293
85,R2,SKU_C,235,0,0,255
85,R2,SKU_D,440,0,0,161
85,R2,SKU_E,501,0,0,128
85,R3,SKU_A,183,0,0,1226
85,R3,SKU_B,529,0,0,464
85,R3,SKU_C,161,0,0,956
85,R3,SKU_D,273,0,0,722
85,R3,SKU_E,388,0,0,473
86,Supplier,SKU_A,0,0,0,0
86,Supplier,SKU_B,0,0,0,0
86,Supplier,SKU_C,0,0,0,0
86,Supplier,SKU_D,0,0,0,0
86,Supplier,SKU_E,0,0,0,0
86,W1,SKU_A,1245,0,0,1756
86,W1,SKU_B,597,0,0,1055
86,W1,SKU_C,349,0,0,1328
86,W1,SKU_D,177,0,0,763
86,W1,SKU_E,0,0,164,677
86,W2,SKU_A,1656,0,0,1384
86,W2,SKU_B,1184,0,0,518
86,W2,SKU_C,1320,0,0,964
86,W2,SKU_D,0,0,512,636
86,W2,SKU_E,302,0,0,548
86,R1,SKU_A,543,0,0,590
86,R1,SKU_B,180,0,0,353
86,R1,SKU_C,171,0,0,543
86,R1,SKU_D,94,0,0,288
86,R1,SKU_E,162,0,0,191
86,R2,SKU_A,66,0,0,388
86,R2,SKU_B,145,0,0,293
86,R2,SKU_C,180,0,0,255
86,R2,SKU_D,404,0,0,161
86,R2,SKU_E,453,0,0,128
86,R3,SKU_A,0,33,0,1226
86,R3,SKU_B,463,0,0,464
86,R3,SKU_C,30,0,0,956
86,R3,SKU_D,199,0,0,722
86,R3,SKU_E,307,0,0,473
87,Supplier,SKU_A,0,0,0,0
87,Supplier,SKU_B,0,0,0,0
87,Supplier,SKU_C,0,0,0,0
87,Supplier,SKU_D,0,0,0,0
87,Supplier,SKU_E,0,0,0,0
87,W1,SKU_A,957,0,0,1756
87,W1,SKU_B,471,0,0,1055
87,W1,SKU_C,186,0,0,1328
87,W1,SKU_D,78,0,0,763
87,W1,SKU_E,0,0,250,677
87,W2,SKU_A,1881,0,0,1430
87,W2,SKU_B,1278,0,0,537
87,W2,SKU_C,1438,0,0,1095
87,W2,SKU_D,0,0,397,666
87,W2,SKU_E,384,0,0,555
87,R1,SKU_A,990,0,0,0
87,R1,SKU_B,462,0,0,0
87,R1,SKU_C,610,0,0,0
87,R1,SKU_D,312,0,0,0
87,R1,SKU_E,311,0,0,0
87,R2,SKU_A,0,12,0,388
87,R2,SKU_B,102,0,0,293
87,R2,SKU_C,147,0,0,255
87,R2,SKU_D,388,0,0,161
87,R2,SKU_E,401,0,0,128
87,R3,SKU_A,456,0,0,600
87,R3,SKU_B,673,0,0,192
87,R3,SKU_C,383,0,0,482
87,R3,SKU_D,628,0,0,208
87,R3,SKU_E,514,0,0,200
88,Supplier,SKU_A,0,0,0,0
88,Supplier,SKU_B,0,0,0,0
88,Supplier,SKU_C,0,0,0,0
88,Supplier,SKU_D,0,0,0,0
88,Supplier,SKU_E,0,0,0,0
88,W1,SKU_A,1514,0,0,978
88,W1,SKU_B,766,0,0,646
88,W1,SKU_C,579,0,0,798
88,W1,SKU_D,306,0,0,449
88,W1,SKU_E,0,0,48,381
88,W2,SKU_A,1744,0,0,1430
88,W2,SKU_B,1216,0,0,537
88,W2,SKU_C,1317,0,0,1095
88,W2,SKU_D,0,0,482,666
88,W2,SKU_E,318,0,0,555
88,R1,SKU_A,845,0,0,494
88,R1,SKU_B,378,0,0,226
88,R1,SKU_C,465,0,0,355
88,R1,SKU_D,245,0,0,198
88,R1,SKU_E,262,0,0,130
88,R2,SKU_A,270,0,0,290
88,R2,SKU_B,305,0,0,171
88,R2,SKU_C,356,0,0,170
88,R2,SKU_D,520,0,0,116
88,R2,SKU_E,492,0,0,166
88,R3,SKU_A,247,0,0,1157
88,R3,SKU_B,597,0,0,393
88,R3,SKU_C,246,0,0,873
88,R3,SKU_D,529,0,0,397
88,R3,SKU_E,454,0,0,429
89,Supplier,SKU_A,0,0,0,0
89,Supplier,SKU_B,0,0,0,0
89,Supplier,SKU_C,0,0,0,0
89,Supplier,SKU_D,0,0,0,0
89,Supplier,SKU_E,0,0,0,0
89,W1,SKU_A,1263,0,0,1762
89,W1,SKU_B,592,0,0,1043
89,W1,SKU_C,388,0,0,1323
89,W1,SKU_D,210,0,0,763
89,W1,SKU_E,0,0,134,652
89,W2,SKU_A,1906,0,0,1059
89,W2,SKU_B,1298,0,0,379
89,W2,SKU_C,1444,0,0,831
89,W2,SKU_D,0,0,396,481
89,W2,SKU_E,420,0,0,393
89,R1,SKU_A,631,0,0,494
89,R1,SKU_B,283,0,0,226
89,R1,SKU_C,292,0,0,355
89,R1,SKU_D,169,0,0,198
89,R1,SKU_E,209,0,0,130
89,R2,SKU_A,154,0,0,290
89,R2,SKU_B,240,0,0,171
89,R2,SKU_C,301,0,0,170
89,R2,SKU_D,477,0,0,116
89,R2,SKU_E,449,0,0,166
89,R3,SKU_A,589,0,0,557
89,R3,SKU_B,706,0,0,201
89,R3,SKU_C,506,0,0,391
89,R3,SKU_D,608,0,0,189
89,R3,SKU_E,562,0,0,229
90,Supplier,SKU_A,0,0,0,0
90,Supplier,SKU_B,0,0,0,0
90,Supplier,SKU_C,0,0,0,0
90,Supplier,SKU_D,0,0,0,0
90,Supplier,SKU_E,0,0,0,0
90,W1,SKU_A,933,0,0,1762
90,W1,SKU_B,432,0,0,1043
90,W1,SKU_C,160,0,0,1323
90,W1,SKU_D,91,0,0,763
90,W1,SKU_E,0,0,230,652
90,W2,SKU_A,1648,0,0,1621
90,W2,SKU_B,1215,0,0,583
90,W2,SKU_C,1222,0,0,1220
90,W2,SKU_D,0,0,525,739
90,W2,SKU_E,328,0,0,600
90,R1,SKU_A,921,0,0,0
90,R1,SKU_B,386,0,0,0
90,R1,SKU_C,474,0,0,0
90,R1,SKU_D,274,0,0,0
90,R1,SKU_E,263,0,0,0
90,R2,SKU_A,31,0,0,290
90,R2,SKU_B,156,0,0,171
90,R2,SKU_C,225,0,0,170
90,R2,SKU_D,434,0,0,116
90,R2,SKU_E,409,0,0,166
90,R3,SKU_A,321,0,0,557
90,R3,SKU_B,633,0,0,201
90,R3,SKU_C,256,0,0,391
90,R3,SKU_D,466,0,0,189
90,R3,SKU_E,474,0,0,229
91,Supplier,SKU_A,0,0,0,0
91,Supplier,SKU_B,0,0,0,0
91,Supplier,SKU_C,0,0,0,0
91,Supplier,SKU_D,0,0,0,0
91,Supplier,SKU_E,0,0,0,0
91,W1,SKU_A,1584,0,0,784
91,W1,SKU_B,871,0,0,397
91,W1,SKU_C,709,0,0,525
91,W1,SKU_D,404,0,0,314
91,W1,SKU_E,35,0,0,271
91,W2,SKU_A,1952,0,0,1049
91,W2,SKU_B,1342,0,0,383
91,W2,SKU_C,1423,0,0,769
91,W2,SKU_D,0,0,405,477
91,W2,SKU_E,463,0,0,377
91,R1,SKU_A,683,0,0,563
91,R1,SKU_B,288,0,0,302
91,R1,SKU_C,273,0,0,491
91,R1,SKU_D,184,0,0,236
91,R1,SKU_E,192,0,0,178
91,R2,SKU_A,209,0,0,345
91,R2,SKU_B,242,0,0,239
91,R2,SKU_C,335,0,0,177
91,R2,SKU_D,503,0,0,115
91,R2,SKU_E,529,0,0,168
91,R3,SKU_A,93,0,0,1292
91,R3,SKU_B,520,0,0,433
91,R3,SKU_C,35,0,0,1000
91,R3,SKU_D,350,0,0,636
91,R3,SKU_E,406,0,0,469
92,Supplier,SKU_A,0,0,0,0
92,Supplier,SKU_B,0,0,0,0
92,Supplier,SKU_C,0,0,0,0
92,Supplier,SKU_D,0,0,0,0
92,Supplier,SKU_E,0,0,0,0
92,W1,SKU_A,1234,0,0,1692
92,W1,SKU_B,688,0,0,938
92,W1,SKU_C,448,0,0,1193
92,W1,SKU_D,267,0,0,665
92,W1,SKU_E,0,0,82,569
92,W2,SKU_A,1724,0,0,1575
92,W2,SKU_B,1229,0,0,539
92,W2,SKU_C,1202,0,0,1241
92,W2,SKU_D,0,0,521,748
92,W2,SKU_E,395,0,0,557
92,R1,SKU_A,551,0,0,563
92,R1,SKU_B,205,0,0,302
92,R1,SKU_C,157,0,0,491
92,R1,SKU_D,118,0,0,236
92,R1,SKU_E,154,0,0,178
92,R2,SKU_A,96,0,0,345
92,R2,SKU_B,179,0,0,239
92,R2,SKU_C,286,0,0,177
92,R2,SKU_D,460,0,0,115
92,R2,SKU_E,489,0,0,168
92,R3,SKU_A,448,0,0,735
92,R3,SKU_B,650,0,0,232
92,R3,SKU_C,266,0,0,609
92,R3,SKU_D,436,0,0,447
92,R3,SKU_E,563,0,0,240
93,Supplier,SKU_A,0,0,0,0
93,Supplier,SKU_B,0,0,0,0
93,Supplier,SKU_C,0,0,0,0
93,Supplier,SKU_D,0,0,0,0
93,Supplier,SKU_E,0,0,0,0
93,W1,SKU_A,989,0,0,1692
93,W1,SKU_B,542,0,0,938
93,W1,SKU_C,283,0,0,1193
93,W1,SKU_D,158,0,0,665
93,W1,SKU_E,0,0,160,569
93,W2,SKU_A,2009,0,0,1088
93,W2,SKU_B,1337,0,0,360
93,W2,SKU_C,1422,0,0,861
93,W2,SKU_D,0,0,405,529
93,W2,SKU_E,493,0,0,387
93,R1,SKU_A,954,0,0,0
93,R1,SKU_B,395,0,0,0
93,R1,SKU_C,525,0,0,0
93,R1,SKU_D,288,0,0,0
93,R1,SKU_E,296,0,0,0
93,R2,SKU_A,0,11,0,345
93,R2,SKU_B,101,0,0,239
93,R2,SKU_C,197,0,0,177
93,R2,SKU_D,421,0,0,115
93,R2,SKU_E,447,0,0,168
93,R3,SKU_A,269,0,0,735
93,R3,SKU_B,579,0,0,232
93,R3,SKU_C,126,0,0,609
93,R3,SKU_D,336,0,0,447
93,R3,SKU_E,503,0,0,240
94,Supplier,SKU_A,0,0,0,0
94,Supplier,SKU_B,0,0,0,0
94,Supplier,SKU_C,0,0,0,0
94,Supplier,SKU_D,0,0,0,0
94,Supplier,SKU_E,0,0,0,0
94,W1,SKU_A,1506,0,0,908
94,W1,SKU_B,749,0,0,541
94,W1,SKU_C,596,0,0,668
94,W1,SKU_D,367,0,0,351
94,W1,SKU_E,33,0,0,298
94,W2,SKU_A,1830,0,0,1518
94,W2,SKU_B,1266,0,0,544
94,W2,SKU_C,1282,0,0,1242
94,W2,SKU_D,0,0,505,748
94,W2,SKU_E,433,0,0,527
94,R1,SKU_A,819,0,0,530
94,R1,SKU_B,325,0,0,293
94,R1,SKU_C,382,0,0,440
94,R1,SKU_D,239,0,0,222
94,R1,SKU_E,262,0,0,145
94,R2,SKU_A,252,0,0,332
94,R2,SKU_B,248,0,0,226
94,R2,SKU_C,322,0,0,198
94,R2,SKU_D,511,0,0,129
94,R2,SKU_E,578,0,0,128
94,R3,SKU_A,104,0,0,1344
94,R3,SKU_B,490,0,0,487
94,R3,SKU_C,11,0,0,1130
94,R3,SKU_D,261,0,0,666
94,R3,SKU_E,426,0,0,440
95,Supplier,SKU_A,0,0,0,0
95,Supplier,SKU_B,0,0,0,0
95,Supplier,SKU_C,0,0,0,0
95,Supplier,SKU_D,0,0,0,0
95,Supplier,SKU_E,0,0,0,0
95,W1,SKU_A,1289,0,0,1770
95,W1,SKU_B,587,0,0,1060
95,W1,SKU_C,401,0,0,1306
95,W1,SKU_D,293,0,0,702
95,W1,SKU_E,0,0,38,571
95,W2,SKU_A,1665,0,0,1518
95,W2,SKU_B,1177,0,0,544
95,W2,SKU_C,1167,0,0,1242
95,W2,SKU_D,0,0,580,748
95,W2,SKU_E,356,0,0,527
95,R1,SKU_A,658,0,0,530
95,R1,SKU_B,257,0,0,293
95,R1,SKU_C,294,0,0,440
95,R1,SKU_D,175,0,0,222
95,R1,SKU_E,221,0,0,145
95,R2,SKU_A,129,0,0,332
95,R2,SKU_B,175,0,0,226
95,R2,SKU_C,262,0,0,198
95,R2,SKU_D,482,0,0,129
95,R2,SKU_E,542,0,0,128
95,R3,SKU_A,655,0,0,609
95,R3,SKU_B,651,0,0,255
95,R3,SKU_C,479,0,0,521
95,R3,SKU_D,615,0,0,219
95,R3,SKU_E,593,0,0,200
96,Supplier,SKU_A,0,0,0,0
96,Supplier,SKU_B,0,0,0,0
96,Supplier,SKU_C,0,0,0,0
96,Supplier,SKU_D,0,0,0,0
96,Supplier,SKU_E,0,0,0,0
96,W1,SKU_A,1005,0,0,1770
96,W1,SKU_B,446,0,0,1060
96,W1,SKU_C,253,0,0,1306
96,W1,SKU_D,200,0,0,702
96,W1,SKU_E,0,0,115,571
96,W2,SKU_A,2043,0,0,956
96,W2,SKU_B,1310,0,0,340
96,W2,SKU_C,1415,0,0,853
96,W2,SKU_D,0,0,415,490
96,W2,SKU_E,490,0,0,320
96,R1,SKU_A,988,0,0,0
96,R1,SKU_B,438,0,0,0
96,R1,SKU_C,565,0,0,0
96,R1,SKU_D,319,0,0,0
96,R1,SKU_E,309,0,0,0
96,R2,SKU_A,37,0,0,332
96,R2,SKU_B,94,0,0,226
96,R2,SKU_C,203,0,0,198
96,R2,SKU_D,441,0,0,129
96,R2,SKU_E,482,0,0,128
96,R3,SKU_A,367,0,0,609
96,R3,SKU_B,557,0,0,255
96,R3,SKU_C,249,0,0,521
96,R3,SKU_D,471,0,0,219
96,R3,SKU_E,502,0,0,200
97,Supplier,SKU_A,0,0,0,0
97,Supplier,SKU_B,0,0,0,0
97,Supplier,SKU_C,0,0,0,0
97,Supplier,SKU_D,0,0,0,0
97,Supplier,SKU_E,0,0,0,0
97,W1,SKU_A,1621,0,0,862
97,W1,SKU_B,794,0,0,519
97,W1,SKU_C,693,0,0,638
97,W1,SKU_D,432,0,0,351
97,W1,SKU_E,66,0,0,273
97,W2,SKU_A,1755,0,0,1484
97,W2,SKU_B,1216,0,0,571
97,W2,SKU_C,1185,0,0,1249
97,W2,SKU_D,0,0,559,758
97,W2,SKU_E,399,0,0,530
97,R1,SKU_A,745,0,0,496
97,R1,SKU_B,286,0,0,250
97,R1,SKU_C,342,0,0,400
97,R1,SKU_D,214,0,0,191
97,R1,SKU_E,244,0,0,132
97,R2,SKU_A,243,0,0,297
97,R2,SKU_B,212,0,0,246
97,R2,SKU_C,314,0,0,171
97,R2,SKU_D,497,0,0,95
97,R2,SKU_E,547,0,0,133
97,R3,SKU_A,73,0,0,1246
97,R3,SKU_B,455,0,0,509
97,R3,SKU_C,0,3,0,1007
97,R3,SKU_D,306,0,0,477
97,R3,SKU_E,388,0,0,441
98,Supplier,SKU_A,0,0,0,0
98,Supplier,SKU_B,0,0,0,0
98,Supplier,SKU_C,0,0,0,0
98,Supplier,SKU_D,0,0,0,0
98,Supplier,SKU_E,0,0,0,0
98,W1,SKU_A,1252,0,0,1655
98,W1,SKU_B,534,0,0,1015
98,W1,SKU_C,383,0,0,1209
98,W1,SKU_D,254,0,0,637
98,W1,SKU_E,0,0,62,538
98,W2,SKU_A,1987,0,0,958
98,W2,SKU_B,1270,0,0,415
98,W2,SKU_C,1405,0,0,777
98,W2,SKU_D,0,0,453,487
98,W2,SKU_E,465,0,0,350
98,R1,SKU_A,509,0,0,496
98,R1,SKU_B,183,0,0,250
98,R1,SKU_C,128,0,0,400
98,R1,SKU_D,113,0,0,191
98,R1,SKU_E,181,0,0,132
98,R2,SKU_A,120,0,0,297
98,R2,SKU_B,122,0,0,246
98,R2,SKU_C,228,0,0,171
98,R2,SKU_D,429,0,0,95
98,R2,SKU_E,482,0,0,133
98,R3,SKU_A,362,0,0,637
98,R3,SKU_B,591,0,0,254
98,R3,SKU_C,262,0,0,486
98,R3,SKU_D,406,0,0,258
98,R3,SKU_E,499,0,0,241
99,Supplier,SKU_A,0,0,0,0
99,Supplier,SKU_B,0,0,0,0
99,Supplier,SKU_C,0,0,0,0
99,Supplier,SKU_D,0,0,0,0
99,Supplier,SKU_E,0,0,0,0
99,W1,SKU_A,893,0,0,1655
99,W1,SKU_B,341,0,0,1015
99,W1,SKU_C,83,0,0,1209
99,W1,SKU_D,85,0,0,637
99,W1,SKU_E,0,0,190,538
99,W2,SKU_A,1667,0,0,1540
99,W2,SKU_B,1151,0,0,611
99,W2,SKU_C,1149,0,0,1259
99,W2,SKU_D,0,0,572,796
99,W2,SKU_E,376,0,0,555
99,R1,SKU_A,797,0,0,0
99,R1,SKU_B,346,0,0,0
99,R1,SKU_C,386,0,0,0
99,R1,SKU_D,233,0,0,0
99,R1,SKU_E,249,0,0,0
99,R2,SKU_A,14,0,0,297
99,R2,SKU_B,56,0,0,246
99,R2,SKU_C,168,0,0,171
99,R2,SKU_D,376,0,0,95
99,R2,SKU_E,428,0,0,133
99,R3,SKU_A,119,0,0,1251
99,R3,SKU_B,515,0,0,475
99,R3,SKU_C,104,0,0,994
99,R3,SKU_D,297,0,0,529
99,R3,SKU_E,416,0,0,444
100,Supplier,SKU_A,0,0,0,0
100,Supplier,SKU_B,0,0,0,0
100,Supplier,SKU_C,0,0,0,0
100,Supplier,SKU_D,0,0,0,0
100,Supplier,SKU_E,0,0,0,0
100,W1,SKU_A,1441,0,0,793
100,W1,SKU_B,707,0,0,496
100,W1,SKU_C,519,0,0,571
100,W1,SKU_D,312,0,0,286
100,W1,SKU_E,0,0,35,265
100,W2,SKU_A,1854,0,0,1110
100,W2,SKU_B,1259,0,0,427
100,W2,SKU_C,1372,0,0,878
100,W2,SKU_D,0,0,462,577
100,W2,SKU_E,433,0,0,415
100,R1,SKU_A,648,0,0,687
100,R1,SKU_B,280,0,0,342
100,R1,SKU_C,294,0,0,579
100,R1,SKU_D,164,0,0,277
100,R1,SKU_E,212,0,0,192
100,R2,SKU_A,208,0,0,355
100,R2,SKU_B,248,0,0,264
100,R2,SKU_C,285,0,0,233
100,R2,SKU_D,425,0,0,194
100,R2,SKU_E,512,0,0,147
100,R3,SKU_A,0,99,0,1251
100,R3,SKU_B,428,0,0,475
100,R3,SKU_C,36,0,0,994
100,R3,SKU_D,184,0,0,529
100,R3,SKU_E,343,0,0,444
101,Supplier,SKU_A,0,0,0,0
101,Supplier,SKU_B,0,0,0,0
101,Supplier,SKU_C,0,0,0,0
101,Supplier,SKU_D,0,0,0,0
101,Supplier,SKU_E,0,0,0,0
101,W1,SKU_A,1189,0,0,1835
101,W1,SKU_B,587,0,0,1102
101,W1,SKU_C,373,0,0,1383
101,W1,SKU_D,197,0,0,757
101,W1,SKU_E,0,0,121,639
101,W2,SKU_A,1636,0,0,1673
101,W2,SKU_B,1172,0,0,622
101,W2,SKU_C,1304,0,0,1292
101,W2,SKU_D,0,0,575,805
101,W2,SKU_E,360,0,0,587
101,R1,SKU_A,473,0,0,687
101,R1,SKU_B,217,0,0,342
101,R1,SKU_C,175,0,0,579
101,R1,SKU_D,90,0,0,277
101,R1,SKU_E,150,0,0,192
101,R2,SKU_A,96,0,0,355
101,R2,SKU_B,189,0,0,264
101,R2,SKU_C,223,0,0,233
101,R2,SKU_D,368,0,0,194
101,R2,SKU_E,466,0,0,147
101,R3,SKU_A,339,0,0,614
101,R3,SKU_B,623,0,0,221
101,R3,SKU_C,376,0,0,508
101,R3,SKU_D,314,0,0,271
101,R3,SKU_E,509,0,0,203
102,Supplier,SKU_A,0,0,0,0
102,Supplier,SKU_B,0,0,0,0
102,Supplier,SKU_C,0,0,0,0
102,Supplier,SKU_D,0,0,0,0
102,Supplier,SKU_E,0,0,0,0
102,W1,SKU_A,902,0,0,1835
102,W1,SKU_B,465,0,0,1102
102,W1,SKU_C,192,0,0,1383
102,W1,SKU_D,66,0,0,757
102,W1,SKU_E,0,0,229,639
102,W2,SKU_A,1437,0,0,1673
102,W2,SKU_B,1113,0,0,622
102,W2,SKU_C,1158,0,0,1292
102,W2,SKU_D,0,0,703,805
102,W2,SKU_E,285,0,0,587
102,R1,SKU_A,1015,0,0,0
102,R1,SKU_B,479,0,0,0
102,R1,SKU_C,642,0,0,0
102,R1,SKU_D,311,0,0,0
102,R1,SKU_E,297,0,0,0
102,R2,SKU_A,0,10,0,355
102,R2,SKU_B,123,0,0,264
102,R2,SKU_C,168,0,0,233
102,R2,SKU_D,317,0,0,194
102,R2,SKU_E,423,0,0,147
102,R3,SKU_A,129,0,0,1274
102,R3,SKU_B,541,0,0,443
102,R3,SKU_C,200,0,0,880
102,R3,SKU_D,199,0,0,490
102,R3,SKU_E,432,0,0,434
103,Supplier,SKU_A,0,0,0,0
103,Supplier,SKU_B,0,0,0,0
103,Supplier,SKU_C,0,0,0,0
103,Supplier,SKU_D,0,0,0,0
103,Supplier,SKU_E,0,0,0,0
103,W1,SKU_A,1444,0,0,1042
103,W1,SKU_B,815,0,0,606
103,W1,SKU_C,596,0,0,812
103,W1,SKU_D,245,0,0,471
103,W1,SKU_E,0,0,52,374
103,W2,SKU_A,1755,0,0,1562
103,W2,SKU_B,1262,0,0,537
103,W2,SKU_C,1378,0,0,1110
103,W2,SKU_D,0,0,550,778
103,W2,SKU_E,418,0,0,525
103,R1,SKU_A,837,0,0,469
103,R1,SKU_B,362,0,0,209
103,R1,SKU_C,468,0,0,323
103,R1,SKU_D,221,0,0,199
103,R1,SKU_E,239,0,0,144
103,R2,SKU_A,225,0,0,321
103,R2,SKU_B,315,0,0,179
103,R2,SKU_C,343,0,0,171
103,R2,SKU_D,448,0,0,154
103,R2,SKU_E,517,0,0,121
103,R3,SKU_A,503,0,0,660
103,R3,SKU_B,708,0,0,222
103,R3,SKU_C,475,0,0,372
103,R3,SKU_D,349,0,0,219
103,R3,SKU_E,531,0,0,231
104,Supplier,SKU_A,0,0,0,0
104,Supplier,SKU_B,0,0,0,0
104,Supplier,SKU_C,0,0,0,0
104,Supplier,SKU_D,0,0,0,0
104,Supplier,SKU_E,0,0,0,0
104,W1,SKU_A,1146,0,0,1832
104,W1,SKU_B,626,0,0,994
104,W1,SKU_C,364,0,0,1306
104,W1,SKU_D,92,0,0,824
104,W1,SKU_E,0,0,163,656
104,W2,SKU_A,1515,0,0,1562
104,W2,SKU_B,1208,0,0,537
104,W2,SKU_C,1145,0,0,1110
104,W2,SKU_D,0,0,671,778
104,W2,SKU_E,314,0,0,525
104,R1,SKU_A,611,0,0,469
104,R1,SKU_B,247,0,0,209
104,R1,SKU_C,247,0,0,323
104,R1,SKU_D,124,0,0,199
104,R1,SKU_E,174,0,0,144
104,R2,SKU_A,112,0,0,321
104,R2,SKU_B,210,0,0,179
104,R2,SKU_C,264,0,0,171
104,R2,SKU_D,383,0,0,154
104,R2,SKU_E,449,0,0,121
104,R3,SKU_A,202,0,0,660
104,R3,SKU_B,624,0,0,222
104,R3,SKU_C,220,0,0,372
104,R3,SKU_D,189,0,0,219
104,R3,SKU_E,441,0,0,231
105,Supplier,SKU_A,0,0,0,0
105,Supplier,SKU_B,0,0,0,0
105,Supplier,SKU_C,0,0,0,0
105,Supplier,SKU_D,0,0,0,0
105,Supplier,SKU_E,0,0,0,0
105,W1,SKU_A,807,0,0,1832
105,W1,SKU_B,406,0,0,994
105,W1,SKU_C,64,0,0,1306
105,W1,SKU_D,0,0,70,824
105,W1,SKU_E,0,0,296,656
105,W2,SKU_A,1796,0,0,1430
105,W2,SKU_B,1320,0,0,477
105,W2,SKU_C,1372,0,0,1037
105,W2,SKU_D,0,0,522,705
105,W2,SKU_E,429,0,0,501
105,R1,SKU_A,811,0,0,0
105,R1,SKU_B,343,0,0,0
105,R1,SKU_C,299,0,0,0
105,R1,SKU_D,209,0,0,0
105,R1,SKU_E,258,0,0,0
105,R2,SKU_A,0,27,0,321
105,R2,SKU_B,118,0,0,179
105,R2,SKU_C,173,0,0,171
105,R2,SKU_D,300,0,0,154
105,R2,SKU_E,395,0,0,121
105,R3,SKU_A,0,127,0,1411
105,R3,SKU_B,546,0,0,442
105,R3,SKU_C,0,72,0,1036
105,R3,SKU_D,45,0,0,796
105,R3,SKU_E,341,0,0,502
106,Supplier,SKU_A,0,0,0,0
106,Supplier,SKU_B,0,0,0,0
106,Supplier,SKU_C,0,0,0,0
106,Supplier,SKU_D,0,0,0,0
106,Supplier,SKU_E,0,0,0,0
106,W1,SKU_A,1441,0,0,790
106,W1,SKU_B,807,0,0,388
106,W1,SKU_C,514,0,0,494
106,W1,SKU_D,204,0,0,353
106,W1,SKU_E,0,0,36,282
106,W2,SKU_A,1467,0,0,1430
106,W2,SKU_B,1242,0,0,477
106,W2,SKU_C,1080,0,0,1037
106,W2,SKU_D,0,0,666,705
106,W2,SKU_E,329,0,0,501
106,R1,SKU_A,650,0,0,673
106,R1,SKU_B,262,0,0,345
106,R1,SKU_C,158,0,0,666
106,R1,SKU_D,125,0,0,301
106,R1,SKU_E,205,0,0,183
106,R2,SKU_A,159,0,0,372
106,R2,SKU_B,217,0,0,269
106,R2,SKU_C,261,0,0,228
106,R2,SKU_D,416,0,0,211
106,R2,SKU_E,463,0,0,191
106,R3,SKU_A,285,0,0,751
106,R3,SKU_B,689,0,0,220
106,R3,SKU_C,151,0,0,664
106,R3,SKU_D,173,0,0,577
106,R3,SKU_E,518,0,0,271
107,Supplier,SKU_A,0,0,0,0
107,Supplier,SKU_B,0,0,0,0
107,Supplier,SKU_C,0,0,0,0
107,Supplier,SKU_D,0,0,0,0
107,Supplier,SKU_E,0,0,0,0
107,W1,SKU_A,1145,0,0,1835
107,W1,SKU_B,646,0,0,1002
107,W1,SKU_C,290,0,0,1388
107,W1,SKU_D,82,0,0,865
107,W1,SKU_E,0,0,142,640
107,W2,SKU_A,1782,0,0,1497
107,W2,SKU_B,1358,0,0,444
107,W2,SKU_C,1345,0,0,1170
107,W2,SKU_D,0,0,529,781
107,W2,SKU_E,447,0,0,519
107,R1,SKU_A,461,0,0,673
107,R1,SKU_B,184,0,0,345
107,R1,SKU_C,25,0,0,666
107,R1,SKU_D,56,0,0,301
107,R1,SKU_E,159,0,0,183
107,R2,SKU_A,55,0,0,372
107,R2,SKU_B,148,0,0,269
107,R2,SKU_C,209,0,0,228
107,R2,SKU_D,365,0,0,211
107,R2,SKU_E,416,0,0,191
107,R3,SKU_A,83,0,0,751
107,R3,SKU_B,600,0,0,220
107,R3,SKU_C,31,0,0,664
107,R3,SKU_D,89,0,0,577
107,R3,SKU_E,451,0,0,271
108,Supplier,SKU_A,0,0,0,0
108,Supplier,SKU_B,0,0,0,0
108,Supplier,SKU_C,0,0,0,0
108,Supplier,SKU_D,0,0,0,0
108,Supplier,SKU_E,0,0,0,0
108,W1,SKU_A,852,0,0,1835
108,W1,SKU_B,499,0,0,1002
108,W1,SKU_C,105,0,0,1388
108,W1,SKU_D,0,0,38,865
108,W1,SKU_E,0,0,235,640
108,W2,SKU_A,1580,0,0,1497
108,W2,SKU_B,1269,0,0,444
108,W2,SKU_C,1225,0,0,1170
108,W2,SKU_D,0,0,613,781
108,W2,SKU_E,380,0,0,519
108,R1,SKU_A,940,0,0,0
108,R1,SKU_B,474,0,0,0
108,R1,SKU_C,517,0,0,0
108,R1,SKU_D,290,0,0,0
108,R1,SKU_E,293,0,0,0
108,R2,SKU_A,0,62,0,372
108,R2,SKU_B,73,0,0,269
108,R2,SKU_C,139,0,0,228
108,R2,SKU_D,325,0,0,211
108,R2,SKU_E,362,0,0,191
108,R3,SKU_A,0,121,0,1530
108,R3,SKU_B,528,0,0,466
108,R3,SKU_C,0,129,0,1225
108,R3,SKU_D,0,0,0,805
108,R3,SKU_E,360,0,0,492
109,Supplier,SKU_A,0,0,0,0
109,Supplier,SKU_B,0,0,0,0
109,Supplier,SKU_C,0,0,0,0
109,Supplier,SKU_D,0,0,0,0
109,Supplier,SKU_E,0,0,0,0
109,W1,SKU_A,1331,0,0,1045
109,W1,SKU_B,757,0,0,614
109,W1,SKU_C,355,0,0,894
109,W1,SKU_D,208,0,0,512
109,W1,SKU_E,0,0,56,358
109,W2,SKU_A,1793,0,0,1530
109,W2,SKU_B,1343,0,0,466
109,W2,SKU_C,1279,0,0,1225
109,W2,SKU_D,0,0,461,715
109,W2,SKU_E,437,0,0,492
109,R1,SKU_A,778,0,0,544
109,R1,SKU_B,390,0,0,214
109,R1,SKU_C,410,0,0,448
109,R1,SKU_D,201,0,0,220
109,R1,SKU_E,248,0,0,148
109,R2,SKU_A,193,0,0,356
109,R2,SKU_B,282,0,0,224
109,R2,SKU_C,312,0,0,205
109,R2,SKU_D,475,0,0,129
109,R2,SKU_E,503,0,0,134
109,R3,SKU_A,391,0,0,779
109,R3,SKU_B,663,0,0,246
109,R3,SKU_C,361,0,0,561
109,R3,SKU_D,478,0,0,228
109,R3,SKU_E,539,0,0,221
110,Supplier,SKU_A,0,0,0,0
110,Supplier,SKU_B,0,0,0,0
110,Supplier,SKU_C,0,0,0,0
110,Supplier,SKU_D,0,0,0,0
110,Supplier,SKU_E,0,0,0,0
110,W1,SKU_A,1052,0,0,1945
110,W1,SKU_B,613,0,0,1052
110,W1,SKU_C,193,0,0,1547
110,W1,SKU_D,58,0,0,861
110,W1,SKU_E,0,0,151,660
110,W2,SKU_A,1554,0,0,1530
110,W2,SKU_B,1258,0,0,466
110,W2,SKU_C,1105,0,0,1225
110,W2,SKU_D,0,0,560,715
110,W2,SKU_E,345,0,0,492
110,R1,SKU_A,562,0,0,544
110,R1,SKU_B,291,0,0,214
110,R1,SKU_C,251,0,0,448
110,R1,SKU_D,108,0,0,220
110,R1,SKU_E,206,0,0,148
110,R2,SKU_A,57,0,0,356
110,R2,SKU_B,186,0,0,224
110,R2,SKU_C,253,0,0,205
110,R2,SKU_D,429,0,0,129
110,R2,SKU_E,446,0,0,134
110,R3,SKU_A,117,0,0,779
110,R3,SKU_B,577,0,0,246
110,R3,SKU_C,140,0,0,561
110,R3,SKU_D,353,0,0,228
110,R3,SKU_E,414,0,0,221
111,Supplier,SKU_A,0,0,0,0
111,Supplier,SKU_B,0,0,0,0
111,Supplier,SKU_C,0,0,0,0
111,Supplier,SKU_D,0,0,0,0
111,Supplier,SKU_E,0,0,0,0
111,W1,SKU_A,700,0,0,1945
111,W1,SKU_B,418,0,0,1052
111,W1,SKU_C,0,0,25,1547
111,W1,SKU_D,0,0,81,861
111,W1,SKU_E,0,0,250,660
111,W2,SKU_A,1730,0,0,1523
111,W2,SKU_B,1308,0,0,487
111,W2,SKU_C,1293,0,0,1150
111,W2,SKU_D,0,0,449,667
111,W2,SKU_E,401,0,0,494
111,R1,SKU_A,855,0,0,0
111,R1,SKU_B,334,0,0,0
111,R1,SKU_C,452,0,0,0
111,R1,SKU_D,231,0,0,0
111,R1,SKU_E,302,0,0,0
111,R2,SKU_A,0,123,0,356
111,R2,SKU_B,55,0,0,224
111,R2,SKU_C,102,0,0,205
111,R2,SKU_D,349,0,0,129
111,R2,SKU_E,394,0,0,134
111,R3,SKU_A,0,214,0,1496
111,R3,SKU_B,483,0,0,489
111,R3,SKU_C,0,135,0,1116
111,R3,SKU_D,194,0,0,705
111,R3,SKU_E,304,0,0,529
112,Supplier,SKU_A,0,0,0,0
112,Supplier,SKU_B,0,0,0,0
112,Supplier,SKU_C,0,0,0,0
112,Supplier,SKU_D,0,0,0,0
112,Supplier,SKU_E,0,0,0,0
112,W1,SKU_A,1314,0,0,900
112,W1,SKU_B,730,0,0,438
112,W1,SKU_C,471,0,0,653
112,W1,SKU_D,254,0,0,349
112,W1,SKU_E,4,0,0,302
112,W2,SKU_A,1399,0,0,1523
112,W2,SKU_B,1214,0,0,487
112,W2,SKU_C,1018,0,0,1150
112,W2,SKU_D,0,0,608,667
112,W2,SKU_E,291,0,0,494
112,R1,SKU_A,597,0,0,629
112,R1,SKU_B,175,0,0,354
112,R1,SKU_C,144,0,0,513
112,R1,SKU_D,112,0,0,279
112,R1,SKU_E,216,0,0,139
112,R2,SKU_A,77,0,0,433
112,R2,SKU_B,134,0,0,287
112,R2,SKU_C,195,0,0,265
112,R2,SKU_D,408,0,0,187
112,R2,SKU_E,446,0,0,215
112,R3,SKU_A,245,0,0,717
112,R3,SKU_B,619,0,0,243
112,R3,SKU_C,197,0,0,555
112,R3,SKU_D,296,0,0,477
112,R3,SKU_E,406,0,0,308
113,Supplier,SKU_A,0,0,0,0
113,Supplier,SKU_B,0,0,0,0
113,Supplier,SKU_C,0,0,0,0
113,Supplier,SKU_D,0,0,0,0
113,Supplier,SKU_E,0,0,0,0
113,W1,SKU_A,900,0,0,1962
113,W1,SKU_B,426,0,0,1079
113,W1,SKU_C,51,0,0,1431
113,W1,SKU_D,65,0,0,815
113,W1,SKU_E,0,0,164,600
113,W2,SKU_A,1709,0,0,1498
113,W2,SKU_B,1266,0,0,505
113,W2,SKU_C,1336,0,0,1099
113,W2,SKU_D,0,0,430,647
113,W2,SKU_E,362,0,0,539
113,R1,SKU_A,429,0,0,629
113,R1,SKU_B,75,0,0,354
113,R1,SKU_C,0,10,0,513
113,R1,SKU_D,8,0,0,279
113,R1,SKU_E,156,0,0,139
113,R2,SKU_A,0,61,0,433
113,R2,SKU_B,63,0,0,287
113,R2,SKU_C,100,0,0,265
113,R2,SKU_D,368,0,0,187
113,R2,SKU_E,401,0,0,215
113,R3,SKU_A,34,0,0,1368
113,R3,SKU_B,518,0,0,447
113,R3,SKU_C,69,0,0,1059
113,R3,SKU_D,186,0,0,781
113,R3,SKU_E,297,0,0,537
114,Supplier,SKU_A,0,0,0,0
114,Supplier,SKU_B,0,0,0,0
114,Supplier,SKU_C,0,0,0,0
114,Supplier,SKU_D,0,0,0,0
114,Supplier,SKU_E,0,0,0,0
114,W1,SKU_A,594,0,0,1962
114,W1,SKU_B,255,0,0,1079
114,W1,SKU_C,0,0,198,1431
114,W1,SKU_D,0,0,79,815
114,W1,SKU_E,0,0,269,600
114,W2,SKU_A,1498,0,0,1498
114,W2,SKU_B,1165,0,0,505
114,W2,SKU_C,1208,0,0,1099
114,W2,SKU_D,0,0,540,647
114,W2,SKU_E,253,0,0,539
114,R1,SKU_A,882,0,0,0
114,R1,SKU_B,340,0,0,0
114,R1,SKU_C,393,0,0,0
114,R1,SKU_D,204,0,0,0
114,R1,SKU_E,237,0,0,0
114,R2,SKU_A,0,192,0,433
114,R2,SKU_B,0,5,0,287
114,R2,SKU_C,41,0,0,265
114,R2,SKU_D,324,0,0,187
114,R2,SKU_E,346,0,0,215
114,R3,SKU_A,0,199,0,1368
114,R3,SKU_B,437,0,0,447
114,R3,SKU_C,0,96,0,1059
114,R3,SKU_D,84,0,0,781
114,R3,SKU_E,224,0,0,537
115,Supplier,SKU_A,0,0,0,0
115,Supplier,SKU_B,0,0,0,0
115,Supplier,SKU_C,0,0,0,0
115,Supplier,SKU_D,0,0,0,0
115,Supplier,SKU_E,0,0,0,0
115,W1,SKU_A,1187,0,0,1062
115,W1,SKU_B,536,0,0,641
115,W1,SKU_C,286,0,0,778
115,W1,SKU_D,143,0,0,466
115,W1,SKU_E,0,0,80,298
115,W2,SKU_A,1715,0,0,1579
115,W2,SKU_B,1252,0,0,548
115,W2,SKU_C,1312,0,0,1187
115,W2,SKU_D,0,0,467,708
115,W2,SKU_E,301,0,0,646
115,R1,SKU_A,734,0,0,602
115,R1,SKU_B,254,0,0,348
115,R1,SKU_C,269,0,0,572
115,R1,SKU_D,140,0,0,306
115,R1,SKU_E,190,0,0,204
115,R2,SKU_A,149,0,0,425
115,R2,SKU_B,235,0,0,284
115,R2,SKU_C,258,0,0,266
115,R2,SKU_D,480,0,0,154
115,R2,SKU_E,509,0,0,102
115,R3,SKU_A,334,0,0,651
115,R3,SKU_B,640,0,0,204
115,R3,SKU_C,354,0,0,504
115,R3,SKU_D,471,0,0,304
115,R3,SKU_E,456,0,0,229
116,Supplier,SKU_A,0,0,0,0
116,Supplier,SKU_B,0,0,0,0
116,Supplier,SKU_C,0,0,0,0
116,Supplier,SKU_D,0,0,0,0
116,Supplier,SKU_E,0,0,0,0
116,W1,SKU_A,947,0,0,2089
116,W1,SKU_B,403,0,0,1273
116,W1,SKU_C,114,0,0,1616
116,W1,SKU_D,48,0,0,926
116,W1,SKU_E,0,0,179,684
116,W2,SKU_A,1531,0,0,1579
116,W2,SKU_B,1212,0,0,548
116,W2,SKU_C,1207,0,0,1187
116,W2,SKU_D,0,0,557,708
116,W2,SKU_E,225,0,0,646
116,R1,SKU_A,608,0,0,602
116,R1,SKU_B,198,0,0,348
116,R1,SKU_C,164,0,0,572
116,R1,SKU_D,81,0,0,306
116,R1,SKU_E,146,0,0,204
116,R2,SKU_A,76,0,0,425
116,R2,SKU_B,171,0,0,284
116,R2,SKU_C,204,0,0,266
116,R2,SKU_D,447,0,0,154
116,R2,SKU_E,467,0,0,102
116,R3,SKU_A,181,0,0,1279
116,R3,SKU_B,579,0,0,426
116,R3,SKU_C,288,0,0,902
116,R3,SKU_D,392,0,0,479
116,R3,SKU_E,384,0,0,487
117,Supplier,SKU_A,0,0,0,0
117,Supplier,SKU_B,0,0,0,0
117,Supplier,SKU_C,0,0,0,0
117,Supplier,SKU_D,0,0,0,0
117,Supplier,SKU_E,0,0,0,0
117,W1,SKU_A,748,0,0,2089
117,W1,SKU_B,283,0,0,1273
117,W1,SKU_C,0,0,45,1616
117,W1,SKU_D,0,0,44,926
117,W1,SKU_E,0,0,265,684
117,W2,SKU_A,1821,0,0,1136
117,W2,SKU_B,1308,0,0,391
117,W2,SKU_C,1475,0,0,853
117,W2,SKU_D,0,0,448,520
117,W2,SKU_E,336,0,0,463
117,R1,SKU_A,1045,0,0,0
117,R1,SKU_B,442,0,0,0
117,R1,SKU_C,602,0,0,0
117,R1,SKU_D,329,0,0,0
117,R1,SKU_E,303,0,0,0
117,R2,SKU_A,0,15,0,425
117,R2,SKU_B,100,0,0,284
117,R2,SKU_C,158,0,0,266
117,R2,SKU_D,396,0,0,154
117,R2,SKU_E,415,0,0,102
117,R3,SKU_A,558,0,0,628
117,R3,SKU_B,673,0,0,222
117,R3,SKU_C,649,0,0,398
117,R3,SKU_D,572,0,0,175
117,R3,SKU_E,493,0,0,258
118,Supplier,SKU_A,0,0,0,0
118,Supplier,SKU_B,0,0,0,0
118,Supplier,SKU_C,0,0,0,0
118,Supplier,SKU_D,0,0,0,0
118,Supplier,SKU_E,0,0,0,0
118,W1,SKU_A,1554,0,0,1027
118,W1,SKU_B,749,0,0,632
118,W1,SKU_C,553,0,0,838
118,W1,SKU_D,313,0,0,460
118,W1,SKU_E,0,0,66,386
118,W2,SKU_A,1547,0,0,1706
118,W2,SKU_B,1198,0,0,573
118,W2,SKU_C,1332,0,0,1189
118,W2,SKU_D,0,0,572,791
118,W2,SKU_E,216,0,0,684
118,R1,SKU_A,804,0,0,439
118,R1,SKU_B,319,0,0,246
118,R1,SKU_C,362,0,0,363
118,R1,SKU_D,220,0,0,181
118,R1,SKU_E,251,0,0,138
118,R2,SKU_A,317,0,0,256
118,R2,SKU_B,300,0,0,182
118,R2,SKU_C,343,0,0,148
118,R2,SKU_D,493,0,0,115
118,R2,SKU_E,460,0,0,160
118,R3,SKU_A,191,0,0,628
118,R3,SKU_B,579,0,0,222
118,R3,SKU_C,429,0,0,398
118,R3,SKU_D,418,0,0,175
118,R3,SKU_E,397,0,0,258
119,Supplier,SKU_A,0,0,0,0
119,Supplier,SKU_B,0,0,0,0
119,Supplier,SKU_C,0,0,0,0
119,Supplier,SKU_D,0,0,0,0
119,Supplier,SKU_E,0,0,0,0
119,W1,SKU_A,1220,0,0,1722
119,W1,SKU_B,542,0,0,1060
119,W1,SKU_C,232,0,0,1349
119,W1,SKU_D,147,0,0,756
119,W1,SKU_E,0,0,175,670
119,W2,SKU_A,1785,0,0,1101
119,W2,SKU_B,1284,0,0,393
119,W2,SKU_C,1608,0,0,693
119,W2,SKU_D,0,0,442,507
119,W2,SKU_E,355,0,0,449
119,R1,SKU_A,523,0,0,439
119,R1,SKU_B,209,0,0,246
119,R1,SKU_C,198,0,0,363
119,R1,SKU_D,125,0,0,181
119,R1,SKU_E,181,0,0,138
119,R2,SKU_A,175,0,0,256
119,R2,SKU_B,220,0,0,182
119,R2,SKU_C,245,0,0,148
119,R2,SKU_D,430,0,0,115
119,R2,SKU_E,402,0,0,160
119,R3,SKU_A,0,187,0,1422
119,R3,SKU_B,457,0,0,487
119,R3,SKU_C,92,0,0,827
119,R3,SKU_D,278,0,0,647
119,R3,SKU_E,299,0,0,546
120,Supplier,SKU_A,0,0,0,0
120,Supplier,SKU_B,0,0,0,0
120,Supplier,SKU_C,0,0,0,0
120,Supplier,SKU_D,0,0,0,0
120,Supplier,SKU_E,0,0,0,0
120,W1,SKU_A,797,0,0,1722
120,W1,SKU_B,352,0,0,1060
120,W1,SKU_C,0,0,30,1349
120,W1,SKU_D,0,0,11,756
120,W1,SKU_E,0,0,303,670
120,W2,SKU_A,1407,0,0,1742
120,W2,SKU_B,1162,0,0,597
120,W2,SKU_C,1271,0,0,1056
120,W2,SKU_D,0,0,582,785
120,W2,SKU_E,257,0,0,665
120,R1,SKU_A,796,0,0,0
120,R1,SKU_B,391,0,0,0
120,R1,SKU_C,449,0,0,0
120,R1,SKU_D,237,0,0,0
120,R1,SKU_E,255,0,0,0
120,R2,SKU_A,69,0,0,256
120,R2,SKU_B,150,0,0,182
120,R2,SKU_C,189,0,0,148
120,R2,SKU_D,396,0,0,115
120,R2,SKU_E,361,0,0,160
120,R3,SKU_A,216,0,0,794
120,R3,SKU_B,588,0,0,265
120,R3,SKU_C,296,0,0,429
120,R3,SKU_D,369,0,0,472
120,R3,SKU_E,467,0,0,288
121,Supplier,SKU_A,0,0,0,0
121,Supplier,SKU_B,0,0,0,0
121,Supplier,SKU_C,0,0,0,0
121,Supplier,SKU_D,0,0,0,0
121,Supplier,SKU_E,0,0,0,0
121,W1,SKU_A,1552,0,0,695
121,W1,SKU_B,850,0,0,428
121,W1,SKU_C,640,0,0,511
121,W1,SKU_D,346,0,0,296
121,W1,SKU_E,0,0,22,284
121,W2,SKU_A,1713,0,0,1211
121,W2,SKU_B,1282,0,0,386
121,W2,SKU_C,1434,0,0,699
121,W2,SKU_D,0,0,430,549
121,W2,SKU_E,395,0,0,437
121,R1,SKU_A,692,0,0,688
121,R1,SKU_B,339,0,0,297
121,R1,SKU_C,346,0,0,516
121,R1,SKU_D,183,0,0,273
121,R1,SKU_E,232,0,0,186
121,R2,SKU_A,225,0,0,341
121,R2,SKU_B,273,0,0,234
121,R2,SKU_C,271,0,0,235
121,R2,SKU_D,462,0,0,154
121,R2,SKU_E,487,0,0,200
121,R3,SKU_A,46,0,0,1397
121,R3,SKU_B,524,0,0,478
121,R3,SKU_C,191,0,0,960
121,R3,SKU_D,303,0,0,708
121,R3,SKU_E,403,0,0,476
122,Supplier,SKU_A,0,0,0,0
122,Supplier,SKU_B,0,0,0,0
122,Supplier,SKU_C,0,0,0,0
122,Supplier,SKU_D,0,0,0,0
122,Supplier,SKU_E,0,0,0,0
122,W1,SKU_A,1348,0,0,1724
122,W1,SKU_B,739,0,0,959
122,W1,SKU_C,471,0,0,1262
122,W1,SKU_D,243,0,0,723
122,W1,SKU_E,0,0,79,626
122,W2,SKU_A,1543,0,0,1814
122,W2,SKU_B,1218,0,0,599
122,W2,SKU_C,1329,0,0,1230
122,W2,SKU_D,0,0,496,773
122,W2,SKU_E,331,0,0,625
122,R1,SKU_A,556,0,0,688
122,R1,SKU_B,269,0,0,297
122,R1,SKU_C,227,0,0,516
122,R1,SKU_D,124,0,0,273
122,R1,SKU_E,183,0,0,186
122,R2,SKU_A,116,0,0,341
122,R2,SKU_B,210,0,0,234
122,R2,SKU_C,210,0,0,235
122,R2,SKU_D,413,0,0,154
122,R2,SKU_E,452,0,0,200
122,R3,SKU_A,0,106,0,1397
122,R3,SKU_B,441,0,0,478
122,R3,SKU_C,75,0,0,960
122,R3,SKU_D,237,0,0,708
122,R3,SKU_E,344,0,0,476
123,Supplier,SKU_A,0,0,0,0
123,Supplier,SKU_B,0,0,0,0
123,Supplier,SKU_C,0,0,0,0
123,Supplier,SKU_D,0,0,0,0
123,Supplier,SKU_E,0,0,0,0
123,W1,SKU_A,1103,0,0,1724
123,W1,SKU_B,606,0,0,959
123,W1,SKU_C,291,0,0,1262
123,W1,SKU_D,135,0,0,723
123,W1,SKU_E,0,0,163,626
123,W2,SKU_A,1391,0,0,1814
123,W2,SKU_B,1135,0,0,599
123,W2,SKU_C,1213,0,0,1230
123,W2,SKU_D,0,0,562,773
123,W2,SKU_E,272,0,0,625
123,R1,SKU_A,1076,0,0,0
123,R1,SKU_B,500,0,0,0
123,R1,SKU_C,634,0,0,0
123,R1,SKU_D,349,0,0,0
123,R1,SKU_E,328,0,0,0
123,R2,SKU_A,19,0,0,341
123,R2,SKU_B,127,0,0,234
123,R2,SKU_C,129,0,0,235
123,R2,SKU_D,366,0,0,154
123,R2,SKU_E,410,0,0,200
123,R3,SKU_A,512,0,0,603
123,R3,SKU_B,626,0,0,213
123,R3,SKU_C,358,0,0,531
123,R3,SKU_D,623,0,0,236
123,R3,SKU_E,537,0,0,188
124,Supplier,SKU_A,0,0,0,0
124,Supplier,SKU_B,0,0,0,0
124,Supplier,SKU_C,0,0,0,0
124,Supplier,SKU_D,0,0,0,0
124,Supplier,SKU_E,0,0,0,0
124,W1,SKU_A,1533,0,0,1029
124,W1,SKU_B,885,0,0,531
124,W1,SKU_C,612,0,0,751
124,W1,SKU_D,336,0,0,427
124,W1,SKU_E,38,0,0,342
124,W2,SKU_A,1785,0,0,1244
124,W2,SKU_B,1237,0,0,417
124,W2,SKU_C,1403,0,0,894
124,W2,SKU_D,0,0,377,502
124,W2,SKU_E,398,0,0,404
124,R1,SKU_A,918,0,0,408
124,R1,SKU_B,410,0,0,188
124,R1,SKU_C,488,0,0,331
124,R1,SKU_D,275,0,0,161
124,R1,SKU_E,282,0,0,113
124,R2,SKU_A,249,0,0,306
124,R2,SKU_B,271,0,0,205
124,R2,SKU_C,263,0,0,208
124,R2,SKU_D,466,0,0,145
124,R2,SKU_E,561,0,0,133
124,R3,SKU_A,333,0,0,1101
124,R3,SKU_B,529,0,0,440
124,R3,SKU_C,227,0,0,898
124,R3,SKU_D,527,0,0,507
124,R3,SKU_E,459,0,0,406
125,Supplier,SKU_A,0,0,0,0
125,Supplier,SKU_B,0,0,0,0
125,Supplier,SKU_C,0,0,0,0
125,Supplier,SKU_D,0,0,0,0
125,Supplier,SKU_E,0,0,0,0
125,W1,SKU_A,1264,0,0,1743
125,W1,SKU_B,705,0,0,924
125,W1,SKU_C,365,0,0,1290
125,W1,SKU_D,208,0,0,733
125,W1,SKU_E,0,0,57,566
125,W2,SKU_A,1606,0,0,1742
125,W2,SKU_B,1140,0,0,644
125,W2,SKU_C,1272,0,0,1261
125,W2,SKU_D,0,0,473,720
125,W2,SKU_E,320,0,0,622
125,R1,SKU_A,679,0,0,408
125,R1,SKU_B,300,0,0,188
125,R1,SKU_C,296,0,0,331
125,R1,SKU_D,177,0,0,161
125,R1,SKU_E,236,0,0,113
125,R2,SKU_A,122,0,0,306
125,R2,SKU_B,194,0,0,205
125,R2,SKU_C,188,0,0,208
125,R2,SKU_D,405,0,0,145
125,R2,SKU_E,519,0,0,133
125,R3,SKU_A,721,0,0,498
125,R3,SKU_B,642,0,0,227
125,R3,SKU_C,586,0,0,367
125,R3,SKU_D,630,0,0,271
125,R3,SKU_E,544,0,0,218
126,Supplier,SKU_A,0,0,0,0
126,Supplier,SKU_B,0,0,0,0
126,Supplier,SKU_C,0,0,0,0
126,Supplier,SKU_D,0,0,0,0
126,Supplier,SKU_E,0,0,0,0
126,W1,SKU_A,898,0,0,1743
126,W1,SKU_B,518,0,0,924
126,W1,SKU_C,98,0,0,1290
126,W1,SKU_D,49,0,0,733
126,W1,SKU_E,0,0,145,566
126,W2,SKU_A,2032,0,0,1101
126,W2,SKU_B,1244,0,0,440
126,W2,SKU_C,1463,0,0,898
126,W2,SKU_D,0,0,328,442
126,W2,SKU_E,433,0,0,406
126,R1,SKU_A,857,0,0,0
126,R1,SKU_B,375,0,0,0
126,R1,SKU_C,452,0,0,0
126,R1,SKU_D,231,0,0,0
126,R1,SKU_E,287,0,0,0
126,R2,SKU_A,0,5,0,306
126,R2,SKU_B,117,0,0,205
126,R2,SKU_C,105,0,0,208
126,R2,SKU_D,338,0,0,145
126,R2,SKU_E,455,0,0,133
126,R3,SKU_A,511,0,0,498
126,R3,SKU_B,569,0,0,227
126,R3,SKU_C,420,0,0,367
126,R3,SKU_D,516,0,0,271
126,R3,SKU_E,443,0,0,218
127,Supplier,SKU_A,0,0,0,0
127,Supplier,SKU_B,0,0,0,0
127,Supplier,SKU_C,0,0,0,0
127,Supplier,SKU_D,0,0,0,0
127,Supplier,SKU_E,0,0,0,0
127,W1,SKU_A,1570,0,0,714
127,W1,SKU_B,859,0,0,393
127,W1,SKU_C,591,0,0,539
127,W1,SKU_D,302,0,0,306
127,W1,SKU_E,71,0,0,224
127,W2,SKU_A,1822,0,0,1495
127,W2,SKU_B,1171,0,0,637
127,W2,SKU_C,1297,0,0,1201
127,W2,SKU_D,0,0,442,671
127,W2,SKU_E,332,0,0,587
127,R1,SKU_A,718,0,0,627
127,R1,SKU_B,299,0,0,313
127,R1,SKU_C,340,0,0,513
127,R1,SKU_D,177,0,0,279
127,R1,SKU_E,251,0,0,154
127,R2,SKU_A,189,0,0,365
127,R2,SKU_B,243,0,0,244
127,R2,SKU_C,256,0,0,259
127,R2,SKU_D,445,0,0,182
127,R2,SKU_E,540,0,0,155
127,R3,SKU_A,364,0,0,1102
127,R3,SKU_B,495,0,0,497
127,R3,SKU_C,319,0,0,836
127,R3,SKU_D,414,0,0,549
127,R3,SKU_E,348,0,0,500
128,Supplier,SKU_A,0,0,0,0
128,Supplier,SKU_B,0,0,0,0
128,Supplier,SKU_C,0,0,0,0
128,Supplier,SKU_D,0,0,0,0
128,Supplier,SKU_E,0,0,0,0
128,W1,SKU_A,1319,0,0,1706
128,W1,SKU_B,704,0,0,950
128,W1,SKU_C,422,0,0,1311
128,W1,SKU_D,210,0,0,767
128,W1,SKU_E,0,0,13,533
128,W2,SKU_A,2278,0,0,892
128,W2,SKU_B,1310,0,0,424
128,W2,SKU_C,1727,0,0,670
128,W2,SKU_D,0,0,320,447
128,W2,SKU_E,425,0,0,399
128,R1,SKU_A,570,0,0,627
128,R1,SKU_B,234,0,0,313
128,R1,SKU_C,239,0,0,513
128,R1,SKU_D,113,0,0,279
128,R1,SKU_E,214,0,0,154
128,R2,SKU_A,71,0,0,365
128,R2,SKU_B,162,0,0,244
128,R2,SKU_C,200,0,0,259
128,R2,SKU_D,385,0,0,182
128,R2,SKU_E,465,0,0,155
128,R3,SKU_A,684,0,0,604
128,R3,SKU_B,647,0,0,270
128,R3,SKU_C,578,0,0,469
128,R3,SKU_D,600,0,0,278
128,R3,SKU_E,467,0,0,282
129,Supplier,SKU_A,0,0,0,0
129,Supplier,SKU_B,0,0,0,0
129,Supplier,SKU_C,0,0,0,0
129,Supplier,SKU_D,0,0,0,0
129,Supplier,SKU_E,0,0,0,0
129,W1,SKU_A,1053,0,0,1706
129,W1,SKU_B,558,0,0,950
129,W1,SKU_C,265,0,0,1311
129,W1,SKU_D,86,0,0,767
129,W1,SKU_E,0,0,125,533
129,W2,SKU_A,2100,0,0,1249
129,W2,SKU_B,1235,0,0,571
129,W2,SKU_C,1619,0,0,937
129,W2,SKU_D,0,0,405,663
129,W2,SKU_E,326,0,0,595
129,R1,SKU_A,1043,0,0,0
129,R1,SKU_B,471,0,0,0
129,R1,SKU_C,658,0,0,0
129,R1,SKU_D,317,0,0,0
129,R1,SKU_E,341,0,0,0
129,R2,SKU_A,0,30,0,365
129,R2,SKU_B,98,0,0,244
129,R2,SKU_C,169,0,0,259
129,R2,SKU_D,340,0,0,182
129,R2,SKU_E,416,0,0,155
129,R3,SKU_A,505,0,0,604
129,R3,SKU_B,592,0,0,270
129,R3,SKU_C,444,0,0,469
129,R3,SKU_D,513,0,0,278
129,R3,SKU_E,390,0,0,282
130,Supplier,SKU_A,0,0,0,0
130,Supplier,SKU_B,0,0,0,0
130,Supplier,SKU_C,0,0,0,0
130,Supplier,SKU_D,0,0,0,0
130,Supplier,SKU_E,0,0,0,0
130,W1,SKU_A,1512,0,0,992
130,W1,SKU_B,811,0,0,557
130,W1,SKU_C,679,0,0,772
130,W1,SKU_D,272,0,0,461
130,W1,SKU_E,23,0,0,309
130,W2,SKU_A,1921,0,0,1249
130,W2,SKU_B,1180,0,0,571
130,W2,SKU_C,1485,0,0,937
130,W2,SKU_D,0,0,492,663
130,W2,SKU_E,249,0,0,595
130,R1,SKU_A,895,0,0,441
130,R1,SKU_B,391,0,0,217
130,R1,SKU_C,560,0,0,307
130,R1,SKU_D,267,0,0,193
130,R1,SKU_E,294,0,0,100
130,R2,SKU_A,231,0,0,331
130,R2,SKU_B,295,0,0,224
130,R2,SKU_C,378,0,0,144
130,R2,SKU_D,463,0,0,143
130,R2,SKU_E,532,0,0,172
130,R3,SKU_A,338,0,0,1108
130,R3,SKU_B,525,0,0,474
130,R3,SKU_C,311,0,0,812
130,R3,SKU_D,409,0,0,502
130,R3,SKU_E,312,0,0,553
131,Supplier,SKU_A,0,0,0,0
131,Supplier,SKU_B,0,0,0,0
131,Supplier,SKU_C,0,0,0,0
131,Supplier,SKU_D,0,0,0,0
131,Supplier,SKU_E,0,0,0,0
131,W1,SKU_A,1260,0,0,1764
131,W1,SKU_B,684,0,0,998
131,W1,SKU_C,531,0,0,1223
131,W1,SKU_D,163,0,0,797
131,W1,SKU_E,0,0,63,581
131,W2,SKU_A,2252,0,0,751
131,W2,SKU_B,1340,0,0,344
131,W2,SKU_C,1719,0,0,570
131,W2,SKU_D,0,0,378,445
131,W2,SKU_E,389,0,0,377
131,R1,SKU_A,739,0,0,441
131,R1,SKU_B,314,0,0,217
131,R1,SKU_C,449,0,0,307
131,R1,SKU_D,186,0,0,193
131,R1,SKU_E,255,0,0,100
131,R2,SKU_A,121,0,0,331
131,R2,SKU_B,211,0,0,224
131,R2,SKU_C,344,0,0,144
131,R2,SKU_D,426,0,0,143
131,R2,SKU_E,483,0,0,172
131,R3,SKU_A,748,0,0,504
131,R3,SKU_B,715,0,0,204
131,R3,SKU_C,665,0,0,343
131,R3,SKU_D,595,0,0,224
131,R3,SKU_E,499,0,0,271
132,Supplier,SKU_A,0,0,0,0
132,Supplier,SKU_B,0,0,0,0
132,Supplier,SKU_C,0,0,0,0
132,Supplier,SKU_D,0,0,0,0
132,Supplier,SKU_E,0,0,0,0
132,W1,SKU_A,994,0,0,1764
132,W1,SKU_B,523,0,0,998
132,W1,SKU_C,386,0,0,1223
132,W1,SKU_D,45,0,0,797
132,W1,SKU_E,0,0,151,581
132,W2,SKU_A,2058,0,0,1275
132,W2,SKU_B,1260,0,0,541
132,W2,SKU_C,1604,0,0,945
132,W2,SKU_D,0,0,470,721
132,W2,SKU_E,294,0,0,631
132,R1,SKU_A,995,0,0,0
132,R1,SKU_B,438,0,0,0
132,R1,SKU_C,559,0,0,0
132,R1,SKU_D,289,0,0,0
132,R1,SKU_E,304,0,0,0
132,R2,SKU_A,0,16,0,331
132,R2,SKU_B,136,0,0,224
132,R2,SKU_C,272,0,0,144
132,R2,SKU_D,381,0,0,143
132,R2,SKU_E,429,0,0,172
132,R3,SKU_A,507,0,0,504
132,R3,SKU_B,611,0,0,204
132,R3,SKU_C,471,0,0,343
132,R3,SKU_D,467,0,0,224
132,R3,SKU_E,420,0,0,271
133,Supplier,SKU_A,0,0,0,0
133,Supplier,SKU_B,0,0,0,0
133,Supplier,SKU_C,0,0,0,0
133,Supplier,SKU_D,0,0,0,0
133,Supplier,SKU_E,0,0,0,0
133,W1,SKU_A,1664,0,0,772
133,W1,SKU_B,912,0,0,441
133,W1,SKU_C,889,0,0,451
133,W1,SKU_D,371,0,0,336
133,W1,SKU_E,53,0,0,272
133,W2,SKU_A,2211,0,0,881
133,W2,SKU_B,1353,0,0,344
133,W2,SKU_C,1713,0,0,642
133,W2,SKU_D,0,0,369,492
133,W2,SKU_E,396,0,0,450
133,R1,SKU_A,772,0,0,489
133,R1,SKU_B,322,0,0,250
133,R1,SKU_C,314,0,0,406
133,R1,SKU_D,199,0,0,221
133,R1,SKU_E,249,0,0,137
133,R2,SKU_A,178,0,0,351
133,R2,SKU_B,254,0,0,206
133,R2,SKU_C,350,0,0,156
133,R2,SKU_D,453,0,0,141
133,R2,SKU_E,547,0,0,142
133,R3,SKU_A,259,0,0,1106
133,R3,SKU_B,525,0,0,455
133,R3,SKU_C,249,0,0,785
133,R3,SKU_D,323,0,0,671
133,R3,SKU_E,313,0,0,523
134,Supplier,SKU_A,0,0,0,0
134,Supplier,SKU_B,0,0,0,0
134,Supplier,SKU_C,0,0,0,0
134,Supplier,SKU_D,0,0,0,0
134,Supplier,SKU_E,0,0,0,0
134,W1,SKU_A,1304,0,0,1612
134,W1,SKU_B,690,0,0,897
134,W1,SKU_C,578,0,0,1013
134,W1,SKU_D,210,0,0,698
134,W1,SKU_E,0,0,56,551
134,W2,SKU_A,1963,0,0,1316
134,W2,SKU_B,1267,0,0,528
134,W2,SKU_C,1491,0,0,951
134,W2,SKU_D,0,0,513,712
134,W2,SKU_E,289,0,0,624
134,R1,SKU_A,607,0,0,489
134,R1,SKU_B,190,0,0,250
134,R1,SKU_C,133,0,0,406
134,R1,SKU_D,122,0,0,221
134,R1,SKU_E,196,0,0,137
134,R2,SKU_A,51,0,0,351
134,R2,SKU_B,173,0,0,206
134,R2,SKU_C,254,0,0,156
134,R2,SKU_D,388,0,0,141
134,R2,SKU_E,490,0,0,142
134,R3,SKU_A,542,0,0,602
134,R3,SKU_B,651,0,0,251
134,R3,SKU_C,414,0,0,442
134,R3,SKU_D,439,0,0,447
134,R3,SKU_E,492,0,0,252
135,Supplier,SKU_A,0,0,0,0
135,Supplier,SKU_B,0,0,0,0
135,Supplier,SKU_C,0,0,0,0
135,Supplier,SKU_D,0,0,0,0
135,Supplier,SKU_E,0,0,0,0
135,W1,SKU_A,1012,0,0,1612
135,W1,SKU_B,477,0,0,897
135,W1,SKU_C,301,0,0,1013
135,W1,SKU_D,68,0,0,698
135,W1,SKU_E,0,0,166,551
135,W2,SKU_A,2099,0,0,959
135,W2,SKU_B,1336,0,0,381
135,W2,SKU_C,1580,0,0,684
135,W2,SKU_D,0,0,405,496
135,W2,SKU_E,393,0,0,428
135,R1,SKU_A,951,0,0,0
135,R1,SKU_B,375,0,0,0
135,R1,SKU_C,413,0,0,0
135,R1,SKU_D,276,0,0,0
135,R1,SKU_E,306,0,0,0
135,R2,SKU_A,0,68,0,351
135,R2,SKU_B,101,0,0,206
135,R2,SKU_C,179,0,0,156
135,R2,SKU_D,339,0,0,141
135,R2,SKU_E,428,0,0,142
135,R3,SKU_A,414,0,0,602
135,R3,SKU_B,630,0,0,251
135,R3,SKU_C,312,0,0,442
135,R3,SKU_D,347,0,0,447
135,R3,SKU_E,428,0,0,252
136,Supplier,SKU_A,0,0,0,0
136,Supplier,SKU_B,0,0,0,0
136,Supplier,SKU_C,0,0,0,0
136,Supplier,SKU_D,0,0,0,0
136,Supplier,SKU_E,0,0,0,0
136,W1,SKU_A,1520,0,0,840
136,W1,SKU_B,781,0,0,456
136,W1,SKU_C,551,0,0,562
136,W1,SKU_D,288,0,0,362
136,W1,SKU_E,17,0,0,279
136,W2,SKU_A,1971,0,0,1428
136,W2,SKU_B,1315,0,0,545
136,W2,SKU_C,1478,0,0,1084
136,W2,SKU_D,0,0,497,748
136,W2,SKU_E,329,0,0,627
136,R1,SKU_A,816,0,0,533
136,R1,SKU_B,309,0,0,313
136,R1,SKU_C,290,0,0,552
136,R1,SKU_D,225,0,0,234
136,R1,SKU_E,275,0,0,135
136,R2,SKU_A,170,0,0,383
136,R2,SKU_B,223,0,0,259
136,R2,SKU_C,279,0,0,237
136,R2,SKU_D,445,0,0,185
136,R2,SKU_E,510,0,0,173
136,R3,SKU_A,240,0,0,1199
136,R3,SKU_B,564,0,0,436
136,R3,SKU_C,227,0,0,944
136,R3,SKU_D,253,0,0,663
136,R3,SKU_E,353,0,0,515
137,Supplier,SKU_A,0,0,0,0
137,Supplier,SKU_B,0,0,0,0
137,Supplier,SKU_C,0,0,0,0
137,Supplier,SKU_D,0,0,0,0
137,Supplier,SKU_E,0,0,0,0
137,W1,SKU_A,1272,0,0,1756
137,W1,SKU_B,631,0,0,1028
137,W1,SKU_C,372,0,0,1351
137,W1,SKU_D,202,0,0,781
137,W1,SKU_E,0,0,74,587
137,W2,SKU_A,1797,0,0,1428
137,W2,SKU_B,1249,0,0,545
137,W2,SKU_C,1393,0,0,1084
137,W2,SKU_D,0,0,591,748
137,W2,SKU_E,254,0,0,627
137,R1,SKU_A,676,0,0,533
137,R1,SKU_B,226,0,0,313
137,R1,SKU_C,180,0,0,552
137,R1,SKU_D,162,0,0,234
137,R1,SKU_E,239,0,0,135
137,R2,SKU_A,53,0,0,383
137,R2,SKU_B,161,0,0,259
137,R2,SKU_C,205,0,0,237
137,R2,SKU_D,385,0,0,185
137,R2,SKU_E,468,0,0,173
137,R3,SKU_A,705,0,0,597
137,R3,SKU_B,764,0,0,185
137,R3,SKU_C,575,0,0,502
137,R3,SKU_D,618,0,0,216
137,R3,SKU_E,531,0,0,263
138,Supplier,SKU_A,0,0,0,0
138,Supplier,SKU_B,0,0,0,0
138,Supplier,SKU_C,0,0,0,0
138,Supplier,SKU_D,0,0,0,0
138,Supplier,SKU_E,0,0,0,0
138,W1,SKU_A,1015,0,0,1756
138,W1,SKU_B,486,0,0,1028
138,W1,SKU_C,188,0,0,1351
138,W1,SKU_D,79,0,0,781
138,W1,SKU_E,0,0,152,587
138,W2,SKU_A,2184,0,0,904
138,W2,SKU_B,1395,0,0,348
138,W2,SKU_C,1674,0,0,709
138,W2,SKU_D,0,0,397,472
138,W2,SKU_E,434,0,0,373
138,R1,SKU_A,1048,0,0,0
138,R1,SKU_B,464,0,0,0
138,R1,SKU_C,612,0,0,0
138,R1,SKU_D,330,0,0,0
138,R1,SKU_E,333,0,0,0
138,R2,SKU_A,0,58,0,383
138,R2,SKU_B,72,0,0,259
138,R2,SKU_C,131,0,0,237
138,R2,SKU_D,334,0,0,185
138,R2,SKU_E,412,0,0,173
138,R3,SKU_A,527,0,0,597
138,R3,SKU_B,706,0,0,185
138,R3,SKU_C,500,0,0,502
138,R3,SKU_D,518,0,0,216
138,R3,SKU_E,454,0,0,263
139,Supplier,SKU_A,0,0,0,0
139,Supplier,SKU_B,0,0,0,0
139,Supplier,SKU_C,0,0,0,0
139,Supplier,SKU_D,0,0,0,0
139,Supplier,SKU_E,0,0,0,0
139,W1,SKU_A,1583,0,0,916
139,W1,SKU_B,778,0,0,572
139,W1,SKU_C,556,0,0,789
139,W1,SKU_D,324,0,0,419
139,W1,SKU_E,30,0,0,308
139,W2,SKU_A,2006,0,0,1343
139,W2,SKU_B,1337,0,0,486
139,W2,SKU_C,1599,0,0,990
139,W2,SKU_D,0,0,497,740
139,W2,SKU_E,357,0,0,586
139,R1,SKU_A,857,0,0,436
139,R1,SKU_B,354,0,0,224
139,R1,SKU_C,437,0,0,353
139,R1,SKU_D,255,0,0,180
139,R1,SKU_E,282,0,0,108
139,R2,SKU_A,217,0,0,341
139,R2,SKU_B,266,0,0,235
139,R2,SKU_C,307,0,0,204
139,R2,SKU_D,444,0,0,146
139,R2,SKU_E,539,0,0,158
139,R3,SKU_A,257,0,0,1086
139,R3,SKU_B,609,0,0,360
139,R3,SKU_C,320,0,0,756
139,R3,SKU_D,365,0,0,492
139,R3,SKU_E,366,0,0,489
140,Supplier,SKU_A,0,0,0,0
140,Supplier,SKU_B,0,0,0,0
140,Supplier,SKU_C,0,0,0,0
140,Supplier,SKU_D,0,0,0,0
140,Supplier,SKU_E,0,0,0,0
140,W1,SKU_A,1284,0,0,1693
140,W1,SKU_B,603,0,0,1031
140,W1,SKU_C,320,0,0,1346
140,W1,SKU_D,174,0,0,745
140,W1,SKU_E,0,0,67,574
140,W2,SKU_A,2171,0,0,908
140,W2,SKU_B,1424,0,0,302
140,W2,SKU_C,1728,0,0,681
140,W2,SKU_D,0,0,430,520
140,W2,SKU_E,443,0,0,412
140,R1,SKU_A,635,0,0,436
140,R1,SKU_B,246,0,0,224
140,R1,SKU_C,261,0,0,353
140,R1,SKU_D,160,0,0,180
140,R1,SKU_E,227,0,0,108
140,R2,SKU_A,80,0,0,341
140,R2,SKU_B,189,0,0,235
140,R2,SKU_C,230,0,0,204
140,R2,SKU_D,384,0,0,146
140,R2,SKU_E,470,0,0,158
140,R3,SKU_A,629,0,0,489
140,R3,SKU_B,714,0,0,175
140,R3,SKU_C,628,0,0,254
140,R3,SKU_D,478,0,0,276
140,R3,SKU_E,531,0,0,226
141,Supplier,SKU_A,0,0,0,0
141,Supplier,SKU_B,0,0,0,0
141,Supplier,SKU_C,0,0,0,0
141,Supplier,SKU_D,0,0,0,0
141,Supplier,SKU_E,0,0,0,0
141,W1,SKU_A,925,0,0,1693
141,W1,SKU_B,418,0,0,1031
141,W1,SKU_C,67,0,0,1346
141,W1,SKU_D,19,0,0,745
141,W1,SKU_E,0,0,191,574
141,W2,SKU_A,1946,0,0,1356
141,W2,SKU_B,1344,0,0,457
141,W2,SKU_C,1534,0,0,936
141,W2,SKU_D,0,0,533,773
141,W2,SKU_E,345,0,0,577
141,R1,SKU_A,940,0,0,0
141,R1,SKU_B,431,0,0,0
141,R1,SKU_C,550,0,0,0
141,R1,SKU_D,282,0,0,0
141,R1,SKU_E,308,0,0,0
141,R2,SKU_A,2,0,0,341
141,R2,SKU_B,151,0,0,235
141,R2,SKU_C,182,0,0,204
141,R2,SKU_D,346,0,0,146
141,R2,SKU_E,422,0,0,158
141,R3,SKU_A,455,0,0,489
141,R3,SKU_B,655,0,0,175
141,R3,SKU_C,517,0,0,254
141,R3,SKU_D,376,0,0,276
141,R3,SKU_E,437,0,0,226
142,Supplier,SKU_A,0,0,0,0
142,Supplier,SKU_B,0,0,0,0
142,Supplier,SKU_C,0,0,0,0
142,Supplier,SKU_D,0,0,0,0
142,Supplier,SKU_E,0,0,0,0
142,W1,SKU_A,1632,0,0,777
142,W1,SKU_B,913,0,0,459
142,W1,SKU_C,744,0,0,557
142,W1,SKU_D,342,0,0,326
142,W1,SKU_E,42,0,0,266
142,W2,SKU_A,2241,0,0,887
142,W2,SKU_B,1449,0,0,293
142,W2,SKU_C,1823,0,0,536
142,W2,SKU_D,0,0,383,521
142,W2,SKU_E,450,0,0,378
142,R1,SKU_A,791,0,0,544
142,R1,SKU_B,384,0,0,257
142,R1,SKU_C,459,0,0,415
142,R1,SKU_D,232,0,0,228
142,R1,SKU_E,274,0,0,133
142,R2,SKU_A,261,0,0,323
142,R2,SKU_B,342,0,0,180
142,R2,SKU_C,343,0,0,186
142,R2,SKU_D,456,0,0,173
142,R2,SKU_E,530,0,0,163
142,R3,SKU_A,259,0,0,1158
142,R3,SKU_B,578,0,0,411
142,R3,SKU_C,425,0,0,739
142,R3,SKU_D,269,0,0,748
142,R3,SKU_E,352,0,0,506
143,Supplier,SKU_A,0,0,0,0
143,Supplier,SKU_B,0,0,0,0
143,Supplier,SKU_C,0,0,0,0
143,Supplier,SKU_D,0,0,0,0
143,Supplier,SKU_E,0,0,0,0
143,W1,SKU_A,1401,0,0,1644
143,W1,SKU_B,822,0,0,896
143,W1,SKU_C,610,0,0,1158
143,W1,SKU_D,256,0,0,727
143,W1,SKU_E,0,0,42,562
143,W2,SKU_A,2045,0,0,1286
143,W2,SKU_B,1372,0,0,432
143,W2,SKU_C,1731,0,0,841
143,W2,SKU_D,0,0,490,726
143,W2,SKU_E,365,0,0,570
143,R1,SKU_A,664,0,0,544
143,R1,SKU_B,331,0,0,257
143,R1,SKU_C,352,0,0,415
143,R1,SKU_D,173,0,0,228
143,R1,SKU_E,247,0,0,133
143,R2,SKU_A,176,0,0,323
143,R2,SKU_B,302,0,0,180
143,R2,SKU_C,312,0,0,186
143,R2,SKU_D,418,0,0,173
143,R2,SKU_E,464,0,0,163
143,R3,SKU_A,600,0,0,669
143,R3,SKU_B,678,0,0,236
143,R3,SKU_C,575,0,0,485
143,R3,SKU_D,460,0,0,472
143,R3,SKU_E,494,0,0,280
144,Supplier,SKU_A,0,0,0,0
144,Supplier,SKU_B,0,0,0,0
144,Supplier,SKU_C,0,0,0,0
144,Supplier,SKU_D,0,0,0,0
144,Supplier,SKU_E,0,0,0,0
144,W1,SKU_A,1189,0,0,1644
144,W1,SKU_B,729,0,0,896
144,W1,SKU_C,472,0,0,1158
144,W1,SKU_D,159,0,0,727
144,W1,SKU_E,0,0,135,562
144,W2,SKU_A,1897,0,0,1286
144,W2,SKU_B,1297,0,0,432
144,W2,SKU_C,1627,0,0,841
144,W2,SKU_D,0,0,575,726
144,W2,SKU_E,281,0,0,570
144,R1,SKU_A,1076,0,0,0
144,R1,SKU_B,518,0,0,0
144,R1,SKU_C,683,0,0,0
144,R1,SKU_D,333,0,0,0
144,R1,SKU_E,331,0,0,0
144,R2,SKU_A,89,0,0,323
144,R2,SKU_B,255,0,0,180
144,R2,SKU_C,258,0,0,186
144,R2,SKU_D,382,0,0,173
144,R2,SKU_E,420,0,0,163
144,R3,SKU_A,428,0,0,669
144,R3,SKU_B,627,0,0,236
144,R3,SKU_C,469,0,0,485
144,R3,SKU_D,353,0,0,472
144,R3,SKU_E,423,0,0,280
145,Supplier,SKU_A,0,0,0,0
145,Supplier,SKU_B,0,0,0,0
145,Supplier,SKU_C,0,0,0,0
145,Supplier,SKU_D,0,0,0,0
145,Supplier,SKU_E,0,0,0,0
145,W1,SKU_A,1747,0,0,867
145,W1,SKU_B,1071,0,0,437
145,W1,SKU_C,891,0,0,601
145,W1,SKU_D,381,0,0,401
145,W1,SKU_E,38,0,0,296
145,W2,SKU_A,2164,0,0,847
145,W2,SKU_B,1384,0,0,294
145,W2,SKU_C,1802,0,0,560
145,W2,SKU_D,0,0,414,458
145,W2,SKU_E,423,0,0,357
145,R1,SKU_A,931,0,0,408
145,R1,SKU_B,445,0,0,170
145,R1,SKU_C,569,0,0,282
145,R1,SKU_D,263,0,0,177
145,R1,SKU_E,284,0,0,110
145,R2,SKU_A,300,0,0,254
145,R2,SKU_B,390,0,0,131
145,R2,SKU_C,390,0,0,128
145,R2,SKU_D,505,0,0,110
145,R2,SKU_E,534,0,0,160
145,R3,SKU_A,231,0,0,1185
145,R3,SKU_B,547,0,0,439
145,R3,SKU_C,345,0,0,787
145,R3,SKU_D,262,0,0,740
145,R3,SKU_E,329,0,0,520
146,Supplier,SKU_A,0,0,0,0
146,Supplier,SKU_B,0,0,0,0
146,Supplier,SKU_C,0,0,0,0
146,Supplier,SKU_D,0,0,0,0
146,Supplier,SKU_E,0,0,0,0
146,W1,SKU_A,1490,0,0,1529
146,W1,SKU_B,953,0,0,738
146,W1,SKU_C,723,0,0,1011
146,W1,SKU_D,261,0,0,688
146,W1,SKU_E,0,0,58,566
146,W2,SKU_A,1967,0,0,1363
146,W2,SKU_B,1304,0,0,497
146,W2,SKU_C,1678,0,0,862
146,W2,SKU_D,0,0,505,757
146,W2,SKU_E,329,0,0,597
146,R1,SKU_A,713,0,0,408
146,R1,SKU_B,312,0,0,170
146,R1,SKU_C,385,0,0,282
146,R1,SKU_D,157,0,0,177
146,R1,SKU_E,237,0,0,110
146,R2,SKU_A,155,0,0,254
146,R2,SKU_B,311,0,0,131
146,R2,SKU_C,288,0,0,128
146,R2,SKU_D,448,0,0,110
146,R2,SKU_E,481,0,0,160
146,R3,SKU_A,650,0,0,516
146,R3,SKU_B,684,0,0,203
146,R3,SKU_C,638,0,0,302
146,R3,SKU_D,594,0,0,268
146,R3,SKU_E,518,0,0,240
147,Supplier,SKU_A,0,0,0,0
147,Supplier,SKU_B,0,0,0,0
147,Supplier,SKU_C,0,0,0,0
147,Supplier,SKU_D,0,0,0,0
147,Supplier,SKU_E,0,0,0,0
147,W1,SKU_A,1127,0,0,1529
147,W1,SKU_B,741,0,0,738
147,W1,SKU_C,437,0,0,1011
147,W1,SKU_D,98,0,0,688
147,W1,SKU_E,0,0,158,566
147,W2,SKU_A,2165,0,0,915
147,W2,SKU_B,1360,0,0,342
147,W2,SKU_C,1741,0,0,607
147,W2,SKU_D,0,0,392,504
147,W2,SKU_E,403,0,0,432
147,R1,SKU_A,944,0,0,0
147,R1,SKU_B,362,0,0,0
147,R1,SKU_C,441,0,0,0
147,R1,SKU_D,231,0,0,0
147,R1,SKU_E,276,0,0,0
147,R2,SKU_A,21,0,0,254
147,R2,SKU_B,225,0,0,131
147,R2,SKU_C,154,0,0,128
147,R2,SKU_D,388,0,0,110
147,R2,SKU_E,423,0,0,160
147,R3,SKU_A,392,0,0,516
147,R3,SKU_B,579,0,0,203
147,R3,SKU_C,453,0,0,302
147,R3,SKU_D,480,0,0,268
147,R3,SKU_E,404,0,0,240
148,Supplier,SKU_A,0,0,0,0
148,Supplier,SKU_B,0,0,0,0
148,Supplier,SKU_C,0,0,0,0
148,Supplier,SKU_D,0,0,0,0
148,Supplier,SKU_E,0,0,0,0
148,W1,SKU_A,1683,0,0,662
148,W1,SKU_B,972,0,0,301
148,W1,SKU_C,678,0,0,410
148,W1,SKU_D,336,0,0,287
148,W1,SKU_E,9,0,0,270
148,W2,SKU_A,1907,0,0,1362
148,W2,SKU_B,1255,0,0,521
148,W2,SKU_C,1556,0,0,923
148,W2,SKU_D,0,0,506,735
148,W2,SKU_E,289,0,0,617
148,R1,SKU_A,800,0,0,540
148,R1,SKU_B,281,0,0,326
148,R1,SKU_C,323,0,0,524
148,R1,SKU_D,167,0,0,279
148,R1,SKU_E,236,0,0,165
148,R2,SKU_A,150,0,0,391
148,R2,SKU_B,297,0,0,210
148,R2,SKU_C,208,0,0,290
148,R2,SKU_D,449,0,0,167
148,R2,SKU_E,542,0,0,160
148,R3,SKU_A,254,0,0,1221
148,R3,SKU_B,515,0,0,487
148,R3,SKU_C,356,0,0,803
148,R3,SKU_D,411,0,0,521
148,R3,SKU_E,346,0,0,539
149,Supplier,SKU_A,0,0,0,0
149,Supplier,SKU_B,0,0,0,0
149,Supplier,SKU_C,0,0,0,0
149,Supplier,SKU_D,0,0,0,0
149,Supplier,SKU_E,0,0,0,0
149,W1,SKU_A,1414,0,0,1593
149,W1,SKU_B,832,0,0,837
149,W1,SKU_C,486,0,0,1224
149,W1,SKU_D,223,0,0,733
149,W1,SKU_E,0,0,72,595
149,W2,SKU_A,2168,0,0,963
149,W2,SKU_B,1330,0,0,382
149,W2,SKU_C,1764,0,0,618
149,W2,SKU_D,0,0,370,530
149,W2,SKU_E,423,0,0,425
149,R1,SKU_A,654,0,0,540
149,R1,SKU_B,226,0,0,326
149,R1,SKU_C,237,0,0,524
149,R1,SKU_D,108,0,0,279
149,R1,SKU_E,201,0,0,165
149,R2,SKU_A,56,0,0,391
149,R2,SKU_B,245,0,0,210
149,R2,SKU_C,175,0,0,290
149,R2,SKU_D,407,0,0,167
149,R2,SKU_E,490,0,0,160
149,R3,SKU_A,601,0,0,705
149,R3,SKU_B,637,0,0,284
149,R3,SKU_C,550,0,0,501
149,R3,SKU_D,626,0,0,253
149,R3,SKU_E,516,0,0,299
150,Supplier,SKU_A,0,0,0,0
150,Supplier,SKU_B,0,0,0,0
150,Supplier,SKU_C,0,0,0,0
150,Supplier,SKU_D,0,0,0,0
150,Supplier,SKU_E,0,0,0,0
150,W1,SKU_A,1174,0,0,1593
150,W1,SKU_B,725,0,0,837
150,W1,SKU_C,367,0,0,1224
150,W1,SKU_D,122,0,0,733
150,W1,SKU_E,0,0,159,595
150,W2,SKU_A,1999,0,0,1359
150,W2,SKU_B,1249,0,0,551
150,W2,SKU_C,1656,0,0,900
150,W2,SKU_D,0,0,423,713
150,W2,SKU_E,353,0,0,597
150,R1,SKU_A,1078,0,0,0
150,R1,SKU_B,489,0,0,0
150,R1,SKU_C,673,0,0,0
150,R1,SKU_D,330,0,0,0
150,R1,SKU_E,341,0,0,0
150,R2,SKU_A,0,16,0,391
150,R2,SKU_B,194,0,0,210
150,R2,SKU_C,136,0,0,290
150,R2,SKU_D,364,0,0,167
150,R2,SKU_E,450,0,0,160
150,R3,SKU_A,423,0,0,705
150,R3,SKU_B,585,0,0,284
150,R3,SKU_C,423,0,0,501
150,R3,SKU_D,570,0,0,253
150,R3,SKU_E,436,0,0,299
151,Supplier,SKU_A,0,0,0,0
151,Supplier,SKU_B,0,0,0,0
151,Supplier,SKU_C,0,0,0,0
151,Supplier,SKU_D,0,0,0,0
151,Supplier,SKU_E,0,0,0,0
151,W1,SKU_A,1648,0,0,931
151,W1,SKU_B,912,0,0,536
151,W1,SKU_C,650,0,0,814
151,W1,SKU_D,309,0,0,446
151,W1,SKU_E,46,0,0,325
151,W2,SKU_A,1821,0,0,1359
151,W2,SKU_B,1197,0,0,551
151,W2,SKU_C,1529,0,0,900
151,W2,SKU_D,0,0,479,713
151,W2,SKU_E,273,0,0,597
151,R1,SKU_A,931,0,0,406
151,R1,SKU_B,436,0,0,199
151,R1,SKU_C,565,0,0,292
151,R1,SKU_D,256,0,0,180
151,R1,SKU_E,298,0,0,100
151,R2,SKU_A,276,0,0,291
151,R2,SKU_B,358,0,0,162
151,R2,SKU_C,362,0,0,146
151,R2,SKU_D,484,0,0,134
151,R2,SKU_E,568,0,0,133
151,R3,SKU_A,269,0,0,1190
151,R3,SKU_B,527,0,0,481
151,R3,SKU_C,308,0,0,833
151,R3,SKU_D,482,0,0,458
151,R3,SKU_E,366,0,0,507
152,Supplier,SKU_A,0,0,0,0
152,Supplier,SKU_B,0,0,0,0
152,Supplier,SKU_C,0,0,0,0
152,Supplier,SKU_D,0,0,0,0
152,Supplier,SKU_E,0,0,0,0
152,W1,SKU_A,1402,0,0,1628
152,W1,SKU_B,813,0,0,897
152,W1,SKU_C,478,0,0,1252
152,W1,SKU_D,188,0,0,760
152,W1,SKU_E,0,0,39,558
152,W2,SKU_A,2183,0,0,843
152,W2,SKU_B,1342,0,0,348
152,W2,SKU_C,1716,0,0,598
152,W2,SKU_D,0,0,268,414
152,W2,SKU_E,443,0,0,357
152,R1,SKU_A,767,0,0,406
152,R1,SKU_B,367,0,0,199
152,R1,SKU_C,418,0,0,292
152,R1,SKU_D,201,0,0,180
152,R1,SKU_E,255,0,0,100
152,R2,SKU_A,169,0,0,291
152,R2,SKU_B,303,0,0,162
152,R2,SKU_C,316,0,0,146
152,R2,SKU_D,447,0,0,134
152,R2,SKU_E,520,0,0,133
152,R3,SKU_A,796,0,0,485
152,R3,SKU_B,735,0,0,197
152,R3,SKU_C,693,0,0,332
152,R3,SKU_D,646,0,0,205
152,R3,SKU_E,585,0,0,208
153,Supplier,SKU_A,0,0,0,0
153,Supplier,SKU_B,0,0,0,0
153,Supplier,SKU_C,0,0,0,0
153,Supplier,SKU_D,0,0,0,0
153,Supplier,SKU_E,0,0,0,0
153,W1,SKU_A,1131,0,0,1628
153,W1,SKU_B,689,0,0,897
153,W1,SKU_C,285,0,0,1252
153,W1,SKU_D,96,0,0,760
153,W1,SKU_E,0,0,130,558
153,W2,SKU_A,2005,0,0,1344
153,W2,SKU_B,1266,0,0,539
153,W2,SKU_C,1600,0,0,948
153,W2,SKU_D,0,0,357,611
153,W2,SKU_E,363,0,0,577
153,R1,SKU_A,999,0,0,0
153,R1,SKU_B,475,0,0,0
153,R1,SKU_C,535,0,0,0
153,R1,SKU_D,303,0,0,0
153,R1,SKU_E,302,0,0,0
153,R2,SKU_A,45,0,0,291
153,R2,SKU_B,220,0,0,162
153,R2,SKU_C,243,0,0,146
153,R2,SKU_D,384,0,0,134
153,R2,SKU_E,464,0,0,133
153,R3,SKU_A,571,0,0,485
153,R3,SKU_B,640,0,0,197
153,R3,SKU_C,517,0,0,332
153,R3,SKU_D,505,0,0,205
153,R3,SKU_E,486,0,0,208
154,Supplier,SKU_A,0,0,0,0
154,Supplier,SKU_B,0,0,0,0
154,Supplier,SKU_C,0,0,0,0
154,Supplier,SKU_D,0,0,0,0
154,Supplier,SKU_E,0,0,0,0
154,W1,SKU_A,1764,0,0,697
154,W1,SKU_B,1051,0,0,361
154,W1,SKU_C,851,0,0,438
154,W1,SKU_D,401,0,0,314
154,W1,SKU_E,86,0,0,233
154,W2,SKU_A,2227,0,0,897
154,W2,SKU_B,1350,0,0,360
154,W2,SKU_C,1740,0,0,632
154,W2,SKU_D,0,0,267,380
154,W2,SKU_E,449,0,0,392
154,R1,SKU_A,821,0,0,485
154,R1,SKU_B,370,0,0,213
154,R1,SKU_C,405,0,0,430
154,R1,SKU_D,234,0,0,207
154,R1,SKU_E,265,0,0,139
154,R2,SKU_A,221,0,0,330
154,R2,SKU_B,327,0,0,184
154,R2,SKU_C,327,0,0,183
154,R2,SKU_D,462,0,0,147
154,R2,SKU_E,549,0,0,146
154,R3,SKU_A,370,0,0,1042
154,R3,SKU_B,581,0,0,426
154,R3,SKU_C,408,0,0,739
154,R3,SKU_D,427,0,0,735
154,R3,SKU_E,409,0,0,457
155,Supplier,SKU_A,0,0,0,0
155,Supplier,SKU_B,0,0,0,0
155,Supplier,SKU_C,0,0,0,0
155,Supplier,SKU_D,0,0,0,0
155,Supplier,SKU_E,0,0,0,0
155,W1,SKU_A,1471,0,0,1512
155,W1,SKU_B,891,0,0,758
155,W1,SKU_C,659,0,0,1051
155,W1,SKU_D,276,0,0,668
155,W1,SKU_E,1,0,0,518
155,W2,SKU_A,2026,0,0,1300
155,W2,SKU_B,1291,0,0,531
155,W2,SKU_C,1631,0,0,924
155,W2,SKU_D,0,0,345,610
155,W2,SKU_E,372,0,0,571
155,R1,SKU_A,713,0,0,485
155,R1,SKU_B,301,0,0,213
155,R1,SKU_C,345,0,0,430
155,R1,SKU_D,201,0,0,207
155,R1,SKU_E,230,0,0,139
155,R2,SKU_A,140,0,0,330
155,R2,SKU_B,273,0,0,184
155,R2,SKU_C,288,0,0,183
155,R2,SKU_D,427,0,0,147
155,R2,SKU_E,512,0,0,146
155,R3,SKU_A,719,0,0,557
155,R3,SKU_B,717,0,0,229
155,R3,SKU_C,661,0,0,407
155,R3,SKU_D,566,0,0,530
155,R3,SKU_E,536,0,0,249
156,Supplier,SKU_A,0,0,0,0
156,Supplier,SKU_B,0,0,0,0
156,Supplier,SKU_C,0,0,0,0
156,Supplier,SKU_D,0,0,0,0
156,Supplier,SKU_E,0,0,0,0
156,W1,SKU_A,1282,0,0,1512
156,W1,SKU_B,768,0,0,758
156,W1,SKU_C,560,0,0,1051
156,W1,SKU_D,208,0,0,668
156,W1,SKU_E,0,0,71,518
156,W2,SKU_A,2286,0,0,904
156,W2,SKU_B,1399,0,0,362
156,W2,SKU_C,1834,0,0,642
156,W2,SKU_D,0,0,228,427
156,W2,SKU_E,463,0,0,399
156,R1,SKU_A,1102,0,0,0
156,R1,SKU_B,474,0,0,0
156,R1,SKU_C,706,0,0,0
156,R1,SKU_D,349,0,0,0
156,R1,SKU_E,326,0,0,0
156,R2,SKU_A,80,0,0,330
156,R2,SKU_B,242,0,0,184
156,R2,SKU_C,261,0,0,183
156,R2,SKU_D,386,0,0,147
156,R2,SKU_E,481,0,0,146
156,R3,SKU_A,569,0,0,557
156,R3,SKU_B,679,0,0,229
156,R3,SKU_C,604,0,0,407
156,R3,SKU_D,498,0,0,530
156,R3,SKU_E,472,0,0,249
157,Supplier,SKU_A,0,0,0,0
157,Supplier,SKU_B,0,0,0,0
157,Supplier,SKU_C,0,0,0,0
157,Supplier,SKU_D,0,0,0,0
157,Supplier,SKU_E,0,0,0,0
157,W1,SKU_A,1823,0,0,815
157,W1,SKU_B,1058,0,0,397
157,W1,SKU_C,902,0,0,613
157,W1,SKU_D,422,0,0,354
157,W1,SKU_E,88,0,0,285
157,W2,SKU_A,2136,0,0,904
157,W2,SKU_B,1361,0,0,362
157,W2,SKU_C,1777,0,0,642
157,W2,SKU_D,0,0,296,427
157,W2,SKU_E,399,0,0,399
157,R1,SKU_A,1016,0,0,382
157,R1,SKU_B,430,0,0,214
157,R1,SKU_C,639,0,0,259
157,R1,SKU_D,306,0,0,161
157,R1,SKU_E,288,0,0,115
157,R2,SKU_A,341,0,0,256
157,R2,SKU_B,384,0,0,140
157,R2,SKU_C,411,0,0,128
157,R2,SKU_D,501,0,0,132
157,R2,SKU_E,601,0,0,116
157,R3,SKU_A,436,0,0,1044
157,R3,SKU_B,631,0,0,387
157,R3,SKU_C,523,0,0,652
157,R3,SKU_D,418,0,0,713
157,R3,SKU_E,405,0,0,471
158,Supplier,SKU_A,0,0,0,0
158,Supplier,SKU_B,0,0,0,0
158,Supplier,SKU_C,0,0,0,0
158,Supplier,SKU_D,0,0,0,0
158,Supplier,SKU_E,0,0,0,0
158,W1,SKU_A,1668,0,0,1453
158,W1,SKU_B,972,0,0,751
158,W1,SKU_C,802,0,0,1000
158,W1,SKU_D,347,0,0,647
158,W1,SKU_E,24,0,0,516
158,W2,SKU_A,2003,0,0,1391
158,W2,SKU_B,1313,0,0,520
158,W2,SKU_C,1696,0,0,887
158,W2,SKU_D,0,0,376,639
158,W2,SKU_E,332,0,0,621
158,R1,SKU_A,890,0,0,382
158,R1,SKU_B,359,0,0,214
158,R1,SKU_C,531,0,0,259
158,R1,SKU_D,249,0,0,161
158,R1,SKU_E,246,0,0,115
158,R2,SKU_A,259,0,0,256
158,R2,SKU_B,330,0,0,140
158,R2,SKU_C,363,0,0,128
158,R2,SKU_D,448,0,0,132
158,R2,SKU_E,563,0,0,116
158,R3,SKU_A,798,0,0,487
158,R3,SKU_B,792,0,0,158
158,R3,SKU_C,822,0,0,245
158,R3,SKU_D,841,0,0,183
158,R3,SKU_E,566,0,0,222
159,Supplier,SKU_A,0,0,0,0
159,Supplier,SKU_B,0,0,0,0
159,Supplier,SKU_C,0,0,0,0
159,Supplier,SKU_D,0,0,0,0
159,Supplier,SKU_E,0,0,0,0
159,W1,SKU_A,1460,0,0,1453
159,W1,SKU_B,847,0,0,751
159,W1,SKU_C,646,0,0,1000
159,W1,SKU_D,237,0,0,647
159,W1,SKU_E,0,0,56,516
159,W2,SKU_A,2309,0,0,890
159,W2,SKU_B,1436,0,0,329
159,W2,SKU_C,1938,0,0,537
159,W2,SKU_D,0,0,286,442
159,W2,SKU_E,464,0,0,401
159,R1,SKU_A,1093,0,0,0
159,R1,SKU_B,522,0,0,0
159,R1,SKU_C,677,0,0,0
159,R1,SKU_D,331,0,0,0
159,R1,SKU_E,309,0,0,0
159,R2,SKU_A,149,0,0,256
159,R2,SKU_B,266,0,0,140
159,R2,SKU_C,310,0,0,128
159,R2,SKU_D,386,0,0,132
159,R2,SKU_E,508,0,0,116
159,R3,SKU_A,598,0,0,487
159,R3,SKU_B,717,0,0,158
159,R3,SKU_C,715,0,0,245
159,R3,SKU_D,712,0,0,183
159,R3,SKU_E,479,0,0,222
160,Supplier,SKU_A,0,0,0,0
160,Supplier,SKU_B,0,0,0,0
160,Supplier,SKU_C,0,0,0,0
160,Supplier,SKU_D,0,0,0,0
160,Supplier,SKU_E,0,0,0,0
160,W1,SKU_A,1986,0,0,638
160,W1,SKU_B,1129,0,0,354
160,W1,SKU_C,1093,0,0,387
160,W1,SKU_D,450,0,0,293
160,W1,SKU_E,122,0,0,231
160,W2,SKU_A,2109,0,0,890
160,W2,SKU_B,1361,0,0,329
160,W2,SKU_C,1831,0,0,537
160,W2,SKU_D,0,0,415,442
160,W2,SKU_E,377,0,0,401
160,R1,SKU_A,896,0,0,391
160,R1,SKU_B,423,0,0,166
160,R1,SKU_C,501,0,0,288
160,R1,SKU_D,237,0,0,179
160,R1,SKU_E,249,0,0,132
160,R2,SKU_A,272,0,0,261
160,R2,SKU_B,321,0,0,160
160,R2,SKU_C,358,0,0,134
160,R2,SKU_D,450,0,0,147
160,R2,SKU_E,553,0,0,119
160,R3,SKU_A,362,0,0,1015
160,R3,SKU_B,640,0,0,349
160,R3,SKU_C,552,0,0,541
160,R3,SKU_D,600,0,0,380
160,R3,SKU_E,347,0,0,464
161,Supplier,SKU_A,0,0,0,0
161,Supplier,SKU_B,0,0,0,0
161,Supplier,SKU_C,0,0,0,0
161,Supplier,SKU_D,0,0,0,0
161,Supplier,SKU_E,0,0,0,0
161,W1,SKU_A,1656,0,0,1290
161,W1,SKU_B,945,0,0,680
161,W1,SKU_C,837,0,0,809
161,W1,SKU_D,288,0,0,619
161,W1,SKU_E,0,0,9,482
161,W2,SKU_A,2276,0,0,1015
161,W2,SKU_B,1455,0,0,349
161,W2,SKU_C,1960,0,0,541
161,W2,SKU_D,0,0,297,528
161,W2,SKU_E,424,0,0,464
161,R1,SKU_A,663,0,0,391
161,R1,SKU_B,321,0,0,166
161,R1,SKU_C,326,0,0,288
161,R1,SKU_D,146,0,0,179
161,R1,SKU_E,194,0,0,132
161,R2,SKU_A,139,0,0,261
161,R2,SKU_B,246,0,0,160
161,R2,SKU_C,285,0,0,134
161,R2,SKU_D,382,0,0,147
161,R2,SKU_E,481,0,0,119
161,R3,SKU_A,629,0,0,528
161,R3,SKU_B,734,0,0,191
161,R3,SKU_C,650,0,0,296
161,R3,SKU_D,675,0,0,197
161,R3,SKU_E,489,0,0,242
162,Supplier,SKU_A,0,0,0,0
162,Supplier,SKU_B,0,0,0,0
162,Supplier,SKU_C,0,0,0,0
162,Supplier,SKU_D,0,0,0,0
162,Supplier,SKU_E,0,0,0,0
162,W1,SKU_A,1290,0,0,1290
162,W1,SKU_B,768,0,0,680
162,W1,SKU_C,589,0,0,809
162,W1,SKU_D,129,0,0,619
162,W1,SKU_E,0,0,136,482
162,W2,SKU_A,2056,0,0,1015
162,W2,SKU_B,1391,0,0,349
162,W2,SKU_C,1813,0,0,541
162,W2,SKU_D,0,0,405,528
162,W2,SKU_E,344,0,0,464
162,R1,SKU_A,937,0,0,0
162,R1,SKU_B,430,0,0,0
162,R1,SKU_C,506,0,0,0
162,R1,SKU_D,261,0,0,0
162,R1,SKU_E,286,0,0,0
162,R2,SKU_A,15,0,0,261
162,R2,SKU_B,192,0,0,160
162,R2,SKU_C,221,0,0,134
162,R2,SKU_D,340,0,0,147
162,R2,SKU_E,436,0,0,119
162,R3,SKU_A,419,0,0,528
162,R3,SKU_B,689,0,0,191
162,R3,SKU_C,556,0,0,296
162,R3,SKU_D,589,0,0,197
162,R3,SKU_E,411,0,0,242
163,Supplier,SKU_A,0,0,0,0
163,Supplier,SKU_B,0,0,0,0
163,Supplier,SKU_C,0,0,0,0
163,Supplier,SKU_D,0,0,0,0
163,Supplier,SKU_E,0,0,0,0
163,W1,SKU_A,1687,0,0,652
163,W1,SKU_B,1011,0,0,326
163,W1,SKU_C,804,0,0,422
163,W1,SKU_D,316,0,0,326
163,W1,SKU_E,10,0,0,251
163,W2,SKU_A,1846,0,0,1471
163,W2,SKU_B,1346,0,0,490
163,W2,SKU_C,1719,0,0,851
163,W2,SKU_D,0,0,491,748
163,W2,SKU_E,266,0,0,676
163,R1,SKU_A,802,0,0,547
163,R1,SKU_B,377,0,0,258
163,R1,SKU_C,419,0,0,459
163,R1,SKU_D,208,0,0,249
163,R1,SKU_E,252,0,0,155
163,R2,SKU_A,161,0,0,390
163,R2,SKU_B,307,0,0,214
163,R2,SKU_C,292,0,0,217
163,R2,SKU_D,443,0,0,178
163,R2,SKU_E,517,0,0,188
163,R3,SKU_A,203,0,0,1194
163,R3,SKU_B,644,0,0,377
163,R3,SKU_C,428,0,0,700
163,R3,SKU_D,493,0,0,427
163,R3,SKU_E,326,0,0,532
164,Supplier,SKU_A,0,0,0,0
164,Supplier,SKU_B,0,0,0,0
164,Supplier,SKU_C,0,0,0,0
164,Supplier,SKU_D,0,0,0,0
164,Supplier,SKU_E,0,0,0,0
164,W1,SKU_A,1437,0,0,1589
164,W1,SKU_B,913,0,0,798
164,W1,SKU_C,654,0,0,1098
164,W1,SKU_D,219,0,0,753
164,W1,SKU_E,0,0,62,594
164,W2,SKU_A,2117,0,0,984
164,W2,SKU_B,1459,0,0,332
164,W2,SKU_C,1836,0,0,606
164,W2,SKU_D,0,0,375,536
164,W2,SKU_E,403,0,0,454
164,R1,SKU_A,672,0,0,547
164,R1,SKU_B,334,0,0,258
164,R1,SKU_C,334,0,0,459
164,R1,SKU_D,140,0,0,249
164,R1,SKU_E,226,0,0,155
164,R2,SKU_A,59,0,0,390
164,R2,SKU_B,257,0,0,214
164,R2,SKU_C,252,0,0,217
164,R2,SKU_D,413,0,0,178
164,R2,SKU_E,476,0,0,188
164,R3,SKU_A,545,0,0,666
164,R3,SKU_B,788,0,0,186
164,R3,SKU_C,619,0,0,404
164,R3,SKU_D,589,0,0,230
164,R3,SKU_E,494,0,0,290
165,Supplier,SKU_A,0,0,0,0
165,Supplier,SKU_B,0,0,0,0
165,Supplier,SKU_C,0,0,0,0
165,Supplier,SKU_D,0,0,0,0
165,Supplier,SKU_E,0,0,0,0
165,W1,SKU_A,1205,0,0,1589
165,W1,SKU_B,820,0,0,798
165,W1,SKU_C,529,0,0,1098
165,W1,SKU_D,121,0,0,753
165,W1,SKU_E,0,0,129,594
165,W2,SKU_A,1931,0,0,984
165,W2,SKU_B,1412,0,0,332
165,W2,SKU_C,1731,0,0,606
165,W2,SKU_D,0,0,476,536
165,W2,SKU_E,329,0,0,454
165,R1,SKU_A,1099,0,0,0
165,R1,SKU_B,542,0,0,0
165,R1,SKU_C,683,0,0,0
165,R1,SKU_D,328,0,0,0
165,R1,SKU_E,352,0,0,0
165,R2,SKU_A,0,51,0,390
165,R2,SKU_B,176,0,0,214
165,R2,SKU_C,190,0,0,217
165,R2,SKU_D,370,0,0,178
165,R2,SKU_E,430,0,0,188
165,R3,SKU_A,381,0,0,666
165,R3,SKU_B,729,0,0,186
165,R3,SKU_C,500,0,0,404
165,R3,SKU_D,488,0,0,230
165,R3,SKU_E,407,0,0,290
166,Supplier,SKU_A,0,0,0,0
166,Supplier,SKU_B,0,0,0,0
166,Supplier,SKU_C,0,0,0,0
166,Supplier,SKU_D,0,0,0,0
166,Supplier,SKU_E,0,0,0,0
166,W1,SKU_A,1627,0,0,937
166,W1,SKU_B,1015,0,0,472
166,W1,SKU_C,779,0,0,676
166,W1,SKU_D,343,0,0,427
166,W1,SKU_E,47,0,0,343
166,W2,SKU_A,1767,0,0,1596
166,W2,SKU_B,1353,0,0,469
166,W2,SKU_C,1612,0,0,933
166,W2,SKU_D,0,0,577,819
166,W2,SKU_E,242,0,0,691
166,R1,SKU_A,941,0,0,385
166,R1,SKU_B,478,0,0,146
166,R1,SKU_C,533,0,0,282
166,R1,SKU_D,236,0,0,182
166,R1,SKU_E,315,0,0,89
166,R2,SKU_A,223,0,0,327
166,R2,SKU_B,321,0,0,176
166,R2,SKU_C,345,0,0,165
166,R2,SKU_D,490,0,0,117
166,R2,SKU_E,559,0,0,125
166,R3,SKU_A,180,0,0,1232
166,R3,SKU_B,657,0,0,337
166,R3,SKU_C,383,0,0,756
166,R3,SKU_D,377,0,0,442
166,R3,SKU_E,337,0,0,536
167,Supplier,SKU_A,0,0,0,0
167,Supplier,SKU_B,0,0,0,0
167,Supplier,SKU_C,0,0,0,0
167,Supplier,SKU_D,0,0,0,0
167,Supplier,SKU_E,0,0,0,0
167,W1,SKU_A,1353,0,0,1649
167,W1,SKU_B,882,0,0,794
167,W1,SKU_C,567,0,0,1123
167,W1,SKU_D,193,0,0,726
167,W1,SKU_E,0,0,49,557
167,W2,SKU_A,2094,0,0,1068
167,W2,SKU_B,1472,0,0,278
167,W2,SKU_C,1791,0,0,637
167,W2,SKU_D,0,0,372,503
167,W2,SKU_E,414,0,0,449
167,R1,SKU_A,713,0,0,385
167,R1,SKU_B,406,0,0,146
167,R1,SKU_C,392,0,0,282
167,R1,SKU_D,128,0,0,182
167,R1,SKU_E,255,0,0,89
167,R2,SKU_A,104,0,0,327
167,R2,SKU_B,263,0,0,176
167,R2,SKU_C,274,0,0,165
167,R2,SKU_D,445,0,0,117
167,R2,SKU_E,506,0,0,125
167,R3,SKU_A,610,0,0,566
167,R3,SKU_B,754,0,0,151
167,R3,SKU_C,618,0,0,352
167,R3,SKU_D,487,0,0,212
167,R3,SKU_E,528,0,0,246
168,Supplier,SKU_A,0,0,0,0
168,Supplier,SKU_B,0,0,0,0
168,Supplier,SKU_C,0,0,0,0
168,Supplier,SKU_D,0,0,0,0
168,Supplier,SKU_E,0,0,0,0
168,W1,SKU_A,1006,0,0,1649
168,W1,SKU_B,752,0,0,794
168,W1,SKU_C,355,0,0,1123
168,W1,SKU_D,40,0,0,726
168,W1,SKU_E,0,0,162,557
168,W2,SKU_A,1858,0,0,1068
168,W2,SKU_B,1383,0,0,278
168,W2,SKU_C,1622,0,0,637
168,W2,SKU_D,0,0,492,503
168,W2,SKU_E,315,0,0,449
168,R1,SKU_A,869,0,0,0
168,R1,SKU_B,464,0,0,0
168,R1,SKU_C,473,0,0,0
168,R1,SKU_D,219,0,0,0
168,R1,SKU_E,295,0,0,0
168,R2,SKU_A,0,3,0,327
168,R2,SKU_B,188,0,0,176
168,R2,SKU_C,212,0,0,165
168,R2,SKU_D,387,0,0,117
168,R2,SKU_E,443,0,0,125
168,R3,SKU_A,339,0,0,566
168,R3,SKU_B,663,0,0,151
168,R3,SKU_C,431,0,0,352
168,R3,SKU_D,365,0,0,212
168,R3,SKU_E,416,0,0,246
169,Supplier,SKU_A,0,0,0,0
169,Supplier,SKU_B,0,0,0,0
169,Supplier,SKU_C,0,0,0,0
169,Supplier,SKU_D,0,0,0,0
169,Supplier,SKU_E,0,0,0,0
169,W1,SKU_A,1607,0,0,712
169,W1,SKU_B,1061,0,0,322
169,W1,SKU_C,768,0,0,447
169,W1,SKU_D,318,0,0,299
169,W1,SKU_E,69,0,0,214
169,W2,SKU_A,2043,0,0,1213
169,W2,SKU_B,1433,0,0,357
169,W2,SKU_C,1745,0,0,732
169,W2,SKU_D,0,0,394,615
169,W2,SKU_E,415,0,0,493
169,R1,SKU_A,719,0,0,615
169,R1,SKU_B,393,0,0,224
169,R1,SKU_C,350,0,0,492
169,R1,SKU_D,146,0,0,291
169,R1,SKU_E,245,0,0,146
169,R2,SKU_A,193,0,0,342
169,R2,SKU_B,293,0,0,202
169,R2,SKU_C,308,0,0,195
169,R2,SKU_D,433,0,0,161
169,R2,SKU_E,515,0,0,175
169,R3,SKU_A,135,0,0,1274
169,R3,SKU_B,606,0,0,403
169,R3,SKU_C,325,0,0,825
169,R3,SKU_D,274,0,0,748
169,R3,SKU_E,314,0,0,527
170,Supplier,SKU_A,0,0,0,0
170,Supplier,SKU_B,0,0,0,0
170,Supplier,SKU_C,0,0,0,0
170,Supplier,SKU_D,0,0,0,0
170,Supplier,SKU_E,0,0,0,0
170,W1,SKU_A,1326,0,0,1669
170,W1,SKU_B,919,0,0,748
170,W1,SKU_C,576,0,0,1134
170,W1,SKU_D,174,0,0,751
170,W1,SKU_E,0,0,34,535
170,W2,SKU_A,1839,0,0,1213
170,W2,SKU_B,1376,0,0,357
170,W2,SKU_C,1639,0,0,732
170,W2,SKU_D,0,0,485,615
170,W2,SKU_E,313,0,0,493
170,R1,SKU_A,588,0,0,615
170,R1,SKU_B,340,0,0,224
170,R1,SKU_C,247,0,0,492
170,R1,SKU_D,88,0,0,291
170,R1,SKU_E,199,0,0,146
170,R2,SKU_A,76,0,0,342
170,R2,SKU_B,234,0,0,202
170,R2,SKU_C,234,0,0,195
170,R2,SKU_D,387,0,0,161
170,R2,SKU_E,475,0,0,175
170,R3,SKU_A,483,0,0,708
170,R3,SKU_B,692,0,0,252
170,R3,SKU_C,579,0,0,473
170,R3,SKU_D,394,0,0,536
170,R3,SKU_E,464,0,0,281
171,Supplier,SKU_A,0,0,0,0
171,Supplier,SKU_B,0,0,0,0
171,Supplier,SKU_C,0,0,0,0
171,Supplier,SKU_D,0,0,0,0
171,Supplier,SKU_E,0,0,0,0
171,W1,SKU_A,1078,0,0,1669
171,W1,SKU_B,807,0,0,748
171,W1,SKU_C,399,0,0,1134
171,W1,SKU_D,70,0,0,751
171,W1,SKU_E,0,0,120,535
171,W2,SKU_A,1621,0,0,1688
171,W2,SKU_B,1311,0,0,505
171,W2,SKU_C,1541,0,0,1025
171,W2,SKU_D,0,0,577,828
171,W2,SKU_E,217,0,0,707
171,R1,SKU_A,1055,0,0,0
171,R1,SKU_B,514,0,0,0
171,R1,SKU_C,642,0,0,0
171,R1,SKU_D,330,0,0,0
171,R1,SKU_E,300,0,0,0
171,R2,SKU_A,0,12,0,342
171,R2,SKU_B,188,0,0,202
171,R2,SKU_C,172,0,0,195
171,R2,SKU_D,326,0,0,161
171,R2,SKU_E,432,0,0,175
171,R3,SKU_A,305,0,0,708
171,R3,SKU_B,637,0,0,252
171,R3,SKU_C,502,0,0,473
171,R3,SKU_D,311,0,0,536
171,R3,SKU_E,395,0,0,281
172,Supplier,SKU_A,0,0,0,0
172,Supplier,SKU_B,0,0,0,0
172,Supplier,SKU_C,0,0,0,0
172,Supplier,SKU_D,0,0,0,0
172,Supplier,SKU_E,0,0,0,0
172,W1,SKU_A,1554,0,0,957
172,W1,SKU_B,1033,0,0,426
172,W1,SKU_C,687,0,0,687
172,W1,SKU_D,259,0,0,452
172,W1,SKU_E,6,0,0,321
172,W2,SKU_A,2055,0,0,1076
172,W2,SKU_B,1393,0,0,368
172,W2,SKU_C,1791,0,0,698
172,W2,SKU_D,0,0,377,545
172,W2,SKU_E,385,0,0,470
172,R1,SKU_A,931,0,0,429
172,R1,SKU_B,459,0,0,174
172,R1,SKU_C,562,0,0,323
172,R1,SKU_D,284,0,0,180
172,R1,SKU_E,263,0,0,141
172,R2,SKU_A,211,0,0,336
172,R2,SKU_B,327,0,0,176
172,R2,SKU_C,328,0,0,205
172,R2,SKU_D,439,0,0,178
172,R2,SKU_E,546,0,0,136
172,R3,SKU_A,124,0,0,1308
172,R3,SKU_B,575,0,0,429
172,R3,SKU_C,408,0,0,754
172,R3,SKU_D,207,0,0,819
172,R3,SKU_E,304,0,0,548
173,Supplier,SKU_A,0,0,0,0
173,Supplier,SKU_B,0,0,0,0
173,Supplier,SKU_C,0,0,0,0
173,Supplier,SKU_D,0,0,0,0
173,Supplier,SKU_E,0,0,0,0
173,W1,SKU_A,1311,0,0,1722
173,W1,SKU_B,915,0,0,776
173,W1,SKU_C,568,0,0,1215
173,W1,SKU_D,165,0,0,810
173,W1,SKU_E,0,0,92,598
173,W2,SKU_A,1874,0,0,1076
173,W2,SKU_B,1331,0,0,368
173,W2,SKU_C,1697,0,0,698
173,W2,SKU_D,0,0,481,545
173,W2,SKU_E,294,0,0,470
173,R1,SKU_A,770,0,0,429
173,R1,SKU_B,393,0,0,174
173,R1,SKU_C,455,0,0,323
173,R1,SKU_D,194,0,0,180
173,R1,SKU_E,215,0,0,141
173,R2,SKU_A,104,0,0,336
173,R2,SKU_B,260,0,0,176
173,R2,SKU_C,264,0,0,205
173,R2,SKU_D,378,0,0,178
173,R2,SKU_E,488,0,0,136
173,R3,SKU_A,605,0,0,600
173,R3,SKU_B,778,0,0,177
173,R3,SKU_C,738,0,0,281
173,R3,SKU_D,641,0,0,283
173,R3,SKU_E,475,0,0,267
174,Supplier,SKU_A,0,0,0,0
174,Supplier,SKU_B,0,0,0,0
174,Supplier,SKU_C,0,0,0,0
174,Supplier,SKU_D,0,0,0,0
174,Supplier,SKU_E,0,0,0,0
174,W1,SKU_A,1043,0,0,1722
174,W1,SKU_B,782,0,0,776
174,W1,SKU_C,397,0,0,1215
174,W1,SKU_D,14,0,0,810
174,W1,SKU_E,0,0,198,598
174,W2,SKU_A,1647,0,0,1653
174,W2,SKU_B,1282,0,0,550
174,W2,SKU_C,1554,0,0,967
174,W2,SKU_D,0,0,583,824
174,W2,SKU_E,184,0,0,726
174,R1,SKU_A,1007,0,0,0
174,R1,SKU_B,482,0,0,0
174,R1,SKU_C,614,0,0,0
174,R1,SKU_D,284,0,0,0
174,R1,SKU_E,313,0,0,0
174,R2,SKU_A,0,13,0,336
174,R2,SKU_B,186,0,0,176
174,R2,SKU_C,179,0,0,205
174,R2,SKU_D,321,0,0,178
174,R2,SKU_E,433,0,0,136
174,R3,SKU_A,372,0,0,600
174,R3,SKU_B,710,0,0,177
174,R3,SKU_C,571,0,0,281
174,R3,SKU_D,510,0,0,283
174,R3,SKU_E,364,0,0,267
175,Supplier,SKU_A,0,0,0,0
175,Supplier,SKU_B,0,0,0,0
175,Supplier,SKU_C,0,0,0,0
175,Supplier,SKU_D,0,0,0,0
175,Supplier,SKU_E,0,0,0,0
175,W1,SKU_A,1691,0,0,765
175,W1,SKU_B,1049,0,0,350
175,W1,SKU_C,835,0,0,528
175,W1,SKU_D,319,0,0,358
175,W1,SKU_E,25,0,0,277
175,W2,SKU_A,2015,0,0,1052
175,W2,SKU_B,1434,0,0,330
175,W2,SKU_C,1792,0,0,562
175,W2,SKU_D,0,0,382,492
175,W2,SKU_E,329,0,0,470
175,R1,SKU_A,827,0,0,477
175,R1,SKU_B,407,0,0,206
175,R1,SKU_C,467,0,0,351
175,R1,SKU_D,191,0,0,226
175,R1,SKU_E,258,0,0,128
175,R2,SKU_A,199,0,0,343
175,R2,SKU_B,294,0,0,204
175,R2,SKU_C,326,0,0,188
175,R2,SKU_D,439,0,0,166
175,R2,SKU_E,507,0,0,174
175,R3,SKU_A,122,0,0,1241
175,R3,SKU_B,635,0,0,356
175,R3,SKU_C,421,0,0,685
175,R3,SKU_D,388,0,0,615
175,R3,SKU_E,272,0,0,579
176,Supplier,SKU_A,0,0,0,0
176,Supplier,SKU_B,0,0,0,0
176,Supplier,SKU_C,0,0,0,0
176,Supplier,SKU_D,0,0,0,0
176,Supplier,SKU_E,0,0,0,0
176,W1,SKU_A,1387,0,0,1585
176,W1,SKU_B,906,0,0,760
176,W1,SKU_C,630,0,0,1067
176,W1,SKU_D,166,0,0,750
176,W1,SKU_E,0,0,92,579
176,W2,SKU_A,1765,0,0,1512
176,W2,SKU_B,1359,0,0,447
176,W2,SKU_C,1642,0,0,872
176,W2,SKU_D,0,0,504,725
176,W2,SKU_E,237,0,0,691
176,R1,SKU_A,710,0,0,477
176,R1,SKU_B,353,0,0,206
176,R1,SKU_C,413,0,0,351
176,R1,SKU_D,141,0,0,226
176,R1,SKU_E,226,0,0,128
176,R2,SKU_A,117,0,0,343
176,R2,SKU_B,254,0,0,204
176,R2,SKU_C,290,0,0,188
176,R2,SKU_D,409,0,0,166
176,R2,SKU_E,453,0,0,174
176,R3,SKU_A,541,0,0,641
176,R3,SKU_B,753,0,0,179
176,R3,SKU_C,609,0,0,404
176,R3,SKU_D,595,0,0,332
176,R3,SKU_E,460,0,0,312
177,Supplier,SKU_A,0,0,0,0
177,Supplier,SKU_B,0,0,0,0
177,Supplier,SKU_C,0,0,0,0
177,Supplier,SKU_D,0,0,0,0
177,Supplier,SKU_E,0,0,0,0
177,W1,SKU_A,1188,0,0,1585
177,W1,SKU_B,812,0,0,760
177,W1,SKU_C,540,0,0,1067
177,W1,SKU_D,86,0,0,750
177,W1,SKU_E,0,0,178,579
177,W2,SKU_A,2059,0,0,1037
177,W2,SKU_B,1448,0,0,299
177,W2,SKU_C,1842,0,0,579
177,W2,SKU_D,0,0,367,512
177,W2,SKU_E,372,0,0,477
177,R1,SKU_A,1073,0,0,0
177,R1,SKU_B,509,0,0,0
177,R1,SKU_C,695,0,0,0
177,R1,SKU_D,332,0,0,0
177,R1,SKU_E,327,0,0,0
177,R2,SKU_A,33,0,0,343
177,R2,SKU_B,222,0,0,204
177,R2,SKU_C,231,0,0,188
177,R2,SKU_D,377,0,0,166
177,R2,SKU_E,415,0,0,174
177,R3,SKU_A,386,0,0,641
177,R3,SKU_B,697,0,0,179
177,R3,SKU_C,535,0,0,404
177,R3,SKU_D,527,0,0,332
177,R3,SKU_E,375,0,0,312
178,Supplier,SKU_A,0,0,0,0
178,Supplier,SKU_B,0,0,0,0
178,Supplier,SKU_C,0,0,0,0
178,Supplier,SKU_D,0,0,0,0
178,Supplier,SKU_E,0,0,0,0
178,W1,SKU_A,1755,0,0,820
178,W1,SKU_B,1080,0,0,410
178,W1,SKU_C,940,0,0,539
178,W1,SKU_D,377,0,0,392
178,W1,SKU_E,34,0,0,302
178,W2,SKU_A,1904,0,0,1468
178,W2,SKU_B,1392,0,0,433
178,W2,SKU_C,1768,0,0,822
178,W2,SKU_D,0,0,435,710
178,W2,SKU_E,287,0,0,648
178,R1,SKU_A,957,0,0,411
178,R1,SKU_B,457,0,0,179
178,R1,SKU_C,600,0,0,270
178,R1,SKU_D,279,0,0,178
178,R1,SKU_E,274,0,0,114
178,R2,SKU_A,306,0,0,290
178,R2,SKU_B,370,0,0,140
178,R2,SKU_C,369,0,0,153
178,R2,SKU_D,505,0,0,122
178,R2,SKU_E,552,0,0,154
178,R3,SKU_A,246,0,0,1227
178,R3,SKU_B,634,0,0,369
178,R3,SKU_C,451,0,0,721
178,R3,SKU_D,451,0,0,545
178,R3,SKU_E,302,0,0,568
179,Supplier,SKU_A,0,0,0,0
179,Supplier,SKU_B,0,0,0,0
179,Supplier,SKU_C,0,0,0,0
179,Supplier,SKU_D,0,0,0,0
179,Supplier,SKU_E,0,0,0,0
179,W1,SKU_A,1569,0,0,1521
179,W1,SKU_B,972,0,0,729
179,W1,SKU_C,795,0,0,962
179,W1,SKU_D,286,0,0,692
179,W1,SKU_E,0,0,56,570
179,W2,SKU_A,1764,0,0,1468
179,W2,SKU_B,1329,0,0,433
179,W2,SKU_C,1684,0,0,822
179,W2,SKU_D,0,0,511,710
179,W2,SKU_E,214,0,0,648
179,R1,SKU_A,829,0,0,411
179,R1,SKU_B,405,0,0,179
179,R1,SKU_C,526,0,0,270
179,R1,SKU_D,226,0,0,178
179,R1,SKU_E,232,0,0,114
179,R2,SKU_A,207,0,0,290
179,R2,SKU_B,323,0,0,140
179,R2,SKU_C,322,0,0,153
179,R2,SKU_D,466,0,0,122
179,R2,SKU_E,499,0,0,154
179,R3,SKU_A,709,0,0,586
179,R3,SKU_B,750,0,0,190
179,R3,SKU_C,761,0,0,317
179,R3,SKU_D,679,0,0,213
179,R3,SKU_E,543,0,0,256
180,Supplier,SKU_A,0,0,0,0
180,Supplier,SKU_B,0,0,0,0
180,Supplier,SKU_C,0,0,0,0
180,Supplier,SKU_D,0,0,0,0
180,Supplier,SKU_E,0,0,0,0
180,W1,SKU_A,1342,0,0,1521
180,W1,SKU_B,873,0,0,729
180,W1,SKU_C,674,0,0,962
180,W1,SKU_D,194,0,0,692
180,W1,SKU_E,0,0,151,570
180,W2,SKU_A,2163,0,0,891
180,W2,SKU_B,1448,0,0,251
180,W2,SKU_C,1859,0,0,553
180,W2,SKU_D,0,0,336,431
180,W2,SKU_E,399,0,0,392
180,R1,SKU_A,1095,0,0,0
180,R1,SKU_B,499,0,0,0
180,R1,SKU_C,682,0,0,0
180,R1,SKU_D,334,0,0,0
180,R1,SKU_E,294,0,0,0
180,R2,SKU_A,115,0,0,290
180,R2,SKU_B,264,0,0,140
180,R2,SKU_C,271,0,0,153
180,R2,SKU_D,426,0,0,122
180,R2,SKU_E,442,0,0,154
180,R3,SKU_A,483,0,0,586
180,R3,SKU_B,689,0,0,190
180,R3,SKU_C,655,0,0,317
180,R3,SKU_D,570,0,0,213
180,R3,SKU_E,469,0,0,256
181,Supplier,SKU_A,0,0,0,0
181,Supplier,SKU_B,0,0,0,0
181,Supplier,SKU_C,0,0,0,0
181,Supplier,SKU_D,0,0,0,0
181,Supplier,SKU_E,0,0,0,0
181,W1,SKU_A,1925,0,0,701
181,W1,SKU_B,1139,0,0,319
181,W1,SKU_C,1048,0,0,423
181,W1,SKU_D,476,0,0,300
181,W1,SKU_E,42,0,0,268
181,W2,SKU_A,1937,0,0,1364
181,W2,SKU_B,1387,0,0,433
181,W2,SKU_C,1753,0,0,805
181,W2,SKU_D,0,0,445,679
181,W2,SKU_E,325,0,0,621
181,R1,SKU_A,925,0,0,389
181,R1,SKU_B,409,0,0,189
181,R1,SKU_C,537,0,0,283
181,R1,SKU_D,247,0,0,176
181,R1,SKU_E,254,0,0,147
181,R2,SKU_A,305,0,0,261
181,R2,SKU_B,333,0,0,162
181,R2,SKU_C,337,0,0,148
181,R2,SKU_D,489,0,0,117
181,R2,SKU_E,549,0,0,147
181,R3,SKU_A,294,0,0,1130
181,R3,SKU_B,618,0,0,377
181,R3,SKU_C,532,0,0,601
181,R3,SKU_D,441,0,0,492
181,R3,SKU_E,395,0,0,474
182,Supplier,SKU_A,0,0,0,0
182,Supplier,SKU_B,0,0,0,0
182,Supplier,SKU_C,0,0,0,0
182,Supplier,SKU_D,0,0,0,0
182,Supplier,SKU_E,0,0,0,0
182,W1,SKU_A,1655,0,0,1351
182,W1,SKU_B,978,0,0,670
182,W1,SKU_C,816,0,0,854
182,W1,SKU_D,330,0,0,593
182,W1,SKU_E,0,0,45,562
182,W2,SKU_A,2208,0,0,904
182,W2,SKU_B,1433,0,0,316
182,W2,SKU_C,1940,0,0,495
182,W2,SKU_D,0,0,341,446
182,W2,SKU_E,472,0,0,400
182,R1,SKU_A,738,0,0,389
182,R1,SKU_B,324,0,0,189
182,R1,SKU_C,414,0,0,283
182,R1,SKU_D,153,0,0,176
182,R1,SKU_E,200,0,0,147
182,R2,SKU_A,168,0,0,261
182,R2,SKU_B,271,0,0,162
182,R2,SKU_C,276,0,0,148
182,R2,SKU_D,436,0,0,117
182,R2,SKU_E,497,0,0,147
182,R3,SKU_A,695,0,0,544
182,R3,SKU_B,747,0,0,187
182,R3,SKU_C,763,0,0,284
182,R3,SKU_D,566,0,0,279
182,R3,SKU_E,566,0,0,218
183,Supplier,SKU_A,0,0,0,0
183,Supplier,SKU_B,0,0,0,0
183,Supplier,SKU_C,0,0,0,0
183,Supplier,SKU_D,0,0,0,0
183,Supplier,SKU_E,0,0,0,0
183,W1,SKU_A,1331,0,0,1351
183,W1,SKU_B,831,0,0,670
183,W1,SKU_C,632,0,0,854
183,W1,SKU_D,183,0,0,593
183,W1,SKU_E,0,0,151,562
183,W2,SKU_A,2023,0,0,1319
183,W2,SKU_B,1372,0,0,448
183,W2,SKU_C,1854,0,0,724
183,W2,SKU_D,0,0,429,684
183,W2,SKU_E,387,0,0,548
183,R1,SKU_A,995,0,0,0
183,R1,SKU_B,455,0,0,0
183,R1,SKU_C,625,0,0,0
183,R1,SKU_D,277,0,0,0
183,R1,SKU_E,307,0,0,0
183,R2,SKU_A,63,0,0,261
183,R2,SKU_B,241,0,0,162
183,R2,SKU_C,221,0,0,148
183,R2,SKU_D,386,0,0,117
183,R2,SKU_E,458,0,0,147
183,R3,SKU_A,516,0,0,544
183,R3,SKU_B,703,0,0,187
183,R3,SKU_C,677,0,0,284
183,R3,SKU_D,491,0,0,279
183,R3,SKU_E,481,0,0,218
184,Supplier,SKU_A,0,0,0,0
184,Supplier,SKU_B,0,0,0,0
184,Supplier,SKU_C,0,0,0,0
184,Supplier,SKU_D,0,0,0,0
184,Supplier,SKU_E,0,0,0,0
184,W1,SKU_A,1795,0,0,650
184,W1,SKU_B,1062,0,0,351
184,W1,SKU_C,928,0,0,431
184,W1,SKU_D,381,0,0,293
184,W1,SKU_E,38,0,0,294
184,W2,SKU_A,2275,0,0,888
184,W2,SKU_B,1462,0,0,314
184,W2,SKU_C,2011,0,0,481
184,W2,SKU_D,0,0,306,486
184,W2,SKU_E,473,0,0,377
184,R1,SKU_A,848,0,0,489
184,R1,SKU_B,415,0,0,233
184,R1,SKU_C,537,0,0,340
184,R1,SKU_D,214,0,0,233
184,R1,SKU_E,272,0,0,134
184,R2,SKU_A,227,0,0,342
184,R2,SKU_B,372,0,0,163
184,R2,SKU_C,342,0,0,203
184,R2,SKU_D,460,0,0,162
184,R2,SKU_E,574,0,0,138
184,R3,SKU_A,340,0,0,1097
184,R3,SKU_B,643,0,0,363
184,R3,SKU_C,602,0,0,579
184,R3,SKU_D,409,0,0,710
184,R3,SKU_E,408,0,0,462
185,Supplier,SKU_A,0,0,0,0
185,Supplier,SKU_B,0,0,0,0
185,Supplier,SKU_C,0,0,0,0
185,Supplier,SKU_D,0,0,0,0
185,Supplier,SKU_E,0,0,0,0
185,W1,SKU_A,1551,0,0,1481
185,W1,SKU_B,991,0,0,747
185,W1,SKU_C,813,0,0,974
185,W1,SKU_D,275,0,0,688
185,W1,SKU_E,0,0,28,566
185,W2,SKU_A,2099,0,0,888
185,W2,SKU_B,1402,0,0,314
185,W2,SKU_C,1936,0,0,481
185,W2,SKU_D,0,0,388,486
185,W2,SKU_E,400,0,0,377
185,R1,SKU_A,722,0,0,489
185,R1,SKU_B,374,0,0,233
185,R1,SKU_C,440,0,0,340
185,R1,SKU_D,159,0,0,233
185,R1,SKU_E,234,0,0,134
185,R2,SKU_A,146,0,0,342
185,R2,SKU_B,330,0,0,163
185,R2,SKU_C,288,0,0,203
185,R2,SKU_D,422,0,0,162
185,R2,SKU_E,548,0,0,138
185,R3,SKU_A,716,0,0,553
185,R3,SKU_B,765,0,0,176
185,R3,SKU_C,803,0,0,295
185,R3,SKU_D,581,0,0,431
185,R3,SKU_E,556,0,0,244
186,Supplier,SKU_A,0,0,0,0
186,Supplier,SKU_B,0,0,0,0
186,Supplier,SKU_C,0,0,0,0
186,Supplier,SKU_D,0,0,0,0
186,Supplier,SKU_E,0,0,0,0
186,W1,SKU_A,1344,0,0,1481
186,W1,SKU_B,908,0,0,747
186,W1,SKU_C,662,0,0,974
186,W1,SKU_D,182,0,0,688
186,W1,SKU_E,0,0,92,566
186,W2,SKU_A,1931,0,0,1428
186,W2,SKU_B,1337,0,0,479
186,W2,SKU_C,1853,0,0,728
186,W2,SKU_D,0,0,495,731
186,W2,SKU_E,330,0,0,620
186,R1,SKU_A,1049,0,0,0
186,R1,SKU_B,557,0,0,0
186,R1,SKU_C,684,0,0,0
186,R1,SKU_D,312,0,0,0
186,R1,SKU_E,334,0,0,0
186,R2,SKU_A,27,0,0,342
186,R2,SKU_B,280,0,0,163
186,R2,SKU_C,232,0,0,203
186,R2,SKU_D,363,0,0,162
186,R2,SKU_E,513,0,0,138
186,R3,SKU_A,497,0,0,553
186,R3,SKU_B,704,0,0,176
186,R3,SKU_C,688,0,0,295
186,R3,SKU_D,472,0,0,431
186,R3,SKU_E,487,0,0,244
187,Supplier,SKU_A,0,0,0,0
187,Supplier,SKU_B,0,0,0,0
187,Supplier,SKU_C,0,0,0,0
187,Supplier,SKU_D,0,0,0,0
187,Supplier,SKU_E,0,0,0,0
187,W1,SKU_A,1713,0,0,831
187,W1,SKU_B,1159,0,0,396
187,W1,SKU_C,941,0,0,543
187,W1,SKU_D,336,0,0,395
187,W1,SKU_E,133,0,0,272
187,W2,SKU_A,2185,0,0,955
187,W2,SKU_B,1458,0,0,297
187,W2,SKU_C,1990,0,0,476
187,W2,SKU_D,0,0,356,483
187,W2,SKU_E,490,0,0,391
187,R1,SKU_A,882,0,0,435
187,R1,SKU_B,465,0,0,131
187,R1,SKU_C,551,0,0,281
187,R1,SKU_D,218,0,0,198
187,R1,SKU_E,278,0,0,107
187,R2,SKU_A,232,0,0,297
187,R2,SKU_B,381,0,0,123
187,R2,SKU_C,378,0,0,137
187,R2,SKU_D,459,0,0,140
187,R2,SKU_E,600,0,0,92
187,R3,SKU_A,262,0,0,1116
187,R3,SKU_B,631,0,0,362
187,R3,SKU_C,586,0,0,568
187,R3,SKU_D,379,0,0,679
187,R3,SKU_E,398,0,0,456
188,Supplier,SKU_A,0,0,0,0
188,Supplier,SKU_B,0,0,0,0
188,Supplier,SKU_C,0,0,0,0
188,Supplier,SKU_D,0,0,0,0
188,Supplier,SKU_E,0,0,0,0
188,W1,SKU_A,1409,0,0,1563
188,W1,SKU_B,1005,0,0,650
188,W1,SKU_C,751,0,0,961
188,W1,SKU_D,176,0,0,733
188,W1,SKU_E,26,0,0,471
188,W2,SKU_A,1950,0,0,955
188,W2,SKU_B,1385,0,0,297
188,W2,SKU_C,1888,0,0,476
188,W2,SKU_D,0,0,449,483
188,W2,SKU_E,401,0,0,391
188,R1,SKU_A,660,0,0,435
188,R1,SKU_B,347,0,0,131
188,R1,SKU_C,383,0,0,281
188,R1,SKU_D,119,0,0,198
188,R1,SKU_E,221,0,0,107
188,R2,SKU_A,87,0,0,297
188,R2,SKU_B,309,0,0,123
188,R2,SKU_C,286,0,0,137
188,R2,SKU_D,375,0,0,140
188,R2,SKU_E,524,0,0,92
188,R3,SKU_A,602,0,0,563
188,R3,SKU_B,737,0,0,186
188,R3,SKU_C,776,0,0,273
188,R3,SKU_D,729,0,0,248
188,R3,SKU_E,542,0,0,212
189,Supplier,SKU_A,0,0,0,0
189,Supplier,SKU_B,0,0,0,0
189,Supplier,SKU_C,0,0,0,0
189,Supplier,SKU_D,0,0,0,0
189,Supplier,SKU_E,0,0,0,0
189,W1,SKU_A,1042,0,0,1563
189,W1,SKU_B,815,0,0,650
189,W1,SKU_C,491,0,0,961
189,W1,SKU_D,0,0,7,733
189,W1,SKU_E,0,0,107,471
189,W2,SKU_A,2152,0,0,1162
189,W2,SKU_B,1447,0,0,364
189,W2,SKU_C,2012,0,0,547
189,W2,SKU_D,0,0,292,554
189,W2,SKU_E,449,0,0,471
189,R1,SKU_A,910,0,0,0
189,R1,SKU_B,387,0,0,0
189,R1,SKU_C,558,0,0,0
189,R1,SKU_D,226,0,0,0
189,R1,SKU_E,264,0,0,0
189,R2,SKU_A,0,30,0,297
189,R2,SKU_B,265,0,0,123
189,R2,SKU_C,196,0,0,137
189,R2,SKU_D,322,0,0,140
189,R2,SKU_E,478,0,0,92
189,R3,SKU_A,378,0,0,563
189,R3,SKU_B,679,0,0,186
189,R3,SKU_C,698,0,0,273
189,R3,SKU_D,636,0,0,248
189,R3,SKU_E,442,0,0,212
190,Supplier,SKU_A,0,0,0,0
190,Supplier,SKU_B,0,0,0,0
190,Supplier,SKU_C,0,0,0,0
190,Supplier,SKU_D,0,0,0,0
190,Supplier,SKU_E,0,0,0,0
190,W1,SKU_A,1571,0,0,732
190,W1,SKU_B,1076,0,0,254
190,W1,SKU_C,838,0,0,418
190,W1,SKU_D,244,0,0,338
190,W1,SKU_E,55,0,0,199
190,W2,SKU_A,1928,0,0,1162
190,W2,SKU_B,1389,0,0,364
190,W2,SKU_C,1934,0,0,547
190,W2,SKU_D,0,0,385,554
190,W2,SKU_E,349,0,0,471
190,R1,SKU_A,815,0,0,574
190,R1,SKU_B,339,0,0,301
190,R1,SKU_C,496,0,0,407
190,R1,SKU_D,175,0,0,284
190,R1,SKU_E,223,0,0,177
190,R2,SKU_A,175,0,0,399
190,R2,SKU_B,344,0,0,178
190,R2,SKU_C,295,0,0,239
190,R2,SKU_D,424,0,0,203
190,R2,SKU_E,526,0,0,173
190,R3,SKU_A,208,0,0,1235
190,R3,SKU_B,631,0,0,387
190,R3,SKU_C,623,0,0,558
190,R3,SKU_D,582,0,0,486
190,R3,SKU_E,367,0,0,501
191,Supplier,SKU_A,0,0,0,0
191,Supplier,SKU_B,0,0,0,0
191,Supplier,SKU_C,0,0,0,0
191,Supplier,SKU_D,0,0,0,0
191,Supplier,SKU_E,0,0,0,0
191,W1,SKU_A,1384,0,0,1705
191,W1,SKU_B,984,0,0,733
191,W1,SKU_C,738,0,0,1064
191,W1,SKU_D,155,0,0,825
191,W1,SKU_E,0,0,30,549
191,W2,SKU_A,1758,0,0,1599
191,W2,SKU_B,1341,0,0,492
191,W2,SKU_C,1859,0,0,730
191,W2,SKU_D,0,0,439,728
191,W2,SKU_E,274,0,0,671
191,R1,SKU_A,690,0,0,574
191,R1,SKU_B,289,0,0,301
191,R1,SKU_C,434,0,0,407
191,R1,SKU_D,131,0,0,284
191,R1,SKU_E,173,0,0,177
191,R2,SKU_A,87,0,0,399
191,R2,SKU_B,298,0,0,178
191,R2,SKU_C,252,0,0,239
191,R2,SKU_D,379,0,0,203
191,R2,SKU_E,480,0,0,173
191,R3,SKU_A,603,0,0,672
191,R3,SKU_B,776,0,0,201
191,R3,SKU_C,815,0,0,285
191,R3,SKU_D,740,0,0,238
191,R3,SKU_E,485,0,0,289
192,Supplier,SKU_A,0,0,0,0
192,Supplier,SKU_B,0,0,0,0
192,Supplier,SKU_C,0,0,0,0
192,Supplier,SKU_D,0,0,0,0
192,Supplier,SKU_E,0,0,0,0
192,W1,SKU_A,1171,0,0,1705
192,W1,SKU_B,888,0,0,733
192,W1,SKU_C,633,0,0,1064
192,W1,SKU_D,66,0,0,825
192,W1,SKU_E,0,0,126,549
192,W2,SKU_A,2130,0,0,1059
192,W2,SKU_B,1465,0,0,327
192,W2,SKU_C,2025,0,0,483
192,W2,SKU_D,0,0,284,483
192,W2,SKU_E,423,0,0,428
192,R1,SKU_A,1130,0,0,0
192,R1,SKU_B,534,0,0,0
192,R1,SKU_C,783,0,0,0
192,R1,SKU_D,367,0,0,0
192,R1,SKU_E,325,0,0,0
192,R2,SKU_A,12,0,0,399
192,R2,SKU_B,251,0,0,178
192,R2,SKU_C,222,0,0,239
192,R2,SKU_D,327,0,0,203
192,R2,SKU_E,433,0,0,173
192,R3,SKU_A,465,0,0,672
192,R3,SKU_B,721,0,0,201
192,R3,SKU_C,743,0,0,285
192,R3,SKU_D,665,0,0,238
192,R3,SKU_E,419,0,0,289
193,Supplier,SKU_A,0,0,0,0
193,Supplier,SKU_B,0,0,0,0
193,Supplier,SKU_C,0,0,0,0
193,Supplier,SKU_D,0,0,0,0
193,Supplier,SKU_E,0,0,0,0
193,W1,SKU_A,1694,0,0,973
193,W1,SKU_B,1039,0,0,479
193,W1,SKU_C,963,0,0,646
193,W1,SKU_D,304,0,0,487
193,W1,SKU_E,1,0,0,350
193,W2,SKU_A,1992,0,0,1059
193,W2,SKU_B,1410,0,0,327
193,W2,SKU_C,1953,0,0,483
193,W2,SKU_D,0,0,359,483
193,W2,SKU_E,357,0,0,428
193,R1,SKU_A,973,0,0,354
193,R1,SKU_B,477,0,0,154
193,R1,SKU_C,708,0,0,182
193,R1,SKU_D,309,0,0,143
193,R1,SKU_E,286,0,0,116
193,R2,SKU_A,331,0,0,255
193,R2,SKU_B,383,0,0,137
193,R2,SKU_C,416,0,0,111
193,R2,SKU_D,467,0,0,135
193,R2,SKU_E,551,0,0,137
193,R3,SKU_A,291,0,0,1148
193,R3,SKU_B,670,0,0,345
193,R3,SKU_C,651,0,0,513
193,R3,SKU_D,573,0,0,483
193,R3,SKU_E,338,0,0,524
194,Supplier,SKU_A,0,0,0,0
194,Supplier,SKU_B,0,0,0,0
194,Supplier,SKU_C,0,0,0,0
194,Supplier,SKU_D,0,0,0,0
194,Supplier,SKU_E,0,0,0,0
194,W1,SKU_A,1457,0,0,1582
194,W1,SKU_B,936,0,0,770
194,W1,SKU_C,843,0,0,939
194,W1,SKU_D,183,0,0,765
194,W1,SKU_E,0,0,93,603
194,W2,SKU_A,1818,0,0,1535
194,W2,SKU_B,1359,0,0,471
194,W2,SKU_C,1861,0,0,711
194,W2,SKU_D,0,0,451,702
194,W2,SKU_E,276,0,0,663
194,R1,SKU_A,836,0,0,354
194,R1,SKU_B,430,0,0,154
194,R1,SKU_C,607,0,0,182
194,R1,SKU_D,257,0,0,143
194,R1,SKU_E,233,0,0,116
194,R2,SKU_A,237,0,0,255
194,R2,SKU_B,339,0,0,137
194,R2,SKU_C,366,0,0,111
194,R2,SKU_D,419,0,0,135
194,R2,SKU_E,503,0,0,137
194,R3,SKU_A,762,0,0,476
194,R3,SKU_B,810,0,0,144
194,R3,SKU_C,824,0,0,228
194,R3,SKU_D,700,0,0,245
194,R3,SKU_E,532,0,0,235
195,Supplier,SKU_A,0,0,0,0
195,Supplier,SKU_B,0,0,0,0
195,Supplier,SKU_C,0,0,0,0
195,Supplier,SKU_D,0,0,0,0
195,Supplier,SKU_E,0,0,0,0
195,W1,SKU_A,1226,0,0,1582
195,W1,SKU_B,845,0,0,770
195,W1,SKU_C,692,0,0,939
195,W1,SKU_D,83,0,0,765
195,W1,SKU_E,0,0,194,603
195,W2,SKU_A,2239,0,0,913
195,W2,SKU_B,1497,0,0,272
195,W2,SKU_C,2049,0,0,411
195,W2,SKU_D,0,0,253,393
195,W2,SKU_E,409,0,0,435
195,R1,SKU_A,1000,0,0,0
195,R1,SKU_B,478,0,0,0
195,R1,SKU_C,636,0,0,0
195,R1,SKU_D,318,0,0,0
195,R1,SKU_E,289,0,0,0
195,R2,SKU_A,108,0,0,255
195,R2,SKU_B,284,0,0,137
195,R2,SKU_C,306,0,0,111
195,R2,SKU_D,354,0,0,135
195,R2,SKU_E,441,0,0,137
195,R3,SKU_A,571,0,0,476
195,R3,SKU_B,751,0,0,144
195,R3,SKU_C,701,0,0,228
195,R3,SKU_D,584,0,0,245
195,R3,SKU_E,425,0,0,235
196,Supplier,SKU_A,0,0,0,0
196,Supplier,SKU_B,0,0,0,0
196,Supplier,SKU_C,0,0,0,0
196,Supplier,SKU_D,0,0,0,0
196,Supplier,SKU_E,0,0,0,0
196,W1,SKU_A,1880,0,0,609
196,W1,SKU_B,1163,0,0,291
196,W1,SKU_C,1125,0,0,293
196,W1,SKU_D,423,0,0,278
196,W1,SKU_E,34,0,0,253
196,W2,SKU_A,2048,0,0,913
196,W2,SKU_B,1438,0,0,272
196,W2,SKU_C,1926,0,0,411
196,W2,SKU_D,0,0,369,393
196,W2,SKU_E,302,0,0,435
196,R1,SKU_A,806,0,0,484
196,R1,SKU_B,401,0,0,210
196,R1,SKU_C,498,0,0,329
196,R1,SKU_D,240,0,0,192
196,R1,SKU_E,230,0,0,152
196,R2,SKU_A,214,0,0,303
196,R2,SKU_B,358,0,0,145
196,R2,SKU_C,354,0,0,155
196,R2,SKU_D,415,0,0,176
196,R2,SKU_E,533,0,0,165
196,R3,SKU_A,361,0,0,1042
196,R3,SKU_B,682,0,0,315
196,R3,SKU_C,586,0,0,555
196,R3,SKU_D,498,0,0,554
196,R3,SKU_E,333,0,0,518
197,Supplier,SKU_A,0,0,0,0
197,Supplier,SKU_B,0,0,0,0
197,Supplier,SKU_C,0,0,0,0
197,Supplier,SKU_D,0,0,0,0
197,Supplier,SKU_E,0,0,0,0
197,W1,SKU_A,1537,0,0,1396
197,W1,SKU_B,1023,0,0,646
197,W1,SKU_C,924,0,0,777
197,W1,SKU_D,271,0,0,646
197,W1,SKU_E,0,0,70,570
197,W2,SKU_A,2275,0,0,1042
197,W2,SKU_B,1497,0,0,315
197,W2,SKU_C,1994,0,0,555
197,W2,SKU_D,0,0,281,538
197,W2,SKU_E,410,0,0,518
197,R1,SKU_A,689,0,0,484
197,R1,SKU_B,359,0,0,210
197,R1,SKU_C,418,0,0,329
197,R1,SKU_D,191,0,0,192
197,R1,SKU_E,184,0,0,152
197,R2,SKU_A,130,0,0,303
197,R2,SKU_B,319,0,0,145
197,R2,SKU_C,315,0,0,155
197,R2,SKU_D,375,0,0,176
197,R2,SKU_E,480,0,0,165
197,R3,SKU_A,674,0,0,566
197,R3,SKU_B,773,0,0,171
197,R3,SKU_C,745,0,0,327
197,R3,SKU_D,667,0,0,309
197,R3,SKU_E,485,0,0,283
198,Supplier,SKU_A,0,0,0,0
198,Supplier,SKU_B,0,0,0,0
198,Supplier,SKU_C,0,0,0,0
198,Supplier,SKU_D,0,0,0,0
198,Supplier,SKU_E,0,0,0,0
198,W1,SKU_A,1336,0,0,1396
198,W1,SKU_B,942,0,0,646
198,W1,SKU_C,805,0,0,777
198,W1,SKU_D,182,0,0,646
198,W1,SKU_E,0,0,169,570
198,W2,SKU_A,2112,0,0,1042
198,W2,SKU_B,1444,0,0,315
198,W2,SKU_C,1925,0,0,555
198,W2,SKU_D,0,0,357,538
198,W2,SKU_E,327,0,0,518
198,R1,SKU_A,1039,0,0,0
198,R1,SKU_B,532,0,0,0
198,R1,SKU_C,681,0,0,0
198,R1,SKU_D,320,0,0,0
198,R1,SKU_E,298,0,0,0
198,R2,SKU_A,44,0,0,303
198,R2,SKU_B,278,0,0,145
198,R2,SKU_C,268,0,0,155
198,R2,SKU_D,331,0,0,176
198,R2,SKU_E,431,0,0,165
198,R3,SKU_A,497,0,0,566
198,R3,SKU_B,743,0,0,171
198,R3,SKU_C,665,0,0,327
198,R3,SKU_D,589,0,0,309
198,R3,SKU_E,405,0,0,283
199,Supplier,SKU_A,0,0,0,0
199,Supplier,SKU_B,0,0,0,0
199,Supplier,SKU_C,0,0,0,0
199,Supplier,SKU_D,0,0,0,0
199,Supplier,SKU_E,0,0,0,0
199,W1,SKU_A,1725,0,0,787
199,W1,SKU_B,1155,0,0,355
199,W1,SKU_C,985,0,0,484
199,W1,SKU_D,353,0,0,368
199,W1,SKU_E,0,0,3,317
199,W2,SKU_A,1935,0,0,1042
199,W2,SKU_B,1414,0,0,315
199,W2,SKU_C,1845,0,0,555
199,W2,SKU_D,0,0,435,538
199,W2,SKU_E,247,0,0,518
199,R1,SKU_A,893,0,0,445
199,R1,SKU_B,466,0,0,156
199,R1,SKU_C,575,0,0,284
199,R1,SKU_D,262,0,0,190
199,R1,SKU_E,251,0,0,143
199,R2,SKU_A,263,0,0,319
199,R2,SKU_B,388,0,0,143
199,R2,SKU_C,376,0,0,149
199,R2,SKU_D,458,0,0,158
199,R2,SKU_E,538,0,0,144
199,R3,SKU_A,326,0,0,1116
199,R3,SKU_B,693,0,0,323
199,R3,SKU_C,555,0,0,591
199,R3,SKU_D,517,0,0,483
199,R3,SKU_E,320,0,0,538
200,Supplier,SKU_A,0,0,0,0
200,Supplier,SKU_B,0,0,0,0
200,Supplier,SKU_C,0,0,0,0
200,Supplier,SKU_D,0,0,0,0
200,Supplier,SKU_E,0,0,0,0
200,W1,SKU_A,1495,0,0,1551
200,W1,SKU_B,1054,0,0,654
200,W1,SKU_C,832,0,0,917
200,W1,SKU_D,246,0,0,716
200,W1,SKU_E,0,0,108,607
200,W2,SKU_A,2240,0,0,1116
200,W2,SKU_B,1508,0,0,323
200,W2,SKU_C,1963,0,0,591
200,W2,SKU_D,0,0,288,559
200,W2,SKU_E,397,0,0,538
200,R1,SKU_A,751,0,0,445
200,R1,SKU_B,424,0,0,156
200,R1,SKU_C,498,0,0,284
200,R1,SKU_D,218,0,0,190
200,R1,SKU_E,224,0,0,143
200,R2,SKU_A,173,0,0,319
200,R2,SKU_B,346,0,0,143
200,R2,SKU_C,339,0,0,149
200,R2,SKU_D,405,0,0,158
200,R2,SKU_E,504,0,0,144
200,R3,SKU_A,720,0,0,550
200,R3,SKU_B,820,0,0,152
200,R3,SKU_C,798,0,0,264
200,R3,SKU_D,735,0,0,174
200,R3,SKU_E,520,0,0,255
201,Supplier,SKU_A,0,0,0,0
201,Supplier,SKU_B,0,0,0,0
201,Supplier,SKU_C,0,0,0,0
201,Supplier,SKU_D,0,0,0,0
201,Supplier,SKU_E,0,0,0,0
201,W1,SKU_A,1263,0,0,1551
201,W1,SKU_B,970,0,0,654
201,W1,SKU_C,718,0,0,917
201,W1,SKU_D,149,0,0,716
201,W1,SKU_E,0,0,169,607
201,W2,SKU_A,2068,0,0,1116
201,W2,SKU_B,1464,0,0,323
201,W2,SKU_C,1879,0,0,591
201,W2,SKU_D,0,0,379,559
201,W2,SKU_E,314,0,0,538
201,R1,SKU_A,1051,0,0,0
201,R1,SKU_B,531,0,0,0
201,R1,SKU_C,697,0,0,0
201,R1,SKU_D,352,0,0,0
201,R1,SKU_E,312,0,0,0
201,R2,SKU_A,71,0,0,319
201,R2,SKU_B,290,0,0,143
201,R2,SKU_C,287,0,0,149
201,R2,SKU_D,359,0,0,158
201,R2,SKU_E,457,0,0,144
201,R3,SKU_A,510,0,0,550
201,R3,SKU_B,773,0,0,152
201,R3,SKU_C,703,0,0,264
201,R3,SKU_D,626,0,0,174
201,R3,SKU_E,435,0,0,255
202,Supplier,SKU_A,0,0,0,0
202,Supplier,SKU_B,0,0,0,0
202,Supplier,SKU_C,0,0,0,0
202,Supplier,SKU_D,0,0,0,0
202,Supplier,SKU_E,0,0,0,0
202,W1,SKU_A,1803,0,0,764
202,W1,SKU_B,1220,0,0,299
202,W1,SKU_C,1065,0,0,433
202,W1,SKU_D,415,0,0,348
202,W1,SKU_E,46,0,0,290
202,W2,SKU_A,1858,0,0,1116
202,W2,SKU_B,1417,0,0,323
202,W2,SKU_C,1784,0,0,591
202,W2,SKU_D,0,0,488,559
202,W2,SKU_E,229,0,0,538
202,R1,SKU_A,856,0,0,433
202,R1,SKU_B,427,0,0,157
202,R1,SKU_C,542,0,0,268
202,R1,SKU_D,261,0,0,158
202,R1,SKU_E,242,0,0,129
202,R2,SKU_A,264,0,0,276
202,R2,SKU_B,369,0,0,133
202,R2,SKU_C,373,0,0,136
202,R2,SKU_D,464,0,0,148
202,R2,SKU_E,551,0,0,142
202,R3,SKU_A,274,0,0,1103
202,R3,SKU_B,683,0,0,293
202,R3,SKU_C,553,0,0,553
202,R3,SKU_D,507,0,0,393
202,R3,SKU_E,335,0,0,508
203,Supplier,SKU_A,0,0,0,0
203,Supplier,SKU_B,0,0,0,0
203,Supplier,SKU_C,0,0,0,0
203,Supplier,SKU_D,0,0,0,0
203,Supplier,SKU_E,0,0,0,0
203,W1,SKU_A,1482,0,0,1473
203,W1,SKU_B,1052,0,0,589
203,W1,SKU_C,847,0,0,837
203,W1,SKU_D,271,0,0,654
203,W1,SKU_E,0,0,74,558
203,W2,SKU_A,2188,0,0,1103
203,W2,SKU_B,1498,0,0,293
203,W2,SKU_C,1961,0,0,553
203,W2,SKU_D,0,0,288,512
203,W2,SKU_E,412,0,0,508
203,R1,SKU_A,668,0,0,433
203,R1,SKU_B,340,0,0,157
203,R1,SKU_C,418,0,0,268
203,R1,SKU_D,188,0,0,158
203,R1,SKU_E,181,0,0,129
203,R2,SKU_A,117,0,0,276
203,R2,SKU_B,304,0,0,133
203,R2,SKU_C,314,0,0,136
203,R2,SKU_D,393,0,0,148
203,R2,SKU_E,489,0,0,142
203,R3,SKU_A,591,0,0,553
203,R3,SKU_B,759,0,0,141
203,R3,SKU_C,693,0,0,289
203,R3,SKU_D,589,0,0,219
203,R3,SKU_E,479,0,0,253
204,Supplier,SKU_A,0,0,0,0
204,Supplier,SKU_B,0,0,0,0
204,Supplier,SKU_C,0,0,0,0
204,Supplier,SKU_D,0,0,0,0
204,Supplier,SKU_E,0,0,0,0
204,W1,SKU_A,1147,0,0,1473
204,W1,SKU_B,900,0,0,589
204,W1,SKU_C,664,0,0,837
204,W1,SKU_D,127,0,0,654
204,W1,SKU_E,0,0,197,558
204,W2,SKU_A,1955,0,0,1103
204,W2,SKU_B,1422,0,0,293
204,W2,SKU_C,1837,0,0,553
204,W2,SKU_D,0,0,380,512
204,W2,SKU_E,301,0,0,508
204,R1,SKU_A,982,0,0,0
204,R1,SKU_B,456,0,0,0
204,R1,SKU_C,604,0,0,0
204,R1,SKU_D,291,0,0,0
204,R1,SKU_E,264,0,0,0
204,R2,SKU_A,28,0,0,276
204,R2,SKU_B,271,0,0,133
204,R2,SKU_C,270,0,0,136
204,R2,SKU_D,332,0,0,148
204,R2,SKU_E,451,0,0,142
204,R3,SKU_A,440,0,0,553
204,R3,SKU_B,721,0,0,141
204,R3,SKU_C,611,0,0,289
204,R3,SKU_D,496,0,0,219
204,R3,SKU_E,408,0,0,253
205,Supplier,SKU_A,0,0,0,0
205,Supplier,SKU_B,0,0,0,0
205,Supplier,SKU_C,0,0,0,0
205,Supplier,SKU_D,0,0,0,0
205,Supplier,SKU_E,0,0,0,0
205,W1,SKU_A,1703,0,0,709
205,W1,SKU_B,1125,0,0,290
205,W1,SKU_C,971,0,0,404
205,W1,SKU_D,359,0,0,306
205,W1,SKU_E,9,0,0,268
205,W2,SKU_A,1804,0,0,1572
205,W2,SKU_B,1384,0,0,459
205,W2,SKU_C,1755,0,0,827
205,W2,SKU_D,0,0,473,723
205,W2,SKU_E,230,0,0,719
205,R1,SKU_A,859,0,0,502
205,R1,SKU_B,409,0,0,232
205,R1,SKU_C,527,0,0,361
205,R1,SKU_D,246,0,0,219
205,R1,SKU_E,230,0,0,177
205,R2,SKU_A,211,0,0,362
205,R2,SKU_B,368,0,0,162
205,R2,SKU_C,365,0,0,166
205,R2,SKU_D,449,0,0,185
205,R2,SKU_E,550,0,0,150
205,R3,SKU_A,312,0,0,1173
205,R3,SKU_B,685,0,0,345
205,R3,SKU_C,551,0,0,645
205,R3,SKU_D,434,0,0,538
205,R3,SKU_E,334,0,0,535
206,Supplier,SKU_A,0,0,0,0
206,Supplier,SKU_B,0,0,0,0
206,Supplier,SKU_C,0,0,0,0
206,Supplier,SKU_D,0,0,0,0
206,Supplier,SKU_E,0,0,0,0
206,W1,SKU_A,1487,0,0,1573
206,W1,SKU_B,1042,0,0,684
206,W1,SKU_C,853,0,0,931
206,W1,SKU_D,283,0,0,710
206,W1,SKU_E,0,0,68,595
206,W2,SKU_A,2226,0,0,1022
206,W2,SKU_B,1500,0,0,307
206,W2,SKU_C,1959,0,0,563
206,W2,SKU_D,0,0,295,483
206,W2,SKU_E,411,0,0,464
206,R1,SKU_A,721,0,0,502
206,R1,SKU_B,365,0,0,232
206,R1,SKU_C,450,0,0,361
206,R1,SKU_D,188,0,0,219
206,R1,SKU_E,189,0,0,177
206,R2,SKU_A,133,0,0,362
206,R2,SKU_B,349,0,0,162
206,R2,SKU_C,335,0,0,166
206,R2,SKU_D,417,0,0,185
206,R2,SKU_E,512,0,0,150
206,R3,SKU_A,684,0,0,620
206,R3,SKU_B,789,0,0,204
206,R3,SKU_C,774,0,0,356
206,R3,SKU_D,581,0,0,319
206,R3,SKU_E,523,0,0,282
207,Supplier,SKU_A,0,0,0,0
207,Supplier,SKU_B,0,0,0,0
207,Supplier,SKU_C,0,0,0,0
207,Supplier,SKU_D,0,0,0,0
207,Supplier,SKU_E,0,0,0,0
207,W1,SKU_A,1271,0,0,1573
207,W1,SKU_B,979,0,0,684
207,W1,SKU_C,746,0,0,931
207,W1,SKU_D,193,0,0,710
207,W1,SKU_E,0,0,147,595
207,W2,SKU_A,2045,0,0,1022
207,W2,SKU_B,1463,0,0,307
207,W2,SKU_C,1893,0,0,563
207,W2,SKU_D,0,0,367,483
207,W2,SKU_E,347,0,0,464
207,R1,SKU_A,1120,0,0,0
207,R1,SKU_B,529,0,0,0
207,R1,SKU_C,744,0,0,0
207,R1,SKU_D,355,0,0,0
207,R1,SKU_E,326,0,0,0
207,R2,SKU_A,43,0,0,362
207,R2,SKU_B,320,0,0,162
207,R2,SKU_C,284,0,0,166
207,R2,SKU_D,375,0,0,185
207,R2,SKU_E,479,0,0,150
207,R3,SKU_A,508,0,0,620
207,R3,SKU_B,737,0,0,204
207,R3,SKU_C,691,0,0,356
207,R3,SKU_D,494,0,0,319
207,R3,SKU_E,444,0,0,282
208,Supplier,SKU_A,0,0,0,0
208,Supplier,SKU_B,0,0,0,0
208,Supplier,SKU_C,0,0,0,0
208,Supplier,SKU_D,0,0,0,0
208,Supplier,SKU_E,0,0,0,0
208,W1,SKU_A,1787,0,0,864
208,W1,SKU_B,1172,0,0,394
208,W1,SKU_C,1032,0,0,527
208,W1,SKU_D,405,0,0,404
208,W1,SKU_E,48,0,0,327
208,W2,SKU_A,1869,0,0,1482
208,W2,SKU_B,1411,0,0,418
208,W2,SKU_C,1810,0,0,771
208,W2,SKU_D,0,0,454,710
208,W2,SKU_E,268,0,0,673
208,R1,SKU_A,967,0,0,364
208,R1,SKU_B,453,0,0,159
208,R1,SKU_C,650,0,0,221
208,R1,SKU_D,288,0,0,155
208,R1,SKU_E,264,0,0,115
208,R2,SKU_A,316,0,0,261
208,R2,SKU_B,436,0,0,84
208,R2,SKU_C,424,0,0,122
208,R2,SKU_D,515,0,0,105
208,R2,SKU_E,568,0,0,114
208,R3,SKU_A,297,0,0,1105
208,R3,SKU_B,672,0,0,329
208,R3,SKU_C,576,0,0,565
208,R3,SKU_D,419,0,0,559
208,R3,SKU_E,338,0,0,499
209,Supplier,SKU_A,0,0,0,0
209,Supplier,SKU_B,0,0,0,0
209,Supplier,SKU_C,0,0,0,0
209,Supplier,SKU_D,0,0,0,0
209,Supplier,SKU_E,0,0,0,0
209,W1,SKU_A,1545,0,0,1489
209,W1,SKU_B,1050,0,0,637
209,W1,SKU_C,912,0,0,870
209,W1,SKU_D,293,0,0,664
209,W1,SKU_E,0,0,75,556
209,W2,SKU_A,2211,0,0,929
209,W2,SKU_B,1487,0,0,277
209,W2,SKU_C,1984,0,0,482
209,W2,SKU_D,0,0,257,438
209,W2,SKU_E,415,0,0,420
209,R1,SKU_A,770,0,0,364
209,R1,SKU_B,332,0,0,159
209,R1,SKU_C,495,0,0,221
209,R1,SKU_D,210,0,0,155
209,R1,SKU_E,206,0,0,115
209,R2,SKU_A,178,0,0,261
209,R2,SKU_B,386,0,0,84
209,R2,SKU_C,374,0,0,122
209,R2,SKU_D,453,0,0,105
209,R2,SKU_E,515,0,0,114
209,R3,SKU_A,674,0,0,485
209,R3,SKU_B,830,0,0,125
209,R3,SKU_C,807,0,0,209
209,R3,SKU_D,636,0,0,240
209,R3,SKU_E,522,0,0,217
210,Supplier,SKU_A,0,0,0,0
210,Supplier,SKU_B,0,0,0,0
210,Supplier,SKU_C,0,0,0,0
210,Supplier,SKU_D,0,0,0,0
210,Supplier,SKU_E,0,0,0,0
210,W1,SKU_A,1210,0,0,1489
210,W1,SKU_B,879,0,0,637
210,W1,SKU_C,707,0,0,870
210,W1,SKU_D,153,0,0,664
210,W1,SKU_E,0,0,186,556
210,W2,SKU_A,1968,0,0,929
210,W2,SKU_B,1441,0,0,277
210,W2,SKU_C,1859,0,0,482
210,W2,SKU_D,0,0,359,438
210,W2,SKU_E,317,0,0,420
210,R1,SKU_A,903,0,0,0
210,R1,SKU_B,400,0,0,0
210,R1,SKU_C,574,0,0,0
210,R1,SKU_D,271,0,0,0
210,R1,SKU_E,249,0,0,0
210,R2,SKU_A,46,0,0,261
210,R2,SKU_B,327,0,0,84
210,R2,SKU_C,297,0,0,122
210,R2,SKU_D,396,0,0,105
210,R2,SKU_E,477,0,0,114
210,R3,SKU_A,424,0,0,485
210,R3,SKU_B,770,0,0,125
210,R3,SKU_C,685,0,0,209
210,R3,SKU_D,538,0,0,240
210,R3,SKU_E,448,0,0,217
211,Supplier,SKU_A,0,0,0,0
211,Supplier,SKU_B,0,0,0,0
211,Supplier,SKU_C,0,0,0,0
211,Supplier,SKU_D,0,0,0,0
211,Supplier,SKU_E,0,0,0,0
211,W1,SKU_A,1711,0,0,625
211,W1,SKU_B,1123,0,0,243
211,W1,SKU_C,1015,0,0,343
211,W1,SKU_D,406,0,0,260
211,W1,SKU_E,31,0,0,229
211,W2,SKU_A,2187,0,0,1090
211,W2,SKU_B,1547,0,0,274
211,W2,SKU_C,2011,0,0,531
211,W2,SKU_D,0,0,246,491
211,W2,SKU_E,454,0,0,492
211,R1,SKU_A,770,0,0,581
211,R1,SKU_B,348,0,0,288
211,R1,SKU_C,485,0,0,391
211,R1,SKU_D,195,0,0,239
211,R1,SKU_E,214,0,0,192
211,R2,SKU_A,204,0,0,359
211,R2,SKU_B,377,0,0,155
211,R2,SKU_C,382,0,0,153
211,R2,SKU_D,462,0,0,164
211,R2,SKU_E,552,0,0,152
211,R3,SKU_A,253,0,0,1189
211,R3,SKU_B,726,0,0,296
211,R3,SKU_C,583,0,0,571
211,R3,SKU_D,437,0,0,723
211,R3,SKU_E,389,0,0,495
212,Supplier,SKU_A,0,0,0,0
212,Supplier,SKU_B,0,0,0,0
212,Supplier,SKU_C,0,0,0,0
212,Supplier,SKU_D,0,0,0,0
212,Supplier,SKU_E,0,0,0,0
212,W1,SKU_A,1475,0,0,1565
212,W1,SKU_B,1037,0,0,686
212,W1,SKU_C,889,0,0,887
212,W1,SKU_D,291,0,0,663
212,W1,SKU_E,0,0,43,573
212,W2,SKU_A,2016,0,0,1090
212,W2,SKU_B,1503,0,0,274
212,W2,SKU_C,1909,0,0,531
212,W2,SKU_D,0,0,347,491
212,W2,SKU_E,395,0,0,492
212,R1,SKU_A,621,0,0,581
212,R1,SKU_B,290,0,0,288
212,R1,SKU_C,388,0,0,391
212,R1,SKU_D,130,0,0,239
212,R1,SKU_E,174,0,0,192
212,R2,SKU_A,105,0,0,359
212,R2,SKU_B,336,0,0,155
212,R2,SKU_C,339,0,0,153
212,R2,SKU_D,413,0,0,164
212,R2,SKU_E,507,0,0,152
212,R3,SKU_A,544,0,0,704
212,R3,SKU_B,797,0,0,171
212,R3,SKU_C,699,0,0,362
212,R3,SKU_D,570,0,0,483
212,R3,SKU_E,517,0,0,278
213,Supplier,SKU_A,0,0,0,0
213,Supplier,SKU_B,0,0,0,0
213,Supplier,SKU_C,0,0,0,0
213,Supplier,SKU_D,0,0,0,0
213,Supplier,SKU_E,0,0,0,0
213,W1,SKU_A,1227,0,0,1565
213,W1,SKU_B,938,0,0,686
213,W1,SKU_C,749,0,0,887
213,W1,SKU_D,177,0,0,663
213,W1,SKU_E,0,0,128,573
213,W2,SKU_A,1822,0,0,1090
213,W2,SKU_B,1449,0,0,274
213,W2,SKU_C,1816,0,0,531
213,W2,SKU_D,0,0,454,491
213,W2,SKU_E,306,0,0,492
213,R1,SKU_A,1026,0,0,0
213,R1,SKU_B,513,0,0,0
213,R1,SKU_C,675,0,0,0
213,R1,SKU_D,290,0,0,0
213,R1,SKU_E,318,0,0,0
213,R2,SKU_A,12,0,0,359
213,R2,SKU_B,289,0,0,155
213,R2,SKU_C,288,0,0,153
213,R2,SKU_D,372,0,0,164
213,R2,SKU_E,446,0,0,152
213,R3,SKU_A,297,0,0,704
213,R3,SKU_B,718,0,0,171
213,R3,SKU_C,558,0,0,362
213,R3,SKU_D,421,0,0,483
213,R3,SKU_E,422,0,0,278
214,Supplier,SKU_A,0,0,0,0
214,Supplier,SKU_B,0,0,0,0
214,Supplier,SKU_C,0,0,0,0
214,Supplier,SKU_D,0,0,0,0
214,Supplier,SKU_E,0,0,0,0
214,W1,SKU_A,1583,0,0,940
214,W1,SKU_B,1069,0,0,443
214,W1,SKU_C,937,0,0,544
214,W1,SKU_D,317,0,0,403
214,W1,SKU_E,0,0,8,344
214,W2,SKU_A,2035,0,0,1245
214,W2,SKU_B,1481,0,0,321
214,W2,SKU_C,1883,0,0,640
214,W2,SKU_D,0,0,376,570
214,W2,SKU_E,420,0,0,505
214,R1,SKU_A,808,0,0,458
214,R1,SKU_B,409,0,0,175
214,R1,SKU_C,498,0,0,290
214,R1,SKU_D,177,0,0,220
214,R1,SKU_E,211,0,0,123
214,R2,SKU_A,235,0,0,295
214,R2,SKU_B,372,0,0,122
214,R2,SKU_C,342,0,0,131
214,R2,SKU_D,452,0,0,129
214,R2,SKU_E,541,0,0,137
214,R3,SKU_A,0,5,0,1316
214,R3,SKU_B,642,0,0,348
214,R3,SKU_C,357,0,0,698
214,R3,SKU_D,252,0,0,710
214,R3,SKU_E,289,0,0,521
215,Supplier,SKU_A,0,0,0,0
215,Supplier,SKU_B,0,0,0,0
215,Supplier,SKU_C,0,0,0,0
215,Supplier,SKU_D,0,0,0,0
215,Supplier,SKU_E,0,0,0,0
215,W1,SKU_A,1229,0,0,1693
215,W1,SKU_B,893,0,0,740
215,W1,SKU_C,661,0,0,965
215,W1,SKU_D,120,0,0,752
215,W1,SKU_E,0,0,172,612
215,W2,SKU_A,1733,0,0,1245
215,W2,SKU_B,1405,0,0,321
215,W2,SKU_C,1682,0,0,640
215,W2,SKU_D,0,0,545,570
215,W2,SKU_E,287,0,0,505
215,R1,SKU_A,556,0,0,458
215,R1,SKU_B,330,0,0,175
215,R1,SKU_C,371,0,0,290
215,R1,SKU_D,74,0,0,220
215,R1,SKU_E,132,0,0,123
215,R2,SKU_A,121,0,0,295
215,R2,SKU_B,315,0,0,122
215,R2,SKU_C,266,0,0,131
215,R2,SKU_D,409,0,0,129
215,R2,SKU_E,496,0,0,137
215,R3,SKU_A,436,0,0,612
215,R3,SKU_B,727,0,0,177
215,R3,SKU_C,588,0,0,336
215,R3,SKU_D,604,0,0,227
215,R3,SKU_E,447,0,0,243
216,Supplier,SKU_A,0,0,0,0
216,Supplier,SKU_B,0,0,0,0
216,Supplier,SKU_C,0,0,0,0
216,Supplier,SKU_D,0,0,0,0
216,Supplier,SKU_E,0,0,0,0
216,W1,SKU_A,863,0,0,1693
216,W1,SKU_B,757,0,0,740
216,W1,SKU_C,458,0,0,965
216,W1,SKU_D,0,0,26,752
216,W1,SKU_E,0,0,296,612
216,W2,SKU_A,1470,0,0,1794
216,W2,SKU_B,1319,0,0,476
216,W2,SKU_C,1551,0,0,982
216,W2,SKU_D,0,0,676,888
216,W2,SKU_E,167,0,0,733
216,R1,SKU_A,854,0,0,0
216,R1,SKU_B,417,0,0,0
216,R1,SKU_C,548,0,0,0
216,R1,SKU_D,224,0,0,0
216,R1,SKU_E,198,0,0,0
216,R2,SKU_A,40,0,0,295
216,R2,SKU_B,266,0,0,122
216,R2,SKU_C,204,0,0,131
216,R2,SKU_D,368,0,0,129
216,R2,SKU_E,461,0,0,137
216,R3,SKU_A,222,0,0,612
216,R3,SKU_B,661,0,0,177
216,R3,SKU_C,496,0,0,336
216,R3,SKU_D,498,0,0,227
216,R3,SKU_E,362,0,0,243
217,Supplier,SKU_A,0,0,0,0
217,Supplier,SKU_B,0,0,0,0
217,Supplier,SKU_C,0,0,0,0
217,Supplier,SKU_D,0,0,0,0
217,Supplier,SKU_E,0,0,0,0
217,W1,SKU_A,1562,0,0,753
217,W1,SKU_B,1063,0,0,297
217,W1,SKU_C,827,0,0,421
217,W1,SKU_D,266,0,0,349
217,W1,SKU_E,0,0,44,268
217,W2,SKU_A,1886,0,0,1164
217,W2,SKU_B,1416,0,0,313
217,W2,SKU_C,1782,0,0,659
217,W2,SKU_D,0,0,518,624
217,W2,SKU_E,365,0,0,450
217,R1,SKU_A,652,0,0,630
217,R1,SKU_B,349,0,0,271
217,R1,SKU_C,405,0,0,417
217,R1,SKU_D,144,0,0,286
217,R1,SKU_E,140,0,0,243
217,R2,SKU_A,219,0,0,331
217,R2,SKU_B,343,0,0,178
217,R2,SKU_C,279,0,0,237
217,R2,SKU_D,462,0,0,168
217,R2,SKU_E,561,0,0,101
217,R3,SKU_A,22,0,0,1391
217,R3,SKU_B,618,0,0,405
217,R3,SKU_C,390,0,0,760
217,R3,SKU_D,423,0,0,491
217,R3,SKU_E,292,0,0,581
218,Supplier,SKU_A,0,0,0,0
218,Supplier,SKU_B,0,0,0,0
218,Supplier,SKU_C,0,0,0,0
218,Supplier,SKU_D,0,0,0,0
218,Supplier,SKU_E,0,0,0,0
218,W1,SKU_A,1244,0,0,1714
218,W1,SKU_B,950,0,0,746
218,W1,SKU_C,628,0,0,1075
218,W1,SKU_D,151,0,0,803
218,W1,SKU_E,0,0,139,648
218,W2,SKU_A,1686,0,0,1641
218,W2,SKU_B,1373,0,0,465
218,W2,SKU_C,1676,0,0,882
218,W2,SKU_D,0,0,593,861
218,W2,SKU_E,295,0,0,655
218,R1,SKU_A,546,0,0,630
218,R1,SKU_B,307,0,0,271
218,R1,SKU_C,323,0,0,417
218,R1,SKU_D,101,0,0,286
218,R1,SKU_E,96,0,0,243
218,R2,SKU_A,129,0,0,331
218,R2,SKU_B,308,0,0,178
218,R2,SKU_C,233,0,0,237
218,R2,SKU_D,430,0,0,168
218,R2,SKU_E,524,0,0,101
218,R3,SKU_A,498,0,0,779
218,R3,SKU_B,754,0,0,228
218,R3,SKU_C,652,0,0,424
218,R3,SKU_D,573,0,0,264
218,R3,SKU_E,478,0,0,338
219,Supplier,SKU_A,0,0,0,0
219,Supplier,SKU_B,0,0,0,0
219,Supplier,SKU_C,0,0,0,0
219,Supplier,SKU_D,0,0,0,0
219,Supplier,SKU_E,0,0,0,0
219,W1,SKU_A,1048,0,0,1714
219,W1,SKU_B,873,0,0,746
219,W1,SKU_C,500,0,0,1075
219,W1,SKU_D,76,0,0,803
219,W1,SKU_E,0,0,220,648
219,W2,SKU_A,1550,0,0,1641
219,W2,SKU_B,1332,0,0,465
219,W2,SKU_C,1602,0,0,882
219,W2,SKU_D,0,0,670,861
219,W2,SKU_E,238,0,0,655
219,R1,SKU_A,1027,0,0,0
219,R1,SKU_B,540,0,0,0
219,R1,SKU_C,640,0,0,0
219,R1,SKU_D,321,0,0,0
219,R1,SKU_E,302,0,0,0
219,R2,SKU_A,45,0,0,331
219,R2,SKU_B,261,0,0,178
219,R2,SKU_C,201,0,0,237
219,R2,SKU_D,368,0,0,168
219,R2,SKU_E,491,0,0,101
219,R3,SKU_A,318,0,0,779
219,R3,SKU_B,706,0,0,228
219,R3,SKU_C,571,0,0,424
219,R3,SKU_D,499,0,0,264
219,R3,SKU_E,392,0,0,338
220,Supplier,SKU_A,0,0,0,0
220,Supplier,SKU_B,0,0,0,0
220,Supplier,SKU_C,0,0,0,0
220,Supplier,SKU_D,0,0,0,0
220,Supplier,SKU_E,0,0,0,0
220,W1,SKU_A,1568,0,0,961
220,W1,SKU_B,1085,0,0,449
220,W1,SKU_C,789,0,0,654
220,W1,SKU_D,297,0,0,454
220,W1,SKU_E,0,0,22,380
220,W2,SKU_A,1985,0,0,1026
220,W2,SKU_B,1442,0,0,307
220,W2,SKU_C,1838,0,0,565
220,W2,SKU_D,0,0,438,555
220,W2,SKU_E,374,0,0,433
220,R1,SKU_A,899,0,0,457
220,R1,SKU_B,486,0,0,148
220,R1,SKU_C,550,0,0,325
220,R1,SKU_D,262,0,0,189
220,R1,SKU_E,266,0,0,139
220,R2,SKU_A,300,0,0,290
220,R2,SKU_B,395,0,0,127
220,R2,SKU_C,399,0,0,134
220,R2,SKU_D,493,0,0,129
220,R2,SKU_E,554,0,0,129
220,R3,SKU_A,163,0,0,1295
220,R3,SKU_B,652,0,0,360
220,R3,SKU_C,485,0,0,685
220,R3,SKU_D,409,0,0,570
220,R3,SKU_E,314,0,0,551
221,Supplier,SKU_A,0,0,0,0
221,Supplier,SKU_B,0,0,0,0
221,Supplier,SKU_C,0,0,0,0
221,Supplier,SKU_D,0,0,0,0
221,Supplier,SKU_E,0,0,0,0
221,W1,SKU_A,1364,0,0,1708
221,W1,SKU_B,987,0,0,724
221,W1,SKU_C,660,0,0,1113
221,W1,SKU_D,195,0,0,772
221,W1,SKU_E,0,0,96,626
221,W2,SKU_A,1830,0,0,1542
221,W2,SKU_B,1388,0,0,439
221,W2,SKU_C,1752,0,0,826
221,W2,SKU_D,0,0,528,781
221,W2,SKU_E,296,0,0,646
221,R1,SKU_A,785,0,0,457
221,R1,SKU_B,442,0,0,148
221,R1,SKU_C,465,0,0,325
221,R1,SKU_D,192,0,0,189
221,R1,SKU_E,227,0,0,139
221,R2,SKU_A,206,0,0,290
221,R2,SKU_B,362,0,0,127
221,R2,SKU_C,351,0,0,134
221,R2,SKU_D,437,0,0,129
221,R2,SKU_E,508,0,0,129
221,R3,SKU_A,723,0,0,516
221,R3,SKU_B,827,0,0,132
221,R3,SKU_C,805,0,0,261
221,R3,SKU_D,565,0,0,306
221,R3,SKU_E,556,0,0,213
222,Supplier,SKU_A,0,0,0,0
222,Supplier,SKU_B,0,0,0,0
222,Supplier,SKU_C,0,0,0,0
222,Supplier,SKU_D,0,0,0,0
222,Supplier,SKU_E,0,0,0,0
222,W1,SKU_A,1156,0,0,1708
222,W1,SKU_B,910,0,0,724
222,W1,SKU_C,527,0,0,1113
222,W1,SKU_D,69,0,0,772
222,W1,SKU_E,0,0,181,626
222,W2,SKU_A,2160,0,0,993
222,W2,SKU_B,1490,0,0,284
222,W2,SKU_C,1990,0,0,484
222,W2,SKU_D,0,0,318,463
222,W2,SKU_E,428,0,0,418
222,R1,SKU_A,1096,0,0,0
222,R1,SKU_B,528,0,0,0
222,R1,SKU_C,675,0,0,0
222,R1,SKU_D,314,0,0,0
222,R1,SKU_E,306,0,0,0
222,R2,SKU_A,94,0,0,290
222,R2,SKU_B,307,0,0,127
222,R2,SKU_C,316,0,0,134
222,R2,SKU_D,377,0,0,129
222,R2,SKU_E,453,0,0,129
222,R3,SKU_A,493,0,0,516
222,R3,SKU_B,778,0,0,132
222,R3,SKU_C,695,0,0,261
222,R3,SKU_D,462,0,0,306
222,R3,SKU_E,456,0,0,213
223,Supplier,SKU_A,0,0,0,0
223,Supplier,SKU_B,0,0,0,0
223,Supplier,SKU_C,0,0,0,0
223,Supplier,SKU_D,0,0,0,0
223,Supplier,SKU_E,0,0,0,0
223,W1,SKU_A,1859,0,0,747
223,W1,SKU_B,1242,0,0,275
223,W1,SKU_C,1031,0,0,459
223,W1,SKU_D,396,0,0,318
223,W1,SKU_E,84,0,0,246
223,W2,SKU_A,1930,0,0,993
223,W2,SKU_B,1441,0,0,284
223,W2,SKU_C,1880,0,0,484
223,W2,SKU_D,0,0,421,463
223,W2,SKU_E,328,0,0,418
223,R1,SKU_A,844,0,0,388
223,R1,SKU_B,427,0,0,160
223,R1,SKU_C,501,0,0,290
223,R1,SKU_D,232,0,0,196
223,R1,SKU_E,225,0,0,135
223,R2,SKU_A,269,0,0,282
223,R2,SKU_B,381,0,0,132
223,R2,SKU_C,396,0,0,122
223,R2,SKU_D,450,0,0,159
223,R2,SKU_E,516,0,0,161
223,R3,SKU_A,197,0,0,1120
223,R3,SKU_B,709,0,0,288
223,R3,SKU_C,523,0,0,561
223,R3,SKU_D,291,0,0,624
223,R3,SKU_E,329,0,0,487
224,Supplier,SKU_A,0,0,0,0
224,Supplier,SKU_B,0,0,0,0
224,Supplier,SKU_C,0,0,0,0
224,Supplier,SKU_D,0,0,0,0
224,Supplier,SKU_E,0,0,0,0
224,W1,SKU_A,1492,0,0,1417
224,W1,SKU_B,1088,0,0,567
224,W1,SKU_C,803,0,0,871
224,W1,SKU_D,258,0,0,673
224,W1,SKU_E,0,0,63,520
224,W2,SKU_A,2111,0,0,1120
224,W2,SKU_B,1524,0,0,288
224,W2,SKU_C,1931,0,0,561
224,W2,SKU_D,0,0,355,527
224,W2,SKU_E,406,0,0,487
224,R1,SKU_A,580,0,0,388
224,R1,SKU_B,345,0,0,160
224,R1,SKU_C,357,0,0,290
224,R1,SKU_D,150,0,0,196
224,R1,SKU_E,170,0,0,135
224,R2,SKU_A,129,0,0,282
224,R2,SKU_B,320,0,0,132
224,R2,SKU_C,320,0,0,122
224,R2,SKU_D,395,0,0,159
224,R2,SKU_E,446,0,0,161
224,R3,SKU_A,452,0,0,604
224,R3,SKU_B,780,0,0,156
224,R3,SKU_C,629,0,0,300
224,R3,SKU_D,503,0,0,318
224,R3,SKU_E,442,0,0,274
225,Supplier,SKU_A,0,0,0,0
225,Supplier,SKU_B,0,0,0,0
225,Supplier,SKU_C,0,0,0,0
225,Supplier,SKU_D,0,0,0,0
225,Supplier,SKU_E,0,0,0,0
225,W1,SKU_A,1088,0,0,1417
225,W1,SKU_B,945,0,0,567
225,W1,SKU_C,583,0,0,871
225,W1,SKU_D,121,0,0,673
225,W1,SKU_E,0,0,188,520
225,W2,SKU_A,1850,0,0,1120
225,W2,SKU_B,1463,0,0,288
225,W2,SKU_C,1776,0,0,561
225,W2,SKU_D,0,0,449,527
225,W2,SKU_E,306,0,0,487
225,R1,SKU_A,859,0,0,0
225,R1,SKU_B,468,0,0,0
225,R1,SKU_C,548,0,0,0
225,R1,SKU_D,290,0,0,0
225,R1,SKU_E,261,0,0,0
225,R2,SKU_A,35,0,0,282
225,R2,SKU_B,277,0,0,132
225,R2,SKU_C,273,0,0,122
225,R2,SKU_D,347,0,0,159
225,R2,SKU_E,401,0,0,161
225,R3,SKU_A,273,0,0,604
225,R3,SKU_B,728,0,0,156
225,R3,SKU_C,518,0,0,300
225,R3,SKU_D,420,0,0,318
225,R3,SKU_E,368,0,0,274
226,Supplier,SKU_A,0,0,0,0
226,Supplier,SKU_B,0,0,0,0
226,Supplier,SKU_C,0,0,0,0
226,Supplier,SKU_D,0,0,0,0
226,Supplier,SKU_E,0,0,0,0
226,W1,SKU_A,1632,0,0,670
226,W1,SKU_B,1140,0,0,292
226,W1,SKU_C,896,0,0,412
226,W1,SKU_D,335,0,0,355
226,W1,SKU_E,0,0,31,274
226,W2,SKU_A,1671,0,0,1677
226,W2,SKU_B,1411,0,0,418
226,W2,SKU_C,1665,0,0,888
226,W2,SKU_D,0,0,532,792
226,W2,SKU_E,232,0,0,714
226,R1,SKU_A,717,0,0,625
226,R1,SKU_B,422,0,0,220
226,R1,SKU_C,476,0,0,417
226,R1,SKU_D,240,0,0,220
226,R1,SKU_E,228,0,0,180
226,R2,SKU_A,216,0,0,349
226,R2,SKU_B,365,0,0,157
226,R2,SKU_C,348,0,0,177
226,R2,SKU_D,442,0,0,159
226,R2,SKU_E,507,0,0,150
226,R3,SKU_A,98,0,0,1340
226,R3,SKU_B,685,0,0,338
226,R3,SKU_C,433,0,0,738
226,R3,SKU_D,320,0,0,555
226,R3,SKU_E,271,0,0,575
227,Supplier,SKU_A,0,0,0,0
227,Supplier,SKU_B,0,0,0,0
227,Supplier,SKU_C,0,0,0,0
227,Supplier,SKU_D,0,0,0,0
227,Supplier,SKU_E,0,0,0,0
227,W1,SKU_A,1389,0,0,1644
227,W1,SKU_B,1050,0,0,669
227,W1,SKU_C,777,0,0,1006
227,W1,SKU_D,221,0,0,734
227,W1,SKU_E,0,0,119,635
227,W2,SKU_A,2012,0,0,1161
227,W2,SKU_B,1500,0,0,286
227,W2,SKU_C,1841,0,0,627
227,W2,SKU_D,0,0,406,566
227,W2,SKU_E,348,0,0,501
227,R1,SKU_A,577,0,0,625
227,R1,SKU_B,378,0,0,220
227,R1,SKU_C,410,0,0,417
227,R1,SKU_D,186,0,0,220
227,R1,SKU_E,189,0,0,180
227,R2,SKU_A,126,0,0,349
227,R2,SKU_B,330,0,0,157
227,R2,SKU_C,298,0,0,177
227,R2,SKU_D,394,0,0,159
227,R2,SKU_E,454,0,0,150
227,R3,SKU_A,524,0,0,736
227,R3,SKU_B,794,0,0,182
227,R3,SKU_C,639,0,0,438
227,R3,SKU_D,550,0,0,237
227,R3,SKU_E,474,0,0,301
228,Supplier,SKU_A,0,0,0,0
228,Supplier,SKU_B,0,0,0,0
228,Supplier,SKU_C,0,0,0,0
228,Supplier,SKU_D,0,0,0,0
228,Supplier,SKU_E,0,0,0,0
228,W1,SKU_A,1159,0,0,1644
228,W1,SKU_B,971,0,0,669
228,W1,SKU_C,661,0,0,1006
228,W1,SKU_D,119,0,0,734
228,W1,SKU_E,0,0,211,635
228,W2,SKU_A,1834,0,0,1161
228,W2,SKU_B,1453,0,0,286
228,W2,SKU_C,1747,0,0,627
228,W2,SKU_D,0,0,494,566
228,W2,SKU_E,277,0,0,501
228,R1,SKU_A,1075,0,0,0
228,R1,SKU_B,551,0,0,0
228,R1,SKU_C,750,0,0,0
228,R1,SKU_D,349,0,0,0
228,R1,SKU_E,339,0,0,0
228,R2,SKU_A,17,0,0,349
228,R2,SKU_B,303,0,0,157
228,R2,SKU_C,244,0,0,177
228,R2,SKU_D,336,0,0,159
228,R2,SKU_E,419,0,0,150
228,R3,SKU_A,324,0,0,736
228,R3,SKU_B,759,0,0,182
228,R3,SKU_C,551,0,0,438
228,R3,SKU_D,448,0,0,237
228,R3,SKU_E,390,0,0,301
229,Supplier,SKU_A,0,0,0,0
229,Supplier,SKU_B,0,0,0,0
229,Supplier,SKU_C,0,0,0,0
229,Supplier,SKU_D,0,0,0,0
229,Supplier,SKU_E,0,0,0,0
229,W1,SKU_A,1593,0,0,974
229,W1,SKU_B,1189,0,0,377
229,W1,SKU_C,942,0,0,594
229,W1,SKU_D,359,0,0,379
229,W1,SKU_E,0,0,2,361
229,W2,SKU_A,1634,0,0,1693
229,W2,SKU_B,1418,0,0,428
229,W2,SKU_C,1659,0,0,917
229,W2,SKU_D,0,0,596,837
229,W2,SKU_E,193,0,0,743
229,R1,SKU_A,912,0,0,409
229,R1,SKU_B,484,0,0,137
229,R1,SKU_C,633,0,0,215
229,R1,SKU_D,283,0,0,161
229,R1,SKU_E,293,0,0,102
229,R2,SKU_A,284,0,0,300
229,R2,SKU_B,420,0,0,106
229,R2,SKU_C,378,0,0,151
229,R2,SKU_D,440,0,0,170
229,R2,SKU_E,518,0,0,172
229,R3,SKU_A,74,0,0,1289
229,R3,SKU_B,711,0,0,307
229,R3,SKU_C,436,0,0,705
229,R3,SKU_D,331,0,0,463
229,R3,SKU_E,298,0,0,553
230,Supplier,SKU_A,0,0,0,0
230,Supplier,SKU_B,0,0,0,0
230,Supplier,SKU_C,0,0,0,0
230,Supplier,SKU_D,0,0,0,0
230,Supplier,SKU_E,0,0,0,0
230,W1,SKU_A,1348,0,0,1683
230,W1,SKU_B,1082,0,0,620
230,W1,SKU_C,782,0,0,960
230,W1,SKU_D,238,0,0,710
230,W1,SKU_E,0,0,99,606
230,W2,SKU_A,1988,0,0,1089
230,W2,SKU_B,1526,0,0,272
230,W2,SKU_C,1844,0,0,617
230,W2,SKU_D,0,0,412,536
230,W2,SKU_E,375,0,0,469
230,R1,SKU_A,703,0,0,409
230,R1,SKU_B,384,0,0,137
230,R1,SKU_C,484,0,0,215
230,R1,SKU_D,198,0,0,161
230,R1,SKU_E,225,0,0,102
230,R2,SKU_A,140,0,0,300
230,R2,SKU_B,364,0,0,106
230,R2,SKU_C,313,0,0,151
230,R2,SKU_D,373,0,0,170
230,R2,SKU_E,477,0,0,172
230,R3,SKU_A,549,0,0,553
230,R3,SKU_B,822,0,0,125
230,R3,SKU_C,718,0,0,267
230,R3,SKU_D,425,0,0,226
230,R3,SKU_E,498,0,0,252
231,Supplier,SKU_A,0,0,0,0
231,Supplier,SKU_B,0,0,0,0
231,Supplier,SKU_C,0,0,0,0
231,Supplier,SKU_D,0,0,0,0
231,Supplier,SKU_E,0,0,0,0
231,W1,SKU_A,995,0,0,1683
231,W1,SKU_B,926,0,0,620
231,W1,SKU_C,568,0,0,960
231,W1,SKU_D,86,0,0,710
231,W1,SKU_E,0,0,208,606
231,W2,SKU_A,1727,0,0,1089
231,W2,SKU_B,1455,0,0,272
231,W2,SKU_C,1688,0,0,617
231,W2,SKU_D,0,0,555,536
231,W2,SKU_E,274,0,0,469
231,R1,SKU_A,902,0,0,0
231,R1,SKU_B,448,0,0,0
231,R1,SKU_C,568,0,0,0
231,R1,SKU_D,260,0,0,0
231,R1,SKU_E,267,0,0,0
231,R2,SKU_A,33,0,0,300
231,R2,SKU_B,314,0,0,106
231,R2,SKU_C,251,0,0,151
231,R2,SKU_D,327,0,0,170
231,R2,SKU_E,429,0,0,172
231,R3,SKU_A,278,0,0,553
231,R3,SKU_B,769,0,0,125
231,R3,SKU_C,603,0,0,267
231,R3,SKU_D,305,0,0,226
231,R3,SKU_E,413,0,0,252
232,Supplier,SKU_A,0,0,0,0
232,Supplier,SKU_B,0,0,0,0
232,Supplier,SKU_C,0,0,0,0
232,Supplier,SKU_D,0,0,0,0
232,Supplier,SKU_E,0,0,0,0
232,W1,SKU_A,1652,0,0,709
232,W1,SKU_B,1180,0,0,243
232,W1,SKU_C,969,0,0,366
232,W1,SKU_D,320,0,0,331
232,W1,SKU_E,45,0,0,245
232,W2,SKU_A,2013,0,0,1243
232,W2,SKU_B,1532,0,0,296
232,W2,SKU_C,1900,0,0,649
232,W2,SKU_D,0,0,410,633
232,W2,SKU_E,416,0,0,519
232,R1,SKU_A,765,0,0,582
232,R1,SKU_B,408,0,0,240
232,R1,SKU_C,441,0,0,397
232,R1,SKU_D,213,0,0,250
232,R1,SKU_E,217,0,0,174
232,R2,SKU_A,238,0,0,333
232,R2,SKU_B,368,0,0,146
232,R2,SKU_C,365,0,0,170
232,R2,SKU_D,444,0,0,168
232,R2,SKU_E,544,0,0,142
232,R3,SKU_A,80,0,0,1335
232,R3,SKU_B,713,0,0,297
232,R3,SKU_C,499,0,0,653
232,R3,SKU_D,193,0,0,792
232,R3,SKU_E,322,0,0,530
233,Supplier,SKU_A,0,0,0,0
233,Supplier,SKU_B,0,0,0,0
233,Supplier,SKU_C,0,0,0,0
233,Supplier,SKU_D,0,0,0,0
233,Supplier,SKU_E,0,0,0,0
233,W1,SKU_A,1420,0,0,1624
233,W1,SKU_B,1088,0,0,629
233,W1,SKU_C,805,0,0,933
233,W1,SKU_D,220,0,0,749
233,W1,SKU_E,0,0,62,559
233,W2,SKU_A,1815,0,0,1243
233,W2,SKU_B,1476,0,0,296
233,W2,SKU_C,1796,0,0,649
233,W2,SKU_D,0,0,522,633
233,W2,SKU_E,325,0,0,519
233,R1,SKU_A,611,0,0,582
233,R1,SKU_B,367,0,0,240
233,R1,SKU_C,354,0,0,397
233,R1,SKU_D,141,0,0,250
233,R1,SKU_E,181,0,0,174
233,R2,SKU_A,125,0,0,333
233,R2,SKU_B,325,0,0,146
233,R2,SKU_C,330,0,0,170
233,R2,SKU_D,385,0,0,168
233,R2,SKU_E,499,0,0,142
233,R3,SKU_A,405,0,0,782
233,R3,SKU_B,803,0,0,172
233,R3,SKU_C,652,0,0,386
233,R3,SKU_D,326,0,0,566
233,R3,SKU_E,486,0,0,278
234,Supplier,SKU_A,0,0,0,0
234,Supplier,SKU_B,0,0,0,0
234,Supplier,SKU_C,0,0,0,0
234,Supplier,SKU_D,0,0,0,0
234,Supplier,SKU_E,0,0,0,0
234,W1,SKU_A,1153,0,0,1624
234,W1,SKU_B,1004,0,0,629
234,W1,SKU_C,683,0,0,933
234,W1,SKU_D,89,0,0,749
234,W1,SKU_E,0,0,143,559
234,W2,SKU_A,1587,0,0,1712
234,W2,SKU_B,1441,0,0,405
234,W2,SKU_C,1682,0,0,868
234,W2,SKU_D,0,0,615,865
234,W2,SKU_E,237,0,0,695
234,R1,SKU_A,1044,0,0,0
234,R1,SKU_B,538,0,0,0
234,R1,SKU_C,660,0,0,0
234,R1,SKU_D,313,0,0,0
234,R1,SKU_E,314,0,0,0
234,R2,SKU_A,21,0,0,333
234,R2,SKU_B,279,0,0,146
234,R2,SKU_C,289,0,0,170
234,R2,SKU_D,332,0,0,168
234,R2,SKU_E,448,0,0,142
234,R3,SKU_A,184,0,0,782
234,R3,SKU_B,761,0,0,172
234,R3,SKU_C,560,0,0,386
234,R3,SKU_D,202,0,0,566
234,R3,SKU_E,392,0,0,278
235,Supplier,SKU_A,0,0,0,0
235,Supplier,SKU_B,0,0,0,0
235,Supplier,SKU_C,0,0,0,0
235,Supplier,SKU_D,0,0,0,0
235,Supplier,SKU_E,0,0,0,0
235,W1,SKU_A,1609,0,0,915
235,W1,SKU_B,1132,0,0,386
235,W1,SKU_C,917,0,0,567
235,W1,SKU_D,289,0,0,418
235,W1,SKU_E,10,0,0,314
235,W2,SKU_A,1898,0,0,1180
235,W2,SKU_B,1541,0,0,263
235,W2,SKU_C,1880,0,0,578
235,W2,SKU_D,0,0,468,594
235,W2,SKU_E,385,0,0,453
235,R1,SKU_A,886,0,0,440
235,R1,SKU_B,479,0,0,150
235,R1,SKU_C,552,0,0,305
235,R1,SKU_D,245,0,0,197
235,R1,SKU_E,267,0,0,127
235,R2,SKU_A,232,0,0,312
235,R2,SKU_B,383,0,0,141
235,R2,SKU_C,400,0,0,113
235,R2,SKU_D,448,0,0,165
235,R2,SKU_E,540,0,0,153
235,R3,SKU_A,0,40,0,1429
235,R3,SKU_B,706,0,0,305
235,R3,SKU_C,428,0,0,696
235,R3,SKU_D,68,0,0,837
235,R3,SKU_E,294,0,0,551
236,Supplier,SKU_A,0,0,0,0
236,Supplier,SKU_B,0,0,0,0
236,Supplier,SKU_C,0,0,0,0
236,Supplier,SKU_D,0,0,0,0
236,Supplier,SKU_E,0,0,0,0
236,W1,SKU_A,1329,0,0,1667
236,W1,SKU_B,1031,0,0,677
236,W1,SKU_C,750,0,0,985
236,W1,SKU_D,169,0,0,780
236,W1,SKU_E,0,0,87,594
236,W2,SKU_A,1674,0,0,1180
236,W2,SKU_B,1486,0,0,263
236,W2,SKU_C,1748,0,0,578
236,W2,SKU_D,0,0,602,594
236,W2,SKU_E,287,0,0,453
236,R1,SKU_A,729,0,0,440
236,R1,SKU_B,395,0,0,150
236,R1,SKU_C,431,0,0,305
236,R1,SKU_D,184,0,0,197
236,R1,SKU_E,212,0,0,127
236,R2,SKU_A,151,0,0,312
236,R2,SKU_B,336,0,0,141
236,R2,SKU_C,339,0,0,113
236,R2,SKU_D,416,0,0,165
236,R2,SKU_E,496,0,0,153
236,R3,SKU_A,515,0,0,647
236,R3,SKU_B,804,0,0,133
236,R3,SKU_C,695,0,0,310
236,R3,SKU_D,514,0,0,271
236,R3,SKU_E,465,0,0,273
237,Supplier,SKU_A,0,0,0,0
237,Supplier,SKU_B,0,0,0,0
237,Supplier,SKU_C,0,0,0,0
237,Supplier,SKU_D,0,0,0,0
237,Supplier,SKU_E,0,0,0,0
237,W1,SKU_A,1091,0,0,1667
237,W1,SKU_B,900,0,0,677
237,W1,SKU_C,568,0,0,985
237,W1,SKU_D,76,0,0,780
237,W1,SKU_E,0,0,186,594
237,W2,SKU_A,1447,0,0,1853
237,W2,SKU_B,1412,0,0,395
237,W2,SKU_C,1629,0,0,916
237,W2,SKU_D,0,0,722,945
237,W2,SKU_E,180,0,0,733
237,R1,SKU_A,954,0,0,0
237,R1,SKU_B,425,0,0,0
237,R1,SKU_C,563,0,0,0
237,R1,SKU_D,266,0,0,0
237,R1,SKU_E,280,0,0,0
237,R2,SKU_A,17,0,0,312
237,R2,SKU_B,280,0,0,141
237,R2,SKU_C,272,0,0,113
237,R2,SKU_D,367,0,0,165
237,R2,SKU_E,431,0,0,153
237,R3,SKU_A,249,0,0,647
237,R3,SKU_B,734,0,0,133
237,R3,SKU_C,514,0,0,310
237,R3,SKU_D,355,0,0,271
237,R3,SKU_E,355,0,0,273
238,Supplier,SKU_A,0,0,0,0
238,Supplier,SKU_B,0,0,0,0
238,Supplier,SKU_C,0,0,0,0
238,Supplier,SKU_D,0,0,0,0
238,Supplier,SKU_E,0,0,0,0
238,W1,SKU_A,1657,0,0,752
238,W1,SKU_B,1110,0,0,291
238,W1,SKU_C,895,0,0,418
238,W1,SKU_D,330,0,0,362
238,W1,SKU_E,4,0,0,280
238,W2,SKU_A,1892,0,0,1142
238,W2,SKU_B,1496,0,0,241
238,W2,SKU_C,1807,0,0,557
238,W2,SKU_D,0,0,519,583
238,W2,SKU_E,347,0,0,456
238,R1,SKU_A,743,0,0,530
238,R1,SKU_B,317,0,0,263
238,R1,SKU_C,410,0,0,402
238,R1,SKU_D,172,0,0,244
238,R1,SKU_E,194,0,0,161
238,R2,SKU_A,186,0,0,337
238,R2,SKU_B,359,0,0,145
238,R2,SKU_C,334,0,0,187
238,R2,SKU_D,481,0,0,133
238,R2,SKU_E,533,0,0,159
238,R3,SKU_A,0,27,0,1364
238,R3,SKU_B,687,0,0,332
238,R3,SKU_C,374,0,0,742
238,R3,SKU_D,224,0,0,633
238,R3,SKU_E,246,0,0,588
239,Supplier,SKU_A,0,0,0,0
239,Supplier,SKU_B,0,0,0,0
239,Supplier,SKU_C,0,0,0,0
239,Supplier,SKU_D,0,0,0,0
239,Supplier,SKU_E,0,0,0,0
239,W1,SKU_A,1303,0,0,1619
239,W1,SKU_B,940,0,0,699
239,W1,SKU_C,691,0,0,1007
239,W1,SKU_D,185,0,0,739
239,W1,SKU_E,0,0,133,600
239,W2,SKU_A,1616,0,0,1635
239,W2,SKU_B,1449,0,0,385
239,W2,SKU_C,1667,0,0,857
239,W2,SKU_D,0,0,650,862
239,W2,SKU_E,238,0,0,673
239,R1,SKU_A,591,0,0,530
239,R1,SKU_B,249,0,0,263
239,R1,SKU_C,289,0,0,402
239,R1,SKU_D,107,0,0,244
239,R1,SKU_E,134,0,0,161
239,R2,SKU_A,83,0,0,337
239,R2,SKU_B,322,0,0,145
239,R2,SKU_C,294,0,0,187
239,R2,SKU_D,439,0,0,133
239,R2,SKU_E,487,0,0,159
239,R3,SKU_A,387,0,0,717
239,R3,SKU_B,784,0,0,199
239,R3,SKU_C,577,0,0,432
239,R3,SKU_D,384,0,0,362
239,R3,SKU_E,424,0,0,315
240,Supplier,SKU_A,0,0,0,0
240,Supplier,SKU_B,0,0,0,0
240,Supplier,SKU_C,0,0,0,0
240,Supplier,SKU_D,0,0,0,0
240,Supplier,SKU_E,0,0,0,0
240,W1,SKU_A,1048,0,0,1619
240,W1,SKU_B,835,0,0,699
240,W1,SKU_C,530,0,0,1007
240,W1,SKU_D,78,0,0,739
240,W1,SKU_E,0,0,239,600
240,W2,SKU_A,1852,0,0,1166
240,W2,SKU_B,1522,0,0,276
240,W2,SKU_C,1779,0,0,638
240,W2,SKU_D,0,0,529,630
240,W2,SKU_E,319,0,0,497
240,R1,SKU_A,963,0,0,0
240,R1,SKU_B,420,0,0,0
240,R1,SKU_C,582,0,0,0
240,R1,SKU_D,276,0,0,0
240,R1,SKU_E,229,0,0,0
240,R2,SKU_A,0,34,0,337
240,R2,SKU_B,263,0,0,145
240,R2,SKU_C,252,0,0,187
240,R2,SKU_D,373,0,0,133
240,R2,SKU_E,435,0,0,159
240,R3,SKU_A,150,0,0,717
240,R3,SKU_B,727,0,0,199
240,R3,SKU_C,478,0,0,432
240,R3,SKU_D,246,0,0,362
240,R3,SKU_E,309,0,0,315
241,Supplier,SKU_A,0,0,0,0
241,Supplier,SKU_B,0,0,0,0
241,Supplier,SKU_C,0,0,0,0
241,Supplier,SKU_D,0,0,0,0
241,Supplier,SKU_E,0,0,0,0
241,W1,SKU_A,1525,0,0,867
241,W1,SKU_B,975,0,0,408
241,W1,SKU_C,797,0,0,589
241,W1,SKU_D,299,0,0,377
241,W1,SKU_E,0,0,77,320
241,W2,SKU_A,1615,0,0,1675
241,W2,SKU_B,1465,0,0,359
241,W2,SKU_C,1680,0,0,885
241,W2,SKU_D,0,0,667,872
241,W2,SKU_E,204,0,0,701
241,R1,SKU_A,731,0,0,521
241,R1,SKU_B,302,0,0,268
241,R1,SKU_C,439,0,0,383
241,R1,SKU_D,185,0,0,234
241,R1,SKU_E,158,0,0,212
241,R2,SKU_A,188,0,0,363
241,R2,SKU_B,358,0,0,158
241,R2,SKU_C,390,0,0,133
241,R2,SKU_D,458,0,0,159
241,R2,SKU_E,542,0,0,72
241,R3,SKU_A,0,179,0,1463
241,R3,SKU_B,647,0,0,339
241,R3,SKU_C,301,0,0,778
241,R3,SKU_D,80,0,0,594
241,R3,SKU_E,163,0,0,634
242,Supplier,SKU_A,0,0,0,0
242,Supplier,SKU_B,0,0,0,0
242,Supplier,SKU_C,0,0,0,0
242,Supplier,SKU_D,0,0,0,0
242,Supplier,SKU_E,0,0,0,0
242,W1,SKU_A,1178,0,0,1751
242,W1,SKU_B,807,0,0,834
242,W1,SKU_C,605,0,0,1105
242,W1,SKU_D,160,0,0,770
242,W1,SKU_E,0,0,200,681
242,W2,SKU_A,1286,0,0,1675
242,W2,SKU_B,1385,0,0,359
242,W2,SKU_C,1503,0,0,885
242,W2,SKU_D,0,0,833,872
242,W2,SKU_E,58,0,0,701
242,R1,SKU_A,524,0,0,521
242,R1,SKU_B,200,0,0,268
242,R1,SKU_C,315,0,0,383
242,R1,SKU_D,95,0,0,234
242,R1,SKU_E,64,0,0,212
242,R2,SKU_A,63,0,0,363
242,R2,SKU_B,325,0,0,158
242,R2,SKU_C,351,0,0,133
242,R2,SKU_D,387,0,0,159
242,R2,SKU_E,487,0,0,72
242,R3,SKU_A,182,0,0,746
242,R3,SKU_B,782,0,0,140
242,R3,SKU_C,570,0,0,346
242,R3,SKU_D,257,0,0,232
242,R3,SKU_E,345,0,0,319
243,Supplier,SKU_A,0,0,0,0
243,Supplier,SKU_B,0,0,0,0
243,Supplier,SKU_C,0,0,0,0
243,Supplier,SKU_D,0,0,0,0
243,Supplier,SKU_E,0,0,0,0
243,W1,SKU_A,846,0,0,1751
243,W1,SKU_B,672,0,0,834
243,W1,SKU_C,442,0,0,1105
243,W1,SKU_D,0,0,1,770
243,W1,SKU_E,0,0,349,681
243,W2,SKU_A,1603,0,0,1568
243,W2,SKU_B,1453,0,0,364
243,W2,SKU_C,1678,0,0,823
243,W2,SKU_D,0,0,667,825
243,W2,SKU_E,205,0,0,682
243,R1,SKU_A,1045,0,0,0
243,R1,SKU_B,467,0,0,0
243,R1,SKU_C,697,0,0,0
243,R1,SKU_D,329,0,0,0
243,R1,SKU_E,276,0,0,0
243,R2,SKU_A,63,0,0,363
243,R2,SKU_B,325,0,0,158
243,R2,SKU_C,351,0,0,133
243,R2,SKU_D,386,0,0,159
243,R2,SKU_E,487,0,0,72
243,R3,SKU_A,182,0,0,1431
243,R3,SKU_B,781,0,0,284
243,R3,SKU_C,570,0,0,686
243,R3,SKU_D,257,0,0,583
243,R3,SKU_E,345,0,0,598
244,Supplier,SKU_A,0,0,0,0
244,Supplier,SKU_B,0,0,0,0
244,Supplier,SKU_C,0,0,0,0
244,Supplier,SKU_D,0,0,0,0
244,Supplier,SKU_E,0,0,0,0
244,W1,SKU_A,1713,0,0,884
244,W1,SKU_B,1079,0,0,426
244,W1,SKU_C,1030,0,0,516
244,W1,SKU_D,375,0,0,393
244,W1,SKU_E,0,0,29,361
244,W2,SKU_A,1603,0,0,1568
244,W2,SKU_B,1452,0,0,364
244,W2,SKU_C,1678,0,0,823
244,W2,SKU_D,0,0,667,825
244,W2,SKU_E,205,0,0,682
244,R1,SKU_A,861,0,0,439
244,R1,SKU_B,384,0,0,221
244,R1,SKU_C,564,0,0,268
244,R1,SKU_D,261,0,0,181
244,R1,SKU_E,217,0,0,165
244,R2,SKU_A,330,0,0,240
244,R2,SKU_B,439,0,0,83
244,R2,SKU_C,428,0,0,88
244,R2,SKU_D,512,0,0,120
244,R2,SKU_E,507,0,0,155
244,R3,SKU_A,0,61,0,1431
244,R3,SKU_B,734,0,0,284
244,R3,SKU_C,408,0,0,686
244,R3,SKU_D,119,0,0,583
244,R3,SKU_E,252,0,0,598
245,Supplier,SKU_A,0,0,0,0
245,Supplier,SKU_B,0,0,0,0
245,Supplier,SKU_C,0,0,0,0
245,Supplier,SKU_D,0,0,0,0
245,Supplier,SKU_E,0,0,0,0
245,W1,SKU_A,1433,0,0,1563
245,W1,SKU_B,952,0,0,730
245,W1,SKU_C,841,0,0,872
245,W1,SKU_D,274,0,0,694
245,W1,SKU_E,0,0,140,633
245,W2,SKU_A,1853,0,0,1075
245,W2,SKU_B,1549,0,0,220
245,W2,SKU_C,1816,0,0,523
245,W2,SKU_D,0,0,526,546
245,W2,SKU_E,329,0,0,465
245,R1,SKU_A,725,0,0,439
245,R1,SKU_B,327,0,0,221
245,R1,SKU_C,465,0,0,268
245,R1,SKU_D,213,0,0,181
245,R1,SKU_E,169,0,0,165
245,R2,SKU_A,240,0,0,240
245,R2,SKU_B,412,0,0,83
245,R2,SKU_C,388,0,0,88
245,R2,SKU_D,467,0,0,120
245,R2,SKU_E,472,0,0,155
245,R3,SKU_A,519,0,0,685
245,R3,SKU_B,835,0,0,144
245,R3,SKU_C,675,0,0,340
245,R3,SKU_D,264,0,0,351
245,R3,SKU_E,500,0,0,279
246,Supplier,SKU_A,0,0,0,0
246,Supplier,SKU_B,0,0,0,0
246,Supplier,SKU_C,0,0,0,0
246,Supplier,SKU_D,0,0,0,0
246,Supplier,SKU_E,0,0,0,0
246,W1,SKU_A,1207,0,0,1563
246,W1,SKU_B,868,0,0,730
246,W1,SKU_C,702,0,0,872
246,W1,SKU_D,181,0,0,694
246,W1,SKU_E,0,0,223,633
246,W2,SKU_A,1687,0,0,1674
246,W2,SKU_B,1510,0,0,332
246,W2,SKU_C,1737,0,0,848
246,W2,SKU_D,0,0,613,869
246,W2,SKU_E,258,0,0,691
246,R1,SKU_A,1053,0,0,0
246,R1,SKU_B,496,0,0,0
246,R1,SKU_C,649,0,0,0
246,R1,SKU_D,342,0,0,0
246,R1,SKU_E,297,0,0,0
246,R2,SKU_A,178,0,0,240
246,R2,SKU_B,383,0,0,83
246,R2,SKU_C,354,0,0,88
246,R2,SKU_D,433,0,0,120
246,R2,SKU_E,445,0,0,155
246,R3,SKU_A,400,0,0,1094
246,R3,SKU_B,794,0,0,231
246,R3,SKU_C,609,0,0,581
246,R3,SKU_D,192,0,0,630
246,R3,SKU_E,448,0,0,443
247,Supplier,SKU_A,0,0,0,0
247,Supplier,SKU_B,0,0,0,0
247,Supplier,SKU_C,0,0,0,0
247,Supplier,SKU_D,0,0,0,0
247,Supplier,SKU_E,0,0,0,0
247,W1,SKU_A,1918,0,0,679
247,W1,SKU_B,1213,0,0,304
247,W1,SKU_C,1100,0,0,356
247,W1,SKU_D,488,0,0,301
247,W1,SKU_E,74,0,0,272
247,W2,SKU_A,2077,0,0,1165
247,W2,SKU_B,1552,0,0,249
247,W2,SKU_C,1918,0,0,601
247,W2,SKU_D,0,0,443,627
247,W2,SKU_E,410,0,0,487
247,R1,SKU_A,958,0,0,431
247,R1,SKU_B,445,0,0,192
247,R1,SKU_C,567,0,0,316
247,R1,SKU_D,285,0,0,168
247,R1,SKU_E,268,0,0,144
247,R2,SKU_A,354,0,0,248
247,R2,SKU_B,442,0,0,100
247,R2,SKU_C,408,0,0,130
247,R2,SKU_D,499,0,0,112
247,R2,SKU_E,578,0,0,143
247,R3,SKU_A,950,0,0,409
247,R3,SKU_B,890,0,0,87
247,R3,SKU_C,887,0,0,241
247,R3,SKU_D,461,0,0,279
247,R3,SKU_E,674,0,0,164
248,Supplier,SKU_A,0,0,0,0
248,Supplier,SKU_B,0,0,0,0
248,Supplier,SKU_C,0,0,0,0
248,Supplier,SKU_D,0,0,0,0
248,Supplier,SKU_E,0,0,0,0
248,W1,SKU_A,1759,0,0,1358
248,W1,SKU_B,1138,0,0,596
248,W1,SKU_C,984,0,0,802
248,W1,SKU_D,377,0,0,581
248,W1,SKU_E,23,0,0,530
248,W2,SKU_A,1942,0,0,1165
248,W2,SKU_B,1504,0,0,249
248,W2,SKU_C,1856,0,0,601
248,W2,SKU_D,0,0,525,627
248,W2,SKU_E,357,0,0,487
248,R1,SKU_A,852,0,0,431
248,R1,SKU_B,398,0,0,192
248,R1,SKU_C,487,0,0,316
248,R1,SKU_D,232,0,0,168
248,R1,SKU_E,236,0,0,144
248,R2,SKU_A,274,0,0,248
248,R2,SKU_B,409,0,0,100
248,R2,SKU_C,367,0,0,130
248,R2,SKU_D,477,0,0,112
248,R2,SKU_E,542,0,0,143
248,R3,SKU_A,792,0,0,409
248,R3,SKU_B,845,0,0,87
248,R3,SKU_C,805,0,0,241
248,R3,SKU_D,388,0,0,279
248,R3,SKU_E,608,0,0,164
249,Supplier,SKU_A,0,0,0,0
249,Supplier,SKU_B,0,0,0,0
249,Supplier,SKU_C,0,0,0,0
249,Supplier,SKU_D,0,0,0,0
249,Supplier,SKU_E,0,0,0,0
249,W1,SKU_A,1573,0,0,1358
249,W1,SKU_B,1058,0,0,596
249,W1,SKU_C,863,0,0,802
249,W1,SKU_D,302,0,0,581
249,W1,SKU_E,0,0,45,530
249,W2,SKU_A,2350,0,0,1019
249,W2,SKU_B,1596,0,0,240
249,W2,SKU_C,2050,0,0,532
249,W2,SKU_D,0,0,294,564
249,W2,SKU_E,552,0,0,402
249,R1,SKU_A,1154,0,0,0
249,R1,SKU_B,527,0,0,0
249,R1,SKU_C,722,0,0,0
249,R1,SKU_D,348,0,0,0
249,R1,SKU_E,334,0,0,0
249,R2,SKU_A,187,0,0,248
249,R2,SKU_B,353,0,0,100
249,R2,SKU_C,334,0,0,130
249,R2,SKU_D,429,0,0,112
249,R2,SKU_E,492,0,0,143
249,R3,SKU_A,583,0,0,821
249,R3,SKU_B,802,0,0,221
249,R3,SKU_C,681,0,0,451
249,R3,SKU_D,268,0,0,825
249,R3,SKU_E,520,0,0,335
250,Supplier,SKU_A,0,0,0,0
250,Supplier,SKU_B,0,0,0,0
250,Supplier,SKU_C,0,0,0,0
250,Supplier,SKU_D,0,0,0,0
250,Supplier,SKU_E,0,0,0,0
250,W1,SKU_A,2036,0,0,679
250,W1,SKU_B,1243,0,0,292
250,W1,SKU_C,1105,0,0,446
250,W1,SKU_D,503,0,0,280
250,W1,SKU_E,131,0,0,258
250,W2,SKU_A,2141,0,0,1019
250,W2,SKU_B,1553,0,0,240
250,W2,SKU_C,1926,0,0,532
250,W2,SKU_D,0,0,414,564
250,W2,SKU_E,464,0,0,402
250,R1,SKU_A,1039,0,0,330
250,R1,SKU_B,472,0,0,161
250,R1,SKU_C,628,0,0,243
250,R1,SKU_D,278,0,0,162
250,R1,SKU_E,293,0,0,107
250,R2,SKU_A,361,0,0,231
250,R2,SKU_B,410,0,0,113
250,R2,SKU_C,423,0,0,108
250,R2,SKU_D,503,0,0,124
250,R2,SKU_E,593,0,0,108
250,R3,SKU_A,803,0,0,412
250,R3,SKU_B,844,0,0,134
250,R3,SKU_C,833,0,0,210
250,R3,SKU_D,449,0,0,546
250,R3,SKU_E,593,0,0,171
251,Supplier,SKU_A,0,0,0,0
251,Supplier,SKU_B,0,0,0,0
251,Supplier,SKU_C,0,0,0,0
251,Supplier,SKU_D,0,0,0,0
251,Supplier,SKU_E,0,0,0,0
251,W1,SKU_A,1847,0,0,1240
251,W1,SKU_B,1145,0,0,566
251,W1,SKU_C,970,0,0,797
251,W1,SKU_D,395,0,0,566
251,W1,SKU_E,48,0,0,473
251,W2,SKU_A,1952,0,0,1019
251,W2,SKU_B,1508,0,0,240
251,W2,SKU_C,1837,0,0,532
251,W2,SKU_D,0,0,512,564
251,W2,SKU_E,373,0,0,402
251,R1,SKU_A,891,0,0,330
251,R1,SKU_B,392,0,0,161
251,R1,SKU_C,541,0,0,243
251,R1,SKU_D,208,0,0,162
251,R1,SKU_E,244,0,0,107
251,R2,SKU_A,274,0,0,231
251,R2,SKU_B,349,0,0,113
251,R2,SKU_C,372,0,0,108
251,R2,SKU_D,467,0,0,124
251,R2,SKU_E,550,0,0,108
251,R3,SKU_A,605,0,0,412
251,R3,SKU_B,792,0,0,134
251,R3,SKU_C,721,0,0,210
251,R3,SKU_D,353,0,0,546
251,R3,SKU_E,500,0,0,171
252,Supplier,SKU_A,0,0,0,0
252,Supplier,SKU_B,0,0,0,0
252,Supplier,SKU_C,0,0,0,0
252,Supplier,SKU_D,0,0,0,0
252,Supplier,SKU_E,0,0,0,0
252,W1,SKU_A,1612,0,0,1240
252,W1,SKU_B,1004,0,0,566
252,W1,SKU_C,832,0,0,797
252,W1,SKU_D,289,0,0,566
252,W1,SKU_E,0,0,44,473
252,W2,SKU_A,2353,0,0,976
252,W2,SKU_B,1568,0,0,261
252,W2,SKU_C,2050,0,0,502
252,W2,SKU_D,0,0,285,532
252,W2,SKU_E,506,0,0,421
252,R1,SKU_A,1053,0,0,0
252,R1,SKU_B,494,0,0,0
252,R1,SKU_C,669,0,0,0
252,R1,SKU_D,301,0,0,0
252,R1,SKU_E,304,0,0,0
252,R2,SKU_A,175,0,0,231
252,R2,SKU_B,299,0,0,113
252,R2,SKU_C,333,0,0,108
252,R2,SKU_D,411,0,0,124
252,R2,SKU_E,509,0,0,108
252,R3,SKU_A,423,0,0,1008
252,R3,SKU_B,750,0,0,274
252,R3,SKU_C,624,0,0,535
252,R3,SKU_D,269,0,0,869
252,R3,SKU_E,417,0,0,443
253,Supplier,SKU_A,0,0,0,0
253,Supplier,SKU_B,0,0,0,0
253,Supplier,SKU_C,0,0,0,0
253,Supplier,SKU_D,0,0,0,0
253,Supplier,SKU_E,0,0,0,0
253,W1,SKU_A,2024,0,0,561
253,W1,SKU_B,1187,0,0,274
253,W1,SKU_C,1124,0,0,351
253,W1,SKU_D,444,0,0,286
253,W1,SKU_E,126,0,0,215
253,W2,SKU_A,2171,0,0,976
253,W2,SKU_B,1526,0,0,261
253,W2,SKU_C,1953,0,0,502
253,W2,SKU_D,0,0,369,532
253,W2,SKU_E,423,0,0,421
253,R1,SKU_A,943,0,0,431
253,R1,SKU_B,452,0,0,194
253,R1,SKU_C,598,0,0,296
253,R1,SKU_D,250,0,0,209
253,R1,SKU_E,270,0,0,137
253,R2,SKU_A,324,0,0,260
253,R2,SKU_B,377,0,0,154
253,R2,SKU_C,404,0,0,131
253,R2,SKU_D,490,0,0,130
253,R2,SKU_E,585,0,0,126
253,R3,SKU_A,690,0,0,596
253,R3,SKU_B,826,0,0,140
253,R3,SKU_C,748,0,0,325
253,R3,SKU_D,732,0,0,323
253,R3,SKU_E,505,0,0,272
254,Supplier,SKU_A,0,0,0,0
254,Supplier,SKU_B,0,0,0,0
254,Supplier,SKU_C,0,0,0,0
254,Supplier,SKU_D,0,0,0,0
254,Supplier,SKU_E,0,0,0,0
254,W1,SKU_A,1832,0,0,1252
254,W1,SKU_B,1110,0,0,622
254,W1,SKU_C,1016,0,0,778
254,W1,SKU_D,348,0,0,625
254,W1,SKU_E,60,0,0,478
254,W2,SKU_A,2026,0,0,976
254,W2,SKU_B,1468,0,0,261
254,W2,SKU_C,1867,0,0,502
254,W2,SKU_D,0,0,452,532
254,W2,SKU_E,340,0,0,421
254,R1,SKU_A,831,0,0,431
254,R1,SKU_B,413,0,0,194
254,R1,SKU_C,551,0,0,296
254,R1,SKU_D,205,0,0,209
254,R1,SKU_E,239,0,0,137
254,R2,SKU_A,251,0,0,260
254,R2,SKU_B,352,0,0,154
254,R2,SKU_C,384,0,0,131
254,R2,SKU_D,448,0,0,130
254,R2,SKU_E,554,0,0,126
254,R3,SKU_A,536,0,0,596
254,R3,SKU_B,790,0,0,140
254,R3,SKU_C,686,0,0,325
254,R3,SKU_D,665,0,0,323
254,R3,SKU_E,433,0,0,272
255,Supplier,SKU_A,0,0,0,0
255,Supplier,SKU_B,0,0,0,0
255,Supplier,SKU_C,0,0,0,0
255,Supplier,SKU_D,0,0,0,0
255,Supplier,SKU_E,0,0,0,0
255,W1,SKU_A,1647,0,0,1252
255,W1,SKU_B,1046,0,0,622
255,W1,SKU_C,949,0,0,778
255,W1,SKU_D,261,0,0,625
255,W1,SKU_E,0,0,2,478
255,W2,SKU_A,2292,0,0,1081
255,W2,SKU_B,1560,0,0,285
255,W2,SKU_C,2012,0,0,590
255,W2,SKU_D,0,0,278,554
255,W2,SKU_E,444,0,0,504
255,R1,SKU_A,1170,0,0,0
255,R1,SKU_B,563,0,0,0
255,R1,SKU_C,771,0,0,0
255,R1,SKU_D,369,0,0,0
255,R1,SKU_E,351,0,0,0
255,R2,SKU_A,169,0,0,260
255,R2,SKU_B,328,0,0,154
255,R2,SKU_C,361,0,0,131
255,R2,SKU_D,405,0,0,130
255,R2,SKU_E,511,0,0,126
255,R3,SKU_A,371,0,0,1077
255,R3,SKU_B,763,0,0,276
255,R3,SKU_C,623,0,0,570
255,R3,SKU_D,613,0,0,564
255,R3,SKU_E,388,0,0,510
256,Supplier,SKU_A,0,0,0,0
256,Supplier,SKU_B,0,0,0,0
256,Supplier,SKU_C,0,0,0,0
256,Supplier,SKU_D,0,0,0,0
256,Supplier,SKU_E,0,0,0,0
256,W1,SKU_A,2034,0,0,691
256,W1,SKU_B,1252,0,0,348
256,W1,SKU_C,1201,0,0,427
256,W1,SKU_D,459,0,0,339
256,W1,SKU_E,145,0,0,263
256,W2,SKU_A,2127,0,0,1081
256,W2,SKU_B,1533,0,0,285
256,W2,SKU_C,1949,0,0,590
256,W2,SKU_D,0,0,330,554
256,W2,SKU_E,399,0,0,504
256,R1,SKU_A,1040,0,0,314
256,R1,SKU_B,521,0,0,125
256,R1,SKU_C,716,0,0,194
256,R1,SKU_D,324,0,0,141
256,R1,SKU_E,324,0,0,90
256,R2,SKU_A,345,0,0,237
256,R2,SKU_B,450,0,0,84
256,R2,SKU_C,456,0,0,80
256,R2,SKU_D,491,0,0,130
256,R2,SKU_E,606,0,0,106
256,R3,SKU_A,820,0,0,481
256,R3,SKU_B,866,0,0,136
256,R3,SKU_C,854,0,0,245
256,R3,SKU_D,864,0,0,241
256,R3,SKU_E,597,0,0,238
257,Supplier,SKU_A,0,0,0,0
257,Supplier,SKU_B,0,0,0,0
257,Supplier,SKU_C,0,0,0,0
257,Supplier,SKU_D,0,0,0,0
257,Supplier,SKU_E,0,0,0,0
257,W1,SKU_A,1820,0,0,1242
257,W1,SKU_B,1178,0,0,557
257,W1,SKU_C,1110,0,0,701
257,W1,SKU_D,370,0,0,610
257,W1,SKU_E,87,0,0,459
257,W2,SKU_A,1980,0,0,1081
257,W2,SKU_B,1496,0,0,285
257,W2,SKU_C,1855,0,0,590
257,W2,SKU_D,0,0,402,554
257,W2,SKU_E,336,0,0,504
257,R1,SKU_A,909,0,0,314
257,R1,SKU_B,475,0,0,125
257,R1,SKU_C,644,0,0,194
257,R1,SKU_D,264,0,0,141
257,R1,SKU_E,284,0,0,90
257,R2,SKU_A,274,0,0,237
257,R2,SKU_B,409,0,0,84
257,R2,SKU_C,423,0,0,80
257,R2,SKU_D,453,0,0,130
257,R2,SKU_E,564,0,0,106
257,R3,SKU_A,648,0,0,481
257,R3,SKU_B,827,0,0,136
257,R3,SKU_C,764,0,0,245
257,R3,SKU_D,770,0,0,241
257,R3,SKU_E,539,0,0,238
258,Supplier,SKU_A,0,0,0,0
258,Supplier,SKU_B,0,0,0,0
258,Supplier,SKU_C,0,0,0,0
258,Supplier,SKU_D,0,0,0,0
258,Supplier,SKU_E,0,0,0,0
258,W1,SKU_A,1618,0,0,1242
258,W1,SKU_B,1091,0,0,557
258,W1,SKU_C,1005,0,0,701
258,W1,SKU_D,272,0,0,610
258,W1,SKU_E,5,0,0,459
258,W2,SKU_A,2364,0,0,991
258,W2,SKU_B,1590,0,0,252
258,W2,SKU_C,2060,0,0,514
258,W2,SKU_D,0,0,205,454
258,W2,SKU_E,523,0,0,439
258,R1,SKU_A,1062,0,0,0
258,R1,SKU_B,553,0,0,0
258,R1,SKU_C,736,0,0,0
258,R1,SKU_D,331,0,0,0
258,R1,SKU_E,336,0,0,0
258,R2,SKU_A,181,0,0,237
258,R2,SKU_B,357,0,0,84
258,R2,SKU_C,379,0,0,80
258,R2,SKU_D,399,0,0,130
258,R2,SKU_E,500,0,0,106
258,R3,SKU_A,480,0,0,965
258,R3,SKU_B,771,0,0,239
258,R3,SKU_C,648,0,0,492
258,R3,SKU_D,689,0,0,532
258,R3,SKU_E,471,0,0,404
259,Supplier,SKU_A,0,0,0,0
259,Supplier,SKU_B,0,0,0,0
259,Supplier,SKU_C,0,0,0,0
259,Supplier,SKU_D,0,0,0,0
259,Supplier,SKU_E,0,0,0,0
259,W1,SKU_A,2055,0,0,551
259,W1,SKU_B,1340,0,0,209
259,W1,SKU_C,1286,0,0,274
259,W1,SKU_D,483,0,0,271
259,W1,SKU_E,166,0,0,196
259,W2,SKU_A,2196,0,0,991
259,W2,SKU_B,1534,0,0,252
259,W2,SKU_C,1944,0,0,514
259,W2,SKU_D,0,0,286,454
259,W2,SKU_E,455,0,0,439
259,R1,SKU_A,900,0,0,422
259,R1,SKU_B,497,0,0,135
259,R1,SKU_C,617,0,0,229
259,R1,SKU_D,261,0,0,179
259,R1,SKU_E,301,0,0,105
259,R2,SKU_A,324,0,0,248
259,R2,SKU_B,403,0,0,125
259,R2,SKU_C,413,0,0,113
259,R2,SKU_D,479,0,0,136
259,R2,SKU_E,568,0,0,137
259,R3,SKU_A,805,0,0,484
259,R3,SKU_B,871,0,0,103
259,R3,SKU_C,789,0,0,247
259,R3,SKU_D,845,0,0,291
259,R3,SKU_E,643,0,0,166
260,Supplier,SKU_A,0,0,0,0
260,Supplier,SKU_B,0,0,0,0
260,Supplier,SKU_C,0,0,0,0
260,Supplier,SKU_D,0,0,0,0
260,Supplier,SKU_E,0,0,0,0
260,W1,SKU_A,1799,0,0,1221
260,W1,SKU_B,1246,0,0,469
260,W1,SKU_C,1121,0,0,616
260,W1,SKU_D,363,0,0,586
260,W1,SKU_E,93,0,0,438
260,W2,SKU_A,2040,0,0,991
260,W2,SKU_B,1498,0,0,252
260,W2,SKU_C,1840,0,0,514
260,W2,SKU_D,0,0,371,454
260,W2,SKU_E,389,0,0,439
260,R1,SKU_A,769,0,0,422
260,R1,SKU_B,472,0,0,135
260,R1,SKU_C,550,0,0,229
260,R1,SKU_D,203,0,0,179
260,R1,SKU_E,271,0,0,105
260,R2,SKU_A,232,0,0,248
260,R2,SKU_B,362,0,0,125
260,R2,SKU_C,380,0,0,113
260,R2,SKU_D,438,0,0,136
260,R2,SKU_E,533,0,0,137
260,R3,SKU_A,682,0,0,484
260,R3,SKU_B,835,0,0,103
260,R3,SKU_C,738,0,0,247
260,R3,SKU_D,771,0,0,291
260,R3,SKU_E,577,0,0,166
261,Supplier,SKU_A,0,0,0,0
261,Supplier,SKU_B,0,0,0,0
261,Supplier,SKU_C,0,0,0,0
261,Supplier,SKU_D,0,0,0,0
261,Supplier,SKU_E,0,0,0,0
261,W1,SKU_A,1576,0,0,1221
261,W1,SKU_B,1180,0,0,469
261,W1,SKU_C,1021,0,0,616
261,W1,SKU_D,264,0,0,586
261,W1,SKU_E,28,0,0,438
261,W2,SKU_A,2442,0,0,962
261,W2,SKU_B,1614,0,0,231
261,W2,SKU_C,2084,0,0,529
261,W2,SKU_D,0,0,182,451
261,W2,SKU_E,582,0,0,372
261,R1,SKU_A,1083,0,0,0
261,R1,SKU_B,581,0,0,0
261,R1,SKU_C,725,0,0,0
261,R1,SKU_D,325,0,0,0
261,R1,SKU_E,346,0,0,0
261,R2,SKU_A,169,0,0,248
261,R2,SKU_B,323,0,0,125
261,R2,SKU_C,352,0,0,113
261,R2,SKU_D,404,0,0,136
261,R2,SKU_E,487,0,0,137
261,R3,SKU_A,548,0,0,931
261,R3,SKU_B,793,0,0,231
261,R3,SKU_C,653,0,0,518
261,R3,SKU_D,710,0,0,554
261,R3,SKU_E,517,0,0,366
262,Supplier,SKU_A,0,0,0,0
262,Supplier,SKU_B,0,0,0,0
262,Supplier,SKU_C,0,0,0,0
262,Supplier,SKU_D,0,0,0,0
262,Supplier,SKU_E,0,0,0,0
262,W1,SKU_A,1956,0,0,670
262,W1,SKU_B,1324,0,0,260
262,W1,SKU_C,1213,0,0,342
262,W1,SKU_D,444,0,0,315
262,W1,SKU_E,148,0,0,242
262,W2,SKU_A,2308,0,0,962
262,W2,SKU_B,1572,0,0,231
262,W2,SKU_C,1999,0,0,529
262,W2,SKU_D,0,0,243,451
262,W2,SKU_E,522,0,0,372
262,R1,SKU_A,959,0,0,401
262,R1,SKU_B,548,0,0,107
262,R1,SKU_C,664,0,0,240
262,R1,SKU_D,283,0,0,185
262,R1,SKU_E,319,0,0,95
262,R2,SKU_A,366,0,0,249
262,R2,SKU_B,410,0,0,118
262,R2,SKU_C,450,0,0,107
262,R2,SKU_D,507,0,0,125
262,R2,SKU_E,585,0,0,119
262,R3,SKU_A,901,0,0,447
262,R3,SKU_B,851,0,0,128
262,R3,SKU_C,825,0,0,271
262,R3,SKU_D,931,0,0,263
262,R3,SKU_E,624,0,0,200
263,Supplier,SKU_A,0,0,0,0
263,Supplier,SKU_B,0,0,0,0
263,Supplier,SKU_C,0,0,0,0
263,Supplier,SKU_D,0,0,0,0
263,Supplier,SKU_E,0,0,0,0
263,W1,SKU_A,1781,0,0,1320
263,W1,SKU_B,1253,0,0,485
263,W1,SKU_C,1137,0,0,689
263,W1,SKU_D,369,0,0,625
263,W1,SKU_E,82,0,0,456
263,W2,SKU_A,2177,0,0,962
263,W2,SKU_B,1527,0,0,231
263,W2,SKU_C,1924,0,0,529
263,W2,SKU_D,0,0,313,451
263,W2,SKU_E,463,0,0,372
263,R1,SKU_A,847,0,0,401
263,R1,SKU_B,507,0,0,107
263,R1,SKU_C,604,0,0,240
263,R1,SKU_D,246,0,0,185
263,R1,SKU_E,277,0,0,95
263,R2,SKU_A,312,0,0,249
263,R2,SKU_B,368,0,0,118
263,R2,SKU_C,424,0,0,107
263,R2,SKU_D,472,0,0,125
263,R2,SKU_E,541,0,0,119
263,R3,SKU_A,764,0,0,447
263,R3,SKU_B,825,0,0,128
263,R3,SKU_C,767,0,0,271
263,R3,SKU_D,831,0,0,263
263,R3,SKU_E,553,0,0,200
264,Supplier,SKU_A,0,0,0,0
264,Supplier,SKU_B,0,0,0,0
264,Supplier,SKU_C,0,0,0,0
264,Supplier,SKU_D,0,0,0,0
264,Supplier,SKU_E,0,0,0,0
264,W1,SKU_A,1615,0,0,1320
264,W1,SKU_B,1170,0,0,485
264,W1,SKU_C,1051,0,0,689
264,W1,SKU_D,297,0,0,625
264,W1,SKU_E,0,0,4,456
264,W2,SKU_A,2506,0,0,884
264,W2,SKU_B,1601,0,0,254
264,W2,SKU_C,2085,0,0,521
264,W2,SKU_D,0,0,222,465
264,W2,SKU_E,572,0,0,377
264,R1,SKU_A,1102,0,0,0
264,R1,SKU_B,568,0,0,0
264,R1,SKU_C,762,0,0,0
264,R1,SKU_D,373,0,0,0
264,R1,SKU_E,323,0,0,0
264,R2,SKU_A,220,0,0,249
264,R2,SKU_B,328,0,0,118
264,R2,SKU_C,398,0,0,107
264,R2,SKU_D,424,0,0,125
264,R2,SKU_E,508,0,0,119
264,R3,SKU_A,623,0,0,849
264,R3,SKU_B,779,0,0,241
264,R3,SKU_C,647,0,0,489
264,R3,SKU_D,740,0,0,454
264,R3,SKU_E,469,0,0,390
265,Supplier,SKU_A,0,0,0,0
265,Supplier,SKU_B,0,0,0,0
265,Supplier,SKU_C,0,0,0,0
265,Supplier,SKU_D,0,0,0,0
265,Supplier,SKU_E,0,0,0,0
265,W1,SKU_A,2047,0,0,650
265,W1,SKU_B,1344,0,0,225
265,W1,SKU_C,1285,0,0,347
265,W1,SKU_D,506,0,0,310
265,W1,SKU_E,156,0,0,214
265,W2,SKU_A,2365,0,0,884
265,W2,SKU_B,1555,0,0,254
265,W2,SKU_C,1965,0,0,521
265,W2,SKU_D,0,0,313,465
265,W2,SKU_E,488,0,0,377
265,R1,SKU_A,974,0,0,382
265,R1,SKU_B,517,0,0,120
265,R1,SKU_C,657,0,0,203
265,R1,SKU_D,298,0,0,137
265,R1,SKU_E,275,0,0,118
265,R2,SKU_A,360,0,0,197
265,R2,SKU_B,398,0,0,120
265,R2,SKU_C,474,0,0,67
265,R2,SKU_D,488,0,0,116
265,R2,SKU_E,582,0,0,116
265,R3,SKU_A,854,0,0,402
265,R3,SKU_B,859,0,0,113
265,R3,SKU_C,815,0,0,218
265,R3,SKU_D,877,0,0,191
265,R3,SKU_E,573,0,0,190
266,Supplier,SKU_A,0,0,0,0
266,Supplier,SKU_B,0,0,0,0
266,Supplier,SKU_C,0,0,0,0
266,Supplier,SKU_D,0,0,0,0
266,Supplier,SKU_E,0,0,0,0
266,W1,SKU_A,1810,0,0,1229
266,W1,SKU_B,1245,0,0,465
266,W1,SKU_C,1149,0,0,617
266,W1,SKU_D,370,0,0,563
266,W1,SKU_E,63,0,0,448
266,W2,SKU_A,2149,0,0,884
266,W2,SKU_B,1507,0,0,254
266,W2,SKU_C,1862,0,0,521
266,W2,SKU_D,0,0,439,465
266,W2,SKU_E,392,0,0,377
266,R1,SKU_A,837,0,0,382
266,R1,SKU_B,459,0,0,120
266,R1,SKU_C,563,0,0,203
266,R1,SKU_D,222,0,0,137
266,R1,SKU_E,236,0,0,118
266,R2,SKU_A,274,0,0,197
266,R2,SKU_B,344,0,0,120
266,R2,SKU_C,426,0,0,67
266,R2,SKU_D,449,0,0,116
266,R2,SKU_E,540,0,0,116
266,R3,SKU_A,656,0,0,402
266,R3,SKU_B,811,0,0,113
266,R3,SKU_C,694,0,0,218
266,R3,SKU_D,763,0,0,191
266,R3,SKU_E,507,0,0,190
267,Supplier,SKU_A,0,0,0,0
267,Supplier,SKU_B,0,0,0,0
267,Supplier,SKU_C,0,0,0,0
267,Supplier,SKU_D,0,0,0,0
267,Supplier,SKU_E,0,0,0,0
267,W1,SKU_A,1587,0,0,1229
267,W1,SKU_B,1133,0,0,465
267,W1,SKU_C,1007,0,0,617
267,W1,SKU_D,255,0,0,563
267,W1,SKU_E,0,0,18,448
267,W2,SKU_A,2447,0,0,882
267,W2,SKU_B,1590,0,0,243
267,W2,SKU_C,2051,0,0,492
267,W2,SKU_D,0,0,293,522
267,W2,SKU_E,518,0,0,436
267,R1,SKU_A,1068,0,0,0
267,R1,SKU_B,519,0,0,0
267,R1,SKU_C,675,0,0,0
267,R1,SKU_D,308,0,0,0
267,R1,SKU_E,323,0,0,0
267,R2,SKU_A,199,0,0,197
267,R2,SKU_B,308,0,0,120
267,R2,SKU_C,396,0,0,67
267,R2,SKU_D,412,0,0,116
267,R2,SKU_E,500,0,0,116
267,R3,SKU_A,514,0,0,957
267,R3,SKU_B,780,0,0,255
267,R3,SKU_C,612,0,0,562
267,R3,SKU_D,690,0,0,451
267,R3,SKU_E,455,0,0,436
268,Supplier,SKU_A,0,0,0,0
268,Supplier,SKU_B,0,0,0,0
268,Supplier,SKU_C,0,0,0,0
268,Supplier,SKU_D,0,0,0,0
268,Supplier,SKU_E,0,0,0,0
268,W1,SKU_A,2011,0,0,579
268,W1,SKU_B,1262,0,0,240
268,W1,SKU_C,1233,0,0,270
268,W1,SKU_D,477,0,0,253
268,W1,SKU_E,125,0,0,234
268,W2,SKU_A,2305,0,0,882
268,W2,SKU_B,1559,0,0,243
268,W2,SKU_C,1969,0,0,492
268,W2,SKU_D,0,0,366,522
268,W2,SKU_E,466,0,0,436
268,R1,SKU_A,959,0,0,416
268,R1,SKU_B,481,0,0,169
268,R1,SKU_C,621,0,0,290
268,R1,SKU_D,260,0,0,202
268,R1,SKU_E,293,0,0,118
268,R2,SKU_A,322,0,0,270
268,R2,SKU_B,391,0,0,138
268,R2,SKU_C,442,0,0,109
268,R2,SKU_D,481,0,0,137
268,R2,SKU_E,583,0,0,127
268,R3,SKU_A,788,0,0,555
268,R3,SKU_B,861,0,0,142
268,R3,SKU_C,757,0,0,344
268,R3,SKU_D,812,0,0,260
268,R3,SKU_E,586,0,0,246
269,Supplier,SKU_A,0,0,0,0
269,Supplier,SKU_B,0,0,0,0
269,Supplier,SKU_C,0,0,0,0
269,Supplier,SKU_D,0,0,0,0
269,Supplier,SKU_E,0,0,0,0
269,W1,SKU_A,1828,0,0,1265
269,W1,SKU_B,1187,0,0,547
269,W1,SKU_C,1158,0,0,669
269,W1,SKU_D,382,0,0,592
269,W1,SKU_E,62,0,0,479
269,W2,SKU_A,2177,0,0,882
269,W2,SKU_B,1527,0,0,243
269,W2,SKU_C,1896,0,0,492
269,W2,SKU_D,0,0,435,522
269,W2,SKU_E,407,0,0,436
269,R1,SKU_A,853,0,0,416
269,R1,SKU_B,456,0,0,169
269,R1,SKU_C,566,0,0,290
269,R1,SKU_D,221,0,0,202
269,R1,SKU_E,259,0,0,118
269,R2,SKU_A,249,0,0,270
269,R2,SKU_B,356,0,0,138
269,R2,SKU_C,418,0,0,109
269,R2,SKU_D,445,0,0,137
269,R2,SKU_E,548,0,0,127
269,R3,SKU_A,643,0,0,555
269,R3,SKU_B,828,0,0,142
269,R3,SKU_C,683,0,0,344
269,R3,SKU_D,734,0,0,260
269,R3,SKU_E,538,0,0,246
270,Supplier,SKU_A,0,0,0,0
270,Supplier,SKU_B,0,0,0,0
270,Supplier,SKU_C,0,0,0,0
270,Supplier,SKU_D,0,0,0,0
270,Supplier,SKU_E,0,0,0,0
270,W1,SKU_A,1649,0,0,1265
270,W1,SKU_B,1127,0,0,547
270,W1,SKU_C,1079,0,0,669
270,W1,SKU_D,307,0,0,592
270,W1,SKU_E,0,0,7,479
270,W2,SKU_A,2420,0,0,962
270,W2,SKU_B,1617,0,0,231
270,W2,SKU_C,2033,0,0,557
270,W2,SKU_D,0,0,308,573
270,W2,SKU_E,544,0,0,428
270,R1,SKU_A,1159,0,0,0
270,R1,SKU_B,595,0,0,0
270,R1,SKU_C,790,0,0,0
270,R1,SKU_D,387,0,0,0
270,R1,SKU_E,357,0,0,0
270,R2,SKU_A,190,0,0,270
270,R2,SKU_B,332,0,0,138
270,R2,SKU_C,392,0,0,109
270,R2,SKU_D,404,0,0,137
270,R2,SKU_E,518,0,0,127
270,R3,SKU_A,488,0,0,970
270,R3,SKU_B,782,0,0,238
270,R3,SKU_C,625,0,0,573
270,R3,SKU_D,684,0,0,465
270,R3,SKU_E,475,0,0,405
271,Supplier,SKU_A,0,0,0,0
271,Supplier,SKU_B,0,0,0,0
271,Supplier,SKU_C,0,0,0,0
271,Supplier,SKU_D,0,0,0,0
271,Supplier,SKU_E,0,0,0,0
271,W1,SKU_A,2059,0,0,686
271,W1,SKU_B,1313,0,0,307
271,W1,SKU_C,1257,0,0,399
271,W1,SKU_D,483,0,0,339
271,W1,SKU_E,177,0,0,245
271,W2,SKU_A,2265,0,0,962
271,W2,SKU_B,1571,0,0,231
271,W2,SKU_C,1975,0,0,557
271,W2,SKU_D,0,0,358,573
271,W2,SKU_E,481,0,0,428
271,R1,SKU_A,1035,0,0,325
271,R1,SKU_B,546,0,0,93
271,R1,SKU_C,702,0,0,175
271,R1,SKU_D,338,0,0,123
271,R1,SKU_E,328,0,0,84
271,R2,SKU_A,397,0,0,206
271,R2,SKU_B,431,0,0,96
271,R2,SKU_C,468,0,0,71
271,R2,SKU_D,499,0,0,124
271,R2,SKU_E,605,0,0,98
271,R3,SKU_A,875,0,0,415
271,R3,SKU_B,882,0,0,96
271,R3,SKU_C,896,0,0,229
271,R3,SKU_D,869,0,0,205
271,R3,SKU_E,661,0,0,159
272,Supplier,SKU_A,0,0,0,0
272,Supplier,SKU_B,0,0,0,0
272,Supplier,SKU_C,0,0,0,0
272,Supplier,SKU_D,0,0,0,0
272,Supplier,SKU_E,0,0,0,0
272,W1,SKU_A,1872,0,0,1217
272,W1,SKU_B,1225,0,0,496
272,W1,SKU_C,1136,0,0,645
272,W1,SKU_D,392,0,0,586
272,W1,SKU_E,108,0,0,427
272,W2,SKU_A,2097,0,0,962
272,W2,SKU_B,1529,0,0,231
272,W2,SKU_C,1902,0,0,557
272,W2,SKU_D,0,0,433,573
272,W2,SKU_E,421,0,0,428
272,R1,SKU_A,869,0,0,325
272,R1,SKU_B,480,0,0,93
272,R1,SKU_C,598,0,0,175
272,R1,SKU_D,274,0,0,123
272,R1,SKU_E,288,0,0,84
272,R2,SKU_A,311,0,0,206
272,R2,SKU_B,374,0,0,96
272,R2,SKU_C,429,0,0,71
272,R2,SKU_D,448,0,0,124
272,R2,SKU_E,561,0,0,98
272,R3,SKU_A,668,0,0,415
272,R3,SKU_B,812,0,0,96
272,R3,SKU_C,768,0,0,229
272,R3,SKU_D,781,0,0,205
272,R3,SKU_E,596,0,0,159
273,Supplier,SKU_A,0,0,0,0
273,Supplier,SKU_B,0,0,0,0
273,Supplier,SKU_C,0,0,0,0
273,Supplier,SKU_D,0,0,0,0
273,Supplier,SKU_E,0,0,0,0
273,W1,SKU_A,1620,0,0,1217
273,W1,SKU_B,1102,0,0,496
273,W1,SKU_C,993,0,0,645
273,W1,SKU_D,277,0,0,586
273,W1,SKU_E,24,0,0,427
273,W2,SKU_A,2384,0,0,936
273,W2,SKU_B,1579,0,0,232
273,W2,SKU_C,2055,0,0,481
273,W2,SKU_D,0,0,204,459
273,W2,SKU_E,607,0,0,348
273,R1,SKU_A,1030,0,0,0
273,R1,SKU_B,512,0,0,0
273,R1,SKU_C,676,0,0,0
273,R1,SKU_D,318,0,0,0
273,R1,SKU_E,325,0,0,0
273,R2,SKU_A,206,0,0,206
273,R2,SKU_B,327,0,0,96
273,R2,SKU_C,382,0,0,71
273,R2,SKU_D,401,0,0,124
273,R2,SKU_E,526,0,0,98
273,R3,SKU_A,469,0,0,945
273,R3,SKU_B,772,0,0,254
273,R3,SKU_C,680,0,0,488
273,R3,SKU_D,699,0,0,522
273,R3,SKU_E,521,0,0,347
274,Supplier,SKU_A,0,0,0,0
274,Supplier,SKU_B,0,0,0,0
274,Supplier,SKU_C,0,0,0,0
274,Supplier,SKU_D,0,0,0,0
274,Supplier,SKU_E,0,0,0,0
274,W1,SKU_A,2037,0,0,531
274,W1,SKU_B,1301,0,0,189
274,W1,SKU_C,1248,0,0,246
274,W1,SKU_D,490,0,0,247
274,W1,SKU_E,187,0,0,182
274,W2,SKU_A,2185,0,0,936
274,W2,SKU_B,1539,0,0,232
274,W2,SKU_C,1967,0,0,481
274,W2,SKU_D,0,0,286,459
274,W2,SKU_E,532,0,0,348
274,R1,SKU_A,910,0,0,454
274,R1,SKU_B,482,0,0,176
274,R1,SKU_C,617,0,0,289
274,R1,SKU_D,274,0,0,192
274,R1,SKU_E,300,0,0,116
274,R2,SKU_A,331,0,0,254
274,R2,SKU_B,397,0,0,143
274,R2,SKU_C,416,0,0,119
274,R2,SKU_D,487,0,0,140
274,R2,SKU_E,597,0,0,119
274,R3,SKU_A,773,0,0,530
274,R3,SKU_B,829,0,0,158
274,R3,SKU_C,847,0,0,259
274,R3,SKU_D,844,0,0,317
274,R3,SKU_E,621,0,0,188
275,Supplier,SKU_A,0,0,0,0
275,Supplier,SKU_B,0,0,0,0
275,Supplier,SKU_C,0,0,0,0
275,Supplier,SKU_D,0,0,0,0
275,Supplier,SKU_E,0,0,0,0
275,W1,SKU_A,1836,0,0,1239
275,W1,SKU_B,1245,0,0,508
275,W1,SKU_C,1152,0,0,654
275,W1,SKU_D,408,0,0,579
275,W1,SKU_E,135,0,0,417
275,W2,SKU_A,2074,0,0,936
275,W2,SKU_B,1500,0,0,232
275,W2,SKU_C,1905,0,0,481
275,W2,SKU_D,0,0,346,459
275,W2,SKU_E,473,0,0,348
275,R1,SKU_A,800,0,0,454
275,R1,SKU_B,445,0,0,176
275,R1,SKU_C,552,0,0,289
275,R1,SKU_D,236,0,0,192
275,R1,SKU_E,268,0,0,116
275,R2,SKU_A,254,0,0,254
275,R2,SKU_B,370,0,0,143
275,R2,SKU_C,391,0,0,119
275,R2,SKU_D,456,0,0,140
275,R2,SKU_E,571,0,0,119
275,R3,SKU_A,686,0,0,530
275,R3,SKU_B,804,0,0,158
275,R3,SKU_C,798,0,0,259
275,R3,SKU_D,784,0,0,317
275,R3,SKU_E,579,0,0,188
276,Supplier,SKU_A,0,0,0,0
276,Supplier,SKU_B,0,0,0,0
276,Supplier,SKU_C,0,0,0,0
276,Supplier,SKU_D,0,0,0,0
276,Supplier,SKU_E,0,0,0,0
276,W1,SKU_A,1649,0,0,1239
276,W1,SKU_B,1181,0,0,508
276,W1,SKU_C,1062,0,0,654
276,W1,SKU_D,339,0,0,579
276,W1,SKU_E,77,0,0,417
276,W2,SKU_A,2455,0,0,985
276,W2,SKU_B,1586,0,0,270
276,W2,SKU_C,2132,0,0,483
276,W2,SKU_D,0,0,150,433
276,W2,SKU_E,608,0,0,370
276,R1,SKU_A,1163,0,0,0
276,R1,SKU_B,576,0,0,0
276,R1,SKU_C,800,0,0,0
276,R1,SKU_D,386,0,0,0
276,R1,SKU_E,354,0,0,0
276,R2,SKU_A,182,0,0,254
276,R2,SKU_B,333,0,0,143
276,R2,SKU_C,365,0,0,119
276,R2,SKU_D,422,0,0,140
276,R2,SKU_E,535,0,0,119
276,R3,SKU_A,549,0,0,927
276,R3,SKU_B,766,0,0,262
276,R3,SKU_C,754,0,0,458
276,R3,SKU_D,723,0,0,573
276,R3,SKU_E,539,0,0,364
277,Supplier,SKU_A,0,0,0,0
277,Supplier,SKU_B,0,0,0,0
277,Supplier,SKU_C,0,0,0,0
277,Supplier,SKU_D,0,0,0,0
277,Supplier,SKU_E,0,0,0,0
277,W1,SKU_A,2017,0,0,708
277,W1,SKU_B,1288,0,0,319
277,W1,SKU_C,1241,0,0,408
277,W1,SKU_D,510,0,0,332
277,W1,SKU_E,193,0,0,235
277,W2,SKU_A,2318,0,0,985
277,W2,SKU_B,1548,0,0,270
277,W2,SKU_C,2088,0,0,483
277,W2,SKU_D,0,0,211,433
277,W2,SKU_E,568,0,0,370
277,R1,SKU_A,1072,0,0,321
277,R1,SKU_B,540,0,0,112
277,R1,SKU_C,750,0,0,165
277,R1,SKU_D,346,0,0,124
277,R1,SKU_E,319,0,0,87
277,R2,SKU_A,368,0,0,230
277,R2,SKU_B,448,0,0,90
277,R2,SKU_C,455,0,0,88
277,R2,SKU_D,506,0,0,103
277,R2,SKU_E,622,0,0,89
277,R3,SKU_A,937,0,0,397
277,R3,SKU_B,882,0,0,104
277,R3,SKU_C,942,0,0,199
277,R3,SKU_D,969,0,0,256
277,R3,SKU_E,683,0,0,176
278,Supplier,SKU_A,0,0,0,0
278,Supplier,SKU_B,0,0,0,0
278,Supplier,SKU_C,0,0,0,0
278,Supplier,SKU_D,0,0,0,0
278,Supplier,SKU_E,0,0,0,0
278,W1,SKU_A,1858,0,0,1259
278,W1,SKU_B,1224,0,0,521
278,W1,SKU_C,1162,0,0,661
278,W1,SKU_D,414,0,0,559
278,W1,SKU_E,126,0,0,411
278,W2,SKU_A,2176,0,0,985
278,W2,SKU_B,1506,0,0,270
278,W2,SKU_C,2017,0,0,483
278,W2,SKU_D,0,0,282,433
278,W2,SKU_E,524,0,0,370
278,R1,SKU_A,971,0,0,321
278,R1,SKU_B,477,0,0,112
278,R1,SKU_C,662,0,0,165
278,R1,SKU_D,292,0,0,124
278,R1,SKU_E,285,0,0,87
278,R2,SKU_A,281,0,0,230
278,R2,SKU_B,383,0,0,90
278,R2,SKU_C,419,0,0,88
278,R2,SKU_D,461,0,0,103
278,R2,SKU_E,576,0,0,89
278,R3,SKU_A,787,0,0,397
278,R3,SKU_B,816,0,0,104
278,R3,SKU_C,849,0,0,199
278,R3,SKU_D,894,0,0,256
278,R3,SKU_E,634,0,0,176
279,Supplier,SKU_A,0,0,0,0
279,Supplier,SKU_B,0,0,0,0
279,Supplier,SKU_C,0,0,0,0
279,Supplier,SKU_D,0,0,0,0
279,Supplier,SKU_E,0,0,0,0
279,W1,SKU_A,1670,0,0,1259
279,W1,SKU_B,1096,0,0,521
279,W1,SKU_C,1038,0,0,661
279,W1,SKU_D,315,0,0,559
279,W1,SKU_E,46,0,0,411
279,W2,SKU_A,2494,0,0,883
279,W2,SKU_B,1561,0,0,254
279,W2,SKU_C,2129,0,0,442
279,W2,SKU_D,0,0,154,422
279,W2,SKU_E,646,0,0,325
279,R1,SKU_A,1138,0,0,0
279,R1,SKU_B,515,0,0,0
279,R1,SKU_C,716,0,0,0
279,R1,SKU_D,332,0,0,0
279,R1,SKU_E,315,0,0,0
279,R2,SKU_A,175,0,0,230
279,R2,SKU_B,330,0,0,90
279,R2,SKU_C,369,0,0,88
279,R2,SKU_D,407,0,0,103
279,R2,SKU_E,528,0,0,89
279,R3,SKU_A,608,0,0,826
279,R3,SKU_B,744,0,0,250
279,R3,SKU_C,709,0,0,407
279,R3,SKU_D,754,0,0,459
279,R3,SKU_E,555,0,0,309
280,Supplier,SKU_A,0,0,0,0
280,Supplier,SKU_B,0,0,0,0
280,Supplier,SKU_C,0,0,0,0
280,Supplier,SKU_D,0,0,0,0
280,Supplier,SKU_E,0,0,0,0
280,W1,SKU_A,2118,0,0,551
280,W1,SKU_B,1288,0,0,202
280,W1,SKU_C,1285,0,0,253
280,W1,SKU_D,509,0,0,227
280,W1,SKU_E,176,0,0,176
280,W2,SKU_A,2315,0,0,883
280,W2,SKU_B,1489,0,0,254
280,W2,SKU_C,1989,0,0,442
280,W2,SKU_D,0,0,294,422
280,W2,SKU_E,567,0,0,325
280,R1,SKU_A,992,0,0,346
280,R1,SKU_B,452,0,0,173
280,R1,SKU_C,596,0,0,249
280,R1,SKU_D,248,0,0,178
280,R1,SKU_E,259,0,0,126
280,R2,SKU_A,309,0,0,261
280,R2,SKU_B,355,0,0,146
280,R2,SKU_C,414,0,0,115
280,R2,SKU_D,466,0,0,155
280,R2,SKU_E,571,0,0,126
280,R3,SKU_A,810,0,0,429
280,R3,SKU_B,793,0,0,146
280,R3,SKU_C,779,0,0,208
280,R3,SKU_D,888,0,0,203
280,R3,SKU_E,652,0,0,133
281,Supplier,SKU_A,0,0,0,0
281,Supplier,SKU_B,0,0,0,0
281,Supplier,SKU_C,0,0,0,0
281,Supplier,SKU_D,0,0,0,0
281,Supplier,SKU_E,0,0,0,0
281,W1,SKU_A,1876,0,0,1158
281,W1,SKU_B,1160,0,0,521
281,W1,SKU_C,1122,0,0,617
281,W1,SKU_D,381,0,0,560
281,W1,SKU_E,74,0,0,428
281,W2,SKU_A,2120,0,0,883
281,W2,SKU_B,1434,0,0,254
281,W2,SKU_C,1860,0,0,442
281,W2,SKU_D,0,0,416,422
281,W2,SKU_E,488,0,0,325
281,R1,SKU_A,882,0,0,346
281,R1,SKU_B,401,0,0,173
281,R1,SKU_C,537,0,0,249
281,R1,SKU_D,200,0,0,178
281,R1,SKU_E,225,0,0,126
281,R2,SKU_A,224,0,0,261
281,R2,SKU_B,303,0,0,146
281,R2,SKU_C,381,0,0,115
281,R2,SKU_D,418,0,0,155
281,R2,SKU_E,528,0,0,126
281,R3,SKU_A,629,0,0,429
281,R3,SKU_B,754,0,0,146
281,R3,SKU_C,679,0,0,208
281,R3,SKU_D,801,0,0,203
281,R3,SKU_E,594,0,0,133
282,Supplier,SKU_A,0,0,0,0
282,Supplier,SKU_B,0,0,0,0
282,Supplier,SKU_C,0,0,0,0
282,Supplier,SKU_D,0,0,0,0
282,Supplier,SKU_E,0,0,0,0
282,W1,SKU_A,1681,0,0,1158
282,W1,SKU_B,1057,0,0,521
282,W1,SKU_C,1030,0,0,617
282,W1,SKU_D,285,0,0,560
282,W1,SKU_E,0,0,3,428
282,W2,SKU_A,2456,0,0,890
282,W2,SKU_B,1544,0,0,298
282,W2,SKU_C,2038,0,0,526
282,W2,SKU_D,0,0,273,529
282,W2,SKU_E,629,0,0,333
282,R1,SKU_A,1139,0,0,0
282,R1,SKU_B,535,0,0,0
282,R1,SKU_C,724,0,0,0
282,R1,SKU_D,335,0,0,0
282,R1,SKU_E,318,0,0,0
282,R2,SKU_A,136,0,0,261
282,R2,SKU_B,269,0,0,146
282,R2,SKU_C,349,0,0,115
282,R2,SKU_D,373,0,0,155
282,R2,SKU_E,486,0,0,126
282,R3,SKU_A,485,0,0,984
282,R3,SKU_B,717,0,0,312
282,R3,SKU_C,596,0,0,577
282,R3,SKU_D,731,0,0,433
282,R3,SKU_E,529,0,0,349
283,Supplier,SKU_A,0,0,0,0
283,Supplier,SKU_B,0,0,0,0
283,Supplier,SKU_C,0,0,0,0
283,Supplier,SKU_D,0,0,0,0
283,Supplier,SKU_E,0,0,0,0
283,W1,SKU_A,2055,0,0,607
283,W1,SKU_B,1186,0,0,319
283,W1,SKU_C,1189,0,0,364
283,W1,SKU_D,424,0,0,333
283,W1,SKU_E,98,0,0,252
283,W2,SKU_A,2312,0,0,890
283,W2,SKU_B,1507,0,0,298
283,W2,SKU_C,1955,0,0,526
283,W2,SKU_D,0,0,343,529
283,W2,SKU_E,564,0,0,333
283,R1,SKU_A,1017,0,0,345
283,R1,SKU_B,496,0,0,153
283,R1,SKU_C,661,0,0,241
283,R1,SKU_D,271,0,0,175
283,R1,SKU_E,279,0,0,123
283,R2,SKU_A,301,0,0,269
283,R2,SKU_B,366,0,0,151
283,R2,SKU_C,432,0,0,108
283,R2,SKU_D,491,0,0,137
283,R2,SKU_E,565,0,0,131
283,R3,SKU_A,749,0,0,555
283,R3,SKU_B,815,0,0,166
283,R3,SKU_C,725,0,0,369
283,R3,SKU_D,830,0,0,230
283,R3,SKU_E,602,0,0,216
284,Supplier,SKU_A,0,0,0,0
284,Supplier,SKU_B,0,0,0,0
284,Supplier,SKU_C,0,0,0,0
284,Supplier,SKU_D,0,0,0,0
284,Supplier,SKU_E,0,0,0,0
284,W1,SKU_A,1837,0,0,1221
284,W1,SKU_B,1098,0,0,623
284,W1,SKU_C,1094,0,0,713
284,W1,SKU_D,323,0,0,645
284,W1,SKU_E,12,0,0,506
284,W2,SKU_A,2147,0,0,890
284,W2,SKU_B,1459,0,0,298
284,W2,SKU_C,1876,0,0,526
284,W2,SKU_D,0,0,447,529
284,W2,SKU_E,504,0,0,333
284,R1,SKU_A,911,0,0,345
284,R1,SKU_B,452,0,0,153
284,R1,SKU_C,584,0,0,241
284,R1,SKU_D,223,0,0,175
284,R1,SKU_E,248,0,0,123
284,R2,SKU_A,223,0,0,269
284,R2,SKU_B,324,0,0,151
284,R2,SKU_C,397,0,0,108
284,R2,SKU_D,447,0,0,137
284,R2,SKU_E,509,0,0,131
284,R3,SKU_A,608,0,0,555
284,R3,SKU_B,770,0,0,166
284,R3,SKU_C,643,0,0,369
284,R3,SKU_D,752,0,0,230
284,R3,SKU_E,543,0,0,216
285,Supplier,SKU_A,0,0,0,0
285,Supplier,SKU_B,0,0,0,0
285,Supplier,SKU_C,0,0,0,0
285,Supplier,SKU_D,0,0,0,0
285,Supplier,SKU_E,0,0,0,0
285,W1,SKU_A,1653,0,0,1221
285,W1,SKU_B,1012,0,0,623
285,W1,SKU_C,982,0,0,713
285,W1,SKU_D,231,0,0,645
285,W1,SKU_E,0,0,75,506
285,W2,SKU_A,2372,0,0,1014
285,W2,SKU_B,1519,0,0,317
285,W2,SKU_C,1958,0,0,624
285,W2,SKU_D,0,0,333,598
285,W2,SKU_E,571,0,0,390
285,R1,SKU_A,1152,0,0,0
285,R1,SKU_B,561,0,0,0
285,R1,SKU_C,740,0,0,0
285,R1,SKU_D,336,0,0,0
285,R1,SKU_E,339,0,0,0
285,R2,SKU_A,148,0,0,269
285,R2,SKU_B,259,0,0,151
285,R2,SKU_C,360,0,0,108
285,R2,SKU_D,384,0,0,137
285,R2,SKU_E,460,0,0,131
285,R3,SKU_A,423,0,0,1005
285,R3,SKU_B,733,0,0,296
285,R3,SKU_C,526,0,0,613
285,R3,SKU_D,645,0,0,422
285,R3,SKU_E,479,0,0,400
286,Supplier,SKU_A,0,0,0,0
286,Supplier,SKU_B,0,0,0,0
286,Supplier,SKU_C,0,0,0,0
286,Supplier,SKU_D,0,0,0,0
286,Supplier,SKU_E,0,0,0,0
286,W1,SKU_A,2081,0,0,614
286,W1,SKU_B,1222,0,0,304
286,W1,SKU_C,1224,0,0,349
286,W1,SKU_D,439,0,0,312
286,W1,SKU_E,96,0,0,254
286,W2,SKU_A,2187,0,0,1014
286,W2,SKU_B,1482,0,0,317
286,W2,SKU_C,1841,0,0,624
286,W2,SKU_D,0,0,440,598
286,W2,SKU_E,507,0,0,390
286,R1,SKU_A,979,0,0,332
286,R1,SKU_B,469,0,0,127
286,R1,SKU_C,612,0,0,225
286,R1,SKU_D,263,0,0,174
286,R1,SKU_E,275,0,0,102
286,R2,SKU_A,303,0,0,249
286,R2,SKU_B,348,0,0,156
286,R2,SKU_C,429,0,0,104
286,R2,SKU_D,478,0,0,144
286,R2,SKU_E,546,0,0,152
286,R3,SKU_A,748,0,0,450
286,R3,SKU_B,849,0,0,130
286,R3,SKU_C,748,0,0,244
286,R3,SKU_D,734,0,0,192
286,R3,SKU_E,609,0,0,184
287,Supplier,SKU_A,0,0,0,0
287,Supplier,SKU_B,0,0,0,0
287,Supplier,SKU_C,0,0,0,0
287,Supplier,SKU_D,0,0,0,0
287,Supplier,SKU_E,0,0,0,0
287,W1,SKU_A,1794,0,0,1195
287,W1,SKU_B,1068,0,0,587
287,W1,SKU_C,1057,0,0,678
287,W1,SKU_D,323,0,0,630
287,W1,SKU_E,0,0,13,508
287,W2,SKU_A,1957,0,0,1014
287,W2,SKU_B,1432,0,0,317
287,W2,SKU_C,1694,0,0,624
287,W2,SKU_D,0,0,581,598
287,W2,SKU_E,421,0,0,390
287,R1,SKU_A,834,0,0,332
287,R1,SKU_B,391,0,0,127
287,R1,SKU_C,513,0,0,225
287,R1,SKU_D,208,0,0,174
287,R1,SKU_E,222,0,0,102
287,R2,SKU_A,191,0,0,249
287,R2,SKU_B,280,0,0,156
287,R2,SKU_C,378,0,0,104
287,R2,SKU_D,430,0,0,144
287,R2,SKU_E,508,0,0,152
287,R3,SKU_A,541,0,0,450
287,R3,SKU_B,793,0,0,130
287,R3,SKU_C,621,0,0,244
287,R3,SKU_D,613,0,0,192
287,R3,SKU_E,508,0,0,184
288,Supplier,SKU_A,0,0,0,0
288,Supplier,SKU_B,0,0,0,0
288,Supplier,SKU_C,0,0,0,0
288,Supplier,SKU_D,0,0,0,0
288,Supplier,SKU_E,0,0,0,0
288,W1,SKU_A,1537,0,0,1195
288,W1,SKU_B,922,0,0,587
288,W1,SKU_C,907,0,0,678
288,W1,SKU_D,220,0,0,630
288,W1,SKU_E,0,0,104,508
288,W2,SKU_A,2274,0,0,1046
288,W2,SKU_B,1569,0,0,256
288,W2,SKU_C,1929,0,0,608
288,W2,SKU_D,0,0,365,587
288,W2,SKU_E,527,0,0,392
288,R1,SKU_A,1062,0,0,0
288,R1,SKU_B,471,0,0,0
288,R1,SKU_C,667,0,0,0
288,R1,SKU_D,330,0,0,0
288,R1,SKU_E,291,0,0,0
288,R2,SKU_A,100,0,0,249
288,R2,SKU_B,219,0,0,156
288,R2,SKU_C,331,0,0,104
288,R2,SKU_D,386,0,0,144
288,R2,SKU_E,466,0,0,152
288,R3,SKU_A,383,0,0,1072
288,R3,SKU_B,754,0,0,273
288,R3,SKU_C,541,0,0,635
288,R3,SKU_D,530,0,0,529
288,R3,SKU_E,439,0,0,435
289,Supplier,SKU_A,0,0,0,0
289,Supplier,SKU_B,0,0,0,0
289,Supplier,SKU_C,0,0,0,0
289,Supplier,SKU_D,0,0,0,0
289,Supplier,SKU_E,0,0,0,0
289,W1,SKU_A,1956,0,0,581
289,W1,SKU_B,1118,0,0,283
289,W1,SKU_C,1138,0,0,329
289,W1,SKU_D,436,0,0,318
289,W1,SKU_E,75,0,0,254
289,W2,SKU_A,2116,0,0,1046
289,W2,SKU_B,1530,0,0,256
289,W2,SKU_C,1849,0,0,608
289,W2,SKU_D,0,0,448,587
289,W2,SKU_E,458,0,0,392
289,R1,SKU_A,964,0,0,422
289,R1,SKU_B,430,0,0,217
289,R1,SKU_C,573,0,0,298
289,R1,SKU_D,289,0,0,180
289,R1,SKU_E,260,0,0,150
289,R2,SKU_A,261,0,0,317
289,R2,SKU_B,325,0,0,191
289,R2,SKU_C,399,0,0,137
289,R2,SKU_D,475,0,0,135
289,R2,SKU_E,578,0,0,125
289,R3,SKU_A,663,0,0,622
289,R3,SKU_B,826,0,0,143
289,R3,SKU_C,687,0,0,391
289,R3,SKU_D,643,0,0,337
289,R3,SKU_E,555,0,0,251
290,Supplier,SKU_A,0,0,0,0
290,Supplier,SKU_B,0,0,0,0
290,Supplier,SKU_C,0,0,0,0
290,Supplier,SKU_D,0,0,0,0
290,Supplier,SKU_E,0,0,0,0
290,W1,SKU_A,1770,0,0,1320
290,W1,SKU_B,1027,0,0,691
290,W1,SKU_C,1008,0,0,764
290,W1,SKU_D,340,0,0,633
290,W1,SKU_E,4,0,0,529
290,W2,SKU_A,1946,0,0,1046
290,W2,SKU_B,1472,0,0,256
290,W2,SKU_C,1751,0,0,608
290,W2,SKU_D,0,0,527,587
290,W2,SKU_E,390,0,0,392
290,R1,SKU_A,844,0,0,422
290,R1,SKU_B,377,0,0,217
290,R1,SKU_C,476,0,0,298
290,R1,SKU_D,238,0,0,180
290,R1,SKU_E,211,0,0,150
290,R2,SKU_A,158,0,0,317
290,R2,SKU_B,264,0,0,191
290,R2,SKU_C,347,0,0,137
290,R2,SKU_D,424,0,0,135
290,R2,SKU_E,501,0,0,125
290,R3,SKU_A,488,0,0,622
290,R3,SKU_B,762,0,0,143
290,R3,SKU_C,552,0,0,391
290,R3,SKU_D,529,0,0,337
290,R3,SKU_E,463,0,0,251
291,Supplier,SKU_A,0,0,0,0
291,Supplier,SKU_B,0,0,0,0
291,Supplier,SKU_C,0,0,0,0
291,Supplier,SKU_D,0,0,0,0
291,Supplier,SKU_E,0,0,0,0
291,W1,SKU_A,1547,0,0,1320
291,W1,SKU_B,913,0,0,691
291,W1,SKU_C,859,0,0,764
291,W1,SKU_D,238,0,0,633
291,W1,SKU_E,0,0,122,529
291,W2,SKU_A,2261,0,0,1091
291,W2,SKU_B,1532,0,0,285
291,W2,SKU_C,1878,0,0,651
291,W2,SKU_D,0,0,380,609
291,W2,SKU_E,481,0,0,447
291,R1,SKU_A,1105,0,0,0
291,R1,SKU_B,530,0,0,0
291,R1,SKU_C,659,0,0,0
291,R1,SKU_D,347,0,0,0
291,R1,SKU_E,301,0,0,0
291,R2,SKU_A,51,0,0,317
291,R2,SKU_B,223,0,0,191
291,R2,SKU_C,297,0,0,137
291,R2,SKU_D,367,0,0,135
291,R2,SKU_E,426,0,0,125
291,R3,SKU_A,238,0,0,1125
291,R3,SKU_B,690,0,0,304
291,R3,SKU_C,409,0,0,704
291,R3,SKU_D,394,0,0,598
291,R3,SKU_E,356,0,0,480
292,Supplier,SKU_A,0,0,0,0
292,Supplier,SKU_B,0,0,0,0
292,Supplier,SKU_C,0,0,0,0
292,Supplier,SKU_D,0,0,0,0
292,Supplier,SKU_E,0,0,0,0
292,W1,SKU_A,1860,0,0,739
292,W1,SKU_B,1091,0,0,408
292,W1,SKU_C,1023,0,0,435
292,W1,SKU_D,428,0,0,315
292,W1,SKU_E,0,0,3,275
292,W2,SKU_A,2011,0,0,1091
292,W2,SKU_B,1460,0,0,285
292,W2,SKU_C,1735,0,0,651
292,W2,SKU_D,0,0,515,609
292,W2,SKU_E,374,0,0,447
292,R1,SKU_A,946,0,0,379
292,R1,SKU_B,471,0,0,158
292,R1,SKU_C,557,0,0,306
292,R1,SKU_D,297,0,0,163
292,R1,SKU_E,258,0,0,140
292,R2,SKU_A,274,0,0,298
292,R2,SKU_B,360,0,0,152
292,R2,SKU_C,384,0,0,138
292,R2,SKU_D,460,0,0,163
292,R2,SKU_E,487,0,0,189
292,R3,SKU_A,609,0,0,503
292,R3,SKU_B,758,0,0,161
292,R3,SKU_C,622,0,0,313
292,R3,SKU_D,613,0,0,261
292,R3,SKU_E,507,0,0,229
293,Supplier,SKU_A,0,0,0,0
293,Supplier,SKU_B,0,0,0,0
293,Supplier,SKU_C,0,0,0,0
293,Supplier,SKU_D,0,0,0,0
293,Supplier,SKU_E,0,0,0,0
293,W1,SKU_A,1607,0,0,1416
293,W1,SKU_B,978,0,0,718
293,W1,SKU_C,871,0,0,879
293,W1,SKU_D,336,0,0,641
293,W1,SKU_E,0,0,110,607
293,W2,SKU_A,1760,0,0,1516
293,W2,SKU_B,1385,0,0,421
293,W2,SKU_C,1557,0,0,929
293,W2,SKU_D,0,0,633,858
293,W2,SKU_E,274,0,0,646
293,R1,SKU_A,740,0,0,379
293,R1,SKU_B,400,0,0,158
293,R1,SKU_C,404,0,0,306
293,R1,SKU_D,232,0,0,163
293,R1,SKU_E,191,0,0,140
293,R2,SKU_A,149,0,0,298
293,R2,SKU_B,295,0,0,152
293,R2,SKU_C,322,0,0,138
293,R2,SKU_D,394,0,0,163
293,R2,SKU_E,412,0,0,189
293,R3,SKU_A,304,0,0,503
293,R3,SKU_B,704,0,0,161
293,R3,SKU_C,460,0,0,313
293,R3,SKU_D,472,0,0,261
293,R3,SKU_E,406,0,0,229
294,Supplier,SKU_A,0,0,0,0
294,Supplier,SKU_B,0,0,0,0
294,Supplier,SKU_C,0,0,0,0
294,Supplier,SKU_D,0,0,0,0
294,Supplier,SKU_E,0,0,0,0
294,W1,SKU_A,1276,0,0,1416
294,W1,SKU_B,842,0,0,718
294,W1,SKU_C,656,0,0,879
294,W1,SKU_D,205,0,0,641
294,W1,SKU_E,0,0,252,607
294,W2,SKU_A,2011,0,0,960
294,W2,SKU_B,1463,0,0,289
294,W2,SKU_C,1741,0,0,583
294,W2,SKU_D,0,0,448,532
294,W2,SKU_E,382,0,0,437
294,R1,SKU_A,928,0,0,0
294,R1,SKU_B,484,0,0,0
294,R1,SKU_C,571,0,0,0
294,R1,SKU_D,306,0,0,0
294,R1,SKU_E,282,0,0,0
294,R2,SKU_A,30,0,0,298
294,R2,SKU_B,242,0,0,152
294,R2,SKU_C,268,0,0,138
294,R2,SKU_D,347,0,0,163
294,R2,SKU_E,340,0,0,189
294,R3,SKU_A,79,0,0,1309
294,R3,SKU_B,618,0,0,362
294,R3,SKU_C,289,0,0,796
294,R3,SKU_D,343,0,0,587
294,R3,SKU_E,285,0,0,537
295,Supplier,SKU_A,0,0,0,0
295,Supplier,SKU_B,0,0,0,0
295,Supplier,SKU_C,0,0,0,0
295,Supplier,SKU_D,0,0,0,0
295,Supplier,SKU_E,0,0,0,0
295,W1,SKU_A,1705,0,0,677
295,W1,SKU_B,1123,0,0,310
295,W1,SKU_C,898,0,0,444
295,W1,SKU_D,384,0,0,326
295,W1,SKU_E,0,0,98,332
295,W2,SKU_A,1786,0,0,1516
295,W2,SKU_B,1377,0,0,418
295,W2,SKU_C,1570,0,0,923
295,W2,SKU_D,0,0,577,791
295,W2,SKU_E,261,0,0,638
295,R1,SKU_A,777,0,0,556
295,R1,SKU_B,404,0,0,204
295,R1,SKU_C,459,0,0,394
295,R1,SKU_D,241,0,0,204
295,R1,SKU_E,231,0,0,159
295,R2,SKU_A,211,0,0,338
295,R2,SKU_B,322,0,0,172
295,R2,SKU_C,364,0,0,166
295,R2,SKU_D,436,0,0,155
295,R2,SKU_E,480,0,0,116
295,R3,SKU_A,394,0,0,806
295,R3,SKU_B,715,0,0,201
295,R3,SKU_C,463,0,0,483
295,R3,SKU_D,513,0,0,326
295,R3,SKU_E,407,0,0,308
296,Supplier,SKU_A,0,0,0,0
296,Supplier,SKU_B,0,0,0,0
296,Supplier,SKU_C,0,0,0,0
296,Supplier,SKU_D,0,0,0,0
296,Supplier,SKU_E,0,0,0,0
296,W1,SKU_A,1437,0,0,1571
296,W1,SKU_B,971,0,0,686
296,W1,SKU_C,744,0,0,1004
296,W1,SKU_D,245,0,0,685
296,W1,SKU_E,0,0,198,702
296,W2,SKU_A,1598,0,0,1516
296,W2,SKU_B,1313,0,0,418
296,W2,SKU_C,1431,0,0,923
296,W2,SKU_D,0,0,668,791
296,W2,SKU_E,154,0,0,638
296,R1,SKU_A,660,0,0,556
296,R1,SKU_B,362,0,0,204
296,R1,SKU_C,381,0,0,394
296,R1,SKU_D,180,0,0,204
296,R1,SKU_E,198,0,0,159
296,R2,SKU_A,121,0,0,338
296,R2,SKU_B,263,0,0,172
296,R2,SKU_C,312,0,0,166
296,R2,SKU_D,391,0,0,155
296,R2,SKU_E,435,0,0,116
296,R3,SKU_A,219,0,0,806
296,R3,SKU_B,659,0,0,201
296,R3,SKU_C,339,0,0,483
296,R3,SKU_D,409,0,0,326
296,R3,SKU_E,321,0,0,308
297,Supplier,SKU_A,0,0,0,0
297,Supplier,SKU_B,0,0,0,0
297,Supplier,SKU_C,0,0,0,0
297,Supplier,SKU_D,0,0,0,0
297,Supplier,SKU_E,0,0,0,0
297,W1,SKU_A,1230,0,0,1571
297,W1,SKU_B,870,0,0,686
297,W1,SKU_C,614,0,0,1004
297,W1,SKU_D,139,0,0,685
297,W1,SKU_E,0,0,276,702
297,W2,SKU_A,1958,0,0,1394
297,W2,SKU_B,1410,0,0,415
297,W2,SKU_C,1612,0,0,928
297,W2,SKU_D,0,0,489,728
297,W2,SKU_E,306,0,0,628
297,R1,SKU_A,1090,0,0,0
297,R1,SKU_B,520,0,0,0
297,R1,SKU_C,679,0,0,0
297,R1,SKU_D,328,0,0,0
297,R1,SKU_E,320,0,0,0
297,R2,SKU_A,29,0,0,338
297,R2,SKU_B,216,0,0,172
297,R2,SKU_C,276,0,0,166
297,R2,SKU_D,335,0,0,155
297,R2,SKU_E,390,0,0,116
297,R3,SKU_A,75,0,0,1394
297,R3,SKU_B,608,0,0,407
297,R3,SKU_C,246,0,0,917
297,R3,SKU_D,336,0,0,609
297,R3,SKU_E,252,0,0,622
298,Supplier,SKU_A,0,0,0,0
298,Supplier,SKU_B,0,0,0,0
298,Supplier,SKU_C,0,0,0,0
298,Supplier,SKU_D,0,0,0,0
298,Supplier,SKU_E,0,0,0,0
298,W1,SKU_A,1689,0,0,894
298,W1,SKU_B,1087,0,0,376
298,W1,SKU_C,926,0,0,560
298,W1,SKU_D,353,0,0,359
298,W1,SKU_E,0,0,26,370
298,W2,SKU_A,1814,0,0,1394
298,W2,SKU_B,1359,0,0,415
298,W2,SKU_C,1519,0,0,928
298,W2,SKU_D,0,0,562,728
298,W2,SKU_E,237,0,0,628
298,R1,SKU_A,970,0,0,394
298,R1,SKU_B,471,0,0,168
298,R1,SKU_C,591,0,0,286
298,R1,SKU_D,287,0,0,182
298,R1,SKU_E,271,0,0,121
298,R2,SKU_A,302,0,0,299
298,R2,SKU_B,355,0,0,178
298,R2,SKU_C,406,0,0,130
298,R2,SKU_D,452,0,0,175
298,R2,SKU_E,456,0,0,211
298,R3,SKU_A,762,0,0,588
298,R3,SKU_B,745,0,0,206
298,R3,SKU_C,620,0,0,434
298,R3,SKU_D,569,0,0,283
298,R3,SKU_E,459,0,0,314
299,Supplier,SKU_A,0,0,0,0
299,Supplier,SKU_B,0,0,0,0
299,Supplier,SKU_C,0,0,0,0
299,Supplier,SKU_D,0,0,0,0
299,Supplier,SKU_E,0,0,0,0
299,W1,SKU_A,1504,0,0,1587
299,W1,SKU_B,1005,0,0,722
299,W1,SKU_C,802,0,0,976
299,W1,SKU_D,274,0,0,716
299,W1,SKU_E,0,0,125,630
299,W2,SKU_A,2120,0,0,969
299,W2,SKU_B,1431,0,0,279
299,W2,SKU_C,1688,0,0,650
299,W2,SKU_D,0,0,406,479
299,W2,SKU_E,335,0,0,429
299,R1,SKU_A,842,0,0,394
299,R1,SKU_B,413,0,0,168
299,R1,SKU_C,471,0,0,286
299,R1,SKU_D,232,0,0,182
299,R1,SKU_E,230,0,0,121
299,R2,SKU_A,227,0,0,299
299,R2,SKU_B,311,0,0,178
299,R2,SKU_C,368,0,0,130
299,R2,SKU_D,400,0,0,175
299,R2,SKU_E,410,0,0,211
299,R3,SKU_A,563,0,0,588
299,R3,SKU_B,667,0,0,206
299,R3,SKU_C,511,0,0,434
299,R3,SKU_D,435,0,0,283
299,R3,SKU_E,361,0,0,314
300,Supplier,SKU_A,0,0,0,0
300,Supplier,SKU_B,0,0,0,0
300,Supplier,SKU_C,0,0,0,0
300,Supplier,SKU_D,0,0,0,0
300,Supplier,SKU_E,0,0,0,0
300,W1,SKU_A,1301,0,0,1587
300,W1,SKU_B,903,0,0,722
300,W1,SKU_C,644,0,0,976
300,W1,SKU_D,167,0,0,716
300,W1,SKU_E,0,0,212,630
300,W2,SKU_A,1921,0,0,1407
300,W2,SKU_B,1353,0,0,450
300,W2,SKU_C,1579,0,0,976
300,W2,SKU_D,0,0,540,749
300,W2,SKU_E,237,0,0,685
300,R1,SKU_A,1077,0,0,0
300,R1,SKU_B,498,0,0,0
300,R1,SKU_C,605,0,0,0
300,R1,SKU_D,330,0,0,0
300,R1,SKU_E,285,0,0,0
300,R2,SKU_A,116,0,0,299
300,R2,SKU_B,265,0,0,178
300,R2,SKU_C,312,0,0,130
300,R2,SKU_D,344,0,0,175
300,R2,SKU_E,360,0,0,211
300,R3,SKU_A,291,0,0,1050
300,R3,SKU_B,571,0,0,399
300,R3,SKU_C,294,0,0,745
300,R3,SKU_D,263,0,0,532
300,R3,SKU_E,256,0,0,582
301,Supplier,SKU_A,0,0,0,0
301,Supplier,SKU_B,0,0,0,0
301,Supplier,SKU_C,0,0,0,0
301,Supplier,SKU_D,0,0,0,0
301,Supplier,SKU_E,0,0,0,0
301,W1,SKU_A,1925,0,0,693
301,W1,SKU_B,1150,0,0,346
301,W1,SKU_C,996,0,0,416
301,W1,SKU_D,386,0,0,357
301,W1,SKU_E,42,0,0,260
301,W2,SKU_A,2205,0,0,851
301,W2,SKU_B,1386,0,0,321
301,W2,SKU_C,1702,0,0,636
301,W2,SKU_D,0,0,453,490
301,W2,SKU_E,333,0,0,484
301,R1,SKU_A,894,0,0,407
301,R1,SKU_B,422,0,0,190
301,R1,SKU_C,476,0,0,360
301,R1,SKU_D,252,0,0,180
301,R1,SKU_E,235,0,0,156
301,R2,SKU_A,326,0,0,251
301,R2,SKU_B,366,0,0,123
301,R2,SKU_C,376,0,0,130
301,R2,SKU_D,467,0,0,146
301,R2,SKU_E,516,0,0,172
301,R3,SKU_A,619,0,0,462
301,R3,SKU_B,729,0,0,193
301,R3,SKU_C,578,0,0,311
301,R3,SKU_D,425,0,0,249
301,R3,SKU_E,466,0,0,268
302,Supplier,SKU_A,0,0,0,0
302,Supplier,SKU_B,0,0,0,0
302,Supplier,SKU_C,0,0,0,0
302,Supplier,SKU_D,0,0,0,0
302,Supplier,SKU_E,0,0,0,0
302,W1,SKU_A,1653,0,0,1351
302,W1,SKU_B,997,0,0,659
302,W1,SKU_C,801,0,0,906
302,W1,SKU_D,256,0,0,683
302,W1,SKU_E,0,0,63,562
302,W2,SKU_A,1945,0,0,1322
302,W2,SKU_B,1338,0,0,495
302,W2,SKU_C,1552,0,0,962
302,W2,SKU_D,0,0,574,796
302,W2,SKU_E,229,0,0,687
302,R1,SKU_A,792,0,0,407
302,R1,SKU_B,363,0,0,190
302,R1,SKU_C,396,0,0,360
302,R1,SKU_D,199,0,0,180
302,R1,SKU_E,196,0,0,156
302,R2,SKU_A,241,0,0,251
302,R2,SKU_B,320,0,0,123
302,R2,SKU_C,339,0,0,130
302,R2,SKU_D,421,0,0,146
302,R2,SKU_E,453,0,0,172
302,R3,SKU_A,470,0,0,462
302,R3,SKU_B,678,0,0,193
302,R3,SKU_C,506,0,0,311
302,R3,SKU_D,367,0,0,249
302,R3,SKU_E,385,0,0,268
303,Supplier,SKU_A,0,0,0,0
303,Supplier,SKU_B,0,0,0,0
303,Supplier,SKU_C,0,0,0,0
303,Supplier,SKU_D,0,0,0,0
303,Supplier,SKU_E,0,0,0,0
303,W1,SKU_A,1466,0,0,1351
303,W1,SKU_B,892,0,0,659
303,W1,SKU_C,684,0,0,906
303,W1,SKU_D,157,0,0,683
303,W1,SKU_E,0,0,165,562
303,W2,SKU_A,2209,0,0,909
303,W2,SKU_B,1437,0,0,345
303,W2,SKU_C,1790,0,0,652
303,W2,SKU_D,0,0,412,576
303,W2,SKU_E,376,0,0,459
303,R1,SKU_A,1082,0,0,0
303,R1,SKU_B,510,0,0,0
303,R1,SKU_C,675,0,0,0
303,R1,SKU_D,329,0,0,0
303,R1,SKU_E,309,0,0,0
303,R2,SKU_A,169,0,0,251
303,R2,SKU_B,278,0,0,123
303,R2,SKU_C,297,0,0,130
303,R2,SKU_D,378,0,0,146
303,R2,SKU_E,400,0,0,172
303,R3,SKU_A,281,0,0,1143
303,R3,SKU_B,628,0,0,388
303,R3,SKU_C,430,0,0,750
303,R3,SKU_D,271,0,0,728
303,R3,SKU_E,326,0,0,558
304,Supplier,SKU_A,0,0,0,0
304,Supplier,SKU_B,0,0,0,0
304,Supplier,SKU_C,0,0,0,0
304,Supplier,SKU_D,0,0,0,0
304,Supplier,SKU_E,0,0,0,0
304,W1,SKU_A,1970,0,0,658
304,W1,SKU_B,1153,0,0,313
304,W1,SKU_C,977,0,0,490
304,W1,SKU_D,421,0,0,326
304,W1,SKU_E,0,0,1,302
304,W2,SKU_A,2020,0,0,909
304,W2,SKU_B,1387,0,0,345
304,W2,SKU_C,1714,0,0,652
304,W2,SKU_D,0,0,508,576
304,W2,SKU_E,317,0,0,459
304,R1,SKU_A,973,0,0,402
304,R1,SKU_B,473,0,0,178
304,R1,SKU_C,616,0,0,290
304,R1,SKU_D,287,0,0,181
304,R1,SKU_E,279,0,0,132
304,R2,SKU_A,356,0,0,246
304,R2,SKU_B,354,0,0,165
304,R2,SKU_C,393,0,0,145
304,R2,SKU_D,478,0,0,141
304,R2,SKU_E,512,0,0,170
304,R3,SKU_A,597,0,0,681
304,R3,SKU_B,758,0,0,195
304,R3,SKU_C,649,0,0,439
304,R3,SKU_D,445,0,0,479
304,R3,SKU_E,513,0,0,290
305,Supplier,SKU_A,0,0,0,0
305,Supplier,SKU_B,0,0,0,0
305,Supplier,SKU_C,0,0,0,0
305,Supplier,SKU_D,0,0,0,0
305,Supplier,SKU_E,0,0,0,0
305,W1,SKU_A,1797,0,0,1306
305,W1,SKU_B,1069,0,0,656
305,W1,SKU_C,884,0,0,925
305,W1,SKU_D,333,0,0,648
305,W1,SKU_E,0,0,91,605
305,W2,SKU_A,1874,0,0,1507
305,W2,SKU_B,1324,0,0,494
305,W2,SKU_C,1622,0,0,950
305,W2,SKU_D,0,0,583,851
305,W2,SKU_E,236,0,0,703
305,R1,SKU_A,835,0,0,402
305,R1,SKU_B,421,0,0,178
305,R1,SKU_C,543,0,0,290
305,R1,SKU_D,221,0,0,181
305,R1,SKU_E,231,0,0,132
305,R2,SKU_A,268,0,0,246
305,R2,SKU_B,298,0,0,165
305,R2,SKU_C,346,0,0,145
305,R2,SKU_D,419,0,0,141
305,R2,SKU_E,464,0,0,170
305,R3,SKU_A,433,0,0,681
305,R3,SKU_B,684,0,0,195
305,R3,SKU_C,540,0,0,439
305,R3,SKU_D,349,0,0,479
305,R3,SKU_E,429,0,0,290
306,Supplier,SKU_A,0,0,0,0
306,Supplier,SKU_B,0,0,0,0
306,Supplier,SKU_C,0,0,0,0
306,Supplier,SKU_D,0,0,0,0
306,Supplier,SKU_E,0,0,0,0
306,W1,SKU_A,1571,0,0,1306
306,W1,SKU_B,961,0,0,656
306,W1,SKU_C,764,0,0,925
306,W1,SKU_D,208,0,0,648
306,W1,SKU_E,0,0,187,605
306,W2,SKU_A,2148,0,0,1069
306,W2,SKU_B,1421,0,0,323
306,W2,SKU_C,1839,0,0,624
306,W2,SKU_D,0,0,409,581
306,W2,SKU_E,408,0,0,447
306,R1,SKU_A,1103,0,0,0
306,R1,SKU_B,539,0,0,0
306,R1,SKU_C,748,0,0,0
306,R1,SKU_D,346,0,0,0
306,R1,SKU_E,310,0,0,0
306,R2,SKU_A,187,0,0,246
306,R2,SKU_B,245,0,0,165
306,R2,SKU_C,309,0,0,145
306,R2,SKU_D,372,0,0,141
306,R2,SKU_E,413,0,0,170
306,R3,SKU_A,275,0,0,1180
306,R3,SKU_B,624,0,0,382
306,R3,SKU_C,432,0,0,716
306,R3,SKU_D,233,0,0,749
306,R3,SKU_E,328,0,0,514
307,Supplier,SKU_A,0,0,0,0
307,Supplier,SKU_B,0,0,0,0
307,Supplier,SKU_C,0,0,0,0
307,Supplier,SKU_D,0,0,0,0
307,Supplier,SKU_E,0,0,0,0
307,W1,SKU_A,2014,0,0,648
307,W1,SKU_B,1161,0,0,343
307,W1,SKU_C,1132,0,0,435
307,W1,SKU_D,431,0,0,322
307,W1,SKU_E,11,0,0,303
307,W2,SKU_A,1990,0,0,1069
307,W2,SKU_B,1361,0,0,323
307,W2,SKU_C,1731,0,0,624
307,W2,SKU_D,0,0,525,581
307,W2,SKU_E,307,0,0,447
307,R1,SKU_A,934,0,0,381
307,R1,SKU_B,443,0,0,149
307,R1,SKU_C,602,0,0,217
307,R1,SKU_D,262,0,0,164
307,R1,SKU_E,258,0,0,131
307,R2,SKU_A,316,0,0,233
307,R2,SKU_B,345,0,0,156
307,R2,SKU_C,394,0,0,118
307,R2,SKU_D,441,0,0,152
307,R2,SKU_E,524,0,0,160
307,R3,SKU_A,697,0,0,499
307,R3,SKU_B,758,0,0,187
307,R3,SKU_C,735,0,0,277
307,R3,SKU_D,580,0,0,270
307,R3,SKU_E,489,0,0,224
308,Supplier,SKU_A,0,0,0,0
308,Supplier,SKU_B,0,0,0,0
308,Supplier,SKU_C,0,0,0,0
308,Supplier,SKU_D,0,0,0,0
308,Supplier,SKU_E,0,0,0,0
308,W1,SKU_A,1728,0,0,1262
308,W1,SKU_B,1000,0,0,648
308,W1,SKU_C,926,0,0,770
308,W1,SKU_D,275,0,0,638
308,W1,SKU_E,0,0,100,593
308,W2,SKU_A,2202,0,0,1066
308,W2,SKU_B,1474,0,0,346
308,W2,SKU_C,1921,0,0,607
308,W2,SKU_D,0,0,351,562
308,W2,SKU_E,381,0,0,510
308,R1,SKU_A,768,0,0,381
308,R1,SKU_B,337,0,0,149
308,R1,SKU_C,457,0,0,217
308,R1,SKU_D,176,0,0,164
308,R1,SKU_E,196,0,0,131
308,R2,SKU_A,207,0,0,233
308,R2,SKU_B,284,0,0,156
308,R2,SKU_C,344,0,0,118
308,R2,SKU_D,389,0,0,152
308,R2,SKU_E,480,0,0,160
308,R3,SKU_A,480,0,0,499
308,R3,SKU_B,665,0,0,187
308,R3,SKU_C,612,0,0,277
308,R3,SKU_D,467,0,0,270
308,R3,SKU_E,373,0,0,224
309,Supplier,SKU_A,0,0,0,0
309,Supplier,SKU_B,0,0,0,0
309,Supplier,SKU_C,0,0,0,0
309,Supplier,SKU_D,0,0,0,0
309,Supplier,SKU_E,0,0,0,0
309,W1,SKU_A,1453,0,0,1262
309,W1,SKU_B,833,0,0,648
309,W1,SKU_C,731,0,0,770
309,W1,SKU_D,137,0,0,638
309,W1,SKU_E,0,0,206,593
309,W2,SKU_A,1985,0,0,1066
309,W2,SKU_B,1381,0,0,346
309,W2,SKU_C,1798,0,0,607
309,W2,SKU_D,0,0,464,562
309,W2,SKU_E,265,0,0,510
309,R1,SKU_A,1042,0,0,0
309,R1,SKU_B,424,0,0,0
309,R1,SKU_C,620,0,0,0
309,R1,SKU_D,296,0,0,0
309,R1,SKU_E,285,0,0,0
309,R2,SKU_A,124,0,0,233
309,R2,SKU_B,232,0,0,156
309,R2,SKU_C,301,0,0,118
309,R2,SKU_D,338,0,0,152
309,R2,SKU_E,440,0,0,160
309,R3,SKU_A,311,0,0,1133
309,R3,SKU_B,601,0,0,401
309,R3,SKU_C,502,0,0,644
309,R3,SKU_D,385,0,0,576
309,R3,SKU_E,298,0,0,570
310,Supplier,SKU_A,0,0,0,0
310,Supplier,SKU_B,0,0,0,0
310,Supplier,SKU_C,0,0,0,0
310,Supplier,SKU_D,0,0,0,0
310,Supplier,SKU_E,0,0,0,0
310,W1,SKU_A,1911,0,0,614
310,W1,SKU_B,1062,0,0,305
310,W1,SKU_C,1069,0,0,335
310,W1,SKU_D,364,0,0,316
310,W1,SKU_E,15,0,0,290
310,W2,SKU_A,1816,0,0,1542
310,W2,SKU_B,1317,0,0,500
310,W2,SKU_C,1688,0,0,866
310,W2,SKU_D,0,0,546,807
310,W2,SKU_E,190,0,0,755
310,R1,SKU_A,932,0,0,442
310,R1,SKU_B,383,0,0,264
310,R1,SKU_C,564,0,0,345
310,R1,SKU_D,257,0,0,214
310,R1,SKU_E,240,0,0,156
310,R2,SKU_A,253,0,0,309
310,R2,SKU_B,331,0,0,178
310,R2,SKU_C,378,0,0,153
310,R2,SKU_D,436,0,0,175
310,R2,SKU_E,539,0,0,143
310,R3,SKU_A,631,0,0,634
310,R3,SKU_B,725,0,0,214
310,R3,SKU_C,684,0,0,367
310,R3,SKU_D,582,0,0,306
310,R3,SKU_E,432,0,0,346
311,Supplier,SKU_A,0,0,0,0
311,Supplier,SKU_B,0,0,0,0
311,Supplier,SKU_C,0,0,0,0
311,Supplier,SKU_D,0,0,0,0
311,Supplier,SKU_E,0,0,0,0
311,W1,SKU_A,1697,0,0,1365
311,W1,SKU_B,964,0,0,747
311,W1,SKU_C,972,0,0,833
311,W1,SKU_D,271,0,0,705
311,W1,SKU_E,0,0,91,589
311,W2,SKU_A,2235,0,0,944
311,W2,SKU_B,1403,0,0,351
311,W2,SKU_C,1891,0,0,568
311,W2,SKU_D,0,0,344,532
311,W2,SKU_E,344,0,0,511
311,R1,SKU_A,801,0,0,442
311,R1,SKU_B,336,0,0,264
311,R1,SKU_C,493,0,0,345
311,R1,SKU_D,213,0,0,214
311,R1,SKU_E,199,0,0,156
311,R2,SKU_A,157,0,0,309
311,R2,SKU_B,297,0,0,178
311,R2,SKU_C,332,0,0,153
311,R2,SKU_D,387,0,0,175
311,R2,SKU_E,478,0,0,143
311,R3,SKU_A,476,0,0,634
311,R3,SKU_B,668,0,0,214
311,R3,SKU_C,602,0,0,367
311,R3,SKU_D,497,0,0,306
311,R3,SKU_E,356,0,0,346
312,Supplier,SKU_A,0,0,0,0
312,Supplier,SKU_B,0,0,0,0
312,Supplier,SKU_C,0,0,0,0
312,Supplier,SKU_D,0,0,0,0
312,Supplier,SKU_E,0,0,0,0
312,W1,SKU_A,1470,0,0,1365
312,W1,SKU_B,883,0,0,747
312,W1,SKU_C,855,0,0,833
312,W1,SKU_D,178,0,0,705
312,W1,SKU_E,0,0,193,589
312,W2,SKU_A,2080,0,0,944
312,W2,SKU_B,1346,0,0,351
312,W2,SKU_C,1809,0,0,568
312,W2,SKU_D,0,0,429,532
312,W2,SKU_E,268,0,0,511
312,R1,SKU_A,1106,0,0,0
312,R1,SKU_B,526,0,0,0
312,R1,SKU_C,746,0,0,0
312,R1,SKU_D,364,0,0,0
312,R1,SKU_E,302,0,0,0
312,R2,SKU_A,60,0,0,309
312,R2,SKU_B,254,0,0,178
312,R2,SKU_C,283,0,0,153
312,R2,SKU_D,334,0,0,175
312,R2,SKU_E,414,0,0,143
312,R3,SKU_A,284,0,0,1137
312,R3,SKU_B,577,0,0,398
312,R3,SKU_C,481,0,0,654
312,R3,SKU_D,407,0,0,581
312,R3,SKU_E,275,0,0,587
313,Supplier,SKU_A,0,0,0,0
313,Supplier,SKU_B,0,0,0,0
313,Supplier,SKU_C,0,0,0,0
313,Supplier,SKU_D,0,0,0,0
313,Supplier,SKU_E,0,0,0,0
313,W1,SKU_A,1850,0,0,751
313,W1,SKU_B,1071,0,0,442
313,W1,SKU_C,1049,0,0,498
313,W1,SKU_D,378,0,0,389
313,W1,SKU_E,0,0,20,299
313,W2,SKU_A,1888,0,0,1447
313,W2,SKU_B,1255,0,0,535
313,W2,SKU_C,1688,0,0,855
313,W2,SKU_D,0,0,519,772
313,W2,SKU_E,187,0,0,752
313,R1,SKU_A,997,0,0,378
313,R1,SKU_B,461,0,0,162
313,R1,SKU_C,665,0,0,219
313,R1,SKU_D,306,0,0,146
313,R1,SKU_E,238,0,0,139
313,R2,SKU_A,279,0,0,297
313,R2,SKU_B,395,0,0,134
313,R2,SKU_C,410,0,0,136
313,R2,SKU_D,455,0,0,156
313,R2,SKU_E,500,0,0,166
313,R3,SKU_A,733,0,0,503
313,R3,SKU_B,702,0,0,184
313,R3,SKU_C,749,0,0,287
313,R3,SKU_D,603,0,0,275
313,R3,SKU_E,520,0,0,241
314,Supplier,SKU_A,0,0,0,0
314,Supplier,SKU_B,0,0,0,0
314,Supplier,SKU_C,0,0,0,0
314,Supplier,SKU_D,0,0,0,0
314,Supplier,SKU_E,0,0,0,0
314,W1,SKU_A,1651,0,0,1426
314,W1,SKU_B,969,0,0,738
314,W1,SKU_C,942,0,0,853
314,W1,SKU_D,266,0,0,691
314,W1,SKU_E,0,0,141,624
314,W2,SKU_A,2171,0,0,979
314,W2,SKU_B,1363,0,0,338
314,W2,SKU_C,1898,0,0,546
314,W2,SKU_D,0,0,342,485
314,W2,SKU_E,352,0,0,486
314,R1,SKU_A,837,0,0,378
314,R1,SKU_B,372,0,0,162
314,R1,SKU_C,545,0,0,219
314,R1,SKU_D,232,0,0,146
314,R1,SKU_E,176,0,0,139
314,R2,SKU_A,184,0,0,297
314,R2,SKU_B,326,0,0,134
314,R2,SKU_C,359,0,0,136
314,R2,SKU_D,373,0,0,156
314,R2,SKU_E,440,0,0,166
314,R3,SKU_A,531,0,0,503
314,R3,SKU_B,625,0,0,184
314,R3,SKU_C,611,0,0,287
314,R3,SKU_D,486,0,0,275
314,R3,SKU_E,393,0,0,241
315,Supplier,SKU_A,0,0,0,0
315,Supplier,SKU_B,0,0,0,0
315,Supplier,SKU_C,0,0,0,0
315,Supplier,SKU_D,0,0,0,0
315,Supplier,SKU_E,0,0,0,0
315,W1,SKU_A,1396,0,0,1426
315,W1,SKU_B,811,0,0,738
315,W1,SKU_C,771,0,0,853
315,W1,SKU_D,110,0,0,691
315,W1,SKU_E,0,0,263,624
315,W2,SKU_A,1969,0,0,1356
315,W2,SKU_B,1286,0,0,518
315,W2,SKU_C,1760,0,0,766
315,W2,SKU_D,0,0,459,685
315,W2,SKU_E,225,0,0,668
315,R1,SKU_A,1031,0,0,0
315,R1,SKU_B,443,0,0,0
315,R1,SKU_C,617,0,0,0
315,R1,SKU_D,279,0,0,0
315,R1,SKU_E,249,0,0,0
315,R2,SKU_A,76,0,0,297
315,R2,SKU_B,270,0,0,134
315,R2,SKU_C,291,0,0,136
315,R2,SKU_D,315,0,0,156
315,R2,SKU_E,374,0,0,166
315,R3,SKU_A,308,0,0,1082
315,R3,SKU_B,561,0,0,441
315,R3,SKU_C,442,0,0,645
315,R3,SKU_D,396,0,0,562
315,R3,SKU_E,303,0,0,550
316,Supplier,SKU_A,0,0,0,0
316,Supplier,SKU_B,0,0,0,0
316,Supplier,SKU_C,0,0,0,0
316,Supplier,SKU_D,0,0,0,0
316,Supplier,SKU_E,0,0,0,0
316,W1,SKU_A,1855,0,0,675
316,W1,SKU_B,1106,0,0,296
316,W1,SKU_C,1054,0,0,355
316,W1,SKU_D,342,0,0,302
316,W1,SKU_E,0,0,96,325
316,W2,SKU_A,2222,0,0,880
316,W2,SKU_B,1376,0,0,364
316,W2,SKU_C,1850,0,0,507
316,W2,SKU_D,0,0,304,440
316,W2,SKU_E,380,0,0,423
316,R1,SKU_A,917,0,0,453
316,R1,SKU_B,399,0,0,245
316,R1,SKU_C,560,0,0,348
316,R1,SKU_D,224,0,0,231
316,R1,SKU_E,198,0,0,192
316,R2,SKU_A,268,0,0,293
316,R2,SKU_B,353,0,0,162
316,R2,SKU_C,387,0,0,145
316,R2,SKU_D,420,0,0,194
316,R2,SKU_E,483,0,0,107
316,R3,SKU_A,647,0,0,579
316,R3,SKU_B,662,0,0,257
316,R3,SKU_C,643,0,0,358
316,R3,SKU_D,570,0,0,287
316,R3,SKU_E,458,0,0,309
317,Supplier,SKU_A,0,0,0,0
317,Supplier,SKU_B,0,0,0,0
317,Supplier,SKU_C,0,0,0,0
317,Supplier,SKU_D,0,0,0,0
317,Supplier,SKU_E,0,0,0,0
317,W1,SKU_A,1636,0,0,1421
317,W1,SKU_B,1011,0,0,703
317,W1,SKU_C,957,0,0,848
317,W1,SKU_D,236,0,0,727
317,W1,SKU_E,0,0,204,700
317,W2,SKU_A,2058,0,0,1305
317,W2,SKU_B,1293,0,0,505
317,W2,SKU_C,1764,0,0,814
317,W2,SKU_D,0,0,405,647
317,W2,SKU_E,294,0,0,640
317,R1,SKU_A,809,0,0,453
317,R1,SKU_B,351,0,0,245
317,R1,SKU_C,498,0,0,348
317,R1,SKU_D,166,0,0,231
317,R1,SKU_E,158,0,0,192
317,R2,SKU_A,178,0,0,293
317,R2,SKU_B,305,0,0,162
317,R2,SKU_C,337,0,0,145
317,R2,SKU_D,382,0,0,194
317,R2,SKU_E,424,0,0,107
317,R3,SKU_A,491,0,0,579
317,R3,SKU_B,601,0,0,257
317,R3,SKU_C,576,0,0,358
317,R3,SKU_D,505,0,0,287
317,R3,SKU_E,366,0,0,309
318,Supplier,SKU_A,0,0,0,0
318,Supplier,SKU_B,0,0,0,0
318,Supplier,SKU_C,0,0,0,0
318,Supplier,SKU_D,0,0,0,0
318,Supplier,SKU_E,0,0,0,0
318,W1,SKU_A,1438,0,0,1421
318,W1,SKU_B,915,0,0,703
318,W1,SKU_C,845,0,0,848
318,W1,SKU_D,140,0,0,727
318,W1,SKU_E,0,0,303,700
318,W2,SKU_A,1902,0,0,1305
318,W2,SKU_B,1232,0,0,505
318,W2,SKU_C,1697,0,0,814
318,W2,SKU_D,0,0,470,647
318,W2,SKU_E,202,0,0,640
318,R1,SKU_A,1146,0,0,0
318,R1,SKU_B,534,0,0,0
318,R1,SKU_C,780,0,0,0
318,R1,SKU_D,352,0,0,0
318,R1,SKU_E,308,0,0,0
318,R2,SKU_A,91,0,0,293
318,R2,SKU_B,249,0,0,162
318,R2,SKU_C,308,0,0,145
318,R2,SKU_D,337,0,0,194
318,R2,SKU_E,365,0,0,107
318,R3,SKU_A,327,0,0,1122
318,R3,SKU_B,534,0,0,465
318,R3,SKU_C,506,0,0,680
318,R3,SKU_D,434,0,0,532
318,R3,SKU_E,287,0,0,577
319,Supplier,SKU_A,0,0,0,0
319,Supplier,SKU_B,0,0,0,0
319,Supplier,SKU_C,0,0,0,0
319,Supplier,SKU_D,0,0,0,0
319,Supplier,SKU_E,0,0,0,0
319,W1,SKU_A,1910,0,0,746
319,W1,SKU_B,1093,0,0,407
319,W1,SKU_C,1105,0,0,493
319,W1,SKU_D,352,0,0,425
319,W1,SKU_E,0,0,79,375
319,W2,SKU_A,2241,0,0,802
319,W2,SKU_B,1349,0,0,321
319,W2,SKU_C,1914,0,0,527
319,W2,SKU_D,0,0,301,407
319,W2,SKU_E,364,0,0,399
319,R1,SKU_A,1008,0,0,338
319,R1,SKU_B,477,0,0,154
319,R1,SKU_C,695,0,0,185
319,R1,SKU_D,288,0,0,158
319,R1,SKU_E,250,0,0,133
319,R2,SKU_A,298,0,0,282
319,R2,SKU_B,368,0,0,155
319,R2,SKU_C,404,0,0,119
319,R2,SKU_D,501,0,0,134
319,R2,SKU_E,427,0,0,192
319,R3,SKU_A,728,0,0,543
319,R3,SKU_B,713,0,0,208
319,R3,SKU_C,774,0,0,322
319,R3,SKU_D,626,0,0,245
319,R3,SKU_E,505,0,0,268
320,Supplier,SKU_A,0,0,0,0
320,Supplier,SKU_B,0,0,0,0
320,Supplier,SKU_C,0,0,0,0
320,Supplier,SKU_D,0,0,0,0
320,Supplier,SKU_E,0,0,0,0
320,W1,SKU_A,1686,0,0,1366
320,W1,SKU_B,993,0,0,716
320,W1,SKU_C,971,0,0,797
320,W1,SKU_D,258,0,0,717
320,W1,SKU_E,0,0,182,683
320,W2,SKU_A,2063,0,0,1286
320,W2,SKU_B,1271,0,0,532
320,W2,SKU_C,1824,0,0,750
320,W2,SKU_D,0,0,396,644
320,W2,SKU_E,273,0,0,656
320,R1,SKU_A,892,0,0,338
320,R1,SKU_B,407,0,0,154
320,R1,SKU_C,587,0,0,185
320,R1,SKU_D,233,0,0,158
320,R1,SKU_E,195,0,0,133
320,R2,SKU_A,219,0,0,282
320,R2,SKU_B,314,0,0,155
320,R2,SKU_C,369,0,0,119
320,R2,SKU_D,454,0,0,134
320,R2,SKU_E,384,0,0,192
320,R3,SKU_A,531,0,0,543
320,R3,SKU_B,629,0,0,208
320,R3,SKU_C,644,0,0,322
320,R3,SKU_D,539,0,0,245
320,R3,SKU_E,401,0,0,268
321,Supplier,SKU_A,0,0,0,0
321,Supplier,SKU_B,0,0,0,0
321,Supplier,SKU_C,0,0,0,0
321,Supplier,SKU_D,0,0,0,0
321,Supplier,SKU_E,0,0,0,0
321,W1,SKU_A,1491,0,0,1366
321,W1,SKU_B,869,0,0,716
321,W1,SKU_C,828,0,0,797
321,W1,SKU_D,156,0,0,717
321,W1,SKU_E,0,0,280,683
321,W2,SKU_A,2243,0,0,909
321,W2,SKU_B,1367,0,0,352
321,W2,SKU_C,1914,0,0,530
321,W2,SKU_D,0,0,283,444
321,W2,SKU_E,351,0,0,474
321,R1,SKU_A,1066,0,0,0
321,R1,SKU_B,458,0,0,0
321,R1,SKU_C,633,0,0,0
321,R1,SKU_D,301,0,0,0
321,R1,SKU_E,263,0,0,0
321,R2,SKU_A,94,0,0,282
321,R2,SKU_B,260,0,0,155
321,R2,SKU_C,320,0,0,119
321,R2,SKU_D,384,0,0,134
321,R2,SKU_E,311,0,0,192
321,R3,SKU_A,312,0,0,1082
321,R3,SKU_B,525,0,0,437
321,R3,SKU_C,502,0,0,612
321,R3,SKU_D,411,0,0,685
321,R3,SKU_E,284,0,0,542
322,Supplier,SKU_A,0,0,0,0
322,Supplier,SKU_B,0,0,0,0
322,Supplier,SKU_C,0,0,0,0
322,Supplier,SKU_D,0,0,0,0
322,Supplier,SKU_E,0,0,0,0
322,W1,SKU_A,1948,0,0,620
322,W1,SKU_B,1119,0,0,309
322,W1,SKU_C,1133,0,0,304
322,W1,SKU_D,421,0,0,292
322,W1,SKU_E,0,0,43,308
322,W2,SKU_A,2024,0,0,1284
322,W2,SKU_B,1263,0,0,514
322,W2,SKU_C,1772,0,0,750
322,W2,SKU_D,0,0,411,626
322,W2,SKU_E,234,0,0,669
322,R1,SKU_A,921,0,0,418
322,R1,SKU_B,392,0,0,230
322,R1,SKU_C,511,0,0,332
322,R1,SKU_D,220,0,0,209
322,R1,SKU_E,191,0,0,178
322,R2,SKU_A,254,0,0,290
322,R2,SKU_B,376,0,0,151
322,R2,SKU_C,390,0,0,133
322,R2,SKU_D,462,0,0,147
322,R2,SKU_E,444,0,0,197
322,R3,SKU_A,641,0,0,539
322,R3,SKU_B,652,0,0,229
322,R3,SKU_C,671,0,0,290
322,R3,SKU_D,516,0,0,440
322,R3,SKU_E,462,0,0,274
323,Supplier,SKU_A,0,0,0,0
323,Supplier,SKU_B,0,0,0,0
323,Supplier,SKU_C,0,0,0,0
323,Supplier,SKU_D,0,0,0,0
323,Supplier,SKU_E,0,0,0,0
323,W1,SKU_A,1681,0,0,1328
323,W1,SKU_B,1014,0,0,690
323,W1,SKU_C,962,0,0,769
323,W1,SKU_D,284,0,0,648
323,W1,SKU_E,0,0,174,647
323,W2,SKU_A,2235,0,0,859
323,W2,SKU_B,1323,0,0,373
323,W2,SKU_C,1926,0,0,443
323,W2,SKU_D,0,0,344,419
323,W2,SKU_E,361,0,0,452
323,R1,SKU_A,791,0,0,418
323,R1,SKU_B,331,0,0,230
323,R1,SKU_C,428,0,0,332
323,R1,SKU_D,147,0,0,209
323,R1,SKU_E,136,0,0,178
323,R2,SKU_A,173,0,0,290
323,R2,SKU_B,327,0,0,151
323,R2,SKU_C,344,0,0,133
323,R2,SKU_D,411,0,0,147
323,R2,SKU_E,393,0,0,197
323,R3,SKU_A,449,0,0,539
323,R3,SKU_B,576,0,0,229
323,R3,SKU_C,550,0,0,290
323,R3,SKU_D,419,0,0,440
323,R3,SKU_E,385,0,0,274
324,Supplier,SKU_A,0,0,0,0
324,Supplier,SKU_B,0,0,0,0
324,Supplier,SKU_C,0,0,0,0
324,Supplier,SKU_D,0,0,0,0
324,Supplier,SKU_E,0,0,0,0
324,W1,SKU_A,1470,0,0,1328
324,W1,SKU_B,904,0,0,690
324,W1,SKU_C,833,0,0,769
324,W1,SKU_D,160,0,0,648
324,W1,SKU_E,0,0,280,647
324,W2,SKU_A,2043,0,0,1292
324,W2,SKU_B,1247,0,0,558
324,W2,SKU_C,1805,0,0,738
324,W2,SKU_D,0,0,441,687
324,W2,SKU_E,284,0,0,659
324,R1,SKU_A,1093,0,0,0
324,R1,SKU_B,504,0,0,0
324,R1,SKU_C,674,0,0,0
324,R1,SKU_D,306,0,0,0
324,R1,SKU_E,255,0,0,0
324,R2,SKU_A,109,0,0,290
324,R2,SKU_B,279,0,0,151
324,R2,SKU_C,310,0,0,133
324,R2,SKU_D,371,0,0,147
324,R2,SKU_E,326,0,0,197
324,R3,SKU_A,266,0,0,1164
324,R3,SKU_B,517,0,0,490
324,R3,SKU_C,417,0,0,706
324,R3,SKU_D,327,0,0,647
324,R3,SKU_E,311,0,0,558
325,Supplier,SKU_A,0,0,0,0
325,Supplier,SKU_B,0,0,0,0
325,Supplier,SKU_C,0,0,0,0
325,Supplier,SKU_D,0,0,0,0
325,Supplier,SKU_E,0,0,0,0
325,W1,SKU_A,1910,0,0,708
325,W1,SKU_B,1108,0,0,381
325,W1,SKU_C,1017,0,0,465
325,W1,SKU_D,362,0,0,356
325,W1,SKU_E,0,0,98,339
325,W2,SKU_A,1860,0,0,1292
325,W2,SKU_B,1188,0,0,558
325,W2,SKU_C,1672,0,0,738
325,W2,SKU_D,0,0,533,687
325,W2,SKU_E,210,0,0,659
325,R1,SKU_A,984,0,0,391
325,R1,SKU_B,454,0,0,184
325,R1,SKU_C,610,0,0,291
325,R1,SKU_D,252,0,0,204
325,R1,SKU_E,219,0,0,186
325,R2,SKU_A,322,0,0,267
325,R2,SKU_B,378,0,0,136
325,R2,SKU_C,383,0,0,129
325,R2,SKU_D,478,0,0,147
325,R2,SKU_E,470,0,0,122
325,R3,SKU_A,637,0,0,625
325,R3,SKU_B,685,0,0,261
325,R3,SKU_C,606,0,0,416
325,R3,SKU_D,672,0,0,207
325,R3,SKU_E,510,0,0,284
326,Supplier,SKU_A,0,0,0,0
326,Supplier,SKU_B,0,0,0,0
326,Supplier,SKU_C,0,0,0,0
326,Supplier,SKU_D,0,0,0,0
326,Supplier,SKU_E,0,0,0,0
326,W1,SKU_A,1724,0,0,1366
326,W1,SKU_B,1006,0,0,701
326,W1,SKU_C,893,0,0,885
326,W1,SKU_D,268,0,0,707
326,W1,SKU_E,0,0,187,702
326,W2,SKU_A,2176,0,0,808
326,W2,SKU_B,1338,0,0,347
326,W2,SKU_C,1794,0,0,515
326,W2,SKU_D,0,0,391,450
326,W2,SKU_E,392,0,0,402
326,R1,SKU_A,858,0,0,391
326,R1,SKU_B,406,0,0,184
326,R1,SKU_C,527,0,0,291
326,R1,SKU_D,194,0,0,204
326,R1,SKU_E,175,0,0,186
326,R2,SKU_A,230,0,0,267
326,R2,SKU_B,317,0,0,136
326,R2,SKU_C,313,0,0,129
326,R2,SKU_D,433,0,0,147
326,R2,SKU_E,423,0,0,122
326,R3,SKU_A,462,0,0,625
326,R3,SKU_B,622,0,0,261
326,R3,SKU_C,473,0,0,416
326,R3,SKU_D,605,0,0,207
326,R3,SKU_E,420,0,0,284
327,Supplier,SKU_A,0,0,0,0
327,Supplier,SKU_B,0,0,0,0
327,Supplier,SKU_C,0,0,0,0
327,Supplier,SKU_D,0,0,0,0
327,Supplier,SKU_E,0,0,0,0
327,W1,SKU_A,1506,0,0,1366
327,W1,SKU_B,897,0,0,701
327,W1,SKU_C,740,0,0,885
327,W1,SKU_D,165,0,0,707
327,W1,SKU_E,0,0,278,702
327,W2,SKU_A,2001,0,0,1351
327,W2,SKU_B,1275,0,0,543
327,W2,SKU_C,1661,0,0,870
327,W2,SKU_D,0,0,458,734
327,W2,SKU_E,302,0,0,628
327,R1,SKU_A,1132,0,0,0
327,R1,SKU_B,529,0,0,0
327,R1,SKU_C,723,0,0,0
327,R1,SKU_D,333,0,0,0
327,R1,SKU_E,319,0,0,0
327,R2,SKU_A,166,0,0,267
327,R2,SKU_B,266,0,0,136
327,R2,SKU_C,250,0,0,129
327,R2,SKU_D,386,0,0,147
327,R2,SKU_E,366,0,0,122
327,R3,SKU_A,276,0,0,1151
327,R3,SKU_B,538,0,0,444
327,R3,SKU_C,346,0,0,783
327,R3,SKU_D,489,0,0,444
327,R3,SKU_E,328,0,0,523
328,Supplier,SKU_A,0,0,0,0
328,Supplier,SKU_B,0,0,0,0
328,Supplier,SKU_C,0,0,0,0
328,Supplier,SKU_D,0,0,0,0
328,Supplier,SKU_E,0,0,0,0
328,W1,SKU_A,2033,0,0,658
328,W1,SKU_B,1166,0,0,320
328,W1,SKU_C,1047,0,0,420
328,W1,SKU_D,409,0,0,351
328,W1,SKU_E,0,0,38,363
328,W2,SKU_A,2190,0,0,976
328,W2,SKU_B,1353,0,0,381
328,W2,SKU_C,1754,0,0,650
328,W2,SKU_D,0,0,392,552
328,W2,SKU_E,405,0,0,433
328,R1,SKU_A,1003,0,0,352
328,R1,SKU_B,450,0,0,159
328,R1,SKU_C,610,0,0,242
328,R1,SKU_D,276,0,0,177
328,R1,SKU_E,263,0,0,122
328,R2,SKU_A,335,0,0,233
328,R2,SKU_B,339,0,0,164
328,R2,SKU_C,300,0,0,193
328,R2,SKU_D,468,0,0,132
328,R2,SKU_E,431,0,0,217
328,R3,SKU_A,709,0,0,526
328,R3,SKU_B,726,0,0,183
328,R3,SKU_C,616,0,0,367
328,R3,SKU_D,585,0,0,237
328,R3,SKU_E,508,0,0,239
329,Supplier,SKU_A,0,0,0,0
329,Supplier,SKU_B,0,0,0,0
329,Supplier,SKU_C,0,0,0,0
329,Supplier,SKU_D,0,0,0,0
329,Supplier,SKU_E,0,0,0,0
329,W1,SKU_A,1806,0,0,1243
329,W1,SKU_B,1024,0,0,643
329,W1,SKU_C,855,0,0,855
329,W1,SKU_D,287,0,0,660
329,W1,SKU_E,0,0,151,642
329,W2,SKU_A,1998,0,0,1337
329,W2,SKU_B,1280,0,0,528
329,W2,SKU_C,1608,0,0,910
329,W2,SKU_D,0,0,503,735
329,W2,SKU_E,301,0,0,615
329,R1,SKU_A,887,0,0,352
329,R1,SKU_B,378,0,0,159
329,R1,SKU_C,495,0,0,242
329,R1,SKU_D,216,0,0,177
329,R1,SKU_E,195,0,0,122
329,R2,SKU_A,227,0,0,233
329,R2,SKU_B,281,0,0,164
329,R2,SKU_C,236,0,0,193
329,R2,SKU_D,418,0,0,132
329,R2,SKU_E,368,0,0,217
329,R3,SKU_A,499,0,0,526
329,R3,SKU_B,647,0,0,183
329,R3,SKU_C,505,0,0,367
329,R3,SKU_D,506,0,0,237
329,R3,SKU_E,408,0,0,239
330,Supplier,SKU_A,0,0,0,0
330,Supplier,SKU_B,0,0,0,0
330,Supplier,SKU_C,0,0,0,0
330,Supplier,SKU_D,0,0,0,0
330,Supplier,SKU_E,0,0,0,0
330,W1,SKU_A,1582,0,0,1243
330,W1,SKU_B,894,0,0,643
330,W1,SKU_C,676,0,0,855
330,W1,SKU_D,177,0,0,660
330,W1,SKU_E,0,0,282,642
330,W2,SKU_A,2221,0,0,904
330,W2,SKU_B,1386,0,0,343
330,W2,SKU_C,1792,0,0,615
330,W2,SKU_D,0,0,314,467
330,W2,SKU_E,408,0,0,408
330,R1,SKU_A,1141,0,0,0
330,R1,SKU_B,500,0,0,0
330,R1,SKU_C,683,0,0,0
330,R1,SKU_D,355,0,0,0
330,R1,SKU_E,279,0,0,0
330,R2,SKU_A,160,0,0,233
330,R2,SKU_B,233,0,0,164
330,R2,SKU_C,195,0,0,193
330,R2,SKU_D,374,0,0,132
330,R2,SKU_E,335,0,0,217
330,R3,SKU_A,351,0,0,1114
330,R3,SKU_B,600,0,0,419
330,R3,SKU_C,418,0,0,751
330,R3,SKU_D,434,0,0,687
330,R3,SKU_E,319,0,0,535
331,Supplier,SKU_A,0,0,0,0
331,Supplier,SKU_B,0,0,0,0
331,Supplier,SKU_C,0,0,0,0
331,Supplier,SKU_D,0,0,0,0
331,Supplier,SKU_E,0,0,0,0
331,W1,SKU_A,2075,0,0,585
331,W1,SKU_B,1129,0,0,323
331,W1,SKU_C,1001,0,0,435
331,W1,SKU_D,446,0,0,309
331,W1,SKU_E,10,0,0,279
331,W2,SKU_A,2073,0,0,1306
331,W2,SKU_B,1339,0,0,495
331,W2,SKU_C,1705,0,0,872
331,W2,SKU_D,0,0,386,657
331,W2,SKU_E,319,0,0,612
331,R1,SKU_A,1036,0,0,343
331,R1,SKU_B,453,0,0,188
331,R1,SKU_C,625,0,0,282
331,R1,SKU_D,293,0,0,155
331,R1,SKU_E,243,0,0,162
331,R2,SKU_A,300,0,0,273
331,R2,SKU_B,339,0,0,169
331,R2,SKU_C,320,0,0,184
331,R2,SKU_D,462,0,0,159
331,R2,SKU_E,495,0,0,191
331,R3,SKU_A,740,0,0,588
331,R3,SKU_B,720,0,0,236
331,R3,SKU_C,705,0,0,384
331,R3,SKU_D,598,0,0,450
331,R3,SKU_E,465,0,0,296
332,Supplier,SKU_A,0,0,0,0
332,Supplier,SKU_B,0,0,0,0
332,Supplier,SKU_C,0,0,0,0
332,Supplier,SKU_D,0,0,0,0
332,Supplier,SKU_E,0,0,0,0
332,W1,SKU_A,1877,0,0,1201
332,W1,SKU_B,1024,0,0,680
332,W1,SKU_C,875,0,0,901
332,W1,SKU_D,340,0,0,623
332,W1,SKU_E,0,0,83,594
332,W2,SKU_A,1936,0,0,1306
332,W2,SKU_B,1276,0,0,495
332,W2,SKU_C,1625,0,0,872
332,W2,SKU_D,0,0,459,657
332,W2,SKU_E,226,0,0,612
332,R1,SKU_A,897,0,0,343
332,R1,SKU_B,395,0,0,188
332,R1,SKU_C,541,0,0,282
332,R1,SKU_D,226,0,0,155
332,R1,SKU_E,210,0,0,162
332,R2,SKU_A,209,0,0,273
332,R2,SKU_B,297,0,0,169
332,R2,SKU_C,269,0,0,184
332,R2,SKU_D,424,0,0,159
332,R2,SKU_E,442,0,0,191
332,R3,SKU_A,609,0,0,588
332,R3,SKU_B,659,0,0,236
332,R3,SKU_C,648,0,0,384
332,R3,SKU_D,528,0,0,450
332,R3,SKU_E,394,0,0,296
333,Supplier,SKU_A,0,0,0,0
333,Supplier,SKU_B,0,0,0,0
333,Supplier,SKU_C,0,0,0,0
333,Supplier,SKU_D,0,0,0,0
333,Supplier,SKU_E,0,0,0,0
333,W1,SKU_A,1647,0,0,1201
333,W1,SKU_B,924,0,0,680
333,W1,SKU_C,740,0,0,901
333,W1,SKU_D,235,0,0,623
333,W1,SKU_E,0,0,169,594
333,W2,SKU_A,2348,0,0,763
333,W2,SKU_B,1411,0,0,299
333,W2,SKU_C,1923,0,0,517
333,W2,SKU_D,0,0,245,373
333,W2,SKU_E,381,0,0,386
333,R1,SKU_A,1106,0,0,0
333,R1,SKU_B,550,0,0,0
333,R1,SKU_C,734,0,0,0
333,R1,SKU_D,310,0,0,0
333,R1,SKU_E,330,0,0,0
333,R2,SKU_A,104,0,0,273
333,R2,SKU_B,244,0,0,169
333,R2,SKU_C,227,0,0,184
333,R2,SKU_D,382,0,0,159
333,R2,SKU_E,396,0,0,191
333,R3,SKU_A,457,0,0,1004
333,R3,SKU_B,595,0,0,407
333,R3,SKU_C,561,0,0,608
333,R3,SKU_D,445,0,0,734
333,R3,SKU_E,322,0,0,549
334,Supplier,SKU_A,0,0,0,0
334,Supplier,SKU_B,0,0,0,0
334,Supplier,SKU_C,0,0,0,0
334,Supplier,SKU_D,0,0,0,0
334,Supplier,SKU_E,0,0,0,0
334,W1,SKU_A,1993,0,0,616
334,W1,SKU_B,1161,0,0,357
334,W1,SKU_C,1044,0,0,466
334,W1,SKU_D,431,0,0,314
334,W1,SKU_E,22,0,0,315
334,W2,SKU_A,2196,0,0,1179
334,W2,SKU_B,1347,0,0,470
334,W2,SKU_C,1836,0,0,741
334,W2,SKU_D,0,0,328,588
334,W2,SKU_E,309,0,0,639
334,R1,SKU_A,940,0,0,378
334,R1,SKU_B,466,0,0,138
334,R1,SKU_C,625,0,0,231
334,R1,SKU_D,223,0,0,200
334,R1,SKU_E,278,0,0,111
334,R2,SKU_A,273,0,0,289
334,R2,SKU_B,347,0,0,153
334,R2,SKU_C,338,0,0,161
334,R2,SKU_D,467,0,0,124
334,R2,SKU_E,524,0,0,156
334,R3,SKU_A,811,0,0,416
334,R3,SKU_B,727,0,0,171
334,R3,SKU_C,742,0,0,224
334,R3,SKU_D,763,0,0,284
334,R3,SKU_E,508,0,0,253
335,Supplier,SKU_A,0,0,0,0
335,Supplier,SKU_B,0,0,0,0
335,Supplier,SKU_C,0,0,0,0
335,Supplier,SKU_D,0,0,0,0
335,Supplier,SKU_E,0,0,0,0
335,W1,SKU_A,1723,0,0,1283
335,W1,SKU_B,1011,0,0,648
335,W1,SKU_C,862,0,0,858
335,W1,SKU_D,270,0,0,638
335,W1,SKU_E,0,0,93,582
335,W2,SKU_A,2323,0,0,818
335,W2,SKU_B,1390,0,0,323
335,W2,SKU_C,1893,0,0,481
335,W2,SKU_D,0,0,277,405
335,W2,SKU_E,381,0,0,457
335,R1,SKU_A,708,0,0,378
335,R1,SKU_B,354,0,0,138
335,R1,SKU_C,431,0,0,231
335,R1,SKU_D,131,0,0,200
335,R1,SKU_E,205,0,0,111
335,R2,SKU_A,134,0,0,289
335,R2,SKU_B,268,0,0,153
335,R2,SKU_C,248,0,0,161
335,R2,SKU_D,398,0,0,124
335,R2,SKU_E,447,0,0,156
335,R3,SKU_A,547,0,0,416
335,R3,SKU_B,636,0,0,171
335,R3,SKU_C,597,0,0,224
335,R3,SKU_D,596,0,0,284
335,R3,SKU_E,368,0,0,253
336,Supplier,SKU_A,0,0,0,0
336,Supplier,SKU_B,0,0,0,0
336,Supplier,SKU_C,0,0,0,0
336,Supplier,SKU_D,0,0,0,0
336,Supplier,SKU_E,0,0,0,0
336,W1,SKU_A,1352,0,0,1283
336,W1,SKU_B,820,0,0,648
336,W1,SKU_C,578,0,0,858
336,W1,SKU_D,109,0,0,638
336,W1,SKU_E,0,0,243,582
336,W2,SKU_A,2059,0,0,1204
336,W2,SKU_B,1299,0,0,491
336,W2,SKU_C,1748,0,0,771
336,W2,SKU_D,0,0,444,620
336,W2,SKU_E,241,0,0,639
336,R1,SKU_A,878,0,0,0
336,R1,SKU_B,401,0,0,0
336,R1,SKU_C,498,0,0,0
336,R1,SKU_D,225,0,0,0
336,R1,SKU_E,253,0,0,0
336,R2,SKU_A,0,19,0,289
336,R2,SKU_B,219,0,0,153
336,R2,SKU_C,163,0,0,161
336,R2,SKU_D,341,0,0,124
336,R2,SKU_E,391,0,0,156
336,R3,SKU_A,329,0,0,1066
336,R3,SKU_B,569,0,0,430
336,R3,SKU_C,464,0,0,659
336,R3,SKU_D,441,0,0,467
336,R3,SKU_E,263,0,0,575
337,Supplier,SKU_A,0,0,0,0
337,Supplier,SKU_B,0,0,0,0
337,Supplier,SKU_C,0,0,0,0
337,Supplier,SKU_D,0,0,0,0
337,Supplier,SKU_E,0,0,0,0
337,W1,SKU_A,1607,0,0,667
337,W1,SKU_B,1037,0,0,291
337,W1,SKU_C,795,0,0,392
337,W1,SKU_D,260,0,0,324
337,W1,SKU_E,0,0,47,267
337,W2,SKU_A,2243,0,0,802
337,W2,SKU_B,1384,0,0,339
337,W2,SKU_C,1872,0,0,514
337,W2,SKU_D,0,0,409,430
337,W2,SKU_E,340,0,0,435
337,R1,SKU_A,756,0,0,606
337,R1,SKU_B,367,0,0,287
337,R1,SKU_C,437,0,0,467
337,R1,SKU_D,161,0,0,285
337,R1,SKU_E,219,0,0,188
337,R2,SKU_A,186,0,0,396
337,R2,SKU_B,326,0,0,194
337,R2,SKU_C,273,0,0,248
337,R2,SKU_D,414,0,0,200
337,R2,SKU_E,499,0,0,149
337,R3,SKU_A,612,0,0,650
337,R3,SKU_B,698,0,0,259
337,R3,SKU_C,601,0,0,435
337,R3,SKU_D,650,0,0,183
337,R3,SKU_E,447,0,0,322
338,Supplier,SKU_A,0,0,0,0
338,Supplier,SKU_B,0,0,0,0
338,Supplier,SKU_C,0,0,0,0
338,Supplier,SKU_D,0,0,0,0
338,Supplier,SKU_E,0,0,0,0
338,W1,SKU_A,1401,0,0,1669
338,W1,SKU_B,957,0,0,772
338,W1,SKU_C,683,0,0,1107
338,W1,SKU_D,145,0,0,809
338,W1,SKU_E,0,0,129,651
338,W2,SKU_A,2110,0,0,1284
338,W2,SKU_B,1342,0,0,497
338,W2,SKU_C,1785,0,0,792
338,W2,SKU_D,0,0,484,752
338,W2,SKU_E,271,0,0,680
338,R1,SKU_A,666,0,0,606
338,R1,SKU_B,320,0,0,287
338,R1,SKU_C,365,0,0,467
338,R1,SKU_D,110,0,0,285
338,R1,SKU_E,176,0,0,188
338,R2,SKU_A,107,0,0,396
338,R2,SKU_B,274,0,0,194
338,R2,SKU_C,224,0,0,248
338,R2,SKU_D,382,0,0,200
338,R2,SKU_E,463,0,0,149
338,R3,SKU_A,491,0,0,650
338,R3,SKU_B,621,0,0,259
338,R3,SKU_C,537,0,0,435
338,R3,SKU_D,569,0,0,183
338,R3,SKU_E,367,0,0,322
339,Supplier,SKU_A,0,0,0,0
339,Supplier,SKU_B,0,0,0,0
339,Supplier,SKU_C,0,0,0,0
339,Supplier,SKU_D,0,0,0,0
339,Supplier,SKU_E,0,0,0,0
339,W1,SKU_A,1232,0,0,1669
339,W1,SKU_B,858,0,0,772
339,W1,SKU_C,562,0,0,1107
339,W1,SKU_D,62,0,0,809
339,W1,SKU_E,0,0,208,651
339,W2,SKU_A,1989,0,0,1284
339,W2,SKU_B,1265,0,0,497
339,W2,SKU_C,1721,0,0,792
339,W2,SKU_D,0,0,565,752
339,W2,SKU_E,191,0,0,680
339,R1,SKU_A,1171,0,0,0
339,R1,SKU_B,560,0,0,0
339,R1,SKU_C,767,0,0,0
339,R1,SKU_D,351,0,0,0
339,R1,SKU_E,325,0,0,0
339,R2,SKU_A,41,0,0,396
339,R2,SKU_B,227,0,0,194
339,R2,SKU_C,178,0,0,248
339,R2,SKU_D,343,0,0,200
339,R2,SKU_E,408,0,0,149
339,R3,SKU_A,358,0,0,1122
339,R3,SKU_B,568,0,0,445
339,R3,SKU_C,481,0,0,719
339,R3,SKU_D,497,0,0,373
339,R3,SKU_E,294,0,0,576
340,Supplier,SKU_A,0,0,0,0
340,Supplier,SKU_B,0,0,0,0
340,Supplier,SKU_C,0,0,0,0
340,Supplier,SKU_D,0,0,0,0
340,Supplier,SKU_E,0,0,0,0
340,W1,SKU_A,1732,0,0,1002
340,W1,SKU_B,1055,0,0,481
340,W1,SKU_C,843,0,0,715
340,W1,SKU_D,303,0,0,485
340,W1,SKU_E,0,0,35,384
340,W2,SKU_A,2272,0,0,868
340,W2,SKU_B,1383,0,0,326
340,W2,SKU_C,1889,0,0,568
340,W2,SKU_D,0,0,422,537
340,W2,SKU_E,371,0,0,427
340,R1,SKU_A,1062,0,0,313
340,R1,SKU_B,507,0,0,128
340,R1,SKU_C,670,0,0,198
340,R1,SKU_D,283,0,0,159
340,R1,SKU_E,290,0,0,116
340,R2,SKU_A,367,0,0,229
340,R2,SKU_B,382,0,0,145
340,R2,SKU_C,387,0,0,146
340,R2,SKU_D,511,0,0,122
340,R2,SKU_E,501,0,0,151
340,R3,SKU_A,855,0,0,472
340,R3,SKU_B,773,0,0,186
340,R3,SKU_C,817,0,0,284
340,R3,SKU_D,593,0,0,190
340,R3,SKU_E,542,0,0,254
341,Supplier,SKU_A,0,0,0,0
341,Supplier,SKU_B,0,0,0,0
341,Supplier,SKU_C,0,0,0,0
341,Supplier,SKU_D,0,0,0,0
341,Supplier,SKU_E,0,0,0,0
341,W1,SKU_A,1553,0,0,1544
341,W1,SKU_B,963,0,0,754
341,W1,SKU_C,707,0,0,1059
341,W1,SKU_D,203,0,0,766
341,W1,SKU_E,0,0,126,639
341,W2,SKU_A,2119,0,0,1255
341,W2,SKU_B,1329,0,0,498
341,W2,SKU_C,1790,0,0,775
341,W2,SKU_D,0,0,509,765
341,W2,SKU_E,297,0,0,649
341,R1,SKU_A,943,0,0,313
341,R1,SKU_B,411,0,0,128
341,R1,SKU_C,564,0,0,198
341,R1,SKU_D,213,0,0,159
341,R1,SKU_E,220,0,0,116
341,R2,SKU_A,256,0,0,229
341,R2,SKU_B,322,0,0,145
341,R2,SKU_C,327,0,0,146
341,R2,SKU_D,450,0,0,122
341,R2,SKU_E,431,0,0,151
341,R3,SKU_A,680,0,0,472
341,R3,SKU_B,698,0,0,186
341,R3,SKU_C,723,0,0,284
341,R3,SKU_D,499,0,0,190
341,R3,SKU_E,445,0,0,254
342,Supplier,SKU_A,0,0,0,0
342,Supplier,SKU_B,0,0,0,0
342,Supplier,SKU_C,0,0,0,0
342,Supplier,SKU_D,0,0,0,0
342,Supplier,SKU_E,0,0,0,0
342,W1,SKU_A,1323,0,0,1544
342,W1,SKU_B,807,0,0,754
342,W1,SKU_C,541,0,0,1059
342,W1,SKU_D,72,0,0,766
342,W1,SKU_E,0,0,266,639
342,W2,SKU_A,2330,0,0,869
342,W2,SKU_B,1422,0,0,330
342,W2,SKU_C,1986,0,0,485
342,W2,SKU_D,0,0,388,550
342,W2,SKU_E,382,0,0,467
342,R1,SKU_A,1074,0,0,0
342,R1,SKU_B,440,0,0,0
342,R1,SKU_C,602,0,0,0
342,R1,SKU_D,272,0,0,0
342,R1,SKU_E,269,0,0,0
342,R2,SKU_A,147,0,0,229
342,R2,SKU_B,246,0,0,145
342,R2,SKU_C,253,0,0,146
342,R2,SKU_D,380,0,0,122
342,R2,SKU_E,360,0,0,151
342,R3,SKU_A,486,0,0,933
342,R3,SKU_B,616,0,0,368
342,R3,SKU_C,557,0,0,533
342,R3,SKU_D,349,0,0,620
342,R3,SKU_E,331,0,0,498
343,Supplier,SKU_A,0,0,0,0
343,Supplier,SKU_B,0,0,0,0
343,Supplier,SKU_C,0,0,0,0
343,Supplier,SKU_D,0,0,0,0
343,Supplier,SKU_E,0,0,0,0
343,W1,SKU_A,2034,0,0,542
343,W1,SKU_B,1113,0,0,273
343,W1,SKU_C,1022,0,0,344
343,W1,SKU_D,387,0,0,281
343,W1,SKU_E,0,0,20,255
343,W2,SKU_A,2136,0,0,869
343,W2,SKU_B,1340,0,0,330
343,W2,SKU_C,1820,0,0,485
343,W2,SKU_D,0,0,538,550
343,W2,SKU_E,268,0,0,467
343,R1,SKU_A,895,0,0,410
343,R1,SKU_B,347,0,0,248
343,R1,SKU_C,462,0,0,363
343,R1,SKU_D,179,0,0,238
343,R1,SKU_E,194,0,0,172
343,R2,SKU_A,265,0,0,290
343,R2,SKU_B,318,0,0,175
343,R2,SKU_C,322,0,0,173
343,R2,SKU_D,448,0,0,163
343,R2,SKU_E,445,0,0,212
343,R3,SKU_A,742,0,0,461
343,R3,SKU_B,718,0,0,182
343,R3,SKU_C,703,0,0,249
343,R3,SKU_D,399,0,0,430
343,R3,SKU_E,473,0,0,244
344,Supplier,SKU_A,0,0,0,0
344,Supplier,SKU_B,0,0,0,0
344,Supplier,SKU_C,0,0,0,0
344,Supplier,SKU_D,0,0,0,0
344,Supplier,SKU_E,0,0,0,0
344,W1,SKU_A,1744,0,0,1242
344,W1,SKU_B,947,0,0,696
344,W1,SKU_C,805,0,0,880
344,W1,SKU_D,240,0,0,682
344,W1,SKU_E,0,0,161,624
344,W2,SKU_A,2402,0,0,909
344,W2,SKU_B,1414,0,0,383
344,W2,SKU_C,1960,0,0,566
344,W2,SKU_D,0,0,356,559
344,W2,SKU_E,401,0,0,507
344,R1,SKU_A,767,0,0,410
344,R1,SKU_B,284,0,0,248
344,R1,SKU_C,367,0,0,363
344,R1,SKU_D,123,0,0,238
344,R1,SKU_E,145,0,0,172
344,R2,SKU_A,174,0,0,290
344,R2,SKU_B,264,0,0,175
344,R2,SKU_C,258,0,0,173
344,R2,SKU_D,399,0,0,163
344,R2,SKU_E,389,0,0,212
344,R3,SKU_A,599,0,0,461
344,R3,SKU_B,647,0,0,182
344,R3,SKU_C,634,0,0,249
344,R3,SKU_D,307,0,0,430
344,R3,SKU_E,398,0,0,244
345,Supplier,SKU_A,0,0,0,0
345,Supplier,SKU_B,0,0,0,0
345,Supplier,SKU_C,0,0,0,0
345,Supplier,SKU_D,0,0,0,0
345,Supplier,SKU_E,0,0,0,0
345,W1,SKU_A,1525,0,0,1242
345,W1,SKU_B,830,0,0,696
345,W1,SKU_C,646,0,0,880
345,W1,SKU_D,135,0,0,682
345,W1,SKU_E,0,0,266,624
345,W2,SKU_A,2259,0,0,909
345,W2,SKU_B,1343,0,0,383
345,W2,SKU_C,1891,0,0,566
345,W2,SKU_D,0,0,448,559
345,W2,SKU_E,326,0,0,507
345,R1,SKU_A,1027,0,0,0
345,R1,SKU_B,460,0,0,0
345,R1,SKU_C,627,0,0,0
345,R1,SKU_D,294,0,0,0
345,R1,SKU_E,275,0,0,0
345,R2,SKU_A,79,0,0,290
345,R2,SKU_B,198,0,0,175
345,R2,SKU_C,202,0,0,173
345,R2,SKU_D,351,0,0,163
345,R2,SKU_E,338,0,0,212
345,R3,SKU_A,433,0,0,1014
345,R3,SKU_B,575,0,0,419
345,R3,SKU_C,542,0,0,622
345,R3,SKU_D,234,0,0,752
345,R3,SKU_E,325,0,0,545
346,Supplier,SKU_A,0,0,0,0
346,Supplier,SKU_B,0,0,0,0
346,Supplier,SKU_C,0,0,0,0
346,Supplier,SKU_D,0,0,0,0
346,Supplier,SKU_E,0,0,0,0
346,W1,SKU_A,1822,0,0,700
346,W1,SKU_B,965,0,0,423
346,W1,SKU_C,831,0,0,536
346,W1,SKU_D,301,0,0,401
346,W1,SKU_E,0,0,104,369
346,W2,SKU_A,2093,0,0,1268
346,W2,SKU_B,1271,0,0,538
346,W2,SKU_C,1799,0,0,773
346,W2,SKU_D,0,0,521,791
346,W2,SKU_E,253,0,0,694
346,R1,SKU_A,923,0,0,457
346,R1,SKU_B,409,0,0,228
346,R1,SKU_C,523,0,0,338
346,R1,SKU_D,229,0,0,216
346,R1,SKU_E,233,0,0,166
346,R2,SKU_A,259,0,0,297
346,R2,SKU_B,296,0,0,193
346,R2,SKU_C,295,0,0,197
346,R2,SKU_D,451,0,0,151
346,R2,SKU_E,494,0,0,89
346,R3,SKU_A,742,0,0,553
346,R3,SKU_B,705,0,0,237
346,R3,SKU_C,716,0,0,373
346,R3,SKU_D,587,0,0,322
346,R3,SKU_E,494,0,0,301
347,Supplier,SKU_A,0,0,0,0
347,Supplier,SKU_B,0,0,0,0
347,Supplier,SKU_C,0,0,0,0
347,Supplier,SKU_D,0,0,0,0
347,Supplier,SKU_E,0,0,0,0
347,W1,SKU_A,1608,0,0,1454
347,W1,SKU_B,837,0,0,844
347,W1,SKU_C,647,0,0,1071
347,W1,SKU_D,173,0,0,768
347,W1,SKU_E,0,0,202,708
347,W2,SKU_A,2328,0,0,881
347,W2,SKU_B,1391,0,0,366
347,W2,SKU_C,1931,0,0,566
347,W2,SKU_D,0,0,370,563
347,W2,SKU_E,400,0,0,472
347,R1,SKU_A,769,0,0,457
347,R1,SKU_B,350,0,0,228
347,R1,SKU_C,417,0,0,338
347,R1,SKU_D,164,0,0,216
347,R1,SKU_E,189,0,0,166
347,R2,SKU_A,157,0,0,297
347,R2,SKU_B,232,0,0,193
347,R2,SKU_C,234,0,0,197
347,R2,SKU_D,396,0,0,151
347,R2,SKU_E,426,0,0,89
347,R3,SKU_A,571,0,0,553
347,R3,SKU_B,649,0,0,237
347,R3,SKU_C,614,0,0,373
347,R3,SKU_D,487,0,0,322
347,R3,SKU_E,416,0,0,301
348,Supplier,SKU_A,0,0,0,0
348,Supplier,SKU_B,0,0,0,0
348,Supplier,SKU_C,0,0,0,0
348,Supplier,SKU_D,0,0,0,0
348,Supplier,SKU_E,0,0,0,0
348,W1,SKU_A,1352,0,0,1454
348,W1,SKU_B,714,0,0,844
348,W1,SKU_C,480,0,0,1071
348,W1,SKU_D,53,0,0,768
348,W1,SKU_E,0,0,314,708
348,W2,SKU_A,2157,0,0,881
348,W2,SKU_B,1335,0,0,366
348,W2,SKU_C,1829,0,0,566
348,W2,SKU_D,0,0,470,563
348,W2,SKU_E,322,0,0,472
348,R1,SKU_A,1087,0,0,0
348,R1,SKU_B,506,0,0,0
348,R1,SKU_C,657,0,0,0
348,R1,SKU_D,313,0,0,0
348,R1,SKU_E,300,0,0,0
348,R2,SKU_A,59,0,0,297
348,R2,SKU_B,176,0,0,193
348,R2,SKU_C,174,0,0,197
348,R2,SKU_D,341,0,0,151
348,R2,SKU_E,360,0,0,89
348,R3,SKU_A,399,0,0,1042
348,R3,SKU_B,574,0,0,417
348,R3,SKU_C,498,0,0,642
348,R3,SKU_D,380,0,0,550
348,R3,SKU_E,324,0,0,527
349,Supplier,SKU_A,0,0,0,0
349,Supplier,SKU_B,0,0,0,0
349,Supplier,SKU_C,0,0,0,0
349,Supplier,SKU_D,0,0,0,0
349,Supplier,SKU_E,0,0,0,0
349,W1,SKU_A,1815,0,0,754
349,W1,SKU_B,1009,0,0,421
349,W1,SKU_C,858,0,0,535
349,W1,SKU_D,332,0,0,367
349,W1,SKU_E,0,0,66,339
349,W2,SKU_A,1985,0,0,1370
349,W2,SKU_B,1260,0,0,546
349,W2,SKU_C,1713,0,0,835
349,W2,SKU_D,0,0,577,813
349,W2,SKU_E,230,0,0,698
349,R1,SKU_A,911,0,0,397
349,R1,SKU_B,397,0,0,182
349,R1,SKU_C,502,0,0,308
349,R1,SKU_D,226,0,0,197
349,R1,SKU_E,229,0,0,141
349,R2,SKU_A,233,0,0,310
349,R2,SKU_B,320,0,0,197
349,R2,SKU_C,303,0,0,201
349,R2,SKU_D,416,0,0,173
349,R2,SKU_E,383,0,0,228
349,R3,SKU_A,740,0,0,489
349,R3,SKU_B,735,0,0,180
349,R3,SKU_C,749,0,0,269
349,R3,SKU_D,567,0,0,228
349,R3,SKU_E,519,0,0,226
350,Supplier,SKU_A,0,0,0,0
350,Supplier,SKU_B,0,0,0,0
350,Supplier,SKU_C,0,0,0,0
350,Supplier,SKU_D,0,0,0,0
350,Supplier,SKU_E,0,0,0,0
350,W1,SKU_A,1516,0,0,1461
350,W1,SKU_B,851,0,0,800
350,W1,SKU_C,635,0,0,1044
350,W1,SKU_D,169,0,0,737
350,W1,SKU_E,0,0,203,670
350,W2,SKU_A,2295,0,0,848
350,W2,SKU_B,1395,0,0,335
350,W2,SKU_C,1950,0,0,476
350,W2,SKU_D,0,0,381,482
350,W2,SKU_E,409,0,0,413
350,R1,SKU_A,743,0,0,397
350,R1,SKU_B,298,0,0,182
350,R1,SKU_C,379,0,0,308
350,R1,SKU_D,137,0,0,197
350,R1,SKU_E,166,0,0,141
350,R2,SKU_A,123,0,0,310
350,R2,SKU_B,280,0,0,197
350,R2,SKU_C,235,0,0,201
350,R2,SKU_D,350,0,0,173
350,R2,SKU_E,322,0,0,228
350,R3,SKU_A,516,0,0,489
350,R3,SKU_B,673,0,0,180
350,R3,SKU_C,636,0,0,269
350,R3,SKU_D,444,0,0,228
350,R3,SKU_E,420,0,0,226
351,Supplier,SKU_A,0,0,0,0
351,Supplier,SKU_B,0,0,0,0
351,Supplier,SKU_C,0,0,0,0
351,Supplier,SKU_D,0,0,0,0
351,Supplier,SKU_E,0,0,0,0
351,W1,SKU_A,1238,0,0,1461
351,W1,SKU_B,712,0,0,800
351,W1,SKU_C,444,0,0,1044
351,W1,SKU_D,14,0,0,737
351,W1,SKU_E,0,0,327,670
351,W2,SKU_A,2071,0,0,1232
351,W2,SKU_B,1333,0,0,486
351,W2,SKU_C,1837,0,0,714
351,W2,SKU_D,0,0,504,724
351,W2,SKU_E,310,0,0,611
351,R1,SKU_A,1018,0,0,0
351,R1,SKU_B,422,0,0,0
351,R1,SKU_C,609,0,0,0
351,R1,SKU_D,283,0,0,0
351,R1,SKU_E,260,0,0,0
351,R2,SKU_A,20,0,0,310
351,R2,SKU_B,237,0,0,197
351,R2,SKU_C,165,0,0,201
351,R2,SKU_D,269,0,0,173
351,R2,SKU_E,262,0,0,228
351,R3,SKU_A,360,0,0,1097
351,R3,SKU_B,618,0,0,393
351,R3,SKU_C,530,0,0,620
351,R3,SKU_D,365,0,0,559
351,R3,SKU_E,326,0,0,523
352,Supplier,SKU_A,0,0,0,0
352,Supplier,SKU_B,0,0,0,0
352,Supplier,SKU_C,0,0,0,0
352,Supplier,SKU_D,0,0,0,0
352,Supplier,SKU_E,0,0,0,0
352,W1,SKU_A,1767,0,0,707
352,W1,SKU_B,1032,0,0,379
352,W1,SKU_C,831,0,0,509
352,W1,SKU_D,249,0,0,370
352,W1,SKU_E,0,0,95,331
352,W2,SKU_A,2274,0,0,873
352,W2,SKU_B,1433,0,0,331
352,W2,SKU_C,1938,0,0,507
352,W2,SKU_D,0,0,351,492
352,W2,SKU_E,403,0,0,424
352,R1,SKU_A,915,0,0,466
352,R1,SKU_B,383,0,0,266
352,R1,SKU_C,552,0,0,356
352,R1,SKU_D,229,0,0,227
352,R1,SKU_E,222,0,0,181
352,R2,SKU_A,239,0,0,336
352,R2,SKU_B,378,0,0,132
352,R2,SKU_C,315,0,0,206
352,R2,SKU_D,398,0,0,223
352,R2,SKU_E,431,0,0,158
352,R3,SKU_A,737,0,0,608
352,R3,SKU_B,752,0,0,213
352,R3,SKU_C,712,0,0,351
352,R3,SKU_D,521,0,0,331
352,R3,SKU_E,479,0,0,297
353,Supplier,SKU_A,0,0,0,0
353,Supplier,SKU_B,0,0,0,0
353,Supplier,SKU_C,0,0,0,0
353,Supplier,SKU_D,0,0,0,0
353,Supplier,SKU_E,0,0,0,0
353,W1,SKU_A,1573,0,0,1509
353,W1,SKU_B,937,0,0,777
353,W1,SKU_C,723,0,0,1071
353,W1,SKU_D,151,0,0,820
353,W1,SKU_E,0,0,192,699
353,W2,SKU_A,2162,0,0,1253
353,W2,SKU_B,1387,0,0,448
353,W2,SKU_C,1851,0,0,726
353,W2,SKU_D,0,0,423,694
353,W2,SKU_E,330,0,0,617
353,R1,SKU_A,803,0,0,466
353,R1,SKU_B,333,0,0,266
353,R1,SKU_C,462,0,0,356
353,R1,SKU_D,176,0,0,227
353,R1,SKU_E,182,0,0,181
353,R2,SKU_A,164,0,0,336
353,R2,SKU_B,312,0,0,132
353,R2,SKU_C,260,0,0,206
353,R2,SKU_D,359,0,0,223
353,R2,SKU_E,395,0,0,158
353,R3,SKU_A,581,0,0,608
353,R3,SKU_B,703,0,0,213
353,R3,SKU_C,634,0,0,351
353,R3,SKU_D,464,0,0,331
353,R3,SKU_E,407,0,0,297
354,Supplier,SKU_A,0,0,0,0
354,Supplier,SKU_B,0,0,0,0
354,Supplier,SKU_C,0,0,0,0
354,Supplier,SKU_D,0,0,0,0
354,Supplier,SKU_E,0,0,0,0
354,W1,SKU_A,1386,0,0,1509
354,W1,SKU_B,821,0,0,777
354,W1,SKU_C,578,0,0,1071
354,W1,SKU_D,59,0,0,820
354,W1,SKU_E,0,0,268,699
354,W2,SKU_A,2006,0,0,1253
354,W2,SKU_B,1338,0,0,448
354,W2,SKU_C,1773,0,0,726
354,W2,SKU_D,0,0,480,694
354,W2,SKU_E,258,0,0,617
354,R1,SKU_A,1148,0,0,0
354,R1,SKU_B,536,0,0,0
354,R1,SKU_C,757,0,0,0
354,R1,SKU_D,355,0,0,0
354,R1,SKU_E,313,0,0,0
354,R2,SKU_A,69,0,0,336
354,R2,SKU_B,254,0,0,132
354,R2,SKU_C,215,0,0,206
354,R2,SKU_D,326,0,0,223
354,R2,SKU_E,333,0,0,158
354,R3,SKU_A,428,0,0,1032
354,R3,SKU_B,638,0,0,363
354,R3,SKU_C,558,0,0,622
354,R3,SKU_D,365,0,0,563
354,R3,SKU_E,320,0,0,536
355,Supplier,SKU_A,0,0,0,0
355,Supplier,SKU_B,0,0,0,0
355,Supplier,SKU_C,0,0,0,0
355,Supplier,SKU_D,0,0,0,0
355,Supplier,SKU_E,0,0,0,0
355,W1,SKU_A,1877,0,0,802
355,W1,SKU_B,1079,0,0,398
355,W1,SKU_C,981,0,0,562
355,W1,SKU_D,348,0,0,450
355,W1,SKU_E,0,0,49,368
355,W2,SKU_A,2342,0,0,764
355,W2,SKU_B,1453,0,0,268
355,W2,SKU_C,1966,0,0,457
355,W2,SKU_D,0,0,329,444
355,W2,SKU_E,397,0,0,391
355,R1,SKU_A,1016,0,0,336
355,R1,SKU_B,456,0,0,152
355,R1,SKU_C,672,0,0,208
355,R1,SKU_D,300,0,0,155
355,R1,SKU_E,272,0,0,128
355,R2,SKU_A,314,0,0,261
355,R2,SKU_B,305,0,0,180
355,R2,SKU_C,357,0,0,151
355,R2,SKU_D,484,0,0,116
355,R2,SKU_E,442,0,0,203
355,R3,SKU_A,863,0,0,424
355,R3,SKU_B,762,0,0,150
355,R3,SKU_C,790,0,0,271
355,R3,SKU_D,602,0,0,232
355,R3,SKU_E,505,0,0,239
356,Supplier,SKU_A,0,0,0,0
356,Supplier,SKU_B,0,0,0,0
356,Supplier,SKU_C,0,0,0,0
356,Supplier,SKU_D,0,0,0,0
356,Supplier,SKU_E,0,0,0,0
356,W1,SKU_A,1654,0,0,1399
356,W1,SKU_B,918,0,0,730
356,W1,SKU_C,832,0,0,921
356,W1,SKU_D,228,0,0,721
356,W1,SKU_E,0,0,139,653
356,W2,SKU_A,2169,0,0,1185
356,W2,SKU_B,1364,0,0,428
356,W2,SKU_C,1847,0,0,698
356,W2,SKU_D,0,0,423,672
356,W2,SKU_E,285,0,0,623
356,R1,SKU_A,850,0,0,336
356,R1,SKU_B,321,0,0,152
356,R1,SKU_C,525,0,0,208
356,R1,SKU_D,219,0,0,155
356,R1,SKU_E,206,0,0,128
356,R2,SKU_A,192,0,0,261
356,R2,SKU_B,237,0,0,180
356,R2,SKU_C,267,0,0,151
356,R2,SKU_D,403,0,0,116
356,R2,SKU_E,382,0,0,203
356,R3,SKU_A,670,0,0,424
356,R3,SKU_B,679,0,0,150
356,R3,SKU_C,668,0,0,271
356,R3,SKU_D,475,0,0,232
356,R3,SKU_E,387,0,0,239
357,Supplier,SKU_A,0,0,0,0
357,Supplier,SKU_B,0,0,0,0
357,Supplier,SKU_C,0,0,0,0
357,Supplier,SKU_D,0,0,0,0
357,Supplier,SKU_E,0,0,0,0
357,W1,SKU_A,1366,0,0,1399
357,W1,SKU_B,715,0,0,730
357,W1,SKU_C,595,0,0,921
357,W1,SKU_D,66,0,0,721
357,W1,SKU_E,0,0,265,653
357,W2,SKU_A,2360,0,0,801
357,W2,SKU_B,1432,0,0,277
357,W2,SKU_C,1963,0,0,460
357,W2,SKU_D,0,0,308,430
357,W2,SKU_E,365,0,0,425
357,R1,SKU_A,999,0,0,0
357,R1,SKU_B,343,0,0,0
357,R1,SKU_C,594,0,0,0
357,R1,SKU_D,291,0,0,0
357,R1,SKU_E,264,0,0,0
357,R2,SKU_A,60,0,0,261
357,R2,SKU_B,149,0,0,180
357,R2,SKU_C,174,0,0,151
357,R2,SKU_D,339,0,0,116
357,R2,SKU_E,310,0,0,203
357,R3,SKU_A,459,0,0,943
357,R3,SKU_B,612,0,0,387
357,R3,SKU_C,538,0,0,588
357,R3,SKU_D,355,0,0,724
357,R3,SKU_E,280,0,0,556
358,Supplier,SKU_A,0,0,0,0
358,Supplier,SKU_B,0,0,0,0
358,Supplier,SKU_C,0,0,0,0
358,Supplier,SKU_D,0,0,0,0
358,Supplier,SKU_E,0,0,0,0
358,W1,SKU_A,1849,0,0,597
358,W1,SKU_B,895,0,0,332
358,W1,SKU_C,925,0,0,359
358,W1,SKU_D,369,0,0,271
358,W1,SKU_E,0,0,39,285
358,W2,SKU_A,2149,0,0,1167
358,W2,SKU_B,1365,0,0,449
358,W2,SKU_C,1833,0,0,701
358,W2,SKU_D,0,0,428,651
358,W2,SKU_E,258,0,0,655
358,R1,SKU_A,861,0,0,485
358,R1,SKU_B,272,0,0,345
358,R1,SKU_C,513,0,0,371
358,R1,SKU_D,222,0,0,219
358,R1,SKU_E,208,0,0,177
358,R2,SKU_A,206,0,0,345
358,R2,SKU_B,263,0,0,237
358,R2,SKU_C,242,0,0,247
358,R2,SKU_D,407,0,0,210
358,R2,SKU_E,458,0,0,191
358,R3,SKU_A,745,0,0,519
358,R3,SKU_B,716,0,0,237
358,R3,SKU_C,743,0,0,317
358,R3,SKU_D,507,0,0,492
358,R3,SKU_E,440,0,0,317
359,Supplier,SKU_A,0,0,0,0
359,Supplier,SKU_B,0,0,0,0
359,Supplier,SKU_C,0,0,0,0
359,Supplier,SKU_D,0,0,0,0
359,Supplier,SKU_E,0,0,0,0
359,W1,SKU_A,1596,0,0,1427
359,W1,SKU_B,758,0,0,914
359,W1,SKU_C,761,0,0,977
359,W1,SKU_D,252,0,0,700
359,W1,SKU_E,0,0,150,643
359,W2,SKU_A,2391,0,0,787
359,W2,SKU_B,1436,0,0,332
359,W2,SKU_C,1986,0,0,482
359,W2,SKU_D,0,0,306,449
359,W2,SKU_E,372,0,0,462
359,R1,SKU_A,676,0,0,485
359,R1,SKU_B,235,0,0,345
359,R1,SKU_C,399,0,0,371
359,R1,SKU_D,144,0,0,219
359,R1,SKU_E,167,0,0,177
359,R2,SKU_A,101,0,0,345
359,R2,SKU_B,205,0,0,237
359,R2,SKU_C,174,0,0,247
359,R2,SKU_D,358,0,0,210
359,R2,SKU_E,407,0,0,191
359,R3,SKU_A,601,0,0,519
359,R3,SKU_B,658,0,0,237
359,R3,SKU_C,658,0,0,317
359,R3,SKU_D,421,0,0,492
359,R3,SKU_E,358,0,0,317
360,Supplier,SKU_A,0,0,0,0
360,Supplier,SKU_B,0,0,0,0
360,Supplier,SKU_C,0,0,0,0
360,Supplier,SKU_D,0,0,0,0
360,Supplier,SKU_E,0,0,0,0
360,W1,SKU_A,1306,0,0,1427
360,W1,SKU_B,663,0,0,914
360,W1,SKU_C,579,0,0,977
360,W1,SKU_D,125,0,0,700
360,W1,SKU_E,0,0,242,643
360,W2,SKU_A,2247,0,0,787
360,W2,SKU_B,1378,0,0,332
360,W2,SKU_C,1901,0,0,482
360,W2,SKU_D,0,0,392,449
360,W2,SKU_E,290,0,0,462
360,R1,SKU_A,1028,0,0,0
360,R1,SKU_B,530,0,0,0
360,R1,SKU_C,687,0,0,0
360,R1,SKU_D,307,0,0,0
360,R1,SKU_E,314,0,0,0
360,R2,SKU_A,3,0,0,345
360,R2,SKU_B,155,0,0,237
360,R2,SKU_C,124,0,0,247
360,R2,SKU_D,303,0,0,210
360,R2,SKU_E,359,0,0,191
360,R3,SKU_A,459,0,0,1012
360,R3,SKU_B,622,0,0,408
360,R3,SKU_C,589,0,0,598
360,R3,SKU_D,336,0,0,694
360,R3,SKU_E,294,0,0,585
361,Supplier,SKU_A,0,0,0,0
361,Supplier,SKU_B,0,0,0,0
361,Supplier,SKU_C,0,0,0,0
361,Supplier,SKU_D,0,0,0,0
361,Supplier,SKU_E,0,0,0,0
361,W1,SKU_A,1672,0,0,830
361,W1,SKU_B,895,0,0,582
361,W1,SKU_C,805,0,0,618
361,W1,SKU_D,285,0,0,429
361,W1,SKU_E,0,0,35,358
361,W2,SKU_A,2105,0,0,1280
361,W2,SKU_B,1342,0,0,503
361,W2,SKU_C,1832,0,0,763
361,W2,SKU_D,0,0,477,735
361,W2,SKU_E,226,0,0,730
361,R1,SKU_A,888,0,0,456
361,R1,SKU_B,474,0,0,158
361,R1,SKU_C,595,0,0,278
361,R1,SKU_D,249,0,0,203
361,R1,SKU_E,273,0,0,127
361,R2,SKU_A,268,0,0,318
361,R2,SKU_B,351,0,0,174
361,R2,SKU_C,313,0,0,201
361,R2,SKU_D,459,0,0,152
361,R2,SKU_E,499,0,0,158
361,R3,SKU_A,833,0,0,493
361,R3,SKU_B,787,0,0,171
361,R3,SKU_C,823,0,0,281
361,R3,SKU_D,742,0,0,202
361,R3,SKU_E,544,0,0,268
362,Supplier,SKU_A,0,0,0,0
362,Supplier,SKU_B,0,0,0,0
362,Supplier,SKU_C,0,0,0,0
362,Supplier,SKU_D,0,0,0,0
362,Supplier,SKU_E,0,0,0,0
362,W1,SKU_A,1452,0,0,1604
362,W1,SKU_B,798,0,0,914
362,W1,SKU_C,655,0,0,1097
362,W1,SKU_D,173,0,0,784
362,W1,SKU_E,0,0,127,639
362,W2,SKU_A,2381,0,0,859
362,W2,SKU_B,1430,0,0,343
362,W2,SKU_C,1990,0,0,522
362,W2,SKU_D,0,0,335,507
362,W2,SKU_E,391,0,0,498
362,R1,SKU_A,763,0,0,456
362,R1,SKU_B,399,0,0,158
362,R1,SKU_C,518,0,0,278
362,R1,SKU_D,187,0,0,203
362,R1,SKU_E,235,0,0,127
362,R2,SKU_A,182,0,0,318
362,R2,SKU_B,303,0,0,174
362,R2,SKU_C,267,0,0,201
362,R2,SKU_D,402,0,0,152
362,R2,SKU_E,446,0,0,158
362,R3,SKU_A,663,0,0,493
362,R3,SKU_B,705,0,0,171
362,R3,SKU_C,708,0,0,281
362,R3,SKU_D,635,0,0,202
362,R3,SKU_E,456,0,0,268
363,Supplier,SKU_A,0,0,0,0
363,Supplier,SKU_B,0,0,0,0
363,Supplier,SKU_C,0,0,0,0
363,Supplier,SKU_D,0,0,0,0
363,Supplier,SKU_E,0,0,0,0
363,W1,SKU_A,1241,0,0,1604
363,W1,SKU_B,675,0,0,914
363,W1,SKU_C,532,0,0,1097
363,W1,SKU_D,54,0,0,784
363,W1,SKU_E,0,0,218,639
363,W2,SKU_A,2211,0,0,859
363,W2,SKU_B,1348,0,0,343
363,W2,SKU_C,1875,0,0,522
363,W2,SKU_D,0,0,442,507
363,W2,SKU_E,303,0,0,498
363,R1,SKU_A,1061,0,0,0
363,R1,SKU_B,451,0,0,0
363,R1,SKU_C,651,0,0,0
363,R1,SKU_D,306,0,0,0
363,R1,SKU_E,295,0,0,0
363,R2,SKU_A,76,0,0,318
363,R2,SKU_B,237,0,0,174
363,R2,SKU_C,186,0,0,201
363,R2,SKU_D,345,0,0,152
363,R2,SKU_E,389,0,0,158
363,R3,SKU_A,450,0,0,950
363,R3,SKU_B,619,0,0,361
363,R3,SKU_C,525,0,0,548
363,R3,SKU_D,494,0,0,430
363,R3,SKU_E,362,0,0,487
364,Supplier,SKU_A,0,0,0,0
364,Supplier,SKU_B,0,0,0,0
364,Supplier,SKU_C,0,0,0,0
364,Supplier,SKU_D,0,0,0,0
364,Supplier,SKU_E,0,0,0,0
364,W1,SKU_A,1807,0,0,774
364,W1,SKU_B,1085,0,0,332
364,W1,SKU_C,924,0,0,479
364,W1,SKU_D,342,0,0,355
364,W1,SKU_E,16,0,0,281
364,W2,SKU_A,2364,0,0,950
364,W2,SKU_B,1434,0,0,361
364,W2,SKU_C,1933,0,0,548
364,W2,SKU_D,0,0,362,564
364,W2,SKU_E,439,0,0,487
364,R1,SKU_A,899,0,0,423
364,R1,SKU_B,365,0,0,237
364,R1,SKU_C,526,0,0,314
364,R1,SKU_D,218,0,0,204
364,R1,SKU_E,226,0,0,146
364,R2,SKU_A,273,0,0,272
364,R2,SKU_B,346,0,0,155
364,R2,SKU_C,339,0,0,185
364,R2,SKU_D,444,0,0,168
364,R2,SKU_E,494,0,0,196
364,R3,SKU_A,777,0,0,457
364,R3,SKU_B,736,0,0,190
364,R3,SKU_C,706,0,0,267
364,R3,SKU_D,615,0,0,228
364,R3,SKU_E,544,0,0,219
