t,node_id,sku,on_hand,backlog_external,backlog_children,pipeline_in
0,Supplier,SKU_A,0,0,0,0
0,Supplier,SKU_B,0,0,0,0
0,Supplier,SKU_C,0,0,0,0
0,Supplier,SKU_D,0,0,0,0
0,Supplier,SKU_E,0,0,0,0
0,W1,SKU_A,1736,0,0,0
0,W1,SKU_B,942,0,0,0
0,W1,SKU_C,1093,0,0,0
0,W1,SKU_D,825,0,0,0
0,W1,SKU_E,749,0,0,0
0,W2,SKU_A,1849,0,0,0
0,W2,SKU_B,639,0,0,0
0,W2,SKU_C,1067,0,0,0
0,W2,SKU_D,1046,0,0,0
0,W2,SKU_E,648,0,0,0
0,R1,SKU_A,453,0,0,0
0,R1,SKU_B,252,0,0,0
0,R1,SKU_C,315,0,0,0
0,R1,SKU_D,229,0,0,0
0,R1,SKU_E,164,0,0,0
0,R2,SKU_A,370,0,0,0
0,R2,SKU_B,242,0,0,0
0,R2,SKU_C,224,0,0,0
0,R2,SKU_D,172,0,0,0
0,R2,SKU_E,225,0,0,0
0,R3,SKU_A,1138,0,0,0
0,R3,SKU_B,414,0,0,0
0,R3,SKU_C,645,0,0,0
0,R3,SKU_D,669,0,0,0
0,R3,SKU_E,391,0,0,0
1,Supplier,SKU_A,0,0,0,0
1,Supplier,SKU_B,0,0,0,0
1,Supplier,SKU_C,0,0,0,0
1,Supplier,SKU_D,0,0,0,0
1,Supplier,SKU_E,0,0,0,0
1,W1,SKU_A,356,0,0,0
1,W1,SKU_B,234,0,0,0
1,W1,SKU_C,0,0,284,0
1,W1,SKU_D,472,0,0,0
1,W1,SKU_E,322,0,0,0
1,W2,SKU_A,1307,0,0,2818
1,W2,SKU_B,311,0,0,110
1,W2,SKU_C,498,0,0,1065
1,W2,SKU_D,747,0,0,0
1,W2,SKU_E,0,0,24,849
1,R1,SKU_A,359,0,0,0
1,R1,SKU_B,224,0,0,0
1,R1,SKU_C,249,0,0,0
1,R1,SKU_D,199,0,0,0
1,R1,SKU_E,137,0,0,0
1,R2,SKU_A,258,0,0,1067
1,R2,SKU_B,191,0,0,481
1,R2,SKU_C,167,0,0,394
1,R2,SKU_D,132,0,0,192
1,R2,SKU_E,187,0,0,365
1,R3,SKU_A,969,0,0,0
1,R3,SKU_B,375,0,0,0
1,R3,SKU_C,537,0,0,0
1,R3,SKU_D,596,0,0,0
1,R3,SKU_E,333,0,0,0
2,Supplier,SKU_A,0,0,0,0
2,Supplier,SKU_B,0,0,0,0
2,Supplier,SKU_C,0,0,0,0
2,Supplier,SKU_D,0,0,0,0
2,Supplier,SKU_E,0,0,0,0
2,W1,SKU_A,150,0,0,1183
2,W1,SKU_B,155,0,0,1001
2,W1,SKU_C,0,0,407,1280
2,W1,SKU_D,402,0,0,11
2,W1,SKU_E,257,0,0,1851
2,W2,SKU_A,1138,0,0,3360
2,W2,SKU_B,272,0,0,438
2,W2,SKU_C,390,0,0,1634
2,W2,SKU_D,674,0,0,88
2,W2,SKU_E,0,0,82,1521
2,R1,SKU_A,273,0,0,0
2,R1,SKU_B,199,0,0,0
2,R1,SKU_C,191,0,0,0
2,R1,SKU_D,167,0,0,0
2,R1,SKU_E,95,0,0,0
2,R2,SKU_A,175,0,0,1067
2,R2,SKU_B,148,0,0,481
2,R2,SKU_C,115,0,0,394
2,R2,SKU_D,101,0,0,192
2,R2,SKU_E,159,0,0,365
2,R3,SKU_A,773,0,0,0
2,R3,SKU_B,337,0,0,0
2,R3,SKU_C,471,0,0,0
2,R3,SKU_D,538,0,0,0
2,R3,SKU_E,267,0,0,0
3,Supplier,SKU_A,0,0,0,0
3,Supplier,SKU_B,0,0,0,0
3,Supplier,SKU_C,0,0,0,0
3,Supplier,SKU_D,0,0,0,0
3,Supplier,SKU_E,0,0,0,0
3,W1,SKU_A,0,0,19,1183
3,W1,SKU_B,87,0,0,1001
3,W1,SKU_C,0,0,517,1280
3,W1,SKU_D,339,0,0,11
3,W1,SKU_E,187,0,0,1851
3,W2,SKU_A,942,0,0,3360
3,W2,SKU_B,234,0,0,438
3,W2,SKU_C,324,0,0,1634
3,W2,SKU_D,616,0,0,88
3,W2,SKU_E,0,0,148,1521
3,R1,SKU_A,185,0,0,493
3,R1,SKU_B,170,0,0,280
3,R1,SKU_C,127,0,0,699
3,R1,SKU_D,130,0,0,223
3,R1,SKU_E,61,0,0,131
3,R2,SKU_A,85,0,0,1067
3,R2,SKU_B,93,0,0,481
3,R2,SKU_C,73,0,0,394
3,R2,SKU_D,64,0,0,192
3,R2,SKU_E,137,0,0,365
3,R3,SKU_A,627,0,0,907
3,R3,SKU_B,293,0,0,405
3,R3,SKU_C,381,0,0,743
3,R3,SKU_D,476,0,0,430
3,R3,SKU_E,218,0,0,648
4,Supplier,SKU_A,0,0,0,0
4,Supplier,SKU_B,0,0,0,0
4,Supplier,SKU_C,0,0,0,0
4,Supplier,SKU_D,0,0,0,0
4,Supplier,SKU_E,0,0,0,0
4,W1,SKU_A,0,0,197,1183
4,W1,SKU_B,3,0,0,1001
4,W1,SKU_C,0,0,623,1280
4,W1,SKU_D,265,0,0,11
4,W1,SKU_E,131,0,0,1851
4,W2,SKU_A,796,0,0,3360
4,W2,SKU_B,190,0,0,438
4,W2,SKU_C,234,0,0,1634
4,W2,SKU_D,554,0,0,88
4,W2,SKU_E,0,0,197,1521
4,R1,SKU_A,98,0,0,493
4,R1,SKU_B,129,0,0,280
4,R1,SKU_C,46,0,0,699
4,R1,SKU_D,89,0,0,223
4,R1,SKU_E,17,0,0,131
4,R2,SKU_A,1051,0,0,176
4,R2,SKU_B,511,0,0,149
4,R2,SKU_C,411,0,0,0
4,R2,SKU_D,213,0,0,108
4,R2,SKU_E,478,0,0,88
4,R3,SKU_A,446,0,0,907
4,R3,SKU_B,227,0,0,405
4,R3,SKU_C,266,0,0,743
4,R3,SKU_D,397,0,0,430
4,R3,SKU_E,154,0,0,648
5,Supplier,SKU_A,0,0,0,0
5,Supplier,SKU_B,0,0,0,0
5,Supplier,SKU_C,0,0,0,0
5,Supplier,SKU_D,0,0,0,0
5,Supplier,SKU_E,0,0,0,0
5,W1,SKU_A,0,0,385,1736
5,W1,SKU_B,0,0,101,1232
5,W1,SKU_C,0,0,760,1619
5,W1,SKU_D,181,0,0,218
5,W1,SKU_E,63,0,0,2042
5,W2,SKU_A,615,0,0,3871
5,W2,SKU_B,124,0,0,559
5,W2,SKU_C,119,0,0,1898
5,W2,SKU_D,475,0,0,281
5,W2,SKU_E,0,0,261,1694
5,R1,SKU_A,463,0,0,0
5,R1,SKU_B,332,0,0,0
5,R1,SKU_C,637,0,0,0
5,R1,SKU_D,265,0,0,0
5,R1,SKU_E,89,0,0,0
5,R2,SKU_A,943,0,0,176
5,R2,SKU_B,441,0,0,149
5,R2,SKU_C,322,0,0,0
5,R2,SKU_D,158,0,0,108
5,R2,SKU_E,423,0,0,88
5,R3,SKU_A,200,0,0,907
5,R3,SKU_B,161,0,0,405
5,R3,SKU_C,103,0,0,743
5,R3,SKU_D,296,0,0,430
5,R3,SKU_E,77,0,0,648
6,Supplier,SKU_A,0,0,0,0
6,Supplier,SKU_B,0,0,0,0
6,Supplier,SKU_C,0,0,0,0
6,Supplier,SKU_D,0,0,0,0
6,Supplier,SKU_E,0,0,0,0
6,W1,SKU_A,0,0,621,1736
6,W1,SKU_B,0,0,248,1232
6,W1,SKU_C,0,0,957,1619
6,W1,SKU_D,79,0,0,218
6,W1,SKU_E,0,0,51,2042
6,W2,SKU_A,369,0,0,3871
6,W2,SKU_B,58,0,0,559
6,W2,SKU_C,0,0,44,1898
6,W2,SKU_D,374,0,0,281
6,W2,SKU_E,0,0,338,1694
6,R1,SKU_A,297,0,0,0
6,R1,SKU_B,252,0,0,32
6,R1,SKU_C,522,0,0,0
6,R1,SKU_D,201,0,0,125
6,R1,SKU_E,22,0,0,137
6,R2,SKU_A,824,0,0,176
6,R2,SKU_B,367,0,0,149
6,R2,SKU_C,218,0,0,0
6,R2,SKU_D,110,0,0,108
6,R2,SKU_E,356,0,0,88
6,R3,SKU_A,0,56,0,1480
6,R3,SKU_B,102,0,0,581
6,R3,SKU_C,0,46,0,1067
6,R3,SKU_D,193,0,0,672
6,R3,SKU_E,0,50,0,648
7,Supplier,SKU_A,0,0,0,0
7,Supplier,SKU_B,0,0,0,0
7,Supplier,SKU_C,0,0,0,0
7,Supplier,SKU_D,0,0,0,0
7,Supplier,SKU_E,0,0,0,0
7,W1,SKU_A,277,0,0,553
7,W1,SKU_B,599,0,0,231
7,W1,SKU_C,104,0,0,339
7,W1,SKU_D,0,0,22,207
7,W1,SKU_E,1666,0,0,191
7,W2,SKU_A,2931,0,0,1053
7,W2,SKU_B,109,0,0,449
7,W2,SKU_C,872,0,0,833
7,W2,SKU_D,271,0,0,281
7,W2,SKU_E,384,0,0,845
7,R1,SKU_A,161,0,0,0
7,R1,SKU_B,174,0,0,32
7,R1,SKU_C,400,0,0,0
7,R1,SKU_D,138,0,0,125
7,R1,SKU_E,0,38,0,137
7,R2,SKU_A,875,0,0,437
7,R2,SKU_B,450,0,0,207
7,R2,SKU_C,137,0,0,684
7,R2,SKU_D,177,0,0,124
7,R2,SKU_E,389,0,0,146
7,R3,SKU_A,611,0,0,573
7,R3,SKU_B,411,0,0,176
7,R3,SKU_C,555,0,0,324
7,R3,SKU_D,518,0,0,242
7,R3,SKU_E,501,0,0,0
8,Supplier,SKU_A,0,0,0,0
8,Supplier,SKU_B,0,0,0,0
8,Supplier,SKU_C,0,0,0,0
8,Supplier,SKU_D,0,0,0,0
8,Supplier,SKU_E,0,0,0,0
8,W1,SKU_A,16,0,0,1262
8,W1,SKU_B,455,0,0,636
8,W1,SKU_C,0,0,99,892
8,W1,SKU_D,0,0,126,505
8,W1,SKU_E,1551,0,0,507
8,W2,SKU_A,3233,0,0,1194
8,W2,SKU_B,341,0,0,312
8,W2,SKU_C,1299,0,0,691
8,W2,SKU_D,254,0,0,476
8,W2,SKU_E,959,0,0,441
8,R1,SKU_A,63,0,0,0
8,R1,SKU_B,154,0,0,0
8,R1,SKU_C,339,0,0,0
8,R1,SKU_D,228,0,0,0
8,R1,SKU_E,53,0,0,0
8,R2,SKU_A,770,0,0,437
8,R2,SKU_B,394,0,0,207
8,R2,SKU_C,86,0,0,684
8,R2,SKU_D,148,0,0,124
8,R2,SKU_E,347,0,0,146
8,R3,SKU_A,432,0,0,573
8,R3,SKU_B,346,0,0,176
8,R3,SKU_C,445,0,0,324
8,R3,SKU_D,441,0,0,242
8,R3,SKU_E,429,0,0,0
9,Supplier,SKU_A,0,0,0,0
9,Supplier,SKU_B,0,0,0,0
9,Supplier,SKU_C,0,0,0,0
9,Supplier,SKU_D,0,0,0,0
9,Supplier,SKU_E,0,0,0,0
9,W1,SKU_A,0,0,187,1262
9,W1,SKU_B,347,0,0,636
9,W1,SKU_C,0,0,211,892
9,W1,SKU_D,0,0,190,505
9,W1,SKU_E,1463,0,0,507
9,W2,SKU_A,3054,0,0,1194
9,W2,SKU_B,276,0,0,312
9,W2,SKU_C,1189,0,0,691
9,W2,SKU_D,177,0,0,476
9,W2,SKU_E,887,0,0,441
9,R1,SKU_A,0,32,0,621
9,R1,SKU_B,124,0,0,325
9,R1,SKU_C,291,0,0,596
9,R1,SKU_D,194,0,0,64
9,R1,SKU_E,18,0,0,173
9,R2,SKU_A,665,0,0,437
9,R2,SKU_B,358,0,0,207
9,R2,SKU_C,30,0,0,684
9,R2,SKU_D,95,0,0,124
9,R2,SKU_E,303,0,0,146
9,R3,SKU_A,303,0,0,1248
9,R3,SKU_B,282,0,0,396
9,R3,SKU_C,357,0,0,769
9,R3,SKU_D,370,0,0,527
9,R3,SKU_E,361,0,0,634
10,Supplier,SKU_A,0,0,0,0
10,Supplier,SKU_B,0,0,0,0
10,Supplier,SKU_C,0,0,0,0
10,Supplier,SKU_D,0,0,0,0
10,Supplier,SKU_E,0,0,0,0
10,W1,SKU_A,166,0,0,709
10,W1,SKU_B,512,0,0,405
10,W1,SKU_C,24,0,0,553
10,W1,SKU_D,0,0,70,298
10,W1,SKU_E,1575,0,0,316
10,W2,SKU_A,2925,0,0,1194
10,W2,SKU_B,212,0,0,312
10,W2,SKU_C,1101,0,0,691
10,W2,SKU_D,106,0,0,476
10,W2,SKU_E,819,0,0,441
10,R1,SKU_A,0,143,0,621
10,R1,SKU_B,94,0,0,325
10,R1,SKU_C,210,0,0,596
10,R1,SKU_D,151,0,0,64
10,R1,SKU_E,0,13,0,173
10,R2,SKU_A,1000,0,0,335
10,R2,SKU_B,519,0,0,158
10,R2,SKU_C,664,0,0,188
10,R2,SKU_D,189,0,0,75
10,R2,SKU_E,408,0,0,141
10,R3,SKU_A,676,0,0,675
10,R3,SKU_B,401,0,0,220
10,R3,SKU_C,593,0,0,445
10,R3,SKU_D,538,0,0,285
10,R3,SKU_E,291,0,0,634
11,Supplier,SKU_A,0,0,0,0
11,Supplier,SKU_B,0,0,0,0
11,Supplier,SKU_C,0,0,0,0
11,Supplier,SKU_D,0,0,0,0
11,Supplier,SKU_E,0,0,0,0
11,W1,SKU_A,0,0,47,1373
11,W1,SKU_B,436,0,0,723
11,W1,SKU_C,0,0,107,972
11,W1,SKU_D,0,0,143,553
11,W1,SKU_E,1503,0,0,598
11,W2,SKU_A,3236,0,0,1231
11,W2,SKU_B,276,0,0,416
11,W2,SKU_C,1277,0,0,767
11,W2,SKU_D,225,0,0,536
11,W2,SKU_E,922,0,0,505
11,R1,SKU_A,382,0,0,0
11,R1,SKU_B,374,0,0,0
11,R1,SKU_C,742,0,0,0
11,R1,SKU_D,175,0,0,0
11,R1,SKU_E,110,0,0,0
11,R2,SKU_A,903,0,0,335
11,R2,SKU_B,485,0,0,158
11,R2,SKU_C,625,0,0,188
11,R2,SKU_D,160,0,0,75
11,R2,SKU_E,361,0,0,141
11,R3,SKU_A,492,0,0,675
11,R3,SKU_B,319,0,0,220
11,R3,SKU_C,480,0,0,445
11,R3,SKU_D,452,0,0,285
11,R3,SKU_E,192,0,0,634
12,Supplier,SKU_A,0,0,0,0
12,Supplier,SKU_B,0,0,0,0
12,Supplier,SKU_C,0,0,0,0
12,Supplier,SKU_D,0,0,0,0
12,Supplier,SKU_E,0,0,0,0
12,W1,SKU_A,0,0,240,1373
12,W1,SKU_B,357,0,0,723
12,W1,SKU_C,0,0,210,972
12,W1,SKU_D,0,0,212,553
12,W1,SKU_E,1406,0,0,598
12,W2,SKU_A,3052,0,0,1231
12,W2,SKU_B,194,0,0,416
12,W2,SKU_C,1164,0,0,767
12,W2,SKU_D,139,0,0,536
12,W2,SKU_E,823,0,0,505
12,R1,SKU_A,242,0,0,288
12,R1,SKU_B,304,0,0,105
12,R1,SKU_C,671,0,0,151
12,R1,SKU_D,137,0,0,132
12,R1,SKU_E,58,0,0,116
12,R2,SKU_A,796,0,0,335
12,R2,SKU_B,403,0,0,158
12,R2,SKU_C,573,0,0,188
12,R2,SKU_D,111,0,0,75
12,R2,SKU_E,305,0,0,141
12,R3,SKU_A,274,0,0,1188
12,R3,SKU_B,246,0,0,423
12,R3,SKU_C,321,0,0,734
12,R3,SKU_D,358,0,0,516
12,R3,SKU_E,100,0,0,871
13,Supplier,SKU_A,0,0,0,0
13,Supplier,SKU_B,0,0,0,0
13,Supplier,SKU_C,0,0,0,0
13,Supplier,SKU_D,0,0,0,0
13,Supplier,SKU_E,0,0,0,0
13,W1,SKU_A,222,0,0,664
13,W1,SKU_B,610,0,0,318
13,W1,SKU_C,220,0,0,419
13,W1,SKU_D,0,0,1,255
13,W1,SKU_E,1614,0,0,282
13,W2,SKU_A,2834,0,0,1231
13,W2,SKU_B,121,0,0,416
13,W2,SKU_C,1005,0,0,767
13,W2,SKU_D,45,0,0,536
13,W2,SKU_E,731,0,0,505
13,R1,SKU_A,87,0,0,288
13,R1,SKU_B,215,0,0,105
13,R1,SKU_C,569,0,0,151
13,R1,SKU_D,69,0,0,132
13,R1,SKU_E,0,12,0,116
13,R2,SKU_A,998,0,0,306
13,R2,SKU_B,499,0,0,162
13,R2,SKU_C,691,0,0,141
13,R2,SKU_D,132,0,0,177
13,R2,SKU_E,389,0,0,144
13,R3,SKU_A,662,0,0,513
13,R3,SKU_B,350,0,0,203
13,R3,SKU_C,552,0,0,289
13,R3,SKU_D,505,0,0,231
13,R3,SKU_E,607,0,0,237
14,Supplier,SKU_A,0,0,0,0
14,Supplier,SKU_B,0,0,0,0
14,Supplier,SKU_C,0,0,0,0
14,Supplier,SKU_D,0,0,0,0
14,Supplier,SKU_E,0,0,0,0
14,W1,SKU_A,0,0,66,1317
14,W1,SKU_B,459,0,0,625
14,W1,SKU_C,48,0,0,776
14,W1,SKU_D,0,0,123,484
14,W1,SKU_E,1487,0,0,559
14,W2,SKU_A,3230,0,0,1150
14,W2,SKU_B,196,0,0,437
14,W2,SKU_C,1218,0,0,700
14,W2,SKU_D,190,0,0,507
14,W2,SKU_E,872,0,0,498
14,R1,SKU_A,226,0,0,0
14,R1,SKU_B,249,0,0,0
14,R1,SKU_C,626,0,0,0
14,R1,SKU_D,141,0,0,0
14,R1,SKU_E,26,0,0,0
14,R2,SKU_A,869,0,0,306
14,R2,SKU_B,450,0,0,162
14,R2,SKU_C,640,0,0,141
14,R2,SKU_D,87,0,0,177
14,R2,SKU_E,336,0,0,144
14,R3,SKU_A,348,0,0,513
14,R3,SKU_B,291,0,0,203
14,R3,SKU_C,425,0,0,289
14,R3,SKU_D,412,0,0,231
14,R3,SKU_E,531,0,0,237
15,Supplier,SKU_A,0,0,0,0
15,Supplier,SKU_B,0,0,0,0
15,Supplier,SKU_C,0,0,0,0
15,Supplier,SKU_D,0,0,0,0
15,Supplier,SKU_E,0,0,0,0
15,W1,SKU_A,0,0,344,1317
15,W1,SKU_B,339,0,0,625
15,W1,SKU_C,0,0,97,776
15,W1,SKU_D,0,0,228,484
15,W1,SKU_E,1356,0,0,559
15,W2,SKU_A,2916,0,0,1150
15,W2,SKU_B,137,0,0,437
15,W2,SKU_C,1091,0,0,700
15,W2,SKU_D,97,0,0,507
15,W2,SKU_E,796,0,0,498
15,R1,SKU_A,85,0,0,391
15,R1,SKU_B,215,0,0,230
15,R1,SKU_C,550,0,0,342
15,R1,SKU_D,80,0,0,121
15,R1,SKU_E,0,23,0,200
15,R2,SKU_A,774,0,0,306
15,R2,SKU_B,407,0,0,162
15,R2,SKU_C,593,0,0,141
15,R2,SKU_D,45,0,0,177
15,R2,SKU_E,292,0,0,144
15,R3,SKU_A,144,0,0,1332
15,R3,SKU_B,235,0,0,451
15,R3,SKU_C,324,0,0,789
15,R3,SKU_D,324,0,0,556
15,R3,SKU_E,467,0,0,532
16,Supplier,SKU_A,0,0,0,0
16,Supplier,SKU_B,0,0,0,0
16,Supplier,SKU_C,0,0,0,0
16,Supplier,SKU_D,0,0,0,0
16,Supplier,SKU_E,0,0,0,0
16,W1,SKU_A,84,0,0,653
16,W1,SKU_B,580,0,0,307
16,W1,SKU_C,199,0,0,357
16,W1,SKU_D,0,0,76,229
16,W1,SKU_E,1545,0,0,277
16,W2,SKU_A,2712,0,0,1751
16,W2,SKU_B,81,0,0,612
16,W2,SKU_C,990,0,0,1041
16,W2,SKU_D,9,0,0,738
16,W2,SKU_E,732,0,0,701
16,R1,SKU_A,0,36,0,391
16,R1,SKU_B,188,0,0,230
16,R1,SKU_C,497,0,0,342
16,R1,SKU_D,50,0,0,121
16,R1,SKU_E,0,60,0,200
16,R2,SKU_A,992,0,0,357
16,R2,SKU_B,523,0,0,154
16,R2,SKU_C,692,0,0,168
16,R2,SKU_D,182,0,0,66
16,R2,SKU_E,398,0,0,154
16,R3,SKU_A,484,0,0,819
16,R3,SKU_B,382,0,0,248
16,R3,SKU_C,527,0,0,500
16,R3,SKU_D,472,0,0,325
16,R3,SKU_E,641,0,0,295
17,Supplier,SKU_A,0,0,0,0
17,Supplier,SKU_B,0,0,0,0
17,Supplier,SKU_C,0,0,0,0
17,Supplier,SKU_D,0,0,0,0
17,Supplier,SKU_E,0,0,0,0
17,W1,SKU_A,0,0,125,1455
17,W1,SKU_B,507,0,0,655
17,W1,SKU_C,104,0,0,797
17,W1,SKU_D,0,0,146,559
17,W1,SKU_E,1470,0,0,628
17,W2,SKU_A,3087,0,0,1203
17,W2,SKU_B,250,0,0,387
17,W2,SKU_C,1244,0,0,701
17,W2,SKU_D,179,0,0,485
17,W2,SKU_E,906,0,0,464
17,R1,SKU_A,219,0,0,0
17,R1,SKU_B,391,0,0,0
17,R1,SKU_C,773,0,0,0
17,R1,SKU_D,128,0,0,0
17,R1,SKU_E,105,0,0,0
17,R2,SKU_A,902,0,0,357
17,R2,SKU_B,469,0,0,154
17,R2,SKU_C,659,0,0,168
17,R2,SKU_D,135,0,0,66
17,R2,SKU_E,360,0,0,154
17,R3,SKU_A,329,0,0,819
17,R3,SKU_B,326,0,0,248
17,R3,SKU_C,452,0,0,500
17,R3,SKU_D,396,0,0,325
17,R3,SKU_E,571,0,0,295
18,Supplier,SKU_A,0,0,0,0
18,Supplier,SKU_B,0,0,0,0
18,Supplier,SKU_C,0,0,0,0
18,Supplier,SKU_D,0,0,0,0
18,Supplier,SKU_E,0,0,0,0
18,W1,SKU_A,0,0,351,1455
18,W1,SKU_B,426,0,0,655
18,W1,SKU_C,5,0,0,797
18,W1,SKU_D,0,0,236,559
18,W1,SKU_E,1397,0,0,628
18,W2,SKU_A,2932,0,0,1203
18,W2,SKU_B,194,0,0,387
18,W2,SKU_C,1169,0,0,701
18,W2,SKU_D,103,0,0,485
18,W2,SKU_E,836,0,0,464
18,R1,SKU_A,132,0,0,374
18,R1,SKU_B,351,0,0,88
18,R1,SKU_C,710,0,0,241
18,R1,SKU_D,110,0,0,189
18,R1,SKU_E,66,0,0,121
18,R2,SKU_A,802,0,0,357
18,R2,SKU_B,433,0,0,154
18,R2,SKU_C,627,0,0,168
18,R2,SKU_D,107,0,0,66
18,R2,SKU_E,326,0,0,154
18,R3,SKU_A,130,0,0,1351
18,R3,SKU_B,270,0,0,416
18,R3,SKU_C,321,0,0,762
18,R3,SKU_D,312,0,0,572
18,R3,SKU_E,501,0,0,492
19,Supplier,SKU_A,0,0,0,0
19,Supplier,SKU_B,0,0,0,0
19,Supplier,SKU_C,0,0,0,0
19,Supplier,SKU_D,0,0,0,0
19,Supplier,SKU_E,0,0,0,0
19,W1,SKU_A,115,0,0,802
19,W1,SKU_B,657,0,0,348
19,W1,SKU_C,267,0,0,440
19,W1,SKU_D,0,0,53,330
19,W1,SKU_E,1601,0,0,351
19,W2,SKU_A,2733,0,0,1735
19,W2,SKU_B,138,0,0,555
19,W2,SKU_C,1038,0,0,963
19,W2,SKU_D,19,0,0,732
19,W2,SKU_E,766,0,0,661
19,R1,SKU_A,0,5,0,374
19,R1,SKU_B,305,0,0,88
19,R1,SKU_C,628,0,0,241
19,R1,SKU_D,59,0,0,189
19,R1,SKU_E,4,0,0,121
19,R2,SKU_A,1035,0,0,278
19,R2,SKU_B,521,0,0,136
19,R2,SKU_C,754,0,0,107
19,R2,SKU_D,126,0,0,138
19,R2,SKU_E,436,0,0,110
19,R3,SKU_A,759,0,0,532
19,R3,SKU_B,457,0,0,168
19,R3,SKU_C,726,0,0,262
19,R3,SKU_D,544,0,0,247
19,R3,SKU_E,715,0,0,197
20,Supplier,SKU_A,0,0,0,0
20,Supplier,SKU_B,0,0,0,0
20,Supplier,SKU_C,0,0,0,0
20,Supplier,SKU_D,0,0,0,0
20,Supplier,SKU_E,0,0,0,0
20,W1,SKU_A,0,0,146,1424
20,W1,SKU_B,545,0,0,578
20,W1,SKU_C,144,0,0,729
20,W1,SKU_D,0,0,151,536
20,W1,SKU_E,1495,0,0,572
20,W2,SKU_A,3145,0,0,1133
20,W2,SKU_B,289,0,0,343
20,W2,SKU_C,1303,0,0,603
20,W2,SKU_D,180,0,0,478
20,W2,SKU_E,946,0,0,400
20,R1,SKU_A,203,0,0,0
20,R1,SKU_B,302,0,0,0
20,R1,SKU_C,767,0,0,0
20,R1,SKU_D,165,0,0,0
20,R1,SKU_E,53,0,0,0
20,R2,SKU_A,902,0,0,278
20,R2,SKU_B,446,0,0,136
20,R2,SKU_C,709,0,0,107
20,R2,SKU_D,77,0,0,138
20,R2,SKU_E,380,0,0,110
20,R3,SKU_A,499,0,0,532
20,R3,SKU_B,347,0,0,168
20,R3,SKU_C,541,0,0,262
20,R3,SKU_D,419,0,0,247
20,R3,SKU_E,628,0,0,197
21,Supplier,SKU_A,0,0,0,0
21,Supplier,SKU_B,0,0,0,0
21,Supplier,SKU_C,0,0,0,0
21,Supplier,SKU_D,0,0,0,0
21,Supplier,SKU_E,0,0,0,0
21,W1,SKU_A,0,0,445,1424
21,W1,SKU_B,379,0,0,578
21,W1,SKU_C,0,0,3,729
21,W1,SKU_D,0,0,283,536
21,W1,SKU_E,1367,0,0,572
21,W2,SKU_A,2885,0,0,1133
21,W2,SKU_B,179,0,0,343
21,W2,SKU_C,1118,0,0,603
21,W2,SKU_D,55,0,0,478
21,W2,SKU_E,859,0,0,400
21,R1,SKU_A,54,0,0,375
21,R1,SKU_B,221,0,0,177
21,R1,SKU_C,666,0,0,247
21,R1,SKU_D,105,0,0,91
21,R1,SKU_E,0,10,0,173
21,R2,SKU_A,780,0,0,278
21,R2,SKU_B,373,0,0,136
21,R2,SKU_C,644,0,0,107
21,R2,SKU_D,21,0,0,138
21,R2,SKU_E,338,0,0,110
21,R3,SKU_A,280,0,0,1181
21,R3,SKU_B,254,0,0,395
21,R3,SKU_C,396,0,0,673
21,R3,SKU_D,317,0,0,549
21,R3,SKU_E,547,0,0,435
22,Supplier,SKU_A,0,0,0,0
22,Supplier,SKU_B,0,0,0,0
22,Supplier,SKU_C,0,0,0,0
22,Supplier,SKU_D,0,0,0,0
22,Supplier,SKU_E,0,0,0,0
22,W1,SKU_A,86,0,0,622
22,W1,SKU_B,573,0,0,230
22,W1,SKU_C,271,0,0,289
22,W1,SKU_D,0,0,69,206
22,W1,SKU_E,1613,0,0,221
22,W2,SKU_A,3267,0,0,1181
22,W2,SKU_B,261,0,0,395
22,W2,SKU_C,1314,0,0,673
22,W2,SKU_D,184,0,0,549
22,W2,SKU_E,981,0,0,435
22,R1,SKU_A,0,68,0,375
22,R1,SKU_B,175,0,0,177
22,R1,SKU_C,610,0,0,247
22,R1,SKU_D,63,0,0,91
22,R1,SKU_E,0,54,0,173
22,R2,SKU_A,955,0,0,379
22,R2,SKU_B,456,0,0,214
22,R2,SKU_C,719,0,0,151
22,R2,SKU_D,121,0,0,136
22,R2,SKU_E,394,0,0,142
22,R3,SKU_A,655,0,0,649
22,R3,SKU_B,357,0,0,227
22,R3,SKU_C,549,0,0,411
22,R3,SKU_D,465,0,0,302
22,R3,SKU_E,677,0,0,238
23,Supplier,SKU_A,0,0,0,0
23,Supplier,SKU_B,0,0,0,0
23,Supplier,SKU_C,0,0,0,0
23,Supplier,SKU_D,0,0,0,0
23,Supplier,SKU_E,0,0,0,0
23,W1,SKU_A,0,0,139,1453
23,W1,SKU_B,474,0,0,662
23,W1,SKU_C,183,0,0,725
23,W1,SKU_D,0,0,149,552
23,W1,SKU_E,1515,0,0,560
23,W2,SKU_A,3110,0,0,1181
23,W2,SKU_B,196,0,0,395
23,W2,SKU_C,1205,0,0,673
23,W2,SKU_D,85,0,0,549
23,W2,SKU_E,914,0,0,435
23,R1,SKU_A,202,0,0,0
23,R1,SKU_B,324,0,0,0
23,R1,SKU_C,794,0,0,0
23,R1,SKU_D,124,0,0,0
23,R1,SKU_E,81,0,0,0
23,R2,SKU_A,870,0,0,379
23,R2,SKU_B,413,0,0,214
23,R2,SKU_C,680,0,0,151
23,R2,SKU_D,80,0,0,136
23,R2,SKU_E,367,0,0,142
23,R3,SKU_A,487,0,0,649
23,R3,SKU_B,293,0,0,227
23,R3,SKU_C,454,0,0,411
23,R3,SKU_D,407,0,0,302
23,R3,SKU_E,624,0,0,238
24,Supplier,SKU_A,0,0,0,0
24,Supplier,SKU_B,0,0,0,0
24,Supplier,SKU_C,0,0,0,0
24,Supplier,SKU_D,0,0,0,0
24,Supplier,SKU_E,0,0,0,0
24,W1,SKU_A,0,0,329,1453
24,W1,SKU_B,403,0,0,662
24,W1,SKU_C,81,0,0,725
24,W1,SKU_D,0,0,220,552
24,W1,SKU_E,1450,0,0,560
24,W2,SKU_A,2942,0,0,1181
24,W2,SKU_B,132,0,0,395
24,W2,SKU_C,1110,0,0,673
24,W2,SKU_D,27,0,0,549
24,W2,SKU_E,861,0,0,435
24,R1,SKU_A,100,0,0,423
24,R1,SKU_B,294,0,0,155
24,R1,SKU_C,729,0,0,220
24,R1,SKU_D,94,0,0,194
24,R1,SKU_E,47,0,0,145
24,R2,SKU_A,797,0,0,379
24,R2,SKU_B,369,0,0,214
24,R2,SKU_C,644,0,0,151
24,R2,SKU_D,37,0,0,136
24,R2,SKU_E,335,0,0,142
24,R3,SKU_A,327,0,0,1193
24,R3,SKU_B,233,0,0,449
24,R3,SKU_C,354,0,0,760
24,R3,SKU_D,326,0,0,561
24,R3,SKU_E,558,0,0,439
25,Supplier,SKU_A,0,0,0,0
25,Supplier,SKU_B,0,0,0,0
25,Supplier,SKU_C,0,0,0,0
25,Supplier,SKU_D,0,0,0,0
25,Supplier,SKU_E,0,0,0,0
25,W1,SKU_A,118,0,0,831
25,W1,SKU_B,559,0,0,432
25,W1,SKU_C,269,0,0,436
25,W1,SKU_D,0,0,87,346
25,W1,SKU_E,1605,0,0,339
25,W2,SKU_A,3314,0,0,1193
25,W2,SKU_B,240,0,0,449
25,W2,SKU_C,1272,0,0,760
25,W2,SKU_D,193,0,0,561
25,W2,SKU_E,992,0,0,439
25,R1,SKU_A,0,14,0,423
25,R1,SKU_B,245,0,0,155
25,R1,SKU_C,668,0,0,220
25,R1,SKU_D,64,0,0,194
25,R1,SKU_E,28,0,0,145
25,R2,SKU_A,1083,0,0,261
25,R2,SKU_B,528,0,0,140
25,R2,SKU_C,744,0,0,107
25,R2,SKU_D,132,0,0,104
25,R2,SKU_E,438,0,0,113
25,R3,SKU_A,792,0,0,544
25,R3,SKU_B,406,0,0,222
25,R3,SKU_C,665,0,0,349
25,R3,SKU_D,524,0,0,259
25,R3,SKU_E,720,0,0,201
26,Supplier,SKU_A,0,0,0,0
26,Supplier,SKU_B,0,0,0,0
26,Supplier,SKU_C,0,0,0,0
26,Supplier,SKU_D,0,0,0,0
26,Supplier,SKU_E,0,0,0,0
26,W1,SKU_A,0,0,89,1421
26,W1,SKU_B,455,0,0,676
26,W1,SKU_C,157,0,0,727
26,W1,SKU_D,0,0,158,570
26,W1,SKU_E,1547,0,0,568
26,W2,SKU_A,3130,0,0,1193
26,W2,SKU_B,186,0,0,449
26,W2,SKU_C,1172,0,0,760
26,W2,SKU_D,89,0,0,561
26,W2,SKU_E,916,0,0,439
26,R1,SKU_A,299,0,0,0
26,R1,SKU_B,344,0,0,0
26,R1,SKU_C,798,0,0,0
26,R1,SKU_D,214,0,0,0
26,R1,SKU_E,123,0,0,0
26,R2,SKU_A,1010,0,0,261
26,R2,SKU_B,462,0,0,140
26,R2,SKU_C,707,0,0,107
26,R2,SKU_D,81,0,0,104
26,R2,SKU_E,387,0,0,113
26,R3,SKU_A,623,0,0,544
26,R3,SKU_B,359,0,0,222
26,R3,SKU_C,564,0,0,349
26,R3,SKU_D,431,0,0,259
26,R3,SKU_E,635,0,0,201
27,Supplier,SKU_A,0,0,0,0
27,Supplier,SKU_B,0,0,0,0
27,Supplier,SKU_C,0,0,0,0
27,Supplier,SKU_D,0,0,0,0
27,Supplier,SKU_E,0,0,0,0
27,W1,SKU_A,0,0,272,1421
27,W1,SKU_B,333,0,0,676
27,W1,SKU_C,30,0,0,727
27,W1,SKU_D,0,0,253,570
27,W1,SKU_E,1446,0,0,568
27,W2,SKU_A,2961,0,0,1193
27,W2,SKU_B,139,0,0,449
27,W2,SKU_C,1071,0,0,760
27,W2,SKU_D,0,0,4,561
27,W2,SKU_E,831,0,0,439
27,R1,SKU_A,138,0,0,357
27,R1,SKU_B,274,0,0,135
27,R1,SKU_C,672,0,0,216
27,R1,SKU_D,150,0,0,102
27,R1,SKU_E,62,0,0,103
27,R2,SKU_A,900,0,0,261
27,R2,SKU_B,386,0,0,140
27,R2,SKU_C,641,0,0,107
27,R2,SKU_D,27,0,0,104
27,R2,SKU_E,344,0,0,113
27,R3,SKU_A,395,0,0,1057
27,R3,SKU_B,264,0,0,383
27,R3,SKU_C,375,0,0,650
27,R3,SKU_D,319,0,0,533
27,R3,SKU_E,530,0,0,428
28,Supplier,SKU_A,0,0,0,0
28,Supplier,SKU_B,0,0,0,0
28,Supplier,SKU_C,0,0,0,0
28,Supplier,SKU_D,0,0,0,0
28,Supplier,SKU_E,0,0,0,0
28,W1,SKU_A,288,0,0,590
28,W1,SKU_B,619,0,0,244
28,W1,SKU_C,274,0,0,291
28,W1,SKU_D,0,0,25,224
28,W1,SKU_E,1681,0,0,229
28,W2,SKU_A,3382,0,0,1057
28,W2,SKU_B,271,0,0,383
28,W2,SKU_C,1293,0,0,650
28,W2,SKU_D,186,0,0,537
28,W2,SKU_E,964,0,0,428
28,R1,SKU_A,0,28,0,357
28,R1,SKU_B,203,0,0,135
28,R1,SKU_C,571,0,0,216
28,R1,SKU_D,89,0,0,102
28,R1,SKU_E,4,0,0,103
28,R2,SKU_A,1056,0,0,276
28,R2,SKU_B,456,0,0,197
28,R2,SKU_C,690,0,0,154
28,R2,SKU_D,81,0,0,208
28,R2,SKU_E,413,0,0,133
28,R3,SKU_A,726,0,0,513
28,R3,SKU_B,429,0,0,161
28,R3,SKU_C,628,0,0,301
28,R3,SKU_D,500,0,0,274
28,R3,SKU_E,663,0,0,227
29,Supplier,SKU_A,0,0,0,0
29,Supplier,SKU_B,0,0,0,0
29,Supplier,SKU_C,0,0,0,0
29,Supplier,SKU_D,0,0,0,0
29,Supplier,SKU_E,0,0,0,0
29,W1,SKU_A,17,0,0,1251
29,W1,SKU_B,478,0,0,616
29,W1,SKU_C,115,0,0,722
29,W1,SKU_D,0,0,136,508
29,W1,SKU_E,1579,0,0,492
29,W2,SKU_A,3169,0,0,1057
29,W2,SKU_B,214,0,0,383
29,W2,SKU_C,1197,0,0,650
29,W2,SKU_D,108,0,0,537
29,W2,SKU_E,896,0,0,428
29,R1,SKU_A,209,0,0,0
29,R1,SKU_B,287,0,0,0
29,R1,SKU_C,689,0,0,0
29,R1,SKU_D,141,0,0,0
29,R1,SKU_E,70,0,0,0
29,R2,SKU_A,941,0,0,276
29,R2,SKU_B,407,0,0,197
29,R2,SKU_C,640,0,0,154
29,R2,SKU_D,46,0,0,208
29,R2,SKU_E,366,0,0,133
29,R3,SKU_A,535,0,0,513
29,R3,SKU_B,353,0,0,161
29,R3,SKU_C,523,0,0,301
29,R3,SKU_D,426,0,0,274
29,R3,SKU_E,575,0,0,227
30,Supplier,SKU_A,0,0,0,0
30,Supplier,SKU_B,0,0,0,0
30,Supplier,SKU_C,0,0,0,0
30,Supplier,SKU_D,0,0,0,0
30,Supplier,SKU_E,0,0,0,0
30,W1,SKU_A,0,0,218,1251
30,W1,SKU_B,378,0,0,616
30,W1,SKU_C,0,0,33,722
30,W1,SKU_D,0,0,221,508
30,W1,SKU_E,1495,0,0,492
30,W2,SKU_A,2978,0,0,1057
30,W2,SKU_B,138,0,0,383
30,W2,SKU_C,1092,0,0,650
30,W2,SKU_D,34,0,0,537
30,W2,SKU_E,808,0,0,428
30,R1,SKU_A,110,0,0,454
30,R1,SKU_B,255,0,0,192
30,R1,SKU_C,629,0,0,325
30,R1,SKU_D,114,0,0,138
30,R1,SKU_E,30,0,0,156
30,R2,SKU_A,864,0,0,276
30,R2,SKU_B,357,0,0,197
30,R2,SKU_C,594,0,0,154
30,R2,SKU_D,11,0,0,208
30,R2,SKU_E,338,0,0,133
30,R3,SKU_A,365,0,0,1145
30,R3,SKU_B,304,0,0,389
30,R3,SKU_C,445,0,0,691
30,R3,SKU_D,361,0,0,542
30,R3,SKU_E,511,0,0,488
31,Supplier,SKU_A,0,0,0,0
31,Supplier,SKU_B,0,0,0,0
31,Supplier,SKU_C,0,0,0,0
31,Supplier,SKU_D,0,0,0,0
31,Supplier,SKU_E,0,0,0,0
31,W1,SKU_A,196,0,0,661
31,W1,SKU_B,540,0,0,372
31,W1,SKU_C,152,0,0,431
31,W1,SKU_D,0,0,59,284
31,W1,SKU_E,1656,0,0,263
31,W2,SKU_A,3352,0,0,1145
31,W2,SKU_B,311,0,0,389
31,W2,SKU_C,1363,0,0,691
31,W2,SKU_D,228,0,0,542
31,W2,SKU_E,945,0,0,488
31,R1,SKU_A,13,0,0,454
31,R1,SKU_B,203,0,0,192
31,R1,SKU_C,570,0,0,325
31,R1,SKU_D,74,0,0,138
31,R1,SKU_E,0,14,0,156
31,R2,SKU_A,1057,0,0,297
31,R2,SKU_B,510,0,0,169
31,R2,SKU_C,724,0,0,154
31,R2,SKU_D,194,0,0,86
31,R2,SKU_E,440,0,0,119
31,R3,SKU_A,722,0,0,632
31,R3,SKU_B,409,0,0,228
31,R3,SKU_C,648,0,0,390
31,R3,SKU_D,543,0,0,268
31,R3,SKU_E,678,0,0,261
32,Supplier,SKU_A,0,0,0,0
32,Supplier,SKU_B,0,0,0,0
32,Supplier,SKU_C,0,0,0,0
32,Supplier,SKU_D,0,0,0,0
32,Supplier,SKU_E,0,0,0,0
32,W1,SKU_A,16,0,0,1343
32,W1,SKU_B,444,0,0,695
32,W1,SKU_C,69,0,0,844
32,W1,SKU_D,0,0,124,542
32,W1,SKU_E,1581,0,0,517
32,W2,SKU_A,3196,0,0,1145
32,W2,SKU_B,255,0,0,389
32,W2,SKU_C,1265,0,0,691
32,W2,SKU_D,136,0,0,542
32,W2,SKU_E,885,0,0,488
32,R1,SKU_A,346,0,0,0
32,R1,SKU_B,341,0,0,0
32,R1,SKU_C,816,0,0,0
32,R1,SKU_D,175,0,0,0
32,R1,SKU_E,101,0,0,0
32,R2,SKU_A,988,0,0,297
32,R2,SKU_B,462,0,0,169
32,R2,SKU_C,689,0,0,154
32,R2,SKU_D,161,0,0,86
32,R2,SKU_E,410,0,0,119
32,R3,SKU_A,535,0,0,632
32,R3,SKU_B,344,0,0,228
32,R3,SKU_C,534,0,0,390
32,R3,SKU_D,465,0,0,268
32,R3,SKU_E,603,0,0,261
33,Supplier,SKU_A,0,0,0,0
33,Supplier,SKU_B,0,0,0,0
33,Supplier,SKU_C,0,0,0,0
33,Supplier,SKU_D,0,0,0,0
33,Supplier,SKU_E,0,0,0,0
33,W1,SKU_A,0,0,174,1343
33,W1,SKU_B,342,0,0,695
33,W1,SKU_C,0,0,45,844
33,W1,SKU_D,0,0,194,542
33,W1,SKU_E,1510,0,0,517
33,W2,SKU_A,3009,0,0,1145
33,W2,SKU_B,190,0,0,389
33,W2,SKU_C,1151,0,0,691
33,W2,SKU_D,58,0,0,542
33,W2,SKU_E,810,0,0,488
33,R1,SKU_A,188,0,0,315
33,R1,SKU_B,278,0,0,138
33,R1,SKU_C,712,0,0,188
33,R1,SKU_D,125,0,0,138
33,R1,SKU_E,57,0,0,125
33,R2,SKU_A,893,0,0,297
33,R2,SKU_B,414,0,0,169
33,R2,SKU_C,640,0,0,154
33,R2,SKU_D,110,0,0,86
33,R2,SKU_E,378,0,0,119
33,R3,SKU_A,361,0,0,1145
33,R3,SKU_B,250,0,0,398
33,R3,SKU_C,429,0,0,680
33,R3,SKU_D,388,0,0,503
33,R3,SKU_E,533,0,0,460
34,Supplier,SKU_A,0,0,0,0
34,Supplier,SKU_B,0,0,0,0
34,Supplier,SKU_C,0,0,0,0
34,Supplier,SKU_D,0,0,0,0
34,Supplier,SKU_E,0,0,0,0
34,W1,SKU_A,234,0,0,682
34,W1,SKU_B,603,0,0,323
34,W1,SKU_C,233,0,0,413
34,W1,SKU_D,0,0,11,258
34,W1,SKU_E,1697,0,0,254
34,W2,SKU_A,3348,0,0,1145
34,W2,SKU_B,257,0,0,398
34,W2,SKU_C,1347,0,0,680
34,W2,SKU_D,259,0,0,499
34,W2,SKU_E,967,0,0,460
34,R1,SKU_A,0,0,0,315
34,R1,SKU_B,188,0,0,138
34,R1,SKU_C,565,0,0,188
34,R1,SKU_D,37,0,0,138
34,R1,SKU_E,0,10,0,125
34,R2,SKU_A,1108,0,0,247
34,R2,SKU_B,514,0,0,140
34,R2,SKU_C,739,0,0,108
34,R2,SKU_D,153,0,0,157
34,R2,SKU_E,459,0,0,93
34,R3,SKU_A,800,0,0,513
34,R3,SKU_B,415,0,0,170
34,R3,SKU_C,675,0,0,290
34,R3,SKU_D,556,0,0,235
34,R3,SKU_E,726,0,0,199
35,Supplier,SKU_A,0,0,0,0
35,Supplier,SKU_B,0,0,0,0
35,Supplier,SKU_C,0,0,0,0
35,Supplier,SKU_D,0,0,0,0
35,Supplier,SKU_E,0,0,0,0
35,W1,SKU_A,0,0,36,1305
35,W1,SKU_B,444,0,0,632
35,W1,SKU_C,31,0,0,763
35,W1,SKU_D,0,0,142,494
35,W1,SKU_E,1592,0,0,476
35,W2,SKU_A,3155,0,0,1145
35,W2,SKU_B,194,0,0,398
35,W2,SKU_C,1203,0,0,680
35,W2,SKU_D,159,0,0,499
35,W2,SKU_E,899,0,0,460
35,R1,SKU_A,139,0,0,0
35,R1,SKU_B,266,0,0,0
35,R1,SKU_C,632,0,0,0
35,R1,SKU_D,100,0,0,0
35,R1,SKU_E,61,0,0,0
35,R2,SKU_A,1028,0,0,247
35,R2,SKU_B,438,0,0,140
35,R2,SKU_C,667,0,0,108
35,R2,SKU_D,107,0,0,157
35,R2,SKU_E,408,0,0,93
35,R3,SKU_A,580,0,0,513
35,R3,SKU_B,341,0,0,170
35,R3,SKU_C,518,0,0,290
35,R3,SKU_D,463,0,0,235
35,R3,SKU_E,646,0,0,199
36,Supplier,SKU_A,0,0,0,0
36,Supplier,SKU_B,0,0,0,0
36,Supplier,SKU_C,0,0,0,0
36,Supplier,SKU_D,0,0,0,0
36,Supplier,SKU_E,0,0,0,0
36,W1,SKU_A,0,0,292,1305
36,W1,SKU_B,308,0,0,632
36,W1,SKU_C,0,0,162,763
36,W1,SKU_D,0,0,263,494
36,W1,SKU_E,1487,0,0,476
36,W2,SKU_A,2935,0,0,1145
36,W2,SKU_B,120,0,0,398
36,W2,SKU_C,1046,0,0,680
36,W2,SKU_D,66,0,0,499
36,W2,SKU_E,819,0,0,460
36,R1,SKU_A,0,25,0,451
36,R1,SKU_B,219,0,0,213
36,R1,SKU_C,539,0,0,292
36,R1,SKU_D,48,0,0,127
36,R1,SKU_E,11,0,0,165
36,R2,SKU_A,920,0,0,247
36,R2,SKU_B,372,0,0,140
36,R2,SKU_C,622,0,0,108
36,R2,SKU_D,70,0,0,157
36,R2,SKU_E,357,0,0,93
36,R3,SKU_A,369,0,0,1100
36,R3,SKU_B,264,0,0,401
36,R3,SKU_C,396,0,0,696
36,R3,SKU_D,371,0,0,505
36,R3,SKU_E,567,0,0,417
37,Supplier,SKU_A,0,0,0,0
37,Supplier,SKU_B,0,0,0,0
37,Supplier,SKU_C,0,0,0,0
37,Supplier,SKU_D,0,0,0,0
37,Supplier,SKU_E,0,0,0,0
37,W1,SKU_A,118,0,0,623
37,W1,SKU_B,518,0,0,309
37,W1,SKU_C,113,0,0,350
37,W1,SKU_D,0,0,94,236
37,W1,SKU_E,1640,0,0,222
37,W2,SKU_A,3356,0,0,1100
37,W2,SKU_B,271,0,0,401
37,W2,SKU_C,1314,0,0,696
37,W2,SKU_D,238,0,0,505
37,W2,SKU_E,1001,0,0,417
37,R1,SKU_A,0,141,0,451
37,R1,SKU_B,165,0,0,213
37,R1,SKU_C,452,0,0,292
37,R1,SKU_D,9,0,0,127
37,R1,SKU_E,0,28,0,165
37,R2,SKU_A,1089,0,0,270
37,R2,SKU_B,460,0,0,211
37,R2,SKU_C,701,0,0,172
37,R2,SKU_D,193,0,0,43
37,R2,SKU_E,416,0,0,140
37,R3,SKU_A,701,0,0,587
37,R3,SKU_B,361,0,0,231
37,R3,SKU_C,595,0,0,406
37,R3,SKU_D,484,0,0,270
37,R3,SKU_E,701,0,0,218
38,Supplier,SKU_A,0,0,0,0
38,Supplier,SKU_B,0,0,0,0
38,Supplier,SKU_C,0,0,0,0
38,Supplier,SKU_D,0,0,0,0
38,Supplier,SKU_E,0,0,0,0
38,W1,SKU_A,0,0,76,1421
38,W1,SKU_B,412,0,0,717
38,W1,SKU_C,0,0,3,883
38,W1,SKU_D,0,0,167,577
38,W1,SKU_E,1567,0,0,533
38,W2,SKU_A,3175,0,0,1100
38,W2,SKU_B,198,0,0,401
38,W2,SKU_C,1223,0,0,696
38,W2,SKU_D,116,0,0,505
38,W2,SKU_E,936,0,0,417
38,R1,SKU_A,179,0,0,0
38,R1,SKU_B,309,0,0,0
38,R1,SKU_C,670,0,0,0
38,R1,SKU_D,87,0,0,0
38,R1,SKU_E,99,0,0,0
38,R2,SKU_A,1003,0,0,270
38,R2,SKU_B,407,0,0,211
38,R2,SKU_C,658,0,0,172
38,R2,SKU_D,167,0,0,43
38,R2,SKU_E,374,0,0,140
38,R3,SKU_A,451,0,0,587
38,R3,SKU_B,313,0,0,231
38,R3,SKU_C,459,0,0,406
38,R3,SKU_D,411,0,0,270
38,R3,SKU_E,615,0,0,218
39,Supplier,SKU_A,0,0,0,0
39,Supplier,SKU_B,0,0,0,0
39,Supplier,SKU_C,0,0,0,0
39,Supplier,SKU_D,0,0,0,0
39,Supplier,SKU_E,0,0,0,0
39,W1,SKU_A,0,0,293,1421
39,W1,SKU_B,290,0,0,717
39,W1,SKU_C,0,0,120,883
39,W1,SKU_D,0,0,242,577
39,W1,SKU_E,1487,0,0,533
39,W2,SKU_A,2925,0,0,1100
39,W2,SKU_B,150,0,0,401
39,W2,SKU_C,1087,0,0,696
39,W2,SKU_D,43,0,0,505
39,W2,SKU_E,850,0,0,417
39,R1,SKU_A,46,0,0,456
39,R1,SKU_B,234,0,0,170
39,R1,SKU_C,589,0,0,270
39,R1,SKU_D,47,0,0,215
39,R1,SKU_E,53,0,0,127
39,R2,SKU_A,908,0,0,270
39,R2,SKU_B,330,0,0,211
39,R2,SKU_C,613,0,0,172
39,R2,SKU_D,116,0,0,43
39,R2,SKU_E,322,0,0,140
39,R3,SKU_A,219,0,0,1229
39,R3,SKU_B,240,0,0,429
39,R3,SKU_C,315,0,0,755
39,R3,SKU_D,328,0,0,557
39,R3,SKU_E,537,0,0,448
40,Supplier,SKU_A,0,0,0,0
40,Supplier,SKU_B,0,0,0,0
40,Supplier,SKU_C,0,0,0,0
40,Supplier,SKU_D,0,0,0,0
40,Supplier,SKU_E,0,0,0,0
40,W1,SKU_A,102,0,0,798
40,W1,SKU_B,447,0,0,408
40,W1,SKU_C,104,0,0,533
40,W1,SKU_D,0,0,97,341
40,W1,SKU_E,1611,0,0,311
40,W2,SKU_A,3206,0,0,1229
40,W2,SKU_B,247,0,0,429
40,W2,SKU_C,1233,0,0,755
40,W2,SKU_D,195,0,0,557
40,W2,SKU_E,971,0,0,448
40,R1,SKU_A,0,98,0,456
40,R1,SKU_B,175,0,0,170
40,R1,SKU_C,484,0,0,270
40,R1,SKU_D,0,3,0,215
40,R1,SKU_E,14,0,0,127
40,R2,SKU_A,1077,0,0,259
40,R2,SKU_B,465,0,0,182
40,R2,SKU_C,710,0,0,117
40,R2,SKU_D,106,0,0,108
40,R2,SKU_E,402,0,0,128
40,R3,SKU_A,592,0,0,642
40,R3,SKU_B,390,0,0,198
40,R3,SKU_C,592,0,0,349
40,R3,SKU_D,493,0,0,287
40,R3,SKU_E,648,0,0,230
41,Supplier,SKU_A,0,0,0,0
41,Supplier,SKU_B,0,0,0,0
41,Supplier,SKU_C,0,0,0,0
41,Supplier,SKU_D,0,0,0,0
41,Supplier,SKU_E,0,0,0,0
41,W1,SKU_A,0,0,143,1437
41,W1,SKU_B,312,0,0,788
41,W1,SKU_C,0,0,76,892
41,W1,SKU_D,0,0,200,580
41,W1,SKU_E,1512,0,0,562
41,W2,SKU_A,2992,0,0,1229
41,W2,SKU_B,166,0,0,429
41,W2,SKU_C,1104,0,0,755
41,W2,SKU_D,90,0,0,557
41,W2,SKU_E,864,0,0,448
41,R1,SKU_A,158,0,0,0
41,R1,SKU_B,250,0,0,0
41,R1,SKU_C,607,0,0,0
41,R1,SKU_D,149,0,0,0
41,R1,SKU_E,92,0,0,0
41,R2,SKU_A,975,0,0,259
41,R2,SKU_B,378,0,0,182
41,R2,SKU_C,645,0,0,117
41,R2,SKU_D,47,0,0,108
41,R2,SKU_E,340,0,0,128
41,R3,SKU_A,325,0,0,642
41,R3,SKU_B,291,0,0,198
41,R3,SKU_C,395,0,0,349
41,R3,SKU_D,363,0,0,287
41,R3,SKU_E,550,0,0,230
42,Supplier,SKU_A,0,0,0,0
42,Supplier,SKU_B,0,0,0,0
42,Supplier,SKU_C,0,0,0,0
42,Supplier,SKU_D,0,0,0,0
42,Supplier,SKU_E,0,0,0,0
42,W1,SKU_A,0,0,445,1437
42,W1,SKU_B,130,0,0,788
42,W1,SKU_C,0,0,288,892
42,W1,SKU_D,0,0,322,580
42,W1,SKU_E,1401,0,0,562
42,W2,SKU_A,2725,0,0,1229
42,W2,SKU_B,67,0,0,429
42,W2,SKU_C,907,0,0,755
42,W2,SKU_D,0,0,40,557
42,W2,SKU_E,766,0,0,448
42,R1,SKU_A,0,55,0,366
42,R1,SKU_B,133,0,0,229
42,R1,SKU_C,446,0,0,259
42,R1,SKU_D,94,0,0,128
42,R1,SKU_E,26,0,0,134
42,R2,SKU_A,863,0,0,259
42,R2,SKU_B,293,0,0,182
42,R2,SKU_C,579,0,0,117
42,R2,SKU_D,0,10,0,108
42,R2,SKU_E,279,0,0,128
42,R3,SKU_A,67,0,0,1355
42,R3,SKU_B,208,0,0,451
42,R3,SKU_C,228,0,0,819
42,R3,SKU_D,249,0,0,565
42,R3,SKU_E,445,0,0,513
43,Supplier,SKU_A,0,0,0,0
43,Supplier,SKU_B,0,0,0,0
43,Supplier,SKU_C,0,0,0,0
43,Supplier,SKU_D,0,0,0,0
43,Supplier,SKU_E,0,0,0,0
43,W1,SKU_A,28,0,0,639
43,W1,SKU_B,336,0,0,380
43,W1,SKU_C,18,0,0,359
43,W1,SKU_D,0,0,93,239
43,W1,SKU_E,1585,0,0,251
43,W2,SKU_A,3054,0,0,1355
43,W2,SKU_B,215,0,0,451
43,W2,SKU_C,1146,0,0,819
43,W2,SKU_D,116,0,0,605
43,W2,SKU_E,879,0,0,513
43,R1,SKU_A,0,214,0,366
43,R1,SKU_B,60,0,0,229
43,R1,SKU_C,309,0,0,259
43,R1,SKU_D,19,0,0,128
43,R1,SKU_E,0,36,0,134
43,R2,SKU_A,979,0,0,315
43,R2,SKU_B,409,0,0,248
43,R2,SKU_C,557,0,0,206
43,R2,SKU_D,26,0,0,173
43,R2,SKU_E,341,0,0,183
43,R3,SKU_A,525,0,0,713
43,R3,SKU_B,322,0,0,253
43,R3,SKU_C,444,0,0,470
43,R3,SKU_D,471,0,0,278
43,R3,SKU_E,604,0,0,283
44,Supplier,SKU_A,0,0,0,0
44,Supplier,SKU_B,0,0,0,0
44,Supplier,SKU_C,0,0,0,0
44,Supplier,SKU_D,0,0,0,0
44,Supplier,SKU_E,0,0,0,0
44,W1,SKU_A,0,0,274,1511
44,W1,SKU_B,197,0,0,899
44,W1,SKU_C,0,0,258,978
44,W1,SKU_D,0,0,240,576
44,W1,SKU_E,1457,0,0,588
44,W2,SKU_A,2870,0,0,1355
44,W2,SKU_B,131,0,0,451
44,W2,SKU_C,1013,0,0,819
44,W2,SKU_D,51,0,0,605
44,W2,SKU_E,808,0,0,513
44,R1,SKU_A,5,0,0,0
44,R1,SKU_B,225,0,0,0
44,R1,SKU_C,485,0,0,0
44,R1,SKU_D,113,0,0,0
44,R1,SKU_E,57,0,0,0
44,R2,SKU_A,872,0,0,315
44,R2,SKU_B,350,0,0,248
44,R2,SKU_C,484,0,0,206
44,R2,SKU_D,0,39,0,173
44,R2,SKU_E,292,0,0,183
44,R3,SKU_A,300,0,0,713
44,R3,SKU_B,250,0,0,253
44,R3,SKU_C,332,0,0,470
44,R3,SKU_D,383,0,0,278
44,R3,SKU_E,509,0,0,283
45,Supplier,SKU_A,0,0,0,0
45,Supplier,SKU_B,0,0,0,0
45,Supplier,SKU_C,0,0,0,0
45,Supplier,SKU_D,0,0,0,0
45,Supplier,SKU_E,0,0,0,0
45,W1,SKU_A,0,0,528,1511
45,W1,SKU_B,74,0,0,899
45,W1,SKU_C,0,0,414,978
45,W1,SKU_D,0,0,339,576
45,W1,SKU_E,1367,0,0,588
45,W2,SKU_A,2645,0,0,1355
45,W2,SKU_B,59,0,0,451
45,W2,SKU_C,901,0,0,819
45,W2,SKU_D,0,0,37,605
45,W2,SKU_E,713,0,0,513
45,R1,SKU_A,0,171,0,483
45,R1,SKU_B,134,0,0,254
45,R1,SKU_C,420,0,0,327
45,R1,SKU_D,38,0,0,168
45,R1,SKU_E,5,0,0,169
45,R2,SKU_A,773,0,0,315
45,R2,SKU_B,295,0,0,248
45,R2,SKU_C,445,0,0,206
45,R2,SKU_D,0,87,0,173
45,R2,SKU_E,238,0,0,183
45,R3,SKU_A,136,0,0,1380
45,R3,SKU_B,165,0,0,492
45,R3,SKU_C,185,0,0,882
45,R3,SKU_D,306,0,0,548
45,R3,SKU_E,436,0,0,554
46,Supplier,SKU_A,0,0,0,0
46,Supplier,SKU_B,0,0,0,0
46,Supplier,SKU_C,0,0,0,0
46,Supplier,SKU_D,0,0,0,0
46,Supplier,SKU_E,0,0,0,0
46,W1,SKU_A,0,0,164,872
46,W1,SKU_B,308,0,0,519
46,W1,SKU_C,0,0,159,619
46,W1,SKU_D,0,0,223,337
46,W1,SKU_E,1512,0,0,337
46,W2,SKU_A,3123,0,0,1380
46,W2,SKU_B,172,0,0,492
46,W2,SKU_C,1103,0,0,882
46,W2,SKU_D,173,0,0,585
46,W2,SKU_E,870,0,0,554
46,R1,SKU_A,0,338,0,483
46,R1,SKU_B,55,0,0,254
46,R1,SKU_C,333,0,0,327
46,R1,SKU_D,0,21,0,168
46,R1,SKU_E,0,45,0,169
46,R2,SKU_A,988,0,0,185
46,R2,SKU_B,468,0,0,180
46,R2,SKU_C,603,0,0,92
46,R2,SKU_D,38,0,0,55
46,R2,SKU_E,385,0,0,169
46,R3,SKU_A,650,0,0,667
46,R3,SKU_B,355,0,0,239
46,R3,SKU_C,537,0,0,412
46,R3,SKU_D,502,0,0,270
46,R3,SKU_E,650,0,0,271
47,Supplier,SKU_A,0,0,0,0
47,Supplier,SKU_B,0,0,0,0
47,Supplier,SKU_C,0,0,0,0
47,Supplier,SKU_D,0,0,0,0
47,Supplier,SKU_E,0,0,0,0
47,W1,SKU_A,0,0,431,1703
47,W1,SKU_B,154,0,0,927
47,W1,SKU_C,0,0,294,1155
47,W1,SKU_D,0,0,330,706
47,W1,SKU_E,1426,0,0,661
47,W2,SKU_A,2924,0,0,1380
47,W2,SKU_B,109,0,0,492
47,W2,SKU_C,985,0,0,882
47,W2,SKU_D,91,0,0,585
47,W2,SKU_E,801,0,0,554
47,R1,SKU_A,0,37,0,0
47,R1,SKU_B,231,0,0,0
47,R1,SKU_C,508,0,0,0
47,R1,SKU_D,73,0,0,0
47,R1,SKU_E,75,0,0,0
47,R2,SKU_A,863,0,0,185
47,R2,SKU_B,383,0,0,180
47,R2,SKU_C,533,0,0,92
47,R2,SKU_D,0,14,0,55
47,R2,SKU_E,326,0,0,169
47,R3,SKU_A,371,0,0,667
47,R3,SKU_B,297,0,0,239
47,R3,SKU_C,373,0,0,412
47,R3,SKU_D,390,0,0,270
47,R3,SKU_E,567,0,0,271
48,Supplier,SKU_A,0,0,0,0
48,Supplier,SKU_B,0,0,0,0
48,Supplier,SKU_C,0,0,0,0
48,Supplier,SKU_D,0,0,0,0
48,Supplier,SKU_E,0,0,0,0
48,W1,SKU_A,0,0,738,1703
48,W1,SKU_B,0,0,9,927
48,W1,SKU_C,0,0,516,1155
48,W1,SKU_D,0,0,456,706
48,W1,SKU_E,1318,0,0,661
48,W2,SKU_A,2645,0,0,1380
48,W2,SKU_B,51,0,0,492
48,W2,SKU_C,821,0,0,882
48,W2,SKU_D,0,0,21,585
48,W2,SKU_E,718,0,0,554
48,R1,SKU_A,0,221,0,454
48,R1,SKU_B,153,0,0,248
48,R1,SKU_C,336,0,0,267
48,R1,SKU_D,3,0,0,184
48,R1,SKU_E,16,0,0,151
48,R2,SKU_A,757,0,0,185
48,R2,SKU_B,293,0,0,180
48,R2,SKU_C,427,0,0,92
48,R2,SKU_D,0,58,0,55
48,R2,SKU_E,256,0,0,169
48,R3,SKU_A,115,0,0,1309
48,R3,SKU_B,240,0,0,445
48,R3,SKU_C,198,0,0,841
48,R3,SKU_D,288,0,0,557
48,R3,SKU_E,486,0,0,496
49,Supplier,SKU_A,0,0,0,0
49,Supplier,SKU_B,0,0,0,0
49,Supplier,SKU_C,0,0,0,0
49,Supplier,SKU_D,0,0,0,0
49,Supplier,SKU_E,0,0,0,0
49,W1,SKU_A,0,0,156,831
49,W1,SKU_B,342,0,0,408
49,W1,SKU_C,0,0,175,536
49,W1,SKU_D,0,0,233,369
49,W1,SKU_E,1526,0,0,324
49,W2,SKU_A,3102,0,0,1309
49,W2,SKU_B,247,0,0,445
49,W2,SKU_C,1116,0,0,841
49,W2,SKU_D,195,0,0,538
49,W2,SKU_E,920,0,0,496
49,R1,SKU_A,0,401,0,454
49,R1,SKU_B,42,0,0,248
49,R1,SKU_C,201,0,0,267
49,R1,SKU_D,0,67,0,184
49,R1,SKU_E,0,40,0,151
49,R2,SKU_A,818,0,0,339
49,R2,SKU_B,360,0,0,250
49,R2,SKU_C,412,0,0,208
49,R2,SKU_D,0,36,0,134
49,R2,SKU_E,350,0,0,165
49,R3,SKU_A,533,0,0,642
49,R3,SKU_B,406,0,0,206
49,R3,SKU_C,424,0,0,429
49,R3,SKU_D,436,0,0,287
49,R3,SKU_E,673,0,0,225
50,Supplier,SKU_A,0,0,0,0
50,Supplier,SKU_B,0,0,0,0
50,Supplier,SKU_C,0,0,0,0
50,Supplier,SKU_D,0,0,0,0
50,Supplier,SKU_E,0,0,0,0
50,W1,SKU_A,0,0,460,1695
50,W1,SKU_B,118,0,0,893
50,W1,SKU_C,0,0,417,1171
50,W1,SKU_D,0,0,336,716
50,W1,SKU_E,1395,0,0,647
50,W2,SKU_A,2853,0,0,1309
50,W2,SKU_B,174,0,0,445
50,W2,SKU_C,930,0,0,841
50,W2,SKU_D,73,0,0,538
50,W2,SKU_E,836,0,0,496
50,R1,SKU_A,0,93,0,0
50,R1,SKU_B,218,0,0,0
50,R1,SKU_C,377,0,0,0
50,R1,SKU_D,70,0,0,0
50,R1,SKU_E,52,0,0,0
50,R2,SKU_A,736,0,0,339
50,R2,SKU_B,317,0,0,250
50,R2,SKU_C,378,0,0,208
50,R2,SKU_D,0,78,0,134
50,R2,SKU_E,328,0,0,165
50,R3,SKU_A,329,0,0,642
50,R3,SKU_B,321,0,0,206
50,R3,SKU_C,227,0,0,429
50,R3,SKU_D,329,0,0,287
50,R3,SKU_E,603,0,0,225
51,Supplier,SKU_A,0,0,0,0
51,Supplier,SKU_B,0,0,0,0
51,Supplier,SKU_C,0,0,0,0
51,Supplier,SKU_D,0,0,0,0
51,Supplier,SKU_E,0,0,0,0
51,W1,SKU_A,0,0,688,1695
51,W1,SKU_B,3,0,0,893
51,W1,SKU_C,0,0,542,1171
51,W1,SKU_D,0,0,425,716
51,W1,SKU_E,1314,0,0,647
51,W2,SKU_A,2649,0,0,1309
51,W2,SKU_B,89,0,0,445
51,W2,SKU_C,733,0,0,841
51,W2,SKU_D,0,0,34,538
51,W2,SKU_E,766,0,0,496
51,R1,SKU_A,0,228,0,533
51,R1,SKU_B,168,0,0,261
51,R1,SKU_C,300,0,0,411
51,R1,SKU_D,22,0,0,203
51,R1,SKU_E,20,0,0,174
51,R2,SKU_A,640,0,0,339
51,R2,SKU_B,250,0,0,250
51,R2,SKU_C,341,0,0,208
51,R2,SKU_D,0,125,0,134
51,R2,SKU_E,294,0,0,165
51,R3,SKU_A,190,0,0,1351
51,R3,SKU_B,279,0,0,421
51,R3,SKU_C,163,0,0,987
51,R3,SKU_D,248,0,0,605
51,R3,SKU_E,540,0,0,460
52,Supplier,SKU_A,0,0,0,0
52,Supplier,SKU_B,0,0,0,0
52,Supplier,SKU_C,0,0,0,0
52,Supplier,SKU_D,0,0,0,0
52,Supplier,SKU_E,0,0,0,0
52,W1,SKU_A,0,0,88,864
52,W1,SKU_B,294,0,0,485
52,W1,SKU_C,0,0,120,635
52,W1,SKU_D,0,0,151,347
52,W1,SKU_E,1572,0,0,323
52,W2,SKU_A,3177,0,0,1351
52,W2,SKU_B,286,0,0,421
52,W2,SKU_C,1081,0,0,987
52,W2,SKU_D,152,0,0,602
52,W2,SKU_E,974,0,0,460
52,R1,SKU_A,0,377,0,533
52,R1,SKU_B,111,0,0,261
52,R1,SKU_C,214,0,0,411
52,R1,SKU_D,0,24,0,203
52,R1,SKU_E,0,23,0,174
52,R2,SKU_A,880,0,0,370
52,R2,SKU_B,409,0,0,223
52,R2,SKU_C,484,0,0,233
52,R2,SKU_D,0,39,0,204
52,R2,SKU_E,417,0,0,131
52,R3,SKU_A,690,0,0,709
52,R3,SKU_B,446,0,0,215
52,R3,SKU_C,515,0,0,558
52,R3,SKU_D,484,0,0,318
52,R3,SKU_E,718,0,0,235
53,Supplier,SKU_A,0,0,0,0
53,Supplier,SKU_B,0,0,0,0
53,Supplier,SKU_C,0,0,0,0
53,Supplier,SKU_D,0,0,0,0
53,Supplier,SKU_E,0,0,0,0
53,W1,SKU_A,0,0,336,1627
53,W1,SKU_B,146,0,0,941
53,W1,SKU_C,0,0,271,1116
53,W1,SKU_D,0,0,245,634
53,W1,SKU_E,1487,0,0,601
53,W2,SKU_A,3035,0,0,1351
53,W2,SKU_B,247,0,0,421
53,W2,SKU_C,1004,0,0,987
53,W2,SKU_D,101,0,0,602
53,W2,SKU_E,927,0,0,460
53,R1,SKU_A,9,0,0,0
53,R1,SKU_B,319,0,0,0
53,R1,SKU_C,508,0,0,0
53,R1,SKU_D,121,0,0,0
53,R1,SKU_E,102,0,0,0
53,R2,SKU_A,771,0,0,370
53,R2,SKU_B,353,0,0,223
53,R2,SKU_C,427,0,0,233
53,R2,SKU_D,0,89,0,204
53,R2,SKU_E,383,0,0,131
53,R3,SKU_A,496,0,0,709
53,R3,SKU_B,380,0,0,215
53,R3,SKU_C,396,0,0,558
53,R3,SKU_D,397,0,0,318
53,R3,SKU_E,639,0,0,235
54,Supplier,SKU_A,0,0,0,0
54,Supplier,SKU_B,0,0,0,0
54,Supplier,SKU_C,0,0,0,0
54,Supplier,SKU_D,0,0,0,0
54,Supplier,SKU_E,0,0,0,0
54,W1,SKU_A,0,0,592,1627
54,W1,SKU_B,37,0,0,941
54,W1,SKU_C,0,0,445,1116
54,W1,SKU_D,0,0,353,634
54,W1,SKU_E,1404,0,0,601
54,W2,SKU_A,2841,0,0,1351
54,W2,SKU_B,181,0,0,421
54,W2,SKU_C,885,0,0,987
54,W2,SKU_D,14,0,0,602
54,W2,SKU_E,848,0,0,460
54,R1,SKU_A,0,138,0,461
54,R1,SKU_B,240,0,0,160
54,R1,SKU_C,369,0,0,303
54,R1,SKU_D,54,0,0,165
54,R1,SKU_E,54,0,0,124
54,R2,SKU_A,688,0,0,370
54,R2,SKU_B,271,0,0,223
54,R2,SKU_C,364,0,0,233
54,R2,SKU_D,0,129,0,204
54,R2,SKU_E,340,0,0,131
54,R3,SKU_A,279,0,0,1184
54,R3,SKU_B,308,0,0,362
54,R3,SKU_C,246,0,0,818
54,R3,SKU_D,275,0,0,571
54,R3,SKU_E,554,0,0,424
55,Supplier,SKU_A,0,0,0,0
55,Supplier,SKU_B,0,0,0,0
55,Supplier,SKU_C,0,0,0,0
55,Supplier,SKU_D,0,0,0,0
55,Supplier,SKU_E,0,0,0,0
55,W1,SKU_A,42,0,0,763
55,W1,SKU_B,361,0,0,456
55,W1,SKU_C,0,0,12,481
55,W1,SKU_D,0,0,113,287
55,W1,SKU_E,1636,0,0,278
55,W2,SKU_A,3266,0,0,1184
55,W2,SKU_B,315,0,0,362
55,W2,SKU_C,1164,0,0,818
55,W2,SKU_D,163,0,0,550
55,W2,SKU_E,988,0,0,424
55,R1,SKU_A,0,331,0,461
55,R1,SKU_B,151,0,0,160
55,R1,SKU_C,167,0,0,303
55,R1,SKU_D,0,26,0,165
55,R1,SKU_E,2,0,0,124
55,R2,SKU_A,932,0,0,379
55,R2,SKU_B,389,0,0,229
55,R2,SKU_C,514,0,0,293
55,R2,SKU_D,28,0,0,176
55,R2,SKU_E,418,0,0,119
55,R3,SKU_A,702,0,0,475
55,R3,SKU_B,426,0,0,147
55,R3,SKU_C,565,0,0,260
55,R3,SKU_D,471,0,0,253
55,R3,SKU_E,676,0,0,189
56,Supplier,SKU_A,0,0,0,0
56,Supplier,SKU_B,0,0,0,0
56,Supplier,SKU_C,0,0,0,0
56,Supplier,SKU_D,0,0,0,0
56,Supplier,SKU_E,0,0,0,0
56,W1,SKU_A,0,0,277,1497
56,W1,SKU_B,167,0,0,874
56,W1,SKU_C,0,0,297,1008
56,W1,SKU_D,0,0,240,596
56,W1,SKU_E,1531,0,0,537
56,W2,SKU_A,2980,0,0,1184
56,W2,SKU_B,218,0,0,362
56,W2,SKU_C,925,0,0,818
56,W2,SKU_D,41,0,0,550
56,W2,SKU_E,875,0,0,424
56,R1,SKU_A,0,73,0,0
56,R1,SKU_B,207,0,0,0
56,R1,SKU_C,329,0,0,0
56,R1,SKU_D,74,0,0,0
56,R1,SKU_E,59,0,0,0
56,R2,SKU_A,819,0,0,379
56,R2,SKU_B,324,0,0,229
56,R2,SKU_C,449,0,0,293
56,R2,SKU_D,0,33,0,176
56,R2,SKU_E,370,0,0,119
56,R3,SKU_A,426,0,0,475
56,R3,SKU_B,366,0,0,147
56,R3,SKU_C,353,0,0,260
56,R3,SKU_D,354,0,0,253
56,R3,SKU_E,603,0,0,189
57,Supplier,SKU_A,0,0,0,0
57,Supplier,SKU_B,0,0,0,0
57,Supplier,SKU_C,0,0,0,0
57,Supplier,SKU_D,0,0,0,0
57,Supplier,SKU_E,0,0,0,0
57,W1,SKU_A,0,0,593,1497
57,W1,SKU_B,0,0,2,874
57,W1,SKU_C,0,0,503,1008
57,W1,SKU_D,0,0,366,596
57,W1,SKU_E,1416,0,0,537
57,W2,SKU_A,2704,0,0,1687
57,W2,SKU_B,158,0,0,531
57,W2,SKU_C,713,0,0,1207
57,W2,SKU_D,0,0,76,794
57,W2,SKU_E,802,0,0,622
57,R1,SKU_A,0,192,0,485
57,R1,SKU_B,155,0,0,272
57,R1,SKU_C,238,0,0,342
57,R1,SKU_D,33,0,0,171
57,R1,SKU_E,21,0,0,167
57,R2,SKU_A,716,0,0,379
57,R2,SKU_B,278,0,0,229
57,R2,SKU_C,406,0,0,293
57,R2,SKU_D,0,72,0,176
57,R2,SKU_E,339,0,0,119
57,R3,SKU_A,271,0,0,1254
57,R3,SKU_B,323,0,0,376
57,R3,SKU_C,224,0,0,861
57,R3,SKU_D,301,0,0,538
57,R3,SKU_E,524,0,0,460
58,Supplier,SKU_A,0,0,0,0
58,Supplier,SKU_B,0,0,0,0
58,Supplier,SKU_C,0,0,0,0
58,Supplier,SKU_D,0,0,0,0
58,Supplier,SKU_E,0,0,0,0
58,W1,SKU_A,0,0,52,734
58,W1,SKU_B,356,0,0,418
58,W1,SKU_C,0,0,156,527
58,W1,SKU_D,0,0,159,309
58,W1,SKU_E,1625,0,0,259
58,W2,SKU_A,3258,0,0,978
58,W2,SKU_B,330,0,0,316
58,W2,SKU_C,1142,0,0,649
58,W2,SKU_D,202,0,0,463
58,W2,SKU_E,958,0,0,387
58,R1,SKU_A,0,334,0,485
58,R1,SKU_B,82,0,0,272
58,R1,SKU_C,159,0,0,342
58,R1,SKU_D,0,12,0,171
58,R1,SKU_E,0,14,0,167
58,R2,SKU_A,1002,0,0,290
58,R2,SKU_B,462,0,0,216
58,R2,SKU_C,659,0,0,47
58,R2,SKU_D,65,0,0,101
58,R2,SKU_E,423,0,0,132
58,R3,SKU_A,573,0,0,779
58,R3,SKU_B,436,0,0,229
58,R3,SKU_C,359,0,0,601
58,R3,SKU_D,474,0,0,285
58,R3,SKU_E,641,0,0,271
59,Supplier,SKU_A,0,0,0,0
59,Supplier,SKU_B,0,0,0,0
59,Supplier,SKU_C,0,0,0,0
59,Supplier,SKU_D,0,0,0,0
59,Supplier,SKU_E,0,0,0,0
59,W1,SKU_A,0,0,287,1591
59,W1,SKU_B,238,0,0,879
59,W1,SKU_C,0,0,275,1152
59,W1,SKU_D,0,0,243,642
59,W1,SKU_E,1555,0,0,548
59,W2,SKU_A,3085,0,0,978
59,W2,SKU_B,296,0,0,316
59,W2,SKU_C,1017,0,0,649
59,W2,SKU_D,122,0,0,463
59,W2,SKU_E,886,0,0,387
59,R1,SKU_A,11,0,0,0
59,R1,SKU_B,275,0,0,0
59,R1,SKU_C,387,0,0,0
59,R1,SKU_D,112,0,0,0
59,R1,SKU_E,117,0,0,0
59,R2,SKU_A,908,0,0,290
59,R2,SKU_B,399,0,0,216
59,R2,SKU_C,598,0,0,47
59,R2,SKU_D,23,0,0,101
59,R2,SKU_E,392,0,0,132
59,R3,SKU_A,422,0,0,779
59,R3,SKU_B,398,0,0,229
59,R3,SKU_C,214,0,0,601
59,R3,SKU_D,383,0,0,285
59,R3,SKU_E,588,0,0,271
60,Supplier,SKU_A,0,0,0,0
60,Supplier,SKU_B,0,0,0,0
60,Supplier,SKU_C,0,0,0,0
60,Supplier,SKU_D,0,0,0,0
60,Supplier,SKU_E,0,0,0,0
60,W1,SKU_A,0,0,521,1591
60,W1,SKU_B,96,0,0,879
60,W1,SKU_C,0,0,450,1152
60,W1,SKU_D,0,0,332,642
60,W1,SKU_E,1488,0,0,548
60,W2,SKU_A,2934,0,0,1582
60,W2,SKU_B,258,0,0,453
60,W2,SKU_C,872,0,0,1115
60,W2,SKU_D,31,0,0,713
60,W2,SKU_E,833,0,0,611
60,R1,SKU_A,0,157,0,473
60,R1,SKU_B,213,0,0,204
60,R1,SKU_C,281,0,0,434
60,R1,SKU_D,56,0,0,186
60,R1,SKU_E,87,0,0,109
60,R2,SKU_A,786,0,0,290
60,R2,SKU_B,328,0,0,216
60,R2,SKU_C,523,0,0,47
60,R2,SKU_D,0,23,0,101
60,R2,SKU_E,355,0,0,132
60,R3,SKU_A,253,0,0,1258
60,R3,SKU_B,336,0,0,344
60,R3,SKU_C,95,0,0,1000
60,R3,SKU_D,286,0,0,585
60,R3,SKU_E,533,0,0,475
61,Supplier,SKU_A,0,0,0,0
61,Supplier,SKU_B,0,0,0,0
61,Supplier,SKU_C,0,0,0,0
61,Supplier,SKU_D,0,0,0,0
61,Supplier,SKU_E,0,0,0,0
61,W1,SKU_A,0,0,77,857
61,W1,SKU_B,381,0,0,461
61,W1,SKU_C,0,0,104,625
61,W1,SKU_D,0,0,125,333
61,W1,SKU_E,1680,0,0,289
61,W2,SKU_A,3240,0,0,1107
61,W2,SKU_B,343,0,0,306
61,W2,SKU_C,1013,0,0,855
61,W2,SKU_D,153,0,0,494
61,W2,SKU_E,967,0,0,422
61,R1,SKU_A,0,314,0,473
61,R1,SKU_B,146,0,0,204
61,R1,SKU_C,130,0,0,434
61,R1,SKU_D,0,4,0,186
61,R1,SKU_E,46,0,0,109
61,R2,SKU_A,953,0,0,284
61,R2,SKU_B,479,0,0,179
61,R2,SKU_C,499,0,0,228
61,R2,SKU_D,27,0,0,161
61,R2,SKU_E,446,0,0,103
61,R3,SKU_A,834,0,0,479
61,R3,SKU_B,526,0,0,115
61,R3,SKU_C,552,0,0,399
61,R3,SKU_D,497,0,0,300
61,R3,SKU_E,736,0,0,204
62,Supplier,SKU_A,0,0,0,0
62,Supplier,SKU_B,0,0,0,0
62,Supplier,SKU_C,0,0,0,0
62,Supplier,SKU_D,0,0,0,0
62,Supplier,SKU_E,0,0,0,0
62,W1,SKU_A,0,0,357,1616
62,W1,SKU_B,249,0,0,854
62,W1,SKU_C,0,0,326,1100
62,W1,SKU_D,0,0,236,608
62,W1,SKU_E,1598,0,0,493
62,W2,SKU_A,3042,0,0,1107
62,W2,SKU_B,304,0,0,306
62,W2,SKU_C,869,0,0,855
62,W2,SKU_D,79,0,0,494
62,W2,SKU_E,899,0,0,422
62,R1,SKU_A,0,31,0,0
62,R1,SKU_B,257,0,0,0
62,R1,SKU_C,405,0,0,0
62,R1,SKU_D,108,0,0,0
62,R1,SKU_E,108,0,0,0
62,R2,SKU_A,815,0,0,284
62,R2,SKU_B,403,0,0,179
62,R2,SKU_C,425,0,0,228
62,R2,SKU_D,0,5,0,161
62,R2,SKU_E,400,0,0,103
62,R3,SKU_A,565,0,0,479
62,R3,SKU_B,446,0,0,115
62,R3,SKU_C,378,0,0,399
62,R3,SKU_D,385,0,0,300
62,R3,SKU_E,652,0,0,204
63,Supplier,SKU_A,0,0,0,0
63,Supplier,SKU_B,0,0,0,0
63,Supplier,SKU_C,0,0,0,0
63,Supplier,SKU_D,0,0,0,0
63,Supplier,SKU_E,0,0,0,0
63,W1,SKU_A,0,0,685,1616
63,W1,SKU_B,80,0,0,854
63,W1,SKU_C,0,0,559,1100
63,W1,SKU_D,0,0,342,608
63,W1,SKU_E,1505,0,0,493
63,W2,SKU_A,3276,0,0,1122
63,W2,SKU_B,393,0,0,276
63,W2,SKU_C,1084,0,0,874
63,W2,SKU_D,211,0,0,512
63,W2,SKU_E,1013,0,0,400
63,R1,SKU_A,0,221,0,450
63,R1,SKU_B,146,0,0,222
63,R1,SKU_C,248,0,0,299
63,R1,SKU_D,43,0,0,148
63,R1,SKU_E,59,0,0,118
63,R2,SKU_A,697,0,0,284
63,R2,SKU_B,341,0,0,179
63,R2,SKU_C,338,0,0,228
63,R2,SKU_D,0,46,0,161
63,R2,SKU_E,355,0,0,103
63,R3,SKU_A,314,0,0,1115
63,R3,SKU_B,380,0,0,296
63,R3,SKU_C,258,0,0,836
63,R3,SKU_D,272,0,0,583
63,R3,SKU_E,582,0,0,411
64,Supplier,SKU_A,0,0,0,0
64,Supplier,SKU_B,0,0,0,0
64,Supplier,SKU_C,0,0,0,0
64,Supplier,SKU_D,0,0,0,0
64,Supplier,SKU_E,0,0,0,0
64,W1,SKU_A,0,0,136,759
64,W1,SKU_B,368,0,0,393
64,W1,SKU_C,0,0,178,475
64,W1,SKU_D,0,0,115,275
64,W1,SKU_E,1700,0,0,204
64,W2,SKU_A,3025,0,0,1122
64,W2,SKU_B,327,0,0,276
64,W2,SKU_C,964,0,0,874
64,W2,SKU_D,98,0,0,512
64,W2,SKU_E,943,0,0,400
64,R1,SKU_A,0,345,0,450
64,R1,SKU_B,82,0,0,222
64,R1,SKU_C,160,0,0,299
64,R1,SKU_D,0,28,0,148
64,R1,SKU_E,18,0,0,118
64,R2,SKU_A,891,0,0,320
64,R2,SKU_B,460,0,0,203
64,R2,SKU_C,514,0,0,158
64,R2,SKU_D,72,0,0,134
64,R2,SKU_E,424,0,0,132
64,R3,SKU_A,610,0,0,636
64,R3,SKU_B,439,0,0,181
64,R3,SKU_C,558,0,0,437
64,R3,SKU_D,497,0,0,283
64,R3,SKU_E,738,0,0,207
65,Supplier,SKU_A,0,0,0,0
65,Supplier,SKU_B,0,0,0,0
65,Supplier,SKU_C,0,0,0,0
65,Supplier,SKU_D,0,0,0,0
65,Supplier,SKU_E,0,0,0,0
65,W1,SKU_A,0,0,350,1675
65,W1,SKU_B,244,0,0,867
65,W1,SKU_C,0,0,318,1174
65,W1,SKU_D,0,0,229,598
65,W1,SKU_E,1625,0,0,473
65,W2,SKU_A,2842,0,0,1122
65,W2,SKU_B,271,0,0,276
65,W2,SKU_C,865,0,0,874
65,W2,SKU_D,23,0,0,512
65,W2,SKU_E,895,0,0,400
65,R1,SKU_A,0,43,0,0
65,R1,SKU_B,227,0,0,0
65,R1,SKU_C,389,0,0,0
65,R1,SKU_D,78,0,0,0
65,R1,SKU_E,104,0,0,0
65,R2,SKU_A,791,0,0,320
65,R2,SKU_B,385,0,0,203
65,R2,SKU_C,436,0,0,158
65,R2,SKU_D,16,0,0,134
65,R2,SKU_E,389,0,0,132
65,R3,SKU_A,465,0,0,636
65,R3,SKU_B,409,0,0,181
65,R3,SKU_C,473,0,0,437
65,R3,SKU_D,405,0,0,283
65,R3,SKU_E,694,0,0,207
66,Supplier,SKU_A,0,0,0,0
66,Supplier,SKU_B,0,0,0,0
66,Supplier,SKU_C,0,0,0,0
66,Supplier,SKU_D,0,0,0,0
66,Supplier,SKU_E,0,0,0,0
66,W1,SKU_A,0,0,598,1675
66,W1,SKU_B,92,0,0,867
66,W1,SKU_C,0,0,466,1174
66,W1,SKU_D,0,0,327,598
66,W1,SKU_E,1558,0,0,473
66,W2,SKU_A,3301,0,0,1221
66,W2,SKU_B,378,0,0,341
66,W2,SKU_C,1246,0,0,801
66,W2,SKU_D,181,0,0,562
66,W2,SKU_E,1075,0,0,378
66,R1,SKU_A,0,179,0,537
66,R1,SKU_B,138,0,0,252
66,R1,SKU_C,286,0,0,467
66,R1,SKU_D,38,0,0,199
66,R1,SKU_E,47,0,0,122
66,R2,SKU_A,695,0,0,320
66,R2,SKU_B,307,0,0,203
66,R2,SKU_C,369,0,0,158
66,R2,SKU_D,0,36,0,134
66,R2,SKU_E,343,0,0,132
66,R3,SKU_A,306,0,0,1215
66,R3,SKU_B,370,0,0,333
66,R3,SKU_C,384,0,0,741
66,R3,SKU_D,328,0,0,563
66,R3,SKU_E,607,0,0,369
67,Supplier,SKU_A,0,0,0,0
67,Supplier,SKU_B,0,0,0,0
67,Supplier,SKU_C,0,0,0,0
67,Supplier,SKU_D,0,0,0,0
67,Supplier,SKU_E,0,0,0,0
67,W1,SKU_A,0,0,71,916
67,W1,SKU_B,318,0,0,474
67,W1,SKU_C,0,0,161,699
67,W1,SKU_D,0,0,144,323
67,W1,SKU_E,1659,0,0,269
67,W2,SKU_A,3142,0,0,1221
67,W2,SKU_B,339,0,0,341
67,W2,SKU_C,1157,0,0,801
67,W2,SKU_D,104,0,0,562
67,W2,SKU_E,988,0,0,378
67,R1,SKU_A,0,339,0,537
67,R1,SKU_B,57,0,0,252
67,R1,SKU_C,188,0,0,467
67,R1,SKU_D,0,18,0,199
67,R1,SKU_E,3,0,0,122
67,R2,SKU_A,888,0,0,351
67,R2,SKU_B,451,0,0,213
67,R2,SKU_C,468,0,0,214
67,R2,SKU_D,41,0,0,122
67,R2,SKU_E,412,0,0,115
67,R3,SKU_A,721,0,0,579
67,R3,SKU_B,488,0,0,152
67,R3,SKU_C,658,0,0,304
67,R3,SKU_D,506,0,0,280
67,R3,SKU_E,723,0,0,162
68,Supplier,SKU_A,0,0,0,0
68,Supplier,SKU_B,0,0,0,0
68,Supplier,SKU_C,0,0,0,0
68,Supplier,SKU_D,0,0,0,0
68,Supplier,SKU_E,0,0,0,0
68,W1,SKU_A,0,0,358,1610
68,W1,SKU_B,178,0,0,917
68,W1,SKU_C,0,0,318,1157
68,W1,SKU_D,0,0,257,627
68,W1,SKU_E,1552,0,0,514
68,W2,SKU_A,2921,0,0,1221
68,W2,SKU_B,276,0,0,341
68,W2,SKU_C,994,0,0,801
68,W2,SKU_D,0,0,1,562
68,W2,SKU_E,897,0,0,378
68,R1,SKU_A,0,24,0,0
68,R1,SKU_B,204,0,0,0
68,R1,SKU_C,471,0,0,0
68,R1,SKU_D,85,0,0,0
68,R1,SKU_E,52,0,0,0
68,R2,SKU_A,721,0,0,351
68,R2,SKU_B,345,0,0,213
68,R2,SKU_C,365,0,0,214
68,R2,SKU_D,0,30,0,122
68,R2,SKU_E,345,0,0,115
68,R3,SKU_A,402,0,0,579
68,R3,SKU_B,412,0,0,152
68,R3,SKU_C,432,0,0,304
68,R3,SKU_D,346,0,0,280
68,R3,SKU_E,617,0,0,162
69,Supplier,SKU_A,0,0,0,0
69,Supplier,SKU_B,0,0,0,0
69,Supplier,SKU_C,0,0,0,0
69,Supplier,SKU_D,0,0,0,0
69,Supplier,SKU_E,0,0,0,0
69,W1,SKU_A,0,0,747,1610
69,W1,SKU_B,0,0,33,917
69,W1,SKU_C,0,0,605,1157
69,W1,SKU_D,0,0,424,627
69,W1,SKU_E,1412,0,0,514
69,W2,SKU_A,3120,0,0,1228
69,W2,SKU_B,339,0,0,334
69,W2,SKU_C,1176,0,0,730
69,W2,SKU_D,101,0,0,574
69,W2,SKU_E,967,0,0,424
69,R1,SKU_A,0,198,0,408
69,R1,SKU_B,112,0,0,275
69,R1,SKU_C,325,0,0,261
69,R1,SKU_D,11,0,0,153
69,R1,SKU_E,14,0,0,174
69,R2,SKU_A,599,0,0,351
69,R2,SKU_B,259,0,0,213
69,R2,SKU_C,297,0,0,214
69,R2,SKU_D,0,98,0,122
69,R2,SKU_E,300,0,0,115
69,R3,SKU_A,125,0,0,1278
69,R3,SKU_B,343,0,0,330
69,R3,SKU_C,208,0,0,782
69,R3,SKU_D,221,0,0,622
69,R3,SKU_E,522,0,0,446
70,Supplier,SKU_A,0,0,0,0
70,Supplier,SKU_B,0,0,0,0
70,Supplier,SKU_C,0,0,0,0
70,Supplier,SKU_D,0,0,0,0
70,Supplier,SKU_E,0,0,0,0
70,W1,SKU_A,0,0,127,694
70,W1,SKU_B,263,0,0,443
70,W1,SKU_C,0,0,120,458
70,W1,SKU_D,0,0,243,304
70,W1,SKU_E,1598,0,0,245
70,W2,SKU_A,2843,0,0,1228
70,W2,SKU_B,270,0,0,334
70,W2,SKU_C,952,0,0,730
70,W2,SKU_D,0,0,24,574
70,W2,SKU_E,872,0,0,424
70,R1,SKU_A,0,379,0,408
70,R1,SKU_B,0,1,0,275
70,R1,SKU_C,181,0,0,261
70,R1,SKU_D,0,62,0,153
70,R1,SKU_E,0,27,0,174
70,R2,SKU_A,833,0,0,360
70,R2,SKU_B,399,0,0,251
70,R2,SKU_C,422,0,0,271
70,R2,SKU_D,0,15,0,97
70,R2,SKU_E,360,0,0,175
70,R3,SKU_A,417,0,0,699
70,R3,SKU_B,441,0,0,178
70,R3,SKU_C,307,0,0,478
70,R3,SKU_D,381,0,0,342
70,R3,SKU_E,599,0,0,284
71,Supplier,SKU_A,0,0,0,0
71,Supplier,SKU_B,0,0,0,0
71,Supplier,SKU_C,0,0,0,0
71,Supplier,SKU_D,0,0,0,0
71,Supplier,SKU_E,0,0,0,0
71,W1,SKU_A,0,0,425,1666
71,W1,SKU_B,77,0,0,972
71,W1,SKU_C,0,0,353,1116
71,W1,SKU_D,0,0,355,726
71,W1,SKU_E,1502,0,0,575
71,W2,SKU_A,2556,0,0,1824
71,W2,SKU_B,216,0,0,479
71,W2,SKU_C,747,0,0,1180
71,W2,SKU_D,0,0,144,859
71,W2,SKU_E,787,0,0,625
71,R1,SKU_A,0,135,0,0
71,R1,SKU_B,192,0,0,0
71,R1,SKU_C,341,0,0,0
71,R1,SKU_D,28,0,0,0
71,R1,SKU_E,109,0,0,0
71,R2,SKU_A,732,0,0,360
71,R2,SKU_B,338,0,0,251
71,R2,SKU_C,357,0,0,271
71,R2,SKU_D,0,60,0,97
71,R2,SKU_E,294,0,0,175
71,R3,SKU_A,183,0,0,699
71,R3,SKU_B,377,0,0,178
71,R3,SKU_C,142,0,0,478
71,R3,SKU_D,286,0,0,342
71,R3,SKU_E,520,0,0,284
72,Supplier,SKU_A,0,0,0,0
72,Supplier,SKU_B,0,0,0,0
72,Supplier,SKU_C,0,0,0,0
72,Supplier,SKU_D,0,0,0,0
72,Supplier,SKU_E,0,0,0,0
72,W1,SKU_A,0,0,690,1666
72,W1,SKU_B,0,0,66,972
72,W1,SKU_C,0,0,519,1116
72,W1,SKU_D,0,0,463,726
72,W1,SKU_E,1398,0,0,575
72,W2,SKU_A,3025,0,0,1121
72,W2,SKU_B,354,0,0,277
72,W2,SKU_C,975,0,0,787
72,W2,SKU_D,61,0,0,559
72,W2,SKU_E,910,0,0,423
72,R1,SKU_A,0,294,0,556
72,R1,SKU_B,119,0,0,282
72,R1,SKU_C,230,0,0,428
72,R1,SKU_D,0,28,0,226
72,R1,SKU_E,54,0,0,117
72,R2,SKU_A,623,0,0,360
72,R2,SKU_B,270,0,0,251
72,R2,SKU_C,312,0,0,271
72,R2,SKU_D,0,96,0,97
72,R2,SKU_E,224,0,0,175
72,R3,SKU_A,0,3,0,1497
72,R3,SKU_B,325,0,0,365
72,R3,SKU_C,44,0,0,1072
72,R3,SKU_D,185,0,0,682
72,R3,SKU_E,445,0,0,543
73,Supplier,SKU_A,0,0,0,0
73,Supplier,SKU_B,0,0,0,0
73,Supplier,SKU_C,0,0,0,0
73,Supplier,SKU_D,0,0,0,0
73,Supplier,SKU_E,0,0,0,0
73,W1,SKU_A,0,0,264,972
73,W1,SKU_B,236,0,0,529
73,W1,SKU_C,0,0,217,658
73,W1,SKU_D,0,0,251,422
73,W1,SKU_E,1518,0,0,330
73,W2,SKU_A,2839,0,0,1121
73,W2,SKU_B,302,0,0,277
73,W2,SKU_C,877,0,0,787
73,W2,SKU_D,0,0,40,559
73,W2,SKU_E,835,0,0,423
73,R1,SKU_A,0,424,0,556
73,R1,SKU_B,66,0,0,282
73,R1,SKU_C,124,0,0,428
73,R1,SKU_D,0,80,0,226
73,R1,SKU_E,9,0,0,117
73,R2,SKU_A,885,0,0,190
73,R2,SKU_B,465,0,0,202
73,R2,SKU_C,550,0,0,102
73,R2,SKU_D,0,47,0,112
73,R2,SKU_E,369,0,0,191
73,R3,SKU_A,534,0,0,798
73,R3,SKU_B,453,0,0,187
73,R3,SKU_C,424,0,0,594
73,R3,SKU_D,427,0,0,340
73,R3,SKU_E,665,0,0,259
74,Supplier,SKU_A,0,0,0,0
74,Supplier,SKU_B,0,0,0,0
74,Supplier,SKU_C,0,0,0,0
74,Supplier,SKU_D,0,0,0,0
74,Supplier,SKU_E,0,0,0,0
74,W1,SKU_A,0,0,492,1803
74,W1,SKU_B,127,0,0,999
74,W1,SKU_C,0,0,356,1213
74,W1,SKU_D,0,0,351,734
74,W1,SKU_E,1443,0,0,655
74,W2,SKU_A,2677,0,0,1828
74,W2,SKU_B,252,0,0,447
74,W2,SKU_C,779,0,0,1255
74,W2,SKU_D,0,0,140,875
74,W2,SKU_E,771,0,0,662
74,R1,SKU_A,0,13,0,0
74,R1,SKU_B,261,0,0,0
74,R1,SKU_C,435,0,0,0
74,R1,SKU_D,96,0,0,0
74,R1,SKU_E,91,0,0,0
74,R2,SKU_A,788,0,0,190
74,R2,SKU_B,414,0,0,202
74,R2,SKU_C,512,0,0,102
74,R2,SKU_D,0,107,0,112
74,R2,SKU_E,320,0,0,191
74,R3,SKU_A,301,0,0,798
74,R3,SKU_B,367,0,0,187
74,R3,SKU_C,287,0,0,594
74,R3,SKU_D,329,0,0,340
74,R3,SKU_E,578,0,0,259
75,Supplier,SKU_A,0,0,0,0
75,Supplier,SKU_B,0,0,0,0
75,Supplier,SKU_C,0,0,0,0
75,Supplier,SKU_D,0,0,0,0
75,Supplier,SKU_E,0,0,0,0
75,W1,SKU_A,0,0,734,1803
75,W1,SKU_B,0,0,11,999
75,W1,SKU_C,0,0,511,1213
75,W1,SKU_D,0,0,461,734
75,W1,SKU_E,1359,0,0,655
75,W2,SKU_A,2969,0,0,1303
75,W2,SKU_B,298,0,0,315
75,W2,SKU_C,979,0,0,918
75,W2,SKU_D,36,0,0,601
75,W2,SKU_E,906,0,0,440
75,R1,SKU_A,0,199,0,504
75,R1,SKU_B,170,0,0,218
75,R1,SKU_C,326,0,0,356
75,R1,SKU_D,37,0,0,192
75,R1,SKU_E,36,0,0,135
75,R2,SKU_A,679,0,0,190
75,R2,SKU_B,355,0,0,202
75,R2,SKU_C,469,0,0,102
75,R2,SKU_D,0,164,0,112
75,R2,SKU_E,275,0,0,191
75,R3,SKU_A,40,0,0,1379
75,R3,SKU_B,287,0,0,375
75,R3,SKU_C,153,0,0,927
75,R3,SKU_D,209,0,0,639
75,R3,SKU_E,488,0,0,485
76,Supplier,SKU_A,0,0,0,0
76,Supplier,SKU_B,0,0,0,0
76,Supplier,SKU_C,0,0,0,0
76,Supplier,SKU_D,0,0,0,0
76,Supplier,SKU_E,0,0,0,0
76,W1,SKU_A,0,0,57,831
76,W1,SKU_B,368,0,0,470
76,W1,SKU_C,0,0,5,555
76,W1,SKU_D,0,0,155,312
76,W1,SKU_E,1589,0,0,325
76,W2,SKU_A,2708,0,0,1303
76,W2,SKU_B,218,0,0,315
76,W2,SKU_C,845,0,0,918
76,W2,SKU_D,0,0,84,601
76,W2,SKU_E,816,0,0,440
76,R1,SKU_A,0,416,0,504
76,R1,SKU_B,57,0,0,218
76,R1,SKU_C,153,0,0,356
76,R1,SKU_D,0,54,0,192
76,R1,SKU_E,0,21,0,135
76,R2,SKU_A,744,0,0,511
76,R2,SKU_B,457,0,0,166
76,R2,SKU_C,479,0,0,326
76,R2,SKU_D,0,109,0,261
76,R2,SKU_E,417,0,0,124
76,R3,SKU_A,557,0,0,581
76,R3,SKU_B,388,0,0,188
76,R3,SKU_C,558,0,0,333
76,R3,SKU_D,439,0,0,299
76,R3,SKU_E,664,0,0,226
77,Supplier,SKU_A,0,0,0,0
77,Supplier,SKU_B,0,0,0,0
77,Supplier,SKU_C,0,0,0,0
77,Supplier,SKU_D,0,0,0,0
77,Supplier,SKU_E,0,0,0,0
77,W1,SKU_A,0,0,399,1596
77,W1,SKU_B,155,0,0,867
77,W1,SKU_C,0,0,270,1001
77,W1,SKU_D,0,0,303,638
77,W1,SKU_E,1483,0,0,584
77,W2,SKU_A,3023,0,0,1363
77,W2,SKU_B,277,0,0,386
77,W2,SKU_C,1106,0,0,837
77,W2,SKU_D,91,0,0,634
77,W2,SKU_E,934,0,0,480
77,R1,SKU_A,0,146,0,0
77,R1,SKU_B,161,0,0,0
77,R1,SKU_C,338,0,0,0
77,R1,SKU_D,45,0,0,0
77,R1,SKU_E,59,0,0,0
77,R2,SKU_A,589,0,0,511
77,R2,SKU_B,374,0,0,166
77,R2,SKU_C,404,0,0,326
77,R2,SKU_D,0,155,0,261
77,R2,SKU_E,355,0,0,124
77,R3,SKU_A,256,0,0,581
77,R3,SKU_B,280,0,0,188
77,R3,SKU_C,427,0,0,333
77,R3,SKU_D,341,0,0,299
77,R3,SKU_E,552,0,0,226
78,Supplier,SKU_A,0,0,0,0
78,Supplier,SKU_B,0,0,0,0
78,Supplier,SKU_C,0,0,0,0
78,Supplier,SKU_D,0,0,0,0
78,Supplier,SKU_E,0,0,0,0
78,W1,SKU_A,0,0,788,1596
78,W1,SKU_B,0,0,42,867
78,W1,SKU_C,0,0,516,1001
78,W1,SKU_D,0,0,442,638
78,W1,SKU_E,1366,0,0,584
78,W2,SKU_A,2722,0,0,1363
78,W2,SKU_B,169,0,0,386
78,W2,SKU_C,975,0,0,837
78,W2,SKU_D,0,0,7,634
78,W2,SKU_E,822,0,0,480
78,R1,SKU_A,0,287,0,461
78,R1,SKU_B,95,0,0,318
78,R1,SKU_C,228,0,0,332
78,R1,SKU_D,0,11,0,161
78,R1,SKU_E,21,0,0,167
78,R2,SKU_A,478,0,0,511
78,R2,SKU_B,301,0,0,166
78,R2,SKU_C,351,0,0,326
78,R2,SKU_D,0,191,0,261
78,R2,SKU_E,297,0,0,124
78,R3,SKU_A,31,0,0,1424
78,R3,SKU_B,187,0,0,462
78,R3,SKU_C,290,0,0,787
78,R3,SKU_D,251,0,0,620
78,R3,SKU_E,468,0,0,511
79,Supplier,SKU_A,0,0,0,0
79,Supplier,SKU_B,0,0,0,0
79,Supplier,SKU_C,0,0,0,0
79,Supplier,SKU_D,0,0,0,0
79,Supplier,SKU_E,0,0,0,0
79,W1,SKU_A,0,0,209,765
79,W1,SKU_B,289,0,0,397
79,W1,SKU_C,0,0,124,446
79,W1,SKU_D,0,0,222,326
79,W1,SKU_E,1595,0,0,259
79,W2,SKU_A,2497,0,0,1945
79,W2,SKU_B,76,0,0,580
79,W2,SKU_C,838,0,0,1157
79,W2,SKU_D,0,0,97,842
79,W2,SKU_E,738,0,0,675
79,R1,SKU_A,0,442,0,461
79,R1,SKU_B,34,0,0,318
79,R1,SKU_C,104,0,0,332
79,R1,SKU_D,0,69,0,161
79,R1,SKU_E,0,20,0,167
79,R2,SKU_A,879,0,0,239
79,R2,SKU_B,411,0,0,256
79,R2,SKU_C,626,0,0,101
79,R2,SKU_D,39,0,0,72
79,R2,SKU_E,377,0,0,169
79,R3,SKU_A,396,0,0,843
79,R3,SKU_B,308,0,0,274
79,R3,SKU_C,511,0,0,454
79,R3,SKU_D,451,0,0,321
79,R3,SKU_E,615,0,0,285
80,Supplier,SKU_A,0,0,0,0
80,Supplier,SKU_B,0,0,0,0
80,Supplier,SKU_C,0,0,0,0
80,Supplier,SKU_D,0,0,0,0
80,Supplier,SKU_E,0,0,0,0
80,W1,SKU_A,0,0,474,1748
80,W1,SKU_B,172,0,0,946
80,W1,SKU_C,0,0,299,1120
80,W1,SKU_D,0,0,311,705
80,W1,SKU_E,1510,0,0,578
80,W2,SKU_A,2988,0,0,1238
80,W2,SKU_B,179,0,0,410
80,W2,SKU_C,1194,0,0,689
80,W2,SKU_D,120,0,0,526
80,W2,SKU_E,898,0,0,436
80,R1,SKU_A,0,117,0,0
80,R1,SKU_B,289,0,0,0
80,R1,SKU_C,304,0,0,0
80,R1,SKU_D,12,0,0,0
80,R1,SKU_E,100,0,0,0
80,R2,SKU_A,764,0,0,239
80,R2,SKU_B,327,0,0,256
80,R2,SKU_C,577,0,0,101
80,R2,SKU_D,0,6,0,72
80,R2,SKU_E,318,0,0,169
80,R3,SKU_A,209,0,0,843
80,R3,SKU_B,237,0,0,274
80,R3,SKU_C,386,0,0,454
80,R3,SKU_D,355,0,0,321
80,R3,SKU_E,541,0,0,285
81,Supplier,SKU_A,0,0,0,0
81,Supplier,SKU_B,0,0,0,0
81,Supplier,SKU_C,0,0,0,0
81,Supplier,SKU_D,0,0,0,0
81,Supplier,SKU_E,0,0,0,0
81,W1,SKU_A,0,0,725,1748
81,W1,SKU_B,25,0,0,946
81,W1,SKU_C,0,0,480,1120
81,W1,SKU_D,0,0,436,705
81,W1,SKU_E,1404,0,0,578
81,W2,SKU_A,2801,0,0,1238
81,W2,SKU_B,108,0,0,410
81,W2,SKU_C,1069,0,0,689
81,W2,SKU_D,24,0,0,526
81,W2,SKU_E,824,0,0,436
81,R1,SKU_A,0,256,0,592
81,R1,SKU_B,216,0,0,190
81,R1,SKU_C,191,0,0,454
81,R1,SKU_D,0,49,0,240
81,R1,SKU_E,56,0,0,126
81,R2,SKU_A,641,0,0,239
81,R2,SKU_B,255,0,0,256
81,R2,SKU_C,516,0,0,101
81,R2,SKU_D,0,45,0,72
81,R2,SKU_E,257,0,0,169
81,R3,SKU_A,25,0,0,1471
81,R3,SKU_B,150,0,0,505
81,R3,SKU_C,247,0,0,828
81,R3,SKU_D,266,0,0,613
81,R3,SKU_E,453,0,0,522
82,Supplier,SKU_A,0,0,0,0
82,Supplier,SKU_B,0,0,0,0
82,Supplier,SKU_C,0,0,0,0
82,Supplier,SKU_D,0,0,0,0
82,Supplier,SKU_E,0,0,0,0
82,W1,SKU_A,0,0,222,983
82,W1,SKU_B,277,0,0,549
82,W1,SKU_C,0,0,208,674
82,W1,SKU_D,0,0,210,379
82,W1,SKU_E,1558,0,0,319
82,W2,SKU_A,2617,0,0,1866
82,W2,SKU_B,21,0,0,641
82,W2,SKU_C,930,0,0,1063
82,W2,SKU_D,0,0,65,811
82,W2,SKU_E,736,0,0,673
82,R1,SKU_A,0,441,0,592
82,R1,SKU_B,90,0,0,190
82,R1,SKU_C,46,0,0,454
82,R1,SKU_D,0,134,0,240
82,R1,SKU_E,0,9,0,126
82,R2,SKU_A,743,0,0,335
82,R2,SKU_B,404,0,0,212
82,R2,SKU_C,537,0,0,77
82,R2,SKU_D,0,19,0,127
82,R2,SKU_E,353,0,0,164
82,R3,SKU_A,613,0,0,628
82,R3,SKU_B,310,0,0,231
82,R3,SKU_C,491,0,0,374
82,R3,SKU_D,461,0,0,292
82,R3,SKU_E,627,0,0,237
83,Supplier,SKU_A,0,0,0,0
83,Supplier,SKU_B,0,0,0,0
83,Supplier,SKU_C,0,0,0,0
83,Supplier,SKU_D,0,0,0,0
83,Supplier,SKU_E,0,0,0,0
83,W1,SKU_A,0,0,544,1761
83,W1,SKU_B,44,0,0,958
83,W1,SKU_C,0,0,433,1204
83,W1,SKU_D,0,0,341,693
83,W1,SKU_E,1420,0,0,615
83,W2,SKU_A,3018,0,0,1210
83,W2,SKU_B,123,0,0,425
83,W2,SKU_C,1089,0,0,694
83,W2,SKU_D,127,0,0,493
83,W2,SKU_E,866,0,0,432
83,R1,SKU_A,0,23,0,0
83,R1,SKU_B,165,0,0,0
83,R1,SKU_C,322,0,0,0
83,R1,SKU_D,0,1,0,0
83,R1,SKU_E,68,0,0,0
83,R2,SKU_A,615,0,0,335
83,R2,SKU_B,321,0,0,212
83,R2,SKU_C,460,0,0,77
83,R2,SKU_D,0,76,0,127
83,R2,SKU_E,307,0,0,164
83,R3,SKU_A,296,0,0,628
83,R3,SKU_B,224,0,0,231
83,R3,SKU_C,250,0,0,374
83,R3,SKU_D,325,0,0,292
83,R3,SKU_E,515,0,0,237
84,Supplier,SKU_A,0,0,0,0
84,Supplier,SKU_B,0,0,0,0
84,Supplier,SKU_C,0,0,0,0
84,Supplier,SKU_D,0,0,0,0
84,Supplier,SKU_E,0,0,0,0
84,W1,SKU_A,0,0,846,1761
84,W1,SKU_B,0,0,154,958
84,W1,SKU_C,0,0,688,1204
84,W1,SKU_D,0,0,505,693
84,W1,SKU_E,1325,0,0,615
84,W2,SKU_A,2701,0,0,1649
84,W2,SKU_B,37,0,0,626
84,W2,SKU_C,848,0,0,1043
84,W2,SKU_D,0,0,9,708
84,W2,SKU_E,754,0,0,631
84,R1,SKU_A,0,254,0,430
84,R1,SKU_B,53,0,0,243
84,R1,SKU_C,102,0,0,369
84,R1,SKU_D,0,97,0,199
84,R1,SKU_E,0,9,0,158
84,R2,SKU_A,492,0,0,335
84,R2,SKU_B,218,0,0,212
84,R2,SKU_C,362,0,0,77
84,R2,SKU_D,0,134,0,127
84,R2,SKU_E,236,0,0,164
84,R3,SKU_A,13,0,0,1384
84,R3,SKU_B,118,0,0,518
84,R3,SKU_C,9,0,0,964
84,R3,SKU_D,203,0,0,634
84,R3,SKU_E,427,0,0,548
85,Supplier,SKU_A,0,0,0,0
85,Supplier,SKU_B,0,0,0,0
85,Supplier,SKU_C,0,0,0,0
85,Supplier,SKU_D,0,0,0,0
85,Supplier,SKU_E,0,0,0,0
85,W1,SKU_A,0,0,217,778
85,W1,SKU_B,180,0,0,409
85,W1,SKU_C,0,0,332,530
85,W1,SKU_D,0,0,280,314
85,W1,SKU_E,1496,0,0,296
85,W2,SKU_A,3000,0,0,1067
85,W2,SKU_B,125,0,0,432
85,W2,SKU_C,927,0,0,723
85,W2,SKU_D,77,0,0,500
85,W2,SKU_E,861,0,0,436
85,R1,SKU_A,0,441,0,430
85,R1,SKU_B,0,35,0,243
85,R1,SKU_C,0,41,0,369
85,R1,SKU_D,0,162,0,199
85,R1,SKU_E,0,59,0,158
85,R2,SKU_A,739,0,0,393
85,R2,SKU_B,361,0,0,293
85,R2,SKU_C,357,0,0,131
85,R2,SKU_D,0,71,0,91
85,R2,SKU_E,359,0,0,190
85,R3,SKU_A,437,0,0,756
85,R3,SKU_B,276,0,0,287
85,R3,SKU_C,244,0,0,590
85,R3,SKU_D,398,0,0,342
85,R3,SKU_E,582,0,0,311
86,Supplier,SKU_A,0,0,0,0
86,Supplier,SKU_B,0,0,0,0
86,Supplier,SKU_C,0,0,0,0
86,Supplier,SKU_D,0,0,0,0
86,Supplier,SKU_E,0,0,0,0
86,W1,SKU_A,0,0,492,1756
86,W1,SKU_B,23,0,0,1055
86,W1,SKU_C,0,0,557,1328
86,W1,SKU_D,0,0,409,763
86,W1,SKU_E,1405,0,0,677
86,W2,SKU_A,2796,0,0,1667
86,W2,SKU_B,52,0,0,624
86,W2,SKU_C,788,0,0,1205
86,W2,SKU_D,0,0,20,758
86,W2,SKU_E,779,0,0,636
86,R1,SKU_A,0,175,0,590
86,R1,SKU_B,141,0,0,271
86,R1,SKU_C,220,0,0,543
86,R1,SKU_D,0,26,0,288
86,R1,SKU_E,61,0,0,127
86,R2,SKU_A,615,0,0,393
86,R2,SKU_B,302,0,0,293
86,R2,SKU_C,302,0,0,131
86,R2,SKU_D,0,107,0,91
86,R2,SKU_E,311,0,0,190
86,R3,SKU_A,221,0,0,756
86,R3,SKU_B,210,0,0,287
86,R3,SKU_C,113,0,0,590
86,R3,SKU_D,324,0,0,342
86,R3,SKU_E,501,0,0,311
87,Supplier,SKU_A,0,0,0,0
87,Supplier,SKU_B,0,0,0,0
87,Supplier,SKU_C,0,0,0,0
87,Supplier,SKU_D,0,0,0,0
87,Supplier,SKU_E,0,0,0,0
87,W1,SKU_A,0,0,780,1756
87,W1,SKU_B,0,0,103,1055
87,W1,SKU_C,0,0,720,1328
87,W1,SKU_D,0,0,508,763
87,W1,SKU_E,1319,0,0,677
87,W2,SKU_A,2580,0,0,1667
87,W2,SKU_B,0,0,14,624
87,W2,SKU_C,657,0,0,1205
87,W2,SKU_D,0,0,94,758
87,W2,SKU_E,698,0,0,636
87,R1,SKU_A,0,318,0,590
87,R1,SKU_B,70,0,0,271
87,R1,SKU_C,116,0,0,543
87,R1,SKU_D,0,96,0,288
87,R1,SKU_E,19,0,0,127
87,R2,SKU_A,537,0,0,393
87,R2,SKU_B,259,0,0,293
87,R2,SKU_C,269,0,0,131
87,R2,SKU_D,0,123,0,91
87,R2,SKU_E,259,0,0,190
87,R3,SKU_A,84,0,0,1459
87,R3,SKU_B,148,0,0,518
87,R3,SKU_C,0,8,0,1101
87,R3,SKU_D,239,0,0,550
87,R3,SKU_E,435,0,0,562
88,Supplier,SKU_A,0,0,0,0
88,Supplier,SKU_B,0,0,0,0
88,Supplier,SKU_C,0,0,0,0
88,Supplier,SKU_D,0,0,0,0
88,Supplier,SKU_E,0,0,0,0
88,W1,SKU_A,0,0,223,978
88,W1,SKU_B,192,0,0,646
88,W1,SKU_C,0,0,327,798
88,W1,SKU_D,0,0,280,449
88,W1,SKU_E,1521,0,0,381
88,W2,SKU_A,3071,0,0,1039
88,W2,SKU_B,155,0,0,393
88,W2,SKU_C,910,0,0,831
88,W2,SKU_D,106,0,0,473
88,W2,SKU_E,869,0,0,399
88,R1,SKU_A,127,0,0,0
88,R1,SKU_B,257,0,0,0
88,R1,SKU_C,514,0,0,0
88,R1,SKU_D,125,0,0,0
88,R1,SKU_E,97,0,0,0
88,R2,SKU_A,824,0,0,284
88,R2,SKU_B,462,0,0,171
88,R2,SKU_C,354,0,0,175
88,R2,SKU_D,0,61,0,116
88,R2,SKU_E,412,0,0,141
88,R3,SKU_A,631,0,0,703
88,R3,SKU_B,359,0,0,231
88,R3,SKU_C,445,0,0,511
88,R3,SKU_D,482,0,0,208
88,R3,SKU_E,686,0,0,251
89,Supplier,SKU_A,0,0,0,0
89,Supplier,SKU_B,0,0,0,0
89,Supplier,SKU_C,0,0,0,0
89,Supplier,SKU_D,0,0,0,0
89,Supplier,SKU_E,0,0,0,0
89,W1,SKU_A,0,0,474,1762
89,W1,SKU_B,18,0,0,1043
89,W1,SKU_C,0,0,518,1323
89,W1,SKU_D,0,0,376,763
89,W1,SKU_E,1435,0,0,652
89,W2,SKU_A,2862,0,0,1596
89,W2,SKU_B,79,0,0,594
89,W2,SKU_C,773,0,0,1222
89,W2,SKU_D,7,0,0,729
89,W2,SKU_E,809,0,0,628
89,R1,SKU_A,0,87,0,494
89,R1,SKU_B,162,0,0,222
89,R1,SKU_C,341,0,0,355
89,R1,SKU_D,49,0,0,198
89,R1,SKU_E,44,0,0,129
89,R2,SKU_A,708,0,0,284
89,R2,SKU_B,397,0,0,171
89,R2,SKU_C,299,0,0,175
89,R2,SKU_D,0,104,0,116
89,R2,SKU_E,369,0,0,141
89,R3,SKU_A,373,0,0,703
89,R3,SKU_B,276,0,0,231
89,R3,SKU_C,223,0,0,511
89,R3,SKU_D,353,0,0,208
89,R3,SKU_E,594,0,0,251
90,Supplier,SKU_A,0,0,0,0
90,Supplier,SKU_B,0,0,0,0
90,Supplier,SKU_C,0,0,0,0
90,Supplier,SKU_D,0,0,0,0
90,Supplier,SKU_E,0,0,0,0
90,W1,SKU_A,0,0,804,1762
90,W1,SKU_B,0,0,142,1043
90,W1,SKU_C,0,0,746,1323
90,W1,SKU_D,0,0,495,763
90,W1,SKU_E,1339,0,0,652
90,W2,SKU_A,3043,0,0,1157
90,W2,SKU_B,197,0,0,393
90,W2,SKU_C,900,0,0,873
90,W2,SKU_D,93,0,0,514
90,W2,SKU_E,916,0,0,429
90,R1,SKU_A,0,291,0,494
90,R1,SKU_B,39,0,0,222
90,R1,SKU_C,168,0,0,355
90,R1,SKU_D,0,44,0,198
90,R1,SKU_E,0,32,0,129
90,R2,SKU_A,585,0,0,284
90,R2,SKU_B,313,0,0,171
90,R2,SKU_C,223,0,0,175
90,R2,SKU_D,0,147,0,116
90,R2,SKU_E,329,0,0,141
90,R3,SKU_A,105,0,0,1307
90,R3,SKU_B,203,0,0,466
90,R3,SKU_C,0,27,0,991
90,R3,SKU_D,211,0,0,615
90,R3,SKU_E,506,0,0,469
91,Supplier,SKU_A,0,0,0,0
91,Supplier,SKU_B,0,0,0,0
91,Supplier,SKU_C,0,0,0,0
91,Supplier,SKU_D,0,0,0,0
91,Supplier,SKU_E,0,0,0,0
91,W1,SKU_A,0,0,153,784
91,W1,SKU_B,297,0,0,397
91,W1,SKU_C,0,0,197,525
91,W1,SKU_D,0,0,182,314
91,W1,SKU_E,1604,0,0,271
91,W2,SKU_A,2775,0,0,1157
91,W2,SKU_B,124,0,0,393
91,W2,SKU_C,650,0,0,873
91,W2,SKU_D,0,0,49,514
91,W2,SKU_E,828,0,0,429
91,R1,SKU_A,0,35,0,0
91,R1,SKU_B,163,0,0,0
91,R1,SKU_C,322,0,0,0
91,R1,SKU_D,64,0,0,0
91,R1,SKU_E,26,0,0,0
91,R2,SKU_A,757,0,0,415
91,R2,SKU_B,399,0,0,239
91,R2,SKU_C,338,0,0,307
91,R2,SKU_D,0,78,0,213
91,R2,SKU_E,424,0,0,120
91,R3,SKU_A,580,0,0,604
91,R3,SKU_B,321,0,0,235
91,R3,SKU_C,263,0,0,480
91,R3,SKU_D,303,0,0,407
91,R3,SKU_E,689,0,0,218
92,Supplier,SKU_A,0,0,0,0
92,Supplier,SKU_B,0,0,0,0
92,Supplier,SKU_C,0,0,0,0
92,Supplier,SKU_D,0,0,0,0
92,Supplier,SKU_E,0,0,0,0
92,W1,SKU_A,0,0,503,1692
92,W1,SKU_B,114,0,0,938
92,W1,SKU_C,0,0,458,1193
92,W1,SKU_D,0,0,319,665
92,W1,SKU_E,1487,0,0,569
92,W2,SKU_A,3147,0,0,1292
92,W2,SKU_B,203,0,0,433
92,W2,SKU_C,911,0,0,1000
92,W2,SKU_D,93,0,0,626
92,W2,SKU_E,960,0,0,469
92,R1,SKU_A,0,167,0,563
92,R1,SKU_B,80,0,0,316
92,R1,SKU_C,206,0,0,491
92,R1,SKU_D,0,2,0,236
92,R1,SKU_E,0,12,0,200
92,R2,SKU_A,644,0,0,415
92,R2,SKU_B,336,0,0,239
92,R2,SKU_C,289,0,0,307
92,R2,SKU_D,0,121,0,213
92,R2,SKU_E,384,0,0,120
92,R3,SKU_A,378,0,0,604
92,R3,SKU_B,250,0,0,235
92,R3,SKU_C,103,0,0,480
92,R3,SKU_D,200,0,0,407
92,R3,SKU_E,617,0,0,218
93,Supplier,SKU_A,0,0,0,0
93,Supplier,SKU_B,0,0,0,0
93,Supplier,SKU_C,0,0,0,0
93,Supplier,SKU_D,0,0,0,0
93,Supplier,SKU_E,0,0,0,0
93,W1,SKU_A,0,0,748,1692
93,W1,SKU_B,0,0,32,938
93,W1,SKU_C,0,0,623,1193
93,W1,SKU_D,0,0,428,665
93,W1,SKU_E,1409,0,0,569
93,W2,SKU_A,2945,0,0,1292
93,W2,SKU_B,132,0,0,433
93,W2,SKU_C,751,0,0,1000
93,W2,SKU_D,0,0,10,626
93,W2,SKU_E,888,0,0,469
93,R1,SKU_A,0,327,0,563
93,R1,SKU_B,0,32,0,316
93,R1,SKU_C,83,0,0,491
93,R1,SKU_D,0,68,0,236
93,R1,SKU_E,0,48,0,200
93,R2,SKU_A,537,0,0,415
93,R2,SKU_B,258,0,0,239
93,R2,SKU_C,200,0,0,307
93,R2,SKU_D,0,160,0,213
93,R2,SKU_E,342,0,0,120
93,R3,SKU_A,199,0,0,1302
93,R3,SKU_B,179,0,0,492
93,R3,SKU_C,0,37,0,1111
93,R3,SKU_D,100,0,0,758
93,R3,SKU_E,557,0,0,446
94,Supplier,SKU_A,0,0,0,0
94,Supplier,SKU_B,0,0,0,0
94,Supplier,SKU_C,0,0,0,0
94,Supplier,SKU_D,0,0,0,0
94,Supplier,SKU_E,0,0,0,0
94,W1,SKU_A,0,0,231,908
94,W1,SKU_B,175,0,0,541
94,W1,SKU_C,0,0,310,668
94,W1,SKU_D,0,0,219,351
94,W1,SKU_E,1602,0,0,298
94,W2,SKU_A,2766,0,0,1292
94,W2,SKU_B,61,0,0,433
94,W2,SKU_C,611,0,0,1000
94,W2,SKU_D,0,0,110,626
94,W2,SKU_E,828,0,0,469
94,R1,SKU_A,101,0,0,0
94,R1,SKU_B,214,0,0,0
94,R1,SKU_C,431,0,0,0
94,R1,SKU_D,119,0,0,0
94,R1,SKU_E,118,0,0,0
94,R2,SKU_A,870,0,0,254
94,R2,SKU_B,405,0,0,226
94,R2,SKU_C,455,0,0,85
94,R2,SKU_D,28,0,0,92
94,R2,SKU_E,425,0,0,128
94,R3,SKU_A,638,0,0,698
94,R3,SKU_B,325,0,0,257
94,R3,SKU_C,328,0,0,631
94,R3,SKU_D,432,0,0,351
94,R3,SKU_E,698,0,0,228
95,Supplier,SKU_A,0,0,0,0
95,Supplier,SKU_B,0,0,0,0
95,Supplier,SKU_C,0,0,0,0
95,Supplier,SKU_D,0,0,0,0
95,Supplier,SKU_E,0,0,0,0
95,W1,SKU_A,0,0,448,1770
95,W1,SKU_B,13,0,0,1060
95,W1,SKU_C,0,0,505,1306
95,W1,SKU_D,0,0,293,702
95,W1,SKU_E,1531,0,0,571
95,W2,SKU_A,3158,0,0,1344
95,W2,SKU_B,173,0,0,487
95,W2,SKU_C,887,0,0,1130
95,W2,SKU_D,71,0,0,689
95,W2,SKU_E,980,0,0,440
95,R1,SKU_A,0,60,0,530
95,R1,SKU_B,146,0,0,265
95,R1,SKU_C,343,0,0,440
95,R1,SKU_D,55,0,0,222
95,R1,SKU_E,77,0,0,108
95,R2,SKU_A,747,0,0,254
95,R2,SKU_B,332,0,0,226
95,R2,SKU_C,395,0,0,85
95,R2,SKU_D,0,1,0,92
95,R2,SKU_E,389,0,0,128
95,R3,SKU_A,454,0,0,698
95,R3,SKU_B,254,0,0,257
95,R3,SKU_C,187,0,0,631
95,R3,SKU_D,339,0,0,351
95,R3,SKU_E,625,0,0,228
96,Supplier,SKU_A,0,0,0,0
96,Supplier,SKU_B,0,0,0,0
96,Supplier,SKU_C,0,0,0,0
96,Supplier,SKU_D,0,0,0,0
96,Supplier,SKU_E,0,0,0,0
96,W1,SKU_A,0,0,732,1770
96,W1,SKU_B,0,0,128,1060
96,W1,SKU_C,0,0,653,1306
96,W1,SKU_D,0,0,386,702
96,W1,SKU_E,1454,0,0,571
96,W2,SKU_A,2974,0,0,1344
96,W2,SKU_B,102,0,0,487
96,W2,SKU_C,746,0,0,1130
96,W2,SKU_D,0,0,22,689
96,W2,SKU_E,907,0,0,440
96,R1,SKU_A,0,260,0,530
96,R1,SKU_B,34,0,0,265
96,R1,SKU_C,174,0,0,440
96,R1,SKU_D,0,23,0,222
96,R1,SKU_E,20,0,0,108
96,R2,SKU_A,655,0,0,254
96,R2,SKU_B,251,0,0,226
96,R2,SKU_C,336,0,0,85
96,R2,SKU_D,0,42,0,92
96,R2,SKU_E,329,0,0,128
96,R3,SKU_A,166,0,0,1226
96,R3,SKU_B,160,0,0,488
96,R3,SKU_C,0,43,0,1027
96,R3,SKU_D,195,0,0,607
96,R3,SKU_E,534,0,0,438
97,Supplier,SKU_A,0,0,0,0
97,Supplier,SKU_B,0,0,0,0
97,Supplier,SKU_C,0,0,0,0
97,Supplier,SKU_D,0,0,0,0
97,Supplier,SKU_E,0,0,0,0
97,W1,SKU_A,0,0,116,862
97,W1,SKU_B,220,0,0,519
97,W1,SKU_C,0,0,213,638
97,W1,SKU_D,0,0,154,351
97,W1,SKU_E,1635,0,0,273
97,W2,SKU_A,2686,0,0,1344
97,W2,SKU_B,8,0,0,487
97,W2,SKU_C,516,0,0,1130
97,W2,SKU_D,0,0,166,689
97,W2,SKU_E,816,0,0,440
97,R1,SKU_A,27,0,0,0
97,R1,SKU_B,147,0,0,0
97,R1,SKU_C,391,0,0,0
97,R1,SKU_D,94,0,0,0
97,R1,SKU_E,63,0,0,0
97,R2,SKU_A,783,0,0,412
97,R2,SKU_B,369,0,0,246
97,R2,SKU_C,334,0,0,268
97,R2,SKU_D,0,23,0,160
97,R2,SKU_E,394,0,0,133
97,R3,SKU_A,570,0,0,528
97,R3,SKU_B,315,0,0,231
97,R3,SKU_C,336,0,0,396
97,R3,SKU_D,381,0,0,256
97,R3,SKU_E,648,0,0,210
98,Supplier,SKU_A,0,0,0,0
98,Supplier,SKU_B,0,0,0,0
98,Supplier,SKU_C,0,0,0,0
98,Supplier,SKU_D,0,0,0,0
98,Supplier,SKU_E,0,0,0,0
98,W1,SKU_A,0,0,485,1655
98,W1,SKU_B,0,0,40,1015
98,W1,SKU_C,0,0,523,1209
98,W1,SKU_D,0,0,332,637
98,W1,SKU_E,1507,0,0,538
98,W2,SKU_A,3127,0,0,1246
98,W2,SKU_B,138,0,0,509
98,W2,SKU_C,873,0,0,1007
98,W2,SKU_D,39,0,0,631
98,W2,SKU_E,942,0,0,441
98,R1,SKU_A,0,209,0,496
98,R1,SKU_B,44,0,0,332
98,R1,SKU_C,177,0,0,400
98,R1,SKU_D,0,7,0,191
98,R1,SKU_E,0,0,0,163
98,R2,SKU_A,660,0,0,412
98,R2,SKU_B,279,0,0,246
98,R2,SKU_C,248,0,0,268
98,R2,SKU_D,0,91,0,160
98,R2,SKU_E,329,0,0,133
98,R3,SKU_A,250,0,0,528
98,R3,SKU_B,196,0,0,231
98,R3,SKU_C,80,0,0,396
98,R3,SKU_D,262,0,0,256
98,R3,SKU_E,559,0,0,210
99,Supplier,SKU_A,0,0,0,0
99,Supplier,SKU_B,0,0,0,0
99,Supplier,SKU_C,0,0,0,0
99,Supplier,SKU_D,0,0,0,0
99,Supplier,SKU_E,0,0,0,0
99,W1,SKU_A,0,0,844,1655
99,W1,SKU_B,0,0,233,1015
99,W1,SKU_C,0,0,823,1209
99,W1,SKU_D,0,0,501,637
99,W1,SKU_E,1379,0,0,538
99,W2,SKU_A,2807,0,0,1246
99,W2,SKU_B,19,0,0,509
99,W2,SKU_C,617,0,0,1007
99,W2,SKU_D,0,0,80,631
99,W2,SKU_E,853,0,0,441
99,R1,SKU_A,0,417,0,496
99,R1,SKU_B,0,43,0,332
99,R1,SKU_C,35,0,0,400
99,R1,SKU_D,0,78,0,191
99,R1,SKU_E,0,64,0,163
99,R2,SKU_A,554,0,0,412
99,R2,SKU_B,213,0,0,246
99,R2,SKU_C,188,0,0,268
99,R2,SKU_D,0,144,0,160
99,R2,SKU_E,275,0,0,133
99,R3,SKU_A,7,0,0,1430
99,R3,SKU_B,120,0,0,546
99,R3,SKU_C,0,78,0,1134
99,R3,SKU_D,153,0,0,626
99,R3,SKU_E,476,0,0,504
100,Supplier,SKU_A,0,0,0,0
100,Supplier,SKU_B,0,0,0,0
100,Supplier,SKU_C,0,0,0,0
100,Supplier,SKU_D,0,0,0,0
100,Supplier,SKU_E,0,0,0,0
100,W1,SKU_A,0,0,296,793
100,W1,SKU_B,133,0,0,496
100,W1,SKU_C,0,0,387,571
100,W1,SKU_D,0,0,274,286
100,W1,SKU_E,1534,0,0,265
100,W2,SKU_A,2564,0,0,1860
100,W2,SKU_B,0,0,57,730
100,W2,SKU_C,459,0,0,1515
100,W2,SKU_D,0,0,189,915
100,W2,SKU_E,770,0,0,644
100,R1,SKU_A,0,70,0,0
100,R1,SKU_B,223,0,0,0
100,R1,SKU_C,343,0,0,0
100,R1,SKU_D,44,0,0,0
100,R1,SKU_E,62,0,0,0
100,R2,SKU_A,863,0,0,175
100,R2,SKU_B,405,0,0,264
100,R2,SKU_C,402,0,0,59
100,R2,SKU_D,0,30,0,74
100,R2,SKU_E,359,0,0,182
100,R3,SKU_A,317,0,0,902
100,R3,SKU_B,264,0,0,315
100,R3,SKU_C,250,0,0,738
100,R3,SKU_D,296,0,0,370
100,R3,SKU_E,613,0,0,294
101,Supplier,SKU_A,0,0,0,0
101,Supplier,SKU_B,0,0,0,0
101,Supplier,SKU_C,0,0,0,0
101,Supplier,SKU_D,0,0,0,0
101,Supplier,SKU_E,0,0,0,0
101,W1,SKU_A,0,0,548,1835
101,W1,SKU_B,13,0,0,1102
101,W1,SKU_C,0,0,533,1383
101,W1,SKU_D,0,0,389,757
101,W1,SKU_E,1448,0,0,639
101,W2,SKU_A,2955,0,0,1251
101,W2,SKU_B,111,0,0,475
101,W2,SKU_C,912,0,0,994
101,W2,SKU_D,17,0,0,596
101,W2,SKU_E,897,0,0,444
101,R1,SKU_A,0,245,0,687
101,R1,SKU_B,160,0,0,256
101,R1,SKU_C,224,0,0,579
101,R1,SKU_D,0,30,0,277
101,R1,SKU_E,0,0,0,164
101,R2,SKU_A,751,0,0,175
101,R2,SKU_B,346,0,0,264
101,R2,SKU_C,340,0,0,59
101,R2,SKU_D,0,87,0,74
101,R2,SKU_E,313,0,0,182
101,R3,SKU_A,118,0,0,902
101,R3,SKU_B,205,0,0,315
101,R3,SKU_C,104,0,0,738
101,R3,SKU_D,168,0,0,370
101,R3,SKU_E,538,0,0,294
102,Supplier,SKU_A,0,0,0,0
102,Supplier,SKU_B,0,0,0,0
102,Supplier,SKU_C,0,0,0,0
102,Supplier,SKU_D,0,0,0,0
102,Supplier,SKU_E,0,0,0,0
102,W1,SKU_A,0,0,835,1835
102,W1,SKU_B,0,0,109,1102
102,W1,SKU_C,0,0,714,1383
102,W1,SKU_D,0,0,520,757
102,W1,SKU_E,1340,0,0,639
102,W2,SKU_A,2756,0,0,1251
102,W2,SKU_B,52,0,0,475
102,W2,SKU_C,766,0,0,994
102,W2,SKU_D,0,0,111,596
102,W2,SKU_E,822,0,0,444
102,R1,SKU_A,0,390,0,687
102,R1,SKU_B,80,0,0,256
102,R1,SKU_C,112,0,0,579
102,R1,SKU_D,0,86,0,277
102,R1,SKU_E,0,45,0,164
102,R2,SKU_A,645,0,0,175
102,R2,SKU_B,280,0,0,264
102,R2,SKU_C,285,0,0,59
102,R2,SKU_D,0,138,0,74
102,R2,SKU_E,270,0,0,182
102,R3,SKU_A,0,92,0,1562
102,R3,SKU_B,123,0,0,537
102,R3,SKU_C,0,72,0,1110
102,R3,SKU_D,53,0,0,689
102,R3,SKU_E,461,0,0,525
103,Supplier,SKU_A,0,0,0,0
103,Supplier,SKU_B,0,0,0,0
103,Supplier,SKU_C,0,0,0,0
103,Supplier,SKU_D,0,0,0,0
103,Supplier,SKU_E,0,0,0,0
103,W1,SKU_A,0,0,293,1042
103,W1,SKU_B,241,0,0,606
103,W1,SKU_C,0,0,310,812
103,W1,SKU_D,0,0,341,471
103,W1,SKU_E,1517,0,0,374
103,W2,SKU_A,2546,0,0,1911
103,W2,SKU_B,0,0,30,697
103,W2,SKU_C,590,0,0,1366
103,W2,SKU_D,0,0,226,946
103,W2,SKU_E,745,0,0,675
103,R1,SKU_A,119,0,0,0
103,R1,SKU_B,219,0,0,0
103,R1,SKU_C,517,0,0,0
103,R1,SKU_D,101,0,0,0
103,R1,SKU_E,61,0,0,0
103,R2,SKU_A,700,0,0,324
103,R2,SKU_B,472,0,0,179
103,R2,SKU_C,286,0,0,248
103,R2,SKU_D,0,127,0,87
103,R2,SKU_E,399,0,0,138
103,R3,SKU_A,570,0,0,660
103,R3,SKU_B,384,0,0,222
103,R3,SKU_C,433,0,0,372
103,R3,SKU_D,302,0,0,319
103,R3,SKU_E,651,0,0,231
104,Supplier,SKU_A,0,0,0,0
104,Supplier,SKU_B,0,0,0,0
104,Supplier,SKU_C,0,0,0,0
104,Supplier,SKU_D,0,0,0,0
104,Supplier,SKU_E,0,0,0,0
104,W1,SKU_A,0,0,591,1832
104,W1,SKU_B,52,0,0,994
104,W1,SKU_C,0,0,542,1306
104,W1,SKU_D,0,0,494,824
104,W1,SKU_E,1406,0,0,656
104,W2,SKU_A,2943,0,0,1274
104,W2,SKU_B,170,0,0,443
104,W2,SKU_C,843,0,0,880
104,W2,SKU_D,0,0,35,634
104,W2,SKU_E,882,0,0,434
104,R1,SKU_A,0,107,0,469
104,R1,SKU_B,104,0,0,260
104,R1,SKU_C,296,0,0,323
104,R1,SKU_D,4,0,0,199
104,R1,SKU_E,0,4,0,165
104,R2,SKU_A,587,0,0,324
104,R2,SKU_B,367,0,0,179
104,R2,SKU_C,207,0,0,248
104,R2,SKU_D,0,192,0,87
104,R2,SKU_E,331,0,0,138
104,R3,SKU_A,269,0,0,660
104,R3,SKU_B,300,0,0,222
104,R3,SKU_C,178,0,0,372
104,R3,SKU_D,142,0,0,319
104,R3,SKU_E,561,0,0,231
105,Supplier,SKU_A,0,0,0,0
105,Supplier,SKU_B,0,0,0,0
105,Supplier,SKU_C,0,0,0,0
105,Supplier,SKU_D,0,0,0,0
105,Supplier,SKU_E,0,0,0,0
105,W1,SKU_A,0,0,930,1832
105,W1,SKU_B,0,0,168,994
105,W1,SKU_C,0,0,842,1306
105,W1,SKU_D,0,0,656,824
105,W1,SKU_E,1273,0,0,656
105,W2,SKU_A,2642,0,0,1724
105,W2,SKU_B,86,0,0,579
105,W2,SKU_C,588,0,0,1289
105,W2,SKU_D,0,0,195,870
105,W2,SKU_E,792,0,0,615
105,R1,SKU_A,0,376,0,469
105,R1,SKU_B,0,9,0,260
105,R1,SKU_C,25,0,0,323
105,R1,SKU_D,0,110,0,199
105,R1,SKU_E,0,64,0,165
105,R2,SKU_A,448,0,0,324
105,R2,SKU_B,275,0,0,179
105,R2,SKU_C,116,0,0,248
105,R2,SKU_D,0,275,0,87
105,R2,SKU_E,277,0,0,138
105,R3,SKU_A,0,60,0,1411
105,R3,SKU_B,222,0,0,442
105,R3,SKU_C,0,114,0,1036
105,R3,SKU_D,0,2,0,631
105,R3,SKU_E,461,0,0,502
106,Supplier,SKU_A,0,0,0,0
106,Supplier,SKU_B,0,0,0,0
106,Supplier,SKU_C,0,0,0,0
106,Supplier,SKU_D,0,0,0,0
106,Supplier,SKU_E,0,0,0,0
106,W1,SKU_A,0,0,296,790
106,W1,SKU_B,233,0,0,388
106,W1,SKU_C,0,0,392,494
106,W1,SKU_D,0,0,382,353
106,W1,SKU_E,1533,0,0,282
106,W2,SKU_A,2927,0,0,1110
106,W2,SKU_B,229,0,0,358
106,W2,SKU_C,804,0,0,781
106,W2,SKU_D,0,0,55,586
106,W2,SKU_E,895,0,0,412
106,R1,SKU_A,0,68,0,673
106,R1,SKU_B,170,0,0,228
106,R1,SKU_C,207,0,0,666
106,R1,SKU_D,5,0,0,301
106,R1,SKU_E,48,0,0,125
106,R2,SKU_A,637,0,0,369
106,R2,SKU_B,374,0,0,269
106,R2,SKU_C,281,0,0,146
106,R2,SKU_D,0,226,0,170
106,R2,SKU_E,362,0,0,175
106,R3,SKU_A,352,0,0,751
106,R3,SKU_B,365,0,0,220
106,R3,SKU_C,109,0,0,664
106,R3,SKU_D,226,0,0,312
106,R3,SKU_E,638,0,0,271
107,Supplier,SKU_A,0,0,0,0
107,Supplier,SKU_B,0,0,0,0
107,Supplier,SKU_C,0,0,0,0
107,Supplier,SKU_D,0,0,0,0
107,Supplier,SKU_E,0,0,0,0
107,W1,SKU_A,0,0,592,1835
107,W1,SKU_B,72,0,0,1002
107,W1,SKU_C,0,0,616,1388
107,W1,SKU_D,0,0,504,865
107,W1,SKU_E,1427,0,0,640
107,W2,SKU_A,2679,0,0,1740
107,W2,SKU_B,150,0,0,520
107,W2,SKU_C,655,0,0,1328
107,W2,SKU_D,0,0,146,890
107,W2,SKU_E,841,0,0,602
107,R1,SKU_A,0,257,0,673
107,R1,SKU_B,92,0,0,228
107,R1,SKU_C,74,0,0,666
107,R1,SKU_D,0,64,0,301
107,R1,SKU_E,2,0,0,125
107,R2,SKU_A,533,0,0,369
107,R2,SKU_B,305,0,0,269
107,R2,SKU_C,229,0,0,146
107,R2,SKU_D,0,277,0,170
107,R2,SKU_E,315,0,0,175
107,R3,SKU_A,150,0,0,751
107,R3,SKU_B,276,0,0,220
107,R3,SKU_C,0,11,0,664
107,R3,SKU_D,142,0,0,312
107,R3,SKU_E,571,0,0,271
108,Supplier,SKU_A,0,0,0,0
108,Supplier,SKU_B,0,0,0,0
108,Supplier,SKU_C,0,0,0,0
108,Supplier,SKU_D,0,0,0,0
108,Supplier,SKU_E,0,0,0,0
108,W1,SKU_A,0,0,885,1835
108,W1,SKU_B,0,0,75,1002
108,W1,SKU_C,0,0,801,1388
108,W1,SKU_D,0,0,624,865
108,W1,SKU_E,1334,0,0,640
108,W2,SKU_A,2477,0,0,1740
108,W2,SKU_B,61,0,0,520
108,W2,SKU_C,535,0,0,1328
108,W2,SKU_D,0,0,230,890
108,W2,SKU_E,774,0,0,602
108,R1,SKU_A,222,0,0,0
108,R1,SKU_B,265,0,0,0
108,R1,SKU_C,566,0,0,0
108,R1,SKU_D,170,0,0,0
108,R1,SKU_E,78,0,0,0
108,R2,SKU_A,416,0,0,369
108,R2,SKU_B,230,0,0,269
108,R2,SKU_C,159,0,0,146
108,R2,SKU_D,0,317,0,170
108,R2,SKU_E,261,0,0,175
108,R3,SKU_A,0,54,0,1530
108,R3,SKU_B,204,0,0,466
108,R3,SKU_C,0,171,0,1225
108,R3,SKU_D,53,0,0,596
108,R3,SKU_E,480,0,0,492
109,Supplier,SKU_A,0,0,0,0
109,Supplier,SKU_B,0,0,0,0
109,Supplier,SKU_C,0,0,0,0
109,Supplier,SKU_D,0,0,0,0
109,Supplier,SKU_E,0,0,0,0
109,W1,SKU_A,0,0,406,1045
109,W1,SKU_B,183,0,0,614
109,W1,SKU_C,0,0,551,894
109,W1,SKU_D,0,0,378,512
109,W1,SKU_E,1513,0,0,358
109,W2,SKU_A,2933,0,0,1080
109,W2,SKU_B,211,0,0,298
109,W2,SKU_C,747,0,0,956
109,W2,SKU_D,31,0,0,540
109,W2,SKU_E,914,0,0,371
109,R1,SKU_A,60,0,0,544
109,R1,SKU_B,181,0,0,214
109,R1,SKU_C,459,0,0,448
109,R1,SKU_D,81,0,0,220
109,R1,SKU_E,33,0,0,148
109,R2,SKU_A,668,0,0,246
109,R2,SKU_B,439,0,0,224
109,R2,SKU_C,250,0,0,46
109,R2,SKU_D,0,208,0,133
109,R2,SKU_E,386,0,0,154
109,R3,SKU_A,458,0,0,779
109,R3,SKU_B,339,0,0,246
109,R3,SKU_C,319,0,0,561
109,R3,SKU_D,266,0,0,284
109,R3,SKU_E,659,0,0,221
110,Supplier,SKU_A,0,0,0,0
110,Supplier,SKU_B,0,0,0,0
110,Supplier,SKU_C,0,0,0,0
110,Supplier,SKU_D,0,0,0,0
110,Supplier,SKU_E,0,0,0,0
110,W1,SKU_A,0,0,685,1945
110,W1,SKU_B,39,0,0,1052
110,W1,SKU_C,0,0,713,1547
110,W1,SKU_D,0,0,528,861
110,W1,SKU_E,1418,0,0,660
110,W2,SKU_A,2694,0,0,1734
110,W2,SKU_B,126,0,0,538
110,W2,SKU_C,573,0,0,1385
110,W2,SKU_D,0,0,68,804
110,W2,SKU_E,822,0,0,583
110,R1,SKU_A,0,156,0,544
110,R1,SKU_B,82,0,0,214
110,R1,SKU_C,300,0,0,448
110,R1,SKU_D,0,12,0,220
110,R1,SKU_E,0,9,0,148
110,R2,SKU_A,532,0,0,246
110,R2,SKU_B,343,0,0,224
110,R2,SKU_C,191,0,0,46
110,R2,SKU_D,0,254,0,133
110,R2,SKU_E,329,0,0,154
110,R3,SKU_A,184,0,0,779
110,R3,SKU_B,253,0,0,246
110,R3,SKU_C,98,0,0,561
110,R3,SKU_D,141,0,0,284
110,R3,SKU_E,534,0,0,221
111,Supplier,SKU_A,0,0,0,0
111,Supplier,SKU_B,0,0,0,0
111,Supplier,SKU_C,0,0,0,0
111,Supplier,SKU_D,0,0,0,0
111,Supplier,SKU_E,0,0,0,0
111,W1,SKU_A,0,0,1037,1945
111,W1,SKU_B,0,0,156,1052
111,W1,SKU_C,0,0,931,1547
111,W1,SKU_D,0,0,667,861
111,W1,SKU_E,1319,0,0,660
111,W2,SKU_A,2870,0,0,1284
111,W2,SKU_B,176,0,0,402
111,W2,SKU_C,761,0,0,976
111,W2,SKU_D,43,0,0,568
111,W2,SKU_E,878,0,0,402
111,R1,SKU_A,137,0,0,0
111,R1,SKU_B,125,0,0,0
111,R1,SKU_C,501,0,0,0
111,R1,SKU_D,111,0,0,0
111,R1,SKU_E,87,0,0,0
111,R2,SKU_A,352,0,0,246
111,R2,SKU_B,212,0,0,224
111,R2,SKU_C,40,0,0,46
111,R2,SKU_D,0,334,0,133
111,R2,SKU_E,277,0,0,154
111,R3,SKU_A,0,147,0,1496
111,R3,SKU_B,159,0,0,489
111,R3,SKU_C,0,177,0,1116
111,R3,SKU_D,0,18,0,827
111,R3,SKU_E,424,0,0,529
112,Supplier,SKU_A,0,0,0,0
112,Supplier,SKU_B,0,0,0,0
112,Supplier,SKU_C,0,0,0,0
112,Supplier,SKU_D,0,0,0,0
112,Supplier,SKU_E,0,0,0,0
112,W1,SKU_A,0,0,423,900
112,W1,SKU_B,156,0,0,438
112,W1,SKU_C,0,0,435,653
112,W1,SKU_D,0,0,332,349
112,W1,SKU_E,1573,0,0,302
112,W2,SKU_A,2539,0,0,1797
112,W2,SKU_B,82,0,0,573
112,W2,SKU_C,486,0,0,1371
112,W2,SKU_D,0,0,116,792
112,W2,SKU_E,768,0,0,619
112,R1,SKU_A,0,121,0,629
112,R1,SKU_B,0,34,0,354
112,R1,SKU_C,193,0,0,513
112,R1,SKU_D,0,8,0,279
112,R1,SKU_E,1,0,0,139
112,R2,SKU_A,442,0,0,416
112,R2,SKU_B,291,0,0,287
112,R2,SKU_C,0,26,0,381
112,R2,SKU_D,0,271,0,233
112,R2,SKU_E,349,0,0,159
112,R3,SKU_A,312,0,0,717
112,R3,SKU_B,295,0,0,243
112,R3,SKU_C,155,0,0,555
112,R3,SKU_D,140,0,0,543
112,R3,SKU_E,526,0,0,308
113,Supplier,SKU_A,0,0,0,0
113,Supplier,SKU_B,0,0,0,0
113,Supplier,SKU_C,0,0,0,0
113,Supplier,SKU_D,0,0,0,0
113,Supplier,SKU_E,0,0,0,0
113,W1,SKU_A,0,0,837,1962
113,W1,SKU_B,0,0,148,1079
113,W1,SKU_C,0,0,855,1431
113,W1,SKU_D,0,0,521,815
113,W1,SKU_E,1405,0,0,600
113,W2,SKU_A,2849,0,0,1167
113,W2,SKU_B,134,0,0,411
113,W2,SKU_C,804,0,0,824
113,W2,SKU_D,62,0,0,488
113,W2,SKU_E,839,0,0,429
113,R1,SKU_A,0,289,0,629
113,R1,SKU_B,0,134,0,354
113,R1,SKU_C,39,0,0,513
113,R1,SKU_D,0,112,0,279
113,R1,SKU_E,0,59,0,139
113,R2,SKU_A,304,0,0,416
113,R2,SKU_B,220,0,0,287
113,R2,SKU_C,0,121,0,381
113,R2,SKU_D,0,311,0,233
113,R2,SKU_E,304,0,0,159
113,R3,SKU_A,101,0,0,717
113,R3,SKU_B,194,0,0,243
113,R3,SKU_C,27,0,0,555
113,R3,SKU_D,30,0,0,543
113,R3,SKU_E,417,0,0,308
114,Supplier,SKU_A,0,0,0,0
114,Supplier,SKU_B,0,0,0,0
114,Supplier,SKU_C,0,0,0,0
114,Supplier,SKU_D,0,0,0,0
114,Supplier,SKU_E,0,0,0,0
114,W1,SKU_A,0,0,1143,1962
114,W1,SKU_B,0,0,319,1079
114,W1,SKU_C,0,0,1104,1431
114,W1,SKU_D,0,0,665,815
114,W1,SKU_E,1300,0,0,600
114,W2,SKU_A,2638,0,0,1818
114,W2,SKU_B,33,0,0,615
114,W2,SKU_C,676,0,0,1328
114,W2,SKU_D,0,0,48,773
114,W2,SKU_E,730,0,0,658
114,R1,SKU_A,164,0,0,0
114,R1,SKU_B,131,0,0,0
114,R1,SKU_C,442,0,0,0
114,R1,SKU_D,84,0,0,0
114,R1,SKU_E,22,0,0,0
114,R2,SKU_A,173,0,0,416
114,R2,SKU_B,152,0,0,287
114,R2,SKU_C,0,180,0,381
114,R2,SKU_D,0,355,0,233
114,R2,SKU_E,249,0,0,159
114,R3,SKU_A,0,132,0,1579
114,R3,SKU_B,113,0,0,548
114,R3,SKU_C,0,138,0,1187
114,R3,SKU_D,0,72,0,890
114,R3,SKU_E,344,0,0,646
115,Supplier,SKU_A,0,0,0,0
115,Supplier,SKU_B,0,0,0,0
115,Supplier,SKU_C,0,0,0,0
115,Supplier,SKU_D,0,0,0,0
115,Supplier,SKU_E,0,0,0,0
115,W1,SKU_A,0,0,550,1062
115,W1,SKU_B,0,0,38,641
115,W1,SKU_C,0,0,620,778
115,W1,SKU_D,0,0,443,466
115,W1,SKU_E,1489,0,0,298
115,W2,SKU_A,2405,0,0,1818
115,W2,SKU_B,0,0,48,615
115,W2,SKU_C,511,0,0,1328
115,W2,SKU_D,0,0,150,773
115,W2,SKU_E,657,0,0,658
115,R1,SKU_A,16,0,0,602
115,R1,SKU_B,45,0,0,348
115,R1,SKU_C,318,0,0,572
115,R1,SKU_D,20,0,0,306
115,R1,SKU_E,0,25,0,204
115,R2,SKU_A,497,0,0,298
115,R2,SKU_B,392,0,0,246
115,R2,SKU_C,153,0,0,81
115,R2,SKU_D,0,153,0,43
115,R2,SKU_E,356,0,0,182
115,R3,SKU_A,401,0,0,862
115,R3,SKU_B,316,0,0,305
115,R3,SKU_C,312,0,0,632
115,R3,SKU_D,381,0,0,347
115,R3,SKU_E,576,0,0,338
116,Supplier,SKU_A,0,0,0,0
116,Supplier,SKU_B,0,0,0,0
116,Supplier,SKU_C,0,0,0,0
116,Supplier,SKU_D,0,0,0,0
116,Supplier,SKU_E,0,0,0,0
116,W1,SKU_A,0,0,790,2089
116,W1,SKU_B,0,0,171,1273
116,W1,SKU_C,0,0,792,1616
116,W1,SKU_D,0,0,538,926
116,W1,SKU_E,1390,0,0,684
116,W2,SKU_A,2875,0,0,1164
116,W2,SKU_B,152,0,0,375
116,W2,SKU_C,835,0,0,899
116,W2,SKU_D,24,0,0,509
116,W2,SKU_E,793,0,0,446
116,R1,SKU_A,0,110,0,602
116,R1,SKU_B,0,11,0,348
116,R1,SKU_C,213,0,0,572
116,R1,SKU_D,0,39,0,306
116,R1,SKU_E,0,69,0,204
116,R2,SKU_A,424,0,0,298
116,R2,SKU_B,328,0,0,246
116,R2,SKU_C,99,0,0,81
116,R2,SKU_D,0,186,0,43
116,R2,SKU_E,314,0,0,182
116,R3,SKU_A,248,0,0,862
116,R3,SKU_B,255,0,0,305
116,R3,SKU_C,246,0,0,632
116,R3,SKU_D,302,0,0,347
116,R3,SKU_E,504,0,0,338
117,Supplier,SKU_A,0,0,0,0
117,Supplier,SKU_B,0,0,0,0
117,Supplier,SKU_C,0,0,0,0
117,Supplier,SKU_D,0,0,0,0
117,Supplier,SKU_E,0,0,0,0
117,W1,SKU_A,0,0,989,2089
117,W1,SKU_B,0,0,291,1273
117,W1,SKU_C,0,0,951,1616
117,W1,SKU_D,0,0,630,926
117,W1,SKU_E,1304,0,0,684
117,W2,SKU_A,2722,0,0,1792
117,W2,SKU_B,91,0,0,597
117,W2,SKU_C,769,0,0,1297
117,W2,SKU_D,0,0,55,811
117,W2,SKU_E,721,0,0,704
117,R1,SKU_A,327,0,0,0
117,R1,SKU_B,233,0,0,0
117,R1,SKU_C,651,0,0,0
117,R1,SKU_D,209,0,0,0
117,R1,SKU_E,88,0,0,0
117,R2,SKU_A,333,0,0,298
117,R2,SKU_B,257,0,0,246
117,R2,SKU_C,53,0,0,81
117,R2,SKU_D,0,237,0,43
117,R2,SKU_E,262,0,0,182
117,R3,SKU_A,0,26,0,1432
117,R3,SKU_B,145,0,0,487
117,R3,SKU_C,103,0,0,968
117,R3,SKU_D,178,0,0,611
117,R3,SKU_E,384,0,0,559
118,Supplier,SKU_A,0,0,0,0
118,Supplier,SKU_B,0,0,0,0
118,Supplier,SKU_C,0,0,0,0
118,Supplier,SKU_D,0,0,0,0
118,Supplier,SKU_E,0,0,0,0
118,W1,SKU_A,0,0,183,1027
118,W1,SKU_B,175,0,0,632
118,W1,SKU_C,0,0,353,838
118,W1,SKU_D,0,0,273,460
118,W1,SKU_E,1503,0,0,386
118,W2,SKU_A,2961,0,0,1279
118,W2,SKU_B,152,0,0,426
118,W2,SKU_C,1021,0,0,902
118,W2,SKU_D,45,0,0,587
118,W2,SKU_E,818,0,0,487
118,R1,SKU_A,86,0,0,439
118,R1,SKU_B,110,0,0,246
118,R1,SKU_C,411,0,0,363
118,R1,SKU_D,100,0,0,181
118,R1,SKU_E,36,0,0,138
118,R2,SKU_A,538,0,0,623
118,R2,SKU_B,419,0,0,220
118,R2,SKU_C,53,0,0,415
118,R2,SKU_D,0,251,0,285
118,R2,SKU_E,387,0,0,146
118,R3,SKU_A,469,0,0,570
118,R3,SKU_B,356,0,0,182
118,R3,SKU_C,515,0,0,336
118,R3,SKU_D,371,0,0,264
118,R3,SKU_E,626,0,0,221
119,Supplier,SKU_A,0,0,0,0
119,Supplier,SKU_B,0,0,0,0
119,Supplier,SKU_C,0,0,0,0
119,Supplier,SKU_D,0,0,0,0
119,Supplier,SKU_E,0,0,0,0
119,W1,SKU_A,0,0,517,1722
119,W1,SKU_B,0,0,32,1060
119,W1,SKU_C,0,0,674,1349
119,W1,SKU_D,0,0,439,756
119,W1,SKU_E,1394,0,0,670
119,W2,SKU_A,2594,0,0,1279
119,W2,SKU_B,58,0,0,426
119,W2,SKU_C,801,0,0,902
119,W2,SKU_D,0,0,109,587
119,W2,SKU_E,722,0,0,487
119,R1,SKU_A,0,195,0,439
119,R1,SKU_B,0,0,0,246
119,R1,SKU_C,247,0,0,363
119,R1,SKU_D,5,0,0,181
119,R1,SKU_E,0,34,0,138
119,R2,SKU_A,396,0,0,623
119,R2,SKU_B,339,0,0,220
119,R2,SKU_C,0,45,0,415
119,R2,SKU_D,0,314,0,285
119,R2,SKU_E,329,0,0,146
119,R3,SKU_A,91,0,0,570
119,R3,SKU_B,234,0,0,182
119,R3,SKU_C,178,0,0,336
119,R3,SKU_D,231,0,0,264
119,R3,SKU_E,528,0,0,221
120,Supplier,SKU_A,0,0,0,0
120,Supplier,SKU_B,0,0,0,0
120,Supplier,SKU_C,0,0,0,0
120,Supplier,SKU_D,0,0,0,0
120,Supplier,SKU_E,0,0,0,0
120,W1,SKU_A,0,0,940,1722
120,W1,SKU_B,0,0,222,1060
120,W1,SKU_C,0,0,936,1349
120,W1,SKU_D,0,0,597,756
120,W1,SKU_E,1266,0,0,670
120,W2,SKU_A,2867,0,0,1422
120,W2,SKU_B,140,0,0,487
120,W2,SKU_C,968,0,0,827
120,W2,SKU_D,36,0,0,659
120,W2,SKU_E,853,0,0,546
120,R1,SKU_A,78,0,0,0
120,R1,SKU_B,182,0,0,0
120,R1,SKU_C,498,0,0,0
120,R1,SKU_D,117,0,0,0
120,R1,SKU_E,40,0,0,0
120,R2,SKU_A,290,0,0,623
120,R2,SKU_B,269,0,0,220
120,R2,SKU_C,0,101,0,415
120,R2,SKU_D,0,348,0,285
120,R2,SKU_E,288,0,0,146
120,R3,SKU_A,0,134,0,1589
120,R3,SKU_B,143,0,0,508
120,R3,SKU_C,0,16,0,1036
120,R3,SKU_D,147,0,0,737
120,R3,SKU_E,438,0,0,535
121,Supplier,SKU_A,0,0,0,0
121,Supplier,SKU_B,0,0,0,0
121,Supplier,SKU_C,0,0,0,0
121,Supplier,SKU_D,0,0,0,0
121,Supplier,SKU_E,0,0,0,0
121,W1,SKU_A,0,0,185,695
121,W1,SKU_B,276,0,0,428
121,W1,SKU_C,0,0,266,511
121,W1,SKU_D,0,0,240,296
121,W1,SKU_E,1547,0,0,284
121,W2,SKU_A,2642,0,0,1422
121,W2,SKU_B,49,0,0,487
121,W2,SKU_C,774,0,0,827
121,W2,SKU_D,0,0,48,659
121,W2,SKU_E,763,0,0,546
121,R1,SKU_A,0,26,0,688
121,R1,SKU_B,130,0,0,297
121,R1,SKU_C,395,0,0,516
121,R1,SKU_D,63,0,0,273
121,R1,SKU_E,17,0,0,186
121,R2,SKU_A,813,0,0,339
121,R2,SKU_B,430,0,0,234
121,R2,SKU_C,248,0,0,322
121,R2,SKU_D,0,112,0,187
121,R2,SKU_E,400,0,0,156
121,R3,SKU_A,266,0,0,1019
121,R3,SKU_B,261,0,0,326
121,R3,SKU_C,215,0,0,700
121,R3,SKU_D,345,0,0,473
121,R3,SKU_E,595,0,0,314
122,Supplier,SKU_A,0,0,0,0
122,Supplier,SKU_B,0,0,0,0
122,Supplier,SKU_C,0,0,0,0
122,Supplier,SKU_D,0,0,0,0
122,Supplier,SKU_E,0,0,0,0
122,W1,SKU_A,0,0,389,1724
122,W1,SKU_B,165,0,0,959
122,W1,SKU_C,0,0,435,1262
122,W1,SKU_D,0,0,343,723
122,W1,SKU_E,1490,0,0,626
122,W2,SKU_A,2472,0,0,2025
122,W2,SKU_B,0,0,15,700
122,W2,SKU_C,669,0,0,1358
122,W2,SKU_D,0,0,114,883
122,W2,SKU_E,699,0,0,734
122,R1,SKU_A,0,162,0,688
122,R1,SKU_B,60,0,0,297
122,R1,SKU_C,276,0,0,516
122,R1,SKU_D,4,0,0,273
122,R1,SKU_E,0,32,0,186
122,R2,SKU_A,704,0,0,339
122,R2,SKU_B,367,0,0,234
122,R2,SKU_C,187,0,0,322
122,R2,SKU_D,0,161,0,187
122,R2,SKU_E,365,0,0,156
122,R3,SKU_A,114,0,0,1019
122,R3,SKU_B,178,0,0,326
122,R3,SKU_C,99,0,0,700
122,R3,SKU_D,279,0,0,473
122,R3,SKU_E,536,0,0,314
123,Supplier,SKU_A,0,0,0,0
123,Supplier,SKU_B,0,0,0,0
123,Supplier,SKU_C,0,0,0,0
123,Supplier,SKU_D,0,0,0,0
123,Supplier,SKU_E,0,0,0,0
123,W1,SKU_A,0,0,634,1724
123,W1,SKU_B,32,0,0,959
123,W1,SKU_C,0,0,615,1262
123,W1,SKU_D,0,0,451,723
123,W1,SKU_E,1406,0,0,626
123,W2,SKU_A,2948,0,0,1397
123,W2,SKU_B,124,0,0,478
123,W2,SKU_C,951,0,0,960
123,W2,SKU_D,122,0,0,581
123,W2,SKU_E,898,0,0,476
123,R1,SKU_A,358,0,0,0
123,R1,SKU_B,291,0,0,0
123,R1,SKU_C,683,0,0,0
123,R1,SKU_D,229,0,0,0
123,R1,SKU_E,113,0,0,0
123,R2,SKU_A,607,0,0,339
123,R2,SKU_B,284,0,0,234
123,R2,SKU_C,106,0,0,322
123,R2,SKU_D,0,208,0,187
123,R2,SKU_E,323,0,0,156
123,R3,SKU_A,0,62,0,1566
123,R3,SKU_B,98,0,0,564
123,R3,SKU_C,0,47,0,1115
123,R3,SKU_D,193,0,0,689
123,R3,SKU_E,441,0,0,527
124,Supplier,SKU_A,0,0,0,0
124,Supplier,SKU_B,0,0,0,0
124,Supplier,SKU_C,0,0,0,0
124,Supplier,SKU_D,0,0,0,0
124,Supplier,SKU_E,0,0,0,0
124,W1,SKU_A,0,0,204,1029
124,W1,SKU_B,311,0,0,531
124,W1,SKU_C,0,0,294,751
124,W1,SKU_D,0,0,250,427
124,W1,SKU_E,1607,0,0,342
124,W2,SKU_A,2772,0,0,1397
124,W2,SKU_B,44,0,0,478
124,W2,SKU_C,805,0,0,960
124,W2,SKU_D,36,0,0,581
124,W2,SKU_E,803,0,0,476
124,R1,SKU_A,200,0,0,408
124,R1,SKU_B,201,0,0,188
124,R1,SKU_C,537,0,0,331
124,R1,SKU_D,155,0,0,161
124,R1,SKU_E,67,0,0,113
124,R2,SKU_A,835,0,0,287
124,R2,SKU_B,428,0,0,205
124,R2,SKU_C,327,0,0,180
124,R2,SKU_D,0,75,0,135
124,R2,SKU_E,430,0,0,111
124,R3,SKU_A,778,0,0,547
124,R3,SKU_B,327,0,0,238
124,R3,SKU_C,522,0,0,415
124,R3,SKU_D,570,0,0,216
124,R3,SKU_E,677,0,0,213
125,Supplier,SKU_A,0,0,0,0
125,Supplier,SKU_B,0,0,0,0
125,Supplier,SKU_C,0,0,0,0
125,Supplier,SKU_D,0,0,0,0
125,Supplier,SKU_E,0,0,0,0
125,W1,SKU_A,0,0,473,1743
125,W1,SKU_B,131,0,0,924
125,W1,SKU_C,0,0,541,1290
125,W1,SKU_D,0,0,378,733
125,W1,SKU_E,1512,0,0,566
125,W2,SKU_A,2593,0,0,1895
125,W2,SKU_B,0,0,53,705
125,W2,SKU_C,674,0,0,1327
125,W2,SKU_D,0,0,60,799
125,W2,SKU_E,725,0,0,694
125,R1,SKU_A,0,39,0,408
125,R1,SKU_B,91,0,0,188
125,R1,SKU_C,345,0,0,331
125,R1,SKU_D,57,0,0,161
125,R1,SKU_E,21,0,0,113
125,R2,SKU_A,708,0,0,287
125,R2,SKU_B,351,0,0,205
125,R2,SKU_C,252,0,0,180
125,R2,SKU_D,0,136,0,135
125,R2,SKU_E,388,0,0,111
125,R3,SKU_A,563,0,0,547
125,R3,SKU_B,227,0,0,238
125,R3,SKU_C,350,0,0,415
125,R3,SKU_D,437,0,0,216
125,R3,SKU_E,574,0,0,213
126,Supplier,SKU_A,0,0,0,0
126,Supplier,SKU_B,0,0,0,0
126,Supplier,SKU_C,0,0,0,0
126,Supplier,SKU_D,0,0,0,0
126,Supplier,SKU_E,0,0,0,0
126,W1,SKU_A,0,0,839,1743
126,W1,SKU_B,0,0,56,924
126,W1,SKU_C,0,0,808,1290
126,W1,SKU_D,0,0,537,733
126,W1,SKU_E,1424,0,0,566
126,W2,SKU_A,3172,0,0,1101
126,W2,SKU_B,112,0,0,440
126,W2,SKU_C,931,0,0,898
126,W2,SKU_D,164,0,0,442
126,W2,SKU_E,910,0,0,406
126,R1,SKU_A,139,0,0,0
126,R1,SKU_B,166,0,0,0
126,R1,SKU_C,501,0,0,0
126,R1,SKU_D,111,0,0,0
126,R1,SKU_E,72,0,0,0
126,R2,SKU_A,581,0,0,287
126,R2,SKU_B,274,0,0,205
126,R2,SKU_C,169,0,0,180
126,R2,SKU_D,0,203,0,135
126,R2,SKU_E,324,0,0,111
126,R3,SKU_A,353,0,0,1117
126,R3,SKU_B,154,0,0,515
126,R3,SKU_C,184,0,0,864
126,R3,SKU_D,323,0,0,531
126,R3,SKU_E,473,0,0,489
127,Supplier,SKU_A,0,0,0,0
127,Supplier,SKU_B,0,0,0,0
127,Supplier,SKU_C,0,0,0,0
127,Supplier,SKU_D,0,0,0,0
127,Supplier,SKU_E,0,0,0,0
127,W1,SKU_A,0,0,167,714
127,W1,SKU_B,285,0,0,393
127,W1,SKU_C,0,0,315,539
127,W1,SKU_D,0,0,284,306
127,W1,SKU_E,1640,0,0,224
127,W2,SKU_A,2962,0,0,1495
127,W2,SKU_B,39,0,0,637
127,W2,SKU_C,765,0,0,1201
127,W2,SKU_D,50,0,0,671
127,W2,SKU_E,809,0,0,587
127,R1,SKU_A,0,0,0,627
127,R1,SKU_B,90,0,0,313
127,R1,SKU_C,389,0,0,513
127,R1,SKU_D,57,0,0,279
127,R1,SKU_E,36,0,0,154
127,R2,SKU_A,756,0,0,402
127,R2,SKU_B,400,0,0,244
127,R2,SKU_C,292,0,0,238
127,R2,SKU_D,0,106,0,148
127,R2,SKU_E,387,0,0,155
127,R3,SKU_A,753,0,0,570
127,R3,SKU_B,318,0,0,277
127,R3,SKU_C,498,0,0,449
127,R3,SKU_D,437,0,0,315
127,R3,SKU_E,591,0,0,276
128,Supplier,SKU_A,0,0,0,0
128,Supplier,SKU_B,0,0,0,0
128,Supplier,SKU_C,0,0,0,0
128,Supplier,SKU_D,0,0,0,0
128,Supplier,SKU_E,0,0,0,0
128,W1,SKU_A,0,0,418,1706
128,W1,SKU_B,130,0,0,950
128,W1,SKU_C,0,0,484,1311
128,W1,SKU_D,0,0,376,767
128,W1,SKU_E,1556,0,0,533
128,W2,SKU_A,3418,0,0,892
128,W2,SKU_B,178,0,0,424
128,W2,SKU_C,1195,0,0,670
128,W2,SKU_D,172,0,0,447
128,W2,SKU_E,902,0,0,399
128,R1,SKU_A,0,148,0,627
128,R1,SKU_B,25,0,0,313
128,R1,SKU_C,288,0,0,513
128,R1,SKU_D,0,7,0,279
128,R1,SKU_E,0,1,0,154
128,R2,SKU_A,638,0,0,402
128,R2,SKU_B,319,0,0,244
128,R2,SKU_C,236,0,0,238
128,R2,SKU_D,0,166,0,148
128,R2,SKU_E,312,0,0,155
128,R3,SKU_A,575,0,0,570
128,R3,SKU_B,243,0,0,277
128,R3,SKU_C,390,0,0,449
128,R3,SKU_D,352,0,0,315
128,R3,SKU_E,492,0,0,276
129,Supplier,SKU_A,0,0,0,0
129,Supplier,SKU_B,0,0,0,0
129,Supplier,SKU_C,0,0,0,0
129,Supplier,SKU_D,0,0,0,0
129,Supplier,SKU_E,0,0,0,0
129,W1,SKU_A,0,0,684,1706
129,W1,SKU_B,0,0,16,950
129,W1,SKU_C,0,0,641,1311
129,W1,SKU_D,0,0,500,767
129,W1,SKU_E,1444,0,0,533
129,W2,SKU_A,3240,0,0,892
129,W2,SKU_B,103,0,0,424
129,W2,SKU_C,1087,0,0,670
129,W2,SKU_D,87,0,0,447
129,W2,SKU_E,803,0,0,399
129,R1,SKU_A,325,0,0,0
129,R1,SKU_B,262,0,0,0
129,R1,SKU_C,707,0,0,0
129,R1,SKU_D,197,0,0,0
129,R1,SKU_E,126,0,0,0
129,R2,SKU_A,537,0,0,402
129,R2,SKU_B,255,0,0,244
129,R2,SKU_C,205,0,0,238
129,R2,SKU_D,0,211,0,148
129,R2,SKU_E,263,0,0,155
129,R3,SKU_A,396,0,0,1105
129,R3,SKU_B,188,0,0,499
129,R3,SKU_C,256,0,0,824
129,R3,SKU_D,265,0,0,616
129,R3,SKU_E,415,0,0,571
130,Supplier,SKU_A,0,0,0,0
130,Supplier,SKU_B,0,0,0,0
130,Supplier,SKU_C,0,0,0,0
130,Supplier,SKU_D,0,0,0,0
130,Supplier,SKU_E,0,0,0,0
130,W1,SKU_A,0,0,225,992
130,W1,SKU_B,237,0,0,557
130,W1,SKU_C,0,0,227,772
130,W1,SKU_D,0,0,314,461
130,W1,SKU_E,1592,0,0,309
130,W2,SKU_A,3061,0,0,1427
130,W2,SKU_B,48,0,0,646
130,W2,SKU_C,953,0,0,1045
130,W2,SKU_D,0,0,0,748
130,W2,SKU_E,726,0,0,694
130,R1,SKU_A,177,0,0,441
130,R1,SKU_B,182,0,0,217
130,R1,SKU_C,609,0,0,307
130,R1,SKU_D,147,0,0,193
130,R1,SKU_E,79,0,0,100
130,R2,SKU_A,835,0,0,273
130,R2,SKU_B,452,0,0,224
130,R2,SKU_C,393,0,0,232
130,R2,SKU_D,0,122,0,113
130,R2,SKU_E,379,0,0,172
130,R3,SKU_A,799,0,0,535
130,R3,SKU_B,398,0,0,222
130,R3,SKU_C,572,0,0,375
130,R3,SKU_D,476,0,0,301
130,R3,SKU_E,613,0,0,295
131,Supplier,SKU_A,0,0,0,0
131,Supplier,SKU_B,0,0,0,0
131,Supplier,SKU_C,0,0,0,0
131,Supplier,SKU_D,0,0,0,0
131,Supplier,SKU_E,0,0,0,0
131,W1,SKU_A,0,0,477,1764
131,W1,SKU_B,110,0,0,998
131,W1,SKU_C,0,0,375,1223
131,W1,SKU_D,0,0,423,797
131,W1,SKU_E,1506,0,0,581
131,W2,SKU_A,3392,0,0,929
131,W2,SKU_B,208,0,0,419
131,W2,SKU_C,1187,0,0,678
131,W2,SKU_D,114,0,0,530
131,W2,SKU_E,866,0,0,476
131,R1,SKU_A,21,0,0,441
131,R1,SKU_B,105,0,0,217
131,R1,SKU_C,498,0,0,307
131,R1,SKU_D,66,0,0,193
131,R1,SKU_E,40,0,0,100
131,R2,SKU_A,725,0,0,273
131,R2,SKU_B,368,0,0,224
131,R2,SKU_C,359,0,0,232
131,R2,SKU_D,0,159,0,113
131,R2,SKU_E,330,0,0,172
131,R3,SKU_A,605,0,0,535
131,R3,SKU_B,318,0,0,222
131,R3,SKU_C,457,0,0,375
131,R3,SKU_D,384,0,0,301
131,R3,SKU_E,518,0,0,295
132,Supplier,SKU_A,0,0,0,0
132,Supplier,SKU_B,0,0,0,0
132,Supplier,SKU_C,0,0,0,0
132,Supplier,SKU_D,0,0,0,0
132,Supplier,SKU_E,0,0,0,0
132,W1,SKU_A,0,0,743,1764
132,W1,SKU_B,0,0,51,998
132,W1,SKU_C,0,0,520,1223
132,W1,SKU_D,0,0,541,797
132,W1,SKU_E,1418,0,0,581
132,W2,SKU_A,3198,0,0,929
132,W2,SKU_B,128,0,0,419
132,W2,SKU_C,1072,0,0,678
132,W2,SKU_D,22,0,0,530
132,W2,SKU_E,771,0,0,476
132,R1,SKU_A,277,0,0,0
132,R1,SKU_B,229,0,0,0
132,R1,SKU_C,608,0,0,0
132,R1,SKU_D,169,0,0,0
132,R1,SKU_E,89,0,0,0
132,R2,SKU_A,588,0,0,273
132,R2,SKU_B,293,0,0,224
132,R2,SKU_C,287,0,0,232
132,R2,SKU_D,0,204,0,113
132,R2,SKU_E,276,0,0,172
132,R3,SKU_A,364,0,0,1075
132,R3,SKU_B,214,0,0,424
132,R3,SKU_C,263,0,0,757
132,R3,SKU_D,256,0,0,584
132,R3,SKU_E,439,0,0,545
133,Supplier,SKU_A,0,0,0,0
133,Supplier,SKU_B,0,0,0,0
133,Supplier,SKU_C,0,0,0,0
133,Supplier,SKU_D,0,0,0,0
133,Supplier,SKU_E,0,0,0,0
133,W1,SKU_A,0,0,73,772
133,W1,SKU_B,338,0,0,441
133,W1,SKU_C,0,0,17,451
133,W1,SKU_D,0,0,215,336
133,W1,SKU_E,1622,0,0,272
133,W2,SKU_A,3351,0,0,1075
133,W2,SKU_B,221,0,0,424
133,W2,SKU_C,1181,0,0,757
133,W2,SKU_D,123,0,0,584
133,W2,SKU_E,873,0,0,545
133,R1,SKU_A,54,0,0,489
133,R1,SKU_B,113,0,0,250
133,R1,SKU_C,363,0,0,406
133,R1,SKU_D,79,0,0,221
133,R1,SKU_E,34,0,0,137
133,R2,SKU_A,724,0,0,503
133,R2,SKU_B,411,0,0,206
133,R2,SKU_C,453,0,0,366
133,R2,SKU_D,0,162,0,240
133,R2,SKU_E,394,0,0,142
133,R3,SKU_A,651,0,0,540
133,R3,SKU_B,350,0,0,202
133,R3,SKU_C,416,0,0,382
133,R3,SKU_D,413,0,0,283
133,R3,SKU_E,627,0,0,250
134,Supplier,SKU_A,0,0,0,0
134,Supplier,SKU_B,0,0,0,0
134,Supplier,SKU_C,0,0,0,0
134,Supplier,SKU_D,0,0,0,0
134,Supplier,SKU_E,0,0,0,0
134,W1,SKU_A,0,0,433,1612
134,W1,SKU_B,116,0,0,897
134,W1,SKU_C,0,0,328,1013
134,W1,SKU_D,0,0,376,698
134,W1,SKU_E,1513,0,0,551
134,W2,SKU_A,3103,0,0,1075
134,W2,SKU_B,135,0,0,424
134,W2,SKU_C,959,0,0,757
134,W2,SKU_D,0,0,21,584
134,W2,SKU_E,766,0,0,545
134,R1,SKU_A,0,111,0,489
134,R1,SKU_B,0,19,0,250
134,R1,SKU_C,182,0,0,406
134,R1,SKU_D,2,0,0,221
134,R1,SKU_E,0,19,0,137
134,R2,SKU_A,597,0,0,503
134,R2,SKU_B,330,0,0,206
134,R2,SKU_C,357,0,0,366
134,R2,SKU_D,0,227,0,240
134,R2,SKU_E,337,0,0,142
134,R3,SKU_A,430,0,0,540
134,R3,SKU_B,272,0,0,202
134,R3,SKU_C,238,0,0,382
134,R3,SKU_D,305,0,0,283
134,R3,SKU_E,535,0,0,250
135,Supplier,SKU_A,0,0,0,0
135,Supplier,SKU_B,0,0,0,0
135,Supplier,SKU_C,0,0,0,0
135,Supplier,SKU_D,0,0,0,0
135,Supplier,SKU_E,0,0,0,0
135,W1,SKU_A,0,0,725,1612
135,W1,SKU_B,0,0,97,897
135,W1,SKU_C,0,0,605,1013
135,W1,SKU_D,0,0,518,698
135,W1,SKU_E,1403,0,0,551
135,W2,SKU_A,2882,0,0,1564
135,W2,SKU_B,57,0,0,614
135,W2,SKU_C,781,0,0,1173
135,W2,SKU_D,0,0,129,856
135,W2,SKU_E,674,0,0,731
135,R1,SKU_A,233,0,0,0
135,R1,SKU_B,166,0,0,0
135,R1,SKU_C,462,0,0,0
135,R1,SKU_D,156,0,0,0
135,R1,SKU_E,91,0,0,0
135,R2,SKU_A,478,0,0,503
135,R2,SKU_B,258,0,0,206
135,R2,SKU_C,282,0,0,366
135,R2,SKU_D,0,276,0,240
135,R2,SKU_E,275,0,0,142
135,R3,SKU_A,302,0,0,1250
135,R3,SKU_B,251,0,0,470
135,R3,SKU_C,136,0,0,976
135,R3,SKU_D,213,0,0,534
135,R3,SKU_E,471,0,0,528
136,Supplier,SKU_A,0,0,0,0
136,Supplier,SKU_B,0,0,0,0
136,Supplier,SKU_C,0,0,0,0
136,Supplier,SKU_D,0,0,0,0
136,Supplier,SKU_E,0,0,0,0
136,W1,SKU_A,0,0,217,840
136,W1,SKU_B,207,0,0,456
136,W1,SKU_C,0,0,355,562
136,W1,SKU_D,0,0,298,362
136,W1,SKU_E,1586,0,0,279
136,W2,SKU_A,3289,0,0,1029
136,W2,SKU_B,258,0,0,392
136,W2,SKU_C,1054,0,0,798
136,W2,SKU_D,80,0,0,555
136,W2,SKU_E,905,0,0,436
136,R1,SKU_A,98,0,0,533
136,R1,SKU_B,100,0,0,313
136,R1,SKU_C,339,0,0,451
136,R1,SKU_D,105,0,0,234
136,R1,SKU_E,60,0,0,135
136,R2,SKU_A,868,0,0,239
136,R2,SKU_B,380,0,0,259
136,R2,SKU_C,592,0,0,0
136,R2,SKU_D,0,71,0,102
136,R2,SKU_E,357,0,0,173
136,R3,SKU_A,668,0,0,710
136,R3,SKU_B,387,0,0,268
136,R3,SKU_C,433,0,0,594
136,R3,SKU_D,402,0,0,251
136,R3,SKU_E,646,0,0,278
137,Supplier,SKU_A,0,0,0,0
137,Supplier,SKU_B,0,0,0,0
137,Supplier,SKU_C,0,0,0,0
137,Supplier,SKU_D,0,0,0,0
137,Supplier,SKU_E,0,0,0,0
137,W1,SKU_A,0,0,465,1756
137,W1,SKU_B,57,0,0,1028
137,W1,SKU_C,0,0,534,1351
137,W1,SKU_D,0,0,384,781
137,W1,SKU_E,1495,0,0,587
137,W2,SKU_A,3115,0,0,1029
137,W2,SKU_B,192,0,0,392
137,W2,SKU_C,969,0,0,798
137,W2,SKU_D,0,0,14,555
137,W2,SKU_E,830,0,0,436
137,R1,SKU_A,0,42,0,533
137,R1,SKU_B,17,0,0,313
137,R1,SKU_C,229,0,0,451
137,R1,SKU_D,42,0,0,234
137,R1,SKU_E,24,0,0,135
137,R2,SKU_A,751,0,0,239
137,R2,SKU_B,318,0,0,259
137,R2,SKU_C,518,0,0,0
137,R2,SKU_D,0,131,0,102
137,R2,SKU_E,315,0,0,173
137,R3,SKU_A,531,0,0,710
137,R3,SKU_B,336,0,0,268
137,R3,SKU_C,339,0,0,594
137,R3,SKU_D,320,0,0,251
137,R3,SKU_E,572,0,0,278
138,Supplier,SKU_A,0,0,0,0
138,Supplier,SKU_B,0,0,0,0
138,Supplier,SKU_C,0,0,0,0
138,Supplier,SKU_D,0,0,0,0
138,Supplier,SKU_E,0,0,0,0
138,W1,SKU_A,0,0,722,1756
138,W1,SKU_B,0,0,88,1028
138,W1,SKU_C,0,0,718,1351
138,W1,SKU_D,0,0,507,781
138,W1,SKU_E,1417,0,0,587
138,W2,SKU_A,2978,0,0,1552
138,W2,SKU_B,141,0,0,557
138,W2,SKU_C,875,0,0,1163
138,W2,SKU_D,0,0,96,849
138,W2,SKU_E,756,0,0,667
138,R1,SKU_A,330,0,0,0
138,R1,SKU_B,255,0,0,0
138,R1,SKU_C,560,0,0,0
138,R1,SKU_D,210,0,0,0
138,R1,SKU_E,118,0,0,0
138,R2,SKU_A,640,0,0,239
138,R2,SKU_B,229,0,0,259
138,R2,SKU_C,444,0,0,0
138,R2,SKU_D,0,182,0,102
138,R2,SKU_E,259,0,0,173
138,R3,SKU_A,353,0,0,1149
138,R3,SKU_B,278,0,0,406
138,R3,SKU_C,264,0,0,875
138,R3,SKU_D,220,0,0,552
138,R3,SKU_E,495,0,0,491
139,Supplier,SKU_A,0,0,0,0
139,Supplier,SKU_B,0,0,0,0
139,Supplier,SKU_C,0,0,0,0
139,Supplier,SKU_D,0,0,0,0
139,Supplier,SKU_E,0,0,0,0
139,W1,SKU_A,0,0,154,916
139,W1,SKU_B,204,0,0,572
139,W1,SKU_C,0,0,350,789
139,W1,SKU_D,0,0,262,419
139,W1,SKU_E,1599,0,0,308
139,W2,SKU_A,3340,0,0,1012
139,W2,SKU_B,285,0,0,355
139,W2,SKU_C,1182,0,0,781
139,W2,SKU_D,87,0,0,566
139,W2,SKU_E,929,0,0,417
139,R1,SKU_A,139,0,0,436
139,R1,SKU_B,145,0,0,224
139,R1,SKU_C,385,0,0,454
139,R1,SKU_D,135,0,0,180
139,R1,SKU_E,67,0,0,108
139,R2,SKU_A,771,0,0,404
139,R2,SKU_B,423,0,0,235
139,R2,SKU_C,383,0,0,108
139,R2,SKU_D,0,155,0,182
139,R2,SKU_E,386,0,0,158
139,R3,SKU_A,793,0,0,439
139,R3,SKU_B,449,0,0,138
139,R3,SKU_C,678,0,0,281
139,R3,SKU_D,318,0,0,301
139,R3,SKU_E,685,0,0,213
140,Supplier,SKU_A,0,0,0,0
140,Supplier,SKU_B,0,0,0,0
140,Supplier,SKU_C,0,0,0,0
140,Supplier,SKU_D,0,0,0,0
140,Supplier,SKU_E,0,0,0,0
140,W1,SKU_A,0,0,453,1693
140,W1,SKU_B,29,0,0,1031
140,W1,SKU_C,0,0,586,1346
140,W1,SKU_D,0,0,412,745
140,W1,SKU_E,1502,0,0,574
140,W2,SKU_A,3070,0,0,1012
140,W2,SKU_B,188,0,0,355
140,W2,SKU_C,1002,0,0,781
140,W2,SKU_D,0,0,66,566
140,W2,SKU_E,841,0,0,417
140,R1,SKU_A,0,83,0,436
140,R1,SKU_B,37,0,0,224
140,R1,SKU_C,209,0,0,454
140,R1,SKU_D,40,0,0,180
140,R1,SKU_E,12,0,0,108
140,R2,SKU_A,634,0,0,404
140,R2,SKU_B,346,0,0,235
140,R2,SKU_C,306,0,0,108
140,R2,SKU_D,0,215,0,182
140,R2,SKU_E,317,0,0,158
140,R3,SKU_A,568,0,0,439
140,R3,SKU_B,369,0,0,138
140,R3,SKU_C,484,0,0,281
140,R3,SKU_D,215,0,0,301
140,R3,SKU_E,587,0,0,213
141,Supplier,SKU_A,0,0,0,0
141,Supplier,SKU_B,0,0,0,0
141,Supplier,SKU_C,0,0,0,0
141,Supplier,SKU_D,0,0,0,0
141,Supplier,SKU_E,0,0,0,0
141,W1,SKU_A,0,0,812,1693
141,W1,SKU_B,0,0,156,1031
141,W1,SKU_C,0,0,839,1346
141,W1,SKU_D,0,0,567,745
141,W1,SKU_E,1378,0,0,574
141,W2,SKU_A,3334,0,0,1108
141,W2,SKU_B,298,0,0,371
141,W2,SKU_C,1224,0,0,714
141,W2,SKU_D,103,0,0,629
141,W2,SKU_E,929,0,0,470
141,R1,SKU_A,222,0,0,0
141,R1,SKU_B,222,0,0,0
141,R1,SKU_C,599,0,0,0
141,R1,SKU_D,162,0,0,0
141,R1,SKU_E,93,0,0,0
141,R2,SKU_A,556,0,0,404
141,R2,SKU_B,308,0,0,235
141,R2,SKU_C,258,0,0,108
141,R2,SKU_D,0,253,0,182
141,R2,SKU_E,269,0,0,158
141,R3,SKU_A,394,0,0,1112
141,R3,SKU_B,310,0,0,373
141,R3,SKU_C,373,0,0,730
141,R3,SKU_D,113,0,0,753
141,R3,SKU_E,493,0,0,476
142,Supplier,SKU_A,0,0,0,0
142,Supplier,SKU_B,0,0,0,0
142,Supplier,SKU_C,0,0,0,0
142,Supplier,SKU_D,0,0,0,0
142,Supplier,SKU_E,0,0,0,0
142,W1,SKU_A,0,0,105,777
142,W1,SKU_B,339,0,0,459
142,W1,SKU_C,0,0,162,557
142,W1,SKU_D,0,0,244,326
142,W1,SKU_E,1611,0,0,266
142,W2,SKU_A,3160,0,0,1108
142,W2,SKU_B,239,0,0,371
142,W2,SKU_C,1113,0,0,714
142,W2,SKU_D,1,0,0,629
142,W2,SKU_E,835,0,0,470
142,R1,SKU_A,73,0,0,544
142,R1,SKU_B,175,0,0,257
142,R1,SKU_C,508,0,0,415
142,R1,SKU_D,112,0,0,228
142,R1,SKU_E,59,0,0,133
142,R2,SKU_A,878,0,0,372
142,R2,SKU_B,499,0,0,180
142,R2,SKU_C,323,0,0,374
142,R2,SKU_D,0,107,0,191
142,R2,SKU_E,377,0,0,163
142,R3,SKU_A,637,0,0,673
142,R3,SKU_B,371,0,0,235
142,R3,SKU_C,562,0,0,449
142,R3,SKU_D,307,0,0,452
142,R3,SKU_E,621,0,0,263
143,Supplier,SKU_A,0,0,0,0
143,Supplier,SKU_B,0,0,0,0
143,Supplier,SKU_C,0,0,0,0
143,Supplier,SKU_D,0,0,0,0
143,Supplier,SKU_E,0,0,0,0
143,W1,SKU_A,0,0,336,1644
143,W1,SKU_B,248,0,0,896
143,W1,SKU_C,0,0,296,1158
143,W1,SKU_D,0,0,330,727
143,W1,SKU_E,1527,0,0,562
143,W2,SKU_A,2964,0,0,1108
143,W2,SKU_B,162,0,0,371
143,W2,SKU_C,1021,0,0,714
143,W2,SKU_D,0,0,106,629
143,W2,SKU_E,750,0,0,470
143,R1,SKU_A,0,54,0,544
143,R1,SKU_B,122,0,0,257
143,R1,SKU_C,401,0,0,415
143,R1,SKU_D,53,0,0,228
143,R1,SKU_E,32,0,0,133
143,R2,SKU_A,793,0,0,372
143,R2,SKU_B,459,0,0,180
143,R2,SKU_C,292,0,0,374
143,R2,SKU_D,0,145,0,191
143,R2,SKU_E,311,0,0,163
143,R3,SKU_A,489,0,0,673
143,R3,SKU_B,296,0,0,235
143,R3,SKU_C,458,0,0,449
143,R3,SKU_D,222,0,0,452
143,R3,SKU_E,537,0,0,263
144,Supplier,SKU_A,0,0,0,0
144,Supplier,SKU_B,0,0,0,0
144,Supplier,SKU_C,0,0,0,0
144,Supplier,SKU_D,0,0,0,0
144,Supplier,SKU_E,0,0,0,0
144,W1,SKU_A,0,0,548,1644
144,W1,SKU_B,155,0,0,896
144,W1,SKU_C,0,0,434,1158
144,W1,SKU_D,0,0,427,727
144,W1,SKU_E,1434,0,0,562
144,W2,SKU_A,3339,0,0,1180
144,W2,SKU_B,252,0,0,422
144,W2,SKU_C,1282,0,0,746
144,W2,SKU_D,103,0,0,647
144,W2,SKU_E,897,0,0,516
144,R1,SKU_A,358,0,0,0
144,R1,SKU_B,309,0,0,0
144,R1,SKU_C,732,0,0,0
144,R1,SKU_D,213,0,0,0
144,R1,SKU_E,116,0,0,0
144,R2,SKU_A,706,0,0,372
144,R2,SKU_B,412,0,0,180
144,R2,SKU_C,238,0,0,374
144,R2,SKU_D,0,181,0,191
144,R2,SKU_E,267,0,0,163
144,R3,SKU_A,317,0,0,1191
144,R3,SKU_B,245,0,0,446
144,R3,SKU_C,352,0,0,756
144,R3,SKU_D,115,0,0,746
144,R3,SKU_E,466,0,0,526
145,Supplier,SKU_A,0,0,0,0
145,Supplier,SKU_B,0,0,0,0
145,Supplier,SKU_C,0,0,0,0
145,Supplier,SKU_D,0,0,0,0
145,Supplier,SKU_E,0,0,0,0
145,W1,SKU_A,10,0,0,867
145,W1,SKU_B,497,0,0,437
145,W1,SKU_C,0,0,15,601
145,W1,SKU_D,0,0,205,401
145,W1,SKU_E,1607,0,0,296
145,W2,SKU_A,3167,0,0,1180
145,W2,SKU_B,201,0,0,422
145,W2,SKU_C,1176,0,0,746
145,W2,SKU_D,0,0,4,647
145,W2,SKU_E,826,0,0,516
145,R1,SKU_A,213,0,0,408
145,R1,SKU_B,236,0,0,170
145,R1,SKU_C,618,0,0,282
145,R1,SKU_D,143,0,0,177
145,R1,SKU_E,69,0,0,110
145,R2,SKU_A,966,0,0,359
145,R2,SKU_B,547,0,0,131
145,R2,SKU_C,558,0,0,275
145,R2,SKU_D,0,40,0,149
145,R2,SKU_E,381,0,0,160
145,R3,SKU_A,793,0,0,518
145,R3,SKU_B,400,0,0,211
145,R3,SKU_C,677,0,0,307
145,R3,SKU_D,476,0,0,294
145,R3,SKU_E,635,0,0,263
146,Supplier,SKU_A,0,0,0,0
146,Supplier,SKU_B,0,0,0,0
146,Supplier,SKU_C,0,0,0,0
146,Supplier,SKU_D,0,0,0,0
146,Supplier,SKU_E,0,0,0,0
146,W1,SKU_A,0,0,247,1529
146,W1,SKU_B,379,0,0,738
146,W1,SKU_C,0,0,183,1011
146,W1,SKU_D,0,0,325,688
146,W1,SKU_E,1511,0,0,566
146,W2,SKU_A,2970,0,0,1180
146,W2,SKU_B,121,0,0,422
146,W2,SKU_C,1052,0,0,746
146,W2,SKU_D,0,0,95,647
146,W2,SKU_E,732,0,0,516
146,R1,SKU_A,0,5,0,408
146,R1,SKU_B,103,0,0,170
146,R1,SKU_C,434,0,0,282
146,R1,SKU_D,37,0,0,177
146,R1,SKU_E,22,0,0,110
146,R2,SKU_A,821,0,0,359
146,R2,SKU_B,468,0,0,131
146,R2,SKU_C,456,0,0,275
146,R2,SKU_D,0,97,0,149
146,R2,SKU_E,328,0,0,160
146,R3,SKU_A,543,0,0,518
146,R3,SKU_B,301,0,0,211
146,R3,SKU_C,485,0,0,307
146,R3,SKU_D,336,0,0,294
146,R3,SKU_E,544,0,0,263
147,Supplier,SKU_A,0,0,0,0
147,Supplier,SKU_B,0,0,0,0
147,Supplier,SKU_C,0,0,0,0
147,Supplier,SKU_D,0,0,0,0
147,Supplier,SKU_E,0,0,0,0
147,W1,SKU_A,0,0,610,1529
147,W1,SKU_B,167,0,0,738
147,W1,SKU_C,0,0,469,1011
147,W1,SKU_D,0,0,488,688
147,W1,SKU_E,1411,0,0,566
147,W2,SKU_A,3305,0,0,1112
147,W2,SKU_B,228,0,0,422
147,W2,SKU_C,1209,0,0,731
147,W2,SKU_D,100,0,0,595
147,W2,SKU_E,880,0,0,526
147,R1,SKU_A,226,0,0,0
147,R1,SKU_B,153,0,0,0
147,R1,SKU_C,490,0,0,0
147,R1,SKU_D,111,0,0,0
147,R1,SKU_E,61,0,0,0
147,R2,SKU_A,687,0,0,359
147,R2,SKU_B,382,0,0,131
147,R2,SKU_C,322,0,0,275
147,R2,SKU_D,0,157,0,149
147,R2,SKU_E,270,0,0,160
147,R3,SKU_A,285,0,0,1137
147,R3,SKU_B,196,0,0,441
147,R3,SKU_C,300,0,0,729
147,R3,SKU_D,222,0,0,632
147,R3,SKU_E,430,0,0,519
148,Supplier,SKU_A,0,0,0,0
148,Supplier,SKU_B,0,0,0,0
148,Supplier,SKU_C,0,0,0,0
148,Supplier,SKU_D,0,0,0,0
148,Supplier,SKU_E,0,0,0,0
148,W1,SKU_A,0,0,54,662
148,W1,SKU_B,398,0,0,301
148,W1,SKU_C,0,0,228,410
148,W1,SKU_D,0,0,250,287
148,W1,SKU_E,1578,0,0,270
148,W2,SKU_A,3047,0,0,1112
148,W2,SKU_B,123,0,0,422
148,W2,SKU_C,1024,0,0,731
148,W2,SKU_D,0,0,14,595
148,W2,SKU_E,766,0,0,526
148,R1,SKU_A,82,0,0,540
148,R1,SKU_B,72,0,0,326
148,R1,SKU_C,372,0,0,524
148,R1,SKU_D,47,0,0,279
148,R1,SKU_E,21,0,0,165
148,R2,SKU_A,921,0,0,337
148,R2,SKU_B,454,0,0,210
148,R2,SKU_C,523,0,0,77
148,R2,SKU_D,0,57,0,122
148,R2,SKU_E,389,0,0,160
148,R3,SKU_A,665,0,0,619
148,R3,SKU_B,343,0,0,230
148,R3,SKU_C,510,0,0,422
148,R3,SKU_D,447,0,0,338
148,R3,SKU_E,635,0,0,256
149,Supplier,SKU_A,0,0,0,0
149,Supplier,SKU_B,0,0,0,0
149,Supplier,SKU_C,0,0,0,0
149,Supplier,SKU_D,0,0,0,0
149,Supplier,SKU_E,0,0,0,0
149,W1,SKU_A,0,0,323,1593
149,W1,SKU_B,258,0,0,837
149,W1,SKU_C,0,0,420,1224
149,W1,SKU_D,0,0,363,733
149,W1,SKU_E,1497,0,0,595
149,W2,SKU_A,2909,0,0,1620
149,W2,SKU_B,59,0,0,626
149,W2,SKU_C,927,0,0,1108
149,W2,SKU_D,0,0,83,849
149,W2,SKU_E,708,0,0,731
149,R1,SKU_A,0,64,0,540
149,R1,SKU_B,17,0,0,326
149,R1,SKU_C,286,0,0,524
149,R1,SKU_D,0,12,0,279
149,R1,SKU_E,0,14,0,165
149,R2,SKU_A,827,0,0,337
149,R2,SKU_B,402,0,0,210
149,R2,SKU_C,490,0,0,77
149,R2,SKU_D,0,99,0,122
149,R2,SKU_E,337,0,0,160
149,R3,SKU_A,496,0,0,619
149,R3,SKU_B,262,0,0,230
149,R3,SKU_C,402,0,0,422
149,R3,SKU_D,394,0,0,338
149,R3,SKU_E,565,0,0,256
150,Supplier,SKU_A,0,0,0,0
150,Supplier,SKU_B,0,0,0,0
150,Supplier,SKU_C,0,0,0,0
150,Supplier,SKU_D,0,0,0,0
150,Supplier,SKU_E,0,0,0,0
150,W1,SKU_A,0,0,563,1593
150,W1,SKU_B,151,0,0,837
150,W1,SKU_C,0,0,539,1224
150,W1,SKU_D,0,0,464,733
150,W1,SKU_E,1410,0,0,595
150,W2,SKU_A,3335,0,0,1025
150,W2,SKU_B,194,0,0,410
150,W2,SKU_C,1216,0,0,711
150,W2,SKU_D,176,0,0,537
150,W2,SKU_E,915,0,0,454
150,R1,SKU_A,360,0,0,0
150,R1,SKU_B,280,0,0,0
150,R1,SKU_C,722,0,0,0
150,R1,SKU_D,210,0,0,0
150,R1,SKU_E,126,0,0,0
150,R2,SKU_A,755,0,0,337
150,R2,SKU_B,351,0,0,210
150,R2,SKU_C,451,0,0,77
150,R2,SKU_D,0,142,0,122
150,R2,SKU_E,297,0,0,160
150,R3,SKU_A,318,0,0,1184
150,R3,SKU_B,210,0,0,480
150,R3,SKU_C,275,0,0,812
150,R3,SKU_D,338,0,0,574
150,R3,SKU_E,485,0,0,498
151,Supplier,SKU_A,0,0,0,0
151,Supplier,SKU_B,0,0,0,0
151,Supplier,SKU_C,0,0,0,0
151,Supplier,SKU_D,0,0,0,0
151,Supplier,SKU_E,0,0,0,0
151,W1,SKU_A,0,0,89,931
151,W1,SKU_B,338,0,0,536
151,W1,SKU_C,0,0,256,814
151,W1,SKU_D,0,0,277,446
151,W1,SKU_E,1615,0,0,325
151,W2,SKU_A,3157,0,0,1025
151,W2,SKU_B,142,0,0,410
151,W2,SKU_C,1089,0,0,711
151,W2,SKU_D,120,0,0,537
151,W2,SKU_E,835,0,0,454
151,R1,SKU_A,213,0,0,406
151,R1,SKU_B,227,0,0,199
151,R1,SKU_C,614,0,0,292
151,R1,SKU_D,136,0,0,180
151,R1,SKU_E,83,0,0,100
151,R2,SKU_A,993,0,0,256
151,R2,SKU_B,515,0,0,162
151,R2,SKU_C,464,0,0,118
151,R2,SKU_D,0,67,0,107
151,R2,SKU_E,415,0,0,133
151,R3,SKU_A,783,0,0,565
151,R3,SKU_B,382,0,0,250
151,R3,SKU_C,582,0,0,390
151,R3,SKU_D,588,0,0,236
151,R3,SKU_E,671,0,0,242
152,Supplier,SKU_A,0,0,0,0
152,Supplier,SKU_B,0,0,0,0
152,Supplier,SKU_C,0,0,0,0
152,Supplier,SKU_D,0,0,0,0
152,Supplier,SKU_E,0,0,0,0
152,W1,SKU_A,0,0,335,1628
152,W1,SKU_B,239,0,0,897
152,W1,SKU_C,0,0,428,1252
152,W1,SKU_D,0,0,398,760
152,W1,SKU_E,1530,0,0,558
152,W2,SKU_A,3003,0,0,1510
152,W2,SKU_B,84,0,0,607
152,W2,SKU_C,974,0,0,1043
152,W2,SKU_D,32,0,0,715
152,W2,SKU_E,765,0,0,662
152,R1,SKU_A,49,0,0,406
152,R1,SKU_B,158,0,0,199
152,R1,SKU_C,467,0,0,292
152,R1,SKU_D,81,0,0,180
152,R1,SKU_E,40,0,0,100
152,R2,SKU_A,886,0,0,256
152,R2,SKU_B,460,0,0,162
152,R2,SKU_C,418,0,0,118
152,R2,SKU_D,0,104,0,107
152,R2,SKU_E,367,0,0,133
152,R3,SKU_A,605,0,0,565
152,R3,SKU_B,306,0,0,250
152,R3,SKU_C,466,0,0,390
152,R3,SKU_D,499,0,0,236
152,R3,SKU_E,591,0,0,242
153,Supplier,SKU_A,0,0,0,0
153,Supplier,SKU_B,0,0,0,0
153,Supplier,SKU_C,0,0,0,0
153,Supplier,SKU_D,0,0,0,0
153,Supplier,SKU_E,0,0,0,0
153,W1,SKU_A,0,0,606,1628
153,W1,SKU_B,115,0,0,897
153,W1,SKU_C,0,0,621,1252
153,W1,SKU_D,0,0,490,760
153,W1,SKU_E,1439,0,0,558
153,W2,SKU_A,3342,0,0,993
153,W2,SKU_B,214,0,0,401
153,W2,SKU_C,1192,0,0,709
153,W2,SKU_D,226,0,0,432
153,W2,SKU_E,934,0,0,413
153,R1,SKU_A,281,0,0,0
153,R1,SKU_B,266,0,0,0
153,R1,SKU_C,584,0,0,0
153,R1,SKU_D,183,0,0,0
153,R1,SKU_E,87,0,0,0
153,R2,SKU_A,762,0,0,256
153,R2,SKU_B,377,0,0,162
153,R2,SKU_C,345,0,0,118
153,R2,SKU_D,0,167,0,107
153,R2,SKU_E,311,0,0,133
153,R3,SKU_A,380,0,0,1075
153,R3,SKU_B,211,0,0,436
153,R3,SKU_C,290,0,0,748
153,R3,SKU_D,358,0,0,469
153,R3,SKU_E,492,0,0,472
154,Supplier,SKU_A,0,0,0,0
154,Supplier,SKU_B,0,0,0,0
154,Supplier,SKU_C,0,0,0,0
154,Supplier,SKU_D,0,0,0,0
154,Supplier,SKU_E,0,0,0,0
154,W1,SKU_A,27,0,0,697
154,W1,SKU_B,477,0,0,361
154,W1,SKU_C,0,0,55,438
154,W1,SKU_D,0,0,185,314
154,W1,SKU_E,1655,0,0,233
154,W2,SKU_A,3117,0,0,993
154,W2,SKU_B,119,0,0,401
154,W2,SKU_C,1016,0,0,709
154,W2,SKU_D,85,0,0,432
154,W2,SKU_E,835,0,0,413
154,R1,SKU_A,103,0,0,485
154,R1,SKU_B,161,0,0,213
154,R1,SKU_C,454,0,0,430
154,R1,SKU_D,114,0,0,207
154,R1,SKU_E,50,0,0,139
154,R2,SKU_A,903,0,0,419
154,R2,SKU_B,484,0,0,184
154,R2,SKU_C,401,0,0,384
154,R2,SKU_D,0,116,0,239
154,R2,SKU_E,396,0,0,146
154,R3,SKU_A,744,0,0,510
154,R3,SKU_B,402,0,0,186
154,R3,SKU_C,571,0,0,358
154,R3,SKU_D,516,0,0,233
154,R3,SKU_E,657,0,0,230
155,Supplier,SKU_A,0,0,0,0
155,Supplier,SKU_B,0,0,0,0
155,Supplier,SKU_C,0,0,0,0
155,Supplier,SKU_D,0,0,0,0
155,Supplier,SKU_E,0,0,0,0
155,W1,SKU_A,0,0,266,1512
155,W1,SKU_B,317,0,0,758
155,W1,SKU_C,0,0,247,1051
155,W1,SKU_D,0,0,310,668
155,W1,SKU_E,1570,0,0,518
155,W2,SKU_A,3424,0,0,1042
155,W2,SKU_B,264,0,0,426
155,W2,SKU_C,1284,0,0,739
155,W2,SKU_D,261,0,0,496
155,W2,SKU_E,963,0,0,457
155,R1,SKU_A,0,5,0,485
155,R1,SKU_B,92,0,0,213
155,R1,SKU_C,394,0,0,430
155,R1,SKU_D,81,0,0,207
155,R1,SKU_E,15,0,0,139
155,R2,SKU_A,822,0,0,419
155,R2,SKU_B,430,0,0,184
155,R2,SKU_C,362,0,0,384
155,R2,SKU_D,0,151,0,239
155,R2,SKU_E,359,0,0,146
155,R3,SKU_A,608,0,0,510
155,R3,SKU_B,341,0,0,186
155,R3,SKU_C,492,0,0,358
155,R3,SKU_D,450,0,0,233
155,R3,SKU_E,576,0,0,230
156,Supplier,SKU_A,0,0,0,0
156,Supplier,SKU_B,0,0,0,0
156,Supplier,SKU_C,0,0,0,0
156,Supplier,SKU_D,0,0,0,0
156,Supplier,SKU_E,0,0,0,0
156,W1,SKU_A,0,0,455,1512
156,W1,SKU_B,194,0,0,758
156,W1,SKU_C,0,0,346,1051
156,W1,SKU_D,0,0,378,668
156,W1,SKU_E,1498,0,0,518
156,W2,SKU_A,3288,0,0,1042
156,W2,SKU_B,203,0,0,426
156,W2,SKU_C,1205,0,0,739
156,W2,SKU_D,195,0,0,496
156,W2,SKU_E,882,0,0,457
156,R1,SKU_A,384,0,0,0
156,R1,SKU_B,265,0,0,0
156,R1,SKU_C,755,0,0,0
156,R1,SKU_D,229,0,0,0
156,R1,SKU_E,111,0,0,0
156,R2,SKU_A,762,0,0,419
156,R2,SKU_B,399,0,0,184
156,R2,SKU_C,335,0,0,384
156,R2,SKU_D,0,192,0,239
156,R2,SKU_E,328,0,0,146
156,R3,SKU_A,458,0,0,1072
156,R3,SKU_B,303,0,0,401
156,R3,SKU_C,435,0,0,722
156,R3,SKU_D,382,0,0,518
156,R3,SKU_E,512,0,0,487
157,Supplier,SKU_A,0,0,0,0
157,Supplier,SKU_B,0,0,0,0
157,Supplier,SKU_C,0,0,0,0
157,Supplier,SKU_D,0,0,0,0
157,Supplier,SKU_E,0,0,0,0
157,W1,SKU_A,86,0,0,815
157,W1,SKU_B,484,0,0,397
157,W1,SKU_C,0,0,4,613
157,W1,SKU_D,0,0,164,354
157,W1,SKU_E,1657,0,0,285
157,W2,SKU_A,3138,0,0,1042
157,W2,SKU_B,165,0,0,426
157,W2,SKU_C,1148,0,0,739
157,W2,SKU_D,127,0,0,496
157,W2,SKU_E,818,0,0,457
157,R1,SKU_A,298,0,0,382
157,R1,SKU_B,221,0,0,214
157,R1,SKU_C,688,0,0,259
157,R1,SKU_D,186,0,0,161
157,R1,SKU_E,73,0,0,115
157,R2,SKU_A,1112,0,0,256
157,R2,SKU_B,541,0,0,140
157,R2,SKU_C,686,0,0,179
157,R2,SKU_D,15,0,0,153
157,R2,SKU_E,448,0,0,116
157,R3,SKU_A,835,0,0,562
157,R3,SKU_B,441,0,0,215
157,R3,SKU_C,712,0,0,364
157,R3,SKU_D,535,0,0,285
157,R3,SKU_E,675,0,0,257
158,Supplier,SKU_A,0,0,0,0
158,Supplier,SKU_B,0,0,0,0
158,Supplier,SKU_C,0,0,0,0
158,Supplier,SKU_D,0,0,0,0
158,Supplier,SKU_E,0,0,0,0
158,W1,SKU_A,0,0,69,1453
158,W1,SKU_B,398,0,0,751
158,W1,SKU_C,0,0,104,1000
158,W1,SKU_D,0,0,239,647
158,W1,SKU_E,1593,0,0,516
158,W2,SKU_A,3490,0,0,1044
158,W2,SKU_B,314,0,0,387
158,W2,SKU_C,1399,0,0,652
158,W2,SKU_D,225,0,0,530
158,W2,SKU_E,959,0,0,471
158,R1,SKU_A,172,0,0,382
158,R1,SKU_B,150,0,0,214
158,R1,SKU_C,580,0,0,259
158,R1,SKU_D,129,0,0,161
158,R1,SKU_E,31,0,0,115
158,R2,SKU_A,1030,0,0,256
158,R2,SKU_B,487,0,0,140
158,R2,SKU_C,638,0,0,179
158,R2,SKU_D,0,38,0,153
158,R2,SKU_E,410,0,0,116
158,R3,SKU_A,640,0,0,562
158,R3,SKU_B,373,0,0,215
158,R3,SKU_C,604,0,0,364
158,R3,SKU_D,428,0,0,285
158,R3,SKU_E,587,0,0,257
159,Supplier,SKU_A,0,0,0,0
159,Supplier,SKU_B,0,0,0,0
159,Supplier,SKU_C,0,0,0,0
159,Supplier,SKU_D,0,0,0,0
159,Supplier,SKU_E,0,0,0,0
159,W1,SKU_A,0,0,277,1453
159,W1,SKU_B,273,0,0,751
159,W1,SKU_C,0,0,260,1000
159,W1,SKU_D,0,0,349,647
159,W1,SKU_E,1513,0,0,516
159,W2,SKU_A,3295,0,0,1044
159,W2,SKU_B,246,0,0,387
159,W2,SKU_C,1291,0,0,652
159,W2,SKU_D,118,0,0,530
159,W2,SKU_E,871,0,0,471
159,R1,SKU_A,375,0,0,0
159,R1,SKU_B,313,0,0,0
159,R1,SKU_C,726,0,0,0
159,R1,SKU_D,211,0,0,0
159,R1,SKU_E,94,0,0,0
159,R2,SKU_A,920,0,0,256
159,R2,SKU_B,423,0,0,140
159,R2,SKU_C,585,0,0,179
159,R2,SKU_D,0,100,0,153
159,R2,SKU_E,355,0,0,116
159,R3,SKU_A,440,0,0,1040
159,R3,SKU_B,298,0,0,369
159,R3,SKU_C,497,0,0,610
159,R3,SKU_D,299,0,0,540
159,R3,SKU_E,500,0,0,476
160,Supplier,SKU_A,0,0,0,0
160,Supplier,SKU_B,0,0,0,0
160,Supplier,SKU_C,0,0,0,0
160,Supplier,SKU_D,0,0,0,0
160,Supplier,SKU_E,0,0,0,0
160,W1,SKU_A,249,0,0,638
160,W1,SKU_B,555,0,0,354
160,W1,SKU_C,187,0,0,387
160,W1,SKU_D,0,0,136,293
160,W1,SKU_E,1691,0,0,231
160,W2,SKU_A,3095,0,0,1044
160,W2,SKU_B,171,0,0,387
160,W2,SKU_C,1184,0,0,652
160,W2,SKU_D,0,0,11,530
160,W2,SKU_E,784,0,0,471
160,R1,SKU_A,178,0,0,391
160,R1,SKU_B,214,0,0,166
160,R1,SKU_C,550,0,0,288
160,R1,SKU_D,117,0,0,179
160,R1,SKU_E,34,0,0,132
160,R2,SKU_A,1043,0,0,261
160,R2,SKU_B,478,0,0,160
160,R2,SKU_C,684,0,0,138
160,R2,SKU_D,0,15,0,175
160,R2,SKU_E,400,0,0,119
160,R3,SKU_A,766,0,0,478
160,R3,SKU_B,436,0,0,154
160,R3,SKU_C,698,0,0,246
160,R3,SKU_D,472,0,0,255
160,R3,SKU_E,625,0,0,219
161,Supplier,SKU_A,0,0,0,0
161,Supplier,SKU_B,0,0,0,0
161,Supplier,SKU_C,0,0,0,0
161,Supplier,SKU_D,0,0,0,0
161,Supplier,SKU_E,0,0,0,0
161,W1,SKU_A,0,0,81,1290
161,W1,SKU_B,371,0,0,680
161,W1,SKU_C,0,0,69,809
161,W1,SKU_D,0,0,298,619
161,W1,SKU_E,1560,0,0,482
161,W2,SKU_A,3416,0,0,1015
161,W2,SKU_B,323,0,0,349
161,W2,SKU_C,1428,0,0,541
161,W2,SKU_D,195,0,0,528
161,W2,SKU_E,901,0,0,464
161,R1,SKU_A,0,55,0,391
161,R1,SKU_B,112,0,0,166
161,R1,SKU_C,375,0,0,288
161,R1,SKU_D,26,0,0,179
161,R1,SKU_E,0,21,0,132
161,R2,SKU_A,910,0,0,261
161,R2,SKU_B,403,0,0,160
161,R2,SKU_C,611,0,0,138
161,R2,SKU_D,0,83,0,175
161,R2,SKU_E,328,0,0,119
161,R3,SKU_A,546,0,0,478
161,R3,SKU_B,372,0,0,154
161,R3,SKU_C,551,0,0,246
161,R3,SKU_D,364,0,0,255
161,R3,SKU_E,545,0,0,219
162,Supplier,SKU_A,0,0,0,0
162,Supplier,SKU_B,0,0,0,0
162,Supplier,SKU_C,0,0,0,0
162,Supplier,SKU_D,0,0,0,0
162,Supplier,SKU_E,0,0,0,0
162,W1,SKU_A,0,0,447,1290
162,W1,SKU_B,194,0,0,680
162,W1,SKU_C,0,0,317,809
162,W1,SKU_D,0,0,457,619
162,W1,SKU_E,1433,0,0,482
162,W2,SKU_A,3196,0,0,1015
162,W2,SKU_B,259,0,0,349
162,W2,SKU_C,1281,0,0,541
162,W2,SKU_D,87,0,0,528
162,W2,SKU_E,821,0,0,464
162,R1,SKU_A,219,0,0,0
162,R1,SKU_B,221,0,0,0
162,R1,SKU_C,555,0,0,0
162,R1,SKU_D,141,0,0,0
162,R1,SKU_E,71,0,0,0
162,R2,SKU_A,786,0,0,261
162,R2,SKU_B,349,0,0,160
162,R2,SKU_C,547,0,0,138
162,R2,SKU_D,0,125,0,175
162,R2,SKU_E,283,0,0,119
162,R3,SKU_A,336,0,0,1134
162,R3,SKU_B,327,0,0,370
162,R3,SKU_C,457,0,0,663
162,R3,SKU_D,278,0,0,604
162,R3,SKU_E,467,0,0,518
163,Supplier,SKU_A,0,0,0,0
163,Supplier,SKU_B,0,0,0,0
163,Supplier,SKU_C,0,0,0,0
163,Supplier,SKU_D,0,0,0,0
163,Supplier,SKU_E,0,0,0,0
163,W1,SKU_A,0,0,50,652
163,W1,SKU_B,437,0,0,326
163,W1,SKU_C,0,0,102,422
163,W1,SKU_D,0,0,270,326
163,W1,SKU_E,1579,0,0,251
163,W2,SKU_A,2986,0,0,1015
163,W2,SKU_B,214,0,0,349
163,W2,SKU_C,1187,0,0,541
163,W2,SKU_D,1,0,0,528
163,W2,SKU_E,743,0,0,464
163,R1,SKU_A,84,0,0,547
163,R1,SKU_B,168,0,0,258
163,R1,SKU_C,468,0,0,459
163,R1,SKU_D,88,0,0,249
163,R1,SKU_E,37,0,0,155
163,R2,SKU_A,932,0,0,340
163,R2,SKU_B,464,0,0,214
163,R2,SKU_C,622,0,0,115
163,R2,SKU_D,6,0,0,44
163,R2,SKU_E,364,0,0,188
163,R3,SKU_A,598,0,0,656
163,R3,SKU_B,436,0,0,216
163,R3,SKU_C,575,0,0,417
163,R3,SKU_D,437,0,0,349
163,R3,SKU_E,601,0,0,299
164,Supplier,SKU_A,0,0,0,0
164,Supplier,SKU_B,0,0,0,0
164,Supplier,SKU_C,0,0,0,0
164,Supplier,SKU_D,0,0,0,0
164,Supplier,SKU_E,0,0,0,0
164,W1,SKU_A,0,0,300,1589
164,W1,SKU_B,339,0,0,798
164,W1,SKU_C,0,0,252,1098
164,W1,SKU_D,0,0,367,753
164,W1,SKU_E,1507,0,0,594
164,W2,SKU_A,3257,0,0,1194
164,W2,SKU_B,327,0,0,377
164,W2,SKU_C,1304,0,0,700
164,W2,SKU_D,117,0,0,622
164,W2,SKU_E,880,0,0,532
164,R1,SKU_A,0,46,0,547
164,R1,SKU_B,125,0,0,258
164,R1,SKU_C,383,0,0,459
164,R1,SKU_D,20,0,0,249
164,R1,SKU_E,11,0,0,155
164,R2,SKU_A,830,0,0,340
164,R2,SKU_B,414,0,0,214
164,R2,SKU_C,582,0,0,115
164,R2,SKU_D,0,24,0,44
164,R2,SKU_E,323,0,0,188
164,R3,SKU_A,412,0,0,656
164,R3,SKU_B,389,0,0,216
164,R3,SKU_C,470,0,0,417
164,R3,SKU_D,336,0,0,349
164,R3,SKU_E,527,0,0,299
165,Supplier,SKU_A,0,0,0,0
165,Supplier,SKU_B,0,0,0,0
165,Supplier,SKU_C,0,0,0,0
165,Supplier,SKU_D,0,0,0,0
165,Supplier,SKU_E,0,0,0,0
165,W1,SKU_A,0,0,532,1589
165,W1,SKU_B,246,0,0,798
165,W1,SKU_C,0,0,377,1098
165,W1,SKU_D,0,0,465,753
165,W1,SKU_E,1440,0,0,594
165,W2,SKU_A,3071,0,0,1194
165,W2,SKU_B,280,0,0,377
165,W2,SKU_C,1199,0,0,700
165,W2,SKU_D,16,0,0,622
165,W2,SKU_E,806,0,0,532
165,R1,SKU_A,381,0,0,0
165,R1,SKU_B,333,0,0,0
165,R1,SKU_C,732,0,0,0
165,R1,SKU_D,208,0,0,0
165,R1,SKU_E,137,0,0,0
165,R2,SKU_A,720,0,0,340
165,R2,SKU_B,333,0,0,214
165,R2,SKU_C,520,0,0,115
165,R2,SKU_D,0,67,0,44
165,R2,SKU_E,277,0,0,188
165,R3,SKU_A,248,0,0,1268
165,R3,SKU_B,330,0,0,353
165,R3,SKU_C,351,0,0,744
165,R3,SKU_D,235,0,0,632
165,R3,SKU_E,440,0,0,536
166,Supplier,SKU_A,0,0,0,0
166,Supplier,SKU_B,0,0,0,0
166,Supplier,SKU_C,0,0,0,0
166,Supplier,SKU_D,0,0,0,0
166,Supplier,SKU_E,0,0,0,0
166,W1,SKU_A,0,0,110,937
166,W1,SKU_B,441,0,0,472
166,W1,SKU_C,0,0,127,676
166,W1,SKU_D,0,0,243,427
166,W1,SKU_E,1616,0,0,343
166,W2,SKU_A,2907,0,0,1194
166,W2,SKU_B,221,0,0,377
166,W2,SKU_C,1080,0,0,700
166,W2,SKU_D,0,0,85,622
166,W2,SKU_E,719,0,0,532
166,R1,SKU_A,223,0,0,385
166,R1,SKU_B,269,0,0,146
166,R1,SKU_C,582,0,0,282
166,R1,SKU_D,116,0,0,182
166,R1,SKU_E,100,0,0,89
166,R2,SKU_A,944,0,0,267
166,R2,SKU_B,478,0,0,176
166,R2,SKU_C,573,0,0,140
166,R2,SKU_D,0,81,0,144
166,R2,SKU_E,406,0,0,125
166,R3,SKU_A,703,0,0,612
166,R3,SKU_B,474,0,0,137
166,R3,SKU_C,651,0,0,327
166,R3,SKU_D,473,0,0,283
166,R3,SKU_E,669,0,0,237
167,Supplier,SKU_A,0,0,0,0
167,Supplier,SKU_B,0,0,0,0
167,Supplier,SKU_C,0,0,0,0
167,Supplier,SKU_D,0,0,0,0
167,Supplier,SKU_E,0,0,0,0
167,W1,SKU_A,0,0,384,1649
167,W1,SKU_B,308,0,0,794
167,W1,SKU_C,0,0,339,1123
167,W1,SKU_D,0,0,393,726
167,W1,SKU_E,1520,0,0,557
167,W2,SKU_A,3234,0,0,1232
167,W2,SKU_B,340,0,0,337
167,W2,SKU_C,1259,0,0,756
167,W2,SKU_D,120,0,0,604
167,W2,SKU_E,891,0,0,536
167,R1,SKU_A,0,5,0,385
167,R1,SKU_B,197,0,0,146
167,R1,SKU_C,441,0,0,282
167,R1,SKU_D,8,0,0,182
167,R1,SKU_E,40,0,0,89
167,R2,SKU_A,825,0,0,267
167,R2,SKU_B,420,0,0,176
167,R2,SKU_C,502,0,0,140
167,R2,SKU_D,0,126,0,144
167,R2,SKU_E,353,0,0,125
167,R3,SKU_A,467,0,0,612
167,R3,SKU_B,385,0,0,137
167,R3,SKU_C,482,0,0,327
167,R3,SKU_D,353,0,0,283
167,R3,SKU_E,570,0,0,237
168,Supplier,SKU_A,0,0,0,0
168,Supplier,SKU_B,0,0,0,0
168,Supplier,SKU_C,0,0,0,0
168,Supplier,SKU_D,0,0,0,0
168,Supplier,SKU_E,0,0,0,0
168,W1,SKU_A,0,0,731,1649
168,W1,SKU_B,178,0,0,794
168,W1,SKU_C,0,0,551,1123
168,W1,SKU_D,0,0,546,726
168,W1,SKU_E,1407,0,0,557
168,W2,SKU_A,2998,0,0,1232
168,W2,SKU_B,251,0,0,337
168,W2,SKU_C,1090,0,0,756
168,W2,SKU_D,0,0,0,604
168,W2,SKU_E,792,0,0,536
168,R1,SKU_A,151,0,0,0
168,R1,SKU_B,255,0,0,0
168,R1,SKU_C,522,0,0,0
168,R1,SKU_D,99,0,0,0
168,R1,SKU_E,80,0,0,0
168,R2,SKU_A,718,0,0,267
168,R2,SKU_B,345,0,0,176
168,R2,SKU_C,440,0,0,140
168,R2,SKU_D,0,184,0,144
168,R2,SKU_E,290,0,0,125
168,R3,SKU_A,196,0,0,1213
168,R3,SKU_B,294,0,0,357
168,R3,SKU_C,295,0,0,732
168,R3,SKU_D,231,0,0,615
168,R3,SKU_E,458,0,0,493
169,Supplier,SKU_A,0,0,0,0
169,Supplier,SKU_B,0,0,0,0
169,Supplier,SKU_C,0,0,0,0
169,Supplier,SKU_D,0,0,0,0
169,Supplier,SKU_E,0,0,0,0
169,W1,SKU_A,0,0,130,712
169,W1,SKU_B,487,0,0,322
169,W1,SKU_C,0,0,138,447
169,W1,SKU_D,0,0,268,299
169,W1,SKU_E,1638,0,0,214
169,W2,SKU_A,2727,0,0,1232
169,W2,SKU_B,160,0,0,337
169,W2,SKU_C,903,0,0,756
169,W2,SKU_D,0,0,122,604
169,W2,SKU_E,680,0,0,536
169,R1,SKU_A,1,0,0,615
169,R1,SKU_B,184,0,0,224
169,R1,SKU_C,399,0,0,492
169,R1,SKU_D,26,0,0,291
169,R1,SKU_E,30,0,0,146
169,R2,SKU_A,854,0,0,322
169,R2,SKU_B,450,0,0,202
169,R2,SKU_C,511,0,0,184
169,R2,SKU_D,0,111,0,136
169,R2,SKU_E,362,0,0,175
169,R3,SKU_A,604,0,0,601
169,R3,SKU_B,374,0,0,220
169,R3,SKU_C,516,0,0,405
169,R3,SKU_D,423,0,0,332
169,R3,SKU_E,593,0,0,256
170,Supplier,SKU_A,0,0,0,0
170,Supplier,SKU_B,0,0,0,0
170,Supplier,SKU_C,0,0,0,0
170,Supplier,SKU_D,0,0,0,0
170,Supplier,SKU_E,0,0,0,0
170,W1,SKU_A,0,0,411,1669
170,W1,SKU_B,345,0,0,748
170,W1,SKU_C,0,0,330,1134
170,W1,SKU_D,0,0,412,751
170,W1,SKU_E,1535,0,0,535
170,W2,SKU_A,3189,0,0,1274
170,W2,SKU_B,289,0,0,403
170,W2,SKU_C,1201,0,0,825
170,W2,SKU_D,93,0,0,651
170,W2,SKU_E,868,0,0,527
170,R1,SKU_A,0,130,0,615
170,R1,SKU_B,131,0,0,224
170,R1,SKU_C,296,0,0,492
170,R1,SKU_D,0,32,0,291
170,R1,SKU_E,0,16,0,146
170,R2,SKU_A,737,0,0,322
170,R2,SKU_B,391,0,0,202
170,R2,SKU_C,437,0,0,184
170,R2,SKU_D,0,157,0,136
170,R2,SKU_E,322,0,0,175
170,R3,SKU_A,386,0,0,601
170,R3,SKU_B,309,0,0,220
170,R3,SKU_C,418,0,0,405
170,R3,SKU_D,331,0,0,332
170,R3,SKU_E,497,0,0,256
171,Supplier,SKU_A,0,0,0,0
171,Supplier,SKU_B,0,0,0,0
171,Supplier,SKU_C,0,0,0,0
171,Supplier,SKU_D,0,0,0,0
171,Supplier,SKU_E,0,0,0,0
171,W1,SKU_A,0,0,659,1669
171,W1,SKU_B,233,0,0,748
171,W1,SKU_C,0,0,507,1134
171,W1,SKU_D,0,0,516,751
171,W1,SKU_E,1449,0,0,535
171,W2,SKU_A,2971,0,0,1274
171,W2,SKU_B,224,0,0,403
171,W2,SKU_C,1103,0,0,825
171,W2,SKU_D,1,0,0,651
171,W2,SKU_E,772,0,0,527
171,R1,SKU_A,337,0,0,0
171,R1,SKU_B,305,0,0,0
171,R1,SKU_C,691,0,0,0
171,R1,SKU_D,210,0,0,0
171,R1,SKU_E,85,0,0,0
171,R2,SKU_A,649,0,0,322
171,R2,SKU_B,345,0,0,202
171,R2,SKU_C,375,0,0,184
171,R2,SKU_D,0,218,0,136
171,R2,SKU_E,279,0,0,175
171,R3,SKU_A,208,0,0,1294
171,R3,SKU_B,254,0,0,433
171,R3,SKU_C,341,0,0,796
171,R3,SKU_D,248,0,0,637
171,R3,SKU_E,428,0,0,566
172,Supplier,SKU_A,0,0,0,0
172,Supplier,SKU_B,0,0,0,0
172,Supplier,SKU_C,0,0,0,0
172,Supplier,SKU_D,0,0,0,0
172,Supplier,SKU_E,0,0,0,0
172,W1,SKU_A,0,0,183,957
172,W1,SKU_B,459,0,0,426
172,W1,SKU_C,0,0,219,687
172,W1,SKU_D,0,0,327,452
172,W1,SKU_E,1575,0,0,321
172,W2,SKU_A,2793,0,0,1274
172,W2,SKU_B,169,0,0,403
172,W2,SKU_C,1026,0,0,825
172,W2,SKU_D,0,0,82,651
172,W2,SKU_E,703,0,0,527
172,R1,SKU_A,213,0,0,429
172,R1,SKU_B,250,0,0,174
172,R1,SKU_C,611,0,0,323
172,R1,SKU_D,164,0,0,180
172,R1,SKU_E,48,0,0,141
172,R2,SKU_A,852,0,0,283
172,R2,SKU_B,484,0,0,176
172,R2,SKU_C,520,0,0,124
172,R2,SKU_D,0,130,0,119
172,R2,SKU_E,393,0,0,136
172,R3,SKU_A,628,0,0,693
172,R3,SKU_B,412,0,0,213
172,R3,SKU_C,652,0,0,391
172,R3,SKU_D,476,0,0,305
172,R3,SKU_E,593,0,0,310
173,Supplier,SKU_A,0,0,0,0
173,Supplier,SKU_B,0,0,0,0
173,Supplier,SKU_C,0,0,0,0
173,Supplier,SKU_D,0,0,0,0
173,Supplier,SKU_E,0,0,0,0
173,W1,SKU_A,0,0,426,1722
173,W1,SKU_B,341,0,0,776
173,W1,SKU_C,0,0,338,1215
173,W1,SKU_D,0,0,421,810
173,W1,SKU_E,1477,0,0,598
173,W2,SKU_A,3178,0,0,1308
173,W2,SKU_B,258,0,0,429
173,W2,SKU_C,1284,0,0,754
173,W2,SKU_D,112,0,0,619
173,W2,SKU_E,858,0,0,548
173,R1,SKU_A,52,0,0,429
173,R1,SKU_B,184,0,0,174
173,R1,SKU_C,504,0,0,323
173,R1,SKU_D,74,0,0,180
173,R1,SKU_E,0,0,0,141
173,R2,SKU_A,745,0,0,283
173,R2,SKU_B,417,0,0,176
173,R2,SKU_C,456,0,0,124
173,R2,SKU_D,0,191,0,119
173,R2,SKU_E,335,0,0,136
173,R3,SKU_A,401,0,0,693
173,R3,SKU_B,363,0,0,213
173,R3,SKU_C,509,0,0,391
173,R3,SKU_D,374,0,0,305
173,R3,SKU_E,483,0,0,310
174,Supplier,SKU_A,0,0,0,0
174,Supplier,SKU_B,0,0,0,0
174,Supplier,SKU_C,0,0,0,0
174,Supplier,SKU_D,0,0,0,0
174,Supplier,SKU_E,0,0,0,0
174,W1,SKU_A,0,0,694,1722
174,W1,SKU_B,208,0,0,776
174,W1,SKU_C,0,0,509,1215
174,W1,SKU_D,0,0,572,810
174,W1,SKU_E,1371,0,0,598
174,W2,SKU_A,2951,0,0,1308
174,W2,SKU_B,209,0,0,429
174,W2,SKU_C,1141,0,0,754
174,W2,SKU_D,10,0,0,619
174,W2,SKU_E,748,0,0,548
174,R1,SKU_A,289,0,0,0
174,R1,SKU_B,273,0,0,0
174,R1,SKU_C,663,0,0,0
174,R1,SKU_D,164,0,0,0
174,R1,SKU_E,98,0,0,0
174,R2,SKU_A,628,0,0,283
174,R2,SKU_B,343,0,0,176
174,R2,SKU_C,371,0,0,124
174,R2,SKU_D,0,248,0,119
174,R2,SKU_E,280,0,0,136
174,R3,SKU_A,168,0,0,1279
174,R3,SKU_B,295,0,0,379
174,R3,SKU_C,342,0,0,705
174,R3,SKU_D,243,0,0,594
174,R3,SKU_E,372,0,0,580
175,Supplier,SKU_A,0,0,0,0
175,Supplier,SKU_B,0,0,0,0
175,Supplier,SKU_C,0,0,0,0
175,Supplier,SKU_D,0,0,0,0
175,Supplier,SKU_E,0,0,0,0
175,W1,SKU_A,0,0,46,765
175,W1,SKU_B,475,0,0,350
175,W1,SKU_C,0,0,71,528
175,W1,SKU_D,0,0,267,358
175,W1,SKU_E,1594,0,0,277
175,W2,SKU_A,2718,0,0,1308
175,W2,SKU_B,141,0,0,429
175,W2,SKU_C,974,0,0,754
175,W2,SKU_D,0,0,121,619
175,W2,SKU_E,637,0,0,548
175,R1,SKU_A,109,0,0,477
175,R1,SKU_B,198,0,0,206
175,R1,SKU_C,516,0,0,351
175,R1,SKU_D,71,0,0,226
175,R1,SKU_E,43,0,0,128
175,R2,SKU_A,787,0,0,480
175,R2,SKU_B,451,0,0,204
175,R2,SKU_C,437,0,0,336
175,R2,SKU_D,0,189,0,226
175,R2,SKU_E,354,0,0,174
175,R3,SKU_A,611,0,0,586
175,R3,SKU_B,433,0,0,166
175,R3,SKU_C,583,0,0,314
175,R3,SKU_D,426,0,0,289
175,R3,SKU_E,590,0,0,270
176,Supplier,SKU_A,0,0,0,0
176,Supplier,SKU_B,0,0,0,0
176,Supplier,SKU_C,0,0,0,0
176,Supplier,SKU_D,0,0,0,0
176,Supplier,SKU_E,0,0,0,0
176,W1,SKU_A,0,0,350,1585
176,W1,SKU_B,332,0,0,760
176,W1,SKU_C,0,0,276,1067
176,W1,SKU_D,0,0,420,750
176,W1,SKU_E,1477,0,0,579
176,W2,SKU_A,3176,0,0,1241
176,W2,SKU_B,318,0,0,356
176,W2,SKU_C,1297,0,0,685
176,W2,SKU_D,110,0,0,603
176,W2,SKU_E,826,0,0,579
176,R1,SKU_A,0,8,0,477
176,R1,SKU_B,144,0,0,206
176,R1,SKU_C,462,0,0,351
176,R1,SKU_D,21,0,0,226
176,R1,SKU_E,11,0,0,128
176,R2,SKU_A,705,0,0,480
176,R2,SKU_B,411,0,0,204
176,R2,SKU_C,401,0,0,336
176,R2,SKU_D,0,219,0,226
176,R2,SKU_E,300,0,0,174
176,R3,SKU_A,430,0,0,586
176,R3,SKU_B,374,0,0,166
176,R3,SKU_C,490,0,0,314
176,R3,SKU_D,350,0,0,289
176,R3,SKU_E,511,0,0,270
177,Supplier,SKU_A,0,0,0,0
177,Supplier,SKU_B,0,0,0,0
177,Supplier,SKU_C,0,0,0,0
177,Supplier,SKU_D,0,0,0,0
177,Supplier,SKU_E,0,0,0,0
177,W1,SKU_A,0,0,549,1585
177,W1,SKU_B,238,0,0,760
177,W1,SKU_C,0,0,366,1067
177,W1,SKU_D,0,0,500,750
177,W1,SKU_E,1391,0,0,579
177,W2,SKU_A,2995,0,0,1241
177,W2,SKU_B,259,0,0,356
177,W2,SKU_C,1204,0,0,685
177,W2,SKU_D,34,0,0,603
177,W2,SKU_E,747,0,0,579
177,R1,SKU_A,355,0,0,0
177,R1,SKU_B,300,0,0,0
177,R1,SKU_C,744,0,0,0
177,R1,SKU_D,212,0,0,0
177,R1,SKU_E,112,0,0,0
177,R2,SKU_A,621,0,0,480
177,R2,SKU_B,379,0,0,204
177,R2,SKU_C,342,0,0,336
177,R2,SKU_D,0,251,0,226
177,R2,SKU_E,262,0,0,174
177,R3,SKU_A,275,0,0,1250
177,R3,SKU_B,318,0,0,368
177,R3,SKU_C,416,0,0,724
177,R3,SKU_D,282,0,0,618
177,R3,SKU_E,426,0,0,552
178,Supplier,SKU_A,0,0,0,0
178,Supplier,SKU_B,0,0,0,0
178,Supplier,SKU_C,0,0,0,0
178,Supplier,SKU_D,0,0,0,0
178,Supplier,SKU_E,0,0,0,0
178,W1,SKU_A,18,0,0,820
178,W1,SKU_B,506,0,0,410
178,W1,SKU_C,34,0,0,539
178,W1,SKU_D,0,0,209,392
178,W1,SKU_E,1603,0,0,302
178,W2,SKU_A,2840,0,0,1241
178,W2,SKU_B,203,0,0,356
178,W2,SKU_C,1130,0,0,685
178,W2,SKU_D,0,0,34,603
178,W2,SKU_E,662,0,0,579
178,R1,SKU_A,239,0,0,411
178,R1,SKU_B,248,0,0,179
178,R1,SKU_C,649,0,0,270
178,R1,SKU_D,159,0,0,178
178,R1,SKU_E,59,0,0,114
178,R2,SKU_A,1031,0,0,336
178,R2,SKU_B,527,0,0,140
178,R2,SKU_C,628,0,0,224
178,R2,SKU_D,0,63,0,180
178,R2,SKU_E,399,0,0,154
178,R3,SKU_A,721,0,0,664
178,R3,SKU_B,421,0,0,202
178,R3,SKU_C,646,0,0,410
178,R3,SKU_D,495,0,0,329
178,R3,SKU_E,623,0,0,282
179,Supplier,SKU_A,0,0,0,0
179,Supplier,SKU_B,0,0,0,0
179,Supplier,SKU_C,0,0,0,0
179,Supplier,SKU_D,0,0,0,0
179,Supplier,SKU_E,0,0,0,0
179,W1,SKU_A,0,0,168,1521
179,W1,SKU_B,398,0,0,729
179,W1,SKU_C,0,0,111,962
179,W1,SKU_D,0,0,300,692
179,W1,SKU_E,1513,0,0,570
179,W2,SKU_A,3300,0,0,1227
179,W2,SKU_B,317,0,0,369
179,W2,SKU_C,1327,0,0,721
179,W2,SKU_D,156,0,0,603
179,W2,SKU_E,856,0,0,568
179,R1,SKU_A,111,0,0,411
179,R1,SKU_B,196,0,0,179
179,R1,SKU_C,575,0,0,270
179,R1,SKU_D,106,0,0,178
179,R1,SKU_E,17,0,0,114
179,R2,SKU_A,932,0,0,336
179,R2,SKU_B,480,0,0,140
179,R2,SKU_C,581,0,0,224
179,R2,SKU_D,0,102,0,180
179,R2,SKU_E,346,0,0,154
179,R3,SKU_A,543,0,0,664
179,R3,SKU_B,358,0,0,202
179,R3,SKU_C,552,0,0,410
179,R3,SKU_D,391,0,0,329
179,R3,SKU_E,552,0,0,282
180,Supplier,SKU_A,0,0,0,0
180,Supplier,SKU_B,0,0,0,0
180,Supplier,SKU_C,0,0,0,0
180,Supplier,SKU_D,0,0,0,0
180,Supplier,SKU_E,0,0,0,0
180,W1,SKU_A,0,0,395,1521
180,W1,SKU_B,299,0,0,729
180,W1,SKU_C,0,0,232,962
180,W1,SKU_D,0,0,392,692
180,W1,SKU_E,1418,0,0,570
180,W2,SKU_A,3122,0,0,1227
180,W2,SKU_B,254,0,0,369
180,W2,SKU_C,1233,0,0,721
180,W2,SKU_D,52,0,0,603
180,W2,SKU_E,785,0,0,568
180,R1,SKU_A,377,0,0,0
180,R1,SKU_B,290,0,0,0
180,R1,SKU_C,731,0,0,0
180,R1,SKU_D,214,0,0,0
180,R1,SKU_E,79,0,0,0
180,R2,SKU_A,840,0,0,336
180,R2,SKU_B,421,0,0,140
180,R2,SKU_C,530,0,0,224
180,R2,SKU_D,0,142,0,180
180,R2,SKU_E,289,0,0,154
180,R3,SKU_A,317,0,0,1137
180,R3,SKU_B,297,0,0,384
180,R3,SKU_C,446,0,0,662
180,R3,SKU_D,282,0,0,577
180,R3,SKU_E,478,0,0,511
181,Supplier,SKU_A,0,0,0,0
181,Supplier,SKU_B,0,0,0,0
181,Supplier,SKU_C,0,0,0,0
181,Supplier,SKU_D,0,0,0,0
181,Supplier,SKU_E,0,0,0,0
181,W1,SKU_A,188,0,0,701
181,W1,SKU_B,565,0,0,319
181,W1,SKU_C,142,0,0,423
181,W1,SKU_D,0,0,110,300
181,W1,SKU_E,1611,0,0,268
181,W2,SKU_A,2896,0,0,1227
181,W2,SKU_B,193,0,0,369
181,W2,SKU_C,1127,0,0,721
181,W2,SKU_D,0,0,57,603
181,W2,SKU_E,711,0,0,568
181,R1,SKU_A,207,0,0,389
181,R1,SKU_B,200,0,0,189
181,R1,SKU_C,586,0,0,283
181,R1,SKU_D,127,0,0,176
181,R1,SKU_E,39,0,0,147
181,R2,SKU_A,1076,0,0,261
181,R2,SKU_B,490,0,0,162
181,R2,SKU_C,667,0,0,148
181,R2,SKU_D,0,21,0,216
181,R2,SKU_E,396,0,0,147
181,R3,SKU_A,792,0,0,473
181,R3,SKU_B,428,0,0,182
181,R3,SKU_C,733,0,0,252
181,R3,SKU_D,482,0,0,248
181,R3,SKU_E,686,0,0,229
182,Supplier,SKU_A,0,0,0,0
182,Supplier,SKU_B,0,0,0,0
182,Supplier,SKU_C,0,0,0,0
182,Supplier,SKU_D,0,0,0,0
182,Supplier,SKU_E,0,0,0,0
182,W1,SKU_A,0,0,82,1351
182,W1,SKU_B,404,0,0,670
182,W1,SKU_C,0,0,90,854
182,W1,SKU_D,0,0,256,593
182,W1,SKU_E,1524,0,0,562
182,W2,SKU_A,3348,0,0,1130
182,W2,SKU_B,301,0,0,377
182,W2,SKU_C,1408,0,0,601
182,W2,SKU_D,151,0,0,555
182,W2,SKU_E,949,0,0,474
182,R1,SKU_A,20,0,0,389
182,R1,SKU_B,115,0,0,189
182,R1,SKU_C,463,0,0,283
182,R1,SKU_D,33,0,0,176
182,R1,SKU_E,0,15,0,147
182,R2,SKU_A,939,0,0,261
182,R2,SKU_B,428,0,0,162
182,R2,SKU_C,606,0,0,148
182,R2,SKU_D,0,74,0,216
182,R2,SKU_E,344,0,0,147
182,R3,SKU_A,607,0,0,473
182,R3,SKU_B,367,0,0,182
182,R3,SKU_C,647,0,0,252
182,R3,SKU_D,394,0,0,248
182,R3,SKU_E,601,0,0,229
183,Supplier,SKU_A,0,0,0,0
183,Supplier,SKU_B,0,0,0,0
183,Supplier,SKU_C,0,0,0,0
183,Supplier,SKU_D,0,0,0,0
183,Supplier,SKU_E,0,0,0,0
183,W1,SKU_A,0,0,406,1351
183,W1,SKU_B,257,0,0,670
183,W1,SKU_C,0,0,274,854
183,W1,SKU_D,0,0,403,593
183,W1,SKU_E,1418,0,0,562
183,W2,SKU_A,3163,0,0,1130
183,W2,SKU_B,240,0,0,377
183,W2,SKU_C,1322,0,0,601
183,W2,SKU_D,63,0,0,555
183,W2,SKU_E,864,0,0,474
183,R1,SKU_A,277,0,0,0
183,R1,SKU_B,246,0,0,0
183,R1,SKU_C,674,0,0,0
183,R1,SKU_D,157,0,0,0
183,R1,SKU_E,92,0,0,0
183,R2,SKU_A,834,0,0,261
183,R2,SKU_B,398,0,0,162
183,R2,SKU_C,551,0,0,148
183,R2,SKU_D,0,124,0,216
183,R2,SKU_E,305,0,0,147
183,R3,SKU_A,428,0,0,1073
183,R3,SKU_B,323,0,0,375
183,R3,SKU_C,561,0,0,567
183,R3,SKU_D,319,0,0,574
183,R3,SKU_E,516,0,0,462
184,Supplier,SKU_A,0,0,0,0
184,Supplier,SKU_B,0,0,0,0
184,Supplier,SKU_C,0,0,0,0
184,Supplier,SKU_D,0,0,0,0
184,Supplier,SKU_E,0,0,0,0
184,W1,SKU_A,58,0,0,650
184,W1,SKU_B,488,0,0,351
184,W1,SKU_C,22,0,0,431
184,W1,SKU_D,0,0,205,293
184,W1,SKU_E,1607,0,0,294
184,W2,SKU_A,2984,0,0,1130
184,W2,SKU_B,196,0,0,377
184,W2,SKU_C,1236,0,0,601
184,W2,SKU_D,0,0,12,555
184,W2,SKU_E,779,0,0,474
184,R1,SKU_A,130,0,0,489
184,R1,SKU_B,206,0,0,233
184,R1,SKU_C,586,0,0,340
184,R1,SKU_D,94,0,0,233
184,R1,SKU_E,57,0,0,134
184,R2,SKU_A,998,0,0,342
184,R2,SKU_B,529,0,0,163
184,R2,SKU_C,672,0,0,203
184,R2,SKU_D,49,0,0,67
184,R2,SKU_E,421,0,0,138
184,R3,SKU_A,725,0,0,600
184,R3,SKU_B,445,0,0,193
184,R3,SKU_C,738,0,0,315
184,R3,SKU_D,485,0,0,326
184,R3,SKU_E,672,0,0,233
185,Supplier,SKU_A,0,0,0,0
185,Supplier,SKU_B,0,0,0,0
185,Supplier,SKU_C,0,0,0,0
185,Supplier,SKU_D,0,0,0,0
185,Supplier,SKU_E,0,0,0,0
185,W1,SKU_A,0,0,186,1481
185,W1,SKU_B,417,0,0,747
185,W1,SKU_C,0,0,93,974
185,W1,SKU_D,0,0,311,688
185,W1,SKU_E,1541,0,0,566
185,W2,SKU_A,3394,0,0,1097
185,W2,SKU_B,326,0,0,363
185,W2,SKU_C,1478,0,0,579
185,W2,SKU_D,172,0,0,581
185,W2,SKU_E,962,0,0,462
185,R1,SKU_A,4,0,0,489
185,R1,SKU_B,165,0,0,233
185,R1,SKU_C,489,0,0,340
185,R1,SKU_D,39,0,0,233
185,R1,SKU_E,19,0,0,134
185,R2,SKU_A,917,0,0,342
185,R2,SKU_B,487,0,0,163
185,R2,SKU_C,618,0,0,203
185,R2,SKU_D,11,0,0,67
185,R2,SKU_E,395,0,0,138
185,R3,SKU_A,557,0,0,600
185,R3,SKU_B,380,0,0,193
185,R3,SKU_C,655,0,0,315
185,R3,SKU_D,378,0,0,326
185,R3,SKU_E,602,0,0,233
186,Supplier,SKU_A,0,0,0,0
186,Supplier,SKU_B,0,0,0,0
186,Supplier,SKU_C,0,0,0,0
186,Supplier,SKU_D,0,0,0,0
186,Supplier,SKU_E,0,0,0,0
186,W1,SKU_A,0,0,393,1481
186,W1,SKU_B,334,0,0,747
186,W1,SKU_C,0,0,244,974
186,W1,SKU_D,0,0,404,688
186,W1,SKU_E,1477,0,0,566
186,W2,SKU_A,3226,0,0,1097
186,W2,SKU_B,261,0,0,363
186,W2,SKU_C,1395,0,0,579
186,W2,SKU_D,65,0,0,581
186,W2,SKU_E,892,0,0,462
186,R1,SKU_A,331,0,0,0
186,R1,SKU_B,348,0,0,0
186,R1,SKU_C,733,0,0,0
186,R1,SKU_D,192,0,0,0
186,R1,SKU_E,119,0,0,0
186,R2,SKU_A,798,0,0,342
186,R2,SKU_B,437,0,0,163
186,R2,SKU_C,562,0,0,203
186,R2,SKU_D,0,48,0,67
186,R2,SKU_E,360,0,0,138
186,R3,SKU_A,338,0,0,1123
186,R3,SKU_B,319,0,0,362
186,R3,SKU_C,540,0,0,559
186,R3,SKU_D,269,0,0,590
186,R3,SKU_E,533,0,0,461
187,Supplier,SKU_A,0,0,0,0
187,Supplier,SKU_B,0,0,0,0
187,Supplier,SKU_C,0,0,0,0
187,Supplier,SKU_D,0,0,0,0
187,Supplier,SKU_E,0,0,0,0
187,W1,SKU_A,0,0,24,831
187,W1,SKU_B,585,0,0,396
187,W1,SKU_C,35,0,0,543
187,W1,SKU_D,0,0,250,395
187,W1,SKU_E,1702,0,0,272
187,W2,SKU_A,3007,0,0,1097
187,W2,SKU_B,200,0,0,363
187,W2,SKU_C,1280,0,0,579
187,W2,SKU_D,0,0,44,581
187,W2,SKU_E,823,0,0,462
187,R1,SKU_A,164,0,0,435
187,R1,SKU_B,256,0,0,131
187,R1,SKU_C,600,0,0,281
187,R1,SKU_D,98,0,0,198
187,R1,SKU_E,63,0,0,107
187,R2,SKU_A,1003,0,0,273
187,R2,SKU_B,538,0,0,123
187,R2,SKU_C,708,0,0,137
187,R2,SKU_D,0,47,0,95
187,R2,SKU_E,447,0,0,92
187,R3,SKU_A,703,0,0,523
187,R3,SKU_B,439,0,0,169
187,R3,SKU_C,753,0,0,244
187,R3,SKU_D,502,0,0,264
187,R3,SKU_E,677,0,0,228
188,Supplier,SKU_A,0,0,0,0
188,Supplier,SKU_B,0,0,0,0
188,Supplier,SKU_C,0,0,0,0
188,Supplier,SKU_D,0,0,0,0
188,Supplier,SKU_E,0,0,0,0
188,W1,SKU_A,0,0,328,1563
188,W1,SKU_B,431,0,0,650
188,W1,SKU_C,0,0,155,961
188,W1,SKU_D,0,0,410,733
188,W1,SKU_E,1595,0,0,471
188,W2,SKU_A,3316,0,0,1116
188,W2,SKU_B,314,0,0,362
188,W2,SKU_C,1462,0,0,568
188,W2,SKU_D,152,0,0,590
188,W2,SKU_E,952,0,0,456
188,R1,SKU_A,0,58,0,435
188,R1,SKU_B,138,0,0,131
188,R1,SKU_C,432,0,0,281
188,R1,SKU_D,0,1,0,198
188,R1,SKU_E,6,0,0,107
188,R2,SKU_A,858,0,0,273
188,R2,SKU_B,466,0,0,123
188,R2,SKU_C,616,0,0,137
188,R2,SKU_D,0,131,0,95
188,R2,SKU_E,371,0,0,92
188,R3,SKU_A,490,0,0,523
188,R3,SKU_B,369,0,0,169
188,R3,SKU_C,648,0,0,244
188,R3,SKU_D,421,0,0,264
188,R3,SKU_E,577,0,0,228
189,Supplier,SKU_A,0,0,0,0
189,Supplier,SKU_B,0,0,0,0
189,Supplier,SKU_C,0,0,0,0
189,Supplier,SKU_D,0,0,0,0
189,Supplier,SKU_E,0,0,0,0
189,W1,SKU_A,0,0,695,1563
189,W1,SKU_B,241,0,0,650
189,W1,SKU_C,0,0,415,961
189,W1,SKU_D,0,0,593,733
189,W1,SKU_E,1462,0,0,471
189,W2,SKU_A,3103,0,0,1116
189,W2,SKU_B,244,0,0,362
189,W2,SKU_C,1357,0,0,568
189,W2,SKU_D,71,0,0,590
189,W2,SKU_E,852,0,0,456
189,R1,SKU_A,192,0,0,0
189,R1,SKU_B,178,0,0,0
189,R1,SKU_C,607,0,0,0
189,R1,SKU_D,106,0,0,0
189,R1,SKU_E,49,0,0,0
189,R2,SKU_A,741,0,0,273
189,R2,SKU_B,422,0,0,123
189,R2,SKU_C,526,0,0,137
189,R2,SKU_D,0,184,0,95
189,R2,SKU_E,325,0,0,92
189,R3,SKU_A,266,0,0,1190
189,R3,SKU_B,311,0,0,373
189,R3,SKU_C,570,0,0,566
189,R3,SKU_D,328,0,0,547
189,R3,SKU_E,477,0,0,486
190,Supplier,SKU_A,0,0,0,0
190,Supplier,SKU_B,0,0,0,0
190,Supplier,SKU_C,0,0,0,0
190,Supplier,SKU_D,0,0,0,0
190,Supplier,SKU_E,0,0,0,0
190,W1,SKU_A,0,0,166,732
190,W1,SKU_B,502,0,0,254
190,W1,SKU_C,0,0,68,418
190,W1,SKU_D,0,0,342,338
190,W1,SKU_E,1624,0,0,199
190,W2,SKU_A,2879,0,0,1116
190,W2,SKU_B,186,0,0,362
190,W2,SKU_C,1279,0,0,568
190,W2,SKU_D,0,0,22,590
190,W2,SKU_E,752,0,0,456
190,R1,SKU_A,97,0,0,574
190,R1,SKU_B,130,0,0,301
190,R1,SKU_C,545,0,0,407
190,R1,SKU_D,55,0,0,284
190,R1,SKU_E,8,0,0,177
190,R2,SKU_A,922,0,0,257
190,R2,SKU_B,501,0,0,178
190,R2,SKU_C,625,0,0,171
190,R2,SKU_D,0,127,0,111
190,R2,SKU_E,373,0,0,173
190,R3,SKU_A,619,0,0,667
190,R3,SKU_B,432,0,0,204
190,R3,SKU_C,739,0,0,322
190,R3,SKU_D,538,0,0,283
190,R3,SKU_E,630,0,0,258
191,Supplier,SKU_A,0,0,0,0
191,Supplier,SKU_B,0,0,0,0
191,Supplier,SKU_C,0,0,0,0
191,Supplier,SKU_D,0,0,0,0
191,Supplier,SKU_E,0,0,0,0
191,W1,SKU_A,0,0,353,1705
191,W1,SKU_B,410,0,0,733
191,W1,SKU_C,0,0,168,1064
191,W1,SKU_D,0,0,431,825
191,W1,SKU_E,1539,0,0,549
191,W2,SKU_A,3262,0,0,1235
191,W2,SKU_B,314,0,0,387
191,W2,SKU_C,1499,0,0,558
191,W2,SKU_D,216,0,0,565
191,W2,SKU_E,921,0,0,501
191,R1,SKU_A,0,28,0,574
191,R1,SKU_B,80,0,0,301
191,R1,SKU_C,483,0,0,407
191,R1,SKU_D,11,0,0,284
191,R1,SKU_E,0,42,0,177
191,R2,SKU_A,834,0,0,257
191,R2,SKU_B,455,0,0,178
191,R2,SKU_C,582,0,0,171
191,R2,SKU_D,0,172,0,111
191,R2,SKU_E,327,0,0,173
191,R3,SKU_A,451,0,0,667
191,R3,SKU_B,391,0,0,204
191,R3,SKU_C,658,0,0,322
191,R3,SKU_D,448,0,0,283
191,R3,SKU_E,536,0,0,258
192,Supplier,SKU_A,0,0,0,0
192,Supplier,SKU_B,0,0,0,0
192,Supplier,SKU_C,0,0,0,0
192,Supplier,SKU_D,0,0,0,0
192,Supplier,SKU_E,0,0,0,0
192,W1,SKU_A,0,0,566,1705
192,W1,SKU_B,314,0,0,733
192,W1,SKU_C,0,0,273,1064
192,W1,SKU_D,0,0,520,825
192,W1,SKU_E,1443,0,0,549
192,W2,SKU_A,3094,0,0,1235
192,W2,SKU_B,273,0,0,387
192,W2,SKU_C,1418,0,0,558
192,W2,SKU_D,126,0,0,565
192,W2,SKU_E,827,0,0,501
192,R1,SKU_A,412,0,0,0
192,R1,SKU_B,325,0,0,0
192,R1,SKU_C,832,0,0,0
192,R1,SKU_D,247,0,0,0
192,R1,SKU_E,110,0,0,0
192,R2,SKU_A,759,0,0,257
192,R2,SKU_B,408,0,0,178
192,R2,SKU_C,552,0,0,171
192,R2,SKU_D,0,224,0,111
192,R2,SKU_E,280,0,0,173
192,R3,SKU_A,313,0,0,1229
192,R3,SKU_B,336,0,0,351
192,R3,SKU_C,586,0,0,556
192,R3,SKU_D,373,0,0,520
192,R3,SKU_E,470,0,0,527
193,Supplier,SKU_A,0,0,0,0
193,Supplier,SKU_B,0,0,0,0
193,Supplier,SKU_C,0,0,0,0
193,Supplier,SKU_D,0,0,0,0
193,Supplier,SKU_E,0,0,0,0
193,W1,SKU_A,0,0,43,973
193,W1,SKU_B,465,0,0,479
193,W1,SKU_C,57,0,0,646
193,W1,SKU_D,0,0,282,487
193,W1,SKU_E,1570,0,0,350
193,W2,SKU_A,2956,0,0,1235
193,W2,SKU_B,218,0,0,387
193,W2,SKU_C,1346,0,0,558
193,W2,SKU_D,51,0,0,565
193,W2,SKU_E,761,0,0,501
193,R1,SKU_A,255,0,0,354
193,R1,SKU_B,268,0,0,154
193,R1,SKU_C,757,0,0,182
193,R1,SKU_D,189,0,0,143
193,R1,SKU_E,71,0,0,116
193,R2,SKU_A,936,0,0,378
193,R2,SKU_B,540,0,0,137
193,R2,SKU_C,678,0,0,179
193,R2,SKU_D,0,176,0,195
193,R2,SKU_E,398,0,0,137
193,R3,SKU_A,806,0,0,562
193,R3,SKU_B,489,0,0,147
193,R3,SKU_C,816,0,0,234
193,R3,SKU_D,564,0,0,237
193,R3,SKU_E,647,0,0,269
194,Supplier,SKU_A,0,0,0,0
194,Supplier,SKU_B,0,0,0,0
194,Supplier,SKU_C,0,0,0,0
194,Supplier,SKU_D,0,0,0,0
194,Supplier,SKU_E,0,0,0,0
194,W1,SKU_A,0,0,280,1582
194,W1,SKU_B,362,0,0,770
194,W1,SKU_C,0,0,63,939
194,W1,SKU_D,0,0,403,765
194,W1,SKU_E,1476,0,0,603
194,W2,SKU_A,3345,0,0,1148
194,W2,SKU_B,353,0,0,345
194,W2,SKU_C,1527,0,0,513
194,W2,SKU_D,257,0,0,486
194,W2,SKU_E,892,0,0,524
194,R1,SKU_A,118,0,0,354
194,R1,SKU_B,221,0,0,154
194,R1,SKU_C,656,0,0,182
194,R1,SKU_D,137,0,0,143
194,R1,SKU_E,18,0,0,116
194,R2,SKU_A,842,0,0,378
194,R2,SKU_B,496,0,0,137
194,R2,SKU_C,628,0,0,179
194,R2,SKU_D,0,224,0,195
194,R2,SKU_E,350,0,0,137
194,R3,SKU_A,605,0,0,562
194,R3,SKU_B,428,0,0,147
194,R3,SKU_C,704,0,0,234
194,R3,SKU_D,453,0,0,237
194,R3,SKU_E,552,0,0,269
195,Supplier,SKU_A,0,0,0,0
195,Supplier,SKU_B,0,0,0,0
195,Supplier,SKU_C,0,0,0,0
195,Supplier,SKU_D,0,0,0,0
195,Supplier,SKU_E,0,0,0,0
195,W1,SKU_A,0,0,511,1582
195,W1,SKU_B,271,0,0,770
195,W1,SKU_C,0,0,214,939
195,W1,SKU_D,0,0,503,765
195,W1,SKU_E,1375,0,0,603
195,W2,SKU_A,3144,0,0,1148
195,W2,SKU_B,292,0,0,345
195,W2,SKU_C,1415,0,0,513
195,W2,SKU_D,146,0,0,486
195,W2,SKU_E,797,0,0,524
195,R1,SKU_A,282,0,0,0
195,R1,SKU_B,269,0,0,0
195,R1,SKU_C,685,0,0,0
195,R1,SKU_D,198,0,0,0
195,R1,SKU_E,74,0,0,0
195,R2,SKU_A,713,0,0,378
195,R2,SKU_B,441,0,0,137
195,R2,SKU_C,568,0,0,179
195,R2,SKU_D,0,289,0,195
195,R2,SKU_E,288,0,0,137
195,R3,SKU_A,414,0,0,1075
195,R3,SKU_B,369,0,0,314
195,R3,SKU_C,581,0,0,510
195,R3,SKU_D,337,0,0,515
195,R3,SKU_E,445,0,0,511
196,Supplier,SKU_A,0,0,0,0
196,Supplier,SKU_B,0,0,0,0
196,Supplier,SKU_C,0,0,0,0
196,Supplier,SKU_D,0,0,0,0
196,Supplier,SKU_E,0,0,0,0
196,W1,SKU_A,143,0,0,609
196,W1,SKU_B,589,0,0,291
196,W1,SKU_C,219,0,0,293
196,W1,SKU_D,0,0,163,278
196,W1,SKU_E,1603,0,0,253
196,W2,SKU_A,2953,0,0,1148
196,W2,SKU_B,233,0,0,345
196,W2,SKU_C,1292,0,0,513
196,W2,SKU_D,30,0,0,486
196,W2,SKU_E,690,0,0,524
196,R1,SKU_A,88,0,0,484
196,R1,SKU_B,192,0,0,210
196,R1,SKU_C,547,0,0,329
196,R1,SKU_D,120,0,0,192
196,R1,SKU_E,15,0,0,152
196,R2,SKU_A,942,0,0,346
196,R2,SKU_B,515,0,0,145
196,R2,SKU_C,684,0,0,155
196,R2,SKU_D,0,168,0,295
196,R2,SKU_E,380,0,0,165
196,R3,SKU_A,766,0,0,513
196,R3,SKU_B,447,0,0,167
196,R3,SKU_C,700,0,0,276
196,R3,SKU_D,488,0,0,278
196,R3,SKU_E,622,0,0,242
197,Supplier,SKU_A,0,0,0,0
197,Supplier,SKU_B,0,0,0,0
197,Supplier,SKU_C,0,0,0,0
197,Supplier,SKU_D,0,0,0,0
197,Supplier,SKU_E,0,0,0,0
197,W1,SKU_A,0,0,200,1396
197,W1,SKU_B,449,0,0,646
197,W1,SKU_C,18,0,0,777
197,W1,SKU_D,0,0,315,646
197,W1,SKU_E,1499,0,0,570
197,W2,SKU_A,3415,0,0,1042
197,W2,SKU_B,365,0,0,315
197,W2,SKU_C,1462,0,0,555
197,W2,SKU_D,211,0,0,538
197,W2,SKU_E,887,0,0,518
197,R1,SKU_A,0,29,0,484
197,R1,SKU_B,150,0,0,210
197,R1,SKU_C,467,0,0,329
197,R1,SKU_D,71,0,0,192
197,R1,SKU_E,0,31,0,152
197,R2,SKU_A,858,0,0,346
197,R2,SKU_B,476,0,0,145
197,R2,SKU_C,645,0,0,155
197,R2,SKU_D,0,208,0,295
197,R2,SKU_E,327,0,0,165
197,R3,SKU_A,603,0,0,513
197,R3,SKU_B,394,0,0,167
197,R3,SKU_C,631,0,0,276
197,R3,SKU_D,412,0,0,278
197,R3,SKU_E,539,0,0,242
198,Supplier,SKU_A,0,0,0,0
198,Supplier,SKU_B,0,0,0,0
198,Supplier,SKU_C,0,0,0,0
198,Supplier,SKU_D,0,0,0,0
198,Supplier,SKU_E,0,0,0,0
198,W1,SKU_A,0,0,401,1396
198,W1,SKU_B,368,0,0,646
198,W1,SKU_C,0,0,101,777
198,W1,SKU_D,0,0,404,646
198,W1,SKU_E,1400,0,0,570
198,W2,SKU_A,3252,0,0,1042
198,W2,SKU_B,312,0,0,315
198,W2,SKU_C,1393,0,0,555
198,W2,SKU_D,135,0,0,538
198,W2,SKU_E,804,0,0,518
198,R1,SKU_A,321,0,0,0
198,R1,SKU_B,323,0,0,0
198,R1,SKU_C,730,0,0,0
198,R1,SKU_D,200,0,0,0
198,R1,SKU_E,83,0,0,0
198,R2,SKU_A,772,0,0,346
198,R2,SKU_B,435,0,0,145
198,R2,SKU_C,598,0,0,155
198,R2,SKU_D,0,252,0,295
198,R2,SKU_E,278,0,0,165
198,R3,SKU_A,426,0,0,1077
198,R3,SKU_B,364,0,0,348
198,R3,SKU_C,551,0,0,583
198,R3,SKU_D,334,0,0,556
198,R3,SKU_E,459,0,0,524
199,Supplier,SKU_A,0,0,0,0
199,Supplier,SKU_B,0,0,0,0
199,Supplier,SKU_C,0,0,0,0
199,Supplier,SKU_D,0,0,0,0
199,Supplier,SKU_E,0,0,0,0
199,W1,SKU_A,0,0,12,787
199,W1,SKU_B,581,0,0,355
199,W1,SKU_C,79,0,0,484
199,W1,SKU_D,0,0,233,368
199,W1,SKU_E,1566,0,0,317
199,W2,SKU_A,3075,0,0,1042
199,W2,SKU_B,282,0,0,315
199,W2,SKU_C,1313,0,0,555
199,W2,SKU_D,57,0,0,538
199,W2,SKU_E,724,0,0,518
199,R1,SKU_A,175,0,0,445
199,R1,SKU_B,257,0,0,156
199,R1,SKU_C,624,0,0,284
199,R1,SKU_D,142,0,0,190
199,R1,SKU_E,36,0,0,143
199,R2,SKU_A,1034,0,0,307
199,R2,SKU_B,545,0,0,143
199,R2,SKU_C,706,0,0,149
199,R2,SKU_D,0,6,0,88
199,R2,SKU_E,385,0,0,147
199,R3,SKU_A,768,0,0,564
199,R3,SKU_B,481,0,0,181
199,R3,SKU_C,717,0,0,307
199,R3,SKU_D,540,0,0,278
199,R3,SKU_E,616,0,0,282
200,Supplier,SKU_A,0,0,0,0
200,Supplier,SKU_B,0,0,0,0
200,Supplier,SKU_C,0,0,0,0
200,Supplier,SKU_D,0,0,0,0
200,Supplier,SKU_E,0,0,0,0
200,W1,SKU_A,0,0,242,1551
200,W1,SKU_B,480,0,0,654
200,W1,SKU_C,0,0,74,917
200,W1,SKU_D,0,0,340,716
200,W1,SKU_E,1461,0,0,607
200,W2,SKU_A,3380,0,0,1116
200,W2,SKU_B,376,0,0,323
200,W2,SKU_C,1431,0,0,591
200,W2,SKU_D,204,0,0,559
200,W2,SKU_E,874,0,0,538
200,R1,SKU_A,33,0,0,445
200,R1,SKU_B,215,0,0,156
200,R1,SKU_C,547,0,0,284
200,R1,SKU_D,98,0,0,190
200,R1,SKU_E,9,0,0,143
200,R2,SKU_A,944,0,0,307
200,R2,SKU_B,503,0,0,143
200,R2,SKU_C,669,0,0,149
200,R2,SKU_D,0,59,0,88
200,R2,SKU_E,351,0,0,147
200,R3,SKU_A,596,0,0,564
200,R3,SKU_B,437,0,0,181
200,R3,SKU_C,633,0,0,307
200,R3,SKU_D,449,0,0,278
200,R3,SKU_E,533,0,0,282
201,Supplier,SKU_A,0,0,0,0
201,Supplier,SKU_B,0,0,0,0
201,Supplier,SKU_C,0,0,0,0
201,Supplier,SKU_D,0,0,0,0
201,Supplier,SKU_E,0,0,0,0
201,W1,SKU_A,0,0,474,1551
201,W1,SKU_B,396,0,0,654
201,W1,SKU_C,0,0,188,917
201,W1,SKU_D,0,0,437,716
201,W1,SKU_E,1400,0,0,607
201,W2,SKU_A,3208,0,0,1116
201,W2,SKU_B,332,0,0,323
201,W2,SKU_C,1347,0,0,591
201,W2,SKU_D,113,0,0,559
201,W2,SKU_E,791,0,0,538
201,R1,SKU_A,333,0,0,0
201,R1,SKU_B,322,0,0,0
201,R1,SKU_C,746,0,0,0
201,R1,SKU_D,232,0,0,0
201,R1,SKU_E,97,0,0,0
201,R2,SKU_A,842,0,0,307
201,R2,SKU_B,447,0,0,143
201,R2,SKU_C,617,0,0,149
201,R2,SKU_D,0,105,0,88
201,R2,SKU_E,304,0,0,147
201,R3,SKU_A,386,0,0,1084
201,R3,SKU_B,390,0,0,305
201,R3,SKU_C,538,0,0,581
201,R3,SKU_D,340,0,0,519
201,R3,SKU_E,448,0,0,530
202,Supplier,SKU_A,0,0,0,0
202,Supplier,SKU_B,0,0,0,0
202,Supplier,SKU_C,0,0,0,0
202,Supplier,SKU_D,0,0,0,0
202,Supplier,SKU_E,0,0,0,0
202,W1,SKU_A,66,0,0,764
202,W1,SKU_B,646,0,0,299
202,W1,SKU_C,159,0,0,433
202,W1,SKU_D,0,0,171,348
202,W1,SKU_E,1615,0,0,290
202,W2,SKU_A,2998,0,0,1116
202,W2,SKU_B,285,0,0,323
202,W2,SKU_C,1252,0,0,591
202,W2,SKU_D,4,0,0,559
202,W2,SKU_E,706,0,0,538
202,R1,SKU_A,138,0,0,433
202,R1,SKU_B,218,0,0,157
202,R1,SKU_C,591,0,0,268
202,R1,SKU_D,141,0,0,158
202,R1,SKU_E,27,0,0,129
202,R2,SKU_A,1023,0,0,288
202,R2,SKU_B,526,0,0,133
202,R2,SKU_C,703,0,0,136
202,R2,SKU_D,0,70,0,210
202,R2,SKU_E,401,0,0,139
202,R3,SKU_A,714,0,0,520
202,R3,SKU_B,481,0,0,124
202,R3,SKU_C,695,0,0,274
202,R3,SKU_D,499,0,0,241
202,R3,SKU_E,630,0,0,248
203,Supplier,SKU_A,0,0,0,0
203,Supplier,SKU_B,0,0,0,0
203,Supplier,SKU_C,0,0,0,0
203,Supplier,SKU_D,0,0,0,0
203,Supplier,SKU_E,0,0,0,0
203,W1,SKU_A,0,0,255,1473
203,W1,SKU_B,478,0,0,589
203,W1,SKU_C,0,0,59,837
203,W1,SKU_D,0,0,315,654
203,W1,SKU_E,1495,0,0,558
203,W2,SKU_A,3328,0,0,1103
203,W2,SKU_B,366,0,0,293
203,W2,SKU_C,1429,0,0,553
203,W2,SKU_D,204,0,0,512
203,W2,SKU_E,889,0,0,508
203,R1,SKU_A,0,50,0,433
203,R1,SKU_B,131,0,0,157
203,R1,SKU_C,467,0,0,268
203,R1,SKU_D,68,0,0,158
203,R1,SKU_E,0,34,0,129
203,R2,SKU_A,876,0,0,288
203,R2,SKU_B,461,0,0,133
203,R2,SKU_C,644,0,0,136
203,R2,SKU_D,0,141,0,210
203,R2,SKU_E,339,0,0,139
203,R3,SKU_A,481,0,0,520
203,R3,SKU_B,405,0,0,124
203,R3,SKU_C,571,0,0,274
203,R3,SKU_D,407,0,0,241
203,R3,SKU_E,519,0,0,248
204,Supplier,SKU_A,0,0,0,0
204,Supplier,SKU_B,0,0,0,0
204,Supplier,SKU_C,0,0,0,0
204,Supplier,SKU_D,0,0,0,0
204,Supplier,SKU_E,0,0,0,0
204,W1,SKU_A,0,0,590,1473
204,W1,SKU_B,326,0,0,589
204,W1,SKU_C,0,0,242,837
204,W1,SKU_D,0,0,459,654
204,W1,SKU_E,1372,0,0,558
204,W2,SKU_A,3095,0,0,1103
204,W2,SKU_B,290,0,0,293
204,W2,SKU_C,1305,0,0,553
204,W2,SKU_D,112,0,0,512
204,W2,SKU_E,778,0,0,508
204,R1,SKU_A,264,0,0,0
204,R1,SKU_B,247,0,0,0
204,R1,SKU_C,653,0,0,0
204,R1,SKU_D,171,0,0,0
204,R1,SKU_E,49,0,0,0
204,R2,SKU_A,787,0,0,288
204,R2,SKU_B,428,0,0,133
204,R2,SKU_C,600,0,0,136
204,R2,SKU_D,0,202,0,210
204,R2,SKU_E,301,0,0,139
204,R3,SKU_A,330,0,0,1199
204,R3,SKU_B,367,0,0,337
204,R3,SKU_C,489,0,0,643
204,R3,SKU_D,314,0,0,561
204,R3,SKU_E,448,0,0,544
205,Supplier,SKU_A,0,0,0,0
205,Supplier,SKU_B,0,0,0,0
205,Supplier,SKU_C,0,0,0,0
205,Supplier,SKU_D,0,0,0,0
205,Supplier,SKU_E,0,0,0,0
205,W1,SKU_A,0,0,34,709
205,W1,SKU_B,551,0,0,290
205,W1,SKU_C,65,0,0,404
205,W1,SKU_D,0,0,227,306
205,W1,SKU_E,1578,0,0,268
205,W2,SKU_A,2944,0,0,1103
205,W2,SKU_B,252,0,0,293
205,W2,SKU_C,1223,0,0,553
205,W2,SKU_D,19,0,0,512
205,W2,SKU_E,707,0,0,508
205,R1,SKU_A,141,0,0,502
205,R1,SKU_B,200,0,0,232
205,R1,SKU_C,576,0,0,361
205,R1,SKU_D,126,0,0,219
205,R1,SKU_E,15,0,0,177
205,R2,SKU_A,982,0,0,328
205,R2,SKU_B,525,0,0,162
205,R2,SKU_C,695,0,0,166
205,R2,SKU_D,0,23,0,129
205,R2,SKU_E,397,0,0,150
205,R3,SKU_A,722,0,0,679
205,R3,SKU_B,455,0,0,213
205,R3,SKU_C,703,0,0,369
205,R3,SKU_D,493,0,0,320
205,R3,SKU_E,622,0,0,296
206,Supplier,SKU_A,0,0,0,0
206,Supplier,SKU_B,0,0,0,0
206,Supplier,SKU_C,0,0,0,0
206,Supplier,SKU_D,0,0,0,0
206,Supplier,SKU_E,0,0,0,0
206,W1,SKU_A,0,0,250,1573
206,W1,SKU_B,468,0,0,684
206,W1,SKU_C,0,0,53,931
206,W1,SKU_D,0,0,303,710
206,W1,SKU_E,1501,0,0,595
206,W2,SKU_A,3366,0,0,1173
206,W2,SKU_B,368,0,0,345
206,W2,SKU_C,1427,0,0,645
206,W2,SKU_D,197,0,0,576
206,W2,SKU_E,888,0,0,535
206,R1,SKU_A,3,0,0,502
206,R1,SKU_B,156,0,0,232
206,R1,SKU_C,499,0,0,361
206,R1,SKU_D,68,0,0,219
206,R1,SKU_E,0,26,0,177
206,R2,SKU_A,904,0,0,328
206,R2,SKU_B,506,0,0,162
206,R2,SKU_C,665,0,0,166
206,R2,SKU_D,0,55,0,129
206,R2,SKU_E,359,0,0,150
206,R3,SKU_A,541,0,0,679
206,R3,SKU_B,418,0,0,213
206,R3,SKU_C,637,0,0,369
206,R3,SKU_D,421,0,0,320
206,R3,SKU_E,558,0,0,296
207,Supplier,SKU_A,0,0,0,0
207,Supplier,SKU_B,0,0,0,0
207,Supplier,SKU_C,0,0,0,0
207,Supplier,SKU_D,0,0,0,0
207,Supplier,SKU_E,0,0,0,0
207,W1,SKU_A,0,0,466,1573
207,W1,SKU_B,405,0,0,684
207,W1,SKU_C,0,0,160,931
207,W1,SKU_D,0,0,393,710
207,W1,SKU_E,1422,0,0,595
207,W2,SKU_A,3185,0,0,1173
207,W2,SKU_B,331,0,0,345
207,W2,SKU_C,1361,0,0,645
207,W2,SKU_D,125,0,0,576
207,W2,SKU_E,824,0,0,535
207,R1,SKU_A,402,0,0,0
207,R1,SKU_B,320,0,0,0
207,R1,SKU_C,793,0,0,0
207,R1,SKU_D,235,0,0,0
207,R1,SKU_E,111,0,0,0
207,R2,SKU_A,814,0,0,328
207,R2,SKU_B,477,0,0,162
207,R2,SKU_C,614,0,0,166
207,R2,SKU_D,0,97,0,129
207,R2,SKU_E,326,0,0,150
207,R3,SKU_A,365,0,0,1139
207,R3,SKU_B,366,0,0,324
207,R3,SKU_C,554,0,0,577
207,R3,SKU_D,334,0,0,547
207,R3,SKU_E,479,0,0,505
208,Supplier,SKU_A,0,0,0,0
208,Supplier,SKU_B,0,0,0,0
208,Supplier,SKU_C,0,0,0,0
208,Supplier,SKU_D,0,0,0,0
208,Supplier,SKU_E,0,0,0,0
208,W1,SKU_A,50,0,0,864
208,W1,SKU_B,598,0,0,394
208,W1,SKU_C,126,0,0,527
208,W1,SKU_D,0,0,181,404
208,W1,SKU_E,1617,0,0,327
208,W2,SKU_A,3009,0,0,1173
208,W2,SKU_B,279,0,0,345
208,W2,SKU_C,1278,0,0,645
208,W2,SKU_D,38,0,0,576
208,W2,SKU_E,745,0,0,535
208,R1,SKU_A,249,0,0,364
208,R1,SKU_B,244,0,0,159
208,R1,SKU_C,699,0,0,221
208,R1,SKU_D,168,0,0,155
208,R1,SKU_E,49,0,0,115
208,R2,SKU_A,1053,0,0,295
208,R2,SKU_B,593,0,0,84
208,R2,SKU_C,754,0,0,122
208,R2,SKU_D,0,13,0,151
208,R2,SKU_E,415,0,0,114
208,R3,SKU_A,833,0,0,460
208,R3,SKU_B,514,0,0,111
208,R3,SKU_C,808,0,0,208
208,R3,SKU_D,579,0,0,227
208,R3,SKU_E,669,0,0,209
209,Supplier,SKU_A,0,0,0,0
209,Supplier,SKU_B,0,0,0,0
209,Supplier,SKU_C,0,0,0,0
209,Supplier,SKU_D,0,0,0,0
209,Supplier,SKU_E,0,0,0,0
209,W1,SKU_A,0,0,192,1489
209,W1,SKU_B,476,0,0,637
209,W1,SKU_C,6,0,0,870
209,W1,SKU_D,0,0,293,664
209,W1,SKU_E,1494,0,0,556
209,W2,SKU_A,3351,0,0,1105
209,W2,SKU_B,355,0,0,329
209,W2,SKU_C,1452,0,0,565
209,W2,SKU_D,235,0,0,525
209,W2,SKU_E,892,0,0,499
209,R1,SKU_A,52,0,0,364
209,R1,SKU_B,123,0,0,159
209,R1,SKU_C,544,0,0,221
209,R1,SKU_D,90,0,0,155
209,R1,SKU_E,0,9,0,115
209,R2,SKU_A,915,0,0,295
209,R2,SKU_B,543,0,0,84
209,R2,SKU_C,704,0,0,122
209,R2,SKU_D,0,75,0,151
209,R2,SKU_E,362,0,0,114
209,R3,SKU_A,590,0,0,460
209,R3,SKU_B,468,0,0,111
209,R3,SKU_C,683,0,0,208
209,R3,SKU_D,477,0,0,227
209,R3,SKU_E,571,0,0,209
210,Supplier,SKU_A,0,0,0,0
210,Supplier,SKU_B,0,0,0,0
210,Supplier,SKU_C,0,0,0,0
210,Supplier,SKU_D,0,0,0,0
210,Supplier,SKU_E,0,0,0,0
210,W1,SKU_A,0,0,527,1489
210,W1,SKU_B,305,0,0,637
210,W1,SKU_C,0,0,199,870
210,W1,SKU_D,0,0,433,664
210,W1,SKU_E,1383,0,0,556
210,W2,SKU_A,3108,0,0,1105
210,W2,SKU_B,309,0,0,329
210,W2,SKU_C,1327,0,0,565
210,W2,SKU_D,133,0,0,525
210,W2,SKU_E,794,0,0,499
210,R1,SKU_A,185,0,0,0
210,R1,SKU_B,191,0,0,0
210,R1,SKU_C,623,0,0,0
210,R1,SKU_D,151,0,0,0
210,R1,SKU_E,34,0,0,0
210,R2,SKU_A,783,0,0,295
210,R2,SKU_B,484,0,0,84
210,R2,SKU_C,627,0,0,122
210,R2,SKU_D,0,132,0,151
210,R2,SKU_E,324,0,0,114
210,R3,SKU_A,340,0,0,1090
210,R3,SKU_B,408,0,0,274
210,R3,SKU_C,561,0,0,531
210,R3,SKU_D,379,0,0,491
210,R3,SKU_E,497,0,0,492
211,Supplier,SKU_A,0,0,0,0
211,Supplier,SKU_B,0,0,0,0
211,Supplier,SKU_C,0,0,0,0
211,Supplier,SKU_D,0,0,0,0
211,Supplier,SKU_E,0,0,0,0
211,W1,SKU_A,0,0,26,625
211,W1,SKU_B,549,0,0,243
211,W1,SKU_C,109,0,0,343
211,W1,SKU_D,0,0,180,260
211,W1,SKU_E,1600,0,0,229
211,W2,SKU_A,2858,0,0,1105
211,W2,SKU_B,249,0,0,329
211,W2,SKU_C,1205,0,0,565
211,W2,SKU_D,35,0,0,525
211,W2,SKU_E,720,0,0,499
211,R1,SKU_A,52,0,0,581
211,R1,SKU_B,139,0,0,288
211,R1,SKU_C,534,0,0,391
211,R1,SKU_D,75,0,0,239
211,R1,SKU_E,0,1,0,192
211,R2,SKU_A,975,0,0,333
211,R2,SKU_B,534,0,0,155
211,R2,SKU_C,712,0,0,153
211,R2,SKU_D,0,20,0,165
211,R2,SKU_E,399,0,0,152
211,R3,SKU_A,629,0,0,630
211,R3,SKU_B,475,0,0,163
211,R3,SKU_C,667,0,0,323
211,R3,SKU_D,505,0,0,264
211,R3,SKU_E,647,0,0,283
212,Supplier,SKU_A,0,0,0,0
212,Supplier,SKU_B,0,0,0,0
212,Supplier,SKU_C,0,0,0,0
212,Supplier,SKU_D,0,0,0,0
212,Supplier,SKU_E,0,0,0,0
212,W1,SKU_A,0,0,262,1565
212,W1,SKU_B,463,0,0,686
212,W1,SKU_C,0,0,17,887
212,W1,SKU_D,0,0,295,663
212,W1,SKU_E,1526,0,0,573
212,W2,SKU_A,3307,0,0,1189
212,W2,SKU_B,409,0,0,296
212,W2,SKU_C,1459,0,0,571
212,W2,SKU_D,238,0,0,496
212,W2,SKU_E,943,0,0,495
212,R1,SKU_A,0,97,0,581
212,R1,SKU_B,81,0,0,288
212,R1,SKU_C,437,0,0,391
212,R1,SKU_D,10,0,0,239
212,R1,SKU_E,0,41,0,192
212,R2,SKU_A,876,0,0,333
212,R2,SKU_B,493,0,0,155
212,R2,SKU_C,669,0,0,153
212,R2,SKU_D,0,69,0,165
212,R2,SKU_E,354,0,0,152
212,R3,SKU_A,435,0,0,630
212,R3,SKU_B,421,0,0,163
212,R3,SKU_C,574,0,0,323
212,R3,SKU_D,398,0,0,264
212,R3,SKU_E,558,0,0,283
213,Supplier,SKU_A,0,0,0,0
213,Supplier,SKU_B,0,0,0,0
213,Supplier,SKU_C,0,0,0,0
213,Supplier,SKU_D,0,0,0,0
213,Supplier,SKU_E,0,0,0,0
213,W1,SKU_A,0,0,510,1565
213,W1,SKU_B,364,0,0,686
213,W1,SKU_C,0,0,157,887
213,W1,SKU_D,0,0,409,663
213,W1,SKU_E,1441,0,0,573
213,W2,SKU_A,3113,0,0,1189
213,W2,SKU_B,355,0,0,296
213,W2,SKU_C,1366,0,0,571
213,W2,SKU_D,131,0,0,496
213,W2,SKU_E,854,0,0,495
213,R1,SKU_A,308,0,0,0
213,R1,SKU_B,304,0,0,0
213,R1,SKU_C,724,0,0,0
213,R1,SKU_D,170,0,0,0
213,R1,SKU_E,103,0,0,0
213,R2,SKU_A,783,0,0,333
213,R2,SKU_B,446,0,0,155
213,R2,SKU_C,618,0,0,153
213,R2,SKU_D,0,110,0,165
213,R2,SKU_E,293,0,0,152
213,R3,SKU_A,188,0,0,1245
213,R3,SKU_B,342,0,0,321
213,R3,SKU_C,433,0,0,640
213,R3,SKU_D,249,0,0,570
213,R3,SKU_E,463,0,0,505
214,Supplier,SKU_A,0,0,0,0
214,Supplier,SKU_B,0,0,0,0
214,Supplier,SKU_C,0,0,0,0
214,Supplier,SKU_D,0,0,0,0
214,Supplier,SKU_E,0,0,0,0
214,W1,SKU_A,0,0,154,940
214,W1,SKU_B,495,0,0,443
214,W1,SKU_C,31,0,0,544
214,W1,SKU_D,0,0,269,403
214,W1,SKU_E,1561,0,0,344
214,W2,SKU_A,2866,0,0,1189
214,W2,SKU_B,276,0,0,296
214,W2,SKU_C,1225,0,0,571
214,W2,SKU_D,0,0,18,496
214,W2,SKU_E,759,0,0,495
214,R1,SKU_A,90,0,0,458
214,R1,SKU_B,200,0,0,175
214,R1,SKU_C,547,0,0,290
214,R1,SKU_D,57,0,0,220
214,R1,SKU_E,0,4,0,123
214,R2,SKU_A,980,0,0,167
214,R2,SKU_B,529,0,0,122
214,R2,SKU_C,672,0,0,131
214,R2,SKU_D,0,29,0,40
214,R2,SKU_E,388,0,0,145
214,R3,SKU_A,516,0,0,615
214,R3,SKU_B,429,0,0,158
214,R3,SKU_C,555,0,0,317
214,R3,SKU_D,344,0,0,306
214,R3,SKU_E,613,0,0,222
215,Supplier,SKU_A,0,0,0,0
215,Supplier,SKU_B,0,0,0,0
215,Supplier,SKU_C,0,0,0,0
215,Supplier,SKU_D,0,0,0,0
215,Supplier,SKU_E,0,0,0,0
215,W1,SKU_A,0,0,508,1693
215,W1,SKU_B,319,0,0,740
215,W1,SKU_C,0,0,245,965
215,W1,SKU_D,0,0,466,752
215,W1,SKU_E,1397,0,0,612
215,W2,SKU_A,3049,0,0,1316
215,W2,SKU_B,325,0,0,348
215,W2,SKU_C,1233,0,0,698
215,W2,SKU_D,34,0,0,632
215,W2,SKU_E,843,0,0,521
215,R1,SKU_A,0,162,0,458
215,R1,SKU_B,121,0,0,175
215,R1,SKU_C,420,0,0,290
215,R1,SKU_D,0,46,0,220
215,R1,SKU_E,0,83,0,123
215,R2,SKU_A,866,0,0,167
215,R2,SKU_B,472,0,0,122
215,R2,SKU_C,596,0,0,131
215,R2,SKU_D,0,72,0,40
215,R2,SKU_E,343,0,0,145
215,R3,SKU_A,253,0,0,615
215,R3,SKU_B,343,0,0,158
215,R3,SKU_C,424,0,0,317
215,R3,SKU_D,213,0,0,306
215,R3,SKU_E,493,0,0,222
216,Supplier,SKU_A,0,0,0,0
216,Supplier,SKU_B,0,0,0,0
216,Supplier,SKU_C,0,0,0,0
216,Supplier,SKU_D,0,0,0,0
216,Supplier,SKU_E,0,0,0,0
216,W1,SKU_A,0,0,874,1693
216,W1,SKU_B,183,0,0,740
216,W1,SKU_C,0,0,448,965
216,W1,SKU_D,0,0,612,752
216,W1,SKU_E,1273,0,0,612
216,W2,SKU_A,2786,0,0,1316
216,W2,SKU_B,239,0,0,348
216,W2,SKU_C,1102,0,0,698
216,W2,SKU_D,0,0,97,632
216,W2,SKU_E,723,0,0,521
216,R1,SKU_A,136,0,0,0
216,R1,SKU_B,208,0,0,0
216,R1,SKU_C,597,0,0,0
216,R1,SKU_D,104,0,0,0
216,R1,SKU_E,0,17,0,0
216,R2,SKU_A,785,0,0,167
216,R2,SKU_B,423,0,0,122
216,R2,SKU_C,534,0,0,131
216,R2,SKU_D,0,113,0,40
216,R2,SKU_E,308,0,0,145
216,R3,SKU_A,39,0,0,1427
216,R3,SKU_B,277,0,0,399
216,R3,SKU_C,332,0,0,790
216,R3,SKU_D,107,0,0,658
216,R3,SKU_E,408,0,0,570
217,Supplier,SKU_A,0,0,0,0
217,Supplier,SKU_B,0,0,0,0
217,Supplier,SKU_C,0,0,0,0
217,Supplier,SKU_D,0,0,0,0
217,Supplier,SKU_E,0,0,0,0
217,W1,SKU_A,0,0,175,753
217,W1,SKU_B,489,0,0,297
217,W1,SKU_C,0,0,79,421
217,W1,SKU_D,0,0,320,349
217,W1,SKU_E,1525,0,0,268
217,W2,SKU_A,2572,0,0,1881
217,W2,SKU_B,173,0,0,510
217,W2,SKU_C,1010,0,0,1030
217,W2,SKU_D,0,0,203,932
217,W2,SKU_E,638,0,0,774
217,R1,SKU_A,0,66,0,630
217,R1,SKU_B,140,0,0,271
217,R1,SKU_C,454,0,0,417
217,R1,SKU_D,24,0,0,286
217,R1,SKU_E,0,75,0,243
217,R2,SKU_A,836,0,0,310
217,R2,SKU_B,500,0,0,178
217,R2,SKU_C,609,0,0,158
217,R2,SKU_D,0,108,0,117
217,R2,SKU_E,416,0,0,137
217,R3,SKU_A,454,0,0,812
217,R3,SKU_B,392,0,0,241
217,R3,SKU_C,543,0,0,473
217,R3,SKU_D,338,0,0,352
217,R3,SKU_E,560,0,0,348
218,Supplier,SKU_A,0,0,0,0
218,Supplier,SKU_B,0,0,0,0
218,Supplier,SKU_C,0,0,0,0
218,Supplier,SKU_D,0,0,0,0
218,Supplier,SKU_E,0,0,0,0
218,W1,SKU_A,0,0,493,1714
218,W1,SKU_B,376,0,0,746
218,W1,SKU_C,0,0,278,1075
218,W1,SKU_D,0,0,435,803
218,W1,SKU_E,1430,0,0,648
218,W2,SKU_A,3076,0,0,1177
218,W2,SKU_B,301,0,0,339
218,W2,SKU_C,1266,0,0,668
218,W2,SKU_D,0,0,3,657
218,W2,SKU_E,846,0,0,496
218,R1,SKU_A,0,172,0,630
218,R1,SKU_B,98,0,0,271
218,R1,SKU_C,372,0,0,417
218,R1,SKU_D,0,19,0,286
218,R1,SKU_E,0,119,0,243
218,R2,SKU_A,746,0,0,310
218,R2,SKU_B,465,0,0,178
218,R2,SKU_C,563,0,0,158
218,R2,SKU_D,0,140,0,117
218,R2,SKU_E,379,0,0,137
218,R3,SKU_A,318,0,0,812
218,R3,SKU_B,351,0,0,241
218,R3,SKU_C,469,0,0,473
218,R3,SKU_D,261,0,0,352
218,R3,SKU_E,503,0,0,348
219,Supplier,SKU_A,0,0,0,0
219,Supplier,SKU_B,0,0,0,0
219,Supplier,SKU_C,0,0,0,0
219,Supplier,SKU_D,0,0,0,0
219,Supplier,SKU_E,0,0,0,0
219,W1,SKU_A,0,0,689,1714
219,W1,SKU_B,299,0,0,746
219,W1,SKU_C,0,0,406,1075
219,W1,SKU_D,0,0,510,803
219,W1,SKU_E,1349,0,0,648
219,W2,SKU_A,2940,0,0,1177
219,W2,SKU_B,260,0,0,339
219,W2,SKU_C,1192,0,0,668
219,W2,SKU_D,0,0,80,657
219,W2,SKU_E,789,0,0,496
219,R1,SKU_A,309,0,0,0
219,R1,SKU_B,331,0,0,0
219,R1,SKU_C,689,0,0,0
219,R1,SKU_D,201,0,0,0
219,R1,SKU_E,87,0,0,0
219,R2,SKU_A,662,0,0,310
219,R2,SKU_B,418,0,0,178
219,R2,SKU_C,531,0,0,158
219,R2,SKU_D,0,202,0,117
219,R2,SKU_E,346,0,0,137
219,R3,SKU_A,138,0,0,1362
219,R3,SKU_B,303,0,0,391
219,R3,SKU_C,388,0,0,745
219,R3,SKU_D,187,0,0,627
219,R3,SKU_E,417,0,0,560
220,Supplier,SKU_A,0,0,0,0
220,Supplier,SKU_B,0,0,0,0
220,Supplier,SKU_C,0,0,0,0
220,Supplier,SKU_D,0,0,0,0
220,Supplier,SKU_E,0,0,0,0
220,W1,SKU_A,0,0,169,961
220,W1,SKU_B,511,0,0,449
220,W1,SKU_C,0,0,117,654
220,W1,SKU_D,0,0,289,454
220,W1,SKU_E,1547,0,0,380
220,W2,SKU_A,2760,0,0,1727
220,W2,SKU_B,212,0,0,489
220,W2,SKU_C,1111,0,0,940
220,W2,SKU_D,0,0,154,915
220,W2,SKU_E,703,0,0,708
220,R1,SKU_A,181,0,0,457
220,R1,SKU_B,277,0,0,148
220,R1,SKU_C,599,0,0,325
220,R1,SKU_D,142,0,0,189
220,R1,SKU_E,51,0,0,139
220,R2,SKU_A,896,0,0,296
220,R2,SKU_B,552,0,0,127
220,R2,SKU_C,650,0,0,96
220,R2,SKU_D,0,128,0,160
220,R2,SKU_E,445,0,0,107
220,R3,SKU_A,795,0,0,550
220,R3,SKU_B,490,0,0,150
220,R3,SKU_C,775,0,0,272
220,R3,SKU_D,449,0,0,275
220,R3,SKU_E,687,0,0,212
221,Supplier,SKU_A,0,0,0,0
221,Supplier,SKU_B,0,0,0,0
221,Supplier,SKU_C,0,0,0,0
221,Supplier,SKU_D,0,0,0,0
221,Supplier,SKU_E,0,0,0,0
221,W1,SKU_A,0,0,373,1708
221,W1,SKU_B,413,0,0,724
221,W1,SKU_C,0,0,246,1113
221,W1,SKU_D,0,0,391,772
221,W1,SKU_E,1473,0,0,626
221,W2,SKU_A,3217,0,0,1115
221,W2,SKU_B,335,0,0,312
221,W2,SKU_C,1361,0,0,604
221,W2,SKU_D,113,0,0,558
221,W2,SKU_E,868,0,0,465
221,R1,SKU_A,67,0,0,457
221,R1,SKU_B,233,0,0,148
221,R1,SKU_C,514,0,0,325
221,R1,SKU_D,72,0,0,189
221,R1,SKU_E,12,0,0,139
221,R2,SKU_A,802,0,0,296
221,R2,SKU_B,519,0,0,127
221,R2,SKU_C,602,0,0,96
221,R2,SKU_D,0,184,0,160
221,R2,SKU_E,399,0,0,107
221,R3,SKU_A,576,0,0,550
221,R3,SKU_B,437,0,0,150
221,R3,SKU_C,671,0,0,272
221,R3,SKU_D,341,0,0,275
221,R3,SKU_E,591,0,0,212
222,Supplier,SKU_A,0,0,0,0
222,Supplier,SKU_B,0,0,0,0
222,Supplier,SKU_C,0,0,0,0
222,Supplier,SKU_D,0,0,0,0
222,Supplier,SKU_E,0,0,0,0
222,W1,SKU_A,0,0,581,1708
222,W1,SKU_B,336,0,0,724
222,W1,SKU_C,0,0,379,1113
222,W1,SKU_D,0,0,517,772
222,W1,SKU_E,1388,0,0,626
222,W2,SKU_A,2998,0,0,1115
222,W2,SKU_B,282,0,0,312
222,W2,SKU_C,1257,0,0,604
222,W2,SKU_D,5,0,0,558
222,W2,SKU_E,772,0,0,465
222,R1,SKU_A,378,0,0,0
222,R1,SKU_B,319,0,0,0
222,R1,SKU_C,724,0,0,0
222,R1,SKU_D,194,0,0,0
222,R1,SKU_E,91,0,0,0
222,R2,SKU_A,690,0,0,296
222,R2,SKU_B,464,0,0,127
222,R2,SKU_C,567,0,0,96
222,R2,SKU_D,0,244,0,160
222,R2,SKU_E,344,0,0,107
222,R3,SKU_A,346,0,0,1104
222,R3,SKU_B,388,0,0,305
222,R3,SKU_C,561,0,0,543
222,R3,SKU_D,238,0,0,627
222,R3,SKU_E,491,0,0,472
223,Supplier,SKU_A,0,0,0,0
223,Supplier,SKU_B,0,0,0,0
223,Supplier,SKU_C,0,0,0,0
223,Supplier,SKU_D,0,0,0,0
223,Supplier,SKU_E,0,0,0,0
223,W1,SKU_A,122,0,0,747
223,W1,SKU_B,668,0,0,275
223,W1,SKU_C,125,0,0,459
223,W1,SKU_D,0,0,190,318
223,W1,SKU_E,1653,0,0,246
223,W2,SKU_A,3333,0,0,1104
223,W2,SKU_B,395,0,0,305
223,W2,SKU_C,1479,0,0,543
223,W2,SKU_D,202,0,0,530
223,W2,SKU_E,925,0,0,472
223,R1,SKU_A,126,0,0,388
223,R1,SKU_B,218,0,0,160
223,R1,SKU_C,550,0,0,290
223,R1,SKU_D,112,0,0,196
223,R1,SKU_E,10,0,0,135
223,R2,SKU_A,871,0,0,451
223,R2,SKU_B,538,0,0,132
223,R2,SKU_C,609,0,0,239
223,R2,SKU_D,0,140,0,258
223,R2,SKU_E,385,0,0,139
223,R3,SKU_A,600,0,0,554
223,R3,SKU_B,469,0,0,155
223,R3,SKU_C,661,0,0,271
223,R3,SKU_D,342,0,0,352
223,R3,SKU_E,576,0,0,260
224,Supplier,SKU_A,0,0,0,0
224,Supplier,SKU_B,0,0,0,0
224,Supplier,SKU_C,0,0,0,0
224,Supplier,SKU_D,0,0,0,0
224,Supplier,SKU_E,0,0,0,0
224,W1,SKU_A,0,0,245,1417
224,W1,SKU_B,514,0,0,567
224,W1,SKU_C,0,0,103,871
224,W1,SKU_D,0,0,328,673
224,W1,SKU_E,1506,0,0,520
224,W2,SKU_A,3037,0,0,1104
224,W2,SKU_B,326,0,0,305
224,W2,SKU_C,1307,0,0,543
224,W2,SKU_D,31,0,0,530
224,W2,SKU_E,798,0,0,472
224,R1,SKU_A,0,138,0,388
224,R1,SKU_B,136,0,0,160
224,R1,SKU_C,406,0,0,290
224,R1,SKU_D,30,0,0,196
224,R1,SKU_E,0,45,0,135
224,R2,SKU_A,731,0,0,451
224,R2,SKU_B,477,0,0,132
224,R2,SKU_C,533,0,0,239
224,R2,SKU_D,0,195,0,258
224,R2,SKU_E,315,0,0,139
224,R3,SKU_A,339,0,0,554
224,R3,SKU_B,408,0,0,155
224,R3,SKU_C,506,0,0,271
224,R3,SKU_D,248,0,0,352
224,R3,SKU_E,476,0,0,260
225,Supplier,SKU_A,0,0,0,0
225,Supplier,SKU_B,0,0,0,0
225,Supplier,SKU_C,0,0,0,0
225,Supplier,SKU_D,0,0,0,0
225,Supplier,SKU_E,0,0,0,0
225,W1,SKU_A,0,0,649,1417
225,W1,SKU_B,371,0,0,567
225,W1,SKU_C,0,0,323,871
225,W1,SKU_D,0,0,465,673
225,W1,SKU_E,1381,0,0,520
225,W2,SKU_A,2776,0,0,1630
225,W2,SKU_B,265,0,0,423
225,W2,SKU_C,1152,0,0,825
225,W2,SKU_D,0,0,63,804
225,W2,SKU_E,698,0,0,699
225,R1,SKU_A,141,0,0,0
225,R1,SKU_B,259,0,0,0
225,R1,SKU_C,597,0,0,0
225,R1,SKU_D,170,0,0,0
225,R1,SKU_E,46,0,0,0
225,R2,SKU_A,637,0,0,451
225,R2,SKU_B,434,0,0,132
225,R2,SKU_C,486,0,0,239
225,R2,SKU_D,0,243,0,258
225,R2,SKU_E,270,0,0,139
225,R3,SKU_A,160,0,0,1341
225,R3,SKU_B,356,0,0,334
225,R3,SKU_C,395,0,0,708
225,R3,SKU_D,165,0,0,657
225,R3,SKU_E,402,0,0,587
226,Supplier,SKU_A,0,0,0,0
226,Supplier,SKU_B,0,0,0,0
226,Supplier,SKU_C,0,0,0,0
226,Supplier,SKU_D,0,0,0,0
226,Supplier,SKU_E,0,0,0,0
226,W1,SKU_A,0,0,105,670
226,W1,SKU_B,566,0,0,292
226,W1,SKU_C,0,0,10,412
226,W1,SKU_D,0,0,251,355
226,W1,SKU_E,1538,0,0,274
226,W2,SKU_A,3147,0,0,1080
226,W2,SKU_B,363,0,0,273
226,W2,SKU_C,1313,0,0,553
226,W2,SKU_D,112,0,0,546
226,W2,SKU_E,836,0,0,487
226,R1,SKU_A,0,1,0,625
226,R1,SKU_B,213,0,0,220
226,R1,SKU_C,525,0,0,417
226,R1,SKU_D,120,0,0,220
226,R1,SKU_E,13,0,0,180
226,R2,SKU_A,987,0,0,244
226,R2,SKU_B,522,0,0,157
226,R2,SKU_C,678,0,0,167
226,R2,SKU_D,0,49,0,98
226,R2,SKU_E,354,0,0,181
226,R3,SKU_A,539,0,0,787
226,R3,SKU_B,468,0,0,179
226,R3,SKU_C,581,0,0,437
226,R3,SKU_D,417,0,0,305
226,R3,SKU_E,565,0,0,327
227,Supplier,SKU_A,0,0,0,0
227,Supplier,SKU_B,0,0,0,0
227,Supplier,SKU_C,0,0,0,0
227,Supplier,SKU_D,0,0,0,0
227,Supplier,SKU_E,0,0,0,0
227,W1,SKU_A,0,0,348,1644
227,W1,SKU_B,476,0,0,669
227,W1,SKU_C,0,0,129,1006
227,W1,SKU_D,0,0,365,734
227,W1,SKU_E,1450,0,0,635
227,W2,SKU_A,2972,0,0,1080
227,W2,SKU_B,320,0,0,273
227,W2,SKU_C,1228,0,0,553
227,W2,SKU_D,12,0,0,546
227,W2,SKU_E,739,0,0,487
227,R1,SKU_A,0,141,0,625
227,R1,SKU_B,169,0,0,220
227,R1,SKU_C,459,0,0,417
227,R1,SKU_D,66,0,0,220
227,R1,SKU_E,0,26,0,180
227,R2,SKU_A,897,0,0,244
227,R2,SKU_B,487,0,0,157
227,R2,SKU_C,628,0,0,167
227,R2,SKU_D,0,97,0,98
227,R2,SKU_E,301,0,0,181
227,R3,SKU_A,361,0,0,787
227,R3,SKU_B,421,0,0,179
227,R3,SKU_C,487,0,0,437
227,R3,SKU_D,329,0,0,305
227,R3,SKU_E,494,0,0,327
228,Supplier,SKU_A,0,0,0,0
228,Supplier,SKU_B,0,0,0,0
228,Supplier,SKU_C,0,0,0,0
228,Supplier,SKU_D,0,0,0,0
228,Supplier,SKU_E,0,0,0,0
228,W1,SKU_A,0,0,578,1644
228,W1,SKU_B,397,0,0,669
228,W1,SKU_C,0,0,245,1006
228,W1,SKU_D,0,0,467,734
228,W1,SKU_E,1358,0,0,635
228,W2,SKU_A,2794,0,0,1695
228,W2,SKU_B,273,0,0,429
228,W2,SKU_C,1134,0,0,904
228,W2,SKU_D,0,0,76,823
228,W2,SKU_E,668,0,0,758
228,R1,SKU_A,357,0,0,0
228,R1,SKU_B,342,0,0,0
228,R1,SKU_C,799,0,0,0
228,R1,SKU_D,229,0,0,0
228,R1,SKU_E,124,0,0,0
228,R2,SKU_A,788,0,0,244
228,R2,SKU_B,460,0,0,157
228,R2,SKU_C,574,0,0,167
228,R2,SKU_D,0,155,0,98
228,R2,SKU_E,266,0,0,181
228,R3,SKU_A,161,0,0,1319
228,R3,SKU_B,386,0,0,321
228,R3,SKU_C,399,0,0,727
228,R3,SKU_D,227,0,0,563
228,R3,SKU_E,410,0,0,569
229,Supplier,SKU_A,0,0,0,0
229,Supplier,SKU_B,0,0,0,0
229,Supplier,SKU_C,0,0,0,0
229,Supplier,SKU_D,0,0,0,0
229,Supplier,SKU_E,0,0,0,0
229,W1,SKU_A,0,0,144,974
229,W1,SKU_B,615,0,0,377
229,W1,SKU_C,36,0,0,594
229,W1,SKU_D,0,0,227,379
229,W1,SKU_E,1567,0,0,361
229,W2,SKU_A,3148,0,0,1141
229,W2,SKU_B,393,0,0,274
229,W2,SKU_C,1317,0,0,633
229,W2,SKU_D,94,0,0,551
229,W2,SKU_E,844,0,0,498
229,R1,SKU_A,194,0,0,409
229,R1,SKU_B,275,0,0,137
229,R1,SKU_C,682,0,0,215
229,R1,SKU_D,163,0,0,161
229,R1,SKU_E,78,0,0,102
229,R2,SKU_A,950,0,0,261
229,R2,SKU_B,577,0,0,106
229,R2,SKU_C,698,0,0,161
229,R2,SKU_D,0,112,0,194
229,R2,SKU_E,396,0,0,143
229,R3,SKU_A,698,0,0,532
229,R3,SKU_B,517,0,0,142
229,R3,SKU_C,721,0,0,290
229,R3,SKU_D,415,0,0,258
229,R3,SKU_E,645,0,0,242
230,Supplier,SKU_A,0,0,0,0
230,Supplier,SKU_B,0,0,0,0
230,Supplier,SKU_C,0,0,0,0
230,Supplier,SKU_D,0,0,0,0
230,Supplier,SKU_E,0,0,0,0
230,W1,SKU_A,0,0,389,1683
230,W1,SKU_B,508,0,0,620
230,W1,SKU_C,0,0,124,960
230,W1,SKU_D,0,0,348,710
230,W1,SKU_E,1470,0,0,606
230,W2,SKU_A,2898,0,0,1141
230,W2,SKU_B,345,0,0,274
230,W2,SKU_C,1202,0,0,633
230,W2,SKU_D,0,0,23,551
230,W2,SKU_E,752,0,0,498
230,R1,SKU_A,0,15,0,409
230,R1,SKU_B,175,0,0,137
230,R1,SKU_C,533,0,0,215
230,R1,SKU_D,78,0,0,161
230,R1,SKU_E,10,0,0,102
230,R2,SKU_A,806,0,0,261
230,R2,SKU_B,521,0,0,106
230,R2,SKU_C,633,0,0,161
230,R2,SKU_D,0,179,0,194
230,R2,SKU_E,355,0,0,143
230,R3,SKU_A,437,0,0,532
230,R3,SKU_B,446,0,0,142
230,R3,SKU_C,565,0,0,290
230,R3,SKU_D,272,0,0,258
230,R3,SKU_E,544,0,0,242
231,Supplier,SKU_A,0,0,0,0
231,Supplier,SKU_B,0,0,0,0
231,Supplier,SKU_C,0,0,0,0
231,Supplier,SKU_D,0,0,0,0
231,Supplier,SKU_E,0,0,0,0
231,W1,SKU_A,0,0,742,1683
231,W1,SKU_B,352,0,0,620
231,W1,SKU_C,0,0,338,960
231,W1,SKU_D,0,0,500,710
231,W1,SKU_E,1361,0,0,606
231,W2,SKU_A,3163,0,0,1243
231,W2,SKU_B,392,0,0,286
231,W2,SKU_C,1328,0,0,648
231,W2,SKU_D,108,0,0,584
231,W2,SKU_E,878,0,0,518
231,R1,SKU_A,184,0,0,0
231,R1,SKU_B,239,0,0,0
231,R1,SKU_C,617,0,0,0
231,R1,SKU_D,140,0,0,0
231,R1,SKU_E,52,0,0,0
231,R2,SKU_A,699,0,0,261
231,R2,SKU_B,471,0,0,106
231,R2,SKU_C,571,0,0,161
231,R2,SKU_D,0,225,0,194
231,R2,SKU_E,307,0,0,143
231,R3,SKU_A,166,0,0,1243
231,R3,SKU_B,393,0,0,296
231,R3,SKU_C,450,0,0,649
231,R3,SKU_D,152,0,0,696
231,R3,SKU_E,459,0,0,519
232,Supplier,SKU_A,0,0,0,0
232,Supplier,SKU_B,0,0,0,0
232,Supplier,SKU_C,0,0,0,0
232,Supplier,SKU_D,0,0,0,0
232,Supplier,SKU_E,0,0,0,0
232,W1,SKU_A,0,0,85,709
232,W1,SKU_B,606,0,0,243
232,W1,SKU_C,63,0,0,366
232,W1,SKU_D,0,0,266,331
232,W1,SKU_E,1614,0,0,245
232,W2,SKU_A,2892,0,0,1243
232,W2,SKU_B,339,0,0,286
232,W2,SKU_C,1213,0,0,648
232,W2,SKU_D,0,0,12,584
232,W2,SKU_E,793,0,0,518
232,R1,SKU_A,47,0,0,582
232,R1,SKU_B,199,0,0,240
232,R1,SKU_C,490,0,0,397
232,R1,SKU_D,93,0,0,250
232,R1,SKU_E,2,0,0,174
232,R2,SKU_A,865,0,0,392
232,R2,SKU_B,525,0,0,146
232,R2,SKU_C,695,0,0,170
232,R2,SKU_D,0,84,0,129
232,R2,SKU_E,393,0,0,140
232,R3,SKU_A,500,0,0,711
232,R3,SKU_B,479,0,0,154
232,R3,SKU_C,636,0,0,359
232,R3,SKU_D,298,0,0,438
232,R3,SKU_E,610,0,0,277
233,Supplier,SKU_A,0,0,0,0
233,Supplier,SKU_B,0,0,0,0
233,Supplier,SKU_C,0,0,0,0
233,Supplier,SKU_D,0,0,0,0
233,Supplier,SKU_E,0,0,0,0
233,W1,SKU_A,0,0,317,1624
233,W1,SKU_B,514,0,0,629
233,W1,SKU_C,0,0,101,933
233,W1,SKU_D,0,0,366,749
233,W1,SKU_E,1507,0,0,559
233,W2,SKU_A,2694,0,0,1243
233,W2,SKU_B,283,0,0,286
233,W2,SKU_C,1109,0,0,648
233,W2,SKU_D,0,0,124,584
233,W2,SKU_E,702,0,0,518
233,R1,SKU_A,0,107,0,582
233,R1,SKU_B,158,0,0,240
233,R1,SKU_C,403,0,0,397
233,R1,SKU_D,21,0,0,250
233,R1,SKU_E,0,34,0,174
233,R2,SKU_A,752,0,0,392
233,R2,SKU_B,482,0,0,146
233,R2,SKU_C,660,0,0,170
233,R2,SKU_D,0,143,0,129
233,R2,SKU_E,348,0,0,140
233,R3,SKU_A,272,0,0,711
233,R3,SKU_B,444,0,0,154
233,R3,SKU_C,522,0,0,359
233,R3,SKU_D,205,0,0,438
233,R3,SKU_E,522,0,0,277
234,Supplier,SKU_A,0,0,0,0
234,Supplier,SKU_B,0,0,0,0
234,Supplier,SKU_C,0,0,0,0
234,Supplier,SKU_D,0,0,0,0
234,Supplier,SKU_E,0,0,0,0
234,W1,SKU_A,0,0,584,1624
234,W1,SKU_B,430,0,0,629
234,W1,SKU_C,0,0,223,933
234,W1,SKU_D,0,0,497,749
234,W1,SKU_E,1426,0,0,559
234,W2,SKU_A,3081,0,0,1358
234,W2,SKU_B,404,0,0,310
234,W2,SKU_C,1346,0,0,672
234,W2,SKU_D,60,0,0,682
234,W2,SKU_E,885,0,0,524
234,R1,SKU_A,326,0,0,0
234,R1,SKU_B,329,0,0,0
234,R1,SKU_C,709,0,0,0
234,R1,SKU_D,193,0,0,0
234,R1,SKU_E,99,0,0,0
234,R2,SKU_A,648,0,0,392
234,R2,SKU_B,436,0,0,146
234,R2,SKU_C,619,0,0,170
234,R2,SKU_D,0,196,0,129
234,R2,SKU_E,297,0,0,140
234,R3,SKU_A,51,0,0,1408
234,R3,SKU_B,402,0,0,298
234,R3,SKU_C,430,0,0,692
234,R3,SKU_D,81,0,0,763
234,R3,SKU_E,428,0,0,541
235,Supplier,SKU_A,0,0,0,0
235,Supplier,SKU_B,0,0,0,0
235,Supplier,SKU_C,0,0,0,0
235,Supplier,SKU_D,0,0,0,0
235,Supplier,SKU_E,0,0,0,0
235,W1,SKU_A,0,0,128,915
235,W1,SKU_B,558,0,0,386
235,W1,SKU_C,11,0,0,567
235,W1,SKU_D,0,0,297,418
235,W1,SKU_E,1579,0,0,314
235,W2,SKU_A,2860,0,0,1358
235,W2,SKU_B,362,0,0,310
235,W2,SKU_C,1254,0,0,672
235,W2,SKU_D,0,0,64,682
235,W2,SKU_E,791,0,0,524
235,R1,SKU_A,168,0,0,440
235,R1,SKU_B,270,0,0,150
235,R1,SKU_C,601,0,0,305
235,R1,SKU_D,125,0,0,197
235,R1,SKU_E,52,0,0,127
235,R2,SKU_A,918,0,0,269
235,R2,SKU_B,540,0,0,141
235,R2,SKU_C,730,0,0,113
235,R2,SKU_D,0,119,0,134
235,R2,SKU_E,387,0,0,153
235,R3,SKU_A,538,0,0,697
235,R3,SKU_B,501,0,0,144
235,R3,SKU_C,657,0,0,333
235,R3,SKU_D,385,0,0,325
235,R3,SKU_E,607,0,0,264
236,Supplier,SKU_A,0,0,0,0
236,Supplier,SKU_B,0,0,0,0
236,Supplier,SKU_C,0,0,0,0
236,Supplier,SKU_D,0,0,0,0
236,Supplier,SKU_E,0,0,0,0
236,W1,SKU_A,0,0,408,1667
236,W1,SKU_B,457,0,0,677
236,W1,SKU_C,0,0,156,985
236,W1,SKU_D,0,0,417,780
236,W1,SKU_E,1482,0,0,594
236,W2,SKU_A,2636,0,0,1358
236,W2,SKU_B,307,0,0,310
236,W2,SKU_C,1122,0,0,672
236,W2,SKU_D,0,0,198,682
236,W2,SKU_E,693,0,0,524
236,R1,SKU_A,11,0,0,440
236,R1,SKU_B,186,0,0,150
236,R1,SKU_C,480,0,0,305
236,R1,SKU_D,64,0,0,197
236,R1,SKU_E,0,3,0,127
236,R2,SKU_A,837,0,0,269
236,R2,SKU_B,493,0,0,141
236,R2,SKU_C,669,0,0,113
236,R2,SKU_D,0,151,0,134
236,R2,SKU_E,343,0,0,153
236,R3,SKU_A,311,0,0,697
236,R3,SKU_B,427,0,0,144
236,R3,SKU_C,538,0,0,333
236,R3,SKU_D,265,0,0,325
236,R3,SKU_E,500,0,0,264
237,Supplier,SKU_A,0,0,0,0
237,Supplier,SKU_B,0,0,0,0
237,Supplier,SKU_C,0,0,0,0
237,Supplier,SKU_D,0,0,0,0
237,Supplier,SKU_E,0,0,0,0
237,W1,SKU_A,0,0,646,1667
237,W1,SKU_B,326,0,0,677
237,W1,SKU_C,0,0,338,985
237,W1,SKU_D,0,0,510,780
237,W1,SKU_E,1383,0,0,594
237,W2,SKU_A,3037,0,0,1403
237,W2,SKU_B,363,0,0,312
237,W2,SKU_C,1300,0,0,713
237,W2,SKU_D,0,0,11,726
237,W2,SKU_E,833,0,0,557
237,R1,SKU_A,236,0,0,0
237,R1,SKU_B,216,0,0,0
237,R1,SKU_C,612,0,0,0
237,R1,SKU_D,146,0,0,0
237,R1,SKU_E,65,0,0,0
237,R2,SKU_A,703,0,0,269
237,R2,SKU_B,437,0,0,141
237,R2,SKU_C,602,0,0,113
237,R2,SKU_D,0,200,0,134
237,R2,SKU_E,278,0,0,153
237,R3,SKU_A,45,0,0,1369
237,R3,SKU_B,357,0,0,315
237,R3,SKU_C,357,0,0,676
237,R3,SKU_D,106,0,0,692
237,R3,SKU_E,390,0,0,563
238,Supplier,SKU_A,0,0,0,0
238,Supplier,SKU_B,0,0,0,0
238,Supplier,SKU_C,0,0,0,0
238,Supplier,SKU_D,0,0,0,0
238,Supplier,SKU_E,0,0,0,0
238,W1,SKU_A,0,0,80,752
238,W1,SKU_B,536,0,0,291
238,W1,SKU_C,0,0,11,418
238,W1,SKU_D,0,0,256,362
238,W1,SKU_E,1573,0,0,280
238,W2,SKU_A,2771,0,0,1403
238,W2,SKU_B,293,0,0,312
238,W2,SKU_C,1119,0,0,713
238,W2,SKU_D,0,0,170,726
238,W2,SKU_E,723,0,0,557
238,R1,SKU_A,25,0,0,530
238,R1,SKU_B,108,0,0,263
238,R1,SKU_C,459,0,0,402
238,R1,SKU_D,52,0,0,244
238,R1,SKU_E,0,21,0,161
238,R2,SKU_A,829,0,0,385
238,R2,SKU_B,516,0,0,145
238,R2,SKU_C,664,0,0,176
238,R2,SKU_D,0,117,0,174
238,R2,SKU_E,380,0,0,159
238,R3,SKU_A,466,0,0,672
238,R3,SKU_B,454,0,0,171
238,R3,SKU_C,550,0,0,343
238,R3,SKU_D,300,0,0,367
238,R3,SKU_E,545,0,0,299
239,Supplier,SKU_A,0,0,0,0
239,Supplier,SKU_B,0,0,0,0
239,Supplier,SKU_C,0,0,0,0
239,Supplier,SKU_D,0,0,0,0
239,Supplier,SKU_E,0,0,0,0
239,W1,SKU_A,0,0,434,1619
239,W1,SKU_B,366,0,0,699
239,W1,SKU_C,0,0,215,1007
239,W1,SKU_D,0,0,401,739
239,W1,SKU_E,1436,0,0,600
239,W2,SKU_A,2495,0,0,1896
239,W2,SKU_B,246,0,0,456
239,W2,SKU_C,979,0,0,1013
239,W2,SKU_D,0,0,301,1005
239,W2,SKU_E,614,0,0,774
239,R1,SKU_A,0,127,0,530
239,R1,SKU_B,40,0,0,263
239,R1,SKU_C,338,0,0,402
239,R1,SKU_D,0,13,0,244
239,R1,SKU_E,0,81,0,161
239,R2,SKU_A,726,0,0,385
239,R2,SKU_B,479,0,0,145
239,R2,SKU_C,624,0,0,176
239,R2,SKU_D,0,159,0,174
239,R2,SKU_E,334,0,0,159
239,R3,SKU_A,233,0,0,672
239,R3,SKU_B,418,0,0,171
239,R3,SKU_C,443,0,0,343
239,R3,SKU_D,189,0,0,367
239,R3,SKU_E,450,0,0,299
240,Supplier,SKU_A,0,0,0,0
240,Supplier,SKU_B,0,0,0,0
240,Supplier,SKU_C,0,0,0,0
240,Supplier,SKU_D,0,0,0,0
240,Supplier,SKU_E,0,0,0,0
240,W1,SKU_A,0,0,689,1619
240,W1,SKU_B,261,0,0,699
240,W1,SKU_C,0,0,376,1007
240,W1,SKU_D,0,0,508,739
240,W1,SKU_E,1330,0,0,600
240,W2,SKU_A,2992,0,0,1166
240,W2,SKU_B,390,0,0,276
240,W2,SKU_C,1247,0,0,638
240,W2,SKU_D,0,0,37,630
240,W2,SKU_E,796,0,0,497
240,R1,SKU_A,245,0,0,0
240,R1,SKU_B,211,0,0,0
240,R1,SKU_C,631,0,0,0
240,R1,SKU_D,156,0,0,0
240,R1,SKU_E,14,0,0,0
240,R2,SKU_A,609,0,0,385
240,R2,SKU_B,420,0,0,145
240,R2,SKU_C,582,0,0,176
240,R2,SKU_D,0,225,0,174
240,R2,SKU_E,282,0,0,159
240,R3,SKU_A,0,4,0,1447
240,R3,SKU_B,361,0,0,324
240,R3,SKU_C,344,0,0,771
240,R3,SKU_D,51,0,0,742
240,R3,SKU_E,335,0,0,613
241,Supplier,SKU_A,0,0,0,0
241,Supplier,SKU_B,0,0,0,0
241,Supplier,SKU_C,0,0,0,0
241,Supplier,SKU_D,0,0,0,0
241,Supplier,SKU_E,0,0,0,0
241,W1,SKU_A,0,0,212,867
241,W1,SKU_B,401,0,0,408
241,W1,SKU_C,0,0,109,589
241,W1,SKU_D,0,0,287,377
241,W1,SKU_E,1492,0,0,320
241,W2,SKU_A,2755,0,0,1166
241,W2,SKU_B,333,0,0,276
241,W2,SKU_C,1148,0,0,638
241,W2,SKU_D,0,0,175,630
241,W2,SKU_E,681,0,0,497
241,R1,SKU_A,13,0,0,521
241,R1,SKU_B,93,0,0,268
241,R1,SKU_C,488,0,0,383
241,R1,SKU_D,65,0,0,234
241,R1,SKU_E,0,57,0,212
241,R2,SKU_A,879,0,0,231
241,R2,SKU_B,515,0,0,158
241,R2,SKU_C,709,0,0,35
241,R2,SKU_D,0,99,0,128
241,R2,SKU_E,389,0,0,149
241,R3,SKU_A,339,0,0,775
241,R3,SKU_B,452,0,0,153
241,R3,SKU_C,510,0,0,428
241,R3,SKU_D,252,0,0,375
241,R3,SKU_E,488,0,0,314
242,Supplier,SKU_A,0,0,0,0
242,Supplier,SKU_B,0,0,0,0
242,Supplier,SKU_C,0,0,0,0
242,Supplier,SKU_D,0,0,0,0
242,Supplier,SKU_E,0,0,0,0
242,W1,SKU_A,0,0,559,1751
242,W1,SKU_B,233,0,0,834
242,W1,SKU_C,0,0,301,1105
242,W1,SKU_D,0,0,426,770
242,W1,SKU_E,1369,0,0,681
242,W2,SKU_A,2426,0,0,1912
242,W2,SKU_B,253,0,0,416
242,W2,SKU_C,971,0,0,984
242,W2,SKU_D,0,0,341,1010
242,W2,SKU_E,535,0,0,816
242,R1,SKU_A,0,194,0,521
242,R1,SKU_B,0,9,0,268
242,R1,SKU_C,364,0,0,383
242,R1,SKU_D,0,25,0,234
242,R1,SKU_E,0,151,0,212
242,R2,SKU_A,754,0,0,231
242,R2,SKU_B,482,0,0,158
242,R2,SKU_C,670,0,0,35
242,R2,SKU_D,0,170,0,128
242,R2,SKU_E,334,0,0,149
242,R3,SKU_A,0,17,0,775
242,R3,SKU_B,388,0,0,153
242,R3,SKU_C,347,0,0,428
242,R3,SKU_D,67,0,0,375
242,R3,SKU_E,355,0,0,314
243,Supplier,SKU_A,0,0,0,0
243,Supplier,SKU_B,0,0,0,0
243,Supplier,SKU_C,0,0,0,0
243,Supplier,SKU_D,0,0,0,0
243,Supplier,SKU_E,0,0,0,0
243,W1,SKU_A,0,0,891,1751
243,W1,SKU_B,98,0,0,834
243,W1,SKU_C,0,0,464,1105
243,W1,SKU_D,0,0,587,770
243,W1,SKU_E,1220,0,0,681
243,W2,SKU_A,2743,0,0,1239
243,W2,SKU_B,321,0,0,284
243,W2,SKU_C,1146,0,0,646
243,W2,SKU_D,0,0,175,659
243,W2,SKU_E,682,0,0,536
243,R1,SKU_A,327,0,0,0
243,R1,SKU_B,258,0,0,0
243,R1,SKU_C,746,0,0,0
243,R1,SKU_D,209,0,0,0
243,R1,SKU_E,61,0,0,0
243,R2,SKU_A,754,0,0,231
243,R2,SKU_B,482,0,0,158
243,R2,SKU_C,670,0,0,35
243,R2,SKU_D,0,171,0,128
243,R2,SKU_E,334,0,0,149
243,R3,SKU_A,0,17,0,1697
243,R3,SKU_B,387,0,0,354
243,R3,SKU_C,347,0,0,867
243,R3,SKU_D,67,0,0,726
243,R3,SKU_E,355,0,0,708
244,Supplier,SKU_A,0,0,0,0
244,Supplier,SKU_B,0,0,0,0
244,Supplier,SKU_C,0,0,0,0
244,Supplier,SKU_D,0,0,0,0
244,Supplier,SKU_E,0,0,0,0
244,W1,SKU_A,0,0,24,884
244,W1,SKU_B,505,0,0,426
244,W1,SKU_C,124,0,0,516
244,W1,SKU_D,0,0,211,393
244,W1,SKU_E,1540,0,0,361
244,W2,SKU_A,2743,0,0,1924
244,W2,SKU_B,320,0,0,428
244,W2,SKU_C,1146,0,0,986
244,W2,SKU_D,0,0,175,1010
244,W2,SKU_E,682,0,0,815
244,R1,SKU_A,143,0,0,439
244,R1,SKU_B,175,0,0,221
244,R1,SKU_C,613,0,0,268
244,R1,SKU_D,141,0,0,181
244,R1,SKU_E,2,0,0,165
244,R2,SKU_A,889,0,0,428
244,R2,SKU_B,596,0,0,83
244,R2,SKU_C,649,0,0,197
244,R2,SKU_D,0,76,0,196
244,R2,SKU_E,431,0,0,107
244,R3,SKU_A,515,0,0,922
244,R3,SKU_B,493,0,0,201
244,R3,SKU_C,613,0,0,439
244,R3,SKU_D,304,0,0,351
244,R3,SKU_E,576,0,0,394
245,Supplier,SKU_A,0,0,0,0
245,Supplier,SKU_B,0,0,0,0
245,Supplier,SKU_C,0,0,0,0
245,Supplier,SKU_D,0,0,0,0
245,Supplier,SKU_E,0,0,0,0
245,W1,SKU_A,0,0,304,1563
245,W1,SKU_B,378,0,0,730
245,W1,SKU_C,0,0,65,872
245,W1,SKU_D,0,0,312,694
245,W1,SKU_E,1429,0,0,633
245,W2,SKU_A,2993,0,0,1431
245,W2,SKU_B,417,0,0,284
245,W2,SKU_C,1284,0,0,686
245,W2,SKU_D,0,0,34,731
245,W2,SKU_E,806,0,0,598
245,R1,SKU_A,7,0,0,439
245,R1,SKU_B,118,0,0,221
245,R1,SKU_C,514,0,0,268
245,R1,SKU_D,93,0,0,181
245,R1,SKU_E,0,46,0,165
245,R2,SKU_A,799,0,0,428
245,R2,SKU_B,569,0,0,83
245,R2,SKU_C,609,0,0,197
245,R2,SKU_D,0,121,0,196
245,R2,SKU_E,396,0,0,107
245,R3,SKU_A,349,0,0,922
245,R3,SKU_B,454,0,0,201
245,R3,SKU_C,534,0,0,439
245,R3,SKU_D,217,0,0,351
245,R3,SKU_E,505,0,0,394
246,Supplier,SKU_A,0,0,0,0
246,Supplier,SKU_B,0,0,0,0
246,Supplier,SKU_C,0,0,0,0
246,Supplier,SKU_D,0,0,0,0
246,Supplier,SKU_E,0,0,0,0
246,W1,SKU_A,0,0,530,1563
246,W1,SKU_B,294,0,0,730
246,W1,SKU_C,0,0,204,872
246,W1,SKU_D,0,0,405,694
246,W1,SKU_E,1346,0,0,633
246,W2,SKU_A,2827,0,0,1431
246,W2,SKU_B,378,0,0,284
246,W2,SKU_C,1205,0,0,686
246,W2,SKU_D,0,0,121,731
246,W2,SKU_E,735,0,0,598
246,R1,SKU_A,335,0,0,0
246,R1,SKU_B,287,0,0,0
246,R1,SKU_C,698,0,0,0
246,R1,SKU_D,222,0,0,0
246,R1,SKU_E,82,0,0,0
246,R2,SKU_A,737,0,0,428
246,R2,SKU_B,540,0,0,83
246,R2,SKU_C,575,0,0,197
246,R2,SKU_D,0,155,0,196
246,R2,SKU_E,369,0,0,107
246,R3,SKU_A,230,0,0,1331
246,R3,SKU_B,413,0,0,288
246,R3,SKU_C,468,0,0,680
246,R3,SKU_D,145,0,0,630
246,R3,SKU_E,453,0,0,558
247,Supplier,SKU_A,0,0,0,0
247,Supplier,SKU_B,0,0,0,0
247,Supplier,SKU_C,0,0,0,0
247,Supplier,SKU_D,0,0,0,0
247,Supplier,SKU_E,0,0,0,0
247,W1,SKU_A,181,0,0,679
247,W1,SKU_B,639,0,0,304
247,W1,SKU_C,194,0,0,356
247,W1,SKU_D,0,0,98,301
247,W1,SKU_E,1643,0,0,272
247,W2,SKU_A,2708,0,0,1840
247,W2,SKU_B,337,0,0,371
247,W2,SKU_C,1139,0,0,927
247,W2,SKU_D,0,0,193,956
247,W2,SKU_E,683,0,0,762
247,R1,SKU_A,240,0,0,431
247,R1,SKU_B,236,0,0,192
247,R1,SKU_C,616,0,0,316
247,R1,SKU_D,165,0,0,168
247,R1,SKU_E,53,0,0,144
247,R2,SKU_A,1101,0,0,272
247,R2,SKU_B,599,0,0,100
247,R2,SKU_C,738,0,0,130
247,R2,SKU_D,0,13,0,225
247,R2,SKU_E,454,0,0,114
247,R3,SKU_A,1017,0,0,409
247,R3,SKU_B,566,0,0,87
247,R3,SKU_C,845,0,0,241
247,R3,SKU_D,414,0,0,279
247,R3,SKU_E,794,0,0,164
248,Supplier,SKU_A,0,0,0,0
248,Supplier,SKU_B,0,0,0,0
248,Supplier,SKU_C,0,0,0,0
248,Supplier,SKU_D,0,0,0,0
248,Supplier,SKU_E,0,0,0,0
248,W1,SKU_A,22,0,0,1358
248,W1,SKU_B,564,0,0,596
248,W1,SKU_C,78,0,0,802
248,W1,SKU_D,0,0,209,581
248,W1,SKU_E,1592,0,0,530
248,W2,SKU_A,3319,0,0,1094
248,W2,SKU_B,429,0,0,231
248,W2,SKU_C,1423,0,0,581
248,W2,SKU_D,105,0,0,576
248,W2,SKU_E,949,0,0,443
248,R1,SKU_A,134,0,0,431
248,R1,SKU_B,189,0,0,192
248,R1,SKU_C,536,0,0,316
248,R1,SKU_D,112,0,0,168
248,R1,SKU_E,21,0,0,144
248,R2,SKU_A,1021,0,0,272
248,R2,SKU_B,566,0,0,100
248,R2,SKU_C,697,0,0,130
248,R2,SKU_D,0,35,0,225
248,R2,SKU_E,418,0,0,114
248,R3,SKU_A,859,0,0,409
248,R3,SKU_B,521,0,0,87
248,R3,SKU_C,763,0,0,241
248,R3,SKU_D,341,0,0,279
248,R3,SKU_E,728,0,0,164
249,Supplier,SKU_A,0,0,0,0
249,Supplier,SKU_B,0,0,0,0
249,Supplier,SKU_C,0,0,0,0
249,Supplier,SKU_D,0,0,0,0
249,Supplier,SKU_E,0,0,0,0
249,W1,SKU_A,0,0,164,1358
249,W1,SKU_B,484,0,0,596
249,W1,SKU_C,0,0,43,802
249,W1,SKU_D,0,0,284,581
249,W1,SKU_E,1524,0,0,530
249,W2,SKU_A,3161,0,0,1094
249,W2,SKU_B,384,0,0,231
249,W2,SKU_C,1341,0,0,581
249,W2,SKU_D,32,0,0,576
249,W2,SKU_E,883,0,0,443
249,R1,SKU_A,436,0,0,0
249,R1,SKU_B,318,0,0,0
249,R1,SKU_C,771,0,0,0
249,R1,SKU_D,228,0,0,0
249,R1,SKU_E,119,0,0,0
249,R2,SKU_A,934,0,0,272
249,R2,SKU_B,510,0,0,100
249,R2,SKU_C,664,0,0,130
249,R2,SKU_D,0,83,0,225
249,R2,SKU_E,368,0,0,114
249,R3,SKU_A,650,0,0,821
249,R3,SKU_B,478,0,0,221
249,R3,SKU_C,639,0,0,451
249,R3,SKU_D,221,0,0,627
249,R3,SKU_E,640,0,0,335
250,Supplier,SKU_A,0,0,0,0
250,Supplier,SKU_B,0,0,0,0
250,Supplier,SKU_C,0,0,0,0
250,Supplier,SKU_D,0,0,0,0
250,Supplier,SKU_E,0,0,0,0
250,W1,SKU_A,299,0,0,679
250,W1,SKU_B,669,0,0,292
250,W1,SKU_C,199,0,0,446
250,W1,SKU_D,0,0,83,280
250,W1,SKU_E,1700,0,0,258
250,W2,SKU_A,3637,0,0,821
250,W2,SKU_B,485,0,0,221
250,W2,SKU_C,1557,0,0,451
250,W2,SKU_D,263,0,0,452
250,W2,SKU_E,1074,0,0,335
250,R1,SKU_A,321,0,0,330
250,R1,SKU_B,263,0,0,161
250,R1,SKU_C,677,0,0,243
250,R1,SKU_D,158,0,0,162
250,R1,SKU_E,78,0,0,107
250,R2,SKU_A,1132,0,0,231
250,R2,SKU_B,567,0,0,113
250,R2,SKU_C,753,0,0,108
250,R2,SKU_D,104,0,0,139
250,R2,SKU_E,440,0,0,108
250,R3,SKU_A,870,0,0,412
250,R3,SKU_B,520,0,0,134
250,R3,SKU_C,791,0,0,210
250,R3,SKU_D,402,0,0,348
250,R3,SKU_E,713,0,0,171
251,Supplier,SKU_A,0,0,0,0
251,Supplier,SKU_B,0,0,0,0
251,Supplier,SKU_C,0,0,0,0
251,Supplier,SKU_D,0,0,0,0
251,Supplier,SKU_E,0,0,0,0
251,W1,SKU_A,110,0,0,1240
251,W1,SKU_B,571,0,0,566
251,W1,SKU_C,64,0,0,797
251,W1,SKU_D,0,0,191,566
251,W1,SKU_E,1617,0,0,473
251,W2,SKU_A,3448,0,0,821
251,W2,SKU_B,440,0,0,221
251,W2,SKU_C,1468,0,0,451
251,W2,SKU_D,165,0,0,452
251,W2,SKU_E,983,0,0,335
251,R1,SKU_A,173,0,0,330
251,R1,SKU_B,183,0,0,161
251,R1,SKU_C,590,0,0,243
251,R1,SKU_D,88,0,0,162
251,R1,SKU_E,29,0,0,107
251,R2,SKU_A,1045,0,0,231
251,R2,SKU_B,506,0,0,113
251,R2,SKU_C,702,0,0,108
251,R2,SKU_D,68,0,0,139
251,R2,SKU_E,397,0,0,108
251,R3,SKU_A,672,0,0,412
251,R3,SKU_B,468,0,0,134
251,R3,SKU_C,679,0,0,210
251,R3,SKU_D,306,0,0,348
251,R3,SKU_E,620,0,0,171
252,Supplier,SKU_A,0,0,0,0
252,Supplier,SKU_B,0,0,0,0
252,Supplier,SKU_C,0,0,0,0
252,Supplier,SKU_D,0,0,0,0
252,Supplier,SKU_E,0,0,0,0
252,W1,SKU_A,0,0,125,1240
252,W1,SKU_B,430,0,0,566
252,W1,SKU_C,0,0,74,797
252,W1,SKU_D,0,0,297,566
252,W1,SKU_E,1525,0,0,473
252,W2,SKU_A,3250,0,0,821
252,W2,SKU_B,388,0,0,221
252,W2,SKU_C,1356,0,0,451
252,W2,SKU_D,69,0,0,452
252,W2,SKU_E,890,0,0,335
252,R1,SKU_A,335,0,0,0
252,R1,SKU_B,285,0,0,0
252,R1,SKU_C,718,0,0,0
252,R1,SKU_D,181,0,0,0
252,R1,SKU_E,89,0,0,0
252,R2,SKU_A,946,0,0,231
252,R2,SKU_B,456,0,0,113
252,R2,SKU_C,663,0,0,108
252,R2,SKU_D,12,0,0,139
252,R2,SKU_E,356,0,0,108
252,R3,SKU_A,490,0,0,1008
252,R3,SKU_B,426,0,0,274
252,R3,SKU_C,582,0,0,535
252,R3,SKU_D,222,0,0,662
252,R3,SKU_E,537,0,0,443
253,Supplier,SKU_A,0,0,0,0
253,Supplier,SKU_B,0,0,0,0
253,Supplier,SKU_C,0,0,0,0
253,Supplier,SKU_D,0,0,0,0
253,Supplier,SKU_E,0,0,0,0
253,W1,SKU_A,287,0,0,561
253,W1,SKU_B,613,0,0,274
253,W1,SKU_C,218,0,0,351
253,W1,SKU_D,0,0,142,286
253,W1,SKU_E,1695,0,0,215
253,W2,SKU_A,3477,0,0,1008
253,W2,SKU_B,433,0,0,274
253,W2,SKU_C,1500,0,0,535
253,W2,SKU_D,210,0,0,541
253,W2,SKU_E,971,0,0,443
253,R1,SKU_A,225,0,0,431
253,R1,SKU_B,243,0,0,194
253,R1,SKU_C,647,0,0,296
253,R1,SKU_D,130,0,0,209
253,R1,SKU_E,55,0,0,137
253,R2,SKU_A,1095,0,0,260
253,R2,SKU_B,534,0,0,154
253,R2,SKU_C,734,0,0,131
253,R2,SKU_D,106,0,0,71
253,R2,SKU_E,432,0,0,126
253,R3,SKU_A,757,0,0,596
253,R3,SKU_B,502,0,0,140
253,R3,SKU_C,706,0,0,325
253,R3,SKU_D,487,0,0,314
253,R3,SKU_E,625,0,0,272
254,Supplier,SKU_A,0,0,0,0
254,Supplier,SKU_B,0,0,0,0
254,Supplier,SKU_C,0,0,0,0
254,Supplier,SKU_D,0,0,0,0
254,Supplier,SKU_E,0,0,0,0
254,W1,SKU_A,95,0,0,1252
254,W1,SKU_B,536,0,0,622
254,W1,SKU_C,110,0,0,778
254,W1,SKU_D,0,0,238,625
254,W1,SKU_E,1629,0,0,478
254,W2,SKU_A,3332,0,0,1008
254,W2,SKU_B,375,0,0,274
254,W2,SKU_C,1414,0,0,535
254,W2,SKU_D,127,0,0,541
254,W2,SKU_E,888,0,0,443
254,R1,SKU_A,113,0,0,431
254,R1,SKU_B,204,0,0,194
254,R1,SKU_C,600,0,0,296
254,R1,SKU_D,85,0,0,209
254,R1,SKU_E,24,0,0,137
254,R2,SKU_A,1022,0,0,260
254,R2,SKU_B,509,0,0,154
254,R2,SKU_C,714,0,0,131
254,R2,SKU_D,64,0,0,71
254,R2,SKU_E,401,0,0,126
254,R3,SKU_A,603,0,0,596
254,R3,SKU_B,466,0,0,140
254,R3,SKU_C,644,0,0,325
254,R3,SKU_D,420,0,0,314
254,R3,SKU_E,553,0,0,272
255,Supplier,SKU_A,0,0,0,0
255,Supplier,SKU_B,0,0,0,0
255,Supplier,SKU_C,0,0,0,0
255,Supplier,SKU_D,0,0,0,0
255,Supplier,SKU_E,0,0,0,0
255,W1,SKU_A,0,0,90,1252
255,W1,SKU_B,472,0,0,622
255,W1,SKU_C,43,0,0,778
255,W1,SKU_D,0,0,325,625
255,W1,SKU_E,1567,0,0,478
255,W2,SKU_A,3178,0,0,1008
255,W2,SKU_B,339,0,0,274
255,W2,SKU_C,1352,0,0,535
255,W2,SKU_D,60,0,0,541
255,W2,SKU_E,816,0,0,443
255,R1,SKU_A,452,0,0,0
255,R1,SKU_B,354,0,0,0
255,R1,SKU_C,820,0,0,0
255,R1,SKU_D,249,0,0,0
255,R1,SKU_E,136,0,0,0
255,R2,SKU_A,940,0,0,260
255,R2,SKU_B,485,0,0,154
255,R2,SKU_C,691,0,0,131
255,R2,SKU_D,21,0,0,71
255,R2,SKU_E,358,0,0,126
255,R3,SKU_A,438,0,0,1077
255,R3,SKU_B,439,0,0,276
255,R3,SKU_C,581,0,0,570
255,R3,SKU_D,368,0,0,548
255,R3,SKU_E,508,0,0,510
256,Supplier,SKU_A,0,0,0,0
256,Supplier,SKU_B,0,0,0,0
256,Supplier,SKU_C,0,0,0,0
256,Supplier,SKU_D,0,0,0,0
256,Supplier,SKU_E,0,0,0,0
256,W1,SKU_A,297,0,0,691
256,W1,SKU_B,678,0,0,348
256,W1,SKU_C,295,0,0,427
256,W1,SKU_D,0,0,127,339
256,W1,SKU_E,1714,0,0,263
256,W2,SKU_A,3425,0,0,1077
256,W2,SKU_B,446,0,0,276
256,W2,SKU_C,1499,0,0,570
256,W2,SKU_D,235,0,0,548
256,W2,SKU_E,942,0,0,510
256,R1,SKU_A,322,0,0,314
256,R1,SKU_B,312,0,0,125
256,R1,SKU_C,765,0,0,194
256,R1,SKU_D,204,0,0,141
256,R1,SKU_E,109,0,0,90
256,R2,SKU_A,1116,0,0,237
256,R2,SKU_B,607,0,0,84
256,R2,SKU_C,786,0,0,80
256,R2,SKU_D,48,0,0,145
256,R2,SKU_E,453,0,0,106
256,R3,SKU_A,887,0,0,481
256,R3,SKU_B,542,0,0,136
256,R3,SKU_C,812,0,0,245
256,R3,SKU_D,610,0,0,234
256,R3,SKU_E,717,0,0,238
257,Supplier,SKU_A,0,0,0,0
257,Supplier,SKU_B,0,0,0,0
257,Supplier,SKU_C,0,0,0,0
257,Supplier,SKU_D,0,0,0,0
257,Supplier,SKU_E,0,0,0,0
257,W1,SKU_A,83,0,0,1242
257,W1,SKU_B,604,0,0,557
257,W1,SKU_C,204,0,0,701
257,W1,SKU_D,0,0,216,610
257,W1,SKU_E,1656,0,0,459
257,W2,SKU_A,3278,0,0,1077
257,W2,SKU_B,409,0,0,276
257,W2,SKU_C,1405,0,0,570
257,W2,SKU_D,163,0,0,548
257,W2,SKU_E,879,0,0,510
257,R1,SKU_A,191,0,0,314
257,R1,SKU_B,266,0,0,125
257,R1,SKU_C,693,0,0,194
257,R1,SKU_D,144,0,0,141
257,R1,SKU_E,69,0,0,90
257,R2,SKU_A,1045,0,0,237
257,R2,SKU_B,566,0,0,84
257,R2,SKU_C,753,0,0,80
257,R2,SKU_D,10,0,0,145
257,R2,SKU_E,411,0,0,106
257,R3,SKU_A,715,0,0,481
257,R3,SKU_B,503,0,0,136
257,R3,SKU_C,722,0,0,245
257,R3,SKU_D,516,0,0,234
257,R3,SKU_E,659,0,0,238
258,Supplier,SKU_A,0,0,0,0
258,Supplier,SKU_B,0,0,0,0
258,Supplier,SKU_C,0,0,0,0
258,Supplier,SKU_D,0,0,0,0
258,Supplier,SKU_E,0,0,0,0
258,W1,SKU_A,0,0,119,1242
258,W1,SKU_B,517,0,0,557
258,W1,SKU_C,99,0,0,701
258,W1,SKU_D,0,0,314,610
258,W1,SKU_E,1574,0,0,459
258,W2,SKU_A,3106,0,0,1077
258,W2,SKU_B,370,0,0,276
258,W2,SKU_C,1315,0,0,570
258,W2,SKU_D,69,0,0,548
258,W2,SKU_E,821,0,0,510
258,R1,SKU_A,344,0,0,0
258,R1,SKU_B,344,0,0,0
258,R1,SKU_C,785,0,0,0
258,R1,SKU_D,211,0,0,0
258,R1,SKU_E,121,0,0,0
258,R2,SKU_A,952,0,0,237
258,R2,SKU_B,514,0,0,84
258,R2,SKU_C,709,0,0,80
258,R2,SKU_D,0,44,0,145
258,R2,SKU_E,347,0,0,106
258,R3,SKU_A,547,0,0,965
258,R3,SKU_B,447,0,0,239
258,R3,SKU_C,606,0,0,492
258,R3,SKU_D,435,0,0,452
258,R3,SKU_E,591,0,0,404
259,Supplier,SKU_A,0,0,0,0
259,Supplier,SKU_B,0,0,0,0
259,Supplier,SKU_C,0,0,0,0
259,Supplier,SKU_D,0,0,0,0
259,Supplier,SKU_E,0,0,0,0
259,W1,SKU_A,318,0,0,551
259,W1,SKU_B,766,0,0,209
259,W1,SKU_C,380,0,0,274
259,W1,SKU_D,0,0,103,271
259,W1,SKU_E,1735,0,0,196
259,W2,SKU_A,3534,0,0,965
259,W2,SKU_B,454,0,0,239
259,W2,SKU_C,1524,0,0,492
259,W2,SKU_D,302,0,0,452
259,W2,SKU_E,1025,0,0,404
259,R1,SKU_A,182,0,0,422
259,R1,SKU_B,288,0,0,135
259,R1,SKU_C,666,0,0,229
259,R1,SKU_D,141,0,0,179
259,R1,SKU_E,86,0,0,105
259,R2,SKU_A,1095,0,0,248
259,R2,SKU_B,560,0,0,125
259,R2,SKU_C,743,0,0,113
259,R2,SKU_D,51,0,0,160
259,R2,SKU_E,415,0,0,137
259,R3,SKU_A,872,0,0,484
259,R3,SKU_B,547,0,0,103
259,R3,SKU_C,747,0,0,247
259,R3,SKU_D,584,0,0,218
259,R3,SKU_E,763,0,0,166
260,Supplier,SKU_A,0,0,0,0
260,Supplier,SKU_B,0,0,0,0
260,Supplier,SKU_C,0,0,0,0
260,Supplier,SKU_D,0,0,0,0
260,Supplier,SKU_E,0,0,0,0
260,W1,SKU_A,62,0,0,1221
260,W1,SKU_B,672,0,0,469
260,W1,SKU_C,215,0,0,616
260,W1,SKU_D,0,0,223,586
260,W1,SKU_E,1662,0,0,438
260,W2,SKU_A,3378,0,0,965
260,W2,SKU_B,418,0,0,239
260,W2,SKU_C,1420,0,0,492
260,W2,SKU_D,217,0,0,452
260,W2,SKU_E,959,0,0,404
260,R1,SKU_A,51,0,0,422
260,R1,SKU_B,263,0,0,135
260,R1,SKU_C,599,0,0,229
260,R1,SKU_D,83,0,0,179
260,R1,SKU_E,56,0,0,105
260,R2,SKU_A,1003,0,0,248
260,R2,SKU_B,519,0,0,125
260,R2,SKU_C,710,0,0,113
260,R2,SKU_D,10,0,0,160
260,R2,SKU_E,380,0,0,137
260,R3,SKU_A,749,0,0,484
260,R3,SKU_B,511,0,0,103
260,R3,SKU_C,696,0,0,247
260,R3,SKU_D,510,0,0,218
260,R3,SKU_E,697,0,0,166
261,Supplier,SKU_A,0,0,0,0
261,Supplier,SKU_B,0,0,0,0
261,Supplier,SKU_C,0,0,0,0
261,Supplier,SKU_D,0,0,0,0
261,Supplier,SKU_E,0,0,0,0
261,W1,SKU_A,0,0,161,1221
261,W1,SKU_B,606,0,0,469
261,W1,SKU_C,115,0,0,616
261,W1,SKU_D,0,0,322,586
261,W1,SKU_E,1597,0,0,438
261,W2,SKU_A,3255,0,0,965
261,W2,SKU_B,382,0,0,239
261,W2,SKU_C,1369,0,0,492
261,W2,SKU_D,143,0,0,452
261,W2,SKU_E,893,0,0,404
261,R1,SKU_A,365,0,0,0
261,R1,SKU_B,372,0,0,0
261,R1,SKU_C,774,0,0,0
261,R1,SKU_D,205,0,0,0
261,R1,SKU_E,131,0,0,0
261,R2,SKU_A,940,0,0,248
261,R2,SKU_B,480,0,0,125
261,R2,SKU_C,682,0,0,113
261,R2,SKU_D,0,24,0,160
261,R2,SKU_E,334,0,0,137
261,R3,SKU_A,615,0,0,931
261,R3,SKU_B,469,0,0,231
261,R3,SKU_C,611,0,0,518
261,R3,SKU_D,449,0,0,458
261,R3,SKU_E,637,0,0,366
262,Supplier,SKU_A,0,0,0,0
262,Supplier,SKU_B,0,0,0,0
262,Supplier,SKU_C,0,0,0,0
262,Supplier,SKU_D,0,0,0,0
262,Supplier,SKU_E,0,0,0,0
262,W1,SKU_A,219,0,0,670
262,W1,SKU_B,750,0,0,260
262,W1,SKU_C,307,0,0,342
262,W1,SKU_D,0,0,142,315
262,W1,SKU_E,1717,0,0,242
262,W2,SKU_A,3602,0,0,931
262,W2,SKU_B,476,0,0,231
262,W2,SKU_C,1529,0,0,518
262,W2,SKU_D,316,0,0,458
262,W2,SKU_E,1071,0,0,366
262,R1,SKU_A,241,0,0,401
262,R1,SKU_B,339,0,0,107
262,R1,SKU_C,713,0,0,240
262,R1,SKU_D,163,0,0,185
262,R1,SKU_E,104,0,0,95
262,R2,SKU_A,1137,0,0,249
262,R2,SKU_B,567,0,0,118
262,R2,SKU_C,780,0,0,107
262,R2,SKU_D,103,0,0,86
262,R2,SKU_E,432,0,0,119
262,R3,SKU_A,968,0,0,447
262,R3,SKU_B,527,0,0,128
262,R3,SKU_C,783,0,0,271
262,R3,SKU_D,597,0,0,240
262,R3,SKU_E,744,0,0,200
263,Supplier,SKU_A,0,0,0,0
263,Supplier,SKU_B,0,0,0,0
263,Supplier,SKU_C,0,0,0,0
263,Supplier,SKU_D,0,0,0,0
263,Supplier,SKU_E,0,0,0,0
263,W1,SKU_A,44,0,0,1320
263,W1,SKU_B,679,0,0,485
263,W1,SKU_C,231,0,0,689
263,W1,SKU_D,0,0,217,625
263,W1,SKU_E,1651,0,0,456
263,W2,SKU_A,3471,0,0,931
263,W2,SKU_B,431,0,0,231
263,W2,SKU_C,1454,0,0,518
263,W2,SKU_D,246,0,0,458
263,W2,SKU_E,1012,0,0,366
263,R1,SKU_A,129,0,0,401
263,R1,SKU_B,298,0,0,107
263,R1,SKU_C,653,0,0,240
263,R1,SKU_D,126,0,0,185
263,R1,SKU_E,62,0,0,95
263,R2,SKU_A,1083,0,0,249
263,R2,SKU_B,525,0,0,118
263,R2,SKU_C,754,0,0,107
263,R2,SKU_D,68,0,0,86
263,R2,SKU_E,388,0,0,119
263,R3,SKU_A,831,0,0,447
263,R3,SKU_B,501,0,0,128
263,R3,SKU_C,725,0,0,271
263,R3,SKU_D,497,0,0,240
263,R3,SKU_E,673,0,0,200
264,Supplier,SKU_A,0,0,0,0
264,Supplier,SKU_B,0,0,0,0
264,Supplier,SKU_C,0,0,0,0
264,Supplier,SKU_D,0,0,0,0
264,Supplier,SKU_E,0,0,0,0
264,W1,SKU_A,0,0,122,1320
264,W1,SKU_B,596,0,0,485
264,W1,SKU_C,145,0,0,689
264,W1,SKU_D,0,0,289,625
264,W1,SKU_E,1565,0,0,456
264,W2,SKU_A,3334,0,0,931
264,W2,SKU_B,405,0,0,231
264,W2,SKU_C,1396,0,0,518
264,W2,SKU_D,146,0,0,458
264,W2,SKU_E,941,0,0,366
264,R1,SKU_A,384,0,0,0
264,R1,SKU_B,359,0,0,0
264,R1,SKU_C,811,0,0,0
264,R1,SKU_D,253,0,0,0
264,R1,SKU_E,108,0,0,0
264,R2,SKU_A,991,0,0,249
264,R2,SKU_B,485,0,0,118
264,R2,SKU_C,728,0,0,107
264,R2,SKU_D,20,0,0,86
264,R2,SKU_E,355,0,0,119
264,R3,SKU_A,690,0,0,849
264,R3,SKU_B,455,0,0,241
264,R3,SKU_C,605,0,0,489
264,R3,SKU_D,406,0,0,471
264,R3,SKU_E,589,0,0,390
265,Supplier,SKU_A,0,0,0,0
265,Supplier,SKU_B,0,0,0,0
265,Supplier,SKU_C,0,0,0,0
265,Supplier,SKU_D,0,0,0,0
265,Supplier,SKU_E,0,0,0,0
265,W1,SKU_A,310,0,0,650
265,W1,SKU_B,770,0,0,225
265,W1,SKU_C,379,0,0,347
265,W1,SKU_D,0,0,80,310
265,W1,SKU_E,1725,0,0,214
265,W2,SKU_A,3677,0,0,849
265,W2,SKU_B,462,0,0,241
265,W2,SKU_C,1523,0,0,489
265,W2,SKU_D,273,0,0,471
265,W2,SKU_E,1023,0,0,390
265,R1,SKU_A,256,0,0,382
265,R1,SKU_B,308,0,0,120
265,R1,SKU_C,706,0,0,203
265,R1,SKU_D,178,0,0,137
265,R1,SKU_E,60,0,0,118
265,R2,SKU_A,1131,0,0,197
265,R2,SKU_B,555,0,0,120
265,R2,SKU_C,804,0,0,67
265,R2,SKU_D,45,0,0,178
265,R2,SKU_E,429,0,0,116
265,R3,SKU_A,921,0,0,402
265,R3,SKU_B,535,0,0,113
265,R3,SKU_C,773,0,0,218
265,R3,SKU_D,520,0,0,231
265,R3,SKU_E,693,0,0,190
266,Supplier,SKU_A,0,0,0,0
266,Supplier,SKU_B,0,0,0,0
266,Supplier,SKU_C,0,0,0,0
266,Supplier,SKU_D,0,0,0,0
266,Supplier,SKU_E,0,0,0,0
266,W1,SKU_A,73,0,0,1229
266,W1,SKU_B,671,0,0,465
266,W1,SKU_C,243,0,0,617
266,W1,SKU_D,0,0,216,563
266,W1,SKU_E,1632,0,0,448
266,W2,SKU_A,3461,0,0,849
266,W2,SKU_B,414,0,0,241
266,W2,SKU_C,1420,0,0,489
266,W2,SKU_D,147,0,0,471
266,W2,SKU_E,927,0,0,390
266,R1,SKU_A,119,0,0,382
266,R1,SKU_B,250,0,0,120
266,R1,SKU_C,612,0,0,203
266,R1,SKU_D,102,0,0,137
266,R1,SKU_E,21,0,0,118
266,R2,SKU_A,1045,0,0,197
266,R2,SKU_B,501,0,0,120
266,R2,SKU_C,756,0,0,67
266,R2,SKU_D,6,0,0,178
266,R2,SKU_E,387,0,0,116
266,R3,SKU_A,723,0,0,402
266,R3,SKU_B,487,0,0,113
266,R3,SKU_C,652,0,0,218
266,R3,SKU_D,406,0,0,231
266,R3,SKU_E,627,0,0,190
267,Supplier,SKU_A,0,0,0,0
267,Supplier,SKU_B,0,0,0,0
267,Supplier,SKU_C,0,0,0,0
267,Supplier,SKU_D,0,0,0,0
267,Supplier,SKU_E,0,0,0,0
267,W1,SKU_A,0,0,150,1229
267,W1,SKU_B,559,0,0,465
267,W1,SKU_C,101,0,0,617
267,W1,SKU_D,0,0,331,563
267,W1,SKU_E,1551,0,0,448
267,W2,SKU_A,3263,0,0,849
267,W2,SKU_B,366,0,0,241
267,W2,SKU_C,1299,0,0,489
267,W2,SKU_D,33,0,0,471
267,W2,SKU_E,861,0,0,390
267,R1,SKU_A,350,0,0,0
267,R1,SKU_B,310,0,0,0
267,R1,SKU_C,724,0,0,0
267,R1,SKU_D,188,0,0,0
267,R1,SKU_E,108,0,0,0
267,R2,SKU_A,970,0,0,197
267,R2,SKU_B,465,0,0,120
267,R2,SKU_C,726,0,0,67
267,R2,SKU_D,0,31,0,178
267,R2,SKU_E,347,0,0,116
267,R3,SKU_A,581,0,0,957
267,R3,SKU_B,456,0,0,255
267,R3,SKU_C,570,0,0,562
267,R3,SKU_D,333,0,0,562
267,R3,SKU_E,575,0,0,436
268,Supplier,SKU_A,0,0,0,0
268,Supplier,SKU_B,0,0,0,0
268,Supplier,SKU_C,0,0,0,0
268,Supplier,SKU_D,0,0,0,0
268,Supplier,SKU_E,0,0,0,0
268,W1,SKU_A,274,0,0,579
268,W1,SKU_B,688,0,0,240
268,W1,SKU_C,327,0,0,270
268,W1,SKU_D,0,0,109,253
268,W1,SKU_E,1694,0,0,234
268,W2,SKU_A,3568,0,0,957
268,W2,SKU_B,463,0,0,255
268,W2,SKU_C,1488,0,0,562
268,W2,SKU_D,200,0,0,562
268,W2,SKU_E,1009,0,0,436
268,R1,SKU_A,241,0,0,416
268,R1,SKU_B,272,0,0,169
268,R1,SKU_C,670,0,0,290
268,R1,SKU_D,140,0,0,202
268,R1,SKU_E,78,0,0,118
268,R2,SKU_A,1093,0,0,270
268,R2,SKU_B,548,0,0,138
268,R2,SKU_C,772,0,0,109
268,R2,SKU_D,100,0,0,108
268,R2,SKU_E,430,0,0,127
268,R3,SKU_A,855,0,0,555
268,R3,SKU_B,537,0,0,142
268,R3,SKU_C,715,0,0,344
268,R3,SKU_D,495,0,0,331
268,R3,SKU_E,706,0,0,246
269,Supplier,SKU_A,0,0,0,0
269,Supplier,SKU_B,0,0,0,0
269,Supplier,SKU_C,0,0,0,0
269,Supplier,SKU_D,0,0,0,0
269,Supplier,SKU_E,0,0,0,0
269,W1,SKU_A,91,0,0,1265
269,W1,SKU_B,613,0,0,547
269,W1,SKU_C,252,0,0,669
269,W1,SKU_D,0,0,204,592
269,W1,SKU_E,1631,0,0,479
269,W2,SKU_A,3440,0,0,957
269,W2,SKU_B,431,0,0,255
269,W2,SKU_C,1415,0,0,562
269,W2,SKU_D,131,0,0,562
269,W2,SKU_E,950,0,0,436
269,R1,SKU_A,135,0,0,416
269,R1,SKU_B,247,0,0,169
269,R1,SKU_C,615,0,0,290
269,R1,SKU_D,101,0,0,202
269,R1,SKU_E,44,0,0,118
269,R2,SKU_A,1020,0,0,270
269,R2,SKU_B,513,0,0,138
269,R2,SKU_C,748,0,0,109
269,R2,SKU_D,64,0,0,108
269,R2,SKU_E,395,0,0,127
269,R3,SKU_A,710,0,0,555
269,R3,SKU_B,504,0,0,142
269,R3,SKU_C,641,0,0,344
269,R3,SKU_D,417,0,0,331
269,R3,SKU_E,658,0,0,246
270,Supplier,SKU_A,0,0,0,0
270,Supplier,SKU_B,0,0,0,0
270,Supplier,SKU_C,0,0,0,0
270,Supplier,SKU_D,0,0,0,0
270,Supplier,SKU_E,0,0,0,0
270,W1,SKU_A,0,0,88,1265
270,W1,SKU_B,553,0,0,547
270,W1,SKU_C,173,0,0,669
270,W1,SKU_D,0,0,279,592
270,W1,SKU_E,1562,0,0,479
270,W2,SKU_A,3295,0,0,957
270,W2,SKU_B,398,0,0,255
270,W2,SKU_C,1341,0,0,562
270,W2,SKU_D,53,0,0,562
270,W2,SKU_E,902,0,0,436
270,R1,SKU_A,441,0,0,0
270,R1,SKU_B,386,0,0,0
270,R1,SKU_C,839,0,0,0
270,R1,SKU_D,267,0,0,0
270,R1,SKU_E,142,0,0,0
270,R2,SKU_A,961,0,0,270
270,R2,SKU_B,489,0,0,138
270,R2,SKU_C,722,0,0,109
270,R2,SKU_D,23,0,0,108
270,R2,SKU_E,365,0,0,127
270,R3,SKU_A,555,0,0,970
270,R3,SKU_B,458,0,0,238
270,R3,SKU_C,583,0,0,573
270,R3,SKU_D,367,0,0,551
270,R3,SKU_E,595,0,0,405
271,Supplier,SKU_A,0,0,0,0
271,Supplier,SKU_B,0,0,0,0
271,Supplier,SKU_C,0,0,0,0
271,Supplier,SKU_D,0,0,0,0
271,Supplier,SKU_E,0,0,0,0
271,W1,SKU_A,322,0,0,686
271,W1,SKU_B,739,0,0,307
271,W1,SKU_C,351,0,0,399
271,W1,SKU_D,0,0,103,339
271,W1,SKU_E,1746,0,0,245
271,W2,SKU_A,3542,0,0,970
271,W2,SKU_B,465,0,0,238
271,W2,SKU_C,1501,0,0,573
271,W2,SKU_D,234,0,0,551
271,W2,SKU_E,1029,0,0,405
271,R1,SKU_A,317,0,0,325
271,R1,SKU_B,337,0,0,93
271,R1,SKU_C,751,0,0,175
271,R1,SKU_D,218,0,0,123
271,R1,SKU_E,113,0,0,84
271,R2,SKU_A,1168,0,0,206
271,R2,SKU_B,588,0,0,96
271,R2,SKU_C,798,0,0,71
271,R2,SKU_D,89,0,0,130
271,R2,SKU_E,452,0,0,98
271,R3,SKU_A,942,0,0,415
271,R3,SKU_B,558,0,0,96
271,R3,SKU_C,854,0,0,229
271,R3,SKU_D,623,0,0,220
271,R3,SKU_E,781,0,0,159
272,Supplier,SKU_A,0,0,0,0
272,Supplier,SKU_B,0,0,0,0
272,Supplier,SKU_C,0,0,0,0
272,Supplier,SKU_D,0,0,0,0
272,Supplier,SKU_E,0,0,0,0
272,W1,SKU_A,135,0,0,1217
272,W1,SKU_B,651,0,0,496
272,W1,SKU_C,230,0,0,645
272,W1,SKU_D,0,0,194,586
272,W1,SKU_E,1677,0,0,427
272,W2,SKU_A,3374,0,0,970
272,W2,SKU_B,423,0,0,238
272,W2,SKU_C,1428,0,0,573
272,W2,SKU_D,159,0,0,551
272,W2,SKU_E,969,0,0,405
272,R1,SKU_A,151,0,0,325
272,R1,SKU_B,271,0,0,93
272,R1,SKU_C,647,0,0,175
272,R1,SKU_D,154,0,0,123
272,R1,SKU_E,73,0,0,84
272,R2,SKU_A,1082,0,0,206
272,R2,SKU_B,531,0,0,96
272,R2,SKU_C,759,0,0,71
272,R2,SKU_D,38,0,0,130
272,R2,SKU_E,408,0,0,98
272,R3,SKU_A,735,0,0,415
272,R3,SKU_B,488,0,0,96
272,R3,SKU_C,726,0,0,229
272,R3,SKU_D,535,0,0,220
272,R3,SKU_E,716,0,0,159
273,Supplier,SKU_A,0,0,0,0
273,Supplier,SKU_B,0,0,0,0
273,Supplier,SKU_C,0,0,0,0
273,Supplier,SKU_D,0,0,0,0
273,Supplier,SKU_E,0,0,0,0
273,W1,SKU_A,0,0,117,1217
273,W1,SKU_B,528,0,0,496
273,W1,SKU_C,87,0,0,645
273,W1,SKU_D,0,0,309,586
273,W1,SKU_E,1593,0,0,427
273,W2,SKU_A,3167,0,0,970
273,W2,SKU_B,353,0,0,238
273,W2,SKU_C,1300,0,0,573
273,W2,SKU_D,71,0,0,551
273,W2,SKU_E,904,0,0,405
273,R1,SKU_A,312,0,0,0
273,R1,SKU_B,303,0,0,0
273,R1,SKU_C,725,0,0,0
273,R1,SKU_D,198,0,0,0
273,R1,SKU_E,110,0,0,0
273,R2,SKU_A,977,0,0,206
273,R2,SKU_B,484,0,0,96
273,R2,SKU_C,712,0,0,71
273,R2,SKU_D,0,9,0,130
273,R2,SKU_E,373,0,0,98
273,R3,SKU_A,536,0,0,945
273,R3,SKU_B,448,0,0,254
273,R3,SKU_C,638,0,0,488
273,R3,SKU_D,453,0,0,433
273,R3,SKU_E,641,0,0,347
274,Supplier,SKU_A,0,0,0,0
274,Supplier,SKU_B,0,0,0,0
274,Supplier,SKU_C,0,0,0,0
274,Supplier,SKU_D,0,0,0,0
274,Supplier,SKU_E,0,0,0,0
274,W1,SKU_A,300,0,0,531
274,W1,SKU_B,727,0,0,189
274,W1,SKU_C,342,0,0,246
274,W1,SKU_D,0,0,96,247
274,W1,SKU_E,1756,0,0,182
274,W2,SKU_A,3523,0,0,945
274,W2,SKU_B,455,0,0,254
274,W2,SKU_C,1556,0,0,488
274,W2,SKU_D,320,0,0,433
274,W2,SKU_E,1075,0,0,347
274,R1,SKU_A,192,0,0,454
274,R1,SKU_B,273,0,0,176
274,R1,SKU_C,666,0,0,289
274,R1,SKU_D,154,0,0,192
274,R1,SKU_E,85,0,0,116
274,R2,SKU_A,1102,0,0,254
274,R2,SKU_B,554,0,0,143
274,R2,SKU_C,746,0,0,119
274,R2,SKU_D,83,0,0,147
274,R2,SKU_E,444,0,0,119
274,R3,SKU_A,840,0,0,530
274,R3,SKU_B,505,0,0,158
274,R3,SKU_C,805,0,0,259
274,R3,SKU_D,613,0,0,213
274,R3,SKU_E,741,0,0,188
275,Supplier,SKU_A,0,0,0,0
275,Supplier,SKU_B,0,0,0,0
275,Supplier,SKU_C,0,0,0,0
275,Supplier,SKU_D,0,0,0,0
275,Supplier,SKU_E,0,0,0,0
275,W1,SKU_A,99,0,0,1239
275,W1,SKU_B,671,0,0,508
275,W1,SKU_C,246,0,0,654
275,W1,SKU_D,0,0,178,579
275,W1,SKU_E,1704,0,0,417
275,W2,SKU_A,3412,0,0,945
275,W2,SKU_B,416,0,0,254
275,W2,SKU_C,1494,0,0,488
275,W2,SKU_D,260,0,0,433
275,W2,SKU_E,1016,0,0,347
275,R1,SKU_A,82,0,0,454
275,R1,SKU_B,236,0,0,176
275,R1,SKU_C,601,0,0,289
275,R1,SKU_D,116,0,0,192
275,R1,SKU_E,53,0,0,116
275,R2,SKU_A,1025,0,0,254
275,R2,SKU_B,527,0,0,143
275,R2,SKU_C,721,0,0,119
275,R2,SKU_D,52,0,0,147
275,R2,SKU_E,418,0,0,119
275,R3,SKU_A,753,0,0,530
275,R3,SKU_B,480,0,0,158
275,R3,SKU_C,756,0,0,259
275,R3,SKU_D,553,0,0,213
275,R3,SKU_E,699,0,0,188
276,Supplier,SKU_A,0,0,0,0
276,Supplier,SKU_B,0,0,0,0
276,Supplier,SKU_C,0,0,0,0
276,Supplier,SKU_D,0,0,0,0
276,Supplier,SKU_E,0,0,0,0
276,W1,SKU_A,0,0,88,1239
276,W1,SKU_B,607,0,0,508
276,W1,SKU_C,156,0,0,654
276,W1,SKU_D,0,0,247,579
276,W1,SKU_E,1646,0,0,417
276,W2,SKU_A,3325,0,0,945
276,W2,SKU_B,391,0,0,254
276,W2,SKU_C,1445,0,0,488
276,W2,SKU_D,200,0,0,433
276,W2,SKU_E,974,0,0,347
276,R1,SKU_A,445,0,0,0
276,R1,SKU_B,367,0,0,0
276,R1,SKU_C,849,0,0,0
276,R1,SKU_D,266,0,0,0
276,R1,SKU_E,139,0,0,0
276,R2,SKU_A,953,0,0,254
276,R2,SKU_B,490,0,0,143
276,R2,SKU_C,695,0,0,119
276,R2,SKU_D,18,0,0,147
276,R2,SKU_E,382,0,0,119
276,R3,SKU_A,616,0,0,927
276,R3,SKU_B,442,0,0,262
276,R3,SKU_C,712,0,0,458
276,R3,SKU_D,492,0,0,415
276,R3,SKU_E,659,0,0,364
277,Supplier,SKU_A,0,0,0,0
277,Supplier,SKU_B,0,0,0,0
277,Supplier,SKU_C,0,0,0,0
277,Supplier,SKU_D,0,0,0,0
277,Supplier,SKU_E,0,0,0,0
277,W1,SKU_A,280,0,0,708
277,W1,SKU_B,714,0,0,319
277,W1,SKU_C,335,0,0,408
277,W1,SKU_D,0,0,76,332
277,W1,SKU_E,1762,0,0,235
277,W2,SKU_A,3603,0,0,927
277,W2,SKU_B,449,0,0,262
277,W2,SKU_C,1630,0,0,458
277,W2,SKU_D,359,0,0,415
277,W2,SKU_E,1093,0,0,364
277,R1,SKU_A,354,0,0,321
277,R1,SKU_B,331,0,0,112
277,R1,SKU_C,799,0,0,165
277,R1,SKU_D,226,0,0,124
277,R1,SKU_E,104,0,0,87
277,R2,SKU_A,1139,0,0,230
277,R2,SKU_B,605,0,0,90
277,R2,SKU_C,785,0,0,88
277,R2,SKU_D,109,0,0,123
277,R2,SKU_E,469,0,0,89
277,R3,SKU_A,1004,0,0,397
277,R3,SKU_B,558,0,0,104
277,R3,SKU_C,900,0,0,199
277,R3,SKU_D,634,0,0,202
277,R3,SKU_E,803,0,0,176
278,Supplier,SKU_A,0,0,0,0
278,Supplier,SKU_B,0,0,0,0
278,Supplier,SKU_C,0,0,0,0
278,Supplier,SKU_D,0,0,0,0
278,Supplier,SKU_E,0,0,0,0
278,W1,SKU_A,121,0,0,1259
278,W1,SKU_B,650,0,0,521
278,W1,SKU_C,256,0,0,661
278,W1,SKU_D,0,0,172,559
278,W1,SKU_E,1695,0,0,411
278,W2,SKU_A,3461,0,0,927
278,W2,SKU_B,407,0,0,262
278,W2,SKU_C,1559,0,0,458
278,W2,SKU_D,288,0,0,415
278,W2,SKU_E,1049,0,0,364
278,R1,SKU_A,253,0,0,321
278,R1,SKU_B,268,0,0,112
278,R1,SKU_C,711,0,0,165
278,R1,SKU_D,172,0,0,124
278,R1,SKU_E,70,0,0,87
278,R2,SKU_A,1052,0,0,230
278,R2,SKU_B,540,0,0,90
278,R2,SKU_C,749,0,0,88
278,R2,SKU_D,64,0,0,123
278,R2,SKU_E,423,0,0,89
278,R3,SKU_A,854,0,0,397
278,R3,SKU_B,492,0,0,104
278,R3,SKU_C,807,0,0,199
278,R3,SKU_D,559,0,0,202
278,R3,SKU_E,754,0,0,176
279,Supplier,SKU_A,0,0,0,0
279,Supplier,SKU_B,0,0,0,0
279,Supplier,SKU_C,0,0,0,0
279,Supplier,SKU_D,0,0,0,0
279,Supplier,SKU_E,0,0,0,0
279,W1,SKU_A,0,0,67,1259
279,W1,SKU_B,522,0,0,521
279,W1,SKU_C,132,0,0,661
279,W1,SKU_D,0,0,271,559
279,W1,SKU_E,1615,0,0,411
279,W2,SKU_A,3311,0,0,927
279,W2,SKU_B,341,0,0,262
279,W2,SKU_C,1466,0,0,458
279,W2,SKU_D,213,0,0,415
279,W2,SKU_E,1000,0,0,364
279,R1,SKU_A,420,0,0,0
279,R1,SKU_B,306,0,0,0
279,R1,SKU_C,765,0,0,0
279,R1,SKU_D,212,0,0,0
279,R1,SKU_E,100,0,0,0
279,R2,SKU_A,946,0,0,230
279,R2,SKU_B,487,0,0,90
279,R2,SKU_C,699,0,0,88
279,R2,SKU_D,10,0,0,123
279,R2,SKU_E,375,0,0,89
279,R3,SKU_A,675,0,0,826
279,R3,SKU_B,420,0,0,250
279,R3,SKU_C,667,0,0,407
279,R3,SKU_D,419,0,0,409
279,R3,SKU_E,675,0,0,309
280,Supplier,SKU_A,0,0,0,0
280,Supplier,SKU_B,0,0,0,0
280,Supplier,SKU_C,0,0,0,0
280,Supplier,SKU_D,0,0,0,0
280,Supplier,SKU_E,0,0,0,0
280,W1,SKU_A,381,0,0,551
280,W1,SKU_B,714,0,0,202
280,W1,SKU_C,379,0,0,253
280,W1,SKU_D,0,0,77,227
280,W1,SKU_E,1745,0,0,176
280,W2,SKU_A,3662,0,0,826
280,W2,SKU_B,427,0,0,250
280,W2,SKU_C,1585,0,0,407
280,W2,SKU_D,286,0,0,409
280,W2,SKU_E,1109,0,0,309
280,R1,SKU_A,274,0,0,346
280,R1,SKU_B,243,0,0,173
280,R1,SKU_C,645,0,0,249
280,R1,SKU_D,128,0,0,178
280,R1,SKU_E,44,0,0,126
280,R2,SKU_A,1080,0,0,261
280,R2,SKU_B,512,0,0,146
280,R2,SKU_C,744,0,0,115
280,R2,SKU_D,89,0,0,154
280,R2,SKU_E,418,0,0,126
280,R3,SKU_A,877,0,0,429
280,R3,SKU_B,469,0,0,146
280,R3,SKU_C,737,0,0,208
280,R3,SKU_D,499,0,0,207
280,R3,SKU_E,772,0,0,133
281,Supplier,SKU_A,0,0,0,0
281,Supplier,SKU_B,0,0,0,0
281,Supplier,SKU_C,0,0,0,0
281,Supplier,SKU_D,0,0,0,0
281,Supplier,SKU_E,0,0,0,0
281,W1,SKU_A,139,0,0,1158
281,W1,SKU_B,586,0,0,521
281,W1,SKU_C,216,0,0,617
281,W1,SKU_D,0,0,205,560
281,W1,SKU_E,1643,0,0,428
281,W2,SKU_A,3467,0,0,826
281,W2,SKU_B,372,0,0,250
281,W2,SKU_C,1456,0,0,407
281,W2,SKU_D,164,0,0,409
281,W2,SKU_E,1030,0,0,309
281,R1,SKU_A,164,0,0,346
281,R1,SKU_B,192,0,0,173
281,R1,SKU_C,586,0,0,249
281,R1,SKU_D,80,0,0,178
281,R1,SKU_E,10,0,0,126
281,R2,SKU_A,995,0,0,261
281,R2,SKU_B,460,0,0,146
281,R2,SKU_C,711,0,0,115
281,R2,SKU_D,41,0,0,154
281,R2,SKU_E,375,0,0,126
281,R3,SKU_A,696,0,0,429
281,R3,SKU_B,430,0,0,146
281,R3,SKU_C,637,0,0,208
281,R3,SKU_D,412,0,0,207
281,R3,SKU_E,714,0,0,133
282,Supplier,SKU_A,0,0,0,0
282,Supplier,SKU_B,0,0,0,0
282,Supplier,SKU_C,0,0,0,0
282,Supplier,SKU_D,0,0,0,0
282,Supplier,SKU_E,0,0,0,0
282,W1,SKU_A,0,0,56,1158
282,W1,SKU_B,483,0,0,521
282,W1,SKU_C,124,0,0,617
282,W1,SKU_D,0,0,301,560
282,W1,SKU_E,1566,0,0,428
282,W2,SKU_A,3286,0,0,826
282,W2,SKU_B,333,0,0,250
282,W2,SKU_C,1356,0,0,407
282,W2,SKU_D,77,0,0,409
282,W2,SKU_E,972,0,0,309
282,R1,SKU_A,421,0,0,0
282,R1,SKU_B,326,0,0,0
282,R1,SKU_C,773,0,0,0
282,R1,SKU_D,215,0,0,0
282,R1,SKU_E,103,0,0,0
282,R2,SKU_A,907,0,0,261
282,R2,SKU_B,426,0,0,146
282,R2,SKU_C,679,0,0,115
282,R2,SKU_D,0,4,0,154
282,R2,SKU_E,333,0,0,126
282,R3,SKU_A,552,0,0,984
282,R3,SKU_B,393,0,0,312
282,R3,SKU_C,554,0,0,577
282,R3,SKU_D,342,0,0,556
282,R3,SKU_E,649,0,0,349
283,Supplier,SKU_A,0,0,0,0
283,Supplier,SKU_B,0,0,0,0
283,Supplier,SKU_C,0,0,0,0
283,Supplier,SKU_D,0,0,0,0
283,Supplier,SKU_E,0,0,0,0
283,W1,SKU_A,318,0,0,607
283,W1,SKU_B,612,0,0,319
283,W1,SKU_C,283,0,0,364
283,W1,SKU_D,0,0,162,333
283,W1,SKU_E,1667,0,0,252
283,W2,SKU_A,3539,0,0,984
283,W2,SKU_B,400,0,0,312
283,W2,SKU_C,1472,0,0,577
283,W2,SKU_D,209,0,0,556
283,W2,SKU_E,1083,0,0,349
283,R1,SKU_A,299,0,0,345
283,R1,SKU_B,287,0,0,153
283,R1,SKU_C,710,0,0,241
283,R1,SKU_D,151,0,0,175
283,R1,SKU_E,64,0,0,123
283,R2,SKU_A,1072,0,0,269
283,R2,SKU_B,523,0,0,151
283,R2,SKU_C,762,0,0,108
283,R2,SKU_D,113,0,0,52
283,R2,SKU_E,412,0,0,131
283,R3,SKU_A,816,0,0,555
283,R3,SKU_B,491,0,0,166
283,R3,SKU_C,683,0,0,369
283,R3,SKU_D,445,0,0,349
283,R3,SKU_E,722,0,0,216
284,Supplier,SKU_A,0,0,0,0
284,Supplier,SKU_B,0,0,0,0
284,Supplier,SKU_C,0,0,0,0
284,Supplier,SKU_D,0,0,0,0
284,Supplier,SKU_E,0,0,0,0
284,W1,SKU_A,100,0,0,1221
284,W1,SKU_B,524,0,0,623
284,W1,SKU_C,188,0,0,713
284,W1,SKU_D,0,0,263,645
284,W1,SKU_E,1581,0,0,506
284,W2,SKU_A,3374,0,0,984
284,W2,SKU_B,352,0,0,312
284,W2,SKU_C,1393,0,0,577
284,W2,SKU_D,105,0,0,556
284,W2,SKU_E,1023,0,0,349
284,R1,SKU_A,193,0,0,345
284,R1,SKU_B,243,0,0,153
284,R1,SKU_C,633,0,0,241
284,R1,SKU_D,103,0,0,175
284,R1,SKU_E,33,0,0,123
284,R2,SKU_A,994,0,0,269
284,R2,SKU_B,481,0,0,151
284,R2,SKU_C,727,0,0,108
284,R2,SKU_D,69,0,0,52
284,R2,SKU_E,356,0,0,131
284,R3,SKU_A,675,0,0,555
284,R3,SKU_B,446,0,0,166
284,R3,SKU_C,601,0,0,369
284,R3,SKU_D,367,0,0,349
284,R3,SKU_E,663,0,0,216
285,Supplier,SKU_A,0,0,0,0
285,Supplier,SKU_B,0,0,0,0
285,Supplier,SKU_C,0,0,0,0
285,Supplier,SKU_D,0,0,0,0
285,Supplier,SKU_E,0,0,0,0
285,W1,SKU_A,0,0,84,1221
285,W1,SKU_B,438,0,0,623
285,W1,SKU_C,76,0,0,713
285,W1,SKU_D,0,0,355,645
285,W1,SKU_E,1494,0,0,506
285,W2,SKU_A,3233,0,0,984
285,W2,SKU_B,307,0,0,312
285,W2,SKU_C,1311,0,0,577
285,W2,SKU_D,27,0,0,556
285,W2,SKU_E,964,0,0,349
285,R1,SKU_A,434,0,0,0
285,R1,SKU_B,352,0,0,0
285,R1,SKU_C,789,0,0,0
285,R1,SKU_D,216,0,0,0
285,R1,SKU_E,124,0,0,0
285,R2,SKU_A,919,0,0,269
285,R2,SKU_B,416,0,0,151
285,R2,SKU_C,690,0,0,108
285,R2,SKU_D,6,0,0,52
285,R2,SKU_E,307,0,0,131
285,R3,SKU_A,490,0,0,1005
285,R3,SKU_B,409,0,0,296
285,R3,SKU_C,484,0,0,613
285,R3,SKU_D,260,0,0,601
285,R3,SKU_E,599,0,0,400
286,Supplier,SKU_A,0,0,0,0
286,Supplier,SKU_B,0,0,0,0
286,Supplier,SKU_C,0,0,0,0
286,Supplier,SKU_D,0,0,0,0
286,Supplier,SKU_E,0,0,0,0
286,W1,SKU_A,344,0,0,614
286,W1,SKU_B,648,0,0,304
286,W1,SKU_C,318,0,0,349
286,W1,SKU_D,0,0,147,312
286,W1,SKU_E,1665,0,0,254
286,W2,SKU_A,3477,0,0,1005
286,W2,SKU_B,416,0,0,296
286,W2,SKU_C,1402,0,0,613
286,W2,SKU_D,127,0,0,601
286,W2,SKU_E,1033,0,0,400
286,R1,SKU_A,261,0,0,332
286,R1,SKU_B,260,0,0,127
286,R1,SKU_C,661,0,0,225
286,R1,SKU_D,143,0,0,174
286,R1,SKU_E,60,0,0,102
286,R2,SKU_A,1074,0,0,249
286,R2,SKU_B,505,0,0,156
286,R2,SKU_C,759,0,0,104
286,R2,SKU_D,15,0,0,159
286,R2,SKU_E,393,0,0,152
286,R3,SKU_A,815,0,0,450
286,R3,SKU_B,525,0,0,130
286,R3,SKU_C,706,0,0,244
286,R3,SKU_D,468,0,0,252
286,R3,SKU_E,729,0,0,184
287,Supplier,SKU_A,0,0,0,0
287,Supplier,SKU_B,0,0,0,0
287,Supplier,SKU_C,0,0,0,0
287,Supplier,SKU_D,0,0,0,0
287,Supplier,SKU_E,0,0,0,0
287,W1,SKU_A,57,0,0,1195
287,W1,SKU_B,494,0,0,587
287,W1,SKU_C,151,0,0,678
287,W1,SKU_D,0,0,263,630
287,W1,SKU_E,1556,0,0,508
287,W2,SKU_A,3247,0,0,1005
287,W2,SKU_B,366,0,0,296
287,W2,SKU_C,1255,0,0,613
287,W2,SKU_D,0,0,14,601
287,W2,SKU_E,947,0,0,400
287,R1,SKU_A,116,0,0,332
287,R1,SKU_B,182,0,0,127
287,R1,SKU_C,562,0,0,225
287,R1,SKU_D,88,0,0,174
287,R1,SKU_E,7,0,0,102
287,R2,SKU_A,962,0,0,249
287,R2,SKU_B,437,0,0,156
287,R2,SKU_C,708,0,0,104
287,R2,SKU_D,0,33,0,159
287,R2,SKU_E,355,0,0,152
287,R3,SKU_A,608,0,0,450
287,R3,SKU_B,469,0,0,130
287,R3,SKU_C,579,0,0,244
287,R3,SKU_D,347,0,0,252
287,R3,SKU_E,628,0,0,184
288,Supplier,SKU_A,0,0,0,0
288,Supplier,SKU_B,0,0,0,0
288,Supplier,SKU_C,0,0,0,0
288,Supplier,SKU_D,0,0,0,0
288,Supplier,SKU_E,0,0,0,0
288,W1,SKU_A,0,0,200,1195
288,W1,SKU_B,348,0,0,587
288,W1,SKU_C,1,0,0,678
288,W1,SKU_D,0,0,366,630
288,W1,SKU_E,1465,0,0,508
288,W2,SKU_A,3040,0,0,1005
288,W2,SKU_B,310,0,0,296
288,W2,SKU_C,1128,0,0,613
288,W2,SKU_D,0,0,135,601
288,W2,SKU_E,846,0,0,400
288,R1,SKU_A,344,0,0,0
288,R1,SKU_B,262,0,0,0
288,R1,SKU_C,716,0,0,0
288,R1,SKU_D,210,0,0,0
288,R1,SKU_E,76,0,0,0
288,R2,SKU_A,871,0,0,249
288,R2,SKU_B,376,0,0,156
288,R2,SKU_C,661,0,0,104
288,R2,SKU_D,0,77,0,159
288,R2,SKU_E,313,0,0,152
288,R3,SKU_A,450,0,0,1072
288,R3,SKU_B,430,0,0,273
288,R3,SKU_C,499,0,0,635
288,R3,SKU_D,264,0,0,486
288,R3,SKU_E,559,0,0,435
289,Supplier,SKU_A,0,0,0,0
289,Supplier,SKU_B,0,0,0,0
289,Supplier,SKU_C,0,0,0,0
289,Supplier,SKU_D,0,0,0,0
289,Supplier,SKU_E,0,0,0,0
289,W1,SKU_A,219,0,0,581
289,W1,SKU_B,544,0,0,283
289,W1,SKU_C,232,0,0,329
289,W1,SKU_D,0,0,150,318
289,W1,SKU_E,1644,0,0,254
289,W2,SKU_A,3437,0,0,1072
289,W2,SKU_B,437,0,0,273
289,W2,SKU_C,1417,0,0,635
289,W2,SKU_D,131,0,0,621
289,W2,SKU_E,993,0,0,435
289,R1,SKU_A,246,0,0,422
289,R1,SKU_B,221,0,0,217
289,R1,SKU_C,622,0,0,298
289,R1,SKU_D,169,0,0,180
289,R1,SKU_E,45,0,0,150
289,R2,SKU_A,1032,0,0,317
289,R2,SKU_B,482,0,0,191
289,R2,SKU_C,729,0,0,137
289,R2,SKU_D,27,0,0,132
289,R2,SKU_E,425,0,0,125
289,R3,SKU_A,730,0,0,622
289,R3,SKU_B,502,0,0,143
289,R3,SKU_C,645,0,0,391
289,R3,SKU_D,437,0,0,234
289,R3,SKU_E,675,0,0,251
290,Supplier,SKU_A,0,0,0,0
290,Supplier,SKU_B,0,0,0,0
290,Supplier,SKU_C,0,0,0,0
290,Supplier,SKU_D,0,0,0,0
290,Supplier,SKU_E,0,0,0,0
290,W1,SKU_A,33,0,0,1320
290,W1,SKU_B,453,0,0,691
290,W1,SKU_C,102,0,0,764
290,W1,SKU_D,0,0,246,633
290,W1,SKU_E,1573,0,0,529
290,W2,SKU_A,3267,0,0,1072
290,W2,SKU_B,379,0,0,273
290,W2,SKU_C,1319,0,0,635
290,W2,SKU_D,52,0,0,621
290,W2,SKU_E,925,0,0,435
290,R1,SKU_A,126,0,0,422
290,R1,SKU_B,168,0,0,217
290,R1,SKU_C,525,0,0,298
290,R1,SKU_D,118,0,0,180
290,R1,SKU_E,0,4,0,150
290,R2,SKU_A,929,0,0,317
290,R2,SKU_B,421,0,0,191
290,R2,SKU_C,677,0,0,137
290,R2,SKU_D,0,24,0,132
290,R2,SKU_E,348,0,0,125
290,R3,SKU_A,555,0,0,622
290,R3,SKU_B,438,0,0,143
290,R3,SKU_C,510,0,0,391
290,R3,SKU_D,323,0,0,234
290,R3,SKU_E,583,0,0,251
291,Supplier,SKU_A,0,0,0,0
291,Supplier,SKU_B,0,0,0,0
291,Supplier,SKU_C,0,0,0,0
291,Supplier,SKU_D,0,0,0,0
291,Supplier,SKU_E,0,0,0,0
291,W1,SKU_A,0,0,190,1320
291,W1,SKU_B,339,0,0,691
291,W1,SKU_C,0,0,47,764
291,W1,SKU_D,0,0,348,633
291,W1,SKU_E,1447,0,0,529
291,W2,SKU_A,3092,0,0,1072
291,W2,SKU_B,315,0,0,273
291,W2,SKU_C,1184,0,0,635
291,W2,SKU_D,0,0,62,621
291,W2,SKU_E,833,0,0,435
291,R1,SKU_A,387,0,0,0
291,R1,SKU_B,321,0,0,0
291,R1,SKU_C,708,0,0,0
291,R1,SKU_D,227,0,0,0
291,R1,SKU_E,86,0,0,0
291,R2,SKU_A,822,0,0,317
291,R2,SKU_B,380,0,0,191
291,R2,SKU_C,627,0,0,137
291,R2,SKU_D,0,81,0,132
291,R2,SKU_E,273,0,0,125
291,R3,SKU_A,305,0,0,1125
291,R3,SKU_B,366,0,0,304
291,R3,SKU_C,367,0,0,704
291,R3,SKU_D,188,0,0,583
291,R3,SKU_E,476,0,0,480
292,Supplier,SKU_A,0,0,0,0
292,Supplier,SKU_B,0,0,0,0
292,Supplier,SKU_C,0,0,0,0
292,Supplier,SKU_D,0,0,0,0
292,Supplier,SKU_E,0,0,0,0
292,W1,SKU_A,123,0,0,739
292,W1,SKU_B,517,0,0,408
292,W1,SKU_C,117,0,0,435
292,W1,SKU_D,0,0,158,315
292,W1,SKU_E,1566,0,0,275
292,W2,SKU_A,3292,0,0,1125
292,W2,SKU_B,373,0,0,304
292,W2,SKU_C,1285,0,0,704
292,W2,SKU_D,55,0,0,645
292,W2,SKU_E,910,0,0,480
292,R1,SKU_A,228,0,0,379
292,R1,SKU_B,262,0,0,158
292,R1,SKU_C,606,0,0,306
292,R1,SKU_D,177,0,0,163
292,R1,SKU_E,43,0,0,140
292,R2,SKU_A,1045,0,0,298
292,R2,SKU_B,517,0,0,152
292,R2,SKU_C,714,0,0,138
292,R2,SKU_D,9,0,0,155
292,R2,SKU_E,334,0,0,192
292,R3,SKU_A,676,0,0,503
292,R3,SKU_B,434,0,0,161
292,R3,SKU_C,580,0,0,313
292,R3,SKU_D,304,0,0,349
292,R3,SKU_E,627,0,0,229
293,Supplier,SKU_A,0,0,0,0
293,Supplier,SKU_B,0,0,0,0
293,Supplier,SKU_C,0,0,0,0
293,Supplier,SKU_D,0,0,0,0
293,Supplier,SKU_E,0,0,0,0
293,W1,SKU_A,0,0,130,1416
293,W1,SKU_B,404,0,0,718
293,W1,SKU_C,0,0,35,879
293,W1,SKU_D,0,0,250,641
293,W1,SKU_E,1459,0,0,607
293,W2,SKU_A,3041,0,0,1125
293,W2,SKU_B,298,0,0,304
293,W2,SKU_C,1107,0,0,704
293,W2,SKU_D,0,0,63,645
293,W2,SKU_E,810,0,0,480
293,R1,SKU_A,22,0,0,379
293,R1,SKU_B,191,0,0,158
293,R1,SKU_C,453,0,0,306
293,R1,SKU_D,112,0,0,163
293,R1,SKU_E,0,24,0,140
293,R2,SKU_A,920,0,0,298
293,R2,SKU_B,452,0,0,152
293,R2,SKU_C,652,0,0,138
293,R2,SKU_D,0,57,0,155
293,R2,SKU_E,259,0,0,192
293,R3,SKU_A,371,0,0,503
293,R3,SKU_B,380,0,0,161
293,R3,SKU_C,418,0,0,313
293,R3,SKU_D,163,0,0,349
293,R3,SKU_E,526,0,0,229
294,Supplier,SKU_A,0,0,0,0
294,Supplier,SKU_B,0,0,0,0
294,Supplier,SKU_C,0,0,0,0
294,Supplier,SKU_D,0,0,0,0
294,Supplier,SKU_E,0,0,0,0
294,W1,SKU_A,0,0,461,1416
294,W1,SKU_B,268,0,0,718
294,W1,SKU_C,0,0,250,879
294,W1,SKU_D,0,0,381,641
294,W1,SKU_E,1317,0,0,607
294,W2,SKU_A,2736,0,0,1626
294,W2,SKU_B,244,0,0,451
294,W2,SKU_C,945,0,0,1025
294,W2,SKU_D,0,0,204,898
294,W2,SKU_E,709,0,0,687
294,R1,SKU_A,210,0,0,0
294,R1,SKU_B,275,0,0,0
294,R1,SKU_C,620,0,0,0
294,R1,SKU_D,186,0,0,0
294,R1,SKU_E,67,0,0,0
294,R2,SKU_A,801,0,0,298
294,R2,SKU_B,399,0,0,152
294,R2,SKU_C,598,0,0,138
294,R2,SKU_D,0,104,0,155
294,R2,SKU_E,187,0,0,192
294,R3,SKU_A,146,0,0,1309
294,R3,SKU_B,294,0,0,362
294,R3,SKU_C,247,0,0,796
294,R3,SKU_D,34,0,0,601
294,R3,SKU_E,405,0,0,537
295,Supplier,SKU_A,0,0,0,0
295,Supplier,SKU_B,0,0,0,0
295,Supplier,SKU_C,0,0,0,0
295,Supplier,SKU_D,0,0,0,0
295,Supplier,SKU_E,0,0,0,0
295,W1,SKU_A,0,0,32,677
295,W1,SKU_B,549,0,0,310
295,W1,SKU_C,0,0,8,444
295,W1,SKU_D,0,0,202,326
295,W1,SKU_E,1471,0,0,332
295,W2,SKU_A,3133,0,0,1004
295,W2,SKU_B,301,0,0,308
295,W2,SKU_C,1165,0,0,634
295,W2,SKU_D,36,0,0,529
295,W2,SKU_E,839,0,0,436
295,R1,SKU_A,59,0,0,556
295,R1,SKU_B,195,0,0,204
295,R1,SKU_C,508,0,0,394
295,R1,SKU_D,121,0,0,204
295,R1,SKU_E,16,0,0,159
295,R2,SKU_A,982,0,0,306
295,R2,SKU_B,479,0,0,172
295,R2,SKU_C,694,0,0,158
295,R2,SKU_D,0,23,0,111
295,R2,SKU_E,330,0,0,211
295,R3,SKU_A,461,0,0,806
295,R3,SKU_B,391,0,0,201
295,R3,SKU_C,421,0,0,483
295,R3,SKU_D,292,0,0,252
295,R3,SKU_E,527,0,0,308
296,Supplier,SKU_A,0,0,0,0
296,Supplier,SKU_B,0,0,0,0
296,Supplier,SKU_C,0,0,0,0
296,Supplier,SKU_D,0,0,0,0
296,Supplier,SKU_E,0,0,0,0
296,W1,SKU_A,0,0,300,1571
296,W1,SKU_B,397,0,0,686
296,W1,SKU_C,0,0,162,1004
296,W1,SKU_D,0,0,341,685
296,W1,SKU_E,1371,0,0,702
296,W2,SKU_A,2945,0,0,1534
296,W2,SKU_B,237,0,0,448
296,W2,SKU_C,1026,0,0,967
296,W2,SKU_D,0,0,55,799
296,W2,SKU_E,732,0,0,658
296,R1,SKU_A,0,58,0,556
296,R1,SKU_B,153,0,0,204
296,R1,SKU_C,430,0,0,394
296,R1,SKU_D,60,0,0,204
296,R1,SKU_E,0,17,0,159
296,R2,SKU_A,892,0,0,306
296,R2,SKU_B,420,0,0,172
296,R2,SKU_C,642,0,0,158
296,R2,SKU_D,0,68,0,111
296,R2,SKU_E,285,0,0,211
296,R3,SKU_A,286,0,0,806
296,R3,SKU_B,335,0,0,201
296,R3,SKU_C,297,0,0,483
296,R3,SKU_D,188,0,0,252
296,R3,SKU_E,441,0,0,308
297,Supplier,SKU_A,0,0,0,0
297,Supplier,SKU_B,0,0,0,0
297,Supplier,SKU_C,0,0,0,0
297,Supplier,SKU_D,0,0,0,0
297,Supplier,SKU_E,0,0,0,0
297,W1,SKU_A,0,0,507,1571
297,W1,SKU_B,296,0,0,686
297,W1,SKU_C,0,0,292,1004
297,W1,SKU_D,0,0,447,685
297,W1,SKU_E,1293,0,0,702
297,W2,SKU_A,2770,0,0,1534
297,W2,SKU_B,181,0,0,448
297,W2,SKU_C,902,0,0,967
297,W2,SKU_D,0,0,159,799
297,W2,SKU_E,646,0,0,658
297,R1,SKU_A,372,0,0,0
297,R1,SKU_B,311,0,0,0
297,R1,SKU_C,728,0,0,0
297,R1,SKU_D,208,0,0,0
297,R1,SKU_E,105,0,0,0
297,R2,SKU_A,800,0,0,306
297,R2,SKU_B,373,0,0,172
297,R2,SKU_C,606,0,0,158
297,R2,SKU_D,0,124,0,111
297,R2,SKU_E,240,0,0,211
297,R3,SKU_A,142,0,0,1394
297,R3,SKU_B,284,0,0,407
297,R3,SKU_C,204,0,0,917
297,R3,SKU_D,115,0,0,621
297,R3,SKU_E,372,0,0,622
298,Supplier,SKU_A,0,0,0,0
298,Supplier,SKU_B,0,0,0,0
298,Supplier,SKU_C,0,0,0,0
298,Supplier,SKU_D,0,0,0,0
298,Supplier,SKU_E,0,0,0,0
298,W1,SKU_A,0,0,48,894
298,W1,SKU_B,513,0,0,376
298,W1,SKU_C,20,0,0,560
298,W1,SKU_D,0,0,233,359
298,W1,SKU_E,1543,0,0,370
298,W2,SKU_A,3129,0,0,1031
298,W2,SKU_B,291,0,0,287
298,W2,SKU_C,1122,0,0,654
298,W2,SKU_D,44,0,0,523
298,W2,SKU_E,806,0,0,429
298,R1,SKU_A,252,0,0,394
298,R1,SKU_B,262,0,0,168
298,R1,SKU_C,640,0,0,286
298,R1,SKU_D,167,0,0,182
298,R1,SKU_E,56,0,0,121
298,R2,SKU_A,1041,0,0,283
298,R2,SKU_B,512,0,0,178
298,R2,SKU_C,728,0,0,138
298,R2,SKU_D,0,51,0,144
298,R2,SKU_E,401,0,0,139
298,R3,SKU_A,829,0,0,588
298,R3,SKU_B,421,0,0,206
298,R3,SKU_C,578,0,0,434
298,R3,SKU_D,274,0,0,369
298,R3,SKU_E,579,0,0,314
299,Supplier,SKU_A,0,0,0,0
299,Supplier,SKU_B,0,0,0,0
299,Supplier,SKU_C,0,0,0,0
299,Supplier,SKU_D,0,0,0,0
299,Supplier,SKU_E,0,0,0,0
299,W1,SKU_A,0,0,233,1587
299,W1,SKU_B,431,0,0,722
299,W1,SKU_C,0,0,104,976
299,W1,SKU_D,0,0,312,716
299,W1,SKU_E,1444,0,0,630
299,W2,SKU_A,3010,0,0,1538
299,W2,SKU_B,227,0,0,458
299,W2,SKU_C,1013,0,0,1010
299,W2,SKU_D,0,0,49,791
299,W2,SKU_E,705,0,0,691
299,R1,SKU_A,124,0,0,394
299,R1,SKU_B,204,0,0,168
299,R1,SKU_C,520,0,0,286
299,R1,SKU_D,112,0,0,182
299,R1,SKU_E,15,0,0,121
299,R2,SKU_A,966,0,0,283
299,R2,SKU_B,468,0,0,178
299,R2,SKU_C,690,0,0,138
299,R2,SKU_D,0,103,0,144
299,R2,SKU_E,355,0,0,139
299,R3,SKU_A,630,0,0,588
299,R3,SKU_B,343,0,0,206
299,R3,SKU_C,469,0,0,434
299,R3,SKU_D,140,0,0,369
299,R3,SKU_E,481,0,0,314
300,Supplier,SKU_A,0,0,0,0
300,Supplier,SKU_B,0,0,0,0
300,Supplier,SKU_C,0,0,0,0
300,Supplier,SKU_D,0,0,0,0
300,Supplier,SKU_E,0,0,0,0
300,W1,SKU_A,0,0,436,1587
300,W1,SKU_B,329,0,0,722
300,W1,SKU_C,0,0,262,976
300,W1,SKU_D,0,0,419,716
300,W1,SKU_E,1357,0,0,630
300,W2,SKU_A,3312,0,0,1037
300,W2,SKU_B,296,0,0,311
300,W2,SKU_C,1225,0,0,689
300,W2,SKU_D,70,0,0,538
300,W2,SKU_E,814,0,0,484
300,R1,SKU_A,359,0,0,0
300,R1,SKU_B,289,0,0,0
300,R1,SKU_C,654,0,0,0
300,R1,SKU_D,210,0,0,0
300,R1,SKU_E,70,0,0,0
300,R2,SKU_A,855,0,0,283
300,R2,SKU_B,422,0,0,178
300,R2,SKU_C,634,0,0,138
300,R2,SKU_D,0,159,0,144
300,R2,SKU_E,305,0,0,139
300,R3,SKU_A,358,0,0,1050
300,R3,SKU_B,247,0,0,399
300,R3,SKU_C,252,0,0,745
300,R3,SKU_D,0,32,0,828
300,R3,SKU_E,376,0,0,582
301,Supplier,SKU_A,0,0,0,0
301,Supplier,SKU_B,0,0,0,0
301,Supplier,SKU_C,0,0,0,0
301,Supplier,SKU_D,0,0,0,0
301,Supplier,SKU_E,0,0,0,0
301,W1,SKU_A,188,0,0,693
301,W1,SKU_B,576,0,0,346
301,W1,SKU_C,90,0,0,416
301,W1,SKU_D,0,0,200,357
301,W1,SKU_E,1611,0,0,260
301,W2,SKU_A,3040,0,0,1037
301,W2,SKU_B,200,0,0,311
301,W2,SKU_C,1008,0,0,689
301,W2,SKU_D,0,0,102,538
301,W2,SKU_E,709,0,0,484
301,R1,SKU_A,176,0,0,407
301,R1,SKU_B,213,0,0,190
301,R1,SKU_C,525,0,0,360
301,R1,SKU_D,132,0,0,180
301,R1,SKU_E,20,0,0,156
301,R2,SKU_A,1049,0,0,299
301,R2,SKU_B,523,0,0,123
301,R2,SKU_C,706,0,0,130
301,R2,SKU_D,0,67,0,179
301,R2,SKU_E,389,0,0,146
301,R3,SKU_A,686,0,0,462
301,R3,SKU_B,405,0,0,193
301,R3,SKU_C,536,0,0,311
301,R3,SKU_D,216,0,0,459
301,R3,SKU_E,586,0,0,268
302,Supplier,SKU_A,0,0,0,0
302,Supplier,SKU_B,0,0,0,0
302,Supplier,SKU_C,0,0,0,0
302,Supplier,SKU_D,0,0,0,0
302,Supplier,SKU_E,0,0,0,0
302,W1,SKU_A,0,0,84,1351
302,W1,SKU_B,423,0,0,659
302,W1,SKU_C,0,0,105,906
302,W1,SKU_D,0,0,330,683
302,W1,SKU_E,1506,0,0,562
302,W2,SKU_A,3310,0,0,1097
302,W2,SKU_B,292,0,0,409
302,W2,SKU_C,1191,0,0,791
302,W2,SKU_D,47,0,0,667
302,W2,SKU_E,827,0,0,566
302,R1,SKU_A,74,0,0,407
302,R1,SKU_B,154,0,0,190
302,R1,SKU_C,445,0,0,360
302,R1,SKU_D,79,0,0,180
302,R1,SKU_E,0,19,0,156
302,R2,SKU_A,964,0,0,299
302,R2,SKU_B,477,0,0,123
302,R2,SKU_C,669,0,0,130
302,R2,SKU_D,0,113,0,179
302,R2,SKU_E,326,0,0,146
302,R3,SKU_A,537,0,0,462
302,R3,SKU_B,354,0,0,193
302,R3,SKU_C,464,0,0,311
302,R3,SKU_D,158,0,0,459
302,R3,SKU_E,505,0,0,268
303,Supplier,SKU_A,0,0,0,0
303,Supplier,SKU_B,0,0,0,0
303,Supplier,SKU_C,0,0,0,0
303,Supplier,SKU_D,0,0,0,0
303,Supplier,SKU_E,0,0,0,0
303,W1,SKU_A,0,0,271,1351
303,W1,SKU_B,318,0,0,659
303,W1,SKU_C,0,0,222,906
303,W1,SKU_D,0,0,429,683
303,W1,SKU_E,1404,0,0,562
303,W2,SKU_A,3161,0,0,1097
303,W2,SKU_B,241,0,0,409
303,W2,SKU_C,1119,0,0,791
303,W2,SKU_D,0,0,11,667
303,W2,SKU_E,746,0,0,566
303,R1,SKU_A,364,0,0,0
303,R1,SKU_B,301,0,0,0
303,R1,SKU_C,724,0,0,0
303,R1,SKU_D,209,0,0,0
303,R1,SKU_E,94,0,0,0
303,R2,SKU_A,892,0,0,299
303,R2,SKU_B,435,0,0,123
303,R2,SKU_C,627,0,0,130
303,R2,SKU_D,0,156,0,179
303,R2,SKU_E,273,0,0,146
303,R3,SKU_A,348,0,0,1143
303,R3,SKU_B,304,0,0,388
303,R3,SKU_C,388,0,0,750
303,R3,SKU_D,62,0,0,799
303,R3,SKU_E,446,0,0,558
304,Supplier,SKU_A,0,0,0,0
304,Supplier,SKU_B,0,0,0,0
304,Supplier,SKU_C,0,0,0,0
304,Supplier,SKU_D,0,0,0,0
304,Supplier,SKU_E,0,0,0,0
304,W1,SKU_A,233,0,0,658
304,W1,SKU_B,579,0,0,313
304,W1,SKU_C,71,0,0,490
304,W1,SKU_D,0,0,165,326
304,W1,SKU_E,1568,0,0,302
304,W2,SKU_A,2972,0,0,1097
304,W2,SKU_B,191,0,0,409
304,W2,SKU_C,1043,0,0,791
304,W2,SKU_D,0,0,107,667
304,W2,SKU_E,687,0,0,566
304,R1,SKU_A,255,0,0,402
304,R1,SKU_B,264,0,0,178
304,R1,SKU_C,665,0,0,290
304,R1,SKU_D,167,0,0,181
304,R1,SKU_E,64,0,0,132
304,R2,SKU_A,1127,0,0,246
304,R2,SKU_B,511,0,0,165
304,R2,SKU_C,723,0,0,145
304,R2,SKU_D,0,23,0,176
304,R2,SKU_E,359,0,0,171
304,R3,SKU_A,664,0,0,681
304,R3,SKU_B,434,0,0,195
304,R3,SKU_C,607,0,0,439
304,R3,SKU_D,446,0,0,340
304,R3,SKU_E,633,0,0,290
305,Supplier,SKU_A,0,0,0,0
305,Supplier,SKU_B,0,0,0,0
305,Supplier,SKU_C,0,0,0,0
305,Supplier,SKU_D,0,0,0,0
305,Supplier,SKU_E,0,0,0,0
305,W1,SKU_A,60,0,0,1306
305,W1,SKU_B,495,0,0,656
305,W1,SKU_C,0,0,22,925
305,W1,SKU_D,0,0,253,648
305,W1,SKU_E,1478,0,0,605
305,W2,SKU_A,3333,0,0,1188
305,W2,SKU_B,299,0,0,387
305,W2,SKU_C,1307,0,0,733
305,W2,SKU_D,86,0,0,674
305,W2,SKU_E,868,0,0,548
305,R1,SKU_A,117,0,0,402
305,R1,SKU_B,212,0,0,178
305,R1,SKU_C,592,0,0,290
305,R1,SKU_D,101,0,0,181
305,R1,SKU_E,16,0,0,132
305,R2,SKU_A,1039,0,0,246
305,R2,SKU_B,455,0,0,165
305,R2,SKU_C,676,0,0,145
305,R2,SKU_D,0,82,0,176
305,R2,SKU_E,311,0,0,171
305,R3,SKU_A,500,0,0,681
305,R3,SKU_B,360,0,0,195
305,R3,SKU_C,498,0,0,439
305,R3,SKU_D,350,0,0,340
305,R3,SKU_E,549,0,0,290
306,Supplier,SKU_A,0,0,0,0
306,Supplier,SKU_B,0,0,0,0
306,Supplier,SKU_C,0,0,0,0
306,Supplier,SKU_D,0,0,0,0
306,Supplier,SKU_E,0,0,0,0
306,W1,SKU_A,0,0,166,1306
306,W1,SKU_B,387,0,0,656
306,W1,SKU_C,0,0,142,925
306,W1,SKU_D,0,0,378,648
306,W1,SKU_E,1382,0,0,605
306,W2,SKU_A,3169,0,0,1188
306,W2,SKU_B,225,0,0,387
306,W2,SKU_C,1198,0,0,733
306,W2,SKU_D,0,0,10,674
306,W2,SKU_E,784,0,0,548
306,R1,SKU_A,385,0,0,0
306,R1,SKU_B,330,0,0,0
306,R1,SKU_C,797,0,0,0
306,R1,SKU_D,226,0,0,0
306,R1,SKU_E,95,0,0,0
306,R2,SKU_A,958,0,0,246
306,R2,SKU_B,402,0,0,165
306,R2,SKU_C,639,0,0,145
306,R2,SKU_D,0,129,0,176
306,R2,SKU_E,260,0,0,171
306,R3,SKU_A,342,0,0,1180
306,R3,SKU_B,300,0,0,382
306,R3,SKU_C,390,0,0,716
306,R3,SKU_D,234,0,0,608
306,R3,SKU_E,448,0,0,514
307,Supplier,SKU_A,0,0,0,0
307,Supplier,SKU_B,0,0,0,0
307,Supplier,SKU_C,0,0,0,0
307,Supplier,SKU_D,0,0,0,0
307,Supplier,SKU_E,0,0,0,0
307,W1,SKU_A,277,0,0,648
307,W1,SKU_B,587,0,0,343
307,W1,SKU_C,226,0,0,435
307,W1,SKU_D,0,0,155,322
307,W1,SKU_E,1580,0,0,303
307,W2,SKU_A,3011,0,0,1188
307,W2,SKU_B,165,0,0,387
307,W2,SKU_C,1090,0,0,733
307,W2,SKU_D,0,0,126,674
307,W2,SKU_E,683,0,0,548
307,R1,SKU_A,216,0,0,381
307,R1,SKU_B,234,0,0,149
307,R1,SKU_C,651,0,0,217
307,R1,SKU_D,142,0,0,164
307,R1,SKU_E,43,0,0,131
307,R2,SKU_A,1087,0,0,233
307,R2,SKU_B,502,0,0,156
307,R2,SKU_C,724,0,0,118
307,R2,SKU_D,0,25,0,162
307,R2,SKU_E,372,0,0,159
307,R3,SKU_A,764,0,0,499
307,R3,SKU_B,434,0,0,187
307,R3,SKU_C,693,0,0,277
307,R3,SKU_D,442,0,0,268
307,R3,SKU_E,609,0,0,224
308,Supplier,SKU_A,0,0,0,0
308,Supplier,SKU_B,0,0,0,0
308,Supplier,SKU_C,0,0,0,0
308,Supplier,SKU_D,0,0,0,0
308,Supplier,SKU_E,0,0,0,0
308,W1,SKU_A,0,0,9,1262
308,W1,SKU_B,426,0,0,648
308,W1,SKU_C,20,0,0,770
308,W1,SKU_D,0,0,311,638
308,W1,SKU_E,1469,0,0,593
308,W2,SKU_A,3342,0,0,1066
308,W2,SKU_B,342,0,0,346
308,W2,SKU_C,1389,0,0,607
308,W2,SKU_D,141,0,0,562
308,W2,SKU_E,858,0,0,510
308,R1,SKU_A,50,0,0,381
308,R1,SKU_B,128,0,0,149
308,R1,SKU_C,506,0,0,217
308,R1,SKU_D,56,0,0,164
308,R1,SKU_E,0,19,0,131
308,R2,SKU_A,978,0,0,233
308,R2,SKU_B,441,0,0,156
308,R2,SKU_C,674,0,0,118
308,R2,SKU_D,0,77,0,162
308,R2,SKU_E,328,0,0,159
308,R3,SKU_A,547,0,0,499
308,R3,SKU_B,341,0,0,187
308,R3,SKU_C,570,0,0,277
308,R3,SKU_D,329,0,0,268
308,R3,SKU_E,493,0,0,224
309,Supplier,SKU_A,0,0,0,0
309,Supplier,SKU_B,0,0,0,0
309,Supplier,SKU_C,0,0,0,0
309,Supplier,SKU_D,0,0,0,0
309,Supplier,SKU_E,0,0,0,0
309,W1,SKU_A,0,0,284,1262
309,W1,SKU_B,259,0,0,648
309,W1,SKU_C,0,0,175,770
309,W1,SKU_D,0,0,449,638
309,W1,SKU_E,1363,0,0,593
309,W2,SKU_A,3125,0,0,1066
309,W2,SKU_B,249,0,0,346
309,W2,SKU_C,1266,0,0,607
309,W2,SKU_D,28,0,0,562
309,W2,SKU_E,742,0,0,510
309,R1,SKU_A,324,0,0,0
309,R1,SKU_B,215,0,0,0
309,R1,SKU_C,669,0,0,0
309,R1,SKU_D,176,0,0,0
309,R1,SKU_E,70,0,0,0
309,R2,SKU_A,895,0,0,233
309,R2,SKU_B,389,0,0,156
309,R2,SKU_C,631,0,0,118
309,R2,SKU_D,0,128,0,162
309,R2,SKU_E,288,0,0,159
309,R3,SKU_A,378,0,0,1133
309,R3,SKU_B,277,0,0,401
309,R3,SKU_C,460,0,0,644
309,R3,SKU_D,247,0,0,639
309,R3,SKU_E,418,0,0,570
310,Supplier,SKU_A,0,0,0,0
310,Supplier,SKU_B,0,0,0,0
310,Supplier,SKU_C,0,0,0,0
310,Supplier,SKU_D,0,0,0,0
310,Supplier,SKU_E,0,0,0,0
310,W1,SKU_A,174,0,0,614
310,W1,SKU_B,488,0,0,305
310,W1,SKU_C,163,0,0,335
310,W1,SKU_D,0,0,222,316
310,W1,SKU_E,1584,0,0,290
310,W2,SKU_A,2956,0,0,1542
310,W2,SKU_B,185,0,0,500
310,W2,SKU_C,1156,0,0,866
310,W2,SKU_D,0,0,54,807
310,W2,SKU_E,667,0,0,755
310,R1,SKU_A,214,0,0,442
310,R1,SKU_B,174,0,0,264
310,R1,SKU_C,613,0,0,345
310,R1,SKU_D,137,0,0,214
310,R1,SKU_E,25,0,0,156
310,R2,SKU_A,1024,0,0,309
310,R2,SKU_B,488,0,0,178
310,R2,SKU_C,708,0,0,153
310,R2,SKU_D,0,20,0,108
310,R2,SKU_E,386,0,0,143
310,R3,SKU_A,698,0,0,634
310,R3,SKU_B,401,0,0,214
310,R3,SKU_C,642,0,0,367
310,R3,SKU_D,442,0,0,371
310,R3,SKU_E,552,0,0,346
311,Supplier,SKU_A,0,0,0,0
311,Supplier,SKU_B,0,0,0,0
311,Supplier,SKU_C,0,0,0,0
311,Supplier,SKU_D,0,0,0,0
311,Supplier,SKU_E,0,0,0,0
311,W1,SKU_A,0,0,40,1365
311,W1,SKU_B,390,0,0,747
311,W1,SKU_C,66,0,0,833
311,W1,SKU_D,0,0,315,705
311,W1,SKU_E,1478,0,0,589
311,W2,SKU_A,3375,0,0,944
311,W2,SKU_B,271,0,0,351
311,W2,SKU_C,1359,0,0,568
311,W2,SKU_D,148,0,0,532
311,W2,SKU_E,821,0,0,511
311,R1,SKU_A,83,0,0,442
311,R1,SKU_B,127,0,0,264
311,R1,SKU_C,542,0,0,345
311,R1,SKU_D,93,0,0,214
311,R1,SKU_E,0,16,0,156
311,R2,SKU_A,928,0,0,309
311,R2,SKU_B,454,0,0,178
311,R2,SKU_C,662,0,0,153
311,R2,SKU_D,0,69,0,108
311,R2,SKU_E,325,0,0,143
311,R3,SKU_A,543,0,0,634
311,R3,SKU_B,344,0,0,214
311,R3,SKU_C,560,0,0,367
311,R3,SKU_D,357,0,0,371
311,R3,SKU_E,476,0,0,346
312,Supplier,SKU_A,0,0,0,0
312,Supplier,SKU_B,0,0,0,0
312,Supplier,SKU_C,0,0,0,0
312,Supplier,SKU_D,0,0,0,0
312,Supplier,SKU_E,0,0,0,0
312,W1,SKU_A,0,0,267,1365
312,W1,SKU_B,309,0,0,747
312,W1,SKU_C,0,0,51,833
312,W1,SKU_D,0,0,408,705
312,W1,SKU_E,1376,0,0,589
312,W2,SKU_A,3220,0,0,944
312,W2,SKU_B,214,0,0,351
312,W2,SKU_C,1277,0,0,568
312,W2,SKU_D,63,0,0,532
312,W2,SKU_E,745,0,0,511
312,R1,SKU_A,388,0,0,0
312,R1,SKU_B,317,0,0,0
312,R1,SKU_C,795,0,0,0
312,R1,SKU_D,244,0,0,0
312,R1,SKU_E,87,0,0,0
312,R2,SKU_A,831,0,0,309
312,R2,SKU_B,411,0,0,178
312,R2,SKU_C,613,0,0,153
312,R2,SKU_D,0,122,0,108
312,R2,SKU_E,261,0,0,143
312,R3,SKU_A,351,0,0,1137
312,R3,SKU_B,253,0,0,398
312,R3,SKU_C,439,0,0,654
312,R3,SKU_D,267,0,0,611
312,R3,SKU_E,395,0,0,587
313,Supplier,SKU_A,0,0,0,0
313,Supplier,SKU_B,0,0,0,0
313,Supplier,SKU_C,0,0,0,0
313,Supplier,SKU_D,0,0,0,0
313,Supplier,SKU_E,0,0,0,0
313,W1,SKU_A,113,0,0,751
313,W1,SKU_B,497,0,0,442
313,W1,SKU_C,143,0,0,498
313,W1,SKU_D,0,0,208,389
313,W1,SKU_E,1549,0,0,299
313,W2,SKU_A,3028,0,0,1447
313,W2,SKU_B,123,0,0,535
313,W2,SKU_C,1156,0,0,855
313,W2,SKU_D,0,0,27,772
313,W2,SKU_E,664,0,0,752
313,R1,SKU_A,279,0,0,378
313,R1,SKU_B,252,0,0,162
313,R1,SKU_C,714,0,0,219
313,R1,SKU_D,186,0,0,146
313,R1,SKU_E,23,0,0,139
313,R2,SKU_A,1050,0,0,297
313,R2,SKU_B,552,0,0,134
313,R2,SKU_C,740,0,0,136
313,R2,SKU_D,0,68,0,170
313,R2,SKU_E,347,0,0,186
313,R3,SKU_A,800,0,0,503
313,R3,SKU_B,378,0,0,184
313,R3,SKU_C,707,0,0,287
313,R3,SKU_D,528,0,0,240
313,R3,SKU_E,640,0,0,241
314,Supplier,SKU_A,0,0,0,0
314,Supplier,SKU_B,0,0,0,0
314,Supplier,SKU_C,0,0,0,0
314,Supplier,SKU_D,0,0,0,0
314,Supplier,SKU_E,0,0,0,0
314,W1,SKU_A,0,0,86,1426
314,W1,SKU_B,395,0,0,738
314,W1,SKU_C,36,0,0,853
314,W1,SKU_D,0,0,320,691
314,W1,SKU_E,1428,0,0,624
314,W2,SKU_A,3311,0,0,979
314,W2,SKU_B,231,0,0,338
314,W2,SKU_C,1366,0,0,546
314,W2,SKU_D,150,0,0,485
314,W2,SKU_E,829,0,0,486
314,R1,SKU_A,119,0,0,378
314,R1,SKU_B,163,0,0,162
314,R1,SKU_C,594,0,0,219
314,R1,SKU_D,112,0,0,146
314,R1,SKU_E,0,39,0,139
314,R2,SKU_A,955,0,0,297
314,R2,SKU_B,483,0,0,134
314,R2,SKU_C,689,0,0,136
314,R2,SKU_D,0,150,0,170
314,R2,SKU_E,287,0,0,186
314,R3,SKU_A,598,0,0,503
314,R3,SKU_B,301,0,0,184
314,R3,SKU_C,569,0,0,287
314,R3,SKU_D,411,0,0,240
314,R3,SKU_E,513,0,0,241
315,Supplier,SKU_A,0,0,0,0
315,Supplier,SKU_B,0,0,0,0
315,Supplier,SKU_C,0,0,0,0
315,Supplier,SKU_D,0,0,0,0
315,Supplier,SKU_E,0,0,0,0
315,W1,SKU_A,0,0,341,1426
315,W1,SKU_B,237,0,0,738
315,W1,SKU_C,0,0,135,853
315,W1,SKU_D,0,0,476,691
315,W1,SKU_E,1306,0,0,624
315,W2,SKU_A,3109,0,0,979
315,W2,SKU_B,154,0,0,338
315,W2,SKU_C,1228,0,0,546
315,W2,SKU_D,33,0,0,485
315,W2,SKU_E,702,0,0,486
315,R1,SKU_A,313,0,0,0
315,R1,SKU_B,234,0,0,0
315,R1,SKU_C,666,0,0,0
315,R1,SKU_D,159,0,0,0
315,R1,SKU_E,34,0,0,0
315,R2,SKU_A,847,0,0,297
315,R2,SKU_B,427,0,0,134
315,R2,SKU_C,621,0,0,136
315,R2,SKU_D,0,208,0,170
315,R2,SKU_E,221,0,0,186
315,R3,SKU_A,375,0,0,1082
315,R3,SKU_B,237,0,0,441
315,R3,SKU_C,400,0,0,645
315,R3,SKU_D,321,0,0,557
315,R3,SKU_E,423,0,0,550
316,Supplier,SKU_A,0,0,0,0
316,Supplier,SKU_B,0,0,0,0
316,Supplier,SKU_C,0,0,0,0
316,Supplier,SKU_D,0,0,0,0
316,Supplier,SKU_E,0,0,0,0
316,W1,SKU_A,118,0,0,675
316,W1,SKU_B,532,0,0,296
316,W1,SKU_C,148,0,0,355
316,W1,SKU_D,0,0,244,302
316,W1,SKU_E,1473,0,0,325
316,W2,SKU_A,3362,0,0,1082
316,W2,SKU_B,244,0,0,441
316,W2,SKU_C,1318,0,0,645
316,W2,SKU_D,188,0,0,557
316,W2,SKU_E,857,0,0,550
316,R1,SKU_A,199,0,0,453
316,R1,SKU_B,190,0,0,245
316,R1,SKU_C,609,0,0,348
316,R1,SKU_D,104,0,0,231
316,R1,SKU_E,0,17,0,192
316,R2,SKU_A,1039,0,0,293
316,R2,SKU_B,510,0,0,162
316,R2,SKU_C,717,0,0,145
316,R2,SKU_D,0,89,0,158
316,R2,SKU_E,350,0,0,183
316,R3,SKU_A,714,0,0,579
316,R3,SKU_B,338,0,0,257
316,R3,SKU_C,601,0,0,358
316,R3,SKU_D,460,0,0,317
316,R3,SKU_E,578,0,0,309
317,Supplier,SKU_A,0,0,0,0
317,Supplier,SKU_B,0,0,0,0
317,Supplier,SKU_C,0,0,0,0
317,Supplier,SKU_D,0,0,0,0
317,Supplier,SKU_E,0,0,0,0
317,W1,SKU_A,0,0,101,1421
317,W1,SKU_B,437,0,0,703
317,W1,SKU_C,51,0,0,848
317,W1,SKU_D,0,0,350,727
317,W1,SKU_E,1365,0,0,700
317,W2,SKU_A,3198,0,0,1082
317,W2,SKU_B,161,0,0,441
317,W2,SKU_C,1232,0,0,645
317,W2,SKU_D,87,0,0,557
317,W2,SKU_E,771,0,0,550
317,R1,SKU_A,91,0,0,453
317,R1,SKU_B,142,0,0,245
317,R1,SKU_C,547,0,0,348
317,R1,SKU_D,46,0,0,231
317,R1,SKU_E,0,57,0,192
317,R2,SKU_A,949,0,0,293
317,R2,SKU_B,462,0,0,162
317,R2,SKU_C,667,0,0,145
317,R2,SKU_D,0,127,0,158
317,R2,SKU_E,291,0,0,183
317,R3,SKU_A,558,0,0,579
317,R3,SKU_B,277,0,0,257
317,R3,SKU_C,534,0,0,358
317,R3,SKU_D,395,0,0,317
317,R3,SKU_E,486,0,0,309
318,Supplier,SKU_A,0,0,0,0
318,Supplier,SKU_B,0,0,0,0
318,Supplier,SKU_C,0,0,0,0
318,Supplier,SKU_D,0,0,0,0
318,Supplier,SKU_E,0,0,0,0
318,W1,SKU_A,0,0,299,1421
318,W1,SKU_B,341,0,0,703
318,W1,SKU_C,0,0,61,848
318,W1,SKU_D,0,0,446,727
318,W1,SKU_E,1266,0,0,700
318,W2,SKU_A,3042,0,0,1082
318,W2,SKU_B,100,0,0,441
318,W2,SKU_C,1165,0,0,645
318,W2,SKU_D,22,0,0,557
318,W2,SKU_E,679,0,0,550
318,R1,SKU_A,428,0,0,0
318,R1,SKU_B,325,0,0,0
318,R1,SKU_C,829,0,0,0
318,R1,SKU_D,232,0,0,0
318,R1,SKU_E,93,0,0,0
318,R2,SKU_A,862,0,0,293
318,R2,SKU_B,406,0,0,162
318,R2,SKU_C,638,0,0,145
318,R2,SKU_D,0,172,0,158
318,R2,SKU_E,232,0,0,183
318,R3,SKU_A,394,0,0,1122
318,R3,SKU_B,210,0,0,465
318,R3,SKU_C,464,0,0,680
318,R3,SKU_D,324,0,0,573
318,R3,SKU_E,407,0,0,577
319,Supplier,SKU_A,0,0,0,0
319,Supplier,SKU_B,0,0,0,0
319,Supplier,SKU_C,0,0,0,0
319,Supplier,SKU_D,0,0,0,0
319,Supplier,SKU_E,0,0,0,0
319,W1,SKU_A,173,0,0,746
319,W1,SKU_B,519,0,0,407
319,W1,SKU_C,199,0,0,493
319,W1,SKU_D,0,0,234,425
319,W1,SKU_E,1490,0,0,375
319,W2,SKU_A,3381,0,0,1122
319,W2,SKU_B,217,0,0,465
319,W2,SKU_C,1382,0,0,680
319,W2,SKU_D,191,0,0,573
319,W2,SKU_E,841,0,0,577
319,R1,SKU_A,290,0,0,338
319,R1,SKU_B,268,0,0,154
319,R1,SKU_C,744,0,0,185
319,R1,SKU_D,168,0,0,158
319,R1,SKU_E,35,0,0,133
319,R2,SKU_A,1069,0,0,282
319,R2,SKU_B,525,0,0,155
319,R2,SKU_C,734,0,0,119
319,R2,SKU_D,0,44,0,144
319,R2,SKU_E,370,0,0,175
319,R3,SKU_A,795,0,0,543
319,R3,SKU_B,389,0,0,208
319,R3,SKU_C,732,0,0,322
319,R3,SKU_D,546,0,0,256
319,R3,SKU_E,625,0,0,268
320,Supplier,SKU_A,0,0,0,0
320,Supplier,SKU_B,0,0,0,0
320,Supplier,SKU_C,0,0,0,0
320,Supplier,SKU_D,0,0,0,0
320,Supplier,SKU_E,0,0,0,0
320,W1,SKU_A,0,0,51,1366
320,W1,SKU_B,419,0,0,716
320,W1,SKU_C,65,0,0,797
320,W1,SKU_D,0,0,328,717
320,W1,SKU_E,1387,0,0,683
320,W2,SKU_A,3203,0,0,1122
320,W2,SKU_B,139,0,0,465
320,W2,SKU_C,1292,0,0,680
320,W2,SKU_D,96,0,0,573
320,W2,SKU_E,750,0,0,577
320,R1,SKU_A,174,0,0,338
320,R1,SKU_B,198,0,0,154
320,R1,SKU_C,636,0,0,185
320,R1,SKU_D,113,0,0,158
320,R1,SKU_E,0,20,0,133
320,R2,SKU_A,990,0,0,282
320,R2,SKU_B,471,0,0,155
320,R2,SKU_C,699,0,0,119
320,R2,SKU_D,0,91,0,144
320,R2,SKU_E,327,0,0,175
320,R3,SKU_A,598,0,0,543
320,R3,SKU_B,305,0,0,208
320,R3,SKU_C,602,0,0,322
320,R3,SKU_D,459,0,0,256
320,R3,SKU_E,521,0,0,268
321,Supplier,SKU_A,0,0,0,0
321,Supplier,SKU_B,0,0,0,0
321,Supplier,SKU_C,0,0,0,0
321,Supplier,SKU_D,0,0,0,0
321,Supplier,SKU_E,0,0,0,0
321,W1,SKU_A,0,0,246,1366
321,W1,SKU_B,295,0,0,716
321,W1,SKU_C,0,0,78,797
321,W1,SKU_D,0,0,430,717
321,W1,SKU_E,1289,0,0,683
321,W2,SKU_A,3006,0,0,1122
321,W2,SKU_B,55,0,0,465
321,W2,SKU_C,1162,0,0,680
321,W2,SKU_D,9,0,0,573
321,W2,SKU_E,646,0,0,577
321,R1,SKU_A,348,0,0,0
321,R1,SKU_B,249,0,0,0
321,R1,SKU_C,682,0,0,0
321,R1,SKU_D,181,0,0,0
321,R1,SKU_E,48,0,0,0
321,R2,SKU_A,865,0,0,282
321,R2,SKU_B,417,0,0,155
321,R2,SKU_C,650,0,0,119
321,R2,SKU_D,0,161,0,144
321,R2,SKU_E,254,0,0,175
321,R3,SKU_A,379,0,0,1082
321,R3,SKU_B,201,0,0,437
321,R3,SKU_C,460,0,0,612
321,R3,SKU_D,331,0,0,509
321,R3,SKU_E,404,0,0,542
322,Supplier,SKU_A,0,0,0,0
322,Supplier,SKU_B,0,0,0,0
322,Supplier,SKU_C,0,0,0,0
322,Supplier,SKU_D,0,0,0,0
322,Supplier,SKU_E,0,0,0,0
322,W1,SKU_A,211,0,0,620
322,W1,SKU_B,545,0,0,309
322,W1,SKU_C,227,0,0,304
322,W1,SKU_D,0,0,165,292
322,W1,SKU_E,1526,0,0,308
322,W2,SKU_A,3366,0,0,1082
322,W2,SKU_B,208,0,0,437
322,W2,SKU_C,1378,0,0,612
322,W2,SKU_D,198,0,0,509
322,W2,SKU_E,838,0,0,542
322,R1,SKU_A,203,0,0,418
322,R1,SKU_B,183,0,0,230
322,R1,SKU_C,560,0,0,332
322,R1,SKU_D,100,0,0,209
322,R1,SKU_E,0,24,0,178
322,R2,SKU_A,1025,0,0,290
322,R2,SKU_B,533,0,0,151
322,R2,SKU_C,720,0,0,133
322,R2,SKU_D,0,73,0,216
322,R2,SKU_E,370,0,0,161
322,R3,SKU_A,708,0,0,539
322,R3,SKU_B,328,0,0,229
322,R3,SKU_C,629,0,0,290
322,R3,SKU_D,447,0,0,253
322,R3,SKU_E,582,0,0,274
323,Supplier,SKU_A,0,0,0,0
323,Supplier,SKU_B,0,0,0,0
323,Supplier,SKU_C,0,0,0,0
323,Supplier,SKU_D,0,0,0,0
323,Supplier,SKU_E,0,0,0,0
323,W1,SKU_A,0,0,56,1328
323,W1,SKU_B,440,0,0,690
323,W1,SKU_C,56,0,0,769
323,W1,SKU_D,0,0,302,648
323,W1,SKU_E,1395,0,0,647
323,W2,SKU_A,3152,0,0,1082
323,W2,SKU_B,127,0,0,437
323,W2,SKU_C,1225,0,0,612
323,W2,SKU_D,58,0,0,509
323,W2,SKU_E,748,0,0,542
323,R1,SKU_A,73,0,0,418
323,R1,SKU_B,122,0,0,230
323,R1,SKU_C,477,0,0,332
323,R1,SKU_D,27,0,0,209
323,R1,SKU_E,0,79,0,178
323,R2,SKU_A,944,0,0,290
323,R2,SKU_B,484,0,0,151
323,R2,SKU_C,674,0,0,133
323,R2,SKU_D,0,124,0,216
323,R2,SKU_E,319,0,0,161
323,R3,SKU_A,516,0,0,539
323,R3,SKU_B,252,0,0,229
323,R3,SKU_C,508,0,0,290
323,R3,SKU_D,350,0,0,253
323,R3,SKU_E,505,0,0,274
324,Supplier,SKU_A,0,0,0,0
324,Supplier,SKU_B,0,0,0,0
324,Supplier,SKU_C,0,0,0,0
324,Supplier,SKU_D,0,0,0,0
324,Supplier,SKU_E,0,0,0,0
324,W1,SKU_A,0,0,267,1328
324,W1,SKU_B,330,0,0,690
324,W1,SKU_C,0,0,73,769
324,W1,SKU_D,0,0,426,648
324,W1,SKU_E,1289,0,0,647
324,W2,SKU_A,2960,0,0,1515
324,W2,SKU_B,51,0,0,622
324,W2,SKU_C,1104,0,0,907
324,W2,SKU_D,0,0,39,777
324,W2,SKU_E,671,0,0,749
324,R1,SKU_A,375,0,0,0
324,R1,SKU_B,295,0,0,0
324,R1,SKU_C,723,0,0,0
324,R1,SKU_D,186,0,0,0
324,R1,SKU_E,40,0,0,0
324,R2,SKU_A,880,0,0,290
324,R2,SKU_B,436,0,0,151
324,R2,SKU_C,640,0,0,133
324,R2,SKU_D,0,164,0,216
324,R2,SKU_E,252,0,0,161
324,R3,SKU_A,333,0,0,1164
324,R3,SKU_B,193,0,0,490
324,R3,SKU_C,375,0,0,706
324,R3,SKU_D,258,0,0,579
324,R3,SKU_E,431,0,0,558
325,Supplier,SKU_A,0,0,0,0
325,Supplier,SKU_B,0,0,0,0
325,Supplier,SKU_C,0,0,0,0
325,Supplier,SKU_D,0,0,0,0
325,Supplier,SKU_E,0,0,0,0
325,W1,SKU_A,173,0,0,708
325,W1,SKU_B,534,0,0,381
325,W1,SKU_C,111,0,0,465
325,W1,SKU_D,0,0,224,356
325,W1,SKU_E,1471,0,0,339
325,W2,SKU_A,3320,0,0,972
325,W2,SKU_B,200,0,0,414
325,W2,SKU_C,1293,0,0,585
325,W2,SKU_D,125,0,0,521
325,W2,SKU_E,865,0,0,481
325,R1,SKU_A,266,0,0,391
325,R1,SKU_B,245,0,0,184
325,R1,SKU_C,659,0,0,291
325,R1,SKU_D,132,0,0,204
325,R1,SKU_E,4,0,0,186
325,R2,SKU_A,1093,0,0,267
325,R2,SKU_B,535,0,0,136
325,R2,SKU_C,713,0,0,129
325,R2,SKU_D,12,0,0,88
325,R2,SKU_E,360,0,0,177
325,R3,SKU_A,704,0,0,625
325,R3,SKU_B,361,0,0,261
325,R3,SKU_C,564,0,0,416
325,R3,SKU_D,416,0,0,326
325,R3,SKU_E,630,0,0,284
326,Supplier,SKU_A,0,0,0,0
326,Supplier,SKU_B,0,0,0,0
326,Supplier,SKU_C,0,0,0,0
326,Supplier,SKU_D,0,0,0,0
326,Supplier,SKU_E,0,0,0,0
326,W1,SKU_A,0,0,13,1366
326,W1,SKU_B,432,0,0,701
326,W1,SKU_C,0,0,13,885
326,W1,SKU_D,0,0,318,707
326,W1,SKU_E,1382,0,0,702
326,W2,SKU_A,3152,0,0,972
326,W2,SKU_B,139,0,0,414
326,W2,SKU_C,1192,0,0,585
326,W2,SKU_D,30,0,0,521
326,W2,SKU_E,790,0,0,481
326,R1,SKU_A,140,0,0,391
326,R1,SKU_B,197,0,0,184
326,R1,SKU_C,576,0,0,291
326,R1,SKU_D,74,0,0,204
326,R1,SKU_E,0,40,0,186
326,R2,SKU_A,1001,0,0,267
326,R2,SKU_B,474,0,0,136
326,R2,SKU_C,643,0,0,129
326,R2,SKU_D,0,33,0,88
326,R2,SKU_E,313,0,0,177
326,R3,SKU_A,529,0,0,625
326,R3,SKU_B,298,0,0,261
326,R3,SKU_C,431,0,0,416
326,R3,SKU_D,349,0,0,326
326,R3,SKU_E,540,0,0,284
327,Supplier,SKU_A,0,0,0,0
327,Supplier,SKU_B,0,0,0,0
327,Supplier,SKU_C,0,0,0,0
327,Supplier,SKU_D,0,0,0,0
327,Supplier,SKU_E,0,0,0,0
327,W1,SKU_A,0,0,231,1366
327,W1,SKU_B,323,0,0,701
327,W1,SKU_C,0,0,166,885
327,W1,SKU_D,0,0,421,707
327,W1,SKU_E,1291,0,0,702
327,W2,SKU_A,2977,0,0,1515
327,W2,SKU_B,76,0,0,610
327,W2,SKU_C,1059,0,0,940
327,W2,SKU_D,0,0,37,805
327,W2,SKU_E,700,0,0,707
327,R1,SKU_A,414,0,0,0
327,R1,SKU_B,320,0,0,0
327,R1,SKU_C,772,0,0,0
327,R1,SKU_D,213,0,0,0
327,R1,SKU_E,104,0,0,0
327,R2,SKU_A,937,0,0,267
327,R2,SKU_B,423,0,0,136
327,R2,SKU_C,580,0,0,129
327,R2,SKU_D,0,80,0,88
327,R2,SKU_E,256,0,0,177
327,R3,SKU_A,343,0,0,1151
327,R3,SKU_B,214,0,0,444
327,R3,SKU_C,304,0,0,783
327,R3,SKU_D,233,0,0,582
327,R3,SKU_E,448,0,0,523
328,Supplier,SKU_A,0,0,0,0
328,Supplier,SKU_B,0,0,0,0
328,Supplier,SKU_C,0,0,0,0
328,Supplier,SKU_D,0,0,0,0
328,Supplier,SKU_E,0,0,0,0
328,W1,SKU_A,296,0,0,658
328,W1,SKU_B,592,0,0,320
328,W1,SKU_C,141,0,0,420
328,W1,SKU_D,0,0,177,351
328,W1,SKU_E,1531,0,0,363
328,W2,SKU_A,3330,0,0,976
328,W2,SKU_B,221,0,0,381
328,W2,SKU_C,1222,0,0,650
328,W2,SKU_D,100,0,0,552
328,W2,SKU_E,882,0,0,433
328,R1,SKU_A,285,0,0,352
328,R1,SKU_B,241,0,0,159
328,R1,SKU_C,659,0,0,242
328,R1,SKU_D,156,0,0,177
328,R1,SKU_E,48,0,0,122
328,R2,SKU_A,1106,0,0,233
328,R2,SKU_B,496,0,0,164
328,R2,SKU_C,630,0,0,193
328,R2,SKU_D,0,57,0,179
328,R2,SKU_E,376,0,0,157
328,R3,SKU_A,776,0,0,526
328,R3,SKU_B,402,0,0,183
328,R3,SKU_C,574,0,0,367
328,R3,SKU_D,448,0,0,256
328,R3,SKU_E,628,0,0,239
329,Supplier,SKU_A,0,0,0,0
329,Supplier,SKU_B,0,0,0,0
329,Supplier,SKU_C,0,0,0,0
329,Supplier,SKU_D,0,0,0,0
329,Supplier,SKU_E,0,0,0,0
329,W1,SKU_A,69,0,0,1243
329,W1,SKU_B,450,0,0,643
329,W1,SKU_C,0,0,51,855
329,W1,SKU_D,0,0,299,660
329,W1,SKU_E,1418,0,0,642
329,W2,SKU_A,3138,0,0,976
329,W2,SKU_B,148,0,0,381
329,W2,SKU_C,1076,0,0,650
329,W2,SKU_D,0,0,11,552
329,W2,SKU_E,778,0,0,433
329,R1,SKU_A,169,0,0,352
329,R1,SKU_B,169,0,0,159
329,R1,SKU_C,544,0,0,242
329,R1,SKU_D,96,0,0,177
329,R1,SKU_E,0,20,0,122
329,R2,SKU_A,998,0,0,233
329,R2,SKU_B,438,0,0,164
329,R2,SKU_C,566,0,0,193
329,R2,SKU_D,0,107,0,179
329,R2,SKU_E,313,0,0,157
329,R3,SKU_A,566,0,0,526
329,R3,SKU_B,323,0,0,183
329,R3,SKU_C,463,0,0,367
329,R3,SKU_D,369,0,0,256
329,R3,SKU_E,528,0,0,239
330,Supplier,SKU_A,0,0,0,0
330,Supplier,SKU_B,0,0,0,0
330,Supplier,SKU_C,0,0,0,0
330,Supplier,SKU_D,0,0,0,0
330,Supplier,SKU_E,0,0,0,0
330,W1,SKU_A,0,0,155,1243
330,W1,SKU_B,320,0,0,643
330,W1,SKU_C,0,0,230,855
330,W1,SKU_D,0,0,409,660
330,W1,SKU_E,1287,0,0,642
330,W2,SKU_A,3361,0,0,1096
330,W2,SKU_B,254,0,0,416
330,W2,SKU_C,1260,0,0,761
330,W2,SKU_D,178,0,0,578
330,W2,SKU_E,885,0,0,512
330,R1,SKU_A,423,0,0,0
330,R1,SKU_B,291,0,0,0
330,R1,SKU_C,732,0,0,0
330,R1,SKU_D,235,0,0,0
330,R1,SKU_E,64,0,0,0
330,R2,SKU_A,931,0,0,233
330,R2,SKU_B,390,0,0,164
330,R2,SKU_C,525,0,0,193
330,R2,SKU_D,0,151,0,179
330,R2,SKU_E,280,0,0,157
330,R3,SKU_A,418,0,0,1114
330,R3,SKU_B,276,0,0,419
330,R3,SKU_C,376,0,0,751
330,R3,SKU_D,297,0,0,599
330,R3,SKU_E,439,0,0,535
331,Supplier,SKU_A,0,0,0,0
331,Supplier,SKU_B,0,0,0,0
331,Supplier,SKU_C,0,0,0,0
331,Supplier,SKU_D,0,0,0,0
331,Supplier,SKU_E,0,0,0,0
331,W1,SKU_A,338,0,0,585
331,W1,SKU_B,555,0,0,323
331,W1,SKU_C,95,0,0,435
331,W1,SKU_D,0,0,140,309
331,W1,SKU_E,1579,0,0,279
331,W2,SKU_A,3213,0,0,1096
331,W2,SKU_B,207,0,0,416
331,W2,SKU_C,1173,0,0,761
331,W2,SKU_D,106,0,0,578
331,W2,SKU_E,796,0,0,512
331,R1,SKU_A,318,0,0,343
331,R1,SKU_B,244,0,0,188
331,R1,SKU_C,674,0,0,282
331,R1,SKU_D,173,0,0,155
331,R1,SKU_E,28,0,0,162
331,R2,SKU_A,1071,0,0,273
331,R2,SKU_B,496,0,0,169
331,R2,SKU_C,650,0,0,184
331,R2,SKU_D,0,16,0,196
331,R2,SKU_E,380,0,0,153
331,R3,SKU_A,807,0,0,588
331,R3,SKU_B,396,0,0,236
331,R3,SKU_C,663,0,0,384
331,R3,SKU_D,480,0,0,343
331,R3,SKU_E,585,0,0,296
332,Supplier,SKU_A,0,0,0,0
332,Supplier,SKU_B,0,0,0,0
332,Supplier,SKU_C,0,0,0,0
332,Supplier,SKU_D,0,0,0,0
332,Supplier,SKU_E,0,0,0,0
332,W1,SKU_A,140,0,0,1201
332,W1,SKU_B,450,0,0,680
332,W1,SKU_C,0,0,31,901
332,W1,SKU_D,0,0,246,623
332,W1,SKU_E,1486,0,0,594
332,W2,SKU_A,3076,0,0,1096
332,W2,SKU_B,144,0,0,416
332,W2,SKU_C,1093,0,0,761
332,W2,SKU_D,33,0,0,578
332,W2,SKU_E,703,0,0,512
332,R1,SKU_A,179,0,0,343
332,R1,SKU_B,186,0,0,188
332,R1,SKU_C,590,0,0,282
332,R1,SKU_D,106,0,0,155
332,R1,SKU_E,0,5,0,162
332,R2,SKU_A,980,0,0,273
332,R2,SKU_B,454,0,0,169
332,R2,SKU_C,599,0,0,184
332,R2,SKU_D,0,54,0,196
332,R2,SKU_E,327,0,0,153
332,R3,SKU_A,676,0,0,588
332,R3,SKU_B,335,0,0,236
332,R3,SKU_C,606,0,0,384
332,R3,SKU_D,410,0,0,343
332,R3,SKU_E,514,0,0,296
333,Supplier,SKU_A,0,0,0,0
333,Supplier,SKU_B,0,0,0,0
333,Supplier,SKU_C,0,0,0,0
333,Supplier,SKU_D,0,0,0,0
333,Supplier,SKU_E,0,0,0,0
333,W1,SKU_A,0,0,90,1201
333,W1,SKU_B,350,0,0,680
333,W1,SKU_C,0,0,166,901
333,W1,SKU_D,0,0,351,623
333,W1,SKU_E,1400,0,0,594
333,W2,SKU_A,3488,0,0,1048
333,W2,SKU_B,279,0,0,409
333,W2,SKU_C,1391,0,0,684
333,W2,SKU_D,247,0,0,518
333,W2,SKU_E,858,0,0,568
333,R1,SKU_A,388,0,0,0
333,R1,SKU_B,341,0,0,0
333,R1,SKU_C,783,0,0,0
333,R1,SKU_D,190,0,0,0
333,R1,SKU_E,115,0,0,0
333,R2,SKU_A,875,0,0,273
333,R2,SKU_B,401,0,0,169
333,R2,SKU_C,557,0,0,184
333,R2,SKU_D,0,96,0,196
333,R2,SKU_E,281,0,0,153
333,R3,SKU_A,524,0,0,1004
333,R3,SKU_B,271,0,0,407
333,R3,SKU_C,519,0,0,608
333,R3,SKU_D,327,0,0,558
333,R3,SKU_E,442,0,0,549
334,Supplier,SKU_A,0,0,0,0
334,Supplier,SKU_B,0,0,0,0
334,Supplier,SKU_C,0,0,0,0
334,Supplier,SKU_D,0,0,0,0
334,Supplier,SKU_E,0,0,0,0
334,W1,SKU_A,256,0,0,616
334,W1,SKU_B,587,0,0,357
334,W1,SKU_C,138,0,0,466
334,W1,SKU_D,0,0,155,314
334,W1,SKU_E,1591,0,0,315
334,W2,SKU_A,3336,0,0,1048
334,W2,SKU_B,215,0,0,409
334,W2,SKU_C,1304,0,0,684
334,W2,SKU_D,164,0,0,518
334,W2,SKU_E,786,0,0,568
334,R1,SKU_A,222,0,0,378
334,R1,SKU_B,257,0,0,138
334,R1,SKU_C,674,0,0,231
334,R1,SKU_D,103,0,0,200
334,R1,SKU_E,63,0,0,111
334,R2,SKU_A,1044,0,0,289
334,R2,SKU_B,504,0,0,153
334,R2,SKU_C,668,0,0,161
334,R2,SKU_D,26,0,0,109
334,R2,SKU_E,371,0,0,156
334,R3,SKU_A,878,0,0,416
334,R3,SKU_B,403,0,0,171
334,R3,SKU_C,700,0,0,224
334,R3,SKU_D,538,0,0,215
334,R3,SKU_E,628,0,0,253
335,Supplier,SKU_A,0,0,0,0
335,Supplier,SKU_B,0,0,0,0
335,Supplier,SKU_C,0,0,0,0
335,Supplier,SKU_D,0,0,0,0
335,Supplier,SKU_E,0,0,0,0
335,W1,SKU_A,0,0,14,1283
335,W1,SKU_B,437,0,0,648
335,W1,SKU_C,0,0,44,858
335,W1,SKU_D,0,0,316,638
335,W1,SKU_E,1476,0,0,582
335,W2,SKU_A,3102,0,0,1048
335,W2,SKU_B,111,0,0,409
335,W2,SKU_C,1101,0,0,684
335,W2,SKU_D,32,0,0,518
335,W2,SKU_E,676,0,0,568
335,R1,SKU_A,0,10,0,378
335,R1,SKU_B,145,0,0,138
335,R1,SKU_C,480,0,0,231
335,R1,SKU_D,11,0,0,200
335,R1,SKU_E,0,10,0,111
335,R2,SKU_A,905,0,0,289
335,R2,SKU_B,425,0,0,153
335,R2,SKU_C,578,0,0,161
335,R2,SKU_D,0,43,0,109
335,R2,SKU_E,294,0,0,156
335,R3,SKU_A,614,0,0,416
335,R3,SKU_B,312,0,0,171
335,R3,SKU_C,555,0,0,224
335,R3,SKU_D,371,0,0,215
335,R3,SKU_E,488,0,0,253
336,Supplier,SKU_A,0,0,0,0
336,Supplier,SKU_B,0,0,0,0
336,Supplier,SKU_C,0,0,0,0
336,Supplier,SKU_D,0,0,0,0
336,Supplier,SKU_E,0,0,0,0
336,W1,SKU_A,0,0,385,1283
336,W1,SKU_B,246,0,0,648
336,W1,SKU_C,0,0,328,858
336,W1,SKU_D,0,0,477,638
336,W1,SKU_E,1326,0,0,582
336,W2,SKU_A,3391,0,0,1012
336,W2,SKU_B,240,0,0,418
336,W2,SKU_C,1362,0,0,625
336,W2,SKU_D,159,0,0,509
336,W2,SKU_E,822,0,0,535
336,R1,SKU_A,160,0,0,0
336,R1,SKU_B,192,0,0,0
336,R1,SKU_C,547,0,0,0
336,R1,SKU_D,105,0,0,0
336,R1,SKU_E,38,0,0,0
336,R2,SKU_A,752,0,0,289
336,R2,SKU_B,376,0,0,153
336,R2,SKU_C,493,0,0,161
336,R2,SKU_D,0,100,0,109
336,R2,SKU_E,238,0,0,156
336,R3,SKU_A,396,0,0,1066
336,R3,SKU_B,245,0,0,430
336,R3,SKU_C,422,0,0,659
336,R3,SKU_D,216,0,0,597
336,R3,SKU_E,383,0,0,575
337,Supplier,SKU_A,0,0,0,0
337,Supplier,SKU_B,0,0,0,0
337,Supplier,SKU_C,0,0,0,0
337,Supplier,SKU_D,0,0,0,0
337,Supplier,SKU_E,0,0,0,0
337,W1,SKU_A,0,0,130,667
337,W1,SKU_B,463,0,0,291
337,W1,SKU_C,0,0,111,392
337,W1,SKU_D,0,0,326,324
337,W1,SKU_E,1522,0,0,267
337,W2,SKU_A,3173,0,0,1012
337,W2,SKU_B,173,0,0,418
337,W2,SKU_C,1229,0,0,625
337,W2,SKU_D,4,0,0,509
337,W2,SKU_E,717,0,0,535
337,R1,SKU_A,38,0,0,606
337,R1,SKU_B,158,0,0,287
337,R1,SKU_C,486,0,0,467
337,R1,SKU_D,41,0,0,285
337,R1,SKU_E,4,0,0,188
337,R2,SKU_A,957,0,0,266
337,R2,SKU_B,483,0,0,194
337,R2,SKU_C,603,0,0,137
337,R2,SKU_D,0,42,0,29
337,R2,SKU_E,346,0,0,196
337,R3,SKU_A,679,0,0,650
337,R3,SKU_B,374,0,0,259
337,R3,SKU_C,559,0,0,435
337,R3,SKU_D,356,0,0,382
337,R3,SKU_E,567,0,0,322
338,Supplier,SKU_A,0,0,0,0
338,Supplier,SKU_B,0,0,0,0
338,Supplier,SKU_C,0,0,0,0
338,Supplier,SKU_D,0,0,0,0
338,Supplier,SKU_E,0,0,0,0
338,W1,SKU_A,0,0,336,1669
338,W1,SKU_B,383,0,0,772
338,W1,SKU_C,0,0,223,1107
338,W1,SKU_D,0,0,441,809
338,W1,SKU_E,1440,0,0,651
338,W2,SKU_A,3040,0,0,1494
338,W2,SKU_B,131,0,0,576
338,W2,SKU_C,1142,0,0,903
338,W2,SKU_D,0,0,71,831
338,W2,SKU_E,648,0,0,780
338,R1,SKU_A,0,52,0,606
338,R1,SKU_B,111,0,0,287
338,R1,SKU_C,414,0,0,467
338,R1,SKU_D,0,10,0,285
338,R1,SKU_E,0,39,0,188
338,R2,SKU_A,878,0,0,266
338,R2,SKU_B,431,0,0,194
338,R2,SKU_C,554,0,0,137
338,R2,SKU_D,0,74,0,29
338,R2,SKU_E,310,0,0,196
338,R3,SKU_A,558,0,0,650
338,R3,SKU_B,297,0,0,259
338,R3,SKU_C,495,0,0,435
338,R3,SKU_D,275,0,0,382
338,R3,SKU_E,487,0,0,322
339,Supplier,SKU_A,0,0,0,0
339,Supplier,SKU_B,0,0,0,0
339,Supplier,SKU_C,0,0,0,0
339,Supplier,SKU_D,0,0,0,0
339,Supplier,SKU_E,0,0,0,0
339,W1,SKU_A,0,0,505,1669
339,W1,SKU_B,284,0,0,772
339,W1,SKU_C,0,0,344,1107
339,W1,SKU_D,0,0,524,809
339,W1,SKU_E,1361,0,0,651
339,W2,SKU_A,3414,0,0,999
339,W2,SKU_B,243,0,0,387
339,W2,SKU_C,1356,0,0,625
339,W2,SKU_D,72,0,0,607
339,W2,SKU_E,850,0,0,498
339,R1,SKU_A,453,0,0,0
339,R1,SKU_B,351,0,0,0
339,R1,SKU_C,816,0,0,0
339,R1,SKU_D,231,0,0,0
339,R1,SKU_E,110,0,0,0
339,R2,SKU_A,812,0,0,266
339,R2,SKU_B,384,0,0,194
339,R2,SKU_C,508,0,0,137
339,R2,SKU_D,0,113,0,29
339,R2,SKU_E,255,0,0,196
339,R3,SKU_A,425,0,0,1122
339,R3,SKU_B,244,0,0,445
339,R3,SKU_C,439,0,0,719
339,R3,SKU_D,203,0,0,693
339,R3,SKU_E,414,0,0,576
340,Supplier,SKU_A,0,0,0,0
340,Supplier,SKU_B,0,0,0,0
340,Supplier,SKU_C,0,0,0,0
340,Supplier,SKU_D,0,0,0,0
340,Supplier,SKU_E,0,0,0,0
340,W1,SKU_A,0,0,5,1002
340,W1,SKU_B,481,0,0,481
340,W1,SKU_C,0,0,63,715
340,W1,SKU_D,0,0,283,485
340,W1,SKU_E,1534,0,0,384
340,W2,SKU_A,3281,0,0,999
340,W2,SKU_B,190,0,0,387
340,W2,SKU_C,1300,0,0,625
340,W2,SKU_D,0,0,0,607
340,W2,SKU_E,777,0,0,498
340,R1,SKU_A,344,0,0,313
340,R1,SKU_B,298,0,0,128
340,R1,SKU_C,719,0,0,198
340,R1,SKU_D,163,0,0,159
340,R1,SKU_E,75,0,0,116
340,R2,SKU_A,1008,0,0,354
340,R2,SKU_B,539,0,0,145
340,R2,SKU_C,606,0,0,194
340,R2,SKU_D,0,116,0,165
340,R2,SKU_E,395,0,0,139
340,R3,SKU_A,922,0,0,472
340,R3,SKU_B,449,0,0,186
340,R3,SKU_C,775,0,0,284
340,R3,SKU_D,498,0,0,311
340,R3,SKU_E,662,0,0,254
341,Supplier,SKU_A,0,0,0,0
341,Supplier,SKU_B,0,0,0,0
341,Supplier,SKU_C,0,0,0,0
341,Supplier,SKU_D,0,0,0,0
341,Supplier,SKU_E,0,0,0,0
341,W1,SKU_A,0,0,184,1544
341,W1,SKU_B,389,0,0,754
341,W1,SKU_C,0,0,199,1059
341,W1,SKU_D,0,0,383,766
341,W1,SKU_E,1443,0,0,639
341,W2,SKU_A,3128,0,0,1386
341,W2,SKU_B,136,0,0,559
341,W2,SKU_C,1201,0,0,832
341,W2,SKU_D,0,0,87,835
341,W2,SKU_E,703,0,0,720
341,R1,SKU_A,225,0,0,313
341,R1,SKU_B,202,0,0,128
341,R1,SKU_C,613,0,0,198
341,R1,SKU_D,93,0,0,159
341,R1,SKU_E,5,0,0,116
341,R2,SKU_A,897,0,0,354
341,R2,SKU_B,479,0,0,145
341,R2,SKU_C,546,0,0,194
341,R2,SKU_D,0,177,0,165
341,R2,SKU_E,325,0,0,139
341,R3,SKU_A,747,0,0,472
341,R3,SKU_B,374,0,0,186
341,R3,SKU_C,681,0,0,284
341,R3,SKU_D,404,0,0,311
341,R3,SKU_E,565,0,0,254
342,Supplier,SKU_A,0,0,0,0
342,Supplier,SKU_B,0,0,0,0
342,Supplier,SKU_C,0,0,0,0
342,Supplier,SKU_D,0,0,0,0
342,Supplier,SKU_E,0,0,0,0
342,W1,SKU_A,0,0,414,1544
342,W1,SKU_B,233,0,0,754
342,W1,SKU_C,0,0,365,1059
342,W1,SKU_D,0,0,514,766
342,W1,SKU_E,1303,0,0,639
342,W2,SKU_A,3470,0,0,869
342,W2,SKU_B,290,0,0,330
342,W2,SKU_C,1454,0,0,485
342,W2,SKU_D,104,0,0,550
342,W2,SKU_E,859,0,0,467
342,R1,SKU_A,356,0,0,0
342,R1,SKU_B,231,0,0,0
342,R1,SKU_C,651,0,0,0
342,R1,SKU_D,152,0,0,0
342,R1,SKU_E,54,0,0,0
342,R2,SKU_A,788,0,0,354
342,R2,SKU_B,403,0,0,145
342,R2,SKU_C,472,0,0,194
342,R2,SKU_D,0,247,0,165
342,R2,SKU_E,254,0,0,139
342,R3,SKU_A,553,0,0,933
342,R3,SKU_B,292,0,0,368
342,R3,SKU_C,515,0,0,533
342,R3,SKU_D,254,0,0,564
342,R3,SKU_E,451,0,0,498
343,Supplier,SKU_A,0,0,0,0
343,Supplier,SKU_B,0,0,0,0
343,Supplier,SKU_C,0,0,0,0
343,Supplier,SKU_D,0,0,0,0
343,Supplier,SKU_E,0,0,0,0
343,W1,SKU_A,297,0,0,542
343,W1,SKU_B,539,0,0,273
343,W1,SKU_C,116,0,0,344
343,W1,SKU_D,0,0,199,281
343,W1,SKU_E,1549,0,0,255
343,W2,SKU_A,3276,0,0,869
343,W2,SKU_B,208,0,0,330
343,W2,SKU_C,1288,0,0,485
343,W2,SKU_D,0,0,46,550
343,W2,SKU_E,745,0,0,467
343,R1,SKU_A,177,0,0,410
343,R1,SKU_B,138,0,0,248
343,R1,SKU_C,511,0,0,363
343,R1,SKU_D,59,0,0,238
343,R1,SKU_E,0,21,0,172
343,R2,SKU_A,1031,0,0,295
343,R2,SKU_B,475,0,0,175
343,R2,SKU_C,589,0,0,236
343,R2,SKU_D,0,136,0,247
343,R2,SKU_E,327,0,0,197
343,R3,SKU_A,809,0,0,461
343,R3,SKU_B,394,0,0,182
343,R3,SKU_C,661,0,0,249
343,R3,SKU_D,425,0,0,253
343,R3,SKU_E,593,0,0,244
344,Supplier,SKU_A,0,0,0,0
344,Supplier,SKU_B,0,0,0,0
344,Supplier,SKU_C,0,0,0,0
344,Supplier,SKU_D,0,0,0,0
344,Supplier,SKU_E,0,0,0,0
344,W1,SKU_A,7,0,0,1242
344,W1,SKU_B,373,0,0,696
344,W1,SKU_C,0,0,101,880
344,W1,SKU_D,0,0,346,682
344,W1,SKU_E,1408,0,0,624
344,W2,SKU_A,3542,0,0,909
344,W2,SKU_B,282,0,0,383
344,W2,SKU_C,1428,0,0,566
344,W2,SKU_D,136,0,0,559
344,W2,SKU_E,878,0,0,507
344,R1,SKU_A,49,0,0,410
344,R1,SKU_B,75,0,0,248
344,R1,SKU_C,416,0,0,363
344,R1,SKU_D,3,0,0,238
344,R1,SKU_E,0,70,0,172
344,R2,SKU_A,940,0,0,295
344,R2,SKU_B,421,0,0,175
344,R2,SKU_C,525,0,0,236
344,R2,SKU_D,0,185,0,247
344,R2,SKU_E,271,0,0,197
344,R3,SKU_A,666,0,0,461
344,R3,SKU_B,323,0,0,182
344,R3,SKU_C,592,0,0,249
344,R3,SKU_D,333,0,0,253
344,R3,SKU_E,518,0,0,244
345,Supplier,SKU_A,0,0,0,0
345,Supplier,SKU_B,0,0,0,0
345,Supplier,SKU_C,0,0,0,0
345,Supplier,SKU_D,0,0,0,0
345,Supplier,SKU_E,0,0,0,0
345,W1,SKU_A,0,0,212,1242
345,W1,SKU_B,256,0,0,696
345,W1,SKU_C,0,0,260,880
345,W1,SKU_D,0,0,451,682
345,W1,SKU_E,1303,0,0,624
345,W2,SKU_A,3399,0,0,909
345,W2,SKU_B,211,0,0,383
345,W2,SKU_C,1359,0,0,566
345,W2,SKU_D,44,0,0,559
345,W2,SKU_E,803,0,0,507
345,R1,SKU_A,309,0,0,0
345,R1,SKU_B,251,0,0,0
345,R1,SKU_C,676,0,0,0
345,R1,SKU_D,174,0,0,0
345,R1,SKU_E,60,0,0,0
345,R2,SKU_A,845,0,0,295
345,R2,SKU_B,355,0,0,175
345,R2,SKU_C,469,0,0,236
345,R2,SKU_D,0,233,0,247
345,R2,SKU_E,220,0,0,197
345,R3,SKU_A,500,0,0,1014
345,R3,SKU_B,251,0,0,419
345,R3,SKU_C,500,0,0,622
345,R3,SKU_D,260,0,0,635
345,R3,SKU_E,445,0,0,545
346,Supplier,SKU_A,0,0,0,0
346,Supplier,SKU_B,0,0,0,0
346,Supplier,SKU_C,0,0,0,0
346,Supplier,SKU_D,0,0,0,0
346,Supplier,SKU_E,0,0,0,0
346,W1,SKU_A,85,0,0,700
346,W1,SKU_B,391,0,0,423
346,W1,SKU_C,0,0,75,536
346,W1,SKU_D,0,0,285,401
346,W1,SKU_E,1465,0,0,369
346,W2,SKU_A,3233,0,0,909
346,W2,SKU_B,139,0,0,383
346,W2,SKU_C,1267,0,0,566
346,W2,SKU_D,0,0,29,559
346,W2,SKU_E,730,0,0,507
346,R1,SKU_A,205,0,0,457
346,R1,SKU_B,200,0,0,228
346,R1,SKU_C,572,0,0,338
346,R1,SKU_D,109,0,0,216
346,R1,SKU_E,18,0,0,166
346,R2,SKU_A,1030,0,0,297
346,R2,SKU_B,453,0,0,193
346,R2,SKU_C,625,0,0,122
346,R2,SKU_D,0,49,0,65
346,R2,SKU_E,361,0,0,173
346,R3,SKU_A,809,0,0,553
346,R3,SKU_B,381,0,0,237
346,R3,SKU_C,674,0,0,373
346,R3,SKU_D,436,0,0,382
346,R3,SKU_E,614,0,0,301
347,Supplier,SKU_A,0,0,0,0
347,Supplier,SKU_B,0,0,0,0
347,Supplier,SKU_C,0,0,0,0
347,Supplier,SKU_D,0,0,0,0
347,Supplier,SKU_E,0,0,0,0
347,W1,SKU_A,0,0,129,1454
347,W1,SKU_B,263,0,0,844
347,W1,SKU_C,0,0,259,1071
347,W1,SKU_D,0,0,413,768
347,W1,SKU_E,1367,0,0,708
347,W2,SKU_A,3468,0,0,1047
347,W2,SKU_B,259,0,0,438
347,W2,SKU_C,1399,0,0,658
347,W2,SKU_D,122,0,0,636
347,W2,SKU_E,877,0,0,545
347,R1,SKU_A,51,0,0,457
347,R1,SKU_B,141,0,0,228
347,R1,SKU_C,466,0,0,338
347,R1,SKU_D,44,0,0,216
347,R1,SKU_E,0,26,0,166
347,R2,SKU_A,928,0,0,297
347,R2,SKU_B,389,0,0,193
347,R2,SKU_C,564,0,0,122
347,R2,SKU_D,0,104,0,65
347,R2,SKU_E,293,0,0,173
347,R3,SKU_A,638,0,0,553
347,R3,SKU_B,325,0,0,237
347,R3,SKU_C,572,0,0,373
347,R3,SKU_D,336,0,0,382
347,R3,SKU_E,536,0,0,301
348,Supplier,SKU_A,0,0,0,0
348,Supplier,SKU_B,0,0,0,0
348,Supplier,SKU_C,0,0,0,0
348,Supplier,SKU_D,0,0,0,0
348,Supplier,SKU_E,0,0,0,0
348,W1,SKU_A,0,0,385,1454
348,W1,SKU_B,140,0,0,844
348,W1,SKU_C,0,0,426,1071
348,W1,SKU_D,0,0,533,768
348,W1,SKU_E,1255,0,0,708
348,W2,SKU_A,3297,0,0,1047
348,W2,SKU_B,203,0,0,438
348,W2,SKU_C,1297,0,0,658
348,W2,SKU_D,22,0,0,636
348,W2,SKU_E,799,0,0,545
348,R1,SKU_A,369,0,0,0
348,R1,SKU_B,297,0,0,0
348,R1,SKU_C,706,0,0,0
348,R1,SKU_D,193,0,0,0
348,R1,SKU_E,85,0,0,0
348,R2,SKU_A,830,0,0,297
348,R2,SKU_B,333,0,0,193
348,R2,SKU_C,504,0,0,122
348,R2,SKU_D,0,159,0,65
348,R2,SKU_E,227,0,0,173
348,R3,SKU_A,466,0,0,1042
348,R3,SKU_B,250,0,0,417
348,R3,SKU_C,456,0,0,642
348,R3,SKU_D,229,0,0,632
348,R3,SKU_E,444,0,0,527
349,Supplier,SKU_A,0,0,0,0
349,Supplier,SKU_B,0,0,0,0
349,Supplier,SKU_C,0,0,0,0
349,Supplier,SKU_D,0,0,0,0
349,Supplier,SKU_E,0,0,0,0
349,W1,SKU_A,78,0,0,754
349,W1,SKU_B,435,0,0,421
349,W1,SKU_C,0,0,48,535
349,W1,SKU_D,0,0,254,367
349,W1,SKU_E,1503,0,0,339
349,W2,SKU_A,3125,0,0,1047
349,W2,SKU_B,128,0,0,438
349,W2,SKU_C,1181,0,0,658
349,W2,SKU_D,0,0,85,636
349,W2,SKU_E,707,0,0,545
349,R1,SKU_A,193,0,0,397
349,R1,SKU_B,188,0,0,182
349,R1,SKU_C,551,0,0,308
349,R1,SKU_D,106,0,0,197
349,R1,SKU_E,14,0,0,141
349,R2,SKU_A,1004,0,0,310
349,R2,SKU_B,477,0,0,197
349,R2,SKU_C,558,0,0,228
349,R2,SKU_D,0,170,0,204
349,R2,SKU_E,334,0,0,190
349,R3,SKU_A,807,0,0,489
349,R3,SKU_B,411,0,0,180
349,R3,SKU_C,707,0,0,269
349,R3,SKU_D,476,0,0,250
349,R3,SKU_E,639,0,0,226
350,Supplier,SKU_A,0,0,0,0
350,Supplier,SKU_B,0,0,0,0
350,Supplier,SKU_C,0,0,0,0
350,Supplier,SKU_D,0,0,0,0
350,Supplier,SKU_E,0,0,0,0
350,W1,SKU_A,0,0,221,1461
350,W1,SKU_B,277,0,0,800
350,W1,SKU_C,0,0,271,1044
350,W1,SKU_D,0,0,417,737
350,W1,SKU_E,1366,0,0,670
350,W2,SKU_A,3435,0,0,1020
350,W2,SKU_B,263,0,0,410
350,W2,SKU_C,1418,0,0,592
350,W2,SKU_D,111,0,0,589
350,W2,SKU_E,886,0,0,505
350,R1,SKU_A,25,0,0,397
350,R1,SKU_B,89,0,0,182
350,R1,SKU_C,428,0,0,308
350,R1,SKU_D,17,0,0,197
350,R1,SKU_E,0,49,0,141
350,R2,SKU_A,894,0,0,310
350,R2,SKU_B,437,0,0,197
350,R2,SKU_C,490,0,0,228
350,R2,SKU_D,0,236,0,204
350,R2,SKU_E,273,0,0,190
350,R3,SKU_A,583,0,0,489
350,R3,SKU_B,349,0,0,180
350,R3,SKU_C,594,0,0,269
350,R3,SKU_D,353,0,0,250
350,R3,SKU_E,540,0,0,226
351,Supplier,SKU_A,0,0,0,0
351,Supplier,SKU_B,0,0,0,0
351,Supplier,SKU_C,0,0,0,0
351,Supplier,SKU_D,0,0,0,0
351,Supplier,SKU_E,0,0,0,0
351,W1,SKU_A,0,0,499,1461
351,W1,SKU_B,138,0,0,800
351,W1,SKU_C,0,0,462,1044
351,W1,SKU_D,0,0,572,737
351,W1,SKU_E,1242,0,0,670
351,W2,SKU_A,3211,0,0,1020
351,W2,SKU_B,201,0,0,410
351,W2,SKU_C,1305,0,0,592
351,W2,SKU_D,0,0,12,589
351,W2,SKU_E,787,0,0,505
351,R1,SKU_A,300,0,0,0
351,R1,SKU_B,213,0,0,0
351,R1,SKU_C,658,0,0,0
351,R1,SKU_D,163,0,0,0
351,R1,SKU_E,45,0,0,0
351,R2,SKU_A,791,0,0,310
351,R2,SKU_B,394,0,0,197
351,R2,SKU_C,420,0,0,228
351,R2,SKU_D,0,317,0,204
351,R2,SKU_E,213,0,0,190
351,R3,SKU_A,427,0,0,1097
351,R3,SKU_B,294,0,0,393
351,R3,SKU_C,488,0,0,620
351,R3,SKU_D,274,0,0,603
351,R3,SKU_E,446,0,0,523
352,Supplier,SKU_A,0,0,0,0
352,Supplier,SKU_B,0,0,0,0
352,Supplier,SKU_C,0,0,0,0
352,Supplier,SKU_D,0,0,0,0
352,Supplier,SKU_E,0,0,0,0
352,W1,SKU_A,30,0,0,707
352,W1,SKU_B,458,0,0,379
352,W1,SKU_C,0,0,75,509
352,W1,SKU_D,0,0,337,370
352,W1,SKU_E,1474,0,0,331
352,W2,SKU_A,3055,0,0,1020
352,W2,SKU_B,146,0,0,410
352,W2,SKU_C,1199,0,0,592
352,W2,SKU_D,0,0,91,589
352,W2,SKU_E,693,0,0,505
352,R1,SKU_A,197,0,0,466
352,R1,SKU_B,174,0,0,266
352,R1,SKU_C,601,0,0,356
352,R1,SKU_D,109,0,0,227
352,R1,SKU_E,7,0,0,181
352,R2,SKU_A,1010,0,0,336
352,R2,SKU_B,535,0,0,132
352,R2,SKU_C,597,0,0,179
352,R2,SKU_D,0,157,0,140
352,R2,SKU_E,344,0,0,187
352,R3,SKU_A,804,0,0,608
352,R3,SKU_B,428,0,0,213
352,R3,SKU_C,670,0,0,351
352,R3,SKU_D,452,0,0,353
352,R3,SKU_E,599,0,0,297
353,Supplier,SKU_A,0,0,0,0
353,Supplier,SKU_B,0,0,0,0
353,Supplier,SKU_C,0,0,0,0
353,Supplier,SKU_D,0,0,0,0
353,Supplier,SKU_E,0,0,0,0
353,W1,SKU_A,0,0,164,1509
353,W1,SKU_B,363,0,0,777
353,W1,SKU_C,0,0,183,1071
353,W1,SKU_D,0,0,435,820
353,W1,SKU_E,1377,0,0,699
353,W2,SKU_A,3468,0,0,1087
353,W2,SKU_B,327,0,0,376
353,W2,SKU_C,1411,0,0,634
353,W2,SKU_D,142,0,0,621
353,W2,SKU_E,880,0,0,544
353,R1,SKU_A,85,0,0,466
353,R1,SKU_B,124,0,0,266
353,R1,SKU_C,511,0,0,356
353,R1,SKU_D,56,0,0,227
353,R1,SKU_E,0,33,0,181
353,R2,SKU_A,935,0,0,336
353,R2,SKU_B,469,0,0,132
353,R2,SKU_C,542,0,0,179
353,R2,SKU_D,0,196,0,140
353,R2,SKU_E,308,0,0,187
353,R3,SKU_A,648,0,0,608
353,R3,SKU_B,379,0,0,213
353,R3,SKU_C,592,0,0,351
353,R3,SKU_D,395,0,0,353
353,R3,SKU_E,527,0,0,297
354,Supplier,SKU_A,0,0,0,0
354,Supplier,SKU_B,0,0,0,0
354,Supplier,SKU_C,0,0,0,0
354,Supplier,SKU_D,0,0,0,0
354,Supplier,SKU_E,0,0,0,0
354,W1,SKU_A,0,0,351,1509
354,W1,SKU_B,247,0,0,777
354,W1,SKU_C,0,0,328,1071
354,W1,SKU_D,0,0,527,820
354,W1,SKU_E,1301,0,0,699
354,W2,SKU_A,3312,0,0,1087
354,W2,SKU_B,278,0,0,376
354,W2,SKU_C,1333,0,0,634
354,W2,SKU_D,85,0,0,621
354,W2,SKU_E,808,0,0,544
354,R1,SKU_A,430,0,0,0
354,R1,SKU_B,327,0,0,0
354,R1,SKU_C,806,0,0,0
354,R1,SKU_D,235,0,0,0
354,R1,SKU_E,98,0,0,0
354,R2,SKU_A,840,0,0,336
354,R2,SKU_B,411,0,0,132
354,R2,SKU_C,497,0,0,179
354,R2,SKU_D,0,229,0,140
354,R2,SKU_E,246,0,0,187
354,R3,SKU_A,495,0,0,1032
354,R3,SKU_B,314,0,0,363
354,R3,SKU_C,516,0,0,622
354,R3,SKU_D,296,0,0,573
354,R3,SKU_E,440,0,0,536
355,Supplier,SKU_A,0,0,0,0
355,Supplier,SKU_B,0,0,0,0
355,Supplier,SKU_C,0,0,0,0
355,Supplier,SKU_D,0,0,0,0
355,Supplier,SKU_E,0,0,0,0
355,W1,SKU_A,140,0,0,802
355,W1,SKU_B,505,0,0,398
355,W1,SKU_C,75,0,0,562
355,W1,SKU_D,0,0,238,450
355,W1,SKU_E,1520,0,0,368
355,W2,SKU_A,3159,0,0,1087
355,W2,SKU_B,213,0,0,376
355,W2,SKU_C,1257,0,0,634
355,W2,SKU_D,0,0,14,621
355,W2,SKU_E,721,0,0,544
355,R1,SKU_A,298,0,0,336
355,R1,SKU_B,247,0,0,152
355,R1,SKU_C,721,0,0,208
355,R1,SKU_D,180,0,0,155
355,R1,SKU_E,57,0,0,128
355,R2,SKU_A,1085,0,0,261
355,R2,SKU_B,462,0,0,180
355,R2,SKU_C,612,0,0,226
355,R2,SKU_D,0,154,0,215
355,R2,SKU_E,384,0,0,157
355,R3,SKU_A,930,0,0,424
355,R3,SKU_B,438,0,0,150
355,R3,SKU_C,748,0,0,271
355,R3,SKU_D,555,0,0,220
355,R3,SKU_E,625,0,0,239
356,Supplier,SKU_A,0,0,0,0
356,Supplier,SKU_B,0,0,0,0
356,Supplier,SKU_C,0,0,0,0
356,Supplier,SKU_D,0,0,0,0
356,Supplier,SKU_E,0,0,0,0
356,W1,SKU_A,0,0,83,1399
356,W1,SKU_B,344,0,0,730
356,W1,SKU_C,0,0,74,921
356,W1,SKU_D,0,0,358,721
356,W1,SKU_E,1430,0,0,653
356,W2,SKU_A,3481,0,0,1013
356,W2,SKU_B,307,0,0,353
356,W2,SKU_C,1431,0,0,582
356,W2,SKU_D,176,0,0,565
356,W2,SKU_E,854,0,0,531
356,R1,SKU_A,132,0,0,336
356,R1,SKU_B,112,0,0,152
356,R1,SKU_C,574,0,0,208
356,R1,SKU_D,99,0,0,155
356,R1,SKU_E,0,9,0,128
356,R2,SKU_A,963,0,0,261
356,R2,SKU_B,394,0,0,180
356,R2,SKU_C,522,0,0,226
356,R2,SKU_D,0,235,0,215
356,R2,SKU_E,324,0,0,157
356,R3,SKU_A,737,0,0,424
356,R3,SKU_B,355,0,0,150
356,R3,SKU_C,626,0,0,271
356,R3,SKU_D,428,0,0,220
356,R3,SKU_E,507,0,0,239
357,Supplier,SKU_A,0,0,0,0
357,Supplier,SKU_B,0,0,0,0
357,Supplier,SKU_C,0,0,0,0
357,Supplier,SKU_D,0,0,0,0
357,Supplier,SKU_E,0,0,0,0
357,W1,SKU_A,0,0,371,1399
357,W1,SKU_B,141,0,0,730
357,W1,SKU_C,0,0,311,921
357,W1,SKU_D,0,0,520,721
357,W1,SKU_E,1304,0,0,653
357,W2,SKU_A,3288,0,0,1013
357,W2,SKU_B,224,0,0,353
357,W2,SKU_C,1309,0,0,582
357,W2,SKU_D,49,0,0,565
357,W2,SKU_E,736,0,0,531
357,R1,SKU_A,281,0,0,0
357,R1,SKU_B,134,0,0,0
357,R1,SKU_C,643,0,0,0
357,R1,SKU_D,171,0,0,0
357,R1,SKU_E,49,0,0,0
357,R2,SKU_A,831,0,0,261
357,R2,SKU_B,306,0,0,180
357,R2,SKU_C,429,0,0,226
357,R2,SKU_D,0,299,0,215
357,R2,SKU_E,252,0,0,157
357,R3,SKU_A,526,0,0,943
357,R3,SKU_B,288,0,0,387
357,R3,SKU_C,496,0,0,588
357,R3,SKU_D,308,0,0,540
357,R3,SKU_E,400,0,0,556
358,Supplier,SKU_A,0,0,0,0
358,Supplier,SKU_B,0,0,0,0
358,Supplier,SKU_C,0,0,0,0
358,Supplier,SKU_D,0,0,0,0
358,Supplier,SKU_E,0,0,0,0
358,W1,SKU_A,112,0,0,597
358,W1,SKU_B,321,0,0,332
358,W1,SKU_C,19,0,0,359
358,W1,SKU_D,0,0,217,271
358,W1,SKU_E,1530,0,0,285
358,W2,SKU_A,3077,0,0,1013
358,W2,SKU_B,157,0,0,353
358,W2,SKU_C,1179,0,0,582
358,W2,SKU_D,0,0,71,565
358,W2,SKU_E,629,0,0,531
358,R1,SKU_A,143,0,0,485
358,R1,SKU_B,63,0,0,345
358,R1,SKU_C,562,0,0,371
358,R1,SKU_D,102,0,0,219
358,R1,SKU_E,0,7,0,177
358,R2,SKU_A,977,0,0,345
358,R2,SKU_B,420,0,0,237
358,R2,SKU_C,572,0,0,247
358,R2,SKU_D,0,132,0,231
358,R2,SKU_E,354,0,0,181
358,R3,SKU_A,812,0,0,519
358,R3,SKU_B,392,0,0,237
358,R3,SKU_C,701,0,0,317
358,R3,SKU_D,448,0,0,320
358,R3,SKU_E,560,0,0,317
359,Supplier,SKU_A,0,0,0,0
359,Supplier,SKU_B,0,0,0,0
359,Supplier,SKU_C,0,0,0,0
359,Supplier,SKU_D,0,0,0,0
359,Supplier,SKU_E,0,0,0,0
359,W1,SKU_A,0,0,141,1427
359,W1,SKU_B,184,0,0,914
359,W1,SKU_C,0,0,145,977
359,W1,SKU_D,0,0,334,700
359,W1,SKU_E,1419,0,0,643
359,W2,SKU_A,3531,0,0,998
359,W2,SKU_B,304,0,0,399
359,W2,SKU_C,1454,0,0,612
359,W2,SKU_D,186,0,0,569
359,W2,SKU_E,849,0,0,569
359,R1,SKU_A,0,42,0,485
359,R1,SKU_B,26,0,0,345
359,R1,SKU_C,448,0,0,371
359,R1,SKU_D,24,0,0,219
359,R1,SKU_E,0,48,0,177
359,R2,SKU_A,872,0,0,345
359,R2,SKU_B,362,0,0,237
359,R2,SKU_C,504,0,0,247
359,R2,SKU_D,0,181,0,231
359,R2,SKU_E,303,0,0,181
359,R3,SKU_A,668,0,0,519
359,R3,SKU_B,334,0,0,237
359,R3,SKU_C,616,0,0,317
359,R3,SKU_D,362,0,0,320
359,R3,SKU_E,478,0,0,317
360,Supplier,SKU_A,0,0,0,0
360,Supplier,SKU_B,0,0,0,0
360,Supplier,SKU_C,0,0,0,0
360,Supplier,SKU_D,0,0,0,0
360,Supplier,SKU_E,0,0,0,0
360,W1,SKU_A,0,0,431,1427
360,W1,SKU_B,89,0,0,914
360,W1,SKU_C,0,0,327,977
360,W1,SKU_D,0,0,461,700
360,W1,SKU_E,1327,0,0,643
360,W2,SKU_A,3387,0,0,998
360,W2,SKU_B,246,0,0,399
360,W2,SKU_C,1369,0,0,612
360,W2,SKU_D,100,0,0,569
360,W2,SKU_E,767,0,0,569
360,R1,SKU_A,310,0,0,0
360,R1,SKU_B,321,0,0,0
360,R1,SKU_C,736,0,0,0
360,R1,SKU_D,187,0,0,0
360,R1,SKU_E,99,0,0,0
360,R2,SKU_A,774,0,0,345
360,R2,SKU_B,312,0,0,237
360,R2,SKU_C,454,0,0,247
360,R2,SKU_D,0,236,0,231
360,R2,SKU_E,255,0,0,181
360,R3,SKU_A,526,0,0,1012
360,R3,SKU_B,298,0,0,408
360,R3,SKU_C,547,0,0,598
360,R3,SKU_D,277,0,0,606
360,R3,SKU_E,414,0,0,585
361,Supplier,SKU_A,0,0,0,0
361,Supplier,SKU_B,0,0,0,0
361,Supplier,SKU_C,0,0,0,0
361,Supplier,SKU_D,0,0,0,0
361,Supplier,SKU_E,0,0,0,0
361,W1,SKU_A,0,0,65,830
361,W1,SKU_B,321,0,0,582
361,W1,SKU_C,0,0,101,618
361,W1,SKU_D,0,0,301,429
361,W1,SKU_E,1534,0,0,358
361,W2,SKU_A,3245,0,0,998
361,W2,SKU_B,210,0,0,399
361,W2,SKU_C,1300,0,0,612
361,W2,SKU_D,15,0,0,569
361,W2,SKU_E,703,0,0,569
361,R1,SKU_A,170,0,0,456
361,R1,SKU_B,265,0,0,158
361,R1,SKU_C,644,0,0,278
361,R1,SKU_D,129,0,0,203
361,R1,SKU_E,58,0,0,127
361,R2,SKU_A,1039,0,0,253
361,R2,SKU_B,508,0,0,174
361,R2,SKU_C,643,0,0,100
361,R2,SKU_D,0,59,0,68
361,R2,SKU_E,385,0,0,154
361,R3,SKU_A,900,0,0,493
361,R3,SKU_B,463,0,0,171
361,R3,SKU_C,781,0,0,281
361,R3,SKU_D,511,0,0,286
361,R3,SKU_E,664,0,0,268
362,Supplier,SKU_A,0,0,0,0
362,Supplier,SKU_B,0,0,0,0
362,Supplier,SKU_C,0,0,0,0
362,Supplier,SKU_D,0,0,0,0
362,Supplier,SKU_E,0,0,0,0
362,W1,SKU_A,0,0,285,1604
362,W1,SKU_B,224,0,0,914
362,W1,SKU_C,0,0,251,1097
362,W1,SKU_D,0,0,413,784
362,W1,SKU_E,1442,0,0,639
362,W2,SKU_A,3521,0,0,1001
362,W2,SKU_B,298,0,0,379
362,W2,SKU_C,1458,0,0,591
362,W2,SKU_D,157,0,0,592
362,W2,SKU_E,868,0,0,562
362,R1,SKU_A,45,0,0,456
362,R1,SKU_B,190,0,0,158
362,R1,SKU_C,567,0,0,278
362,R1,SKU_D,67,0,0,203
362,R1,SKU_E,20,0,0,127
362,R2,SKU_A,953,0,0,253
362,R2,SKU_B,460,0,0,174
362,R2,SKU_C,597,0,0,100
362,R2,SKU_D,0,116,0,68
362,R2,SKU_E,332,0,0,154
362,R3,SKU_A,730,0,0,493
362,R3,SKU_B,381,0,0,171
362,R3,SKU_C,666,0,0,281
362,R3,SKU_D,404,0,0,286
362,R3,SKU_E,576,0,0,268
363,Supplier,SKU_A,0,0,0,0
363,Supplier,SKU_B,0,0,0,0
363,Supplier,SKU_C,0,0,0,0
363,Supplier,SKU_D,0,0,0,0
363,Supplier,SKU_E,0,0,0,0
363,W1,SKU_A,0,0,496,1604
363,W1,SKU_B,101,0,0,914
363,W1,SKU_C,0,0,374,1097
363,W1,SKU_D,0,0,532,784
363,W1,SKU_E,1351,0,0,639
363,W2,SKU_A,3351,0,0,1001
363,W2,SKU_B,216,0,0,379
363,W2,SKU_C,1343,0,0,591
363,W2,SKU_D,50,0,0,592
363,W2,SKU_E,780,0,0,562
363,R1,SKU_A,343,0,0,0
363,R1,SKU_B,242,0,0,0
363,R1,SKU_C,700,0,0,0
363,R1,SKU_D,186,0,0,0
363,R1,SKU_E,80,0,0,0
363,R2,SKU_A,847,0,0,253
363,R2,SKU_B,394,0,0,174
363,R2,SKU_C,516,0,0,100
363,R2,SKU_D,0,173,0,68
363,R2,SKU_E,275,0,0,154
363,R3,SKU_A,517,0,0,950
363,R3,SKU_B,295,0,0,361
363,R3,SKU_C,483,0,0,548
363,R3,SKU_D,263,0,0,564
363,R3,SKU_E,482,0,0,487
364,Supplier,SKU_A,0,0,0,0
364,Supplier,SKU_B,0,0,0,0
364,Supplier,SKU_C,0,0,0,0
364,Supplier,SKU_D,0,0,0,0
364,Supplier,SKU_E,0,0,0,0
364,W1,SKU_A,70,0,0,774
364,W1,SKU_B,511,0,0,332
364,W1,SKU_C,18,0,0,479
364,W1,SKU_D,0,0,244,355
364,W1,SKU_E,1585,0,0,281
364,W2,SKU_A,3138,0,0,1001
364,W2,SKU_B,130,0,0,379
364,W2,SKU_C,1160,0,0,591
364,W2,SKU_D,0,0,91,592
364,W2,SKU_E,686,0,0,562
364,R1,SKU_A,181,0,0,423
364,R1,SKU_B,156,0,0,237
364,R1,SKU_C,575,0,0,314
364,R1,SKU_D,98,0,0,204
364,R1,SKU_E,11,0,0,146
364,R2,SKU_A,979,0,0,337
364,R2,SKU_B,503,0,0,155
364,R2,SKU_C,568,0,0,286
364,R2,SKU_D,0,158,0,225
364,R2,SKU_E,376,0,0,161
364,R3,SKU_A,844,0,0,457
364,R3,SKU_B,412,0,0,190
364,R3,SKU_C,664,0,0,267
364,R3,SKU_D,468,0,0,278
364,R3,SKU_E,664,0,0,219
