t,node_id,sku,on_hand,backlog_external,backlog_children,pipeline_in
0,Supplier,SKU_A,0,0,0,0
0,Supplier,SKU_B,0,0,0,0
0,Supplier,SKU_C,0,0,0,0
0,Supplier,SKU_D,0,0,0,0
0,Supplier,SKU_E,0,0,0,0
0,W1,SKU_A,1736,0,0,0
0,W1,SKU_B,942,0,0,0
0,W1,SKU_C,1093,0,0,0
0,W1,SKU_D,825,0,0,0
0,W1,SKU_E,749,0,0,0
0,W2,SKU_A,1849,0,0,0
0,W2,SKU_B,639,0,0,0
0,W2,SKU_C,1067,0,0,0
0,W2,SKU_D,1046,0,0,0
0,W2,SKU_E,648,0,0,0
0,R1,SKU_A,453,0,0,0
0,R1,SKU_B,252,0,0,0
0,R1,SKU_C,315,0,0,0
0,R1,SKU_D,229,0,0,0
0,R1,SKU_E,164,0,0,0
0,R2,SKU_A,370,0,0,0
0,R2,SKU_B,242,0,0,0
0,R2,SKU_C,224,0,0,0
0,R2,SKU_D,172,0,0,0
0,R2,SKU_E,225,0,0,0
0,R3,SKU_A,1138,0,0,0
0,R3,SKU_B,414,0,0,0
0,R3,SKU_C,645,0,0,0
0,R3,SKU_D,669,0,0,0
0,R3,SKU_E,391,0,0,0
1,Supplier,SKU_A,0,0,0,0
1,Supplier,SKU_B,0,0,0,0
1,Supplier,SKU_C,0,0,0,0
1,Supplier,SKU_D,0,0,0,0
1,Supplier,SKU_E,0,0,0,0
1,W1,SKU_A,0,0,496,2125
1,W1,SKU_B,541,0,0,221
1,W1,SKU_C,0,0,71,2033
1,W1,SKU_D,20,0,0,0
1,W1,SKU_E,68,0,0,857
1,W2,SKU_A,0,0,772,1322
1,W2,SKU_B,413,0,0,0
1,W2,SKU_C,0,0,552,0
1,W2,SKU_D,0,0,433,0
1,W2,SKU_E,648,0,0,966
1,R1,SKU_A,359,0,0,1263
1,R1,SKU_B,224,0,0,401
1,R1,SKU_C,249,0,0,575
1,R1,SKU_D,199,0,0,530
1,R1,SKU_E,137,0,0,306
1,R2,SKU_A,258,0,0,0
1,R2,SKU_B,191,0,0,0
1,R2,SKU_C,167,0,0,0
1,R2,SKU_D,132,0,0,0
1,R2,SKU_E,187,0,0,0
1,R3,SKU_A,969,0,0,1849
1,R3,SKU_B,375,0,0,226
1,R3,SKU_C,537,0,0,1067
1,R3,SKU_D,596,0,0,1046
1,R3,SKU_E,333,0,0,0
2,Supplier,SKU_A,0,0,0,0
2,Supplier,SKU_B,0,0,0,0
2,Supplier,SKU_C,0,0,0,0
2,Supplier,SKU_D,0,0,0,0
2,Supplier,SKU_E,0,0,0,0
2,W1,SKU_A,0,0,496,4357
2,W1,SKU_B,541,0,0,622
2,W1,SKU_C,0,0,71,3197
2,W1,SKU_D,20,0,0,2101
2,W1,SKU_E,68,0,0,1538
2,W2,SKU_A,0,0,772,3943
2,W2,SKU_B,413,0,0,0
2,W2,SKU_C,0,0,552,3409
2,W2,SKU_D,0,0,433,1269
2,W2,SKU_E,0,0,53,966
2,R1,SKU_A,273,0,0,1263
2,R1,SKU_B,199,0,0,401
2,R1,SKU_C,191,0,0,575
2,R1,SKU_D,167,0,0,530
2,R1,SKU_E,95,0,0,306
2,R2,SKU_A,175,0,0,0
2,R2,SKU_B,148,0,0,0
2,R2,SKU_C,115,0,0,0
2,R2,SKU_D,101,0,0,0
2,R2,SKU_E,159,0,0,0
2,R3,SKU_A,773,0,0,1849
2,R3,SKU_B,337,0,0,226
2,R3,SKU_C,471,0,0,1067
2,R3,SKU_D,538,0,0,1046
2,R3,SKU_E,267,0,0,0
3,Supplier,SKU_A,0,0,0,0
3,Supplier,SKU_B,0,0,0,0
3,Supplier,SKU_C,0,0,0,0
3,Supplier,SKU_D,0,0,0,0
3,Supplier,SKU_E,0,0,0,0
3,W1,SKU_A,0,0,496,4357
3,W1,SKU_B,541,0,0,622
3,W1,SKU_C,0,0,71,3197
3,W1,SKU_D,20,0,0,2101
3,W1,SKU_E,68,0,0,1538
3,W2,SKU_A,0,0,772,3943
3,W2,SKU_B,413,0,0,0
3,W2,SKU_C,0,0,552,3409
3,W2,SKU_D,0,0,433,1269
3,W2,SKU_E,0,0,53,1667
3,R1,SKU_A,1448,0,0,0
3,R1,SKU_B,571,0,0,0
3,R1,SKU_C,702,0,0,0
3,R1,SKU_D,660,0,0,0
3,R1,SKU_E,367,0,0,0
3,R2,SKU_A,85,0,0,473
3,R2,SKU_B,93,0,0,0
3,R2,SKU_C,73,0,0,518
3,R2,SKU_D,64,0,0,275
3,R2,SKU_E,137,0,0,375
3,R3,SKU_A,627,0,0,1849
3,R3,SKU_B,293,0,0,226
3,R3,SKU_C,381,0,0,1067
3,R3,SKU_D,476,0,0,1046
3,R3,SKU_E,218,0,0,0
4,Supplier,SKU_A,0,0,0,0
4,Supplier,SKU_B,0,0,0,0
4,Supplier,SKU_C,0,0,0,0
4,Supplier,SKU_D,0,0,0,0
4,Supplier,SKU_E,0,0,0,0
4,W1,SKU_A,0,0,496,4357
4,W1,SKU_B,309,0,0,622
4,W1,SKU_C,0,0,71,3197
4,W1,SKU_D,20,0,0,2101
4,W1,SKU_E,0,0,35,1538
4,W2,SKU_A,0,0,772,3943
4,W2,SKU_B,292,0,0,0
4,W2,SKU_C,0,0,552,3409
4,W2,SKU_D,0,0,433,1269
4,W2,SKU_E,0,0,53,1667
4,R1,SKU_A,1361,0,0,0
4,R1,SKU_B,530,0,0,0
4,R1,SKU_C,621,0,0,0
4,R1,SKU_D,619,0,0,0
4,R1,SKU_E,323,0,0,0
4,R2,SKU_A,0,16,0,473
4,R2,SKU_B,30,0,0,0
4,R2,SKU_C,17,0,0,518
4,R2,SKU_D,21,0,0,275
4,R2,SKU_E,113,0,0,375
4,R3,SKU_A,446,0,0,1849
4,R3,SKU_B,227,0,0,347
4,R3,SKU_C,266,0,0,1067
4,R3,SKU_D,397,0,0,1046
4,R3,SKU_E,154,0,0,648
5,Supplier,SKU_A,0,0,0,0
5,Supplier,SKU_B,0,0,0,0
5,Supplier,SKU_C,0,0,0,0
5,Supplier,SKU_D,0,0,0,0
5,Supplier,SKU_E,0,0,0,0
5,W1,SKU_A,0,0,496,4357
5,W1,SKU_B,186,0,0,622
5,W1,SKU_C,0,0,71,3197
5,W1,SKU_D,20,0,0,2101
5,W1,SKU_E,0,0,35,1538
5,W2,SKU_A,0,0,772,3943
5,W2,SKU_B,292,0,0,774
5,W2,SKU_C,0,0,931,3409
5,W2,SKU_D,0,0,433,1269
5,W2,SKU_E,0,0,53,1667
5,R1,SKU_A,1233,0,0,0
5,R1,SKU_B,453,0,0,0
5,R1,SKU_C,513,0,0,0
5,R1,SKU_D,572,0,0,0
5,R1,SKU_E,264,0,0,0
5,R2,SKU_A,0,124,0,473
5,R2,SKU_B,0,40,0,0
5,R2,SKU_C,0,72,0,518
5,R2,SKU_D,0,34,0,275
5,R2,SKU_E,58,0,0,375
5,R3,SKU_A,2049,0,0,0
5,R3,SKU_B,387,0,0,121
5,R3,SKU_C,1170,0,0,0
5,R3,SKU_D,1342,0,0,0
5,R3,SKU_E,77,0,0,648
6,Supplier,SKU_A,0,0,0,0
6,Supplier,SKU_B,0,0,0,0
6,Supplier,SKU_C,0,0,0,0
6,Supplier,SKU_D,0,0,0,0
6,Supplier,SKU_E,0,0,0,0
6,W1,SKU_A,1135,0,0,2232
6,W1,SKU_B,407,0,0,401
6,W1,SKU_C,1962,0,0,1164
6,W1,SKU_D,0,0,186,2101
6,W1,SKU_E,552,0,0,681
6,W2,SKU_A,0,0,1710,3943
6,W2,SKU_B,160,0,0,774
6,W2,SKU_C,0,0,931,3409
6,W2,SKU_D,0,0,433,1269
6,W2,SKU_E,0,0,53,1667
6,R1,SKU_A,1067,0,0,0
6,R1,SKU_B,373,0,0,123
6,R1,SKU_C,398,0,0,0
6,R1,SKU_D,508,0,0,0
6,R1,SKU_E,197,0,0,206
6,R2,SKU_A,230,0,0,990
6,R2,SKU_B,0,114,0,232
6,R2,SKU_C,342,0,0,71
6,R2,SKU_D,193,0,0,20
6,R2,SKU_E,366,0,0,167
6,R3,SKU_A,1793,0,0,0
6,R3,SKU_B,328,0,0,121
6,R3,SKU_C,1021,0,0,0
6,R3,SKU_D,1239,0,0,0
6,R3,SKU_E,0,50,0,648
7,Supplier,SKU_A,0,0,0,0
7,Supplier,SKU_B,0,0,0,0
7,Supplier,SKU_C,0,0,0,0
7,Supplier,SKU_D,0,0,0,0
7,Supplier,SKU_E,0,0,0,0
7,W1,SKU_A,3367,0,0,0
7,W1,SKU_B,444,0,0,232
7,W1,SKU_C,2234,0,0,0
7,W1,SKU_D,1915,0,0,0
7,W1,SKU_E,1233,0,0,0
7,W2,SKU_A,1322,0,1710,2621
7,W2,SKU_B,160,0,0,774
7,W2,SKU_C,0,0,931,3409
7,W2,SKU_D,0,0,433,1269
7,W2,SKU_E,966,0,53,701
7,R1,SKU_A,931,0,0,0
7,R1,SKU_B,295,0,0,123
7,R1,SKU_C,276,0,0,0
7,R1,SKU_D,445,0,0,0
7,R1,SKU_E,137,0,0,206
7,R2,SKU_A,105,0,0,990
7,R2,SKU_B,0,180,0,232
7,R2,SKU_C,261,0,0,71
7,R2,SKU_D,152,0,0,20
7,R2,SKU_E,311,0,0,167
7,R3,SKU_A,1553,0,0,0
7,R3,SKU_B,232,0,0,121
7,R3,SKU_C,879,0,0,0
7,R3,SKU_D,1134,0,0,0
7,R3,SKU_E,0,147,0,648
8,Supplier,SKU_A,0,0,0,0
8,Supplier,SKU_B,0,0,0,0
8,Supplier,SKU_C,0,0,0,0
8,Supplier,SKU_D,0,0,0,0
8,Supplier,SKU_E,0,0,0,0
8,W1,SKU_A,3367,0,0,0
8,W1,SKU_B,444,0,0,232
8,W1,SKU_C,2234,0,0,0
8,W1,SKU_D,1915,0,0,0
8,W1,SKU_E,1106,0,0,0
8,W2,SKU_A,2233,0,0,0
8,W2,SKU_B,5,0,0,774
8,W2,SKU_C,2024,0,0,0
8,W2,SKU_D,836,0,0,0
8,W2,SKU_E,913,0,0,701
8,R1,SKU_A,833,0,0,0
8,R1,SKU_B,366,0,0,157
8,R1,SKU_C,215,0,0,492
8,R1,SKU_D,410,0,0,0
8,R1,SKU_E,297,0,0,127
8,R2,SKU_A,0,0,0,990
8,R2,SKU_B,0,236,0,232
8,R2,SKU_C,210,0,0,71
8,R2,SKU_D,123,0,0,20
8,R2,SKU_E,269,0,0,167
8,R3,SKU_A,1374,0,0,1710
8,R3,SKU_B,288,0,0,287
8,R3,SKU_C,769,0,0,1385
8,R3,SKU_D,1057,0,0,433
8,R3,SKU_E,429,0,0,53
9,Supplier,SKU_A,0,0,0,0
9,Supplier,SKU_B,0,0,0,0
9,Supplier,SKU_C,0,0,0,0
9,Supplier,SKU_D,0,0,0,0
9,Supplier,SKU_E,0,0,0,0
9,W1,SKU_A,3367,0,0,0
9,W1,SKU_B,314,0,0,719
9,W1,SKU_C,2234,0,0,892
9,W1,SKU_D,1915,0,0,0
9,W1,SKU_E,942,0,0,500
9,W2,SKU_A,2233,0,0,0
9,W2,SKU_B,5,0,0,774
9,W2,SKU_C,2024,0,0,0
9,W2,SKU_D,836,0,0,0
9,W2,SKU_E,1614,0,0,0
9,R1,SKU_A,738,0,0,0
9,R1,SKU_B,336,0,0,157
9,R1,SKU_C,167,0,0,492
9,R1,SKU_D,376,0,0,0
9,R1,SKU_E,262,0,0,127
9,R2,SKU_A,885,0,0,0
9,R2,SKU_B,0,40,0,207
9,R2,SKU_C,225,0,0,400
9,R2,SKU_D,90,0,0,186
9,R2,SKU_E,392,0,0,164
9,R3,SKU_A,1245,0,0,1710
9,R3,SKU_B,224,0,0,287
9,R3,SKU_C,681,0,0,1385
9,R3,SKU_D,986,0,0,433
9,R3,SKU_E,361,0,0,53
10,Supplier,SKU_A,0,0,0,0
10,Supplier,SKU_B,0,0,0,0
10,Supplier,SKU_C,0,0,0,0
10,Supplier,SKU_D,0,0,0,0
10,Supplier,SKU_E,0,0,0,0
10,W1,SKU_A,1935,0,0,0
10,W1,SKU_B,314,0,0,719
10,W1,SKU_C,2234,0,0,892
10,W1,SKU_D,1915,0,0,0
10,W1,SKU_E,861,0,0,500
10,W2,SKU_A,1429,0,0,0
10,W2,SKU_B,0,0,124,774
10,W2,SKU_C,2024,0,0,0
10,W2,SKU_D,836,0,0,0
10,W2,SKU_E,1614,0,0,0
10,R1,SKU_A,627,0,0,978
10,R1,SKU_B,463,0,0,130
10,R1,SKU_C,578,0,0,0
10,R1,SKU_D,333,0,0,0
10,R1,SKU_E,358,0,0,81
10,R2,SKU_A,783,0,0,0
10,R2,SKU_B,0,86,0,207
10,R2,SKU_C,175,0,0,400
10,R2,SKU_D,60,0,0,186
10,R2,SKU_E,351,0,0,164
10,R3,SKU_A,1045,0,0,1710
10,R3,SKU_B,167,0,0,287
10,R3,SKU_C,593,0,0,1385
10,R3,SKU_D,912,0,0,433
10,R3,SKU_E,291,0,0,53
11,Supplier,SKU_A,0,0,0,0
11,Supplier,SKU_B,0,0,0,0
11,Supplier,SKU_C,0,0,0,0
11,Supplier,SKU_D,0,0,0,0
11,Supplier,SKU_E,0,0,0,0
11,W1,SKU_A,1935,0,0,0
11,W1,SKU_B,110,0,0,719
11,W1,SKU_C,2234,0,0,892
11,W1,SKU_D,1288,0,0,0
11,W1,SKU_E,861,0,0,500
11,W2,SKU_A,1429,0,0,1742
11,W2,SKU_B,650,0,0,0
11,W2,SKU_C,2024,0,0,0
11,W2,SKU_D,836,0,0,0
11,W2,SKU_E,924,0,0,0
11,R1,SKU_A,531,0,0,978
11,R1,SKU_B,418,0,0,130
11,R1,SKU_C,514,0,0,0
11,R1,SKU_D,293,0,0,0
11,R1,SKU_E,308,0,0,81
11,R2,SKU_A,686,0,0,0
11,R2,SKU_B,0,120,0,207
11,R2,SKU_C,136,0,0,400
11,R2,SKU_D,31,0,0,186
11,R2,SKU_E,304,0,0,164
11,R3,SKU_A,861,0,0,2514
11,R3,SKU_B,85,0,0,416
11,R3,SKU_C,480,0,0,1385
11,R3,SKU_D,826,0,0,433
11,R3,SKU_E,192,0,0,743
12,Supplier,SKU_A,0,0,0,0
12,Supplier,SKU_B,0,0,0,0
12,Supplier,SKU_C,0,0,0,0
12,Supplier,SKU_D,0,0,0,0
12,Supplier,SKU_E,0,0,0,0
12,W1,SKU_A,1935,0,0,0
12,W1,SKU_B,237,0,0,487
12,W1,SKU_C,2234,0,0,892
12,W1,SKU_D,1288,0,0,0
12,W1,SKU_E,648,0,0,500
12,W2,SKU_A,1429,0,0,1742
12,W2,SKU_B,511,0,0,0
12,W2,SKU_C,1625,0,0,0
12,W2,SKU_D,836,0,0,0
12,W2,SKU_E,924,0,0,690
12,R1,SKU_A,1369,0,0,0
12,R1,SKU_B,478,0,0,105
12,R1,SKU_C,443,0,0,0
12,R1,SKU_D,255,0,0,426
12,R1,SKU_E,337,0,0,81
12,R2,SKU_A,579,0,0,454
12,R2,SKU_B,5,0,0,204
12,R2,SKU_C,484,0,0,0
12,R2,SKU_D,168,0,0,201
12,R2,SKU_E,412,0,0,132
12,R3,SKU_A,2353,0,0,804
12,R3,SKU_B,299,0,0,129
12,R3,SKU_C,1706,0,0,0
12,R3,SKU_D,1165,0,0,0
12,R3,SKU_E,153,0,0,690
13,Supplier,SKU_A,0,0,0,0
13,Supplier,SKU_B,0,0,0,0
13,Supplier,SKU_C,0,0,0,0
13,Supplier,SKU_D,0,0,0,0
13,Supplier,SKU_E,0,0,0,0
13,W1,SKU_A,1935,0,0,0
13,W1,SKU_B,237,0,0,487
13,W1,SKU_C,1787,0,0,892
13,W1,SKU_D,1288,0,0,0
13,W1,SKU_E,648,0,0,500
13,W2,SKU_A,1429,0,0,1742
13,W2,SKU_B,511,0,0,0
13,W2,SKU_C,1625,0,0,0
13,W2,SKU_D,836,0,0,0
13,W2,SKU_E,924,0,0,690
13,R1,SKU_A,1214,0,0,0
13,R1,SKU_B,389,0,0,105
13,R1,SKU_C,341,0,0,0
13,R1,SKU_D,187,0,0,426
13,R1,SKU_E,267,0,0,81
13,R2,SKU_A,446,0,0,454
13,R2,SKU_B,0,57,0,204
13,R2,SKU_C,414,0,0,0
13,R2,SKU_D,114,0,0,201
13,R2,SKU_E,355,0,0,132
13,R3,SKU_A,2066,0,0,804
13,R3,SKU_B,183,0,0,129
13,R3,SKU_C,1492,0,0,0
13,R3,SKU_D,1027,0,0,0
13,R3,SKU_E,26,0,0,690
14,Supplier,SKU_A,0,0,0,0
14,Supplier,SKU_B,0,0,0,0
14,Supplier,SKU_C,0,0,0,0
14,Supplier,SKU_D,0,0,0,0
14,Supplier,SKU_E,0,0,0,0
14,W1,SKU_A,1935,0,0,0
14,W1,SKU_B,565,0,0,334
14,W1,SKU_C,2280,0,0,0
14,W1,SKU_D,1288,0,0,0
14,W1,SKU_E,1026,0,0,458
14,W2,SKU_A,540,0,0,1742
14,W2,SKU_B,322,0,0,0
14,W2,SKU_C,1252,0,0,0
14,W2,SKU_D,836,0,0,0
14,W2,SKU_E,924,0,0,690
14,R1,SKU_A,1065,0,0,0
14,R1,SKU_B,423,0,0,159
14,R1,SKU_C,247,0,0,447
14,R1,SKU_D,553,0,0,0
14,R1,SKU_E,270,0,0,122
14,R2,SKU_A,317,0,0,454
14,R2,SKU_B,0,106,0,204
14,R2,SKU_C,363,0,0,0
14,R2,SKU_D,69,0,0,201
14,R2,SKU_E,302,0,0,132
14,R3,SKU_A,1752,0,0,1693
14,R3,SKU_B,124,0,0,457
14,R3,SKU_C,1365,0,0,772
14,R3,SKU_D,934,0,0,0
14,R3,SKU_E,0,50,0,690
15,Supplier,SKU_A,0,0,0,0
15,Supplier,SKU_B,0,0,0,0
15,Supplier,SKU_C,0,0,0,0
15,Supplier,SKU_D,0,0,0,0
15,Supplier,SKU_E,0,0,0,0
15,W1,SKU_A,1367,0,0,0
15,W1,SKU_B,338,0,0,334
15,W1,SKU_C,2280,0,0,0
15,W1,SKU_D,1288,0,0,0
15,W1,SKU_E,782,0,0,458
15,W2,SKU_A,540,0,0,1742
15,W2,SKU_B,322,0,0,744
15,W2,SKU_C,1252,0,0,0
15,W2,SKU_D,836,0,0,0
15,W2,SKU_E,924,0,0,690
15,R1,SKU_A,924,0,0,0
15,R1,SKU_B,389,0,0,159
15,R1,SKU_C,171,0,0,447
15,R1,SKU_D,492,0,0,0
15,R1,SKU_E,221,0,0,122
15,R2,SKU_A,676,0,0,0
15,R2,SKU_B,55,0,0,0
15,R2,SKU_C,316,0,0,0
15,R2,SKU_D,228,0,0,0
15,R2,SKU_E,390,0,0,0
15,R3,SKU_A,2352,0,0,889
15,R3,SKU_B,197,0,0,328
15,R3,SKU_C,1264,0,0,772
15,R3,SKU_D,846,0,0,0
15,R3,SKU_E,576,0,0,0
16,Supplier,SKU_A,0,0,0,0
16,Supplier,SKU_B,0,0,0,0
16,Supplier,SKU_C,0,0,0,0
16,Supplier,SKU_D,0,0,0,0
16,Supplier,SKU_E,0,0,0,0
16,W1,SKU_A,1367,0,0,2494
16,W1,SKU_B,233,0,0,825
16,W1,SKU_C,2280,0,0,846
16,W1,SKU_D,1069,0,0,0
16,W1,SKU_E,782,0,0,458
16,W2,SKU_A,540,0,0,1742
16,W2,SKU_B,207,0,0,744
16,W2,SKU_C,1252,0,0,0
16,W2,SKU_D,0,0,466,0
16,W2,SKU_E,924,0,0,690
16,R1,SKU_A,803,0,0,0
16,R1,SKU_B,521,0,0,0
16,R1,SKU_C,565,0,0,0
16,R1,SKU_D,462,0,0,0
16,R1,SKU_E,306,0,0,0
16,R2,SKU_A,588,0,0,568
16,R2,SKU_B,9,0,0,227
16,R2,SKU_C,274,0,0,399
16,R2,SKU_D,188,0,0,219
16,R2,SKU_E,352,0,0,166
16,R3,SKU_A,2179,0,0,889
16,R3,SKU_B,141,0,0,443
16,R3,SKU_C,1178,0,0,772
16,R3,SKU_D,763,0,0,836
16,R3,SKU_E,513,0,0,0
17,Supplier,SKU_A,0,0,0,0
17,Supplier,SKU_B,0,0,0,0
17,Supplier,SKU_C,0,0,0,0
17,Supplier,SKU_D,0,0,0,0
17,Supplier,SKU_E,0,0,0,0
17,W1,SKU_A,454,0,0,2494
17,W1,SKU_B,233,0,0,825
17,W1,SKU_C,2280,0,0,846
17,W1,SKU_D,1069,0,0,0
17,W1,SKU_E,696,0,0,458
17,W2,SKU_A,2282,0,0,0
17,W2,SKU_B,207,0,0,744
17,W2,SKU_C,1252,0,0,0
17,W2,SKU_D,0,0,466,1302
17,W2,SKU_E,924,0,0,690
17,R1,SKU_A,667,0,0,913
17,R1,SKU_B,494,0,0,105
17,R1,SKU_C,499,0,0,0
17,R1,SKU_D,419,0,0,0
17,R1,SKU_E,271,0,0,164
17,R2,SKU_A,498,0,0,568
17,R2,SKU_B,0,45,0,227
17,R2,SKU_C,241,0,0,399
17,R2,SKU_D,141,0,0,219
17,R2,SKU_E,314,0,0,166
17,R3,SKU_A,2024,0,0,889
17,R3,SKU_B,85,0,0,443
17,R3,SKU_C,1103,0,0,772
17,R3,SKU_D,687,0,0,836
17,R3,SKU_E,443,0,0,0
18,Supplier,SKU_A,0,0,0,0
18,Supplier,SKU_B,0,0,0,0
18,Supplier,SKU_C,0,0,0,0
18,Supplier,SKU_D,0,0,0,0
18,Supplier,SKU_E,0,0,0,0
18,W1,SKU_A,454,0,0,2494
18,W1,SKU_B,233,0,0,825
18,W1,SKU_C,2280,0,0,846
18,W1,SKU_D,1069,0,0,0
18,W1,SKU_E,696,0,0,458
18,W2,SKU_A,1436,0,0,0
18,W2,SKU_B,95,0,0,744
18,W2,SKU_C,863,0,0,0
18,W2,SKU_D,0,0,466,1302
18,W2,SKU_E,1614,0,0,0
18,R1,SKU_A,580,0,0,913
18,R1,SKU_B,454,0,0,105
18,R1,SKU_C,436,0,0,0
18,R1,SKU_D,401,0,0,0
18,R1,SKU_E,232,0,0,164
18,R2,SKU_A,398,0,0,568
18,R2,SKU_B,0,81,0,227
18,R2,SKU_C,209,0,0,399
18,R2,SKU_D,113,0,0,219
18,R2,SKU_E,280,0,0,166
18,R3,SKU_A,2714,0,0,0
18,R3,SKU_B,357,0,0,115
18,R3,SKU_C,1744,0,0,0
18,R3,SKU_D,603,0,0,836
18,R3,SKU_E,373,0,0,0
19,Supplier,SKU_A,0,0,0,0
19,Supplier,SKU_B,0,0,0,0
19,Supplier,SKU_C,0,0,0,0
19,Supplier,SKU_D,0,0,0,0
19,Supplier,SKU_E,0,0,0,0
19,W1,SKU_A,454,0,0,2494
19,W1,SKU_B,473,0,0,491
19,W1,SKU_C,1826,0,0,846
19,W1,SKU_D,1069,0,0,0
19,W1,SKU_E,1000,0,0,0
19,W2,SKU_A,1436,0,0,1735
19,W2,SKU_B,95,0,0,744
19,W2,SKU_C,863,0,0,1994
19,W2,SKU_D,0,0,466,1302
19,W2,SKU_E,953,0,0,0
19,R1,SKU_A,1356,0,0,0
19,R1,SKU_B,513,0,0,0
19,R1,SKU_C,354,0,0,0
19,R1,SKU_D,350,0,0,0
19,R1,SKU_E,334,0,0,0
19,R2,SKU_A,842,0,0,0
19,R2,SKU_B,80,0,0,0
19,R2,SKU_C,567,0,0,0
19,R2,SKU_D,285,0,0,0
19,R2,SKU_E,402,0,0,0
19,R3,SKU_A,2524,0,0,846
19,R3,SKU_B,296,0,0,227
19,R3,SKU_C,1649,0,0,389
19,R3,SKU_D,510,0,0,836
19,R3,SKU_E,292,0,0,661
20,Supplier,SKU_A,0,0,0,0
20,Supplier,SKU_B,0,0,0,0
20,Supplier,SKU_C,0,0,0,0
20,Supplier,SKU_D,0,0,0,0
20,Supplier,SKU_E,0,0,0,0
20,W1,SKU_A,0,0,43,2494
20,W1,SKU_B,228,0,0,690
20,W1,SKU_C,1826,0,0,846
20,W1,SKU_D,660,0,0,0
20,W1,SKU_E,864,0,0,452
20,W2,SKU_A,1436,0,0,1735
20,W2,SKU_B,0,0,22,744
20,W2,SKU_C,863,0,0,1994
20,W2,SKU_D,0,0,466,1302
20,W2,SKU_E,953,0,0,661
20,R1,SKU_A,1190,0,0,0
20,R1,SKU_B,422,0,0,94
20,R1,SKU_C,252,0,0,454
20,R1,SKU_D,267,0,0,409
20,R1,SKU_E,262,0,0,136
20,R2,SKU_A,709,0,0,0
20,R2,SKU_B,5,0,0,0
20,R2,SKU_C,522,0,0,0
20,R2,SKU_D,236,0,0,0
20,R2,SKU_E,346,0,0,0
20,R3,SKU_A,2264,0,0,846
20,R3,SKU_B,301,0,0,112
20,R3,SKU_C,1464,0,0,389
20,R3,SKU_D,1221,0,0,0
20,R3,SKU_E,205,0,0,661
21,Supplier,SKU_A,0,0,0,0
21,Supplier,SKU_B,0,0,0,0
21,Supplier,SKU_C,0,0,0,0
21,Supplier,SKU_D,0,0,0,0
21,Supplier,SKU_E,0,0,0,0
21,W1,SKU_A,2451,0,0,0
21,W1,SKU_B,582,0,0,444
21,W1,SKU_C,2672,0,0,0
21,W1,SKU_D,449,0,0,1461
21,W1,SKU_E,864,0,0,452
21,W2,SKU_A,1436,0,0,1735
21,W2,SKU_B,612,0,0,0
21,W2,SKU_C,452,0,0,1994
21,W2,SKU_D,0,0,466,1302
21,W2,SKU_E,953,0,0,661
21,R1,SKU_A,1041,0,0,0
21,R1,SKU_B,341,0,0,94
21,R1,SKU_C,151,0,0,454
21,R1,SKU_D,207,0,0,409
21,R1,SKU_E,199,0,0,136
21,R2,SKU_A,587,0,0,497
21,R2,SKU_B,0,68,0,245
21,R2,SKU_C,457,0,0,0
21,R2,SKU_D,180,0,0,211
21,R2,SKU_E,304,0,0,154
21,R3,SKU_A,2045,0,0,846
21,R3,SKU_B,208,0,0,112
21,R3,SKU_C,1319,0,0,389
21,R3,SKU_D,1119,0,0,0
21,R3,SKU_E,124,0,0,661
22,Supplier,SKU_A,0,0,0,0
22,Supplier,SKU_B,0,0,0,0
22,Supplier,SKU_C,0,0,0,0
22,Supplier,SKU_D,0,0,0,0
22,Supplier,SKU_E,0,0,0,0
22,W1,SKU_A,2451,0,0,0
22,W1,SKU_B,582,0,0,444
22,W1,SKU_C,2316,0,0,0
22,W1,SKU_D,449,0,0,1461
22,W1,SKU_E,587,0,0,452
22,W2,SKU_A,568,0,0,1735
22,W2,SKU_B,519,0,0,0
22,W2,SKU_C,452,0,0,1994
22,W2,SKU_D,0,0,466,1302
22,W2,SKU_E,953,0,0,661
22,R1,SKU_A,919,0,0,0
22,R1,SKU_B,389,0,0,0
22,R1,SKU_C,549,0,0,0
22,R1,SKU_D,574,0,0,0
22,R1,SKU_E,291,0,0,0
22,R2,SKU_A,484,0,0,497
22,R2,SKU_B,0,121,0,245
22,R2,SKU_C,425,0,0,0
22,R2,SKU_D,142,0,0,211
22,R2,SKU_E,250,0,0,154
22,R3,SKU_A,1888,0,0,1714
22,R3,SKU_B,143,0,0,432
22,R3,SKU_C,1210,0,0,800
22,R3,SKU_D,1020,0,0,0
22,R3,SKU_E,57,0,0,661
23,Supplier,SKU_A,0,0,0,0
23,Supplier,SKU_B,0,0,0,0
23,Supplier,SKU_C,0,0,0,0
23,Supplier,SKU_D,0,0,0,0
23,Supplier,SKU_E,0,0,0,0
23,W1,SKU_A,2451,0,0,0
23,W1,SKU_B,254,0,0,444
23,W1,SKU_C,2316,0,0,0
23,W1,SKU_D,449,0,0,1461
23,W1,SKU_E,587,0,0,452
23,W2,SKU_A,568,0,0,1735
23,W2,SKU_B,519,0,0,0
23,W2,SKU_C,452,0,0,1994
23,W2,SKU_D,1302,0,466,0
23,W2,SKU_E,953,0,0,661
23,R1,SKU_A,814,0,0,0
23,R1,SKU_B,361,0,0,264
23,R1,SKU_C,486,0,0,0
23,R1,SKU_D,544,0,0,0
23,R1,SKU_E,253,0,0,135
23,R2,SKU_A,399,0,0,497
23,R2,SKU_B,0,164,0,245
23,R2,SKU_C,386,0,0,0
23,R2,SKU_D,101,0,0,211
23,R2,SKU_E,223,0,0,154
23,R3,SKU_A,2566,0,0,868
23,R3,SKU_B,191,0,0,320
23,R3,SKU_C,1504,0,0,411
23,R3,SKU_D,962,0,0,0
23,R3,SKU_E,665,0,0,0
24,Supplier,SKU_A,0,0,0,0
24,Supplier,SKU_B,0,0,0,0
24,Supplier,SKU_C,0,0,0,0
24,Supplier,SKU_D,0,0,0,0
24,Supplier,SKU_E,0,0,0,0
24,W1,SKU_A,1549,0,0,0
24,W1,SKU_B,254,0,0,909
24,W1,SKU_C,2316,0,0,810
24,W1,SKU_D,449,0,0,1461
24,W1,SKU_E,505,0,0,1019
24,W2,SKU_A,568,0,0,1735
24,W2,SKU_B,390,0,0,0
24,W2,SKU_C,103,0,0,1994
24,W2,SKU_D,836,0,0,0
24,W2,SKU_E,953,0,0,661
24,R1,SKU_A,712,0,0,0
24,R1,SKU_B,331,0,0,264
24,R1,SKU_C,421,0,0,0
24,R1,SKU_D,514,0,0,0
24,R1,SKU_E,219,0,0,135
24,R2,SKU_A,823,0,0,0
24,R2,SKU_B,37,0,0,201
24,R2,SKU_C,350,0,0,356
24,R2,SKU_D,269,0,0,0
24,R2,SKU_E,345,0,0,142
24,R3,SKU_A,2406,0,0,868
24,R3,SKU_B,131,0,0,449
24,R3,SKU_C,1404,0,0,760
24,R3,SKU_D,881,0,0,466
24,R3,SKU_E,599,0,0,0
25,Supplier,SKU_A,0,0,0,0
25,Supplier,SKU_B,0,0,0,0
25,Supplier,SKU_C,0,0,0,0
25,Supplier,SKU_D,0,0,0,0
25,Supplier,SKU_E,0,0,0,0
25,W1,SKU_A,1033,0,0,0
25,W1,SKU_B,453,0,0,710
25,W1,SKU_C,1847,0,0,810
25,W1,SKU_D,449,0,0,1461
25,W1,SKU_E,957,0,0,567
25,W2,SKU_A,2303,0,0,0
25,W2,SKU_B,390,0,0,0
25,W2,SKU_C,2097,0,0,0
25,W2,SKU_D,836,0,0,0
25,W2,SKU_E,953,0,0,661
25,R1,SKU_A,598,0,0,902
25,R1,SKU_B,546,0,0,0
25,R1,SKU_C,360,0,0,469
25,R1,SKU_D,484,0,0,0
25,R1,SKU_E,335,0,0,82
25,R2,SKU_A,730,0,0,0
25,R2,SKU_B,0,18,0,201
25,R2,SKU_C,299,0,0,356
25,R2,SKU_D,228,0,0,0
25,R2,SKU_E,306,0,0,142
25,R3,SKU_A,2222,0,0,868
25,R3,SKU_B,77,0,0,449
25,R3,SKU_C,1304,0,0,760
25,R3,SKU_D,777,0,0,466
25,R3,SKU_E,523,0,0,0
26,Supplier,SKU_A,0,0,0,0
26,Supplier,SKU_B,0,0,0,0
26,Supplier,SKU_C,0,0,0,0
26,Supplier,SKU_D,0,0,0,0
26,Supplier,SKU_E,0,0,0,0
26,W1,SKU_A,1033,0,0,0
26,W1,SKU_B,591,0,0,465
26,W1,SKU_C,1847,0,0,810
26,W1,SKU_D,1691,0,0,0
26,W1,SKU_E,805,0,0,567
26,W2,SKU_A,2303,0,0,0
26,W2,SKU_B,276,0,0,0
26,W2,SKU_C,2097,0,0,0
26,W2,SKU_D,836,0,0,0
26,W2,SKU_E,1614,0,0,0
26,R1,SKU_A,488,0,0,902
26,R1,SKU_B,490,0,0,0
26,R1,SKU_C,270,0,0,469
26,R1,SKU_D,440,0,0,0
26,R1,SKU_E,285,0,0,82
26,R2,SKU_A,657,0,0,0
26,R2,SKU_B,0,84,0,201
26,R2,SKU_C,262,0,0,356
26,R2,SKU_D,177,0,0,0
26,R2,SKU_E,255,0,0,142
26,R3,SKU_A,2921,0,0,0
26,R3,SKU_B,350,0,0,129
26,R3,SKU_C,1614,0,0,349
26,R3,SKU_D,684,0,0,466
26,R3,SKU_E,438,0,0,0
27,Supplier,SKU_A,0,0,0,0
27,Supplier,SKU_B,0,0,0,0
27,Supplier,SKU_C,0,0,0,0
27,Supplier,SKU_D,0,0,0,0
27,Supplier,SKU_E,0,0,0,0
27,W1,SKU_A,1033,0,0,2312
27,W1,SKU_B,383,0,0,465
27,W1,SKU_C,1847,0,0,810
27,W1,SKU_D,1691,0,0,0
27,W1,SKU_E,702,0,0,567
27,W2,SKU_A,1465,0,0,0
27,W2,SKU_B,276,0,0,790
27,W2,SKU_C,2097,0,0,0
27,W2,SKU_D,836,0,0,0
27,W2,SKU_E,1614,0,0,0
27,R1,SKU_A,1229,0,0,0
27,R1,SKU_B,420,0,0,0
27,R1,SKU_C,613,0,0,0
27,R1,SKU_D,376,0,0,0
27,R1,SKU_E,306,0,0,0
27,R2,SKU_A,547,0,0,516
27,R2,SKU_B,41,0,0,208
27,R2,SKU_C,552,0,0,0
27,R2,SKU_D,123,0,0,219
27,R2,SKU_E,354,0,0,152
27,R3,SKU_A,2693,0,0,0
27,R3,SKU_B,255,0,0,129
27,R3,SKU_C,1425,0,0,349
27,R3,SKU_D,572,0,0,466
27,R3,SKU_E,333,0,0,0
28,Supplier,SKU_A,0,0,0,0
28,Supplier,SKU_B,0,0,0,0
28,Supplier,SKU_C,0,0,0,0
28,Supplier,SKU_D,0,0,0,0
28,Supplier,SKU_E,0,0,0,0
28,W1,SKU_A,1033,0,0,2312
28,W1,SKU_B,257,0,0,465
28,W1,SKU_C,1847,0,0,810
28,W1,SKU_D,1691,0,0,0
28,W1,SKU_E,702,0,0,567
28,W2,SKU_A,1465,0,0,1706
28,W2,SKU_B,134,0,0,790
28,W2,SKU_C,1607,0,0,0
28,W2,SKU_D,836,0,0,0
28,W2,SKU_E,913,0,0,0
28,R1,SKU_A,1063,0,0,0
28,R1,SKU_B,349,0,0,233
28,R1,SKU_C,512,0,0,0
28,R1,SKU_D,315,0,0,0
28,R1,SKU_E,248,0,0,103
28,R2,SKU_A,442,0,0,516
28,R2,SKU_B,0,29,0,208
28,R2,SKU_C,494,0,0,0
28,R2,SKU_D,73,0,0,219
28,R2,SKU_E,310,0,0,152
28,R3,SKU_A,2480,0,0,838
28,R3,SKU_B,327,0,0,256
28,R3,SKU_C,1678,0,0,490
28,R3,SKU_D,960,0,0,0
28,R3,SKU_E,265,0,0,701
29,Supplier,SKU_A,0,0,0,0
29,Supplier,SKU_B,0,0,0,0
29,Supplier,SKU_C,0,0,0,0
29,Supplier,SKU_D,0,0,0,0
29,Supplier,SKU_E,0,0,0,0
29,W1,SKU_A,1033,0,0,2312
29,W1,SKU_B,722,0,0,0
29,W1,SKU_C,2657,0,0,0
29,W1,SKU_D,1247,0,0,0
29,W1,SKU_E,1012,0,0,0
29,W2,SKU_A,1465,0,0,1706
29,W2,SKU_B,134,0,0,790
29,W2,SKU_C,1607,0,0,0
29,W2,SKU_D,836,0,0,0
29,W2,SKU_E,913,0,0,701
29,R1,SKU_A,943,0,0,0
29,R1,SKU_B,298,0,0,233
29,R1,SKU_C,414,0,0,0
29,R1,SKU_D,265,0,0,0
29,R1,SKU_E,211,0,0,103
29,R2,SKU_A,327,0,0,516
29,R2,SKU_B,0,78,0,208
29,R2,SKU_C,444,0,0,0
29,R2,SKU_D,38,0,0,219
29,R2,SKU_E,263,0,0,152
29,R3,SKU_A,2289,0,0,838
29,R3,SKU_B,251,0,0,256
29,R3,SKU_C,1573,0,0,490
29,R3,SKU_D,886,0,0,0
29,R3,SKU_E,177,0,0,701
30,Supplier,SKU_A,0,0,0,0
30,Supplier,SKU_B,0,0,0,0
30,Supplier,SKU_C,0,0,0,0
30,Supplier,SKU_D,0,0,0,0
30,Supplier,SKU_E,0,0,0,0
30,W1,SKU_A,537,0,0,2312
30,W1,SKU_B,405,0,0,315
30,W1,SKU_C,1812,0,0,0
30,W1,SKU_D,1057,0,0,0
30,W1,SKU_E,1012,0,0,594
30,W2,SKU_A,1465,0,0,1706
30,W2,SKU_B,1,0,0,790
30,W2,SKU_C,1607,0,0,0
30,W2,SKU_D,836,0,0,0
30,W2,SKU_E,913,0,0,701
30,R1,SKU_A,844,0,0,0
30,R1,SKU_B,499,0,0,122
30,R1,SKU_C,354,0,0,476
30,R1,SKU_D,238,0,0,444
30,R1,SKU_E,274,0,0,119
30,R2,SKU_A,766,0,0,0
30,R2,SKU_B,80,0,0,0
30,R2,SKU_C,398,0,0,0
30,R2,SKU_D,222,0,0,0
30,R2,SKU_E,387,0,0,0
30,R3,SKU_A,2119,0,0,838
30,R3,SKU_B,202,0,0,256
30,R3,SKU_C,1495,0,0,490
30,R3,SKU_D,821,0,0,0
30,R3,SKU_E,113,0,0,701
31,Supplier,SKU_A,0,0,0,0
31,Supplier,SKU_B,0,0,0,0
31,Supplier,SKU_C,0,0,0,0
31,Supplier,SKU_D,0,0,0,0
31,Supplier,SKU_E,0,0,0,0
31,W1,SKU_A,537,0,0,2312
31,W1,SKU_B,405,0,0,315
31,W1,SKU_C,1812,0,0,0
31,W1,SKU_D,1057,0,0,0
31,W1,SKU_E,1012,0,0,594
31,W2,SKU_A,663,0,0,1706
31,W2,SKU_B,1,0,0,790
31,W2,SKU_C,1607,0,0,0
31,W2,SKU_D,0,0,491,0
31,W2,SKU_E,913,0,0,701
31,R1,SKU_A,747,0,0,0
31,R1,SKU_B,447,0,0,122
31,R1,SKU_C,295,0,0,476
31,R1,SKU_D,198,0,0,444
31,R1,SKU_E,230,0,0,119
31,R2,SKU_A,683,0,0,496
31,R2,SKU_B,36,0,0,195
31,R2,SKU_C,374,0,0,369
31,R2,SKU_D,197,0,0,190
31,R2,SKU_E,356,0,0,138
31,R3,SKU_A,1963,0,0,1640
31,R3,SKU_B,146,0,0,389
31,R3,SKU_C,1397,0,0,490
31,R3,SKU_D,729,0,0,836
31,R3,SKU_E,53,0,0,701
32,Supplier,SKU_A,0,0,0,0
32,Supplier,SKU_B,0,0,0,0
32,Supplier,SKU_C,0,0,0,0
32,Supplier,SKU_D,0,0,0,0
32,Supplier,SKU_E,0,0,0,0
32,W1,SKU_A,1880,0,0,0
32,W1,SKU_B,405,0,0,315
32,W1,SKU_C,1812,0,0,0
32,W1,SKU_D,1057,0,0,0
32,W1,SKU_E,891,0,0,594
32,W2,SKU_A,663,0,0,1706
32,W2,SKU_B,0,0,104,790
32,W2,SKU_C,1230,0,0,0
32,W2,SKU_D,0,0,491,1327
32,W2,SKU_E,913,0,0,701
32,R1,SKU_A,626,0,0,0
32,R1,SKU_B,515,0,0,0
32,R1,SKU_C,692,0,0,0
32,R1,SKU_D,605,0,0,0
32,R1,SKU_E,308,0,0,0
32,R2,SKU_A,614,0,0,496
32,R2,SKU_B,0,12,0,195
32,R2,SKU_C,339,0,0,369
32,R2,SKU_D,164,0,0,190
32,R2,SKU_E,326,0,0,138
32,R3,SKU_A,2614,0,0,802
32,R3,SKU_B,337,0,0,133
32,R3,SKU_C,1773,0,0,0
32,R3,SKU_D,651,0,0,836
32,R3,SKU_E,679,0,0,0
33,Supplier,SKU_A,0,0,0,0
33,Supplier,SKU_B,0,0,0,0
33,Supplier,SKU_C,0,0,0,0
33,Supplier,SKU_D,0,0,0,0
33,Supplier,SKU_E,0,0,0,0
33,W1,SKU_A,1880,0,0,1981
33,W1,SKU_B,267,0,0,758
33,W1,SKU_C,1812,0,0,1314
33,W1,SKU_D,1057,0,0,0
33,W1,SKU_E,755,0,0,594
33,W2,SKU_A,663,0,0,1706
33,W2,SKU_B,790,0,104,0
33,W2,SKU_C,1230,0,0,0
33,W2,SKU_D,0,0,491,1327
33,W2,SKU_E,913,0,0,701
33,R1,SKU_A,468,0,0,969
33,R1,SKU_B,452,0,0,138
33,R1,SKU_C,588,0,0,0
33,R1,SKU_D,555,0,0,0
33,R1,SKU_E,264,0,0,121
33,R2,SKU_A,519,0,0,496
33,R2,SKU_B,0,60,0,195
33,R2,SKU_C,290,0,0,369
33,R2,SKU_D,113,0,0,190
33,R2,SKU_E,294,0,0,138
33,R3,SKU_A,2440,0,0,802
33,R3,SKU_B,243,0,0,133
33,R3,SKU_C,1668,0,0,0
33,R3,SKU_D,574,0,0,836
33,R3,SKU_E,609,0,0,0
34,Supplier,SKU_A,0,0,0,0
34,Supplier,SKU_B,0,0,0,0
34,Supplier,SKU_C,0,0,0,0
34,Supplier,SKU_D,0,0,0,0
34,Supplier,SKU_E,0,0,0,0
34,W1,SKU_A,1880,0,0,1981
34,W1,SKU_B,77,0,0,758
34,W1,SKU_C,1812,0,0,1314
34,W1,SKU_D,1057,0,0,0
34,W1,SKU_E,670,0,0,594
34,W2,SKU_A,2369,0,0,0
34,W2,SKU_B,527,0,0,0
34,W2,SKU_C,1230,0,0,0
34,W2,SKU_D,0,0,491,1327
34,W2,SKU_E,913,0,0,701
34,R1,SKU_A,280,0,0,969
34,R1,SKU_B,362,0,0,138
34,R1,SKU_C,441,0,0,0
34,R1,SKU_D,467,0,0,0
34,R1,SKU_E,197,0,0,121
34,R2,SKU_A,933,0,0,0
34,R2,SKU_B,66,0,0,0
34,R2,SKU_C,604,0,0,0
34,R2,SKU_D,260,0,0,0
34,R2,SKU_E,394,0,0,0
34,R3,SKU_A,2247,0,0,802
34,R3,SKU_B,180,0,0,397
34,R3,SKU_C,1524,0,0,377
34,R3,SKU_D,474,0,0,836
34,R3,SKU_E,541,0,0,0
35,Supplier,SKU_A,0,0,0,0
35,Supplier,SKU_B,0,0,0,0
35,Supplier,SKU_C,0,0,0,0
35,Supplier,SKU_D,0,0,0,0
35,Supplier,SKU_E,0,0,0,0
35,W1,SKU_A,1880,0,0,1981
35,W1,SKU_B,239,0,0,443
35,W1,SKU_C,1363,0,0,1314
35,W1,SKU_D,1057,0,0,0
35,W1,SKU_E,1264,0,0,0
35,W2,SKU_A,1659,0,0,0
35,W2,SKU_B,527,0,0,0
35,W2,SKU_C,867,0,0,0
35,W2,SKU_D,0,0,491,1327
35,W2,SKU_E,1614,0,0,0
35,R1,SKU_A,1073,0,0,0
35,R1,SKU_B,440,0,0,0
35,R1,SKU_C,320,0,0,0
35,R1,SKU_D,392,0,0,0
35,R1,SKU_E,264,0,0,0
35,R2,SKU_A,853,0,0,0
35,R2,SKU_B,0,10,0,190
35,R2,SKU_C,532,0,0,0
35,R2,SKU_D,214,0,0,0
35,R2,SKU_E,343,0,0,136
35,R3,SKU_A,2829,0,0,0
35,R3,SKU_B,239,0,0,264
35,R3,SKU_C,1367,0,0,377
35,R3,SKU_D,1217,0,0,0
35,R3,SKU_E,461,0,0,0
36,Supplier,SKU_A,0,0,0,0
36,Supplier,SKU_B,0,0,0,0
36,Supplier,SKU_C,0,0,0,0
36,Supplier,SKU_D,0,0,0,0
36,Supplier,SKU_E,0,0,0,0
36,W1,SKU_A,1394,0,0,1981
36,W1,SKU_B,239,0,0,443
36,W1,SKU_C,1363,0,0,1314
36,W1,SKU_D,824,0,0,0
36,W1,SKU_E,1143,0,0,0
36,W2,SKU_A,1659,0,0,1512
36,W2,SKU_B,390,0,0,0
36,W2,SKU_C,867,0,0,1990
36,W2,SKU_D,0,0,491,1327
36,W2,SKU_E,1614,0,0,0
36,R1,SKU_A,909,0,0,0
36,R1,SKU_B,393,0,0,153
36,R1,SKU_C,227,0,0,449
36,R1,SKU_D,340,0,0,0
36,R1,SKU_E,214,0,0,206
36,R2,SKU_A,745,0,0,0
36,R2,SKU_B,0,76,0,190
36,R2,SKU_C,487,0,0,0
36,R2,SKU_D,177,0,0,0
36,R2,SKU_E,292,0,0,136
36,R3,SKU_A,2618,0,0,0
36,R3,SKU_B,162,0,0,264
36,R3,SKU_C,1245,0,0,377
36,R3,SKU_D,1125,0,0,0
36,R3,SKU_E,382,0,0,0
37,Supplier,SKU_A,0,0,0,0
37,Supplier,SKU_B,0,0,0,0
37,Supplier,SKU_C,0,0,0,0
37,Supplier,SKU_D,0,0,0,0
37,Supplier,SKU_E,0,0,0,0
37,W1,SKU_A,1394,0,0,1981
37,W1,SKU_B,0,0,79,771
37,W1,SKU_C,1363,0,0,1314
37,W1,SKU_D,405,0,0,0
37,W1,SKU_E,971,0,0,463
37,W2,SKU_A,1659,0,0,1512
37,W2,SKU_B,390,0,0,0
37,W2,SKU_C,867,0,0,1990
37,W2,SKU_D,0,0,491,1327
37,W2,SKU_E,962,0,0,0
37,R1,SKU_A,793,0,0,0
37,R1,SKU_B,339,0,0,153
37,R1,SKU_C,140,0,0,449
37,R1,SKU_D,301,0,0,0
37,R1,SKU_E,175,0,0,206
37,R2,SKU_A,667,0,0,0
37,R2,SKU_B,0,128,0,190
37,R2,SKU_C,458,0,0,0
37,R2,SKU_D,143,0,0,0
37,R2,SKU_E,258,0,0,136
37,R3,SKU_A,2437,0,0,710
37,R3,SKU_B,89,0,0,401
37,R3,SKU_C,1154,0,0,740
37,R3,SKU_D,1003,0,0,0
37,R3,SKU_E,317,0,0,652
38,Supplier,SKU_A,0,0,0,0
38,Supplier,SKU_B,0,0,0,0
38,Supplier,SKU_C,0,0,0,0
38,Supplier,SKU_D,0,0,0,0
38,Supplier,SKU_E,0,0,0,0
38,W1,SKU_A,2452,0,0,0
38,W1,SKU_B,364,0,0,799
38,W1,SKU_C,2322,0,0,0
38,W1,SKU_D,405,0,0,1716
38,W1,SKU_E,882,0,0,463
38,W2,SKU_A,1659,0,0,1512
38,W2,SKU_B,240,0,0,0
38,W2,SKU_C,497,0,0,1990
38,W2,SKU_D,836,0,0,0
38,W2,SKU_E,962,0,0,652
38,R1,SKU_A,662,0,0,923
38,R1,SKU_B,423,0,0,107
38,R1,SKU_C,515,0,0,0
38,R1,SKU_D,252,0,0,419
38,R1,SKU_E,343,0,0,89
38,R2,SKU_A,581,0,0,486
38,R2,SKU_B,9,0,0,211
38,R2,SKU_C,415,0,0,355
38,R2,SKU_D,117,0,0,233
38,R2,SKU_E,352,0,0,172
38,R3,SKU_A,2187,0,0,710
38,R3,SKU_B,305,0,0,287
38,R3,SKU_C,1395,0,0,733
38,R3,SKU_D,930,0,0,491
38,R3,SKU_E,231,0,0,652
39,Supplier,SKU_A,0,0,0,0
39,Supplier,SKU_B,0,0,0,0
39,Supplier,SKU_C,0,0,0,0
39,Supplier,SKU_D,0,0,0,0
39,Supplier,SKU_E,0,0,0,0
39,W1,SKU_A,2452,0,0,0
39,W1,SKU_B,241,0,0,799
39,W1,SKU_C,2322,0,0,0
39,W1,SKU_D,405,0,0,1716
39,W1,SKU_E,882,0,0,463
39,W2,SKU_A,797,0,0,1512
39,W2,SKU_B,240,0,0,826
39,W2,SKU_C,497,0,0,1990
39,W2,SKU_D,836,0,0,0
39,W2,SKU_E,962,0,0,652
39,R1,SKU_A,529,0,0,923
39,R1,SKU_B,348,0,0,107
39,R1,SKU_C,434,0,0,0
39,R1,SKU_D,212,0,0,419
39,R1,SKU_E,297,0,0,89
39,R2,SKU_A,486,0,0,486
39,R2,SKU_B,0,68,0,211
39,R2,SKU_C,370,0,0,355
39,R2,SKU_D,66,0,0,233
39,R2,SKU_E,300,0,0,172
39,R3,SKU_A,1955,0,0,710
39,R3,SKU_B,232,0,0,287
39,R3,SKU_C,1251,0,0,733
39,R3,SKU_D,847,0,0,491
39,R3,SKU_E,153,0,0,652
40,Supplier,SKU_A,0,0,0,0
40,Supplier,SKU_B,0,0,0,0
40,Supplier,SKU_C,0,0,0,0
40,Supplier,SKU_D,0,0,0,0
40,Supplier,SKU_E,0,0,0,0
40,W1,SKU_A,2452,0,0,0
40,W1,SKU_B,59,0,0,799
40,W1,SKU_C,1866,0,0,0
40,W1,SKU_D,405,0,0,1716
40,W1,SKU_E,798,0,0,463
40,W2,SKU_A,797,0,0,1512
40,W2,SKU_B,119,0,0,826
40,W2,SKU_C,497,0,0,1990
40,W2,SKU_D,836,0,0,0
40,W2,SKU_E,962,0,0,652
40,R1,SKU_A,1308,0,0,0
40,R1,SKU_B,396,0,0,0
40,R1,SKU_C,329,0,0,0
40,R1,SKU_D,581,0,0,0
40,R1,SKU_E,347,0,0,0
40,R2,SKU_A,385,0,0,486
40,R2,SKU_B,0,144,0,211
40,R2,SKU_C,295,0,0,355
40,R2,SKU_D,13,0,0,233
40,R2,SKU_E,240,0,0,172
40,R3,SKU_A,1741,0,0,710
40,R3,SKU_B,151,0,0,287
40,R3,SKU_C,1122,0,0,733
40,R3,SKU_D,742,0,0,491
40,R3,SKU_E,46,0,0,652
41,Supplier,SKU_A,0,0,0,0
41,Supplier,SKU_B,0,0,0,0
41,Supplier,SKU_C,0,0,0,0
41,Supplier,SKU_D,0,0,0,0
41,Supplier,SKU_E,0,0,0,0
41,W1,SKU_A,1984,0,0,0
41,W1,SKU_B,0,0,75,1104
41,W1,SKU_C,1866,0,0,804
41,W1,SKU_D,204,0,0,1716
41,W1,SKU_E,610,0,0,463
41,W2,SKU_A,797,0,0,1512
41,W2,SKU_B,119,0,0,826
41,W2,SKU_C,88,0,0,1990
41,W2,SKU_D,836,0,0,0
41,W2,SKU_E,962,0,0,652
41,R1,SKU_A,1108,0,0,0
41,R1,SKU_B,301,0,0,182
41,R1,SKU_C,182,0,0,456
41,R1,SKU_D,518,0,0,0
41,R1,SKU_E,298,0,0,84
41,R2,SKU_A,769,0,0,0
41,R2,SKU_B,0,20,0,0
41,R2,SKU_C,585,0,0,0
41,R2,SKU_D,187,0,0,0
41,R2,SKU_E,350,0,0,0
41,R3,SKU_A,2184,0,0,862
41,R3,SKU_B,189,0,0,271
41,R3,SKU_C,1288,0,0,779
41,R3,SKU_D,612,0,0,491
41,R3,SKU_E,600,0,0,0
42,Supplier,SKU_A,0,0,0,0
42,Supplier,SKU_B,0,0,0,0
42,Supplier,SKU_C,0,0,0,0
42,Supplier,SKU_D,0,0,0,0
42,Supplier,SKU_E,0,0,0,0
42,W1,SKU_A,1984,0,0,0
42,W1,SKU_B,158,0,0,776
42,W1,SKU_C,1866,0,0,804
42,W1,SKU_D,204,0,0,1716
42,W1,SKU_E,985,0,0,0
42,W2,SKU_A,1596,0,0,0
42,W2,SKU_B,0,0,61,826
42,W2,SKU_C,2078,0,0,0
42,W2,SKU_D,836,0,0,0
42,W2,SKU_E,962,0,0,652
42,R1,SKU_A,895,0,0,0
42,R1,SKU_B,184,0,0,182
42,R1,SKU_C,21,0,0,456
42,R1,SKU_D,463,0,0,0
42,R1,SKU_E,232,0,0,84
42,R2,SKU_A,657,0,0,468
42,R2,SKU_B,0,105,0,182
42,R2,SKU_C,519,0,0,0
42,R2,SKU_D,130,0,0,201
42,R2,SKU_E,289,0,0,188
42,R3,SKU_A,1926,0,0,862
42,R3,SKU_B,256,0,0,121
42,R3,SKU_C,1491,0,0,409
42,R3,SKU_D,989,0,0,0
42,R3,SKU_E,495,0,0,0
43,Supplier,SKU_A,0,0,0,0
43,Supplier,SKU_B,0,0,0,0
43,Supplier,SKU_C,0,0,0,0
43,Supplier,SKU_D,0,0,0,0
43,Supplier,SKU_E,0,0,0,0
43,W1,SKU_A,1984,0,0,0
43,W1,SKU_B,264,0,0,305
43,W1,SKU_C,1866,0,0,804
43,W1,SKU_D,1920,0,0,0
43,W1,SKU_E,985,0,0,0
43,W2,SKU_A,1596,0,0,1575
43,W2,SKU_B,0,0,61,826
43,W2,SKU_C,1714,0,0,0
43,W2,SKU_D,836,0,0,0
43,W2,SKU_E,962,0,0,652
43,R1,SKU_A,736,0,0,0
43,R1,SKU_B,293,0,0,0
43,R1,SKU_C,340,0,0,0
43,R1,SKU_D,388,0,0,0
43,R1,SKU_E,254,0,0,0
43,R2,SKU_A,514,0,0,468
43,R2,SKU_B,0,171,0,182
43,R2,SKU_C,380,0,0,0
43,R2,SKU_D,58,0,0,201
43,R2,SKU_E,223,0,0,188
43,R3,SKU_A,1742,0,0,862
43,R3,SKU_B,172,0,0,121
43,R3,SKU_C,1358,0,0,409
43,R3,SKU_D,924,0,0,0
43,R3,SKU_E,424,0,0,0
44,Supplier,SKU_A,0,0,0,0
44,Supplier,SKU_B,0,0,0,0
44,Supplier,SKU_C,0,0,0,0
44,Supplier,SKU_D,0,0,0,0
44,Supplier,SKU_E,0,0,0,0
44,W1,SKU_A,1004,0,0,0
44,W1,SKU_B,264,0,0,899
44,W1,SKU_C,883,0,0,804
44,W1,SKU_D,1920,0,0,0
44,W1,SKU_E,668,0,0,533
44,W2,SKU_A,1596,0,0,1575
44,W2,SKU_B,0,0,228,826
44,W2,SKU_C,1714,0,0,0
44,W2,SKU_D,836,0,0,0
44,W2,SKU_E,1614,0,0,0
44,R1,SKU_A,589,0,0,980
44,R1,SKU_B,229,0,0,287
44,R1,SKU_C,257,0,0,550
44,R1,SKU_D,354,0,0,0
44,R1,SKU_E,213,0,0,216
44,R2,SKU_A,407,0,0,468
44,R2,SKU_B,0,230,0,182
44,R2,SKU_C,307,0,0,0
44,R2,SKU_D,0,7,0,201
44,R2,SKU_E,174,0,0,188
44,R3,SKU_A,1517,0,0,1575
44,R3,SKU_B,100,0,0,240
44,R3,SKU_C,1246,0,0,773
44,R3,SKU_D,836,0,0,0
44,R3,SKU_E,329,0,0,0
45,Supplier,SKU_A,0,0,0,0
45,Supplier,SKU_B,0,0,0,0
45,Supplier,SKU_C,0,0,0,0
45,Supplier,SKU_D,0,0,0,0
45,Supplier,SKU_E,0,0,0,0
45,W1,SKU_A,540,0,0,2857
45,W1,SKU_B,127,0,0,899
45,W1,SKU_C,883,0,0,2243
45,W1,SKU_D,1262,0,0,0
45,W1,SKU_E,668,0,0,533
45,W2,SKU_A,1596,0,0,1575
45,W2,SKU_B,598,0,0,0
45,W2,SKU_C,1714,0,0,0
45,W2,SKU_D,0,0,476,0
45,W2,SKU_E,909,0,0,0
45,R1,SKU_A,413,0,0,980
45,R1,SKU_B,138,0,0,424
45,R1,SKU_C,192,0,0,550
45,R1,SKU_D,279,0,0,405
45,R1,SKU_E,161,0,0,216
45,R2,SKU_A,776,0,0,464
45,R2,SKU_B,0,103,0,248
45,R2,SKU_C,268,0,0,433
45,R2,SKU_D,146,0,0,253
45,R2,SKU_E,308,0,0,189
45,R3,SKU_A,2215,0,0,713
45,R3,SKU_B,136,0,0,347
45,R3,SKU_C,1508,0,0,364
45,R3,SKU_D,759,0,0,836
45,R3,SKU_E,256,0,0,705
46,Supplier,SKU_A,0,0,0,0
46,Supplier,SKU_B,0,0,0,0
46,Supplier,SKU_C,0,0,0,0
46,Supplier,SKU_D,0,0,0,0
46,Supplier,SKU_E,0,0,0,0
46,W1,SKU_A,540,0,0,2857
46,W1,SKU_B,161,0,0,594
46,W1,SKU_C,1687,0,0,1439
46,W1,SKU_D,1262,0,0,0
46,W1,SKU_E,575,0,0,533
46,W2,SKU_A,765,0,0,1575
46,W2,SKU_B,441,0,0,0
46,W2,SKU_C,1322,0,0,0
46,W2,SKU_D,0,0,476,1312
46,W2,SKU_E,909,0,0,705
46,R1,SKU_A,1226,0,0,0
46,R1,SKU_B,346,0,0,137
46,R1,SKU_C,655,0,0,0
46,R1,SKU_D,220,0,0,405
46,R1,SKU_E,327,0,0,0
46,R2,SKU_A,676,0,0,464
46,R2,SKU_B,0,178,0,248
46,R2,SKU_C,220,0,0,433
46,R2,SKU_D,98,0,0,253
46,R2,SKU_E,272,0,0,189
46,R3,SKU_A,2016,0,0,1544
46,R3,SKU_B,73,0,0,504
46,R3,SKU_C,1390,0,0,756
46,R3,SKU_D,677,0,0,836
46,R3,SKU_E,187,0,0,705
47,Supplier,SKU_A,0,0,0,0
47,Supplier,SKU_B,0,0,0,0
47,Supplier,SKU_C,0,0,0,0
47,Supplier,SKU_D,0,0,0,0
47,Supplier,SKU_E,0,0,0,0
47,W1,SKU_A,540,0,0,2857
47,W1,SKU_B,161,0,0,594
47,W1,SKU_C,1687,0,0,1439
47,W1,SKU_D,1262,0,0,0
47,W1,SKU_E,436,0,0,533
47,W2,SKU_A,765,0,0,1575
47,W2,SKU_B,441,0,0,0
47,W2,SKU_C,1322,0,0,0
47,W2,SKU_D,0,0,476,1312
47,W2,SKU_E,909,0,0,705
47,R1,SKU_A,1044,0,0,0
47,R1,SKU_B,405,0,0,0
47,R1,SKU_C,503,0,0,0
47,R1,SKU_D,551,0,0,0
47,R1,SKU_E,278,0,0,0
47,R2,SKU_A,551,0,0,464
47,R2,SKU_B,0,263,0,248
47,R2,SKU_C,150,0,0,433
47,R2,SKU_D,46,0,0,253
47,R2,SKU_E,213,0,0,189
47,R3,SKU_A,1737,0,0,1544
47,R3,SKU_B,15,0,0,504
47,R3,SKU_C,1226,0,0,756
47,R3,SKU_D,565,0,0,836
47,R3,SKU_E,104,0,0,705
48,Supplier,SKU_A,0,0,0,0
48,Supplier,SKU_B,0,0,0,0
48,Supplier,SKU_C,0,0,0,0
48,Supplier,SKU_D,0,0,0,0
48,Supplier,SKU_E,0,0,0,0
48,W1,SKU_A,540,0,0,2857
48,W1,SKU_B,4,0,0,594
48,W1,SKU_C,1687,0,0,1439
48,W1,SKU_D,1262,0,0,0
48,W1,SKU_E,337,0,0,533
48,W2,SKU_A,765,0,0,1575
48,W2,SKU_B,320,0,0,0
48,W2,SKU_C,1322,0,0,0
48,W2,SKU_D,0,0,476,1312
48,W2,SKU_E,909,0,0,705
48,R1,SKU_A,860,0,0,0
48,R1,SKU_B,327,0,0,248
48,R1,SKU_C,331,0,0,0
48,R1,SKU_D,481,0,0,0
48,R1,SKU_E,219,0,0,192
48,R2,SKU_A,909,0,0,0
48,R2,SKU_B,0,105,0,180
48,R2,SKU_C,477,0,0,0
48,R2,SKU_D,255,0,0,0
48,R2,SKU_E,332,0,0,139
48,R3,SKU_A,2194,0,0,831
48,R3,SKU_B,77,0,0,385
48,R3,SKU_C,1415,0,0,392
48,R3,SKU_D,463,0,0,836
48,R3,SKU_E,23,0,0,705
49,Supplier,SKU_A,0,0,0,0
49,Supplier,SKU_B,0,0,0,0
49,Supplier,SKU_C,0,0,0,0
49,Supplier,SKU_D,0,0,0,0
49,Supplier,SKU_E,0,0,0,0
49,W1,SKU_A,540,0,0,2857
49,W1,SKU_B,348,0,0,408
49,W1,SKU_C,1128,0,0,1439
49,W1,SKU_D,1070,0,0,0
49,W1,SKU_E,870,0,0,498
49,W2,SKU_A,1606,0,0,0
49,W2,SKU_B,320,0,0,746
49,W2,SKU_C,865,0,0,0
49,W2,SKU_D,0,0,476,1312
49,W2,SKU_E,909,0,0,705
49,R1,SKU_A,680,0,0,0
49,R1,SKU_B,216,0,0,248
49,R1,SKU_C,196,0,0,0
49,R1,SKU_D,411,0,0,0
49,R1,SKU_E,163,0,0,192
49,R2,SKU_A,785,0,0,0
49,R2,SKU_B,0,218,0,180
49,R2,SKU_C,370,0,0,0
49,R2,SKU_D,222,0,0,0
49,R2,SKU_E,257,0,0,139
49,R3,SKU_A,1945,0,0,831
49,R3,SKU_B,232,0,0,157
49,R3,SKU_C,1229,0,0,392
49,R3,SKU_D,1177,0,0,0
49,R3,SKU_E,644,0,0,0
50,Supplier,SKU_A,0,0,0,0
50,Supplier,SKU_B,0,0,0,0
50,Supplier,SKU_C,0,0,0,0
50,Supplier,SKU_D,0,0,0,0
50,Supplier,SKU_E,0,0,0,0
50,W1,SKU_A,1807,0,0,0
50,W1,SKU_B,159,0,0,408
50,W1,SKU_C,2124,0,0,0
50,W1,SKU_D,1070,0,0,0
50,W1,SKU_E,551,0,0,498
50,W2,SKU_A,1606,0,0,1565
50,W2,SKU_B,190,0,0,746
50,W2,SKU_C,865,0,0,1992
50,W2,SKU_D,0,0,476,1312
50,W2,SKU_E,909,0,0,705
50,R1,SKU_A,534,0,0,1036
50,R1,SKU_B,392,0,0,189
50,R1,SKU_C,105,0,0,559
50,R1,SKU_D,364,0,0,0
50,R1,SKU_E,296,0,0,115
50,R2,SKU_A,703,0,0,554
50,R2,SKU_B,0,261,0,430
50,R2,SKU_C,336,0,0,443
50,R2,SKU_D,180,0,0,192
50,R2,SKU_E,235,0,0,343
50,R3,SKU_A,2572,0,0,734
50,R3,SKU_B,304,0,0,251
50,R3,SKU_C,1424,0,0,457
50,R3,SKU_D,1070,0,0,0
50,R3,SKU_E,574,0,0,0
51,Supplier,SKU_A,0,0,0,0
51,Supplier,SKU_B,0,0,0,0
51,Supplier,SKU_C,0,0,0,0
51,Supplier,SKU_D,0,0,0,0
51,Supplier,SKU_E,0,0,0,0
51,W1,SKU_A,1807,0,0,2054
51,W1,SKU_B,159,0,0,815
51,W1,SKU_C,2124,0,0,1002
51,W1,SKU_D,1070,0,0,0
51,W1,SKU_E,551,0,0,1055
51,W2,SKU_A,1606,0,0,1565
51,W2,SKU_B,105,0,0,746
51,W2,SKU_C,482,0,0,1992
51,W2,SKU_D,0,0,476,1312
51,W2,SKU_E,909,0,0,705
51,R1,SKU_A,399,0,0,1036
51,R1,SKU_B,342,0,0,189
51,R1,SKU_C,28,0,0,559
51,R1,SKU_D,316,0,0,0
51,R1,SKU_E,264,0,0,115
51,R2,SKU_A,607,0,0,554
51,R2,SKU_B,0,148,0,250
51,R2,SKU_C,299,0,0,443
51,R2,SKU_D,133,0,0,192
51,R2,SKU_E,340,0,0,204
51,R3,SKU_A,2433,0,0,734
51,R3,SKU_B,262,0,0,251
51,R3,SKU_C,1360,0,0,457
51,R3,SKU_D,989,0,0,0
51,R3,SKU_E,511,0,0,0
52,Supplier,SKU_A,0,0,0,0
52,Supplier,SKU_B,0,0,0,0
52,Supplier,SKU_C,0,0,0,0
52,Supplier,SKU_D,0,0,0,0
52,Supplier,SKU_E,0,0,0,0
52,W1,SKU_A,1807,0,0,2054
52,W1,SKU_B,0,0,186,815
52,W1,SKU_C,2124,0,0,1002
52,W1,SKU_D,627,0,0,0
52,W1,SKU_E,460,0,0,1055
52,W2,SKU_A,1606,0,0,1565
52,W2,SKU_B,105,0,0,746
52,W2,SKU_C,482,0,0,1992
52,W2,SKU_D,1312,0,476,0
52,W2,SKU_E,1614,0,0,0
52,R1,SKU_A,1286,0,0,0
52,R1,SKU_B,474,0,0,122
52,R1,SKU_C,501,0,0,0
52,R1,SKU_D,270,0,0,443
52,R1,SKU_E,336,0,0,91
52,R2,SKU_A,508,0,0,554
52,R2,SKU_B,0,239,0,250
52,R2,SKU_C,234,0,0,443
52,R2,SKU_D,85,0,0,192
52,R2,SKU_E,298,0,0,204
52,R3,SKU_A,2291,0,0,734
52,R3,SKU_B,223,0,0,251
52,R3,SKU_C,1283,0,0,457
52,R3,SKU_D,938,0,0,0
52,R3,SKU_E,464,0,0,0
53,Supplier,SKU_A,0,0,0,0
53,Supplier,SKU_B,0,0,0,0
53,Supplier,SKU_C,0,0,0,0
53,Supplier,SKU_D,0,0,0,0
53,Supplier,SKU_E,0,0,0,0
53,W1,SKU_A,1807,0,0,2054
53,W1,SKU_B,0,0,186,1349
53,W1,SKU_C,2124,0,0,1002
53,W1,SKU_D,627,0,0,1494
53,W1,SKU_E,460,0,0,1055
53,W2,SKU_A,872,0,0,1565
53,W2,SKU_B,105,0,0,746
53,W2,SKU_C,482,0,0,1992
53,W2,SKU_D,836,0,0,0
53,W2,SKU_E,1614,0,0,0
53,R1,SKU_A,1139,0,0,0
53,R1,SKU_B,421,0,0,122
53,R1,SKU_C,384,0,0,0
53,R1,SKU_D,212,0,0,443
53,R1,SKU_E,287,0,0,91
53,R2,SKU_A,953,0,0,0
53,R2,SKU_B,0,45,0,0
53,R2,SKU_C,620,0,0,0
53,R2,SKU_D,227,0,0,0
53,R2,SKU_E,468,0,0,0
53,R3,SKU_A,2097,0,0,1468
53,R3,SKU_B,157,0,0,336
53,R3,SKU_C,1164,0,0,840
53,R3,SKU_D,851,0,0,476
53,R3,SKU_E,385,0,0,0
54,Supplier,SKU_A,0,0,0,0
54,Supplier,SKU_B,0,0,0,0
54,Supplier,SKU_C,0,0,0,0
54,Supplier,SKU_D,0,0,0,0
54,Supplier,SKU_E,0,0,0,0
54,W1,SKU_A,1807,0,0,2054
54,W1,SKU_B,112,0,0,941
54,W1,SKU_C,1618,0,0,1002
54,W1,SKU_D,407,0,0,1494
54,W1,SKU_E,734,0,0,557
54,W2,SKU_A,872,0,0,1565
54,W2,SKU_B,0,0,42,746
54,W2,SKU_C,482,0,0,1992
54,W2,SKU_D,836,0,0,0
54,W2,SKU_E,1614,0,0,0
54,R1,SKU_A,992,0,0,0
54,R1,SKU_B,464,0,0,0
54,R1,SKU_C,245,0,0,0
54,R1,SKU_D,588,0,0,0
54,R1,SKU_E,330,0,0,0
54,R2,SKU_A,870,0,0,0
54,R2,SKU_B,0,127,0,223
54,R2,SKU_C,557,0,0,0
54,R2,SKU_D,187,0,0,220
54,R2,SKU_E,425,0,0,132
54,R3,SKU_A,2614,0,0,734
54,R3,SKU_B,336,0,0,85
54,R3,SKU_C,1471,0,0,383
54,R3,SKU_D,729,0,0,476
54,R3,SKU_E,300,0,0,0
55,Supplier,SKU_A,0,0,0,0
55,Supplier,SKU_B,0,0,0,0
55,Supplier,SKU_C,0,0,0,0
55,Supplier,SKU_D,0,0,0,0
55,Supplier,SKU_E,0,0,0,0
55,W1,SKU_A,1338,0,0,2054
55,W1,SKU_B,0,0,117,941
55,W1,SKU_C,1618,0,0,1002
55,W1,SKU_D,407,0,0,1494
55,W1,SKU_E,734,0,0,557
55,W2,SKU_A,872,0,0,1565
55,W2,SKU_B,704,0,0,0
55,W2,SKU_C,72,0,0,1992
55,W2,SKU_D,836,0,0,0
55,W2,SKU_E,880,0,0,0
55,R1,SKU_A,799,0,0,0
55,R1,SKU_B,375,0,0,0
55,R1,SKU_C,43,0,0,0
55,R1,SKU_D,508,0,0,0
55,R1,SKU_E,278,0,0,0
55,R2,SKU_A,744,0,0,0
55,R2,SKU_B,0,232,0,223
55,R2,SKU_C,474,0,0,0
55,R2,SKU_D,140,0,0,220
55,R2,SKU_E,372,0,0,132
55,R3,SKU_A,2328,0,0,734
55,R3,SKU_B,239,0,0,232
55,R3,SKU_C,1232,0,0,793
55,R3,SKU_D,607,0,0,476
55,R3,SKU_E,187,0,0,734
56,Supplier,SKU_A,0,0,0,0
56,Supplier,SKU_B,0,0,0,0
56,Supplier,SKU_C,0,0,0,0
56,Supplier,SKU_D,0,0,0,0
56,Supplier,SKU_E,0,0,0,0
56,W1,SKU_A,2475,0,0,0
56,W1,SKU_B,122,0,0,534
56,W1,SKU_C,2281,0,0,0
56,W1,SKU_D,407,0,0,1494
56,W1,SKU_E,1191,0,0,0
56,W2,SKU_A,1740,0,0,0
56,W2,SKU_B,535,0,0,0
56,W2,SKU_C,2064,0,0,0
56,W2,SKU_D,836,0,0,0
56,W2,SKU_E,880,0,0,734
56,R1,SKU_A,596,0,0,917
56,R1,SKU_B,271,0,0,278
56,R1,SKU_C,0,98,0,506
56,R1,SKU_D,443,0,0,0
56,R1,SKU_E,211,0,0,192
56,R2,SKU_A,631,0,0,0
56,R2,SKU_B,0,297,0,223
56,R2,SKU_C,409,0,0,0
56,R2,SKU_D,79,0,0,220
56,R2,SKU_E,324,0,0,132
56,R3,SKU_A,2052,0,0,734
56,R3,SKU_B,179,0,0,232
56,R3,SKU_C,1020,0,0,793
56,R3,SKU_D,490,0,0,476
56,R3,SKU_E,114,0,0,734
57,Supplier,SKU_A,0,0,0,0
57,Supplier,SKU_B,0,0,0,0
57,Supplier,SKU_C,0,0,0,0
57,Supplier,SKU_D,0,0,0,0
57,Supplier,SKU_E,0,0,0,0
57,W1,SKU_A,2475,0,0,0
57,W1,SKU_B,18,0,0,534
57,W1,SKU_C,1799,0,0,0
57,W1,SKU_D,407,0,0,1494
57,W1,SKU_E,1047,0,0,0
57,W2,SKU_A,1740,0,0,1431
57,W2,SKU_B,535,0,0,0
57,W2,SKU_C,1613,0,0,0
57,W2,SKU_D,836,0,0,0
57,W2,SKU_E,880,0,0,734
57,R1,SKU_A,477,0,0,917
57,R1,SKU_B,219,0,0,278
57,R1,SKU_C,0,189,0,506
57,R1,SKU_D,402,0,0,0
57,R1,SKU_E,173,0,0,192
57,R2,SKU_A,528,0,0,469
57,R2,SKU_B,0,120,0,229
57,R2,SKU_C,366,0,0,339
57,R2,SKU_D,260,0,0,0
57,R2,SKU_E,425,0,0,144
57,R3,SKU_A,2631,0,0,697
57,R3,SKU_B,221,0,0,316
57,R3,SKU_C,1274,0,0,861
57,R3,SKU_D,913,0,0,0
57,R3,SKU_E,35,0,0,734
58,Supplier,SKU_A,0,0,0,0
58,Supplier,SKU_B,0,0,0,0
58,Supplier,SKU_C,0,0,0,0
58,Supplier,SKU_D,0,0,0,0
58,Supplier,SKU_E,0,0,0,0
58,W1,SKU_A,2475,0,0,0
58,W1,SKU_B,336,0,0,611
58,W1,SKU_C,1799,0,0,845
58,W1,SKU_D,1901,0,0,0
58,W1,SKU_E,942,0,0,559
58,W2,SKU_A,1740,0,0,1431
58,W2,SKU_B,432,0,0,0
58,W2,SKU_C,1613,0,0,0
58,W2,SKU_D,836,0,0,0
58,W2,SKU_E,880,0,0,734
58,R1,SKU_A,1252,0,0,0
58,R1,SKU_B,424,0,0,0
58,R1,SKU_C,238,0,0,0
58,R1,SKU_D,357,0,0,0
58,R1,SKU_E,330,0,0,0
58,R2,SKU_A,435,0,0,469
58,R2,SKU_B,0,165,0,229
58,R2,SKU_C,326,0,0,339
58,R2,SKU_D,221,0,0,0
58,R2,SKU_E,390,0,0,144
58,R3,SKU_A,2458,0,0,697
58,R3,SKU_B,187,0,0,316
58,R3,SKU_C,1149,0,0,861
58,R3,SKU_D,833,0,0,0
58,R3,SKU_E,0,37,0,734
59,Supplier,SKU_A,0,0,0,0
59,Supplier,SKU_B,0,0,0,0
59,Supplier,SKU_C,0,0,0,0
59,Supplier,SKU_D,0,0,0,0
59,Supplier,SKU_E,0,0,0,0
59,W1,SKU_A,2475,0,0,0
59,W1,SKU_B,211,0,0,611
59,W1,SKU_C,1799,0,0,845
59,W1,SKU_D,1675,0,0,0
59,W1,SKU_E,942,0,0,559
59,W2,SKU_A,1740,0,0,1431
59,W2,SKU_B,432,0,0,0
59,W2,SKU_C,1613,0,0,0
59,W2,SKU_D,0,0,479,0
59,W2,SKU_E,880,0,0,734
59,R1,SKU_A,1112,0,0,0
59,R1,SKU_B,345,0,0,229
59,R1,SKU_C,124,0,0,482
59,R1,SKU_D,310,0,0,0
59,R1,SKU_E,294,0,0,105
59,R2,SKU_A,341,0,0,469
59,R2,SKU_B,0,228,0,229
59,R2,SKU_C,265,0,0,339
59,R2,SKU_D,179,0,0,0
59,R2,SKU_E,359,0,0,144
59,R3,SKU_A,2307,0,0,697
59,R3,SKU_B,296,0,0,272
59,R3,SKU_C,1414,0,0,451
59,R3,SKU_D,742,0,0,836
59,R3,SKU_E,644,0,0,0
60,Supplier,SKU_A,0,0,0,0
60,Supplier,SKU_B,0,0,0,0
60,Supplier,SKU_C,0,0,0,0
60,Supplier,SKU_D,0,0,0,0
60,Supplier,SKU_E,0,0,0,0
60,W1,SKU_A,1946,0,0,0
60,W1,SKU_B,211,0,0,611
60,W1,SKU_C,1799,0,0,845
60,W1,SKU_D,1226,0,0,0
60,W1,SKU_E,942,0,0,559
60,W2,SKU_A,985,0,0,1431
60,W2,SKU_B,432,0,0,0
60,W2,SKU_C,1214,0,0,0
60,W2,SKU_D,0,0,479,1315
60,W2,SKU_E,880,0,0,734
60,R1,SKU_A,944,0,0,0
60,R1,SKU_B,283,0,0,229
60,R1,SKU_C,18,0,0,482
60,R1,SKU_D,254,0,0,0
60,R1,SKU_E,264,0,0,105
60,R2,SKU_A,688,0,0,529
60,R2,SKU_B,0,70,0,216
60,R2,SKU_C,529,0,0,0
60,R2,SKU_D,133,0,0,226
60,R2,SKU_E,466,0,0,0
60,R3,SKU_A,2138,0,0,697
60,R3,SKU_B,234,0,0,272
60,R3,SKU_C,1295,0,0,451
60,R3,SKU_D,645,0,0,836
60,R3,SKU_E,589,0,0,0
61,Supplier,SKU_A,0,0,0,0
61,Supplier,SKU_B,0,0,0,0
61,Supplier,SKU_C,0,0,0,0
61,Supplier,SKU_D,0,0,0,0
61,Supplier,SKU_E,0,0,0,0
61,W1,SKU_A,1946,0,0,0
61,W1,SKU_B,70,0,0,827
61,W1,SKU_C,1799,0,0,845
61,W1,SKU_D,1226,0,0,0
61,W1,SKU_E,707,0,0,559
61,W2,SKU_A,985,0,0,1431
61,W2,SKU_B,298,0,0,0
61,W2,SKU_C,1214,0,0,0
61,W2,SKU_D,0,0,479,1315
61,W2,SKU_E,880,0,0,734
61,R1,SKU_A,787,0,0,0
61,R1,SKU_B,445,0,0,141
61,R1,SKU_C,349,0,0,0
61,R1,SKU_D,194,0,0,449
61,R1,SKU_E,328,0,0,101
61,R2,SKU_A,565,0,0,529
61,R2,SKU_B,0,135,0,216
61,R2,SKU_C,458,0,0,0
61,R2,SKU_D,82,0,0,226
61,R2,SKU_E,425,0,0,0
61,R3,SKU_A,2637,0,0,0
61,R3,SKU_B,364,0,0,103
61,R3,SKU_C,1602,0,0,0
61,R3,SKU_D,571,0,0,836
61,R3,SKU_E,521,0,0,0
62,Supplier,SKU_A,0,0,0,0
62,Supplier,SKU_B,0,0,0,0
62,Supplier,SKU_C,0,0,0,0
62,Supplier,SKU_D,0,0,0,0
62,Supplier,SKU_E,0,0,0,0
62,W1,SKU_A,1017,0,0,0
62,W1,SKU_B,0,0,174,827
62,W1,SKU_C,903,0,0,845
62,W1,SKU_D,1226,0,0,0
62,W1,SKU_E,707,0,0,559
62,W2,SKU_A,985,0,0,1431
62,W2,SKU_B,298,0,0,768
62,W2,SKU_C,1214,0,0,0
62,W2,SKU_D,0,0,479,1315
62,W2,SKU_E,1614,0,0,0
62,R1,SKU_A,597,0,0,929
62,R1,SKU_B,352,0,0,141
62,R1,SKU_C,190,0,0,541
62,R1,SKU_D,120,0,0,449
62,R1,SKU_E,281,0,0,101
62,R2,SKU_A,427,0,0,529
62,R2,SKU_B,0,211,0,216
62,R2,SKU_C,384,0,0,0
62,R2,SKU_D,50,0,0,226
62,R2,SKU_E,379,0,0,0
62,R3,SKU_A,2368,0,0,755
62,R3,SKU_B,284,0,0,237
62,R3,SKU_C,1428,0,0,399
62,R3,SKU_D,459,0,0,836
62,R3,SKU_E,437,0,0,0
63,Supplier,SKU_A,0,0,0,0
63,Supplier,SKU_B,0,0,0,0
63,Supplier,SKU_C,0,0,0,0
63,Supplier,SKU_D,0,0,0,0
63,Supplier,SKU_E,0,0,0,0
63,W1,SKU_A,1017,0,0,2844
63,W1,SKU_B,277,0,0,726
63,W1,SKU_C,1748,0,0,1378
63,W1,SKU_D,1226,0,0,0
63,W1,SKU_E,1178,0,0,0
63,W2,SKU_A,2416,0,0,0
63,W2,SKU_B,179,0,0,768
63,W2,SKU_C,777,0,0,0
63,W2,SKU_D,0,0,479,1315
63,W2,SKU_E,1614,0,0,0
63,R1,SKU_A,407,0,0,929
63,R1,SKU_B,382,0,0,0
63,R1,SKU_C,33,0,0,541
63,R1,SKU_D,504,0,0,0
63,R1,SKU_E,333,0,0,0
63,R2,SKU_A,838,0,0,0
63,R2,SKU_B,0,57,0,244
63,R2,SKU_C,297,0,0,355
63,R2,SKU_D,235,0,0,0
63,R2,SKU_E,334,0,0,134
63,R3,SKU_A,2117,0,0,755
63,R3,SKU_B,321,0,0,134
63,R3,SKU_C,1308,0,0,399
63,R3,SKU_D,1182,0,0,0
63,R3,SKU_E,367,0,0,0
64,Supplier,SKU_A,0,0,0,0
64,Supplier,SKU_B,0,0,0,0
64,Supplier,SKU_C,0,0,0,0
64,Supplier,SKU_D,0,0,0,0
64,Supplier,SKU_E,0,0,0,0
64,W1,SKU_A,516,0,0,2844
64,W1,SKU_B,166,0,0,726
64,W1,SKU_C,1748,0,0,1378
64,W1,SKU_D,1014,0,0,0
64,W1,SKU_E,1046,0,0,0
64,W2,SKU_A,1529,0,0,0
64,W2,SKU_B,179,0,0,768
64,W2,SKU_C,777,0,0,2080
64,W2,SKU_D,0,0,479,1315
64,W2,SKU_E,947,0,0,0
64,R1,SKU_A,1212,0,0,0
64,R1,SKU_B,318,0,0,0
64,R1,SKU_C,486,0,0,0
64,R1,SKU_D,433,0,0,0
64,R1,SKU_E,292,0,0,0
64,R2,SKU_A,748,0,0,0
64,R2,SKU_B,0,117,0,244
64,R2,SKU_C,245,0,0,355
64,R2,SKU_D,192,0,0,0
64,R2,SKU_E,300,0,0,134
64,R3,SKU_A,1934,0,0,1642
64,R3,SKU_B,265,0,0,253
64,R3,SKU_C,1209,0,0,836
64,R3,SKU_D,1107,0,0,0
64,R3,SKU_E,319,0,0,667
65,Supplier,SKU_A,0,0,0,0
65,Supplier,SKU_B,0,0,0,0
65,Supplier,SKU_C,0,0,0,0
65,Supplier,SKU_D,0,0,0,0
65,Supplier,SKU_E,0,0,0,0
65,W1,SKU_A,516,0,0,2844
65,W1,SKU_B,0,0,32,726
65,W1,SKU_C,1748,0,0,1378
65,W1,SKU_D,1014,0,0,0
65,W1,SKU_E,956,0,0,0
65,W2,SKU_A,1529,0,0,1642
65,W2,SKU_B,57,0,0,768
65,W2,SKU_C,777,0,0,2080
65,W2,SKU_D,0,0,479,1315
65,W2,SKU_E,947,0,0,667
65,R1,SKU_A,1064,0,0,0
65,R1,SKU_B,241,0,0,271
65,R1,SKU_C,416,0,0,0
65,R1,SKU_D,391,0,0,0
65,R1,SKU_E,260,0,0,178
65,R2,SKU_A,648,0,0,0
65,R2,SKU_B,0,192,0,244
65,R2,SKU_C,167,0,0,355
65,R2,SKU_D,136,0,0,0
65,R2,SKU_E,265,0,0,134
65,R3,SKU_A,1789,0,0,1642
65,R3,SKU_B,235,0,0,253
65,R3,SKU_C,1124,0,0,836
65,R3,SKU_D,1015,0,0,0
65,R3,SKU_E,275,0,0,667
66,Supplier,SKU_A,0,0,0,0
66,Supplier,SKU_B,0,0,0,0
66,Supplier,SKU_C,0,0,0,0
66,Supplier,SKU_D,0,0,0,0
66,Supplier,SKU_E,0,0,0,0
66,W1,SKU_A,516,0,0,2844
66,W1,SKU_B,43,0,0,510
66,W1,SKU_C,1274,0,0,1378
66,W1,SKU_D,1014,0,0,0
66,W1,SKU_E,956,0,0,0
66,W2,SKU_A,1529,0,0,1642
66,W2,SKU_B,57,0,0,768
66,W2,SKU_C,777,0,0,2080
66,W2,SKU_D,1315,0,479,0
66,W2,SKU_E,947,0,0,667
66,R1,SKU_A,928,0,0,0
66,R1,SKU_B,152,0,0,271
66,R1,SKU_C,313,0,0,0
66,R1,SKU_D,351,0,0,0
66,R1,SKU_E,203,0,0,178
66,R2,SKU_A,552,0,0,501
66,R2,SKU_B,0,26,0,198
66,R2,SKU_C,455,0,0,0
66,R2,SKU_D,84,0,0,212
66,R2,SKU_E,353,0,0,132
66,R3,SKU_A,2385,0,0,887
66,R3,SKU_B,330,0,0,119
66,R3,SKU_C,1434,0,0,437
66,R3,SKU_D,938,0,0,0
66,R3,SKU_E,188,0,0,667
67,Supplier,SKU_A,0,0,0,0
67,Supplier,SKU_B,0,0,0,0
67,Supplier,SKU_C,0,0,0,0
67,Supplier,SKU_D,0,0,0,0
67,Supplier,SKU_E,0,0,0,0
67,W1,SKU_A,516,0,0,2844
67,W1,SKU_B,43,0,0,979
67,W1,SKU_C,916,0,0,1378
67,W1,SKU_D,606,0,0,0
67,W1,SKU_E,867,0,0,560
67,W2,SKU_A,1529,0,0,1642
67,W2,SKU_B,57,0,0,768
67,W2,SKU_C,384,0,0,2080
67,W2,SKU_D,836,0,0,0
67,W2,SKU_E,947,0,0,667
67,R1,SKU_A,768,0,0,0
67,R1,SKU_B,342,0,0,141
67,R1,SKU_C,215,0,0,474
67,R1,SKU_D,295,0,0,408
67,R1,SKU_E,337,0,0,89
67,R2,SKU_A,425,0,0,501
67,R2,SKU_B,0,85,0,198
67,R2,SKU_C,396,0,0,0
67,R2,SKU_D,27,0,0,212
67,R2,SKU_E,290,0,0,132
67,R3,SKU_A,2164,0,0,887
67,R3,SKU_B,267,0,0,241
67,R3,SKU_C,1271,0,0,830
67,R3,SKU_D,833,0,0,479
67,R3,SKU_E,97,0,0,667
68,Supplier,SKU_A,0,0,0,0
68,Supplier,SKU_B,0,0,0,0
68,Supplier,SKU_C,0,0,0,0
68,Supplier,SKU_D,0,0,0,0
68,Supplier,SKU_E,0,0,0,0
68,W1,SKU_A,2412,0,0,0
68,W1,SKU_B,171,0,0,469
68,W1,SKU_C,2294,0,0,832
68,W1,SKU_D,398,0,0,1515
68,W1,SKU_E,689,0,0,560
68,W2,SKU_A,821,0,0,1642
68,W2,SKU_B,693,0,0,0
68,W2,SKU_C,384,0,0,2080
68,W2,SKU_D,836,0,0,0
68,W2,SKU_E,947,0,0,667
68,R1,SKU_A,546,0,0,948
68,R1,SKU_B,237,0,0,311
68,R1,SKU_C,31,0,0,474
68,R1,SKU_D,199,0,0,408
68,R1,SKU_E,264,0,0,89
68,R2,SKU_A,258,0,0,501
68,R2,SKU_B,0,191,0,198
68,R2,SKU_C,293,0,0,0
68,R2,SKU_D,0,44,0,212
68,R2,SKU_E,223,0,0,132
68,R3,SKU_A,2732,0,0,0
68,R3,SKU_B,310,0,0,122
68,R3,SKU_C,1482,0,0,393
68,R3,SKU_D,673,0,0,479
68,R3,SKU_E,658,0,0,0
69,Supplier,SKU_A,0,0,0,0
69,Supplier,SKU_B,0,0,0,0
69,Supplier,SKU_C,0,0,0,0
69,Supplier,SKU_D,0,0,0,0
69,Supplier,SKU_E,0,0,0,0
69,W1,SKU_A,1832,0,0,0
69,W1,SKU_B,66,0,0,469
69,W1,SKU_C,2294,0,0,832
69,W1,SKU_D,398,0,0,1515
69,W1,SKU_E,572,0,0,560
69,W2,SKU_A,821,0,0,1642
69,W2,SKU_B,693,0,0,0
69,W2,SKU_C,0,0,5,2080
69,W2,SKU_D,836,0,0,0
69,W2,SKU_E,947,0,0,667
69,R1,SKU_A,372,0,0,948
69,R1,SKU_B,286,0,0,170
69,R1,SKU_C,359,0,0,0
69,R1,SKU_D,533,0,0,0
69,R1,SKU_E,315,0,0,0
69,R2,SKU_A,637,0,0,580
69,R2,SKU_B,0,79,0,212
69,R2,SKU_C,225,0,0,358
69,R2,SKU_D,100,0,0,208
69,R2,SKU_E,310,0,0,178
69,R3,SKU_A,2455,0,0,0
69,R3,SKU_B,241,0,0,122
69,R3,SKU_C,1258,0,0,393
69,R3,SKU_D,548,0,0,479
69,R3,SKU_E,563,0,0,0
70,Supplier,SKU_A,0,0,0,0
70,Supplier,SKU_B,0,0,0,0
70,Supplier,SKU_C,0,0,0,0
70,Supplier,SKU_D,0,0,0,0
70,Supplier,SKU_E,0,0,0,0
70,W1,SKU_A,1832,0,0,2029
70,W1,SKU_B,0,0,218,992
70,W1,SKU_C,1763,0,0,832
70,W1,SKU_D,398,0,0,1515
70,W1,SKU_E,572,0,0,1034
70,W2,SKU_A,821,0,0,1642
70,W2,SKU_B,548,0,0,0
70,W2,SKU_C,2075,0,0,0
70,W2,SKU_D,836,0,0,0
70,W2,SKU_E,947,0,0,667
70,R1,SKU_A,1139,0,0,0
70,R1,SKU_B,343,0,0,171
70,R1,SKU_C,215,0,0,531
70,R1,SKU_D,460,0,0,0
70,R1,SKU_E,274,0,0,117
70,R2,SKU_A,520,0,0,580
70,R2,SKU_B,0,152,0,212
70,R2,SKU_C,136,0,0,358
70,R2,SKU_D,61,0,0,208
70,R2,SKU_E,255,0,0,178
70,R3,SKU_A,2168,0,0,708
70,R3,SKU_B,187,0,0,399
70,R3,SKU_C,1053,0,0,782
70,R3,SKU_D,428,0,0,479
70,R3,SKU_E,478,0,0,0
71,Supplier,SKU_A,0,0,0,0
71,Supplier,SKU_B,0,0,0,0
71,Supplier,SKU_C,0,0,0,0
71,Supplier,SKU_D,0,0,0,0
71,Supplier,SKU_E,0,0,0,0
71,W1,SKU_A,1832,0,0,2029
71,W1,SKU_B,0,0,331,992
71,W1,SKU_C,1763,0,0,832
71,W1,SKU_D,398,0,0,1515
71,W1,SKU_E,326,0,0,1034
71,W2,SKU_A,1580,0,0,0
71,W2,SKU_B,548,0,0,0
71,W2,SKU_C,1646,0,0,0
71,W2,SKU_D,836,0,0,0
71,W2,SKU_E,1614,0,0,0
71,R1,SKU_A,975,0,0,0
71,R1,SKU_B,261,0,0,171
71,R1,SKU_C,114,0,0,531
71,R1,SKU_D,397,0,0,0
71,R1,SKU_E,236,0,0,117
71,R2,SKU_A,419,0,0,580
71,R2,SKU_B,0,213,0,212
71,R2,SKU_C,71,0,0,358
71,R2,SKU_D,16,0,0,208
71,R2,SKU_E,189,0,0,178
71,R3,SKU_A,1934,0,0,708
71,R3,SKU_B,245,0,0,277
71,R3,SKU_C,1281,0,0,389
71,R3,SKU_D,812,0,0,0
71,R3,SKU_E,399,0,0,0
72,Supplier,SKU_A,0,0,0,0
72,Supplier,SKU_B,0,0,0,0
72,Supplier,SKU_C,0,0,0,0
72,Supplier,SKU_D,0,0,0,0
72,Supplier,SKU_E,0,0,0,0
72,W1,SKU_A,1832,0,0,2029
72,W1,SKU_B,138,0,0,523
72,W1,SKU_C,1379,0,0,832
72,W1,SKU_D,175,0,0,1515
72,W1,SKU_E,886,0,0,474
72,W2,SKU_A,1580,0,0,1591
72,W2,SKU_B,430,0,0,0
72,W2,SKU_C,1646,0,0,0
72,W2,SKU_D,0,0,500,0
72,W2,SKU_E,1614,0,0,0
72,R1,SKU_A,816,0,0,0
72,R1,SKU_B,359,0,0,0
72,R1,SKU_C,534,0,0,0
72,R1,SKU_D,341,0,0,0
72,R1,SKU_E,298,0,0,0
72,R2,SKU_A,890,0,0,0
72,R2,SKU_B,0,69,0,0
72,R2,SKU_C,384,0,0,0
72,R2,SKU_D,188,0,0,0
72,R2,SKU_E,297,0,0,0
72,R3,SKU_A,1748,0,0,1591
72,R3,SKU_B,193,0,0,395
72,R3,SKU_C,1183,0,0,818
72,R3,SKU_D,711,0,0,836
72,R3,SKU_E,324,0,0,0
73,Supplier,SKU_A,0,0,0,0
73,Supplier,SKU_B,0,0,0,0
73,Supplier,SKU_C,0,0,0,0
73,Supplier,SKU_D,0,0,0,0
73,Supplier,SKU_E,0,0,0,0
73,W1,SKU_A,932,0,0,2029
73,W1,SKU_B,0,0,219,912
73,W1,SKU_C,2211,0,0,915
73,W1,SKU_D,1272,0,0,0
73,W1,SKU_E,657,0,0,474
73,W2,SKU_A,1580,0,0,1591
73,W2,SKU_B,430,0,0,0
73,W2,SKU_C,1646,0,0,0
73,W2,SKU_D,0,0,500,1336
73,W2,SKU_E,904,0,0,0
73,R1,SKU_A,686,0,0,900
73,R1,SKU_B,306,0,0,277
73,R1,SKU_C,428,0,0,0
73,R1,SKU_D,289,0,0,418
73,R1,SKU_E,253,0,0,172
73,R2,SKU_A,792,0,0,0
73,R2,SKU_B,0,125,0,192
73,R2,SKU_C,351,0,0,384
73,R2,SKU_D,140,0,0,223
73,R2,SKU_E,267,0,0,303
73,R3,SKU_A,1586,0,0,1591
73,R3,SKU_B,143,0,0,395
73,R3,SKU_C,1085,0,0,818
73,R3,SKU_D,611,0,0,836
73,R3,SKU_E,260,0,0,710
74,Supplier,SKU_A,0,0,0,0
74,Supplier,SKU_B,0,0,0,0
74,Supplier,SKU_C,0,0,0,0
74,Supplier,SKU_D,0,0,0,0
74,Supplier,SKU_E,0,0,0,0
74,W1,SKU_A,385,0,0,2029
74,W1,SKU_B,0,0,219,912
74,W1,SKU_C,1749,0,0,915
74,W1,SKU_D,1272,0,0,0
74,W1,SKU_E,657,0,0,474
74,W2,SKU_A,1580,0,0,1591
74,W2,SKU_B,328,0,0,0
74,W2,SKU_C,1285,0,0,0
74,W2,SKU_D,0,0,500,1336
74,W2,SKU_E,904,0,0,710
74,R1,SKU_A,541,0,0,900
74,R1,SKU_B,219,0,0,277
74,R1,SKU_C,311,0,0,0
74,R1,SKU_D,239,0,0,418
74,R1,SKU_E,218,0,0,172
74,R2,SKU_A,695,0,0,0
74,R2,SKU_B,0,176,0,192
74,R2,SKU_C,313,0,0,384
74,R2,SKU_D,80,0,0,223
74,R2,SKU_E,218,0,0,303
74,R3,SKU_A,2061,0,0,883
74,R3,SKU_B,334,0,0,118
74,R3,SKU_C,1337,0,0,429
74,R3,SKU_D,513,0,0,836
74,R3,SKU_E,173,0,0,710
75,Supplier,SKU_A,0,0,0,0
75,Supplier,SKU_B,0,0,0,0
75,Supplier,SKU_C,0,0,0,0
75,Supplier,SKU_D,0,0,0,0
75,Supplier,SKU_E,0,0,0,0
75,W1,SKU_A,2414,0,0,0
75,W1,SKU_B,164,0,0,389
75,W1,SKU_C,1749,0,0,915
75,W1,SKU_D,1272,0,0,0
75,W1,SKU_E,1051,0,0,0
75,W2,SKU_A,765,0,0,1591
75,W2,SKU_B,242,0,0,738
75,W2,SKU_C,1285,0,0,0
75,W2,SKU_D,0,0,500,1336
75,W2,SKU_E,904,0,0,710
75,R1,SKU_A,1255,0,0,0
75,R1,SKU_B,405,0,0,157
75,R1,SKU_C,202,0,0,462
75,R1,SKU_D,598,0,0,0
75,R1,SKU_E,335,0,0,80
75,R2,SKU_A,586,0,0,0
75,R2,SKU_B,0,235,0,192
75,R2,SKU_C,270,0,0,384
75,R2,SKU_D,23,0,0,223
75,R2,SKU_E,173,0,0,303
75,R3,SKU_A,1800,0,0,1698
75,R3,SKU_B,254,0,0,306
75,R3,SKU_C,1203,0,0,790
75,R3,SKU_D,393,0,0,836
75,R3,SKU_E,83,0,0,710
76,Supplier,SKU_A,0,0,0,0
76,Supplier,SKU_B,0,0,0,0
76,Supplier,SKU_C,0,0,0,0
76,Supplier,SKU_D,0,0,0,0
76,Supplier,SKU_E,0,0,0,0
76,W1,SKU_A,2414,0,0,0
76,W1,SKU_B,73,0,0,859
76,W1,SKU_C,1749,0,0,915
76,W1,SKU_D,1071,0,0,0
76,W1,SKU_E,1051,0,0,475
76,W2,SKU_A,765,0,0,1591
76,W2,SKU_B,242,0,0,738
76,W2,SKU_C,1285,0,0,0
76,W2,SKU_D,0,0,500,1336
76,W2,SKU_E,904,0,0,710
76,R1,SKU_A,1038,0,0,0
76,R1,SKU_B,292,0,0,157
76,R1,SKU_C,29,0,0,462
76,R1,SKU_D,507,0,0,0
76,R1,SKU_E,278,0,0,80
76,R2,SKU_A,461,0,0,547
76,R2,SKU_B,0,143,0,202
76,R2,SKU_C,562,0,0,0
76,R2,SKU_D,189,0,0,201
76,R2,SKU_E,427,0,0,0
76,R3,SKU_A,2402,0,0,815
76,R3,SKU_B,286,0,0,188
76,R3,SKU_C,1443,0,0,361
76,R3,SKU_D,1119,0,0,0
76,R3,SKU_E,0,0,0,710
77,Supplier,SKU_A,0,0,0,0
77,Supplier,SKU_B,0,0,0,0
77,Supplier,SKU_C,0,0,0,0
77,Supplier,SKU_D,0,0,0,0
77,Supplier,SKU_E,0,0,0,0
77,W1,SKU_A,2414,0,0,0
77,W1,SKU_B,0,0,306,859
77,W1,SKU_C,1749,0,0,915
77,W1,SKU_D,1071,0,0,0
77,W1,SKU_E,766,0,0,475
77,W2,SKU_A,765,0,0,1591
77,W2,SKU_B,76,0,0,738
77,W2,SKU_C,825,0,0,0
77,W2,SKU_D,0,0,500,1336
77,W2,SKU_E,904,0,0,710
77,R1,SKU_A,804,0,0,0
77,R1,SKU_B,335,0,0,0
77,R1,SKU_C,320,0,0,0
77,R1,SKU_D,414,0,0,0
77,R1,SKU_E,303,0,0,0
77,R2,SKU_A,306,0,0,547
77,R2,SKU_B,0,226,0,202
77,R2,SKU_C,487,0,0,0
77,R2,SKU_D,143,0,0,201
77,R2,SKU_E,365,0,0,0
77,R3,SKU_A,2101,0,0,815
77,R3,SKU_B,178,0,0,188
77,R3,SKU_C,1312,0,0,361
77,R3,SKU_D,1021,0,0,0
77,R3,SKU_E,598,0,0,0
78,Supplier,SKU_A,0,0,0,0
78,Supplier,SKU_B,0,0,0,0
78,Supplier,SKU_C,0,0,0,0
78,Supplier,SKU_D,0,0,0,0
78,Supplier,SKU_E,0,0,0,0
78,W1,SKU_A,1016,0,0,0
78,W1,SKU_B,0,0,31,470
78,W1,SKU_C,2094,0,0,0
78,W1,SKU_D,1071,0,0,0
78,W1,SKU_E,766,0,0,475
78,W2,SKU_A,1513,0,0,0
78,W2,SKU_B,0,0,32,738
78,W2,SKU_C,825,0,0,2032
78,W2,SKU_D,0,0,500,1336
78,W2,SKU_E,904,0,0,710
78,R1,SKU_A,663,0,0,912
78,R1,SKU_B,269,0,0,318
78,R1,SKU_C,210,0,0,570
78,R1,SKU_D,358,0,0,0
78,R1,SKU_E,265,0,0,112
78,R2,SKU_A,195,0,0,547
78,R2,SKU_B,0,299,0,202
78,R2,SKU_C,434,0,0,0
78,R2,SKU_D,107,0,0,201
78,R2,SKU_E,307,0,0,0
78,R3,SKU_A,1876,0,0,1658
78,R3,SKU_B,85,0,0,430
78,R3,SKU_C,1175,0,0,821
78,R3,SKU_D,931,0,0,0
78,R3,SKU_E,514,0,0,0
79,Supplier,SKU_A,0,0,0,0
79,Supplier,SKU_B,0,0,0,0
79,Supplier,SKU_C,0,0,0,0
79,Supplier,SKU_D,0,0,0,0
79,Supplier,SKU_E,0,0,0,0
79,W1,SKU_A,1016,0,0,2845
79,W1,SKU_B,0,0,31,1080
79,W1,SKU_C,1715,0,0,1032
79,W1,SKU_D,1071,0,0,0
79,W1,SKU_E,673,0,0,475
79,W2,SKU_A,1513,0,0,1658
79,W2,SKU_B,0,0,125,738
79,W2,SKU_C,825,0,0,2032
79,W2,SKU_D,836,0,0,0
79,W2,SKU_E,904,0,0,710
79,R1,SKU_A,508,0,0,912
79,R1,SKU_B,208,0,0,318
79,R1,SKU_C,86,0,0,570
79,R1,SKU_D,300,0,0,0
79,R1,SKU_E,224,0,0,112
79,R2,SKU_A,632,0,0,486
79,R2,SKU_B,0,153,0,235
79,R2,SKU_C,383,0,0,379
79,R2,SKU_D,277,0,0,0
79,R2,SKU_E,263,0,0,173
79,R3,SKU_A,2475,0,0,843
79,R3,SKU_B,206,0,0,242
79,R3,SKU_C,1424,0,0,460
79,R3,SKU_D,832,0,0,0
79,R3,SKU_E,435,0,0,0
80,Supplier,SKU_A,0,0,0,0
80,Supplier,SKU_B,0,0,0,0
80,Supplier,SKU_C,0,0,0,0
80,Supplier,SKU_D,0,0,0,0
80,Supplier,SKU_E,0,0,0,0
80,W1,SKU_A,1016,0,0,2845
80,W1,SKU_B,0,0,370,1080
80,W1,SKU_C,1715,0,0,1032
80,W1,SKU_D,612,0,0,0
80,W1,SKU_E,509,0,0,475
80,W2,SKU_A,1513,0,0,1658
80,W2,SKU_B,0,0,125,738
80,W2,SKU_C,445,0,0,2032
80,W2,SKU_D,836,0,0,0
80,W2,SKU_E,1614,0,0,0
80,R1,SKU_A,1284,0,0,0
80,R1,SKU_B,463,0,0,0
80,R1,SKU_C,524,0,0,0
80,R1,SKU_D,220,0,0,0
80,R1,SKU_E,289,0,0,0
80,R2,SKU_A,517,0,0,486
80,R2,SKU_B,0,237,0,235
80,R2,SKU_C,334,0,0,379
80,R2,SKU_D,232,0,0,0
80,R2,SKU_E,204,0,0,173
80,R3,SKU_A,2288,0,0,843
80,R3,SKU_B,135,0,0,242
80,R3,SKU_C,1299,0,0,460
80,R3,SKU_D,736,0,0,0
80,R3,SKU_E,361,0,0,0
81,Supplier,SKU_A,0,0,0,0
81,Supplier,SKU_B,0,0,0,0
81,Supplier,SKU_C,0,0,0,0
81,Supplier,SKU_D,0,0,0,0
81,Supplier,SKU_E,0,0,0,0
81,W1,SKU_A,1016,0,0,2845
81,W1,SKU_B,100,0,0,1063
81,W1,SKU_C,1715,0,0,1032
81,W1,SKU_D,397,0,0,1509
81,W1,SKU_E,896,0,0,458
81,W2,SKU_A,1513,0,0,1658
81,W2,SKU_B,475,0,0,0
81,W2,SKU_C,445,0,0,2032
81,W2,SKU_D,836,0,0,0
81,W2,SKU_E,941,0,0,0
81,R1,SKU_A,1145,0,0,0
81,R1,SKU_B,390,0,0,127
81,R1,SKU_C,411,0,0,0
81,R1,SKU_D,159,0,0,459
81,R1,SKU_E,245,0,0,181
81,R2,SKU_A,394,0,0,486
81,R2,SKU_B,0,309,0,235
81,R2,SKU_C,273,0,0,379
81,R2,SKU_D,193,0,0,0
81,R2,SKU_E,143,0,0,173
81,R3,SKU_A,2104,0,0,843
81,R3,SKU_B,48,0,0,505
81,R3,SKU_C,1160,0,0,840
81,R3,SKU_D,647,0,0,500
81,R3,SKU_E,273,0,0,673
82,Supplier,SKU_A,0,0,0,0
82,Supplier,SKU_B,0,0,0,0
82,Supplier,SKU_C,0,0,0,0
82,Supplier,SKU_D,0,0,0,0
82,Supplier,SKU_E,0,0,0,0
82,W1,SKU_A,557,0,0,2845
82,W1,SKU_B,0,0,36,1063
82,W1,SKU_C,1236,0,0,1032
82,W1,SKU_D,397,0,0,1509
82,W1,SKU_E,896,0,0,458
82,W2,SKU_A,701,0,0,1658
82,W2,SKU_B,388,0,0,0
82,W2,SKU_C,445,0,0,2032
82,W2,SKU_D,836,0,0,0
82,W2,SKU_E,941,0,0,673
82,R1,SKU_A,960,0,0,0
82,R1,SKU_B,264,0,0,127
82,R1,SKU_C,266,0,0,0
82,R1,SKU_D,74,0,0,459
82,R1,SKU_E,180,0,0,181
82,R2,SKU_A,743,0,0,459
82,R2,SKU_B,0,181,0,243
82,R2,SKU_C,572,0,0,0
82,R2,SKU_D,147,0,0,215
82,R2,SKU_E,243,0,0,164
82,R3,SKU_A,2692,0,0,0
82,R3,SKU_B,176,0,0,263
82,R3,SKU_C,1410,0,0,380
82,R3,SKU_D,521,0,0,500
82,R3,SKU_E,162,0,0,673
83,Supplier,SKU_A,0,0,0,0
83,Supplier,SKU_B,0,0,0,0
83,Supplier,SKU_C,0,0,0,0
83,Supplier,SKU_D,0,0,0,0
83,Supplier,SKU_E,0,0,0,0
83,W1,SKU_A,557,0,0,2845
83,W1,SKU_B,0,0,425,1063
83,W1,SKU_C,1236,0,0,1032
83,W1,SKU_D,397,0,0,1509
83,W1,SKU_E,594,0,0,458
83,W2,SKU_A,701,0,0,1658
83,W2,SKU_B,274,0,0,0
83,W2,SKU_C,0,0,29,2032
83,W2,SKU_D,836,0,0,0
83,W2,SKU_E,941,0,0,673
83,R1,SKU_A,786,0,0,0
83,R1,SKU_B,276,0,0,0
83,R1,SKU_C,88,0,0,0
83,R1,SKU_D,426,0,0,0
83,R1,SKU_E,312,0,0,0
83,R2,SKU_A,615,0,0,459
83,R2,SKU_B,0,264,0,243
83,R2,SKU_C,495,0,0,0
83,R2,SKU_D,90,0,0,215
83,R2,SKU_E,197,0,0,164
83,R3,SKU_A,2375,0,0,812
83,R3,SKU_B,90,0,0,464
83,R3,SKU_C,1169,0,0,825
83,R3,SKU_D,385,0,0,500
83,R3,SKU_E,50,0,0,673
84,Supplier,SKU_A,0,0,0,0
84,Supplier,SKU_B,0,0,0,0
84,Supplier,SKU_C,0,0,0,0
84,Supplier,SKU_D,0,0,0,0
84,Supplier,SKU_E,0,0,0,0
84,W1,SKU_A,2472,0,0,0
84,W1,SKU_B,70,0,0,978
84,W1,SKU_C,2268,0,0,858
84,W1,SKU_D,397,0,0,1509
84,W1,SKU_E,594,0,0,1012
84,W2,SKU_A,701,0,0,1658
84,W2,SKU_B,188,0,0,792
84,W2,SKU_C,2003,0,0,0
84,W2,SKU_D,836,0,0,0
84,W2,SKU_E,941,0,0,673
84,R1,SKU_A,555,0,0,930
84,R1,SKU_B,164,0,0,377
84,R1,SKU_C,0,132,0,479
84,R1,SKU_D,330,0,0,0
84,R1,SKU_E,235,0,0,109
84,R2,SKU_A,492,0,0,459
84,R2,SKU_B,0,367,0,243
84,R2,SKU_C,397,0,0,0
84,R2,SKU_D,32,0,0,215
84,R2,SKU_E,126,0,0,164
84,R3,SKU_A,2092,0,0,812
84,R3,SKU_B,0,16,0,464
84,R3,SKU_C,928,0,0,825
84,R3,SKU_D,263,0,0,500
84,R3,SKU_E,0,38,0,673
85,Supplier,SKU_A,0,0,0,0
85,Supplier,SKU_B,0,0,0,0
85,Supplier,SKU_C,0,0,0,0
85,Supplier,SKU_D,0,0,0,0
85,Supplier,SKU_E,0,0,0,0
85,W1,SKU_A,2472,0,0,0
85,W1,SKU_B,0,0,228,978
85,W1,SKU_C,1309,0,0,858
85,W1,SKU_D,0,0,232,1509
85,W1,SKU_E,468,0,0,1012
85,W2,SKU_A,1504,0,0,0
85,W2,SKU_B,82,0,0,792
85,W2,SKU_C,1521,0,0,0
85,W2,SKU_D,0,0,549,0
85,W2,SKU_E,941,0,0,673
85,R1,SKU_A,368,0,0,930
85,R1,SKU_B,76,0,0,447
85,R1,SKU_C,0,275,0,1022
85,R1,SKU_D,265,0,0,397
85,R1,SKU_E,185,0,0,235
85,R2,SKU_A,863,0,0,0
85,R2,SKU_B,0,193,0,263
85,R2,SKU_C,315,0,0,416
85,R2,SKU_D,183,0,0,0
85,R2,SKU_E,249,0,0,193
85,R3,SKU_A,1888,0,0,1667
85,R3,SKU_B,174,0,0,393
85,R3,SKU_C,1169,0,0,956
85,R3,SKU_D,666,0,0,836
85,R3,SKU_E,553,0,0,0
86,Supplier,SKU_A,0,0,0,0
86,Supplier,SKU_B,0,0,0,0
86,Supplier,SKU_C,0,0,0,0
86,Supplier,SKU_D,0,0,0,0
86,Supplier,SKU_E,0,0,0,0
86,W1,SKU_A,1996,0,0,0
86,W1,SKU_B,225,0,0,525
86,W1,SKU_C,1309,0,0,858
86,W1,SKU_D,1277,0,0,0
86,W1,SKU_E,768,0,0,554
86,W2,SKU_A,1504,0,0,1667
86,W2,SKU_B,82,0,0,792
86,W2,SKU_C,1521,0,0,0
86,W2,SKU_D,0,0,549,1385
86,W2,SKU_E,941,0,0,673
86,R1,SKU_A,1134,0,0,0
86,R1,SKU_B,386,0,0,70
86,R1,SKU_C,96,0,0,543
86,R1,SKU_D,202,0,0,397
86,R1,SKU_E,256,0,0,126
86,R2,SKU_A,739,0,0,0
86,R2,SKU_B,0,252,0,263
86,R2,SKU_C,260,0,0,416
86,R2,SKU_D,147,0,0,0
86,R2,SKU_E,201,0,0,193
86,R3,SKU_A,1672,0,0,1667
86,R3,SKU_B,108,0,0,393
86,R3,SKU_C,1038,0,0,956
86,R3,SKU_D,592,0,0,836
86,R3,SKU_E,472,0,0,0
87,Supplier,SKU_A,0,0,0,0
87,Supplier,SKU_B,0,0,0,0
87,Supplier,SKU_C,0,0,0,0
87,Supplier,SKU_D,0,0,0,0
87,Supplier,SKU_E,0,0,0,0
87,W1,SKU_A,1996,0,0,0
87,W1,SKU_B,70,0,0,525
87,W1,SKU_C,1309,0,0,858
87,W1,SKU_D,1277,0,0,0
87,W1,SKU_E,680,0,0,554
87,W2,SKU_A,1504,0,0,1667
87,W2,SKU_B,0,0,57,792
87,W2,SKU_C,1521,0,0,0
87,W2,SKU_D,0,0,549,1385
87,W2,SKU_E,941,0,0,673
87,R1,SKU_A,991,0,0,0
87,R1,SKU_B,385,0,0,0
87,R1,SKU_C,535,0,0,0
87,R1,SKU_D,529,0,0,0
87,R1,SKU_E,340,0,0,0
87,R2,SKU_A,661,0,0,0
87,R2,SKU_B,0,295,0,263
87,R2,SKU_C,227,0,0,416
87,R2,SKU_D,131,0,0,0
87,R2,SKU_E,149,0,0,193
87,R3,SKU_A,2347,0,0,855
87,R3,SKU_B,247,0,0,192
87,R3,SKU_C,1362,0,0,511
87,R3,SKU_D,507,0,0,836
87,R3,SKU_E,406,0,0,0
88,Supplier,SKU_A,0,0,0,0
88,Supplier,SKU_B,0,0,0,0
88,Supplier,SKU_C,0,0,0,0
88,Supplier,SKU_D,0,0,0,0
88,Supplier,SKU_E,0,0,0,0
88,W1,SKU_A,1996,0,0,0
88,W1,SKU_B,70,0,0,938
88,W1,SKU_C,1309,0,0,1817
88,W1,SKU_D,1277,0,0,0
88,W1,SKU_E,680,0,0,554
88,W2,SKU_A,1504,0,0,1667
88,W2,SKU_B,0,0,57,792
88,W2,SKU_C,1130,0,0,0
88,W2,SKU_D,0,0,549,1385
88,W2,SKU_E,1614,0,0,0
88,R1,SKU_A,846,0,0,0
88,R1,SKU_B,301,0,0,197
88,R1,SKU_C,390,0,0,0
88,R1,SKU_D,462,0,0,32
88,R1,SKU_E,291,0,0,88
88,R2,SKU_A,555,0,0,476
88,R2,SKU_B,0,122,0,186
88,R2,SKU_C,597,0,0,0
88,R2,SKU_D,102,0,0,200
88,R2,SKU_E,305,0,0,158
88,R3,SKU_A,2138,0,0,855
88,R3,SKU_B,171,0,0,192
88,R3,SKU_C,1225,0,0,511
88,R3,SKU_D,408,0,0,836
88,R3,SKU_E,346,0,0,0
89,Supplier,SKU_A,0,0,0,0
89,Supplier,SKU_B,0,0,0,0
89,Supplier,SKU_C,0,0,0,0
89,Supplier,SKU_D,0,0,0,0
89,Supplier,SKU_E,0,0,0,0
89,W1,SKU_A,1996,0,0,0
89,W1,SKU_B,179,0,0,413
89,W1,SKU_C,1667,0,0,959
89,W1,SKU_D,1277,0,0,0
89,W1,SKU_E,1006,0,0,0
89,W2,SKU_A,738,0,0,1667
89,W2,SKU_B,0,0,195,792
89,W2,SKU_C,1130,0,0,0
89,W2,SKU_D,0,0,549,1385
89,W2,SKU_E,926,0,0,0
89,R1,SKU_A,632,0,0,0
89,R1,SKU_B,206,0,0,352
89,R1,SKU_C,217,0,0,500
89,R1,SKU_D,386,0,0,32
89,R1,SKU_E,238,0,0,179
89,R2,SKU_A,439,0,0,476
89,R2,SKU_B,0,187,0,186
89,R2,SKU_C,542,0,0,0
89,R2,SKU_D,59,0,0,200
89,R2,SKU_E,262,0,0,158
89,R3,SKU_A,2735,0,0,766
89,R3,SKU_B,280,0,0,82
89,R3,SKU_C,1514,0,0,391
89,R3,SKU_D,1115,0,0,0
89,R3,SKU_E,254,0,0,688
90,Supplier,SKU_A,0,0,0,0
90,Supplier,SKU_B,0,0,0,0
90,Supplier,SKU_C,0,0,0,0
90,Supplier,SKU_D,0,0,0,0
90,Supplier,SKU_E,0,0,0,0
90,W1,SKU_A,912,0,0,0
90,W1,SKU_B,84,0,0,413
90,W1,SKU_C,1667,0,0,959
90,W1,SKU_D,1277,0,0,0
90,W1,SKU_E,1006,0,0,0
90,W2,SKU_A,738,0,0,1667
90,W2,SKU_B,597,0,0,0
90,W2,SKU_C,771,0,0,0
90,W2,SKU_D,0,0,549,1385
90,W2,SKU_E,926,0,0,688
90,R1,SKU_A,428,0,0,0
90,R1,SKU_B,280,0,0,155
90,R1,SKU_C,44,0,0,500
90,R1,SKU_D,325,0,0,0
90,R1,SKU_E,250,0,0,91
90,R2,SKU_A,316,0,0,476
90,R2,SKU_B,0,271,0,186
90,R2,SKU_C,466,0,0,0
90,R2,SKU_D,16,0,0,200
90,R2,SKU_E,222,0,0,158
90,R3,SKU_A,2467,0,0,766
90,R3,SKU_B,207,0,0,82
90,R3,SKU_C,1264,0,0,391
90,R3,SKU_D,973,0,0,0
90,R3,SKU_E,166,0,0,688
91,Supplier,SKU_A,0,0,0,0
91,Supplier,SKU_B,0,0,0,0
91,Supplier,SKU_C,0,0,0,0
91,Supplier,SKU_D,0,0,0,0
91,Supplier,SKU_E,0,0,0,0
91,W1,SKU_A,365,0,0,2949
91,W1,SKU_B,0,0,39,984
91,W1,SKU_C,1320,0,0,959
91,W1,SKU_D,612,0,0,0
91,W1,SKU_E,877,0,0,600
91,W2,SKU_A,738,0,0,1667
91,W2,SKU_B,441,0,0,0
91,W2,SKU_C,771,0,0,2086
91,W2,SKU_D,0,0,549,1385
91,W2,SKU_E,926,0,0,688
91,R1,SKU_A,190,0,0,1084
91,R1,SKU_B,337,0,0,179
91,R1,SKU_C,343,0,0,0
91,R1,SKU_D,235,0,0,434
91,R1,SKU_E,270,0,0,129
91,R2,SKU_A,680,0,0,547
91,R2,SKU_B,0,170,0,261
91,R2,SKU_C,406,0,0,347
91,R2,SKU_D,169,0,0,231
91,R2,SKU_E,334,0,0,137
91,R3,SKU_A,2239,0,0,766
91,R3,SKU_B,94,0,0,82
91,R3,SKU_C,1043,0,0,391
91,R3,SKU_D,857,0,0,0
91,R3,SKU_E,98,0,0,688
92,Supplier,SKU_A,0,0,0,0
92,Supplier,SKU_B,0,0,0,0
92,Supplier,SKU_C,0,0,0,0
92,Supplier,SKU_D,0,0,0,0
92,Supplier,SKU_E,0,0,0,0
92,W1,SKU_A,365,0,0,2949
92,W1,SKU_B,0,0,371,1202
92,W1,SKU_C,773,0,0,1806
92,W1,SKU_D,612,0,0,1509
92,W1,SKU_E,877,0,0,600
92,W2,SKU_A,1651,0,0,0
92,W2,SKU_B,328,0,0,0
92,W2,SKU_C,300,0,0,2086
92,W2,SKU_D,836,0,0,0
92,W2,SKU_E,926,0,0,688
92,R1,SKU_A,58,0,0,1084
92,R1,SKU_B,254,0,0,179
92,R1,SKU_C,227,0,0,0
92,R1,SKU_D,169,0,0,434
92,R1,SKU_E,232,0,0,129
92,R2,SKU_A,567,0,0,547
92,R2,SKU_B,0,233,0,261
92,R2,SKU_C,357,0,0,347
92,R2,SKU_D,126,0,0,231
92,R2,SKU_E,294,0,0,137
92,R3,SKU_A,2037,0,0,1520
92,R3,SKU_B,23,0,0,546
92,R3,SKU_C,883,0,0,1221
92,R3,SKU_D,754,0,0,549
92,R3,SKU_E,26,0,0,688
93,Supplier,SKU_A,0,0,0,0
93,Supplier,SKU_B,0,0,0,0
93,Supplier,SKU_C,0,0,0,0
93,Supplier,SKU_D,0,0,0,0
93,Supplier,SKU_E,0,0,0,0
93,W1,SKU_A,365,0,0,2949
93,W1,SKU_B,42,0,0,789
93,W1,SKU_C,1732,0,0,847
93,W1,SKU_D,612,0,0,1509
93,W1,SKU_E,599,0,0,600
93,W2,SKU_A,1651,0,0,1520
93,W2,SKU_B,328,0,0,738
93,W2,SKU_C,300,0,0,2086
93,W2,SKU_D,836,0,0,0
93,W2,SKU_E,926,0,0,688
93,R1,SKU_A,982,0,0,0
93,R1,SKU_B,321,0,0,137
93,R1,SKU_C,104,0,0,547
93,R1,SKU_D,537,0,0,0
93,R1,SKU_E,325,0,0,109
93,R2,SKU_A,460,0,0,547
93,R2,SKU_B,0,311,0,261
93,R2,SKU_C,268,0,0,347
93,R2,SKU_D,87,0,0,231
93,R2,SKU_E,252,0,0,137
93,R3,SKU_A,2624,0,0,754
93,R3,SKU_B,34,0,0,464
93,R3,SKU_C,1134,0,0,830
93,R3,SKU_D,654,0,0,549
93,R3,SKU_E,654,0,0,0
94,Supplier,SKU_A,0,0,0,0
94,Supplier,SKU_B,0,0,0,0
94,Supplier,SKU_C,0,0,0,0
94,Supplier,SKU_D,0,0,0,0
94,Supplier,SKU_E,0,0,0,0
94,W1,SKU_A,365,0,0,2949
94,W1,SKU_B,0,0,153,789
94,W1,SKU_C,1732,0,0,847
94,W1,SKU_D,612,0,0,1509
94,W1,SKU_E,599,0,0,600
94,W2,SKU_A,1651,0,0,1520
94,W2,SKU_B,186,0,0,738
94,W2,SKU_C,300,0,0,2086
94,W2,SKU_D,836,0,0,0
94,W2,SKU_E,926,0,0,688
94,R1,SKU_A,847,0,0,0
94,R1,SKU_B,251,0,0,137
94,R1,SKU_C,0,39,0,547
94,R1,SKU_D,488,0,0,0
94,R1,SKU_E,291,0,0,109
94,R2,SKU_A,925,0,0,0
94,R2,SKU_B,0,142,0,0
94,R2,SKU_C,563,0,0,0
94,R2,SKU_D,293,0,0,0
94,R2,SKU_E,352,0,0,0
94,R3,SKU_A,2459,0,0,754
94,R3,SKU_B,0,55,0,464
94,R3,SKU_C,1019,0,0,830
94,R3,SKU_D,579,0,0,549
94,R3,SKU_E,577,0,0,0
95,Supplier,SKU_A,0,0,0,0
95,Supplier,SKU_B,0,0,0,0
95,Supplier,SKU_C,0,0,0,0
95,Supplier,SKU_D,0,0,0,0
95,Supplier,SKU_E,0,0,0,0
95,W1,SKU_A,365,0,0,2949
95,W1,SKU_B,0,0,386,1316
95,W1,SKU_C,1732,0,0,847
95,W1,SKU_D,612,0,0,1509
95,W1,SKU_E,599,0,0,600
95,W2,SKU_A,1651,0,0,1520
95,W2,SKU_B,97,0,0,738
95,W2,SKU_C,0,0,115,2086
95,W2,SKU_D,836,0,0,0
95,W2,SKU_E,926,0,0,688
95,R1,SKU_A,686,0,0,0
95,R1,SKU_B,320,0,0,0
95,R1,SKU_C,420,0,0,0
95,R1,SKU_D,424,0,0,0
95,R1,SKU_E,359,0,0,0
95,R2,SKU_A,802,0,0,0
95,R2,SKU_B,0,215,0,234
95,R2,SKU_C,503,0,0,0
95,R2,SKU_D,264,0,0,0
95,R2,SKU_E,316,0,0,169
95,R3,SKU_A,2275,0,0,754
95,R3,SKU_B,0,126,0,464
95,R3,SKU_C,878,0,0,830
95,R3,SKU_D,486,0,0,549
95,R3,SKU_E,504,0,0,0
96,Supplier,SKU_A,0,0,0,0
96,Supplier,SKU_B,0,0,0,0
96,Supplier,SKU_C,0,0,0,0
96,Supplier,SKU_D,0,0,0,0
96,Supplier,SKU_E,0,0,0,0
96,W1,SKU_A,1747,0,0,0
96,W1,SKU_B,47,0,0,745
96,W1,SKU_C,1262,0,0,847
96,W1,SKU_D,612,0,0,1509
96,W1,SKU_E,1088,0,0,0
96,W2,SKU_A,921,0,0,1520
96,W2,SKU_B,97,0,0,738
96,W2,SKU_C,0,0,115,2086
96,W2,SKU_D,836,0,0,0
96,W2,SKU_E,1614,0,0,0
96,R1,SKU_A,486,0,0,1030
96,R1,SKU_B,208,0,0,333
96,R1,SKU_C,251,0,0,470
96,R1,SKU_D,346,0,0,0
96,R1,SKU_E,302,0,0,111
96,R2,SKU_A,710,0,0,0
96,R2,SKU_B,0,296,0,234
96,R2,SKU_C,444,0,0,0
96,R2,SKU_D,223,0,0,0
96,R2,SKU_E,256,0,0,169
96,R3,SKU_A,2741,0,0,730
96,R3,SKU_B,244,0,0,231
96,R3,SKU_C,1478,0,0,300
96,R3,SKU_D,891,0,0,0
96,R3,SKU_E,413,0,0,0
97,Supplier,SKU_A,0,0,0,0
97,Supplier,SKU_B,0,0,0,0
97,Supplier,SKU_C,0,0,0,0
97,Supplier,SKU_D,0,0,0,0
97,Supplier,SKU_E,0,0,0,0
97,W1,SKU_A,1747,0,0,2114
97,W1,SKU_B,153,0,0,760
97,W1,SKU_C,1740,0,0,1017
97,W1,SKU_D,1484,0,0,0
97,W1,SKU_E,913,0,0,518
97,W2,SKU_A,921,0,0,1520
97,W2,SKU_B,0,0,68,738
97,W2,SKU_C,1600,0,0,0
97,W2,SKU_D,836,0,0,0
97,W2,SKU_E,1614,0,0,0
97,R1,SKU_A,243,0,0,1030
97,R1,SKU_B,56,0,0,333
97,R1,SKU_C,28,0,0,470
97,R1,SKU_D,241,0,0,0
97,R1,SKU_E,237,0,0,111
97,R2,SKU_A,584,0,0,0
97,R2,SKU_B,0,404,0,234
97,R2,SKU_C,357,0,0,0
97,R2,SKU_D,150,0,0,0
97,R2,SKU_E,193,0,0,169
97,R3,SKU_A,2447,0,0,730
97,R3,SKU_B,142,0,0,231
97,R3,SKU_C,1226,0,0,300
97,R3,SKU_D,726,0,0,0
97,R3,SKU_E,299,0,0,0
98,Supplier,SKU_A,0,0,0,0
98,Supplier,SKU_B,0,0,0,0
98,Supplier,SKU_C,0,0,0,0
98,Supplier,SKU_D,0,0,0,0
98,Supplier,SKU_E,0,0,0,0
98,W1,SKU_A,1747,0,0,2114
98,W1,SKU_B,0,0,261,760
98,W1,SKU_C,1740,0,0,1017
98,W1,SKU_D,1484,0,0,0
98,W1,SKU_E,791,0,0,518
98,W2,SKU_A,921,0,0,1520
98,W2,SKU_B,0,0,170,738
98,W2,SKU_C,1600,0,0,0
98,W2,SKU_D,0,0,586,0
98,W2,SKU_E,879,0,0,0
98,R1,SKU_A,1037,0,0,0
98,R1,SKU_B,286,0,0,264
98,R1,SKU_C,284,0,0,0
98,R1,SKU_D,140,0,0,413
98,R1,SKU_E,285,0,0,122
98,R2,SKU_A,461,0,0,537
98,R2,SKU_B,0,260,0,234
98,R2,SKU_C,271,0,0,369
98,R2,SKU_D,82,0,0,224
98,R2,SKU_E,297,0,0,175
98,R3,SKU_A,2127,0,0,730
98,R3,SKU_B,23,0,0,328
98,R3,SKU_C,970,0,0,786
98,R3,SKU_D,607,0,0,836
98,R3,SKU_E,210,0,0,735
99,Supplier,SKU_A,0,0,0,0
99,Supplier,SKU_B,0,0,0,0
99,Supplier,SKU_C,0,0,0,0
99,Supplier,SKU_D,0,0,0,0
99,Supplier,SKU_E,0,0,0,0
99,W1,SKU_A,1747,0,0,2114
99,W1,SKU_B,0,0,364,760
99,W1,SKU_C,1134,0,0,1017
99,W1,SKU_D,1484,0,0,0
99,W1,SKU_E,791,0,0,518
99,W2,SKU_A,1539,0,0,0
99,W2,SKU_B,449,0,0,0
99,W2,SKU_C,1092,0,0,0
99,W2,SKU_D,0,0,586,1422
99,W2,SKU_E,879,0,0,735
99,R1,SKU_A,829,0,0,0
99,R1,SKU_B,199,0,0,264
99,R1,SKU_C,142,0,0,0
99,R1,SKU_D,69,0,0,413
99,R1,SKU_E,221,0,0,122
99,R2,SKU_A,355,0,0,537
99,R2,SKU_B,0,326,0,234
99,R2,SKU_C,211,0,0,369
99,R2,SKU_D,29,0,0,224
99,R2,SKU_E,243,0,0,175
99,R3,SKU_A,1884,0,0,1632
99,R3,SKU_B,0,53,0,617
99,R3,SKU_C,812,0,0,1294
99,R3,SKU_D,498,0,0,836
99,R3,SKU_E,127,0,0,735
100,Supplier,SKU_A,0,0,0,0
100,Supplier,SKU_B,0,0,0,0
100,Supplier,SKU_C,0,0,0,0
100,Supplier,SKU_D,0,0,0,0
100,Supplier,SKU_E,0,0,0,0
100,W1,SKU_A,1747,0,0,2114
100,W1,SKU_B,163,0,0,897
100,W1,SKU_C,1134,0,0,1992
100,W1,SKU_D,1290,0,0,0
100,W1,SKU_E,482,0,0,518
100,W2,SKU_A,1539,0,0,1632
100,W2,SKU_B,449,0,0,0
100,W2,SKU_C,1092,0,0,0
100,W2,SKU_D,0,0,586,1422
100,W2,SKU_E,879,0,0,735
100,R1,SKU_A,680,0,0,0
100,R1,SKU_B,397,0,0,103
100,R1,SKU_C,50,0,0,606
100,R1,SKU_D,413,0,0,0
100,R1,SKU_E,306,0,0,127
100,R2,SKU_A,252,0,0,537
100,R2,SKU_B,0,380,0,234
100,R2,SKU_C,157,0,0,369
100,R2,SKU_D,0,17,0,224
100,R2,SKU_E,194,0,0,175
100,R3,SKU_A,2396,0,0,902
100,R3,SKU_B,91,0,0,386
100,R3,SKU_C,1044,0,0,994
100,R3,SKU_D,385,0,0,836
100,R3,SKU_E,54,0,0,735
101,Supplier,SKU_A,0,0,0,0
101,Supplier,SKU_B,0,0,0,0
101,Supplier,SKU_C,0,0,0,0
101,Supplier,SKU_D,0,0,0,0
101,Supplier,SKU_E,0,0,0,0
101,W1,SKU_A,161,0,0,2114
101,W1,SKU_B,0,0,200,897
101,W1,SKU_C,1134,0,0,1992
101,W1,SKU_D,1290,0,0,0
101,W1,SKU_E,482,0,0,518
101,W2,SKU_A,1539,0,0,1632
101,W2,SKU_B,286,0,0,0
101,W2,SKU_C,1092,0,0,0
101,W2,SKU_D,0,0,586,1422
101,W2,SKU_E,879,0,0,735
101,R1,SKU_A,505,0,0,1036
101,R1,SKU_B,334,0,0,256
101,R1,SKU_C,0,69,0,606
101,R1,SKU_D,339,0,0,0
101,R1,SKU_E,244,0,0,127
101,R2,SKU_A,677,0,0,0
101,R2,SKU_B,0,205,0,0
101,R2,SKU_C,464,0,0,0
101,R2,SKU_D,150,0,0,0
101,R2,SKU_E,323,0,0,0
101,R3,SKU_A,2197,0,0,902
101,R3,SKU_B,32,0,0,386
101,R3,SKU_C,898,0,0,994
101,R3,SKU_D,257,0,0,836
101,R3,SKU_E,0,21,0,735
102,Supplier,SKU_A,0,0,0,0
102,Supplier,SKU_B,0,0,0,0
102,Supplier,SKU_C,0,0,0,0
102,Supplier,SKU_D,0,0,0,0
102,Supplier,SKU_E,0,0,0,0
102,W1,SKU_A,2275,0,0,0
102,W1,SKU_B,33,0,0,664
102,W1,SKU_C,1802,0,0,975
102,W1,SKU_D,870,0,0,0
102,W1,SKU_E,901,0,0,0
102,W2,SKU_A,1539,0,0,1632
102,W2,SKU_B,286,0,0,780
102,W2,SKU_C,720,0,0,0
102,W2,SKU_D,0,0,586,1422
102,W2,SKU_E,879,0,0,735
102,R1,SKU_A,360,0,0,1036
102,R1,SKU_B,357,0,0,153
102,R1,SKU_C,425,0,0,0
102,R1,SKU_D,283,0,0,0
102,R1,SKU_E,326,0,0,0
102,R2,SKU_A,571,0,0,550
102,R2,SKU_B,0,271,0,471
102,R2,SKU_C,409,0,0,349
102,R2,SKU_D,99,0,0,194
102,R2,SKU_E,280,0,0,182
102,R3,SKU_A,1987,0,0,902
102,R3,SKU_B,47,0,0,289
102,R3,SKU_C,1208,0,0,508
102,R3,SKU_D,978,0,0,0
102,R3,SKU_E,637,0,0,0
103,Supplier,SKU_A,0,0,0,0
103,Supplier,SKU_B,0,0,0,0
103,Supplier,SKU_C,0,0,0,0
103,Supplier,SKU_D,0,0,0,0
103,Supplier,SKU_E,0,0,0,0
103,W1,SKU_A,2275,0,0,0
103,W1,SKU_B,0,0,110,1130
103,W1,SKU_C,1337,0,0,975
103,W1,SKU_D,870,0,0,0
103,W1,SKU_E,763,0,0,606
103,W2,SKU_A,669,0,0,1632
103,W2,SKU_B,145,0,0,780
103,W2,SKU_C,720,0,0,2137
103,W2,SKU_D,0,0,586,1422
103,W2,SKU_E,879,0,0,735
103,R1,SKU_A,1218,0,0,0
103,R1,SKU_B,393,0,0,33
103,R1,SKU_C,251,0,0,465
103,R1,SKU_D,193,0,0,420
103,R1,SKU_E,268,0,0,99
103,R2,SKU_A,451,0,0,550
103,R2,SKU_B,0,343,0,471
103,R2,SKU_C,351,0,0,349
103,R2,SKU_D,36,0,0,194
103,R2,SKU_E,227,0,0,182
103,R3,SKU_A,2649,0,0,870
103,R3,SKU_B,282,0,0,304
103,R3,SKU_C,1483,0,0,372
103,R3,SKU_D,857,0,0,0
103,R3,SKU_E,533,0,0,0
104,Supplier,SKU_A,0,0,0,0
104,Supplier,SKU_B,0,0,0,0
104,Supplier,SKU_C,0,0,0,0
104,Supplier,SKU_D,0,0,0,0
104,Supplier,SKU_E,0,0,0,0
104,W1,SKU_A,2275,0,0,0
104,W1,SKU_B,0,0,424,1130
104,W1,SKU_C,1337,0,0,975
104,W1,SKU_D,653,0,0,0
104,W1,SKU_E,660,0,0,606
104,W2,SKU_A,669,0,0,1632
104,W2,SKU_B,145,0,0,780
104,W2,SKU_C,311,0,0,2137
104,W2,SKU_D,0,0,586,1422
104,W2,SKU_E,879,0,0,735
104,R1,SKU_A,992,0,0,0
104,R1,SKU_B,278,0,0,33
104,R1,SKU_C,30,0,0,465
104,R1,SKU_D,96,0,0,420
104,R1,SKU_E,203,0,0,99
104,R2,SKU_A,338,0,0,550
104,R2,SKU_B,0,448,0,471
104,R2,SKU_C,272,0,0,349
104,R2,SKU_D,0,29,0,194
104,R2,SKU_E,159,0,0,182
104,R3,SKU_A,2348,0,0,870
104,R3,SKU_B,198,0,0,304
104,R3,SKU_C,1228,0,0,372
104,R3,SKU_D,697,0,0,0
104,R3,SKU_E,443,0,0,0
105,Supplier,SKU_A,0,0,0,0
105,Supplier,SKU_B,0,0,0,0
105,Supplier,SKU_C,0,0,0,0
105,Supplier,SKU_D,0,0,0,0
105,Supplier,SKU_E,0,0,0,0
105,W1,SKU_A,2275,0,0,0
105,W1,SKU_B,125,0,0,923
105,W1,SKU_C,2312,0,0,814
105,W1,SKU_D,653,0,0,1468
105,W1,SKU_E,660,0,0,606
105,W2,SKU_A,669,0,0,1632
105,W2,SKU_B,7,0,0,780
105,W2,SKU_C,311,0,0,2137
105,W2,SKU_D,836,0,0,0
105,W2,SKU_E,1614,0,0,0
105,R1,SKU_A,723,0,0,0
105,R1,SKU_B,198,0,0,342
105,R1,SKU_C,224,0,0,0
105,R1,SKU_D,402,0,0,0
105,R1,SKU_E,242,0,0,103
105,R2,SKU_A,749,0,0,0
105,R2,SKU_B,0,69,0,197
105,R2,SKU_C,530,0,0,0
105,R2,SKU_D,82,0,0,217
105,R2,SKU_E,287,0,0,138
105,R3,SKU_A,2019,0,0,870
105,R3,SKU_B,120,0,0,442
105,R3,SKU_C,936,0,0,781
105,R3,SKU_D,553,0,0,586
105,R3,SKU_E,343,0,0,0
106,Supplier,SKU_A,0,0,0,0
106,Supplier,SKU_B,0,0,0,0
106,Supplier,SKU_C,0,0,0,0
106,Supplier,SKU_D,0,0,0,0
106,Supplier,SKU_E,0,0,0,0
106,W1,SKU_A,692,0,0,0
106,W1,SKU_B,0,0,185,923
106,W1,SKU_C,1646,0,0,814
106,W1,SKU_D,653,0,0,1468
106,W1,SKU_E,360,0,0,606
106,W2,SKU_A,1431,0,0,0
106,W2,SKU_B,7,0,0,780
106,W2,SKU_C,0,0,236,2137
106,W2,SKU_D,836,0,0,0
106,W2,SKU_E,923,0,0,0
106,R1,SKU_A,562,0,0,993
106,R1,SKU_B,117,0,0,455
106,R1,SKU_C,83,0,0,666
106,R1,SKU_D,318,0,0,0
106,R1,SKU_E,189,0,0,228
106,R2,SKU_A,614,0,0,0
106,R2,SKU_B,0,149,0,197
106,R2,SKU_C,447,0,0,0
106,R2,SKU_D,44,0,0,217
106,R2,SKU_E,234,0,0,138
106,R3,SKU_A,1771,0,0,1740
106,R3,SKU_B,41,0,0,442
106,R3,SKU_C,787,0,0,1092
106,R3,SKU_D,462,0,0,586
106,R3,SKU_E,289,0,0,691
107,Supplier,SKU_A,0,0,0,0
107,Supplier,SKU_B,0,0,0,0
107,Supplier,SKU_C,0,0,0,0
107,Supplier,SKU_D,0,0,0,0
107,Supplier,SKU_E,0,0,0,0
107,W1,SKU_A,692,0,0,3169
107,W1,SKU_B,0,0,185,1348
107,W1,SKU_C,1280,0,0,1480
107,W1,SKU_D,212,0,0,1468
107,W1,SKU_E,360,0,0,1246
107,W2,SKU_A,1431,0,0,1740
107,W2,SKU_B,0,0,150,780
107,W2,SKU_C,0,0,236,2137
107,W2,SKU_D,836,0,0,0
107,W2,SKU_E,923,0,0,691
107,R1,SKU_A,373,0,0,993
107,R1,SKU_B,381,0,0,113
107,R1,SKU_C,0,50,0,666
107,R1,SKU_D,249,0,0,0
107,R1,SKU_E,246,0,0,125
107,R2,SKU_A,510,0,0,0
107,R2,SKU_B,0,218,0,197
107,R2,SKU_C,395,0,0,0
107,R2,SKU_D,0,7,0,217
107,R2,SKU_E,187,0,0,138
107,R3,SKU_A,2439,0,0,870
107,R3,SKU_B,256,0,0,138
107,R3,SKU_C,1039,0,0,720
107,R3,SKU_D,378,0,0,586
107,R3,SKU_E,222,0,0,691
108,Supplier,SKU_A,0,0,0,0
108,Supplier,SKU_B,0,0,0,0
108,Supplier,SKU_C,0,0,0,0
108,Supplier,SKU_D,0,0,0,0
108,Supplier,SKU_E,0,0,0,0
108,W1,SKU_A,692,0,0,3169
108,W1,SKU_B,122,0,0,882
108,W1,SKU_C,1280,0,0,1480
108,W1,SKU_D,0,0,25,1468
108,W1,SKU_E,867,0,0,640
108,W2,SKU_A,1431,0,0,1740
108,W2,SKU_B,541,0,0,0
108,W2,SKU_C,0,0,236,2137
108,W2,SKU_D,836,0,0,0
108,W2,SKU_E,923,0,0,691
108,R1,SKU_A,1172,0,0,0
108,R1,SKU_B,439,0,0,159
108,R1,SKU_C,442,0,0,0
108,R1,SKU_D,182,0,0,441
108,R1,SKU_E,322,0,0,99
108,R2,SKU_A,393,0,0,590
108,R2,SKU_B,0,96,0,197
108,R2,SKU_C,325,0,0,366
108,R2,SKU_D,170,0,0,212
108,R2,SKU_E,271,0,0,175
108,R3,SKU_A,2235,0,0,870
108,R3,SKU_B,184,0,0,138
108,R3,SKU_C,879,0,0,720
108,R3,SKU_D,289,0,0,586
108,R3,SKU_E,131,0,0,691
109,Supplier,SKU_A,0,0,0,0
109,Supplier,SKU_B,0,0,0,0
109,Supplier,SKU_C,0,0,0,0
109,Supplier,SKU_D,0,0,0,0
109,Supplier,SKU_E,0,0,0,0
109,W1,SKU_A,692,0,0,3169
109,W1,SKU_B,0,0,102,882
109,W1,SKU_C,832,0,0,1480
109,W1,SKU_D,0,0,25,1468
109,W1,SKU_E,713,0,0,640
109,W2,SKU_A,1431,0,0,1740
109,W2,SKU_B,541,0,0,0
109,W2,SKU_C,1472,0,0,0
109,W2,SKU_D,836,0,0,0
109,W2,SKU_E,923,0,0,691
109,R1,SKU_A,1010,0,0,0
109,R1,SKU_B,355,0,0,159
109,R1,SKU_C,335,0,0,0
109,R1,SKU_D,93,0,0,441
109,R1,SKU_E,277,0,0,99
109,R2,SKU_A,276,0,0,590
109,R2,SKU_B,0,156,0,197
109,R2,SKU_C,270,0,0,366
109,R2,SKU_D,109,0,0,212
109,R2,SKU_E,221,0,0,175
109,R3,SKU_A,1996,0,0,870
109,R3,SKU_B,237,0,0,246
109,R3,SKU_C,1114,0,0,976
109,R3,SKU_D,776,0,0,0
109,R3,SKU_E,39,0,0,691
110,Supplier,SKU_A,0,0,0,0
110,Supplier,SKU_B,0,0,0,0
110,Supplier,SKU_C,0,0,0,0
110,Supplier,SKU_D,0,0,0,0
110,Supplier,SKU_E,0,0,0,0
110,W1,SKU_A,219,0,0,3169
110,W1,SKU_B,216,0,0,425
110,W1,SKU_C,1646,0,0,666
110,W1,SKU_D,1443,0,0,0
110,W1,SKU_E,619,0,0,640
110,W2,SKU_A,538,0,0,1740
110,W2,SKU_B,384,0,0,0
110,W2,SKU_C,1472,0,0,0
110,W2,SKU_D,0,0,536,0
110,W2,SKU_E,923,0,0,691
110,R1,SKU_A,794,0,0,0
110,R1,SKU_B,415,0,0,0
110,R1,SKU_C,176,0,0,0
110,R1,SKU_D,441,0,0,0
110,R1,SKU_E,334,0,0,0
110,R2,SKU_A,140,0,0,590
110,R2,SKU_B,0,252,0,197
110,R2,SKU_C,211,0,0,366
110,R2,SKU_D,63,0,0,212
110,R2,SKU_E,164,0,0,175
110,R3,SKU_A,2592,0,0,893
110,R3,SKU_B,151,0,0,403
110,R3,SKU_C,1204,0,0,665
110,R3,SKU_D,651,0,0,836
110,R3,SKU_E,605,0,0,0
111,Supplier,SKU_A,0,0,0,0
111,Supplier,SKU_B,0,0,0,0
111,Supplier,SKU_C,0,0,0,0
111,Supplier,SKU_D,0,0,0,0
111,Supplier,SKU_E,0,0,0,0
111,W1,SKU_A,0,0,703,3169
111,W1,SKU_B,117,0,0,425
111,W1,SKU_C,1646,0,0,666
111,W1,SKU_D,1443,0,0,0
111,W1,SKU_E,619,0,0,640
111,W2,SKU_A,538,0,0,1740
111,W2,SKU_B,298,0,0,0
111,W2,SKU_C,1077,0,0,0
111,W2,SKU_D,0,0,536,1372
111,W2,SKU_E,923,0,0,691
111,R1,SKU_A,543,0,0,219
111,R1,SKU_B,244,0,0,238
111,R1,SKU_C,0,71,0,448
111,R1,SKU_D,344,0,0,0
111,R1,SKU_E,282,0,0,94
111,R2,SKU_A,550,0,0,473
111,R2,SKU_B,0,186,0,224
111,R2,SKU_C,426,0,0,0
111,R2,SKU_D,195,0,0,25
111,R2,SKU_E,287,0,0,154
111,R3,SKU_A,2261,0,0,893
111,R3,SKU_B,57,0,0,403
111,R3,SKU_C,929,0,0,665
111,R3,SKU_D,492,0,0,836
111,R3,SKU_E,495,0,0,0
112,Supplier,SKU_A,0,0,0,0
112,Supplier,SKU_B,0,0,0,0
112,Supplier,SKU_C,0,0,0,0
112,Supplier,SKU_D,0,0,0,0
112,Supplier,SKU_E,0,0,0,0
112,W1,SKU_A,2466,0,0,0
112,W1,SKU_B,84,0,0,621
112,W1,SKU_C,1412,0,0,814
112,W1,SKU_D,801,0,0,0
112,W1,SKU_E,1006,0,0,0
112,W2,SKU_A,538,0,0,1740
112,W2,SKU_B,204,0,0,768
112,W2,SKU_C,1077,0,0,0
112,W2,SKU_D,0,0,536,1372
112,W2,SKU_E,923,0,0,691
112,R1,SKU_A,285,0,0,922
112,R1,SKU_B,85,0,0,409
112,R1,SKU_C,0,379,0,961
112,R1,SKU_D,225,0,0,415
112,R1,SKU_E,196,0,0,188
112,R2,SKU_A,394,0,0,473
112,R2,SKU_B,0,331,0,224
112,R2,SKU_C,314,0,0,0
112,R2,SKU_D,125,0,0,25
112,R2,SKU_E,205,0,0,154
112,R3,SKU_A,1941,0,0,893
112,R3,SKU_B,0,53,0,403
112,R3,SKU_C,700,0,0,665
112,R3,SKU_D,366,0,0,836
112,R3,SKU_E,376,0,0,0
113,Supplier,SKU_A,0,0,0,0
113,Supplier,SKU_B,0,0,0,0
113,Supplier,SKU_C,0,0,0,0
113,Supplier,SKU_D,0,0,0,0
113,Supplier,SKU_E,0,0,0,0
113,W1,SKU_A,1994,0,0,0
113,W1,SKU_B,0,0,75,1079
113,W1,SKU_C,1412,0,0,1714
113,W1,SKU_D,801,0,0,0
113,W1,SKU_E,920,0,0,600
113,W2,SKU_A,1353,0,0,0
113,W2,SKU_B,94,0,0,768
113,W2,SKU_C,573,0,0,0
113,W2,SKU_D,0,0,536,1372
113,W2,SKU_E,956,0,0,0
113,R1,SKU_A,336,0,0,703
113,R1,SKU_B,223,0,0,171
113,R1,SKU_C,0,85,0,513
113,R1,SKU_D,121,0,0,415
113,R1,SKU_E,230,0,0,94
113,R2,SKU_A,256,0,0,945
113,R2,SKU_B,0,402,0,511
113,R2,SKU_C,219,0,0,387
113,R2,SKU_D,85,0,0,252
113,R2,SKU_E,160,0,0,313
113,R3,SKU_A,1730,0,0,1818
113,R3,SKU_B,92,0,0,447
113,R3,SKU_C,1237,0,0,899
113,R3,SKU_D,256,0,0,836
113,R3,SKU_E,267,0,0,658
114,Supplier,SKU_A,0,0,0,0
114,Supplier,SKU_B,0,0,0,0
114,Supplier,SKU_C,0,0,0,0
114,Supplier,SKU_D,0,0,0,0
114,Supplier,SKU_E,0,0,0,0
114,W1,SKU_A,1994,0,0,0
114,W1,SKU_B,0,0,391,1079
114,W1,SKU_C,950,0,0,1714
114,W1,SKU_D,801,0,0,0
114,W1,SKU_E,920,0,0,600
114,W2,SKU_A,1353,0,0,1818
114,W2,SKU_B,0,0,7,768
114,W2,SKU_C,573,0,0,2284
114,W2,SKU_D,0,0,536,1372
114,W2,SKU_E,956,0,0,658
114,R1,SKU_A,863,0,0,0
114,R1,SKU_B,305,0,0,0
114,R1,SKU_C,318,0,0,0
114,R1,SKU_D,453,0,0,0
114,R1,SKU_E,266,0,0,0
114,R2,SKU_A,598,0,0,472
114,R2,SKU_B,0,246,0,287
114,R2,SKU_C,160,0,0,387
114,R2,SKU_D,66,0,0,227
114,R2,SKU_E,259,0,0,159
114,R3,SKU_A,2390,0,0,925
114,R3,SKU_B,168,0,0,290
114,R3,SKU_C,1072,0,0,899
114,R3,SKU_D,990,0,0,0
114,R3,SKU_E,194,0,0,658
115,Supplier,SKU_A,0,0,0,0
115,Supplier,SKU_B,0,0,0,0
115,Supplier,SKU_C,0,0,0,0
115,Supplier,SKU_D,0,0,0,0
115,Supplier,SKU_E,0,0,0,0
115,W1,SKU_A,1994,0,0,0
115,W1,SKU_B,0,0,391,1079
115,W1,SKU_C,950,0,0,1714
115,W1,SKU_D,801,0,0,0
115,W1,SKU_E,620,0,0,600
115,W2,SKU_A,1353,0,0,1818
115,W2,SKU_B,0,0,7,768
115,W2,SKU_C,573,0,0,2284
115,W2,SKU_D,0,0,536,1372
115,W2,SKU_E,956,0,0,658
115,R1,SKU_A,715,0,0,0
115,R1,SKU_B,219,0,0,84
115,R1,SKU_C,194,0,0,462
115,R1,SKU_D,389,0,0,0
115,R1,SKU_E,219,0,0,204
115,R2,SKU_A,506,0,0,472
115,R2,SKU_B,0,293,0,287
115,R2,SKU_C,112,0,0,387
115,R2,SKU_D,35,0,0,227
115,R2,SKU_E,207,0,0,159
115,R3,SKU_A,2206,0,0,925
115,R3,SKU_B,128,0,0,290
115,R3,SKU_C,967,0,0,899
115,R3,SKU_D,900,0,0,0
115,R3,SKU_E,118,0,0,658
116,Supplier,SKU_A,0,0,0,0
116,Supplier,SKU_B,0,0,0,0
116,Supplier,SKU_C,0,0,0,0
116,Supplier,SKU_D,0,0,0,0
116,Supplier,SKU_E,0,0,0,0
116,W1,SKU_A,993,0,0,0
116,W1,SKU_B,0,0,566,1079
116,W1,SKU_C,950,0,0,1714
116,W1,SKU_D,801,0,0,0
116,W1,SKU_E,620,0,0,600
116,W2,SKU_A,1353,0,0,1818
116,W2,SKU_B,0,0,128,768
116,W2,SKU_C,175,0,0,2284
116,W2,SKU_D,0,0,536,1372
116,W2,SKU_E,956,0,0,658
116,R1,SKU_A,589,0,0,0
116,R1,SKU_B,163,0,0,84
116,R1,SKU_C,89,0,0,462
116,R1,SKU_D,330,0,0,0
116,R1,SKU_E,175,0,0,204
116,R2,SKU_A,905,0,0,0
116,R2,SKU_B,0,70,0,0
116,R2,SKU_C,445,0,0,0
116,R2,SKU_D,229,0,0,0
116,R2,SKU_E,324,0,0,0
116,R3,SKU_A,2053,0,0,925
116,R3,SKU_B,67,0,0,384
116,R3,SKU_C,901,0,0,1297
116,R3,SKU_D,821,0,0,0
116,R3,SKU_E,46,0,0,658
117,Supplier,SKU_A,0,0,0,0
117,Supplier,SKU_B,0,0,0,0
117,Supplier,SKU_C,0,0,0,0
117,Supplier,SKU_D,0,0,0,0
117,Supplier,SKU_E,0,0,0,0
117,W1,SKU_A,993,0,0,2868
117,W1,SKU_B,55,0,0,933
117,W1,SKU_C,1396,0,0,900
117,W1,SKU_D,154,0,0,0
117,W1,SKU_E,529,0,0,600
117,W2,SKU_A,572,0,0,1818
117,W2,SKU_B,0,0,128,768
117,W2,SKU_C,175,0,0,2284
117,W2,SKU_D,836,0,0,0
117,W2,SKU_E,956,0,0,658
117,R1,SKU_A,424,0,0,1001
117,R1,SKU_B,143,0,0,350
117,R1,SKU_C,417,0,0,0
117,R1,SKU_D,272,0,0,429
117,R1,SKU_E,332,0,0,91
117,R2,SKU_A,814,0,0,0
117,R2,SKU_B,0,141,0,216
117,R2,SKU_C,399,0,0,368
117,R2,SKU_D,178,0,0,218
117,R2,SKU_E,272,0,0,182
117,R3,SKU_A,2704,0,0,781
117,R3,SKU_B,247,0,0,94
117,R3,SKU_C,1657,0,0,398
117,R3,SKU_D,697,0,0,536
117,R3,SKU_E,584,0,0,0
118,Supplier,SKU_A,0,0,0,0
118,Supplier,SKU_B,0,0,0,0
118,Supplier,SKU_C,0,0,0,0
118,Supplier,SKU_D,0,0,0,0
118,Supplier,SKU_E,0,0,0,0
118,W1,SKU_A,468,0,0,2868
118,W1,SKU_B,103,0,0,475
118,W1,SKU_C,1823,0,0,830
118,W1,SKU_D,154,0,0,1967
118,W1,SKU_E,983,0,0,477
118,W2,SKU_A,572,0,0,1818
118,W2,SKU_B,469,0,0,0
118,W2,SKU_C,175,0,0,2284
118,W2,SKU_D,836,0,0,0
118,W2,SKU_E,956,0,0,658
118,R1,SKU_A,183,0,0,1001
118,R1,SKU_B,20,0,0,350
118,R1,SKU_C,177,0,0,0
118,R1,SKU_D,163,0,0,429
118,R1,SKU_E,280,0,0,91
118,R2,SKU_A,721,0,0,0
118,R2,SKU_B,0,225,0,216
118,R2,SKU_C,318,0,0,368
118,R2,SKU_D,121,0,0,218
118,R2,SKU_E,215,0,0,182
118,R3,SKU_A,2337,0,0,781
118,R3,SKU_B,153,0,0,94
118,R3,SKU_C,1437,0,0,398
118,R3,SKU_D,543,0,0,536
118,R3,SKU_E,488,0,0,0
119,Supplier,SKU_A,0,0,0,0
119,Supplier,SKU_B,0,0,0,0
119,Supplier,SKU_C,0,0,0,0
119,Supplier,SKU_D,0,0,0,0
119,Supplier,SKU_E,0,0,0,0
119,W1,SKU_A,468,0,0,2868
119,W1,SKU_B,0,0,20,475
119,W1,SKU_C,1823,0,0,830
119,W1,SKU_D,154,0,0,1967
119,W1,SKU_E,884,0,0,477
119,W2,SKU_A,572,0,0,1818
119,W2,SKU_B,375,0,0,0
119,W2,SKU_C,0,0,254,2284
119,W2,SKU_D,836,0,0,0
119,W2,SKU_E,956,0,0,658
119,R1,SKU_A,903,0,0,0
119,R1,SKU_B,260,0,0,263
119,R1,SKU_C,13,0,0,473
119,R1,SKU_D,497,0,0,0
119,R1,SKU_E,301,0,0,99
119,R2,SKU_A,579,0,0,0
119,R2,SKU_B,0,305,0,216
119,R2,SKU_C,220,0,0,368
119,R2,SKU_D,58,0,0,218
119,R2,SKU_E,157,0,0,182
119,R3,SKU_A,1959,0,0,781
119,R3,SKU_B,31,0,0,94
119,R3,SKU_C,1100,0,0,398
119,R3,SKU_D,403,0,0,536
119,R3,SKU_E,390,0,0,0
120,Supplier,SKU_A,0,0,0,0
120,Supplier,SKU_B,0,0,0,0
120,Supplier,SKU_C,0,0,0,0
120,Supplier,SKU_D,0,0,0,0
120,Supplier,SKU_E,0,0,0,0
120,W1,SKU_A,468,0,0,2868
120,W1,SKU_B,0,0,130,475
120,W1,SKU_C,1823,0,0,830
120,W1,SKU_D,154,0,0,1967
120,W1,SKU_E,884,0,0,477
120,W2,SKU_A,1371,0,0,0
120,W2,SKU_B,253,0,0,0
120,W2,SKU_C,1693,0,0,0
120,W2,SKU_D,836,0,0,0
120,W2,SKU_E,1614,0,0,0
120,R1,SKU_A,737,0,0,0
120,R1,SKU_B,196,0,0,263
120,R1,SKU_C,0,99,0,473
120,R1,SKU_D,428,0,0,0
120,R1,SKU_E,237,0,0,99
120,R2,SKU_A,473,0,0,525
120,R2,SKU_B,0,159,0,250
120,R2,SKU_C,532,0,0,0
120,R2,SKU_D,242,0,0,0
120,R2,SKU_E,298,0,0,146
120,R3,SKU_A,1734,0,0,1800
120,R3,SKU_B,34,0,0,515
120,R3,SKU_C,1304,0,0,766
120,R3,SKU_D,319,0,0,536
120,R3,SKU_E,300,0,0,0
121,Supplier,SKU_A,0,0,0,0
121,Supplier,SKU_B,0,0,0,0
121,Supplier,SKU_C,0,0,0,0
121,Supplier,SKU_D,0,0,0,0
121,Supplier,SKU_E,0,0,0,0
121,W1,SKU_A,0,0,511,2868
121,W1,SKU_B,0,0,364,1293
121,W1,SKU_C,1307,0,0,830
121,W1,SKU_D,0,0,51,1967
121,W1,SKU_E,594,0,0,477
121,W2,SKU_A,1371,0,0,1800
121,W2,SKU_B,162,0,0,813
121,W2,SKU_C,1693,0,0,0
121,W2,SKU_D,0,0,457,0
121,W2,SKU_E,880,0,0,0
121,R1,SKU_A,633,0,0,468
121,R1,SKU_B,407,0,0,0
121,R1,SKU_C,271,0,0,516
121,R1,SKU_D,374,0,0,0
121,R1,SKU_E,313,0,0,134
121,R2,SKU_A,373,0,0,525
121,R2,SKU_B,0,218,0,250
121,R2,SKU_C,466,0,0,0
121,R2,SKU_D,193,0,0,0
121,R2,SKU_E,264,0,0,146
121,R3,SKU_A,2345,0,0,1019
121,R3,SKU_B,0,30,0,606
121,R3,SKU_C,1199,0,0,766
121,R3,SKU_D,789,0,0,836
121,R3,SKU_E,236,0,0,734
122,Supplier,SKU_A,0,0,0,0
122,Supplier,SKU_B,0,0,0,0
122,Supplier,SKU_C,0,0,0,0
122,Supplier,SKU_D,0,0,0,0
122,Supplier,SKU_E,0,0,0,0
122,W1,SKU_A,2357,0,0,0
122,W1,SKU_B,0,0,5,818
122,W1,SKU_C,960,0,0,830
122,W1,SKU_D,0,0,51,1967
122,W1,SKU_E,594,0,0,477
122,W2,SKU_A,1371,0,0,1800
122,W2,SKU_B,162,0,0,813
122,W2,SKU_C,1693,0,0,0
122,W2,SKU_D,0,0,457,1293
122,W2,SKU_E,880,0,0,734
122,R1,SKU_A,497,0,0,468
122,R1,SKU_B,337,0,0,0
122,R1,SKU_C,152,0,0,516
122,R1,SKU_D,315,0,0,0
122,R1,SKU_E,264,0,0,134
122,R2,SKU_A,264,0,0,525
122,R2,SKU_B,0,281,0,250
122,R2,SKU_C,405,0,0,0
122,R2,SKU_D,144,0,0,0
122,R2,SKU_E,229,0,0,146
122,R3,SKU_A,2193,0,0,1019
122,R3,SKU_B,0,113,0,606
122,R3,SKU_C,1083,0,0,766
122,R3,SKU_D,723,0,0,836
122,R3,SKU_E,177,0,0,734
123,Supplier,SKU_A,0,0,0,0
123,Supplier,SKU_B,0,0,0,0
123,Supplier,SKU_C,0,0,0,0
123,Supplier,SKU_D,0,0,0,0
123,Supplier,SKU_E,0,0,0,0
123,W1,SKU_A,1807,0,0,0
123,W1,SKU_B,0,0,5,818
123,W1,SKU_C,1790,0,0,0
123,W1,SKU_D,1472,0,0,0
123,W1,SKU_E,1071,0,0,0
123,W2,SKU_A,1371,0,0,1800
123,W2,SKU_B,15,0,0,813
123,W2,SKU_C,1278,0,0,0
123,W2,SKU_D,0,0,457,1293
123,W2,SKU_E,880,0,0,734
123,R1,SKU_A,797,0,0,511
123,R1,SKU_B,271,0,0,246
123,R1,SKU_C,559,0,0,0
123,R1,SKU_D,267,0,0,444
123,R1,SKU_E,357,0,0,0
123,R2,SKU_A,692,0,0,550
123,R2,SKU_B,0,114,0,229
123,R2,SKU_C,324,0,0,347
123,R2,SKU_D,97,0,0,205
123,R2,SKU_E,333,0,0,156
123,R3,SKU_A,2017,0,0,1019
123,R3,SKU_B,0,193,0,606
123,R3,SKU_C,937,0,0,766
123,R3,SKU_D,637,0,0,836
123,R3,SKU_E,82,0,0,734
124,Supplier,SKU_A,0,0,0,0
124,Supplier,SKU_B,0,0,0,0
124,Supplier,SKU_C,0,0,0,0
124,Supplier,SKU_D,0,0,0,0
124,Supplier,SKU_E,0,0,0,0
124,W1,SKU_A,1807,0,0,2054
124,W1,SKU_B,0,0,346,1052
124,W1,SKU_C,1790,0,0,989
124,W1,SKU_D,1472,0,0,0
124,W1,SKU_E,958,0,0,535
124,W2,SKU_A,648,0,0,1800
124,W2,SKU_B,15,0,0,813
124,W2,SKU_C,1278,0,0,0
124,W2,SKU_D,0,0,457,1293
124,W2,SKU_E,880,0,0,734
124,R1,SKU_A,639,0,0,511
124,R1,SKU_B,181,0,0,246
124,R1,SKU_C,413,0,0,0
124,R1,SKU_D,193,0,0,444
124,R1,SKU_E,311,0,0,0
124,R2,SKU_A,581,0,0,550
124,R2,SKU_B,0,204,0,229
124,R2,SKU_C,223,0,0,347
124,R2,SKU_D,43,0,0,205
124,R2,SKU_E,284,0,0,156
124,R3,SKU_A,2857,0,0,0
124,R3,SKU_B,225,0,0,91
124,R3,SKU_C,1572,0,0,0
124,R3,SKU_D,541,0,0,836
124,R3,SKU_E,4,0,0,734
125,Supplier,SKU_A,0,0,0,0
125,Supplier,SKU_B,0,0,0,0
125,Supplier,SKU_C,0,0,0,0
125,Supplier,SKU_D,0,0,0,0
125,Supplier,SKU_E,0,0,0,0
125,W1,SKU_A,1807,0,0,2054
125,W1,SKU_B,0,0,436,1052
125,W1,SKU_C,1313,0,0,989
125,W1,SKU_D,1273,0,0,0
125,W1,SKU_E,798,0,0,535
125,W2,SKU_A,648,0,0,1800
125,W2,SKU_B,0,0,162,813
125,W2,SKU_C,1278,0,0,0
125,W2,SKU_D,0,0,457,1293
125,W2,SKU_E,880,0,0,734
125,R1,SKU_A,911,0,0,0
125,R1,SKU_B,317,0,0,0
125,R1,SKU_C,221,0,0,0
125,R1,SKU_D,539,0,0,0
125,R1,SKU_E,265,0,0,0
125,R2,SKU_A,454,0,0,550
125,R2,SKU_B,0,281,0,229
125,R2,SKU_C,148,0,0,347
125,R2,SKU_D,0,18,0,205
125,R2,SKU_E,242,0,0,156
125,R3,SKU_A,2642,0,0,723
125,R3,SKU_B,216,0,0,162
125,R3,SKU_C,1400,0,0,415
125,R3,SKU_D,1244,0,0,0
125,R3,SKU_E,635,0,0,0
126,Supplier,SKU_A,0,0,0,0
126,Supplier,SKU_B,0,0,0,0
126,Supplier,SKU_C,0,0,0,0
126,Supplier,SKU_D,0,0,0,0
126,Supplier,SKU_E,0,0,0,0
126,W1,SKU_A,1807,0,0,2054
126,W1,SKU_B,272,0,0,234
126,W1,SKU_C,1313,0,0,989
126,W1,SKU_D,1273,0,0,0
126,W1,SKU_E,706,0,0,535
126,W2,SKU_A,648,0,0,1800
126,W2,SKU_B,0,0,262,813
126,W2,SKU_C,829,0,0,0
126,W2,SKU_D,0,0,457,1293
126,W2,SKU_E,880,0,0,734
126,R1,SKU_A,681,0,0,0
126,R1,SKU_B,204,0,0,336
126,R1,SKU_C,46,0,0,477
126,R1,SKU_D,432,0,0,0
126,R1,SKU_E,203,0,0,205
126,R2,SKU_A,877,0,0,0
126,R2,SKU_B,0,129,0,0
126,R2,SKU_C,412,0,0,0
126,R2,SKU_D,120,0,0,0
126,R2,SKU_E,334,0,0,0
126,R3,SKU_A,2432,0,0,723
126,R3,SKU_B,143,0,0,162
126,R3,SKU_C,1234,0,0,415
126,R3,SKU_D,1130,0,0,0
126,R3,SKU_E,534,0,0,0
127,Supplier,SKU_A,0,0,0,0
127,Supplier,SKU_B,0,0,0,0
127,Supplier,SKU_C,0,0,0,0
127,Supplier,SKU_D,0,0,0,0
127,Supplier,SKU_E,0,0,0,0
127,W1,SKU_A,310,0,0,2054
127,W1,SKU_B,0,0,85,891
127,W1,SKU_C,912,0,0,1813
127,W1,SKU_D,1273,0,0,0
127,W1,SKU_E,706,0,0,535
127,W2,SKU_A,2448,0,0,0
127,W2,SKU_B,813,0,262,0
127,W2,SKU_C,829,0,0,2028
127,W2,SKU_D,0,0,457,1293
127,W2,SKU_E,880,0,0,734
127,R1,SKU_A,542,0,0,0
127,R1,SKU_B,128,0,0,336
127,R1,SKU_C,0,66,0,477
127,R1,SKU_D,378,0,0,0
127,R1,SKU_E,167,0,0,205
127,R2,SKU_A,765,0,0,462
127,R2,SKU_B,0,208,0,369
127,R2,SKU_C,355,0,0,401
127,R2,SKU_D,82,0,0,199
127,R2,SKU_E,286,0,0,160
127,R3,SKU_A,2285,0,0,723
127,R3,SKU_B,69,0,0,162
127,R3,SKU_C,1133,0,0,415
127,R3,SKU_D,1028,0,0,0
127,R3,SKU_E,439,0,0,0
128,Supplier,SKU_A,0,0,0,0
128,Supplier,SKU_B,0,0,0,0
128,Supplier,SKU_C,0,0,0,0
128,Supplier,SKU_D,0,0,0,0
128,Supplier,SKU_E,0,0,0,0
128,W1,SKU_A,310,0,0,2054
128,W1,SKU_B,0,0,85,891
128,W1,SKU_C,433,0,0,1813
128,W1,SKU_D,1273,0,0,0
128,W1,SKU_E,454,0,0,535
128,W2,SKU_A,1697,0,0,0
128,W2,SKU_B,404,0,0,0
128,W2,SKU_C,829,0,0,2028
128,W2,SKU_D,836,0,0,0
128,W2,SKU_E,1614,0,0,0
128,R1,SKU_A,394,0,0,1035
128,R1,SKU_B,399,0,0,113
128,R1,SKU_C,310,0,0,479
128,R1,SKU_D,314,0,0,0
128,R1,SKU_E,335,0,0,98
128,R2,SKU_A,647,0,0,462
128,R2,SKU_B,0,289,0,369
128,R2,SKU_C,299,0,0,401
128,R2,SKU_D,22,0,0,199
128,R2,SKU_E,211,0,0,160
128,R3,SKU_A,2107,0,0,1474
128,R3,SKU_B,0,6,0,571
128,R3,SKU_C,1025,0,0,864
128,R3,SKU_D,943,0,0,457
128,R3,SKU_E,340,0,0,0
129,Supplier,SKU_A,0,0,0,0
129,Supplier,SKU_B,0,0,0,0
129,Supplier,SKU_C,0,0,0,0
129,Supplier,SKU_D,0,0,0,0
129,Supplier,SKU_E,0,0,0,0
129,W1,SKU_A,2364,0,0,0
129,W1,SKU_B,8,0,0,1014
129,W1,SKU_C,1422,0,0,1704
129,W1,SKU_D,602,0,0,0
129,W1,SKU_E,989,0,0,617
129,W2,SKU_A,1697,0,0,1474
129,W2,SKU_B,404,0,0,0
129,W2,SKU_C,454,0,0,2028
129,W2,SKU_D,836,0,0,0
129,W2,SKU_E,920,0,0,0
129,R1,SKU_A,240,0,0,1035
129,R1,SKU_B,323,0,0,254
129,R1,SKU_C,216,0,0,479
129,R1,SKU_D,239,0,0,445
129,R1,SKU_E,308,0,0,98
129,R2,SKU_A,546,0,0,462
129,R2,SKU_B,0,353,0,369
129,R2,SKU_C,268,0,0,401
129,R2,SKU_D,0,23,0,199
129,R2,SKU_E,162,0,0,160
129,R3,SKU_A,2651,0,0,751
129,R3,SKU_B,101,0,0,409
129,R3,SKU_C,1306,0,0,824
129,R3,SKU_D,856,0,0,457
129,R3,SKU_E,263,0,0,694
130,Supplier,SKU_A,0,0,0,0
130,Supplier,SKU_B,0,0,0,0
130,Supplier,SKU_C,0,0,0,0
130,Supplier,SKU_D,0,0,0,0
130,Supplier,SKU_E,0,0,0,0
130,W1,SKU_A,2364,0,0,0
130,W1,SKU_B,0,0,216,1014
130,W1,SKU_C,1422,0,0,1704
130,W1,SKU_D,602,0,0,0
130,W1,SKU_E,989,0,0,617
130,W2,SKU_A,1697,0,0,1474
130,W2,SKU_B,274,0,0,0
130,W2,SKU_C,454,0,0,2028
130,W2,SKU_D,836,0,0,0
130,W2,SKU_E,920,0,0,694
130,R1,SKU_A,1127,0,0,0
130,R1,SKU_B,356,0,0,141
130,R1,SKU_C,597,0,0,0
130,R1,SKU_D,189,0,0,445
130,R1,SKU_E,359,0,0,0
130,R2,SKU_A,904,0,0,0
130,R2,SKU_B,0,31,0,93
130,R2,SKU_C,619,0,0,0
130,R2,SKU_D,117,0,0,226
130,R2,SKU_E,283,0,0,154
130,R3,SKU_A,2484,0,0,751
130,R3,SKU_B,34,0,0,409
130,R3,SKU_C,1173,0,0,824
130,R3,SKU_D,752,0,0,457
130,R3,SKU_E,185,0,0,694
131,Supplier,SKU_A,0,0,0,0
131,Supplier,SKU_B,0,0,0,0
131,Supplier,SKU_C,0,0,0,0
131,Supplier,SKU_D,0,0,0,0
131,Supplier,SKU_E,0,0,0,0
131,W1,SKU_A,2364,0,0,0
131,W1,SKU_B,0,0,372,1379
131,W1,SKU_C,1422,0,0,1704
131,W1,SKU_D,602,0,0,1519
131,W1,SKU_E,715,0,0,617
131,W2,SKU_A,1697,0,0,1474
131,W2,SKU_B,274,0,0,792
131,W2,SKU_C,454,0,0,2028
131,W2,SKU_D,836,0,0,0
131,W2,SKU_E,920,0,0,694
131,R1,SKU_A,971,0,0,0
131,R1,SKU_B,420,0,0,0
131,R1,SKU_C,486,0,0,0
131,R1,SKU_D,553,0,0,0
131,R1,SKU_E,320,0,0,0
131,R2,SKU_A,794,0,0,0
131,R2,SKU_B,0,115,0,93
131,R2,SKU_C,585,0,0,0
131,R2,SKU_D,80,0,0,226
131,R2,SKU_E,234,0,0,154
131,R3,SKU_A,2290,0,0,751
131,R3,SKU_B,0,46,0,409
131,R3,SKU_C,1058,0,0,824
131,R3,SKU_D,660,0,0,457
131,R3,SKU_E,90,0,0,694
132,Supplier,SKU_A,0,0,0,0
132,Supplier,SKU_B,0,0,0,0
132,Supplier,SKU_C,0,0,0,0
132,Supplier,SKU_D,0,0,0,0
132,Supplier,SKU_E,0,0,0,0
132,W1,SKU_A,1819,0,0,0
132,W1,SKU_B,285,0,0,722
132,W1,SKU_C,2246,0,0,880
132,W1,SKU_D,602,0,0,1519
132,W1,SKU_E,715,0,0,617
132,W2,SKU_A,979,0,0,1474
132,W2,SKU_B,127,0,0,792
132,W2,SKU_C,72,0,0,2028
132,W2,SKU_D,836,0,0,0
132,W2,SKU_E,920,0,0,694
132,R1,SKU_A,786,0,0,0
132,R1,SKU_B,327,0,0,0
132,R1,SKU_C,289,0,0,0
132,R1,SKU_D,463,0,0,0
132,R1,SKU_E,269,0,0,0
132,R2,SKU_A,657,0,0,0
132,R2,SKU_B,0,190,0,93
132,R2,SKU_C,513,0,0,0
132,R2,SKU_D,35,0,0,226
132,R2,SKU_E,180,0,0,154
132,R3,SKU_A,2800,0,0,718
132,R3,SKU_B,259,0,0,277
132,R3,SKU_C,1313,0,0,757
132,R3,SKU_D,989,0,0,0
132,R3,SKU_E,11,0,0,694
133,Supplier,SKU_A,0,0,0,0
133,Supplier,SKU_B,0,0,0,0
133,Supplier,SKU_C,0,0,0,0
133,Supplier,SKU_D,0,0,0,0
133,Supplier,SKU_E,0,0,0,0
133,W1,SKU_A,889,0,0,0
133,W1,SKU_B,0,0,91,722
133,W1,SKU_C,1645,0,0,880
133,W1,SKU_D,602,0,0,1519
133,W1,SKU_E,625,0,0,617
133,W2,SKU_A,979,0,0,1474
133,W2,SKU_B,23,0,0,792
133,W2,SKU_C,2100,0,0,0
133,W2,SKU_D,836,0,0,0
133,W2,SKU_E,920,0,0,694
133,R1,SKU_A,563,0,0,930
133,R1,SKU_B,211,0,0,326
133,R1,SKU_C,44,0,0,601
133,R1,SKU_D,373,0,0,0
133,R1,SKU_E,214,0,0,201
133,R2,SKU_A,520,0,0,545
133,R2,SKU_B,0,203,0,331
133,R2,SKU_C,447,0,0,0
133,R2,SKU_D,190,0,0,0
133,R2,SKU_E,280,0,0,163
133,R3,SKU_A,2552,0,0,718
133,R3,SKU_B,173,0,0,277
133,R3,SKU_C,1466,0,0,382
133,R3,SKU_D,845,0,0,0
133,R3,SKU_E,598,0,0,0
134,Supplier,SKU_A,0,0,0,0
134,Supplier,SKU_B,0,0,0,0
134,Supplier,SKU_C,0,0,0,0
134,Supplier,SKU_D,0,0,0,0
134,Supplier,SKU_E,0,0,0,0
134,W1,SKU_A,889,0,0,2042
134,W1,SKU_B,150,0,0,897
134,W1,SKU_C,2159,0,0,601
134,W1,SKU_D,345,0,0,1519
134,W1,SKU_E,1085,0,0,0
134,W2,SKU_A,979,0,0,1474
134,W2,SKU_B,0,0,63,792
134,W2,SKU_C,1684,0,0,0
134,W2,SKU_D,0,0,467,0
134,W2,SKU_E,920,0,0,694
134,R1,SKU_A,398,0,0,930
134,R1,SKU_B,79,0,0,326
134,R1,SKU_C,0,137,0,601
134,R1,SKU_D,296,0,0,0
134,R1,SKU_E,161,0,0,201
134,R2,SKU_A,393,0,0,545
134,R2,SKU_B,0,284,0,331
134,R2,SKU_C,351,0,0,0
134,R2,SKU_D,125,0,0,0
134,R2,SKU_E,223,0,0,163
134,R3,SKU_A,2331,0,0,718
134,R3,SKU_B,95,0,0,404
134,R3,SKU_C,1288,0,0,798
134,R3,SKU_D,737,0,0,836
134,R3,SKU_E,506,0,0,0
135,Supplier,SKU_A,0,0,0,0
135,Supplier,SKU_B,0,0,0,0
135,Supplier,SKU_C,0,0,0,0
135,Supplier,SKU_D,0,0,0,0
135,Supplier,SKU_E,0,0,0,0
135,W1,SKU_A,889,0,0,2042
135,W1,SKU_B,0,0,169,897
135,W1,SKU_C,1733,0,0,601
135,W1,SKU_D,0,0,118,1519
135,W1,SKU_E,977,0,0,0
135,W2,SKU_A,1743,0,0,0
135,W2,SKU_B,0,0,63,792
135,W2,SKU_C,1684,0,0,0
135,W2,SKU_D,0,0,467,1303
135,W2,SKU_E,920,0,0,694
135,R1,SKU_A,1183,0,0,0
135,R1,SKU_B,340,0,0,248
135,R1,SKU_C,338,0,0,426
135,R1,SKU_D,229,0,0,345
135,R1,SKU_E,335,0,0,108
135,R2,SKU_A,274,0,0,545
135,R2,SKU_B,0,356,0,331
135,R2,SKU_C,276,0,0,0
135,R2,SKU_D,76,0,0,0
135,R2,SKU_E,161,0,0,163
135,R3,SKU_A,2203,0,0,718
135,R3,SKU_B,74,0,0,404
135,R3,SKU_C,1186,0,0,798
135,R3,SKU_D,645,0,0,836
135,R3,SKU_E,442,0,0,0
136,Supplier,SKU_A,0,0,0,0
136,Supplier,SKU_B,0,0,0,0
136,Supplier,SKU_C,0,0,0,0
136,Supplier,SKU_D,0,0,0,0
136,Supplier,SKU_E,0,0,0,0
136,W1,SKU_A,369,0,0,2042
136,W1,SKU_B,196,0,0,967
136,W1,SKU_C,1733,0,0,1393
136,W1,SKU_D,1401,0,0,0
136,W1,SKU_E,977,0,0,521
136,W2,SKU_A,1743,0,0,1428
136,W2,SKU_B,0,0,162,792
136,W2,SKU_C,1684,0,0,0
136,W2,SKU_D,0,0,467,1303
136,W2,SKU_E,1614,0,0,0
136,R1,SKU_A,1048,0,0,0
136,R1,SKU_B,274,0,0,248
136,R1,SKU_C,215,0,0,426
136,R1,SKU_D,178,0,0,345
136,R1,SKU_E,304,0,0,108
136,R2,SKU_A,706,0,0,520
136,R2,SKU_B,0,109,0,278
136,R2,SKU_C,220,0,0,366
136,R2,SKU_D,41,0,0,257
136,R2,SKU_E,264,0,0,157
136,R3,SKU_A,2747,0,0,0
136,R3,SKU_B,285,0,0,127
136,R3,SKU_C,1483,0,0,416
136,R3,SKU_D,551,0,0,836
136,R3,SKU_E,367,0,0,0
137,Supplier,SKU_A,0,0,0,0
137,Supplier,SKU_B,0,0,0,0
137,Supplier,SKU_C,0,0,0,0
137,Supplier,SKU_D,0,0,0,0
137,Supplier,SKU_E,0,0,0,0
137,W1,SKU_A,369,0,0,2042
137,W1,SKU_B,65,0,0,967
137,W1,SKU_C,1733,0,0,1393
137,W1,SKU_D,1401,0,0,0
137,W1,SKU_E,798,0,0,521
137,W2,SKU_A,1743,0,0,1428
137,W2,SKU_B,630,0,0,0
137,W2,SKU_C,1319,0,0,0
137,W2,SKU_D,0,0,467,1303
137,W2,SKU_E,947,0,0,0
137,R1,SKU_A,908,0,0,0
137,R1,SKU_B,439,0,0,0
137,R1,SKU_C,531,0,0,0
137,R1,SKU_D,460,0,0,0
137,R1,SKU_E,376,0,0,0
137,R2,SKU_A,589,0,0,520
137,R2,SKU_B,0,171,0,278
137,R2,SKU_C,146,0,0,366
137,R2,SKU_D,0,19,0,257
137,R2,SKU_E,222,0,0,157
137,R3,SKU_A,2610,0,0,710
137,R3,SKU_B,234,0,0,289
137,R3,SKU_C,1389,0,0,781
137,R3,SKU_D,469,0,0,836
137,R3,SKU_E,293,0,0,667
138,Supplier,SKU_A,0,0,0,0
138,Supplier,SKU_B,0,0,0,0
138,Supplier,SKU_C,0,0,0,0
138,Supplier,SKU_D,0,0,0,0
138,Supplier,SKU_E,0,0,0,0
138,W1,SKU_A,369,0,0,2042
138,W1,SKU_B,0,0,153,967
138,W1,SKU_C,1733,0,0,1393
138,W1,SKU_D,1192,0,0,0
138,W1,SKU_E,704,0,0,521
138,W2,SKU_A,1743,0,0,1428
138,W2,SKU_B,513,0,0,0
138,W2,SKU_C,1319,0,0,0
138,W2,SKU_D,0,0,467,1303
138,W2,SKU_E,947,0,0,667
138,R1,SKU_A,747,0,0,0
138,R1,SKU_B,364,0,0,131
138,R1,SKU_C,411,0,0,0
138,R1,SKU_D,394,0,0,118
138,R1,SKU_E,335,0,0,94
138,R2,SKU_A,478,0,0,520
138,R2,SKU_B,0,260,0,278
138,R2,SKU_C,72,0,0,366
138,R2,SKU_D,0,70,0,257
138,R2,SKU_E,166,0,0,157
138,R3,SKU_A,2432,0,0,710
138,R3,SKU_B,303,0,0,162
138,R3,SKU_C,1730,0,0,365
138,R3,SKU_D,1205,0,0,0
138,R3,SKU_E,216,0,0,667
139,Supplier,SKU_A,0,0,0,0
139,Supplier,SKU_B,0,0,0,0
139,Supplier,SKU_C,0,0,0,0
139,Supplier,SKU_D,0,0,0,0
139,Supplier,SKU_E,0,0,0,0
139,W1,SKU_A,1442,0,0,0
139,W1,SKU_B,221,0,0,435
139,W1,SKU_C,1480,0,0,792
139,W1,SKU_D,1192,0,0,0
139,W1,SKU_E,704,0,0,521
139,W2,SKU_A,1743,0,0,1428
139,W2,SKU_B,513,0,0,0
139,W2,SKU_C,1319,0,0,0
139,W2,SKU_D,0,0,467,1303
139,W2,SKU_E,947,0,0,667
139,R1,SKU_A,556,0,0,969
139,R1,SKU_B,254,0,0,289
139,R1,SKU_C,236,0,0,479
139,R1,SKU_D,319,0,0,118
139,R1,SKU_E,284,0,0,94
139,R2,SKU_A,890,0,0,0
139,R2,SKU_B,0,47,0,218
139,R2,SKU_C,377,0,0,375
139,R2,SKU_D,112,0,0,209
139,R2,SKU_E,277,0,0,179
139,R3,SKU_A,2162,0,0,710
139,R3,SKU_B,206,0,0,162
139,R3,SKU_C,1550,0,0,365
139,R3,SKU_D,1052,0,0,0
139,R3,SKU_E,128,0,0,667
140,Supplier,SKU_A,0,0,0,0
140,Supplier,SKU_B,0,0,0,0
140,Supplier,SKU_C,0,0,0,0
140,Supplier,SKU_D,0,0,0,0
140,Supplier,SKU_E,0,0,0,0
140,W1,SKU_A,1442,0,0,2419
140,W1,SKU_B,111,0,0,784
140,W1,SKU_C,1480,0,0,1646
140,W1,SKU_D,1192,0,0,0
140,W1,SKU_E,468,0,0,521
140,W2,SKU_A,856,0,0,1428
140,W2,SKU_B,358,0,0,0
140,W2,SKU_C,970,0,0,0
140,W2,SKU_D,0,0,467,1303
140,W2,SKU_E,947,0,0,667
140,R1,SKU_A,334,0,0,969
140,R1,SKU_B,277,0,0,158
140,R1,SKU_C,60,0,0,479
140,R1,SKU_D,342,0,0,0
140,R1,SKU_E,323,0,0,0
140,R2,SKU_A,753,0,0,0
140,R2,SKU_B,0,124,0,218
140,R2,SKU_C,300,0,0,375
140,R2,SKU_D,52,0,0,209
140,R2,SKU_E,208,0,0,179
140,R3,SKU_A,1937,0,0,1597
140,R3,SKU_B,126,0,0,434
140,R3,SKU_C,1356,0,0,714
140,R3,SKU_D,949,0,0,0
140,R3,SKU_E,30,0,0,667
141,Supplier,SKU_A,0,0,0,0
141,Supplier,SKU_B,0,0,0,0
141,Supplier,SKU_C,0,0,0,0
141,Supplier,SKU_D,0,0,0,0
141,Supplier,SKU_E,0,0,0,0
141,W1,SKU_A,856,0,0,2419
141,W1,SKU_B,207,0,0,349
141,W1,SKU_C,2272,0,0,854
141,W1,SKU_D,775,0,0,0
141,W1,SKU_E,989,0,0,0
141,W2,SKU_A,856,0,0,1428
141,W2,SKU_B,358,0,0,0
141,W2,SKU_C,970,0,0,0
141,W2,SKU_D,1303,0,467,0
141,W2,SKU_E,947,0,0,667
141,R1,SKU_A,1172,0,0,0
141,R1,SKU_B,396,0,0,218
141,R1,SKU_C,475,0,0,0
141,R1,SKU_D,284,0,0,417
141,R1,SKU_E,296,0,0,92
141,R2,SKU_A,675,0,0,0
141,R2,SKU_B,0,162,0,218
141,R2,SKU_C,252,0,0,375
141,R2,SKU_D,14,0,0,209
141,R2,SKU_E,160,0,0,179
141,R3,SKU_A,2473,0,0,887
141,R3,SKU_B,229,0,0,272
141,R3,SKU_C,1610,0,0,349
141,R3,SKU_D,847,0,0,0
141,R3,SKU_E,603,0,0,0
142,Supplier,SKU_A,0,0,0,0
142,Supplier,SKU_B,0,0,0,0
142,Supplier,SKU_C,0,0,0,0
142,Supplier,SKU_D,0,0,0,0
142,Supplier,SKU_E,0,0,0,0
142,W1,SKU_A,856,0,0,2419
142,W1,SKU_B,207,0,0,956
142,W1,SKU_C,2272,0,0,854
142,W1,SKU_D,551,0,0,0
142,W1,SKU_E,907,0,0,617
142,W2,SKU_A,2284,0,0,0
142,W2,SKU_B,219,0,0,0
142,W2,SKU_C,970,0,0,0
142,W2,SKU_D,836,0,0,0
142,W2,SKU_E,947,0,0,667
142,R1,SKU_A,1023,0,0,0
142,R1,SKU_B,349,0,0,218
142,R1,SKU_C,384,0,0,0
142,R1,SKU_D,234,0,0,417
142,R1,SKU_E,262,0,0,92
142,R2,SKU_A,593,0,0,586
142,R2,SKU_B,12,0,0,231
142,R2,SKU_C,584,0,0,0
142,R2,SKU_D,187,0,0,224
142,R2,SKU_E,289,0,0,144
142,R3,SKU_A,2277,0,0,887
142,R3,SKU_B,152,0,0,272
142,R3,SKU_C,1518,0,0,349
142,R3,SKU_D,740,0,0,0
142,R3,SKU_E,518,0,0,0
143,Supplier,SKU_A,0,0,0,0
143,Supplier,SKU_B,0,0,0,0
143,Supplier,SKU_C,0,0,0,0
143,Supplier,SKU_D,0,0,0,0
143,Supplier,SKU_E,0,0,0,0
143,W1,SKU_A,856,0,0,2419
143,W1,SKU_B,207,0,0,956
143,W1,SKU_C,1766,0,0,854
143,W1,SKU_D,551,0,0,0
143,W1,SKU_E,740,0,0,617
143,W2,SKU_A,2284,0,0,0
143,W2,SKU_B,219,0,0,847
143,W2,SKU_C,573,0,0,0
143,W2,SKU_D,836,0,0,0
143,W2,SKU_E,947,0,0,667
143,R1,SKU_A,896,0,0,0
143,R1,SKU_B,514,0,0,0
143,R1,SKU_C,277,0,0,0
143,R1,SKU_D,592,0,0,0
143,R1,SKU_E,327,0,0,0
143,R2,SKU_A,508,0,0,586
143,R2,SKU_B,0,28,0,231
143,R2,SKU_C,553,0,0,0
143,R2,SKU_D,149,0,0,224
143,R2,SKU_E,223,0,0,144
143,R3,SKU_A,2129,0,0,887
143,R3,SKU_B,77,0,0,411
143,R3,SKU_C,1414,0,0,746
143,R3,SKU_D,655,0,0,467
143,R3,SKU_E,434,0,0,0
144,Supplier,SKU_A,0,0,0,0
144,Supplier,SKU_B,0,0,0,0
144,Supplier,SKU_C,0,0,0,0
144,Supplier,SKU_D,0,0,0,0
144,Supplier,SKU_E,0,0,0,0
144,W1,SKU_A,856,0,0,2419
144,W1,SKU_B,68,0,0,956
144,W1,SKU_C,1766,0,0,854
144,W1,SKU_D,551,0,0,0
144,W1,SKU_E,740,0,0,617
144,W2,SKU_A,1541,0,0,0
144,W2,SKU_B,67,0,0,847
144,W2,SKU_C,573,0,0,2284
144,W2,SKU_D,836,0,0,0
144,W2,SKU_E,1614,0,0,0
144,R1,SKU_A,764,0,0,0
144,R1,SKU_B,444,0,0,139
144,R1,SKU_C,193,0,0,506
144,R1,SKU_D,524,0,0,0
144,R1,SKU_E,278,0,0,82
144,R2,SKU_A,421,0,0,586
144,R2,SKU_B,0,75,0,231
144,R2,SKU_C,499,0,0,0
144,R2,SKU_D,113,0,0,224
144,R2,SKU_E,179,0,0,144
144,R3,SKU_A,2844,0,0,0
144,R3,SKU_B,298,0,0,139
144,R3,SKU_C,1657,0,0,397
144,R3,SKU_D,548,0,0,467
144,R3,SKU_E,363,0,0,0
145,Supplier,SKU_A,0,0,0,0
145,Supplier,SKU_B,0,0,0,0
145,Supplier,SKU_C,0,0,0,0
145,Supplier,SKU_D,0,0,0,0
145,Supplier,SKU_E,0,0,0,0
145,W1,SKU_A,2323,0,0,0
145,W1,SKU_B,417,0,0,607
145,W1,SKU_C,2620,0,0,0
145,W1,SKU_D,551,0,0,1570
145,W1,SKU_E,630,0,0,617
145,W2,SKU_A,1541,0,0,1630
145,W2,SKU_B,67,0,0,847
145,W2,SKU_C,573,0,0,2284
145,W2,SKU_D,836,0,0,0
145,W2,SKU_E,943,0,0,0
145,R1,SKU_A,619,0,0,0
145,R1,SKU_B,371,0,0,139
145,R1,SKU_C,79,0,0,506
145,R1,SKU_D,454,0,0,0
145,R1,SKU_E,231,0,0,82
145,R2,SKU_A,895,0,0,0
145,R2,SKU_B,111,0,0,0
145,R2,SKU_C,445,0,0,0
145,R2,SKU_D,287,0,0,0
145,R2,SKU_E,274,0,0,167
145,R3,SKU_A,2647,0,0,743
145,R3,SKU_B,218,0,0,291
145,R3,SKU_C,1533,0,0,397
145,R3,SKU_D,457,0,0,467
145,R3,SKU_E,269,0,0,671
146,Supplier,SKU_A,0,0,0,0
146,Supplier,SKU_B,0,0,0,0
146,Supplier,SKU_C,0,0,0,0
146,Supplier,SKU_D,0,0,0,0
146,Supplier,SKU_E,0,0,0,0
146,W1,SKU_A,2323,0,0,0
146,W1,SKU_B,60,0,0,607
146,W1,SKU_C,2252,0,0,0
146,W1,SKU_D,551,0,0,1570
146,W1,SKU_E,471,0,0,617
146,W2,SKU_A,1541,0,0,1630
146,W2,SKU_B,0,0,64,847
146,W2,SKU_C,239,0,0,2284
146,W2,SKU_D,836,0,0,0
146,W2,SKU_E,943,0,0,671
146,R1,SKU_A,401,0,0,952
146,R1,SKU_B,377,0,0,143
146,R1,SKU_C,401,0,0,0
146,R1,SKU_D,348,0,0,0
146,R1,SKU_E,266,0,0,110
146,R2,SKU_A,750,0,0,0
146,R2,SKU_B,32,0,0,0
146,R2,SKU_C,343,0,0,0
146,R2,SKU_D,230,0,0,0
146,R2,SKU_E,221,0,0,167
146,R3,SKU_A,2397,0,0,743
146,R3,SKU_B,119,0,0,291
146,R3,SKU_C,1341,0,0,397
146,R3,SKU_D,317,0,0,467
146,R3,SKU_E,178,0,0,671
147,Supplier,SKU_A,0,0,0,0
147,Supplier,SKU_B,0,0,0,0
147,Supplier,SKU_C,0,0,0,0
147,Supplier,SKU_D,0,0,0,0
147,Supplier,SKU_E,0,0,0,0
147,W1,SKU_A,1734,0,0,0
147,W1,SKU_B,534,0,0,496
147,W1,SKU_C,1763,0,0,874
147,W1,SKU_D,0,0,77,1570
147,W1,SKU_E,994,0,0,518
147,W2,SKU_A,1541,0,0,1630
147,W2,SKU_B,0,0,163,847
147,W2,SKU_C,239,0,0,2284
147,W2,SKU_D,0,0,528,0
147,W2,SKU_E,943,0,0,671
147,R1,SKU_A,224,0,0,952
147,R1,SKU_B,257,0,0,276
147,R1,SKU_C,175,0,0,489
147,R1,SKU_D,245,0,0,411
147,R1,SKU_E,195,0,0,204
147,R2,SKU_A,616,0,0,0
147,R2,SKU_B,0,54,0,0
147,R2,SKU_C,209,0,0,0
147,R2,SKU_D,170,0,0,0
147,R2,SKU_E,163,0,0,167
147,R3,SKU_A,2139,0,0,743
147,R3,SKU_B,153,0,0,219
147,R3,SKU_C,1553,0,0,334
147,R3,SKU_D,670,0,0,836
147,R3,SKU_E,64,0,0,671
148,Supplier,SKU_A,0,0,0,0
148,Supplier,SKU_B,0,0,0,0
148,Supplier,SKU_C,0,0,0,0
148,Supplier,SKU_D,0,0,0,0
148,Supplier,SKU_E,0,0,0,0
148,W1,SKU_A,1734,0,0,0
148,W1,SKU_B,414,0,0,496
148,W1,SKU_C,1763,0,0,874
148,W1,SKU_D,0,0,77,1570
148,W1,SKU_E,994,0,0,518
148,W2,SKU_A,664,0,0,1630
148,W2,SKU_B,0,0,268,847
148,W2,SKU_C,0,0,138,2284
148,W2,SKU_D,0,0,528,1364
148,W2,SKU_E,943,0,0,671
148,R1,SKU_A,1032,0,0,0
148,R1,SKU_B,319,0,0,133
148,R1,SKU_C,57,0,0,489
148,R1,SKU_D,181,0,0,411
148,R1,SKU_E,265,0,0,94
148,R2,SKU_A,491,0,0,589
148,R2,SKU_B,0,113,0,214
148,R2,SKU_C,135,0,0,368
148,R2,SKU_D,121,0,0,140
148,R2,SKU_E,289,0,0,159
148,R3,SKU_A,2001,0,0,743
148,R3,SKU_B,89,0,0,219
148,R3,SKU_C,1456,0,0,334
148,R3,SKU_D,601,0,0,836
148,R3,SKU_E,6,0,0,671
149,Supplier,SKU_A,0,0,0,0
149,Supplier,SKU_B,0,0,0,0
149,Supplier,SKU_C,0,0,0,0
149,Supplier,SKU_D,0,0,0,0
149,Supplier,SKU_E,0,0,0,0
149,W1,SKU_A,1734,0,0,0
149,W1,SKU_B,190,0,0,496
149,W1,SKU_C,1763,0,0,874
149,W1,SKU_D,0,0,77,1570
149,W1,SKU_E,731,0,0,518
149,W2,SKU_A,664,0,0,1630
149,W2,SKU_B,847,0,268,0
149,W2,SKU_C,0,0,138,2284
149,W2,SKU_D,0,0,528,1364
149,W2,SKU_E,943,0,0,671
149,R1,SKU_A,886,0,0,0
149,R1,SKU_B,397,0,0,0
149,R1,SKU_C,460,0,0,0
149,R1,SKU_D,533,0,0,0
149,R1,SKU_E,324,0,0,0
149,R2,SKU_A,397,0,0,589
149,R2,SKU_B,0,165,0,214
149,R2,SKU_C,102,0,0,368
149,R2,SKU_D,79,0,0,140
149,R2,SKU_E,237,0,0,159
149,R3,SKU_A,2575,0,0,0
149,R3,SKU_B,160,0,0,67
149,R3,SKU_C,1348,0,0,334
149,R3,SKU_D,548,0,0,836
149,R3,SKU_E,607,0,0,0
150,Supplier,SKU_A,0,0,0,0
150,Supplier,SKU_B,0,0,0,0
150,Supplier,SKU_C,0,0,0,0
150,Supplier,SKU_D,0,0,0,0
150,Supplier,SKU_E,0,0,0,0
150,W1,SKU_A,1734,0,0,2127
150,W1,SKU_B,54,0,0,973
150,W1,SKU_C,990,0,0,874
150,W1,SKU_D,1493,0,0,0
150,W1,SKU_E,731,0,0,518
150,W2,SKU_A,664,0,0,1630
150,W2,SKU_B,434,0,0,0
150,W2,SKU_C,2146,0,0,0
150,W2,SKU_D,0,0,528,1364
150,W2,SKU_E,943,0,0,671
150,R1,SKU_A,770,0,0,0
150,R1,SKU_B,334,0,0,256
150,R1,SKU_C,372,0,0,430
150,R1,SKU_D,476,0,0,0
150,R1,SKU_E,299,0,0,111
150,R2,SKU_A,325,0,0,589
150,R2,SKU_B,0,216,0,214
150,R2,SKU_C,63,0,0,368
150,R2,SKU_D,36,0,0,140
150,R2,SKU_E,197,0,0,159
150,R3,SKU_A,2397,0,0,877
150,R3,SKU_B,108,0,0,480
150,R3,SKU_C,1221,0,0,711
150,R3,SKU_D,492,0,0,836
150,R3,SKU_E,527,0,0,0
151,Supplier,SKU_A,0,0,0,0
151,Supplier,SKU_B,0,0,0,0
151,Supplier,SKU_C,0,0,0,0
151,Supplier,SKU_D,0,0,0,0
151,Supplier,SKU_E,0,0,0,0
151,W1,SKU_A,788,0,0,2127
151,W1,SKU_B,54,0,0,973
151,W1,SKU_C,990,0,0,874
151,W1,SKU_D,1299,0,0,0
151,W1,SKU_E,731,0,0,518
151,W2,SKU_A,2294,0,0,0
151,W2,SKU_B,434,0,0,0
151,W2,SKU_C,1814,0,0,0
151,W2,SKU_D,0,0,528,1364
151,W2,SKU_E,943,0,0,671
151,R1,SKU_A,623,0,0,0
151,R1,SKU_B,281,0,0,256
151,R1,SKU_C,264,0,0,430
151,R1,SKU_D,402,0,0,0
151,R1,SKU_E,256,0,0,111
151,R2,SKU_A,815,0,0,0
151,R2,SKU_B,0,48,0,224
151,R2,SKU_C,367,0,0,343
151,R2,SKU_D,129,0,0,271
151,R2,SKU_E,314,0,0,152
151,R3,SKU_A,2243,0,0,877
151,R3,SKU_B,117,0,0,413
151,R3,SKU_C,1440,0,0,377
151,R3,SKU_D,1240,0,0,0
151,R3,SKU_E,457,0,0,0
152,Supplier,SKU_A,0,0,0,0
152,Supplier,SKU_B,0,0,0,0
152,Supplier,SKU_C,0,0,0,0
152,Supplier,SKU_D,0,0,0,0
152,Supplier,SKU_E,0,0,0,0
152,W1,SKU_A,264,0,0,2127
152,W1,SKU_B,434,0,0,477
152,W1,SKU_C,1864,0,0,0
152,W1,SKU_D,1299,0,0,0
152,W1,SKU_E,1012,0,0,0
152,W2,SKU_A,2294,0,0,0
152,W2,SKU_B,324,0,0,0
152,W2,SKU_C,1814,0,0,0
152,W2,SKU_D,0,0,528,1364
152,W2,SKU_E,1614,0,0,0
152,R1,SKU_A,459,0,0,946
152,R1,SKU_B,468,0,0,116
152,R1,SKU_C,547,0,0,0
152,R1,SKU_D,347,0,0,0
152,R1,SKU_E,324,0,0,103
152,R2,SKU_A,708,0,0,0
152,R2,SKU_B,0,103,0,224
152,R2,SKU_C,321,0,0,343
152,R2,SKU_D,92,0,0,271
152,R2,SKU_E,266,0,0,152
152,R3,SKU_A,2065,0,0,877
152,R3,SKU_B,41,0,0,413
152,R3,SKU_C,1324,0,0,377
152,R3,SKU_D,1151,0,0,0
152,R3,SKU_E,377,0,0,0
153,Supplier,SKU_A,0,0,0,0
153,Supplier,SKU_B,0,0,0,0
153,Supplier,SKU_C,0,0,0,0
153,Supplier,SKU_D,0,0,0,0
153,Supplier,SKU_E,0,0,0,0
153,W1,SKU_A,264,0,0,2127
153,W1,SKU_B,230,0,0,729
153,W1,SKU_C,1864,0,0,1262
153,W1,SKU_D,887,0,0,0
153,W1,SKU_E,1012,0,0,594
153,W2,SKU_A,1477,0,0,0
153,W2,SKU_B,324,0,0,742
153,W2,SKU_C,1814,0,0,0
153,W2,SKU_D,0,0,528,1364
153,W2,SKU_E,957,0,0,0
153,R1,SKU_A,285,0,0,946
153,R1,SKU_B,377,0,0,116
153,R1,SKU_C,372,0,0,0
153,R1,SKU_D,269,0,0,0
153,R1,SKU_E,271,0,0,103
153,R2,SKU_A,584,0,0,0
153,R2,SKU_B,0,186,0,224
153,R2,SKU_C,248,0,0,343
153,R2,SKU_D,29,0,0,271
153,R2,SKU_E,210,0,0,152
153,R3,SKU_A,1840,0,0,1694
153,R3,SKU_B,0,54,0,523
153,R3,SKU_C,1148,0,0,709
153,R3,SKU_D,1010,0,0,0
153,R3,SKU_E,278,0,0,657
154,Supplier,SKU_A,0,0,0,0
154,Supplier,SKU_B,0,0,0,0
154,Supplier,SKU_C,0,0,0,0
154,Supplier,SKU_D,0,0,0,0
154,Supplier,SKU_E,0,0,0,0
154,W1,SKU_A,264,0,0,2127
154,W1,SKU_B,70,0,0,729
154,W1,SKU_C,1346,0,0,1262
154,W1,SKU_D,887,0,0,0
154,W1,SKU_E,916,0,0,594
154,W2,SKU_A,1477,0,0,1694
154,W2,SKU_B,153,0,0,742
154,W2,SKU_C,1407,0,0,0
154,W2,SKU_D,836,0,0,0
154,W2,SKU_E,957,0,0,657
154,R1,SKU_A,1053,0,0,0
154,R1,SKU_B,388,0,0,160
154,R1,SKU_C,242,0,0,518
154,R1,SKU_D,200,0,0,412
154,R1,SKU_E,337,0,0,96
154,R2,SKU_A,469,0,0,524
154,R2,SKU_B,0,17,0,204
154,R2,SKU_C,529,0,0,0
154,R2,SKU_D,244,0,0,0
154,R2,SKU_E,314,0,0,134
154,R3,SKU_A,2516,0,0,817
154,R3,SKU_B,300,0,0,281
154,R3,SKU_C,1416,0,0,739
154,R3,SKU_D,932,0,0,528
154,R3,SKU_E,201,0,0,657
155,Supplier,SKU_A,0,0,0,0
155,Supplier,SKU_B,0,0,0,0
155,Supplier,SKU_C,0,0,0,0
155,Supplier,SKU_D,0,0,0,0
155,Supplier,SKU_E,0,0,0,0
155,W1,SKU_A,2391,0,0,0
155,W1,SKU_B,442,0,0,252
155,W1,SKU_C,1346,0,0,1262
155,W1,SKU_D,684,0,0,0
155,W1,SKU_E,764,0,0,594
155,W2,SKU_A,1477,0,0,1694
155,W2,SKU_B,153,0,0,742
155,W2,SKU_C,1407,0,0,0
155,W2,SKU_D,836,0,0,0
155,W2,SKU_E,957,0,0,657
155,R1,SKU_A,945,0,0,0
155,R1,SKU_B,319,0,0,160
155,R1,SKU_C,182,0,0,518
155,R1,SKU_D,167,0,0,412
155,R1,SKU_E,302,0,0,96
155,R2,SKU_A,388,0,0,524
155,R2,SKU_B,0,71,0,204
155,R2,SKU_C,490,0,0,0
155,R2,SKU_D,209,0,0,0
155,R2,SKU_E,277,0,0,134
155,R3,SKU_A,2380,0,0,817
155,R3,SKU_B,239,0,0,281
155,R3,SKU_C,1337,0,0,739
155,R3,SKU_D,866,0,0,528
155,R3,SKU_E,120,0,0,657
156,Supplier,SKU_A,0,0,0,0
156,Supplier,SKU_B,0,0,0,0
156,Supplier,SKU_C,0,0,0,0
156,Supplier,SKU_D,0,0,0,0
156,Supplier,SKU_E,0,0,0,0
156,W1,SKU_A,2391,0,0,0
156,W1,SKU_B,250,0,0,721
156,W1,SKU_C,1346,0,0,1262
156,W1,SKU_D,684,0,0,1437
156,W1,SKU_E,764,0,0,594
156,W2,SKU_A,1477,0,0,1694
156,W2,SKU_B,33,0,0,742
156,W2,SKU_C,1407,0,0,0
156,W2,SKU_D,836,0,0,0
156,W2,SKU_E,957,0,0,657
156,R1,SKU_A,849,0,0,0
156,R1,SKU_B,439,0,0,0
156,R1,SKU_C,631,0,0,0
156,R1,SKU_D,520,0,0,0
156,R1,SKU_E,355,0,0,0
156,R2,SKU_A,328,0,0,524
156,R2,SKU_B,0,102,0,204
156,R2,SKU_C,463,0,0,0
156,R2,SKU_D,168,0,0,0
156,R2,SKU_E,246,0,0,134
156,R3,SKU_A,2230,0,0,817
156,R3,SKU_B,201,0,0,281
156,R3,SKU_C,1280,0,0,739
156,R3,SKU_D,798,0,0,528
156,R3,SKU_E,56,0,0,657
157,Supplier,SKU_A,0,0,0,0
157,Supplier,SKU_B,0,0,0,0
157,Supplier,SKU_C,0,0,0,0
157,Supplier,SKU_D,0,0,0,0
157,Supplier,SKU_E,0,0,0,0
157,W1,SKU_A,1904,0,0,0
157,W1,SKU_B,141,0,0,721
157,W1,SKU_C,996,0,0,1262
157,W1,SKU_D,684,0,0,1437
157,W1,SKU_E,649,0,0,594
157,W2,SKU_A,765,0,0,1694
157,W2,SKU_B,33,0,0,742
157,W2,SKU_C,1407,0,0,0
157,W2,SKU_D,836,0,0,0
157,W2,SKU_E,957,0,0,657
157,R1,SKU_A,763,0,0,0
157,R1,SKU_B,395,0,0,214
157,R1,SKU_C,564,0,0,0
157,R1,SKU_D,477,0,0,0
157,R1,SKU_E,317,0,0,115
157,R2,SKU_A,783,0,0,487
157,R2,SKU_B,60,0,0,192
157,R2,SKU_C,430,0,0,350
157,R2,SKU_D,136,0,0,203
157,R2,SKU_E,354,0,0,152
157,R3,SKU_A,2914,0,0,0
157,R3,SKU_B,263,0,0,171
157,R3,SKU_C,1531,0,0,407
157,R3,SKU_D,718,0,0,528
157,R3,SKU_E,646,0,0,0
158,Supplier,SKU_A,0,0,0,0
158,Supplier,SKU_B,0,0,0,0
158,Supplier,SKU_C,0,0,0,0
158,Supplier,SKU_D,0,0,0,0
158,Supplier,SKU_E,0,0,0,0
158,W1,SKU_A,951,0,0,0
158,W1,SKU_B,393,0,0,469
158,W1,SKU_C,2258,0,0,0
158,W1,SKU_D,684,0,0,1437
158,W1,SKU_E,1243,0,0,0
158,W2,SKU_A,765,0,0,1694
158,W2,SKU_B,0,0,53,742
158,W2,SKU_C,1081,0,0,0
158,W2,SKU_D,836,0,0,0
158,W2,SKU_E,957,0,0,657
158,R1,SKU_A,637,0,0,0
158,R1,SKU_B,324,0,0,214
158,R1,SKU_C,456,0,0,0
158,R1,SKU_D,420,0,0,0
158,R1,SKU_E,275,0,0,115
158,R2,SKU_A,701,0,0,487
158,R2,SKU_B,6,0,0,192
158,R2,SKU_C,382,0,0,350
158,R2,SKU_D,83,0,0,203
158,R2,SKU_E,316,0,0,152
158,R3,SKU_A,2719,0,0,712
158,R3,SKU_B,366,0,0,153
158,R3,SKU_C,1830,0,0,326
158,R3,SKU_D,1139,0,0,0
158,R3,SKU_E,558,0,0,0
159,Supplier,SKU_A,0,0,0,0
159,Supplier,SKU_B,0,0,0,0
159,Supplier,SKU_C,0,0,0,0
159,Supplier,SKU_D,0,0,0,0
159,Supplier,SKU_E,0,0,0,0
159,W1,SKU_A,951,0,0,1957
159,W1,SKU_B,278,0,0,661
159,W1,SKU_C,1824,0,0,868
159,W1,SKU_D,684,0,0,1437
159,W1,SKU_E,1031,0,0,0
159,W2,SKU_A,765,0,0,1694
159,W2,SKU_B,742,0,53,0
159,W2,SKU_C,1081,0,0,0
159,W2,SKU_D,836,0,0,0
159,W2,SKU_E,957,0,0,657
159,R1,SKU_A,458,0,0,953
159,R1,SKU_B,487,0,0,115
159,R1,SKU_C,343,0,0,434
159,R1,SKU_D,341,0,0,0
159,R1,SKU_E,338,0,0,80
159,R2,SKU_A,591,0,0,487
159,R2,SKU_B,0,58,0,192
159,R2,SKU_C,329,0,0,350
159,R2,SKU_D,21,0,0,203
159,R2,SKU_E,261,0,0,152
159,R3,SKU_A,2519,0,0,712
159,R3,SKU_B,291,0,0,153
159,R3,SKU_C,1723,0,0,326
159,R3,SKU_D,1010,0,0,0
159,R3,SKU_E,471,0,0,0
160,Supplier,SKU_A,0,0,0,0
160,Supplier,SKU_B,0,0,0,0
160,Supplier,SKU_C,0,0,0,0
160,Supplier,SKU_D,0,0,0,0
160,Supplier,SKU_E,0,0,0,0
160,W1,SKU_A,951,0,0,1957
160,W1,SKU_B,87,0,0,661
160,W1,SKU_C,1824,0,0,868
160,W1,SKU_D,43,0,0,1437
160,W1,SKU_E,1031,0,0,0
160,W2,SKU_A,2459,0,0,0
160,W2,SKU_B,546,0,0,0
160,W2,SKU_C,1081,0,0,0
160,W2,SKU_D,836,0,0,0
160,W2,SKU_E,1614,0,0,0
160,R1,SKU_A,261,0,0,953
160,R1,SKU_B,388,0,0,115
160,R1,SKU_C,167,0,0,434
160,R1,SKU_D,247,0,0,0
160,R1,SKU_E,278,0,0,80
160,R2,SKU_A,945,0,0,0
160,R2,SKU_B,49,0,0,0
160,R2,SKU_C,599,0,0,0
160,R2,SKU_D,156,0,0,0
160,R2,SKU_E,342,0,0,0
160,R3,SKU_A,2283,0,0,712
160,R3,SKU_B,214,0,0,153
160,R3,SKU_C,1560,0,0,326
160,R3,SKU_D,898,0,0,0
160,R3,SKU_E,339,0,0,0
161,Supplier,SKU_A,0,0,0,0
161,Supplier,SKU_B,0,0,0,0
161,Supplier,SKU_C,0,0,0,0
161,Supplier,SKU_D,0,0,0,0
161,Supplier,SKU_E,0,0,0,0
161,W1,SKU_A,951,0,0,1957
161,W1,SKU_B,406,0,0,192
161,W1,SKU_C,1824,0,0,868
161,W1,SKU_D,1480,0,0,0
161,W1,SKU_E,919,0,0,0
161,W2,SKU_A,1695,0,0,0
161,W2,SKU_B,546,0,0,0
161,W2,SKU_C,703,0,0,0
161,W2,SKU_D,836,0,0,0
161,W2,SKU_E,919,0,0,0
161,R1,SKU_A,981,0,0,0
161,R1,SKU_B,401,0,0,150
161,R1,SKU_C,426,0,0,0
161,R1,SKU_D,156,0,0,418
161,R1,SKU_E,303,0,0,112
161,R2,SKU_A,812,0,0,0
161,R2,SKU_B,0,26,0,191
161,R2,SKU_C,526,0,0,0
161,R2,SKU_D,88,0,0,223
161,R2,SKU_E,270,0,0,132
161,R3,SKU_A,2063,0,0,1476
161,R3,SKU_B,150,0,0,349
161,R3,SKU_C,1413,0,0,704
161,R3,SKU_D,790,0,0,0
161,R3,SKU_E,259,0,0,695
162,Supplier,SKU_A,0,0,0,0
162,Supplier,SKU_B,0,0,0,0
162,Supplier,SKU_C,0,0,0,0
162,Supplier,SKU_D,0,0,0,0
162,Supplier,SKU_E,0,0,0,0
162,W1,SKU_A,424,0,0,1957
162,W1,SKU_B,304,0,0,607
162,W1,SKU_C,1360,0,0,868
162,W1,SKU_D,1480,0,0,0
162,W1,SKU_E,721,0,0,575
162,W2,SKU_A,1695,0,0,1476
162,W2,SKU_B,405,0,0,0
162,W2,SKU_C,703,0,0,2154
162,W2,SKU_D,0,0,522,0
162,W2,SKU_E,919,0,0,695
162,R1,SKU_A,864,0,0,0
162,R1,SKU_B,344,0,0,150
162,R1,SKU_C,318,0,0,0
162,R1,SKU_D,92,0,0,418
162,R1,SKU_E,263,0,0,112
162,R2,SKU_A,688,0,0,0
162,R2,SKU_B,0,80,0,191
162,R2,SKU_C,462,0,0,0
162,R2,SKU_D,46,0,0,223
162,R2,SKU_E,225,0,0,132
162,R3,SKU_A,2565,0,0,764
162,R3,SKU_B,258,0,0,337
162,R3,SKU_C,1645,0,0,378
162,R3,SKU_D,704,0,0,836
162,R3,SKU_E,181,0,0,695
163,Supplier,SKU_A,0,0,0,0
163,Supplier,SKU_B,0,0,0,0
163,Supplier,SKU_C,0,0,0,0
163,Supplier,SKU_D,0,0,0,0
163,Supplier,SKU_E,0,0,0,0
163,W1,SKU_A,424,0,0,1957
163,W1,SKU_B,90,0,0,607
163,W1,SKU_C,1009,0,0,868
163,W1,SKU_D,1480,0,0,0
163,W1,SKU_E,626,0,0,575
163,W2,SKU_A,1695,0,0,1476
163,W2,SKU_B,405,0,0,0
163,W2,SKU_C,703,0,0,2154
163,W2,SKU_D,0,0,522,1358
163,W2,SKU_E,919,0,0,695
163,R1,SKU_A,729,0,0,0
163,R1,SKU_B,441,0,0,0
163,R1,SKU_C,231,0,0,0
163,R1,SKU_D,457,0,0,0
163,R1,SKU_E,341,0,0,0
163,R2,SKU_A,573,0,0,0
163,R2,SKU_B,0,125,0,191
163,R2,SKU_C,399,0,0,0
163,R2,SKU_D,2,0,0,223
163,R2,SKU_E,187,0,0,132
163,R3,SKU_A,2349,0,0,764
163,R3,SKU_B,213,0,0,337
163,R3,SKU_C,1517,0,0,378
163,R3,SKU_D,608,0,0,836
163,R3,SKU_E,96,0,0,695
164,Supplier,SKU_A,0,0,0,0
164,Supplier,SKU_B,0,0,0,0
164,Supplier,SKU_C,0,0,0,0
164,Supplier,SKU_D,0,0,0,0
164,Supplier,SKU_E,0,0,0,0
164,W1,SKU_A,1394,0,0,0
164,W1,SKU_B,172,0,0,415
164,W1,SKU_C,1877,0,0,0
164,W1,SKU_D,1258,0,0,0
164,W1,SKU_E,626,0,0,575
164,W2,SKU_A,1695,0,0,1476
164,W2,SKU_B,315,0,0,0
164,W2,SKU_C,334,0,0,2154
164,W2,SKU_D,0,0,522,1358
164,W2,SKU_E,919,0,0,695
164,R1,SKU_A,599,0,0,987
164,R1,SKU_B,398,0,0,212
164,R1,SKU_C,146,0,0,464
164,R1,SKU_D,389,0,0,0
164,R1,SKU_E,315,0,0,95
164,R2,SKU_A,471,0,0,527
164,R2,SKU_B,16,0,0,214
164,R2,SKU_C,359,0,0,351
164,R2,SKU_D,195,0,0,222
164,R2,SKU_E,278,0,0,198
164,R3,SKU_A,2163,0,0,764
164,R3,SKU_B,166,0,0,337
164,R3,SKU_C,1412,0,0,378
164,R3,SKU_D,507,0,0,836
164,R3,SKU_E,22,0,0,695
165,Supplier,SKU_A,0,0,0,0
165,Supplier,SKU_B,0,0,0,0
165,Supplier,SKU_C,0,0,0,0
165,Supplier,SKU_D,0,0,0,0
165,Supplier,SKU_E,0,0,0,0
165,W1,SKU_A,1394,0,0,2467
165,W1,SKU_B,172,0,0,881
165,W1,SKU_C,1877,0,0,898
165,W1,SKU_D,1258,0,0,0
165,W1,SKU_E,626,0,0,575
165,W2,SKU_A,863,0,0,1476
165,W2,SKU_B,315,0,0,751
165,W2,SKU_C,334,0,0,2154
165,W2,SKU_D,0,0,522,1358
165,W2,SKU_E,919,0,0,695
165,R1,SKU_A,479,0,0,987
165,R1,SKU_B,348,0,0,212
165,R1,SKU_C,36,0,0,464
165,R1,SKU_D,328,0,0,0
165,R1,SKU_E,286,0,0,95
165,R2,SKU_A,361,0,0,527
165,R2,SKU_B,0,65,0,214
165,R2,SKU_C,297,0,0,351
165,R2,SKU_D,152,0,0,222
165,R2,SKU_E,232,0,0,198
165,R3,SKU_A,2763,0,0,0
165,R3,SKU_B,303,0,0,141
165,R3,SKU_C,1671,0,0,0
165,R3,SKU_D,406,0,0,836
165,R3,SKU_E,630,0,0,0
166,Supplier,SKU_A,0,0,0,0
166,Supplier,SKU_B,0,0,0,0
166,Supplier,SKU_C,0,0,0,0
166,Supplier,SKU_D,0,0,0,0
166,Supplier,SKU_E,0,0,0,0
166,W1,SKU_A,1394,0,0,2467
166,W1,SKU_B,79,0,0,881
166,W1,SKU_C,1877,0,0,898
166,W1,SKU_D,827,0,0,0
166,W1,SKU_E,367,0,0,575
166,W2,SKU_A,863,0,0,1476
166,W2,SKU_B,209,0,0,751
166,W2,SKU_C,334,0,0,2154
166,W2,SKU_D,0,0,522,1358
166,W2,SKU_E,919,0,0,695
166,R1,SKU_A,1308,0,0,0
166,R1,SKU_B,496,0,0,93
166,R1,SKU_C,350,0,0,0
166,R1,SKU_D,236,0,0,431
166,R1,SKU_E,344,0,0,89
166,R2,SKU_A,245,0,0,527
166,R2,SKU_B,0,134,0,214
166,R2,SKU_C,235,0,0,351
166,R2,SKU_D,94,0,0,222
166,R2,SKU_E,173,0,0,198
166,R3,SKU_A,2562,0,0,832
166,R3,SKU_B,372,0,0,196
166,R3,SKU_C,1554,0,0,369
166,R3,SKU_D,1131,0,0,0
166,R3,SKU_E,560,0,0,0
167,Supplier,SKU_A,0,0,0,0
167,Supplier,SKU_B,0,0,0,0
167,Supplier,SKU_C,0,0,0,0
167,Supplier,SKU_D,0,0,0,0
167,Supplier,SKU_E,0,0,0,0
167,W1,SKU_A,827,0,0,2467
167,W1,SKU_B,249,0,0,466
167,W1,SKU_C,1337,0,0,898
167,W1,SKU_D,827,0,0,0
167,W1,SKU_E,942,0,0,0
167,W2,SKU_A,863,0,0,1476
167,W2,SKU_B,209,0,0,751
167,W2,SKU_C,0,0,7,2154
167,W2,SKU_D,0,0,522,1358
167,W2,SKU_E,919,0,0,695
167,R1,SKU_A,1080,0,0,0
167,R1,SKU_B,424,0,0,93
167,R1,SKU_C,209,0,0,0
167,R1,SKU_D,128,0,0,431
167,R1,SKU_E,284,0,0,89
167,R2,SKU_A,653,0,0,0
167,R2,SKU_B,22,0,0,0
167,R2,SKU_C,515,0,0,0
167,R2,SKU_D,271,0,0,0
167,R2,SKU_E,318,0,0,0
167,R3,SKU_A,2326,0,0,832
167,R3,SKU_B,283,0,0,196
167,R3,SKU_C,1385,0,0,369
167,R3,SKU_D,1011,0,0,0
167,R3,SKU_E,461,0,0,0
168,Supplier,SKU_A,0,0,0,0
168,Supplier,SKU_B,0,0,0,0
168,Supplier,SKU_C,0,0,0,0
168,Supplier,SKU_D,0,0,0,0
168,Supplier,SKU_E,0,0,0,0
168,W1,SKU_A,827,0,0,2467
168,W1,SKU_B,113,0,0,914
168,W1,SKU_C,1337,0,0,1789
168,W1,SKU_D,827,0,0,0
168,W1,SKU_E,845,0,0,664
168,W2,SKU_A,2339,0,0,0
168,W2,SKU_B,48,0,0,751
168,W2,SKU_C,2147,0,0,0
168,W2,SKU_D,0,0,522,1358
168,W2,SKU_E,1614,0,0,0
168,R1,SKU_A,851,0,0,0
168,R1,SKU_B,429,0,0,136
168,R1,SKU_C,8,0,0,540
168,R1,SKU_D,468,0,0,0
168,R1,SKU_E,324,0,0,97
168,R2,SKU_A,546,0,0,567
168,R2,SKU_B,0,53,0,245
168,R2,SKU_C,453,0,0,0
168,R2,SKU_D,213,0,0,0
168,R2,SKU_E,255,0,0,170
168,R3,SKU_A,2055,0,0,832
168,R3,SKU_B,192,0,0,196
168,R3,SKU_C,1198,0,0,369
168,R3,SKU_D,889,0,0,0
168,R3,SKU_E,349,0,0,0
169,Supplier,SKU_A,0,0,0,0
169,Supplier,SKU_B,0,0,0,0
169,Supplier,SKU_C,0,0,0,0
169,Supplier,SKU_D,0,0,0,0
169,Supplier,SKU_E,0,0,0,0
169,W1,SKU_A,827,0,0,2467
169,W1,SKU_B,113,0,0,914
169,W1,SKU_C,977,0,0,1789
169,W1,SKU_D,593,0,0,0
169,W1,SKU_E,670,0,0,664
169,W2,SKU_A,1467,0,0,0
169,W2,SKU_B,0,0,43,751
169,W2,SKU_C,1791,0,0,0
169,W2,SKU_D,836,0,0,0
169,W2,SKU_E,929,0,0,0
169,R1,SKU_A,701,0,0,0
169,R1,SKU_B,358,0,0,136
169,R1,SKU_C,0,115,0,540
169,R1,SKU_D,395,0,0,0
169,R1,SKU_E,274,0,0,97
169,R2,SKU_A,415,0,0,567
169,R2,SKU_B,0,124,0,245
169,R2,SKU_C,384,0,0,0
169,R2,SKU_D,142,0,0,0
169,R2,SKU_E,202,0,0,170
169,R3,SKU_A,1851,0,0,1704
169,R3,SKU_B,135,0,0,405
169,R3,SKU_C,1092,0,0,1066
169,R3,SKU_D,798,0,0,522
169,R3,SKU_E,247,0,0,685
170,Supplier,SKU_A,0,0,0,0
170,Supplier,SKU_B,0,0,0,0
170,Supplier,SKU_C,0,0,0,0
170,Supplier,SKU_D,0,0,0,0
170,Supplier,SKU_E,0,0,0,0
170,W1,SKU_A,2279,0,0,0
170,W1,SKU_B,216,0,0,448
170,W1,SKU_C,1410,0,0,891
170,W1,SKU_D,593,0,0,0
170,W1,SKU_E,571,0,0,664
170,W2,SKU_A,1467,0,0,1704
170,W2,SKU_B,0,0,43,751
170,W2,SKU_C,1791,0,0,0
170,W2,SKU_D,836,0,0,0
170,W2,SKU_E,929,0,0,685
170,R1,SKU_A,570,0,0,1015
170,R1,SKU_B,441,0,0,159
170,R1,SKU_C,322,0,0,465
170,R1,SKU_D,337,0,0,0
170,R1,SKU_E,325,0,0,99
170,R2,SKU_A,298,0,0,567
170,R2,SKU_B,0,183,0,245
170,R2,SKU_C,310,0,0,0
170,R2,SKU_D,96,0,0,0
170,R2,SKU_E,162,0,0,170
170,R3,SKU_A,2465,0,0,872
170,R3,SKU_B,266,0,0,209
170,R3,SKU_C,1363,0,0,697
170,R3,SKU_D,706,0,0,522
170,R3,SKU_E,151,0,0,685
171,Supplier,SKU_A,0,0,0,0
171,Supplier,SKU_B,0,0,0,0
171,Supplier,SKU_C,0,0,0,0
171,Supplier,SKU_D,0,0,0,0
171,Supplier,SKU_E,0,0,0,0
171,W1,SKU_A,1805,0,0,0
171,W1,SKU_B,216,0,0,947
171,W1,SKU_C,1410,0,0,1716
171,W1,SKU_D,171,0,0,1528
171,W1,SKU_E,571,0,0,664
171,W2,SKU_A,1467,0,0,1704
171,W2,SKU_B,586,0,0,0
171,W2,SKU_C,1791,0,0,0
171,W2,SKU_D,836,0,0,0
171,W2,SKU_E,929,0,0,685
171,R1,SKU_A,422,0,0,1015
171,R1,SKU_B,391,0,0,159
171,R1,SKU_C,225,0,0,465
171,R1,SKU_D,288,0,0,0
171,R1,SKU_E,280,0,0,99
171,R2,SKU_A,777,0,0,474
171,R2,SKU_B,16,0,0,204
171,R2,SKU_C,248,0,0,360
171,R2,SKU_D,35,0,0,234
171,R2,SKU_E,289,0,0,175
171,R3,SKU_A,2287,0,0,872
171,R3,SKU_B,211,0,0,209
171,R3,SKU_C,1286,0,0,697
171,R3,SKU_D,623,0,0,522
171,R3,SKU_E,82,0,0,685
172,Supplier,SKU_A,0,0,0,0
172,Supplier,SKU_B,0,0,0,0
172,Supplier,SKU_C,0,0,0,0
172,Supplier,SKU_D,0,0,0,0
172,Supplier,SKU_E,0,0,0,0
172,W1,SKU_A,1805,0,0,0
172,W1,SKU_B,113,0,0,947
172,W1,SKU_C,1410,0,0,1716
172,W1,SKU_D,171,0,0,1528
172,W1,SKU_E,344,0,0,664
172,W2,SKU_A,1467,0,0,1704
172,W2,SKU_B,586,0,0,0
172,W2,SKU_C,1791,0,0,0
172,W2,SKU_D,836,0,0,0
172,W2,SKU_E,929,0,0,685
172,R1,SKU_A,1313,0,0,0
172,R1,SKU_B,495,0,0,103
172,R1,SKU_C,610,0,0,0
172,R1,SKU_D,242,0,0,422
172,R1,SKU_E,342,0,0,91
172,R2,SKU_A,658,0,0,474
172,R2,SKU_B,0,47,0,204
172,R2,SKU_C,209,0,0,360
172,R2,SKU_D,0,13,0,234
172,R2,SKU_E,228,0,0,175
172,R3,SKU_A,2106,0,0,872
172,R3,SKU_B,149,0,0,209
172,R3,SKU_C,1192,0,0,697
172,R3,SKU_D,519,0,0,522
172,R3,SKU_E,0,9,0,685
173,Supplier,SKU_A,0,0,0,0
173,Supplier,SKU_B,0,0,0,0
173,Supplier,SKU_C,0,0,0,0
173,Supplier,SKU_D,0,0,0,0
173,Supplier,SKU_E,0,0,0,0
173,W1,SKU_A,1805,0,0,0
173,W1,SKU_B,561,0,0,499
173,W1,SKU_C,2301,0,0,825
173,W1,SKU_D,0,0,55,1528
173,W1,SKU_E,1008,0,0,0
173,W2,SKU_A,686,0,0,1704
173,W2,SKU_B,469,0,0,0
173,W2,SKU_C,1416,0,0,0
173,W2,SKU_D,836,0,0,0
173,W2,SKU_E,929,0,0,685
173,R1,SKU_A,1152,0,0,0
173,R1,SKU_B,429,0,0,103
173,R1,SKU_C,503,0,0,0
173,R1,SKU_D,152,0,0,422
173,R1,SKU_E,294,0,0,91
173,R2,SKU_A,551,0,0,474
173,R2,SKU_B,0,114,0,204
173,R2,SKU_C,145,0,0,360
173,R2,SKU_D,0,74,0,234
173,R2,SKU_E,170,0,0,175
173,R3,SKU_A,2751,0,0,781
173,R3,SKU_B,309,0,0,282
173,R3,SKU_C,1746,0,0,375
173,R3,SKU_D,939,0,0,0
173,R3,SKU_E,566,0,0,0
174,Supplier,SKU_A,0,0,0,0
174,Supplier,SKU_B,0,0,0,0
174,Supplier,SKU_C,0,0,0,0
174,Supplier,SKU_D,0,0,0,0
174,Supplier,SKU_E,0,0,0,0
174,W1,SKU_A,1805,0,0,2056
174,W1,SKU_B,205,0,0,499
174,W1,SKU_C,2301,0,0,825
174,W1,SKU_D,0,0,55,1528
174,W1,SKU_E,923,0,0,598
174,W2,SKU_A,686,0,0,1704
174,W2,SKU_B,469,0,0,0
174,W2,SKU_C,1416,0,0,0
174,W2,SKU_D,836,0,0,0
174,W2,SKU_E,929,0,0,685
174,R1,SKU_A,960,0,0,0
174,R1,SKU_B,447,0,0,0
174,R1,SKU_C,339,0,0,0
174,R1,SKU_D,484,0,0,0
174,R1,SKU_E,342,0,0,0
174,R2,SKU_A,908,0,0,0
174,R2,SKU_B,16,0,0,235
174,R2,SKU_C,420,0,0,0
174,R2,SKU_D,103,0,0,171
174,R2,SKU_E,290,0,0,136
174,R3,SKU_A,2518,0,0,781
174,R3,SKU_B,241,0,0,282
174,R3,SKU_C,1579,0,0,375
174,R3,SKU_D,808,0,0,0
174,R3,SKU_E,455,0,0,0
175,Supplier,SKU_A,0,0,0,0
175,Supplier,SKU_B,0,0,0,0
175,Supplier,SKU_C,0,0,0,0
175,Supplier,SKU_D,0,0,0,0
175,Supplier,SKU_E,0,0,0,0
175,W1,SKU_A,1805,0,0,2056
175,W1,SKU_B,205,0,0,499
175,W1,SKU_C,1357,0,0,825
175,W1,SKU_D,0,0,55,1528
175,W1,SKU_E,749,0,0,598
175,W2,SKU_A,686,0,0,1704
175,W2,SKU_B,352,0,0,0
175,W2,SKU_C,1416,0,0,0
175,W2,SKU_D,0,0,504,0
175,W2,SKU_E,929,0,0,685
175,R1,SKU_A,780,0,0,0
175,R1,SKU_B,372,0,0,121
175,R1,SKU_C,192,0,0,551
175,R1,SKU_D,391,0,0,0
175,R1,SKU_E,287,0,0,85
175,R2,SKU_A,784,0,0,0
175,R2,SKU_B,0,52,0,235
175,R2,SKU_C,362,0,0,0
175,R2,SKU_D,43,0,0,171
175,R2,SKU_E,228,0,0,136
175,R3,SKU_A,2268,0,0,781
175,R3,SKU_B,166,0,0,399
175,R3,SKU_C,1429,0,0,375
175,R3,SKU_D,686,0,0,836
175,R3,SKU_E,363,0,0,0
176,Supplier,SKU_A,0,0,0,0
176,Supplier,SKU_B,0,0,0,0
176,Supplier,SKU_C,0,0,0,0
176,Supplier,SKU_D,0,0,0,0
176,Supplier,SKU_E,0,0,0,0
176,W1,SKU_A,314,0,0,2056
176,W1,SKU_B,544,0,0,0
176,W1,SKU_C,2182,0,0,0
176,W1,SKU_D,1473,0,0,0
176,W1,SKU_E,651,0,0,598
176,W2,SKU_A,1680,0,0,0
176,W2,SKU_B,352,0,0,714
176,W2,SKU_C,956,0,0,0
176,W2,SKU_D,0,0,504,1340
176,W2,SKU_E,943,0,0,0
176,R1,SKU_A,663,0,0,936
176,R1,SKU_B,318,0,0,281
176,R1,SKU_C,138,0,0,551
176,R1,SKU_D,341,0,0,0
176,R1,SKU_E,255,0,0,183
176,R2,SKU_A,702,0,0,0
176,R2,SKU_B,0,92,0,235
176,R2,SKU_C,326,0,0,0
176,R2,SKU_D,13,0,0,171
176,R2,SKU_E,174,0,0,136
176,R3,SKU_A,2087,0,0,1491
176,R3,SKU_B,107,0,0,399
176,R3,SKU_C,1336,0,0,835
176,R3,SKU_D,610,0,0,836
176,R3,SKU_E,284,0,0,671
177,Supplier,SKU_A,0,0,0,0
177,Supplier,SKU_B,0,0,0,0
177,Supplier,SKU_C,0,0,0,0
177,Supplier,SKU_D,0,0,0,0
177,Supplier,SKU_E,0,0,0,0
177,W1,SKU_A,314,0,0,2056
177,W1,SKU_B,362,0,0,459
177,W1,SKU_C,2182,0,0,944
177,W1,SKU_D,847,0,0,0
177,W1,SKU_E,651,0,0,598
177,W2,SKU_A,1680,0,0,1491
177,W2,SKU_B,218,0,0,714
177,W2,SKU_C,956,0,0,0
177,W2,SKU_D,0,0,504,1340
177,W2,SKU_E,943,0,0,671
177,R1,SKU_A,549,0,0,936
177,R1,SKU_B,389,0,0,160
177,R1,SKU_C,620,0,0,0
177,R1,SKU_D,306,0,0,0
177,R1,SKU_E,313,0,0,98
177,R2,SKU_A,618,0,0,555
177,R2,SKU_B,111,0,0,182
177,R2,SKU_C,267,0,0,393
177,R2,SKU_D,152,0,0,263
177,R2,SKU_E,272,0,0,174
177,R3,SKU_A,2713,0,0,710
177,R3,SKU_B,333,0,0,117
177,R3,SKU_C,1637,0,0,460
177,R3,SKU_D,542,0,0,836
177,R3,SKU_E,199,0,0,671
178,Supplier,SKU_A,0,0,0,0
178,Supplier,SKU_B,0,0,0,0
178,Supplier,SKU_C,0,0,0,0
178,Supplier,SKU_D,0,0,0,0
178,Supplier,SKU_E,0,0,0,0
178,W1,SKU_A,314,0,0,2056
178,W1,SKU_B,258,0,0,459
178,W1,SKU_C,2182,0,0,944
178,W1,SKU_D,847,0,0,0
178,W1,SKU_E,497,0,0,598
178,W2,SKU_A,1680,0,0,1491
178,W2,SKU_B,218,0,0,714
178,W2,SKU_C,956,0,0,0
178,W2,SKU_D,0,0,504,1340
178,W2,SKU_E,943,0,0,671
178,R1,SKU_A,1369,0,0,0
178,R1,SKU_B,497,0,0,0
178,R1,SKU_C,525,0,0,0
178,R1,SKU_D,253,0,0,0
178,R1,SKU_E,358,0,0,0
178,R2,SKU_A,548,0,0,555
178,R2,SKU_B,55,0,0,182
178,R2,SKU_C,217,0,0,393
178,R2,SKU_D,114,0,0,263
178,R2,SKU_E,235,0,0,174
178,R3,SKU_A,2573,0,0,710
178,R3,SKU_B,270,0,0,117
178,R3,SKU_C,1553,0,0,460
178,R3,SKU_D,466,0,0,836
178,R3,SKU_E,126,0,0,671
179,Supplier,SKU_A,0,0,0,0
179,Supplier,SKU_B,0,0,0,0
179,Supplier,SKU_C,0,0,0,0
179,Supplier,SKU_D,0,0,0,0
179,Supplier,SKU_E,0,0,0,0
179,W1,SKU_A,2370,0,0,0
179,W1,SKU_B,258,0,0,459
179,W1,SKU_C,2182,0,0,944
179,W1,SKU_D,847,0,0,0
179,W1,SKU_E,983,0,0,0
179,W2,SKU_A,1680,0,0,1491
179,W2,SKU_B,99,0,0,714
179,W2,SKU_C,956,0,0,0
179,W2,SKU_D,0,0,504,1340
179,W2,SKU_E,943,0,0,671
179,R1,SKU_A,1241,0,0,0
179,R1,SKU_B,445,0,0,104
179,R1,SKU_C,451,0,0,0
179,R1,SKU_D,200,0,0,418
179,R1,SKU_E,316,0,0,112
179,R2,SKU_A,449,0,0,555
179,R2,SKU_B,8,0,0,182
179,R2,SKU_C,170,0,0,393
179,R2,SKU_D,75,0,0,263
179,R2,SKU_E,182,0,0,174
179,R3,SKU_A,2395,0,0,710
179,R3,SKU_B,324,0,0,253
179,R3,SKU_C,1459,0,0,460
179,R3,SKU_D,1198,0,0,0
179,R3,SKU_E,55,0,0,671
180,Supplier,SKU_A,0,0,0,0
180,Supplier,SKU_B,0,0,0,0
180,Supplier,SKU_C,0,0,0,0
180,Supplier,SKU_D,0,0,0,0
180,Supplier,SKU_E,0,0,0,0
180,W1,SKU_A,2370,0,0,0
180,W1,SKU_B,154,0,0,801
180,W1,SKU_C,1743,0,0,944
180,W1,SKU_D,847,0,0,0
180,W1,SKU_E,983,0,0,511
180,W2,SKU_A,1680,0,0,1491
180,W2,SKU_B,99,0,0,714
180,W2,SKU_C,611,0,0,0
180,W2,SKU_D,0,0,504,1340
180,W2,SKU_E,943,0,0,671
180,R1,SKU_A,1096,0,0,0
180,R1,SKU_B,360,0,0,104
180,R1,SKU_C,337,0,0,0
180,R1,SKU_D,130,0,0,418
180,R1,SKU_E,264,0,0,112
180,R2,SKU_A,912,0,0,0
180,R2,SKU_B,131,0,0,0
180,R2,SKU_C,512,0,0,0
180,R2,SKU_D,298,0,0,0
180,R2,SKU_E,299,0,0,154
180,R3,SKU_A,2879,0,0,0
180,R3,SKU_B,263,0,0,253
180,R3,SKU_C,1813,0,0,0
180,R3,SKU_D,1089,0,0,0
180,R3,SKU_E,652,0,0,0
181,Supplier,SKU_A,0,0,0,0
181,Supplier,SKU_B,0,0,0,0
181,Supplier,SKU_C,0,0,0,0
181,Supplier,SKU_D,0,0,0,0
181,Supplier,SKU_E,0,0,0,0
181,W1,SKU_A,2370,0,0,0
181,W1,SKU_B,0,0,40,801
181,W1,SKU_C,1743,0,0,944
181,W1,SKU_D,847,0,0,0
181,W1,SKU_E,742,0,0,511
181,W2,SKU_A,800,0,0,1491
181,W2,SKU_B,0,0,25,714
181,W2,SKU_C,611,0,0,2246
181,W2,SKU_D,0,0,504,1340
181,W2,SKU_E,943,0,0,671
181,R1,SKU_A,926,0,0,0
181,R1,SKU_B,374,0,0,0
181,R1,SKU_C,192,0,0,0
181,R1,SKU_D,461,0,0,0
181,R1,SKU_E,336,0,0,0
181,R2,SKU_A,812,0,0,0
181,R2,SKU_B,60,0,0,0
181,R2,SKU_C,425,0,0,0
181,R2,SKU_D,239,0,0,0
181,R2,SKU_E,252,0,0,154
181,R3,SKU_A,2690,0,0,0
181,R3,SKU_B,192,0,0,253
181,R3,SKU_C,1690,0,0,0
181,R3,SKU_D,960,0,0,0
181,R3,SKU_E,578,0,0,0
182,Supplier,SKU_A,0,0,0,0
182,Supplier,SKU_B,0,0,0,0
182,Supplier,SKU_C,0,0,0,0
182,Supplier,SKU_D,0,0,0,0
182,Supplier,SKU_E,0,0,0,0
182,W1,SKU_A,1843,0,0,0
182,W1,SKU_B,244,0,0,342
182,W1,SKU_C,2299,0,0,0
182,W1,SKU_D,639,0,0,0
182,W1,SKU_E,742,0,0,511
182,W2,SKU_A,800,0,0,1491
182,W2,SKU_B,714,0,25,0
182,W2,SKU_C,611,0,0,2246
182,W2,SKU_D,1340,0,504,0
182,W2,SKU_E,943,0,0,671
182,R1,SKU_A,739,0,0,0
182,R1,SKU_B,289,0,0,279
182,R1,SKU_C,69,0,0,439
182,R1,SKU_D,367,0,0,0
182,R1,SKU_E,282,0,0,94
182,R2,SKU_A,675,0,0,0
182,R2,SKU_B,0,2,0,0
182,R2,SKU_C,364,0,0,0
182,R2,SKU_D,186,0,0,0
182,R2,SKU_E,200,0,0,154
182,R3,SKU_A,2505,0,0,880
182,R3,SKU_B,131,0,0,352
182,R3,SKU_C,1604,0,0,345
182,R3,SKU_D,872,0,0,0
182,R3,SKU_E,493,0,0,0
183,Supplier,SKU_A,0,0,0,0
183,Supplier,SKU_B,0,0,0,0
183,Supplier,SKU_C,0,0,0,0
183,Supplier,SKU_D,0,0,0,0
183,Supplier,SKU_E,0,0,0,0
183,W1,SKU_A,866,0,0,2018
183,W1,SKU_B,244,0,0,744
183,W1,SKU_C,2299,0,0,827
183,W1,SKU_D,639,0,0,1482
183,W1,SKU_E,648,0,0,511
183,W2,SKU_A,2291,0,0,0
183,W2,SKU_B,557,0,0,0
183,W2,SKU_C,611,0,0,2246
183,W2,SKU_D,836,0,0,0
183,W2,SKU_E,1614,0,0,0
183,R1,SKU_A,607,0,0,0
183,R1,SKU_B,231,0,0,279
183,R1,SKU_C,0,3,0,439
183,R1,SKU_D,315,0,0,0
183,R1,SKU_E,242,0,0,94
183,R2,SKU_A,570,0,0,527
183,R2,SKU_B,0,32,0,194
183,R2,SKU_C,309,0,0,388
183,R2,SKU_D,136,0,0,208
183,R2,SKU_E,315,0,0,147
183,R3,SKU_A,2326,0,0,880
183,R3,SKU_B,340,0,0,99
183,R3,SKU_C,1518,0,0,345
183,R3,SKU_D,797,0,0,0
183,R3,SKU_E,408,0,0,0
184,Supplier,SKU_A,0,0,0,0
184,Supplier,SKU_B,0,0,0,0
184,Supplier,SKU_C,0,0,0,0
184,Supplier,SKU_D,0,0,0,0
184,Supplier,SKU_E,0,0,0,0
184,W1,SKU_A,866,0,0,2018
184,W1,SKU_B,101,0,0,744
184,W1,SKU_C,1845,0,0,827
184,W1,SKU_D,195,0,0,1482
184,W1,SKU_E,510,0,0,511
184,W2,SKU_A,2291,0,0,0
184,W2,SKU_B,557,0,0,0
184,W2,SKU_C,210,0,0,2246
184,W2,SKU_D,836,0,0,0
184,W2,SKU_E,1614,0,0,0
184,R1,SKU_A,460,0,0,977
184,R1,SKU_B,470,0,0,143
184,R1,SKU_C,348,0,0,454
184,R1,SKU_D,252,0,0,444
184,R1,SKU_E,301,0,0,94
184,R2,SKU_A,473,0,0,527
184,R2,SKU_B,0,63,0,194
184,R2,SKU_C,282,0,0,388
184,R2,SKU_D,93,0,0,208
184,R2,SKU_E,284,0,0,147
184,R3,SKU_A,2150,0,0,880
184,R3,SKU_B,280,0,0,256
184,R3,SKU_C,1443,0,0,746
184,R3,SKU_D,715,0,0,504
184,R3,SKU_E,335,0,0,0
185,Supplier,SKU_A,0,0,0,0
185,Supplier,SKU_B,0,0,0,0
185,Supplier,SKU_C,0,0,0,0
185,Supplier,SKU_D,0,0,0,0
185,Supplier,SKU_E,0,0,0,0
185,W1,SKU_A,866,0,0,2018
185,W1,SKU_B,249,0,0,402
185,W1,SKU_C,1845,0,0,827
185,W1,SKU_D,195,0,0,1482
185,W1,SKU_E,1021,0,0,0
185,W2,SKU_A,1562,0,0,0
185,W2,SKU_B,453,0,0,0
185,W2,SKU_C,210,0,0,2246
185,W2,SKU_D,836,0,0,0
185,W2,SKU_E,915,0,0,0
185,R1,SKU_A,334,0,0,977
185,R1,SKU_B,429,0,0,143
185,R1,SKU_C,251,0,0,454
185,R1,SKU_D,197,0,0,444
185,R1,SKU_E,263,0,0,94
185,R2,SKU_A,392,0,0,527
185,R2,SKU_B,0,105,0,194
185,R2,SKU_C,228,0,0,388
185,R2,SKU_D,55,0,0,208
185,R2,SKU_E,258,0,0,147
185,R3,SKU_A,1982,0,0,1609
185,R3,SKU_B,215,0,0,360
185,R3,SKU_C,1360,0,0,746
185,R3,SKU_D,608,0,0,504
185,R3,SKU_E,265,0,0,699
186,Supplier,SKU_A,0,0,0,0
186,Supplier,SKU_B,0,0,0,0
186,Supplier,SKU_C,0,0,0,0
186,Supplier,SKU_D,0,0,0,0
186,Supplier,SKU_E,0,0,0,0
186,W1,SKU_A,866,0,0,2018
186,W1,SKU_B,249,0,0,914
186,W1,SKU_C,1845,0,0,827
186,W1,SKU_D,195,0,0,1482
186,W1,SKU_E,908,0,0,447
186,W2,SKU_A,1562,0,0,1609
186,W2,SKU_B,453,0,0,0
186,W2,SKU_C,210,0,0,2246
186,W2,SKU_D,836,0,0,0
186,W2,SKU_E,915,0,0,699
186,R1,SKU_A,1149,0,0,0
186,R1,SKU_B,522,0,0,0
186,R1,SKU_C,609,0,0,0
186,R1,SKU_D,561,0,0,0
186,R1,SKU_E,323,0,0,0
186,R2,SKU_A,800,0,0,0
186,R2,SKU_B,39,0,0,194
186,R2,SKU_C,560,0,0,0
186,R2,SKU_D,204,0,0,0
186,R2,SKU_E,370,0,0,138
186,R3,SKU_A,2643,0,0,729
186,R3,SKU_B,253,0,0,261
186,R3,SKU_C,1590,0,0,401
186,R3,SKU_D,499,0,0,504
186,R3,SKU_E,196,0,0,699
187,Supplier,SKU_A,0,0,0,0
187,Supplier,SKU_B,0,0,0,0
187,Supplier,SKU_C,0,0,0,0
187,Supplier,SKU_D,0,0,0,0
187,Supplier,SKU_E,0,0,0,0
187,W1,SKU_A,327,0,0,2018
187,W1,SKU_B,118,0,0,914
187,W1,SKU_C,1845,0,0,827
187,W1,SKU_D,0,0,48,1482
187,W1,SKU_E,908,0,0,447
187,W2,SKU_A,1562,0,0,1609
187,W2,SKU_B,327,0,0,0
187,W2,SKU_C,2456,0,0,0
187,W2,SKU_D,836,0,0,0
187,W2,SKU_E,915,0,0,699
187,R1,SKU_A,982,0,0,0
187,R1,SKU_B,430,0,0,0
187,R1,SKU_C,476,0,0,0
187,R1,SKU_D,467,0,0,0
187,R1,SKU_E,267,0,0,0
187,R2,SKU_A,663,0,0,0
187,R2,SKU_B,0,23,0,194
187,R2,SKU_C,503,0,0,0
187,R2,SKU_D,138,0,0,0
187,R2,SKU_E,319,0,0,138
187,R3,SKU_A,2408,0,0,729
187,R3,SKU_B,180,0,0,261
187,R3,SKU_C,1488,0,0,401
187,R3,SKU_D,406,0,0,504
187,R3,SKU_E,107,0,0,699
188,Supplier,SKU_A,0,0,0,0
188,Supplier,SKU_B,0,0,0,0
188,Supplier,SKU_C,0,0,0,0
188,Supplier,SKU_D,0,0,0,0
188,Supplier,SKU_E,0,0,0,0
188,W1,SKU_A,2345,0,0,0
188,W1,SKU_B,428,0,0,512
188,W1,SKU_C,2672,0,0,0
188,W1,SKU_D,1434,0,0,0
188,W1,SKU_E,675,0,0,447
188,W2,SKU_A,1562,0,0,1609
188,W2,SKU_B,327,0,0,739
188,W2,SKU_C,2081,0,0,0
188,W2,SKU_D,836,0,0,0
188,W2,SKU_E,915,0,0,699
188,R1,SKU_A,760,0,0,0
188,R1,SKU_B,312,0,0,223
188,R1,SKU_C,308,0,0,0
188,R1,SKU_D,368,0,0,0
188,R1,SKU_E,210,0,0,203
188,R2,SKU_A,518,0,0,0
188,R2,SKU_B,0,95,0,194
188,R2,SKU_C,411,0,0,0
188,R2,SKU_D,54,0,0,0
188,R2,SKU_E,243,0,0,138
188,R3,SKU_A,2195,0,0,729
188,R3,SKU_B,267,0,0,104
188,R3,SKU_C,1784,0,0,0
188,R3,SKU_D,829,0,0,0
188,R3,SKU_E,7,0,0,699
189,Supplier,SKU_A,0,0,0,0
189,Supplier,SKU_B,0,0,0,0
189,Supplier,SKU_C,0,0,0,0
189,Supplier,SKU_D,0,0,0,0
189,Supplier,SKU_E,0,0,0,0
189,W1,SKU_A,1389,0,0,0
189,W1,SKU_B,84,0,0,512
189,W1,SKU_C,1688,0,0,0
189,W1,SKU_D,1434,0,0,0
189,W1,SKU_E,675,0,0,447
189,W2,SKU_A,727,0,0,1609
189,W2,SKU_B,184,0,0,739
189,W2,SKU_C,2081,0,0,0
189,W2,SKU_D,0,0,483,0
189,W2,SKU_E,915,0,0,699
189,R1,SKU_A,575,0,0,956
189,R1,SKU_B,221,0,0,341
189,R1,SKU_C,202,0,0,582
189,R1,SKU_D,277,0,0,0
189,R1,SKU_E,146,0,0,203
189,R2,SKU_A,401,0,0,539
189,R2,SKU_B,55,0,0,226
189,R2,SKU_C,321,0,0,402
189,R2,SKU_D,1,0,0,243
189,R2,SKU_E,335,0,0,143
189,R3,SKU_A,2700,0,0,835
189,R3,SKU_B,313,0,0,269
189,R3,SKU_C,1706,0,0,375
189,R3,SKU_D,736,0,0,836
189,R3,SKU_E,606,0,0,0
190,Supplier,SKU_A,0,0,0,0
190,Supplier,SKU_B,0,0,0,0
190,Supplier,SKU_C,0,0,0,0
190,Supplier,SKU_D,0,0,0,0
190,Supplier,SKU_E,0,0,0,0
190,W1,SKU_A,1389,0,0,2472
190,W1,SKU_B,0,0,7,1079
190,W1,SKU_C,1688,0,0,1438
190,W1,SKU_D,749,0,0,0
190,W1,SKU_E,554,0,0,931
190,W2,SKU_A,727,0,0,1609
190,W2,SKU_B,184,0,0,739
190,W2,SKU_C,2081,0,0,0
190,W2,SKU_D,0,0,483,1319
190,W2,SKU_E,915,0,0,699
190,R1,SKU_A,480,0,0,956
190,R1,SKU_B,396,0,0,202
190,R1,SKU_C,140,0,0,582
190,R1,SKU_D,226,0,0,482
190,R1,SKU_E,308,0,0,121
190,R2,SKU_A,309,0,0,539
190,R2,SKU_B,11,0,0,226
190,R2,SKU_C,283,0,0,402
190,R2,SKU_D,0,37,0,243
190,R2,SKU_E,291,0,0,143
190,R3,SKU_A,2530,0,0,835
190,R3,SKU_B,265,0,0,269
190,R3,SKU_C,1631,0,0,375
190,R3,SKU_D,682,0,0,836
190,R3,SKU_E,531,0,0,0
191,Supplier,SKU_A,0,0,0,0
191,Supplier,SKU_B,0,0,0,0
191,Supplier,SKU_C,0,0,0,0
191,Supplier,SKU_D,0,0,0,0
191,Supplier,SKU_E,0,0,0,0
191,W1,SKU_A,898,0,0,2472
191,W1,SKU_B,505,0,0,567
191,W1,SKU_C,1688,0,0,1438
191,W1,SKU_D,749,0,0,0
191,W1,SKU_E,835,0,0,484
191,W2,SKU_A,727,0,0,1609
191,W2,SKU_B,78,0,0,739
191,W2,SKU_C,2081,0,0,0
191,W2,SKU_D,0,0,483,1319
191,W2,SKU_E,915,0,0,699
191,R1,SKU_A,1311,0,0,0
191,R1,SKU_B,464,0,0,84
191,R1,SKU_C,660,0,0,0
191,R1,SKU_D,182,0,0,482
191,R1,SKU_E,258,0,0,121
191,R2,SKU_A,221,0,0,539
191,R2,SKU_B,0,35,0,226
191,R2,SKU_C,240,0,0,402
191,R2,SKU_D,0,82,0,243
191,R2,SKU_E,245,0,0,143
191,R3,SKU_A,2362,0,0,835
191,R3,SKU_B,224,0,0,269
191,R3,SKU_C,1550,0,0,375
191,R3,SKU_D,592,0,0,836
191,R3,SKU_E,437,0,0,0
192,Supplier,SKU_A,0,0,0,0
192,Supplier,SKU_B,0,0,0,0
192,Supplier,SKU_C,0,0,0,0
192,Supplier,SKU_D,0,0,0,0
192,Supplier,SKU_E,0,0,0,0
192,W1,SKU_A,898,0,0,2472
192,W1,SKU_B,407,0,0,567
192,W1,SKU_C,1688,0,0,1438
192,W1,SKU_D,749,0,0,0
192,W1,SKU_E,744,0,0,484
192,W2,SKU_A,2336,0,0,0
192,W2,SKU_B,78,0,0,739
192,W2,SKU_C,1742,0,0,0
192,W2,SKU_D,0,0,483,1319
192,W2,SKU_E,1614,0,0,0
192,R1,SKU_A,1177,0,0,0
192,R1,SKU_B,492,0,0,0
192,R1,SKU_C,602,0,0,0
192,R1,SKU_D,616,0,0,0
192,R1,SKU_E,354,0,0,0
192,R2,SKU_A,685,0,0,491
192,R2,SKU_B,144,0,0,0
192,R2,SKU_C,612,0,0,0
192,R2,SKU_D,109,0,0,203
192,R2,SKU_E,341,0,0,166
192,R3,SKU_A,2224,0,0,835
192,R3,SKU_B,169,0,0,269
192,R3,SKU_C,1478,0,0,375
192,R3,SKU_D,517,0,0,836
192,R3,SKU_E,371,0,0,0
193,Supplier,SKU_A,0,0,0,0
193,Supplier,SKU_B,0,0,0,0
193,Supplier,SKU_C,0,0,0,0
193,Supplier,SKU_D,0,0,0,0
193,Supplier,SKU_E,0,0,0,0
193,W1,SKU_A,898,0,0,2472
193,W1,SKU_B,226,0,0,567
193,W1,SKU_C,1688,0,0,1438
193,W1,SKU_D,749,0,0,0
193,W1,SKU_E,744,0,0,484
193,W2,SKU_A,1636,0,0,0
193,W2,SKU_B,0,0,18,739
193,W2,SKU_C,1742,0,0,0
193,W2,SKU_D,0,0,483,1319
193,W2,SKU_E,951,0,0,0
193,R1,SKU_A,1020,0,0,0
193,R1,SKU_B,435,0,0,105
193,R1,SKU_C,527,0,0,0
193,R1,SKU_D,558,0,0,0
193,R1,SKU_E,315,0,0,91
193,R2,SKU_A,605,0,0,491
193,R2,SKU_B,98,0,0,0
193,R2,SKU_C,567,0,0,0
193,R2,SKU_D,46,0,0,203
193,R2,SKU_E,286,0,0,166
193,R3,SKU_A,2885,0,0,700
193,R3,SKU_B,387,0,0,184
193,R3,SKU_C,1761,0,0,339
193,R3,SKU_D,1261,0,0,0
193,R3,SKU_E,290,0,0,663
194,Supplier,SKU_A,0,0,0,0
194,Supplier,SKU_B,0,0,0,0
194,Supplier,SKU_C,0,0,0,0
194,Supplier,SKU_D,0,0,0,0
194,Supplier,SKU_E,0,0,0,0
194,W1,SKU_A,898,0,0,2472
194,W1,SKU_B,113,0,0,567
194,W1,SKU_C,1688,0,0,1438
194,W1,SKU_D,551,0,0,0
194,W1,SKU_E,596,0,0,484
194,W2,SKU_A,1636,0,0,1535
194,W2,SKU_B,739,0,18,0
194,W2,SKU_C,1742,0,0,0
194,W2,SKU_D,0,0,483,1319
194,W2,SKU_E,951,0,0,663
194,R1,SKU_A,883,0,0,0
194,R1,SKU_B,388,0,0,105
194,R1,SKU_C,426,0,0,0
194,R1,SKU_D,506,0,0,0
194,R1,SKU_E,262,0,0,91
194,R2,SKU_A,511,0,0,491
194,R2,SKU_B,54,0,0,0
194,R2,SKU_C,517,0,0,0
194,R2,SKU_D,0,2,0,203
194,R2,SKU_E,238,0,0,166
194,R3,SKU_A,2684,0,0,700
194,R3,SKU_B,326,0,0,184
194,R3,SKU_C,1649,0,0,339
194,R3,SKU_D,1150,0,0,0
194,R3,SKU_E,195,0,0,663
195,Supplier,SKU_A,0,0,0,0
195,Supplier,SKU_B,0,0,0,0
195,Supplier,SKU_C,0,0,0,0
195,Supplier,SKU_D,0,0,0,0
195,Supplier,SKU_E,0,0,0,0
195,W1,SKU_A,3370,0,0,0
195,W1,SKU_B,680,0,0,370
195,W1,SKU_C,2662,0,0,0
195,W1,SKU_D,551,0,0,1570
195,W1,SKU_E,963,0,0,526
195,W2,SKU_A,1636,0,0,1535
195,W2,SKU_B,609,0,0,0
195,W2,SKU_C,1742,0,0,0
195,W2,SKU_D,0,0,483,1319
195,W2,SKU_E,951,0,0,663
195,R1,SKU_A,693,0,0,0
195,R1,SKU_B,387,0,0,0
195,R1,SKU_C,273,0,0,0
195,R1,SKU_D,424,0,0,0
195,R1,SKU_E,293,0,0,0
195,R2,SKU_A,873,0,0,0
195,R2,SKU_B,0,1,0,181
195,R2,SKU_C,457,0,0,0
195,R2,SKU_D,136,0,0,198
195,R2,SKU_E,342,0,0,148
195,R3,SKU_A,2493,0,0,700
195,R3,SKU_B,267,0,0,184
195,R3,SKU_C,1526,0,0,339
195,R3,SKU_D,1034,0,0,0
195,R3,SKU_E,88,0,0,663
196,Supplier,SKU_A,0,0,0,0
196,Supplier,SKU_B,0,0,0,0
196,Supplier,SKU_C,0,0,0,0
196,Supplier,SKU_D,0,0,0,0
196,Supplier,SKU_E,0,0,0,0
196,W1,SKU_A,1881,0,0,0
196,W1,SKU_B,527,0,0,370
196,W1,SKU_C,2306,0,0,0
196,W1,SKU_D,551,0,0,1570
196,W1,SKU_E,963,0,0,526
196,W2,SKU_A,1636,0,0,1535
196,W2,SKU_B,609,0,0,0
196,W2,SKU_C,1343,0,0,0
196,W2,SKU_D,836,0,0,0
196,W2,SKU_E,951,0,0,663
196,R1,SKU_A,499,0,0,1023
196,R1,SKU_B,310,0,0,266
196,R1,SKU_C,135,0,0,464
196,R1,SKU_D,346,0,0,0
196,R1,SKU_E,234,0,0,117
196,R2,SKU_A,724,0,0,0
196,R2,SKU_B,0,64,0,181
196,R2,SKU_C,394,0,0,0
196,R2,SKU_D,62,0,0,198
196,R2,SKU_E,297,0,0,148
196,R3,SKU_A,2283,0,0,700
196,R3,SKU_B,198,0,0,314
196,R3,SKU_C,1411,0,0,738
196,R3,SKU_D,948,0,0,483
196,R3,SKU_E,0,4,0,663
197,Supplier,SKU_A,0,0,0,0
197,Supplier,SKU_B,0,0,0,0
197,Supplier,SKU_C,0,0,0,0
197,Supplier,SKU_D,0,0,0,0
197,Supplier,SKU_E,0,0,0,0
197,W1,SKU_A,1881,0,0,1980
197,W1,SKU_B,319,0,0,636
197,W1,SKU_C,2306,0,0,820
197,W1,SKU_D,138,0,0,1570
197,W1,SKU_E,689,0,0,526
197,W2,SKU_A,860,0,0,1535
197,W2,SKU_B,481,0,0,0
197,W2,SKU_C,1343,0,0,0
197,W2,SKU_D,836,0,0,0
197,W2,SKU_E,951,0,0,663
197,R1,SKU_A,382,0,0,1023
197,R1,SKU_B,268,0,0,266
197,R1,SKU_C,55,0,0,464
197,R1,SKU_D,297,0,0,0
197,R1,SKU_E,188,0,0,117
197,R2,SKU_A,640,0,0,0
197,R2,SKU_B,0,103,0,181
197,R2,SKU_C,355,0,0,0
197,R2,SKU_D,22,0,0,198
197,R2,SKU_E,244,0,0,148
197,R3,SKU_A,2820,0,0,0
197,R3,SKU_B,329,0,0,130
197,R3,SKU_C,1681,0,0,399
197,R3,SKU_D,872,0,0,483
197,R3,SKU_E,576,0,0,0
198,Supplier,SKU_A,0,0,0,0
198,Supplier,SKU_B,0,0,0,0
198,Supplier,SKU_C,0,0,0,0
198,Supplier,SKU_D,0,0,0,0
198,Supplier,SKU_E,0,0,0,0
198,W1,SKU_A,1881,0,0,1980
198,W1,SKU_B,200,0,0,636
198,W1,SKU_C,2306,0,0,820
198,W1,SKU_D,0,0,89,1570
198,W1,SKU_E,689,0,0,526
198,W2,SKU_A,860,0,0,1535
198,W2,SKU_B,481,0,0,0
198,W2,SKU_C,1343,0,0,0
198,W2,SKU_D,836,0,0,0
198,W2,SKU_E,951,0,0,663
198,R1,SKU_A,1271,0,0,0
198,R1,SKU_B,497,0,0,119
198,R1,SKU_C,453,0,0,0
198,R1,SKU_D,234,0,0,413
198,R1,SKU_E,267,0,0,119
198,R2,SKU_A,554,0,0,466
198,R2,SKU_B,37,0,0,208
198,R2,SKU_C,308,0,0,356
198,R2,SKU_D,176,0,0,138
198,R2,SKU_E,343,0,0,155
198,R3,SKU_A,2643,0,0,0
198,R3,SKU_B,299,0,0,130
198,R3,SKU_C,1601,0,0,399
198,R3,SKU_D,794,0,0,483
198,R3,SKU_E,496,0,0,0
199,Supplier,SKU_A,0,0,0,0
199,Supplier,SKU_B,0,0,0,0
199,Supplier,SKU_C,0,0,0,0
199,Supplier,SKU_D,0,0,0,0
199,Supplier,SKU_E,0,0,0,0
199,W1,SKU_A,1881,0,0,1980
199,W1,SKU_B,200,0,0,636
199,W1,SKU_C,1869,0,0,820
199,W1,SKU_D,0,0,89,1570
199,W1,SKU_E,605,0,0,526
199,W2,SKU_A,860,0,0,1535
199,W2,SKU_B,481,0,0,0
199,W2,SKU_C,1343,0,0,0
199,W2,SKU_D,836,0,0,0
199,W2,SKU_E,951,0,0,663
199,R1,SKU_A,1125,0,0,0
199,R1,SKU_B,431,0,0,119
199,R1,SKU_C,347,0,0,0
199,R1,SKU_D,176,0,0,413
199,R1,SKU_E,220,0,0,119
199,R2,SKU_A,470,0,0,466
199,R2,SKU_B,2,0,0,208
199,R2,SKU_C,261,0,0,356
199,R2,SKU_D,127,0,0,138
199,R2,SKU_E,285,0,0,155
199,R3,SKU_A,2472,0,0,776
199,R3,SKU_B,249,0,0,258
199,R3,SKU_C,1491,0,0,399
199,R3,SKU_D,722,0,0,483
199,R3,SKU_E,411,0,0,0
200,Supplier,SKU_A,0,0,0,0
200,Supplier,SKU_B,0,0,0,0
200,Supplier,SKU_C,0,0,0,0
200,Supplier,SKU_D,0,0,0,0
200,Supplier,SKU_E,0,0,0,0
200,W1,SKU_A,1881,0,0,1980
200,W1,SKU_B,467,0,0,474
200,W1,SKU_C,1869,0,0,820
200,W1,SKU_D,1481,0,0,0
200,W1,SKU_E,971,0,0,475
200,W2,SKU_A,2395,0,0,0
200,W2,SKU_B,348,0,0,0
200,W2,SKU_C,969,0,0,0
200,W2,SKU_D,836,0,0,0
200,W2,SKU_E,1614,0,0,0
200,R1,SKU_A,983,0,0,0
200,R1,SKU_B,508,0,0,0
200,R1,SKU_C,270,0,0,0
200,R1,SKU_D,545,0,0,0
200,R1,SKU_E,312,0,0,0
200,R2,SKU_A,380,0,0,466
200,R2,SKU_B,0,40,0,208
200,R2,SKU_C,224,0,0,356
200,R2,SKU_D,74,0,0,138
200,R2,SKU_E,251,0,0,155
200,R3,SKU_A,2300,0,0,776
200,R3,SKU_B,335,0,0,128
200,R3,SKU_C,1806,0,0,0
200,R3,SKU_D,1114,0,0,0
200,R3,SKU_E,328,0,0,0
201,Supplier,SKU_A,0,0,0,0
201,Supplier,SKU_B,0,0,0,0
201,Supplier,SKU_C,0,0,0,0
201,Supplier,SKU_D,0,0,0,0
201,Supplier,SKU_E,0,0,0,0
201,W1,SKU_A,1388,0,0,1980
201,W1,SKU_B,467,0,0,474
201,W1,SKU_C,1869,0,0,820
201,W1,SKU_D,1481,0,0,0
201,W1,SKU_E,971,0,0,475
201,W2,SKU_A,2395,0,0,0
201,W2,SKU_B,348,0,0,718
201,W2,SKU_C,969,0,0,0
201,W2,SKU_D,836,0,0,0
201,W2,SKU_E,908,0,0,0
201,R1,SKU_A,838,0,0,0
201,R1,SKU_B,459,0,0,103
201,R1,SKU_C,185,0,0,437
201,R1,SKU_D,489,0,0,0
201,R1,SKU_E,257,0,0,84
201,R2,SKU_A,744,0,0,0
201,R2,SKU_B,112,0,0,0
201,R2,SKU_C,528,0,0,0
201,R2,SKU_D,166,0,0,0
201,R2,SKU_E,359,0,0,0
201,R3,SKU_A,2090,0,0,776
201,R3,SKU_B,288,0,0,261
201,R3,SKU_C,1711,0,0,374
201,R3,SKU_D,1005,0,0,0
201,R3,SKU_E,243,0,0,706
202,Supplier,SKU_A,0,0,0,0
202,Supplier,SKU_B,0,0,0,0
202,Supplier,SKU_C,0,0,0,0
202,Supplier,SKU_D,0,0,0,0
202,Supplier,SKU_E,0,0,0,0
202,W1,SKU_A,3368,0,0,0
202,W1,SKU_B,429,0,0,208
202,W1,SKU_C,2689,0,0,0
202,W1,SKU_D,1289,0,0,0
202,W1,SKU_E,842,0,0,475
202,W2,SKU_A,1502,0,0,0
202,W2,SKU_B,257,0,0,718
202,W2,SKU_C,969,0,0,0
202,W2,SKU_D,836,0,0,0
202,W2,SKU_E,908,0,0,706
202,R1,SKU_A,643,0,0,0
202,R1,SKU_B,355,0,0,103
202,R1,SKU_C,30,0,0,437
202,R1,SKU_D,398,0,0,0
202,R1,SKU_E,187,0,0,84
202,R2,SKU_A,618,0,0,493
202,R2,SKU_B,48,0,0,213
202,R2,SKU_C,465,0,0,0
202,R2,SKU_D,113,0,0,281
202,R2,SKU_E,309,0,0,160
202,R3,SKU_A,1854,0,0,776
202,R3,SKU_B,198,0,0,261
202,R3,SKU_C,1561,0,0,374
202,R3,SKU_D,886,0,0,0
202,R3,SKU_E,143,0,0,706
203,Supplier,SKU_A,0,0,0,0
203,Supplier,SKU_B,0,0,0,0
203,Supplier,SKU_C,0,0,0,0
203,Supplier,SKU_D,0,0,0,0
203,Supplier,SKU_E,0,0,0,0
203,W1,SKU_A,2295,0,0,0
203,W1,SKU_B,325,0,0,734
203,W1,SKU_C,2341,0,0,0
203,W1,SKU_D,1289,0,0,0
203,W1,SKU_E,711,0,0,475
203,W2,SKU_A,1502,0,0,1669
203,W2,SKU_B,167,0,0,718
203,W2,SKU_C,640,0,0,0
203,W2,SKU_D,836,0,0,0
203,W2,SKU_E,908,0,0,706
203,R1,SKU_A,455,0,0,1073
203,R1,SKU_B,371,0,0,195
203,R1,SKU_C,343,0,0,0
203,R1,SKU_D,325,0,0,0
203,R1,SKU_E,210,0,0,129
203,R2,SKU_A,471,0,0,493
203,R2,SKU_B,0,17,0,213
203,R2,SKU_C,406,0,0,0
203,R2,SKU_D,42,0,0,281
203,R2,SKU_E,247,0,0,160
203,R3,SKU_A,2397,0,0,893
203,R3,SKU_B,250,0,0,314
203,R3,SKU_C,1437,0,0,703
203,R3,SKU_D,794,0,0,0
203,R3,SKU_E,32,0,0,706
204,Supplier,SKU_A,0,0,0,0
204,Supplier,SKU_B,0,0,0,0
204,Supplier,SKU_C,0,0,0,0
204,Supplier,SKU_D,0,0,0,0
204,Supplier,SKU_E,0,0,0,0
204,W1,SKU_A,2295,0,0,0
204,W1,SKU_B,325,0,0,734
204,W1,SKU_C,1794,0,0,0
204,W1,SKU_D,855,0,0,0
204,W1,SKU_E,580,0,0,475
204,W2,SKU_A,1502,0,0,1669
204,W2,SKU_B,167,0,0,718
204,W2,SKU_C,640,0,0,2217
204,W2,SKU_D,0,0,518,0
204,W2,SKU_E,908,0,0,706
204,R1,SKU_A,336,0,0,1073
204,R1,SKU_B,330,0,0,195
204,R1,SKU_C,261,0,0,547
204,R1,SKU_D,270,0,0,434
204,R1,SKU_E,164,0,0,260
204,R2,SKU_A,382,0,0,493
204,R2,SKU_B,0,50,0,213
204,R2,SKU_C,362,0,0,0
204,R2,SKU_D,0,19,0,281
204,R2,SKU_E,209,0,0,160
204,R3,SKU_A,2246,0,0,893
204,R3,SKU_B,212,0,0,314
204,R3,SKU_C,1355,0,0,703
204,R3,SKU_D,701,0,0,836
204,R3,SKU_E,0,39,0,706
205,Supplier,SKU_A,0,0,0,0
205,Supplier,SKU_B,0,0,0,0
205,Supplier,SKU_C,0,0,0,0
205,Supplier,SKU_D,0,0,0,0
205,Supplier,SKU_E,0,0,0,0
205,W1,SKU_A,1831,0,0,0
205,W1,SKU_B,405,0,0,526
205,W1,SKU_C,1794,0,0,0
205,W1,SKU_D,855,0,0,0
205,W1,SKU_E,1055,0,0,0
205,W2,SKU_A,1502,0,0,1669
205,W2,SKU_B,53,0,0,718
205,W2,SKU_C,640,0,0,2217
205,W2,SKU_D,0,0,518,1354
205,W2,SKU_E,908,0,0,706
205,R1,SKU_A,1286,0,0,0
205,R1,SKU_B,478,0,0,0
205,R1,SKU_C,184,0,0,547
205,R1,SKU_D,225,0,0,434
205,R1,SKU_E,259,0,0,131
205,R2,SKU_A,782,0,0,464
205,R2,SKU_B,127,0,0,0
205,R2,SKU_C,321,0,0,348
205,R2,SKU_D,231,0,0,0
205,R2,SKU_E,326,0,0,131
205,R3,SKU_A,2118,0,0,893
205,R3,SKU_B,309,0,0,181
205,R3,SKU_C,1669,0,0,329
205,R3,SKU_D,639,0,0,836
205,R3,SKU_E,593,0,0,0
206,Supplier,SKU_A,0,0,0,0
206,Supplier,SKU_B,0,0,0,0
206,Supplier,SKU_C,0,0,0,0
206,Supplier,SKU_D,0,0,0,0
206,Supplier,SKU_E,0,0,0,0
206,W1,SKU_A,1831,0,0,2030
206,W1,SKU_B,207,0,0,758
206,W1,SKU_C,1794,0,0,785
206,W1,SKU_D,639,0,0,0
206,W1,SKU_E,832,0,0,551
206,W2,SKU_A,754,0,0,1669
206,W2,SKU_B,53,0,0,718
206,W2,SKU_C,640,0,0,2217
206,W2,SKU_D,0,0,518,1354
206,W2,SKU_E,908,0,0,706
206,R1,SKU_A,1148,0,0,0
206,R1,SKU_B,434,0,0,0
206,R1,SKU_C,654,0,0,0
206,R1,SKU_D,601,0,0,0
206,R1,SKU_E,349,0,0,0
206,R2,SKU_A,704,0,0,464
206,R2,SKU_B,108,0,0,0
206,R2,SKU_C,291,0,0,348
206,R2,SKU_D,199,0,0,0
206,R2,SKU_E,288,0,0,131
206,R3,SKU_A,1937,0,0,893
206,R3,SKU_B,272,0,0,181
206,R3,SKU_C,1603,0,0,329
206,R3,SKU_D,567,0,0,836
206,R3,SKU_E,529,0,0,0
207,Supplier,SKU_A,0,0,0,0
207,Supplier,SKU_B,0,0,0,0
207,Supplier,SKU_C,0,0,0,0
207,Supplier,SKU_D,0,0,0,0
207,Supplier,SKU_E,0,0,0,0
207,W1,SKU_A,1831,0,0,2030
207,W1,SKU_B,116,0,0,956
207,W1,SKU_C,1794,0,0,785
207,W1,SKU_D,639,0,0,1482
207,W1,SKU_E,832,0,0,551
207,W2,SKU_A,754,0,0,1669
207,W2,SKU_B,771,0,0,0
207,W2,SKU_C,308,0,0,2217
207,W2,SKU_D,0,0,518,1354
207,W2,SKU_E,908,0,0,706
207,R1,SKU_A,1045,0,0,0
207,R1,SKU_B,366,0,0,219
207,R1,SKU_C,587,0,0,0
207,R1,SKU_D,549,0,0,0
207,R1,SKU_E,309,0,0,80
207,R2,SKU_A,614,0,0,464
207,R2,SKU_B,79,0,0,0
207,R2,SKU_C,240,0,0,348
207,R2,SKU_D,157,0,0,0
207,R2,SKU_E,255,0,0,131
207,R3,SKU_A,2654,0,0,748
207,R3,SKU_B,401,0,0,114
207,R3,SKU_C,1849,0,0,332
207,R3,SKU_D,480,0,0,836
207,R3,SKU_E,450,0,0,0
208,Supplier,SKU_A,0,0,0,0
208,Supplier,SKU_B,0,0,0,0
208,Supplier,SKU_C,0,0,0,0
208,Supplier,SKU_D,0,0,0,0
208,Supplier,SKU_E,0,0,0,0
208,W1,SKU_A,1831,0,0,2030
208,W1,SKU_B,642,0,0,430
208,W1,SKU_C,1794,0,0,785
208,W1,SKU_D,639,0,0,1482
208,W1,SKU_E,751,0,0,551
208,W2,SKU_A,754,0,0,1669
208,W2,SKU_B,646,0,0,0
208,W2,SKU_C,308,0,0,2217
208,W2,SKU_D,0,0,518,1354
208,W2,SKU_E,1614,0,0,0
208,R1,SKU_A,892,0,0,0
208,R1,SKU_B,290,0,0,219
208,R1,SKU_C,493,0,0,0
208,R1,SKU_D,482,0,0,0
208,R1,SKU_E,247,0,0,80
208,R2,SKU_A,989,0,0,0
208,R2,SKU_B,33,0,0,198
208,R2,SKU_C,562,0,0,0
208,R2,SKU_D,112,0,0,216
208,R2,SKU_E,325,0,0,143
208,R3,SKU_A,2443,0,0,748
208,R3,SKU_B,336,0,0,114
208,R3,SKU_C,1734,0,0,332
208,R3,SKU_D,1241,0,0,0
208,R3,SKU_E,344,0,0,0
209,Supplier,SKU_A,0,0,0,0
209,Supplier,SKU_B,0,0,0,0
209,Supplier,SKU_C,0,0,0,0
209,Supplier,SKU_D,0,0,0,0
209,Supplier,SKU_E,0,0,0,0
209,W1,SKU_A,1831,0,0,2030
209,W1,SKU_B,498,0,0,430
209,W1,SKU_C,1794,0,0,785
209,W1,SKU_D,639,0,0,1482
209,W1,SKU_E,619,0,0,551
209,W2,SKU_A,2423,0,0,0
209,W2,SKU_B,646,0,0,0
209,W2,SKU_C,308,0,0,2217
209,W2,SKU_D,0,0,518,1354
209,W2,SKU_E,924,0,0,0
209,R1,SKU_A,695,0,0,0
209,R1,SKU_B,388,0,0,0
209,R1,SKU_C,338,0,0,0
209,R1,SKU_D,404,0,0,0
209,R1,SKU_E,269,0,0,0
209,R2,SKU_A,851,0,0,0
209,R2,SKU_B,0,17,0,198
209,R2,SKU_C,512,0,0,0
209,R2,SKU_D,50,0,0,216
209,R2,SKU_E,272,0,0,143
209,R3,SKU_A,2200,0,0,748
209,R3,SKU_B,290,0,0,239
209,R3,SKU_C,1609,0,0,332
209,R3,SKU_D,1139,0,0,0
209,R3,SKU_E,246,0,0,690
210,Supplier,SKU_A,0,0,0,0
210,Supplier,SKU_B,0,0,0,0
210,Supplier,SKU_C,0,0,0,0
210,Supplier,SKU_D,0,0,0,0
210,Supplier,SKU_E,0,0,0,0
210,W1,SKU_A,322,0,0,2030
210,W1,SKU_B,377,0,0,430
210,W1,SKU_C,1242,0,0,785
210,W1,SKU_D,639,0,0,1482
210,W1,SKU_E,499,0,0,551
210,W2,SKU_A,1612,0,0,0
210,W2,SKU_B,535,0,0,0
210,W2,SKU_C,2202,0,0,0
210,W2,SKU_D,0,0,518,1354
210,W2,SKU_E,924,0,0,690
210,R1,SKU_A,464,0,0,1021
210,R1,SKU_B,297,0,0,265
210,R1,SKU_C,196,0,0,552
210,R1,SKU_D,310,0,0,0
210,R1,SKU_E,197,0,0,201
210,R2,SKU_A,719,0,0,0
210,R2,SKU_B,0,76,0,198
210,R2,SKU_C,435,0,0,0
210,R2,SKU_D,0,7,0,216
210,R2,SKU_E,234,0,0,143
210,R3,SKU_A,1950,0,0,748
210,R3,SKU_B,230,0,0,239
210,R3,SKU_C,1487,0,0,332
210,R3,SKU_D,1041,0,0,0
210,R3,SKU_E,172,0,0,690
211,Supplier,SKU_A,0,0,0,0
211,Supplier,SKU_B,0,0,0,0
211,Supplier,SKU_C,0,0,0,0
211,Supplier,SKU_D,0,0,0,0
211,Supplier,SKU_E,0,0,0,0
211,W1,SKU_A,2352,0,0,0
211,W1,SKU_B,315,0,0,433
211,W1,SKU_C,1649,0,0,1099
211,W1,SKU_D,0,0,48,1482
211,W1,SKU_E,1050,0,0,556
211,W2,SKU_A,1612,0,0,1559
211,W2,SKU_B,535,0,0,0
211,W2,SKU_C,2202,0,0,0
211,W2,SKU_D,1354,0,518,0
211,W2,SKU_E,924,0,0,690
211,R1,SKU_A,331,0,0,1021
211,R1,SKU_B,245,0,0,265
211,R1,SKU_C,107,0,0,552
211,R1,SKU_D,234,0,0,0
211,R1,SKU_E,162,0,0,201
211,R2,SKU_A,616,0,0,488
211,R2,SKU_B,88,0,0,203
211,R2,SKU_C,398,0,0,378
211,R2,SKU_D,170,0,0,190
211,R2,SKU_E,338,0,0,132
211,R3,SKU_A,2527,0,0,0
211,R3,SKU_B,300,0,0,125
211,R3,SKU_C,1717,0,0,0
211,R3,SKU_D,940,0,0,0
211,R3,SKU_E,113,0,0,690
212,Supplier,SKU_A,0,0,0,0
212,Supplier,SKU_B,0,0,0,0
212,Supplier,SKU_C,0,0,0,0
212,Supplier,SKU_D,0,0,0,0
212,Supplier,SKU_E,0,0,0,0
212,W1,SKU_A,2352,0,0,0
212,W1,SKU_B,513,0,0,235
212,W1,SKU_C,1649,0,0,1099
212,W1,SKU_D,1434,0,0,0
212,W1,SKU_E,943,0,0,556
212,W2,SKU_A,1612,0,0,1559
212,W2,SKU_B,431,0,0,0
212,W2,SKU_C,2202,0,0,0
212,W2,SKU_D,836,0,0,0
212,W2,SKU_E,924,0,0,690
212,R1,SKU_A,1203,0,0,0
212,R1,SKU_B,452,0,0,91
212,R1,SKU_C,562,0,0,0
212,R1,SKU_D,169,0,0,449
212,R1,SKU_E,323,0,0,107
212,R2,SKU_A,517,0,0,488
212,R2,SKU_B,47,0,0,203
212,R2,SKU_C,355,0,0,378
212,R2,SKU_D,121,0,0,190
212,R2,SKU_E,293,0,0,132
212,R3,SKU_A,2333,0,0,811
212,R3,SKU_B,246,0,0,340
212,R3,SKU_C,1624,0,0,323
212,R3,SKU_D,833,0,0,518
212,R3,SKU_E,24,0,0,690
213,Supplier,SKU_A,0,0,0,0
213,Supplier,SKU_B,0,0,0,0
213,Supplier,SKU_C,0,0,0,0
213,Supplier,SKU_D,0,0,0,0
213,Supplier,SKU_E,0,0,0,0
213,W1,SKU_A,2352,0,0,0
213,W1,SKU_B,403,0,0,235
213,W1,SKU_C,1649,0,0,1099
213,W1,SKU_D,1434,0,0,0
213,W1,SKU_E,768,0,0,556
213,W2,SKU_A,1612,0,0,1559
213,W2,SKU_B,431,0,0,0
213,W2,SKU_C,2202,0,0,0
213,W2,SKU_D,836,0,0,0
213,W2,SKU_E,924,0,0,690
213,R1,SKU_A,1027,0,0,0
213,R1,SKU_B,387,0,0,91
213,R1,SKU_C,458,0,0,0
213,R1,SKU_D,90,0,0,449
213,R1,SKU_E,275,0,0,107
213,R2,SKU_A,424,0,0,488
213,R2,SKU_B,0,0,0,203
213,R2,SKU_C,304,0,0,378
213,R2,SKU_D,80,0,0,190
213,R2,SKU_E,232,0,0,132
213,R3,SKU_A,2086,0,0,811
213,R3,SKU_B,292,0,0,215
213,R3,SKU_C,1483,0,0,323
213,R3,SKU_D,684,0,0,518
213,R3,SKU_E,619,0,0,0
214,Supplier,SKU_A,0,0,0,0
214,Supplier,SKU_B,0,0,0,0
214,Supplier,SKU_C,0,0,0,0
214,Supplier,SKU_D,0,0,0,0
214,Supplier,SKU_E,0,0,0,0
214,W1,SKU_A,2352,0,0,0
214,W1,SKU_B,403,0,0,650
214,W1,SKU_C,1217,0,0,1099
214,W1,SKU_D,1434,0,0,0
214,W1,SKU_E,680,0,0,556
214,W2,SKU_A,750,0,0,1559
214,W2,SKU_B,298,0,0,0
214,W2,SKU_C,1744,0,0,0
214,W2,SKU_D,836,0,0,0
214,W2,SKU_E,924,0,0,690
214,R1,SKU_A,809,0,0,0
214,R1,SKU_B,374,0,0,0
214,R1,SKU_C,281,0,0,0
214,R1,SKU_D,426,0,0,0
214,R1,SKU_E,275,0,0,0
214,R2,SKU_A,776,0,0,0
214,R2,SKU_B,131,0,0,0
214,R2,SKU_C,583,0,0,0
214,R2,SKU_D,186,0,0,48
214,R2,SKU_E,307,0,0,175
214,R3,SKU_A,1784,0,0,1673
214,R3,SKU_B,216,0,0,348
214,R3,SKU_C,1282,0,0,781
214,R3,SKU_D,515,0,0,518
214,R3,SKU_E,486,0,0,0
215,Supplier,SKU_A,0,0,0,0
215,Supplier,SKU_B,0,0,0,0
215,Supplier,SKU_C,0,0,0,0
215,Supplier,SKU_D,0,0,0,0
215,Supplier,SKU_E,0,0,0,0
215,W1,SKU_A,882,0,0,0
215,W1,SKU_B,40,0,0,650
215,W1,SKU_C,1217,0,0,1099
215,W1,SKU_D,1221,0,0,0
215,W1,SKU_E,573,0,0,556
215,W2,SKU_A,750,0,0,1559
215,W2,SKU_B,298,0,0,768
215,W2,SKU_C,1744,0,0,0
215,W2,SKU_D,836,0,0,0
215,W2,SKU_E,924,0,0,690
215,R1,SKU_A,557,0,0,907
215,R1,SKU_B,295,0,0,279
215,R1,SKU_C,154,0,0,432
215,R1,SKU_D,323,0,0,0
215,R1,SKU_E,196,0,0,195
215,R2,SKU_A,662,0,0,0
215,R2,SKU_B,74,0,0,0
215,R2,SKU_C,507,0,0,0
215,R2,SKU_D,143,0,0,48
215,R2,SKU_E,262,0,0,175
215,R3,SKU_A,1521,0,0,1673
215,R3,SKU_B,130,0,0,348
215,R3,SKU_C,1151,0,0,781
215,R3,SKU_D,384,0,0,518
215,R3,SKU_E,366,0,0,0
216,Supplier,SKU_A,0,0,0,0
216,Supplier,SKU_B,0,0,0,0
216,Supplier,SKU_C,0,0,0,0
216,Supplier,SKU_D,0,0,0,0
216,Supplier,SKU_E,0,0,0,0
216,W1,SKU_A,882,0,0,2979
216,W1,SKU_B,275,0,0,888
216,W1,SKU_C,2316,0,0,810
216,W1,SKU_D,785,0,0,0
216,W1,SKU_E,887,0,0,477
216,W2,SKU_A,750,0,0,1559
216,W2,SKU_B,136,0,0,768
216,W2,SKU_C,1412,0,0,0
216,W2,SKU_D,836,0,0,0
216,W2,SKU_E,946,0,0,0
216,R1,SKU_A,397,0,0,907
216,R1,SKU_B,207,0,0,279
216,R1,SKU_C,41,0,0,432
216,R1,SKU_D,253,0,0,0
216,R1,SKU_E,139,0,0,195
216,R2,SKU_A,581,0,0,0
216,R2,SKU_B,25,0,0,0
216,R2,SKU_C,445,0,0,0
216,R2,SKU_D,102,0,0,48
216,R2,SKU_E,227,0,0,175
216,R3,SKU_A,2118,0,0,862
216,R3,SKU_B,279,0,0,295
216,R3,SKU_C,1382,0,0,790
216,R3,SKU_D,796,0,0,0
216,R3,SKU_E,281,0,0,668
217,Supplier,SKU_A,0,0,0,0
217,Supplier,SKU_B,0,0,0,0
217,Supplier,SKU_C,0,0,0,0
217,Supplier,SKU_D,0,0,0,0
217,Supplier,SKU_E,0,0,0,0
217,W1,SKU_A,882,0,0,2979
217,W1,SKU_B,108,0,0,888
217,W1,SKU_C,1948,0,0,810
217,W1,SKU_D,785,0,0,0
217,W1,SKU_E,887,0,0,477
217,W2,SKU_A,1530,0,0,0
217,W2,SKU_B,136,0,0,768
217,W2,SKU_C,1412,0,0,0
217,W2,SKU_D,0,0,516,0
217,W2,SKU_E,946,0,0,668
217,R1,SKU_A,1102,0,0,0
217,R1,SKU_B,418,0,0,167
217,R1,SKU_C,330,0,0,0
217,R1,SKU_D,173,0,0,436
217,R1,SKU_E,276,0,0,79
217,R2,SKU_A,465,0,0,563
217,R2,SKU_B,0,20,0,194
217,R2,SKU_C,389,0,0,368
217,R2,SKU_D,115,0,0,213
217,R2,SKU_E,365,0,0,163
217,R3,SKU_A,1918,0,0,1641
217,R3,SKU_B,236,0,0,295
217,R3,SKU_C,1276,0,0,790
217,R3,SKU_D,721,0,0,836
217,R3,SKU_E,211,0,0,668
218,Supplier,SKU_A,0,0,0,0
218,Supplier,SKU_B,0,0,0,0
218,Supplier,SKU_C,0,0,0,0
218,Supplier,SKU_D,0,0,0,0
218,Supplier,SKU_E,0,0,0,0
218,W1,SKU_A,882,0,0,2979
218,W1,SKU_B,108,0,0,888
218,W1,SKU_C,1388,0,0,810
218,W1,SKU_D,785,0,0,0
218,W1,SKU_E,772,0,0,477
218,W2,SKU_A,1530,0,0,1641
218,W2,SKU_B,27,0,0,768
218,W2,SKU_C,1412,0,0,0
218,W2,SKU_D,0,0,516,1352
218,W2,SKU_E,946,0,0,668
218,R1,SKU_A,996,0,0,0
218,R1,SKU_B,376,0,0,167
218,R1,SKU_C,248,0,0,0
218,R1,SKU_D,130,0,0,436
218,R1,SKU_E,232,0,0,79
218,R2,SKU_A,375,0,0,563
218,R2,SKU_B,0,55,0,194
218,R2,SKU_C,343,0,0,368
218,R2,SKU_D,83,0,0,213
218,R2,SKU_E,328,0,0,163
218,R3,SKU_A,2644,0,0,779
218,R3,SKU_B,328,0,0,162
218,R3,SKU_C,1660,0,0,332
218,R3,SKU_D,644,0,0,836
218,R3,SKU_E,154,0,0,668
219,Supplier,SKU_A,0,0,0,0
219,Supplier,SKU_B,0,0,0,0
219,Supplier,SKU_C,0,0,0,0
219,Supplier,SKU_D,0,0,0,0
219,Supplier,SKU_E,0,0,0,0
219,W1,SKU_A,882,0,0,2979
219,W1,SKU_B,227,0,0,473
219,W1,SKU_C,1388,0,0,810
219,W1,SKU_D,785,0,0,0
219,W1,SKU_E,772,0,0,477
219,W2,SKU_A,1530,0,0,1641
219,W2,SKU_B,27,0,0,768
219,W2,SKU_C,1412,0,0,0
219,W2,SKU_D,0,0,516,1352
219,W2,SKU_E,946,0,0,668
219,R1,SKU_A,847,0,0,0
219,R1,SKU_B,505,0,0,110
219,R1,SKU_C,148,0,0,560
219,R1,SKU_D,500,0,0,0
219,R1,SKU_E,274,0,0,115
219,R2,SKU_A,291,0,0,563
219,R2,SKU_B,0,102,0,194
219,R2,SKU_C,311,0,0,368
219,R2,SKU_D,21,0,0,213
219,R2,SKU_E,295,0,0,163
219,R3,SKU_A,2464,0,0,779
219,R3,SKU_B,280,0,0,162
219,R3,SKU_C,1579,0,0,332
219,R3,SKU_D,570,0,0,836
219,R3,SKU_E,68,0,0,668
220,Supplier,SKU_A,0,0,0,0
220,Supplier,SKU_B,0,0,0,0
220,Supplier,SKU_C,0,0,0,0
220,Supplier,SKU_D,0,0,0,0
220,Supplier,SKU_E,0,0,0,0
220,W1,SKU_A,397,0,0,2979
220,W1,SKU_B,227,0,0,473
220,W1,SKU_C,1388,0,0,810
220,W1,SKU_D,572,0,0,0
220,W1,SKU_E,549,0,0,477
220,W2,SKU_A,1530,0,0,1641
220,W2,SKU_B,0,0,62,768
220,W2,SKU_C,1059,0,0,0
220,W2,SKU_D,0,0,516,1352
220,W2,SKU_E,946,0,0,668
220,R1,SKU_A,719,0,0,0
220,R1,SKU_B,451,0,0,110
220,R1,SKU_C,58,0,0,560
220,R1,SKU_D,441,0,0,0
220,R1,SKU_E,238,0,0,115
220,R2,SKU_A,778,0,0,0
220,R2,SKU_B,48,0,0,0
220,R2,SKU_C,640,0,0,0
220,R2,SKU_D,191,0,0,0
220,R2,SKU_E,420,0,0,0
220,R3,SKU_A,2309,0,0,779
220,R3,SKU_B,388,0,0,136
220,R3,SKU_C,1825,0,0,353
220,R3,SKU_D,480,0,0,836
220,R3,SKU_E,658,0,0,0
221,Supplier,SKU_A,0,0,0,0
221,Supplier,SKU_B,0,0,0,0
221,Supplier,SKU_C,0,0,0,0
221,Supplier,SKU_D,0,0,0,0
221,Supplier,SKU_E,0,0,0,0
221,W1,SKU_A,2379,0,0,0
221,W1,SKU_B,608,0,0,463
221,W1,SKU_C,2198,0,0,928
221,W1,SKU_D,572,0,0,1549
221,W1,SKU_E,1026,0,0,580
221,W2,SKU_A,1530,0,0,1641
221,W2,SKU_B,768,0,62,0
221,W2,SKU_C,1059,0,0,0
221,W2,SKU_D,0,0,516,1352
221,W2,SKU_E,946,0,0,668
221,R1,SKU_A,605,0,0,997
221,R1,SKU_B,517,0,0,92
221,R1,SKU_C,533,0,0,0
221,R1,SKU_D,371,0,0,0
221,R1,SKU_E,314,0,0,81
221,R2,SKU_A,684,0,0,485
221,R2,SKU_B,15,0,0,186
221,R2,SKU_C,592,0,0,0
221,R2,SKU_D,135,0,0,213
221,R2,SKU_E,374,0,0,142
221,R3,SKU_A,2869,0,0,0
221,R3,SKU_B,335,0,0,136
221,R3,SKU_C,1721,0,0,353
221,R3,SKU_D,1208,0,0,0
221,R3,SKU_E,562,0,0,0
222,Supplier,SKU_A,0,0,0,0
222,Supplier,SKU_B,0,0,0,0
222,Supplier,SKU_C,0,0,0,0
222,Supplier,SKU_D,0,0,0,0
222,Supplier,SKU_E,0,0,0,0
222,W1,SKU_A,2379,0,0,0
222,W1,SKU_B,608,0,0,463
222,W1,SKU_C,2198,0,0,928
222,W1,SKU_D,572,0,0,1549
222,W1,SKU_E,1026,0,0,580
222,W2,SKU_A,640,0,0,1641
222,W2,SKU_B,599,0,0,0
222,W2,SKU_C,1059,0,0,0
222,W2,SKU_D,0,0,516,1352
222,W2,SKU_E,946,0,0,668
222,R1,SKU_A,459,0,0,997
222,R1,SKU_B,455,0,0,92
222,R1,SKU_C,418,0,0,0
222,R1,SKU_D,304,0,0,0
222,R1,SKU_E,254,0,0,81
222,R2,SKU_A,572,0,0,485
222,R2,SKU_B,0,40,0,186
222,R2,SKU_C,557,0,0,0
222,R2,SKU_D,75,0,0,213
222,R2,SKU_E,319,0,0,142
222,R3,SKU_A,2639,0,0,0
222,R3,SKU_B,286,0,0,136
222,R3,SKU_C,1611,0,0,353
222,R3,SKU_D,1105,0,0,0
222,R3,SKU_E,462,0,0,0
223,Supplier,SKU_A,0,0,0,0
223,Supplier,SKU_B,0,0,0,0
223,Supplier,SKU_C,0,0,0,0
223,Supplier,SKU_D,0,0,0,0
223,Supplier,SKU_E,0,0,0,0
223,W1,SKU_A,2379,0,0,0
223,W1,SKU_B,502,0,0,463
223,W1,SKU_C,1726,0,0,928
223,W1,SKU_D,117,0,0,1549
223,W1,SKU_E,752,0,0,580
223,W2,SKU_A,640,0,0,1641
223,W2,SKU_B,599,0,0,0
223,W2,SKU_C,1059,0,0,0
223,W2,SKU_D,0,0,516,1352
223,W2,SKU_E,1614,0,0,0
223,R1,SKU_A,1204,0,0,0
223,R1,SKU_B,446,0,0,106
223,R1,SKU_C,244,0,0,472
223,R1,SKU_D,222,0,0,455
223,R1,SKU_E,254,0,0,135
223,R2,SKU_A,457,0,0,485
223,R2,SKU_B,0,93,0,186
223,R2,SKU_C,503,0,0,0
223,R2,SKU_D,19,0,0,213
223,R2,SKU_E,253,0,0,142
223,R3,SKU_A,2343,0,0,0
223,R3,SKU_B,217,0,0,136
223,R3,SKU_C,1439,0,0,353
223,R3,SKU_D,934,0,0,0
223,R3,SKU_E,335,0,0,0
224,Supplier,SKU_A,0,0,0,0
224,Supplier,SKU_B,0,0,0,0
224,Supplier,SKU_C,0,0,0,0
224,Supplier,SKU_D,0,0,0,0
224,Supplier,SKU_E,0,0,0,0
224,W1,SKU_A,2379,0,0,0
224,W1,SKU_B,169,0,0,463
224,W1,SKU_C,1726,0,0,928
224,W1,SKU_D,0,0,98,1549
224,W1,SKU_E,671,0,0,580
224,W2,SKU_A,2281,0,0,0
224,W2,SKU_B,481,0,0,0
224,W2,SKU_C,587,0,0,0
224,W2,SKU_D,836,0,0,0
224,W2,SKU_E,915,0,0,0
224,R1,SKU_A,940,0,0,0
224,R1,SKU_B,364,0,0,106
224,R1,SKU_C,100,0,0,472
224,R1,SKU_D,140,0,0,455
224,R1,SKU_E,199,0,0,135
224,R2,SKU_A,802,0,0,0
224,R2,SKU_B,32,0,0,0
224,R2,SKU_C,427,0,0,0
224,R2,SKU_D,177,0,0,0
224,R2,SKU_E,325,0,0,0
224,R3,SKU_A,2082,0,0,890
224,R3,SKU_B,292,0,0,287
224,R3,SKU_C,1637,0,0,472
224,R3,SKU_D,840,0,0,516
224,R3,SKU_E,235,0,0,699
225,Supplier,SKU_A,0,0,0,0
225,Supplier,SKU_B,0,0,0,0
225,Supplier,SKU_C,0,0,0,0
225,Supplier,SKU_D,0,0,0,0
225,Supplier,SKU_E,0,0,0,0
225,W1,SKU_A,1842,0,0,0
225,W1,SKU_B,169,0,0,463
225,W1,SKU_C,1340,0,0,928
225,W1,SKU_D,0,0,98,1549
225,W1,SKU_E,535,0,0,580
225,W2,SKU_A,1494,0,0,0
225,W2,SKU_B,481,0,0,0
225,W2,SKU_C,587,0,0,2270
225,W2,SKU_D,836,0,0,0
225,W2,SKU_E,915,0,0,699
225,R1,SKU_A,831,0,0,0
225,R1,SKU_B,433,0,0,0
225,R1,SKU_C,473,0,0,0
225,R1,SKU_D,539,0,0,0
225,R1,SKU_E,290,0,0,0
225,R2,SKU_A,708,0,0,537
225,R2,SKU_B,0,11,0,232
225,R2,SKU_C,380,0,0,386
225,R2,SKU_D,129,0,0,117
225,R2,SKU_E,280,0,0,275
225,R3,SKU_A,1903,0,0,890
225,R3,SKU_B,240,0,0,287
225,R3,SKU_C,1526,0,0,472
225,R3,SKU_D,757,0,0,516
225,R3,SKU_E,161,0,0,699
226,Supplier,SKU_A,0,0,0,0
226,Supplier,SKU_B,0,0,0,0
226,Supplier,SKU_C,0,0,0,0
226,Supplier,SKU_D,0,0,0,0
226,Supplier,SKU_E,0,0,0,0
226,W1,SKU_A,1842,0,0,2019
226,W1,SKU_B,513,0,0,531
226,W1,SKU_C,2268,0,0,858
226,W1,SKU_D,1451,0,0,0
226,W1,SKU_E,1016,0,0,491
226,W2,SKU_A,1494,0,0,1677
226,W2,SKU_B,368,0,0,0
226,W2,SKU_C,587,0,0,2270
226,W2,SKU_D,836,0,0,0
226,W2,SKU_E,915,0,0,699
226,R1,SKU_A,689,0,0,0
226,R1,SKU_B,387,0,0,220
226,R1,SKU_C,401,0,0,0
226,R1,SKU_D,489,0,0,0
226,R1,SKU_E,257,0,0,180
226,R2,SKU_A,607,0,0,537
226,R2,SKU_B,0,55,0,232
226,R2,SKU_C,333,0,0,386
226,R2,SKU_D,65,0,0,117
226,R2,SKU_E,225,0,0,275
226,R3,SKU_A,1728,0,0,890
226,R3,SKU_B,197,0,0,287
226,R3,SKU_C,1441,0,0,472
226,R3,SKU_D,657,0,0,516
226,R3,SKU_E,64,0,0,699
227,Supplier,SKU_A,0,0,0,0
227,Supplier,SKU_B,0,0,0,0
227,Supplier,SKU_C,0,0,0,0
227,Supplier,SKU_D,0,0,0,0
227,Supplier,SKU_E,0,0,0,0
227,W1,SKU_A,815,0,0,2019
227,W1,SKU_B,513,0,0,531
227,W1,SKU_C,1779,0,0,858
227,W1,SKU_D,1451,0,0,0
227,W1,SKU_E,1016,0,0,491
227,W2,SKU_A,1494,0,0,1677
227,W2,SKU_B,368,0,0,0
227,W2,SKU_C,236,0,0,2270
227,W2,SKU_D,836,0,0,0
227,W2,SKU_E,915,0,0,699
227,R1,SKU_A,549,0,0,1027
227,R1,SKU_B,343,0,0,220
227,R1,SKU_C,335,0,0,489
227,R1,SKU_D,435,0,0,0
227,R1,SKU_E,218,0,0,180
227,R2,SKU_A,517,0,0,537
227,R2,SKU_B,0,90,0,232
227,R2,SKU_C,283,0,0,386
227,R2,SKU_D,17,0,0,117
227,R2,SKU_E,172,0,0,275
227,R3,SKU_A,1550,0,0,1677
227,R3,SKU_B,150,0,0,400
227,R3,SKU_C,1347,0,0,823
227,R3,SKU_D,569,0,0,516
227,R3,SKU_E,0,7,0,699
228,Supplier,SKU_A,0,0,0,0
228,Supplier,SKU_B,0,0,0,0
228,Supplier,SKU_C,0,0,0,0
228,Supplier,SKU_D,0,0,0,0
228,Supplier,SKU_E,0,0,0,0
228,W1,SKU_A,815,0,0,2019
228,W1,SKU_B,240,0,0,531
228,W1,SKU_C,1779,0,0,858
228,W1,SKU_D,1236,0,0,0
228,W1,SKU_E,863,0,0,491
228,W2,SKU_A,1494,0,0,1677
228,W2,SKU_B,278,0,0,0
228,W2,SKU_C,236,0,0,2270
228,W2,SKU_D,836,0,0,0
228,W2,SKU_E,915,0,0,699
228,R1,SKU_A,422,0,0,1027
228,R1,SKU_B,516,0,0,0
228,R1,SKU_C,258,0,0,489
228,R1,SKU_D,378,0,0,0
228,R1,SKU_E,368,0,0,0
228,R2,SKU_A,945,0,0,0
228,R2,SKU_B,115,0,0,183
228,R2,SKU_C,615,0,0,0
228,R2,SKU_D,76,0,0,313
228,R2,SKU_E,412,0,0,153
228,R3,SKU_A,2240,0,0,787
228,R3,SKU_B,402,0,0,113
228,R3,SKU_C,1731,0,0,351
228,R3,SKU_D,983,0,0,0
228,R3,SKU_E,608,0,0,0
229,Supplier,SKU_A,0,0,0,0
229,Supplier,SKU_B,0,0,0,0
229,Supplier,SKU_C,0,0,0,0
229,Supplier,SKU_D,0,0,0,0
229,Supplier,SKU_E,0,0,0,0
229,W1,SKU_A,815,0,0,2019
229,W1,SKU_B,240,0,0,531
229,W1,SKU_C,1779,0,0,858
229,W1,SKU_D,1236,0,0,0
229,W1,SKU_E,761,0,0,491
229,W2,SKU_A,762,0,0,1677
229,W2,SKU_B,278,0,0,788
229,W2,SKU_C,236,0,0,2270
229,W2,SKU_D,836,0,0,0
229,W2,SKU_E,915,0,0,699
229,R1,SKU_A,1286,0,0,0
229,R1,SKU_B,449,0,0,0
229,R1,SKU_C,630,0,0,0
229,R1,SKU_D,312,0,0,0
229,R1,SKU_E,322,0,0,0
229,R2,SKU_A,863,0,0,0
229,R2,SKU_B,75,0,0,183
229,R2,SKU_C,572,0,0,0
229,R2,SKU_D,21,0,0,313
229,R2,SKU_E,361,0,0,153
229,R3,SKU_A,1990,0,0,787
229,R3,SKU_B,354,0,0,113
229,R3,SKU_C,1616,0,0,351
229,R3,SKU_D,866,0,0,0
229,R3,SKU_E,516,0,0,0
230,Supplier,SKU_A,0,0,0,0
230,Supplier,SKU_B,0,0,0,0
230,Supplier,SKU_C,0,0,0,0
230,Supplier,SKU_D,0,0,0,0
230,Supplier,SKU_E,0,0,0,0
230,W1,SKU_A,339,0,0,2019
230,W1,SKU_B,126,0,0,531
230,W1,SKU_C,1779,0,0,858
230,W1,SKU_D,789,0,0,0
230,W1,SKU_E,761,0,0,491
230,W2,SKU_A,762,0,0,1677
230,W2,SKU_B,278,0,0,788
230,W2,SKU_C,236,0,0,2270
230,W2,SKU_D,836,0,0,0
230,W2,SKU_E,915,0,0,699
230,R1,SKU_A,1077,0,0,0
230,R1,SKU_B,349,0,0,204
230,R1,SKU_C,481,0,0,0
230,R1,SKU_D,227,0,0,447
230,R1,SKU_E,254,0,0,102
230,R2,SKU_A,719,0,0,0
230,R2,SKU_B,19,0,0,183
230,R2,SKU_C,507,0,0,0
230,R2,SKU_D,0,46,0,313
230,R2,SKU_E,320,0,0,153
230,R3,SKU_A,1729,0,0,1519
230,R3,SKU_B,283,0,0,203
230,R3,SKU_C,1460,0,0,351
230,R3,SKU_D,723,0,0,0
230,R3,SKU_E,415,0,0,0
231,Supplier,SKU_A,0,0,0,0
231,Supplier,SKU_B,0,0,0,0
231,Supplier,SKU_C,0,0,0,0
231,Supplier,SKU_D,0,0,0,0
231,Supplier,SKU_E,0,0,0,0
231,W1,SKU_A,2358,0,0,0
231,W1,SKU_B,557,0,0,392
231,W1,SKU_C,2637,0,0,0
231,W1,SKU_D,789,0,0,0
231,W1,SKU_E,1138,0,0,0
231,W2,SKU_A,762,0,0,1677
231,W2,SKU_B,124,0,0,788
231,W2,SKU_C,2053,0,0,0
231,W2,SKU_D,0,0,589,0
231,W2,SKU_E,1614,0,0,0
231,R1,SKU_A,867,0,0,0
231,R1,SKU_B,276,0,0,204
231,R1,SKU_C,350,0,0,0
231,R1,SKU_D,128,0,0,447
231,R1,SKU_E,194,0,0,102
231,R2,SKU_A,612,0,0,0
231,R2,SKU_B,152,0,0,0
231,R2,SKU_C,445,0,0,0
231,R2,SKU_D,221,0,0,0
231,R2,SKU_E,425,0,0,0
231,R3,SKU_A,2245,0,0,732
231,R3,SKU_B,343,0,0,244
231,R3,SKU_C,1696,0,0,453
231,R3,SKU_D,603,0,0,836
231,R3,SKU_E,330,0,0,0
232,Supplier,SKU_A,0,0,0,0
232,Supplier,SKU_B,0,0,0,0
232,Supplier,SKU_C,0,0,0,0
232,Supplier,SKU_D,0,0,0,0
232,Supplier,SKU_E,0,0,0,0
232,W1,SKU_A,2358,0,0,0
232,W1,SKU_B,557,0,0,392
232,W1,SKU_C,1729,0,0,0
232,W1,SKU_D,563,0,0,0
232,W1,SKU_E,963,0,0,0
232,W2,SKU_A,1657,0,0,0
232,W2,SKU_B,124,0,0,788
232,W2,SKU_C,2053,0,0,0
232,W2,SKU_D,0,0,589,1425
232,W2,SKU_E,910,0,0,0
232,R1,SKU_A,730,0,0,0
232,R1,SKU_B,440,0,0,0
232,R1,SKU_C,223,0,0,0
232,R1,SKU_D,528,0,0,0
232,R1,SKU_E,246,0,0,0
232,R2,SKU_A,517,0,0,476
232,R2,SKU_B,100,0,0,0
232,R2,SKU_C,408,0,0,368
232,R2,SKU_D,168,0,0,226
232,R2,SKU_E,368,0,0,175
232,R3,SKU_A,2047,0,0,1514
232,R3,SKU_B,287,0,0,244
232,R3,SKU_C,1592,0,0,453
232,R3,SKU_D,491,0,0,836
232,R3,SKU_E,239,0,0,704
233,Supplier,SKU_A,0,0,0,0
233,Supplier,SKU_B,0,0,0,0
233,Supplier,SKU_C,0,0,0,0
233,Supplier,SKU_D,0,0,0,0
233,Supplier,SKU_E,0,0,0,0
233,W1,SKU_A,1372,0,0,0
233,W1,SKU_B,219,0,0,606
233,W1,SKU_C,1729,0,0,1397
233,W1,SKU_D,563,0,0,1558
233,W1,SKU_E,853,0,0,468
233,W2,SKU_A,1657,0,0,1514
233,W2,SKU_B,15,0,0,788
233,W2,SKU_C,2053,0,0,0
233,W2,SKU_D,0,0,589,1425
233,W2,SKU_E,910,0,0,704
233,R1,SKU_A,576,0,0,986
233,R1,SKU_B,399,0,0,213
233,R1,SKU_C,136,0,0,540
233,R1,SKU_D,456,0,0,0
233,R1,SKU_E,210,0,0,224
233,R2,SKU_A,404,0,0,476
233,R2,SKU_B,57,0,0,0
233,R2,SKU_C,373,0,0,368
233,R2,SKU_D,109,0,0,226
233,R2,SKU_E,323,0,0,175
233,R3,SKU_A,1819,0,0,1514
233,R3,SKU_B,252,0,0,244
233,R3,SKU_C,1478,0,0,453
233,R3,SKU_D,398,0,0,836
233,R3,SKU_E,151,0,0,704
234,Supplier,SKU_A,0,0,0,0
234,Supplier,SKU_B,0,0,0,0
234,Supplier,SKU_C,0,0,0,0
234,Supplier,SKU_D,0,0,0,0
234,Supplier,SKU_E,0,0,0,0
234,W1,SKU_A,913,0,0,0
234,W1,SKU_B,219,0,0,606
234,W1,SKU_C,1729,0,0,1397
234,W1,SKU_D,563,0,0,1558
234,W1,SKU_E,853,0,0,468
234,W2,SKU_A,1657,0,0,1514
234,W2,SKU_B,15,0,0,788
234,W2,SKU_C,1720,0,0,0
234,W2,SKU_D,0,0,589,1425
234,W2,SKU_E,910,0,0,704
234,R1,SKU_A,427,0,0,986
234,R1,SKU_B,330,0,0,213
234,R1,SKU_C,45,0,0,540
234,R1,SKU_D,378,0,0,0
234,R1,SKU_E,169,0,0,224
234,R2,SKU_A,300,0,0,476
234,R2,SKU_B,11,0,0,0
234,R2,SKU_C,332,0,0,368
234,R2,SKU_D,56,0,0,226
234,R2,SKU_E,272,0,0,175
234,R3,SKU_A,2330,0,0,782
234,R3,SKU_B,300,0,0,154
234,R3,SKU_C,1386,0,0,453
234,R3,SKU_D,274,0,0,836
234,R3,SKU_E,57,0,0,704
235,Supplier,SKU_A,0,0,0,0
235,Supplier,SKU_B,0,0,0,0
235,Supplier,SKU_C,0,0,0,0
235,Supplier,SKU_D,0,0,0,0
235,Supplier,SKU_E,0,0,0,0
235,W1,SKU_A,913,0,0,0
235,W1,SKU_B,109,0,0,606
235,W1,SKU_C,1729,0,0,1397
235,W1,SKU_D,563,0,0,1558
235,W1,SKU_E,700,0,0,468
235,W2,SKU_A,1657,0,0,1514
235,W2,SKU_B,803,0,0,0
235,W2,SKU_C,1720,0,0,0
235,W2,SKU_D,0,0,589,1425
235,W2,SKU_E,910,0,0,704
235,R1,SKU_A,1255,0,0,0
235,R1,SKU_B,484,0,0,0
235,R1,SKU_C,477,0,0,0
235,R1,SKU_D,310,0,0,0
235,R1,SKU_E,346,0,0,0
235,R2,SKU_A,654,0,0,459
235,R2,SKU_B,0,31,0,225
235,R2,SKU_C,641,0,0,0
235,R2,SKU_D,230,0,0,0
235,R2,SKU_E,397,0,0,153
235,R3,SKU_A,2106,0,0,782
235,R3,SKU_B,399,0,0,109
235,R3,SKU_C,1707,0,0,333
235,R3,SKU_D,976,0,0,0
235,R3,SKU_E,0,41,0,704
236,Supplier,SKU_A,0,0,0,0
236,Supplier,SKU_B,0,0,0,0
236,Supplier,SKU_C,0,0,0,0
236,Supplier,SKU_D,0,0,0,0
236,Supplier,SKU_E,0,0,0,0
236,W1,SKU_A,913,0,0,2489
236,W1,SKU_B,501,0,0,552
236,W1,SKU_C,1729,0,0,1397
236,W1,SKU_D,0,0,103,1558
236,W1,SKU_E,576,0,0,468
236,W2,SKU_A,786,0,0,1514
236,W2,SKU_B,671,0,0,0
236,W2,SKU_C,1720,0,0,0
236,W2,SKU_D,0,0,589,1425
236,W2,SKU_E,910,0,0,704
236,R1,SKU_A,1098,0,0,0
236,R1,SKU_B,400,0,0,110
236,R1,SKU_C,356,0,0,0
236,R1,SKU_D,249,0,0,449
236,R1,SKU_E,291,0,0,124
236,R2,SKU_A,573,0,0,459
236,R2,SKU_B,0,78,0,225
236,R2,SKU_C,580,0,0,0
236,R2,SKU_D,198,0,0,0
236,R2,SKU_E,353,0,0,153
236,R3,SKU_A,2661,0,0,0
236,R3,SKU_B,325,0,0,109
236,R3,SKU_C,1588,0,0,333
236,R3,SKU_D,856,0,0,0
236,R3,SKU_E,556,0,0,0
237,Supplier,SKU_A,0,0,0,0
237,Supplier,SKU_B,0,0,0,0
237,Supplier,SKU_C,0,0,0,0
237,Supplier,SKU_D,0,0,0,0
237,Supplier,SKU_E,0,0,0,0
237,W1,SKU_A,913,0,0,2489
237,W1,SKU_B,358,0,0,552
237,W1,SKU_C,1195,0,0,1397
237,W1,SKU_D,0,0,103,1558
237,W1,SKU_E,576,0,0,468
237,W2,SKU_A,786,0,0,1514
237,W2,SKU_B,671,0,0,0
237,W2,SKU_C,1377,0,0,0
237,W2,SKU_D,0,0,589,1425
237,W2,SKU_E,910,0,0,704
237,R1,SKU_A,883,0,0,0
237,R1,SKU_B,280,0,0,110
237,R1,SKU_C,183,0,0,0
237,R1,SKU_D,134,0,0,449
237,R1,SKU_E,232,0,0,124
237,R2,SKU_A,439,0,0,459
237,R2,SKU_B,0,134,0,225
237,R2,SKU_C,513,0,0,0
237,R2,SKU_D,149,0,0,0
237,R2,SKU_E,288,0,0,153
237,R3,SKU_A,2395,0,0,0
237,R3,SKU_B,255,0,0,109
237,R3,SKU_C,1407,0,0,333
237,R3,SKU_D,697,0,0,0
237,R3,SKU_E,446,0,0,0
238,Supplier,SKU_A,0,0,0,0
238,Supplier,SKU_B,0,0,0,0
238,Supplier,SKU_C,0,0,0,0
238,Supplier,SKU_D,0,0,0,0
238,Supplier,SKU_E,0,0,0,0
238,W1,SKU_A,913,0,0,2489
238,W1,SKU_B,218,0,0,338
238,W1,SKU_C,2592,0,0,0
238,W1,SKU_D,1455,0,0,0
238,W1,SKU_E,771,0,0,0
238,W2,SKU_A,786,0,0,1514
238,W2,SKU_B,527,0,0,0
238,W2,SKU_C,1377,0,0,0
238,W2,SKU_D,836,0,0,0
238,W2,SKU_E,910,0,0,704
238,R1,SKU_A,672,0,0,0
238,R1,SKU_B,282,0,0,263
238,R1,SKU_C,30,0,0,534
238,R1,SKU_D,489,0,0,0
238,R1,SKU_E,270,0,0,114
238,R2,SKU_A,755,0,0,0
238,R2,SKU_B,29,0,0,234
238,R2,SKU_C,462,0,0,0
238,R2,SKU_D,98,0,0,217
238,R2,SKU_E,390,0,0,159
238,R3,SKU_A,2119,0,0,871
238,R3,SKU_B,208,0,0,385
238,R3,SKU_C,1267,0,0,676
238,R3,SKU_D,566,0,0,589
238,R3,SKU_E,337,0,0,0
239,Supplier,SKU_A,0,0,0,0
239,Supplier,SKU_B,0,0,0,0
239,Supplier,SKU_C,0,0,0,0
239,Supplier,SKU_D,0,0,0,0
239,Supplier,SKU_E,0,0,0,0
239,W1,SKU_A,0,0,715,2489
239,W1,SKU_B,110,0,0,945
239,W1,SKU_C,2241,0,0,0
239,W1,SKU_D,1455,0,0,0
239,W1,SKU_E,685,0,0,562
239,W2,SKU_A,1531,0,0,0
239,W2,SKU_B,527,0,0,0
239,W2,SKU_C,1056,0,0,0
239,W2,SKU_D,836,0,0,0
239,W2,SKU_E,917,0,0,0
239,R1,SKU_A,520,0,0,913
239,R1,SKU_B,214,0,0,371
239,R1,SKU_C,0,91,0,534
239,R1,SKU_D,424,0,0,0
239,R1,SKU_E,210,0,0,200
239,R2,SKU_A,652,0,0,0
239,R2,SKU_B,0,8,0,234
239,R2,SKU_C,422,0,0,0
239,R2,SKU_D,56,0,0,217
239,R2,SKU_E,344,0,0,159
239,R3,SKU_A,1886,0,0,1640
239,R3,SKU_B,281,0,0,276
239,R3,SKU_C,1493,0,0,664
239,R3,SKU_D,455,0,0,589
239,R3,SKU_E,242,0,0,697
240,Supplier,SKU_A,0,0,0,0
240,Supplier,SKU_B,0,0,0,0
240,Supplier,SKU_C,0,0,0,0
240,Supplier,SKU_D,0,0,0,0
240,Supplier,SKU_E,0,0,0,0
240,W1,SKU_A,0,0,715,2489
240,W1,SKU_B,110,0,0,945
240,W1,SKU_C,1794,0,0,0
240,W1,SKU_D,1455,0,0,0
240,W1,SKU_E,685,0,0,562
240,W2,SKU_A,1531,0,0,1640
240,W2,SKU_B,527,0,0,0
240,W2,SKU_C,1056,0,0,0
240,W2,SKU_D,836,0,0,0
240,W2,SKU_E,917,0,0,697
240,R1,SKU_A,362,0,0,913
240,R1,SKU_B,385,0,0,108
240,R1,SKU_C,334,0,0,0
240,R1,SKU_D,349,0,0,0
240,R1,SKU_E,258,0,0,86
240,R2,SKU_A,535,0,0,0
240,R2,SKU_B,0,67,0,234
240,R2,SKU_C,380,0,0,0
240,R2,SKU_D,0,10,0,217
240,R2,SKU_E,292,0,0,159
240,R3,SKU_A,1649,0,0,1640
240,R3,SKU_B,224,0,0,276
240,R3,SKU_C,1394,0,0,664
240,R3,SKU_D,317,0,0,589
240,R3,SKU_E,127,0,0,697
241,Supplier,SKU_A,0,0,0,0
241,Supplier,SKU_B,0,0,0,0
241,Supplier,SKU_C,0,0,0,0
241,Supplier,SKU_D,0,0,0,0
241,Supplier,SKU_E,0,0,0,0
241,W1,SKU_A,1774,0,0,0
241,W1,SKU_B,288,0,0,607
241,W1,SKU_C,1794,0,0,0
241,W1,SKU_D,805,0,0,0
241,W1,SKU_E,410,0,0,562
241,W2,SKU_A,1531,0,0,1640
241,W2,SKU_B,387,0,0,0
241,W2,SKU_C,1056,0,0,0
241,W2,SKU_D,836,0,0,0
241,W2,SKU_E,917,0,0,697
241,R1,SKU_A,1043,0,0,131
241,R1,SKU_B,375,0,0,160
241,R1,SKU_C,191,0,0,447
241,R1,SKU_D,258,0,0,410
241,R1,SKU_E,273,0,0,126
241,R2,SKU_A,420,0,0,584
241,R2,SKU_B,117,0,0,0
241,R2,SKU_C,331,0,0,351
241,R2,SKU_D,159,0,0,240
241,R2,SKU_E,399,0,0,149
241,R3,SKU_A,1320,0,0,1640
241,R3,SKU_B,144,0,0,276
241,R3,SKU_C,1217,0,0,664
241,R3,SKU_D,151,0,0,589
241,R3,SKU_E,0,19,0,697
242,Supplier,SKU_A,0,0,0,0
242,Supplier,SKU_B,0,0,0,0
242,Supplier,SKU_C,0,0,0,0
242,Supplier,SKU_D,0,0,0,0
242,Supplier,SKU_E,0,0,0,0
242,W1,SKU_A,1774,0,0,2087
242,W1,SKU_B,0,0,38,875
242,W1,SKU_C,1794,0,0,885
242,W1,SKU_D,805,0,0,0
242,W1,SKU_E,410,0,0,1196
242,W2,SKU_A,732,0,0,1640
242,W2,SKU_B,387,0,0,0
242,W2,SKU_C,673,0,0,0
242,W2,SKU_D,0,0,572,0
242,W2,SKU_E,917,0,0,697
242,R1,SKU_A,836,0,0,131
242,R1,SKU_B,273,0,0,160
242,R1,SKU_C,67,0,0,447
242,R1,SKU_D,168,0,0,410
242,R1,SKU_E,179,0,0,126
242,R2,SKU_A,295,0,0,584
242,R2,SKU_B,84,0,0,0
242,R2,SKU_C,292,0,0,351
242,R2,SKU_D,88,0,0,240
242,R2,SKU_E,344,0,0,149
242,R3,SKU_A,1835,0,0,1568
242,R3,SKU_B,356,0,0,140
242,R3,SKU_C,1397,0,0,704
242,R3,SKU_D,555,0,0,836
242,R3,SKU_E,0,152,0,697
243,Supplier,SKU_A,0,0,0,0
243,Supplier,SKU_B,0,0,0,0
243,Supplier,SKU_C,0,0,0,0
243,Supplier,SKU_D,0,0,0,0
243,Supplier,SKU_E,0,0,0,0
243,W1,SKU_A,1314,0,0,2087
243,W1,SKU_B,0,0,140,875
243,W1,SKU_C,1794,0,0,885
243,W1,SKU_D,805,0,0,0
243,W1,SKU_E,245,0,0,1196
243,W2,SKU_A,732,0,0,1640
243,W2,SKU_B,243,0,0,0
243,W2,SKU_C,673,0,0,2184
243,W2,SKU_D,0,0,572,1408
243,W2,SKU_E,917,0,0,697
243,R1,SKU_A,967,0,0,0
243,R1,SKU_B,432,0,0,0
243,R1,SKU_C,513,0,0,0
243,R1,SKU_D,578,0,0,0
243,R1,SKU_E,305,0,0,0
243,R2,SKU_A,295,0,0,584
243,R2,SKU_B,84,0,0,0
243,R2,SKU_C,292,0,0,351
243,R2,SKU_D,87,0,0,240
243,R2,SKU_E,344,0,0,149
243,R3,SKU_A,2604,0,0,799
243,R3,SKU_B,355,0,0,140
243,R3,SKU_C,1718,0,0,383
243,R3,SKU_D,555,0,0,836
243,R3,SKU_E,545,0,0,0
244,Supplier,SKU_A,0,0,0,0
244,Supplier,SKU_B,0,0,0,0
244,Supplier,SKU_C,0,0,0,0
244,Supplier,SKU_D,0,0,0,0
244,Supplier,SKU_E,0,0,0,0
244,W1,SKU_A,1314,0,0,2087
244,W1,SKU_B,607,0,140,268
244,W1,SKU_C,1794,0,0,885
244,W1,SKU_D,805,0,0,0
244,W1,SKU_E,807,0,0,634
244,W2,SKU_A,732,0,0,1640
244,W2,SKU_B,243,0,0,823
244,W2,SKU_C,673,0,0,2184
244,W2,SKU_D,0,0,572,1408
244,W2,SKU_E,917,0,0,697
244,R1,SKU_A,783,0,0,0
244,R1,SKU_B,349,0,0,118
244,R1,SKU_C,380,0,0,0
244,R1,SKU_D,510,0,0,0
244,R1,SKU_E,246,0,0,165
244,R2,SKU_A,783,0,0,460
244,R2,SKU_B,40,0,0,170
244,R2,SKU_C,587,0,0,0
244,R2,SKU_D,294,0,0,0
244,R2,SKU_E,441,0,0,0
244,R3,SKU_A,2361,0,0,799
244,R3,SKU_B,308,0,0,140
244,R3,SKU_C,1556,0,0,383
244,R3,SKU_D,417,0,0,836
244,R3,SKU_E,452,0,0,0
245,Supplier,SKU_A,0,0,0,0
245,Supplier,SKU_B,0,0,0,0
245,Supplier,SKU_C,0,0,0,0
245,Supplier,SKU_D,0,0,0,0
245,Supplier,SKU_E,0,0,0,0
245,W1,SKU_A,381,0,0,2087
245,W1,SKU_B,467,0,0,594
245,W1,SKU_C,1284,0,0,885
245,W1,SKU_D,805,0,0,0
245,W1,SKU_E,648,0,0,634
245,W2,SKU_A,732,0,0,1640
245,W2,SKU_B,243,0,0,823
245,W2,SKU_C,348,0,0,2184
245,W2,SKU_D,0,0,572,1408
245,W2,SKU_E,917,0,0,697
245,R1,SKU_A,647,0,0,933
245,R1,SKU_B,292,0,0,220
245,R1,SKU_C,281,0,0,510
245,R1,SKU_D,462,0,0,0
245,R1,SKU_E,198,0,0,165
245,R2,SKU_A,693,0,0,460
245,R2,SKU_B,13,0,0,170
245,R2,SKU_C,547,0,0,0
245,R2,SKU_D,249,0,0,0
245,R2,SKU_E,406,0,0,0
245,R3,SKU_A,2195,0,0,799
245,R3,SKU_B,269,0,0,284
245,R3,SKU_C,1477,0,0,708
245,R3,SKU_D,330,0,0,836
245,R3,SKU_E,381,0,0,0
246,Supplier,SKU_A,0,0,0,0
246,Supplier,SKU_B,0,0,0,0
246,Supplier,SKU_C,0,0,0,0
246,Supplier,SKU_D,0,0,0,0
246,Supplier,SKU_E,0,0,0,0
246,W1,SKU_A,381,0,0,2087
246,W1,SKU_B,326,0,0,594
246,W1,SKU_C,1284,0,0,885
246,W1,SKU_D,607,0,0,0
246,W1,SKU_E,541,0,0,634
246,W2,SKU_A,1607,0,0,0
246,W2,SKU_B,156,0,0,823
246,W2,SKU_C,348,0,0,2184
246,W2,SKU_D,0,0,572,1408
246,W2,SKU_E,961,0,0,0
246,R1,SKU_A,536,0,0,933
246,R1,SKU_B,358,0,0,102
246,R1,SKU_C,197,0,0,510
246,R1,SKU_D,410,0,0,0
246,R1,SKU_E,326,0,0,0
246,R2,SKU_A,631,0,0,460
246,R2,SKU_B,0,16,0,170
246,R2,SKU_C,513,0,0,0
246,R2,SKU_D,215,0,0,0
246,R2,SKU_E,379,0,0,0
246,R3,SKU_A,2875,0,0,765
246,R3,SKU_B,368,0,0,231
246,R3,SKU_C,1794,0,0,325
246,R3,SKU_D,1094,0,0,0
246,R3,SKU_E,329,0,0,653
247,Supplier,SKU_A,0,0,0,0
247,Supplier,SKU_B,0,0,0,0
247,Supplier,SKU_C,0,0,0,0
247,Supplier,SKU_D,0,0,0,0
247,Supplier,SKU_E,0,0,0,0
247,W1,SKU_A,2468,0,0,0
247,W1,SKU_B,594,0,0,569
247,W1,SKU_C,2169,0,0,957
247,W1,SKU_D,607,0,0,1514
247,W1,SKU_E,1175,0,0,0
247,W2,SKU_A,1607,0,0,1564
247,W2,SKU_B,156,0,0,823
247,W2,SKU_C,348,0,0,2184
247,W2,SKU_D,0,0,572,1408
247,W2,SKU_E,961,0,0,653
247,R1,SKU_A,1374,0,0,0
247,R1,SKU_B,409,0,0,0
247,R1,SKU_C,625,0,0,0
247,R1,SKU_D,353,0,0,0
247,R1,SKU_E,297,0,0,0
247,R2,SKU_A,1027,0,0,0
247,R2,SKU_B,130,0,0,38
247,R2,SKU_C,479,0,0,0
247,R2,SKU_D,161,0,0,198
247,R2,SKU_E,357,0,0,159
247,R3,SKU_A,2740,0,0,765
247,R3,SKU_B,320,0,0,231
247,R3,SKU_C,1732,0,0,325
247,R3,SKU_D,1012,0,0,0
247,R3,SKU_E,276,0,0,653
248,Supplier,SKU_A,0,0,0,0
248,Supplier,SKU_B,0,0,0,0
248,Supplier,SKU_C,0,0,0,0
248,Supplier,SKU_D,0,0,0,0
248,Supplier,SKU_E,0,0,0,0
248,W1,SKU_A,2468,0,0,0
248,W1,SKU_B,491,0,0,569
248,W1,SKU_C,2169,0,0,957
248,W1,SKU_D,201,0,0,1514
248,W1,SKU_E,1175,0,0,0
248,W2,SKU_A,1607,0,0,1564
248,W2,SKU_B,67,0,0,823
248,W2,SKU_C,348,0,0,2184
248,W2,SKU_D,0,0,572,1408
248,W2,SKU_E,961,0,0,653
248,R1,SKU_A,1268,0,0,0
248,R1,SKU_B,362,0,0,244
248,R1,SKU_C,545,0,0,0
248,R1,SKU_D,300,0,0,406
248,R1,SKU_E,265,0,0,107
248,R2,SKU_A,947,0,0,0
248,R2,SKU_B,97,0,0,38
248,R2,SKU_C,438,0,0,0
248,R2,SKU_D,139,0,0,198
248,R2,SKU_E,321,0,0,159
248,R3,SKU_A,2582,0,0,765
248,R3,SKU_B,275,0,0,231
248,R3,SKU_C,1650,0,0,325
248,R3,SKU_D,939,0,0,0
248,R3,SKU_E,210,0,0,653
249,Supplier,SKU_A,0,0,0,0
249,Supplier,SKU_B,0,0,0,0
249,Supplier,SKU_C,0,0,0,0
249,Supplier,SKU_D,0,0,0,0
249,Supplier,SKU_E,0,0,0,0
249,W1,SKU_A,2468,0,0,0
249,W1,SKU_B,301,0,0,569
249,W1,SKU_C,1794,0,0,957
249,W1,SKU_D,201,0,0,1514
249,W1,SKU_E,1077,0,0,0
249,W2,SKU_A,1607,0,0,1564
249,W2,SKU_B,67,0,0,823
249,W2,SKU_C,2532,0,0,0
249,W2,SKU_D,1408,0,572,0
249,W2,SKU_E,961,0,0,653
249,R1,SKU_A,1139,0,0,0
249,R1,SKU_B,299,0,0,244
249,R1,SKU_C,464,0,0,0
249,R1,SKU_D,248,0,0,406
249,R1,SKU_E,219,0,0,107
249,R2,SKU_A,860,0,0,0
249,R2,SKU_B,41,0,0,38
249,R2,SKU_C,405,0,0,0
249,R2,SKU_D,91,0,0,198
249,R2,SKU_E,271,0,0,159
249,R3,SKU_A,2373,0,0,765
249,R3,SKU_B,376,0,0,87
249,R3,SKU_C,1851,0,0,0
249,R3,SKU_D,819,0,0,0
249,R3,SKU_E,122,0,0,653
250,Supplier,SKU_A,0,0,0,0
250,Supplier,SKU_B,0,0,0,0
250,Supplier,SKU_C,0,0,0,0
250,Supplier,SKU_D,0,0,0,0
250,Supplier,SKU_E,0,0,0,0
250,W1,SKU_A,1989,0,0,0
250,W1,SKU_B,517,0,0,243
250,W1,SKU_C,1368,0,0,957
250,W1,SKU_D,201,0,0,1514
250,W1,SKU_E,907,0,0,0
250,W2,SKU_A,1607,0,0,1564
250,W2,SKU_B,802,0,0,0
250,W2,SKU_C,2119,0,0,0
250,W2,SKU_D,836,0,0,0
250,W2,SKU_E,961,0,0,653
250,R1,SKU_A,1024,0,0,0
250,R1,SKU_B,488,0,0,0
250,R1,SKU_C,370,0,0,0
250,R1,SKU_D,584,0,0,0
250,R1,SKU_E,285,0,0,0
250,R2,SKU_A,786,0,0,0
250,R2,SKU_B,36,0,0,0
250,R2,SKU_C,364,0,0,0
250,R2,SKU_D,251,0,0,0
250,R2,SKU_E,388,0,0,0
250,R3,SKU_A,2949,0,0,0
250,R3,SKU_B,418,0,0,177
250,R3,SKU_C,1762,0,0,413
250,R3,SKU_D,721,0,0,572
250,R3,SKU_E,684,0,0,0
251,Supplier,SKU_A,0,0,0,0
251,Supplier,SKU_B,0,0,0,0
251,Supplier,SKU_C,0,0,0,0
251,Supplier,SKU_D,0,0,0,0
251,Supplier,SKU_E,0,0,0,0
251,W1,SKU_A,1989,0,0,0
251,W1,SKU_B,517,0,0,243
251,W1,SKU_C,1368,0,0,957
251,W1,SKU_D,5,0,0,1514
251,W1,SKU_E,820,0,0,0
251,W2,SKU_A,797,0,0,1564
251,W2,SKU_B,802,0,0,0
251,W2,SKU_C,2119,0,0,0
251,W2,SKU_D,836,0,0,0
251,W2,SKU_E,961,0,0,653
251,R1,SKU_A,876,0,0,0
251,R1,SKU_B,408,0,0,110
251,R1,SKU_C,283,0,0,426
251,R1,SKU_D,514,0,0,0
251,R1,SKU_E,236,0,0,185
251,R2,SKU_A,699,0,0,479
251,R2,SKU_B,0,25,0,190
251,R2,SKU_C,313,0,0,375
251,R2,SKU_D,215,0,0,196
251,R2,SKU_E,345,0,0,170
251,R3,SKU_A,2751,0,0,0
251,R3,SKU_B,366,0,0,177
251,R3,SKU_C,1650,0,0,413
251,R3,SKU_D,625,0,0,572
251,R3,SKU_E,591,0,0,0
252,Supplier,SKU_A,0,0,0,0
252,Supplier,SKU_B,0,0,0,0
252,Supplier,SKU_C,0,0,0,0
252,Supplier,SKU_D,0,0,0,0
252,Supplier,SKU_E,0,0,0,0
252,W1,SKU_A,1989,0,0,0
252,W1,SKU_B,625,0,0,293
252,W1,SKU_C,2325,0,0,801
252,W1,SKU_D,1519,0,0,0
252,W1,SKU_E,820,0,0,529
252,W2,SKU_A,797,0,0,1564
252,W2,SKU_B,705,0,0,0
252,W2,SKU_C,2119,0,0,0
252,W2,SKU_D,836,0,0,0
252,W2,SKU_E,961,0,0,653
252,R1,SKU_A,708,0,0,0
252,R1,SKU_B,349,0,0,110
252,R1,SKU_C,168,0,0,426
252,R1,SKU_D,445,0,0,0
252,R1,SKU_E,189,0,0,185
252,R2,SKU_A,600,0,0,479
252,R2,SKU_B,0,75,0,190
252,R2,SKU_C,274,0,0,375
252,R2,SKU_D,159,0,0,196
252,R2,SKU_E,304,0,0,170
252,R3,SKU_A,2569,0,0,0
252,R3,SKU_B,324,0,0,177
252,R3,SKU_C,1553,0,0,413
252,R3,SKU_D,541,0,0,572
252,R3,SKU_E,508,0,0,0
253,Supplier,SKU_A,0,0,0,0
253,Supplier,SKU_B,0,0,0,0
253,Supplier,SKU_C,0,0,0,0
253,Supplier,SKU_D,0,0,0,0
253,Supplier,SKU_E,0,0,0,0
253,W1,SKU_A,981,0,0,0
253,W1,SKU_B,415,0,0,293
253,W1,SKU_C,2325,0,0,801
253,W1,SKU_D,1519,0,0,0
253,W1,SKU_E,724,0,0,529
253,W2,SKU_A,2361,0,0,0
253,W2,SKU_B,705,0,0,0
253,W2,SKU_C,2119,0,0,0
253,W2,SKU_D,836,0,0,0
253,W2,SKU_E,1614,0,0,0
253,R1,SKU_A,598,0,0,1008
253,R1,SKU_B,417,0,0,135
253,R1,SKU_C,523,0,0,0
253,R1,SKU_D,394,0,0,0
253,R1,SKU_E,340,0,0,96
253,R2,SKU_A,518,0,0,479
253,R2,SKU_B,0,110,0,190
253,R2,SKU_C,237,0,0,375
253,R2,SKU_D,114,0,0,196
253,R2,SKU_E,272,0,0,170
253,R3,SKU_A,2424,0,0,810
253,R3,SKU_B,266,0,0,274
253,R3,SKU_C,1467,0,0,413
253,R3,SKU_D,458,0,0,572
253,R3,SKU_E,425,0,0,0
254,Supplier,SKU_A,0,0,0,0
254,Supplier,SKU_B,0,0,0,0
254,Supplier,SKU_C,0,0,0,0
254,Supplier,SKU_D,0,0,0,0
254,Supplier,SKU_E,0,0,0,0
254,W1,SKU_A,981,0,0,2880
254,W1,SKU_B,314,0,0,748
254,W1,SKU_C,2325,0,0,801
254,W1,SKU_D,1519,0,0,0
254,W1,SKU_E,566,0,0,529
254,W2,SKU_A,2361,0,0,0
254,W2,SKU_B,605,0,0,0
254,W2,SKU_C,1735,0,0,0
254,W2,SKU_D,836,0,0,0
254,W2,SKU_E,1614,0,0,0
254,R1,SKU_A,486,0,0,1008
254,R1,SKU_B,378,0,0,135
254,R1,SKU_C,476,0,0,0
254,R1,SKU_D,349,0,0,0
254,R1,SKU_E,309,0,0,96
254,R2,SKU_A,924,0,0,0
254,R2,SKU_B,55,0,0,0
254,R2,SKU_C,592,0,0,0
254,R2,SKU_D,268,0,0,0
254,R2,SKU_E,411,0,0,0
254,R3,SKU_A,2270,0,0,810
254,R3,SKU_B,407,0,0,97
254,R3,SKU_C,1818,0,0,0
254,R3,SKU_D,963,0,0,0
254,R3,SKU_E,353,0,0,0
255,Supplier,SKU_A,0,0,0,0
255,Supplier,SKU_B,0,0,0,0
255,Supplier,SKU_C,0,0,0,0
255,Supplier,SKU_D,0,0,0,0
255,Supplier,SKU_E,0,0,0,0
255,W1,SKU_A,981,0,0,2880
255,W1,SKU_B,314,0,0,748
255,W1,SKU_C,2325,0,0,801
255,W1,SKU_D,1109,0,0,0
255,W1,SKU_E,566,0,0,529
255,W2,SKU_A,2361,0,0,0
255,W2,SKU_B,605,0,0,0
255,W2,SKU_C,1735,0,0,0
255,W2,SKU_D,836,0,0,0
255,W2,SKU_E,933,0,0,0
255,R1,SKU_A,1402,0,0,0
255,R1,SKU_B,469,0,0,0
255,R1,SKU_C,400,0,0,0
255,R1,SKU_D,304,0,0,0
255,R1,SKU_E,380,0,0,0
255,R2,SKU_A,842,0,0,0
255,R2,SKU_B,31,0,0,210
255,R2,SKU_C,569,0,0,0
255,R2,SKU_D,225,0,0,0
255,R2,SKU_E,368,0,0,158
255,R3,SKU_A,2105,0,0,810
255,R3,SKU_B,380,0,0,197
255,R3,SKU_C,1755,0,0,384
255,R3,SKU_D,911,0,0,0
255,R3,SKU_E,308,0,0,681
256,Supplier,SKU_A,0,0,0,0
256,Supplier,SKU_B,0,0,0,0
256,Supplier,SKU_C,0,0,0,0
256,Supplier,SKU_D,0,0,0,0
256,Supplier,SKU_E,0,0,0,0
256,W1,SKU_A,484,0,0,2880
256,W1,SKU_B,314,0,0,748
256,W1,SKU_C,1835,0,0,801
256,W1,SKU_D,887,0,0,0
256,W1,SKU_E,476,0,0,529
256,W2,SKU_A,1517,0,0,0
256,W2,SKU_B,605,0,0,0
256,W2,SKU_C,1735,0,0,0
256,W2,SKU_D,836,0,0,0
256,W2,SKU_E,933,0,0,681
256,R1,SKU_A,1272,0,0,0
256,R1,SKU_B,427,0,0,101
256,R1,SKU_C,345,0,0,490
256,R1,SKU_D,259,0,0,410
256,R1,SKU_E,353,0,0,90
256,R2,SKU_A,758,0,0,0
256,R2,SKU_B,0,1,0,210
256,R2,SKU_C,533,0,0,0
256,R2,SKU_D,181,0,0,0
256,R2,SKU_E,337,0,0,158
256,R3,SKU_A,1958,0,0,810
256,R3,SKU_B,343,0,0,197
256,R3,SKU_C,1661,0,0,384
256,R3,SKU_D,839,0,0,0
256,R3,SKU_E,245,0,0,681
257,Supplier,SKU_A,0,0,0,0
257,Supplier,SKU_B,0,0,0,0
257,Supplier,SKU_C,0,0,0,0
257,Supplier,SKU_D,0,0,0,0
257,Supplier,SKU_E,0,0,0,0
257,W1,SKU_A,484,0,0,2880
257,W1,SKU_B,482,0,0,455
257,W1,SKU_C,2636,0,0,0
257,W1,SKU_D,887,0,0,0
257,W1,SKU_E,1005,0,0,511
257,W2,SKU_A,1517,0,0,1654
257,W2,SKU_B,505,0,0,0
257,W2,SKU_C,1735,0,0,0
257,W2,SKU_D,0,0,473,0
257,W2,SKU_E,933,0,0,681
257,R1,SKU_A,1141,0,0,0
257,R1,SKU_B,381,0,0,101
257,R1,SKU_C,273,0,0,490
257,R1,SKU_D,199,0,0,410
257,R1,SKU_E,313,0,0,90
257,R2,SKU_A,687,0,0,0
257,R2,SKU_B,0,42,0,210
257,R2,SKU_C,500,0,0,0
257,R2,SKU_D,143,0,0,0
257,R2,SKU_E,295,0,0,158
257,R3,SKU_A,2596,0,0,844
257,R3,SKU_B,401,0,0,200
257,R3,SKU_C,1571,0,0,384
257,R3,SKU_D,745,0,0,836
257,R3,SKU_E,187,0,0,681
258,Supplier,SKU_A,0,0,0,0
258,Supplier,SKU_B,0,0,0,0
258,Supplier,SKU_C,0,0,0,0
258,Supplier,SKU_D,0,0,0,0
258,Supplier,SKU_E,0,0,0,0
258,W1,SKU_A,484,0,0,2880
258,W1,SKU_B,482,0,0,455
258,W1,SKU_C,2636,0,0,0
258,W1,SKU_D,887,0,0,0
258,W1,SKU_E,858,0,0,511
258,W2,SKU_A,1517,0,0,1654
258,W2,SKU_B,505,0,0,0
258,W2,SKU_C,1735,0,0,0
258,W2,SKU_D,0,0,473,1309
258,W2,SKU_E,933,0,0,681
258,R1,SKU_A,980,0,0,0
258,R1,SKU_B,435,0,0,0
258,R1,SKU_C,661,0,0,0
258,R1,SKU_D,535,0,0,0
258,R1,SKU_E,365,0,0,0
258,R2,SKU_A,594,0,0,497
258,R2,SKU_B,116,0,0,0
258,R2,SKU_C,456,0,0,0
258,R2,SKU_D,89,0,0,222
258,R2,SKU_E,389,0,0,147
258,R3,SKU_A,2428,0,0,844
258,R3,SKU_B,345,0,0,200
258,R3,SKU_C,1455,0,0,384
258,R3,SKU_D,664,0,0,836
258,R3,SKU_E,119,0,0,681
259,Supplier,SKU_A,0,0,0,0
259,Supplier,SKU_B,0,0,0,0
259,Supplier,SKU_C,0,0,0,0
259,Supplier,SKU_D,0,0,0,0
259,Supplier,SKU_E,0,0,0,0
259,W1,SKU_A,3364,0,0,0
259,W1,SKU_B,635,0,0,0
259,W1,SKU_C,2279,0,0,0
259,W1,SKU_D,887,0,0,0
259,W1,SKU_E,753,0,0,511
259,W2,SKU_A,1517,0,0,1654
259,W2,SKU_B,410,0,0,0
259,W2,SKU_C,1310,0,0,0
259,W2,SKU_D,0,0,473,1309
259,W2,SKU_E,933,0,0,681
259,R1,SKU_A,818,0,0,0
259,R1,SKU_B,379,0,0,218
259,R1,SKU_C,542,0,0,0
259,R1,SKU_D,465,0,0,0
259,R1,SKU_E,330,0,0,105
259,R2,SKU_A,500,0,0,497
259,R2,SKU_B,78,0,0,0
259,R2,SKU_C,410,0,0,0
259,R2,SKU_D,39,0,0,222
259,R2,SKU_E,351,0,0,147
259,R3,SKU_A,2272,0,0,844
259,R3,SKU_B,409,0,0,100
259,R3,SKU_C,1735,0,0,0
259,R3,SKU_D,579,0,0,836
259,R3,SKU_E,734,0,0,0
260,Supplier,SKU_A,0,0,0,0
260,Supplier,SKU_B,0,0,0,0
260,Supplier,SKU_C,0,0,0,0
260,Supplier,SKU_D,0,0,0,0
260,Supplier,SKU_E,0,0,0,0
260,W1,SKU_A,3364,0,0,0
260,W1,SKU_B,635,0,0,528
260,W1,SKU_C,2279,0,0,847
260,W1,SKU_D,887,0,0,0
260,W1,SKU_E,753,0,0,511
260,W2,SKU_A,1517,0,0,1654
260,W2,SKU_B,410,0,0,0
260,W2,SKU_C,1310,0,0,0
260,W2,SKU_D,0,0,473,1309
260,W2,SKU_E,933,0,0,681
260,R1,SKU_A,687,0,0,0
260,R1,SKU_B,354,0,0,218
260,R1,SKU_C,475,0,0,0
260,R1,SKU_D,407,0,0,0
260,R1,SKU_E,300,0,0,105
260,R2,SKU_A,408,0,0,497
260,R2,SKU_B,37,0,0,0
260,R2,SKU_C,377,0,0,0
260,R2,SKU_D,0,2,0,222
260,R2,SKU_E,316,0,0,147
260,R3,SKU_A,2149,0,0,844
260,R3,SKU_B,373,0,0,100
260,R3,SKU_C,1684,0,0,0
260,R3,SKU_D,505,0,0,836
260,R3,SKU_E,668,0,0,0
261,Supplier,SKU_A,0,0,0,0
261,Supplier,SKU_B,0,0,0,0
261,Supplier,SKU_C,0,0,0,0
261,Supplier,SKU_D,0,0,0,0
261,Supplier,SKU_E,0,0,0,0
261,W1,SKU_A,2335,0,0,0
261,W1,SKU_B,635,0,0,528
261,W1,SKU_C,2279,0,0,847
261,W1,SKU_D,660,0,0,0
261,W1,SKU_E,616,0,0,511
261,W2,SKU_A,751,0,0,1654
261,W2,SKU_B,410,0,0,0
261,W2,SKU_C,1310,0,0,0
261,W2,SKU_D,0,0,473,1309
261,W2,SKU_E,933,0,0,681
261,R1,SKU_A,579,0,0,0
261,R1,SKU_B,546,0,0,0
261,R1,SKU_C,421,0,0,0
261,R1,SKU_D,350,0,0,0
261,R1,SKU_E,375,0,0,0
261,R2,SKU_A,842,0,0,0
261,R2,SKU_B,0,2,0,209
261,R2,SKU_C,349,0,0,357
261,R2,SKU_D,186,0,0,227
261,R2,SKU_E,417,0,0,137
261,R3,SKU_A,2859,0,0,766
261,R3,SKU_B,431,0,0,95
261,R3,SKU_C,1599,0,0,425
261,R3,SKU_D,1280,0,0,0
261,R3,SKU_E,608,0,0,0
262,Supplier,SKU_A,0,0,0,0
262,Supplier,SKU_B,0,0,0,0
262,Supplier,SKU_C,0,0,0,0
262,Supplier,SKU_D,0,0,0,0
262,Supplier,SKU_E,0,0,0,0
262,W1,SKU_A,1838,0,0,0
262,W1,SKU_B,528,0,0,528
262,W1,SKU_C,1810,0,0,847
262,W1,SKU_D,251,0,0,1461
262,W1,SKU_E,1032,0,0,479
262,W2,SKU_A,751,0,0,1654
262,W2,SKU_B,296,0,0,0
262,W2,SKU_C,1310,0,0,0
262,W2,SKU_D,0,0,473,1309
262,W2,SKU_E,1614,0,0,0
262,R1,SKU_A,455,0,0,1029
262,R1,SKU_B,513,0,0,107
262,R1,SKU_C,360,0,0,469
262,R1,SKU_D,308,0,0,409
262,R1,SKU_E,348,0,0,95
262,R2,SKU_A,791,0,0,0
262,R2,SKU_B,0,40,0,209
262,R2,SKU_C,334,0,0,357
262,R2,SKU_D,153,0,0,227
262,R2,SKU_E,378,0,0,137
262,R3,SKU_A,2728,0,0,766
262,R3,SKU_B,386,0,0,95
262,R3,SKU_C,1524,0,0,425
262,R3,SKU_D,1210,0,0,0
262,R3,SKU_E,549,0,0,0
263,Supplier,SKU_A,0,0,0,0
263,Supplier,SKU_B,0,0,0,0
263,Supplier,SKU_C,0,0,0,0
263,Supplier,SKU_D,0,0,0,0
263,Supplier,SKU_E,0,0,0,0
263,W1,SKU_A,1838,0,0,0
263,W1,SKU_B,528,0,0,528
263,W1,SKU_C,1810,0,0,847
263,W1,SKU_D,251,0,0,1461
263,W1,SKU_E,1032,0,0,479
263,W2,SKU_A,2405,0,0,0
263,W2,SKU_B,296,0,0,770
263,W2,SKU_C,1310,0,0,0
263,W2,SKU_D,0,0,473,1309
263,W2,SKU_E,1614,0,0,0
263,R1,SKU_A,343,0,0,1029
263,R1,SKU_B,472,0,0,107
263,R1,SKU_C,300,0,0,469
263,R1,SKU_D,271,0,0,409
263,R1,SKU_E,306,0,0,95
263,R2,SKU_A,737,0,0,0
263,R2,SKU_B,0,82,0,209
263,R2,SKU_C,308,0,0,357
263,R2,SKU_D,118,0,0,227
263,R2,SKU_E,334,0,0,137
263,R3,SKU_A,2591,0,0,766
263,R3,SKU_B,360,0,0,95
263,R3,SKU_C,1466,0,0,425
263,R3,SKU_D,1110,0,0,0
263,R3,SKU_E,478,0,0,0
264,Supplier,SKU_A,0,0,0,0
264,Supplier,SKU_B,0,0,0,0
264,Supplier,SKU_C,0,0,0,0
264,Supplier,SKU_D,0,0,0,0
264,Supplier,SKU_E,0,0,0,0
264,W1,SKU_A,1838,0,0,0
264,W1,SKU_B,330,0,0,528
264,W1,SKU_C,1810,0,0,847
264,W1,SKU_D,251,0,0,1461
264,W1,SKU_E,1032,0,0,479
264,W2,SKU_A,2405,0,0,0
264,W2,SKU_B,296,0,0,770
264,W2,SKU_C,937,0,0,0
264,W2,SKU_D,836,0,0,0
264,W2,SKU_E,1614,0,0,0
264,R1,SKU_A,1226,0,0,0
264,R1,SKU_B,533,0,0,0
264,R1,SKU_C,687,0,0,0
264,R1,SKU_D,622,0,0,0
264,R1,SKU_E,352,0,0,0
264,R2,SKU_A,645,0,0,497
264,R2,SKU_B,87,0,0,198
264,R2,SKU_C,639,0,0,0
264,R2,SKU_D,297,0,0,0
264,R2,SKU_E,438,0,0,0
264,R3,SKU_A,2450,0,0,766
264,R3,SKU_B,314,0,0,209
264,R3,SKU_C,1346,0,0,798
264,R3,SKU_D,1019,0,0,473
264,R3,SKU_E,394,0,0,0
265,Supplier,SKU_A,0,0,0,0
265,Supplier,SKU_B,0,0,0,0
265,Supplier,SKU_C,0,0,0,0
265,Supplier,SKU_D,0,0,0,0
265,Supplier,SKU_E,0,0,0,0
265,W1,SKU_A,1838,0,0,2023
265,W1,SKU_B,738,0,0,305
265,W1,SKU_C,2657,0,0,0
265,W1,SKU_D,251,0,0,1461
265,W1,SKU_E,752,0,0,479
265,W2,SKU_A,2405,0,0,0
265,W2,SKU_B,179,0,0,770
265,W2,SKU_C,937,0,0,0
265,W2,SKU_D,836,0,0,0
265,W2,SKU_E,1614,0,0,0
265,R1,SKU_A,1098,0,0,0
265,R1,SKU_B,482,0,0,0
265,R1,SKU_C,582,0,0,0
265,R1,SKU_D,547,0,0,0
265,R1,SKU_E,304,0,0,0
265,R2,SKU_A,536,0,0,497
265,R2,SKU_B,39,0,0,198
265,R2,SKU_C,608,0,0,0
265,R2,SKU_D,236,0,0,0
265,R2,SKU_E,393,0,0,0
265,R3,SKU_A,3000,0,0,0
265,R3,SKU_B,361,0,0,114
265,R3,SKU_C,1668,0,0,373
265,R3,SKU_D,893,0,0,473
265,R3,SKU_E,298,0,0,0
266,Supplier,SKU_A,0,0,0,0
266,Supplier,SKU_B,0,0,0,0
266,Supplier,SKU_C,0,0,0,0
266,Supplier,SKU_D,0,0,0,0
266,Supplier,SKU_E,0,0,0,0
266,W1,SKU_A,1838,0,0,2023
266,W1,SKU_B,738,0,0,305
266,W1,SKU_C,2657,0,0,0
266,W1,SKU_D,40,0,0,1461
266,W1,SKU_E,752,0,0,479
266,W2,SKU_A,1646,0,0,0
266,W2,SKU_B,179,0,0,770
266,W2,SKU_C,937,0,0,0
266,W2,SKU_D,836,0,0,0
266,W2,SKU_E,878,0,0,0
266,R1,SKU_A,961,0,0,0
266,R1,SKU_B,424,0,0,0
266,R1,SKU_C,488,0,0,0
266,R1,SKU_D,471,0,0,0
266,R1,SKU_E,265,0,0,0
266,R2,SKU_A,450,0,0,497
266,R2,SKU_B,0,15,0,198
266,R2,SKU_C,560,0,0,0
266,R2,SKU_D,197,0,0,0
266,R2,SKU_E,351,0,0,0
266,R3,SKU_A,2802,0,0,759
266,R3,SKU_B,313,0,0,231
266,R3,SKU_C,1547,0,0,373
266,R3,SKU_D,779,0,0,473
266,R3,SKU_E,232,0,0,736
267,Supplier,SKU_A,0,0,0,0
267,Supplier,SKU_B,0,0,0,0
267,Supplier,SKU_C,0,0,0,0
267,Supplier,SKU_D,0,0,0,0
267,Supplier,SKU_E,0,0,0,0
267,W1,SKU_A,1838,0,0,2023
267,W1,SKU_B,629,0,0,305
267,W1,SKU_C,2657,0,0,0
267,W1,SKU_D,1501,0,0,0
267,W1,SKU_E,1144,0,0,0
267,W2,SKU_A,1646,0,0,1525
267,W2,SKU_B,83,0,0,770
267,W2,SKU_C,593,0,0,0
267,W2,SKU_D,836,0,0,0
267,W2,SKU_E,878,0,0,736
267,R1,SKU_A,810,0,0,0
267,R1,SKU_B,364,0,0,229
267,R1,SKU_C,397,0,0,0
267,R1,SKU_D,420,0,0,0
267,R1,SKU_E,234,0,0,205
267,R2,SKU_A,872,0,0,0
267,R2,SKU_B,147,0,0,0
267,R2,SKU_C,530,0,0,0
267,R2,SKU_D,160,0,0,211
267,R2,SKU_E,311,0,0,162
267,R3,SKU_A,2660,0,0,759
267,R3,SKU_B,282,0,0,231
267,R3,SKU_C,1465,0,0,373
267,R3,SKU_D,706,0,0,473
267,R3,SKU_E,180,0,0,736
268,Supplier,SKU_A,0,0,0,0
268,Supplier,SKU_B,0,0,0,0
268,Supplier,SKU_C,0,0,0,0
268,Supplier,SKU_D,0,0,0,0
268,Supplier,SKU_E,0,0,0,0
268,W1,SKU_A,465,0,0,2023
268,W1,SKU_B,629,0,0,305
268,W1,SKU_C,2164,0,0,0
268,W1,SKU_D,1501,0,0,0
268,W1,SKU_E,1144,0,0,0
268,W2,SKU_A,1646,0,0,1525
268,W2,SKU_B,83,0,0,770
268,W2,SKU_C,593,0,0,2264
268,W2,SKU_D,836,0,0,0
268,W2,SKU_E,878,0,0,736
268,R1,SKU_A,701,0,0,906
268,R1,SKU_B,326,0,0,229
268,R1,SKU_C,343,0,0,493
268,R1,SKU_D,372,0,0,0
268,R1,SKU_E,204,0,0,205
268,R2,SKU_A,798,0,0,0
268,R2,SKU_B,110,0,0,0
268,R2,SKU_C,509,0,0,0
268,R2,SKU_D,113,0,0,211
268,R2,SKU_E,278,0,0,162
268,R3,SKU_A,2532,0,0,759
268,R3,SKU_B,364,0,0,117
268,R3,SKU_C,1765,0,0,0
268,R3,SKU_D,1110,0,0,0
268,R3,SKU_E,121,0,0,736
269,Supplier,SKU_A,0,0,0,0
269,Supplier,SKU_B,0,0,0,0
269,Supplier,SKU_C,0,0,0,0
269,Supplier,SKU_D,0,0,0,0
269,Supplier,SKU_E,0,0,0,0
269,W1,SKU_A,465,0,0,2023
269,W1,SKU_B,316,0,0,305
269,W1,SKU_C,2164,0,0,0
269,W1,SKU_D,1501,0,0,0
269,W1,SKU_E,984,0,0,0
269,W2,SKU_A,1646,0,0,1525
269,W2,SKU_B,853,0,0,0
269,W2,SKU_C,593,0,0,2264
269,W2,SKU_D,836,0,0,0
269,W2,SKU_E,878,0,0,736
269,R1,SKU_A,595,0,0,906
269,R1,SKU_B,530,0,0,0
269,R1,SKU_C,288,0,0,493
269,R1,SKU_D,333,0,0,0
269,R1,SKU_E,375,0,0,0
269,R2,SKU_A,725,0,0,0
269,R2,SKU_B,75,0,0,0
269,R2,SKU_C,485,0,0,0
269,R2,SKU_D,77,0,0,211
269,R2,SKU_E,243,0,0,162
269,R3,SKU_A,2387,0,0,759
269,R3,SKU_B,331,0,0,213
269,R3,SKU_C,1691,0,0,344
269,R3,SKU_D,1032,0,0,0
269,R3,SKU_E,73,0,0,736
270,Supplier,SKU_A,0,0,0,0
270,Supplier,SKU_B,0,0,0,0
270,Supplier,SKU_C,0,0,0,0
270,Supplier,SKU_D,0,0,0,0
270,Supplier,SKU_E,0,0,0,0
270,W1,SKU_A,2488,0,0,0
270,W1,SKU_B,621,0,0,542
270,W1,SKU_C,2164,0,0,962
270,W1,SKU_D,1075,0,0,0
270,W1,SKU_E,889,0,0,462
270,W2,SKU_A,1646,0,0,1525
270,W2,SKU_B,757,0,0,0
270,W2,SKU_C,593,0,0,2264
270,W2,SKU_D,836,0,0,0
270,W2,SKU_E,878,0,0,736
270,R1,SKU_A,1391,0,0,0
270,R1,SKU_B,500,0,0,98
270,R1,SKU_C,715,0,0,0
270,R1,SKU_D,297,0,0,426
270,R1,SKU_E,355,0,0,95
270,R2,SKU_A,666,0,0,467
270,R2,SKU_B,51,0,0,215
270,R2,SKU_C,459,0,0,0
270,R2,SKU_D,247,0,0,0
270,R2,SKU_E,375,0,0,160
270,R3,SKU_A,2991,0,0,0
270,R3,SKU_B,402,0,0,96
270,R3,SKU_C,1633,0,0,344
270,R3,SKU_D,982,0,0,0
270,R3,SKU_E,746,0,0,0
271,Supplier,SKU_A,0,0,0,0
271,Supplier,SKU_B,0,0,0,0
271,Supplier,SKU_C,0,0,0,0
271,Supplier,SKU_D,0,0,0,0
271,Supplier,SKU_E,0,0,0,0
271,W1,SKU_A,2488,0,0,0
271,W1,SKU_B,621,0,0,542
271,W1,SKU_C,1810,0,0,962
271,W1,SKU_D,875,0,0,0
271,W1,SKU_E,889,0,0,462
271,W2,SKU_A,878,0,0,1525
271,W2,SKU_B,757,0,0,0
271,W2,SKU_C,593,0,0,2264
271,W2,SKU_D,836,0,0,0
271,W2,SKU_E,878,0,0,736
271,R1,SKU_A,1267,0,0,0
271,R1,SKU_B,451,0,0,98
271,R1,SKU_C,627,0,0,0
271,R1,SKU_D,248,0,0,426
271,R1,SKU_E,326,0,0,95
271,R2,SKU_A,603,0,0,467
271,R2,SKU_B,12,0,0,215
271,R2,SKU_C,426,0,0,0
271,R2,SKU_D,205,0,0,0
271,R2,SKU_E,335,0,0,160
271,R3,SKU_A,2823,0,0,0
271,R3,SKU_B,360,0,0,96
271,R3,SKU_C,1560,0,0,344
271,R3,SKU_D,907,0,0,0
271,R3,SKU_E,686,0,0,0
272,Supplier,SKU_A,0,0,0,0
272,Supplier,SKU_B,0,0,0,0
272,Supplier,SKU_C,0,0,0,0
272,Supplier,SKU_D,0,0,0,0
272,Supplier,SKU_E,0,0,0,0
272,W1,SKU_A,2488,0,0,0
272,W1,SKU_B,517,0,0,542
272,W1,SKU_C,1810,0,0,962
272,W1,SKU_D,875,0,0,0
272,W1,SKU_E,889,0,0,462
272,W2,SKU_A,878,0,0,1525
272,W2,SKU_B,669,0,0,0
272,W2,SKU_C,233,0,0,2264
272,W2,SKU_D,836,0,0,0
272,W2,SKU_E,878,0,0,736
272,R1,SKU_A,1101,0,0,0
272,R1,SKU_B,483,0,0,0
272,R1,SKU_C,523,0,0,0
272,R1,SKU_D,610,0,0,0
272,R1,SKU_E,381,0,0,0
272,R2,SKU_A,517,0,0,467
272,R2,SKU_B,0,45,0,215
272,R2,SKU_C,387,0,0,0
272,R2,SKU_D,154,0,0,0
272,R2,SKU_E,291,0,0,160
272,R3,SKU_A,2616,0,0,768
272,R3,SKU_B,290,0,0,280
272,R3,SKU_C,1432,0,0,704
272,R3,SKU_D,819,0,0,0
272,R3,SKU_E,621,0,0,0
273,Supplier,SKU_A,0,0,0,0
273,Supplier,SKU_B,0,0,0,0
273,Supplier,SKU_C,0,0,0,0
273,Supplier,SKU_D,0,0,0,0
273,Supplier,SKU_E,0,0,0,0
273,W1,SKU_A,2488,0,0,0
273,W1,SKU_B,517,0,0,542
273,W1,SKU_C,1810,0,0,962
273,W1,SKU_D,875,0,0,0
273,W1,SKU_E,651,0,0,462
273,W2,SKU_A,2403,0,0,0
273,W2,SKU_B,669,0,0,0
273,W2,SKU_C,233,0,0,2264
273,W2,SKU_D,0,0,493,0
273,W2,SKU_E,1614,0,0,0
273,R1,SKU_A,937,0,0,0
273,R1,SKU_B,422,0,0,0
273,R1,SKU_C,426,0,0,0
273,R1,SKU_D,531,0,0,0
273,R1,SKU_E,334,0,0,0
273,R2,SKU_A,879,0,0,0
273,R2,SKU_B,123,0,0,0
273,R2,SKU_C,340,0,0,354
273,R2,SKU_D,107,0,0,200
273,R2,SKU_E,416,0,0,149
273,R3,SKU_A,2417,0,0,768
273,R3,SKU_B,346,0,0,184
273,R3,SKU_C,1688,0,0,360
273,R3,SKU_D,737,0,0,836
273,R3,SKU_E,546,0,0,0
274,Supplier,SKU_A,0,0,0,0
274,Supplier,SKU_B,0,0,0,0
274,Supplier,SKU_C,0,0,0,0
274,Supplier,SKU_D,0,0,0,0
274,Supplier,SKU_E,0,0,0,0
274,W1,SKU_A,2028,0,0,0
274,W1,SKU_B,188,0,0,542
274,W1,SKU_C,1346,0,0,962
274,W1,SKU_D,875,0,0,0
274,W1,SKU_E,651,0,0,462
274,W2,SKU_A,2403,0,0,0
274,W2,SKU_B,559,0,0,0
274,W2,SKU_C,2497,0,0,0
274,W2,SKU_D,0,0,493,1329
274,W2,SKU_E,1614,0,0,0
274,R1,SKU_A,817,0,0,0
274,R1,SKU_B,392,0,0,231
274,R1,SKU_C,367,0,0,464
274,R1,SKU_D,487,0,0,0
274,R1,SKU_E,309,0,0,89
274,R2,SKU_A,798,0,0,0
274,R2,SKU_B,97,0,0,0
274,R2,SKU_C,303,0,0,354
274,R2,SKU_D,69,0,0,200
274,R2,SKU_E,389,0,0,149
274,R3,SKU_A,2306,0,0,768
274,R3,SKU_B,307,0,0,184
274,R3,SKU_C,1626,0,0,360
274,R3,SKU_D,677,0,0,836
274,R3,SKU_E,487,0,0,0
275,Supplier,SKU_A,0,0,0,0
275,Supplier,SKU_B,0,0,0,0
275,Supplier,SKU_C,0,0,0,0
275,Supplier,SKU_D,0,0,0,0
275,Supplier,SKU_E,0,0,0,0
275,W1,SKU_A,2028,0,0,0
275,W1,SKU_B,730,0,0,433
275,W1,SKU_C,2308,0,0,818
275,W1,SKU_D,875,0,0,0
275,W1,SKU_E,1113,0,0,493
275,W2,SKU_A,2403,0,0,0
275,W2,SKU_B,559,0,0,0
275,W2,SKU_C,2497,0,0,0
275,W2,SKU_D,0,0,493,1329
275,W2,SKU_E,1614,0,0,0
275,R1,SKU_A,707,0,0,0
275,R1,SKU_B,355,0,0,231
275,R1,SKU_C,302,0,0,464
275,R1,SKU_D,449,0,0,0
275,R1,SKU_E,277,0,0,89
275,R2,SKU_A,721,0,0,0
275,R2,SKU_B,70,0,0,0
275,R2,SKU_C,278,0,0,354
275,R2,SKU_D,38,0,0,200
275,R2,SKU_E,363,0,0,149
275,R3,SKU_A,2219,0,0,768
275,R3,SKU_B,282,0,0,184
275,R3,SKU_C,1577,0,0,360
275,R3,SKU_D,617,0,0,836
275,R3,SKU_E,445,0,0,0
276,Supplier,SKU_A,0,0,0,0
276,Supplier,SKU_B,0,0,0,0
276,Supplier,SKU_C,0,0,0,0
276,Supplier,SKU_D,0,0,0,0
276,Supplier,SKU_E,0,0,0,0
276,W1,SKU_A,1019,0,0,0
276,W1,SKU_B,730,0,0,433
276,W1,SKU_C,2308,0,0,818
276,W1,SKU_D,666,0,0,0
276,W1,SKU_E,1009,0,0,493
276,W2,SKU_A,1631,0,0,0
276,W2,SKU_B,559,0,0,0
276,W2,SKU_C,2170,0,0,0
276,W2,SKU_D,0,0,493,1329
276,W2,SKU_E,1614,0,0,0
276,R1,SKU_A,616,0,0,0
276,R1,SKU_B,541,0,0,0
276,R1,SKU_C,725,0,0,0
276,R1,SKU_D,407,0,0,0
276,R1,SKU_E,336,0,0,0
276,R2,SKU_A,649,0,0,460
276,R2,SKU_B,33,0,0,202
276,R2,SKU_C,606,0,0,0
276,R2,SKU_D,204,0,0,209
276,R2,SKU_E,476,0,0,0
276,R3,SKU_A,2850,0,0,772
276,R3,SKU_B,428,0,0,110
276,R3,SKU_C,1893,0,0,327
276,R3,SKU_D,556,0,0,836
276,R3,SKU_E,405,0,0,0
277,Supplier,SKU_A,0,0,0,0
277,Supplier,SKU_B,0,0,0,0
277,Supplier,SKU_C,0,0,0,0
277,Supplier,SKU_D,0,0,0,0
277,Supplier,SKU_E,0,0,0,0
277,W1,SKU_A,1019,0,0,2842
277,W1,SKU_B,618,0,0,433
277,W1,SKU_C,2308,0,0,818
277,W1,SKU_D,666,0,0,1455
277,W1,SKU_E,1009,0,0,493
277,W2,SKU_A,1631,0,0,1540
277,W2,SKU_B,457,0,0,0
277,W2,SKU_C,2170,0,0,0
277,W2,SKU_D,0,0,493,1329
277,W2,SKU_E,1614,0,0,0
277,R1,SKU_A,525,0,0,1009
277,R1,SKU_B,505,0,0,112
277,R1,SKU_C,675,0,0,0
277,R1,SKU_D,367,0,0,0
277,R1,SKU_E,301,0,0,104
277,R2,SKU_A,581,0,0,460
277,R2,SKU_B,5,0,0,202
277,R2,SKU_C,577,0,0,0
277,R2,SKU_D,148,0,0,209
277,R2,SKU_E,444,0,0,0
277,R3,SKU_A,2708,0,0,772
277,R3,SKU_B,386,0,0,110
277,R3,SKU_C,1822,0,0,327
277,R3,SKU_D,1321,0,0,0
277,R3,SKU_E,361,0,0,0
278,Supplier,SKU_A,0,0,0,0
278,Supplier,SKU_B,0,0,0,0
278,Supplier,SKU_C,0,0,0,0
278,Supplier,SKU_D,0,0,0,0
278,Supplier,SKU_E,0,0,0,0
278,W1,SKU_A,1019,0,0,2842
278,W1,SKU_B,618,0,0,433
278,W1,SKU_C,2308,0,0,818
278,W1,SKU_D,666,0,0,1455
278,W1,SKU_E,853,0,0,493
278,W2,SKU_A,1631,0,0,1540
278,W2,SKU_B,457,0,0,0
278,W2,SKU_C,2170,0,0,0
278,W2,SKU_D,0,0,493,1329
278,W2,SKU_E,941,0,0,0
278,R1,SKU_A,424,0,0,1009
278,R1,SKU_B,442,0,0,112
278,R1,SKU_C,587,0,0,0
278,R1,SKU_D,313,0,0,0
278,R1,SKU_E,267,0,0,104
278,R2,SKU_A,494,0,0,460
278,R2,SKU_B,0,60,0,202
278,R2,SKU_C,541,0,0,0
278,R2,SKU_D,103,0,0,209
278,R2,SKU_E,398,0,0,0
278,R3,SKU_A,2558,0,0,772
278,R3,SKU_B,320,0,0,212
278,R3,SKU_C,1729,0,0,327
278,R3,SKU_D,1246,0,0,0
278,R3,SKU_E,312,0,0,673
279,Supplier,SKU_A,0,0,0,0
279,Supplier,SKU_B,0,0,0,0
279,Supplier,SKU_C,0,0,0,0
279,Supplier,SKU_D,0,0,0,0
279,Supplier,SKU_E,0,0,0,0
279,W1,SKU_A,1019,0,0,2842
279,W1,SKU_B,336,0,0,433
279,W1,SKU_C,2308,0,0,818
279,W1,SKU_D,220,0,0,1455
279,W1,SKU_E,754,0,0,493
279,W2,SKU_A,1631,0,0,1540
279,W2,SKU_B,349,0,0,0
279,W2,SKU_C,2170,0,0,0
279,W2,SKU_D,0,0,493,1329
279,W2,SKU_E,941,0,0,673
279,R1,SKU_A,1279,0,0,0
279,R1,SKU_B,480,0,0,99
279,R1,SKU_C,476,0,0,0
279,R1,SKU_D,229,0,0,446
279,R1,SKU_E,314,0,0,99
279,R2,SKU_A,848,0,0,0
279,R2,SKU_B,89,0,0,0
279,R2,SKU_C,491,0,0,0
279,R2,SKU_D,258,0,0,0
279,R2,SKU_E,350,0,0,0
279,R3,SKU_A,2379,0,0,772
279,R3,SKU_B,248,0,0,212
279,R3,SKU_C,1589,0,0,327
279,R3,SKU_D,1106,0,0,0
279,R3,SKU_E,233,0,0,673
280,Supplier,SKU_A,0,0,0,0
280,Supplier,SKU_B,0,0,0,0
280,Supplier,SKU_C,0,0,0,0
280,Supplier,SKU_D,0,0,0,0
280,Supplier,SKU_E,0,0,0,0
280,W1,SKU_A,528,0,0,2842
280,W1,SKU_B,769,0,0,0
280,W1,SKU_C,3126,0,0,0
280,W1,SKU_D,220,0,0,1455
280,W1,SKU_E,1247,0,0,0
280,W2,SKU_A,1631,0,0,1540
280,W2,SKU_B,349,0,0,717
280,W2,SKU_C,1822,0,0,0
280,W2,SKU_D,836,0,0,0
280,W2,SKU_E,941,0,0,673
280,R1,SKU_A,1133,0,0,0
280,R1,SKU_B,417,0,0,99
280,R1,SKU_C,356,0,0,0
280,R1,SKU_D,145,0,0,446
280,R1,SKU_E,258,0,0,99
280,R2,SKU_A,752,0,0,491
280,R2,SKU_B,24,0,0,183
280,R2,SKU_C,448,0,0,0
280,R2,SKU_D,214,0,0,0
280,R2,SKU_E,304,0,0,156
280,R3,SKU_A,2956,0,0,0
280,R3,SKU_B,303,0,0,210
280,R3,SKU_C,1787,0,0,348
280,R3,SKU_D,984,0,0,493
280,R3,SKU_E,154,0,0,673
281,Supplier,SKU_A,0,0,0,0
281,Supplier,SKU_B,0,0,0,0
281,Supplier,SKU_C,0,0,0,0
281,Supplier,SKU_D,0,0,0,0
281,Supplier,SKU_E,0,0,0,0
281,W1,SKU_A,528,0,0,2842
281,W1,SKU_B,632,0,0,0
281,W1,SKU_C,2227,0,0,0
281,W1,SKU_D,0,0,13,1455
281,W1,SKU_E,994,0,0,0
281,W2,SKU_A,828,0,0,1540
281,W2,SKU_B,222,0,0,717
281,W2,SKU_C,1822,0,0,0
281,W2,SKU_D,836,0,0,0
281,W2,SKU_E,941,0,0,673
281,R1,SKU_A,1023,0,0,0
281,R1,SKU_B,465,0,0,137
281,R1,SKU_C,297,0,0,534
281,R1,SKU_D,543,0,0,0
281,R1,SKU_E,323,0,0,113
281,R2,SKU_A,667,0,0,491
281,R2,SKU_B,0,28,0,183
281,R2,SKU_C,415,0,0,0
281,R2,SKU_D,166,0,0,0
281,R2,SKU_E,261,0,0,156
281,R3,SKU_A,2775,0,0,0
281,R3,SKU_B,264,0,0,210
281,R3,SKU_C,1687,0,0,348
281,R3,SKU_D,897,0,0,493
281,R3,SKU_E,96,0,0,673
282,Supplier,SKU_A,0,0,0,0
282,Supplier,SKU_B,0,0,0,0
282,Supplier,SKU_C,0,0,0,0
282,Supplier,SKU_D,0,0,0,0
282,Supplier,SKU_E,0,0,0,0
282,W1,SKU_A,3370,0,0,0
282,W1,SKU_B,632,0,0,394
282,W1,SKU_C,2227,0,0,899
282,W1,SKU_D,1455,0,13,0
282,W1,SKU_E,994,0,0,612
282,W2,SKU_A,828,0,0,1540
282,W2,SKU_B,222,0,0,717
282,W2,SKU_C,1822,0,0,0
282,W2,SKU_D,836,0,0,0
282,W2,SKU_E,941,0,0,673
282,R1,SKU_A,934,0,0,0
282,R1,SKU_B,426,0,0,137
282,R1,SKU_C,235,0,0,534
282,R1,SKU_D,500,0,0,0
282,R1,SKU_E,290,0,0,113
282,R2,SKU_A,579,0,0,491
282,R2,SKU_B,0,62,0,183
282,R2,SKU_C,383,0,0,0
282,R2,SKU_D,121,0,0,0
282,R2,SKU_E,219,0,0,156
282,R3,SKU_A,2631,0,0,0
282,R3,SKU_B,329,0,0,108
282,R3,SKU_C,1604,0,0,348
282,R3,SKU_D,827,0,0,493
282,R3,SKU_E,704,0,0,0
283,Supplier,SKU_A,0,0,0,0
283,Supplier,SKU_B,0,0,0,0
283,Supplier,SKU_C,0,0,0,0
283,Supplier,SKU_D,0,0,0,0
283,Supplier,SKU_E,0,0,0,0
283,W1,SKU_A,3370,0,0,0
283,W1,SKU_B,338,0,0,394
283,W1,SKU_C,2227,0,0,899
283,W1,SKU_D,1442,0,0,0
283,W1,SKU_E,994,0,0,612
283,W2,SKU_A,2368,0,0,0
283,W2,SKU_B,222,0,0,717
283,W2,SKU_C,1822,0,0,0
283,W2,SKU_D,836,0,0,0
283,W2,SKU_E,941,0,0,673
283,R1,SKU_A,812,0,0,0
283,R1,SKU_B,524,0,0,0
283,R1,SKU_C,706,0,0,0
283,R1,SKU_D,436,0,0,0
283,R1,SKU_E,364,0,0,0
283,R2,SKU_A,974,0,0,0
283,R2,SKU_B,72,0,0,204
283,R2,SKU_C,351,0,0,365
283,R2,SKU_D,84,0,0,233
283,R2,SKU_E,328,0,0,140
283,R3,SKU_A,2466,0,0,803
283,R3,SKU_B,281,0,0,235
283,R3,SKU_C,1525,0,0,348
283,R3,SKU_D,723,0,0,493
283,R3,SKU_E,644,0,0,0
284,Supplier,SKU_A,0,0,0,0
284,Supplier,SKU_B,0,0,0,0
284,Supplier,SKU_C,0,0,0,0
284,Supplier,SKU_D,0,0,0,0
284,Supplier,SKU_E,0,0,0,0
284,W1,SKU_A,2466,0,0,0
284,W1,SKU_B,338,0,0,394
284,W1,SKU_C,2227,0,0,899
284,W1,SKU_D,1442,0,0,0
284,W1,SKU_E,756,0,0,612
284,W2,SKU_A,2368,0,0,0
284,W2,SKU_B,98,0,0,717
284,W2,SKU_C,1431,0,0,0
284,W2,SKU_D,836,0,0,0
284,W2,SKU_E,941,0,0,673
284,R1,SKU_A,706,0,0,904
284,R1,SKU_B,480,0,0,90
284,R1,SKU_C,629,0,0,0
284,R1,SKU_D,388,0,0,0
284,R1,SKU_E,333,0,0,106
284,R2,SKU_A,896,0,0,0
284,R2,SKU_B,30,0,0,204
284,R2,SKU_C,316,0,0,365
284,R2,SKU_D,40,0,0,233
284,R2,SKU_E,272,0,0,140
284,R3,SKU_A,2325,0,0,803
284,R3,SKU_B,344,0,0,127
284,R3,SKU_C,1791,0,0,0
284,R3,SKU_D,1138,0,0,0
284,R3,SKU_E,585,0,0,0
285,Supplier,SKU_A,0,0,0,0
285,Supplier,SKU_B,0,0,0,0
285,Supplier,SKU_C,0,0,0,0
285,Supplier,SKU_D,0,0,0,0
285,Supplier,SKU_E,0,0,0,0
285,W1,SKU_A,2466,0,0,0
285,W1,SKU_B,338,0,0,394
285,W1,SKU_C,2227,0,0,899
285,W1,SKU_D,1442,0,0,0
285,W1,SKU_E,756,0,0,612
285,W2,SKU_A,2368,0,0,0
285,W2,SKU_B,98,0,0,717
285,W2,SKU_C,1431,0,0,0
285,W2,SKU_D,836,0,0,0
285,W2,SKU_E,1614,0,0,0
285,R1,SKU_A,602,0,0,904
285,R1,SKU_B,436,0,0,90
285,R1,SKU_C,544,0,0,0
285,R1,SKU_D,326,0,0,0
285,R1,SKU_E,301,0,0,106
285,R2,SKU_A,821,0,0,0
285,R2,SKU_B,0,35,0,204
285,R2,SKU_C,279,0,0,365
285,R2,SKU_D,0,23,0,233
285,R2,SKU_E,223,0,0,140
285,R3,SKU_A,2140,0,0,803
285,R3,SKU_B,307,0,0,127
285,R3,SKU_C,1674,0,0,0
285,R3,SKU_D,1031,0,0,0
285,R3,SKU_E,521,0,0,0
286,Supplier,SKU_A,0,0,0,0
286,Supplier,SKU_B,0,0,0,0
286,Supplier,SKU_C,0,0,0,0
286,Supplier,SKU_D,0,0,0,0
286,Supplier,SKU_E,0,0,0,0
286,W1,SKU_A,1948,0,0,0
286,W1,SKU_B,211,0,0,825
286,W1,SKU_C,2227,0,0,899
286,W1,SKU_D,772,0,0,0
286,W1,SKU_E,756,0,0,612
286,W2,SKU_A,1552,0,0,0
286,W2,SKU_B,815,0,0,0
286,W2,SKU_C,1431,0,0,0
286,W2,SKU_D,836,0,0,0
286,W2,SKU_E,1614,0,0,0
286,R1,SKU_A,1333,0,0,0
286,R1,SKU_B,434,0,0,127
286,R1,SKU_C,416,0,0,0
286,R1,SKU_D,253,0,0,433
286,R1,SKU_E,343,0,0,0
286,R2,SKU_A,707,0,0,518
286,R2,SKU_B,107,0,0,0
286,R2,SKU_C,605,0,0,0
286,R2,SKU_D,167,0,0,237
286,R2,SKU_E,318,0,0,132
286,R3,SKU_A,1910,0,0,1619
286,R3,SKU_B,257,0,0,251
286,R3,SKU_C,1527,0,0,391
286,R3,SKU_D,890,0,0,0
286,R3,SKU_E,435,0,0,0
287,Supplier,SKU_A,0,0,0,0
287,Supplier,SKU_B,0,0,0,0
287,Supplier,SKU_C,0,0,0,0
287,Supplier,SKU_D,0,0,0,0
287,Supplier,SKU_E,0,0,0,0
287,W1,SKU_A,1948,0,0,0
287,W1,SKU_B,295,0,0,431
287,W1,SKU_C,2652,0,0,0
287,W1,SKU_D,772,0,0,0
287,W1,SKU_E,1091,0,0,0
287,W2,SKU_A,1552,0,0,1619
287,W2,SKU_B,683,0,0,0
287,W2,SKU_C,1085,0,0,0
287,W2,SKU_D,836,0,0,0
287,W2,SKU_E,1614,0,0,0
287,R1,SKU_A,1188,0,0,0
287,R1,SKU_B,356,0,0,127
287,R1,SKU_C,317,0,0,0
287,R1,SKU_D,198,0,0,433
287,R1,SKU_E,290,0,0,0
287,R2,SKU_A,595,0,0,518
287,R2,SKU_B,39,0,0,0
287,R2,SKU_C,554,0,0,0
287,R2,SKU_D,119,0,0,237
287,R2,SKU_E,280,0,0,132
287,R3,SKU_A,2506,0,0,816
287,R3,SKU_B,328,0,0,124
287,R3,SKU_C,1400,0,0,391
287,R3,SKU_D,769,0,0,0
287,R3,SKU_E,334,0,0,0
288,Supplier,SKU_A,0,0,0,0
288,Supplier,SKU_B,0,0,0,0
288,Supplier,SKU_C,0,0,0,0
288,Supplier,SKU_D,0,0,0,0
288,Supplier,SKU_E,0,0,0,0
288,W1,SKU_A,1948,0,0,0
288,W1,SKU_B,295,0,0,431
288,W1,SKU_C,2652,0,0,0
288,W1,SKU_D,772,0,0,0
288,W1,SKU_E,1091,0,0,0
288,W2,SKU_A,1552,0,0,1619
288,W2,SKU_B,683,0,0,0
288,W2,SKU_C,1085,0,0,0
288,W2,SKU_D,0,0,543,0
288,W2,SKU_E,914,0,0,0
288,R1,SKU_A,1084,0,0,0
288,R1,SKU_B,436,0,0,0
288,R1,SKU_C,246,0,0,0
288,R1,SKU_D,579,0,0,0
288,R1,SKU_E,257,0,0,0
288,R2,SKU_A,504,0,0,518
288,R2,SKU_B,0,22,0,0
288,R2,SKU_C,507,0,0,0
288,R2,SKU_D,75,0,0,237
288,R2,SKU_E,238,0,0,132
288,R3,SKU_A,2348,0,0,816
288,R3,SKU_B,289,0,0,256
288,R3,SKU_C,1320,0,0,737
288,R3,SKU_D,686,0,0,836
288,R3,SKU_E,265,0,0,700
289,Supplier,SKU_A,0,0,0,0
289,Supplier,SKU_B,0,0,0,0
289,Supplier,SKU_C,0,0,0,0
289,Supplier,SKU_D,0,0,0,0
289,Supplier,SKU_E,0,0,0,0
289,W1,SKU_A,1948,0,0,0
289,W1,SKU_B,170,0,0,431
289,W1,SKU_C,2652,0,0,0
289,W1,SKU_D,772,0,0,0
289,W1,SKU_E,1005,0,0,0
289,W2,SKU_A,1552,0,0,1619
289,W2,SKU_B,588,0,0,0
289,W2,SKU_C,1085,0,0,0
289,W2,SKU_D,0,0,543,1379
289,W2,SKU_E,914,0,0,700
289,R1,SKU_A,986,0,0,0
289,R1,SKU_B,395,0,0,217
289,R1,SKU_C,152,0,0,474
289,R1,SKU_D,538,0,0,0
289,R1,SKU_E,226,0,0,213
289,R2,SKU_A,934,0,0,0
289,R2,SKU_B,0,72,0,218
289,R2,SKU_C,471,0,0,0
289,R2,SKU_D,257,0,0,0
289,R2,SKU_E,330,0,0,150
289,R3,SKU_A,2178,0,0,816
289,R3,SKU_B,231,0,0,256
289,R3,SKU_C,1222,0,0,737
289,R3,SKU_D,607,0,0,836
289,R3,SKU_E,197,0,0,700
290,Supplier,SKU_A,0,0,0,0
290,Supplier,SKU_B,0,0,0,0
290,Supplier,SKU_C,0,0,0,0
290,Supplier,SKU_D,0,0,0,0
290,Supplier,SKU_E,0,0,0,0
290,W1,SKU_A,1948,0,0,0
290,W1,SKU_B,170,0,0,868
290,W1,SKU_C,2310,0,0,0
290,W1,SKU_D,582,0,0,0
290,W1,SKU_E,1005,0,0,515
290,W2,SKU_A,787,0,0,1619
290,W2,SKU_B,588,0,0,0
290,W2,SKU_C,1085,0,0,0
290,W2,SKU_D,0,0,543,1379
290,W2,SKU_E,914,0,0,700
290,R1,SKU_A,866,0,0,0
290,R1,SKU_B,342,0,0,217
290,R1,SKU_C,55,0,0,474
290,R1,SKU_D,487,0,0,0
290,R1,SKU_E,177,0,0,213
290,R2,SKU_A,831,0,0,0
290,R2,SKU_B,0,133,0,218
290,R2,SKU_C,419,0,0,0
290,R2,SKU_D,206,0,0,0
290,R2,SKU_E,253,0,0,150
290,R3,SKU_A,2819,0,0,0
290,R3,SKU_B,291,0,0,132
290,R3,SKU_C,1478,0,0,346
290,R3,SKU_D,493,0,0,836
290,R3,SKU_E,105,0,0,700
291,Supplier,SKU_A,0,0,0,0
291,Supplier,SKU_B,0,0,0,0
291,Supplier,SKU_C,0,0,0,0
291,Supplier,SKU_D,0,0,0,0
291,Supplier,SKU_E,0,0,0,0
291,W1,SKU_A,1440,0,0,0
291,W1,SKU_B,267,0,0,437
291,W1,SKU_C,2310,0,0,816
291,W1,SKU_D,582,0,0,1539
291,W1,SKU_E,728,0,0,515
291,W2,SKU_A,787,0,0,1619
291,W2,SKU_B,466,0,0,0
291,W2,SKU_C,645,0,0,0
291,W2,SKU_D,0,0,543,1379
291,W2,SKU_E,914,0,0,700
291,R1,SKU_A,705,0,0,0
291,R1,SKU_B,495,0,0,0
291,R1,SKU_C,414,0,0,0
291,R1,SKU_D,416,0,0,0
291,R1,SKU_E,330,0,0,0
291,R2,SKU_A,724,0,0,0
291,R2,SKU_B,0,174,0,218
291,R2,SKU_C,369,0,0,0
291,R2,SKU_D,149,0,0,0
291,R2,SKU_E,178,0,0,150
291,R3,SKU_A,2569,0,0,765
291,R3,SKU_B,219,0,0,349
291,R3,SKU_C,1335,0,0,786
291,R3,SKU_D,358,0,0,836
291,R3,SKU_E,0,2,0,700
292,Supplier,SKU_A,0,0,0,0
292,Supplier,SKU_B,0,0,0,0
292,Supplier,SKU_C,0,0,0,0
292,Supplier,SKU_D,0,0,0,0
292,Supplier,SKU_E,0,0,0,0
292,W1,SKU_A,429,0,0,2421
292,W1,SKU_B,267,0,0,896
292,W1,SKU_C,1834,0,0,816
292,W1,SKU_D,582,0,0,1539
292,W1,SKU_E,728,0,0,515
292,W2,SKU_A,787,0,0,1619
292,W2,SKU_B,466,0,0,0
292,W2,SKU_C,645,0,0,2212
292,W2,SKU_D,0,0,543,1379
292,W2,SKU_E,914,0,0,700
292,R1,SKU_A,546,0,0,1011
292,R1,SKU_B,436,0,0,94
292,R1,SKU_C,312,0,0,476
292,R1,SKU_D,366,0,0,0
292,R1,SKU_E,287,0,0,80
292,R2,SKU_A,630,0,0,508
292,R2,SKU_B,0,10,0,240
292,R2,SKU_C,319,0,0,342
292,R2,SKU_D,107,0,0,190
292,R2,SKU_E,264,0,0,197
292,R3,SKU_A,2318,0,0,765
292,R3,SKU_B,276,0,0,217
292,R3,SKU_C,1503,0,0,440
292,R3,SKU_D,1076,0,0,0
292,R3,SKU_E,598,0,0,0
293,Supplier,SKU_A,0,0,0,0
293,Supplier,SKU_B,0,0,0,0
293,Supplier,SKU_C,0,0,0,0
293,Supplier,SKU_D,0,0,0,0
293,Supplier,SKU_E,0,0,0,0
293,W1,SKU_A,429,0,0,2421
293,W1,SKU_B,144,0,0,896
293,W1,SKU_C,1834,0,0,816
293,W1,SKU_D,582,0,0,1539
293,W1,SKU_E,486,0,0,515
293,W2,SKU_A,2406,0,0,0
293,W2,SKU_B,319,0,0,0
293,W2,SKU_C,324,0,0,2212
293,W2,SKU_D,0,0,543,1379
293,W2,SKU_E,914,0,0,700
293,R1,SKU_A,340,0,0,1011
293,R1,SKU_B,365,0,0,94
293,R1,SKU_C,159,0,0,476
293,R1,SKU_D,301,0,0,0
293,R1,SKU_E,220,0,0,80
293,R2,SKU_A,505,0,0,508
293,R2,SKU_B,0,75,0,240
293,R2,SKU_C,257,0,0,342
293,R2,SKU_D,41,0,0,190
293,R2,SKU_E,189,0,0,197
293,R3,SKU_A,2013,0,0,765
293,R3,SKU_B,222,0,0,217
293,R3,SKU_C,1341,0,0,440
293,R3,SKU_D,935,0,0,0
293,R3,SKU_E,497,0,0,0
294,Supplier,SKU_A,0,0,0,0
294,Supplier,SKU_B,0,0,0,0
294,Supplier,SKU_C,0,0,0,0
294,Supplier,SKU_D,0,0,0,0
294,Supplier,SKU_E,0,0,0,0
294,W1,SKU_A,429,0,0,2421
294,W1,SKU_B,144,0,0,896
294,W1,SKU_C,1834,0,0,816
294,W1,SKU_D,0,0,92,1539
294,W1,SKU_E,486,0,0,515
294,W2,SKU_A,1425,0,0,0
294,W2,SKU_B,319,0,0,747
294,W2,SKU_C,324,0,0,2212
294,W2,SKU_D,0,0,543,1379
294,W2,SKU_E,914,0,0,700
294,R1,SKU_A,1160,0,0,0
294,R1,SKU_B,385,0,0,123
294,R1,SKU_C,496,0,0,0
294,R1,SKU_D,212,0,0,458
294,R1,SKU_E,251,0,0,103
294,R2,SKU_A,386,0,0,508
294,R2,SKU_B,0,128,0,240
294,R2,SKU_C,203,0,0,342
294,R2,SKU_D,0,6,0,190
294,R2,SKU_E,117,0,0,197
294,R3,SKU_A,1788,0,0,1746
294,R3,SKU_B,136,0,0,364
294,R3,SKU_C,1170,0,0,761
294,R3,SKU_D,806,0,0,0
294,R3,SKU_E,376,0,0,0
295,Supplier,SKU_A,0,0,0,0
295,Supplier,SKU_B,0,0,0,0
295,Supplier,SKU_C,0,0,0,0
295,Supplier,SKU_D,0,0,0,0
295,Supplier,SKU_E,0,0,0,0
295,W1,SKU_A,429,0,0,2421
295,W1,SKU_B,223,0,0,459
295,W1,SKU_C,1834,0,0,816
295,W1,SKU_D,0,0,92,1539
295,W1,SKU_E,738,0,0,0
295,W2,SKU_A,1425,0,0,1746
295,W2,SKU_B,179,0,0,747
295,W2,SKU_C,0,0,9,2212
295,W2,SKU_D,836,0,0,0
295,W2,SKU_E,956,0,0,0
295,R1,SKU_A,1009,0,0,0
295,R1,SKU_B,305,0,0,123
295,R1,SKU_C,384,0,0,0
295,R1,SKU_D,147,0,0,458
295,R1,SKU_E,200,0,0,103
295,R2,SKU_A,777,0,0,0
295,R2,SKU_B,40,0,0,213
295,R2,SKU_C,503,0,0,0
295,R2,SKU_D,110,0,0,124
295,R2,SKU_E,265,0,0,286
295,R3,SKU_A,2365,0,0,981
295,R3,SKU_B,289,0,0,287
295,R3,SKU_C,1471,0,0,645
295,R3,SKU_D,715,0,0,543
295,R3,SKU_E,269,0,0,658
296,Supplier,SKU_A,0,0,0,0
296,Supplier,SKU_B,0,0,0,0
296,Supplier,SKU_C,0,0,0,0
296,Supplier,SKU_D,0,0,0,0
296,Supplier,SKU_E,0,0,0,0
296,W1,SKU_A,0,0,133,2421
296,W1,SKU_B,223,0,0,940
296,W1,SKU_C,2144,0,0,0
296,W1,SKU_D,1447,0,0,0
296,W1,SKU_E,738,0,0,605
296,W2,SKU_A,1425,0,0,1746
296,W2,SKU_B,179,0,0,747
296,W2,SKU_C,0,0,9,2212
296,W2,SKU_D,836,0,0,0
296,W2,SKU_E,956,0,0,658
296,R1,SKU_A,892,0,0,0
296,R1,SKU_B,386,0,0,145
296,R1,SKU_C,306,0,0,506
296,R1,SKU_D,544,0,0,0
296,R1,SKU_E,270,0,0,116
296,R2,SKU_A,687,0,0,0
296,R2,SKU_B,0,19,0,213
296,R2,SKU_C,451,0,0,0
296,R2,SKU_D,65,0,0,124
296,R2,SKU_E,220,0,0,286
296,R3,SKU_A,2190,0,0,981
296,R3,SKU_B,233,0,0,287
296,R3,SKU_C,1347,0,0,645
296,R3,SKU_D,611,0,0,543
296,R3,SKU_E,183,0,0,658
297,Supplier,SKU_A,0,0,0,0
297,Supplier,SKU_B,0,0,0,0
297,Supplier,SKU_C,0,0,0,0
297,Supplier,SKU_D,0,0,0,0
297,Supplier,SKU_E,0,0,0,0
297,W1,SKU_A,2288,0,0,0
297,W1,SKU_B,560,0,0,481
297,W1,SKU_C,1782,0,0,0
297,W1,SKU_D,1447,0,0,0
297,W1,SKU_E,654,0,0,605
297,W2,SKU_A,1425,0,0,1746
297,W2,SKU_B,59,0,0,747
297,W2,SKU_C,0,0,9,2212
297,W2,SKU_D,836,0,0,0
297,W2,SKU_E,956,0,0,658
297,R1,SKU_A,766,0,0,0
297,R1,SKU_B,340,0,0,145
297,R1,SKU_C,210,0,0,506
297,R1,SKU_D,488,0,0,0
297,R1,SKU_E,233,0,0,116
297,R2,SKU_A,595,0,0,0
297,R2,SKU_B,0,66,0,213
297,R2,SKU_C,415,0,0,0
297,R2,SKU_D,9,0,0,124
297,R2,SKU_E,175,0,0,286
297,R3,SKU_A,2046,0,0,981
297,R3,SKU_B,182,0,0,287
297,R3,SKU_C,1254,0,0,645
297,R3,SKU_D,538,0,0,543
297,R3,SKU_E,114,0,0,658
298,Supplier,SKU_A,0,0,0,0
298,Supplier,SKU_B,0,0,0,0
298,Supplier,SKU_C,0,0,0,0
298,Supplier,SKU_D,0,0,0,0
298,Supplier,SKU_E,0,0,0,0
298,W1,SKU_A,1338,0,0,0
298,W1,SKU_B,560,0,0,481
298,W1,SKU_C,1782,0,0,0
298,W1,SKU_D,1225,0,0,0
298,W1,SKU_E,515,0,0,605
298,W2,SKU_A,693,0,0,1746
298,W2,SKU_B,59,0,0,747
298,W2,SKU_C,1847,0,0,0
298,W2,SKU_D,836,0,0,0
298,W2,SKU_E,956,0,0,658
298,R1,SKU_A,646,0,0,950
298,R1,SKU_B,436,0,0,122
298,R1,SKU_C,628,0,0,0
298,R1,SKU_D,447,0,0,0
298,R1,SKU_E,300,0,0,84
298,R2,SKU_A,530,0,0,562
298,R2,SKU_B,114,0,0,0
298,R2,SKU_C,379,0,0,362
298,R2,SKU_D,95,0,0,314
298,R2,SKU_E,411,0,0,139
298,R3,SKU_A,2908,0,0,0
298,R3,SKU_B,265,0,0,140
298,R3,SKU_C,1466,0,0,324
298,R3,SKU_D,445,0,0,543
298,R3,SKU_E,13,0,0,658
299,Supplier,SKU_A,0,0,0,0
299,Supplier,SKU_B,0,0,0,0
299,Supplier,SKU_C,0,0,0,0
299,Supplier,SKU_D,0,0,0,0
299,Supplier,SKU_E,0,0,0,0
299,W1,SKU_A,1338,0,0,2523
299,W1,SKU_B,254,0,0,481
299,W1,SKU_C,1782,0,0,982
299,W1,SKU_D,1225,0,0,0
299,W1,SKU_E,429,0,0,1091
299,W2,SKU_A,693,0,0,1746
299,W2,SKU_B,0,0,56,747
299,W2,SKU_C,1847,0,0,0
299,W2,SKU_D,836,0,0,0
299,W2,SKU_E,956,0,0,658
299,R1,SKU_A,518,0,0,950
299,R1,SKU_B,378,0,0,122
299,R1,SKU_C,508,0,0,0
299,R1,SKU_D,392,0,0,0
299,R1,SKU_E,259,0,0,84
299,R2,SKU_A,455,0,0,562
299,R2,SKU_B,70,0,0,0
299,R2,SKU_C,341,0,0,362
299,R2,SKU_D,43,0,0,314
299,R2,SKU_E,365,0,0,139
299,R3,SKU_A,2709,0,0,732
299,R3,SKU_B,327,0,0,179
299,R3,SKU_C,1681,0,0,365
299,R3,SKU_D,854,0,0,0
299,R3,SKU_E,573,0,0,0
300,Supplier,SKU_A,0,0,0,0
300,Supplier,SKU_B,0,0,0,0
300,Supplier,SKU_C,0,0,0,0
300,Supplier,SKU_D,0,0,0,0
300,Supplier,SKU_E,0,0,0,0
300,W1,SKU_A,1338,0,0,2523
300,W1,SKU_B,254,0,0,481
300,W1,SKU_C,1782,0,0,982
300,W1,SKU_D,1225,0,0,0
300,W1,SKU_E,429,0,0,1091
300,W2,SKU_A,693,0,0,1746
300,W2,SKU_B,691,0,0,0
300,W2,SKU_C,1847,0,0,0
300,W2,SKU_D,0,0,458,0
300,W2,SKU_E,956,0,0,658
300,R1,SKU_A,1309,0,0,0
300,R1,SKU_B,417,0,0,0
300,R1,SKU_C,356,0,0,0
300,R1,SKU_D,308,0,0,0
300,R1,SKU_E,277,0,0,0
300,R2,SKU_A,344,0,0,562
300,R2,SKU_B,24,0,0,0
300,R2,SKU_C,285,0,0,362
300,R2,SKU_D,0,13,0,314
300,R2,SKU_E,315,0,0,139
300,R3,SKU_A,2437,0,0,732
300,R3,SKU_B,231,0,0,235
300,R3,SKU_C,1464,0,0,365
300,R3,SKU_D,682,0,0,836
300,R3,SKU_E,468,0,0,0
301,Supplier,SKU_A,0,0,0,0
301,Supplier,SKU_B,0,0,0,0
301,Supplier,SKU_C,0,0,0,0
301,Supplier,SKU_D,0,0,0,0
301,Supplier,SKU_E,0,0,0,0
301,W1,SKU_A,1338,0,0,2523
301,W1,SKU_B,594,0,0,0
301,W1,SKU_C,1248,0,0,982
301,W1,SKU_D,774,0,0,0
301,W1,SKU_E,781,0,0,486
301,W2,SKU_A,2439,0,0,0
301,W2,SKU_B,517,0,0,0
301,W2,SKU_C,1412,0,0,0
301,W2,SKU_D,0,0,458,1294
301,W2,SKU_E,956,0,0,658
301,R1,SKU_A,1126,0,0,0
301,R1,SKU_B,341,0,0,236
301,R1,SKU_C,227,0,0,534
301,R1,SKU_D,230,0,0,451
301,R1,SKU_E,227,0,0,193
301,R2,SKU_A,817,0,0,0
301,R2,SKU_B,0,53,0,211
301,R2,SKU_C,581,0,0,0
301,R2,SKU_D,249,0,0,0
301,R2,SKU_E,399,0,0,146
301,R3,SKU_A,2177,0,0,732
301,R3,SKU_B,183,0,0,235
301,R3,SKU_C,1314,0,0,365
301,R3,SKU_D,561,0,0,836
301,R3,SKU_E,364,0,0,0
302,Supplier,SKU_A,0,0,0,0
302,Supplier,SKU_B,0,0,0,0
302,Supplier,SKU_C,0,0,0,0
302,Supplier,SKU_D,0,0,0,0
302,Supplier,SKU_E,0,0,0,0
302,W1,SKU_A,816,0,0,2523
302,W1,SKU_B,594,0,0,428
302,W1,SKU_C,1248,0,0,1878
302,W1,SKU_D,576,0,0,0
302,W1,SKU_E,781,0,0,486
302,W2,SKU_A,1589,0,0,0
302,W2,SKU_B,517,0,0,0
302,W2,SKU_C,1412,0,0,0
302,W2,SKU_D,0,0,458,1294
302,W2,SKU_E,944,0,0,0
302,R1,SKU_A,1024,0,0,0
302,R1,SKU_B,282,0,0,236
302,R1,SKU_C,147,0,0,534
302,R1,SKU_D,177,0,0,451
302,R1,SKU_E,188,0,0,193
302,R2,SKU_A,732,0,0,0
302,R2,SKU_B,0,99,0,211
302,R2,SKU_C,544,0,0,0
302,R2,SKU_D,203,0,0,0
302,R2,SKU_E,336,0,0,146
302,R3,SKU_A,2028,0,0,1582
302,R3,SKU_B,132,0,0,409
302,R3,SKU_C,1242,0,0,800
302,R3,SKU_D,503,0,0,836
302,R3,SKU_E,283,0,0,670
303,Supplier,SKU_A,0,0,0,0
303,Supplier,SKU_B,0,0,0,0
303,Supplier,SKU_C,0,0,0,0
303,Supplier,SKU_D,0,0,0,0
303,Supplier,SKU_E,0,0,0,0
303,W1,SKU_A,816,0,0,2523
303,W1,SKU_B,246,0,0,428
303,W1,SKU_C,1248,0,0,1878
303,W1,SKU_D,576,0,0,0
303,W1,SKU_E,692,0,0,486
303,W2,SKU_A,1589,0,0,1582
303,W2,SKU_B,418,0,0,0
303,W2,SKU_C,1412,0,0,0
303,W2,SKU_D,0,0,458,1294
303,W2,SKU_E,944,0,0,670
303,R1,SKU_A,907,0,0,0
303,R1,SKU_B,475,0,0,0
303,R1,SKU_C,600,0,0,0
303,R1,SKU_D,578,0,0,0
303,R1,SKU_E,338,0,0,0
303,R2,SKU_A,660,0,0,0
303,R2,SKU_B,0,141,0,211
303,R2,SKU_C,502,0,0,0
303,R2,SKU_D,160,0,0,0
303,R2,SKU_E,283,0,0,146
303,R3,SKU_A,2571,0,0,850
303,R3,SKU_B,261,0,0,230
303,R3,SKU_C,1531,0,0,435
303,R3,SKU_D,407,0,0,836
303,R3,SKU_E,224,0,0,670
304,Supplier,SKU_A,0,0,0,0
304,Supplier,SKU_B,0,0,0,0
304,Supplier,SKU_C,0,0,0,0
304,Supplier,SKU_D,0,0,0,0
304,Supplier,SKU_E,0,0,0,0
304,W1,SKU_A,3339,0,0,0
304,W1,SKU_B,246,0,0,917
304,W1,SKU_C,2230,0,0,896
304,W1,SKU_D,576,0,0,1545
304,W1,SKU_E,1007,0,0,0
304,W2,SKU_A,1589,0,0,1582
304,W2,SKU_B,418,0,0,0
304,W2,SKU_C,1412,0,0,0
304,W2,SKU_D,0,0,458,1294
304,W2,SKU_E,944,0,0,670
304,R1,SKU_A,798,0,0,0
304,R1,SKU_B,438,0,0,0
304,R1,SKU_C,541,0,0,0
304,R1,SKU_D,536,0,0,0
304,R1,SKU_E,308,0,0,0
304,R2,SKU_A,596,0,0,522
304,R2,SKU_B,23,0,0,213
304,R2,SKU_C,468,0,0,0
304,R2,SKU_D,114,0,0,198
304,R2,SKU_E,369,0,0,171
304,R3,SKU_A,2425,0,0,850
304,R3,SKU_B,254,0,0,174
304,R3,SKU_C,1439,0,0,435
304,R3,SKU_D,1168,0,0,0
304,R3,SKU_E,143,0,0,670
305,Supplier,SKU_A,0,0,0,0
305,Supplier,SKU_B,0,0,0,0
305,Supplier,SKU_C,0,0,0,0
305,Supplier,SKU_D,0,0,0,0
305,Supplier,SKU_E,0,0,0,0
305,W1,SKU_A,2421,0,0,0
305,W1,SKU_B,246,0,0,917
305,W1,SKU_C,1885,0,0,896
305,W1,SKU_D,576,0,0,1545
305,W1,SKU_E,1007,0,0,0
305,W2,SKU_A,1589,0,0,1582
305,W2,SKU_B,305,0,0,0
305,W2,SKU_C,1022,0,0,0
305,W2,SKU_D,0,0,458,1294
305,W2,SKU_E,944,0,0,670
305,R1,SKU_A,660,0,0,918
305,R1,SKU_B,386,0,0,135
305,R1,SKU_C,468,0,0,0
305,R1,SKU_D,470,0,0,0
305,R1,SKU_E,260,0,0,89
305,R2,SKU_A,508,0,0,522
305,R2,SKU_B,0,33,0,213
305,R2,SKU_C,421,0,0,0
305,R2,SKU_D,55,0,0,198
305,R2,SKU_E,321,0,0,171
305,R3,SKU_A,2261,0,0,850
305,R3,SKU_B,180,0,0,386
305,R3,SKU_C,1330,0,0,825
305,R3,SKU_D,1072,0,0,0
305,R3,SKU_E,59,0,0,670
306,Supplier,SKU_A,0,0,0,0
306,Supplier,SKU_B,0,0,0,0
306,Supplier,SKU_C,0,0,0,0
306,Supplier,SKU_D,0,0,0,0
306,Supplier,SKU_E,0,0,0,0
306,W1,SKU_A,2421,0,0,0
306,W1,SKU_B,114,0,0,917
306,W1,SKU_C,1885,0,0,896
306,W1,SKU_D,382,0,0,1545
306,W1,SKU_E,886,0,0,0
306,W2,SKU_A,1589,0,0,1582
306,W2,SKU_B,305,0,0,761
306,W2,SKU_C,1022,0,0,0
306,W2,SKU_D,0,0,458,1294
306,W2,SKU_E,944,0,0,670
306,R1,SKU_A,526,0,0,918
306,R1,SKU_B,326,0,0,135
306,R1,SKU_C,383,0,0,0
306,R1,SKU_D,414,0,0,0
306,R1,SKU_E,207,0,0,89
306,R2,SKU_A,427,0,0,522
306,R2,SKU_B,0,86,0,213
306,R2,SKU_C,384,0,0,0
306,R2,SKU_D,8,0,0,198
306,R2,SKU_E,270,0,0,171
306,R3,SKU_A,2953,0,0,0
306,R3,SKU_B,294,0,0,212
306,R3,SKU_C,1657,0,0,390
306,R3,SKU_D,956,0,0,0
306,R3,SKU_E,628,0,0,0
307,Supplier,SKU_A,0,0,0,0
307,Supplier,SKU_B,0,0,0,0
307,Supplier,SKU_C,0,0,0,0
307,Supplier,SKU_D,0,0,0,0
307,Supplier,SKU_E,0,0,0,0
307,W1,SKU_A,2421,0,0,0
307,W1,SKU_B,344,0,0,489
307,W1,SKU_C,2274,0,0,0
307,W1,SKU_D,382,0,0,1545
307,W1,SKU_E,727,0,0,599
307,W2,SKU_A,783,0,0,1582
307,W2,SKU_B,171,0,0,761
307,W2,SKU_C,1022,0,0,0
307,W2,SKU_D,836,0,0,0
307,W2,SKU_E,944,0,0,670
307,R1,SKU_A,1275,0,0,0
307,R1,SKU_B,365,0,0,132
307,R1,SKU_C,237,0,0,507
307,R1,SKU_D,330,0,0,0
307,R1,SKU_E,244,0,0,121
307,R2,SKU_A,832,0,0,0
307,R2,SKU_B,62,0,0,198
307,R2,SKU_C,324,0,0,345
307,R2,SKU_D,134,0,0,194
307,R2,SKU_E,382,0,0,159
307,R3,SKU_A,2694,0,0,806
307,R3,SKU_B,233,0,0,346
307,R3,SKU_C,1521,0,0,390
307,R3,SKU_D,824,0,0,458
307,R3,SKU_E,499,0,0,0
308,Supplier,SKU_A,0,0,0,0
308,Supplier,SKU_B,0,0,0,0
308,Supplier,SKU_C,0,0,0,0
308,Supplier,SKU_D,0,0,0,0
308,Supplier,SKU_E,0,0,0,0
308,W1,SKU_A,1914,0,0,0
308,W1,SKU_B,188,0,0,489
308,W1,SKU_C,2274,0,0,0
308,W1,SKU_D,0,0,47,1545
308,W1,SKU_E,622,0,0,599
308,W2,SKU_A,783,0,0,1582
308,W2,SKU_B,171,0,0,761
308,W2,SKU_C,669,0,0,0
308,W2,SKU_D,836,0,0,0
308,W2,SKU_E,944,0,0,670
308,R1,SKU_A,1109,0,0,0
308,R1,SKU_B,259,0,0,288
308,R1,SKU_C,92,0,0,507
308,R1,SKU_D,244,0,0,382
308,R1,SKU_E,182,0,0,226
308,R2,SKU_A,723,0,0,0
308,R2,SKU_B,1,0,0,198
308,R2,SKU_C,274,0,0,345
308,R2,SKU_D,82,0,0,194
308,R2,SKU_E,338,0,0,159
308,R3,SKU_A,2477,0,0,806
308,R3,SKU_B,140,0,0,346
308,R3,SKU_C,1398,0,0,390
308,R3,SKU_D,711,0,0,458
308,R3,SKU_E,383,0,0,0
309,Supplier,SKU_A,0,0,0,0
309,Supplier,SKU_B,0,0,0,0
309,Supplier,SKU_C,0,0,0,0
309,Supplier,SKU_D,0,0,0,0
309,Supplier,SKU_E,0,0,0,0
309,W1,SKU_A,1914,0,0,0
309,W1,SKU_B,571,0,0,0
309,W1,SKU_C,2274,0,0,0
309,W1,SKU_D,1498,0,0,0
309,W1,SKU_E,622,0,0,599
309,W2,SKU_A,2365,0,0,0
309,W2,SKU_B,17,0,0,761
309,W2,SKU_C,669,0,0,2188
309,W2,SKU_D,836,0,0,0
309,W2,SKU_E,1614,0,0,0
309,R1,SKU_A,1002,0,0,0
309,R1,SKU_B,329,0,0,156
309,R1,SKU_C,545,0,0,0
309,R1,SKU_D,200,0,0,382
309,R1,SKU_E,261,0,0,105
309,R2,SKU_A,640,0,0,0
309,R2,SKU_B,0,51,0,198
309,R2,SKU_C,231,0,0,345
309,R2,SKU_D,31,0,0,194
309,R2,SKU_E,298,0,0,159
309,R3,SKU_A,2308,0,0,806
309,R3,SKU_B,288,0,0,134
309,R3,SKU_C,1678,0,0,0
309,R3,SKU_D,629,0,0,458
309,R3,SKU_E,308,0,0,0
310,Supplier,SKU_A,0,0,0,0
310,Supplier,SKU_B,0,0,0,0
310,Supplier,SKU_C,0,0,0,0
310,Supplier,SKU_D,0,0,0,0
310,Supplier,SKU_E,0,0,0,0
310,W1,SKU_A,1914,0,0,0
310,W1,SKU_B,571,0,0,592
310,W1,SKU_C,2274,0,0,852
310,W1,SKU_D,1276,0,0,0
310,W1,SKU_E,375,0,0,599
310,W2,SKU_A,2365,0,0,0
310,W2,SKU_B,17,0,0,761
310,W2,SKU_C,669,0,0,2188
310,W2,SKU_D,836,0,0,0
310,W2,SKU_E,888,0,0,0
310,R1,SKU_A,892,0,0,0
310,R1,SKU_B,444,0,0,0
310,R1,SKU_C,489,0,0,0
310,R1,SKU_D,543,0,0,0
310,R1,SKU_E,321,0,0,0
310,R2,SKU_A,536,0,0,507
310,R2,SKU_B,90,0,0,0
310,R2,SKU_C,535,0,0,0
310,R2,SKU_D,171,0,0,222
310,R2,SKU_E,396,0,0,143
310,R3,SKU_A,2129,0,0,806
310,R3,SKU_B,225,0,0,288
310,R3,SKU_C,1583,0,0,353
310,R3,SKU_D,556,0,0,458
310,R3,SKU_E,218,0,0,726
311,Supplier,SKU_A,0,0,0,0
311,Supplier,SKU_B,0,0,0,0
311,Supplier,SKU_C,0,0,0,0
311,Supplier,SKU_D,0,0,0,0
311,Supplier,SKU_E,0,0,0,0
311,W1,SKU_A,1914,0,0,0
311,W1,SKU_B,233,0,0,592
311,W1,SKU_C,2274,0,0,852
311,W1,SKU_D,1276,0,0,0
311,W1,SKU_E,375,0,0,599
311,W2,SKU_A,1541,0,0,0
311,W2,SKU_B,0,0,110,761
311,W2,SKU_C,341,0,0,2188
311,W2,SKU_D,836,0,0,0
311,W2,SKU_E,888,0,0,726
311,R1,SKU_A,761,0,0,0
311,R1,SKU_B,397,0,0,209
311,R1,SKU_C,418,0,0,0
311,R1,SKU_D,499,0,0,47
311,R1,SKU_E,280,0,0,104
311,R2,SKU_A,440,0,0,507
311,R2,SKU_B,56,0,0,0
311,R2,SKU_C,489,0,0,0
311,R2,SKU_D,122,0,0,222
311,R2,SKU_E,335,0,0,143
311,R3,SKU_A,2780,0,0,0
311,R3,SKU_B,302,0,0,154
311,R3,SKU_C,1501,0,0,353
311,R3,SKU_D,929,0,0,0
311,R3,SKU_E,142,0,0,726
312,Supplier,SKU_A,0,0,0,0
312,Supplier,SKU_B,0,0,0,0
312,Supplier,SKU_C,0,0,0,0
312,Supplier,SKU_D,0,0,0,0
312,Supplier,SKU_E,0,0,0,0
312,W1,SKU_A,959,0,0,0
312,W1,SKU_B,233,0,0,592
312,W1,SKU_C,1802,0,0,852
312,W1,SKU_D,1276,0,0,0
312,W1,SKU_E,888,0,0,0
312,W2,SKU_A,1541,0,0,1630
312,W2,SKU_B,761,0,110,0
312,W2,SKU_C,341,0,0,2188
312,W2,SKU_D,836,0,0,0
312,W2,SKU_E,888,0,0,726
312,R1,SKU_A,624,0,0,955
312,R1,SKU_B,323,0,0,209
312,R1,SKU_C,326,0,0,472
312,R1,SKU_D,436,0,0,47
312,R1,SKU_E,227,0,0,190
312,R2,SKU_A,343,0,0,507
312,R2,SKU_B,13,0,0,0
312,R2,SKU_C,440,0,0,0
312,R2,SKU_D,69,0,0,222
312,R2,SKU_E,271,0,0,143
312,R3,SKU_A,2588,0,0,0
312,R3,SKU_B,211,0,0,154
312,R3,SKU_C,1380,0,0,353
312,R3,SKU_D,839,0,0,0
312,R3,SKU_E,61,0,0,726
313,Supplier,SKU_A,0,0,0,0
313,Supplier,SKU_B,0,0,0,0
313,Supplier,SKU_C,0,0,0,0
313,Supplier,SKU_D,0,0,0,0
313,Supplier,SKU_E,0,0,0,0
313,W1,SKU_A,470,0,0,2902
313,W1,SKU_B,112,0,0,930
313,W1,SKU_C,1429,0,0,852
313,W1,SKU_D,1276,0,0,0
313,W1,SKU_E,702,0,0,632
313,W2,SKU_A,1541,0,0,1630
313,W2,SKU_B,503,0,0,0
313,W2,SKU_C,341,0,0,2188
313,W2,SKU_D,0,0,473,0
313,W2,SKU_E,888,0,0,726
313,R1,SKU_A,515,0,0,955
313,R1,SKU_B,467,0,0,0
313,R1,SKU_C,245,0,0,472
313,R1,SKU_D,425,0,0,0
313,R1,SKU_E,267,0,0,86
313,R2,SKU_A,760,0,0,489
313,R2,SKU_B,0,24,0,235
313,R2,SKU_C,414,0,0,373
313,R2,SKU_D,237,0,0,0
313,R2,SKU_E,357,0,0,186
313,R3,SKU_A,2403,0,0,824
313,R3,SKU_B,122,0,0,429
313,R3,SKU_C,1281,0,0,681
313,R3,SKU_D,729,0,0,836
313,R3,SKU_E,0,40,0,726
314,Supplier,SKU_A,0,0,0,0
314,Supplier,SKU_B,0,0,0,0
314,Supplier,SKU_C,0,0,0,0
314,Supplier,SKU_D,0,0,0,0
314,Supplier,SKU_E,0,0,0,0
314,W1,SKU_A,470,0,0,2902
314,W1,SKU_B,112,0,0,930
314,W1,SKU_C,1429,0,0,852
314,W1,SKU_D,1066,0,0,0
314,W1,SKU_E,585,0,0,632
314,W2,SKU_A,1541,0,0,1630
314,W2,SKU_B,414,0,0,0
314,W2,SKU_C,341,0,0,2188
314,W2,SKU_D,0,0,473,1309
314,W2,SKU_E,888,0,0,726
314,R1,SKU_A,1310,0,0,0
314,R1,SKU_B,378,0,0,0
314,R1,SKU_C,597,0,0,0
314,R1,SKU_D,351,0,0,0
314,R1,SKU_E,291,0,0,0
314,R2,SKU_A,665,0,0,489
314,R2,SKU_B,0,93,0,235
314,R2,SKU_C,363,0,0,373
314,R2,SKU_D,155,0,0,0
314,R2,SKU_E,297,0,0,186
314,R3,SKU_A,2201,0,0,824
314,R3,SKU_B,199,0,0,275
314,R3,SKU_C,1496,0,0,328
314,R3,SKU_D,612,0,0,836
314,R3,SKU_E,559,0,0,0
315,Supplier,SKU_A,0,0,0,0
315,Supplier,SKU_B,0,0,0,0
315,Supplier,SKU_C,0,0,0,0
315,Supplier,SKU_D,0,0,0,0
315,Supplier,SKU_E,0,0,0,0
315,W1,SKU_A,470,0,0,2902
315,W1,SKU_B,367,0,0,338
315,W1,SKU_C,2281,0,0,0
315,W1,SKU_D,658,0,0,0
315,W1,SKU_E,585,0,0,632
315,W2,SKU_A,807,0,0,1630
315,W2,SKU_B,414,0,0,0
315,W2,SKU_C,2089,0,0,0
315,W2,SKU_D,0,0,473,1309
315,W2,SKU_E,888,0,0,726
315,R1,SKU_A,1126,0,0,0
315,R1,SKU_B,287,0,0,275
315,R1,SKU_C,450,0,0,0
315,R1,SKU_D,252,0,0,408
315,R1,SKU_E,225,0,0,117
315,R2,SKU_A,557,0,0,489
315,R2,SKU_B,0,149,0,235
315,R2,SKU_C,295,0,0,373
315,R2,SKU_D,97,0,0,0
315,R2,SKU_E,231,0,0,186
315,R3,SKU_A,1978,0,0,824
315,R3,SKU_B,135,0,0,275
315,R3,SKU_C,1327,0,0,328
315,R3,SKU_D,522,0,0,836
315,R3,SKU_E,469,0,0,0
316,Supplier,SKU_A,0,0,0,0
316,Supplier,SKU_B,0,0,0,0
316,Supplier,SKU_C,0,0,0,0
316,Supplier,SKU_D,0,0,0,0
316,Supplier,SKU_E,0,0,0,0
316,W1,SKU_A,470,0,0,2902
316,W1,SKU_B,276,0,0,796
316,W1,SKU_C,1841,0,0,845
316,W1,SKU_D,658,0,0,1463
316,W1,SKU_E,274,0,0,632
316,W2,SKU_A,807,0,0,1630
316,W2,SKU_B,273,0,0,0
316,W2,SKU_C,2089,0,0,0
316,W2,SKU_D,0,0,473,1309
316,W2,SKU_E,888,0,0,726
316,R1,SKU_A,1012,0,0,0
316,R1,SKU_B,243,0,0,275
316,R1,SKU_C,393,0,0,0
316,R1,SKU_D,197,0,0,408
316,R1,SKU_E,174,0,0,117
316,R2,SKU_A,941,0,0,0
316,R2,SKU_B,35,0,0,183
316,R2,SKU_C,628,0,0,0
316,R2,SKU_D,46,0,0,210
316,R2,SKU_E,360,0,0,183
316,R3,SKU_A,1814,0,0,1558
316,R3,SKU_B,52,0,0,505
316,R3,SKU_C,1241,0,0,768
316,R3,SKU_D,421,0,0,836
316,R3,SKU_E,383,0,0,0
317,Supplier,SKU_A,0,0,0,0
317,Supplier,SKU_B,0,0,0,0
317,Supplier,SKU_C,0,0,0,0
317,Supplier,SKU_D,0,0,0,0
317,Supplier,SKU_E,0,0,0,0
317,W1,SKU_A,470,0,0,2902
317,W1,SKU_B,276,0,0,796
317,W1,SKU_C,1841,0,0,845
317,W1,SKU_D,467,0,0,1463
317,W1,SKU_E,274,0,0,632
317,W2,SKU_A,807,0,0,1630
317,W2,SKU_B,273,0,0,793
317,W2,SKU_C,2089,0,0,0
317,W2,SKU_D,0,0,473,1309
317,W2,SKU_E,1614,0,0,0
317,R1,SKU_A,904,0,0,0
317,R1,SKU_B,470,0,0,0
317,R1,SKU_C,331,0,0,0
317,R1,SKU_D,547,0,0,0
317,R1,SKU_E,251,0,0,0
317,R2,SKU_A,851,0,0,0
317,R2,SKU_B,0,13,0,183
317,R2,SKU_C,578,0,0,0
317,R2,SKU_D,8,0,0,210
317,R2,SKU_E,301,0,0,183
317,R3,SKU_A,2482,0,0,734
317,R3,SKU_B,266,0,0,230
317,R3,SKU_C,1502,0,0,440
317,R3,SKU_D,1192,0,0,0
317,R3,SKU_E,291,0,0,0
318,Supplier,SKU_A,0,0,0,0
318,Supplier,SKU_B,0,0,0,0
318,Supplier,SKU_C,0,0,0,0
318,Supplier,SKU_D,0,0,0,0
318,Supplier,SKU_E,0,0,0,0
318,W1,SKU_A,2884,0,0,0
318,W1,SKU_B,522,0,0,458
318,W1,SKU_C,1841,0,0,845
318,W1,SKU_D,467,0,0,1463
318,W1,SKU_E,815,0,0,0
318,W2,SKU_A,2437,0,0,0
318,W2,SKU_B,129,0,0,793
318,W2,SKU_C,1767,0,0,0
318,W2,SKU_D,0,0,473,1309
318,W2,SKU_E,871,0,0,0
318,R1,SKU_A,788,0,0,0
318,R1,SKU_B,408,0,0,183
318,R1,SKU_C,265,0,0,440
318,R1,SKU_D,502,0,0,0
318,R1,SKU_E,209,0,0,219
318,R2,SKU_A,764,0,0,0
318,R2,SKU_B,0,69,0,183
318,R2,SKU_C,549,0,0,0
318,R2,SKU_D,0,37,0,210
318,R2,SKU_E,242,0,0,183
318,R3,SKU_A,2318,0,0,734
318,R3,SKU_B,199,0,0,374
318,R3,SKU_C,1432,0,0,762
318,R3,SKU_D,1121,0,0,0
318,R3,SKU_E,212,0,0,743
319,Supplier,SKU_A,0,0,0,0
319,Supplier,SKU_B,0,0,0,0
319,Supplier,SKU_C,0,0,0,0
319,Supplier,SKU_D,0,0,0,0
319,Supplier,SKU_E,0,0,0,0
319,W1,SKU_A,1956,0,0,0
319,W1,SKU_B,311,0,0,458
319,W1,SKU_C,1841,0,0,845
319,W1,SKU_D,467,0,0,1463
319,W1,SKU_E,640,0,0,700
319,W2,SKU_A,1730,0,0,0
319,W2,SKU_B,129,0,0,793
319,W2,SKU_C,1767,0,0,0
319,W2,SKU_D,0,0,473,1309
319,W2,SKU_E,871,0,0,743
319,R1,SKU_A,650,0,0,0
319,R1,SKU_B,351,0,0,183
319,R1,SKU_C,180,0,0,440
319,R1,SKU_D,438,0,0,0
319,R1,SKU_E,151,0,0,219
319,R2,SKU_A,678,0,0,488
319,R2,SKU_B,71,0,0,211
319,R2,SKU_C,500,0,0,0
319,R2,SKU_D,143,0,0,191
319,R2,SKU_E,380,0,0,175
319,R3,SKU_A,2140,0,0,734
319,R3,SKU_B,121,0,0,374
319,R3,SKU_C,1342,0,0,762
319,R3,SKU_D,1026,0,0,0
319,R3,SKU_E,121,0,0,743
320,Supplier,SKU_A,0,0,0,0
320,Supplier,SKU_B,0,0,0,0
320,Supplier,SKU_C,0,0,0,0
320,Supplier,SKU_D,0,0,0,0
320,Supplier,SKU_E,0,0,0,0
320,W1,SKU_A,1956,0,0,0
320,W1,SKU_B,192,0,0,458
320,W1,SKU_C,1841,0,0,845
320,W1,SKU_D,467,0,0,1463
320,W1,SKU_E,540,0,0,700
320,W2,SKU_A,1730,0,0,1441
320,W2,SKU_B,0,0,16,793
320,W2,SKU_C,1767,0,0,0
320,W2,SKU_D,836,0,0,0
320,W2,SKU_E,871,0,0,743
320,R1,SKU_A,534,0,0,928
320,R1,SKU_B,464,0,0,119
320,R1,SKU_C,512,0,0,0
320,R1,SKU_D,383,0,0,0
320,R1,SKU_E,315,0,0,100
320,R2,SKU_A,599,0,0,488
320,R2,SKU_B,17,0,0,211
320,R2,SKU_C,465,0,0,0
320,R2,SKU_D,96,0,0,191
320,R2,SKU_E,337,0,0,175
320,R3,SKU_A,2677,0,0,707
320,R3,SKU_B,267,0,0,273
320,R3,SKU_C,1652,0,0,322
320,R3,SKU_D,939,0,0,473
320,R3,SKU_E,17,0,0,743
321,Supplier,SKU_A,0,0,0,0
321,Supplier,SKU_B,0,0,0,0
321,Supplier,SKU_C,0,0,0,0
321,Supplier,SKU_D,0,0,0,0
321,Supplier,SKU_E,0,0,0,0
321,W1,SKU_A,1956,0,0,0
321,W1,SKU_B,650,0,0,0
321,W1,SKU_C,2338,0,0,0
321,W1,SKU_D,1930,0,0,0
321,W1,SKU_E,540,0,0,700
321,W2,SKU_A,1730,0,0,1441
321,W2,SKU_B,0,0,100,793
321,W2,SKU_C,1767,0,0,0
321,W2,SKU_D,836,0,0,0
321,W2,SKU_E,871,0,0,743
321,R1,SKU_A,370,0,0,928
321,R1,SKU_B,361,0,0,119
321,R1,SKU_C,373,0,0,0
321,R1,SKU_D,293,0,0,0
321,R1,SKU_E,250,0,0,100
321,R2,SKU_A,474,0,0,488
321,R2,SKU_B,0,37,0,211
321,R2,SKU_C,416,0,0,0
321,R2,SKU_D,26,0,0,191
321,R2,SKU_E,264,0,0,175
321,R3,SKU_A,2458,0,0,707
321,R3,SKU_B,163,0,0,273
321,R3,SKU_C,1510,0,0,322
321,R3,SKU_D,811,0,0,473
321,R3,SKU_E,0,100,0,743
322,Supplier,SKU_A,0,0,0,0
322,Supplier,SKU_B,0,0,0,0
322,Supplier,SKU_C,0,0,0,0
322,Supplier,SKU_D,0,0,0,0
322,Supplier,SKU_E,0,0,0,0
322,W1,SKU_A,1956,0,0,0
322,W1,SKU_B,477,0,0,394
322,W1,SKU_C,1821,0,0,788
322,W1,SKU_D,1234,0,0,0
322,W1,SKU_E,259,0,0,700
322,W2,SKU_A,1730,0,0,1441
322,W2,SKU_B,0,0,204,793
322,W2,SKU_C,1335,0,0,0
322,W2,SKU_D,836,0,0,0
322,W2,SKU_E,871,0,0,743
322,R1,SKU_A,1153,0,0,0
322,R1,SKU_B,414,0,0,173
322,R1,SKU_C,251,0,0,517
322,R1,SKU_D,212,0,0,466
322,R1,SKU_E,278,0,0,120
322,R2,SKU_A,840,0,0,0
322,R2,SKU_B,135,0,0,0
322,R2,SKU_C,367,0,0,0
322,R2,SKU_D,161,0,0,0
322,R2,SKU_E,380,0,0,0
322,R3,SKU_A,2244,0,0,707
322,R3,SKU_B,226,0,0,129
322,R3,SKU_C,1679,0,0,0
322,R3,SKU_D,671,0,0,473
322,R3,SKU_E,553,0,0,0
323,Supplier,SKU_A,0,0,0,0
323,Supplier,SKU_B,0,0,0,0
323,Supplier,SKU_C,0,0,0,0
323,Supplier,SKU_D,0,0,0,0
323,Supplier,SKU_E,0,0,0,0
323,W1,SKU_A,1457,0,0,0
323,W1,SKU_B,287,0,0,394
323,W1,SKU_C,1821,0,0,788
323,W1,SKU_D,1234,0,0,0
323,W1,SKU_E,259,0,0,700
323,W2,SKU_A,922,0,0,1441
323,W2,SKU_B,589,0,0,0
323,W2,SKU_C,1335,0,0,0
323,W2,SKU_D,836,0,0,0
323,W2,SKU_E,871,0,0,743
323,R1,SKU_A,1023,0,0,0
323,R1,SKU_B,353,0,0,173
323,R1,SKU_C,168,0,0,517
323,R1,SKU_D,139,0,0,466
323,R1,SKU_E,223,0,0,120
323,R2,SKU_A,759,0,0,499
323,R2,SKU_B,86,0,0,190
323,R2,SKU_C,321,0,0,348
323,R2,SKU_D,110,0,0,230
323,R2,SKU_E,329,0,0,161
323,R3,SKU_A,2052,0,0,1515
323,R3,SKU_B,150,0,0,333
323,R3,SKU_C,1558,0,0,432
323,R3,SKU_D,574,0,0,473
323,R3,SKU_E,476,0,0,0
324,Supplier,SKU_A,0,0,0,0
324,Supplier,SKU_B,0,0,0,0
324,Supplier,SKU_C,0,0,0,0
324,Supplier,SKU_D,0,0,0,0
324,Supplier,SKU_E,0,0,0,0
324,W1,SKU_A,1457,0,0,2404
324,W1,SKU_B,160,0,0,876
324,W1,SKU_C,1821,0,0,788
324,W1,SKU_D,1234,0,0,0
324,W1,SKU_E,832,0,0,647
324,W2,SKU_A,922,0,0,1441
324,W2,SKU_B,432,0,0,0
324,W2,SKU_C,1335,0,0,0
324,W2,SKU_D,836,0,0,0
324,W2,SKU_E,871,0,0,743
324,R1,SKU_A,907,0,0,0
324,R1,SKU_B,469,0,0,0
324,R1,SKU_C,599,0,0,0
324,R1,SKU_D,555,0,0,0
324,R1,SKU_E,284,0,0,0
324,R2,SKU_A,695,0,0,499
324,R2,SKU_B,38,0,0,190
324,R2,SKU_C,287,0,0,348
324,R2,SKU_D,70,0,0,230
324,R2,SKU_E,262,0,0,161
324,R3,SKU_A,2576,0,0,808
324,R3,SKU_B,220,0,0,204
324,R3,SKU_C,1425,0,0,432
324,R3,SKU_D,955,0,0,0
324,R3,SKU_E,402,0,0,0
325,Supplier,SKU_A,0,0,0,0
325,Supplier,SKU_B,0,0,0,0
325,Supplier,SKU_C,0,0,0,0
325,Supplier,SKU_D,0,0,0,0
325,Supplier,SKU_E,0,0,0,0
325,W1,SKU_A,1457,0,0,2404
325,W1,SKU_B,160,0,0,876
325,W1,SKU_C,1821,0,0,788
325,W1,SKU_D,1234,0,0,0
325,W1,SKU_E,655,0,0,647
325,W2,SKU_A,922,0,0,1441
325,W2,SKU_B,432,0,0,0
325,W2,SKU_C,928,0,0,0
325,W2,SKU_D,836,0,0,0
325,W2,SKU_E,1614,0,0,0
325,R1,SKU_A,798,0,0,0
325,R1,SKU_B,419,0,0,0
325,R1,SKU_C,535,0,0,0
325,R1,SKU_D,501,0,0,0
325,R1,SKU_E,248,0,0,0
325,R2,SKU_A,618,0,0,499
325,R2,SKU_B,0,14,0,190
325,R2,SKU_C,227,0,0,348
325,R2,SKU_D,30,0,0,230
325,R2,SKU_E,209,0,0,161
325,R3,SKU_A,2408,0,0,808
325,R3,SKU_B,159,0,0,204
325,R3,SKU_C,1324,0,0,432
325,R3,SKU_D,860,0,0,0
325,R3,SKU_E,327,0,0,0
326,Supplier,SKU_A,0,0,0,0
326,Supplier,SKU_B,0,0,0,0
326,Supplier,SKU_C,0,0,0,0
326,Supplier,SKU_D,0,0,0,0
326,Supplier,SKU_E,0,0,0,0
326,W1,SKU_A,539,0,0,2404
326,W1,SKU_B,53,0,0,876
326,W1,SKU_C,1821,0,0,788
326,W1,SKU_D,1234,0,0,0
326,W1,SKU_E,560,0,0,647
326,W2,SKU_A,2363,0,0,0
326,W2,SKU_B,312,0,0,0
326,W2,SKU_C,928,0,0,0
326,W2,SKU_D,836,0,0,0
326,W2,SKU_E,907,0,0,0
326,R1,SKU_A,672,0,0,918
326,R1,SKU_B,371,0,0,234
326,R1,SKU_C,452,0,0,0
326,R1,SKU_D,443,0,0,0
326,R1,SKU_E,204,0,0,222
326,R2,SKU_A,1025,0,0,0
326,R2,SKU_B,115,0,0,0
326,R2,SKU_C,505,0,0,0
326,R2,SKU_D,215,0,0,0
326,R2,SKU_E,323,0,0,0
326,R3,SKU_A,2233,0,0,808
326,R3,SKU_B,96,0,0,481
326,R3,SKU_C,1191,0,0,839
326,R3,SKU_D,793,0,0,0
326,R3,SKU_E,237,0,0,707
327,Supplier,SKU_A,0,0,0,0
327,Supplier,SKU_B,0,0,0,0
327,Supplier,SKU_C,0,0,0,0
327,Supplier,SKU_D,0,0,0,0
327,Supplier,SKU_E,0,0,0,0
327,W1,SKU_A,539,0,0,2404
327,W1,SKU_B,237,0,0,482
327,W1,SKU_C,2171,0,0,0
327,W1,SKU_D,1002,0,0,0
327,W1,SKU_E,560,0,0,647
327,W2,SKU_A,1645,0,0,0
327,W2,SKU_B,312,0,0,754
327,W2,SKU_C,928,0,0,0
327,W2,SKU_D,0,0,519,0
327,W2,SKU_E,907,0,0,707
327,R1,SKU_A,555,0,0,918
327,R1,SKU_B,310,0,0,234
327,R1,SKU_C,357,0,0,0
327,R1,SKU_D,378,0,0,0
327,R1,SKU_E,162,0,0,222
327,R2,SKU_A,961,0,0,0
327,R2,SKU_B,64,0,0,210
327,R2,SKU_C,442,0,0,0
327,R2,SKU_D,168,0,0,232
327,R2,SKU_E,266,0,0,177
327,R3,SKU_A,2855,0,0,718
327,R3,SKU_B,216,0,0,277
327,R3,SKU_C,1496,0,0,407
327,R3,SKU_D,677,0,0,836
327,R3,SKU_E,145,0,0,707
328,Supplier,SKU_A,0,0,0,0
328,Supplier,SKU_B,0,0,0,0
328,Supplier,SKU_C,0,0,0,0
328,Supplier,SKU_D,0,0,0,0
328,Supplier,SKU_E,0,0,0,0
328,W1,SKU_A,539,0,0,2404
328,W1,SKU_B,128,0,0,482
328,W1,SKU_C,1800,0,0,0
328,W1,SKU_D,1002,0,0,0
328,W1,SKU_E,317,0,0,647
328,W2,SKU_A,1645,0,0,1526
328,W2,SKU_B,165,0,0,754
328,W2,SKU_C,567,0,0,0
328,W2,SKU_D,0,0,519,1355
328,W2,SKU_E,907,0,0,707
328,R1,SKU_A,1344,0,0,0
328,R1,SKU_B,465,0,0,0
328,R1,SKU_C,244,0,0,0
328,R1,SKU_D,321,0,0,0
328,R1,SKU_E,328,0,0,0
328,R2,SKU_A,863,0,0,0
328,R2,SKU_B,1,0,0,210
328,R2,SKU_C,363,0,0,0
328,R2,SKU_D,103,0,0,232
328,R2,SKU_E,209,0,0,177
328,R3,SKU_A,2663,0,0,718
328,R3,SKU_B,143,0,0,277
328,R3,SKU_C,1350,0,0,407
328,R3,SKU_D,566,0,0,836
328,R3,SKU_E,41,0,0,707
329,Supplier,SKU_A,0,0,0,0
329,Supplier,SKU_B,0,0,0,0
329,Supplier,SKU_C,0,0,0,0
329,Supplier,SKU_D,0,0,0,0
329,Supplier,SKU_E,0,0,0,0
329,W1,SKU_A,2467,0,0,0
329,W1,SKU_B,610,0,0,444
329,W1,SKU_C,1800,0,0,955
329,W1,SKU_D,564,0,0,0
329,W1,SKU_E,964,0,0,642
329,W2,SKU_A,1645,0,0,1526
329,W2,SKU_B,165,0,0,754
329,W2,SKU_C,567,0,0,2290
329,W2,SKU_D,0,0,519,1355
329,W2,SKU_E,907,0,0,707
329,R1,SKU_A,1228,0,0,0
329,R1,SKU_B,393,0,0,109
329,R1,SKU_C,129,0,0,438
329,R1,SKU_D,261,0,0,438
329,R1,SKU_E,260,0,0,86
329,R2,SKU_A,755,0,0,0
329,R2,SKU_B,0,57,0,210
329,R2,SKU_C,299,0,0,0
329,R2,SKU_D,53,0,0,232
329,R2,SKU_E,146,0,0,177
329,R3,SKU_A,2453,0,0,718
329,R3,SKU_B,64,0,0,277
329,R3,SKU_C,1239,0,0,407
329,R3,SKU_D,487,0,0,836
329,R3,SKU_E,0,59,0,707
330,Supplier,SKU_A,0,0,0,0
330,Supplier,SKU_B,0,0,0,0
330,Supplier,SKU_C,0,0,0,0
330,Supplier,SKU_D,0,0,0,0
330,Supplier,SKU_E,0,0,0,0
330,W1,SKU_A,2467,0,0,0
330,W1,SKU_B,459,0,0,444
330,W1,SKU_C,1800,0,0,955
330,W1,SKU_D,564,0,0,0
330,W1,SKU_E,840,0,0,642
330,W2,SKU_A,1645,0,0,1526
330,W2,SKU_B,13,0,0,754
330,W2,SKU_C,567,0,0,2290
330,W2,SKU_D,0,0,519,1355
330,W2,SKU_E,907,0,0,707
330,R1,SKU_A,1130,0,0,0
330,R1,SKU_B,356,0,0,109
330,R1,SKU_C,75,0,0,438
330,R1,SKU_D,223,0,0,438
330,R1,SKU_E,222,0,0,86
330,R2,SKU_A,688,0,0,476
330,R2,SKU_B,105,0,0,0
330,R2,SKU_C,258,0,0,371
330,R2,SKU_D,241,0,0,0
330,R2,SKU_E,290,0,0,157
330,R3,SKU_A,2305,0,0,718
330,R3,SKU_B,294,0,0,299
330,R3,SKU_C,1559,0,0,361
330,R3,SKU_D,415,0,0,836
330,R3,SKU_E,559,0,0,0
331,Supplier,SKU_A,0,0,0,0
331,Supplier,SKU_B,0,0,0,0
331,Supplier,SKU_C,0,0,0,0
331,Supplier,SKU_D,0,0,0,0
331,Supplier,SKU_E,0,0,0,0
331,W1,SKU_A,2467,0,0,0
331,W1,SKU_B,239,0,0,704
331,W1,SKU_C,1800,0,0,955
331,W1,SKU_D,358,0,0,1557
331,W1,SKU_E,687,0,0,642
331,W2,SKU_A,909,0,0,1526
331,W2,SKU_B,13,0,0,754
331,W2,SKU_C,223,0,0,2290
331,W2,SKU_D,0,0,519,1355
331,W2,SKU_E,907,0,0,707
331,R1,SKU_A,1025,0,0,0
331,R1,SKU_B,418,0,0,0
331,R1,SKU_C,455,0,0,0
331,R1,SKU_D,599,0,0,0
331,R1,SKU_E,272,0,0,0
331,R2,SKU_A,595,0,0,476
331,R2,SKU_B,47,0,0,0
331,R2,SKU_C,190,0,0,371
331,R2,SKU_D,197,0,0,0
331,R2,SKU_E,233,0,0,157
331,R3,SKU_A,2886,0,0,0
331,R3,SKU_B,231,0,0,299
331,R3,SKU_C,1479,0,0,361
331,R3,SKU_D,1178,0,0,0
331,R3,SKU_E,466,0,0,0
332,Supplier,SKU_A,0,0,0,0
332,Supplier,SKU_B,0,0,0,0
332,Supplier,SKU_C,0,0,0,0
332,Supplier,SKU_D,0,0,0,0
332,Supplier,SKU_E,0,0,0,0
332,W1,SKU_A,2467,0,0,0
332,W1,SKU_B,239,0,0,704
332,W1,SKU_C,1365,0,0,955
332,W1,SKU_D,358,0,0,1557
332,W1,SKU_E,687,0,0,642
332,W2,SKU_A,909,0,0,1526
332,W2,SKU_B,0,0,97,754
332,W2,SKU_C,223,0,0,2290
332,W2,SKU_D,0,0,519,1355
332,W2,SKU_E,907,0,0,707
332,R1,SKU_A,886,0,0,0
332,R1,SKU_B,360,0,0,151
332,R1,SKU_C,371,0,0,435
332,R1,SKU_D,532,0,0,0
332,R1,SKU_E,239,0,0,124
332,R2,SKU_A,504,0,0,476
332,R2,SKU_B,5,0,0,0
332,R2,SKU_C,139,0,0,371
332,R2,SKU_D,159,0,0,0
332,R2,SKU_E,180,0,0,157
332,R3,SKU_A,2755,0,0,0
332,R3,SKU_B,170,0,0,299
332,R3,SKU_C,1422,0,0,361
332,R3,SKU_D,1108,0,0,0
332,R3,SKU_E,395,0,0,0
333,Supplier,SKU_A,0,0,0,0
333,Supplier,SKU_B,0,0,0,0
333,Supplier,SKU_C,0,0,0,0
333,Supplier,SKU_D,0,0,0,0
333,Supplier,SKU_E,0,0,0,0
333,W1,SKU_A,2467,0,0,0
333,W1,SKU_B,97,0,0,704
333,W1,SKU_C,1365,0,0,955
333,W1,SKU_D,358,0,0,1557
333,W1,SKU_E,580,0,0,642
333,W2,SKU_A,909,0,0,1526
333,W2,SKU_B,754,0,97,0
333,W2,SKU_C,223,0,0,2290
333,W2,SKU_D,0,0,519,1355
333,W2,SKU_E,1614,0,0,0
333,R1,SKU_A,752,0,0,0
333,R1,SKU_B,327,0,0,151
333,R1,SKU_C,282,0,0,435
333,R1,SKU_D,461,0,0,0
333,R1,SKU_E,197,0,0,124
333,R2,SKU_A,875,0,0,0
333,R2,SKU_B,0,48,0,220
333,R2,SKU_C,468,0,0,0
333,R2,SKU_D,117,0,0,206
333,R2,SKU_E,291,0,0,153
333,R3,SKU_A,2603,0,0,736
333,R3,SKU_B,106,0,0,312
333,R3,SKU_C,1335,0,0,705
333,R3,SKU_D,1025,0,0,0
333,R3,SKU_E,323,0,0,0
334,Supplier,SKU_A,0,0,0,0
334,Supplier,SKU_B,0,0,0,0
334,Supplier,SKU_C,0,0,0,0
334,Supplier,SKU_D,0,0,0,0
334,Supplier,SKU_E,0,0,0,0
334,W1,SKU_A,1039,0,0,0
334,W1,SKU_B,541,0,0,480
334,W1,SKU_C,1975,0,0,806
334,W1,SKU_D,358,0,0,1557
334,W1,SKU_E,1066,0,0,0
334,W2,SKU_A,2435,0,0,0
334,W2,SKU_B,532,0,0,0
334,W2,SKU_C,223,0,0,2290
334,W2,SKU_D,836,0,0,0
334,W2,SKU_E,903,0,0,0
334,R1,SKU_A,586,0,0,964
334,R1,SKU_B,394,0,0,142
334,R1,SKU_C,608,0,0,0
334,R1,SKU_D,374,0,0,0
334,R1,SKU_E,269,0,0,107
334,R2,SKU_A,771,0,0,0
334,R2,SKU_B,0,114,0,220
334,R2,SKU_C,395,0,0,0
334,R2,SKU_D,43,0,0,206
334,R2,SKU_E,228,0,0,153
334,R3,SKU_A,2369,0,0,736
334,R3,SKU_B,301,0,0,235
334,R3,SKU_C,1493,0,0,344
334,R3,SKU_D,893,0,0,519
334,R3,SKU_E,213,0,0,711
335,Supplier,SKU_A,0,0,0,0
335,Supplier,SKU_B,0,0,0,0
335,Supplier,SKU_C,0,0,0,0
335,Supplier,SKU_D,0,0,0,0
335,Supplier,SKU_E,0,0,0,0
335,W1,SKU_A,1039,0,0,2822
335,W1,SKU_B,205,0,0,480
335,W1,SKU_C,1975,0,0,806
335,W1,SKU_D,160,0,0,1557
335,W1,SKU_E,972,0,0,540
335,W2,SKU_A,2435,0,0,0
335,W2,SKU_B,428,0,0,0
335,W2,SKU_C,2086,0,0,0
335,W2,SKU_D,836,0,0,0
335,W2,SKU_E,903,0,0,711
335,R1,SKU_A,354,0,0,964
335,R1,SKU_B,282,0,0,142
335,R1,SKU_C,414,0,0,0
335,R1,SKU_D,282,0,0,0
335,R1,SKU_E,196,0,0,107
335,R2,SKU_A,632,0,0,0
335,R2,SKU_B,0,193,0,220
335,R2,SKU_C,305,0,0,0
335,R2,SKU_D,0,26,0,206
335,R2,SKU_E,151,0,0,153
335,R3,SKU_A,2105,0,0,736
335,R3,SKU_B,210,0,0,235
335,R3,SKU_C,1348,0,0,344
335,R3,SKU_D,726,0,0,519
335,R3,SKU_E,73,0,0,711
336,Supplier,SKU_A,0,0,0,0
336,Supplier,SKU_B,0,0,0,0
336,Supplier,SKU_C,0,0,0,0
336,Supplier,SKU_D,0,0,0,0
336,Supplier,SKU_E,0,0,0,0
336,W1,SKU_A,1039,0,0,2822
336,W1,SKU_B,353,0,0,220
336,W1,SKU_C,1499,0,0,806
336,W1,SKU_D,1240,0,0,0
336,W1,SKU_E,832,0,0,540
336,W2,SKU_A,1517,0,0,0
336,W2,SKU_B,337,0,0,0
336,W2,SKU_C,2086,0,0,0
336,W2,SKU_D,836,0,0,0
336,W2,SKU_E,903,0,0,711
336,R1,SKU_A,1110,0,0,0
336,R1,SKU_B,333,0,0,229
336,R1,SKU_C,250,0,0,476
336,R1,SKU_D,176,0,0,477
336,R1,SKU_E,240,0,0,94
336,R2,SKU_A,479,0,0,464
336,R2,SKU_B,0,22,0,219
336,R2,SKU_C,220,0,0,345
336,R2,SKU_D,123,0,0,198
336,R2,SKU_E,248,0,0,296
336,R3,SKU_A,1887,0,0,1654
336,R3,SKU_B,143,0,0,430
336,R3,SKU_C,1215,0,0,771
336,R3,SKU_D,571,0,0,519
336,R3,SKU_E,0,32,0,711
337,Supplier,SKU_A,0,0,0,0
337,Supplier,SKU_B,0,0,0,0
337,Supplier,SKU_C,0,0,0,0
337,Supplier,SKU_D,0,0,0,0
337,Supplier,SKU_E,0,0,0,0
337,W1,SKU_A,1039,0,0,2822
337,W1,SKU_B,262,0,0,220
337,W1,SKU_C,1499,0,0,806
337,W1,SKU_D,1240,0,0,0
337,W1,SKU_E,696,0,0,540
337,W2,SKU_A,1517,0,0,1654
337,W2,SKU_B,337,0,0,729
337,W2,SKU_C,2086,0,0,0
337,W2,SKU_D,836,0,0,0
337,W2,SKU_E,903,0,0,711
337,R1,SKU_A,988,0,0,0
337,R1,SKU_B,299,0,0,229
337,R1,SKU_C,189,0,0,476
337,R1,SKU_D,112,0,0,477
337,R1,SKU_E,206,0,0,94
337,R2,SKU_A,395,0,0,464
337,R2,SKU_B,0,68,0,219
337,R2,SKU_C,169,0,0,345
337,R2,SKU_D,72,0,0,198
337,R2,SKU_E,200,0,0,296
337,R3,SKU_A,2490,0,0,918
337,R3,SKU_B,114,0,0,417
337,R3,SKU_C,1472,0,0,427
337,R3,SKU_D,496,0,0,519
337,R3,SKU_E,0,101,0,711
338,Supplier,SKU_A,0,0,0,0
338,Supplier,SKU_B,0,0,0,0
338,Supplier,SKU_C,0,0,0,0
338,Supplier,SKU_D,0,0,0,0
338,Supplier,SKU_E,0,0,0,0
338,W1,SKU_A,559,0,0,2822
338,W1,SKU_B,262,0,0,901
338,W1,SKU_C,1499,0,0,1627
338,W1,SKU_D,1240,0,0,0
338,W1,SKU_E,696,0,0,540
338,W2,SKU_A,1517,0,0,1654
338,W2,SKU_B,228,0,0,729
338,W2,SKU_C,1721,0,0,0
338,W2,SKU_D,836,0,0,0
338,W2,SKU_E,903,0,0,711
338,R1,SKU_A,898,0,0,0
338,R1,SKU_B,481,0,0,0
338,R1,SKU_C,593,0,0,0
338,R1,SKU_D,538,0,0,0
338,R1,SKU_E,257,0,0,0
338,R2,SKU_A,316,0,0,464
338,R2,SKU_B,0,120,0,219
338,R2,SKU_C,120,0,0,345
338,R2,SKU_D,40,0,0,198
338,R2,SKU_E,164,0,0,296
338,R3,SKU_A,2369,0,0,918
338,R3,SKU_B,259,0,0,195
338,R3,SKU_C,1408,0,0,427
338,R3,SKU_D,934,0,0,0
338,R3,SKU_E,530,0,0,0
339,Supplier,SKU_A,0,0,0,0
339,Supplier,SKU_B,0,0,0,0
339,Supplier,SKU_C,0,0,0,0
339,Supplier,SKU_D,0,0,0,0
339,Supplier,SKU_E,0,0,0,0
339,W1,SKU_A,559,0,0,2822
339,W1,SKU_B,256,0,0,681
339,W1,SKU_C,1957,0,0,821
339,W1,SKU_D,1031,0,0,0
339,W1,SKU_E,556,0,0,540
339,W2,SKU_A,1517,0,0,1654
339,W2,SKU_B,228,0,0,729
339,W2,SKU_C,1721,0,0,0
339,W2,SKU_D,836,0,0,0
339,W2,SKU_E,903,0,0,711
339,R1,SKU_A,797,0,0,0
339,R1,SKU_B,434,0,0,91
339,R1,SKU_C,528,0,0,0
339,R1,SKU_D,494,0,0,0
339,R1,SKU_E,218,0,0,136
339,R2,SKU_A,714,0,0,0
339,R2,SKU_B,52,0,0,0
339,R2,SKU_C,419,0,0,0
339,R2,SKU_D,199,0,0,0
339,R2,SKU_E,405,0,0,0
339,R3,SKU_A,2236,0,0,918
339,R3,SKU_B,206,0,0,195
339,R3,SKU_C,1352,0,0,427
339,R3,SKU_D,862,0,0,0
339,R3,SKU_E,457,0,0,0
340,Supplier,SKU_A,0,0,0,0
340,Supplier,SKU_B,0,0,0,0
340,Supplier,SKU_C,0,0,0,0
340,Supplier,SKU_D,0,0,0,0
340,Supplier,SKU_E,0,0,0,0
340,W1,SKU_A,2462,0,0,0
340,W1,SKU_B,128,0,0,681
340,W1,SKU_C,1957,0,0,821
340,W1,SKU_D,1031,0,0,0
340,W1,SKU_E,980,0,0,0
340,W2,SKU_A,1517,0,0,1654
340,W2,SKU_B,98,0,0,729
340,W2,SKU_C,1721,0,0,0
340,W2,SKU_D,836,0,0,0
340,W2,SKU_E,903,0,0,711
340,R1,SKU_A,688,0,0,919
340,R1,SKU_B,381,0,0,219
340,R1,SKU_C,431,0,0,0
340,R1,SKU_D,426,0,0,0
340,R1,SKU_E,183,0,0,252
340,R2,SKU_A,644,0,0,480
340,R2,SKU_B,13,0,0,226
340,R2,SKU_C,380,0,0,348
340,R2,SKU_D,167,0,0,209
340,R2,SKU_E,349,0,0,140
340,R3,SKU_A,3001,0,0,0
340,R3,SKU_B,347,0,0,239
340,R3,SKU_C,1680,0,0,365
340,R3,SKU_D,775,0,0,0
340,R3,SKU_E,383,0,0,0
341,Supplier,SKU_A,0,0,0,0
341,Supplier,SKU_B,0,0,0,0
341,Supplier,SKU_C,0,0,0,0
341,Supplier,SKU_D,0,0,0,0
341,Supplier,SKU_E,0,0,0,0
341,W1,SKU_A,2462,0,0,0
341,W1,SKU_B,128,0,0,681
341,W1,SKU_C,1498,0,0,821
341,W1,SKU_D,1031,0,0,0
341,W1,SKU_E,980,0,0,0
341,W2,SKU_A,759,0,0,1654
341,W2,SKU_B,98,0,0,729
341,W2,SKU_C,1721,0,0,0
341,W2,SKU_D,0,0,537,0
341,W2,SKU_E,1614,0,0,0
341,R1,SKU_A,569,0,0,919
341,R1,SKU_B,376,0,0,128
341,R1,SKU_C,325,0,0,0
341,R1,SKU_D,356,0,0,0
341,R1,SKU_E,249,0,0,116
341,R2,SKU_A,533,0,0,480
341,R2,SKU_B,0,47,0,226
341,R2,SKU_C,320,0,0,348
341,R2,SKU_D,106,0,0,209
341,R2,SKU_E,279,0,0,140
341,R3,SKU_A,2826,0,0,758
341,R3,SKU_B,272,0,0,239
341,R3,SKU_C,1586,0,0,365
341,R3,SKU_D,681,0,0,836
341,R3,SKU_E,286,0,0,0
342,Supplier,SKU_A,0,0,0,0
342,Supplier,SKU_B,0,0,0,0
342,Supplier,SKU_C,0,0,0,0
342,Supplier,SKU_D,0,0,0,0
342,Supplier,SKU_E,0,0,0,0
342,W1,SKU_A,2462,0,0,0
342,W1,SKU_B,0,0,21,907
342,W1,SKU_C,1498,0,0,1628
342,W1,SKU_D,628,0,0,0
342,W1,SKU_E,694,0,0,510
342,W2,SKU_A,759,0,0,1654
342,W2,SKU_B,0,0,31,729
342,W2,SKU_C,1721,0,0,0
342,W2,SKU_D,0,0,537,1373
342,W2,SKU_E,866,0,0,0
342,R1,SKU_A,1306,0,0,0
342,R1,SKU_B,405,0,0,128
342,R1,SKU_C,165,0,0,459
342,R1,SKU_D,256,0,0,403
342,R1,SKU_E,298,0,0,105
342,R2,SKU_A,424,0,0,480
342,R2,SKU_B,0,123,0,226
342,R2,SKU_C,246,0,0,348
342,R2,SKU_D,36,0,0,209
342,R2,SKU_E,208,0,0,140
342,R3,SKU_A,2632,0,0,758
342,R3,SKU_B,190,0,0,337
342,R3,SKU_C,1420,0,0,365
342,R3,SKU_D,531,0,0,836
342,R3,SKU_E,172,0,0,748
343,Supplier,SKU_A,0,0,0,0
343,Supplier,SKU_B,0,0,0,0
343,Supplier,SKU_C,0,0,0,0
343,Supplier,SKU_D,0,0,0,0
343,Supplier,SKU_E,0,0,0,0
343,W1,SKU_A,2462,0,0,0
343,W1,SKU_B,339,0,0,503
343,W1,SKU_C,2319,0,0,807
343,W1,SKU_D,426,0,0,1493
343,W1,SKU_E,694,0,0,510
343,W2,SKU_A,2413,0,0,0
343,W2,SKU_B,698,0,0,0
343,W2,SKU_C,1242,0,0,0
343,W2,SKU_D,0,0,537,1373
343,W2,SKU_E,866,0,0,748
343,R1,SKU_A,1127,0,0,0
343,R1,SKU_B,312,0,0,128
343,R1,SKU_C,25,0,0,459
343,R1,SKU_D,163,0,0,403
343,R1,SKU_E,223,0,0,105
343,R2,SKU_A,793,0,0,0
343,R2,SKU_B,30,0,0,0
343,R2,SKU_C,517,0,0,0
343,R2,SKU_D,191,0,0,0
343,R2,SKU_E,282,0,0,0
343,R3,SKU_A,2416,0,0,758
343,R3,SKU_B,106,0,0,337
343,R3,SKU_C,1282,0,0,365
343,R3,SKU_D,391,0,0,836
343,R3,SKU_E,60,0,0,748
344,Supplier,SKU_A,0,0,0,0
344,Supplier,SKU_B,0,0,0,0
344,Supplier,SKU_C,0,0,0,0
344,Supplier,SKU_D,0,0,0,0
344,Supplier,SKU_E,0,0,0,0
344,W1,SKU_A,1916,0,0,0
344,W1,SKU_B,246,0,0,503
344,W1,SKU_C,2319,0,0,807
344,W1,SKU_D,426,0,0,1493
344,W1,SKU_E,415,0,0,510
344,W2,SKU_A,2413,0,0,0
344,W2,SKU_B,532,0,0,0
344,W2,SKU_C,1242,0,0,0
344,W2,SKU_D,0,0,537,1373
344,W2,SKU_E,866,0,0,748
344,R1,SKU_A,999,0,0,0
344,R1,SKU_B,377,0,0,0
344,R1,SKU_C,389,0,0,0
344,R1,SKU_D,510,0,0,0
344,R1,SKU_E,279,0,0,0
344,R2,SKU_A,702,0,0,546
344,R2,SKU_B,0,24,0,222
344,R2,SKU_C,453,0,0,0
344,R2,SKU_D,142,0,0,202
344,R2,SKU_E,226,0,0,318
344,R3,SKU_A,2273,0,0,758
344,R3,SKU_B,274,0,0,98
344,R3,SKU_C,1578,0,0,0
344,R3,SKU_D,299,0,0,836
344,R3,SKU_E,0,15,0,748
345,Supplier,SKU_A,0,0,0,0
345,Supplier,SKU_B,0,0,0,0
345,Supplier,SKU_C,0,0,0,0
345,Supplier,SKU_D,0,0,0,0
345,Supplier,SKU_E,0,0,0,0
345,W1,SKU_A,1916,0,0,0
345,W1,SKU_B,246,0,0,503
345,W1,SKU_C,1458,0,0,807
345,W1,SKU_D,426,0,0,1493
345,W1,SKU_E,415,0,0,510
345,W2,SKU_A,1685,0,0,0
345,W2,SKU_B,532,0,0,0
345,W2,SKU_C,1242,0,0,0
345,W2,SKU_D,0,0,537,1373
345,W2,SKU_E,866,0,0,748
345,R1,SKU_A,849,0,0,0
345,R1,SKU_B,305,0,0,213
345,R1,SKU_C,286,0,0,501
345,R1,SKU_D,443,0,0,0
345,R1,SKU_E,237,0,0,142
345,R2,SKU_A,607,0,0,546
345,R2,SKU_B,0,90,0,222
345,R2,SKU_C,397,0,0,0
345,R2,SKU_D,94,0,0,202
345,R2,SKU_E,175,0,0,318
345,R3,SKU_A,2865,0,0,728
345,R3,SKU_B,202,0,0,295
345,R3,SKU_C,1486,0,0,479
345,R3,SKU_D,1062,0,0,0
345,R3,SKU_E,0,88,0,748
346,Supplier,SKU_A,0,0,0,0
346,Supplier,SKU_B,0,0,0,0
346,Supplier,SKU_C,0,0,0,0
346,Supplier,SKU_D,0,0,0,0
346,Supplier,SKU_E,0,0,0,0
346,W1,SKU_A,1916,0,0,0
346,W1,SKU_B,0,0,82,824
346,W1,SKU_C,1458,0,0,1668
346,W1,SKU_D,426,0,0,1493
346,W1,SKU_E,324,0,0,1191
346,W2,SKU_A,1685,0,0,1486
346,W2,SKU_B,389,0,0,0
346,W2,SKU_C,1242,0,0,0
346,W2,SKU_D,0,0,537,1373
346,W2,SKU_E,866,0,0,748
346,R1,SKU_A,745,0,0,0
346,R1,SKU_B,254,0,0,213
346,R1,SKU_C,182,0,0,501
346,R1,SKU_D,378,0,0,0
346,R1,SKU_E,195,0,0,142
346,R2,SKU_A,497,0,0,546
346,R2,SKU_B,0,167,0,222
346,R2,SKU_C,317,0,0,0
346,R2,SKU_D,31,0,0,202
346,R2,SKU_E,119,0,0,318
346,R3,SKU_A,2713,0,0,728
346,R3,SKU_B,248,0,0,197
346,R3,SKU_C,1411,0,0,479
346,R3,SKU_D,985,0,0,0
346,R3,SKU_E,585,0,0,0
347,Supplier,SKU_A,0,0,0,0
347,Supplier,SKU_B,0,0,0,0
347,Supplier,SKU_C,0,0,0,0
347,Supplier,SKU_D,0,0,0,0
347,Supplier,SKU_E,0,0,0,0
347,W1,SKU_A,945,0,0,0
347,W1,SKU_B,144,0,0,598
347,W1,SKU_C,2265,0,0,861
347,W1,SKU_D,212,0,0,1493
347,W1,SKU_E,671,0,0,681
347,W2,SKU_A,1685,0,0,1486
347,W2,SKU_B,389,0,0,0
347,W2,SKU_C,868,0,0,0
347,W2,SKU_D,0,0,537,1373
347,W2,SKU_E,866,0,0,748
347,R1,SKU_A,591,0,0,971
347,R1,SKU_B,408,0,0,135
347,R1,SKU_C,577,0,0,0
347,R1,SKU_D,313,0,0,0
347,R1,SKU_E,293,0,0,91
347,R2,SKU_A,941,0,0,0
347,R2,SKU_B,0,9,0,193
347,R2,SKU_C,256,0,0,360
347,R2,SKU_D,178,0,0,214
347,R2,SKU_E,369,0,0,163
347,R3,SKU_A,2542,0,0,728
347,R3,SKU_B,192,0,0,197
347,R3,SKU_C,1309,0,0,479
347,R3,SKU_D,885,0,0,0
347,R3,SKU_E,507,0,0,0
348,Supplier,SKU_A,0,0,0,0
348,Supplier,SKU_B,0,0,0,0
348,Supplier,SKU_C,0,0,0,0
348,Supplier,SKU_D,0,0,0,0
348,Supplier,SKU_E,0,0,0,0
348,W1,SKU_A,945,0,0,2916
348,W1,SKU_B,311,0,0,742
348,W1,SKU_C,2265,0,0,861
348,W1,SKU_D,1259,0,0,0
348,W1,SKU_E,585,0,0,681
348,W2,SKU_A,1685,0,0,1486
348,W2,SKU_B,281,0,0,0
348,W2,SKU_C,868,0,0,1989
348,W2,SKU_D,836,0,0,0
348,W2,SKU_E,866,0,0,748
348,R1,SKU_A,452,0,0,971
348,R1,SKU_B,336,0,0,245
348,R1,SKU_C,479,0,0,0
348,R1,SKU_D,246,0,0,446
348,R1,SKU_E,238,0,0,177
348,R2,SKU_A,843,0,0,0
348,R2,SKU_B,0,65,0,193
348,R2,SKU_C,196,0,0,360
348,R2,SKU_D,123,0,0,214
348,R2,SKU_E,303,0,0,163
348,R3,SKU_A,2370,0,0,728
348,R3,SKU_B,117,0,0,448
348,R3,SKU_C,1193,0,0,853
348,R3,SKU_D,778,0,0,537
348,R3,SKU_E,415,0,0,0
349,Supplier,SKU_A,0,0,0,0
349,Supplier,SKU_B,0,0,0,0
349,Supplier,SKU_C,0,0,0,0
349,Supplier,SKU_D,0,0,0,0
349,Supplier,SKU_E,0,0,0,0
349,W1,SKU_A,449,0,0,2916
349,W1,SKU_B,114,0,0,742
349,W1,SKU_C,2265,0,0,861
349,W1,SKU_D,1259,0,0,0
349,W1,SKU_E,451,0,0,681
349,W2,SKU_A,1685,0,0,1486
349,W2,SKU_B,281,0,0,785
349,W2,SKU_C,868,0,0,1989
349,W2,SKU_D,836,0,0,0
349,W2,SKU_E,1614,0,0,0
349,R1,SKU_A,1247,0,0,0
349,R1,SKU_B,362,0,0,110
349,R1,SKU_C,324,0,0,0
349,R1,SKU_D,159,0,0,446
349,R1,SKU_E,258,0,0,86
349,R2,SKU_A,720,0,0,0
349,R2,SKU_B,0,114,0,193
349,R2,SKU_C,128,0,0,360
349,R2,SKU_D,47,0,0,214
349,R2,SKU_E,237,0,0,163
349,R3,SKU_A,2886,0,0,0
349,R3,SKU_B,238,0,0,251
349,R3,SKU_C,1550,0,0,374
349,R3,SKU_D,643,0,0,537
349,R3,SKU_E,309,0,0,0
350,Supplier,SKU_A,0,0,0,0
350,Supplier,SKU_B,0,0,0,0
350,Supplier,SKU_C,0,0,0,0
350,Supplier,SKU_D,0,0,0,0
350,Supplier,SKU_E,0,0,0,0
350,W1,SKU_A,449,0,0,2916
350,W1,SKU_B,0,0,67,742
350,W1,SKU_C,1699,0,0,861
350,W1,SKU_D,1259,0,0,0
350,W1,SKU_E,325,0,0,681
350,W2,SKU_A,812,0,0,1486
350,W2,SKU_B,130,0,0,785
350,W2,SKU_C,528,0,0,1989
350,W2,SKU_D,836,0,0,0
350,W2,SKU_E,889,0,0,0
350,R1,SKU_A,1079,0,0,0
350,R1,SKU_B,373,0,0,114
350,R1,SKU_C,201,0,0,566
350,R1,SKU_D,516,0,0,0
350,R1,SKU_E,281,0,0,126
350,R2,SKU_A,610,0,0,0
350,R2,SKU_B,39,0,0,0
350,R2,SKU_C,420,0,0,0
350,R2,SKU_D,195,0,0,0
350,R2,SKU_E,339,0,0,0
350,R3,SKU_A,2662,0,0,873
350,R3,SKU_B,176,0,0,402
350,R3,SKU_C,1437,0,0,714
350,R3,SKU_D,520,0,0,537
350,R3,SKU_E,210,0,0,725
351,Supplier,SKU_A,0,0,0,0
351,Supplier,SKU_B,0,0,0,0
351,Supplier,SKU_C,0,0,0,0
351,Supplier,SKU_D,0,0,0,0
351,Supplier,SKU_E,0,0,0,0
351,W1,SKU_A,449,0,0,2916
351,W1,SKU_B,155,0,0,421
351,W1,SKU_C,2167,0,0,0
351,W1,SKU_D,1007,0,0,0
351,W1,SKU_E,1006,0,0,0
351,W2,SKU_A,812,0,0,1486
351,W2,SKU_B,130,0,0,785
351,W2,SKU_C,528,0,0,1989
351,W2,SKU_D,836,0,0,0
351,W2,SKU_E,889,0,0,725
351,R1,SKU_A,957,0,0,0
351,R1,SKU_B,315,0,0,114
351,R1,SKU_C,123,0,0,566
351,R1,SKU_D,465,0,0,0
351,R1,SKU_E,234,0,0,126
351,R2,SKU_A,507,0,0,496
351,R2,SKU_B,0,4,0,197
351,R2,SKU_C,350,0,0,393
351,R2,SKU_D,114,0,0,252
351,R2,SKU_E,279,0,0,134
351,R3,SKU_A,2506,0,0,873
351,R3,SKU_B,121,0,0,402
351,R3,SKU_C,1331,0,0,714
351,R3,SKU_D,441,0,0,537
351,R3,SKU_E,116,0,0,725
352,Supplier,SKU_A,0,0,0,0
352,Supplier,SKU_B,0,0,0,0
352,Supplier,SKU_C,0,0,0,0
352,Supplier,SKU_D,0,0,0,0
352,Supplier,SKU_E,0,0,0,0
352,W1,SKU_A,449,0,0,2916
352,W1,SKU_B,155,0,0,1008
352,W1,SKU_C,2167,0,0,959
352,W1,SKU_D,1007,0,0,0
352,W1,SKU_E,709,0,0,474
352,W2,SKU_A,2298,0,0,0
352,W2,SKU_B,13,0,0,785
352,W2,SKU_C,528,0,0,1989
352,W2,SKU_D,836,0,0,0
352,W2,SKU_E,889,0,0,725
352,R1,SKU_A,854,0,0,0
352,R1,SKU_B,390,0,0,0
352,R1,SKU_C,632,0,0,0
352,R1,SKU_D,411,0,0,0
352,R1,SKU_E,322,0,0,0
352,R2,SKU_A,416,0,0,496
352,R2,SKU_B,0,60,0,197
352,R2,SKU_C,299,0,0,393
352,R2,SKU_D,70,0,0,252
352,R2,SKU_E,220,0,0,134
352,R3,SKU_A,2394,0,0,873
352,R3,SKU_B,326,0,0,151
352,R3,SKU_C,1618,0,0,340
352,R3,SKU_D,906,0,0,0
352,R3,SKU_E,43,0,0,725
353,Supplier,SKU_A,0,0,0,0
353,Supplier,SKU_B,0,0,0,0
353,Supplier,SKU_C,0,0,0,0
353,Supplier,SKU_D,0,0,0,0
353,Supplier,SKU_E,0,0,0,0
353,W1,SKU_A,3365,0,0,0
353,W1,SKU_B,291,0,0,587
353,W1,SKU_C,2167,0,0,959
353,W1,SKU_D,1007,0,0,0
353,W1,SKU_E,709,0,0,474
353,W2,SKU_A,2298,0,0,0
353,W2,SKU_B,13,0,0,785
353,W2,SKU_C,528,0,0,1989
353,W2,SKU_D,836,0,0,0
353,W2,SKU_E,889,0,0,725
353,R1,SKU_A,742,0,0,0
353,R1,SKU_B,340,0,0,263
353,R1,SKU_C,542,0,0,0
353,R1,SKU_D,358,0,0,0
353,R1,SKU_E,282,0,0,110
353,R2,SKU_A,341,0,0,496
353,R2,SKU_B,0,126,0,197
353,R2,SKU_C,244,0,0,393
353,R2,SKU_D,31,0,0,252
353,R2,SKU_E,184,0,0,134
353,R3,SKU_A,2238,0,0,873
353,R3,SKU_B,277,0,0,151
353,R3,SKU_C,1540,0,0,340
353,R3,SKU_D,849,0,0,0
353,R3,SKU_E,0,29,0,725
354,Supplier,SKU_A,0,0,0,0
354,Supplier,SKU_B,0,0,0,0
354,Supplier,SKU_C,0,0,0,0
354,Supplier,SKU_D,0,0,0,0
354,Supplier,SKU_E,0,0,0,0
354,W1,SKU_A,1889,0,0,0
354,W1,SKU_B,291,0,0,587
354,W1,SKU_C,2167,0,0,959
354,W1,SKU_D,1007,0,0,0
354,W1,SKU_E,631,0,0,474
354,W2,SKU_A,2298,0,0,0
354,W2,SKU_B,0,0,82,785
354,W2,SKU_C,2133,0,0,0
354,W2,SKU_D,0,0,463,0
354,W2,SKU_E,889,0,0,725
354,R1,SKU_A,621,0,0,0
354,R1,SKU_B,277,0,0,263
354,R1,SKU_C,481,0,0,0
354,R1,SKU_D,310,0,0,0
354,R1,SKU_E,232,0,0,110
354,R2,SKU_A,742,0,0,502
354,R2,SKU_B,13,0,0,188
354,R2,SKU_C,592,0,0,0
354,R2,SKU_D,250,0,0,0
354,R2,SKU_E,256,0,0,187
354,R3,SKU_A,2958,0,0,0
354,R3,SKU_B,363,0,0,130
354,R3,SKU_C,1804,0,0,384
354,R3,SKU_D,750,0,0,836
354,R3,SKU_E,609,0,0,0
355,Supplier,SKU_A,0,0,0,0
355,Supplier,SKU_B,0,0,0,0
355,Supplier,SKU_C,0,0,0,0
355,Supplier,SKU_D,0,0,0,0
355,Supplier,SKU_E,0,0,0,0
355,W1,SKU_A,1889,0,0,1972
355,W1,SKU_B,178,0,0,872
355,W1,SKU_C,2167,0,0,959
355,W1,SKU_D,361,0,0,0
355,W1,SKU_E,474,0,0,975
355,W2,SKU_A,1497,0,0,0
355,W2,SKU_B,703,0,0,0
355,W2,SKU_C,2133,0,0,0
355,W2,SKU_D,0,0,463,1299
355,W2,SKU_E,889,0,0,725
355,R1,SKU_A,489,0,0,974
355,R1,SKU_B,460,0,0,113
355,R1,SKU_C,396,0,0,0
355,R1,SKU_D,255,0,0,449
355,R1,SKU_E,301,0,0,78
355,R2,SKU_A,651,0,0,502
355,R2,SKU_B,0,68,0,188
355,R2,SKU_C,528,0,0,0
355,R2,SKU_D,185,0,0,0
355,R2,SKU_E,207,0,0,187
355,R3,SKU_A,2785,0,0,0
355,R3,SKU_B,274,0,0,130
355,R3,SKU_C,1685,0,0,384
355,R3,SKU_D,656,0,0,836
355,R3,SKU_E,497,0,0,0
356,Supplier,SKU_A,0,0,0,0
356,Supplier,SKU_B,0,0,0,0
356,Supplier,SKU_C,0,0,0,0
356,Supplier,SKU_D,0,0,0,0
356,Supplier,SKU_E,0,0,0,0
356,W1,SKU_A,1889,0,0,1972
356,W1,SKU_B,0,0,27,872
356,W1,SKU_C,1673,0,0,959
356,W1,SKU_D,361,0,0,1760
356,W1,SKU_E,383,0,0,975
356,W2,SKU_A,1497,0,0,1674
356,W2,SKU_B,549,0,0,0
356,W2,SKU_C,2133,0,0,0
356,W2,SKU_D,0,0,463,1299
356,W2,SKU_E,889,0,0,725
356,R1,SKU_A,323,0,0,974
356,R1,SKU_B,325,0,0,113
356,R1,SKU_C,249,0,0,0
356,R1,SKU_D,174,0,0,449
356,R1,SKU_E,235,0,0,78
356,R2,SKU_A,529,0,0,502
356,R2,SKU_B,0,136,0,188
356,R2,SKU_C,438,0,0,0
356,R2,SKU_D,104,0,0,0
356,R2,SKU_E,147,0,0,187
356,R3,SKU_A,2592,0,0,0
356,R3,SKU_B,191,0,0,130
356,R3,SKU_C,1563,0,0,384
356,R3,SKU_D,529,0,0,836
356,R3,SKU_E,379,0,0,0
357,Supplier,SKU_A,0,0,0,0
357,Supplier,SKU_B,0,0,0,0
357,Supplier,SKU_C,0,0,0,0
357,Supplier,SKU_D,0,0,0,0
357,Supplier,SKU_E,0,0,0,0
357,W1,SKU_A,1889,0,0,1972
357,W1,SKU_B,345,0,0,285
357,W1,SKU_C,2257,0,0,0
357,W1,SKU_D,361,0,0,1760
357,W1,SKU_E,857,0,0,501
357,W2,SKU_A,1497,0,0,1674
357,W2,SKU_B,549,0,0,0
357,W2,SKU_C,2133,0,0,0
357,W2,SKU_D,0,0,463,1299
357,W2,SKU_E,959,0,0,0
357,R1,SKU_A,1110,0,0,0
357,R1,SKU_B,308,0,0,215
357,R1,SKU_C,110,0,0,494
357,R1,SKU_D,540,0,0,0
357,R1,SKU_E,243,0,0,91
357,R2,SKU_A,899,0,0,0
357,R2,SKU_B,0,36,0,205
357,R2,SKU_C,345,0,0,375
357,R2,SKU_D,40,0,0,197
357,R2,SKU_E,262,0,0,157
357,R3,SKU_A,2381,0,0,801
357,R3,SKU_B,124,0,0,366
357,R3,SKU_C,1433,0,0,384
357,R3,SKU_D,409,0,0,836
357,R3,SKU_E,272,0,0,655
358,Supplier,SKU_A,0,0,0,0
358,Supplier,SKU_B,0,0,0,0
358,Supplier,SKU_C,0,0,0,0
358,Supplier,SKU_D,0,0,0,0
358,Supplier,SKU_E,0,0,0,0
358,W1,SKU_A,1889,0,0,1972
358,W1,SKU_B,215,0,0,285
358,W1,SKU_C,2257,0,0,0
358,W1,SKU_D,151,0,0,1760
358,W1,SKU_E,540,0,0,501
358,W2,SKU_A,1497,0,0,1674
358,W2,SKU_B,399,0,0,0
358,W2,SKU_C,1686,0,0,0
358,W2,SKU_D,0,0,463,1299
358,W2,SKU_E,959,0,0,655
358,R1,SKU_A,972,0,0,0
358,R1,SKU_B,237,0,0,215
358,R1,SKU_C,29,0,0,494
358,R1,SKU_D,471,0,0,0
358,R1,SKU_E,187,0,0,91
358,R2,SKU_A,784,0,0,0
358,R2,SKU_B,0,102,0,205
358,R2,SKU_C,262,0,0,375
358,R2,SKU_D,0,8,0,197
358,R2,SKU_E,207,0,0,157
358,R3,SKU_A,2243,0,0,801
358,R3,SKU_B,208,0,0,236
358,R3,SKU_C,1751,0,0,0
358,R3,SKU_D,1165,0,0,0
358,R3,SKU_E,193,0,0,655
359,Supplier,SKU_A,0,0,0,0
359,Supplier,SKU_B,0,0,0,0
359,Supplier,SKU_C,0,0,0,0
359,Supplier,SKU_D,0,0,0,0
359,Supplier,SKU_E,0,0,0,0
359,W1,SKU_A,1334,0,0,1972
359,W1,SKU_B,0,0,7,818
359,W1,SKU_C,2257,0,0,869
359,W1,SKU_D,151,0,0,1760
359,W1,SKU_E,540,0,0,1066
359,W2,SKU_A,782,0,0,1674
359,W2,SKU_B,399,0,0,0
359,W2,SKU_C,1686,0,0,0
359,W2,SKU_D,0,0,463,1299
359,W2,SKU_E,959,0,0,655
359,R1,SKU_A,787,0,0,0
359,R1,SKU_B,415,0,0,0
359,R1,SKU_C,409,0,0,0
359,R1,SKU_D,393,0,0,0
359,R1,SKU_E,237,0,0,0
359,R2,SKU_A,679,0,0,0
359,R2,SKU_B,0,160,0,205
359,R2,SKU_C,194,0,0,375
359,R2,SKU_D,0,57,0,197
359,R2,SKU_E,156,0,0,157
359,R3,SKU_A,2099,0,0,801
359,R3,SKU_B,150,0,0,236
359,R3,SKU_C,1666,0,0,0
359,R3,SKU_D,1079,0,0,0
359,R3,SKU_E,111,0,0,655
360,Supplier,SKU_A,0,0,0,0
360,Supplier,SKU_B,0,0,0,0
360,Supplier,SKU_C,0,0,0,0
360,Supplier,SKU_D,0,0,0,0
360,Supplier,SKU_E,0,0,0,0
360,W1,SKU_A,2377,0,0,0
360,W1,SKU_B,170,0,0,533
360,W1,SKU_C,1776,0,0,869
360,W1,SKU_D,151,0,0,1760
360,W1,SKU_E,944,0,0,565
360,W2,SKU_A,782,0,0,1674
360,W2,SKU_B,295,0,0,0
360,W2,SKU_C,1686,0,0,0
360,W2,SKU_D,0,0,463,1299
360,W2,SKU_E,959,0,0,655
360,R1,SKU_A,654,0,0,929
360,R1,SKU_B,365,0,0,238
360,R1,SKU_C,326,0,0,481
360,R1,SKU_D,337,0,0,0
360,R1,SKU_E,207,0,0,233
360,R2,SKU_A,581,0,0,555
360,R2,SKU_B,0,5,0,222
360,R2,SKU_C,519,0,0,0
360,R2,SKU_D,85,0,0,210
360,R2,SKU_E,265,0,0,181
360,R3,SKU_A,1957,0,0,1516
360,R3,SKU_B,114,0,0,490
360,R3,SKU_C,1597,0,0,447
360,R3,SKU_D,994,0,0,0
360,R3,SKU_E,47,0,0,655
361,Supplier,SKU_A,0,0,0,0
361,Supplier,SKU_B,0,0,0,0
361,Supplier,SKU_C,0,0,0,0
361,Supplier,SKU_D,0,0,0,0
361,Supplier,SKU_E,0,0,0,0
361,W1,SKU_A,2377,0,0,0
361,W1,SKU_B,170,0,0,533
361,W1,SKU_C,1776,0,0,869
361,W1,SKU_D,1489,0,0,0
361,W1,SKU_E,790,0,0,565
361,W2,SKU_A,782,0,0,1674
361,W2,SKU_B,295,0,0,771
361,W2,SKU_C,1686,0,0,0
361,W2,SKU_D,1299,0,463,0
361,W2,SKU_E,959,0,0,655
361,R1,SKU_A,514,0,0,929
361,R1,SKU_B,309,0,0,238
361,R1,SKU_C,234,0,0,481
361,R1,SKU_D,279,0,0,0
361,R1,SKU_E,166,0,0,233
361,R2,SKU_A,501,0,0,555
361,R2,SKU_B,0,46,0,222
361,R2,SKU_C,461,0,0,0
361,R2,SKU_D,31,0,0,210
361,R2,SKU_E,214,0,0,181
361,R3,SKU_A,2613,0,0,715
361,R3,SKU_B,278,0,0,254
361,R3,SKU_C,1514,0,0,447
361,R3,SKU_D,908,0,0,0
361,R3,SKU_E,635,0,0,0
362,Supplier,SKU_A,0,0,0,0
362,Supplier,SKU_B,0,0,0,0
362,Supplier,SKU_C,0,0,0,0
362,Supplier,SKU_D,0,0,0,0
362,Supplier,SKU_E,0,0,0,0
362,W1,SKU_A,2377,0,0,0
362,W1,SKU_B,64,0,0,885
362,W1,SKU_C,1424,0,0,869
362,W1,SKU_D,1283,0,0,0
362,W1,SKU_E,790,0,0,565
362,W2,SKU_A,2456,0,0,0
362,W2,SKU_B,187,0,0,771
362,W2,SKU_C,1686,0,0,0
362,W2,SKU_D,836,0,0,0
362,W2,SKU_E,959,0,0,655
362,R1,SKU_A,1318,0,0,0
362,R1,SKU_B,472,0,0,0
362,R1,SKU_C,638,0,0,0
362,R1,SKU_D,217,0,0,0
362,R1,SKU_E,361,0,0,0
362,R2,SKU_A,415,0,0,555
362,R2,SKU_B,0,94,0,222
362,R2,SKU_C,415,0,0,0
362,R2,SKU_D,0,26,0,210
362,R2,SKU_E,161,0,0,181
362,R3,SKU_A,2443,0,0,715
362,R3,SKU_B,196,0,0,254
362,R3,SKU_C,1399,0,0,447
362,R3,SKU_D,801,0,0,0
362,R3,SKU_E,547,0,0,0
363,Supplier,SKU_A,0,0,0,0
363,Supplier,SKU_B,0,0,0,0
363,Supplier,SKU_C,0,0,0,0
363,Supplier,SKU_D,0,0,0,0
363,Supplier,SKU_E,0,0,0,0
363,W1,SKU_A,2377,0,0,0
363,W1,SKU_B,0,0,133,885
363,W1,SKU_C,1424,0,0,869
363,W1,SKU_D,1283,0,0,0
363,W1,SKU_E,681,0,0,565
363,W2,SKU_A,2456,0,0,0
363,W2,SKU_B,187,0,0,771
363,W2,SKU_C,1268,0,0,0
363,W2,SKU_D,836,0,0,0
363,W2,SKU_E,959,0,0,655
363,R1,SKU_A,1160,0,0,0
363,R1,SKU_B,366,0,0,106
363,R1,SKU_C,493,0,0,0
363,R1,SKU_D,133,0,0,422
363,R1,SKU_E,294,0,0,109
363,R2,SKU_A,864,0,0,0
363,R2,SKU_B,62,0,0,64
363,R2,SKU_C,334,0,0,352
363,R2,SKU_D,127,0,0,206
363,R2,SKU_E,285,0,0,154
363,R3,SKU_A,2230,0,0,715
363,R3,SKU_B,110,0,0,362
363,R3,SKU_C,1216,0,0,865
363,R3,SKU_D,660,0,0,463
363,R3,SKU_E,453,0,0,0
364,Supplier,SKU_A,0,0,0,0
364,Supplier,SKU_B,0,0,0,0
364,Supplier,SKU_C,0,0,0,0
364,Supplier,SKU_D,0,0,0,0
364,Supplier,SKU_E,0,0,0,0
364,W1,SKU_A,1902,0,0,0
364,W1,SKU_B,219,0,0,352
364,W1,SKU_C,2293,0,0,0
364,W1,SKU_D,1283,0,0,0
364,W1,SKU_E,1085,0,0,0
364,W2,SKU_A,1642,0,0,0
364,W2,SKU_B,19,0,0,771
364,W2,SKU_C,1268,0,0,0
364,W2,SKU_D,836,0,0,0
364,W2,SKU_E,1614,0,0,0
364,R1,SKU_A,998,0,0,0
364,R1,SKU_B,280,0,0,106
364,R1,SKU_C,368,0,0,0
364,R1,SKU_D,45,0,0,422
364,R1,SKU_E,225,0,0,109
364,R2,SKU_A,743,0,0,0
364,R2,SKU_B,0,3,0,64
364,R2,SKU_C,286,0,0,352
364,R2,SKU_D,74,0,0,206
364,R2,SKU_E,232,0,0,154
364,R3,SKU_A,2779,0,0,0
364,R3,SKU_B,310,0,0,108
364,R3,SKU_C,1563,0,0,418
364,R3,SKU_D,579,0,0,463
364,R3,SKU_E,367,0,0,0
