t,node_id,sku,orders_to_parent
0,Supplier,SKU_A,0
0,Supplier,SKU_B,0
0,Supplier,SKU_C,0
0,Supplier,SKU_D,0
0,Supplier,SKU_E,0
0,W1,SKU_A,2125
0,W1,SKU_B,221
0,W1,SKU_C,2033
0,W1,SKU_D,0
0,W1,SKU_E,857
0,W2,SKU_A,1322
0,W2,SKU_B,0
0,W2,SKU_C,0
0,W2,SKU_D,0
0,W2,SKU_E,966
0,R1,SKU_A,1263
0,R1,SKU_B,401
0,R1,SKU_C,575
0,R1,SKU_D,530
0,R1,SKU_E,306
0,R2,SKU_A,969
0,R2,SKU_B,0
0,R2,SKU_C,589
0,R2,SKU_D,275
0,R2,SKU_E,375
0,R3,SKU_A,2621
0,R3,SKU_B,226
0,R3,SKU_C,1619
0,R3,SKU_D,1479
0,R3,SKU_E,0
1,Supplier,SKU_A,0
1,Supplier,SKU_B,0
1,Supplier,SKU_C,0
1,Supplier,SKU_D,0
1,Supplier,SKU_E,0
1,W1,SKU_A,2232
1,W1,SKU_B,401
1,W1,SKU_C,1164
1,W1,SKU_D,2101
1,W1,SKU_E,681
1,W2,SKU_A,2621
1,W2,SKU_B,0
1,W2,SKU_C,3409
1,W2,SKU_D,1269
1,W2,SKU_E,0
1,R1,SKU_A,0
1,R1,SKU_B,0
1,R1,SKU_C,0
1,R1,SKU_D,0
1,R1,SKU_E,0
1,R2,SKU_A,0
1,R2,SKU_B,0
1,R2,SKU_C,0
1,R2,SKU_D,0
1,R2,SKU_E,0
1,R3,SKU_A,0
1,R3,SKU_B,0
1,R3,SKU_C,0
1,R3,SKU_D,0
1,R3,SKU_E,701
2,Supplier,SKU_A,0
2,Supplier,SKU_B,0
2,Supplier,SKU_C,0
2,Supplier,SKU_D,0
2,Supplier,SKU_E,0
2,W1,SKU_A,0
2,W1,SKU_B,0
2,W1,SKU_C,0
2,W1,SKU_D,0
2,W1,SKU_E,0
2,W2,SKU_A,0
2,W2,SKU_B,0
2,W2,SKU_C,0
2,W2,SKU_D,0
2,W2,SKU_E,701
2,R1,SKU_A,0
2,R1,SKU_B,0
2,R1,SKU_C,0
2,R1,SKU_D,0
2,R1,SKU_E,0
2,R2,SKU_A,0
2,R2,SKU_B,0
2,R2,SKU_C,0
2,R2,SKU_D,0
2,R2,SKU_E,0
2,R3,SKU_A,0
2,R3,SKU_B,0
2,R3,SKU_C,0
2,R3,SKU_D,0
2,R3,SKU_E,0
3,Supplier,SKU_A,0
3,Supplier,SKU_B,0
3,Supplier,SKU_C,0
3,Supplier,SKU_D,0
3,Supplier,SKU_E,0
3,W1,SKU_A,0
3,W1,SKU_B,0
3,W1,SKU_C,0
3,W1,SKU_D,0
3,W1,SKU_E,0
3,W2,SKU_A,0
3,W2,SKU_B,0
3,W2,SKU_C,0
3,W2,SKU_D,0
3,W2,SKU_E,0
3,R1,SKU_A,0
3,R1,SKU_B,0
3,R1,SKU_C,0
3,R1,SKU_D,0
3,R1,SKU_E,103
3,R2,SKU_A,0
3,R2,SKU_B,232
3,R2,SKU_C,0
3,R2,SKU_D,0
3,R2,SKU_E,0
3,R3,SKU_A,0
3,R3,SKU_B,121
3,R3,SKU_C,0
3,R3,SKU_D,0
3,R3,SKU_E,0
4,Supplier,SKU_A,0
4,Supplier,SKU_B,0
4,Supplier,SKU_C,0
4,Supplier,SKU_D,0
4,Supplier,SKU_E,0
4,W1,SKU_A,0
4,W1,SKU_B,232
4,W1,SKU_C,0
4,W1,SKU_D,0
4,W1,SKU_E,0
4,W2,SKU_A,0
4,W2,SKU_B,774
4,W2,SKU_C,0
4,W2,SKU_D,0
4,W2,SKU_E,0
4,R1,SKU_A,0
4,R1,SKU_B,123
4,R1,SKU_C,0
4,R1,SKU_D,0
4,R1,SKU_E,0
4,R2,SKU_A,0
4,R2,SKU_B,0
4,R2,SKU_C,0
4,R2,SKU_D,0
4,R2,SKU_E,0
4,R3,SKU_A,0
4,R3,SKU_B,0
4,R3,SKU_C,379
4,R3,SKU_D,0
4,R3,SKU_E,0
5,Supplier,SKU_A,0
5,Supplier,SKU_B,0
5,Supplier,SKU_C,0
5,Supplier,SKU_D,0
5,Supplier,SKU_E,0
5,W1,SKU_A,0
5,W1,SKU_B,0
5,W1,SKU_C,0
5,W1,SKU_D,0
5,W1,SKU_E,0
5,W2,SKU_A,0
5,W2,SKU_B,0
5,W2,SKU_C,0
5,W2,SKU_D,0
5,W2,SKU_E,0
5,R1,SKU_A,0
5,R1,SKU_B,0
5,R1,SKU_C,0
5,R1,SKU_D,0
5,R1,SKU_E,103
5,R2,SKU_A,494
5,R2,SKU_B,0
5,R2,SKU_C,0
5,R2,SKU_D,206
5,R2,SKU_E,167
5,R3,SKU_A,938
5,R3,SKU_B,132
5,R3,SKU_C,0
5,R3,SKU_D,0
5,R3,SKU_E,0
6,Supplier,SKU_A,0
6,Supplier,SKU_B,0
6,Supplier,SKU_C,0
6,Supplier,SKU_D,0
6,Supplier,SKU_E,0
6,W1,SKU_A,0
6,W1,SKU_B,0
6,W1,SKU_C,0
6,W1,SKU_D,0
6,W1,SKU_E,0
6,W2,SKU_A,0
6,W2,SKU_B,0
6,W2,SKU_C,0
6,W2,SKU_D,0
6,W2,SKU_E,0
6,R1,SKU_A,0
6,R1,SKU_B,157
6,R1,SKU_C,492
6,R1,SKU_D,0
6,R1,SKU_E,0
6,R2,SKU_A,0
6,R2,SKU_B,207
6,R2,SKU_C,400
6,R2,SKU_D,0
6,R2,SKU_E,0
6,R3,SKU_A,0
6,R3,SKU_B,0
6,R3,SKU_C,0
6,R3,SKU_D,0
6,R3,SKU_E,0
7,Supplier,SKU_A,0
7,Supplier,SKU_B,0
7,Supplier,SKU_C,0
7,Supplier,SKU_D,0
7,Supplier,SKU_E,0
7,W1,SKU_A,0
7,W1,SKU_B,487
7,W1,SKU_C,892
7,W1,SKU_D,0
7,W1,SKU_E,0
7,W2,SKU_A,0
7,W2,SKU_B,0
7,W2,SKU_C,0
7,W2,SKU_D,0
7,W2,SKU_E,0
7,R1,SKU_A,0
7,R1,SKU_B,0
7,R1,SKU_C,0
7,R1,SKU_D,0
7,R1,SKU_E,127
7,R2,SKU_A,0
7,R2,SKU_B,0
7,R2,SKU_C,0
7,R2,SKU_D,0
7,R2,SKU_E,0
7,R3,SKU_A,0
7,R3,SKU_B,155
7,R3,SKU_C,454
7,R3,SKU_D,0
7,R3,SKU_E,0
8,Supplier,SKU_A,0
8,Supplier,SKU_B,0
8,Supplier,SKU_C,0
8,Supplier,SKU_D,0
8,Supplier,SKU_E,0
8,W1,SKU_A,0
8,W1,SKU_B,0
8,W1,SKU_C,0
8,W1,SKU_D,0
8,W1,SKU_E,500
8,W2,SKU_A,0
8,W2,SKU_B,0
8,W2,SKU_C,0
8,W2,SKU_D,0
8,W2,SKU_E,0
8,R1,SKU_A,0
8,R1,SKU_B,130
8,R1,SKU_C,0
8,R1,SKU_D,0
8,R1,SKU_E,0
8,R2,SKU_A,0
8,R2,SKU_B,0
8,R2,SKU_C,0
8,R2,SKU_D,0
8,R2,SKU_E,164
8,R3,SKU_A,0
8,R3,SKU_B,0
8,R3,SKU_C,0
8,R3,SKU_D,0
8,R3,SKU_E,0
9,Supplier,SKU_A,0
9,Supplier,SKU_B,0
9,Supplier,SKU_C,0
9,Supplier,SKU_D,0
9,Supplier,SKU_E,0
9,W1,SKU_A,0
9,W1,SKU_B,0
9,W1,SKU_C,0
9,W1,SKU_D,0
9,W1,SKU_E,0
9,W2,SKU_A,0
9,W2,SKU_B,0
9,W2,SKU_C,0
9,W2,SKU_D,0
9,W2,SKU_E,0
9,R1,SKU_A,978
9,R1,SKU_B,0
9,R1,SKU_C,0
9,R1,SKU_D,0
9,R1,SKU_E,81
9,R2,SKU_A,454
9,R2,SKU_B,0
9,R2,SKU_C,0
9,R2,SKU_D,0
9,R2,SKU_E,0
9,R3,SKU_A,804
9,R3,SKU_B,129
9,R3,SKU_C,0
9,R3,SKU_D,0
9,R3,SKU_E,0
10,Supplier,SKU_A,0
10,Supplier,SKU_B,0
10,Supplier,SKU_C,0
10,Supplier,SKU_D,0
10,Supplier,SKU_E,0
10,W1,SKU_A,0
10,W1,SKU_B,0
10,W1,SKU_C,0
10,W1,SKU_D,0
10,W1,SKU_E,0
10,W2,SKU_A,1742
10,W2,SKU_B,0
10,W2,SKU_C,0
10,W2,SKU_D,0
10,W2,SKU_E,0
10,R1,SKU_A,0
10,R1,SKU_B,0
10,R1,SKU_C,0
10,R1,SKU_D,426
10,R1,SKU_E,0
10,R2,SKU_A,0
10,R2,SKU_B,204
10,R2,SKU_C,0
10,R2,SKU_D,201
10,R2,SKU_E,0
10,R3,SKU_A,0
10,R3,SKU_B,0
10,R3,SKU_C,0
10,R3,SKU_D,0
10,R3,SKU_E,690
11,Supplier,SKU_A,0
11,Supplier,SKU_B,0
11,Supplier,SKU_C,0
11,Supplier,SKU_D,0
11,Supplier,SKU_E,0
11,W1,SKU_A,0
11,W1,SKU_B,334
11,W1,SKU_C,0
11,W1,SKU_D,0
11,W1,SKU_E,0
11,W2,SKU_A,0
11,W2,SKU_B,0
11,W2,SKU_C,0
11,W2,SKU_D,0
11,W2,SKU_E,690
11,R1,SKU_A,0
11,R1,SKU_B,105
11,R1,SKU_C,0
11,R1,SKU_D,0
11,R1,SKU_E,81
11,R2,SKU_A,0
11,R2,SKU_B,0
11,R2,SKU_C,0
11,R2,SKU_D,0
11,R2,SKU_E,132
11,R3,SKU_A,0
11,R3,SKU_B,139
11,R3,SKU_C,399
11,R3,SKU_D,0
11,R3,SKU_E,0
12,Supplier,SKU_A,0
12,Supplier,SKU_B,0
12,Supplier,SKU_C,0
12,Supplier,SKU_D,0
12,Supplier,SKU_E,0
12,W1,SKU_A,0
12,W1,SKU_B,0
12,W1,SKU_C,0
12,W1,SKU_D,0
12,W1,SKU_E,458
12,W2,SKU_A,0
12,W2,SKU_B,0
12,W2,SKU_C,0
12,W2,SKU_D,0
12,W2,SKU_E,0
12,R1,SKU_A,0
12,R1,SKU_B,0
12,R1,SKU_C,447
12,R1,SKU_D,0
12,R1,SKU_E,0
12,R2,SKU_A,0
12,R2,SKU_B,0
12,R2,SKU_C,0
12,R2,SKU_D,0
12,R2,SKU_E,0
12,R3,SKU_A,0
12,R3,SKU_B,0
12,R3,SKU_C,0
12,R3,SKU_D,0
12,R3,SKU_E,0
13,Supplier,SKU_A,0
13,Supplier,SKU_B,0
13,Supplier,SKU_C,0
13,Supplier,SKU_D,0
13,Supplier,SKU_E,0
13,W1,SKU_A,0
13,W1,SKU_B,0
13,W1,SKU_C,0
13,W1,SKU_D,0
13,W1,SKU_E,0
13,W2,SKU_A,0
13,W2,SKU_B,0
13,W2,SKU_C,0
13,W2,SKU_D,0
13,W2,SKU_E,0
13,R1,SKU_A,0
13,R1,SKU_B,159
13,R1,SKU_C,0
13,R1,SKU_D,0
13,R1,SKU_E,122
13,R2,SKU_A,0
13,R2,SKU_B,0
13,R2,SKU_C,399
13,R2,SKU_D,0
13,R2,SKU_E,0
13,R3,SKU_A,889
13,R3,SKU_B,189
13,R3,SKU_C,373
13,R3,SKU_D,0
13,R3,SKU_E,0
14,Supplier,SKU_A,0
14,Supplier,SKU_B,0
14,Supplier,SKU_C,0
14,Supplier,SKU_D,0
14,Supplier,SKU_E,0
14,W1,SKU_A,0
14,W1,SKU_B,264
14,W1,SKU_C,846
14,W1,SKU_D,0
14,W1,SKU_E,0
14,W2,SKU_A,0
14,W2,SKU_B,744
14,W2,SKU_C,0
14,W2,SKU_D,0
14,W2,SKU_E,0
14,R1,SKU_A,0
14,R1,SKU_B,0
14,R1,SKU_C,0
14,R1,SKU_D,0
14,R1,SKU_E,78
14,R2,SKU_A,568
14,R2,SKU_B,227
14,R2,SKU_C,0
14,R2,SKU_D,0
14,R2,SKU_E,166
14,R3,SKU_A,0
14,R3,SKU_B,0
14,R3,SKU_C,0
14,R3,SKU_D,0
14,R3,SKU_E,0
15,Supplier,SKU_A,0
15,Supplier,SKU_B,0
15,Supplier,SKU_C,0
15,Supplier,SKU_D,0
15,Supplier,SKU_E,0
15,W1,SKU_A,2494
15,W1,SKU_B,227
15,W1,SKU_C,0
15,W1,SKU_D,0
15,W1,SKU_E,0
15,W2,SKU_A,0
15,W2,SKU_B,0
15,W2,SKU_C,0
15,W2,SKU_D,0
15,W2,SKU_E,0
15,R1,SKU_A,0
15,R1,SKU_B,105
15,R1,SKU_C,0
15,R1,SKU_D,0
15,R1,SKU_E,0
15,R2,SKU_A,0
15,R2,SKU_B,0
15,R2,SKU_C,0
15,R2,SKU_D,219
15,R2,SKU_E,0
15,R3,SKU_A,0
15,R3,SKU_B,115
15,R3,SKU_C,0
15,R3,SKU_D,1302
15,R3,SKU_E,0
16,Supplier,SKU_A,0
16,Supplier,SKU_B,0
16,Supplier,SKU_C,0
16,Supplier,SKU_D,0
16,Supplier,SKU_E,0
16,W1,SKU_A,0
16,W1,SKU_B,0
16,W1,SKU_C,0
16,W1,SKU_D,0
16,W1,SKU_E,0
16,W2,SKU_A,0
16,W2,SKU_B,0
16,W2,SKU_C,0
16,W2,SKU_D,1302
16,W2,SKU_E,0
16,R1,SKU_A,913
16,R1,SKU_B,0
16,R1,SKU_C,0
16,R1,SKU_D,0
16,R1,SKU_E,86
16,R2,SKU_A,0
16,R2,SKU_B,0
16,R2,SKU_C,0
16,R2,SKU_D,0
16,R2,SKU_E,0
16,R3,SKU_A,0
16,R3,SKU_B,0
16,R3,SKU_C,0
16,R3,SKU_D,0
16,R3,SKU_E,0
17,Supplier,SKU_A,0
17,Supplier,SKU_B,0
17,Supplier,SKU_C,0
17,Supplier,SKU_D,0
17,Supplier,SKU_E,0
17,W1,SKU_A,0
17,W1,SKU_B,0
17,W1,SKU_C,0
17,W1,SKU_D,0
17,W1,SKU_E,452
17,W2,SKU_A,0
17,W2,SKU_B,0
17,W2,SKU_C,0
17,W2,SKU_D,0
17,W2,SKU_E,0
17,R1,SKU_A,0
17,R1,SKU_B,0
17,R1,SKU_C,0
17,R1,SKU_D,0
17,R1,SKU_E,0
17,R2,SKU_A,0
17,R2,SKU_B,0
17,R2,SKU_C,0
17,R2,SKU_D,0
17,R2,SKU_E,0
17,R3,SKU_A,846
17,R3,SKU_B,112
17,R3,SKU_C,389
17,R3,SKU_D,0
17,R3,SKU_E,0
18,Supplier,SKU_A,0
18,Supplier,SKU_B,0
18,Supplier,SKU_C,0
18,Supplier,SKU_D,0
18,Supplier,SKU_E,0
18,W1,SKU_A,0
18,W1,SKU_B,0
18,W1,SKU_C,0
18,W1,SKU_D,0
18,W1,SKU_E,0
18,W2,SKU_A,1735
18,W2,SKU_B,0
18,W2,SKU_C,1994
18,W2,SKU_D,0
18,W2,SKU_E,0
18,R1,SKU_A,0
18,R1,SKU_B,94
18,R1,SKU_C,454
18,R1,SKU_D,0
18,R1,SKU_E,0
18,R2,SKU_A,0
18,R2,SKU_B,0
18,R2,SKU_C,0
18,R2,SKU_D,0
18,R2,SKU_E,154
18,R3,SKU_A,0
18,R3,SKU_B,0
18,R3,SKU_C,0
18,R3,SKU_D,0
18,R3,SKU_E,661
19,Supplier,SKU_A,0
19,Supplier,SKU_B,0
19,Supplier,SKU_C,0
19,Supplier,SKU_D,0
19,Supplier,SKU_E,0
19,W1,SKU_A,0
19,W1,SKU_B,199
19,W1,SKU_C,0
19,W1,SKU_D,0
19,W1,SKU_E,0
19,W2,SKU_A,0
19,W2,SKU_B,0
19,W2,SKU_C,0
19,W2,SKU_D,0
19,W2,SKU_E,661
19,R1,SKU_A,0
19,R1,SKU_B,0
19,R1,SKU_C,0
19,R1,SKU_D,409
19,R1,SKU_E,136
19,R2,SKU_A,497
19,R2,SKU_B,245
19,R2,SKU_C,0
19,R2,SKU_D,0
19,R2,SKU_E,0
19,R3,SKU_A,0
19,R3,SKU_B,117
19,R3,SKU_C,0
19,R3,SKU_D,0
19,R3,SKU_E,0
20,Supplier,SKU_A,0
20,Supplier,SKU_B,0
20,Supplier,SKU_C,0
20,Supplier,SKU_D,0
20,Supplier,SKU_E,0
20,W1,SKU_A,0
20,W1,SKU_B,245
20,W1,SKU_C,0
20,W1,SKU_D,1461
20,W1,SKU_E,0
20,W2,SKU_A,0
20,W2,SKU_B,0
20,W2,SKU_C,0
20,W2,SKU_D,0
20,W2,SKU_E,0
20,R1,SKU_A,0
20,R1,SKU_B,137
20,R1,SKU_C,0
20,R1,SKU_D,0
20,R1,SKU_E,0
20,R2,SKU_A,0
20,R2,SKU_B,0
20,R2,SKU_C,0
20,R2,SKU_D,211
20,R2,SKU_E,0
20,R3,SKU_A,0
20,R3,SKU_B,110
20,R3,SKU_C,411
20,R3,SKU_D,0
20,R3,SKU_E,0
21,Supplier,SKU_A,0
21,Supplier,SKU_B,0
21,Supplier,SKU_C,0
21,Supplier,SKU_D,0
21,Supplier,SKU_E,0
21,W1,SKU_A,0
21,W1,SKU_B,0
21,W1,SKU_C,0
21,W1,SKU_D,0
21,W1,SKU_E,0
21,W2,SKU_A,0
21,W2,SKU_B,0
21,W2,SKU_C,0
21,W2,SKU_D,0
21,W2,SKU_E,0
21,R1,SKU_A,0
21,R1,SKU_B,0
21,R1,SKU_C,0
21,R1,SKU_D,0
21,R1,SKU_E,135
21,R2,SKU_A,0
21,R2,SKU_B,0
21,R2,SKU_C,356
21,R2,SKU_D,0
21,R2,SKU_E,142
21,R3,SKU_A,868
21,R3,SKU_B,93
21,R3,SKU_C,0
21,R3,SKU_D,0
21,R3,SKU_E,0
22,Supplier,SKU_A,0
22,Supplier,SKU_B,0
22,Supplier,SKU_C,0
22,Supplier,SKU_D,0
22,Supplier,SKU_E,0
22,W1,SKU_A,0
22,W1,SKU_B,0
22,W1,SKU_C,810
22,W1,SKU_D,0
22,W1,SKU_E,567
22,W2,SKU_A,0
22,W2,SKU_B,0
22,W2,SKU_C,0
22,W2,SKU_D,0
22,W2,SKU_E,0
22,R1,SKU_A,0
22,R1,SKU_B,127
22,R1,SKU_C,0
22,R1,SKU_D,0
22,R1,SKU_E,0
22,R2,SKU_A,0
22,R2,SKU_B,201
22,R2,SKU_C,0
22,R2,SKU_D,0
22,R2,SKU_E,0
22,R3,SKU_A,0
22,R3,SKU_B,0
22,R3,SKU_C,0
22,R3,SKU_D,0
22,R3,SKU_E,0
23,Supplier,SKU_A,0
23,Supplier,SKU_B,0
23,Supplier,SKU_C,0
23,Supplier,SKU_D,0
23,Supplier,SKU_E,0
23,W1,SKU_A,0
23,W1,SKU_B,465
23,W1,SKU_C,0
23,W1,SKU_D,0
23,W1,SKU_E,0
23,W2,SKU_A,0
23,W2,SKU_B,0
23,W2,SKU_C,0
23,W2,SKU_D,0
23,W2,SKU_E,0
23,R1,SKU_A,902
23,R1,SKU_B,0
23,R1,SKU_C,0
23,R1,SKU_D,0
23,R1,SKU_E,82
23,R2,SKU_A,0
23,R2,SKU_B,0
23,R2,SKU_C,0
23,R2,SKU_D,0
23,R2,SKU_E,0
23,R3,SKU_A,0
23,R3,SKU_B,129
23,R3,SKU_C,349
23,R3,SKU_D,0
23,R3,SKU_E,0
24,Supplier,SKU_A,0
24,Supplier,SKU_B,0
24,Supplier,SKU_C,0
24,Supplier,SKU_D,0
24,Supplier,SKU_E,0
24,W1,SKU_A,2312
24,W1,SKU_B,0
24,W1,SKU_C,0
24,W1,SKU_D,0
24,W1,SKU_E,0
24,W2,SKU_A,0
24,W2,SKU_B,0
24,W2,SKU_C,0
24,W2,SKU_D,0
24,W2,SKU_E,0
24,R1,SKU_A,0
24,R1,SKU_B,0
24,R1,SKU_C,469
24,R1,SKU_D,0
24,R1,SKU_E,0
24,R2,SKU_A,516
24,R2,SKU_B,0
24,R2,SKU_C,0
24,R2,SKU_D,0
24,R2,SKU_E,0
24,R3,SKU_A,0
24,R3,SKU_B,0
24,R3,SKU_C,0
24,R3,SKU_D,0
24,R3,SKU_E,0
25,Supplier,SKU_A,0
25,Supplier,SKU_B,0
25,Supplier,SKU_C,0
25,Supplier,SKU_D,0
25,Supplier,SKU_E,0
25,W1,SKU_A,0
25,W1,SKU_B,0
25,W1,SKU_C,0
25,W1,SKU_D,0
25,W1,SKU_E,0
25,W2,SKU_A,0
25,W2,SKU_B,0
25,W2,SKU_C,0
25,W2,SKU_D,0
25,W2,SKU_E,0
25,R1,SKU_A,0
25,R1,SKU_B,107
25,R1,SKU_C,0
25,R1,SKU_D,0
25,R1,SKU_E,0
25,R2,SKU_A,0
25,R2,SKU_B,0
25,R2,SKU_C,0
25,R2,SKU_D,219
25,R2,SKU_E,152
25,R3,SKU_A,0
25,R3,SKU_B,114
25,R3,SKU_C,0
25,R3,SKU_D,0
25,R3,SKU_E,0
26,Supplier,SKU_A,0
26,Supplier,SKU_B,0
26,Supplier,SKU_C,0
26,Supplier,SKU_D,0
26,Supplier,SKU_E,0
26,W1,SKU_A,0
26,W1,SKU_B,0
26,W1,SKU_C,0
26,W1,SKU_D,0
26,W1,SKU_E,0
26,W2,SKU_A,0
26,W2,SKU_B,790
26,W2,SKU_C,0
26,W2,SKU_D,0
26,W2,SKU_E,0
26,R1,SKU_A,0
26,R1,SKU_B,0
26,R1,SKU_C,0
26,R1,SKU_D,0
26,R1,SKU_E,103
26,R2,SKU_A,0
26,R2,SKU_B,208
26,R2,SKU_C,0
26,R2,SKU_D,0
26,R2,SKU_E,0
26,R3,SKU_A,838
26,R3,SKU_B,0
26,R3,SKU_C,0
26,R3,SKU_D,0
26,R3,SKU_E,0
27,Supplier,SKU_A,0
27,Supplier,SKU_B,0
27,Supplier,SKU_C,0
27,Supplier,SKU_D,0
27,Supplier,SKU_E,0
27,W1,SKU_A,0
27,W1,SKU_B,315
27,W1,SKU_C,0
27,W1,SKU_D,0
27,W1,SKU_E,0
27,W2,SKU_A,1706
27,W2,SKU_B,0
27,W2,SKU_C,0
27,W2,SKU_D,0
27,W2,SKU_E,0
27,R1,SKU_A,0
27,R1,SKU_B,126
27,R1,SKU_C,0
27,R1,SKU_D,0
27,R1,SKU_E,0
27,R2,SKU_A,0
27,R2,SKU_B,0
27,R2,SKU_C,0
27,R2,SKU_D,0
27,R2,SKU_E,0
27,R3,SKU_A,0
27,R3,SKU_B,142
27,R3,SKU_C,490
27,R3,SKU_D,0
27,R3,SKU_E,701
28,Supplier,SKU_A,0
28,Supplier,SKU_B,0
28,Supplier,SKU_C,0
28,Supplier,SKU_D,0
28,Supplier,SKU_E,0
28,W1,SKU_A,0
28,W1,SKU_B,0
28,W1,SKU_C,0
28,W1,SKU_D,0
28,W1,SKU_E,0
28,W2,SKU_A,0
28,W2,SKU_B,0
28,W2,SKU_C,0
28,W2,SKU_D,0
28,W2,SKU_E,701
28,R1,SKU_A,0
28,R1,SKU_B,0
28,R1,SKU_C,0
28,R1,SKU_D,444
28,R1,SKU_E,119
28,R2,SKU_A,0
28,R2,SKU_B,0
28,R2,SKU_C,0
28,R2,SKU_D,0
28,R2,SKU_E,138
28,R3,SKU_A,0
28,R3,SKU_B,0
28,R3,SKU_C,0
28,R3,SKU_D,0
28,R3,SKU_E,0
29,Supplier,SKU_A,0
29,Supplier,SKU_B,0
29,Supplier,SKU_C,0
29,Supplier,SKU_D,0
29,Supplier,SKU_E,0
29,W1,SKU_A,0
29,W1,SKU_B,0
29,W1,SKU_C,0
29,W1,SKU_D,0
29,W1,SKU_E,594
29,W2,SKU_A,0
29,W2,SKU_B,0
29,W2,SKU_C,0
29,W2,SKU_D,0
29,W2,SKU_E,0
29,R1,SKU_A,0
29,R1,SKU_B,122
29,R1,SKU_C,476
29,R1,SKU_D,0
29,R1,SKU_E,0
29,R2,SKU_A,496
29,R2,SKU_B,195
29,R2,SKU_C,369
29,R2,SKU_D,190
29,R2,SKU_E,0
29,R3,SKU_A,0
29,R3,SKU_B,133
29,R3,SKU_C,0
29,R3,SKU_D,0
29,R3,SKU_E,0
30,Supplier,SKU_A,0
30,Supplier,SKU_B,0
30,Supplier,SKU_C,0
30,Supplier,SKU_D,0
30,Supplier,SKU_E,0
30,W1,SKU_A,0
30,W1,SKU_B,443
30,W1,SKU_C,1314
30,W1,SKU_D,0
30,W1,SKU_E,0
30,W2,SKU_A,0
30,W2,SKU_B,0
30,W2,SKU_C,0
30,W2,SKU_D,0
30,W2,SKU_E,0
30,R1,SKU_A,0
30,R1,SKU_B,0
30,R1,SKU_C,0
30,R1,SKU_D,0
30,R1,SKU_E,0
30,R2,SKU_A,0
30,R2,SKU_B,0
30,R2,SKU_C,0
30,R2,SKU_D,0
30,R2,SKU_E,0
30,R3,SKU_A,802
30,R3,SKU_B,0
30,R3,SKU_C,0
30,R3,SKU_D,1327
30,R3,SKU_E,0
31,Supplier,SKU_A,0
31,Supplier,SKU_B,0
31,Supplier,SKU_C,0
31,Supplier,SKU_D,0
31,Supplier,SKU_E,0
31,W1,SKU_A,0
31,W1,SKU_B,0
31,W1,SKU_C,0
31,W1,SKU_D,0
31,W1,SKU_E,0
31,W2,SKU_A,0
31,W2,SKU_B,0
31,W2,SKU_C,0
31,W2,SKU_D,1327
31,W2,SKU_E,0
31,R1,SKU_A,969
31,R1,SKU_B,0
31,R1,SKU_C,0
31,R1,SKU_D,0
31,R1,SKU_E,121
31,R2,SKU_A,0
31,R2,SKU_B,0
31,R2,SKU_C,0
31,R2,SKU_D,0
31,R2,SKU_E,0
31,R3,SKU_A,0
31,R3,SKU_B,105
31,R3,SKU_C,377
31,R3,SKU_D,0
31,R3,SKU_E,0
32,Supplier,SKU_A,0
32,Supplier,SKU_B,0
32,Supplier,SKU_C,0
32,Supplier,SKU_D,0
32,Supplier,SKU_E,0
32,W1,SKU_A,1981
32,W1,SKU_B,0
32,W1,SKU_C,0
32,W1,SKU_D,0
32,W1,SKU_E,0
32,W2,SKU_A,0
32,W2,SKU_B,0
32,W2,SKU_C,0
32,W2,SKU_D,0
32,W2,SKU_E,0
32,R1,SKU_A,0
32,R1,SKU_B,138
32,R1,SKU_C,0
32,R1,SKU_D,0
32,R1,SKU_E,0
32,R2,SKU_A,0
32,R2,SKU_B,0
32,R2,SKU_C,0
32,R2,SKU_D,0
32,R2,SKU_E,136
32,R3,SKU_A,0
32,R3,SKU_B,0
32,R3,SKU_C,0
32,R3,SKU_D,0
32,R3,SKU_E,0
33,Supplier,SKU_A,0
33,Supplier,SKU_B,0
33,Supplier,SKU_C,0
33,Supplier,SKU_D,0
33,Supplier,SKU_E,0
33,W1,SKU_A,0
33,W1,SKU_B,0
33,W1,SKU_C,0
33,W1,SKU_D,0
33,W1,SKU_E,0
33,W2,SKU_A,0
33,W2,SKU_B,0
33,W2,SKU_C,0
33,W2,SKU_D,0
33,W2,SKU_E,0
33,R1,SKU_A,0
33,R1,SKU_B,0
33,R1,SKU_C,0
33,R1,SKU_D,0
33,R1,SKU_E,85
33,R2,SKU_A,0
33,R2,SKU_B,190
33,R2,SKU_C,0
33,R2,SKU_D,0
33,R2,SKU_E,0
33,R3,SKU_A,0
33,R3,SKU_B,159
33,R3,SKU_C,0
33,R3,SKU_D,0
33,R3,SKU_E,0
34,Supplier,SKU_A,0
34,Supplier,SKU_B,0
34,Supplier,SKU_C,0
34,Supplier,SKU_D,0
34,Supplier,SKU_E,0
34,W1,SKU_A,0
34,W1,SKU_B,328
34,W1,SKU_C,0
34,W1,SKU_D,0
34,W1,SKU_E,0
34,W2,SKU_A,0
34,W2,SKU_B,0
34,W2,SKU_C,0
34,W2,SKU_D,0
34,W2,SKU_E,0
34,R1,SKU_A,0
34,R1,SKU_B,153
34,R1,SKU_C,449
34,R1,SKU_D,0
34,R1,SKU_E,0
34,R2,SKU_A,0
34,R2,SKU_B,0
34,R2,SKU_C,0
34,R2,SKU_D,0
34,R2,SKU_E,0
34,R3,SKU_A,710
34,R3,SKU_B,0
34,R3,SKU_C,363
34,R3,SKU_D,0
34,R3,SKU_E,0
35,Supplier,SKU_A,0
35,Supplier,SKU_B,0
35,Supplier,SKU_C,0
35,Supplier,SKU_D,0
35,Supplier,SKU_E,0
35,W1,SKU_A,0
35,W1,SKU_B,0
35,W1,SKU_C,0
35,W1,SKU_D,0
35,W1,SKU_E,0
35,W2,SKU_A,1512
35,W2,SKU_B,0
35,W2,SKU_C,1990
35,W2,SKU_D,0
35,W2,SKU_E,0
35,R1,SKU_A,0
35,R1,SKU_B,0
35,R1,SKU_C,0
35,R1,SKU_D,0
35,R1,SKU_E,121
35,R2,SKU_A,486
35,R2,SKU_B,0
35,R2,SKU_C,0
35,R2,SKU_D,233
35,R2,SKU_E,0
35,R3,SKU_A,0
35,R3,SKU_B,137
35,R3,SKU_C,0
35,R3,SKU_D,0
35,R3,SKU_E,0
36,Supplier,SKU_A,0
36,Supplier,SKU_B,0
36,Supplier,SKU_C,0
36,Supplier,SKU_D,0
36,Supplier,SKU_E,0
36,W1,SKU_A,0
36,W1,SKU_B,0
36,W1,SKU_C,0
36,W1,SKU_D,0
36,W1,SKU_E,463
36,W2,SKU_A,0
36,W2,SKU_B,0
36,W2,SKU_C,0
36,W2,SKU_D,0
36,W2,SKU_E,0
36,R1,SKU_A,0
36,R1,SKU_B,107
36,R1,SKU_C,0
36,R1,SKU_D,419
36,R1,SKU_E,0
36,R2,SKU_A,0
36,R2,SKU_B,211
36,R2,SKU_C,0
36,R2,SKU_D,0
36,R2,SKU_E,172
36,R3,SKU_A,0
36,R3,SKU_B,0
36,R3,SKU_C,0
36,R3,SKU_D,0
36,R3,SKU_E,652
37,Supplier,SKU_A,0
37,Supplier,SKU_B,0
37,Supplier,SKU_C,0
37,Supplier,SKU_D,0
37,Supplier,SKU_E,0
37,W1,SKU_A,0
37,W1,SKU_B,471
37,W1,SKU_C,0
37,W1,SKU_D,1716
37,W1,SKU_E,0
37,W2,SKU_A,0
37,W2,SKU_B,0
37,W2,SKU_C,0
37,W2,SKU_D,0
37,W2,SKU_E,652
37,R1,SKU_A,923
37,R1,SKU_B,0
37,R1,SKU_C,0
37,R1,SKU_D,0
37,R1,SKU_E,89
37,R2,SKU_A,0
37,R2,SKU_B,0
37,R2,SKU_C,355
37,R2,SKU_D,0
37,R2,SKU_E,0
37,R3,SKU_A,0
37,R3,SKU_B,150
37,R3,SKU_C,370
37,R3,SKU_D,0
37,R3,SKU_E,0
38,Supplier,SKU_A,0
38,Supplier,SKU_B,0
38,Supplier,SKU_C,0
38,Supplier,SKU_D,0
38,Supplier,SKU_E,0
38,W1,SKU_A,0
38,W1,SKU_B,0
38,W1,SKU_C,804
38,W1,SKU_D,0
38,W1,SKU_E,0
38,W2,SKU_A,0
38,W2,SKU_B,826
38,W2,SKU_C,0
38,W2,SKU_D,0
38,W2,SKU_E,0
38,R1,SKU_A,0
38,R1,SKU_B,123
38,R1,SKU_C,0
38,R1,SKU_D,0
38,R1,SKU_E,0
38,R2,SKU_A,0
38,R2,SKU_B,0
38,R2,SKU_C,0
38,R2,SKU_D,0
38,R2,SKU_E,0
38,R3,SKU_A,862
38,R3,SKU_B,0
38,R3,SKU_C,0
38,R3,SKU_D,0
38,R3,SKU_E,0
39,Supplier,SKU_A,0
39,Supplier,SKU_B,0
39,Supplier,SKU_C,0
39,Supplier,SKU_D,0
39,Supplier,SKU_E,0
39,W1,SKU_A,0
39,W1,SKU_B,0
39,W1,SKU_C,0
39,W1,SKU_D,0
39,W1,SKU_E,0
39,W2,SKU_A,0
39,W2,SKU_B,0
39,W2,SKU_C,0
39,W2,SKU_D,0
39,W2,SKU_E,0
39,R1,SKU_A,0
39,R1,SKU_B,0
39,R1,SKU_C,456
39,R1,SKU_D,0
39,R1,SKU_E,84
39,R2,SKU_A,0
39,R2,SKU_B,182
39,R2,SKU_C,0
39,R2,SKU_D,0
39,R2,SKU_E,0
39,R3,SKU_A,0
39,R3,SKU_B,121
39,R3,SKU_C,0
39,R3,SKU_D,0
39,R3,SKU_E,0
40,Supplier,SKU_A,0
40,Supplier,SKU_B,0
40,Supplier,SKU_C,0
40,Supplier,SKU_D,0
40,Supplier,SKU_E,0
40,W1,SKU_A,0
40,W1,SKU_B,305
40,W1,SKU_C,0
40,W1,SKU_D,0
40,W1,SKU_E,0
40,W2,SKU_A,0
40,W2,SKU_B,0
40,W2,SKU_C,0
40,W2,SKU_D,0
40,W2,SKU_E,0
40,R1,SKU_A,0
40,R1,SKU_B,134
40,R1,SKU_C,0
40,R1,SKU_D,0
40,R1,SKU_E,0
40,R2,SKU_A,468
40,R2,SKU_B,0
40,R2,SKU_C,0
40,R2,SKU_D,201
40,R2,SKU_E,188
40,R3,SKU_A,0
40,R3,SKU_B,0
40,R3,SKU_C,409
40,R3,SKU_D,0
40,R3,SKU_E,0
41,Supplier,SKU_A,0
41,Supplier,SKU_B,0
41,Supplier,SKU_C,0
41,Supplier,SKU_D,0
41,Supplier,SKU_E,0
41,W1,SKU_A,0
41,W1,SKU_B,0
41,W1,SKU_C,0
41,W1,SKU_D,0
41,W1,SKU_E,533
41,W2,SKU_A,0
41,W2,SKU_B,0
41,W2,SKU_C,0
41,W2,SKU_D,0
41,W2,SKU_E,0
41,R1,SKU_A,0
41,R1,SKU_B,95
41,R1,SKU_C,0
41,R1,SKU_D,0
41,R1,SKU_E,88
41,R2,SKU_A,0
41,R2,SKU_B,0
41,R2,SKU_C,0
41,R2,SKU_D,0
41,R2,SKU_E,0
41,R3,SKU_A,713
41,R3,SKU_B,180
41,R3,SKU_C,0
41,R3,SKU_D,0
41,R3,SKU_E,0
42,Supplier,SKU_A,0
42,Supplier,SKU_B,0
42,Supplier,SKU_C,0
42,Supplier,SKU_D,0
42,Supplier,SKU_E,0
42,W1,SKU_A,0
42,W1,SKU_B,229
42,W1,SKU_C,0
42,W1,SKU_D,0
42,W1,SKU_E,0
42,W2,SKU_A,1575
42,W2,SKU_B,0
42,W2,SKU_C,0
42,W2,SKU_D,0
42,W2,SKU_E,0
42,R1,SKU_A,0
42,R1,SKU_B,117
42,R1,SKU_C,0
42,R1,SKU_D,0
42,R1,SKU_E,0
42,R2,SKU_A,0
42,R2,SKU_B,248
42,R2,SKU_C,0
42,R2,SKU_D,0
42,R2,SKU_E,0
42,R3,SKU_A,0
42,R3,SKU_B,0
42,R3,SKU_C,364
42,R3,SKU_D,0
42,R3,SKU_E,0
43,Supplier,SKU_A,0
43,Supplier,SKU_B,0
43,Supplier,SKU_C,0
43,Supplier,SKU_D,0
43,Supplier,SKU_E,0
43,W1,SKU_A,0
43,W1,SKU_B,365
43,W1,SKU_C,0
43,W1,SKU_D,0
43,W1,SKU_E,0
43,W2,SKU_A,0
43,W2,SKU_B,0
43,W2,SKU_C,0
43,W2,SKU_D,0
43,W2,SKU_E,0
43,R1,SKU_A,980
43,R1,SKU_B,0
43,R1,SKU_C,550
43,R1,SKU_D,0
43,R1,SKU_E,128
43,R2,SKU_A,0
43,R2,SKU_B,0
43,R2,SKU_C,433
43,R2,SKU_D,0
43,R2,SKU_E,189
43,R3,SKU_A,0
43,R3,SKU_B,167
43,R3,SKU_C,0
43,R3,SKU_D,0
43,R3,SKU_E,0
44,Supplier,SKU_A,0
44,Supplier,SKU_B,0
44,Supplier,SKU_C,0
44,Supplier,SKU_D,0
44,Supplier,SKU_E,0
44,W1,SKU_A,2857
44,W1,SKU_B,0
44,W1,SKU_C,1439
44,W1,SKU_D,0
44,W1,SKU_E,0
44,W2,SKU_A,0
44,W2,SKU_B,0
44,W2,SKU_C,0
44,W2,SKU_D,0
44,W2,SKU_E,0
44,R1,SKU_A,0
44,R1,SKU_B,137
44,R1,SKU_C,0
44,R1,SKU_D,405
44,R1,SKU_E,0
44,R2,SKU_A,464
44,R2,SKU_B,0
44,R2,SKU_C,0
44,R2,SKU_D,253
44,R2,SKU_E,0
44,R3,SKU_A,0
44,R3,SKU_B,0
44,R3,SKU_C,0
44,R3,SKU_D,1312
44,R3,SKU_E,705
45,Supplier,SKU_A,0
45,Supplier,SKU_B,0
45,Supplier,SKU_C,0
45,Supplier,SKU_D,0
45,Supplier,SKU_E,0
45,W1,SKU_A,0
45,W1,SKU_B,0
45,W1,SKU_C,0
45,W1,SKU_D,0
45,W1,SKU_E,0
45,W2,SKU_A,0
45,W2,SKU_B,0
45,W2,SKU_C,0
45,W2,SKU_D,1312
45,W2,SKU_E,705
45,R1,SKU_A,0
45,R1,SKU_B,91
45,R1,SKU_C,0
45,R1,SKU_D,0
45,R1,SKU_E,93
45,R2,SKU_A,0
45,R2,SKU_B,180
45,R2,SKU_C,0
45,R2,SKU_D,0
45,R2,SKU_E,0
45,R3,SKU_A,831
45,R3,SKU_B,157
45,R3,SKU_C,392
45,R3,SKU_D,0
45,R3,SKU_E,0
46,Supplier,SKU_A,0
46,Supplier,SKU_B,0
46,Supplier,SKU_C,0
46,Supplier,SKU_D,0
46,Supplier,SKU_E,0
46,W1,SKU_A,0
46,W1,SKU_B,408
46,W1,SKU_C,0
46,W1,SKU_D,0
46,W1,SKU_E,498
46,W2,SKU_A,0
46,W2,SKU_B,0
46,W2,SKU_C,0
46,W2,SKU_D,0
46,W2,SKU_E,0
46,R1,SKU_A,0
46,R1,SKU_B,0
46,R1,SKU_C,0
46,R1,SKU_D,0
46,R1,SKU_E,0
46,R2,SKU_A,0
46,R2,SKU_B,0
46,R2,SKU_C,0
46,R2,SKU_D,0
46,R2,SKU_E,139
46,R3,SKU_A,0
46,R3,SKU_B,0
46,R3,SKU_C,0
46,R3,SKU_D,0
46,R3,SKU_E,0
47,Supplier,SKU_A,0
47,Supplier,SKU_B,0
47,Supplier,SKU_C,0
47,Supplier,SKU_D,0
47,Supplier,SKU_E,0
47,W1,SKU_A,0
47,W1,SKU_B,0
47,W1,SKU_C,0
47,W1,SKU_D,0
47,W1,SKU_E,0
47,W2,SKU_A,0
47,W2,SKU_B,0
47,W2,SKU_C,0
47,W2,SKU_D,0
47,W2,SKU_E,0
47,R1,SKU_A,0
47,R1,SKU_B,157
47,R1,SKU_C,0
47,R1,SKU_D,0
47,R1,SKU_E,99
47,R2,SKU_A,0
47,R2,SKU_B,0
47,R2,SKU_C,0
47,R2,SKU_D,0
47,R2,SKU_E,0
47,R3,SKU_A,0
47,R3,SKU_B,121
47,R3,SKU_C,0
47,R3,SKU_D,0
47,R3,SKU_E,0
48,Supplier,SKU_A,0
48,Supplier,SKU_B,0
48,Supplier,SKU_C,0
48,Supplier,SKU_D,0
48,Supplier,SKU_E,0
48,W1,SKU_A,0
48,W1,SKU_B,0
48,W1,SKU_C,0
48,W1,SKU_D,0
48,W1,SKU_E,0
48,W2,SKU_A,0
48,W2,SKU_B,746
48,W2,SKU_C,0
48,W2,SKU_D,0
48,W2,SKU_E,0
48,R1,SKU_A,0
48,R1,SKU_B,0
48,R1,SKU_C,559
48,R1,SKU_D,0
48,R1,SKU_E,0
48,R2,SKU_A,0
48,R2,SKU_B,250
48,R2,SKU_C,0
48,R2,SKU_D,192
48,R2,SKU_E,0
48,R3,SKU_A,734
48,R3,SKU_B,0
48,R3,SKU_C,457
48,R3,SKU_D,0
48,R3,SKU_E,0
49,Supplier,SKU_A,0
49,Supplier,SKU_B,0
49,Supplier,SKU_C,0
49,Supplier,SKU_D,0
49,Supplier,SKU_E,0
49,W1,SKU_A,0
49,W1,SKU_B,407
49,W1,SKU_C,0
49,W1,SKU_D,0
49,W1,SKU_E,0
49,W2,SKU_A,1565
49,W2,SKU_B,0
49,W2,SKU_C,1992
49,W2,SKU_D,0
49,W2,SKU_E,0
49,R1,SKU_A,1036
49,R1,SKU_B,189
49,R1,SKU_C,0
49,R1,SKU_D,0
49,R1,SKU_E,115
49,R2,SKU_A,554
49,R2,SKU_B,0
49,R2,SKU_C,443
49,R2,SKU_D,0
49,R2,SKU_E,204
49,R3,SKU_A,0
49,R3,SKU_B,130
49,R3,SKU_C,0
49,R3,SKU_D,0
49,R3,SKU_E,0
50,Supplier,SKU_A,0
50,Supplier,SKU_B,0
50,Supplier,SKU_C,0
50,Supplier,SKU_D,0
50,Supplier,SKU_E,0
50,W1,SKU_A,2054
50,W1,SKU_B,0
50,W1,SKU_C,1002
50,W1,SKU_D,0
50,W1,SKU_E,557
50,W2,SKU_A,0
50,W2,SKU_B,0
50,W2,SKU_C,0
50,W2,SKU_D,0
50,W2,SKU_E,0
50,R1,SKU_A,0
50,R1,SKU_B,0
50,R1,SKU_C,0
50,R1,SKU_D,0
50,R1,SKU_E,0
50,R2,SKU_A,0
50,R2,SKU_B,0
50,R2,SKU_C,0
50,R2,SKU_D,0
50,R2,SKU_E,0
50,R3,SKU_A,0
50,R3,SKU_B,85
50,R3,SKU_C,383
50,R3,SKU_D,0
50,R3,SKU_E,0
51,Supplier,SKU_A,0
51,Supplier,SKU_B,0
51,Supplier,SKU_C,0
51,Supplier,SKU_D,0
51,Supplier,SKU_E,0
51,W1,SKU_A,0
51,W1,SKU_B,0
51,W1,SKU_C,0
51,W1,SKU_D,0
51,W1,SKU_E,0
51,W2,SKU_A,0
51,W2,SKU_B,0
51,W2,SKU_C,0
51,W2,SKU_D,0
51,W2,SKU_E,0
51,R1,SKU_A,0
51,R1,SKU_B,122
51,R1,SKU_C,0
51,R1,SKU_D,443
51,R1,SKU_E,91
51,R2,SKU_A,0
51,R2,SKU_B,223
51,R2,SKU_C,0
51,R2,SKU_D,0
51,R2,SKU_E,0
51,R3,SKU_A,0
51,R3,SKU_B,0
51,R3,SKU_C,0
51,R3,SKU_D,0
51,R3,SKU_E,0
52,Supplier,SKU_A,0
52,Supplier,SKU_B,0
52,Supplier,SKU_C,0
52,Supplier,SKU_D,0
52,Supplier,SKU_E,0
52,W1,SKU_A,0
52,W1,SKU_B,534
52,W1,SKU_C,0
52,W1,SKU_D,1494
52,W1,SKU_E,0
52,W2,SKU_A,0
52,W2,SKU_B,0
52,W2,SKU_C,0
52,W2,SKU_D,0
52,W2,SKU_E,0
52,R1,SKU_A,0
52,R1,SKU_B,0
52,R1,SKU_C,0
52,R1,SKU_D,0
52,R1,SKU_E,0
52,R2,SKU_A,0
52,R2,SKU_B,0
52,R2,SKU_C,0
52,R2,SKU_D,0
52,R2,SKU_E,0
52,R3,SKU_A,734
52,R3,SKU_B,0
52,R3,SKU_C,0
52,R3,SKU_D,0
52,R3,SKU_E,0
53,Supplier,SKU_A,0
53,Supplier,SKU_B,0
53,Supplier,SKU_C,0
53,Supplier,SKU_D,0
53,Supplier,SKU_E,0
53,W1,SKU_A,0
53,W1,SKU_B,0
53,W1,SKU_C,0
53,W1,SKU_D,0
53,W1,SKU_E,0
53,W2,SKU_A,0
53,W2,SKU_B,0
53,W2,SKU_C,0
53,W2,SKU_D,0
53,W2,SKU_E,0
53,R1,SKU_A,0
53,R1,SKU_B,110
53,R1,SKU_C,506
53,R1,SKU_D,0
53,R1,SKU_E,92
53,R2,SKU_A,0
53,R2,SKU_B,0
53,R2,SKU_C,0
53,R2,SKU_D,220
53,R2,SKU_E,132
53,R3,SKU_A,0
53,R3,SKU_B,147
53,R3,SKU_C,0
53,R3,SKU_D,0
53,R3,SKU_E,0
54,Supplier,SKU_A,0
54,Supplier,SKU_B,0
54,Supplier,SKU_C,0
54,Supplier,SKU_D,0
54,Supplier,SKU_E,0
54,W1,SKU_A,0
54,W1,SKU_B,0
54,W1,SKU_C,0
54,W1,SKU_D,0
54,W1,SKU_E,0
54,W2,SKU_A,0
54,W2,SKU_B,0
54,W2,SKU_C,0
54,W2,SKU_D,0
54,W2,SKU_E,0
54,R1,SKU_A,0
54,R1,SKU_B,0
54,R1,SKU_C,0
54,R1,SKU_D,0
54,R1,SKU_E,0
54,R2,SKU_A,469
54,R2,SKU_B,229
54,R2,SKU_C,0
54,R2,SKU_D,0
54,R2,SKU_E,0
54,R3,SKU_A,0
54,R3,SKU_B,0
54,R3,SKU_C,410
54,R3,SKU_D,0
54,R3,SKU_E,734
55,Supplier,SKU_A,0
55,Supplier,SKU_B,0
55,Supplier,SKU_C,0
55,Supplier,SKU_D,0
55,Supplier,SKU_E,0
55,W1,SKU_A,0
55,W1,SKU_B,339
55,W1,SKU_C,0
55,W1,SKU_D,0
55,W1,SKU_E,0
55,W2,SKU_A,0
55,W2,SKU_B,0
55,W2,SKU_C,0
55,W2,SKU_D,0
55,W2,SKU_E,734
55,R1,SKU_A,917
55,R1,SKU_B,168
55,R1,SKU_C,0
55,R1,SKU_D,0
55,R1,SKU_E,100
55,R2,SKU_A,0
55,R2,SKU_B,0
55,R2,SKU_C,339
55,R2,SKU_D,0
55,R2,SKU_E,0
55,R3,SKU_A,697
55,R3,SKU_B,169
55,R3,SKU_C,0
55,R3,SKU_D,0
55,R3,SKU_E,0
56,Supplier,SKU_A,0
56,Supplier,SKU_B,0
56,Supplier,SKU_C,0
56,Supplier,SKU_D,0
56,Supplier,SKU_E,0
56,W1,SKU_A,0
56,W1,SKU_B,0
56,W1,SKU_C,845
56,W1,SKU_D,0
56,W1,SKU_E,0
56,W2,SKU_A,1431
56,W2,SKU_B,0
56,W2,SKU_C,0
56,W2,SKU_D,0
56,W2,SKU_E,0
56,R1,SKU_A,0
56,R1,SKU_B,104
56,R1,SKU_C,482
56,R1,SKU_D,0
56,R1,SKU_E,0
56,R2,SKU_A,0
56,R2,SKU_B,0
56,R2,SKU_C,0
56,R2,SKU_D,0
56,R2,SKU_E,144
56,R3,SKU_A,0
56,R3,SKU_B,0
56,R3,SKU_C,451
56,R3,SKU_D,0
56,R3,SKU_E,0
57,Supplier,SKU_A,0
57,Supplier,SKU_B,0
57,Supplier,SKU_C,0
57,Supplier,SKU_D,0
57,Supplier,SKU_E,0
57,W1,SKU_A,0
57,W1,SKU_B,272
57,W1,SKU_C,0
57,W1,SKU_D,0
57,W1,SKU_E,559
57,W2,SKU_A,0
57,W2,SKU_B,0
57,W2,SKU_C,0
57,W2,SKU_D,0
57,W2,SKU_E,0
57,R1,SKU_A,0
57,R1,SKU_B,0
57,R1,SKU_C,0
57,R1,SKU_D,0
57,R1,SKU_E,105
57,R2,SKU_A,0
57,R2,SKU_B,216
57,R2,SKU_C,0
57,R2,SKU_D,0
57,R2,SKU_E,0
57,R3,SKU_A,0
57,R3,SKU_B,103
57,R3,SKU_C,0
57,R3,SKU_D,0
57,R3,SKU_E,0
58,Supplier,SKU_A,0
58,Supplier,SKU_B,0
58,Supplier,SKU_C,0
58,Supplier,SKU_D,0
58,Supplier,SKU_E,0
58,W1,SKU_A,0
58,W1,SKU_B,216
58,W1,SKU_C,0
58,W1,SKU_D,0
58,W1,SKU_E,0
58,W2,SKU_A,0
58,W2,SKU_B,0
58,W2,SKU_C,0
58,W2,SKU_D,0
58,W2,SKU_E,0
58,R1,SKU_A,0
58,R1,SKU_B,125
58,R1,SKU_C,0
58,R1,SKU_D,0
58,R1,SKU_E,0
58,R2,SKU_A,0
58,R2,SKU_B,0
58,R2,SKU_C,0
58,R2,SKU_D,226
58,R2,SKU_E,0
58,R3,SKU_A,0
58,R3,SKU_B,0
58,R3,SKU_C,0
58,R3,SKU_D,1315
58,R3,SKU_E,0
59,Supplier,SKU_A,0
59,Supplier,SKU_B,0
59,Supplier,SKU_C,0
59,Supplier,SKU_D,0
59,Supplier,SKU_E,0
59,W1,SKU_A,0
59,W1,SKU_B,0
59,W1,SKU_C,0
59,W1,SKU_D,0
59,W1,SKU_E,0
59,W2,SKU_A,0
59,W2,SKU_B,0
59,W2,SKU_C,0
59,W2,SKU_D,1315
59,W2,SKU_E,0
59,R1,SKU_A,0
59,R1,SKU_B,0
59,R1,SKU_C,0
59,R1,SKU_D,449
59,R1,SKU_E,0
59,R2,SKU_A,529
59,R2,SKU_B,0
59,R2,SKU_C,0
59,R2,SKU_D,0
59,R2,SKU_E,0
59,R3,SKU_A,755
59,R3,SKU_B,0
59,R3,SKU_C,399
59,R3,SKU_D,0
59,R3,SKU_E,0
60,Supplier,SKU_A,0
60,Supplier,SKU_B,0
60,Supplier,SKU_C,0
60,Supplier,SKU_D,0
60,Supplier,SKU_E,0
60,W1,SKU_A,0
60,W1,SKU_B,0
60,W1,SKU_C,0
60,W1,SKU_D,0
60,W1,SKU_E,0
60,W2,SKU_A,0
60,W2,SKU_B,0
60,W2,SKU_C,0
60,W2,SKU_D,0
60,W2,SKU_E,0
60,R1,SKU_A,0
60,R1,SKU_B,141
60,R1,SKU_C,0
60,R1,SKU_D,0
60,R1,SKU_E,101
60,R2,SKU_A,0
60,R2,SKU_B,0
60,R2,SKU_C,0
60,R2,SKU_D,0
60,R2,SKU_E,134
60,R3,SKU_A,0
60,R3,SKU_B,134
60,R3,SKU_C,0
60,R3,SKU_D,0
60,R3,SKU_E,0
61,Supplier,SKU_A,0
61,Supplier,SKU_B,0
61,Supplier,SKU_C,0
61,Supplier,SKU_D,0
61,Supplier,SKU_E,0
61,W1,SKU_A,0
61,W1,SKU_B,266
61,W1,SKU_C,0
61,W1,SKU_D,0
61,W1,SKU_E,0
61,W2,SKU_A,0
61,W2,SKU_B,768
61,W2,SKU_C,0
61,W2,SKU_D,0
61,W2,SKU_E,0
61,R1,SKU_A,929
61,R1,SKU_B,0
61,R1,SKU_C,541
61,R1,SKU_D,0
61,R1,SKU_E,0
61,R2,SKU_A,0
61,R2,SKU_B,244
61,R2,SKU_C,355
61,R2,SKU_D,0
61,R2,SKU_E,0
61,R3,SKU_A,0
61,R3,SKU_B,0
61,R3,SKU_C,0
61,R3,SKU_D,0
61,R3,SKU_E,0
62,Supplier,SKU_A,0
62,Supplier,SKU_B,0
62,Supplier,SKU_C,0
62,Supplier,SKU_D,0
62,Supplier,SKU_E,0
62,W1,SKU_A,2844
62,W1,SKU_B,244
62,W1,SKU_C,1378
62,W1,SKU_D,0
62,W1,SKU_E,0
62,W2,SKU_A,0
62,W2,SKU_B,0
62,W2,SKU_C,0
62,W2,SKU_D,0
62,W2,SKU_E,0
62,R1,SKU_A,0
62,R1,SKU_B,160
62,R1,SKU_C,0
62,R1,SKU_D,0
62,R1,SKU_E,88
62,R2,SKU_A,0
62,R2,SKU_B,0
62,R2,SKU_C,0
62,R2,SKU_D,0
62,R2,SKU_E,0
62,R3,SKU_A,0
62,R3,SKU_B,119
62,R3,SKU_C,437
62,R3,SKU_D,0
62,R3,SKU_E,0
63,Supplier,SKU_A,0
63,Supplier,SKU_B,0
63,Supplier,SKU_C,0
63,Supplier,SKU_D,0
63,Supplier,SKU_E,0
63,W1,SKU_A,0
63,W1,SKU_B,0
63,W1,SKU_C,0
63,W1,SKU_D,0
63,W1,SKU_E,0
63,W2,SKU_A,0
63,W2,SKU_B,0
63,W2,SKU_C,2080
63,W2,SKU_D,0
63,W2,SKU_E,0
63,R1,SKU_A,0
63,R1,SKU_B,111
63,R1,SKU_C,0
63,R1,SKU_D,0
63,R1,SKU_E,0
63,R2,SKU_A,501
63,R2,SKU_B,0
63,R2,SKU_C,0
63,R2,SKU_D,212
63,R2,SKU_E,132
63,R3,SKU_A,887
63,R3,SKU_B,0
63,R3,SKU_C,0
63,R3,SKU_D,0
63,R3,SKU_E,667
64,Supplier,SKU_A,0
64,Supplier,SKU_B,0
64,Supplier,SKU_C,0
64,Supplier,SKU_D,0
64,Supplier,SKU_E,0
64,W1,SKU_A,0
64,W1,SKU_B,271
64,W1,SKU_C,0
64,W1,SKU_D,0
64,W1,SKU_E,560
64,W2,SKU_A,1642
64,W2,SKU_B,0
64,W2,SKU_C,0
64,W2,SKU_D,0
64,W2,SKU_E,667
64,R1,SKU_A,0
64,R1,SKU_B,0
64,R1,SKU_C,0
64,R1,SKU_D,0
64,R1,SKU_E,90
64,R2,SKU_A,0
64,R2,SKU_B,198
64,R2,SKU_C,0
64,R2,SKU_D,0
64,R2,SKU_E,0
64,R3,SKU_A,0
64,R3,SKU_B,122
64,R3,SKU_C,0
64,R3,SKU_D,0
64,R3,SKU_E,0
65,Supplier,SKU_A,0
65,Supplier,SKU_B,0
65,Supplier,SKU_C,0
65,Supplier,SKU_D,0
65,Supplier,SKU_E,0
65,W1,SKU_A,0
65,W1,SKU_B,198
65,W1,SKU_C,0
65,W1,SKU_D,0
65,W1,SKU_E,0
65,W2,SKU_A,0
65,W2,SKU_B,0
65,W2,SKU_C,0
65,W2,SKU_D,0
65,W2,SKU_E,0
65,R1,SKU_A,0
65,R1,SKU_B,141
65,R1,SKU_C,474
65,R1,SKU_D,0
65,R1,SKU_E,0
65,R2,SKU_A,0
65,R2,SKU_B,0
65,R2,SKU_C,0
65,R2,SKU_D,0
65,R2,SKU_E,0
65,R3,SKU_A,0
65,R3,SKU_B,0
65,R3,SKU_C,0
65,R3,SKU_D,0
65,R3,SKU_E,0
66,Supplier,SKU_A,0
66,Supplier,SKU_B,0
66,Supplier,SKU_C,0
66,Supplier,SKU_D,0
66,Supplier,SKU_E,0
66,W1,SKU_A,0
66,W1,SKU_B,0
66,W1,SKU_C,0
66,W1,SKU_D,0
66,W1,SKU_E,0
66,W2,SKU_A,0
66,W2,SKU_B,0
66,W2,SKU_C,0
66,W2,SKU_D,0
66,W2,SKU_E,0
66,R1,SKU_A,0
66,R1,SKU_B,0
66,R1,SKU_C,0
66,R1,SKU_D,408
66,R1,SKU_E,89
66,R2,SKU_A,0
66,R2,SKU_B,0
66,R2,SKU_C,358
66,R2,SKU_D,0
66,R2,SKU_E,0
66,R3,SKU_A,0
66,R3,SKU_B,0
66,R3,SKU_C,393
66,R3,SKU_D,0
66,R3,SKU_E,0
67,Supplier,SKU_A,0
67,Supplier,SKU_B,0
67,Supplier,SKU_C,0
67,Supplier,SKU_D,0
67,Supplier,SKU_E,0
67,W1,SKU_A,0
67,W1,SKU_B,0
67,W1,SKU_C,832
67,W1,SKU_D,1515
67,W1,SKU_E,0
67,W2,SKU_A,0
67,W2,SKU_B,0
67,W2,SKU_C,0
67,W2,SKU_D,0
67,W2,SKU_E,0
67,R1,SKU_A,948
67,R1,SKU_B,170
67,R1,SKU_C,0
67,R1,SKU_D,0
67,R1,SKU_E,0
67,R2,SKU_A,0
67,R2,SKU_B,212
67,R2,SKU_C,0
67,R2,SKU_D,208
67,R2,SKU_E,178
67,R3,SKU_A,708
67,R3,SKU_B,132
67,R3,SKU_C,0
67,R3,SKU_D,0
67,R3,SKU_E,0
68,Supplier,SKU_A,0
68,Supplier,SKU_B,0
68,Supplier,SKU_C,0
68,Supplier,SKU_D,0
68,Supplier,SKU_E,0
68,W1,SKU_A,0
68,W1,SKU_B,523
68,W1,SKU_C,0
68,W1,SKU_D,0
68,W1,SKU_E,0
68,W2,SKU_A,0
68,W2,SKU_B,0
68,W2,SKU_C,0
68,W2,SKU_D,0
68,W2,SKU_E,0
68,R1,SKU_A,0
68,R1,SKU_B,105
68,R1,SKU_C,0
68,R1,SKU_D,0
68,R1,SKU_E,117
68,R2,SKU_A,580
68,R2,SKU_B,0
68,R2,SKU_C,0
68,R2,SKU_D,0
68,R2,SKU_E,0
68,R3,SKU_A,0
68,R3,SKU_B,0
68,R3,SKU_C,389
68,R3,SKU_D,0
68,R3,SKU_E,0
69,Supplier,SKU_A,0
69,Supplier,SKU_B,0
69,Supplier,SKU_C,0
69,Supplier,SKU_D,0
69,Supplier,SKU_E,0
69,W1,SKU_A,2029
69,W1,SKU_B,0
69,W1,SKU_C,0
69,W1,SKU_D,0
69,W1,SKU_E,474
69,W2,SKU_A,0
69,W2,SKU_B,0
69,W2,SKU_C,0
69,W2,SKU_D,0
69,W2,SKU_E,0
69,R1,SKU_A,0
69,R1,SKU_B,92
69,R1,SKU_C,531
69,R1,SKU_D,0
69,R1,SKU_E,0
69,R2,SKU_A,0
69,R2,SKU_B,192
69,R2,SKU_C,0
69,R2,SKU_D,0
69,R2,SKU_E,0
69,R3,SKU_A,0
69,R3,SKU_B,145
69,R3,SKU_C,0
69,R3,SKU_D,0
69,R3,SKU_E,0
70,Supplier,SKU_A,0
70,Supplier,SKU_B,0
70,Supplier,SKU_C,0
70,Supplier,SKU_D,0
70,Supplier,SKU_E,0
70,W1,SKU_A,0
70,W1,SKU_B,389
70,W1,SKU_C,0
70,W1,SKU_D,0
70,W1,SKU_E,0
70,W2,SKU_A,0
70,W2,SKU_B,0
70,W2,SKU_C,0
70,W2,SKU_D,0
70,W2,SKU_E,0
70,R1,SKU_A,0
70,R1,SKU_B,113
70,R1,SKU_C,0
70,R1,SKU_D,0
70,R1,SKU_E,79
70,R2,SKU_A,0
70,R2,SKU_B,0
70,R2,SKU_C,0
70,R2,SKU_D,0
70,R2,SKU_E,167
70,R3,SKU_A,883
70,R3,SKU_B,0
70,R3,SKU_C,429
70,R3,SKU_D,0
70,R3,SKU_E,0
71,Supplier,SKU_A,0
71,Supplier,SKU_B,0
71,Supplier,SKU_C,0
71,Supplier,SKU_D,0
71,Supplier,SKU_E,0
71,W1,SKU_A,0
71,W1,SKU_B,0
71,W1,SKU_C,0
71,W1,SKU_D,0
71,W1,SKU_E,0
71,W2,SKU_A,1591
71,W2,SKU_B,0
71,W2,SKU_C,0
71,W2,SKU_D,0
71,W2,SKU_E,0
71,R1,SKU_A,0
71,R1,SKU_B,0
71,R1,SKU_C,0
71,R1,SKU_D,0
71,R1,SKU_E,0
71,R2,SKU_A,0
71,R2,SKU_B,0
71,R2,SKU_C,384
71,R2,SKU_D,223
71,R2,SKU_E,0
71,R3,SKU_A,0
71,R3,SKU_B,118
71,R3,SKU_C,0
71,R3,SKU_D,1336
71,R3,SKU_E,0
72,Supplier,SKU_A,0
72,Supplier,SKU_B,0
72,Supplier,SKU_C,0
72,Supplier,SKU_D,0
72,Supplier,SKU_E,0
72,W1,SKU_A,0
72,W1,SKU_B,0
72,W1,SKU_C,915
72,W1,SKU_D,0
72,W1,SKU_E,0
72,W2,SKU_A,0
72,W2,SKU_B,0
72,W2,SKU_C,0
72,W2,SKU_D,1336
72,W2,SKU_E,0
72,R1,SKU_A,900
72,R1,SKU_B,155
72,R1,SKU_C,0
72,R1,SKU_D,418
72,R1,SKU_E,93
72,R2,SKU_A,0
72,R2,SKU_B,202
72,R2,SKU_C,0
72,R2,SKU_D,0
72,R2,SKU_E,136
72,R3,SKU_A,0
72,R3,SKU_B,0
72,R3,SKU_C,0
72,R3,SKU_D,0
72,R3,SKU_E,710
73,Supplier,SKU_A,0
73,Supplier,SKU_B,0
73,Supplier,SKU_C,0
73,Supplier,SKU_D,0
73,Supplier,SKU_E,0
73,W1,SKU_A,0
73,W1,SKU_B,470
73,W1,SKU_C,0
73,W1,SKU_D,0
73,W1,SKU_E,475
73,W2,SKU_A,0
73,W2,SKU_B,0
73,W2,SKU_C,0
73,W2,SKU_D,0
73,W2,SKU_E,710
73,R1,SKU_A,0
73,R1,SKU_B,0
73,R1,SKU_C,462
73,R1,SKU_D,0
73,R1,SKU_E,0
73,R2,SKU_A,547
73,R2,SKU_B,0
73,R2,SKU_C,0
73,R2,SKU_D,0
73,R2,SKU_E,0
73,R3,SKU_A,0
73,R3,SKU_B,102
73,R3,SKU_C,361
73,R3,SKU_D,0
73,R3,SKU_E,0
74,Supplier,SKU_A,0
74,Supplier,SKU_B,0
74,Supplier,SKU_C,0
74,Supplier,SKU_D,0
74,Supplier,SKU_E,0
74,W1,SKU_A,0
74,W1,SKU_B,0
74,W1,SKU_C,0
74,W1,SKU_D,0
74,W1,SKU_E,0
74,W2,SKU_A,0
74,W2,SKU_B,738
74,W2,SKU_C,0
74,W2,SKU_D,0
74,W2,SKU_E,0
74,R1,SKU_A,0
74,R1,SKU_B,140
74,R1,SKU_C,0
74,R1,SKU_D,0
74,R1,SKU_E,80
74,R2,SKU_A,0
74,R2,SKU_B,0
74,R2,SKU_C,0
74,R2,SKU_D,0
74,R2,SKU_E,0
74,R3,SKU_A,815
74,R3,SKU_B,86
74,R3,SKU_C,0
74,R3,SKU_D,0
74,R3,SKU_E,0
75,Supplier,SKU_A,0
75,Supplier,SKU_B,0
75,Supplier,SKU_C,0
75,Supplier,SKU_D,0
75,Supplier,SKU_E,0
75,W1,SKU_A,0
75,W1,SKU_B,0
75,W1,SKU_C,0
75,W1,SKU_D,0
75,W1,SKU_E,0
75,W2,SKU_A,0
75,W2,SKU_B,0
75,W2,SKU_C,0
75,W2,SKU_D,0
75,W2,SKU_E,0
75,R1,SKU_A,0
75,R1,SKU_B,91
75,R1,SKU_C,0
75,R1,SKU_D,0
75,R1,SKU_E,0
75,R2,SKU_A,0
75,R2,SKU_B,0
75,R2,SKU_C,0
75,R2,SKU_D,201
75,R2,SKU_E,0
75,R3,SKU_A,0
75,R3,SKU_B,0
75,R3,SKU_C,0
75,R3,SKU_D,0
75,R3,SKU_E,0
76,Supplier,SKU_A,0
76,Supplier,SKU_B,0
76,Supplier,SKU_C,0
76,Supplier,SKU_D,0
76,Supplier,SKU_E,0
76,W1,SKU_A,0
76,W1,SKU_B,231
76,W1,SKU_C,0
76,W1,SKU_D,0
76,W1,SKU_E,0
76,W2,SKU_A,0
76,W2,SKU_B,0
76,W2,SKU_C,0
76,W2,SKU_D,0
76,W2,SKU_E,0
76,R1,SKU_A,0
76,R1,SKU_B,113
76,R1,SKU_C,0
76,R1,SKU_D,0
76,R1,SKU_E,112
76,R2,SKU_A,0
76,R2,SKU_B,266
76,R2,SKU_C,0
76,R2,SKU_D,0
76,R2,SKU_E,173
76,R3,SKU_A,0
76,R3,SKU_B,166
76,R3,SKU_C,460
76,R3,SKU_D,0
76,R3,SKU_E,0
77,Supplier,SKU_A,0
77,Supplier,SKU_B,0
77,Supplier,SKU_C,0
77,Supplier,SKU_D,0
77,Supplier,SKU_E,0
77,W1,SKU_A,0
77,W1,SKU_B,379
77,W1,SKU_C,0
77,W1,SKU_D,0
77,W1,SKU_E,0
77,W2,SKU_A,0
77,W2,SKU_B,0
77,W2,SKU_C,2032
77,W2,SKU_D,0
77,W2,SKU_E,0
77,R1,SKU_A,912
77,R1,SKU_B,114
77,R1,SKU_C,570
77,R1,SKU_D,0
77,R1,SKU_E,0
77,R2,SKU_A,486
77,R2,SKU_B,0
77,R2,SKU_C,0
77,R2,SKU_D,0
77,R2,SKU_E,0
77,R3,SKU_A,843
77,R3,SKU_B,108
77,R3,SKU_C,0
77,R3,SKU_D,0
77,R3,SKU_E,0
78,Supplier,SKU_A,0
78,Supplier,SKU_B,0
78,Supplier,SKU_C,0
78,Supplier,SKU_D,0
78,Supplier,SKU_E,0
78,W1,SKU_A,2845
78,W1,SKU_B,0
78,W1,SKU_C,1032
78,W1,SKU_D,0
78,W1,SKU_E,0
78,W2,SKU_A,1658
78,W2,SKU_B,0
78,W2,SKU_C,0
78,W2,SKU_D,0
78,W2,SKU_E,0
78,R1,SKU_A,0
78,R1,SKU_B,0
78,R1,SKU_C,0
78,R1,SKU_D,0
78,R1,SKU_E,93
78,R2,SKU_A,0
78,R2,SKU_B,0
78,R2,SKU_C,379
78,R2,SKU_D,0
78,R2,SKU_E,0
78,R3,SKU_A,0
78,R3,SKU_B,93
78,R3,SKU_C,0
78,R3,SKU_D,0
78,R3,SKU_E,0
79,Supplier,SKU_A,0
79,Supplier,SKU_B,0
79,Supplier,SKU_C,0
79,Supplier,SKU_D,0
79,Supplier,SKU_E,0
79,W1,SKU_A,0
79,W1,SKU_B,0
79,W1,SKU_C,0
79,W1,SKU_D,0
79,W1,SKU_E,458
79,W2,SKU_A,0
79,W2,SKU_B,0
79,W2,SKU_C,0
79,W2,SKU_D,0
79,W2,SKU_E,0
79,R1,SKU_A,0
79,R1,SKU_B,127
79,R1,SKU_C,0
79,R1,SKU_D,459
79,R1,SKU_E,0
79,R2,SKU_A,0
79,R2,SKU_B,212
79,R2,SKU_C,0
79,R2,SKU_D,0
79,R2,SKU_E,164
79,R3,SKU_A,0
79,R3,SKU_B,0
79,R3,SKU_C,380
79,R3,SKU_D,0
79,R3,SKU_E,0
80,Supplier,SKU_A,0
80,Supplier,SKU_B,0
80,Supplier,SKU_C,0
80,Supplier,SKU_D,0
80,Supplier,SKU_E,0
80,W1,SKU_A,0
80,W1,SKU_B,453
80,W1,SKU_C,0
80,W1,SKU_D,1509
80,W1,SKU_E,0
80,W2,SKU_A,0
80,W2,SKU_B,0
80,W2,SKU_C,0
80,W2,SKU_D,0
80,W2,SKU_E,0
80,R1,SKU_A,0
80,R1,SKU_B,0
80,R1,SKU_C,0
80,R1,SKU_D,0
80,R1,SKU_E,88
80,R2,SKU_A,0
80,R2,SKU_B,0
80,R2,SKU_C,0
80,R2,SKU_D,215
80,R2,SKU_E,0
80,R3,SKU_A,0
80,R3,SKU_B,138
80,R3,SKU_C,0
80,R3,SKU_D,0
80,R3,SKU_E,673
81,Supplier,SKU_A,0
81,Supplier,SKU_B,0
81,Supplier,SKU_C,0
81,Supplier,SKU_D,0
81,Supplier,SKU_E,0
81,W1,SKU_A,0
81,W1,SKU_B,0
81,W1,SKU_C,0
81,W1,SKU_D,0
81,W1,SKU_E,0
81,W2,SKU_A,0
81,W2,SKU_B,0
81,W2,SKU_C,0
81,W2,SKU_D,0
81,W2,SKU_E,673
81,R1,SKU_A,0
81,R1,SKU_B,136
81,R1,SKU_C,479
81,R1,SKU_D,0
81,R1,SKU_E,0
81,R2,SKU_A,459
81,R2,SKU_B,0
81,R2,SKU_C,0
81,R2,SKU_D,0
81,R2,SKU_E,0
81,R3,SKU_A,812
81,R3,SKU_B,87
81,R3,SKU_C,0
81,R3,SKU_D,0
81,R3,SKU_E,0
82,Supplier,SKU_A,0
82,Supplier,SKU_B,0
82,Supplier,SKU_C,0
82,Supplier,SKU_D,0
82,Supplier,SKU_E,0
82,W1,SKU_A,0
82,W1,SKU_B,0
82,W1,SKU_C,858
82,W1,SKU_D,0
82,W1,SKU_E,0
82,W2,SKU_A,0
82,W2,SKU_B,0
82,W2,SKU_C,0
82,W2,SKU_D,0
82,W2,SKU_E,0
82,R1,SKU_A,0
82,R1,SKU_B,126
82,R1,SKU_C,0
82,R1,SKU_D,0
82,R1,SKU_E,109
82,R2,SKU_A,0
82,R2,SKU_B,263
82,R2,SKU_C,0
82,R2,SKU_D,0
82,R2,SKU_E,193
82,R3,SKU_A,0
82,R3,SKU_B,114
82,R3,SKU_C,474
82,R3,SKU_D,0
82,R3,SKU_E,0
83,Supplier,SKU_A,0
83,Supplier,SKU_B,0
83,Supplier,SKU_C,0
83,Supplier,SKU_D,0
83,Supplier,SKU_E,0
83,W1,SKU_A,0
83,W1,SKU_B,525
83,W1,SKU_C,0
83,W1,SKU_D,0
83,W1,SKU_E,554
83,W2,SKU_A,0
83,W2,SKU_B,792
83,W2,SKU_C,0
83,W2,SKU_D,0
83,W2,SKU_E,0
83,R1,SKU_A,930
83,R1,SKU_B,115
83,R1,SKU_C,0
83,R1,SKU_D,0
83,R1,SKU_E,0
83,R2,SKU_A,0
83,R2,SKU_B,0
83,R2,SKU_C,0
83,R2,SKU_D,0
83,R2,SKU_E,0
83,R3,SKU_A,0
83,R3,SKU_B,86
83,R3,SKU_C,0
83,R3,SKU_D,0
83,R3,SKU_E,0
84,Supplier,SKU_A,0
84,Supplier,SKU_B,0
84,Supplier,SKU_C,0
84,Supplier,SKU_D,0
84,Supplier,SKU_E,0
84,W1,SKU_A,0
84,W1,SKU_B,0
84,W1,SKU_C,0
84,W1,SKU_D,0
84,W1,SKU_E,0
84,W2,SKU_A,0
84,W2,SKU_B,0
84,W2,SKU_C,0
84,W2,SKU_D,0
84,W2,SKU_E,0
84,R1,SKU_A,0
84,R1,SKU_B,112
84,R1,SKU_C,543
84,R1,SKU_D,429
84,R1,SKU_E,126
84,R2,SKU_A,0
84,R2,SKU_B,186
84,R2,SKU_C,416
84,R2,SKU_D,200
84,R2,SKU_E,0
84,R3,SKU_A,855
84,R3,SKU_B,106
84,R3,SKU_C,482
84,R3,SKU_D,1385
84,R3,SKU_E,0
85,Supplier,SKU_A,0
85,Supplier,SKU_B,0
85,Supplier,SKU_C,0
85,Supplier,SKU_D,0
85,Supplier,SKU_E,0
85,W1,SKU_A,0
85,W1,SKU_B,413
85,W1,SKU_C,959
85,W1,SKU_D,0
85,W1,SKU_E,0
85,W2,SKU_A,1667
85,W2,SKU_B,0
85,W2,SKU_C,0
85,W2,SKU_D,1385
85,W2,SKU_E,0
85,R1,SKU_A,0
85,R1,SKU_B,0
85,R1,SKU_C,0
85,R1,SKU_D,0
85,R1,SKU_E,0
85,R2,SKU_A,476
85,R2,SKU_B,0
85,R2,SKU_C,0
85,R2,SKU_D,0
85,R2,SKU_E,158
85,R3,SKU_A,0
85,R3,SKU_B,0
85,R3,SKU_C,0
85,R3,SKU_D,0
85,R3,SKU_E,0
86,Supplier,SKU_A,0
86,Supplier,SKU_B,0
86,Supplier,SKU_C,0
86,Supplier,SKU_D,0
86,Supplier,SKU_E,0
86,W1,SKU_A,0
86,W1,SKU_B,0
86,W1,SKU_C,0
86,W1,SKU_D,0
86,W1,SKU_E,0
86,W2,SKU_A,0
86,W2,SKU_B,0
86,W2,SKU_C,0
86,W2,SKU_D,0
86,W2,SKU_E,0
86,R1,SKU_A,0
86,R1,SKU_B,155
86,R1,SKU_C,0
86,R1,SKU_D,0
86,R1,SKU_E,88
86,R2,SKU_A,0
86,R2,SKU_B,0
86,R2,SKU_C,0
86,R2,SKU_D,0
86,R2,SKU_E,0
86,R3,SKU_A,0
86,R3,SKU_B,139
86,R3,SKU_C,0
86,R3,SKU_D,0
86,R3,SKU_E,0
87,Supplier,SKU_A,0
87,Supplier,SKU_B,0
87,Supplier,SKU_C,0
87,Supplier,SKU_D,0
87,Supplier,SKU_E,0
87,W1,SKU_A,0
87,W1,SKU_B,0
87,W1,SKU_C,0
87,W1,SKU_D,0
87,W1,SKU_E,0
87,W2,SKU_A,0
87,W2,SKU_B,0
87,W2,SKU_C,0
87,W2,SKU_D,0
87,W2,SKU_E,0
87,R1,SKU_A,0
87,R1,SKU_B,0
87,R1,SKU_C,0
87,R1,SKU_D,0
87,R1,SKU_E,0
87,R2,SKU_A,0
87,R2,SKU_B,0
87,R2,SKU_C,0
87,R2,SKU_D,0
87,R2,SKU_E,0
87,R3,SKU_A,0
87,R3,SKU_B,0
87,R3,SKU_C,391
87,R3,SKU_D,0
87,R3,SKU_E,0
88,Supplier,SKU_A,0
88,Supplier,SKU_B,0
88,Supplier,SKU_C,0
88,Supplier,SKU_D,0
88,Supplier,SKU_E,0
88,W1,SKU_A,0
88,W1,SKU_B,0
88,W1,SKU_C,0
88,W1,SKU_D,0
88,W1,SKU_E,0
88,W2,SKU_A,0
88,W2,SKU_B,0
88,W2,SKU_C,0
88,W2,SKU_D,0
88,W2,SKU_E,0
88,R1,SKU_A,0
88,R1,SKU_B,155
88,R1,SKU_C,500
88,R1,SKU_D,0
88,R1,SKU_E,91
88,R2,SKU_A,0
88,R2,SKU_B,261
88,R2,SKU_C,0
88,R2,SKU_D,0
88,R2,SKU_E,137
88,R3,SKU_A,766
88,R3,SKU_B,138
88,R3,SKU_C,0
88,R3,SKU_D,0
88,R3,SKU_E,688
89,Supplier,SKU_A,0
89,Supplier,SKU_B,0
89,Supplier,SKU_C,0
89,Supplier,SKU_D,0
89,Supplier,SKU_E,0
89,W1,SKU_A,0
89,W1,SKU_B,571
89,W1,SKU_C,0
89,W1,SKU_D,0
89,W1,SKU_E,600
89,W2,SKU_A,0
89,W2,SKU_B,0
89,W2,SKU_C,0
89,W2,SKU_D,0
89,W2,SKU_E,688
89,R1,SKU_A,1084
89,R1,SKU_B,95
89,R1,SKU_C,0
89,R1,SKU_D,0
89,R1,SKU_E,0
89,R2,SKU_A,0
89,R2,SKU_B,0
89,R2,SKU_C,0
89,R2,SKU_D,0
89,R2,SKU_E,0
89,R3,SKU_A,0
89,R3,SKU_B,0
89,R3,SKU_C,359
89,R3,SKU_D,0
89,R3,SKU_E,0
90,Supplier,SKU_A,0
90,Supplier,SKU_B,0
90,Supplier,SKU_C,0
90,Supplier,SKU_D,0
90,Supplier,SKU_E,0
90,W1,SKU_A,2949
90,W1,SKU_B,0
90,W1,SKU_C,0
90,W1,SKU_D,0
90,W1,SKU_E,0
90,W2,SKU_A,0
90,W2,SKU_B,0
90,W2,SKU_C,2086
90,W2,SKU_D,0
90,W2,SKU_E,0
90,R1,SKU_A,0
90,R1,SKU_B,123
90,R1,SKU_C,0
90,R1,SKU_D,434
90,R1,SKU_E,129
90,R2,SKU_A,547
90,R2,SKU_B,0
90,R2,SKU_C,347
90,R2,SKU_D,231
90,R2,SKU_E,0
90,R3,SKU_A,0
90,R3,SKU_B,156
90,R3,SKU_C,0
90,R3,SKU_D,0
90,R3,SKU_E,0
91,Supplier,SKU_A,0
91,Supplier,SKU_B,0
91,Supplier,SKU_C,0
91,Supplier,SKU_D,0
91,Supplier,SKU_E,0
91,W1,SKU_A,0
91,W1,SKU_B,218
91,W1,SKU_C,847
91,W1,SKU_D,1509
91,W1,SKU_E,0
91,W2,SKU_A,0
91,W2,SKU_B,0
91,W2,SKU_C,0
91,W2,SKU_D,0
91,W2,SKU_E,0
91,R1,SKU_A,0
91,R1,SKU_B,98
91,R1,SKU_C,547
91,R1,SKU_D,0
91,R1,SKU_E,0
91,R2,SKU_A,0
91,R2,SKU_B,234
91,R2,SKU_C,0
91,R2,SKU_D,0
91,R2,SKU_E,0
91,R3,SKU_A,754
91,R3,SKU_B,113
91,R3,SKU_C,471
91,R3,SKU_D,0
91,R3,SKU_E,0
92,Supplier,SKU_A,0
92,Supplier,SKU_B,0
92,Supplier,SKU_C,0
92,Supplier,SKU_D,0
92,Supplier,SKU_E,0
92,W1,SKU_A,0
92,W1,SKU_B,332
92,W1,SKU_C,0
92,W1,SKU_D,0
92,W1,SKU_E,0
92,W2,SKU_A,1520
92,W2,SKU_B,738
92,W2,SKU_C,0
92,W2,SKU_D,0
92,W2,SKU_E,0
92,R1,SKU_A,0
92,R1,SKU_B,0
92,R1,SKU_C,0
92,R1,SKU_D,0
92,R1,SKU_E,109
92,R2,SKU_A,0
92,R2,SKU_B,0
92,R2,SKU_C,0
92,R2,SKU_D,0
92,R2,SKU_E,169
92,R3,SKU_A,0
92,R3,SKU_B,0
92,R3,SKU_C,0
92,R3,SKU_D,0
92,R3,SKU_E,0
93,Supplier,SKU_A,0
93,Supplier,SKU_B,0
93,Supplier,SKU_C,0
93,Supplier,SKU_D,0
93,Supplier,SKU_E,0
93,W1,SKU_A,0
93,W1,SKU_B,0
93,W1,SKU_C,0
93,W1,SKU_D,0
93,W1,SKU_E,0
93,W2,SKU_A,0
93,W2,SKU_B,0
93,W2,SKU_C,0
93,W2,SKU_D,0
93,W2,SKU_E,0
93,R1,SKU_A,0
93,R1,SKU_B,195
93,R1,SKU_C,0
93,R1,SKU_D,0
93,R1,SKU_E,0
93,R2,SKU_A,0
93,R2,SKU_B,0
93,R2,SKU_C,0
93,R2,SKU_D,0
93,R2,SKU_E,0
93,R3,SKU_A,0
93,R3,SKU_B,142
93,R3,SKU_C,0
93,R3,SKU_D,0
93,R3,SKU_E,0
94,Supplier,SKU_A,0
94,Supplier,SKU_B,0
94,Supplier,SKU_C,0
94,Supplier,SKU_D,0
94,Supplier,SKU_E,0
94,W1,SKU_A,0
94,W1,SKU_B,195
94,W1,SKU_C,0
94,W1,SKU_D,0
94,W1,SKU_E,0
94,W2,SKU_A,0
94,W2,SKU_B,0
94,W2,SKU_C,0
94,W2,SKU_D,0
94,W2,SKU_E,0
94,R1,SKU_A,0
94,R1,SKU_B,0
94,R1,SKU_C,0
94,R1,SKU_D,0
94,R1,SKU_E,0
94,R2,SKU_A,0
94,R2,SKU_B,233
94,R2,SKU_C,0
94,R2,SKU_D,0
94,R2,SKU_E,0
94,R3,SKU_A,0
94,R3,SKU_B,89
94,R3,SKU_C,415
94,R3,SKU_D,0
94,R3,SKU_E,0
95,Supplier,SKU_A,0
95,Supplier,SKU_B,0
95,Supplier,SKU_C,0
95,Supplier,SKU_D,0
95,Supplier,SKU_E,0
95,W1,SKU_A,0
95,W1,SKU_B,233
95,W1,SKU_C,0
95,W1,SKU_D,0
95,W1,SKU_E,0
95,W2,SKU_A,0
95,W2,SKU_B,0
95,W2,SKU_C,0
95,W2,SKU_D,0
95,W2,SKU_E,0
95,R1,SKU_A,1030
95,R1,SKU_B,138
95,R1,SKU_C,470
95,R1,SKU_D,0
95,R1,SKU_E,111
95,R2,SKU_A,537
95,R2,SKU_B,0
95,R2,SKU_C,0
95,R2,SKU_D,0
95,R2,SKU_E,0
95,R3,SKU_A,730
95,R3,SKU_B,0
95,R3,SKU_C,0
95,R3,SKU_D,0
95,R3,SKU_E,0
96,Supplier,SKU_A,0
96,Supplier,SKU_B,0
96,Supplier,SKU_C,0
96,Supplier,SKU_D,0
96,Supplier,SKU_E,0
96,W1,SKU_A,2114
96,W1,SKU_B,0
96,W1,SKU_C,1017
96,W1,SKU_D,0
96,W1,SKU_E,518
96,W2,SKU_A,0
96,W2,SKU_B,0
96,W2,SKU_C,0
96,W2,SKU_D,0
96,W2,SKU_E,0
96,R1,SKU_A,0
96,R1,SKU_B,112
96,R1,SKU_C,0
96,R1,SKU_D,413
96,R1,SKU_E,0
96,R2,SKU_A,0
96,R2,SKU_B,0
96,R2,SKU_C,369
96,R2,SKU_D,224
96,R2,SKU_E,175
96,R3,SKU_A,0
96,R3,SKU_B,165
96,R3,SKU_C,371
96,R3,SKU_D,0
96,R3,SKU_E,0
97,Supplier,SKU_A,0
97,Supplier,SKU_B,0
97,Supplier,SKU_C,0
97,Supplier,SKU_D,0
97,Supplier,SKU_E,0
97,W1,SKU_A,0
97,W1,SKU_B,250
97,W1,SKU_C,0
97,W1,SKU_D,0
97,W1,SKU_E,0
97,W2,SKU_A,0
97,W2,SKU_B,0
97,W2,SKU_C,0
97,W2,SKU_D,0
97,W2,SKU_E,0
97,R1,SKU_A,0
97,R1,SKU_B,152
97,R1,SKU_C,0
97,R1,SKU_D,0
97,R1,SKU_E,122
97,R2,SKU_A,0
97,R2,SKU_B,262
97,R2,SKU_C,0
97,R2,SKU_D,0
97,R2,SKU_E,0
97,R3,SKU_A,0
97,R3,SKU_B,102
97,R3,SKU_C,0
97,R3,SKU_D,1422
97,R3,SKU_E,735
98,Supplier,SKU_A,0
98,Supplier,SKU_B,0
98,Supplier,SKU_C,0
98,Supplier,SKU_D,0
98,Supplier,SKU_E,0
98,W1,SKU_A,0
98,W1,SKU_B,414
98,W1,SKU_C,0
98,W1,SKU_D,0
98,W1,SKU_E,0
98,W2,SKU_A,0
98,W2,SKU_B,0
98,W2,SKU_C,0
98,W2,SKU_D,1422
98,W2,SKU_E,735
98,R1,SKU_A,0
98,R1,SKU_B,103
98,R1,SKU_C,606
98,R1,SKU_D,0
98,R1,SKU_E,0
98,R2,SKU_A,0
98,R2,SKU_B,0
98,R2,SKU_C,0
98,R2,SKU_D,0
98,R2,SKU_E,0
98,R3,SKU_A,902
98,R3,SKU_B,119
98,R3,SKU_C,508
98,R3,SKU_D,0
98,R3,SKU_E,0
99,Supplier,SKU_A,0
99,Supplier,SKU_B,0
99,Supplier,SKU_C,0
99,Supplier,SKU_D,0
99,Supplier,SKU_E,0
99,W1,SKU_A,0
99,W1,SKU_B,0
99,W1,SKU_C,975
99,W1,SKU_D,0
99,W1,SKU_E,0
99,W2,SKU_A,1632
99,W2,SKU_B,0
99,W2,SKU_C,0
99,W2,SKU_D,0
99,W2,SKU_E,0
99,R1,SKU_A,0
99,R1,SKU_B,0
99,R1,SKU_C,0
99,R1,SKU_D,0
99,R1,SKU_E,127
99,R2,SKU_A,0
99,R2,SKU_B,0
99,R2,SKU_C,0
99,R2,SKU_D,194
99,R2,SKU_E,182
99,R3,SKU_A,0
99,R3,SKU_B,0
99,R3,SKU_C,0
99,R3,SKU_D,0
99,R3,SKU_E,0
100,Supplier,SKU_A,0
100,Supplier,SKU_B,0
100,Supplier,SKU_C,0
100,Supplier,SKU_D,0
100,Supplier,SKU_E,0
100,W1,SKU_A,0
100,W1,SKU_B,0
100,W1,SKU_C,0
100,W1,SKU_D,0
100,W1,SKU_E,606
100,W2,SKU_A,0
100,W2,SKU_B,0
100,W2,SKU_C,0
100,W2,SKU_D,0
100,W2,SKU_E,0
100,R1,SKU_A,1036
100,R1,SKU_B,153
100,R1,SKU_C,0
100,R1,SKU_D,0
100,R1,SKU_E,0
100,R2,SKU_A,550
100,R2,SKU_B,210
100,R2,SKU_C,0
100,R2,SKU_D,0
100,R2,SKU_E,0
100,R3,SKU_A,0
100,R3,SKU_B,163
100,R3,SKU_C,0
100,R3,SKU_D,0
100,R3,SKU_E,0
101,Supplier,SKU_A,0
101,Supplier,SKU_B,0
101,Supplier,SKU_C,0
101,Supplier,SKU_D,0
101,Supplier,SKU_E,0
101,W1,SKU_A,0
101,W1,SKU_B,466
101,W1,SKU_C,0
101,W1,SKU_D,0
101,W1,SKU_E,0
101,W2,SKU_A,0
101,W2,SKU_B,780
101,W2,SKU_C,0
101,W2,SKU_D,0
101,W2,SKU_E,0
101,R1,SKU_A,0
101,R1,SKU_B,0
101,R1,SKU_C,0
101,R1,SKU_D,420
101,R1,SKU_E,99
101,R2,SKU_A,0
101,R2,SKU_B,0
101,R2,SKU_C,349
101,R2,SKU_D,0
101,R2,SKU_E,0
101,R3,SKU_A,0
101,R3,SKU_B,0
101,R3,SKU_C,372
101,R3,SKU_D,0
101,R3,SKU_E,0
102,Supplier,SKU_A,0
102,Supplier,SKU_B,0
102,Supplier,SKU_C,0
102,Supplier,SKU_D,0
102,Supplier,SKU_E,0
102,W1,SKU_A,0
102,W1,SKU_B,0
102,W1,SKU_C,0
102,W1,SKU_D,0
102,W1,SKU_E,0
102,W2,SKU_A,0
102,W2,SKU_B,0
102,W2,SKU_C,2137
102,W2,SKU_D,0
102,W2,SKU_E,0
102,R1,SKU_A,0
102,R1,SKU_B,143
102,R1,SKU_C,465
102,R1,SKU_D,0
102,R1,SKU_E,0
102,R2,SKU_A,0
102,R2,SKU_B,0
102,R2,SKU_C,0
102,R2,SKU_D,0
102,R2,SKU_E,138
102,R3,SKU_A,870
102,R3,SKU_B,141
102,R3,SKU_C,0
102,R3,SKU_D,0
102,R3,SKU_E,0
103,Supplier,SKU_A,0
103,Supplier,SKU_B,0
103,Supplier,SKU_C,0
103,Supplier,SKU_D,0
103,Supplier,SKU_E,0
103,W1,SKU_A,0
103,W1,SKU_B,0
103,W1,SKU_C,814
103,W1,SKU_D,0
103,W1,SKU_E,0
103,W2,SKU_A,0
103,W2,SKU_B,0
103,W2,SKU_C,0
103,W2,SKU_D,0
103,W2,SKU_E,0
103,R1,SKU_A,0
103,R1,SKU_B,117
103,R1,SKU_C,0
103,R1,SKU_D,0
103,R1,SKU_E,103
103,R2,SKU_A,0
103,R2,SKU_B,197
103,R2,SKU_C,0
103,R2,SKU_D,217
103,R2,SKU_E,0
103,R3,SKU_A,0
103,R3,SKU_B,0
103,R3,SKU_C,409
103,R3,SKU_D,0
103,R3,SKU_E,0
104,Supplier,SKU_A,0
104,Supplier,SKU_B,0
104,Supplier,SKU_C,0
104,Supplier,SKU_D,0
104,Supplier,SKU_E,0
104,W1,SKU_A,0
104,W1,SKU_B,457
104,W1,SKU_C,0
104,W1,SKU_D,1468
104,W1,SKU_E,0
104,W2,SKU_A,0
104,W2,SKU_B,0
104,W2,SKU_C,0
104,W2,SKU_D,0
104,W2,SKU_E,0
104,R1,SKU_A,0
104,R1,SKU_B,115
104,R1,SKU_C,0
104,R1,SKU_D,0
104,R1,SKU_E,0
104,R2,SKU_A,0
104,R2,SKU_B,0
104,R2,SKU_C,0
104,R2,SKU_D,0
104,R2,SKU_E,0
104,R3,SKU_A,0
104,R3,SKU_B,138
104,R3,SKU_C,0
104,R3,SKU_D,0
104,R3,SKU_E,0
105,Supplier,SKU_A,0
105,Supplier,SKU_B,0
105,Supplier,SKU_C,0
105,Supplier,SKU_D,0
105,Supplier,SKU_E,0
105,W1,SKU_A,0
105,W1,SKU_B,0
105,W1,SKU_C,0
105,W1,SKU_D,0
105,W1,SKU_E,0
105,W2,SKU_A,0
105,W2,SKU_B,0
105,W2,SKU_C,0
105,W2,SKU_D,0
105,W2,SKU_E,0
105,R1,SKU_A,993
105,R1,SKU_B,113
105,R1,SKU_C,666
105,R1,SKU_D,0
105,R1,SKU_E,125
105,R2,SKU_A,590
105,R2,SKU_B,197
105,R2,SKU_C,0
105,R2,SKU_D,0
105,R2,SKU_E,175
105,R3,SKU_A,870
105,R3,SKU_B,0
105,R3,SKU_C,547
105,R3,SKU_D,0
105,R3,SKU_E,691
106,Supplier,SKU_A,0
106,Supplier,SKU_B,0
106,Supplier,SKU_C,0
106,Supplier,SKU_D,0
106,Supplier,SKU_E,0
106,W1,SKU_A,3169
106,W1,SKU_B,425
106,W1,SKU_C,666
106,W1,SKU_D,0
106,W1,SKU_E,640
106,W2,SKU_A,1740
106,W2,SKU_B,0
106,W2,SKU_C,0
106,W2,SKU_D,0
106,W2,SKU_E,691
106,R1,SKU_A,0
106,R1,SKU_B,0
106,R1,SKU_C,0
106,R1,SKU_D,441
106,R1,SKU_E,0
106,R2,SKU_A,0
106,R2,SKU_B,0
106,R2,SKU_C,366
106,R2,SKU_D,0
106,R2,SKU_E,0
106,R3,SKU_A,0
106,R3,SKU_B,157
106,R3,SKU_C,0
106,R3,SKU_D,0
106,R3,SKU_E,0
107,Supplier,SKU_A,0
107,Supplier,SKU_B,0
107,Supplier,SKU_C,0
107,Supplier,SKU_D,0
107,Supplier,SKU_E,0
107,W1,SKU_A,0
107,W1,SKU_B,0
107,W1,SKU_C,0
107,W1,SKU_D,0
107,W1,SKU_E,0
107,W2,SKU_A,0
107,W2,SKU_B,0
107,W2,SKU_C,0
107,W2,SKU_D,0
107,W2,SKU_E,0
107,R1,SKU_A,0
107,R1,SKU_B,159
107,R1,SKU_C,0
107,R1,SKU_D,0
107,R1,SKU_E,99
107,R2,SKU_A,0
107,R2,SKU_B,0
107,R2,SKU_C,0
107,R2,SKU_D,237
107,R2,SKU_E,0
107,R3,SKU_A,0
107,R3,SKU_B,89
107,R3,SKU_C,0
107,R3,SKU_D,0
107,R3,SKU_E,0
108,Supplier,SKU_A,0
108,Supplier,SKU_B,0
108,Supplier,SKU_C,0
108,Supplier,SKU_D,0
108,Supplier,SKU_E,0
108,W1,SKU_A,0
108,W1,SKU_B,0
108,W1,SKU_C,0
108,W1,SKU_D,0
108,W1,SKU_E,0
108,W2,SKU_A,0
108,W2,SKU_B,0
108,W2,SKU_C,0
108,W2,SKU_D,0
108,W2,SKU_E,0
108,R1,SKU_A,0
108,R1,SKU_B,0
108,R1,SKU_C,448
108,R1,SKU_D,0
108,R1,SKU_E,0
108,R2,SKU_A,0
108,R2,SKU_B,224
108,R2,SKU_C,0
108,R2,SKU_D,0
108,R2,SKU_E,154
108,R3,SKU_A,0
108,R3,SKU_B,0
108,R3,SKU_C,429
108,R3,SKU_D,0
108,R3,SKU_E,0
109,Supplier,SKU_A,0
109,Supplier,SKU_B,0
109,Supplier,SKU_C,0
109,Supplier,SKU_D,0
109,Supplier,SKU_E,0
109,W1,SKU_A,0
109,W1,SKU_B,383
109,W1,SKU_C,814
109,W1,SKU_D,0
109,W1,SKU_E,0
109,W2,SKU_A,0
109,W2,SKU_B,0
109,W2,SKU_C,0
109,W2,SKU_D,0
109,W2,SKU_E,0
109,R1,SKU_A,0
109,R1,SKU_B,139
109,R1,SKU_C,0
109,R1,SKU_D,0
109,R1,SKU_E,94
109,R2,SKU_A,473
109,R2,SKU_B,0
109,R2,SKU_C,0
109,R2,SKU_D,0
109,R2,SKU_E,0
109,R3,SKU_A,893
109,R3,SKU_B,157
109,R3,SKU_C,0
109,R3,SKU_D,1372
109,R3,SKU_E,0
110,Supplier,SKU_A,0
110,Supplier,SKU_B,0
110,Supplier,SKU_C,0
110,Supplier,SKU_D,0
110,Supplier,SKU_E,0
110,W1,SKU_A,0
110,W1,SKU_B,0
110,W1,SKU_C,0
110,W1,SKU_D,0
110,W1,SKU_E,0
110,W2,SKU_A,0
110,W2,SKU_B,0
110,W2,SKU_C,0
110,W2,SKU_D,1372
110,W2,SKU_E,0
110,R1,SKU_A,922
110,R1,SKU_B,99
110,R1,SKU_C,0
110,R1,SKU_D,0
110,R1,SKU_E,0
110,R2,SKU_A,0
110,R2,SKU_B,0
110,R2,SKU_C,0
110,R2,SKU_D,0
110,R2,SKU_E,0
110,R3,SKU_A,0
110,R3,SKU_B,86
110,R3,SKU_C,395
110,R3,SKU_D,0
110,R3,SKU_E,0
111,Supplier,SKU_A,0
111,Supplier,SKU_B,0
111,Supplier,SKU_C,0
111,Supplier,SKU_D,0
111,Supplier,SKU_E,0
111,W1,SKU_A,0
111,W1,SKU_B,238
111,W1,SKU_C,0
111,W1,SKU_D,0
111,W1,SKU_E,0
111,W2,SKU_A,0
111,W2,SKU_B,768
111,W2,SKU_C,0
111,W2,SKU_D,0
111,W2,SKU_E,0
111,R1,SKU_A,0
111,R1,SKU_B,171
111,R1,SKU_C,513
111,R1,SKU_D,415
111,R1,SKU_E,94
111,R2,SKU_A,0
111,R2,SKU_B,287
111,R2,SKU_C,387
111,R2,SKU_D,227
111,R2,SKU_E,159
111,R3,SKU_A,0
111,R3,SKU_B,94
111,R3,SKU_C,0
111,R3,SKU_D,0
111,R3,SKU_E,0
112,Supplier,SKU_A,0
112,Supplier,SKU_B,0
112,Supplier,SKU_C,0
112,Supplier,SKU_D,0
112,Supplier,SKU_E,0
112,W1,SKU_A,0
112,W1,SKU_B,458
112,W1,SKU_C,900
112,W1,SKU_D,0
112,W1,SKU_E,600
112,W2,SKU_A,0
112,W2,SKU_B,0
112,W2,SKU_C,0
112,W2,SKU_D,0
112,W2,SKU_E,0
112,R1,SKU_A,0
112,R1,SKU_B,159
112,R1,SKU_C,0
112,R1,SKU_D,0
112,R1,SKU_E,86
112,R2,SKU_A,472
112,R2,SKU_B,0
112,R2,SKU_C,0
112,R2,SKU_D,0
112,R2,SKU_E,0
112,R3,SKU_A,925
112,R3,SKU_B,110
112,R3,SKU_C,504
112,R3,SKU_D,0
112,R3,SKU_E,658
113,Supplier,SKU_A,0
113,Supplier,SKU_B,0
113,Supplier,SKU_C,0
113,Supplier,SKU_D,0
113,Supplier,SKU_E,0
113,W1,SKU_A,0
113,W1,SKU_B,0
113,W1,SKU_C,0
113,W1,SKU_D,0
113,W1,SKU_E,0
113,W2,SKU_A,1818
113,W2,SKU_B,0
113,W2,SKU_C,2284
113,W2,SKU_D,0
113,W2,SKU_E,658
113,R1,SKU_A,0
113,R1,SKU_B,100
113,R1,SKU_C,462
113,R1,SKU_D,0
113,R1,SKU_E,0
113,R2,SKU_A,0
113,R2,SKU_B,216
113,R2,SKU_C,0
113,R2,SKU_D,0
113,R2,SKU_E,0
113,R3,SKU_A,0
113,R3,SKU_B,101
113,R3,SKU_C,0
113,R3,SKU_D,0
113,R3,SKU_E,0
114,Supplier,SKU_A,0
114,Supplier,SKU_B,0
114,Supplier,SKU_C,0
114,Supplier,SKU_D,0
114,Supplier,SKU_E,0
114,W1,SKU_A,0
114,W1,SKU_B,475
114,W1,SKU_C,0
114,W1,SKU_D,0
114,W1,SKU_E,0
114,W2,SKU_A,0
114,W2,SKU_B,0
114,W2,SKU_C,0
114,W2,SKU_D,0
114,W2,SKU_E,0
114,R1,SKU_A,0
114,R1,SKU_B,0
114,R1,SKU_C,0
114,R1,SKU_D,0
114,R1,SKU_E,118
114,R2,SKU_A,0
114,R2,SKU_B,0
114,R2,SKU_C,0
114,R2,SKU_D,0
114,R2,SKU_E,182
114,R3,SKU_A,0
114,R3,SKU_B,0
114,R3,SKU_C,0
114,R3,SKU_D,0
114,R3,SKU_E,0
115,Supplier,SKU_A,0
115,Supplier,SKU_B,0
115,Supplier,SKU_C,0
115,Supplier,SKU_D,0
115,Supplier,SKU_E,0
115,W1,SKU_A,0
115,W1,SKU_B,0
115,W1,SKU_C,0
115,W1,SKU_D,0
115,W1,SKU_E,0
115,W2,SKU_A,0
115,W2,SKU_B,0
115,W2,SKU_C,0
115,W2,SKU_D,0
115,W2,SKU_E,0
115,R1,SKU_A,1001
115,R1,SKU_B,175
115,R1,SKU_C,0
115,R1,SKU_D,0
115,R1,SKU_E,0
115,R2,SKU_A,0
115,R2,SKU_B,0
115,R2,SKU_C,0
115,R2,SKU_D,0
115,R2,SKU_E,0
115,R3,SKU_A,0
115,R3,SKU_B,121
115,R3,SKU_C,398
115,R3,SKU_D,0
115,R3,SKU_E,0
116,Supplier,SKU_A,0
116,Supplier,SKU_B,0
116,Supplier,SKU_C,0
116,Supplier,SKU_D,0
116,Supplier,SKU_E,0
116,W1,SKU_A,2868
116,W1,SKU_B,0
116,W1,SKU_C,0
116,W1,SKU_D,0
116,W1,SKU_E,0
116,W2,SKU_A,0
116,W2,SKU_B,0
116,W2,SKU_C,0
116,W2,SKU_D,0
116,W2,SKU_E,0
116,R1,SKU_A,0
116,R1,SKU_B,0
116,R1,SKU_C,0
116,R1,SKU_D,429
116,R1,SKU_E,91
116,R2,SKU_A,0
116,R2,SKU_B,0
116,R2,SKU_C,368
116,R2,SKU_D,218
116,R2,SKU_E,0
116,R3,SKU_A,781
116,R3,SKU_B,0
116,R3,SKU_C,0
116,R3,SKU_D,0
116,R3,SKU_E,0
117,Supplier,SKU_A,0
117,Supplier,SKU_B,0
117,Supplier,SKU_C,0
117,Supplier,SKU_D,0
117,Supplier,SKU_E,0
117,W1,SKU_A,0
117,W1,SKU_B,0
117,W1,SKU_C,830
117,W1,SKU_D,1967
117,W1,SKU_E,477
117,W2,SKU_A,0
117,W2,SKU_B,0
117,W2,SKU_C,0
117,W2,SKU_D,0
117,W2,SKU_E,0
117,R1,SKU_A,0
117,R1,SKU_B,160
117,R1,SKU_C,473
117,R1,SKU_D,0
117,R1,SKU_E,0
117,R2,SKU_A,525
117,R2,SKU_B,250
117,R2,SKU_C,0
117,R2,SKU_D,0
117,R2,SKU_E,146
117,R3,SKU_A,0
117,R3,SKU_B,171
117,R3,SKU_C,0
117,R3,SKU_D,0
117,R3,SKU_E,0
118,Supplier,SKU_A,0
118,Supplier,SKU_B,0
118,Supplier,SKU_C,0
118,Supplier,SKU_D,0
118,Supplier,SKU_E,0
118,W1,SKU_A,0
118,W1,SKU_B,585
118,W1,SKU_C,0
118,W1,SKU_D,0
118,W1,SKU_E,0
118,W2,SKU_A,0
118,W2,SKU_B,0
118,W2,SKU_C,0
118,W2,SKU_D,0
118,W2,SKU_E,0
118,R1,SKU_A,0
118,R1,SKU_B,123
118,R1,SKU_C,0
118,R1,SKU_D,0
118,R1,SKU_E,99
118,R2,SKU_A,0
118,R2,SKU_B,0
118,R2,SKU_C,0
118,R2,SKU_D,0
118,R2,SKU_E,0
118,R3,SKU_A,0
118,R3,SKU_B,94
118,R3,SKU_C,429
118,R3,SKU_D,0
118,R3,SKU_E,0
119,Supplier,SKU_A,0
119,Supplier,SKU_B,0
119,Supplier,SKU_C,0
119,Supplier,SKU_D,0
119,Supplier,SKU_E,0
119,W1,SKU_A,0
119,W1,SKU_B,0
119,W1,SKU_C,0
119,W1,SKU_D,0
119,W1,SKU_E,0
119,W2,SKU_A,0
119,W2,SKU_B,0
119,W2,SKU_C,0
119,W2,SKU_D,0
119,W2,SKU_E,0
119,R1,SKU_A,0
119,R1,SKU_B,110
119,R1,SKU_C,0
119,R1,SKU_D,0
119,R1,SKU_E,0
119,R2,SKU_A,0
119,R2,SKU_B,0
119,R2,SKU_C,0
119,R2,SKU_D,0
119,R2,SKU_E,0
119,R3,SKU_A,1019
119,R3,SKU_B,122
119,R3,SKU_C,337
119,R3,SKU_D,0
119,R3,SKU_E,0
120,Supplier,SKU_A,0
120,Supplier,SKU_B,0
120,Supplier,SKU_C,0
120,Supplier,SKU_D,0
120,Supplier,SKU_E,0
120,W1,SKU_A,0
120,W1,SKU_B,233
120,W1,SKU_C,0
120,W1,SKU_D,0
120,W1,SKU_E,0
120,W2,SKU_A,1800
120,W2,SKU_B,813
120,W2,SKU_C,0
120,W2,SKU_D,0
120,W2,SKU_E,0
120,R1,SKU_A,979
120,R1,SKU_B,0
120,R1,SKU_C,516
120,R1,SKU_D,0
120,R1,SKU_E,134
120,R2,SKU_A,0
120,R2,SKU_B,234
120,R2,SKU_C,0
120,R2,SKU_D,205
120,R2,SKU_E,156
120,R3,SKU_A,0
120,R3,SKU_B,91
120,R3,SKU_C,0
120,R3,SKU_D,1293
120,R3,SKU_E,734
121,Supplier,SKU_A,0
121,Supplier,SKU_B,0
121,Supplier,SKU_C,0
121,Supplier,SKU_D,0
121,Supplier,SKU_E,0
121,W1,SKU_A,0
121,W1,SKU_B,234
121,W1,SKU_C,989
121,W1,SKU_D,0
121,W1,SKU_E,535
121,W2,SKU_A,0
121,W2,SKU_B,0
121,W2,SKU_C,0
121,W2,SKU_D,1293
121,W2,SKU_E,734
121,R1,SKU_A,0
121,R1,SKU_B,116
121,R1,SKU_C,0
121,R1,SKU_D,0
121,R1,SKU_E,0
121,R2,SKU_A,0
121,R2,SKU_B,0
121,R2,SKU_C,347
121,R2,SKU_D,0
121,R2,SKU_E,0
121,R3,SKU_A,0
121,R3,SKU_B,0
121,R3,SKU_C,0
121,R3,SKU_D,0
121,R3,SKU_E,0
122,Supplier,SKU_A,0
122,Supplier,SKU_B,0
122,Supplier,SKU_C,0
122,Supplier,SKU_D,0
122,Supplier,SKU_E,0
122,W1,SKU_A,0
122,W1,SKU_B,0
122,W1,SKU_C,0
122,W1,SKU_D,0
122,W1,SKU_E,0
122,W2,SKU_A,0
122,W2,SKU_B,0
122,W2,SKU_C,0
122,W2,SKU_D,0
122,W2,SKU_E,0
122,R1,SKU_A,0
122,R1,SKU_B,0
122,R1,SKU_C,0
122,R1,SKU_D,444
122,R1,SKU_E,0
122,R2,SKU_A,550
122,R2,SKU_B,0
122,R2,SKU_C,0
122,R2,SKU_D,0
122,R2,SKU_E,0
122,R3,SKU_A,0
122,R3,SKU_B,147
122,R3,SKU_C,415
122,R3,SKU_D,0
122,R3,SKU_E,0
123,Supplier,SKU_A,0
123,Supplier,SKU_B,0
123,Supplier,SKU_C,0
123,Supplier,SKU_D,0
123,Supplier,SKU_E,0
123,W1,SKU_A,2054
123,W1,SKU_B,0
123,W1,SKU_C,0
123,W1,SKU_D,0
123,W1,SKU_E,0
123,W2,SKU_A,0
123,W2,SKU_B,0
123,W2,SKU_C,0
123,W2,SKU_D,0
123,W2,SKU_E,0
123,R1,SKU_A,0
123,R1,SKU_B,136
123,R1,SKU_C,0
123,R1,SKU_D,0
123,R1,SKU_E,113
123,R2,SKU_A,0
123,R2,SKU_B,205
123,R2,SKU_C,0
123,R2,SKU_D,0
123,R2,SKU_E,0
123,R3,SKU_A,723
123,R3,SKU_B,0
123,R3,SKU_C,0
123,R3,SKU_D,0
123,R3,SKU_E,0
124,Supplier,SKU_A,0
124,Supplier,SKU_B,0
124,Supplier,SKU_C,0
124,Supplier,SKU_D,0
124,Supplier,SKU_E,0
124,W1,SKU_A,0
124,W1,SKU_B,457
124,W1,SKU_C,0
124,W1,SKU_D,0
124,W1,SKU_E,0
124,W2,SKU_A,0
124,W2,SKU_B,0
124,W2,SKU_C,0
124,W2,SKU_D,0
124,W2,SKU_E,0
124,R1,SKU_A,0
124,R1,SKU_B,90
124,R1,SKU_C,477
124,R1,SKU_D,0
124,R1,SKU_E,0
124,R2,SKU_A,0
124,R2,SKU_B,0
124,R2,SKU_C,0
124,R2,SKU_D,199
124,R2,SKU_E,160
124,R3,SKU_A,0
124,R3,SKU_B,177
124,R3,SKU_C,0
124,R3,SKU_D,0
124,R3,SKU_E,0
125,Supplier,SKU_A,0
125,Supplier,SKU_B,0
125,Supplier,SKU_C,0
125,Supplier,SKU_D,0
125,Supplier,SKU_E,0
125,W1,SKU_A,0
125,W1,SKU_B,0
125,W1,SKU_C,824
125,W1,SKU_D,0
125,W1,SKU_E,0
125,W2,SKU_A,0
125,W2,SKU_B,0
125,W2,SKU_C,0
125,W2,SKU_D,0
125,W2,SKU_E,0
125,R1,SKU_A,0
125,R1,SKU_B,110
125,R1,SKU_C,0
125,R1,SKU_D,0
125,R1,SKU_E,92
125,R2,SKU_A,0
125,R2,SKU_B,0
125,R2,SKU_C,0
125,R2,SKU_D,0
125,R2,SKU_E,0
125,R3,SKU_A,0
125,R3,SKU_B,100
125,R3,SKU_C,449
125,R3,SKU_D,0
125,R3,SKU_E,0
126,Supplier,SKU_A,0
126,Supplier,SKU_B,0
126,Supplier,SKU_C,0
126,Supplier,SKU_D,0
126,Supplier,SKU_E,0
126,W1,SKU_A,0
126,W1,SKU_B,200
126,W1,SKU_C,0
126,W1,SKU_D,0
126,W1,SKU_E,0
126,W2,SKU_A,0
126,W2,SKU_B,0
126,W2,SKU_C,2028
126,W2,SKU_D,0
126,W2,SKU_E,0
126,R1,SKU_A,1035
126,R1,SKU_B,113
126,R1,SKU_C,0
126,R1,SKU_D,0
126,R1,SKU_E,0
126,R2,SKU_A,462
126,R2,SKU_B,244
126,R2,SKU_C,401
126,R2,SKU_D,0
126,R2,SKU_E,0
126,R3,SKU_A,0
126,R3,SKU_B,0
126,R3,SKU_C,0
126,R3,SKU_D,0
126,R3,SKU_E,0
127,Supplier,SKU_A,0
127,Supplier,SKU_B,0
127,Supplier,SKU_C,0
127,Supplier,SKU_D,0
127,Supplier,SKU_E,0
127,W1,SKU_A,0
127,W1,SKU_B,357
127,W1,SKU_C,0
127,W1,SKU_D,0
127,W1,SKU_E,0
127,W2,SKU_A,0
127,W2,SKU_B,0
127,W2,SKU_C,0
127,W2,SKU_D,0
127,W2,SKU_E,0
127,R1,SKU_A,0
127,R1,SKU_B,0
127,R1,SKU_C,479
127,R1,SKU_D,0
127,R1,SKU_E,98
127,R2,SKU_A,0
127,R2,SKU_B,0
127,R2,SKU_C,0
127,R2,SKU_D,0
127,R2,SKU_E,154
127,R3,SKU_A,751
127,R3,SKU_B,147
127,R3,SKU_C,0
127,R3,SKU_D,0
127,R3,SKU_E,0
128,Supplier,SKU_A,0
128,Supplier,SKU_B,0
128,Supplier,SKU_C,0
128,Supplier,SKU_D,0
128,Supplier,SKU_E,0
128,W1,SKU_A,0
128,W1,SKU_B,0
128,W1,SKU_C,880
128,W1,SKU_D,0
128,W1,SKU_E,617
128,W2,SKU_A,1474
128,W2,SKU_B,0
128,W2,SKU_C,0
128,W2,SKU_D,0
128,W2,SKU_E,0
128,R1,SKU_A,0
128,R1,SKU_B,141
128,R1,SKU_C,0
128,R1,SKU_D,445
128,R1,SKU_E,0
128,R2,SKU_A,0
128,R2,SKU_B,0
128,R2,SKU_C,0
128,R2,SKU_D,226
128,R2,SKU_E,0
128,R3,SKU_A,0
128,R3,SKU_B,0
128,R3,SKU_C,375
128,R3,SKU_D,0
128,R3,SKU_E,694
129,Supplier,SKU_A,0
129,Supplier,SKU_B,0
129,Supplier,SKU_C,0
129,Supplier,SKU_D,0
129,Supplier,SKU_E,0
129,W1,SKU_A,0
129,W1,SKU_B,0
129,W1,SKU_C,0
129,W1,SKU_D,1519
129,W1,SKU_E,0
129,W2,SKU_A,0
129,W2,SKU_B,0
129,W2,SKU_C,0
129,W2,SKU_D,0
129,W2,SKU_E,694
129,R1,SKU_A,0
129,R1,SKU_B,0
129,R1,SKU_C,0
129,R1,SKU_D,0
129,R1,SKU_E,0
129,R2,SKU_A,0
129,R2,SKU_B,224
129,R2,SKU_C,0
129,R2,SKU_D,0
129,R2,SKU_E,0
129,R3,SKU_A,0
129,R3,SKU_B,130
129,R3,SKU_C,0
129,R3,SKU_D,0
129,R3,SKU_E,0
130,Supplier,SKU_A,0
130,Supplier,SKU_B,0
130,Supplier,SKU_C,0
130,Supplier,SKU_D,0
130,Supplier,SKU_E,0
130,W1,SKU_A,0
130,W1,SKU_B,365
130,W1,SKU_C,0
130,W1,SKU_D,0
130,W1,SKU_E,0
130,W2,SKU_A,0
130,W2,SKU_B,792
130,W2,SKU_C,0
130,W2,SKU_D,0
130,W2,SKU_E,0
130,R1,SKU_A,0
130,R1,SKU_B,156
130,R1,SKU_C,0
130,R1,SKU_D,0
130,R1,SKU_E,111
130,R2,SKU_A,0
130,R2,SKU_B,0
130,R2,SKU_C,0
130,R2,SKU_D,0
130,R2,SKU_E,163
130,R3,SKU_A,0
130,R3,SKU_B,0
130,R3,SKU_C,0
130,R3,SKU_D,0
130,R3,SKU_E,0
131,Supplier,SKU_A,0
131,Supplier,SKU_B,0
131,Supplier,SKU_C,0
131,Supplier,SKU_D,0
131,Supplier,SKU_E,0
131,W1,SKU_A,0
131,W1,SKU_B,0
131,W1,SKU_C,0
131,W1,SKU_D,0
131,W1,SKU_E,0
131,W2,SKU_A,0
131,W2,SKU_B,0
131,W2,SKU_C,0
131,W2,SKU_D,0
131,W2,SKU_E,0
131,R1,SKU_A,0
131,R1,SKU_B,0
131,R1,SKU_C,0
131,R1,SKU_D,0
131,R1,SKU_E,0
131,R2,SKU_A,545
131,R2,SKU_B,0
131,R2,SKU_C,0
131,R2,SKU_D,0
131,R2,SKU_E,0
131,R3,SKU_A,718
131,R3,SKU_B,147
131,R3,SKU_C,382
131,R3,SKU_D,0
131,R3,SKU_E,0
132,Supplier,SKU_A,0
132,Supplier,SKU_B,0
132,Supplier,SKU_C,0
132,Supplier,SKU_D,0
132,Supplier,SKU_E,0
132,W1,SKU_A,2042
132,W1,SKU_B,0
132,W1,SKU_C,0
132,W1,SKU_D,0
132,W1,SKU_E,0
132,W2,SKU_A,0
132,W2,SKU_B,0
132,W2,SKU_C,0
132,W2,SKU_D,0
132,W2,SKU_E,0
132,R1,SKU_A,930
132,R1,SKU_B,170
132,R1,SKU_C,601
132,R1,SKU_D,0
132,R1,SKU_E,90
132,R2,SKU_A,0
132,R2,SKU_B,206
132,R2,SKU_C,0
132,R2,SKU_D,0
132,R2,SKU_E,0
132,R3,SKU_A,0
132,R3,SKU_B,104
132,R3,SKU_C,0
132,R3,SKU_D,0
132,R3,SKU_E,0
133,Supplier,SKU_A,0
133,Supplier,SKU_B,0
133,Supplier,SKU_C,0
133,Supplier,SKU_D,0
133,Supplier,SKU_E,0
133,W1,SKU_A,0
133,W1,SKU_B,532
133,W1,SKU_C,601
133,W1,SKU_D,0
133,W1,SKU_E,0
133,W2,SKU_A,0
133,W2,SKU_B,0
133,W2,SKU_C,0
133,W2,SKU_D,0
133,W2,SKU_E,0
133,R1,SKU_A,0
133,R1,SKU_B,116
133,R1,SKU_C,0
133,R1,SKU_D,0
133,R1,SKU_E,0
133,R2,SKU_A,0
133,R2,SKU_B,0
133,R2,SKU_C,366
133,R2,SKU_D,257
133,R2,SKU_E,157
133,R3,SKU_A,0
133,R3,SKU_B,86
133,R3,SKU_C,416
133,R3,SKU_D,1303
133,R3,SKU_E,0
134,Supplier,SKU_A,0
134,Supplier,SKU_B,0
134,Supplier,SKU_C,0
134,Supplier,SKU_D,0
134,Supplier,SKU_E,0
134,W1,SKU_A,0
134,W1,SKU_B,0
134,W1,SKU_C,0
134,W1,SKU_D,0
134,W1,SKU_E,521
134,W2,SKU_A,0
134,W2,SKU_B,0
134,W2,SKU_C,0
134,W2,SKU_D,1303
134,W2,SKU_E,0
134,R1,SKU_A,0
134,R1,SKU_B,132
134,R1,SKU_C,426
134,R1,SKU_D,463
134,R1,SKU_E,108
134,R2,SKU_A,0
134,R2,SKU_B,187
134,R2,SKU_C,0
134,R2,SKU_D,0
134,R2,SKU_E,0
134,R3,SKU_A,710
134,R3,SKU_B,0
134,R3,SKU_C,0
134,R3,SKU_D,0
134,R3,SKU_E,0
135,Supplier,SKU_A,0
135,Supplier,SKU_B,0
135,Supplier,SKU_C,0
135,Supplier,SKU_D,0
135,Supplier,SKU_E,0
135,W1,SKU_A,0
135,W1,SKU_B,435
135,W1,SKU_C,792
135,W1,SKU_D,0
135,W1,SKU_E,0
135,W2,SKU_A,1428
135,W2,SKU_B,0
135,W2,SKU_C,0
135,W2,SKU_D,0
135,W2,SKU_E,0
135,R1,SKU_A,0
135,R1,SKU_B,0
135,R1,SKU_C,0
135,R1,SKU_D,0
135,R1,SKU_E,0
135,R2,SKU_A,520
135,R2,SKU_B,0
135,R2,SKU_C,0
135,R2,SKU_D,0
135,R2,SKU_E,0
135,R3,SKU_A,0
135,R3,SKU_B,99
135,R3,SKU_C,0
135,R3,SKU_D,0
135,R3,SKU_E,0
136,Supplier,SKU_A,0
136,Supplier,SKU_B,0
136,Supplier,SKU_C,0
136,Supplier,SKU_D,0
136,Supplier,SKU_E,0
136,W1,SKU_A,0
136,W1,SKU_B,0
136,W1,SKU_C,0
136,W1,SKU_D,0
136,W1,SKU_E,0
136,W2,SKU_A,0
136,W2,SKU_B,0
136,W2,SKU_C,0
136,W2,SKU_D,0
136,W2,SKU_E,0
136,R1,SKU_A,0
136,R1,SKU_B,131
136,R1,SKU_C,0
136,R1,SKU_D,0
136,R1,SKU_E,0
136,R2,SKU_A,0
136,R2,SKU_B,0
136,R2,SKU_C,0
136,R2,SKU_D,0
136,R2,SKU_E,179
136,R3,SKU_A,0
136,R3,SKU_B,0
136,R3,SKU_C,365
136,R3,SKU_D,0
136,R3,SKU_E,667
137,Supplier,SKU_A,0
137,Supplier,SKU_B,0
137,Supplier,SKU_C,0
137,Supplier,SKU_D,0
137,Supplier,SKU_E,0
137,W1,SKU_A,0
137,W1,SKU_B,0
137,W1,SKU_C,0
137,W1,SKU_D,0
137,W1,SKU_E,0
137,W2,SKU_A,0
137,W2,SKU_B,0
137,W2,SKU_C,0
137,W2,SKU_D,0
137,W2,SKU_E,667
137,R1,SKU_A,0
137,R1,SKU_B,0
137,R1,SKU_C,0
137,R1,SKU_D,0
137,R1,SKU_E,94
137,R2,SKU_A,0
137,R2,SKU_B,218
137,R2,SKU_C,0
137,R2,SKU_D,209
137,R2,SKU_E,0
137,R3,SKU_A,0
137,R3,SKU_B,117
137,R3,SKU_C,0
137,R3,SKU_D,0
137,R3,SKU_E,0
138,Supplier,SKU_A,0
138,Supplier,SKU_B,0
138,Supplier,SKU_C,0
138,Supplier,SKU_D,0
138,Supplier,SKU_E,0
138,W1,SKU_A,0
138,W1,SKU_B,349
138,W1,SKU_C,0
138,W1,SKU_D,0
138,W1,SKU_E,0
138,W2,SKU_A,0
138,W2,SKU_B,0
138,W2,SKU_C,0
138,W2,SKU_D,0
138,W2,SKU_E,0
138,R1,SKU_A,969
138,R1,SKU_B,158
138,R1,SKU_C,479
138,R1,SKU_D,0
138,R1,SKU_E,0
138,R2,SKU_A,0
138,R2,SKU_B,0
138,R2,SKU_C,375
138,R2,SKU_D,0
138,R2,SKU_E,0
138,R3,SKU_A,0
138,R3,SKU_B,0
138,R3,SKU_C,0
138,R3,SKU_D,0
138,R3,SKU_E,0
139,Supplier,SKU_A,0
139,Supplier,SKU_B,0
139,Supplier,SKU_C,0
139,Supplier,SKU_D,0
139,Supplier,SKU_E,0
139,W1,SKU_A,2419
139,W1,SKU_B,0
139,W1,SKU_C,854
139,W1,SKU_D,0
139,W1,SKU_E,0
139,W2,SKU_A,0
139,W2,SKU_B,0
139,W2,SKU_C,0
139,W2,SKU_D,0
139,W2,SKU_E,0
139,R1,SKU_A,0
139,R1,SKU_B,110
139,R1,SKU_C,0
139,R1,SKU_D,0
139,R1,SKU_E,92
139,R2,SKU_A,0
139,R2,SKU_B,0
139,R2,SKU_C,0
139,R2,SKU_D,0
139,R2,SKU_E,144
139,R3,SKU_A,887
139,R3,SKU_B,155
139,R3,SKU_C,349
139,R3,SKU_D,0
139,R3,SKU_E,0
140,Supplier,SKU_A,0
140,Supplier,SKU_B,0
140,Supplier,SKU_C,0
140,Supplier,SKU_D,0
140,Supplier,SKU_E,0
140,W1,SKU_A,0
140,W1,SKU_B,268
140,W1,SKU_C,0
140,W1,SKU_D,0
140,W1,SKU_E,617
140,W2,SKU_A,0
140,W2,SKU_B,0
140,W2,SKU_C,0
140,W2,SKU_D,0
140,W2,SKU_E,0
140,R1,SKU_A,0
140,R1,SKU_B,108
140,R1,SKU_C,0
140,R1,SKU_D,417
140,R1,SKU_E,0
140,R2,SKU_A,586
140,R2,SKU_B,231
140,R2,SKU_C,0
140,R2,SKU_D,0
140,R2,SKU_E,0
140,R3,SKU_A,0
140,R3,SKU_B,0
140,R3,SKU_C,0
140,R3,SKU_D,0
140,R3,SKU_E,0
141,Supplier,SKU_A,0
141,Supplier,SKU_B,0
141,Supplier,SKU_C,0
141,Supplier,SKU_D,0
141,Supplier,SKU_E,0
141,W1,SKU_A,0
141,W1,SKU_B,339
141,W1,SKU_C,0
141,W1,SKU_D,0
141,W1,SKU_E,0
141,W2,SKU_A,0
141,W2,SKU_B,0
141,W2,SKU_C,0
141,W2,SKU_D,0
141,W2,SKU_E,0
141,R1,SKU_A,0
141,R1,SKU_B,0
141,R1,SKU_C,0
141,R1,SKU_D,0
141,R1,SKU_E,82
141,R2,SKU_A,0
141,R2,SKU_B,0
141,R2,SKU_C,0
141,R2,SKU_D,224
141,R2,SKU_E,0
141,R3,SKU_A,0
141,R3,SKU_B,139
141,R3,SKU_C,0
141,R3,SKU_D,0
141,R3,SKU_E,0
142,Supplier,SKU_A,0
142,Supplier,SKU_B,0
142,Supplier,SKU_C,0
142,Supplier,SKU_D,0
142,Supplier,SKU_E,0
142,W1,SKU_A,0
142,W1,SKU_B,0
142,W1,SKU_C,0
142,W1,SKU_D,1570
142,W1,SKU_E,0
142,W2,SKU_A,0
142,W2,SKU_B,847
142,W2,SKU_C,0
142,W2,SKU_D,0
142,W2,SKU_E,0
142,R1,SKU_A,0
142,R1,SKU_B,0
142,R1,SKU_C,506
142,R1,SKU_D,0
142,R1,SKU_E,0
142,R2,SKU_A,0
142,R2,SKU_B,0
142,R2,SKU_C,0
142,R2,SKU_D,0
142,R2,SKU_E,167
142,R3,SKU_A,0
142,R3,SKU_B,0
142,R3,SKU_C,397
142,R3,SKU_D,0
142,R3,SKU_E,0
143,Supplier,SKU_A,0
143,Supplier,SKU_B,0
143,Supplier,SKU_C,0
143,Supplier,SKU_D,0
143,Supplier,SKU_E,0
143,W1,SKU_A,0
143,W1,SKU_B,0
143,W1,SKU_C,0
143,W1,SKU_D,0
143,W1,SKU_E,0
143,W2,SKU_A,0
143,W2,SKU_B,0
143,W2,SKU_C,2284
143,W2,SKU_D,0
143,W2,SKU_E,0
143,R1,SKU_A,0
143,R1,SKU_B,139
143,R1,SKU_C,0
143,R1,SKU_D,0
143,R1,SKU_E,0
143,R2,SKU_A,0
143,R2,SKU_B,0
143,R2,SKU_C,0
143,R2,SKU_D,0
143,R2,SKU_E,0
143,R3,SKU_A,743
143,R3,SKU_B,152
143,R3,SKU_C,0
143,R3,SKU_D,0
143,R3,SKU_E,0
144,Supplier,SKU_A,0
144,Supplier,SKU_B,0
144,Supplier,SKU_C,0
144,Supplier,SKU_D,0
144,Supplier,SKU_E,0
144,W1,SKU_A,0
144,W1,SKU_B,0
144,W1,SKU_C,0
144,W1,SKU_D,0
144,W1,SKU_E,0
144,W2,SKU_A,1630
144,W2,SKU_B,0
144,W2,SKU_C,0
144,W2,SKU_D,0
144,W2,SKU_E,0
144,R1,SKU_A,952
144,R1,SKU_B,0
144,R1,SKU_C,0
144,R1,SKU_D,0
144,R1,SKU_E,110
144,R2,SKU_A,0
144,R2,SKU_B,0
144,R2,SKU_C,0
144,R2,SKU_D,0
144,R2,SKU_E,0
144,R3,SKU_A,0
144,R3,SKU_B,0
144,R3,SKU_C,0
144,R3,SKU_D,0
144,R3,SKU_E,671
145,Supplier,SKU_A,0
145,Supplier,SKU_B,0
145,Supplier,SKU_C,0
145,Supplier,SKU_D,0
145,Supplier,SKU_E,0
145,W1,SKU_A,0
145,W1,SKU_B,0
145,W1,SKU_C,0
145,W1,SKU_D,0
145,W1,SKU_E,0
145,W2,SKU_A,0
145,W2,SKU_B,0
145,W2,SKU_C,0
145,W2,SKU_D,0
145,W2,SKU_E,671
145,R1,SKU_A,0
145,R1,SKU_B,143
145,R1,SKU_C,0
145,R1,SKU_D,0
145,R1,SKU_E,0
145,R2,SKU_A,0
145,R2,SKU_B,214
145,R2,SKU_C,368
145,R2,SKU_D,0
145,R2,SKU_E,159
145,R3,SKU_A,0
145,R3,SKU_B,131
145,R3,SKU_C,334
145,R3,SKU_D,0
145,R3,SKU_E,0
146,Supplier,SKU_A,0
146,Supplier,SKU_B,0
146,Supplier,SKU_C,0
146,Supplier,SKU_D,0
146,Supplier,SKU_E,0
146,W1,SKU_A,0
146,W1,SKU_B,496
146,W1,SKU_C,874
146,W1,SKU_D,0
146,W1,SKU_E,518
146,W2,SKU_A,0
146,W2,SKU_B,0
146,W2,SKU_C,0
146,W2,SKU_D,0
146,W2,SKU_E,0
146,R1,SKU_A,0
146,R1,SKU_B,133
146,R1,SKU_C,489
146,R1,SKU_D,411
146,R1,SKU_E,94
146,R2,SKU_A,589
146,R2,SKU_B,0
146,R2,SKU_C,0
146,R2,SKU_D,217
146,R2,SKU_E,0
146,R3,SKU_A,0
146,R3,SKU_B,99
146,R3,SKU_C,0
146,R3,SKU_D,1364
146,R3,SKU_E,0
147,Supplier,SKU_A,0
147,Supplier,SKU_B,0
147,Supplier,SKU_C,0
147,Supplier,SKU_D,0
147,Supplier,SKU_E,0
147,W1,SKU_A,2127
147,W1,SKU_B,0
147,W1,SKU_C,0
147,W1,SKU_D,0
147,W1,SKU_E,0
147,W2,SKU_A,0
147,W2,SKU_B,0
147,W2,SKU_C,0
147,W2,SKU_D,1364
147,W2,SKU_E,0
147,R1,SKU_A,0
147,R1,SKU_B,120
147,R1,SKU_C,0
147,R1,SKU_D,0
147,R1,SKU_E,0
147,R2,SKU_A,0
147,R2,SKU_B,0
147,R2,SKU_C,0
147,R2,SKU_D,0
147,R2,SKU_E,0
147,R3,SKU_A,877
147,R3,SKU_B,105
147,R3,SKU_C,377
147,R3,SKU_D,0
147,R3,SKU_E,0
148,Supplier,SKU_A,0
148,Supplier,SKU_B,0
148,Supplier,SKU_C,0
148,Supplier,SKU_D,0
148,Supplier,SKU_E,0
148,W1,SKU_A,0
148,W1,SKU_B,253
148,W1,SKU_C,0
148,W1,SKU_D,0
148,W1,SKU_E,0
148,W2,SKU_A,0
148,W2,SKU_B,0
148,W2,SKU_C,0
148,W2,SKU_D,0
148,W2,SKU_E,0
148,R1,SKU_A,0
148,R1,SKU_B,0
148,R1,SKU_C,0
148,R1,SKU_D,0
148,R1,SKU_E,111
148,R2,SKU_A,0
148,R2,SKU_B,224
148,R2,SKU_C,0
148,R2,SKU_D,0
148,R2,SKU_E,152
148,R3,SKU_A,0
148,R3,SKU_B,0
148,R3,SKU_C,0
148,R3,SKU_D,0
148,R3,SKU_E,0
149,Supplier,SKU_A,0
149,Supplier,SKU_B,0
149,Supplier,SKU_C,0
149,Supplier,SKU_D,0
149,Supplier,SKU_E,0
149,W1,SKU_A,0
149,W1,SKU_B,224
149,W1,SKU_C,0
149,W1,SKU_D,0
149,W1,SKU_E,0
149,W2,SKU_A,0
149,W2,SKU_B,0
149,W2,SKU_C,0
149,W2,SKU_D,0
149,W2,SKU_E,0
149,R1,SKU_A,0
149,R1,SKU_B,136
149,R1,SKU_C,430
149,R1,SKU_D,0
149,R1,SKU_E,0
149,R2,SKU_A,0
149,R2,SKU_B,0
149,R2,SKU_C,343
149,R2,SKU_D,0
149,R2,SKU_E,0
149,R3,SKU_A,0
149,R3,SKU_B,145
149,R3,SKU_C,0
149,R3,SKU_D,0
149,R3,SKU_E,0
150,Supplier,SKU_A,0
150,Supplier,SKU_B,0
150,Supplier,SKU_C,0
150,Supplier,SKU_D,0
150,Supplier,SKU_E,0
150,W1,SKU_A,0
150,W1,SKU_B,0
150,W1,SKU_C,1262
150,W1,SKU_D,0
150,W1,SKU_E,0
150,W2,SKU_A,0
150,W2,SKU_B,0
150,W2,SKU_C,0
150,W2,SKU_D,0
150,W2,SKU_E,0
150,R1,SKU_A,946
150,R1,SKU_B,0
150,R1,SKU_C,0
150,R1,SKU_D,0
150,R1,SKU_E,0
150,R2,SKU_A,0
150,R2,SKU_B,0
150,R2,SKU_C,0
150,R2,SKU_D,194
150,R2,SKU_E,0
150,R3,SKU_A,0
150,R3,SKU_B,0
150,R3,SKU_C,332
150,R3,SKU_D,0
150,R3,SKU_E,0
151,Supplier,SKU_A,0
151,Supplier,SKU_B,0
151,Supplier,SKU_C,0
151,Supplier,SKU_D,0
151,Supplier,SKU_E,0
151,W1,SKU_A,0
151,W1,SKU_B,0
151,W1,SKU_C,0
151,W1,SKU_D,0
151,W1,SKU_E,0
151,W2,SKU_A,0
151,W2,SKU_B,0
151,W2,SKU_C,0
151,W2,SKU_D,0
151,W2,SKU_E,0
151,R1,SKU_A,0
151,R1,SKU_B,116
151,R1,SKU_C,0
151,R1,SKU_D,0
151,R1,SKU_E,103
151,R2,SKU_A,524
151,R2,SKU_B,0
151,R2,SKU_C,0
151,R2,SKU_D,0
151,R2,SKU_E,134
151,R3,SKU_A,0
151,R3,SKU_B,110
151,R3,SKU_C,0
151,R3,SKU_D,0
151,R3,SKU_E,0
152,Supplier,SKU_A,0
152,Supplier,SKU_B,0
152,Supplier,SKU_C,0
152,Supplier,SKU_D,0
152,Supplier,SKU_E,0
152,W1,SKU_A,0
152,W1,SKU_B,252
152,W1,SKU_C,0
152,W1,SKU_D,0
152,W1,SKU_E,594
152,W2,SKU_A,0
152,W2,SKU_B,742
152,W2,SKU_C,0
152,W2,SKU_D,0
152,W2,SKU_E,0
152,R1,SKU_A,0
152,R1,SKU_B,0
152,R1,SKU_C,0
152,R1,SKU_D,412
152,R1,SKU_E,0
152,R2,SKU_A,0
152,R2,SKU_B,204
152,R2,SKU_C,0
152,R2,SKU_D,0
152,R2,SKU_E,0
152,R3,SKU_A,817
152,R3,SKU_B,0
152,R3,SKU_C,0
152,R3,SKU_D,0
152,R3,SKU_E,657
153,Supplier,SKU_A,0
153,Supplier,SKU_B,0
153,Supplier,SKU_C,0
153,Supplier,SKU_D,0
153,Supplier,SKU_E,0
153,W1,SKU_A,0
153,W1,SKU_B,204
153,W1,SKU_C,0
153,W1,SKU_D,0
153,W1,SKU_E,0
153,W2,SKU_A,1694
153,W2,SKU_B,0
153,W2,SKU_C,0
153,W2,SKU_D,0
153,W2,SKU_E,657
153,R1,SKU_A,0
153,R1,SKU_B,160
153,R1,SKU_C,518
153,R1,SKU_D,0
153,R1,SKU_E,96
153,R2,SKU_A,0
153,R2,SKU_B,0
153,R2,SKU_C,0
153,R2,SKU_D,0
153,R2,SKU_E,0
153,R3,SKU_A,0
153,R3,SKU_B,171
153,R3,SKU_C,407
153,R3,SKU_D,0
153,R3,SKU_E,0
154,Supplier,SKU_A,0
154,Supplier,SKU_B,0
154,Supplier,SKU_C,0
154,Supplier,SKU_D,0
154,Supplier,SKU_E,0
154,W1,SKU_A,0
154,W1,SKU_B,0
154,W1,SKU_C,0
154,W1,SKU_D,0
154,W1,SKU_E,0
154,W2,SKU_A,0
154,W2,SKU_B,0
154,W2,SKU_C,0
154,W2,SKU_D,0
154,W2,SKU_E,0
154,R1,SKU_A,0
154,R1,SKU_B,105
154,R1,SKU_C,0
154,R1,SKU_D,0
154,R1,SKU_E,0
154,R2,SKU_A,0
154,R2,SKU_B,0
154,R2,SKU_C,0
154,R2,SKU_D,203
154,R2,SKU_E,152
154,R3,SKU_A,0
154,R3,SKU_B,0
154,R3,SKU_C,0
154,R3,SKU_D,0
154,R3,SKU_E,0
155,Supplier,SKU_A,0
155,Supplier,SKU_B,0
155,Supplier,SKU_C,0
155,Supplier,SKU_D,0
155,Supplier,SKU_E,0
155,W1,SKU_A,0
155,W1,SKU_B,265
155,W1,SKU_C,0
155,W1,SKU_D,1437
155,W1,SKU_E,0
155,W2,SKU_A,0
155,W2,SKU_B,0
155,W2,SKU_C,0
155,W2,SKU_D,0
155,W2,SKU_E,0
155,R1,SKU_A,0
155,R1,SKU_B,0
155,R1,SKU_C,0
155,R1,SKU_D,0
155,R1,SKU_E,0
155,R2,SKU_A,0
155,R2,SKU_B,192
155,R2,SKU_C,0
155,R2,SKU_D,0
155,R2,SKU_E,0
155,R3,SKU_A,0
155,R3,SKU_B,120
155,R3,SKU_C,0
155,R3,SKU_D,0
155,R3,SKU_E,0
156,Supplier,SKU_A,0
156,Supplier,SKU_B,0
156,Supplier,SKU_C,0
156,Supplier,SKU_D,0
156,Supplier,SKU_E,0
156,W1,SKU_A,0
156,W1,SKU_B,192
156,W1,SKU_C,0
156,W1,SKU_D,0
156,W1,SKU_E,0
156,W2,SKU_A,0
156,W2,SKU_B,0
156,W2,SKU_C,0
156,W2,SKU_D,0
156,W2,SKU_E,0
156,R1,SKU_A,0
156,R1,SKU_B,109
156,R1,SKU_C,0
156,R1,SKU_D,0
156,R1,SKU_E,115
156,R2,SKU_A,487
156,R2,SKU_B,0
156,R2,SKU_C,350
156,R2,SKU_D,0
156,R2,SKU_E,0
156,R3,SKU_A,712
156,R3,SKU_B,0
156,R3,SKU_C,0
156,R3,SKU_D,0
156,R3,SKU_E,0
157,Supplier,SKU_A,0
157,Supplier,SKU_B,0
157,Supplier,SKU_C,0
157,Supplier,SKU_D,0
157,Supplier,SKU_E,0
157,W1,SKU_A,1957
157,W1,SKU_B,0
157,W1,SKU_C,868
157,W1,SKU_D,0
157,W1,SKU_E,0
157,W2,SKU_A,0
157,W2,SKU_B,0
157,W2,SKU_C,0
157,W2,SKU_D,0
157,W2,SKU_E,0
157,R1,SKU_A,953
157,R1,SKU_B,0
157,R1,SKU_C,0
157,R1,SKU_D,0
157,R1,SKU_E,0
157,R2,SKU_A,0
157,R2,SKU_B,0
157,R2,SKU_C,0
157,R2,SKU_D,0
157,R2,SKU_E,0
157,R3,SKU_A,0
157,R3,SKU_B,86
157,R3,SKU_C,326
157,R3,SKU_D,0
157,R3,SKU_E,0
158,Supplier,SKU_A,0
158,Supplier,SKU_B,0
158,Supplier,SKU_C,0
158,Supplier,SKU_D,0
158,Supplier,SKU_E,0
158,W1,SKU_A,0
158,W1,SKU_B,0
158,W1,SKU_C,0
158,W1,SKU_D,0
158,W1,SKU_E,0
158,W2,SKU_A,0
158,W2,SKU_B,0
158,W2,SKU_C,0
158,W2,SKU_D,0
158,W2,SKU_E,0
158,R1,SKU_A,0
158,R1,SKU_B,115
158,R1,SKU_C,434
158,R1,SKU_D,0
158,R1,SKU_E,80
158,R2,SKU_A,0
158,R2,SKU_B,0
158,R2,SKU_C,0
158,R2,SKU_D,0
158,R2,SKU_E,132
158,R3,SKU_A,0
158,R3,SKU_B,0
158,R3,SKU_C,0
158,R3,SKU_D,0
158,R3,SKU_E,0
159,Supplier,SKU_A,0
159,Supplier,SKU_B,0
159,Supplier,SKU_C,0
159,Supplier,SKU_D,0
159,Supplier,SKU_E,0
159,W1,SKU_A,0
159,W1,SKU_B,224
159,W1,SKU_C,0
159,W1,SKU_D,0
159,W1,SKU_E,575
159,W2,SKU_A,0
159,W2,SKU_B,0
159,W2,SKU_C,0
159,W2,SKU_D,0
159,W2,SKU_E,0
159,R1,SKU_A,0
159,R1,SKU_B,0
159,R1,SKU_C,0
159,R1,SKU_D,418
159,R1,SKU_E,0
159,R2,SKU_A,0
159,R2,SKU_B,191
159,R2,SKU_C,0
159,R2,SKU_D,223
159,R2,SKU_E,0
159,R3,SKU_A,0
159,R3,SKU_B,143
159,R3,SKU_C,0
159,R3,SKU_D,0
159,R3,SKU_E,0
160,Supplier,SKU_A,0
160,Supplier,SKU_B,0
160,Supplier,SKU_C,0
160,Supplier,SKU_D,0
160,Supplier,SKU_E,0
160,W1,SKU_A,0
160,W1,SKU_B,191
160,W1,SKU_C,0
160,W1,SKU_D,0
160,W1,SKU_E,0
160,W2,SKU_A,0
160,W2,SKU_B,0
160,W2,SKU_C,0
160,W2,SKU_D,0
160,W2,SKU_E,0
160,R1,SKU_A,0
160,R1,SKU_B,150
160,R1,SKU_C,0
160,R1,SKU_D,0
160,R1,SKU_E,112
160,R2,SKU_A,0
160,R2,SKU_B,0
160,R2,SKU_C,0
160,R2,SKU_D,0
160,R2,SKU_E,0
160,R3,SKU_A,764
160,R3,SKU_B,0
160,R3,SKU_C,378
160,R3,SKU_D,0
160,R3,SKU_E,695
161,Supplier,SKU_A,0
161,Supplier,SKU_B,0
161,Supplier,SKU_C,0
161,Supplier,SKU_D,0
161,Supplier,SKU_E,0
161,W1,SKU_A,0
161,W1,SKU_B,0
161,W1,SKU_C,0
161,W1,SKU_D,0
161,W1,SKU_E,0
161,W2,SKU_A,1476
161,W2,SKU_B,0
161,W2,SKU_C,2154
161,W2,SKU_D,0
161,W2,SKU_E,695
161,R1,SKU_A,0
161,R1,SKU_B,102
161,R1,SKU_C,464
161,R1,SKU_D,0
161,R1,SKU_E,0
161,R2,SKU_A,527
161,R2,SKU_B,0
161,R2,SKU_C,0
161,R2,SKU_D,0
161,R2,SKU_E,198
161,R3,SKU_A,0
161,R3,SKU_B,141
161,R3,SKU_C,0
161,R3,SKU_D,1358
161,R3,SKU_E,0
162,Supplier,SKU_A,0
162,Supplier,SKU_B,0
162,Supplier,SKU_C,0
162,Supplier,SKU_D,0
162,Supplier,SKU_E,0
162,W1,SKU_A,0
162,W1,SKU_B,252
162,W1,SKU_C,898
162,W1,SKU_D,0
162,W1,SKU_E,0
162,W2,SKU_A,0
162,W2,SKU_B,0
162,W2,SKU_C,0
162,W2,SKU_D,1358
162,W2,SKU_E,0
162,R1,SKU_A,0
162,R1,SKU_B,0
162,R1,SKU_C,0
162,R1,SKU_D,0
162,R1,SKU_E,95
162,R2,SKU_A,0
162,R2,SKU_B,214
162,R2,SKU_C,351
162,R2,SKU_D,0
162,R2,SKU_E,0
162,R3,SKU_A,0
162,R3,SKU_B,0
162,R3,SKU_C,0
162,R3,SKU_D,0
162,R3,SKU_E,0
163,Supplier,SKU_A,0
163,Supplier,SKU_B,0
163,Supplier,SKU_C,0
163,Supplier,SKU_D,0
163,Supplier,SKU_E,0
163,W1,SKU_A,0
163,W1,SKU_B,214
163,W1,SKU_C,0
163,W1,SKU_D,0
163,W1,SKU_E,0
163,W2,SKU_A,0
163,W2,SKU_B,0
163,W2,SKU_C,0
163,W2,SKU_D,0
163,W2,SKU_E,0
163,R1,SKU_A,987
163,R1,SKU_B,110
163,R1,SKU_C,0
163,R1,SKU_D,0
163,R1,SKU_E,0
163,R2,SKU_A,0
163,R2,SKU_B,0
163,R2,SKU_C,0
163,R2,SKU_D,222
163,R2,SKU_E,0
163,R3,SKU_A,0
163,R3,SKU_B,90
163,R3,SKU_C,369
163,R3,SKU_D,0
163,R3,SKU_E,0
164,Supplier,SKU_A,0
164,Supplier,SKU_B,0
164,Supplier,SKU_C,0
164,Supplier,SKU_D,0
164,Supplier,SKU_E,0
164,W1,SKU_A,2467
164,W1,SKU_B,0
164,W1,SKU_C,0
164,W1,SKU_D,0
164,W1,SKU_E,0
164,W2,SKU_A,0
164,W2,SKU_B,751
164,W2,SKU_C,0
164,W2,SKU_D,0
164,W2,SKU_E,0
164,R1,SKU_A,0
164,R1,SKU_B,0
164,R1,SKU_C,0
164,R1,SKU_D,0
164,R1,SKU_E,0
164,R2,SKU_A,0
164,R2,SKU_B,0
164,R2,SKU_C,0
164,R2,SKU_D,0
164,R2,SKU_E,0
164,R3,SKU_A,832
164,R3,SKU_B,0
164,R3,SKU_C,0
164,R3,SKU_D,0
164,R3,SKU_E,0
165,Supplier,SKU_A,0
165,Supplier,SKU_B,0
165,Supplier,SKU_C,0
165,Supplier,SKU_D,0
165,Supplier,SKU_E,0
165,W1,SKU_A,0
165,W1,SKU_B,0
165,W1,SKU_C,0
165,W1,SKU_D,0
165,W1,SKU_E,0
165,W2,SKU_A,0
165,W2,SKU_B,0
165,W2,SKU_C,0
165,W2,SKU_D,0
165,W2,SKU_E,0
165,R1,SKU_A,0
165,R1,SKU_B,93
165,R1,SKU_C,0
165,R1,SKU_D,431
165,R1,SKU_E,89
165,R2,SKU_A,0
165,R2,SKU_B,0
165,R2,SKU_C,0
165,R2,SKU_D,0
165,R2,SKU_E,170
165,R3,SKU_A,0
165,R3,SKU_B,106
165,R3,SKU_C,0
165,R3,SKU_D,0
165,R3,SKU_E,0
166,Supplier,SKU_A,0
166,Supplier,SKU_B,0
166,Supplier,SKU_C,0
166,Supplier,SKU_D,0
166,Supplier,SKU_E,0
166,W1,SKU_A,0
166,W1,SKU_B,203
166,W1,SKU_C,0
166,W1,SKU_D,0
166,W1,SKU_E,664
166,W2,SKU_A,0
166,W2,SKU_B,0
166,W2,SKU_C,0
166,W2,SKU_D,0
166,W2,SKU_E,0
166,R1,SKU_A,0
166,R1,SKU_B,0
166,R1,SKU_C,540
166,R1,SKU_D,0
166,R1,SKU_E,0
166,R2,SKU_A,567
166,R2,SKU_B,245
166,R2,SKU_C,0
166,R2,SKU_D,0
166,R2,SKU_E,0
166,R3,SKU_A,0
166,R3,SKU_B,0
166,R3,SKU_C,341
166,R3,SKU_D,0
166,R3,SKU_E,0
167,Supplier,SKU_A,0
167,Supplier,SKU_B,0
167,Supplier,SKU_C,0
167,Supplier,SKU_D,0
167,Supplier,SKU_E,0
167,W1,SKU_A,0
167,W1,SKU_B,245
167,W1,SKU_C,891
167,W1,SKU_D,0
167,W1,SKU_E,0
167,W2,SKU_A,0
167,W2,SKU_B,0
167,W2,SKU_C,0
167,W2,SKU_D,0
167,W2,SKU_E,0
167,R1,SKU_A,0
167,R1,SKU_B,136
167,R1,SKU_C,0
167,R1,SKU_D,0
167,R1,SKU_E,97
167,R2,SKU_A,0
167,R2,SKU_B,0
167,R2,SKU_C,0
167,R2,SKU_D,0
167,R2,SKU_E,0
167,R3,SKU_A,0
167,R3,SKU_B,161
167,R3,SKU_C,0
167,R3,SKU_D,0
167,R3,SKU_E,0
168,Supplier,SKU_A,0
168,Supplier,SKU_B,0
168,Supplier,SKU_C,0
168,Supplier,SKU_D,0
168,Supplier,SKU_E,0
168,W1,SKU_A,0
168,W1,SKU_B,0
168,W1,SKU_C,0
168,W1,SKU_D,0
168,W1,SKU_E,0
168,W2,SKU_A,0
168,W2,SKU_B,0
168,W2,SKU_C,0
168,W2,SKU_D,0
168,W2,SKU_E,0
168,R1,SKU_A,0
168,R1,SKU_B,0
168,R1,SKU_C,0
168,R1,SKU_D,0
168,R1,SKU_E,0
168,R2,SKU_A,0
168,R2,SKU_B,0
168,R2,SKU_C,360
168,R2,SKU_D,234
168,R2,SKU_E,175
168,R3,SKU_A,872
168,R3,SKU_B,91
168,R3,SKU_C,356
168,R3,SKU_D,0
168,R3,SKU_E,685
169,Supplier,SKU_A,0
169,Supplier,SKU_B,0
169,Supplier,SKU_C,0
169,Supplier,SKU_D,0
169,Supplier,SKU_E,0
169,W1,SKU_A,0
169,W1,SKU_B,0
169,W1,SKU_C,0
169,W1,SKU_D,1528
169,W1,SKU_E,0
169,W2,SKU_A,1704
169,W2,SKU_B,0
169,W2,SKU_C,0
169,W2,SKU_D,0
169,W2,SKU_E,685
169,R1,SKU_A,1015
169,R1,SKU_B,159
169,R1,SKU_C,465
169,R1,SKU_D,0
169,R1,SKU_E,99
169,R2,SKU_A,0
169,R2,SKU_B,204
169,R2,SKU_C,0
169,R2,SKU_D,0
169,R2,SKU_E,0
169,R3,SKU_A,0
169,R3,SKU_B,0
169,R3,SKU_C,0
169,R3,SKU_D,0
169,R3,SKU_E,0
170,Supplier,SKU_A,0
170,Supplier,SKU_B,0
170,Supplier,SKU_C,0
170,Supplier,SKU_D,0
170,Supplier,SKU_E,0
170,W1,SKU_A,0
170,W1,SKU_B,499
170,W1,SKU_C,825
170,W1,SKU_D,0
170,W1,SKU_E,0
170,W2,SKU_A,0
170,W2,SKU_B,0
170,W2,SKU_C,0
170,W2,SKU_D,0
170,W2,SKU_E,0
170,R1,SKU_A,0
170,R1,SKU_B,0
170,R1,SKU_C,0
170,R1,SKU_D,422
170,R1,SKU_E,0
170,R2,SKU_A,474
170,R2,SKU_B,0
170,R2,SKU_C,0
170,R2,SKU_D,0
170,R2,SKU_E,0
170,R3,SKU_A,0
170,R3,SKU_B,122
170,R3,SKU_C,0
170,R3,SKU_D,0
170,R3,SKU_E,0
171,Supplier,SKU_A,0
171,Supplier,SKU_B,0
171,Supplier,SKU_C,0
171,Supplier,SKU_D,0
171,Supplier,SKU_E,0
171,W1,SKU_A,2056
171,W1,SKU_B,0
171,W1,SKU_C,0
171,W1,SKU_D,0
171,W1,SKU_E,0
171,W2,SKU_A,0
171,W2,SKU_B,0
171,W2,SKU_C,0
171,W2,SKU_D,0
171,W2,SKU_E,0
171,R1,SKU_A,0
171,R1,SKU_B,103
171,R1,SKU_C,0
171,R1,SKU_D,0
171,R1,SKU_E,91
171,R2,SKU_A,0
171,R2,SKU_B,0
171,R2,SKU_C,0
171,R2,SKU_D,0
171,R2,SKU_E,136
171,R3,SKU_A,0
171,R3,SKU_B,0
171,R3,SKU_C,0
171,R3,SKU_D,0
171,R3,SKU_E,0
172,Supplier,SKU_A,0
172,Supplier,SKU_B,0
172,Supplier,SKU_C,0
172,Supplier,SKU_D,0
172,Supplier,SKU_E,0
172,W1,SKU_A,0
172,W1,SKU_B,0
172,W1,SKU_C,0
172,W1,SKU_D,0
172,W1,SKU_E,598
172,W2,SKU_A,0
172,W2,SKU_B,0
172,W2,SKU_C,0
172,W2,SKU_D,0
172,W2,SKU_E,0
172,R1,SKU_A,0
172,R1,SKU_B,0
172,R1,SKU_C,0
172,R1,SKU_D,0
172,R1,SKU_E,0
172,R2,SKU_A,0
172,R2,SKU_B,0
172,R2,SKU_C,0
172,R2,SKU_D,226
172,R2,SKU_E,0
172,R3,SKU_A,781
172,R3,SKU_B,117
172,R3,SKU_C,375
172,R3,SKU_D,0
172,R3,SKU_E,0
173,Supplier,SKU_A,0
173,Supplier,SKU_B,0
173,Supplier,SKU_C,0
173,Supplier,SKU_D,0
173,Supplier,SKU_E,0
173,W1,SKU_A,0
173,W1,SKU_B,0
173,W1,SKU_C,0
173,W1,SKU_D,0
173,W1,SKU_E,0
173,W2,SKU_A,0
173,W2,SKU_B,0
173,W2,SKU_C,0
173,W2,SKU_D,0
173,W2,SKU_E,0
173,R1,SKU_A,0
173,R1,SKU_B,121
173,R1,SKU_C,0
173,R1,SKU_D,0
173,R1,SKU_E,85
173,R2,SKU_A,0
173,R2,SKU_B,235
173,R2,SKU_C,0
173,R2,SKU_D,0
173,R2,SKU_E,0
173,R3,SKU_A,0
173,R3,SKU_B,0
173,R3,SKU_C,0
173,R3,SKU_D,0
173,R3,SKU_E,0
174,Supplier,SKU_A,0
174,Supplier,SKU_B,0
174,Supplier,SKU_C,0
174,Supplier,SKU_D,0
174,Supplier,SKU_E,0
174,W1,SKU_A,0
174,W1,SKU_B,459
174,W1,SKU_C,0
174,W1,SKU_D,0
174,W1,SKU_E,0
174,W2,SKU_A,0
174,W2,SKU_B,0
174,W2,SKU_C,0
174,W2,SKU_D,0
174,W2,SKU_E,0
174,R1,SKU_A,0
174,R1,SKU_B,0
174,R1,SKU_C,551
174,R1,SKU_D,0
174,R1,SKU_E,0
174,R2,SKU_A,0
174,R2,SKU_B,0
174,R2,SKU_C,393
174,R2,SKU_D,0
174,R2,SKU_E,174
174,R3,SKU_A,0
174,R3,SKU_B,117
174,R3,SKU_C,0
174,R3,SKU_D,1340
174,R3,SKU_E,0
175,Supplier,SKU_A,0
175,Supplier,SKU_B,0
175,Supplier,SKU_C,0
175,Supplier,SKU_D,0
175,Supplier,SKU_E,0
175,W1,SKU_A,0
175,W1,SKU_B,0
175,W1,SKU_C,944
175,W1,SKU_D,0
175,W1,SKU_E,0
175,W2,SKU_A,0
175,W2,SKU_B,714
175,W2,SKU_C,0
175,W2,SKU_D,1340
175,W2,SKU_E,0
175,R1,SKU_A,936
175,R1,SKU_B,160
175,R1,SKU_C,0
175,R1,SKU_D,0
175,R1,SKU_E,98
175,R2,SKU_A,555
175,R2,SKU_B,0
175,R2,SKU_C,0
175,R2,SKU_D,0
175,R2,SKU_E,0
175,R3,SKU_A,710
175,R3,SKU_B,0
175,R3,SKU_C,460
175,R3,SKU_D,0
175,R3,SKU_E,671
176,Supplier,SKU_A,0
176,Supplier,SKU_B,0
176,Supplier,SKU_C,0
176,Supplier,SKU_D,0
176,Supplier,SKU_E,0
176,W1,SKU_A,0
176,W1,SKU_B,0
176,W1,SKU_C,0
176,W1,SKU_D,0
176,W1,SKU_E,0
176,W2,SKU_A,1491
176,W2,SKU_B,0
176,W2,SKU_C,0
176,W2,SKU_D,0
176,W2,SKU_E,671
176,R1,SKU_A,0
176,R1,SKU_B,0
176,R1,SKU_C,0
176,R1,SKU_D,418
176,R1,SKU_E,0
176,R2,SKU_A,0
176,R2,SKU_B,182
176,R2,SKU_C,0
176,R2,SKU_D,208
176,R2,SKU_E,0
176,R3,SKU_A,0
176,R3,SKU_B,134
176,R3,SKU_C,0
176,R3,SKU_D,0
176,R3,SKU_E,0
177,Supplier,SKU_A,0
177,Supplier,SKU_B,0
177,Supplier,SKU_C,0
177,Supplier,SKU_D,0
177,Supplier,SKU_E,0
177,W1,SKU_A,0
177,W1,SKU_B,342
177,W1,SKU_C,0
177,W1,SKU_D,0
177,W1,SKU_E,0
177,W2,SKU_A,0
177,W2,SKU_B,0
177,W2,SKU_C,0
177,W2,SKU_D,0
177,W2,SKU_E,0
177,R1,SKU_A,0
177,R1,SKU_B,104
177,R1,SKU_C,0
177,R1,SKU_D,0
177,R1,SKU_E,0
177,R2,SKU_A,0
177,R2,SKU_B,0
177,R2,SKU_C,0
177,R2,SKU_D,0
177,R2,SKU_E,154
177,R3,SKU_A,0
177,R3,SKU_B,0
177,R3,SKU_C,0
177,R3,SKU_D,0
177,R3,SKU_E,0
178,Supplier,SKU_A,0
178,Supplier,SKU_B,0
178,Supplier,SKU_C,0
178,Supplier,SKU_D,0
178,Supplier,SKU_E,0
178,W1,SKU_A,0
178,W1,SKU_B,0
178,W1,SKU_C,0
178,W1,SKU_D,0
178,W1,SKU_E,511
178,W2,SKU_A,0
178,W2,SKU_B,0
178,W2,SKU_C,0
178,W2,SKU_D,0
178,W2,SKU_E,0
178,R1,SKU_A,0
178,R1,SKU_B,0
178,R1,SKU_C,0
178,R1,SKU_D,0
178,R1,SKU_E,112
178,R2,SKU_A,0
178,R2,SKU_B,0
178,R2,SKU_C,0
178,R2,SKU_D,0
178,R2,SKU_E,0
178,R3,SKU_A,0
178,R3,SKU_B,119
178,R3,SKU_C,0
178,R3,SKU_D,0
178,R3,SKU_E,0
179,Supplier,SKU_A,0
179,Supplier,SKU_B,0
179,Supplier,SKU_C,0
179,Supplier,SKU_D,0
179,Supplier,SKU_E,0
179,W1,SKU_A,0
179,W1,SKU_B,0
179,W1,SKU_C,0
179,W1,SKU_D,0
179,W1,SKU_E,0
179,W2,SKU_A,0
179,W2,SKU_B,0
179,W2,SKU_C,0
179,W2,SKU_D,0
179,W2,SKU_E,0
179,R1,SKU_A,0
179,R1,SKU_B,104
179,R1,SKU_C,439
179,R1,SKU_D,0
179,R1,SKU_E,0
179,R2,SKU_A,0
179,R2,SKU_B,0
179,R2,SKU_C,0
179,R2,SKU_D,0
179,R2,SKU_E,0
179,R3,SKU_A,0
179,R3,SKU_B,0
179,R3,SKU_C,345
179,R3,SKU_D,0
179,R3,SKU_E,0
180,Supplier,SKU_A,0
180,Supplier,SKU_B,0
180,Supplier,SKU_C,0
180,Supplier,SKU_D,0
180,Supplier,SKU_E,0
180,W1,SKU_A,0
180,W1,SKU_B,208
180,W1,SKU_C,0
180,W1,SKU_D,0
180,W1,SKU_E,0
180,W2,SKU_A,0
180,W2,SKU_B,0
180,W2,SKU_C,2246
180,W2,SKU_D,0
180,W2,SKU_E,0
180,R1,SKU_A,0
180,R1,SKU_B,0
180,R1,SKU_C,0
180,R1,SKU_D,0
180,R1,SKU_E,94
180,R2,SKU_A,0
180,R2,SKU_B,194
180,R2,SKU_C,0
180,R2,SKU_D,0
180,R2,SKU_E,147
180,R3,SKU_A,880
180,R3,SKU_B,124
180,R3,SKU_C,0
180,R3,SKU_D,0
180,R3,SKU_E,0
181,Supplier,SKU_A,0
181,Supplier,SKU_B,0
181,Supplier,SKU_C,0
181,Supplier,SKU_D,0
181,Supplier,SKU_E,0
181,W1,SKU_A,0
181,W1,SKU_B,194
181,W1,SKU_C,0
181,W1,SKU_D,0
181,W1,SKU_E,0
181,W2,SKU_A,0
181,W2,SKU_B,0
181,W2,SKU_C,0
181,W2,SKU_D,0
181,W2,SKU_E,0
181,R1,SKU_A,0
181,R1,SKU_B,175
181,R1,SKU_C,0
181,R1,SKU_D,0
181,R1,SKU_E,0
181,R2,SKU_A,527
181,R2,SKU_B,0
181,R2,SKU_C,388
181,R2,SKU_D,208
181,R2,SKU_E,0
181,R3,SKU_A,0
181,R3,SKU_B,0
181,R3,SKU_C,0
181,R3,SKU_D,0
181,R3,SKU_E,0
182,Supplier,SKU_A,0
182,Supplier,SKU_B,0
182,Supplier,SKU_C,0
182,Supplier,SKU_D,0
182,Supplier,SKU_E,0
182,W1,SKU_A,2018
182,W1,SKU_B,0
182,W1,SKU_C,827
182,W1,SKU_D,1482
182,W1,SKU_E,0
182,W2,SKU_A,0
182,W2,SKU_B,0
182,W2,SKU_C,0
182,W2,SKU_D,0
182,W2,SKU_E,0
182,R1,SKU_A,977
182,R1,SKU_B,0
182,R1,SKU_C,0
182,R1,SKU_D,0
182,R1,SKU_E,94
182,R2,SKU_A,0
182,R2,SKU_B,0
182,R2,SKU_C,0
182,R2,SKU_D,0
182,R2,SKU_E,0
182,R3,SKU_A,0
182,R3,SKU_B,132
182,R3,SKU_C,0
182,R3,SKU_D,0
182,R3,SKU_E,0
183,Supplier,SKU_A,0
183,Supplier,SKU_B,0
183,Supplier,SKU_C,0
183,Supplier,SKU_D,0
183,Supplier,SKU_E,0
183,W1,SKU_A,0
183,W1,SKU_B,0
183,W1,SKU_C,0
183,W1,SKU_D,0
183,W1,SKU_E,447
183,W2,SKU_A,0
183,W2,SKU_B,0
183,W2,SKU_C,0
183,W2,SKU_D,0
183,W2,SKU_E,0
183,R1,SKU_A,0
183,R1,SKU_B,143
183,R1,SKU_C,454
183,R1,SKU_D,444
183,R1,SKU_E,0
183,R2,SKU_A,0
183,R2,SKU_B,0
183,R2,SKU_C,0
183,R2,SKU_D,0
183,R2,SKU_E,138
183,R3,SKU_A,0
183,R3,SKU_B,0
183,R3,SKU_C,401
183,R3,SKU_D,0
183,R3,SKU_E,0
184,Supplier,SKU_A,0
184,Supplier,SKU_B,0
184,Supplier,SKU_C,0
184,Supplier,SKU_D,0
184,Supplier,SKU_E,0
184,W1,SKU_A,0
184,W1,SKU_B,318
184,W1,SKU_C,0
184,W1,SKU_D,0
184,W1,SKU_E,0
184,W2,SKU_A,0
184,W2,SKU_B,0
184,W2,SKU_C,0
184,W2,SKU_D,0
184,W2,SKU_E,0
184,R1,SKU_A,0
184,R1,SKU_B,0
184,R1,SKU_C,0
184,R1,SKU_D,0
184,R1,SKU_E,0
184,R2,SKU_A,0
184,R2,SKU_B,194
184,R2,SKU_C,0
184,R2,SKU_D,0
184,R2,SKU_E,0
184,R3,SKU_A,729
184,R3,SKU_B,104
184,R3,SKU_C,0
184,R3,SKU_D,0
184,R3,SKU_E,699
185,Supplier,SKU_A,0
185,Supplier,SKU_B,0
185,Supplier,SKU_C,0
185,Supplier,SKU_D,0
185,Supplier,SKU_E,0
185,W1,SKU_A,0
185,W1,SKU_B,194
185,W1,SKU_C,0
185,W1,SKU_D,0
185,W1,SKU_E,0
185,W2,SKU_A,1609
185,W2,SKU_B,0
185,W2,SKU_C,0
185,W2,SKU_D,0
185,W2,SKU_E,699
185,R1,SKU_A,0
185,R1,SKU_B,0
185,R1,SKU_C,0
185,R1,SKU_D,0
185,R1,SKU_E,113
185,R2,SKU_A,0
185,R2,SKU_B,0
185,R2,SKU_C,0
185,R2,SKU_D,0
185,R2,SKU_E,0
185,R3,SKU_A,0
185,R3,SKU_B,0
185,R3,SKU_C,0
185,R3,SKU_D,0
185,R3,SKU_E,0
186,Supplier,SKU_A,0
186,Supplier,SKU_B,0
186,Supplier,SKU_C,0
186,Supplier,SKU_D,0
186,Supplier,SKU_E,0
186,W1,SKU_A,0
186,W1,SKU_B,0
186,W1,SKU_C,0
186,W1,SKU_D,0
186,W1,SKU_E,0
186,W2,SKU_A,0
186,W2,SKU_B,0
186,W2,SKU_C,0
186,W2,SKU_D,0
186,W2,SKU_E,0
186,R1,SKU_A,0
186,R1,SKU_B,131
186,R1,SKU_C,0
186,R1,SKU_D,0
186,R1,SKU_E,0
186,R2,SKU_A,539
186,R2,SKU_B,0
186,R2,SKU_C,0
186,R2,SKU_D,243
186,R2,SKU_E,0
186,R3,SKU_A,0
186,R3,SKU_B,126
186,R3,SKU_C,0
186,R3,SKU_D,0
186,R3,SKU_E,0
187,Supplier,SKU_A,0
187,Supplier,SKU_B,0
187,Supplier,SKU_C,0
187,Supplier,SKU_D,0
187,Supplier,SKU_E,0
187,W1,SKU_A,0
187,W1,SKU_B,0
187,W1,SKU_C,0
187,W1,SKU_D,0
187,W1,SKU_E,0
187,W2,SKU_A,0
187,W2,SKU_B,739
187,W2,SKU_C,0
187,W2,SKU_D,0
187,W2,SKU_E,0
187,R1,SKU_A,0
187,R1,SKU_B,92
187,R1,SKU_C,0
187,R1,SKU_D,0
187,R1,SKU_E,90
187,R2,SKU_A,0
187,R2,SKU_B,0
187,R2,SKU_C,0
187,R2,SKU_D,0
187,R2,SKU_E,143
187,R3,SKU_A,0
187,R3,SKU_B,0
187,R3,SKU_C,375
187,R3,SKU_D,0
187,R3,SKU_E,0
188,Supplier,SKU_A,0
188,Supplier,SKU_B,0
188,Supplier,SKU_C,0
188,Supplier,SKU_D,0
188,Supplier,SKU_E,0
188,W1,SKU_A,0
188,W1,SKU_B,223
188,W1,SKU_C,0
188,W1,SKU_D,0
188,W1,SKU_E,484
188,W2,SKU_A,0
188,W2,SKU_B,0
188,W2,SKU_C,0
188,W2,SKU_D,0
188,W2,SKU_E,0
188,R1,SKU_A,956
188,R1,SKU_B,118
188,R1,SKU_C,582
188,R1,SKU_D,0
188,R1,SKU_E,0
188,R2,SKU_A,0
188,R2,SKU_B,226
188,R2,SKU_C,402
188,R2,SKU_D,0
188,R2,SKU_E,0
188,R3,SKU_A,835
188,R3,SKU_B,143
188,R3,SKU_C,0
188,R3,SKU_D,1319
188,R3,SKU_E,0
189,Supplier,SKU_A,0
189,Supplier,SKU_B,0
189,Supplier,SKU_C,0
189,Supplier,SKU_D,0
189,Supplier,SKU_E,0
189,W1,SKU_A,2472
189,W1,SKU_B,344
189,W1,SKU_C,1438
189,W1,SKU_D,0
189,W1,SKU_E,0
189,W2,SKU_A,0
189,W2,SKU_B,0
189,W2,SKU_C,0
189,W2,SKU_D,1319
189,W2,SKU_E,0
189,R1,SKU_A,0
189,R1,SKU_B,91
189,R1,SKU_C,0
189,R1,SKU_D,482
189,R1,SKU_E,121
189,R2,SKU_A,0
189,R2,SKU_B,0
189,R2,SKU_C,0
189,R2,SKU_D,203
189,R2,SKU_E,0
189,R3,SKU_A,0
189,R3,SKU_B,0
189,R3,SKU_C,0
189,R3,SKU_D,0
189,R3,SKU_E,0
190,Supplier,SKU_A,0
190,Supplier,SKU_B,0
190,Supplier,SKU_C,0
190,Supplier,SKU_D,0
190,Supplier,SKU_E,0
190,W1,SKU_A,0
190,W1,SKU_B,0
190,W1,SKU_C,0
190,W1,SKU_D,0
190,W1,SKU_E,0
190,W2,SKU_A,0
190,W2,SKU_B,0
190,W2,SKU_C,0
190,W2,SKU_D,0
190,W2,SKU_E,0
190,R1,SKU_A,0
190,R1,SKU_B,0
190,R1,SKU_C,0
190,R1,SKU_D,0
190,R1,SKU_E,0
190,R2,SKU_A,491
190,R2,SKU_B,0
190,R2,SKU_C,0
190,R2,SKU_D,0
190,R2,SKU_E,166
190,R3,SKU_A,0
190,R3,SKU_B,106
190,R3,SKU_C,0
190,R3,SKU_D,0
190,R3,SKU_E,0
191,Supplier,SKU_A,0
191,Supplier,SKU_B,0
191,Supplier,SKU_C,0
191,Supplier,SKU_D,0
191,Supplier,SKU_E,0
191,W1,SKU_A,0
191,W1,SKU_B,0
191,W1,SKU_C,0
191,W1,SKU_D,0
191,W1,SKU_E,0
191,W2,SKU_A,0
191,W2,SKU_B,0
191,W2,SKU_C,0
191,W2,SKU_D,0
191,W2,SKU_E,0
191,R1,SKU_A,0
191,R1,SKU_B,98
191,R1,SKU_C,0
191,R1,SKU_D,0
191,R1,SKU_E,91
191,R2,SKU_A,0
191,R2,SKU_B,0
191,R2,SKU_C,0
191,R2,SKU_D,0
191,R2,SKU_E,0
191,R3,SKU_A,0
191,R3,SKU_B,0
191,R3,SKU_C,339
191,R3,SKU_D,0
191,R3,SKU_E,0
192,Supplier,SKU_A,0
192,Supplier,SKU_B,0
192,Supplier,SKU_C,0
192,Supplier,SKU_D,0
192,Supplier,SKU_E,0
192,W1,SKU_A,0
192,W1,SKU_B,0
192,W1,SKU_C,0
192,W1,SKU_D,0
192,W1,SKU_E,0
192,W2,SKU_A,0
192,W2,SKU_B,0
192,W2,SKU_C,0
192,W2,SKU_D,0
192,W2,SKU_E,0
192,R1,SKU_A,0
192,R1,SKU_B,0
192,R1,SKU_C,0
192,R1,SKU_D,0
192,R1,SKU_E,0
192,R2,SKU_A,0
192,R2,SKU_B,181
192,R2,SKU_C,0
192,R2,SKU_D,0
192,R2,SKU_E,0
192,R3,SKU_A,700
192,R3,SKU_B,96
192,R3,SKU_C,0
192,R3,SKU_D,0
192,R3,SKU_E,663
193,Supplier,SKU_A,0
193,Supplier,SKU_B,0
193,Supplier,SKU_C,0
193,Supplier,SKU_D,0
193,Supplier,SKU_E,0
193,W1,SKU_A,0
193,W1,SKU_B,370
193,W1,SKU_C,0
193,W1,SKU_D,0
193,W1,SKU_E,0
193,W2,SKU_A,1535
193,W2,SKU_B,0
193,W2,SKU_C,0
193,W2,SKU_D,0
193,W2,SKU_E,663
193,R1,SKU_A,0
193,R1,SKU_B,113
193,R1,SKU_C,0
193,R1,SKU_D,0
193,R1,SKU_E,0
193,R2,SKU_A,0
193,R2,SKU_B,0
193,R2,SKU_C,0
193,R2,SKU_D,198
193,R2,SKU_E,148
193,R3,SKU_A,0
193,R3,SKU_B,0
193,R3,SKU_C,0
193,R3,SKU_D,0
193,R3,SKU_E,0
194,Supplier,SKU_A,0
194,Supplier,SKU_B,0
194,Supplier,SKU_C,0
194,Supplier,SKU_D,0
194,Supplier,SKU_E,0
194,W1,SKU_A,0
194,W1,SKU_B,0
194,W1,SKU_C,0
194,W1,SKU_D,1570
194,W1,SKU_E,526
194,W2,SKU_A,0
194,W2,SKU_B,0
194,W2,SKU_C,0
194,W2,SKU_D,0
194,W2,SKU_E,0
194,R1,SKU_A,0
194,R1,SKU_B,0
194,R1,SKU_C,464
194,R1,SKU_D,0
194,R1,SKU_E,117
194,R2,SKU_A,0
194,R2,SKU_B,0
194,R2,SKU_C,0
194,R2,SKU_D,0
194,R2,SKU_E,0
194,R3,SKU_A,0
194,R3,SKU_B,112
194,R3,SKU_C,0
194,R3,SKU_D,0
194,R3,SKU_E,0
195,Supplier,SKU_A,0
195,Supplier,SKU_B,0
195,Supplier,SKU_C,0
195,Supplier,SKU_D,0
195,Supplier,SKU_E,0
195,W1,SKU_A,0
195,W1,SKU_B,0
195,W1,SKU_C,0
195,W1,SKU_D,0
195,W1,SKU_E,0
195,W2,SKU_A,0
195,W2,SKU_B,0
195,W2,SKU_C,0
195,W2,SKU_D,0
195,W2,SKU_E,0
195,R1,SKU_A,1023
195,R1,SKU_B,153
195,R1,SKU_C,0
195,R1,SKU_D,0
195,R1,SKU_E,0
195,R2,SKU_A,466
195,R2,SKU_B,0
195,R2,SKU_C,356
195,R2,SKU_D,0
195,R2,SKU_E,0
195,R3,SKU_A,0
195,R3,SKU_B,0
195,R3,SKU_C,399
195,R3,SKU_D,0
195,R3,SKU_E,0
196,Supplier,SKU_A,0
196,Supplier,SKU_B,0
196,Supplier,SKU_C,0
196,Supplier,SKU_D,0
196,Supplier,SKU_E,0
196,W1,SKU_A,1980
196,W1,SKU_B,266
196,W1,SKU_C,820
196,W1,SKU_D,0
196,W1,SKU_E,0
196,W2,SKU_A,0
196,W2,SKU_B,0
196,W2,SKU_C,0
196,W2,SKU_D,0
196,W2,SKU_E,0
196,R1,SKU_A,0
196,R1,SKU_B,0
196,R1,SKU_C,0
196,R1,SKU_D,413
196,R1,SKU_E,119
196,R2,SKU_A,0
196,R2,SKU_B,208
196,R2,SKU_C,0
196,R2,SKU_D,0
196,R2,SKU_E,155
196,R3,SKU_A,776
196,R3,SKU_B,128
196,R3,SKU_C,0
196,R3,SKU_D,0
196,R3,SKU_E,0
197,Supplier,SKU_A,0
197,Supplier,SKU_B,0
197,Supplier,SKU_C,0
197,Supplier,SKU_D,0
197,Supplier,SKU_E,0
197,W1,SKU_A,0
197,W1,SKU_B,208
197,W1,SKU_C,0
197,W1,SKU_D,0
197,W1,SKU_E,0
197,W2,SKU_A,0
197,W2,SKU_B,0
197,W2,SKU_C,0
197,W2,SKU_D,0
197,W2,SKU_E,0
197,R1,SKU_A,0
197,R1,SKU_B,119
197,R1,SKU_C,0
197,R1,SKU_D,0
197,R1,SKU_E,0
197,R2,SKU_A,0
197,R2,SKU_B,0
197,R2,SKU_C,0
197,R2,SKU_D,227
197,R2,SKU_E,0
197,R3,SKU_A,0
197,R3,SKU_B,0
197,R3,SKU_C,0
197,R3,SKU_D,0
197,R3,SKU_E,0
198,Supplier,SKU_A,0
198,Supplier,SKU_B,0
198,Supplier,SKU_C,0
198,Supplier,SKU_D,0
198,Supplier,SKU_E,0
198,W1,SKU_A,0
198,W1,SKU_B,0
198,W1,SKU_C,0
198,W1,SKU_D,0
198,W1,SKU_E,0
198,W2,SKU_A,0
198,W2,SKU_B,0
198,W2,SKU_C,0
198,W2,SKU_D,0
198,W2,SKU_E,0
198,R1,SKU_A,0
198,R1,SKU_B,0
198,R1,SKU_C,437
198,R1,SKU_D,0
198,R1,SKU_E,84
198,R2,SKU_A,0
198,R2,SKU_B,0
198,R2,SKU_C,0
198,R2,SKU_D,0
198,R2,SKU_E,0
198,R3,SKU_A,0
198,R3,SKU_B,0
198,R3,SKU_C,0
198,R3,SKU_D,0
198,R3,SKU_E,0
199,Supplier,SKU_A,0
199,Supplier,SKU_B,0
199,Supplier,SKU_C,0
199,Supplier,SKU_D,0
199,Supplier,SKU_E,0
199,W1,SKU_A,0
199,W1,SKU_B,0
199,W1,SKU_C,0
199,W1,SKU_D,0
199,W1,SKU_E,475
199,W2,SKU_A,0
199,W2,SKU_B,0
199,W2,SKU_C,0
199,W2,SKU_D,0
199,W2,SKU_E,0
199,R1,SKU_A,0
199,R1,SKU_B,103
199,R1,SKU_C,0
199,R1,SKU_D,0
199,R1,SKU_E,0
199,R2,SKU_A,0
199,R2,SKU_B,0
199,R2,SKU_C,0
199,R2,SKU_D,0
199,R2,SKU_E,160
199,R3,SKU_A,0
199,R3,SKU_B,133
199,R3,SKU_C,374
199,R3,SKU_D,0
199,R3,SKU_E,0
200,Supplier,SKU_A,0
200,Supplier,SKU_B,0
200,Supplier,SKU_C,0
200,Supplier,SKU_D,0
200,Supplier,SKU_E,0
200,W1,SKU_A,0
200,W1,SKU_B,222
200,W1,SKU_C,0
200,W1,SKU_D,0
200,W1,SKU_E,0
200,W2,SKU_A,0
200,W2,SKU_B,718
200,W2,SKU_C,0
200,W2,SKU_D,0
200,W2,SKU_E,0
200,R1,SKU_A,0
200,R1,SKU_B,0
200,R1,SKU_C,0
200,R1,SKU_D,0
200,R1,SKU_E,0
200,R2,SKU_A,493
200,R2,SKU_B,0
200,R2,SKU_C,0
200,R2,SKU_D,0
200,R2,SKU_E,0
200,R3,SKU_A,0
200,R3,SKU_B,0
200,R3,SKU_C,0
200,R3,SKU_D,0
200,R3,SKU_E,706
201,Supplier,SKU_A,0
201,Supplier,SKU_B,0
201,Supplier,SKU_C,0
201,Supplier,SKU_D,0
201,Supplier,SKU_E,0
201,W1,SKU_A,0
201,W1,SKU_B,0
201,W1,SKU_C,0
201,W1,SKU_D,0
201,W1,SKU_E,0
201,W2,SKU_A,0
201,W2,SKU_B,0
201,W2,SKU_C,0
201,W2,SKU_D,0
201,W2,SKU_E,706
201,R1,SKU_A,0
201,R1,SKU_B,91
201,R1,SKU_C,0
201,R1,SKU_D,0
201,R1,SKU_E,129
201,R2,SKU_A,0
201,R2,SKU_B,213
201,R2,SKU_C,0
201,R2,SKU_D,192
201,R2,SKU_E,0
201,R3,SKU_A,893
201,R3,SKU_B,91
201,R3,SKU_C,0
201,R3,SKU_D,0
201,R3,SKU_E,0
202,Supplier,SKU_A,0
202,Supplier,SKU_B,0
202,Supplier,SKU_C,0
202,Supplier,SKU_D,0
202,Supplier,SKU_E,0
202,W1,SKU_A,0
202,W1,SKU_B,304
202,W1,SKU_C,0
202,W1,SKU_D,0
202,W1,SKU_E,0
202,W2,SKU_A,1669
202,W2,SKU_B,0
202,W2,SKU_C,0
202,W2,SKU_D,0
202,W2,SKU_E,0
202,R1,SKU_A,1073
202,R1,SKU_B,104
202,R1,SKU_C,0
202,R1,SKU_D,0
202,R1,SKU_E,0
202,R2,SKU_A,0
202,R2,SKU_B,0
202,R2,SKU_C,348
202,R2,SKU_D,0
202,R2,SKU_E,131
202,R3,SKU_A,0
202,R3,SKU_B,90
202,R3,SKU_C,329
202,R3,SKU_D,0
202,R3,SKU_E,0
203,Supplier,SKU_A,0
203,Supplier,SKU_B,0
203,Supplier,SKU_C,0
203,Supplier,SKU_D,0
203,Supplier,SKU_E,0
203,W1,SKU_A,0
203,W1,SKU_B,0
203,W1,SKU_C,785
203,W1,SKU_D,0
203,W1,SKU_E,0
203,W2,SKU_A,0
203,W2,SKU_B,0
203,W2,SKU_C,2217
203,W2,SKU_D,0
203,W2,SKU_E,0
203,R1,SKU_A,0
203,R1,SKU_B,0
203,R1,SKU_C,547
203,R1,SKU_D,434
203,R1,SKU_E,131
203,R2,SKU_A,0
203,R2,SKU_B,0
203,R2,SKU_C,0
203,R2,SKU_D,0
203,R2,SKU_E,0
203,R3,SKU_A,0
203,R3,SKU_B,0
203,R3,SKU_C,0
203,R3,SKU_D,1354
203,R3,SKU_E,0
204,Supplier,SKU_A,0
204,Supplier,SKU_B,0
204,Supplier,SKU_C,0
204,Supplier,SKU_D,0
204,Supplier,SKU_E,0
204,W1,SKU_A,0
204,W1,SKU_B,0
204,W1,SKU_C,0
204,W1,SKU_D,0
204,W1,SKU_E,551
204,W2,SKU_A,0
204,W2,SKU_B,0
204,W2,SKU_C,0
204,W2,SKU_D,1354
204,W2,SKU_E,0
204,R1,SKU_A,0
204,R1,SKU_B,128
204,R1,SKU_C,0
204,R1,SKU_D,0
204,R1,SKU_E,0
204,R2,SKU_A,464
204,R2,SKU_B,0
204,R2,SKU_C,0
204,R2,SKU_D,0
204,R2,SKU_E,0
204,R3,SKU_A,0
204,R3,SKU_B,114
204,R3,SKU_C,0
204,R3,SKU_D,0
204,R3,SKU_E,0
205,Supplier,SKU_A,0
205,Supplier,SKU_B,0
205,Supplier,SKU_C,0
205,Supplier,SKU_D,0
205,Supplier,SKU_E,0
205,W1,SKU_A,2030
205,W1,SKU_B,232
205,W1,SKU_C,0
205,W1,SKU_D,0
205,W1,SKU_E,0
205,W2,SKU_A,0
205,W2,SKU_B,0
205,W2,SKU_C,0
205,W2,SKU_D,0
205,W2,SKU_E,0
205,R1,SKU_A,0
205,R1,SKU_B,0
205,R1,SKU_C,0
205,R1,SKU_D,0
205,R1,SKU_E,80
205,R2,SKU_A,0
205,R2,SKU_B,198
205,R2,SKU_C,0
205,R2,SKU_D,216
205,R2,SKU_E,143
205,R3,SKU_A,748
205,R3,SKU_B,0
205,R3,SKU_C,0
205,R3,SKU_D,0
205,R3,SKU_E,0
206,Supplier,SKU_A,0
206,Supplier,SKU_B,0
206,Supplier,SKU_C,0
206,Supplier,SKU_D,0
206,Supplier,SKU_E,0
206,W1,SKU_A,0
206,W1,SKU_B,198
206,W1,SKU_C,0
206,W1,SKU_D,1482
206,W1,SKU_E,0
206,W2,SKU_A,0
206,W2,SKU_B,0
206,W2,SKU_C,0
206,W2,SKU_D,0
206,W2,SKU_E,0
206,R1,SKU_A,0
206,R1,SKU_B,91
206,R1,SKU_C,0
206,R1,SKU_D,0
206,R1,SKU_E,0
206,R2,SKU_A,0
206,R2,SKU_B,0
206,R2,SKU_C,0
206,R2,SKU_D,0
206,R2,SKU_E,0
206,R3,SKU_A,0
206,R3,SKU_B,0
206,R3,SKU_C,332
206,R3,SKU_D,0
206,R3,SKU_E,0
207,Supplier,SKU_A,0
207,Supplier,SKU_B,0
207,Supplier,SKU_C,0
207,Supplier,SKU_D,0
207,Supplier,SKU_E,0
207,W1,SKU_A,0
207,W1,SKU_B,0
207,W1,SKU_C,0
207,W1,SKU_D,0
207,W1,SKU_E,0
207,W2,SKU_A,0
207,W2,SKU_B,0
207,W2,SKU_C,0
207,W2,SKU_D,0
207,W2,SKU_E,0
207,R1,SKU_A,0
207,R1,SKU_B,0
207,R1,SKU_C,0
207,R1,SKU_D,0
207,R1,SKU_E,81
207,R2,SKU_A,0
207,R2,SKU_B,0
207,R2,SKU_C,0
207,R2,SKU_D,0
207,R2,SKU_E,0
207,R3,SKU_A,0
207,R3,SKU_B,125
207,R3,SKU_C,0
207,R3,SKU_D,0
207,R3,SKU_E,0
208,Supplier,SKU_A,0
208,Supplier,SKU_B,0
208,Supplier,SKU_C,0
208,Supplier,SKU_D,0
208,Supplier,SKU_E,0
208,W1,SKU_A,0
208,W1,SKU_B,0
208,W1,SKU_C,0
208,W1,SKU_D,0
208,W1,SKU_E,0
208,W2,SKU_A,0
208,W2,SKU_B,0
208,W2,SKU_C,0
208,W2,SKU_D,0
208,W2,SKU_E,0
208,R1,SKU_A,0
208,R1,SKU_B,144
208,R1,SKU_C,0
208,R1,SKU_D,0
208,R1,SKU_E,0
208,R2,SKU_A,0
208,R2,SKU_B,0
208,R2,SKU_C,0
208,R2,SKU_D,0
208,R2,SKU_E,132
208,R3,SKU_A,0
208,R3,SKU_B,0
208,R3,SKU_C,0
208,R3,SKU_D,0
208,R3,SKU_E,690
209,Supplier,SKU_A,0
209,Supplier,SKU_B,0
209,Supplier,SKU_C,0
209,Supplier,SKU_D,0
209,Supplier,SKU_E,0
209,W1,SKU_A,0
209,W1,SKU_B,235
209,W1,SKU_C,0
209,W1,SKU_D,0
209,W1,SKU_E,0
209,W2,SKU_A,0
209,W2,SKU_B,0
209,W2,SKU_C,0
209,W2,SKU_D,0
209,W2,SKU_E,690
209,R1,SKU_A,1021
209,R1,SKU_B,121
209,R1,SKU_C,552
209,R1,SKU_D,0
209,R1,SKU_E,120
209,R2,SKU_A,488
209,R2,SKU_B,0
209,R2,SKU_C,0
209,R2,SKU_D,0
209,R2,SKU_E,0
209,R3,SKU_A,811
209,R3,SKU_B,111
209,R3,SKU_C,323
209,R3,SKU_D,0
209,R3,SKU_E,0
210,Supplier,SKU_A,0
210,Supplier,SKU_B,0
210,Supplier,SKU_C,0
210,Supplier,SKU_D,0
210,Supplier,SKU_E,0
210,W1,SKU_A,0
210,W1,SKU_B,0
210,W1,SKU_C,1099
210,W1,SKU_D,0
210,W1,SKU_E,556
210,W2,SKU_A,1559
210,W2,SKU_B,0
210,W2,SKU_C,0
210,W2,SKU_D,0
210,W2,SKU_E,0
210,R1,SKU_A,0
210,R1,SKU_B,91
210,R1,SKU_C,0
210,R1,SKU_D,449
210,R1,SKU_E,0
210,R2,SKU_A,0
210,R2,SKU_B,203
210,R2,SKU_C,378
210,R2,SKU_D,238
210,R2,SKU_E,0
210,R3,SKU_A,0
210,R3,SKU_B,0
210,R3,SKU_C,0
210,R3,SKU_D,0
210,R3,SKU_E,0
211,Supplier,SKU_A,0
211,Supplier,SKU_B,0
211,Supplier,SKU_C,0
211,Supplier,SKU_D,0
211,Supplier,SKU_E,0
211,W1,SKU_A,0
211,W1,SKU_B,415
211,W1,SKU_C,0
211,W1,SKU_D,0
211,W1,SKU_E,0
211,W2,SKU_A,0
211,W2,SKU_B,0
211,W2,SKU_C,0
211,W2,SKU_D,0
211,W2,SKU_E,0
211,R1,SKU_A,0
211,R1,SKU_B,0
211,R1,SKU_C,0
211,R1,SKU_D,0
211,R1,SKU_E,107
211,R2,SKU_A,0
211,R2,SKU_B,0
211,R2,SKU_C,0
211,R2,SKU_D,0
211,R2,SKU_E,0
211,R3,SKU_A,0
211,R3,SKU_B,104
211,R3,SKU_C,0
211,R3,SKU_D,0
211,R3,SKU_E,0
212,Supplier,SKU_A,0
212,Supplier,SKU_B,0
212,Supplier,SKU_C,0
212,Supplier,SKU_D,0
212,Supplier,SKU_E,0
212,W1,SKU_A,0
212,W1,SKU_B,0
212,W1,SKU_C,0
212,W1,SKU_D,0
212,W1,SKU_E,0
212,W2,SKU_A,0
212,W2,SKU_B,0
212,W2,SKU_C,0
212,W2,SKU_D,0
212,W2,SKU_E,0
212,R1,SKU_A,0
212,R1,SKU_B,110
212,R1,SKU_C,0
212,R1,SKU_D,0
212,R1,SKU_E,0
212,R2,SKU_A,0
212,R2,SKU_B,0
212,R2,SKU_C,0
212,R2,SKU_D,0
212,R2,SKU_E,175
212,R3,SKU_A,0
212,R3,SKU_B,0
212,R3,SKU_C,0
212,R3,SKU_D,0
212,R3,SKU_E,0
213,Supplier,SKU_A,0
213,Supplier,SKU_B,0
213,Supplier,SKU_C,0
213,Supplier,SKU_D,0
213,Supplier,SKU_E,0
213,W1,SKU_A,0
213,W1,SKU_B,0
213,W1,SKU_C,0
213,W1,SKU_D,0
213,W1,SKU_E,0
213,W2,SKU_A,0
213,W2,SKU_B,0
213,W2,SKU_C,0
213,W2,SKU_D,0
213,W2,SKU_E,0
213,R1,SKU_A,0
213,R1,SKU_B,0
213,R1,SKU_C,432
213,R1,SKU_D,0
213,R1,SKU_E,88
213,R2,SKU_A,0
213,R2,SKU_B,0
213,R2,SKU_C,0
213,R2,SKU_D,0
213,R2,SKU_E,0
213,R3,SKU_A,862
213,R3,SKU_B,133
213,R3,SKU_C,458
213,R3,SKU_D,0
213,R3,SKU_E,0
214,Supplier,SKU_A,0
214,Supplier,SKU_B,0
214,Supplier,SKU_C,0
214,Supplier,SKU_D,0
214,Supplier,SKU_E,0
214,W1,SKU_A,0
214,W1,SKU_B,0
214,W1,SKU_C,810
214,W1,SKU_D,0
214,W1,SKU_E,0
214,W2,SKU_A,0
214,W2,SKU_B,768
214,W2,SKU_C,0
214,W2,SKU_D,0
214,W2,SKU_E,0
214,R1,SKU_A,907
214,R1,SKU_B,169
214,R1,SKU_C,0
214,R1,SKU_D,0
214,R1,SKU_E,107
214,R2,SKU_A,563
214,R2,SKU_B,194
214,R2,SKU_C,0
214,R2,SKU_D,213
214,R2,SKU_E,0
214,R3,SKU_A,0
214,R3,SKU_B,0
214,R3,SKU_C,0
214,R3,SKU_D,0
214,R3,SKU_E,0
215,Supplier,SKU_A,0
215,Supplier,SKU_B,0
215,Supplier,SKU_C,0
215,Supplier,SKU_D,0
215,Supplier,SKU_E,0
215,W1,SKU_A,2979
215,W1,SKU_B,473
215,W1,SKU_C,0
215,W1,SKU_D,0
215,W1,SKU_E,477
215,W2,SKU_A,0
215,W2,SKU_B,0
215,W2,SKU_C,0
215,W2,SKU_D,0
215,W2,SKU_E,0
215,R1,SKU_A,0
215,R1,SKU_B,0
215,R1,SKU_C,0
215,R1,SKU_D,436
215,R1,SKU_E,79
215,R2,SKU_A,0
215,R2,SKU_B,0
215,R2,SKU_C,0
215,R2,SKU_D,0
215,R2,SKU_E,163
215,R3,SKU_A,0
215,R3,SKU_B,162
215,R3,SKU_C,332
215,R3,SKU_D,0
215,R3,SKU_E,668
216,Supplier,SKU_A,0
216,Supplier,SKU_B,0
216,Supplier,SKU_C,0
216,Supplier,SKU_D,0
216,Supplier,SKU_E,0
216,W1,SKU_A,0
216,W1,SKU_B,0
216,W1,SKU_C,0
216,W1,SKU_D,0
216,W1,SKU_E,0
216,W2,SKU_A,0
216,W2,SKU_B,0
216,W2,SKU_C,0
216,W2,SKU_D,0
216,W2,SKU_E,668
216,R1,SKU_A,0
216,R1,SKU_B,167
216,R1,SKU_C,0
216,R1,SKU_D,0
216,R1,SKU_E,0
216,R2,SKU_A,0
216,R2,SKU_B,0
216,R2,SKU_C,368
216,R2,SKU_D,0
216,R2,SKU_E,0
216,R3,SKU_A,779
216,R3,SKU_B,0
216,R3,SKU_C,0
216,R3,SKU_D,1352
216,R3,SKU_E,0
217,Supplier,SKU_A,0
217,Supplier,SKU_B,0
217,Supplier,SKU_C,0
217,Supplier,SKU_D,0
217,Supplier,SKU_E,0
217,W1,SKU_A,0
217,W1,SKU_B,0
217,W1,SKU_C,0
217,W1,SKU_D,0
217,W1,SKU_E,0
217,W2,SKU_A,1641
217,W2,SKU_B,0
217,W2,SKU_C,0
217,W2,SKU_D,1352
217,W2,SKU_E,0
217,R1,SKU_A,0
217,R1,SKU_B,0
217,R1,SKU_C,560
217,R1,SKU_D,0
217,R1,SKU_E,115
217,R2,SKU_A,0
217,R2,SKU_B,0
217,R2,SKU_C,0
217,R2,SKU_D,0
217,R2,SKU_E,0
217,R3,SKU_A,0
217,R3,SKU_B,109
217,R3,SKU_C,0
217,R3,SKU_D,0
217,R3,SKU_E,0
218,Supplier,SKU_A,0
218,Supplier,SKU_B,0
218,Supplier,SKU_C,0
218,Supplier,SKU_D,0
218,Supplier,SKU_E,0
218,W1,SKU_A,0
218,W1,SKU_B,0
218,W1,SKU_C,928
218,W1,SKU_D,0
218,W1,SKU_E,0
218,W2,SKU_A,0
218,W2,SKU_B,0
218,W2,SKU_C,0
218,W2,SKU_D,0
218,W2,SKU_E,0
218,R1,SKU_A,0
218,R1,SKU_B,110
218,R1,SKU_C,0
218,R1,SKU_D,0
218,R1,SKU_E,0
218,R2,SKU_A,0
218,R2,SKU_B,186
218,R2,SKU_C,0
218,R2,SKU_D,0
218,R2,SKU_E,0
218,R3,SKU_A,0
218,R3,SKU_B,0
218,R3,SKU_C,0
218,R3,SKU_D,0
218,R3,SKU_E,0
219,Supplier,SKU_A,0
219,Supplier,SKU_B,0
219,Supplier,SKU_C,0
219,Supplier,SKU_D,0
219,Supplier,SKU_E,0
219,W1,SKU_A,0
219,W1,SKU_B,463
219,W1,SKU_C,0
219,W1,SKU_D,0
219,W1,SKU_E,0
219,W2,SKU_A,0
219,W2,SKU_B,0
219,W2,SKU_C,0
219,W2,SKU_D,0
219,W2,SKU_E,0
219,R1,SKU_A,0
219,R1,SKU_B,0
219,R1,SKU_C,0
219,R1,SKU_D,0
219,R1,SKU_E,81
219,R2,SKU_A,485
219,R2,SKU_B,0
219,R2,SKU_C,0
219,R2,SKU_D,213
219,R2,SKU_E,142
219,R3,SKU_A,0
219,R3,SKU_B,89
219,R3,SKU_C,353
219,R3,SKU_D,0
219,R3,SKU_E,0
220,Supplier,SKU_A,0
220,Supplier,SKU_B,0
220,Supplier,SKU_C,0
220,Supplier,SKU_D,0
220,Supplier,SKU_E,0
220,W1,SKU_A,0
220,W1,SKU_B,0
220,W1,SKU_C,0
220,W1,SKU_D,1549
220,W1,SKU_E,580
220,W2,SKU_A,0
220,W2,SKU_B,0
220,W2,SKU_C,0
220,W2,SKU_D,0
220,W2,SKU_E,0
220,R1,SKU_A,997
220,R1,SKU_B,92
220,R1,SKU_C,0
220,R1,SKU_D,0
220,R1,SKU_E,0
220,R2,SKU_A,0
220,R2,SKU_B,0
220,R2,SKU_C,0
220,R2,SKU_D,0
220,R2,SKU_E,0
220,R3,SKU_A,0
220,R3,SKU_B,0
220,R3,SKU_C,0
220,R3,SKU_D,0
220,R3,SKU_E,0
221,Supplier,SKU_A,0
221,Supplier,SKU_B,0
221,Supplier,SKU_C,0
221,Supplier,SKU_D,0
221,Supplier,SKU_E,0
221,W1,SKU_A,0
221,W1,SKU_B,0
221,W1,SKU_C,0
221,W1,SKU_D,0
221,W1,SKU_E,0
221,W2,SKU_A,0
221,W2,SKU_B,0
221,W2,SKU_C,0
221,W2,SKU_D,0
221,W2,SKU_E,0
221,R1,SKU_A,0
221,R1,SKU_B,0
221,R1,SKU_C,0
221,R1,SKU_D,0
221,R1,SKU_E,0
221,R2,SKU_A,0
221,R2,SKU_B,0
221,R2,SKU_C,0
221,R2,SKU_D,0
221,R2,SKU_E,0
221,R3,SKU_A,890
221,R3,SKU_B,107
221,R3,SKU_C,0
221,R3,SKU_D,0
221,R3,SKU_E,0
222,Supplier,SKU_A,0
222,Supplier,SKU_B,0
222,Supplier,SKU_C,0
222,Supplier,SKU_D,0
222,Supplier,SKU_E,0
222,W1,SKU_A,0
222,W1,SKU_B,0
222,W1,SKU_C,0
222,W1,SKU_D,0
222,W1,SKU_E,0
222,W2,SKU_A,0
222,W2,SKU_B,0
222,W2,SKU_C,0
222,W2,SKU_D,0
222,W2,SKU_E,0
222,R1,SKU_A,0
222,R1,SKU_B,106
222,R1,SKU_C,472
222,R1,SKU_D,455
222,R1,SKU_E,135
222,R2,SKU_A,0
222,R2,SKU_B,0
222,R2,SKU_C,0
222,R2,SKU_D,0
222,R2,SKU_E,139
222,R3,SKU_A,0
222,R3,SKU_B,0
222,R3,SKU_C,0
222,R3,SKU_D,0
222,R3,SKU_E,0
223,Supplier,SKU_A,0
223,Supplier,SKU_B,0
223,Supplier,SKU_C,0
223,Supplier,SKU_D,0
223,Supplier,SKU_E,0
223,W1,SKU_A,0
223,W1,SKU_B,198
223,W1,SKU_C,0
223,W1,SKU_D,0
223,W1,SKU_E,0
223,W2,SKU_A,0
223,W2,SKU_B,0
223,W2,SKU_C,0
223,W2,SKU_D,0
223,W2,SKU_E,0
223,R1,SKU_A,0
223,R1,SKU_B,101
223,R1,SKU_C,0
223,R1,SKU_D,0
223,R1,SKU_E,81
223,R2,SKU_A,0
223,R2,SKU_B,232
223,R2,SKU_C,0
223,R2,SKU_D,215
223,R2,SKU_E,0
223,R3,SKU_A,0
223,R3,SKU_B,118
223,R3,SKU_C,472
223,R3,SKU_D,0
223,R3,SKU_E,699
224,Supplier,SKU_A,0
224,Supplier,SKU_B,0
224,Supplier,SKU_C,0
224,Supplier,SKU_D,0
224,Supplier,SKU_E,0
224,W1,SKU_A,0
224,W1,SKU_B,333
224,W1,SKU_C,0
224,W1,SKU_D,0
224,W1,SKU_E,0
224,W2,SKU_A,0
224,W2,SKU_B,0
224,W2,SKU_C,2270
224,W2,SKU_D,0
224,W2,SKU_E,699
224,R1,SKU_A,0
224,R1,SKU_B,0
224,R1,SKU_C,0
224,R1,SKU_D,0
224,R1,SKU_E,0
224,R2,SKU_A,537
224,R2,SKU_B,0
224,R2,SKU_C,386
224,R2,SKU_D,0
224,R2,SKU_E,136
224,R3,SKU_A,787
224,R3,SKU_B,0
224,R3,SKU_C,0
224,R3,SKU_D,0
224,R3,SKU_E,0
225,Supplier,SKU_A,0
225,Supplier,SKU_B,0
225,Supplier,SKU_C,0
225,Supplier,SKU_D,0
225,Supplier,SKU_E,0
225,W1,SKU_A,2019
225,W1,SKU_B,0
225,W1,SKU_C,858
225,W1,SKU_D,0
225,W1,SKU_E,491
225,W2,SKU_A,1677
225,W2,SKU_B,0
225,W2,SKU_C,0
225,W2,SKU_D,0
225,W2,SKU_E,0
225,R1,SKU_A,0
225,R1,SKU_B,119
225,R1,SKU_C,0
225,R1,SKU_D,0
225,R1,SKU_E,99
225,R2,SKU_A,0
225,R2,SKU_B,0
225,R2,SKU_C,0
225,R2,SKU_D,0
225,R2,SKU_E,0
225,R3,SKU_A,0
225,R3,SKU_B,113
225,R3,SKU_C,0
225,R3,SKU_D,0
225,R3,SKU_E,0
226,Supplier,SKU_A,0
226,Supplier,SKU_B,0
226,Supplier,SKU_C,0
226,Supplier,SKU_D,0
226,Supplier,SKU_E,0
226,W1,SKU_A,0
226,W1,SKU_B,0
226,W1,SKU_C,0
226,W1,SKU_D,0
226,W1,SKU_E,0
226,W2,SKU_A,0
226,W2,SKU_B,0
226,W2,SKU_C,0
226,W2,SKU_D,0
226,W2,SKU_E,0
226,R1,SKU_A,1027
226,R1,SKU_B,0
226,R1,SKU_C,489
226,R1,SKU_D,0
226,R1,SKU_E,0
226,R2,SKU_A,0
226,R2,SKU_B,0
226,R2,SKU_C,0
226,R2,SKU_D,0
226,R2,SKU_E,0
226,R3,SKU_A,0
226,R3,SKU_B,0
226,R3,SKU_C,351
226,R3,SKU_D,0
226,R3,SKU_E,0
227,Supplier,SKU_A,0
227,Supplier,SKU_B,0
227,Supplier,SKU_C,0
227,Supplier,SKU_D,0
227,Supplier,SKU_E,0
227,W1,SKU_A,0
227,W1,SKU_B,0
227,W1,SKU_C,0
227,W1,SKU_D,0
227,W1,SKU_E,0
227,W2,SKU_A,0
227,W2,SKU_B,0
227,W2,SKU_C,0
227,W2,SKU_D,0
227,W2,SKU_E,0
227,R1,SKU_A,0
227,R1,SKU_B,90
227,R1,SKU_C,0
227,R1,SKU_D,0
227,R1,SKU_E,0
227,R2,SKU_A,0
227,R2,SKU_B,183
227,R2,SKU_C,0
227,R2,SKU_D,215
227,R2,SKU_E,153
227,R3,SKU_A,0
227,R3,SKU_B,90
227,R3,SKU_C,0
227,R3,SKU_D,0
227,R3,SKU_E,0
228,Supplier,SKU_A,0
228,Supplier,SKU_B,0
228,Supplier,SKU_C,0
228,Supplier,SKU_D,0
228,Supplier,SKU_E,0
228,W1,SKU_A,0
228,W1,SKU_B,392
228,W1,SKU_C,0
228,W1,SKU_D,0
228,W1,SKU_E,0
228,W2,SKU_A,0
228,W2,SKU_B,788
228,W2,SKU_C,0
228,W2,SKU_D,0
228,W2,SKU_E,0
228,R1,SKU_A,0
228,R1,SKU_B,0
228,R1,SKU_C,0
228,R1,SKU_D,0
228,R1,SKU_E,102
228,R2,SKU_A,0
228,R2,SKU_B,0
228,R2,SKU_C,0
228,R2,SKU_D,0
228,R2,SKU_E,0
228,R3,SKU_A,732
228,R3,SKU_B,0
228,R3,SKU_C,0
228,R3,SKU_D,0
228,R3,SKU_E,0
229,Supplier,SKU_A,0
229,Supplier,SKU_B,0
229,Supplier,SKU_C,0
229,Supplier,SKU_D,0
229,Supplier,SKU_E,0
229,W1,SKU_A,0
229,W1,SKU_B,0
229,W1,SKU_C,0
229,W1,SKU_D,0
229,W1,SKU_E,0
229,W2,SKU_A,0
229,W2,SKU_B,0
229,W2,SKU_C,0
229,W2,SKU_D,0
229,W2,SKU_E,0
229,R1,SKU_A,0
229,R1,SKU_B,114
229,R1,SKU_C,0
229,R1,SKU_D,447
229,R1,SKU_E,0
229,R2,SKU_A,476
229,R2,SKU_B,0
229,R2,SKU_C,0
229,R2,SKU_D,0
229,R2,SKU_E,0
229,R3,SKU_A,0
229,R3,SKU_B,0
229,R3,SKU_C,0
229,R3,SKU_D,0
229,R3,SKU_E,0
230,Supplier,SKU_A,0
230,Supplier,SKU_B,0
230,Supplier,SKU_C,0
230,Supplier,SKU_D,0
230,Supplier,SKU_E,0
230,W1,SKU_A,0
230,W1,SKU_B,0
230,W1,SKU_C,0
230,W1,SKU_D,0
230,W1,SKU_E,0
230,W2,SKU_A,0
230,W2,SKU_B,0
230,W2,SKU_C,0
230,W2,SKU_D,0
230,W2,SKU_E,0
230,R1,SKU_A,0
230,R1,SKU_B,100
230,R1,SKU_C,0
230,R1,SKU_D,0
230,R1,SKU_E,114
230,R2,SKU_A,0
230,R2,SKU_B,0
230,R2,SKU_C,0
230,R2,SKU_D,0
230,R2,SKU_E,0
230,R3,SKU_A,0
230,R3,SKU_B,154
230,R3,SKU_C,453
230,R3,SKU_D,1425
230,R3,SKU_E,0
231,Supplier,SKU_A,0
231,Supplier,SKU_B,0
231,Supplier,SKU_C,0
231,Supplier,SKU_D,0
231,Supplier,SKU_E,0
231,W1,SKU_A,0
231,W1,SKU_B,214
231,W1,SKU_C,0
231,W1,SKU_D,0
231,W1,SKU_E,468
231,W2,SKU_A,0
231,W2,SKU_B,0
231,W2,SKU_C,0
231,W2,SKU_D,1425
231,W2,SKU_E,0
231,R1,SKU_A,0
231,R1,SKU_B,0
231,R1,SKU_C,540
231,R1,SKU_D,0
231,R1,SKU_E,0
231,R2,SKU_A,0
231,R2,SKU_B,0
231,R2,SKU_C,368
231,R2,SKU_D,226
231,R2,SKU_E,175
231,R3,SKU_A,782
231,R3,SKU_B,0
231,R3,SKU_C,0
231,R3,SKU_D,0
231,R3,SKU_E,704
232,Supplier,SKU_A,0
232,Supplier,SKU_B,0
232,Supplier,SKU_C,0
232,Supplier,SKU_D,0
232,Supplier,SKU_E,0
232,W1,SKU_A,0
232,W1,SKU_B,0
232,W1,SKU_C,1397
232,W1,SKU_D,1558
232,W1,SKU_E,0
232,W2,SKU_A,1514
232,W2,SKU_B,0
232,W2,SKU_C,0
232,W2,SKU_D,0
232,W2,SKU_E,704
232,R1,SKU_A,986
232,R1,SKU_B,113
232,R1,SKU_C,0
232,R1,SKU_D,0
232,R1,SKU_E,110
232,R2,SKU_A,0
232,R2,SKU_B,225
232,R2,SKU_C,0
232,R2,SKU_D,0
232,R2,SKU_E,0
232,R3,SKU_A,0
232,R3,SKU_B,109
232,R3,SKU_C,0
232,R3,SKU_D,0
232,R3,SKU_E,0
233,Supplier,SKU_A,0
233,Supplier,SKU_B,0
233,Supplier,SKU_C,0
233,Supplier,SKU_D,0
233,Supplier,SKU_E,0
233,W1,SKU_A,2489
233,W1,SKU_B,338
233,W1,SKU_C,0
233,W1,SKU_D,0
233,W1,SKU_E,0
233,W2,SKU_A,0
233,W2,SKU_B,0
233,W2,SKU_C,0
233,W2,SKU_D,0
233,W2,SKU_E,0
233,R1,SKU_A,0
233,R1,SKU_B,0
233,R1,SKU_C,0
233,R1,SKU_D,0
233,R1,SKU_E,0
233,R2,SKU_A,459
233,R2,SKU_B,0
233,R2,SKU_C,0
233,R2,SKU_D,0
233,R2,SKU_E,0
233,R3,SKU_A,0
233,R3,SKU_B,0
233,R3,SKU_C,333
233,R3,SKU_D,0
233,R3,SKU_E,0
234,Supplier,SKU_A,0
234,Supplier,SKU_B,0
234,Supplier,SKU_C,0
234,Supplier,SKU_D,0
234,Supplier,SKU_E,0
234,W1,SKU_A,0
234,W1,SKU_B,0
234,W1,SKU_C,0
234,W1,SKU_D,0
234,W1,SKU_E,0
234,W2,SKU_A,0
234,W2,SKU_B,0
234,W2,SKU_C,0
234,W2,SKU_D,0
234,W2,SKU_E,0
234,R1,SKU_A,0
234,R1,SKU_B,110
234,R1,SKU_C,0
234,R1,SKU_D,0
234,R1,SKU_E,0
234,R2,SKU_A,0
234,R2,SKU_B,0
234,R2,SKU_C,0
234,R2,SKU_D,0
234,R2,SKU_E,153
234,R3,SKU_A,0
234,R3,SKU_B,0
234,R3,SKU_C,0
234,R3,SKU_D,0
234,R3,SKU_E,0
235,Supplier,SKU_A,0
235,Supplier,SKU_B,0
235,Supplier,SKU_C,0
235,Supplier,SKU_D,0
235,Supplier,SKU_E,0
235,W1,SKU_A,0
235,W1,SKU_B,0
235,W1,SKU_C,0
235,W1,SKU_D,0
235,W1,SKU_E,0
235,W2,SKU_A,0
235,W2,SKU_B,0
235,W2,SKU_C,0
235,W2,SKU_D,0
235,W2,SKU_E,0
235,R1,SKU_A,0
235,R1,SKU_B,0
235,R1,SKU_C,0
235,R1,SKU_D,449
235,R1,SKU_E,124
235,R2,SKU_A,0
235,R2,SKU_B,0
235,R2,SKU_C,0
235,R2,SKU_D,217
235,R2,SKU_E,0
235,R3,SKU_A,871
235,R3,SKU_B,132
235,R3,SKU_C,0
235,R3,SKU_D,0
235,R3,SKU_E,0
236,Supplier,SKU_A,0
236,Supplier,SKU_B,0
236,Supplier,SKU_C,0
236,Supplier,SKU_D,0
236,Supplier,SKU_E,0
236,W1,SKU_A,0
236,W1,SKU_B,0
236,W1,SKU_C,0
236,W1,SKU_D,0
236,W1,SKU_E,562
236,W2,SKU_A,0
236,W2,SKU_B,0
236,W2,SKU_C,0
236,W2,SKU_D,0
236,W2,SKU_E,0
236,R1,SKU_A,0
236,R1,SKU_B,143
236,R1,SKU_C,534
236,R1,SKU_D,0
236,R1,SKU_E,0
236,R2,SKU_A,0
236,R2,SKU_B,0
236,R2,SKU_C,0
236,R2,SKU_D,0
236,R2,SKU_E,0
236,R3,SKU_A,0
236,R3,SKU_B,0
236,R3,SKU_C,343
236,R3,SKU_D,0
236,R3,SKU_E,0
237,Supplier,SKU_A,0
237,Supplier,SKU_B,0
237,Supplier,SKU_C,0
237,Supplier,SKU_D,0
237,Supplier,SKU_E,0
237,W1,SKU_A,0
237,W1,SKU_B,253
237,W1,SKU_C,0
237,W1,SKU_D,0
237,W1,SKU_E,0
237,W2,SKU_A,0
237,W2,SKU_B,0
237,W2,SKU_C,0
237,W2,SKU_D,0
237,W2,SKU_E,0
237,R1,SKU_A,0
237,R1,SKU_B,120
237,R1,SKU_C,0
237,R1,SKU_D,0
237,R1,SKU_E,114
237,R2,SKU_A,0
237,R2,SKU_B,234
237,R2,SKU_C,0
237,R2,SKU_D,0
237,R2,SKU_E,159
237,R3,SKU_A,0
237,R3,SKU_B,144
237,R3,SKU_C,0
237,R3,SKU_D,0
237,R3,SKU_E,0
238,Supplier,SKU_A,0
238,Supplier,SKU_B,0
238,Supplier,SKU_C,0
238,Supplier,SKU_D,0
238,Supplier,SKU_E,0
238,W1,SKU_A,0
238,W1,SKU_B,354
238,W1,SKU_C,0
238,W1,SKU_D,0
238,W1,SKU_E,0
238,W2,SKU_A,0
238,W2,SKU_B,0
238,W2,SKU_C,0
238,W2,SKU_D,0
238,W2,SKU_E,0
238,R1,SKU_A,1044
238,R1,SKU_B,108
238,R1,SKU_C,0
238,R1,SKU_D,0
238,R1,SKU_E,86
238,R2,SKU_A,584
238,R2,SKU_B,0
238,R2,SKU_C,351
238,R2,SKU_D,0
238,R2,SKU_E,0
238,R3,SKU_A,769
238,R3,SKU_B,0
238,R3,SKU_C,321
238,R3,SKU_D,0
238,R3,SKU_E,697
239,Supplier,SKU_A,0
239,Supplier,SKU_B,0
239,Supplier,SKU_C,0
239,Supplier,SKU_D,0
239,Supplier,SKU_E,0
239,W1,SKU_A,2087
239,W1,SKU_B,0
239,W1,SKU_C,885
239,W1,SKU_D,0
239,W1,SKU_E,0
239,W2,SKU_A,1640
239,W2,SKU_B,0
239,W2,SKU_C,0
239,W2,SKU_D,0
239,W2,SKU_E,697
239,R1,SKU_A,0
239,R1,SKU_B,0
239,R1,SKU_C,447
239,R1,SKU_D,0
239,R1,SKU_E,0
239,R2,SKU_A,0
239,R2,SKU_B,0
239,R2,SKU_C,0
239,R2,SKU_D,0
239,R2,SKU_E,0
239,R3,SKU_A,0
239,R3,SKU_B,0
239,R3,SKU_C,0
239,R3,SKU_D,0
239,R3,SKU_E,0
240,Supplier,SKU_A,0
240,Supplier,SKU_B,0
240,Supplier,SKU_C,0
240,Supplier,SKU_D,0
240,Supplier,SKU_E,0
240,W1,SKU_A,0
240,W1,SKU_B,0
240,W1,SKU_C,0
240,W1,SKU_D,0
240,W1,SKU_E,0
240,W2,SKU_A,0
240,W2,SKU_B,0
240,W2,SKU_C,0
240,W2,SKU_D,0
240,W2,SKU_E,0
240,R1,SKU_A,0
240,R1,SKU_B,160
240,R1,SKU_C,0
240,R1,SKU_D,410
240,R1,SKU_E,126
240,R2,SKU_A,0
240,R2,SKU_B,0
240,R2,SKU_C,0
240,R2,SKU_D,240
240,R2,SKU_E,149
240,R3,SKU_A,0
240,R3,SKU_B,140
240,R3,SKU_C,0
240,R3,SKU_D,0
240,R3,SKU_E,0
241,Supplier,SKU_A,0
241,Supplier,SKU_B,0
241,Supplier,SKU_C,0
241,Supplier,SKU_D,0
241,Supplier,SKU_E,0
241,W1,SKU_A,0
241,W1,SKU_B,268
241,W1,SKU_C,0
241,W1,SKU_D,0
241,W1,SKU_E,634
241,W2,SKU_A,0
241,W2,SKU_B,0
241,W2,SKU_C,0
241,W2,SKU_D,0
241,W2,SKU_E,0
241,R1,SKU_A,0
241,R1,SKU_B,118
241,R1,SKU_C,0
241,R1,SKU_D,0
241,R1,SKU_E,0
241,R2,SKU_A,0
241,R2,SKU_B,208
241,R2,SKU_C,0
241,R2,SKU_D,0
241,R2,SKU_E,0
241,R3,SKU_A,799
241,R3,SKU_B,0
241,R3,SKU_C,383
241,R3,SKU_D,1408
241,R3,SKU_E,0
242,Supplier,SKU_A,0
242,Supplier,SKU_B,0
242,Supplier,SKU_C,0
242,Supplier,SKU_D,0
242,Supplier,SKU_E,0
242,W1,SKU_A,0
242,W1,SKU_B,326
242,W1,SKU_C,0
242,W1,SKU_D,0
242,W1,SKU_E,0
242,W2,SKU_A,0
242,W2,SKU_B,0
242,W2,SKU_C,2184
242,W2,SKU_D,1408
242,W2,SKU_E,0
242,R1,SKU_A,0
242,R1,SKU_B,102
242,R1,SKU_C,0
242,R1,SKU_D,0
242,R1,SKU_E,165
242,R2,SKU_A,460
242,R2,SKU_B,0
242,R2,SKU_C,0
242,R2,SKU_D,0
242,R2,SKU_E,0
242,R3,SKU_A,0
242,R3,SKU_B,144
242,R3,SKU_C,0
242,R3,SKU_D,0
242,R3,SKU_E,0
243,Supplier,SKU_A,0
243,Supplier,SKU_B,0
243,Supplier,SKU_C,0
243,Supplier,SKU_D,0
243,Supplier,SKU_E,0
243,W1,SKU_A,0
243,W1,SKU_B,0
243,W1,SKU_C,0
243,W1,SKU_D,0
243,W1,SKU_E,0
243,W2,SKU_A,0
243,W2,SKU_B,823
243,W2,SKU_C,0
243,W2,SKU_D,0
243,W2,SKU_E,0
243,R1,SKU_A,0
243,R1,SKU_B,0
243,R1,SKU_C,0
243,R1,SKU_D,0
243,R1,SKU_E,0
243,R2,SKU_A,0
243,R2,SKU_B,0
243,R2,SKU_C,0
243,R2,SKU_D,0
243,R2,SKU_E,0
243,R3,SKU_A,0
243,R3,SKU_B,0
243,R3,SKU_C,0
243,R3,SKU_D,0
243,R3,SKU_E,0
244,Supplier,SKU_A,0
244,Supplier,SKU_B,0
244,Supplier,SKU_C,0
244,Supplier,SKU_D,0
244,Supplier,SKU_E,0
244,W1,SKU_A,0
244,W1,SKU_B,0
244,W1,SKU_C,0
244,W1,SKU_D,0
244,W1,SKU_E,0
244,W2,SKU_A,0
244,W2,SKU_B,0
244,W2,SKU_C,0
244,W2,SKU_D,0
244,W2,SKU_E,0
244,R1,SKU_A,933
244,R1,SKU_B,0
244,R1,SKU_C,510
244,R1,SKU_D,0
244,R1,SKU_E,0
244,R2,SKU_A,0
244,R2,SKU_B,0
244,R2,SKU_C,0
244,R2,SKU_D,0
244,R2,SKU_E,159
244,R3,SKU_A,0
244,R3,SKU_B,0
244,R3,SKU_C,325
244,R3,SKU_D,0
244,R3,SKU_E,0
245,Supplier,SKU_A,0
245,Supplier,SKU_B,0
245,Supplier,SKU_C,0
245,Supplier,SKU_D,0
245,Supplier,SKU_E,0
245,W1,SKU_A,0
245,W1,SKU_B,0
245,W1,SKU_C,957
245,W1,SKU_D,0
245,W1,SKU_E,0
245,W2,SKU_A,0
245,W2,SKU_B,0
245,W2,SKU_C,0
245,W2,SKU_D,0
245,W2,SKU_E,0
245,R1,SKU_A,0
245,R1,SKU_B,141
245,R1,SKU_C,0
245,R1,SKU_D,0
245,R1,SKU_E,107
245,R2,SKU_A,0
245,R2,SKU_B,0
245,R2,SKU_C,0
245,R2,SKU_D,198
245,R2,SKU_E,0
245,R3,SKU_A,765
245,R3,SKU_B,87
245,R3,SKU_C,0
245,R3,SKU_D,0
245,R3,SKU_E,653
246,Supplier,SKU_A,0
246,Supplier,SKU_B,0
246,Supplier,SKU_C,0
246,Supplier,SKU_D,0
246,Supplier,SKU_E,0
246,W1,SKU_A,0
246,W1,SKU_B,243
246,W1,SKU_C,0
246,W1,SKU_D,1514
246,W1,SKU_E,0
246,W2,SKU_A,1564
246,W2,SKU_B,0
246,W2,SKU_C,0
246,W2,SKU_D,0
246,W2,SKU_E,653
246,R1,SKU_A,0
246,R1,SKU_B,0
246,R1,SKU_C,0
246,R1,SKU_D,0
246,R1,SKU_E,0
246,R2,SKU_A,0
246,R2,SKU_B,0
246,R2,SKU_C,0
246,R2,SKU_D,0
246,R2,SKU_E,0
246,R3,SKU_A,0
246,R3,SKU_B,0
246,R3,SKU_C,0
246,R3,SKU_D,0
246,R3,SKU_E,0
247,Supplier,SKU_A,0
247,Supplier,SKU_B,0
247,Supplier,SKU_C,0
247,Supplier,SKU_D,0
247,Supplier,SKU_E,0
247,W1,SKU_A,0
247,W1,SKU_B,0
247,W1,SKU_C,0
247,W1,SKU_D,0
247,W1,SKU_E,0
247,W2,SKU_A,0
247,W2,SKU_B,0
247,W2,SKU_C,0
247,W2,SKU_D,0
247,W2,SKU_E,0
247,R1,SKU_A,0
247,R1,SKU_B,103
247,R1,SKU_C,0
247,R1,SKU_D,406
247,R1,SKU_E,0
247,R2,SKU_A,0
247,R2,SKU_B,0
247,R2,SKU_C,0
247,R2,SKU_D,0
247,R2,SKU_E,0
247,R3,SKU_A,0
247,R3,SKU_B,89
247,R3,SKU_C,0
247,R3,SKU_D,0
247,R3,SKU_E,0
248,Supplier,SKU_A,0
248,Supplier,SKU_B,0
248,Supplier,SKU_C,0
248,Supplier,SKU_D,0
248,Supplier,SKU_E,0
248,W1,SKU_A,0
248,W1,SKU_B,0
248,W1,SKU_C,0
248,W1,SKU_D,0
248,W1,SKU_E,0
248,W2,SKU_A,0
248,W2,SKU_B,0
248,W2,SKU_C,0
248,W2,SKU_D,0
248,W2,SKU_E,0
248,R1,SKU_A,0
248,R1,SKU_B,0
248,R1,SKU_C,0
248,R1,SKU_D,0
248,R1,SKU_E,98
248,R2,SKU_A,0
248,R2,SKU_B,190
248,R2,SKU_C,375
248,R2,SKU_D,0
248,R2,SKU_E,0
248,R3,SKU_A,0
248,R3,SKU_B,0
248,R3,SKU_C,0
248,R3,SKU_D,0
248,R3,SKU_E,0
249,Supplier,SKU_A,0
249,Supplier,SKU_B,0
249,Supplier,SKU_C,0
249,Supplier,SKU_D,0
249,Supplier,SKU_E,0
249,W1,SKU_A,0
249,W1,SKU_B,293
249,W1,SKU_C,0
249,W1,SKU_D,0
249,W1,SKU_E,529
249,W2,SKU_A,0
249,W2,SKU_B,0
249,W2,SKU_C,0
249,W2,SKU_D,0
249,W2,SKU_E,0
249,R1,SKU_A,0
249,R1,SKU_B,110
249,R1,SKU_C,426
249,R1,SKU_D,0
249,R1,SKU_E,0
249,R2,SKU_A,479
249,R2,SKU_B,0
249,R2,SKU_C,0
249,R2,SKU_D,0
249,R2,SKU_E,170
249,R3,SKU_A,0
249,R3,SKU_B,88
249,R3,SKU_C,413
249,R3,SKU_D,0
249,R3,SKU_E,0
250,Supplier,SKU_A,0
250,Supplier,SKU_B,0
250,Supplier,SKU_C,0
250,Supplier,SKU_D,0
250,Supplier,SKU_E,0
250,W1,SKU_A,0
250,W1,SKU_B,0
250,W1,SKU_C,801
250,W1,SKU_D,0
250,W1,SKU_E,0
250,W2,SKU_A,0
250,W2,SKU_B,0
250,W2,SKU_C,0
250,W2,SKU_D,0
250,W2,SKU_E,0
250,R1,SKU_A,0
250,R1,SKU_B,0
250,R1,SKU_C,0
250,R1,SKU_D,0
250,R1,SKU_E,87
250,R2,SKU_A,0
250,R2,SKU_B,0
250,R2,SKU_C,0
250,R2,SKU_D,196
250,R2,SKU_E,0
250,R3,SKU_A,810
250,R3,SKU_B,0
250,R3,SKU_C,0
250,R3,SKU_D,0
250,R3,SKU_E,0
251,Supplier,SKU_A,0
251,Supplier,SKU_B,0
251,Supplier,SKU_C,0
251,Supplier,SKU_D,0
251,Supplier,SKU_E,0
251,W1,SKU_A,0
251,W1,SKU_B,0
251,W1,SKU_C,0
251,W1,SKU_D,0
251,W1,SKU_E,0
251,W2,SKU_A,0
251,W2,SKU_B,0
251,W2,SKU_C,0
251,W2,SKU_D,0
251,W2,SKU_E,0
251,R1,SKU_A,0
251,R1,SKU_B,135
251,R1,SKU_C,0
251,R1,SKU_D,0
251,R1,SKU_E,0
251,R2,SKU_A,0
251,R2,SKU_B,0
251,R2,SKU_C,0
251,R2,SKU_D,0
251,R2,SKU_E,0
251,R3,SKU_A,0
251,R3,SKU_B,97
251,R3,SKU_C,0
251,R3,SKU_D,0
251,R3,SKU_E,0
252,Supplier,SKU_A,0
252,Supplier,SKU_B,0
252,Supplier,SKU_C,0
252,Supplier,SKU_D,0
252,Supplier,SKU_E,0
252,W1,SKU_A,0
252,W1,SKU_B,245
252,W1,SKU_C,0
252,W1,SKU_D,0
252,W1,SKU_E,0
252,W2,SKU_A,0
252,W2,SKU_B,0
252,W2,SKU_C,0
252,W2,SKU_D,0
252,W2,SKU_E,0
252,R1,SKU_A,1008
252,R1,SKU_B,0
252,R1,SKU_C,0
252,R1,SKU_D,0
252,R1,SKU_E,96
252,R2,SKU_A,0
252,R2,SKU_B,210
252,R2,SKU_C,0
252,R2,SKU_D,0
252,R2,SKU_E,0
252,R3,SKU_A,0
252,R3,SKU_B,0
252,R3,SKU_C,0
252,R3,SKU_D,0
252,R3,SKU_E,0
253,Supplier,SKU_A,0
253,Supplier,SKU_B,0
253,Supplier,SKU_C,0
253,Supplier,SKU_D,0
253,Supplier,SKU_E,0
253,W1,SKU_A,2880
253,W1,SKU_B,210
253,W1,SKU_C,0
253,W1,SKU_D,0
253,W1,SKU_E,0
253,W2,SKU_A,0
253,W2,SKU_B,0
253,W2,SKU_C,0
253,W2,SKU_D,0
253,W2,SKU_E,0
253,R1,SKU_A,0
253,R1,SKU_B,101
253,R1,SKU_C,0
253,R1,SKU_D,0
253,R1,SKU_E,0
253,R2,SKU_A,0
253,R2,SKU_B,0
253,R2,SKU_C,0
253,R2,SKU_D,0
253,R2,SKU_E,158
253,R3,SKU_A,0
253,R3,SKU_B,100
253,R3,SKU_C,384
253,R3,SKU_D,0
253,R3,SKU_E,0
254,Supplier,SKU_A,0
254,Supplier,SKU_B,0
254,Supplier,SKU_C,0
254,Supplier,SKU_D,0
254,Supplier,SKU_E,0
254,W1,SKU_A,0
254,W1,SKU_B,0
254,W1,SKU_C,0
254,W1,SKU_D,0
254,W1,SKU_E,511
254,W2,SKU_A,0
254,W2,SKU_B,0
254,W2,SKU_C,0
254,W2,SKU_D,0
254,W2,SKU_E,0
254,R1,SKU_A,0
254,R1,SKU_B,0
254,R1,SKU_C,0
254,R1,SKU_D,410
254,R1,SKU_E,0
254,R2,SKU_A,0
254,R2,SKU_B,0
254,R2,SKU_C,0
254,R2,SKU_D,0
254,R2,SKU_E,0
254,R3,SKU_A,0
254,R3,SKU_B,0
254,R3,SKU_C,0
254,R3,SKU_D,0
254,R3,SKU_E,681
255,Supplier,SKU_A,0
255,Supplier,SKU_B,0
255,Supplier,SKU_C,0
255,Supplier,SKU_D,0
255,Supplier,SKU_E,0
255,W1,SKU_A,0
255,W1,SKU_B,0
255,W1,SKU_C,0
255,W1,SKU_D,0
255,W1,SKU_E,0
255,W2,SKU_A,0
255,W2,SKU_B,0
255,W2,SKU_C,0
255,W2,SKU_D,0
255,W2,SKU_E,681
255,R1,SKU_A,0
255,R1,SKU_B,0
255,R1,SKU_C,490
255,R1,SKU_D,0
255,R1,SKU_E,90
255,R2,SKU_A,497
255,R2,SKU_B,0
255,R2,SKU_C,0
255,R2,SKU_D,222
255,R2,SKU_E,0
255,R3,SKU_A,844
255,R3,SKU_B,0
255,R3,SKU_C,0
255,R3,SKU_D,0
255,R3,SKU_E,0
256,Supplier,SKU_A,0
256,Supplier,SKU_B,0
256,Supplier,SKU_C,0
256,Supplier,SKU_D,0
256,Supplier,SKU_E,0
256,W1,SKU_A,0
256,W1,SKU_B,0
256,W1,SKU_C,0
256,W1,SKU_D,0
256,W1,SKU_E,0
256,W2,SKU_A,1654
256,W2,SKU_B,0
256,W2,SKU_C,0
256,W2,SKU_D,0
256,W2,SKU_E,0
256,R1,SKU_A,0
256,R1,SKU_B,125
256,R1,SKU_C,0
256,R1,SKU_D,0
256,R1,SKU_E,0
256,R2,SKU_A,0
256,R2,SKU_B,0
256,R2,SKU_C,0
256,R2,SKU_D,0
256,R2,SKU_E,0
256,R3,SKU_A,0
256,R3,SKU_B,100
256,R3,SKU_C,0
256,R3,SKU_D,1309
256,R3,SKU_E,0
257,Supplier,SKU_A,0
257,Supplier,SKU_B,0
257,Supplier,SKU_C,0
257,Supplier,SKU_D,0
257,Supplier,SKU_E,0
257,W1,SKU_A,0
257,W1,SKU_B,226
257,W1,SKU_C,0
257,W1,SKU_D,0
257,W1,SKU_E,0
257,W2,SKU_A,0
257,W2,SKU_B,0
257,W2,SKU_C,0
257,W2,SKU_D,1309
257,W2,SKU_E,0
257,R1,SKU_A,0
257,R1,SKU_B,0
257,R1,SKU_C,0
257,R1,SKU_D,0
257,R1,SKU_E,0
257,R2,SKU_A,0
257,R2,SKU_B,0
257,R2,SKU_C,0
257,R2,SKU_D,0
257,R2,SKU_E,147
257,R3,SKU_A,0
257,R3,SKU_B,0
257,R3,SKU_C,0
257,R3,SKU_D,0
257,R3,SKU_E,0
258,Supplier,SKU_A,0
258,Supplier,SKU_B,0
258,Supplier,SKU_C,0
258,Supplier,SKU_D,0
258,Supplier,SKU_E,0
258,W1,SKU_A,0
258,W1,SKU_B,0
258,W1,SKU_C,0
258,W1,SKU_D,0
258,W1,SKU_E,0
258,W2,SKU_A,0
258,W2,SKU_B,0
258,W2,SKU_C,0
258,W2,SKU_D,0
258,W2,SKU_E,0
258,R1,SKU_A,0
258,R1,SKU_B,93
258,R1,SKU_C,0
258,R1,SKU_D,0
258,R1,SKU_E,105
258,R2,SKU_A,0
258,R2,SKU_B,209
258,R2,SKU_C,357
258,R2,SKU_D,0
258,R2,SKU_E,0
258,R3,SKU_A,0
258,R3,SKU_B,95
258,R3,SKU_C,425
258,R3,SKU_D,0
258,R3,SKU_E,0
259,Supplier,SKU_A,0
259,Supplier,SKU_B,0
259,Supplier,SKU_C,0
259,Supplier,SKU_D,0
259,Supplier,SKU_E,0
259,W1,SKU_A,0
259,W1,SKU_B,302
259,W1,SKU_C,847
259,W1,SKU_D,0
259,W1,SKU_E,0
259,W2,SKU_A,0
259,W2,SKU_B,0
259,W2,SKU_C,0
259,W2,SKU_D,0
259,W2,SKU_E,0
259,R1,SKU_A,0
259,R1,SKU_B,0
259,R1,SKU_C,0
259,R1,SKU_D,0
259,R1,SKU_E,0
259,R2,SKU_A,0
259,R2,SKU_B,0
259,R2,SKU_C,0
259,R2,SKU_D,0
259,R2,SKU_E,0
259,R3,SKU_A,0
259,R3,SKU_B,0
259,R3,SKU_C,0
259,R3,SKU_D,0
259,R3,SKU_E,0
260,Supplier,SKU_A,0
260,Supplier,SKU_B,0
260,Supplier,SKU_C,0
260,Supplier,SKU_D,0
260,Supplier,SKU_E,0
260,W1,SKU_A,0
260,W1,SKU_B,0
260,W1,SKU_C,0
260,W1,SKU_D,0
260,W1,SKU_E,0
260,W2,SKU_A,0
260,W2,SKU_B,0
260,W2,SKU_C,0
260,W2,SKU_D,0
260,W2,SKU_E,0
260,R1,SKU_A,1029
260,R1,SKU_B,0
260,R1,SKU_C,0
260,R1,SKU_D,0
260,R1,SKU_E,0
260,R2,SKU_A,0
260,R2,SKU_B,0
260,R2,SKU_C,0
260,R2,SKU_D,227
260,R2,SKU_E,137
260,R3,SKU_A,766
260,R3,SKU_B,0
260,R3,SKU_C,0
260,R3,SKU_D,0
260,R3,SKU_E,0
261,Supplier,SKU_A,0
261,Supplier,SKU_B,0
261,Supplier,SKU_C,0
261,Supplier,SKU_D,0
261,Supplier,SKU_E,0
261,W1,SKU_A,0
261,W1,SKU_B,0
261,W1,SKU_C,0
261,W1,SKU_D,1461
261,W1,SKU_E,479
261,W2,SKU_A,0
261,W2,SKU_B,0
261,W2,SKU_C,0
261,W2,SKU_D,0
261,W2,SKU_E,0
261,R1,SKU_A,0
261,R1,SKU_B,107
261,R1,SKU_C,469
261,R1,SKU_D,409
261,R1,SKU_E,95
261,R2,SKU_A,497
261,R2,SKU_B,0
261,R2,SKU_C,0
261,R2,SKU_D,0
261,R2,SKU_E,0
261,R3,SKU_A,0
261,R3,SKU_B,114
261,R3,SKU_C,0
261,R3,SKU_D,0
261,R3,SKU_E,0
262,Supplier,SKU_A,0
262,Supplier,SKU_B,0
262,Supplier,SKU_C,0
262,Supplier,SKU_D,0
262,Supplier,SKU_E,0
262,W1,SKU_A,2023
262,W1,SKU_B,0
262,W1,SKU_C,0
262,W1,SKU_D,0
262,W1,SKU_E,0
262,W2,SKU_A,0
262,W2,SKU_B,770
262,W2,SKU_C,0
262,W2,SKU_D,0
262,W2,SKU_E,0
262,R1,SKU_A,0
262,R1,SKU_B,0
262,R1,SKU_C,0
262,R1,SKU_D,0
262,R1,SKU_E,0
262,R2,SKU_A,0
262,R2,SKU_B,0
262,R2,SKU_C,0
262,R2,SKU_D,0
262,R2,SKU_E,0
262,R3,SKU_A,0
262,R3,SKU_B,0
262,R3,SKU_C,0
262,R3,SKU_D,0
262,R3,SKU_E,0
263,Supplier,SKU_A,0
263,Supplier,SKU_B,0
263,Supplier,SKU_C,0
263,Supplier,SKU_D,0
263,Supplier,SKU_E,0
263,W1,SKU_A,0
263,W1,SKU_B,0
263,W1,SKU_C,0
263,W1,SKU_D,0
263,W1,SKU_E,0
263,W2,SKU_A,0
263,W2,SKU_B,0
263,W2,SKU_C,0
263,W2,SKU_D,0
263,W2,SKU_E,0
263,R1,SKU_A,0
263,R1,SKU_B,0
263,R1,SKU_C,0
263,R1,SKU_D,0
263,R1,SKU_E,0
263,R2,SKU_A,0
263,R2,SKU_B,198
263,R2,SKU_C,0
263,R2,SKU_D,0
263,R2,SKU_E,0
263,R3,SKU_A,0
263,R3,SKU_B,0
263,R3,SKU_C,373
263,R3,SKU_D,0
263,R3,SKU_E,0
264,Supplier,SKU_A,0
264,Supplier,SKU_B,0
264,Supplier,SKU_C,0
264,Supplier,SKU_D,0
264,Supplier,SKU_E,0
264,W1,SKU_A,0
264,W1,SKU_B,305
264,W1,SKU_C,0
264,W1,SKU_D,0
264,W1,SKU_E,0
264,W2,SKU_A,0
264,W2,SKU_B,0
264,W2,SKU_C,0
264,W2,SKU_D,0
264,W2,SKU_E,0
264,R1,SKU_A,0
264,R1,SKU_B,120
264,R1,SKU_C,0
264,R1,SKU_D,0
264,R1,SKU_E,118
264,R2,SKU_A,0
264,R2,SKU_B,0
264,R2,SKU_C,0
264,R2,SKU_D,0
264,R2,SKU_E,162
264,R3,SKU_A,0
264,R3,SKU_B,117
264,R3,SKU_C,0
264,R3,SKU_D,0
264,R3,SKU_E,0
265,Supplier,SKU_A,0
265,Supplier,SKU_B,0
265,Supplier,SKU_C,0
265,Supplier,SKU_D,0
265,Supplier,SKU_E,0
265,W1,SKU_A,0
265,W1,SKU_B,0
265,W1,SKU_C,0
265,W1,SKU_D,0
265,W1,SKU_E,0
265,W2,SKU_A,0
265,W2,SKU_B,0
265,W2,SKU_C,0
265,W2,SKU_D,0
265,W2,SKU_E,0
265,R1,SKU_A,0
265,R1,SKU_B,0
265,R1,SKU_C,0
265,R1,SKU_D,0
265,R1,SKU_E,0
265,R2,SKU_A,0
265,R2,SKU_B,0
265,R2,SKU_C,0
265,R2,SKU_D,211
265,R2,SKU_E,0
265,R3,SKU_A,759
265,R3,SKU_B,0
265,R3,SKU_C,0
265,R3,SKU_D,0
265,R3,SKU_E,736
266,Supplier,SKU_A,0
266,Supplier,SKU_B,0
266,Supplier,SKU_C,0
266,Supplier,SKU_D,0
266,Supplier,SKU_E,0
266,W1,SKU_A,0
266,W1,SKU_B,0
266,W1,SKU_C,0
266,W1,SKU_D,0
266,W1,SKU_E,0
266,W2,SKU_A,1525
266,W2,SKU_B,0
266,W2,SKU_C,0
266,W2,SKU_D,0
266,W2,SKU_E,736
266,R1,SKU_A,0
266,R1,SKU_B,109
266,R1,SKU_C,0
266,R1,SKU_D,0
266,R1,SKU_E,87
266,R2,SKU_A,0
266,R2,SKU_B,0
266,R2,SKU_C,0
266,R2,SKU_D,0
266,R2,SKU_E,0
266,R3,SKU_A,0
266,R3,SKU_B,96
266,R3,SKU_C,344
266,R3,SKU_D,0
266,R3,SKU_E,0
267,Supplier,SKU_A,0
267,Supplier,SKU_B,0
267,Supplier,SKU_C,0
267,Supplier,SKU_D,0
267,Supplier,SKU_E,0
267,W1,SKU_A,0
267,W1,SKU_B,229
267,W1,SKU_C,0
267,W1,SKU_D,0
267,W1,SKU_E,462
267,W2,SKU_A,0
267,W2,SKU_B,0
267,W2,SKU_C,2264
267,W2,SKU_D,0
267,W2,SKU_E,0
267,R1,SKU_A,906
267,R1,SKU_B,0
267,R1,SKU_C,493
267,R1,SKU_D,0
267,R1,SKU_E,0
267,R2,SKU_A,467
267,R2,SKU_B,0
267,R2,SKU_C,0
267,R2,SKU_D,0
267,R2,SKU_E,0
267,R3,SKU_A,0
267,R3,SKU_B,0
267,R3,SKU_C,0
267,R3,SKU_D,0
267,R3,SKU_E,0
268,Supplier,SKU_A,0
268,Supplier,SKU_B,0
268,Supplier,SKU_C,0
268,Supplier,SKU_D,0
268,Supplier,SKU_E,0
268,W1,SKU_A,0
268,W1,SKU_B,0
268,W1,SKU_C,962
268,W1,SKU_D,0
268,W1,SKU_E,0
268,W2,SKU_A,0
268,W2,SKU_B,0
268,W2,SKU_C,0
268,W2,SKU_D,0
268,W2,SKU_E,0
268,R1,SKU_A,0
268,R1,SKU_B,98
268,R1,SKU_C,0
268,R1,SKU_D,0
268,R1,SKU_E,0
268,R2,SKU_A,0
268,R2,SKU_B,215
268,R2,SKU_C,0
268,R2,SKU_D,0
268,R2,SKU_E,160
268,R3,SKU_A,0
268,R3,SKU_B,0
268,R3,SKU_C,0
268,R3,SKU_D,0
268,R3,SKU_E,0
269,Supplier,SKU_A,0
269,Supplier,SKU_B,0
269,Supplier,SKU_C,0
269,Supplier,SKU_D,0
269,Supplier,SKU_E,0
269,W1,SKU_A,0
269,W1,SKU_B,313
269,W1,SKU_C,0
269,W1,SKU_D,0
269,W1,SKU_E,0
269,W2,SKU_A,0
269,W2,SKU_B,0
269,W2,SKU_C,0
269,W2,SKU_D,0
269,W2,SKU_E,0
269,R1,SKU_A,0
269,R1,SKU_B,0
269,R1,SKU_C,0
269,R1,SKU_D,426
269,R1,SKU_E,95
269,R2,SKU_A,0
269,R2,SKU_B,0
269,R2,SKU_C,0
269,R2,SKU_D,0
269,R2,SKU_E,0
269,R3,SKU_A,0
269,R3,SKU_B,96
269,R3,SKU_C,0
269,R3,SKU_D,0
269,R3,SKU_E,0
270,Supplier,SKU_A,0
270,Supplier,SKU_B,0
270,Supplier,SKU_C,0
270,Supplier,SKU_D,0
270,Supplier,SKU_E,0
270,W1,SKU_A,0
270,W1,SKU_B,0
270,W1,SKU_C,0
270,W1,SKU_D,0
270,W1,SKU_E,0
270,W2,SKU_A,0
270,W2,SKU_B,0
270,W2,SKU_C,0
270,W2,SKU_D,0
270,W2,SKU_E,0
270,R1,SKU_A,0
270,R1,SKU_B,0
270,R1,SKU_C,0
270,R1,SKU_D,0
270,R1,SKU_E,0
270,R2,SKU_A,0
270,R2,SKU_B,0
270,R2,SKU_C,354
270,R2,SKU_D,200
270,R2,SKU_E,0
270,R3,SKU_A,768
270,R3,SKU_B,0
270,R3,SKU_C,0
270,R3,SKU_D,0
270,R3,SKU_E,0
271,Supplier,SKU_A,0
271,Supplier,SKU_B,0
271,Supplier,SKU_C,0
271,Supplier,SKU_D,0
271,Supplier,SKU_E,0
271,W1,SKU_A,0
271,W1,SKU_B,0
271,W1,SKU_C,0
271,W1,SKU_D,0
271,W1,SKU_E,0
271,W2,SKU_A,0
271,W2,SKU_B,0
271,W2,SKU_C,0
271,W2,SKU_D,0
271,W2,SKU_E,0
271,R1,SKU_A,0
271,R1,SKU_B,104
271,R1,SKU_C,0
271,R1,SKU_D,0
271,R1,SKU_E,0
271,R2,SKU_A,0
271,R2,SKU_B,0
271,R2,SKU_C,0
271,R2,SKU_D,0
271,R2,SKU_E,0
271,R3,SKU_A,0
271,R3,SKU_B,88
271,R3,SKU_C,360
271,R3,SKU_D,0
271,R3,SKU_E,0
272,Supplier,SKU_A,0
272,Supplier,SKU_B,0
272,Supplier,SKU_C,0
272,Supplier,SKU_D,0
272,Supplier,SKU_E,0
272,W1,SKU_A,0
272,W1,SKU_B,0
272,W1,SKU_C,0
272,W1,SKU_D,0
272,W1,SKU_E,0
272,W2,SKU_A,0
272,W2,SKU_B,0
272,W2,SKU_C,0
272,W2,SKU_D,0
272,W2,SKU_E,0
272,R1,SKU_A,0
272,R1,SKU_B,0
272,R1,SKU_C,0
272,R1,SKU_D,0
272,R1,SKU_E,89
272,R2,SKU_A,0
272,R2,SKU_B,0
272,R2,SKU_C,0
272,R2,SKU_D,0
272,R2,SKU_E,149
272,R3,SKU_A,0
272,R3,SKU_B,0
272,R3,SKU_C,0
272,R3,SKU_D,1329
272,R3,SKU_E,0
273,Supplier,SKU_A,0
273,Supplier,SKU_B,0
273,Supplier,SKU_C,0
273,Supplier,SKU_D,0
273,Supplier,SKU_E,0
273,W1,SKU_A,0
273,W1,SKU_B,0
273,W1,SKU_C,0
273,W1,SKU_D,0
273,W1,SKU_E,493
273,W2,SKU_A,0
273,W2,SKU_B,0
273,W2,SKU_C,0
273,W2,SKU_D,1329
273,W2,SKU_E,0
273,R1,SKU_A,0
273,R1,SKU_B,127
273,R1,SKU_C,464
273,R1,SKU_D,0
273,R1,SKU_E,0
273,R2,SKU_A,460
273,R2,SKU_B,202
273,R2,SKU_C,0
273,R2,SKU_D,0
273,R2,SKU_E,0
273,R3,SKU_A,0
273,R3,SKU_B,110
273,R3,SKU_C,0
273,R3,SKU_D,0
273,R3,SKU_E,0
274,Supplier,SKU_A,0
274,Supplier,SKU_B,0
274,Supplier,SKU_C,0
274,Supplier,SKU_D,0
274,Supplier,SKU_E,0
274,W1,SKU_A,0
274,W1,SKU_B,433
274,W1,SKU_C,818
274,W1,SKU_D,0
274,W1,SKU_E,0
274,W2,SKU_A,0
274,W2,SKU_B,0
274,W2,SKU_C,0
274,W2,SKU_D,0
274,W2,SKU_E,0
274,R1,SKU_A,0
274,R1,SKU_B,0
274,R1,SKU_C,0
274,R1,SKU_D,0
274,R1,SKU_E,0
274,R2,SKU_A,0
274,R2,SKU_B,0
274,R2,SKU_C,0
274,R2,SKU_D,0
274,R2,SKU_E,0
274,R3,SKU_A,0
274,R3,SKU_B,0
274,R3,SKU_C,0
274,R3,SKU_D,0
274,R3,SKU_E,0
275,Supplier,SKU_A,0
275,Supplier,SKU_B,0
275,Supplier,SKU_C,0
275,Supplier,SKU_D,0
275,Supplier,SKU_E,0
275,W1,SKU_A,0
275,W1,SKU_B,0
275,W1,SKU_C,0
275,W1,SKU_D,0
275,W1,SKU_E,0
275,W2,SKU_A,0
275,W2,SKU_B,0
275,W2,SKU_C,0
275,W2,SKU_D,0
275,W2,SKU_E,0
275,R1,SKU_A,1009
275,R1,SKU_B,0
275,R1,SKU_C,0
275,R1,SKU_D,0
275,R1,SKU_E,104
275,R2,SKU_A,0
275,R2,SKU_B,0
275,R2,SKU_C,0
275,R2,SKU_D,209
275,R2,SKU_E,0
275,R3,SKU_A,772
275,R3,SKU_B,0
275,R3,SKU_C,327
275,R3,SKU_D,0
275,R3,SKU_E,0
276,Supplier,SKU_A,0
276,Supplier,SKU_B,0
276,Supplier,SKU_C,0
276,Supplier,SKU_D,0
276,Supplier,SKU_E,0
276,W1,SKU_A,2842
276,W1,SKU_B,0
276,W1,SKU_C,0
276,W1,SKU_D,1455
276,W1,SKU_E,0
276,W2,SKU_A,1540
276,W2,SKU_B,0
276,W2,SKU_C,0
276,W2,SKU_D,0
276,W2,SKU_E,0
276,R1,SKU_A,0
276,R1,SKU_B,112
276,R1,SKU_C,0
276,R1,SKU_D,0
276,R1,SKU_E,0
276,R2,SKU_A,0
276,R2,SKU_B,0
276,R2,SKU_C,0
276,R2,SKU_D,0
276,R2,SKU_E,0
276,R3,SKU_A,0
276,R3,SKU_B,102
276,R3,SKU_C,0
276,R3,SKU_D,0
276,R3,SKU_E,0
277,Supplier,SKU_A,0
277,Supplier,SKU_B,0
277,Supplier,SKU_C,0
277,Supplier,SKU_D,0
277,Supplier,SKU_E,0
277,W1,SKU_A,0
277,W1,SKU_B,0
277,W1,SKU_C,0
277,W1,SKU_D,0
277,W1,SKU_E,0
277,W2,SKU_A,0
277,W2,SKU_B,0
277,W2,SKU_C,0
277,W2,SKU_D,0
277,W2,SKU_E,0
277,R1,SKU_A,0
277,R1,SKU_B,0
277,R1,SKU_C,0
277,R1,SKU_D,0
277,R1,SKU_E,0
277,R2,SKU_A,0
277,R2,SKU_B,0
277,R2,SKU_C,0
277,R2,SKU_D,0
277,R2,SKU_E,156
277,R3,SKU_A,0
277,R3,SKU_B,0
277,R3,SKU_C,0
277,R3,SKU_D,0
277,R3,SKU_E,673
278,Supplier,SKU_A,0
278,Supplier,SKU_B,0
278,Supplier,SKU_C,0
278,Supplier,SKU_D,0
278,Supplier,SKU_E,0
278,W1,SKU_A,0
278,W1,SKU_B,0
278,W1,SKU_C,0
278,W1,SKU_D,0
278,W1,SKU_E,0
278,W2,SKU_A,0
278,W2,SKU_B,0
278,W2,SKU_C,0
278,W2,SKU_D,0
278,W2,SKU_E,673
278,R1,SKU_A,0
278,R1,SKU_B,99
278,R1,SKU_C,0
278,R1,SKU_D,446
278,R1,SKU_E,99
278,R2,SKU_A,0
278,R2,SKU_B,183
278,R2,SKU_C,0
278,R2,SKU_D,0
278,R2,SKU_E,0
278,R3,SKU_A,0
278,R3,SKU_B,108
278,R3,SKU_C,0
278,R3,SKU_D,0
278,R3,SKU_E,0
279,Supplier,SKU_A,0
279,Supplier,SKU_B,0
279,Supplier,SKU_C,0
279,Supplier,SKU_D,0
279,Supplier,SKU_E,0
279,W1,SKU_A,0
279,W1,SKU_B,394
279,W1,SKU_C,0
279,W1,SKU_D,0
279,W1,SKU_E,0
279,W2,SKU_A,0
279,W2,SKU_B,717
279,W2,SKU_C,0
279,W2,SKU_D,0
279,W2,SKU_E,0
279,R1,SKU_A,0
279,R1,SKU_B,0
279,R1,SKU_C,0
279,R1,SKU_D,0
279,R1,SKU_E,0
279,R2,SKU_A,491
279,R2,SKU_B,0
279,R2,SKU_C,0
279,R2,SKU_D,0
279,R2,SKU_E,0
279,R3,SKU_A,0
279,R3,SKU_B,0
279,R3,SKU_C,348
279,R3,SKU_D,0
279,R3,SKU_E,0
280,Supplier,SKU_A,0
280,Supplier,SKU_B,0
280,Supplier,SKU_C,0
280,Supplier,SKU_D,0
280,Supplier,SKU_E,0
280,W1,SKU_A,0
280,W1,SKU_B,0
280,W1,SKU_C,0
280,W1,SKU_D,0
280,W1,SKU_E,0
280,W2,SKU_A,0
280,W2,SKU_B,0
280,W2,SKU_C,0
280,W2,SKU_D,0
280,W2,SKU_E,0
280,R1,SKU_A,0
280,R1,SKU_B,137
280,R1,SKU_C,534
280,R1,SKU_D,0
280,R1,SKU_E,113
280,R2,SKU_A,0
280,R2,SKU_B,0
280,R2,SKU_C,365
280,R2,SKU_D,233
280,R2,SKU_E,140
280,R3,SKU_A,803
280,R3,SKU_B,127
280,R3,SKU_C,0
280,R3,SKU_D,0
280,R3,SKU_E,0
281,Supplier,SKU_A,0
281,Supplier,SKU_B,0
281,Supplier,SKU_C,0
281,Supplier,SKU_D,0
281,Supplier,SKU_E,0
281,W1,SKU_A,0
281,W1,SKU_B,0
281,W1,SKU_C,899
281,W1,SKU_D,0
281,W1,SKU_E,612
281,W2,SKU_A,0
281,W2,SKU_B,0
281,W2,SKU_C,0
281,W2,SKU_D,0
281,W2,SKU_E,0
281,R1,SKU_A,0
281,R1,SKU_B,0
281,R1,SKU_C,0
281,R1,SKU_D,0
281,R1,SKU_E,0
281,R2,SKU_A,0
281,R2,SKU_B,0
281,R2,SKU_C,0
281,R2,SKU_D,0
281,R2,SKU_E,0
281,R3,SKU_A,0
281,R3,SKU_B,0
281,R3,SKU_C,0
281,R3,SKU_D,0
281,R3,SKU_E,0
282,Supplier,SKU_A,0
282,Supplier,SKU_B,0
282,Supplier,SKU_C,0
282,Supplier,SKU_D,0
282,Supplier,SKU_E,0
282,W1,SKU_A,0
282,W1,SKU_B,0
282,W1,SKU_C,0
282,W1,SKU_D,0
282,W1,SKU_E,0
282,W2,SKU_A,0
282,W2,SKU_B,0
282,W2,SKU_C,0
282,W2,SKU_D,0
282,W2,SKU_E,0
282,R1,SKU_A,0
282,R1,SKU_B,90
282,R1,SKU_C,0
282,R1,SKU_D,0
282,R1,SKU_E,0
282,R2,SKU_A,0
282,R2,SKU_B,204
282,R2,SKU_C,0
282,R2,SKU_D,0
282,R2,SKU_E,0
282,R3,SKU_A,0
282,R3,SKU_B,0
282,R3,SKU_C,0
282,R3,SKU_D,0
282,R3,SKU_E,0
283,Supplier,SKU_A,0
283,Supplier,SKU_B,0
283,Supplier,SKU_C,0
283,Supplier,SKU_D,0
283,Supplier,SKU_E,0
283,W1,SKU_A,0
283,W1,SKU_B,431
283,W1,SKU_C,0
283,W1,SKU_D,0
283,W1,SKU_E,0
283,W2,SKU_A,0
283,W2,SKU_B,0
283,W2,SKU_C,0
283,W2,SKU_D,0
283,W2,SKU_E,0
283,R1,SKU_A,904
283,R1,SKU_B,0
283,R1,SKU_C,0
283,R1,SKU_D,0
283,R1,SKU_E,106
283,R2,SKU_A,0
283,R2,SKU_B,0
283,R2,SKU_C,0
283,R2,SKU_D,0
283,R2,SKU_E,132
283,R3,SKU_A,0
283,R3,SKU_B,124
283,R3,SKU_C,391
283,R3,SKU_D,0
283,R3,SKU_E,0
284,Supplier,SKU_A,0
284,Supplier,SKU_B,0
284,Supplier,SKU_C,0
284,Supplier,SKU_D,0
284,Supplier,SKU_E,0
284,W1,SKU_A,0
284,W1,SKU_B,0
284,W1,SKU_C,0
284,W1,SKU_D,0
284,W1,SKU_E,0
284,W2,SKU_A,0
284,W2,SKU_B,0
284,W2,SKU_C,0
284,W2,SKU_D,0
284,W2,SKU_E,0
284,R1,SKU_A,0
284,R1,SKU_B,0
284,R1,SKU_C,0
284,R1,SKU_D,0
284,R1,SKU_E,0
284,R2,SKU_A,0
284,R2,SKU_B,0
284,R2,SKU_C,0
284,R2,SKU_D,0
284,R2,SKU_E,0
284,R3,SKU_A,0
284,R3,SKU_B,0
284,R3,SKU_C,0
284,R3,SKU_D,0
284,R3,SKU_E,0
285,Supplier,SKU_A,0
285,Supplier,SKU_B,0
285,Supplier,SKU_C,0
285,Supplier,SKU_D,0
285,Supplier,SKU_E,0
285,W1,SKU_A,0
285,W1,SKU_B,0
285,W1,SKU_C,0
285,W1,SKU_D,0
285,W1,SKU_E,0
285,W2,SKU_A,0
285,W2,SKU_B,0
285,W2,SKU_C,0
285,W2,SKU_D,0
285,W2,SKU_E,0
285,R1,SKU_A,0
285,R1,SKU_B,127
285,R1,SKU_C,0
285,R1,SKU_D,433
285,R1,SKU_E,0
285,R2,SKU_A,518
285,R2,SKU_B,0
285,R2,SKU_C,0
285,R2,SKU_D,237
285,R2,SKU_E,0
285,R3,SKU_A,816
285,R3,SKU_B,0
285,R3,SKU_C,0
285,R3,SKU_D,0
285,R3,SKU_E,0
286,Supplier,SKU_A,0
286,Supplier,SKU_B,0
286,Supplier,SKU_C,0
286,Supplier,SKU_D,0
286,Supplier,SKU_E,0
286,W1,SKU_A,0
286,W1,SKU_B,0
286,W1,SKU_C,0
286,W1,SKU_D,0
286,W1,SKU_E,0
286,W2,SKU_A,1619
286,W2,SKU_B,0
286,W2,SKU_C,0
286,W2,SKU_D,0
286,W2,SKU_E,0
286,R1,SKU_A,0
286,R1,SKU_B,92
286,R1,SKU_C,474
286,R1,SKU_D,0
286,R1,SKU_E,127
286,R2,SKU_A,0
286,R2,SKU_B,218
286,R2,SKU_C,0
286,R2,SKU_D,0
286,R2,SKU_E,150
286,R3,SKU_A,0
286,R3,SKU_B,132
286,R3,SKU_C,346
286,R3,SKU_D,0
286,R3,SKU_E,0
287,Supplier,SKU_A,0
287,Supplier,SKU_B,0
287,Supplier,SKU_C,0
287,Supplier,SKU_D,0
287,Supplier,SKU_E,0
287,W1,SKU_A,0
287,W1,SKU_B,437
287,W1,SKU_C,0
287,W1,SKU_D,0
287,W1,SKU_E,515
287,W2,SKU_A,0
287,W2,SKU_B,0
287,W2,SKU_C,0
287,W2,SKU_D,0
287,W2,SKU_E,0
287,R1,SKU_A,0
287,R1,SKU_B,0
287,R1,SKU_C,0
287,R1,SKU_D,0
287,R1,SKU_E,0
287,R2,SKU_A,0
287,R2,SKU_B,0
287,R2,SKU_C,0
287,R2,SKU_D,0
287,R2,SKU_E,0
287,R3,SKU_A,0
287,R3,SKU_B,0
287,R3,SKU_C,0
287,R3,SKU_D,1379
287,R3,SKU_E,700
288,Supplier,SKU_A,0
288,Supplier,SKU_B,0
288,Supplier,SKU_C,0
288,Supplier,SKU_D,0
288,Supplier,SKU_E,0
288,W1,SKU_A,0
288,W1,SKU_B,0
288,W1,SKU_C,0
288,W1,SKU_D,0
288,W1,SKU_E,0
288,W2,SKU_A,0
288,W2,SKU_B,0
288,W2,SKU_C,0
288,W2,SKU_D,1379
288,W2,SKU_E,700
288,R1,SKU_A,0
288,R1,SKU_B,125
288,R1,SKU_C,0
288,R1,SKU_D,0
288,R1,SKU_E,86
288,R2,SKU_A,0
288,R2,SKU_B,0
288,R2,SKU_C,0
288,R2,SKU_D,0
288,R2,SKU_E,0
288,R3,SKU_A,0
288,R3,SKU_B,95
288,R3,SKU_C,0
288,R3,SKU_D,0
288,R3,SKU_E,0
289,Supplier,SKU_A,0
289,Supplier,SKU_B,0
289,Supplier,SKU_C,0
289,Supplier,SKU_D,0
289,Supplier,SKU_E,0
289,W1,SKU_A,0
289,W1,SKU_B,0
289,W1,SKU_C,0
289,W1,SKU_D,0
289,W1,SKU_E,0
289,W2,SKU_A,0
289,W2,SKU_B,0
289,W2,SKU_C,0
289,W2,SKU_D,0
289,W2,SKU_E,0
289,R1,SKU_A,0
289,R1,SKU_B,0
289,R1,SKU_C,0
289,R1,SKU_D,0
289,R1,SKU_E,0
289,R2,SKU_A,0
289,R2,SKU_B,0
289,R2,SKU_C,342
289,R2,SKU_D,190
289,R2,SKU_E,0
289,R3,SKU_A,765
289,R3,SKU_B,0
289,R3,SKU_C,0
289,R3,SKU_D,0
289,R3,SKU_E,0
290,Supplier,SKU_A,0
290,Supplier,SKU_B,0
290,Supplier,SKU_C,0
290,Supplier,SKU_D,0
290,Supplier,SKU_E,0
290,W1,SKU_A,0
290,W1,SKU_B,0
290,W1,SKU_C,816
290,W1,SKU_D,1539
290,W1,SKU_E,0
290,W2,SKU_A,0
290,W2,SKU_B,0
290,W2,SKU_C,0
290,W2,SKU_D,0
290,W2,SKU_E,0
290,R1,SKU_A,0
290,R1,SKU_B,94
290,R1,SKU_C,0
290,R1,SKU_D,0
290,R1,SKU_E,80
290,R2,SKU_A,508
290,R2,SKU_B,240
290,R2,SKU_C,0
290,R2,SKU_D,0
290,R2,SKU_E,197
290,R3,SKU_A,0
290,R3,SKU_B,122
290,R3,SKU_C,440
290,R3,SKU_D,0
290,R3,SKU_E,0
291,Supplier,SKU_A,0
291,Supplier,SKU_B,0
291,Supplier,SKU_C,0
291,Supplier,SKU_D,0
291,Supplier,SKU_E,0
291,W1,SKU_A,2421
291,W1,SKU_B,459
291,W1,SKU_C,0
291,W1,SKU_D,0
291,W1,SKU_E,0
291,W2,SKU_A,0
291,W2,SKU_B,0
291,W2,SKU_C,2212
291,W2,SKU_D,0
291,W2,SKU_E,0
291,R1,SKU_A,1011
291,R1,SKU_B,0
291,R1,SKU_C,476
291,R1,SKU_D,0
291,R1,SKU_E,0
291,R2,SKU_A,0
291,R2,SKU_B,0
291,R2,SKU_C,0
291,R2,SKU_D,0
291,R2,SKU_E,0
291,R3,SKU_A,0
291,R3,SKU_B,0
291,R3,SKU_C,0
291,R3,SKU_D,0
291,R3,SKU_E,0
292,Supplier,SKU_A,0
292,Supplier,SKU_B,0
292,Supplier,SKU_C,0
292,Supplier,SKU_D,0
292,Supplier,SKU_E,0
292,W1,SKU_A,0
292,W1,SKU_B,0
292,W1,SKU_C,0
292,W1,SKU_D,0
292,W1,SKU_E,0
292,W2,SKU_A,0
292,W2,SKU_B,0
292,W2,SKU_C,0
292,W2,SKU_D,0
292,W2,SKU_E,0
292,R1,SKU_A,0
292,R1,SKU_B,123
292,R1,SKU_C,0
292,R1,SKU_D,0
292,R1,SKU_E,103
292,R2,SKU_A,0
292,R2,SKU_B,0
292,R2,SKU_C,0
292,R2,SKU_D,0
292,R2,SKU_E,139
292,R3,SKU_A,0
292,R3,SKU_B,147
292,R3,SKU_C,321
292,R3,SKU_D,0
292,R3,SKU_E,0
293,Supplier,SKU_A,0
293,Supplier,SKU_B,0
293,Supplier,SKU_C,0
293,Supplier,SKU_D,0
293,Supplier,SKU_E,0
293,W1,SKU_A,0
293,W1,SKU_B,0
293,W1,SKU_C,0
293,W1,SKU_D,0
293,W1,SKU_E,605
293,W2,SKU_A,0
293,W2,SKU_B,747
293,W2,SKU_C,0
293,W2,SKU_D,0
293,W2,SKU_E,0
293,R1,SKU_A,0
293,R1,SKU_B,0
293,R1,SKU_C,0
293,R1,SKU_D,458
293,R1,SKU_E,0
293,R2,SKU_A,0
293,R2,SKU_B,0
293,R2,SKU_C,0
293,R2,SKU_D,216
293,R2,SKU_E,0
293,R3,SKU_A,981
293,R3,SKU_B,0
293,R3,SKU_C,0
293,R3,SKU_D,0
293,R3,SKU_E,0
294,Supplier,SKU_A,0
294,Supplier,SKU_B,0
294,Supplier,SKU_C,0
294,Supplier,SKU_D,0
294,Supplier,SKU_E,0
294,W1,SKU_A,0
294,W1,SKU_B,0
294,W1,SKU_C,0
294,W1,SKU_D,0
294,W1,SKU_E,0
294,W2,SKU_A,1746
294,W2,SKU_B,0
294,W2,SKU_C,0
294,W2,SKU_D,0
294,W2,SKU_E,0
294,R1,SKU_A,0
294,R1,SKU_B,145
294,R1,SKU_C,0
294,R1,SKU_D,0
294,R1,SKU_E,116
294,R2,SKU_A,0
294,R2,SKU_B,213
294,R2,SKU_C,0
294,R2,SKU_D,0
294,R2,SKU_E,147
294,R3,SKU_A,0
294,R3,SKU_B,140
294,R3,SKU_C,333
294,R3,SKU_D,0
294,R3,SKU_E,658
295,Supplier,SKU_A,0
295,Supplier,SKU_B,0
295,Supplier,SKU_C,0
295,Supplier,SKU_D,0
295,Supplier,SKU_E,0
295,W1,SKU_A,0
295,W1,SKU_B,481
295,W1,SKU_C,0
295,W1,SKU_D,0
295,W1,SKU_E,0
295,W2,SKU_A,0
295,W2,SKU_B,0
295,W2,SKU_C,0
295,W2,SKU_D,0
295,W2,SKU_E,658
295,R1,SKU_A,0
295,R1,SKU_B,0
295,R1,SKU_C,506
295,R1,SKU_D,0
295,R1,SKU_E,0
295,R2,SKU_A,562
295,R2,SKU_B,0
295,R2,SKU_C,0
295,R2,SKU_D,0
295,R2,SKU_E,0
295,R3,SKU_A,0
295,R3,SKU_B,0
295,R3,SKU_C,0
295,R3,SKU_D,0
295,R3,SKU_E,0
296,Supplier,SKU_A,0
296,Supplier,SKU_B,0
296,Supplier,SKU_C,0
296,Supplier,SKU_D,0
296,Supplier,SKU_E,0
296,W1,SKU_A,0
296,W1,SKU_B,0
296,W1,SKU_C,982
296,W1,SKU_D,0
296,W1,SKU_E,0
296,W2,SKU_A,0
296,W2,SKU_B,0
296,W2,SKU_C,0
296,W2,SKU_D,0
296,W2,SKU_E,0
296,R1,SKU_A,0
296,R1,SKU_B,122
296,R1,SKU_C,0
296,R1,SKU_D,0
296,R1,SKU_E,84
296,R2,SKU_A,0
296,R2,SKU_B,0
296,R2,SKU_C,362
296,R2,SKU_D,0
296,R2,SKU_E,0
296,R3,SKU_A,0
296,R3,SKU_B,120
296,R3,SKU_C,0
296,R3,SKU_D,0
296,R3,SKU_E,0
297,Supplier,SKU_A,0
297,Supplier,SKU_B,0
297,Supplier,SKU_C,0
297,Supplier,SKU_D,0
297,Supplier,SKU_E,0
297,W1,SKU_A,0
297,W1,SKU_B,0
297,W1,SKU_C,0
297,W1,SKU_D,0
297,W1,SKU_E,0
297,W2,SKU_A,0
297,W2,SKU_B,0
297,W2,SKU_C,0
297,W2,SKU_D,0
297,W2,SKU_E,0
297,R1,SKU_A,950
297,R1,SKU_B,0
297,R1,SKU_C,0
297,R1,SKU_D,0
297,R1,SKU_E,0
297,R2,SKU_A,0
297,R2,SKU_B,0
297,R2,SKU_C,0
297,R2,SKU_D,222
297,R2,SKU_E,139
297,R3,SKU_A,732
297,R3,SKU_B,0
297,R3,SKU_C,356
297,R3,SKU_D,0
297,R3,SKU_E,0
298,Supplier,SKU_A,0
298,Supplier,SKU_B,0
298,Supplier,SKU_C,0
298,Supplier,SKU_D,0
298,Supplier,SKU_E,0
298,W1,SKU_A,2523
298,W1,SKU_B,0
298,W1,SKU_C,0
298,W1,SKU_D,0
298,W1,SKU_E,486
298,W2,SKU_A,0
298,W2,SKU_B,0
298,W2,SKU_C,0
298,W2,SKU_D,0
298,W2,SKU_E,0
298,R1,SKU_A,0
298,R1,SKU_B,95
298,R1,SKU_C,0
298,R1,SKU_D,0
298,R1,SKU_E,86
298,R2,SKU_A,0
298,R2,SKU_B,211
298,R2,SKU_C,0
298,R2,SKU_D,0
298,R2,SKU_E,0
298,R3,SKU_A,0
298,R3,SKU_B,115
298,R3,SKU_C,0
298,R3,SKU_D,0
298,R3,SKU_E,0
299,Supplier,SKU_A,0
299,Supplier,SKU_B,0
299,Supplier,SKU_C,0
299,Supplier,SKU_D,0
299,Supplier,SKU_E,0
299,W1,SKU_A,0
299,W1,SKU_B,428
299,W1,SKU_C,0
299,W1,SKU_D,0
299,W1,SKU_E,0
299,W2,SKU_A,0
299,W2,SKU_B,0
299,W2,SKU_C,0
299,W2,SKU_D,0
299,W2,SKU_E,0
299,R1,SKU_A,0
299,R1,SKU_B,0
299,R1,SKU_C,0
299,R1,SKU_D,0
299,R1,SKU_E,0
299,R2,SKU_A,0
299,R2,SKU_B,0
299,R2,SKU_C,0
299,R2,SKU_D,0
299,R2,SKU_E,0
299,R3,SKU_A,0
299,R3,SKU_B,0
299,R3,SKU_C,0
299,R3,SKU_D,1294
299,R3,SKU_E,0
300,Supplier,SKU_A,0
300,Supplier,SKU_B,0
300,Supplier,SKU_C,0
300,Supplier,SKU_D,0
300,Supplier,SKU_E,0
300,W1,SKU_A,0
300,W1,SKU_B,0
300,W1,SKU_C,0
300,W1,SKU_D,0
300,W1,SKU_E,0
300,W2,SKU_A,0
300,W2,SKU_B,0
300,W2,SKU_C,0
300,W2,SKU_D,1294
300,W2,SKU_E,0
300,R1,SKU_A,0
300,R1,SKU_B,141
300,R1,SKU_C,534
300,R1,SKU_D,451
300,R1,SKU_E,107
300,R2,SKU_A,0
300,R2,SKU_B,0
300,R2,SKU_C,0
300,R2,SKU_D,0
300,R2,SKU_E,146
300,R3,SKU_A,0
300,R3,SKU_B,174
300,R3,SKU_C,435
300,R3,SKU_D,0
300,R3,SKU_E,0
301,Supplier,SKU_A,0
301,Supplier,SKU_B,0
301,Supplier,SKU_C,0
301,Supplier,SKU_D,0
301,Supplier,SKU_E,0
301,W1,SKU_A,0
301,W1,SKU_B,0
301,W1,SKU_C,896
301,W1,SKU_D,0
301,W1,SKU_E,0
301,W2,SKU_A,0
301,W2,SKU_B,0
301,W2,SKU_C,0
301,W2,SKU_D,0
301,W2,SKU_E,0
301,R1,SKU_A,0
301,R1,SKU_B,0
301,R1,SKU_C,0
301,R1,SKU_D,0
301,R1,SKU_E,0
301,R2,SKU_A,522
301,R2,SKU_B,0
301,R2,SKU_C,0
301,R2,SKU_D,198
301,R2,SKU_E,0
301,R3,SKU_A,850
301,R3,SKU_B,0
301,R3,SKU_C,0
301,R3,SKU_D,0
301,R3,SKU_E,670
302,Supplier,SKU_A,0
302,Supplier,SKU_B,0
302,Supplier,SKU_C,0
302,Supplier,SKU_D,0
302,Supplier,SKU_E,0
302,W1,SKU_A,0
302,W1,SKU_B,0
302,W1,SKU_C,0
302,W1,SKU_D,1545
302,W1,SKU_E,0
302,W2,SKU_A,1582
302,W2,SKU_B,0
302,W2,SKU_C,0
302,W2,SKU_D,0
302,W2,SKU_E,670
302,R1,SKU_A,0
302,R1,SKU_B,135
302,R1,SKU_C,0
302,R1,SKU_D,0
302,R1,SKU_E,89
302,R2,SKU_A,0
302,R2,SKU_B,213
302,R2,SKU_C,0
302,R2,SKU_D,0
302,R2,SKU_E,0
302,R3,SKU_A,0
302,R3,SKU_B,99
302,R3,SKU_C,0
302,R3,SKU_D,0
302,R3,SKU_E,0
303,Supplier,SKU_A,0
303,Supplier,SKU_B,0
303,Supplier,SKU_C,0
303,Supplier,SKU_D,0
303,Supplier,SKU_E,0
303,W1,SKU_A,0
303,W1,SKU_B,489
303,W1,SKU_C,0
303,W1,SKU_D,0
303,W1,SKU_E,0
303,W2,SKU_A,0
303,W2,SKU_B,0
303,W2,SKU_C,0
303,W2,SKU_D,0
303,W2,SKU_E,0
303,R1,SKU_A,0
303,R1,SKU_B,0
303,R1,SKU_C,0
303,R1,SKU_D,0
303,R1,SKU_E,0
303,R2,SKU_A,0
303,R2,SKU_B,0
303,R2,SKU_C,0
303,R2,SKU_D,0
303,R2,SKU_E,171
303,R3,SKU_A,0
303,R3,SKU_B,0
303,R3,SKU_C,0
303,R3,SKU_D,0
303,R3,SKU_E,0
304,Supplier,SKU_A,0
304,Supplier,SKU_B,0
304,Supplier,SKU_C,0
304,Supplier,SKU_D,0
304,Supplier,SKU_E,0
304,W1,SKU_A,0
304,W1,SKU_B,0
304,W1,SKU_C,0
304,W1,SKU_D,0
304,W1,SKU_E,599
304,W2,SKU_A,0
304,W2,SKU_B,0
304,W2,SKU_C,0
304,W2,SKU_D,0
304,W2,SKU_E,0
304,R1,SKU_A,918
304,R1,SKU_B,0
304,R1,SKU_C,0
304,R1,SKU_D,0
304,R1,SKU_E,0
304,R2,SKU_A,0
304,R2,SKU_B,0
304,R2,SKU_C,345
304,R2,SKU_D,0
304,R2,SKU_E,0
304,R3,SKU_A,0
304,R3,SKU_B,113
304,R3,SKU_C,390
304,R3,SKU_D,0
304,R3,SKU_E,0
305,Supplier,SKU_A,0
305,Supplier,SKU_B,0
305,Supplier,SKU_C,0
305,Supplier,SKU_D,0
305,Supplier,SKU_E,0
305,W1,SKU_A,0
305,W1,SKU_B,0
305,W1,SKU_C,0
305,W1,SKU_D,0
305,W1,SKU_E,0
305,W2,SKU_A,0
305,W2,SKU_B,761
305,W2,SKU_C,0
305,W2,SKU_D,0
305,W2,SKU_E,0
305,R1,SKU_A,0
305,R1,SKU_B,132
305,R1,SKU_C,0
305,R1,SKU_D,0
305,R1,SKU_E,121
305,R2,SKU_A,0
305,R2,SKU_B,0
305,R2,SKU_C,0
305,R2,SKU_D,194
305,R2,SKU_E,0
305,R3,SKU_A,0
305,R3,SKU_B,0
305,R3,SKU_C,0
305,R3,SKU_D,0
305,R3,SKU_E,0
306,Supplier,SKU_A,0
306,Supplier,SKU_B,0
306,Supplier,SKU_C,0
306,Supplier,SKU_D,0
306,Supplier,SKU_E,0
306,W1,SKU_A,0
306,W1,SKU_B,0
306,W1,SKU_C,0
306,W1,SKU_D,0
306,W1,SKU_E,0
306,W2,SKU_A,0
306,W2,SKU_B,0
306,W2,SKU_C,0
306,W2,SKU_D,0
306,W2,SKU_E,0
306,R1,SKU_A,0
306,R1,SKU_B,0
306,R1,SKU_C,507
306,R1,SKU_D,0
306,R1,SKU_E,0
306,R2,SKU_A,0
306,R2,SKU_B,198
306,R2,SKU_C,0
306,R2,SKU_D,0
306,R2,SKU_E,159
306,R3,SKU_A,806
306,R3,SKU_B,134
306,R3,SKU_C,0
306,R3,SKU_D,0
306,R3,SKU_E,0
307,Supplier,SKU_A,0
307,Supplier,SKU_B,0
307,Supplier,SKU_C,0
307,Supplier,SKU_D,0
307,Supplier,SKU_E,0
307,W1,SKU_A,0
307,W1,SKU_B,330
307,W1,SKU_C,852
307,W1,SKU_D,0
307,W1,SKU_E,0
307,W2,SKU_A,0
307,W2,SKU_B,0
307,W2,SKU_C,0
307,W2,SKU_D,0
307,W2,SKU_E,0
307,R1,SKU_A,0
307,R1,SKU_B,156
307,R1,SKU_C,0
307,R1,SKU_D,429
307,R1,SKU_E,105
307,R2,SKU_A,507
307,R2,SKU_B,0
307,R2,SKU_C,0
307,R2,SKU_D,0
307,R2,SKU_E,0
307,R3,SKU_A,0
307,R3,SKU_B,0
307,R3,SKU_C,353
307,R3,SKU_D,0
307,R3,SKU_E,0
308,Supplier,SKU_A,0
308,Supplier,SKU_B,0
308,Supplier,SKU_C,0
308,Supplier,SKU_D,0
308,Supplier,SKU_E,0
308,W1,SKU_A,0
308,W1,SKU_B,0
308,W1,SKU_C,0
308,W1,SKU_D,0
308,W1,SKU_E,0
308,W2,SKU_A,0
308,W2,SKU_B,0
308,W2,SKU_C,2188
308,W2,SKU_D,0
308,W2,SKU_E,0
308,R1,SKU_A,0
308,R1,SKU_B,106
308,R1,SKU_C,0
308,R1,SKU_D,0
308,R1,SKU_E,0
308,R2,SKU_A,0
308,R2,SKU_B,0
308,R2,SKU_C,0
308,R2,SKU_D,0
308,R2,SKU_E,0
308,R3,SKU_A,0
308,R3,SKU_B,154
308,R3,SKU_C,0
308,R3,SKU_D,0
308,R3,SKU_E,0
309,Supplier,SKU_A,0
309,Supplier,SKU_B,0
309,Supplier,SKU_C,0
309,Supplier,SKU_D,0
309,Supplier,SKU_E,0
309,W1,SKU_A,0
309,W1,SKU_B,262
309,W1,SKU_C,0
309,W1,SKU_D,0
309,W1,SKU_E,0
309,W2,SKU_A,0
309,W2,SKU_B,0
309,W2,SKU_C,0
309,W2,SKU_D,0
309,W2,SKU_E,0
309,R1,SKU_A,0
309,R1,SKU_B,0
309,R1,SKU_C,0
309,R1,SKU_D,0
309,R1,SKU_E,104
309,R2,SKU_A,0
309,R2,SKU_B,0
309,R2,SKU_C,0
309,R2,SKU_D,222
309,R2,SKU_E,143
309,R3,SKU_A,0
309,R3,SKU_B,0
309,R3,SKU_C,0
309,R3,SKU_D,0
309,R3,SKU_E,726
310,Supplier,SKU_A,0
310,Supplier,SKU_B,0
310,Supplier,SKU_C,0
310,Supplier,SKU_D,0
310,Supplier,SKU_E,0
310,W1,SKU_A,0
310,W1,SKU_B,0
310,W1,SKU_C,0
310,W1,SKU_D,0
310,W1,SKU_E,632
310,W2,SKU_A,0
310,W2,SKU_B,0
310,W2,SKU_C,0
310,W2,SKU_D,0
310,W2,SKU_E,726
310,R1,SKU_A,0
310,R1,SKU_B,103
310,R1,SKU_C,0
310,R1,SKU_D,0
310,R1,SKU_E,0
310,R2,SKU_A,0
310,R2,SKU_B,235
310,R2,SKU_C,0
310,R2,SKU_D,0
310,R2,SKU_E,0
310,R3,SKU_A,824
310,R3,SKU_B,127
310,R3,SKU_C,328
310,R3,SKU_D,0
310,R3,SKU_E,0
311,Supplier,SKU_A,0
311,Supplier,SKU_B,0
311,Supplier,SKU_C,0
311,Supplier,SKU_D,0
311,Supplier,SKU_E,0
311,W1,SKU_A,0
311,W1,SKU_B,338
311,W1,SKU_C,0
311,W1,SKU_D,0
311,W1,SKU_E,0
311,W2,SKU_A,1630
311,W2,SKU_B,0
311,W2,SKU_C,0
311,W2,SKU_D,0
311,W2,SKU_E,0
311,R1,SKU_A,955
311,R1,SKU_B,0
311,R1,SKU_C,472
311,R1,SKU_D,0
311,R1,SKU_E,86
311,R2,SKU_A,0
311,R2,SKU_B,0
311,R2,SKU_C,0
311,R2,SKU_D,0
311,R2,SKU_E,0
311,R3,SKU_A,0
311,R3,SKU_B,0
311,R3,SKU_C,0
311,R3,SKU_D,0
311,R3,SKU_E,0
312,Supplier,SKU_A,0
312,Supplier,SKU_B,0
312,Supplier,SKU_C,0
312,Supplier,SKU_D,0
312,Supplier,SKU_E,0
312,W1,SKU_A,2902
312,W1,SKU_B,0
312,W1,SKU_C,0
312,W1,SKU_D,0
312,W1,SKU_E,0
312,W2,SKU_A,0
312,W2,SKU_B,0
312,W2,SKU_C,0
312,W2,SKU_D,0
312,W2,SKU_E,0
312,R1,SKU_A,0
312,R1,SKU_B,121
312,R1,SKU_C,0
312,R1,SKU_D,0
312,R1,SKU_E,0
312,R2,SKU_A,489
312,R2,SKU_B,0
312,R2,SKU_C,373
312,R2,SKU_D,0
312,R2,SKU_E,186
312,R3,SKU_A,0
312,R3,SKU_B,148
312,R3,SKU_C,0
312,R3,SKU_D,1309
312,R3,SKU_E,0
313,Supplier,SKU_A,0
313,Supplier,SKU_B,0
313,Supplier,SKU_C,0
313,Supplier,SKU_D,0
313,Supplier,SKU_E,0
313,W1,SKU_A,0
313,W1,SKU_B,0
313,W1,SKU_C,845
313,W1,SKU_D,0
313,W1,SKU_E,0
313,W2,SKU_A,0
313,W2,SKU_B,0
313,W2,SKU_C,0
313,W2,SKU_D,1309
313,W2,SKU_E,0
313,R1,SKU_A,0
313,R1,SKU_B,0
313,R1,SKU_C,0
313,R1,SKU_D,0
313,R1,SKU_E,117
313,R2,SKU_A,0
313,R2,SKU_B,0
313,R2,SKU_C,0
313,R2,SKU_D,210
313,R2,SKU_E,0
313,R3,SKU_A,0
313,R3,SKU_B,89
313,R3,SKU_C,0
313,R3,SKU_D,0
313,R3,SKU_E,0
314,Supplier,SKU_A,0
314,Supplier,SKU_B,0
314,Supplier,SKU_C,0
314,Supplier,SKU_D,0
314,Supplier,SKU_E,0
314,W1,SKU_A,0
314,W1,SKU_B,0
314,W1,SKU_C,0
314,W1,SKU_D,0
314,W1,SKU_E,0
314,W2,SKU_A,0
314,W2,SKU_B,0
314,W2,SKU_C,0
314,W2,SKU_D,0
314,W2,SKU_E,0
314,R1,SKU_A,0
314,R1,SKU_B,154
314,R1,SKU_C,0
314,R1,SKU_D,408
314,R1,SKU_E,0
314,R2,SKU_A,0
314,R2,SKU_B,183
314,R2,SKU_C,0
314,R2,SKU_D,0
314,R2,SKU_E,0
314,R3,SKU_A,734
314,R3,SKU_B,0
314,R3,SKU_C,440
314,R3,SKU_D,0
314,R3,SKU_E,0
315,Supplier,SKU_A,0
315,Supplier,SKU_B,0
315,Supplier,SKU_C,0
315,Supplier,SKU_D,0
315,Supplier,SKU_E,0
315,W1,SKU_A,0
315,W1,SKU_B,458
315,W1,SKU_C,0
315,W1,SKU_D,1463
315,W1,SKU_E,0
315,W2,SKU_A,0
315,W2,SKU_B,0
315,W2,SKU_C,0
315,W2,SKU_D,0
315,W2,SKU_E,0
315,R1,SKU_A,0
315,R1,SKU_B,91
315,R1,SKU_C,440
315,R1,SKU_D,0
315,R1,SKU_E,128
315,R2,SKU_A,0
315,R2,SKU_B,0
315,R2,SKU_C,0
315,R2,SKU_D,0
315,R2,SKU_E,183
315,R3,SKU_A,0
315,R3,SKU_B,141
315,R3,SKU_C,0
315,R3,SKU_D,0
315,R3,SKU_E,0
316,Supplier,SKU_A,0
316,Supplier,SKU_B,0
316,Supplier,SKU_C,0
316,Supplier,SKU_D,0
316,Supplier,SKU_E,0
316,W1,SKU_A,0
316,W1,SKU_B,0
316,W1,SKU_C,0
316,W1,SKU_D,0
316,W1,SKU_E,700
316,W2,SKU_A,0
316,W2,SKU_B,793
316,W2,SKU_C,0
316,W2,SKU_D,0
316,W2,SKU_E,0
316,R1,SKU_A,0
316,R1,SKU_B,0
316,R1,SKU_C,0
316,R1,SKU_D,0
316,R1,SKU_E,0
316,R2,SKU_A,0
316,R2,SKU_B,0
316,R2,SKU_C,0
316,R2,SKU_D,191
316,R2,SKU_E,0
316,R3,SKU_A,0
316,R3,SKU_B,0
316,R3,SKU_C,0
316,R3,SKU_D,0
316,R3,SKU_E,0
317,Supplier,SKU_A,0
317,Supplier,SKU_B,0
317,Supplier,SKU_C,0
317,Supplier,SKU_D,0
317,Supplier,SKU_E,0
317,W1,SKU_A,0
317,W1,SKU_B,0
317,W1,SKU_C,0
317,W1,SKU_D,0
317,W1,SKU_E,0
317,W2,SKU_A,0
317,W2,SKU_B,0
317,W2,SKU_C,0
317,W2,SKU_D,0
317,W2,SKU_E,0
317,R1,SKU_A,0
317,R1,SKU_B,92
317,R1,SKU_C,0
317,R1,SKU_D,0
317,R1,SKU_E,91
317,R2,SKU_A,488
317,R2,SKU_B,0
317,R2,SKU_C,0
317,R2,SKU_D,0
317,R2,SKU_E,0
317,R3,SKU_A,0
317,R3,SKU_B,144
317,R3,SKU_C,322
317,R3,SKU_D,0
317,R3,SKU_E,743
318,Supplier,SKU_A,0
318,Supplier,SKU_B,0
318,Supplier,SKU_C,0
318,Supplier,SKU_D,0
318,Supplier,SKU_E,0
318,W1,SKU_A,0
318,W1,SKU_B,0
318,W1,SKU_C,0
318,W1,SKU_D,0
318,W1,SKU_E,0
318,W2,SKU_A,0
318,W2,SKU_B,0
318,W2,SKU_C,0
318,W2,SKU_D,0
318,W2,SKU_E,743
318,R1,SKU_A,928
318,R1,SKU_B,0
318,R1,SKU_C,0
318,R1,SKU_D,0
318,R1,SKU_E,0
318,R2,SKU_A,0
318,R2,SKU_B,211
318,R2,SKU_C,0
318,R2,SKU_D,0
318,R2,SKU_E,175
318,R3,SKU_A,707
318,R3,SKU_B,0
318,R3,SKU_C,0
318,R3,SKU_D,0
318,R3,SKU_E,0
319,Supplier,SKU_A,0
319,Supplier,SKU_B,0
319,Supplier,SKU_C,0
319,Supplier,SKU_D,0
319,Supplier,SKU_E,0
319,W1,SKU_A,0
319,W1,SKU_B,394
319,W1,SKU_C,0
319,W1,SKU_D,0
319,W1,SKU_E,0
319,W2,SKU_A,1441
319,W2,SKU_B,0
319,W2,SKU_C,0
319,W2,SKU_D,0
319,W2,SKU_E,0
319,R1,SKU_A,0
319,R1,SKU_B,119
319,R1,SKU_C,0
319,R1,SKU_D,0
319,R1,SKU_E,100
319,R2,SKU_A,0
319,R2,SKU_B,0
319,R2,SKU_C,0
319,R2,SKU_D,0
319,R2,SKU_E,0
319,R3,SKU_A,0
319,R3,SKU_B,145
319,R3,SKU_C,0
319,R3,SKU_D,0
319,R3,SKU_E,0
320,Supplier,SKU_A,0
320,Supplier,SKU_B,0
320,Supplier,SKU_C,0
320,Supplier,SKU_D,0
320,Supplier,SKU_E,0
320,W1,SKU_A,0
320,W1,SKU_B,0
320,W1,SKU_C,0
320,W1,SKU_D,0
320,W1,SKU_E,0
320,W2,SKU_A,0
320,W2,SKU_B,0
320,W2,SKU_C,0
320,W2,SKU_D,0
320,W2,SKU_E,0
320,R1,SKU_A,0
320,R1,SKU_B,0
320,R1,SKU_C,0
320,R1,SKU_D,0
320,R1,SKU_E,0
320,R2,SKU_A,0
320,R2,SKU_B,0
320,R2,SKU_C,348
320,R2,SKU_D,0
320,R2,SKU_E,0
320,R3,SKU_A,0
320,R3,SKU_B,84
320,R3,SKU_C,0
320,R3,SKU_D,0
320,R3,SKU_E,0
321,Supplier,SKU_A,0
321,Supplier,SKU_B,0
321,Supplier,SKU_C,0
321,Supplier,SKU_D,0
321,Supplier,SKU_E,0
321,W1,SKU_A,0
321,W1,SKU_B,0
321,W1,SKU_C,788
321,W1,SKU_D,0
321,W1,SKU_E,0
321,W2,SKU_A,0
321,W2,SKU_B,0
321,W2,SKU_C,0
321,W2,SKU_D,0
321,W2,SKU_E,0
321,R1,SKU_A,0
321,R1,SKU_B,173
321,R1,SKU_C,517
321,R1,SKU_D,466
321,R1,SKU_E,120
321,R2,SKU_A,0
321,R2,SKU_B,0
321,R2,SKU_C,0
321,R2,SKU_D,230
321,R2,SKU_E,161
321,R3,SKU_A,0
321,R3,SKU_B,104
321,R3,SKU_C,432
321,R3,SKU_D,0
321,R3,SKU_E,0
322,Supplier,SKU_A,0
322,Supplier,SKU_B,0
322,Supplier,SKU_C,0
322,Supplier,SKU_D,0
322,Supplier,SKU_E,0
322,W1,SKU_A,0
322,W1,SKU_B,292
322,W1,SKU_C,0
322,W1,SKU_D,0
322,W1,SKU_E,647
322,W2,SKU_A,0
322,W2,SKU_B,0
322,W2,SKU_C,0
322,W2,SKU_D,0
322,W2,SKU_E,0
322,R1,SKU_A,0
322,R1,SKU_B,0
322,R1,SKU_C,0
322,R1,SKU_D,0
322,R1,SKU_E,0
322,R2,SKU_A,499
322,R2,SKU_B,190
322,R2,SKU_C,0
322,R2,SKU_D,0
322,R2,SKU_E,0
322,R3,SKU_A,808
322,R3,SKU_B,0
322,R3,SKU_C,0
322,R3,SKU_D,0
322,R3,SKU_E,0
323,Supplier,SKU_A,0
323,Supplier,SKU_B,0
323,Supplier,SKU_C,0
323,Supplier,SKU_D,0
323,Supplier,SKU_E,0
323,W1,SKU_A,2404
323,W1,SKU_B,190
323,W1,SKU_C,0
323,W1,SKU_D,0
323,W1,SKU_E,0
323,W2,SKU_A,0
323,W2,SKU_B,0
323,W2,SKU_C,0
323,W2,SKU_D,0
323,W2,SKU_E,0
323,R1,SKU_A,0
323,R1,SKU_B,127
323,R1,SKU_C,0
323,R1,SKU_D,0
323,R1,SKU_E,127
323,R2,SKU_A,0
323,R2,SKU_B,0
323,R2,SKU_C,0
323,R2,SKU_D,0
323,R2,SKU_E,0
323,R3,SKU_A,0
323,R3,SKU_B,157
323,R3,SKU_C,0
323,R3,SKU_D,0
323,R3,SKU_E,0
324,Supplier,SKU_A,0
324,Supplier,SKU_B,0
324,Supplier,SKU_C,0
324,Supplier,SKU_D,0
324,Supplier,SKU_E,0
324,W1,SKU_A,0
324,W1,SKU_B,0
324,W1,SKU_C,0
324,W1,SKU_D,0
324,W1,SKU_E,0
324,W2,SKU_A,0
324,W2,SKU_B,0
324,W2,SKU_C,0
324,W2,SKU_D,0
324,W2,SKU_E,0
324,R1,SKU_A,0
324,R1,SKU_B,0
324,R1,SKU_C,0
324,R1,SKU_D,0
324,R1,SKU_E,0
324,R2,SKU_A,0
324,R2,SKU_B,0
324,R2,SKU_C,0
324,R2,SKU_D,0
324,R2,SKU_E,177
324,R3,SKU_A,0
324,R3,SKU_B,0
324,R3,SKU_C,407
324,R3,SKU_D,0
324,R3,SKU_E,0
325,Supplier,SKU_A,0
325,Supplier,SKU_B,0
325,Supplier,SKU_C,0
325,Supplier,SKU_D,0
325,Supplier,SKU_E,0
325,W1,SKU_A,0
325,W1,SKU_B,0
325,W1,SKU_C,0
325,W1,SKU_D,0
325,W1,SKU_E,0
325,W2,SKU_A,0
325,W2,SKU_B,0
325,W2,SKU_C,0
325,W2,SKU_D,0
325,W2,SKU_E,0
325,R1,SKU_A,918
325,R1,SKU_B,107
325,R1,SKU_C,0
325,R1,SKU_D,0
325,R1,SKU_E,95
325,R2,SKU_A,0
325,R2,SKU_B,0
325,R2,SKU_C,0
325,R2,SKU_D,0
325,R2,SKU_E,0
325,R3,SKU_A,0
325,R3,SKU_B,120
325,R3,SKU_C,0
325,R3,SKU_D,0
325,R3,SKU_E,707
326,Supplier,SKU_A,0
326,Supplier,SKU_B,0
326,Supplier,SKU_C,0
326,Supplier,SKU_D,0
326,Supplier,SKU_E,0
326,W1,SKU_A,0
326,W1,SKU_B,234
326,W1,SKU_C,0
326,W1,SKU_D,0
326,W1,SKU_E,0
326,W2,SKU_A,0
326,W2,SKU_B,754
326,W2,SKU_C,0
326,W2,SKU_D,0
326,W2,SKU_E,707
326,R1,SKU_A,0
326,R1,SKU_B,0
326,R1,SKU_C,438
326,R1,SKU_D,0
326,R1,SKU_E,0
326,R2,SKU_A,0
326,R2,SKU_B,210
326,R2,SKU_C,0
326,R2,SKU_D,232
326,R2,SKU_E,0
326,R3,SKU_A,718
326,R3,SKU_B,0
326,R3,SKU_C,0
326,R3,SKU_D,1355
326,R3,SKU_E,0
327,Supplier,SKU_A,0
327,Supplier,SKU_B,0
327,Supplier,SKU_C,0
327,Supplier,SKU_D,0
327,Supplier,SKU_E,0
327,W1,SKU_A,0
327,W1,SKU_B,210
327,W1,SKU_C,955
327,W1,SKU_D,0
327,W1,SKU_E,0
327,W2,SKU_A,1526
327,W2,SKU_B,0
327,W2,SKU_C,0
327,W2,SKU_D,1355
327,W2,SKU_E,0
327,R1,SKU_A,0
327,R1,SKU_B,109
327,R1,SKU_C,0
327,R1,SKU_D,0
327,R1,SKU_E,86
327,R2,SKU_A,0
327,R2,SKU_B,0
327,R2,SKU_C,371
327,R2,SKU_D,0
327,R2,SKU_E,157
327,R3,SKU_A,0
327,R3,SKU_B,147
327,R3,SKU_C,361
327,R3,SKU_D,0
327,R3,SKU_E,0
328,Supplier,SKU_A,0
328,Supplier,SKU_B,0
328,Supplier,SKU_C,0
328,Supplier,SKU_D,0
328,Supplier,SKU_E,0
328,W1,SKU_A,0
328,W1,SKU_B,0
328,W1,SKU_C,0
328,W1,SKU_D,0
328,W1,SKU_E,642
328,W2,SKU_A,0
328,W2,SKU_B,0
328,W2,SKU_C,2290
328,W2,SKU_D,0
328,W2,SKU_E,0
328,R1,SKU_A,0
328,R1,SKU_B,0
328,R1,SKU_C,0
328,R1,SKU_D,438
328,R1,SKU_E,0
328,R2,SKU_A,476
328,R2,SKU_B,0
328,R2,SKU_C,0
328,R2,SKU_D,0
328,R2,SKU_E,0
328,R3,SKU_A,0
328,R3,SKU_B,0
328,R3,SKU_C,0
328,R3,SKU_D,0
328,R3,SKU_E,0
329,Supplier,SKU_A,0
329,Supplier,SKU_B,0
329,Supplier,SKU_C,0
329,Supplier,SKU_D,0
329,Supplier,SKU_E,0
329,W1,SKU_A,0
329,W1,SKU_B,0
329,W1,SKU_C,0
329,W1,SKU_D,1557
329,W1,SKU_E,0
329,W2,SKU_A,0
329,W2,SKU_B,0
329,W2,SKU_C,0
329,W2,SKU_D,0
329,W2,SKU_E,0
329,R1,SKU_A,0
329,R1,SKU_B,151
329,R1,SKU_C,0
329,R1,SKU_D,0
329,R1,SKU_E,124
329,R2,SKU_A,0
329,R2,SKU_B,0
329,R2,SKU_C,0
329,R2,SKU_D,0
329,R2,SKU_E,0
329,R3,SKU_A,0
329,R3,SKU_B,152
329,R3,SKU_C,0
329,R3,SKU_D,0
329,R3,SKU_E,0
330,Supplier,SKU_A,0
330,Supplier,SKU_B,0
330,Supplier,SKU_C,0
330,Supplier,SKU_D,0
330,Supplier,SKU_E,0
330,W1,SKU_A,0
330,W1,SKU_B,260
330,W1,SKU_C,0
330,W1,SKU_D,0
330,W1,SKU_E,0
330,W2,SKU_A,0
330,W2,SKU_B,0
330,W2,SKU_C,0
330,W2,SKU_D,0
330,W2,SKU_E,0
330,R1,SKU_A,0
330,R1,SKU_B,0
330,R1,SKU_C,0
330,R1,SKU_D,0
330,R1,SKU_E,0
330,R2,SKU_A,0
330,R2,SKU_B,220
330,R2,SKU_C,0
330,R2,SKU_D,206
330,R2,SKU_E,153
330,R3,SKU_A,736
330,R3,SKU_B,0
330,R3,SKU_C,344
330,R3,SKU_D,0
330,R3,SKU_E,0
331,Supplier,SKU_A,0
331,Supplier,SKU_B,0
331,Supplier,SKU_C,0
331,Supplier,SKU_D,0
331,Supplier,SKU_E,0
331,W1,SKU_A,0
331,W1,SKU_B,220
331,W1,SKU_C,0
331,W1,SKU_D,0
331,W1,SKU_E,0
331,W2,SKU_A,0
331,W2,SKU_B,0
331,W2,SKU_C,0
331,W2,SKU_D,0
331,W2,SKU_E,0
331,R1,SKU_A,0
331,R1,SKU_B,0
331,R1,SKU_C,435
331,R1,SKU_D,0
331,R1,SKU_E,0
331,R2,SKU_A,0
331,R2,SKU_B,0
331,R2,SKU_C,0
331,R2,SKU_D,0
331,R2,SKU_E,0
331,R3,SKU_A,0
331,R3,SKU_B,110
331,R3,SKU_C,0
331,R3,SKU_D,0
331,R3,SKU_E,0
332,Supplier,SKU_A,0
332,Supplier,SKU_B,0
332,Supplier,SKU_C,0
332,Supplier,SKU_D,0
332,Supplier,SKU_E,0
332,W1,SKU_A,0
332,W1,SKU_B,0
332,W1,SKU_C,806
332,W1,SKU_D,0
332,W1,SKU_E,0
332,W2,SKU_A,0
332,W2,SKU_B,0
332,W2,SKU_C,0
332,W2,SKU_D,0
332,W2,SKU_E,0
332,R1,SKU_A,0
332,R1,SKU_B,142
332,R1,SKU_C,0
332,R1,SKU_D,0
332,R1,SKU_E,107
332,R2,SKU_A,0
332,R2,SKU_B,0
332,R2,SKU_C,0
332,R2,SKU_D,0
332,R2,SKU_E,0
332,R3,SKU_A,0
332,R3,SKU_B,0
332,R3,SKU_C,0
332,R3,SKU_D,0
332,R3,SKU_E,0
333,Supplier,SKU_A,0
333,Supplier,SKU_B,0
333,Supplier,SKU_C,0
333,Supplier,SKU_D,0
333,Supplier,SKU_E,0
333,W1,SKU_A,0
333,W1,SKU_B,0
333,W1,SKU_C,0
333,W1,SKU_D,0
333,W1,SKU_E,0
333,W2,SKU_A,0
333,W2,SKU_B,0
333,W2,SKU_C,0
333,W2,SKU_D,0
333,W2,SKU_E,0
333,R1,SKU_A,964
333,R1,SKU_B,0
333,R1,SKU_C,0
333,R1,SKU_D,0
333,R1,SKU_E,0
333,R2,SKU_A,464
333,R2,SKU_B,0
333,R2,SKU_C,345
333,R2,SKU_D,0
333,R2,SKU_E,156
333,R3,SKU_A,0
333,R3,SKU_B,125
333,R3,SKU_C,0
333,R3,SKU_D,0
333,R3,SKU_E,711
334,Supplier,SKU_A,0
334,Supplier,SKU_B,0
334,Supplier,SKU_C,0
334,Supplier,SKU_D,0
334,Supplier,SKU_E,0
334,W1,SKU_A,2822
334,W1,SKU_B,0
334,W1,SKU_C,0
334,W1,SKU_D,0
334,W1,SKU_E,540
334,W2,SKU_A,0
334,W2,SKU_B,0
334,W2,SKU_C,0
334,W2,SKU_D,0
334,W2,SKU_E,711
334,R1,SKU_A,0
334,R1,SKU_B,117
334,R1,SKU_C,0
334,R1,SKU_D,0
334,R1,SKU_E,94
334,R2,SKU_A,0
334,R2,SKU_B,219
334,R2,SKU_C,0
334,R2,SKU_D,198
334,R2,SKU_E,0
334,R3,SKU_A,0
334,R3,SKU_B,104
334,R3,SKU_C,427
334,R3,SKU_D,0
334,R3,SKU_E,0
335,Supplier,SKU_A,0
335,Supplier,SKU_B,0
335,Supplier,SKU_C,0
335,Supplier,SKU_D,0
335,Supplier,SKU_E,0
335,W1,SKU_A,0
335,W1,SKU_B,478
335,W1,SKU_C,0
335,W1,SKU_D,0
335,W1,SKU_E,0
335,W2,SKU_A,0
335,W2,SKU_B,0
335,W2,SKU_C,0
335,W2,SKU_D,0
335,W2,SKU_E,0
335,R1,SKU_A,0
335,R1,SKU_B,112
335,R1,SKU_C,476
335,R1,SKU_D,477
335,R1,SKU_E,0
335,R2,SKU_A,0
335,R2,SKU_B,0
335,R2,SKU_C,0
335,R2,SKU_D,0
335,R2,SKU_E,140
335,R3,SKU_A,918
335,R3,SKU_B,91
335,R3,SKU_C,0
335,R3,SKU_D,0
335,R3,SKU_E,0
336,Supplier,SKU_A,0
336,Supplier,SKU_B,0
336,Supplier,SKU_C,0
336,Supplier,SKU_D,0
336,Supplier,SKU_E,0
336,W1,SKU_A,0
336,W1,SKU_B,0
336,W1,SKU_C,821
336,W1,SKU_D,0
336,W1,SKU_E,0
336,W2,SKU_A,1654
336,W2,SKU_B,729
336,W2,SKU_C,0
336,W2,SKU_D,0
336,W2,SKU_E,0
336,R1,SKU_A,0
336,R1,SKU_B,91
336,R1,SKU_C,0
336,R1,SKU_D,0
336,R1,SKU_E,136
336,R2,SKU_A,0
336,R2,SKU_B,0
336,R2,SKU_C,0
336,R2,SKU_D,0
336,R2,SKU_E,0
336,R3,SKU_A,0
336,R3,SKU_B,0
336,R3,SKU_C,0
336,R3,SKU_D,0
336,R3,SKU_E,0
337,Supplier,SKU_A,0
337,Supplier,SKU_B,0
337,Supplier,SKU_C,0
337,Supplier,SKU_D,0
337,Supplier,SKU_E,0
337,W1,SKU_A,0
337,W1,SKU_B,203
337,W1,SKU_C,0
337,W1,SKU_D,0
337,W1,SKU_E,0
337,W2,SKU_A,0
337,W2,SKU_B,0
337,W2,SKU_C,0
337,W2,SKU_D,0
337,W2,SKU_E,0
337,R1,SKU_A,0
337,R1,SKU_B,0
337,R1,SKU_C,0
337,R1,SKU_D,0
337,R1,SKU_E,0
337,R2,SKU_A,480
337,R2,SKU_B,0
337,R2,SKU_C,0
337,R2,SKU_D,0
337,R2,SKU_E,0
337,R3,SKU_A,0
337,R3,SKU_B,109
337,R3,SKU_C,365
337,R3,SKU_D,0
337,R3,SKU_E,0
338,Supplier,SKU_A,0
338,Supplier,SKU_B,0
338,Supplier,SKU_C,0
338,Supplier,SKU_D,0
338,Supplier,SKU_E,0
338,W1,SKU_A,0
338,W1,SKU_B,0
338,W1,SKU_C,0
338,W1,SKU_D,0
338,W1,SKU_E,0
338,W2,SKU_A,0
338,W2,SKU_B,0
338,W2,SKU_C,0
338,W2,SKU_D,0
338,W2,SKU_E,0
338,R1,SKU_A,0
338,R1,SKU_B,0
338,R1,SKU_C,0
338,R1,SKU_D,0
338,R1,SKU_E,0
338,R2,SKU_A,0
338,R2,SKU_B,226
338,R2,SKU_C,348
338,R2,SKU_D,209
338,R2,SKU_E,140
338,R3,SKU_A,0
338,R3,SKU_B,0
338,R3,SKU_C,0
338,R3,SKU_D,0
338,R3,SKU_E,0
339,Supplier,SKU_A,0
339,Supplier,SKU_B,0
339,Supplier,SKU_C,0
339,Supplier,SKU_D,0
339,Supplier,SKU_E,0
339,W1,SKU_A,0
339,W1,SKU_B,226
339,W1,SKU_C,0
339,W1,SKU_D,0
339,W1,SKU_E,510
339,W2,SKU_A,0
339,W2,SKU_B,0
339,W2,SKU_C,0
339,W2,SKU_D,0
339,W2,SKU_E,0
339,R1,SKU_A,919
339,R1,SKU_B,128
339,R1,SKU_C,0
339,R1,SKU_D,0
339,R1,SKU_E,116
339,R2,SKU_A,0
339,R2,SKU_B,0
339,R2,SKU_C,0
339,R2,SKU_D,0
339,R2,SKU_E,0
339,R3,SKU_A,0
339,R3,SKU_B,130
339,R3,SKU_C,0
339,R3,SKU_D,0
339,R3,SKU_E,0
340,Supplier,SKU_A,0
340,Supplier,SKU_B,0
340,Supplier,SKU_C,0
340,Supplier,SKU_D,0
340,Supplier,SKU_E,0
340,W1,SKU_A,0
340,W1,SKU_B,0
340,W1,SKU_C,0
340,W1,SKU_D,0
340,W1,SKU_E,0
340,W2,SKU_A,0
340,W2,SKU_B,0
340,W2,SKU_C,0
340,W2,SKU_D,0
340,W2,SKU_E,0
340,R1,SKU_A,0
340,R1,SKU_B,0
340,R1,SKU_C,459
340,R1,SKU_D,0
340,R1,SKU_E,0
340,R2,SKU_A,0
340,R2,SKU_B,0
340,R2,SKU_C,0
340,R2,SKU_D,0
340,R2,SKU_E,0
340,R3,SKU_A,758
340,R3,SKU_B,0
340,R3,SKU_C,0
340,R3,SKU_D,1373
340,R3,SKU_E,0
341,Supplier,SKU_A,0
341,Supplier,SKU_B,0
341,Supplier,SKU_C,0
341,Supplier,SKU_D,0
341,Supplier,SKU_E,0
341,W1,SKU_A,0
341,W1,SKU_B,0
341,W1,SKU_C,807
341,W1,SKU_D,0
341,W1,SKU_E,0
341,W2,SKU_A,0
341,W2,SKU_B,0
341,W2,SKU_C,0
341,W2,SKU_D,1373
341,W2,SKU_E,0
341,R1,SKU_A,0
341,R1,SKU_B,149
341,R1,SKU_C,0
341,R1,SKU_D,403
341,R1,SKU_E,105
341,R2,SKU_A,0
341,R2,SKU_B,0
341,R2,SKU_C,0
341,R2,SKU_D,0
341,R2,SKU_E,181
341,R3,SKU_A,0
341,R3,SKU_B,129
341,R3,SKU_C,0
341,R3,SKU_D,0
341,R3,SKU_E,748
342,Supplier,SKU_A,0
342,Supplier,SKU_B,0
342,Supplier,SKU_C,0
342,Supplier,SKU_D,0
342,Supplier,SKU_E,0
342,W1,SKU_A,0
342,W1,SKU_B,277
342,W1,SKU_C,0
342,W1,SKU_D,1493
342,W1,SKU_E,0
342,W2,SKU_A,0
342,W2,SKU_B,0
342,W2,SKU_C,0
342,W2,SKU_D,0
342,W2,SKU_E,748
342,R1,SKU_A,0
342,R1,SKU_B,99
342,R1,SKU_C,0
342,R1,SKU_D,0
342,R1,SKU_E,0
342,R2,SKU_A,0
342,R2,SKU_B,222
342,R2,SKU_C,0
342,R2,SKU_D,202
342,R2,SKU_E,0
342,R3,SKU_A,0
342,R3,SKU_B,0
342,R3,SKU_C,479
342,R3,SKU_D,0
342,R3,SKU_E,0
343,Supplier,SKU_A,0
343,Supplier,SKU_B,0
343,Supplier,SKU_C,0
343,Supplier,SKU_D,0
343,Supplier,SKU_E,0
343,W1,SKU_A,0
343,W1,SKU_B,321
343,W1,SKU_C,0
343,W1,SKU_D,0
343,W1,SKU_E,0
343,W2,SKU_A,0
343,W2,SKU_B,0
343,W2,SKU_C,0
343,W2,SKU_D,0
343,W2,SKU_E,0
343,R1,SKU_A,0
343,R1,SKU_B,93
343,R1,SKU_C,0
343,R1,SKU_D,0
343,R1,SKU_E,142
343,R2,SKU_A,546
343,R2,SKU_B,0
343,R2,SKU_C,0
343,R2,SKU_D,0
343,R2,SKU_E,137
343,R3,SKU_A,0
343,R3,SKU_B,166
343,R3,SKU_C,0
343,R3,SKU_D,0
343,R3,SKU_E,0
344,Supplier,SKU_A,0
344,Supplier,SKU_B,0
344,Supplier,SKU_C,0
344,Supplier,SKU_D,0
344,Supplier,SKU_E,0
344,W1,SKU_A,0
344,W1,SKU_B,0
344,W1,SKU_C,0
344,W1,SKU_D,0
344,W1,SKU_E,681
344,W2,SKU_A,0
344,W2,SKU_B,0
344,W2,SKU_C,0
344,W2,SKU_D,0
344,W2,SKU_E,0
344,R1,SKU_A,0
344,R1,SKU_B,0
344,R1,SKU_C,501
344,R1,SKU_D,0
344,R1,SKU_E,0
344,R2,SKU_A,0
344,R2,SKU_B,0
344,R2,SKU_C,360
344,R2,SKU_D,0
344,R2,SKU_E,0
344,R3,SKU_A,728
344,R3,SKU_B,0
344,R3,SKU_C,0
344,R3,SKU_D,0
344,R3,SKU_E,0
345,Supplier,SKU_A,0
345,Supplier,SKU_B,0
345,Supplier,SKU_C,0
345,Supplier,SKU_D,0
345,Supplier,SKU_E,0
345,W1,SKU_A,0
345,W1,SKU_B,0
345,W1,SKU_C,861
345,W1,SKU_D,0
345,W1,SKU_E,0
345,W2,SKU_A,1486
345,W2,SKU_B,0
345,W2,SKU_C,0
345,W2,SKU_D,0
345,W2,SKU_E,0
345,R1,SKU_A,0
345,R1,SKU_B,135
345,R1,SKU_C,0
345,R1,SKU_D,0
345,R1,SKU_E,91
345,R2,SKU_A,0
345,R2,SKU_B,193
345,R2,SKU_C,0
345,R2,SKU_D,0
345,R2,SKU_E,0
345,R3,SKU_A,0
345,R3,SKU_B,143
345,R3,SKU_C,0
345,R3,SKU_D,0
345,R3,SKU_E,0
346,Supplier,SKU_A,0
346,Supplier,SKU_B,0
346,Supplier,SKU_C,0
346,Supplier,SKU_D,0
346,Supplier,SKU_E,0
346,W1,SKU_A,0
346,W1,SKU_B,421
346,W1,SKU_C,0
346,W1,SKU_D,0
346,W1,SKU_E,0
346,W2,SKU_A,0
346,W2,SKU_B,0
346,W2,SKU_C,0
346,W2,SKU_D,0
346,W2,SKU_E,0
346,R1,SKU_A,971
346,R1,SKU_B,0
346,R1,SKU_C,0
346,R1,SKU_D,0
346,R1,SKU_E,0
346,R2,SKU_A,0
346,R2,SKU_B,0
346,R2,SKU_C,0
346,R2,SKU_D,214
346,R2,SKU_E,163
346,R3,SKU_A,0
346,R3,SKU_B,0
346,R3,SKU_C,374
346,R3,SKU_D,0
346,R3,SKU_E,0
347,Supplier,SKU_A,0
347,Supplier,SKU_B,0
347,Supplier,SKU_C,0
347,Supplier,SKU_D,0
347,Supplier,SKU_E,0
347,W1,SKU_A,2916
347,W1,SKU_B,0
347,W1,SKU_C,0
347,W1,SKU_D,0
347,W1,SKU_E,0
347,W2,SKU_A,0
347,W2,SKU_B,0
347,W2,SKU_C,1989
347,W2,SKU_D,0
347,W2,SKU_E,0
347,R1,SKU_A,0
347,R1,SKU_B,110
347,R1,SKU_C,0
347,R1,SKU_D,446
347,R1,SKU_E,86
347,R2,SKU_A,0
347,R2,SKU_B,0
347,R2,SKU_C,0
347,R2,SKU_D,0
347,R2,SKU_E,0
347,R3,SKU_A,0
347,R3,SKU_B,108
347,R3,SKU_C,0
347,R3,SKU_D,0
347,R3,SKU_E,0
348,Supplier,SKU_A,0
348,Supplier,SKU_B,0
348,Supplier,SKU_C,0
348,Supplier,SKU_D,0
348,Supplier,SKU_E,0
348,W1,SKU_A,0
348,W1,SKU_B,0
348,W1,SKU_C,0
348,W1,SKU_D,0
348,W1,SKU_E,0
348,W2,SKU_A,0
348,W2,SKU_B,785
348,W2,SKU_C,0
348,W2,SKU_D,0
348,W2,SKU_E,0
348,R1,SKU_A,0
348,R1,SKU_B,0
348,R1,SKU_C,0
348,R1,SKU_D,0
348,R1,SKU_E,0
348,R2,SKU_A,496
348,R2,SKU_B,197
348,R2,SKU_C,0
348,R2,SKU_D,0
348,R2,SKU_E,134
348,R3,SKU_A,0
348,R3,SKU_B,0
348,R3,SKU_C,0
348,R3,SKU_D,0
348,R3,SKU_E,0
349,Supplier,SKU_A,0
349,Supplier,SKU_B,0
349,Supplier,SKU_C,0
349,Supplier,SKU_D,0
349,Supplier,SKU_E,0
349,W1,SKU_A,0
349,W1,SKU_B,307
349,W1,SKU_C,0
349,W1,SKU_D,0
349,W1,SKU_E,474
349,W2,SKU_A,0
349,W2,SKU_B,0
349,W2,SKU_C,0
349,W2,SKU_D,0
349,W2,SKU_E,0
349,R1,SKU_A,0
349,R1,SKU_B,181
349,R1,SKU_C,566
349,R1,SKU_D,0
349,R1,SKU_E,126
349,R2,SKU_A,0
349,R2,SKU_B,0
349,R2,SKU_C,0
349,R2,SKU_D,0
349,R2,SKU_E,0
349,R3,SKU_A,873
349,R3,SKU_B,151
349,R3,SKU_C,340
349,R3,SKU_D,0
349,R3,SKU_E,725
350,Supplier,SKU_A,0
350,Supplier,SKU_B,0
350,Supplier,SKU_C,0
350,Supplier,SKU_D,0
350,Supplier,SKU_E,0
350,W1,SKU_A,0
350,W1,SKU_B,0
350,W1,SKU_C,0
350,W1,SKU_D,0
350,W1,SKU_E,0
350,W2,SKU_A,0
350,W2,SKU_B,0
350,W2,SKU_C,0
350,W2,SKU_D,0
350,W2,SKU_E,725
350,R1,SKU_A,0
350,R1,SKU_B,99
350,R1,SKU_C,0
350,R1,SKU_D,0
350,R1,SKU_E,0
350,R2,SKU_A,0
350,R2,SKU_B,0
350,R2,SKU_C,393
350,R2,SKU_D,252
350,R2,SKU_E,0
350,R3,SKU_A,0
350,R3,SKU_B,0
350,R3,SKU_C,0
350,R3,SKU_D,0
350,R3,SKU_E,0
351,Supplier,SKU_A,0
351,Supplier,SKU_B,0
351,Supplier,SKU_C,0
351,Supplier,SKU_D,0
351,Supplier,SKU_E,0
351,W1,SKU_A,0
351,W1,SKU_B,280
351,W1,SKU_C,959
351,W1,SKU_D,0
351,W1,SKU_E,0
351,W2,SKU_A,0
351,W2,SKU_B,0
351,W2,SKU_C,0
351,W2,SKU_D,0
351,W2,SKU_E,0
351,R1,SKU_A,0
351,R1,SKU_B,0
351,R1,SKU_C,0
351,R1,SKU_D,0
351,R1,SKU_E,110
351,R2,SKU_A,0
351,R2,SKU_B,0
351,R2,SKU_C,0
351,R2,SKU_D,0
351,R2,SKU_E,187
351,R3,SKU_A,0
351,R3,SKU_B,117
351,R3,SKU_C,0
351,R3,SKU_D,0
351,R3,SKU_E,0
352,Supplier,SKU_A,0
352,Supplier,SKU_B,0
352,Supplier,SKU_C,0
352,Supplier,SKU_D,0
352,Supplier,SKU_E,0
352,W1,SKU_A,0
352,W1,SKU_B,0
352,W1,SKU_C,0
352,W1,SKU_D,0
352,W1,SKU_E,0
352,W2,SKU_A,0
352,W2,SKU_B,0
352,W2,SKU_C,0
352,W2,SKU_D,0
352,W2,SKU_E,0
352,R1,SKU_A,0
352,R1,SKU_B,97
352,R1,SKU_C,0
352,R1,SKU_D,0
352,R1,SKU_E,0
352,R2,SKU_A,0
352,R2,SKU_B,188
352,R2,SKU_C,0
352,R2,SKU_D,0
352,R2,SKU_E,0
352,R3,SKU_A,0
352,R3,SKU_B,0
352,R3,SKU_C,0
352,R3,SKU_D,0
352,R3,SKU_E,0
353,Supplier,SKU_A,0
353,Supplier,SKU_B,0
353,Supplier,SKU_C,0
353,Supplier,SKU_D,0
353,Supplier,SKU_E,0
353,W1,SKU_A,0
353,W1,SKU_B,285
353,W1,SKU_C,0
353,W1,SKU_D,0
353,W1,SKU_E,0
353,W2,SKU_A,0
353,W2,SKU_B,0
353,W2,SKU_C,0
353,W2,SKU_D,0
353,W2,SKU_E,0
353,R1,SKU_A,974
353,R1,SKU_B,0
353,R1,SKU_C,0
353,R1,SKU_D,0
353,R1,SKU_E,78
353,R2,SKU_A,502
353,R2,SKU_B,0
353,R2,SKU_C,0
353,R2,SKU_D,0
353,R2,SKU_E,0
353,R3,SKU_A,0
353,R3,SKU_B,95
353,R3,SKU_C,384
353,R3,SKU_D,1299
353,R3,SKU_E,0
354,Supplier,SKU_A,0
354,Supplier,SKU_B,0
354,Supplier,SKU_C,0
354,Supplier,SKU_D,0
354,Supplier,SKU_E,0
354,W1,SKU_A,1972
354,W1,SKU_B,0
354,W1,SKU_C,0
354,W1,SKU_D,0
354,W1,SKU_E,501
354,W2,SKU_A,0
354,W2,SKU_B,0
354,W2,SKU_C,0
354,W2,SKU_D,1299
354,W2,SKU_E,0
354,R1,SKU_A,0
354,R1,SKU_B,113
354,R1,SKU_C,0
354,R1,SKU_D,449
354,R1,SKU_E,0
354,R2,SKU_A,0
354,R2,SKU_B,0
354,R2,SKU_C,0
354,R2,SKU_D,197
354,R2,SKU_E,157
354,R3,SKU_A,801
354,R3,SKU_B,0
354,R3,SKU_C,0
354,R3,SKU_D,0
354,R3,SKU_E,0
355,Supplier,SKU_A,0
355,Supplier,SKU_B,0
355,Supplier,SKU_C,0
355,Supplier,SKU_D,0
355,Supplier,SKU_E,0
355,W1,SKU_A,0
355,W1,SKU_B,0
355,W1,SKU_C,0
355,W1,SKU_D,1760
355,W1,SKU_E,0
355,W2,SKU_A,1674
355,W2,SKU_B,0
355,W2,SKU_C,0
355,W2,SKU_D,0
355,W2,SKU_E,0
355,R1,SKU_A,0
355,R1,SKU_B,0
355,R1,SKU_C,494
355,R1,SKU_D,0
355,R1,SKU_E,91
355,R2,SKU_A,0
355,R2,SKU_B,205
355,R2,SKU_C,0
355,R2,SKU_D,0
355,R2,SKU_E,0
355,R3,SKU_A,0
355,R3,SKU_B,154
355,R3,SKU_C,0
355,R3,SKU_D,0
355,R3,SKU_E,0
356,Supplier,SKU_A,0
356,Supplier,SKU_B,0
356,Supplier,SKU_C,0
356,Supplier,SKU_D,0
356,Supplier,SKU_E,0
356,W1,SKU_A,0
356,W1,SKU_B,318
356,W1,SKU_C,0
356,W1,SKU_D,0
356,W1,SKU_E,0
356,W2,SKU_A,0
356,W2,SKU_B,0
356,W2,SKU_C,0
356,W2,SKU_D,0
356,W2,SKU_E,0
356,R1,SKU_A,0
356,R1,SKU_B,215
356,R1,SKU_C,0
356,R1,SKU_D,0
356,R1,SKU_E,0
356,R2,SKU_A,0
356,R2,SKU_B,0
356,R2,SKU_C,375
356,R2,SKU_D,0
356,R2,SKU_E,0
356,R3,SKU_A,0
356,R3,SKU_B,0
356,R3,SKU_C,0
356,R3,SKU_D,0
356,R3,SKU_E,655
357,Supplier,SKU_A,0
357,Supplier,SKU_B,0
357,Supplier,SKU_C,0
357,Supplier,SKU_D,0
357,Supplier,SKU_E,0
357,W1,SKU_A,0
357,W1,SKU_B,215
357,W1,SKU_C,869
357,W1,SKU_D,0
357,W1,SKU_E,0
357,W2,SKU_A,0
357,W2,SKU_B,0
357,W2,SKU_C,0
357,W2,SKU_D,0
357,W2,SKU_E,655
357,R1,SKU_A,0
357,R1,SKU_B,130
357,R1,SKU_C,0
357,R1,SKU_D,0
357,R1,SKU_E,136
357,R2,SKU_A,0
357,R2,SKU_B,0
357,R2,SKU_C,0
357,R2,SKU_D,210
357,R2,SKU_E,181
357,R3,SKU_A,0
357,R3,SKU_B,150
357,R3,SKU_C,447
357,R3,SKU_D,0
357,R3,SKU_E,0
358,Supplier,SKU_A,0
358,Supplier,SKU_B,0
358,Supplier,SKU_C,0
358,Supplier,SKU_D,0
358,Supplier,SKU_E,0
358,W1,SKU_A,0
358,W1,SKU_B,0
358,W1,SKU_C,0
358,W1,SKU_D,0
358,W1,SKU_E,565
358,W2,SKU_A,0
358,W2,SKU_B,0
358,W2,SKU_C,0
358,W2,SKU_D,0
358,W2,SKU_E,0
358,R1,SKU_A,0
358,R1,SKU_B,0
358,R1,SKU_C,0
358,R1,SKU_D,0
358,R1,SKU_E,0
358,R2,SKU_A,555
358,R2,SKU_B,222
358,R2,SKU_C,0
358,R2,SKU_D,0
358,R2,SKU_E,0
358,R3,SKU_A,715
358,R3,SKU_B,0
358,R3,SKU_C,0
358,R3,SKU_D,0
358,R3,SKU_E,0
359,Supplier,SKU_A,0
359,Supplier,SKU_B,0
359,Supplier,SKU_C,0
359,Supplier,SKU_D,0
359,Supplier,SKU_E,0
359,W1,SKU_A,0
359,W1,SKU_B,352
359,W1,SKU_C,0
359,W1,SKU_D,0
359,W1,SKU_E,0
359,W2,SKU_A,0
359,W2,SKU_B,0
359,W2,SKU_C,0
359,W2,SKU_D,0
359,W2,SKU_E,0
359,R1,SKU_A,929
359,R1,SKU_B,108
359,R1,SKU_C,481
359,R1,SKU_D,0
359,R1,SKU_E,97
359,R2,SKU_A,0
359,R2,SKU_B,0
359,R2,SKU_C,0
359,R2,SKU_D,0
359,R2,SKU_E,0
359,R3,SKU_A,0
359,R3,SKU_B,104
359,R3,SKU_C,0
359,R3,SKU_D,0
359,R3,SKU_E,0
360,Supplier,SKU_A,0
360,Supplier,SKU_B,0
360,Supplier,SKU_C,0
360,Supplier,SKU_D,0
360,Supplier,SKU_E,0
360,W1,SKU_A,0
360,W1,SKU_B,0
360,W1,SKU_C,0
360,W1,SKU_D,0
360,W1,SKU_E,0
360,W2,SKU_A,0
360,W2,SKU_B,771
360,W2,SKU_C,0
360,W2,SKU_D,0
360,W2,SKU_E,0
360,R1,SKU_A,0
360,R1,SKU_B,0
360,R1,SKU_C,0
360,R1,SKU_D,422
360,R1,SKU_E,0
360,R2,SKU_A,0
360,R2,SKU_B,0
360,R2,SKU_C,0
360,R2,SKU_D,0
360,R2,SKU_E,154
360,R3,SKU_A,0
360,R3,SKU_B,0
360,R3,SKU_C,0
360,R3,SKU_D,0
360,R3,SKU_E,0
361,Supplier,SKU_A,0
361,Supplier,SKU_B,0
361,Supplier,SKU_C,0
361,Supplier,SKU_D,0
361,Supplier,SKU_E,0
361,W1,SKU_A,0
361,W1,SKU_B,0
361,W1,SKU_C,0
361,W1,SKU_D,0
361,W1,SKU_E,0
361,W2,SKU_A,0
361,W2,SKU_B,0
361,W2,SKU_C,0
361,W2,SKU_D,0
361,W2,SKU_E,0
361,R1,SKU_A,0
361,R1,SKU_B,106
361,R1,SKU_C,0
361,R1,SKU_D,0
361,R1,SKU_E,0
361,R2,SKU_A,0
361,R2,SKU_B,0
361,R2,SKU_C,352
361,R2,SKU_D,206
361,R2,SKU_E,0
361,R3,SKU_A,0
361,R3,SKU_B,108
361,R3,SKU_C,0
361,R3,SKU_D,0
361,R3,SKU_E,0
362,Supplier,SKU_A,0
362,Supplier,SKU_B,0
362,Supplier,SKU_C,0
362,Supplier,SKU_D,0
362,Supplier,SKU_E,0
362,W1,SKU_A,0
362,W1,SKU_B,214
362,W1,SKU_C,833
362,W1,SKU_D,0
362,W1,SKU_E,0
362,W2,SKU_A,0
362,W2,SKU_B,0
362,W2,SKU_C,0
362,W2,SKU_D,0
362,W2,SKU_E,0
362,R1,SKU_A,0
362,R1,SKU_B,0
362,R1,SKU_C,0
362,R1,SKU_D,0
362,R1,SKU_E,109
362,R2,SKU_A,0
362,R2,SKU_B,197
362,R2,SKU_C,0
362,R2,SKU_D,0
362,R2,SKU_E,0
362,R3,SKU_A,0
362,R3,SKU_B,0
362,R3,SKU_C,418
362,R3,SKU_D,0
362,R3,SKU_E,0
363,Supplier,SKU_A,0
363,Supplier,SKU_B,0
363,Supplier,SKU_C,0
363,Supplier,SKU_D,0
363,Supplier,SKU_E,0
363,W1,SKU_A,0
363,W1,SKU_B,197
363,W1,SKU_C,0
363,W1,SKU_D,0
363,W1,SKU_E,0
363,W2,SKU_A,0
363,W2,SKU_B,0
363,W2,SKU_C,0
363,W2,SKU_D,0
363,W2,SKU_E,0
363,R1,SKU_A,0
363,R1,SKU_B,181
363,R1,SKU_C,0
363,R1,SKU_D,0
363,R1,SKU_E,0
363,R2,SKU_A,475
363,R2,SKU_B,0
363,R2,SKU_C,0
363,R2,SKU_D,0
363,R2,SKU_E,161
363,R3,SKU_A,814
363,R3,SKU_B,168
363,R3,SKU_C,0
363,R3,SKU_D,0
363,R3,SKU_E,0
364,Supplier,SKU_A,0
364,Supplier,SKU_B,0
364,Supplier,SKU_C,0
364,Supplier,SKU_D,0
364,Supplier,SKU_E,0
364,W1,SKU_A,1959
364,W1,SKU_B,0
364,W1,SKU_C,0
364,W1,SKU_D,0
364,W1,SKU_E,521
364,W2,SKU_A,1529
364,W2,SKU_B,0
364,W2,SKU_C,0
364,W2,SKU_D,0
364,W2,SKU_E,0
364,R1,SKU_A,0
364,R1,SKU_B,0
364,R1,SKU_C,522
364,R1,SKU_D,0
364,R1,SKU_E,136
364,R2,SKU_A,0
364,R2,SKU_B,0
364,R2,SKU_C,0
364,R2,SKU_D,0
364,R2,SKU_E,0
364,R3,SKU_A,0
364,R3,SKU_B,0
364,R3,SKU_C,0
364,R3,SKU_D,0
364,R3,SKU_E,667
