t,node_id,sku,orders_to_parent
0,Supplier,SKU_A,0
0,Supplier,SKU_B,0
0,Supplier,SKU_C,0
0,Supplier,SKU_D,0
0,Supplier,SKU_E,0
0,W1,SKU_A,354
0,W1,SKU_B,490
0,W1,SKU_C,2072
0,W1,SKU_D,732
0,W1,SKU_E,1372
0,W2,SKU_A,378
0,W2,SKU_B,238
0,W2,SKU_C,1214
0,W2,SKU_D,0
0,W2,SKU_E,1106
0,R1,SKU_A,277
0,R1,SKU_B,475
0,R1,SKU_C,498
0,R1,SKU_D,582
0,R1,SKU_E,282
0,R2,SKU_A,923
0,R2,SKU_B,510
0,R2,SKU_C,419
0,R2,SKU_D,261
0,R2,SKU_E,535
0,R3,SKU_A,2712
0,R3,SKU_B,96
0,R3,SKU_C,1027
0,R3,SKU_D,1370
0,R3,SKU_E,785
1,Supplier,SKU_A,0
1,Supplier,SKU_B,0
1,Supplier,SKU_C,0
1,Supplier,SKU_D,0
1,Supplier,SKU_E,0
1,W1,SKU_A,0
1,W1,SKU_B,0
1,W1,SKU_C,0
1,W1,SKU_D,0
1,W1,SKU_E,0
1,W2,SKU_A,0
1,W2,SKU_B,0
1,W2,SKU_C,0
1,W2,SKU_D,0
1,W2,SKU_E,0
1,R1,SKU_A,94
1,R1,SKU_B,0
1,R1,SKU_C,0
1,R1,SKU_D,0
1,R1,SKU_E,0
1,R2,SKU_A,0
1,R2,SKU_B,0
1,R2,SKU_C,0
1,R2,SKU_D,0
1,R2,SKU_E,0
1,R3,SKU_A,0
1,R3,SKU_B,0
1,R3,SKU_C,0
1,R3,SKU_D,0
1,R3,SKU_E,0
2,Supplier,SKU_A,0
2,Supplier,SKU_B,0
2,Supplier,SKU_C,0
2,Supplier,SKU_D,0
2,Supplier,SKU_E,0
2,W1,SKU_A,1294
2,W1,SKU_B,0
2,W1,SKU_C,0
2,W1,SKU_D,0
2,W1,SKU_E,817
2,W2,SKU_A,0
2,W2,SKU_B,0
2,W2,SKU_C,0
2,W2,SKU_D,0
2,W2,SKU_E,0
2,R1,SKU_A,86
2,R1,SKU_B,0
2,R1,SKU_C,0
2,R1,SKU_D,62
2,R1,SKU_E,0
2,R2,SKU_A,0
2,R2,SKU_B,0
2,R2,SKU_C,0
2,R2,SKU_D,0
2,R2,SKU_E,0
2,R3,SKU_A,0
2,R3,SKU_B,0
2,R3,SKU_C,0
2,R3,SKU_D,0
2,R3,SKU_E,0
3,Supplier,SKU_A,0
3,Supplier,SKU_B,0
3,Supplier,SKU_C,0
3,Supplier,SKU_D,0
3,Supplier,SKU_E,0
3,W1,SKU_A,0
3,W1,SKU_B,0
3,W1,SKU_C,0
3,W1,SKU_D,0
3,W1,SKU_E,0
3,W2,SKU_A,0
3,W2,SKU_B,0
3,W2,SKU_C,0
3,W2,SKU_D,1352
3,W2,SKU_E,0
3,R1,SKU_A,88
3,R1,SKU_B,0
3,R1,SKU_C,0
3,R1,SKU_D,0
3,R1,SKU_E,0
3,R2,SKU_A,0
3,R2,SKU_B,0
3,R2,SKU_C,0
3,R2,SKU_D,0
3,R2,SKU_E,0
3,R3,SKU_A,0
3,R3,SKU_B,0
3,R3,SKU_C,0
3,R3,SKU_D,0
3,R3,SKU_E,0
4,Supplier,SKU_A,0
4,Supplier,SKU_B,0
4,Supplier,SKU_C,0
4,Supplier,SKU_D,0
4,Supplier,SKU_E,0
4,W1,SKU_A,174
4,W1,SKU_B,0
4,W1,SKU_C,0
4,W1,SKU_D,0
4,W1,SKU_E,0
4,W2,SKU_A,0
4,W2,SKU_B,0
4,W2,SKU_C,0
4,W2,SKU_D,0
4,W2,SKU_E,0
4,R1,SKU_A,87
4,R1,SKU_B,0
4,R1,SKU_C,0
4,R1,SKU_D,78
4,R1,SKU_E,147
4,R2,SKU_A,0
4,R2,SKU_B,0
4,R2,SKU_C,0
4,R2,SKU_D,0
4,R2,SKU_E,0
4,R3,SKU_A,0
4,R3,SKU_B,187
4,R3,SKU_C,0
4,R3,SKU_D,0
4,R3,SKU_E,0
5,Supplier,SKU_A,0
5,Supplier,SKU_B,0
5,Supplier,SKU_C,0
5,Supplier,SKU_D,0
5,Supplier,SKU_E,0
5,W1,SKU_A,0
5,W1,SKU_B,0
5,W1,SKU_C,0
5,W1,SKU_D,0
5,W1,SKU_E,0
5,W2,SKU_A,0
5,W2,SKU_B,0
5,W2,SKU_C,1027
5,W2,SKU_D,0
5,W2,SKU_E,0
5,R1,SKU_A,128
5,R1,SKU_B,0
5,R1,SKU_C,0
5,R1,SKU_D,0
5,R1,SKU_E,0
5,R2,SKU_A,0
5,R2,SKU_B,0
5,R2,SKU_C,296
5,R2,SKU_D,206
5,R2,SKU_E,0
5,R3,SKU_A,938
5,R3,SKU_B,0
5,R3,SKU_C,0
5,R3,SKU_D,373
5,R3,SKU_E,0
6,Supplier,SKU_A,0
6,Supplier,SKU_B,0
6,Supplier,SKU_C,0
6,Supplier,SKU_D,0
6,Supplier,SKU_E,0
6,W1,SKU_A,215
6,W1,SKU_B,0
6,W1,SKU_C,0
6,W1,SKU_D,0
6,W1,SKU_E,147
6,W2,SKU_A,0
6,W2,SKU_B,0
6,W2,SKU_C,0
6,W2,SKU_D,373
6,W2,SKU_E,0
6,R1,SKU_A,166
6,R1,SKU_B,280
6,R1,SKU_C,0
6,R1,SKU_D,111
6,R1,SKU_E,0
6,R2,SKU_A,0
6,R2,SKU_B,356
6,R2,SKU_C,0
6,R2,SKU_D,0
6,R2,SKU_E,0
6,R3,SKU_A,0
6,R3,SKU_B,0
6,R3,SKU_C,0
6,R3,SKU_D,0
6,R3,SKU_E,0
7,Supplier,SKU_A,0
7,Supplier,SKU_B,0
7,Supplier,SKU_C,0
7,Supplier,SKU_D,0
7,Supplier,SKU_E,0
7,W1,SKU_A,0
7,W1,SKU_B,1621
7,W1,SKU_C,0
7,W1,SKU_D,0
7,W1,SKU_E,0
7,W2,SKU_A,3650
7,W2,SKU_B,0
7,W2,SKU_C,0
7,W2,SKU_D,0
7,W2,SKU_E,0
7,R1,SKU_A,136
7,R1,SKU_B,0
7,R1,SKU_C,0
7,R1,SKU_D,0
7,R1,SKU_E,0
7,R2,SKU_A,0
7,R2,SKU_B,0
7,R2,SKU_C,0
7,R2,SKU_D,0
7,R2,SKU_E,0
7,R3,SKU_A,0
7,R3,SKU_B,0
7,R3,SKU_C,0
7,R3,SKU_D,0
7,R3,SKU_E,0
8,Supplier,SKU_A,0
8,Supplier,SKU_B,0
8,Supplier,SKU_C,0
8,Supplier,SKU_D,0
8,Supplier,SKU_E,0
8,W1,SKU_A,302
8,W1,SKU_B,0
8,W1,SKU_C,0
8,W1,SKU_D,0
8,W1,SKU_E,0
8,W2,SKU_A,0
8,W2,SKU_B,0
8,W2,SKU_C,0
8,W2,SKU_D,0
8,W2,SKU_E,0
8,R1,SKU_A,98
8,R1,SKU_B,0
8,R1,SKU_C,0
8,R1,SKU_D,98
8,R1,SKU_E,232
8,R2,SKU_A,843
8,R2,SKU_B,0
8,R2,SKU_C,0
8,R2,SKU_D,0
8,R2,SKU_E,0
8,R3,SKU_A,0
8,R3,SKU_B,286
8,R3,SKU_C,0
8,R3,SKU_D,0
8,R3,SKU_E,0
9,Supplier,SKU_A,0
9,Supplier,SKU_B,0
9,Supplier,SKU_C,0
9,Supplier,SKU_D,0
9,Supplier,SKU_E,0
9,W1,SKU_A,0
9,W1,SKU_B,0
9,W1,SKU_C,0
9,W1,SKU_D,1398
9,W1,SKU_E,0
9,W2,SKU_A,0
9,W2,SKU_B,0
9,W2,SKU_C,0
9,W2,SKU_D,0
9,W2,SKU_E,0
9,R1,SKU_A,95
9,R1,SKU_B,0
9,R1,SKU_C,0
9,R1,SKU_D,0
9,R1,SKU_E,0
9,R2,SKU_A,0
9,R2,SKU_B,0
9,R2,SKU_C,0
9,R2,SKU_D,0
9,R2,SKU_E,0
9,R3,SKU_A,0
9,R3,SKU_B,0
9,R3,SKU_C,0
9,R3,SKU_D,0
9,R3,SKU_E,0
10,Supplier,SKU_A,0
10,Supplier,SKU_B,0
10,Supplier,SKU_C,0
10,Supplier,SKU_D,0
10,Supplier,SKU_E,0
10,W1,SKU_A,1036
10,W1,SKU_B,0
10,W1,SKU_C,0
10,W1,SKU_D,0
10,W1,SKU_E,232
10,W2,SKU_A,0
10,W2,SKU_B,0
10,W2,SKU_C,0
10,W2,SKU_D,0
10,W2,SKU_E,785
10,R1,SKU_A,111
10,R1,SKU_B,0
10,R1,SKU_C,0
10,R1,SKU_D,77
10,R1,SKU_E,0
10,R2,SKU_A,0
10,R2,SKU_B,0
10,R2,SKU_C,342
10,R2,SKU_D,201
10,R2,SKU_E,0
10,R3,SKU_A,1004
10,R3,SKU_B,0
10,R3,SKU_C,1119
10,R3,SKU_D,430
10,R3,SKU_E,0
11,Supplier,SKU_A,0
11,Supplier,SKU_B,0
11,Supplier,SKU_C,0
11,Supplier,SKU_D,0
11,Supplier,SKU_E,0
11,W1,SKU_A,0
11,W1,SKU_B,0
11,W1,SKU_C,1555
11,W1,SKU_D,0
11,W1,SKU_E,0
11,W2,SKU_A,0
11,W2,SKU_B,569
11,W2,SKU_C,0
11,W2,SKU_D,0
11,W2,SKU_E,0
11,R1,SKU_A,96
11,R1,SKU_B,0
11,R1,SKU_C,868
11,R1,SKU_D,0
11,R1,SKU_E,0
11,R2,SKU_A,0
11,R2,SKU_B,0
11,R2,SKU_C,0
11,R2,SKU_D,0
11,R2,SKU_E,463
11,R3,SKU_A,0
11,R3,SKU_B,0
11,R3,SKU_C,0
11,R3,SKU_D,0
11,R3,SKU_E,0
12,Supplier,SKU_A,0
12,Supplier,SKU_B,0
12,Supplier,SKU_C,0
12,Supplier,SKU_D,0
12,Supplier,SKU_E,0
12,W1,SKU_A,207
12,W1,SKU_B,0
12,W1,SKU_C,0
12,W1,SKU_D,0
12,W1,SKU_E,463
12,W2,SKU_A,0
12,W2,SKU_B,0
12,W2,SKU_C,0
12,W2,SKU_D,430
12,W2,SKU_E,0
12,R1,SKU_A,140
12,R1,SKU_B,305
12,R1,SKU_C,0
12,R1,SKU_D,78
12,R1,SKU_E,168
12,R2,SKU_A,0
12,R2,SKU_B,320
12,R2,SKU_C,0
12,R2,SKU_D,0
12,R2,SKU_E,0
12,R3,SKU_A,0
12,R3,SKU_B,276
12,R3,SKU_C,0
12,R3,SKU_D,0
12,R3,SKU_E,939
13,Supplier,SKU_A,0
13,Supplier,SKU_B,0
13,Supplier,SKU_C,0
13,Supplier,SKU_D,0
13,Supplier,SKU_E,0
13,W1,SKU_A,0
13,W1,SKU_B,0
13,W1,SKU_C,0
13,W1,SKU_D,0
13,W1,SKU_E,0
13,W2,SKU_A,0
13,W2,SKU_B,0
13,W2,SKU_C,0
13,W2,SKU_D,0
13,W2,SKU_E,0
13,R1,SKU_A,155
13,R1,SKU_B,0
13,R1,SKU_C,0
13,R1,SKU_D,0
13,R1,SKU_E,0
13,R2,SKU_A,0
13,R2,SKU_B,0
13,R2,SKU_C,0
13,R2,SKU_D,0
13,R2,SKU_E,0
13,R3,SKU_A,0
13,R3,SKU_B,0
13,R3,SKU_C,0
13,R3,SKU_D,0
13,R3,SKU_E,0
14,Supplier,SKU_A,0
14,Supplier,SKU_B,0
14,Supplier,SKU_C,0
14,Supplier,SKU_D,0
14,Supplier,SKU_E,0
14,W1,SKU_A,295
14,W1,SKU_B,625
14,W1,SKU_C,0
14,W1,SKU_D,0
14,W1,SKU_E,168
14,W2,SKU_A,1004
14,W2,SKU_B,0
14,W2,SKU_C,0
14,W2,SKU_D,0
14,W2,SKU_E,0
14,R1,SKU_A,149
14,R1,SKU_B,0
14,R1,SKU_C,0
14,R1,SKU_D,128
14,R1,SKU_E,0
14,R2,SKU_A,0
14,R2,SKU_B,0
14,R2,SKU_C,0
14,R2,SKU_D,0
14,R2,SKU_E,0
14,R3,SKU_A,0
14,R3,SKU_B,0
14,R3,SKU_C,0
14,R3,SKU_D,0
14,R3,SKU_E,0
15,Supplier,SKU_A,0
15,Supplier,SKU_B,0
15,Supplier,SKU_C,0
15,Supplier,SKU_D,0
15,Supplier,SKU_E,0
15,W1,SKU_A,0
15,W1,SKU_B,0
15,W1,SKU_C,0
15,W1,SKU_D,0
15,W1,SKU_E,0
15,W2,SKU_A,0
15,W2,SKU_B,0
15,W2,SKU_C,1119
15,W2,SKU_D,0
15,W2,SKU_E,0
15,R1,SKU_A,141
15,R1,SKU_B,0
15,R1,SKU_C,0
15,R1,SKU_D,0
15,R1,SKU_E,0
15,R2,SKU_A,0
15,R2,SKU_B,0
15,R2,SKU_C,259
15,R2,SKU_D,219
15,R2,SKU_E,0
15,R3,SKU_A,1207
15,R3,SKU_B,0
15,R3,SKU_C,0
15,R3,SKU_D,499
15,R3,SKU_E,0
16,Supplier,SKU_A,0
16,Supplier,SKU_B,0
16,Supplier,SKU_C,0
16,Supplier,SKU_D,0
16,Supplier,SKU_E,0
16,W1,SKU_A,290
16,W1,SKU_B,0
16,W1,SKU_C,0
16,W1,SKU_D,0
16,W1,SKU_E,0
16,W2,SKU_A,0
16,W2,SKU_B,0
16,W2,SKU_C,0
16,W2,SKU_D,0
16,W2,SKU_E,0
16,R1,SKU_A,121
16,R1,SKU_B,0
16,R1,SKU_C,0
16,R1,SKU_D,91
16,R1,SKU_E,234
16,R2,SKU_A,856
16,R2,SKU_B,0
16,R2,SKU_C,0
16,R2,SKU_D,0
16,R2,SKU_E,0
16,R3,SKU_A,0
16,R3,SKU_B,287
16,R3,SKU_C,0
16,R3,SKU_D,0
16,R3,SKU_E,0
17,Supplier,SKU_A,0
17,Supplier,SKU_B,0
17,Supplier,SKU_C,0
17,Supplier,SKU_D,0
17,Supplier,SKU_E,0
17,W1,SKU_A,0
17,W1,SKU_B,0
17,W1,SKU_C,0
17,W1,SKU_D,0
17,W1,SKU_E,0
17,W2,SKU_A,0
17,W2,SKU_B,0
17,W2,SKU_C,0
17,W2,SKU_D,0
17,W2,SKU_E,0
17,R1,SKU_A,136
17,R1,SKU_B,0
17,R1,SKU_C,0
17,R1,SKU_D,0
17,R1,SKU_E,0
17,R2,SKU_A,0
17,R2,SKU_B,0
17,R2,SKU_C,0
17,R2,SKU_D,0
17,R2,SKU_E,0
17,R3,SKU_A,0
17,R3,SKU_B,0
17,R3,SKU_C,0
17,R3,SKU_D,0
17,R3,SKU_E,0
18,Supplier,SKU_A,0
18,Supplier,SKU_B,0
18,Supplier,SKU_C,0
18,Supplier,SKU_D,0
18,Supplier,SKU_E,0
18,W1,SKU_A,1113
18,W1,SKU_B,0
18,W1,SKU_C,0
18,W1,SKU_D,794
18,W1,SKU_E,234
18,W2,SKU_A,0
18,W2,SKU_B,0
18,W2,SKU_C,0
18,W2,SKU_D,499
18,W2,SKU_E,0
18,R1,SKU_A,87
18,R1,SKU_B,288
18,R1,SKU_C,0
18,R1,SKU_D,61
18,R1,SKU_E,0
18,R2,SKU_A,0
18,R2,SKU_B,290
18,R2,SKU_C,0
18,R2,SKU_D,0
18,R2,SKU_E,0
18,R3,SKU_A,0
18,R3,SKU_B,0
18,R3,SKU_C,0
18,R3,SKU_D,0
18,R3,SKU_E,0
19,Supplier,SKU_A,0
19,Supplier,SKU_B,0
19,Supplier,SKU_C,0
19,Supplier,SKU_D,0
19,Supplier,SKU_E,0
19,W1,SKU_A,0
19,W1,SKU_B,0
19,W1,SKU_C,0
19,W1,SKU_D,0
19,W1,SKU_E,0
19,W2,SKU_A,0
19,W2,SKU_B,0
19,W2,SKU_C,0
19,W2,SKU_D,0
19,W2,SKU_E,0
19,R1,SKU_A,137
19,R1,SKU_B,0
19,R1,SKU_C,0
19,R1,SKU_D,0
19,R1,SKU_E,0
19,R2,SKU_A,0
19,R2,SKU_B,0
19,R2,SKU_C,0
19,R2,SKU_D,0
19,R2,SKU_E,0
19,R3,SKU_A,0
19,R3,SKU_B,0
19,R3,SKU_C,0
19,R3,SKU_D,0
19,R3,SKU_E,0
20,Supplier,SKU_A,0
20,Supplier,SKU_B,0
20,Supplier,SKU_C,0
20,Supplier,SKU_D,0
20,Supplier,SKU_E,0
20,W1,SKU_A,224
20,W1,SKU_B,0
20,W1,SKU_C,0
20,W1,SKU_D,0
20,W1,SKU_E,0
20,W2,SKU_A,0
20,W2,SKU_B,0
20,W2,SKU_C,0
20,W2,SKU_D,0
20,W2,SKU_E,939
20,R1,SKU_A,166
20,R1,SKU_B,0
20,R1,SKU_C,0
20,R1,SKU_D,134
20,R1,SKU_E,208
20,R2,SKU_A,0
20,R2,SKU_B,0
20,R2,SKU_C,193
20,R2,SKU_D,211
20,R2,SKU_E,0
20,R3,SKU_A,977
20,R3,SKU_B,283
20,R3,SKU_C,1286
20,R3,SKU_D,461
20,R3,SKU_E,0
21,Supplier,SKU_A,0
21,Supplier,SKU_B,0
21,Supplier,SKU_C,0
21,Supplier,SKU_D,0
21,Supplier,SKU_E,0
21,W1,SKU_A,0
21,W1,SKU_B,578
21,W1,SKU_C,0
21,W1,SKU_D,0
21,W1,SKU_E,0
21,W2,SKU_A,2184
21,W2,SKU_B,0
21,W2,SKU_C,0
21,W2,SKU_D,461
21,W2,SKU_E,0
21,R1,SKU_A,149
21,R1,SKU_B,0
21,R1,SKU_C,0
21,R1,SKU_D,0
21,R1,SKU_E,0
21,R2,SKU_A,0
21,R2,SKU_B,0
21,R2,SKU_C,0
21,R2,SKU_D,0
21,R2,SKU_E,0
21,R3,SKU_A,0
21,R3,SKU_B,0
21,R3,SKU_C,0
21,R3,SKU_D,0
21,R3,SKU_E,0
22,Supplier,SKU_A,0
22,Supplier,SKU_B,0
22,Supplier,SKU_C,0
22,Supplier,SKU_D,0
22,Supplier,SKU_E,0
22,W1,SKU_A,315
22,W1,SKU_B,0
22,W1,SKU_C,1320
22,W1,SKU_D,0
22,W1,SKU_E,208
22,W2,SKU_A,0
22,W2,SKU_B,846
22,W2,SKU_C,0
22,W2,SKU_D,0
22,W2,SKU_E,0
22,R1,SKU_A,122
22,R1,SKU_B,0
22,R1,SKU_C,866
22,R1,SKU_D,102
22,R1,SKU_E,0
22,R2,SKU_A,0
22,R2,SKU_B,0
22,R2,SKU_C,0
22,R2,SKU_D,0
22,R2,SKU_E,516
22,R3,SKU_A,0
22,R3,SKU_B,0
22,R3,SKU_C,0
22,R3,SKU_D,0
22,R3,SKU_E,0
23,Supplier,SKU_A,0
23,Supplier,SKU_B,0
23,Supplier,SKU_C,0
23,Supplier,SKU_D,0
23,Supplier,SKU_E,0
23,W1,SKU_A,0
23,W1,SKU_B,0
23,W1,SKU_C,0
23,W1,SKU_D,0
23,W1,SKU_E,0
23,W2,SKU_A,0
23,W2,SKU_B,0
23,W2,SKU_C,0
23,W2,SKU_D,0
23,W2,SKU_E,0
23,R1,SKU_A,105
23,R1,SKU_B,0
23,R1,SKU_C,0
23,R1,SKU_D,0
23,R1,SKU_E,0
23,R2,SKU_A,0
23,R2,SKU_B,0
23,R2,SKU_C,0
23,R2,SKU_D,0
23,R2,SKU_E,0
23,R3,SKU_A,0
23,R3,SKU_B,0
23,R3,SKU_C,0
23,R3,SKU_D,0
23,R3,SKU_E,0
24,Supplier,SKU_A,0
24,Supplier,SKU_B,0
24,Supplier,SKU_C,0
24,Supplier,SKU_D,0
24,Supplier,SKU_E,0
24,W1,SKU_A,227
24,W1,SKU_B,0
24,W1,SKU_C,0
24,W1,SKU_D,0
24,W1,SKU_E,516
24,W2,SKU_A,0
24,W2,SKU_B,0
24,W2,SKU_C,0
24,W2,SKU_D,0
24,W2,SKU_E,0
24,R1,SKU_A,102
24,R1,SKU_B,322
24,R1,SKU_C,0
24,R1,SKU_D,60
24,R1,SKU_E,179
24,R2,SKU_A,830
24,R2,SKU_B,354
24,R2,SKU_C,0
24,R2,SKU_D,0
24,R2,SKU_E,0
24,R3,SKU_A,0
24,R3,SKU_B,282
24,R3,SKU_C,0
24,R3,SKU_D,0
24,R3,SKU_E,905
25,Supplier,SKU_A,0
25,Supplier,SKU_B,0
25,Supplier,SKU_C,0
25,Supplier,SKU_D,0
25,Supplier,SKU_E,0
25,W1,SKU_A,0
25,W1,SKU_B,0
25,W1,SKU_C,0
25,W1,SKU_D,0
25,W1,SKU_E,0
25,W2,SKU_A,0
25,W2,SKU_B,0
25,W2,SKU_C,1286
25,W2,SKU_D,0
25,W2,SKU_E,0
25,R1,SKU_A,114
25,R1,SKU_B,0
25,R1,SKU_C,0
25,R1,SKU_D,0
25,R1,SKU_E,0
25,R2,SKU_A,0
25,R2,SKU_B,0
25,R2,SKU_C,223
25,R2,SKU_D,219
25,R2,SKU_E,0
25,R3,SKU_A,888
25,R3,SKU_B,0
25,R3,SKU_C,0
25,R3,SKU_D,444
25,R3,SKU_E,0
26,Supplier,SKU_A,0
26,Supplier,SKU_B,0
26,Supplier,SKU_C,0
26,Supplier,SKU_D,0
26,Supplier,SKU_E,0
26,W1,SKU_A,1046
26,W1,SKU_B,0
26,W1,SKU_C,0
26,W1,SKU_D,0
26,W1,SKU_E,179
26,W2,SKU_A,0
26,W2,SKU_B,0
26,W2,SKU_C,0
26,W2,SKU_D,0
26,W2,SKU_E,0
26,R1,SKU_A,110
26,R1,SKU_B,0
26,R1,SKU_C,0
26,R1,SKU_D,74
26,R1,SKU_E,0
26,R2,SKU_A,0
26,R2,SKU_B,0
26,R2,SKU_C,0
26,R2,SKU_D,0
26,R2,SKU_E,0
26,R3,SKU_A,0
26,R3,SKU_B,0
26,R3,SKU_C,0
26,R3,SKU_D,0
26,R3,SKU_E,0
27,Supplier,SKU_A,0
27,Supplier,SKU_B,0
27,Supplier,SKU_C,0
27,Supplier,SKU_D,0
27,Supplier,SKU_E,0
27,W1,SKU_A,0
27,W1,SKU_B,0
27,W1,SKU_C,0
27,W1,SKU_D,861
27,W1,SKU_E,0
27,W2,SKU_A,0
27,W2,SKU_B,0
27,W2,SKU_C,0
27,W2,SKU_D,444
27,W2,SKU_E,0
27,R1,SKU_A,161
27,R1,SKU_B,0
27,R1,SKU_C,0
27,R1,SKU_D,0
27,R1,SKU_E,0
27,R2,SKU_A,0
27,R2,SKU_B,0
27,R2,SKU_C,0
27,R2,SKU_D,0
27,R2,SKU_E,0
27,R3,SKU_A,0
27,R3,SKU_B,0
27,R3,SKU_C,0
27,R3,SKU_D,0
27,R3,SKU_E,0
28,Supplier,SKU_A,0
28,Supplier,SKU_B,0
28,Supplier,SKU_C,0
28,Supplier,SKU_D,0
28,Supplier,SKU_E,0
28,W1,SKU_A,271
28,W1,SKU_B,676
28,W1,SKU_C,0
28,W1,SKU_D,0
28,W1,SKU_E,0
28,W2,SKU_A,888
28,W2,SKU_B,0
28,W2,SKU_C,0
28,W2,SKU_D,0
28,W2,SKU_E,0
28,R1,SKU_A,166
28,R1,SKU_B,0
28,R1,SKU_C,0
28,R1,SKU_D,125
28,R1,SKU_E,188
28,R2,SKU_A,0
28,R2,SKU_B,0
28,R2,SKU_C,0
28,R2,SKU_D,0
28,R2,SKU_E,0
28,R3,SKU_A,0
28,R3,SKU_B,253
28,R3,SKU_C,0
28,R3,SKU_D,0
28,R3,SKU_E,0
29,Supplier,SKU_A,0
29,Supplier,SKU_B,0
29,Supplier,SKU_C,0
29,Supplier,SKU_D,0
29,Supplier,SKU_E,0
29,W1,SKU_A,0
29,W1,SKU_B,0
29,W1,SKU_C,0
29,W1,SKU_D,0
29,W1,SKU_E,0
29,W2,SKU_A,0
29,W2,SKU_B,0
29,W2,SKU_C,0
29,W2,SKU_D,0
29,W2,SKU_E,0
29,R1,SKU_A,120
29,R1,SKU_B,0
29,R1,SKU_C,0
29,R1,SKU_D,0
29,R1,SKU_E,0
29,R2,SKU_A,0
29,R2,SKU_B,0
29,R2,SKU_C,0
29,R2,SKU_D,0
29,R2,SKU_E,0
29,R3,SKU_A,0
29,R3,SKU_B,0
29,R3,SKU_C,0
29,R3,SKU_D,0
29,R3,SKU_E,0
30,Supplier,SKU_A,0
30,Supplier,SKU_B,0
30,Supplier,SKU_C,0
30,Supplier,SKU_D,0
30,Supplier,SKU_E,0
30,W1,SKU_A,286
30,W1,SKU_B,0
30,W1,SKU_C,0
30,W1,SKU_D,0
30,W1,SKU_E,188
30,W2,SKU_A,0
30,W2,SKU_B,0
30,W2,SKU_C,0
30,W2,SKU_D,0
30,W2,SKU_E,905
30,R1,SKU_A,99
30,R1,SKU_B,329
30,R1,SKU_C,0
30,R1,SKU_D,77
30,R1,SKU_E,0
30,R2,SKU_A,0
30,R2,SKU_B,366
30,R2,SKU_C,257
30,R2,SKU_D,225
30,R2,SKU_E,0
30,R3,SKU_A,971
30,R3,SKU_B,0
30,R3,SKU_C,1118
30,R3,SKU_D,422
30,R3,SKU_E,0
31,Supplier,SKU_A,0
31,Supplier,SKU_B,0
31,Supplier,SKU_C,0
31,Supplier,SKU_D,0
31,Supplier,SKU_E,0
31,W1,SKU_A,0
31,W1,SKU_B,0
31,W1,SKU_C,0
31,W1,SKU_D,0
31,W1,SKU_E,0
31,W2,SKU_A,0
31,W2,SKU_B,0
31,W2,SKU_C,0
31,W2,SKU_D,0
31,W2,SKU_E,0
31,R1,SKU_A,97
31,R1,SKU_B,0
31,R1,SKU_C,0
31,R1,SKU_D,0
31,R1,SKU_E,0
31,R2,SKU_A,0
31,R2,SKU_B,0
31,R2,SKU_C,0
31,R2,SKU_D,0
31,R2,SKU_E,0
31,R3,SKU_A,0
31,R3,SKU_B,0
31,R3,SKU_C,0
31,R3,SKU_D,0
31,R3,SKU_E,0
32,Supplier,SKU_A,0
32,Supplier,SKU_B,0
32,Supplier,SKU_C,0
32,Supplier,SKU_D,0
32,Supplier,SKU_E,0
32,W1,SKU_A,196
32,W1,SKU_B,0
32,W1,SKU_C,0
32,W1,SKU_D,0
32,W1,SKU_E,0
32,W2,SKU_A,0
32,W2,SKU_B,0
32,W2,SKU_C,0
32,W2,SKU_D,0
32,W2,SKU_E,0
32,R1,SKU_A,121
32,R1,SKU_B,0
32,R1,SKU_C,0
32,R1,SKU_D,77
32,R1,SKU_E,162
32,R2,SKU_A,725
32,R2,SKU_B,0
32,R2,SKU_C,0
32,R2,SKU_D,0
32,R2,SKU_E,0
32,R3,SKU_A,0
32,R3,SKU_B,246
32,R3,SKU_C,0
32,R3,SKU_D,0
32,R3,SKU_E,0
33,Supplier,SKU_A,0
33,Supplier,SKU_B,0
33,Supplier,SKU_C,0
33,Supplier,SKU_D,0
33,Supplier,SKU_E,0
33,W1,SKU_A,0
33,W1,SKU_B,0
33,W1,SKU_C,1346
33,W1,SKU_D,0
33,W1,SKU_E,0
33,W2,SKU_A,0
33,W2,SKU_B,781
33,W2,SKU_C,0
33,W2,SKU_D,422
33,W2,SKU_E,0
33,R1,SKU_A,158
33,R1,SKU_B,0
33,R1,SKU_C,906
33,R1,SKU_D,0
33,R1,SKU_E,0
33,R2,SKU_A,0
33,R2,SKU_B,0
33,R2,SKU_C,0
33,R2,SKU_D,0
33,R2,SKU_E,404
33,R3,SKU_A,0
33,R3,SKU_B,0
33,R3,SKU_C,0
33,R3,SKU_D,0
33,R3,SKU_E,0
34,Supplier,SKU_A,0
34,Supplier,SKU_B,0
34,Supplier,SKU_C,0
34,Supplier,SKU_D,0
34,Supplier,SKU_E,0
34,W1,SKU_A,1004
34,W1,SKU_B,0
34,W1,SKU_C,0
34,W1,SKU_D,0
34,W1,SKU_E,566
34,W2,SKU_A,0
34,W2,SKU_B,0
34,W2,SKU_C,0
34,W2,SKU_D,0
34,W2,SKU_E,0
34,R1,SKU_A,188
34,R1,SKU_B,0
34,R1,SKU_C,0
34,R1,SKU_D,138
34,R1,SKU_E,0
34,R2,SKU_A,0
34,R2,SKU_B,0
34,R2,SKU_C,0
34,R2,SKU_D,0
34,R2,SKU_E,0
34,R3,SKU_A,0
34,R3,SKU_B,0
34,R3,SKU_C,0
34,R3,SKU_D,0
34,R3,SKU_E,0
35,Supplier,SKU_A,0
35,Supplier,SKU_B,0
35,Supplier,SKU_C,0
35,Supplier,SKU_D,0
35,Supplier,SKU_E,0
35,W1,SKU_A,0
35,W1,SKU_B,695
35,W1,SKU_C,0
35,W1,SKU_D,0
35,W1,SKU_E,0
35,W2,SKU_A,971
35,W2,SKU_B,0
35,W2,SKU_C,1118
35,W2,SKU_D,0
35,W2,SKU_E,0
35,R1,SKU_A,176
35,R1,SKU_B,0
35,R1,SKU_C,0
35,R1,SKU_D,0
35,R1,SKU_E,0
35,R2,SKU_A,0
35,R2,SKU_B,0
35,R2,SKU_C,235
35,R2,SKU_D,198
35,R2,SKU_E,0
35,R3,SKU_A,930
35,R3,SKU_B,0
35,R3,SKU_C,0
35,R3,SKU_D,440
35,R3,SKU_E,0
36,Supplier,SKU_A,0
36,Supplier,SKU_B,0
36,Supplier,SKU_C,0
36,Supplier,SKU_D,0
36,Supplier,SKU_E,0
36,W1,SKU_A,364
36,W1,SKU_B,0
36,W1,SKU_C,0
36,W1,SKU_D,840
36,W1,SKU_E,0
36,W2,SKU_A,0
36,W2,SKU_B,0
36,W2,SKU_C,0
36,W2,SKU_D,440
36,W2,SKU_E,0
36,R1,SKU_A,164
36,R1,SKU_B,366
36,R1,SKU_C,0
36,R1,SKU_D,127
36,R1,SKU_E,215
36,R2,SKU_A,0
36,R2,SKU_B,351
36,R2,SKU_C,0
36,R2,SKU_D,0
36,R2,SKU_E,0
36,R3,SKU_A,0
36,R3,SKU_B,308
36,R3,SKU_C,0
36,R3,SKU_D,0
36,R3,SKU_E,918
37,Supplier,SKU_A,0
37,Supplier,SKU_B,0
37,Supplier,SKU_C,0
37,Supplier,SKU_D,0
37,Supplier,SKU_E,0
37,W1,SKU_A,0
37,W1,SKU_B,0
37,W1,SKU_C,0
37,W1,SKU_D,0
37,W1,SKU_E,0
37,W2,SKU_A,0
37,W2,SKU_B,0
37,W2,SKU_C,0
37,W2,SKU_D,0
37,W2,SKU_E,0
37,R1,SKU_A,116
37,R1,SKU_B,0
37,R1,SKU_C,0
37,R1,SKU_D,0
37,R1,SKU_E,0
37,R2,SKU_A,0
37,R2,SKU_B,0
37,R2,SKU_C,0
37,R2,SKU_D,0
37,R2,SKU_E,0
37,R3,SKU_A,0
37,R3,SKU_B,0
37,R3,SKU_C,0
37,R3,SKU_D,0
37,R3,SKU_E,0
38,Supplier,SKU_A,0
38,Supplier,SKU_B,0
38,Supplier,SKU_C,0
38,Supplier,SKU_D,0
38,Supplier,SKU_E,0
38,W1,SKU_A,280
38,W1,SKU_B,0
38,W1,SKU_C,0
38,W1,SKU_D,0
38,W1,SKU_E,215
38,W2,SKU_A,0
38,W2,SKU_B,0
38,W2,SKU_C,0
38,W2,SKU_D,0
38,W2,SKU_E,0
38,R1,SKU_A,131
38,R1,SKU_B,0
38,R1,SKU_C,0
38,R1,SKU_D,88
38,R1,SKU_E,0
38,R2,SKU_A,0
38,R2,SKU_B,0
38,R2,SKU_C,0
38,R2,SKU_D,0
38,R2,SKU_E,0
38,R3,SKU_A,0
38,R3,SKU_B,0
38,R3,SKU_C,0
38,R3,SKU_D,0
38,R3,SKU_E,0
39,Supplier,SKU_A,0
39,Supplier,SKU_B,0
39,Supplier,SKU_C,0
39,Supplier,SKU_D,0
39,Supplier,SKU_E,0
39,W1,SKU_A,0
39,W1,SKU_B,0
39,W1,SKU_C,0
39,W1,SKU_D,0
39,W1,SKU_E,0
39,W2,SKU_A,0
39,W2,SKU_B,0
39,W2,SKU_C,0
39,W2,SKU_D,0
39,W2,SKU_E,0
39,R1,SKU_A,133
39,R1,SKU_B,0
39,R1,SKU_C,0
39,R1,SKU_D,0
39,R1,SKU_E,0
39,R2,SKU_A,0
39,R2,SKU_B,0
39,R2,SKU_C,0
39,R2,SKU_D,0
39,R2,SKU_E,0
39,R3,SKU_A,0
39,R3,SKU_B,0
39,R3,SKU_C,0
39,R3,SKU_D,0
39,R3,SKU_E,0
40,Supplier,SKU_A,0
40,Supplier,SKU_B,0
40,Supplier,SKU_C,0
40,Supplier,SKU_D,0
40,Supplier,SKU_E,0
40,W1,SKU_A,264
40,W1,SKU_B,0
40,W1,SKU_C,0
40,W1,SKU_D,0
40,W1,SKU_E,0
40,W2,SKU_A,0
40,W2,SKU_B,0
40,W2,SKU_C,0
40,W2,SKU_D,0
40,W2,SKU_E,918
40,R1,SKU_A,144
40,R1,SKU_B,0
40,R1,SKU_C,0
40,R1,SKU_D,90
40,R1,SKU_E,162
40,R2,SKU_A,725
40,R2,SKU_B,0
40,R2,SKU_C,237
40,R2,SKU_D,201
40,R2,SKU_E,0
40,R3,SKU_A,1088
40,R3,SKU_B,275
40,R3,SKU_C,1240
40,R3,SKU_D,475
40,R3,SKU_E,0
41,Supplier,SKU_A,0
41,Supplier,SKU_B,0
41,Supplier,SKU_C,0
41,Supplier,SKU_D,0
41,Supplier,SKU_E,0
41,W1,SKU_A,0
41,W1,SKU_B,0
41,W1,SKU_C,0
41,W1,SKU_D,0
41,W1,SKU_E,0
41,W2,SKU_A,0
41,W2,SKU_B,0
41,W2,SKU_C,0
41,W2,SKU_D,0
41,W2,SKU_E,0
41,R1,SKU_A,200
41,R1,SKU_B,0
41,R1,SKU_C,0
41,R1,SKU_D,0
41,R1,SKU_E,0
41,R2,SKU_A,0
41,R2,SKU_B,0
41,R2,SKU_C,0
41,R2,SKU_D,0
41,R2,SKU_E,0
41,R3,SKU_A,0
41,R3,SKU_B,0
41,R3,SKU_C,0
41,R3,SKU_D,0
41,R3,SKU_E,0
42,Supplier,SKU_A,0
42,Supplier,SKU_B,0
42,Supplier,SKU_C,0
42,Supplier,SKU_D,0
42,Supplier,SKU_E,0
42,W1,SKU_A,1069
42,W1,SKU_B,717
42,W1,SKU_C,0
42,W1,SKU_D,0
42,W1,SKU_E,162
42,W2,SKU_A,2018
42,W2,SKU_B,0
42,W2,SKU_C,0
42,W2,SKU_D,475
42,W2,SKU_E,0
42,R1,SKU_A,213
42,R1,SKU_B,469
42,R1,SKU_C,0
42,R1,SKU_D,118
42,R1,SKU_E,0
42,R2,SKU_A,0
42,R2,SKU_B,430
42,R2,SKU_C,0
42,R2,SKU_D,0
42,R2,SKU_E,0
42,R3,SKU_A,0
42,R3,SKU_B,0
42,R3,SKU_C,0
42,R3,SKU_D,0
42,R3,SKU_E,0
43,Supplier,SKU_A,0
43,Supplier,SKU_B,0
43,Supplier,SKU_C,0
43,Supplier,SKU_D,0
43,Supplier,SKU_E,0
43,W1,SKU_A,0
43,W1,SKU_B,0
43,W1,SKU_C,0
43,W1,SKU_D,0
43,W1,SKU_E,0
43,W2,SKU_A,0
43,W2,SKU_B,0
43,W2,SKU_C,0
43,W2,SKU_D,0
43,W2,SKU_E,0
43,R1,SKU_A,159
43,R1,SKU_B,0
43,R1,SKU_C,0
43,R1,SKU_D,0
43,R1,SKU_E,0
43,R2,SKU_A,0
43,R2,SKU_B,0
43,R2,SKU_C,0
43,R2,SKU_D,0
43,R2,SKU_E,0
43,R3,SKU_A,0
43,R3,SKU_B,0
43,R3,SKU_C,0
43,R3,SKU_D,0
43,R3,SKU_E,0
44,Supplier,SKU_A,0
44,Supplier,SKU_B,0
44,Supplier,SKU_C,0
44,Supplier,SKU_D,0
44,Supplier,SKU_E,0
44,W1,SKU_A,372
44,W1,SKU_B,0
44,W1,SKU_C,1378
44,W1,SKU_D,0
44,W1,SKU_E,0
44,W2,SKU_A,0
44,W2,SKU_B,583
44,W2,SKU_C,0
44,W2,SKU_D,0
44,W2,SKU_E,0
44,R1,SKU_A,147
44,R1,SKU_B,0
44,R1,SKU_C,1236
44,R1,SKU_D,109
44,R1,SKU_E,218
44,R2,SKU_A,0
44,R2,SKU_B,0
44,R2,SKU_C,0
44,R2,SKU_D,0
44,R2,SKU_E,566
44,R3,SKU_A,0
44,R3,SKU_B,338
44,R3,SKU_C,0
44,R3,SKU_D,0
44,R3,SKU_E,0
45,Supplier,SKU_A,0
45,Supplier,SKU_B,0
45,Supplier,SKU_C,0
45,Supplier,SKU_D,0
45,Supplier,SKU_E,0
45,W1,SKU_A,0
45,W1,SKU_B,0
45,W1,SKU_C,0
45,W1,SKU_D,733
45,W1,SKU_E,0
45,W2,SKU_A,0
45,W2,SKU_B,0
45,W2,SKU_C,1240
45,W2,SKU_D,0
45,W2,SKU_E,0
45,R1,SKU_A,176
45,R1,SKU_B,0
45,R1,SKU_C,0
45,R1,SKU_D,0
45,R1,SKU_E,0
45,R2,SKU_A,0
45,R2,SKU_B,0
45,R2,SKU_C,382
45,R2,SKU_D,301
45,R2,SKU_E,0
45,R3,SKU_A,1098
45,R3,SKU_B,0
45,R3,SKU_C,0
45,R3,SKU_D,474
45,R3,SKU_E,0
46,Supplier,SKU_A,0
46,Supplier,SKU_B,0
46,Supplier,SKU_C,0
46,Supplier,SKU_D,0
46,Supplier,SKU_E,0
46,W1,SKU_A,323
46,W1,SKU_B,0
46,W1,SKU_C,0
46,W1,SKU_D,0
46,W1,SKU_E,784
46,W2,SKU_A,0
46,W2,SKU_B,0
46,W2,SKU_C,0
46,W2,SKU_D,0
46,W2,SKU_E,0
46,R1,SKU_A,167
46,R1,SKU_B,0
46,R1,SKU_C,0
46,R1,SKU_D,134
46,R1,SKU_E,0
46,R2,SKU_A,0
46,R2,SKU_B,0
46,R2,SKU_C,0
46,R2,SKU_D,0
46,R2,SKU_E,0
46,R3,SKU_A,0
46,R3,SKU_B,0
46,R3,SKU_C,0
46,R3,SKU_D,0
46,R3,SKU_E,0
47,Supplier,SKU_A,0
47,Supplier,SKU_B,0
47,Supplier,SKU_C,0
47,Supplier,SKU_D,0
47,Supplier,SKU_E,0
47,W1,SKU_A,0
47,W1,SKU_B,0
47,W1,SKU_C,0
47,W1,SKU_D,0
47,W1,SKU_E,0
47,W2,SKU_A,0
47,W2,SKU_B,0
47,W2,SKU_C,0
47,W2,SKU_D,0
47,W2,SKU_E,0
47,R1,SKU_A,182
47,R1,SKU_B,0
47,R1,SKU_C,0
47,R1,SKU_D,0
47,R1,SKU_E,0
47,R2,SKU_A,0
47,R2,SKU_B,0
47,R2,SKU_C,0
47,R2,SKU_D,0
47,R2,SKU_E,0
47,R3,SKU_A,0
47,R3,SKU_B,0
47,R3,SKU_C,0
47,R3,SKU_D,0
47,R3,SKU_E,0
48,Supplier,SKU_A,0
48,Supplier,SKU_B,0
48,Supplier,SKU_C,0
48,Supplier,SKU_D,0
48,Supplier,SKU_E,0
48,W1,SKU_A,349
48,W1,SKU_B,0
48,W1,SKU_C,0
48,W1,SKU_D,0
48,W1,SKU_E,0
48,W2,SKU_A,0
48,W2,SKU_B,0
48,W2,SKU_C,0
48,W2,SKU_D,474
48,W2,SKU_E,0
48,R1,SKU_A,184
48,R1,SKU_B,463
48,R1,SKU_C,0
48,R1,SKU_D,144
48,R1,SKU_E,210
48,R2,SKU_A,894
48,R2,SKU_B,430
48,R2,SKU_C,0
48,R2,SKU_D,0
48,R2,SKU_E,0
48,R3,SKU_A,0
48,R3,SKU_B,263
48,R3,SKU_C,0
48,R3,SKU_D,0
48,R3,SKU_E,1011
49,Supplier,SKU_A,0
49,Supplier,SKU_B,0
49,Supplier,SKU_C,0
49,Supplier,SKU_D,0
49,Supplier,SKU_E,0
49,W1,SKU_A,0
49,W1,SKU_B,1792
49,W1,SKU_C,0
49,W1,SKU_D,0
49,W1,SKU_E,0
49,W2,SKU_A,1098
49,W2,SKU_B,0
49,W2,SKU_C,0
49,W2,SKU_D,0
49,W2,SKU_E,0
49,R1,SKU_A,180
49,R1,SKU_B,0
49,R1,SKU_C,0
49,R1,SKU_D,0
49,R1,SKU_E,0
49,R2,SKU_A,0
49,R2,SKU_B,0
49,R2,SKU_C,0
49,R2,SKU_D,0
49,R2,SKU_E,0
49,R3,SKU_A,0
49,R3,SKU_B,0
49,R3,SKU_C,0
49,R3,SKU_D,0
49,R3,SKU_E,0
50,Supplier,SKU_A,0
50,Supplier,SKU_B,0
50,Supplier,SKU_C,0
50,Supplier,SKU_D,0
50,Supplier,SKU_E,0
50,W1,SKU_A,1258
50,W1,SKU_B,0
50,W1,SKU_C,0
50,W1,SKU_D,0
50,W1,SKU_E,210
50,W2,SKU_A,0
50,W2,SKU_B,0
50,W2,SKU_C,0
50,W2,SKU_D,0
50,W2,SKU_E,1011
50,R1,SKU_A,146
50,R1,SKU_B,0
50,R1,SKU_C,0
50,R1,SKU_D,117
50,R1,SKU_E,0
50,R2,SKU_A,0
50,R2,SKU_B,0
50,R2,SKU_C,365
50,R2,SKU_D,219
50,R2,SKU_E,0
50,R3,SKU_A,1187
50,R3,SKU_B,0
50,R3,SKU_C,1596
50,R3,SKU_D,525
50,R3,SKU_E,0
51,Supplier,SKU_A,0
51,Supplier,SKU_B,0
51,Supplier,SKU_C,0
51,Supplier,SKU_D,0
51,Supplier,SKU_E,0
51,W1,SKU_A,0
51,W1,SKU_B,0
51,W1,SKU_C,0
51,W1,SKU_D,0
51,W1,SKU_E,0
51,W2,SKU_A,0
51,W2,SKU_B,0
51,W2,SKU_C,0
51,W2,SKU_D,525
51,W2,SKU_E,0
51,R1,SKU_A,135
51,R1,SKU_B,0
51,R1,SKU_C,0
51,R1,SKU_D,0
51,R1,SKU_E,0
51,R2,SKU_A,0
51,R2,SKU_B,0
51,R2,SKU_C,0
51,R2,SKU_D,0
51,R2,SKU_E,0
51,R3,SKU_A,0
51,R3,SKU_B,0
51,R3,SKU_C,0
51,R3,SKU_D,0
51,R3,SKU_E,0
52,Supplier,SKU_A,0
52,Supplier,SKU_B,0
52,Supplier,SKU_C,0
52,Supplier,SKU_D,0
52,Supplier,SKU_E,0
52,W1,SKU_A,281
52,W1,SKU_B,0
52,W1,SKU_C,0
52,W1,SKU_D,0
52,W1,SKU_E,0
52,W2,SKU_A,0
52,W2,SKU_B,0
52,W2,SKU_C,0
52,W2,SKU_D,0
52,W2,SKU_E,0
52,R1,SKU_A,149
52,R1,SKU_B,0
52,R1,SKU_C,0
52,R1,SKU_D,94
52,R1,SKU_E,190
52,R2,SKU_A,0
52,R2,SKU_B,0
52,R2,SKU_C,0
52,R2,SKU_D,0
52,R2,SKU_E,0
52,R3,SKU_A,0
52,R3,SKU_B,239
52,R3,SKU_C,0
52,R3,SKU_D,0
52,R3,SKU_E,0
53,Supplier,SKU_A,0
53,Supplier,SKU_B,0
53,Supplier,SKU_C,0
53,Supplier,SKU_D,0
53,Supplier,SKU_E,0
53,W1,SKU_A,0
53,W1,SKU_B,0
53,W1,SKU_C,0
53,W1,SKU_D,0
53,W1,SKU_E,0
53,W2,SKU_A,0
53,W2,SKU_B,0
53,W2,SKU_C,0
53,W2,SKU_D,0
53,W2,SKU_E,0
53,R1,SKU_A,147
53,R1,SKU_B,0
53,R1,SKU_C,0
53,R1,SKU_D,0
53,R1,SKU_E,0
53,R2,SKU_A,0
53,R2,SKU_B,0
53,R2,SKU_C,0
53,R2,SKU_D,0
53,R2,SKU_E,0
53,R3,SKU_A,0
53,R3,SKU_B,0
53,R3,SKU_C,0
53,R3,SKU_D,0
53,R3,SKU_E,0
54,Supplier,SKU_A,0
54,Supplier,SKU_B,0
54,Supplier,SKU_C,0
54,Supplier,SKU_D,0
54,Supplier,SKU_E,0
54,W1,SKU_A,296
54,W1,SKU_B,0
54,W1,SKU_C,0
54,W1,SKU_D,1009
54,W1,SKU_E,190
54,W2,SKU_A,0
54,W2,SKU_B,0
54,W2,SKU_C,0
54,W2,SKU_D,0
54,W2,SKU_E,0
54,R1,SKU_A,147
54,R1,SKU_B,422
54,R1,SKU_C,0
54,R1,SKU_D,125
54,R1,SKU_E,0
54,R2,SKU_A,0
54,R2,SKU_B,452
54,R2,SKU_C,0
54,R2,SKU_D,0
54,R2,SKU_E,0
54,R3,SKU_A,0
54,R3,SKU_B,0
54,R3,SKU_C,0
54,R3,SKU_D,0
54,R3,SKU_E,0
55,Supplier,SKU_A,0
55,Supplier,SKU_B,0
55,Supplier,SKU_C,0
55,Supplier,SKU_D,0
55,Supplier,SKU_E,0
55,W1,SKU_A,0
55,W1,SKU_B,0
55,W1,SKU_C,1983
55,W1,SKU_D,0
55,W1,SKU_E,0
55,W2,SKU_A,0
55,W2,SKU_B,840
55,W2,SKU_C,1596
55,W2,SKU_D,0
55,W2,SKU_E,0
55,R1,SKU_A,193
55,R1,SKU_B,0
55,R1,SKU_C,1323
55,R1,SKU_D,0
55,R1,SKU_E,0
55,R2,SKU_A,0
55,R2,SKU_B,0
55,R2,SKU_C,305
55,R2,SKU_D,232
55,R2,SKU_E,522
55,R3,SKU_A,978
55,R3,SKU_B,0
55,R3,SKU_C,0
55,R3,SKU_D,463
55,R3,SKU_E,0
56,Supplier,SKU_A,0
56,Supplier,SKU_B,0
56,Supplier,SKU_C,0
56,Supplier,SKU_D,0
56,Supplier,SKU_E,0
56,W1,SKU_A,340
56,W1,SKU_B,874
56,W1,SKU_C,0
56,W1,SKU_D,0
56,W1,SKU_E,522
56,W2,SKU_A,2165
56,W2,SKU_B,0
56,W2,SKU_C,0
56,W2,SKU_D,0
56,W2,SKU_E,0
56,R1,SKU_A,203
56,R1,SKU_B,0
56,R1,SKU_C,0
56,R1,SKU_D,145
56,R1,SKU_E,216
56,R2,SKU_A,832
56,R2,SKU_B,0
56,R2,SKU_C,0
56,R2,SKU_D,0
56,R2,SKU_E,0
56,R3,SKU_A,0
56,R3,SKU_B,295
56,R3,SKU_C,0
56,R3,SKU_D,0
56,R3,SKU_E,0
57,Supplier,SKU_A,0
57,Supplier,SKU_B,0
57,Supplier,SKU_C,0
57,Supplier,SKU_D,0
57,Supplier,SKU_E,0
57,W1,SKU_A,0
57,W1,SKU_B,0
57,W1,SKU_C,0
57,W1,SKU_D,0
57,W1,SKU_E,0
57,W2,SKU_A,0
57,W2,SKU_B,0
57,W2,SKU_C,0
57,W2,SKU_D,463
57,W2,SKU_E,0
57,R1,SKU_A,119
57,R1,SKU_B,0
57,R1,SKU_C,0
57,R1,SKU_D,0
57,R1,SKU_E,0
57,R2,SKU_A,0
57,R2,SKU_B,0
57,R2,SKU_C,0
57,R2,SKU_D,0
57,R2,SKU_E,0
57,R3,SKU_A,0
57,R3,SKU_B,0
57,R3,SKU_C,0
57,R3,SKU_D,0
57,R3,SKU_E,0
58,Supplier,SKU_A,0
58,Supplier,SKU_B,0
58,Supplier,SKU_C,0
58,Supplier,SKU_D,0
58,Supplier,SKU_E,0
58,W1,SKU_A,1154
58,W1,SKU_B,0
58,W1,SKU_C,0
58,W1,SKU_D,0
58,W1,SKU_E,216
58,W2,SKU_A,0
58,W2,SKU_B,0
58,W2,SKU_C,0
58,W2,SKU_D,0
58,W2,SKU_E,0
58,R1,SKU_A,142
58,R1,SKU_B,0
58,R1,SKU_C,0
58,R1,SKU_D,86
58,R1,SKU_E,0
58,R2,SKU_A,0
58,R2,SKU_B,0
58,R2,SKU_C,0
58,R2,SKU_D,0
58,R2,SKU_E,0
58,R3,SKU_A,0
58,R3,SKU_B,0
58,R3,SKU_C,0
58,R3,SKU_D,0
58,R3,SKU_E,0
59,Supplier,SKU_A,0
59,Supplier,SKU_B,0
59,Supplier,SKU_C,0
59,Supplier,SKU_D,0
59,Supplier,SKU_E,0
59,W1,SKU_A,0
59,W1,SKU_B,0
59,W1,SKU_C,0
59,W1,SKU_D,0
59,W1,SKU_E,0
59,W2,SKU_A,0
59,W2,SKU_B,0
59,W2,SKU_C,0
59,W2,SKU_D,0
59,W2,SKU_E,0
59,R1,SKU_A,140
59,R1,SKU_B,0
59,R1,SKU_C,0
59,R1,SKU_D,0
59,R1,SKU_E,0
59,R2,SKU_A,0
59,R2,SKU_B,0
59,R2,SKU_C,0
59,R2,SKU_D,0
59,R2,SKU_E,0
59,R3,SKU_A,0
59,R3,SKU_B,0
59,R3,SKU_C,0
59,R3,SKU_D,0
59,R3,SKU_E,0
60,Supplier,SKU_A,0
60,Supplier,SKU_B,0
60,Supplier,SKU_C,0
60,Supplier,SKU_D,0
60,Supplier,SKU_E,0
60,W1,SKU_A,282
60,W1,SKU_B,0
60,W1,SKU_C,0
60,W1,SKU_D,0
60,W1,SKU_E,0
60,W2,SKU_A,0
60,W2,SKU_B,0
60,W2,SKU_C,0
60,W2,SKU_D,0
60,W2,SKU_E,0
60,R1,SKU_A,168
60,R1,SKU_B,459
60,R1,SKU_C,0
60,R1,SKU_D,103
60,R1,SKU_E,139
60,R2,SKU_A,0
60,R2,SKU_B,395
60,R2,SKU_C,284
60,R2,SKU_D,227
60,R2,SKU_E,0
60,R3,SKU_A,924
60,R3,SKU_B,177
60,R3,SKU_C,1379
60,R3,SKU_D,438
60,R3,SKU_E,873
61,Supplier,SKU_A,0
61,Supplier,SKU_B,0
61,Supplier,SKU_C,0
61,Supplier,SKU_D,0
61,Supplier,SKU_E,0
61,W1,SKU_A,0
61,W1,SKU_B,0
61,W1,SKU_C,0
61,W1,SKU_D,0
61,W1,SKU_E,0
61,W2,SKU_A,0
61,W2,SKU_B,0
61,W2,SKU_C,0
61,W2,SKU_D,0
61,W2,SKU_E,0
61,R1,SKU_A,157
61,R1,SKU_B,0
61,R1,SKU_C,0
61,R1,SKU_D,0
61,R1,SKU_E,0
61,R2,SKU_A,0
61,R2,SKU_B,0
61,R2,SKU_C,0
61,R2,SKU_D,0
61,R2,SKU_E,0
61,R3,SKU_A,0
61,R3,SKU_B,0
61,R3,SKU_C,0
61,R3,SKU_D,0
61,R3,SKU_E,0
62,Supplier,SKU_A,0
62,Supplier,SKU_B,0
62,Supplier,SKU_C,0
62,Supplier,SKU_D,0
62,Supplier,SKU_E,0
62,W1,SKU_A,325
62,W1,SKU_B,0
62,W1,SKU_C,0
62,W1,SKU_D,0
62,W1,SKU_E,139
62,W2,SKU_A,0
62,W2,SKU_B,0
62,W2,SKU_C,0
62,W2,SKU_D,0
62,W2,SKU_E,0
62,R1,SKU_A,190
62,R1,SKU_B,0
62,R1,SKU_C,0
62,R1,SKU_D,134
62,R1,SKU_E,0
62,R2,SKU_A,0
62,R2,SKU_B,0
62,R2,SKU_C,0
62,R2,SKU_D,0
62,R2,SKU_E,0
62,R3,SKU_A,0
62,R3,SKU_B,0
62,R3,SKU_C,0
62,R3,SKU_D,0
62,R3,SKU_E,0
63,Supplier,SKU_A,0
63,Supplier,SKU_B,0
63,Supplier,SKU_C,0
63,Supplier,SKU_D,0
63,Supplier,SKU_E,0
63,W1,SKU_A,0
63,W1,SKU_B,854
63,W1,SKU_C,0
63,W1,SKU_D,1052
63,W1,SKU_E,0
63,W2,SKU_A,924
63,W2,SKU_B,0
63,W2,SKU_C,0
63,W2,SKU_D,438
63,W2,SKU_E,0
63,R1,SKU_A,190
63,R1,SKU_B,0
63,R1,SKU_C,0
63,R1,SKU_D,0
63,R1,SKU_E,0
63,R2,SKU_A,0
63,R2,SKU_B,0
63,R2,SKU_C,0
63,R2,SKU_D,0
63,R2,SKU_E,0
63,R3,SKU_A,0
63,R3,SKU_B,0
63,R3,SKU_C,0
63,R3,SKU_D,0
63,R3,SKU_E,0
64,Supplier,SKU_A,0
64,Supplier,SKU_B,0
64,Supplier,SKU_C,0
64,Supplier,SKU_D,0
64,Supplier,SKU_E,0
64,W1,SKU_A,380
64,W1,SKU_B,0
64,W1,SKU_C,0
64,W1,SKU_D,0
64,W1,SKU_E,0
64,W2,SKU_A,0
64,W2,SKU_B,0
64,W2,SKU_C,0
64,W2,SKU_D,0
64,W2,SKU_E,0
64,R1,SKU_A,124
64,R1,SKU_B,0
64,R1,SKU_C,0
64,R1,SKU_D,136
64,R1,SKU_E,178
64,R2,SKU_A,881
64,R2,SKU_B,0
64,R2,SKU_C,0
64,R2,SKU_D,0
64,R2,SKU_E,0
64,R3,SKU_A,0
64,R3,SKU_B,241
64,R3,SKU_C,0
64,R3,SKU_D,0
64,R3,SKU_E,0
65,Supplier,SKU_A,0
65,Supplier,SKU_B,0
65,Supplier,SKU_C,0
65,Supplier,SKU_D,0
65,Supplier,SKU_E,0
65,W1,SKU_A,0
65,W1,SKU_B,0
65,W1,SKU_C,0
65,W1,SKU_D,0
65,W1,SKU_E,0
65,W2,SKU_A,0
65,W2,SKU_B,0
65,W2,SKU_C,1379
65,W2,SKU_D,0
65,W2,SKU_E,0
65,R1,SKU_A,148
65,R1,SKU_B,0
65,R1,SKU_C,0
65,R1,SKU_D,0
65,R1,SKU_E,0
65,R2,SKU_A,0
65,R2,SKU_B,0
65,R2,SKU_C,362
65,R2,SKU_D,223
65,R2,SKU_E,0
65,R3,SKU_A,1046
65,R3,SKU_B,0
65,R3,SKU_C,0
65,R3,SKU_D,466
65,R3,SKU_E,0
66,Supplier,SKU_A,0
66,Supplier,SKU_B,0
66,Supplier,SKU_C,0
66,Supplier,SKU_D,0
66,Supplier,SKU_E,0
66,W1,SKU_A,1153
66,W1,SKU_B,0
66,W1,SKU_C,2274
66,W1,SKU_D,0
66,W1,SKU_E,178
66,W2,SKU_A,0
66,W2,SKU_B,713
66,W2,SKU_C,0
66,W2,SKU_D,466
66,W2,SKU_E,0
66,R1,SKU_A,136
66,R1,SKU_B,501
66,R1,SKU_C,1259
66,R1,SKU_D,82
66,R1,SKU_E,0
66,R2,SKU_A,0
66,R2,SKU_B,416
66,R2,SKU_C,0
66,R2,SKU_D,0
66,R2,SKU_E,429
66,R3,SKU_A,0
66,R3,SKU_B,0
66,R3,SKU_C,0
66,R3,SKU_D,0
66,R3,SKU_E,0
67,Supplier,SKU_A,0
67,Supplier,SKU_B,0
67,Supplier,SKU_C,0
67,Supplier,SKU_D,0
67,Supplier,SKU_E,0
67,W1,SKU_A,0
67,W1,SKU_B,0
67,W1,SKU_C,0
67,W1,SKU_D,0
67,W1,SKU_E,0
67,W2,SKU_A,0
67,W2,SKU_B,0
67,W2,SKU_C,0
67,W2,SKU_D,0
67,W2,SKU_E,0
67,R1,SKU_A,160
67,R1,SKU_B,0
67,R1,SKU_C,0
67,R1,SKU_D,0
67,R1,SKU_E,0
67,R2,SKU_A,0
67,R2,SKU_B,0
67,R2,SKU_C,0
67,R2,SKU_D,0
67,R2,SKU_E,0
67,R3,SKU_A,0
67,R3,SKU_B,0
67,R3,SKU_C,0
67,R3,SKU_D,0
67,R3,SKU_E,0
68,Supplier,SKU_A,0
68,Supplier,SKU_B,0
68,Supplier,SKU_C,0
68,Supplier,SKU_D,0
68,Supplier,SKU_E,0
68,W1,SKU_A,296
68,W1,SKU_B,0
68,W1,SKU_C,0
68,W1,SKU_D,0
68,W1,SKU_E,429
68,W2,SKU_A,0
68,W2,SKU_B,0
68,W2,SKU_C,0
68,W2,SKU_D,0
68,W2,SKU_E,0
68,R1,SKU_A,222
68,R1,SKU_B,0
68,R1,SKU_C,0
68,R1,SKU_D,152
68,R1,SKU_E,206
68,R2,SKU_A,0
68,R2,SKU_B,0
68,R2,SKU_C,0
68,R2,SKU_D,0
68,R2,SKU_E,0
68,R3,SKU_A,0
68,R3,SKU_B,208
68,R3,SKU_C,0
68,R3,SKU_D,0
68,R3,SKU_E,0
69,Supplier,SKU_A,0
69,Supplier,SKU_B,0
69,Supplier,SKU_C,0
69,Supplier,SKU_D,0
69,Supplier,SKU_E,0
69,W1,SKU_A,0
69,W1,SKU_B,0
69,W1,SKU_C,0
69,W1,SKU_D,0
69,W1,SKU_E,0
69,W2,SKU_A,0
69,W2,SKU_B,0
69,W2,SKU_C,0
69,W2,SKU_D,0
69,W2,SKU_E,0
69,R1,SKU_A,174
69,R1,SKU_B,0
69,R1,SKU_C,0
69,R1,SKU_D,0
69,R1,SKU_E,0
69,R2,SKU_A,0
69,R2,SKU_B,0
69,R2,SKU_C,0
69,R2,SKU_D,0
69,R2,SKU_E,0
69,R3,SKU_A,0
69,R3,SKU_B,0
69,R3,SKU_C,0
69,R3,SKU_D,0
69,R3,SKU_E,0
70,Supplier,SKU_A,0
70,Supplier,SKU_B,0
70,Supplier,SKU_C,0
70,Supplier,SKU_D,0
70,Supplier,SKU_E,0
70,W1,SKU_A,396
70,W1,SKU_B,917
70,W1,SKU_C,0
70,W1,SKU_D,0
70,W1,SKU_E,206
70,W2,SKU_A,1046
70,W2,SKU_B,0
70,W2,SKU_C,0
70,W2,SKU_D,0
70,W2,SKU_E,873
70,R1,SKU_A,181
70,R1,SKU_B,0
70,R1,SKU_C,0
70,R1,SKU_D,147
70,R1,SKU_E,0
70,R2,SKU_A,0
70,R2,SKU_B,0
70,R2,SKU_C,386
70,R2,SKU_D,287
70,R2,SKU_E,0
70,R3,SKU_A,1263
70,R3,SKU_B,0
70,R3,SKU_C,1529
70,R3,SKU_D,587
70,R3,SKU_E,0
71,Supplier,SKU_A,0
71,Supplier,SKU_B,0
71,Supplier,SKU_C,0
71,Supplier,SKU_D,0
71,Supplier,SKU_E,0
71,W1,SKU_A,0
71,W1,SKU_B,0
71,W1,SKU_C,0
71,W1,SKU_D,0
71,W1,SKU_E,0
71,W2,SKU_A,0
71,W2,SKU_B,0
71,W2,SKU_C,0
71,W2,SKU_D,0
71,W2,SKU_E,0
71,R1,SKU_A,164
71,R1,SKU_B,0
71,R1,SKU_C,0
71,R1,SKU_D,0
71,R1,SKU_E,0
71,R2,SKU_A,0
71,R2,SKU_B,0
71,R2,SKU_C,0
71,R2,SKU_D,0
71,R2,SKU_E,0
71,R3,SKU_A,0
71,R3,SKU_B,0
71,R3,SKU_C,0
71,R3,SKU_D,0
71,R3,SKU_E,0
72,Supplier,SKU_A,0
72,Supplier,SKU_B,0
72,Supplier,SKU_C,0
72,Supplier,SKU_D,0
72,Supplier,SKU_E,0
72,W1,SKU_A,345
72,W1,SKU_B,0
72,W1,SKU_C,0
72,W1,SKU_D,1027
72,W1,SKU_E,0
72,W2,SKU_A,0
72,W2,SKU_B,0
72,W2,SKU_C,0
72,W2,SKU_D,587
72,W2,SKU_E,0
72,R1,SKU_A,159
72,R1,SKU_B,546
72,R1,SKU_C,0
72,R1,SKU_D,119
72,R1,SKU_E,172
72,R2,SKU_A,939
72,R2,SKU_B,453
72,R2,SKU_C,0
72,R2,SKU_D,0
72,R2,SKU_E,0
72,R3,SKU_A,0
72,R3,SKU_B,239
72,R3,SKU_C,0
72,R3,SKU_D,0
72,R3,SKU_E,932
73,Supplier,SKU_A,0
73,Supplier,SKU_B,0
73,Supplier,SKU_C,0
73,Supplier,SKU_D,0
73,Supplier,SKU_E,0
73,W1,SKU_A,0
73,W1,SKU_B,0
73,W1,SKU_C,0
73,W1,SKU_D,0
73,W1,SKU_E,0
73,W2,SKU_A,0
73,W2,SKU_B,0
73,W2,SKU_C,0
73,W2,SKU_D,0
73,W2,SKU_E,0
73,R1,SKU_A,130
73,R1,SKU_B,0
73,R1,SKU_C,0
73,R1,SKU_D,0
73,R1,SKU_E,0
73,R2,SKU_A,0
73,R2,SKU_B,0
73,R2,SKU_C,0
73,R2,SKU_D,0
73,R2,SKU_E,0
73,R3,SKU_A,0
73,R3,SKU_B,0
73,R3,SKU_C,0
73,R3,SKU_D,0
73,R3,SKU_E,0
74,Supplier,SKU_A,0
74,Supplier,SKU_B,0
74,Supplier,SKU_C,0
74,Supplier,SKU_D,0
74,Supplier,SKU_E,0
74,W1,SKU_A,1228
74,W1,SKU_B,0
74,W1,SKU_C,0
74,W1,SKU_D,0
74,W1,SKU_E,172
74,W2,SKU_A,0
74,W2,SKU_B,0
74,W2,SKU_C,0
74,W2,SKU_D,0
74,W2,SKU_E,0
74,R1,SKU_A,145
74,R1,SKU_B,0
74,R1,SKU_C,0
74,R1,SKU_D,102
74,R1,SKU_E,0
74,R2,SKU_A,0
74,R2,SKU_B,0
74,R2,SKU_C,0
74,R2,SKU_D,0
74,R2,SKU_E,0
74,R3,SKU_A,0
74,R3,SKU_B,0
74,R3,SKU_C,0
74,R3,SKU_D,0
74,R3,SKU_E,0
75,Supplier,SKU_A,0
75,Supplier,SKU_B,0
75,Supplier,SKU_C,0
75,Supplier,SKU_D,0
75,Supplier,SKU_E,0
75,W1,SKU_A,0
75,W1,SKU_B,0
75,W1,SKU_C,0
75,W1,SKU_D,0
75,W1,SKU_E,0
75,W2,SKU_A,0
75,W2,SKU_B,0
75,W2,SKU_C,1529
75,W2,SKU_D,0
75,W2,SKU_E,0
75,R1,SKU_A,186
75,R1,SKU_B,0
75,R1,SKU_C,0
75,R1,SKU_D,0
75,R1,SKU_E,0
75,R2,SKU_A,0
75,R2,SKU_B,0
75,R2,SKU_C,224
75,R2,SKU_D,246
75,R2,SKU_E,0
75,R3,SKU_A,1076
75,R3,SKU_B,0
75,R3,SKU_C,0
75,R3,SKU_D,514
75,R3,SKU_E,0
76,Supplier,SKU_A,0
76,Supplier,SKU_B,0
76,Supplier,SKU_C,0
76,Supplier,SKU_D,0
76,Supplier,SKU_E,0
76,W1,SKU_A,331
76,W1,SKU_B,0
76,W1,SKU_C,0
76,W1,SKU_D,0
76,W1,SKU_E,0
76,W2,SKU_A,0
76,W2,SKU_B,0
76,W2,SKU_C,0
76,W2,SKU_D,0
76,W2,SKU_E,0
76,R1,SKU_A,217
76,R1,SKU_B,0
76,R1,SKU_C,0
76,R1,SKU_D,150
76,R1,SKU_E,192
76,R2,SKU_A,0
76,R2,SKU_B,0
76,R2,SKU_C,0
76,R2,SKU_D,0
76,R2,SKU_E,0
76,R3,SKU_A,0
76,R3,SKU_B,302
76,R3,SKU_C,0
76,R3,SKU_D,0
76,R3,SKU_E,0
77,Supplier,SKU_A,0
77,Supplier,SKU_B,0
77,Supplier,SKU_C,0
77,Supplier,SKU_D,0
77,Supplier,SKU_E,0
77,W1,SKU_A,0
77,W1,SKU_B,999
77,W1,SKU_C,1869
77,W1,SKU_D,0
77,W1,SKU_E,0
77,W2,SKU_A,2339
77,W2,SKU_B,749
77,W2,SKU_C,0
77,W2,SKU_D,0
77,W2,SKU_E,0
77,R1,SKU_A,234
77,R1,SKU_B,0
77,R1,SKU_C,1460
77,R1,SKU_D,0
77,R1,SKU_E,0
77,R2,SKU_A,0
77,R2,SKU_B,0
77,R2,SKU_C,0
77,R2,SKU_D,0
77,R2,SKU_E,601
77,R3,SKU_A,0
77,R3,SKU_B,0
77,R3,SKU_C,0
77,R3,SKU_D,0
77,R3,SKU_E,0
78,Supplier,SKU_A,0
78,Supplier,SKU_B,0
78,Supplier,SKU_C,0
78,Supplier,SKU_D,0
78,Supplier,SKU_E,0
78,W1,SKU_A,451
78,W1,SKU_B,0
78,W1,SKU_C,0
78,W1,SKU_D,0
78,W1,SKU_E,793
78,W2,SKU_A,0
78,W2,SKU_B,0
78,W2,SKU_C,0
78,W2,SKU_D,514
78,W2,SKU_E,0
78,R1,SKU_A,141
78,R1,SKU_B,524
78,R1,SKU_C,0
78,R1,SKU_D,149
78,R1,SKU_E,0
78,R2,SKU_A,0
78,R2,SKU_B,422
78,R2,SKU_C,0
78,R2,SKU_D,0
78,R2,SKU_E,0
78,R3,SKU_A,0
78,R3,SKU_B,0
78,R3,SKU_C,0
78,R3,SKU_D,0
78,R3,SKU_E,0
79,Supplier,SKU_A,0
79,Supplier,SKU_B,0
79,Supplier,SKU_C,0
79,Supplier,SKU_D,0
79,Supplier,SKU_E,0
79,W1,SKU_A,0
79,W1,SKU_B,0
79,W1,SKU_C,0
79,W1,SKU_D,0
79,W1,SKU_E,0
79,W2,SKU_A,0
79,W2,SKU_B,0
79,W2,SKU_C,0
79,W2,SKU_D,0
79,W2,SKU_E,0
79,R1,SKU_A,155
79,R1,SKU_B,0
79,R1,SKU_C,0
79,R1,SKU_D,0
79,R1,SKU_E,0
79,R2,SKU_A,0
79,R2,SKU_B,0
79,R2,SKU_C,0
79,R2,SKU_D,0
79,R2,SKU_E,0
79,R3,SKU_A,0
79,R3,SKU_B,0
79,R3,SKU_C,0
79,R3,SKU_D,0
79,R3,SKU_E,0
80,Supplier,SKU_A,0
80,Supplier,SKU_B,0
80,Supplier,SKU_C,0
80,Supplier,SKU_D,0
80,Supplier,SKU_E,0
80,W1,SKU_A,296
80,W1,SKU_B,0
80,W1,SKU_C,0
80,W1,SKU_D,0
80,W1,SKU_E,0
80,W2,SKU_A,0
80,W2,SKU_B,0
80,W2,SKU_C,0
80,W2,SKU_D,0
80,W2,SKU_E,932
80,R1,SKU_A,136
80,R1,SKU_B,0
80,R1,SKU_C,0
80,R1,SKU_D,138
80,R1,SKU_E,181
80,R2,SKU_A,920
80,R2,SKU_B,0
80,R2,SKU_C,320
80,R2,SKU_D,215
80,R2,SKU_E,0
80,R3,SKU_A,1210
80,R3,SKU_B,339
80,R3,SKU_C,1326
80,R3,SKU_D,493
80,R3,SKU_E,0
81,Supplier,SKU_A,0
81,Supplier,SKU_B,0
81,Supplier,SKU_C,0
81,Supplier,SKU_D,0
81,Supplier,SKU_E,0
81,W1,SKU_A,0
81,W1,SKU_B,0
81,W1,SKU_C,0
81,W1,SKU_D,1119
81,W1,SKU_E,0
81,W2,SKU_A,0
81,W2,SKU_B,0
81,W2,SKU_C,0
81,W2,SKU_D,493
81,W2,SKU_E,0
81,R1,SKU_A,139
81,R1,SKU_B,0
81,R1,SKU_C,0
81,R1,SKU_D,0
81,R1,SKU_E,0
81,R2,SKU_A,0
81,R2,SKU_B,0
81,R2,SKU_C,0
81,R2,SKU_D,0
81,R2,SKU_E,0
81,R3,SKU_A,0
81,R3,SKU_B,0
81,R3,SKU_C,0
81,R3,SKU_D,0
81,R3,SKU_E,0
82,Supplier,SKU_A,0
82,Supplier,SKU_B,0
82,Supplier,SKU_C,0
82,Supplier,SKU_D,0
82,Supplier,SKU_E,0
82,W1,SKU_A,1195
82,W1,SKU_B,0
82,W1,SKU_C,0
82,W1,SKU_D,0
82,W1,SKU_E,181
82,W2,SKU_A,0
82,W2,SKU_B,0
82,W2,SKU_C,0
82,W2,SKU_D,0
82,W2,SKU_E,0
82,R1,SKU_A,185
82,R1,SKU_B,0
82,R1,SKU_C,0
82,R1,SKU_D,146
82,R1,SKU_E,0
82,R2,SKU_A,0
82,R2,SKU_B,0
82,R2,SKU_C,0
82,R2,SKU_D,0
82,R2,SKU_E,0
82,R3,SKU_A,0
82,R3,SKU_B,0
82,R3,SKU_C,0
82,R3,SKU_D,0
82,R3,SKU_E,0
83,Supplier,SKU_A,0
83,Supplier,SKU_B,0
83,Supplier,SKU_C,0
83,Supplier,SKU_D,0
83,Supplier,SKU_E,0
83,W1,SKU_A,0
83,W1,SKU_B,0
83,W1,SKU_C,0
83,W1,SKU_D,0
83,W1,SKU_E,0
83,W2,SKU_A,0
83,W2,SKU_B,0
83,W2,SKU_C,0
83,W2,SKU_D,0
83,W2,SKU_E,0
83,R1,SKU_A,174
83,R1,SKU_B,0
83,R1,SKU_C,0
83,R1,SKU_D,0
83,R1,SKU_E,0
83,R2,SKU_A,0
83,R2,SKU_B,0
83,R2,SKU_C,0
83,R2,SKU_D,0
83,R2,SKU_E,0
83,R3,SKU_A,0
83,R3,SKU_B,0
83,R3,SKU_C,0
83,R3,SKU_D,0
83,R3,SKU_E,0
84,Supplier,SKU_A,0
84,Supplier,SKU_B,0
84,Supplier,SKU_C,0
84,Supplier,SKU_D,0
84,Supplier,SKU_E,0
84,W1,SKU_A,359
84,W1,SKU_B,946
84,W1,SKU_C,0
84,W1,SKU_D,0
84,W1,SKU_E,0
84,W2,SKU_A,1210
84,W2,SKU_B,0
84,W2,SKU_C,0
84,W2,SKU_D,0
84,W2,SKU_E,0
84,R1,SKU_A,231
84,R1,SKU_B,550
84,R1,SKU_C,0
84,R1,SKU_D,203
84,R1,SKU_E,235
84,R2,SKU_A,0
84,R2,SKU_B,505
84,R2,SKU_C,0
84,R2,SKU_D,0
84,R2,SKU_E,0
84,R3,SKU_A,0
84,R3,SKU_B,393
84,R3,SKU_C,0
84,R3,SKU_D,0
84,R3,SKU_E,1072
85,Supplier,SKU_A,0
85,Supplier,SKU_B,0
85,Supplier,SKU_C,0
85,Supplier,SKU_D,0
85,Supplier,SKU_E,0
85,W1,SKU_A,0
85,W1,SKU_B,0
85,W1,SKU_C,0
85,W1,SKU_D,0
85,W1,SKU_E,0
85,W2,SKU_A,0
85,W2,SKU_B,0
85,W2,SKU_C,1326
85,W2,SKU_D,0
85,W2,SKU_E,0
85,R1,SKU_A,187
85,R1,SKU_B,0
85,R1,SKU_C,0
85,R1,SKU_D,0
85,R1,SKU_E,0
85,R2,SKU_A,0
85,R2,SKU_B,0
85,R2,SKU_C,398
85,R2,SKU_D,264
85,R2,SKU_E,0
85,R3,SKU_A,1243
85,R3,SKU_B,0
85,R3,SKU_C,0
85,R3,SKU_D,570
85,R3,SKU_E,0
86,Supplier,SKU_A,0
86,Supplier,SKU_B,0
86,Supplier,SKU_C,0
86,Supplier,SKU_D,0
86,Supplier,SKU_E,0
86,W1,SKU_A,418
86,W1,SKU_B,0
86,W1,SKU_C,0
86,W1,SKU_D,0
86,W1,SKU_E,235
86,W2,SKU_A,0
86,W2,SKU_B,0
86,W2,SKU_C,0
86,W2,SKU_D,0
86,W2,SKU_E,0
86,R1,SKU_A,164
86,R1,SKU_B,0
86,R1,SKU_C,0
86,R1,SKU_D,128
86,R1,SKU_E,0
86,R2,SKU_A,0
86,R2,SKU_B,0
86,R2,SKU_C,0
86,R2,SKU_D,0
86,R2,SKU_E,0
86,R3,SKU_A,0
86,R3,SKU_B,0
86,R3,SKU_C,0
86,R3,SKU_D,0
86,R3,SKU_E,0
87,Supplier,SKU_A,0
87,Supplier,SKU_B,0
87,Supplier,SKU_C,0
87,Supplier,SKU_D,0
87,Supplier,SKU_E,0
87,W1,SKU_A,0
87,W1,SKU_B,0
87,W1,SKU_C,0
87,W1,SKU_D,0
87,W1,SKU_E,0
87,W2,SKU_A,0
87,W2,SKU_B,0
87,W2,SKU_C,0
87,W2,SKU_D,570
87,W2,SKU_E,0
87,R1,SKU_A,143
87,R1,SKU_B,0
87,R1,SKU_C,0
87,R1,SKU_D,0
87,R1,SKU_E,0
87,R2,SKU_A,0
87,R2,SKU_B,0
87,R2,SKU_C,0
87,R2,SKU_D,0
87,R2,SKU_E,0
87,R3,SKU_A,0
87,R3,SKU_B,0
87,R3,SKU_C,0
87,R3,SKU_D,0
87,R3,SKU_E,0
88,Supplier,SKU_A,0
88,Supplier,SKU_B,0
88,Supplier,SKU_C,0
88,Supplier,SKU_D,0
88,Supplier,SKU_E,0
88,W1,SKU_A,307
88,W1,SKU_B,0
88,W1,SKU_C,2178
88,W1,SKU_D,0
88,W1,SKU_E,0
88,W2,SKU_A,0
88,W2,SKU_B,732
88,W2,SKU_C,0
88,W2,SKU_D,0
88,W2,SKU_E,0
88,R1,SKU_A,145
88,R1,SKU_B,0
88,R1,SKU_C,1522
88,R1,SKU_D,137
88,R1,SKU_E,179
88,R2,SKU_A,907
88,R2,SKU_B,0
88,R2,SKU_C,0
88,R2,SKU_D,0
88,R2,SKU_E,590
88,R3,SKU_A,0
88,R3,SKU_B,277
88,R3,SKU_C,0
88,R3,SKU_D,0
88,R3,SKU_E,0
89,Supplier,SKU_A,0
89,Supplier,SKU_B,0
89,Supplier,SKU_C,0
89,Supplier,SKU_D,0
89,Supplier,SKU_E,0
89,W1,SKU_A,0
89,W1,SKU_B,0
89,W1,SKU_C,0
89,W1,SKU_D,0
89,W1,SKU_E,0
89,W2,SKU_A,0
89,W2,SKU_B,0
89,W2,SKU_C,0
89,W2,SKU_D,0
89,W2,SKU_E,0
89,R1,SKU_A,214
89,R1,SKU_B,0
89,R1,SKU_C,0
89,R1,SKU_D,0
89,R1,SKU_E,0
89,R2,SKU_A,0
89,R2,SKU_B,0
89,R2,SKU_C,0
89,R2,SKU_D,0
89,R2,SKU_E,0
89,R3,SKU_A,0
89,R3,SKU_B,0
89,R3,SKU_C,0
89,R3,SKU_D,0
89,R3,SKU_E,0
90,Supplier,SKU_A,0
90,Supplier,SKU_B,0
90,Supplier,SKU_C,0
90,Supplier,SKU_D,0
90,Supplier,SKU_E,0
90,W1,SKU_A,1266
90,W1,SKU_B,0
90,W1,SKU_C,0
90,W1,SKU_D,878
90,W1,SKU_E,769
90,W2,SKU_A,0
90,W2,SKU_B,0
90,W2,SKU_C,0
90,W2,SKU_D,0
90,W2,SKU_E,1072
90,R1,SKU_A,204
90,R1,SKU_B,528
90,R1,SKU_C,0
90,R1,SKU_D,169
90,R1,SKU_E,0
90,R2,SKU_A,0
90,R2,SKU_B,410
90,R2,SKU_C,265
90,R2,SKU_D,167
90,R2,SKU_E,0
90,R3,SKU_A,1088
90,R3,SKU_B,0
90,R3,SKU_C,1831
90,R3,SKU_D,529
90,R3,SKU_E,0
91,Supplier,SKU_A,0
91,Supplier,SKU_B,0
91,Supplier,SKU_C,0
91,Supplier,SKU_D,0
91,Supplier,SKU_E,0
91,W1,SKU_A,0
91,W1,SKU_B,1993
91,W1,SKU_C,0
91,W1,SKU_D,0
91,W1,SKU_E,0
91,W2,SKU_A,2331
91,W2,SKU_B,0
91,W2,SKU_C,0
91,W2,SKU_D,0
91,W2,SKU_E,0
91,R1,SKU_A,238
91,R1,SKU_B,0
91,R1,SKU_C,0
91,R1,SKU_D,0
91,R1,SKU_E,0
91,R2,SKU_A,0
91,R2,SKU_B,0
91,R2,SKU_C,0
91,R2,SKU_D,0
91,R2,SKU_E,0
91,R3,SKU_A,0
91,R3,SKU_B,0
91,R3,SKU_C,0
91,R3,SKU_D,0
91,R3,SKU_E,0
92,Supplier,SKU_A,0
92,Supplier,SKU_B,0
92,Supplier,SKU_C,0
92,Supplier,SKU_D,0
92,Supplier,SKU_E,0
92,W1,SKU_A,442
92,W1,SKU_B,0
92,W1,SKU_C,0
92,W1,SKU_D,0
92,W1,SKU_E,0
92,W2,SKU_A,0
92,W2,SKU_B,0
92,W2,SKU_C,0
92,W2,SKU_D,0
92,W2,SKU_E,0
92,R1,SKU_A,132
92,R1,SKU_B,0
92,R1,SKU_C,0
92,R1,SKU_D,156
92,R1,SKU_E,238
92,R2,SKU_A,0
92,R2,SKU_B,0
92,R2,SKU_C,0
92,R2,SKU_D,0
92,R2,SKU_E,0
92,R3,SKU_A,0
92,R3,SKU_B,340
92,R3,SKU_C,0
92,R3,SKU_D,0
92,R3,SKU_E,0
93,Supplier,SKU_A,0
93,Supplier,SKU_B,0
93,Supplier,SKU_C,0
93,Supplier,SKU_D,0
93,Supplier,SKU_E,0
93,W1,SKU_A,0
93,W1,SKU_B,0
93,W1,SKU_C,0
93,W1,SKU_D,0
93,W1,SKU_E,0
93,W2,SKU_A,0
93,W2,SKU_B,0
93,W2,SKU_C,0
93,W2,SKU_D,529
93,W2,SKU_E,0
93,R1,SKU_A,160
93,R1,SKU_B,0
93,R1,SKU_C,0
93,R1,SKU_D,0
93,R1,SKU_E,0
93,R2,SKU_A,0
93,R2,SKU_B,0
93,R2,SKU_C,0
93,R2,SKU_D,0
93,R2,SKU_E,0
93,R3,SKU_A,0
93,R3,SKU_B,0
93,R3,SKU_C,0
93,R3,SKU_D,0
93,R3,SKU_E,0
94,Supplier,SKU_A,0
94,Supplier,SKU_B,0
94,Supplier,SKU_C,0
94,Supplier,SKU_D,0
94,Supplier,SKU_E,0
94,W1,SKU_A,292
94,W1,SKU_B,0
94,W1,SKU_C,0
94,W1,SKU_D,0
94,W1,SKU_E,238
94,W2,SKU_A,0
94,W2,SKU_B,0
94,W2,SKU_C,0
94,W2,SKU_D,0
94,W2,SKU_E,0
94,R1,SKU_A,135
94,R1,SKU_B,0
94,R1,SKU_C,0
94,R1,SKU_D,115
94,R1,SKU_E,0
94,R2,SKU_A,0
94,R2,SKU_B,0
94,R2,SKU_C,0
94,R2,SKU_D,0
94,R2,SKU_E,0
94,R3,SKU_A,0
94,R3,SKU_B,0
94,R3,SKU_C,0
94,R3,SKU_D,0
94,R3,SKU_E,0
95,Supplier,SKU_A,0
95,Supplier,SKU_B,0
95,Supplier,SKU_C,0
95,Supplier,SKU_D,0
95,Supplier,SKU_E,0
95,W1,SKU_A,0
95,W1,SKU_B,0
95,W1,SKU_C,0
95,W1,SKU_D,0
95,W1,SKU_E,0
95,W2,SKU_A,0
95,W2,SKU_B,0
95,W2,SKU_C,1831
95,W2,SKU_D,0
95,W2,SKU_E,0
95,R1,SKU_A,161
95,R1,SKU_B,0
95,R1,SKU_C,0
95,R1,SKU_D,0
95,R1,SKU_E,0
95,R2,SKU_A,0
95,R2,SKU_B,0
95,R2,SKU_C,310
95,R2,SKU_D,183
95,R2,SKU_E,0
95,R3,SKU_A,958
95,R3,SKU_B,0
95,R3,SKU_C,0
95,R3,SKU_D,487
95,R3,SKU_E,0
96,Supplier,SKU_A,0
96,Supplier,SKU_B,0
96,Supplier,SKU_C,0
96,Supplier,SKU_D,0
96,Supplier,SKU_E,0
96,W1,SKU_A,296
96,W1,SKU_B,0
96,W1,SKU_C,0
96,W1,SKU_D,0
96,W1,SKU_E,0
96,W2,SKU_A,0
96,W2,SKU_B,0
96,W2,SKU_C,0
96,W2,SKU_D,487
96,W2,SKU_E,0
96,R1,SKU_A,200
96,R1,SKU_B,543
96,R1,SKU_C,0
96,R1,SKU_D,142
96,R1,SKU_E,168
96,R2,SKU_A,868
96,R2,SKU_B,472
96,R2,SKU_C,0
96,R2,SKU_D,0
96,R2,SKU_E,0
96,R3,SKU_A,0
96,R3,SKU_B,325
96,R3,SKU_C,0
96,R3,SKU_D,0
96,R3,SKU_E,910
97,Supplier,SKU_A,0
97,Supplier,SKU_B,0
97,Supplier,SKU_C,0
97,Supplier,SKU_D,0
97,Supplier,SKU_E,0
97,W1,SKU_A,0
97,W1,SKU_B,0
97,W1,SKU_C,0
97,W1,SKU_D,0
97,W1,SKU_E,0
97,W2,SKU_A,0
97,W2,SKU_B,0
97,W2,SKU_C,0
97,W2,SKU_D,0
97,W2,SKU_E,0
97,R1,SKU_A,243
97,R1,SKU_B,0
97,R1,SKU_C,0
97,R1,SKU_D,0
97,R1,SKU_E,0
97,R2,SKU_A,0
97,R2,SKU_B,0
97,R2,SKU_C,0
97,R2,SKU_D,0
97,R2,SKU_E,0
97,R3,SKU_A,0
97,R3,SKU_B,0
97,R3,SKU_C,0
97,R3,SKU_D,0
97,R3,SKU_E,0
98,Supplier,SKU_A,0
98,Supplier,SKU_B,0
98,Supplier,SKU_C,0
98,Supplier,SKU_D,0
98,Supplier,SKU_E,0
98,W1,SKU_A,1311
98,W1,SKU_B,1015
98,W1,SKU_C,0
98,W1,SKU_D,0
98,W1,SKU_E,168
98,W2,SKU_A,958
98,W2,SKU_B,0
98,W2,SKU_C,0
98,W2,SKU_D,0
98,W2,SKU_E,0
98,R1,SKU_A,236
98,R1,SKU_B,0
98,R1,SKU_C,0
98,R1,SKU_D,206
98,R1,SKU_E,0
98,R2,SKU_A,0
98,R2,SKU_B,0
98,R2,SKU_C,0
98,R2,SKU_D,0
98,R2,SKU_E,0
98,R3,SKU_A,0
98,R3,SKU_B,0
98,R3,SKU_C,0
98,R3,SKU_D,0
98,R3,SKU_E,0
99,Supplier,SKU_A,0
99,Supplier,SKU_B,0
99,Supplier,SKU_C,0
99,Supplier,SKU_D,0
99,Supplier,SKU_E,0
99,W1,SKU_A,0
99,W1,SKU_B,0
99,W1,SKU_C,2097
99,W1,SKU_D,1138
99,W1,SKU_E,0
99,W2,SKU_A,0
99,W2,SKU_B,942
99,W2,SKU_C,0
99,W2,SKU_D,0
99,W2,SKU_E,0
99,R1,SKU_A,208
99,R1,SKU_B,0
99,R1,SKU_C,1765
99,R1,SKU_D,0
99,R1,SKU_E,0
99,R2,SKU_A,0
99,R2,SKU_B,0
99,R2,SKU_C,0
99,R2,SKU_D,0
99,R2,SKU_E,526
99,R3,SKU_A,0
99,R3,SKU_B,0
99,R3,SKU_C,0
99,R3,SKU_D,0
99,R3,SKU_E,0
100,Supplier,SKU_A,0
100,Supplier,SKU_B,0
100,Supplier,SKU_C,0
100,Supplier,SKU_D,0
100,Supplier,SKU_E,0
100,W1,SKU_A,444
100,W1,SKU_B,0
100,W1,SKU_C,0
100,W1,SKU_D,0
100,W1,SKU_E,526
100,W2,SKU_A,0
100,W2,SKU_B,0
100,W2,SKU_C,0
100,W2,SKU_D,0
100,W2,SKU_E,910
100,R1,SKU_A,149
100,R1,SKU_B,0
100,R1,SKU_C,0
100,R1,SKU_D,140
100,R1,SKU_E,229
100,R2,SKU_A,0
100,R2,SKU_B,0
100,R2,SKU_C,346
100,R2,SKU_D,281
100,R2,SKU_E,0
100,R3,SKU_A,1363
100,R3,SKU_B,384
100,R3,SKU_C,1741
100,R3,SKU_D,650
100,R3,SKU_E,0
101,Supplier,SKU_A,0
101,Supplier,SKU_B,0
101,Supplier,SKU_C,0
101,Supplier,SKU_D,0
101,Supplier,SKU_E,0
101,W1,SKU_A,0
101,W1,SKU_B,0
101,W1,SKU_C,0
101,W1,SKU_D,0
101,W1,SKU_E,0
101,W2,SKU_A,0
101,W2,SKU_B,0
101,W2,SKU_C,0
101,W2,SKU_D,0
101,W2,SKU_E,0
101,R1,SKU_A,175
101,R1,SKU_B,0
101,R1,SKU_C,0
101,R1,SKU_D,0
101,R1,SKU_E,0
101,R2,SKU_A,0
101,R2,SKU_B,0
101,R2,SKU_C,0
101,R2,SKU_D,0
101,R2,SKU_E,0
101,R3,SKU_A,0
101,R3,SKU_B,0
101,R3,SKU_C,0
101,R3,SKU_D,0
101,R3,SKU_E,0
102,Supplier,SKU_A,0
102,Supplier,SKU_B,0
102,Supplier,SKU_C,0
102,Supplier,SKU_D,0
102,Supplier,SKU_E,0
102,W1,SKU_A,324
102,W1,SKU_B,0
102,W1,SKU_C,0
102,W1,SKU_D,0
102,W1,SKU_E,229
102,W2,SKU_A,0
102,W2,SKU_B,0
102,W2,SKU_C,0
102,W2,SKU_D,650
102,W2,SKU_E,0
102,R1,SKU_A,145
102,R1,SKU_B,551
102,R1,SKU_C,0
102,R1,SKU_D,130
102,R1,SKU_E,0
102,R2,SKU_A,0
102,R2,SKU_B,443
102,R2,SKU_C,0
102,R2,SKU_D,0
102,R2,SKU_E,0
102,R3,SKU_A,0
102,R3,SKU_B,0
102,R3,SKU_C,0
102,R3,SKU_D,0
102,R3,SKU_E,0
103,Supplier,SKU_A,0
103,Supplier,SKU_B,0
103,Supplier,SKU_C,0
103,Supplier,SKU_D,0
103,Supplier,SKU_E,0
103,W1,SKU_A,0
103,W1,SKU_B,0
103,W1,SKU_C,0
103,W1,SKU_D,0
103,W1,SKU_E,0
103,W2,SKU_A,0
103,W2,SKU_B,0
103,W2,SKU_C,0
103,W2,SKU_D,0
103,W2,SKU_E,0
103,R1,SKU_A,178
103,R1,SKU_B,0
103,R1,SKU_C,0
103,R1,SKU_D,0
103,R1,SKU_E,0
103,R2,SKU_A,0
103,R2,SKU_B,0
103,R2,SKU_C,0
103,R2,SKU_D,0
103,R2,SKU_E,0
103,R3,SKU_A,0
103,R3,SKU_B,0
103,R3,SKU_C,0
103,R3,SKU_D,0
103,R3,SKU_E,0
104,Supplier,SKU_A,0
104,Supplier,SKU_B,0
104,Supplier,SKU_C,0
104,Supplier,SKU_D,0
104,Supplier,SKU_E,0
104,W1,SKU_A,323
104,W1,SKU_B,0
104,W1,SKU_C,0
104,W1,SKU_D,0
104,W1,SKU_E,0
104,W2,SKU_A,0
104,W2,SKU_B,0
104,W2,SKU_C,0
104,W2,SKU_D,0
104,W2,SKU_E,0
104,R1,SKU_A,226
104,R1,SKU_B,0
104,R1,SKU_C,0
104,R1,SKU_D,187
104,R1,SKU_E,230
104,R2,SKU_A,909
104,R2,SKU_B,0
104,R2,SKU_C,0
104,R2,SKU_D,0
104,R2,SKU_E,0
104,R3,SKU_A,0
104,R3,SKU_B,279
104,R3,SKU_C,0
104,R3,SKU_D,0
104,R3,SKU_E,0
105,Supplier,SKU_A,0
105,Supplier,SKU_B,0
105,Supplier,SKU_C,0
105,Supplier,SKU_D,0
105,Supplier,SKU_E,0
105,W1,SKU_A,0
105,W1,SKU_B,994
105,W1,SKU_C,0
105,W1,SKU_D,0
105,W1,SKU_E,0
105,W2,SKU_A,1363
105,W2,SKU_B,0
105,W2,SKU_C,1741
105,W2,SKU_D,0
105,W2,SKU_E,0
105,R1,SKU_A,269
105,R1,SKU_B,0
105,R1,SKU_C,0
105,R1,SKU_D,0
105,R1,SKU_E,0
105,R2,SKU_A,0
105,R2,SKU_B,0
105,R2,SKU_C,345
105,R2,SKU_D,319
105,R2,SKU_E,0
105,R3,SKU_A,1279
105,R3,SKU_B,0
105,R3,SKU_C,0
105,R3,SKU_D,668
105,R3,SKU_E,0
106,Supplier,SKU_A,0
106,Supplier,SKU_B,0
106,Supplier,SKU_C,0
106,Supplier,SKU_D,0
106,Supplier,SKU_E,0
106,W1,SKU_A,1404
106,W1,SKU_B,0
106,W1,SKU_C,0
106,W1,SKU_D,0
106,W1,SKU_E,230
106,W2,SKU_A,0
106,W2,SKU_B,0
106,W2,SKU_C,0
106,W2,SKU_D,0
106,W2,SKU_E,0
106,R1,SKU_A,161
106,R1,SKU_B,0
106,R1,SKU_C,0
106,R1,SKU_D,198
106,R1,SKU_E,0
106,R2,SKU_A,0
106,R2,SKU_B,0
106,R2,SKU_C,0
106,R2,SKU_D,0
106,R2,SKU_E,0
106,R3,SKU_A,0
106,R3,SKU_B,0
106,R3,SKU_C,0
106,R3,SKU_D,0
106,R3,SKU_E,0
107,Supplier,SKU_A,0
107,Supplier,SKU_B,0
107,Supplier,SKU_C,0
107,Supplier,SKU_D,0
107,Supplier,SKU_E,0
107,W1,SKU_A,0
107,W1,SKU_B,0
107,W1,SKU_C,0
107,W1,SKU_D,0
107,W1,SKU_E,0
107,W2,SKU_A,0
107,W2,SKU_B,0
107,W2,SKU_C,0
107,W2,SKU_D,0
107,W2,SKU_E,0
107,R1,SKU_A,189
107,R1,SKU_B,0
107,R1,SKU_C,0
107,R1,SKU_D,0
107,R1,SKU_E,0
107,R2,SKU_A,0
107,R2,SKU_B,0
107,R2,SKU_C,0
107,R2,SKU_D,0
107,R2,SKU_E,0
107,R3,SKU_A,0
107,R3,SKU_B,0
107,R3,SKU_C,0
107,R3,SKU_D,0
107,R3,SKU_E,0
108,Supplier,SKU_A,0
108,Supplier,SKU_B,0
108,Supplier,SKU_C,0
108,Supplier,SKU_D,0
108,Supplier,SKU_E,0
108,W1,SKU_A,350
108,W1,SKU_B,0
108,W1,SKU_C,0
108,W1,SKU_D,1255
108,W1,SKU_E,0
108,W2,SKU_A,0
108,W2,SKU_B,0
108,W2,SKU_C,0
108,W2,SKU_D,668
108,W2,SKU_E,0
108,R1,SKU_A,194
108,R1,SKU_B,559
108,R1,SKU_C,0
108,R1,SKU_D,136
108,R1,SKU_E,208
108,R2,SKU_A,0
108,R2,SKU_B,493
108,R2,SKU_C,0
108,R2,SKU_D,0
108,R2,SKU_E,0
108,R3,SKU_A,0
108,R3,SKU_B,318
108,R3,SKU_C,0
108,R3,SKU_D,0
108,R3,SKU_E,1017
109,Supplier,SKU_A,0
109,Supplier,SKU_B,0
109,Supplier,SKU_C,0
109,Supplier,SKU_D,0
109,Supplier,SKU_E,0
109,W1,SKU_A,0
109,W1,SKU_B,0
109,W1,SKU_C,0
109,W1,SKU_D,0
109,W1,SKU_E,0
109,W2,SKU_A,0
109,W2,SKU_B,0
109,W2,SKU_C,0
109,W2,SKU_D,0
109,W2,SKU_E,0
109,R1,SKU_A,162
109,R1,SKU_B,0
109,R1,SKU_C,0
109,R1,SKU_D,0
109,R1,SKU_E,0
109,R2,SKU_A,0
109,R2,SKU_B,0
109,R2,SKU_C,0
109,R2,SKU_D,0
109,R2,SKU_E,0
109,R3,SKU_A,0
109,R3,SKU_B,0
109,R3,SKU_C,0
109,R3,SKU_D,0
109,R3,SKU_E,0
110,Supplier,SKU_A,0
110,Supplier,SKU_B,0
110,Supplier,SKU_C,0
110,Supplier,SKU_D,0
110,Supplier,SKU_E,0
110,W1,SKU_A,356
110,W1,SKU_B,0
110,W1,SKU_C,2456
110,W1,SKU_D,0
110,W1,SKU_E,208
110,W2,SKU_A,0
110,W2,SKU_B,981
110,W2,SKU_C,0
110,W2,SKU_D,0
110,W2,SKU_E,1017
110,R1,SKU_A,216
110,R1,SKU_B,0
110,R1,SKU_C,1703
110,R1,SKU_D,182
110,R1,SKU_E,0
110,R2,SKU_A,0
110,R2,SKU_B,0
110,R2,SKU_C,319
110,R2,SKU_D,236
110,R2,SKU_E,574
110,R3,SKU_A,1167
110,R3,SKU_B,0
110,R3,SKU_C,1926
110,R3,SKU_D,488
110,R3,SKU_E,0
111,Supplier,SKU_A,0
111,Supplier,SKU_B,0
111,Supplier,SKU_C,0
111,Supplier,SKU_D,0
111,Supplier,SKU_E,0
111,W1,SKU_A,0
111,W1,SKU_B,0
111,W1,SKU_C,0
111,W1,SKU_D,0
111,W1,SKU_E,0
111,W2,SKU_A,0
111,W2,SKU_B,0
111,W2,SKU_C,0
111,W2,SKU_D,488
111,W2,SKU_E,0
111,R1,SKU_A,251
111,R1,SKU_B,0
111,R1,SKU_C,0
111,R1,SKU_D,0
111,R1,SKU_E,0
111,R2,SKU_A,0
111,R2,SKU_B,0
111,R2,SKU_C,0
111,R2,SKU_D,0
111,R2,SKU_E,0
111,R3,SKU_A,0
111,R3,SKU_B,0
111,R3,SKU_C,0
111,R3,SKU_D,0
111,R3,SKU_E,0
112,Supplier,SKU_A,0
112,Supplier,SKU_B,0
112,Supplier,SKU_C,0
112,Supplier,SKU_D,0
112,Supplier,SKU_E,0
112,W1,SKU_A,467
112,W1,SKU_B,1052
112,W1,SKU_C,0
112,W1,SKU_D,0
112,W1,SKU_E,574
112,W2,SKU_A,2446
112,W2,SKU_B,0
112,W2,SKU_C,0
112,W2,SKU_D,0
112,W2,SKU_E,0
112,R1,SKU_A,258
112,R1,SKU_B,0
112,R1,SKU_C,0
112,R1,SKU_D,216
112,R1,SKU_E,225
112,R2,SKU_A,1084
112,R2,SKU_B,0
112,R2,SKU_C,0
112,R2,SKU_D,0
112,R2,SKU_E,0
112,R3,SKU_A,0
112,R3,SKU_B,375
112,R3,SKU_C,0
112,R3,SKU_D,0
112,R3,SKU_E,0
113,Supplier,SKU_A,0
113,Supplier,SKU_B,0
113,Supplier,SKU_C,0
113,Supplier,SKU_D,0
113,Supplier,SKU_E,0
113,W1,SKU_A,0
113,W1,SKU_B,0
113,W1,SKU_C,0
113,W1,SKU_D,0
113,W1,SKU_E,0
113,W2,SKU_A,0
113,W2,SKU_B,0
113,W2,SKU_C,0
113,W2,SKU_D,0
113,W2,SKU_E,0
113,R1,SKU_A,168
113,R1,SKU_B,0
113,R1,SKU_C,0
113,R1,SKU_D,0
113,R1,SKU_E,0
113,R2,SKU_A,0
113,R2,SKU_B,0
113,R2,SKU_C,0
113,R2,SKU_D,0
113,R2,SKU_E,0
113,R3,SKU_A,0
113,R3,SKU_B,0
113,R3,SKU_C,0
113,R3,SKU_D,0
113,R3,SKU_E,0
114,Supplier,SKU_A,0
114,Supplier,SKU_B,0
114,Supplier,SKU_C,0
114,Supplier,SKU_D,0
114,Supplier,SKU_E,0
114,W1,SKU_A,1510
114,W1,SKU_B,0
114,W1,SKU_C,0
114,W1,SKU_D,0
114,W1,SKU_E,225
114,W2,SKU_A,0
114,W2,SKU_B,0
114,W2,SKU_C,0
114,W2,SKU_D,0
114,W2,SKU_E,0
114,R1,SKU_A,176
114,R1,SKU_B,702
114,R1,SKU_C,0
114,R1,SKU_D,187
114,R1,SKU_E,0
114,R2,SKU_A,0
114,R2,SKU_B,571
114,R2,SKU_C,0
114,R2,SKU_D,0
114,R2,SKU_E,0
114,R3,SKU_A,0
114,R3,SKU_B,0
114,R3,SKU_C,0
114,R3,SKU_D,0
114,R3,SKU_E,0
115,Supplier,SKU_A,0
115,Supplier,SKU_B,0
115,Supplier,SKU_C,0
115,Supplier,SKU_D,0
115,Supplier,SKU_E,0
115,W1,SKU_A,0
115,W1,SKU_B,0
115,W1,SKU_C,0
115,W1,SKU_D,0
115,W1,SKU_E,0
115,W2,SKU_A,0
115,W2,SKU_B,0
115,W2,SKU_C,1926
115,W2,SKU_D,0
115,W2,SKU_E,0
115,R1,SKU_A,148
115,R1,SKU_B,0
115,R1,SKU_C,0
115,R1,SKU_D,0
115,R1,SKU_E,0
115,R2,SKU_A,0
115,R2,SKU_B,0
115,R2,SKU_C,465
115,R2,SKU_D,265
115,R2,SKU_E,0
115,R3,SKU_A,1279
115,R3,SKU_B,0
115,R3,SKU_C,0
115,R3,SKU_D,587
115,R3,SKU_E,0
116,Supplier,SKU_A,0
116,Supplier,SKU_B,0
116,Supplier,SKU_C,0
116,Supplier,SKU_D,0
116,Supplier,SKU_E,0
116,W1,SKU_A,324
116,W1,SKU_B,0
116,W1,SKU_C,0
116,W1,SKU_D,0
116,W1,SKU_E,0
116,W2,SKU_A,0
116,W2,SKU_B,0
116,W2,SKU_C,0
116,W2,SKU_D,0
116,W2,SKU_E,0
116,R1,SKU_A,126
116,R1,SKU_B,0
116,R1,SKU_C,0
116,R1,SKU_D,123
116,R1,SKU_E,209
116,R2,SKU_A,0
116,R2,SKU_B,0
116,R2,SKU_C,0
116,R2,SKU_D,0
116,R2,SKU_E,0
116,R3,SKU_A,0
116,R3,SKU_B,283
116,R3,SKU_C,0
116,R3,SKU_D,0
116,R3,SKU_E,0
117,Supplier,SKU_A,0
117,Supplier,SKU_B,0
117,Supplier,SKU_C,0
117,Supplier,SKU_D,0
117,Supplier,SKU_E,0
117,W1,SKU_A,0
117,W1,SKU_B,0
117,W1,SKU_C,0
117,W1,SKU_D,1345
117,W1,SKU_E,0
117,W2,SKU_A,0
117,W2,SKU_B,0
117,W2,SKU_C,0
117,W2,SKU_D,587
117,W2,SKU_E,0
117,R1,SKU_A,165
117,R1,SKU_B,0
117,R1,SKU_C,0
117,R1,SKU_D,0
117,R1,SKU_E,0
117,R2,SKU_A,0
117,R2,SKU_B,0
117,R2,SKU_C,0
117,R2,SKU_D,0
117,R2,SKU_E,0
117,R3,SKU_A,0
117,R3,SKU_B,0
117,R3,SKU_C,0
117,R3,SKU_D,0
117,R3,SKU_E,0
118,Supplier,SKU_A,0
118,Supplier,SKU_B,0
118,Supplier,SKU_C,0
118,Supplier,SKU_D,0
118,Supplier,SKU_E,0
118,W1,SKU_A,291
118,W1,SKU_B,0
118,W1,SKU_C,0
118,W1,SKU_D,0
118,W1,SKU_E,209
118,W2,SKU_A,0
118,W2,SKU_B,0
118,W2,SKU_C,0
118,W2,SKU_D,0
118,W2,SKU_E,0
118,R1,SKU_A,241
118,R1,SKU_B,0
118,R1,SKU_C,0
118,R1,SKU_D,167
118,R1,SKU_E,0
118,R2,SKU_A,0
118,R2,SKU_B,0
118,R2,SKU_C,0
118,R2,SKU_D,0
118,R2,SKU_E,0
118,R3,SKU_A,0
118,R3,SKU_B,0
118,R3,SKU_C,0
118,R3,SKU_D,0
118,R3,SKU_E,0
119,Supplier,SKU_A,0
119,Supplier,SKU_B,0
119,Supplier,SKU_C,0
119,Supplier,SKU_D,0
119,Supplier,SKU_E,0
119,W1,SKU_A,0
119,W1,SKU_B,1273
119,W1,SKU_C,0
119,W1,SKU_D,0
119,W1,SKU_E,0
119,W2,SKU_A,1279
119,W2,SKU_B,0
119,W2,SKU_C,0
119,W2,SKU_D,0
119,W2,SKU_E,0
119,R1,SKU_A,281
119,R1,SKU_B,0
119,R1,SKU_C,0
119,R1,SKU_D,0
119,R1,SKU_E,0
119,R2,SKU_A,0
119,R2,SKU_B,0
119,R2,SKU_C,0
119,R2,SKU_D,0
119,R2,SKU_E,0
119,R3,SKU_A,0
119,R3,SKU_B,0
119,R3,SKU_C,0
119,R3,SKU_D,0
119,R3,SKU_E,0
120,Supplier,SKU_A,0
120,Supplier,SKU_B,0
120,Supplier,SKU_C,0
120,Supplier,SKU_D,0
120,Supplier,SKU_E,0
120,W1,SKU_A,522
120,W1,SKU_B,0
120,W1,SKU_C,0
120,W1,SKU_D,0
120,W1,SKU_E,0
120,W2,SKU_A,0
120,W2,SKU_B,0
120,W2,SKU_C,0
120,W2,SKU_D,0
120,W2,SKU_E,0
120,R1,SKU_A,166
120,R1,SKU_B,543
120,R1,SKU_C,0
120,R1,SKU_D,164
120,R1,SKU_E,233
120,R2,SKU_A,866
120,R2,SKU_B,416
120,R2,SKU_C,335
120,R2,SKU_D,238
120,R2,SKU_E,0
120,R3,SKU_A,1397
120,R3,SKU_B,417
120,R3,SKU_C,1862
120,R3,SKU_D,581
120,R3,SKU_E,1180
121,Supplier,SKU_A,0
121,Supplier,SKU_B,0
121,Supplier,SKU_C,0
121,Supplier,SKU_D,0
121,Supplier,SKU_E,0
121,W1,SKU_A,0
121,W1,SKU_B,0
121,W1,SKU_C,2822
121,W1,SKU_D,0
121,W1,SKU_E,0
121,W2,SKU_A,0
121,W2,SKU_B,1075
121,W2,SKU_C,0
121,W2,SKU_D,0
121,W2,SKU_E,0
121,R1,SKU_A,104
121,R1,SKU_B,0
121,R1,SKU_C,1801
121,R1,SKU_D,0
121,R1,SKU_E,0
121,R2,SKU_A,0
121,R2,SKU_B,0
121,R2,SKU_C,0
121,R2,SKU_D,0
121,R2,SKU_E,570
121,R3,SKU_A,0
121,R3,SKU_B,0
121,R3,SKU_C,0
121,R3,SKU_D,0
121,R3,SKU_E,0
122,Supplier,SKU_A,0
122,Supplier,SKU_B,0
122,Supplier,SKU_C,0
122,Supplier,SKU_D,0
122,Supplier,SKU_E,0
122,W1,SKU_A,1136
122,W1,SKU_B,0
122,W1,SKU_C,0
122,W1,SKU_D,0
122,W1,SKU_E,803
122,W2,SKU_A,0
122,W2,SKU_B,0
122,W2,SKU_C,0
122,W2,SKU_D,0
122,W2,SKU_E,0
122,R1,SKU_A,136
122,R1,SKU_B,0
122,R1,SKU_C,0
122,R1,SKU_D,113
122,R1,SKU_E,0
122,R2,SKU_A,0
122,R2,SKU_B,0
122,R2,SKU_C,0
122,R2,SKU_D,0
122,R2,SKU_E,0
122,R3,SKU_A,0
122,R3,SKU_B,0
122,R3,SKU_C,0
122,R3,SKU_D,0
122,R3,SKU_E,0
123,Supplier,SKU_A,0
123,Supplier,SKU_B,0
123,Supplier,SKU_C,0
123,Supplier,SKU_D,0
123,Supplier,SKU_E,0
123,W1,SKU_A,0
123,W1,SKU_B,0
123,W1,SKU_C,0
123,W1,SKU_D,0
123,W1,SKU_E,0
123,W2,SKU_A,0
123,W2,SKU_B,0
123,W2,SKU_C,0
123,W2,SKU_D,581
123,W2,SKU_E,0
123,R1,SKU_A,168
123,R1,SKU_B,0
123,R1,SKU_C,0
123,R1,SKU_D,0
123,R1,SKU_E,0
123,R2,SKU_A,0
123,R2,SKU_B,0
123,R2,SKU_C,0
123,R2,SKU_D,0
123,R2,SKU_E,0
123,R3,SKU_A,0
123,R3,SKU_B,0
123,R3,SKU_C,0
123,R3,SKU_D,0
123,R3,SKU_E,0
124,Supplier,SKU_A,0
124,Supplier,SKU_B,0
124,Supplier,SKU_C,0
124,Supplier,SKU_D,0
124,Supplier,SKU_E,0
124,W1,SKU_A,304
124,W1,SKU_B,0
124,W1,SKU_C,0
124,W1,SKU_D,0
124,W1,SKU_E,0
124,W2,SKU_A,0
124,W2,SKU_B,0
124,W2,SKU_C,0
124,W2,SKU_D,0
124,W2,SKU_E,0
124,R1,SKU_A,158
124,R1,SKU_B,0
124,R1,SKU_C,0
124,R1,SKU_D,122
124,R1,SKU_E,159
124,R2,SKU_A,0
124,R2,SKU_B,0
124,R2,SKU_C,0
124,R2,SKU_D,0
124,R2,SKU_E,0
124,R3,SKU_A,0
124,R3,SKU_B,324
124,R3,SKU_C,0
124,R3,SKU_D,0
124,R3,SKU_E,0
125,Supplier,SKU_A,0
125,Supplier,SKU_B,0
125,Supplier,SKU_C,0
125,Supplier,SKU_D,0
125,Supplier,SKU_E,0
125,W1,SKU_A,0
125,W1,SKU_B,0
125,W1,SKU_C,0
125,W1,SKU_D,0
125,W1,SKU_E,0
125,W2,SKU_A,0
125,W2,SKU_B,0
125,W2,SKU_C,1862
125,W2,SKU_D,0
125,W2,SKU_E,0
125,R1,SKU_A,239
125,R1,SKU_B,0
125,R1,SKU_C,0
125,R1,SKU_D,0
125,R1,SKU_E,0
125,R2,SKU_A,0
125,R2,SKU_B,0
125,R2,SKU_C,384
125,R2,SKU_D,260
125,R2,SKU_E,0
125,R3,SKU_A,892
125,R3,SKU_B,0
125,R3,SKU_C,0
125,R3,SKU_D,447
125,R3,SKU_E,0
126,Supplier,SKU_A,0
126,Supplier,SKU_B,0
126,Supplier,SKU_C,0
126,Supplier,SKU_D,0
126,Supplier,SKU_E,0
126,W1,SKU_A,397
126,W1,SKU_B,959
126,W1,SKU_C,0
126,W1,SKU_D,1064
126,W1,SKU_E,159
126,W2,SKU_A,2289
126,W2,SKU_B,0
126,W2,SKU_C,0
126,W2,SKU_D,447
126,W2,SKU_E,0
126,R1,SKU_A,230
126,R1,SKU_B,501
126,R1,SKU_C,0
126,R1,SKU_D,205
126,R1,SKU_E,0
126,R2,SKU_A,0
126,R2,SKU_B,449
126,R2,SKU_C,0
126,R2,SKU_D,0
126,R2,SKU_E,0
126,R3,SKU_A,0
126,R3,SKU_B,0
126,R3,SKU_C,0
126,R3,SKU_D,0
126,R3,SKU_E,0
127,Supplier,SKU_A,0
127,Supplier,SKU_B,0
127,Supplier,SKU_C,0
127,Supplier,SKU_D,0
127,Supplier,SKU_E,0
127,W1,SKU_A,0
127,W1,SKU_B,0
127,W1,SKU_C,0
127,W1,SKU_D,0
127,W1,SKU_E,0
127,W2,SKU_A,0
127,W2,SKU_B,0
127,W2,SKU_C,0
127,W2,SKU_D,0
127,W2,SKU_E,0
127,R1,SKU_A,139
127,R1,SKU_B,0
127,R1,SKU_C,0
127,R1,SKU_D,0
127,R1,SKU_E,0
127,R2,SKU_A,0
127,R2,SKU_B,0
127,R2,SKU_C,0
127,R2,SKU_D,0
127,R2,SKU_E,0
127,R3,SKU_A,0
127,R3,SKU_B,0
127,R3,SKU_C,0
127,R3,SKU_D,0
127,R3,SKU_E,0
128,Supplier,SKU_A,0
128,Supplier,SKU_B,0
128,Supplier,SKU_C,0
128,Supplier,SKU_D,0
128,Supplier,SKU_E,0
128,W1,SKU_A,369
128,W1,SKU_B,0
128,W1,SKU_C,0
128,W1,SKU_D,0
128,W1,SKU_E,0
128,W2,SKU_A,0
128,W2,SKU_B,0
128,W2,SKU_C,0
128,W2,SKU_D,0
128,W2,SKU_E,0
128,R1,SKU_A,148
128,R1,SKU_B,0
128,R1,SKU_C,0
128,R1,SKU_D,118
128,R1,SKU_E,181
128,R2,SKU_A,901
128,R2,SKU_B,0
128,R2,SKU_C,0
128,R2,SKU_D,0
128,R2,SKU_E,0
128,R3,SKU_A,0
128,R3,SKU_B,322
128,R3,SKU_C,0
128,R3,SKU_D,0
128,R3,SKU_E,0
129,Supplier,SKU_A,0
129,Supplier,SKU_B,0
129,Supplier,SKU_C,0
129,Supplier,SKU_D,0
129,Supplier,SKU_E,0
129,W1,SKU_A,0
129,W1,SKU_B,0
129,W1,SKU_C,0
129,W1,SKU_D,0
129,W1,SKU_E,0
129,W2,SKU_A,0
129,W2,SKU_B,0
129,W2,SKU_C,0
129,W2,SKU_D,0
129,W2,SKU_E,0
129,R1,SKU_A,154
129,R1,SKU_B,0
129,R1,SKU_C,0
129,R1,SKU_D,0
129,R1,SKU_E,0
129,R2,SKU_A,0
129,R2,SKU_B,0
129,R2,SKU_C,0
129,R2,SKU_D,0
129,R2,SKU_E,0
129,R3,SKU_A,0
129,R3,SKU_B,0
129,R3,SKU_C,0
129,R3,SKU_D,0
129,R3,SKU_E,0
130,Supplier,SKU_A,0
130,Supplier,SKU_B,0
130,Supplier,SKU_C,0
130,Supplier,SKU_D,0
130,Supplier,SKU_E,0
130,W1,SKU_A,1203
130,W1,SKU_B,0
130,W1,SKU_C,0
130,W1,SKU_D,0
130,W1,SKU_E,181
130,W2,SKU_A,0
130,W2,SKU_B,0
130,W2,SKU_C,0
130,W2,SKU_D,0
130,W2,SKU_E,1180
130,R1,SKU_A,148
130,R1,SKU_B,0
130,R1,SKU_C,0
130,R1,SKU_D,125
130,R1,SKU_E,0
130,R2,SKU_A,0
130,R2,SKU_B,0
130,R2,SKU_C,277
130,R2,SKU_D,269
130,R2,SKU_E,0
130,R3,SKU_A,881
130,R3,SKU_B,0
130,R3,SKU_C,1312
130,R3,SKU_D,492
130,R3,SKU_E,0
131,Supplier,SKU_A,0
131,Supplier,SKU_B,0
131,Supplier,SKU_C,0
131,Supplier,SKU_D,0
131,Supplier,SKU_E,0
131,W1,SKU_A,0
131,W1,SKU_B,0
131,W1,SKU_C,0
131,W1,SKU_D,0
131,W1,SKU_E,0
131,W2,SKU_A,0
131,W2,SKU_B,0
131,W2,SKU_C,0
131,W2,SKU_D,0
131,W2,SKU_E,0
131,R1,SKU_A,156
131,R1,SKU_B,0
131,R1,SKU_C,0
131,R1,SKU_D,0
131,R1,SKU_E,0
131,R2,SKU_A,0
131,R2,SKU_B,0
131,R2,SKU_C,0
131,R2,SKU_D,0
131,R2,SKU_E,0
131,R3,SKU_A,0
131,R3,SKU_B,0
131,R3,SKU_C,0
131,R3,SKU_D,0
131,R3,SKU_E,0
132,Supplier,SKU_A,0
132,Supplier,SKU_B,0
132,Supplier,SKU_C,0
132,Supplier,SKU_D,0
132,Supplier,SKU_E,0
132,W1,SKU_A,304
132,W1,SKU_B,0
132,W1,SKU_C,2462
132,W1,SKU_D,0
132,W1,SKU_E,0
132,W2,SKU_A,0
132,W2,SKU_B,646
132,W2,SKU_C,0
132,W2,SKU_D,492
132,W2,SKU_E,0
132,R1,SKU_A,185
132,R1,SKU_B,467
132,R1,SKU_C,1454
132,R1,SKU_D,171
132,R1,SKU_E,164
132,R2,SKU_A,0
132,R2,SKU_B,430
132,R2,SKU_C,0
132,R2,SKU_D,0
132,R2,SKU_E,546
132,R3,SKU_A,0
132,R3,SKU_B,306
132,R3,SKU_C,0
132,R3,SKU_D,0
132,R3,SKU_E,1023
133,Supplier,SKU_A,0
133,Supplier,SKU_B,0
133,Supplier,SKU_C,0
133,Supplier,SKU_D,0
133,Supplier,SKU_E,0
133,W1,SKU_A,0
133,W1,SKU_B,1847
133,W1,SKU_C,0
133,W1,SKU_D,0
133,W1,SKU_E,0
133,W2,SKU_A,881
133,W2,SKU_B,0
133,W2,SKU_C,0
133,W2,SKU_D,0
133,W2,SKU_E,0
133,R1,SKU_A,223
133,R1,SKU_B,0
133,R1,SKU_C,0
133,R1,SKU_D,0
133,R1,SKU_E,0
133,R2,SKU_A,0
133,R2,SKU_B,0
133,R2,SKU_C,0
133,R2,SKU_D,0
133,R2,SKU_E,0
133,R3,SKU_A,0
133,R3,SKU_B,0
133,R3,SKU_C,0
133,R3,SKU_D,0
133,R3,SKU_E,0
134,Supplier,SKU_A,0
134,Supplier,SKU_B,0
134,Supplier,SKU_C,0
134,Supplier,SKU_D,0
134,Supplier,SKU_E,0
134,W1,SKU_A,408
134,W1,SKU_B,0
134,W1,SKU_C,0
134,W1,SKU_D,0
134,W1,SKU_E,710
134,W2,SKU_A,0
134,W2,SKU_B,0
134,W2,SKU_C,0
134,W2,SKU_D,0
134,W2,SKU_E,0
134,R1,SKU_A,165
134,R1,SKU_B,0
134,R1,SKU_C,0
134,R1,SKU_D,167
134,R1,SKU_E,0
134,R2,SKU_A,0
134,R2,SKU_B,0
134,R2,SKU_C,0
134,R2,SKU_D,0
134,R2,SKU_E,0
134,R3,SKU_A,0
134,R3,SKU_B,0
134,R3,SKU_C,0
134,R3,SKU_D,0
134,R3,SKU_E,0
135,Supplier,SKU_A,0
135,Supplier,SKU_B,0
135,Supplier,SKU_C,0
135,Supplier,SKU_D,0
135,Supplier,SKU_E,0
135,W1,SKU_A,0
135,W1,SKU_B,0
135,W1,SKU_C,0
135,W1,SKU_D,1055
135,W1,SKU_E,0
135,W2,SKU_A,0
135,W2,SKU_B,0
135,W2,SKU_C,1312
135,W2,SKU_D,0
135,W2,SKU_E,0
135,R1,SKU_A,145
135,R1,SKU_B,0
135,R1,SKU_C,0
135,R1,SKU_D,0
135,R1,SKU_E,0
135,R2,SKU_A,0
135,R2,SKU_B,0
135,R2,SKU_C,343
135,R2,SKU_D,267
135,R2,SKU_E,0
135,R3,SKU_A,1032
135,R3,SKU_B,0
135,R3,SKU_C,0
135,R3,SKU_D,564
135,R3,SKU_E,0
136,Supplier,SKU_A,0
136,Supplier,SKU_B,0
136,Supplier,SKU_C,0
136,Supplier,SKU_D,0
136,Supplier,SKU_E,0
136,W1,SKU_A,310
136,W1,SKU_B,0
136,W1,SKU_C,0
136,W1,SKU_D,0
136,W1,SKU_E,0
136,W2,SKU_A,0
136,W2,SKU_B,0
136,W2,SKU_C,0
136,W2,SKU_D,0
136,W2,SKU_E,0
136,R1,SKU_A,135
136,R1,SKU_B,0
136,R1,SKU_C,0
136,R1,SKU_D,118
136,R1,SKU_E,166
136,R2,SKU_A,948
136,R2,SKU_B,0
136,R2,SKU_C,0
136,R2,SKU_D,0
136,R2,SKU_E,0
136,R3,SKU_A,0
136,R3,SKU_B,251
136,R3,SKU_C,0
136,R3,SKU_D,0
136,R3,SKU_E,0
137,Supplier,SKU_A,0
137,Supplier,SKU_B,0
137,Supplier,SKU_C,0
137,Supplier,SKU_D,0
137,Supplier,SKU_E,0
137,W1,SKU_A,0
137,W1,SKU_B,0
137,W1,SKU_C,0
137,W1,SKU_D,0
137,W1,SKU_E,0
137,W2,SKU_A,0
137,W2,SKU_B,0
137,W2,SKU_C,0
137,W2,SKU_D,0
137,W2,SKU_E,0
137,R1,SKU_A,140
137,R1,SKU_B,0
137,R1,SKU_C,0
137,R1,SKU_D,0
137,R1,SKU_E,0
137,R2,SKU_A,0
137,R2,SKU_B,0
137,R2,SKU_C,0
137,R2,SKU_D,0
137,R2,SKU_E,0
137,R3,SKU_A,0
137,R3,SKU_B,0
137,R3,SKU_C,0
137,R3,SKU_D,0
137,R3,SKU_E,0
138,Supplier,SKU_A,0
138,Supplier,SKU_B,0
138,Supplier,SKU_C,0
138,Supplier,SKU_D,0
138,Supplier,SKU_E,0
138,W1,SKU_A,1223
138,W1,SKU_B,0
138,W1,SKU_C,0
138,W1,SKU_D,0
138,W1,SKU_E,166
138,W2,SKU_A,0
138,W2,SKU_B,0
138,W2,SKU_C,0
138,W2,SKU_D,564
138,W2,SKU_E,0
138,R1,SKU_A,161
138,R1,SKU_B,537
138,R1,SKU_C,0
138,R1,SKU_D,129
138,R1,SKU_E,0
138,R2,SKU_A,0
138,R2,SKU_B,494
138,R2,SKU_C,0
138,R2,SKU_D,0
138,R2,SKU_E,0
138,R3,SKU_A,0
138,R3,SKU_B,0
138,R3,SKU_C,0
138,R3,SKU_D,0
138,R3,SKU_E,0
139,Supplier,SKU_A,0
139,Supplier,SKU_B,0
139,Supplier,SKU_C,0
139,Supplier,SKU_D,0
139,Supplier,SKU_E,0
139,W1,SKU_A,0
139,W1,SKU_B,0
139,W1,SKU_C,0
139,W1,SKU_D,0
139,W1,SKU_E,0
139,W2,SKU_A,0
139,W2,SKU_B,0
139,W2,SKU_C,0
139,W2,SKU_D,0
139,W2,SKU_E,0
139,R1,SKU_A,191
139,R1,SKU_B,0
139,R1,SKU_C,0
139,R1,SKU_D,0
139,R1,SKU_E,0
139,R2,SKU_A,0
139,R2,SKU_B,0
139,R2,SKU_C,0
139,R2,SKU_D,0
139,R2,SKU_E,0
139,R3,SKU_A,0
139,R3,SKU_B,0
139,R3,SKU_C,0
139,R3,SKU_D,0
139,R3,SKU_E,0
140,Supplier,SKU_A,0
140,Supplier,SKU_B,0
140,Supplier,SKU_C,0
140,Supplier,SKU_D,0
140,Supplier,SKU_E,0
140,W1,SKU_A,352
140,W1,SKU_B,1031
140,W1,SKU_C,0
140,W1,SKU_D,0
140,W1,SKU_E,0
140,W2,SKU_A,1032
140,W2,SKU_B,0
140,W2,SKU_C,0
140,W2,SKU_D,0
140,W2,SKU_E,1023
140,R1,SKU_A,222
140,R1,SKU_B,0
140,R1,SKU_C,0
140,R1,SKU_D,170
140,R1,SKU_E,183
140,R2,SKU_A,0
140,R2,SKU_B,0
140,R2,SKU_C,342
140,R2,SKU_D,281
140,R2,SKU_E,0
140,R3,SKU_A,984
140,R3,SKU_B,286
140,R3,SKU_C,1439
140,R3,SKU_D,532
140,R3,SKU_E,0
141,Supplier,SKU_A,0
141,Supplier,SKU_B,0
141,Supplier,SKU_C,0
141,Supplier,SKU_D,0
141,Supplier,SKU_E,0
141,W1,SKU_A,0
141,W1,SKU_B,0
141,W1,SKU_C,0
141,W1,SKU_D,0
141,W1,SKU_E,0
141,W2,SKU_A,0
141,W2,SKU_B,0
141,W2,SKU_C,0
141,W2,SKU_D,532
141,W2,SKU_E,0
141,R1,SKU_A,131
141,R1,SKU_B,0
141,R1,SKU_C,0
141,R1,SKU_D,0
141,R1,SKU_E,0
141,R2,SKU_A,0
141,R2,SKU_B,0
141,R2,SKU_C,0
141,R2,SKU_D,0
141,R2,SKU_E,0
141,R3,SKU_A,0
141,R3,SKU_B,0
141,R3,SKU_C,0
141,R3,SKU_D,0
141,R3,SKU_E,0
142,Supplier,SKU_A,0
142,Supplier,SKU_B,0
142,Supplier,SKU_C,0
142,Supplier,SKU_D,0
142,Supplier,SKU_E,0
142,W1,SKU_A,353
142,W1,SKU_B,0
142,W1,SKU_C,0
142,W1,SKU_D,0
142,W1,SKU_E,183
142,W2,SKU_A,0
142,W2,SKU_B,0
142,W2,SKU_C,0
142,W2,SKU_D,0
142,W2,SKU_E,0
142,R1,SKU_A,149
142,R1,SKU_B,0
142,R1,SKU_C,0
142,R1,SKU_D,108
142,R1,SKU_E,0
142,R2,SKU_A,0
142,R2,SKU_B,0
142,R2,SKU_C,0
142,R2,SKU_D,0
142,R2,SKU_E,0
142,R3,SKU_A,0
142,R3,SKU_B,0
142,R3,SKU_C,0
142,R3,SKU_D,0
142,R3,SKU_E,0
143,Supplier,SKU_A,0
143,Supplier,SKU_B,0
143,Supplier,SKU_C,0
143,Supplier,SKU_D,0
143,Supplier,SKU_E,0
143,W1,SKU_A,0
143,W1,SKU_B,0
143,W1,SKU_C,2139
143,W1,SKU_D,0
143,W1,SKU_E,0
143,W2,SKU_A,0
143,W2,SKU_B,843
143,W2,SKU_C,0
143,W2,SKU_D,0
143,W2,SKU_E,0
143,R1,SKU_A,127
143,R1,SKU_B,0
143,R1,SKU_C,1518
143,R1,SKU_D,0
143,R1,SKU_E,0
143,R2,SKU_A,0
143,R2,SKU_B,0
143,R2,SKU_C,0
143,R2,SKU_D,0
143,R2,SKU_E,610
143,R3,SKU_A,0
143,R3,SKU_B,0
143,R3,SKU_C,0
143,R3,SKU_D,0
143,R3,SKU_E,0
144,Supplier,SKU_A,0
144,Supplier,SKU_B,0
144,Supplier,SKU_C,0
144,Supplier,SKU_D,0
144,Supplier,SKU_E,0
144,W1,SKU_A,276
144,W1,SKU_B,0
144,W1,SKU_C,0
144,W1,SKU_D,1073
144,W1,SKU_E,610
144,W2,SKU_A,0
144,W2,SKU_B,0
144,W2,SKU_C,0
144,W2,SKU_D,0
144,W2,SKU_E,0
144,R1,SKU_A,132
144,R1,SKU_B,427
144,R1,SKU_C,0
144,R1,SKU_D,127
144,R1,SKU_E,137
144,R2,SKU_A,805
144,R2,SKU_B,311
144,R2,SKU_C,0
144,R2,SKU_D,0
144,R2,SKU_E,0
144,R3,SKU_A,0
144,R3,SKU_B,262
144,R3,SKU_C,0
144,R3,SKU_D,0
144,R3,SKU_E,1009
145,Supplier,SKU_A,0
145,Supplier,SKU_B,0
145,Supplier,SKU_C,0
145,Supplier,SKU_D,0
145,Supplier,SKU_E,0
145,W1,SKU_A,0
145,W1,SKU_B,0
145,W1,SKU_C,0
145,W1,SKU_D,0
145,W1,SKU_E,0
145,W2,SKU_A,0
145,W2,SKU_B,0
145,W2,SKU_C,1439
145,W2,SKU_D,0
145,W2,SKU_E,0
145,R1,SKU_A,145
145,R1,SKU_B,0
145,R1,SKU_C,0
145,R1,SKU_D,0
145,R1,SKU_E,0
145,R2,SKU_A,0
145,R2,SKU_B,0
145,R2,SKU_C,230
145,R2,SKU_D,198
145,R2,SKU_E,0
145,R3,SKU_A,887
145,R3,SKU_B,0
145,R3,SKU_C,0
145,R3,SKU_D,492
145,R3,SKU_E,0
146,Supplier,SKU_A,0
146,Supplier,SKU_B,0
146,Supplier,SKU_C,0
146,Supplier,SKU_D,0
146,Supplier,SKU_E,0
146,W1,SKU_A,1082
146,W1,SKU_B,0
146,W1,SKU_C,0
146,W1,SKU_D,0
146,W1,SKU_E,137
146,W2,SKU_A,0
146,W2,SKU_B,0
146,W2,SKU_C,0
146,W2,SKU_D,0
146,W2,SKU_E,0
146,R1,SKU_A,218
146,R1,SKU_B,0
146,R1,SKU_C,0
146,R1,SKU_D,176
146,R1,SKU_E,0
146,R2,SKU_A,0
146,R2,SKU_B,0
146,R2,SKU_C,0
146,R2,SKU_D,0
146,R2,SKU_E,0
146,R3,SKU_A,0
146,R3,SKU_B,0
146,R3,SKU_C,0
146,R3,SKU_D,0
146,R3,SKU_E,0
147,Supplier,SKU_A,0
147,Supplier,SKU_B,0
147,Supplier,SKU_C,0
147,Supplier,SKU_D,0
147,Supplier,SKU_E,0
147,W1,SKU_A,0
147,W1,SKU_B,738
147,W1,SKU_C,0
147,W1,SKU_D,0
147,W1,SKU_E,0
147,W2,SKU_A,1871
147,W2,SKU_B,0
147,W2,SKU_C,0
147,W2,SKU_D,492
147,W2,SKU_E,0
147,R1,SKU_A,177
147,R1,SKU_B,0
147,R1,SKU_C,0
147,R1,SKU_D,0
147,R1,SKU_E,0
147,R2,SKU_A,0
147,R2,SKU_B,0
147,R2,SKU_C,0
147,R2,SKU_D,0
147,R2,SKU_E,0
147,R3,SKU_A,0
147,R3,SKU_B,0
147,R3,SKU_C,0
147,R3,SKU_D,0
147,R3,SKU_E,0
148,Supplier,SKU_A,0
148,Supplier,SKU_B,0
148,Supplier,SKU_C,0
148,Supplier,SKU_D,0
148,Supplier,SKU_E,0
148,W1,SKU_A,395
148,W1,SKU_B,0
148,W1,SKU_C,0
148,W1,SKU_D,0
148,W1,SKU_E,0
148,W2,SKU_A,0
148,W2,SKU_B,0
148,W2,SKU_C,0
148,W2,SKU_D,0
148,W2,SKU_E,0
148,R1,SKU_A,144
148,R1,SKU_B,0
148,R1,SKU_C,0
148,R1,SKU_D,167
148,R1,SKU_E,205
148,R2,SKU_A,0
148,R2,SKU_B,0
148,R2,SKU_C,0
148,R2,SKU_D,0
148,R2,SKU_E,0
148,R3,SKU_A,0
148,R3,SKU_B,348
148,R3,SKU_C,0
148,R3,SKU_D,0
148,R3,SKU_E,0
149,Supplier,SKU_A,0
149,Supplier,SKU_B,0
149,Supplier,SKU_C,0
149,Supplier,SKU_D,0
149,Supplier,SKU_E,0
149,W1,SKU_A,0
149,W1,SKU_B,0
149,W1,SKU_C,0
149,W1,SKU_D,0
149,W1,SKU_E,0
149,W2,SKU_A,0
149,W2,SKU_B,0
149,W2,SKU_C,0
149,W2,SKU_D,0
149,W2,SKU_E,0
149,R1,SKU_A,146
149,R1,SKU_B,0
149,R1,SKU_C,0
149,R1,SKU_D,0
149,R1,SKU_E,0
149,R2,SKU_A,0
149,R2,SKU_B,0
149,R2,SKU_C,0
149,R2,SKU_D,0
149,R2,SKU_E,0
149,R3,SKU_A,0
149,R3,SKU_B,0
149,R3,SKU_C,0
149,R3,SKU_D,0
149,R3,SKU_E,0
150,Supplier,SKU_A,0
150,Supplier,SKU_B,0
150,Supplier,SKU_C,0
150,Supplier,SKU_D,0
150,Supplier,SKU_E,0
150,W1,SKU_A,290
150,W1,SKU_B,0
150,W1,SKU_C,0
150,W1,SKU_D,0
150,W1,SKU_E,205
150,W2,SKU_A,0
150,W2,SKU_B,0
150,W2,SKU_C,0
150,W2,SKU_D,0
150,W2,SKU_E,1009
150,R1,SKU_A,116
150,R1,SKU_B,525
150,R1,SKU_C,0
150,R1,SKU_D,116
150,R1,SKU_E,0
150,R2,SKU_A,0
150,R2,SKU_B,372
150,R2,SKU_C,382
150,R2,SKU_D,251
150,R2,SKU_E,0
150,R3,SKU_A,993
150,R3,SKU_B,0
150,R3,SKU_C,1246
150,R3,SKU_D,432
150,R3,SKU_E,0
151,Supplier,SKU_A,0
151,Supplier,SKU_B,0
151,Supplier,SKU_C,0
151,Supplier,SKU_D,0
151,Supplier,SKU_E,0
151,W1,SKU_A,0
151,W1,SKU_B,0
151,W1,SKU_C,0
151,W1,SKU_D,0
151,W1,SKU_E,0
151,W2,SKU_A,0
151,W2,SKU_B,0
151,W2,SKU_C,0
151,W2,SKU_D,0
151,W2,SKU_E,0
151,R1,SKU_A,147
151,R1,SKU_B,0
151,R1,SKU_C,0
151,R1,SKU_D,0
151,R1,SKU_E,0
151,R2,SKU_A,0
151,R2,SKU_B,0
151,R2,SKU_C,0
151,R2,SKU_D,0
151,R2,SKU_E,0
151,R3,SKU_A,0
151,R3,SKU_B,0
151,R3,SKU_C,0
151,R3,SKU_D,0
151,R3,SKU_E,0
152,Supplier,SKU_A,0
152,Supplier,SKU_B,0
152,Supplier,SKU_C,0
152,Supplier,SKU_D,0
152,Supplier,SKU_E,0
152,W1,SKU_A,263
152,W1,SKU_B,0
152,W1,SKU_C,0
152,W1,SKU_D,0
152,W1,SKU_E,0
152,W2,SKU_A,0
152,W2,SKU_B,0
152,W2,SKU_C,0
152,W2,SKU_D,0
152,W2,SKU_E,0
152,R1,SKU_A,164
152,R1,SKU_B,0
152,R1,SKU_C,0
152,R1,SKU_D,129
152,R1,SKU_E,146
152,R2,SKU_A,888
152,R2,SKU_B,0
152,R2,SKU_C,0
152,R2,SKU_D,0
152,R2,SKU_E,0
152,R3,SKU_A,0
152,R3,SKU_B,267
152,R3,SKU_C,0
152,R3,SKU_D,0
152,R3,SKU_E,0
153,Supplier,SKU_A,0
153,Supplier,SKU_B,0
153,Supplier,SKU_C,0
153,Supplier,SKU_D,0
153,Supplier,SKU_E,0
153,W1,SKU_A,0
153,W1,SKU_B,0
153,W1,SKU_C,0
153,W1,SKU_D,1164
153,W1,SKU_E,0
153,W2,SKU_A,0
153,W2,SKU_B,0
153,W2,SKU_C,0
153,W2,SKU_D,432
153,W2,SKU_E,0
153,R1,SKU_A,174
153,R1,SKU_B,0
153,R1,SKU_C,0
153,R1,SKU_D,0
153,R1,SKU_E,0
153,R2,SKU_A,0
153,R2,SKU_B,0
153,R2,SKU_C,0
153,R2,SKU_D,0
153,R2,SKU_E,0
153,R3,SKU_A,0
153,R3,SKU_B,0
153,R3,SKU_C,0
153,R3,SKU_D,0
153,R3,SKU_E,0
154,Supplier,SKU_A,0
154,Supplier,SKU_B,0
154,Supplier,SKU_C,0
154,Supplier,SKU_D,0
154,Supplier,SKU_E,0
154,W1,SKU_A,1226
154,W1,SKU_B,897
154,W1,SKU_C,2130
154,W1,SKU_D,0
154,W1,SKU_E,146
154,W2,SKU_A,993
154,W2,SKU_B,877
154,W2,SKU_C,0
154,W2,SKU_D,0
154,W2,SKU_E,0
154,R1,SKU_A,178
154,R1,SKU_B,0
154,R1,SKU_C,1460
154,R1,SKU_D,147
154,R1,SKU_E,0
154,R2,SKU_A,0
154,R2,SKU_B,0
154,R2,SKU_C,0
154,R2,SKU_D,0
154,R2,SKU_E,531
154,R3,SKU_A,0
154,R3,SKU_B,0
154,R3,SKU_C,0
154,R3,SKU_D,0
154,R3,SKU_E,0
155,Supplier,SKU_A,0
155,Supplier,SKU_B,0
155,Supplier,SKU_C,0
155,Supplier,SKU_D,0
155,Supplier,SKU_E,0
155,W1,SKU_A,0
155,W1,SKU_B,0
155,W1,SKU_C,0
155,W1,SKU_D,0
155,W1,SKU_E,0
155,W2,SKU_A,0
155,W2,SKU_B,0
155,W2,SKU_C,1246
155,W2,SKU_D,0
155,W2,SKU_E,0
155,R1,SKU_A,108
155,R1,SKU_B,0
155,R1,SKU_C,0
155,R1,SKU_D,0
155,R1,SKU_E,0
155,R2,SKU_A,0
155,R2,SKU_B,0
155,R2,SKU_C,284
155,R2,SKU_D,238
155,R2,SKU_E,0
155,R3,SKU_A,894
155,R3,SKU_B,0
155,R3,SKU_C,0
155,R3,SKU_D,462
155,R3,SKU_E,0
156,Supplier,SKU_A,0
156,Supplier,SKU_B,0
156,Supplier,SKU_C,0
156,Supplier,SKU_D,0
156,Supplier,SKU_E,0
156,W1,SKU_A,286
156,W1,SKU_B,0
156,W1,SKU_C,0
156,W1,SKU_D,0
156,W1,SKU_E,531
156,W2,SKU_A,0
156,W2,SKU_B,0
156,W2,SKU_C,0
156,W2,SKU_D,462
156,W2,SKU_E,0
156,R1,SKU_A,96
156,R1,SKU_B,427
156,R1,SKU_C,0
156,R1,SKU_D,92
156,R1,SKU_E,168
156,R2,SKU_A,0
156,R2,SKU_B,324
156,R2,SKU_C,0
156,R2,SKU_D,0
156,R2,SKU_E,0
156,R3,SKU_A,0
156,R3,SKU_B,253
156,R3,SKU_C,0
156,R3,SKU_D,0
156,R3,SKU_E,978
157,Supplier,SKU_A,0
157,Supplier,SKU_B,0
157,Supplier,SKU_C,0
157,Supplier,SKU_D,0
157,Supplier,SKU_E,0
157,W1,SKU_A,0
157,W1,SKU_B,0
157,W1,SKU_C,0
157,W1,SKU_D,0
157,W1,SKU_E,0
157,W2,SKU_A,0
157,W2,SKU_B,0
157,W2,SKU_C,0
157,W2,SKU_D,0
157,W2,SKU_E,0
157,R1,SKU_A,86
157,R1,SKU_B,0
157,R1,SKU_C,0
157,R1,SKU_D,0
157,R1,SKU_E,0
157,R2,SKU_A,0
157,R2,SKU_B,0
157,R2,SKU_C,0
157,R2,SKU_D,0
157,R2,SKU_E,0
157,R3,SKU_A,0
157,R3,SKU_B,0
157,R3,SKU_C,0
157,R3,SKU_D,0
157,R3,SKU_E,0
158,Supplier,SKU_A,0
158,Supplier,SKU_B,0
158,Supplier,SKU_C,0
158,Supplier,SKU_D,0
158,Supplier,SKU_E,0
158,W1,SKU_A,182
158,W1,SKU_B,0
158,W1,SKU_C,0
158,W1,SKU_D,0
158,W1,SKU_E,168
158,W2,SKU_A,0
158,W2,SKU_B,0
158,W2,SKU_C,0
158,W2,SKU_D,0
158,W2,SKU_E,0
158,R1,SKU_A,126
158,R1,SKU_B,0
158,R1,SKU_C,0
158,R1,SKU_D,100
158,R1,SKU_E,0
158,R2,SKU_A,0
158,R2,SKU_B,0
158,R2,SKU_C,0
158,R2,SKU_D,0
158,R2,SKU_E,0
158,R3,SKU_A,0
158,R3,SKU_B,0
158,R3,SKU_C,0
158,R3,SKU_D,0
158,R3,SKU_E,0
159,Supplier,SKU_A,0
159,Supplier,SKU_B,0
159,Supplier,SKU_C,0
159,Supplier,SKU_D,0
159,Supplier,SKU_E,0
159,W1,SKU_A,0
159,W1,SKU_B,0
159,W1,SKU_C,0
159,W1,SKU_D,0
159,W1,SKU_E,0
159,W2,SKU_A,0
159,W2,SKU_B,0
159,W2,SKU_C,0
159,W2,SKU_D,0
159,W2,SKU_E,0
159,R1,SKU_A,179
159,R1,SKU_B,0
159,R1,SKU_C,0
159,R1,SKU_D,0
159,R1,SKU_E,0
159,R2,SKU_A,0
159,R2,SKU_B,0
159,R2,SKU_C,0
159,R2,SKU_D,0
159,R2,SKU_E,0
159,R3,SKU_A,0
159,R3,SKU_B,0
159,R3,SKU_C,0
159,R3,SKU_D,0
159,R3,SKU_E,0
160,Supplier,SKU_A,0
160,Supplier,SKU_B,0
160,Supplier,SKU_C,0
160,Supplier,SKU_D,0
160,Supplier,SKU_E,0
160,W1,SKU_A,305
160,W1,SKU_B,0
160,W1,SKU_C,0
160,W1,SKU_D,0
160,W1,SKU_E,0
160,W2,SKU_A,0
160,W2,SKU_B,0
160,W2,SKU_C,0
160,W2,SKU_D,0
160,W2,SKU_E,978
160,R1,SKU_A,197
160,R1,SKU_B,0
160,R1,SKU_C,0
160,R1,SKU_D,173
160,R1,SKU_E,192
160,R2,SKU_A,774
160,R2,SKU_B,0
160,R2,SKU_C,241
160,R2,SKU_D,256
160,R2,SKU_E,0
160,R3,SKU_A,914
160,R3,SKU_B,268
160,R3,SKU_C,1111
160,R3,SKU_D,496
160,R3,SKU_E,0
161,Supplier,SKU_A,0
161,Supplier,SKU_B,0
161,Supplier,SKU_C,0
161,Supplier,SKU_D,0
161,Supplier,SKU_E,0
161,W1,SKU_A,0
161,W1,SKU_B,751
161,W1,SKU_C,0
161,W1,SKU_D,0
161,W1,SKU_E,0
161,W2,SKU_A,1808
161,W2,SKU_B,0
161,W2,SKU_C,0
161,W2,SKU_D,0
161,W2,SKU_E,0
161,R1,SKU_A,233
161,R1,SKU_B,0
161,R1,SKU_C,0
161,R1,SKU_D,0
161,R1,SKU_E,0
161,R2,SKU_A,0
161,R2,SKU_B,0
161,R2,SKU_C,0
161,R2,SKU_D,0
161,R2,SKU_E,0
161,R3,SKU_A,0
161,R3,SKU_B,0
161,R3,SKU_C,0
161,R3,SKU_D,0
161,R3,SKU_E,0
162,Supplier,SKU_A,0
162,Supplier,SKU_B,0
162,Supplier,SKU_C,0
162,Supplier,SKU_D,0
162,Supplier,SKU_E,0
162,W1,SKU_A,1204
162,W1,SKU_B,0
162,W1,SKU_C,0
162,W1,SKU_D,1006
162,W1,SKU_E,192
162,W2,SKU_A,0
162,W2,SKU_B,0
162,W2,SKU_C,0
162,W2,SKU_D,496
162,W2,SKU_E,0
162,R1,SKU_A,117
162,R1,SKU_B,424
162,R1,SKU_C,0
162,R1,SKU_D,155
162,R1,SKU_E,0
162,R2,SKU_A,0
162,R2,SKU_B,374
162,R2,SKU_C,0
162,R2,SKU_D,0
162,R2,SKU_E,0
162,R3,SKU_A,0
162,R3,SKU_B,0
162,R3,SKU_C,0
162,R3,SKU_D,0
162,R3,SKU_E,0
163,Supplier,SKU_A,0
163,Supplier,SKU_B,0
163,Supplier,SKU_C,0
163,Supplier,SKU_D,0
163,Supplier,SKU_E,0
163,W1,SKU_A,0
163,W1,SKU_B,0
163,W1,SKU_C,0
163,W1,SKU_D,0
163,W1,SKU_E,0
163,W2,SKU_A,0
163,W2,SKU_B,0
163,W2,SKU_C,0
163,W2,SKU_D,0
163,W2,SKU_E,0
163,R1,SKU_A,135
163,R1,SKU_B,0
163,R1,SKU_C,0
163,R1,SKU_D,0
163,R1,SKU_E,0
163,R2,SKU_A,0
163,R2,SKU_B,0
163,R2,SKU_C,0
163,R2,SKU_D,0
163,R2,SKU_E,0
163,R3,SKU_A,0
163,R3,SKU_B,0
163,R3,SKU_C,0
163,R3,SKU_D,0
163,R3,SKU_E,0
164,Supplier,SKU_A,0
164,Supplier,SKU_B,0
164,Supplier,SKU_C,0
164,Supplier,SKU_D,0
164,Supplier,SKU_E,0
164,W1,SKU_A,252
164,W1,SKU_B,0
164,W1,SKU_C,0
164,W1,SKU_D,0
164,W1,SKU_E,0
164,W2,SKU_A,0
164,W2,SKU_B,0
164,W2,SKU_C,0
164,W2,SKU_D,0
164,W2,SKU_E,0
164,R1,SKU_A,130
164,R1,SKU_B,0
164,R1,SKU_C,0
164,R1,SKU_D,121
164,R1,SKU_E,155
164,R2,SKU_A,0
164,R2,SKU_B,0
164,R2,SKU_C,0
164,R2,SKU_D,0
164,R2,SKU_E,0
164,R3,SKU_A,0
164,R3,SKU_B,201
164,R3,SKU_C,0
164,R3,SKU_D,0
164,R3,SKU_E,0
165,Supplier,SKU_A,0
165,Supplier,SKU_B,0
165,Supplier,SKU_C,0
165,Supplier,SKU_D,0
165,Supplier,SKU_E,0
165,W1,SKU_A,0
165,W1,SKU_B,0
165,W1,SKU_C,1985
165,W1,SKU_D,0
165,W1,SKU_E,0
165,W2,SKU_A,0
165,W2,SKU_B,722
165,W2,SKU_C,1111
165,W2,SKU_D,0
165,W2,SKU_E,0
165,R1,SKU_A,120
165,R1,SKU_B,0
165,R1,SKU_C,1158
165,R1,SKU_D,0
165,R1,SKU_E,0
165,R2,SKU_A,0
165,R2,SKU_B,0
165,R2,SKU_C,302
165,R2,SKU_D,227
165,R2,SKU_E,500
165,R3,SKU_A,996
165,R3,SKU_B,0
165,R3,SKU_C,0
165,R3,SKU_D,492
165,R3,SKU_E,0
166,Supplier,SKU_A,0
166,Supplier,SKU_B,0
166,Supplier,SKU_C,0
166,Supplier,SKU_D,0
166,Supplier,SKU_E,0
166,W1,SKU_A,250
166,W1,SKU_B,0
166,W1,SKU_C,0
166,W1,SKU_D,0
166,W1,SKU_E,655
166,W2,SKU_A,0
166,W2,SKU_B,0
166,W2,SKU_C,0
166,W2,SKU_D,0
166,W2,SKU_E,0
166,R1,SKU_A,158
166,R1,SKU_B,0
166,R1,SKU_C,0
166,R1,SKU_D,153
166,R1,SKU_E,0
166,R2,SKU_A,0
166,R2,SKU_B,0
166,R2,SKU_C,0
166,R2,SKU_D,0
166,R2,SKU_E,0
166,R3,SKU_A,0
166,R3,SKU_B,0
166,R3,SKU_C,0
166,R3,SKU_D,0
166,R3,SKU_E,0
167,Supplier,SKU_A,0
167,Supplier,SKU_B,0
167,Supplier,SKU_C,0
167,Supplier,SKU_D,0
167,Supplier,SKU_E,0
167,W1,SKU_A,0
167,W1,SKU_B,0
167,W1,SKU_C,0
167,W1,SKU_D,0
167,W1,SKU_E,0
167,W2,SKU_A,0
167,W2,SKU_B,0
167,W2,SKU_C,0
167,W2,SKU_D,0
167,W2,SKU_E,0
167,R1,SKU_A,228
167,R1,SKU_B,0
167,R1,SKU_C,0
167,R1,SKU_D,0
167,R1,SKU_E,0
167,R2,SKU_A,0
167,R2,SKU_B,0
167,R2,SKU_C,0
167,R2,SKU_D,0
167,R2,SKU_E,0
167,R3,SKU_A,0
167,R3,SKU_B,0
167,R3,SKU_C,0
167,R3,SKU_D,0
167,R3,SKU_E,0
168,Supplier,SKU_A,0
168,Supplier,SKU_B,0
168,Supplier,SKU_C,0
168,Supplier,SKU_D,0
168,Supplier,SKU_E,0
168,W1,SKU_A,386
168,W1,SKU_B,798
168,W1,SKU_C,0
168,W1,SKU_D,0
168,W1,SKU_E,0
168,W2,SKU_A,996
168,W2,SKU_B,0
168,W2,SKU_C,0
168,W2,SKU_D,492
168,W2,SKU_E,0
168,R1,SKU_A,229
168,R1,SKU_B,370
168,R1,SKU_C,0
168,R1,SKU_D,199
168,R1,SKU_E,175
168,R2,SKU_A,926
168,R2,SKU_B,378
168,R2,SKU_C,0
168,R2,SKU_D,0
168,R2,SKU_E,0
168,R3,SKU_A,0
168,R3,SKU_B,311
168,R3,SKU_C,0
168,R3,SKU_D,0
168,R3,SKU_E,1059
169,Supplier,SKU_A,0
169,Supplier,SKU_B,0
169,Supplier,SKU_C,0
169,Supplier,SKU_D,0
169,Supplier,SKU_E,0
169,W1,SKU_A,0
169,W1,SKU_B,0
169,W1,SKU_C,0
169,W1,SKU_D,0
169,W1,SKU_E,0
169,W2,SKU_A,0
169,W2,SKU_B,0
169,W2,SKU_C,0
169,W2,SKU_D,0
169,W2,SKU_E,0
169,R1,SKU_A,150
169,R1,SKU_B,0
169,R1,SKU_C,0
169,R1,SKU_D,0
169,R1,SKU_E,0
169,R2,SKU_A,0
169,R2,SKU_B,0
169,R2,SKU_C,0
169,R2,SKU_D,0
169,R2,SKU_E,0
169,R3,SKU_A,0
169,R3,SKU_B,0
169,R3,SKU_C,0
169,R3,SKU_D,0
169,R3,SKU_E,0
170,Supplier,SKU_A,0
170,Supplier,SKU_B,0
170,Supplier,SKU_C,0
170,Supplier,SKU_D,0
170,Supplier,SKU_E,0
170,W1,SKU_A,1305
170,W1,SKU_B,0
170,W1,SKU_C,0
170,W1,SKU_D,0
170,W1,SKU_E,175
170,W2,SKU_A,0
170,W2,SKU_B,0
170,W2,SKU_C,0
170,W2,SKU_D,0
170,W2,SKU_E,1059
170,R1,SKU_A,131
170,R1,SKU_B,0
170,R1,SKU_C,0
170,R1,SKU_D,131
170,R1,SKU_E,0
170,R2,SKU_A,0
170,R2,SKU_B,0
170,R2,SKU_C,338
170,R2,SKU_D,278
170,R2,SKU_E,0
170,R3,SKU_A,1130
170,R3,SKU_B,0
170,R3,SKU_C,1270
170,R3,SKU_D,536
170,R3,SKU_E,0
171,Supplier,SKU_A,0
171,Supplier,SKU_B,0
171,Supplier,SKU_C,0
171,Supplier,SKU_D,0
171,Supplier,SKU_E,0
171,W1,SKU_A,0
171,W1,SKU_B,0
171,W1,SKU_C,0
171,W1,SKU_D,1264
171,W1,SKU_E,0
171,W2,SKU_A,0
171,W2,SKU_B,0
171,W2,SKU_C,0
171,W2,SKU_D,536
171,W2,SKU_E,0
171,R1,SKU_A,148
171,R1,SKU_B,0
171,R1,SKU_C,0
171,R1,SKU_D,0
171,R1,SKU_E,0
171,R2,SKU_A,0
171,R2,SKU_B,0
171,R2,SKU_C,0
171,R2,SKU_D,0
171,R2,SKU_E,0
171,R3,SKU_A,0
171,R3,SKU_B,0
171,R3,SKU_C,0
171,R3,SKU_D,0
171,R3,SKU_E,0
172,Supplier,SKU_A,0
172,Supplier,SKU_B,0
172,Supplier,SKU_C,0
172,Supplier,SKU_D,0
172,Supplier,SKU_E,0
172,W1,SKU_A,279
172,W1,SKU_B,0
172,W1,SKU_C,0
172,W1,SKU_D,0
172,W1,SKU_E,0
172,W2,SKU_A,0
172,W2,SKU_B,0
172,W2,SKU_C,0
172,W2,SKU_D,0
172,W2,SKU_E,0
172,R1,SKU_A,124
172,R1,SKU_B,0
172,R1,SKU_C,0
172,R1,SKU_D,95
172,R1,SKU_E,178
172,R2,SKU_A,0
172,R2,SKU_B,0
172,R2,SKU_C,0
172,R2,SKU_D,0
172,R2,SKU_E,0
172,R3,SKU_A,0
172,R3,SKU_B,239
172,R3,SKU_C,0
172,R3,SKU_D,0
172,R3,SKU_E,0
173,Supplier,SKU_A,0
173,Supplier,SKU_B,0
173,Supplier,SKU_C,0
173,Supplier,SKU_D,0
173,Supplier,SKU_E,0
173,W1,SKU_A,0
173,W1,SKU_B,0
173,W1,SKU_C,0
173,W1,SKU_D,0
173,W1,SKU_E,0
173,W2,SKU_A,0
173,W2,SKU_B,0
173,W2,SKU_C,0
173,W2,SKU_D,0
173,W2,SKU_E,0
173,R1,SKU_A,161
173,R1,SKU_B,0
173,R1,SKU_C,0
173,R1,SKU_D,0
173,R1,SKU_E,0
173,R2,SKU_A,0
173,R2,SKU_B,0
173,R2,SKU_C,0
173,R2,SKU_D,0
173,R2,SKU_E,0
173,R3,SKU_A,0
173,R3,SKU_B,0
173,R3,SKU_C,0
173,R3,SKU_D,0
173,R3,SKU_E,0
174,Supplier,SKU_A,0
174,Supplier,SKU_B,0
174,Supplier,SKU_C,0
174,Supplier,SKU_D,0
174,Supplier,SKU_E,0
174,W1,SKU_A,285
174,W1,SKU_B,0
174,W1,SKU_C,0
174,W1,SKU_D,0
174,W1,SKU_E,178
174,W2,SKU_A,0
174,W2,SKU_B,0
174,W2,SKU_C,0
174,W2,SKU_D,0
174,W2,SKU_E,0
174,R1,SKU_A,192
174,R1,SKU_B,380
174,R1,SKU_C,0
174,R1,SKU_D,180
174,R1,SKU_E,0
174,R2,SKU_A,0
174,R2,SKU_B,380
174,R2,SKU_C,0
174,R2,SKU_D,0
174,R2,SKU_E,0
174,R3,SKU_A,0
174,R3,SKU_B,0
174,R3,SKU_C,0
174,R3,SKU_D,0
174,R3,SKU_E,0
175,Supplier,SKU_A,0
175,Supplier,SKU_B,0
175,Supplier,SKU_C,0
175,Supplier,SKU_D,0
175,Supplier,SKU_E,0
175,W1,SKU_A,0
175,W1,SKU_B,1508
175,W1,SKU_C,0
175,W1,SKU_D,0
175,W1,SKU_E,0
175,W2,SKU_A,1130
175,W2,SKU_B,0
175,W2,SKU_C,1270
175,W2,SKU_D,0
175,W2,SKU_E,0
175,R1,SKU_A,180
175,R1,SKU_B,0
175,R1,SKU_C,0
175,R1,SKU_D,0
175,R1,SKU_E,0
175,R2,SKU_A,0
175,R2,SKU_B,0
175,R2,SKU_C,308
175,R2,SKU_D,287
175,R2,SKU_E,0
175,R3,SKU_A,1069
175,R3,SKU_B,0
175,R3,SKU_C,0
175,R3,SKU_D,542
175,R3,SKU_E,0
176,Supplier,SKU_A,0
176,Supplier,SKU_B,0
176,Supplier,SKU_C,0
176,Supplier,SKU_D,0
176,Supplier,SKU_E,0
176,W1,SKU_A,372
176,W1,SKU_B,0
176,W1,SKU_C,2106
176,W1,SKU_D,0
176,W1,SKU_E,0
176,W2,SKU_A,0
176,W2,SKU_B,550
176,W2,SKU_C,0
176,W2,SKU_D,0
176,W2,SKU_E,0
176,R1,SKU_A,117
176,R1,SKU_B,0
176,R1,SKU_C,1367
176,R1,SKU_D,143
176,R1,SKU_E,178
176,R2,SKU_A,885
176,R2,SKU_B,0
176,R2,SKU_C,0
176,R2,SKU_D,0
176,R2,SKU_E,601
176,R3,SKU_A,0
176,R3,SKU_B,251
176,R3,SKU_C,0
176,R3,SKU_D,0
176,R3,SKU_E,0
177,Supplier,SKU_A,0
177,Supplier,SKU_B,0
177,Supplier,SKU_C,0
177,Supplier,SKU_D,0
177,Supplier,SKU_E,0
177,W1,SKU_A,0
177,W1,SKU_B,0
177,W1,SKU_C,0
177,W1,SKU_D,0
177,W1,SKU_E,0
177,W2,SKU_A,0
177,W2,SKU_B,0
177,W2,SKU_C,0
177,W2,SKU_D,542
177,W2,SKU_E,0
177,R1,SKU_A,114
177,R1,SKU_B,0
177,R1,SKU_C,0
177,R1,SKU_D,0
177,R1,SKU_E,0
177,R2,SKU_A,0
177,R2,SKU_B,0
177,R2,SKU_C,0
177,R2,SKU_D,0
177,R2,SKU_E,0
177,R3,SKU_A,0
177,R3,SKU_B,0
177,R3,SKU_C,0
177,R3,SKU_D,0
177,R3,SKU_E,0
178,Supplier,SKU_A,0
178,Supplier,SKU_B,0
178,Supplier,SKU_C,0
178,Supplier,SKU_D,0
178,Supplier,SKU_E,0
178,W1,SKU_A,1116
178,W1,SKU_B,0
178,W1,SKU_C,0
178,W1,SKU_D,0
178,W1,SKU_E,779
178,W2,SKU_A,0
178,W2,SKU_B,0
178,W2,SKU_C,0
178,W2,SKU_D,0
178,W2,SKU_E,0
178,R1,SKU_A,116
178,R1,SKU_B,0
178,R1,SKU_C,0
178,R1,SKU_D,88
178,R1,SKU_E,0
178,R2,SKU_A,0
178,R2,SKU_B,0
178,R2,SKU_C,0
178,R2,SKU_D,0
178,R2,SKU_E,0
178,R3,SKU_A,0
178,R3,SKU_B,0
178,R3,SKU_C,0
178,R3,SKU_D,0
178,R3,SKU_E,0
179,Supplier,SKU_A,0
179,Supplier,SKU_B,0
179,Supplier,SKU_C,0
179,Supplier,SKU_D,0
179,Supplier,SKU_E,0
179,W1,SKU_A,0
179,W1,SKU_B,0
179,W1,SKU_C,0
179,W1,SKU_D,0
179,W1,SKU_E,0
179,W2,SKU_A,0
179,W2,SKU_B,0
179,W2,SKU_C,0
179,W2,SKU_D,0
179,W2,SKU_E,0
179,R1,SKU_A,128
179,R1,SKU_B,0
179,R1,SKU_C,0
179,R1,SKU_D,0
179,R1,SKU_E,0
179,R2,SKU_A,0
179,R2,SKU_B,0
179,R2,SKU_C,0
179,R2,SKU_D,0
179,R2,SKU_E,0
179,R3,SKU_A,0
179,R3,SKU_B,0
179,R3,SKU_C,0
179,R3,SKU_D,0
179,R3,SKU_E,0
180,Supplier,SKU_A,0
180,Supplier,SKU_B,0
180,Supplier,SKU_C,0
180,Supplier,SKU_D,0
180,Supplier,SKU_E,0
180,W1,SKU_A,244
180,W1,SKU_B,0
180,W1,SKU_C,0
180,W1,SKU_D,793
180,W1,SKU_E,0
180,W2,SKU_A,0
180,W2,SKU_B,0
180,W2,SKU_C,0
180,W2,SKU_D,0
180,W2,SKU_E,0
180,R1,SKU_A,145
180,R1,SKU_B,368
180,R1,SKU_C,0
180,R1,SKU_D,123
180,R1,SKU_E,174
180,R2,SKU_A,0
180,R2,SKU_B,302
180,R2,SKU_C,243
180,R2,SKU_D,179
180,R2,SKU_E,0
180,R3,SKU_A,880
180,R3,SKU_B,243
180,R3,SKU_C,1082
180,R3,SKU_D,433
180,R3,SKU_E,1053
181,Supplier,SKU_A,0
181,Supplier,SKU_B,0
181,Supplier,SKU_C,0
181,Supplier,SKU_D,0
181,Supplier,SKU_E,0
181,W1,SKU_A,0
181,W1,SKU_B,0
181,W1,SKU_C,0
181,W1,SKU_D,0
181,W1,SKU_E,0
181,W2,SKU_A,0
181,W2,SKU_B,0
181,W2,SKU_C,0
181,W2,SKU_D,0
181,W2,SKU_E,0
181,R1,SKU_A,170
181,R1,SKU_B,0
181,R1,SKU_C,0
181,R1,SKU_D,0
181,R1,SKU_E,0
181,R2,SKU_A,0
181,R2,SKU_B,0
181,R2,SKU_C,0
181,R2,SKU_D,0
181,R2,SKU_E,0
181,R3,SKU_A,0
181,R3,SKU_B,0
181,R3,SKU_C,0
181,R3,SKU_D,0
181,R3,SKU_E,0
182,Supplier,SKU_A,0
182,Supplier,SKU_B,0
182,Supplier,SKU_C,0
182,Supplier,SKU_D,0
182,Supplier,SKU_E,0
182,W1,SKU_A,315
182,W1,SKU_B,670
182,W1,SKU_C,0
182,W1,SKU_D,0
182,W1,SKU_E,174
182,W2,SKU_A,1949
182,W2,SKU_B,0
182,W2,SKU_C,0
182,W2,SKU_D,0
182,W2,SKU_E,0
182,R1,SKU_A,187
182,R1,SKU_B,0
182,R1,SKU_C,0
182,R1,SKU_D,181
182,R1,SKU_E,0
182,R2,SKU_A,0
182,R2,SKU_B,0
182,R2,SKU_C,0
182,R2,SKU_D,0
182,R2,SKU_E,0
182,R3,SKU_A,0
182,R3,SKU_B,0
182,R3,SKU_C,0
182,R3,SKU_D,0
182,R3,SKU_E,0
183,Supplier,SKU_A,0
183,Supplier,SKU_B,0
183,Supplier,SKU_C,0
183,Supplier,SKU_D,0
183,Supplier,SKU_E,0
183,W1,SKU_A,0
183,W1,SKU_B,0
183,W1,SKU_C,0
183,W1,SKU_D,0
183,W1,SKU_E,0
183,W2,SKU_A,0
183,W2,SKU_B,0
183,W2,SKU_C,0
183,W2,SKU_D,433
183,W2,SKU_E,0
183,R1,SKU_A,132
183,R1,SKU_B,0
183,R1,SKU_C,0
183,R1,SKU_D,0
183,R1,SKU_E,0
183,R2,SKU_A,0
183,R2,SKU_B,0
183,R2,SKU_C,0
183,R2,SKU_D,0
183,R2,SKU_E,0
183,R3,SKU_A,0
183,R3,SKU_B,0
183,R3,SKU_C,0
183,R3,SKU_D,0
183,R3,SKU_E,0
184,Supplier,SKU_A,0
184,Supplier,SKU_B,0
184,Supplier,SKU_C,0
184,Supplier,SKU_D,0
184,Supplier,SKU_E,0
184,W1,SKU_A,319
184,W1,SKU_B,0
184,W1,SKU_C,0
184,W1,SKU_D,0
184,W1,SKU_E,0
184,W2,SKU_A,0
184,W2,SKU_B,0
184,W2,SKU_C,0
184,W2,SKU_D,0
184,W2,SKU_E,0
184,R1,SKU_A,147
184,R1,SKU_B,0
184,R1,SKU_C,0
184,R1,SKU_D,115
184,R1,SKU_E,169
184,R2,SKU_A,784
184,R2,SKU_B,0
184,R2,SKU_C,0
184,R2,SKU_D,0
184,R2,SKU_E,0
184,R3,SKU_A,0
184,R3,SKU_B,236
184,R3,SKU_C,0
184,R3,SKU_D,0
184,R3,SKU_E,0
185,Supplier,SKU_A,0
185,Supplier,SKU_B,0
185,Supplier,SKU_C,0
185,Supplier,SKU_D,0
185,Supplier,SKU_E,0
185,W1,SKU_A,0
185,W1,SKU_B,0
185,W1,SKU_C,0
185,W1,SKU_D,0
185,W1,SKU_E,0
185,W2,SKU_A,0
185,W2,SKU_B,0
185,W2,SKU_C,1082
185,W2,SKU_D,0
185,W2,SKU_E,0
185,R1,SKU_A,126
185,R1,SKU_B,0
185,R1,SKU_C,0
185,R1,SKU_D,0
185,R1,SKU_E,0
185,R2,SKU_A,0
185,R2,SKU_B,0
185,R2,SKU_C,284
185,R2,SKU_D,243
185,R2,SKU_E,0
185,R3,SKU_A,897
185,R3,SKU_B,0
185,R3,SKU_C,0
185,R3,SKU_D,481
185,R3,SKU_E,0
186,Supplier,SKU_A,0
186,Supplier,SKU_B,0
186,Supplier,SKU_C,0
186,Supplier,SKU_D,0
186,Supplier,SKU_E,0
186,W1,SKU_A,1057
186,W1,SKU_B,0
186,W1,SKU_C,0
186,W1,SKU_D,0
186,W1,SKU_E,169
186,W2,SKU_A,0
186,W2,SKU_B,0
186,W2,SKU_C,0
186,W2,SKU_D,481
186,W2,SKU_E,0
186,R1,SKU_A,162
186,R1,SKU_B,364
186,R1,SKU_C,0
186,R1,SKU_D,135
186,R1,SKU_E,0
186,R2,SKU_A,0
186,R2,SKU_B,286
186,R2,SKU_C,0
186,R2,SKU_D,0
186,R2,SKU_E,0
186,R3,SKU_A,0
186,R3,SKU_B,0
186,R3,SKU_C,0
186,R3,SKU_D,0
186,R3,SKU_E,0
187,Supplier,SKU_A,0
187,Supplier,SKU_B,0
187,Supplier,SKU_C,0
187,Supplier,SKU_D,0
187,Supplier,SKU_E,0
187,W1,SKU_A,0
187,W1,SKU_B,0
187,W1,SKU_C,1894
187,W1,SKU_D,0
187,W1,SKU_E,0
187,W2,SKU_A,0
187,W2,SKU_B,730
187,W2,SKU_C,0
187,W2,SKU_D,0
187,W2,SKU_E,0
187,R1,SKU_A,167
187,R1,SKU_B,0
187,R1,SKU_C,1106
187,R1,SKU_D,0
187,R1,SKU_E,0
187,R2,SKU_A,0
187,R2,SKU_B,0
187,R2,SKU_C,0
187,R2,SKU_D,0
187,R2,SKU_E,466
187,R3,SKU_A,0
187,R3,SKU_B,0
187,R3,SKU_C,0
187,R3,SKU_D,0
187,R3,SKU_E,0
188,Supplier,SKU_A,0
188,Supplier,SKU_B,0
188,Supplier,SKU_C,0
188,Supplier,SKU_D,0
188,Supplier,SKU_E,0
188,W1,SKU_A,329
188,W1,SKU_B,0
188,W1,SKU_C,0
188,W1,SKU_D,0
188,W1,SKU_E,466
188,W2,SKU_A,0
188,W2,SKU_B,0
188,W2,SKU_C,0
188,W2,SKU_D,0
188,W2,SKU_E,0
188,R1,SKU_A,222
188,R1,SKU_B,0
188,R1,SKU_C,0
188,R1,SKU_D,193
188,R1,SKU_E,185
188,R2,SKU_A,0
188,R2,SKU_B,0
188,R2,SKU_C,0
188,R2,SKU_D,0
188,R2,SKU_E,0
188,R3,SKU_A,0
188,R3,SKU_B,269
188,R3,SKU_C,0
188,R3,SKU_D,0
188,R3,SKU_E,0
189,Supplier,SKU_A,0
189,Supplier,SKU_B,0
189,Supplier,SKU_C,0
189,Supplier,SKU_D,0
189,Supplier,SKU_E,0
189,W1,SKU_A,0
189,W1,SKU_B,650
189,W1,SKU_C,0
189,W1,SKU_D,1169
189,W1,SKU_E,0
189,W2,SKU_A,897
189,W2,SKU_B,0
189,W2,SKU_C,0
189,W2,SKU_D,0
189,W2,SKU_E,0
189,R1,SKU_A,185
189,R1,SKU_B,0
189,R1,SKU_C,0
189,R1,SKU_D,0
189,R1,SKU_E,0
189,R2,SKU_A,0
189,R2,SKU_B,0
189,R2,SKU_C,0
189,R2,SKU_D,0
189,R2,SKU_E,0
189,R3,SKU_A,0
189,R3,SKU_B,0
189,R3,SKU_C,0
189,R3,SKU_D,0
189,R3,SKU_E,0
190,Supplier,SKU_A,0
190,Supplier,SKU_B,0
190,Supplier,SKU_C,0
190,Supplier,SKU_D,0
190,Supplier,SKU_E,0
190,W1,SKU_A,407
190,W1,SKU_B,0
190,W1,SKU_C,0
190,W1,SKU_D,0
190,W1,SKU_E,185
190,W2,SKU_A,0
190,W2,SKU_B,0
190,W2,SKU_C,0
190,W2,SKU_D,0
190,W2,SKU_E,1053
190,R1,SKU_A,95
190,R1,SKU_B,0
190,R1,SKU_C,0
190,R1,SKU_D,142
190,R1,SKU_E,0
190,R2,SKU_A,0
190,R2,SKU_B,0
190,R2,SKU_C,333
190,R2,SKU_D,300
190,R2,SKU_E,0
190,R3,SKU_A,1061
190,R3,SKU_B,0
190,R3,SKU_C,928
190,R3,SKU_D,430
190,R3,SKU_E,0
191,Supplier,SKU_A,0
191,Supplier,SKU_B,0
191,Supplier,SKU_C,0
191,Supplier,SKU_D,0
191,Supplier,SKU_E,0
191,W1,SKU_A,0
191,W1,SKU_B,0
191,W1,SKU_C,0
191,W1,SKU_D,0
191,W1,SKU_E,0
191,W2,SKU_A,0
191,W2,SKU_B,0
191,W2,SKU_C,0
191,W2,SKU_D,0
191,W2,SKU_E,0
191,R1,SKU_A,125
191,R1,SKU_B,0
191,R1,SKU_C,0
191,R1,SKU_D,0
191,R1,SKU_E,0
191,R2,SKU_A,0
191,R2,SKU_B,0
191,R2,SKU_C,0
191,R2,SKU_D,0
191,R2,SKU_E,0
191,R3,SKU_A,0
191,R3,SKU_B,0
191,R3,SKU_C,0
191,R3,SKU_D,0
191,R3,SKU_E,0
192,Supplier,SKU_A,0
192,Supplier,SKU_B,0
192,Supplier,SKU_C,0
192,Supplier,SKU_D,0
192,Supplier,SKU_E,0
192,W1,SKU_A,220
192,W1,SKU_B,0
192,W1,SKU_C,0
192,W1,SKU_D,0
192,W1,SKU_E,0
192,W2,SKU_A,0
192,W2,SKU_B,0
192,W2,SKU_C,0
192,W2,SKU_D,430
192,W2,SKU_E,0
192,R1,SKU_A,134
192,R1,SKU_B,455
192,R1,SKU_C,0
192,R1,SKU_D,92
192,R1,SKU_E,180
192,R2,SKU_A,854
192,R2,SKU_B,315
192,R2,SKU_C,0
192,R2,SKU_D,0
192,R2,SKU_E,0
192,R3,SKU_A,0
192,R3,SKU_B,202
192,R3,SKU_C,0
192,R3,SKU_D,0
192,R3,SKU_E,980
193,Supplier,SKU_A,0
193,Supplier,SKU_B,0
193,Supplier,SKU_C,0
193,Supplier,SKU_D,0
193,Supplier,SKU_E,0
193,W1,SKU_A,0
193,W1,SKU_B,0
193,W1,SKU_C,0
193,W1,SKU_D,0
193,W1,SKU_E,0
193,W2,SKU_A,0
193,W2,SKU_B,0
193,W2,SKU_C,0
193,W2,SKU_D,0
193,W2,SKU_E,0
193,R1,SKU_A,157
193,R1,SKU_B,0
193,R1,SKU_C,0
193,R1,SKU_D,0
193,R1,SKU_E,0
193,R2,SKU_A,0
193,R2,SKU_B,0
193,R2,SKU_C,0
193,R2,SKU_D,0
193,R2,SKU_E,0
193,R3,SKU_A,0
193,R3,SKU_B,0
193,R3,SKU_C,0
193,R3,SKU_D,0
193,R3,SKU_E,0
194,Supplier,SKU_A,0
194,Supplier,SKU_B,0
194,Supplier,SKU_C,0
194,Supplier,SKU_D,0
194,Supplier,SKU_E,0
194,W1,SKU_A,1145
194,W1,SKU_B,0
194,W1,SKU_C,0
194,W1,SKU_D,0
194,W1,SKU_E,180
194,W2,SKU_A,0
194,W2,SKU_B,0
194,W2,SKU_C,0
194,W2,SKU_D,0
194,W2,SKU_E,0
194,R1,SKU_A,137
194,R1,SKU_B,0
194,R1,SKU_C,0
194,R1,SKU_D,110
194,R1,SKU_E,0
194,R2,SKU_A,0
194,R2,SKU_B,0
194,R2,SKU_C,0
194,R2,SKU_D,0
194,R2,SKU_E,0
194,R3,SKU_A,0
194,R3,SKU_B,0
194,R3,SKU_C,0
194,R3,SKU_D,0
194,R3,SKU_E,0
195,Supplier,SKU_A,0
195,Supplier,SKU_B,0
195,Supplier,SKU_C,0
195,Supplier,SKU_D,0
195,Supplier,SKU_E,0
195,W1,SKU_A,0
195,W1,SKU_B,0
195,W1,SKU_C,0
195,W1,SKU_D,0
195,W1,SKU_E,0
195,W2,SKU_A,0
195,W2,SKU_B,0
195,W2,SKU_C,928
195,W2,SKU_D,0
195,W2,SKU_E,0
195,R1,SKU_A,190
195,R1,SKU_B,0
195,R1,SKU_C,0
195,R1,SKU_D,0
195,R1,SKU_E,0
195,R2,SKU_A,0
195,R2,SKU_B,0
195,R2,SKU_C,228
195,R2,SKU_D,273
195,R2,SKU_E,0
195,R3,SKU_A,872
195,R3,SKU_B,0
195,R3,SKU_C,0
195,R3,SKU_D,484
195,R3,SKU_E,0
196,Supplier,SKU_A,0
196,Supplier,SKU_B,0
196,Supplier,SKU_C,0
196,Supplier,SKU_D,0
196,Supplier,SKU_E,0
196,W1,SKU_A,327
196,W1,SKU_B,770
196,W1,SKU_C,0
196,W1,SKU_D,0
196,W1,SKU_E,0
196,W2,SKU_A,1933
196,W2,SKU_B,0
196,W2,SKU_C,0
196,W2,SKU_D,0
196,W2,SKU_E,0
196,R1,SKU_A,194
196,R1,SKU_B,0
196,R1,SKU_C,0
196,R1,SKU_D,160
196,R1,SKU_E,211
196,R2,SKU_A,0
196,R2,SKU_B,0
196,R2,SKU_C,0
196,R2,SKU_D,0
196,R2,SKU_E,0
196,R3,SKU_A,0
196,R3,SKU_B,240
196,R3,SKU_C,0
196,R3,SKU_D,0
196,R3,SKU_E,0
197,Supplier,SKU_A,0
197,Supplier,SKU_B,0
197,Supplier,SKU_C,0
197,Supplier,SKU_D,0
197,Supplier,SKU_E,0
197,W1,SKU_A,0
197,W1,SKU_B,0
197,W1,SKU_C,0
197,W1,SKU_D,0
197,W1,SKU_E,0
197,W2,SKU_A,0
197,W2,SKU_B,0
197,W2,SKU_C,0
197,W2,SKU_D,0
197,W2,SKU_E,0
197,R1,SKU_A,117
197,R1,SKU_B,0
197,R1,SKU_C,0
197,R1,SKU_D,0
197,R1,SKU_E,0
197,R2,SKU_A,0
197,R2,SKU_B,0
197,R2,SKU_C,0
197,R2,SKU_D,0
197,R2,SKU_E,0
197,R3,SKU_A,0
197,R3,SKU_B,0
197,R3,SKU_C,0
197,R3,SKU_D,0
197,R3,SKU_E,0
198,Supplier,SKU_A,0
198,Supplier,SKU_B,0
198,Supplier,SKU_C,0
198,Supplier,SKU_D,0
198,Supplier,SKU_E,0
198,W1,SKU_A,311
198,W1,SKU_B,0
198,W1,SKU_C,1667
198,W1,SKU_D,1077
198,W1,SKU_E,211
198,W2,SKU_A,0
198,W2,SKU_B,711
198,W2,SKU_C,0
198,W2,SKU_D,484
198,W2,SKU_E,0
198,R1,SKU_A,134
198,R1,SKU_B,366
198,R1,SKU_C,1069
198,R1,SKU_D,112
198,R1,SKU_E,0
198,R2,SKU_A,0
198,R2,SKU_B,288
198,R2,SKU_C,0
198,R2,SKU_D,0
198,R2,SKU_E,571
198,R3,SKU_A,0
198,R3,SKU_B,0
198,R3,SKU_C,0
198,R3,SKU_D,0
198,R3,SKU_E,0
199,Supplier,SKU_A,0
199,Supplier,SKU_B,0
199,Supplier,SKU_C,0
199,Supplier,SKU_D,0
199,Supplier,SKU_E,0
199,W1,SKU_A,0
199,W1,SKU_B,0
199,W1,SKU_C,0
199,W1,SKU_D,0
199,W1,SKU_E,0
199,W2,SKU_A,0
199,W2,SKU_B,0
199,W2,SKU_C,0
199,W2,SKU_D,0
199,W2,SKU_E,0
199,R1,SKU_A,146
199,R1,SKU_B,0
199,R1,SKU_C,0
199,R1,SKU_D,0
199,R1,SKU_E,0
199,R2,SKU_A,0
199,R2,SKU_B,0
199,R2,SKU_C,0
199,R2,SKU_D,0
199,R2,SKU_E,0
199,R3,SKU_A,0
199,R3,SKU_B,0
199,R3,SKU_C,0
199,R3,SKU_D,0
199,R3,SKU_E,0
200,Supplier,SKU_A,0
200,Supplier,SKU_B,0
200,Supplier,SKU_C,0
200,Supplier,SKU_D,0
200,Supplier,SKU_E,0
200,W1,SKU_A,280
200,W1,SKU_B,0
200,W1,SKU_C,0
200,W1,SKU_D,0
200,W1,SKU_E,571
200,W2,SKU_A,0
200,W2,SKU_B,0
200,W2,SKU_C,0
200,W2,SKU_D,0
200,W2,SKU_E,980
200,R1,SKU_A,142
200,R1,SKU_B,0
200,R1,SKU_C,0
200,R1,SKU_D,102
200,R1,SKU_E,158
200,R2,SKU_A,796
200,R2,SKU_B,0
200,R2,SKU_C,233
200,R2,SKU_D,260
200,R2,SKU_E,0
200,R3,SKU_A,893
200,R3,SKU_B,177
200,R3,SKU_C,938
200,R3,SKU_D,403
200,R3,SKU_E,0
201,Supplier,SKU_A,0
201,Supplier,SKU_B,0
201,Supplier,SKU_C,0
201,Supplier,SKU_D,0
201,Supplier,SKU_E,0
201,W1,SKU_A,0
201,W1,SKU_B,0
201,W1,SKU_C,0
201,W1,SKU_D,0
201,W1,SKU_E,0
201,W2,SKU_A,0
201,W2,SKU_B,0
201,W2,SKU_C,0
201,W2,SKU_D,403
201,W2,SKU_E,0
201,R1,SKU_A,145
201,R1,SKU_B,0
201,R1,SKU_C,0
201,R1,SKU_D,0
201,R1,SKU_E,0
201,R2,SKU_A,0
201,R2,SKU_B,0
201,R2,SKU_C,0
201,R2,SKU_D,0
201,R2,SKU_E,0
201,R3,SKU_A,0
201,R3,SKU_B,0
201,R3,SKU_C,0
201,R3,SKU_D,0
201,R3,SKU_E,0
202,Supplier,SKU_A,0
202,Supplier,SKU_B,0
202,Supplier,SKU_C,0
202,Supplier,SKU_D,0
202,Supplier,SKU_E,0
202,W1,SKU_A,1083
202,W1,SKU_B,0
202,W1,SKU_C,0
202,W1,SKU_D,0
202,W1,SKU_E,158
202,W2,SKU_A,0
202,W2,SKU_B,0
202,W2,SKU_C,0
202,W2,SKU_D,0
202,W2,SKU_E,0
202,R1,SKU_A,195
202,R1,SKU_B,0
202,R1,SKU_C,0
202,R1,SKU_D,147
202,R1,SKU_E,0
202,R2,SKU_A,0
202,R2,SKU_B,0
202,R2,SKU_C,0
202,R2,SKU_D,0
202,R2,SKU_E,0
202,R3,SKU_A,0
202,R3,SKU_B,0
202,R3,SKU_C,0
202,R3,SKU_D,0
202,R3,SKU_E,0
203,Supplier,SKU_A,0
203,Supplier,SKU_B,0
203,Supplier,SKU_C,0
203,Supplier,SKU_D,0
203,Supplier,SKU_E,0
203,W1,SKU_A,0
203,W1,SKU_B,654
203,W1,SKU_C,0
203,W1,SKU_D,0
203,W1,SKU_E,0
203,W2,SKU_A,893
203,W2,SKU_B,0
203,W2,SKU_C,0
203,W2,SKU_D,0
203,W2,SKU_E,0
203,R1,SKU_A,188
203,R1,SKU_B,0
203,R1,SKU_C,0
203,R1,SKU_D,0
203,R1,SKU_E,0
203,R2,SKU_A,0
203,R2,SKU_B,0
203,R2,SKU_C,0
203,R2,SKU_D,0
203,R2,SKU_E,0
203,R3,SKU_A,0
203,R3,SKU_B,0
203,R3,SKU_C,0
203,R3,SKU_D,0
203,R3,SKU_E,0
204,Supplier,SKU_A,0
204,Supplier,SKU_B,0
204,Supplier,SKU_C,0
204,Supplier,SKU_D,0
204,Supplier,SKU_E,0
204,W1,SKU_A,383
204,W1,SKU_B,0
204,W1,SKU_C,0
204,W1,SKU_D,0
204,W1,SKU_E,0
204,W2,SKU_A,0
204,W2,SKU_B,0
204,W2,SKU_C,0
204,W2,SKU_D,0
204,W2,SKU_E,0
204,R1,SKU_A,119
204,R1,SKU_B,389
204,R1,SKU_C,0
204,R1,SKU_D,128
204,R1,SKU_E,232
204,R2,SKU_A,0
204,R2,SKU_B,295
204,R2,SKU_C,0
204,R2,SKU_D,0
204,R2,SKU_E,0
204,R3,SKU_A,0
204,R3,SKU_B,251
204,R3,SKU_C,0
204,R3,SKU_D,0
204,R3,SKU_E,1073
205,Supplier,SKU_A,0
205,Supplier,SKU_B,0
205,Supplier,SKU_C,0
205,Supplier,SKU_D,0
205,Supplier,SKU_E,0
205,W1,SKU_A,0
205,W1,SKU_B,0
205,W1,SKU_C,0
205,W1,SKU_D,0
205,W1,SKU_E,0
205,W2,SKU_A,0
205,W2,SKU_B,0
205,W2,SKU_C,938
205,W2,SKU_D,0
205,W2,SKU_E,0
205,R1,SKU_A,123
205,R1,SKU_B,0
205,R1,SKU_C,0
205,R1,SKU_D,0
205,R1,SKU_E,0
205,R2,SKU_A,0
205,R2,SKU_B,0
205,R2,SKU_C,259
205,R2,SKU_D,262
205,R2,SKU_E,0
205,R3,SKU_A,958
205,R3,SKU_B,0
205,R3,SKU_C,0
205,R3,SKU_D,475
205,R3,SKU_E,0
206,Supplier,SKU_A,0
206,Supplier,SKU_B,0
206,Supplier,SKU_C,0
206,Supplier,SKU_D,0
206,Supplier,SKU_E,0
206,W1,SKU_A,242
206,W1,SKU_B,0
206,W1,SKU_C,0
206,W1,SKU_D,0
206,W1,SKU_E,232
206,W2,SKU_A,0
206,W2,SKU_B,0
206,W2,SKU_C,0
206,W2,SKU_D,0
206,W2,SKU_E,0
206,R1,SKU_A,138
206,R1,SKU_B,0
206,R1,SKU_C,0
206,R1,SKU_D,103
206,R1,SKU_E,0
206,R2,SKU_A,0
206,R2,SKU_B,0
206,R2,SKU_C,0
206,R2,SKU_D,0
206,R2,SKU_E,0
206,R3,SKU_A,0
206,R3,SKU_B,0
206,R3,SKU_C,0
206,R3,SKU_D,0
206,R3,SKU_E,0
207,Supplier,SKU_A,0
207,Supplier,SKU_B,0
207,Supplier,SKU_C,0
207,Supplier,SKU_D,0
207,Supplier,SKU_E,0
207,W1,SKU_A,0
207,W1,SKU_B,0
207,W1,SKU_C,0
207,W1,SKU_D,1114
207,W1,SKU_E,0
207,W2,SKU_A,0
207,W2,SKU_B,0
207,W2,SKU_C,0
207,W2,SKU_D,475
207,W2,SKU_E,0
207,R1,SKU_A,103
207,R1,SKU_B,0
207,R1,SKU_C,0
207,R1,SKU_D,0
207,R1,SKU_E,0
207,R2,SKU_A,0
207,R2,SKU_B,0
207,R2,SKU_C,0
207,R2,SKU_D,0
207,R2,SKU_E,0
207,R3,SKU_A,0
207,R3,SKU_B,0
207,R3,SKU_C,0
207,R3,SKU_D,0
207,R3,SKU_E,0
208,Supplier,SKU_A,0
208,Supplier,SKU_B,0
208,Supplier,SKU_C,0
208,Supplier,SKU_D,0
208,Supplier,SKU_E,0
208,W1,SKU_A,241
208,W1,SKU_B,0
208,W1,SKU_C,0
208,W1,SKU_D,0
208,W1,SKU_E,0
208,W2,SKU_A,0
208,W2,SKU_B,0
208,W2,SKU_C,0
208,W2,SKU_D,0
208,W2,SKU_E,0
208,R1,SKU_A,153
208,R1,SKU_B,0
208,R1,SKU_C,0
208,R1,SKU_D,119
208,R1,SKU_E,177
208,R2,SKU_A,814
208,R2,SKU_B,0
208,R2,SKU_C,0
208,R2,SKU_D,0
208,R2,SKU_E,0
208,R3,SKU_A,0
208,R3,SKU_B,190
208,R3,SKU_C,0
208,R3,SKU_D,0
208,R3,SKU_E,0
209,Supplier,SKU_A,0
209,Supplier,SKU_B,0
209,Supplier,SKU_C,0
209,Supplier,SKU_D,0
209,Supplier,SKU_E,0
209,W1,SKU_A,0
209,W1,SKU_B,0
209,W1,SKU_C,1561
209,W1,SKU_D,0
209,W1,SKU_E,0
209,W2,SKU_A,0
209,W2,SKU_B,618
209,W2,SKU_C,0
209,W2,SKU_D,0
209,W2,SKU_E,0
209,R1,SKU_A,197
209,R1,SKU_B,0
209,R1,SKU_C,1099
209,R1,SKU_D,0
209,R1,SKU_E,0
209,R2,SKU_A,0
209,R2,SKU_B,0
209,R2,SKU_C,0
209,R2,SKU_D,0
209,R2,SKU_E,517
209,R3,SKU_A,0
209,R3,SKU_B,0
209,R3,SKU_C,0
209,R3,SKU_D,0
209,R3,SKU_E,0
210,Supplier,SKU_A,0
210,Supplier,SKU_B,0
210,Supplier,SKU_C,0
210,Supplier,SKU_D,0
210,Supplier,SKU_E,0
210,W1,SKU_A,1164
210,W1,SKU_B,684
210,W1,SKU_C,0
210,W1,SKU_D,0
210,W1,SKU_E,694
210,W2,SKU_A,958
210,W2,SKU_B,0
210,W2,SKU_C,0
210,W2,SKU_D,0
210,W2,SKU_E,1073
210,R1,SKU_A,231
210,R1,SKU_B,447
210,R1,SKU_C,0
210,R1,SKU_D,172
210,R1,SKU_E,0
210,R2,SKU_A,0
210,R2,SKU_B,239
210,R2,SKU_C,234
210,R2,SKU_D,238
210,R2,SKU_E,0
210,R3,SKU_A,1061
210,R3,SKU_B,0
210,R3,SKU_C,1022
210,R3,SKU_D,434
210,R3,SKU_E,0
211,Supplier,SKU_A,0
211,Supplier,SKU_B,0
211,Supplier,SKU_C,0
211,Supplier,SKU_D,0
211,Supplier,SKU_E,0
211,W1,SKU_A,0
211,W1,SKU_B,0
211,W1,SKU_C,0
211,W1,SKU_D,0
211,W1,SKU_E,0
211,W2,SKU_A,0
211,W2,SKU_B,0
211,W2,SKU_C,0
211,W2,SKU_D,0
211,W2,SKU_E,0
211,R1,SKU_A,133
211,R1,SKU_B,0
211,R1,SKU_C,0
211,R1,SKU_D,0
211,R1,SKU_E,0
211,R2,SKU_A,0
211,R2,SKU_B,0
211,R2,SKU_C,0
211,R2,SKU_D,0
211,R2,SKU_E,0
211,R3,SKU_A,0
211,R3,SKU_B,0
211,R3,SKU_C,0
211,R3,SKU_D,0
211,R3,SKU_E,0
212,Supplier,SKU_A,0
212,Supplier,SKU_B,0
212,Supplier,SKU_C,0
212,Supplier,SKU_D,0
212,Supplier,SKU_E,0
212,W1,SKU_A,364
212,W1,SKU_B,0
212,W1,SKU_C,0
212,W1,SKU_D,0
212,W1,SKU_E,0
212,W2,SKU_A,0
212,W2,SKU_B,0
212,W2,SKU_C,0
212,W2,SKU_D,0
212,W2,SKU_E,0
212,R1,SKU_A,149
212,R1,SKU_B,0
212,R1,SKU_C,0
212,R1,SKU_D,141
212,R1,SKU_E,205
212,R2,SKU_A,0
212,R2,SKU_B,0
212,R2,SKU_C,0
212,R2,SKU_D,0
212,R2,SKU_E,0
212,R3,SKU_A,0
212,R3,SKU_B,204
212,R3,SKU_C,0
212,R3,SKU_D,0
212,R3,SKU_E,0
213,Supplier,SKU_A,0
213,Supplier,SKU_B,0
213,Supplier,SKU_C,0
213,Supplier,SKU_D,0
213,Supplier,SKU_E,0
213,W1,SKU_A,0
213,W1,SKU_B,0
213,W1,SKU_C,0
213,W1,SKU_D,0
213,W1,SKU_E,0
213,W2,SKU_A,0
213,W2,SKU_B,0
213,W2,SKU_C,0
213,W2,SKU_D,434
213,W2,SKU_E,0
213,R1,SKU_A,176
213,R1,SKU_B,0
213,R1,SKU_C,0
213,R1,SKU_D,0
213,R1,SKU_E,0
213,R2,SKU_A,0
213,R2,SKU_B,0
213,R2,SKU_C,0
213,R2,SKU_D,0
213,R2,SKU_E,0
213,R3,SKU_A,0
213,R3,SKU_B,0
213,R3,SKU_C,0
213,R3,SKU_D,0
213,R3,SKU_E,0
214,Supplier,SKU_A,0
214,Supplier,SKU_B,0
214,Supplier,SKU_C,0
214,Supplier,SKU_D,0
214,Supplier,SKU_E,0
214,W1,SKU_A,325
214,W1,SKU_B,0
214,W1,SKU_C,0
214,W1,SKU_D,0
214,W1,SKU_E,205
214,W2,SKU_A,0
214,W2,SKU_B,0
214,W2,SKU_C,0
214,W2,SKU_D,0
214,W2,SKU_E,0
214,R1,SKU_A,218
214,R1,SKU_B,0
214,R1,SKU_C,0
214,R1,SKU_D,192
214,R1,SKU_E,0
214,R2,SKU_A,0
214,R2,SKU_B,0
214,R2,SKU_C,0
214,R2,SKU_D,0
214,R2,SKU_E,0
214,R3,SKU_A,0
214,R3,SKU_B,0
214,R3,SKU_C,0
214,R3,SKU_D,0
214,R3,SKU_E,0
215,Supplier,SKU_A,0
215,Supplier,SKU_B,0
215,Supplier,SKU_C,0
215,Supplier,SKU_D,0
215,Supplier,SKU_E,0
215,W1,SKU_A,0
215,W1,SKU_B,0
215,W1,SKU_C,0
215,W1,SKU_D,0
215,W1,SKU_E,0
215,W2,SKU_A,0
215,W2,SKU_B,0
215,W2,SKU_C,1022
215,W2,SKU_D,0
215,W2,SKU_E,0
215,R1,SKU_A,252
215,R1,SKU_B,0
215,R1,SKU_C,0
215,R1,SKU_D,0
215,R1,SKU_E,0
215,R2,SKU_A,0
215,R2,SKU_B,0
215,R2,SKU_C,306
215,R2,SKU_D,256
215,R2,SKU_E,0
215,R3,SKU_A,1177
215,R3,SKU_B,0
215,R3,SKU_C,0
215,R3,SKU_D,657
215,R3,SKU_E,0
216,Supplier,SKU_A,0
216,Supplier,SKU_B,0
216,Supplier,SKU_C,0
216,Supplier,SKU_D,0
216,Supplier,SKU_E,0
216,W1,SKU_A,470
216,W1,SKU_B,0
216,W1,SKU_C,0
216,W1,SKU_D,1118
216,W1,SKU_E,0
216,W2,SKU_A,0
216,W2,SKU_B,0
216,W2,SKU_C,0
216,W2,SKU_D,657
216,W2,SKU_E,0
216,R1,SKU_A,160
216,R1,SKU_B,446
216,R1,SKU_C,0
216,R1,SKU_D,173
216,R1,SKU_E,291
216,R2,SKU_A,896
216,R2,SKU_B,300
216,R2,SKU_C,0
216,R2,SKU_D,0
216,R2,SKU_E,0
216,R3,SKU_A,0
216,R3,SKU_B,307
216,R3,SKU_C,0
216,R3,SKU_D,0
216,R3,SKU_E,1076
217,Supplier,SKU_A,0
217,Supplier,SKU_B,0
217,Supplier,SKU_C,0
217,Supplier,SKU_D,0
217,Supplier,SKU_E,0
217,W1,SKU_A,0
217,W1,SKU_B,1432
217,W1,SKU_C,0
217,W1,SKU_D,0
217,W1,SKU_E,0
217,W2,SKU_A,2238
217,W2,SKU_B,0
217,W2,SKU_C,0
217,W2,SKU_D,0
217,W2,SKU_E,0
217,R1,SKU_A,202
217,R1,SKU_B,0
217,R1,SKU_C,0
217,R1,SKU_D,0
217,R1,SKU_E,0
217,R2,SKU_A,0
217,R2,SKU_B,0
217,R2,SKU_C,0
217,R2,SKU_D,0
217,R2,SKU_E,0
217,R3,SKU_A,0
217,R3,SKU_B,0
217,R3,SKU_C,0
217,R3,SKU_D,0
217,R3,SKU_E,0
218,Supplier,SKU_A,0
218,Supplier,SKU_B,0
218,Supplier,SKU_C,0
218,Supplier,SKU_D,0
218,Supplier,SKU_E,0
218,W1,SKU_A,1258
218,W1,SKU_B,0
218,W1,SKU_C,0
218,W1,SKU_D,0
218,W1,SKU_E,291
218,W2,SKU_A,0
218,W2,SKU_B,0
218,W2,SKU_C,0
218,W2,SKU_D,0
218,W2,SKU_E,0
218,R1,SKU_A,106
218,R1,SKU_B,0
218,R1,SKU_C,0
218,R1,SKU_D,123
218,R1,SKU_E,0
218,R2,SKU_A,0
218,R2,SKU_B,0
218,R2,SKU_C,0
218,R2,SKU_D,0
218,R2,SKU_E,0
218,R3,SKU_A,0
218,R3,SKU_B,0
218,R3,SKU_C,0
218,R3,SKU_D,0
218,R3,SKU_E,0
219,Supplier,SKU_A,0
219,Supplier,SKU_B,0
219,Supplier,SKU_C,0
219,Supplier,SKU_D,0
219,Supplier,SKU_E,0
219,W1,SKU_A,0
219,W1,SKU_B,0
219,W1,SKU_C,0
219,W1,SKU_D,0
219,W1,SKU_E,0
219,W2,SKU_A,0
219,W2,SKU_B,0
219,W2,SKU_C,0
219,W2,SKU_D,0
219,W2,SKU_E,0
219,R1,SKU_A,149
219,R1,SKU_B,0
219,R1,SKU_C,0
219,R1,SKU_D,0
219,R1,SKU_E,0
219,R2,SKU_A,0
219,R2,SKU_B,0
219,R2,SKU_C,0
219,R2,SKU_D,0
219,R2,SKU_E,0
219,R3,SKU_A,0
219,R3,SKU_B,0
219,R3,SKU_C,0
219,R3,SKU_D,0
219,R3,SKU_E,0
220,Supplier,SKU_A,0
220,Supplier,SKU_B,0
220,Supplier,SKU_C,0
220,Supplier,SKU_D,0
220,Supplier,SKU_E,0
220,W1,SKU_A,255
220,W1,SKU_B,0
220,W1,SKU_C,1639
220,W1,SKU_D,0
220,W1,SKU_E,0
220,W2,SKU_A,0
220,W2,SKU_B,511
220,W2,SKU_C,0
220,W2,SKU_D,0
220,W2,SKU_E,1076
220,R1,SKU_A,128
220,R1,SKU_B,0
220,R1,SKU_C,1264
220,R1,SKU_D,125
220,R1,SKU_E,175
220,R2,SKU_A,0
220,R2,SKU_B,0
220,R2,SKU_C,235
220,R2,SKU_D,213
220,R2,SKU_E,465
220,R3,SKU_A,885
220,R3,SKU_B,186
220,R3,SKU_C,1107
220,R3,SKU_D,422
220,R3,SKU_E,0
221,Supplier,SKU_A,0
221,Supplier,SKU_B,0
221,Supplier,SKU_C,0
221,Supplier,SKU_D,0
221,Supplier,SKU_E,0
221,W1,SKU_A,0
221,W1,SKU_B,0
221,W1,SKU_C,0
221,W1,SKU_D,0
221,W1,SKU_E,0
221,W2,SKU_A,0
221,W2,SKU_B,0
221,W2,SKU_C,0
221,W2,SKU_D,0
221,W2,SKU_E,0
221,R1,SKU_A,114
221,R1,SKU_B,0
221,R1,SKU_C,0
221,R1,SKU_D,0
221,R1,SKU_E,0
221,R2,SKU_A,0
221,R2,SKU_B,0
221,R2,SKU_C,0
221,R2,SKU_D,0
221,R2,SKU_E,0
221,R3,SKU_A,0
221,R3,SKU_B,0
221,R3,SKU_C,0
221,R3,SKU_D,0
221,R3,SKU_E,0
222,Supplier,SKU_A,0
222,Supplier,SKU_B,0
222,Supplier,SKU_C,0
222,Supplier,SKU_D,0
222,Supplier,SKU_E,0
222,W1,SKU_A,242
222,W1,SKU_B,0
222,W1,SKU_C,0
222,W1,SKU_D,0
222,W1,SKU_E,640
222,W2,SKU_A,0
222,W2,SKU_B,0
222,W2,SKU_C,0
222,W2,SKU_D,422
222,W2,SKU_E,0
222,R1,SKU_A,146
222,R1,SKU_B,308
222,R1,SKU_C,0
222,R1,SKU_D,137
222,R1,SKU_E,0
222,R2,SKU_A,0
222,R2,SKU_B,259
222,R2,SKU_C,0
222,R2,SKU_D,0
222,R2,SKU_E,0
222,R3,SKU_A,0
222,R3,SKU_B,0
222,R3,SKU_C,0
222,R3,SKU_D,0
222,R3,SKU_E,0
223,Supplier,SKU_A,0
223,Supplier,SKU_B,0
223,Supplier,SKU_C,0
223,Supplier,SKU_D,0
223,Supplier,SKU_E,0
223,W1,SKU_A,0
223,W1,SKU_B,0
223,W1,SKU_C,0
223,W1,SKU_D,0
223,W1,SKU_E,0
223,W2,SKU_A,0
223,W2,SKU_B,0
223,W2,SKU_C,0
223,W2,SKU_D,0
223,W2,SKU_E,0
223,R1,SKU_A,252
223,R1,SKU_B,0
223,R1,SKU_C,0
223,R1,SKU_D,0
223,R1,SKU_E,0
223,R2,SKU_A,0
223,R2,SKU_B,0
223,R2,SKU_C,0
223,R2,SKU_D,0
223,R2,SKU_E,0
223,R3,SKU_A,0
223,R3,SKU_B,0
223,R3,SKU_C,0
223,R3,SKU_D,0
223,R3,SKU_E,0
224,Supplier,SKU_A,0
224,Supplier,SKU_B,0
224,Supplier,SKU_C,0
224,Supplier,SKU_D,0
224,Supplier,SKU_E,0
224,W1,SKU_A,398
224,W1,SKU_B,567
224,W1,SKU_C,0
224,W1,SKU_D,0
224,W1,SKU_E,0
224,W2,SKU_A,885
224,W2,SKU_B,0
224,W2,SKU_C,0
224,W2,SKU_D,0
224,W2,SKU_E,0
224,R1,SKU_A,264
224,R1,SKU_B,0
224,R1,SKU_C,0
224,R1,SKU_D,164
224,R1,SKU_E,235
224,R2,SKU_A,827
224,R2,SKU_B,0
224,R2,SKU_C,0
224,R2,SKU_D,0
224,R2,SKU_E,0
224,R3,SKU_A,0
224,R3,SKU_B,232
224,R3,SKU_C,0
224,R3,SKU_D,0
224,R3,SKU_E,0
225,Supplier,SKU_A,0
225,Supplier,SKU_B,0
225,Supplier,SKU_C,0
225,Supplier,SKU_D,0
225,Supplier,SKU_E,0
225,W1,SKU_A,0
225,W1,SKU_B,0
225,W1,SKU_C,0
225,W1,SKU_D,935
225,W1,SKU_E,0
225,W2,SKU_A,0
225,W2,SKU_B,0
225,W2,SKU_C,1107
225,W2,SKU_D,0
225,W2,SKU_E,0
225,R1,SKU_A,109
225,R1,SKU_B,0
225,R1,SKU_C,0
225,R1,SKU_D,0
225,R1,SKU_E,0
225,R2,SKU_A,0
225,R2,SKU_B,0
225,R2,SKU_C,260
225,R2,SKU_D,275
225,R2,SKU_E,0
225,R3,SKU_A,1185
225,R3,SKU_B,0
225,R3,SKU_C,0
225,R3,SKU_D,559
225,R3,SKU_E,0
226,Supplier,SKU_A,0
226,Supplier,SKU_B,0
226,Supplier,SKU_C,0
226,Supplier,SKU_D,0
226,Supplier,SKU_E,0
226,W1,SKU_A,1200
226,W1,SKU_B,0
226,W1,SKU_C,0
226,W1,SKU_D,0
226,W1,SKU_E,235
226,W2,SKU_A,0
226,W2,SKU_B,0
226,W2,SKU_C,0
226,W2,SKU_D,0
226,W2,SKU_E,0
226,R1,SKU_A,142
226,R1,SKU_B,0
226,R1,SKU_C,0
226,R1,SKU_D,106
226,R1,SKU_E,0
226,R2,SKU_A,0
226,R2,SKU_B,0
226,R2,SKU_C,0
226,R2,SKU_D,0
226,R2,SKU_E,0
226,R3,SKU_A,0
226,R3,SKU_B,0
226,R3,SKU_C,0
226,R3,SKU_D,0
226,R3,SKU_E,0
227,Supplier,SKU_A,0
227,Supplier,SKU_B,0
227,Supplier,SKU_C,0
227,Supplier,SKU_D,0
227,Supplier,SKU_E,0
227,W1,SKU_A,0
227,W1,SKU_B,0
227,W1,SKU_C,0
227,W1,SKU_D,0
227,W1,SKU_E,0
227,W2,SKU_A,0
227,W2,SKU_B,0
227,W2,SKU_C,0
227,W2,SKU_D,0
227,W2,SKU_E,0
227,R1,SKU_A,140
227,R1,SKU_B,0
227,R1,SKU_C,0
227,R1,SKU_D,0
227,R1,SKU_E,0
227,R2,SKU_A,0
227,R2,SKU_B,0
227,R2,SKU_C,0
227,R2,SKU_D,0
227,R2,SKU_E,0
227,R3,SKU_A,0
227,R3,SKU_B,0
227,R3,SKU_C,0
227,R3,SKU_D,0
227,R3,SKU_E,0
228,Supplier,SKU_A,0
228,Supplier,SKU_B,0
228,Supplier,SKU_C,0
228,Supplier,SKU_D,0
228,Supplier,SKU_E,0
228,W1,SKU_A,282
228,W1,SKU_B,0
228,W1,SKU_C,0
228,W1,SKU_D,0
228,W1,SKU_E,0
228,W2,SKU_A,0
228,W2,SKU_B,0
228,W2,SKU_C,0
228,W2,SKU_D,559
228,W2,SKU_E,0
228,R1,SKU_A,127
228,R1,SKU_B,357
228,R1,SKU_C,0
228,R1,SKU_D,111
228,R1,SKU_E,146
228,R2,SKU_A,0
228,R2,SKU_B,263
228,R2,SKU_C,0
228,R2,SKU_D,0
228,R2,SKU_E,0
228,R3,SKU_A,0
228,R3,SKU_B,177
228,R3,SKU_C,0
228,R3,SKU_D,0
228,R3,SKU_E,1040
229,Supplier,SKU_A,0
229,Supplier,SKU_B,0
229,Supplier,SKU_C,0
229,Supplier,SKU_D,0
229,Supplier,SKU_E,0
229,W1,SKU_A,0
229,W1,SKU_B,0
229,W1,SKU_C,0
229,W1,SKU_D,0
229,W1,SKU_E,0
229,W2,SKU_A,0
229,W2,SKU_B,0
229,W2,SKU_C,0
229,W2,SKU_D,0
229,W2,SKU_E,0
229,R1,SKU_A,163
229,R1,SKU_B,0
229,R1,SKU_C,0
229,R1,SKU_D,0
229,R1,SKU_E,0
229,R2,SKU_A,0
229,R2,SKU_B,0
229,R2,SKU_C,0
229,R2,SKU_D,0
229,R2,SKU_E,0
229,R3,SKU_A,0
229,R3,SKU_B,0
229,R3,SKU_C,0
229,R3,SKU_D,0
229,R3,SKU_E,0
230,Supplier,SKU_A,0
230,Supplier,SKU_B,0
230,Supplier,SKU_C,0
230,Supplier,SKU_D,0
230,Supplier,SKU_E,0
230,W1,SKU_A,290
230,W1,SKU_B,0
230,W1,SKU_C,0
230,W1,SKU_D,0
230,W1,SKU_E,146
230,W2,SKU_A,0
230,W2,SKU_B,0
230,W2,SKU_C,0
230,W2,SKU_D,0
230,W2,SKU_E,1040
230,R1,SKU_A,209
230,R1,SKU_B,0
230,R1,SKU_C,0
230,R1,SKU_D,151
230,R1,SKU_E,0
230,R2,SKU_A,0
230,R2,SKU_B,0
230,R2,SKU_C,259
230,R2,SKU_D,292
230,R2,SKU_E,0
230,R3,SKU_A,1064
230,R3,SKU_B,0
230,R3,SKU_C,1190
230,R3,SKU_D,550
230,R3,SKU_E,0
231,Supplier,SKU_A,0
231,Supplier,SKU_B,0
231,Supplier,SKU_C,0
231,Supplier,SKU_D,0
231,Supplier,SKU_E,0
231,W1,SKU_A,0
231,W1,SKU_B,620
231,W1,SKU_C,2018
231,W1,SKU_D,0
231,W1,SKU_E,0
231,W2,SKU_A,2249
231,W2,SKU_B,595
231,W2,SKU_C,0
231,W2,SKU_D,550
231,W2,SKU_E,0
231,R1,SKU_A,210
231,R1,SKU_B,0
231,R1,SKU_C,1229
231,R1,SKU_D,0
231,R1,SKU_E,0
231,R2,SKU_A,0
231,R2,SKU_B,0
231,R2,SKU_C,0
231,R2,SKU_D,0
231,R2,SKU_E,565
231,R3,SKU_A,0
231,R3,SKU_B,0
231,R3,SKU_C,0
231,R3,SKU_D,0
231,R3,SKU_E,0
232,Supplier,SKU_A,0
232,Supplier,SKU_B,0
232,Supplier,SKU_C,0
232,Supplier,SKU_D,0
232,Supplier,SKU_E,0
232,W1,SKU_A,419
232,W1,SKU_B,0
232,W1,SKU_C,0
232,W1,SKU_D,0
232,W1,SKU_E,565
232,W2,SKU_A,0
232,W2,SKU_B,0
232,W2,SKU_C,0
232,W2,SKU_D,0
232,W2,SKU_E,0
232,R1,SKU_A,137
232,R1,SKU_B,0
232,R1,SKU_C,0
232,R1,SKU_D,146
232,R1,SKU_E,224
232,R2,SKU_A,822
232,R2,SKU_B,0
232,R2,SKU_C,0
232,R2,SKU_D,0
232,R2,SKU_E,0
232,R3,SKU_A,0
232,R3,SKU_B,228
232,R3,SKU_C,0
232,R3,SKU_D,0
232,R3,SKU_E,0
233,Supplier,SKU_A,0
233,Supplier,SKU_B,0
233,Supplier,SKU_C,0
233,Supplier,SKU_D,0
233,Supplier,SKU_E,0
233,W1,SKU_A,0
233,W1,SKU_B,0
233,W1,SKU_C,0
233,W1,SKU_D,0
233,W1,SKU_E,0
233,W2,SKU_A,0
233,W2,SKU_B,0
233,W2,SKU_C,0
233,W2,SKU_D,0
233,W2,SKU_E,0
233,R1,SKU_A,154
233,R1,SKU_B,0
233,R1,SKU_C,0
233,R1,SKU_D,0
233,R1,SKU_E,0
233,R2,SKU_A,0
233,R2,SKU_B,0
233,R2,SKU_C,0
233,R2,SKU_D,0
233,R2,SKU_E,0
233,R3,SKU_A,0
233,R3,SKU_B,0
233,R3,SKU_C,0
233,R3,SKU_D,0
233,R3,SKU_E,0
234,Supplier,SKU_A,0
234,Supplier,SKU_B,0
234,Supplier,SKU_C,0
234,Supplier,SKU_D,0
234,Supplier,SKU_E,0
234,W1,SKU_A,1113
234,W1,SKU_B,0
234,W1,SKU_C,0
234,W1,SKU_D,1081
234,W1,SKU_E,224
234,W2,SKU_A,0
234,W2,SKU_B,0
234,W2,SKU_C,0
234,W2,SKU_D,0
234,W2,SKU_E,0
234,R1,SKU_A,149
234,R1,SKU_B,390
234,R1,SKU_C,0
234,R1,SKU_D,150
234,R1,SKU_E,0
234,R2,SKU_A,0
234,R2,SKU_B,287
234,R2,SKU_C,0
234,R2,SKU_D,0
234,R2,SKU_E,0
234,R3,SKU_A,0
234,R3,SKU_B,0
234,R3,SKU_C,0
234,R3,SKU_D,0
234,R3,SKU_E,0
235,Supplier,SKU_A,0
235,Supplier,SKU_B,0
235,Supplier,SKU_C,0
235,Supplier,SKU_D,0
235,Supplier,SKU_E,0
235,W1,SKU_A,0
235,W1,SKU_B,0
235,W1,SKU_C,0
235,W1,SKU_D,0
235,W1,SKU_E,0
235,W2,SKU_A,0
235,W2,SKU_B,0
235,W2,SKU_C,1190
235,W2,SKU_D,0
235,W2,SKU_E,0
235,R1,SKU_A,158
235,R1,SKU_B,0
235,R1,SKU_C,0
235,R1,SKU_D,0
235,R1,SKU_E,0
235,R2,SKU_A,0
235,R2,SKU_B,0
235,R2,SKU_C,234
235,R2,SKU_D,263
235,R2,SKU_E,0
235,R3,SKU_A,1142
235,R3,SKU_B,0
235,R3,SKU_C,0
235,R3,SKU_D,583
235,R3,SKU_E,0
236,Supplier,SKU_A,0
236,Supplier,SKU_B,0
236,Supplier,SKU_C,0
236,Supplier,SKU_D,0
236,Supplier,SKU_E,0
236,W1,SKU_A,307
236,W1,SKU_B,0
236,W1,SKU_C,0
236,W1,SKU_D,0
236,W1,SKU_E,0
236,W2,SKU_A,0
236,W2,SKU_B,0
236,W2,SKU_C,0
236,W2,SKU_D,0
236,W2,SKU_E,0
236,R1,SKU_A,157
236,R1,SKU_B,0
236,R1,SKU_C,0
236,R1,SKU_D,129
236,R1,SKU_E,179
236,R2,SKU_A,0
236,R2,SKU_B,0
236,R2,SKU_C,0
236,R2,SKU_D,0
236,R2,SKU_E,0
236,R3,SKU_A,0
236,R3,SKU_B,206
236,R3,SKU_C,0
236,R3,SKU_D,0
236,R3,SKU_E,0
237,Supplier,SKU_A,0
237,Supplier,SKU_B,0
237,Supplier,SKU_C,0
237,Supplier,SKU_D,0
237,Supplier,SKU_E,0
237,W1,SKU_A,0
237,W1,SKU_B,0
237,W1,SKU_C,0
237,W1,SKU_D,0
237,W1,SKU_E,0
237,W2,SKU_A,0
237,W2,SKU_B,0
237,W2,SKU_C,0
237,W2,SKU_D,583
237,W2,SKU_E,0
237,R1,SKU_A,215
237,R1,SKU_B,0
237,R1,SKU_C,0
237,R1,SKU_D,0
237,R1,SKU_E,0
237,R2,SKU_A,0
237,R2,SKU_B,0
237,R2,SKU_C,0
237,R2,SKU_D,0
237,R2,SKU_E,0
237,R3,SKU_A,0
237,R3,SKU_B,0
237,R3,SKU_C,0
237,R3,SKU_D,0
237,R3,SKU_E,0
238,Supplier,SKU_A,0
238,Supplier,SKU_B,0
238,Supplier,SKU_C,0
238,Supplier,SKU_D,0
238,Supplier,SKU_E,0
238,W1,SKU_A,372
238,W1,SKU_B,677
238,W1,SKU_C,0
238,W1,SKU_D,0
238,W1,SKU_E,179
238,W2,SKU_A,1142
238,W2,SKU_B,0
238,W2,SKU_C,0
238,W2,SKU_D,0
238,W2,SKU_E,0
238,R1,SKU_A,211
238,R1,SKU_B,0
238,R1,SKU_C,0
238,R1,SKU_D,209
238,R1,SKU_E,0
238,R2,SKU_A,0
238,R2,SKU_B,0
238,R2,SKU_C,0
238,R2,SKU_D,0
238,R2,SKU_E,0
238,R3,SKU_A,0
238,R3,SKU_B,0
238,R3,SKU_C,0
238,R3,SKU_D,0
238,R3,SKU_E,0
239,Supplier,SKU_A,0
239,Supplier,SKU_B,0
239,Supplier,SKU_C,0
239,Supplier,SKU_D,0
239,Supplier,SKU_E,0
239,W1,SKU_A,0
239,W1,SKU_B,0
239,W1,SKU_C,0
239,W1,SKU_D,0
239,W1,SKU_E,0
239,W2,SKU_A,0
239,W2,SKU_B,0
239,W2,SKU_C,0
239,W2,SKU_D,0
239,W2,SKU_E,0
239,R1,SKU_A,152
239,R1,SKU_B,0
239,R1,SKU_C,0
239,R1,SKU_D,0
239,R1,SKU_E,0
239,R2,SKU_A,0
239,R2,SKU_B,0
239,R2,SKU_C,0
239,R2,SKU_D,0
239,R2,SKU_E,0
239,R3,SKU_A,0
239,R3,SKU_B,0
239,R3,SKU_C,0
239,R3,SKU_D,0
239,R3,SKU_E,0
240,Supplier,SKU_A,0
240,Supplier,SKU_B,0
240,Supplier,SKU_C,0
240,Supplier,SKU_D,0
240,Supplier,SKU_E,0
240,W1,SKU_A,363
240,W1,SKU_B,0
240,W1,SKU_C,0
240,W1,SKU_D,0
240,W1,SKU_E,0
240,W2,SKU_A,0
240,W2,SKU_B,0
240,W2,SKU_C,0
240,W2,SKU_D,0
240,W2,SKU_E,0
240,R1,SKU_A,158
240,R1,SKU_B,531
240,R1,SKU_C,0
240,R1,SKU_D,140
240,R1,SKU_E,271
240,R2,SKU_A,917
240,R2,SKU_B,303
240,R2,SKU_C,261
240,R2,SKU_D,240
240,R2,SKU_E,0
240,R3,SKU_A,1239
240,R3,SKU_B,210
240,R3,SKU_C,1203
240,R3,SKU_D,659
240,R3,SKU_E,1185
241,Supplier,SKU_A,0
241,Supplier,SKU_B,0
241,Supplier,SKU_C,0
241,Supplier,SKU_D,0
241,Supplier,SKU_E,0
241,W1,SKU_A,0
241,W1,SKU_B,0
241,W1,SKU_C,0
241,W1,SKU_D,0
241,W1,SKU_E,0
241,W2,SKU_A,0
241,W2,SKU_B,0
241,W2,SKU_C,0
241,W2,SKU_D,0
241,W2,SKU_E,0
241,R1,SKU_A,232
241,R1,SKU_B,0
241,R1,SKU_C,0
241,R1,SKU_D,0
241,R1,SKU_E,0
241,R2,SKU_A,0
241,R2,SKU_B,0
241,R2,SKU_C,0
241,R2,SKU_D,0
241,R2,SKU_E,0
241,R3,SKU_A,0
241,R3,SKU_B,0
241,R3,SKU_C,0
241,R3,SKU_D,0
241,R3,SKU_E,0
242,Supplier,SKU_A,0
242,Supplier,SKU_B,0
242,Supplier,SKU_C,0
242,Supplier,SKU_D,0
242,Supplier,SKU_E,0
242,W1,SKU_A,1307
242,W1,SKU_B,0
242,W1,SKU_C,1724
242,W1,SKU_D,0
242,W1,SKU_E,271
242,W2,SKU_A,0
242,W2,SKU_B,644
242,W2,SKU_C,0
242,W2,SKU_D,0
242,W2,SKU_E,0
242,R1,SKU_A,207
242,R1,SKU_B,0
242,R1,SKU_C,1357
242,R1,SKU_D,181
242,R1,SKU_E,0
242,R2,SKU_A,0
242,R2,SKU_B,0
242,R2,SKU_C,0
242,R2,SKU_D,0
242,R2,SKU_E,568
242,R3,SKU_A,0
242,R3,SKU_B,0
242,R3,SKU_C,0
242,R3,SKU_D,0
242,R3,SKU_E,0
243,Supplier,SKU_A,0
243,Supplier,SKU_B,0
243,Supplier,SKU_C,0
243,Supplier,SKU_D,0
243,Supplier,SKU_E,0
243,W1,SKU_A,0
243,W1,SKU_B,0
243,W1,SKU_C,0
243,W1,SKU_D,1312
243,W1,SKU_E,0
243,W2,SKU_A,0
243,W2,SKU_B,0
243,W2,SKU_C,0
243,W2,SKU_D,659
243,W2,SKU_E,0
243,R1,SKU_A,0
243,R1,SKU_B,0
243,R1,SKU_C,0
243,R1,SKU_D,0
243,R1,SKU_E,0
243,R2,SKU_A,0
243,R2,SKU_B,0
243,R2,SKU_C,0
243,R2,SKU_D,0
243,R2,SKU_E,0
243,R3,SKU_A,0
243,R3,SKU_B,0
243,R3,SKU_C,0
243,R3,SKU_D,0
243,R3,SKU_E,0
244,Supplier,SKU_A,0
244,Supplier,SKU_B,0
244,Supplier,SKU_C,0
244,Supplier,SKU_D,0
244,Supplier,SKU_E,0
244,W1,SKU_A,207
244,W1,SKU_B,0
244,W1,SKU_C,0
244,W1,SKU_D,0
244,W1,SKU_E,568
244,W2,SKU_A,0
244,W2,SKU_B,0
244,W2,SKU_C,0
244,W2,SKU_D,0
244,W2,SKU_E,0
244,R1,SKU_A,184
244,R1,SKU_B,0
244,R1,SKU_C,0
244,R1,SKU_D,68
244,R1,SKU_E,224
244,R2,SKU_A,0
244,R2,SKU_B,0
244,R2,SKU_C,0
244,R2,SKU_D,0
244,R2,SKU_E,0
244,R3,SKU_A,0
244,R3,SKU_B,192
244,R3,SKU_C,0
244,R3,SKU_D,0
244,R3,SKU_E,0
245,Supplier,SKU_A,0
245,Supplier,SKU_B,0
245,Supplier,SKU_C,0
245,Supplier,SKU_D,0
245,Supplier,SKU_E,0
245,W1,SKU_A,0
245,W1,SKU_B,834
245,W1,SKU_C,0
245,W1,SKU_D,0
245,W1,SKU_E,0
245,W2,SKU_A,1239
245,W2,SKU_B,0
245,W2,SKU_C,1203
245,W2,SKU_D,0
245,W2,SKU_E,0
245,R1,SKU_A,136
245,R1,SKU_B,0
245,R1,SKU_C,0
245,R1,SKU_D,0
245,R1,SKU_E,0
245,R2,SKU_A,0
245,R2,SKU_B,0
245,R2,SKU_C,184
245,R2,SKU_D,198
245,R2,SKU_E,0
245,R3,SKU_A,1094
245,R3,SKU_B,0
245,R3,SKU_C,0
245,R3,SKU_D,576
245,R3,SKU_E,0
246,Supplier,SKU_A,0
246,Supplier,SKU_B,0
246,Supplier,SKU_C,0
246,Supplier,SKU_D,0
246,Supplier,SKU_E,0
246,W1,SKU_A,320
246,W1,SKU_B,0
246,W1,SKU_C,0
246,W1,SKU_D,0
246,W1,SKU_E,224
246,W2,SKU_A,0
246,W2,SKU_B,0
246,W2,SKU_C,0
246,W2,SKU_D,576
246,W2,SKU_E,0
246,R1,SKU_A,111
246,R1,SKU_B,413
246,R1,SKU_C,0
246,R1,SKU_D,100
246,R1,SKU_E,0
246,R2,SKU_A,0
246,R2,SKU_B,183
246,R2,SKU_C,0
246,R2,SKU_D,0
246,R2,SKU_E,0
246,R3,SKU_A,0
246,R3,SKU_B,0
246,R3,SKU_C,0
246,R3,SKU_D,0
246,R3,SKU_E,0
247,Supplier,SKU_A,0
247,Supplier,SKU_B,0
247,Supplier,SKU_C,0
247,Supplier,SKU_D,0
247,Supplier,SKU_E,0
247,W1,SKU_A,0
247,W1,SKU_B,0
247,W1,SKU_C,0
247,W1,SKU_D,0
247,W1,SKU_E,0
247,W2,SKU_A,0
247,W2,SKU_B,0
247,W2,SKU_C,0
247,W2,SKU_D,0
247,W2,SKU_E,0
247,R1,SKU_A,95
247,R1,SKU_B,0
247,R1,SKU_C,0
247,R1,SKU_D,0
247,R1,SKU_E,0
247,R2,SKU_A,0
247,R2,SKU_B,0
247,R2,SKU_C,0
247,R2,SKU_D,0
247,R2,SKU_E,0
247,R3,SKU_A,0
247,R3,SKU_B,0
247,R3,SKU_C,0
247,R3,SKU_D,0
247,R3,SKU_E,0
248,Supplier,SKU_A,0
248,Supplier,SKU_B,0
248,Supplier,SKU_C,0
248,Supplier,SKU_D,0
248,Supplier,SKU_E,0
248,W1,SKU_A,206
248,W1,SKU_B,0
248,W1,SKU_C,0
248,W1,SKU_D,0
248,W1,SKU_E,0
248,W2,SKU_A,0
248,W2,SKU_B,0
248,W2,SKU_C,0
248,W2,SKU_D,0
248,W2,SKU_E,0
248,R1,SKU_A,106
248,R1,SKU_B,0
248,R1,SKU_C,0
248,R1,SKU_D,110
248,R1,SKU_E,146
248,R2,SKU_A,632
248,R2,SKU_B,0
248,R2,SKU_C,0
248,R2,SKU_D,0
248,R2,SKU_E,0
248,R3,SKU_A,0
248,R3,SKU_B,173
248,R3,SKU_C,0
248,R3,SKU_D,0
248,R3,SKU_E,0
249,Supplier,SKU_A,0
249,Supplier,SKU_B,0
249,Supplier,SKU_C,0
249,Supplier,SKU_D,0
249,Supplier,SKU_E,0
249,W1,SKU_A,0
249,W1,SKU_B,0
249,W1,SKU_C,0
249,W1,SKU_D,0
249,W1,SKU_E,0
249,W2,SKU_A,0
249,W2,SKU_B,0
249,W2,SKU_C,0
249,W2,SKU_D,0
249,W2,SKU_E,0
249,R1,SKU_A,129
249,R1,SKU_B,0
249,R1,SKU_C,0
249,R1,SKU_D,0
249,R1,SKU_E,0
249,R2,SKU_A,0
249,R2,SKU_B,0
249,R2,SKU_C,0
249,R2,SKU_D,0
249,R2,SKU_E,0
249,R3,SKU_A,0
249,R3,SKU_B,0
249,R3,SKU_C,0
249,R3,SKU_D,0
249,R3,SKU_E,0
250,Supplier,SKU_A,0
250,Supplier,SKU_B,0
250,Supplier,SKU_C,0
250,Supplier,SKU_D,0
250,Supplier,SKU_E,0
250,W1,SKU_A,867
250,W1,SKU_B,0
250,W1,SKU_C,0
250,W1,SKU_D,0
250,W1,SKU_E,146
250,W2,SKU_A,0
250,W2,SKU_B,0
250,W2,SKU_C,0
250,W2,SKU_D,0
250,W2,SKU_E,1185
250,R1,SKU_A,115
250,R1,SKU_B,0
250,R1,SKU_C,0
250,R1,SKU_D,122
250,R1,SKU_E,0
250,R2,SKU_A,0
250,R2,SKU_B,0
250,R2,SKU_C,183
250,R2,SKU_D,196
250,R2,SKU_E,0
250,R3,SKU_A,810
250,R3,SKU_B,0
250,R3,SKU_C,1004
250,R3,SKU_D,445
250,R3,SKU_E,0
251,Supplier,SKU_A,0
251,Supplier,SKU_B,0
251,Supplier,SKU_C,0
251,Supplier,SKU_D,0
251,Supplier,SKU_E,0
251,W1,SKU_A,0
251,W1,SKU_B,0
251,W1,SKU_C,0
251,W1,SKU_D,0
251,W1,SKU_E,0
251,W2,SKU_A,0
251,W2,SKU_B,0
251,W2,SKU_C,0
251,W2,SKU_D,0
251,W2,SKU_E,0
251,R1,SKU_A,148
251,R1,SKU_B,0
251,R1,SKU_C,0
251,R1,SKU_D,0
251,R1,SKU_E,0
251,R2,SKU_A,0
251,R2,SKU_B,0
251,R2,SKU_C,0
251,R2,SKU_D,0
251,R2,SKU_E,0
251,R3,SKU_A,0
251,R3,SKU_B,0
251,R3,SKU_C,0
251,R3,SKU_D,0
251,R3,SKU_E,0
252,Supplier,SKU_A,0
252,Supplier,SKU_B,0
252,Supplier,SKU_C,0
252,Supplier,SKU_D,0
252,Supplier,SKU_E,0
252,W1,SKU_A,263
252,W1,SKU_B,596
252,W1,SKU_C,0
252,W1,SKU_D,794
252,W1,SKU_E,0
252,W2,SKU_A,1904
252,W2,SKU_B,0
252,W2,SKU_C,0
252,W2,SKU_D,445
252,W2,SKU_E,0
252,R1,SKU_A,168
252,R1,SKU_B,355
252,R1,SKU_C,0
252,R1,SKU_D,139
252,R1,SKU_E,183
252,R2,SKU_A,0
252,R2,SKU_B,267
252,R2,SKU_C,0
252,R2,SKU_D,0
252,R2,SKU_E,0
252,R3,SKU_A,0
252,R3,SKU_B,182
252,R3,SKU_C,0
252,R3,SKU_D,0
252,R3,SKU_E,969
253,Supplier,SKU_A,0
253,Supplier,SKU_B,0
253,Supplier,SKU_C,0
253,Supplier,SKU_D,0
253,Supplier,SKU_E,0
253,W1,SKU_A,0
253,W1,SKU_B,0
253,W1,SKU_C,1724
253,W1,SKU_D,0
253,W1,SKU_E,0
253,W2,SKU_A,0
253,W2,SKU_B,547
253,W2,SKU_C,0
253,W2,SKU_D,0
253,W2,SKU_E,0
253,R1,SKU_A,110
253,R1,SKU_B,0
253,R1,SKU_C,927
253,R1,SKU_D,0
253,R1,SKU_E,0
253,R2,SKU_A,0
253,R2,SKU_B,0
253,R2,SKU_C,0
253,R2,SKU_D,0
253,R2,SKU_E,380
253,R3,SKU_A,0
253,R3,SKU_B,0
253,R3,SKU_C,0
253,R3,SKU_D,0
253,R3,SKU_E,0
254,Supplier,SKU_A,0
254,Supplier,SKU_B,0
254,Supplier,SKU_C,0
254,Supplier,SKU_D,0
254,Supplier,SKU_E,0
254,W1,SKU_A,278
254,W1,SKU_B,0
254,W1,SKU_C,0
254,W1,SKU_D,0
254,W1,SKU_E,563
254,W2,SKU_A,0
254,W2,SKU_B,0
254,W2,SKU_C,0
254,W2,SKU_D,0
254,W2,SKU_E,0
254,R1,SKU_A,112
254,R1,SKU_B,0
254,R1,SKU_C,0
254,R1,SKU_D,96
254,R1,SKU_E,0
254,R2,SKU_A,0
254,R2,SKU_B,0
254,R2,SKU_C,0
254,R2,SKU_D,0
254,R2,SKU_E,0
254,R3,SKU_A,0
254,R3,SKU_B,0
254,R3,SKU_C,0
254,R3,SKU_D,0
254,R3,SKU_E,0
255,Supplier,SKU_A,0
255,Supplier,SKU_B,0
255,Supplier,SKU_C,0
255,Supplier,SKU_D,0
255,Supplier,SKU_E,0
255,W1,SKU_A,0
255,W1,SKU_B,0
255,W1,SKU_C,0
255,W1,SKU_D,0
255,W1,SKU_E,0
255,W2,SKU_A,0
255,W2,SKU_B,0
255,W2,SKU_C,1004
255,W2,SKU_D,0
255,W2,SKU_E,0
255,R1,SKU_A,92
255,R1,SKU_B,0
255,R1,SKU_C,0
255,R1,SKU_D,0
255,R1,SKU_E,0
255,R2,SKU_A,0
255,R2,SKU_B,0
255,R2,SKU_C,170
255,R2,SKU_D,222
255,R2,SKU_E,0
255,R3,SKU_A,844
255,R3,SKU_B,0
255,R3,SKU_C,0
255,R3,SKU_D,382
255,R3,SKU_E,0
256,Supplier,SKU_A,0
256,Supplier,SKU_B,0
256,Supplier,SKU_C,0
256,Supplier,SKU_D,0
256,Supplier,SKU_E,0
256,W1,SKU_A,204
256,W1,SKU_B,0
256,W1,SKU_C,0
256,W1,SKU_D,0
256,W1,SKU_E,0
256,W2,SKU_A,0
256,W2,SKU_B,0
256,W2,SKU_C,0
256,W2,SKU_D,0
256,W2,SKU_E,0
256,R1,SKU_A,130
256,R1,SKU_B,0
256,R1,SKU_C,0
256,R1,SKU_D,90
256,R1,SKU_E,117
256,R2,SKU_A,668
256,R2,SKU_B,0
256,R2,SKU_C,0
256,R2,SKU_D,0
256,R2,SKU_E,0
256,R3,SKU_A,0
256,R3,SKU_B,158
256,R3,SKU_C,0
256,R3,SKU_D,0
256,R3,SKU_E,0
257,Supplier,SKU_A,0
257,Supplier,SKU_B,0
257,Supplier,SKU_C,0
257,Supplier,SKU_D,0
257,Supplier,SKU_E,0
257,W1,SKU_A,0
257,W1,SKU_B,0
257,W1,SKU_C,0
257,W1,SKU_D,0
257,W1,SKU_E,0
257,W2,SKU_A,0
257,W2,SKU_B,0
257,W2,SKU_C,0
257,W2,SKU_D,0
257,W2,SKU_E,0
257,R1,SKU_A,131
257,R1,SKU_B,0
257,R1,SKU_C,0
257,R1,SKU_D,0
257,R1,SKU_E,0
257,R2,SKU_A,0
257,R2,SKU_B,0
257,R2,SKU_C,0
257,R2,SKU_D,0
257,R2,SKU_E,0
257,R3,SKU_A,0
257,R3,SKU_B,0
257,R3,SKU_C,0
257,R3,SKU_D,0
257,R3,SKU_E,0
258,Supplier,SKU_A,0
258,Supplier,SKU_B,0
258,Supplier,SKU_C,0
258,Supplier,SKU_D,0
258,Supplier,SKU_E,0
258,W1,SKU_A,929
258,W1,SKU_B,0
258,W1,SKU_C,0
258,W1,SKU_D,0
258,W1,SKU_E,117
258,W2,SKU_A,0
258,W2,SKU_B,0
258,W2,SKU_C,0
258,W2,SKU_D,382
258,W2,SKU_E,0
258,R1,SKU_A,161
258,R1,SKU_B,260
258,R1,SKU_C,0
258,R1,SKU_D,134
258,R1,SKU_E,0
258,R2,SKU_A,0
258,R2,SKU_B,209
258,R2,SKU_C,0
258,R2,SKU_D,0
258,R2,SKU_E,0
258,R3,SKU_A,0
258,R3,SKU_B,0
258,R3,SKU_C,0
258,R3,SKU_D,0
258,R3,SKU_E,0
259,Supplier,SKU_A,0
259,Supplier,SKU_B,0
259,Supplier,SKU_C,0
259,Supplier,SKU_D,0
259,Supplier,SKU_E,0
259,W1,SKU_A,0
259,W1,SKU_B,1091
259,W1,SKU_C,0
259,W1,SKU_D,0
259,W1,SKU_E,0
259,W2,SKU_A,844
259,W2,SKU_B,0
259,W2,SKU_C,0
259,W2,SKU_D,0
259,W2,SKU_E,0
259,R1,SKU_A,162
259,R1,SKU_B,0
259,R1,SKU_C,0
259,R1,SKU_D,0
259,R1,SKU_E,0
259,R2,SKU_A,0
259,R2,SKU_B,0
259,R2,SKU_C,0
259,R2,SKU_D,0
259,R2,SKU_E,0
259,R3,SKU_A,0
259,R3,SKU_B,0
259,R3,SKU_C,0
259,R3,SKU_D,0
259,R3,SKU_E,0
260,Supplier,SKU_A,0
260,Supplier,SKU_B,0
260,Supplier,SKU_C,0
260,Supplier,SKU_D,0
260,Supplier,SKU_E,0
260,W1,SKU_A,323
260,W1,SKU_B,0
260,W1,SKU_C,0
260,W1,SKU_D,0
260,W1,SKU_E,0
260,W2,SKU_A,0
260,W2,SKU_B,0
260,W2,SKU_C,0
260,W2,SKU_D,0
260,W2,SKU_E,969
260,R1,SKU_A,131
260,R1,SKU_B,0
260,R1,SKU_C,0
260,R1,SKU_D,128
260,R1,SKU_E,143
260,R2,SKU_A,0
260,R2,SKU_B,0
260,R2,SKU_C,192
260,R2,SKU_D,227
260,R2,SKU_E,0
260,R3,SKU_A,766
260,R3,SKU_B,167
260,R3,SKU_C,875
260,R3,SKU_D,406
260,R3,SKU_E,0
261,Supplier,SKU_A,0
261,Supplier,SKU_B,0
261,Supplier,SKU_C,0
261,Supplier,SKU_D,0
261,Supplier,SKU_E,0
261,W1,SKU_A,0
261,W1,SKU_B,0
261,W1,SKU_C,0
261,W1,SKU_D,1036
261,W1,SKU_E,0
261,W2,SKU_A,0
261,W2,SKU_B,0
261,W2,SKU_C,0
261,W2,SKU_D,406
261,W2,SKU_E,0
261,R1,SKU_A,108
261,R1,SKU_B,0
261,R1,SKU_C,0
261,R1,SKU_D,0
261,R1,SKU_E,0
261,R2,SKU_A,0
261,R2,SKU_B,0
261,R2,SKU_C,0
261,R2,SKU_D,0
261,R2,SKU_E,0
261,R3,SKU_A,0
261,R3,SKU_B,0
261,R3,SKU_C,0
261,R3,SKU_D,0
261,R3,SKU_E,0
262,Supplier,SKU_A,0
262,Supplier,SKU_B,0
262,Supplier,SKU_C,0
262,Supplier,SKU_D,0
262,Supplier,SKU_E,0
262,W1,SKU_A,239
262,W1,SKU_B,0
262,W1,SKU_C,0
262,W1,SKU_D,0
262,W1,SKU_E,143
262,W2,SKU_A,0
262,W2,SKU_B,0
262,W2,SKU_C,0
262,W2,SKU_D,0
262,W2,SKU_E,0
262,R1,SKU_A,124
262,R1,SKU_B,0
262,R1,SKU_C,0
262,R1,SKU_D,99
262,R1,SKU_E,0
262,R2,SKU_A,0
262,R2,SKU_B,0
262,R2,SKU_C,0
262,R2,SKU_D,0
262,R2,SKU_E,0
262,R3,SKU_A,0
262,R3,SKU_B,0
262,R3,SKU_C,0
262,R3,SKU_D,0
262,R3,SKU_E,0
263,Supplier,SKU_A,0
263,Supplier,SKU_B,0
263,Supplier,SKU_C,0
263,Supplier,SKU_D,0
263,Supplier,SKU_E,0
263,W1,SKU_A,0
263,W1,SKU_B,0
263,W1,SKU_C,0
263,W1,SKU_D,0
263,W1,SKU_E,0
263,W2,SKU_A,0
263,W2,SKU_B,0
263,W2,SKU_C,0
263,W2,SKU_D,0
263,W2,SKU_E,0
263,R1,SKU_A,112
263,R1,SKU_B,0
263,R1,SKU_C,0
263,R1,SKU_D,0
263,R1,SKU_E,0
263,R2,SKU_A,0
263,R2,SKU_B,0
263,R2,SKU_C,0
263,R2,SKU_D,0
263,R2,SKU_E,0
263,R3,SKU_A,0
263,R3,SKU_B,0
263,R3,SKU_C,0
263,R3,SKU_D,0
263,R3,SKU_E,0
264,Supplier,SKU_A,0
264,Supplier,SKU_B,0
264,Supplier,SKU_C,0
264,Supplier,SKU_D,0
264,Supplier,SKU_E,0
264,W1,SKU_A,236
264,W1,SKU_B,0
264,W1,SKU_C,1289
264,W1,SKU_D,0
264,W1,SKU_E,0
264,W2,SKU_A,0
264,W2,SKU_B,325
264,W2,SKU_C,0
264,W2,SKU_D,0
264,W2,SKU_E,0
264,R1,SKU_A,146
264,R1,SKU_B,227
264,R1,SKU_C,795
264,R1,SKU_D,95
264,R1,SKU_E,148
264,R2,SKU_A,610
264,R2,SKU_B,238
264,R2,SKU_C,0
264,R2,SKU_D,0
264,R2,SKU_E,446
264,R3,SKU_A,0
264,R3,SKU_B,159
264,R3,SKU_C,0
264,R3,SKU_D,0
264,R3,SKU_E,795
265,Supplier,SKU_A,0
265,Supplier,SKU_B,0
265,Supplier,SKU_C,0
265,Supplier,SKU_D,0
265,Supplier,SKU_E,0
265,W1,SKU_A,0
265,W1,SKU_B,0
265,W1,SKU_C,0
265,W1,SKU_D,0
265,W1,SKU_E,0
265,W2,SKU_A,0
265,W2,SKU_B,0
265,W2,SKU_C,875
265,W2,SKU_D,0
265,W2,SKU_E,0
265,R1,SKU_A,128
265,R1,SKU_B,0
265,R1,SKU_C,0
265,R1,SKU_D,0
265,R1,SKU_E,0
265,R2,SKU_A,0
265,R2,SKU_B,0
265,R2,SKU_C,126
265,R2,SKU_D,211
265,R2,SKU_E,0
265,R3,SKU_A,759
265,R3,SKU_B,0
265,R3,SKU_C,0
265,R3,SKU_D,448
265,R3,SKU_E,0
266,Supplier,SKU_A,0
266,Supplier,SKU_B,0
266,Supplier,SKU_C,0
266,Supplier,SKU_D,0
266,Supplier,SKU_E,0
266,W1,SKU_A,884
266,W1,SKU_B,465
266,W1,SKU_C,0
266,W1,SKU_D,0
266,W1,SKU_E,594
266,W2,SKU_A,1525
266,W2,SKU_B,0
266,W2,SKU_C,0
266,W2,SKU_D,0
266,W2,SKU_E,0
266,R1,SKU_A,137
266,R1,SKU_B,0
266,R1,SKU_C,0
266,R1,SKU_D,151
266,R1,SKU_E,0
266,R2,SKU_A,0
266,R2,SKU_B,0
266,R2,SKU_C,0
266,R2,SKU_D,0
266,R2,SKU_E,0
266,R3,SKU_A,0
266,R3,SKU_B,0
266,R3,SKU_C,0
266,R3,SKU_D,0
266,R3,SKU_E,0
267,Supplier,SKU_A,0
267,Supplier,SKU_B,0
267,Supplier,SKU_C,0
267,Supplier,SKU_D,0
267,Supplier,SKU_E,0
267,W1,SKU_A,0
267,W1,SKU_B,0
267,W1,SKU_C,0
267,W1,SKU_D,0
267,W1,SKU_E,0
267,W2,SKU_A,0
267,W2,SKU_B,0
267,W2,SKU_C,0
267,W2,SKU_D,448
267,W2,SKU_E,0
267,R1,SKU_A,151
267,R1,SKU_B,0
267,R1,SKU_C,0
267,R1,SKU_D,0
267,R1,SKU_E,0
267,R2,SKU_A,0
267,R2,SKU_B,0
267,R2,SKU_C,0
267,R2,SKU_D,0
267,R2,SKU_E,0
267,R3,SKU_A,0
267,R3,SKU_B,0
267,R3,SKU_C,0
267,R3,SKU_D,0
267,R3,SKU_E,0
268,Supplier,SKU_A,0
268,Supplier,SKU_B,0
268,Supplier,SKU_C,0
268,Supplier,SKU_D,0
268,Supplier,SKU_E,0
268,W1,SKU_A,288
268,W1,SKU_B,0
268,W1,SKU_C,0
268,W1,SKU_D,0
268,W1,SKU_E,0
268,W2,SKU_A,0
268,W2,SKU_B,0
268,W2,SKU_C,0
268,W2,SKU_D,0
268,W2,SKU_E,0
268,R1,SKU_A,109
268,R1,SKU_B,0
268,R1,SKU_C,0
268,R1,SKU_D,99
268,R1,SKU_E,148
268,R2,SKU_A,0
268,R2,SKU_B,0
268,R2,SKU_C,0
268,R2,SKU_D,0
268,R2,SKU_E,0
268,R3,SKU_A,0
268,R3,SKU_B,159
268,R3,SKU_C,0
268,R3,SKU_D,0
268,R3,SKU_E,0
269,Supplier,SKU_A,0
269,Supplier,SKU_B,0
269,Supplier,SKU_C,0
269,Supplier,SKU_D,0
269,Supplier,SKU_E,0
269,W1,SKU_A,0
269,W1,SKU_B,0
269,W1,SKU_C,0
269,W1,SKU_D,0
269,W1,SKU_E,0
269,W2,SKU_A,0
269,W2,SKU_B,0
269,W2,SKU_C,0
269,W2,SKU_D,0
269,W2,SKU_E,0
269,R1,SKU_A,106
269,R1,SKU_B,0
269,R1,SKU_C,0
269,R1,SKU_D,0
269,R1,SKU_E,0
269,R2,SKU_A,0
269,R2,SKU_B,0
269,R2,SKU_C,0
269,R2,SKU_D,0
269,R2,SKU_E,0
269,R3,SKU_A,0
269,R3,SKU_B,0
269,R3,SKU_C,0
269,R3,SKU_D,0
269,R3,SKU_E,0
270,Supplier,SKU_A,0
270,Supplier,SKU_B,0
270,Supplier,SKU_C,0
270,Supplier,SKU_D,0
270,Supplier,SKU_E,0
270,W1,SKU_A,215
270,W1,SKU_B,0
270,W1,SKU_C,0
270,W1,SKU_D,655
270,W1,SKU_E,148
270,W2,SKU_A,0
270,W2,SKU_B,0
270,W2,SKU_C,0
270,W2,SKU_D,0
270,W2,SKU_E,795
270,R1,SKU_A,110
270,R1,SKU_B,262
270,R1,SKU_C,0
270,R1,SKU_D,75
270,R1,SKU_E,0
270,R2,SKU_A,0
270,R2,SKU_B,234
270,R2,SKU_C,149
270,R2,SKU_D,200
270,R2,SKU_E,0
270,R3,SKU_A,768
270,R3,SKU_B,0
270,R3,SKU_C,849
270,R3,SKU_D,384
270,R3,SKU_E,0
271,Supplier,SKU_A,0
271,Supplier,SKU_B,0
271,Supplier,SKU_C,0
271,Supplier,SKU_D,0
271,Supplier,SKU_E,0
271,W1,SKU_A,0
271,W1,SKU_B,0
271,W1,SKU_C,0
271,W1,SKU_D,0
271,W1,SKU_E,0
271,W2,SKU_A,0
271,W2,SKU_B,0
271,W2,SKU_C,0
271,W2,SKU_D,0
271,W2,SKU_E,0
271,R1,SKU_A,124
271,R1,SKU_B,0
271,R1,SKU_C,0
271,R1,SKU_D,0
271,R1,SKU_E,0
271,R2,SKU_A,0
271,R2,SKU_B,0
271,R2,SKU_C,0
271,R2,SKU_D,0
271,R2,SKU_E,0
271,R3,SKU_A,0
271,R3,SKU_B,0
271,R3,SKU_C,0
271,R3,SKU_D,0
271,R3,SKU_E,0
272,Supplier,SKU_A,0
272,Supplier,SKU_B,0
272,Supplier,SKU_C,0
272,Supplier,SKU_D,0
272,Supplier,SKU_E,0
272,W1,SKU_A,234
272,W1,SKU_B,0
272,W1,SKU_C,0
272,W1,SKU_D,0
272,W1,SKU_E,0
272,W2,SKU_A,0
272,W2,SKU_B,0
272,W2,SKU_C,0
272,W2,SKU_D,0
272,W2,SKU_E,0
272,R1,SKU_A,166
272,R1,SKU_B,0
272,R1,SKU_C,0
272,R1,SKU_D,113
272,R1,SKU_E,123
272,R2,SKU_A,625
272,R2,SKU_B,0
272,R2,SKU_C,0
272,R2,SKU_D,0
272,R2,SKU_E,0
272,R3,SKU_A,0
272,R3,SKU_B,191
272,R3,SKU_C,0
272,R3,SKU_D,0
272,R3,SKU_E,0
273,Supplier,SKU_A,0
273,Supplier,SKU_B,0
273,Supplier,SKU_C,0
273,Supplier,SKU_D,0
273,Supplier,SKU_E,0
273,W1,SKU_A,0
273,W1,SKU_B,496
273,W1,SKU_C,0
273,W1,SKU_D,0
273,W1,SKU_E,0
273,W2,SKU_A,768
273,W2,SKU_B,0
273,W2,SKU_C,0
273,W2,SKU_D,384
273,W2,SKU_E,0
273,R1,SKU_A,164
273,R1,SKU_B,0
273,R1,SKU_C,0
273,R1,SKU_D,0
273,R1,SKU_E,0
273,R2,SKU_A,0
273,R2,SKU_B,0
273,R2,SKU_C,0
273,R2,SKU_D,0
273,R2,SKU_E,0
273,R3,SKU_A,0
273,R3,SKU_B,0
273,R3,SKU_C,0
273,R3,SKU_D,0
273,R3,SKU_E,0
274,Supplier,SKU_A,0
274,Supplier,SKU_B,0
274,Supplier,SKU_C,0
274,Supplier,SKU_D,0
274,Supplier,SKU_E,0
274,W1,SKU_A,955
274,W1,SKU_B,0
274,W1,SKU_C,0
274,W1,SKU_D,0
274,W1,SKU_E,123
274,W2,SKU_A,0
274,W2,SKU_B,0
274,W2,SKU_C,0
274,W2,SKU_D,0
274,W2,SKU_E,0
274,R1,SKU_A,120
274,R1,SKU_B,0
274,R1,SKU_C,0
274,R1,SKU_D,123
274,R1,SKU_E,0
274,R2,SKU_A,0
274,R2,SKU_B,0
274,R2,SKU_C,0
274,R2,SKU_D,0
274,R2,SKU_E,0
274,R3,SKU_A,0
274,R3,SKU_B,0
274,R3,SKU_C,0
274,R3,SKU_D,0
274,R3,SKU_E,0
275,Supplier,SKU_A,0
275,Supplier,SKU_B,0
275,Supplier,SKU_C,0
275,Supplier,SKU_D,0
275,Supplier,SKU_E,0
275,W1,SKU_A,0
275,W1,SKU_B,0
275,W1,SKU_C,1070
275,W1,SKU_D,0
275,W1,SKU_E,0
275,W2,SKU_A,0
275,W2,SKU_B,509
275,W2,SKU_C,849
275,W2,SKU_D,0
275,W2,SKU_E,0
275,R1,SKU_A,110
275,R1,SKU_B,0
275,R1,SKU_C,878
275,R1,SKU_D,0
275,R1,SKU_E,0
275,R2,SKU_A,0
275,R2,SKU_B,0
275,R2,SKU_C,181
275,R2,SKU_D,209
275,R2,SKU_E,397
275,R3,SKU_A,772
275,R3,SKU_B,0
275,R3,SKU_C,0
275,R3,SKU_D,365
275,R3,SKU_E,0
276,Supplier,SKU_A,0
276,Supplier,SKU_B,0
276,Supplier,SKU_C,0
276,Supplier,SKU_D,0
276,Supplier,SKU_E,0
276,W1,SKU_A,230
276,W1,SKU_B,0
276,W1,SKU_C,0
276,W1,SKU_D,0
276,W1,SKU_E,397
276,W2,SKU_A,0
276,W2,SKU_B,0
276,W2,SKU_C,0
276,W2,SKU_D,365
276,W2,SKU_E,0
276,R1,SKU_A,91
276,R1,SKU_B,288
276,R1,SKU_C,0
276,R1,SKU_D,80
276,R1,SKU_E,134
276,R2,SKU_A,0
276,R2,SKU_B,233
276,R2,SKU_C,0
276,R2,SKU_D,0
276,R2,SKU_E,0
276,R3,SKU_A,0
276,R3,SKU_B,142
276,R3,SKU_C,0
276,R3,SKU_D,0
276,R3,SKU_E,725
277,Supplier,SKU_A,0
277,Supplier,SKU_B,0
277,Supplier,SKU_C,0
277,Supplier,SKU_D,0
277,Supplier,SKU_E,0
277,W1,SKU_A,0
277,W1,SKU_B,0
277,W1,SKU_C,0
277,W1,SKU_D,0
277,W1,SKU_E,0
277,W2,SKU_A,0
277,W2,SKU_B,0
277,W2,SKU_C,0
277,W2,SKU_D,0
277,W2,SKU_E,0
277,R1,SKU_A,91
277,R1,SKU_B,0
277,R1,SKU_C,0
277,R1,SKU_D,0
277,R1,SKU_E,0
277,R2,SKU_A,0
277,R2,SKU_B,0
277,R2,SKU_C,0
277,R2,SKU_D,0
277,R2,SKU_E,0
277,R3,SKU_A,0
277,R3,SKU_B,0
277,R3,SKU_C,0
277,R3,SKU_D,0
277,R3,SKU_E,0
278,Supplier,SKU_A,0
278,Supplier,SKU_B,0
278,Supplier,SKU_C,0
278,Supplier,SKU_D,0
278,Supplier,SKU_E,0
278,W1,SKU_A,182
278,W1,SKU_B,0
278,W1,SKU_C,0
278,W1,SKU_D,0
278,W1,SKU_E,134
278,W2,SKU_A,0
278,W2,SKU_B,0
278,W2,SKU_C,0
278,W2,SKU_D,0
278,W2,SKU_E,0
278,R1,SKU_A,101
278,R1,SKU_B,0
278,R1,SKU_C,0
278,R1,SKU_D,94
278,R1,SKU_E,0
278,R2,SKU_A,0
278,R2,SKU_B,0
278,R2,SKU_C,0
278,R2,SKU_D,0
278,R2,SKU_E,0
278,R3,SKU_A,0
278,R3,SKU_B,0
278,R3,SKU_C,0
278,R3,SKU_D,0
278,R3,SKU_E,0
279,Supplier,SKU_A,0
279,Supplier,SKU_B,0
279,Supplier,SKU_C,0
279,Supplier,SKU_D,0
279,Supplier,SKU_E,0
279,W1,SKU_A,0
279,W1,SKU_B,0
279,W1,SKU_C,0
279,W1,SKU_D,894
279,W1,SKU_E,0
279,W2,SKU_A,0
279,W2,SKU_B,0
279,W2,SKU_C,0
279,W2,SKU_D,0
279,W2,SKU_E,0
279,R1,SKU_A,154
279,R1,SKU_B,0
279,R1,SKU_C,0
279,R1,SKU_D,0
279,R1,SKU_E,0
279,R2,SKU_A,0
279,R2,SKU_B,0
279,R2,SKU_C,0
279,R2,SKU_D,0
279,R2,SKU_E,0
279,R3,SKU_A,0
279,R3,SKU_B,0
279,R3,SKU_C,0
279,R3,SKU_D,0
279,R3,SKU_E,0
280,Supplier,SKU_A,0
280,Supplier,SKU_B,0
280,Supplier,SKU_C,0
280,Supplier,SKU_D,0
280,Supplier,SKU_E,0
280,W1,SKU_A,255
280,W1,SKU_B,521
280,W1,SKU_C,0
280,W1,SKU_D,0
280,W1,SKU_E,0
280,W2,SKU_A,772
280,W2,SKU_B,0
280,W2,SKU_C,0
280,W2,SKU_D,0
280,W2,SKU_E,725
280,R1,SKU_A,146
280,R1,SKU_B,0
280,R1,SKU_C,0
280,R1,SKU_D,168
280,R1,SKU_E,182
280,R2,SKU_A,692
280,R2,SKU_B,0
280,R2,SKU_C,184
280,R2,SKU_D,233
280,R2,SKU_E,0
280,R3,SKU_A,803
280,R3,SKU_B,235
280,R3,SKU_C,877
280,R3,SKU_D,469
280,R3,SKU_E,0
281,Supplier,SKU_A,0
281,Supplier,SKU_B,0
281,Supplier,SKU_C,0
281,Supplier,SKU_D,0
281,Supplier,SKU_E,0
281,W1,SKU_A,0
281,W1,SKU_B,0
281,W1,SKU_C,0
281,W1,SKU_D,0
281,W1,SKU_E,0
281,W2,SKU_A,0
281,W2,SKU_B,0
281,W2,SKU_C,0
281,W2,SKU_D,0
281,W2,SKU_E,0
281,R1,SKU_A,110
281,R1,SKU_B,0
281,R1,SKU_C,0
281,R1,SKU_D,0
281,R1,SKU_E,0
281,R2,SKU_A,0
281,R2,SKU_B,0
281,R2,SKU_C,0
281,R2,SKU_D,0
281,R2,SKU_E,0
281,R3,SKU_A,0
281,R3,SKU_B,0
281,R3,SKU_C,0
281,R3,SKU_D,0
281,R3,SKU_E,0
282,Supplier,SKU_A,0
282,Supplier,SKU_B,0
282,Supplier,SKU_C,0
282,Supplier,SKU_D,0
282,Supplier,SKU_E,0
282,W1,SKU_A,948
282,W1,SKU_B,0
282,W1,SKU_C,0
282,W1,SKU_D,0
282,W1,SKU_E,182
282,W2,SKU_A,0
282,W2,SKU_B,0
282,W2,SKU_C,0
282,W2,SKU_D,469
282,W2,SKU_E,0
282,R1,SKU_A,89
282,R1,SKU_B,326
282,R1,SKU_C,0
282,R1,SKU_D,91
282,R1,SKU_E,0
282,R2,SKU_A,0
282,R2,SKU_B,297
282,R2,SKU_C,0
282,R2,SKU_D,0
282,R2,SKU_E,0
282,R3,SKU_A,0
282,R3,SKU_B,0
282,R3,SKU_C,0
282,R3,SKU_D,0
282,R3,SKU_E,0
283,Supplier,SKU_A,0
283,Supplier,SKU_B,0
283,Supplier,SKU_C,0
283,Supplier,SKU_D,0
283,Supplier,SKU_E,0
283,W1,SKU_A,0
283,W1,SKU_B,0
283,W1,SKU_C,0
283,W1,SKU_D,0
283,W1,SKU_E,0
283,W2,SKU_A,0
283,W2,SKU_B,0
283,W2,SKU_C,0
283,W2,SKU_D,0
283,W2,SKU_E,0
283,R1,SKU_A,122
283,R1,SKU_B,0
283,R1,SKU_C,0
283,R1,SKU_D,0
283,R1,SKU_E,0
283,R2,SKU_A,0
283,R2,SKU_B,0
283,R2,SKU_C,0
283,R2,SKU_D,0
283,R2,SKU_E,0
283,R3,SKU_A,0
283,R3,SKU_B,0
283,R3,SKU_C,0
283,R3,SKU_D,0
283,R3,SKU_E,0
284,Supplier,SKU_A,0
284,Supplier,SKU_B,0
284,Supplier,SKU_C,0
284,Supplier,SKU_D,0
284,Supplier,SKU_E,0
284,W1,SKU_A,211
284,W1,SKU_B,0
284,W1,SKU_C,0
284,W1,SKU_D,0
284,W1,SKU_E,0
284,W2,SKU_A,0
284,W2,SKU_B,0
284,W2,SKU_C,0
284,W2,SKU_D,0
284,W2,SKU_E,0
284,R1,SKU_A,106
284,R1,SKU_B,0
284,R1,SKU_C,0
284,R1,SKU_D,112
284,R1,SKU_E,137
284,R2,SKU_A,0
284,R2,SKU_B,0
284,R2,SKU_C,0
284,R2,SKU_D,0
284,R2,SKU_E,0
284,R3,SKU_A,0
284,R3,SKU_B,169
284,R3,SKU_C,0
284,R3,SKU_D,0
284,R3,SKU_E,0
285,Supplier,SKU_A,0
285,Supplier,SKU_B,0
285,Supplier,SKU_C,0
285,Supplier,SKU_D,0
285,Supplier,SKU_E,0
285,W1,SKU_A,0
285,W1,SKU_B,0
285,W1,SKU_C,0
285,W1,SKU_D,0
285,W1,SKU_E,0
285,W2,SKU_A,0
285,W2,SKU_B,0
285,W2,SKU_C,877
285,W2,SKU_D,0
285,W2,SKU_E,0
285,R1,SKU_A,104
285,R1,SKU_B,0
285,R1,SKU_C,0
285,R1,SKU_D,0
285,R1,SKU_E,0
285,R2,SKU_A,0
285,R2,SKU_B,0
285,R2,SKU_C,169
285,R2,SKU_D,237
285,R2,SKU_E,0
285,R3,SKU_A,816
285,R3,SKU_B,0
285,R3,SKU_C,0
285,R3,SKU_D,446
285,R3,SKU_E,0
286,Supplier,SKU_A,0
286,Supplier,SKU_B,0
286,Supplier,SKU_C,0
286,Supplier,SKU_D,0
286,Supplier,SKU_E,0
286,W1,SKU_A,210
286,W1,SKU_B,0
286,W1,SKU_C,1412
286,W1,SKU_D,0
286,W1,SKU_E,137
286,W2,SKU_A,0
286,W2,SKU_B,546
286,W2,SKU_C,0
286,W2,SKU_D,0
286,W2,SKU_E,0
286,R1,SKU_A,173
286,R1,SKU_B,0
286,R1,SKU_C,884
286,R1,SKU_D,135
286,R1,SKU_E,0
286,R2,SKU_A,0
286,R2,SKU_B,0
286,R2,SKU_C,0
286,R2,SKU_D,0
286,R2,SKU_E,490
286,R3,SKU_A,0
286,R3,SKU_B,0
286,R3,SKU_C,0
286,R3,SKU_D,0
286,R3,SKU_E,0
287,Supplier,SKU_A,0
287,Supplier,SKU_B,0
287,Supplier,SKU_C,0
287,Supplier,SKU_D,0
287,Supplier,SKU_E,0
287,W1,SKU_A,0
287,W1,SKU_B,623
287,W1,SKU_C,0
287,W1,SKU_D,0
287,W1,SKU_E,0
287,W2,SKU_A,1619
287,W2,SKU_B,0
287,W2,SKU_C,0
287,W2,SKU_D,0
287,W2,SKU_E,0
287,R1,SKU_A,145
287,R1,SKU_B,0
287,R1,SKU_C,0
287,R1,SKU_D,0
287,R1,SKU_E,0
287,R2,SKU_A,0
287,R2,SKU_B,0
287,R2,SKU_C,0
287,R2,SKU_D,0
287,R2,SKU_E,0
287,R3,SKU_A,0
287,R3,SKU_B,0
287,R3,SKU_C,0
287,R3,SKU_D,0
287,R3,SKU_E,0
288,Supplier,SKU_A,0
288,Supplier,SKU_B,0
288,Supplier,SKU_C,0
288,Supplier,SKU_D,0
288,Supplier,SKU_E,0
288,W1,SKU_A,318
288,W1,SKU_B,0
288,W1,SKU_C,0
288,W1,SKU_D,976
288,W1,SKU_E,490
288,W2,SKU_A,0
288,W2,SKU_B,0
288,W2,SKU_C,0
288,W2,SKU_D,446
288,W2,SKU_E,0
288,R1,SKU_A,104
288,R1,SKU_B,344
288,R1,SKU_C,0
288,R1,SKU_D,107
288,R1,SKU_E,182
288,R2,SKU_A,739
288,R2,SKU_B,347
288,R2,SKU_C,0
288,R2,SKU_D,0
288,R2,SKU_E,0
288,R3,SKU_A,0
288,R3,SKU_B,182
288,R3,SKU_C,0
288,R3,SKU_D,0
288,R3,SKU_E,813
289,Supplier,SKU_A,0
289,Supplier,SKU_B,0
289,Supplier,SKU_C,0
289,Supplier,SKU_D,0
289,Supplier,SKU_E,0
289,W1,SKU_A,0
289,W1,SKU_B,0
289,W1,SKU_C,0
289,W1,SKU_D,0
289,W1,SKU_E,0
289,W2,SKU_A,0
289,W2,SKU_B,0
289,W2,SKU_C,0
289,W2,SKU_D,0
289,W2,SKU_E,0
289,R1,SKU_A,98
289,R1,SKU_B,0
289,R1,SKU_C,0
289,R1,SKU_D,0
289,R1,SKU_E,0
289,R2,SKU_A,0
289,R2,SKU_B,0
289,R2,SKU_C,0
289,R2,SKU_D,0
289,R2,SKU_E,0
289,R3,SKU_A,0
289,R3,SKU_B,0
289,R3,SKU_C,0
289,R3,SKU_D,0
289,R3,SKU_E,0
290,Supplier,SKU_A,0
290,Supplier,SKU_B,0
290,Supplier,SKU_C,0
290,Supplier,SKU_D,0
290,Supplier,SKU_E,0
290,W1,SKU_A,941
290,W1,SKU_B,0
290,W1,SKU_C,0
290,W1,SKU_D,0
290,W1,SKU_E,182
290,W2,SKU_A,0
290,W2,SKU_B,0
290,W2,SKU_C,0
290,W2,SKU_D,0
290,W2,SKU_E,813
290,R1,SKU_A,120
290,R1,SKU_B,0
290,R1,SKU_C,0
290,R1,SKU_D,92
290,R1,SKU_E,0
290,R2,SKU_A,0
290,R2,SKU_B,0
290,R2,SKU_C,225
290,R2,SKU_D,241
290,R2,SKU_E,0
290,R3,SKU_A,940
290,R3,SKU_B,0
290,R3,SKU_C,1048
290,R3,SKU_D,538
290,R3,SKU_E,0
291,Supplier,SKU_A,0
291,Supplier,SKU_B,0
291,Supplier,SKU_C,0
291,Supplier,SKU_D,0
291,Supplier,SKU_E,0
291,W1,SKU_A,0
291,W1,SKU_B,0
291,W1,SKU_C,0
291,W1,SKU_D,0
291,W1,SKU_E,0
291,W2,SKU_A,0
291,W2,SKU_B,0
291,W2,SKU_C,0
291,W2,SKU_D,538
291,W2,SKU_E,0
291,R1,SKU_A,161
291,R1,SKU_B,0
291,R1,SKU_C,0
291,R1,SKU_D,0
291,R1,SKU_E,0
291,R2,SKU_A,0
291,R2,SKU_B,0
291,R2,SKU_C,0
291,R2,SKU_D,0
291,R2,SKU_E,0
291,R3,SKU_A,0
291,R3,SKU_B,0
291,R3,SKU_C,0
291,R3,SKU_D,0
291,R3,SKU_E,0
292,Supplier,SKU_A,0
292,Supplier,SKU_B,0
292,Supplier,SKU_C,0
292,Supplier,SKU_D,0
292,Supplier,SKU_E,0
292,W1,SKU_A,281
292,W1,SKU_B,0
292,W1,SKU_C,0
292,W1,SKU_D,0
292,W1,SKU_E,0
292,W2,SKU_A,0
292,W2,SKU_B,0
292,W2,SKU_C,0
292,W2,SKU_D,0
292,W2,SKU_E,0
292,R1,SKU_A,159
292,R1,SKU_B,0
292,R1,SKU_C,0
292,R1,SKU_D,121
292,R1,SKU_E,183
292,R2,SKU_A,0
292,R2,SKU_B,0
292,R2,SKU_C,0
292,R2,SKU_D,0
292,R2,SKU_E,0
292,R3,SKU_A,0
292,R3,SKU_B,269
292,R3,SKU_C,0
292,R3,SKU_D,0
292,R3,SKU_E,0
293,Supplier,SKU_A,0
293,Supplier,SKU_B,0
293,Supplier,SKU_C,0
293,Supplier,SKU_D,0
293,Supplier,SKU_E,0
293,W1,SKU_A,0
293,W1,SKU_B,0
293,W1,SKU_C,0
293,W1,SKU_D,0
293,W1,SKU_E,0
293,W2,SKU_A,0
293,W2,SKU_B,0
293,W2,SKU_C,0
293,W2,SKU_D,0
293,W2,SKU_E,0
293,R1,SKU_A,206
293,R1,SKU_B,0
293,R1,SKU_C,0
293,R1,SKU_D,0
293,R1,SKU_E,0
293,R2,SKU_A,0
293,R2,SKU_B,0
293,R2,SKU_C,0
293,R2,SKU_D,0
293,R2,SKU_E,0
293,R3,SKU_A,0
293,R3,SKU_B,0
293,R3,SKU_C,0
293,R3,SKU_D,0
293,R3,SKU_E,0
294,Supplier,SKU_A,0
294,Supplier,SKU_B,0
294,Supplier,SKU_C,0
294,Supplier,SKU_D,0
294,Supplier,SKU_E,0
294,W1,SKU_A,365
294,W1,SKU_B,691
294,W1,SKU_C,0
294,W1,SKU_D,0
294,W1,SKU_E,183
294,W2,SKU_A,940
294,W2,SKU_B,0
294,W2,SKU_C,0
294,W2,SKU_D,0
294,W2,SKU_E,0
294,R1,SKU_A,191
294,R1,SKU_B,362
294,R1,SKU_C,0
294,R1,SKU_D,154
294,R1,SKU_E,0
294,R2,SKU_A,0
294,R2,SKU_B,324
294,R2,SKU_C,0
294,R2,SKU_D,0
294,R2,SKU_E,0
294,R3,SKU_A,0
294,R3,SKU_B,0
294,R3,SKU_C,0
294,R3,SKU_D,0
294,R3,SKU_E,0
295,Supplier,SKU_A,0
295,Supplier,SKU_B,0
295,Supplier,SKU_C,0
295,Supplier,SKU_D,0
295,Supplier,SKU_E,0
295,W1,SKU_A,0
295,W1,SKU_B,0
295,W1,SKU_C,0
295,W1,SKU_D,0
295,W1,SKU_E,0
295,W2,SKU_A,0
295,W2,SKU_B,0
295,W2,SKU_C,1048
295,W2,SKU_D,0
295,W2,SKU_E,0
295,R1,SKU_A,151
295,R1,SKU_B,0
295,R1,SKU_C,0
295,R1,SKU_D,0
295,R1,SKU_E,0
295,R2,SKU_A,0
295,R2,SKU_B,0
295,R2,SKU_C,258
295,R2,SKU_D,286
295,R2,SKU_E,0
295,R3,SKU_A,1219
295,R3,SKU_B,0
295,R3,SKU_C,0
295,R3,SKU_D,614
295,R3,SKU_E,0
296,Supplier,SKU_A,0
296,Supplier,SKU_B,0
296,Supplier,SKU_C,0
296,Supplier,SKU_D,0
296,Supplier,SKU_E,0
296,W1,SKU_A,342
296,W1,SKU_B,0
296,W1,SKU_C,0
296,W1,SKU_D,0
296,W1,SKU_E,0
296,W2,SKU_A,0
296,W2,SKU_B,0
296,W2,SKU_C,0
296,W2,SKU_D,0
296,W2,SKU_E,0
296,R1,SKU_A,117
296,R1,SKU_B,0
296,R1,SKU_C,0
296,R1,SKU_D,126
296,R1,SKU_E,200
296,R2,SKU_A,843
296,R2,SKU_B,0
296,R2,SKU_C,0
296,R2,SKU_D,0
296,R2,SKU_E,0
296,R3,SKU_A,0
296,R3,SKU_B,260
296,R3,SKU_C,0
296,R3,SKU_D,0
296,R3,SKU_E,0
297,Supplier,SKU_A,0
297,Supplier,SKU_B,0
297,Supplier,SKU_C,0
297,Supplier,SKU_D,0
297,Supplier,SKU_E,0
297,W1,SKU_A,0
297,W1,SKU_B,0
297,W1,SKU_C,1367
297,W1,SKU_D,1127
297,W1,SKU_E,0
297,W2,SKU_A,0
297,W2,SKU_B,711
297,W2,SKU_C,0
297,W2,SKU_D,614
297,W2,SKU_E,0
297,R1,SKU_A,126
297,R1,SKU_B,0
297,R1,SKU_C,1156
297,R1,SKU_D,0
297,R1,SKU_E,0
297,R2,SKU_A,0
297,R2,SKU_B,0
297,R2,SKU_C,0
297,R2,SKU_D,0
297,R2,SKU_E,622
297,R3,SKU_A,0
297,R3,SKU_B,0
297,R3,SKU_C,0
297,R3,SKU_D,0
297,R3,SKU_E,0
298,Supplier,SKU_A,0
298,Supplier,SKU_B,0
298,Supplier,SKU_C,0
298,Supplier,SKU_D,0
298,Supplier,SKU_E,0
298,W1,SKU_A,1086
298,W1,SKU_B,0
298,W1,SKU_C,0
298,W1,SKU_D,0
298,W1,SKU_E,822
298,W2,SKU_A,0
298,W2,SKU_B,0
298,W2,SKU_C,0
298,W2,SKU_D,0
298,W2,SKU_E,0
298,R1,SKU_A,120
298,R1,SKU_B,0
298,R1,SKU_C,0
298,R1,SKU_D,97
298,R1,SKU_E,0
298,R2,SKU_A,0
298,R2,SKU_B,0
298,R2,SKU_C,0
298,R2,SKU_D,0
298,R2,SKU_E,0
298,R3,SKU_A,0
298,R3,SKU_B,0
298,R3,SKU_C,0
298,R3,SKU_D,0
298,R3,SKU_E,0
299,Supplier,SKU_A,0
299,Supplier,SKU_B,0
299,Supplier,SKU_C,0
299,Supplier,SKU_D,0
299,Supplier,SKU_E,0
299,W1,SKU_A,0
299,W1,SKU_B,0
299,W1,SKU_C,0
299,W1,SKU_D,0
299,W1,SKU_E,0
299,W2,SKU_A,0
299,W2,SKU_B,0
299,W2,SKU_C,0
299,W2,SKU_D,0
299,W2,SKU_E,0
299,R1,SKU_A,128
299,R1,SKU_B,0
299,R1,SKU_C,0
299,R1,SKU_D,0
299,R1,SKU_E,0
299,R2,SKU_A,0
299,R2,SKU_B,0
299,R2,SKU_C,0
299,R2,SKU_D,0
299,R2,SKU_E,0
299,R3,SKU_A,0
299,R3,SKU_B,0
299,R3,SKU_C,0
299,R3,SKU_D,0
299,R3,SKU_E,0
300,Supplier,SKU_A,0
300,Supplier,SKU_B,0
300,Supplier,SKU_C,0
300,Supplier,SKU_D,0
300,Supplier,SKU_E,0
300,W1,SKU_A,248
300,W1,SKU_B,0
300,W1,SKU_C,0
300,W1,SKU_D,0
300,W1,SKU_E,0
300,W2,SKU_A,0
300,W2,SKU_B,0
300,W2,SKU_C,0
300,W2,SKU_D,0
300,W2,SKU_E,0
300,R1,SKU_A,159
300,R1,SKU_B,358
300,R1,SKU_C,0
300,R1,SKU_D,139
300,R1,SKU_E,193
300,R2,SKU_A,0
300,R2,SKU_B,301
300,R2,SKU_C,218
300,R2,SKU_D,247
300,R2,SKU_E,0
300,R3,SKU_A,909
300,R3,SKU_B,289
300,R3,SKU_C,1445
300,R3,SKU_D,576
300,R3,SKU_E,1155
301,Supplier,SKU_A,0
301,Supplier,SKU_B,0
301,Supplier,SKU_C,0
301,Supplier,SKU_D,0
301,Supplier,SKU_E,0
301,W1,SKU_A,0
301,W1,SKU_B,1345
301,W1,SKU_C,0
301,W1,SKU_D,0
301,W1,SKU_E,0
301,W2,SKU_A,2128
301,W2,SKU_B,0
301,W2,SKU_C,0
301,W2,SKU_D,0
301,W2,SKU_E,0
301,R1,SKU_A,183
301,R1,SKU_B,0
301,R1,SKU_C,0
301,R1,SKU_D,0
301,R1,SKU_E,0
301,R2,SKU_A,0
301,R2,SKU_B,0
301,R2,SKU_C,0
301,R2,SKU_D,0
301,R2,SKU_E,0
301,R3,SKU_A,0
301,R3,SKU_B,0
301,R3,SKU_C,0
301,R3,SKU_D,0
301,R3,SKU_E,0
302,Supplier,SKU_A,0
302,Supplier,SKU_B,0
302,Supplier,SKU_C,0
302,Supplier,SKU_D,0
302,Supplier,SKU_E,0
302,W1,SKU_A,342
302,W1,SKU_B,0
302,W1,SKU_C,0
302,W1,SKU_D,0
302,W1,SKU_E,193
302,W2,SKU_A,0
302,W2,SKU_B,0
302,W2,SKU_C,0
302,W2,SKU_D,0
302,W2,SKU_E,0
302,R1,SKU_A,102
302,R1,SKU_B,0
302,R1,SKU_C,0
302,R1,SKU_D,131
302,R1,SKU_E,0
302,R2,SKU_A,0
302,R2,SKU_B,0
302,R2,SKU_C,0
302,R2,SKU_D,0
302,R2,SKU_E,0
302,R3,SKU_A,0
302,R3,SKU_B,0
302,R3,SKU_C,0
302,R3,SKU_D,0
302,R3,SKU_E,0
303,Supplier,SKU_A,0
303,Supplier,SKU_B,0
303,Supplier,SKU_C,0
303,Supplier,SKU_D,0
303,Supplier,SKU_E,0
303,W1,SKU_A,0
303,W1,SKU_B,0
303,W1,SKU_C,0
303,W1,SKU_D,0
303,W1,SKU_E,0
303,W2,SKU_A,0
303,W2,SKU_B,0
303,W2,SKU_C,0
303,W2,SKU_D,576
303,W2,SKU_E,0
303,R1,SKU_A,117
303,R1,SKU_B,0
303,R1,SKU_C,0
303,R1,SKU_D,0
303,R1,SKU_E,0
303,R2,SKU_A,0
303,R2,SKU_B,0
303,R2,SKU_C,0
303,R2,SKU_D,0
303,R2,SKU_E,0
303,R3,SKU_A,0
303,R3,SKU_B,0
303,R3,SKU_C,0
303,R3,SKU_D,0
303,R3,SKU_E,0
304,Supplier,SKU_A,0
304,Supplier,SKU_B,0
304,Supplier,SKU_C,0
304,Supplier,SKU_D,0
304,Supplier,SKU_E,0
304,W1,SKU_A,219
304,W1,SKU_B,0
304,W1,SKU_C,0
304,W1,SKU_D,0
304,W1,SKU_E,0
304,W2,SKU_A,0
304,W2,SKU_B,0
304,W2,SKU_C,0
304,W2,SKU_D,0
304,W2,SKU_E,0
304,R1,SKU_A,109
304,R1,SKU_B,0
304,R1,SKU_C,0
304,R1,SKU_D,92
304,R1,SKU_E,162
304,R2,SKU_A,653
304,R2,SKU_B,0
304,R2,SKU_C,0
304,R2,SKU_D,0
304,R2,SKU_E,0
304,R3,SKU_A,0
304,R3,SKU_B,212
304,R3,SKU_C,0
304,R3,SKU_D,0
304,R3,SKU_E,0
305,Supplier,SKU_A,0
305,Supplier,SKU_B,0
305,Supplier,SKU_C,0
305,Supplier,SKU_D,0
305,Supplier,SKU_E,0
305,W1,SKU_A,0
305,W1,SKU_B,0
305,W1,SKU_C,0
305,W1,SKU_D,0
305,W1,SKU_E,0
305,W2,SKU_A,0
305,W2,SKU_B,0
305,W2,SKU_C,1445
305,W2,SKU_D,0
305,W2,SKU_E,0
305,R1,SKU_A,138
305,R1,SKU_B,0
305,R1,SKU_C,0
305,R1,SKU_D,0
305,R1,SKU_E,0
305,R2,SKU_A,0
305,R2,SKU_B,0
305,R2,SKU_C,226
305,R2,SKU_D,246
305,R2,SKU_E,0
305,R3,SKU_A,908
305,R3,SKU_B,0
305,R3,SKU_C,0
305,R3,SKU_D,446
305,R3,SKU_E,0
306,Supplier,SKU_A,0
306,Supplier,SKU_B,0
306,Supplier,SKU_C,0
306,Supplier,SKU_D,0
306,Supplier,SKU_E,0
306,W1,SKU_A,900
306,W1,SKU_B,0
306,W1,SKU_C,0
306,W1,SKU_D,952
306,W1,SKU_E,162
306,W2,SKU_A,0
306,W2,SKU_B,0
306,W2,SKU_C,0
306,W2,SKU_D,446
306,W2,SKU_E,0
306,R1,SKU_A,134
306,R1,SKU_B,327
306,R1,SKU_C,0
306,R1,SKU_D,122
306,R1,SKU_E,0
306,R2,SKU_A,0
306,R2,SKU_B,321
306,R2,SKU_C,0
306,R2,SKU_D,0
306,R2,SKU_E,0
306,R3,SKU_A,0
306,R3,SKU_B,0
306,R3,SKU_C,0
306,R3,SKU_D,0
306,R3,SKU_E,0
307,Supplier,SKU_A,0
307,Supplier,SKU_B,0
307,Supplier,SKU_C,0
307,Supplier,SKU_D,0
307,Supplier,SKU_E,0
307,W1,SKU_A,0
307,W1,SKU_B,0
307,W1,SKU_C,0
307,W1,SKU_D,0
307,W1,SKU_E,0
307,W2,SKU_A,0
307,W2,SKU_B,0
307,W2,SKU_C,0
307,W2,SKU_D,0
307,W2,SKU_E,0
307,R1,SKU_A,169
307,R1,SKU_B,0
307,R1,SKU_C,0
307,R1,SKU_D,0
307,R1,SKU_E,0
307,R2,SKU_A,0
307,R2,SKU_B,0
307,R2,SKU_C,0
307,R2,SKU_D,0
307,R2,SKU_E,0
307,R3,SKU_A,0
307,R3,SKU_B,0
307,R3,SKU_C,0
307,R3,SKU_D,0
307,R3,SKU_E,0
308,Supplier,SKU_A,0
308,Supplier,SKU_B,0
308,Supplier,SKU_C,0
308,Supplier,SKU_D,0
308,Supplier,SKU_E,0
308,W1,SKU_A,303
308,W1,SKU_B,648
308,W1,SKU_C,1600
308,W1,SKU_D,0
308,W1,SKU_E,0
308,W2,SKU_A,908
308,W2,SKU_B,501
308,W2,SKU_C,0
308,W2,SKU_D,0
308,W2,SKU_E,0
308,R1,SKU_A,166
308,R1,SKU_B,0
308,R1,SKU_C,1158
308,R1,SKU_D,170
308,R1,SKU_E,215
308,R2,SKU_A,0
308,R2,SKU_B,0
308,R2,SKU_C,0
308,R2,SKU_D,0
308,R2,SKU_E,579
308,R3,SKU_A,0
308,R3,SKU_B,288
308,R3,SKU_C,0
308,R3,SKU_D,0
308,R3,SKU_E,0
309,Supplier,SKU_A,0
309,Supplier,SKU_B,0
309,Supplier,SKU_C,0
309,Supplier,SKU_D,0
309,Supplier,SKU_E,0
309,W1,SKU_A,0
309,W1,SKU_B,0
309,W1,SKU_C,0
309,W1,SKU_D,0
309,W1,SKU_E,0
309,W2,SKU_A,0
309,W2,SKU_B,0
309,W2,SKU_C,0
309,W2,SKU_D,0
309,W2,SKU_E,0
309,R1,SKU_A,107
309,R1,SKU_B,0
309,R1,SKU_C,0
309,R1,SKU_D,0
309,R1,SKU_E,0
309,R2,SKU_A,0
309,R2,SKU_B,0
309,R2,SKU_C,0
309,R2,SKU_D,0
309,R2,SKU_E,0
309,R3,SKU_A,0
309,R3,SKU_B,0
309,R3,SKU_C,0
309,R3,SKU_D,0
309,R3,SKU_E,0
310,Supplier,SKU_A,0
310,Supplier,SKU_B,0
310,Supplier,SKU_C,0
310,Supplier,SKU_D,0
310,Supplier,SKU_E,0
310,W1,SKU_A,273
310,W1,SKU_B,0
310,W1,SKU_C,0
310,W1,SKU_D,0
310,W1,SKU_E,794
310,W2,SKU_A,0
310,W2,SKU_B,0
310,W2,SKU_C,0
310,W2,SKU_D,0
310,W2,SKU_E,1155
310,R1,SKU_A,110
310,R1,SKU_B,0
310,R1,SKU_C,0
310,R1,SKU_D,83
310,R1,SKU_E,0
310,R2,SKU_A,0
310,R2,SKU_B,0
310,R2,SKU_C,231
310,R2,SKU_D,276
310,R2,SKU_E,0
310,R3,SKU_A,982
310,R3,SKU_B,0
310,R3,SKU_C,1071
310,R3,SKU_D,516
310,R3,SKU_E,0
311,Supplier,SKU_A,0
311,Supplier,SKU_B,0
311,Supplier,SKU_C,0
311,Supplier,SKU_D,0
311,Supplier,SKU_E,0
311,W1,SKU_A,0
311,W1,SKU_B,0
311,W1,SKU_C,0
311,W1,SKU_D,0
311,W1,SKU_E,0
311,W2,SKU_A,0
311,W2,SKU_B,0
311,W2,SKU_C,0
311,W2,SKU_D,0
311,W2,SKU_E,0
311,R1,SKU_A,131
311,R1,SKU_B,0
311,R1,SKU_C,0
311,R1,SKU_D,0
311,R1,SKU_E,0
311,R2,SKU_A,0
311,R2,SKU_B,0
311,R2,SKU_C,0
311,R2,SKU_D,0
311,R2,SKU_E,0
311,R3,SKU_A,0
311,R3,SKU_B,0
311,R3,SKU_C,0
311,R3,SKU_D,0
311,R3,SKU_E,0
312,Supplier,SKU_A,0
312,Supplier,SKU_B,0
312,Supplier,SKU_C,0
312,Supplier,SKU_D,0
312,Supplier,SKU_E,0
312,W1,SKU_A,241
312,W1,SKU_B,0
312,W1,SKU_C,0
312,W1,SKU_D,0
312,W1,SKU_E,0
312,W2,SKU_A,0
312,W2,SKU_B,0
312,W2,SKU_C,0
312,W2,SKU_D,516
312,W2,SKU_E,0
312,R1,SKU_A,137
312,R1,SKU_B,426
312,R1,SKU_C,0
312,R1,SKU_D,107
312,R1,SKU_E,181
312,R2,SKU_A,775
312,R2,SKU_B,312
312,R2,SKU_C,0
312,R2,SKU_D,0
312,R2,SKU_E,0
312,R3,SKU_A,0
312,R3,SKU_B,275
312,R3,SKU_C,0
312,R3,SKU_D,0
312,R3,SKU_E,1077
313,Supplier,SKU_A,0
313,Supplier,SKU_B,0
313,Supplier,SKU_C,0
313,Supplier,SKU_D,0
313,Supplier,SKU_E,0
313,W1,SKU_A,0
313,W1,SKU_B,0
313,W1,SKU_C,0
313,W1,SKU_D,0
313,W1,SKU_E,0
313,W2,SKU_A,0
313,W2,SKU_B,0
313,W2,SKU_C,0
313,W2,SKU_D,0
313,W2,SKU_E,0
313,R1,SKU_A,109
313,R1,SKU_B,0
313,R1,SKU_C,0
313,R1,SKU_D,0
313,R1,SKU_E,0
313,R2,SKU_A,0
313,R2,SKU_B,0
313,R2,SKU_C,0
313,R2,SKU_D,0
313,R2,SKU_E,0
313,R3,SKU_A,0
313,R3,SKU_B,0
313,R3,SKU_C,0
313,R3,SKU_D,0
313,R3,SKU_E,0
314,Supplier,SKU_A,0
314,Supplier,SKU_B,0
314,Supplier,SKU_C,0
314,Supplier,SKU_D,0
314,Supplier,SKU_E,0
314,W1,SKU_A,1021
314,W1,SKU_B,0
314,W1,SKU_C,0
314,W1,SKU_D,0
314,W1,SKU_E,181
314,W2,SKU_A,0
314,W2,SKU_B,0
314,W2,SKU_C,0
314,W2,SKU_D,0
314,W2,SKU_E,0
314,R1,SKU_A,160
314,R1,SKU_B,0
314,R1,SKU_C,0
314,R1,SKU_D,132
314,R1,SKU_E,0
314,R2,SKU_A,0
314,R2,SKU_B,0
314,R2,SKU_C,0
314,R2,SKU_D,0
314,R2,SKU_E,0
314,R3,SKU_A,0
314,R3,SKU_B,0
314,R3,SKU_C,0
314,R3,SKU_D,0
314,R3,SKU_E,0
315,Supplier,SKU_A,0
315,Supplier,SKU_B,0
315,Supplier,SKU_C,0
315,Supplier,SKU_D,0
315,Supplier,SKU_E,0
315,W1,SKU_A,0
315,W1,SKU_B,738
315,W1,SKU_C,0
315,W1,SKU_D,890
315,W1,SKU_E,0
315,W2,SKU_A,982
315,W2,SKU_B,0
315,W2,SKU_C,1071
315,W2,SKU_D,0
315,W2,SKU_E,0
315,R1,SKU_A,184
315,R1,SKU_B,0
315,R1,SKU_C,0
315,R1,SKU_D,0
315,R1,SKU_E,0
315,R2,SKU_A,0
315,R2,SKU_B,0
315,R2,SKU_C,240
315,R2,SKU_D,296
315,R2,SKU_E,0
315,R3,SKU_A,957
315,R3,SKU_B,0
315,R3,SKU_C,0
315,R3,SKU_D,492
315,R3,SKU_E,0
316,Supplier,SKU_A,0
316,Supplier,SKU_B,0
316,Supplier,SKU_C,0
316,Supplier,SKU_D,0
316,Supplier,SKU_E,0
316,W1,SKU_A,344
316,W1,SKU_B,0
316,W1,SKU_C,0
316,W1,SKU_D,0
316,W1,SKU_E,0
316,W2,SKU_A,0
316,W2,SKU_B,0
316,W2,SKU_C,0
316,W2,SKU_D,0
316,W2,SKU_E,0
316,R1,SKU_A,114
316,R1,SKU_B,0
316,R1,SKU_C,0
316,R1,SKU_D,154
316,R1,SKU_E,243
316,R2,SKU_A,0
316,R2,SKU_B,0
316,R2,SKU_C,0
316,R2,SKU_D,0
316,R2,SKU_E,0
316,R3,SKU_A,0
316,R3,SKU_B,313
316,R3,SKU_C,0
316,R3,SKU_D,0
316,R3,SKU_E,0
317,Supplier,SKU_A,0
317,Supplier,SKU_B,0
317,Supplier,SKU_C,0
317,Supplier,SKU_D,0
317,Supplier,SKU_E,0
317,W1,SKU_A,0
317,W1,SKU_B,0
317,W1,SKU_C,0
317,W1,SKU_D,0
317,W1,SKU_E,0
317,W2,SKU_A,0
317,W2,SKU_B,0
317,W2,SKU_C,0
317,W2,SKU_D,0
317,W2,SKU_E,0
317,R1,SKU_A,108
317,R1,SKU_B,0
317,R1,SKU_C,0
317,R1,SKU_D,0
317,R1,SKU_E,0
317,R2,SKU_A,0
317,R2,SKU_B,0
317,R2,SKU_C,0
317,R2,SKU_D,0
317,R2,SKU_E,0
317,R3,SKU_A,0
317,R3,SKU_B,0
317,R3,SKU_C,0
317,R3,SKU_D,0
317,R3,SKU_E,0
318,Supplier,SKU_A,0
318,Supplier,SKU_B,0
318,Supplier,SKU_C,0
318,Supplier,SKU_D,0
318,Supplier,SKU_E,0
318,W1,SKU_A,222
318,W1,SKU_B,0
318,W1,SKU_C,0
318,W1,SKU_D,0
318,W1,SKU_E,243
318,W2,SKU_A,0
318,W2,SKU_B,0
318,W2,SKU_C,0
318,W2,SKU_D,492
318,W2,SKU_E,0
318,R1,SKU_A,116
318,R1,SKU_B,399
318,R1,SKU_C,0
318,R1,SKU_D,103
318,R1,SKU_E,0
318,R2,SKU_A,0
318,R2,SKU_B,317
318,R2,SKU_C,0
318,R2,SKU_D,0
318,R2,SKU_E,0
318,R3,SKU_A,0
318,R3,SKU_B,0
318,R3,SKU_C,0
318,R3,SKU_D,0
318,R3,SKU_E,0
319,Supplier,SKU_A,0
319,Supplier,SKU_B,0
319,Supplier,SKU_C,0
319,Supplier,SKU_D,0
319,Supplier,SKU_E,0
319,W1,SKU_A,0
319,W1,SKU_B,0
319,W1,SKU_C,1629
319,W1,SKU_D,0
319,W1,SKU_E,0
319,W2,SKU_A,0
319,W2,SKU_B,876
319,W2,SKU_C,0
319,W2,SKU_D,0
319,W2,SKU_E,0
319,R1,SKU_A,138
319,R1,SKU_B,0
319,R1,SKU_C,891
319,R1,SKU_D,0
319,R1,SKU_E,0
319,R2,SKU_A,0
319,R2,SKU_B,0
319,R2,SKU_C,0
319,R2,SKU_D,0
319,R2,SKU_E,629
319,R3,SKU_A,0
319,R3,SKU_B,0
319,R3,SKU_C,0
319,R3,SKU_D,0
319,R3,SKU_E,0
320,Supplier,SKU_A,0
320,Supplier,SKU_B,0
320,Supplier,SKU_C,0
320,Supplier,SKU_D,0
320,Supplier,SKU_E,0
320,W1,SKU_A,254
320,W1,SKU_B,0
320,W1,SKU_C,0
320,W1,SKU_D,0
320,W1,SKU_E,629
320,W2,SKU_A,0
320,W2,SKU_B,0
320,W2,SKU_C,0
320,W2,SKU_D,0
320,W2,SKU_E,1077
320,R1,SKU_A,116
320,R1,SKU_B,0
320,R1,SKU_C,0
320,R1,SKU_D,119
320,R1,SKU_E,195
320,R2,SKU_A,740
320,R2,SKU_B,0
320,R2,SKU_C,203
320,R2,SKU_D,211
320,R2,SKU_E,0
320,R3,SKU_A,859
320,R3,SKU_B,290
320,R3,SKU_C,1052
320,R3,SKU_D,419
320,R3,SKU_E,0
321,Supplier,SKU_A,0
321,Supplier,SKU_B,0
321,Supplier,SKU_C,0
321,Supplier,SKU_D,0
321,Supplier,SKU_E,0
321,W1,SKU_A,0
321,W1,SKU_B,0
321,W1,SKU_C,0
321,W1,SKU_D,0
321,W1,SKU_E,0
321,W2,SKU_A,0
321,W2,SKU_B,0
321,W2,SKU_C,0
321,W2,SKU_D,419
321,W2,SKU_E,0
321,R1,SKU_A,164
321,R1,SKU_B,0
321,R1,SKU_C,0
321,R1,SKU_D,0
321,R1,SKU_E,0
321,R2,SKU_A,0
321,R2,SKU_B,0
321,R2,SKU_C,0
321,R2,SKU_D,0
321,R2,SKU_E,0
321,R3,SKU_A,0
321,R3,SKU_B,0
321,R3,SKU_C,0
321,R3,SKU_D,0
321,R3,SKU_E,0
322,Supplier,SKU_A,0
322,Supplier,SKU_B,0
322,Supplier,SKU_C,0
322,Supplier,SKU_D,0
322,Supplier,SKU_E,0
322,W1,SKU_A,1020
322,W1,SKU_B,716
322,W1,SKU_C,0
322,W1,SKU_D,0
322,W1,SKU_E,195
322,W2,SKU_A,1816
322,W2,SKU_B,0
322,W2,SKU_C,0
322,W2,SKU_D,0
322,W2,SKU_E,0
322,R1,SKU_A,145
322,R1,SKU_B,0
322,R1,SKU_C,0
322,R1,SKU_D,171
322,R1,SKU_E,0
322,R2,SKU_A,0
322,R2,SKU_B,0
322,R2,SKU_C,0
322,R2,SKU_D,0
322,R2,SKU_E,0
322,R3,SKU_A,0
322,R3,SKU_B,0
322,R3,SKU_C,0
322,R3,SKU_D,0
322,R3,SKU_E,0
323,Supplier,SKU_A,0
323,Supplier,SKU_B,0
323,Supplier,SKU_C,0
323,Supplier,SKU_D,0
323,Supplier,SKU_E,0
323,W1,SKU_A,0
323,W1,SKU_B,0
323,W1,SKU_C,0
323,W1,SKU_D,0
323,W1,SKU_E,0
323,W2,SKU_A,0
323,W2,SKU_B,0
323,W2,SKU_C,0
323,W2,SKU_D,0
323,W2,SKU_E,0
323,R1,SKU_A,130
323,R1,SKU_B,0
323,R1,SKU_C,0
323,R1,SKU_D,0
323,R1,SKU_E,0
323,R2,SKU_A,0
323,R2,SKU_B,0
323,R2,SKU_C,0
323,R2,SKU_D,0
323,R2,SKU_E,0
323,R3,SKU_A,0
323,R3,SKU_B,0
323,R3,SKU_C,0
323,R3,SKU_D,0
323,R3,SKU_E,0
324,Supplier,SKU_A,0
324,Supplier,SKU_B,0
324,Supplier,SKU_C,0
324,Supplier,SKU_D,0
324,Supplier,SKU_E,0
324,W1,SKU_A,275
324,W1,SKU_B,0
324,W1,SKU_C,0
324,W1,SKU_D,1054
324,W1,SKU_E,0
324,W2,SKU_A,0
324,W2,SKU_B,0
324,W2,SKU_C,0
324,W2,SKU_D,0
324,W2,SKU_E,0
324,R1,SKU_A,116
324,R1,SKU_B,414
324,R1,SKU_C,0
324,R1,SKU_D,123
324,R1,SKU_E,251
324,R2,SKU_A,0
324,R2,SKU_B,287
324,R2,SKU_C,0
324,R2,SKU_D,0
324,R2,SKU_E,0
324,R3,SKU_A,0
324,R3,SKU_B,320
324,R3,SKU_C,0
324,R3,SKU_D,0
324,R3,SKU_E,1128
325,Supplier,SKU_A,0
325,Supplier,SKU_B,0
325,Supplier,SKU_C,0
325,Supplier,SKU_D,0
325,Supplier,SKU_E,0
325,W1,SKU_A,0
325,W1,SKU_B,0
325,W1,SKU_C,0
325,W1,SKU_D,0
325,W1,SKU_E,0
325,W2,SKU_A,0
325,W2,SKU_B,0
325,W2,SKU_C,1052
325,W2,SKU_D,0
325,W2,SKU_E,0
325,R1,SKU_A,109
325,R1,SKU_B,0
325,R1,SKU_C,0
325,R1,SKU_D,0
325,R1,SKU_E,0
325,R2,SKU_A,0
325,R2,SKU_B,0
325,R2,SKU_C,238
325,R2,SKU_D,257
325,R2,SKU_E,0
325,R3,SKU_A,976
325,R3,SKU_B,0
325,R3,SKU_C,0
325,R3,SKU_D,552
325,R3,SKU_E,0
326,Supplier,SKU_A,0
326,Supplier,SKU_B,0
326,Supplier,SKU_C,0
326,Supplier,SKU_D,0
326,Supplier,SKU_E,0
326,W1,SKU_A,225
326,W1,SKU_B,0
326,W1,SKU_C,0
326,W1,SKU_D,0
326,W1,SKU_E,251
326,W2,SKU_A,0
326,W2,SKU_B,0
326,W2,SKU_C,0
326,W2,SKU_D,0
326,W2,SKU_E,0
326,R1,SKU_A,126
326,R1,SKU_B,0
326,R1,SKU_C,0
326,R1,SKU_D,112
326,R1,SKU_E,0
326,R2,SKU_A,0
326,R2,SKU_B,0
326,R2,SKU_C,0
326,R2,SKU_D,0
326,R2,SKU_E,0
326,R3,SKU_A,0
326,R3,SKU_B,0
326,R3,SKU_C,0
326,R3,SKU_D,0
326,R3,SKU_E,0
327,Supplier,SKU_A,0
327,Supplier,SKU_B,0
327,Supplier,SKU_C,0
327,Supplier,SKU_D,0
327,Supplier,SKU_E,0
327,W1,SKU_A,0
327,W1,SKU_B,0
327,W1,SKU_C,0
327,W1,SKU_D,0
327,W1,SKU_E,0
327,W2,SKU_A,0
327,W2,SKU_B,0
327,W2,SKU_C,0
327,W2,SKU_D,552
327,W2,SKU_E,0
327,R1,SKU_A,117
327,R1,SKU_B,0
327,R1,SKU_C,0
327,R1,SKU_D,0
327,R1,SKU_E,0
327,R2,SKU_A,0
327,R2,SKU_B,0
327,R2,SKU_C,0
327,R2,SKU_D,0
327,R2,SKU_E,0
327,R3,SKU_A,0
327,R3,SKU_B,0
327,R3,SKU_C,0
327,R3,SKU_D,0
327,R3,SKU_E,0
328,Supplier,SKU_A,0
328,Supplier,SKU_B,0
328,Supplier,SKU_C,0
328,Supplier,SKU_D,0
328,Supplier,SKU_E,0
328,W1,SKU_A,243
328,W1,SKU_B,0
328,W1,SKU_C,0
328,W1,SKU_D,0
328,W1,SKU_E,0
328,W2,SKU_A,0
328,W2,SKU_B,0
328,W2,SKU_C,0
328,W2,SKU_D,0
328,W2,SKU_E,0
328,R1,SKU_A,129
328,R1,SKU_B,0
328,R1,SKU_C,0
328,R1,SKU_D,122
328,R1,SKU_E,178
328,R2,SKU_A,723
328,R2,SKU_B,0
328,R2,SKU_C,0
328,R2,SKU_D,0
328,R2,SKU_E,0
328,R3,SKU_A,0
328,R3,SKU_B,281
328,R3,SKU_C,0
328,R3,SKU_D,0
328,R3,SKU_E,0
329,Supplier,SKU_A,0
329,Supplier,SKU_B,0
329,Supplier,SKU_C,0
329,Supplier,SKU_D,0
329,Supplier,SKU_E,0
329,W1,SKU_A,0
329,W1,SKU_B,701
329,W1,SKU_C,0
329,W1,SKU_D,0
329,W1,SKU_E,0
329,W2,SKU_A,976
329,W2,SKU_B,0
329,W2,SKU_C,0
329,W2,SKU_D,0
329,W2,SKU_E,0
329,R1,SKU_A,116
329,R1,SKU_B,0
329,R1,SKU_C,0
329,R1,SKU_D,0
329,R1,SKU_E,0
329,R2,SKU_A,0
329,R2,SKU_B,0
329,R2,SKU_C,0
329,R2,SKU_D,0
329,R2,SKU_E,0
329,R3,SKU_A,0
329,R3,SKU_B,0
329,R3,SKU_C,0
329,R3,SKU_D,0
329,R3,SKU_E,0
330,Supplier,SKU_A,0
330,Supplier,SKU_B,0
330,Supplier,SKU_C,0
330,Supplier,SKU_D,0
330,Supplier,SKU_E,0
330,W1,SKU_A,968
330,W1,SKU_B,0
330,W1,SKU_C,1332
330,W1,SKU_D,0
330,W1,SKU_E,178
330,W2,SKU_A,0
330,W2,SKU_B,891
330,W2,SKU_C,0
330,W2,SKU_D,0
330,W2,SKU_E,1128
330,R1,SKU_A,98
330,R1,SKU_B,347
330,R1,SKU_C,1062
330,R1,SKU_D,98
330,R1,SKU_E,0
330,R2,SKU_A,0
330,R2,SKU_B,333
330,R2,SKU_C,317
330,R2,SKU_D,251
330,R2,SKU_E,603
330,R3,SKU_A,911
330,R3,SKU_B,0
330,R3,SKU_C,1254
330,R3,SKU_D,445
330,R3,SKU_E,0
331,Supplier,SKU_A,0
331,Supplier,SKU_B,0
331,Supplier,SKU_C,0
331,Supplier,SKU_D,0
331,Supplier,SKU_E,0
331,W1,SKU_A,0
331,W1,SKU_B,0
331,W1,SKU_C,0
331,W1,SKU_D,0
331,W1,SKU_E,0
331,W2,SKU_A,0
331,W2,SKU_B,0
331,W2,SKU_C,0
331,W2,SKU_D,0
331,W2,SKU_E,0
331,R1,SKU_A,105
331,R1,SKU_B,0
331,R1,SKU_C,0
331,R1,SKU_D,0
331,R1,SKU_E,0
331,R2,SKU_A,0
331,R2,SKU_B,0
331,R2,SKU_C,0
331,R2,SKU_D,0
331,R2,SKU_E,0
331,R3,SKU_A,0
331,R3,SKU_B,0
331,R3,SKU_C,0
331,R3,SKU_D,0
331,R3,SKU_E,0
332,Supplier,SKU_A,0
332,Supplier,SKU_B,0
332,Supplier,SKU_C,0
332,Supplier,SKU_D,0
332,Supplier,SKU_E,0
332,W1,SKU_A,203
332,W1,SKU_B,0
332,W1,SKU_C,0
332,W1,SKU_D,0
332,W1,SKU_E,603
332,W2,SKU_A,0
332,W2,SKU_B,0
332,W2,SKU_C,0
332,W2,SKU_D,0
332,W2,SKU_E,0
332,R1,SKU_A,139
332,R1,SKU_B,0
332,R1,SKU_C,0
332,R1,SKU_D,129
332,R1,SKU_E,175
332,R2,SKU_A,0
332,R2,SKU_B,0
332,R2,SKU_C,0
332,R2,SKU_D,0
332,R2,SKU_E,0
332,R3,SKU_A,0
332,R3,SKU_B,250
332,R3,SKU_C,0
332,R3,SKU_D,0
332,R3,SKU_E,0
333,Supplier,SKU_A,0
333,Supplier,SKU_B,0
333,Supplier,SKU_C,0
333,Supplier,SKU_D,0
333,Supplier,SKU_E,0
333,W1,SKU_A,0
333,W1,SKU_B,0
333,W1,SKU_C,0
333,W1,SKU_D,1092
333,W1,SKU_E,0
333,W2,SKU_A,0
333,W2,SKU_B,0
333,W2,SKU_C,0
333,W2,SKU_D,445
333,W2,SKU_E,0
333,R1,SKU_A,134
333,R1,SKU_B,0
333,R1,SKU_C,0
333,R1,SKU_D,0
333,R1,SKU_E,0
333,R2,SKU_A,0
333,R2,SKU_B,0
333,R2,SKU_C,0
333,R2,SKU_D,0
333,R2,SKU_E,0
333,R3,SKU_A,0
333,R3,SKU_B,0
333,R3,SKU_C,0
333,R3,SKU_D,0
333,R3,SKU_E,0
334,Supplier,SKU_A,0
334,Supplier,SKU_B,0
334,Supplier,SKU_C,0
334,Supplier,SKU_D,0
334,Supplier,SKU_E,0
334,W1,SKU_A,273
334,W1,SKU_B,0
334,W1,SKU_C,0
334,W1,SKU_D,0
334,W1,SKU_E,175
334,W2,SKU_A,0
334,W2,SKU_B,0
334,W2,SKU_C,0
334,W2,SKU_D,0
334,W2,SKU_E,0
334,R1,SKU_A,166
334,R1,SKU_B,0
334,R1,SKU_C,0
334,R1,SKU_D,158
334,R1,SKU_E,0
334,R2,SKU_A,0
334,R2,SKU_B,0
334,R2,SKU_C,0
334,R2,SKU_D,0
334,R2,SKU_E,0
334,R3,SKU_A,0
334,R3,SKU_B,0
334,R3,SKU_C,0
334,R3,SKU_D,0
334,R3,SKU_E,0
335,Supplier,SKU_A,0
335,Supplier,SKU_B,0
335,Supplier,SKU_C,0
335,Supplier,SKU_D,0
335,Supplier,SKU_E,0
335,W1,SKU_A,0
335,W1,SKU_B,0
335,W1,SKU_C,0
335,W1,SKU_D,0
335,W1,SKU_E,0
335,W2,SKU_A,0
335,W2,SKU_B,0
335,W2,SKU_C,1254
335,W2,SKU_D,0
335,W2,SKU_E,0
335,R1,SKU_A,232
335,R1,SKU_B,0
335,R1,SKU_C,0
335,R1,SKU_D,0
335,R1,SKU_E,0
335,R2,SKU_A,0
335,R2,SKU_B,0
335,R2,SKU_C,324
335,R2,SKU_D,267
335,R2,SKU_E,0
335,R3,SKU_A,918
335,R3,SKU_B,0
335,R3,SKU_C,0
335,R3,SKU_D,525
335,R3,SKU_E,0
336,Supplier,SKU_A,0
336,Supplier,SKU_B,0
336,Supplier,SKU_C,0
336,Supplier,SKU_D,0
336,Supplier,SKU_E,0
336,W1,SKU_A,398
336,W1,SKU_B,680
336,W1,SKU_C,0
336,W1,SKU_D,0
336,W1,SKU_E,0
336,W2,SKU_A,1829
336,W2,SKU_B,0
336,W2,SKU_C,0
336,W2,SKU_D,525
336,W2,SKU_E,0
336,R1,SKU_A,208
336,R1,SKU_B,425
336,R1,SKU_C,0
336,R1,SKU_D,198
336,R1,SKU_E,230
336,R2,SKU_A,860
336,R2,SKU_B,347
336,R2,SKU_C,0
336,R2,SKU_D,0
336,R2,SKU_E,0
336,R3,SKU_A,0
336,R3,SKU_B,326
336,R3,SKU_C,0
336,R3,SKU_D,0
336,R3,SKU_E,1141
337,Supplier,SKU_A,0
337,Supplier,SKU_B,0
337,Supplier,SKU_C,0
337,Supplier,SKU_D,0
337,Supplier,SKU_E,0
337,W1,SKU_A,0
337,W1,SKU_B,0
337,W1,SKU_C,0
337,W1,SKU_D,0
337,W1,SKU_E,0
337,W2,SKU_A,0
337,W2,SKU_B,0
337,W2,SKU_C,0
337,W2,SKU_D,0
337,W2,SKU_E,0
337,R1,SKU_A,122
337,R1,SKU_B,0
337,R1,SKU_C,0
337,R1,SKU_D,0
337,R1,SKU_E,0
337,R2,SKU_A,0
337,R2,SKU_B,0
337,R2,SKU_C,0
337,R2,SKU_D,0
337,R2,SKU_E,0
337,R3,SKU_A,0
337,R3,SKU_B,0
337,R3,SKU_C,0
337,R3,SKU_D,0
337,R3,SKU_E,0
338,Supplier,SKU_A,0
338,Supplier,SKU_B,0
338,Supplier,SKU_C,0
338,Supplier,SKU_D,0
338,Supplier,SKU_E,0
338,W1,SKU_A,1190
338,W1,SKU_B,0
338,W1,SKU_C,0
338,W1,SKU_D,0
338,W1,SKU_E,230
338,W2,SKU_A,0
338,W2,SKU_B,0
338,W2,SKU_C,0
338,W2,SKU_D,0
338,W2,SKU_E,0
338,R1,SKU_A,90
338,R1,SKU_B,0
338,R1,SKU_C,0
338,R1,SKU_D,115
338,R1,SKU_E,0
338,R2,SKU_A,0
338,R2,SKU_B,0
338,R2,SKU_C,0
338,R2,SKU_D,0
338,R2,SKU_E,0
338,R3,SKU_A,0
338,R3,SKU_B,0
338,R3,SKU_C,0
338,R3,SKU_D,0
338,R3,SKU_E,0
339,Supplier,SKU_A,0
339,Supplier,SKU_B,0
339,Supplier,SKU_C,0
339,Supplier,SKU_D,0
339,Supplier,SKU_E,0
339,W1,SKU_A,0
339,W1,SKU_B,0
339,W1,SKU_C,0
339,W1,SKU_D,0
339,W1,SKU_E,0
339,W2,SKU_A,0
339,W2,SKU_B,0
339,W2,SKU_C,0
339,W2,SKU_D,0
339,W2,SKU_E,0
339,R1,SKU_A,101
339,R1,SKU_B,0
339,R1,SKU_C,0
339,R1,SKU_D,0
339,R1,SKU_E,0
339,R2,SKU_A,0
339,R2,SKU_B,0
339,R2,SKU_C,0
339,R2,SKU_D,0
339,R2,SKU_E,0
339,R3,SKU_A,0
339,R3,SKU_B,0
339,R3,SKU_C,0
339,R3,SKU_D,0
339,R3,SKU_E,0
340,Supplier,SKU_A,0
340,Supplier,SKU_B,0
340,Supplier,SKU_C,0
340,Supplier,SKU_D,0
340,Supplier,SKU_E,0
340,W1,SKU_A,191
340,W1,SKU_B,0
340,W1,SKU_C,0
340,W1,SKU_D,0
340,W1,SKU_E,0
340,W2,SKU_A,0
340,W2,SKU_B,0
340,W2,SKU_C,0
340,W2,SKU_D,0
340,W2,SKU_E,1141
340,R1,SKU_A,109
340,R1,SKU_B,0
340,R1,SKU_C,0
340,R1,SKU_D,112
340,R1,SKU_E,151
340,R2,SKU_A,0
340,R2,SKU_B,0
340,R2,SKU_C,270
340,R2,SKU_D,211
340,R2,SKU_E,0
340,R3,SKU_A,758
340,R3,SKU_B,226
340,R3,SKU_C,1011
340,R3,SKU_D,470
340,R3,SKU_E,0
341,Supplier,SKU_A,0
341,Supplier,SKU_B,0
341,Supplier,SKU_C,0
341,Supplier,SKU_D,0
341,Supplier,SKU_E,0
341,W1,SKU_A,0
341,W1,SKU_B,0
341,W1,SKU_C,1973
341,W1,SKU_D,0
341,W1,SKU_E,0
341,W2,SKU_A,0
341,W2,SKU_B,802
341,W2,SKU_C,0
341,W2,SKU_D,0
341,W2,SKU_E,0
341,R1,SKU_A,119
341,R1,SKU_B,0
341,R1,SKU_C,1099
341,R1,SKU_D,0
341,R1,SKU_E,0
341,R2,SKU_A,0
341,R2,SKU_B,0
341,R2,SKU_C,0
341,R2,SKU_D,0
341,R2,SKU_E,617
341,R3,SKU_A,0
341,R3,SKU_B,0
341,R3,SKU_C,0
341,R3,SKU_D,0
341,R3,SKU_E,0
342,Supplier,SKU_A,0
342,Supplier,SKU_B,0
342,Supplier,SKU_C,0
342,Supplier,SKU_D,0
342,Supplier,SKU_E,0
342,W1,SKU_A,228
342,W1,SKU_B,0
342,W1,SKU_C,0
342,W1,SKU_D,1061
342,W1,SKU_E,768
342,W2,SKU_A,0
342,W2,SKU_B,0
342,W2,SKU_C,0
342,W2,SKU_D,470
342,W2,SKU_E,0
342,R1,SKU_A,182
342,R1,SKU_B,376
342,R1,SKU_C,0
342,R1,SKU_D,170
342,R1,SKU_E,0
342,R2,SKU_A,0
342,R2,SKU_B,320
342,R2,SKU_C,0
342,R2,SKU_D,0
342,R2,SKU_E,0
342,R3,SKU_A,0
342,R3,SKU_B,0
342,R3,SKU_C,0
342,R3,SKU_D,0
342,R3,SKU_E,0
343,Supplier,SKU_A,0
343,Supplier,SKU_B,0
343,Supplier,SKU_C,0
343,Supplier,SKU_D,0
343,Supplier,SKU_E,0
343,W1,SKU_A,0
343,W1,SKU_B,1468
343,W1,SKU_C,0
343,W1,SKU_D,0
343,W1,SKU_E,0
343,W2,SKU_A,758
343,W2,SKU_B,0
343,W2,SKU_C,0
343,W2,SKU_D,0
343,W2,SKU_E,0
343,R1,SKU_A,179
343,R1,SKU_B,0
343,R1,SKU_C,0
343,R1,SKU_D,0
343,R1,SKU_E,0
343,R2,SKU_A,0
343,R2,SKU_B,0
343,R2,SKU_C,0
343,R2,SKU_D,0
343,R2,SKU_E,0
343,R3,SKU_A,0
343,R3,SKU_B,0
343,R3,SKU_C,0
343,R3,SKU_D,0
343,R3,SKU_E,0
344,Supplier,SKU_A,0
344,Supplier,SKU_B,0
344,Supplier,SKU_C,0
344,Supplier,SKU_D,0
344,Supplier,SKU_E,0
344,W1,SKU_A,361
344,W1,SKU_B,0
344,W1,SKU_C,0
344,W1,SKU_D,0
344,W1,SKU_E,0
344,W2,SKU_A,0
344,W2,SKU_B,0
344,W2,SKU_C,0
344,W2,SKU_D,0
344,W2,SKU_E,0
344,R1,SKU_A,128
344,R1,SKU_B,0
344,R1,SKU_C,0
344,R1,SKU_D,149
344,R1,SKU_E,261
344,R2,SKU_A,721
344,R2,SKU_B,0
344,R2,SKU_C,0
344,R2,SKU_D,0
344,R2,SKU_E,0
344,R3,SKU_A,0
344,R3,SKU_B,312
344,R3,SKU_C,0
344,R3,SKU_D,0
344,R3,SKU_E,0
345,Supplier,SKU_A,0
345,Supplier,SKU_B,0
345,Supplier,SKU_C,0
345,Supplier,SKU_D,0
345,Supplier,SKU_E,0
345,W1,SKU_A,0
345,W1,SKU_B,0
345,W1,SKU_C,0
345,W1,SKU_D,0
345,W1,SKU_E,0
345,W2,SKU_A,0
345,W2,SKU_B,0
345,W2,SKU_C,1011
345,W2,SKU_D,0
345,W2,SKU_E,0
345,R1,SKU_A,150
345,R1,SKU_B,0
345,R1,SKU_C,0
345,R1,SKU_D,0
345,R1,SKU_E,0
345,R2,SKU_A,0
345,R2,SKU_B,0
345,R2,SKU_C,331
345,R2,SKU_D,282
345,R2,SKU_E,0
345,R3,SKU_A,894
345,R3,SKU_B,0
345,R3,SKU_C,0
345,R3,SKU_D,549
345,R3,SKU_E,0
346,Supplier,SKU_A,0
346,Supplier,SKU_B,0
346,Supplier,SKU_C,0
346,Supplier,SKU_D,0
346,Supplier,SKU_E,0
346,W1,SKU_A,999
346,W1,SKU_B,0
346,W1,SKU_C,0
346,W1,SKU_D,0
346,W1,SKU_E,261
346,W2,SKU_A,0
346,W2,SKU_B,0
346,W2,SKU_C,0
346,W2,SKU_D,0
346,W2,SKU_E,0
346,R1,SKU_A,104
346,R1,SKU_B,0
346,R1,SKU_C,0
346,R1,SKU_D,132
346,R1,SKU_E,0
346,R2,SKU_A,0
346,R2,SKU_B,0
346,R2,SKU_C,0
346,R2,SKU_D,0
346,R2,SKU_E,0
346,R3,SKU_A,0
346,R3,SKU_B,0
346,R3,SKU_C,0
346,R3,SKU_D,0
346,R3,SKU_E,0
347,Supplier,SKU_A,0
347,Supplier,SKU_B,0
347,Supplier,SKU_C,0
347,Supplier,SKU_D,0
347,Supplier,SKU_E,0
347,W1,SKU_A,0
347,W1,SKU_B,0
347,W1,SKU_C,0
347,W1,SKU_D,0
347,W1,SKU_E,0
347,W2,SKU_A,0
347,W2,SKU_B,0
347,W2,SKU_C,0
347,W2,SKU_D,0
347,W2,SKU_E,0
347,R1,SKU_A,154
347,R1,SKU_B,0
347,R1,SKU_C,0
347,R1,SKU_D,0
347,R1,SKU_E,0
347,R2,SKU_A,0
347,R2,SKU_B,0
347,R2,SKU_C,0
347,R2,SKU_D,0
347,R2,SKU_E,0
347,R3,SKU_A,0
347,R3,SKU_B,0
347,R3,SKU_C,0
347,R3,SKU_D,0
347,R3,SKU_E,0
348,Supplier,SKU_A,0
348,Supplier,SKU_B,0
348,Supplier,SKU_C,0
348,Supplier,SKU_D,0
348,Supplier,SKU_E,0
348,W1,SKU_A,258
348,W1,SKU_B,0
348,W1,SKU_C,0
348,W1,SKU_D,0
348,W1,SKU_E,0
348,W2,SKU_A,0
348,W2,SKU_B,0
348,W2,SKU_C,0
348,W2,SKU_D,549
348,W2,SKU_E,0
348,R1,SKU_A,139
348,R1,SKU_B,410
348,R1,SKU_C,0
348,R1,SKU_D,132
348,R1,SKU_E,183
348,R2,SKU_A,0
348,R2,SKU_B,390
348,R2,SKU_C,0
348,R2,SKU_D,0
348,R2,SKU_E,0
348,R3,SKU_A,0
348,R3,SKU_B,255
348,R3,SKU_C,0
348,R3,SKU_D,0
348,R3,SKU_E,1012
349,Supplier,SKU_A,0
349,Supplier,SKU_B,0
349,Supplier,SKU_C,0
349,Supplier,SKU_D,0
349,Supplier,SKU_E,0
349,W1,SKU_A,0
349,W1,SKU_B,0
349,W1,SKU_C,0
349,W1,SKU_D,0
349,W1,SKU_E,0
349,W2,SKU_A,0
349,W2,SKU_B,0
349,W2,SKU_C,0
349,W2,SKU_D,0
349,W2,SKU_E,0
349,R1,SKU_A,176
349,R1,SKU_B,0
349,R1,SKU_C,0
349,R1,SKU_D,0
349,R1,SKU_E,0
349,R2,SKU_A,0
349,R2,SKU_B,0
349,R2,SKU_C,0
349,R2,SKU_D,0
349,R2,SKU_E,0
349,R3,SKU_A,0
349,R3,SKU_B,0
349,R3,SKU_C,0
349,R3,SKU_D,0
349,R3,SKU_E,0
350,Supplier,SKU_A,0
350,Supplier,SKU_B,0
350,Supplier,SKU_C,0
350,Supplier,SKU_D,0
350,Supplier,SKU_E,0
350,W1,SKU_A,315
350,W1,SKU_B,800
350,W1,SKU_C,0
350,W1,SKU_D,0
350,W1,SKU_E,183
350,W2,SKU_A,894
350,W2,SKU_B,0
350,W2,SKU_C,0
350,W2,SKU_D,0
350,W2,SKU_E,1012
350,R1,SKU_A,168
350,R1,SKU_B,0
350,R1,SKU_C,0
350,R1,SKU_D,176
350,R1,SKU_E,0
350,R2,SKU_A,0
350,R2,SKU_B,0
350,R2,SKU_C,337
350,R2,SKU_D,315
350,R2,SKU_E,0
350,R3,SKU_A,931
350,R3,SKU_B,0
350,R3,SKU_C,1087
350,R3,SKU_D,542
350,R3,SKU_E,0
351,Supplier,SKU_A,0
351,Supplier,SKU_B,0
351,Supplier,SKU_C,0
351,Supplier,SKU_D,0
351,Supplier,SKU_E,0
351,W1,SKU_A,0
351,W1,SKU_B,0
351,W1,SKU_C,0
351,W1,SKU_D,1356
351,W1,SKU_E,0
351,W2,SKU_A,0
351,W2,SKU_B,0
351,W2,SKU_C,0
351,W2,SKU_D,542
351,W2,SKU_E,0
351,R1,SKU_A,122
351,R1,SKU_B,0
351,R1,SKU_C,0
351,R1,SKU_D,0
351,R1,SKU_E,0
351,R2,SKU_A,0
351,R2,SKU_B,0
351,R2,SKU_C,0
351,R2,SKU_D,0
351,R2,SKU_E,0
351,R3,SKU_A,0
351,R3,SKU_B,0
351,R3,SKU_C,0
351,R3,SKU_D,0
351,R3,SKU_E,0
352,Supplier,SKU_A,0
352,Supplier,SKU_B,0
352,Supplier,SKU_C,0
352,Supplier,SKU_D,0
352,Supplier,SKU_E,0
352,W1,SKU_A,290
352,W1,SKU_B,0
352,W1,SKU_C,1767
352,W1,SKU_D,0
352,W1,SKU_E,0
352,W2,SKU_A,0
352,W2,SKU_B,567
352,W2,SKU_C,0
352,W2,SKU_D,0
352,W2,SKU_E,0
352,R1,SKU_A,103
352,R1,SKU_B,0
352,R1,SKU_C,1219
352,R1,SKU_D,105
352,R1,SKU_E,219
352,R2,SKU_A,832
352,R2,SKU_B,0
352,R2,SKU_C,0
352,R2,SKU_D,0
352,R2,SKU_E,680
352,R3,SKU_A,0
352,R3,SKU_B,239
352,R3,SKU_C,0
352,R3,SKU_D,0
352,R3,SKU_E,0
353,Supplier,SKU_A,0
353,Supplier,SKU_B,0
353,Supplier,SKU_C,0
353,Supplier,SKU_D,0
353,Supplier,SKU_E,0
353,W1,SKU_A,0
353,W1,SKU_B,0
353,W1,SKU_C,0
353,W1,SKU_D,0
353,W1,SKU_E,0
353,W2,SKU_A,0
353,W2,SKU_B,0
353,W2,SKU_C,0
353,W2,SKU_D,0
353,W2,SKU_E,0
353,R1,SKU_A,112
353,R1,SKU_B,0
353,R1,SKU_C,0
353,R1,SKU_D,0
353,R1,SKU_E,0
353,R2,SKU_A,0
353,R2,SKU_B,0
353,R2,SKU_C,0
353,R2,SKU_D,0
353,R2,SKU_E,0
353,R3,SKU_A,0
353,R3,SKU_B,0
353,R3,SKU_C,0
353,R3,SKU_D,0
353,R3,SKU_E,0
354,Supplier,SKU_A,0
354,Supplier,SKU_B,0
354,Supplier,SKU_C,0
354,Supplier,SKU_D,0
354,Supplier,SKU_E,0
354,W1,SKU_A,1047
354,W1,SKU_B,0
354,W1,SKU_C,0
354,W1,SKU_D,0
354,W1,SKU_E,899
354,W2,SKU_A,0
354,W2,SKU_B,0
354,W2,SKU_C,0
354,W2,SKU_D,0
354,W2,SKU_E,0
354,R1,SKU_A,121
354,R1,SKU_B,418
354,R1,SKU_C,0
354,R1,SKU_D,101
354,R1,SKU_E,0
354,R2,SKU_A,0
354,R2,SKU_B,312
354,R2,SKU_C,0
354,R2,SKU_D,0
354,R2,SKU_E,0
354,R3,SKU_A,0
354,R3,SKU_B,0
354,R3,SKU_C,0
354,R3,SKU_D,0
354,R3,SKU_E,0
355,Supplier,SKU_A,0
355,Supplier,SKU_B,0
355,Supplier,SKU_C,0
355,Supplier,SKU_D,0
355,Supplier,SKU_E,0
355,W1,SKU_A,0
355,W1,SKU_B,0
355,W1,SKU_C,0
355,W1,SKU_D,0
355,W1,SKU_E,0
355,W2,SKU_A,0
355,W2,SKU_B,0
355,W2,SKU_C,1087
355,W2,SKU_D,0
355,W2,SKU_E,0
355,R1,SKU_A,132
355,R1,SKU_B,0
355,R1,SKU_C,0
355,R1,SKU_D,0
355,R1,SKU_E,0
355,R2,SKU_A,0
355,R2,SKU_B,0
355,R2,SKU_C,285
355,R2,SKU_D,262
355,R2,SKU_E,0
355,R3,SKU_A,750
355,R3,SKU_B,0
355,R3,SKU_C,0
355,R3,SKU_D,401
355,R3,SKU_E,0
356,Supplier,SKU_A,0
356,Supplier,SKU_B,0
356,Supplier,SKU_C,0
356,Supplier,SKU_D,0
356,Supplier,SKU_E,0
356,W1,SKU_A,253
356,W1,SKU_B,0
356,W1,SKU_C,0
356,W1,SKU_D,0
356,W1,SKU_E,0
356,W2,SKU_A,0
356,W2,SKU_B,0
356,W2,SKU_C,0
356,W2,SKU_D,0
356,W2,SKU_E,0
356,R1,SKU_A,166
356,R1,SKU_B,0
356,R1,SKU_C,0
356,R1,SKU_D,136
356,R1,SKU_E,197
356,R2,SKU_A,0
356,R2,SKU_B,0
356,R2,SKU_C,0
356,R2,SKU_D,0
356,R2,SKU_E,0
356,R3,SKU_A,0
356,R3,SKU_B,286
356,R3,SKU_C,0
356,R3,SKU_D,0
356,R3,SKU_E,0
357,Supplier,SKU_A,0
357,Supplier,SKU_B,0
357,Supplier,SKU_C,0
357,Supplier,SKU_D,0
357,Supplier,SKU_E,0
357,W1,SKU_A,0
357,W1,SKU_B,730
357,W1,SKU_C,0
357,W1,SKU_D,0
357,W1,SKU_E,0
357,W2,SKU_A,1681
357,W2,SKU_B,0
357,W2,SKU_C,0
357,W2,SKU_D,401
357,W2,SKU_E,0
357,R1,SKU_A,187
357,R1,SKU_B,0
357,R1,SKU_C,0
357,R1,SKU_D,0
357,R1,SKU_E,0
357,R2,SKU_A,0
357,R2,SKU_B,0
357,R2,SKU_C,0
357,R2,SKU_D,0
357,R2,SKU_E,0
357,R3,SKU_A,0
357,R3,SKU_B,0
357,R3,SKU_C,0
357,R3,SKU_D,0
357,R3,SKU_E,0
358,Supplier,SKU_A,0
358,Supplier,SKU_B,0
358,Supplier,SKU_C,0
358,Supplier,SKU_D,0
358,Supplier,SKU_E,0
358,W1,SKU_A,353
358,W1,SKU_B,0
358,W1,SKU_C,0
358,W1,SKU_D,0
358,W1,SKU_E,197
358,W2,SKU_A,0
358,W2,SKU_B,0
358,W2,SKU_C,0
358,W2,SKU_D,0
358,W2,SKU_E,0
358,R1,SKU_A,138
358,R1,SKU_B,0
358,R1,SKU_C,0
358,R1,SKU_D,152
358,R1,SKU_E,0
358,R2,SKU_A,0
358,R2,SKU_B,0
358,R2,SKU_C,0
358,R2,SKU_D,0
358,R2,SKU_E,0
358,R3,SKU_A,0
358,R3,SKU_B,0
358,R3,SKU_C,0
358,R3,SKU_D,0
358,R3,SKU_E,0
359,Supplier,SKU_A,0
359,Supplier,SKU_B,0
359,Supplier,SKU_C,0
359,Supplier,SKU_D,0
359,Supplier,SKU_E,0
359,W1,SKU_A,0
359,W1,SKU_B,0
359,W1,SKU_C,0
359,W1,SKU_D,0
359,W1,SKU_E,0
359,W2,SKU_A,0
359,W2,SKU_B,0
359,W2,SKU_C,0
359,W2,SKU_D,0
359,W2,SKU_E,0
359,R1,SKU_A,185
359,R1,SKU_B,0
359,R1,SKU_C,0
359,R1,SKU_D,0
359,R1,SKU_E,0
359,R2,SKU_A,0
359,R2,SKU_B,0
359,R2,SKU_C,0
359,R2,SKU_D,0
359,R2,SKU_E,0
359,R3,SKU_A,0
359,R3,SKU_B,0
359,R3,SKU_C,0
359,R3,SKU_D,0
359,R3,SKU_E,0
360,Supplier,SKU_A,0
360,Supplier,SKU_B,0
360,Supplier,SKU_C,0
360,Supplier,SKU_D,0
360,Supplier,SKU_E,0
360,W1,SKU_A,323
360,W1,SKU_B,0
360,W1,SKU_C,0
360,W1,SKU_D,756
360,W1,SKU_E,0
360,W2,SKU_A,0
360,W2,SKU_B,0
360,W2,SKU_C,0
360,W2,SKU_D,0
360,W2,SKU_E,0
360,R1,SKU_A,133
360,R1,SKU_B,503
360,R1,SKU_C,0
360,R1,SKU_D,134
360,R1,SKU_E,197
360,R2,SKU_A,833
360,R2,SKU_B,411
360,R2,SKU_C,384
360,R2,SKU_D,297
360,R2,SKU_E,0
360,R3,SKU_A,828
360,R3,SKU_B,207
360,R3,SKU_C,938
360,R3,SKU_D,498
360,R3,SKU_E,1093
361,Supplier,SKU_A,0
361,Supplier,SKU_B,0
361,Supplier,SKU_C,0
361,Supplier,SKU_D,0
361,Supplier,SKU_E,0
361,W1,SKU_A,0
361,W1,SKU_B,0
361,W1,SKU_C,0
361,W1,SKU_D,0
361,W1,SKU_E,0
361,W2,SKU_A,0
361,W2,SKU_B,0
361,W2,SKU_C,0
361,W2,SKU_D,0
361,W2,SKU_E,0
361,R1,SKU_A,140
361,R1,SKU_B,0
361,R1,SKU_C,0
361,R1,SKU_D,0
361,R1,SKU_E,0
361,R2,SKU_A,0
361,R2,SKU_B,0
361,R2,SKU_C,0
361,R2,SKU_D,0
361,R2,SKU_E,0
361,R3,SKU_A,0
361,R3,SKU_B,0
361,R3,SKU_C,0
361,R3,SKU_D,0
361,R3,SKU_E,0
362,Supplier,SKU_A,0
362,Supplier,SKU_B,0
362,Supplier,SKU_C,0
362,Supplier,SKU_D,0
362,Supplier,SKU_E,0
362,W1,SKU_A,1106
362,W1,SKU_B,0
362,W1,SKU_C,0
362,W1,SKU_D,0
362,W1,SKU_E,197
362,W2,SKU_A,0
362,W2,SKU_B,0
362,W2,SKU_C,0
362,W2,SKU_D,0
362,W2,SKU_E,0
362,R1,SKU_A,125
362,R1,SKU_B,0
362,R1,SKU_C,0
362,R1,SKU_D,120
362,R1,SKU_E,0
362,R2,SKU_A,0
362,R2,SKU_B,0
362,R2,SKU_C,0
362,R2,SKU_D,0
362,R2,SKU_E,0
362,R3,SKU_A,0
362,R3,SKU_B,0
362,R3,SKU_C,0
362,R3,SKU_D,0
362,R3,SKU_E,0
363,Supplier,SKU_A,0
363,Supplier,SKU_B,0
363,Supplier,SKU_C,0
363,Supplier,SKU_D,0
363,Supplier,SKU_E,0
363,W1,SKU_A,0
363,W1,SKU_B,0
363,W1,SKU_C,1888
363,W1,SKU_D,0
363,W1,SKU_E,0
363,W2,SKU_A,0
363,W2,SKU_B,732
363,W2,SKU_C,0
363,W2,SKU_D,498
363,W2,SKU_E,0
363,R1,SKU_A,158
363,R1,SKU_B,0
363,R1,SKU_C,1114
363,R1,SKU_D,0
363,R1,SKU_E,0
363,R2,SKU_A,0
363,R2,SKU_B,0
363,R2,SKU_C,0
363,R2,SKU_D,0
363,R2,SKU_E,594
363,R3,SKU_A,0
363,R3,SKU_B,0
363,R3,SKU_C,0
363,R3,SKU_D,0
363,R3,SKU_E,0
364,Supplier,SKU_A,0
364,Supplier,SKU_B,0
364,Supplier,SKU_C,0
364,Supplier,SKU_D,0
364,Supplier,SKU_E,0
364,W1,SKU_A,283
364,W1,SKU_B,914
364,W1,SKU_C,0
364,W1,SKU_D,0
364,W1,SKU_E,594
364,W2,SKU_A,828
364,W2,SKU_B,0
364,W2,SKU_C,0
364,W2,SKU_D,0
364,W2,SKU_E,0
364,R1,SKU_A,162
364,R1,SKU_B,0
364,R1,SKU_C,0
364,R1,SKU_D,172
364,R1,SKU_E,215
364,R2,SKU_A,0
364,R2,SKU_B,0
364,R2,SKU_C,0
364,R2,SKU_D,0
364,R2,SKU_E,0
364,R3,SKU_A,0
364,R3,SKU_B,294
364,R3,SKU_C,0
364,R3,SKU_D,0
364,R3,SKU_E,0
