t,node_id,sku,on_hand,backlog_external,backlog_children,pipeline_in
0,Supplier,SKU_A,0,0,0,0
0,Supplier,SKU_B,0,0,0,0
0,Supplier,SKU_C,0,0,0,0
0,Supplier,SKU_D,0,0,0,0
0,Supplier,SKU_E,0,0,0,0
0,W1,SKU_A,1766,0,0,0
0,W1,SKU_B,943,0,0,0
0,W1,SKU_C,1245,0,0,0
0,W1,SKU_D,805,0,0,0
0,W1,SKU_E,668,0,0,0
0,W2,SKU_A,1610,0,0,0
0,W2,SKU_B,535,0,0,0
0,W2,SKU_C,1069,0,0,0
0,W2,SKU_D,813,0,0,0
0,W2,SKU_E,672,0,0,0
0,R1,SKU_A,438,0,0,0
0,R1,SKU_B,220,0,0,0
0,R1,SKU_C,370,0,0,0
0,R1,SKU_D,193,0,0,0
0,R1,SKU_E,126,0,0,0
0,R2,SKU_A,371,0,0,0
0,R2,SKU_B,254,0,0,0
0,R2,SKU_C,228,0,0,0
0,R2,SKU_D,183,0,0,0
0,R2,SKU_E,199,0,0,0
0,R3,SKU_A,959,0,0,0
0,R3,SKU_B,334,0,0,0
0,R3,SKU_C,648,0,0,0
0,R3,SKU_D,492,0,0,0
0,R3,SKU_E,408,0,0,0
1,Supplier,SKU_A,0,0,0,0
1,Supplier,SKU_B,0,0,0,0
1,Supplier,SKU_C,0,0,0,0
1,Supplier,SKU_D,0,0,0,0
1,Supplier,SKU_E,0,0,0,0
1,W1,SKU_A,1306,0,0,178
1,W1,SKU_B,811,0,0,772
1,W1,SKU_C,978,0,0,0
1,W1,SKU_D,483,0,0,592
1,W1,SKU_E,145,0,0,0
1,W2,SKU_A,1018,0,0,1466
1,W2,SKU_B,58,0,0,431
1,W2,SKU_C,0,0,468,1432
1,W2,SKU_D,0,0,130,1280
1,W2,SKU_E,0,0,238,1063
1,R1,SKU_A,344,0,0,55
1,R1,SKU_B,192,0,0,132
1,R1,SKU_C,304,0,0,84
1,R1,SKU_D,163,0,0,192
1,R1,SKU_E,99,0,0,187
1,R2,SKU_A,259,0,0,405
1,R2,SKU_B,203,0,0,0
1,R2,SKU_C,171,0,0,183
1,R2,SKU_D,143,0,0,130
1,R2,SKU_E,161,0,0,336
1,R3,SKU_A,790,0,0,592
1,R3,SKU_B,295,0,0,477
1,R3,SKU_C,540,0,0,1069
1,R3,SKU_D,419,0,0,813
1,R3,SKU_E,350,0,0,672
2,Supplier,SKU_A,0,0,0,0
2,Supplier,SKU_B,0,0,0,0
2,Supplier,SKU_C,0,0,0,0
2,Supplier,SKU_D,0,0,0,0
2,Supplier,SKU_E,0,0,0,0
2,W1,SKU_A,1100,0,0,638
2,W1,SKU_B,750,0,0,904
2,W1,SKU_C,855,0,0,176
2,W1,SKU_D,413,0,0,914
2,W1,SKU_E,80,0,0,66
2,W2,SKU_A,849,0,0,2058
2,W2,SKU_B,19,0,0,908
2,W2,SKU_C,0,0,576,2969
2,W2,SKU_D,0,0,203,2223
2,W2,SKU_E,0,0,296,1973
2,R1,SKU_A,258,0,0,149
2,R1,SKU_B,167,0,0,160
2,R1,SKU_C,246,0,0,150
2,R1,SKU_D,131,0,0,222
2,R1,SKU_E,57,0,0,214
2,R2,SKU_A,176,0,0,517
2,R2,SKU_B,160,0,0,33
2,R2,SKU_C,119,0,0,240
2,R2,SKU_D,112,0,0,170
2,R2,SKU_E,133,0,0,374
2,R3,SKU_A,594,0,0,761
2,R3,SKU_B,257,0,0,516
2,R3,SKU_C,474,0,0,1069
2,R3,SKU_D,361,0,0,813
2,R3,SKU_E,284,0,0,672
3,Supplier,SKU_A,0,0,0,0
3,Supplier,SKU_B,0,0,0,0
3,Supplier,SKU_C,0,0,0,0
3,Supplier,SKU_D,0,0,0,0
3,Supplier,SKU_E,0,0,0,0
3,W1,SKU_A,931,0,0,844
3,W1,SKU_B,682,0,0,965
3,W1,SKU_C,745,0,0,299
3,W1,SKU_D,350,0,0,984
3,W1,SKU_E,10,0,0,131
3,W2,SKU_A,653,0,0,2227
3,W2,SKU_B,0,0,19,947
3,W2,SKU_C,0,0,642,3077
3,W2,SKU_D,0,0,261,2296
3,W2,SKU_E,0,0,362,2031
3,R1,SKU_A,225,0,0,180
3,R1,SKU_B,270,0,0,53
3,R1,SKU_C,266,0,0,124
3,R1,SKU_D,286,0,0,62
3,R1,SKU_E,210,0,0,69
3,R2,SKU_A,86,0,0,600
3,R2,SKU_B,105,0,0,76
3,R2,SKU_C,77,0,0,292
3,R2,SKU_D,75,0,0,201
3,R2,SKU_E,111,0,0,402
3,R3,SKU_A,448,0,0,957
3,R3,SKU_B,213,0,0,535
3,R3,SKU_C,384,0,0,1069
3,R3,SKU_D,299,0,0,813
3,R3,SKU_E,235,0,0,672
4,Supplier,SKU_A,0,0,0,0
4,Supplier,SKU_B,0,0,0,0
4,Supplier,SKU_C,0,0,0,0
4,Supplier,SKU_D,0,0,0,0
4,Supplier,SKU_E,0,0,0,0
4,W1,SKU_A,753,0,0,1013
4,W1,SKU_B,598,0,0,1033
4,W1,SKU_C,639,0,0,409
4,W1,SKU_D,276,0,0,1047
4,W1,SKU_E,0,0,46,201
4,W2,SKU_A,507,0,0,2423
4,W2,SKU_B,0,0,63,985
4,W2,SKU_C,0,0,732,3143
4,W2,SKU_D,0,0,323,2354
4,W2,SKU_E,0,0,411,2097
4,R1,SKU_A,232,0,0,174
4,R1,SKU_B,257,0,0,54
4,R1,SKU_C,251,0,0,122
4,R1,SKU_D,275,0,0,69
4,R1,SKU_E,193,0,0,52
4,R2,SKU_A,390,0,0,285
4,R2,SKU_B,42,0,0,131
4,R2,SKU_C,204,0,0,151
4,R2,SKU_D,162,0,0,108
4,R2,SKU_E,423,0,0,66
4,R3,SKU_A,267,0,0,1103
4,R3,SKU_B,147,0,0,535
4,R3,SKU_C,269,0,0,1069
4,R3,SKU_D,220,0,0,813
4,R3,SKU_E,171,0,0,672
5,Supplier,SKU_A,0,0,0,0
5,Supplier,SKU_B,0,0,0,0
5,Supplier,SKU_C,0,0,0,0
5,Supplier,SKU_D,0,0,0,0
5,Supplier,SKU_E,0,0,0,0
5,W1,SKU_A,565,0,0,1191
5,W1,SKU_B,494,0,0,1117
5,W1,SKU_C,502,0,0,515
5,W1,SKU_D,192,0,0,1121
5,W1,SKU_E,0,0,114,257
5,W2,SKU_A,326,0,0,2569
5,W2,SKU_B,0,0,129,1029
5,W2,SKU_C,0,0,847,3233
5,W2,SKU_D,0,0,402,2416
5,W2,SKU_E,0,0,475,2146
5,R1,SKU_A,190,0,0,175
5,R1,SKU_B,205,0,0,70
5,R1,SKU_C,201,0,0,145
5,R1,SKU_D,260,0,0,78
5,R1,SKU_E,176,0,0,10
5,R2,SKU_A,394,0,0,274
5,R2,SKU_B,5,0,0,161
5,R2,SKU_C,172,0,0,150
5,R2,SKU_D,147,0,0,111
5,R2,SKU_E,406,0,0,28
5,R3,SKU_A,613,0,0,692
5,R3,SKU_B,558,0,0,58
5,R3,SKU_C,1175,0,0,0
5,R3,SKU_D,932,0,0,0
5,R3,SKU_E,766,0,0,0
6,Supplier,SKU_A,0,0,0,0
6,Supplier,SKU_B,0,0,0,0
6,Supplier,SKU_C,0,0,0,0
6,Supplier,SKU_D,0,0,0,0
6,Supplier,SKU_E,0,0,0,0
6,W1,SKU_A,507,0,0,1201
6,W1,SKU_B,1119,0,0,449
6,W1,SKU_C,305,0,0,652
6,W1,SKU_D,682,0,0,613
6,W1,SKU_E,0,0,228,325
6,W2,SKU_A,80,0,0,2750
6,W2,SKU_B,0,0,195,1095
6,W2,SKU_C,0,0,1010,3348
6,W2,SKU_D,0,0,503,2495
6,W2,SKU_E,0,0,552,2210
6,R1,SKU_A,112,0,0,215
6,R1,SKU_B,154,0,0,118
6,R1,SKU_C,150,0,0,189
6,R1,SKU_D,233,0,0,88
6,R1,SKU_E,119,0,0,0
6,R2,SKU_A,358,0,0,299
6,R2,SKU_B,0,26,0,188
6,R2,SKU_C,120,0,0,187
6,R2,SKU_D,130,0,0,135
6,R2,SKU_E,367,0,0,0
6,R3,SKU_A,526,0,0,769
6,R3,SKU_B,538,0,0,19
6,R3,SKU_C,1026,0,0,0
6,R3,SKU_D,829,0,0,0
6,R3,SKU_E,639,0,0,0
7,Supplier,SKU_A,0,0,0,0
7,Supplier,SKU_B,0,0,0,0
7,Supplier,SKU_C,0,0,0,0
7,Supplier,SKU_D,0,0,0,0
7,Supplier,SKU_E,0,0,0,0
7,W1,SKU_A,682,0,0,977
7,W1,SKU_B,1097,0,0,464
7,W1,SKU_C,262,0,0,673
7,W1,SKU_D,892,0,0,393
7,W1,SKU_E,0,0,296,373
7,W2,SKU_A,1290,0,0,1530
7,W2,SKU_B,177,0,0,730
7,W2,SKU_C,273,0,0,2079
7,W2,SKU_D,674,0,0,1316
7,W2,SKU_E,384,0,0,1224
7,R1,SKU_A,63,0,0,294
7,R1,SKU_B,117,0,0,157
7,R1,SKU_C,109,0,0,223
7,R1,SKU_D,211,0,0,111
7,R1,SKU_E,59,0,0,66
7,R2,SKU_A,323,0,0,328
7,R2,SKU_B,0,37,0,207
7,R2,SKU_C,81,0,0,249
7,R2,SKU_D,126,0,0,146
7,R2,SKU_E,312,0,0,0
7,R3,SKU_A,482,0,0,829
7,R3,SKU_B,461,0,0,254
7,R3,SKU_C,884,0,0,1159
7,R3,SKU_D,724,0,0,606
7,R3,SKU_E,542,0,0,679
8,Supplier,SKU_A,0,0,0,0
8,Supplier,SKU_B,0,0,0,0
8,Supplier,SKU_C,0,0,0,0
8,Supplier,SKU_D,0,0,0,0
8,Supplier,SKU_E,0,0,0,0
8,W1,SKU_A,627,0,0,1056
8,W1,SKU_B,1014,0,0,557
8,W1,SKU_C,182,0,0,769
8,W1,SKU_D,858,0,0,435
8,W1,SKU_E,0,0,346,442
8,W2,SKU_A,1642,0,0,1194
8,W2,SKU_B,558,0,0,312
8,W2,SKU_C,1668,0,0,691
8,W2,SKU_D,1512,0,0,476
8,W2,SKU_E,1197,0,0,441
8,R1,SKU_A,93,0,0,302
8,R1,SKU_B,142,0,0,158
8,R1,SKU_C,156,0,0,237
8,R1,SKU_D,223,0,0,127
8,R1,SKU_E,13,0,0,131
8,R2,SKU_A,319,0,0,352
8,R2,SKU_B,0,30,0,210
8,R2,SKU_C,86,0,0,274
8,R2,SKU_D,140,0,0,144
8,R2,SKU_E,270,0,0,0
8,R3,SKU_A,449,0,0,923
8,R3,SKU_B,396,0,0,350
8,R3,SKU_C,774,0,0,1301
8,R3,SKU_D,647,0,0,711
8,R3,SKU_E,470,0,0,776
9,Supplier,SKU_A,0,0,0,0
9,Supplier,SKU_B,0,0,0,0
9,Supplier,SKU_C,0,0,0,0
9,Supplier,SKU_D,0,0,0,0
9,Supplier,SKU_E,0,0,0,0
9,W1,SKU_A,593,0,0,1148
9,W1,SKU_B,974,0,0,633
9,W1,SKU_C,180,0,0,862
9,W1,SKU_D,857,0,0,476
9,W1,SKU_E,0,0,364,487
9,W2,SKU_A,1632,0,0,1265
9,W2,SKU_B,532,0,0,369
9,W2,SKU_C,1666,0,0,725
9,W2,SKU_D,1508,0,0,508
9,W2,SKU_E,1183,0,0,480
9,R1,SKU_A,164,0,0,234
9,R1,SKU_B,192,0,0,130
9,R1,SKU_C,223,0,0,183
9,R1,SKU_D,253,0,0,98
9,R1,SKU_E,44,0,0,135
9,R2,SKU_A,322,0,0,349
9,R2,SKU_B,4,0,0,196
9,R2,SKU_C,119,0,0,236
9,R2,SKU_D,142,0,0,118
9,R2,SKU_E,226,0,0,0
9,R3,SKU_A,501,0,0,921
9,R3,SKU_B,332,0,0,415
9,R3,SKU_C,686,0,0,1411
9,R3,SKU_D,576,0,0,788
9,R3,SKU_E,402,0,0,848
10,Supplier,SKU_A,0,0,0,0
10,Supplier,SKU_B,0,0,0,0
10,Supplier,SKU_C,0,0,0,0
10,Supplier,SKU_D,0,0,0,0
10,Supplier,SKU_E,0,0,0,0
10,W1,SKU_A,571,0,0,1173
10,W1,SKU_B,992,0,0,657
10,W1,SKU_C,182,0,0,868
10,W1,SKU_D,844,0,0,466
10,W1,SKU_E,0,0,387,519
10,W2,SKU_A,1699,0,0,1248
10,W2,SKU_B,506,0,0,396
10,W2,SKU_C,1644,0,0,769
10,W2,SKU_D,1495,0,0,527
10,W2,SKU_E,1181,0,0,486
10,R1,SKU_A,189,0,0,193
10,R1,SKU_B,240,0,0,82
10,R1,SKU_C,264,0,0,109
10,R1,SKU_D,273,0,0,69
10,R1,SKU_E,78,0,0,126
10,R2,SKU_A,339,0,0,335
10,R2,SKU_B,32,0,0,158
10,R2,SKU_C,173,0,0,188
10,R2,SKU_D,160,0,0,123
10,R2,SKU_E,185,0,0,0
10,R3,SKU_A,547,0,0,804
10,R3,SKU_B,275,0,0,479
10,R3,SKU_C,598,0,0,1499
10,R3,SKU_D,502,0,0,859
10,R3,SKU_E,332,0,0,916
11,Supplier,SKU_A,0,0,0,0
11,Supplier,SKU_B,0,0,0,0
11,Supplier,SKU_C,0,0,0,0
11,Supplier,SKU_D,0,0,0,0
11,Supplier,SKU_E,0,0,0,0
11,W1,SKU_A,546,0,0,1185
11,W1,SKU_B,1020,0,0,619
11,W1,SKU_C,188,0,0,835
11,W1,SKU_D,855,0,0,469
11,W1,SKU_E,0,0,391,530
11,W2,SKU_A,1645,0,0,1231
11,W2,SKU_B,493,0,0,416
11,W2,SKU_C,1646,0,0,767
11,W2,SKU_D,1483,0,0,536
11,W2,SKU_E,1160,0,0,505
11,R1,SKU_A,191,0,0,206
11,R1,SKU_B,247,0,0,60
11,R1,SKU_C,261,0,0,129
11,R1,SKU_D,268,0,0,77
11,R1,SKU_E,98,0,0,124
11,R2,SKU_A,367,0,0,312
11,R2,SKU_B,64,0,0,138
11,R2,SKU_C,215,0,0,157
11,R2,SKU_D,172,0,0,112
11,R2,SKU_E,138,0,0,0
11,R3,SKU_A,619,0,0,748
11,R3,SKU_B,447,0,0,282
11,R3,SKU_C,1644,0,0,428
11,R3,SKU_D,1022,0,0,327
11,R3,SKU_E,912,0,0,307
12,Supplier,SKU_A,0,0,0,0
12,Supplier,SKU_B,0,0,0,0
12,Supplier,SKU_C,0,0,0,0
12,Supplier,SKU_D,0,0,0,0
12,Supplier,SKU_E,0,0,0,0
12,W1,SKU_A,589,0,0,1162
12,W1,SKU_B,1088,0,0,548
12,W1,SKU_C,282,0,0,769
12,W1,SKU_D,888,0,0,440
12,W1,SKU_E,0,0,374,488
12,W2,SKU_A,1642,0,0,1250
12,W2,SKU_B,477,0,0,407
12,W2,SKU_C,1648,0,0,740
12,W2,SKU_D,1476,0,0,531
12,W2,SKU_E,1125,0,0,511
12,R1,SKU_A,146,0,0,207
12,R1,SKU_B,207,0,0,75
12,R1,SKU_C,238,0,0,145
12,R1,SKU_D,264,0,0,83
12,R1,SKU_E,102,0,0,159
12,R2,SKU_A,365,0,0,304
12,R2,SKU_B,38,0,0,116
12,R2,SKU_C,214,0,0,145
12,R2,SKU_D,152,0,0,112
12,R2,SKU_E,82,0,0,23
12,R3,SKU_A,641,0,0,692
12,R3,SKU_B,470,0,0,268
12,R3,SKU_C,1627,0,0,399
12,R3,SKU_D,1033,0,0,308
12,R3,SKU_E,917,0,0,309
13,Supplier,SKU_A,0,0,0,0
13,Supplier,SKU_B,0,0,0,0
13,Supplier,SKU_C,0,0,0,0
13,Supplier,SKU_D,0,0,0,0
13,Supplier,SKU_E,0,0,0,0
13,W1,SKU_A,627,0,0,1070
13,W1,SKU_B,1090,0,0,473
13,W1,SKU_C,378,0,0,653
13,W1,SKU_D,913,0,0,397
13,W1,SKU_E,0,0,348,451
13,W2,SKU_A,1670,0,0,1188
13,W2,SKU_B,470,0,0,423
13,W2,SKU_C,1652,0,0,690
13,W2,SKU_D,1483,0,0,516
13,W2,SKU_E,1110,0,0,533
13,R1,SKU_A,102,0,0,236
13,R1,SKU_B,148,0,0,115
13,R1,SKU_C,217,0,0,135
13,R1,SKU_D,239,0,0,78
13,R1,SKU_E,100,0,0,143
13,R2,SKU_A,337,0,0,306
13,R2,SKU_B,12,0,0,162
13,R2,SKU_C,200,0,0,141
13,R2,SKU_D,151,0,0,108
13,R2,SKU_E,25,0,0,105
13,R3,SKU_A,533,0,0,731
13,R3,SKU_B,419,0,0,276
13,R3,SKU_C,1523,0,0,448
13,R3,SKU_D,972,0,0,325
13,R3,SKU_E,862,0,0,329
14,Supplier,SKU_A,0,0,0,0
14,Supplier,SKU_B,0,0,0,0
14,Supplier,SKU_C,0,0,0,0
14,Supplier,SKU_D,0,0,0,0
14,Supplier,SKU_E,0,0,0,0
14,W1,SKU_A,600,0,0,1056
14,W1,SKU_B,1083,0,0,481
14,W1,SKU_C,409,0,0,573
14,W1,SKU_D,895,0,0,380
14,W1,SKU_E,0,0,360,444
14,W2,SKU_A,1639,0,0,1150
14,W2,SKU_B,413,0,0,437
14,W2,SKU_C,1587,0,0,700
14,W2,SKU_D,1448,0,0,507
14,W2,SKU_E,1110,0,0,498
14,R1,SKU_A,49,0,0,295
14,R1,SKU_B,122,0,0,159
14,R1,SKU_C,187,0,0,173
14,R1,SKU_D,219,0,0,106
14,R1,SKU_E,113,0,0,122
14,R2,SKU_A,310,0,0,337
14,R2,SKU_B,9,0,0,178
14,R2,SKU_C,199,0,0,161
14,R2,SKU_D,136,0,0,132
14,R2,SKU_E,0,28,0,150
14,R3,SKU_A,348,0,0,889
14,R3,SKU_B,424,0,0,328
14,R3,SKU_C,1484,0,0,574
14,R3,SKU_D,950,0,0,392
14,R3,SKU_E,854,0,0,388
15,Supplier,SKU_A,0,0,0,0
15,Supplier,SKU_B,0,0,0,0
15,Supplier,SKU_C,0,0,0,0
15,Supplier,SKU_D,0,0,0,0
15,Supplier,SKU_E,0,0,0,0
15,W1,SKU_A,525,0,0,1141
15,W1,SKU_B,1071,0,0,524
15,W1,SKU_C,376,0,0,633
15,W1,SKU_D,854,0,0,438
15,W1,SKU_E,0,0,403,483
15,W2,SKU_A,1565,0,0,1197
15,W2,SKU_B,450,0,0,457
15,W2,SKU_C,1602,0,0,772
15,W2,SKU_D,1460,0,0,540
15,W2,SKU_E,1131,0,0,528
15,R1,SKU_A,48,0,0,304
15,R1,SKU_B,158,0,0,160
15,R1,SKU_C,182,0,0,196
15,R1,SKU_D,196,0,0,128
15,R1,SKU_E,116,0,0,148
15,R2,SKU_A,312,0,0,369
15,R2,SKU_B,0,0,0,193
15,R2,SKU_C,191,0,0,173
15,R2,SKU_D,123,0,0,148
15,R2,SKU_E,0,49,0,137
15,R3,SKU_A,344,0,0,1003
15,R3,SKU_B,425,0,0,330
15,R3,SKU_C,1471,0,0,613
15,R3,SKU_D,936,0,0,411
15,R3,SKU_E,860,0,0,394
16,Supplier,SKU_A,0,0,0,0
16,Supplier,SKU_B,0,0,0,0
16,Supplier,SKU_C,0,0,0,0
16,Supplier,SKU_D,0,0,0,0
16,Supplier,SKU_E,0,0,0,0
16,W1,SKU_A,489,0,0,1219
16,W1,SKU_B,1060,0,0,578
16,W1,SKU_C,357,0,0,674
16,W1,SKU_D,838,0,0,456
16,W1,SKU_E,0,0,417,535
16,W2,SKU_A,1540,0,0,1332
16,W2,SKU_B,459,0,0,451
16,W2,SKU_C,1611,0,0,789
16,W2,SKU_D,1449,0,0,556
16,W2,SKU_E,1139,0,0,532
16,R1,SKU_A,82,0,0,290
16,R1,SKU_B,220,0,0,105
16,R1,SKU_C,231,0,0,170
16,R1,SKU_D,234,0,0,121
16,R1,SKU_E,149,0,0,127
16,R2,SKU_A,331,0,0,357
16,R2,SKU_B,36,0,0,154
16,R2,SKU_C,201,0,0,168
16,R2,SKU_D,132,0,0,141
16,R2,SKU_E,0,5,0,85
16,R3,SKU_A,355,0,0,1023
16,R3,SKU_B,451,0,0,304
16,R3,SKU_C,1498,0,0,601
16,R3,SKU_D,939,0,0,413
16,R3,SKU_E,896,0,0,359
17,Supplier,SKU_A,0,0,0,0
17,Supplier,SKU_B,0,0,0,0
17,Supplier,SKU_C,0,0,0,0
17,Supplier,SKU_D,0,0,0,0
17,Supplier,SKU_E,0,0,0,0
17,W1,SKU_A,493,0,0,1242
17,W1,SKU_B,1063,0,0,579
17,W1,SKU_C,393,0,0,666
17,W1,SKU_D,841,0,0,486
17,W1,SKU_E,0,0,420,556
17,W2,SKU_A,1496,0,0,1407
17,W2,SKU_B,467,0,0,443
17,W2,SKU_C,1613,0,0,802
17,W2,SKU_D,1437,0,0,573
17,W2,SKU_E,1144,0,0,528
17,R1,SKU_A,95,0,0,262
17,R1,SKU_B,264,0,0,61
17,R1,SKU_C,259,0,0,129
17,R1,SKU_D,251,0,0,91
17,R1,SKU_E,192,0,0,86
17,R2,SKU_A,374,0,0,312
17,R2,SKU_B,44,0,0,138
17,R2,SKU_C,238,0,0,140
17,R2,SKU_D,139,0,0,127
17,R2,SKU_E,2,0,0,75
17,R3,SKU_A,418,0,0,978
17,R3,SKU_B,468,0,0,287
17,R3,SKU_C,1582,0,0,528
17,R3,SKU_D,957,0,0,402
17,R3,SKU_E,918,0,0,330
18,Supplier,SKU_A,0,0,0,0
18,Supplier,SKU_B,0,0,0,0
18,Supplier,SKU_C,0,0,0,0
18,Supplier,SKU_D,0,0,0,0
18,Supplier,SKU_E,0,0,0,0
18,W1,SKU_A,460,0,0,1258
18,W1,SKU_B,1061,0,0,573
18,W1,SKU_C,397,0,0,658
18,W1,SKU_D,820,0,0,487
18,W1,SKU_E,0,0,396,534
18,W2,SKU_A,1541,0,0,1380
18,W2,SKU_B,468,0,0,442
18,W2,SKU_C,1626,0,0,800
18,W2,SKU_D,1435,0,0,582
18,W2,SKU_E,1144,0,0,521
18,R1,SKU_A,149,0,0,257
18,R1,SKU_B,258,0,0,54
18,R1,SKU_C,272,0,0,119
18,R1,SKU_D,294,0,0,73
18,R1,SKU_E,202,0,0,72
18,R2,SKU_A,403,0,0,273
18,R2,SKU_B,57,0,0,143
18,R2,SKU_C,257,0,0,122
18,R2,SKU_D,156,0,0,129
18,R2,SKU_E,0,22,0,127
18,R3,SKU_A,506,0,0,846
18,R3,SKU_B,528,0,0,227
18,R3,SKU_C,1665,0,0,389
18,R3,SKU_D,1011,0,0,340
18,R3,SKU_E,975,0,0,273
19,Supplier,SKU_A,0,0,0,0
19,Supplier,SKU_B,0,0,0,0
19,Supplier,SKU_C,0,0,0,0
19,Supplier,SKU_D,0,0,0,0
19,Supplier,SKU_E,0,0,0,0
19,W1,SKU_A,520,0,0,1237
19,W1,SKU_B,1137,0,0,502
19,W1,SKU_C,425,0,0,634
19,W1,SKU_D,861,0,0,490
19,W1,SKU_E,0,0,361,499
19,W2,SKU_A,1526,0,0,1351
19,W2,SKU_B,494,0,0,416
19,W2,SKU_C,1608,0,0,762
19,W2,SKU_D,1437,0,0,572
19,W2,SKU_E,1173,0,0,492
19,R1,SKU_A,133,0,0,223
19,R1,SKU_B,239,0,0,67
19,R1,SKU_C,243,0,0,129
19,R1,SKU_D,273,0,0,61
19,R1,SKU_E,177,0,0,74
19,R2,SKU_A,374,0,0,278
19,R2,SKU_B,34,0,0,136
19,R2,SKU_C,263,0,0,107
19,R2,SKU_D,151,0,0,115
19,R2,SKU_E,0,36,0,166
19,R3,SKU_A,630,0,0,731
19,R3,SKU_B,526,0,0,224
19,R3,SKU_C,1697,0,0,393
19,R3,SKU_D,1011,0,0,331
19,R3,SKU_E,970,0,0,267
20,Supplier,SKU_A,0,0,0,0
20,Supplier,SKU_B,0,0,0,0
20,Supplier,SKU_C,0,0,0,0
20,Supplier,SKU_D,0,0,0,0
20,Supplier,SKU_E,0,0,0,0
20,W1,SKU_A,547,0,0,1136
20,W1,SKU_B,1176,0,0,427
20,W1,SKU_C,474,0,0,557
20,W1,SKU_D,885,0,0,414
20,W1,SKU_E,0,0,340,445
20,W2,SKU_A,1554,0,0,1332
20,W2,SKU_B,506,0,0,399
20,W2,SKU_C,1672,0,0,734
20,W2,SKU_D,1438,0,0,562
20,W2,SKU_E,1184,0,0,470
20,R1,SKU_A,103,0,0,224
20,R1,SKU_B,175,0,0,86
20,R1,SKU_C,207,0,0,145
20,R1,SKU_D,233,0,0,69
20,R1,SKU_E,140,0,0,101
20,R2,SKU_A,329,0,0,314
20,R2,SKU_B,5,0,0,156
20,R2,SKU_C,260,0,0,106
20,R2,SKU_D,142,0,0,122
20,R2,SKU_E,0,57,0,196
20,R3,SKU_A,574,0,0,717
20,R3,SKU_B,472,0,0,229
20,R3,SKU_C,1613,0,0,387
20,R3,SKU_D,974,0,0,336
20,R3,SKU_E,947,0,0,284
21,Supplier,SKU_A,0,0,0,0
21,Supplier,SKU_B,0,0,0,0
21,Supplier,SKU_C,0,0,0,0
21,Supplier,SKU_D,0,0,0,0
21,Supplier,SKU_E,0,0,0,0
21,W1,SKU_A,526,0,0,1119
21,W1,SKU_B,1130,0,0,419
21,W1,SKU_C,472,0,0,535
21,W1,SKU_D,858,0,0,407
21,W1,SKU_E,0,0,337,420
21,W2,SKU_A,1581,0,0,1235
21,W2,SKU_B,512,0,0,344
21,W2,SKU_C,1701,0,0,615
21,W2,SKU_D,1451,0,0,517
21,W2,SKU_E,1224,0,0,424
21,R1,SKU_A,41,0,0,303
21,R1,SKU_B,134,0,0,137
21,R1,SKU_C,169,0,0,184
21,R1,SKU_D,191,0,0,134
21,R1,SKU_E,116,0,0,134
21,R2,SKU_A,297,0,0,357
21,R2,SKU_B,0,14,0,177
21,R2,SKU_C,228,0,0,118
21,R2,SKU_D,133,0,0,124
21,R2,SKU_E,0,37,0,193
21,R3,SKU_A,528,0,0,804
21,R3,SKU_B,435,0,0,283
21,R3,SKU_C,1554,0,0,486
21,R3,SKU_D,955,0,0,378
21,R3,SKU_E,929,0,0,308
22,Supplier,SKU_A,0,0,0,0
22,Supplier,SKU_B,0,0,0,0
22,Supplier,SKU_C,0,0,0,0
22,Supplier,SKU_D,0,0,0,0
22,Supplier,SKU_E,0,0,0,0
22,W1,SKU_A,491,0,0,1182
22,W1,SKU_B,1053,0,0,508
22,W1,SKU_C,429,0,0,559
22,W1,SKU_D,845,0,0,436
22,W1,SKU_E,0,0,349,455
22,W2,SKU_A,1676,0,0,1181
22,W2,SKU_B,478,0,0,395
22,W2,SKU_C,1683,0,0,673
22,W2,SKU_D,1442,0,0,549
22,W2,SKU_E,1219,0,0,435
22,R1,SKU_A,56,0,0,315
22,R1,SKU_B,134,0,0,172
22,R1,SKU_C,195,0,0,203
22,R1,SKU_D,200,0,0,143
22,R1,SKU_E,134,0,0,135
22,R2,SKU_A,294,0,0,379
22,R2,SKU_B,0,31,0,214
22,R2,SKU_C,228,0,0,151
22,R2,SKU_D,123,0,0,152
22,R2,SKU_E,0,22,0,154
22,R3,SKU_A,526,0,0,868
22,R3,SKU_B,426,0,0,320
22,R3,SKU_C,1520,0,0,556
22,R3,SKU_D,932,0,0,404
22,R3,SKU_E,932,0,0,319
23,Supplier,SKU_A,0,0,0,0
23,Supplier,SKU_B,0,0,0,0
23,Supplier,SKU_C,0,0,0,0
23,Supplier,SKU_D,0,0,0,0
23,Supplier,SKU_E,0,0,0,0
23,W1,SKU_A,475,0,0,1244
23,W1,SKU_B,1027,0,0,589
23,W1,SKU_C,436,0,0,630
23,W1,SKU_D,835,0,0,482
23,W1,SKU_E,0,0,372,485
23,W2,SKU_A,1723,0,0,1196
23,W2,SKU_B,469,0,0,432
23,W2,SKU_C,1675,0,0,717
23,W2,SKU_D,1431,0,0,563
23,W2,SKU_E,1216,0,0,452
23,R1,SKU_A,117,0,0,271
23,R1,SKU_B,197,0,0,127
23,R1,SKU_C,234,0,0,157
23,R1,SKU_D,253,0,0,102
23,R1,SKU_E,168,0,0,107
23,R2,SKU_A,333,0,0,358
23,R2,SKU_B,0,8,0,201
23,R2,SKU_C,230,0,0,142
23,R2,SKU_D,129,0,0,143
23,R2,SKU_E,16,0,0,120
23,R3,SKU_A,557,0,0,826
23,R3,SKU_B,418,0,0,329
23,R3,SKU_C,1556,0,0,534
23,R3,SKU_D,958,0,0,419
23,R3,SKU_E,949,0,0,316
24,Supplier,SKU_A,0,0,0,0
24,Supplier,SKU_B,0,0,0,0
24,Supplier,SKU_C,0,0,0,0
24,Supplier,SKU_D,0,0,0,0
24,Supplier,SKU_E,0,0,0,0
24,W1,SKU_A,511,0,0,1243
24,W1,SKU_B,1037,0,0,607
24,W1,SKU_C,433,0,0,619
24,W1,SKU_D,854,0,0,472
24,W1,SKU_E,0,0,364,510
24,W2,SKU_A,1728,0,0,1180
24,W2,SKU_B,461,0,0,441
24,W2,SKU_C,1666,0,0,740
24,W2,SKU_D,1456,0,0,579
24,W2,SKU_E,1226,0,0,456
24,R1,SKU_A,164,0,0,227
24,R1,SKU_B,248,0,0,74
24,R1,SKU_C,270,0,0,119
24,R1,SKU_D,283,0,0,72
24,R1,SKU_E,197,0,0,82
24,R2,SKU_A,393,0,0,310
24,R2,SKU_B,23,0,0,169
24,R2,SKU_C,239,0,0,136
24,R2,SKU_D,135,0,0,135
24,R2,SKU_E,43,0,0,96
24,R3,SKU_A,587,0,0,804
24,R3,SKU_B,419,0,0,332
24,R3,SKU_C,1551,0,0,534
24,R3,SKU_D,970,0,0,384
24,R3,SKU_E,964,0,0,288
25,Supplier,SKU_A,0,0,0,0
25,Supplier,SKU_B,0,0,0,0
25,Supplier,SKU_C,0,0,0,0
25,Supplier,SKU_D,0,0,0,0
25,Supplier,SKU_E,0,0,0,0
25,W1,SKU_A,523,0,0,1246
25,W1,SKU_B,1039,0,0,602
25,W1,SKU_C,427,0,0,626
25,W1,SKU_D,827,0,0,497
25,W1,SKU_E,0,0,357,502
25,W2,SKU_A,1723,0,0,1193
25,W2,SKU_B,457,0,0,449
25,W2,SKU_C,1641,0,0,760
25,W2,SKU_D,1451,0,0,561
25,W2,SKU_E,1230,0,0,439
25,R1,SKU_A,172,0,0,207
25,R1,SKU_B,245,0,0,58
25,R1,SKU_C,265,0,0,128
25,R1,SKU_D,295,0,0,60
25,R1,SKU_E,222,0,0,72
25,R2,SKU_A,422,0,0,261
25,R2,SKU_B,41,0,0,140
25,R2,SKU_C,253,0,0,107
25,R2,SKU_D,150,0,0,122
25,R2,SKU_E,34,0,0,105
25,R3,SKU_A,663,0,0,704
25,R3,SKU_B,475,0,0,282
25,R3,SKU_C,1636,0,0,449
25,R3,SKU_D,991,0,0,340
25,R3,SKU_E,975,0,0,267
26,Supplier,SKU_A,0,0,0,0
26,Supplier,SKU_B,0,0,0,0
26,Supplier,SKU_C,0,0,0,0
26,Supplier,SKU_D,0,0,0,0
26,Supplier,SKU_E,0,0,0,0
26,W1,SKU_A,577,0,0,1160
26,W1,SKU_B,1047,0,0,564
26,W1,SKU_C,438,0,0,604
26,W1,SKU_D,854,0,0,472
26,W1,SKU_E,0,0,309,462
26,W2,SKU_A,1738,0,0,1154
26,W2,SKU_B,459,0,0,453
26,W2,SKU_C,1672,0,0,729
26,W2,SKU_D,1431,0,0,558
26,W2,SKU_E,1224,0,0,435
26,R1,SKU_A,167,0,0,216
26,R1,SKU_B,217,0,0,79
26,R1,SKU_C,238,0,0,126
26,R1,SKU_D,281,0,0,60
26,R1,SKU_E,210,0,0,53
26,R2,SKU_A,452,0,0,251
26,R2,SKU_B,28,0,0,142
26,R2,SKU_C,248,0,0,126
26,R2,SKU_D,137,0,0,125
26,R2,SKU_E,14,0,0,161
26,R3,SKU_A,713,0,0,669
26,R3,SKU_B,521,0,0,243
26,R3,SKU_C,1680,0,0,404
26,R3,SKU_D,1000,0,0,342
26,R3,SKU_E,971,0,0,262
27,Supplier,SKU_A,0,0,0,0
27,Supplier,SKU_B,0,0,0,0
27,Supplier,SKU_C,0,0,0,0
27,Supplier,SKU_D,0,0,0,0
27,Supplier,SKU_E,0,0,0,0
27,W1,SKU_A,693,0,0,1068
27,W1,SKU_B,1091,0,0,502
27,W1,SKU_C,458,0,0,569
27,W1,SKU_D,891,0,0,411
27,W1,SKU_E,0,0,282,392
27,W2,SKU_A,1759,0,0,1148
27,W2,SKU_B,473,0,0,446
27,W2,SKU_C,1666,0,0,734
27,W2,SKU_D,1431,0,0,569
27,W2,SKU_E,1220,0,0,430
27,R1,SKU_A,108,0,0,224
27,R1,SKU_B,177,0,0,105
27,R1,SKU_C,177,0,0,151
27,R1,SKU_D,247,0,0,74
27,R1,SKU_E,183,0,0,69
27,R2,SKU_A,427,0,0,239
27,R2,SKU_B,0,5,0,165
27,R2,SKU_C,221,0,0,124
27,R2,SKU_D,124,0,0,135
27,R2,SKU_E,6,0,0,204
27,R3,SKU_A,642,0,0,681
27,R3,SKU_B,491,0,0,225
27,R3,SKU_C,1600,0,0,396
27,R3,SKU_D,987,0,0,336
27,R3,SKU_E,933,0,0,280
28,Supplier,SKU_A,0,0,0,0
28,Supplier,SKU_B,0,0,0,0
28,Supplier,SKU_C,0,0,0,0
28,Supplier,SKU_D,0,0,0,0
28,Supplier,SKU_E,0,0,0,0
28,W1,SKU_A,693,0,0,980
28,W1,SKU_B,1099,0,0,470
28,W1,SKU_C,432,0,0,530
28,W1,SKU_D,889,0,0,390
28,W1,SKU_E,0,0,281,388
28,W2,SKU_A,1791,0,0,1057
28,W2,SKU_B,488,0,0,383
28,W2,SKU_C,1662,0,0,650
28,W2,SKU_D,1444,0,0,537
28,W2,SKU_E,1202,0,0,428
28,R1,SKU_A,56,0,0,271
28,R1,SKU_B,155,0,0,126
28,R1,SKU_C,137,0,0,216
28,R1,SKU_D,216,0,0,108
28,R1,SKU_E,144,0,0,111
28,R2,SKU_A,395,0,0,276
28,R2,SKU_B,0,31,0,197
28,R2,SKU_C,199,0,0,154
28,R2,SKU_D,117,0,0,146
28,R2,SKU_E,1,0,0,209
28,R3,SKU_A,597,0,0,741
28,R3,SKU_B,498,0,0,256
28,R3,SKU_C,1599,0,0,490
28,R3,SKU_D,967,0,0,390
28,R3,SKU_E,918,0,0,332
29,Supplier,SKU_A,0,0,0,0
29,Supplier,SKU_B,0,0,0,0
29,Supplier,SKU_C,0,0,0,0
29,Supplier,SKU_D,0,0,0,0
29,Supplier,SKU_E,0,0,0,0
29,W1,SKU_A,647,0,0,1026
29,W1,SKU_B,1057,0,0,517
29,W1,SKU_C,361,0,0,634
29,W1,SKU_D,858,0,0,428
29,W1,SKU_E,0,0,285,394
29,W2,SKU_A,1797,0,0,1066
29,W2,SKU_B,524,0,0,385
29,W2,SKU_C,1711,0,0,694
29,W2,SKU_D,1468,0,0,547
29,W2,SKU_E,1215,0,0,452
29,R1,SKU_A,46,0,0,327
29,R1,SKU_B,160,0,0,141
29,R1,SKU_C,129,0,0,227
29,R1,SKU_D,210,0,0,125
29,R1,SKU_E,157,0,0,119
29,R2,SKU_A,373,0,0,288
29,R2,SKU_B,0,25,0,212
29,R2,SKU_C,200,0,0,161
29,R2,SKU_D,123,0,0,155
29,R2,SKU_E,41,0,0,162
29,R3,SKU_A,566,0,0,794
29,R3,SKU_B,482,0,0,253
29,R3,SKU_C,1594,0,0,486
29,R3,SKU_D,974,0,0,387
29,R3,SKU_E,896,0,0,334
30,Supplier,SKU_A,0,0,0,0
30,Supplier,SKU_B,0,0,0,0
30,Supplier,SKU_C,0,0,0,0
30,Supplier,SKU_D,0,0,0,0
30,Supplier,SKU_E,0,0,0,0
30,W1,SKU_A,602,0,0,1107
30,W1,SKU_B,1028,0,0,587
30,W1,SKU_C,315,0,0,691
30,W1,SKU_D,844,0,0,468
30,W1,SKU_E,0,0,304,431
30,W2,SKU_A,1763,0,0,1122
30,W2,SKU_B,513,0,0,377
30,W2,SKU_C,1715,0,0,681
30,W2,SKU_D,1493,0,0,526
30,W2,SKU_E,1194,0,0,453
30,R1,SKU_A,108,0,0,286
30,R1,SKU_B,198,0,0,122
30,R1,SKU_C,195,0,0,199
30,R1,SKU_D,247,0,0,111
30,R1,SKU_E,178,0,0,95
30,R2,SKU_A,369,0,0,330
30,R2,SKU_B,0,9,0,195
30,R2,SKU_C,191,0,0,174
30,R2,SKU_D,139,0,0,139
30,R2,SKU_E,91,0,0,112
30,R3,SKU_A,580,0,0,801
30,R3,SKU_B,487,0,0,275
30,R3,SKU_C,1616,0,0,491
30,R3,SKU_D,1013,0,0,357
30,R3,SKU_E,908,0,0,346
31,Supplier,SKU_A,0,0,0,0
31,Supplier,SKU_B,0,0,0,0
31,Supplier,SKU_C,0,0,0,0
31,Supplier,SKU_D,0,0,0,0
31,Supplier,SKU_E,0,0,0,0
31,W1,SKU_A,601,0,0,1167
31,W1,SKU_B,1020,0,0,613
31,W1,SKU_C,310,0,0,738
31,W1,SKU_D,855,0,0,480
31,W1,SKU_E,0,0,306,449
31,W2,SKU_A,1761,0,0,1145
31,W2,SKU_B,528,0,0,389
31,W2,SKU_C,1732,0,0,691
31,W2,SKU_D,1486,0,0,542
31,W2,SKU_E,1183,0,0,488
31,R1,SKU_A,177,0,0,219
31,R1,SKU_B,217,0,0,83
31,R1,SKU_C,237,0,0,158
31,R1,SKU_D,268,0,0,77
31,R1,SKU_E,192,0,0,77
31,R2,SKU_A,396,0,0,297
31,R2,SKU_B,23,0,0,169
31,R2,SKU_C,233,0,0,154
31,R2,SKU_D,168,0,0,120
31,R2,SKU_E,104,0,0,94
31,R3,SKU_A,593,0,0,802
31,R3,SKU_B,478,0,0,277
31,R3,SKU_C,1619,0,0,468
31,R3,SKU_D,1014,0,0,329
31,R3,SKU_E,933,0,0,325
32,Supplier,SKU_A,0,0,0,0
32,Supplier,SKU_B,0,0,0,0
32,Supplier,SKU_C,0,0,0,0
32,Supplier,SKU_D,0,0,0,0
32,Supplier,SKU_E,0,0,0,0
32,W1,SKU_A,628,0,0,1136
32,W1,SKU_B,1028,0,0,591
32,W1,SKU_C,339,0,0,732
32,W1,SKU_D,861,0,0,471
32,W1,SKU_E,0,0,323,459
32,W2,SKU_A,1765,0,0,1155
32,W2,SKU_B,532,0,0,378
32,W2,SKU_C,1734,0,0,669
32,W2,SKU_D,1475,0,0,526
32,W2,SKU_E,1189,0,0,486
32,R1,SKU_A,176,0,0,196
32,R1,SKU_B,214,0,0,84
32,R1,SKU_C,256,0,0,119
32,R1,SKU_D,281,0,0,67
32,R1,SKU_E,188,0,0,84
32,R2,SKU_A,432,0,0,275
32,R2,SKU_B,45,0,0,143
32,R2,SKU_C,256,0,0,120
32,R2,SKU_D,185,0,0,95
32,R2,SKU_E,114,0,0,68
32,R3,SKU_A,634,0,0,730
32,R3,SKU_B,508,0,0,238
32,R3,SKU_C,1694,0,0,377
32,R3,SKU_D,1048,0,0,309
32,R3,SKU_E,963,0,0,280
33,Supplier,SKU_A,0,0,0,0
33,Supplier,SKU_B,0,0,0,0
33,Supplier,SKU_C,0,0,0,0
33,Supplier,SKU_D,0,0,0,0
33,Supplier,SKU_E,0,0,0,0
33,W1,SKU_A,621,0,0,1133
33,W1,SKU_B,1048,0,0,565
33,W1,SKU_C,352,0,0,688
33,W1,SKU_D,886,0,0,441
33,W1,SKU_E,0,0,293,433
33,W2,SKU_A,1762,0,0,1127
33,W2,SKU_B,521,0,0,380
33,W2,SKU_C,1720,0,0,667
33,W2,SKU_D,1501,0,0,514
33,W2,SKU_E,1190,0,0,470
33,R1,SKU_A,117,0,0,218
33,R1,SKU_B,183,0,0,106
33,R1,SKU_C,212,0,0,138
33,R1,SKU_D,258,0,0,77
33,R1,SKU_E,184,0,0,85
33,R2,SKU_A,452,0,0,229
33,R2,SKU_B,46,0,0,142
33,R2,SKU_C,257,0,0,105
33,R2,SKU_D,169,0,0,93
33,R2,SKU_E,110,0,0,100
33,R3,SKU_A,673,0,0,704
33,R3,SKU_B,471,0,0,246
33,R3,SKU_C,1685,0,0,395
33,R3,SKU_D,1049,0,0,309
33,R3,SKU_E,961,0,0,287
34,Supplier,SKU_A,0,0,0,0
34,Supplier,SKU_B,0,0,0,0
34,Supplier,SKU_C,0,0,0,0
34,Supplier,SKU_D,0,0,0,0
34,Supplier,SKU_E,0,0,0,0
34,W1,SKU_A,639,0,0,1052
34,W1,SKU_B,1083,0,0,521
34,W1,SKU_C,391,0,0,610
34,W1,SKU_D,903,0,0,393
34,W1,SKU_E,0,0,265,400
34,W2,SKU_A,1757,0,0,1145
34,W2,SKU_B,474,0,0,398
34,W2,SKU_C,1716,0,0,680
34,W2,SKU_D,1517,0,0,499
34,W2,SKU_E,1205,0,0,460
34,R1,SKU_A,26,0,0,279
34,R1,SKU_B,145,0,0,117
34,R1,SKU_C,124,0,0,183
34,R1,SKU_D,210,0,0,87
34,R1,SKU_E,161,0,0,85
34,R2,SKU_A,447,0,0,247
34,R2,SKU_B,27,0,0,140
34,R2,SKU_C,248,0,0,108
34,R2,SKU_D,161,0,0,109
34,R2,SKU_E,98,0,0,134
34,R3,SKU_A,671,0,0,687
34,R3,SKU_B,484,0,0,264
34,R3,SKU_C,1646,0,0,395
34,R3,SKU_D,1023,0,0,312
34,R3,SKU_E,981,0,0,269
35,Supplier,SKU_A,0,0,0,0
35,Supplier,SKU_B,0,0,0,0
35,Supplier,SKU_C,0,0,0,0
35,Supplier,SKU_D,0,0,0,0
35,Supplier,SKU_E,0,0,0,0
35,W1,SKU_A,640,0,0,1034
35,W1,SKU_B,1065,0,0,491
35,W1,SKU_C,348,0,0,604
35,W1,SKU_D,883,0,0,383
35,W1,SKU_E,0,0,268,374
35,W2,SKU_A,1792,0,0,1091
35,W2,SKU_B,506,0,0,397
35,W2,SKU_C,1761,0,0,596
35,W2,SKU_D,1529,0,0,464
35,W2,SKU_E,1242,0,0,425
35,R1,SKU_A,0,29,0,346
35,R1,SKU_B,139,0,0,153
35,R1,SKU_C,82,0,0,251
35,R1,SKU_D,172,0,0,138
35,R1,SKU_E,148,0,0,111
35,R2,SKU_A,450,0,0,246
35,R2,SKU_B,0,5,0,165
35,R2,SKU_C,200,0,0,139
35,R2,SKU_D,140,0,0,127
35,R2,SKU_E,61,0,0,155
35,R3,SKU_A,621,0,0,710
35,R3,SKU_B,459,0,0,278
35,R3,SKU_C,1567,0,0,461
35,R3,SKU_D,995,0,0,347
35,R3,SKU_E,965,0,0,273
36,Supplier,SKU_A,0,0,0,0
36,Supplier,SKU_B,0,0,0,0
36,Supplier,SKU_C,0,0,0,0
36,Supplier,SKU_D,0,0,0,0
36,Supplier,SKU_E,0,0,0,0
36,W1,SKU_A,619,0,0,1069
36,W1,SKU_B,1029,0,0,550
36,W1,SKU_C,303,0,0,658
36,W1,SKU_D,847,0,0,429
36,W1,SKU_E,0,0,289,395
36,W2,SKU_A,1785,0,0,1071
36,W2,SKU_B,489,0,0,403
36,W2,SKU_C,1700,0,0,644
36,W2,SKU_D,1514,0,0,486
36,W2,SKU_E,1230,0,0,425
36,R1,SKU_A,0,35,0,364
36,R1,SKU_B,155,0,0,150
36,R1,SKU_C,93,0,0,268
36,R1,SKU_D,170,0,0,163
36,R1,SKU_E,142,0,0,121
36,R2,SKU_A,411,0,0,257
36,R2,SKU_B,0,23,0,193
36,R2,SKU_C,190,0,0,176
36,R2,SKU_D,136,0,0,140
36,R2,SKU_E,70,0,0,125
36,R3,SKU_A,566,0,0,774
36,R3,SKU_B,438,0,0,296
36,R3,SKU_C,1543,0,0,520
36,R3,SKU_D,995,0,0,348
36,R3,SKU_E,946,0,0,293
37,Supplier,SKU_A,0,0,0,0
37,Supplier,SKU_B,0,0,0,0
37,Supplier,SKU_C,0,0,0,0
37,Supplier,SKU_D,0,0,0,0
37,Supplier,SKU_E,0,0,0,0
37,W1,SKU_A,523,0,0,1149
37,W1,SKU_B,998,0,0,604
37,W1,SKU_C,271,0,0,745
37,W1,SKU_D,820,0,0,488
37,W1,SKU_E,0,0,322,432
37,W2,SKU_A,1765,0,0,1100
37,W2,SKU_B,488,0,0,401
37,W2,SKU_C,1683,0,0,696
37,W2,SKU_D,1496,0,0,505
37,W2,SKU_E,1239,0,0,417
37,R1,SKU_A,37,0,0,340
37,R1,SKU_B,191,0,0,107
37,R1,SKU_C,153,0,0,214
37,R1,SKU_D,219,0,0,127
37,R1,SKU_E,170,0,0,104
37,R2,SKU_A,428,0,0,270
37,R2,SKU_B,0,27,0,211
37,R2,SKU_C,210,0,0,172
37,R2,SKU_D,153,0,0,126
37,R2,SKU_E,96,0,0,83
37,R3,SKU_A,572,0,0,798
37,R3,SKU_B,430,0,0,308
37,R3,SKU_C,1566,0,0,528
37,R3,SKU_D,951,0,0,362
37,R3,SKU_E,956,0,0,297
38,Supplier,SKU_A,0,0,0,0
38,Supplier,SKU_B,0,0,0,0
38,Supplier,SKU_C,0,0,0,0
38,Supplier,SKU_D,0,0,0,0
38,Supplier,SKU_E,0,0,0,0
38,W1,SKU_A,509,0,0,1241
38,W1,SKU_B,988,0,0,621
38,W1,SKU_C,238,0,0,800
38,W1,SKU_D,812,0,0,512
38,W1,SKU_E,0,0,320,458
38,W2,SKU_A,1754,0,0,1141
38,W2,SKU_B,464,0,0,429
38,W2,SKU_C,1670,0,0,740
38,W2,SKU_D,1439,0,0,532
38,W2,SKU_E,1238,0,0,432
38,R1,SKU_A,82,0,0,280
38,R1,SKU_B,182,0,0,101
38,R1,SKU_C,200,0,0,180
38,R1,SKU_D,245,0,0,91
38,R1,SKU_E,186,0,0,89
38,R2,SKU_A,424,0,0,266
38,R2,SKU_B,0,11,0,194
38,R2,SKU_C,222,0,0,146
38,R2,SKU_D,170,0,0,117
38,R2,SKU_E,89,0,0,84
38,R3,SKU_A,496,0,0,805
38,R3,SKU_B,476,0,0,287
38,R3,SKU_C,1535,0,0,514
38,R3,SKU_D,955,0,0,407
38,R3,SKU_E,940,0,0,292
39,Supplier,SKU_A,0,0,0,0
39,Supplier,SKU_B,0,0,0,0
39,Supplier,SKU_C,0,0,0,0
39,Supplier,SKU_D,0,0,0,0
39,Supplier,SKU_E,0,0,0,0
39,W1,SKU_A,482,0,0,1245
39,W1,SKU_B,968,0,0,625
39,W1,SKU_C,235,0,0,802
39,W1,SKU_D,807,0,0,515
39,W1,SKU_E,0,0,329,460
39,W2,SKU_A,1660,0,0,1166
39,W2,SKU_B,472,0,0,446
39,W2,SKU_C,1632,0,0,733
39,W2,SKU_D,1458,0,0,562
39,W2,SKU_E,1212,0,0,437
39,R1,SKU_A,113,0,0,247
39,R1,SKU_B,154,0,0,123
39,R1,SKU_C,212,0,0,161
39,R1,SKU_D,257,0,0,88
39,R1,SKU_E,190,0,0,77
39,R2,SKU_A,409,0,0,272
39,R2,SKU_B,0,12,0,171
39,R2,SKU_C,249,0,0,117
39,R2,SKU_D,165,0,0,97
39,R2,SKU_E,67,0,0,87
39,R3,SKU_A,457,0,0,862
39,R3,SKU_B,466,0,0,272
39,R3,SKU_C,1535,0,0,506
39,R3,SKU_D,972,0,0,380
39,R3,SKU_E,930,0,0,310
40,Supplier,SKU_A,0,0,0,0
40,Supplier,SKU_B,0,0,0,0
40,Supplier,SKU_C,0,0,0,0
40,Supplier,SKU_D,0,0,0,0
40,Supplier,SKU_E,0,0,0,0
40,W1,SKU_A,507,0,0,1209
40,W1,SKU_B,927,0,0,636
40,W1,SKU_C,262,0,0,766
40,W1,SKU_D,817,0,0,489
40,W1,SKU_E,0,0,351,464
40,W2,SKU_A,1615,0,0,1229
40,W2,SKU_B,464,0,0,429
40,W2,SKU_C,1602,0,0,755
40,W2,SKU_D,1453,0,0,557
40,W2,SKU_E,1209,0,0,448
40,R1,SKU_A,85,0,0,264
40,R1,SKU_B,149,0,0,144
40,R1,SKU_C,194,0,0,155
40,R1,SKU_D,246,0,0,89
40,R1,SKU_E,190,0,0,84
40,R2,SKU_A,416,0,0,259
40,R2,SKU_B,0,22,0,182
40,R2,SKU_C,219,0,0,117
40,R2,SKU_D,149,0,0,111
40,R2,SKU_E,25,0,0,99
40,R3,SKU_A,463,0,0,874
40,R3,SKU_B,459,0,0,271
40,R3,SKU_C,1563,0,0,493
40,R3,SKU_D,960,0,0,370
40,R3,SKU_E,903,0,0,308
41,Supplier,SKU_A,0,0,0,0
41,Supplier,SKU_B,0,0,0,0
41,Supplier,SKU_C,0,0,0,0
41,Supplier,SKU_D,0,0,0,0
41,Supplier,SKU_E,0,0,0,0
41,W1,SKU_A,532,0,0,1167
41,W1,SKU_B,951,0,0,629
41,W1,SKU_C,284,0,0,690
41,W1,SKU_D,845,0,0,449
41,W1,SKU_E,0,0,345,457
41,W2,SKU_A,1575,0,0,1287
41,W2,SKU_B,477,0,0,408
41,W2,SKU_C,1578,0,0,794
41,W2,SKU_D,1425,0,0,563
41,W2,SKU_E,1172,0,0,456
41,R1,SKU_A,16,0,0,277
41,R1,SKU_B,123,0,0,134
41,R1,SKU_C,121,0,0,186
41,R1,SKU_D,232,0,0,90
41,R1,SKU_E,179,0,0,85
41,R2,SKU_A,392,0,0,282
41,R2,SKU_B,0,57,0,206
41,R2,SKU_C,183,0,0,163
41,R2,SKU_D,124,0,0,130
41,R2,SKU_E,0,1,0,129
41,R3,SKU_A,407,0,0,877
41,R3,SKU_B,437,0,0,275
41,R3,SKU_C,1488,0,0,500
41,R3,SKU_D,922,0,0,383
41,R3,SKU_E,884,0,0,336
42,Supplier,SKU_A,0,0,0,0
42,Supplier,SKU_B,0,0,0,0
42,Supplier,SKU_C,0,0,0,0
42,Supplier,SKU_D,0,0,0,0
42,Supplier,SKU_E,0,0,0,0
42,W1,SKU_A,486,0,0,1156
42,W1,SKU_B,905,0,0,628
42,W1,SKU_C,265,0,0,677
42,W1,SKU_D,844,0,0,431
42,W1,SKU_E,0,0,351,451
42,W2,SKU_A,1501,0,0,1308
42,W2,SKU_B,441,0,0,426
42,W2,SKU_C,1525,0,0,779
42,W2,SKU_D,1395,0,0,568
42,W2,SKU_E,1142,0,0,495
42,R1,SKU_A,0,64,0,344
42,R1,SKU_B,81,0,0,154
42,R1,SKU_C,41,0,0,252
42,R1,SKU_D,217,0,0,113
42,R1,SKU_E,159,0,0,88
42,R2,SKU_A,366,0,0,298
42,R2,SKU_B,0,89,0,240
42,R2,SKU_C,160,0,0,185
42,R2,SKU_D,93,0,0,163
42,R2,SKU_E,0,29,0,152
42,R3,SKU_A,330,0,0,963
42,R3,SKU_B,427,0,0,301
42,R3,SKU_C,1412,0,0,606
42,R3,SKU_D,930,0,0,391
42,R3,SKU_E,844,0,0,369
43,Supplier,SKU_A,0,0,0,0
43,Supplier,SKU_B,0,0,0,0
43,Supplier,SKU_C,0,0,0,0
43,Supplier,SKU_D,0,0,0,0
43,Supplier,SKU_E,0,0,0,0
43,W1,SKU_A,433,0,0,1186
43,W1,SKU_B,816,0,0,697
43,W1,SKU_C,176,0,0,751
43,W1,SKU_D,821,0,0,464
43,W1,SKU_E,0,0,377,461
43,W2,SKU_A,1463,0,0,1355
43,W2,SKU_B,432,0,0,451
43,W2,SKU_C,1515,0,0,819
43,W2,SKU_D,1374,0,0,605
43,W2,SKU_E,1117,0,0,513
43,R1,SKU_A,0,79,0,413
43,R1,SKU_B,67,0,0,212
43,R1,SKU_C,9,0,0,308
43,R1,SKU_D,192,0,0,118
43,R1,SKU_E,136,0,0,115
43,R2,SKU_A,318,0,0,315
43,R2,SKU_B,0,78,0,248
43,R2,SKU_C,66,0,0,206
43,R2,SKU_D,72,0,0,169
43,R2,SKU_E,0,65,0,157
43,R3,SKU_A,396,0,0,971
43,R3,SKU_B,391,0,0,336
43,R3,SKU_C,1415,0,0,637
43,R3,SKU_D,938,0,0,432
43,R3,SKU_E,859,0,0,388
44,Supplier,SKU_A,0,0,0,0
44,Supplier,SKU_B,0,0,0,0
44,Supplier,SKU_C,0,0,0,0
44,Supplier,SKU_D,0,0,0,0
44,Supplier,SKU_E,0,0,0,0
44,W1,SKU_A,325,0,0,1317
44,W1,SKU_B,783,0,0,793
44,W1,SKU_C,16,0,0,862
44,W1,SKU_D,747,0,0,503
44,W1,SKU_E,0,0,432,515
44,W2,SKU_A,1490,0,0,1402
44,W2,SKU_B,425,0,0,457
44,W2,SKU_C,1504,0,0,864
44,W2,SKU_D,1401,0,0,627
44,W2,SKU_E,1125,0,0,539
44,R1,SKU_A,0,26,0,372
44,R1,SKU_B,98,0,0,190
44,R1,SKU_C,73,0,0,298
44,R1,SKU_D,221,0,0,130
44,R1,SKU_E,144,0,0,128
44,R2,SKU_A,312,0,0,357
44,R2,SKU_B,0,61,0,238
44,R2,SKU_C,68,0,0,270
44,R2,SKU_D,60,0,0,188
44,R2,SKU_E,0,48,0,102
44,R3,SKU_A,403,0,0,923
44,R3,SKU_B,392,0,0,347
44,R3,SKU_C,1447,0,0,626
44,R3,SKU_D,933,0,0,414
44,R3,SKU_E,842,0,0,381
45,Supplier,SKU_A,0,0,0,0
45,Supplier,SKU_B,0,0,0,0
45,Supplier,SKU_C,0,0,0,0
45,Supplier,SKU_D,0,0,0,0
45,Supplier,SKU_E,0,0,0,0
45,W1,SKU_A,288,0,0,1402
45,W1,SKU_B,782,0,0,810
45,W1,SKU_C,0,0,23,1021
45,W1,SKU_D,723,0,0,575
45,W1,SKU_E,0,0,442,563
45,W2,SKU_A,1446,0,0,1405
45,W2,SKU_B,426,0,0,468
45,W2,SKU_C,1483,0,0,906
45,W2,SKU_D,1435,0,0,570
45,W2,SKU_E,1095,0,0,545
45,R1,SKU_A,11,0,0,306
45,R1,SKU_B,124,0,0,137
45,R1,SKU_C,169,0,0,220
45,R1,SKU_D,201,0,0,109
45,R1,SKU_E,158,0,0,103
45,R2,SKU_A,315,0,0,362
45,R2,SKU_B,0,29,0,210
45,R2,SKU_C,94,0,0,255
45,R2,SKU_D,71,0,0,194
45,R2,SKU_E,0,46,0,85
45,R3,SKU_A,453,0,0,934
45,R3,SKU_B,388,0,0,338
45,R3,SKU_C,1429,0,0,609
45,R3,SKU_D,961,0,0,397
45,R3,SKU_E,876,0,0,369
46,Supplier,SKU_A,0,0,0,0
46,Supplier,SKU_B,0,0,0,0
46,Supplier,SKU_C,0,0,0,0
46,Supplier,SKU_D,0,0,0,0
46,Supplier,SKU_E,0,0,0,0
46,W1,SKU_A,241,0,0,1428
46,W1,SKU_B,788,0,0,781
46,W1,SKU_C,0,0,1,1051
46,W1,SKU_D,691,0,0,583
46,W1,SKU_E,0,0,450,555
46,W2,SKU_A,1532,0,0,1380
46,W2,SKU_B,389,0,0,492
46,W2,SKU_C,1472,0,0,882
46,W2,SKU_D,1431,0,0,585
46,W2,SKU_E,1108,0,0,554
46,R1,SKU_A,3,0,0,323
46,R1,SKU_B,118,0,0,155
46,R1,SKU_C,219,0,0,148
46,R1,SKU_D,217,0,0,109
46,R1,SKU_E,170,0,0,93
46,R2,SKU_A,327,0,0,349
46,R2,SKU_B,0,19,0,180
46,R2,SKU_C,112,0,0,250
46,R2,SKU_D,80,0,0,185
46,R2,SKU_E,0,47,0,96
46,R3,SKU_A,521,0,0,831
46,R3,SKU_B,424,0,0,324
46,R3,SKU_C,1508,0,0,559
46,R3,SKU_D,1009,0,0,344
46,R3,SKU_E,905,0,0,344
47,Supplier,SKU_A,0,0,0,0
47,Supplier,SKU_B,0,0,0,0
47,Supplier,SKU_C,0,0,0,0
47,Supplier,SKU_D,0,0,0,0
47,Supplier,SKU_E,0,0,0,0
47,W1,SKU_A,219,0,0,1458
47,W1,SKU_B,769,0,0,792
47,W1,SKU_C,44,0,0,975
47,W1,SKU_D,687,0,0,603
47,W1,SKU_E,0,0,437,562
47,W2,SKU_A,1565,0,0,1312
47,W2,SKU_B,399,0,0,504
47,W2,SKU_C,1498,0,0,885
47,W2,SKU_D,1432,0,0,579
47,W2,SKU_E,1117,0,0,549
47,R1,SKU_A,0,32,0,343
47,R1,SKU_B,104,0,0,170
47,R1,SKU_C,150,0,0,152
47,R1,SKU_D,177,0,0,134
47,R1,SKU_E,162,0,0,102
47,R2,SKU_A,345,0,0,306
47,R2,SKU_B,0,38,0,189
47,R2,SKU_C,181,0,0,160
47,R2,SKU_D,100,0,0,161
47,R2,SKU_E,0,95,0,134
47,R3,SKU_A,500,0,0,772
47,R3,SKU_B,449,0,0,304
47,R3,SKU_C,1511,0,0,510
47,R3,SKU_D,1011,0,0,312
47,R3,SKU_E,927,0,0,308
48,Supplier,SKU_A,0,0,0,0
48,Supplier,SKU_B,0,0,0,0
48,Supplier,SKU_C,0,0,0,0
48,Supplier,SKU_D,0,0,0,0
48,Supplier,SKU_E,0,0,0,0
48,W1,SKU_A,214,0,0,1423
48,W1,SKU_B,788,0,0,764
48,W1,SKU_C,34,0,0,898
48,W1,SKU_D,683,0,0,588
48,W1,SKU_E,0,0,434,537
48,W2,SKU_A,1500,0,0,1297
48,W2,SKU_B,422,0,0,486
48,W2,SKU_C,1463,0,0,874
48,W2,SKU_D,1425,0,0,556
48,W2,SKU_E,1141,0,0,511
48,R1,SKU_A,0,40,0,349
48,R1,SKU_B,117,0,0,157
48,R1,SKU_C,43,0,0,239
48,R1,SKU_D,182,0,0,133
48,R1,SKU_E,155,0,0,99
48,R2,SKU_A,346,0,0,324
48,R2,SKU_B,0,69,0,215
48,R2,SKU_C,125,0,0,180
48,R2,SKU_D,121,0,0,148
48,R2,SKU_E,0,126,0,157
48,R3,SKU_A,428,0,0,867
48,R3,SKU_B,476,0,0,278
48,R3,SKU_C,1469,0,0,541
48,R3,SKU_D,974,0,0,359
48,R3,SKU_E,917,0,0,320
49,Supplier,SKU_A,0,0,0,0
49,Supplier,SKU_B,0,0,0,0
49,Supplier,SKU_C,0,0,0,0
49,Supplier,SKU_D,0,0,0,0
49,Supplier,SKU_E,0,0,0,0
49,W1,SKU_A,249,0,0,1405
49,W1,SKU_B,822,0,0,725
49,W1,SKU_C,0,0,17,893
49,W1,SKU_D,681,0,0,602
49,W1,SKU_E,0,0,436,518
49,W2,SKU_A,1511,0,0,1309
49,W2,SKU_B,464,0,0,445
49,W2,SKU_C,1485,0,0,841
49,W2,SKU_D,1453,0,0,538
49,W2,SKU_E,1158,0,0,496
49,R1,SKU_A,0,53,0,366
49,R1,SKU_B,85,0,0,156
49,R1,SKU_C,0,5,0,324
49,R1,SKU_D,171,0,0,144
49,R1,SKU_E,149,0,0,108
49,R2,SKU_A,321,0,0,331
49,R2,SKU_B,0,127,0,250
49,R2,SKU_C,79,0,0,208
49,R2,SKU_D,136,0,0,144
49,R2,SKU_E,0,155,0,179
49,R3,SKU_A,404,0,0,898
49,R3,SKU_B,475,0,0,263
49,R3,SKU_C,1395,0,0,604
49,R3,SKU_D,940,0,0,373
49,R3,SKU_E,928,0,0,306
50,Supplier,SKU_A,0,0,0,0
50,Supplier,SKU_B,0,0,0,0
50,Supplier,SKU_C,0,0,0,0
50,Supplier,SKU_D,0,0,0,0
50,Supplier,SKU_E,0,0,0,0
50,W1,SKU_A,247,0,0,1393
50,W1,SKU_B,737,0,0,754
50,W1,SKU_C,17,0,0,895
50,W1,SKU_D,725,0,0,569
50,W1,SKU_E,0,0,439,519
50,W2,SKU_A,1520,0,0,1307
50,W2,SKU_B,474,0,0,419
50,W2,SKU_C,1466,0,0,849
50,W2,SKU_D,1445,0,0,526
50,W2,SKU_E,1179,0,0,472
50,R1,SKU_A,0,17,0,364
50,R1,SKU_B,91,0,0,189
50,R1,SKU_C,56,0,0,307
50,R1,SKU_D,198,0,0,140
50,R1,SKU_E,139,0,0,115
50,R2,SKU_A,339,0,0,355
50,R2,SKU_B,0,95,0,288
50,R2,SKU_C,94,0,0,283
50,R2,SKU_D,142,0,0,129
50,R2,SKU_E,0,128,0,202
50,R3,SKU_A,364,0,0,983
50,R3,SKU_B,475,0,0,251
50,R3,SKU_C,1345,0,0,643
50,R3,SKU_D,910,0,0,418
50,R3,SKU_E,931,0,0,317
51,Supplier,SKU_A,0,0,0,0
51,Supplier,SKU_B,0,0,0,0
51,Supplier,SKU_C,0,0,0,0
51,Supplier,SKU_D,0,0,0,0
51,Supplier,SKU_E,0,0,0,0
51,W1,SKU_A,273,0,0,1443
51,W1,SKU_B,745,0,0,855
51,W1,SKU_C,48,0,0,981
51,W1,SKU_D,735,0,0,573
51,W1,SKU_E,0,0,430,560
51,W2,SKU_A,1500,0,0,1372
51,W2,SKU_B,473,0,0,408
51,W2,SKU_C,1402,0,0,902
51,W2,SKU_D,1403,0,0,583
51,W2,SKU_E,1180,0,0,485
51,R1,SKU_A,32,0,0,326
51,R1,SKU_B,119,0,0,183
51,R1,SKU_C,151,0,0,226
51,R1,SKU_D,220,0,0,117
51,R1,SKU_E,166,0,0,115
51,R2,SKU_A,368,0,0,312
51,R2,SKU_B,0,77,0,246
51,R2,SKU_C,127,0,0,247
51,R2,SKU_D,147,0,0,119
51,R2,SKU_E,0,100,0,171
51,R3,SKU_A,424,0,0,988
51,R3,SKU_B,496,0,0,273
51,R3,SKU_C,1399,0,0,722
51,R3,SKU_D,911,0,0,443
51,R3,SKU_E,937,0,0,318
52,Supplier,SKU_A,0,0,0,0
52,Supplier,SKU_B,0,0,0,0
52,Supplier,SKU_C,0,0,0,0
52,Supplier,SKU_D,0,0,0,0
52,Supplier,SKU_E,0,0,0,0
52,W1,SKU_A,317,0,0,1396
52,W1,SKU_B,774,0,0,824
52,W1,SKU_C,38,0,0,1002
52,W1,SKU_D,763,0,0,539
52,W1,SKU_E,0,0,390,535
52,W2,SKU_A,1586,0,0,1351
52,W2,SKU_B,503,0,0,421
52,W2,SKU_C,1450,0,0,987
52,W2,SKU_D,1410,0,0,602
52,W2,SKU_E,1212,0,0,460
52,R1,SKU_A,63,0,0,281
52,R1,SKU_B,173,0,0,122
52,R1,SKU_C,200,0,0,168
52,R1,SKU_D,244,0,0,95
52,R1,SKU_E,179,0,0,91
52,R2,SKU_A,375,0,0,302
52,R2,SKU_B,0,78,0,223
52,R2,SKU_C,151,0,0,195
52,R2,SKU_D,143,0,0,122
52,R2,SKU_E,0,74,0,177
52,R3,SKU_A,561,0,0,848
52,R3,SKU_B,515,0,0,257
52,R3,SKU_C,1486,0,0,622
52,R3,SKU_D,972,0,0,412
52,R3,SKU_E,973,0,0,298
53,Supplier,SKU_A,0,0,0,0
53,Supplier,SKU_B,0,0,0,0
53,Supplier,SKU_C,0,0,0,0
53,Supplier,SKU_D,0,0,0,0
53,Supplier,SKU_E,0,0,0,0
53,W1,SKU_A,336,0,0,1360
53,W1,SKU_B,780,0,0,787
53,W1,SKU_C,22,0,0,981
53,W1,SKU_D,776,0,0,527
53,W1,SKU_E,0,0,389,515
53,W2,SKU_A,1608,0,0,1326
53,W2,SKU_B,549,0,0,378
53,W2,SKU_C,1520,0,0,904
53,W2,SKU_D,1436,0,0,606
53,W2,SKU_E,1238,0,0,450
53,R1,SKU_A,62,0,0,284
53,R1,SKU_B,192,0,0,107
53,R1,SKU_C,174,0,0,163
53,R1,SKU_D,233,0,0,94
53,R1,SKU_E,189,0,0,75
53,R2,SKU_A,390,0,0,277
53,R2,SKU_B,0,21,0,201
53,R2,SKU_C,218,0,0,136
53,R2,SKU_D,126,0,0,137
53,R2,SKU_E,0,36,0,148
53,R3,SKU_A,623,0,0,734
53,R3,SKU_B,506,0,0,239
53,R3,SKU_C,1542,0,0,524
53,R3,SKU_D,987,0,0,361
53,R3,SKU_E,975,0,0,264
54,Supplier,SKU_A,0,0,0,0
54,Supplier,SKU_B,0,0,0,0
54,Supplier,SKU_C,0,0,0,0
54,Supplier,SKU_D,0,0,0,0
54,Supplier,SKU_E,0,0,0,0
54,W1,SKU_A,387,0,0,1301
54,W1,SKU_B,834,0,0,772
54,W1,SKU_C,70,0,0,910
54,W1,SKU_D,794,0,0,495
54,W1,SKU_E,0,0,364,492
54,W2,SKU_A,1613,0,0,1269
54,W2,SKU_B,546,0,0,354
54,W2,SKU_C,1519,0,0,863
54,W2,SKU_D,1431,0,0,575
54,W2,SKU_E,1228,0,0,428
54,R1,SKU_A,50,0,0,296
54,R1,SKU_B,163,0,0,110
54,R1,SKU_C,112,0,0,203
54,R1,SKU_D,214,0,0,104
54,R1,SKU_E,173,0,0,92
54,R2,SKU_A,389,0,0,304
54,R2,SKU_B,0,60,0,214
54,R2,SKU_C,189,0,0,159
54,R2,SKU_D,128,0,0,145
54,R2,SKU_E,0,48,0,176
54,R3,SKU_A,655,0,0,679
54,R3,SKU_B,507,0,0,232
54,R3,SKU_C,1578,0,0,457
54,R3,SKU_D,987,0,0,326
54,R3,SKU_E,974,0,0,259
55,Supplier,SKU_A,0,0,0,0
55,Supplier,SKU_B,0,0,0,0
55,Supplier,SKU_C,0,0,0,0
55,Supplier,SKU_D,0,0,0,0
55,Supplier,SKU_E,0,0,0,0
55,W1,SKU_A,447,0,0,1267
55,W1,SKU_B,841,0,0,713
55,W1,SKU_C,146,0,0,806
55,W1,SKU_D,801,0,0,489
55,W1,SKU_E,0,0,326,446
55,W2,SKU_A,1675,0,0,1184
55,W2,SKU_B,532,0,0,362
55,W2,SKU_C,1533,0,0,818
55,W2,SKU_D,1421,0,0,550
55,W2,SKU_E,1226,0,0,424
55,R1,SKU_A,6,0,0,294
55,R1,SKU_B,131,0,0,132
55,R1,SKU_C,0,4,0,256
55,R1,SKU_D,180,0,0,125
55,R1,SKU_E,164,0,0,97
55,R2,SKU_A,359,0,0,291
55,R2,SKU_B,0,98,0,229
55,R2,SKU_C,143,0,0,185
55,R2,SKU_D,128,0,0,138
55,R2,SKU_E,0,27,0,183
55,R3,SKU_A,573,0,0,692
55,R3,SKU_B,495,0,0,219
55,R3,SKU_C,1536,0,0,410
55,R3,SKU_D,972,0,0,341
55,R3,SKU_E,931,0,0,274
56,Supplier,SKU_A,0,0,0,0
56,Supplier,SKU_B,0,0,0,0
56,Supplier,SKU_C,0,0,0,0
56,Supplier,SKU_D,0,0,0,0
56,Supplier,SKU_E,0,0,0,0
56,W1,SKU_A,432,0,0,1193
56,W1,SKU_B,871,0,0,650
56,W1,SKU_C,103,0,0,766
56,W1,SKU_D,777,0,0,493
56,W1,SKU_E,0,0,300,406
56,W2,SKU_A,1645,0,0,1145
56,W2,SKU_B,492,0,0,377
56,W2,SKU_C,1469,0,0,793
56,W2,SKU_D,1401,0,0,570
56,W2,SKU_E,1194,0,0,428
56,R1,SKU_A,0,50,0,340
56,R1,SKU_B,80,0,0,168
56,R1,SKU_C,0,28,0,341
56,R1,SKU_D,173,0,0,147
56,R1,SKU_E,146,0,0,100
56,R2,SKU_A,345,0,0,318
56,R2,SKU_B,0,72,0,243
56,R2,SKU_C,143,0,0,203
56,R2,SKU_D,115,0,0,137
56,R2,SKU_E,0,32,0,219
56,R3,SKU_A,436,0,0,839
56,R3,SKU_B,477,0,0,274
56,R3,SKU_C,1388,0,0,585
56,R3,SKU_D,936,0,0,382
56,R3,SKU_E,921,0,0,324
57,Supplier,SKU_A,0,0,0,0
57,Supplier,SKU_B,0,0,0,0
57,Supplier,SKU_C,0,0,0,0
57,Supplier,SKU_D,0,0,0,0
57,Supplier,SKU_E,0,0,0,0
57,W1,SKU_A,344,0,0,1284
57,W1,SKU_B,817,0,0,729
57,W1,SKU_C,22,0,0,926
57,W1,SKU_D,740,0,0,531
57,W1,SKU_E,0,0,334,430
57,W2,SKU_A,1618,0,0,1182
57,W2,SKU_B,505,0,0,401
57,W2,SKU_C,1443,0,0,846
57,W2,SKU_D,1406,0,0,570
57,W2,SKU_E,1205,0,0,457
57,R1,SKU_A,0,22,0,396
57,R1,SKU_B,107,0,0,193
57,R1,SKU_C,20,0,0,343
57,R1,SKU_D,199,0,0,145
57,R1,SKU_E,156,0,0,119
57,R2,SKU_A,351,0,0,322
57,R2,SKU_B,0,62,0,252
57,R2,SKU_C,157,0,0,211
57,R2,SKU_D,126,0,0,148
57,R2,SKU_E,0,4,0,174
57,R3,SKU_A,423,0,0,973
57,R3,SKU_B,473,0,0,295
57,R3,SKU_C,1336,0,0,720
57,R3,SKU_D,934,0,0,448
57,R3,SKU_E,889,0,0,350
58,Supplier,SKU_A,0,0,0,0
58,Supplier,SKU_B,0,0,0,0
58,Supplier,SKU_C,0,0,0,0
58,Supplier,SKU_D,0,0,0,0
58,Supplier,SKU_E,0,0,0,0
58,W1,SKU_A,353,0,0,1369
58,W1,SKU_B,836,0,0,781
58,W1,SKU_C,2,0,0,1018
58,W1,SKU_D,755,0,0,562
58,W1,SKU_E,0,0,337,479
58,W2,SKU_A,1667,0,0,1254
58,W2,SKU_B,547,0,0,376
58,W2,SKU_C,1511,0,0,861
58,W2,SKU_D,1460,0,0,580
58,W2,SKU_E,1196,0,0,460
58,R1,SKU_A,29,0,0,322
58,R1,SKU_B,123,0,0,156
58,R1,SKU_C,143,0,0,232
58,R1,SKU_D,234,0,0,106
58,R1,SKU_E,173,0,0,105
58,R2,SKU_A,341,0,0,342
58,R2,SKU_B,0,25,0,216
58,R2,SKU_C,180,0,0,191
58,R2,SKU_D,127,0,0,147
58,R2,SKU_E,42,0,0,121
58,R3,SKU_A,444,0,0,934
58,R3,SKU_B,505,0,0,272
58,R3,SKU_C,1330,0,0,730
58,R3,SKU_D,941,0,0,414
58,R3,SKU_E,896,0,0,350
59,Supplier,SKU_A,0,0,0,0
59,Supplier,SKU_B,0,0,0,0
59,Supplier,SKU_C,0,0,0,0
59,Supplier,SKU_D,0,0,0,0
59,Supplier,SKU_E,0,0,0,0
59,W1,SKU_A,366,0,0,1343
59,W1,SKU_B,866,0,0,731
59,W1,SKU_C,34,0,0,1001
59,W1,SKU_D,765,0,0,548
59,W1,SKU_E,0,0,322,463
59,W2,SKU_A,1633,0,0,1270
59,W2,SKU_B,555,0,0,377
59,W2,SKU_C,1450,0,0,926
59,W2,SKU_D,1461,0,0,552
59,W2,SKU_E,1187,0,0,476
59,R1,SKU_A,92,0,0,261
59,R1,SKU_B,148,0,0,125
59,R1,SKU_C,170,0,0,170
59,R1,SKU_D,252,0,0,86
59,R1,SKU_E,204,0,0,73
59,R2,SKU_A,373,0,0,309
59,R2,SKU_B,17,0,0,156
59,R2,SKU_C,202,0,0,148
59,R2,SKU_D,132,0,0,139
59,R2,SKU_E,90,0,0,92
59,R3,SKU_A,510,0,0,890
59,R3,SKU_B,539,0,0,234
59,R3,SKU_C,1335,0,0,705
59,R3,SKU_D,972,0,0,372
59,R3,SKU_E,928,0,0,337
60,Supplier,SKU_A,0,0,0,0
60,Supplier,SKU_B,0,0,0,0
60,Supplier,SKU_C,0,0,0,0
60,Supplier,SKU_D,0,0,0,0
60,Supplier,SKU_E,0,0,0,0
60,W1,SKU_A,388,0,0,1322
60,W1,SKU_B,833,0,0,740
60,W1,SKU_C,33,0,0,946
60,W1,SKU_D,784,0,0,524
60,W1,SKU_E,0,0,306,450
60,W2,SKU_A,1624,0,0,1301
60,W2,SKU_B,556,0,0,372
60,W2,SKU_C,1382,0,0,974
60,W2,SKU_D,1421,0,0,581
60,W2,SKU_E,1181,0,0,501
60,R1,SKU_A,43,0,0,282
60,R1,SKU_B,138,0,0,152
60,R1,SKU_C,155,0,0,193
60,R1,SKU_D,237,0,0,92
60,R1,SKU_E,212,0,0,71
60,R2,SKU_A,364,0,0,290
60,R2,SKU_B,11,0,0,154
60,R2,SKU_C,192,0,0,144
60,R2,SKU_D,147,0,0,120
60,R2,SKU_E,67,0,0,125
60,R3,SKU_A,627,0,0,755
60,R3,SKU_B,574,0,0,175
60,R3,SKU_C,1455,0,0,611
60,R3,SKU_D,997,0,0,341
60,R3,SKU_E,986,0,0,277
61,Supplier,SKU_A,0,0,0,0
61,Supplier,SKU_B,0,0,0,0
61,Supplier,SKU_C,0,0,0,0
61,Supplier,SKU_D,0,0,0,0
61,Supplier,SKU_E,0,0,0,0
61,W1,SKU_A,328,0,0,1326
61,W1,SKU_B,861,0,0,721
61,W1,SKU_C,54,0,0,919
61,W1,SKU_D,789,0,0,506
61,W1,SKU_E,0,0,282,426
61,W2,SKU_A,1649,0,0,1258
61,W2,SKU_B,560,0,0,344
61,W2,SKU_C,1382,0,0,1000
61,W2,SKU_D,1411,0,0,585
61,W2,SKU_E,1205,0,0,475
61,R1,SKU_A,28,0,0,308
61,R1,SKU_B,144,0,0,141
61,R1,SKU_C,83,0,0,220
61,R1,SKU_D,222,0,0,103
61,R1,SKU_E,206,0,0,66
61,R2,SKU_A,344,0,0,309
61,R2,SKU_B,0,8,0,179
61,R2,SKU_C,164,0,0,176
61,R2,SKU_D,135,0,0,127
61,R2,SKU_E,54,0,0,158
61,R3,SKU_A,705,0,0,648
61,R3,SKU_B,595,0,0,177
61,R3,SKU_C,1523,0,0,518
61,R3,SKU_D,1040,0,0,321
61,R3,SKU_E,991,0,0,259
62,Supplier,SKU_A,0,0,0,0
62,Supplier,SKU_B,0,0,0,0
62,Supplier,SKU_C,0,0,0,0
62,Supplier,SKU_D,0,0,0,0
62,Supplier,SKU_E,0,0,0,0
62,W1,SKU_A,367,0,0,1297
62,W1,SKU_B,923,0,0,660
62,W1,SKU_C,117,0,0,815
62,W1,SKU_D,805,0,0,481
62,W1,SKU_E,0,0,259,388
62,W2,SKU_A,1668,0,0,1210
62,W2,SKU_B,593,0,0,334
62,W2,SKU_C,1388,0,0,969
62,W2,SKU_D,1459,0,0,560
62,W2,SKU_E,1222,0,0,445
62,R1,SKU_A,0,22,0,325
62,R1,SKU_B,130,0,0,129
62,R1,SKU_C,38,0,0,257
62,R1,SKU_D,195,0,0,116
62,R1,SKU_E,195,0,0,71
62,R2,SKU_A,299,0,0,339
62,R2,SKU_B,0,39,0,199
62,R2,SKU_C,130,0,0,207
62,R2,SKU_D,142,0,0,139
62,R2,SKU_E,58,0,0,172
62,R3,SKU_A,591,0,0,691
62,R3,SKU_B,558,0,0,173
62,R3,SKU_C,1478,0,0,533
62,R3,SKU_D,981,0,0,342
62,R3,SKU_E,986,0,0,248
63,Supplier,SKU_A,0,0,0,0
63,Supplier,SKU_B,0,0,0,0
63,Supplier,SKU_C,0,0,0,0
63,Supplier,SKU_D,0,0,0,0
63,Supplier,SKU_E,0,0,0,0
63,W1,SKU_A,355,0,0,1261
63,W1,SKU_B,923,0,0,623
63,W1,SKU_C,90,0,0,831
63,W1,SKU_D,825,0,0,466
63,W1,SKU_E,0,0,237,355
63,W2,SKU_A,1685,0,0,1122
63,W2,SKU_B,610,0,0,276
63,W2,SKU_C,1453,0,0,874
63,W2,SKU_D,1469,0,0,512
63,W2,SKU_E,1251,0,0,400
63,R1,SKU_A,0,44,0,347
63,R1,SKU_B,81,0,0,160
63,R1,SKU_C,0,13,0,310
63,R1,SKU_D,186,0,0,134
63,R1,SKU_E,176,0,0,88
63,R2,SKU_A,275,0,0,383
63,R2,SKU_B,0,38,0,212
63,R2,SKU_C,104,0,0,220
63,R2,SKU_D,143,0,0,129
63,R2,SKU_E,60,0,0,193
63,R3,SKU_A,513,0,0,787
63,R3,SKU_B,526,0,0,219
63,R3,SKU_C,1483,0,0,582
63,R3,SKU_D,948,0,0,374
63,R3,SKU_E,988,0,0,260
64,Supplier,SKU_A,0,0,0,0
64,Supplier,SKU_B,0,0,0,0
64,Supplier,SKU_C,0,0,0,0
64,Supplier,SKU_D,0,0,0,0
64,Supplier,SKU_E,0,0,0,0
64,W1,SKU_A,269,0,0,1367
64,W1,SKU_B,848,0,0,694
64,W1,SKU_C,0,0,20,930
64,W1,SKU_D,799,0,0,492
64,W1,SKU_E,0,0,262,379
64,W2,SKU_A,1710,0,0,1115
64,W2,SKU_B,604,0,0,296
64,W2,SKU_C,1545,0,0,836
64,W2,SKU_D,1473,0,0,507
64,W2,SKU_E,1254,0,0,411
64,R1,SKU_A,0,11,0,380
64,R1,SKU_B,84,0,0,204
64,R1,SKU_C,50,0,0,316
64,R1,SKU_D,175,0,0,139
64,R1,SKU_E,176,0,0,96
64,R2,SKU_A,307,0,0,379
64,R2,SKU_B,0,27,0,203
64,R2,SKU_C,127,0,0,212
64,R2,SKU_D,146,0,0,124
64,R2,SKU_E,87,0,0,152
64,R3,SKU_A,481,0,0,887
64,R3,SKU_B,508,0,0,247
64,R3,SKU_C,1529,0,0,557
64,R3,SKU_D,964,0,0,396
64,R3,SKU_E,993,0,0,277
65,Supplier,SKU_A,0,0,0,0
65,Supplier,SKU_B,0,0,0,0
65,Supplier,SKU_C,0,0,0,0
65,Supplier,SKU_D,0,0,0,0
65,Supplier,SKU_E,0,0,0,0
65,W1,SKU_A,290,0,0,1440
65,W1,SKU_B,842,0,0,749
65,W1,SKU_C,0,0,41,1055
65,W1,SKU_D,769,0,0,514
65,W1,SKU_E,0,0,267,403
65,W2,SKU_A,1682,0,0,1211
65,W2,SKU_B,591,0,0,319
65,W2,SKU_C,1575,0,0,827
65,W2,SKU_D,1451,0,0,567
65,W2,SKU_E,1285,0,0,402
65,R1,SKU_A,31,0,0,314
65,R1,SKU_B,100,0,0,175
65,R1,SKU_C,139,0,0,245
65,R1,SKU_D,207,0,0,136
65,R1,SKU_E,191,0,0,90
65,R2,SKU_A,330,0,0,346
65,R2,SKU_B,0,37,0,198
65,R2,SKU_C,120,0,0,172
65,R2,SKU_D,141,0,0,116
65,R2,SKU_E,116,0,0,117
65,R3,SKU_A,505,0,0,901
65,R3,SKU_B,540,0,0,241
65,R3,SKU_C,1563,0,0,537
65,R3,SKU_D,969,0,0,374
65,R3,SKU_E,1004,0,0,270
66,Supplier,SKU_A,0,0,0,0
66,Supplier,SKU_B,0,0,0,0
66,Supplier,SKU_C,0,0,0,0
66,Supplier,SKU_D,0,0,0,0
66,Supplier,SKU_E,0,0,0,0
66,W1,SKU_A,276,0,0,1420
66,W1,SKU_B,832,0,0,731
66,W1,SKU_C,0,0,14,1020
66,W1,SKU_D,760,0,0,539
66,W1,SKU_E,0,0,267,411
66,W2,SKU_A,1710,0,0,1221
66,W2,SKU_B,595,0,0,341
66,W2,SKU_C,1615,0,0,801
66,W2,SKU_D,1439,0,0,562
66,W2,SKU_E,1313,0,0,378
66,R1,SKU_A,85,0,0,272
66,R1,SKU_B,122,0,0,141
66,R1,SKU_C,193,0,0,158
66,R1,SKU_D,232,0,0,113
66,R1,SKU_E,183,0,0,73
66,R2,SKU_A,372,0,0,308
66,R2,SKU_B,0,39,0,197
66,R2,SKU_C,127,0,0,203
66,R2,SKU_D,121,0,0,140
66,R2,SKU_E,138,0,0,84
66,R3,SKU_A,544,0,0,848
66,R3,SKU_B,540,0,0,232
66,R3,SKU_C,1618,0,0,478
66,R3,SKU_D,966,0,0,392
66,R3,SKU_E,985,0,0,246
67,Supplier,SKU_A,0,0,0,0
67,Supplier,SKU_B,0,0,0,0
67,Supplier,SKU_C,0,0,0,0
67,Supplier,SKU_D,0,0,0,0
67,Supplier,SKU_E,0,0,0,0
67,W1,SKU_A,334,0,0,1378
67,W1,SKU_B,798,0,0,750
67,W1,SKU_C,0,0,3,987
67,W1,SKU_D,770,0,0,535
67,W1,SKU_E,0,0,303,411
67,W2,SKU_A,1702,0,0,1215
67,W2,SKU_B,594,0,0,333
67,W2,SKU_C,1671,0,0,741
67,W2,SKU_D,1453,0,0,563
67,W2,SKU_E,1279,0,0,369
67,R1,SKU_A,49,0,0,284
67,R1,SKU_B,105,0,0,166
67,R1,SKU_C,183,0,0,173
67,R1,SKU_D,247,0,0,82
67,R1,SKU_E,180,0,0,89
67,R2,SKU_A,363,0,0,286
67,R2,SKU_B,0,36,0,213
67,R2,SKU_C,135,0,0,214
67,R2,SKU_D,105,0,0,151
67,R2,SKU_E,95,0,0,74
67,R3,SKU_A,592,0,0,738
67,R3,SKU_B,557,0,0,191
67,R3,SKU_C,1629,0,0,393
67,R3,SKU_D,973,0,0,357
67,R3,SKU_E,978,0,0,249
68,Supplier,SKU_A,0,0,0,0
68,Supplier,SKU_B,0,0,0,0
68,Supplier,SKU_C,0,0,0,0
68,Supplier,SKU_D,0,0,0,0
68,Supplier,SKU_E,0,0,0,0
68,W1,SKU_A,327,0,0,1330
68,W1,SKU_B,790,0,0,785
68,W1,SKU_C,62,0,0,935
68,W1,SKU_D,768,0,0,516
68,W1,SKU_E,0,0,328,432
68,W2,SKU_A,1650,0,0,1205
68,W2,SKU_B,593,0,0,310
68,W2,SKU_C,1627,0,0,711
68,W2,SKU_D,1445,0,0,543
68,W2,SKU_E,1243,0,0,401
68,R1,SKU_A,0,25,0,296
68,R1,SKU_B,77,0,0,170
68,R1,SKU_C,69,0,0,201
68,R1,SKU_D,193,0,0,96
68,R1,SKU_E,139,0,0,101
68,R2,SKU_A,286,0,0,323
68,R2,SKU_B,0,82,0,212
68,R2,SKU_C,63,0,0,245
68,R2,SKU_D,77,0,0,165
68,R2,SKU_E,57,0,0,83
68,R3,SKU_A,524,0,0,708
68,R3,SKU_B,547,0,0,188
68,R3,SKU_C,1523,0,0,436
68,R3,SKU_D,926,0,0,349
68,R3,SKU_E,942,0,0,270
69,Supplier,SKU_A,0,0,0,0
69,Supplier,SKU_B,0,0,0,0
69,Supplier,SKU_C,0,0,0,0
69,Supplier,SKU_D,0,0,0,0
69,Supplier,SKU_E,0,0,0,0
69,W1,SKU_A,266,0,0,1289
69,W1,SKU_B,748,0,0,756
69,W1,SKU_C,8,0,0,859
69,W1,SKU_D,707,0,0,523
69,W1,SKU_E,0,0,375,446
69,W2,SKU_A,1529,0,0,1228
69,W2,SKU_B,556,0,0,334
69,W2,SKU_C,1545,0,0,730
69,W2,SKU_D,1359,0,0,574
69,W2,SKU_E,1205,0,0,424
69,R1,SKU_A,0,63,0,382
69,R1,SKU_B,74,0,0,186
69,R1,SKU_C,26,0,0,282
69,R1,SKU_D,159,0,0,152
69,R1,SKU_E,158,0,0,117
69,R2,SKU_A,264,0,0,390
69,R2,SKU_B,0,93,0,243
69,R2,SKU_C,100,0,0,243
69,R2,SKU_D,65,0,0,180
69,R2,SKU_E,47,0,0,68
69,R3,SKU_A,430,0,0,844
69,R3,SKU_B,534,0,0,208
69,R3,SKU_C,1398,0,0,563
69,R3,SKU_D,876,0,0,434
69,R3,SKU_E,895,0,0,328
70,Supplier,SKU_A,0,0,0,0
70,Supplier,SKU_B,0,0,0,0
70,Supplier,SKU_C,0,0,0,0
70,Supplier,SKU_D,0,0,0,0
70,Supplier,SKU_E,0,0,0,0
70,W1,SKU_A,278,0,0,1370
70,W1,SKU_B,743,0,0,794
70,W1,SKU_C,38,0,0,902
70,W1,SKU_D,671,0,0,584
70,W1,SKU_E,0,0,364,492
70,W2,SKU_A,1521,0,0,1278
70,W2,SKU_B,567,0,0,330
70,W2,SKU_C,1495,0,0,782
70,W2,SKU_D,1346,0,0,622
70,W2,SKU_E,1194,0,0,446
70,R1,SKU_A,0,84,0,396
70,R1,SKU_B,42,0,0,197
70,R1,SKU_C,0,20,0,330
70,R1,SKU_D,142,0,0,170
70,R1,SKU_E,161,0,0,111
70,R2,SKU_A,243,0,0,416
70,R2,SKU_B,0,88,0,251
70,R2,SKU_C,89,0,0,233
70,R2,SKU_D,78,0,0,196
70,R2,SKU_E,2,0,0,114
70,R3,SKU_A,288,0,0,976
70,R3,SKU_B,510,0,0,247
70,R3,SKU_C,1278,0,0,702
70,R3,SKU_D,848,0,0,467
70,R3,SKU_E,854,0,0,379
71,Supplier,SKU_A,0,0,0,0
71,Supplier,SKU_B,0,0,0,0
71,Supplier,SKU_C,0,0,0,0
71,Supplier,SKU_D,0,0,0,0
71,Supplier,SKU_E,0,0,0,0
71,W1,SKU_A,194,0,0,1452
71,W1,SKU_B,681,0,0,848
71,W1,SKU_C,0,0,55,976
71,W1,SKU_D,673,0,0,612
71,W1,SKU_E,0,0,385,500
71,W2,SKU_A,1485,0,0,1304
71,W2,SKU_B,579,0,0,333
71,W2,SKU_C,1410,0,0,886
71,W2,SKU_D,1339,0,0,634
71,W2,SKU_E,1179,0,0,471
71,R1,SKU_A,0,26,0,355
71,R1,SKU_B,65,0,0,205
71,R1,SKU_C,63,0,0,290
71,R1,SKU_D,175,0,0,147
71,R1,SKU_E,196,0,0,79
71,R2,SKU_A,269,0,0,406
71,R2,SKU_B,0,90,0,265
71,R2,SKU_C,86,0,0,205
71,R2,SKU_D,90,0,0,178
71,R2,SKU_E,0,26,0,110
71,R3,SKU_A,213,0,0,1104
71,R3,SKU_B,485,0,0,262
71,R3,SKU_C,1202,0,0,818
71,R3,SKU_D,830,0,0,510
71,R3,SKU_E,862,0,0,377
72,Supplier,SKU_A,0,0,0,0
72,Supplier,SKU_B,0,0,0,0
72,Supplier,SKU_C,0,0,0,0
72,Supplier,SKU_D,0,0,0,0
72,Supplier,SKU_E,0,0,0,0
72,W1,SKU_A,177,0,0,1502
72,W1,SKU_B,690,0,0,882
72,W1,SKU_C,0,0,73,1061
72,W1,SKU_D,663,0,0,626
72,W1,SKU_E,0,0,422,529
72,W2,SKU_A,1434,0,0,1408
72,W2,SKU_B,571,0,0,331
72,W2,SKU_C,1344,0,0,992
72,W2,SKU_D,1319,0,0,679
72,W2,SKU_E,1148,0,0,508
72,R1,SKU_A,0,11,0,345
72,R1,SKU_B,84,0,0,195
72,R1,SKU_C,98,0,0,245
72,R1,SKU_D,193,0,0,136
72,R1,SKU_E,179,0,0,79
72,R2,SKU_A,327,0,0,340
72,R2,SKU_B,0,52,0,220
72,R2,SKU_C,144,0,0,149
72,R2,SKU_D,125,0,0,152
72,R2,SKU_E,0,76,0,119
72,R3,SKU_A,248,0,0,1117
72,R3,SKU_B,496,0,0,263
72,R3,SKU_C,1267,0,0,820
72,R3,SKU_D,834,0,0,500
72,R3,SKU_E,878,0,0,365
73,Supplier,SKU_A,0,0,0,0
73,Supplier,SKU_B,0,0,0,0
73,Supplier,SKU_C,0,0,0,0
73,Supplier,SKU_D,0,0,0,0
73,Supplier,SKU_E,0,0,0,0
73,W1,SKU_A,141,0,0,1535
73,W1,SKU_B,716,0,0,858
73,W1,SKU_C,0,0,59,1057
73,W1,SKU_D,663,0,0,642
73,W1,SKU_E,0,0,444,530
73,W2,SKU_A,1393,0,0,1497
73,W2,SKU_B,549,0,0,365
73,W2,SKU_C,1331,0,0,1072
73,W2,SKU_D,1310,0,0,682
73,W2,SKU_E,1117,0,0,543
73,R1,SKU_A,40,0,0,323
73,R1,SKU_B,144,0,0,155
73,R1,SKU_C,136,0,0,212
73,R1,SKU_D,214,0,0,119
73,R1,SKU_E,175,0,0,93
73,R2,SKU_A,351,0,0,327
73,R2,SKU_B,0,22,0,202
73,R2,SKU_C,179,0,0,140
73,R2,SKU_D,145,0,0,120
73,R2,SKU_E,0,50,0,111
73,R3,SKU_A,405,0,0,984
73,R3,SKU_B,522,0,0,239
73,R3,SKU_C,1395,0,0,692
73,R3,SKU_D,894,0,0,441
73,R3,SKU_E,920,0,0,334
74,Supplier,SKU_A,0,0,0,0
74,Supplier,SKU_B,0,0,0,0
74,Supplier,SKU_C,0,0,0,0
74,Supplier,SKU_D,0,0,0,0
74,Supplier,SKU_E,0,0,0,0
74,W1,SKU_A,200,0,0,1516
74,W1,SKU_B,747,0,0,859
74,W1,SKU_C,0,0,41,1056
74,W1,SKU_D,676,0,0,621
74,W1,SKU_E,0,0,412,548
74,W2,SKU_A,1390,0,0,1524
74,W2,SKU_B,538,0,0,378
74,W2,SKU_C,1322,0,0,1081
74,W2,SKU_D,1287,0,0,706
74,W2,SKU_E,1140,0,0,531
74,R1,SKU_A,59,0,0,289
74,R1,SKU_B,139,0,0,126
74,R1,SKU_C,120,0,0,217
74,R1,SKU_D,227,0,0,108
74,R1,SKU_E,178,0,0,100
74,R2,SKU_A,371,0,0,308
74,R2,SKU_B,0,0,0,185
74,R2,SKU_C,175,0,0,157
74,R2,SKU_D,124,0,0,129
74,R2,SKU_E,0,65,0,139
74,R3,SKU_A,449,0,0,869
74,R3,SKU_B,505,0,0,220
74,R3,SKU_C,1482,0,0,566
74,R3,SKU_D,921,0,0,416
74,R3,SKU_E,928,0,0,303
75,Supplier,SKU_A,0,0,0,0
75,Supplier,SKU_B,0,0,0,0
75,Supplier,SKU_C,0,0,0,0
75,Supplier,SKU_D,0,0,0,0
75,Supplier,SKU_E,0,0,0,0
75,W1,SKU_A,347,0,0,1355
75,W1,SKU_B,820,0,0,757
75,W1,SKU_C,91,0,0,908
75,W1,SKU_D,733,0,0,554
75,W1,SKU_E,0,0,356,483
75,W2,SKU_A,1378,0,0,1465
75,W2,SKU_B,515,0,0,365
75,W2,SKU_C,1348,0,0,1016
75,W2,SKU_D,1294,0,0,701
75,W2,SKU_E,1144,0,0,504
75,R1,SKU_A,32,0,0,275
75,R1,SKU_B,121,0,0,140
75,R1,SKU_C,122,0,0,223
75,R1,SKU_D,224,0,0,102
75,R1,SKU_E,178,0,0,80
75,R2,SKU_A,363,0,0,304
75,R2,SKU_B,2,0,0,175
75,R2,SKU_C,179,0,0,189
75,R2,SKU_D,112,0,0,144
75,R2,SKU_E,0,81,0,215
75,R3,SKU_A,475,0,0,815
75,R3,SKU_B,479,0,0,252
75,R3,SKU_C,1553,0,0,498
75,R3,SKU_D,921,0,0,394
75,R3,SKU_E,923,0,0,305
76,Supplier,SKU_A,0,0,0,0
76,Supplier,SKU_B,0,0,0,0
76,Supplier,SKU_C,0,0,0,0
76,Supplier,SKU_D,0,0,0,0
76,Supplier,SKU_E,0,0,0,0
76,W1,SKU_A,348,0,0,1301
76,W1,SKU_B,848,0,0,717
76,W1,SKU_C,153,0,0,849
76,W1,SKU_D,759,0,0,522
76,W1,SKU_E,0,0,373,484
76,W2,SKU_A,1436,0,0,1379
76,W2,SKU_B,511,0,0,375
76,W2,SKU_C,1440,0,0,927
76,W2,SKU_D,1334,0,0,639
76,W2,SKU_E,1160,0,0,485
76,R1,SKU_A,0,55,0,331
76,R1,SKU_B,61,0,0,178
76,R1,SKU_C,55,0,0,226
76,R1,SKU_D,185,0,0,109
76,R1,SKU_E,166,0,0,90
76,R2,SKU_A,347,0,0,304
76,R2,SKU_B,0,30,0,166
76,R2,SKU_C,146,0,0,173
76,R2,SKU_D,91,0,0,165
76,R2,SKU_E,0,82,0,195
76,R3,SKU_A,428,0,0,842
76,R3,SKU_B,457,0,0,268
76,R3,SKU_C,1529,0,0,467
76,R3,SKU_D,906,0,0,419
76,R3,SKU_E,919,0,0,316
77,Supplier,SKU_A,0,0,0,0
77,Supplier,SKU_B,0,0,0,0
77,Supplier,SKU_C,0,0,0,0
77,Supplier,SKU_D,0,0,0,0
77,Supplier,SKU_E,0,0,0,0
77,W1,SKU_A,304,0,0,1298
77,W1,SKU_B,821,0,0,681
77,W1,SKU_C,121,0,0,768
77,W1,SKU_D,723,0,0,526
77,W1,SKU_E,0,0,383,488
77,W2,SKU_A,1432,0,0,1363
77,W2,SKU_B,494,0,0,386
77,W2,SKU_C,1475,0,0,837
77,W2,SKU_D,1349,0,0,634
77,W2,SKU_E,1172,0,0,480
77,R1,SKU_A,0,144,0,403
77,R1,SKU_B,34,0,0,204
77,R1,SKU_C,1,0,0,282
77,R1,SKU_D,142,0,0,150
77,R1,SKU_E,146,0,0,112
77,R2,SKU_A,290,0,0,331
77,R2,SKU_B,0,57,0,210
77,R2,SKU_C,122,0,0,214
77,R2,SKU_D,93,0,0,174
77,R2,SKU_E,0,82,0,172
77,R3,SKU_A,313,0,0,937
77,R3,SKU_B,401,0,0,302
77,R3,SKU_C,1496,0,0,558
77,R3,SKU_D,909,0,0,428
77,R3,SKU_E,882,0,0,324
78,Supplier,SKU_A,0,0,0,0
78,Supplier,SKU_B,0,0,0,0
78,Supplier,SKU_C,0,0,0,0
78,Supplier,SKU_D,0,0,0,0
78,Supplier,SKU_E,0,0,0,0
78,W1,SKU_A,180,0,0,1375
78,W1,SKU_B,767,0,0,751
78,W1,SKU_C,41,0,0,867
78,W1,SKU_D,692,0,0,566
78,W1,SKU_E,0,0,396,490
78,W2,SKU_A,1418,0,0,1357
78,W2,SKU_B,440,0,0,418
78,W2,SKU_C,1549,0,0,821
78,W2,SKU_D,1371,0,0,624
78,W2,SKU_E,1145,0,0,478
78,R1,SKU_A,0,99,0,451
78,R1,SKU_B,59,0,0,227
78,R1,SKU_C,0,0,0,344
78,R1,SKU_D,145,0,0,184
78,R1,SKU_E,163,0,0,112
78,R2,SKU_A,276,0,0,389
78,R2,SKU_B,0,79,0,242
78,R2,SKU_C,148,0,0,210
78,R2,SKU_D,117,0,0,160
78,R2,SKU_E,0,35,0,116
78,R3,SKU_A,250,0,0,1076
78,R3,SKU_B,358,0,0,360
78,R3,SKU_C,1457,0,0,591
78,R3,SKU_D,919,0,0,426
78,R3,SKU_E,862,0,0,372
79,Supplier,SKU_A,0,0,0,0
79,Supplier,SKU_B,0,0,0,0
79,Supplier,SKU_C,0,0,0,0
79,Supplier,SKU_D,0,0,0,0
79,Supplier,SKU_E,0,0,0,0
79,W1,SKU_A,196,0,0,1496
79,W1,SKU_B,769,0,0,807
79,W1,SKU_C,34,0,0,957
79,W1,SKU_D,692,0,0,613
79,W1,SKU_E,0,0,367,482
79,W2,SKU_A,1427,0,0,1424
79,W2,SKU_B,411,0,0,462
79,W2,SKU_C,1577,0,0,787
79,W2,SKU_D,1376,0,0,627
79,W2,SKU_E,1140,0,0,511
79,R1,SKU_A,0,37,0,375
79,R1,SKU_B,111,0,0,180
79,R1,SKU_C,49,0,0,281
79,R1,SKU_D,178,0,0,149
79,R1,SKU_E,179,0,0,93
79,R2,SKU_A,275,0,0,391
79,R2,SKU_B,0,76,0,256
79,R2,SKU_C,140,0,0,220
79,R2,SKU_D,143,0,0,139
79,R2,SKU_E,0,51,0,175
79,R3,SKU_A,267,0,0,1068
79,R3,SKU_B,377,0,0,367
79,R3,SKU_C,1482,0,0,591
79,R3,SKU_D,918,0,0,418
79,R3,SKU_E,870,0,0,369
80,Supplier,SKU_A,0,0,0,0
80,Supplier,SKU_B,0,0,0,0
80,Supplier,SKU_C,0,0,0,0
80,Supplier,SKU_D,0,0,0,0
80,Supplier,SKU_E,0,0,0,0
80,W1,SKU_A,159,0,0,1520
80,W1,SKU_B,761,0,0,837
80,W1,SKU_C,0,0,2,981
80,W1,SKU_D,703,0,0,605
80,W1,SKU_E,0,0,377,503
80,W2,SKU_A,1397,0,0,1463
80,W2,SKU_B,396,0,0,503
80,W2,SKU_C,1563,0,0,826
80,W2,SKU_D,1378,0,0,616
80,W2,SKU_E,1136,0,0,520
80,R1,SKU_A,61,0,0,296
80,R1,SKU_B,162,0,0,127
80,R1,SKU_C,88,0,0,234
80,R1,SKU_D,191,0,0,114
80,R1,SKU_E,187,0,0,79
80,R2,SKU_A,285,0,0,376
80,R2,SKU_B,0,60,0,212
80,R2,SKU_C,183,0,0,177
80,R2,SKU_D,155,0,0,113
80,R2,SKU_E,0,71,0,170
80,R3,SKU_A,341,0,0,1023
80,R3,SKU_B,386,0,0,354
80,R3,SKU_C,1491,0,0,569
80,R3,SKU_D,942,0,0,397
80,R3,SKU_E,886,0,0,358
81,Supplier,SKU_A,0,0,0,0
81,Supplier,SKU_B,0,0,0,0
81,Supplier,SKU_C,0,0,0,0
81,Supplier,SKU_D,0,0,0,0
81,Supplier,SKU_E,0,0,0,0
81,W1,SKU_A,150,0,0,1543
81,W1,SKU_B,752,0,0,816
81,W1,SKU_C,0,0,28,1001
81,W1,SKU_D,688,0,0,584
81,W1,SKU_E,0,0,399,504
81,W2,SKU_A,1372,0,0,1517
81,W2,SKU_B,375,0,0,520
81,W2,SKU_C,1536,0,0,840
81,W2,SKU_D,1382,0,0,615
81,W2,SKU_E,1126,0,0,535
81,R1,SKU_A,63,0,0,291
81,R1,SKU_B,155,0,0,124
81,R1,SKU_C,85,0,0,256
81,R1,SKU_D,186,0,0,138
81,R1,SKU_E,181,0,0,88
81,R2,SKU_A,317,0,0,336
81,R2,SKU_B,0,49,0,213
81,R2,SKU_C,197,0,0,125
81,R2,SKU_D,162,0,0,112
81,R2,SKU_E,0,83,0,158
81,R3,SKU_A,438,0,0,929
81,R3,SKU_B,385,0,0,339
81,R3,SKU_C,1541,0,0,505
81,R3,SKU_D,963,0,0,383
81,R3,SKU_E,881,0,0,349
82,Supplier,SKU_A,0,0,0,0
82,Supplier,SKU_B,0,0,0,0
82,Supplier,SKU_C,0,0,0,0
82,Supplier,SKU_D,0,0,0,0
82,Supplier,SKU_E,0,0,0,0
82,W1,SKU_A,183,0,0,1499
82,W1,SKU_B,757,0,0,813
82,W1,SKU_C,0,0,50,1030
82,W1,SKU_D,704,0,0,593
82,W1,SKU_E,0,0,404,510
82,W2,SKU_A,1421,0,0,1471
82,W2,SKU_B,374,0,0,505
82,W2,SKU_C,1534,0,0,828
82,W2,SKU_D,1391,0,0,613
82,W2,SKU_E,1125,0,0,522
82,R1,SKU_A,33,0,0,275
82,R1,SKU_B,90,0,0,136
82,R1,SKU_C,64,0,0,245
82,R1,SKU_D,159,0,0,141
82,R1,SKU_E,157,0,0,91
82,R2,SKU_A,291,0,0,348
82,R2,SKU_B,0,83,0,212
82,R2,SKU_C,170,0,0,111
82,R2,SKU_D,152,0,0,115
82,R2,SKU_E,0,69,0,127
82,R3,SKU_A,484,0,0,812
82,R3,SKU_B,379,0,0,318
82,R3,SKU_C,1462,0,0,513
82,R3,SKU_D,935,0,0,374
82,R3,SKU_E,882,0,0,325
83,Supplier,SKU_A,0,0,0,0
83,Supplier,SKU_B,0,0,0,0
83,Supplier,SKU_C,0,0,0,0
83,Supplier,SKU_D,0,0,0,0
83,Supplier,SKU_E,0,0,0,0
83,W1,SKU_A,203,0,0,1419
83,W1,SKU_B,737,0,0,745
83,W1,SKU_C,0,0,10,939
83,W1,SKU_D,721,0,0,545
83,W1,SKU_E,0,0,436,509
83,W2,SKU_A,1427,0,0,1394
83,W2,SKU_B,340,0,0,512
83,W2,SKU_C,1458,0,0,833
83,W2,SKU_D,1385,0,0,582
83,W2,SKU_E,1104,0,0,520
83,R1,SKU_A,0,5,0,324
83,R1,SKU_B,38,0,0,199
83,R1,SKU_C,18,0,0,258
83,R1,SKU_D,132,0,0,146
83,R1,SKU_E,155,0,0,109
83,R2,SKU_A,273,0,0,375
83,R2,SKU_B,0,110,0,263
83,R2,SKU_C,142,0,0,182
83,R2,SKU_D,126,0,0,130
83,R2,SKU_E,0,81,0,134
83,R3,SKU_A,392,0,0,842
83,R3,SKU_B,386,0,0,339
83,R3,SKU_C,1358,0,0,586
83,R3,SKU_D,889,0,0,410
83,R3,SKU_E,854,0,0,352
84,Supplier,SKU_A,0,0,0,0
84,Supplier,SKU_B,0,0,0,0
84,Supplier,SKU_C,0,0,0,0
84,Supplier,SKU_D,0,0,0,0
84,Supplier,SKU_E,0,0,0,0
84,W1,SKU_A,290,0,0,1352
84,W1,SKU_B,736,0,0,781
84,W1,SKU_C,0,0,19,918
84,W1,SKU_D,696,0,0,537
84,W1,SKU_E,0,0,414,530
84,W2,SKU_A,1391,0,0,1368
84,W2,SKU_B,340,0,0,540
84,W2,SKU_C,1406,0,0,854
84,W2,SKU_D,1359,0,0,598
84,W2,SKU_E,1075,0,0,548
84,R1,SKU_A,0,97,0,359
84,R1,SKU_B,0,1,0,241
84,R1,SKU_C,0,89,0,323
84,R1,SKU_D,97,0,0,192
84,R1,SKU_E,122,0,0,114
84,R2,SKU_A,265,0,0,388
84,R2,SKU_B,0,129,0,262
84,R2,SKU_C,67,0,0,227
84,R2,SKU_D,113,0,0,142
84,R2,SKU_E,0,115,0,165
84,R3,SKU_A,325,0,0,943
84,R3,SKU_B,347,0,0,358
84,R3,SKU_C,1229,0,0,715
84,R3,SKU_D,866,0,0,447
84,R3,SKU_E,845,0,0,385
85,Supplier,SKU_A,0,0,0,0
85,Supplier,SKU_B,0,0,0,0
85,Supplier,SKU_C,0,0,0,0
85,Supplier,SKU_D,0,0,0,0
85,Supplier,SKU_E,0,0,0,0
85,W1,SKU_A,188,0,0,1402
85,W1,SKU_B,660,0,0,840
85,W1,SKU_C,0,0,174,1010
85,W1,SKU_D,634,0,0,609
85,W1,SKU_E,0,0,466,529
85,W2,SKU_A,1409,0,0,1384
85,W2,SKU_B,342,0,0,518
85,W2,SKU_C,1296,0,0,964
85,W2,SKU_D,1335,0,0,636
85,W2,SKU_E,1099,0,0,548
85,R1,SKU_A,0,99,0,405
85,R1,SKU_B,37,0,0,227
85,R1,SKU_C,0,87,0,341
85,R1,SKU_D,117,0,0,203
85,R1,SKU_E,137,0,0,126
85,R2,SKU_A,300,0,0,388
85,R2,SKU_B,0,126,0,293
85,R2,SKU_C,24,0,0,188
85,R2,SKU_D,88,0,0,161
85,R2,SKU_E,0,100,0,128
85,R3,SKU_A,308,0,0,1039
85,R3,SKU_B,345,0,0,393
85,R3,SKU_C,1215,0,0,831
85,R3,SKU_D,865,0,0,473
85,R3,SKU_E,837,0,0,399
86,Supplier,SKU_A,0,0,0,0
86,Supplier,SKU_B,0,0,0,0
86,Supplier,SKU_C,0,0,0,0
86,Supplier,SKU_D,0,0,0,0
86,Supplier,SKU_E,0,0,0,0
86,W1,SKU_A,178,0,0,1491
86,W1,SKU_B,620,0,0,938
86,W1,SKU_C,0,0,224,1153
86,W1,SKU_D,594,0,0,674
86,W1,SKU_E,0,0,472,592
86,W2,SKU_A,1430,0,0,1442
86,W2,SKU_B,362,0,0,531
86,W2,SKU_C,1294,0,0,1068
86,W2,SKU_D,1328,0,0,668
86,W2,SKU_E,1101,0,0,552
86,R1,SKU_A,0,89,0,418
86,R1,SKU_B,85,0,0,200
86,R1,SKU_C,0,17,0,338
86,R1,SKU_D,161,0,0,161
86,R1,SKU_E,148,0,0,127
86,R2,SKU_A,313,0,0,339
86,R2,SKU_B,0,78,0,255
86,R2,SKU_C,89,0,0,68
86,R2,SKU_D,98,0,0,179
86,R2,SKU_E,0,107,0,122
86,R3,SKU_A,276,0,0,1059
86,R3,SKU_B,366,0,0,379
86,R3,SKU_C,1223,0,0,831
86,R3,SKU_D,880,0,0,481
86,R3,SKU_E,844,0,0,393
87,Supplier,SKU_A,0,0,0,0
87,Supplier,SKU_B,0,0,0,0
87,Supplier,SKU_C,0,0,0,0
87,Supplier,SKU_D,0,0,0,0
87,Supplier,SKU_E,0,0,0,0
87,W1,SKU_A,141,0,0,1515
87,W1,SKU_B,641,0,0,948
87,W1,SKU_C,0,0,206,1197
87,W1,SKU_D,620,0,0,678
87,W1,SKU_E,0,0,452,577
87,W2,SKU_A,1430,0,0,1430
87,W2,SKU_B,363,0,0,537
87,W2,SKU_C,1275,0,0,1095
87,W2,SKU_D,1353,0,0,666
87,W2,SKU_E,1099,0,0,555
87,R1,SKU_A,0,1,0,351
87,R1,SKU_B,126,0,0,155
87,R1,SKU_C,42,0,0,308
87,R1,SKU_D,187,0,0,128
87,R1,SKU_E,183,0,0,88
87,R2,SKU_A,363,0,0,335
87,R2,SKU_B,0,38,0,231
87,R2,SKU_C,124,0,0,48
87,R2,SKU_D,139,0,0,158
87,R2,SKU_E,0,91,0,122
87,R3,SKU_A,394,0,0,1020
87,R3,SKU_B,418,0,0,331
87,R3,SKU_C,1312,0,0,752
87,R3,SKU_D,921,0,0,429
87,R3,SKU_E,889,0,0,363
88,Supplier,SKU_A,0,0,0,0
88,Supplier,SKU_B,0,0,0,0
88,Supplier,SKU_C,0,0,0,0
88,Supplier,SKU_D,0,0,0,0
88,Supplier,SKU_E,0,0,0,0
88,W1,SKU_A,182,0,0,1541
88,W1,SKU_B,672,0,0,929
88,W1,SKU_C,0,0,169,1186
88,W1,SKU_D,634,0,0,677
88,W1,SKU_E,0,0,441,558
88,W2,SKU_A,1480,0,0,1459
88,W2,SKU_B,372,0,0,532
88,W2,SKU_C,1279,0,0,1101
88,W2,SKU_D,1364,0,0,644
88,W2,SKU_E,1107,0,0,562
88,R1,SKU_A,41,0,0,307
88,R1,SKU_B,130,0,0,138
88,R1,SKU_C,72,0,0,237
88,R1,SKU_D,185,0,0,133
88,R1,SKU_E,184,0,0,80
88,R2,SKU_A,380,0,0,290
88,R2,SKU_B,0,25,0,171
88,R2,SKU_C,78,0,0,118
88,R2,SKU_D,168,0,0,116
88,R2,SKU_E,0,109,0,166
88,R3,SKU_A,502,0,0,840
88,R3,SKU_B,428,0,0,307
88,R3,SKU_C,1416,0,0,632
88,R3,SKU_D,958,0,0,378
88,R3,SKU_E,941,0,0,317
89,Supplier,SKU_A,0,0,0,0
89,Supplier,SKU_B,0,0,0,0
89,Supplier,SKU_C,0,0,0,0
89,Supplier,SKU_D,0,0,0,0
89,Supplier,SKU_E,0,0,0,0
89,W1,SKU_A,253,0,0,1440
89,W1,SKU_B,731,0,0,810
89,W1,SKU_C,0,0,135,1098
89,W1,SKU_D,669,0,0,632
89,W1,SKU_E,0,0,389,514
89,W2,SKU_A,1455,0,0,1412
89,W2,SKU_B,383,0,0,507
89,W2,SKU_C,1281,0,0,1083
89,W2,SKU_D,1354,0,0,640
89,W2,SKU_E,1135,0,0,540
89,R1,SKU_A,0,9,0,288
89,R1,SKU_B,102,0,0,155
89,R1,SKU_C,32,0,0,249
89,R1,SKU_D,172,0,0,137
89,R1,SKU_E,169,0,0,91
89,R2,SKU_A,352,0,0,308
89,R2,SKU_B,0,21,0,192
89,R2,SKU_C,23,0,0,198
89,R2,SKU_D,189,0,0,81
89,R2,SKU_E,0,117,0,220
89,R3,SKU_A,527,0,0,766
89,R3,SKU_B,451,0,0,277
89,R3,SKU_C,1435,0,0,528
89,R3,SKU_D,951,0,0,355
89,R3,SKU_E,937,0,0,289
90,Supplier,SKU_A,0,0,0,0
90,Supplier,SKU_B,0,0,0,0
90,Supplier,SKU_C,0,0,0,0
90,Supplier,SKU_D,0,0,0,0
90,Supplier,SKU_E,0,0,0,0
90,W1,SKU_A,225,0,0,1389
90,W1,SKU_B,769,0,0,786
90,W1,SKU_C,0,0,108,1034
90,W1,SKU_D,714,0,0,564
90,W1,SKU_E,0,0,390,505
90,W2,SKU_A,1452,0,0,1366
90,W2,SKU_B,414,0,0,469
90,W2,SKU_C,1269,0,0,1010
90,W2,SKU_D,1351,0,0,613
90,W2,SKU_E,1154,0,0,489
90,R1,SKU_A,0,70,0,359
90,R1,SKU_B,50,0,0,179
90,R1,SKU_C,0,37,0,318
90,R1,SKU_D,149,0,0,143
90,R1,SKU_E,135,0,0,102
90,R2,SKU_A,353,0,0,300
90,R2,SKU_B,0,46,0,198
90,R2,SKU_C,0,5,0,232
90,R2,SKU_D,182,0,0,88
90,R2,SKU_E,0,89,0,194
90,R3,SKU_A,463,0,0,820
90,R3,SKU_B,451,0,0,287
90,R3,SKU_C,1324,0,0,611
90,R3,SKU_D,906,0,0,387
90,R3,SKU_E,931,0,0,299
91,Supplier,SKU_A,0,0,0,0
91,Supplier,SKU_B,0,0,0,0
91,Supplier,SKU_C,0,0,0,0
91,Supplier,SKU_D,0,0,0,0
91,Supplier,SKU_E,0,0,0,0
91,W1,SKU_A,252,0,0,1365
91,W1,SKU_B,777,0,0,731
91,W1,SKU_C,0,0,39,944
91,W1,SKU_D,732,0,0,529
91,W1,SKU_E,0,0,358,453
91,W2,SKU_A,1501,0,0,1307
91,W2,SKU_B,427,0,0,466
91,W2,SKU_C,1260,0,0,991
91,W2,SKU_D,1345,0,0,606
91,W2,SKU_E,1178,0,0,469
91,R1,SKU_A,0,163,0,418
91,R1,SKU_B,36,0,0,218
91,R1,SKU_C,0,93,0,346
91,R1,SKU_D,126,0,0,169
91,R1,SKU_E,113,0,0,129
91,R2,SKU_A,319,0,0,345
91,R2,SKU_B,0,88,0,239
91,R2,SKU_C,5,0,0,307
91,R2,SKU_D,151,0,0,115
91,R2,SKU_E,0,72,0,203
91,R3,SKU_A,451,0,0,872
91,R3,SKU_B,404,0,0,294
91,R3,SKU_C,1234,0,0,730
91,R3,SKU_D,864,0,0,455
91,R3,SKU_E,944,0,0,306
92,Supplier,SKU_A,0,0,0,0
92,Supplier,SKU_B,0,0,0,0
92,Supplier,SKU_C,0,0,0,0
92,Supplier,SKU_D,0,0,0,0
92,Supplier,SKU_E,0,0,0,0
92,W1,SKU_A,177,0,0,1417
92,W1,SKU_B,751,0,0,781
92,W1,SKU_C,0,0,75,968
92,W1,SKU_D,724,0,0,536
92,W1,SKU_E,0,0,384,478
92,W2,SKU_A,1556,0,0,1292
92,W2,SKU_B,420,0,0,433
92,W2,SKU_C,1280,0,0,1000
92,W2,SKU_D,1351,0,0,626
92,W2,SKU_E,1198,0,0,469
92,R1,SKU_A,0,81,0,442
92,R1,SKU_B,48,0,0,221
92,R1,SKU_C,0,36,0,374
92,R1,SKU_D,136,0,0,183
92,R1,SKU_E,128,0,0,147
92,R2,SKU_A,312,0,0,351
92,R2,SKU_B,0,61,0,234
92,R2,SKU_C,36,0,0,251
92,R2,SKU_D,137,0,0,133
92,R2,SKU_E,0,23,0,134
92,R3,SKU_A,386,0,0,963
92,R3,SKU_B,395,0,0,345
92,R3,SKU_C,1195,0,0,830
92,R3,SKU_D,846,0,0,486
92,R3,SKU_E,938,0,0,308
93,Supplier,SKU_A,0,0,0,0
93,Supplier,SKU_B,0,0,0,0
93,Supplier,SKU_C,0,0,0,0
93,Supplier,SKU_D,0,0,0,0
93,Supplier,SKU_E,0,0,0,0
93,W1,SKU_A,220,0,0,1479
93,W1,SKU_B,731,0,0,838
93,W1,SKU_C,0,0,77,1066
93,W1,SKU_D,714,0,0,574
93,W1,SKU_E,0,0,376,509
93,W2,SKU_A,1558,0,0,1316
93,W2,SKU_B,422,0,0,473
93,W2,SKU_C,1259,0,0,1082
93,W2,SKU_D,1345,0,0,645
93,W2,SKU_E,1208,0,0,455
93,R1,SKU_A,0,37,0,370
93,R1,SKU_B,59,0,0,181
93,R1,SKU_C,14,0,0,317
93,R1,SKU_D,163,0,0,156
93,R1,SKU_E,168,0,0,109
93,R2,SKU_A,321,0,0,348
93,R2,SKU_B,0,74,0,232
93,R2,SKU_C,29,0,0,216
93,R2,SKU_D,141,0,0,133
93,R2,SKU_E,0,23,0,140
93,R3,SKU_A,416,0,0,956
93,R3,SKU_B,400,0,0,340
93,R3,SKU_C,1192,0,0,853
93,R3,SKU_D,845,0,0,490
93,R3,SKU_E,938,0,0,320
94,Supplier,SKU_A,0,0,0,0
94,Supplier,SKU_B,0,0,0,0
94,Supplier,SKU_C,0,0,0,0
94,Supplier,SKU_D,0,0,0,0
94,Supplier,SKU_E,0,0,0,0
94,W1,SKU_A,174,0,0,1503
94,W1,SKU_B,655,0,0,870
94,W1,SKU_C,0,0,152,1094
94,W1,SKU_D,695,0,0,597
94,W1,SKU_E,0,0,360,493
94,W2,SKU_A,1595,0,0,1302
94,W2,SKU_B,417,0,0,478
94,W2,SKU_C,1250,0,0,1111
94,W2,SKU_D,1319,0,0,674
94,W2,SKU_E,1229,0,0,446
94,R1,SKU_A,66,0,0,292
94,R1,SKU_B,87,0,0,195
94,R1,SKU_C,72,0,0,239
94,R1,SKU_D,204,0,0,132
94,R1,SKU_E,205,0,0,74
94,R2,SKU_A,362,0,0,332
94,R2,SKU_B,0,82,0,226
94,R2,SKU_C,122,0,0,85
94,R2,SKU_D,159,0,0,129
94,R2,SKU_E,12,0,0,126
94,R3,SKU_A,509,0,0,877
94,R3,SKU_B,394,0,0,328
94,R3,SKU_C,1299,0,0,771
94,R3,SKU_D,899,0,0,461
94,R3,SKU_E,953,0,0,288
95,Supplier,SKU_A,0,0,0,0
95,Supplier,SKU_B,0,0,0,0
95,Supplier,SKU_C,0,0,0,0
95,Supplier,SKU_D,0,0,0,0
95,Supplier,SKU_E,0,0,0,0
95,W1,SKU_A,208,0,0,1519
95,W1,SKU_B,667,0,0,886
95,W1,SKU_C,0,0,156,1115
95,W1,SKU_D,717,0,0,606
95,W1,SKU_E,0,0,345,485
95,W2,SKU_A,1567,0,0,1344
95,W2,SKU_B,390,0,0,487
95,W2,SKU_C,1256,0,0,1130
95,W2,SKU_D,1329,0,0,689
95,W2,SKU_E,1218,0,0,440
95,R1,SKU_A,37,0,0,295
95,R1,SKU_B,102,0,0,182
95,R1,SKU_C,100,0,0,266
95,R1,SKU_D,206,0,0,115
95,R1,SKU_E,202,0,0,70
95,R2,SKU_A,351,0,0,302
95,R2,SKU_B,0,70,0,233
95,R2,SKU_C,86,0,0,109
95,R2,SKU_D,177,0,0,107
95,R2,SKU_E,0,4,0,158
95,R3,SKU_A,593,0,0,774
95,R3,SKU_B,396,0,0,344
95,R3,SKU_C,1408,0,0,636
95,R3,SKU_D,948,0,0,394
95,R3,SKU_E,968,0,0,277
96,Supplier,SKU_A,0,0,0,0
96,Supplier,SKU_B,0,0,0,0
96,Supplier,SKU_C,0,0,0,0
96,Supplier,SKU_D,0,0,0,0
96,Supplier,SKU_E,0,0,0,0
96,W1,SKU_A,254,0,0,1406
96,W1,SKU_B,686,0,0,888
96,W1,SKU_C,0,0,76,1082
96,W1,SKU_D,743,0,0,561
96,W1,SKU_E,0,0,326,460
96,W2,SKU_A,1592,0,0,1300
96,W2,SKU_B,395,0,0,500
96,W2,SKU_C,1252,0,0,1108
96,W2,SKU_D,1335,0,0,665
96,W2,SKU_E,1205,0,0,457
96,R1,SKU_A,0,3,0,296
96,R1,SKU_B,102,0,0,138
96,R1,SKU_C,54,0,0,231
96,R1,SKU_D,194,0,0,113
96,R1,SKU_E,181,0,0,75
96,R2,SKU_A,372,0,0,312
96,R2,SKU_B,0,88,0,243
96,R2,SKU_C,74,0,0,202
96,R2,SKU_D,179,0,0,93
96,R2,SKU_E,0,16,0,165
96,R3,SKU_A,533,0,0,730
96,R3,SKU_B,415,0,0,302
96,R3,SKU_C,1399,0,0,556
96,R3,SKU_D,920,0,0,371
96,R3,SKU_E,945,0,0,282
97,Supplier,SKU_A,0,0,0,0
97,Supplier,SKU_B,0,0,0,0
97,Supplier,SKU_C,0,0,0,0
97,Supplier,SKU_D,0,0,0,0
97,Supplier,SKU_E,0,0,0,0
97,W1,SKU_A,289,0,0,1363
97,W1,SKU_B,700,0,0,822
97,W1,SKU_C,0,0,55,981
97,W1,SKU_D,760,0,0,518
97,W1,SKU_E,0,0,327,421
97,W2,SKU_A,1562,0,0,1226
97,W2,SKU_B,384,0,0,488
97,W2,SKU_C,1244,0,0,1027
97,W2,SKU_D,1320,0,0,629
97,W2,SKU_E,1206,0,0,438
97,R1,SKU_A,0,111,0,361
97,R1,SKU_B,20,0,0,180
97,R1,SKU_C,0,26,0,257
97,R1,SKU_D,138,0,0,142
97,R1,SKU_E,150,0,0,98
97,R2,SKU_A,353,0,0,297
97,R2,SKU_B,0,118,0,246
97,R2,SKU_C,1,0,0,268
97,R2,SKU_D,145,0,0,95
97,R2,SKU_E,0,21,0,166
97,R3,SKU_A,441,0,0,816
97,R3,SKU_B,384,0,0,325
97,R3,SKU_C,1307,0,0,626
97,R3,SKU_D,858,0,0,412
97,R3,SKU_E,903,0,0,301
98,Supplier,SKU_A,0,0,0,0
98,Supplier,SKU_B,0,0,0,0
98,Supplier,SKU_C,0,0,0,0
98,Supplier,SKU_D,0,0,0,0
98,Supplier,SKU_E,0,0,0,0
98,W1,SKU_A,270,0,0,1305
98,W1,SKU_B,623,0,0,832
98,W1,SKU_C,0,0,104,948
98,W1,SKU_D,719,0,0,500
98,W1,SKU_E,0,0,338,421
98,W2,SKU_A,1536,0,0,1246
98,W2,SKU_B,355,0,0,509
98,W2,SKU_C,1242,0,0,1007
98,W2,SKU_D,1297,0,0,631
98,W2,SKU_E,1180,0,0,441
98,R1,SKU_A,0,186,0,443
98,R1,SKU_B,0,15,0,264
98,R1,SKU_C,0,152,0,392
98,R1,SKU_D,101,0,0,183
98,R1,SKU_E,128,0,0,122
98,R2,SKU_A,312,0,0,341
98,R2,SKU_B,0,116,0,262
98,R2,SKU_C,0,37,0,258
98,R2,SKU_D,102,0,0,143
98,R2,SKU_E,0,34,0,166
98,R3,SKU_A,300,0,0,931
98,R3,SKU_B,336,0,0,356
98,R3,SKU_C,1191,0,0,738
98,R3,SKU_D,839,0,0,477
98,R3,SKU_E,874,0,0,355
99,Supplier,SKU_A,0,0,0,0
99,Supplier,SKU_B,0,0,0,0
99,Supplier,SKU_C,0,0,0,0
99,Supplier,SKU_D,0,0,0,0
99,Supplier,SKU_E,0,0,0,0
99,W1,SKU_A,156,0,0,1429
99,W1,SKU_B,576,0,0,946
99,W1,SKU_C,0,0,239,1093
99,W1,SKU_D,659,0,0,569
99,W1,SKU_E,0,0,388,471
99,W2,SKU_A,1444,0,0,1312
99,W2,SKU_B,349,0,0,498
99,W2,SKU_C,1207,0,0,1038
99,W2,SKU_D,1294,0,0,680
99,W2,SKU_E,1159,0,0,487
99,R1,SKU_A,0,194,0,479
99,R1,SKU_B,10,0,0,255
99,R1,SKU_C,0,125,0,388
99,R1,SKU_D,108,0,0,206
99,R1,SKU_E,121,0,0,128
99,R2,SKU_A,329,0,0,341
99,R2,SKU_B,0,109,0,279
99,R2,SKU_C,43,0,0,118
99,R2,SKU_D,78,0,0,182
99,R2,SKU_E,0,33,0,126
99,R3,SKU_A,222,0,0,1086
99,R3,SKU_B,349,0,0,386
99,R3,SKU_C,1148,0,0,879
99,R3,SKU_D,805,0,0,521
99,R3,SKU_E,868,0,0,367
100,Supplier,SKU_A,0,0,0,0
100,Supplier,SKU_B,0,0,0,0
100,Supplier,SKU_C,0,0,0,0
100,Supplier,SKU_D,0,0,0,0
100,Supplier,SKU_E,0,0,0,0
100,W1,SKU_A,109,0,0,1521
100,W1,SKU_B,613,0,0,949
100,W1,SKU_C,0,0,229,1181
100,W1,SKU_D,640,0,0,633
100,W1,SKU_E,0,0,428,521
100,W2,SKU_A,1403,0,0,1430
100,W2,SKU_B,344,0,0,546
100,W2,SKU_C,1209,0,0,1134
100,W2,SKU_D,1288,0,0,696
100,W2,SKU_E,1148,0,0,504
100,R1,SKU_A,0,100,0,444
100,R1,SKU_B,96,0,0,190
100,R1,SKU_C,6,0,0,356
100,R1,SKU_D,144,0,0,172
100,R1,SKU_E,149,0,0,127
100,R2,SKU_A,318,0,0,355
100,R2,SKU_B,0,82,0,264
100,R2,SKU_C,69,0,0,59
100,R2,SKU_D,73,0,0,194
100,R2,SKU_E,0,23,0,81
100,R3,SKU_A,188,0,0,1145
100,R3,SKU_B,333,0,0,391
100,R3,SKU_C,1221,0,0,896
100,R3,SKU_D,785,0,0,537
100,R3,SKU_E,868,0,0,377
101,Supplier,SKU_A,0,0,0,0
101,Supplier,SKU_B,0,0,0,0
101,Supplier,SKU_C,0,0,0,0
101,Supplier,SKU_D,0,0,0,0
101,Supplier,SKU_E,0,0,0,0
101,W1,SKU_A,74,0,0,1618
101,W1,SKU_B,655,0,0,940
101,W1,SKU_C,0,0,180,1188
101,W1,SKU_D,599,0,0,683
101,W1,SKU_E,0,0,443,568
101,W2,SKU_A,1364,0,0,1494
101,W2,SKU_B,328,0,0,551
101,W2,SKU_C,1281,0,0,1152
101,W2,SKU_D,1275,0,0,705
101,W2,SKU_E,1135,0,0,527
101,R1,SKU_A,0,39,0,357
101,R1,SKU_B,136,0,0,153
101,R1,SKU_C,52,0,0,283
101,R1,SKU_D,171,0,0,140
101,R1,SKU_E,150,0,0,101
101,R2,SKU_A,332,0,0,332
101,R2,SKU_B,0,33,0,210
101,R2,SKU_C,45,0,0,124
101,R2,SKU_D,89,0,0,167
101,R2,SKU_E,0,17,0,63
101,R3,SKU_A,277,0,0,1075
101,R3,SKU_B,368,0,0,384
101,R3,SKU_C,1305,0,0,734
101,R3,SKU_D,801,0,0,506
101,R3,SKU_E,884,0,0,359
102,Supplier,SKU_A,0,0,0,0
102,Supplier,SKU_B,0,0,0,0
102,Supplier,SKU_C,0,0,0,0
102,Supplier,SKU_D,0,0,0,0
102,Supplier,SKU_E,0,0,0,0
102,W1,SKU_A,71,0,0,1586
102,W1,SKU_B,674,0,0,919
102,W1,SKU_C,0,0,213,1186
102,W1,SKU_D,561,0,0,705
102,W1,SKU_E,0,0,474,577
102,W2,SKU_A,1330,0,0,1547
102,W2,SKU_B,358,0,0,549
102,W2,SKU_C,1250,0,0,1105
102,W2,SKU_D,1222,0,0,743
102,W2,SKU_E,1137,0,0,523
102,R1,SKU_A,24,0,0,324
102,R1,SKU_B,143,0,0,129
102,R1,SKU_C,131,0,0,211
102,R1,SKU_D,186,0,0,143
102,R1,SKU_E,169,0,0,99
102,R2,SKU_A,349,0,0,321
102,R2,SKU_B,0,9,0,179
102,R2,SKU_C,0,10,0,153
102,R2,SKU_D,106,0,0,156
102,R2,SKU_E,0,45,0,63
102,R3,SKU_A,361,0,0,980
102,R3,SKU_B,388,0,0,341
102,R3,SKU_C,1381,0,0,628
102,R3,SKU_D,851,0,0,469
102,R3,SKU_E,921,0,0,320
103,Supplier,SKU_A,0,0,0,0
103,Supplier,SKU_B,0,0,0,0
103,Supplier,SKU_C,0,0,0,0
103,Supplier,SKU_D,0,0,0,0
103,Supplier,SKU_E,0,0,0,0
103,W1,SKU_A,112,0,0,1581
103,W1,SKU_B,721,0,0,848
103,W1,SKU_C,0,0,152,1139
103,W1,SKU_D,573,0,0,717
103,W1,SKU_E,0,0,445,568
103,W2,SKU_A,1304,0,0,1562
103,W2,SKU_B,347,0,0,537
103,W2,SKU_C,1215,0,0,1110
103,W2,SKU_D,1200,0,0,778
103,W2,SKU_E,1133,0,0,525
103,R1,SKU_A,0,5,0,320
103,R1,SKU_B,92,0,0,143
103,R1,SKU_C,49,0,0,231
103,R1,SKU_D,165,0,0,130
103,R1,SKU_E,148,0,0,107
103,R2,SKU_A,335,0,0,321
103,R2,SKU_B,0,15,0,179
103,R2,SKU_C,0,47,0,248
103,R2,SKU_D,96,0,0,154
103,R2,SKU_E,0,84,0,121
103,R3,SKU_A,441,0,0,870
103,R3,SKU_B,453,0,0,304
103,R3,SKU_C,1404,0,0,548
103,R3,SKU_D,849,0,0,465
103,R3,SKU_E,906,0,0,308
104,Supplier,SKU_A,0,0,0,0
104,Supplier,SKU_B,0,0,0,0
104,Supplier,SKU_C,0,0,0,0
104,Supplier,SKU_D,0,0,0,0
104,Supplier,SKU_E,0,0,0,0
104,W1,SKU_A,183,0,0,1463
104,W1,SKU_B,792,0,0,734
104,W1,SKU_C,0,0,74,996
104,W1,SKU_D,598,0,0,646
104,W1,SKU_E,0,0,428,528
104,W2,SKU_A,1352,0,0,1484
104,W2,SKU_B,387,0,0,525
104,W2,SKU_C,1212,0,0,1056
104,W2,SKU_D,1223,0,0,749
104,W2,SKU_E,1120,0,0,511
104,R1,SKU_A,0,56,0,323
104,R1,SKU_B,40,0,0,197
104,R1,SKU_C,0,53,0,286
104,R1,SKU_D,142,0,0,146
104,R1,SKU_E,145,0,0,103
104,R2,SKU_A,325,0,0,338
104,R2,SKU_B,0,66,0,197
104,R2,SKU_C,0,23,0,281
104,R2,SKU_D,77,0,0,171
104,R2,SKU_E,0,118,0,157
104,R3,SKU_A,383,0,0,867
104,R3,SKU_B,445,0,0,282
104,R3,SKU_C,1307,0,0,623
104,R3,SKU_D,798,0,0,477
104,R3,SKU_E,899,0,0,329
105,Supplier,SKU_A,0,0,0,0
105,Supplier,SKU_B,0,0,0,0
105,Supplier,SKU_C,0,0,0,0
105,Supplier,SKU_D,0,0,0,0
105,Supplier,SKU_E,0,0,0,0
105,W1,SKU_A,203,0,0,1402
105,W1,SKU_B,765,0,0,730
105,W1,SKU_C,0,0,74,928
105,W1,SKU_D,605,0,0,630
105,W1,SKU_E,0,0,433,511
105,W2,SKU_A,1345,0,0,1430
105,W2,SKU_B,405,0,0,477
105,W2,SKU_C,1209,0,0,1037
105,W2,SKU_D,1228,0,0,705
105,W2,SKU_E,1144,0,0,501
105,R1,SKU_A,0,180,0,404
105,R1,SKU_B,7,0,0,232
105,R1,SKU_C,0,212,0,395
105,R1,SKU_D,84,0,0,187
105,R1,SKU_E,130,0,0,123
105,R2,SKU_A,298,0,0,339
105,R2,SKU_B,0,99,0,243
105,R2,SKU_C,0,85,0,331
105,R2,SKU_D,51,0,0,179
105,R2,SKU_E,0,157,0,205
105,R3,SKU_A,272,0,0,950
105,R3,SKU_B,454,0,0,279
105,R3,SKU_C,1083,0,0,810
105,R3,SKU_D,767,0,0,524
105,R3,SKU_E,872,0,0,346
106,Supplier,SKU_A,0,0,0,0
106,Supplier,SKU_B,0,0,0,0
106,Supplier,SKU_C,0,0,0,0
106,Supplier,SKU_D,0,0,0,0
106,Supplier,SKU_E,0,0,0,0
106,W1,SKU_A,109,0,0,1427
106,W1,SKU_B,713,0,0,797
106,W1,SKU_C,0,0,234,1026
106,W1,SKU_D,532,0,0,668
106,W1,SKU_E,0,0,429,526
106,W2,SKU_A,1336,0,0,1411
106,W2,SKU_B,446,0,0,442
106,W2,SKU_C,1173,0,0,1036
106,W2,SKU_D,1203,0,0,746
106,W2,SKU_E,1133,0,0,502
106,R1,SKU_A,0,163,0,495
106,R1,SKU_B,43,0,0,228
106,R1,SKU_C,0,179,0,423
106,R1,SKU_D,90,0,0,211
106,R1,SKU_E,135,0,0,125
106,R2,SKU_A,269,0,0,372
106,R2,SKU_B,0,113,0,269
106,R2,SKU_C,0,52,0,215
106,R2,SKU_D,64,0,0,211
106,R2,SKU_E,0,138,0,191
106,R3,SKU_A,223,0,0,1080
106,R3,SKU_B,434,0,0,298
106,R3,SKU_C,1080,0,0,956
106,R3,SKU_D,804,0,0,540
106,R3,SKU_E,893,0,0,371
107,Supplier,SKU_A,0,0,0,0
107,Supplier,SKU_B,0,0,0,0
107,Supplier,SKU_C,0,0,0,0
107,Supplier,SKU_D,0,0,0,0
107,Supplier,SKU_E,0,0,0,0
107,W1,SKU_A,65,0,0,1583
107,W1,SKU_B,672,0,0,882
107,W1,SKU_C,0,0,312,1242
107,W1,SKU_D,525,0,0,750
107,W1,SKU_E,0,0,449,554
107,W2,SKU_A,1331,0,0,1497
107,W2,SKU_B,443,0,0,444
107,W2,SKU_C,1182,0,0,1170
107,W2,SKU_D,1221,0,0,781
107,W2,SKU_E,1162,0,0,519
107,R1,SKU_A,0,126,0,430
107,R1,SKU_B,80,0,0,194
107,R1,SKU_C,0,91,0,348
107,R1,SKU_D,118,0,0,198
107,R1,SKU_E,154,0,0,113
107,R2,SKU_A,285,0,0,387
107,R2,SKU_B,0,110,0,277
107,R2,SKU_C,32,0,0,79
107,R2,SKU_D,76,0,0,186
107,R2,SKU_E,0,115,0,154
107,R3,SKU_A,231,0,0,1118
107,R3,SKU_B,427,0,0,295
107,R3,SKU_C,1136,0,0,929
107,R3,SKU_D,835,0,0,516
107,R3,SKU_E,903,0,0,348
108,Supplier,SKU_A,0,0,0,0
108,Supplier,SKU_B,0,0,0,0
108,Supplier,SKU_C,0,0,0,0
108,Supplier,SKU_D,0,0,0,0
108,Supplier,SKU_E,0,0,0,0
108,W1,SKU_A,59,0,0,1592
108,W1,SKU_B,647,0,0,921
108,W1,SKU_C,0,0,316,1285
108,W1,SKU_D,536,0,0,741
108,W1,SKU_E,0,0,434,552
108,W2,SKU_A,1347,0,0,1527
108,W2,SKU_B,441,0,0,436
108,W2,SKU_C,1130,0,0,1251
108,W2,SKU_D,1250,0,0,759
108,W2,SKU_E,1168,0,0,500
108,R1,SKU_A,0,51,0,350
108,R1,SKU_B,138,0,0,159
108,R1,SKU_C,0,63,0,327
108,R1,SKU_D,165,0,0,153
108,R1,SKU_E,165,0,0,99
108,R2,SKU_A,281,0,0,378
108,R2,SKU_B,0,80,0,241
108,R2,SKU_C,41,0,0,0
108,R2,SKU_D,101,0,0,172
108,R2,SKU_E,0,106,0,153
108,R3,SKU_A,267,0,0,1080
108,R3,SKU_B,409,0,0,330
108,R3,SKU_C,1209,0,0,816
108,R3,SKU_D,867,0,0,479
108,R3,SKU_E,916,0,0,311
109,Supplier,SKU_A,0,0,0,0
109,Supplier,SKU_B,0,0,0,0
109,Supplier,SKU_C,0,0,0,0
109,Supplier,SKU_D,0,0,0,0
109,Supplier,SKU_E,0,0,0,0
109,W1,SKU_A,0,0,1,1634
109,W1,SKU_B,663,0,0,922
109,W1,SKU_C,0,0,393,1303
109,W1,SKU_D,536,0,0,754
109,W1,SKU_E,0,0,449,557
109,W2,SKU_A,1342,0,0,1530
109,W2,SKU_B,428,0,0,466
109,W2,SKU_C,1116,0,0,1225
109,W2,SKU_D,1289,0,0,715
109,W2,SKU_E,1152,0,0,492
109,R1,SKU_A,0,52,0,383
109,R1,SKU_B,135,0,0,133
109,R1,SKU_C,0,24,0,348
109,R1,SKU_D,160,0,0,136
109,R1,SKU_E,173,0,0,95
109,R2,SKU_A,303,0,0,355
109,R2,SKU_B,0,48,0,224
109,R2,SKU_C,0,14,0,0
109,R2,SKU_D,123,0,0,129
109,R2,SKU_E,0,98,0,134
109,R3,SKU_A,329,0,0,983
109,R3,SKU_B,408,0,0,318
109,R3,SKU_C,1290,0,0,721
109,R3,SKU_D,928,0,0,408
109,R3,SKU_E,914,0,0,312
110,Supplier,SKU_A,0,0,0,0
110,Supplier,SKU_B,0,0,0,0
110,Supplier,SKU_C,0,0,0,0
110,Supplier,SKU_D,0,0,0,0
110,Supplier,SKU_E,0,0,0,0
110,W1,SKU_A,18,0,0,1647
110,W1,SKU_B,708,0,0,863
110,W1,SKU_C,0,0,323,1315
110,W1,SKU_D,539,0,0,708
110,W1,SKU_E,0,0,433,549
110,W2,SKU_A,1313,0,0,1524
110,W2,SKU_B,425,0,0,456
110,W2,SKU_C,1118,0,0,1209
110,W2,SKU_D,1305,0,0,689
110,W2,SKU_E,1137,0,0,506
110,R1,SKU_A,0,79,0,356
110,R1,SKU_B,114,0,0,139
110,R1,SKU_C,0,2,0,297
110,R1,SKU_D,136,0,0,156
110,R1,SKU_E,177,0,0,94
110,R2,SKU_A,302,0,0,338
110,R2,SKU_B,0,64,0,204
110,R2,SKU_C,0,73,0,102
110,R2,SKU_D,115,0,0,152
110,R2,SKU_E,0,122,0,167
110,R3,SKU_A,384,0,0,893
110,R3,SKU_B,400,0,0,325
110,R3,SKU_C,1361,0,0,603
110,R3,SKU_D,947,0,0,363
110,R3,SKU_E,889,0,0,304
111,Supplier,SKU_A,0,0,0,0
111,Supplier,SKU_B,0,0,0,0
111,Supplier,SKU_C,0,0,0,0
111,Supplier,SKU_D,0,0,0,0
111,Supplier,SKU_E,0,0,0,0
111,W1,SKU_A,5,0,0,1587
111,W1,SKU_B,733,0,0,787
111,W1,SKU_C,0,0,241,1177
111,W1,SKU_D,562,0,0,696
111,W1,SKU_E,0,0,399,511
111,W2,SKU_A,1279,0,0,1523
111,W2,SKU_B,393,0,0,487
111,W2,SKU_C,1130,0,0,1150
111,W2,SKU_D,1301,0,0,667
111,W2,SKU_E,1116,0,0,494
111,R1,SKU_A,0,136,0,378
111,R1,SKU_B,0,2,0,183
111,R1,SKU_C,0,82,0,289
111,R1,SKU_D,106,0,0,182
111,R1,SKU_E,174,0,0,87
111,R2,SKU_A,226,0,0,370
111,R2,SKU_B,0,126,0,231
111,R2,SKU_C,0,224,0,243
111,R2,SKU_D,86,0,0,147
111,R2,SKU_E,0,112,0,196
111,R3,SKU_A,301,0,0,919
111,R3,SKU_B,385,0,0,332
111,R3,SKU_C,1235,0,0,675
111,R3,SKU_D,879,0,0,397
111,R3,SKU_E,833,0,0,375
112,Supplier,SKU_A,0,0,0,0
112,Supplier,SKU_B,0,0,0,0
112,Supplier,SKU_C,0,0,0,0
112,Supplier,SKU_D,0,0,0,0
112,Supplier,SKU_E,0,0,0,0
112,W1,SKU_A,0,0,18,1531
112,W1,SKU_B,636,0,0,777
112,W1,SKU_C,0,0,277,1033
112,W1,SKU_D,582,0,0,638
112,W1,SKU_E,0,0,389,496
112,W2,SKU_A,1249,0,0,1496
112,W2,SKU_B,383,0,0,489
112,W2,SKU_C,1110,0,0,1116
112,W2,SKU_D,1302,0,0,632
112,W2,SKU_E,1096,0,0,529
112,R1,SKU_A,0,232,0,467
112,R1,SKU_B,0,77,0,270
112,R1,SKU_C,0,260,0,406
112,R1,SKU_D,76,0,0,190
112,R1,SKU_E,133,0,0,94
112,R2,SKU_A,186,0,0,416
112,R2,SKU_B,0,196,0,287
112,R2,SKU_C,0,336,0,358
112,R2,SKU_D,56,0,0,187
112,R2,SKU_E,0,155,0,219
112,R3,SKU_A,183,0,0,1048
112,R3,SKU_B,364,0,0,337
112,R3,SKU_C,1126,0,0,830
112,R3,SKU_D,837,0,0,472
112,R3,SKU_E,781,0,0,418
113,Supplier,SKU_A,0,0,0,0
113,Supplier,SKU_B,0,0,0,0
113,Supplier,SKU_C,0,0,0,0
113,Supplier,SKU_D,0,0,0,0
113,Supplier,SKU_E,0,0,0,0
113,W1,SKU_A,0,0,136,1666
113,W1,SKU_B,493,0,0,918
113,W1,SKU_C,0,0,473,1207
113,W1,SKU_D,515,0,0,693
113,W1,SKU_E,0,0,451,494
113,W2,SKU_A,1258,0,0,1498
113,W2,SKU_B,351,0,0,505
113,W2,SKU_C,1173,0,0,1099
113,W2,SKU_D,1320,0,0,647
113,W2,SKU_E,1077,0,0,539
113,R1,SKU_A,0,184,0,509
113,R1,SKU_B,0,78,0,330
113,R1,SKU_C,0,255,0,471
113,R1,SKU_D,65,0,0,216
113,R1,SKU_E,115,0,0,138
113,R2,SKU_A,166,0,0,336
113,R2,SKU_B,0,207,0,372
113,R2,SKU_C,0,329,0,256
113,R2,SKU_D,77,0,0,196
113,R2,SKU_E,0,134,0,173
113,R3,SKU_A,176,0,0,1164
113,R3,SKU_B,335,0,0,375
113,R3,SKU_C,1158,0,0,899
113,R3,SKU_D,816,0,0,509
113,R3,SKU_E,763,0,0,446
114,Supplier,SKU_A,0,0,0,0
114,Supplier,SKU_B,0,0,0,0
114,Supplier,SKU_C,0,0,0,0
114,Supplier,SKU_D,0,0,0,0
114,Supplier,SKU_E,0,0,0,0
114,W1,SKU_A,0,0,149,1787
114,W1,SKU_B,469,0,0,1075
114,W1,SKU_C,0,0,537,1442
114,W1,SKU_D,491,0,0,762
114,W1,SKU_E,0,0,463,569
114,W2,SKU_A,1295,0,0,1570
114,W2,SKU_B,329,0,0,536
114,W2,SKU_C,1194,0,0,1179
114,W2,SKU_D,1301,0,0,682
114,W2,SKU_E,1022,0,0,604
114,R1,SKU_A,0,109,0,426
114,R1,SKU_B,4,0,0,259
114,R1,SKU_C,0,118,0,409
114,R1,SKU_D,79,0,0,223
114,R1,SKU_E,109,0,0,146
114,R2,SKU_A,171,0,0,325
114,R2,SKU_B,0,179,0,347
114,R2,SKU_C,0,247,0,115
114,R2,SKU_D,79,0,0,190
114,R2,SKU_E,0,98,0,115
114,R3,SKU_A,182,0,0,1136
114,R3,SKU_B,339,0,0,391
114,R3,SKU_C,1167,0,0,853
114,R3,SKU_D,813,0,0,520
114,R3,SKU_E,782,0,0,463
115,Supplier,SKU_A,0,0,0,0
115,Supplier,SKU_B,0,0,0,0
115,Supplier,SKU_C,0,0,0,0
115,Supplier,SKU_D,0,0,0,0
115,Supplier,SKU_E,0,0,0,0
115,W1,SKU_A,0,0,145,1782
115,W1,SKU_B,442,0,0,1116
115,W1,SKU_C,0,0,462,1447
115,W1,SKU_D,471,0,0,799
115,W1,SKU_E,0,0,473,571
115,W2,SKU_A,1264,0,0,1579
115,W2,SKU_B,337,0,0,548
115,W2,SKU_C,1149,0,0,1187
115,W2,SKU_D,1283,0,0,708
115,W2,SKU_E,1016,0,0,646
115,R1,SKU_A,1,0,0,344
115,R1,SKU_B,77,0,0,189
115,R1,SKU_C,0,18,0,348
115,R1,SKU_D,134,0,0,187
115,R1,SKU_E,148,0,0,118
115,R2,SKU_A,241,0,0,298
115,R2,SKU_B,0,95,0,284
115,R2,SKU_C,0,180,0,81
115,R2,SKU_D,128,0,0,154
115,R2,SKU_E,0,88,0,98
115,R3,SKU_A,272,0,0,1095
115,R3,SKU_B,385,0,0,386
115,R3,SKU_C,1283,0,0,797
115,R3,SKU_D,848,0,0,497
115,R3,SKU_E,831,0,0,411
116,Supplier,SKU_A,0,0,0,0
116,Supplier,SKU_B,0,0,0,0
116,Supplier,SKU_C,0,0,0,0
116,Supplier,SKU_D,0,0,0,0
116,Supplier,SKU_E,0,0,0,0
116,W1,SKU_A,0,0,106,1810
116,W1,SKU_B,453,0,0,1129
116,W1,SKU_C,0,0,472,1454
116,W1,SKU_D,526,0,0,776
116,W1,SKU_E,0,0,477,589
116,W2,SKU_A,1284,0,0,1608
116,W2,SKU_B,369,0,0,557
116,W2,SKU_C,1204,0,0,1192
116,W2,SKU_D,1282,0,0,721
116,W2,SKU_E,1031,0,0,628
116,R1,SKU_A,43,0,0,324
116,R1,SKU_B,121,0,0,175
116,R1,SKU_C,62,0,0,287
116,R1,SKU_D,179,0,0,147
116,R1,SKU_E,164,0,0,105
116,R2,SKU_A,206,0,0,391
116,R2,SKU_B,0,14,0,186
116,R2,SKU_C,0,234,0,119
116,R2,SKU_D,165,0,0,115
116,R2,SKU_E,0,110,0,126
116,R3,SKU_A,450,0,0,948
116,R3,SKU_B,418,0,0,332
116,R3,SKU_C,1492,0,0,627
116,R3,SKU_D,928,0,0,428
116,R3,SKU_E,869,0,0,377
117,Supplier,SKU_A,0,0,0,0
117,Supplier,SKU_B,0,0,0,0
117,Supplier,SKU_C,0,0,0,0
117,Supplier,SKU_D,0,0,0,0
117,Supplier,SKU_E,0,0,0,0
117,W1,SKU_A,47,0,0,1698
117,W1,SKU_B,528,0,0,1067
117,W1,SKU_C,0,0,413,1408
117,W1,SKU_D,573,0,0,732
117,W1,SKU_E,0,0,464,589
117,W2,SKU_A,1370,0,0,1553
117,W2,SKU_B,393,0,0,512
117,W2,SKU_C,1312,0,0,1123
117,W2,SKU_D,1302,0,0,712
117,W2,SKU_E,1051,0,0,612
117,R1,SKU_A,54,0,0,274
117,R1,SKU_B,106,0,0,142
117,R1,SKU_C,91,0,0,229
117,R1,SKU_D,204,0,0,123
117,R1,SKU_E,175,0,0,91
117,R2,SKU_A,240,0,0,445
117,R2,SKU_B,0,14,0,179
117,R2,SKU_C,0,280,0,232
117,R2,SKU_D,154,0,0,108
117,R2,SKU_E,0,129,0,148
117,R3,SKU_A,496,0,0,781
117,R3,SKU_B,418,0,0,283
117,R3,SKU_C,1578,0,0,464
117,R3,SKU_D,930,0,0,381
117,R3,SKU_E,868,0,0,330
118,Supplier,SKU_A,0,0,0,0
118,Supplier,SKU_B,0,0,0,0
118,Supplier,SKU_C,0,0,0,0
118,Supplier,SKU_D,0,0,0,0
118,Supplier,SKU_E,0,0,0,0
118,W1,SKU_A,222,0,0,1466
118,W1,SKU_B,655,0,0,885
118,W1,SKU_C,0,0,195,1169
118,W1,SKU_D,641,0,0,647
118,W1,SKU_E,0,0,459,571
118,W2,SKU_A,1370,0,0,1432
118,W2,SKU_B,369,0,0,487
118,W2,SKU_C,1390,0,0,968
118,W2,SKU_D,1303,0,0,666
118,W2,SKU_E,1056,0,0,559
118,R1,SKU_A,0,39,0,291
118,R1,SKU_B,69,0,0,160
118,R1,SKU_C,0,25,0,239
118,R1,SKU_D,159,0,0,117
118,R1,SKU_E,170,0,0,91
118,R2,SKU_A,282,0,0,401
118,R2,SKU_B,0,30,0,182
118,R2,SKU_C,0,280,0,415
118,R2,SKU_D,141,0,0,115
118,R2,SKU_E,0,141,0,160
118,R3,SKU_A,340,0,0,844
118,R3,SKU_B,425,0,0,292
118,R3,SKU_C,1486,0,0,479
118,R3,SKU_D,886,0,0,395
118,R3,SKU_E,881,0,0,341
119,Supplier,SKU_A,0,0,0,0
119,Supplier,SKU_B,0,0,0,0
119,Supplier,SKU_C,0,0,0,0
119,Supplier,SKU_D,0,0,0,0
119,Supplier,SKU_E,0,0,0,0
119,W1,SKU_A,302,0,0,1308
119,W1,SKU_B,752,0,0,756
119,W1,SKU_C,0,0,96,929
119,W1,SKU_D,664,0,0,567
119,W1,SKU_E,0,0,400,502
119,W2,SKU_A,1334,0,0,1375
119,W2,SKU_B,369,0,0,503
119,W2,SKU_C,1445,0,0,836
119,W2,SKU_D,1308,0,0,631
119,W2,SKU_E,1070,0,0,569
119,R1,SKU_A,0,194,0,406
119,R1,SKU_B,15,0,0,227
119,R1,SKU_C,0,84,0,374
119,R1,SKU_D,123,0,0,167
119,R1,SKU_E,144,0,0,99
119,R2,SKU_A,271,0,0,363
119,R2,SKU_B,0,63,0,219
119,R2,SKU_C,0,340,0,557
119,R2,SKU_D,109,0,0,141
119,R2,SKU_E,0,151,0,228
119,R3,SKU_A,195,0,0,978
119,R3,SKU_B,384,0,0,305
119,R3,SKU_C,1314,0,0,534
119,R3,SKU_D,848,0,0,447
119,R3,SKU_E,856,0,0,364
120,Supplier,SKU_A,0,0,0,0
120,Supplier,SKU_B,0,0,0,0
120,Supplier,SKU_C,0,0,0,0
120,Supplier,SKU_D,0,0,0,0
120,Supplier,SKU_E,0,0,0,0
120,W1,SKU_A,185,0,0,1336
120,W1,SKU_B,733,0,0,792
120,W1,SKU_C,0,0,109,1001
120,W1,SKU_D,650,0,0,589
120,W1,SKU_E,0,0,423,506
120,W2,SKU_A,1276,0,0,1422
120,W2,SKU_B,357,0,0,487
120,W2,SKU_C,1337,0,0,827
120,W2,SKU_D,1294,0,0,659
120,W2,SKU_E,1091,0,0,546
120,R1,SKU_A,0,195,0,522
120,R1,SKU_B,55,0,0,233
120,R1,SKU_C,0,62,0,404
120,R1,SKU_D,112,0,0,204
120,R1,SKU_E,127,0,0,122
120,R2,SKU_A,344,0,0,326
120,R2,SKU_B,0,69,0,235
120,R2,SKU_C,0,283,0,529
120,R2,SKU_D,108,0,0,171
120,R2,SKU_E,0,137,0,208
120,R3,SKU_A,154,0,0,1172
120,R3,SKU_B,333,0,0,387
120,R3,SKU_C,1225,0,0,766
120,R3,SKU_D,854,0,0,497
120,R3,SKU_E,842,0,0,386
121,Supplier,SKU_A,0,0,0,0
121,Supplier,SKU_B,0,0,0,0
121,Supplier,SKU_C,0,0,0,0
121,Supplier,SKU_D,0,0,0,0
121,Supplier,SKU_E,0,0,0,0
121,W1,SKU_A,220,0,0,1452
121,W1,SKU_B,756,0,0,825
121,W1,SKU_C,0,0,108,1094
121,W1,SKU_D,674,0,0,620
121,W1,SKU_E,0,0,415,521
121,W2,SKU_A,1262,0,0,1589
121,W2,SKU_B,367,0,0,508
121,W2,SKU_C,1271,0,0,1036
121,W2,SKU_D,1320,0,0,689
121,W2,SKU_E,1110,0,0,535
121,R1,SKU_A,0,58,0,447
121,R1,SKU_B,126,0,0,174
121,R1,SKU_C,75,0,0,276
121,R1,SKU_D,167,0,0,164
121,R1,SKU_E,156,0,0,134
121,R2,SKU_A,335,0,0,341
121,R2,SKU_B,0,57,0,234
121,R2,SKU_C,0,85,0,322
121,R2,SKU_D,110,0,0,154
121,R2,SKU_E,0,114,0,200
121,R3,SKU_A,137,0,0,1244
121,R3,SKU_B,330,0,0,417
121,R3,SKU_C,1186,0,0,894
121,R3,SKU_D,867,0,0,502
121,R3,SKU_E,850,0,0,404
122,Supplier,SKU_A,0,0,0,0
122,Supplier,SKU_B,0,0,0,0
122,Supplier,SKU_C,0,0,0,0
122,Supplier,SKU_D,0,0,0,0
122,Supplier,SKU_E,0,0,0,0
122,W1,SKU_A,256,0,0,1484
122,W1,SKU_B,778,0,0,826
122,W1,SKU_C,0,0,105,1090
122,W1,SKU_D,666,0,0,628
122,W1,SKU_E,0,0,373,527
122,W2,SKU_A,1325,0,0,1581
122,W2,SKU_B,384,0,0,518
122,W2,SKU_C,1331,0,0,1065
122,W2,SKU_D,1356,0,0,671
122,W2,SKU_E,1119,0,0,552
122,R1,SKU_A,87,0,0,270
122,R1,SKU_B,166,0,0,116
122,R1,SKU_C,120,0,0,215
122,R1,SKU_D,203,0,0,123
122,R1,SKU_E,177,0,0,87
122,R2,SKU_A,319,0,0,348
122,R2,SKU_B,0,36,0,209
122,R2,SKU_C,34,0,0,211
122,R2,SKU_D,118,0,0,146
122,R2,SKU_E,0,33,0,160
122,R3,SKU_A,259,0,0,1140
122,R3,SKU_B,357,0,0,371
122,R3,SKU_C,1213,0,0,856
122,R3,SKU_D,925,0,0,444
122,R3,SKU_E,911,0,0,348
123,Supplier,SKU_A,0,0,0,0
123,Supplier,SKU_B,0,0,0,0
123,Supplier,SKU_C,0,0,0,0
123,Supplier,SKU_D,0,0,0,0
123,Supplier,SKU_E,0,0,0,0
123,W1,SKU_A,210,0,0,1489
123,W1,SKU_B,765,0,0,817
123,W1,SKU_C,0,0,126,1100
123,W1,SKU_D,650,0,0,639
123,W1,SKU_E,0,0,371,498
123,W2,SKU_A,1357,0,0,1567
123,W2,SKU_B,341,0,0,542
123,W2,SKU_C,1320,0,0,1065
123,W2,SKU_D,1380,0,0,647
123,W2,SKU_E,1136,0,0,540
123,R1,SKU_A,85,0,0,240
123,R1,SKU_B,164,0,0,122
123,R1,SKU_C,123,0,0,222
123,R1,SKU_D,224,0,0,113
123,R1,SKU_E,200,0,0,72
123,R2,SKU_A,364,0,0,315
123,R2,SKU_B,0,39,0,192
123,R2,SKU_C,38,0,0,166
123,R2,SKU_D,134,0,0,132
123,R2,SKU_E,0,40,0,162
123,R3,SKU_A,450,0,0,925
123,R3,SKU_B,371,0,0,360
123,R3,SKU_C,1287,0,0,752
123,R3,SKU_D,993,0,0,356
123,R3,SKU_E,912,0,0,311
124,Supplier,SKU_A,0,0,0,0
124,Supplier,SKU_B,0,0,0,0
124,Supplier,SKU_C,0,0,0,0
124,Supplier,SKU_D,0,0,0,0
124,Supplier,SKU_E,0,0,0,0
124,W1,SKU_A,201,0,0,1478
124,W1,SKU_B,791,0,0,775
124,W1,SKU_C,0,0,136,1100
124,W1,SKU_D,664,0,0,638
124,W1,SKU_E,0,0,355,483
124,W2,SKU_A,1334,0,0,1566
124,W2,SKU_B,322,0,0,564
124,W2,SKU_C,1240,0,0,1115
124,W2,SKU_D,1373,0,0,634
124,W2,SKU_E,1113,0,0,527
124,R1,SKU_A,31,0,0,304
124,R1,SKU_B,126,0,0,136
124,R1,SKU_C,80,0,0,228
124,R1,SKU_D,204,0,0,107
124,R1,SKU_E,177,0,0,90
124,R2,SKU_A,359,0,0,306
124,R2,SKU_B,0,59,0,205
124,R2,SKU_C,0,6,0,180
124,R2,SKU_D,114,0,0,145
124,R2,SKU_E,0,40,0,171
124,R3,SKU_A,649,0,0,723
124,R3,SKU_B,396,0,0,318
124,R3,SKU_C,1493,0,0,561
124,R3,SKU_D,1037,0,0,302
124,R3,SKU_E,932,0,0,308
125,Supplier,SKU_A,0,0,0,0
125,Supplier,SKU_B,0,0,0,0
125,Supplier,SKU_C,0,0,0,0
125,Supplier,SKU_D,0,0,0,0
125,Supplier,SKU_E,0,0,0,0
125,W1,SKU_A,266,0,0,1409
125,W1,SKU_B,818,0,0,717
125,W1,SKU_C,0,0,62,969
125,W1,SKU_D,702,0,0,567
125,W1,SKU_E,0,0,341,457
125,W2,SKU_A,1429,0,0,1468
125,W2,SKU_B,335,0,0,534
125,W2,SKU_C,1252,0,0,1118
125,W2,SKU_D,1401,0,0,596
125,W2,SKU_E,1155,0,0,502
125,R1,SKU_A,0,72,0,326
125,R1,SKU_B,86,0,0,156
125,R1,SKU_C,7,0,0,255
125,R1,SKU_D,165,0,0,122
125,R1,SKU_E,180,0,0,87
125,R2,SKU_A,332,0,0,317
125,R2,SKU_B,0,77,0,236
125,R2,SKU_C,0,12,0,286
125,R2,SKU_D,102,0,0,150
125,R2,SKU_E,0,6,0,158
125,R3,SKU_A,659,0,0,677
125,R3,SKU_B,387,0,0,324
125,R3,SKU_C,1515,0,0,498
125,R3,SKU_D,988,0,0,314
125,R3,SKU_E,919,0,0,296
126,Supplier,SKU_A,0,0,0,0
126,Supplier,SKU_B,0,0,0,0
126,Supplier,SKU_C,0,0,0,0
126,Supplier,SKU_D,0,0,0,0
126,Supplier,SKU_E,0,0,0,0
126,W1,SKU_A,323,0,0,1255
126,W1,SKU_B,821,0,0,707
126,W1,SKU_C,0,0,67,954
126,W1,SKU_D,701,0,0,537
126,W1,SKU_E,0,0,301,424
126,W2,SKU_A,1581,0,0,1280
126,W2,SKU_B,329,0,0,537
126,W2,SKU_C,1300,0,0,1029
126,W2,SKU_D,1422,0,0,538
126,W2,SKU_E,1148,0,0,484
126,R1,SKU_A,0,134,0,397
126,R1,SKU_B,39,0,0,200
126,R1,SKU_C,0,59,0,338
126,R1,SKU_D,106,0,0,172
126,R1,SKU_E,159,0,0,92
126,R2,SKU_A,314,0,0,335
126,R2,SKU_B,0,91,0,250
126,R2,SKU_C,0,55,0,316
126,R2,SKU_D,84,0,0,162
126,R2,SKU_E,0,33,0,203
126,R3,SKU_A,619,0,0,722
126,R3,SKU_B,378,0,0,360
126,R3,SKU_C,1454,0,0,565
126,R3,SKU_D,940,0,0,381
126,R3,SKU_E,882,0,0,335
127,Supplier,SKU_A,0,0,0,0
127,Supplier,SKU_B,0,0,0,0
127,Supplier,SKU_C,0,0,0,0
127,Supplier,SKU_D,0,0,0,0
127,Supplier,SKU_E,0,0,0,0
127,W1,SKU_A,238,0,0,1349
127,W1,SKU_B,765,0,0,760
127,W1,SKU_C,0,0,157,1053
127,W1,SKU_D,630,0,0,593
127,W1,SKU_E,0,0,322,407
127,W2,SKU_A,1749,0,0,1117
127,W2,SKU_B,378,0,0,515
127,W2,SKU_C,1471,0,0,864
127,W2,SKU_D,1448,0,0,531
127,W2,SKU_E,1145,0,0,489
127,R1,SKU_A,0,115,0,469
127,R1,SKU_B,53,0,0,223
127,R1,SKU_C,0,25,0,360
127,R1,SKU_D,126,0,0,205
127,R1,SKU_E,169,0,0,108
127,R2,SKU_A,299,0,0,365
127,R2,SKU_B,0,87,0,244
127,R2,SKU_C,0,41,0,245
127,R2,SKU_D,93,0,0,182
127,R2,SKU_E,0,23,0,188
127,R3,SKU_A,624,0,0,780
127,R3,SKU_B,387,0,0,350
127,R3,SKU_C,1469,0,0,615
127,R3,SKU_D,904,0,0,429
127,R3,SKU_E,846,0,0,377
128,Supplier,SKU_A,0,0,0,0
128,Supplier,SKU_B,0,0,0,0
128,Supplier,SKU_C,0,0,0,0
128,Supplier,SKU_D,0,0,0,0
128,Supplier,SKU_E,0,0,0,0
128,W1,SKU_A,191,0,0,1502
128,W1,SKU_B,721,0,0,839
128,W1,SKU_C,0,0,157,1142
128,W1,SKU_D,641,0,0,664
128,W1,SKU_E,0,0,349,476
128,W2,SKU_A,1827,0,0,1102
128,W2,SKU_B,395,0,0,497
128,W2,SKU_C,1564,0,0,836
128,W2,SKU_D,1430,0,0,561
128,W2,SKU_E,1140,0,0,500
128,R1,SKU_A,0,24,0,369
128,R1,SKU_B,98,0,0,189
128,R1,SKU_C,66,0,0,287
128,R1,SKU_D,160,0,0,161
128,R1,SKU_E,178,0,0,98
128,R2,SKU_A,292,0,0,366
128,R2,SKU_B,0,78,0,233
128,R2,SKU_C,78,0,0,120
128,R2,SKU_D,87,0,0,166
128,R2,SKU_E,0,35,0,146
128,R3,SKU_A,622,0,0,751
128,R3,SKU_B,392,0,0,344
128,R3,SKU_C,1507,0,0,570
128,R3,SKU_D,905,0,0,445
128,R3,SKU_E,842,0,0,377
129,Supplier,SKU_A,0,0,0,0
129,Supplier,SKU_B,0,0,0,0
129,Supplier,SKU_C,0,0,0,0
129,Supplier,SKU_D,0,0,0,0
129,Supplier,SKU_E,0,0,0,0
129,W1,SKU_A,170,0,0,1508
129,W1,SKU_B,708,0,0,861
129,W1,SKU_C,0,0,134,1131
129,W1,SKU_D,625,0,0,648
129,W1,SKU_E,0,0,377,476
129,W2,SKU_A,1819,0,0,1079
129,W2,SKU_B,384,0,0,507
129,W2,SKU_C,1561,0,0,832
129,W2,SKU_D,1411,0,0,597
129,W2,SKU_E,1105,0,0,531
129,R1,SKU_A,52,0,0,287
129,R1,SKU_B,135,0,0,141
129,R1,SKU_C,140,0,0,220
129,R1,SKU_D,192,0,0,118
129,R1,SKU_E,213,0,0,73
129,R2,SKU_A,318,0,0,357
129,R2,SKU_B,0,65,0,237
129,R2,SKU_C,117,0,0,129
129,R2,SKU_D,103,0,0,165
129,R2,SKU_E,0,2,0,111
129,R3,SKU_A,622,0,0,750
129,R3,SKU_B,434,0,0,322
129,R3,SKU_C,1504,0,0,547
129,R3,SKU_D,914,0,0,434
129,R3,SKU_E,843,0,0,398
130,Supplier,SKU_A,0,0,0,0
130,Supplier,SKU_B,0,0,0,0
130,Supplier,SKU_C,0,0,0,0
130,Supplier,SKU_D,0,0,0,0
130,Supplier,SKU_E,0,0,0,0
130,W1,SKU_A,180,0,0,1509
130,W1,SKU_B,717,0,0,858
130,W1,SKU_C,0,0,69,1098
130,W1,SKU_D,600,0,0,677
130,W1,SKU_E,0,0,370,505
130,W2,SKU_A,1792,0,0,1105
130,W2,SKU_B,412,0,0,499
130,W2,SKU_C,1543,0,0,824
130,W2,SKU_D,1390,0,0,616
130,W2,SKU_E,1087,0,0,571
130,R1,SKU_A,43,0,0,302
130,R1,SKU_B,131,0,0,141
130,R1,SKU_C,161,0,0,195
130,R1,SKU_D,196,0,0,139
130,R1,SKU_E,202,0,0,64
130,R2,SKU_A,341,0,0,331
130,R2,SKU_B,0,35,0,224
130,R2,SKU_C,67,0,0,225
130,R2,SKU_D,111,0,0,143
130,R2,SKU_E,2,0,0,124
130,R3,SKU_A,670,0,0,714
130,R3,SKU_B,467,0,0,277
130,R3,SKU_C,1543,0,0,509
130,R3,SKU_D,943,0,0,388
130,R3,SKU_E,868,0,0,372
131,Supplier,SKU_A,0,0,0,0
131,Supplier,SKU_B,0,0,0,0
131,Supplier,SKU_C,0,0,0,0
131,Supplier,SKU_D,0,0,0,0
131,Supplier,SKU_E,0,0,0,0
131,W1,SKU_A,197,0,0,1495
131,W1,SKU_B,770,0,0,818
131,W1,SKU_C,30,0,0,976
131,W1,SKU_D,619,0,0,669
131,W1,SKU_E,0,0,361,486
131,W2,SKU_A,1801,0,0,1108
131,W2,SKU_B,425,0,0,474
131,W2,SKU_C,1556,0,0,812
131,W2,SKU_D,1372,0,0,617
131,W2,SKU_E,1104,0,0,553
131,R1,SKU_A,35,0,0,302
131,R1,SKU_B,119,0,0,156
131,R1,SKU_C,151,0,0,192
131,R1,SKU_D,179,0,0,125
131,R1,SKU_E,200,0,0,74
131,R2,SKU_A,343,0,0,323
131,R2,SKU_B,0,40,0,192
131,R2,SKU_C,83,0,0,294
131,R2,SKU_D,112,0,0,164
131,R2,SKU_E,0,26,0,151
131,R3,SKU_A,686,0,0,671
131,R3,SKU_B,460,0,0,271
131,R3,SKU_C,1594,0,0,476
131,R3,SKU_D,965,0,0,378
131,R3,SKU_E,874,0,0,349
132,Supplier,SKU_A,0,0,0,0
132,Supplier,SKU_B,0,0,0,0
132,Supplier,SKU_C,0,0,0,0
132,Supplier,SKU_D,0,0,0,0
132,Supplier,SKU_E,0,0,0,0
132,W1,SKU_A,297,0,0,1381
132,W1,SKU_B,796,0,0,758
132,W1,SKU_C,152,0,0,857
132,W1,SKU_D,660,0,0,619
132,W1,SKU_E,0,0,361,484
132,W2,SKU_A,1786,0,0,1096
132,W2,SKU_B,442,0,0,444
132,W2,SKU_C,1572,0,0,814
132,W2,SKU_D,1376,0,0,625
132,W2,SKU_E,1087,0,0,553
132,R1,SKU_A,4,0,0,304
132,R1,SKU_B,102,0,0,157
132,R1,SKU_C,48,0,0,209
132,R1,SKU_D,164,0,0,131
132,R1,SKU_E,176,0,0,86
132,R2,SKU_A,324,0,0,315
132,R2,SKU_B,0,34,0,195
132,R2,SKU_C,90,0,0,249
132,R2,SKU_D,127,0,0,141
132,R2,SKU_E,0,33,0,153
132,R3,SKU_A,592,0,0,718
132,R3,SKU_B,430,0,0,277
132,R3,SKU_C,1501,0,0,490
132,R3,SKU_D,939,0,0,368
132,R3,SKU_E,890,0,0,349
133,Supplier,SKU_A,0,0,0,0
133,Supplier,SKU_B,0,0,0,0
133,Supplier,SKU_C,0,0,0,0
133,Supplier,SKU_D,0,0,0,0
133,Supplier,SKU_E,0,0,0,0
133,W1,SKU_A,332,0,0,1290
133,W1,SKU_B,818,0,0,729
133,W1,SKU_C,141,0,0,744
133,W1,SKU_D,699,0,0,563
133,W1,SKU_E,0,0,340,446
133,W2,SKU_A,1760,0,0,1075
133,W2,SKU_B,438,0,0,424
133,W2,SKU_C,1550,0,0,757
133,W2,SKU_D,1381,0,0,584
133,W2,SKU_E,1111,0,0,545
133,R1,SKU_A,0,71,0,341
133,R1,SKU_B,66,0,0,170
133,R1,SKU_C,0,99,0,308
133,R1,SKU_D,124,0,0,171
133,R1,SKU_E,168,0,0,90
133,R2,SKU_A,288,0,0,351
133,R2,SKU_B,0,76,0,206
133,R2,SKU_C,120,0,0,225
133,R2,SKU_D,101,0,0,141
133,R2,SKU_E,0,31,0,172
133,R3,SKU_A,522,0,0,781
133,R3,SKU_B,419,0,0,306
133,R3,SKU_C,1387,0,0,576
133,R3,SKU_D,880,0,0,411
133,R3,SKU_E,882,0,0,329
134,Supplier,SKU_A,0,0,0,0
134,Supplier,SKU_B,0,0,0,0
134,Supplier,SKU_C,0,0,0,0
134,Supplier,SKU_D,0,0,0,0
134,Supplier,SKU_E,0,0,0,0
134,W1,SKU_A,223,0,0,1361
134,W1,SKU_B,751,0,0,742
134,W1,SKU_C,0,0,1,844
134,W1,SKU_D,630,0,0,606
134,W1,SKU_E,0,0,365,467
134,W2,SKU_A,1722,0,0,1106
134,W2,SKU_B,425,0,0,455
134,W2,SKU_C,1494,0,0,785
134,W2,SKU_D,1351,0,0,598
134,W2,SKU_E,1105,0,0,523
134,R1,SKU_A,0,80,0,408
134,R1,SKU_B,11,0,0,209
134,R1,SKU_C,0,169,0,442
134,R1,SKU_D,128,0,0,180
134,R1,SKU_E,154,0,0,106
134,R2,SKU_A,265,0,0,384
134,R2,SKU_B,0,110,0,265
134,R2,SKU_C,143,0,0,171
134,R2,SKU_D,95,0,0,153
134,R2,SKU_E,0,40,0,153
134,R3,SKU_A,480,0,0,850
134,R3,SKU_B,396,0,0,337
134,R3,SKU_C,1343,0,0,664
134,R3,SKU_D,859,0,0,468
134,R3,SKU_E,867,0,0,359
135,Supplier,SKU_A,0,0,0,0
135,Supplier,SKU_B,0,0,0,0
135,Supplier,SKU_C,0,0,0,0
135,Supplier,SKU_D,0,0,0,0
135,Supplier,SKU_E,0,0,0,0
135,W1,SKU_A,197,0,0,1455
135,W1,SKU_B,684,0,0,818
135,W1,SKU_C,0,0,121,998
135,W1,SKU_D,612,0,0,643
135,W1,SKU_E,0,0,363,464
135,W2,SKU_A,1648,0,0,1207
135,W2,SKU_B,421,0,0,467
135,W2,SKU_C,1417,0,0,906
135,W2,SKU_D,1345,0,0,640
135,W2,SKU_E,1108,0,0,535
135,R1,SKU_A,0,40,0,388
135,R1,SKU_B,39,0,0,248
135,R1,SKU_C,0,98,0,402
135,R1,SKU_D,151,0,0,167
135,R1,SKU_E,178,0,0,108
135,R2,SKU_A,256,0,0,401
135,R2,SKU_B,0,98,0,262
135,R2,SKU_C,102,0,0,137
135,R2,SKU_D,83,0,0,181
135,R2,SKU_E,0,53,0,163
135,R3,SKU_A,519,0,0,904
135,R3,SKU_B,442,0,0,348
135,R3,SKU_C,1374,0,0,709
135,R3,SKU_D,871,0,0,472
135,R3,SKU_E,881,0,0,373
136,Supplier,SKU_A,0,0,0,0
136,Supplier,SKU_B,0,0,0,0
136,Supplier,SKU_C,0,0,0,0
136,Supplier,SKU_D,0,0,0,0
136,Supplier,SKU_E,0,0,0,0
136,W1,SKU_A,188,0,0,1492
136,W1,SKU_B,687,0,0,891
136,W1,SKU_C,0,0,197,1150
136,W1,SKU_D,616,0,0,665
136,W1,SKU_E,0,0,376,498
136,W2,SKU_A,1698,0,0,1250
136,W2,SKU_B,475,0,0,470
136,W2,SKU_C,1423,0,0,976
136,W2,SKU_D,1338,0,0,663
136,W2,SKU_E,1143,0,0,528
136,R1,SKU_A,48,0,0,310
136,R1,SKU_B,89,0,0,197
136,R1,SKU_C,24,0,0,282
136,R1,SKU_D,190,0,0,144
136,R1,SKU_E,202,0,0,80
136,R2,SKU_A,280,0,0,383
136,R2,SKU_B,0,107,0,259
136,R2,SKU_C,118,0,0,65
136,R2,SKU_D,93,0,0,185
136,R2,SKU_E,0,38,0,137
136,R3,SKU_A,539,0,0,838
136,R3,SKU_B,456,0,0,289
136,R3,SKU_C,1404,0,0,696
136,R3,SKU_D,869,0,0,472
136,R3,SKU_E,901,0,0,342
137,Supplier,SKU_A,0,0,0,0
137,Supplier,SKU_B,0,0,0,0
137,Supplier,SKU_C,0,0,0,0
137,Supplier,SKU_D,0,0,0,0
137,Supplier,SKU_E,0,0,0,0
137,W1,SKU_A,192,0,0,1504
137,W1,SKU_B,664,0,0,901
137,W1,SKU_C,0,0,228,1203
137,W1,SKU_D,639,0,0,672
137,W1,SKU_E,0,0,381,501
137,W2,SKU_A,1703,0,0,1199
137,W2,SKU_B,464,0,0,436
137,W2,SKU_C,1472,0,0,944
137,W2,SKU_D,1331,0,0,668
137,W2,SKU_E,1145,0,0,515
137,R1,SKU_A,73,0,0,280
137,R1,SKU_B,138,0,0,131
137,R1,SKU_C,71,0,0,273
137,R1,SKU_D,204,0,0,118
137,R1,SKU_E,219,0,0,58
137,R2,SKU_A,300,0,0,359
137,R2,SKU_B,0,63,0,237
137,R2,SKU_C,109,0,0,0
137,R2,SKU_D,104,0,0,149
137,R2,SKU_E,0,51,0,163
137,R3,SKU_A,643,0,0,771
137,R3,SKU_B,509,0,0,251
137,R3,SKU_C,1504,0,0,587
137,R3,SKU_D,915,0,0,438
137,R3,SKU_E,906,0,0,338
138,Supplier,SKU_A,0,0,0,0
138,Supplier,SKU_B,0,0,0,0
138,Supplier,SKU_C,0,0,0,0
138,Supplier,SKU_D,0,0,0,0
138,Supplier,SKU_E,0,0,0,0
138,W1,SKU_A,201,0,0,1486
138,W1,SKU_B,680,0,0,890
138,W1,SKU_C,0,0,267,1237
138,W1,SKU_D,634,0,0,640
138,W1,SKU_E,0,0,371,504
138,W2,SKU_A,1733,0,0,1206
138,W2,SKU_B,480,0,0,435
138,W2,SKU_C,1511,0,0,896
138,W2,SKU_D,1353,0,0,658
138,W2,SKU_E,1149,0,0,512
138,R1,SKU_A,57,0,0,275
138,R1,SKU_B,128,0,0,149
138,R1,SKU_C,76,0,0,258
138,R1,SKU_D,205,0,0,114
138,R1,SKU_E,205,0,0,67
138,R2,SKU_A,316,0,0,349
138,R2,SKU_B,0,71,0,218
138,R2,SKU_C,35,0,0,35
138,R2,SKU_D,118,0,0,144
138,R2,SKU_E,0,48,0,156
138,R3,SKU_A,713,0,0,660
138,R3,SKU_B,537,0,0,216
138,R3,SKU_C,1651,0,0,459
138,R3,SKU_D,959,0,0,376
138,R3,SKU_E,936,0,0,305
139,Supplier,SKU_A,0,0,0,0
139,Supplier,SKU_B,0,0,0,0
139,Supplier,SKU_C,0,0,0,0
139,Supplier,SKU_D,0,0,0,0
139,Supplier,SKU_E,0,0,0,0
139,W1,SKU_A,251,0,0,1421
139,W1,SKU_B,684,0,0,867
139,W1,SKU_C,0,0,192,1152
139,W1,SKU_D,652,0,0,628
139,W1,SKU_E,0,0,363,477
139,W2,SKU_A,1749,0,0,1149
139,W2,SKU_B,502,0,0,406
139,W2,SKU_C,1551,0,0,875
139,W2,SKU_D,1345,0,0,648
139,W2,SKU_E,1167,0,0,491
139,R1,SKU_A,1,0,0,301
139,R1,SKU_B,84,0,0,158
139,R1,SKU_C,49,0,0,230
139,R1,SKU_D,181,0,0,129
139,R1,SKU_E,185,0,0,77
139,R2,SKU_A,327,0,0,341
139,R2,SKU_B,0,64,0,235
139,R2,SKU_C,0,26,0,184
139,R2,SKU_D,92,0,0,146
139,R2,SKU_E,0,45,0,171
139,R3,SKU_A,664,0,0,617
139,R3,SKU_B,518,0,0,196
139,R3,SKU_C,1649,0,0,356
139,R3,SKU_D,914,0,0,368
139,R3,SKU_E,940,0,0,290
140,Supplier,SKU_A,0,0,0,0
140,Supplier,SKU_B,0,0,0,0
140,Supplier,SKU_C,0,0,0,0
140,Supplier,SKU_D,0,0,0,0
140,Supplier,SKU_E,0,0,0,0
140,W1,SKU_A,312,0,0,1333
140,W1,SKU_B,731,0,0,809
140,W1,SKU_C,0,0,117,1035
140,W1,SKU_D,663,0,0,584
140,W1,SKU_E,0,0,351,465
140,W2,SKU_A,1720,0,0,1086
140,W2,SKU_B,509,0,0,360
140,W2,SKU_C,1565,0,0,756
140,W2,SKU_D,1320,0,0,620
140,W2,SKU_E,1158,0,0,489
140,R1,SKU_A,0,81,0,352
140,R1,SKU_B,59,0,0,185
140,R1,SKU_C,0,17,0,295
140,R1,SKU_D,149,0,0,141
140,R1,SKU_E,166,0,0,92
140,R2,SKU_A,303,0,0,336
140,R2,SKU_B,0,57,0,216
140,R2,SKU_C,0,103,0,320
140,R2,SKU_D,67,0,0,186
140,R2,SKU_E,0,59,0,174
140,R3,SKU_A,567,0,0,759
140,R3,SKU_B,459,0,0,272
140,R3,SKU_C,1557,0,0,434
140,R3,SKU_D,903,0,0,429
140,R3,SKU_E,906,0,0,314
141,Supplier,SKU_A,0,0,0,0
141,Supplier,SKU_B,0,0,0,0
141,Supplier,SKU_C,0,0,0,0
141,Supplier,SKU_D,0,0,0,0
141,Supplier,SKU_E,0,0,0,0
141,W1,SKU_A,245,0,0,1340
141,W1,SKU_B,759,0,0,771
141,W1,SKU_C,0,0,93,994
141,W1,SKU_D,650,0,0,592
141,W1,SKU_E,0,0,365,452
141,W2,SKU_A,1743,0,0,1108
141,W2,SKU_B,515,0,0,371
141,W2,SKU_C,1593,0,0,714
141,W2,SKU_D,1361,0,0,629
141,W2,SKU_E,1167,0,0,470
141,R1,SKU_A,0,51,0,413
141,R1,SKU_B,95,0,0,218
141,R1,SKU_C,39,0,0,351
141,R1,SKU_D,157,0,0,170
141,R1,SKU_E,180,0,0,106
141,R2,SKU_A,342,0,0,356
141,R2,SKU_B,0,33,0,231
141,R2,SKU_C,0,116,0,386
141,R2,SKU_D,89,0,0,186
141,R2,SKU_E,0,55,0,177
141,R3,SKU_A,567,0,0,810
141,R3,SKU_B,466,0,0,286
141,R3,SKU_C,1531,0,0,543
141,R3,SKU_D,895,0,0,438
141,R3,SKU_E,887,0,0,337
142,Supplier,SKU_A,0,0,0,0
142,Supplier,SKU_B,0,0,0,0
142,Supplier,SKU_C,0,0,0,0
142,Supplier,SKU_D,0,0,0,0
142,Supplier,SKU_E,0,0,0,0
142,W1,SKU_A,300,0,0,1435
142,W1,SKU_B,819,0,0,819
142,W1,SKU_C,0,0,4,1046
142,W1,SKU_D,670,0,0,631
142,W1,SKU_E,0,0,351,487
142,W2,SKU_A,1790,0,0,1112
142,W2,SKU_B,534,0,0,373
142,W2,SKU_C,1660,0,0,730
142,W2,SKU_D,1367,0,0,624
142,W2,SKU_E,1165,0,0,476
142,R1,SKU_A,0,9,0,353
142,R1,SKU_B,158,0,0,147
142,R1,SKU_C,123,0,0,240
142,R1,SKU_D,182,0,0,153
142,R1,SKU_E,197,0,0,82
142,R2,SKU_A,371,0,0,323
142,R2,SKU_B,12,0,0,180
142,R2,SKU_C,0,10,0,374
142,R2,SKU_D,104,0,0,173
142,R2,SKU_E,0,41,0,175
142,R3,SKU_A,508,0,0,847
142,R3,SKU_B,440,0,0,294
142,R3,SKU_C,1533,0,0,560
142,R3,SKU_D,870,0,0,458
142,R3,SKU_E,876,0,0,357
143,Supplier,SKU_A,0,0,0,0
143,Supplier,SKU_B,0,0,0,0
143,Supplier,SKU_C,0,0,0,0
143,Supplier,SKU_D,0,0,0,0
143,Supplier,SKU_E,0,0,0,0
143,W1,SKU_A,317,0,0,1396
143,W1,SKU_B,878,0,0,746
143,W1,SKU_C,41,0,0,979
143,W1,SKU_D,670,0,0,641
143,W1,SKU_E,0,0,344,471
143,W2,SKU_A,1722,0,0,1158
143,W2,SKU_B,478,0,0,411
143,W2,SKU_C,1670,0,0,739
143,W2,SKU_D,1352,0,0,634
143,W2,SKU_E,1144,0,0,506
143,R1,SKU_A,86,0,0,280
143,R1,SKU_B,213,0,0,86
143,R1,SKU_C,192,0,0,155
143,R1,SKU_D,218,0,0,108
143,R1,SKU_E,225,0,0,61
143,R2,SKU_A,394,0,0,297
143,R2,SKU_B,37,0,0,159
143,R2,SKU_C,95,0,0,285
143,R2,SKU_D,141,0,0,134
143,R2,SKU_E,0,49,0,174
143,R3,SKU_A,538,0,0,865
143,R3,SKU_B,423,0,0,313
143,R3,SKU_C,1504,0,0,577
143,R3,SKU_D,885,0,0,465
143,R3,SKU_E,869,0,0,365
144,Supplier,SKU_A,0,0,0,0
144,Supplier,SKU_B,0,0,0,0
144,Supplier,SKU_C,0,0,0,0
144,Supplier,SKU_D,0,0,0,0
144,Supplier,SKU_E,0,0,0,0
144,W1,SKU_A,362,0,0,1370
144,W1,SKU_B,930,0,0,692
144,W1,SKU_C,87,0,0,929
144,W1,SKU_D,696,0,0,604
144,W1,SKU_E,0,0,359,477
144,W2,SKU_A,1748,0,0,1180
144,W2,SKU_B,469,0,0,422
144,W2,SKU_C,1651,0,0,746
144,W2,SKU_D,1361,0,0,647
144,W2,SKU_E,1135,0,0,516
144,R1,SKU_A,85,0,0,276
144,R1,SKU_B,182,0,0,100
144,R1,SKU_C,172,0,0,198
144,R1,SKU_D,208,0,0,109
144,R1,SKU_E,203,0,0,61
144,R2,SKU_A,444,0,0,245
144,R2,SKU_B,67,0,0,122
144,R2,SKU_C,142,0,0,215
144,R2,SKU_D,165,0,0,112
144,R2,SKU_E,0,38,0,170
144,R3,SKU_A,636,0,0,743
144,R3,SKU_B,469,0,0,291
144,R3,SKU_C,1578,0,0,501
144,R3,SKU_D,931,0,0,397
144,R3,SKU_E,886,0,0,361
145,Supplier,SKU_A,0,0,0,0
145,Supplier,SKU_B,0,0,0,0
145,Supplier,SKU_C,0,0,0,0
145,Supplier,SKU_D,0,0,0,0
145,Supplier,SKU_E,0,0,0,0
145,W1,SKU_A,415,0,0,1310
145,W1,SKU_B,977,0,0,621
145,W1,SKU_C,143,0,0,873
145,W1,SKU_D,709,0,0,584
145,W1,SKU_E,0,0,355,473
145,W2,SKU_A,1713,0,0,1191
145,W2,SKU_B,469,0,0,446
145,W2,SKU_C,1639,0,0,756
145,W2,SKU_D,1336,0,0,650
145,W2,SKU_E,1138,0,0,526
145,R1,SKU_A,89,0,0,259
145,R1,SKU_B,156,0,0,123
145,R1,SKU_C,149,0,0,191
145,R1,SKU_D,188,0,0,127
145,R1,SKU_E,190,0,0,76
145,R2,SKU_A,410,0,0,254
145,R2,SKU_B,60,0,0,131
145,R2,SKU_C,225,0,0,132
145,R2,SKU_D,153,0,0,110
145,R2,SKU_E,0,25,0,156
145,R3,SKU_A,664,0,0,690
145,R3,SKU_B,469,0,0,262
145,R3,SKU_C,1648,0,0,413
145,R3,SKU_D,943,0,0,401
145,R3,SKU_E,890,0,0,334
146,Supplier,SKU_A,0,0,0,0
146,Supplier,SKU_B,0,0,0,0
146,Supplier,SKU_C,0,0,0,0
146,Supplier,SKU_D,0,0,0,0
146,Supplier,SKU_E,0,0,0,0
146,W1,SKU_A,457,0,0,1230
146,W1,SKU_B,1034,0,0,563
146,W1,SKU_C,211,0,0,775
146,W1,SKU_D,739,0,0,538
146,W1,SKU_E,0,0,354,469
146,W2,SKU_A,1694,0,0,1185
146,W2,SKU_B,447,0,0,439
146,W2,SKU_C,1590,0,0,787
146,W2,SKU_D,1345,0,0,657
146,W2,SKU_E,1121,0,0,520
146,R1,SKU_A,0,2,0,277
146,R1,SKU_B,76,0,0,143
146,R1,SKU_C,72,0,0,198
146,R1,SKU_D,141,0,0,138
146,R1,SKU_E,170,0,0,96
146,R2,SKU_A,347,0,0,284
146,R2,SKU_B,25,0,0,132
146,R2,SKU_C,170,0,0,139
146,R2,SKU_D,132,0,0,124
146,R2,SKU_E,0,21,0,149
146,R3,SKU_A,588,0,0,713
146,R3,SKU_B,429,0,0,283
146,R3,SKU_C,1567,0,0,426
146,R3,SKU_D,905,0,0,390
146,R3,SKU_E,893,0,0,334
147,Supplier,SKU_A,0,0,0,0
147,Supplier,SKU_B,0,0,0,0
147,Supplier,SKU_C,0,0,0,0
147,Supplier,SKU_D,0,0,0,0
147,Supplier,SKU_E,0,0,0,0
147,W1,SKU_A,453,0,0,1128
147,W1,SKU_B,1007,0,0,496
147,W1,SKU_C,178,0,0,690
147,W1,SKU_D,731,0,0,503
147,W1,SKU_E,0,0,330,441
147,W2,SKU_A,1714,0,0,1112
147,W2,SKU_B,445,0,0,422
147,W2,SKU_C,1578,0,0,731
147,W2,SKU_D,1358,0,0,595
147,W2,SKU_E,1118,0,0,526
147,R1,SKU_A,0,47,0,363
147,R1,SKU_B,26,0,0,206
147,R1,SKU_C,0,70,0,298
147,R1,SKU_D,106,0,0,176
147,R1,SKU_E,148,0,0,94
147,R2,SKU_A,298,0,0,344
147,R2,SKU_B,0,21,0,171
147,R2,SKU_C,67,0,0,210
147,R2,SKU_D,110,0,0,143
147,R2,SKU_E,0,28,0,175
147,R3,SKU_A,526,0,0,767
147,R3,SKU_B,401,0,0,305
147,R3,SKU_C,1474,0,0,526
147,R3,SKU_D,898,0,0,423
147,R3,SKU_E,864,0,0,340
148,Supplier,SKU_A,0,0,0,0
148,Supplier,SKU_B,0,0,0,0
148,Supplier,SKU_C,0,0,0,0
148,Supplier,SKU_D,0,0,0,0
148,Supplier,SKU_E,0,0,0,0
148,W1,SKU_A,351,0,0,1282
148,W1,SKU_B,878,0,0,631
148,W1,SKU_C,0,0,70,864
148,W1,SKU_D,664,0,0,570
148,W1,SKU_E,0,0,384,466
148,W2,SKU_A,1681,0,0,1137
148,W2,SKU_B,420,0,0,441
148,W2,SKU_C,1587,0,0,729
148,W2,SKU_D,1347,0,0,632
148,W2,SKU_E,1102,0,0,519
148,R1,SKU_A,0,46,0,395
148,R1,SKU_B,18,0,0,253
148,R1,SKU_C,0,74,0,410
148,R1,SKU_D,112,0,0,209
148,R1,SKU_E,155,0,0,118
148,R2,SKU_A,260,0,0,391
148,R2,SKU_B,0,33,0,210
148,R2,SKU_C,47,0,0,220
148,R2,SKU_D,97,0,0,167
148,R2,SKU_E,0,21,0,131
148,R3,SKU_A,536,0,0,877
148,R3,SKU_B,412,0,0,335
148,R3,SKU_C,1481,0,0,607
148,R3,SKU_D,914,0,0,452
148,R3,SKU_E,890,0,0,370
149,Supplier,SKU_A,0,0,0,0
149,Supplier,SKU_B,0,0,0,0
149,Supplier,SKU_C,0,0,0,0
149,Supplier,SKU_D,0,0,0,0
149,Supplier,SKU_E,0,0,0,0
149,W1,SKU_A,313,0,0,1362
149,W1,SKU_B,829,0,0,746
149,W1,SKU_C,0,0,128,1090
149,W1,SKU_D,637,0,0,647
149,W1,SKU_E,0,0,381,511
149,W2,SKU_A,1717,0,0,1221
149,W2,SKU_B,415,0,0,487
149,W2,SKU_C,1601,0,0,803
149,W2,SKU_D,1380,0,0,644
149,W2,SKU_E,1138,0,0,539
149,R1,SKU_A,26,0,0,321
149,R1,SKU_B,96,0,0,201
149,R1,SKU_C,24,0,0,344
149,R1,SKU_D,159,0,0,167
149,R1,SKU_E,167,0,0,111
149,R2,SKU_A,278,0,0,404
149,R2,SKU_B,0,40,0,224
149,R2,SKU_C,68,0,0,182
149,R2,SKU_D,105,0,0,166
149,R2,SKU_E,0,23,0,125
149,R3,SKU_A,539,0,0,843
149,R3,SKU_B,382,0,0,348
149,R3,SKU_C,1479,0,0,598
149,R3,SKU_D,968,0,0,414
149,R3,SKU_E,891,0,0,357
150,Supplier,SKU_A,0,0,0,0
150,Supplier,SKU_B,0,0,0,0
150,Supplier,SKU_C,0,0,0,0
150,Supplier,SKU_D,0,0,0,0
150,Supplier,SKU_E,0,0,0,0
150,W1,SKU_A,285,0,0,1419
150,W1,SKU_B,815,0,0,793
150,W1,SKU_C,0,0,109,1144
150,W1,SKU_D,633,0,0,663
150,W1,SKU_E,0,0,375,499
150,W2,SKU_A,1744,0,0,1163
150,W2,SKU_B,411,0,0,474
150,W2,SKU_C,1585,0,0,808
150,W2,SKU_D,1434,0,0,606
150,W2,SKU_E,1153,0,0,512
150,R1,SKU_A,87,0,0,290
150,R1,SKU_B,153,0,0,136
150,R1,SKU_C,162,0,0,204
150,R1,SKU_D,205,0,0,123
150,R1,SKU_E,213,0,0,75
150,R2,SKU_A,351,0,0,353
150,R2,SKU_B,0,12,0,197
150,R2,SKU_C,131,0,0,132
150,R2,SKU_D,119,0,0,151
150,R2,SKU_E,14,0,0,106
150,R3,SKU_A,558,0,0,815
150,R3,SKU_B,410,0,0,349
150,R3,SKU_C,1476,0,0,582
150,R3,SKU_D,1003,0,0,376
150,R3,SKU_E,905,0,0,333
151,Supplier,SKU_A,0,0,0,0
151,Supplier,SKU_B,0,0,0,0
151,Supplier,SKU_C,0,0,0,0
151,Supplier,SKU_D,0,0,0,0
151,Supplier,SKU_E,0,0,0,0
151,W1,SKU_A,316,0,0,1440
151,W1,SKU_B,818,0,0,783
151,W1,SKU_C,0,0,98,1125
151,W1,SKU_D,637,0,0,660
151,W1,SKU_E,0,0,347,493
151,W2,SKU_A,1714,0,0,1184
151,W2,SKU_B,434,0,0,480
151,W2,SKU_C,1562,0,0,812
151,W2,SKU_D,1463,0,0,574
151,W2,SKU_E,1157,0,0,498
151,R1,SKU_A,84,0,0,262
151,R1,SKU_B,181,0,0,118
151,R1,SKU_C,172,0,0,174
151,R1,SKU_D,195,0,0,116
151,R1,SKU_E,210,0,0,60
151,R2,SKU_A,386,0,0,291
151,R2,SKU_B,28,0,0,162
151,R2,SKU_C,131,0,0,118
151,R2,SKU_D,132,0,0,134
151,R2,SKU_E,0,24,0,170
151,R3,SKU_A,654,0,0,743
151,R3,SKU_B,451,0,0,302
151,R3,SKU_C,1553,0,0,517
151,R3,SKU_D,1055,0,0,292
151,R3,SKU_E,926,0,0,322
152,Supplier,SKU_A,0,0,0,0
152,Supplier,SKU_B,0,0,0,0
152,Supplier,SKU_C,0,0,0,0
152,Supplier,SKU_D,0,0,0,0
152,Supplier,SKU_E,0,0,0,0
152,W1,SKU_A,327,0,0,1371
152,W1,SKU_B,837,0,0,779
152,W1,SKU_C,0,0,102,1084
152,W1,SKU_D,636,0,0,640
152,W1,SKU_E,0,0,336,462
152,W2,SKU_A,1732,0,0,1190
152,W2,SKU_B,427,0,0,481
152,W2,SKU_C,1553,0,0,833
152,W2,SKU_D,1482,0,0,523
152,W2,SKU_E,1158,0,0,507
152,R1,SKU_A,66,0,0,263
152,R1,SKU_B,167,0,0,116
152,R1,SKU_C,111,0,0,196
152,R1,SKU_D,199,0,0,131
152,R1,SKU_E,202,0,0,68
152,R2,SKU_A,404,0,0,265
152,R2,SKU_B,32,0,0,149
152,R2,SKU_C,101,0,0,162
152,R2,SKU_D,144,0,0,132
152,R2,SKU_E,0,28,0,179
152,R3,SKU_A,734,0,0,639
152,R3,SKU_B,480,0,0,255
152,R3,SKU_C,1622,0,0,447
152,R3,SKU_D,1080,0,0,266
152,R3,SKU_E,960,0,0,278
153,Supplier,SKU_A,0,0,0,0
153,Supplier,SKU_B,0,0,0,0
153,Supplier,SKU_C,0,0,0,0
153,Supplier,SKU_D,0,0,0,0
153,Supplier,SKU_E,0,0,0,0
153,W1,SKU_A,419,0,0,1254
153,W1,SKU_B,925,0,0,666
153,W1,SKU_C,0,0,9,970
153,W1,SKU_D,707,0,0,598
153,W1,SKU_E,0,0,327,447
153,W2,SKU_A,1751,0,0,1147
153,W2,SKU_B,431,0,0,459
153,W2,SKU_C,1561,0,0,824
153,W2,SKU_D,1484,0,0,520
153,W2,SKU_E,1172,0,0,483
153,R1,SKU_A,8,0,0,311
153,R1,SKU_B,139,0,0,122
153,R1,SKU_C,24,0,0,255
153,R1,SKU_D,178,0,0,129
153,R1,SKU_E,174,0,0,86
153,R2,SKU_A,374,0,0,278
153,R2,SKU_B,1,0,0,152
153,R2,SKU_C,80,0,0,249
153,R2,SKU_D,123,0,0,127
153,R2,SKU_E,0,26,0,178
153,R3,SKU_A,647,0,0,679
153,R3,SKU_B,449,0,0,267
153,R3,SKU_C,1543,0,0,466
153,R3,SKU_D,1008,0,0,286
153,R3,SKU_E,919,0,0,300
154,Supplier,SKU_A,0,0,0,0
154,Supplier,SKU_B,0,0,0,0
154,Supplier,SKU_C,0,0,0,0
154,Supplier,SKU_D,0,0,0,0
154,Supplier,SKU_E,0,0,0,0
154,W1,SKU_A,432,0,0,1214
154,W1,SKU_B,957,0,0,584
154,W1,SKU_C,103,0,0,803
154,W1,SKU_D,729,0,0,527
154,W1,SKU_E,0,0,307,409
154,W2,SKU_A,1776,0,0,1075
154,W2,SKU_B,435,0,0,436
154,W2,SKU_C,1577,0,0,748
154,W2,SKU_D,1483,0,0,469
154,W2,SKU_E,1164,0,0,472
154,R1,SKU_A,0,23,0,338
154,R1,SKU_B,87,0,0,160
154,R1,SKU_C,2,0,0,322
154,R1,SKU_D,183,0,0,133
154,R1,SKU_E,180,0,0,96
154,R2,SKU_A,331,0,0,330
154,R2,SKU_B,0,3,0,184
154,R2,SKU_C,68,0,0,281
154,R2,SKU_D,110,0,0,147
154,R2,SKU_E,0,6,0,186
154,R3,SKU_A,615,0,0,735
154,R3,SKU_B,471,0,0,281
154,R3,SKU_C,1542,0,0,534
154,R3,SKU_D,983,0,0,374
154,R3,SKU_E,912,0,0,329
155,Supplier,SKU_A,0,0,0,0
155,Supplier,SKU_B,0,0,0,0
155,Supplier,SKU_C,0,0,0,0
155,Supplier,SKU_D,0,0,0,0
155,Supplier,SKU_E,0,0,0,0
155,W1,SKU_A,408,0,0,1243
155,W1,SKU_B,937,0,0,618
155,W1,SKU_C,103,0,0,859
155,W1,SKU_D,717,0,0,555
155,W1,SKU_E,0,0,311,437
155,W2,SKU_A,1833,0,0,1042
155,W2,SKU_B,481,0,0,426
155,W2,SKU_C,1653,0,0,739
155,W2,SKU_D,1519,0,0,496
155,W2,SKU_E,1201,0,0,457
155,R1,SKU_A,33,0,0,352
155,R1,SKU_B,87,0,0,196
155,R1,SKU_C,89,0,0,305
155,R1,SKU_D,205,0,0,147
155,R1,SKU_E,188,0,0,90
155,R2,SKU_A,349,0,0,346
155,R2,SKU_B,0,11,0,193
155,R2,SKU_C,89,0,0,283
155,R2,SKU_D,122,0,0,156
155,R2,SKU_E,10,0,0,177
155,R3,SKU_A,657,0,0,758
155,R3,SKU_B,462,0,0,288
155,R3,SKU_C,1590,0,0,516
155,R3,SKU_D,973,0,0,396
155,R3,SKU_E,911,0,0,326
156,Supplier,SKU_A,0,0,0,0
156,Supplier,SKU_B,0,0,0,0
156,Supplier,SKU_C,0,0,0,0
156,Supplier,SKU_D,0,0,0,0
156,Supplier,SKU_E,0,0,0,0
156,W1,SKU_A,459,0,0,1296
156,W1,SKU_B,921,0,0,671
156,W1,SKU_C,123,0,0,932
156,W1,SKU_D,750,0,0,579
156,W1,SKU_E,0,0,296,435
156,W2,SKU_A,1835,0,0,1105
156,W2,SKU_B,484,0,0,421
156,W2,SKU_C,1671,0,0,751
156,W2,SKU_D,1522,0,0,505
156,W2,SKU_E,1178,0,0,476
156,R1,SKU_A,111,0,0,286
156,R1,SKU_B,138,0,0,174
156,R1,SKU_C,195,0,0,190
156,R1,SKU_D,224,0,0,102
156,R1,SKU_E,198,0,0,72
156,R2,SKU_A,396,0,0,320
156,R2,SKU_B,13,0,0,192
156,R2,SKU_C,201,0,0,183
156,R2,SKU_D,118,0,0,154
156,R2,SKU_E,36,0,0,172
156,R3,SKU_A,661,0,0,740
156,R3,SKU_B,482,0,0,291
156,R3,SKU_C,1648,0,0,480
156,R3,SKU_D,993,0,0,374
156,R3,SKU_E,917,0,0,337
157,Supplier,SKU_A,0,0,0,0
157,Supplier,SKU_B,0,0,0,0
157,Supplier,SKU_C,0,0,0,0
157,Supplier,SKU_D,0,0,0,0
157,Supplier,SKU_E,0,0,0,0
157,W1,SKU_A,491,0,0,1297
157,W1,SKU_B,964,0,0,680
157,W1,SKU_C,154,0,0,904
157,W1,SKU_D,750,0,0,547
157,W1,SKU_E,0,0,305,442
157,W2,SKU_A,1854,0,0,1072
157,W2,SKU_B,527,0,0,401
157,W2,SKU_C,1722,0,0,722
157,W2,SKU_D,1507,0,0,518
157,W2,SKU_E,1184,0,0,487
157,R1,SKU_A,203,0,0,204
157,R1,SKU_B,199,0,0,109
157,R1,SKU_C,258,0,0,129
157,R1,SKU_D,250,0,0,92
157,R1,SKU_E,197,0,0,78
157,R2,SKU_A,451,0,0,256
157,R2,SKU_B,54,0,0,140
157,R2,SKU_C,250,0,0,128
157,R2,SKU_D,149,0,0,132
157,R2,SKU_E,86,0,0,118
157,R3,SKU_A,706,0,0,712
157,R3,SKU_B,510,0,0,253
157,R3,SKU_C,1683,0,0,421
157,R3,SKU_D,1002,0,0,353
157,R3,SKU_E,930,0,0,321
158,Supplier,SKU_A,0,0,0,0
158,Supplier,SKU_B,0,0,0,0
158,Supplier,SKU_C,0,0,0,0
158,Supplier,SKU_D,0,0,0,0
158,Supplier,SKU_E,0,0,0,0
158,W1,SKU_A,582,0,0,1207
158,W1,SKU_B,977,0,0,652
158,W1,SKU_C,226,0,0,828
158,W1,SKU_D,796,0,0,526
158,W1,SKU_E,0,0,284,431
158,W2,SKU_A,1899,0,0,1044
158,W2,SKU_B,531,0,0,387
158,W2,SKU_C,1768,0,0,652
158,W2,SKU_D,1483,0,0,530
158,W2,SKU_E,1197,0,0,471
158,R1,SKU_A,185,0,0,182
158,R1,SKU_B,197,0,0,84
158,R1,SKU_C,210,0,0,136
158,R1,SKU_D,226,0,0,102
158,R1,SKU_E,190,0,0,81
158,R2,SKU_A,484,0,0,210
158,R2,SKU_B,55,0,0,127
158,R2,SKU_C,264,0,0,99
158,R2,SKU_D,152,0,0,108
158,R2,SKU_E,92,0,0,121
158,R3,SKU_A,736,0,0,620
158,R3,SKU_B,537,0,0,206
158,R3,SKU_C,1751,0,0,326
158,R3,SKU_D,1036,0,0,292
158,R3,SKU_E,941,0,0,289
159,Supplier,SKU_A,0,0,0,0
159,Supplier,SKU_B,0,0,0,0
159,Supplier,SKU_C,0,0,0,0
159,Supplier,SKU_D,0,0,0,0
159,Supplier,SKU_E,0,0,0,0
159,W1,SKU_A,645,0,0,1091
159,W1,SKU_B,976,0,0,614
159,W1,SKU_C,263,0,0,735
159,W1,SKU_D,778,0,0,509
159,W1,SKU_E,0,0,273,404
159,W2,SKU_A,1858,0,0,1023
159,W2,SKU_B,521,0,0,377
159,W2,SKU_C,1775,0,0,618
159,W2,SKU_D,1464,0,0,522
159,W2,SKU_E,1179,0,0,468
159,R1,SKU_A,102,0,0,212
159,R1,SKU_B,186,0,0,115
159,R1,SKU_C,166,0,0,175
159,R1,SKU_D,206,0,0,100
159,R1,SKU_E,181,0,0,80
159,R2,SKU_A,455,0,0,211
159,R2,SKU_B,45,0,0,127
159,R2,SKU_C,250,0,0,108
159,R2,SKU_D,125,0,0,126
159,R2,SKU_E,89,0,0,118
159,R3,SKU_A,737,0,0,614
159,R3,SKU_B,521,0,0,215
159,R3,SKU_C,1753,0,0,325
159,R3,SKU_D,985,0,0,321
159,R3,SKU_E,931,0,0,300
160,Supplier,SKU_A,0,0,0,0
160,Supplier,SKU_B,0,0,0,0
160,Supplier,SKU_C,0,0,0,0
160,Supplier,SKU_D,0,0,0,0
160,Supplier,SKU_E,0,0,0,0
160,W1,SKU_A,654,0,0,1001
160,W1,SKU_B,1035,0,0,565
160,W1,SKU_C,345,0,0,643
160,W1,SKU_D,778,0,0,478
160,W1,SKU_E,0,0,271,375
160,W2,SKU_A,1836,0,0,1040
160,W2,SKU_B,522,0,0,369
160,W2,SKU_C,1784,0,0,610
160,W2,SKU_D,1424,0,0,540
160,W2,SKU_E,1172,0,0,476
160,R1,SKU_A,0,9,0,305
160,R1,SKU_B,131,0,0,122
160,R1,SKU_C,57,0,0,221
160,R1,SKU_D,155,0,0,136
160,R1,SKU_E,159,0,0,94
160,R2,SKU_A,382,0,0,261
160,R2,SKU_B,0,9,0,160
160,R2,SKU_C,197,0,0,134
160,R2,SKU_D,98,0,0,147
160,R2,SKU_E,40,0,0,153
160,R3,SKU_A,637,0,0,678
160,R3,SKU_B,505,0,0,229
160,R3,SKU_C,1669,0,0,353
160,R3,SKU_D,939,0,0,384
160,R3,SKU_E,880,0,0,306
161,Supplier,SKU_A,0,0,0,0
161,Supplier,SKU_B,0,0,0,0
161,Supplier,SKU_C,0,0,0,0
161,Supplier,SKU_D,0,0,0,0
161,Supplier,SKU_E,0,0,0,0
161,W1,SKU_A,617,0,0,997
161,W1,SKU_B,1011,0,0,520
161,W1,SKU_C,281,0,0,617
161,W1,SKU_D,741,0,0,494
161,W1,SKU_E,0,0,317,397
161,W2,SKU_A,1825,0,0,1015
161,W2,SKU_B,540,0,0,349
161,W2,SKU_C,1797,0,0,541
161,W2,SKU_D,1453,0,0,528
161,W2,SKU_E,1139,0,0,464
161,R1,SKU_A,0,116,0,376
161,R1,SKU_B,100,0,0,150
161,R1,SKU_C,0,10,0,289
161,R1,SKU_D,121,0,0,173
161,R1,SKU_E,146,0,0,112
161,R2,SKU_A,318,0,0,325
161,R2,SKU_B,0,42,0,203
161,R2,SKU_C,157,0,0,181
161,R2,SKU_D,62,0,0,183
161,R2,SKU_E,15,0,0,131
161,R3,SKU_A,567,0,0,764
161,R3,SKU_B,479,0,0,268
161,R3,SKU_C,1579,0,0,459
161,R3,SKU_D,899,0,0,428
161,R3,SKU_E,864,0,0,374
162,Supplier,SKU_A,0,0,0,0
162,Supplier,SKU_B,0,0,0,0
162,Supplier,SKU_C,0,0,0,0
162,Supplier,SKU_D,0,0,0,0
162,Supplier,SKU_E,0,0,0,0
162,W1,SKU_A,440,0,0,1138
162,W1,SKU_B,957,0,0,581
162,W1,SKU_C,132,0,0,774
162,W1,SKU_D,650,0,0,588
162,W1,SKU_E,0,0,372,456
162,W2,SKU_A,1806,0,0,1050
162,W2,SKU_B,535,0,0,367
162,W2,SKU_C,1759,0,0,595
162,W2,SKU_D,1423,0,0,562
162,W2,SKU_E,1136,0,0,519
162,R1,SKU_A,0,54,0,430
162,R1,SKU_B,94,0,0,201
162,R1,SKU_C,0,5,0,351
162,R1,SKU_D,136,0,0,185
162,R1,SKU_E,158,0,0,115
162,R2,SKU_A,276,0,0,376
162,R2,SKU_B,0,42,0,224
162,R2,SKU_C,141,0,0,206
162,R2,SKU_D,73,0,0,198
162,R2,SKU_E,19,0,0,99
162,R3,SKU_A,490,0,0,851
162,R3,SKU_B,482,0,0,284
162,R3,SKU_C,1566,0,0,525
162,R3,SKU_D,893,0,0,456
162,R3,SKU_E,853,0,0,387
163,Supplier,SKU_A,0,0,0,0
163,Supplier,SKU_B,0,0,0,0
163,Supplier,SKU_C,0,0,0,0
163,Supplier,SKU_D,0,0,0,0
163,Supplier,SKU_E,0,0,0,0
163,W1,SKU_A,355,0,0,1348
163,W1,SKU_B,917,0,0,687
163,W1,SKU_C,56,0,0,926
163,W1,SKU_D,644,0,0,647
163,W1,SKU_E,0,0,383,509
163,W2,SKU_A,1732,0,0,1134
163,W2,SKU_B,551,0,0,370
163,W2,SKU_C,1744,0,0,663
163,W2,SKU_D,1403,0,0,604
163,W2,SKU_E,1139,0,0,518
163,R1,SKU_A,8,0,0,350
163,R1,SKU_B,140,0,0,159
163,R1,SKU_C,84,0,0,283
163,R1,SKU_D,177,0,0,155
163,R1,SKU_E,184,0,0,95
163,R2,SKU_A,271,0,0,390
163,R2,SKU_B,0,23,0,214
163,R2,SKU_C,131,0,0,217
163,R2,SKU_D,91,0,0,178
163,R2,SKU_E,38,0,0,76
163,R3,SKU_A,469,0,0,866
163,R3,SKU_B,505,0,0,261
163,R3,SKU_C,1546,0,0,511
163,R3,SKU_D,904,0,0,435
163,R3,SKU_E,856,0,0,377
164,Supplier,SKU_A,0,0,0,0
164,Supplier,SKU_B,0,0,0,0
164,Supplier,SKU_C,0,0,0,0
164,Supplier,SKU_D,0,0,0,0
164,Supplier,SKU_E,0,0,0,0
164,W1,SKU_A,260,0,0,1434
164,W1,SKU_B,905,0,0,712
164,W1,SKU_C,6,0,0,998
164,W1,SKU_D,622,0,0,678
164,W1,SKU_E,0,0,391,530
164,W2,SKU_A,1666,0,0,1194
164,W2,SKU_B,544,0,0,377
164,W2,SKU_C,1673,0,0,700
164,W2,SKU_D,1375,0,0,622
164,W2,SKU_E,1118,0,0,532
164,R1,SKU_A,111,0,0,252
164,R1,SKU_B,199,0,0,110
164,R1,SKU_C,174,0,0,195
164,R1,SKU_D,200,0,0,117
164,R1,SKU_E,213,0,0,74
164,R2,SKU_A,302,0,0,372
164,R2,SKU_B,12,0,0,174
164,R2,SKU_C,171,0,0,200
164,R2,SKU_D,129,0,0,154
164,R2,SKU_E,22,0,0,81
164,R3,SKU_A,483,0,0,882
164,R3,SKU_B,533,0,0,231
164,R3,SKU_C,1548,0,0,532
164,R3,SKU_D,932,0,0,402
164,R3,SKU_E,869,0,0,375
165,Supplier,SKU_A,0,0,0,0
165,Supplier,SKU_B,0,0,0,0
165,Supplier,SKU_C,0,0,0,0
165,Supplier,SKU_D,0,0,0,0
165,Supplier,SKU_E,0,0,0,0
165,W1,SKU_A,236,0,0,1476
165,W1,SKU_B,937,0,0,685
165,W1,SKU_C,37,0,0,992
165,W1,SKU_D,634,0,0,665
165,W1,SKU_E,0,0,378,522
165,W2,SKU_A,1613,0,0,1277
165,W2,SKU_B,545,0,0,374
165,W2,SKU_C,1649,0,0,747
165,W2,SKU_D,1354,0,0,638
165,W2,SKU_E,1111,0,0,550
165,R1,SKU_A,108,0,0,265
165,R1,SKU_B,206,0,0,96
165,R1,SKU_C,172,0,0,172
165,R1,SKU_D,203,0,0,121
165,R1,SKU_E,224,0,0,60
165,R2,SKU_A,325,0,0,341
165,R2,SKU_B,6,0,0,149
165,R2,SKU_C,182,0,0,167
165,R2,SKU_D,154,0,0,116
165,R2,SKU_E,0,7,0,118
165,R3,SKU_A,555,0,0,832
165,R3,SKU_B,551,0,0,201
165,R3,SKU_C,1592,0,0,474
165,R3,SKU_D,943,0,0,391
165,R3,SKU_E,914,0,0,317
166,Supplier,SKU_A,0,0,0,0
166,Supplier,SKU_B,0,0,0,0
166,Supplier,SKU_C,0,0,0,0
166,Supplier,SKU_D,0,0,0,0
166,Supplier,SKU_E,0,0,0,0
166,W1,SKU_A,295,0,0,1419
166,W1,SKU_B,921,0,0,663
166,W1,SKU_C,31,0,0,951
166,W1,SKU_D,671,0,0,622
166,W1,SKU_E,0,0,346,482
166,W2,SKU_A,1644,0,0,1268
166,W2,SKU_B,554,0,0,353
166,W2,SKU_C,1638,0,0,744
166,W2,SKU_D,1360,0,0,632
166,W2,SKU_E,1112,0,0,536
166,R1,SKU_A,85,0,0,250
166,R1,SKU_B,195,0,0,93
166,R1,SKU_C,109,0,0,195
166,R1,SKU_D,164,0,0,129
166,R1,SKU_E,221,0,0,55
166,R2,SKU_A,333,0,0,327
166,R2,SKU_B,0,9,0,176
166,R2,SKU_C,184,0,0,165
166,R2,SKU_D,138,0,0,117
166,R2,SKU_E,0,32,0,162
166,R3,SKU_A,574,0,0,776
166,R3,SKU_B,543,0,0,196
166,R3,SKU_C,1622,0,0,446
166,R3,SKU_D,940,0,0,384
166,R3,SKU_E,924,0,0,324
167,Supplier,SKU_A,0,0,0,0
167,Supplier,SKU_B,0,0,0,0
167,Supplier,SKU_C,0,0,0,0
167,Supplier,SKU_D,0,0,0,0
167,Supplier,SKU_E,0,0,0,0
167,W1,SKU_A,351,0,0,1319
167,W1,SKU_B,972,0,0,610
167,W1,SKU_C,75,0,0,867
167,W1,SKU_D,683,0,0,564
167,W1,SKU_E,0,0,311,426
167,W2,SKU_A,1643,0,0,1232
167,W2,SKU_B,557,0,0,337
167,W2,SKU_C,1628,0,0,756
167,W2,SKU_D,1378,0,0,604
167,W2,SKU_E,1129,0,0,536
167,R1,SKU_A,0,13,0,278
167,R1,SKU_B,166,0,0,114
167,R1,SKU_C,53,0,0,260
167,R1,SKU_D,124,0,0,153
167,R1,SKU_E,187,0,0,66
167,R2,SKU_A,329,0,0,328
167,R2,SKU_B,0,22,0,200
167,R2,SKU_C,176,0,0,164
167,R2,SKU_D,137,0,0,131
167,R2,SKU_E,0,55,0,226
167,R3,SKU_A,548,0,0,767
167,R3,SKU_B,499,0,0,223
167,R3,SKU_C,1547,0,0,469
167,R3,SKU_D,906,0,0,409
167,R3,SKU_E,903,0,0,316
168,Supplier,SKU_A,0,0,0,0
168,Supplier,SKU_B,0,0,0,0
168,Supplier,SKU_C,0,0,0,0
168,Supplier,SKU_D,0,0,0,0
168,Supplier,SKU_E,0,0,0,0
168,W1,SKU_A,370,0,0,1227
168,W1,SKU_B,1019,0,0,566
168,W1,SKU_C,111,0,0,831
168,W1,SKU_D,689,0,0,555
168,W1,SKU_E,0,0,297,395
168,W2,SKU_A,1643,0,0,1197
168,W2,SKU_B,545,0,0,332
168,W2,SKU_C,1622,0,0,710
168,W2,SKU_D,1370,0,0,603
168,W2,SKU_E,1162,0,0,474
168,R1,SKU_A,0,122,0,386
168,R1,SKU_B,128,0,0,136
168,R1,SKU_C,0,38,0,291
168,R1,SKU_D,94,0,0,200
168,R1,SKU_E,167,0,0,97
168,R2,SKU_A,324,0,0,345
168,R2,SKU_B,0,47,0,208
168,R2,SKU_C,154,0,0,195
168,R2,SKU_D,109,0,0,146
168,R2,SKU_E,0,64,0,239
168,R3,SKU_A,493,0,0,787
168,R3,SKU_B,453,0,0,267
168,R3,SKU_C,1488,0,0,510
168,R3,SKU_D,880,0,0,433
168,R3,SKU_E,876,0,0,330
169,Supplier,SKU_A,0,0,0,0
169,Supplier,SKU_B,0,0,0,0
169,Supplier,SKU_C,0,0,0,0
169,Supplier,SKU_D,0,0,0,0
169,Supplier,SKU_E,0,0,0,0
169,W1,SKU_A,275,0,0,1333
169,W1,SKU_B,967,0,0,585
169,W1,SKU_C,20,0,0,871
169,W1,SKU_D,646,0,0,602
169,W1,SKU_E,0,0,324,423
169,W2,SKU_A,1592,0,0,1213
169,W2,SKU_B,518,0,0,357
169,W2,SKU_C,1582,0,0,732
169,W2,SKU_D,1356,0,0,615
169,W2,SKU_E,1130,0,0,493
169,R1,SKU_A,0,114,0,457
169,R1,SKU_B,121,0,0,160
169,R1,SKU_C,0,11,0,342
169,R1,SKU_D,113,0,0,199
169,R1,SKU_E,154,0,0,109
169,R2,SKU_A,303,0,0,342
169,R2,SKU_B,0,37,0,202
169,R2,SKU_C,147,0,0,195
169,R2,SKU_D,81,0,0,161
169,R2,SKU_E,0,39,0,197
169,R3,SKU_A,475,0,0,872
169,R3,SKU_B,443,0,0,311
169,R3,SKU_C,1487,0,0,592
169,R3,SKU_D,890,0,0,454
169,R3,SKU_E,848,0,0,368
170,Supplier,SKU_A,0,0,0,0
170,Supplier,SKU_B,0,0,0,0
170,Supplier,SKU_C,0,0,0,0
170,Supplier,SKU_D,0,0,0,0
170,Supplier,SKU_E,0,0,0,0
170,W1,SKU_A,244,0,0,1419
170,W1,SKU_B,923,0,0,650
170,W1,SKU_C,0,0,22,984
170,W1,SKU_D,599,0,0,654
170,W1,SKU_E,0,0,355,463
170,W2,SKU_A,1598,0,0,1274
170,W2,SKU_B,506,0,0,403
170,W2,SKU_C,1570,0,0,825
170,W2,SKU_D,1351,0,0,651
170,W2,SKU_E,1106,0,0,527
170,R1,SKU_A,0,17,0,379
170,R1,SKU_B,140,0,0,159
170,R1,SKU_C,27,0,0,324
170,R1,SKU_D,163,0,0,164
170,R1,SKU_E,168,0,0,99
170,R2,SKU_A,302,0,0,357
170,R2,SKU_B,0,27,0,204
170,R2,SKU_C,135,0,0,180
170,R2,SKU_D,93,0,0,174
170,R2,SKU_E,15,0,0,125
170,R3,SKU_A,421,0,0,912
170,R3,SKU_B,437,0,0,309
170,R3,SKU_C,1508,0,0,579
170,R3,SKU_D,899,0,0,444
170,R3,SKU_E,839,0,0,383
171,Supplier,SKU_A,0,0,0,0
171,Supplier,SKU_B,0,0,0,0
171,Supplier,SKU_C,0,0,0,0
171,Supplier,SKU_D,0,0,0,0
171,Supplier,SKU_E,0,0,0,0
171,W1,SKU_A,228,0,0,1468
171,W1,SKU_B,904,0,0,699
171,W1,SKU_C,0,0,74,1051
171,W1,SKU_D,593,0,0,700
171,W1,SKU_E,0,0,374,499
171,W2,SKU_A,1596,0,0,1262
171,W2,SKU_B,486,0,0,415
171,W2,SKU_C,1600,0,0,803
171,W2,SKU_D,1355,0,0,646
171,W2,SKU_E,1095,0,0,544
171,R1,SKU_A,64,0,0,281
171,R1,SKU_B,178,0,0,124
171,R1,SKU_C,131,0,0,226
171,R1,SKU_D,205,0,0,131
171,R1,SKU_E,172,0,0,96
171,R2,SKU_A,333,0,0,355
171,R2,SKU_B,0,15,0,205
171,R2,SKU_C,144,0,0,131
171,R2,SKU_D,77,0,0,175
171,R2,SKU_E,39,0,0,79
171,R3,SKU_A,444,0,0,929
171,R3,SKU_B,454,0,0,302
171,R3,SKU_C,1548,0,0,560
171,R3,SKU_D,927,0,0,425
171,R3,SKU_E,840,0,0,409
172,Supplier,SKU_A,0,0,0,0
172,Supplier,SKU_B,0,0,0,0
172,Supplier,SKU_C,0,0,0,0
172,Supplier,SKU_D,0,0,0,0
172,Supplier,SKU_E,0,0,0,0
172,W1,SKU_A,222,0,0,1486
172,W1,SKU_B,939,0,0,680
172,W1,SKU_C,0,0,61,1056
172,W1,SKU_D,587,0,0,700
172,W1,SKU_E,0,0,387,510
172,W2,SKU_A,1604,0,0,1294
172,W2,SKU_B,478,0,0,433
172,W2,SKU_C,1628,0,0,796
172,W2,SKU_D,1373,0,0,637
172,W2,SKU_E,1100,0,0,566
172,R1,SKU_A,90,0,0,279
172,R1,SKU_B,194,0,0,103
172,R1,SKU_C,174,0,0,200
172,R1,SKU_D,232,0,0,107
172,R1,SKU_E,185,0,0,91
172,R2,SKU_A,321,0,0,336
172,R2,SKU_B,0,3,0,176
172,R2,SKU_C,167,0,0,144
172,R2,SKU_D,87,0,0,178
172,R2,SKU_E,14,0,0,73
172,R3,SKU_A,499,0,0,871
172,R3,SKU_B,481,0,0,268
172,R3,SKU_C,1623,0,0,468
172,R3,SKU_D,943,0,0,388
172,R3,SKU_E,848,0,0,379
173,Supplier,SKU_A,0,0,0,0
173,Supplier,SKU_B,0,0,0,0
173,Supplier,SKU_C,0,0,0,0
173,Supplier,SKU_D,0,0,0,0
173,Supplier,SKU_E,0,0,0,0
173,W1,SKU_A,253,0,0,1448
173,W1,SKU_B,954,0,0,643
173,W1,SKU_C,32,0,0,1003
173,W1,SKU_D,643,0,0,660
173,W1,SKU_E,0,0,389,502
173,W2,SKU_A,1587,0,0,1308
173,W2,SKU_B,475,0,0,429
173,W2,SKU_C,1653,0,0,754
173,W2,SKU_D,1370,0,0,619
173,W2,SKU_E,1096,0,0,548
173,R1,SKU_A,60,0,0,272
173,R1,SKU_B,181,0,0,105
173,R1,SKU_C,170,0,0,177
173,R1,SKU_D,200,0,0,95
173,R1,SKU_E,183,0,0,82
173,R2,SKU_A,345,0,0,324
173,R2,SKU_B,1,0,0,168
173,R2,SKU_C,150,0,0,197
173,R2,SKU_D,97,0,0,155
173,R2,SKU_E,0,22,0,110
173,R3,SKU_A,543,0,0,781
173,R3,SKU_B,523,0,0,239
173,R3,SKU_C,1667,0,0,375
173,R3,SKU_D,963,0,0,370
173,R3,SKU_E,850,0,0,358
174,Supplier,SKU_A,0,0,0,0
174,Supplier,SKU_B,0,0,0,0
174,Supplier,SKU_C,0,0,0,0
174,Supplier,SKU_D,0,0,0,0
174,Supplier,SKU_E,0,0,0,0
174,W1,SKU_A,332,0,0,1344
174,W1,SKU_B,951,0,0,631
174,W1,SKU_C,73,0,0,910
174,W1,SKU_D,645,0,0,601
174,W1,SKU_E,0,0,382,487
174,W2,SKU_A,1561,0,0,1288
174,W2,SKU_B,498,0,0,419
174,W2,SKU_C,1627,0,0,731
174,W2,SKU_D,1379,0,0,612
174,W2,SKU_E,1056,0,0,569
174,R1,SKU_A,16,0,0,285
174,R1,SKU_B,146,0,0,121
174,R1,SKU_C,103,0,0,187
174,R1,SKU_D,159,0,0,136
174,R1,SKU_E,185,0,0,85
174,R2,SKU_A,345,0,0,314
174,R2,SKU_B,0,14,0,176
174,R2,SKU_C,87,0,0,239
174,R2,SKU_D,86,0,0,170
174,R2,SKU_E,0,56,0,154
174,R3,SKU_A,514,0,0,804
174,R3,SKU_B,512,0,0,231
174,R3,SKU_C,1606,0,0,412
174,R3,SKU_D,923,0,0,381
174,R3,SKU_E,841,0,0,366
175,Supplier,SKU_A,0,0,0,0
175,Supplier,SKU_B,0,0,0,0
175,Supplier,SKU_C,0,0,0,0
175,Supplier,SKU_D,0,0,0,0
175,Supplier,SKU_E,0,0,0,0
175,W1,SKU_A,359,0,0,1276
175,W1,SKU_B,955,0,0,601
175,W1,SKU_C,87,0,0,818
175,W1,SKU_D,647,0,0,603
175,W1,SKU_E,0,0,368,481
175,W2,SKU_A,1564,0,0,1279
175,W2,SKU_B,519,0,0,379
175,W2,SKU_C,1629,0,0,705
175,W2,SKU_D,1368,0,0,594
175,W2,SKU_E,1044,0,0,580
175,R1,SKU_A,0,40,0,353
175,R1,SKU_B,126,0,0,151
175,R1,SKU_C,36,0,0,271
175,R1,SKU_D,112,0,0,180
175,R1,SKU_E,167,0,0,91
175,R2,SKU_A,309,0,0,343
175,R2,SKU_B,0,36,0,204
175,R2,SKU_C,104,0,0,249
175,R2,SKU_D,87,0,0,166
175,R2,SKU_E,0,88,0,193
175,R3,SKU_A,482,0,0,819
175,R3,SKU_B,502,0,0,234
175,R3,SKU_C,1554,0,0,481
175,R3,SKU_D,893,0,0,420
175,R3,SKU_E,845,0,0,381
176,Supplier,SKU_A,0,0,0,0
176,Supplier,SKU_B,0,0,0,0
176,Supplier,SKU_C,0,0,0,0
176,Supplier,SKU_D,0,0,0,0
176,Supplier,SKU_E,0,0,0,0
176,W1,SKU_A,336,0,0,1304
176,W1,SKU_B,954,0,0,618
176,W1,SKU_C,74,0,0,875
176,W1,SKU_D,638,0,0,606
176,W1,SKU_E,0,0,382,476
176,W2,SKU_A,1585,0,0,1241
176,W2,SKU_B,535,0,0,356
176,W2,SKU_C,1666,0,0,685
176,W2,SKU_D,1368,0,0,603
176,W2,SKU_E,1064,0,0,579
176,R1,SKU_A,4,0,0,372
176,R1,SKU_B,138,0,0,160
176,R1,SKU_C,89,0,0,311
176,R1,SKU_D,152,0,0,183
176,R1,SKU_E,183,0,0,98
176,R2,SKU_A,346,0,0,348
176,R2,SKU_B,0,13,0,209
176,R2,SKU_C,168,0,0,207
176,R2,SKU_D,105,0,0,178
176,R2,SKU_E,0,83,0,182
176,R3,SKU_A,479,0,0,891
176,R3,SKU_B,498,0,0,254
176,R3,SKU_C,1538,0,0,554
176,R3,SKU_D,900,0,0,459
176,R3,SKU_E,835,0,0,404
177,Supplier,SKU_A,0,0,0,0
177,Supplier,SKU_B,0,0,0,0
177,Supplier,SKU_C,0,0,0,0
177,Supplier,SKU_D,0,0,0,0
177,Supplier,SKU_E,0,0,0,0
177,W1,SKU_A,385,0,0,1360
177,W1,SKU_B,972,0,0,649
177,W1,SKU_C,161,0,0,903
177,W1,SKU_D,662,0,0,655
177,W1,SKU_E,0,0,382,507
177,W2,SKU_A,1608,0,0,1287
177,W2,SKU_B,533,0,0,374
177,W2,SKU_C,1679,0,0,729
177,W2,SKU_D,1383,0,0,634
177,W2,SKU_E,1087,0,0,569
177,R1,SKU_A,82,0,0,297
177,R1,SKU_B,173,0,0,129
177,R1,SKU_C,184,0,0,201
177,R1,SKU_D,207,0,0,143
177,R1,SKU_E,199,0,0,87
177,R2,SKU_A,369,0,0,323
177,R2,SKU_B,22,0,0,182
177,R2,SKU_C,173,0,0,179
177,R2,SKU_D,134,0,0,147
177,R2,SKU_E,0,56,0,171
177,R3,SKU_A,505,0,0,891
177,R3,SKU_B,504,0,0,251
177,R3,SKU_C,1558,0,0,553
177,R3,SKU_D,936,0,0,431
177,R3,SKU_E,841,0,0,392
178,Supplier,SKU_A,0,0,0,0
178,Supplier,SKU_B,0,0,0,0
178,Supplier,SKU_C,0,0,0,0
178,Supplier,SKU_D,0,0,0,0
178,Supplier,SKU_E,0,0,0,0
178,W1,SKU_A,423,0,0,1323
178,W1,SKU_B,986,0,0,647
178,W1,SKU_C,192,0,0,834
178,W1,SKU_D,705,0,0,625
178,W1,SKU_E,0,0,359,505
178,W2,SKU_A,1671,0,0,1250
178,W2,SKU_B,542,0,0,368
178,W2,SKU_C,1703,0,0,724
178,W2,SKU_D,1407,0,0,618
178,W2,SKU_E,1098,0,0,552
178,R1,SKU_A,146,0,0,231
178,R1,SKU_B,196,0,0,104
178,R1,SKU_C,236,0,0,123
178,R1,SKU_D,247,0,0,85
178,R1,SKU_E,201,0,0,59
178,R2,SKU_A,416,0,0,290
178,R2,SKU_B,40,0,0,140
178,R2,SKU_C,208,0,0,153
178,R2,SKU_D,153,0,0,122
178,R2,SKU_E,0,24,0,163
178,R3,SKU_A,592,0,0,819
178,R3,SKU_B,490,0,0,258
178,R3,SKU_C,1617,0,0,484
178,R3,SKU_D,962,0,0,397
178,R3,SKU_E,878,0,0,367
179,Supplier,SKU_A,0,0,0,0
179,Supplier,SKU_B,0,0,0,0
179,Supplier,SKU_C,0,0,0,0
179,Supplier,SKU_D,0,0,0,0
179,Supplier,SKU_E,0,0,0,0
179,W1,SKU_A,480,0,0,1278
179,W1,SKU_B,996,0,0,611
179,W1,SKU_C,166,0,0,843
179,W1,SKU_D,708,0,0,598
179,W1,SKU_E,0,0,351,472
179,W2,SKU_A,1709,0,0,1227
179,W2,SKU_B,534,0,0,369
179,W2,SKU_C,1696,0,0,721
179,W2,SKU_D,1414,0,0,603
179,W2,SKU_E,1094,0,0,568
179,R1,SKU_A,135,0,0,230
179,R1,SKU_B,198,0,0,102
179,R1,SKU_C,216,0,0,164
179,R1,SKU_D,244,0,0,88
179,R1,SKU_E,191,0,0,80
179,R2,SKU_A,441,0,0,236
179,R2,SKU_B,61,0,0,128
179,R2,SKU_C,219,0,0,145
179,R2,SKU_D,174,0,0,100
179,R2,SKU_E,0,29,0,160
179,R3,SKU_A,647,0,0,726
179,R3,SKU_B,495,0,0,253
179,R3,SKU_C,1690,0,0,401
179,R3,SKU_D,989,0,0,342
179,R3,SKU_E,918,0,0,329
180,Supplier,SKU_A,0,0,0,0
180,Supplier,SKU_B,0,0,0,0
180,Supplier,SKU_C,0,0,0,0
180,Supplier,SKU_D,0,0,0,0
180,Supplier,SKU_E,0,0,0,0
180,W1,SKU_A,521,0,0,1196
180,W1,SKU_B,1030,0,0,586
180,W1,SKU_C,216,0,0,817
180,W1,SKU_D,767,0,0,538
180,W1,SKU_E,0,0,340,456
180,W2,SKU_A,1712,0,0,1186
180,W2,SKU_B,533,0,0,370
180,W2,SKU_C,1696,0,0,711
180,W2,SKU_D,1414,0,0,575
180,W2,SKU_E,1114,0,0,550
180,R1,SKU_A,104,0,0,244
180,R1,SKU_B,163,0,0,104
180,R1,SKU_C,171,0,0,169
180,R1,SKU_D,209,0,0,106
180,R1,SKU_E,166,0,0,95
180,R2,SKU_A,431,0,0,253
180,R2,SKU_B,42,0,0,135
180,R2,SKU_C,204,0,0,156
180,R2,SKU_D,164,0,0,109
180,R2,SKU_E,0,32,0,170
180,R3,SKU_A,671,0,0,654
180,R3,SKU_B,509,0,0,241
180,R3,SKU_C,1734,0,0,345
180,R3,SKU_D,1002,0,0,324
180,R3,SKU_E,936,0,0,308
181,Supplier,SKU_A,0,0,0,0
181,Supplier,SKU_B,0,0,0,0
181,Supplier,SKU_C,0,0,0,0
181,Supplier,SKU_D,0,0,0,0
181,Supplier,SKU_E,0,0,0,0
181,W1,SKU_A,593,0,0,1114
181,W1,SKU_B,1045,0,0,526
181,W1,SKU_C,300,0,0,689
181,W1,SKU_D,804,0,0,483
181,W1,SKU_E,0,0,351,453
181,W2,SKU_A,1713,0,0,1137
181,W2,SKU_B,521,0,0,384
181,W2,SKU_C,1733,0,0,662
181,W2,SKU_D,1407,0,0,577
181,W2,SKU_E,1150,0,0,511
181,R1,SKU_A,50,0,0,273
181,R1,SKU_B,125,0,0,137
181,R1,SKU_C,121,0,0,188
181,R1,SKU_D,175,0,0,123
181,R1,SKU_E,179,0,0,94
181,R2,SKU_A,415,0,0,261
181,R2,SKU_B,3,0,0,162
181,R2,SKU_C,176,0,0,148
181,R2,SKU_D,137,0,0,117
181,R2,SKU_E,0,18,0,155
181,R3,SKU_A,663,0,0,699
181,R3,SKU_B,497,0,0,243
181,R3,SKU_C,1704,0,0,358
181,R3,SKU_D,949,0,0,357
181,R3,SKU_E,941,0,0,303
182,Supplier,SKU_A,0,0,0,0
182,Supplier,SKU_B,0,0,0,0
182,Supplier,SKU_C,0,0,0,0
182,Supplier,SKU_D,0,0,0,0
182,Supplier,SKU_E,0,0,0,0
182,W1,SKU_A,627,0,0,1047
182,W1,SKU_B,1027,0,0,527
182,W1,SKU_C,273,0,0,649
182,W1,SKU_D,811,0,0,440
182,W1,SKU_E,0,0,321,445
182,W2,SKU_A,1757,0,0,1130
182,W2,SKU_B,518,0,0,377
182,W2,SKU_C,1777,0,0,601
182,W2,SKU_D,1409,0,0,555
182,W2,SKU_E,1187,0,0,474
182,R1,SKU_A,0,9,0,315
182,R1,SKU_B,92,0,0,175
182,R1,SKU_C,72,0,0,259
182,R1,SKU_D,134,0,0,157
182,R1,SKU_E,167,0,0,92
182,R2,SKU_A,348,0,0,291
182,R2,SKU_B,0,3,0,177
182,R2,SKU_C,165,0,0,185
182,R2,SKU_D,122,0,0,138
182,R2,SKU_E,0,25,0,187
182,R3,SKU_A,633,0,0,733
182,R3,SKU_B,492,0,0,258
182,R3,SKU_C,1692,0,0,407
182,R3,SKU_D,929,0,0,418
182,R3,SKU_E,941,0,0,292
183,Supplier,SKU_A,0,0,0,0
183,Supplier,SKU_B,0,0,0,0
183,Supplier,SKU_C,0,0,0,0
183,Supplier,SKU_D,0,0,0,0
183,Supplier,SKU_E,0,0,0,0
183,W1,SKU_A,502,0,0,1118
183,W1,SKU_B,974,0,0,594
183,W1,SKU_C,179,0,0,791
183,W1,SKU_D,744,0,0,506
183,W1,SKU_E,0,0,341,446
183,W2,SKU_A,1822,0,0,1069
183,W2,SKU_B,532,0,0,373
183,W2,SKU_C,1841,0,0,574
183,W2,SKU_D,1443,0,0,562
183,W2,SKU_E,1194,0,0,456
183,R1,SKU_A,4,0,0,357
183,R1,SKU_B,119,0,0,175
183,R1,SKU_C,114,0,0,268
183,R1,SKU_D,152,0,0,181
183,R1,SKU_E,179,0,0,94
183,R2,SKU_A,342,0,0,329
183,R2,SKU_B,14,0,0,192
183,R2,SKU_C,157,0,0,199
183,R2,SKU_D,111,0,0,152
183,R2,SKU_E,0,0,0,155
183,R3,SKU_A,594,0,0,778
183,R3,SKU_B,511,0,0,256
183,R3,SKU_C,1690,0,0,409
183,R3,SKU_D,930,0,0,430
183,R3,SKU_E,929,0,0,304
184,Supplier,SKU_A,0,0,0,0
184,Supplier,SKU_B,0,0,0,0
184,Supplier,SKU_C,0,0,0,0
184,Supplier,SKU_D,0,0,0,0
184,Supplier,SKU_E,0,0,0,0
184,W1,SKU_A,463,0,0,1244
184,W1,SKU_B,968,0,0,659
184,W1,SKU_C,180,0,0,847
184,W1,SKU_D,709,0,0,586
184,W1,SKU_E,0,0,355,487
184,W2,SKU_A,1824,0,0,1073
184,W2,SKU_B,547,0,0,375
184,W2,SKU_C,1848,0,0,567
184,W2,SKU_D,1444,0,0,574
184,W2,SKU_E,1188,0,0,462
184,R1,SKU_A,27,0,0,319
184,R1,SKU_B,169,0,0,143
184,R1,SKU_C,171,0,0,195
184,R1,SKU_D,176,0,0,146
184,R1,SKU_E,184,0,0,94
184,R2,SKU_A,337,0,0,342
184,R2,SKU_B,42,0,0,163
184,R2,SKU_C,181,0,0,203
184,R2,SKU_D,108,0,0,162
184,R2,SKU_E,15,0,0,134
184,R3,SKU_A,596,0,0,779
184,R3,SKU_B,514,0,0,237
184,R3,SKU_C,1709,0,0,401
184,R3,SKU_D,952,0,0,401
184,R3,SKU_E,927,0,0,318
185,Supplier,SKU_A,0,0,0,0
185,Supplier,SKU_B,0,0,0,0
185,Supplier,SKU_C,0,0,0,0
185,Supplier,SKU_D,0,0,0,0
185,Supplier,SKU_E,0,0,0,0
185,W1,SKU_A,405,0,0,1295
185,W1,SKU_B,1005,0,0,639
185,W1,SKU_C,210,0,0,829
185,W1,SKU_D,694,0,0,597
185,W1,SKU_E,0,0,331,476
185,W2,SKU_A,1803,0,0,1097
185,W2,SKU_B,543,0,0,363
185,W2,SKU_C,1847,0,0,579
185,W2,SKU_D,1430,0,0,581
185,W2,SKU_E,1200,0,0,462
185,R1,SKU_A,88,0,0,279
185,R1,SKU_B,213,0,0,98
185,R1,SKU_C,197,0,0,160
185,R1,SKU_D,215,0,0,115
185,R1,SKU_E,200,0,0,75
185,R2,SKU_A,356,0,0,339
185,R2,SKU_B,71,0,0,123
185,R2,SKU_C,214,0,0,143
185,R2,SKU_D,129,0,0,146
185,R2,SKU_E,66,0,0,112
185,R3,SKU_A,654,0,0,729
185,R3,SKU_B,510,0,0,236
185,R3,SKU_C,1732,0,0,370
185,R3,SKU_D,954,0,0,374
185,R3,SKU_E,931,0,0,317
186,Supplier,SKU_A,0,0,0,0
186,Supplier,SKU_B,0,0,0,0
186,Supplier,SKU_C,0,0,0,0
186,Supplier,SKU_D,0,0,0,0
186,Supplier,SKU_E,0,0,0,0
186,W1,SKU_A,425,0,0,1312
186,W1,SKU_B,1021,0,0,611
186,W1,SKU_C,180,0,0,823
186,W1,SKU_D,693,0,0,611
186,W1,SKU_E,0,0,300,447
186,W2,SKU_A,1775,0,0,1133
186,W2,SKU_B,541,0,0,360
186,W2,SKU_C,1848,0,0,570
186,W2,SKU_D,1399,0,0,587
186,W2,SKU_E,1203,0,0,462
186,R1,SKU_A,58,0,0,273
186,R1,SKU_B,221,0,0,81
186,R1,SKU_C,173,0,0,185
186,R1,SKU_D,187,0,0,118
186,R1,SKU_E,206,0,0,73
186,R2,SKU_A,374,0,0,283
186,R2,SKU_B,83,0,0,103
186,R2,SKU_C,219,0,0,136
186,R2,SKU_D,123,0,0,131
186,R2,SKU_E,63,0,0,137
186,R3,SKU_A,624,0,0,708
186,R3,SKU_B,520,0,0,230
186,R3,SKU_C,1740,0,0,330
186,R3,SKU_D,974,0,0,352
186,R3,SKU_E,936,0,0,313
187,Supplier,SKU_A,0,0,0,0
187,Supplier,SKU_B,0,0,0,0
187,Supplier,SKU_C,0,0,0,0
187,Supplier,SKU_D,0,0,0,0
187,Supplier,SKU_E,0,0,0,0
187,W1,SKU_A,381,0,0,1282
187,W1,SKU_B,1065,0,0,550
187,W1,SKU_C,193,0,0,809
187,W1,SKU_D,664,0,0,594
187,W1,SKU_E,0,0,260,402
187,W2,SKU_A,1734,0,0,1123
187,W2,SKU_B,543,0,0,362
187,W2,SKU_C,1827,0,0,559
187,W2,SKU_D,1394,0,0,590
187,W2,SKU_E,1205,0,0,461
187,R1,SKU_A,38,0,0,288
187,R1,SKU_B,169,0,0,91
187,R1,SKU_C,128,0,0,193
187,R1,SKU_D,156,0,0,135
187,R1,SKU_E,185,0,0,72
187,R2,SKU_A,342,0,0,297
187,R2,SKU_B,51,0,0,123
187,R2,SKU_C,217,0,0,137
187,R2,SKU_D,107,0,0,140
187,R2,SKU_E,37,0,0,187
187,R3,SKU_A,574,0,0,742
187,R3,SKU_B,508,0,0,230
187,R3,SKU_C,1724,0,0,359
187,R3,SKU_D,969,0,0,373
187,R3,SKU_E,932,0,0,297
188,Supplier,SKU_A,0,0,0,0
188,Supplier,SKU_B,0,0,0,0
188,Supplier,SKU_C,0,0,0,0
188,Supplier,SKU_D,0,0,0,0
188,Supplier,SKU_E,0,0,0,0
188,W1,SKU_A,347,0,0,1293
188,W1,SKU_B,1072,0,0,489
188,W1,SKU_C,235,0,0,729
188,W1,SKU_D,650,0,0,587
188,W1,SKU_E,0,0,280,384
188,W2,SKU_A,1725,0,0,1116
188,W2,SKU_B,531,0,0,362
188,W2,SKU_C,1831,0,0,568
188,W2,SKU_D,1410,0,0,590
188,W2,SKU_E,1190,0,0,456
188,R1,SKU_A,0,58,0,329
188,R1,SKU_B,92,0,0,142
188,R1,SKU_C,57,0,0,229
188,R1,SKU_D,112,0,0,174
188,R1,SKU_E,166,0,0,90
188,R2,SKU_A,294,0,0,337
188,R2,SKU_B,10,0,0,154
188,R2,SKU_C,152,0,0,167
188,R2,SKU_D,66,0,0,163
188,R2,SKU_E,16,0,0,163
188,R3,SKU_A,540,0,0,798
188,R3,SKU_B,482,0,0,259
188,R3,SKU_C,1705,0,0,375
188,R3,SKU_D,963,0,0,391
188,R3,SKU_E,917,0,0,301
189,Supplier,SKU_A,0,0,0,0
189,Supplier,SKU_B,0,0,0,0
189,Supplier,SKU_C,0,0,0,0
189,Supplier,SKU_D,0,0,0,0
189,Supplier,SKU_E,0,0,0,0
189,W1,SKU_A,304,0,0,1273
189,W1,SKU_B,1029,0,0,496
189,W1,SKU_C,159,0,0,735
189,W1,SKU_D,614,0,0,600
189,W1,SKU_E,0,0,307,385
189,W2,SKU_A,1701,0,0,1162
189,W2,SKU_B,532,0,0,364
189,W2,SKU_C,1849,0,0,547
189,W2,SKU_D,1458,0,0,554
189,W2,SKU_E,1164,0,0,471
189,R1,SKU_A,0,81,0,389
189,R1,SKU_B,51,0,0,210
189,R1,SKU_C,47,0,0,301
189,R1,SKU_D,101,0,0,193
189,R1,SKU_E,136,0,0,113
189,R2,SKU_A,258,0,0,401
189,R2,SKU_B,8,0,0,184
189,R2,SKU_C,116,0,0,205
189,R2,SKU_D,51,0,0,209
189,R2,SKU_E,27,0,0,155
189,R3,SKU_A,492,0,0,835
189,R3,SKU_B,484,0,0,269
189,R3,SKU_C,1702,0,0,405
189,R3,SKU_D,952,0,0,390
189,R3,SKU_E,890,0,0,328
190,Supplier,SKU_A,0,0,0,0
190,Supplier,SKU_B,0,0,0,0
190,Supplier,SKU_C,0,0,0,0
190,Supplier,SKU_D,0,0,0,0
190,Supplier,SKU_E,0,0,0,0
190,W1,SKU_A,239,0,0,1403
190,W1,SKU_B,982,0,0,598
190,W1,SKU_C,90,0,0,868
190,W1,SKU_D,572,0,0,681
190,W1,SKU_E,0,0,338,439
190,W2,SKU_A,1662,0,0,1190
190,W2,SKU_B,535,0,0,373
190,W2,SKU_C,1857,0,0,566
190,W2,SKU_D,1453,0,0,547
190,W2,SKU_E,1149,0,0,486
190,R1,SKU_A,0,9,0,407
190,R1,SKU_B,95,0,0,209
190,R1,SKU_C,118,0,0,274
190,R1,SKU_D,144,0,0,190
190,R1,SKU_E,151,0,0,121
190,R2,SKU_A,285,0,0,399
190,R2,SKU_B,14,0,0,178
190,R2,SKU_C,134,0,0,239
190,R2,SKU_D,72,0,0,203
190,R2,SKU_E,58,0,0,95
190,R3,SKU_A,490,0,0,891
190,R3,SKU_B,501,0,0,262
190,R3,SKU_C,1710,0,0,400
190,R3,SKU_D,1005,0,0,376
190,R3,SKU_E,885,0,0,358
191,Supplier,SKU_A,0,0,0,0
191,Supplier,SKU_B,0,0,0,0
191,Supplier,SKU_C,0,0,0,0
191,Supplier,SKU_D,0,0,0,0
191,Supplier,SKU_E,0,0,0,0
191,W1,SKU_A,296,0,0,1461
191,W1,SKU_B,961,0,0,662
191,W1,SKU_C,105,0,0,949
191,W1,SKU_D,589,0,0,719
191,W1,SKU_E,0,0,357,483
191,W2,SKU_A,1671,0,0,1235
191,W2,SKU_B,531,0,0,387
191,W2,SKU_C,1868,0,0,558
191,W2,SKU_D,1474,0,0,565
191,W2,SKU_E,1159,0,0,501
191,R1,SKU_A,88,0,0,280
191,R1,SKU_B,163,0,0,139
191,R1,SKU_C,224,0,0,168
191,R1,SKU_D,199,0,0,142
191,R1,SKU_E,158,0,0,105
191,R2,SKU_A,334,0,0,354
191,R2,SKU_B,30,0,0,160
191,R2,SKU_C,148,0,0,220
191,R2,SKU_D,93,0,0,175
191,R2,SKU_E,43,0,0,89
191,R3,SKU_A,541,0,0,842
191,R3,SKU_B,521,0,0,249
191,R3,SKU_C,1744,0,0,360
191,R3,SKU_D,1024,0,0,321
191,R3,SKU_E,860,0,0,364
192,Supplier,SKU_A,0,0,0,0
192,Supplier,SKU_B,0,0,0,0
192,Supplier,SKU_C,0,0,0,0
192,Supplier,SKU_D,0,0,0,0
192,Supplier,SKU_E,0,0,0,0
192,W1,SKU_A,290,0,0,1441
192,W1,SKU_B,948,0,0,671
192,W1,SKU_C,151,0,0,898
192,W1,SKU_D,593,0,0,715
192,W1,SKU_E,0,0,389,504
192,W2,SKU_A,1679,0,0,1229
192,W2,SKU_B,550,0,0,375
192,W2,SKU_C,1862,0,0,558
192,W2,SKU_D,1466,0,0,537
192,W2,SKU_E,1138,0,0,503
192,R1,SKU_A,139,0,0,220
192,R1,SKU_B,198,0,0,98
192,R1,SKU_C,272,0,0,124
192,R1,SKU_D,242,0,0,95
192,R1,SKU_E,197,0,0,91
192,R2,SKU_A,404,0,0,297
192,R2,SKU_B,55,0,0,134
192,R2,SKU_C,210,0,0,171
192,R2,SKU_D,125,0,0,136
192,R2,SKU_E,45,0,0,54
192,R3,SKU_A,638,0,0,775
192,R3,SKU_B,539,0,0,217
192,R3,SKU_C,1774,0,0,339
192,R3,SKU_D,1042,0,0,318
192,R3,SKU_E,883,0,0,369
193,Supplier,SKU_A,0,0,0,0
193,Supplier,SKU_B,0,0,0,0
193,Supplier,SKU_C,0,0,0,0
193,Supplier,SKU_D,0,0,0,0
193,Supplier,SKU_E,0,0,0,0
193,W1,SKU_A,362,0,0,1373
193,W1,SKU_B,945,0,0,667
193,W1,SKU_C,215,0,0,851
193,W1,SKU_D,632,0,0,665
193,W1,SKU_E,0,0,392,531
193,W2,SKU_A,1709,0,0,1229
193,W2,SKU_B,560,0,0,351
193,W2,SKU_C,1873,0,0,556
193,W2,SKU_D,1498,0,0,520
193,W2,SKU_E,1142,0,0,527
193,R1,SKU_A,77,0,0,259
193,R1,SKU_B,189,0,0,106
193,R1,SKU_C,259,0,0,120
193,R1,SKU_D,235,0,0,92
193,R1,SKU_E,199,0,0,75
193,R2,SKU_A,441,0,0,255
193,R2,SKU_B,53,0,0,137
193,R2,SKU_C,255,0,0,111
193,R2,SKU_D,115,0,0,135
193,R2,SKU_E,5,0,0,83
193,R3,SKU_A,677,0,0,700
193,R3,SKU_B,558,0,0,202
193,R3,SKU_C,1787,0,0,306
193,R3,SKU_D,1031,0,0,312
193,R3,SKU_E,902,0,0,335
194,Supplier,SKU_A,0,0,0,0
194,Supplier,SKU_B,0,0,0,0
194,Supplier,SKU_C,0,0,0,0
194,Supplier,SKU_D,0,0,0,0
194,Supplier,SKU_E,0,0,0,0
194,W1,SKU_A,429,0,0,1278
194,W1,SKU_B,996,0,0,616
194,W1,SKU_C,285,0,0,749
194,W1,SKU_D,671,0,0,605
194,W1,SKU_E,0,0,379,496
194,W2,SKU_A,1754,0,0,1148
194,W2,SKU_B,570,0,0,345
194,W2,SKU_C,1896,0,0,513
194,W2,SKU_D,1515,0,0,486
194,W2,SKU_E,1130,0,0,524
194,R1,SKU_A,65,0,0,291
194,R1,SKU_B,192,0,0,113
194,R1,SKU_C,220,0,0,133
194,R1,SKU_D,227,0,0,106
194,R1,SKU_E,196,0,0,64
194,R2,SKU_A,439,0,0,243
194,R2,SKU_B,53,0,0,139
194,R2,SKU_C,243,0,0,118
194,R2,SKU_D,105,0,0,160
194,R2,SKU_E,0,18,0,126
194,R3,SKU_A,700,0,0,650
194,R3,SKU_B,555,0,0,195
194,R3,SKU_C,1753,0,0,320
194,R3,SKU_D,1013,0,0,311
194,R3,SKU_E,907,0,0,316
195,Supplier,SKU_A,0,0,0,0
195,Supplier,SKU_B,0,0,0,0
195,Supplier,SKU_C,0,0,0,0
195,Supplier,SKU_D,0,0,0,0
195,Supplier,SKU_E,0,0,0,0
195,W1,SKU_A,565,0,0,1148
195,W1,SKU_B,1095,0,0,529
195,W1,SKU_C,394,0,0,609
195,W1,SKU_D,754,0,0,543
195,W1,SKU_E,0,0,347,457
195,W2,SKU_A,1788,0,0,1087
195,W2,SKU_B,582,0,0,323
195,W2,SKU_C,1886,0,0,503
195,W2,SKU_D,1497,0,0,485
195,W2,SKU_E,1124,0,0,516
195,R1,SKU_A,9,0,0,294
195,R1,SKU_B,142,0,0,104
195,R1,SKU_C,125,0,0,176
195,R1,SKU_D,193,0,0,110
195,R1,SKU_E,161,0,0,92
195,R2,SKU_A,398,0,0,249
195,R2,SKU_B,44,0,0,137
195,R2,SKU_C,226,0,0,125
195,R2,SKU_D,85,0,0,163
195,R2,SKU_E,0,66,0,192
195,R3,SKU_A,679,0,0,681
195,R3,SKU_B,544,0,0,208
195,R3,SKU_C,1705,0,0,357
195,R3,SKU_D,951,0,0,368
195,R3,SKU_E,875,0,0,336
196,Supplier,SKU_A,0,0,0,0
196,Supplier,SKU_B,0,0,0,0
196,Supplier,SKU_C,0,0,0,0
196,Supplier,SKU_D,0,0,0,0
196,Supplier,SKU_E,0,0,0,0
196,W1,SKU_A,548,0,0,1077
196,W1,SKU_B,1069,0,0,485
196,W1,SKU_C,377,0,0,564
196,W1,SKU_D,751,0,0,499
196,W1,SKU_E,0,0,359,448
196,W2,SKU_A,1810,0,0,1075
196,W2,SKU_B,593,0,0,314
196,W2,SKU_C,1868,0,0,510
196,W2,SKU_D,1462,0,0,515
196,W2,SKU_E,1117,0,0,511
196,R1,SKU_A,0,28,0,327
196,R1,SKU_B,122,0,0,153
196,R1,SKU_C,62,0,0,254
196,R1,SKU_D,173,0,0,134
196,R1,SKU_E,141,0,0,113
196,R2,SKU_A,324,0,0,303
196,R2,SKU_B,28,0,0,145
196,R2,SKU_C,193,0,0,155
196,R2,SKU_D,63,0,0,176
196,R2,SKU_E,0,67,0,198
196,R3,SKU_A,637,0,0,704
196,R3,SKU_B,516,0,0,226
196,R3,SKU_C,1671,0,0,399
196,R3,SKU_D,955,0,0,394
196,R3,SKU_E,877,0,0,349
197,Supplier,SKU_A,0,0,0,0
197,Supplier,SKU_B,0,0,0,0
197,Supplier,SKU_C,0,0,0,0
197,Supplier,SKU_D,0,0,0,0
197,Supplier,SKU_E,0,0,0,0
197,W1,SKU_A,392,0,0,1209
197,W1,SKU_B,1021,0,0,554
197,W1,SKU_C,276,0,0,677
197,W1,SKU_D,688,0,0,557
197,W1,SKU_E,0,0,378,485
197,W2,SKU_A,1824,0,0,1042
197,W2,SKU_B,582,0,0,315
197,W2,SKU_C,1831,0,0,555
197,W2,SKU_D,1469,0,0,538
197,W2,SKU_E,1125,0,0,518
197,R1,SKU_A,0,8,0,384
197,R1,SKU_B,127,0,0,183
197,R1,SKU_C,83,0,0,291
197,R1,SKU_D,176,0,0,160
197,R1,SKU_E,148,0,0,119
197,R2,SKU_A,320,0,0,372
197,R2,SKU_B,35,0,0,162
197,R2,SKU_C,199,0,0,173
197,R2,SKU_D,86,0,0,187
197,R2,SKU_E,0,52,0,156
197,R3,SKU_A,612,0,0,776
197,R3,SKU_B,518,0,0,240
197,R3,SKU_C,1674,0,0,442
197,R3,SKU_D,954,0,0,405
197,R3,SKU_E,860,0,0,375
198,Supplier,SKU_A,0,0,0,0
198,Supplier,SKU_B,0,0,0,0
198,Supplier,SKU_C,0,0,0,0
198,Supplier,SKU_D,0,0,0,0
198,Supplier,SKU_E,0,0,0,0
198,W1,SKU_A,404,0,0,1339
198,W1,SKU_B,1036,0,0,598
198,W1,SKU_C,262,0,0,773
198,W1,SKU_D,688,0,0,620
198,W1,SKU_E,0,0,381,493
198,W2,SKU_A,1831,0,0,1082
198,W2,SKU_B,577,0,0,336
198,W2,SKU_C,1837,0,0,595
198,W2,SKU_D,1447,0,0,570
198,W2,SKU_E,1117,0,0,535
198,R1,SKU_A,48,0,0,311
198,R1,SKU_B,196,0,0,119
198,R1,SKU_C,170,0,0,218
198,R1,SKU_D,195,0,0,127
198,R1,SKU_E,170,0,0,105
198,R2,SKU_A,328,0,0,362
198,R2,SKU_B,38,0,0,157
198,R2,SKU_C,202,0,0,162
198,R2,SKU_D,90,0,0,179
198,R2,SKU_E,0,21,0,126
198,R3,SKU_A,609,0,0,765
198,R3,SKU_B,539,0,0,242
198,R3,SKU_C,1686,0,0,419
198,R3,SKU_D,968,0,0,389
198,R3,SKU_E,861,0,0,377
199,Supplier,SKU_A,0,0,0,0
199,Supplier,SKU_B,0,0,0,0
199,Supplier,SKU_C,0,0,0,0
199,Supplier,SKU_D,0,0,0,0
199,Supplier,SKU_E,0,0,0,0
199,W1,SKU_A,393,0,0,1331
199,W1,SKU_B,1061,0,0,576
199,W1,SKU_C,237,0,0,804
199,W1,SKU_D,681,0,0,609
199,W1,SKU_E,0,0,396,520
199,W2,SKU_A,1822,0,0,1077
199,W2,SKU_B,588,0,0,348
199,W2,SKU_C,1838,0,0,583
199,W2,SKU_D,1459,0,0,556
199,W2,SKU_E,1131,0,0,524
199,R1,SKU_A,96,0,0,251
199,R1,SKU_B,207,0,0,79
199,R1,SKU_C,202,0,0,146
199,R1,SKU_D,215,0,0,112
199,R1,SKU_E,182,0,0,84
199,R2,SKU_A,373,0,0,319
199,R2,SKU_B,58,0,0,143
199,R2,SKU_C,215,0,0,149
199,R2,SKU_D,106,0,0,158
199,R2,SKU_E,0,29,0,110
199,R3,SKU_A,639,0,0,741
199,R3,SKU_B,550,0,0,211
199,R3,SKU_C,1688,0,0,387
199,R3,SKU_D,1007,0,0,356
199,R3,SKU_E,871,0,0,362
200,Supplier,SKU_A,0,0,0,0
200,Supplier,SKU_B,0,0,0,0
200,Supplier,SKU_C,0,0,0,0
200,Supplier,SKU_D,0,0,0,0
200,Supplier,SKU_E,0,0,0,0
200,W1,SKU_A,400,0,0,1314
200,W1,SKU_B,1063,0,0,551
200,W1,SKU_C,204,0,0,797
200,W1,SKU_D,695,0,0,595
200,W1,SKU_E,0,0,407,513
200,W2,SKU_A,1789,0,0,1116
200,W2,SKU_B,593,0,0,323
200,W2,SKU_C,1800,0,0,591
200,W2,SKU_D,1462,0,0,559
200,W2,SKU_E,1112,0,0,538
200,R1,SKU_A,71,0,0,280
200,R1,SKU_B,207,0,0,103
200,R1,SKU_C,205,0,0,172
200,R1,SKU_D,220,0,0,121
200,R1,SKU_E,201,0,0,85
200,R2,SKU_A,432,0,0,254
200,R2,SKU_B,79,0,0,115
200,R2,SKU_C,241,0,0,133
200,R2,SKU_D,127,0,0,133
200,R2,SKU_E,0,37,0,131
200,R3,SKU_A,658,0,0,721
200,R3,SKU_B,565,0,0,202
200,R3,SKU_C,1727,0,0,374
200,R3,SKU_D,1032,0,0,312
200,R3,SKU_E,895,0,0,340
201,Supplier,SKU_A,0,0,0,0
201,Supplier,SKU_B,0,0,0,0
201,Supplier,SKU_C,0,0,0,0
201,Supplier,SKU_D,0,0,0,0
201,Supplier,SKU_E,0,0,0,0
201,W1,SKU_A,399,0,0,1313
201,W1,SKU_B,1070,0,0,561
201,W1,SKU_C,241,0,0,799
201,W1,SKU_D,698,0,0,602
201,W1,SKU_E,0,0,367,517
201,W2,SKU_A,1791,0,0,1113
201,W2,SKU_B,600,0,0,322
201,W2,SKU_C,1808,0,0,609
201,W2,SKU_D,1463,0,0,539
201,W2,SKU_E,1110,0,0,542
201,R1,SKU_A,60,0,0,288
201,R1,SKU_B,195,0,0,108
201,R1,SKU_C,186,0,0,183
201,R1,SKU_D,227,0,0,102
201,R1,SKU_E,184,0,0,74
201,R2,SKU_A,414,0,0,260
201,R2,SKU_B,62,0,0,118
201,R2,SKU_C,228,0,0,131
201,R2,SKU_D,121,0,0,146
201,R2,SKU_E,0,34,0,155
201,R3,SKU_A,658,0,0,683
201,R3,SKU_B,587,0,0,177
201,R3,SKU_C,1747,0,0,343
201,R3,SKU_D,1009,0,0,317
201,R3,SKU_E,902,0,0,331
202,Supplier,SKU_A,0,0,0,0
202,Supplier,SKU_B,0,0,0,0
202,Supplier,SKU_C,0,0,0,0
202,Supplier,SKU_D,0,0,0,0
202,Supplier,SKU_E,0,0,0,0
202,W1,SKU_A,471,0,0,1226
202,W1,SKU_B,1126,0,0,484
202,W1,SKU_C,317,0,0,700
202,W1,SKU_D,743,0,0,552
202,W1,SKU_E,0,0,347,456
202,W2,SKU_A,1782,0,0,1084
202,W2,SKU_B,614,0,0,305
202,W2,SKU_C,1825,0,0,581
202,W2,SKU_D,1465,0,0,519
202,W2,SKU_E,1120,0,0,530
202,R1,SKU_A,11,0,0,287
202,R1,SKU_B,157,0,0,91
202,R1,SKU_C,137,0,0,162
202,R1,SKU_D,194,0,0,100
202,R1,SKU_E,161,0,0,82
202,R2,SKU_A,374,0,0,276
202,R2,SKU_B,39,0,0,133
202,R2,SKU_C,212,0,0,136
202,R2,SKU_D,112,0,0,148
202,R2,SKU_E,0,50,0,188
202,R3,SKU_A,585,0,0,730
202,R3,SKU_B,550,0,0,171
202,R3,SKU_C,1666,0,0,369
202,R3,SKU_D,966,0,0,350
202,R3,SKU_E,885,0,0,333
203,Supplier,SKU_A,0,0,0,0
203,Supplier,SKU_B,0,0,0,0
203,Supplier,SKU_C,0,0,0,0
203,Supplier,SKU_D,0,0,0,0
203,Supplier,SKU_E,0,0,0,0
203,W1,SKU_A,493,0,0,1130
203,W1,SKU_B,1098,0,0,449
203,W1,SKU_C,300,0,0,636
203,W1,SKU_D,751,0,0,502
203,W1,SKU_E,0,0,363,454
203,W2,SKU_A,1737,0,0,1103
203,W2,SKU_B,583,0,0,293
203,W2,SKU_C,1798,0,0,553
203,W2,SKU_D,1462,0,0,512
203,W2,SKU_E,1127,0,0,508
203,R1,SKU_A,0,35,0,340
203,R1,SKU_B,112,0,0,153
203,R1,SKU_C,90,0,0,240
203,R1,SKU_D,165,0,0,147
203,R1,SKU_E,127,0,0,125
203,R2,SKU_A,311,0,0,318
203,R2,SKU_B,9,0,0,162
203,R2,SKU_C,200,0,0,152
203,R2,SKU_D,90,0,0,152
203,R2,SKU_E,0,65,0,175
203,R3,SKU_A,529,0,0,789
203,R3,SKU_B,504,0,0,231
203,R3,SKU_C,1622,0,0,439
203,R3,SKU_D,952,0,0,391
203,R3,SKU_E,854,0,0,353
204,Supplier,SKU_A,0,0,0,0
204,Supplier,SKU_B,0,0,0,0
204,Supplier,SKU_C,0,0,0,0
204,Supplier,SKU_D,0,0,0,0
204,Supplier,SKU_E,0,0,0,0
204,W1,SKU_A,359,0,0,1250
204,W1,SKU_B,1027,0,0,536
204,W1,SKU_C,236,0,0,735
204,W1,SKU_D,696,0,0,557
204,W1,SKU_E,0,0,387,475
204,W2,SKU_A,1714,0,0,1129
204,W2,SKU_B,576,0,0,314
204,W2,SKU_C,1789,0,0,588
204,W2,SKU_D,1456,0,0,545
204,W2,SKU_E,1108,0,0,516
204,R1,SKU_A,0,9,0,383
204,R1,SKU_B,120,0,0,191
204,R1,SKU_C,93,0,0,279
204,R1,SKU_D,166,0,0,164
204,R1,SKU_E,136,0,0,131
204,R2,SKU_A,312,0,0,375
204,R2,SKU_B,18,0,0,185
204,R2,SKU_C,193,0,0,174
204,R2,SKU_D,82,0,0,170
204,R2,SKU_E,0,29,0,139
204,R3,SKU_A,549,0,0,851
204,R3,SKU_B,516,0,0,257
204,R3,SKU_C,1650,0,0,453
204,R3,SKU_D,931,0,0,411
204,R3,SKU_E,868,0,0,379
205,Supplier,SKU_A,0,0,0,0
205,Supplier,SKU_B,0,0,0,0
205,Supplier,SKU_C,0,0,0,0
205,Supplier,SKU_D,0,0,0,0
205,Supplier,SKU_E,0,0,0,0
205,W1,SKU_A,371,0,0,1365
205,W1,SKU_B,1031,0,0,610
205,W1,SKU_C,223,0,0,805
205,W1,SKU_D,687,0,0,594
205,W1,SKU_E,0,0,384,511
205,W2,SKU_A,1726,0,0,1199
205,W2,SKU_B,591,0,0,337
205,W2,SKU_C,1776,0,0,643
205,W2,SKU_D,1439,0,0,561
205,W2,SKU_E,1120,0,0,544
205,R1,SKU_A,63,0,0,307
205,R1,SKU_B,177,0,0,128
205,R1,SKU_C,171,0,0,206
205,R1,SKU_D,212,0,0,128
205,R1,SKU_E,172,0,0,107
205,R2,SKU_A,321,0,0,362
205,R2,SKU_B,38,0,0,162
205,R2,SKU_C,204,0,0,166
205,R2,SKU_D,97,0,0,185
205,R2,SKU_E,0,5,0,113
205,R3,SKU_A,593,0,0,830
205,R3,SKU_B,524,0,0,251
205,R3,SKU_C,1674,0,0,451
205,R3,SKU_D,960,0,0,413
205,R3,SKU_E,877,0,0,367
206,Supplier,SKU_A,0,0,0,0
206,Supplier,SKU_B,0,0,0,0
206,Supplier,SKU_C,0,0,0,0
206,Supplier,SKU_D,0,0,0,0
206,Supplier,SKU_E,0,0,0,0
206,W1,SKU_A,385,0,0,1343
206,W1,SKU_B,1049,0,0,583
206,W1,SKU_C,258,0,0,778
206,W1,SKU_D,718,0,0,603
206,W1,SKU_E,0,0,356,490
206,W2,SKU_A,1775,0,0,1173
206,W2,SKU_B,585,0,0,345
206,W2,SKU_C,1796,0,0,645
206,W2,SKU_D,1455,0,0,576
206,W2,SKU_E,1126,0,0,535
206,R1,SKU_A,113,0,0,242
206,R1,SKU_B,220,0,0,88
206,R1,SKU_C,218,0,0,159
206,R1,SKU_D,227,0,0,100
206,R1,SKU_E,192,0,0,80
206,R2,SKU_A,369,0,0,329
206,R2,SKU_B,83,0,0,134
206,R2,SKU_C,237,0,0,144
206,R2,SKU_D,118,0,0,163
206,R2,SKU_E,0,9,0,150
206,R3,SKU_A,622,0,0,748
206,R3,SKU_B,534,0,0,240
206,R3,SKU_C,1703,0,0,416
206,R3,SKU_D,997,0,0,366
206,R3,SKU_E,898,0,0,356
207,Supplier,SKU_A,0,0,0,0
207,Supplier,SKU_B,0,0,0,0
207,Supplier,SKU_C,0,0,0,0
207,Supplier,SKU_D,0,0,0,0
207,Supplier,SKU_E,0,0,0,0
207,W1,SKU_A,401,0,0,1327
207,W1,SKU_B,1070,0,0,582
207,W1,SKU_C,265,0,0,782
207,W1,SKU_D,725,0,0,582
207,W1,SKU_E,0,0,374,506
207,W2,SKU_A,1765,0,0,1130
207,W2,SKU_B,598,0,0,331
207,W2,SKU_C,1840,0,0,595
207,W2,SKU_D,1455,0,0,566
207,W2,SKU_E,1147,0,0,524
207,R1,SKU_A,129,0,0,261
207,R1,SKU_B,193,0,0,91
207,R1,SKU_C,233,0,0,154
207,R1,SKU_D,230,0,0,103
207,R1,SKU_E,198,0,0,75
207,R2,SKU_A,426,0,0,260
207,R2,SKU_B,119,0,0,88
207,R2,SKU_C,245,0,0,115
207,R2,SKU_D,147,0,0,124
207,R2,SKU_E,0,4,0,132
207,R3,SKU_A,682,0,0,693
207,R3,SKU_B,572,0,0,187
207,R3,SKU_C,1770,0,0,332
207,R3,SKU_D,1029,0,0,319
207,R3,SKU_E,919,0,0,320
208,Supplier,SKU_A,0,0,0,0
208,Supplier,SKU_B,0,0,0,0
208,Supplier,SKU_C,0,0,0,0
208,Supplier,SKU_D,0,0,0,0
208,Supplier,SKU_E,0,0,0,0
208,W1,SKU_A,455,0,0,1296
208,W1,SKU_B,1078,0,0,540
208,W1,SKU_C,284,0,0,752
208,W1,SKU_D,733,0,0,570
208,W1,SKU_E,0,0,345,483
208,W2,SKU_A,1761,0,0,1139
208,W2,SKU_B,590,0,0,324
208,W2,SKU_C,1841,0,0,577
208,W2,SKU_D,1459,0,0,547
208,W2,SKU_E,1151,0,0,505
208,R1,SKU_A,99,0,0,241
208,R1,SKU_B,164,0,0,112
208,R1,SKU_C,216,0,0,144
208,R1,SKU_D,208,0,0,110
208,R1,SKU_E,170,0,0,81
208,R2,SKU_A,426,0,0,261
208,R2,SKU_B,106,0,0,84
208,R2,SKU_C,263,0,0,122
208,R2,SKU_D,163,0,0,105
208,R2,SKU_E,0,24,0,153
208,R3,SKU_A,704,0,0,636
208,R3,SKU_B,583,0,0,163
208,R3,SKU_C,1779,0,0,291
208,R3,SKU_D,1046,0,0,314
208,R3,SKU_E,924,0,0,288
209,Supplier,SKU_A,0,0,0,0
209,Supplier,SKU_B,0,0,0,0
209,Supplier,SKU_C,0,0,0,0
209,Supplier,SKU_D,0,0,0,0
209,Supplier,SKU_E,0,0,0,0
209,W1,SKU_A,534,0,0,1168
209,W1,SKU_B,1124,0,0,469
209,W1,SKU_C,382,0,0,652
209,W1,SKU_D,765,0,0,520
209,W1,SKU_E,0,0,348,436
209,W2,SKU_A,1760,0,0,1105
209,W2,SKU_B,572,0,0,329
209,W2,SKU_C,1821,0,0,565
209,W2,SKU_D,1493,0,0,525
209,W2,SKU_E,1130,0,0,499
209,R1,SKU_A,40,0,0,256
209,R1,SKU_B,87,0,0,144
209,R1,SKU_C,138,0,0,161
209,R1,SKU_D,188,0,0,119
209,R1,SKU_E,153,0,0,102
209,R2,SKU_A,381,0,0,257
209,R2,SKU_B,92,0,0,94
209,R2,SKU_C,254,0,0,107
209,R2,SKU_D,132,0,0,119
209,R2,SKU_E,0,6,0,140
209,R3,SKU_A,612,0,0,696
209,R3,SKU_B,575,0,0,190
209,R3,SKU_C,1736,0,0,324
209,R3,SKU_D,1037,0,0,296
209,R3,SKU_E,897,0,0,323
210,Supplier,SKU_A,0,0,0,0
210,Supplier,SKU_B,0,0,0,0
210,Supplier,SKU_C,0,0,0,0
210,Supplier,SKU_D,0,0,0,0
210,Supplier,SKU_E,0,0,0,0
210,W1,SKU_A,534,0,0,1075
210,W1,SKU_B,1105,0,0,439
210,W1,SKU_C,360,0,0,589
210,W1,SKU_D,769,0,0,488
210,W1,SKU_E,0,0,336,436
210,W2,SKU_A,1753,0,0,1080
210,W2,SKU_B,616,0,0,304
210,W2,SKU_C,1846,0,0,530
210,W2,SKU_D,1510,0,0,481
210,W2,SKU_E,1132,0,0,505
210,R1,SKU_A,0,88,0,350
210,R1,SKU_B,64,0,0,197
210,R1,SKU_C,63,0,0,249
210,R1,SKU_D,146,0,0,145
210,R1,SKU_E,121,0,0,120
210,R2,SKU_A,327,0,0,317
210,R2,SKU_B,52,0,0,125
210,R2,SKU_C,207,0,0,127
210,R2,SKU_D,107,0,0,149
210,R2,SKU_E,0,24,0,185
210,R3,SKU_A,490,0,0,811
210,R3,SKU_B,551,0,0,200
210,R3,SKU_C,1674,0,0,389
210,R3,SKU_D,1001,0,0,336
210,R3,SKU_E,897,0,0,347
211,Supplier,SKU_A,0,0,0,0
211,Supplier,SKU_B,0,0,0,0
211,Supplier,SKU_C,0,0,0,0
211,Supplier,SKU_D,0,0,0,0
211,Supplier,SKU_E,0,0,0,0
211,W1,SKU_A,379,0,0,1202
211,W1,SKU_B,1029,0,0,536
211,W1,SKU_C,267,0,0,668
211,W1,SKU_D,734,0,0,512
211,W1,SKU_E,0,0,362,463
211,W2,SKU_A,1736,0,0,1090
211,W2,SKU_B,632,0,0,274
211,W2,SKU_C,1848,0,0,531
211,W2,SKU_D,1504,0,0,491
211,W2,SKU_E,1169,0,0,492
211,R1,SKU_A,0,68,0,428
211,R1,SKU_B,88,0,0,212
211,R1,SKU_C,68,0,0,297
211,R1,SKU_D,137,0,0,172
211,R1,SKU_E,148,0,0,130
211,R2,SKU_A,314,0,0,359
211,R2,SKU_B,47,0,0,155
211,R2,SKU_C,221,0,0,153
211,R2,SKU_D,110,0,0,164
211,R2,SKU_E,0,1,0,135
211,R3,SKU_A,500,0,0,880
211,R3,SKU_B,544,0,0,223
211,R3,SKU_C,1638,0,0,445
211,R3,SKU_D,972,0,0,362
211,R3,SKU_E,902,0,0,357
212,Supplier,SKU_A,0,0,0,0
212,Supplier,SKU_B,0,0,0,0
212,Supplier,SKU_C,0,0,0,0
212,Supplier,SKU_D,0,0,0,0
212,Supplier,SKU_E,0,0,0,0
212,W1,SKU_A,359,0,0,1349
212,W1,SKU_B,1026,0,0,603
212,W1,SKU_C,259,0,0,769
212,W1,SKU_D,695,0,0,587
212,W1,SKU_E,0,0,359,496
212,W2,SKU_A,1716,0,0,1189
212,W2,SKU_B,626,0,0,296
212,W2,SKU_C,1828,0,0,571
212,W2,SKU_D,1496,0,0,496
212,W2,SKU_E,1181,0,0,495
212,R1,SKU_A,0,20,0,364
212,R1,SKU_B,151,0,0,143
212,R1,SKU_C,126,0,0,231
212,R1,SKU_D,150,0,0,170
212,R1,SKU_E,166,0,0,107
212,R2,SKU_A,304,0,0,373
212,R2,SKU_B,52,0,0,143
212,R2,SKU_C,204,0,0,164
212,R2,SKU_D,106,0,0,158
212,R2,SKU_E,12,0,0,119
212,R3,SKU_A,482,0,0,875
212,R3,SKU_B,542,0,0,215
212,R3,SKU_C,1628,0,0,464
212,R3,SKU_D,952,0,0,376
212,R3,SKU_E,892,0,0,337
213,Supplier,SKU_A,0,0,0,0
213,Supplier,SKU_B,0,0,0,0
213,Supplier,SKU_C,0,0,0,0
213,Supplier,SKU_D,0,0,0,0
213,Supplier,SKU_E,0,0,0,0
213,W1,SKU_A,327,0,0,1369
213,W1,SKU_B,990,0,0,626
213,W1,SKU_C,226,0,0,788
213,W1,SKU_D,671,0,0,612
213,W1,SKU_E,0,0,365,491
213,W2,SKU_A,1650,0,0,1232
213,W2,SKU_B,608,0,0,304
213,W2,SKU_C,1795,0,0,613
213,W2,SKU_D,1451,0,0,535
213,W2,SKU_E,1166,0,0,480
213,R1,SKU_A,35,0,0,282
213,R1,SKU_B,177,0,0,110
213,R1,SKU_C,164,0,0,186
213,R1,SKU_D,165,0,0,141
213,R1,SKU_E,190,0,0,75
213,R2,SKU_A,349,0,0,334
213,R2,SKU_B,55,0,0,134
213,R2,SKU_C,203,0,0,157
213,R2,SKU_D,127,0,0,145
213,R2,SKU_E,16,0,0,93
213,R3,SKU_A,446,0,0,858
213,R3,SKU_B,528,0,0,204
213,R3,SKU_C,1602,0,0,442
213,R3,SKU_D,878,0,0,408
213,R3,SKU_E,903,0,0,320
214,Supplier,SKU_A,0,0,0,0
214,Supplier,SKU_B,0,0,0,0
214,Supplier,SKU_C,0,0,0,0
214,Supplier,SKU_D,0,0,0,0
214,Supplier,SKU_E,0,0,0,0
214,W1,SKU_A,251,0,0,1424
214,W1,SKU_B,975,0,0,628
214,W1,SKU_C,189,0,0,810
214,W1,SKU_D,645,0,0,632
214,W1,SKU_E,0,0,401,503
214,W2,SKU_A,1584,0,0,1245
214,W2,SKU_B,566,0,0,321
214,W2,SKU_C,1720,0,0,640
214,W2,SKU_D,1374,0,0,570
214,W2,SKU_E,1135,0,0,505
214,R1,SKU_A,0,50,0,325
214,R1,SKU_B,125,0,0,123
214,R1,SKU_C,76,0,0,201
214,R1,SKU_D,128,0,0,144
214,R1,SKU_E,118,0,0,88
214,R2,SKU_A,345,0,0,295
214,R2,SKU_B,42,0,0,122
214,R2,SKU_C,181,0,0,131
214,R2,SKU_D,100,0,0,129
214,R2,SKU_E,0,29,0,106
214,R3,SKU_A,387,0,0,862
214,R3,SKU_B,498,0,0,237
214,R3,SKU_C,1526,0,0,458
214,R3,SKU_D,811,0,0,455
214,R3,SKU_E,868,0,0,317
215,Supplier,SKU_A,0,0,0,0
215,Supplier,SKU_B,0,0,0,0
215,Supplier,SKU_C,0,0,0,0
215,Supplier,SKU_D,0,0,0,0
215,Supplier,SKU_E,0,0,0,0
215,W1,SKU_A,139,0,0,1451
215,W1,SKU_B,921,0,0,618
215,W1,SKU_C,33,0,0,845
215,W1,SKU_D,560,0,0,640
215,W1,SKU_E,0,0,442,489
215,W2,SKU_A,1458,0,0,1316
215,W2,SKU_B,542,0,0,348
215,W2,SKU_C,1602,0,0,698
215,W2,SKU_D,1292,0,0,632
215,W2,SKU_E,1081,0,0,521
215,R1,SKU_A,0,153,0,394
215,R1,SKU_B,104,0,0,169
215,R1,SKU_C,46,0,0,281
215,R1,SKU_D,90,0,0,192
215,R1,SKU_E,79,0,0,155
215,R2,SKU_A,334,0,0,328
215,R2,SKU_B,19,0,0,160
215,R2,SKU_C,142,0,0,193
215,R2,SKU_D,96,0,0,174
215,R2,SKU_E,0,32,0,80
215,R3,SKU_A,374,0,0,914
215,R3,SKU_B,472,0,0,253
215,R3,SKU_C,1517,0,0,537
215,R3,SKU_D,778,0,0,526
215,R3,SKU_E,822,0,0,376
216,Supplier,SKU_A,0,0,0,0
216,Supplier,SKU_B,0,0,0,0
216,Supplier,SKU_C,0,0,0,0
216,Supplier,SKU_D,0,0,0,0
216,Supplier,SKU_E,0,0,0,0
216,W1,SKU_A,108,0,0,1470
216,W1,SKU_B,956,0,0,623
216,W1,SKU_C,35,0,0,916
216,W1,SKU_D,554,0,0,697
216,W1,SKU_E,0,0,455,542
216,W2,SKU_A,1406,0,0,1407
216,W2,SKU_B,521,0,0,359
216,W2,SKU_C,1586,0,0,784
216,W2,SKU_D,1236,0,0,726
216,W2,SKU_E,1067,0,0,548
216,R1,SKU_A,0,137,0,470
216,R1,SKU_B,81,0,0,183
216,R1,SKU_C,37,0,0,304
216,R1,SKU_D,99,0,0,216
216,R1,SKU_E,70,0,0,186
216,R2,SKU_A,352,0,0,343
216,R2,SKU_B,11,0,0,176
216,R2,SKU_C,123,0,0,226
216,R2,SKU_D,104,0,0,168
216,R2,SKU_E,0,28,0,73
216,R3,SKU_A,331,0,0,1006
216,R3,SKU_B,450,0,0,295
216,R3,SKU_C,1527,0,0,566
216,R3,SKU_D,773,0,0,556
216,R3,SKU_E,796,0,0,437
217,Supplier,SKU_A,0,0,0,0
217,Supplier,SKU_B,0,0,0,0
217,Supplier,SKU_C,0,0,0,0
217,Supplier,SKU_D,0,0,0,0
217,Supplier,SKU_E,0,0,0,0
217,W1,SKU_A,230,0,0,1473
217,W1,SKU_B,969,0,0,609
217,W1,SKU_C,79,0,0,900
217,W1,SKU_D,594,0,0,692
217,W1,SKU_E,0,0,437,556
217,W2,SKU_A,1435,0,0,1427
217,W2,SKU_B,501,0,0,399
217,W2,SKU_C,1619,0,0,790
217,W2,SKU_D,1232,0,0,755
217,W2,SKU_E,1080,0,0,570
217,R1,SKU_A,0,121,0,412
217,R1,SKU_B,117,0,0,167
217,R1,SKU_C,71,0,0,240
217,R1,SKU_D,132,0,0,173
217,R1,SKU_E,119,0,0,136
217,R2,SKU_A,329,0,0,331
217,R2,SKU_B,13,0,0,178
217,R2,SKU_C,118,0,0,237
217,R2,SKU_D,110,0,0,168
217,R2,SKU_E,0,40,0,101
217,R3,SKU_A,325,0,0,1026
217,R3,SKU_B,461,0,0,307
217,R3,SKU_C,1514,0,0,565
217,R3,SKU_D,805,0,0,555
217,R3,SKU_E,815,0,0,433
218,Supplier,SKU_A,0,0,0,0
218,Supplier,SKU_B,0,0,0,0
218,Supplier,SKU_C,0,0,0,0
218,Supplier,SKU_D,0,0,0,0
218,Supplier,SKU_E,0,0,0,0
218,W1,SKU_A,148,0,0,1478
218,W1,SKU_B,942,0,0,660
218,W1,SKU_C,6,0,0,949
218,W1,SKU_D,594,0,0,688
218,W1,SKU_E,0,0,458,574
218,W2,SKU_A,1485,0,0,1391
218,W2,SKU_B,518,0,0,405
218,W2,SKU_C,1635,0,0,760
218,W2,SKU_D,1255,0,0,763
218,W2,SKU_E,1084,0,0,581
218,R1,SKU_A,25,0,0,362
218,R1,SKU_B,154,0,0,156
218,R1,SKU_C,116,0,0,256
218,R1,SKU_D,192,0,0,150
218,R1,SKU_E,154,0,0,115
218,R2,SKU_A,375,0,0,311
218,R2,SKU_B,50,0,0,151
218,R2,SKU_C,171,0,0,194
218,R2,SKU_D,162,0,0,119
218,R2,SKU_E,0,61,0,101
218,R3,SKU_A,436,0,0,979
218,R3,SKU_B,499,0,0,271
218,R3,SKU_C,1581,0,0,530
218,R3,SKU_D,877,0,0,481
218,R3,SKU_E,853,0,0,408
219,Supplier,SKU_A,0,0,0,0
219,Supplier,SKU_B,0,0,0,0
219,Supplier,SKU_C,0,0,0,0
219,Supplier,SKU_D,0,0,0,0
219,Supplier,SKU_E,0,0,0,0
219,W1,SKU_A,200,0,0,1548
219,W1,SKU_B,964,0,0,674
219,W1,SKU_C,18,0,0,1008
219,W1,SKU_D,633,0,0,689
219,W1,SKU_E,0,0,454,584
219,W2,SKU_A,1520,0,0,1420
219,W2,SKU_B,521,0,0,404
219,W2,SKU_C,1663,0,0,764
219,W2,SKU_D,1279,0,0,737
219,W2,SKU_E,1086,0,0,592
219,R1,SKU_A,36,0,0,308
219,R1,SKU_B,204,0,0,110
219,R1,SKU_C,129,0,0,225
219,R1,SKU_D,196,0,0,123
219,R1,SKU_E,174,0,0,102
219,R2,SKU_A,405,0,0,287
219,R2,SKU_B,60,0,0,129
219,R2,SKU_C,215,0,0,164
219,R2,SKU_D,143,0,0,108
219,R2,SKU_E,0,62,0,110
219,R3,SKU_A,558,0,0,813
219,R3,SKU_B,527,0,0,236
219,R3,SKU_C,1701,0,0,403
219,R3,SKU_D,972,0,0,389
219,R3,SKU_E,900,0,0,332
220,Supplier,SKU_A,0,0,0,0
220,Supplier,SKU_B,0,0,0,0
220,Supplier,SKU_C,0,0,0,0
220,Supplier,SKU_D,0,0,0,0
220,Supplier,SKU_E,0,0,0,0
220,W1,SKU_A,236,0,0,1475
220,W1,SKU_B,991,0,0,639
220,W1,SKU_C,41,0,0,981
220,W1,SKU_D,625,0,0,644
220,W1,SKU_E,0,0,415,556
220,W2,SKU_A,1534,0,0,1362
220,W2,SKU_B,527,0,0,391
220,W2,SKU_C,1675,0,0,745
220,W2,SKU_D,1312,0,0,707
220,W2,SKU_E,1089,0,0,560
220,R1,SKU_A,110,0,0,255
220,R1,SKU_B,218,0,0,80
220,R1,SKU_C,182,0,0,182
220,R1,SKU_D,217,0,0,109
220,R1,SKU_E,196,0,0,81
220,R2,SKU_A,410,0,0,290
220,R2,SKU_B,65,0,0,127
220,R2,SKU_C,238,0,0,134
220,R2,SKU_D,141,0,0,129
220,R2,SKU_E,0,47,0,129
220,R3,SKU_A,666,0,0,730
220,R3,SKU_B,559,0,0,198
220,R3,SKU_C,1746,0,0,353
220,R3,SKU_D,1013,0,0,332
220,R3,SKU_E,942,0,0,298
221,Supplier,SKU_A,0,0,0,0
221,Supplier,SKU_B,0,0,0,0
221,Supplier,SKU_C,0,0,0,0
221,Supplier,SKU_D,0,0,0,0
221,Supplier,SKU_E,0,0,0,0
221,W1,SKU_A,386,0,0,1354
221,W1,SKU_B,1069,0,0,548
221,W1,SKU_C,188,0,0,837
221,W1,SKU_D,720,0,0,575
221,W1,SKU_E,0,0,325,462
221,W2,SKU_A,1626,0,0,1295
221,W2,SKU_B,552,0,0,360
221,W2,SKU_C,1730,0,0,685
221,W2,SKU_D,1371,0,0,632
221,W2,SKU_E,1106,0,0,551
221,R1,SKU_A,102,0,0,277
221,R1,SKU_B,216,0,0,92
221,R1,SKU_C,179,0,0,190
221,R1,SKU_D,190,0,0,125
221,R1,SKU_E,201,0,0,73
221,R2,SKU_A,432,0,0,250
221,R2,SKU_B,77,0,0,126
221,R2,SKU_C,246,0,0,117
221,R2,SKU_D,120,0,0,137
221,R2,SKU_E,0,77,0,241
221,R3,SKU_A,661,0,0,671
221,R3,SKU_B,572,0,0,186
221,R3,SKU_C,1734,0,0,347
221,R3,SKU_D,1011,0,0,316
221,R3,SKU_E,931,0,0,291
222,Supplier,SKU_A,0,0,0,0
222,Supplier,SKU_B,0,0,0,0
222,Supplier,SKU_C,0,0,0,0
222,Supplier,SKU_D,0,0,0,0
222,Supplier,SKU_E,0,0,0,0
222,W1,SKU_A,544,0,0,1192
222,W1,SKU_B,1128,0,0,510
222,W1,SKU_C,258,0,0,763
222,W1,SKU_D,740,0,0,531
222,W1,SKU_E,0,0,286,412
222,W2,SKU_A,1709,0,0,1148
222,W2,SKU_B,575,0,0,338
222,W2,SKU_C,1827,0,0,570
222,W2,SKU_D,1432,0,0,553
222,W2,SKU_E,1143,0,0,496
222,R1,SKU_A,105,0,0,242
222,R1,SKU_B,192,0,0,98
222,R1,SKU_C,164,0,0,175
222,R1,SKU_D,189,0,0,129
222,R1,SKU_E,178,0,0,75
222,R2,SKU_A,410,0,0,254
222,R2,SKU_B,57,0,0,124
222,R2,SKU_C,257,0,0,119
222,R2,SKU_D,92,0,0,161
222,R2,SKU_E,0,91,0,285
222,R3,SKU_A,631,0,0,690
222,R3,SKU_B,566,0,0,196
222,R3,SKU_C,1730,0,0,345
222,R3,SKU_D,983,0,0,349
222,R3,SKU_E,901,0,0,317
223,Supplier,SKU_A,0,0,0,0
223,Supplier,SKU_B,0,0,0,0
223,Supplier,SKU_C,0,0,0,0
223,Supplier,SKU_D,0,0,0,0
223,Supplier,SKU_E,0,0,0,0
223,W1,SKU_A,527,0,0,1159
223,W1,SKU_B,1148,0,0,450
223,W1,SKU_C,283,0,0,721
223,W1,SKU_D,724,0,0,546
223,W1,SKU_E,0,0,309,405
223,W2,SKU_A,1742,0,0,1104
223,W2,SKU_B,612,0,0,305
223,W2,SKU_C,1848,0,0,543
223,W2,SKU_D,1460,0,0,530
223,W2,SKU_E,1163,0,0,472
223,R1,SKU_A,0,19,0,260
223,R1,SKU_B,145,0,0,106
223,R1,SKU_C,80,0,0,200
223,R1,SKU_D,166,0,0,137
223,R1,SKU_E,133,0,0,99
223,R2,SKU_A,379,0,0,282
223,R2,SKU_B,51,0,0,132
223,R2,SKU_C,235,0,0,122
223,R2,SKU_D,98,0,0,159
223,R2,SKU_E,0,85,0,245
223,R3,SKU_A,471,0,0,784
223,R3,SKU_B,538,0,0,204
223,R3,SKU_C,1632,0,0,381
223,R3,SKU_D,889,0,0,375
223,R3,SKU_E,831,0,0,360
224,Supplier,SKU_A,0,0,0,0
224,Supplier,SKU_B,0,0,0,0
224,Supplier,SKU_C,0,0,0,0
224,Supplier,SKU_D,0,0,0,0
224,Supplier,SKU_E,0,0,0,0
224,W1,SKU_A,478,0,0,1099
224,W1,SKU_B,1107,0,0,454
224,W1,SKU_C,254,0,0,672
224,W1,SKU_D,701,0,0,558
224,W1,SKU_E,0,0,361,425
224,W2,SKU_A,1660,0,0,1120
224,W2,SKU_B,609,0,0,288
224,W2,SKU_C,1768,0,0,561
224,W2,SKU_D,1395,0,0,527
224,W2,SKU_E,1121,0,0,487
224,R1,SKU_A,0,169,0,398
224,R1,SKU_B,107,0,0,163
224,R1,SKU_C,21,0,0,289
224,R1,SKU_D,154,0,0,149
224,R1,SKU_E,117,0,0,141
224,R2,SKU_A,315,0,0,321
224,R2,SKU_B,34,0,0,141
224,R2,SKU_C,198,0,0,137
224,R2,SKU_D,86,0,0,172
224,R2,SKU_E,0,27,0,131
224,R3,SKU_A,390,0,0,900
224,R3,SKU_B,525,0,0,225
224,R3,SKU_C,1558,0,0,472
224,R3,SKU_D,869,0,0,472
224,R3,SKU_E,817,0,0,401
225,Supplier,SKU_A,0,0,0,0
225,Supplier,SKU_B,0,0,0,0
225,Supplier,SKU_C,0,0,0,0
225,Supplier,SKU_D,0,0,0,0
225,Supplier,SKU_E,0,0,0,0
225,W1,SKU_A,270,0,0,1270
225,W1,SKU_B,1041,0,0,531
225,W1,SKU_C,162,0,0,772
225,W1,SKU_D,639,0,0,621
225,W1,SKU_E,0,0,405,491
225,W2,SKU_A,1599,0,0,1216
225,W2,SKU_B,591,0,0,314
225,W2,SKU_C,1719,0,0,627
225,W2,SKU_D,1376,0,0,623
225,W2,SKU_E,1091,0,0,544
225,R1,SKU_A,0,132,0,516
225,R1,SKU_B,132,0,0,183
225,R1,SKU_C,37,0,0,318
225,R1,SKU_D,165,0,0,164
225,R1,SKU_E,133,0,0,136
225,R2,SKU_A,315,0,0,367
225,R2,SKU_B,24,0,0,169
225,R2,SKU_C,199,0,0,165
225,R2,SKU_D,94,0,0,171
225,R2,SKU_E,13,0,0,72
225,R3,SKU_A,366,0,0,1006
225,R3,SKU_B,527,0,0,232
225,R3,SKU_C,1533,0,0,541
225,R3,SKU_D,876,0,0,476
225,R3,SKU_E,821,0,0,423
226,Supplier,SKU_A,0,0,0,0
226,Supplier,SKU_B,0,0,0,0
226,Supplier,SKU_C,0,0,0,0
226,Supplier,SKU_D,0,0,0,0
226,Supplier,SKU_E,0,0,0,0
226,W1,SKU_A,300,0,0,1441
226,W1,SKU_B,1046,0,0,589
226,W1,SKU_C,148,0,0,860
226,W1,SKU_D,663,0,0,630
226,W1,SKU_E,0,0,424,546
226,W2,SKU_A,1556,0,0,1341
226,W2,SKU_B,580,0,0,334
226,W2,SKU_C,1682,0,0,708
226,W2,SKU_D,1370,0,0,640
226,W2,SKU_E,1074,0,0,587
226,R1,SKU_A,0,22,0,373
226,R1,SKU_B,187,0,0,119
226,R1,SKU_C,139,0,0,243
226,R1,SKU_D,197,0,0,138
226,R1,SKU_E,181,0,0,99
226,R2,SKU_A,326,0,0,349
226,R2,SKU_B,35,0,0,157
226,R2,SKU_C,187,0,0,177
226,R2,SKU_D,90,0,0,159
226,R2,SKU_E,0,10,0,66
226,R3,SKU_A,410,0,0,966
226,R3,SKU_B,537,0,0,231
226,R3,SKU_C,1552,0,0,548
226,R3,SKU_D,884,0,0,451
226,R3,SKU_E,820,0,0,401
227,Supplier,SKU_A,0,0,0,0
227,Supplier,SKU_B,0,0,0,0
227,Supplier,SKU_C,0,0,0,0
227,Supplier,SKU_D,0,0,0,0
227,Supplier,SKU_E,0,0,0,0
227,W1,SKU_A,261,0,0,1440
227,W1,SKU_B,1054,0,0,571
227,W1,SKU_C,158,0,0,877
227,W1,SKU_D,651,0,0,632
227,W1,SKU_E,0,0,438,561
227,W2,SKU_A,1561,0,0,1340
227,W2,SKU_B,585,0,0,338
227,W2,SKU_C,1678,0,0,738
227,W2,SKU_D,1344,0,0,649
227,W2,SKU_E,1063,0,0,575
227,R1,SKU_A,102,0,0,251
227,R1,SKU_B,225,0,0,83
227,R1,SKU_C,217,0,0,171
227,R1,SKU_D,225,0,0,106
227,R1,SKU_E,197,0,0,77
227,R2,SKU_A,351,0,0,335
227,R2,SKU_B,53,0,0,148
227,R2,SKU_C,191,0,0,170
227,R2,SKU_D,98,0,0,167
227,R2,SKU_E,0,49,0,93
227,R3,SKU_A,462,0,0,911
227,R3,SKU_B,539,0,0,225
227,R3,SKU_C,1568,0,0,523
227,R3,SKU_D,899,0,0,448
227,R3,SKU_E,849,0,0,398
228,Supplier,SKU_A,0,0,0,0
228,Supplier,SKU_B,0,0,0,0
228,Supplier,SKU_C,0,0,0,0
228,Supplier,SKU_D,0,0,0,0
228,Supplier,SKU_E,0,0,0,0
228,W1,SKU_A,239,0,0,1475
228,W1,SKU_B,1052,0,0,584
228,W1,SKU_C,175,0,0,863
228,W1,SKU_D,675,0,0,620
228,W1,SKU_E,0,0,445,564
228,W2,SKU_A,1538,0,0,1360
228,W2,SKU_B,592,0,0,327
228,W2,SKU_C,1670,0,0,737
228,W2,SKU_D,1346,0,0,659
228,W2,SKU_E,1070,0,0,594
228,R1,SKU_A,84,0,0,282
228,R1,SKU_B,215,0,0,90
228,R1,SKU_C,239,0,0,138
228,R1,SKU_D,224,0,0,104
228,R1,SKU_E,211,0,0,72
228,R2,SKU_A,382,0,0,285
228,R2,SKU_B,87,0,0,122
228,R2,SKU_C,213,0,0,144
228,R2,SKU_D,95,0,0,160
228,R2,SKU_E,0,58,0,113
228,R3,SKU_A,558,0,0,793
228,R3,SKU_B,573,0,0,203
228,R3,SKU_C,1652,0,0,445
228,R3,SKU_D,968,0,0,365
228,R3,SKU_E,892,0,0,342
229,Supplier,SKU_A,0,0,0,0
229,Supplier,SKU_B,0,0,0,0
229,Supplier,SKU_C,0,0,0,0
229,Supplier,SKU_D,0,0,0,0
229,Supplier,SKU_E,0,0,0,0
229,W1,SKU_A,261,0,0,1447
229,W1,SKU_B,1095,0,0,546
229,W1,SKU_C,194,0,0,829
229,W1,SKU_D,687,0,0,595
229,W1,SKU_E,0,0,395,541
229,W2,SKU_A,1557,0,0,1319
229,W2,SKU_B,610,0,0,321
229,W2,SKU_C,1686,0,0,727
229,W2,SKU_D,1352,0,0,639
229,W2,SKU_E,1082,0,0,569
229,R1,SKU_A,63,0,0,267
229,R1,SKU_B,194,0,0,91
229,R1,SKU_C,194,0,0,143
229,R1,SKU_D,208,0,0,111
229,R1,SKU_E,198,0,0,69
229,R2,SKU_A,394,0,0,300
229,R2,SKU_B,90,0,0,106
229,R2,SKU_C,217,0,0,151
229,R2,SKU_D,88,0,0,170
229,R2,SKU_E,0,83,0,172
229,R3,SKU_A,569,0,0,732
229,R3,SKU_B,586,0,0,177
229,R3,SKU_C,1692,0,0,378
229,R3,SKU_D,945,0,0,373
229,R3,SKU_E,900,0,0,326
230,Supplier,SKU_A,0,0,0,0
230,Supplier,SKU_B,0,0,0,0
230,Supplier,SKU_C,0,0,0,0
230,Supplier,SKU_D,0,0,0,0
230,Supplier,SKU_E,0,0,0,0
230,W1,SKU_A,383,0,0,1316
230,W1,SKU_B,1142,0,0,466
230,W1,SKU_C,262,0,0,732
230,W1,SKU_D,704,0,0,572
230,W1,SKU_E,0,0,345,459
230,W2,SKU_A,1537,0,0,1289
230,W2,SKU_B,611,0,0,307
230,W2,SKU_C,1681,0,0,705
230,W2,SKU_D,1338,0,0,638
230,W2,SKU_E,1090,0,0,553
230,R1,SKU_A,0,6,0,290
230,R1,SKU_B,138,0,0,114
230,R1,SKU_C,111,0,0,194
230,R1,SKU_D,177,0,0,123
230,R1,SKU_E,169,0,0,76
230,R2,SKU_A,351,0,0,281
230,R2,SKU_B,78,0,0,102
230,R2,SKU_C,199,0,0,147
230,R2,SKU_D,85,0,0,161
230,R2,SKU_E,0,83,0,232
230,R3,SKU_A,487,0,0,803
230,R3,SKU_B,567,0,0,173
230,R3,SKU_C,1647,0,0,382
230,R3,SKU_D,885,0,0,407
230,R3,SKU_E,873,0,0,344
231,Supplier,SKU_A,0,0,0,0
231,Supplier,SKU_B,0,0,0,0
231,Supplier,SKU_C,0,0,0,0
231,Supplier,SKU_D,0,0,0,0
231,Supplier,SKU_E,0,0,0,0
231,W1,SKU_A,434,0,0,1157
231,W1,SKU_B,1129,0,0,430
231,W1,SKU_C,268,0,0,672
231,W1,SKU_D,689,0,0,556
231,W1,SKU_E,0,0,329,431
231,W2,SKU_A,1572,0,0,1243
231,W2,SKU_B,609,0,0,286
231,W2,SKU_C,1697,0,0,648
231,W2,SKU_D,1366,0,0,584
231,W2,SKU_E,1116,0,0,518
231,R1,SKU_A,0,89,0,372
231,R1,SKU_B,112,0,0,167
231,R1,SKU_C,57,0,0,266
231,R1,SKU_D,135,0,0,151
231,R1,SKU_E,139,0,0,114
231,R2,SKU_A,334,0,0,335
231,R2,SKU_B,63,0,0,123
231,R2,SKU_C,187,0,0,162
231,R2,SKU_D,87,0,0,180
231,R2,SKU_E,0,85,0,243
231,R3,SKU_A,391,0,0,889
231,R3,SKU_B,557,0,0,201
231,R3,SKU_C,1617,0,0,453
231,R3,SKU_D,865,0,0,450
231,R3,SKU_E,885,0,0,348
232,Supplier,SKU_A,0,0,0,0
232,Supplier,SKU_B,0,0,0,0
232,Supplier,SKU_C,0,0,0,0
232,Supplier,SKU_D,0,0,0,0
232,Supplier,SKU_E,0,0,0,0
232,W1,SKU_A,320,0,0,1307
232,W1,SKU_B,1086,0,0,506
232,W1,SKU_C,221,0,0,740
232,W1,SKU_D,648,0,0,604
232,W1,SKU_E,0,0,348,451
232,W2,SKU_A,1562,0,0,1243
232,W2,SKU_B,617,0,0,296
232,W2,SKU_C,1737,0,0,649
232,W2,SKU_D,1340,0,0,633
232,W2,SKU_E,1131,0,0,519
232,R1,SKU_A,0,63,0,419
232,R1,SKU_B,139,0,0,173
232,R1,SKU_C,47,0,0,280
232,R1,SKU_D,154,0,0,184
232,R1,SKU_E,135,0,0,128
232,R2,SKU_A,348,0,0,333
232,R2,SKU_B,38,0,0,146
232,R2,SKU_C,204,0,0,170
232,R2,SKU_D,92,0,0,168
232,R2,SKU_E,0,57,0,187
232,R3,SKU_A,371,0,0,982
232,R3,SKU_B,548,0,0,207
232,R3,SKU_C,1607,0,0,474
232,R3,SKU_D,841,0,0,482
232,R3,SKU_E,865,0,0,362
233,Supplier,SKU_A,0,0,0,0
233,Supplier,SKU_B,0,0,0,0
233,Supplier,SKU_C,0,0,0,0
233,Supplier,SKU_D,0,0,0,0
233,Supplier,SKU_E,0,0,0,0
233,W1,SKU_A,331,0,0,1381
233,W1,SKU_B,1084,0,0,539
233,W1,SKU_C,176,0,0,814
233,W1,SKU_D,662,0,0,635
233,W1,SKU_E,0,0,367,471
233,W2,SKU_A,1543,0,0,1335
233,W2,SKU_B,613,0,0,297
233,W2,SKU_C,1744,0,0,653
233,W2,SKU_D,1311,0,0,670
233,W2,SKU_E,1114,0,0,530
233,R1,SKU_A,0,8,0,347
233,R1,SKU_B,198,0,0,113
233,R1,SKU_C,109,0,0,258
233,R1,SKU_D,167,0,0,146
233,R1,SKU_E,167,0,0,110
233,R2,SKU_A,317,0,0,346
233,R2,SKU_B,35,0,0,158
233,R2,SKU_C,212,0,0,164
233,R2,SKU_D,88,0,0,166
233,R2,SKU_E,0,1,0,124
233,R3,SKU_A,343,0,0,980
233,R3,SKU_B,548,0,0,228
233,R3,SKU_C,1581,0,0,490
233,R3,SKU_D,850,0,0,492
233,R3,SKU_E,861,0,0,369
234,Supplier,SKU_A,0,0,0,0
234,Supplier,SKU_B,0,0,0,0
234,Supplier,SKU_C,0,0,0,0
234,Supplier,SKU_D,0,0,0,0
234,Supplier,SKU_E,0,0,0,0
234,W1,SKU_A,294,0,0,1383
234,W1,SKU_B,1079,0,0,552
234,W1,SKU_C,170,0,0,862
234,W1,SKU_D,633,0,0,633
234,W1,SKU_E,0,0,356,486
234,W2,SKU_A,1490,0,0,1358
234,W2,SKU_B,621,0,0,310
234,W2,SKU_C,1715,0,0,672
234,W2,SKU_D,1318,0,0,682
234,W2,SKU_E,1123,0,0,524
234,R1,SKU_A,53,0,0,291
234,R1,SKU_B,202,0,0,81
234,R1,SKU_C,149,0,0,214
234,R1,SKU_D,188,0,0,119
234,R1,SKU_E,186,0,0,86
234,R2,SKU_A,357,0,0,315
234,R2,SKU_B,45,0,0,145
234,R2,SKU_C,236,0,0,134
234,R2,SKU_D,102,0,0,158
234,R2,SKU_E,5,0,0,123
234,R3,SKU_A,372,0,0,958
234,R3,SKU_B,554,0,0,215
234,R3,SKU_C,1604,0,0,489
234,R3,SKU_D,843,0,0,468
234,R3,SKU_E,859,0,0,365
235,Supplier,SKU_A,0,0,0,0
235,Supplier,SKU_B,0,0,0,0
235,Supplier,SKU_C,0,0,0,0
235,Supplier,SKU_D,0,0,0,0
235,Supplier,SKU_E,0,0,0,0
235,W1,SKU_A,277,0,0,1414
235,W1,SKU_B,1038,0,0,562
235,W1,SKU_C,169,0,0,853
235,W1,SKU_D,617,0,0,649
235,W1,SKU_E,0,0,383,502
235,W2,SKU_A,1447,0,0,1408
235,W2,SKU_B,626,0,0,298
235,W2,SKU_C,1717,0,0,692
235,W2,SKU_D,1282,0,0,687
235,W2,SKU_E,1100,0,0,541
235,R1,SKU_A,32,0,0,303
235,R1,SKU_B,183,0,0,110
235,R1,SKU_C,168,0,0,178
235,R1,SKU_D,167,0,0,150
235,R1,SKU_E,189,0,0,77
235,R2,SKU_A,342,0,0,312
235,R2,SKU_B,53,0,0,141
235,R2,SKU_C,239,0,0,113
235,R2,SKU_D,96,0,0,165
235,R2,SKU_E,0,16,0,118
235,R3,SKU_A,409,0,0,918
235,R3,SKU_B,570,0,0,186
235,R3,SKU_C,1628,0,0,425
235,R3,SKU_D,852,0,0,449
235,R3,SKU_E,862,0,0,358
236,Supplier,SKU_A,0,0,0,0
236,Supplier,SKU_B,0,0,0,0
236,Supplier,SKU_C,0,0,0,0
236,Supplier,SKU_D,0,0,0,0
236,Supplier,SKU_E,0,0,0,0
236,W1,SKU_A,242,0,0,1422
236,W1,SKU_B,1044,0,0,570
236,W1,SKU_C,162,0,0,825
236,W1,SKU_D,618,0,0,659
236,W1,SKU_E,0,0,383,497
236,W2,SKU_A,1423,0,0,1429
236,W2,SKU_B,606,0,0,305
236,W2,SKU_C,1673,0,0,696
236,W2,SKU_D,1250,0,0,709
236,W2,SKU_E,1086,0,0,551
236,R1,SKU_A,29,0,0,307
236,R1,SKU_B,140,0,0,128
236,R1,SKU_C,134,0,0,199
236,R1,SKU_D,178,0,0,146
236,R1,SKU_E,170,0,0,88
236,R2,SKU_A,356,0,0,339
236,R2,SKU_B,58,0,0,131
236,R2,SKU_C,215,0,0,135
236,R2,SKU_D,117,0,0,164
236,R2,SKU_E,0,22,0,130
236,R3,SKU_A,453,0,0,871
236,R3,SKU_B,549,0,0,188
236,R3,SKU_C,1624,0,0,442
236,R3,SKU_D,852,0,0,463
236,R3,SKU_E,840,0,0,371
237,Supplier,SKU_A,0,0,0,0
237,Supplier,SKU_B,0,0,0,0
237,Supplier,SKU_C,0,0,0,0
237,Supplier,SKU_D,0,0,0,0
237,Supplier,SKU_E,0,0,0,0
237,W1,SKU_A,357,0,0,1349
237,W1,SKU_B,1069,0,0,515
237,W1,SKU_C,194,0,0,778
237,W1,SKU_D,677,0,0,627
237,W1,SKU_E,0,0,373,485
237,W2,SKU_A,1446,0,0,1403
237,W2,SKU_B,580,0,0,312
237,W2,SKU_C,1669,0,0,713
237,W2,SKU_D,1247,0,0,726
237,W2,SKU_E,1071,0,0,557
237,R1,SKU_A,0,37,0,315
237,R1,SKU_B,89,0,0,143
237,R1,SKU_C,52,0,0,229
237,R1,SKU_D,141,0,0,129
237,R1,SKU_E,152,0,0,102
237,R2,SKU_A,335,0,0,307
237,R2,SKU_B,45,0,0,135
237,R2,SKU_C,183,0,0,161
237,R2,SKU_D,127,0,0,137
237,R2,SKU_E,0,31,0,128
237,R3,SKU_A,385,0,0,900
237,R3,SKU_B,535,0,0,206
237,R3,SKU_C,1547,0,0,457
237,R3,SKU_D,805,0,0,471
237,R3,SKU_E,821,0,0,387
238,Supplier,SKU_A,0,0,0,0
238,Supplier,SKU_B,0,0,0,0
238,Supplier,SKU_C,0,0,0,0
238,Supplier,SKU_D,0,0,0,0
238,Supplier,SKU_E,0,0,0,0
238,W1,SKU_A,325,0,0,1270
238,W1,SKU_B,1016,0,0,523
238,W1,SKU_C,147,0,0,767
238,W1,SKU_D,658,0,0,575
238,W1,SKU_E,0,0,389,476
238,W2,SKU_A,1441,0,0,1369
238,W2,SKU_B,581,0,0,315
238,W2,SKU_C,1644,0,0,676
238,W2,SKU_D,1231,0,0,703
238,W2,SKU_E,1062,0,0,563
238,R1,SKU_A,0,90,0,372
238,R1,SKU_B,40,0,0,204
238,R1,SKU_C,7,0,0,294
238,R1,SKU_D,115,0,0,176
238,R1,SKU_E,113,0,0,114
238,R2,SKU_A,296,0,0,337
238,R2,SKU_B,29,0,0,145
238,R2,SKU_C,173,0,0,187
238,R2,SKU_D,129,0,0,133
238,R2,SKU_E,0,58,0,153
238,R3,SKU_A,337,0,0,938
238,R3,SKU_B,523,0,0,241
238,R3,SKU_C,1521,0,0,524
238,R3,SKU_D,767,0,0,537
238,R3,SKU_E,800,0,0,409
239,Supplier,SKU_A,0,0,0,0
239,Supplier,SKU_B,0,0,0,0
239,Supplier,SKU_C,0,0,0,0
239,Supplier,SKU_D,0,0,0,0
239,Supplier,SKU_E,0,0,0,0
239,W1,SKU_A,203,0,0,1387
239,W1,SKU_B,938,0,0,607
239,W1,SKU_C,107,0,0,843
239,W1,SKU_D,613,0,0,639
239,W1,SKU_E,0,0,419,493
239,W2,SKU_A,1436,0,0,1364
239,W2,SKU_B,587,0,0,332
239,W2,SKU_C,1619,0,0,742
239,W2,SKU_D,1220,0,0,742
239,W2,SKU_E,1038,0,0,588
239,R1,SKU_A,0,85,0,426
239,R1,SKU_B,56,0,0,228
239,R1,SKU_C,7,0,0,326
239,R1,SKU_D,111,0,0,209
239,R1,SKU_E,108,0,0,145
239,R2,SKU_A,315,0,0,358
239,R2,SKU_B,34,0,0,165
239,R2,SKU_C,192,0,0,179
239,R2,SKU_D,139,0,0,132
239,R2,SKU_E,0,54,0,124
239,R3,SKU_A,325,0,0,993
239,R3,SKU_B,529,0,0,246
239,R3,SKU_C,1506,0,0,572
239,R3,SKU_D,780,0,0,544
239,R3,SKU_E,799,0,0,424
240,Supplier,SKU_A,0,0,0,0
240,Supplier,SKU_B,0,0,0,0
240,Supplier,SKU_C,0,0,0,0
240,Supplier,SKU_D,0,0,0,0
240,Supplier,SKU_E,0,0,0,0
240,W1,SKU_A,215,0,0,1474
240,W1,SKU_B,917,0,0,693
240,W1,SKU_C,68,0,0,925
240,W1,SKU_D,637,0,0,653
240,W1,SKU_E,0,0,444,549
240,W2,SKU_A,1401,0,0,1442
240,W2,SKU_B,607,0,0,323
240,W2,SKU_C,1616,0,0,778
240,W2,SKU_D,1221,0,0,761
240,W2,SKU_E,1034,0,0,606
240,R1,SKU_A,0,28,0,363
240,R1,SKU_B,84,0,0,176
240,R1,SKU_C,71,0,0,274
240,R1,SKU_D,151,0,0,159
240,R1,SKU_E,101,0,0,146
240,R2,SKU_A,279,0,0,380
240,R2,SKU_B,22,0,0,155
240,R2,SKU_C,211,0,0,158
240,R2,SKU_D,105,0,0,142
240,R2,SKU_E,0,52,0,91
240,R3,SKU_A,312,0,0,1002
240,R3,SKU_B,527,0,0,227
240,R3,SKU_C,1539,0,0,547
240,R3,SKU_D,776,0,0,521
240,R3,SKU_E,782,0,0,421
241,Supplier,SKU_A,0,0,0,0
241,Supplier,SKU_B,0,0,0,0
241,Supplier,SKU_C,0,0,0,0
241,Supplier,SKU_D,0,0,0,0
241,Supplier,SKU_E,0,0,0,0
241,W1,SKU_A,193,0,0,1476
241,W1,SKU_B,881,0,0,683
241,W1,SKU_C,49,0,0,954
241,W1,SKU_D,627,0,0,629
241,W1,SKU_E,0,0,470,563
241,W2,SKU_A,1392,0,0,1447
241,W2,SKU_B,585,0,0,324
241,W2,SKU_C,1631,0,0,771
241,W2,SKU_D,1176,0,0,779
241,W2,SKU_E,1007,0,0,613
241,R1,SKU_A,0,49,0,310
241,R1,SKU_B,74,0,0,160
241,R1,SKU_C,81,0,0,230
241,R1,SKU_D,154,0,0,140
241,R1,SKU_E,116,0,0,126
241,R2,SKU_A,298,0,0,363
241,R2,SKU_B,28,0,0,158
241,R2,SKU_C,229,0,0,133
241,R2,SKU_D,106,0,0,159
241,R2,SKU_E,0,55,0,68
241,R3,SKU_A,210,0,0,1012
241,R3,SKU_B,521,0,0,210
241,R3,SKU_C,1481,0,0,527
241,R3,SKU_D,730,0,0,539
241,R3,SKU_E,743,0,0,429
242,Supplier,SKU_A,0,0,0,0
242,Supplier,SKU_B,0,0,0,0
242,Supplier,SKU_C,0,0,0,0
242,Supplier,SKU_D,0,0,0,0
242,Supplier,SKU_E,0,0,0,0
242,W1,SKU_A,126,0,0,1471
242,W1,SKU_B,814,0,0,733
242,W1,SKU_C,24,0,0,938
242,W1,SKU_D,608,0,0,650
242,W1,SKU_E,0,0,496,584
242,W2,SKU_A,1284,0,0,1463
242,W2,SKU_B,547,0,0,339
242,W2,SKU_C,1546,0,0,778
242,W2,SKU_D,1134,0,0,793
242,W2,SKU_E,955,0,0,634
242,R1,SKU_A,0,104,0,390
242,R1,SKU_B,40,0,0,210
242,R1,SKU_C,78,0,0,252
242,R1,SKU_D,129,0,0,166
242,R1,SKU_E,82,0,0,137
242,R2,SKU_A,316,0,0,335
242,R2,SKU_B,57,0,0,146
242,R2,SKU_C,241,0,0,131
242,R2,SKU_D,86,0,0,156
242,R2,SKU_E,0,89,0,73
242,R3,SKU_A,120,0,0,1075
242,R3,SKU_B,527,0,0,220
242,R3,SKU_C,1499,0,0,523
242,R3,SKU_D,704,0,0,546
242,R3,SKU_E,720,0,0,465
243,Supplier,SKU_A,0,0,0,0
243,Supplier,SKU_B,0,0,0,0
243,Supplier,SKU_C,0,0,0,0
243,Supplier,SKU_D,0,0,0,0
243,Supplier,SKU_E,0,0,0,0
243,W1,SKU_A,32,0,0,1580
243,W1,SKU_B,810,0,0,770
243,W1,SKU_C,43,0,0,948
243,W1,SKU_D,540,0,0,696
243,W1,SKU_E,0,0,546,608
243,W2,SKU_A,1152,0,0,1568
243,W2,SKU_B,538,0,0,364
243,W2,SKU_C,1515,0,0,823
243,W2,SKU_D,1083,0,0,825
243,W2,SKU_E,920,0,0,682
243,R1,SKU_A,54,0,0,439
243,R1,SKU_B,131,0,0,220
243,R1,SKU_C,186,0,0,267
243,R1,SKU_D,204,0,0,181
243,R1,SKU_E,148,0,0,165
243,R2,SKU_A,419,0,0,357
243,R2,SKU_B,94,0,0,142
243,R2,SKU_C,281,0,0,130
243,R2,SKU_D,127,0,0,185
243,R2,SKU_E,0,68,0,57
243,R3,SKU_A,396,0,0,1155
243,R3,SKU_B,573,0,0,237
243,R3,SKU_C,1639,0,0,546
243,R3,SKU_D,835,0,0,600
243,R3,SKU_E,829,0,0,489
244,Supplier,SKU_A,0,0,0,0
244,Supplier,SKU_B,0,0,0,0
244,Supplier,SKU_C,0,0,0,0
244,Supplier,SKU_D,0,0,0,0
244,Supplier,SKU_E,0,0,0,0
244,W1,SKU_A,381,0,0,1563
244,W1,SKU_B,985,0,0,729
244,W1,SKU_C,282,0,0,871
244,W1,SKU_D,703,0,0,693
244,W1,SKU_E,0,0,422,633
244,W2,SKU_A,1379,0,0,1697
244,W2,SKU_B,611,0,0,354
244,W2,SKU_C,1634,0,0,867
244,W2,SKU_D,1203,0,0,890
244,W2,SKU_E,1027,0,0,708
244,R1,SKU_A,102,0,0,207
244,R1,SKU_B,166,0,0,103
244,R1,SKU_C,196,0,0,125
244,R1,SKU_D,227,0,0,90
244,R1,SKU_E,160,0,0,94
244,R2,SKU_A,440,0,0,240
244,R2,SKU_B,109,0,0,83
244,R2,SKU_C,267,0,0,88
244,R2,SKU_D,160,0,0,120
244,R2,SKU_E,0,94,0,155
244,R3,SKU_A,386,0,0,922
244,R3,SKU_B,562,0,0,202
244,R3,SKU_C,1584,0,0,439
244,R3,SKU_D,808,0,0,489
244,R3,SKU_E,831,0,0,394
245,Supplier,SKU_A,0,0,0,0
245,Supplier,SKU_B,0,0,0,0
245,Supplier,SKU_C,0,0,0,0
245,Supplier,SKU_D,0,0,0,0
245,Supplier,SKU_E,0,0,0,0
245,W1,SKU_A,455,0,0,1209
245,W1,SKU_B,1028,0,0,560
245,W1,SKU_C,297,0,0,668
245,W1,SKU_D,747,0,0,549
245,W1,SKU_E,0,0,396,496
245,W2,SKU_A,1402,0,0,1431
245,W2,SKU_B,634,0,0,285
245,W2,SKU_C,1653,0,0,686
245,W2,SKU_D,1224,0,0,731
245,W2,SKU_E,1044,0,0,598
245,R1,SKU_A,173,0,0,184
245,R1,SKU_B,211,0,0,84
245,R1,SKU_C,221,0,0,134
245,R1,SKU_D,269,0,0,68
245,R1,SKU_E,206,0,0,59
245,R2,SKU_A,465,0,0,221
245,R2,SKU_B,132,0,0,77
245,R2,SKU_C,276,0,0,95
245,R2,SKU_D,163,0,0,105
245,R2,SKU_E,0,103,0,207
245,R3,SKU_A,457,0,0,928
245,R3,SKU_B,580,0,0,192
245,R3,SKU_C,1604,0,0,502
245,R3,SKU_D,859,0,0,489
245,R3,SKU_E,875,0,0,372
246,Supplier,SKU_A,0,0,0,0
246,Supplier,SKU_B,0,0,0,0
246,Supplier,SKU_C,0,0,0,0
246,Supplier,SKU_D,0,0,0,0
246,Supplier,SKU_E,0,0,0,0
246,W1,SKU_A,484,0,0,1234
246,W1,SKU_B,1049,0,0,582
246,W1,SKU_C,319,0,0,696
246,W1,SKU_D,761,0,0,543
246,W1,SKU_E,0,0,373,501
246,W2,SKU_A,1512,0,0,1398
246,W2,SKU_B,642,0,0,285
246,W2,SKU_C,1714,0,0,708
246,W2,SKU_D,1268,0,0,738
246,W2,SKU_E,1082,0,0,582
246,R1,SKU_A,62,0,0,320
246,R1,SKU_B,160,0,0,140
246,R1,SKU_C,138,0,0,232
246,R1,SKU_D,217,0,0,116
246,R1,SKU_E,169,0,0,107
246,R2,SKU_A,528,0,0,186
246,R2,SKU_B,136,0,0,71
246,R2,SKU_C,281,0,0,96
246,R2,SKU_D,200,0,0,79
246,R2,SKU_E,0,125,0,260
246,R3,SKU_A,667,0,0,765
246,R3,SKU_B,619,0,0,151
246,R3,SKU_C,1715,0,0,404
246,R3,SKU_D,953,0,0,410
246,R3,SKU_E,969,0,0,297
247,Supplier,SKU_A,0,0,0,0
247,Supplier,SKU_B,0,0,0,0
247,Supplier,SKU_C,0,0,0,0
247,Supplier,SKU_D,0,0,0,0
247,Supplier,SKU_E,0,0,0,0
247,W1,SKU_A,586,0,0,1185
247,W1,SKU_B,1119,0,0,515
247,W1,SKU_C,352,0,0,684
247,W1,SKU_D,816,0,0,495
247,W1,SKU_E,0,0,319,466
247,W2,SKU_A,1626,0,0,1331
247,W2,SKU_B,637,0,0,288
247,W2,SKU_C,1755,0,0,680
247,W2,SKU_D,1307,0,0,714
247,W2,SKU_E,1125,0,0,558
247,R1,SKU_A,151,0,0,247
247,R1,SKU_B,192,0,0,109
247,R1,SKU_C,189,0,0,183
247,R1,SKU_D,228,0,0,100
247,R1,SKU_E,199,0,0,85
247,R2,SKU_A,464,0,0,248
247,R2,SKU_B,112,0,0,100
247,R2,SKU_C,247,0,0,130
247,R2,SKU_D,147,0,0,112
247,R2,SKU_E,0,23,0,217
247,R3,SKU_A,888,0,0,528
247,R3,SKU_B,635,0,0,128
247,R3,SKU_C,1816,0,0,307
247,R3,SKU_D,1056,0,0,297
247,R3,SKU_E,1049,0,0,216
248,Supplier,SKU_A,0,0,0,0
248,Supplier,SKU_B,0,0,0,0
248,Supplier,SKU_C,0,0,0,0
248,Supplier,SKU_D,0,0,0,0
248,Supplier,SKU_E,0,0,0,0
248,W1,SKU_A,774,0,0,1011
248,W1,SKU_B,1212,0,0,428
248,W1,SKU_C,428,0,0,610
248,W1,SKU_D,844,0,0,442
248,W1,SKU_E,0,0,247,407
248,W2,SKU_A,1728,0,0,1213
248,W2,SKU_B,646,0,0,272
248,W2,SKU_C,1792,0,0,647
248,W2,SKU_D,1363,0,0,648
248,W2,SKU_E,1187,0,0,495
248,R1,SKU_A,181,0,0,206
248,R1,SKU_B,202,0,0,103
248,R1,SKU_C,208,0,0,166
248,R1,SKU_D,223,0,0,109
248,R1,SKU_E,215,0,0,66
248,R2,SKU_A,480,0,0,216
248,R2,SKU_B,123,0,0,80
248,R2,SKU_C,262,0,0,108
248,R2,SKU_D,158,0,0,133
248,R2,SKU_E,19,0,0,233
248,R3,SKU_A,730,0,0,663
248,R3,SKU_B,591,0,0,175
248,R3,SKU_C,1734,0,0,369
248,R3,SKU_D,983,0,0,379
248,R3,SKU_E,983,0,0,269
249,Supplier,SKU_A,0,0,0,0
249,Supplier,SKU_B,0,0,0,0
249,Supplier,SKU_C,0,0,0,0
249,Supplier,SKU_D,0,0,0,0
249,Supplier,SKU_E,0,0,0,0
249,W1,SKU_A,920,0,0,838
249,W1,SKU_B,1267,0,0,368
249,W1,SKU_C,470,0,0,563
249,W1,SKU_D,930,0,0,392
249,W1,SKU_E,0,0,166,309
249,W2,SKU_A,1899,0,0,1019
249,W2,SKU_B,681,0,0,240
249,W2,SKU_C,1887,0,0,532
249,W2,SKU_D,1456,0,0,564
249,W2,SKU_E,1267,0,0,402
249,R1,SKU_A,163,0,0,201
249,R1,SKU_B,191,0,0,98
249,R1,SKU_C,211,0,0,162
249,R1,SKU_D,223,0,0,110
249,R1,SKU_E,206,0,0,61
249,R2,SKU_A,483,0,0,206
249,R2,SKU_B,94,0,0,86
249,R2,SKU_C,269,0,0,109
249,R2,SKU_D,155,0,0,110
249,R2,SKU_E,27,0,0,292
249,R3,SKU_A,764,0,0,578
249,R3,SKU_B,595,0,0,173
249,R3,SKU_C,1772,0,0,289
249,R3,SKU_D,1001,0,0,314
249,R3,SKU_E,988,0,0,242
250,Supplier,SKU_A,0,0,0,0
250,Supplier,SKU_B,0,0,0,0
250,Supplier,SKU_C,0,0,0,0
250,Supplier,SKU_D,0,0,0,0
250,Supplier,SKU_E,0,0,0,0
250,W1,SKU_A,704,0,0,1024
250,W1,SKU_B,1149,0,0,447
250,W1,SKU_C,357,0,0,683
250,W1,SKU_D,831,0,0,466
250,W1,SKU_E,0,0,262,377
250,W2,SKU_A,2046,0,0,821
250,W2,SKU_B,702,0,0,221
250,W2,SKU_C,1926,0,0,451
250,W2,SKU_D,1521,0,0,452
250,W2,SKU_E,1312,0,0,335
250,R1,SKU_A,143,0,0,235
250,R1,SKU_B,187,0,0,110
250,R1,SKU_C,199,0,0,161
250,R1,SKU_D,210,0,0,105
250,R1,SKU_E,194,0,0,32
250,R2,SKU_A,471,0,0,231
250,R2,SKU_B,80,0,0,113
250,R2,SKU_C,262,0,0,108
250,R2,SKU_D,151,0,0,124
250,R2,SKU_E,66,0,0,211
250,R3,SKU_A,741,0,0,621
250,R3,SKU_B,589,0,0,177
250,R3,SKU_C,1762,0,0,334
250,R3,SKU_D,990,0,0,347
250,R3,SKU_E,968,0,0,259
251,Supplier,SKU_A,0,0,0,0
251,Supplier,SKU_B,0,0,0,0
251,Supplier,SKU_C,0,0,0,0
251,Supplier,SKU_D,0,0,0,0
251,Supplier,SKU_E,0,0,0,0
251,W1,SKU_A,795,0,0,960
251,W1,SKU_B,1178,0,0,439
251,W1,SKU_C,411,0,0,608
251,W1,SKU_D,824,0,0,465
251,W1,SKU_E,0,0,234,362
251,W2,SKU_A,1857,0,0,1030
251,W2,SKU_B,658,0,0,263
251,W2,SKU_C,1837,0,0,575
251,W2,SKU_D,1423,0,0,572
251,W2,SKU_E,1221,0,0,423
251,R1,SKU_A,101,0,0,244
251,R1,SKU_B,154,0,0,118
251,R1,SKU_C,192,0,0,175
251,R1,SKU_D,193,0,0,122
251,R1,SKU_E,177,0,0,87
251,R2,SKU_A,448,0,0,241
251,R2,SKU_B,43,0,0,132
251,R2,SKU_C,245,0,0,115
251,R2,SKU_D,169,0,0,108
251,R2,SKU_E,117,0,0,141
251,R3,SKU_A,662,0,0,691
251,R3,SKU_B,578,0,0,181
251,R3,SKU_C,1716,0,0,357
251,R3,SKU_D,966,0,0,373
251,R3,SKU_E,927,0,0,298
252,Supplier,SKU_A,0,0,0,0
252,Supplier,SKU_B,0,0,0,0
252,Supplier,SKU_C,0,0,0,0
252,Supplier,SKU_D,0,0,0,0
252,Supplier,SKU_E,0,0,0,0
252,W1,SKU_A,786,0,0,923
252,W1,SKU_B,1121,0,0,453
252,W1,SKU_C,412,0,0,604
252,W1,SKU_D,811,0,0,480
252,W1,SKU_E,0,0,243,362
252,W2,SKU_A,1902,0,0,976
252,W2,SKU_B,653,0,0,261
252,W2,SKU_C,1887,0,0,502
252,W2,SKU_D,1465,0,0,532
252,W2,SKU_E,1221,0,0,421
252,R1,SKU_A,62,0,0,263
252,R1,SKU_B,158,0,0,135
252,R1,SKU_C,158,0,0,181
252,R1,SKU_D,176,0,0,140
252,R1,SKU_E,130,0,0,136
252,R2,SKU_A,429,0,0,248
252,R2,SKU_B,26,0,0,160
252,R2,SKU_C,247,0,0,125
252,R2,SKU_D,135,0,0,122
252,R2,SKU_E,193,0,0,58
252,R3,SKU_A,615,0,0,754
252,R3,SKU_B,584,0,0,185
252,R3,SKU_C,1681,0,0,407
252,R3,SKU_D,964,0,0,387
252,R3,SKU_E,897,0,0,338
253,Supplier,SKU_A,0,0,0,0
253,Supplier,SKU_B,0,0,0,0
253,Supplier,SKU_C,0,0,0,0
253,Supplier,SKU_D,0,0,0,0
253,Supplier,SKU_E,0,0,0,0
253,W1,SKU_A,692,0,0,985
253,W1,SKU_B,1093,0,0,513
253,W1,SKU_C,376,0,0,624
253,W1,SKU_D,772,0,0,500
253,W1,SKU_E,0,0,267,390
253,W2,SKU_A,1886,0,0,1008
253,W2,SKU_B,650,0,0,274
253,W2,SKU_C,1869,0,0,535
253,W2,SKU_D,1468,0,0,541
253,W2,SKU_E,1209,0,0,443
253,R1,SKU_A,67,0,0,316
253,R1,SKU_B,171,0,0,139
253,R1,SKU_C,181,0,0,202
253,R1,SKU_D,195,0,0,139
253,R1,SKU_E,183,0,0,96
253,R2,SKU_A,434,0,0,260
253,R2,SKU_B,47,0,0,154
253,R2,SKU_C,243,0,0,131
253,R2,SKU_D,138,0,0,130
253,R2,SKU_E,161,0,0,75
253,R3,SKU_A,628,0,0,778
253,R3,SKU_B,571,0,0,182
253,R3,SKU_C,1677,0,0,422
253,R3,SKU_D,954,0,0,398
253,R3,SKU_E,880,0,0,355
254,Supplier,SKU_A,0,0,0,0
254,Supplier,SKU_B,0,0,0,0
254,Supplier,SKU_C,0,0,0,0
254,Supplier,SKU_D,0,0,0,0
254,Supplier,SKU_E,0,0,0,0
254,W1,SKU_A,659,0,0,1093
254,W1,SKU_B,1091,0,0,547
254,W1,SKU_C,384,0,0,662
254,W1,SKU_D,787,0,0,514
254,W1,SKU_E,0,0,282,427
254,W2,SKU_A,1860,0,0,1071
254,W2,SKU_B,633,0,0,275
254,W2,SKU_C,1849,0,0,566
254,W2,SKU_D,1457,0,0,553
254,W2,SKU_E,1178,0,0,474
254,R1,SKU_A,103,0,0,278
254,R1,SKU_B,212,0,0,101
254,R1,SKU_C,221,0,0,186
254,R1,SKU_D,220,0,0,120
254,R1,SKU_E,201,0,0,81
254,R2,SKU_A,435,0,0,268
254,R2,SKU_B,65,0,0,146
254,R2,SKU_C,264,0,0,127
254,R2,SKU_D,134,0,0,137
254,R2,SKU_E,154,0,0,68
254,R3,SKU_A,683,0,0,714
254,R3,SKU_B,578,0,0,197
254,R3,SKU_C,1739,0,0,384
254,R3,SKU_D,1007,0,0,361
254,R3,SKU_E,896,0,0,350
255,Supplier,SKU_A,0,0,0,0
255,Supplier,SKU_B,0,0,0,0
255,Supplier,SKU_C,0,0,0,0
255,Supplier,SKU_D,0,0,0,0
255,Supplier,SKU_E,0,0,0,0
255,W1,SKU_A,660,0,0,1099
255,W1,SKU_B,1107,0,0,544
255,W1,SKU_C,438,0,0,649
255,W1,SKU_D,775,0,0,535
255,W1,SKU_E,0,0,276,425
255,W2,SKU_A,1841,0,0,1081
255,W2,SKU_B,645,0,0,285
255,W2,SKU_C,1849,0,0,590
255,W2,SKU_D,1472,0,0,554
255,W2,SKU_E,1159,0,0,504
255,R1,SKU_A,179,0,0,222
255,R1,SKU_B,227,0,0,81
255,R1,SKU_C,260,0,0,118
255,R1,SKU_D,244,0,0,96
255,R1,SKU_E,223,0,0,65
255,R2,SKU_A,440,0,0,254
255,R2,SKU_B,102,0,0,110
255,R2,SKU_C,292,0,0,96
255,R2,SKU_D,127,0,0,143
255,R2,SKU_E,145,0,0,71
255,R3,SKU_A,707,0,0,679
255,R3,SKU_B,596,0,0,188
255,R3,SKU_C,1765,0,0,357
255,R3,SKU_D,1053,0,0,330
255,R3,SKU_E,942,0,0,331
256,Supplier,SKU_A,0,0,0,0
256,Supplier,SKU_B,0,0,0,0
256,Supplier,SKU_C,0,0,0,0
256,Supplier,SKU_D,0,0,0,0
256,Supplier,SKU_E,0,0,0,0
256,W1,SKU_A,702,0,0,1068
256,W1,SKU_B,1158,0,0,489
256,W1,SKU_C,453,0,0,602
256,W1,SKU_D,787,0,0,522
256,W1,SKU_E,0,0,248,391
256,W2,SKU_A,1834,0,0,1077
256,W2,SKU_B,663,0,0,276
256,W2,SKU_C,1868,0,0,570
256,W2,SKU_D,1493,0,0,548
256,W2,SKU_E,1180,0,0,510
256,R1,SKU_A,159,0,0,204
256,R1,SKU_B,227,0,0,83
256,R1,SKU_C,276,0,0,123
256,R1,SKU_D,250,0,0,90
256,R1,SKU_E,230,0,0,56
256,R2,SKU_A,455,0,0,237
256,R2,SKU_B,120,0,0,84
256,R2,SKU_C,295,0,0,80
256,R2,SKU_D,139,0,0,130
256,R2,SKU_E,131,0,0,125
256,R3,SKU_A,758,0,0,646
256,R3,SKU_B,611,0,0,163
256,R3,SKU_C,1783,0,0,308
256,R3,SKU_D,1077,0,0,286
256,R3,SKU_E,972,0,0,283
257,Supplier,SKU_A,0,0,0,0
257,Supplier,SKU_B,0,0,0,0
257,Supplier,SKU_C,0,0,0,0
257,Supplier,SKU_D,0,0,0,0
257,Supplier,SKU_E,0,0,0,0
257,W1,SKU_A,677,0,0,1053
257,W1,SKU_B,1182,0,0,459
257,W1,SKU_C,497,0,0,566
257,W1,SKU_D,806,0,0,502
257,W1,SKU_E,0,0,223,376
257,W2,SKU_A,1896,0,0,1033
257,W2,SKU_B,669,0,0,260
257,W2,SKU_C,1898,0,0,509
257,W2,SKU_D,1541,0,0,480
257,W2,SKU_E,1205,0,0,467
257,R1,SKU_A,140,0,0,222
257,R1,SKU_B,220,0,0,86
257,R1,SKU_C,251,0,0,131
257,R1,SKU_D,235,0,0,90
257,R1,SKU_E,221,0,0,52
257,R2,SKU_A,466,0,0,239
257,R2,SKU_B,114,0,0,81
257,R2,SKU_C,299,0,0,79
257,R2,SKU_D,146,0,0,129
257,R2,SKU_E,106,0,0,164
257,R3,SKU_A,768,0,0,611
257,R3,SKU_B,614,0,0,158
257,R3,SKU_C,1790,0,0,305
257,R3,SKU_D,1067,0,0,274
257,R3,SKU_E,997,0,0,263
258,Supplier,SKU_A,0,0,0,0
258,Supplier,SKU_B,0,0,0,0
258,Supplier,SKU_C,0,0,0,0
258,Supplier,SKU_D,0,0,0,0
258,Supplier,SKU_E,0,0,0,0
258,W1,SKU_A,710,0,0,1032
258,W1,SKU_B,1236,0,0,392
258,W1,SKU_C,530,0,0,519
258,W1,SKU_D,814,0,0,485
258,W1,SKU_E,0,0,213,342
258,W2,SKU_A,1913,0,0,991
258,W2,SKU_B,675,0,0,252
258,W2,SKU_C,1897,0,0,514
258,W2,SKU_D,1545,0,0,454
258,W2,SKU_E,1238,0,0,439
258,R1,SKU_A,71,0,0,261
258,R1,SKU_B,217,0,0,88
258,R1,SKU_C,225,0,0,127
258,R1,SKU_D,206,0,0,105
258,R1,SKU_E,208,0,0,67
258,R2,SKU_A,446,0,0,237
258,R2,SKU_B,87,0,0,97
258,R2,SKU_C,275,0,0,92
258,R2,SKU_D,134,0,0,125
258,R2,SKU_E,79,0,0,179
258,R3,SKU_A,745,0,0,638
258,R3,SKU_B,616,0,0,139
258,R3,SKU_C,1760,0,0,309
258,R3,SKU_D,1069,0,0,285
258,R3,SKU_E,1012,0,0,238
259,Supplier,SKU_A,0,0,0,0
259,Supplier,SKU_B,0,0,0,0
259,Supplier,SKU_C,0,0,0,0
259,Supplier,SKU_D,0,0,0,0
259,Supplier,SKU_E,0,0,0,0
259,W1,SKU_A,723,0,0,967
259,W1,SKU_B,1246,0,0,370
259,W1,SKU_C,538,0,0,470
259,W1,SKU_D,811,0,0,458
259,W1,SKU_E,0,0,227,336
259,W2,SKU_A,1943,0,0,965
259,W2,SKU_B,671,0,0,239
259,W2,SKU_C,1893,0,0,492
259,W2,SKU_D,1560,0,0,452
259,W2,SKU_E,1263,0,0,404
259,R1,SKU_A,39,0,0,292
259,R1,SKU_B,203,0,0,93
259,R1,SKU_C,161,0,0,174
259,R1,SKU_D,181,0,0,134
259,R1,SKU_E,200,0,0,78
259,R2,SKU_A,434,0,0,248
259,R2,SKU_B,73,0,0,125
259,R2,SKU_C,252,0,0,113
259,R2,SKU_D,127,0,0,136
259,R2,SKU_E,112,0,0,158
259,R3,SKU_A,743,0,0,652
259,R3,SKU_B,616,0,0,159
259,R3,SKU_C,1718,0,0,363
259,R3,SKU_D,1051,0,0,299
259,R3,SKU_E,1018,0,0,234
260,Supplier,SKU_A,0,0,0,0
260,Supplier,SKU_B,0,0,0,0
260,Supplier,SKU_C,0,0,0,0
260,Supplier,SKU_D,0,0,0,0
260,Supplier,SKU_E,0,0,0,0
260,W1,SKU_A,659,0,0,1029
260,W1,SKU_B,1229,0,0,392
260,W1,SKU_C,481,0,0,508
260,W1,SKU_D,787,0,0,490
260,W1,SKU_E,0,0,234,372
260,W2,SKU_A,1969,0,0,951
260,W2,SKU_B,677,0,0,253
260,W2,SKU_C,1886,0,0,511
260,W2,SKU_D,1559,0,0,449
260,W2,SKU_E,1280,0,0,389
260,R1,SKU_A,39,0,0,323
260,R1,SKU_B,224,0,0,103
260,R1,SKU_C,166,0,0,221
260,R1,SKU_D,183,0,0,144
260,R1,SKU_E,210,0,0,73
260,R2,SKU_A,426,0,0,258
260,R2,SKU_B,64,0,0,131
260,R2,SKU_C,255,0,0,123
260,R2,SKU_D,130,0,0,142
260,R2,SKU_E,133,0,0,133
260,R3,SKU_A,785,0,0,643
260,R3,SKU_B,607,0,0,168
260,R3,SKU_C,1730,0,0,404
260,R3,SKU_D,1029,0,0,332
260,R3,SKU_E,997,0,0,255
261,Supplier,SKU_A,0,0,0,0
261,Supplier,SKU_B,0,0,0,0
261,Supplier,SKU_C,0,0,0,0
261,Supplier,SKU_D,0,0,0,0
261,Supplier,SKU_E,0,0,0,0
261,W1,SKU_A,621,0,0,1100
261,W1,SKU_B,1227,0,0,422
261,W1,SKU_C,448,0,0,606
261,W1,SKU_D,775,0,0,523
261,W1,SKU_E,0,0,237,383
261,W2,SKU_A,1991,0,0,962
261,W2,SKU_B,699,0,0,231
261,W2,SKU_C,1921,0,0,529
261,W2,SKU_D,1568,0,0,451
261,W2,SKU_E,1297,0,0,372
261,R1,SKU_A,92,0,0,293
261,R1,SKU_B,245,0,0,81
261,R1,SKU_C,214,0,0,186
261,R1,SKU_D,200,0,0,128
261,R1,SKU_E,218,0,0,65
261,R2,SKU_A,434,0,0,279
261,R2,SKU_B,66,0,0,131
261,R2,SKU_C,260,0,0,123
261,R2,SKU_D,134,0,0,145
261,R2,SKU_E,139,0,0,113
261,R3,SKU_A,798,0,0,619
261,R3,SKU_B,602,0,0,167
261,R3,SKU_C,1739,0,0,361
261,R3,SKU_D,1040,0,0,334
261,R3,SKU_E,1000,0,0,258
262,Supplier,SKU_A,0,0,0,0
262,Supplier,SKU_B,0,0,0,0
262,Supplier,SKU_C,0,0,0,0
262,Supplier,SKU_D,0,0,0,0
262,Supplier,SKU_E,0,0,0,0
262,W1,SKU_A,624,0,0,1149
262,W1,SKU_B,1230,0,0,420
262,W1,SKU_C,465,0,0,607
262,W1,SKU_D,772,0,0,534
262,W1,SKU_E,0,0,245,380
262,W2,SKU_A,2011,0,0,931
262,W2,SKU_B,693,0,0,231
262,W2,SKU_C,1898,0,0,518
262,W2,SKU_D,1574,0,0,458
262,W2,SKU_E,1309,0,0,366
262,R1,SKU_A,130,0,0,239
262,R1,SKU_B,268,0,0,51
262,R1,SKU_C,272,0,0,121
262,R1,SKU_D,228,0,0,115
262,R1,SKU_E,226,0,0,60
262,R2,SKU_A,476,0,0,249
262,R2,SKU_B,80,0,0,118
262,R2,SKU_C,289,0,0,107
262,R2,SKU_D,155,0,0,125
262,R2,SKU_E,150,0,0,101
262,R3,SKU_A,839,0,0,581
262,R3,SKU_B,596,0,0,170
262,R3,SKU_C,1754,0,0,356
262,R3,SKU_D,1064,0,0,301
262,R3,SKU_E,999,0,0,260
263,Supplier,SKU_A,0,0,0,0
263,Supplier,SKU_B,0,0,0,0
263,Supplier,SKU_C,0,0,0,0
263,Supplier,SKU_D,0,0,0,0
263,Supplier,SKU_E,0,0,0,0
263,W1,SKU_A,663,0,0,1106
263,W1,SKU_B,1233,0,0,411
263,W1,SKU_C,480,0,0,598
263,W1,SKU_D,786,0,0,536
263,W1,SKU_E,0,0,253,398
263,W2,SKU_A,2045,0,0,900
263,W2,SKU_B,675,0,0,246
263,W2,SKU_C,1886,0,0,540
263,W2,SKU_D,1556,0,0,467
263,W2,SKU_E,1295,0,0,381
263,R1,SKU_A,149,0,0,232
263,R1,SKU_B,252,0,0,59
263,R1,SKU_C,279,0,0,115
263,R1,SKU_D,249,0,0,99
263,R1,SKU_E,214,0,0,57
263,R2,SKU_A,516,0,0,206
263,R2,SKU_B,76,0,0,118
263,R2,SKU_C,309,0,0,76
263,R2,SKU_D,170,0,0,108
263,R2,SKU_E,137,0,0,101
263,R3,SKU_A,870,0,0,544
263,R3,SKU_B,626,0,0,159
263,R3,SKU_C,1812,0,0,315
263,R3,SKU_D,1045,0,0,290
263,R3,SKU_E,996,0,0,251
264,Supplier,SKU_A,0,0,0,0
264,Supplier,SKU_B,0,0,0,0
264,Supplier,SKU_C,0,0,0,0
264,Supplier,SKU_D,0,0,0,0
264,Supplier,SKU_E,0,0,0,0
264,W1,SKU_A,699,0,0,1079
264,W1,SKU_B,1237,0,0,395
264,W1,SKU_C,499,0,0,569
264,W1,SKU_D,812,0,0,513
264,W1,SKU_E,0,0,257,382
264,W2,SKU_A,2055,0,0,884
264,W2,SKU_B,686,0,0,254
264,W2,SKU_C,1922,0,0,521
264,W2,SKU_D,1528,0,0,465
264,W2,SKU_E,1287,0,0,377
264,R1,SKU_A,111,0,0,236
264,R1,SKU_B,232,0,0,74
264,R1,SKU_C,251,0,0,121
264,R1,SKU_D,248,0,0,79
264,R1,SKU_E,195,0,0,69
264,R2,SKU_A,516,0,0,168
264,R2,SKU_B,77,0,0,119
264,R2,SKU_C,316,0,0,69
264,R2,SKU_D,163,0,0,102
264,R2,SKU_E,136,0,0,109
264,R3,SKU_A,885,0,0,525
264,R3,SKU_B,616,0,0,149
264,R3,SKU_C,1796,0,0,269
264,R3,SKU_D,1039,0,0,305
264,R3,SKU_E,978,0,0,256
265,Supplier,SKU_A,0,0,0,0
265,Supplier,SKU_B,0,0,0,0
265,Supplier,SKU_C,0,0,0,0
265,Supplier,SKU_D,0,0,0,0
265,Supplier,SKU_E,0,0,0,0
265,W1,SKU_A,715,0,0,991
265,W1,SKU_B,1250,0,0,379
265,W1,SKU_C,537,0,0,509
265,W1,SKU_D,834,0,0,457
265,W1,SKU_E,0,0,237,366
265,W2,SKU_A,2086,0,0,849
265,W2,SKU_B,679,0,0,241
265,W2,SKU_C,1892,0,0,489
265,W2,SKU_D,1531,0,0,471
265,W2,SKU_E,1261,0,0,390
265,R1,SKU_A,107,0,0,258
265,R1,SKU_B,214,0,0,87
265,R1,SKU_C,207,0,0,142
265,R1,SKU_D,215,0,0,95
265,R1,SKU_E,174,0,0,91
265,R2,SKU_A,470,0,0,197
265,R2,SKU_B,68,0,0,120
265,R2,SKU_C,313,0,0,67
265,R2,SKU_D,136,0,0,116
265,R2,SKU_E,129,0,0,124
265,R3,SKU_A,792,0,0,543
265,R3,SKU_B,604,0,0,159
265,R3,SKU_C,1744,0,0,338
265,R3,SKU_D,987,0,0,322
265,R3,SKU_E,948,0,0,274
266,Supplier,SKU_A,0,0,0,0
266,Supplier,SKU_B,0,0,0,0
266,Supplier,SKU_C,0,0,0,0
266,Supplier,SKU_D,0,0,0,0
266,Supplier,SKU_E,0,0,0,0
266,W1,SKU_A,734,0,0,973
266,W1,SKU_B,1245,0,0,371
266,W1,SKU_C,566,0,0,452
266,W1,SKU_D,818,0,0,443
266,W1,SKU_E,0,0,257,375
266,W2,SKU_A,2038,0,0,822
266,W2,SKU_B,687,0,0,231
266,W2,SKU_C,1905,0,0,493
266,W2,SKU_D,1486,0,0,481
266,W2,SKU_E,1233,0,0,406
266,R1,SKU_A,82,0,0,274
266,R1,SKU_B,197,0,0,97
266,R1,SKU_C,173,0,0,187
266,R1,SKU_D,176,0,0,133
266,R1,SKU_E,177,0,0,97
266,R2,SKU_A,435,0,0,255
266,R2,SKU_B,52,0,0,130
266,R2,SKU_C,280,0,0,83
266,R2,SKU_D,130,0,0,144
266,R2,SKU_E,118,0,0,118
266,R3,SKU_A,728,0,0,625
266,R3,SKU_B,598,0,0,165
266,R3,SKU_C,1708,0,0,356
266,R3,SKU_D,934,0,0,387
266,R3,SKU_E,942,0,0,310
267,Supplier,SKU_A,0,0,0,0
267,Supplier,SKU_B,0,0,0,0
267,Supplier,SKU_C,0,0,0,0
267,Supplier,SKU_D,0,0,0,0
267,Supplier,SKU_E,0,0,0,0
267,W1,SKU_A,734,0,0,987
267,W1,SKU_B,1199,0,0,404
267,W1,SKU_C,524,0,0,488
267,W1,SKU_D,802,0,0,480
267,W1,SKU_E,0,0,273,403
267,W2,SKU_A,1996,0,0,882
267,W2,SKU_B,675,0,0,243
267,W2,SKU_C,1888,0,0,492
267,W2,SKU_D,1457,0,0,522
267,W2,SKU_E,1233,0,0,436
267,R1,SKU_A,77,0,0,265
267,R1,SKU_B,183,0,0,109
267,R1,SKU_C,164,0,0,199
267,R1,SKU_D,183,0,0,151
267,R1,SKU_E,195,0,0,87
267,R2,SKU_A,414,0,0,287
267,R2,SKU_B,58,0,0,142
267,R2,SKU_C,276,0,0,105
267,R2,SKU_D,128,0,0,148
267,R2,SKU_E,118,0,0,104
267,R3,SKU_A,717,0,0,692
267,R3,SKU_B,612,0,0,168
267,R3,SKU_C,1701,0,0,402
267,R3,SKU_D,931,0,0,431
267,R3,SKU_E,949,0,0,317
268,Supplier,SKU_A,0,0,0,0
268,Supplier,SKU_B,0,0,0,0
268,Supplier,SKU_C,0,0,0,0
268,Supplier,SKU_D,0,0,0,0
268,Supplier,SKU_E,0,0,0,0
268,W1,SKU_A,679,0,0,1039
268,W1,SKU_B,1168,0,0,451
268,W1,SKU_C,485,0,0,548
268,W1,SKU_D,805,0,0,504
268,W1,SKU_E,0,0,268,408
268,W2,SKU_A,1977,0,0,957
268,W2,SKU_B,680,0,0,255
268,W2,SKU_C,1857,0,0,562
268,W2,SKU_D,1458,0,0,562
268,W2,SKU_E,1247,0,0,436
268,R1,SKU_A,96,0,0,288
268,R1,SKU_B,196,0,0,118
268,R1,SKU_C,215,0,0,185
268,R1,SKU_D,210,0,0,127
268,R1,SKU_E,213,0,0,70
268,R2,SKU_A,432,0,0,270
268,R2,SKU_B,61,0,0,138
268,R2,SKU_C,281,0,0,109
268,R2,SKU_D,129,0,0,137
268,R2,SKU_E,138,0,0,96
268,R3,SKU_A,726,0,0,697
268,R3,SKU_B,606,0,0,173
268,R3,SKU_C,1686,0,0,426
268,R3,SKU_D,962,0,0,404
268,R3,SKU_E,961,0,0,298
269,Supplier,SKU_A,0,0,0,0
269,Supplier,SKU_B,0,0,0,0
269,Supplier,SKU_C,0,0,0,0
269,Supplier,SKU_D,0,0,0,0
269,Supplier,SKU_E,0,0,0,0
269,W1,SKU_A,671,0,0,1090
269,W1,SKU_B,1164,0,0,476
269,W1,SKU_C,486,0,0,593
269,W1,SKU_D,785,0,0,517
269,W1,SKU_E,0,0,265,413
269,W2,SKU_A,1983,0,0,965
269,W2,SKU_B,690,0,0,244
269,W2,SKU_C,1869,0,0,559
269,W2,SKU_D,1450,0,0,574
269,W2,SKU_E,1248,0,0,428
269,R1,SKU_A,127,0,0,260
269,R1,SKU_B,229,0,0,98
269,R1,SKU_C,254,0,0,145
269,R1,SKU_D,247,0,0,99
269,R1,SKU_E,218,0,0,61
269,R2,SKU_A,468,0,0,235
269,R2,SKU_B,74,0,0,127
269,R2,SKU_C,288,0,0,99
269,R2,SKU_D,154,0,0,123
269,R2,SKU_E,128,0,0,107
269,R3,SKU_A,722,0,0,684
269,R3,SKU_B,619,0,0,159
269,R3,SKU_C,1732,0,0,379
269,R3,SKU_D,975,0,0,382
269,R3,SKU_E,997,0,0,273
270,Supplier,SKU_A,0,0,0,0
270,Supplier,SKU_B,0,0,0,0
270,Supplier,SKU_C,0,0,0,0
270,Supplier,SKU_D,0,0,0,0
270,Supplier,SKU_E,0,0,0,0
270,W1,SKU_A,658,0,0,1107
270,W1,SKU_B,1187,0,0,468
270,W1,SKU_C,493,0,0,582
270,W1,SKU_D,782,0,0,540
270,W1,SKU_E,0,0,248,390
270,W2,SKU_A,1969,0,0,962
270,W2,SKU_B,702,0,0,231
270,W2,SKU_C,1870,0,0,557
270,W2,SKU_D,1442,0,0,573
270,W2,SKU_E,1259,0,0,428
270,R1,SKU_A,168,0,0,215
270,R1,SKU_B,259,0,0,63
270,R1,SKU_C,279,0,0,109
270,R1,SKU_D,262,0,0,87
270,R1,SKU_E,229,0,0,64
270,R2,SKU_A,495,0,0,222
270,R2,SKU_B,104,0,0,108
270,R2,SKU_C,310,0,0,75
270,R2,SKU_D,152,0,0,120
270,R2,SKU_E,124,0,0,133
270,R3,SKU_A,783,0,0,613
270,R3,SKU_B,621,0,0,144
270,R3,SKU_C,1777,0,0,350
270,R3,SKU_D,1051,0,0,334
270,R3,SKU_E,1030,0,0,225
271,Supplier,SKU_A,0,0,0,0
271,Supplier,SKU_B,0,0,0,0
271,Supplier,SKU_C,0,0,0,0
271,Supplier,SKU_D,0,0,0,0
271,Supplier,SKU_E,0,0,0,0
271,W1,SKU_A,727,0,0,1048
271,W1,SKU_B,1219,0,0,442
271,W1,SKU_C,509,0,0,553
271,W1,SKU_D,811,0,0,509
271,W1,SKU_E,0,0,216,377
271,W2,SKU_A,1951,0,0,970
271,W2,SKU_B,682,0,0,238
271,W2,SKU_C,1870,0,0,573
271,W2,SKU_D,1492,0,0,551
271,W2,SKU_E,1267,0,0,405
271,R1,SKU_A,153,0,0,216
271,R1,SKU_B,248,0,0,55
271,R1,SKU_C,245,0,0,121
271,R1,SKU_D,261,0,0,75
271,R1,SKU_E,230,0,0,54
271,R2,SKU_A,507,0,0,206
271,R2,SKU_B,101,0,0,96
271,R2,SKU_C,307,0,0,71
271,R2,SKU_D,147,0,0,124
271,R2,SKU_E,129,0,0,150
271,R3,SKU_A,813,0,0,570
271,R3,SKU_B,627,0,0,142
271,R3,SKU_C,1825,0,0,287
271,R3,SKU_D,1090,0,0,270
271,R3,SKU_E,1036,0,0,222
272,Supplier,SKU_A,0,0,0,0
272,Supplier,SKU_B,0,0,0,0
272,Supplier,SKU_C,0,0,0,0
272,Supplier,SKU_D,0,0,0,0
272,Supplier,SKU_E,0,0,0,0
272,W1,SKU_A,777,0,0,980
272,W1,SKU_B,1230,0,0,397
272,W1,SKU_C,524,0,0,509
272,W1,SKU_D,856,0,0,450
272,W1,SKU_E,0,0,192,334
272,W2,SKU_A,1924,0,0,984
272,W2,SKU_B,686,0,0,238
272,W2,SKU_C,1917,0,0,511
272,W2,SKU_D,1508,0,0,510
272,W2,SKU_E,1291,0,0,384
272,R1,SKU_A,93,0,0,234
272,R1,SKU_B,207,0,0,79
272,R1,SKU_C,196,0,0,154
272,R1,SKU_D,236,0,0,85
272,R1,SKU_E,224,0,0,49
272,R2,SKU_A,495,0,0,195
272,R2,SKU_B,81,0,0,98
272,R2,SKU_C,289,0,0,83
272,R2,SKU_D,143,0,0,119
272,R2,SKU_E,121,0,0,178
272,R3,SKU_A,748,0,0,596
272,R3,SKU_B,588,0,0,153
272,R3,SKU_C,1779,0,0,278
272,R3,SKU_D,1075,0,0,272
272,R3,SKU_E,1023,0,0,230
273,Supplier,SKU_A,0,0,0,0
273,Supplier,SKU_B,0,0,0,0
273,Supplier,SKU_C,0,0,0,0
273,Supplier,SKU_D,0,0,0,0
273,Supplier,SKU_E,0,0,0,0
273,W1,SKU_A,748,0,0,944
273,W1,SKU_B,1219,0,0,373
273,W1,SKU_C,523,0,0,488
273,W1,SKU_D,856,0,0,426
273,W1,SKU_E,0,0,195,322
273,W2,SKU_A,1933,0,0,936
273,W2,SKU_B,664,0,0,232
273,W2,SKU_C,1892,0,0,481
273,W2,SKU_D,1546,0,0,459
273,W2,SKU_E,1322,0,0,348
273,R1,SKU_A,39,0,0,290
273,R1,SKU_B,176,0,0,115
273,R1,SKU_C,165,0,0,192
273,R1,SKU_D,193,0,0,113
273,R1,SKU_E,197,0,0,69
273,R2,SKU_A,463,0,0,208
273,R2,SKU_B,69,0,0,120
273,R2,SKU_C,266,0,0,98
273,R2,SKU_D,132,0,0,134
273,R2,SKU_E,138,0,0,167
273,R3,SKU_A,677,0,0,675
273,R3,SKU_B,580,0,0,191
273,R3,SKU_C,1764,0,0,333
273,R3,SKU_D,1062,0,0,291
273,R3,SKU_E,1007,0,0,236
274,Supplier,SKU_A,0,0,0,0
274,Supplier,SKU_B,0,0,0,0
274,Supplier,SKU_C,0,0,0,0
274,Supplier,SKU_D,0,0,0,0
274,Supplier,SKU_E,0,0,0,0
274,W1,SKU_A,705,0,0,970
274,W1,SKU_B,1207,0,0,400
274,W1,SKU_C,500,0,0,510
274,W1,SKU_D,818,0,0,453
274,W1,SKU_E,0,0,206,335
274,W2,SKU_A,1932,0,0,945
274,W2,SKU_B,672,0,0,254
274,W2,SKU_C,1925,0,0,488
274,W2,SKU_D,1578,0,0,433
274,W2,SKU_E,1313,0,0,347
274,R1,SKU_A,43,0,0,330
274,R1,SKU_B,195,0,0,127
274,R1,SKU_C,194,0,0,201
274,R1,SKU_D,198,0,0,143
274,R1,SKU_E,201,0,0,87
274,R2,SKU_A,441,0,0,254
274,R2,SKU_B,67,0,0,143
274,R2,SKU_C,255,0,0,119
274,R2,SKU_D,135,0,0,140
274,R2,SKU_E,173,0,0,129
274,R3,SKU_A,711,0,0,729
274,R3,SKU_B,574,0,0,198
274,R3,SKU_C,1776,0,0,347
274,R3,SKU_D,1080,0,0,295
274,R3,SKU_E,996,0,0,263
275,Supplier,SKU_A,0,0,0,0
275,Supplier,SKU_B,0,0,0,0
275,Supplier,SKU_C,0,0,0,0
275,Supplier,SKU_D,0,0,0,0
275,Supplier,SKU_E,0,0,0,0
275,W1,SKU_A,687,0,0,1056
275,W1,SKU_B,1226,0,0,433
275,W1,SKU_C,479,0,0,579
275,W1,SKU_D,831,0,0,484
275,W1,SKU_E,0,0,195,354
275,W2,SKU_A,1963,0,0,1002
275,W2,SKU_B,664,0,0,263
275,W2,SKU_C,1945,0,0,494
275,W2,SKU_D,1591,0,0,442
275,W2,SKU_E,1306,0,0,370
275,R1,SKU_A,99,0,0,284
275,R1,SKU_B,224,0,0,91
275,R1,SKU_C,233,0,0,156
275,R1,SKU_D,224,0,0,123
275,R1,SKU_E,209,0,0,72
275,R2,SKU_A,427,0,0,272
275,R2,SKU_B,79,0,0,130
275,R2,SKU_C,263,0,0,123
275,R2,SKU_D,146,0,0,136
275,R2,SKU_E,211,0,0,103
275,R3,SKU_A,779,0,0,685
275,R3,SKU_B,595,0,0,191
275,R3,SKU_C,1785,0,0,351
275,R3,SKU_D,1070,0,0,305
275,R3,SKU_E,1017,0,0,259
276,Supplier,SKU_A,0,0,0,0
276,Supplier,SKU_B,0,0,0,0
276,Supplier,SKU_C,0,0,0,0
276,Supplier,SKU_D,0,0,0,0
276,Supplier,SKU_E,0,0,0,0
276,W1,SKU_A,679,0,0,1078
276,W1,SKU_B,1222,0,0,429
276,W1,SKU_C,468,0,0,596
276,W1,SKU_D,837,0,0,491
276,W1,SKU_E,0,0,184,337
276,W2,SKU_A,2004,0,0,985
276,W2,SKU_B,671,0,0,270
276,W2,SKU_C,1969,0,0,483
276,W2,SKU_D,1600,0,0,433
276,W2,SKU_E,1323,0,0,370
276,R1,SKU_A,172,0,0,230
276,R1,SKU_B,240,0,0,67
276,R1,SKU_C,289,0,0,124
276,R1,SKU_D,261,0,0,82
276,R1,SKU_E,226,0,0,57
276,R2,SKU_A,441,0,0,263
276,R2,SKU_B,99,0,0,100
276,R2,SKU_C,276,0,0,109
276,R2,SKU_D,163,0,0,116
276,R2,SKU_E,216,0,0,99
276,R3,SKU_A,810,0,0,604
276,R3,SKU_B,599,0,0,174
276,R3,SKU_C,1814,0,0,327
276,R3,SKU_D,1084,0,0,290
276,R3,SKU_E,1037,0,0,241
277,Supplier,SKU_A,0,0,0,0
277,Supplier,SKU_B,0,0,0,0
277,Supplier,SKU_C,0,0,0,0
277,Supplier,SKU_D,0,0,0,0
277,Supplier,SKU_E,0,0,0,0
277,W1,SKU_A,685,0,0,1096
277,W1,SKU_B,1194,0,0,439
277,W1,SKU_C,493,0,0,594
277,W1,SKU_D,838,0,0,483
277,W1,SKU_E,0,0,200,345
277,W2,SKU_A,2012,0,0,927
277,W2,SKU_B,666,0,0,262
277,W2,SKU_C,1999,0,0,458
277,W2,SKU_D,1617,0,0,415
277,W2,SKU_E,1331,0,0,364
277,R1,SKU_A,201,0,0,201
277,R1,SKU_B,234,0,0,82
277,R1,SKU_C,298,0,0,106
277,R1,SKU_D,265,0,0,80
277,R1,SKU_E,216,0,0,62
277,R2,SKU_A,478,0,0,230
277,R2,SKU_B,118,0,0,90
277,R2,SKU_C,294,0,0,88
277,R2,SKU_D,154,0,0,103
277,R2,SKU_E,208,0,0,95
277,R3,SKU_A,875,0,0,534
277,R3,SKU_B,627,0,0,142
277,R3,SKU_C,1871,0,0,243
277,R3,SKU_D,1101,0,0,263
277,R3,SKU_E,1058,0,0,216
278,Supplier,SKU_A,0,0,0,0
278,Supplier,SKU_B,0,0,0,0
278,Supplier,SKU_C,0,0,0,0
278,Supplier,SKU_D,0,0,0,0
278,Supplier,SKU_E,0,0,0,0
278,W1,SKU_A,713,0,0,1072
278,W1,SKU_B,1218,0,0,433
278,W1,SKU_C,535,0,0,540
278,W1,SKU_D,833,0,0,468
278,W1,SKU_E,0,0,198,342
278,W2,SKU_A,2025,0,0,909
278,W2,SKU_B,670,0,0,254
278,W2,SKU_C,1986,0,0,444
278,W2,SKU_D,1596,0,0,426
278,W2,SKU_E,1350,0,0,341
278,R1,SKU_A,210,0,0,182
278,R1,SKU_B,208,0,0,81
278,R1,SKU_C,275,0,0,91
278,R1,SKU_D,249,0,0,82
278,R1,SKU_E,214,0,0,65
278,R2,SKU_A,472,0,0,217
278,R2,SKU_B,79,0,0,92
278,R2,SKU_C,295,0,0,80
278,R2,SKU_D,147,0,0,121
278,R2,SKU_E,200,0,0,91
278,R3,SKU_A,924,0,0,477
278,R3,SKU_B,601,0,0,144
278,R3,SKU_C,1866,0,0,226
278,R3,SKU_D,1108,0,0,252
278,R3,SKU_E,1084,0,0,185
279,Supplier,SKU_A,0,0,0,0
279,Supplier,SKU_B,0,0,0,0
279,Supplier,SKU_C,0,0,0,0
279,Supplier,SKU_D,0,0,0,0
279,Supplier,SKU_E,0,0,0,0
279,W1,SKU_A,777,0,0,979
279,W1,SKU_B,1213,0,0,374
279,W1,SKU_C,554,0,0,476
279,W1,SKU_D,849,0,0,449
279,W1,SKU_E,0,0,194,325
279,W2,SKU_A,2043,0,0,883
279,W2,SKU_B,646,0,0,254
279,W2,SKU_C,1966,0,0,442
279,W2,SKU_D,1596,0,0,422
279,W2,SKU_E,1361,0,0,325
279,R1,SKU_A,147,0,0,192
279,R1,SKU_B,179,0,0,99
279,R1,SKU_C,205,0,0,138
279,R1,SKU_D,207,0,0,94
279,R1,SKU_E,187,0,0,69
279,R2,SKU_A,443,0,0,227
279,R2,SKU_B,53,0,0,130
279,R2,SKU_C,270,0,0,91
279,R2,SKU_D,124,0,0,135
279,R2,SKU_E,189,0,0,104
279,R3,SKU_A,856,0,0,516
279,R3,SKU_B,568,0,0,171
279,R3,SKU_C,1788,0,0,257
279,R3,SKU_D,1028,0,0,267
279,R3,SKU_E,1064,0,0,175
280,Supplier,SKU_A,0,0,0,0
280,Supplier,SKU_B,0,0,0,0
280,Supplier,SKU_C,0,0,0,0
280,Supplier,SKU_D,0,0,0,0
280,Supplier,SKU_E,0,0,0,0
280,W1,SKU_A,786,0,0,898
280,W1,SKU_B,1194,0,0,394
280,W1,SKU_C,537,0,0,456
280,W1,SKU_D,837,0,0,422
280,W1,SKU_E,0,0,217,323
280,W2,SKU_A,2071,0,0,826
280,W2,SKU_B,644,0,0,250
280,W2,SKU_C,1954,0,0,407
280,W2,SKU_D,1544,0,0,409
280,W2,SKU_E,1347,0,0,309
280,R1,SKU_A,92,0,0,255
280,R1,SKU_B,152,0,0,137
280,R1,SKU_C,135,0,0,199
280,R1,SKU_D,163,0,0,138
280,R1,SKU_E,166,0,0,91
280,R2,SKU_A,419,0,0,261
280,R2,SKU_B,25,0,0,146
280,R2,SKU_C,253,0,0,115
280,R2,SKU_D,114,0,0,155
280,R2,SKU_E,163,0,0,109
280,R3,SKU_A,748,0,0,608
280,R3,SKU_B,538,0,0,218
280,R3,SKU_C,1708,0,0,348
280,R3,SKU_D,966,0,0,347
280,R3,SKU_E,1027,0,0,212
281,Supplier,SKU_A,0,0,0,0
281,Supplier,SKU_B,0,0,0,0
281,Supplier,SKU_C,0,0,0,0
281,Supplier,SKU_D,0,0,0,0
281,Supplier,SKU_E,0,0,0,0
281,W1,SKU_A,745,0,0,957
281,W1,SKU_B,1122,0,0,465
281,W1,SKU_C,470,0,0,521
281,W1,SKU_D,791,0,0,478
281,W1,SKU_E,0,0,267,376
281,W2,SKU_A,2075,0,0,806
281,W2,SKU_B,629,0,0,282
281,W2,SKU_C,1913,0,0,459
281,W2,SKU_D,1504,0,0,467
281,W2,SKU_E,1343,0,0,313
281,R1,SKU_A,83,0,0,300
281,R1,SKU_B,164,0,0,137
281,R1,SKU_C,164,0,0,231
281,R1,SKU_D,169,0,0,168
281,R1,SKU_E,166,0,0,109
281,R2,SKU_A,402,0,0,289
281,R2,SKU_B,1,0,0,183
281,R2,SKU_C,249,0,0,129
281,R2,SKU_D,122,0,0,143
281,R2,SKU_E,154,0,0,75
281,R3,SKU_A,704,0,0,666
281,R3,SKU_B,537,0,0,235
281,R3,SKU_C,1652,0,0,433
281,R3,SKU_D,940,0,0,408
281,R3,SKU_E,1009,0,0,251
282,Supplier,SKU_A,0,0,0,0
282,Supplier,SKU_B,0,0,0,0
282,Supplier,SKU_C,0,0,0,0
282,Supplier,SKU_D,0,0,0,0
282,Supplier,SKU_E,0,0,0,0
282,W1,SKU_A,737,0,0,1012
282,W1,SKU_B,1083,0,0,529
282,W1,SKU_C,468,0,0,594
282,W1,SKU_D,764,0,0,537
282,W1,SKU_E,0,0,286,420
282,W2,SKU_A,2005,0,0,890
282,W2,SKU_B,629,0,0,298
282,W2,SKU_C,1875,0,0,526
282,W2,SKU_D,1477,0,0,529
282,W2,SKU_E,1344,0,0,333
282,R1,SKU_A,148,0,0,256
282,R1,SKU_B,199,0,0,114
282,R1,SKU_C,213,0,0,179
282,R1,SKU_D,210,0,0,132
282,R1,SKU_E,190,0,0,90
282,R2,SKU_A,401,0,0,287
282,R2,SKU_B,32,0,0,170
282,R2,SKU_C,253,0,0,126
282,R2,SKU_D,122,0,0,146
282,R2,SKU_E,162,0,0,45
282,R3,SKU_A,702,0,0,705
282,R3,SKU_B,542,0,0,232
282,R3,SKU_C,1640,0,0,462
282,R3,SKU_D,941,0,0,424
282,R3,SKU_E,988,0,0,265
283,Supplier,SKU_A,0,0,0,0
283,Supplier,SKU_B,0,0,0,0
283,Supplier,SKU_C,0,0,0,0
283,Supplier,SKU_D,0,0,0,0
283,Supplier,SKU_E,0,0,0,0
283,W1,SKU_A,723,0,0,1044
283,W1,SKU_B,1092,0,0,550
283,W1,SKU_C,441,0,0,619
283,W1,SKU_D,752,0,0,557
283,W1,SKU_E,0,0,295,431
283,W2,SKU_A,1948,0,0,984
283,W2,SKU_B,617,0,0,312
283,W2,SKU_C,1841,0,0,577
283,W2,SKU_D,1467,0,0,556
283,W2,SKU_E,1321,0,0,349
283,R1,SKU_A,172,0,0,199
283,R1,SKU_B,223,0,0,90
283,R1,SKU_C,270,0,0,121
283,R1,SKU_D,230,0,0,91
283,R1,SKU_E,203,0,0,71
283,R2,SKU_A,411,0,0,269
283,R2,SKU_B,36,0,0,151
283,R2,SKU_C,271,0,0,108
283,R2,SKU_D,139,0,0,137
283,R2,SKU_E,140,0,0,53
283,R3,SKU_A,687,0,0,699
283,R3,SKU_B,560,0,0,203
283,R3,SKU_C,1654,0,0,452
283,R3,SKU_D,912,0,0,419
283,R3,SKU_E,977,0,0,281
284,Supplier,SKU_A,0,0,0,0
284,Supplier,SKU_B,0,0,0,0
284,Supplier,SKU_C,0,0,0,0
284,Supplier,SKU_D,0,0,0,0
284,Supplier,SKU_E,0,0,0,0
284,W1,SKU_A,664,0,0,1062
284,W1,SKU_B,1068,0,0,559
284,W1,SKU_C,425,0,0,634
284,W1,SKU_D,747,0,0,549
284,W1,SKU_E,0,0,314,439
284,W2,SKU_A,1920,0,0,991
284,W2,SKU_B,607,0,0,311
284,W2,SKU_C,1806,0,0,616
284,W2,SKU_D,1424,0,0,565
284,W2,SKU_E,1301,0,0,374
284,R1,SKU_A,176,0,0,211
284,R1,SKU_B,230,0,0,78
284,R1,SKU_C,252,0,0,125
284,R1,SKU_D,230,0,0,107
284,R1,SKU_E,210,0,0,72
284,R2,SKU_A,429,0,0,269
284,R2,SKU_B,59,0,0,135
284,R2,SKU_C,279,0,0,97
284,R2,SKU_D,139,0,0,130
284,R2,SKU_E,84,0,0,81
284,R3,SKU_A,725,0,0,685
284,R3,SKU_B,587,0,0,179
284,R3,SKU_C,1712,0,0,391
284,R3,SKU_D,974,0,0,383
284,R3,SKU_E,997,0,0,262
285,Supplier,SKU_A,0,0,0,0
285,Supplier,SKU_B,0,0,0,0
285,Supplier,SKU_C,0,0,0,0
285,Supplier,SKU_D,0,0,0,0
285,Supplier,SKU_E,0,0,0,0
285,W1,SKU_A,668,0,0,1092
285,W1,SKU_B,1110,0,0,519
285,W1,SKU_C,437,0,0,605
285,W1,SKU_D,754,0,0,551
285,W1,SKU_E,0,0,321,445
285,W2,SKU_A,1921,0,0,1014
285,W2,SKU_B,604,0,0,317
285,W2,SKU_C,1795,0,0,624
285,W2,SKU_D,1417,0,0,598
285,W2,SKU_E,1286,0,0,390
285,R1,SKU_A,161,0,0,228
285,R1,SKU_B,225,0,0,83
285,R1,SKU_C,229,0,0,140
285,R1,SKU_D,211,0,0,112
285,R1,SKU_E,211,0,0,70
285,R2,SKU_A,439,0,0,262
285,R2,SKU_B,46,0,0,125
285,R2,SKU_C,275,0,0,99
285,R2,SKU_D,124,0,0,126
285,R2,SKU_E,55,0,0,110
285,R3,SKU_A,735,0,0,631
285,R3,SKU_B,605,0,0,169
285,R3,SKU_C,1724,0,0,344
285,R3,SKU_D,989,0,0,339
285,R3,SKU_E,1012,0,0,242
286,Supplier,SKU_A,0,0,0,0
286,Supplier,SKU_B,0,0,0,0
286,Supplier,SKU_C,0,0,0,0
286,Supplier,SKU_D,0,0,0,0
286,Supplier,SKU_E,0,0,0,0
286,W1,SKU_A,749,0,0,1016
286,W1,SKU_B,1128,0,0,478
286,W1,SKU_C,476,0,0,556
286,W1,SKU_D,767,0,0,505
286,W1,SKU_E,0,0,297,427
286,W2,SKU_A,1886,0,0,1005
286,W2,SKU_B,633,0,0,296
286,W2,SKU_C,1771,0,0,613
286,W2,SKU_D,1385,0,0,601
286,W2,SKU_E,1271,0,0,400
286,R1,SKU_A,110,0,0,210
286,R1,SKU_B,172,0,0,88
286,R1,SKU_C,164,0,0,162
286,R1,SKU_D,202,0,0,110
286,R1,SKU_E,186,0,0,63
286,R2,SKU_A,413,0,0,249
286,R2,SKU_B,18,0,0,156
286,R2,SKU_C,268,0,0,104
286,R2,SKU_D,126,0,0,144
286,R2,SKU_E,43,0,0,150
286,R3,SKU_A,686,0,0,635
286,R3,SKU_B,594,0,0,167
286,R3,SKU_C,1677,0,0,361
286,R3,SKU_D,935,0,0,359
286,R3,SKU_E,984,0,0,248
287,Supplier,SKU_A,0,0,0,0
287,Supplier,SKU_B,0,0,0,0
287,Supplier,SKU_C,0,0,0,0
287,Supplier,SKU_D,0,0,0,0
287,Supplier,SKU_E,0,0,0,0
287,W1,SKU_A,704,0,0,953
287,W1,SKU_B,1102,0,0,459
287,W1,SKU_C,472,0,0,515
287,W1,SKU_D,779,0,0,502
287,W1,SKU_E,0,0,304,406
287,W2,SKU_A,1835,0,0,1011
287,W2,SKU_B,655,0,0,261
287,W2,SKU_C,1764,0,0,590
287,W2,SKU_D,1384,0,0,568
287,W2,SKU_E,1264,0,0,385
287,R1,SKU_A,71,0,0,277
287,R1,SKU_B,138,0,0,136
287,R1,SKU_C,142,0,0,213
287,R1,SKU_D,195,0,0,135
287,R1,SKU_E,164,0,0,96
287,R2,SKU_A,397,0,0,267
287,R2,SKU_B,0,1,0,169
287,R2,SKU_C,249,0,0,111
287,R2,SKU_D,115,0,0,150
287,R2,SKU_E,33,0,0,160
287,R3,SKU_A,623,0,0,721
287,R3,SKU_B,575,0,0,180
287,R3,SKU_C,1633,0,0,425
287,R3,SKU_D,884,0,0,430
287,R3,SKU_E,948,0,0,269
288,Supplier,SKU_A,0,0,0,0
288,Supplier,SKU_B,0,0,0,0
288,Supplier,SKU_C,0,0,0,0
288,Supplier,SKU_D,0,0,0,0
288,Supplier,SKU_E,0,0,0,0
288,W1,SKU_A,642,0,0,1045
288,W1,SKU_B,1059,0,0,510
288,W1,SKU_C,414,0,0,590
288,W1,SKU_D,772,0,0,522
288,W1,SKU_E,0,0,318,438
288,W2,SKU_A,1823,0,0,1046
288,W2,SKU_B,654,0,0,256
288,W2,SKU_C,1766,0,0,608
288,W2,SKU_D,1385,0,0,587
288,W2,SKU_E,1242,0,0,392
288,R1,SKU_A,71,0,0,318
288,R1,SKU_B,135,0,0,170
288,R1,SKU_C,156,0,0,227
288,R1,SKU_D,205,0,0,128
288,R1,SKU_E,163,0,0,117
288,R2,SKU_A,384,0,0,301
288,R2,SKU_B,0,20,0,195
288,R2,SKU_C,237,0,0,127
288,R2,SKU_D,115,0,0,154
288,R2,SKU_E,40,0,0,135
288,R3,SKU_A,630,0,0,763
288,R3,SKU_B,584,0,0,188
288,R3,SKU_C,1632,0,0,473
288,R3,SKU_D,905,0,0,447
288,R3,SKU_E,939,0,0,310
289,Supplier,SKU_A,0,0,0,0
289,Supplier,SKU_B,0,0,0,0
289,Supplier,SKU_C,0,0,0,0
289,Supplier,SKU_D,0,0,0,0
289,Supplier,SKU_E,0,0,0,0
289,W1,SKU_A,624,0,0,1125
289,W1,SKU_B,1024,0,0,583
289,W1,SKU_C,390,0,0,646
289,W1,SKU_D,764,0,0,537
289,W1,SKU_E,0,0,318,454
289,W2,SKU_A,1846,0,0,1072
289,W2,SKU_B,654,0,0,273
289,W2,SKU_C,1786,0,0,635
289,W2,SKU_D,1389,0,0,621
289,W2,SKU_E,1231,0,0,435
289,R1,SKU_A,146,0,0,249
289,R1,SKU_B,186,0,0,125
289,R1,SKU_C,190,0,0,170
289,R1,SKU_D,237,0,0,107
289,R1,SKU_E,196,0,0,86
289,R2,SKU_A,371,0,0,317
289,R2,SKU_B,0,5,0,191
289,R2,SKU_C,238,0,0,137
289,R2,SKU_D,123,0,0,135
289,R2,SKU_E,73,0,0,104
289,R3,SKU_A,601,0,0,780
289,R3,SKU_B,571,0,0,182
289,R3,SKU_C,1616,0,0,471
289,R3,SKU_D,904,0,0,452
289,R3,SKU_E,930,0,0,320
290,Supplier,SKU_A,0,0,0,0
290,Supplier,SKU_B,0,0,0,0
290,Supplier,SKU_C,0,0,0,0
290,Supplier,SKU_D,0,0,0,0
290,Supplier,SKU_E,0,0,0,0
290,W1,SKU_A,656,0,0,1102
290,W1,SKU_B,1021,0,0,603
290,W1,SKU_C,355,0,0,669
290,W1,SKU_D,769,0,0,532
290,W1,SKU_E,0,0,303,443
290,W2,SKU_A,1820,0,0,1086
290,W2,SKU_B,633,0,0,275
290,W2,SKU_C,1771,0,0,632
290,W2,SKU_D,1380,0,0,634
290,W2,SKU_E,1228,0,0,439
290,R1,SKU_A,171,0,0,202
290,R1,SKU_B,211,0,0,88
290,R1,SKU_C,192,0,0,165
290,R1,SKU_D,241,0,0,93
290,R1,SKU_E,200,0,0,64
290,R2,SKU_A,382,0,0,291
290,R2,SKU_B,0,4,0,179
290,R2,SKU_C,225,0,0,134
290,R2,SKU_D,115,0,0,147
290,R2,SKU_E,34,0,0,121
290,R3,SKU_A,611,0,0,765
290,R3,SKU_B,544,0,0,203
290,R3,SKU_C,1598,0,0,452
290,R3,SKU_D,897,0,0,424
290,R3,SKU_E,902,0,0,324
291,Supplier,SKU_A,0,0,0,0
291,Supplier,SKU_B,0,0,0,0
291,Supplier,SKU_C,0,0,0,0
291,Supplier,SKU_D,0,0,0,0
291,Supplier,SKU_E,0,0,0,0
291,W1,SKU_A,617,0,0,1104
291,W1,SKU_B,993,0,0,608
291,W1,SKU_C,318,0,0,687
291,W1,SKU_D,759,0,0,536
291,W1,SKU_E,0,0,342,427
291,W2,SKU_A,1810,0,0,1091
291,W2,SKU_B,617,0,0,285
291,W2,SKU_C,1715,0,0,651
291,W2,SKU_D,1370,0,0,609
291,W2,SKU_E,1196,0,0,447
291,R1,SKU_A,114,0,0,218
291,R1,SKU_B,194,0,0,94
291,R1,SKU_C,148,0,0,191
291,R1,SKU_D,222,0,0,92
291,R1,SKU_E,173,0,0,80
291,R2,SKU_A,387,0,0,282
291,R2,SKU_B,23,0,0,172
291,R2,SKU_C,226,0,0,135
291,R2,SKU_D,106,0,0,150
291,R2,SKU_E,0,17,0,135
291,R3,SKU_A,591,0,0,710
291,R3,SKU_B,522,0,0,217
291,R3,SKU_C,1602,0,0,440
291,R3,SKU_D,903,0,0,397
291,R3,SKU_E,881,0,0,330
292,Supplier,SKU_A,0,0,0,0
292,Supplier,SKU_B,0,0,0,0
292,Supplier,SKU_C,0,0,0,0
292,Supplier,SKU_D,0,0,0,0
292,Supplier,SKU_E,0,0,0,0
292,W1,SKU_A,528,0,0,1148
292,W1,SKU_B,997,0,0,613
292,W1,SKU_C,275,0,0,714
292,W1,SKU_D,756,0,0,513
292,W1,SKU_E,0,0,396,472
292,W2,SKU_A,1701,0,0,1125
292,W2,SKU_B,590,0,0,304
292,W2,SKU_C,1654,0,0,704
292,W2,SKU_D,1313,0,0,645
292,W2,SKU_E,1148,0,0,480
292,R1,SKU_A,53,0,0,281
292,R1,SKU_B,176,0,0,117
292,R1,SKU_C,140,0,0,212
292,R1,SKU_D,213,0,0,122
292,R1,SKU_E,161,0,0,109
292,R2,SKU_A,384,0,0,298
292,R2,SKU_B,30,0,0,152
292,R2,SKU_C,223,0,0,138
292,R2,SKU_D,108,0,0,163
292,R2,SKU_E,0,39,0,114
292,R3,SKU_A,547,0,0,753
292,R3,SKU_B,503,0,0,233
292,R3,SKU_C,1551,0,0,456
292,R3,SKU_D,906,0,0,411
292,R3,SKU_E,882,0,0,336
293,Supplier,SKU_A,0,0,0,0
293,Supplier,SKU_B,0,0,0,0
293,Supplier,SKU_C,0,0,0,0
293,Supplier,SKU_D,0,0,0,0
293,Supplier,SKU_E,0,0,0,0
293,W1,SKU_A,562,0,0,1129
293,W1,SKU_B,1038,0,0,564
293,W1,SKU_C,290,0,0,712
293,W1,SKU_D,780,0,0,525
293,W1,SKU_E,0,0,394,498
293,W2,SKU_A,1635,0,0,1190
293,W2,SKU_B,552,0,0,339
293,W2,SKU_C,1593,0,0,730
293,W2,SKU_D,1302,0,0,673
293,W2,SKU_E,1112,0,0,523
293,R1,SKU_A,0,33,0,320
293,R1,SKU_B,158,0,0,123
293,R1,SKU_C,84,0,0,217
293,R1,SKU_D,199,0,0,121
293,R1,SKU_E,143,0,0,103
293,R2,SKU_A,347,0,0,304
293,R2,SKU_B,15,0,0,156
293,R2,SKU_C,197,0,0,152
293,R2,SKU_D,97,0,0,150
293,R2,SKU_E,0,59,0,125
293,R3,SKU_A,400,0,0,846
293,R3,SKU_B,488,0,0,269
293,R3,SKU_C,1469,0,0,554
293,R3,SKU_D,848,0,0,446
293,R3,SKU_E,850,0,0,367
294,Supplier,SKU_A,0,0,0,0
294,Supplier,SKU_B,0,0,0,0
294,Supplier,SKU_C,0,0,0,0
294,Supplier,SKU_D,0,0,0,0
294,Supplier,SKU_E,0,0,0,0
294,W1,SKU_A,488,0,0,1125
294,W1,SKU_B,1048,0,0,531
294,W1,SKU_C,225,0,0,714
294,W1,SKU_D,752,0,0,514
294,W1,SKU_E,0,0,445,514
294,W2,SKU_A,1560,0,0,1211
294,W2,SKU_B,548,0,0,364
294,W2,SKU_C,1578,0,0,761
294,W2,SKU_D,1302,0,0,650
294,W2,SKU_E,1097,0,0,537
294,R1,SKU_A,0,63,0,365
294,R1,SKU_B,148,0,0,130
294,R1,SKU_C,60,0,0,255
294,R1,SKU_D,181,0,0,115
294,R1,SKU_E,154,0,0,110
294,R2,SKU_A,331,0,0,326
294,R2,SKU_B,23,0,0,160
294,R2,SKU_C,195,0,0,162
294,R2,SKU_D,101,0,0,165
294,R2,SKU_E,0,93,0,111
294,R3,SKU_A,345,0,0,981
294,R3,SKU_B,460,0,0,265
294,R3,SKU_C,1396,0,0,618
294,R3,SKU_D,798,0,0,508
294,R3,SKU_E,797,0,0,400
295,Supplier,SKU_A,0,0,0,0
295,Supplier,SKU_B,0,0,0,0
295,Supplier,SKU_C,0,0,0,0
295,Supplier,SKU_D,0,0,0,0
295,Supplier,SKU_E,0,0,0,0
295,W1,SKU_A,373,0,0,1261
295,W1,SKU_B,1029,0,0,559
295,W1,SKU_C,150,0,0,811
295,W1,SKU_D,712,0,0,549
295,W1,SKU_E,0,0,491,581
295,W2,SKU_A,1542,0,0,1309
295,W2,SKU_B,518,0,0,362
295,W2,SKU_C,1534,0,0,796
295,W2,SKU_D,1294,0,0,670
295,W2,SKU_E,1077,0,0,537
295,R1,SKU_A,0,55,0,397
295,R1,SKU_B,127,0,0,145
295,R1,SKU_C,50,0,0,292
295,R1,SKU_D,166,0,0,154
295,R1,SKU_E,146,0,0,116
295,R2,SKU_A,321,0,0,338
295,R2,SKU_B,0,8,0,172
295,R2,SKU_C,203,0,0,166
295,R2,SKU_D,84,0,0,155
295,R2,SKU_E,0,121,0,116
295,R3,SKU_A,332,0,0,1031
295,R3,SKU_B,460,0,0,287
295,R3,SKU_C,1392,0,0,654
295,R3,SKU_D,821,0,0,523
295,R3,SKU_E,782,0,0,429
296,Supplier,SKU_A,0,0,0,0
296,Supplier,SKU_B,0,0,0,0
296,Supplier,SKU_C,0,0,0,0
296,Supplier,SKU_D,0,0,0,0
296,Supplier,SKU_E,0,0,0,0
296,W1,SKU_A,291,0,0,1385
296,W1,SKU_B,968,0,0,595
296,W1,SKU_C,126,0,0,874
296,W1,SKU_D,669,0,0,589
296,W1,SKU_E,0,0,520,631
296,W2,SKU_A,1512,0,0,1376
296,W2,SKU_B,493,0,0,409
296,W2,SKU_C,1475,0,0,887
296,W2,SKU_D,1286,0,0,716
296,W2,SKU_E,1039,0,0,589
296,R1,SKU_A,34,0,0,342
296,R1,SKU_B,156,0,0,154
296,R1,SKU_C,125,0,0,251
296,R1,SKU_D,170,0,0,154
296,R1,SKU_E,180,0,0,100
296,R2,SKU_A,325,0,0,361
296,R2,SKU_B,0,13,0,190
296,R2,SKU_C,201,0,0,158
296,R2,SKU_D,81,0,0,187
296,R2,SKU_E,0,100,0,70
296,R3,SKU_A,407,0,0,969
296,R3,SKU_B,476,0,0,279
296,R3,SKU_C,1411,0,0,650
296,R3,SKU_D,852,0,0,479
296,R3,SKU_E,803,0,0,429
297,Supplier,SKU_A,0,0,0,0
297,Supplier,SKU_B,0,0,0,0
297,Supplier,SKU_C,0,0,0,0
297,Supplier,SKU_D,0,0,0,0
297,Supplier,SKU_E,0,0,0,0
297,W1,SKU_A,307,0,0,1430
297,W1,SKU_B,981,0,0,633
297,W1,SKU_C,145,0,0,879
297,W1,SKU_D,665,0,0,626
297,W1,SKU_E,0,0,472,605
297,W2,SKU_A,1507,0,0,1394
297,W2,SKU_B,495,0,0,415
297,W2,SKU_C,1449,0,0,928
297,W2,SKU_D,1261,0,0,728
297,W2,SKU_E,1021,0,0,628
297,R1,SKU_A,99,0,0,268
297,R1,SKU_B,184,0,0,122
297,R1,SKU_C,168,0,0,190
297,R1,SKU_D,203,0,0,126
297,R1,SKU_E,192,0,0,84
297,R2,SKU_A,358,0,0,326
297,R2,SKU_B,5,0,0,184
297,R2,SKU_C,227,0,0,148
297,R2,SKU_D,91,0,0,166
297,R2,SKU_E,0,121,0,139
297,R3,SKU_A,514,0,0,893
297,R3,SKU_B,500,0,0,260
297,R3,SKU_C,1496,0,0,596
297,R3,SKU_D,897,0,0,465
297,R3,SKU_E,834,0,0,415
298,Supplier,SKU_A,0,0,0,0
298,Supplier,SKU_B,0,0,0,0
298,Supplier,SKU_C,0,0,0,0
298,Supplier,SKU_D,0,0,0,0
298,Supplier,SKU_E,0,0,0,0
298,W1,SKU_A,357,0,0,1369
298,W1,SKU_B,993,0,0,629
298,W1,SKU_C,178,0,0,844
298,W1,SKU_D,681,0,0,604
298,W1,SKU_E,0,0,419,548
298,W2,SKU_A,1538,0,0,1394
298,W2,SKU_B,508,0,0,407
298,W2,SKU_C,1491,0,0,917
298,W2,SKU_D,1302,0,0,718
298,W2,SKU_E,1044,0,0,622
298,R1,SKU_A,130,0,0,243
298,R1,SKU_B,215,0,0,88
298,R1,SKU_C,192,0,0,174
298,R1,SKU_D,227,0,0,117
298,R1,SKU_E,194,0,0,70
298,R2,SKU_A,412,0,0,299
298,R2,SKU_B,25,0,0,178
298,R2,SKU_C,245,0,0,130
298,R2,SKU_D,100,0,0,175
298,R2,SKU_E,0,145,0,211
298,R3,SKU_A,700,0,0,732
298,R3,SKU_B,490,0,0,257
298,R3,SKU_C,1549,0,0,527
298,R3,SKU_D,945,0,0,397
298,R3,SKU_E,834,0,0,383
299,Supplier,SKU_A,0,0,0,0
299,Supplier,SKU_B,0,0,0,0
299,Supplier,SKU_C,0,0,0,0
299,Supplier,SKU_D,0,0,0,0
299,Supplier,SKU_E,0,0,0,0
299,W1,SKU_A,425,0,0,1334
299,W1,SKU_B,1024,0,0,609
299,W1,SKU_C,206,0,0,824
299,W1,SKU_D,694,0,0,624
299,W1,SKU_E,0,0,411,523
299,W2,SKU_A,1669,0,0,1288
299,W2,SKU_B,516,0,0,386
299,W2,SKU_C,1525,0,0,867
299,W2,SKU_D,1344,0,0,656
299,W2,SKU_E,1050,0,0,584
299,R1,SKU_A,119,0,0,246
299,R1,SKU_B,199,0,0,95
299,R1,SKU_C,150,0,0,184
299,R1,SKU_D,233,0,0,97
299,R1,SKU_E,186,0,0,86
299,R2,SKU_A,454,0,0,247
299,R2,SKU_B,53,0,0,139
299,R2,SKU_C,249,0,0,124
299,R2,SKU_D,122,0,0,139
299,R2,SKU_E,0,171,0,249
299,R3,SKU_A,726,0,0,626
299,R3,SKU_B,498,0,0,235
299,R3,SKU_C,1611,0,0,465
299,R3,SKU_D,940,0,0,361
299,R3,SKU_E,857,0,0,363
300,Supplier,SKU_A,0,0,0,0
300,Supplier,SKU_B,0,0,0,0
300,Supplier,SKU_C,0,0,0,0
300,Supplier,SKU_D,0,0,0,0
300,Supplier,SKU_E,0,0,0,0
300,W1,SKU_A,553,0,0,1188
300,W1,SKU_B,1058,0,0,555
300,W1,SKU_C,263,0,0,733
300,W1,SKU_D,718,0,0,572
300,W1,SKU_E,0,0,356,480
300,W2,SKU_A,1721,0,0,1156
300,W2,SKU_B,513,0,0,375
300,W2,SKU_C,1594,0,0,798
300,W2,SKU_D,1328,0,0,631
300,W2,SKU_E,1052,0,0,585
300,R1,SKU_A,86,0,0,248
300,R1,SKU_B,162,0,0,107
300,R1,SKU_C,94,0,0,208
300,R1,SKU_D,205,0,0,96
300,R1,SKU_E,157,0,0,90
300,R2,SKU_A,433,0,0,232
300,R2,SKU_B,66,0,0,124
300,R2,SKU_C,245,0,0,110
300,R2,SKU_D,111,0,0,146
300,R2,SKU_E,0,128,0,257
300,R3,SKU_A,642,0,0,637
300,R3,SKU_B,466,0,0,249
300,R3,SKU_C,1533,0,0,435
300,R3,SKU_D,859,0,0,404
300,R3,SKU_E,859,0,0,354
301,Supplier,SKU_A,0,0,0,0
301,Supplier,SKU_B,0,0,0,0
301,Supplier,SKU_C,0,0,0,0
301,Supplier,SKU_D,0,0,0,0
301,Supplier,SKU_E,0,0,0,0
301,W1,SKU_A,593,0,0,1081
301,W1,SKU_B,1056,0,0,530
301,W1,SKU_C,248,0,0,698
301,W1,SKU_D,714,0,0,543
301,W1,SKU_E,0,0,351,446
301,W2,SKU_A,1754,0,0,1050
301,W2,SKU_B,471,0,0,399
301,W2,SKU_C,1539,0,0,745
301,W2,SKU_D,1297,0,0,624
301,W2,SKU_E,1048,0,0,582
301,R1,SKU_A,23,0,0,287
301,R1,SKU_B,135,0,0,141
301,R1,SKU_C,53,0,0,272
301,R1,SKU_D,168,0,0,139
301,R1,SKU_E,156,0,0,107
301,R2,SKU_A,436,0,0,251
301,R2,SKU_B,36,0,0,123
301,R2,SKU_C,215,0,0,130
301,R2,SKU_D,115,0,0,146
301,R2,SKU_E,0,85,0,214
301,R3,SKU_A,557,0,0,734
301,R3,SKU_B,474,0,0,289
301,R3,SKU_C,1507,0,0,528
301,R3,SKU_D,842,0,0,472
301,R3,SKU_E,841,0,0,373
302,Supplier,SKU_A,0,0,0,0
302,Supplier,SKU_B,0,0,0,0
302,Supplier,SKU_C,0,0,0,0
302,Supplier,SKU_D,0,0,0,0
302,Supplier,SKU_E,0,0,0,0
302,W1,SKU_A,589,0,0,1083
302,W1,SKU_B,1055,0,0,507
302,W1,SKU_C,207,0,0,752
302,W1,SKU_D,723,0,0,544
302,W1,SKU_E,0,0,356,462
302,W2,SKU_A,1719,0,0,1097
302,W2,SKU_B,509,0,0,409
302,W2,SKU_C,1560,0,0,791
302,W2,SKU_D,1305,0,0,667
302,W2,SKU_E,1065,0,0,566
302,R1,SKU_A,49,0,0,342
302,R1,SKU_B,134,0,0,159
302,R1,SKU_C,93,0,0,281
302,R1,SKU_D,170,0,0,162
302,R1,SKU_E,158,0,0,116
302,R2,SKU_A,416,0,0,275
302,R2,SKU_B,23,0,0,167
302,R2,SKU_C,214,0,0,160
302,R2,SKU_D,107,0,0,160
302,R2,SKU_E,0,90,0,206
302,R3,SKU_A,552,0,0,850
302,R3,SKU_B,474,0,0,286
302,R3,SKU_C,1528,0,0,585
302,R3,SKU_D,857,0,0,520
302,R3,SKU_E,829,0,0,408
303,Supplier,SKU_A,0,0,0,0
303,Supplier,SKU_B,0,0,0,0
303,Supplier,SKU_C,0,0,0,0
303,Supplier,SKU_D,0,0,0,0
303,Supplier,SKU_E,0,0,0,0
303,W1,SKU_A,609,0,0,1148
303,W1,SKU_B,1051,0,0,559
303,W1,SKU_C,220,0,0,817
303,W1,SKU_D,730,0,0,568
303,W1,SKU_E,0,0,380,489
303,W2,SKU_A,1758,0,0,1169
303,W2,SKU_B,522,0,0,393
303,W2,SKU_C,1627,0,0,802
303,W2,SKU_D,1338,0,0,697
303,W2,SKU_E,1091,0,0,563
303,R1,SKU_A,91,0,0,285
303,R1,SKU_B,174,0,0,135
303,R1,SKU_C,164,0,0,209
303,R1,SKU_D,204,0,0,131
303,R1,SKU_E,181,0,0,89
303,R2,SKU_A,419,0,0,285
303,R2,SKU_B,25,0,0,169
303,R2,SKU_C,210,0,0,159
303,R2,SKU_D,116,0,0,154
303,R2,SKU_E,0,42,0,144
303,R3,SKU_A,482,0,0,880
303,R3,SKU_B,488,0,0,273
303,R3,SKU_C,1561,0,0,548
303,R3,SKU_D,854,0,0,485
303,R3,SKU_E,871,0,0,388
304,Supplier,SKU_A,0,0,0,0
304,Supplier,SKU_B,0,0,0,0
304,Supplier,SKU_C,0,0,0,0
304,Supplier,SKU_D,0,0,0,0
304,Supplier,SKU_E,0,0,0,0
304,W1,SKU_A,638,0,0,1117
304,W1,SKU_B,1059,0,0,571
304,W1,SKU_C,229,0,0,802
304,W1,SKU_D,749,0,0,555
304,W1,SKU_E,0,0,394,509
304,W2,SKU_A,1744,0,0,1143
304,W2,SKU_B,528,0,0,388
304,W2,SKU_C,1675,0,0,750
304,W2,SKU_D,1346,0,0,651
304,W2,SKU_E,1118,0,0,558
304,R1,SKU_A,165,0,0,219
304,R1,SKU_B,213,0,0,102
304,R1,SKU_C,234,0,0,161
304,R1,SKU_D,240,0,0,103
304,R1,SKU_E,201,0,0,82
304,R2,SKU_A,466,0,0,246
304,R2,SKU_B,24,0,0,165
304,R2,SKU_C,232,0,0,145
304,R2,SKU_D,126,0,0,141
304,R2,SKU_E,0,47,0,128
304,R3,SKU_A,535,0,0,870
304,R3,SKU_B,503,0,0,245
304,R3,SKU_C,1578,0,0,515
304,R3,SKU_D,913,0,0,447
304,R3,SKU_E,888,0,0,349
305,Supplier,SKU_A,0,0,0,0
305,Supplier,SKU_B,0,0,0,0
305,Supplier,SKU_C,0,0,0,0
305,Supplier,SKU_D,0,0,0,0
305,Supplier,SKU_E,0,0,0,0
305,W1,SKU_A,650,0,0,1121
305,W1,SKU_B,1057,0,0,574
305,W1,SKU_C,260,0,0,801
305,W1,SKU_D,740,0,0,569
305,W1,SKU_E,0,0,385,506
305,W2,SKU_A,1742,0,0,1188
305,W2,SKU_B,516,0,0,387
305,W2,SKU_C,1676,0,0,733
305,W2,SKU_D,1344,0,0,674
305,W2,SKU_E,1106,0,0,548
305,R1,SKU_A,129,0,0,226
305,R1,SKU_B,220,0,0,80
305,R1,SKU_C,241,0,0,140
305,R1,SKU_D,227,0,0,92
305,R1,SKU_E,192,0,0,73
305,R2,SKU_A,467,0,0,221
305,R2,SKU_B,45,0,0,135
305,R2,SKU_C,251,0,0,113
305,R2,SKU_D,119,0,0,135
305,R2,SKU_E,0,45,0,147
305,R3,SKU_A,643,0,0,744
305,R3,SKU_B,525,0,0,212
305,R3,SKU_C,1686,0,0,390
305,R3,SKU_D,989,0,0,350
305,R3,SKU_E,909,0,0,325
306,Supplier,SKU_A,0,0,0,0
306,Supplier,SKU_B,0,0,0,0
306,Supplier,SKU_C,0,0,0,0
306,Supplier,SKU_D,0,0,0,0
306,Supplier,SKU_E,0,0,0,0
306,W1,SKU_A,627,0,0,1091
306,W1,SKU_B,1051,0,0,556
306,W1,SKU_C,298,0,0,736
306,W1,SKU_D,722,0,0,550
306,W1,SKU_E,0,0,394,509
306,W2,SKU_A,1697,0,0,1215
306,W2,SKU_B,506,0,0,386
306,W2,SKU_C,1676,0,0,716
306,W2,SKU_D,1341,0,0,656
306,W2,SKU_E,1123,0,0,528
306,R1,SKU_A,112,0,0,247
306,R1,SKU_B,203,0,0,89
306,R1,SKU_C,237,0,0,132
306,R1,SKU_D,221,0,0,108
306,R1,SKU_E,182,0,0,78
306,R2,SKU_A,471,0,0,224
306,R2,SKU_B,38,0,0,145
306,R2,SKU_C,251,0,0,123
306,R2,SKU_D,118,0,0,148
306,R2,SKU_E,0,57,0,147
306,R3,SKU_A,745,0,0,648
306,R3,SKU_B,513,0,0,238
306,R3,SKU_C,1728,0,0,349
306,R3,SKU_D,994,0,0,325
306,R3,SKU_E,912,0,0,305
307,Supplier,SKU_A,0,0,0,0
307,Supplier,SKU_B,0,0,0,0
307,Supplier,SKU_C,0,0,0,0
307,Supplier,SKU_D,0,0,0,0
307,Supplier,SKU_E,0,0,0,0
307,W1,SKU_A,682,0,0,1047
307,W1,SKU_B,1067,0,0,535
307,W1,SKU_C,384,0,0,648
307,W1,SKU_D,759,0,0,535
307,W1,SKU_E,0,0,382,489
307,W2,SKU_A,1738,0,0,1180
307,W2,SKU_B,524,0,0,382
307,W2,SKU_C,1677,0,0,716
307,W2,SKU_D,1359,0,0,618
307,W2,SKU_E,1120,0,0,514
307,R1,SKU_A,52,0,0,272
307,R1,SKU_B,144,0,0,112
307,R1,SKU_C,150,0,0,158
307,R1,SKU_D,179,0,0,122
307,R1,SKU_E,160,0,0,101
307,R2,SKU_A,426,0,0,233
307,R2,SKU_B,15,0,0,156
307,R2,SKU_C,233,0,0,118
307,R2,SKU_D,89,0,0,152
307,R2,SKU_E,0,77,0,171
307,R3,SKU_A,635,0,0,657
307,R3,SKU_B,503,0,0,247
307,R3,SKU_C,1664,0,0,385
307,R3,SKU_D,920,0,0,383
307,R3,SKU_E,864,0,0,325
308,Supplier,SKU_A,0,0,0,0
308,Supplier,SKU_B,0,0,0,0
308,Supplier,SKU_C,0,0,0,0
308,Supplier,SKU_D,0,0,0,0
308,Supplier,SKU_E,0,0,0,0
308,W1,SKU_A,668,0,0,990
308,W1,SKU_B,1059,0,0,495
308,W1,SKU_C,373,0,0,575
308,W1,SKU_D,733,0,0,508
308,W1,SKU_E,0,0,388,488
308,W2,SKU_A,1751,0,0,1066
308,W2,SKU_B,559,0,0,346
308,W2,SKU_C,1758,0,0,607
308,W2,SKU_D,1399,0,0,562
308,W2,SKU_E,1096,0,0,510
308,R1,SKU_A,24,0,0,303
308,R1,SKU_B,90,0,0,156
308,R1,SKU_C,78,0,0,231
308,R1,SKU_D,159,0,0,140
308,R1,SKU_E,146,0,0,105
308,R2,SKU_A,381,0,0,286
308,R2,SKU_B,1,0,0,174
308,R2,SKU_C,217,0,0,144
308,R2,SKU_D,83,0,0,178
308,R2,SKU_E,0,52,0,155
308,R3,SKU_A,607,0,0,727
308,R3,SKU_B,460,0,0,258
308,R3,SKU_C,1617,0,0,445
308,R3,SKU_D,903,0,0,419
308,R3,SKU_E,807,0,0,395
309,Supplier,SKU_A,0,0,0,0
309,Supplier,SKU_B,0,0,0,0
309,Supplier,SKU_C,0,0,0,0
309,Supplier,SKU_D,0,0,0,0
309,Supplier,SKU_E,0,0,0,0
309,W1,SKU_A,580,0,0,1089
309,W1,SKU_B,997,0,0,551
309,W1,SKU_C,295,0,0,664
309,W1,SKU_D,694,0,0,565
309,W1,SKU_E,0,0,392,497
309,W2,SKU_A,1794,0,0,1065
309,W2,SKU_B,514,0,0,359
309,W2,SKU_C,1785,0,0,593
309,W2,SKU_D,1407,0,0,573
309,W2,SKU_E,1084,0,0,535
309,R1,SKU_A,51,0,0,335
309,R1,SKU_B,88,0,0,202
309,R1,SKU_C,109,0,0,291
309,R1,SKU_D,171,0,0,170
309,R1,SKU_E,157,0,0,114
309,R2,SKU_A,386,0,0,307
309,R2,SKU_B,5,0,0,179
309,R2,SKU_C,221,0,0,147
309,R2,SKU_D,91,0,0,171
309,R2,SKU_E,0,53,0,156
309,R3,SKU_A,584,0,0,798
309,R3,SKU_B,459,0,0,288
309,R3,SKU_C,1599,0,0,476
309,R3,SKU_D,896,0,0,457
309,R3,SKU_E,813,0,0,430
310,Supplier,SKU_A,0,0,0,0
310,Supplier,SKU_B,0,0,0,0
310,Supplier,SKU_C,0,0,0,0
310,Supplier,SKU_D,0,0,0,0
310,Supplier,SKU_E,0,0,0,0
310,W1,SKU_A,579,0,0,1175
310,W1,SKU_B,968,0,0,633
310,W1,SKU_C,321,0,0,736
310,W1,SKU_D,692,0,0,610
310,W1,SKU_E,0,0,378,507
310,W2,SKU_A,1774,0,0,1133
310,W2,SKU_B,501,0,0,401
310,W2,SKU_C,1747,0,0,644
310,W2,SKU_D,1383,0,0,628
310,W2,SKU_E,1090,0,0,570
310,R1,SKU_A,110,0,0,273
310,R1,SKU_B,143,0,0,168
310,R1,SKU_C,199,0,0,199
310,R1,SKU_D,216,0,0,130
310,R1,SKU_E,164,0,0,104
310,R2,SKU_A,363,0,0,309
310,R2,SKU_B,1,0,0,178
310,R2,SKU_C,217,0,0,153
310,R2,SKU_D,84,0,0,175
310,R2,SKU_E,0,51,0,147
310,R3,SKU_A,569,0,0,803
310,R3,SKU_B,470,0,0,278
310,R3,SKU_C,1613,0,0,477
310,R3,SKU_D,919,0,0,443
310,R3,SKU_E,807,0,0,421
311,Supplier,SKU_A,0,0,0,0
311,Supplier,SKU_B,0,0,0,0
311,Supplier,SKU_C,0,0,0,0
311,Supplier,SKU_D,0,0,0,0
311,Supplier,SKU_E,0,0,0,0
311,W1,SKU_A,538,0,0,1192
311,W1,SKU_B,954,0,0,663
311,W1,SKU_C,317,0,0,740
311,W1,SKU_D,687,0,0,617
311,W1,SKU_E,0,0,394,499
311,W2,SKU_A,1784,0,0,1113
311,W2,SKU_B,488,0,0,415
311,W2,SKU_C,1728,0,0,678
311,W2,SKU_D,1406,0,0,614
311,W2,SKU_E,1059,0,0,586
311,R1,SKU_A,145,0,0,217
311,R1,SKU_B,202,0,0,103
311,R1,SKU_C,273,0,0,110
311,R1,SKU_D,258,0,0,83
311,R1,SKU_E,185,0,0,87
311,R2,SKU_A,384,0,0,296
311,R2,SKU_B,32,0,0,170
311,R2,SKU_C,231,0,0,134
311,R2,SKU_D,107,0,0,157
311,R2,SKU_E,0,59,0,139
311,R3,SKU_A,572,0,0,824
311,R3,SKU_B,473,0,0,281
311,R3,SKU_C,1639,0,0,464
311,R3,SKU_D,950,0,0,400
311,R3,SKU_E,832,0,0,410
312,Supplier,SKU_A,0,0,0,0
312,Supplier,SKU_B,0,0,0,0
312,Supplier,SKU_C,0,0,0,0
312,Supplier,SKU_D,0,0,0,0
312,Supplier,SKU_E,0,0,0,0
312,W1,SKU_A,537,0,0,1180
312,W1,SKU_B,981,0,0,653
312,W1,SKU_C,320,0,0,717
312,W1,SKU_D,719,0,0,585
312,W1,SKU_E,0,0,400,509
312,W2,SKU_A,1775,0,0,1146
312,W2,SKU_B,494,0,0,415
312,W2,SKU_C,1738,0,0,681
312,W2,SKU_D,1396,0,0,612
312,W2,SKU_E,1064,0,0,595
312,R1,SKU_A,115,0,0,241
312,R1,SKU_B,190,0,0,88
312,R1,SKU_C,235,0,0,127
312,R1,SKU_D,239,0,0,83
312,R1,SKU_E,174,0,0,86
312,R2,SKU_A,396,0,0,283
312,R2,SKU_B,50,0,0,143
312,R2,SKU_C,232,0,0,130
312,R2,SKU_D,106,0,0,154
312,R2,SKU_E,0,83,0,154
312,R3,SKU_A,639,0,0,720
312,R3,SKU_B,443,0,0,277
312,R3,SKU_C,1654,0,0,410
312,R3,SKU_D,992,0,0,353
312,R3,SKU_E,880,0,0,357
313,Supplier,SKU_A,0,0,0,0
313,Supplier,SKU_B,0,0,0,0
313,Supplier,SKU_C,0,0,0,0
313,Supplier,SKU_D,0,0,0,0
313,Supplier,SKU_E,0,0,0,0
313,W1,SKU_A,518,0,0,1192
313,W1,SKU_B,977,0,0,621
313,W1,SKU_C,301,0,0,712
313,W1,SKU_D,706,0,0,575
313,W1,SKU_E,0,0,413,507
313,W2,SKU_A,1747,0,0,1137
313,W2,SKU_B,477,0,0,398
313,W2,SKU_C,1726,0,0,654
313,W2,SKU_D,1402,0,0,601
313,W2,SKU_E,1067,0,0,587
313,R1,SKU_A,116,0,0,268
313,R1,SKU_B,166,0,0,121
313,R1,SKU_C,210,0,0,163
313,R1,SKU_D,220,0,0,107
313,R1,SKU_E,155,0,0,94
313,R2,SKU_A,389,0,0,297
313,R2,SKU_B,65,0,0,134
313,R2,SKU_C,249,0,0,136
313,R2,SKU_D,103,0,0,156
313,R2,SKU_E,0,86,0,151
313,R3,SKU_A,671,0,0,695
313,R3,SKU_B,447,0,0,275
313,R3,SKU_C,1678,0,0,408
313,R3,SKU_D,995,0,0,330
313,R3,SKU_E,895,0,0,322
314,Supplier,SKU_A,0,0,0,0
314,Supplier,SKU_B,0,0,0,0
314,Supplier,SKU_C,0,0,0,0
314,Supplier,SKU_D,0,0,0,0
314,Supplier,SKU_E,0,0,0,0
314,W1,SKU_A,605,0,0,1140
314,W1,SKU_B,1036,0,0,577
314,W1,SKU_C,400,0,0,647
314,W1,SKU_D,750,0,0,535
314,W1,SKU_E,0,0,423,513
314,W2,SKU_A,1720,0,0,1171
314,W2,SKU_B,448,0,0,429
314,W2,SKU_C,1735,0,0,667
314,W2,SKU_D,1408,0,0,575
314,W2,SKU_E,1067,0,0,567
314,R1,SKU_A,87,0,0,246
314,R1,SKU_B,124,0,0,139
314,R1,SKU_C,161,0,0,173
314,R1,SKU_D,190,0,0,121
314,R1,SKU_E,134,0,0,117
314,R2,SKU_A,398,0,0,283
314,R2,SKU_B,53,0,0,114
314,R2,SKU_C,239,0,0,121
314,R2,SKU_D,75,0,0,156
314,R2,SKU_E,0,101,0,153
314,R3,SKU_A,638,0,0,711
314,R3,SKU_B,434,0,0,300
314,R3,SKU_C,1650,0,0,397
314,R3,SKU_D,960,0,0,358
314,R3,SKU_E,843,0,0,348
315,Supplier,SKU_A,0,0,0,0
315,Supplier,SKU_B,0,0,0,0
315,Supplier,SKU_C,0,0,0,0
315,Supplier,SKU_D,0,0,0,0
315,Supplier,SKU_E,0,0,0,0
315,W1,SKU_A,625,0,0,1064
315,W1,SKU_B,1045,0,0,512
315,W1,SKU_C,424,0,0,559
315,W1,SKU_D,732,0,0,509
315,W1,SKU_E,0,0,439,528
315,W2,SKU_A,1777,0,0,1097
315,W2,SKU_B,432,0,0,457
315,W2,SKU_C,1733,0,0,630
315,W2,SKU_D,1423,0,0,553
315,W2,SKU_E,1069,0,0,539
315,R1,SKU_A,40,0,0,269
315,R1,SKU_B,107,0,0,154
315,R1,SKU_C,106,0,0,201
315,R1,SKU_D,154,0,0,132
315,R1,SKU_E,121,0,0,126
315,R2,SKU_A,386,0,0,282
315,R2,SKU_B,31,0,0,149
315,R2,SKU_C,217,0,0,126
315,R2,SKU_D,66,0,0,189
315,R2,SKU_E,0,112,0,142
315,R3,SKU_A,594,0,0,734
315,R3,SKU_B,433,0,0,314
315,R3,SKU_C,1576,0,0,440
315,R3,SKU_D,943,0,0,402
315,R3,SKU_E,843,0,0,385
316,Supplier,SKU_A,0,0,0,0
316,Supplier,SKU_B,0,0,0,0
316,Supplier,SKU_C,0,0,0,0
316,Supplier,SKU_D,0,0,0,0
316,Supplier,SKU_E,0,0,0,0
316,W1,SKU_A,523,0,0,1129
316,W1,SKU_B,1012,0,0,556
316,W1,SKU_C,306,0,0,633
316,W1,SKU_D,670,0,0,570
316,W1,SKU_E,0,0,489,568
316,W2,SKU_A,1771,0,0,1082
316,W2,SKU_B,461,0,0,441
316,W2,SKU_C,1687,0,0,645
316,W2,SKU_D,1446,0,0,557
316,W2,SKU_E,1095,0,0,550
316,R1,SKU_A,35,0,0,344
316,R1,SKU_B,128,0,0,180
316,R1,SKU_C,130,0,0,267
316,R1,SKU_D,157,0,0,173
316,R1,SKU_E,134,0,0,128
316,R2,SKU_A,378,0,0,293
316,R2,SKU_B,23,0,0,162
316,R2,SKU_C,226,0,0,145
316,R2,SKU_D,68,0,0,194
316,R2,SKU_E,0,118,0,107
316,R3,SKU_A,585,0,0,802
316,R3,SKU_B,407,0,0,321
316,R3,SKU_C,1572,0,0,527
316,R3,SKU_D,927,0,0,407
316,R3,SKU_E,833,0,0,399
317,Supplier,SKU_A,0,0,0,0
317,Supplier,SKU_B,0,0,0,0
317,Supplier,SKU_C,0,0,0,0
317,Supplier,SKU_D,0,0,0,0
317,Supplier,SKU_E,0,0,0,0
317,W1,SKU_A,518,0,0,1207
317,W1,SKU_B,1015,0,0,605
317,W1,SKU_C,306,0,0,751
317,W1,SKU_D,657,0,0,634
317,W1,SKU_E,0,0,491,594
317,W2,SKU_A,1776,0,0,1136
317,W2,SKU_B,442,0,0,441
317,W2,SKU_C,1711,0,0,704
317,W2,SKU_D,1427,0,0,565
317,W2,SKU_E,1084,0,0,565
317,R1,SKU_A,87,0,0,298
317,R1,SKU_B,169,0,0,135
317,R1,SKU_C,188,0,0,204
317,R1,SKU_D,173,0,0,154
317,R1,SKU_E,156,0,0,117
317,R2,SKU_A,378,0,0,308
317,R2,SKU_B,12,0,0,176
317,R2,SKU_C,202,0,0,159
317,R2,SKU_D,84,0,0,191
317,R2,SKU_E,0,130,0,115
317,R3,SKU_A,621,0,0,774
317,R3,SKU_B,437,0,0,313
317,R3,SKU_C,1626,0,0,492
317,R3,SKU_D,952,0,0,418
317,R3,SKU_E,822,0,0,404
318,Supplier,SKU_A,0,0,0,0
318,Supplier,SKU_B,0,0,0,0
318,Supplier,SKU_C,0,0,0,0
318,Supplier,SKU_D,0,0,0,0
318,Supplier,SKU_E,0,0,0,0
318,W1,SKU_A,547,0,0,1199
318,W1,SKU_B,1000,0,0,619
318,W1,SKU_C,311,0,0,731
318,W1,SKU_D,654,0,0,647
318,W1,SKU_E,0,0,488,600
318,W2,SKU_A,1799,0,0,1121
318,W2,SKU_B,444,0,0,461
318,W2,SKU_C,1739,0,0,695
318,W2,SKU_D,1435,0,0,593
318,W2,SKU_E,1082,0,0,561
318,R1,SKU_A,155,0,0,222
318,R1,SKU_B,198,0,0,92
318,R1,SKU_C,269,0,0,119
318,R1,SKU_D,227,0,0,113
318,R1,SKU_E,180,0,0,91
318,R2,SKU_A,386,0,0,303
318,R2,SKU_B,25,0,0,155
318,R2,SKU_C,224,0,0,158
318,R2,SKU_D,121,0,0,147
318,R2,SKU_E,0,145,0,133
318,R3,SKU_A,642,0,0,745
318,R3,SKU_B,459,0,0,285
318,R3,SKU_C,1655,0,0,460
318,R3,SKU_D,991,0,0,373
318,R3,SKU_E,844,0,0,395
319,Supplier,SKU_A,0,0,0,0
319,Supplier,SKU_B,0,0,0,0
319,Supplier,SKU_C,0,0,0,0
319,Supplier,SKU_D,0,0,0,0
319,Supplier,SKU_E,0,0,0,0
319,W1,SKU_A,578,0,0,1163
319,W1,SKU_B,999,0,0,598
319,W1,SKU_C,357,0,0,702
319,W1,SKU_D,680,0,0,627
319,W1,SKU_E,0,0,472,582
319,W2,SKU_A,1790,0,0,1122
319,W2,SKU_B,434,0,0,465
319,W2,SKU_C,1751,0,0,680
319,W2,SKU_D,1449,0,0,573
319,W2,SKU_E,1079,0,0,577
319,R1,SKU_A,131,0,0,224
319,R1,SKU_B,185,0,0,110
319,R1,SKU_C,241,0,0,128
319,R1,SKU_D,218,0,0,103
319,R1,SKU_E,173,0,0,82
319,R2,SKU_A,408,0,0,282
319,R2,SKU_B,38,0,0,155
319,R2,SKU_C,243,0,0,119
319,R2,SKU_D,149,0,0,134
319,R2,SKU_E,0,174,0,192
319,R3,SKU_A,666,0,0,707
319,R3,SKU_B,458,0,0,275
319,R3,SKU_C,1703,0,0,392
319,R3,SKU_D,1013,0,0,327
319,R3,SKU_E,880,0,0,347
320,Supplier,SKU_A,0,0,0,0
320,Supplier,SKU_B,0,0,0,0
320,Supplier,SKU_C,0,0,0,0
320,Supplier,SKU_D,0,0,0,0
320,Supplier,SKU_E,0,0,0,0
320,W1,SKU_A,553,0,0,1167
320,W1,SKU_B,1001,0,0,614
320,W1,SKU_C,330,0,0,690
320,W1,SKU_D,698,0,0,605
320,W1,SKU_E,0,0,454,562
320,W2,SKU_A,1804,0,0,1094
320,W2,SKU_B,447,0,0,441
320,W2,SKU_C,1782,0,0,629
320,W2,SKU_D,1444,0,0,554
320,W2,SKU_E,1069,0,0,575
320,R1,SKU_A,123,0,0,254
320,R1,SKU_B,163,0,0,119
320,R1,SKU_C,195,0,0,151
320,R1,SKU_D,221,0,0,109
320,R1,SKU_E,158,0,0,100
320,R2,SKU_A,434,0,0,263
320,R2,SKU_B,35,0,0,147
320,R2,SKU_C,248,0,0,128
320,R2,SKU_D,153,0,0,113
320,R2,SKU_E,0,162,0,200
320,R3,SKU_A,692,0,0,662
320,R3,SKU_B,438,0,0,289
320,R3,SKU_C,1742,0,0,313
320,R3,SKU_D,1016,0,0,332
320,R3,SKU_E,866,0,0,348
321,Supplier,SKU_A,0,0,0,0
321,Supplier,SKU_B,0,0,0,0
321,Supplier,SKU_C,0,0,0,0
321,Supplier,SKU_D,0,0,0,0
321,Supplier,SKU_E,0,0,0,0
321,W1,SKU_A,613,0,0,1136
321,W1,SKU_B,1035,0,0,556
321,W1,SKU_C,358,0,0,653
321,W1,SKU_D,752,0,0,543
321,W1,SKU_E,0,0,430,543
321,W2,SKU_A,1792,0,0,1087
321,W2,SKU_B,452,0,0,430
321,W2,SKU_C,1751,0,0,620
321,W2,SKU_D,1467,0,0,539
321,W2,SKU_E,1066,0,0,565
321,R1,SKU_A,75,0,0,254
321,R1,SKU_B,122,0,0,127
321,R1,SKU_C,122,0,0,193
321,R1,SKU_D,176,0,0,119
321,R1,SKU_E,135,0,0,113
321,R2,SKU_A,399,0,0,252
321,R2,SKU_B,29,0,0,153
321,R2,SKU_C,249,0,0,113
321,R2,SKU_D,121,0,0,122
321,R2,SKU_E,0,173,0,205
321,R3,SKU_A,637,0,0,695
321,R3,SKU_B,417,0,0,290
321,R3,SKU_C,1686,0,0,357
321,R3,SKU_D,989,0,0,318
321,R3,SKU_E,835,0,0,366
322,Supplier,SKU_A,0,0,0,0
322,Supplier,SKU_B,0,0,0,0
322,Supplier,SKU_C,0,0,0,0
322,Supplier,SKU_D,0,0,0,0
322,Supplier,SKU_E,0,0,0,0
322,W1,SKU_A,616,0,0,1039
322,W1,SKU_B,1025,0,0,533
322,W1,SKU_C,385,0,0,581
322,W1,SKU_D,749,0,0,488
322,W1,SKU_E,0,0,436,509
322,W2,SKU_A,1775,0,0,1082
322,W2,SKU_B,425,0,0,437
322,W2,SKU_C,1747,0,0,612
322,W2,SKU_D,1456,0,0,509
322,W2,SKU_E,1076,0,0,542
322,R1,SKU_A,68,0,0,280
322,R1,SKU_B,113,0,0,173
322,R1,SKU_C,85,0,0,247
322,R1,SKU_D,159,0,0,145
322,R1,SKU_E,121,0,0,120
322,R2,SKU_A,364,0,0,290
322,R2,SKU_B,46,0,0,151
322,R2,SKU_C,229,0,0,133
322,R2,SKU_D,110,0,0,147
322,R2,SKU_E,0,157,0,197
322,R3,SKU_A,579,0,0,758
322,R3,SKU_B,397,0,0,333
322,R3,SKU_C,1600,0,0,432
322,R3,SKU_D,914,0,0,381
322,R3,SKU_E,837,0,0,391
323,Supplier,SKU_A,0,0,0,0
323,Supplier,SKU_B,0,0,0,0
323,Supplier,SKU_C,0,0,0,0
323,Supplier,SKU_D,0,0,0,0
323,Supplier,SKU_E,0,0,0,0
323,W1,SKU_A,568,0,0,1109
323,W1,SKU_B,1015,0,0,595
323,W1,SKU_C,311,0,0,672
323,W1,SKU_D,718,0,0,542
323,W1,SKU_E,0,0,459,539
323,W2,SKU_A,1784,0,0,1078
323,W2,SKU_B,408,0,0,477
323,W2,SKU_C,1763,0,0,585
323,W2,SKU_D,1406,0,0,547
323,W2,SKU_E,1076,0,0,569
323,R1,SKU_A,54,0,0,309
323,R1,SKU_B,122,0,0,169
323,R1,SKU_C,110,0,0,261
323,R1,SKU_D,141,0,0,171
323,R1,SKU_E,121,0,0,137
323,R2,SKU_A,369,0,0,326
323,R2,SKU_B,40,0,0,147
323,R2,SKU_C,232,0,0,133
323,R2,SKU_D,89,0,0,173
323,R2,SKU_E,0,145,0,170
323,R3,SKU_A,551,0,0,808
323,R3,SKU_B,388,0,0,347
323,R3,SKU_C,1549,0,0,515
323,R3,SKU_D,888,0,0,450
323,R3,SKU_E,839,0,0,402
324,Supplier,SKU_A,0,0,0,0
324,Supplier,SKU_B,0,0,0,0
324,Supplier,SKU_C,0,0,0,0
324,Supplier,SKU_D,0,0,0,0
324,Supplier,SKU_E,0,0,0,0
324,W1,SKU_A,555,0,0,1178
324,W1,SKU_B,1001,0,0,604
324,W1,SKU_C,294,0,0,731
324,W1,SKU_D,690,0,0,583
324,W1,SKU_E,0,0,466,571
324,W2,SKU_A,1756,0,0,1128
324,W2,SKU_B,415,0,0,475
324,W2,SKU_C,1728,0,0,652
324,W2,SKU_D,1410,0,0,586
324,W2,SKU_E,1085,0,0,573
324,R1,SKU_A,102,0,0,275
324,R1,SKU_B,168,0,0,127
324,R1,SKU_C,163,0,0,205
324,R1,SKU_D,181,0,0,154
324,R1,SKU_E,127,0,0,127
324,R2,SKU_A,384,0,0,328
324,R2,SKU_B,46,0,0,142
324,R2,SKU_C,233,0,0,144
324,R2,SKU_D,96,0,0,177
324,R2,SKU_E,0,145,0,147
324,R3,SKU_A,546,0,0,822
324,R3,SKU_B,407,0,0,345
324,R3,SKU_C,1506,0,0,546
324,R3,SKU_D,891,0,0,452
324,R3,SKU_E,856,0,0,388
325,Supplier,SKU_A,0,0,0,0
325,Supplier,SKU_B,0,0,0,0
325,Supplier,SKU_C,0,0,0,0
325,Supplier,SKU_D,0,0,0,0
325,Supplier,SKU_E,0,0,0,0
325,W1,SKU_A,578,0,0,1186
325,W1,SKU_B,1014,0,0,596
325,W1,SKU_C,269,0,0,765
325,W1,SKU_D,690,0,0,617
325,W1,SKU_E,0,0,491,576
325,W2,SKU_A,1729,0,0,1164
325,W2,SKU_B,417,0,0,490
325,W2,SKU_C,1662,0,0,706
325,W2,SKU_D,1383,0,0,618
325,W2,SKU_E,1103,0,0,558
325,R1,SKU_A,138,0,0,246
325,R1,SKU_B,184,0,0,118
325,R1,SKU_C,221,0,0,169
325,R1,SKU_D,208,0,0,123
325,R1,SKU_E,163,0,0,114
325,R2,SKU_A,432,0,0,267
325,R2,SKU_B,48,0,0,136
325,R2,SKU_C,222,0,0,129
325,R2,SKU_D,126,0,0,147
325,R2,SKU_E,0,131,0,122
325,R3,SKU_A,575,0,0,808
325,R3,SKU_B,430,0,0,320
325,R3,SKU_C,1535,0,0,549
325,R3,SKU_D,883,0,0,457
325,R3,SKU_E,885,0,0,358
326,Supplier,SKU_A,0,0,0,0
326,Supplier,SKU_B,0,0,0,0
326,Supplier,SKU_C,0,0,0,0
326,Supplier,SKU_D,0,0,0,0
326,Supplier,SKU_E,0,0,0,0
326,W1,SKU_A,616,0,0,1142
326,W1,SKU_B,1012,0,0,601
326,W1,SKU_C,279,0,0,751
326,W1,SKU_D,690,0,0,613
326,W1,SKU_E,0,0,477,599
326,W2,SKU_A,1725,0,0,1183
326,W2,SKU_B,423,0,0,482
326,W2,SKU_C,1631,0,0,769
326,W2,SKU_D,1359,0,0,639
326,W2,SKU_E,1107,0,0,553
326,R1,SKU_A,142,0,0,225
326,R1,SKU_B,197,0,0,107
326,R1,SKU_C,221,0,0,150
326,R1,SKU_D,223,0,0,104
326,R1,SKU_E,174,0,0,95
326,R2,SKU_A,462,0,0,222
326,R2,SKU_B,26,0,0,149
326,R2,SKU_C,201,0,0,140
326,R2,SKU_D,137,0,0,131
326,R2,SKU_E,0,142,0,153
326,R3,SKU_A,619,0,0,757
326,R3,SKU_B,471,0,0,277
326,R3,SKU_C,1544,0,0,508
326,R3,SKU_D,944,0,0,424
326,R3,SKU_E,912,0,0,316
327,Supplier,SKU_A,0,0,0,0
327,Supplier,SKU_B,0,0,0,0
327,Supplier,SKU_C,0,0,0,0
327,Supplier,SKU_D,0,0,0,0
327,Supplier,SKU_E,0,0,0,0
327,W1,SKU_A,593,0,0,1133
327,W1,SKU_B,1027,0,0,579
327,W1,SKU_C,269,0,0,732
327,W1,SKU_D,689,0,0,605
327,W1,SKU_E,0,0,470,590
327,W2,SKU_A,1728,0,0,1173
327,W2,SKU_B,438,0,0,465
327,W2,SKU_C,1588,0,0,780
327,W2,SKU_D,1387,0,0,639
327,W2,SKU_E,1108,0,0,537
327,R1,SKU_A,141,0,0,235
327,R1,SKU_B,193,0,0,98
327,R1,SKU_C,212,0,0,147
327,R1,SKU_D,208,0,0,112
327,R1,SKU_E,191,0,0,80
327,R2,SKU_A,479,0,0,233
327,R2,SKU_B,24,0,0,161
327,R2,SKU_C,184,0,0,164
327,R2,SKU_D,141,0,0,125
327,R2,SKU_E,0,155,0,163
327,R3,SKU_A,647,0,0,718
327,R3,SKU_B,468,0,0,259
327,R3,SKU_C,1570,0,0,488
327,R3,SKU_D,968,0,0,351
327,R3,SKU_E,910,0,0,316
328,Supplier,SKU_A,0,0,0,0
328,Supplier,SKU_B,0,0,0,0
328,Supplier,SKU_C,0,0,0,0
328,Supplier,SKU_D,0,0,0,0
328,Supplier,SKU_E,0,0,0,0
328,W1,SKU_A,701,0,0,1062
328,W1,SKU_B,1072,0,0,531
328,W1,SKU_C,299,0,0,697
328,W1,SKU_D,737,0,0,548
328,W1,SKU_E,0,0,431,543
328,W2,SKU_A,1739,0,0,1151
328,W2,SKU_B,438,0,0,444
328,W2,SKU_C,1591,0,0,783
328,W2,SKU_D,1358,0,0,619
328,W2,SKU_E,1120,0,0,523
328,R1,SKU_A,121,0,0,243
328,R1,SKU_B,164,0,0,109
328,R1,SKU_C,163,0,0,178
328,R1,SKU_D,205,0,0,123
328,R1,SKU_E,171,0,0,86
328,R2,SKU_A,445,0,0,233
328,R2,SKU_B,9,0,0,164
328,R2,SKU_C,139,0,0,193
328,R2,SKU_D,116,0,0,132
328,R2,SKU_E,0,170,0,217
328,R3,SKU_A,647,0,0,712
328,R3,SKU_B,471,0,0,267
328,R3,SKU_C,1545,0,0,494
328,R3,SKU_D,954,0,0,370
328,R3,SKU_E,883,0,0,331
329,Supplier,SKU_A,0,0,0,0
329,Supplier,SKU_B,0,0,0,0
329,Supplier,SKU_C,0,0,0,0
329,Supplier,SKU_D,0,0,0,0
329,Supplier,SKU_E,0,0,0,0
329,W1,SKU_A,741,0,0,976
329,W1,SKU_B,1035,0,0,538
329,W1,SKU_C,278,0,0,684
329,W1,SKU_D,752,0,0,523
329,W1,SKU_E,0,0,413,511
329,W2,SKU_A,1766,0,0,1118
329,W2,SKU_B,469,0,0,424
329,W2,SKU_C,1587,0,0,768
329,W2,SKU_D,1375,0,0,607
329,W2,SKU_E,1133,0,0,498
329,R1,SKU_A,131,0,0,246
329,R1,SKU_B,140,0,0,140
329,R1,SKU_C,131,0,0,208
329,R1,SKU_D,203,0,0,122
329,R1,SKU_E,147,0,0,98
329,R2,SKU_A,414,0,0,254
329,R2,SKU_B,3,0,0,175
329,R2,SKU_C,135,0,0,212
329,R2,SKU_D,106,0,0,157
329,R2,SKU_E,0,166,0,225
329,R3,SKU_A,620,0,0,721
329,R3,SKU_B,451,0,0,281
329,R3,SKU_C,1567,0,0,507
329,R3,SKU_D,967,0,0,389
329,R3,SKU_E,857,0,0,361
330,Supplier,SKU_A,0,0,0,0
330,Supplier,SKU_B,0,0,0,0
330,Supplier,SKU_C,0,0,0,0
330,Supplier,SKU_D,0,0,0,0
330,Supplier,SKU_E,0,0,0,0
330,W1,SKU_A,728,0,0,992
330,W1,SKU_B,1015,0,0,570
330,W1,SKU_C,228,0,0,747
330,W1,SKU_D,766,0,0,521
330,W1,SKU_E,0,0,438,518
330,W2,SKU_A,1770,0,0,1096
330,W2,SKU_B,471,0,0,416
330,W2,SKU_C,1629,0,0,761
330,W2,SKU_D,1436,0,0,578
330,W2,SKU_E,1123,0,0,512
330,R1,SKU_A,150,0,0,245
330,R1,SKU_B,164,0,0,151
330,R1,SKU_C,172,0,0,228
330,R1,SKU_D,230,0,0,117
330,R1,SKU_E,151,0,0,124
330,R2,SKU_A,439,0,0,270
330,R2,SKU_B,16,0,0,172
330,R2,SKU_C,164,0,0,206
330,R2,SKU_D,107,0,0,162
330,R2,SKU_E,0,145,0,209
330,R3,SKU_A,640,0,0,763
330,R3,SKU_B,465,0,0,299
330,R3,SKU_C,1581,0,0,517
330,R3,SKU_D,990,0,0,373
330,R3,SKU_E,843,0,0,386
331,Supplier,SKU_A,0,0,0,0
331,Supplier,SKU_B,0,0,0,0
331,Supplier,SKU_C,0,0,0,0
331,Supplier,SKU_D,0,0,0,0
331,Supplier,SKU_E,0,0,0,0
331,W1,SKU_A,743,0,0,1036
331,W1,SKU_B,1035,0,0,595
331,W1,SKU_C,253,0,0,806
331,W1,SKU_D,774,0,0,541
331,W1,SKU_E,0,0,383,523
331,W2,SKU_A,1814,0,0,1114
331,W2,SKU_B,500,0,0,419
331,W2,SKU_C,1663,0,0,751
331,W2,SKU_D,1461,0,0,560
331,W2,SKU_E,1111,0,0,535
331,R1,SKU_A,174,0,0,214
331,R1,SKU_B,196,0,0,109
331,R1,SKU_C,227,0,0,169
331,R1,SKU_D,225,0,0,98
331,R1,SKU_E,171,0,0,106
331,R2,SKU_A,410,0,0,273
331,R2,SKU_B,9,0,0,169
331,R2,SKU_C,159,0,0,184
331,R2,SKU_D,110,0,0,159
331,R2,SKU_E,0,106,0,201
331,R3,SKU_A,678,0,0,736
331,R3,SKU_B,465,0,0,283
331,R3,SKU_C,1634,0,0,471
331,R3,SKU_D,984,0,0,378
331,R3,SKU_E,840,0,0,385
332,Supplier,SKU_A,0,0,0,0
332,Supplier,SKU_B,0,0,0,0
332,Supplier,SKU_C,0,0,0,0
332,Supplier,SKU_D,0,0,0,0
332,Supplier,SKU_E,0,0,0,0
332,W1,SKU_A,731,0,0,1015
332,W1,SKU_B,1032,0,0,578
332,W1,SKU_C,251,0,0,777
332,W1,SKU_D,762,0,0,529
332,W1,SKU_E,0,0,387,505
332,W2,SKU_A,1860,0,0,1079
332,W2,SKU_B,496,0,0,407
332,W2,SKU_C,1716,0,0,705
332,W2,SKU_D,1480,0,0,540
332,W2,SKU_E,1092,0,0,550
332,R1,SKU_A,151,0,0,203
332,R1,SKU_B,210,0,0,84
332,R1,SKU_C,258,0,0,112
332,R1,SKU_D,218,0,0,100
332,R1,SKU_E,206,0,0,74
332,R2,SKU_A,417,0,0,268
332,R2,SKU_B,30,0,0,164
332,R2,SKU_C,187,0,0,173
332,R2,SKU_D,137,0,0,138
332,R2,SKU_E,0,84,0,179
332,R3,SKU_A,733,0,0,687
332,R3,SKU_B,488,0,0,262
332,R3,SKU_C,1704,0,0,424
332,R3,SKU_D,1030,0,0,335
332,R3,SKU_E,861,0,0,386
333,Supplier,SKU_A,0,0,0,0
333,Supplier,SKU_B,0,0,0,0
333,Supplier,SKU_C,0,0,0,0
333,Supplier,SKU_D,0,0,0,0
333,Supplier,SKU_E,0,0,0,0
333,W1,SKU_A,719,0,0,995
333,W1,SKU_B,1041,0,0,574
333,W1,SKU_C,269,0,0,750
333,W1,SKU_D,760,0,0,532
333,W1,SKU_E,0,0,382,507
333,W2,SKU_A,1897,0,0,1048
333,W2,SKU_B,496,0,0,409
333,W2,SKU_C,1760,0,0,684
333,W2,SKU_D,1505,0,0,518
333,W2,SKU_E,1096,0,0,568
333,R1,SKU_A,115,0,0,244
333,R1,SKU_B,214,0,0,105
333,R1,SKU_C,223,0,0,142
333,R1,SKU_D,185,0,0,129
333,R1,SKU_E,202,0,0,69
333,R2,SKU_A,420,0,0,251
333,R2,SKU_B,35,0,0,148
333,R2,SKU_C,209,0,0,160
333,R2,SKU_D,145,0,0,126
333,R2,SKU_E,0,92,0,199
333,R3,SKU_A,773,0,0,626
333,R3,SKU_B,497,0,0,250
333,R3,SKU_C,1763,0,0,335
333,R3,SKU_D,1058,0,0,294
333,R3,SKU_E,893,0,0,353
334,Supplier,SKU_A,0,0,0,0
334,Supplier,SKU_B,0,0,0,0
334,Supplier,SKU_C,0,0,0,0
334,Supplier,SKU_D,0,0,0,0
334,Supplier,SKU_E,0,0,0,0
334,W1,SKU_A,661,0,0,1044
334,W1,SKU_B,1067,0,0,562
334,W1,SKU_C,296,0,0,727
334,W1,SKU_D,759,0,0,525
334,W1,SKU_E,0,0,371,494
334,W2,SKU_A,1920,0,0,1004
334,W2,SKU_B,495,0,0,407
334,W2,SKU_C,1806,0,0,608
334,W2,SKU_D,1489,0,0,521
334,W2,SKU_E,1114,0,0,549
334,R1,SKU_A,54,0,0,273
334,R1,SKU_B,177,0,0,91
334,R1,SKU_C,172,0,0,173
334,R1,SKU_D,160,0,0,138
334,R1,SKU_E,186,0,0,75
334,R2,SKU_A,383,0,0,289
334,R2,SKU_B,17,0,0,153
334,R2,SKU_C,177,0,0,161
334,R2,SKU_D,115,0,0,124
334,R2,SKU_E,0,67,0,168
334,R3,SKU_A,749,0,0,568
334,R3,SKU_B,472,0,0,235
334,R3,SKU_C,1671,0,0,311
334,R3,SKU_D,1005,0,0,298
334,R3,SKU_E,883,0,0,325
335,Supplier,SKU_A,0,0,0,0
335,Supplier,SKU_B,0,0,0,0
335,Supplier,SKU_C,0,0,0,0
335,Supplier,SKU_D,0,0,0,0
335,Supplier,SKU_E,0,0,0,0
335,W1,SKU_A,618,0,0,1056
335,W1,SKU_B,1059,0,0,506
335,W1,SKU_C,306,0,0,666
335,W1,SKU_D,720,0,0,516
335,W1,SKU_E,0,0,373,469
335,W2,SKU_A,1872,0,0,970
335,W2,SKU_B,475,0,0,387
335,W2,SKU_C,1730,0,0,568
335,W2,SKU_D,1473,0,0,488
335,W2,SKU_E,1096,0,0,529
335,R1,SKU_A,0,39,0,300
335,R1,SKU_B,123,0,0,117
335,R1,SKU_C,62,0,0,198
335,R1,SKU_D,135,0,0,158
335,R1,SKU_E,146,0,0,94
335,R2,SKU_A,337,0,0,300
335,R2,SKU_B,0,4,0,161
335,R2,SKU_C,155,0,0,166
335,R2,SKU_D,90,0,0,154
335,R2,SKU_E,0,91,0,176
335,R3,SKU_A,633,0,0,654
335,R3,SKU_B,428,0,0,292
335,R3,SKU_C,1613,0,0,427
335,R3,SKU_D,910,0,0,358
335,R3,SKU_E,832,0,0,346
336,Supplier,SKU_A,0,0,0,0
336,Supplier,SKU_B,0,0,0,0
336,Supplier,SKU_C,0,0,0,0
336,Supplier,SKU_D,0,0,0,0
336,Supplier,SKU_E,0,0,0,0
336,W1,SKU_A,471,0,0,1102
336,W1,SKU_B,998,0,0,526
336,W1,SKU_C,201,0,0,669
336,W1,SKU_D,669,0,0,567
336,W1,SKU_E,0,0,392,453
336,W2,SKU_A,1800,0,0,1012
336,W2,SKU_B,457,0,0,418
336,W2,SKU_C,1731,0,0,625
336,W2,SKU_D,1417,0,0,509
336,W2,SKU_E,1060,0,0,535
336,R1,SKU_A,0,113,0,398
336,R1,SKU_B,65,0,0,196
336,R1,SKU_C,0,13,0,303
336,R1,SKU_D,100,0,0,179
336,R1,SKU_E,125,0,0,125
336,R2,SKU_A,275,0,0,348
336,R2,SKU_B,0,11,0,198
336,R2,SKU_C,121,0,0,205
336,R2,SKU_D,71,0,0,185
336,R2,SKU_E,0,89,0,176
336,R3,SKU_A,552,0,0,781
336,R3,SKU_B,424,0,0,320
336,R3,SKU_C,1560,0,0,492
336,R3,SKU_D,828,0,0,452
336,R3,SKU_E,820,0,0,393
337,Supplier,SKU_A,0,0,0,0
337,Supplier,SKU_B,0,0,0,0
337,Supplier,SKU_C,0,0,0,0
337,Supplier,SKU_D,0,0,0,0
337,Supplier,SKU_E,0,0,0,0
337,W1,SKU_A,275,0,0,1308
337,W1,SKU_B,943,0,0,632
337,W1,SKU_C,47,0,0,858
337,W1,SKU_D,588,0,0,646
337,W1,SKU_E,0,0,440,532
337,W2,SKU_A,1792,0,0,1066
337,W2,SKU_B,469,0,0,430
337,W2,SKU_C,1709,0,0,659
337,W2,SKU_D,1341,0,0,597
337,W2,SKU_E,1055,0,0,575
337,R1,SKU_A,0,69,0,440
337,R1,SKU_B,115,0,0,203
337,R1,SKU_C,35,0,0,358
337,R1,SKU_D,123,0,0,198
337,R1,SKU_E,143,0,0,136
337,R2,SKU_A,296,0,0,396
337,R2,SKU_B,0,4,0,194
337,R2,SKU_C,112,0,0,248
337,R2,SKU_D,62,0,0,200
337,R2,SKU_E,0,80,0,127
337,R3,SKU_A,550,0,0,868
337,R3,SKU_B,443,0,0,326
337,R3,SKU_C,1530,0,0,568
337,R3,SKU_D,823,0,0,537
337,R3,SKU_E,822,0,0,427
338,Supplier,SKU_A,0,0,0,0
338,Supplier,SKU_B,0,0,0,0
338,Supplier,SKU_C,0,0,0,0
338,Supplier,SKU_D,0,0,0,0
338,Supplier,SKU_E,0,0,0,0
338,W1,SKU_A,267,0,0,1471
338,W1,SKU_B,968,0,0,667
338,W1,SKU_C,61,0,0,981
338,W1,SKU_D,579,0,0,703
338,W1,SKU_E,0,0,429,558
338,W2,SKU_A,1807,0,0,1136
338,W2,SKU_B,474,0,0,450
338,W2,SKU_C,1709,0,0,705
338,W2,SKU_D,1338,0,0,680
338,W2,SKU_E,1075,0,0,591
338,R1,SKU_A,73,0,0,330
338,R1,SKU_B,180,0,0,125
338,R1,SKU_C,157,0,0,225
338,R1,SKU_D,164,0,0,170
338,R1,SKU_E,173,0,0,97
338,R2,SKU_A,321,0,0,376
338,R2,SKU_B,10,0,0,174
338,R2,SKU_C,136,0,0,226
338,R2,SKU_D,104,0,0,177
338,R2,SKU_E,0,55,0,125
338,R3,SKU_A,581,0,0,849
338,R3,SKU_B,430,0,0,304
338,R3,SKU_C,1553,0,0,568
338,R3,SKU_D,825,0,0,529
338,R3,SKU_E,814,0,0,424
339,Supplier,SKU_A,0,0,0,0
339,Supplier,SKU_B,0,0,0,0
339,Supplier,SKU_C,0,0,0,0
339,Supplier,SKU_D,0,0,0,0
339,Supplier,SKU_E,0,0,0,0
339,W1,SKU_A,328,0,0,1447
339,W1,SKU_B,969,0,0,647
339,W1,SKU_C,75,0,0,958
339,W1,SKU_D,601,0,0,713
339,W1,SKU_E,0,0,422,554
339,W2,SKU_A,1823,0,0,1132
339,W2,SKU_B,460,0,0,429
339,W2,SKU_C,1725,0,0,712
339,W2,SKU_D,1330,0,0,682
339,W2,SKU_E,1088,0,0,567
339,R1,SKU_A,180,0,0,212
339,R1,SKU_B,224,0,0,81
339,R1,SKU_C,256,0,0,133
339,R1,SKU_D,226,0,0,115
339,R1,SKU_E,197,0,0,77
339,R2,SKU_A,394,0,0,316
339,R2,SKU_B,42,0,0,147
339,R2,SKU_C,180,0,0,185
339,R2,SKU_D,134,0,0,140
339,R2,SKU_E,0,52,0,110
339,R3,SKU_A,682,0,0,736
339,R3,SKU_B,481,0,0,277
339,R3,SKU_C,1700,0,0,429
339,R3,SKU_D,885,0,0,478
339,R3,SKU_E,851,0,0,394
340,Supplier,SKU_A,0,0,0,0
340,Supplier,SKU_B,0,0,0,0
340,Supplier,SKU_C,0,0,0,0
340,Supplier,SKU_D,0,0,0,0
340,Supplier,SKU_E,0,0,0,0
340,W1,SKU_A,400,0,0,1377
340,W1,SKU_B,961,0,0,660
340,W1,SKU_C,95,0,0,948
340,W1,SKU_D,631,0,0,683
340,W1,SKU_E,0,0,428,545
340,W2,SKU_A,1821,0,0,1122
340,W2,SKU_B,468,0,0,445
340,W2,SKU_C,1726,0,0,719
340,W2,SKU_D,1328,0,0,693
340,W2,SKU_E,1086,0,0,576
340,R1,SKU_A,193,0,0,191
340,R1,SKU_B,205,0,0,94
340,R1,SKU_C,220,0,0,137
340,R1,SKU_D,222,0,0,95
340,R1,SKU_E,196,0,0,82
340,R2,SKU_A,477,0,0,229
340,R2,SKU_B,52,0,0,145
340,R2,SKU_C,226,0,0,146
340,R2,SKU_D,159,0,0,122
340,R2,SKU_E,0,100,0,151
340,R3,SKU_A,793,0,0,605
340,R3,SKU_B,518,0,0,239
340,R3,SKU_C,1746,0,0,340
340,R3,SKU_D,965,0,0,383
340,R3,SKU_E,917,0,0,327
341,Supplier,SKU_A,0,0,0,0
341,Supplier,SKU_B,0,0,0,0
341,Supplier,SKU_C,0,0,0,0
341,Supplier,SKU_D,0,0,0,0
341,Supplier,SKU_E,0,0,0,0
341,W1,SKU_A,491,0,0,1274
341,W1,SKU_B,1019,0,0,604
341,W1,SKU_C,141,0,0,877
341,W1,SKU_D,692,0,0,605
341,W1,SKU_E,0,0,404,524
341,W2,SKU_A,1820,0,0,1103
341,W2,SKU_B,478,0,0,434
341,W2,SKU_C,1714,0,0,688
341,W2,SKU_D,1324,0,0,682
341,W2,SKU_E,1084,0,0,577
341,R1,SKU_A,164,0,0,210
341,R1,SKU_B,156,0,0,100
341,R1,SKU_C,186,0,0,162
341,R1,SKU_D,203,0,0,112
341,R1,SKU_E,169,0,0,74
341,R2,SKU_A,450,0,0,215
341,R2,SKU_B,38,0,0,138
341,R2,SKU_C,217,0,0,134
341,R2,SKU_D,149,0,0,103
341,R2,SKU_E,0,111,0,172
341,R3,SKU_A,836,0,0,540
341,R3,SKU_B,510,0,0,226
341,R3,SKU_C,1785,0,0,306
341,R3,SKU_D,1026,0,0,315
341,R3,SKU_E,925,0,0,296
342,Supplier,SKU_A,0,0,0,0
342,Supplier,SKU_B,0,0,0,0
342,Supplier,SKU_C,0,0,0,0
342,Supplier,SKU_D,0,0,0,0
342,Supplier,SKU_E,0,0,0,0
342,W1,SKU_A,632,0,0,1082
342,W1,SKU_B,1054,0,0,505
342,W1,SKU_C,259,0,0,729
342,W1,SKU_D,722,0,0,544
342,W1,SKU_E,0,0,394,465
342,W2,SKU_A,1879,0,0,1022
342,W2,SKU_B,507,0,0,384
342,W2,SKU_C,1823,0,0,584
342,W2,SKU_D,1362,0,0,637
342,W2,SKU_E,1097,0,0,541
342,R1,SKU_A,83,0,0,228
342,R1,SKU_B,104,0,0,149
342,R1,SKU_C,91,0,0,203
342,R1,SKU_D,147,0,0,138
342,R1,SKU_E,141,0,0,105
342,R2,SKU_A,420,0,0,247
342,R2,SKU_B,14,0,0,146
342,R2,SKU_C,192,0,0,145
342,R2,SKU_D,111,0,0,132
342,R2,SKU_E,0,139,0,209
342,R3,SKU_A,775,0,0,582
342,R3,SKU_B,470,0,0,259
342,R3,SKU_C,1706,0,0,313
342,R3,SKU_D,951,0,0,334
342,R3,SKU_E,880,0,0,324
343,Supplier,SKU_A,0,0,0,0
343,Supplier,SKU_B,0,0,0,0
343,Supplier,SKU_C,0,0,0,0
343,Supplier,SKU_D,0,0,0,0
343,Supplier,SKU_E,0,0,0,0
343,W1,SKU_A,702,0,0,951
343,W1,SKU_B,1019,0,0,521
343,W1,SKU_C,274,0,0,646
343,W1,SKU_D,715,0,0,512
343,W1,SKU_E,0,0,413,486
343,W2,SKU_A,1949,0,0,933
343,W2,SKU_B,516,0,0,368
343,W2,SKU_C,1802,0,0,533
343,W2,SKU_D,1379,0,0,564
343,W2,SKU_E,1123,0,0,498
343,R1,SKU_A,13,0,0,301
343,R1,SKU_B,64,0,0,195
343,R1,SKU_C,48,0,0,266
343,R1,SKU_D,122,0,0,170
343,R1,SKU_E,101,0,0,137
343,R2,SKU_A,375,0,0,290
343,R2,SKU_B,0,12,0,175
343,R2,SKU_C,161,0,0,173
343,R2,SKU_D,96,0,0,163
343,R2,SKU_E,0,156,0,212
343,R3,SKU_A,680,0,0,655
343,R3,SKU_B,463,0,0,264
343,R3,SKU_C,1632,0,0,415
343,R3,SKU_D,892,0,0,403
343,R3,SKU_E,848,0,0,358
344,Supplier,SKU_A,0,0,0,0
344,Supplier,SKU_B,0,0,0,0
344,Supplier,SKU_C,0,0,0,0
344,Supplier,SKU_D,0,0,0,0
344,Supplier,SKU_E,0,0,0,0
344,W1,SKU_A,618,0,0,1036
344,W1,SKU_B,933,0,0,616
344,W1,SKU_C,169,0,0,768
344,W1,SKU_D,683,0,0,567
344,W1,SKU_E,0,0,472,542
344,W2,SKU_A,1951,0,0,909
344,W2,SKU_B,499,0,0,383
344,W2,SKU_C,1797,0,0,566
344,W2,SKU_D,1394,0,0,559
344,W2,SKU_E,1116,0,0,507
344,R1,SKU_A,4,0,0,361
344,R1,SKU_B,97,0,0,192
344,R1,SKU_C,59,0,0,300
344,R1,SKU_D,136,0,0,193
344,R1,SKU_E,122,0,0,142
344,R2,SKU_A,354,0,0,331
344,R2,SKU_B,0,27,0,209
344,R2,SKU_C,136,0,0,211
344,R2,SKU_D,79,0,0,185
344,R2,SKU_E,0,132,0,139
344,R3,SKU_A,670,0,0,738
344,R3,SKU_B,445,0,0,295
344,R3,SKU_C,1619,0,0,497
344,R3,SKU_D,872,0,0,471
344,R3,SKU_E,846,0,0,397
345,Supplier,SKU_A,0,0,0,0
345,Supplier,SKU_B,0,0,0,0
345,Supplier,SKU_C,0,0,0,0
345,Supplier,SKU_D,0,0,0,0
345,Supplier,SKU_E,0,0,0,0
345,W1,SKU_A,568,0,0,1157
345,W1,SKU_B,915,0,0,683
345,W1,SKU_C,131,0,0,864
345,W1,SKU_D,661,0,0,631
345,W1,SKU_E,0,0,498,604
345,W2,SKU_A,1941,0,0,992
345,W2,SKU_B,470,0,0,425
345,W2,SKU_C,1815,0,0,617
345,W2,SKU_D,1377,0,0,624
345,W2,SKU_E,1110,0,0,550
345,R1,SKU_A,36,0,0,307
345,R1,SKU_B,124,0,0,156
345,R1,SKU_C,116,0,0,235
345,R1,SKU_D,169,0,0,149
345,R1,SKU_E,147,0,0,124
345,R2,SKU_A,370,0,0,311
345,R2,SKU_B,0,33,0,203
345,R2,SKU_C,140,0,0,215
345,R2,SKU_D,92,0,0,173
345,R2,SKU_E,0,103,0,89
345,R3,SKU_A,657,0,0,728
345,R3,SKU_B,427,0,0,312
345,R3,SKU_C,1626,0,0,467
345,R3,SKU_D,886,0,0,476
345,R3,SKU_E,847,0,0,398
346,Supplier,SKU_A,0,0,0,0
346,Supplier,SKU_B,0,0,0,0
346,Supplier,SKU_C,0,0,0,0
346,Supplier,SKU_D,0,0,0,0
346,Supplier,SKU_E,0,0,0,0
346,W1,SKU_A,490,0,0,1209
346,W1,SKU_B,871,0,0,706
346,W1,SKU_C,83,0,0,912
346,W1,SKU_D,629,0,0,653
346,W1,SKU_E,0,0,497,615
346,W2,SKU_A,1896,0,0,1014
346,W2,SKU_B,475,0,0,419
346,W2,SKU_C,1787,0,0,622
346,W2,SKU_D,1385,0,0,635
346,W2,SKU_E,1117,0,0,545
346,R1,SKU_A,111,0,0,278
346,R1,SKU_B,166,0,0,135
346,R1,SKU_C,152,0,0,198
346,R1,SKU_D,197,0,0,123
346,R1,SKU_E,180,0,0,91
346,R2,SKU_A,369,0,0,297
346,R2,SKU_B,0,34,0,193
346,R2,SKU_C,134,0,0,197
346,R2,SKU_D,99,0,0,151
346,R2,SKU_E,0,107,0,89
346,R3,SKU_A,680,0,0,719
346,R3,SKU_B,450,0,0,309
346,R3,SKU_C,1645,0,0,465
346,R3,SKU_D,903,0,0,455
346,R3,SKU_E,869,0,0,374
347,Supplier,SKU_A,0,0,0,0
347,Supplier,SKU_B,0,0,0,0
347,Supplier,SKU_C,0,0,0,0
347,Supplier,SKU_D,0,0,0,0
347,Supplier,SKU_E,0,0,0,0
347,W1,SKU_A,455,0,0,1275
347,W1,SKU_B,835,0,0,752
347,W1,SKU_C,35,0,0,935
347,W1,SKU_D,601,0,0,668
347,W1,SKU_E,0,0,504,617
347,W2,SKU_A,1877,0,0,1047
347,W2,SKU_B,476,0,0,438
347,W2,SKU_C,1768,0,0,658
347,W2,SKU_D,1380,0,0,636
347,W2,SKU_E,1115,0,0,545
347,R1,SKU_A,85,0,0,254
347,R1,SKU_B,170,0,0,123
347,R1,SKU_C,141,0,0,207
347,R1,SKU_D,188,0,0,132
347,R1,SKU_E,185,0,0,84
347,R2,SKU_A,378,0,0,296
347,R2,SKU_B,0,25,0,197
347,R2,SKU_C,150,0,0,200
347,R2,SKU_D,98,0,0,160
347,R2,SKU_E,0,168,0,131
347,R3,SKU_A,703,0,0,677
347,R3,SKU_B,476,0,0,279
347,R3,SKU_C,1709,0,0,374
347,R3,SKU_D,953,0,0,382
347,R3,SKU_E,905,0,0,335
348,Supplier,SKU_A,0,0,0,0
348,Supplier,SKU_B,0,0,0,0
348,Supplier,SKU_C,0,0,0,0
348,Supplier,SKU_D,0,0,0,0
348,Supplier,SKU_E,0,0,0,0
348,W1,SKU_A,429,0,0,1259
348,W1,SKU_B,868,0,0,724
348,W1,SKU_C,34,0,0,953
348,W1,SKU_D,612,0,0,665
348,W1,SKU_E,0,0,476,575
348,W2,SKU_A,1859,0,0,1046
348,W2,SKU_B,474,0,0,436
348,W2,SKU_C,1765,0,0,634
348,W2,SKU_D,1367,0,0,626
348,W2,SKU_E,1111,0,0,546
348,R1,SKU_A,96,0,0,258
348,R1,SKU_B,170,0,0,110
348,R1,SKU_C,146,0,0,210
348,R1,SKU_D,188,0,0,130
348,R1,SKU_E,172,0,0,86
348,R2,SKU_A,371,0,0,307
348,R2,SKU_B,0,27,0,207
348,R2,SKU_C,154,0,0,197
348,R2,SKU_D,92,0,0,166
348,R2,SKU_E,0,204,0,197
348,R3,SKU_A,747,0,0,632
348,R3,SKU_B,485,0,0,251
348,R3,SKU_C,1731,0,0,338
348,R3,SKU_D,986,0,0,342
348,R3,SKU_E,925,0,0,301
349,Supplier,SKU_A,0,0,0,0
349,Supplier,SKU_B,0,0,0,0
349,Supplier,SKU_C,0,0,0,0
349,Supplier,SKU_D,0,0,0,0
349,Supplier,SKU_E,0,0,0,0
349,W1,SKU_A,483,0,0,1224
349,W1,SKU_B,915,0,0,672
349,W1,SKU_C,110,0,0,886
349,W1,SKU_D,660,0,0,615
349,W1,SKU_E,0,0,459,549
349,W2,SKU_A,1862,0,0,1042
349,W2,SKU_B,474,0,0,417
349,W2,SKU_C,1743,0,0,642
349,W2,SKU_D,1354,0,0,632
349,W2,SKU_E,1116,0,0,527
349,R1,SKU_A,24,0,0,293
349,R1,SKU_B,112,0,0,131
349,R1,SKU_C,95,0,0,204
349,R1,SKU_D,166,0,0,132
349,R1,SKU_E,143,0,0,99
349,R2,SKU_A,343,0,0,310
349,R2,SKU_B,0,10,0,197
349,R2,SKU_C,142,0,0,201
349,R2,SKU_D,64,0,0,173
349,R2,SKU_E,0,218,0,228
349,R3,SKU_A,678,0,0,661
349,R3,SKU_B,480,0,0,255
349,R3,SKU_C,1678,0,0,385
349,R3,SKU_D,943,0,0,357
349,R3,SKU_E,894,0,0,318
350,Supplier,SKU_A,0,0,0,0
350,Supplier,SKU_B,0,0,0,0
350,Supplier,SKU_C,0,0,0,0
350,Supplier,SKU_D,0,0,0,0
350,Supplier,SKU_E,0,0,0,0
350,W1,SKU_A,474,0,0,1171
350,W1,SKU_B,923,0,0,634
350,W1,SKU_C,104,0,0,827
350,W1,SKU_D,644,0,0,590
350,W1,SKU_E,0,0,455,529
350,W2,SKU_A,1844,0,0,1020
350,W2,SKU_B,480,0,0,410
350,W2,SKU_C,1787,0,0,592
350,W2,SKU_D,1369,0,0,589
350,W2,SKU_E,1124,0,0,505
350,R1,SKU_A,10,0,0,315
350,R1,SKU_B,72,0,0,181
350,R1,SKU_C,78,0,0,253
350,R1,SKU_D,142,0,0,154
350,R1,SKU_E,124,0,0,126
350,R2,SKU_A,343,0,0,323
350,R2,SKU_B,27,0,0,169
350,R2,SKU_C,154,0,0,189
350,R2,SKU_D,61,0,0,186
350,R2,SKU_E,0,230,0,249
350,R3,SKU_A,620,0,0,707
350,R3,SKU_B,490,0,0,259
350,R3,SKU_C,1657,0,0,415
350,R3,SKU_D,893,0,0,419
350,R3,SKU_E,868,0,0,351
351,Supplier,SKU_A,0,0,0,0
351,Supplier,SKU_B,0,0,0,0
351,Supplier,SKU_C,0,0,0,0
351,Supplier,SKU_D,0,0,0,0
351,Supplier,SKU_E,0,0,0,0
351,W1,SKU_A,415,0,0,1251
351,W1,SKU_B,901,0,0,675
351,W1,SKU_C,72,0,0,891
351,W1,SKU_D,594,0,0,648
351,W1,SKU_E,0,0,474,561
351,W2,SKU_A,1836,0,0,1016
351,W2,SKU_B,502,0,0,402
351,W2,SKU_C,1812,0,0,576
351,W2,SKU_D,1386,0,0,584
351,W2,SKU_E,1137,0,0,499
351,R1,SKU_A,27,0,0,344
351,R1,SKU_B,86,0,0,208
351,R1,SKU_C,98,0,0,278
351,R1,SKU_D,158,0,0,176
351,R1,SKU_E,132,0,0,134
351,R2,SKU_A,342,0,0,331
351,R2,SKU_B,48,0,0,145
351,R2,SKU_C,145,0,0,196
351,R2,SKU_D,35,0,0,197
351,R2,SKU_E,0,194,0,195
351,R3,SKU_A,616,0,0,779
351,R3,SKU_B,487,0,0,269
351,R3,SKU_C,1626,0,0,453
351,R3,SKU_D,891,0,0,465
351,R3,SKU_E,849,0,0,375
352,Supplier,SKU_A,0,0,0,0
352,Supplier,SKU_B,0,0,0,0
352,Supplier,SKU_C,0,0,0,0
352,Supplier,SKU_D,0,0,0,0
352,Supplier,SKU_E,0,0,0,0
352,W1,SKU_A,435,0,0,1284
352,W1,SKU_B,938,0,0,676
352,W1,SKU_C,83,0,0,923
352,W1,SKU_D,577,0,0,688
352,W1,SKU_E,0,0,488,592
352,W2,SKU_A,1823,0,0,1097
352,W2,SKU_B,518,0,0,393
352,W2,SKU_C,1775,0,0,620
352,W2,SKU_D,1399,0,0,615
352,W2,SKU_E,1118,0,0,523
352,R1,SKU_A,100,0,0,290
352,R1,SKU_B,156,0,0,157
352,R1,SKU_C,196,0,0,201
352,R1,SKU_D,191,0,0,140
352,R1,SKU_E,165,0,0,110
352,R2,SKU_A,349,0,0,336
352,R2,SKU_B,48,0,0,132
352,R2,SKU_C,154,0,0,206
352,R2,SKU_D,46,0,0,223
352,R2,SKU_E,0,170,0,158
352,R3,SKU_A,675,0,0,764
352,R3,SKU_B,497,0,0,268
352,R3,SKU_C,1641,0,0,457
352,R3,SKU_D,919,0,0,444
352,R3,SKU_E,854,0,0,391
353,Supplier,SKU_A,0,0,0,0
353,Supplier,SKU_B,0,0,0,0
353,Supplier,SKU_C,0,0,0,0
353,Supplier,SKU_D,0,0,0,0
353,Supplier,SKU_E,0,0,0,0
353,W1,SKU_A,455,0,0,1295
353,W1,SKU_B,971,0,0,649
353,W1,SKU_C,159,0,0,887
353,W1,SKU_D,607,0,0,692
353,W1,SKU_E,0,0,487,601
353,W2,SKU_A,1877,0,0,1087
353,W2,SKU_B,544,0,0,376
353,W2,SKU_C,1780,0,0,634
353,W2,SKU_D,1400,0,0,621
353,W2,SKU_E,1118,0,0,544
353,R1,SKU_A,156,0,0,225
353,R1,SKU_B,205,0,0,97
353,R1,SKU_C,229,0,0,135
353,R1,SKU_D,227,0,0,105
353,R1,SKU_E,188,0,0,85
353,R2,SKU_A,397,0,0,304
353,R2,SKU_B,31,0,0,139
353,R2,SKU_C,167,0,0,189
353,R2,SKU_D,83,0,0,191
353,R2,SKU_E,0,136,0,148
353,R3,SKU_A,691,0,0,704
353,R3,SKU_B,523,0,0,239
353,R3,SKU_C,1679,0,0,428
353,R3,SKU_D,969,0,0,409
353,R3,SKU_E,874,0,0,372
354,Supplier,SKU_A,0,0,0,0
354,Supplier,SKU_B,0,0,0,0
354,Supplier,SKU_C,0,0,0,0
354,Supplier,SKU_D,0,0,0,0
354,Supplier,SKU_E,0,0,0,0
354,W1,SKU_A,524,0,0,1233
354,W1,SKU_B,978,0,0,621
354,W1,SKU_C,181,0,0,828
354,W1,SKU_D,635,0,0,670
354,W1,SKU_E,0,0,451,586
354,W2,SKU_A,1873,0,0,1047
354,W2,SKU_B,547,0,0,370
354,W2,SKU_C,1777,0,0,646
354,W2,SKU_D,1420,0,0,616
354,W2,SKU_E,1121,0,0,542
354,R1,SKU_A,157,0,0,215
354,R1,SKU_B,200,0,0,89
354,R1,SKU_C,246,0,0,147
354,R1,SKU_D,230,0,0,107
354,R1,SKU_E,185,0,0,78
354,R2,SKU_A,412,0,0,269
354,R2,SKU_B,13,0,0,165
354,R2,SKU_C,190,0,0,176
354,R2,SKU_D,116,0,0,164
354,R2,SKU_E,0,156,0,178
354,R3,SKU_A,750,0,0,648
354,R3,SKU_B,534,0,0,212
354,R3,SKU_C,1725,0,0,384
354,R3,SKU_D,1005,0,0,331
354,R3,SKU_E,893,0,0,338
355,Supplier,SKU_A,0,0,0,0
355,Supplier,SKU_B,0,0,0,0
355,Supplier,SKU_C,0,0,0,0
355,Supplier,SKU_D,0,0,0,0
355,Supplier,SKU_E,0,0,0,0
355,W1,SKU_A,545,0,0,1183
355,W1,SKU_B,985,0,0,609
355,W1,SKU_C,233,0,0,815
355,W1,SKU_D,676,0,0,640
355,W1,SKU_E,0,0,442,541
355,W2,SKU_A,1891,0,0,1032
355,W2,SKU_B,538,0,0,363
355,W2,SKU_C,1803,0,0,622
355,W2,SKU_D,1421,0,0,573
355,W2,SKU_E,1112,0,0,536
355,R1,SKU_A,128,0,0,233
355,R1,SKU_B,159,0,0,113
355,R1,SKU_C,218,0,0,151
355,R1,SKU_D,229,0,0,101
355,R1,SKU_E,182,0,0,90
355,R2,SKU_A,424,0,0,261
355,R2,SKU_B,0,25,0,180
355,R2,SKU_C,196,0,0,151
355,R2,SKU_D,132,0,0,116
355,R2,SKU_E,0,159,0,203
355,R3,SKU_A,801,0,0,577
355,R3,SKU_B,507,0,0,215
355,R3,SKU_C,1719,0,0,347
355,R3,SKU_D,1034,0,0,307
355,R3,SKU_E,880,0,0,326
356,Supplier,SKU_A,0,0,0,0
356,Supplier,SKU_B,0,0,0,0
356,Supplier,SKU_C,0,0,0,0
356,Supplier,SKU_D,0,0,0,0
356,Supplier,SKU_E,0,0,0,0
356,W1,SKU_A,621,0,0,1100
356,W1,SKU_B,982,0,0,572
356,W1,SKU_C,307,0,0,698
356,W1,SKU_D,719,0,0,558
356,W1,SKU_E,0,0,395,516
356,W2,SKU_A,1890,0,0,1013
356,W2,SKU_B,524,0,0,353
356,W2,SKU_C,1800,0,0,582
356,W2,SKU_D,1434,0,0,565
356,W2,SKU_E,1092,0,0,531
356,R1,SKU_A,74,0,0,253
356,R1,SKU_B,74,0,0,143
356,R1,SKU_C,161,0,0,146
356,R1,SKU_D,201,0,0,103
356,R1,SKU_E,156,0,0,91
356,R2,SKU_A,393,0,0,261
356,R2,SKU_B,0,37,0,205
356,R2,SKU_C,157,0,0,164
356,R2,SKU_D,95,0,0,137
356,R2,SKU_E,0,159,0,239
356,R3,SKU_A,764,0,0,594
356,R3,SKU_B,479,0,0,249
356,R3,SKU_C,1703,0,0,360
356,R3,SKU_D,986,0,0,322
356,R3,SKU_E,856,0,0,344
357,Supplier,SKU_A,0,0,0,0
357,Supplier,SKU_B,0,0,0,0
357,Supplier,SKU_C,0,0,0,0
357,Supplier,SKU_D,0,0,0,0
357,Supplier,SKU_E,0,0,0,0
357,W1,SKU_A,611,0,0,1045
357,W1,SKU_B,918,0,0,594
357,W1,SKU_C,261,0,0,656
357,W1,SKU_D,712,0,0,523
357,W1,SKU_E,0,0,397,482
357,W2,SKU_A,1909,0,0,974
357,W2,SKU_B,517,0,0,366
357,W2,SKU_C,1800,0,0,579
357,W2,SKU_D,1442,0,0,524
357,W2,SKU_E,1080,0,0,537
357,R1,SKU_A,8,0,0,298
357,R1,SKU_B,7,0,0,215
357,R1,SKU_C,83,0,0,232
357,R1,SKU_D,166,0,0,136
357,R1,SKU_E,136,0,0,107
357,R2,SKU_A,336,0,0,308
357,R2,SKU_B,0,59,0,207
357,R2,SKU_C,119,0,0,199
357,R2,SKU_D,70,0,0,179
357,R2,SKU_E,0,159,0,225
357,R3,SKU_A,665,0,0,675
357,R3,SKU_B,458,0,0,286
357,R3,SKU_C,1660,0,0,395
357,R3,SKU_D,938,0,0,377
357,R3,SKU_E,822,0,0,389
358,Supplier,SKU_A,0,0,0,0
358,Supplier,SKU_B,0,0,0,0
358,Supplier,SKU_C,0,0,0,0
358,Supplier,SKU_D,0,0,0,0
358,Supplier,SKU_E,0,0,0,0
358,W1,SKU_A,517,0,0,1108
358,W1,SKU_B,801,0,0,696
358,W1,SKU_C,177,0,0,745
358,W1,SKU_D,697,0,0,553
358,W1,SKU_E,0,0,432,501
358,W2,SKU_A,1922,0,0,943
358,W2,SKU_B,512,0,0,387
358,W2,SKU_C,1783,0,0,588
358,W2,SKU_D,1445,0,0,528
358,W2,SKU_E,1072,0,0,556
358,R1,SKU_A,2,0,0,353
358,R1,SKU_B,16,0,0,265
358,R1,SKU_C,87,0,0,286
358,R1,SKU_D,152,0,0,164
358,R1,SKU_E,121,0,0,136
358,R2,SKU_A,316,0,0,345
358,R2,SKU_B,0,67,0,237
358,R2,SKU_C,81,0,0,247
358,R2,SKU_D,55,0,0,210
358,R2,SKU_E,0,143,0,191
358,R3,SKU_A,683,0,0,730
358,R3,SKU_B,461,0,0,304
358,R3,SKU_C,1672,0,0,447
358,R3,SKU_D,915,0,0,440
358,R3,SKU_E,815,0,0,424
359,Supplier,SKU_A,0,0,0,0
359,Supplier,SKU_B,0,0,0,0
359,Supplier,SKU_C,0,0,0,0
359,Supplier,SKU_D,0,0,0,0
359,Supplier,SKU_E,0,0,0,0
359,W1,SKU_A,458,0,0,1233
359,W1,SKU_B,759,0,0,819
359,W1,SKU_C,121,0,0,869
359,W1,SKU_D,678,0,0,602
359,W1,SKU_E,0,0,446,546
359,W2,SKU_A,1940,0,0,998
359,W2,SKU_B,521,0,0,399
359,W2,SKU_C,1823,0,0,612
359,W2,SKU_D,1444,0,0,569
359,W2,SKU_E,1087,0,0,569
359,R1,SKU_A,0,17,0,325
359,R1,SKU_B,114,0,0,201
359,R1,SKU_C,120,0,0,220
359,R1,SKU_D,155,0,0,152
359,R1,SKU_E,146,0,0,126
359,R2,SKU_A,302,0,0,369
359,R2,SKU_B,0,44,0,222
359,R2,SKU_C,77,0,0,266
359,R2,SKU_D,71,0,0,193
359,R2,SKU_E,0,98,0,136
359,R3,SKU_A,692,0,0,715
359,R3,SKU_B,468,0,0,285
359,R3,SKU_C,1663,0,0,437
359,R3,SKU_D,928,0,0,421
359,R3,SKU_E,820,0,0,416
360,Supplier,SKU_A,0,0,0,0
360,Supplier,SKU_B,0,0,0,0
360,Supplier,SKU_C,0,0,0,0
360,Supplier,SKU_D,0,0,0,0
360,Supplier,SKU_E,0,0,0,0
360,W1,SKU_A,355,0,0,1299
360,W1,SKU_B,780,0,0,840
360,W1,SKU_C,84,0,0,888
360,W1,SKU_D,643,0,0,627
360,W1,SKU_E,0,0,462,581
360,W2,SKU_A,1908,0,0,1024
360,W2,SKU_B,509,0,0,399
360,W2,SKU_C,1825,0,0,591
360,W2,SKU_D,1430,0,0,577
360,W2,SKU_E,1078,0,0,575
360,R1,SKU_A,37,0,0,323
360,R1,SKU_B,194,0,0,108
360,R1,SKU_C,176,0,0,195
360,R1,SKU_D,182,0,0,147
360,R1,SKU_E,186,0,0,97
360,R2,SKU_A,326,0,0,352
360,R2,SKU_B,0,26,0,212
360,R2,SKU_C,117,0,0,244
360,R2,SKU_D,97,0,0,161
360,R2,SKU_E,0,88,0,113
360,R3,SKU_A,723,0,0,686
360,R3,SKU_B,521,0,0,254
360,R3,SKU_C,1713,0,0,403
360,R3,SKU_D,937,0,0,413
360,R3,SKU_E,868,0,0,386
361,Supplier,SKU_A,0,0,0,0
361,Supplier,SKU_B,0,0,0,0
361,Supplier,SKU_C,0,0,0,0
361,Supplier,SKU_D,0,0,0,0
361,Supplier,SKU_E,0,0,0,0
361,W1,SKU_A,340,0,0,1373
361,W1,SKU_B,801,0,0,814
361,W1,SKU_C,57,0,0,964
361,W1,SKU_D,613,0,0,673
361,W1,SKU_E,0,0,428,561
361,W2,SKU_A,1922,0,0,1012
361,W2,SKU_B,522,0,0,408
361,W2,SKU_C,1834,0,0,598
361,W2,SKU_D,1402,0,0,606
361,W2,SKU_E,1086,0,0,585
361,R1,SKU_A,35,0,0,318
361,R1,SKU_B,209,0,0,87
361,R1,SKU_C,165,0,0,197
361,R1,SKU_D,193,0,0,134
361,R1,SKU_E,201,0,0,71
361,R2,SKU_A,378,0,0,318
361,R2,SKU_B,21,0,0,174
361,R2,SKU_C,152,0,0,201
361,R2,SKU_D,107,0,0,152
361,R2,SKU_E,0,102,0,158
361,R3,SKU_A,771,0,0,635
361,R3,SKU_B,532,0,0,207
361,R3,SKU_C,1752,0,0,350
361,R3,SKU_D,978,0,0,371
361,R3,SKU_E,919,0,0,332
362,Supplier,SKU_A,0,0,0,0
362,Supplier,SKU_B,0,0,0,0
362,Supplier,SKU_C,0,0,0,0
362,Supplier,SKU_D,0,0,0,0
362,Supplier,SKU_E,0,0,0,0
362,W1,SKU_A,343,0,0,1381
362,W1,SKU_B,865,0,0,753
362,W1,SKU_C,56,0,0,948
362,W1,SKU_D,621,0,0,664
362,W1,SKU_E,0,0,430,549
362,W2,SKU_A,1930,0,0,1001
362,W2,SKU_B,515,0,0,379
362,W2,SKU_C,1827,0,0,591
362,W2,SKU_D,1415,0,0,592
362,W2,SKU_E,1106,0,0,562
362,R1,SKU_A,95,0,0,273
362,R1,SKU_B,171,0,0,106
362,R1,SKU_C,202,0,0,175
362,R1,SKU_D,209,0,0,114
362,R1,SKU_E,204,0,0,71
362,R2,SKU_A,407,0,0,283
362,R2,SKU_B,39,0,0,149
362,R2,SKU_C,189,0,0,176
362,R2,SKU_D,98,0,0,158
362,R2,SKU_E,0,114,0,166
362,R3,SKU_A,812,0,0,569
362,R3,SKU_B,517,0,0,212
362,R3,SKU_C,1767,0,0,303
362,R3,SKU_D,991,0,0,337
362,R3,SKU_E,938,0,0,292
363,Supplier,SKU_A,0,0,0,0
363,Supplier,SKU_B,0,0,0,0
363,Supplier,SKU_C,0,0,0,0
363,Supplier,SKU_D,0,0,0,0
363,Supplier,SKU_E,0,0,0,0
363,W1,SKU_A,420,0,0,1313
363,W1,SKU_B,945,0,0,647
363,W1,SKU_C,170,0,0,861
363,W1,SKU_D,664,0,0,614
363,W1,SKU_E,0,0,395,515
363,W2,SKU_A,1933,0,0,973
363,W2,SKU_B,522,0,0,362
363,W2,SKU_C,1831,0,0,555
363,W2,SKU_D,1402,0,0,584
363,W2,SKU_E,1130,0,0,517
363,R1,SKU_A,70,0,0,265
363,R1,SKU_B,115,0,0,131
363,R1,SKU_C,140,0,0,169
363,R1,SKU_D,181,0,0,120
363,R1,SKU_E,167,0,0,79
363,R2,SKU_A,406,0,0,264
363,R2,SKU_B,31,0,0,139
363,R2,SKU_C,176,0,0,154
363,R2,SKU_D,90,0,0,166
363,R2,SKU_E,0,136,0,219
363,R3,SKU_A,737,0,0,601
363,R3,SKU_B,477,0,0,248
363,R3,SKU_C,1650,0,0,352
363,R3,SKU_D,930,0,0,364
363,R3,SKU_E,923,0,0,301
364,Supplier,SKU_A,0,0,0,0
364,Supplier,SKU_B,0,0,0,0
364,Supplier,SKU_C,0,0,0,0
364,Supplier,SKU_D,0,0,0,0
364,Supplier,SKU_E,0,0,0,0
364,W1,SKU_A,475,0,0,1205
364,W1,SKU_B,991,0,0,552
364,W1,SKU_C,176,0,0,752
364,W1,SKU_D,670,0,0,586
364,W1,SKU_E,0,0,377,464
364,W2,SKU_A,1913,0,0,950
364,W2,SKU_B,519,0,0,361
364,W2,SKU_C,1770,0,0,548
364,W2,SKU_D,1388,0,0,564
364,W2,SKU_E,1154,0,0,487
364,R1,SKU_A,48,0,0,283
364,R1,SKU_B,85,0,0,181
364,R1,SKU_C,107,0,0,222
364,R1,SKU_D,151,0,0,146
364,R1,SKU_E,139,0,0,105
364,R2,SKU_A,383,0,0,272
364,R2,SKU_B,16,0,0,155
364,R2,SKU_C,178,0,0,185
364,R2,SKU_D,92,0,0,168
364,R2,SKU_E,0,107,0,212
364,R3,SKU_A,715,0,0,670
364,R3,SKU_B,481,0,0,276
364,R3,SKU_C,1635,0,0,450
364,R3,SKU_D,935,0,0,419
364,R3,SKU_E,919,0,0,313
