t,node_id,sku,on_hand,backlog_external,backlog_children,pipeline_in
0,Supplier,SKU_A,0,0,0,0
0,Supplier,SKU_B,0,0,0,0
0,Supplier,SKU_C,0,0,0,0
0,Supplier,SKU_D,0,0,0,0
0,Supplier,SKU_E,0,0,0,0
0,W1,SKU_A,1736,0,0,0
0,W1,SKU_B,942,0,0,0
0,W1,SKU_C,1093,0,0,0
0,W1,SKU_D,825,0,0,0
0,W1,SKU_E,749,0,0,0
0,W2,SKU_A,1849,0,0,0
0,W2,SKU_B,639,0,0,0
0,W2,SKU_C,1067,0,0,0
0,W2,SKU_D,1046,0,0,0
0,W2,SKU_E,648,0,0,0
0,R1,SKU_A,453,0,0,0
0,R1,SKU_B,252,0,0,0
0,R1,SKU_C,315,0,0,0
0,R1,SKU_D,229,0,0,0
0,R1,SKU_E,164,0,0,0
0,R2,SKU_A,370,0,0,0
0,R2,SKU_B,242,0,0,0
0,R2,SKU_C,224,0,0,0
0,R2,SKU_D,172,0,0,0
0,R2,SKU_E,225,0,0,0
0,R3,SKU_A,1138,0,0,0
0,R3,SKU_B,414,0,0,0
0,R3,SKU_C,645,0,0,0
0,R3,SKU_D,669,0,0,0
0,R3,SKU_E,391,0,0,0
1,Supplier,SKU_A,0,0,0,0
1,Supplier,SKU_B,0,0,0,0
1,Supplier,SKU_C,0,0,0,0
1,Supplier,SKU_D,0,0,0,0
1,Supplier,SKU_E,0,0,0,0
1,W1,SKU_A,686,0,0,892
1,W1,SKU_B,413,0,0,1115
1,W1,SKU_C,504,0,0,1996
1,W1,SKU_D,61,0,0,0
1,W1,SKU_E,237,0,0,1093
1,W2,SKU_A,0,0,170,0
1,W2,SKU_B,639,0,0,0
1,W2,SKU_C,0,0,25,0
1,W2,SKU_D,0,0,593,1483
1,W2,SKU_E,0,0,41,0
1,R1,SKU_A,359,0,0,0
1,R1,SKU_B,224,0,0,529
1,R1,SKU_C,249,0,0,0
1,R1,SKU_D,199,0,0,534
1,R1,SKU_E,137,0,0,0
1,R2,SKU_A,258,0,0,1050
1,R2,SKU_B,191,0,0,0
1,R2,SKU_C,167,0,0,589
1,R2,SKU_D,132,0,0,230
1,R2,SKU_E,187,0,0,512
1,R3,SKU_A,969,0,0,1849
1,R3,SKU_B,375,0,0,0
1,R3,SKU_C,537,0,0,1067
1,R3,SKU_D,596,0,0,1046
1,R3,SKU_E,333,0,0,648
2,Supplier,SKU_A,0,0,0,0
2,Supplier,SKU_B,0,0,0,0
2,Supplier,SKU_C,0,0,0,0
2,Supplier,SKU_D,0,0,0,0
2,Supplier,SKU_E,0,0,0,0
2,W1,SKU_A,686,0,0,1942
2,W1,SKU_B,146,0,0,1115
2,W1,SKU_C,504,0,0,2585
2,W1,SKU_D,61,0,0,743
2,W1,SKU_E,237,0,0,1093
2,W2,SKU_A,0,0,170,3414
2,W2,SKU_B,639,0,0,0
2,W2,SKU_C,0,0,25,2929
2,W2,SKU_D,0,0,593,3122
2,W2,SKU_E,0,0,41,1474
2,R1,SKU_A,273,0,0,0
2,R1,SKU_B,199,0,0,529
2,R1,SKU_C,191,0,0,0
2,R1,SKU_D,167,0,0,534
2,R1,SKU_E,95,0,0,0
2,R2,SKU_A,175,0,0,1050
2,R2,SKU_B,148,0,0,267
2,R2,SKU_C,115,0,0,589
2,R2,SKU_D,101,0,0,230
2,R2,SKU_E,159,0,0,512
2,R3,SKU_A,773,0,0,1849
2,R3,SKU_B,337,0,0,0
2,R3,SKU_C,471,0,0,1067
2,R3,SKU_D,538,0,0,1046
2,R3,SKU_E,267,0,0,648
3,Supplier,SKU_A,0,0,0,0
3,Supplier,SKU_B,0,0,0,0
3,Supplier,SKU_C,0,0,0,0
3,Supplier,SKU_D,0,0,0,0
3,Supplier,SKU_E,0,0,0,0
3,W1,SKU_A,8,0,0,1942
3,W1,SKU_B,146,0,0,1115
3,W1,SKU_C,249,0,0,2585
3,W1,SKU_D,61,0,0,743
3,W1,SKU_E,163,0,0,1093
3,W2,SKU_A,0,0,170,3414
3,W2,SKU_B,639,0,0,0
3,W2,SKU_C,0,0,25,2929
3,W2,SKU_D,0,0,593,3122
3,W2,SKU_E,0,0,41,1474
3,R1,SKU_A,185,0,0,678
3,R1,SKU_B,699,0,0,0
3,R1,SKU_C,127,0,0,255
3,R1,SKU_D,664,0,0,0
3,R1,SKU_E,61,0,0,74
3,R2,SKU_A,85,0,0,1050
3,R2,SKU_B,93,0,0,267
3,R2,SKU_C,73,0,0,589
3,R2,SKU_D,64,0,0,230
3,R2,SKU_E,137,0,0,512
3,R3,SKU_A,627,0,0,1849
3,R3,SKU_B,293,0,0,0
3,R3,SKU_C,381,0,0,1067
3,R3,SKU_D,476,0,0,1046
3,R3,SKU_E,218,0,0,648
4,Supplier,SKU_A,0,0,0,0
4,Supplier,SKU_B,0,0,0,0
4,Supplier,SKU_C,0,0,0,0
4,Supplier,SKU_D,0,0,0,0
4,Supplier,SKU_E,0,0,0,0
4,W1,SKU_A,8,0,0,2620
4,W1,SKU_B,146,0,0,1115
4,W1,SKU_C,249,0,0,2840
4,W1,SKU_D,61,0,0,743
4,W1,SKU_E,163,0,0,1093
4,W2,SKU_A,0,0,170,3414
4,W2,SKU_B,639,0,0,0
4,W2,SKU_C,0,0,25,2929
4,W2,SKU_D,0,0,593,3122
4,W2,SKU_E,0,0,41,1474
4,R1,SKU_A,98,0,0,678
4,R1,SKU_B,658,0,0,0
4,R1,SKU_C,46,0,0,255
4,R1,SKU_D,623,0,0,0
4,R1,SKU_E,17,0,0,74
4,R2,SKU_A,1034,0,0,0
4,R2,SKU_B,30,0,0,267
4,R2,SKU_C,606,0,0,0
4,R2,SKU_D,251,0,0,0
4,R2,SKU_E,625,0,0,0
4,R3,SKU_A,446,0,0,1849
4,R3,SKU_B,227,0,0,0
4,R3,SKU_C,266,0,0,1067
4,R3,SKU_D,397,0,0,1046
4,R3,SKU_E,154,0,0,648
5,Supplier,SKU_A,0,0,0,0
5,Supplier,SKU_B,0,0,0,0
5,Supplier,SKU_C,0,0,0,0
5,Supplier,SKU_D,0,0,0,0
5,Supplier,SKU_E,0,0,0,0
5,W1,SKU_A,8,0,0,2620
5,W1,SKU_B,146,0,0,1115
5,W1,SKU_C,249,0,0,2840
5,W1,SKU_D,61,0,0,743
5,W1,SKU_E,85,0,0,1093
5,W2,SKU_A,0,0,170,3414
5,W2,SKU_B,469,0,0,0
5,W2,SKU_C,0,0,25,2929
5,W2,SKU_D,0,0,593,3122
5,W2,SKU_E,0,0,41,1474
5,R1,SKU_A,648,0,0,0
5,R1,SKU_B,581,0,0,0
5,R1,SKU_C,193,0,0,0
5,R1,SKU_D,576,0,0,0
5,R1,SKU_E,32,0,0,78
5,R2,SKU_A,926,0,0,0
5,R2,SKU_B,227,0,0,0
5,R2,SKU_C,517,0,0,0
5,R2,SKU_D,196,0,0,0
5,R2,SKU_E,570,0,0,0
5,R3,SKU_A,2049,0,0,0
5,R3,SKU_B,161,0,0,170
5,R3,SKU_C,1170,0,0,0
5,R3,SKU_D,1342,0,0,0
5,R3,SKU_E,725,0,0,0
6,Supplier,SKU_A,0,0,0,0
6,Supplier,SKU_B,0,0,0,0
6,Supplier,SKU_C,0,0,0,0
6,Supplier,SKU_D,0,0,0,0
6,Supplier,SKU_E,0,0,0,0
6,W1,SKU_A,900,0,0,1728
6,W1,SKU_B,1061,0,0,0
6,W1,SKU_C,1949,0,0,844
6,W1,SKU_D,0,0,145,743
6,W1,SKU_E,1178,0,0,0
6,W2,SKU_A,0,0,170,3414
6,W2,SKU_B,469,0,0,1203
6,W2,SKU_C,0,0,25,2929
6,W2,SKU_D,0,0,593,3122
6,W2,SKU_E,0,0,41,1474
6,R1,SKU_A,482,0,0,0
6,R1,SKU_B,501,0,0,200
6,R1,SKU_C,78,0,0,0
6,R1,SKU_D,512,0,0,0
6,R1,SKU_E,0,35,0,78
6,R2,SKU_A,807,0,0,0
6,R2,SKU_B,153,0,0,0
6,R2,SKU_C,413,0,0,296
6,R2,SKU_D,148,0,0,61
6,R2,SKU_E,503,0,0,0
6,R3,SKU_A,1793,0,0,0
6,R3,SKU_B,102,0,0,170
6,R3,SKU_C,1021,0,0,0
6,R3,SKU_D,1239,0,0,0
6,R3,SKU_E,598,0,0,0
7,Supplier,SKU_A,0,0,0,0
7,Supplier,SKU_B,0,0,0,0
7,Supplier,SKU_C,0,0,0,0
7,Supplier,SKU_D,0,0,0,0
7,Supplier,SKU_E,0,0,0,0
7,W1,SKU_A,1950,0,0,678
7,W1,SKU_B,756,0,0,0
7,W1,SKU_C,2170,0,0,551
7,W1,SKU_D,598,0,0,206
7,W1,SKU_E,1052,0,0,0
7,W2,SKU_A,0,0,170,3414
7,W2,SKU_B,469,0,0,1203
7,W2,SKU_C,0,0,25,2929
7,W2,SKU_D,890,0,0,1639
7,W2,SKU_E,0,0,482,1474
7,R1,SKU_A,346,0,0,0
7,R1,SKU_B,423,0,0,200
7,R1,SKU_C,0,44,0,368
7,R1,SKU_D,449,0,0,0
7,R1,SKU_E,0,17,0,126
7,R2,SKU_A,682,0,0,0
7,R2,SKU_B,87,0,0,305
7,R2,SKU_C,332,0,0,296
7,R2,SKU_D,107,0,0,206
7,R2,SKU_E,448,0,0,0
7,R3,SKU_A,1553,0,0,0
7,R3,SKU_B,6,0,0,170
7,R3,SKU_C,879,0,0,0
7,R3,SKU_D,1134,0,0,593
7,R3,SKU_E,501,0,0,0
8,Supplier,SKU_A,0,0,0,0
8,Supplier,SKU_B,0,0,0,0
8,Supplier,SKU_C,0,0,0,0
8,Supplier,SKU_D,0,0,0,0
8,Supplier,SKU_E,0,0,0,0
8,W1,SKU_A,1950,0,0,678
8,W1,SKU_B,756,0,0,1301
8,W1,SKU_C,2170,0,0,919
8,W1,SKU_D,284,0,0,206
8,W1,SKU_E,1052,0,0,0
8,W2,SKU_A,3244,0,0,0
8,W2,SKU_B,248,0,0,1203
8,W2,SKU_C,2904,0,0,0
8,W2,SKU_D,2529,0,0,0
8,W2,SKU_E,992,0,0,0
8,R1,SKU_A,248,0,0,0
8,R1,SKU_B,571,0,0,0
8,R1,SKU_C,0,105,0,368
8,R1,SKU_D,414,0,0,314
8,R1,SKU_E,0,63,0,126
8,R2,SKU_A,577,0,0,0
8,R2,SKU_B,31,0,0,305
8,R2,SKU_C,281,0,0,296
8,R2,SKU_D,78,0,0,206
8,R2,SKU_E,406,0,0,0
8,R3,SKU_A,1374,0,0,170
8,R3,SKU_B,0,59,0,391
8,R3,SKU_C,769,0,0,25
8,R3,SKU_D,1057,0,0,593
8,R3,SKU_E,429,0,0,482
9,Supplier,SKU_A,0,0,0,0
9,Supplier,SKU_B,0,0,0,0
9,Supplier,SKU_C,0,0,0,0
9,Supplier,SKU_D,0,0,0,0
9,Supplier,SKU_E,0,0,0,0
9,W1,SKU_A,1082,0,0,0
9,W1,SKU_B,546,0,0,1301
9,W1,SKU_C,2425,0,0,664
9,W1,SKU_D,284,0,0,520
9,W1,SKU_E,946,0,0,0
9,W2,SKU_A,1631,0,0,0
9,W2,SKU_B,248,0,0,1203
9,W2,SKU_C,2904,0,0,0
9,W2,SKU_D,2529,0,0,0
9,W2,SKU_E,992,0,0,0
9,R1,SKU_A,153,0,0,703
9,R1,SKU_B,541,0,0,210
9,R1,SKU_C,215,0,0,0
9,R1,SKU_D,380,0,0,314
9,R1,SKU_E,28,0,0,106
9,R2,SKU_A,472,0,0,843
9,R2,SKU_B,0,5,0,305
9,R2,SKU_C,521,0,0,0
9,R2,SKU_D,86,0,0,145
9,R2,SKU_E,362,0,0,0
9,R3,SKU_A,1245,0,0,1783
9,R3,SKU_B,47,0,0,221
9,R3,SKU_C,681,0,0,25
9,R3,SKU_D,986,0,0,593
9,R3,SKU_E,361,0,0,482
10,Supplier,SKU_A,0,0,0,0
10,Supplier,SKU_B,0,0,0,0
10,Supplier,SKU_C,0,0,0,0
10,Supplier,SKU_D,0,0,0,0
10,Supplier,SKU_E,0,0,0,0
10,W1,SKU_A,1082,0,0,1546
10,W1,SKU_B,546,0,0,1301
10,W1,SKU_C,2133,0,0,664
10,W1,SKU_D,113,0,0,520
10,W1,SKU_E,946,0,0,896
10,W2,SKU_A,1631,0,0,0
10,W2,SKU_B,248,0,0,1203
10,W2,SKU_C,1873,0,0,0
10,W2,SKU_D,2529,0,0,0
10,W2,SKU_E,992,0,0,0
10,R1,SKU_A,42,0,0,703
10,R1,SKU_B,511,0,0,210
10,R1,SKU_C,134,0,0,0
10,R1,SKU_D,651,0,0,0
10,R1,SKU_E,0,3,0,106
10,R2,SKU_A,370,0,0,843
10,R2,SKU_B,254,0,0,0
10,R2,SKU_C,471,0,0,292
10,R2,SKU_D,201,0,0,171
10,R2,SKU_E,321,0,0,0
10,R3,SKU_A,1045,0,0,1783
10,R3,SKU_B,0,10,0,221
10,R3,SKU_C,593,0,0,1056
10,R3,SKU_D,912,0,0,593
10,R3,SKU_E,291,0,0,482
11,Supplier,SKU_A,0,0,0,0
11,Supplier,SKU_B,0,0,0,0
11,Supplier,SKU_C,0,0,0,0
11,Supplier,SKU_D,0,0,0,0
11,Supplier,SKU_E,0,0,0,0
11,W1,SKU_A,1082,0,0,1546
11,W1,SKU_B,546,0,0,1301
11,W1,SKU_C,1821,0,0,956
11,W1,SKU_D,113,0,0,691
11,W1,SKU_E,946,0,0,896
11,W2,SKU_A,1631,0,0,0
11,W2,SKU_B,62,0,0,1203
11,W2,SKU_C,1873,0,0,0
11,W2,SKU_D,1726,0,0,0
11,W2,SKU_E,992,0,0,0
11,R1,SKU_A,649,0,0,0
11,R1,SKU_B,676,0,0,0
11,R1,SKU_C,70,0,0,312
11,R1,SKU_D,611,0,0,0
11,R1,SKU_E,53,0,0,0
11,R2,SKU_A,273,0,0,843
11,R2,SKU_B,220,0,0,0
11,R2,SKU_C,432,0,0,292
11,R2,SKU_D,172,0,0,171
11,R2,SKU_E,274,0,0,0
11,R3,SKU_A,861,0,0,1783
11,R3,SKU_B,0,92,0,407
11,R3,SKU_C,480,0,0,1056
11,R3,SKU_D,1419,0,0,803
11,R3,SKU_E,192,0,0,482
12,Supplier,SKU_A,0,0,0,0
12,Supplier,SKU_B,0,0,0,0
12,Supplier,SKU_C,0,0,0,0
12,Supplier,SKU_D,0,0,0,0
12,Supplier,SKU_E,0,0,0,0
12,W1,SKU_A,1082,0,0,1546
12,W1,SKU_B,546,0,0,1301
12,W1,SKU_C,2117,0,0,972
12,W1,SKU_D,319,0,0,485
12,W1,SKU_E,830,0,0,896
12,W2,SKU_A,1631,0,0,0
12,W2,SKU_B,1265,0,0,0
12,W2,SKU_C,1873,0,0,0
12,W2,SKU_D,1726,0,0,0
12,W2,SKU_E,586,0,0,0
12,R1,SKU_A,509,0,0,0
12,R1,SKU_B,606,0,0,0
12,R1,SKU_C,0,1,0,312
12,R1,SKU_D,573,0,0,0
12,R1,SKU_E,1,0,0,116
12,R2,SKU_A,1009,0,0,0
12,R2,SKU_B,138,0,0,0
12,R2,SKU_C,380,0,0,292
12,R2,SKU_D,123,0,0,171
12,R2,SKU_E,218,0,0,0
12,R3,SKU_A,813,0,0,1613
12,R3,SKU_B,56,0,0,186
12,R3,SKU_C,346,0,0,1031
12,R3,SKU_D,1325,0,0,803
12,R3,SKU_E,582,0,0,406
13,Supplier,SKU_A,0,0,0,0
13,Supplier,SKU_B,0,0,0,0
13,Supplier,SKU_C,0,0,0,0
13,Supplier,SKU_D,0,0,0,0
13,Supplier,SKU_E,0,0,0,0
13,W1,SKU_A,1082,0,0,1546
13,W1,SKU_B,1352,0,0,0
13,W1,SKU_C,2485,0,0,604
13,W1,SKU_D,319,0,0,485
13,W1,SKU_E,311,0,0,896
13,W2,SKU_A,1631,0,0,0
13,W2,SKU_B,1265,0,0,0
13,W2,SKU_C,1873,0,0,0
13,W2,SKU_D,1726,0,0,0
13,W2,SKU_E,586,0,0,0
13,R1,SKU_A,354,0,0,0
13,R1,SKU_B,517,0,0,175
13,R1,SKU_C,209,0,0,0
13,R1,SKU_D,505,0,0,0
13,R1,SKU_E,0,69,0,116
13,R2,SKU_A,876,0,0,0
13,R2,SKU_B,76,0,0,320
13,R2,SKU_C,602,0,0,0
13,R2,SKU_D,240,0,0,0
13,R2,SKU_E,161,0,0,519
13,R3,SKU_A,2139,0,0,0
13,R3,SKU_B,0,60,0,186
13,R3,SKU_C,132,0,0,1031
13,R3,SKU_D,1187,0,0,803
13,R3,SKU_E,455,0,0,406
14,Supplier,SKU_A,0,0,0,0
14,Supplier,SKU_B,0,0,0,0
14,Supplier,SKU_C,0,0,0,0
14,Supplier,SKU_D,0,0,0,0
14,Supplier,SKU_E,0,0,0,0
14,W1,SKU_A,1082,0,0,1546
14,W1,SKU_B,1352,0,0,0
14,W1,SKU_C,2485,0,0,604
14,W1,SKU_D,471,0,0,171
14,W1,SKU_E,189,0,0,896
14,W2,SKU_A,1631,0,0,0
14,W2,SKU_B,994,0,0,0
14,W2,SKU_C,1873,0,0,0
14,W2,SKU_D,1726,0,0,0
14,W2,SKU_E,586,0,0,0
14,R1,SKU_A,205,0,0,0
14,R1,SKU_B,446,0,0,175
14,R1,SKU_C,115,0,0,0
14,R1,SKU_D,445,0,0,0
14,R1,SKU_E,0,31,0,122
14,R2,SKU_A,747,0,0,0
14,R2,SKU_B,27,0,0,320
14,R2,SKU_C,551,0,0,0
14,R2,SKU_D,195,0,0,162
14,R2,SKU_E,108,0,0,519
14,R3,SKU_A,1825,0,0,0
14,R3,SKU_B,0,119,0,457
14,R3,SKU_C,1036,0,0,0
14,R3,SKU_D,1094,0,0,803
14,R3,SKU_E,379,0,0,406
15,Supplier,SKU_A,0,0,0,0
15,Supplier,SKU_B,0,0,0,0
15,Supplier,SKU_C,0,0,0,0
15,Supplier,SKU_D,0,0,0,0
15,Supplier,SKU_E,0,0,0,0
15,W1,SKU_A,1882,0,0,0
15,W1,SKU_B,1352,0,0,0
15,W1,SKU_C,2154,0,0,604
15,W1,SKU_D,153,0,0,333
15,W1,SKU_E,1007,0,0,0
15,W2,SKU_A,1631,0,0,0
15,W2,SKU_B,994,0,0,0
15,W2,SKU_C,1873,0,0,0
15,W2,SKU_D,1726,0,0,0
15,W2,SKU_E,586,0,0,0
15,R1,SKU_A,64,0,0,746
15,R1,SKU_B,587,0,0,0
15,R1,SKU_C,39,0,0,331
15,R1,SKU_D,384,0,0,318
15,R1,SKU_E,0,80,0,200
15,R2,SKU_A,652,0,0,0
15,R2,SKU_B,0,16,0,320
15,R2,SKU_C,504,0,0,0
15,R2,SKU_D,153,0,0,162
15,R2,SKU_E,64,0,0,519
15,R3,SKU_A,1621,0,0,0
15,R3,SKU_B,11,0,0,271
15,R3,SKU_C,935,0,0,0
15,R3,SKU_D,1809,0,0,0
15,R3,SKU_E,315,0,0,406
16,Supplier,SKU_A,0,0,0,0
16,Supplier,SKU_B,0,0,0,0
16,Supplier,SKU_C,0,0,0,0
16,Supplier,SKU_D,0,0,0,0
16,Supplier,SKU_E,0,0,0,0
16,W1,SKU_A,1114,0,0,746
16,W1,SKU_B,1158,0,0,0
16,W1,SKU_C,2137,0,0,643
16,W1,SKU_D,324,0,0,480
16,W1,SKU_E,1007,0,0,0
16,W2,SKU_A,1631,0,0,0
16,W2,SKU_B,994,0,0,0
16,W2,SKU_C,1873,0,0,0
16,W2,SKU_D,1726,0,0,0
16,W2,SKU_E,227,0,0,0
16,R1,SKU_A,0,57,0,746
16,R1,SKU_B,560,0,0,194
16,R1,SKU_C,0,14,0,331
16,R1,SKU_D,354,0,0,318
16,R1,SKU_E,5,0,0,78
16,R2,SKU_A,564,0,0,768
16,R2,SKU_B,258,0,0,0
16,R2,SKU_C,462,0,0,309
16,R2,SKU_D,113,0,0,162
16,R2,SKU_E,545,0,0,0
16,R3,SKU_A,1448,0,0,0
16,R3,SKU_B,0,45,0,271
16,R3,SKU_C,849,0,0,0
16,R3,SKU_D,1726,0,0,0
16,R3,SKU_E,658,0,0,359
17,Supplier,SKU_A,0,0,0,0
17,Supplier,SKU_B,0,0,0,0
17,Supplier,SKU_C,0,0,0,0
17,Supplier,SKU_D,0,0,0,0
17,Supplier,SKU_E,0,0,0,0
17,W1,SKU_A,1114,0,0,1514
17,W1,SKU_B,1158,0,0,0
17,W1,SKU_C,2449,0,0,640
17,W1,SKU_D,324,0,0,480
17,W1,SKU_E,921,0,0,0
17,W2,SKU_A,0,0,78,0
17,W2,SKU_B,823,0,0,0
17,W2,SKU_C,1873,0,0,0
17,W2,SKU_D,1726,0,0,0
17,W2,SKU_E,227,0,0,1206
17,R1,SKU_A,553,0,0,0
17,R1,SKU_B,533,0,0,194
17,R1,SKU_C,251,0,0,0
17,R1,SKU_D,629,0,0,0
17,R1,SKU_E,48,0,0,86
17,R2,SKU_A,474,0,0,768
17,R2,SKU_B,204,0,0,0
17,R2,SKU_C,429,0,0,309
17,R2,SKU_D,228,0,0,0
17,R2,SKU_E,507,0,0,0
17,R3,SKU_A,1293,0,0,1631
17,R3,SKU_B,0,101,0,442
17,R3,SKU_C,774,0,0,0
17,R3,SKU_D,1650,0,0,0
17,R3,SKU_E,588,0,0,359
18,Supplier,SKU_A,0,0,0,0
18,Supplier,SKU_B,0,0,0,0
18,Supplier,SKU_C,0,0,0,0
18,Supplier,SKU_D,0,0,0,0
18,Supplier,SKU_E,0,0,0,0
18,W1,SKU_A,1114,0,0,1514
18,W1,SKU_B,1158,0,0,0
18,W1,SKU_C,2449,0,0,640
18,W1,SKU_D,150,0,0,480
18,W1,SKU_E,921,0,0,921
18,W2,SKU_A,0,0,78,3322
18,W2,SKU_B,823,0,0,0
18,W2,SKU_C,1873,0,0,0
18,W2,SKU_D,1726,0,0,0
18,W2,SKU_E,227,0,0,1206
18,R1,SKU_A,466,0,0,0
18,R1,SKU_B,687,0,0,0
18,R1,SKU_C,188,0,0,0
18,R1,SKU_D,611,0,0,0
18,R1,SKU_E,9,0,0,86
18,R2,SKU_A,374,0,0,768
18,R2,SKU_B,168,0,0,0
18,R2,SKU_C,397,0,0,309
18,R2,SKU_D,200,0,0,174
18,R2,SKU_E,473,0,0,0
18,R3,SKU_A,1094,0,0,1631
18,R3,SKU_B,114,0,0,171
18,R3,SKU_C,643,0,0,0
18,R3,SKU_D,1566,0,0,0
18,R3,SKU_E,518,0,0,359
19,Supplier,SKU_A,0,0,0,0
19,Supplier,SKU_B,0,0,0,0
19,Supplier,SKU_C,0,0,0,0
19,Supplier,SKU_D,0,0,0,0
19,Supplier,SKU_E,0,0,0,0
19,W1,SKU_A,1114,0,0,1514
19,W1,SKU_B,868,0,0,0
19,W1,SKU_C,2191,0,0,640
19,W1,SKU_D,150,0,0,654
19,W1,SKU_E,847,0,0,921
19,W2,SKU_A,0,0,78,3322
19,W2,SKU_B,823,0,0,0
19,W2,SKU_C,779,0,0,0
19,W2,SKU_D,984,0,0,0
19,W2,SKU_E,227,0,0,1206
19,R1,SKU_A,329,0,0,0
19,R1,SKU_B,641,0,0,0
19,R1,SKU_C,106,0,0,258
19,R1,SKU_D,560,0,0,0
19,R1,SKU_E,33,0,0,74
19,R2,SKU_A,1018,0,0,0
19,R2,SKU_B,102,0,0,290
19,R2,SKU_C,665,0,0,0
19,R2,SKU_D,153,0,0,174
19,R2,SKU_E,429,0,0,0
19,R3,SKU_A,904,0,0,1631
19,R3,SKU_B,53,0,0,171
19,R3,SKU_C,548,0,0,1094
19,R3,SKU_D,1473,0,0,742
19,R3,SKU_E,437,0,0,359
20,Supplier,SKU_A,0,0,0,0
20,Supplier,SKU_B,0,0,0,0
20,Supplier,SKU_C,0,0,0,0
20,Supplier,SKU_D,0,0,0,0
20,Supplier,SKU_E,0,0,0,0
20,W1,SKU_A,1114,0,0,1514
20,W1,SKU_B,868,0,0,1189
20,W1,SKU_C,2191,0,0,898
20,W1,SKU_D,312,0,0,492
20,W1,SKU_E,847,0,0,921
20,W2,SKU_A,0,0,78,3322
20,W2,SKU_B,650,0,0,0
20,W2,SKU_C,779,0,0,2125
20,W2,SKU_D,984,0,0,1545
20,W2,SKU_E,227,0,0,1206
20,R1,SKU_A,163,0,0,0
20,R1,SKU_B,550,0,0,0
20,R1,SKU_C,4,0,0,258
20,R1,SKU_D,477,0,0,0
20,R1,SKU_E,0,39,0,74
20,R2,SKU_A,885,0,0,0
20,R2,SKU_B,27,0,0,290
20,R2,SKU_C,620,0,0,0
20,R2,SKU_D,104,0,0,174
20,R2,SKU_E,373,0,0,0
20,R3,SKU_A,644,0,0,1631
20,R3,SKU_B,0,57,0,344
20,R3,SKU_C,363,0,0,1094
20,R3,SKU_D,1348,0,0,742
20,R3,SKU_E,709,0,0,0
21,Supplier,SKU_A,0,0,0,0
21,Supplier,SKU_B,0,0,0,0
21,Supplier,SKU_C,0,0,0,0
21,Supplier,SKU_D,0,0,0,0
21,Supplier,SKU_E,0,0,0,0
21,W1,SKU_A,1072,0,0,768
21,W1,SKU_B,637,0,0,1189
21,W1,SKU_C,2522,0,0,567
21,W1,SKU_D,344,0,0,174
21,W1,SKU_E,713,0,0,921
21,W2,SKU_A,0,0,78,3322
21,W2,SKU_B,650,0,0,0
21,W2,SKU_C,779,0,0,2125
21,W2,SKU_D,984,0,0,1545
21,W2,SKU_E,0,0,144,1206
21,R1,SKU_A,14,0,0,788
21,R1,SKU_B,469,0,0,231
21,R1,SKU_C,161,0,0,0
21,R1,SKU_D,417,0,0,286
21,R1,SKU_E,0,28,0,134
21,R2,SKU_A,763,0,0,0
21,R2,SKU_B,0,46,0,290
21,R2,SKU_C,555,0,0,0
21,R2,SKU_D,222,0,0,0
21,R2,SKU_E,331,0,0,0
21,R3,SKU_A,2056,0,0,0
21,R3,SKU_B,21,0,0,173
21,R3,SKU_C,218,0,0,1094
21,R3,SKU_D,1246,0,0,742
21,R3,SKU_E,628,0,0,227
22,Supplier,SKU_A,0,0,0,0
22,Supplier,SKU_B,0,0,0,0
22,Supplier,SKU_C,0,0,0,0
22,Supplier,SKU_D,0,0,0,0
22,Supplier,SKU_E,0,0,0,0
22,W1,SKU_A,1840,0,0,788
22,W1,SKU_B,637,0,0,1189
22,W1,SKU_C,2546,0,0,258
22,W1,SKU_D,164,0,0,460
22,W1,SKU_E,713,0,0,921
22,W2,SKU_A,0,0,78,3322
22,W2,SKU_B,447,0,0,0
22,W2,SKU_C,779,0,0,2125
22,W2,SKU_D,984,0,0,1545
22,W2,SKU_E,0,0,144,1206
22,R1,SKU_A,0,108,0,788
22,R1,SKU_B,423,0,0,231
22,R1,SKU_C,105,0,0,285
22,R1,SKU_D,375,0,0,286
22,R1,SKU_E,0,72,0,134
22,R2,SKU_A,660,0,0,0
22,R2,SKU_B,191,0,0,0
22,R2,SKU_C,523,0,0,0
22,R2,SKU_D,184,0,0,180
22,R2,SKU_E,277,0,0,0
22,R3,SKU_A,1899,0,0,0
22,R3,SKU_B,0,44,0,376
22,R3,SKU_C,109,0,0,1094
22,R3,SKU_D,1147,0,0,742
22,R3,SKU_E,561,0,0,227
23,Supplier,SKU_A,0,0,0,0
23,Supplier,SKU_B,0,0,0,0
23,Supplier,SKU_C,0,0,0,0
23,Supplier,SKU_D,0,0,0,0
23,Supplier,SKU_E,0,0,0,0
23,W1,SKU_A,1080,0,0,788
23,W1,SKU_B,370,0,0,1189
23,W1,SKU_C,2256,0,0,543
23,W1,SKU_D,164,0,0,640
23,W1,SKU_E,1527,0,0,0
23,W2,SKU_A,0,0,78,3322
23,W2,SKU_B,447,0,0,1225
23,W2,SKU_C,779,0,0,2125
23,W2,SKU_D,984,0,0,1545
23,W2,SKU_E,1206,0,144,0
23,R1,SKU_A,575,0,0,0
23,R1,SKU_B,626,0,0,0
23,R1,SKU_C,42,0,0,285
23,R1,SKU_D,631,0,0,0
23,R1,SKU_E,24,0,0,107
23,R2,SKU_A,575,0,0,760
23,R2,SKU_B,148,0,0,267
23,R2,SKU_C,484,0,0,290
23,R2,SKU_D,143,0,0,180
23,R2,SKU_E,250,0,0,0
23,R3,SKU_A,1731,0,0,0
23,R3,SKU_B,0,108,0,376
23,R3,SKU_C,1108,0,0,0
23,R3,SKU_D,1831,0,0,0
23,R3,SKU_E,508,0,0,227
24,Supplier,SKU_A,0,0,0,0
24,Supplier,SKU_B,0,0,0,0
24,Supplier,SKU_C,0,0,0,0
24,Supplier,SKU_D,0,0,0,0
24,Supplier,SKU_E,0,0,0,0
24,W1,SKU_A,1080,0,0,1548
24,W1,SKU_B,370,0,0,1189
24,W1,SKU_C,2256,0,0,833
24,W1,SKU_D,338,0,0,466
24,W1,SKU_E,1040,0,0,0
24,W2,SKU_A,3322,0,78,0
24,W2,SKU_B,447,0,0,1225
24,W2,SKU_C,779,0,0,2125
24,W2,SKU_D,984,0,0,1545
24,W2,SKU_E,1206,0,144,0
24,R1,SKU_A,473,0,0,0
24,R1,SKU_B,596,0,0,0
24,R1,SKU_C,262,0,0,0
24,R1,SKU_D,601,0,0,0
24,R1,SKU_E,0,10,0,107
24,R2,SKU_A,502,0,0,760
24,R2,SKU_B,104,0,0,267
24,R2,SKU_C,448,0,0,290
24,R2,SKU_D,100,0,0,180
24,R2,SKU_E,218,0,0,487
24,R3,SKU_A,1571,0,0,0
24,R3,SKU_B,5,0,0,203
24,R3,SKU_C,1008,0,0,0
24,R3,SKU_D,1750,0,0,0
24,R3,SKU_E,442,0,0,227
25,Supplier,SKU_A,0,0,0,0
25,Supplier,SKU_B,0,0,0,0
25,Supplier,SKU_C,0,0,0,0
25,Supplier,SKU_D,0,0,0,0
25,Supplier,SKU_E,0,0,0,0
25,W1,SKU_A,1080,0,0,1548
25,W1,SKU_B,1374,0,0,0
25,W1,SKU_C,2514,0,0,575
25,W1,SKU_D,338,0,0,466
25,W1,SKU_E,968,0,0,0
25,W2,SKU_A,3244,0,0,0
25,W2,SKU_B,258,0,0,1225
25,W2,SKU_C,779,0,0,2125
25,W2,SKU_D,984,0,0,1545
25,W2,SKU_E,1062,0,0,0
25,R1,SKU_A,359,0,0,0
25,R1,SKU_B,547,0,0,185
25,R1,SKU_C,201,0,0,0
25,R1,SKU_D,571,0,0,0
25,R1,SKU_E,78,0,0,72
25,R2,SKU_A,409,0,0,760
25,R2,SKU_B,49,0,0,267
25,R2,SKU_C,397,0,0,290
25,R2,SKU_D,239,0,0,0
25,R2,SKU_E,179,0,0,487
25,R3,SKU_A,1387,0,0,78
25,R3,SKU_B,0,49,0,392
25,R3,SKU_C,908,0,0,0
25,R3,SKU_D,1646,0,0,0
25,R3,SKU_E,593,0,0,144
26,Supplier,SKU_A,0,0,0,0
26,Supplier,SKU_B,0,0,0,0
26,Supplier,SKU_C,0,0,0,0
26,Supplier,SKU_D,0,0,0,0
26,Supplier,SKU_E,0,0,0,0
26,W1,SKU_A,1080,0,0,1548
26,W1,SKU_B,1374,0,0,0
26,W1,SKU_C,2514,0,0,575
26,W1,SKU_D,175,0,0,466
26,W1,SKU_E,968,0,0,874
26,W2,SKU_A,1552,0,0,0
26,W2,SKU_B,258,0,0,1225
26,W2,SKU_C,2904,0,0,0
26,W2,SKU_D,2529,0,0,0
26,W2,SKU_E,1062,0,0,0
26,R1,SKU_A,249,0,0,0
26,R1,SKU_B,491,0,0,185
26,R1,SKU_C,111,0,0,0
26,R1,SKU_D,527,0,0,0
26,R1,SKU_E,28,0,0,72
26,R2,SKU_A,1096,0,0,0
26,R2,SKU_B,250,0,0,0
26,R2,SKU_C,650,0,0,0
26,R2,SKU_D,188,0,0,163
26,R2,SKU_E,128,0,0,487
26,R3,SKU_A,1218,0,0,1770
26,R3,SKU_B,107,0,0,189
26,R3,SKU_C,807,0,0,0
26,R3,SKU_D,1553,0,0,0
26,R3,SKU_E,508,0,0,144
27,Supplier,SKU_A,0,0,0,0
27,Supplier,SKU_B,0,0,0,0
27,Supplier,SKU_C,0,0,0,0
27,Supplier,SKU_D,0,0,0,0
27,Supplier,SKU_E,0,0,0,0
27,W1,SKU_A,1166,0,0,760
27,W1,SKU_B,1374,0,0,0
27,W1,SKU_C,2179,0,0,575
27,W1,SKU_D,461,0,0,343
27,W1,SKU_E,968,0,0,874
27,W2,SKU_A,1552,0,0,0
27,W2,SKU_B,258,0,0,1225
27,W2,SKU_C,2904,0,0,0
27,W2,SKU_D,1774,0,0,0
27,W2,SKU_E,634,0,0,0
27,R1,SKU_A,88,0,0,702
27,R1,SKU_B,606,0,0,0
27,R1,SKU_C,0,15,0,335
27,R1,SKU_D,463,0,0,0
27,R1,SKU_E,39,0,0,0
27,R2,SKU_A,986,0,0,0
27,R2,SKU_B,174,0,0,0
27,R2,SKU_C,584,0,0,0
27,R2,SKU_D,134,0,0,163
27,R2,SKU_E,572,0,0,0
27,R3,SKU_A,990,0,0,1770
27,R3,SKU_B,12,0,0,189
27,R3,SKU_C,618,0,0,0
27,R3,SKU_D,1441,0,0,755
27,R3,SKU_E,403,0,0,572
28,Supplier,SKU_A,0,0,0,0
28,Supplier,SKU_B,0,0,0,0
28,Supplier,SKU_C,0,0,0,0
28,Supplier,SKU_D,0,0,0,0
28,Supplier,SKU_E,0,0,0,0
28,W1,SKU_A,1166,0,0,1462
28,W1,SKU_B,915,0,0,0
28,W1,SKU_C,2464,0,0,625
28,W1,SKU_D,341,0,0,163
28,W1,SKU_E,838,0,0,874
28,W2,SKU_A,1552,0,0,0
28,W2,SKU_B,62,0,0,1225
28,W2,SKU_C,1785,0,0,0
28,W2,SKU_D,1774,0,0,0
28,W2,SKU_E,634,0,0,0
28,R1,SKU_A,0,78,0,702
28,R1,SKU_B,535,0,0,175
28,R1,SKU_C,0,116,0,335
28,R1,SKU_D,402,0,0,300
28,R1,SKU_E,0,19,0,130
28,R2,SKU_A,881,0,0,0
28,R2,SKU_B,104,0,0,284
28,R2,SKU_C,526,0,0,0
28,R2,SKU_D,84,0,0,163
28,R2,SKU_E,528,0,0,0
28,R3,SKU_A,777,0,0,1770
28,R3,SKU_B,0,45,0,385
28,R3,SKU_C,522,0,0,1119
28,R3,SKU_D,1363,0,0,755
28,R3,SKU_E,335,0,0,572
29,Supplier,SKU_A,0,0,0,0
29,Supplier,SKU_B,0,0,0,0
29,Supplier,SKU_C,0,0,0,0
29,Supplier,SKU_D,0,0,0,0
29,Supplier,SKU_E,0,0,0,0
29,W1,SKU_A,1926,0,0,702
29,W1,SKU_B,915,0,0,1142
29,W1,SKU_C,2467,0,0,335
29,W1,SKU_D,186,0,0,463
29,W1,SKU_E,838,0,0,874
29,W2,SKU_A,1552,0,0,0
29,W2,SKU_B,1287,0,0,0
29,W2,SKU_C,1785,0,0,0
29,W2,SKU_D,1774,0,0,0
29,W2,SKU_E,634,0,0,0
29,R1,SKU_A,504,0,0,0
29,R1,SKU_B,484,0,0,175
29,R1,SKU_C,121,0,0,0
29,R1,SKU_D,352,0,0,300
29,R1,SKU_E,0,56,0,130
29,R2,SKU_A,766,0,0,0
29,R2,SKU_B,55,0,0,284
29,R2,SKU_C,476,0,0,287
29,R2,SKU_D,212,0,0,155
29,R2,SKU_E,481,0,0,0
29,R3,SKU_A,664,0,0,1692
29,R3,SKU_B,68,0,0,196
29,R3,SKU_C,417,0,0,1119
29,R3,SKU_D,1289,0,0,755
29,R3,SKU_E,391,0,0,428
30,Supplier,SKU_A,0,0,0,0
30,Supplier,SKU_B,0,0,0,0
30,Supplier,SKU_C,0,0,0,0
30,Supplier,SKU_D,0,0,0,0
30,Supplier,SKU_E,0,0,0,0
30,W1,SKU_A,1926,0,0,702
30,W1,SKU_B,915,0,0,1142
30,W1,SKU_C,2142,0,0,622
30,W1,SKU_D,186,0,0,618
30,W1,SKU_E,743,0,0,874
30,W2,SKU_A,1552,0,0,0
30,W2,SKU_B,1287,0,0,0
30,W2,SKU_C,1785,0,0,0
30,W2,SKU_D,1774,0,0,0
30,W2,SKU_E,634,0,0,0
30,R1,SKU_A,405,0,0,0
30,R1,SKU_B,627,0,0,0
30,R1,SKU_C,61,0,0,325
30,R1,SKU_D,625,0,0,0
30,R1,SKU_E,34,0,0,95
30,R2,SKU_A,689,0,0,0
30,R2,SKU_B,5,0,0,284
30,R2,SKU_C,430,0,0,287
30,R2,SKU_D,177,0,0,155
30,R2,SKU_E,453,0,0,0
30,R3,SKU_A,2186,0,0,0
30,R3,SKU_B,19,0,0,196
30,R3,SKU_C,339,0,0,1119
30,R3,SKU_D,1224,0,0,755
30,R3,SKU_E,327,0,0,428
31,Supplier,SKU_A,0,0,0,0
31,Supplier,SKU_B,0,0,0,0
31,Supplier,SKU_C,0,0,0,0
31,Supplier,SKU_D,0,0,0,0
31,Supplier,SKU_E,0,0,0,0
31,W1,SKU_A,1926,0,0,702
31,W1,SKU_B,915,0,0,1142
31,W1,SKU_C,2142,0,0,947
31,W1,SKU_D,186,0,0,618
31,W1,SKU_E,1617,0,0,0
31,W2,SKU_A,1552,0,0,0
31,W2,SKU_B,1105,0,0,0
31,W2,SKU_C,1785,0,0,0
31,W2,SKU_D,1774,0,0,0
31,W2,SKU_E,634,0,0,0
31,R1,SKU_A,308,0,0,0
31,R1,SKU_B,575,0,0,0
31,R1,SKU_C,2,0,0,325
31,R1,SKU_D,585,0,0,0
31,R1,SKU_E,0,10,0,95
31,R2,SKU_A,606,0,0,0
31,R2,SKU_B,245,0,0,0
31,R2,SKU_C,406,0,0,287
31,R2,SKU_D,152,0,0,155
31,R2,SKU_E,422,0,0,0
31,R3,SKU_A,2030,0,0,0
31,R3,SKU_B,0,37,0,378
31,R3,SKU_C,241,0,0,1119
31,R3,SKU_D,1887,0,0,0
31,R3,SKU_E,695,0,0,0
32,Supplier,SKU_A,0,0,0,0
32,Supplier,SKU_B,0,0,0,0
32,Supplier,SKU_C,0,0,0,0
32,Supplier,SKU_D,0,0,0,0
32,Supplier,SKU_E,0,0,0,0
32,W1,SKU_A,1112,0,0,702
32,W1,SKU_B,709,0,0,1142
32,W1,SKU_C,2142,0,0,947
32,W1,SKU_D,349,0,0,455
32,W1,SKU_E,1533,0,0,0
32,W2,SKU_A,1552,0,0,0
32,W2,SKU_B,1105,0,0,0
32,W2,SKU_C,1785,0,0,0
32,W2,SKU_D,1774,0,0,0
32,W2,SKU_E,249,0,0,0
32,R1,SKU_A,187,0,0,0
32,R1,SKU_B,521,0,0,206
32,R1,SKU_C,248,0,0,0
32,R1,SKU_D,548,0,0,0
32,R1,SKU_E,44,0,0,84
32,R2,SKU_A,537,0,0,814
32,R2,SKU_B,197,0,0,0
32,R2,SKU_C,658,0,0,0
32,R2,SKU_D,274,0,0,0
32,R2,SKU_E,392,0,0,0
32,R3,SKU_A,1843,0,0,0
32,R3,SKU_B,94,0,0,182
32,R3,SKU_C,1246,0,0,0
32,R3,SKU_D,1809,0,0,0
32,R3,SKU_E,620,0,0,385
33,Supplier,SKU_A,0,0,0,0
33,Supplier,SKU_B,0,0,0,0
33,Supplier,SKU_C,0,0,0,0
33,Supplier,SKU_D,0,0,0,0
33,Supplier,SKU_E,0,0,0,0
33,W1,SKU_A,1050,0,0,814
33,W1,SKU_B,709,0,0,1142
33,W1,SKU_C,2477,0,0,612
33,W1,SKU_D,349,0,0,455
33,W1,SKU_E,1533,0,0,0
33,W2,SKU_A,1552,0,0,0
33,W2,SKU_B,1105,0,0,0
33,W2,SKU_C,1785,0,0,0
33,W2,SKU_D,1774,0,0,0
33,W2,SKU_E,249,0,0,1184
33,R1,SKU_A,29,0,0,764
33,R1,SKU_B,458,0,0,206
33,R1,SKU_C,144,0,0,0
33,R1,SKU_D,498,0,0,0
33,R1,SKU_E,0,0,0,84
33,R2,SKU_A,442,0,0,814
33,R2,SKU_B,149,0,0,0
33,R2,SKU_C,609,0,0,0
33,R2,SKU_D,223,0,0,0
33,R2,SKU_E,360,0,0,0
33,R3,SKU_A,1669,0,0,0
33,R3,SKU_B,0,0,0,182
33,R3,SKU_C,1141,0,0,0
33,R3,SKU_D,1732,0,0,0
33,R3,SKU_E,550,0,0,385
34,Supplier,SKU_A,0,0,0,0
34,Supplier,SKU_B,0,0,0,0
34,Supplier,SKU_C,0,0,0,0
34,Supplier,SKU_D,0,0,0,0
34,Supplier,SKU_E,0,0,0,0
34,W1,SKU_A,1050,0,0,1578
34,W1,SKU_B,1542,0,0,0
34,W1,SKU_C,2175,0,0,612
34,W1,SKU_D,470,0,0,155
34,W1,SKU_E,1448,0,0,0
34,W2,SKU_A,1552,0,0,0
34,W2,SKU_B,890,0,0,0
34,W2,SKU_C,1785,0,0,0
34,W2,SKU_D,1774,0,0,0
34,W2,SKU_E,249,0,0,1184
34,R1,SKU_A,0,159,0,764
34,R1,SKU_B,574,0,0,0
34,R1,SKU_C,0,3,0,302
34,R1,SKU_D,410,0,0,0
34,R1,SKU_E,17,0,0,85
34,R2,SKU_A,360,0,0,814
34,R2,SKU_B,80,0,0,309
34,R2,SKU_C,554,0,0,0
34,R2,SKU_D,180,0,0,179
34,R2,SKU_E,322,0,0,0
34,R3,SKU_A,1476,0,0,0
34,R3,SKU_B,0,63,0,397
34,R3,SKU_C,997,0,0,0
34,R3,SKU_D,1632,0,0,0
34,R3,SKU_E,482,0,0,385
35,Supplier,SKU_A,0,0,0,0
35,Supplier,SKU_B,0,0,0,0
35,Supplier,SKU_C,0,0,0,0
35,Supplier,SKU_D,0,0,0,0
35,Supplier,SKU_E,0,0,0,0
35,W1,SKU_A,1050,0,0,1578
35,W1,SKU_B,1335,0,0,0
35,W1,SKU_C,2462,0,0,627
35,W1,SKU_D,272,0,0,179
35,W1,SKU_E,1448,0,0,0
35,W2,SKU_A,0,0,129,0
35,W2,SKU_B,890,0,0,0
35,W2,SKU_C,1785,0,0,0
35,W2,SKU_D,1774,0,0,0
35,W2,SKU_E,249,0,0,1184
35,R1,SKU_A,429,0,0,0
35,R1,SKU_B,514,0,0,207
35,R1,SKU_C,0,124,0,302
35,R1,SKU_D,335,0,0,353
35,R1,SKU_E,0,37,0,85
35,R2,SKU_A,1094,0,0,0
35,R2,SKU_B,4,0,0,309
35,R2,SKU_C,482,0,0,0
35,R2,SKU_D,134,0,0,179
35,R2,SKU_E,271,0,0,0
35,R3,SKU_A,1256,0,0,1552
35,R3,SKU_B,45,0,0,215
35,R3,SKU_C,840,0,0,0
35,R3,SKU_D,1539,0,0,0
35,R3,SKU_E,402,0,0,385
36,Supplier,SKU_A,0,0,0,0
36,Supplier,SKU_B,0,0,0,0
36,Supplier,SKU_C,0,0,0,0
36,Supplier,SKU_D,0,0,0,0
36,Supplier,SKU_E,0,0,0,0
36,W1,SKU_A,1050,0,0,1578
36,W1,SKU_B,1335,0,0,0
36,W1,SKU_C,2188,0,0,302
36,W1,SKU_D,272,0,0,532
36,W1,SKU_E,1327,0,0,0
36,W2,SKU_A,0,0,129,3373
36,W2,SKU_B,890,0,0,0
36,W2,SKU_C,1785,0,0,0
36,W2,SKU_D,1005,0,0,0
36,W2,SKU_E,249,0,0,1184
36,R1,SKU_A,265,0,0,0
36,R1,SKU_B,467,0,0,207
36,R1,SKU_C,85,0,0,268
36,R1,SKU_D,283,0,0,353
36,R1,SKU_E,0,2,0,121
36,R2,SKU_A,986,0,0,0
36,R2,SKU_B,0,62,0,309
36,R2,SKU_C,437,0,0,331
36,R2,SKU_D,97,0,0,179
36,R2,SKU_E,220,0,0,0
36,R3,SKU_A,1045,0,0,1552
36,R3,SKU_B,0,32,0,215
36,R3,SKU_C,718,0,0,0
36,R3,SKU_D,1447,0,0,769
36,R3,SKU_E,708,0,0,0
37,Supplier,SKU_A,0,0,0,0
37,Supplier,SKU_B,0,0,0,0
37,Supplier,SKU_C,0,0,0,0
37,Supplier,SKU_D,0,0,0,0
37,Supplier,SKU_E,0,0,0,0
37,W1,SKU_A,364,0,0,1578
37,W1,SKU_B,1335,0,0,0
37,W1,SKU_C,2188,0,0,901
37,W1,SKU_D,272,0,0,532
37,W1,SKU_E,810,0,0,0
37,W2,SKU_A,0,0,129,3373
37,W2,SKU_B,676,0,0,0
37,W2,SKU_C,766,0,0,0
37,W2,SKU_D,1005,0,0,1524
37,W2,SKU_E,0,0,123,1184
37,R1,SKU_A,149,0,0,686
37,R1,SKU_B,620,0,0,0
37,R1,SKU_C,0,2,0,268
37,R1,SKU_D,597,0,0,0
37,R1,SKU_E,0,41,0,121
37,R2,SKU_A,908,0,0,0
37,R2,SKU_B,195,0,0,0
37,R2,SKU_C,408,0,0,331
37,R2,SKU_D,242,0,0,0
37,R2,SKU_E,186,0,0,517
37,R3,SKU_A,864,0,0,1552
37,R3,SKU_B,0,105,0,429
37,R3,SKU_C,627,0,0,1019
37,R3,SKU_D,1325,0,0,769
37,R3,SKU_E,643,0,0,249
38,Supplier,SKU_A,0,0,0,0
38,Supplier,SKU_B,0,0,0,0
38,Supplier,SKU_C,0,0,0,0
38,Supplier,SKU_D,0,0,0,0
38,Supplier,SKU_E,0,0,0,0
38,W1,SKU_A,1178,0,0,1450
38,W1,SKU_B,1335,0,0,0
38,W1,SKU_C,2188,0,0,901
38,W1,SKU_D,112,0,0,532
38,W1,SKU_E,721,0,0,1032
38,W2,SKU_A,0,0,129,3373
38,W2,SKU_B,676,0,0,0
38,W2,SKU_C,766,0,0,2138
38,W2,SKU_D,1005,0,0,1524
38,W2,SKU_E,0,0,123,1184
38,R1,SKU_A,18,0,0,686
38,R1,SKU_B,551,0,0,0
38,R1,SKU_C,192,0,0,0
38,R1,SKU_D,548,0,0,0
38,R1,SKU_E,42,0,0,89
38,R2,SKU_A,822,0,0,0
38,R2,SKU_B,142,0,0,0
38,R2,SKU_C,365,0,0,331
38,R2,SKU_D,216,0,0,160
38,R2,SKU_E,144,0,0,517
38,R3,SKU_A,614,0,0,1552
38,R3,SKU_B,62,0,0,214
38,R3,SKU_C,491,0,0,1019
38,R3,SKU_D,1252,0,0,769
38,R3,SKU_E,557,0,0,249
39,Supplier,SKU_A,0,0,0,0
39,Supplier,SKU_B,0,0,0,0
39,Supplier,SKU_C,0,0,0,0
39,Supplier,SKU_D,0,0,0,0
39,Supplier,SKU_E,0,0,0,0
39,W1,SKU_A,1942,0,0,686
39,W1,SKU_B,789,0,0,0
39,W1,SKU_C,1934,0,0,901
39,W1,SKU_D,112,0,0,692
39,W1,SKU_E,721,0,0,1032
39,W2,SKU_A,0,0,129,3373
39,W2,SKU_B,676,0,0,0
39,W2,SKU_C,766,0,0,2138
39,W2,SKU_D,1005,0,0,1524
39,W2,SKU_E,1184,0,123,0
39,R1,SKU_A,571,0,0,0
39,R1,SKU_B,476,0,0,230
39,R1,SKU_C,111,0,0,254
39,R1,SKU_D,508,0,0,0
39,R1,SKU_E,0,4,0,89
39,R2,SKU_A,727,0,0,0
39,R2,SKU_B,65,0,0,316
39,R2,SKU_C,651,0,0,0
39,R2,SKU_D,165,0,0,160
39,R2,SKU_E,92,0,0,517
39,R3,SKU_A,1934,0,0,0
39,R3,SKU_B,0,11,0,214
39,R3,SKU_C,347,0,0,1019
39,R3,SKU_D,1169,0,0,769
39,R3,SKU_E,479,0,0,249
40,Supplier,SKU_A,0,0,0,0
40,Supplier,SKU_B,0,0,0,0
40,Supplier,SKU_C,0,0,0,0
40,Supplier,SKU_D,0,0,0,0
40,Supplier,SKU_E,0,0,0,0
40,W1,SKU_A,1942,0,0,686
40,W1,SKU_B,789,0,0,1268
40,W1,SKU_C,2236,0,0,853
40,W1,SKU_D,291,0,0,513
40,W1,SKU_E,637,0,0,1032
40,W2,SKU_A,0,0,129,3373
40,W2,SKU_B,482,0,0,0
40,W2,SKU_C,766,0,0,2138
40,W2,SKU_D,1005,0,0,1524
40,W2,SKU_E,1061,0,0,0
40,R1,SKU_A,427,0,0,0
40,R1,SKU_B,417,0,0,230
40,R1,SKU_C,6,0,0,254
40,R1,SKU_D,458,0,0,0
40,R1,SKU_E,46,0,0,84
40,R2,SKU_A,626,0,0,0
40,R2,SKU_B,0,11,0,316
40,R2,SKU_C,576,0,0,0
40,R2,SKU_D,112,0,0,160
40,R2,SKU_E,549,0,0,0
40,R3,SKU_A,1720,0,0,0
40,R3,SKU_B,0,92,0,408
40,R3,SKU_C,218,0,0,1019
40,R3,SKU_D,1833,0,0,0
40,R3,SKU_E,372,0,0,372
41,Supplier,SKU_A,0,0,0,0
41,Supplier,SKU_B,0,0,0,0
41,Supplier,SKU_C,0,0,0,0
41,Supplier,SKU_D,0,0,0,0
41,Supplier,SKU_E,0,0,0,0
41,W1,SKU_A,1148,0,0,686
41,W1,SKU_B,789,0,0,1268
41,W1,SKU_C,2236,0,0,853
41,W1,SKU_D,339,0,0,160
41,W1,SKU_E,637,0,0,1032
41,W2,SKU_A,0,0,129,3373
41,W2,SKU_B,482,0,0,1190
41,W2,SKU_C,766,0,0,2138
41,W2,SKU_D,1005,0,0,1524
41,W2,SKU_E,1061,0,0,0
41,R1,SKU_A,227,0,0,0
41,R1,SKU_B,552,0,0,0
41,R1,SKU_C,113,0,0,0
41,R1,SKU_D,395,0,0,305
41,R1,SKU_E,0,3,0,84
41,R2,SKU_A,524,0,0,794
41,R2,SKU_B,0,98,0,316
41,R2,SKU_C,511,0,0,0
41,R2,SKU_D,213,0,0,0
41,R2,SKU_E,487,0,0,0
41,R3,SKU_A,1453,0,0,0
41,R3,SKU_B,23,0,0,194
41,R3,SKU_C,1040,0,0,0
41,R3,SKU_D,1703,0,0,0
41,R3,SKU_E,523,0,0,123
42,Supplier,SKU_A,0,0,0,0
42,Supplier,SKU_B,0,0,0,0
42,Supplier,SKU_C,0,0,0,0
42,Supplier,SKU_D,0,0,0,0
42,Supplier,SKU_E,0,0,0,0
42,W1,SKU_A,424,0,0,1480
42,W1,SKU_B,560,0,0,1268
42,W1,SKU_C,2200,0,0,254
42,W1,SKU_D,150,0,0,465
42,W1,SKU_E,549,0,0,1032
42,W2,SKU_A,3244,0,0,0
42,W2,SKU_B,302,0,0,1190
42,W2,SKU_C,766,0,0,2138
42,W2,SKU_D,1005,0,0,1524
42,W2,SKU_E,627,0,0,0
42,R1,SKU_A,14,0,0,724
42,R1,SKU_B,435,0,0,229
42,R1,SKU_C,0,48,0,333
42,R1,SKU_D,340,0,0,305
42,R1,SKU_E,15,0,0,88
42,R2,SKU_A,412,0,0,794
42,R2,SKU_B,133,0,0,0
42,R2,SKU_C,445,0,0,302
42,R2,SKU_D,156,0,0,189
42,R2,SKU_E,426,0,0,0
42,R3,SKU_A,1195,0,0,129
42,R3,SKU_B,0,60,0,374
42,R3,SKU_C,873,0,0,0
42,R3,SKU_D,1589,0,0,0
42,R3,SKU_E,418,0,0,557
43,Supplier,SKU_A,0,0,0,0
43,Supplier,SKU_B,0,0,0,0
43,Supplier,SKU_C,0,0,0,0
43,Supplier,SKU_D,0,0,0,0
43,Supplier,SKU_E,0,0,0,0
43,W1,SKU_A,1110,0,0,1518
43,W1,SKU_B,235,0,0,1268
43,W1,SKU_C,2200,0,0,889
43,W1,SKU_D,150,0,0,654
43,W1,SKU_E,1581,0,0,0
43,W2,SKU_A,1411,0,0,0
43,W2,SKU_B,302,0,0,1190
43,W2,SKU_C,766,0,0,2138
43,W2,SKU_D,2529,0,0,0
43,W2,SKU_E,627,0,0,0
43,R1,SKU_A,0,145,0,724
43,R1,SKU_B,362,0,0,229
43,R1,SKU_C,0,185,0,333
43,R1,SKU_D,570,0,0,0
43,R1,SKU_E,0,47,0,88
43,R2,SKU_A,269,0,0,794
43,R2,SKU_B,67,0,0,325
43,R2,SKU_C,306,0,0,302
43,R2,SKU_D,84,0,0,189
43,R2,SKU_E,360,0,0,0
43,R3,SKU_A,1011,0,0,1962
43,R3,SKU_B,0,144,0,374
43,R3,SKU_C,740,0,0,0
43,R3,SKU_D,1524,0,0,0
43,R3,SKU_E,347,0,0,557
44,Supplier,SKU_A,0,0,0,0
44,Supplier,SKU_B,0,0,0,0
44,Supplier,SKU_C,0,0,0,0
44,Supplier,SKU_D,0,0,0,0
44,Supplier,SKU_E,0,0,0,0
44,W1,SKU_A,1110,0,0,1518
44,W1,SKU_B,45,0,0,1268
44,W1,SKU_C,1902,0,0,889
44,W1,SKU_D,310,0,0,494
44,W1,SKU_E,1453,0,0,0
44,W2,SKU_A,1411,0,0,1833
44,W2,SKU_B,135,0,0,1190
44,W2,SKU_C,1907,0,0,0
44,W2,SKU_D,1745,0,0,0
44,W2,SKU_E,627,0,0,0
44,R1,SKU_A,432,0,0,0
44,R1,SKU_B,527,0,0,190
44,R1,SKU_C,65,0,0,298
44,R1,SKU_D,536,0,0,0
44,R1,SKU_E,0,0,0,128
44,R2,SKU_A,956,0,0,0
44,R2,SKU_B,8,0,0,325
44,R2,SKU_C,233,0,0,302
44,R2,SKU_D,19,0,0,189
44,R2,SKU_E,311,0,0,0
44,R3,SKU_A,786,0,0,1962
44,R3,SKU_B,0,22,0,347
44,R3,SKU_C,628,0,0,997
44,R3,SKU_D,1436,0,0,784
44,R3,SKU_E,375,0,0,434
45,Supplier,SKU_A,0,0,0,0
45,Supplier,SKU_B,0,0,0,0
45,Supplier,SKU_C,0,0,0,0
45,Supplier,SKU_D,0,0,0,0
45,Supplier,SKU_E,0,0,0,0
45,W1,SKU_A,1110,0,0,1518
45,W1,SKU_B,1313,0,0,0
45,W1,SKU_C,2156,0,0,933
45,W1,SKU_D,116,0,0,494
45,W1,SKU_E,1453,0,0,0
45,W2,SKU_A,1411,0,0,1833
45,W2,SKU_B,135,0,0,1190
45,W2,SKU_C,1907,0,0,0
45,W2,SKU_D,1745,0,0,0
45,W2,SKU_E,627,0,0,0
45,R1,SKU_A,256,0,0,0
45,R1,SKU_B,436,0,0,190
45,R1,SKU_C,0,0,0,298
45,R1,SKU_D,461,0,0,0
45,R1,SKU_E,0,52,0,128
45,R2,SKU_A,857,0,0,0
45,R2,SKU_B,0,47,0,325
45,R2,SKU_C,496,0,0,0
45,R2,SKU_D,160,0,0,194
45,R2,SKU_E,257,0,0,0
45,R3,SKU_A,622,0,0,1962
45,R3,SKU_B,0,107,0,347
45,R3,SKU_C,481,0,0,997
45,R3,SKU_D,1359,0,0,784
45,R3,SKU_E,302,0,0,434
46,Supplier,SKU_A,0,0,0,0
46,Supplier,SKU_B,0,0,0,0
46,Supplier,SKU_C,0,0,0,0
46,Supplier,SKU_D,0,0,0,0
46,Supplier,SKU_E,0,0,0,0
46,W1,SKU_A,415,0,0,1518
46,W1,SKU_B,1313,0,0,0
46,W1,SKU_C,1839,0,0,933
46,W1,SKU_D,0,0,186,688
46,W1,SKU_E,1360,0,0,0
46,W2,SKU_A,1411,0,0,1833
46,W2,SKU_B,135,0,0,1190
46,W2,SKU_C,1907,0,0,0
46,W2,SKU_D,1745,0,0,0
46,W2,SKU_E,627,0,0,0
46,R1,SKU_A,89,0,0,695
46,R1,SKU_B,547,0,0,0
46,R1,SKU_C,211,0,0,0
46,R1,SKU_D,402,0,0,116
46,R1,SKU_E,26,0,0,93
46,R2,SKU_A,757,0,0,0
46,R2,SKU_B,203,0,0,0
46,R2,SKU_C,448,0,0,317
46,R2,SKU_D,112,0,0,194
46,R2,SKU_E,221,0,0,0
46,R3,SKU_A,552,0,0,1833
46,R3,SKU_B,10,0,0,167
46,R3,SKU_C,363,0,0,997
46,R3,SKU_D,1277,0,0,784
46,R3,SKU_E,667,0,0,0
47,Supplier,SKU_A,0,0,0,0
47,Supplier,SKU_B,0,0,0,0
47,Supplier,SKU_C,0,0,0,0
47,Supplier,SKU_D,0,0,0,0
47,Supplier,SKU_E,0,0,0,0
47,W1,SKU_A,1209,0,0,1419
47,W1,SKU_B,1079,0,0,0
47,W1,SKU_C,1839,0,0,1250
47,W1,SKU_D,119,0,0,685
47,W1,SKU_E,844,0,0,0
47,W2,SKU_A,1411,0,0,1833
47,W2,SKU_B,1105,0,0,0
47,W2,SKU_C,1907,0,0,0
47,W2,SKU_D,1745,0,0,0
47,W2,SKU_E,214,0,0,0
47,R1,SKU_A,0,93,0,695
47,R1,SKU_B,469,0,0,234
47,R1,SKU_C,59,0,0,0
47,R1,SKU_D,328,0,0,302
47,R1,SKU_E,0,23,0,93
47,R2,SKU_A,632,0,0,0
47,R2,SKU_B,118,0,0,0
47,R2,SKU_C,378,0,0,317
47,R2,SKU_D,60,0,0,194
47,R2,SKU_E,162,0,0,516
47,R3,SKU_A,2106,0,0,0
47,R3,SKU_B,0,48,0,387
47,R3,SKU_C,199,0,0,997
47,R3,SKU_D,1165,0,0,784
47,R3,SKU_E,584,0,0,413
48,Supplier,SKU_A,0,0,0,0
48,Supplier,SKU_B,0,0,0,0
48,Supplier,SKU_C,0,0,0,0
48,Supplier,SKU_D,0,0,0,0
48,Supplier,SKU_E,0,0,0,0
48,W1,SKU_A,1145,0,0,695
48,W1,SKU_B,739,0,0,0
48,W1,SKU_C,2087,0,0,615
48,W1,SKU_D,308,0,0,496
48,W1,SKU_E,745,0,0,998
48,W2,SKU_A,1411,0,0,1833
48,W2,SKU_B,1105,0,0,0
48,W2,SKU_C,1907,0,0,0
48,W2,SKU_D,1745,0,0,0
48,W2,SKU_E,214,0,0,1219
48,R1,SKU_A,418,0,0,0
48,R1,SKU_B,391,0,0,234
48,R1,SKU_C,0,113,0,387
48,R1,SKU_D,374,0,0,186
48,R1,SKU_E,11,0,0,99
48,R2,SKU_A,526,0,0,788
48,R2,SKU_B,28,0,0,340
48,R2,SKU_C,272,0,0,317
48,R2,SKU_D,210,0,0,0
48,R2,SKU_E,92,0,0,516
48,R3,SKU_A,1850,0,0,0
48,R3,SKU_B,62,0,0,220
48,R3,SKU_C,1021,0,0,0
48,R3,SKU_D,1847,0,0,0
48,R3,SKU_E,503,0,0,413
49,Supplier,SKU_A,0,0,0,0
49,Supplier,SKU_B,0,0,0,0
49,Supplier,SKU_C,0,0,0,0
49,Supplier,SKU_D,0,0,0,0
49,Supplier,SKU_E,0,0,0,0
49,W1,SKU_A,1145,0,0,1483
49,W1,SKU_B,739,0,0,1318
49,W1,SKU_C,2087,0,0,1002
49,W1,SKU_D,116,0,0,496
49,W1,SKU_E,745,0,0,998
49,W2,SKU_A,1411,0,0,1833
49,W2,SKU_B,1105,0,0,0
49,W2,SKU_C,1907,0,0,0
49,W2,SKU_D,1745,0,0,0
49,W2,SKU_E,214,0,0,1219
49,R1,SKU_A,238,0,0,0
49,R1,SKU_B,514,0,0,0
49,R1,SKU_C,0,248,0,387
49,R1,SKU_D,490,0,0,0
49,R1,SKU_E,0,45,0,99
49,R2,SKU_A,402,0,0,788
49,R2,SKU_B,0,85,0,340
49,R2,SKU_C,482,0,0,0
49,R2,SKU_D,177,0,0,192
49,R2,SKU_E,17,0,0,516
49,R3,SKU_A,1601,0,0,0
49,R3,SKU_B,0,11,0,220
49,R3,SKU_C,835,0,0,0
49,R3,SKU_D,1725,0,0,0
49,R3,SKU_E,419,0,0,413
50,Supplier,SKU_A,0,0,0,0
50,Supplier,SKU_B,0,0,0,0
50,Supplier,SKU_C,0,0,0,0
50,Supplier,SKU_D,0,0,0,0
50,Supplier,SKU_E,0,0,0,0
50,W1,SKU_A,432,0,0,1483
50,W1,SKU_B,472,0,0,1318
50,W1,SKU_C,1747,0,0,704
50,W1,SKU_D,116,0,0,688
50,W1,SKU_E,630,0,0,998
50,W2,SKU_A,3244,0,0,0
50,W2,SKU_B,917,0,0,0
50,W2,SKU_C,1907,0,0,0
50,W2,SKU_D,1745,0,0,0
50,W2,SKU_E,214,0,0,1219
50,R1,SKU_A,92,0,0,713
50,R1,SKU_B,442,0,0,267
50,R1,SKU_C,48,0,0,307
50,R1,SKU_D,443,0,0,0
50,R1,SKU_E,0,5,0,115
50,R2,SKU_A,320,0,0,788
50,R2,SKU_B,0,128,0,340
50,R2,SKU_C,448,0,0,331
50,R2,SKU_D,135,0,0,192
50,R2,SKU_E,511,0,0,0
50,R3,SKU_A,1397,0,0,0
50,R3,SKU_B,0,96,0,408
50,R3,SKU_C,638,0,0,0
50,R3,SKU_D,1618,0,0,0
50,R3,SKU_E,349,0,0,413
51,Supplier,SKU_A,0,0,0,0
51,Supplier,SKU_B,0,0,0,0
51,Supplier,SKU_C,0,0,0,0
51,Supplier,SKU_D,0,0,0,0
51,Supplier,SKU_E,0,0,0,0
51,W1,SKU_A,432,0,0,2196
51,W1,SKU_B,472,0,0,1318
51,W1,SKU_C,1747,0,0,1342
51,W1,SKU_D,0,0,10,494
51,W1,SKU_E,630,0,0,998
51,W2,SKU_A,1484,0,0,0
51,W2,SKU_B,917,0,0,0
51,W2,SKU_C,808,0,0,0
51,W2,SKU_D,1745,0,0,0
51,W2,SKU_E,214,0,0,1219
51,R1,SKU_A,0,43,0,713
51,R1,SKU_B,392,0,0,267
51,R1,SKU_C,0,29,0,307
51,R1,SKU_D,395,0,0,310
51,R1,SKU_E,0,37,0,115
51,R2,SKU_A,1012,0,0,0
51,R2,SKU_B,145,0,0,0
51,R2,SKU_C,411,0,0,331
51,R2,SKU_D,88,0,0,192
51,R2,SKU_E,477,0,0,0
51,R3,SKU_A,1258,0,0,1760
51,R3,SKU_B,82,0,0,188
51,R3,SKU_C,574,0,0,1099
51,R3,SKU_D,1537,0,0,0
51,R3,SKU_E,699,0,0,0
52,Supplier,SKU_A,0,0,0,0
52,Supplier,SKU_B,0,0,0,0
52,Supplier,SKU_C,0,0,0,0
52,Supplier,SKU_D,0,0,0,0
52,Supplier,SKU_E,0,0,0,0
52,W1,SKU_A,1127,0,0,1501
52,W1,SKU_B,159,0,0,1318
52,W1,SKU_C,2064,0,0,1025
52,W1,SKU_D,292,0,0,512
52,W1,SKU_E,539,0,0,998
52,W2,SKU_A,1484,0,0,0
52,W2,SKU_B,917,0,0,0
52,W2,SKU_C,808,0,0,2096
52,W2,SKU_D,974,0,0,0
52,W2,SKU_E,0,0,167,1219
52,R1,SKU_A,521,0,0,0
52,R1,SKU_B,602,0,0,0
52,R1,SKU_C,192,0,0,0
52,R1,SKU_D,349,0,0,320
52,R1,SKU_E,35,0,0,91
52,R2,SKU_A,913,0,0,0
52,R2,SKU_B,54,0,0,313
52,R2,SKU_C,346,0,0,331
52,R2,SKU_D,232,0,0,0
52,R2,SKU_E,435,0,0,0
52,R3,SKU_A,1116,0,0,1760
52,R3,SKU_B,43,0,0,188
52,R3,SKU_C,497,0,0,1099
52,R3,SKU_D,1486,0,0,771
52,R3,SKU_E,652,0,0,214
53,Supplier,SKU_A,0,0,0,0
53,Supplier,SKU_B,0,0,0,0
53,Supplier,SKU_C,0,0,0,0
53,Supplier,SKU_D,0,0,0,0
53,Supplier,SKU_E,0,0,0,0
53,W1,SKU_A,1127,0,0,1501
53,W1,SKU_B,0,0,20,1318
53,W1,SKU_C,1810,0,0,1025
53,W1,SKU_D,122,0,0,512
53,W1,SKU_E,1537,0,0,0
53,W2,SKU_A,1484,0,0,0
53,W2,SKU_B,751,0,0,0
53,W2,SKU_C,808,0,0,2096
53,W2,SKU_D,974,0,0,1555
53,W2,SKU_E,0,0,167,1219
53,R1,SKU_A,374,0,0,0
53,R1,SKU_B,549,0,0,159
53,R1,SKU_C,75,0,0,254
53,R1,SKU_D,601,0,0,10
53,R1,SKU_E,0,14,0,91
53,R2,SKU_A,804,0,0,0
53,R2,SKU_B,0,2,0,313
53,R2,SKU_C,620,0,0,0
53,R2,SKU_D,182,0,0,170
53,R2,SKU_E,401,0,0,0
53,R3,SKU_A,922,0,0,1760
53,R3,SKU_B,0,23,0,354
53,R3,SKU_C,378,0,0,1099
53,R3,SKU_D,1399,0,0,771
53,R3,SKU_E,573,0,0,214
54,Supplier,SKU_A,0,0,0,0
54,Supplier,SKU_B,0,0,0,0
54,Supplier,SKU_C,0,0,0,0
54,Supplier,SKU_D,0,0,0,0
54,Supplier,SKU_E,0,0,0,0
54,W1,SKU_A,1915,0,0,713
54,W1,SKU_B,1298,0,0,0
54,W1,SKU_C,2197,0,0,892
54,W1,SKU_D,122,0,0,682
54,W1,SKU_E,1445,0,0,0
54,W2,SKU_A,1484,0,0,0
54,W2,SKU_B,751,0,0,0
54,W2,SKU_C,808,0,0,2096
54,W2,SKU_D,974,0,0,1555
54,W2,SKU_E,1219,0,167,0
54,R1,SKU_A,227,0,0,0
54,R1,SKU_B,470,0,0,179
54,R1,SKU_C,0,64,0,254
54,R1,SKU_D,544,0,0,0
54,R1,SKU_E,29,0,0,92
54,R2,SKU_A,721,0,0,0
54,R2,SKU_B,0,84,0,313
54,R2,SKU_C,557,0,0,0
54,R2,SKU_D,142,0,0,170
54,R2,SKU_E,358,0,0,0
54,R3,SKU_A,705,0,0,1760
54,R3,SKU_B,93,0,0,166
54,R3,SKU_C,228,0,0,1099
54,R3,SKU_D,1277,0,0,771
54,R3,SKU_E,488,0,0,214
55,Supplier,SKU_A,0,0,0,0
55,Supplier,SKU_B,0,0,0,0
55,Supplier,SKU_C,0,0,0,0
55,Supplier,SKU_D,0,0,0,0
55,Supplier,SKU_E,0,0,0,0
55,W1,SKU_A,1191,0,0,713
55,W1,SKU_B,1298,0,0,0
55,W1,SKU_C,1941,0,0,892
55,W1,SKU_D,314,0,0,490
55,W1,SKU_E,1445,0,0,0
55,W2,SKU_A,1484,0,0,0
55,W2,SKU_B,751,0,0,0
55,W2,SKU_C,808,0,0,2096
55,W2,SKU_D,974,0,0,1555
55,W2,SKU_E,1219,0,167,0
55,R1,SKU_A,34,0,0,724
55,R1,SKU_B,540,0,0,20
55,R1,SKU_C,0,12,0,256
55,R1,SKU_D,464,0,0,0
55,R1,SKU_E,0,23,0,92
55,R2,SKU_A,595,0,0,0
55,R2,SKU_B,124,0,0,0
55,R2,SKU_C,474,0,0,0
55,R2,SKU_D,95,0,0,170
55,R2,SKU_E,305,0,0,0
55,R3,SKU_A,2179,0,0,0
55,R3,SKU_B,0,4,0,166
55,R3,SKU_C,1088,0,0,0
55,R3,SKU_D,1155,0,0,771
55,R3,SKU_E,375,0,0,214
56,Supplier,SKU_A,0,0,0,0
56,Supplier,SKU_B,0,0,0,0
56,Supplier,SKU_C,0,0,0,0
56,Supplier,SKU_D,0,0,0,0
56,Supplier,SKU_E,0,0,0,0
56,W1,SKU_A,1079,0,0,724
56,W1,SKU_B,743,0,0,0
56,W1,SKU_C,2240,0,0,510
56,W1,SKU_D,15,0,0,490
56,W1,SKU_E,1345,0,0,0
56,W2,SKU_A,1484,0,0,0
56,W2,SKU_B,516,0,0,0
56,W2,SKU_C,808,0,0,2096
56,W2,SKU_D,974,0,0,1555
56,W2,SKU_E,1052,0,0,0
56,R1,SKU_A,0,169,0,724
56,R1,SKU_B,456,0,0,221
56,R1,SKU_C,0,153,0,256
56,R1,SKU_D,399,0,0,299
56,R1,SKU_E,2,0,0,100
56,R2,SKU_A,482,0,0,825
56,R2,SKU_B,59,0,0,334
56,R2,SKU_C,409,0,0,339
56,R2,SKU_D,204,0,0,0
56,R2,SKU_E,257,0,0,0
56,R3,SKU_A,1903,0,0,0
56,R3,SKU_B,0,64,0,401
56,R3,SKU_C,876,0,0,0
56,R3,SKU_D,1809,0,0,0
56,R3,SKU_E,516,0,0,167
57,Supplier,SKU_A,0,0,0,0
57,Supplier,SKU_B,0,0,0,0
57,Supplier,SKU_C,0,0,0,0
57,Supplier,SKU_D,0,0,0,0
57,Supplier,SKU_E,0,0,0,0
57,W1,SKU_A,1079,0,0,1549
57,W1,SKU_B,743,0,0,1314
57,W1,SKU_C,1897,0,0,849
57,W1,SKU_D,137,0,0,469
57,W1,SKU_E,1345,0,0,0
57,W2,SKU_A,1484,0,0,0
57,W2,SKU_B,516,0,0,0
57,W2,SKU_C,808,0,0,2096
57,W2,SKU_D,974,0,0,1555
57,W2,SKU_E,655,0,0,0
57,R1,SKU_A,436,0,0,0
57,R1,SKU_B,404,0,0,221
57,R1,SKU_C,12,0,0,343
57,R1,SKU_D,358,0,0,299
57,R1,SKU_E,0,36,0,100
57,R2,SKU_A,379,0,0,825
57,R2,SKU_B,13,0,0,334
57,R2,SKU_C,366,0,0,339
57,R2,SKU_D,165,0,0,198
57,R2,SKU_E,226,0,0,0
57,R3,SKU_A,1748,0,0,0
57,R3,SKU_B,59,0,0,235
57,R3,SKU_C,747,0,0,0
57,R3,SKU_D,1756,0,0,0
57,R3,SKU_E,437,0,0,564
58,Supplier,SKU_A,0,0,0,0
58,Supplier,SKU_B,0,0,0,0
58,Supplier,SKU_C,0,0,0,0
58,Supplier,SKU_D,0,0,0,0
58,Supplier,SKU_E,0,0,0,0
58,W1,SKU_A,1079,0,0,1549
58,W1,SKU_B,743,0,0,1314
58,W1,SKU_C,1897,0,0,1192
58,W1,SKU_D,137,0,0,667
58,W1,SKU_E,729,0,0,0
58,W2,SKU_A,1484,0,0,0
58,W2,SKU_B,516,0,0,0
58,W2,SKU_C,1914,0,0,0
58,W2,SKU_D,974,0,0,1555
58,W2,SKU_E,655,0,0,0
58,R1,SKU_A,294,0,0,0
58,R1,SKU_B,552,0,0,0
58,R1,SKU_C,0,67,0,343
58,R1,SKU_D,612,0,0,0
58,R1,SKU_E,29,0,0,105
58,R2,SKU_A,286,0,0,825
58,R2,SKU_B,0,32,0,334
58,R2,SKU_C,326,0,0,339
58,R2,SKU_D,126,0,0,198
58,R2,SKU_E,191,0,0,511
58,R3,SKU_A,1575,0,0,0
58,R3,SKU_B,25,0,0,235
58,R3,SKU_C,622,0,0,990
58,R3,SKU_D,1676,0,0,0
58,R3,SKU_E,365,0,0,564
59,Supplier,SKU_A,0,0,0,0
59,Supplier,SKU_B,0,0,0,0
59,Supplier,SKU_C,0,0,0,0
59,Supplier,SKU_D,0,0,0,0
59,Supplier,SKU_E,0,0,0,0
59,W1,SKU_A,1079,0,0,1549
59,W1,SKU_B,514,0,0,1314
59,W1,SKU_C,2151,0,0,938
59,W1,SKU_D,307,0,0,497
59,W1,SKU_E,729,0,0,1113
59,W2,SKU_A,1484,0,0,0
59,W2,SKU_B,516,0,0,0
59,W2,SKU_C,1914,0,0,0
59,W2,SKU_D,2529,0,0,0
59,W2,SKU_E,655,0,0,0
59,R1,SKU_A,154,0,0,0
59,R1,SKU_B,473,0,0,229
59,R1,SKU_C,162,0,0,0
59,R1,SKU_D,565,0,0,0
59,R1,SKU_E,0,7,0,105
59,R2,SKU_A,1017,0,0,0
59,R2,SKU_B,239,0,0,0
59,R2,SKU_C,604,0,0,0
59,R2,SKU_D,84,0,0,198
59,R2,SKU_E,160,0,0,511
59,R3,SKU_A,1424,0,0,0
59,R3,SKU_B,0,13,0,235
59,R3,SKU_C,477,0,0,990
59,R3,SKU_D,1585,0,0,0
59,R3,SKU_E,312,0,0,564
60,Supplier,SKU_A,0,0,0,0
60,Supplier,SKU_B,0,0,0,0
60,Supplier,SKU_C,0,0,0,0
60,Supplier,SKU_D,0,0,0,0
60,Supplier,SKU_E,0,0,0,0
60,W1,SKU_A,282,0,0,1549
60,W1,SKU_B,514,0,0,1314
60,W1,SKU_C,1867,0,0,938
60,W1,SKU_D,307,0,0,497
60,W1,SKU_E,729,0,0,1113
60,W2,SKU_A,0,0,249,0
60,W2,SKU_B,341,0,0,0
60,W2,SKU_C,1914,0,0,0
60,W2,SKU_D,2529,0,0,0
60,W2,SKU_E,655,0,0,0
60,R1,SKU_A,0,14,0,797
60,R1,SKU_B,411,0,0,229
60,R1,SKU_C,56,0,0,284
60,R1,SKU_D,509,0,0,0
60,R1,SKU_E,68,0,0,0
60,R2,SKU_A,895,0,0,0
60,R2,SKU_B,168,0,0,0
60,R2,SKU_C,529,0,0,0
60,R2,SKU_D,236,0,0,0
60,R2,SKU_E,123,0,0,511
60,R3,SKU_A,1255,0,0,1484
60,R3,SKU_B,160,0,0,175
60,R3,SKU_C,358,0,0,990
60,R3,SKU_D,1488,0,0,0
60,R3,SKU_E,424,0,0,397
61,Supplier,SKU_A,0,0,0,0
61,Supplier,SKU_B,0,0,0,0
61,Supplier,SKU_C,0,0,0,0
61,Supplier,SKU_D,0,0,0,0
61,Supplier,SKU_E,0,0,0,0
61,W1,SKU_A,1006,0,0,1622
61,W1,SKU_B,224,0,0,1314
61,W1,SKU_C,1839,0,0,966
61,W1,SKU_D,141,0,0,497
61,W1,SKU_E,628,0,0,1113
61,W2,SKU_A,0,0,249,3493
61,W2,SKU_B,341,0,0,1331
61,W2,SKU_C,1914,0,0,0
61,W2,SKU_D,1709,0,0,0
61,W2,SKU_E,655,0,0,0
61,R1,SKU_A,0,171,0,797
61,R1,SKU_B,573,0,0,0
61,R1,SKU_C,0,95,0,284
61,R1,SKU_D,449,0,0,0
61,R1,SKU_E,27,0,0,101
61,R2,SKU_A,772,0,0,0
61,R2,SKU_B,103,0,0,290
61,R2,SKU_C,458,0,0,284
61,R2,SKU_D,185,0,0,166
61,R2,SKU_E,593,0,0,0
61,R3,SKU_A,1057,0,0,1484
61,R3,SKU_B,121,0,0,175
61,R3,SKU_C,214,0,0,990
61,R3,SKU_D,1414,0,0,820
61,R3,SKU_E,753,0,0,0
62,Supplier,SKU_A,0,0,0,0
62,Supplier,SKU_B,0,0,0,0
62,Supplier,SKU_C,0,0,0,0
62,Supplier,SKU_D,0,0,0,0
62,Supplier,SKU_E,0,0,0,0
62,W1,SKU_A,1831,0,0,797
62,W1,SKU_B,1330,0,0,0
62,W1,SKU_C,1921,0,0,911
62,W1,SKU_D,126,0,0,364
62,W1,SKU_E,628,0,0,1113
62,W2,SKU_A,0,0,249,3493
62,W2,SKU_B,341,0,0,1331
62,W2,SKU_C,1914,0,0,0
62,W2,SKU_D,1709,0,0,0
62,W2,SKU_E,655,0,0,0
62,R1,SKU_A,436,0,0,0
62,R1,SKU_B,480,0,0,208
62,R1,SKU_C,30,0,0,257
62,R1,SKU_D,375,0,0,314
62,R1,SKU_E,0,20,0,101
62,R2,SKU_A,634,0,0,0
62,R2,SKU_B,27,0,0,290
62,R2,SKU_C,384,0,0,284
62,R2,SKU_D,153,0,0,166
62,R2,SKU_E,547,0,0,0
62,R3,SKU_A,788,0,0,1484
62,R3,SKU_B,41,0,0,175
62,R3,SKU_C,1030,0,0,0
62,R3,SKU_D,1302,0,0,820
62,R3,SKU_E,669,0,0,0
63,Supplier,SKU_A,0,0,0,0
63,Supplier,SKU_B,0,0,0,0
63,Supplier,SKU_C,0,0,0,0
63,Supplier,SKU_D,0,0,0,0
63,Supplier,SKU_E,0,0,0,0
63,W1,SKU_A,1045,0,0,797
63,W1,SKU_B,1330,0,0,0
63,W1,SKU_C,2264,0,0,825
63,W1,SKU_D,324,0,0,480
63,W1,SKU_E,540,0,0,1113
63,W2,SKU_A,0,0,249,3493
63,W2,SKU_B,160,0,0,1331
63,W2,SKU_C,1914,0,0,0
63,W2,SKU_D,1709,0,0,0
63,W2,SKU_E,244,0,0,0
63,R1,SKU_A,246,0,0,0
63,R1,SKU_B,369,0,0,208
63,R1,SKU_C,0,127,0,257
63,R1,SKU_D,310,0,0,314
63,R1,SKU_E,32,0,0,88
63,R2,SKU_A,516,0,0,786
63,R2,SKU_B,0,35,0,290
63,R2,SKU_C,297,0,0,284
63,R2,SKU_D,112,0,0,166
63,R2,SKU_E,502,0,0,0
63,R3,SKU_A,537,0,0,1484
63,R3,SKU_B,0,25,0,356
63,R3,SKU_C,910,0,0,0
63,R3,SKU_D,1189,0,0,820
63,R3,SKU_E,599,0,0,411
64,Supplier,SKU_A,0,0,0,0
64,Supplier,SKU_B,0,0,0,0
64,Supplier,SKU_C,0,0,0,0
64,Supplier,SKU_D,0,0,0,0
64,Supplier,SKU_E,0,0,0,0
64,W1,SKU_A,340,0,0,1583
64,W1,SKU_B,1126,0,0,0
64,W1,SKU_C,1948,0,0,825
64,W1,SKU_D,324,0,0,480
64,W1,SKU_E,1653,0,0,0
64,W2,SKU_A,0,0,249,3493
64,W2,SKU_B,160,0,0,1331
64,W2,SKU_C,1914,0,0,0
64,W2,SKU_D,1709,0,0,0
64,W2,SKU_E,244,0,0,1189
64,R1,SKU_A,122,0,0,705
64,R1,SKU_B,513,0,0,204
64,R1,SKU_C,42,0,0,316
64,R1,SKU_D,553,0,0,0
64,R1,SKU_E,0,9,0,88
64,R2,SKU_A,426,0,0,786
64,R2,SKU_B,195,0,0,0
64,R2,SKU_C,529,0,0,0
64,R2,SKU_D,235,0,0,0
64,R2,SKU_E,468,0,0,0
64,R3,SKU_A,1838,0,0,0
64,R3,SKU_B,94,0,0,181
64,R3,SKU_C,811,0,0,0
64,R3,SKU_D,1114,0,0,820
64,R3,SKU_E,551,0,0,411
65,Supplier,SKU_A,0,0,0,0
65,Supplier,SKU_B,0,0,0,0
65,Supplier,SKU_C,0,0,0,0
65,Supplier,SKU_D,0,0,0,0
65,Supplier,SKU_E,0,0,0,0
65,W1,SKU_A,340,0,0,2288
65,W1,SKU_B,1126,0,0,0
65,W1,SKU_C,1664,0,0,1141
65,W1,SKU_D,157,0,0,480
65,W1,SKU_E,1563,0,0,0
65,W2,SKU_A,0,0,249,3493
65,W2,SKU_B,160,0,0,1331
65,W2,SKU_C,1914,0,0,0
65,W2,SKU_D,1709,0,0,0
65,W2,SKU_E,244,0,0,1189
65,R1,SKU_A,0,26,0,705
65,R1,SKU_B,436,0,0,204
65,R1,SKU_C,0,28,0,316
65,R1,SKU_D,511,0,0,0
65,R1,SKU_E,47,0,0,90
65,R2,SKU_A,326,0,0,786
65,R2,SKU_B,120,0,0,0
65,R2,SKU_C,451,0,0,284
65,R2,SKU_D,179,0,0,167
65,R2,SKU_E,433,0,0,0
65,R3,SKU_A,1693,0,0,0
65,R3,SKU_B,64,0,0,181
65,R3,SKU_C,726,0,0,0
65,R3,SKU_D,1842,0,0,0
65,R3,SKU_E,507,0,0,411
66,Supplier,SKU_A,0,0,0,0
66,Supplier,SKU_B,0,0,0,0
66,Supplier,SKU_C,0,0,0,0
66,Supplier,SKU_D,0,0,0,0
66,Supplier,SKU_E,0,0,0,0
66,W1,SKU_A,1137,0,0,1491
66,W1,SKU_B,788,0,0,0
66,W1,SKU_C,1948,0,0,1141
66,W1,SKU_D,157,0,0,647
66,W1,SKU_E,1563,0,0,0
66,W2,SKU_A,0,0,249,3493
66,W2,SKU_B,160,0,0,1331
66,W2,SKU_C,903,0,0,0
66,W2,SKU_D,1709,0,0,0
66,W2,SKU_E,244,0,0,1189
66,R1,SKU_A,543,0,0,0
66,R1,SKU_B,551,0,0,0
66,R1,SKU_C,185,0,0,0
66,R1,SKU_D,471,0,0,0
66,R1,SKU_E,0,10,0,90
66,R2,SKU_A,1016,0,0,0
66,R2,SKU_B,42,0,0,338
66,R2,SKU_C,384,0,0,284
66,R2,SKU_D,127,0,0,167
66,R2,SKU_E,387,0,0,0
66,R3,SKU_A,1534,0,0,0
66,R3,SKU_B,25,0,0,181
66,R3,SKU_C,637,0,0,1011
66,R3,SKU_D,1765,0,0,0
66,R3,SKU_E,420,0,0,411
67,Supplier,SKU_A,0,0,0,0
67,Supplier,SKU_B,0,0,0,0
67,Supplier,SKU_C,0,0,0,0
67,Supplier,SKU_D,0,0,0,0
67,Supplier,SKU_E,0,0,0,0
67,W1,SKU_A,1137,0,0,1491
67,W1,SKU_B,558,0,0,1269
67,W1,SKU_C,1971,0,0,857
67,W1,SKU_D,31,0,0,481
67,W1,SKU_E,1474,0,0,0
67,W2,SKU_A,3244,0,0,0
67,W2,SKU_B,1300,0,0,0
67,W2,SKU_C,903,0,0,2001
67,W2,SKU_D,1709,0,0,0
67,W2,SKU_E,244,0,0,1189
67,R1,SKU_A,383,0,0,0
67,R1,SKU_B,470,0,0,230
67,R1,SKU_C,87,0,0,261
67,R1,SKU_D,415,0,0,292
67,R1,SKU_E,36,0,0,89
67,R2,SKU_A,889,0,0,0
67,R2,SKU_B,0,17,0,338
67,R2,SKU_C,325,0,0,284
67,R2,SKU_D,70,0,0,167
67,R2,SKU_E,324,0,0,0
67,R3,SKU_A,1313,0,0,249
67,R3,SKU_B,143,0,0,191
67,R3,SKU_C,474,0,0,1011
67,R3,SKU_D,1660,0,0,0
67,R3,SKU_E,740,0,0,0
68,Supplier,SKU_A,0,0,0,0
68,Supplier,SKU_B,0,0,0,0
68,Supplier,SKU_C,0,0,0,0
68,Supplier,SKU_D,0,0,0,0
68,Supplier,SKU_E,0,0,0,0
68,W1,SKU_A,1137,0,0,1491
68,W1,SKU_B,558,0,0,1269
68,W1,SKU_C,2228,0,0,861
68,W1,SKU_D,180,0,0,459
68,W1,SKU_E,1474,0,0,0
68,W2,SKU_A,1649,0,0,0
68,W2,SKU_B,1300,0,0,0
68,W2,SKU_C,903,0,0,2001
68,W2,SKU_D,1709,0,0,0
68,W2,SKU_E,244,0,0,1189
68,R1,SKU_A,161,0,0,0
68,R1,SKU_B,365,0,0,230
68,R1,SKU_C,0,97,0,261
68,R1,SKU_D,319,0,0,292
68,R1,SKU_E,0,37,0,89
68,R2,SKU_A,722,0,0,0
68,R2,SKU_B,0,123,0,338
68,R2,SKU_C,506,0,0,0
68,R2,SKU_D,166,0,0,165
68,R2,SKU_E,257,0,0,0
68,R3,SKU_A,994,0,0,1844
68,R3,SKU_B,67,0,0,191
68,R3,SKU_C,248,0,0,1011
68,R3,SKU_D,1500,0,0,0
68,R3,SKU_E,634,0,0,0
69,Supplier,SKU_A,0,0,0,0
69,Supplier,SKU_B,0,0,0,0
69,Supplier,SKU_C,0,0,0,0
69,Supplier,SKU_D,0,0,0,0
69,Supplier,SKU_E,0,0,0,0
69,W1,SKU_A,1133,0,0,705
69,W1,SKU_B,372,0,0,1269
69,W1,SKU_C,1639,0,0,861
69,W1,SKU_D,180,0,0,624
69,W1,SKU_E,1357,0,0,0
69,W2,SKU_A,1649,0,0,0
69,W2,SKU_B,1300,0,0,0
69,W2,SKU_C,903,0,0,2001
69,W2,SKU_D,901,0,0,0
69,W2,SKU_E,0,0,202,1189
69,R1,SKU_A,0,13,0,790
69,R1,SKU_B,503,0,0,186
69,R1,SKU_C,18,0,0,282
69,R1,SKU_D,537,0,0,0
69,R1,SKU_E,14,0,0,117
69,R2,SKU_A,600,0,0,0
69,R2,SKU_B,129,0,0,0
69,R2,SKU_C,438,0,0,307
69,R2,SKU_D,98,0,0,165
69,R2,SKU_E,212,0,0,0
69,R3,SKU_A,717,0,0,1844
69,R3,SKU_B,0,2,0,191
69,R3,SKU_C,24,0,0,1011
69,R3,SKU_D,1375,0,0,808
69,R3,SKU_E,539,0,0,244
70,Supplier,SKU_A,0,0,0,0
70,Supplier,SKU_B,0,0,0,0
70,Supplier,SKU_C,0,0,0,0
70,Supplier,SKU_D,0,0,0,0
70,Supplier,SKU_E,0,0,0,0
70,W1,SKU_A,1018,0,0,790
70,W1,SKU_B,43,0,0,1269
70,W1,SKU_C,1955,0,0,1134
70,W1,SKU_D,180,0,0,624
70,W1,SKU_E,832,0,0,0
70,W2,SKU_A,1649,0,0,0
70,W2,SKU_B,1092,0,0,0
70,W2,SKU_C,903,0,0,2001
70,W2,SKU_D,901,0,0,1628
70,W2,SKU_E,987,0,0,0
70,R1,SKU_A,0,194,0,790
70,R1,SKU_B,390,0,0,186
70,R1,SKU_C,0,126,0,282
70,R1,SKU_D,464,0,0,0
70,R1,SKU_E,0,27,0,117
70,R2,SKU_A,483,0,0,820
70,R2,SKU_B,56,0,0,329
70,R2,SKU_C,349,0,0,307
70,R2,SKU_D,59,0,0,165
70,R2,SKU_E,157,0,0,525
70,R3,SKU_A,430,0,0,1844
70,R3,SKU_B,0,56,0,399
70,R3,SKU_C,830,0,0,0
70,R3,SKU_D,1255,0,0,808
70,R3,SKU_E,454,0,0,446
71,Supplier,SKU_A,0,0,0,0
71,Supplier,SKU_B,0,0,0,0
71,Supplier,SKU_C,0,0,0,0
71,Supplier,SKU_D,0,0,0,0
71,Supplier,SKU_E,0,0,0,0
71,W1,SKU_A,1018,0,0,1610
71,W1,SKU_B,0,0,162,1269
71,W1,SKU_C,1949,0,0,850
71,W1,SKU_D,0,0,130,457
71,W1,SKU_E,753,0,0,1010
71,W2,SKU_A,1649,0,0,0
71,W2,SKU_B,1092,0,0,0
71,W2,SKU_C,903,0,0,2001
71,W2,SKU_D,901,0,0,1628
71,W2,SKU_E,987,0,0,0
71,R1,SKU_A,432,0,0,0
71,R1,SKU_B,494,0,0,43
71,R1,SKU_C,55,0,0,290
71,R1,SKU_D,401,0,0,299
71,R1,SKU_E,52,0,0,79
71,R2,SKU_A,382,0,0,820
71,R2,SKU_B,0,5,0,329
71,R2,SKU_C,284,0,0,307
71,R2,SKU_D,179,0,0,48
71,R2,SKU_E,91,0,0,525
71,R3,SKU_A,445,0,0,1595
71,R3,SKU_B,71,0,0,208
71,R3,SKU_C,665,0,0,0
71,R3,SKU_D,1160,0,0,808
71,R3,SKU_E,375,0,0,446
72,Supplier,SKU_A,0,0,0,0
72,Supplier,SKU_B,0,0,0,0
72,Supplier,SKU_C,0,0,0,0
72,Supplier,SKU_D,0,0,0,0
72,Supplier,SKU_E,0,0,0,0
72,W1,SKU_A,1018,0,0,1610
72,W1,SKU_B,1269,0,162,0
72,W1,SKU_C,1949,0,0,1140
72,W1,SKU_D,0,0,130,934
72,W1,SKU_E,753,0,0,1010
72,W2,SKU_A,1649,0,0,0
72,W2,SKU_B,1092,0,0,0
72,W2,SKU_C,0,0,169,2001
72,W2,SKU_D,901,0,0,1628
72,W2,SKU_E,987,0,0,0
72,R1,SKU_A,273,0,0,0
72,R1,SKU_B,421,0,0,43
72,R1,SKU_C,0,56,0,290
72,R1,SKU_D,345,0,0,299
72,R1,SKU_E,0,3,0,79
72,R2,SKU_A,273,0,0,820
72,R2,SKU_B,0,73,0,329
72,R2,SKU_C,546,0,0,0
72,R2,SKU_D,143,0,0,48
72,R2,SKU_E,21,0,0,525
72,R3,SKU_A,1854,0,0,0
72,R3,SKU_B,19,0,0,208
72,R3,SKU_C,567,0,0,903
72,R3,SKU_D,1059,0,0,808
72,R3,SKU_E,300,0,0,446
73,Supplier,SKU_A,0,0,0,0
73,Supplier,SKU_B,0,0,0,0
73,Supplier,SKU_C,0,0,0,0
73,Supplier,SKU_D,0,0,0,0
73,Supplier,SKU_E,0,0,0,0
73,W1,SKU_A,340,0,0,1610
73,W1,SKU_B,1107,0,0,0
73,W1,SKU_C,2210,0,0,879
73,W1,SKU_D,162,0,0,642
73,W1,SKU_E,660,0,0,1010
73,W2,SKU_A,1649,0,0,0
73,W2,SKU_B,922,0,0,0
73,W2,SKU_C,1832,0,0,0
73,W2,SKU_D,901,0,0,1628
73,W2,SKU_E,987,0,0,0
73,R1,SKU_A,143,0,0,678
73,R1,SKU_B,411,0,0,162
73,R1,SKU_C,128,0,0,0
73,R1,SKU_D,592,0,0,0
73,R1,SKU_E,31,0,0,93
73,R2,SKU_A,995,0,0,0
73,R2,SKU_B,200,0,0,0
73,R2,SKU_C,513,0,0,0
73,R2,SKU_D,95,0,0,178
73,R2,SKU_E,516,0,0,0
73,R3,SKU_A,1692,0,0,0
73,R3,SKU_B,0,31,0,378
73,R3,SKU_C,469,0,0,1072
73,R3,SKU_D,1767,0,0,0
73,R3,SKU_E,480,0,0,202
74,Supplier,SKU_A,0,0,0,0
74,Supplier,SKU_B,0,0,0,0
74,Supplier,SKU_C,0,0,0,0
74,Supplier,SKU_D,0,0,0,0
74,Supplier,SKU_E,0,0,0,0
74,W1,SKU_A,340,0,0,2288
74,W1,SKU_B,899,0,0,0
74,W1,SKU_C,1592,0,0,879
74,W1,SKU_D,327,0,0,477
74,W1,SKU_E,660,0,0,1010
74,W2,SKU_A,1649,0,0,0
74,W2,SKU_B,922,0,0,0
74,W2,SKU_C,1832,0,0,0
74,W2,SKU_D,901,0,0,1628
74,W2,SKU_E,589,0,0,0
74,R1,SKU_A,0,2,0,678
74,R1,SKU_B,324,0,0,370
74,R1,SKU_C,11,0,0,318
74,R1,SKU_D,542,0,0,0
74,R1,SKU_E,0,4,0,93
74,R2,SKU_A,898,0,0,0
74,R2,SKU_B,149,0,0,0
74,R2,SKU_C,475,0,0,300
74,R2,SKU_D,83,0,0,130
74,R2,SKU_E,467,0,0,0
74,R3,SKU_A,1459,0,0,0
74,R3,SKU_B,91,0,0,170
74,R3,SKU_C,332,0,0,1072
74,R3,SKU_D,1669,0,0,0
74,R3,SKU_E,595,0,0,398
75,Supplier,SKU_A,0,0,0,0
75,Supplier,SKU_B,0,0,0,0
75,Supplier,SKU_C,0,0,0,0
75,Supplier,SKU_D,0,0,0,0
75,Supplier,SKU_E,0,0,0,0
75,W1,SKU_A,1130,0,0,1498
75,W1,SKU_B,590,0,0,1158
75,W1,SKU_C,2181,0,0,908
75,W1,SKU_D,138,0,0,477
75,W1,SKU_E,580,0,0,1010
75,W2,SKU_A,0,0,49,0
75,W2,SKU_B,922,0,0,0
75,W2,SKU_C,1832,0,0,0
75,W2,SKU_D,901,0,0,1628
75,W2,SKU_E,589,0,0,0
75,R1,SKU_A,490,0,0,0
75,R1,SKU_B,395,0,0,208
75,R1,SKU_C,0,98,0,318
75,R1,SKU_D,483,0,0,0
75,R1,SKU_E,34,0,0,80
75,R2,SKU_A,789,0,0,0
75,R2,SKU_B,90,0,0,309
75,R2,SKU_C,432,0,0,300
75,R2,SKU_D,26,0,0,319
75,R2,SKU_E,422,0,0,0
75,R3,SKU_A,1198,0,0,1649
75,R3,SKU_B,11,0,0,170
75,R3,SKU_C,198,0,0,1072
75,R3,SKU_D,1549,0,0,0
75,R3,SKU_E,505,0,0,398
76,Supplier,SKU_A,0,0,0,0
76,Supplier,SKU_B,0,0,0,0
76,Supplier,SKU_C,0,0,0,0
76,Supplier,SKU_D,0,0,0,0
76,Supplier,SKU_E,0,0,0,0
76,W1,SKU_A,1950,0,0,678
76,W1,SKU_B,412,0,0,1158
76,W1,SKU_C,2181,0,0,908
76,W1,SKU_D,138,0,0,666
76,W1,SKU_E,1590,0,0,0
76,W2,SKU_A,0,0,49,3293
76,W2,SKU_B,706,0,0,0
76,W2,SKU_C,1832,0,0,0
76,W2,SKU_D,1770,0,0,0
76,W2,SKU_E,589,0,0,0
76,R1,SKU_A,273,0,0,0
76,R1,SKU_B,490,0,0,178
76,R1,SKU_C,47,0,0,0
76,R1,SKU_D,392,0,0,0
76,R1,SKU_E,0,23,0,80
76,R2,SKU_A,664,0,0,0
76,R2,SKU_B,0,10,0,309
76,R2,SKU_C,340,0,0,300
76,R2,SKU_D,99,0,0,189
76,R2,SKU_E,373,0,0,0
76,R3,SKU_A,917,0,0,1649
76,R3,SKU_B,0,75,0,386
76,R3,SKU_C,912,0,0,169
76,R3,SKU_D,1439,0,0,759
76,R3,SKU_E,422,0,0,398
77,Supplier,SKU_A,0,0,0,0
77,Supplier,SKU_B,0,0,0,0
77,Supplier,SKU_C,0,0,0,0
77,Supplier,SKU_D,0,0,0,0
77,Supplier,SKU_E,0,0,0,0
77,W1,SKU_A,516,0,0,678
77,W1,SKU_B,412,0,0,1158
77,W1,SKU_C,2072,0,0,618
77,W1,SKU_D,244,0,0,189
77,W1,SKU_E,1478,0,0,0
77,W2,SKU_A,0,0,49,3293
77,W2,SKU_B,706,0,0,0
77,W2,SKU_C,1832,0,0,0
77,W2,SKU_D,1770,0,0,0
77,W2,SKU_E,589,0,0,0
77,R1,SKU_A,39,0,0,678
77,R1,SKU_B,376,0,0,178
77,R1,SKU_C,0,124,0,399
77,R1,SKU_D,299,0,0,371
77,R1,SKU_E,2,0,0,112
77,R2,SKU_A,509,0,0,756
77,R2,SKU_B,0,93,0,309
77,R2,SKU_C,565,0,0,0
77,R2,SKU_D,53,0,0,189
77,R2,SKU_E,311,0,0,0
77,R3,SKU_A,616,0,0,1649
77,R3,SKU_B,0,13,0,216
77,R3,SKU_C,950,0,0,0
77,R3,SKU_D,1341,0,0,759
77,R3,SKU_E,310,0,0,398
78,Supplier,SKU_A,0,0,0,0
78,Supplier,SKU_B,0,0,0,0
78,Supplier,SKU_C,0,0,0,0
78,Supplier,SKU_D,0,0,0,0
78,Supplier,SKU_E,0,0,0,0
78,W1,SKU_A,516,0,0,2112
78,W1,SKU_B,185,0,0,1158
78,W1,SKU_C,2072,0,0,1017
78,W1,SKU_D,84,0,0,560
78,W1,SKU_E,1478,0,0,0
78,W2,SKU_A,0,0,49,3293
78,W2,SKU_B,512,0,0,0
78,W2,SKU_C,1832,0,0,0
78,W2,SKU_D,1770,0,0,0
78,W2,SKU_E,217,0,0,0
78,R1,SKU_A,0,102,0,678
78,R1,SKU_B,488,0,0,227
78,R1,SKU_C,0,234,0,399
78,R1,SKU_D,243,0,0,371
78,R1,SKU_E,0,36,0,112
78,R2,SKU_A,398,0,0,756
78,R2,SKU_B,143,0,0,0
78,R2,SKU_C,512,0,0,0
78,R2,SKU_D,206,0,0,160
78,R2,SKU_E,253,0,0,0
78,R3,SKU_A,391,0,0,1649
78,R3,SKU_B,0,106,0,410
78,R3,SKU_C,813,0,0,0
78,R3,SKU_D,1251,0,0,759
78,R3,SKU_E,624,0,0,372
79,Supplier,SKU_A,0,0,0,0
79,Supplier,SKU_B,0,0,0,0
79,Supplier,SKU_C,0,0,0,0
79,Supplier,SKU_D,0,0,0,0
79,Supplier,SKU_E,0,0,0,0
79,W1,SKU_A,1194,0,0,1434
79,W1,SKU_B,0,0,130,1158
79,W1,SKU_C,1490,0,0,1017
79,W1,SKU_D,84,0,0,720
79,W1,SKU_E,901,0,0,0
79,W2,SKU_A,0,0,49,3293
79,W2,SKU_B,512,0,0,0
79,W2,SKU_C,1832,0,0,0
79,W2,SKU_D,1770,0,0,0
79,W2,SKU_E,217,0,0,1216
79,R1,SKU_A,421,0,0,0
79,R1,SKU_B,427,0,0,227
79,R1,SKU_C,41,0,0,281
79,R1,SKU_D,556,0,0,0
79,R1,SKU_E,35,0,0,93
79,R2,SKU_A,288,0,0,756
79,R2,SKU_B,87,0,0,185
79,R2,SKU_C,461,0,0,301
79,R2,SKU_D,175,0,0,160
79,R2,SKU_E,209,0,0,484
79,R3,SKU_A,1824,0,0,0
79,R3,SKU_B,0,173,0,410
79,R3,SKU_C,701,0,0,0
79,R3,SKU_D,1152,0,0,759
79,R3,SKU_E,545,0,0,372
80,Supplier,SKU_A,0,0,0,0
80,Supplier,SKU_B,0,0,0,0
80,Supplier,SKU_C,0,0,0,0
80,Supplier,SKU_D,0,0,0,0
80,Supplier,SKU_E,0,0,0,0
80,W1,SKU_A,1194,0,0,1434
80,W1,SKU_B,1158,0,130,0
80,W1,SKU_C,2108,0,0,981
80,W1,SKU_D,84,0,0,720
80,W1,SKU_E,901,0,0,941
80,W2,SKU_A,0,0,49,3293
80,W2,SKU_B,352,0,0,0
80,W2,SKU_C,796,0,0,0
80,W2,SKU_D,1770,0,0,0
80,W2,SKU_E,217,0,0,1216
80,R1,SKU_A,285,0,0,0
80,R1,SKU_B,591,0,0,0
80,R1,SKU_C,0,91,0,281
80,R1,SKU_D,476,0,0,0
80,R1,SKU_E,0,12,0,93
80,R2,SKU_A,929,0,0,0
80,R2,SKU_B,3,0,0,185
80,R2,SKU_C,412,0,0,301
80,R2,SKU_D,130,0,0,160
80,R2,SKU_E,150,0,0,484
80,R3,SKU_A,1637,0,0,0
80,R3,SKU_B,0,28,0,354
80,R3,SKU_C,576,0,0,1036
80,R3,SKU_D,1815,0,0,0
80,R3,SKU_E,471,0,0,372
81,Supplier,SKU_A,0,0,0,0
81,Supplier,SKU_B,0,0,0,0
81,Supplier,SKU_C,0,0,0,0
81,Supplier,SKU_D,0,0,0,0
81,Supplier,SKU_E,0,0,0,0
81,W1,SKU_A,528,0,0,1434
81,W1,SKU_B,838,0,0,0
81,W1,SKU_C,1852,0,0,981
81,W1,SKU_D,0,0,14,531
81,W1,SKU_E,813,0,0,941
81,W2,SKU_A,0,0,49,3293
81,W2,SKU_B,352,0,0,1320
81,W2,SKU_C,796,0,0,2108
81,W2,SKU_D,1770,0,0,0
81,W2,SKU_E,217,0,0,1216
81,R1,SKU_A,146,0,0,666
81,R1,SKU_B,518,0,0,190
81,R1,SKU_C,77,0,0,256
81,R1,SKU_D,415,0,0,273
81,R1,SKU_E,37,0,0,88
81,R2,SKU_A,806,0,0,0
81,R2,SKU_B,0,69,0,315
81,R2,SKU_C,351,0,0,301
81,R2,SKU_D,251,0,0,0
81,R2,SKU_E,89,0,0,484
81,R3,SKU_A,1453,0,0,0
81,R3,SKU_B,0,115,0,354
81,R3,SKU_C,437,0,0,1036
81,R3,SKU_D,1726,0,0,0
81,R3,SKU_E,383,0,0,372
82,Supplier,SKU_A,0,0,0,0
82,Supplier,SKU_B,0,0,0,0
82,Supplier,SKU_C,0,0,0,0
82,Supplier,SKU_D,0,0,0,0
82,Supplier,SKU_E,0,0,0,0
82,W1,SKU_A,528,0,0,2100
82,W1,SKU_B,838,0,0,1219
82,W1,SKU_C,1852,0,0,1237
82,W1,SKU_D,0,0,14,818
82,W1,SKU_E,813,0,0,941
82,W2,SKU_A,1589,0,0,0
82,W2,SKU_B,352,0,0,1320
82,W2,SKU_C,796,0,0,2108
82,W2,SKU_D,1770,0,0,0
82,W2,SKU_E,217,0,0,1216
82,R1,SKU_A,0,39,0,666
82,R1,SKU_B,392,0,0,190
82,R1,SKU_C,0,68,0,256
82,R1,SKU_D,330,0,0,273
82,R1,SKU_E,0,28,0,88
82,R2,SKU_A,669,0,0,0
82,R2,SKU_B,9,0,0,130
82,R2,SKU_C,572,0,0,0
82,R2,SKU_D,205,0,0,0
82,R2,SKU_E,500,0,0,0
82,R3,SKU_A,1198,0,0,1704
82,R3,SKU_B,0,35,0,160
82,R3,SKU_C,227,0,0,1036
82,R3,SKU_D,1600,0,0,0
82,R3,SKU_E,644,0,0,0
83,Supplier,SKU_A,0,0,0,0
83,Supplier,SKU_B,0,0,0,0
83,Supplier,SKU_C,0,0,0,0
83,Supplier,SKU_D,0,0,0,0
83,Supplier,SKU_E,0,0,0,0
83,W1,SKU_A,1211,0,0,666
83,W1,SKU_B,320,0,0,1219
83,W1,SKU_C,1993,0,0,838
83,W1,SKU_D,160,0,0,447
83,W1,SKU_E,704,0,0,941
83,W2,SKU_A,1589,0,0,0
83,W2,SKU_B,80,0,0,1320
83,W2,SKU_C,796,0,0,2108
83,W2,SKU_D,1770,0,0,0
83,W2,SKU_E,0,0,219,1216
83,R1,SKU_A,453,0,0,0
83,R1,SKU_B,467,0,0,199
83,R1,SKU_C,10,0,0,258
83,R1,SKU_D,496,0,0,14
83,R1,SKU_E,11,0,0,109
83,R2,SKU_A,541,0,0,751
83,R2,SKU_B,0,74,0,449
83,R2,SKU_C,495,0,0,0
83,R2,SKU_D,148,0,0,197
83,R2,SKU_E,454,0,0,0
83,R3,SKU_A,881,0,0,1704
83,R3,SKU_B,0,121,0,432
83,R3,SKU_C,0,14,0,1036
83,R3,SKU_D,1464,0,0,0
83,R3,SKU_E,532,0,0,217
84,Supplier,SKU_A,0,0,0,0
84,Supplier,SKU_B,0,0,0,0
84,Supplier,SKU_C,0,0,0,0
84,Supplier,SKU_D,0,0,0,0
84,Supplier,SKU_E,0,0,0,0
84,W1,SKU_A,1211,0,0,1417
84,W1,SKU_B,320,0,0,1219
84,W1,SKU_C,1675,0,0,1096
84,W1,SKU_D,320,0,0,484
84,W1,SKU_E,704,0,0,941
84,W2,SKU_A,1589,0,0,0
84,W2,SKU_B,80,0,0,1320
84,W2,SKU_C,796,0,0,2108
84,W2,SKU_D,926,0,0,0
84,W2,SKU_E,0,0,219,1216
84,R1,SKU_A,222,0,0,0
84,R1,SKU_B,355,0,0,199
84,R1,SKU_C,0,210,0,258
84,R1,SKU_D,400,0,0,14
84,R1,SKU_E,0,66,0,109
84,R2,SKU_A,418,0,0,751
84,R2,SKU_B,0,47,0,319
84,R2,SKU_C,397,0,0,318
84,R2,SKU_D,90,0,0,197
84,R2,SKU_E,383,0,0,0
84,R3,SKU_A,598,0,0,1704
84,R3,SKU_B,0,67,0,272
84,R3,SKU_C,781,0,0,0
84,R3,SKU_D,1342,0,0,844
84,R3,SKU_E,444,0,0,217
85,Supplier,SKU_A,0,0,0,0
85,Supplier,SKU_B,0,0,0,0
85,Supplier,SKU_C,0,0,0,0
85,Supplier,SKU_D,0,0,0,0
85,Supplier,SKU_E,0,0,0,0
85,W1,SKU_A,482,0,0,1417
85,W1,SKU_B,93,0,0,1219
85,W1,SKU_C,1859,0,0,832
85,W1,SKU_D,0,0,29,484
85,W1,SKU_E,1519,0,0,0
85,W2,SKU_A,1589,0,0,0
85,W2,SKU_B,0,0,112,1320
85,W2,SKU_C,796,0,0,2108
85,W2,SKU_D,926,0,0,1603
85,W2,SKU_E,997,0,0,0
85,R1,SKU_A,35,0,0,729
85,R1,SKU_B,466,0,0,227
85,R1,SKU_C,0,95,0,398
85,R1,SKU_D,349,0,0,320
85,R1,SKU_E,0,7,0,126
85,R2,SKU_A,330,0,0,751
85,R2,SKU_B,0,116,0,319
85,R2,SKU_C,315,0,0,318
85,R2,SKU_D,26,0,0,197
85,R2,SKU_E,342,0,0,0
85,R3,SKU_A,394,0,0,1704
85,R3,SKU_B,0,140,0,352
85,R3,SKU_C,642,0,0,0
85,R3,SKU_D,1245,0,0,844
85,R3,SKU_E,362,0,0,436
86,Supplier,SKU_A,0,0,0,0
86,Supplier,SKU_B,0,0,0,0
86,Supplier,SKU_C,0,0,0,0
86,Supplier,SKU_D,0,0,0,0
86,Supplier,SKU_E,0,0,0,0
86,W1,SKU_A,482,0,0,2146
86,W1,SKU_B,93,0,0,1219
86,W1,SKU_C,1859,0,0,1230
86,W1,SKU_D,0,0,208,833
86,W1,SKU_E,1519,0,0,0
86,W2,SKU_A,1589,0,0,0
86,W2,SKU_B,0,0,112,1320
86,W2,SKU_C,0,0,299,2108
86,W2,SKU_D,926,0,0,1603
86,W2,SKU_E,997,0,0,0
86,R1,SKU_A,0,129,0,729
86,R1,SKU_B,399,0,0,227
86,R1,SKU_C,0,203,0,398
86,R1,SKU_D,286,0,0,320
86,R1,SKU_E,0,45,0,126
86,R2,SKU_A,957,0,0,0
86,R2,SKU_B,144,0,0,0
86,R2,SKU_C,260,0,0,318
86,R2,SKU_D,187,0,0,0
86,R2,SKU_E,294,0,0,0
86,R3,SKU_A,1882,0,0,0
86,R3,SKU_B,0,206,0,352
86,R3,SKU_C,511,0,0,796
86,R3,SKU_D,1171,0,0,844
86,R3,SKU_E,281,0,0,436
87,Supplier,SKU_A,0,0,0,0
87,Supplier,SKU_B,0,0,0,0
87,Supplier,SKU_C,0,0,0,0
87,Supplier,SKU_D,0,0,0,0
87,Supplier,SKU_E,0,0,0,0
87,W1,SKU_A,1148,0,0,1480
87,W1,SKU_B,998,0,0,0
87,W1,SKU_C,2115,0,0,974
87,W1,SKU_D,79,0,0,725
87,W1,SKU_E,1431,0,0,0
87,W2,SKU_A,1589,0,0,0
87,W2,SKU_B,1208,0,0,0
87,W2,SKU_C,1809,0,0,0
87,W2,SKU_D,926,0,0,1603
87,W2,SKU_E,634,0,0,0
87,R1,SKU_A,457,0,0,0
87,R1,SKU_B,555,0,0,0
87,R1,SKU_C,91,0,0,0
87,R1,SKU_D,536,0,0,29
87,R1,SKU_E,39,0,0,88
87,R2,SKU_A,879,0,0,0
87,R2,SKU_B,101,0,0,314
87,R2,SKU_C,545,0,0,0
87,R2,SKU_D,171,0,0,179
87,R2,SKU_E,242,0,0,0
87,R3,SKU_A,1745,0,0,0
87,R3,SKU_B,4,0,0,192
87,R3,SKU_C,390,0,0,1095
87,R3,SKU_D,1086,0,0,844
87,R3,SKU_E,432,0,0,582
88,Supplier,SKU_A,0,0,0,0
88,Supplier,SKU_B,0,0,0,0
88,Supplier,SKU_C,0,0,0,0
88,Supplier,SKU_D,0,0,0,0
88,Supplier,SKU_E,0,0,0,0
88,W1,SKU_A,1148,0,0,1480
88,W1,SKU_B,772,0,0,0
88,W1,SKU_C,1760,0,0,974
88,W1,SKU_D,79,0,0,725
88,W1,SKU_E,936,0,0,0
88,W2,SKU_A,1589,0,0,0
88,W2,SKU_B,1007,0,0,0
88,W2,SKU_C,1809,0,0,0
88,W2,SKU_D,926,0,0,1603
88,W2,SKU_E,634,0,0,0
88,R1,SKU_A,312,0,0,0
88,R1,SKU_B,471,0,0,226
88,R1,SKU_C,0,54,0,355
88,R1,SKU_D,469,0,0,29
88,R1,SKU_E,0,10,0,88
88,R2,SKU_A,773,0,0,0
88,R2,SKU_B,11,0,0,314
88,R2,SKU_C,499,0,0,0
88,R2,SKU_D,142,0,0,179
88,R2,SKU_E,205,0,0,495
88,R3,SKU_A,1536,0,0,0
88,R3,SKU_B,0,72,0,393
88,R3,SKU_C,253,0,0,1095
88,R3,SKU_D,1831,0,0,0
88,R3,SKU_E,372,0,0,582
89,Supplier,SKU_A,0,0,0,0
89,Supplier,SKU_B,0,0,0,0
89,Supplier,SKU_C,0,0,0,0
89,Supplier,SKU_D,0,0,0,0
89,Supplier,SKU_E,0,0,0,0
89,W1,SKU_A,1899,0,0,729
89,W1,SKU_B,772,0,0,1285
89,W1,SKU_C,1704,0,0,1071
89,W1,SKU_D,276,0,0,528
89,W1,SKU_E,845,0,0,906
89,W2,SKU_A,0,0,32,0
89,W2,SKU_B,1007,0,0,0
89,W2,SKU_C,1809,0,0,0
89,W2,SKU_D,926,0,0,1603
89,W2,SKU_E,634,0,0,0
89,R1,SKU_A,98,0,0,0
89,R1,SKU_B,376,0,0,226
89,R1,SKU_C,0,227,0,355
89,R1,SKU_D,422,0,0,0
89,R1,SKU_E,25,0,0,91
89,R2,SKU_A,657,0,0,0
89,R2,SKU_B,0,54,0,314
89,R2,SKU_C,444,0,0,314
89,R2,SKU_D,99,0,0,179
89,R2,SKU_E,162,0,0,495
89,R3,SKU_A,1278,0,0,1589
89,R3,SKU_B,0,75,0,313
89,R3,SKU_C,31,0,0,1095
89,R3,SKU_D,1702,0,0,0
89,R3,SKU_E,499,0,0,363
90,Supplier,SKU_A,0,0,0,0
90,Supplier,SKU_B,0,0,0,0
90,Supplier,SKU_C,0,0,0,0
90,Supplier,SKU_D,0,0,0,0
90,Supplier,SKU_E,0,0,0,0
90,W1,SKU_A,283,0,0,729
90,W1,SKU_B,593,0,0,1285
90,W1,SKU_C,1704,0,0,1067
90,W1,SKU_D,0,0,65,528
90,W1,SKU_E,845,0,0,906
90,W2,SKU_A,0,0,32,3276
90,W2,SKU_B,848,0,0,0
90,W2,SKU_C,1809,0,0,0
90,W2,SKU_D,926,0,0,1603
90,W2,SKU_E,634,0,0,0
90,R1,SKU_A,0,106,0,853
90,R1,SKU_B,479,0,0,179
90,R1,SKU_C,0,45,0,318
90,R1,SKU_D,329,0,0,276
90,R1,SKU_E,0,51,0,91
90,R2,SKU_A,534,0,0,763
90,R2,SKU_B,176,0,0,0
90,R2,SKU_C,368,0,0,314
90,R2,SKU_D,235,0,0,0
90,R2,SKU_E,122,0,0,495
90,R3,SKU_A,1010,0,0,1589
90,R3,SKU_B,0,148,0,472
90,R3,SKU_C,577,0,0,299
90,R3,SKU_D,1560,0,0,0
90,R3,SKU_E,411,0,0,363
91,Supplier,SKU_A,0,0,0,0
91,Supplier,SKU_B,0,0,0,0
91,Supplier,SKU_C,0,0,0,0
91,Supplier,SKU_D,0,0,0,0
91,Supplier,SKU_E,0,0,0,0
91,W1,SKU_A,1012,0,0,1616
91,W1,SKU_B,311,0,0,1285
91,W1,SKU_C,2102,0,0,987
91,W1,SKU_D,117,0,0,520
91,W1,SKU_E,716,0,0,906
91,W2,SKU_A,0,0,32,3276
91,W2,SKU_B,848,0,0,0
91,W2,SKU_C,1809,0,0,0
91,W2,SKU_D,1781,0,0,0
91,W2,SKU_E,634,0,0,0
91,R1,SKU_A,0,344,0,853
91,R1,SKU_B,381,0,0,179
91,R1,SKU_C,0,246,0,318
91,R1,SKU_D,239,0,0,341
91,R1,SKU_E,0,31,0,129
91,R2,SKU_A,422,0,0,763
91,R2,SKU_B,91,0,0,282
91,R2,SKU_C,308,0,0,314
91,R2,SKU_D,188,0,0,167
91,R2,SKU_E,571,0,0,0
91,R3,SKU_A,782,0,0,1589
91,R3,SKU_B,0,149,0,360
91,R3,SKU_C,655,0,0,0
91,R3,SKU_D,1444,0,0,748
91,R3,SKU_E,706,0,0,0
92,Supplier,SKU_A,0,0,0,0
92,Supplier,SKU_B,0,0,0,0
92,Supplier,SKU_C,0,0,0,0
92,Supplier,SKU_D,0,0,0,0
92,Supplier,SKU_E,0,0,0,0
92,W1,SKU_A,1012,0,0,1616
92,W1,SKU_B,90,0,0,1285
92,W1,SKU_C,1728,0,0,987
92,W1,SKU_D,296,0,0,508
92,W1,SKU_E,716,0,0,906
92,W2,SKU_A,0,0,32,3276
92,W2,SKU_B,662,0,0,0
92,W2,SKU_C,727,0,0,0
92,W2,SKU_D,1781,0,0,0
92,W2,SKU_E,260,0,0,0
92,R1,SKU_A,377,0,0,0
92,R1,SKU_B,477,0,0,221
92,R1,SKU_C,0,44,0,374
92,R1,SKU_D,449,0,0,65
92,R1,SKU_E,0,69,0,129
92,R2,SKU_A,309,0,0,763
92,R2,SKU_B,28,0,0,282
92,R2,SKU_C,573,0,0,0
92,R2,SKU_D,145,0,0,167
92,R2,SKU_E,531,0,0,0
92,R3,SKU_A,580,0,0,1589
92,R3,SKU_B,0,19,0,345
92,R3,SKU_C,495,0,0,1082
92,R3,SKU_D,1341,0,0,748
92,R3,SKU_E,634,0,0,374
93,Supplier,SKU_A,0,0,0,0
93,Supplier,SKU_B,0,0,0,0
93,Supplier,SKU_C,0,0,0,0
93,Supplier,SKU_D,0,0,0,0
93,Supplier,SKU_E,0,0,0,0
93,W1,SKU_A,1012,0,0,1616
93,W1,SKU_B,90,0,0,1285
93,W1,SKU_C,1728,0,0,1361
93,W1,SKU_D,296,0,0,508
93,W1,SKU_E,607,0,0,906
93,W2,SKU_A,0,0,32,3276
93,W2,SKU_B,662,0,0,0
93,W2,SKU_C,727,0,0,2177
93,W2,SKU_D,1781,0,0,0
93,W2,SKU_E,260,0,0,1173
93,R1,SKU_A,217,0,0,0
93,R1,SKU_B,365,0,0,221
93,R1,SKU_C,0,167,0,374
93,R1,SKU_D,448,0,0,0
93,R1,SKU_E,24,0,0,109
93,R2,SKU_A,965,0,0,0
93,R2,SKU_B,0,50,0,282
93,R2,SKU_C,484,0,0,0
93,R2,SKU_D,106,0,0,167
93,R2,SKU_E,489,0,0,0
93,R3,SKU_A,1990,0,0,0
93,R3,SKU_B,0,90,0,345
93,R3,SKU_C,355,0,0,1082
93,R3,SKU_D,1241,0,0,748
93,R3,SKU_E,574,0,0,374
94,Supplier,SKU_A,0,0,0,0
94,Supplier,SKU_B,0,0,0,0
94,Supplier,SKU_C,0,0,0,0
94,Supplier,SKU_D,0,0,0,0
94,Supplier,SKU_E,0,0,0,0
94,W1,SKU_A,278,0,0,1616
94,W1,SKU_B,1180,0,0,0
94,W1,SKU_C,1754,0,0,1006
94,W1,SKU_D,0,0,19,508
94,W1,SKU_E,1513,0,0,0
94,W2,SKU_A,0,0,32,3276
94,W2,SKU_B,662,0,0,0
94,W2,SKU_C,727,0,0,2177
94,W2,SKU_D,1781,0,0,0
94,W2,SKU_E,260,0,0,1173
94,R1,SKU_A,82,0,0,734
94,R1,SKU_B,516,0,0,195
94,R1,SKU_C,64,0,0,0
94,R1,SKU_D,399,0,0,296
94,R1,SKU_E,0,10,0,109
94,R2,SKU_A,883,0,0,0
94,R2,SKU_B,140,0,0,0
94,R2,SKU_C,432,0,0,329
94,R2,SKU_D,248,0,0,0
94,R2,SKU_E,452,0,0,0
94,R3,SKU_A,1825,0,0,0
94,R3,SKU_B,0,20,0,186
94,R3,SKU_C,240,0,0,1082
94,R3,SKU_D,1166,0,0,748
94,R3,SKU_E,497,0,0,374
95,Supplier,SKU_A,0,0,0,0
95,Supplier,SKU_B,0,0,0,0
95,Supplier,SKU_C,0,0,0,0
95,Supplier,SKU_D,0,0,0,0
95,Supplier,SKU_E,0,0,0,0
95,W1,SKU_A,278,0,0,2350
95,W1,SKU_B,862,0,0,0
95,W1,SKU_C,1686,0,0,1021
95,W1,SKU_D,0,0,173,823
95,W1,SKU_E,1513,0,0,0
95,W2,SKU_A,0,0,32,3276
95,W2,SKU_B,431,0,0,0
95,W2,SKU_C,727,0,0,2177
95,W2,SKU_D,1781,0,0,0
95,W2,SKU_E,260,0,0,1173
95,R1,SKU_A,0,79,0,734
95,R1,SKU_B,448,0,0,195
95,R1,SKU_C,0,24,0,382
95,R1,SKU_D,335,0,0,296
95,R1,SKU_E,58,0,0,0
95,R2,SKU_A,760,0,0,0
95,R2,SKU_B,67,0,0,318
95,R2,SKU_C,372,0,0,329
95,R2,SKU_D,219,0,0,0
95,R2,SKU_E,416,0,0,0
95,R3,SKU_A,1641,0,0,0
95,R3,SKU_B,0,91,0,417
95,R3,SKU_C,99,0,0,1082
95,R3,SKU_D,1821,0,0,0
95,R3,SKU_E,424,0,0,374
96,Supplier,SKU_A,0,0,0,0
96,Supplier,SKU_B,0,0,0,0
96,Supplier,SKU_C,0,0,0,0
96,Supplier,SKU_D,0,0,0,0
96,Supplier,SKU_E,0,0,0,0
96,W1,SKU_A,1894,0,0,734
96,W1,SKU_B,862,0,0,1195
96,W1,SKU_C,2004,0,0,1085
96,W1,SKU_D,168,0,0,636
96,W1,SKU_E,1402,0,0,0
96,W2,SKU_A,3276,0,32,0
96,W2,SKU_B,431,0,0,1241
96,W2,SKU_C,727,0,0,2177
96,W2,SKU_D,1781,0,0,0
96,W2,SKU_E,260,0,0,1173
96,R1,SKU_A,455,0,0,0
96,R1,SKU_B,531,0,0,0
96,R1,SKU_C,0,193,0,382
96,R1,SKU_D,553,0,0,19
96,R1,SKU_E,1,0,0,111
96,R2,SKU_A,668,0,0,0
96,R2,SKU_B,0,14,0,318
96,R2,SKU_C,313,0,0,329
96,R2,SKU_D,178,0,0,154
96,R2,SKU_E,356,0,0,0
96,R3,SKU_A,1353,0,0,0
96,R3,SKU_B,1,0,0,231
96,R3,SKU_C,951,0,0,0
96,R3,SKU_D,1677,0,0,0
96,R3,SKU_E,707,0,0,0
97,Supplier,SKU_A,0,0,0,0
97,Supplier,SKU_B,0,0,0,0
97,Supplier,SKU_C,0,0,0,0
97,Supplier,SKU_D,0,0,0,0
97,Supplier,SKU_E,0,0,0,0
97,W1,SKU_A,1142,0,0,734
97,W1,SKU_B,612,0,0,1195
97,W1,SKU_C,1747,0,0,1085
97,W1,SKU_D,335,0,0,469
97,W1,SKU_E,1402,0,0,0
97,W2,SKU_A,1472,0,0,0
97,W2,SKU_B,266,0,0,1241
97,W2,SKU_C,727,0,0,2177
97,W2,SKU_D,1781,0,0,0
97,W2,SKU_E,0,0,113,1173
97,R1,SKU_A,212,0,0,0
97,R1,SKU_B,379,0,0,250
97,R1,SKU_C,0,34,0,257
97,R1,SKU_D,448,0,0,19
97,R1,SKU_E,0,64,0,111
97,R2,SKU_A,542,0,0,752
97,R2,SKU_B,0,122,0,318
97,R2,SKU_C,555,0,0,0
97,R2,SKU_D,105,0,0,154
97,R2,SKU_E,293,0,0,0
97,R3,SKU_A,1059,0,0,1804
97,R3,SKU_B,0,101,0,396
97,R3,SKU_C,699,0,0,0
97,R3,SKU_D,1512,0,0,0
97,R3,SKU_E,593,0,0,260
98,Supplier,SKU_A,0,0,0,0
98,Supplier,SKU_B,0,0,0,0
98,Supplier,SKU_C,0,0,0,0
98,Supplier,SKU_D,0,0,0,0
98,Supplier,SKU_E,0,0,0,0
98,W1,SKU_A,403,0,0,1486
98,W1,SKU_B,612,0,0,1195
98,W1,SKU_C,2121,0,0,968
98,W1,SKU_D,39,0,0,469
98,W1,SKU_E,1280,0,0,0
98,W2,SKU_A,1472,0,0,0
98,W2,SKU_B,266,0,0,1241
98,W2,SKU_C,0,0,311,2177
98,W2,SKU_D,985,0,0,0
98,W2,SKU_E,0,0,113,1173
98,R1,SKU_A,0,24,0,739
98,R1,SKU_B,276,0,0,250
98,R1,SKU_C,0,248,0,257
98,R1,SKU_D,366,0,0,296
98,R1,SKU_E,0,16,0,122
98,R2,SKU_A,419,0,0,752
98,R2,SKU_B,106,0,0,0
98,R2,SKU_C,469,0,0,0
98,R2,SKU_D,37,0,0,154
98,R2,SKU_E,228,0,0,0
98,R3,SKU_A,739,0,0,1804
98,R3,SKU_B,0,220,0,396
98,R3,SKU_C,443,0,0,727
98,R3,SKU_D,1393,0,0,796
98,R3,SKU_E,504,0,0,260
99,Supplier,SKU_A,0,0,0,0
99,Supplier,SKU_B,0,0,0,0
99,Supplier,SKU_C,0,0,0,0
99,Supplier,SKU_D,0,0,0,0
99,Supplier,SKU_E,0,0,0,0
99,W1,SKU_A,403,0,0,2225
99,W1,SKU_B,5,0,0,1195
99,W1,SKU_C,1340,0,0,968
99,W1,SKU_D,0,0,172,765
99,W1,SKU_E,771,0,0,0
99,W2,SKU_A,1472,0,0,0
99,W2,SKU_B,45,0,0,1241
99,W2,SKU_C,1866,0,0,0
99,W2,SKU_D,985,0,0,1544
99,W2,SKU_E,1060,0,0,0
99,R1,SKU_A,0,232,0,739
99,R1,SKU_B,439,0,0,255
99,R1,SKU_C,0,133,0,437
99,R1,SKU_D,295,0,0,296
99,R1,SKU_E,0,80,0,122
99,R2,SKU_A,313,0,0,752
99,R2,SKU_B,40,0,0,352
99,R2,SKU_C,409,0,0,344
99,R2,SKU_D,138,0,0,39
99,R2,SKU_E,174,0,0,509
99,R3,SKU_A,496,0,0,1804
99,R3,SKU_B,0,65,0,386
99,R3,SKU_C,285,0,0,1038
99,R3,SKU_D,1284,0,0,796
99,R3,SKU_E,421,0,0,373
100,Supplier,SKU_A,0,0,0,0
100,Supplier,SKU_B,0,0,0,0
100,Supplier,SKU_C,0,0,0,0
100,Supplier,SKU_D,0,0,0,0
100,Supplier,SKU_E,0,0,0,0
100,W1,SKU_A,1137,0,0,1491
100,W1,SKU_B,5,0,0,1195
100,W1,SKU_C,1669,0,0,1420
100,W1,SKU_D,143,0,0,661
100,W1,SKU_E,644,0,0,1071
100,W2,SKU_A,1472,0,0,0
100,W2,SKU_B,45,0,0,1241
100,W2,SKU_C,1866,0,0,0
100,W2,SKU_D,985,0,0,1544
100,W2,SKU_E,1060,0,0,0
100,R1,SKU_A,358,0,0,0
100,R1,SKU_B,373,0,0,255
100,R1,SKU_C,0,225,0,437
100,R1,SKU_D,522,0,0,0
100,R1,SKU_E,5,0,0,127
100,R2,SKU_A,962,0,0,0
100,R2,SKU_B,0,14,0,352
100,R2,SKU_C,355,0,0,344
100,R2,SKU_D,92,0,0,211
100,R2,SKU_E,125,0,0,509
100,R3,SKU_A,278,0,0,1804
100,R3,SKU_B,0,152,0,386
100,R3,SKU_C,217,0,0,1038
100,R3,SKU_D,1171,0,0,796
100,R3,SKU_E,348,0,0,373
101,Supplier,SKU_A,0,0,0,0
101,Supplier,SKU_B,0,0,0,0
101,Supplier,SKU_C,0,0,0,0
101,Supplier,SKU_D,0,0,0,0
101,Supplier,SKU_E,0,0,0,0
101,W1,SKU_A,1137,0,0,1491
101,W1,SKU_B,1200,0,0,0
101,W1,SKU_C,2051,0,0,1038
101,W1,SKU_D,297,0,0,507
101,W1,SKU_E,644,0,0,1071
101,W2,SKU_A,1472,0,0,0
101,W2,SKU_B,0,0,118,1241
101,W2,SKU_C,1866,0,0,0
101,W2,SKU_D,985,0,0,1544
101,W2,SKU_E,701,0,0,0
101,R1,SKU_A,183,0,0,0
101,R1,SKU_B,565,0,0,0
101,R1,SKU_C,93,0,0,0
101,R1,SKU_D,448,0,0,0
101,R1,SKU_E,0,57,0,127
101,R2,SKU_A,850,0,0,0
101,R2,SKU_B,0,73,0,352
101,R2,SKU_C,293,0,0,344
101,R2,SKU_D,35,0,0,211
101,R2,SKU_E,79,0,0,509
101,R3,SKU_A,1883,0,0,0
101,R3,SKU_B,0,46,0,266
101,R3,SKU_C,71,0,0,1038
101,R3,SKU_D,1043,0,0,796
101,R3,SKU_E,533,0,0,472
102,Supplier,SKU_A,0,0,0,0
102,Supplier,SKU_B,0,0,0,0
102,Supplier,SKU_C,0,0,0,0
102,Supplier,SKU_D,0,0,0,0
102,Supplier,SKU_E,0,0,0,0
102,W1,SKU_A,369,0,0,1491
102,W1,SKU_B,984,0,0,0
102,W1,SKU_C,1698,0,0,1038
102,W1,SKU_D,0,0,174,507
102,W1,SKU_E,545,0,0,1071
102,W2,SKU_A,1472,0,0,0
102,W2,SKU_B,1241,0,118,0
102,W2,SKU_C,1866,0,0,0
102,W2,SKU_D,985,0,0,1544
102,W2,SKU_E,701,0,0,0
102,R1,SKU_A,38,0,0,768
102,R1,SKU_B,485,0,0,216
102,R1,SKU_C,0,19,0,353
102,R1,SKU_D,392,0,0,297
102,R1,SKU_E,25,0,0,99
102,R2,SKU_A,744,0,0,0
102,R2,SKU_B,213,0,0,0
102,R2,SKU_C,582,0,0,0
102,R2,SKU_D,23,0,0,172
102,R2,SKU_E,545,0,0,0
102,R3,SKU_A,1673,0,0,0
102,R3,SKU_B,0,128,0,266
102,R3,SKU_C,622,0,0,311
102,R3,SKU_D,1724,0,0,0
102,R3,SKU_E,456,0,0,472
103,Supplier,SKU_A,0,0,0,0
103,Supplier,SKU_B,0,0,0,0
103,Supplier,SKU_C,0,0,0,0
103,Supplier,SKU_D,0,0,0,0
103,Supplier,SKU_E,0,0,0,0
103,W1,SKU_A,1121,0,0,1507
103,W1,SKU_B,984,0,0,0
103,W1,SKU_C,1955,0,0,1134
103,W1,SKU_D,0,0,174,978
103,W1,SKU_E,545,0,0,1071
103,W2,SKU_A,1472,0,0,0
103,W2,SKU_B,1241,0,118,0
103,W2,SKU_C,1866,0,0,0
103,W2,SKU_D,985,0,0,1544
103,W2,SKU_E,701,0,0,0
103,R1,SKU_A,0,140,0,768
103,R1,SKU_B,368,0,0,216
103,R1,SKU_C,0,193,0,353
103,R1,SKU_D,302,0,0,297
103,R1,SKU_E,0,33,0,99
103,R2,SKU_A,624,0,0,0
103,R2,SKU_B,141,0,0,0
103,R2,SKU_C,524,0,0,0
103,R2,SKU_D,132,0,0,0
103,R2,SKU_E,492,0,0,0
103,R3,SKU_A,1433,0,0,0
103,R3,SKU_B,39,0,0,45
103,R3,SKU_C,700,0,0,0
103,R3,SKU_D,1603,0,0,0
103,R3,SKU_E,465,0,0,359
104,Supplier,SKU_A,0,0,0,0
104,Supplier,SKU_B,0,0,0,0
104,Supplier,SKU_C,0,0,0,0
104,Supplier,SKU_D,0,0,0,0
104,Supplier,SKU_E,0,0,0,0
104,W1,SKU_A,1064,0,0,768
104,W1,SKU_B,470,0,0,0
104,W1,SKU_C,1380,0,0,1134
104,W1,SKU_D,122,0,0,682
104,W1,SKU_E,442,0,0,1071
104,W2,SKU_A,0,0,252,0
104,W2,SKU_B,928,0,0,0
104,W2,SKU_C,829,0,0,0
104,W2,SKU_D,985,0,0,1544
104,W2,SKU_E,701,0,0,0
104,R1,SKU_A,402,0,0,0
104,R1,SKU_B,469,0,0,197
104,R1,SKU_C,0,61,0,286
104,R1,SKU_D,502,0,0,18
104,R1,SKU_E,1,0,0,103
104,R2,SKU_A,511,0,0,796
104,R2,SKU_B,36,0,0,317
104,R2,SKU_C,445,0,0,289
104,R2,SKU_D,67,0,0,156
104,R2,SKU_E,424,0,0,0
104,R3,SKU_A,1132,0,0,1472
104,R3,SKU_B,0,45,0,358
104,R3,SKU_C,445,0,0,1037
104,R3,SKU_D,1443,0,0,0
104,R3,SKU_E,375,0,0,359
105,Supplier,SKU_A,0,0,0,0
105,Supplier,SKU_B,0,0,0,0
105,Supplier,SKU_C,0,0,0,0
105,Supplier,SKU_D,0,0,0,0
105,Supplier,SKU_E,0,0,0,0
105,W1,SKU_A,1064,0,0,1564
105,W1,SKU_B,470,0,0,1587
105,W1,SKU_C,2161,0,0,928
105,W1,SKU_D,154,0,0,471
105,W1,SKU_E,1513,0,0,0
105,W2,SKU_A,0,0,252,3496
105,W2,SKU_B,928,0,0,0
105,W2,SKU_C,829,0,0,2075
105,W2,SKU_D,1664,0,0,0
105,W2,SKU_E,701,0,0,0
105,R1,SKU_A,133,0,0,0
105,R1,SKU_B,356,0,0,197
105,R1,SKU_C,0,332,0,286
105,R1,SKU_D,388,0,0,18
105,R1,SKU_E,0,59,0,103
105,R2,SKU_A,372,0,0,796
105,R2,SKU_B,0,56,0,317
105,R2,SKU_C,354,0,0,289
105,R2,SKU_D,0,16,0,335
105,R2,SKU_E,370,0,0,0
105,R3,SKU_A,803,0,0,1472
105,R3,SKU_B,0,78,0,313
105,R3,SKU_C,153,0,0,1037
105,R3,SKU_D,1299,0,0,865
105,R3,SKU_E,634,0,0,0
106,Supplier,SKU_A,0,0,0,0
106,Supplier,SKU_B,0,0,0,0
106,Supplier,SKU_C,0,0,0,0
106,Supplier,SKU_D,0,0,0,0
106,Supplier,SKU_E,0,0,0,0
106,W1,SKU_A,246,0,0,1564
106,W1,SKU_B,242,0,0,1587
106,W1,SKU_C,1669,0,0,928
106,W1,SKU_D,0,0,203,650
106,W1,SKU_E,1388,0,0,0
106,W2,SKU_A,0,0,252,3496
106,W2,SKU_B,766,0,0,0
106,W2,SKU_C,829,0,0,2075
106,W2,SKU_D,1664,0,0,0
106,W2,SKU_E,255,0,0,0
106,R1,SKU_A,0,28,0,818
106,R1,SKU_B,472,0,0,228
106,R1,SKU_C,0,187,0,492
106,R1,SKU_D,322,0,0,154
106,R1,SKU_E,0,9,0,125
106,R2,SKU_A,237,0,0,796
106,R2,SKU_B,0,136,0,317
106,R2,SKU_C,271,0,0,289
106,R2,SKU_D,0,54,0,335
106,R2,SKU_E,317,0,0,0
106,R3,SKU_A,555,0,0,1472
106,R3,SKU_B,0,157,0,475
106,R3,SKU_C,4,0,0,1037
106,R3,SKU_D,1208,0,0,865
106,R3,SKU_E,580,0,0,446
107,Supplier,SKU_A,0,0,0,0
107,Supplier,SKU_B,0,0,0,0
107,Supplier,SKU_C,0,0,0,0
107,Supplier,SKU_D,0,0,0,0
107,Supplier,SKU_E,0,0,0,0
107,W1,SKU_A,246,0,0,2382
107,W1,SKU_B,0,0,35,1587
107,W1,SKU_C,1669,0,0,1420
107,W1,SKU_D,0,0,203,1007
107,W1,SKU_E,1388,0,0,0
107,W2,SKU_A,0,0,252,3496
107,W2,SKU_B,766,0,0,0
107,W2,SKU_C,829,0,0,2075
107,W2,SKU_D,1664,0,0,0
107,W2,SKU_E,255,0,0,1178
107,R1,SKU_A,0,217,0,818
107,R1,SKU_B,394,0,0,228
107,R1,SKU_C,0,320,0,492
107,R1,SKU_D,253,0,0,154
107,R1,SKU_E,0,55,0,125
107,R2,SKU_A,929,0,0,0
107,R2,SKU_B,112,0,0,242
107,R2,SKU_C,508,0,0,0
107,R2,SKU_D,51,0,0,179
107,R2,SKU_E,270,0,0,0
107,R3,SKU_A,353,0,0,1472
107,R3,SKU_B,0,246,0,475
107,R3,SKU_C,0,116,0,1037
107,R3,SKU_D,1124,0,0,865
107,R3,SKU_E,513,0,0,446
108,Supplier,SKU_A,0,0,0,0
108,Supplier,SKU_B,0,0,0,0
108,Supplier,SKU_C,0,0,0,0
108,Supplier,SKU_D,0,0,0,0
108,Supplier,SKU_E,0,0,0,0
108,W1,SKU_A,1014,0,0,1614
108,W1,SKU_B,0,0,35,1587
108,W1,SKU_C,1443,0,0,1067
108,W1,SKU_D,96,0,0,536
108,W1,SKU_E,1289,0,0,0
108,W2,SKU_A,0,0,252,3496
108,W2,SKU_B,598,0,0,0
108,W2,SKU_C,829,0,0,2075
108,W2,SKU_D,1664,0,0,0
108,W2,SKU_E,255,0,0,1178
108,R1,SKU_A,407,0,0,0
108,R1,SKU_B,567,0,0,0
108,R1,SKU_C,0,2,0,274
108,R1,SKU_D,340,0,0,203
108,R1,SKU_E,21,0,0,99
108,R2,SKU_A,812,0,0,0
108,R2,SKU_B,37,0,0,242
108,R2,SKU_C,438,0,0,305
108,R2,SKU_D,190,0,0,172
108,R2,SKU_E,216,0,0,0
108,R3,SKU_A,1621,0,0,0
108,R3,SKU_B,0,5,0,330
108,R3,SKU_C,761,0,0,0
108,R3,SKU_D,1035,0,0,865
108,R3,SKU_E,422,0,0,446
109,Supplier,SKU_A,0,0,0,0
109,Supplier,SKU_B,0,0,0,0
109,Supplier,SKU_C,0,0,0,0
109,Supplier,SKU_D,0,0,0,0
109,Supplier,SKU_E,0,0,0,0
109,W1,SKU_A,1014,0,0,1614
109,W1,SKU_B,0,0,249,1587
109,W1,SKU_C,1443,0,0,1646
109,W1,SKU_D,96,0,0,708
109,W1,SKU_E,768,0,0,0
109,W2,SKU_A,0,0,252,3496
109,W2,SKU_B,598,0,0,0
109,W2,SKU_C,829,0,0,2075
109,W2,SKU_D,1664,0,0,0
109,W2,SKU_E,255,0,0,1178
109,R1,SKU_A,245,0,0,0
109,R1,SKU_B,483,0,0,0
109,R1,SKU_C,0,109,0,274
109,R1,SKU_D,251,0,0,203
109,R1,SKU_E,0,24,0,99
109,R2,SKU_A,695,0,0,0
109,R2,SKU_B,0,23,0,242
109,R2,SKU_C,383,0,0,305
109,R2,SKU_D,129,0,0,172
109,R2,SKU_E,166,0,0,521
109,R3,SKU_A,1382,0,0,0
109,R3,SKU_B,0,90,0,330
109,R3,SKU_C,587,0,0,0
109,R3,SKU_D,1801,0,0,0
109,R3,SKU_E,330,0,0,446
110,Supplier,SKU_A,0,0,0,0
110,Supplier,SKU_B,0,0,0,0
110,Supplier,SKU_C,0,0,0,0
110,Supplier,SKU_D,0,0,0,0
110,Supplier,SKU_E,0,0,0,0
110,W1,SKU_A,1104,0,0,818
110,W1,SKU_B,1338,0,0,0
110,W1,SKU_C,1737,0,0,1071
110,W1,SKU_D,0,0,213,708
110,W1,SKU_E,674,0,0,1074
110,W2,SKU_A,0,0,252,3496
110,W2,SKU_B,598,0,0,0
110,W2,SKU_C,0,0,321,2075
110,W2,SKU_D,1664,0,0,0
110,W2,SKU_E,255,0,0,1178
110,R1,SKU_A,29,0,0,706
110,R1,SKU_B,384,0,0,214
110,R1,SKU_C,6,0,0,281
110,R1,SKU_D,361,0,0,96
110,R1,SKU_E,33,0,0,94
110,R2,SKU_A,559,0,0,0
110,R2,SKU_B,123,0,0,35
110,R2,SKU_C,324,0,0,305
110,R2,SKU_D,83,0,0,172
110,R2,SKU_E,109,0,0,521
110,R3,SKU_A,1108,0,0,0
110,R3,SKU_B,0,14,0,168
110,R3,SKU_C,366,0,0,829
110,R3,SKU_D,1676,0,0,0
110,R3,SKU_E,651,0,0,0
111,Supplier,SKU_A,0,0,0,0
111,Supplier,SKU_B,0,0,0,0
111,Supplier,SKU_C,0,0,0,0
111,Supplier,SKU_D,0,0,0,0
111,Supplier,SKU_E,0,0,0,0
111,W1,SKU_A,243,0,0,1524
111,W1,SKU_B,855,0,0,0
111,W1,SKU_C,1737,0,0,1352
111,W1,SKU_D,0,0,34,838
111,W1,SKU_E,674,0,0,1074
111,W2,SKU_A,1447,0,0,0
111,W2,SKU_B,355,0,0,0
111,W2,SKU_C,1754,0,0,0
111,W2,SKU_D,1664,0,0,0
111,W2,SKU_E,0,0,174,1178
111,R1,SKU_A,0,222,0,706
111,R1,SKU_B,213,0,0,397
111,R1,SKU_C,0,241,0,281
111,R1,SKU_D,264,0,0,275
111,R1,SKU_E,0,19,0,94
111,R2,SKU_A,379,0,0,861
111,R2,SKU_B,0,8,0,335
111,R2,SKU_C,478,0,0,0
111,R2,SKU_D,175,0,0,0
111,R2,SKU_E,57,0,0,521
111,R3,SKU_A,777,0,0,2049
111,R3,SKU_B,0,108,0,411
111,R3,SKU_C,91,0,0,1150
111,R3,SKU_D,1517,0,0,0
111,R3,SKU_E,541,0,0,255
112,Supplier,SKU_A,0,0,0,0
112,Supplier,SKU_B,0,0,0,0
112,Supplier,SKU_C,0,0,0,0
112,Supplier,SKU_D,0,0,0,0
112,Supplier,SKU_E,0,0,0,0
112,W1,SKU_A,1061,0,0,1567
112,W1,SKU_B,684,0,0,1202
112,W1,SKU_C,1488,0,0,860
112,W1,SKU_D,96,0,0,481
112,W1,SKU_E,580,0,0,1074
112,W2,SKU_A,1447,0,0,1797
112,W2,SKU_B,355,0,0,1317
112,W2,SKU_C,1754,0,0,0
112,W2,SKU_D,873,0,0,0
112,W2,SKU_E,0,0,174,1178
112,R1,SKU_A,226,0,0,0
112,R1,SKU_B,268,0,0,354
112,R1,SKU_C,0,268,0,406
112,R1,SKU_D,241,0,0,213
112,R1,SKU_E,0,11,0,94
112,R2,SKU_A,223,0,0,861
112,R2,SKU_B,0,153,0,335
112,R2,SKU_C,366,0,0,335
112,R2,SKU_D,105,0,0,227
112,R2,SKU_E,496,0,0,0
112,R3,SKU_A,457,0,0,2049
112,R3,SKU_B,0,50,0,243
112,R3,SKU_C,0,138,0,1150
112,R3,SKU_D,1391,0,0,791
112,R3,SKU_E,422,0,0,255
113,Supplier,SKU_A,0,0,0,0
113,Supplier,SKU_B,0,0,0,0
113,Supplier,SKU_C,0,0,0,0
113,Supplier,SKU_D,0,0,0,0
113,Supplier,SKU_E,0,0,0,0
113,W1,SKU_A,336,0,0,1567
113,W1,SKU_B,408,0,0,1202
113,W1,SKU_C,1180,0,0,1601
113,W1,SKU_D,0,0,213,708
113,W1,SKU_E,494,0,0,1074
113,W2,SKU_A,1447,0,0,1797
113,W2,SKU_B,151,0,0,1317
113,W2,SKU_C,1754,0,0,0
113,W2,SKU_D,873,0,0,1656
113,W2,SKU_E,1004,0,0,0
113,R1,SKU_A,58,0,0,725
113,R1,SKU_B,351,0,0,171
113,R1,SKU_C,0,422,0,714
113,R1,SKU_D,316,0,0,130
113,R1,SKU_E,0,71,0,180
113,R2,SKU_A,85,0,0,861
113,R2,SKU_B,0,189,0,576
113,R2,SKU_C,271,0,0,335
113,R2,SKU_D,65,0,0,227
113,R2,SKU_E,451,0,0,0
113,R3,SKU_A,246,0,0,2049
113,R3,SKU_B,0,151,0,447
113,R3,SKU_C,0,266,0,1150
113,R3,SKU_D,1281,0,0,791
113,R3,SKU_E,313,0,0,429
114,Supplier,SKU_A,0,0,0,0
114,Supplier,SKU_B,0,0,0,0
114,Supplier,SKU_C,0,0,0,0
114,Supplier,SKU_D,0,0,0,0
114,Supplier,SKU_E,0,0,0,0
114,W1,SKU_A,336,0,0,2292
114,W1,SKU_B,149,0,0,1202
114,W1,SKU_C,1759,0,0,1330
114,W1,SKU_D,0,0,41,845
114,W1,SKU_E,494,0,0,1074
114,W2,SKU_A,1447,0,0,1797
114,W2,SKU_B,151,0,0,1317
114,W2,SKU_C,1754,0,0,0
114,W2,SKU_D,873,0,0,1656
114,W2,SKU_E,1004,0,0,0
114,R1,SKU_A,0,118,0,725
114,R1,SKU_B,433,0,0,259
114,R1,SKU_C,0,126,0,308
114,R1,SKU_D,267,0,0,268
114,R1,SKU_E,0,35,0,86
114,R2,SKU_A,815,0,0,0
114,R2,SKU_B,43,0,0,276
114,R2,SKU_C,212,0,0,335
114,R2,SKU_D,21,0,0,227
114,R2,SKU_E,396,0,0,0
114,R3,SKU_A,13,0,0,2049
114,R3,SKU_B,0,232,0,447
114,R3,SKU_C,398,0,0,321
114,R3,SKU_D,1179,0,0,791
114,R3,SKU_E,240,0,0,429
115,Supplier,SKU_A,0,0,0,0
115,Supplier,SKU_B,0,0,0,0
115,Supplier,SKU_C,0,0,0,0
115,Supplier,SKU_D,0,0,0,0
115,Supplier,SKU_E,0,0,0,0
115,W1,SKU_A,336,0,0,2292
115,W1,SKU_B,149,0,0,1202
115,W1,SKU_C,1495,0,0,1330
115,W1,SKU_D,0,0,195,845
115,W1,SKU_E,1450,0,0,0
115,W2,SKU_A,1447,0,0,1797
115,W2,SKU_B,0,0,31,1317
115,W2,SKU_C,736,0,0,0
115,W2,SKU_D,873,0,0,1656
115,W2,SKU_E,593,0,0,0
115,R1,SKU_A,459,0,0,0
115,R1,SKU_B,347,0,0,259
115,R1,SKU_C,58,0,0,264
115,R1,SKU_D,299,0,0,172
115,R1,SKU_E,4,0,0,118
115,R2,SKU_A,723,0,0,0
115,R2,SKU_B,0,4,0,276
115,R2,SKU_C,499,0,0,0
115,R2,SKU_D,217,0,0,0
115,R2,SKU_E,344,0,0,0
115,R3,SKU_A,1878,0,0,0
115,R3,SKU_B,0,29,0,355
115,R3,SKU_C,614,0,0,1018
115,R3,SKU_D,1089,0,0,791
115,R3,SKU_E,419,0,0,585
116,Supplier,SKU_A,0,0,0,0
116,Supplier,SKU_B,0,0,0,0
116,Supplier,SKU_C,0,0,0,0
116,Supplier,SKU_D,0,0,0,0
116,Supplier,SKU_E,0,0,0,0
116,W1,SKU_A,1042,0,0,1586
116,W1,SKU_B,0,0,26,1202
116,W1,SKU_C,1462,0,0,1313
116,W1,SKU_D,114,0,0,690
116,W1,SKU_E,1450,0,0,0
116,W2,SKU_A,1447,0,0,1797
116,W2,SKU_B,0,0,31,1317
116,W2,SKU_C,736,0,0,2168
116,W2,SKU_D,873,0,0,1656
116,W2,SKU_E,593,0,0,0
116,R1,SKU_A,333,0,0,0
116,R1,SKU_B,550,0,0,149
116,R1,SKU_C,0,47,0,264
116,R1,SKU_D,412,0,0,41
116,R1,SKU_E,0,40,0,118
116,R2,SKU_A,650,0,0,0
116,R2,SKU_B,208,0,0,0
116,R2,SKU_C,445,0,0,314
116,R2,SKU_D,184,0,0,154
116,R2,SKU_E,302,0,0,0
116,R3,SKU_A,1725,0,0,0
116,R3,SKU_B,0,90,0,355
116,R3,SKU_C,548,0,0,1018
116,R3,SKU_D,1801,0,0,0
116,R3,SKU_E,347,0,0,585
117,Supplier,SKU_A,0,0,0,0
117,Supplier,SKU_B,0,0,0,0
117,Supplier,SKU_C,0,0,0,0
117,Supplier,SKU_D,0,0,0,0
117,Supplier,SKU_E,0,0,0,0
117,W1,SKU_A,1133,0,0,725
117,W1,SKU_B,1176,0,0,0
117,W1,SKU_C,1462,0,0,1627
117,W1,SKU_D,0,0,196,690
117,W1,SKU_E,1359,0,0,0
117,W2,SKU_A,1447,0,0,1797
117,W2,SKU_B,0,0,31,1317
117,W2,SKU_C,736,0,0,2168
117,W2,SKU_D,873,0,0,1656
117,W2,SKU_E,593,0,0,0
117,R1,SKU_A,168,0,0,0
117,R1,SKU_B,446,0,0,175
117,R1,SKU_C,83,0,0,0
117,R1,SKU_D,354,0,0,155
117,R1,SKU_E,31,0,0,91
117,R2,SKU_A,559,0,0,770
117,R2,SKU_B,137,0,0,0
117,R2,SKU_C,399,0,0,314
117,R2,SKU_D,133,0,0,154
117,R2,SKU_E,250,0,0,0
117,R3,SKU_A,1451,0,0,0
117,R3,SKU_B,4,0,0,151
117,R3,SKU_C,405,0,0,1018
117,R3,SKU_D,1677,0,0,0
117,R3,SKU_E,401,0,0,411
118,Supplier,SKU_A,0,0,0,0
118,Supplier,SKU_B,0,0,0,0
118,Supplier,SKU_C,0,0,0,0
118,Supplier,SKU_D,0,0,0,0
118,Supplier,SKU_E,0,0,0,0
118,W1,SKU_A,350,0,0,1495
118,W1,SKU_B,855,0,0,0
118,W1,SKU_C,1840,0,0,886
118,W1,SKU_D,31,0,0,773
118,W1,SKU_E,872,0,0,0
118,W2,SKU_A,1538,0,0,0
118,W2,SKU_B,1075,0,0,0
118,W2,SKU_C,736,0,0,2168
118,W2,SKU_D,873,0,0,1656
118,W2,SKU_E,593,0,0,0
118,R1,SKU_A,0,73,0,783
118,R1,SKU_B,472,0,0,26
118,R1,SKU_C,0,157,0,363
118,R1,SKU_D,286,0,0,310
118,R1,SKU_E,0,21,0,91
118,R2,SKU_A,466,0,0,770
118,R2,SKU_B,53,0,0,321
118,R2,SKU_C,318,0,0,314
118,R2,SKU_D,76,0,0,154
118,R2,SKU_E,193,0,0,487
118,R3,SKU_A,1084,0,0,1706
118,R3,SKU_B,0,90,0,393
118,R3,SKU_C,185,0,0,1018
118,R3,SKU_D,1523,0,0,0
118,R3,SKU_E,305,0,0,411
119,Supplier,SKU_A,0,0,0,0
119,Supplier,SKU_B,0,0,0,0
119,Supplier,SKU_C,0,0,0,0
119,Supplier,SKU_D,0,0,0,0
119,Supplier,SKU_E,0,0,0,0
119,W1,SKU_A,1075,0,0,1553
119,W1,SKU_B,572,0,0,1202
119,W1,SKU_C,2148,0,0,941
119,W1,SKU_D,168,0,0,464
119,W1,SKU_E,773,0,0,970
119,W2,SKU_A,1538,0,0,0
119,W2,SKU_B,1075,0,0,0
119,W2,SKU_C,736,0,0,2168
119,W2,SKU_D,1744,0,0,0
119,W2,SKU_E,229,0,0,0
119,R1,SKU_A,0,354,0,783
119,R1,SKU_B,388,0,0,283
119,R1,SKU_C,0,321,0,363
119,R1,SKU_D,305,0,0,196
119,R1,SKU_E,0,0,0,99
119,R2,SKU_A,324,0,0,770
119,R2,SKU_B,0,27,0,321
119,R2,SKU_C,534,0,0,0
119,R2,SKU_D,167,0,0,172
119,R2,SKU_E,135,0,0,487
119,R3,SKU_A,706,0,0,1706
119,R3,SKU_B,0,61,0,242
119,R3,SKU_C,866,0,0,0
119,R3,SKU_D,1383,0,0,785
119,R3,SKU_E,618,0,0,364
120,Supplier,SKU_A,0,0,0,0
120,Supplier,SKU_B,0,0,0,0
120,Supplier,SKU_C,0,0,0,0
120,Supplier,SKU_D,0,0,0,0
120,Supplier,SKU_E,0,0,0,0
120,W1,SKU_A,1075,0,0,1553
120,W1,SKU_B,572,0,0,1202
120,W1,SKU_C,1744,0,0,941
120,W1,SKU_D,168,0,0,636
120,W1,SKU_E,773,0,0,970
120,W2,SKU_A,1538,0,0,0
120,W2,SKU_B,859,0,0,0
120,W2,SKU_C,736,0,0,2168
120,W2,SKU_D,1744,0,0,0
120,W2,SKU_E,229,0,0,1204
120,R1,SKU_A,263,0,0,0
120,R1,SKU_B,324,0,0,283
120,R1,SKU_C,0,70,0,404
120,R1,SKU_D,432,0,0,0
120,R1,SKU_E,0,64,0,99
120,R2,SKU_A,988,0,0,0
120,R2,SKU_B,0,97,0,321
120,R2,SKU_C,478,0,0,0
120,R2,SKU_D,133,0,0,172
120,R2,SKU_E,94,0,0,487
120,R3,SKU_A,481,0,0,1706
120,R3,SKU_B,0,152,0,458
120,R3,SKU_C,672,0,0,0
120,R3,SKU_D,1299,0,0,785
120,R3,SKU_E,528,0,0,364
121,Supplier,SKU_A,0,0,0,0
121,Supplier,SKU_B,0,0,0,0
121,Supplier,SKU_C,0,0,0,0
121,Supplier,SKU_D,0,0,0,0
121,Supplier,SKU_E,0,0,0,0
121,W1,SKU_A,387,0,0,1553
121,W1,SKU_B,398,0,0,1202
121,W1,SKU_C,1673,0,0,1081
121,W1,SKU_D,0,0,9,482
121,W1,SKU_E,639,0,0,970
121,W2,SKU_A,1538,0,0,0
121,W2,SKU_B,859,0,0,0
121,W2,SKU_C,0,0,329,2168
121,W2,SKU_D,1744,0,0,0
121,W2,SKU_E,229,0,0,1204
121,R1,SKU_A,159,0,0,688
121,R1,SKU_B,555,0,0,174
121,R1,SKU_C,0,173,0,404
121,R1,SKU_D,378,0,0,322
121,R1,SKU_E,12,0,0,134
121,R2,SKU_A,888,0,0,0
121,R2,SKU_B,165,0,0,0
121,R2,SKU_C,412,0,0,335
121,R2,SKU_D,84,0,0,172
121,R2,SKU_E,547,0,0,0
121,R3,SKU_A,311,0,0,1706
121,R3,SKU_B,0,216,0,458
121,R3,SKU_C,567,0,0,736
121,R3,SKU_D,1233,0,0,785
121,R3,SKU_E,464,0,0,364
122,Supplier,SKU_A,0,0,0,0
122,Supplier,SKU_B,0,0,0,0
122,Supplier,SKU_C,0,0,0,0
122,Supplier,SKU_D,0,0,0,0
122,Supplier,SKU_E,0,0,0,0
122,W1,SKU_A,387,0,0,2241
122,W1,SKU_B,105,0,0,1202
122,W1,SKU_C,1987,0,0,1102
122,W1,SKU_D,0,0,9,813
122,W1,SKU_E,639,0,0,970
122,W2,SKU_A,1538,0,0,0
122,W2,SKU_B,859,0,0,0
122,W2,SKU_C,2168,0,329,0
122,W2,SKU_D,1744,0,0,0
122,W2,SKU_E,229,0,0,1204
122,R1,SKU_A,23,0,0,688
122,R1,SKU_B,485,0,0,174
122,R1,SKU_C,112,0,0,0
122,R1,SKU_D,319,0,0,322
122,R1,SKU_E,0,37,0,134
122,R2,SKU_A,779,0,0,0
122,R2,SKU_B,102,0,0,293
122,R2,SKU_C,351,0,0,335
122,R2,SKU_D,207,0,0,0
122,R2,SKU_E,512,0,0,0
122,R3,SKU_A,1865,0,0,0
122,R3,SKU_B,0,57,0,216
122,R3,SKU_C,451,0,0,736
122,R3,SKU_D,1167,0,0,785
122,R3,SKU_E,405,0,0,364
123,Supplier,SKU_A,0,0,0,0
123,Supplier,SKU_B,0,0,0,0
123,Supplier,SKU_C,0,0,0,0
123,Supplier,SKU_D,0,0,0,0
123,Supplier,SKU_E,0,0,0,0
123,W1,SKU_A,1157,0,0,1471
123,W1,SKU_B,105,0,0,1202
123,W1,SKU_C,1653,0,0,1102
123,W1,SKU_D,106,0,0,503
123,W1,SKU_E,567,0,0,970
123,W2,SKU_A,1538,0,0,0
123,W2,SKU_B,621,0,0,0
123,W2,SKU_C,1839,0,0,0
123,W2,SKU_D,1744,0,0,0
123,W2,SKU_E,229,0,0,1204
123,R1,SKU_A,543,0,0,0
123,R1,SKU_B,593,0,0,0
123,R1,SKU_C,3,0,0,334
123,R1,SKU_D,593,0,0,9
123,R1,SKU_E,56,0,0,72
123,R2,SKU_A,682,0,0,0
123,R2,SKU_B,19,0,0,293
123,R2,SKU_C,270,0,0,335
123,R2,SKU_D,160,0,0,195
123,R2,SKU_E,470,0,0,0
123,R3,SKU_A,1689,0,0,0
123,R3,SKU_B,0,137,0,454
123,R3,SKU_C,305,0,0,1065
123,R3,SKU_D,1866,0,0,0
123,R3,SKU_E,674,0,0,0
124,Supplier,SKU_A,0,0,0,0
124,Supplier,SKU_B,0,0,0,0
124,Supplier,SKU_C,0,0,0,0
124,Supplier,SKU_D,0,0,0,0
124,Supplier,SKU_E,0,0,0,0
124,W1,SKU_A,1940,0,0,688
124,W1,SKU_B,1119,0,0,0
124,W1,SKU_C,2016,0,0,1073
124,W1,SKU_D,106,0,0,698
124,W1,SKU_E,1537,0,0,0
124,W2,SKU_A,1538,0,0,0
124,W2,SKU_B,621,0,0,0
124,W2,SKU_C,1839,0,0,0
124,W2,SKU_D,1744,0,0,0
124,W2,SKU_E,0,0,177,1204
124,R1,SKU_A,385,0,0,0
124,R1,SKU_B,503,0,0,188
124,R1,SKU_C,0,143,0,334
124,R1,SKU_D,519,0,0,9
124,R1,SKU_E,10,0,0,72
124,R2,SKU_A,571,0,0,0
124,R2,SKU_B,0,71,0,293
124,R2,SKU_C,504,0,0,0
124,R2,SKU_D,106,0,0,195
124,R2,SKU_E,421,0,0,0
124,R3,SKU_A,1510,0,0,0
124,R3,SKU_B,0,18,0,238
124,R3,SKU_C,174,0,0,1065
124,R3,SKU_D,1770,0,0,0
124,R3,SKU_E,596,0,0,229
125,Supplier,SKU_A,0,0,0,0
125,Supplier,SKU_B,0,0,0,0
125,Supplier,SKU_C,0,0,0,0
125,Supplier,SKU_D,0,0,0,0
125,Supplier,SKU_E,0,0,0,0
125,W1,SKU_A,1091,0,0,688
125,W1,SKU_B,1119,0,0,0
125,W1,SKU_C,1452,0,0,1073
125,W1,SKU_D,278,0,0,526
125,W1,SKU_E,1450,0,0,0
125,W2,SKU_A,0,0,109,0
125,W2,SKU_B,444,0,0,0
125,W2,SKU_C,1839,0,0,0
125,W2,SKU_D,1744,0,0,0
125,W2,SKU_E,0,0,177,1204
125,R1,SKU_A,146,0,0,0
125,R1,SKU_B,393,0,0,188
125,R1,SKU_C,0,1,0,255
125,R1,SKU_D,430,0,0,0
125,R1,SKU_E,36,0,0,87
125,R2,SKU_A,444,0,0,849
125,R2,SKU_B,145,0,0,0
125,R2,SKU_C,429,0,0,309
125,R2,SKU_D,45,0,0,195
125,R2,SKU_E,379,0,0,0
125,R3,SKU_A,1295,0,0,1538
125,R3,SKU_B,0,118,0,415
125,R3,SKU_C,738,0,0,329
125,R3,SKU_D,1637,0,0,0
125,R3,SKU_E,493,0,0,229
126,Supplier,SKU_A,0,0,0,0
126,Supplier,SKU_B,0,0,0,0
126,Supplier,SKU_C,0,0,0,0
126,Supplier,SKU_D,0,0,0,0
126,Supplier,SKU_E,0,0,0,0
126,W1,SKU_A,286,0,0,1537
126,W1,SKU_B,606,0,0,0
126,W1,SKU_C,1856,0,0,1233
126,W1,SKU_D,0,0,217,526
126,W1,SKU_E,1450,0,0,0
126,W2,SKU_A,0,0,109,3353
126,W2,SKU_B,444,0,0,1228
126,W2,SKU_C,1839,0,0,0
126,W2,SKU_D,1744,0,0,0
126,W2,SKU_E,1204,0,177,0
126,R1,SKU_A,0,84,0,805
126,R1,SKU_B,468,0,0,200
126,R1,SKU_C,0,176,0,255
126,R1,SKU_D,323,0,0,278
126,R1,SKU_E,0,26,0,87
126,R2,SKU_A,317,0,0,849
126,R2,SKU_B,68,0,0,313
126,R2,SKU_C,346,0,0,309
126,R2,SKU_D,173,0,0,0
126,R2,SKU_E,315,0,0,0
126,R3,SKU_A,1085,0,0,1538
126,R3,SKU_B,0,191,0,415
126,R3,SKU_C,572,0,0,329
126,R3,SKU_D,1523,0,0,0
126,R3,SKU_E,392,0,0,229
127,Supplier,SKU_A,0,0,0,0
127,Supplier,SKU_B,0,0,0,0
127,Supplier,SKU_C,0,0,0,0
127,Supplier,SKU_D,0,0,0,0
127,Supplier,SKU_E,0,0,0,0
127,W1,SKU_A,974,0,0,1654
127,W1,SKU_B,606,0,0,1451
127,W1,SKU_C,1824,0,0,898
127,W1,SKU_D,114,0,0,690
127,W1,SKU_E,1342,0,0,0
127,W2,SKU_A,0,0,109,3353
127,W2,SKU_B,271,0,0,1228
127,W2,SKU_C,1839,0,0,0
127,W2,SKU_D,959,0,0,0
127,W2,SKU_E,1027,0,0,0
127,R1,SKU_A,0,223,0,805
127,R1,SKU_B,392,0,0,200
127,R1,SKU_C,0,33,0,367
127,R1,SKU_D,269,0,0,333
127,R1,SKU_E,25,0,0,108
127,R2,SKU_A,205,0,0,849
127,R2,SKU_B,0,11,0,313
127,R2,SKU_C,289,0,0,309
127,R2,SKU_D,135,0,0,162
127,R2,SKU_E,267,0,0,0
127,R3,SKU_A,938,0,0,1538
127,R3,SKU_B,0,27,0,350
127,R3,SKU_C,800,0,0,0
127,R3,SKU_D,1421,0,0,785
127,R3,SKU_E,297,0,0,406
128,Supplier,SKU_A,0,0,0,0
128,Supplier,SKU_B,0,0,0,0
128,Supplier,SKU_C,0,0,0,0
128,Supplier,SKU_D,0,0,0,0
128,Supplier,SKU_E,0,0,0,0
128,W1,SKU_A,974,0,0,1654
128,W1,SKU_B,417,0,0,1451
128,W1,SKU_C,1824,0,0,1265
128,W1,SKU_D,114,0,0,690
128,W1,SKU_E,1342,0,0,0
128,W2,SKU_A,0,0,109,3353
128,W2,SKU_B,271,0,0,1228
128,W2,SKU_C,1839,0,0,0
128,W2,SKU_D,959,0,0,1570
128,W2,SKU_E,650,0,0,0
128,R1,SKU_A,434,0,0,0
128,R1,SKU_B,527,0,0,189
128,R1,SKU_C,0,134,0,367
128,R1,SKU_D,483,0,0,55
128,R1,SKU_E,0,12,0,108
128,R2,SKU_A,936,0,0,0
128,R2,SKU_B,0,92,0,313
128,R2,SKU_C,542,0,0,0
128,R2,SKU_D,75,0,0,162
128,R2,SKU_E,192,0,0,0
128,R3,SKU_A,760,0,0,1538
128,R3,SKU_B,0,102,0,350
128,R3,SKU_C,692,0,0,0
128,R3,SKU_D,1336,0,0,785
128,R3,SKU_E,427,0,0,554
129,Supplier,SKU_A,0,0,0,0
129,Supplier,SKU_B,0,0,0,0
129,Supplier,SKU_C,0,0,0,0
129,Supplier,SKU_D,0,0,0,0
129,Supplier,SKU_E,0,0,0,0
129,W1,SKU_A,974,0,0,1654
129,W1,SKU_B,417,0,0,1451
129,W1,SKU_C,2158,0,0,931
129,W1,SKU_D,144,0,0,495
129,W1,SKU_E,724,0,0,0
129,W2,SKU_A,0,0,109,3353
129,W2,SKU_B,271,0,0,1228
129,W2,SKU_C,794,0,0,0
129,W2,SKU_D,959,0,0,1570
129,W2,SKU_E,650,0,0,0
129,R1,SKU_A,280,0,0,0
129,R1,SKU_B,451,0,0,189
129,R1,SKU_C,139,0,0,0
129,R1,SKU_D,463,0,0,0
129,R1,SKU_E,69,0,0,73
129,R2,SKU_A,835,0,0,0
129,R2,SKU_B,157,0,0,0
129,R2,SKU_C,511,0,0,0
129,R2,SKU_D,30,0,0,327
129,R2,SKU_E,143,0,0,545
129,R3,SKU_A,2119,0,0,0
129,R3,SKU_B,20,0,0,173
129,R3,SKU_C,558,0,0,1045
129,R3,SKU_D,1249,0,0,785
129,R3,SKU_E,350,0,0,554
130,Supplier,SKU_A,0,0,0,0
130,Supplier,SKU_B,0,0,0,0
130,Supplier,SKU_C,0,0,0,0
130,Supplier,SKU_D,0,0,0,0
130,Supplier,SKU_E,0,0,0,0
130,W1,SKU_A,303,0,0,1654
130,W1,SKU_B,116,0,0,1451
130,W1,SKU_C,1549,0,0,931
130,W1,SKU_D,0,0,156,660
130,W1,SKU_E,724,0,0,1118
130,W2,SKU_A,0,0,109,3353
130,W2,SKU_B,67,0,0,1228
130,W2,SKU_C,794,0,0,2110
130,W2,SKU_D,959,0,0,1570
130,W2,SKU_E,650,0,0,0
130,R1,SKU_A,132,0,0,671
130,R1,SKU_B,560,0,0,0
130,R1,SKU_C,41,0,0,307
130,R1,SKU_D,413,0,0,144
130,R1,SKU_E,22,0,0,73
130,R2,SKU_A,731,0,0,0
130,R2,SKU_B,110,0,0,301
130,R2,SKU_C,461,0,0,302
130,R2,SKU_D,133,0,0,165
130,R2,SKU_E,104,0,0,545
130,R3,SKU_A,1952,0,0,0
130,R3,SKU_B,0,47,0,377
130,R3,SKU_C,425,0,0,1045
130,R3,SKU_D,1145,0,0,785
130,R3,SKU_E,272,0,0,554
131,Supplier,SKU_A,0,0,0,0
131,Supplier,SKU_B,0,0,0,0
131,Supplier,SKU_C,0,0,0,0
131,Supplier,SKU_D,0,0,0,0
131,Supplier,SKU_E,0,0,0,0
131,W1,SKU_A,1152,0,0,1476
131,W1,SKU_B,0,0,105,1451
131,W1,SKU_C,2113,0,0,976
131,W1,SKU_D,0,0,156,960
131,W1,SKU_E,650,0,0,1118
131,W2,SKU_A,0,0,109,3353
131,W2,SKU_B,67,0,0,1228
131,W2,SKU_C,794,0,0,2110
131,W2,SKU_D,959,0,0,1570
131,W2,SKU_E,650,0,0,0
131,R1,SKU_A,0,24,0,671
131,R1,SKU_B,483,0,0,116
131,R1,SKU_C,0,70,0,307
131,R1,SKU_D,332,0,0,144
131,R1,SKU_E,56,0,0,74
131,R2,SKU_A,621,0,0,0
131,R2,SKU_B,26,0,0,301
131,R2,SKU_C,427,0,0,302
131,R2,SKU_D,96,0,0,165
131,R2,SKU_E,55,0,0,545
131,R3,SKU_A,1758,0,0,0
131,R3,SKU_B,46,0,0,204
131,R3,SKU_C,310,0,0,1045
131,R3,SKU_D,1838,0,0,0
131,R3,SKU_E,354,0,0,377
132,Supplier,SKU_A,0,0,0,0
132,Supplier,SKU_B,0,0,0,0
132,Supplier,SKU_C,0,0,0,0
132,Supplier,SKU_D,0,0,0,0
132,Supplier,SKU_E,0,0,0,0
132,W1,SKU_A,1158,0,0,671
132,W1,SKU_B,1346,0,0,0
132,W1,SKU_C,2113,0,0,976
132,W1,SKU_D,339,0,0,465
132,W1,SKU_E,650,0,0,1118
132,W2,SKU_A,3353,0,109,0
132,W2,SKU_B,1295,0,0,0
132,W2,SKU_C,794,0,0,2110
132,W2,SKU_D,959,0,0,1570
132,W2,SKU_E,650,0,0,0
132,R1,SKU_A,462,0,0,0
132,R1,SKU_B,390,0,0,221
132,R1,SKU_C,40,0,0,0
132,R1,SKU_D,386,0,0,156
132,R1,SKU_E,5,0,0,74
132,R2,SKU_A,484,0,0,799
132,R2,SKU_B,0,49,0,301
132,R2,SKU_C,355,0,0,302
132,R2,SKU_D,216,0,0,0
132,R2,SKU_E,546,0,0,0
132,R3,SKU_A,1517,0,0,0
132,R3,SKU_B,0,58,0,204
132,R3,SKU_C,116,0,0,1045
132,R3,SKU_D,1710,0,0,0
132,R3,SKU_E,652,0,0,0
133,Supplier,SKU_A,0,0,0,0
133,Supplier,SKU_B,0,0,0,0
133,Supplier,SKU_C,0,0,0,0
133,Supplier,SKU_D,0,0,0,0
133,Supplier,SKU_E,0,0,0,0
133,W1,SKU_A,1158,0,0,1470
133,W1,SKU_B,1176,0,0,0
133,W1,SKU_C,2074,0,0,609
133,W1,SKU_D,153,0,0,465
133,W1,SKU_E,560,0,0,1118
133,W2,SKU_A,3244,0,0,0
133,W2,SKU_B,1044,0,0,0
133,W2,SKU_C,794,0,0,2110
133,W2,SKU_D,959,0,0,1570
133,W2,SKU_E,222,0,0,0
133,R1,SKU_A,239,0,0,0
133,R1,SKU_B,390,0,0,275
133,R1,SKU_C,0,205,0,406
133,R1,SKU_D,296,0,0,156
133,R1,SKU_E,24,0,0,90
133,R2,SKU_A,347,0,0,799
133,R2,SKU_B,146,0,0,0
133,R2,SKU_C,591,0,0,0
133,R2,SKU_D,145,0,0,186
133,R2,SKU_E,492,0,0,0
133,R3,SKU_A,1269,0,0,109
133,R3,SKU_B,0,144,0,455
133,R3,SKU_C,939,0,0,0
133,R3,SKU_D,1566,0,0,0
133,R3,SKU_E,545,0,0,428
134,Supplier,SKU_A,0,0,0,0
134,Supplier,SKU_B,0,0,0,0
134,Supplier,SKU_C,0,0,0,0
134,Supplier,SKU_D,0,0,0,0
134,Supplier,SKU_E,0,0,0,0
134,W1,SKU_A,446,0,0,1470
134,W1,SKU_B,864,0,0,0
134,W1,SKU_C,2074,0,0,1015
134,W1,SKU_D,0,0,158,651
134,W1,SKU_E,560,0,0,1118
134,W2,SKU_A,1465,0,0,0
134,W2,SKU_B,1044,0,0,0
134,W2,SKU_C,794,0,0,2110
134,W2,SKU_D,1787,0,0,0
134,W2,SKU_E,222,0,0,1211
134,R1,SKU_A,74,0,0,712
134,R1,SKU_B,363,0,0,170
134,R1,SKU_C,0,386,0,406
134,R1,SKU_D,375,0,0,153
134,R1,SKU_E,0,29,0,90
134,R2,SKU_A,220,0,0,799
134,R2,SKU_B,65,0,0,312
134,R2,SKU_C,495,0,0,0
134,R2,SKU_D,80,0,0,186
134,R2,SKU_E,435,0,0,0
134,R3,SKU_A,1048,0,0,1888
134,R3,SKU_B,0,18,0,251
134,R3,SKU_C,761,0,0,0
134,R3,SKU_D,1458,0,0,742
134,R3,SKU_E,453,0,0,428
135,Supplier,SKU_A,0,0,0,0
135,Supplier,SKU_B,0,0,0,0
135,Supplier,SKU_C,0,0,0,0
135,Supplier,SKU_D,0,0,0,0
135,Supplier,SKU_E,0,0,0,0
135,W1,SKU_A,446,0,0,2182
135,W1,SKU_B,616,0,0,1193
135,W1,SKU_C,1330,0,0,1015
135,W1,SKU_D,7,0,0,797
135,W1,SKU_E,1570,0,0,0
135,W2,SKU_A,1465,0,0,1779
135,W2,SKU_B,880,0,0,0
135,W2,SKU_C,794,0,0,2110
135,W2,SKU_D,1787,0,0,0
135,W2,SKU_E,222,0,0,1211
135,R1,SKU_A,0,71,0,712
135,R1,SKU_B,468,0,0,248
135,R1,SKU_C,0,106,0,426
135,R1,SKU_D,308,0,0,311
135,R1,SKU_E,34,0,0,108
135,R2,SKU_A,900,0,0,0
135,R2,SKU_B,0,7,0,312
135,R2,SKU_C,420,0,0,318
135,R2,SKU_D,31,0,0,186
135,R2,SKU_E,373,0,0,0
135,R3,SKU_A,920,0,0,1888
135,R3,SKU_B,0,39,0,415
135,R3,SKU_C,659,0,0,0
135,R3,SKU_D,1366,0,0,742
135,R3,SKU_E,389,0,0,428
136,Supplier,SKU_A,0,0,0,0
136,Supplier,SKU_B,0,0,0,0
136,Supplier,SKU_C,0,0,0,0
136,Supplier,SKU_D,0,0,0,0
136,Supplier,SKU_E,0,0,0,0
136,W1,SKU_A,1117,0,0,1511
136,W1,SKU_B,616,0,0,1193
136,W1,SKU_C,1939,0,0,1150
136,W1,SKU_D,122,0,0,497
136,W1,SKU_E,1570,0,0,0
136,W2,SKU_A,1465,0,0,1779
136,W2,SKU_B,880,0,0,0
136,W2,SKU_C,1826,0,0,0
136,W2,SKU_D,1787,0,0,0
136,W2,SKU_E,222,0,0,1211
136,R1,SKU_A,506,0,0,0
136,R1,SKU_B,402,0,0,248
136,R1,SKU_C,0,229,0,426
136,R1,SKU_D,410,0,0,158
136,R1,SKU_E,3,0,0,108
136,R2,SKU_A,787,0,0,0
136,R2,SKU_B,0,91,0,312
136,R2,SKU_C,364,0,0,318
136,R2,SKU_D,182,0,0,185
136,R2,SKU_E,313,0,0,0
136,R3,SKU_A,746,0,0,1888
136,R3,SKU_B,0,105,0,415
136,R3,SKU_C,574,0,0,1078
136,R3,SKU_D,1272,0,0,742
136,R3,SKU_E,314,0,0,428
137,Supplier,SKU_A,0,0,0,0
137,Supplier,SKU_B,0,0,0,0
137,Supplier,SKU_C,0,0,0,0
137,Supplier,SKU_D,0,0,0,0
137,Supplier,SKU_E,0,0,0,0
137,W1,SKU_A,1117,0,0,1511
137,W1,SKU_B,616,0,0,1193
137,W1,SKU_C,1939,0,0,1150
137,W1,SKU_D,122,0,0,682
137,W1,SKU_E,1570,0,0,0
137,W2,SKU_A,1465,0,0,1779
137,W2,SKU_B,880,0,0,0
137,W2,SKU_C,1826,0,0,0
137,W2,SKU_D,1787,0,0,0
137,W2,SKU_E,222,0,0,1211
137,R1,SKU_A,366,0,0,0
137,R1,SKU_B,567,0,0,0
137,R1,SKU_C,87,0,0,0
137,R1,SKU_D,505,0,0,0
137,R1,SKU_E,75,0,0,0
137,R2,SKU_A,670,0,0,0
137,R2,SKU_B,159,0,0,0
137,R2,SKU_C,290,0,0,318
137,R2,SKU_D,122,0,0,185
137,R2,SKU_E,271,0,0,0
137,R3,SKU_A,718,0,0,1779
137,R3,SKU_B,95,0,0,164
137,R3,SKU_C,480,0,0,1078
137,R3,SKU_D,1190,0,0,742
137,R3,SKU_E,668,0,0,0
138,Supplier,SKU_A,0,0,0,0
138,Supplier,SKU_B,0,0,0,0
138,Supplier,SKU_C,0,0,0,0
138,Supplier,SKU_D,0,0,0,0
138,Supplier,SKU_E,0,0,0,0
138,W1,SKU_A,1166,0,0,712
138,W1,SKU_B,103,0,0,1193
138,W1,SKU_C,1580,0,0,1150
138,W1,SKU_D,122,0,0,682
138,W1,SKU_E,1476,0,0,0
138,W2,SKU_A,1465,0,0,1779
138,W2,SKU_B,880,0,0,0
138,W2,SKU_C,1826,0,0,0
138,W2,SKU_D,1787,0,0,0
138,W2,SKU_E,0,0,190,1211
138,R1,SKU_A,205,0,0,0
138,R1,SKU_B,492,0,0,214
138,R1,SKU_C,0,33,0,359
138,R1,SKU_D,439,0,0,0
138,R1,SKU_E,34,0,0,94
138,R2,SKU_A,559,0,0,750
138,R2,SKU_B,70,0,0,299
138,R2,SKU_C,534,0,0,0
138,R2,SKU_D,71,0,0,185
138,R2,SKU_E,215,0,0,0
138,R3,SKU_A,2319,0,0,0
138,R3,SKU_B,37,0,0,164
138,R3,SKU_C,405,0,0,1078
138,R3,SKU_D,1832,0,0,0
138,R3,SKU_E,591,0,0,222
139,Supplier,SKU_A,0,0,0,0
139,Supplier,SKU_B,0,0,0,0
139,Supplier,SKU_C,0,0,0,0
139,Supplier,SKU_D,0,0,0,0
139,Supplier,SKU_E,0,0,0,0
139,W1,SKU_A,420,0,0,1462
139,W1,SKU_B,103,0,0,1193
139,W1,SKU_C,1986,0,0,1103
139,W1,SKU_D,0,0,16,496
139,W1,SKU_E,954,0,0,0
139,W2,SKU_A,1465,0,0,1779
139,W2,SKU_B,684,0,0,0
139,W2,SKU_C,1826,0,0,0
139,W2,SKU_D,1787,0,0,0
139,W2,SKU_E,0,0,190,1211
139,R1,SKU_A,14,0,0,746
139,R1,SKU_B,382,0,0,214
139,R1,SKU_C,0,208,0,359
139,R1,SKU_D,364,0,0,308
139,R1,SKU_E,0,17,0,94
139,R2,SKU_A,451,0,0,750
139,R2,SKU_B,5,0,0,299
139,R2,SKU_C,473,0,0,0
139,R2,SKU_D,181,0,0,0
139,R2,SKU_E,169,0,0,522
139,R3,SKU_A,2049,0,0,0
139,R3,SKU_B,104,0,0,196
139,R3,SKU_C,225,0,0,1078
139,R3,SKU_D,1679,0,0,0
139,R3,SKU_E,503,0,0,222
140,Supplier,SKU_A,0,0,0,0
140,Supplier,SKU_B,0,0,0,0
140,Supplier,SKU_C,0,0,0,0
140,Supplier,SKU_D,0,0,0,0
140,Supplier,SKU_E,0,0,0,0
140,W1,SKU_A,1132,0,0,1496
140,W1,SKU_B,1111,0,0,0
140,W1,SKU_C,1351,0,0,1103
140,W1,SKU_D,74,0,0,509
140,W1,SKU_E,862,0,0,888
140,W2,SKU_A,1465,0,0,1779
140,W2,SKU_B,684,0,0,0
140,W2,SKU_C,1826,0,0,0
140,W2,SKU_D,1787,0,0,0
140,W2,SKU_E,1211,0,190,0
140,R1,SKU_A,0,208,0,746
140,R1,SKU_B,488,0,0,185
140,R1,SKU_C,0,25,0,295
140,R1,SKU_D,269,0,0,324
140,R1,SKU_E,22,0,0,92
140,R2,SKU_A,314,0,0,750
140,R2,SKU_B,0,72,0,299
140,R2,SKU_C,396,0,0,340
140,R2,SKU_D,121,0,0,221
140,R2,SKU_E,100,0,0,522
140,R3,SKU_A,1824,0,0,0
140,R3,SKU_B,24,0,0,196
140,R3,SKU_C,1109,0,0,0
140,R3,SKU_D,1576,0,0,0
140,R3,SKU_E,405,0,0,222
141,Supplier,SKU_A,0,0,0,0
141,Supplier,SKU_B,0,0,0,0
141,Supplier,SKU_C,0,0,0,0
141,Supplier,SKU_D,0,0,0,0
141,Supplier,SKU_E,0,0,0,0
141,W1,SKU_A,1132,0,0,1496
141,W1,SKU_B,1111,0,0,0
141,W1,SKU_C,2095,0,0,994
141,W1,SKU_D,74,0,0,730
141,W1,SKU_E,862,0,0,888
141,W2,SKU_A,3244,0,0,0
141,W2,SKU_B,507,0,0,0
141,W2,SKU_C,1826,0,0,0
141,W2,SKU_D,1787,0,0,0
141,W2,SKU_E,1021,0,0,0
141,R1,SKU_A,407,0,0,0
141,R1,SKU_B,449,0,0,185
141,R1,SKU_C,0,89,0,295
141,R1,SKU_D,519,0,0,16
141,R1,SKU_E,0,5,0,92
141,R2,SKU_A,986,0,0,0
141,R2,SKU_B,189,0,0,0
141,R2,SKU_C,348,0,0,340
141,R2,SKU_D,83,0,0,221
141,R2,SKU_E,52,0,0,522
141,R3,SKU_A,1650,0,0,0
141,R3,SKU_B,0,35,0,373
141,R3,SKU_C,998,0,0,0
141,R3,SKU_D,1474,0,0,0
141,R3,SKU_E,311,0,0,412
142,Supplier,SKU_A,0,0,0,0
142,Supplier,SKU_B,0,0,0,0
142,Supplier,SKU_C,0,0,0,0
142,Supplier,SKU_D,0,0,0,0
142,Supplier,SKU_E,0,0,0,0
142,W1,SKU_A,1132,0,0,1496
142,W1,SKU_B,842,0,0,0
142,W1,SKU_C,2095,0,0,994
142,W1,SKU_D,259,0,0,545
142,W1,SKU_E,780,0,0,888
142,W2,SKU_A,3244,0,0,0
142,W2,SKU_B,507,0,0,0
142,W2,SKU_C,1826,0,0,0
142,W2,SKU_D,953,0,0,0
142,W2,SKU_E,664,0,0,0
142,R1,SKU_A,258,0,0,0
142,R1,SKU_B,587,0,0,0
142,R1,SKU_C,115,0,0,0
142,R1,SKU_D,485,0,0,0
142,R1,SKU_E,53,0,0,82
142,R2,SKU_A,904,0,0,0
142,R2,SKU_B,145,0,0,269
142,R2,SKU_C,305,0,0,340
142,R2,SKU_D,47,0,0,221
142,R2,SKU_E,524,0,0,0
142,R3,SKU_A,1454,0,0,0
142,R3,SKU_B,0,112,0,373
142,R3,SKU_C,906,0,0,0
142,R3,SKU_D,1367,0,0,834
142,R3,SKU_E,448,0,0,547
143,Supplier,SKU_A,0,0,0,0
143,Supplier,SKU_B,0,0,0,0
143,Supplier,SKU_C,0,0,0,0
143,Supplier,SKU_D,0,0,0,0
143,Supplier,SKU_E,0,0,0,0
143,W1,SKU_A,439,0,0,1496
143,W1,SKU_B,648,0,0,1215
143,W1,SKU_C,1764,0,0,994
143,W1,SKU_D,259,0,0,545
143,W1,SKU_E,780,0,0,888
143,W2,SKU_A,1541,0,0,0
143,W2,SKU_B,507,0,0,0
143,W2,SKU_C,1826,0,0,0
143,W2,SKU_D,953,0,0,1576
143,W2,SKU_E,664,0,0,0
143,R1,SKU_A,131,0,0,693
143,R1,SKU_B,534,0,0,194
143,R1,SKU_C,8,0,0,331
143,R1,SKU_D,426,0,0,0
143,R1,SKU_E,26,0,0,82
143,R2,SKU_A,819,0,0,0
143,R2,SKU_B,105,0,0,269
143,R2,SKU_C,614,0,0,0
143,R2,SKU_D,230,0,0,0
143,R2,SKU_E,458,0,0,0
143,R3,SKU_A,1306,0,0,1703
143,R3,SKU_B,9,0,0,177
143,R3,SKU_C,802,0,0,0
143,R3,SKU_D,1282,0,0,834
143,R3,SKU_E,364,0,0,547
144,Supplier,SKU_A,0,0,0,0
144,Supplier,SKU_B,0,0,0,0
144,Supplier,SKU_C,0,0,0,0
144,Supplier,SKU_D,0,0,0,0
144,Supplier,SKU_E,0,0,0,0
144,W1,SKU_A,1189,0,0,1439
144,W1,SKU_B,648,0,0,1215
144,W1,SKU_C,2123,0,0,966
144,W1,SKU_D,0,0,250,545
144,W1,SKU_E,780,0,0,888
144,W2,SKU_A,1541,0,0,0
144,W2,SKU_B,296,0,0,0
144,W2,SKU_C,1826,0,0,0
144,W2,SKU_D,953,0,0,1576
144,W2,SKU_E,664,0,0,0
144,R1,SKU_A,0,1,0,693
144,R1,SKU_B,464,0,0,194
144,R1,SKU_C,0,76,0,331
144,R1,SKU_D,358,0,0,259
144,R1,SKU_E,59,0,0,0
144,R2,SKU_A,732,0,0,0
144,R2,SKU_B,58,0,0,269
144,R2,SKU_C,560,0,0,0
144,R2,SKU_D,194,0,0,0
144,R2,SKU_E,414,0,0,0
144,R3,SKU_A,1134,0,0,1703
144,R3,SKU_B,0,42,0,388
144,R3,SKU_C,696,0,0,0
144,R3,SKU_D,1175,0,0,834
144,R3,SKU_E,293,0,0,547
145,Supplier,SKU_A,0,0,0,0
145,Supplier,SKU_B,0,0,0,0
145,Supplier,SKU_C,0,0,0,0
145,Supplier,SKU_D,0,0,0,0
145,Supplier,SKU_E,0,0,0,0
145,W1,SKU_A,1935,0,0,693
145,W1,SKU_B,648,0,0,1215
145,W1,SKU_C,2123,0,0,966
145,W1,SKU_D,74,0,0,730
145,W1,SKU_E,1558,0,0,0
145,W2,SKU_A,1541,0,0,0
145,W2,SKU_B,296,0,0,1376
145,W2,SKU_C,785,0,0,0
145,W2,SKU_D,953,0,0,1576
145,W2,SKU_E,664,0,0,0
145,R1,SKU_A,547,0,0,0
145,R1,SKU_B,585,0,0,0
145,R1,SKU_C,141,0,0,0
145,R1,SKU_D,288,0,0,337
145,R1,SKU_E,12,0,0,110
145,R2,SKU_A,620,0,0,0
145,R2,SKU_B,282,0,0,0
145,R2,SKU_C,506,0,0,0
145,R2,SKU_D,144,0,0,172
145,R2,SKU_E,365,0,0,0
145,R3,SKU_A,937,0,0,1703
145,R3,SKU_B,55,0,0,211
145,R3,SKU_C,572,0,0,1041
145,R3,SKU_D,1084,0,0,834
145,R3,SKU_E,389,0,0,357
146,Supplier,SKU_A,0,0,0,0
146,Supplier,SKU_B,0,0,0,0
146,Supplier,SKU_C,0,0,0,0
146,Supplier,SKU_D,0,0,0,0
146,Supplier,SKU_E,0,0,0,0
146,W1,SKU_A,1135,0,0,693
146,W1,SKU_B,452,0,0,1215
146,W1,SKU_C,2146,0,0,331
146,W1,SKU_D,295,0,0,509
146,W1,SKU_E,1558,0,0,0
146,W2,SKU_A,1541,0,0,0
146,W2,SKU_B,296,0,0,1376
146,W2,SKU_C,785,0,0,2119
146,W2,SKU_D,953,0,0,1576
146,W2,SKU_E,664,0,0,0
146,R1,SKU_A,329,0,0,0
146,R1,SKU_B,452,0,0,196
146,R1,SKU_C,0,43,0,305
146,R1,SKU_D,441,0,0,78
146,R1,SKU_E,0,35,0,110
146,R2,SKU_A,475,0,0,800
146,R2,SKU_B,203,0,0,0
146,R2,SKU_C,404,0,0,307
146,R2,SKU_D,87,0,0,172
146,R2,SKU_E,312,0,0,0
146,R3,SKU_A,687,0,0,1703
146,R3,SKU_B,0,44,0,211
146,R3,SKU_C,380,0,0,1041
146,R3,SKU_D,1778,0,0,0
146,R3,SKU_E,655,0,0,0
147,Supplier,SKU_A,0,0,0,0
147,Supplier,SKU_B,0,0,0,0
147,Supplier,SKU_C,0,0,0,0
147,Supplier,SKU_D,0,0,0,0
147,Supplier,SKU_E,0,0,0,0
147,W1,SKU_A,1135,0,0,1493
147,W1,SKU_B,452,0,0,1215
147,W1,SKU_C,2146,0,0,943
147,W1,SKU_D,295,0,0,509
147,W1,SKU_E,1464,0,0,0
147,W2,SKU_A,1541,0,0,0
147,W2,SKU_B,66,0,0,1376
147,W2,SKU_C,785,0,0,2119
147,W2,SKU_D,953,0,0,1576
147,W2,SKU_E,239,0,0,0
147,R1,SKU_A,152,0,0,0
147,R1,SKU_B,332,0,0,196
147,R1,SKU_C,0,269,0,305
147,R1,SKU_D,416,0,0,0
147,R1,SKU_E,4,0,0,94
147,R2,SKU_A,341,0,0,800
147,R2,SKU_B,117,0,0,0
147,R2,SKU_C,270,0,0,307
147,R2,SKU_D,27,0,0,172
147,R2,SKU_E,254,0,0,0
147,R3,SKU_A,2132,0,0,0
147,R3,SKU_B,0,149,0,441
147,R3,SKU_C,195,0,0,1041
147,R3,SKU_D,1664,0,0,0
147,R3,SKU_E,541,0,0,425
148,Supplier,SKU_A,0,0,0,0
148,Supplier,SKU_B,0,0,0,0
148,Supplier,SKU_C,0,0,0,0
148,Supplier,SKU_D,0,0,0,0
148,Supplier,SKU_E,0,0,0,0
148,W1,SKU_A,336,0,0,1493
148,W1,SKU_B,1073,0,0,0
148,W1,SKU_C,1736,0,0,943
148,W1,SKU_D,0,0,255,509
148,W1,SKU_E,981,0,0,0
148,W2,SKU_A,1541,0,0,0
148,W2,SKU_B,66,0,0,1376
148,W2,SKU_C,785,0,0,2119
148,W2,SKU_D,953,0,0,1576
148,W2,SKU_E,239,0,0,1194
148,R1,SKU_A,8,0,0,799
148,R1,SKU_B,447,0,0,253
148,R1,SKU_C,0,82,0,410
148,R1,SKU_D,352,0,0,295
148,R1,SKU_E,0,36,0,94
148,R2,SKU_A,216,0,0,800
148,R2,SKU_B,58,0,0,341
148,R2,SKU_C,196,0,0,307
148,R2,SKU_D,150,0,0,0
148,R2,SKU_E,213,0,0,483
148,R3,SKU_A,1994,0,0,0
148,R3,SKU_B,0,2,0,230
148,R3,SKU_C,98,0,0,1041
148,R3,SKU_D,1595,0,0,0
148,R3,SKU_E,483,0,0,425
149,Supplier,SKU_A,0,0,0,0
149,Supplier,SKU_B,0,0,0,0
149,Supplier,SKU_C,0,0,0,0
149,Supplier,SKU_D,0,0,0,0
149,Supplier,SKU_E,0,0,0,0
149,W1,SKU_A,1029,0,0,1599
149,W1,SKU_B,1073,0,0,0
149,W1,SKU_C,1757,0,0,1022
149,W1,SKU_D,0,0,255,1059
149,W1,SKU_E,870,0,0,861
149,W2,SKU_A,1541,0,0,0
149,W2,SKU_B,0,0,103,1376
149,W2,SKU_C,785,0,0,2119
149,W2,SKU_D,2529,0,0,0
149,W2,SKU_E,239,0,0,1194
149,R1,SKU_A,0,138,0,799
149,R1,SKU_B,392,0,0,253
149,R1,SKU_C,0,168,0,410
149,R1,SKU_D,293,0,0,295
149,R1,SKU_E,23,0,0,111
149,R2,SKU_A,922,0,0,0
149,R2,SKU_B,6,0,0,341
149,R2,SKU_C,470,0,0,310
149,R2,SKU_D,108,0,0,0
149,R2,SKU_E,161,0,0,483
149,R3,SKU_A,1825,0,0,0
149,R3,SKU_B,0,83,0,296
149,R3,SKU_C,1031,0,0,0
149,R3,SKU_D,1542,0,0,0
149,R3,SKU_E,413,0,0,425
150,Supplier,SKU_A,0,0,0,0
150,Supplier,SKU_B,0,0,0,0
150,Supplier,SKU_C,0,0,0,0
150,Supplier,SKU_D,0,0,0,0
150,Supplier,SKU_E,0,0,0,0
150,W1,SKU_A,1029,0,0,1599
150,W1,SKU_B,1073,0,0,0
150,W1,SKU_C,1757,0,0,1332
150,W1,SKU_D,509,0,255,550
150,W1,SKU_E,870,0,0,861
150,W2,SKU_A,1541,0,0,0
150,W2,SKU_B,0,0,103,1376
150,W2,SKU_C,785,0,0,2119
150,W2,SKU_D,1763,0,0,0
150,W2,SKU_E,239,0,0,1194
150,R1,SKU_A,545,0,0,0
150,R1,SKU_B,582,0,0,0
150,R1,SKU_C,154,0,0,0
150,R1,SKU_D,531,0,0,0
150,R1,SKU_E,0,2,0,111
150,R2,SKU_A,850,0,0,0
150,R2,SKU_B,0,45,0,341
150,R2,SKU_C,431,0,0,310
150,R2,SKU_D,65,0,0,0
150,R2,SKU_E,121,0,0,483
150,R3,SKU_A,1647,0,0,0
150,R3,SKU_B,0,135,0,296
150,R3,SKU_C,904,0,0,0
150,R3,SKU_D,1486,0,0,766
150,R3,SKU_E,333,0,0,425
151,Supplier,SKU_A,0,0,0,0
151,Supplier,SKU_B,0,0,0,0
151,Supplier,SKU_C,0,0,0,0
151,Supplier,SKU_D,0,0,0,0
151,Supplier,SKU_E,0,0,0,0
151,W1,SKU_A,1029,0,0,1599
151,W1,SKU_B,874,0,0,0
151,W1,SKU_C,1465,0,0,1332
151,W1,SKU_D,254,0,0,550
151,W1,SKU_E,870,0,0,861
151,W2,SKU_A,1541,0,0,0
151,W2,SKU_B,1376,0,103,0
151,W2,SKU_C,785,0,0,2119
151,W2,SKU_D,1763,0,0,0
151,W2,SKU_E,239,0,0,1194
151,R1,SKU_A,398,0,0,0
151,R1,SKU_B,529,0,0,199
151,R1,SKU_C,46,0,0,292
151,R1,SKU_D,457,0,0,52
151,R1,SKU_E,66,0,0,0
151,R2,SKU_A,751,0,0,0
151,R2,SKU_B,250,0,0,0
151,R2,SKU_C,367,0,0,310
151,R2,SKU_D,18,0,0,203
151,R2,SKU_E,562,0,0,0
151,R3,SKU_A,1493,0,0,0
151,R3,SKU_B,37,0,0,66
151,R3,SKU_C,789,0,0,0
151,R3,SKU_D,1398,0,0,766
151,R3,SKU_E,688,0,0,0
152,Supplier,SKU_A,0,0,0,0
152,Supplier,SKU_B,0,0,0,0
152,Supplier,SKU_C,0,0,0,0
152,Supplier,SKU_D,0,0,0,0
152,Supplier,SKU_E,0,0,0,0
152,W1,SKU_A,1829,0,0,799
152,W1,SKU_B,874,0,0,1183
152,W1,SKU_C,2077,0,0,1012
152,W1,SKU_D,73,0,0,550
152,W1,SKU_E,767,0,0,861
152,W2,SKU_A,0,0,123,0
152,W2,SKU_B,1082,0,0,0
152,W2,SKU_C,2904,0,0,0
152,W2,SKU_D,1763,0,0,0
152,W2,SKU_E,0,0,153,1194
152,R1,SKU_A,234,0,0,0
152,R1,SKU_B,460,0,0,199
152,R1,SKU_C,0,101,0,292
152,R1,SKU_D,402,0,0,52
152,R1,SKU_E,23,0,0,103
152,R2,SKU_A,644,0,0,0
152,R2,SKU_B,195,0,0,0
152,R2,SKU_C,631,0,0,0
152,R2,SKU_D,0,19,0,384
152,R2,SKU_E,514,0,0,0
152,R3,SKU_A,1315,0,0,1541
152,R3,SKU_B,0,39,0,360
152,R3,SKU_C,673,0,0,0
152,R3,SKU_D,1309,0,0,766
152,R3,SKU_E,608,0,0,239
153,Supplier,SKU_A,0,0,0,0
153,Supplier,SKU_B,0,0,0,0
153,Supplier,SKU_C,0,0,0,0
153,Supplier,SKU_D,0,0,0,0
153,Supplier,SKU_E,0,0,0,0
153,W1,SKU_A,336,0,0,799
153,W1,SKU_B,874,0,0,1183
153,W1,SKU_C,1822,0,0,1012
153,W1,SKU_D,0,0,236,731
153,W1,SKU_E,767,0,0,861
153,W2,SKU_A,0,0,123,3367
153,W2,SKU_B,1082,0,0,0
153,W2,SKU_C,1840,0,0,0
153,W2,SKU_D,1763,0,0,0
153,W2,SKU_E,0,0,153,1194
153,R1,SKU_A,60,0,0,717
153,R1,SKU_B,568,0,0,0
153,R1,SKU_C,16,0,0,255
153,R1,SKU_D,376,0,0,73
153,R1,SKU_E,0,30,0,103
153,R2,SKU_A,520,0,0,776
153,R2,SKU_B,112,0,0,0
153,R2,SKU_C,558,0,0,0
153,R2,SKU_D,0,82,0,384
153,R2,SKU_E,458,0,0,0
153,R3,SKU_A,1090,0,0,1541
153,R3,SKU_B,0,68,0,294
153,R3,SKU_C,497,0,0,1064
153,R3,SKU_D,1168,0,0,766
153,R3,SKU_E,509,0,0,239
154,Supplier,SKU_A,0,0,0,0
154,Supplier,SKU_B,0,0,0,0
154,Supplier,SKU_C,0,0,0,0
154,Supplier,SKU_D,0,0,0,0
154,Supplier,SKU_E,0,0,0,0
154,W1,SKU_A,1135,0,0,1493
154,W1,SKU_B,315,0,0,1183
154,W1,SKU_C,2232,0,0,857
154,W1,SKU_D,314,0,0,490
154,W1,SKU_E,1532,0,0,0
154,W2,SKU_A,0,0,123,3367
154,W2,SKU_B,911,0,0,0
154,W2,SKU_C,1840,0,0,0
154,W2,SKU_D,1763,0,0,0
154,W2,SKU_E,1041,0,0,0
154,R1,SKU_A,0,118,0,717
154,R1,SKU_B,463,0,0,213
154,R1,SKU_C,0,114,0,255
154,R1,SKU_D,307,0,0,309
154,R1,SKU_E,36,0,0,96
154,R2,SKU_A,405,0,0,776
154,R2,SKU_B,57,0,0,346
154,R2,SKU_C,496,0,0,0
154,R2,SKU_D,65,0,0,181
154,R2,SKU_E,410,0,0,0
154,R3,SKU_A,889,0,0,1541
154,R3,SKU_B,0,127,0,465
154,R3,SKU_C,388,0,0,1064
154,R3,SKU_D,1856,0,0,0
154,R3,SKU_E,432,0,0,392
155,Supplier,SKU_A,0,0,0,0
155,Supplier,SKU_B,0,0,0,0
155,Supplier,SKU_C,0,0,0,0
155,Supplier,SKU_D,0,0,0,0
155,Supplier,SKU_E,0,0,0,0
155,W1,SKU_A,1135,0,0,1493
155,W1,SKU_B,315,0,0,1183
155,W1,SKU_C,1920,0,0,547
155,W1,SKU_D,158,0,0,490
155,W1,SKU_E,1532,0,0,0
155,W2,SKU_A,0,0,123,3367
155,W2,SKU_B,911,0,0,0
155,W2,SKU_C,1840,0,0,0
155,W2,SKU_D,1763,0,0,0
155,W2,SKU_E,1041,0,0,0
155,R1,SKU_A,491,0,0,0
155,R1,SKU_B,394,0,0,213
155,R1,SKU_C,81,0,0,305
155,R1,SKU_D,347,0,0,236
155,R1,SKU_E,1,0,0,96
155,R2,SKU_A,324,0,0,776
155,R2,SKU_B,3,0,0,346
155,R2,SKU_C,457,0,0,317
155,R2,SKU_D,211,0,0,156
155,R2,SKU_E,373,0,0,0
155,R3,SKU_A,753,0,0,1541
155,R3,SKU_B,0,188,0,465
155,R3,SKU_C,309,0,0,1064
155,R3,SKU_D,1790,0,0,0
155,R3,SKU_E,351,0,0,392
156,Supplier,SKU_A,0,0,0,0
156,Supplier,SKU_B,0,0,0,0
156,Supplier,SKU_C,0,0,0,0
156,Supplier,SKU_D,0,0,0,0
156,Supplier,SKU_E,0,0,0,0
156,W1,SKU_A,1135,0,0,1493
156,W1,SKU_B,141,0,0,1183
156,W1,SKU_C,1920,0,0,1169
156,W1,SKU_D,158,0,0,646
156,W1,SKU_E,1460,0,0,0
156,W2,SKU_A,0,0,123,3367
156,W2,SKU_B,911,0,0,0
156,W2,SKU_C,1840,0,0,0
156,W2,SKU_D,1763,0,0,0
156,W2,SKU_E,1041,0,0,0
156,R1,SKU_A,395,0,0,0
156,R1,SKU_B,567,0,0,174
156,R1,SKU_C,12,0,0,305
156,R1,SKU_D,524,0,0,0
156,R1,SKU_E,54,0,0,72
156,R2,SKU_A,1040,0,0,0
156,R2,SKU_B,0,28,0,346
156,R2,SKU_C,430,0,0,317
156,R2,SKU_D,170,0,0,156
156,R2,SKU_E,342,0,0,0
156,R3,SKU_A,2144,0,0,0
156,R3,SKU_B,68,0,0,171
156,R3,SKU_C,252,0,0,1064
156,R3,SKU_D,1722,0,0,0
156,R3,SKU_E,526,0,0,153
157,Supplier,SKU_A,0,0,0,0
157,Supplier,SKU_B,0,0,0,0
157,Supplier,SKU_C,0,0,0,0
157,Supplier,SKU_D,0,0,0,0
157,Supplier,SKU_E,0,0,0,0
157,W1,SKU_A,1135,0,0,1493
157,W1,SKU_B,1324,0,0,0
157,W1,SKU_C,2212,0,0,877
157,W1,SKU_D,158,0,0,646
157,W1,SKU_E,1460,0,0,0
157,W2,SKU_A,0,0,123,3367
157,W2,SKU_B,911,0,0,0
157,W2,SKU_C,1840,0,0,0
157,W2,SKU_D,1763,0,0,0
157,W2,SKU_E,640,0,0,0
157,R1,SKU_A,309,0,0,0
157,R1,SKU_B,523,0,0,174
157,R1,SKU_C,250,0,0,0
157,R1,SKU_D,481,0,0,0
157,R1,SKU_E,16,0,0,72
157,R2,SKU_A,971,0,0,0
157,R2,SKU_B,276,0,0,0
157,R2,SKU_C,397,0,0,317
157,R2,SKU_D,138,0,0,156
157,R2,SKU_E,316,0,0,0
157,R3,SKU_A,2011,0,0,0
157,R3,SKU_B,20,0,0,171
157,R3,SKU_C,1235,0,0,0
157,R3,SKU_D,1642,0,0,0
157,R3,SKU_E,459,0,0,554
158,Supplier,SKU_A,0,0,0,0
158,Supplier,SKU_B,0,0,0,0
158,Supplier,SKU_C,0,0,0,0
158,Supplier,SKU_D,0,0,0,0
158,Supplier,SKU_E,0,0,0,0
158,W1,SKU_A,1135,0,0,1493
158,W1,SKU_B,1324,0,0,0
158,W1,SKU_C,2212,0,0,877
158,W1,SKU_D,339,0,0,465
158,W1,SKU_E,1379,0,0,0
158,W2,SKU_A,0,0,123,3367
158,W2,SKU_B,705,0,0,0
158,W2,SKU_C,1840,0,0,0
158,W2,SKU_D,1763,0,0,0
158,W2,SKU_E,640,0,0,0
158,R1,SKU_A,183,0,0,0
158,R1,SKU_B,626,0,0,0
158,R1,SKU_C,142,0,0,0
158,R1,SKU_D,424,0,0,0
158,R1,SKU_E,46,0,0,81
158,R2,SKU_A,889,0,0,0
158,R2,SKU_B,222,0,0,0
158,R2,SKU_C,666,0,0,0
158,R2,SKU_D,241,0,0,0
158,R2,SKU_E,278,0,0,0
158,R3,SKU_A,1816,0,0,0
158,R3,SKU_B,123,0,0,206
158,R3,SKU_C,1127,0,0,0
158,R3,SKU_D,1535,0,0,0
158,R3,SKU_E,524,0,0,401
159,Supplier,SKU_A,0,0,0,0
159,Supplier,SKU_B,0,0,0,0
159,Supplier,SKU_C,0,0,0,0
159,Supplier,SKU_D,0,0,0,0
159,Supplier,SKU_E,0,0,0,0
159,W1,SKU_A,1860,0,0,0
159,W1,SKU_B,1324,0,0,0
159,W1,SKU_C,2163,0,0,622
159,W1,SKU_D,148,0,0,156
159,W1,SKU_E,1379,0,0,0
159,W2,SKU_A,3244,0,0,0
159,W2,SKU_B,705,0,0,0
159,W2,SKU_C,1840,0,0,0
159,W2,SKU_D,990,0,0,0
159,W2,SKU_E,640,0,0,0
159,R1,SKU_A,4,0,0,768
159,R1,SKU_B,575,0,0,0
159,R1,SKU_C,29,0,0,304
159,R1,SKU_D,345,0,0,339
159,R1,SKU_E,0,6,0,81
159,R2,SKU_A,779,0,0,0
159,R2,SKU_B,158,0,0,0
159,R2,SKU_C,613,0,0,0
159,R2,SKU_D,179,0,0,161
159,R2,SKU_E,223,0,0,0
159,R3,SKU_A,1616,0,0,123
159,R3,SKU_B,48,0,0,206
159,R3,SKU_C,1020,0,0,0
159,R3,SKU_D,1406,0,0,773
159,R3,SKU_E,437,0,0,401
160,Supplier,SKU_A,0,0,0,0
160,Supplier,SKU_B,0,0,0,0
160,Supplier,SKU_C,0,0,0,0
160,Supplier,SKU_D,0,0,0,0
160,Supplier,SKU_E,0,0,0,0
160,W1,SKU_A,1860,0,0,768
160,W1,SKU_B,818,0,0,0
160,W1,SKU_C,2163,0,0,926
160,W1,SKU_D,148,0,0,656
160,W1,SKU_E,771,0,0,0
160,W2,SKU_A,3244,0,0,0
160,W2,SKU_B,705,0,0,0
160,W2,SKU_C,1840,0,0,0
160,W2,SKU_D,990,0,0,1539
160,W2,SKU_E,640,0,0,0
160,R1,SKU_A,0,193,0,768
160,R1,SKU_B,476,0,0,206
160,R1,SKU_C,0,147,0,304
160,R1,SKU_D,251,0,0,339
160,R1,SKU_E,15,0,0,94
160,R2,SKU_A,646,0,0,0
160,R2,SKU_B,73,0,0,300
160,R2,SKU_C,533,0,0,0
160,R2,SKU_D,111,0,0,161
160,R2,SKU_E,152,0,0,514
160,R3,SKU_A,1380,0,0,123
160,R3,SKU_B,0,29,0,206
160,R3,SKU_C,857,0,0,0
160,R3,SKU_D,1294,0,0,773
160,R3,SKU_E,305,0,0,401
161,Supplier,SKU_A,0,0,0,0
161,Supplier,SKU_B,0,0,0,0
161,Supplier,SKU_C,0,0,0,0
161,Supplier,SKU_D,0,0,0,0
161,Supplier,SKU_E,0,0,0,0
161,W1,SKU_A,1086,0,0,768
161,W1,SKU_B,818,0,0,1239
161,W1,SKU_C,2496,0,0,304
161,W1,SKU_D,304,0,0,500
161,W1,SKU_E,771,0,0,1071
161,W2,SKU_A,1590,0,0,0
161,W2,SKU_B,485,0,0,0
161,W2,SKU_C,1840,0,0,0
161,W2,SKU_D,990,0,0,1539
161,W2,SKU_E,266,0,0,0
161,R1,SKU_A,342,0,0,0
161,R1,SKU_B,374,0,0,206
161,R1,SKU_C,0,18,0,289
161,R1,SKU_D,499,0,0,0
161,R1,SKU_E,0,40,0,94
161,R2,SKU_A,513,0,0,774
161,R2,SKU_B,0,2,0,300
161,R2,SKU_C,460,0,0,0
161,R2,SKU_D,43,0,0,161
161,R2,SKU_E,80,0,0,514
161,R3,SKU_A,1160,0,0,1777
161,R3,SKU_B,0,93,0,426
161,R3,SKU_C,710,0,0,0
161,R3,SKU_D,1186,0,0,773
161,R3,SKU_E,626,0,0,374
162,Supplier,SKU_A,0,0,0,0
162,Supplier,SKU_B,0,0,0,0
162,Supplier,SKU_C,0,0,0,0
162,Supplier,SKU_D,0,0,0,0
162,Supplier,SKU_E,0,0,0,0
162,W1,SKU_A,1086,0,0,1542
162,W1,SKU_B,617,0,0,1239
162,W1,SKU_C,2143,0,0,593
162,W1,SKU_D,106,0,0,500
162,W1,SKU_E,656,0,0,1071
162,W2,SKU_A,1590,0,0,0
162,W2,SKU_B,485,0,0,1187
162,W2,SKU_C,813,0,0,0
162,W2,SKU_D,990,0,0,1539
162,W2,SKU_E,266,0,0,1167
162,R1,SKU_A,225,0,0,0
162,R1,SKU_B,523,0,0,201
162,R1,SKU_C,0,126,0,289
162,R1,SKU_D,435,0,0,0
162,R1,SKU_E,14,0,0,115
162,R2,SKU_A,389,0,0,774
162,R2,SKU_B,0,56,0,300
162,R2,SKU_C,396,0,0,353
162,R2,SKU_D,162,0,0,198
162,R2,SKU_E,35,0,0,514
162,R3,SKU_A,950,0,0,1777
162,R3,SKU_B,68,0,0,220
162,R3,SKU_C,616,0,0,1027
162,R3,SKU_D,1100,0,0,773
162,R3,SKU_E,548,0,0,374
163,Supplier,SKU_A,0,0,0,0
163,Supplier,SKU_B,0,0,0,0
163,Supplier,SKU_C,0,0,0,0
163,Supplier,SKU_D,0,0,0,0
163,Supplier,SKU_E,0,0,0,0
163,W1,SKU_A,360,0,0,1542
163,W1,SKU_B,617,0,0,1239
163,W1,SKU_C,1860,0,0,946
163,W1,SKU_D,0,0,222,698
163,W1,SKU_E,656,0,0,1071
163,W2,SKU_A,1590,0,0,0
163,W2,SKU_B,485,0,0,1187
163,W2,SKU_C,813,0,0,2091
163,W2,SKU_D,990,0,0,1539
163,W2,SKU_E,266,0,0,1167
163,R1,SKU_A,90,0,0,726
163,R1,SKU_B,470,0,0,201
163,R1,SKU_C,76,0,0,283
163,R1,SKU_D,382,0,0,106
163,R1,SKU_E,0,20,0,115
163,R2,SKU_A,274,0,0,774
163,R2,SKU_B,199,0,0,0
163,R2,SKU_C,333,0,0,353
163,R2,SKU_D,118,0,0,198
163,R2,SKU_E,511,0,0,0
163,R3,SKU_A,857,0,0,1654
163,R3,SKU_B,23,0,0,220
163,R3,SKU_C,488,0,0,1027
163,R3,SKU_D,1777,0,0,0
163,R3,SKU_E,463,0,0,374
164,Supplier,SKU_A,0,0,0,0
164,Supplier,SKU_B,0,0,0,0
164,Supplier,SKU_C,0,0,0,0
164,Supplier,SKU_D,0,0,0,0
164,Supplier,SKU_E,0,0,0,0
164,W1,SKU_A,360,0,0,2268
164,W1,SKU_B,617,0,0,1239
164,W1,SKU_C,1860,0,0,1229
164,W1,SKU_D,0,0,222,1026
164,W1,SKU_E,582,0,0,1071
164,W2,SKU_A,1590,0,0,0
164,W2,SKU_B,485,0,0,1187
164,W2,SKU_C,813,0,0,2091
164,W2,SKU_D,990,0,0,1539
164,W2,SKU_E,266,0,0,1167
164,R1,SKU_A,0,40,0,726
164,R1,SKU_B,628,0,0,0
164,R1,SKU_C,0,9,0,283
164,R1,SKU_D,314,0,0,106
164,R1,SKU_E,69,0,0,74
164,R2,SKU_A,946,0,0,0
164,R2,SKU_B,149,0,0,0
164,R2,SKU_C,293,0,0,353
164,R2,SKU_D,88,0,0,198
164,R2,SKU_E,470,0,0,0
164,R3,SKU_A,671,0,0,1654
164,R3,SKU_B,0,24,0,220
164,R3,SKU_C,383,0,0,1027
164,R3,SKU_D,1676,0,0,0
164,R3,SKU_E,389,0,0,374
165,Supplier,SKU_A,0,0,0,0
165,Supplier,SKU_B,0,0,0,0
165,Supplier,SKU_C,0,0,0,0
165,Supplier,SKU_D,0,0,0,0
165,Supplier,SKU_E,0,0,0,0
165,W1,SKU_A,1128,0,0,1500
165,W1,SKU_B,308,0,0,1239
165,W1,SKU_C,2164,0,0,925
165,W1,SKU_D,278,0,0,526
165,W1,SKU_E,582,0,0,1071
165,W2,SKU_A,1590,0,0,0
165,W2,SKU_B,284,0,0,1187
165,W2,SKU_C,813,0,0,2091
165,W2,SKU_D,990,0,0,1539
165,W2,SKU_E,266,0,0,1167
165,R1,SKU_A,566,0,0,0
165,R1,SKU_B,578,0,0,0
165,R1,SKU_C,164,0,0,0
165,R1,SKU_D,359,0,0,222
165,R1,SKU_E,40,0,0,74
165,R2,SKU_A,836,0,0,0
165,R2,SKU_B,68,0,0,309
165,R2,SKU_C,584,0,0,0
165,R2,SKU_D,243,0,0,0
165,R2,SKU_E,424,0,0,0
165,R3,SKU_A,2161,0,0,0
165,R3,SKU_B,137,0,0,201
165,R3,SKU_C,264,0,0,1027
165,R3,SKU_D,1575,0,0,0
165,R3,SKU_E,676,0,0,0
166,Supplier,SKU_A,0,0,0,0
166,Supplier,SKU_B,0,0,0,0
166,Supplier,SKU_C,0,0,0,0
166,Supplier,SKU_D,0,0,0,0
166,Supplier,SKU_E,0,0,0,0
166,W1,SKU_A,1128,0,0,1500
166,W1,SKU_B,1344,0,0,0
166,W1,SKU_C,1882,0,0,925
166,W1,SKU_D,119,0,0,526
166,W1,SKU_E,1653,0,0,0
166,W2,SKU_A,1590,0,0,0
166,W2,SKU_B,284,0,0,1187
166,W2,SKU_C,813,0,0,2091
166,W2,SKU_D,2529,0,0,0
166,W2,SKU_E,0,0,138,1167
166,R1,SKU_A,408,0,0,0
166,R1,SKU_B,514,0,0,203
166,R1,SKU_C,14,0,0,282
166,R1,SKU_D,267,0,0,222
166,R1,SKU_E,77,0,0,0
166,R2,SKU_A,720,0,0,0
166,R2,SKU_B,0,1,0,309
166,R2,SKU_C,522,0,0,0
166,R2,SKU_D,185,0,0,159
166,R2,SKU_E,365,0,0,0
166,R3,SKU_A,1960,0,0,0
166,R3,SKU_B,65,0,0,201
166,R3,SKU_C,1174,0,0,0
166,R3,SKU_D,1464,0,0,0
166,R3,SKU_E,606,0,0,266
167,Supplier,SKU_A,0,0,0,0
167,Supplier,SKU_B,0,0,0,0
167,Supplier,SKU_C,0,0,0,0
167,Supplier,SKU_D,0,0,0,0
167,Supplier,SKU_E,0,0,0,0
167,W1,SKU_A,1902,0,0,726
167,W1,SKU_B,1344,0,0,0
167,W1,SKU_C,1880,0,0,918
167,W1,SKU_D,119,0,0,685
167,W1,SKU_E,1561,0,0,0
167,W2,SKU_A,1590,0,0,0
167,W2,SKU_B,284,0,0,1187
167,W2,SKU_C,813,0,0,2091
167,W2,SKU_D,1685,0,0,0
167,W2,SKU_E,0,0,138,1167
167,R1,SKU_A,180,0,0,0
167,R1,SKU_B,442,0,0,203
167,R1,SKU_C,0,127,0,282
167,R1,SKU_D,381,0,0,0
167,R1,SKU_E,17,0,0,92
167,R2,SKU_A,601,0,0,0
167,R2,SKU_B,0,59,0,309
167,R2,SKU_C,451,0,0,291
167,R2,SKU_D,140,0,0,159
167,R2,SKU_E,312,0,0,0
167,R3,SKU_A,1724,0,0,0
167,R3,SKU_B,0,24,0,201
167,R3,SKU_C,1005,0,0,0
167,R3,SKU_D,1344,0,0,844
167,R3,SKU_E,507,0,0,266
168,Supplier,SKU_A,0,0,0,0
168,Supplier,SKU_B,0,0,0,0
168,Supplier,SKU_C,0,0,0,0
168,Supplier,SKU_D,0,0,0,0
168,Supplier,SKU_E,0,0,0,0
168,W1,SKU_A,312,0,0,726
168,W1,SKU_B,1344,0,0,0
168,W1,SKU_C,1942,0,0,856
168,W1,SKU_D,0,0,65,487
168,W1,SKU_E,1561,0,0,0
168,W2,SKU_A,1590,0,0,0
168,W2,SKU_B,1251,0,0,0
168,W2,SKU_C,813,0,0,2091
168,W2,SKU_D,1685,0,0,0
168,W2,SKU_E,1029,0,0,0
168,R1,SKU_A,0,49,0,771
168,R1,SKU_B,557,0,0,0
168,R1,SKU_C,0,46,0,291
168,R1,SKU_D,290,0,0,317
168,R1,SKU_E,0,32,0,92
168,R2,SKU_A,494,0,0,819
168,R2,SKU_B,175,0,0,0
168,R2,SKU_C,389,0,0,291
168,R2,SKU_D,82,0,0,159
168,R2,SKU_E,249,0,0,0
168,R3,SKU_A,1453,0,0,0
168,R3,SKU_B,0,115,0,421
168,R3,SKU_C,818,0,0,0
168,R3,SKU_D,1222,0,0,844
168,R3,SKU_E,395,0,0,404
169,Supplier,SKU_A,0,0,0,0
169,Supplier,SKU_B,0,0,0,0
169,Supplier,SKU_C,0,0,0,0
169,Supplier,SKU_D,0,0,0,0
169,Supplier,SKU_E,0,0,0,0
169,W1,SKU_A,1038,0,0,1590
169,W1,SKU_B,837,0,0,0
169,W1,SKU_C,2225,0,0,864
169,W1,SKU_D,102,0,0,541
169,W1,SKU_E,964,0,0,0
169,W2,SKU_A,0,0,114,0
169,W2,SKU_B,1251,0,0,0
169,W2,SKU_C,2904,0,0,0
169,W2,SKU_D,1685,0,0,0
169,W2,SKU_E,1029,0,0,0
169,R1,SKU_A,0,199,0,771
169,R1,SKU_B,486,0,0,224
169,R1,SKU_C,0,169,0,291
169,R1,SKU_D,217,0,0,382
169,R1,SKU_E,10,0,0,109
169,R2,SKU_A,363,0,0,819
169,R2,SKU_B,104,0,0,283
169,R2,SKU_C,320,0,0,291
169,R2,SKU_D,170,0,0,161
169,R2,SKU_E,196,0,0,488
169,R3,SKU_A,1249,0,0,1590
169,R3,SKU_B,29,0,0,220
169,R3,SKU_C,712,0,0,0
169,R3,SKU_D,1131,0,0,844
169,R3,SKU_E,293,0,0,404
170,Supplier,SKU_A,0,0,0,0
170,Supplier,SKU_B,0,0,0,0
170,Supplier,SKU_C,0,0,0,0
170,Supplier,SKU_D,0,0,0,0
170,Supplier,SKU_E,0,0,0,0
170,W1,SKU_A,1038,0,0,1590
170,W1,SKU_B,837,0,0,1220
170,W1,SKU_C,1901,0,0,864
170,W1,SKU_D,102,0,0,702
170,W1,SKU_E,964,0,0,878
170,W2,SKU_A,0,0,114,3358
170,W2,SKU_B,1251,0,0,0
170,W2,SKU_C,1879,0,0,0
170,W2,SKU_D,1685,0,0,0
170,W2,SKU_E,646,0,0,0
170,R1,SKU_A,441,0,0,0
170,R1,SKU_B,433,0,0,224
170,R1,SKU_C,19,0,0,324
170,R1,SKU_D,476,0,0,65
170,R1,SKU_E,0,36,0,109
170,R2,SKU_A,246,0,0,819
170,R2,SKU_B,45,0,0,283
170,R2,SKU_C,537,0,0,0
170,R2,SKU_D,124,0,0,161
170,R2,SKU_E,156,0,0,488
170,R3,SKU_A,1031,0,0,1590
170,R3,SKU_B,0,36,0,220
170,R3,SKU_C,614,0,0,1025
170,R3,SKU_D,1039,0,0,844
170,R3,SKU_E,463,0,0,521
171,Supplier,SKU_A,0,0,0,0
171,Supplier,SKU_B,0,0,0,0
171,Supplier,SKU_C,0,0,0,0
171,Supplier,SKU_D,0,0,0,0
171,Supplier,SKU_E,0,0,0,0
171,W1,SKU_A,1038,0,0,1590
171,W1,SKU_B,837,0,0,1220
171,W1,SKU_C,1901,0,0,1188
171,W1,SKU_D,102,0,0,702
171,W1,SKU_E,868,0,0,878
171,W2,SKU_A,0,0,114,3358
171,W2,SKU_B,1038,0,0,0
171,W2,SKU_C,1879,0,0,0
171,W2,SKU_D,1685,0,0,0
171,W2,SKU_E,646,0,0,0
171,R1,SKU_A,293,0,0,0
171,R1,SKU_B,607,0,0,0
171,R1,SKU_C,0,78,0,324
171,R1,SKU_D,492,0,0,0
171,R1,SKU_E,28,0,0,96
171,R2,SKU_A,977,0,0,0
171,R2,SKU_B,0,1,0,283
171,R2,SKU_C,475,0,0,0
171,R2,SKU_D,63,0,0,161
171,R2,SKU_E,113,0,0,488
171,R3,SKU_A,853,0,0,1590
171,R3,SKU_B,0,91,0,433
171,R3,SKU_C,537,0,0,1025
171,R3,SKU_D,1800,0,0,0
171,R3,SKU_E,394,0,0,521
172,Supplier,SKU_A,0,0,0,0
172,Supplier,SKU_B,0,0,0,0
172,Supplier,SKU_C,0,0,0,0
172,Supplier,SKU_D,0,0,0,0
172,Supplier,SKU_E,0,0,0,0
172,W1,SKU_A,1038,0,0,1590
172,W1,SKU_B,663,0,0,1220
172,W1,SKU_C,1845,0,0,906
172,W1,SKU_D,83,0,0,543
172,W1,SKU_E,868,0,0,878
172,W2,SKU_A,0,0,114,3358
172,W2,SKU_B,1038,0,0,0
172,W2,SKU_C,1879,0,0,0
172,W2,SKU_D,1685,0,0,0
172,W2,SKU_E,646,0,0,0
172,R1,SKU_A,169,0,0,0
172,R1,SKU_B,552,0,0,174
172,R1,SKU_C,166,0,0,0
172,R1,SKU_D,446,0,0,0
172,R1,SKU_E,0,9,0,96
172,R2,SKU_A,858,0,0,0
172,R2,SKU_B,219,0,0,0
172,R2,SKU_C,436,0,0,338
172,R2,SKU_D,176,0,0,178
172,R2,SKU_E,540,0,0,0
172,R3,SKU_A,672,0,0,1590
172,R3,SKU_B,67,0,0,213
172,R3,SKU_C,443,0,0,1025
172,R3,SKU_D,1696,0,0,0
172,R3,SKU_E,441,0,0,383
173,Supplier,SKU_A,0,0,0,0
173,Supplier,SKU_B,0,0,0,0
173,Supplier,SKU_C,0,0,0,0
173,Supplier,SKU_D,0,0,0,0
173,Supplier,SKU_E,0,0,0,0
173,W1,SKU_A,256,0,0,1590
173,W1,SKU_B,663,0,0,1220
173,W1,SKU_C,1856,0,0,953
173,W1,SKU_D,0,0,234,721
173,W1,SKU_E,786,0,0,878
173,W2,SKU_A,0,0,114,3358
173,W2,SKU_B,1038,0,0,0
173,W2,SKU_C,1879,0,0,0
173,W2,SKU_D,1685,0,0,0
173,W2,SKU_E,646,0,0,0
173,R1,SKU_A,8,0,0,782
173,R1,SKU_B,486,0,0,174
173,R1,SKU_C,59,0,0,280
173,R1,SKU_D,356,0,0,83
173,R1,SKU_E,39,0,0,82
173,R2,SKU_A,751,0,0,0
173,R2,SKU_B,152,0,0,0
173,R2,SKU_C,372,0,0,338
173,R2,SKU_D,115,0,0,178
173,R2,SKU_E,482,0,0,0
173,R3,SKU_A,2035,0,0,0
173,R3,SKU_B,18,0,0,213
173,R3,SKU_C,300,0,0,1025
173,R3,SKU_D,1594,0,0,0
173,R3,SKU_E,331,0,0,383
174,Supplier,SKU_A,0,0,0,0
174,Supplier,SKU_B,0,0,0,0
174,Supplier,SKU_C,0,0,0,0
174,Supplier,SKU_D,0,0,0,0
174,Supplier,SKU_E,0,0,0,0
174,W1,SKU_A,1846,0,0,782
174,W1,SKU_B,357,0,0,1220
174,W1,SKU_C,2147,0,0,942
174,W1,SKU_D,148,0,0,656
174,W1,SKU_E,786,0,0,878
174,W2,SKU_A,0,0,114,3358
174,W2,SKU_B,872,0,0,0
174,W2,SKU_C,1879,0,0,0
174,W2,SKU_D,1685,0,0,0
174,W2,SKU_E,280,0,0,0
174,R1,SKU_A,0,184,0,782
174,R1,SKU_B,575,0,0,0
174,R1,SKU_C,0,105,0,280
174,R1,SKU_D,266,0,0,317
174,R1,SKU_E,0,4,0,82
174,R2,SKU_A,634,0,0,0
174,R2,SKU_B,78,0,0,306
174,R2,SKU_C,287,0,0,338
174,R2,SKU_D,58,0,0,178
174,R2,SKU_E,427,0,0,0
174,R3,SKU_A,1802,0,0,0
174,R3,SKU_B,0,50,0,379
174,R3,SKU_C,1158,0,0,0
174,R3,SKU_D,1463,0,0,0
174,R3,SKU_E,603,0,0,366
175,Supplier,SKU_A,0,0,0,0
175,Supplier,SKU_B,0,0,0,0
175,Supplier,SKU_C,0,0,0,0
175,Supplier,SKU_D,0,0,0,0
175,Supplier,SKU_E,0,0,0,0
175,W1,SKU_A,1060,0,0,782
175,W1,SKU_B,1371,0,0,0
175,W1,SKU_C,1876,0,0,942
175,W1,SKU_D,143,0,0,495
175,W1,SKU_E,1573,0,0,0
175,W2,SKU_A,0,0,114,3358
175,W2,SKU_B,872,0,0,0
175,W2,SKU_C,1879,0,0,0
175,W2,SKU_D,840,0,0,0
175,W2,SKU_E,280,0,0,1153
175,R1,SKU_A,418,0,0,0
175,R1,SKU_B,500,0,0,206
175,R1,SKU_C,28,0,0,271
175,R1,SKU_D,256,0,0,234
175,R1,SKU_E,23,0,0,91
175,R2,SKU_A,510,0,0,786
175,R2,SKU_B,10,0,0,306
175,R2,SKU_C,567,0,0,0
175,R2,SKU_D,176,0,0,166
175,R2,SKU_E,365,0,0,0
175,R3,SKU_A,1552,0,0,0
175,R3,SKU_B,88,0,0,166
175,R3,SKU_C,1008,0,0,0
175,R3,SKU_D,1341,0,0,845
175,R3,SKU_E,511,0,0,366
176,Supplier,SKU_A,0,0,0,0
176,Supplier,SKU_B,0,0,0,0
176,Supplier,SKU_C,0,0,0,0
176,Supplier,SKU_D,0,0,0,0
176,Supplier,SKU_E,0,0,0,0
176,W1,SKU_A,1060,0,0,1568
176,W1,SKU_B,1371,0,0,0
176,W1,SKU_C,2200,0,0,889
176,W1,SKU_D,143,0,0,661
176,W1,SKU_E,1573,0,0,0
176,W2,SKU_A,3358,0,114,0
176,W2,SKU_B,872,0,0,0
176,W2,SKU_C,1879,0,0,0
176,W2,SKU_D,840,0,0,1689
176,W2,SKU_E,280,0,0,1153
176,R1,SKU_A,301,0,0,0
176,R1,SKU_B,446,0,0,206
176,R1,SKU_C,0,26,0,271
176,R1,SKU_D,440,0,0,0
176,R1,SKU_E,0,9,0,91
176,R2,SKU_A,428,0,0,786
176,R2,SKU_B,0,30,0,306
176,R2,SKU_C,531,0,0,0
176,R2,SKU_D,146,0,0,166
176,R2,SKU_E,311,0,0,0
176,R3,SKU_A,1371,0,0,0
176,R3,SKU_B,29,0,0,166
176,R3,SKU_C,915,0,0,0
176,R3,SKU_D,1265,0,0,845
176,R3,SKU_E,432,0,0,366
177,Supplier,SKU_A,0,0,0,0
177,Supplier,SKU_B,0,0,0,0
177,Supplier,SKU_C,0,0,0,0
177,Supplier,SKU_D,0,0,0,0
177,Supplier,SKU_E,0,0,0,0
177,W1,SKU_A,1060,0,0,1568
177,W1,SKU_B,1371,0,0,0
177,W1,SKU_C,2200,0,0,889
177,W1,SKU_D,0,0,180,661
177,W1,SKU_E,1486,0,0,0
177,W2,SKU_A,1572,0,0,0
177,W2,SKU_B,670,0,0,0
177,W2,SKU_C,1879,0,0,0
177,W2,SKU_D,840,0,0,1689
177,W2,SKU_E,280,0,0,1153
177,R1,SKU_A,187,0,0,0
177,R1,SKU_B,602,0,0,0
177,R1,SKU_C,176,0,0,0
177,R1,SKU_D,405,0,0,143
177,R1,SKU_E,55,0,0,87
177,R2,SKU_A,344,0,0,786
177,R2,SKU_B,244,0,0,0
177,R2,SKU_C,472,0,0,0
177,R2,SKU_D,114,0,0,166
177,R2,SKU_E,273,0,0,0
177,R3,SKU_A,1216,0,0,1786
177,R3,SKU_B,0,27,0,368
177,R3,SKU_C,841,0,0,0
177,R3,SKU_D,1197,0,0,845
177,R3,SKU_E,347,0,0,366
178,Supplier,SKU_A,0,0,0,0
178,Supplier,SKU_B,0,0,0,0
178,Supplier,SKU_C,0,0,0,0
178,Supplier,SKU_D,0,0,0,0
178,Supplier,SKU_E,0,0,0,0
178,W1,SKU_A,296,0,0,1568
178,W1,SKU_B,1192,0,0,0
178,W1,SKU_C,1927,0,0,551
178,W1,SKU_D,0,0,2,806
178,W1,SKU_E,1486,0,0,0
178,W2,SKU_A,1572,0,0,0
178,W2,SKU_B,670,0,0,0
178,W2,SKU_C,1879,0,0,0
178,W2,SKU_D,840,0,0,1689
178,W2,SKU_E,0,0,87,1153
178,R1,SKU_A,71,0,0,764
178,R1,SKU_B,550,0,0,179
178,R1,SKU_C,81,0,0,270
178,R1,SKU_D,352,0,0,321
178,R1,SKU_E,2,0,0,87
178,R2,SKU_A,1060,0,0,0
178,R2,SKU_B,188,0,0,0
178,R2,SKU_C,422,0,0,341
178,R2,SKU_D,242,0,0,0
178,R2,SKU_E,236,0,0,0
178,R3,SKU_A,1076,0,0,1786
178,R3,SKU_B,76,0,0,202
178,R3,SKU_C,757,0,0,0
178,R3,SKU_D,1121,0,0,845
178,R3,SKU_E,640,0,0,280
179,Supplier,SKU_A,0,0,0,0
179,Supplier,SKU_B,0,0,0,0
179,Supplier,SKU_C,0,0,0,0
179,Supplier,SKU_D,0,0,0,0
179,Supplier,SKU_E,0,0,0,0
179,W1,SKU_A,1078,0,0,1550
179,W1,SKU_B,922,0,0,0
179,W1,SKU_C,2207,0,0,882
179,W1,SKU_D,155,0,0,489
179,W1,SKU_E,905,0,0,0
179,W2,SKU_A,1572,0,0,0
179,W2,SKU_B,670,0,0,0
179,W2,SKU_C,899,0,0,0
179,W2,SKU_D,840,0,0,1689
179,W2,SKU_E,0,0,87,1153
179,R1,SKU_A,0,57,0,764
179,R1,SKU_B,498,0,0,179
179,R1,SKU_C,7,0,0,270
179,R1,SKU_D,442,0,0,180
179,R1,SKU_E,47,0,0,80
179,R2,SKU_A,961,0,0,0
179,R2,SKU_B,141,0,0,270
179,R2,SKU_C,375,0,0,341
179,R2,SKU_D,203,0,0,160
179,R2,SKU_E,183,0,0,501
179,R3,SKU_A,898,0,0,1786
179,R3,SKU_B,13,0,0,202
179,R3,SKU_C,663,0,0,980
179,R3,SKU_D,1862,0,0,0
179,R3,SKU_E,569,0,0,280
180,Supplier,SKU_A,0,0,0,0
180,Supplier,SKU_B,0,0,0,0
180,Supplier,SKU_C,0,0,0,0
180,Supplier,SKU_D,0,0,0,0
180,Supplier,SKU_E,0,0,0,0
180,W1,SKU_A,1078,0,0,1550
180,W1,SKU_B,922,0,0,1135
180,W1,SKU_C,2207,0,0,882
180,W1,SKU_D,155,0,0,649
180,W1,SKU_E,905,0,0,937
180,W2,SKU_A,1572,0,0,0
180,W2,SKU_B,488,0,0,0
180,W2,SKU_C,899,0,0,2005
180,W2,SKU_D,840,0,0,1689
180,W2,SKU_E,0,0,87,1153
180,R1,SKU_A,562,0,0,0
180,R1,SKU_B,592,0,0,0
180,R1,SKU_C,163,0,0,0
180,R1,SKU_D,550,0,0,2
180,R1,SKU_E,0,5,0,80
180,R2,SKU_A,869,0,0,0
180,R2,SKU_B,82,0,0,270
180,R2,SKU_C,324,0,0,341
180,R2,SKU_D,163,0,0,160
180,R2,SKU_E,126,0,0,501
180,R3,SKU_A,672,0,0,1786
180,R3,SKU_B,0,48,0,384
180,R3,SKU_C,557,0,0,980
180,R3,SKU_D,1753,0,0,0
180,R3,SKU_E,495,0,0,280
181,Supplier,SKU_A,0,0,0,0
181,Supplier,SKU_B,0,0,0,0
181,Supplier,SKU_C,0,0,0,0
181,Supplier,SKU_D,0,0,0,0
181,Supplier,SKU_E,0,0,0,0
181,W1,SKU_A,1864,0,0,764
181,W1,SKU_B,733,0,0,1135
181,W1,SKU_C,2195,0,0,611
181,W1,SKU_D,321,0,0,483
181,W1,SKU_E,811,0,0,937
181,W2,SKU_A,1572,0,0,0
181,W2,SKU_B,488,0,0,1184
181,W2,SKU_C,899,0,0,2005
181,W2,SKU_D,840,0,0,1689
181,W2,SKU_E,1153,0,87,0
181,R1,SKU_A,392,0,0,0
181,R1,SKU_B,502,0,0,189
181,R1,SKU_C,18,0,0,283
181,R1,SKU_D,465,0,0,0
181,R1,SKU_E,35,0,0,94
181,R2,SKU_A,769,0,0,0
181,R2,SKU_B,11,0,0,270
181,R2,SKU_C,578,0,0,0
181,R2,SKU_D,104,0,0,160
181,R2,SKU_E,79,0,0,501
181,R3,SKU_A,2269,0,0,0
181,R3,SKU_B,83,0,0,182
181,R3,SKU_C,434,0,0,980
181,R3,SKU_D,1624,0,0,0
181,R3,SKU_E,421,0,0,280
182,Supplier,SKU_A,0,0,0,0
182,Supplier,SKU_B,0,0,0,0
182,Supplier,SKU_C,0,0,0,0
182,Supplier,SKU_D,0,0,0,0
182,Supplier,SKU_E,0,0,0,0
182,W1,SKU_A,1864,0,0,764
182,W1,SKU_B,733,0,0,1135
182,W1,SKU_C,2195,0,0,894
182,W1,SKU_D,23,0,0,483
182,W1,SKU_E,811,0,0,937
182,W2,SKU_A,1572,0,0,0
182,W2,SKU_B,488,0,0,1184
182,W2,SKU_C,899,0,0,2005
182,W2,SKU_D,2529,0,0,0
182,W2,SKU_E,1153,0,87,0
182,R1,SKU_A,205,0,0,0
182,R1,SKU_B,417,0,0,189
182,R1,SKU_C,0,105,0,283
182,R1,SKU_D,371,0,0,298
182,R1,SKU_E,0,19,0,94
182,R2,SKU_A,632,0,0,0
182,R2,SKU_B,219,0,0,0
182,R2,SKU_C,517,0,0,0
182,R2,SKU_D,211,0,0,0
182,R2,SKU_E,528,0,0,0
182,R3,SKU_A,2084,0,0,0
182,R3,SKU_B,22,0,0,182
182,R3,SKU_C,348,0,0,980
182,R3,SKU_D,1536,0,0,0
182,R3,SKU_E,616,0,0,0
183,Supplier,SKU_A,0,0,0,0
183,Supplier,SKU_B,0,0,0,0
183,Supplier,SKU_C,0,0,0,0
183,Supplier,SKU_D,0,0,0,0
183,Supplier,SKU_E,0,0,0,0
183,W1,SKU_A,330,0,0,764
183,W1,SKU_B,558,0,0,1135
183,W1,SKU_C,1631,0,0,894
183,W1,SKU_D,155,0,0,458
183,W1,SKU_E,717,0,0,937
183,W2,SKU_A,1572,0,0,0
183,W2,SKU_B,295,0,0,1184
183,W2,SKU_C,899,0,0,2005
183,W2,SKU_D,1757,0,0,0
183,W2,SKU_E,689,0,0,0
183,R1,SKU_A,73,0,0,746
183,R1,SKU_B,548,0,0,175
183,R1,SKU_C,106,0,0,268
183,R1,SKU_D,319,0,0,298
183,R1,SKU_E,35,0,0,94
183,R2,SKU_A,527,0,0,788
183,R2,SKU_B,189,0,0,0
183,R2,SKU_C,462,0,0,296
183,R2,SKU_D,161,0,0,191
183,R2,SKU_E,489,0,0,0
183,R3,SKU_A,1905,0,0,0
183,R3,SKU_B,0,22,0,375
183,R3,SKU_C,1242,0,0,0
183,R3,SKU_D,1461,0,0,772
183,R3,SKU_E,531,0,0,464
184,Supplier,SKU_A,0,0,0,0
184,Supplier,SKU_B,0,0,0,0
184,Supplier,SKU_C,0,0,0,0
184,Supplier,SKU_D,0,0,0,0
184,Supplier,SKU_E,0,0,0,0
184,W1,SKU_A,1094,0,0,1534
184,W1,SKU_B,289,0,0,1135
184,W1,SKU_C,2242,0,0,847
184,W1,SKU_D,155,0,0,649
184,W1,SKU_E,717,0,0,937
184,W2,SKU_A,1572,0,0,0
184,W2,SKU_B,295,0,0,1184
184,W2,SKU_C,899,0,0,2005
184,W2,SKU_D,1757,0,0,0
184,W2,SKU_E,689,0,0,0
184,R1,SKU_A,0,74,0,746
184,R1,SKU_B,508,0,0,175
184,R1,SKU_C,18,0,0,268
184,R1,SKU_D,554,0,0,0
184,R1,SKU_E,0,0,0,94
184,R2,SKU_A,430,0,0,788
184,R2,SKU_B,158,0,0,269
184,R2,SKU_C,435,0,0,296
184,R2,SKU_D,118,0,0,191
184,R2,SKU_E,458,0,0,0
184,R3,SKU_A,1729,0,0,0
184,R3,SKU_B,100,0,0,193
184,R3,SKU_C,1167,0,0,0
184,R3,SKU_D,1379,0,0,772
184,R3,SKU_E,458,0,0,464
185,Supplier,SKU_A,0,0,0,0
185,Supplier,SKU_B,0,0,0,0
185,Supplier,SKU_C,0,0,0,0
185,Supplier,SKU_D,0,0,0,0
185,Supplier,SKU_E,0,0,0,0
185,W1,SKU_A,1094,0,0,1534
185,W1,SKU_B,1424,0,0,0
185,W1,SKU_C,2242,0,0,847
185,W1,SKU_D,315,0,0,489
185,W1,SKU_E,1579,0,0,0
185,W2,SKU_A,1572,0,0,0
185,W2,SKU_B,295,0,0,1184
185,W2,SKU_C,899,0,0,2005
185,W2,SKU_D,1757,0,0,0
185,W2,SKU_E,689,0,0,0
185,R1,SKU_A,546,0,0,0
185,R1,SKU_B,642,0,0,0
185,R1,SKU_C,189,0,0,0
185,R1,SKU_D,499,0,0,0
185,R1,SKU_E,56,0,0,75
185,R2,SKU_A,349,0,0,788
185,R2,SKU_B,116,0,0,269
185,R2,SKU_C,381,0,0,296
185,R2,SKU_D,80,0,0,191
185,R2,SKU_E,432,0,0,0
185,R3,SKU_A,1561,0,0,0
185,R3,SKU_B,35,0,0,193
185,R3,SKU_C,1084,0,0,0
185,R3,SKU_D,1272,0,0,772
185,R3,SKU_E,388,0,0,464
186,Supplier,SKU_A,0,0,0,0
186,Supplier,SKU_B,0,0,0,0
186,Supplier,SKU_C,0,0,0,0
186,Supplier,SKU_D,0,0,0,0
186,Supplier,SKU_E,0,0,0,0
186,W1,SKU_A,1094,0,0,1534
186,W1,SKU_B,1424,0,0,0
186,W1,SKU_C,1985,0,0,847
186,W1,SKU_D,315,0,0,489
186,W1,SKU_E,1579,0,0,0
186,W2,SKU_A,0,0,24,0
186,W2,SKU_B,126,0,0,1184
186,W2,SKU_C,2904,0,0,0
186,W2,SKU_D,1757,0,0,0
186,W2,SKU_E,689,0,0,0
186,R1,SKU_A,384,0,0,0
186,R1,SKU_B,592,0,0,0
186,R1,SKU_C,93,0,0,257
186,R1,SKU_D,419,0,0,0
186,R1,SKU_E,22,0,0,75
186,R2,SKU_A,1018,0,0,0
186,R2,SKU_B,66,0,0,269
186,R2,SKU_C,621,0,0,0
186,R2,SKU_D,212,0,0,0
186,R2,SKU_E,397,0,0,0
186,R3,SKU_A,1342,0,0,1572
186,R3,SKU_B,0,26,0,362
186,R3,SKU_C,969,0,0,0
186,R3,SKU_D,1163,0,0,772
186,R3,SKU_E,319,0,0,464
187,Supplier,SKU_A,0,0,0,0
187,Supplier,SKU_B,0,0,0,0
187,Supplier,SKU_C,0,0,0,0
187,Supplier,SKU_D,0,0,0,0
187,Supplier,SKU_E,0,0,0,0
187,W1,SKU_A,1094,0,0,1534
187,W1,SKU_B,1235,0,0,0
187,W1,SKU_C,2268,0,0,821
187,W1,SKU_D,0,0,219,489
187,W1,SKU_E,1507,0,0,0
187,W2,SKU_A,0,0,24,3268
187,W2,SKU_B,1310,0,0,0
187,W2,SKU_C,2904,0,0,0
187,W2,SKU_D,1757,0,0,0
187,W2,SKU_E,689,0,0,0
187,R1,SKU_A,217,0,0,0
187,R1,SKU_B,500,0,0,189
187,R1,SKU_C,0,40,0,257
187,R1,SKU_D,325,0,0,315
187,R1,SKU_E,41,0,0,72
187,R2,SKU_A,881,0,0,0
187,R2,SKU_B,273,0,0,0
187,R2,SKU_C,564,0,0,0
187,R2,SKU_D,146,0,0,0
187,R2,SKU_E,346,0,0,0
187,R3,SKU_A,1107,0,0,1572
187,R3,SKU_B,94,0,0,169
187,R3,SKU_C,867,0,0,0
187,R3,SKU_D,1842,0,0,0
187,R3,SKU_E,694,0,0,0
188,Supplier,SKU_A,0,0,0,0
188,Supplier,SKU_B,0,0,0,0
188,Supplier,SKU_C,0,0,0,0
188,Supplier,SKU_D,0,0,0,0
188,Supplier,SKU_E,0,0,0,0
188,W1,SKU_A,360,0,0,1534
188,W1,SKU_B,1235,0,0,0
188,W1,SKU_C,2268,0,0,821
188,W1,SKU_D,79,0,0,725
188,W1,SKU_E,1507,0,0,0
188,W2,SKU_A,0,0,24,3268
188,W2,SKU_B,1310,0,0,0
188,W2,SKU_C,2904,0,0,0
188,W2,SKU_D,1757,0,0,0
188,W2,SKU_E,303,0,0,0
188,R1,SKU_A,0,5,0,734
188,R1,SKU_B,382,0,0,189
188,R1,SKU_C,49,0,0,0
188,R1,SKU_D,226,0,0,344
188,R1,SKU_E,0,16,0,72
188,R2,SKU_A,736,0,0,0
188,R2,SKU_B,201,0,0,0
188,R2,SKU_C,472,0,0,0
188,R2,SKU_D,62,0,0,190
188,R2,SKU_E,270,0,0,0
188,R3,SKU_A,894,0,0,1572
188,R3,SKU_B,24,0,0,169
188,R3,SKU_C,762,0,0,0
188,R3,SKU_D,1761,0,0,0
188,R3,SKU_E,594,0,0,386
189,Supplier,SKU_A,0,0,0,0
189,Supplier,SKU_B,0,0,0,0
189,Supplier,SKU_C,0,0,0,0
189,Supplier,SKU_D,0,0,0,0
189,Supplier,SKU_E,0,0,0,0
189,W1,SKU_A,1894,0,0,734
189,W1,SKU_B,1025,0,0,0
189,W1,SKU_C,2094,0,0,257
189,W1,SKU_D,270,0,0,534
189,W1,SKU_E,1394,0,0,0
189,W2,SKU_A,0,0,24,3268
189,W2,SKU_B,1106,0,0,0
189,W2,SKU_C,2904,0,0,0
189,W2,SKU_D,1757,0,0,0
189,W2,SKU_E,303,0,0,1130
189,R1,SKU_A,0,190,0,734
189,R1,SKU_B,480,0,0,210
189,R1,SKU_C,0,57,0,397
189,R1,SKU_D,450,0,0,29
189,R1,SKU_E,0,8,0,113
189,R2,SKU_A,619,0,0,0
189,R2,SKU_B,157,0,0,0
189,R2,SKU_C,382,0,0,341
189,R2,SKU_D,9,0,0,190
189,R2,SKU_E,224,0,0,0
189,R3,SKU_A,670,0,0,1572
189,R3,SKU_B,0,34,0,373
189,R3,SKU_C,684,0,0,0
189,R3,SKU_D,1668,0,0,0
189,R3,SKU_E,494,0,0,386
190,Supplier,SKU_A,0,0,0,0
190,Supplier,SKU_B,0,0,0,0
190,Supplier,SKU_C,0,0,0,0
190,Supplier,SKU_D,0,0,0,0
190,Supplier,SKU_E,0,0,0,0
190,W1,SKU_A,1093,0,0,734
190,W1,SKU_B,724,0,0,0
190,W1,SKU_C,2094,0,0,995
190,W1,SKU_D,0,0,217,534
190,W1,SKU_E,881,0,0,0
190,W2,SKU_A,0,0,24,3268
190,W2,SKU_B,1106,0,0,0
190,W2,SKU_C,1851,0,0,0
190,W2,SKU_D,1757,0,0,0
190,W2,SKU_E,303,0,0,1130
190,R1,SKU_A,449,0,0,0
190,R1,SKU_B,432,0,0,210
190,R1,SKU_C,0,119,0,397
190,R1,SKU_D,428,0,0,270
190,R1,SKU_E,0,49,0,113
190,R2,SKU_A,527,0,0,801
190,R2,SKU_B,113,0,0,301
190,R2,SKU_C,344,0,0,341
190,R2,SKU_D,0,29,0,190
190,R2,SKU_E,180,0,0,513
190,R3,SKU_A,2072,0,0,0
190,R3,SKU_B,87,0,0,204
190,R3,SKU_C,609,0,0,1053
190,R3,SKU_D,1614,0,0,0
190,R3,SKU_E,419,0,0,386
191,Supplier,SKU_A,0,0,0,0
191,Supplier,SKU_B,0,0,0,0
191,Supplier,SKU_C,0,0,0,0
191,Supplier,SKU_D,0,0,0,0
191,Supplier,SKU_E,0,0,0,0
191,W1,SKU_A,1093,0,0,1535
191,W1,SKU_B,724,0,0,1333
191,W1,SKU_C,2094,0,0,995
191,W1,SKU_D,0,0,217,1021
191,W1,SKU_E,776,0,0,961
191,W2,SKU_A,0,0,24,3268
191,W2,SKU_B,1106,0,0,0
191,W2,SKU_C,1851,0,0,0
191,W2,SKU_D,1757,0,0,0
191,W2,SKU_E,303,0,0,1130
191,R1,SKU_A,324,0,0,0
191,R1,SKU_B,592,0,0,0
191,R1,SKU_C,216,0,0,0
191,R1,SKU_D,384,0,0,270
191,R1,SKU_E,14,0,0,105
191,R2,SKU_A,439,0,0,801
191,R2,SKU_B,67,0,0,301
191,R2,SKU_C,301,0,0,341
191,R2,SKU_D,116,0,0,0
191,R2,SKU_E,134,0,0,513
191,R3,SKU_A,1904,0,0,0
191,R3,SKU_B,46,0,0,204
191,R3,SKU_C,528,0,0,1053
191,R3,SKU_D,1524,0,0,0
191,R3,SKU_E,325,0,0,386
192,Supplier,SKU_A,0,0,0,0
192,Supplier,SKU_B,0,0,0,0
192,Supplier,SKU_C,0,0,0,0
192,Supplier,SKU_D,0,0,0,0
192,Supplier,SKU_E,0,0,0,0
192,W1,SKU_A,1093,0,0,1535
192,W1,SKU_B,535,0,0,1333
192,W1,SKU_C,2351,0,0,738
192,W1,SKU_D,0,0,217,1021
192,W1,SKU_E,776,0,0,961
192,W2,SKU_A,0,0,24,3268
192,W2,SKU_B,1106,0,0,0
192,W2,SKU_C,1851,0,0,0
192,W2,SKU_D,973,0,0,0
192,W2,SKU_E,0,0,66,1130
192,R1,SKU_A,190,0,0,0
192,R1,SKU_B,536,0,0,189
192,R1,SKU_C,158,0,0,0
192,R1,SKU_D,606,0,0,0
192,R1,SKU_E,0,11,0,105
192,R2,SKU_A,364,0,0,801
192,R2,SKU_B,20,0,0,301
192,R2,SKU_C,612,0,0,0
192,R2,SKU_D,64,0,0,0
192,R2,SKU_E,87,0,0,513
192,R3,SKU_A,1766,0,0,0
192,R3,SKU_B,0,9,0,204
192,R3,SKU_C,456,0,0,1053
192,R3,SKU_D,1449,0,0,784
192,R3,SKU_E,645,0,0,303
193,Supplier,SKU_A,0,0,0,0
193,Supplier,SKU_B,0,0,0,0
193,Supplier,SKU_C,0,0,0,0
193,Supplier,SKU_D,0,0,0,0
193,Supplier,SKU_E,0,0,0,0
193,W1,SKU_A,332,0,0,1535
193,W1,SKU_B,535,0,0,1333
193,W1,SKU_C,2063,0,0,738
193,W1,SKU_D,317,0,0,487
193,W1,SKU_E,701,0,0,961
193,W2,SKU_A,3244,0,0,0
193,W2,SKU_B,904,0,0,0
193,W2,SKU_C,1851,0,0,0
193,W2,SKU_D,973,0,0,1556
193,W2,SKU_E,0,0,66,1130
193,R1,SKU_A,33,0,0,761
193,R1,SKU_B,479,0,0,189
193,R1,SKU_C,83,0,0,288
193,R1,SKU_D,548,0,0,14
193,R1,SKU_E,55,0,0,75
193,R2,SKU_A,1085,0,0,0
193,R2,SKU_B,275,0,0,0
193,R2,SKU_C,567,0,0,0
193,R2,SKU_D,1,0,0,203
193,R2,SKU_E,545,0,0,0
193,R3,SKU_A,1592,0,0,24
193,R3,SKU_B,144,0,0,202
193,R3,SKU_C,364,0,0,1053
193,R3,SKU_D,1357,0,0,784
193,R3,SKU_E,564,0,0,303
194,Supplier,SKU_A,0,0,0,0
194,Supplier,SKU_B,0,0,0,0
194,Supplier,SKU_C,0,0,0,0
194,Supplier,SKU_D,0,0,0,0
194,Supplier,SKU_E,0,0,0,0
194,W1,SKU_A,1066,0,0,1562
194,W1,SKU_B,535,0,0,1333
194,W1,SKU_C,2063,0,0,1026
194,W1,SKU_D,119,0,0,487
194,W1,SKU_E,701,0,0,961
194,W2,SKU_A,3244,0,0,0
194,W2,SKU_B,904,0,0,0
194,W2,SKU_C,1851,0,0,0
194,W2,SKU_D,973,0,0,1556
194,W2,SKU_E,0,0,66,1130
194,R1,SKU_A,0,104,0,761
194,R1,SKU_B,621,0,0,0
194,R1,SKU_C,0,18,0,288
194,R1,SKU_D,496,0,0,14
194,R1,SKU_E,2,0,0,75
194,R2,SKU_A,991,0,0,0
194,R2,SKU_B,231,0,0,0
194,R2,SKU_C,517,0,0,0
194,R2,SKU_D,0,47,0,401
194,R2,SKU_E,497,0,0,0
194,R3,SKU_A,1391,0,0,24
194,R3,SKU_B,83,0,0,202
194,R3,SKU_C,1305,0,0,0
194,R3,SKU_D,1246,0,0,784
194,R3,SKU_E,469,0,0,303
195,Supplier,SKU_A,0,0,0,0
195,Supplier,SKU_B,0,0,0,0
195,Supplier,SKU_C,0,0,0,0
195,Supplier,SKU_D,0,0,0,0
195,Supplier,SKU_E,0,0,0,0
195,W1,SKU_A,1066,0,0,1562
195,W1,SKU_B,535,0,0,1333
195,W1,SKU_C,2505,0,0,288
195,W1,SKU_D,119,0,0,685
195,W1,SKU_E,609,0,0,961
195,W2,SKU_A,1502,0,0,0
195,W2,SKU_B,904,0,0,0
195,W2,SKU_C,1851,0,0,0
195,W2,SKU_D,973,0,0,1556
195,W2,SKU_E,1064,0,0,0
195,R1,SKU_A,467,0,0,0
195,R1,SKU_B,515,0,0,0
195,R1,SKU_C,117,0,0,0
195,R1,SKU_D,428,0,0,0
195,R1,SKU_E,17,0,0,92
195,R2,SKU_A,862,0,0,0
195,R2,SKU_B,176,0,0,0
195,R2,SKU_C,457,0,0,296
195,R2,SKU_D,0,112,0,401
195,R2,SKU_E,435,0,0,0
195,R3,SKU_A,1200,0,0,1766
195,R3,SKU_B,24,0,0,202
195,R3,SKU_C,1182,0,0,0
195,R3,SKU_D,1130,0,0,784
195,R3,SKU_E,362,0,0,369
196,Supplier,SKU_A,0,0,0,0
196,Supplier,SKU_B,0,0,0,0
196,Supplier,SKU_C,0,0,0,0
196,Supplier,SKU_D,0,0,0,0
196,Supplier,SKU_E,0,0,0,0
196,W1,SKU_A,1867,0,0,761
196,W1,SKU_B,1320,0,0,0
196,W1,SKU_C,2176,0,0,584
196,W1,SKU_D,271,0,0,198
196,W1,SKU_E,1570,0,0,0
196,W2,SKU_A,1502,0,0,0
196,W2,SKU_B,733,0,0,0
196,W2,SKU_C,1851,0,0,0
196,W2,SKU_D,973,0,0,1556
196,W2,SKU_E,1064,0,0,0
196,R1,SKU_A,273,0,0,0
196,R1,SKU_B,438,0,0,266
196,R1,SKU_C,0,21,0,329
196,R1,SKU_D,350,0,0,335
196,R1,SKU_E,0,42,0,92
196,R2,SKU_A,713,0,0,0
196,R2,SKU_B,113,0,0,282
196,R2,SKU_C,394,0,0,296
196,R2,SKU_D,17,0,0,198
196,R2,SKU_E,390,0,0,0
196,R3,SKU_A,990,0,0,1766
196,R3,SKU_B,0,45,0,373
196,R3,SKU_C,1067,0,0,0
196,R3,SKU_D,1828,0,0,0
196,R3,SKU_E,573,0,0,66
197,Supplier,SKU_A,0,0,0,0
197,Supplier,SKU_B,0,0,0,0
197,Supplier,SKU_C,0,0,0,0
197,Supplier,SKU_D,0,0,0,0
197,Supplier,SKU_E,0,0,0,0
197,W1,SKU_A,1189,0,0,761
197,W1,SKU_B,1320,0,0,0
197,W1,SKU_C,2176,0,0,913
197,W1,SKU_D,84,0,0,533
197,W1,SKU_E,1451,0,0,0
197,W2,SKU_A,1502,0,0,0
197,W2,SKU_B,733,0,0,0
197,W2,SKU_C,1851,0,0,0
197,W2,SKU_D,973,0,0,1556
197,W2,SKU_E,623,0,0,0
197,R1,SKU_A,156,0,0,678
197,R1,SKU_B,396,0,0,266
197,R1,SKU_C,0,101,0,329
197,R1,SKU_D,301,0,0,335
197,R1,SKU_E,4,0,0,119
197,R2,SKU_A,629,0,0,0
197,R2,SKU_B,74,0,0,282
197,R2,SKU_C,355,0,0,296
197,R2,SKU_D,175,0,0,187
197,R2,SKU_E,337,0,0,0
197,R3,SKU_A,851,0,0,1742
197,R3,SKU_B,104,0,0,171
197,R3,SKU_C,998,0,0,0
197,R3,SKU_D,1752,0,0,0
197,R3,SKU_E,490,0,0,507
198,Supplier,SKU_A,0,0,0,0
198,Supplier,SKU_B,0,0,0,0
198,Supplier,SKU_C,0,0,0,0
198,Supplier,SKU_D,0,0,0,0
198,Supplier,SKU_E,0,0,0,0
198,W1,SKU_A,398,0,0,1439
198,W1,SKU_B,1320,0,0,0
198,W1,SKU_C,2176,0,0,913
198,W1,SKU_D,84,0,0,720
198,W1,SKU_E,1451,0,0,0
198,W2,SKU_A,1502,0,0,0
198,W2,SKU_B,733,0,0,0
198,W2,SKU_C,1851,0,0,0
198,W2,SKU_D,973,0,0,1556
198,W2,SKU_E,623,0,0,0
198,R1,SKU_A,22,0,0,678
198,R1,SKU_B,625,0,0,0
198,R1,SKU_C,162,0,0,0
198,R1,SKU_D,573,0,0,0
198,R1,SKU_E,0,34,0,119
198,R2,SKU_A,543,0,0,791
198,R2,SKU_B,33,0,0,282
198,R2,SKU_C,604,0,0,0
198,R2,SKU_D,131,0,0,187
198,R2,SKU_E,288,0,0,0
198,R3,SKU_A,674,0,0,1742
198,R3,SKU_B,74,0,0,171
198,R3,SKU_C,918,0,0,0
198,R3,SKU_D,1674,0,0,0
198,R3,SKU_E,410,0,0,507
199,Supplier,SKU_A,0,0,0,0
199,Supplier,SKU_B,0,0,0,0
199,Supplier,SKU_C,0,0,0,0
199,Supplier,SKU_D,0,0,0,0
199,Supplier,SKU_E,0,0,0,0
199,W1,SKU_A,1159,0,0,1469
199,W1,SKU_B,1320,0,0,0
199,W1,SKU_C,2180,0,0,625
199,W1,SKU_D,84,0,0,720
199,W1,SKU_E,1367,0,0,0
199,W2,SKU_A,1502,0,0,0
199,W2,SKU_B,733,0,0,0
199,W2,SKU_C,1851,0,0,0
199,W2,SKU_D,2529,0,0,0
199,W2,SKU_E,623,0,0,0
199,R1,SKU_A,554,0,0,0
199,R1,SKU_B,559,0,0,0
199,R1,SKU_C,56,0,0,284
199,R1,SKU_D,515,0,0,0
199,R1,SKU_E,38,0,0,84
199,R2,SKU_A,459,0,0,791
199,R2,SKU_B,280,0,0,0
199,R2,SKU_C,557,0,0,0
199,R2,SKU_D,82,0,0,187
199,R2,SKU_E,230,0,0,0
199,R3,SKU_A,2245,0,0,0
199,R3,SKU_B,24,0,0,171
199,R3,SKU_C,808,0,0,0
199,R3,SKU_D,1602,0,0,0
199,R3,SKU_E,391,0,0,441
200,Supplier,SKU_A,0,0,0,0
200,Supplier,SKU_B,0,0,0,0
200,Supplier,SKU_C,0,0,0,0
200,Supplier,SKU_D,0,0,0,0
200,Supplier,SKU_E,0,0,0,0
200,W1,SKU_A,1159,0,0,1469
200,W1,SKU_B,1098,0,0,0
200,W1,SKU_C,2180,0,0,909
200,W1,SKU_D,282,0,0,522
200,W1,SKU_E,860,0,0,0
200,W2,SKU_A,1502,0,0,0
200,W2,SKU_B,531,0,0,0
200,W2,SKU_C,1851,0,0,0
200,W2,SKU_D,2529,0,0,0
200,W2,SKU_E,623,0,0,0
200,R1,SKU_A,412,0,0,0
200,R1,SKU_B,517,0,0,222
200,R1,SKU_C,0,21,0,284
200,R1,SKU_D,471,0,0,0
200,R1,SKU_E,11,0,0,84
200,R2,SKU_A,369,0,0,791
200,R2,SKU_B,238,0,0,0
200,R2,SKU_C,520,0,0,0
200,R2,SKU_D,216,0,0,0
200,R2,SKU_E,196,0,0,507
200,R3,SKU_A,2073,0,0,0
200,R3,SKU_B,151,0,0,202
200,R3,SKU_C,724,0,0,0
200,R3,SKU_D,1511,0,0,0
200,R3,SKU_E,308,0,0,441
201,Supplier,SKU_A,0,0,0,0
201,Supplier,SKU_B,0,0,0,0
201,Supplier,SKU_C,0,0,0,0
201,Supplier,SKU_D,0,0,0,0
201,Supplier,SKU_E,0,0,0,0
201,W1,SKU_A,1159,0,0,1469
201,W1,SKU_B,1098,0,0,0
201,W1,SKU_C,2183,0,0,613
201,W1,SKU_D,0,0,196,522
201,W1,SKU_E,786,0,0,982
201,W2,SKU_A,1502,0,0,0
201,W2,SKU_B,531,0,0,0
201,W2,SKU_C,838,0,0,0
201,W2,SKU_D,1732,0,0,0
201,W2,SKU_E,623,0,0,0
201,R1,SKU_A,267,0,0,0
201,R1,SKU_B,468,0,0,222
201,R1,SKU_C,178,0,0,0
201,R1,SKU_D,415,0,0,282
201,R1,SKU_E,40,0,0,74
201,R2,SKU_A,1058,0,0,0
201,R2,SKU_B,182,0,0,0
201,R2,SKU_C,468,0,0,293
201,R2,SKU_D,170,0,0,0
201,R2,SKU_E,149,0,0,507
201,R3,SKU_A,1863,0,0,0
201,R3,SKU_B,104,0,0,202
201,R3,SKU_C,629,0,0,1013
201,R3,SKU_D,1402,0,0,797
201,R3,SKU_E,664,0,0,0
202,Supplier,SKU_A,0,0,0,0
202,Supplier,SKU_B,0,0,0,0
202,Supplier,SKU_C,0,0,0,0
202,Supplier,SKU_D,0,0,0,0
202,Supplier,SKU_E,0,0,0,0
202,W1,SKU_A,475,0,0,1469
202,W1,SKU_B,822,0,0,0
202,W1,SKU_C,2244,0,0,577
202,W1,SKU_D,139,0,0,665
202,W1,SKU_E,786,0,0,982
202,W2,SKU_A,1502,0,0,0
202,W2,SKU_B,531,0,0,0
202,W2,SKU_C,838,0,0,2066
202,W2,SKU_D,1732,0,0,0
202,W2,SKU_E,207,0,0,0
202,R1,SKU_A,72,0,0,684
202,R1,SKU_B,586,0,0,0
202,R1,SKU_C,23,0,0,268
202,R1,SKU_D,324,0,0,292
202,R1,SKU_E,0,30,0,74
202,R2,SKU_A,932,0,0,0
202,R2,SKU_B,118,0,0,276
202,R2,SKU_C,405,0,0,293
202,R2,SKU_D,117,0,0,186
202,R2,SKU_E,99,0,0,507
202,R3,SKU_A,1627,0,0,0
202,R3,SKU_B,14,0,0,202
202,R3,SKU_C,479,0,0,1013
202,R3,SKU_D,1283,0,0,797
202,R3,SKU_E,564,0,0,416
203,Supplier,SKU_A,0,0,0,0
203,Supplier,SKU_B,0,0,0,0
203,Supplier,SKU_C,0,0,0,0
203,Supplier,SKU_D,0,0,0,0
203,Supplier,SKU_E,0,0,0,0
203,W1,SKU_A,1153,0,0,1475
203,W1,SKU_B,627,0,0,1235
203,W1,SKU_C,2244,0,0,845
203,W1,SKU_D,326,0,0,478
203,W1,SKU_E,661,0,0,982
203,W2,SKU_A,1502,0,0,0
203,W2,SKU_B,350,0,0,0
203,W2,SKU_C,838,0,0,2066
203,W2,SKU_D,1732,0,0,0
203,W2,SKU_E,207,0,0,1226
203,R1,SKU_A,0,116,0,684
203,R1,SKU_B,499,0,0,195
203,R1,SKU_C,0,101,0,268
203,R1,SKU_D,533,0,0,10
203,R1,SKU_E,0,17,0,125
203,R2,SKU_A,785,0,0,0
203,R2,SKU_B,53,0,0,276
203,R2,SKU_C,346,0,0,293
203,R2,SKU_D,46,0,0,186
203,R2,SKU_E,544,0,0,0
203,R3,SKU_A,1394,0,0,0
203,R3,SKU_B,0,62,0,383
203,R3,SKU_C,355,0,0,1013
203,R3,SKU_D,1191,0,0,797
203,R3,SKU_E,453,0,0,416
204,Supplier,SKU_A,0,0,0,0
204,Supplier,SKU_B,0,0,0,0
204,Supplier,SKU_C,0,0,0,0
204,Supplier,SKU_D,0,0,0,0
204,Supplier,SKU_E,0,0,0,0
204,W1,SKU_A,1944,0,0,684
204,W1,SKU_B,627,0,0,1235
204,W1,SKU_C,1965,0,0,845
204,W1,SKU_D,156,0,0,478
204,W1,SKU_E,661,0,0,982
204,W2,SKU_A,0,0,261,0
204,W2,SKU_B,350,0,0,1322
204,W2,SKU_C,838,0,0,2066
204,W2,SKU_D,1732,0,0,0
204,W2,SKU_E,207,0,0,1226
204,R1,SKU_A,449,0,0,0
204,R1,SKU_B,458,0,0,195
204,R1,SKU_C,85,0,0,279
204,R1,SKU_D,488,0,0,0
204,R1,SKU_E,0,63,0,125
204,R2,SKU_A,696,0,0,0
204,R2,SKU_B,20,0,0,276
204,R2,SKU_C,595,0,0,0
204,R2,SKU_D,0,15,0,356
204,R2,SKU_E,506,0,0,0
204,R3,SKU_A,1243,0,0,1502
204,R3,SKU_B,102,0,0,181
204,R3,SKU_C,273,0,0,1013
204,R3,SKU_D,1098,0,0,797
204,R3,SKU_E,382,0,0,416
205,Supplier,SKU_A,0,0,0,0
205,Supplier,SKU_B,0,0,0,0
205,Supplier,SKU_C,0,0,0,0
205,Supplier,SKU_D,0,0,0,0
205,Supplier,SKU_E,0,0,0,0
205,W1,SKU_A,1944,0,0,684
205,W1,SKU_B,627,0,0,1235
205,W1,SKU_C,2249,0,0,840
205,W1,SKU_D,156,0,0,648
205,W1,SKU_E,554,0,0,982
205,W2,SKU_A,0,0,261,3505
205,W2,SKU_B,350,0,0,1322
205,W2,SKU_C,838,0,0,2066
205,W2,SKU_D,1732,0,0,0
205,W2,SKU_E,207,0,0,1226
205,R1,SKU_A,326,0,0,0
205,R1,SKU_B,606,0,0,0
205,R1,SKU_C,8,0,0,279
205,R1,SKU_D,443,0,0,0
205,R1,SKU_E,28,0,0,107
205,R2,SKU_A,603,0,0,0
205,R2,SKU_B,260,0,0,0
205,R2,SKU_C,554,0,0,0
205,R2,SKU_D,140,0,0,170
205,R2,SKU_E,463,0,0,0
205,R3,SKU_A,1115,0,0,1502
205,R3,SKU_B,66,0,0,181
205,R3,SKU_C,1226,0,0,0
205,R3,SKU_D,1833,0,0,0
205,R3,SKU_E,308,0,0,416
206,Supplier,SKU_A,0,0,0,0
206,Supplier,SKU_B,0,0,0,0
206,Supplier,SKU_C,0,0,0,0
206,Supplier,SKU_D,0,0,0,0
206,Supplier,SKU_E,0,0,0,0
206,W1,SKU_A,1127,0,0,684
206,W1,SKU_B,452,0,0,1235
206,W1,SKU_C,2249,0,0,840
206,W1,SKU_D,0,0,164,648
206,W1,SKU_E,1536,0,0,0
206,W2,SKU_A,0,0,261,3505
206,W2,SKU_B,350,0,0,1322
206,W2,SKU_C,838,0,0,2066
206,W2,SKU_D,1732,0,0,0
206,W2,SKU_E,0,0,149,1226
206,R1,SKU_A,188,0,0,0
206,R1,SKU_B,562,0,0,175
206,R1,SKU_C,210,0,0,0
206,R1,SKU_D,385,0,0,156
206,R1,SKU_E,0,13,0,107
206,R2,SKU_A,525,0,0,817
206,R2,SKU_B,241,0,0,0
206,R2,SKU_C,524,0,0,0
206,R2,SKU_D,108,0,0,170
206,R2,SKU_E,425,0,0,0
206,R3,SKU_A,934,0,0,1502
206,R3,SKU_B,29,0,0,181
206,R3,SKU_C,1160,0,0,0
206,R3,SKU_D,1761,0,0,0
206,R3,SKU_E,660,0,0,207
207,Supplier,SKU_A,0,0,0,0
207,Supplier,SKU_B,0,0,0,0
207,Supplier,SKU_C,0,0,0,0
207,Supplier,SKU_D,0,0,0,0
207,Supplier,SKU_E,0,0,0,0
207,W1,SKU_A,364,0,0,1501
207,W1,SKU_B,452,0,0,1235
207,W1,SKU_C,2253,0,0,547
207,W1,SKU_D,314,0,0,490
207,W1,SKU_E,1461,0,0,0
207,W2,SKU_A,0,0,261,3505
207,W2,SKU_B,163,0,0,1322
207,W2,SKU_C,838,0,0,2066
207,W2,SKU_D,1732,0,0,0
207,W2,SKU_E,0,0,149,1226
207,R1,SKU_A,85,0,0,763
207,R1,SKU_B,494,0,0,175
207,R1,SKU_C,143,0,0,0
207,R1,SKU_D,333,0,0,320
207,R1,SKU_E,54,0,0,75
207,R2,SKU_A,435,0,0,817
207,R2,SKU_B,212,0,0,0
207,R2,SKU_C,473,0,0,289
207,R2,SKU_D,236,0,0,0
207,R2,SKU_E,392,0,0,0
207,R3,SKU_A,758,0,0,1502
207,R3,SKU_B,158,0,0,187
207,R3,SKU_C,1077,0,0,0
207,R3,SKU_D,1674,0,0,0
207,R3,SKU_E,581,0,0,207
208,Supplier,SKU_A,0,0,0,0
208,Supplier,SKU_B,0,0,0,0
208,Supplier,SKU_C,0,0,0,0
208,Supplier,SKU_D,0,0,0,0
208,Supplier,SKU_E,0,0,0,0
208,W1,SKU_A,1048,0,0,1580
208,W1,SKU_B,1687,0,0,0
208,W1,SKU_C,2218,0,0,568
208,W1,SKU_D,148,0,0,490
208,W1,SKU_E,1461,0,0,0
208,W2,SKU_A,0,0,261,3505
208,W2,SKU_B,163,0,0,1322
208,W2,SKU_C,2904,0,0,0
208,W2,SKU_D,1732,0,0,0
208,W2,SKU_E,0,0,149,1226
208,R1,SKU_A,0,68,0,763
208,R1,SKU_B,593,0,0,0
208,R1,SKU_C,49,0,0,303
208,R1,SKU_D,422,0,0,164
208,R1,SKU_E,0,8,0,75
208,R2,SKU_A,346,0,0,817
208,R2,SKU_B,166,0,0,0
208,R2,SKU_C,447,0,0,289
208,R2,SKU_D,191,0,0,166
208,R2,SKU_E,331,0,0,0
208,R3,SKU_A,2049,0,0,0
208,R3,SKU_B,93,0,0,187
208,R3,SKU_C,962,0,0,0
208,R3,SKU_D,1599,0,0,0
208,R3,SKU_E,475,0,0,207
209,Supplier,SKU_A,0,0,0,0
209,Supplier,SKU_B,0,0,0,0
209,Supplier,SKU_C,0,0,0,0
209,Supplier,SKU_D,0,0,0,0
209,Supplier,SKU_E,0,0,0,0
209,W1,SKU_A,1048,0,0,1580
209,W1,SKU_B,1207,0,0,0
209,W1,SKU_C,2218,0,0,871
209,W1,SKU_D,148,0,0,656
209,W1,SKU_E,1359,0,0,0
209,W2,SKU_A,0,0,261,3505
209,W2,SKU_B,163,0,0,1322
209,W2,SKU_C,2904,0,0,0
209,W2,SKU_D,1732,0,0,0
209,W2,SKU_E,1226,0,149,0
209,R1,SKU_A,498,0,0,0
209,R1,SKU_B,472,0,0,188
209,R1,SKU_C,0,106,0,303
209,R1,SKU_D,508,0,0,0
209,R1,SKU_E,9,0,0,102
209,R2,SKU_A,1025,0,0,0
209,R2,SKU_B,116,0,0,292
209,R2,SKU_C,397,0,0,289
209,R2,SKU_D,129,0,0,166
209,R2,SKU_E,278,0,0,0
209,R3,SKU_A,1806,0,0,0
209,R3,SKU_B,47,0,0,187
209,R3,SKU_C,837,0,0,0
209,R3,SKU_D,1497,0,0,0
209,R3,SKU_E,377,0,0,207
210,Supplier,SKU_A,0,0,0,0
210,Supplier,SKU_B,0,0,0,0
210,Supplier,SKU_C,0,0,0,0
210,Supplier,SKU_D,0,0,0,0
210,Supplier,SKU_E,0,0,0,0
210,W1,SKU_A,1048,0,0,1580
210,W1,SKU_B,1207,0,0,0
210,W1,SKU_C,2497,0,0,592
210,W1,SKU_D,318,0,0,486
210,W1,SKU_E,1359,0,0,0
210,W2,SKU_A,0,0,261,3505
210,W2,SKU_B,1322,0,0,0
210,W2,SKU_C,2904,0,0,0
210,W2,SKU_D,921,0,0,0
210,W2,SKU_E,1077,0,0,0
210,R1,SKU_A,267,0,0,0
210,R1,SKU_B,381,0,0,188
210,R1,SKU_C,55,0,0,0
210,R1,SKU_D,414,0,0,0
210,R1,SKU_E,0,63,0,102
210,R2,SKU_A,893,0,0,0
210,R2,SKU_B,57,0,0,292
210,R2,SKU_C,609,0,0,0
210,R2,SKU_D,72,0,0,166
210,R2,SKU_E,240,0,0,0
210,R3,SKU_A,1556,0,0,0
210,R3,SKU_B,0,13,0,350
210,R3,SKU_C,715,0,0,0
210,R3,SKU_D,1399,0,0,811
210,R3,SKU_E,510,0,0,149
211,Supplier,SKU_A,0,0,0,0
211,Supplier,SKU_B,0,0,0,0
211,Supplier,SKU_C,0,0,0,0
211,Supplier,SKU_D,0,0,0,0
211,Supplier,SKU_E,0,0,0,0
211,W1,SKU_A,364,0,0,1580
211,W1,SKU_B,995,0,0,0
211,W1,SKU_C,2106,0,0,592
211,W1,SKU_D,0,0,195,486
211,W1,SKU_E,732,0,0,0
211,W2,SKU_A,3244,0,0,0
211,W2,SKU_B,1322,0,0,0
211,W2,SKU_C,1882,0,0,0
211,W2,SKU_D,921,0,0,1608
211,W2,SKU_E,656,0,0,0
211,R1,SKU_A,134,0,0,684
211,R1,SKU_B,517,0,0,212
211,R1,SKU_C,0,34,0,391
211,R1,SKU_D,338,0,0,318
211,R1,SKU_E,4,0,0,130
211,R2,SKU_A,790,0,0,0
211,R2,SKU_B,23,0,0,292
211,R2,SKU_C,572,0,0,0
211,R2,SKU_D,199,0,0,0
211,R2,SKU_E,201,0,0,497
211,R3,SKU_A,1385,0,0,261
211,R3,SKU_B,130,0,0,163
211,R3,SKU_C,613,0,0,1022
211,R3,SKU_D,1298,0,0,811
211,R3,SKU_E,451,0,0,570
212,Supplier,SKU_A,0,0,0,0
212,Supplier,SKU_B,0,0,0,0
212,Supplier,SKU_C,0,0,0,0
212,Supplier,SKU_D,0,0,0,0
212,Supplier,SKU_E,0,0,0,0
212,W1,SKU_A,1181,0,0,1447
212,W1,SKU_B,995,0,0,0
212,W1,SKU_C,2106,0,0,983
212,W1,SKU_D,320,0,195,679
212,W1,SKU_E,732,0,0,1110
212,W2,SKU_A,3244,0,0,0
212,W2,SKU_B,1322,0,0,0
212,W2,SKU_C,1882,0,0,0
212,W2,SKU_D,921,0,0,1608
212,W2,SKU_E,656,0,0,0
212,R1,SKU_A,0,15,0,684
212,R1,SKU_B,459,0,0,212
212,R1,SKU_C,0,131,0,391
212,R1,SKU_D,273,0,0,318
212,R1,SKU_E,0,36,0,130
212,R2,SKU_A,691,0,0,0
212,R2,SKU_B,274,0,0,0
212,R2,SKU_C,529,0,0,0
212,R2,SKU_D,150,0,0,0
212,R2,SKU_E,156,0,0,497
212,R3,SKU_A,1191,0,0,261
212,R3,SKU_B,76,0,0,163
212,R3,SKU_C,520,0,0,1022
212,R3,SKU_D,1191,0,0,811
212,R3,SKU_E,362,0,0,570
213,Supplier,SKU_A,0,0,0,0
213,Supplier,SKU_B,0,0,0,0
213,Supplier,SKU_C,0,0,0,0
213,Supplier,SKU_D,0,0,0,0
213,Supplier,SKU_E,0,0,0,0
213,W1,SKU_A,1944,0,0,684
213,W1,SKU_B,995,0,0,0
213,W1,SKU_C,2111,0,0,694
213,W1,SKU_D,125,0,0,679
213,W1,SKU_E,657,0,0,1110
213,W2,SKU_A,1539,0,0,0
213,W2,SKU_B,1322,0,0,0
213,W2,SKU_C,1882,0,0,0
213,W2,SKU_D,921,0,0,1608
213,W2,SKU_E,656,0,0,0
213,R1,SKU_A,493,0,0,0
213,R1,SKU_B,606,0,0,0
213,R1,SKU_C,156,0,0,0
213,R1,SKU_D,512,0,0,31
213,R1,SKU_E,46,0,0,75
213,R2,SKU_A,598,0,0,0
213,R2,SKU_B,227,0,0,0
213,R2,SKU_C,478,0,0,284
213,R2,SKU_D,109,0,0,164
213,R2,SKU_E,95,0,0,497
213,R3,SKU_A,944,0,0,1966
213,R3,SKU_B,0,3,0,163
213,R3,SKU_C,379,0,0,1022
213,R3,SKU_D,1042,0,0,811
213,R3,SKU_E,267,0,0,570
214,Supplier,SKU_A,0,0,0,0
214,Supplier,SKU_B,0,0,0,0
214,Supplier,SKU_C,0,0,0,0
214,Supplier,SKU_D,0,0,0,0
214,Supplier,SKU_E,0,0,0,0
214,W1,SKU_A,1122,0,0,684
214,W1,SKU_B,820,0,0,0
214,W1,SKU_C,2124,0,0,675
214,W1,SKU_D,291,0,0,513
214,W1,SKU_E,657,0,0,1110
214,W2,SKU_A,1539,0,0,0
214,W2,SKU_B,1085,0,0,0
214,W2,SKU_C,1882,0,0,0
214,W2,SKU_D,921,0,0,1608
214,W2,SKU_E,656,0,0,0
214,R1,SKU_A,275,0,0,0
214,R1,SKU_B,502,0,0,175
214,R1,SKU_C,0,21,0,290
214,R1,SKU_D,399,0,0,31
214,R1,SKU_E,0,61,0,75
214,R2,SKU_A,462,0,0,822
214,R2,SKU_B,155,0,0,0
214,R2,SKU_C,379,0,0,284
214,R2,SKU_D,25,0,0,164
214,R2,SKU_E,535,0,0,0
214,R3,SKU_A,642,0,0,1966
214,R3,SKU_B,84,0,0,237
214,R3,SKU_C,178,0,0,1022
214,R3,SKU_D,1684,0,0,0
214,R3,SKU_E,283,0,0,421
215,Supplier,SKU_A,0,0,0,0
215,Supplier,SKU_B,0,0,0,0
215,Supplier,SKU_C,0,0,0,0
215,Supplier,SKU_D,0,0,0,0
215,Supplier,SKU_E,0,0,0,0
215,W1,SKU_A,446,0,0,1506
215,W1,SKU_B,517,0,0,1237
215,W1,SKU_C,2124,0,0,965
215,W1,SKU_D,0,0,255,513
215,W1,SKU_E,502,0,0,1110
215,W2,SKU_A,1539,0,0,0
215,W2,SKU_B,1085,0,0,0
215,W2,SKU_C,1882,0,0,0
215,W2,SKU_D,921,0,0,1608
215,W2,SKU_E,280,0,0,0
215,R1,SKU_A,23,0,0,676
215,R1,SKU_B,423,0,0,175
215,R1,SKU_C,0,148,0,290
215,R1,SKU_D,327,0,0,291
215,R1,SKU_E,0,65,0,155
215,R2,SKU_A,348,0,0,822
215,R2,SKU_B,98,0,0,303
215,R2,SKU_C,303,0,0,284
215,R2,SKU_D,0,18,0,164
215,R2,SKU_E,490,0,0,0
215,R3,SKU_A,640,0,0,1705
215,R3,SKU_B,0,2,0,237
215,R3,SKU_C,1069,0,0,0
215,R3,SKU_D,1553,0,0,0
215,R3,SKU_E,584,0,0,376
216,Supplier,SKU_A,0,0,0,0
216,Supplier,SKU_B,0,0,0,0
216,Supplier,SKU_C,0,0,0,0
216,Supplier,SKU_D,0,0,0,0
216,Supplier,SKU_E,0,0,0,0
216,W1,SKU_A,446,0,0,2182
216,W1,SKU_B,334,0,0,1237
216,W1,SKU_C,1820,0,0,965
216,W1,SKU_D,0,0,255,1059
216,W1,SKU_E,423,0,0,1110
216,W2,SKU_A,1539,0,0,0
216,W2,SKU_B,923,0,0,0
216,W2,SKU_C,1882,0,0,0
216,W2,SKU_D,166,0,0,1608
216,W2,SKU_E,280,0,0,1153
216,R1,SKU_A,0,137,0,676
216,R1,SKU_B,510,0,0,183
216,R1,SKU_C,29,0,0,304
216,R1,SKU_D,257,0,0,291
216,R1,SKU_E,0,122,0,234
216,R2,SKU_A,267,0,0,822
216,R2,SKU_B,49,0,0,303
216,R2,SKU_C,525,0,0,0
216,R2,SKU_D,105,0,0,0
216,R2,SKU_E,455,0,0,0
216,R3,SKU_A,426,0,0,1705
216,R3,SKU_B,0,68,0,399
216,R3,SKU_C,977,0,0,0
216,R3,SKU_D,1447,0,0,755
216,R3,SKU_E,499,0,0,376
217,Supplier,SKU_A,0,0,0,0
217,Supplier,SKU_B,0,0,0,0
217,Supplier,SKU_C,0,0,0,0
217,Supplier,SKU_D,0,0,0,0
217,Supplier,SKU_E,0,0,0,0
217,W1,SKU_A,1130,0,0,1498
217,W1,SKU_B,334,0,0,1237
217,W1,SKU_C,1923,0,0,878
217,W1,SKU_D,258,0,0,546
217,W1,SKU_E,1533,0,0,0
217,W2,SKU_A,1539,0,0,0
217,W2,SKU_B,923,0,0,0
217,W2,SKU_C,1882,0,0,0
217,W2,SKU_D,1774,0,0,0
217,W2,SKU_E,280,0,0,1153
217,R1,SKU_A,337,0,0,0
217,R1,SKU_B,442,0,0,183
217,R1,SKU_C,0,114,0,304
217,R1,SKU_D,468,0,0,42
217,R1,SKU_E,0,25,0,79
217,R2,SKU_A,973,0,0,0
217,R2,SKU_B,4,0,0,303
217,R2,SKU_C,469,0,0,288
217,R2,SKU_D,70,0,0,213
217,R2,SKU_E,418,0,0,0
217,R3,SKU_A,1931,0,0,0
217,R3,SKU_B,0,111,0,399
217,R3,SKU_C,871,0,0,0
217,R3,SKU_D,1372,0,0,755
217,R3,SKU_E,429,0,0,376
218,Supplier,SKU_A,0,0,0,0
218,Supplier,SKU_B,0,0,0,0
218,Supplier,SKU_C,0,0,0,0
218,Supplier,SKU_D,0,0,0,0
218,Supplier,SKU_E,0,0,0,0
218,W1,SKU_A,1130,0,0,1498
218,W1,SKU_B,334,0,0,1237
218,W1,SKU_C,1667,0,0,1166
218,W1,SKU_D,258,0,0,546
218,W1,SKU_E,1418,0,0,0
218,W2,SKU_A,1539,0,0,0
218,W2,SKU_B,923,0,0,0
218,W2,SKU_C,1882,0,0,0
218,W2,SKU_D,1774,0,0,0
218,W2,SKU_E,280,0,0,1153
218,R1,SKU_A,231,0,0,0
218,R1,SKU_B,583,0,0,0
218,R1,SKU_C,108,0,0,256
218,R1,SKU_D,425,0,0,42
218,R1,SKU_E,10,0,0,115
218,R2,SKU_A,883,0,0,0
218,R2,SKU_B,272,0,0,0
218,R2,SKU_C,423,0,0,288
218,R2,SKU_D,38,0,0,213
218,R2,SKU_E,381,0,0,0
218,R3,SKU_A,1795,0,0,0
218,R3,SKU_B,85,0,0,162
218,R3,SKU_C,797,0,0,0
218,R3,SKU_D,1295,0,0,755
218,R3,SKU_E,372,0,0,376
219,Supplier,SKU_A,0,0,0,0
219,Supplier,SKU_B,0,0,0,0
219,Supplier,SKU_C,0,0,0,0
219,Supplier,SKU_D,0,0,0,0
219,Supplier,SKU_E,0,0,0,0
219,W1,SKU_A,410,0,0,1498
219,W1,SKU_B,136,0,0,1237
219,W1,SKU_C,1951,0,0,1138
219,W1,SKU_D,0,0,38,546
219,W1,SKU_E,1418,0,0,0
219,W2,SKU_A,1539,0,0,0
219,W2,SKU_B,923,0,0,0
219,W2,SKU_C,1882,0,0,0
219,W2,SKU_D,1774,0,0,0
219,W2,SKU_E,280,0,0,1153
219,R1,SKU_A,82,0,0,720
219,R1,SKU_B,545,0,0,198
219,R1,SKU_C,8,0,0,256
219,R1,SKU_D,401,0,0,258
219,R1,SKU_E,0,27,0,115
219,R2,SKU_A,799,0,0,0
219,R2,SKU_B,225,0,0,0
219,R2,SKU_C,391,0,0,288
219,R2,SKU_D,0,24,0,213
219,R2,SKU_E,348,0,0,0
219,R3,SKU_A,1615,0,0,0
219,R3,SKU_B,37,0,0,162
219,R3,SKU_C,716,0,0,0
219,R3,SKU_D,1221,0,0,755
219,R3,SKU_E,662,0,0,0
220,Supplier,SKU_A,0,0,0,0
220,Supplier,SKU_B,0,0,0,0
220,Supplier,SKU_C,0,0,0,0
220,Supplier,SKU_D,0,0,0,0
220,Supplier,SKU_E,0,0,0,0
220,W1,SKU_A,1232,0,0,1396
220,W1,SKU_B,1373,0,0,0
220,W1,SKU_C,2241,0,0,848
220,W1,SKU_D,0,0,251,842
220,W1,SKU_E,1337,0,0,0
220,W2,SKU_A,1539,0,0,0
220,W2,SKU_B,725,0,0,0
220,W2,SKU_C,861,0,0,0
220,W2,SKU_D,1774,0,0,0
220,W2,SKU_E,0,0,138,1153
220,R1,SKU_A,0,46,0,720
220,R1,SKU_B,491,0,0,198
220,R1,SKU_C,174,0,0,0
220,R1,SKU_D,342,0,0,258
220,R1,SKU_E,52,0,0,81
220,R2,SKU_A,723,0,0,0
220,R2,SKU_B,181,0,0,0
220,R2,SKU_C,640,0,0,0
220,R2,SKU_D,146,0,0,0
220,R2,SKU_E,310,0,0,0
220,R3,SKU_A,1460,0,0,0
220,R3,SKU_B,145,0,0,198
220,R3,SKU_C,630,0,0,1021
220,R3,SKU_D,1886,0,0,0
220,R3,SKU_E,584,0,0,280
221,Supplier,SKU_A,0,0,0,0
221,Supplier,SKU_B,0,0,0,0
221,Supplier,SKU_C,0,0,0,0
221,Supplier,SKU_D,0,0,0,0
221,Supplier,SKU_E,0,0,0,0
221,W1,SKU_A,1908,0,0,720
221,W1,SKU_B,1096,0,0,0
221,W1,SKU_C,1969,0,0,848
221,W1,SKU_D,295,0,0,509
221,W1,SKU_E,1337,0,0,0
221,W2,SKU_A,0,0,158,0
221,W2,SKU_B,725,0,0,0
221,W2,SKU_C,861,0,0,2043
221,W2,SKU_D,1774,0,0,0
221,W2,SKU_E,0,0,138,1153
221,R1,SKU_A,560,0,0,0
221,R1,SKU_B,645,0,0,0
221,R1,SKU_C,89,0,0,272
221,R1,SKU_D,530,0,0,38
221,R1,SKU_E,13,0,0,81
221,R2,SKU_A,629,0,0,0
221,R2,SKU_B,148,0,0,277
221,R2,SKU_C,592,0,0,0
221,R2,SKU_D,90,0,0,213
221,R2,SKU_E,264,0,0,0
221,R3,SKU_A,1241,0,0,1539
221,R3,SKU_B,92,0,0,198
221,R3,SKU_C,526,0,0,1021
221,R3,SKU_D,1778,0,0,0
221,R3,SKU_E,488,0,0,280
222,Supplier,SKU_A,0,0,0,0
222,Supplier,SKU_B,0,0,0,0
222,Supplier,SKU_C,0,0,0,0
222,Supplier,SKU_D,0,0,0,0
222,Supplier,SKU_E,0,0,0,0
222,W1,SKU_A,1117,0,0,720
222,W1,SKU_B,1096,0,0,0
222,W1,SKU_C,2273,0,0,816
222,W1,SKU_D,295,0,0,509
222,W1,SKU_E,1262,0,0,0
222,W2,SKU_A,0,0,158,3402
222,W2,SKU_B,725,0,0,0
222,W2,SKU_C,861,0,0,2043
222,W2,SKU_D,1774,0,0,0
222,W2,SKU_E,1153,0,138,0
222,R1,SKU_A,414,0,0,0
222,R1,SKU_B,583,0,0,0
222,R1,SKU_C,0,26,0,272
222,R1,SKU_D,463,0,0,38
222,R1,SKU_E,34,0,0,75
222,R2,SKU_A,517,0,0,791
222,R2,SKU_B,93,0,0,277
222,R2,SKU_C,557,0,0,0
222,R2,SKU_D,30,0,0,213
222,R2,SKU_E,209,0,0,0
222,R3,SKU_A,1011,0,0,1539
222,R3,SKU_B,43,0,0,198
222,R3,SKU_C,416,0,0,1021
222,R3,SKU_D,1675,0,0,0
222,R3,SKU_E,388,0,0,280
223,Supplier,SKU_A,0,0,0,0
223,Supplier,SKU_B,0,0,0,0
223,Supplier,SKU_C,0,0,0,0
223,Supplier,SKU_D,0,0,0,0
223,Supplier,SKU_E,0,0,0,0
223,W1,SKU_A,1117,0,0,1511
223,W1,SKU_B,898,0,0,0
223,W1,SKU_C,2561,0,0,528
223,W1,SKU_D,136,0,0,509
223,W1,SKU_E,734,0,0,0
223,W2,SKU_A,0,0,158,3402
223,W2,SKU_B,725,0,0,0
223,W2,SKU_C,861,0,0,2043
223,W2,SKU_D,1774,0,0,0
223,W2,SKU_E,1153,0,138,0
223,R1,SKU_A,162,0,0,0
223,R1,SKU_B,482,0,0,198
223,R1,SKU_C,72,0,0,0
223,R1,SKU_D,419,0,0,0
223,R1,SKU_E,0,47,0,75
223,R2,SKU_A,402,0,0,791
223,R2,SKU_B,40,0,0,277
223,R2,SKU_C,503,0,0,0
223,R2,SKU_D,0,26,0,372
223,R2,SKU_E,143,0,0,528
223,R3,SKU_A,715,0,0,1539
223,R3,SKU_B,0,26,0,198
223,R3,SKU_C,244,0,0,1021
223,R3,SKU_D,1504,0,0,0
223,R3,SKU_E,261,0,0,280
224,Supplier,SKU_A,0,0,0,0
224,Supplier,SKU_B,0,0,0,0
224,Supplier,SKU_C,0,0,0,0
224,Supplier,SKU_D,0,0,0,0
224,Supplier,SKU_E,0,0,0,0
224,W1,SKU_A,328,0,0,1511
224,W1,SKU_B,898,0,0,1159
224,W1,SKU_C,2133,0,0,272
224,W1,SKU_D,0,0,208,668
224,W1,SKU_E,593,0,0,1108
224,W2,SKU_A,0,0,158,3402
224,W2,SKU_B,500,0,0,0
224,W2,SKU_C,861,0,0,2043
224,W2,SKU_D,970,0,0,0
224,W2,SKU_E,614,0,0,0
224,R1,SKU_A,0,102,0,789
224,R1,SKU_B,400,0,0,198
224,R1,SKU_C,0,72,0,374
224,R1,SKU_D,337,0,0,136
224,R1,SKU_E,0,27,0,141
224,R2,SKU_A,262,0,0,791
224,R2,SKU_B,256,0,0,0
224,R2,SKU_C,427,0,0,310
224,R2,SKU_D,132,0,0,159
224,R2,SKU_E,73,0,0,528
224,R3,SKU_A,454,0,0,1539
224,R3,SKU_B,111,0,0,225
224,R3,SKU_C,1110,0,0,0
224,R3,SKU_D,1410,0,0,804
224,R3,SKU_E,441,0,0,539
225,Supplier,SKU_A,0,0,0,0
225,Supplier,SKU_B,0,0,0,0
225,Supplier,SKU_C,0,0,0,0
225,Supplier,SKU_D,0,0,0,0
225,Supplier,SKU_E,0,0,0,0
225,W1,SKU_A,1048,0,0,1580
225,W1,SKU_B,715,0,0,1159
225,W1,SKU_C,2133,0,0,956
225,W1,SKU_D,88,0,0,716
225,W1,SKU_E,593,0,0,1108
225,W2,SKU_A,0,0,158,3402
225,W2,SKU_B,500,0,0,1172
225,W2,SKU_C,861,0,0,2043
225,W2,SKU_D,970,0,0,1559
225,W2,SKU_E,614,0,0,0
225,R1,SKU_A,0,211,0,789
225,R1,SKU_B,561,0,0,183
225,R1,SKU_C,0,171,0,374
225,R1,SKU_D,281,0,0,344
225,R1,SKU_E,0,71,0,141
225,R2,SKU_A,959,0,0,0
225,R2,SKU_B,213,0,0,0
225,R2,SKU_C,380,0,0,310
225,R2,SKU_D,84,0,0,159
225,R2,SKU_E,28,0,0,528
225,R3,SKU_A,1814,0,0,0
225,R3,SKU_B,59,0,0,225
225,R3,SKU_C,999,0,0,0
225,R3,SKU_D,1327,0,0,804
225,R3,SKU_E,367,0,0,539
226,Supplier,SKU_A,0,0,0,0
226,Supplier,SKU_B,0,0,0,0
226,Supplier,SKU_C,0,0,0,0
226,Supplier,SKU_D,0,0,0,0
226,Supplier,SKU_E,0,0,0,0
226,W1,SKU_A,1048,0,0,1580
226,W1,SKU_B,715,0,0,1159
226,W1,SKU_C,2133,0,0,956
226,W1,SKU_D,142,0,0,503
226,W1,SKU_E,494,0,0,1108
226,W2,SKU_A,0,0,158,3402
226,W2,SKU_B,500,0,0,1172
226,W2,SKU_C,861,0,0,2043
226,W2,SKU_D,970,0,0,1559
226,W2,SKU_E,614,0,0,0
226,R1,SKU_A,436,0,0,0
226,R1,SKU_B,515,0,0,183
226,R1,SKU_C,131,0,0,0
226,R1,SKU_D,367,0,0,208
226,R1,SKU_E,37,0,0,99
226,R2,SKU_A,858,0,0,0
226,R2,SKU_B,169,0,0,0
226,R2,SKU_C,333,0,0,310
226,R2,SKU_D,179,0,0,159
226,R2,SKU_E,501,0,0,0
226,R3,SKU_A,1639,0,0,0
226,R3,SKU_B,16,0,0,225
226,R3,SKU_C,914,0,0,0
226,R3,SKU_D,1227,0,0,804
226,R3,SKU_E,270,0,0,539
227,Supplier,SKU_A,0,0,0,0
227,Supplier,SKU_B,0,0,0,0
227,Supplier,SKU_C,0,0,0,0
227,Supplier,SKU_D,0,0,0,0
227,Supplier,SKU_E,0,0,0,0
227,W1,SKU_A,1048,0,0,1580
227,W1,SKU_B,426,0,0,1159
227,W1,SKU_C,2090,0,0,684
227,W1,SKU_D,142,0,0,662
227,W1,SKU_E,494,0,0,1108
227,W2,SKU_A,0,0,158,3402
227,W2,SKU_B,500,0,0,1172
227,W2,SKU_C,2904,0,0,0
227,W2,SKU_D,970,0,0,1559
227,W2,SKU_E,614,0,0,0
227,R1,SKU_A,296,0,0,0
227,R1,SKU_B,654,0,0,0
227,R1,SKU_C,65,0,0,315
227,R1,SKU_D,521,0,0,0
227,R1,SKU_E,0,2,0,99
227,R2,SKU_A,768,0,0,0
227,R2,SKU_B,134,0,0,289
227,R2,SKU_C,593,0,0,0
227,R2,SKU_D,131,0,0,159
227,R2,SKU_E,448,0,0,0
227,R3,SKU_A,1461,0,0,0
227,R3,SKU_B,0,31,0,225
227,R3,SKU_C,820,0,0,0
227,R3,SKU_D,1139,0,0,804
227,R3,SKU_E,199,0,0,539
228,Supplier,SKU_A,0,0,0,0
228,Supplier,SKU_B,0,0,0,0
228,Supplier,SKU_C,0,0,0,0
228,Supplier,SKU_D,0,0,0,0
228,Supplier,SKU_E,0,0,0,0
228,W1,SKU_A,1839,0,0,789
228,W1,SKU_B,426,0,0,1159
228,W1,SKU_C,2090,0,0,999
228,W1,SKU_D,142,0,0,662
228,W1,SKU_E,422,0,0,1108
228,W2,SKU_A,3244,0,0,0
228,W2,SKU_B,297,0,0,1172
228,W2,SKU_C,2904,0,0,0
228,W2,SKU_D,970,0,0,1559
228,W2,SKU_E,614,0,0,0
228,R1,SKU_A,169,0,0,0
228,R1,SKU_B,607,0,0,0
228,R1,SKU_C,0,12,0,315
228,R1,SKU_D,464,0,0,0
228,R1,SKU_E,67,0,0,72
228,R2,SKU_A,659,0,0,0
228,R2,SKU_B,107,0,0,289
228,R2,SKU_C,539,0,0,0
228,R2,SKU_D,73,0,0,159
228,R2,SKU_E,413,0,0,0
228,R3,SKU_A,1261,0,0,158
228,R3,SKU_B,159,0,0,203
228,R3,SKU_C,732,0,0,0
228,R3,SKU_D,1841,0,0,0
228,R3,SKU_E,654,0,0,0
229,Supplier,SKU_A,0,0,0,0
229,Supplier,SKU_B,0,0,0,0
229,Supplier,SKU_C,0,0,0,0
229,Supplier,SKU_D,0,0,0,0
229,Supplier,SKU_E,0,0,0,0
229,W1,SKU_A,296,0,0,789
229,W1,SKU_B,1411,0,0,0
229,W1,SKU_C,2090,0,0,999
229,W1,SKU_D,0,0,168,503
229,W1,SKU_E,1530,0,0,0
229,W2,SKU_A,1506,0,0,0
229,W2,SKU_B,297,0,0,1172
229,W2,SKU_C,1899,0,0,0
229,W2,SKU_D,970,0,0,1559
229,W2,SKU_E,188,0,0,0
229,R1,SKU_A,6,0,0,782
229,R1,SKU_B,540,0,0,174
229,R1,SKU_C,186,0,0,0
229,R1,SKU_D,398,0,0,299
229,R1,SKU_E,21,0,0,72
229,R2,SKU_A,577,0,0,761
229,R2,SKU_B,67,0,0,289
229,R2,SKU_C,496,0,0,0
229,R2,SKU_D,177,0,0,2
229,R2,SKU_E,362,0,0,0
229,R3,SKU_A,1011,0,0,1896
229,R3,SKU_B,111,0,0,203
229,R3,SKU_C,617,0,0,1005
229,R3,SKU_D,1724,0,0,0
229,R3,SKU_E,562,0,0,426
230,Supplier,SKU_A,0,0,0,0
230,Supplier,SKU_B,0,0,0,0
230,Supplier,SKU_C,0,0,0,0
230,Supplier,SKU_D,0,0,0,0
230,Supplier,SKU_E,0,0,0,0
230,W1,SKU_A,1085,0,0,1543
230,W1,SKU_B,1411,0,0,0
230,W1,SKU_C,2197,0,0,315
230,W1,SKU_D,176,0,0,628
230,W1,SKU_E,1454,0,0,0
230,W2,SKU_A,1506,0,0,0
230,W2,SKU_B,297,0,0,1172
230,W2,SKU_C,1899,0,0,0
230,W2,SKU_D,970,0,0,1559
230,W2,SKU_E,188,0,0,1245
230,R1,SKU_A,0,203,0,782
230,R1,SKU_B,440,0,0,174
230,R1,SKU_C,37,0,0,260
230,R1,SKU_D,313,0,0,299
230,R1,SKU_E,25,0,0,76
230,R2,SKU_A,433,0,0,761
230,R2,SKU_B,300,0,0,0
230,R2,SKU_C,431,0,0,317
230,R2,SKU_D,110,0,0,170
230,R2,SKU_E,321,0,0,0
230,R3,SKU_A,750,0,0,1896
230,R3,SKU_B,40,0,0,203
230,R3,SKU_C,461,0,0,1005
230,R3,SKU_D,1581,0,0,0
230,R3,SKU_E,461,0,0,426
231,Supplier,SKU_A,0,0,0,0
231,Supplier,SKU_B,0,0,0,0
231,Supplier,SKU_C,0,0,0,0
231,Supplier,SKU_D,0,0,0,0
231,Supplier,SKU_E,0,0,0,0
231,W1,SKU_A,1085,0,0,1543
231,W1,SKU_B,1244,0,0,0
231,W1,SKU_C,2197,0,0,892
231,W1,SKU_D,176,0,0,628
231,W1,SKU_E,1454,0,0,0
231,W2,SKU_A,1506,0,0,0
231,W2,SKU_B,1469,0,0,0
231,W2,SKU_C,1899,0,0,0
231,W2,SKU_D,2529,0,0,0
231,W2,SKU_E,188,0,0,1245
231,R1,SKU_A,369,0,0,0
231,R1,SKU_B,541,0,0,167
231,R1,SKU_C,0,94,0,260
231,R1,SKU_D,513,0,0,0
231,R1,SKU_E,0,35,0,76
231,R2,SKU_A,326,0,0,761
231,R2,SKU_B,250,0,0,0
231,R2,SKU_C,369,0,0,317
231,R2,SKU_D,64,0,0,170
231,R2,SKU_E,273,0,0,0
231,R3,SKU_A,479,0,0,1896
231,R3,SKU_B,0,13,0,203
231,R3,SKU_C,346,0,0,1005
231,R3,SKU_D,1461,0,0,0
231,R3,SKU_E,376,0,0,426
232,Supplier,SKU_A,0,0,0,0
232,Supplier,SKU_B,0,0,0,0
232,Supplier,SKU_C,0,0,0,0
232,Supplier,SKU_D,0,0,0,0
232,Supplier,SKU_E,0,0,0,0
232,W1,SKU_A,1085,0,0,1543
232,W1,SKU_B,1244,0,0,0
232,W1,SKU_C,1917,0,0,892
232,W1,SKU_D,167,0,0,469
232,W1,SKU_E,1326,0,0,0
232,W2,SKU_A,1506,0,0,0
232,W2,SKU_B,1262,0,0,0
232,W2,SKU_C,1899,0,0,0
232,W2,SKU_D,1682,0,0,0
232,W2,SKU_E,188,0,0,1245
232,R1,SKU_A,232,0,0,0
232,R1,SKU_B,501,0,0,167
232,R1,SKU_C,39,0,0,280
232,R1,SKU_D,466,0,0,0
232,R1,SKU_E,0,9,0,128
232,R2,SKU_A,992,0,0,0
232,R2,SKU_B,198,0,0,0
232,R2,SKU_C,332,0,0,317
232,R2,SKU_D,13,0,0,336
232,R2,SKU_E,216,0,0,0
232,R3,SKU_A,439,0,0,1738
232,R3,SKU_B,134,0,0,207
232,R3,SKU_C,242,0,0,1005
232,R3,SKU_D,1349,0,0,847
232,R3,SKU_E,285,0,0,426
233,Supplier,SKU_A,0,0,0,0
233,Supplier,SKU_B,0,0,0,0
233,Supplier,SKU_C,0,0,0,0
233,Supplier,SKU_D,0,0,0,0
233,Supplier,SKU_E,0,0,0,0
233,W1,SKU_A,366,0,0,1543
233,W1,SKU_B,1244,0,0,0
233,W1,SKU_C,2232,0,0,857
233,W1,SKU_D,0,0,130,637
233,W1,SKU_E,805,0,0,0
233,W2,SKU_A,1506,0,0,0
233,W2,SKU_B,1262,0,0,0
233,W2,SKU_C,1899,0,0,0
233,W2,SKU_D,1682,0,0,0
233,W2,SKU_E,0,0,181,1245
233,R1,SKU_A,78,0,0,719
233,R1,SKU_B,627,0,0,0
233,R1,SKU_C,0,48,0,280
233,R1,SKU_D,394,0,0,167
233,R1,SKU_E,0,45,0,128
233,R2,SKU_A,879,0,0,0
233,R2,SKU_B,155,0,0,0
233,R2,SKU_C,614,0,0,0
233,R2,SKU_D,122,0,0,168
233,R2,SKU_E,171,0,0,521
233,R3,SKU_A,1949,0,0,0
233,R3,SKU_B,99,0,0,207
233,R3,SKU_C,1133,0,0,0
233,R3,SKU_D,1256,0,0,847
233,R3,SKU_E,623,0,0,188
234,Supplier,SKU_A,0,0,0,0
234,Supplier,SKU_B,0,0,0,0
234,Supplier,SKU_C,0,0,0,0
234,Supplier,SKU_D,0,0,0,0
234,Supplier,SKU_E,0,0,0,0
234,W1,SKU_A,366,0,0,2262
234,W1,SKU_B,941,0,0,0
234,W1,SKU_C,2232,0,0,857
234,W1,SKU_D,0,0,130,934
234,W1,SKU_E,719,0,0,1037
234,W2,SKU_A,1506,0,0,0
234,W2,SKU_B,1262,0,0,0
234,W2,SKU_C,1899,0,0,0
234,W2,SKU_D,1682,0,0,0
234,W2,SKU_E,0,0,181,1245
234,R1,SKU_A,0,71,0,719
234,R1,SKU_B,558,0,0,0
234,R1,SKU_C,141,0,0,0
234,R1,SKU_D,316,0,0,167
234,R1,SKU_E,42,0,0,86
234,R2,SKU_A,775,0,0,0
234,R2,SKU_B,109,0,0,303
234,R2,SKU_C,573,0,0,0
234,R2,SKU_D,69,0,0,168
234,R2,SKU_E,120,0,0,521
234,R3,SKU_A,1728,0,0,0
234,R3,SKU_B,57,0,0,207
234,R3,SKU_C,1041,0,0,0
234,R3,SKU_D,1132,0,0,847
234,R3,SKU_E,529,0,0,188
235,Supplier,SKU_A,0,0,0,0
235,Supplier,SKU_B,0,0,0,0
235,Supplier,SKU_C,0,0,0,0
235,Supplier,SKU_D,0,0,0,0
235,Supplier,SKU_E,0,0,0,0
235,W1,SKU_A,1909,0,0,719
235,W1,SKU_B,718,0,0,1116
235,W1,SKU_C,1927,0,0,857
235,W1,SKU_D,174,0,0,465
235,W1,SKU_E,719,0,0,1037
235,W2,SKU_A,1506,0,0,0
235,W2,SKU_B,1262,0,0,0
235,W2,SKU_C,1899,0,0,0
235,W2,SKU_D,1682,0,0,0
235,W2,SKU_E,0,0,181,1245
235,R1,SKU_A,490,0,0,0
235,R1,SKU_B,499,0,0,223
235,R1,SKU_C,33,0,0,305
235,R1,SKU_D,415,0,0,130
235,R1,SKU_E,0,5,0,86
235,R2,SKU_A,653,0,0,0
235,R2,SKU_B,67,0,0,303
235,R2,SKU_C,514,0,0,0
235,R2,SKU_D,185,0,0,165
235,R2,SKU_E,70,0,0,521
235,R3,SKU_A,1504,0,0,0
235,R3,SKU_B,2,0,0,207
235,R3,SKU_C,909,0,0,0
235,R3,SKU_D,998,0,0,847
235,R3,SKU_E,431,0,0,188
236,Supplier,SKU_A,0,0,0,0
236,Supplier,SKU_B,0,0,0,0
236,Supplier,SKU_C,0,0,0,0
236,Supplier,SKU_D,0,0,0,0
236,Supplier,SKU_E,0,0,0,0
236,W1,SKU_A,1142,0,0,719
236,W1,SKU_B,718,0,0,1116
236,W1,SKU_C,2205,0,0,585
236,W1,SKU_D,174,0,0,630
236,W1,SKU_E,631,0,0,1037
236,W2,SKU_A,0,0,147,0
236,W2,SKU_B,1074,0,0,0
236,W2,SKU_C,1899,0,0,0
236,W2,SKU_D,1682,0,0,0
236,W2,SKU_E,1064,0,0,0
236,R1,SKU_A,333,0,0,0
236,R1,SKU_B,415,0,0,223
236,R1,SKU_C,0,88,0,305
236,R1,SKU_D,354,0,0,130
236,R1,SKU_E,26,0,0,88
236,R2,SKU_A,572,0,0,767
236,R2,SKU_B,20,0,0,303
236,R2,SKU_C,453,0,0,299
236,R2,SKU_D,153,0,0,165
236,R2,SKU_E,547,0,0,0
236,R3,SKU_A,1277,0,0,1506
236,R3,SKU_B,135,0,0,188
236,R3,SKU_C,790,0,0,0
236,R3,SKU_D,1725,0,0,0
236,R3,SKU_E,324,0,0,369
237,Supplier,SKU_A,0,0,0,0
237,Supplier,SKU_B,0,0,0,0
237,Supplier,SKU_C,0,0,0,0
237,Supplier,SKU_D,0,0,0,0
237,Supplier,SKU_E,0,0,0,0
237,W1,SKU_A,1142,0,0,1486
237,W1,SKU_B,718,0,0,1116
237,W1,SKU_C,2205,0,0,884
237,W1,SKU_D,174,0,0,630
237,W1,SKU_E,631,0,0,1037
237,W2,SKU_A,0,0,147,3391
237,W2,SKU_B,1074,0,0,0
237,W2,SKU_C,1899,0,0,0
237,W2,SKU_D,1682,0,0,0
237,W2,SKU_E,677,0,0,0
237,R1,SKU_A,118,0,0,0
237,R1,SKU_B,518,0,0,0
237,R1,SKU_C,44,0,0,0
237,R1,SKU_D,369,0,0,0
237,R1,SKU_E,0,33,0,88
237,R2,SKU_A,438,0,0,767
237,R2,SKU_B,267,0,0,0
237,R2,SKU_C,386,0,0,299
237,R2,SKU_D,104,0,0,165
237,R2,SKU_E,482,0,0,0
237,R3,SKU_A,1011,0,0,1506
237,R3,SKU_B,65,0,0,188
237,R3,SKU_C,609,0,0,0
237,R3,SKU_D,1566,0,0,0
237,R3,SKU_E,402,0,0,568
238,Supplier,SKU_A,0,0,0,0
238,Supplier,SKU_B,0,0,0,0
238,Supplier,SKU_C,0,0,0,0
238,Supplier,SKU_D,0,0,0,0
238,Supplier,SKU_E,0,0,0,0
238,W1,SKU_A,309,0,0,1486
238,W1,SKU_B,455,0,0,1116
238,W1,SKU_C,2083,0,0,604
238,W1,SKU_D,0,0,52,462
238,W1,SKU_E,517,0,0,1037
238,W2,SKU_A,0,0,147,3391
238,W2,SKU_B,1074,0,0,0
238,W2,SKU_C,771,0,0,0
238,W2,SKU_D,940,0,0,0
238,W2,SKU_E,677,0,0,0
238,R1,SKU_A,0,93,0,833
238,R1,SKU_B,410,0,0,263
238,R1,SKU_C,0,109,0,402
238,R1,SKU_D,275,0,0,342
238,R1,SKU_E,0,31,0,114
238,R2,SKU_A,295,0,0,767
238,R2,SKU_B,205,0,0,0
238,R2,SKU_C,335,0,0,299
238,R2,SKU_D,218,0,0,0
238,R2,SKU_E,431,0,0,0
238,R3,SKU_A,735,0,0,1506
238,R3,SKU_B,18,0,0,188
238,R3,SKU_C,469,0,0,1128
238,R3,SKU_D,1435,0,0,742
238,R3,SKU_E,293,0,0,568
239,Supplier,SKU_A,0,0,0,0
239,Supplier,SKU_B,0,0,0,0
239,Supplier,SKU_C,0,0,0,0
239,Supplier,SKU_D,0,0,0,0
239,Supplier,SKU_E,0,0,0,0
239,W1,SKU_A,1028,0,0,1600
239,W1,SKU_B,455,0,0,1116
239,W1,SKU_C,2083,0,0,1006
239,W1,SKU_D,61,0,0,559
239,W1,SKU_E,1468,0,0,0
239,W2,SKU_A,0,0,147,3391
239,W2,SKU_B,883,0,0,0
239,W2,SKU_C,771,0,0,2133
239,W2,SKU_D,940,0,0,1589
239,W2,SKU_E,677,0,0,0
239,R1,SKU_A,0,245,0,833
239,R1,SKU_B,342,0,0,263
239,R1,SKU_C,0,230,0,402
239,R1,SKU_D,210,0,0,394
239,R1,SKU_E,0,91,0,200
239,R2,SKU_A,959,0,0,0
239,R2,SKU_B,168,0,0,0
239,R2,SKU_C,594,0,0,0
239,R2,SKU_D,176,0,0,184
239,R2,SKU_E,385,0,0,0
239,R3,SKU_A,502,0,0,1506
239,R3,SKU_B,0,18,0,379
239,R3,SKU_C,362,0,0,1128
239,R3,SKU_D,1324,0,0,742
239,R3,SKU_E,198,0,0,568
240,Supplier,SKU_A,0,0,0,0
240,Supplier,SKU_B,0,0,0,0
240,Supplier,SKU_C,0,0,0,0
240,Supplier,SKU_D,0,0,0,0
240,Supplier,SKU_E,0,0,0,0
240,W1,SKU_A,1028,0,0,1600
240,W1,SKU_B,1105,0,0,0
240,W1,SKU_C,1809,0,0,1006
240,W1,SKU_D,61,0,0,743
240,W1,SKU_E,1468,0,0,0
240,W2,SKU_A,0,0,147,3391
240,W2,SKU_B,883,0,0,0
240,W2,SKU_C,771,0,0,2133
240,W2,SKU_D,940,0,0,1589
240,W2,SKU_E,677,0,0,0
240,R1,SKU_A,430,0,0,0
240,R1,SKU_B,513,0,0,176
240,R1,SKU_C,63,0,0,274
240,R1,SKU_D,477,0,0,52
240,R1,SKU_E,0,43,0,86
240,R2,SKU_A,842,0,0,0
240,R2,SKU_B,109,0,0,290
240,R2,SKU_C,552,0,0,0
240,R2,SKU_D,110,0,0,184
240,R2,SKU_E,333,0,0,0
240,R3,SKU_A,1771,0,0,0
240,R3,SKU_B,113,0,0,191
240,R3,SKU_C,263,0,0,1128
240,R3,SKU_D,1186,0,0,742
240,R3,SKU_E,264,0,0,387
241,Supplier,SKU_A,0,0,0,0
241,Supplier,SKU_B,0,0,0,0
241,Supplier,SKU_C,0,0,0,0
241,Supplier,SKU_D,0,0,0,0
241,Supplier,SKU_E,0,0,0,0
241,W1,SKU_A,1028,0,0,1600
241,W1,SKU_B,1105,0,0,0
241,W1,SKU_C,2114,0,0,975
241,W1,SKU_D,226,0,0,578
241,W1,SKU_E,1342,0,0,0
241,W2,SKU_A,0,0,147,3391
241,W2,SKU_B,883,0,0,0
241,W2,SKU_C,771,0,0,2133
241,W2,SKU_D,940,0,0,1589
241,W2,SKU_E,248,0,0,0
241,R1,SKU_A,198,0,0,0
241,R1,SKU_B,395,0,0,176
241,R1,SKU_C,0,80,0,274
241,R1,SKU_D,438,0,0,0
241,R1,SKU_E,0,28,0,126
241,R2,SKU_A,727,0,0,0
241,R2,SKU_B,59,0,0,290
241,R2,SKU_C,503,0,0,0
241,R2,SKU_D,62,0,0,184
241,R2,SKU_E,281,0,0,0
241,R3,SKU_A,1442,0,0,0
241,R3,SKU_B,33,0,0,191
241,R3,SKU_C,86,0,0,1128
241,R3,SKU_D,1020,0,0,742
241,R3,SKU_E,505,0,0,429
242,Supplier,SKU_A,0,0,0,0
242,Supplier,SKU_B,0,0,0,0
242,Supplier,SKU_C,0,0,0,0
242,Supplier,SKU_D,0,0,0,0
242,Supplier,SKU_E,0,0,0,0
242,W1,SKU_A,1042,0,0,833
242,W1,SKU_B,895,0,0,0
242,W1,SKU_C,2103,0,0,676
242,W1,SKU_D,0,0,255,578
242,W1,SKU_E,1342,0,0,0
242,W2,SKU_A,0,0,147,3391
242,W2,SKU_B,710,0,0,0
242,W2,SKU_C,771,0,0,2133
242,W2,SKU_D,940,0,0,1589
242,W2,SKU_E,248,0,0,1185
242,R1,SKU_A,0,9,0,753
242,R1,SKU_B,469,0,0,210
242,R1,SKU_C,70,0,0,0
242,R1,SKU_D,348,0,0,226
242,R1,SKU_E,0,122,0,126
242,R2,SKU_A,602,0,0,0
242,R2,SKU_B,26,0,0,290
242,R2,SKU_C,464,0,0,310
242,R2,SKU_D,175,0,0,0
242,R2,SKU_E,226,0,0,0
242,R3,SKU_A,1086,0,0,0
242,R3,SKU_B,0,31,0,364
242,R3,SKU_C,1051,0,0,0
242,R3,SKU_D,1577,0,0,0
242,R3,SKU_E,372,0,0,429
243,Supplier,SKU_A,0,0,0,0
243,Supplier,SKU_B,0,0,0,0
243,Supplier,SKU_C,0,0,0,0
243,Supplier,SKU_D,0,0,0,0
243,Supplier,SKU_E,0,0,0,0
243,W1,SKU_A,224,0,0,1586
243,W1,SKU_B,895,0,0,1162
243,W1,SKU_C,1727,0,0,986
243,W1,SKU_D,0,0,255,1059
243,W1,SKU_E,666,0,0,0
243,W2,SKU_A,1320,0,0,0
243,W2,SKU_B,710,0,0,0
243,W2,SKU_C,771,0,0,2133
243,W2,SKU_D,940,0,0,1589
243,W2,SKU_E,248,0,0,1185
243,R1,SKU_A,0,9,0,753
243,R1,SKU_B,468,0,0,210
243,R1,SKU_C,69,0,0,376
243,R1,SKU_D,348,0,0,226
243,R1,SKU_E,4,0,0,165
243,R2,SKU_A,602,0,0,818
243,R2,SKU_B,316,0,0,0
243,R2,SKU_C,464,0,0,310
243,R2,SKU_D,174,0,0,0
243,R2,SKU_E,226,0,0,511
243,R3,SKU_A,1086,0,0,2071
243,R3,SKU_B,159,0,0,173
243,R3,SKU_C,1051,0,0,0
243,R3,SKU_D,1577,0,0,0
243,R3,SKU_E,372,0,0,429
244,Supplier,SKU_A,0,0,0,0
244,Supplier,SKU_B,0,0,0,0
244,Supplier,SKU_C,0,0,0,0
244,Supplier,SKU_D,0,0,0,0
244,Supplier,SKU_E,0,0,0,0
244,W1,SKU_A,1057,0,0,1571
244,W1,SKU_B,895,0,0,1162
244,W1,SKU_C,2129,0,0,960
244,W1,SKU_D,394,0,255,665
244,W1,SKU_E,666,0,0,1176
244,W2,SKU_A,1320,0,0,1924
244,W2,SKU_B,710,0,0,0
244,W2,SKU_C,771,0,0,2133
244,W2,SKU_D,940,0,0,1589
244,W2,SKU_E,248,0,0,1185
244,R1,SKU_A,560,0,0,0
244,R1,SKU_B,595,0,0,0
244,R1,SKU_C,0,64,0,376
244,R1,SKU_D,506,0,0,0
244,R1,SKU_E,0,55,0,165
244,R2,SKU_A,506,0,0,818
244,R2,SKU_B,272,0,0,0
244,R2,SKU_C,408,0,0,310
244,R2,SKU_D,141,0,0,0
244,R2,SKU_E,174,0,0,511
244,R3,SKU_A,843,0,0,2071
244,R3,SKU_B,112,0,0,173
244,R3,SKU_C,889,0,0,0
244,R3,SKU_D,1439,0,0,0
244,R3,SKU_E,279,0,0,429
245,Supplier,SKU_A,0,0,0,0
245,Supplier,SKU_B,0,0,0,0
245,Supplier,SKU_C,0,0,0,0
245,Supplier,SKU_D,0,0,0,0
245,Supplier,SKU_E,0,0,0,0
245,W1,SKU_A,1057,0,0,1571
245,W1,SKU_B,709,0,0,1162
245,W1,SKU_C,2129,0,0,960
245,W1,SKU_D,323,0,0,481
245,W1,SKU_E,666,0,0,1176
245,W2,SKU_A,1320,0,0,1924
245,W2,SKU_B,710,0,0,0
245,W2,SKU_C,2904,0,0,0
245,W2,SKU_D,1660,0,0,0
245,W2,SKU_E,0,0,124,1185
245,R1,SKU_A,424,0,0,0
245,R1,SKU_B,538,0,0,186
245,R1,SKU_C,213,0,0,0
245,R1,SKU_D,458,0,0,99
245,R1,SKU_E,62,0,0,0
245,R2,SKU_A,416,0,0,818
245,R2,SKU_B,245,0,0,0
245,R2,SKU_C,678,0,0,0
245,R2,SKU_D,96,0,0,156
245,R2,SKU_E,139,0,0,511
245,R3,SKU_A,677,0,0,2071
245,R3,SKU_B,73,0,0,173
245,R3,SKU_C,810,0,0,0
245,R3,SKU_D,1352,0,0,869
245,R3,SKU_E,637,0,0,248
246,Supplier,SKU_A,0,0,0,0
246,Supplier,SKU_B,0,0,0,0
246,Supplier,SKU_C,0,0,0,0
246,Supplier,SKU_D,0,0,0,0
246,Supplier,SKU_E,0,0,0,0
246,W1,SKU_A,1057,0,0,1571
246,W1,SKU_B,709,0,0,1162
246,W1,SKU_C,2403,0,0,686
246,W1,SKU_D,323,0,0,481
246,W1,SKU_E,559,0,0,1176
246,W2,SKU_A,1320,0,0,1924
246,W2,SKU_B,710,0,0,0
246,W2,SKU_C,2904,0,0,0
246,W2,SKU_D,1660,0,0,0
246,W2,SKU_E,0,0,124,1185
246,R1,SKU_A,313,0,0,0
246,R1,SKU_B,486,0,0,186
246,R1,SKU_C,129,0,0,0
246,R1,SKU_D,406,0,0,99
246,R1,SKU_E,25,0,0,107
246,R2,SKU_A,1172,0,0,0
246,R2,SKU_B,216,0,0,0
246,R2,SKU_C,644,0,0,0
246,R2,SKU_D,62,0,0,156
246,R2,SKU_E,623,0,0,0
246,R3,SKU_A,558,0,0,2071
246,R3,SKU_B,205,0,0,0
246,R3,SKU_C,744,0,0,0
246,R3,SKU_D,1280,0,0,869
246,R3,SKU_E,585,0,0,248
247,Supplier,SKU_A,0,0,0,0
247,Supplier,SKU_B,0,0,0,0
247,Supplier,SKU_C,0,0,0,0
247,Supplier,SKU_D,0,0,0,0
247,Supplier,SKU_E,0,0,0,0
247,W1,SKU_A,1057,0,0,1571
247,W1,SKU_B,709,0,0,1162
247,W1,SKU_C,2086,0,0,686
247,W1,SKU_D,139,0,0,481
247,W1,SKU_E,559,0,0,1176
247,W2,SKU_A,1320,0,0,1924
247,W2,SKU_B,518,0,0,0
247,W2,SKU_C,1911,0,0,0
247,W2,SKU_D,1660,0,0,0
247,W2,SKU_E,0,0,124,1185
247,R1,SKU_A,218,0,0,0
247,R1,SKU_B,621,0,0,0
247,R1,SKU_C,47,0,0,317
247,R1,SKU_D,448,0,0,0
247,R1,SKU_E,0,4,0,107
247,R2,SKU_A,1108,0,0,0
247,R2,SKU_B,192,0,0,0
247,R2,SKU_C,610,0,0,0
247,R2,SKU_D,8,0,0,340
247,R2,SKU_E,601,0,0,0
247,R3,SKU_A,2494,0,0,0
247,R3,SKU_B,157,0,0,192
247,R3,SKU_C,682,0,0,993
247,R3,SKU_D,1198,0,0,869
247,R3,SKU_E,532,0,0,248
248,Supplier,SKU_A,0,0,0,0
248,Supplier,SKU_B,0,0,0,0
248,Supplier,SKU_C,0,0,0,0
248,Supplier,SKU_D,0,0,0,0
248,Supplier,SKU_E,0,0,0,0
248,W1,SKU_A,1077,0,0,818
248,W1,SKU_B,1605,0,0,0
248,W1,SKU_C,2396,0,0,693
248,W1,SKU_D,305,0,0,184
248,W1,SKU_E,559,0,0,1176
248,W2,SKU_A,1320,0,0,1924
248,W2,SKU_B,518,0,0,0
248,W2,SKU_C,1911,0,0,0
248,W2,SKU_D,1660,0,0,0
248,W2,SKU_E,1185,0,124,0
248,R1,SKU_A,112,0,0,733
248,R1,SKU_B,574,0,0,0
248,R1,SKU_C,0,33,0,317
248,R1,SKU_D,395,0,0,315
248,R1,SKU_E,71,0,0,0
248,R2,SKU_A,1028,0,0,0
248,R2,SKU_B,159,0,0,266
248,R2,SKU_C,569,0,0,0
248,R2,SKU_D,142,0,0,184
248,R2,SKU_E,565,0,0,0
248,R3,SKU_A,2336,0,0,0
248,R3,SKU_B,112,0,0,192
248,R3,SKU_C,600,0,0,993
248,R3,SKU_D,1125,0,0,869
248,R3,SKU_E,466,0,0,248
249,Supplier,SKU_A,0,0,0,0
249,Supplier,SKU_B,0,0,0,0
249,Supplier,SKU_C,0,0,0,0
249,Supplier,SKU_D,0,0,0,0
249,Supplier,SKU_E,0,0,0,0
249,W1,SKU_A,1895,0,0,733
249,W1,SKU_B,1398,0,0,0
249,W1,SKU_C,2772,0,0,317
249,W1,SKU_D,305,0,0,499
249,W1,SKU_E,1637,0,0,0
249,W2,SKU_A,1320,0,0,1924
249,W2,SKU_B,518,0,0,0
249,W2,SKU_C,1911,0,0,0
249,W2,SKU_D,1660,0,0,0
249,W2,SKU_E,1185,0,124,0
249,R1,SKU_A,0,17,0,733
249,R1,SKU_B,511,0,0,207
249,R1,SKU_C,203,0,0,0
249,R1,SKU_D,343,0,0,315
249,R1,SKU_E,25,0,0,98
249,R2,SKU_A,941,0,0,0
249,R2,SKU_B,103,0,0,266
249,R2,SKU_C,536,0,0,0
249,R2,SKU_D,94,0,0,184
249,R2,SKU_E,515,0,0,0
249,R3,SKU_A,2127,0,0,0
249,R3,SKU_B,69,0,0,192
249,R3,SKU_C,476,0,0,993
249,R3,SKU_D,1874,0,0,0
249,R3,SKU_E,626,0,0,0
250,Supplier,SKU_A,0,0,0,0
250,Supplier,SKU_B,0,0,0,0
250,Supplier,SKU_C,0,0,0,0
250,Supplier,SKU_D,0,0,0,0
250,Supplier,SKU_E,0,0,0,0
250,W1,SKU_A,1895,0,0,733
250,W1,SKU_B,1398,0,0,0
250,W1,SKU_C,2772,0,0,317
250,W1,SKU_D,305,0,0,499
250,W1,SKU_E,1637,0,0,0
250,W2,SKU_A,3244,0,0,0
250,W2,SKU_B,518,0,0,0
250,W2,SKU_C,1911,0,0,0
250,W2,SKU_D,1660,0,0,0
250,W2,SKU_E,1185,0,124,0
250,R1,SKU_A,601,0,0,0
250,R1,SKU_B,456,0,0,207
250,R1,SKU_C,109,0,0,0
250,R1,SKU_D,588,0,0,0
250,R1,SKU_E,0,16,0,98
250,R2,SKU_A,867,0,0,0
250,R2,SKU_B,60,0,0,266
250,R2,SKU_C,495,0,0,0
250,R2,SKU_D,240,0,0,0
250,R2,SKU_E,473,0,0,0
250,R3,SKU_A,1938,0,0,0
250,R3,SKU_B,24,0,0,192
250,R3,SKU_C,387,0,0,993
250,R3,SKU_D,1776,0,0,0
250,R3,SKU_E,535,0,0,0
251,Supplier,SKU_A,0,0,0,0
251,Supplier,SKU_B,0,0,0,0
251,Supplier,SKU_C,0,0,0,0
251,Supplier,SKU_D,0,0,0,0
251,Supplier,SKU_E,0,0,0,0
251,W1,SKU_A,1895,0,0,733
251,W1,SKU_B,1398,0,0,0
251,W1,SKU_C,2117,0,0,317
251,W1,SKU_D,143,0,0,499
251,W1,SKU_E,1550,0,0,0
251,W2,SKU_A,3244,0,0,0
251,W2,SKU_B,337,0,0,0
251,W2,SKU_C,1911,0,0,0
251,W2,SKU_D,1660,0,0,0
251,W2,SKU_E,640,0,0,0
251,R1,SKU_A,453,0,0,0
251,R1,SKU_B,583,0,0,0
251,R1,SKU_C,22,0,0,337
251,R1,SKU_D,518,0,0,0
251,R1,SKU_E,33,0,0,87
251,R2,SKU_A,780,0,0,0
251,R2,SKU_B,265,0,0,0
251,R2,SKU_C,444,0,0,318
251,R2,SKU_D,204,0,0,162
251,R2,SKU_E,430,0,0,0
251,R3,SKU_A,1740,0,0,0
251,R3,SKU_B,164,0,0,181
251,R3,SKU_C,1268,0,0,0
251,R3,SKU_D,1680,0,0,0
251,R3,SKU_E,442,0,0,545
252,Supplier,SKU_A,0,0,0,0
252,Supplier,SKU_B,0,0,0,0
252,Supplier,SKU_C,0,0,0,0
252,Supplier,SKU_D,0,0,0,0
252,Supplier,SKU_E,0,0,0,0
252,W1,SKU_A,1895,0,0,733
252,W1,SKU_B,1200,0,0,0
252,W1,SKU_C,2117,0,0,972
252,W1,SKU_D,143,0,0,661
252,W1,SKU_E,1550,0,0,0
252,W2,SKU_A,3244,0,0,0
252,W2,SKU_B,337,0,0,1335
252,W2,SKU_C,1911,0,0,0
252,W2,SKU_D,1660,0,0,0
252,W2,SKU_E,640,0,0,0
252,R1,SKU_A,285,0,0,0
252,R1,SKU_B,524,0,0,198
252,R1,SKU_C,0,93,0,337
252,R1,SKU_D,449,0,0,0
252,R1,SKU_E,0,14,0,87
252,R2,SKU_A,681,0,0,0
252,R2,SKU_B,215,0,0,0
252,R2,SKU_C,405,0,0,318
252,R2,SKU_D,148,0,0,162
252,R2,SKU_E,389,0,0,0
252,R3,SKU_A,1558,0,0,0
252,R3,SKU_B,122,0,0,181
252,R3,SKU_C,1171,0,0,0
252,R3,SKU_D,1596,0,0,0
252,R3,SKU_E,359,0,0,545
253,Supplier,SKU_A,0,0,0,0
253,Supplier,SKU_B,0,0,0,0
253,Supplier,SKU_C,0,0,0,0
253,Supplier,SKU_D,0,0,0,0
253,Supplier,SKU_E,0,0,0,0
253,W1,SKU_A,1229,0,0,733
253,W1,SKU_B,1200,0,0,0
253,W1,SKU_C,2434,0,0,655
253,W1,SKU_D,13,0,0,477
253,W1,SKU_E,1454,0,0,0
253,W2,SKU_A,1645,0,0,0
253,W2,SKU_B,337,0,0,1335
253,W2,SKU_C,1911,0,0,0
253,W2,SKU_D,1660,0,0,0
253,W2,SKU_E,640,0,0,0
253,R1,SKU_A,175,0,0,666
253,R1,SKU_B,482,0,0,198
253,R1,SKU_C,173,0,0,0
253,R1,SKU_D,398,0,0,314
253,R1,SKU_E,39,0,0,96
253,R2,SKU_A,599,0,0,0
253,R2,SKU_B,180,0,0,0
253,R2,SKU_C,368,0,0,318
253,R2,SKU_D,103,0,0,162
253,R2,SKU_E,357,0,0,0
253,R3,SKU_A,1413,0,0,1599
253,R3,SKU_B,64,0,0,181
253,R3,SKU_C,1085,0,0,0
253,R3,SKU_D,1513,0,0,0
253,R3,SKU_E,276,0,0,545
254,Supplier,SKU_A,0,0,0,0
254,Supplier,SKU_B,0,0,0,0
254,Supplier,SKU_C,0,0,0,0
254,Supplier,SKU_D,0,0,0,0
254,Supplier,SKU_E,0,0,0,0
254,W1,SKU_A,1141,0,0,666
254,W1,SKU_B,922,0,0,0
254,W1,SKU_C,2161,0,0,655
254,W1,SKU_D,328,0,0,476
254,W1,SKU_E,1454,0,0,0
254,W2,SKU_A,1645,0,0,0
254,W2,SKU_B,337,0,0,1335
254,W2,SKU_C,1911,0,0,0
254,W2,SKU_D,865,0,0,0
254,W2,SKU_E,640,0,0,0
254,R1,SKU_A,63,0,0,666
254,R1,SKU_B,641,0,0,0
254,R1,SKU_C,126,0,0,273
254,R1,SKU_D,353,0,0,314
254,R1,SKU_E,8,0,0,96
254,R2,SKU_A,526,0,0,821
254,R2,SKU_B,155,0,0,278
254,R2,SKU_C,666,0,0,0
254,R2,SKU_D,223,0,0,0
254,R2,SKU_E,326,0,0,0
254,R3,SKU_A,1259,0,0,1599
254,R3,SKU_B,28,0,0,181
254,R3,SKU_C,1023,0,0,0
254,R3,SKU_D,1446,0,0,795
254,R3,SKU_E,204,0,0,545
255,Supplier,SKU_A,0,0,0,0
255,Supplier,SKU_B,0,0,0,0
255,Supplier,SKU_C,0,0,0,0
255,Supplier,SKU_D,0,0,0,0
255,Supplier,SKU_E,0,0,0,0
255,W1,SKU_A,1141,0,0,1487
255,W1,SKU_B,922,0,0,1135
255,W1,SKU_C,2161,0,0,928
255,W1,SKU_D,149,0,0,476
255,W1,SKU_E,1454,0,0,0
255,W2,SKU_A,1645,0,0,0
255,W2,SKU_B,149,0,0,1335
255,W2,SKU_C,1911,0,0,0
255,W2,SKU_D,865,0,0,1664
255,W2,SKU_E,640,0,0,0
255,R1,SKU_A,637,0,0,0
255,R1,SKU_B,597,0,0,0
255,R1,SKU_C,50,0,0,273
255,R1,SKU_D,622,0,0,0
255,R1,SKU_E,79,0,0,0
255,R2,SKU_A,444,0,0,821
255,R2,SKU_B,131,0,0,278
255,R2,SKU_C,643,0,0,0
255,R2,SKU_D,180,0,0,179
255,R2,SKU_E,283,0,0,0
255,R3,SKU_A,1094,0,0,1599
255,R3,SKU_B,182,0,0,188
255,R3,SKU_C,960,0,0,0
255,R3,SKU_D,1394,0,0,795
255,R3,SKU_E,704,0,0,0
256,Supplier,SKU_A,0,0,0,0
256,Supplier,SKU_B,0,0,0,0
256,Supplier,SKU_C,0,0,0,0
256,Supplier,SKU_D,0,0,0,0
256,Supplier,SKU_E,0,0,0,0
256,W1,SKU_A,1141,0,0,1487
256,W1,SKU_B,738,0,0,1135
256,W1,SKU_C,2161,0,0,928
256,W1,SKU_D,149,0,0,655
256,W1,SKU_E,1364,0,0,0
256,W2,SKU_A,1645,0,0,0
256,W2,SKU_B,149,0,0,1335
256,W2,SKU_C,1911,0,0,0
256,W2,SKU_D,865,0,0,1664
256,W2,SKU_E,264,0,0,0
256,R1,SKU_A,507,0,0,0
256,R1,SKU_B,555,0,0,184
256,R1,SKU_C,268,0,0,0
256,R1,SKU_D,577,0,0,0
256,R1,SKU_E,52,0,0,90
256,R2,SKU_A,360,0,0,821
256,R2,SKU_B,99,0,0,278
256,R2,SKU_C,607,0,0,0
256,R2,SKU_D,136,0,0,179
256,R2,SKU_E,252,0,0,0
256,R3,SKU_A,947,0,0,1599
256,R3,SKU_B,145,0,0,188
256,R3,SKU_C,866,0,0,0
256,R3,SKU_D,1322,0,0,795
256,R3,SKU_E,641,0,0,376
257,Supplier,SKU_A,0,0,0,0
257,Supplier,SKU_B,0,0,0,0
257,Supplier,SKU_C,0,0,0,0
257,Supplier,SKU_D,0,0,0,0
257,Supplier,SKU_E,0,0,0,0
257,W1,SKU_A,1141,0,0,1487
257,W1,SKU_B,738,0,0,1135
257,W1,SKU_C,2816,0,0,273
257,W1,SKU_D,311,0,0,493
257,W1,SKU_E,879,0,0,0
257,W2,SKU_A,1645,0,0,0
257,W2,SKU_B,149,0,0,1335
257,W2,SKU_C,1911,0,0,0
257,W2,SKU_D,865,0,0,1664
257,W2,SKU_E,264,0,0,1169
257,R1,SKU_A,376,0,0,0
257,R1,SKU_B,509,0,0,184
257,R1,SKU_C,196,0,0,0
257,R1,SKU_D,517,0,0,0
257,R1,SKU_E,12,0,0,90
257,R2,SKU_A,1110,0,0,0
257,R2,SKU_B,336,0,0,0
257,R2,SKU_C,574,0,0,0
257,R2,SKU_D,98,0,0,179
257,R2,SKU_E,210,0,0,485
257,R3,SKU_A,2374,0,0,0
257,R3,SKU_B,106,0,0,188
257,R3,SKU_C,776,0,0,0
257,R3,SKU_D,1228,0,0,795
257,R3,SKU_E,583,0,0,376
258,Supplier,SKU_A,0,0,0,0
258,Supplier,SKU_B,0,0,0,0
258,Supplier,SKU_C,0,0,0,0
258,Supplier,SKU_D,0,0,0,0
258,Supplier,SKU_E,0,0,0,0
258,W1,SKU_A,1141,0,0,1487
258,W1,SKU_B,738,0,0,1135
258,W1,SKU_C,2816,0,0,273
258,W1,SKU_D,311,0,0,493
258,W1,SKU_E,879,0,0,963
258,W2,SKU_A,1645,0,0,0
258,W2,SKU_B,1484,0,0,0
258,W2,SKU_C,1911,0,0,0
258,W2,SKU_D,865,0,0,1664
258,W2,SKU_E,264,0,0,1169
258,R1,SKU_A,215,0,0,0
258,R1,SKU_B,646,0,0,0
258,R1,SKU_C,94,0,0,0
258,R1,SKU_D,443,0,0,0
258,R1,SKU_E,64,0,0,0
258,R2,SKU_A,1017,0,0,0
258,R2,SKU_B,284,0,0,0
258,R2,SKU_C,530,0,0,0
258,R2,SKU_D,223,0,0,0
258,R2,SKU_E,146,0,0,485
258,R3,SKU_A,2206,0,0,0
258,R3,SKU_B,50,0,0,188
258,R3,SKU_C,660,0,0,0
258,R3,SKU_D,1942,0,0,0
258,R3,SKU_E,515,0,0,376
259,Supplier,SKU_A,0,0,0,0
259,Supplier,SKU_B,0,0,0,0
259,Supplier,SKU_C,0,0,0,0
259,Supplier,SKU_D,0,0,0,0
259,Supplier,SKU_E,0,0,0,0
259,W1,SKU_A,1071,0,0,821
259,W1,SKU_B,738,0,0,1135
259,W1,SKU_C,2181,0,0,273
259,W1,SKU_D,126,0,0,179
259,W1,SKU_E,774,0,0,963
259,W2,SKU_A,1645,0,0,0
259,W2,SKU_B,1325,0,0,0
259,W2,SKU_C,834,0,0,0
259,W2,SKU_D,865,0,0,1664
259,W2,SKU_E,264,0,0,1169
259,R1,SKU_A,53,0,0,736
259,R1,SKU_B,590,0,0,0
259,R1,SKU_C,0,25,0,352
259,R1,SKU_D,373,0,0,320
259,R1,SKU_E,29,0,0,105
259,R2,SKU_A,923,0,0,0
259,R2,SKU_B,246,0,0,0
259,R2,SKU_C,484,0,0,283
259,R2,SKU_D,173,0,0,179
259,R2,SKU_E,108,0,0,485
259,R3,SKU_A,2050,0,0,0
259,R3,SKU_B,202,0,0,159
259,R3,SKU_C,556,0,0,1077
259,R3,SKU_D,1857,0,0,0
259,R3,SKU_E,449,0,0,376
260,Supplier,SKU_A,0,0,0,0
260,Supplier,SKU_B,0,0,0,0
260,Supplier,SKU_C,0,0,0,0
260,Supplier,SKU_D,0,0,0,0
260,Supplier,SKU_E,0,0,0,0
260,W1,SKU_A,1892,0,0,736
260,W1,SKU_B,1682,0,0,0
260,W1,SKU_C,2454,0,0,635
260,W1,SKU_D,126,0,0,678
260,W1,SKU_E,774,0,0,963
260,W2,SKU_A,1645,0,0,0
260,W2,SKU_B,1325,0,0,0
260,W2,SKU_C,834,0,0,2070
260,W2,SKU_D,865,0,0,1664
260,W2,SKU_E,264,0,0,1169
260,R1,SKU_A,0,78,0,736
260,R1,SKU_B,565,0,0,191
260,R1,SKU_C,0,92,0,352
260,R1,SKU_D,315,0,0,320
260,R1,SKU_E,0,1,0,105
260,R2,SKU_A,831,0,0,0
260,R2,SKU_B,205,0,0,0
260,R2,SKU_C,451,0,0,283
260,R2,SKU_D,132,0,0,179
260,R2,SKU_E,558,0,0,0
260,R3,SKU_A,1927,0,0,0
260,R3,SKU_B,166,0,0,159
260,R3,SKU_C,505,0,0,1077
260,R3,SKU_D,1783,0,0,0
260,R3,SKU_E,759,0,0,0
261,Supplier,SKU_A,0,0,0,0
261,Supplier,SKU_B,0,0,0,0
261,Supplier,SKU_C,0,0,0,0
261,Supplier,SKU_D,0,0,0,0
261,Supplier,SKU_E,0,0,0,0
261,W1,SKU_A,1892,0,0,736
261,W1,SKU_B,1682,0,0,0
261,W1,SKU_C,2454,0,0,635
261,W1,SKU_D,305,0,0,499
261,W1,SKU_E,774,0,0,963
261,W2,SKU_A,1645,0,0,0
261,W2,SKU_B,1325,0,0,0
261,W2,SKU_C,834,0,0,2070
261,W2,SKU_D,2529,0,0,0
261,W2,SKU_E,264,0,0,1169
261,R1,SKU_A,550,0,0,0
261,R1,SKU_B,539,0,0,191
261,R1,SKU_C,206,0,0,0
261,R1,SKU_D,578,0,0,0
261,R1,SKU_E,74,0,0,0
261,R2,SKU_A,768,0,0,0
261,R2,SKU_B,166,0,0,0
261,R2,SKU_C,423,0,0,283
261,R2,SKU_D,98,0,0,179
261,R2,SKU_E,512,0,0,0
261,R3,SKU_A,1793,0,0,0
261,R3,SKU_B,124,0,0,159
261,R3,SKU_C,420,0,0,1077
261,R3,SKU_D,1722,0,0,0
261,R3,SKU_E,699,0,0,0
262,Supplier,SKU_A,0,0,0,0
262,Supplier,SKU_B,0,0,0,0
262,Supplier,SKU_C,0,0,0,0
262,Supplier,SKU_D,0,0,0,0
262,Supplier,SKU_E,0,0,0,0
262,W1,SKU_A,1892,0,0,736
262,W1,SKU_B,1390,0,0,0
262,W1,SKU_C,2454,0,0,635
262,W1,SKU_D,305,0,0,499
262,W1,SKU_E,679,0,0,963
262,W2,SKU_A,1645,0,0,0
262,W2,SKU_B,1325,0,0,0
262,W2,SKU_C,834,0,0,2070
262,W2,SKU_D,2529,0,0,0
262,W2,SKU_E,0,0,117,1169
262,R1,SKU_A,426,0,0,0
262,R1,SKU_B,697,0,0,0
262,R1,SKU_C,145,0,0,0
262,R1,SKU_D,536,0,0,0
262,R1,SKU_E,47,0,0,95
262,R2,SKU_A,717,0,0,0
262,R2,SKU_B,128,0,0,292
262,R2,SKU_C,691,0,0,0
262,R2,SKU_D,244,0,0,0
262,R2,SKU_E,473,0,0,0
262,R3,SKU_A,1662,0,0,0
262,R3,SKU_B,79,0,0,159
262,R3,SKU_C,345,0,0,1077
262,R3,SKU_D,1652,0,0,0
262,R3,SKU_E,640,0,0,264
263,Supplier,SKU_A,0,0,0,0
263,Supplier,SKU_B,0,0,0,0
263,Supplier,SKU_C,0,0,0,0
263,Supplier,SKU_D,0,0,0,0
263,Supplier,SKU_E,0,0,0,0
263,W1,SKU_A,1892,0,0,736
263,W1,SKU_B,1390,0,0,0
263,W1,SKU_C,2153,0,0,635
263,W1,SKU_D,147,0,0,499
263,W1,SKU_E,1642,0,0,0
263,W2,SKU_A,1645,0,0,0
263,W2,SKU_B,1166,0,0,0
263,W2,SKU_C,834,0,0,2070
263,W2,SKU_D,2529,0,0,0
263,W2,SKU_E,1052,0,0,0
263,R1,SKU_A,314,0,0,0
263,R1,SKU_B,656,0,0,0
263,R1,SKU_C,85,0,0,301
263,R1,SKU_D,499,0,0,0
263,R1,SKU_E,5,0,0,95
263,R2,SKU_A,663,0,0,0
263,R2,SKU_B,86,0,0,292
263,R2,SKU_C,665,0,0,0
263,R2,SKU_D,209,0,0,158
263,R2,SKU_E,429,0,0,0
263,R3,SKU_A,1525,0,0,0
263,R3,SKU_B,212,0,0,159
263,R3,SKU_C,1364,0,0,0
263,R3,SKU_D,1552,0,0,0
263,R3,SKU_E,569,0,0,381
264,Supplier,SKU_A,0,0,0,0
264,Supplier,SKU_B,0,0,0,0
264,Supplier,SKU_C,0,0,0,0
264,Supplier,SKU_D,0,0,0,0
264,Supplier,SKU_E,0,0,0,0
264,W1,SKU_A,1135,0,0,736
264,W1,SKU_B,1390,0,0,0
264,W1,SKU_C,2153,0,0,936
264,W1,SKU_D,147,0,0,657
264,W1,SKU_E,1642,0,0,0
264,W2,SKU_A,13,0,0,0
264,W2,SKU_B,1166,0,0,0
264,W2,SKU_C,834,0,0,2070
264,W2,SKU_D,1773,0,0,0
264,W2,SKU_E,1052,0,0,0
264,R1,SKU_A,168,0,0,0
264,R1,SKU_B,610,0,0,0
264,R1,SKU_C,3,0,0,301
264,R1,SKU_D,441,0,0,0
264,R1,SKU_E,51,0,0,0
264,R2,SKU_A,571,0,0,757
264,R2,SKU_B,46,0,0,292
264,R2,SKU_C,639,0,0,0
264,R2,SKU_D,161,0,0,158
264,R2,SKU_E,396,0,0,0
264,R3,SKU_A,1384,0,0,1632
264,R3,SKU_B,166,0,0,159
264,R3,SKU_C,1244,0,0,0
264,R3,SKU_D,1461,0,0,756
264,R3,SKU_E,485,0,0,381
265,Supplier,SKU_A,0,0,0,0
265,Supplier,SKU_B,0,0,0,0
265,Supplier,SKU_C,0,0,0,0
265,Supplier,SKU_D,0,0,0,0
265,Supplier,SKU_E,0,0,0,0
265,W1,SKU_A,1088,0,0,757
265,W1,SKU_B,1219,0,0,0
265,W1,SKU_C,2788,0,0,301
265,W1,SKU_D,324,0,0,158
265,W1,SKU_E,1524,0,0,0
265,W2,SKU_A,13,0,0,3231
265,W2,SKU_B,1166,0,0,0
265,W2,SKU_C,834,0,0,2070
265,W2,SKU_D,1773,0,0,0
265,W2,SKU_E,1052,0,0,0
265,R1,SKU_A,40,0,0,783
265,R1,SKU_B,559,0,0,171
265,R1,SKU_C,199,0,0,0
265,R1,SKU_D,366,0,0,322
265,R1,SKU_E,3,0,0,118
265,R2,SKU_A,462,0,0,757
265,R2,SKU_B,290,0,0,0
265,R2,SKU_C,608,0,0,0
265,R2,SKU_D,100,0,0,158
265,R2,SKU_E,351,0,0,0
265,R3,SKU_A,1168,0,0,1632
265,R3,SKU_B,118,0,0,159
265,R3,SKU_C,1141,0,0,0
265,R3,SKU_D,1335,0,0,756
265,R3,SKU_E,389,0,0,381
266,Supplier,SKU_A,0,0,0,0
266,Supplier,SKU_B,0,0,0,0
266,Supplier,SKU_C,0,0,0,0
266,Supplier,SKU_D,0,0,0,0
266,Supplier,SKU_E,0,0,0,0
266,W1,SKU_A,1088,0,0,1540
266,W1,SKU_B,1219,0,0,0
266,W1,SKU_C,2788,0,0,301
266,W1,SKU_D,324,0,0,480
266,W1,SKU_E,1524,0,0,0
266,W2,SKU_A,13,0,0,3231
266,W2,SKU_B,1166,0,0,0
266,W2,SKU_C,2904,0,0,0
266,W2,SKU_D,1773,0,0,0
266,W2,SKU_E,1052,0,0,0
266,R1,SKU_A,0,97,0,783
266,R1,SKU_B,501,0,0,171
266,R1,SKU_C,105,0,0,0
266,R1,SKU_D,290,0,0,322
266,R1,SKU_E,0,36,0,118
266,R2,SKU_A,376,0,0,757
266,R2,SKU_B,236,0,0,0
266,R2,SKU_C,560,0,0,0
266,R2,SKU_D,219,0,0,0
266,R2,SKU_E,309,0,0,0
266,R3,SKU_A,970,0,0,1632
266,R3,SKU_B,70,0,0,159
266,R3,SKU_C,1020,0,0,0
266,R3,SKU_D,1221,0,0,756
266,R3,SKU_E,587,0,0,117
267,Supplier,SKU_A,0,0,0,0
267,Supplier,SKU_B,0,0,0,0
267,Supplier,SKU_C,0,0,0,0
267,Supplier,SKU_D,0,0,0,0
267,Supplier,SKU_E,0,0,0,0
267,W1,SKU_A,1088,0,0,1540
267,W1,SKU_B,1219,0,0,0
267,W1,SKU_C,2447,0,0,301
267,W1,SKU_D,141,0,0,480
267,W1,SKU_E,1437,0,0,0
267,W2,SKU_A,13,0,0,3231
267,W2,SKU_B,998,0,0,0
267,W2,SKU_C,2904,0,0,0
267,W2,SKU_D,1773,0,0,0
267,W2,SKU_E,676,0,0,0
267,R1,SKU_A,535,0,0,0
267,R1,SKU_B,612,0,0,0
267,R1,SKU_C,14,0,0,341
267,R1,SKU_D,561,0,0,0
267,R1,SKU_E,51,0,0,87
267,R2,SKU_A,1058,0,0,0
267,R2,SKU_B,200,0,0,0
267,R2,SKU_C,530,0,0,0
267,R2,SKU_D,182,0,0,183
267,R2,SKU_E,269,0,0,0
267,R3,SKU_A,828,0,0,1632
267,R3,SKU_B,198,0,0,168
267,R3,SKU_C,938,0,0,0
267,R3,SKU_D,1148,0,0,756
267,R3,SKU_E,652,0,0,376
268,Supplier,SKU_A,0,0,0,0
268,Supplier,SKU_B,0,0,0,0
268,Supplier,SKU_C,0,0,0,0
268,Supplier,SKU_D,0,0,0,0
268,Supplier,SKU_E,0,0,0,0
268,W1,SKU_A,1088,0,0,1540
268,W1,SKU_B,1050,0,0,0
268,W1,SKU_C,2164,0,0,642
268,W1,SKU_D,141,0,0,663
268,W1,SKU_E,1437,0,0,0
268,W2,SKU_A,13,0,0,3231
268,W2,SKU_B,998,0,0,0
268,W2,SKU_C,2904,0,0,0
268,W2,SKU_D,1773,0,0,0
268,W2,SKU_E,676,0,0,0
268,R1,SKU_A,426,0,0,0
268,R1,SKU_B,574,0,0,169
268,R1,SKU_C,0,40,0,341
268,R1,SKU_D,513,0,0,0
268,R1,SKU_E,21,0,0,87
268,R2,SKU_A,984,0,0,0
268,R2,SKU_B,163,0,0,0
268,R2,SKU_C,509,0,0,283
268,R2,SKU_D,135,0,0,183
268,R2,SKU_E,236,0,0,0
268,R3,SKU_A,2332,0,0,0
268,R3,SKU_B,166,0,0,168
268,R3,SKU_C,865,0,0,0
268,R3,SKU_D,1835,0,0,0
268,R3,SKU_E,593,0,0,376
269,Supplier,SKU_A,0,0,0,0
269,Supplier,SKU_B,0,0,0,0
269,Supplier,SKU_C,0,0,0,0
269,Supplier,SKU_D,0,0,0,0
269,Supplier,SKU_E,0,0,0,0
269,W1,SKU_A,1088,0,0,1540
269,W1,SKU_B,755,0,0,0
269,W1,SKU_C,2465,0,0,624
269,W1,SKU_D,299,0,0,505
269,W1,SKU_E,936,0,0,0
269,W2,SKU_A,13,0,0,3231
269,W2,SKU_B,998,0,0,0
269,W2,SKU_C,2904,0,0,0
269,W2,SKU_D,1773,0,0,0
269,W2,SKU_E,676,0,0,0
269,R1,SKU_A,320,0,0,0
269,R1,SKU_B,549,0,0,169
269,R1,SKU_C,246,0,0,0
269,R1,SKU_D,474,0,0,0
269,R1,SKU_E,74,0,0,0
269,R2,SKU_A,911,0,0,0
269,R2,SKU_B,128,0,0,295
269,R2,SKU_C,485,0,0,283
269,R2,SKU_D,99,0,0,183
269,R2,SKU_E,201,0,0,501
269,R3,SKU_A,2187,0,0,0
269,R3,SKU_B,133,0,0,168
269,R3,SKU_C,791,0,0,0
269,R3,SKU_D,1757,0,0,0
269,R3,SKU_E,545,0,0,376
270,Supplier,SKU_A,0,0,0,0
270,Supplier,SKU_B,0,0,0,0
270,Supplier,SKU_C,0,0,0,0
270,Supplier,SKU_D,0,0,0,0
270,Supplier,SKU_E,0,0,0,0
270,W1,SKU_A,1845,0,0,783
270,W1,SKU_B,755,0,0,1302
270,W1,SKU_C,2465,0,0,624
270,W1,SKU_D,10,0,0,505
270,W1,SKU_E,841,0,0,906
270,W2,SKU_A,13,0,0,3231
270,W2,SKU_B,998,0,0,0
270,W2,SKU_C,2904,0,0,0
270,W2,SKU_D,1773,0,0,0
270,W2,SKU_E,676,0,0,0
270,R1,SKU_A,210,0,0,0
270,R1,SKU_B,688,0,0,0
270,R1,SKU_C,180,0,0,0
270,R1,SKU_D,438,0,0,289
270,R1,SKU_E,54,0,0,95
270,R2,SKU_A,852,0,0,0
270,R2,SKU_B,104,0,0,295
270,R2,SKU_C,459,0,0,283
270,R2,SKU_D,241,0,0,0
270,R2,SKU_E,171,0,0,501
270,R3,SKU_A,2032,0,0,0
270,R3,SKU_B,87,0,0,168
270,R3,SKU_C,733,0,0,0
270,R3,SKU_D,1707,0,0,0
270,R3,SKU_E,482,0,0,376
271,Supplier,SKU_A,0,0,0,0
271,Supplier,SKU_B,0,0,0,0
271,Supplier,SKU_C,0,0,0,0
271,Supplier,SKU_D,0,0,0,0
271,Supplier,SKU_E,0,0,0,0
271,W1,SKU_A,1887,0,0,0
271,W1,SKU_B,755,0,0,1302
271,W1,SKU_C,2199,0,0,624
271,W1,SKU_D,171,0,0,472
271,W1,SKU_E,841,0,0,906
271,W2,SKU_A,3244,0,0,0
271,W2,SKU_B,998,0,0,0
271,W2,SKU_C,1900,0,0,0
271,W2,SKU_D,1773,0,0,0
271,W2,SKU_E,676,0,0,0
271,R1,SKU_A,86,0,0,741
271,R1,SKU_B,639,0,0,0
271,R1,SKU_C,92,0,0,266
271,R1,SKU_D,389,0,0,289
271,R1,SKU_E,25,0,0,95
271,R2,SKU_A,789,0,0,0
271,R2,SKU_B,65,0,0,295
271,R2,SKU_C,709,0,0,0
271,R2,SKU_D,199,0,0,161
271,R2,SKU_E,131,0,0,501
271,R3,SKU_A,1864,0,0,0
271,R3,SKU_B,213,0,0,0
271,R3,SKU_C,660,0,0,1004
271,R3,SKU_D,1632,0,0,0
271,R3,SKU_E,798,0,0,0
272,Supplier,SKU_A,0,0,0,0
272,Supplier,SKU_B,0,0,0,0
272,Supplier,SKU_C,0,0,0,0
272,Supplier,SKU_D,0,0,0,0
272,Supplier,SKU_E,0,0,0,0
272,W1,SKU_A,1887,0,0,741
272,W1,SKU_B,755,0,0,1302
272,W1,SKU_C,2199,0,0,890
272,W1,SKU_D,171,0,0,633
272,W1,SKU_E,841,0,0,906
272,W2,SKU_A,3244,0,0,0
272,W2,SKU_B,814,0,0,0
272,W2,SKU_C,1900,0,0,0
272,W2,SKU_D,1773,0,0,0
272,W2,SKU_E,676,0,0,0
272,R1,SKU_A,0,80,0,741
272,R1,SKU_B,573,0,0,0
272,R1,SKU_C,0,12,0,266
272,R1,SKU_D,614,0,0,0
272,R1,SKU_E,80,0,0,0
272,R2,SKU_A,703,0,0,0
272,R2,SKU_B,303,0,0,0
272,R2,SKU_C,670,0,0,0
272,R2,SKU_D,148,0,0,161
272,R2,SKU_E,588,0,0,0
272,R3,SKU_A,1657,0,0,0
272,R3,SKU_B,143,0,0,184
272,R3,SKU_C,532,0,0,1004
272,R3,SKU_D,1544,0,0,0
272,R3,SKU_E,733,0,0,0
273,Supplier,SKU_A,0,0,0,0
273,Supplier,SKU_B,0,0,0,0
273,Supplier,SKU_C,0,0,0,0
273,Supplier,SKU_D,0,0,0,0
273,Supplier,SKU_E,0,0,0,0
273,W1,SKU_A,1887,0,0,741
273,W1,SKU_B,547,0,0,1302
273,W1,SKU_C,2540,0,0,549
273,W1,SKU_D,354,0,0,450
273,W1,SKU_E,752,0,0,906
273,W2,SKU_A,3244,0,0,0
273,W2,SKU_B,814,0,0,0
273,W2,SKU_C,1900,0,0,0
273,W2,SKU_D,1009,0,0,0
273,W2,SKU_E,676,0,0,0
273,R1,SKU_A,497,0,0,0
273,R1,SKU_B,512,0,0,208
273,R1,SKU_C,157,0,0,0
273,R1,SKU_D,535,0,0,0
273,R1,SKU_E,33,0,0,89
273,R2,SKU_A,598,0,0,0
273,R2,SKU_B,256,0,0,0
273,R2,SKU_C,623,0,0,0
273,R2,SKU_D,101,0,0,161
273,R2,SKU_E,553,0,0,0
273,R3,SKU_A,1458,0,0,0
273,R3,SKU_B,103,0,0,184
273,R3,SKU_C,444,0,0,1004
273,R3,SKU_D,1462,0,0,764
273,R3,SKU_E,658,0,0,0
274,Supplier,SKU_A,0,0,0,0
274,Supplier,SKU_B,0,0,0,0
274,Supplier,SKU_C,0,0,0,0
274,Supplier,SKU_D,0,0,0,0
274,Supplier,SKU_E,0,0,0,0
274,W1,SKU_A,1065,0,0,741
274,W1,SKU_B,547,0,0,1302
274,W1,SKU_C,2534,0,0,266
274,W1,SKU_D,354,0,0,450
274,W1,SKU_E,752,0,0,906
274,W2,SKU_A,1545,0,0,0
274,W2,SKU_B,814,0,0,0
274,W2,SKU_C,1900,0,0,0
274,W2,SKU_D,1009,0,0,1520
274,W2,SKU_E,254,0,0,0
274,R1,SKU_A,377,0,0,0
274,R1,SKU_B,482,0,0,208
274,R1,SKU_C,98,0,0,289
274,R1,SKU_D,491,0,0,0
274,R1,SKU_E,8,0,0,89
274,R2,SKU_A,517,0,0,822
274,R2,SKU_B,230,0,0,0
274,R2,SKU_C,586,0,0,0
274,R2,SKU_D,224,0,0,0
274,R2,SKU_E,526,0,0,0
274,R3,SKU_A,1347,0,0,1699
274,R3,SKU_B,64,0,0,184
274,R3,SKU_C,382,0,0,1004
274,R3,SKU_D,1402,0,0,764
274,R3,SKU_E,599,0,0,422
275,Supplier,SKU_A,0,0,0,0
275,Supplier,SKU_B,0,0,0,0
275,Supplier,SKU_C,0,0,0,0
275,Supplier,SKU_D,0,0,0,0
275,Supplier,SKU_E,0,0,0,0
275,W1,SKU_A,1065,0,0,1563
275,W1,SKU_B,1849,0,0,0
275,W1,SKU_C,2534,0,0,555
275,W1,SKU_D,176,0,0,450
275,W1,SKU_E,1586,0,0,0
275,W2,SKU_A,1545,0,0,0
275,W2,SKU_B,814,0,0,0
275,W2,SKU_C,1900,0,0,0
275,W2,SKU_D,1009,0,0,1520
275,W2,SKU_E,254,0,0,1179
275,R1,SKU_A,267,0,0,0
275,R1,SKU_B,653,0,0,0
275,R1,SKU_C,33,0,0,289
275,R1,SKU_D,453,0,0,0
275,R1,SKU_E,65,0,0,72
275,R2,SKU_A,440,0,0,822
275,R2,SKU_B,203,0,0,0
275,R2,SKU_C,561,0,0,0
275,R2,SKU_D,193,0,0,178
275,R2,SKU_E,500,0,0,0
275,R3,SKU_A,1260,0,0,1699
275,R3,SKU_B,39,0,0,184
275,R3,SKU_C,1337,0,0,0
275,R3,SKU_D,1342,0,0,764
275,R3,SKU_E,557,0,0,422
276,Supplier,SKU_A,0,0,0,0
276,Supplier,SKU_B,0,0,0,0
276,Supplier,SKU_C,0,0,0,0
276,Supplier,SKU_D,0,0,0,0
276,Supplier,SKU_E,0,0,0,0
276,W1,SKU_A,381,0,0,1563
276,W1,SKU_B,1849,0,0,0
276,W1,SKU_C,2534,0,0,555
276,W1,SKU_D,155,0,0,339
276,W1,SKU_E,1586,0,0,0
276,W2,SKU_A,1545,0,0,0
276,W2,SKU_B,640,0,0,0
276,W2,SKU_C,1900,0,0,0
276,W2,SKU_D,1009,0,0,1520
276,W2,SKU_E,254,0,0,1179
276,R1,SKU_A,176,0,0,684
276,R1,SKU_B,608,0,0,0
276,R1,SKU_C,281,0,0,0
276,R1,SKU_D,411,0,0,310
276,R1,SKU_E,35,0,0,72
276,R2,SKU_A,368,0,0,822
276,R2,SKU_B,166,0,0,0
276,R2,SKU_C,535,0,0,0
276,R2,SKU_D,159,0,0,178
276,R2,SKU_E,464,0,0,0
276,R3,SKU_A,1123,0,0,1699
276,R3,SKU_B,185,0,0,174
276,R3,SKU_C,1293,0,0,0
276,R3,SKU_D,1281,0,0,764
276,R3,SKU_E,517,0,0,422
277,Supplier,SKU_A,0,0,0,0
277,Supplier,SKU_B,0,0,0,0
277,Supplier,SKU_C,0,0,0,0
277,Supplier,SKU_D,0,0,0,0
277,Supplier,SKU_E,0,0,0,0
277,W1,SKU_A,1122,0,0,1506
277,W1,SKU_B,1384,0,0,0
277,W1,SKU_C,2800,0,0,289
277,W1,SKU_D,316,0,0,488
277,W1,SKU_E,1586,0,0,0
277,W2,SKU_A,1545,0,0,0
277,W2,SKU_B,640,0,0,0
277,W2,SKU_C,1900,0,0,0
277,W2,SKU_D,1009,0,0,1520
277,W2,SKU_E,254,0,0,1179
277,R1,SKU_A,85,0,0,684
277,R1,SKU_B,572,0,0,173
277,R1,SKU_C,231,0,0,0
277,R1,SKU_D,371,0,0,310
277,R1,SKU_E,72,0,0,0
277,R2,SKU_A,1122,0,0,0
277,R2,SKU_B,138,0,0,292
277,R2,SKU_C,506,0,0,0
277,R2,SKU_D,103,0,0,178
277,R2,SKU_E,432,0,0,0
277,R3,SKU_A,981,0,0,1699
277,R3,SKU_B,143,0,0,174
277,R3,SKU_C,1222,0,0,0
277,R3,SKU_D,1974,0,0,0
277,R3,SKU_E,473,0,0,422
278,Supplier,SKU_A,0,0,0,0
278,Supplier,SKU_B,0,0,0,0
278,Supplier,SKU_C,0,0,0,0
278,Supplier,SKU_D,0,0,0,0
278,Supplier,SKU_E,0,0,0,0
278,W1,SKU_A,1122,0,0,1506
278,W1,SKU_B,1384,0,0,0
278,W1,SKU_C,2493,0,0,289
278,W1,SKU_D,316,0,0,488
278,W1,SKU_E,1489,0,0,0
278,W2,SKU_A,1545,0,0,0
278,W2,SKU_B,640,0,0,0
278,W2,SKU_C,1900,0,0,0
278,W2,SKU_D,1009,0,0,1520
278,W2,SKU_E,254,0,0,1179
278,R1,SKU_A,668,0,0,0
278,R1,SKU_B,509,0,0,173
278,R1,SKU_C,143,0,0,0
278,R1,SKU_D,627,0,0,0
278,R1,SKU_E,38,0,0,97
278,R2,SKU_A,1035,0,0,0
278,R2,SKU_B,73,0,0,292
278,R2,SKU_C,470,0,0,307
278,R2,SKU_D,236,0,0,0
278,R2,SKU_E,386,0,0,0
278,R3,SKU_A,2530,0,0,0
278,R3,SKU_B,77,0,0,174
278,R3,SKU_C,1129,0,0,0
278,R3,SKU_D,1899,0,0,0
278,R3,SKU_E,846,0,0,0
279,Supplier,SKU_A,0,0,0,0
279,Supplier,SKU_B,0,0,0,0
279,Supplier,SKU_C,0,0,0,0
279,Supplier,SKU_D,0,0,0,0
279,Supplier,SKU_E,0,0,0,0
279,W1,SKU_A,1122,0,0,1506
279,W1,SKU_B,1384,0,0,0
279,W1,SKU_C,2190,0,0,596
279,W1,SKU_D,150,0,0,488
279,W1,SKU_E,1489,0,0,0
279,W2,SKU_A,1545,0,0,0
279,W2,SKU_B,640,0,0,0
279,W2,SKU_C,1900,0,0,0
279,W2,SKU_D,1009,0,0,1520
279,W2,SKU_E,254,0,0,1179
279,R1,SKU_A,514,0,0,0
279,R1,SKU_B,608,0,0,0
279,R1,SKU_C,32,0,0,303
279,R1,SKU_D,543,0,0,0
279,R1,SKU_E,0,19,0,97
279,R2,SKU_A,929,0,0,0
279,R2,SKU_B,20,0,0,292
279,R2,SKU_C,420,0,0,307
279,R2,SKU_D,182,0,0,166
279,R2,SKU_E,338,0,0,0
279,R3,SKU_A,2351,0,0,0
279,R3,SKU_B,5,0,0,174
279,R3,SKU_C,989,0,0,0
279,R3,SKU_D,1759,0,0,0
279,R3,SKU_E,767,0,0,0
280,Supplier,SKU_A,0,0,0,0
280,Supplier,SKU_B,0,0,0,0
280,Supplier,SKU_C,0,0,0,0
280,Supplier,SKU_D,0,0,0,0
280,Supplier,SKU_E,0,0,0,0
280,W1,SKU_A,1944,0,0,684
280,W1,SKU_B,1211,0,0,0
280,W1,SKU_C,2479,0,0,610
280,W1,SKU_D,150,0,0,654
280,W1,SKU_E,1398,0,0,0
280,W2,SKU_A,1545,0,0,0
280,W2,SKU_B,422,0,0,0
280,W2,SKU_C,1900,0,0,0
280,W2,SKU_D,2529,0,0,0
280,W2,SKU_E,254,0,0,1179
280,R1,SKU_A,368,0,0,0
280,R1,SKU_B,545,0,0,173
280,R1,SKU_C,0,88,0,303
280,R1,SKU_D,459,0,0,0
280,R1,SKU_E,22,0,0,91
280,R2,SKU_A,833,0,0,0
280,R2,SKU_B,247,0,0,0
280,R2,SKU_C,377,0,0,307
280,R2,SKU_D,138,0,0,166
280,R2,SKU_E,292,0,0,0
280,R3,SKU_A,2156,0,0,0
280,R3,SKU_B,124,0,0,218
280,R3,SKU_C,860,0,0,0
280,R3,SKU_D,1637,0,0,0
280,R3,SKU_E,688,0,0,0
281,Supplier,SKU_A,0,0,0,0
281,Supplier,SKU_B,0,0,0,0
281,Supplier,SKU_C,0,0,0,0
281,Supplier,SKU_D,0,0,0,0
281,Supplier,SKU_E,0,0,0,0
281,W1,SKU_A,1944,0,0,684
281,W1,SKU_B,1211,0,0,0
281,W1,SKU_C,2479,0,0,610
281,W1,SKU_D,24,0,0,476
281,W1,SKU_E,1398,0,0,0
281,W2,SKU_A,1545,0,0,0
281,W2,SKU_B,422,0,0,1250
281,W2,SKU_C,1900,0,0,0
281,W2,SKU_D,2529,0,0,0
281,W2,SKU_E,1041,0,0,0
281,R1,SKU_A,258,0,0,0
281,R1,SKU_B,494,0,0,173
281,R1,SKU_C,156,0,0,0
281,R1,SKU_D,411,0,0,304
281,R1,SKU_E,0,12,0,91
281,R2,SKU_A,748,0,0,0
281,R2,SKU_B,195,0,0,0
281,R2,SKU_C,651,0,0,0
281,R2,SKU_D,90,0,0,166
281,R2,SKU_E,249,0,0,0
281,R3,SKU_A,1975,0,0,0
281,R3,SKU_B,85,0,0,218
281,R3,SKU_C,760,0,0,0
281,R3,SKU_D,1550,0,0,0
281,R3,SKU_E,630,0,0,392
282,Supplier,SKU_A,0,0,0,0
282,Supplier,SKU_B,0,0,0,0
282,Supplier,SKU_C,0,0,0,0
282,Supplier,SKU_D,0,0,0,0
282,Supplier,SKU_E,0,0,0,0
282,W1,SKU_A,1935,0,0,0
282,W1,SKU_B,1211,0,0,0
282,W1,SKU_C,2189,0,0,610
282,W1,SKU_D,334,0,0,470
282,W1,SKU_E,820,0,0,0
282,W2,SKU_A,1545,0,0,0
282,W2,SKU_B,422,0,0,1250
282,W2,SKU_C,1900,0,0,0
282,W2,SKU_D,1771,0,0,0
282,W2,SKU_E,1041,0,0,0
282,R1,SKU_A,169,0,0,693
282,R1,SKU_B,628,0,0,0
282,R1,SKU_C,94,0,0,290
282,R1,SKU_D,368,0,0,304
282,R1,SKU_E,46,0,0,90
282,R2,SKU_A,660,0,0,0
282,R2,SKU_B,161,0,0,0
282,R2,SKU_C,619,0,0,0
282,R2,SKU_D,211,0,0,0
282,R2,SKU_E,207,0,0,488
282,R3,SKU_A,1831,0,0,0
282,R3,SKU_B,48,0,0,218
282,R3,SKU_C,677,0,0,0
282,R3,SKU_D,1480,0,0,758
282,R3,SKU_E,565,0,0,392
283,Supplier,SKU_A,0,0,0,0
283,Supplier,SKU_B,0,0,0,0
283,Supplier,SKU_C,0,0,0,0
283,Supplier,SKU_D,0,0,0,0
283,Supplier,SKU_E,0,0,0,0
283,W1,SKU_A,1175,0,0,693
283,W1,SKU_B,914,0,0,0
283,W1,SKU_C,2189,0,0,900
283,W1,SKU_D,143,0,0,470
283,W1,SKU_E,820,0,0,1022
283,W2,SKU_A,1545,0,0,0
283,W2,SKU_B,422,0,0,1250
283,W2,SKU_C,840,0,0,0
283,W2,SKU_D,1771,0,0,0
283,W2,SKU_E,1041,0,0,0
283,R1,SKU_A,47,0,0,693
283,R1,SKU_B,589,0,0,0
283,R1,SKU_C,31,0,0,290
283,R1,SKU_D,608,0,0,0
283,R1,SKU_E,7,0,0,90
283,R2,SKU_A,564,0,0,760
283,R2,SKU_B,112,0,0,297
283,R2,SKU_C,587,0,0,0
283,R2,SKU_D,174,0,0,191
283,R2,SKU_E,160,0,0,488
283,R3,SKU_A,1666,0,0,0
283,R3,SKU_B,0,0,0,218
283,R3,SKU_C,598,0,0,1060
283,R3,SKU_D,1376,0,0,758
283,R3,SKU_E,505,0,0,392
284,Supplier,SKU_A,0,0,0,0
284,Supplier,SKU_B,0,0,0,0
284,Supplier,SKU_C,0,0,0,0
284,Supplier,SKU_D,0,0,0,0
284,Supplier,SKU_E,0,0,0,0
284,W1,SKU_A,1175,0,0,1453
284,W1,SKU_B,722,0,0,1143
284,W1,SKU_C,2496,0,0,593
284,W1,SKU_D,143,0,0,661
284,W1,SKU_E,748,0,0,1022
284,W2,SKU_A,1545,0,0,0
284,W2,SKU_B,243,0,0,1250
284,W2,SKU_C,840,0,0,2064
284,W2,SKU_D,1771,0,0,0
284,W2,SKU_E,1041,0,0,0
284,R1,SKU_A,634,0,0,0
284,R1,SKU_B,545,0,0,192
284,R1,SKU_C,244,0,0,0
284,R1,SKU_D,560,0,0,0
284,R1,SKU_E,66,0,0,72
284,R2,SKU_A,486,0,0,760
284,R2,SKU_B,70,0,0,297
284,R2,SKU_C,552,0,0,0
284,R2,SKU_D,130,0,0,191
284,R2,SKU_E,104,0,0,488
284,R3,SKU_A,1525,0,0,0
284,R3,SKU_B,173,0,0,179
284,R3,SKU_C,516,0,0,1060
284,R3,SKU_D,1298,0,0,758
284,R3,SKU_E,446,0,0,392
285,Supplier,SKU_A,0,0,0,0
285,Supplier,SKU_B,0,0,0,0
285,Supplier,SKU_C,0,0,0,0
285,Supplier,SKU_D,0,0,0,0
285,Supplier,SKU_E,0,0,0,0
285,W1,SKU_A,1175,0,0,1453
285,W1,SKU_B,722,0,0,1143
285,W1,SKU_C,2799,0,0,290
285,W1,SKU_D,309,0,0,495
285,W1,SKU_E,748,0,0,1022
285,W2,SKU_A,0,0,87,0
285,W2,SKU_B,243,0,0,1250
285,W2,SKU_C,840,0,0,2064
285,W2,SKU_D,1771,0,0,0
285,W2,SKU_E,1041,0,0,0
285,R1,SKU_A,530,0,0,0
285,R1,SKU_B,501,0,0,192
285,R1,SKU_C,159,0,0,0
285,R1,SKU_D,498,0,0,0
285,R1,SKU_E,34,0,0,72
285,R2,SKU_A,411,0,0,760
285,R2,SKU_B,5,0,0,297
285,R2,SKU_C,515,0,0,0
285,R2,SKU_D,67,0,0,191
285,R2,SKU_E,543,0,0,0
285,R3,SKU_A,1340,0,0,1545
285,R3,SKU_B,136,0,0,179
285,R3,SKU_C,399,0,0,1060
285,R3,SKU_D,1191,0,0,758
285,R3,SKU_E,774,0,0,0
286,Supplier,SKU_A,0,0,0,0
286,Supplier,SKU_B,0,0,0,0
286,Supplier,SKU_C,0,0,0,0
286,Supplier,SKU_D,0,0,0,0
286,Supplier,SKU_E,0,0,0,0
286,W1,SKU_A,1175,0,0,1453
286,W1,SKU_B,722,0,0,1143
286,W1,SKU_C,2214,0,0,290
286,W1,SKU_D,309,0,0,495
286,W1,SKU_E,748,0,0,1022
286,W2,SKU_A,0,0,87,3331
286,W2,SKU_B,243,0,0,1250
286,W2,SKU_C,840,0,0,2064
286,W2,SKU_D,1771,0,0,0
286,W2,SKU_E,1041,0,0,0
286,R1,SKU_A,357,0,0,0
286,R1,SKU_B,601,0,0,0
286,R1,SKU_C,31,0,0,287
286,R1,SKU_D,425,0,0,0
286,R1,SKU_E,42,0,0,0
286,R2,SKU_A,1057,0,0,0
286,R2,SKU_B,240,0,0,0
286,R2,SKU_C,476,0,0,298
286,R2,SKU_D,215,0,0,0
286,R2,SKU_E,498,0,0,0
286,R3,SKU_A,1110,0,0,1545
286,R3,SKU_B,86,0,0,179
286,R3,SKU_C,252,0,0,1060
286,R3,SKU_D,1808,0,0,0
286,R3,SKU_E,688,0,0,0
287,Supplier,SKU_A,0,0,0,0
287,Supplier,SKU_B,0,0,0,0
287,Supplier,SKU_C,0,0,0,0
287,Supplier,SKU_D,0,0,0,0
287,Supplier,SKU_E,0,0,0,0
287,W1,SKU_A,1175,0,0,1453
287,W1,SKU_B,542,0,0,1143
287,W1,SKU_C,2214,0,0,875
287,W1,SKU_D,88,0,0,191
287,W1,SKU_E,621,0,0,1022
287,W2,SKU_A,0,0,87,3331
287,W2,SKU_B,1493,0,0,0
287,W2,SKU_C,840,0,0,2064
287,W2,SKU_D,1771,0,0,0
287,W2,SKU_E,649,0,0,0
287,R1,SKU_A,212,0,0,0
287,R1,SKU_B,523,0,0,180
287,R1,SKU_C,0,68,0,287
287,R1,SKU_D,370,0,0,338
287,R1,SKU_E,0,11,0,127
287,R2,SKU_A,945,0,0,0
287,R2,SKU_B,172,0,0,0
287,R2,SKU_C,425,0,0,298
287,R2,SKU_D,167,0,0,187
287,R2,SKU_E,460,0,0,0
287,R3,SKU_A,903,0,0,1545
287,R3,SKU_B,30,0,0,179
287,R3,SKU_C,1185,0,0,0
287,R3,SKU_D,1687,0,0,0
287,R3,SKU_E,587,0,0,392
288,Supplier,SKU_A,0,0,0,0
288,Supplier,SKU_B,0,0,0,0
288,Supplier,SKU_C,0,0,0,0
288,Supplier,SKU_D,0,0,0,0
288,Supplier,SKU_E,0,0,0,0
288,W1,SKU_A,1129,0,0,760
288,W1,SKU_B,256,0,0,1143
288,W1,SKU_C,2504,0,0,585
288,W1,SKU_D,88,0,0,716
288,W1,SKU_E,1643,0,0,0
288,W2,SKU_A,0,0,87,3331
288,W2,SKU_B,1305,0,0,0
288,W2,SKU_C,840,0,0,2064
288,W2,SKU_D,1771,0,0,0
288,W2,SKU_E,649,0,0,0
288,R1,SKU_A,108,0,0,739
288,R1,SKU_B,476,0,0,180
288,R1,SKU_C,148,0,0,0
288,R1,SKU_D,318,0,0,338
288,R1,SKU_E,0,44,0,127
288,R2,SKU_A,854,0,0,0
288,R2,SKU_B,111,0,0,286
288,R2,SKU_C,378,0,0,298
288,R2,SKU_D,123,0,0,187
288,R2,SKU_E,418,0,0,0
288,R3,SKU_A,745,0,0,1545
288,R3,SKU_B,170,0,0,188
288,R3,SKU_C,1105,0,0,0
288,R3,SKU_D,1604,0,0,0
288,R3,SKU_E,518,0,0,392
289,Supplier,SKU_A,0,0,0,0
289,Supplier,SKU_B,0,0,0,0
289,Supplier,SKU_C,0,0,0,0
289,Supplier,SKU_D,0,0,0,0
289,Supplier,SKU_E,0,0,0,0
289,W1,SKU_A,1889,0,0,739
289,W1,SKU_B,1399,0,0,0
289,W1,SKU_C,2206,0,0,585
289,W1,SKU_D,279,0,0,525
289,W1,SKU_E,1557,0,0,0
289,W2,SKU_A,0,0,87,3331
289,W2,SKU_B,1305,0,0,0
289,W2,SKU_C,840,0,0,2064
289,W2,SKU_D,1771,0,0,0
289,W2,SKU_E,649,0,0,0
289,R1,SKU_A,10,0,0,739
289,R1,SKU_B,615,0,0,0
289,R1,SKU_C,54,0,0,298
289,R1,SKU_D,615,0,0,0
289,R1,SKU_E,52,0,0,86
289,R2,SKU_A,766,0,0,0
289,R2,SKU_B,61,0,0,286
289,R2,SKU_C,640,0,0,0
289,R2,SKU_D,68,0,0,187
289,R2,SKU_E,378,0,0,0
289,R3,SKU_A,2120,0,0,0
289,R3,SKU_B,112,0,0,188
289,R3,SKU_C,1007,0,0,0
289,R3,SKU_D,1525,0,0,0
289,R3,SKU_E,450,0,0,392
290,Supplier,SKU_A,0,0,0,0
290,Supplier,SKU_B,0,0,0,0
290,Supplier,SKU_C,0,0,0,0
290,Supplier,SKU_D,0,0,0,0
290,Supplier,SKU_E,0,0,0,0
290,W1,SKU_A,1889,0,0,739
290,W1,SKU_B,1233,0,0,0
290,W1,SKU_C,2206,0,0,883
290,W1,SKU_D,279,0,0,525
290,W1,SKU_E,1557,0,0,0
290,W2,SKU_A,0,0,87,3331
290,W2,SKU_B,1305,0,0,0
290,W2,SKU_C,2904,0,0,0
290,W2,SKU_D,988,0,0,0
290,W2,SKU_E,649,0,0,0
290,R1,SKU_A,629,0,0,0
290,R1,SKU_B,562,0,0,166
290,R1,SKU_C,0,43,0,298
290,R1,SKU_D,564,0,0,0
290,R1,SKU_E,3,0,0,86
290,R2,SKU_A,663,0,0,0
290,R2,SKU_B,0,0,0,286
290,R2,SKU_C,588,0,0,0
290,R2,SKU_D,204,0,0,0
290,R2,SKU_E,301,0,0,0
290,R3,SKU_A,1945,0,0,0
290,R3,SKU_B,48,0,0,188
290,R3,SKU_C,872,0,0,0
290,R3,SKU_D,1411,0,0,783
290,R3,SKU_E,358,0,0,392
291,Supplier,SKU_A,0,0,0,0
291,Supplier,SKU_B,0,0,0,0
291,Supplier,SKU_C,0,0,0,0
291,Supplier,SKU_D,0,0,0,0
291,Supplier,SKU_E,0,0,0,0
291,W1,SKU_A,1132,0,0,739
291,W1,SKU_B,1233,0,0,0
291,W1,SKU_C,2206,0,0,883
291,W1,SKU_D,81,0,0,525
291,W1,SKU_E,1477,0,0,0
291,W2,SKU_A,0,0,87,3331
291,W2,SKU_B,1144,0,0,0
291,W2,SKU_C,2904,0,0,0
291,W2,SKU_D,988,0,0,1541
291,W2,SKU_E,649,0,0,0
291,R1,SKU_A,468,0,0,0
291,R1,SKU_B,498,0,0,166
291,R1,SKU_C,140,0,0,0
291,R1,SKU_D,493,0,0,0
291,R1,SKU_E,29,0,0,80
291,R2,SKU_A,556,0,0,757
291,R2,SKU_B,245,0,0,0
291,R2,SKU_C,538,0,0,0
291,R2,SKU_D,147,0,0,198
291,R2,SKU_E,226,0,0,0
291,R3,SKU_A,1695,0,0,0
291,R3,SKU_B,0,24,0,349
291,R3,SKU_C,729,0,0,0
291,R3,SKU_D,1276,0,0,783
291,R3,SKU_E,643,0,0,0
292,Supplier,SKU_A,0,0,0,0
292,Supplier,SKU_B,0,0,0,0
292,Supplier,SKU_C,0,0,0,0
292,Supplier,SKU_D,0,0,0,0
292,Supplier,SKU_E,0,0,0,0
292,W1,SKU_A,1132,0,0,1496
292,W1,SKU_B,1233,0,0,0
292,W1,SKU_C,2485,0,0,298
292,W1,SKU_D,81,0,0,723
292,W1,SKU_E,966,0,0,0
292,W2,SKU_A,3244,0,0,0
292,W2,SKU_B,1144,0,0,0
292,W2,SKU_C,1896,0,0,0
292,W2,SKU_D,988,0,0,1541
292,W2,SKU_E,212,0,0,0
292,R1,SKU_A,309,0,0,0
292,R1,SKU_B,605,0,0,0
292,R1,SKU_C,38,0,0,306
292,R1,SKU_D,443,0,0,0
292,R1,SKU_E,0,14,0,80
292,R2,SKU_A,462,0,0,757
292,R2,SKU_B,191,0,0,0
292,R2,SKU_C,488,0,0,0
292,R2,SKU_D,105,0,0,198
292,R2,SKU_E,162,0,0,511
292,R3,SKU_A,1444,0,0,87
292,R3,SKU_B,89,0,0,161
292,R3,SKU_C,551,0,0,1008
292,R3,SKU_D,1158,0,0,783
292,R3,SKU_E,543,0,0,437
293,Supplier,SKU_A,0,0,0,0
293,Supplier,SKU_B,0,0,0,0
293,Supplier,SKU_C,0,0,0,0
293,Supplier,SKU_D,0,0,0,0
293,Supplier,SKU_E,0,0,0,0
293,W1,SKU_A,1132,0,0,1496
293,W1,SKU_B,790,0,0,0
293,W1,SKU_C,2160,0,0,604
293,W1,SKU_D,286,0,0,198
293,W1,SKU_E,863,0,0,876
293,W2,SKU_A,1618,0,0,0
293,W2,SKU_B,1144,0,0,0
293,W2,SKU_C,1896,0,0,0
293,W2,SKU_D,988,0,0,1541
293,W2,SKU_E,212,0,0,1221
293,R1,SKU_A,103,0,0,0
293,R1,SKU_B,534,0,0,176
293,R1,SKU_C,0,115,0,306
293,R1,SKU_D,378,0,0,320
293,R1,SKU_E,0,1,0,103
293,R2,SKU_A,337,0,0,757
293,R2,SKU_B,126,0,0,267
293,R2,SKU_C,426,0,0,325
293,R2,SKU_D,39,0,0,198
293,R2,SKU_E,87,0,0,511
293,R3,SKU_A,1139,0,0,1713
293,R3,SKU_B,35,0,0,161
293,R3,SKU_C,389,0,0,1008
293,R3,SKU_D,1017,0,0,783
293,R3,SKU_E,442,0,0,437
294,Supplier,SKU_A,0,0,0,0
294,Supplier,SKU_B,0,0,0,0
294,Supplier,SKU_C,0,0,0,0
294,Supplier,SKU_D,0,0,0,0
294,Supplier,SKU_E,0,0,0,0
294,W1,SKU_A,1023,0,0,757
294,W1,SKU_B,790,0,0,1267
294,W1,SKU_C,1905,0,0,929
294,W1,SKU_D,121,0,0,518
294,W1,SKU_E,863,0,0,876
294,W2,SKU_A,1618,0,0,0
294,W2,SKU_B,943,0,0,0
294,W2,SKU_C,1896,0,0,0
294,W2,SKU_D,988,0,0,1541
294,W2,SKU_E,212,0,0,1221
294,R1,SKU_A,0,88,0,848
294,R1,SKU_B,460,0,0,176
294,R1,SKU_C,52,0,0,255
294,R1,SKU_D,289,0,0,320
294,R1,SKU_E,0,50,0,103
294,R2,SKU_A,975,0,0,0
294,R2,SKU_B,73,0,0,267
294,R2,SKU_C,372,0,0,325
294,R2,SKU_D,190,0,0,165
294,R2,SKU_E,15,0,0,511
294,R3,SKU_A,914,0,0,1713
294,R3,SKU_B,0,51,0,362
294,R3,SKU_C,218,0,0,1008
294,R3,SKU_D,1671,0,0,0
294,R3,SKU_E,321,0,0,437
295,Supplier,SKU_A,0,0,0,0
295,Supplier,SKU_B,0,0,0,0
295,Supplier,SKU_C,0,0,0,0
295,Supplier,SKU_D,0,0,0,0
295,Supplier,SKU_E,0,0,0,0
295,W1,SKU_A,1023,0,0,1605
295,W1,SKU_B,790,0,0,1267
295,W1,SKU_C,2203,0,0,886
295,W1,SKU_D,121,0,0,683
295,W1,SKU_E,747,0,0,876
295,W2,SKU_A,1618,0,0,0
295,W2,SKU_B,943,0,0,0
295,W2,SKU_C,1896,0,0,0
295,W2,SKU_D,988,0,0,1541
295,W2,SKU_E,212,0,0,1221
295,R1,SKU_A,0,239,0,848
295,R1,SKU_B,556,0,0,0
295,R1,SKU_C,0,60,0,255
295,R1,SKU_D,544,0,0,0
295,R1,SKU_E,2,0,0,116
295,R2,SKU_A,858,0,0,0
295,R2,SKU_B,1,0,0,267
295,R2,SKU_C,330,0,0,325
295,R2,SKU_D,116,0,0,165
295,R2,SKU_E,477,0,0,0
295,R3,SKU_A,726,0,0,1713
295,R3,SKU_B,46,0,0,201
295,R3,SKU_C,79,0,0,1008
295,R3,SKU_D,1580,0,0,0
295,R3,SKU_E,214,0,0,437
296,Supplier,SKU_A,0,0,0,0
296,Supplier,SKU_B,0,0,0,0
296,Supplier,SKU_C,0,0,0,0
296,Supplier,SKU_D,0,0,0,0
296,Supplier,SKU_E,0,0,0,0
296,W1,SKU_A,1023,0,0,1605
296,W1,SKU_B,565,0,0,1267
296,W1,SKU_C,2203,0,0,886
296,W1,SKU_D,121,0,0,683
296,W1,SKU_E,747,0,0,876
296,W2,SKU_A,1618,0,0,0
296,W2,SKU_B,943,0,0,0
296,W2,SKU_C,1896,0,0,0
296,W2,SKU_D,988,0,0,1541
296,W2,SKU_E,0,0,217,1221
296,R1,SKU_A,492,0,0,0
296,R1,SKU_B,514,0,0,225
296,R1,SKU_C,117,0,0,0
296,R1,SKU_D,483,0,0,0
296,R1,SKU_E,0,31,0,116
296,R2,SKU_A,768,0,0,0
296,R2,SKU_B,209,0,0,0
296,R2,SKU_C,603,0,0,0
296,R2,SKU_D,71,0,0,165
296,R2,SKU_E,432,0,0,0
296,R3,SKU_A,638,0,0,1626
296,R3,SKU_B,0,10,0,201
296,R3,SKU_C,963,0,0,0
296,R3,SKU_D,1476,0,0,0
296,R3,SKU_E,565,0,0,212
297,Supplier,SKU_A,0,0,0,0
297,Supplier,SKU_B,0,0,0,0
297,Supplier,SKU_C,0,0,0,0
297,Supplier,SKU_D,0,0,0,0
297,Supplier,SKU_E,0,0,0,0
297,W1,SKU_A,1780,0,0,848
297,W1,SKU_B,565,0,0,1267
297,W1,SKU_C,1874,0,0,886
297,W1,SKU_D,153,0,0,485
297,W1,SKU_E,663,0,0,876
297,W2,SKU_A,1618,0,0,0
297,W2,SKU_B,737,0,0,0
297,W2,SKU_C,1896,0,0,0
297,W2,SKU_D,1697,0,0,0
297,W2,SKU_E,0,0,217,1221
297,R1,SKU_A,366,0,0,0
297,R1,SKU_B,468,0,0,225
297,R1,SKU_C,21,0,0,329
297,R1,SKU_D,427,0,0,0
297,R1,SKU_E,48,0,0,84
297,R2,SKU_A,676,0,0,0
297,R2,SKU_B,162,0,0,0
297,R2,SKU_C,567,0,0,0
297,R2,SKU_D,180,0,0,166
297,R2,SKU_E,387,0,0,0
297,R3,SKU_A,2120,0,0,0
297,R3,SKU_B,0,61,0,407
297,R3,SKU_C,870,0,0,0
297,R3,SKU_D,1403,0,0,832
297,R3,SKU_E,496,0,0,212
298,Supplier,SKU_A,0,0,0,0
298,Supplier,SKU_B,0,0,0,0
298,Supplier,SKU_C,0,0,0,0
298,Supplier,SKU_D,0,0,0,0
298,Supplier,SKU_E,0,0,0,0
298,W1,SKU_A,1036,0,0,848
298,W1,SKU_B,269,0,0,1267
298,W1,SKU_C,2180,0,0,909
298,W1,SKU_D,0,0,183,651
298,W1,SKU_E,1539,0,0,0
298,W2,SKU_A,1618,0,0,0
298,W2,SKU_B,737,0,0,0
298,W2,SKU_C,1896,0,0,0
298,W2,SKU_D,1697,0,0,0
298,W2,SKU_E,0,0,217,1221
298,R1,SKU_A,246,0,0,0
298,R1,SKU_B,644,0,0,0
298,R1,SKU_C,0,67,0,329
298,R1,SKU_D,386,0,0,153
298,R1,SKU_E,0,1,0,84
298,R2,SKU_A,611,0,0,744
298,R2,SKU_B,129,0,0,296
298,R2,SKU_C,531,0,0,0
298,R2,SKU_D,142,0,0,166
298,R2,SKU_E,337,0,0,0
298,R3,SKU_A,2001,0,0,0
298,R3,SKU_B,76,0,0,206
298,R3,SKU_C,761,0,0,0
298,R3,SKU_D,1310,0,0,832
298,R3,SKU_E,395,0,0,212
299,Supplier,SKU_A,0,0,0,0
299,Supplier,SKU_B,0,0,0,0
299,Supplier,SKU_C,0,0,0,0
299,Supplier,SKU_D,0,0,0,0
299,Supplier,SKU_E,0,0,0,0
299,W1,SKU_A,331,0,0,1592
299,W1,SKU_B,1536,0,0,0
299,W1,SKU_C,2505,0,0,584
299,W1,SKU_D,137,0,0,667
299,W1,SKU_E,1453,0,0,0
299,W2,SKU_A,1618,0,0,0
299,W2,SKU_B,737,0,0,0
299,W2,SKU_C,1896,0,0,0
299,W2,SKU_D,1697,0,0,0
299,W2,SKU_E,1221,0,217,0
299,R1,SKU_A,118,0,0,705
299,R1,SKU_B,586,0,0,0
299,R1,SKU_C,142,0,0,0
299,R1,SKU_D,331,0,0,336
299,R1,SKU_E,42,0,0,86
299,R2,SKU_A,536,0,0,744
299,R2,SKU_B,85,0,0,296
299,R2,SKU_C,493,0,0,0
299,R2,SKU_D,90,0,0,166
299,R2,SKU_E,291,0,0,0
299,R3,SKU_A,1802,0,0,0
299,R3,SKU_B,0,2,0,206
299,R3,SKU_C,652,0,0,0
299,R3,SKU_D,1176,0,0,832
299,R3,SKU_E,297,0,0,212
300,Supplier,SKU_A,0,0,0,0
300,Supplier,SKU_B,0,0,0,0
300,Supplier,SKU_C,0,0,0,0
300,Supplier,SKU_D,0,0,0,0
300,Supplier,SKU_E,0,0,0,0
300,W1,SKU_A,1179,0,0,1449
300,W1,SKU_B,1341,0,0,0
300,W1,SKU_C,2136,0,0,329
300,W1,SKU_D,302,0,0,502
300,W1,SKU_E,1453,0,0,0
300,W2,SKU_A,1618,0,0,0
300,W2,SKU_B,544,0,0,0
300,W2,SKU_C,811,0,0,0
300,W2,SKU_D,1697,0,0,0
300,W2,SKU_E,1004,0,0,0
300,R1,SKU_A,0,41,0,705
300,R1,SKU_B,503,0,0,195
300,R1,SKU_C,0,10,0,304
300,R1,SKU_D,400,0,0,183
300,R1,SKU_E,0,24,0,86
300,R2,SKU_A,425,0,0,744
300,R2,SKU_B,39,0,0,296
300,R2,SKU_C,437,0,0,320
300,R2,SKU_D,200,0,0,0
300,R2,SKU_E,241,0,0,0
300,R3,SKU_A,1530,0,0,0
300,R3,SKU_B,0,98,0,399
300,R3,SKU_C,435,0,0,1085
300,R3,SKU_D,1004,0,0,832
300,R3,SKU_E,404,0,0,217
301,Supplier,SKU_A,0,0,0,0
301,Supplier,SKU_B,0,0,0,0
301,Supplier,SKU_C,0,0,0,0
301,Supplier,SKU_D,0,0,0,0
301,Supplier,SKU_E,0,0,0,0
301,W1,SKU_A,1179,0,0,1449
301,W1,SKU_B,1341,0,0,0
301,W1,SKU_C,2136,0,0,953
301,W1,SKU_D,100,0,0,502
301,W1,SKU_E,850,0,0,0
301,W2,SKU_A,0,0,9,0
301,W2,SKU_B,544,0,0,0
301,W2,SKU_C,811,0,0,2093
301,W2,SKU_D,1697,0,0,0
301,W2,SKU_E,545,0,0,0
301,R1,SKU_A,481,0,0,0
301,R1,SKU_B,427,0,0,195
301,R1,SKU_C,0,139,0,304
301,R1,SKU_D,505,0,0,0
301,R1,SKU_E,12,0,0,107
301,R2,SKU_A,1080,0,0,0
301,R2,SKU_B,258,0,0,0
301,R2,SKU_C,371,0,0,320
301,R2,SKU_D,148,0,0,202
301,R2,SKU_E,186,0,0,496
301,R3,SKU_A,1270,0,0,1618
301,R3,SKU_B,60,0,0,193
301,R3,SKU_C,285,0,0,1085
301,R3,SKU_D,1715,0,0,0
301,R3,SKU_E,300,0,0,676
302,Supplier,SKU_A,0,0,0,0
302,Supplier,SKU_B,0,0,0,0
302,Supplier,SKU_C,0,0,0,0
302,Supplier,SKU_D,0,0,0,0
302,Supplier,SKU_E,0,0,0,0
302,W1,SKU_A,1179,0,0,1449
302,W1,SKU_B,1341,0,0,0
302,W1,SKU_C,1855,0,0,953
302,W1,SKU_D,100,0,0,704
302,W1,SKU_E,850,0,0,992
302,W2,SKU_A,0,0,9,3253
302,W2,SKU_B,544,0,0,0
302,W2,SKU_C,811,0,0,2093
302,W2,SKU_D,1697,0,0,0
302,W2,SKU_E,545,0,0,0
302,R1,SKU_A,379,0,0,0
302,R1,SKU_B,563,0,0,0
302,R1,SKU_C,85,0,0,281
302,R1,SKU_D,452,0,0,0
302,R1,SKU_E,0,27,0,107
302,R2,SKU_A,995,0,0,0
302,R2,SKU_B,212,0,0,0
302,R2,SKU_C,334,0,0,320
302,R2,SKU_D,102,0,0,202
302,R2,SKU_E,123,0,0,496
302,R3,SKU_A,1121,0,0,1618
302,R3,SKU_B,9,0,0,193
302,R3,SKU_C,213,0,0,1085
302,R3,SKU_D,1657,0,0,0
302,R3,SKU_E,219,0,0,676
303,Supplier,SKU_A,0,0,0,0
303,Supplier,SKU_B,0,0,0,0
303,Supplier,SKU_C,0,0,0,0
303,Supplier,SKU_D,0,0,0,0
303,Supplier,SKU_E,0,0,0,0
303,W1,SKU_A,1179,0,0,1449
303,W1,SKU_B,1123,0,0,0
303,W1,SKU_C,2184,0,0,905
303,W1,SKU_D,0,0,45,538
303,W1,SKU_E,761,0,0,992
303,W2,SKU_A,0,0,9,3253
303,W2,SKU_B,349,0,0,0
303,W2,SKU_C,811,0,0,2093
303,W2,SKU_D,1697,0,0,0
303,W2,SKU_E,545,0,0,0
303,R1,SKU_A,262,0,0,0
303,R1,SKU_B,520,0,0,218
303,R1,SKU_C,4,0,0,281
303,R1,SKU_D,402,0,0,266
303,R1,SKU_E,37,0,0,89
303,R2,SKU_A,923,0,0,0
303,R2,SKU_B,170,0,0,0
303,R2,SKU_C,612,0,0,0
303,R2,SKU_D,59,0,0,202
303,R2,SKU_E,70,0,0,496
303,R3,SKU_A,932,0,0,1618
303,R3,SKU_B,0,41,0,388
303,R3,SKU_C,137,0,0,1085
303,R3,SKU_D,1561,0,0,0
303,R3,SKU_E,160,0,0,676
304,Supplier,SKU_A,0,0,0,0
304,Supplier,SKU_B,0,0,0,0
304,Supplier,SKU_C,0,0,0,0
304,Supplier,SKU_D,0,0,0,0
304,Supplier,SKU_E,0,0,0,0
304,W1,SKU_A,1234,0,0,705
304,W1,SKU_B,835,0,0,0
304,W1,SKU_C,2184,0,0,905
304,W1,SKU_D,291,0,0,513
304,W1,SKU_E,761,0,0,992
304,W2,SKU_A,0,0,9,3253
304,W2,SKU_B,349,0,0,1323
304,W2,SKU_C,811,0,0,2093
304,W2,SKU_D,950,0,0,0
304,W2,SKU_E,545,0,0,0
304,R1,SKU_A,153,0,0,689
304,R1,SKU_B,483,0,0,218
304,R1,SKU_C,226,0,0,0
304,R1,SKU_D,360,0,0,311
304,R1,SKU_E,7,0,0,89
304,R2,SKU_A,859,0,0,0
304,R2,SKU_B,123,0,0,288
304,R2,SKU_C,578,0,0,0
304,R2,SKU_D,215,0,0,0
304,R2,SKU_E,506,0,0,0
304,R3,SKU_A,786,0,0,1618
304,R3,SKU_B,89,0,0,195
304,R3,SKU_C,1130,0,0,0
304,R3,SKU_D,1486,0,0,747
304,R3,SKU_E,296,0,0,459
305,Supplier,SKU_A,0,0,0,0
305,Supplier,SKU_B,0,0,0,0
305,Supplier,SKU_C,0,0,0,0
305,Supplier,SKU_D,0,0,0,0
305,Supplier,SKU_E,0,0,0,0
305,W1,SKU_A,1939,0,0,689
305,W1,SKU_B,835,0,0,1222
305,W1,SKU_C,2184,0,0,905
305,W1,SKU_D,104,0,0,513
305,W1,SKU_E,688,0,0,992
305,W2,SKU_A,0,0,9,3253
305,W2,SKU_B,349,0,0,1323
305,W2,SKU_C,811,0,0,2093
305,W2,SKU_D,950,0,0,1579
305,W2,SKU_E,545,0,0,0
305,R1,SKU_A,15,0,0,689
305,R1,SKU_B,649,0,0,0
305,R1,SKU_C,153,0,0,0
305,R1,SKU_D,560,0,0,45
305,R1,SKU_E,48,0,0,73
305,R2,SKU_A,771,0,0,0
305,R2,SKU_B,67,0,0,288
305,R2,SKU_C,531,0,0,0
305,R2,SKU_D,156,0,0,187
305,R2,SKU_E,458,0,0,0
305,R3,SKU_A,2240,0,0,0
305,R3,SKU_B,15,0,0,195
305,R3,SKU_C,1021,0,0,0
305,R3,SKU_D,1390,0,0,747
305,R3,SKU_E,671,0,0,0
306,Supplier,SKU_A,0,0,0,0
306,Supplier,SKU_B,0,0,0,0
306,Supplier,SKU_C,0,0,0,0
306,Supplier,SKU_D,0,0,0,0
306,Supplier,SKU_E,0,0,0,0
306,W1,SKU_A,1939,0,0,689
306,W1,SKU_B,835,0,0,1222
306,W1,SKU_C,2515,0,0,281
306,W1,SKU_D,104,0,0,700
306,W1,SKU_E,688,0,0,992
306,W2,SKU_A,0,0,9,3253
306,W2,SKU_B,162,0,0,1323
306,W2,SKU_C,811,0,0,2093
306,W2,SKU_D,950,0,0,1579
306,W2,SKU_E,136,0,0,0
306,R1,SKU_A,570,0,0,0
306,R1,SKU_B,589,0,0,0
306,R1,SKU_C,68,0,0,293
306,R1,SKU_D,549,0,0,0
306,R1,SKU_E,0,5,0,73
306,R2,SKU_A,690,0,0,0
306,R2,SKU_B,14,0,0,288
306,R2,SKU_C,494,0,0,0
306,R2,SKU_D,109,0,0,187
306,R2,SKU_E,407,0,0,0
306,R3,SKU_A,2082,0,0,0
306,R3,SKU_B,0,45,0,382
306,R3,SKU_C,913,0,0,0
306,R3,SKU_D,1274,0,0,747
306,R3,SKU_E,570,0,0,409
307,Supplier,SKU_A,0,0,0,0
307,Supplier,SKU_B,0,0,0,0
307,Supplier,SKU_C,0,0,0,0
307,Supplier,SKU_D,0,0,0,0
307,Supplier,SKU_E,0,0,0,0
307,W1,SKU_A,1939,0,0,689
307,W1,SKU_B,643,0,0,1222
307,W1,SKU_C,2196,0,0,574
307,W1,SKU_D,306,0,0,498
307,W1,SKU_E,1579,0,0,0
307,W2,SKU_A,0,0,9,3253
307,W2,SKU_B,162,0,0,1323
307,W2,SKU_C,2904,0,0,0
307,W2,SKU_D,950,0,0,1579
307,W2,SKU_E,136,0,0,1297
307,R1,SKU_A,401,0,0,0
307,R1,SKU_B,493,0,0,192
307,R1,SKU_C,0,78,0,293
307,R1,SKU_D,465,0,0,0
307,R1,SKU_E,16,0,0,101
307,R2,SKU_A,573,0,0,0
307,R2,SKU_B,237,0,0,0
307,R2,SKU_C,434,0,0,319
307,R2,SKU_D,37,0,0,187
307,R2,SKU_E,348,0,0,0
307,R3,SKU_A,1823,0,0,0
307,R3,SKU_B,89,0,0,187
307,R3,SKU_C,777,0,0,0
307,R3,SKU_D,1142,0,0,747
307,R3,SKU_E,441,0,0,409
308,Supplier,SKU_A,0,0,0,0
308,Supplier,SKU_B,0,0,0,0
308,Supplier,SKU_C,0,0,0,0
308,Supplier,SKU_D,0,0,0,0
308,Supplier,SKU_E,0,0,0,0
308,W1,SKU_A,1092,0,0,689
308,W1,SKU_B,643,0,0,1222
308,W1,SKU_C,2477,0,0,612
308,W1,SKU_D,0,0,170,498
308,W1,SKU_E,1579,0,0,0
308,W2,SKU_A,3253,0,9,0
308,W2,SKU_B,162,0,0,1323
308,W2,SKU_C,2904,0,0,0
308,W2,SKU_D,950,0,0,1579
308,W2,SKU_E,136,0,0,1297
308,R1,SKU_A,235,0,0,0
308,R1,SKU_B,387,0,0,192
308,R1,SKU_C,70,0,0,0
308,R1,SKU_D,379,0,0,298
308,R1,SKU_E,0,46,0,101
308,R2,SKU_A,464,0,0,847
308,R2,SKU_B,176,0,0,0
308,R2,SKU_C,384,0,0,319
308,R2,SKU_D,172,0,0,8
308,R2,SKU_E,304,0,0,0
308,R3,SKU_A,1606,0,0,0
308,R3,SKU_B,0,4,0,187
308,R3,SKU_C,654,0,0,0
308,R3,SKU_D,1776,0,0,0
308,R3,SKU_E,325,0,0,409
309,Supplier,SKU_A,0,0,0,0
309,Supplier,SKU_B,0,0,0,0
309,Supplier,SKU_C,0,0,0,0
309,Supplier,SKU_D,0,0,0,0
309,Supplier,SKU_E,0,0,0,0
309,W1,SKU_A,376,0,0,1536
309,W1,SKU_B,159,0,0,1222
309,W1,SKU_C,2101,0,0,612
309,W1,SKU_D,141,0,0,663
309,W1,SKU_E,1465,0,0,0
309,W2,SKU_A,3244,0,0,0
309,W2,SKU_B,0,0,52,1323
309,W2,SKU_C,1821,0,0,0
309,W2,SKU_D,950,0,0,1579
309,W2,SKU_E,136,0,0,1297
309,R1,SKU_A,128,0,0,716
309,R1,SKU_B,517,0,0,202
309,R1,SKU_C,16,0,0,376
309,R1,SKU_D,335,0,0,298
309,R1,SKU_E,13,0,0,114
309,R2,SKU_A,381,0,0,847
309,R2,SKU_B,124,0,0,282
309,R2,SKU_C,341,0,0,319
309,R2,SKU_D,121,0,0,178
309,R2,SKU_E,264,0,0,0
309,R3,SKU_A,1437,0,0,9
309,R3,SKU_B,0,68,0,349
309,R3,SKU_C,544,0,0,1083
309,R3,SKU_D,1694,0,0,0
309,R3,SKU_E,250,0,0,409
310,Supplier,SKU_A,0,0,0,0
310,Supplier,SKU_B,0,0,0,0
310,Supplier,SKU_C,0,0,0,0
310,Supplier,SKU_D,0,0,0,0
310,Supplier,SKU_E,0,0,0,0
310,W1,SKU_A,1065,0,0,1563
310,W1,SKU_B,1381,0,0,0
310,W1,SKU_C,2101,0,0,988
310,W1,SKU_D,141,0,0,663
310,W1,SKU_E,1465,0,0,0
310,W2,SKU_A,1533,0,0,0
310,W2,SKU_B,1271,0,0,0
310,W2,SKU_C,1821,0,0,0
310,W2,SKU_D,950,0,0,1579
310,W2,SKU_E,0,0,285,1297
310,R1,SKU_A,18,0,0,716
310,R1,SKU_B,476,0,0,202
310,R1,SKU_C,0,40,0,376
310,R1,SKU_D,594,0,0,0
310,R1,SKU_E,0,32,0,114
310,R2,SKU_A,277,0,0,847
310,R2,SKU_B,67,0,0,282
310,R2,SKU_C,619,0,0,0
310,R2,SKU_D,67,0,0,178
310,R2,SKU_E,203,0,0,0
310,R3,SKU_A,1258,0,0,1720
310,R3,SKU_B,56,0,0,214
310,R3,SKU_C,449,0,0,1083
310,R3,SKU_D,1621,0,0,0
310,R3,SKU_E,569,0,0,136
311,Supplier,SKU_A,0,0,0,0
311,Supplier,SKU_B,0,0,0,0
311,Supplier,SKU_C,0,0,0,0
311,Supplier,SKU_D,0,0,0,0
311,Supplier,SKU_E,0,0,0,0
311,W1,SKU_A,1065,0,0,1563
311,W1,SKU_B,1381,0,0,0
311,W1,SKU_C,2101,0,0,988
311,W1,SKU_D,171,0,0,476
311,W1,SKU_E,844,0,0,0
311,W2,SKU_A,1533,0,0,0
311,W2,SKU_B,1271,0,0,0
311,W2,SKU_C,1821,0,0,0
311,W2,SKU_D,2529,0,0,0
311,W2,SKU_E,0,0,285,1297
311,R1,SKU_A,603,0,0,0
311,R1,SKU_B,631,0,0,0
311,R1,SKU_C,265,0,0,0
311,R1,SKU_D,550,0,0,0
311,R1,SKU_E,41,0,0,87
311,R2,SKU_A,1028,0,0,0
311,R2,SKU_B,33,0,0,282
311,R2,SKU_C,573,0,0,0
311,R2,SKU_D,26,0,0,327
311,R2,SKU_E,142,0,0,534
311,R3,SKU_A,1103,0,0,1720
311,R3,SKU_B,0,1,0,214
311,R3,SKU_C,367,0,0,1083
311,R3,SKU_D,1536,0,0,0
311,R3,SKU_E,493,0,0,136
312,Supplier,SKU_A,0,0,0,0
312,Supplier,SKU_B,0,0,0,0
312,Supplier,SKU_C,0,0,0,0
312,Supplier,SKU_D,0,0,0,0
312,Supplier,SKU_E,0,0,0,0
312,W1,SKU_A,1065,0,0,1563
312,W1,SKU_B,1381,0,0,0
312,W1,SKU_C,2394,0,0,695
312,W1,SKU_D,171,0,0,633
312,W1,SKU_E,844,0,0,998
312,W2,SKU_A,1533,0,0,0
312,W2,SKU_B,1087,0,0,0
312,W2,SKU_C,1821,0,0,0
312,W2,SKU_D,1757,0,0,0
312,W2,SKU_E,0,0,285,1297
312,R1,SKU_A,466,0,0,0
312,R1,SKU_B,557,0,0,0
312,R1,SKU_C,173,0,0,0
312,R1,SKU_D,487,0,0,0
312,R1,SKU_E,0,12,0,87
312,R2,SKU_A,931,0,0,0
312,R2,SKU_B,272,0,0,0
312,R2,SKU_C,524,0,0,0
312,R2,SKU_D,143,0,0,157
312,R2,SKU_E,78,0,0,534
312,R3,SKU_A,911,0,0,1720
312,R3,SKU_B,0,92,0,398
312,R3,SKU_C,246,0,0,1083
312,R3,SKU_D,1446,0,0,772
312,R3,SKU_E,412,0,0,136
313,Supplier,SKU_A,0,0,0,0
313,Supplier,SKU_B,0,0,0,0
313,Supplier,SKU_C,0,0,0,0
313,Supplier,SKU_D,0,0,0,0
313,Supplier,SKU_E,0,0,0,0
313,W1,SKU_A,1065,0,0,1563
313,W1,SKU_B,1157,0,0,0
313,W1,SKU_C,2151,0,0,376
313,W1,SKU_D,171,0,0,633
313,W1,SKU_E,750,0,0,998
313,W2,SKU_A,1533,0,0,0
313,W2,SKU_B,1087,0,0,0
313,W2,SKU_C,1821,0,0,0
313,W2,SKU_D,1757,0,0,0
313,W2,SKU_E,1297,0,285,0
313,R1,SKU_A,357,0,0,0
313,R1,SKU_B,492,0,0,224
313,R1,SKU_C,92,0,0,273
313,R1,SKU_D,429,0,0,0
313,R1,SKU_E,11,0,0,94
313,R2,SKU_A,841,0,0,0
313,R2,SKU_B,235,0,0,0
313,R2,SKU_C,498,0,0,289
313,R2,SKU_D,89,0,0,157
313,R2,SKU_E,21,0,0,534
313,R3,SKU_A,735,0,0,1711
313,R3,SKU_B,0,19,0,236
313,R3,SKU_C,1230,0,0,0
313,R3,SKU_D,1336,0,0,772
313,R3,SKU_E,311,0,0,136
314,Supplier,SKU_A,0,0,0,0
314,Supplier,SKU_B,0,0,0,0
314,Supplier,SKU_C,0,0,0,0
314,Supplier,SKU_D,0,0,0,0
314,Supplier,SKU_E,0,0,0,0
314,W1,SKU_A,1912,0,0,716
314,W1,SKU_B,1157,0,0,0
314,W1,SKU_C,2151,0,0,938
314,W1,SKU_D,157,0,0,157
314,W1,SKU_E,750,0,0,998
314,W2,SKU_A,1533,0,0,0
314,W2,SKU_B,907,0,0,0
314,W2,SKU_C,1821,0,0,0
314,W2,SKU_D,1757,0,0,0
314,W2,SKU_E,1012,0,0,0
314,R1,SKU_A,197,0,0,0
314,R1,SKU_B,403,0,0,224
314,R1,SKU_C,0,28,0,273
314,R1,SKU_D,355,0,0,334
314,R1,SKU_E,0,51,0,94
314,R2,SKU_A,746,0,0,0
314,R2,SKU_B,166,0,0,0
314,R2,SKU_C,447,0,0,289
314,R2,SKU_D,164,0,0,156
314,R2,SKU_E,495,0,0,0
314,R3,SKU_A,2244,0,0,0
314,R3,SKU_B,0,44,0,364
314,R3,SKU_C,1092,0,0,0
314,R3,SKU_D,1219,0,0,772
314,R3,SKU_E,320,0,0,285
315,Supplier,SKU_A,0,0,0,0
315,Supplier,SKU_B,0,0,0,0
315,Supplier,SKU_C,0,0,0,0
315,Supplier,SKU_D,0,0,0,0
315,Supplier,SKU_E,0,0,0,0
315,W1,SKU_A,1874,0,0,0
315,W1,SKU_B,865,0,0,0
315,W1,SKU_C,2527,0,0,562
315,W1,SKU_D,157,0,0,647
315,W1,SKU_E,624,0,0,998
315,W2,SKU_A,1533,0,0,0
315,W2,SKU_B,907,0,0,0
315,W2,SKU_C,1821,0,0,0
315,W2,SKU_D,1757,0,0,0
315,W2,SKU_E,537,0,0,0
315,R1,SKU_A,13,0,0,754
315,R1,SKU_B,536,0,0,0
315,R1,SKU_C,98,0,0,0
315,R1,SKU_D,256,0,0,334
315,R1,SKU_E,0,23,0,126
315,R2,SKU_A,638,0,0,0
315,R2,SKU_B,110,0,0,292
315,R2,SKU_C,379,0,0,289
315,R2,SKU_D,106,0,0,156
315,R2,SKU_E,429,0,0,0
315,R3,SKU_A,2021,0,0,0
315,R3,SKU_B,0,108,0,364
315,R3,SKU_C,923,0,0,0
315,R3,SKU_D,1129,0,0,772
315,R3,SKU_E,230,0,0,760
316,Supplier,SKU_A,0,0,0,0
316,Supplier,SKU_B,0,0,0,0
316,Supplier,SKU_C,0,0,0,0
316,Supplier,SKU_D,0,0,0,0
316,Supplier,SKU_E,0,0,0,0
316,W1,SKU_A,1092,0,0,754
316,W1,SKU_B,620,0,0,1192
316,W1,SKU_C,2179,0,0,562
316,W1,SKU_D,157,0,0,647
316,W1,SKU_E,624,0,0,998
316,W2,SKU_A,1533,0,0,0
316,W2,SKU_B,907,0,0,0
316,W2,SKU_C,1821,0,0,0
316,W2,SKU_D,1757,0,0,0
316,W2,SKU_E,537,0,0,0
316,R1,SKU_A,0,101,0,754
316,R1,SKU_B,492,0,0,245
316,R1,SKU_C,41,0,0,348
316,R1,SKU_D,535,0,0,0
316,R1,SKU_E,0,74,0,126
316,R2,SKU_A,533,0,0,782
316,R2,SKU_B,59,0,0,292
316,R2,SKU_C,628,0,0,0
316,R2,SKU_D,55,0,0,156
316,R2,SKU_E,372,0,0,0
316,R3,SKU_A,1857,0,0,0
316,R3,SKU_B,0,7,0,180
316,R3,SKU_C,837,0,0,0
316,R3,SKU_D,1800,0,0,0
316,R3,SKU_E,144,0,0,760
317,Supplier,SKU_A,0,0,0,0
317,Supplier,SKU_B,0,0,0,0
317,Supplier,SKU_C,0,0,0,0
317,Supplier,SKU_D,0,0,0,0
317,Supplier,SKU_E,0,0,0,0
317,W1,SKU_A,1092,0,0,1536
317,W1,SKU_B,620,0,0,1192
317,W1,SKU_C,2179,0,0,910
317,W1,SKU_D,123,0,0,490
317,W1,SKU_E,1505,0,0,0
317,W2,SKU_A,1533,0,0,0
317,W2,SKU_B,683,0,0,0
317,W2,SKU_C,1821,0,0,0
317,W2,SKU_D,1757,0,0,0
317,W2,SKU_E,537,0,0,0
317,R1,SKU_A,545,0,0,0
317,R1,SKU_B,444,0,0,245
317,R1,SKU_C,0,21,0,348
317,R1,SKU_D,477,0,0,0
317,R1,SKU_E,12,0,0,117
317,R2,SKU_A,443,0,0,782
317,R2,SKU_B,11,0,0,292
317,R2,SKU_C,578,0,0,0
317,R2,SKU_D,173,0,0,191
317,R2,SKU_E,313,0,0,0
317,R3,SKU_A,1701,0,0,0
317,R3,SKU_B,0,68,0,404
317,R3,SKU_C,770,0,0,0
317,R3,SKU_D,1735,0,0,0
317,R3,SKU_E,52,0,0,760
318,Supplier,SKU_A,0,0,0,0
318,Supplier,SKU_B,0,0,0,0
318,Supplier,SKU_C,0,0,0,0
318,Supplier,SKU_D,0,0,0,0
318,Supplier,SKU_E,0,0,0,0
318,W1,SKU_A,1092,0,0,1536
318,W1,SKU_B,620,0,0,1192
318,W1,SKU_C,2179,0,0,910
318,W1,SKU_D,0,0,163,681
318,W1,SKU_E,1505,0,0,0
318,W2,SKU_A,1533,0,0,0
318,W2,SKU_B,683,0,0,0
318,W2,SKU_C,1821,0,0,0
318,W2,SKU_D,1757,0,0,0
318,W2,SKU_E,537,0,0,0
318,R1,SKU_A,429,0,0,0
318,R1,SKU_B,627,0,0,0
318,R1,SKU_C,261,0,0,0
318,R1,SKU_D,432,0,0,123
318,R1,SKU_E,0,30,0,117
318,R2,SKU_A,356,0,0,782
318,R2,SKU_B,247,0,0,0
318,R2,SKU_C,549,0,0,0
318,R2,SKU_D,128,0,0,191
318,R2,SKU_E,254,0,0,0
318,R3,SKU_A,1537,0,0,0
318,R3,SKU_B,45,0,0,224
318,R3,SKU_C,700,0,0,0
318,R3,SKU_D,1664,0,0,0
318,R3,SKU_E,258,0,0,475
319,Supplier,SKU_A,0,0,0,0
319,Supplier,SKU_B,0,0,0,0
319,Supplier,SKU_C,0,0,0,0
319,Supplier,SKU_D,0,0,0,0
319,Supplier,SKU_E,0,0,0,0
319,W1,SKU_A,1092,0,0,1536
319,W1,SKU_B,620,0,0,1192
319,W1,SKU_C,2741,0,0,348
319,W1,SKU_D,0,0,163,967
319,W1,SKU_E,940,0,0,0
319,W2,SKU_A,0,0,87,0
319,W2,SKU_B,683,0,0,0
319,W2,SKU_C,784,0,0,0
319,W2,SKU_D,1757,0,0,0
319,W2,SKU_E,537,0,0,0
319,R1,SKU_A,291,0,0,0
319,R1,SKU_B,570,0,0,0
319,R1,SKU_C,176,0,0,0
319,R1,SKU_D,368,0,0,123
319,R1,SKU_E,29,0,0,82
319,R2,SKU_A,1052,0,0,0
319,R2,SKU_B,204,0,0,0
319,R2,SKU_C,500,0,0,0
319,R2,SKU_D,98,0,0,191
319,R2,SKU_E,209,0,0,483
319,R3,SKU_A,1359,0,0,1533
319,R3,SKU_B,0,33,0,224
319,R3,SKU_C,610,0,0,1037
319,R3,SKU_D,1569,0,0,0
319,R3,SKU_E,642,0,0,0
320,Supplier,SKU_A,0,0,0,0
320,Supplier,SKU_B,0,0,0,0
320,Supplier,SKU_C,0,0,0,0
320,Supplier,SKU_D,0,0,0,0
320,Supplier,SKU_E,0,0,0,0
320,W1,SKU_A,1092,0,0,1536
320,W1,SKU_B,409,0,0,1192
320,W1,SKU_C,2158,0,0,348
320,W1,SKU_D,327,0,0,477
320,W1,SKU_E,940,0,0,902
320,W2,SKU_A,0,0,87,3331
320,W2,SKU_B,477,0,0,0
320,W2,SKU_C,784,0,0,2120
320,W2,SKU_D,1018,0,0,0
320,W2,SKU_E,99,0,0,0
320,R1,SKU_A,175,0,0,0
320,R1,SKU_B,500,0,0,211
320,R1,SKU_C,68,0,0,270
320,R1,SKU_D,436,0,0,163
320,R1,SKU_E,0,26,0,82
320,R2,SKU_A,973,0,0,0
320,R2,SKU_B,150,0,0,0
320,R2,SKU_C,465,0,0,313
320,R2,SKU_D,242,0,0,0
320,R2,SKU_E,166,0,0,483
320,R3,SKU_A,1162,0,0,1533
320,R3,SKU_B,0,117,0,430
320,R3,SKU_C,480,0,0,1037
320,R3,SKU_D,1482,0,0,739
320,R3,SKU_E,538,0,0,438
321,Supplier,SKU_A,0,0,0,0
321,Supplier,SKU_B,0,0,0,0
321,Supplier,SKU_C,0,0,0,0
321,Supplier,SKU_D,0,0,0,0
321,Supplier,SKU_E,0,0,0,0
321,W1,SKU_A,1070,0,0,782
321,W1,SKU_B,1293,0,0,0
321,W1,SKU_C,2158,0,0,931
321,W1,SKU_D,167,0,0,477
321,W1,SKU_E,827,0,0,902
321,W2,SKU_A,0,0,87,3331
321,W2,SKU_B,477,0,0,1195
321,W2,SKU_C,784,0,0,2120
321,W2,SKU_D,1018,0,0,1511
321,W2,SKU_E,99,0,0,1334
321,R1,SKU_A,11,0,0,776
321,R1,SKU_B,397,0,0,211
321,R1,SKU_C,0,71,0,270
321,R1,SKU_D,346,0,0,163
321,R1,SKU_E,0,9,0,113
321,R2,SKU_A,848,0,0,0
321,R2,SKU_B,96,0,0,308
321,R2,SKU_C,416,0,0,313
321,R2,SKU_D,172,0,0,160
321,R2,SKU_E,93,0,0,483
321,R3,SKU_A,943,0,0,1533
321,R3,SKU_B,3,0,0,206
321,R3,SKU_C,338,0,0,1037
321,R3,SKU_D,1354,0,0,739
321,R3,SKU_E,421,0,0,438
322,Supplier,SKU_A,0,0,0,0
322,Supplier,SKU_B,0,0,0,0
322,Supplier,SKU_C,0,0,0,0
322,Supplier,SKU_D,0,0,0,0
322,Supplier,SKU_E,0,0,0,0
322,W1,SKU_A,1852,0,0,776
322,W1,SKU_B,1120,0,0,0
322,W1,SKU_C,2506,0,0,583
322,W1,SKU_D,167,0,0,637
322,W1,SKU_E,827,0,0,902
322,W2,SKU_A,0,0,87,3331
322,W2,SKU_B,289,0,0,1195
322,W2,SKU_C,784,0,0,2120
322,W2,SKU_D,1018,0,0,1511
322,W2,SKU_E,99,0,0,1334
322,R1,SKU_A,0,134,0,776
322,R1,SKU_B,542,0,0,173
322,R1,SKU_C,77,0,0,0
322,R1,SKU_D,428,0,0,0
322,R1,SKU_E,0,81,0,113
322,R2,SKU_A,726,0,0,0
322,R2,SKU_B,57,0,0,308
322,R2,SKU_C,367,0,0,313
322,R2,SKU_D,116,0,0,160
322,R2,SKU_E,517,0,0,0
322,R3,SKU_A,729,0,0,1533
322,R3,SKU_B,0,78,0,394
322,R3,SKU_C,185,0,0,1037
322,R3,SKU_D,1214,0,0,739
322,R3,SKU_E,331,0,0,438
323,Supplier,SKU_A,0,0,0,0
323,Supplier,SKU_B,0,0,0,0
323,Supplier,SKU_C,0,0,0,0
323,Supplier,SKU_D,0,0,0,0
323,Supplier,SKU_E,0,0,0,0
323,W1,SKU_A,1852,0,0,776
323,W1,SKU_B,1120,0,0,0
323,W1,SKU_C,2137,0,0,583
323,W1,SKU_D,23,0,0,446
323,W1,SKU_E,690,0,0,902
323,W2,SKU_A,0,0,87,3331
323,W2,SKU_B,289,0,0,1195
323,W2,SKU_C,784,0,0,2120
323,W2,SKU_D,1018,0,0,1511
323,W2,SKU_E,99,0,0,1334
323,R1,SKU_A,512,0,0,0
323,R1,SKU_B,481,0,0,173
323,R1,SKU_C,0,6,0,369
323,R1,SKU_D,355,0,0,335
323,R1,SKU_E,0,23,0,137
323,R2,SKU_A,645,0,0,0
323,R2,SKU_B,8,0,0,308
323,R2,SKU_C,634,0,0,0
323,R2,SKU_D,65,0,0,160
323,R2,SKU_E,466,0,0,0
323,R3,SKU_A,2070,0,0,0
323,R3,SKU_B,0,154,0,394
323,R3,SKU_C,1101,0,0,0
323,R3,SKU_D,1117,0,0,739
323,R3,SKU_E,254,0,0,438
324,Supplier,SKU_A,0,0,0,0
324,Supplier,SKU_B,0,0,0,0
324,Supplier,SKU_C,0,0,0,0
324,Supplier,SKU_D,0,0,0,0
324,Supplier,SKU_E,0,0,0,0
324,W1,SKU_A,1077,0,0,776
324,W1,SKU_B,1120,0,0,0
324,W1,SKU_C,2137,0,0,952
324,W1,SKU_D,132,0,0,495
324,W1,SKU_E,690,0,0,902
324,W2,SKU_A,0,0,87,3331
324,W2,SKU_B,289,0,0,1195
324,W2,SKU_C,784,0,0,2120
324,W2,SKU_D,1018,0,0,1511
324,W2,SKU_E,0,0,289,1334
324,R1,SKU_A,396,0,0,0
324,R1,SKU_B,597,0,0,0
324,R1,SKU_C,0,92,0,369
324,R1,SKU_D,305,0,0,335
324,R1,SKU_E,0,82,0,137
324,R2,SKU_A,581,0,0,775
324,R2,SKU_B,268,0,0,0
324,R2,SKU_C,600,0,0,0
324,R2,SKU_D,185,0,0,177
324,R2,SKU_E,399,0,0,0
324,R3,SKU_A,1887,0,0,0
324,R3,SKU_B,0,7,0,188
324,R3,SKU_C,968,0,0,0
324,R3,SKU_D,1764,0,0,0
324,R3,SKU_E,618,0,0,99
325,Supplier,SKU_A,0,0,0,0
325,Supplier,SKU_B,0,0,0,0
325,Supplier,SKU_C,0,0,0,0
325,Supplier,SKU_D,0,0,0,0
325,Supplier,SKU_E,0,0,0,0
325,W1,SKU_A,1077,0,0,1551
325,W1,SKU_B,936,0,0,0
325,W1,SKU_C,2137,0,0,952
325,W1,SKU_D,132,0,0,672
325,W1,SKU_E,1478,0,0,0
325,W2,SKU_A,0,0,87,3331
325,W2,SKU_B,73,0,0,1195
325,W2,SKU_C,784,0,0,2120
325,W2,SKU_D,1018,0,0,1511
325,W2,SKU_E,0,0,289,1334
325,R1,SKU_A,287,0,0,0
325,R1,SKU_B,547,0,0,184
325,R1,SKU_C,213,0,0,0
325,R1,SKU_D,586,0,0,0
325,R1,SKU_E,19,0,0,114
325,R2,SKU_A,504,0,0,775
325,R2,SKU_B,216,0,0,0
325,R2,SKU_C,540,0,0,0
325,R2,SKU_D,145,0,0,177
325,R2,SKU_E,346,0,0,0
325,R3,SKU_A,1719,0,0,0
325,R3,SKU_B,0,68,0,404
325,R3,SKU_C,867,0,0,0
325,R3,SKU_D,1669,0,0,0
325,R3,SKU_E,543,0,0,99
326,Supplier,SKU_A,0,0,0,0
326,Supplier,SKU_B,0,0,0,0
326,Supplier,SKU_C,0,0,0,0
326,Supplier,SKU_D,0,0,0,0
326,Supplier,SKU_E,0,0,0,0
326,W1,SKU_A,413,0,0,1551
326,W1,SKU_B,936,0,0,1121
326,W1,SKU_C,2720,0,0,369
326,W1,SKU_D,132,0,0,672
326,W1,SKU_E,1478,0,0,0
326,W2,SKU_A,3331,0,87,0
326,W2,SKU_B,73,0,0,1195
326,W2,SKU_C,2904,0,0,0
326,W2,SKU_D,1018,0,0,1511
326,W2,SKU_E,0,0,289,1334
326,R1,SKU_A,161,0,0,664
326,R1,SKU_B,499,0,0,184
326,R1,SKU_C,130,0,0,0
326,R1,SKU_D,528,0,0,0
326,R1,SKU_E,0,25,0,114
326,R2,SKU_A,412,0,0,775
326,R2,SKU_B,155,0,0,0
326,R2,SKU_C,470,0,0,0
326,R2,SKU_D,100,0,0,177
326,R2,SKU_E,299,0,0,0
326,R3,SKU_A,1544,0,0,0
326,R3,SKU_B,57,0,0,216
326,R3,SKU_C,734,0,0,0
326,R3,SKU_D,1602,0,0,0
326,R3,SKU_E,453,0,0,99
327,Supplier,SKU_A,0,0,0,0
327,Supplier,SKU_B,0,0,0,0
327,Supplier,SKU_C,0,0,0,0
327,Supplier,SKU_D,0,0,0,0
327,Supplier,SKU_E,0,0,0,0
327,W1,SKU_A,1189,0,0,1439
327,W1,SKU_B,633,0,0,1121
327,W1,SKU_C,2061,0,0,369
327,W1,SKU_D,292,0,0,512
327,W1,SKU_E,1398,0,0,0
327,W2,SKU_A,3244,0,0,0
327,W2,SKU_B,1268,0,0,0
327,W2,SKU_C,1901,0,0,0
327,W2,SKU_D,2529,0,0,0
327,W2,SKU_E,1045,0,0,0
327,R1,SKU_A,44,0,0,664
327,R1,SKU_B,622,0,0,0
327,R1,SKU_C,35,0,0,316
327,R1,SKU_D,463,0,0,0
327,R1,SKU_E,47,0,0,80
327,R2,SKU_A,1123,0,0,0
327,R2,SKU_B,104,0,0,303
327,R2,SKU_C,407,0,0,343
327,R2,SKU_D,230,0,0,0
327,R2,SKU_E,242,0,0,0
327,R3,SKU_A,1358,0,0,87
327,R3,SKU_B,0,27,0,216
327,R3,SKU_C,607,0,0,1003
327,R3,SKU_D,1486,0,0,0
327,R3,SKU_E,361,0,0,388
328,Supplier,SKU_A,0,0,0,0
328,Supplier,SKU_B,0,0,0,0
328,Supplier,SKU_C,0,0,0,0
328,Supplier,SKU_D,0,0,0,0
328,Supplier,SKU_E,0,0,0,0
328,W1,SKU_A,1189,0,0,1439
328,W1,SKU_B,633,0,0,1121
328,W1,SKU_C,2061,0,0,1028
328,W1,SKU_D,0,0,180,512
328,W1,SKU_E,903,0,0,0
328,W2,SKU_A,1532,0,0,0
328,W2,SKU_B,1060,0,0,0
328,W2,SKU_C,1901,0,0,0
328,W2,SKU_D,1707,0,0,0
328,W2,SKU_E,1045,0,0,0
328,R1,SKU_A,579,0,0,0
328,R1,SKU_B,543,0,0,0
328,R1,SKU_C,0,78,0,316
328,R1,SKU_D,406,0,0,292
328,R1,SKU_E,0,9,0,80
328,R2,SKU_A,1025,0,0,0
328,R2,SKU_B,41,0,0,303
328,R2,SKU_C,328,0,0,343
328,R2,SKU_D,165,0,0,0
328,R2,SKU_E,185,0,0,495
328,R3,SKU_A,1166,0,0,1799
328,R3,SKU_B,0,100,0,424
328,R3,SKU_C,461,0,0,1003
328,R3,SKU_D,1375,0,0,822
328,R3,SKU_E,356,0,0,289
329,Supplier,SKU_A,0,0,0,0
329,Supplier,SKU_B,0,0,0,0
329,Supplier,SKU_C,0,0,0,0
329,Supplier,SKU_D,0,0,0,0
329,Supplier,SKU_E,0,0,0,0
329,W1,SKU_A,1189,0,0,1439
329,W1,SKU_B,395,0,0,1121
329,W1,SKU_C,2430,0,0,659
329,W1,SKU_D,155,0,0,649
329,W1,SKU_E,805,0,0,939
329,W2,SKU_A,1532,0,0,0
329,W2,SKU_B,1060,0,0,0
329,W2,SKU_C,1901,0,0,0
329,W2,SKU_D,1707,0,0,0
329,W2,SKU_E,610,0,0,0
329,R1,SKU_A,463,0,0,0
329,R1,SKU_B,471,0,0,238
329,R1,SKU_C,123,0,0,0
329,R1,SKU_D,346,0,0,300
329,R1,SKU_E,3,0,0,98
329,R2,SKU_A,917,0,0,0
329,R2,SKU_B,0,17,0,303
329,R2,SKU_C,264,0,0,343
329,R2,SKU_D,115,0,0,172
329,R2,SKU_E,122,0,0,495
329,R3,SKU_A,956,0,0,1799
329,R3,SKU_B,37,0,0,208
329,R3,SKU_C,350,0,0,1003
329,R3,SKU_D,1296,0,0,822
329,R3,SKU_E,256,0,0,724
330,Supplier,SKU_A,0,0,0,0
330,Supplier,SKU_B,0,0,0,0
330,Supplier,SKU_C,0,0,0,0
330,Supplier,SKU_D,0,0,0,0
330,Supplier,SKU_E,0,0,0,0
330,W1,SKU_A,1964,0,0,664
330,W1,SKU_B,395,0,0,1121
330,W1,SKU_C,2107,0,0,659
330,W1,SKU_D,332,0,0,472
330,W1,SKU_E,805,0,0,939
330,W2,SKU_A,1532,0,0,0
330,W2,SKU_B,1060,0,0,0
330,W2,SKU_C,1901,0,0,0
330,W2,SKU_D,1707,0,0,0
330,W2,SKU_E,610,0,0,0
330,R1,SKU_A,365,0,0,0
330,R1,SKU_B,434,0,0,238
330,R1,SKU_C,69,0,0,323
330,R1,SKU_D,600,0,0,8
330,R1,SKU_E,0,35,0,98
330,R2,SKU_A,850,0,0,0
330,R2,SKU_B,238,0,0,0
330,R2,SKU_C,566,0,0,0
330,R2,SKU_D,71,0,0,172
330,R2,SKU_E,89,0,0,495
330,R3,SKU_A,808,0,0,1799
330,R3,SKU_B,0,10,0,208
330,R3,SKU_C,263,0,0,1003
330,R3,SKU_D,1224,0,0,822
330,R3,SKU_E,167,0,0,724
331,Supplier,SKU_A,0,0,0,0
331,Supplier,SKU_B,0,0,0,0
331,Supplier,SKU_C,0,0,0,0
331,Supplier,SKU_D,0,0,0,0
331,Supplier,SKU_E,0,0,0,0
331,W1,SKU_A,1964,0,0,664
331,W1,SKU_B,1516,0,0,0
331,W1,SKU_C,2107,0,0,982
331,W1,SKU_D,173,0,0,472
331,W1,SKU_E,699,0,0,939
331,W2,SKU_A,1532,0,0,0
331,W2,SKU_B,861,0,0,0
331,W2,SKU_C,1901,0,0,0
331,W2,SKU_D,1707,0,0,0
331,W2,SKU_E,610,0,0,0
331,R1,SKU_A,260,0,0,0
331,R1,SKU_B,625,0,0,0
331,R1,SKU_C,11,0,0,323
331,R1,SKU_D,546,0,0,0
331,R1,SKU_E,27,0,0,106
331,R2,SKU_A,757,0,0,0
331,R2,SKU_B,180,0,0,0
331,R2,SKU_C,498,0,0,0
331,R2,SKU_D,27,0,0,331
331,R2,SKU_E,527,0,0,0
331,R3,SKU_A,758,0,0,1712
331,R3,SKU_B,0,73,0,407
331,R3,SKU_C,1186,0,0,0
331,R3,SKU_D,1151,0,0,822
331,R3,SKU_E,363,0,0,435
332,Supplier,SKU_A,0,0,0,0
332,Supplier,SKU_B,0,0,0,0
332,Supplier,SKU_C,0,0,0,0
332,Supplier,SKU_D,0,0,0,0
332,Supplier,SKU_E,0,0,0,0
332,W1,SKU_A,1937,0,0,0
332,W1,SKU_B,1238,0,0,0
332,W1,SKU_C,1792,0,0,982
332,W1,SKU_D,173,0,0,631
332,W1,SKU_E,699,0,0,939
332,W2,SKU_A,1532,0,0,0
332,W2,SKU_B,861,0,0,0
332,W2,SKU_C,1901,0,0,0
332,W2,SKU_D,1707,0,0,0
332,W2,SKU_E,610,0,0,0
332,R1,SKU_A,121,0,0,691
332,R1,SKU_B,567,0,0,0
332,R1,SKU_C,250,0,0,0
332,R1,SKU_D,479,0,0,0
332,R1,SKU_E,0,6,0,106
332,R2,SKU_A,666,0,0,0
332,R2,SKU_B,138,0,0,278
332,R2,SKU_C,447,0,0,315
332,R2,SKU_D,161,0,0,159
332,R2,SKU_E,474,0,0,0
332,R3,SKU_A,2339,0,0,0
332,R3,SKU_B,74,0,0,199
332,R3,SKU_C,1129,0,0,0
332,R3,SKU_D,1903,0,0,0
332,R3,SKU_E,292,0,0,435
333,Supplier,SKU_A,0,0,0,0
333,Supplier,SKU_B,0,0,0,0
333,Supplier,SKU_C,0,0,0,0
333,Supplier,SKU_D,0,0,0,0
333,Supplier,SKU_E,0,0,0,0
333,W1,SKU_A,1183,0,0,691
333,W1,SKU_B,1024,0,0,0
333,W1,SKU_C,2451,0,0,638
333,W1,SKU_D,0,0,111,631
333,W1,SKU_E,699,0,0,939
333,W2,SKU_A,1532,0,0,0
333,W2,SKU_B,861,0,0,0
333,W2,SKU_C,1901,0,0,0
333,W2,SKU_D,1707,0,0,0
333,W2,SKU_E,610,0,0,0
333,R1,SKU_A,0,13,0,691
333,R1,SKU_B,534,0,0,214
333,R1,SKU_C,161,0,0,0
333,R1,SKU_D,408,0,0,173
333,R1,SKU_E,58,0,0,0
333,R2,SKU_A,561,0,0,754
333,R2,SKU_B,85,0,0,278
333,R2,SKU_C,405,0,0,315
333,R2,SKU_D,119,0,0,159
333,R2,SKU_E,428,0,0,0
333,R3,SKU_A,2187,0,0,0
333,R3,SKU_B,10,0,0,199
333,R3,SKU_C,1042,0,0,0
333,R3,SKU_D,1820,0,0,0
333,R3,SKU_E,655,0,0,0
334,Supplier,SKU_A,0,0,0,0
334,Supplier,SKU_B,0,0,0,0
334,Supplier,SKU_C,0,0,0,0
334,Supplier,SKU_D,0,0,0,0
334,Supplier,SKU_E,0,0,0,0
334,W1,SKU_A,1183,0,0,1445
334,W1,SKU_B,1024,0,0,0
334,W1,SKU_C,2166,0,0,638
334,W1,SKU_D,361,0,0,443
334,W1,SKU_E,1527,0,0,0
334,W2,SKU_A,1532,0,0,0
334,W2,SKU_B,673,0,0,0
334,W2,SKU_C,1901,0,0,0
334,W2,SKU_D,1707,0,0,0
334,W2,SKU_E,185,0,0,0
334,R1,SKU_A,512,0,0,0
334,R1,SKU_B,450,0,0,214
334,R1,SKU_C,52,0,0,285
334,R1,SKU_D,321,0,0,284
334,R1,SKU_E,6,0,0,111
334,R2,SKU_A,457,0,0,754
334,R2,SKU_B,19,0,0,278
334,R2,SKU_C,332,0,0,315
334,R2,SKU_D,204,0,0,0
334,R2,SKU_E,365,0,0,0
334,R3,SKU_A,1953,0,0,0
334,R3,SKU_B,0,94,0,387
334,R3,SKU_C,839,0,0,0
334,R3,SKU_D,1688,0,0,0
334,R3,SKU_E,545,0,0,425
335,Supplier,SKU_A,0,0,0,0
335,Supplier,SKU_B,0,0,0,0
335,Supplier,SKU_C,0,0,0,0
335,Supplier,SKU_D,0,0,0,0
335,Supplier,SKU_E,0,0,0,0
335,W1,SKU_A,1183,0,0,1445
335,W1,SKU_B,1024,0,0,0
335,W1,SKU_C,2166,0,0,923
335,W1,SKU_D,163,0,0,443
335,W1,SKU_E,1527,0,0,0
335,W2,SKU_A,1532,0,0,0
335,W2,SKU_B,673,0,0,0
335,W2,SKU_C,1901,0,0,0
335,W2,SKU_D,1707,0,0,0
335,W2,SKU_E,185,0,0,1248
335,R1,SKU_A,280,0,0,0
335,R1,SKU_B,552,0,0,0
335,R1,SKU_C,0,142,0,285
335,R1,SKU_D,402,0,0,111
335,R1,SKU_E,0,67,0,111
335,R2,SKU_A,318,0,0,754
335,R2,SKU_B,218,0,0,0
335,R2,SKU_C,557,0,0,0
335,R2,SKU_D,135,0,0,198
335,R2,SKU_E,288,0,0,0
335,R3,SKU_A,1689,0,0,0
335,R3,SKU_B,14,0,0,188
335,R3,SKU_C,694,0,0,0
335,R3,SKU_D,1521,0,0,0
335,R3,SKU_E,405,0,0,425
336,Supplier,SKU_A,0,0,0,0
336,Supplier,SKU_B,0,0,0,0
336,Supplier,SKU_C,0,0,0,0
336,Supplier,SKU_D,0,0,0,0
336,Supplier,SKU_E,0,0,0,0
336,W1,SKU_A,512,0,0,1445
336,W1,SKU_B,795,0,0,0
336,W1,SKU_C,2186,0,0,600
336,W1,SKU_D,163,0,0,641
336,W1,SKU_E,1402,0,0,0
336,W2,SKU_A,1532,0,0,0
336,W2,SKU_B,478,0,0,0
336,W2,SKU_C,858,0,0,0
336,W2,SKU_D,920,0,0,0
336,W2,SKU_E,185,0,0,1248
336,R1,SKU_A,72,0,0,671
336,R1,SKU_B,461,0,0,229
336,R1,SKU_C,0,21,0,303
336,R1,SKU_D,407,0,0,0
336,R1,SKU_E,0,19,0,125
336,R2,SKU_A,919,0,0,0
336,R2,SKU_B,169,0,0,0
336,R2,SKU_C,472,0,0,0
336,R2,SKU_D,78,0,0,198
336,R2,SKU_E,232,0,0,0
336,R3,SKU_A,1471,0,0,0
336,R3,SKU_B,0,53,0,383
336,R3,SKU_C,561,0,0,1043
336,R3,SKU_D,1366,0,0,787
336,R3,SKU_E,300,0,0,425
337,Supplier,SKU_A,0,0,0,0
337,Supplier,SKU_B,0,0,0,0
337,Supplier,SKU_C,0,0,0,0
337,Supplier,SKU_D,0,0,0,0
337,Supplier,SKU_E,0,0,0,0
337,W1,SKU_A,512,0,0,2116
337,W1,SKU_B,506,0,0,1262
337,W1,SKU_C,1845,0,0,903
337,W1,SKU_D,0,0,34,482
337,W1,SKU_E,897,0,0,0
337,W2,SKU_A,0,0,154,0
337,W2,SKU_B,478,0,0,1194
337,W2,SKU_C,858,0,0,2046
337,W2,SKU_D,920,0,0,1609
337,W2,SKU_E,0,0,170,1248
337,R1,SKU_A,0,50,0,671
337,R1,SKU_B,427,0,0,229
337,R1,SKU_C,0,82,0,303
337,R1,SKU_D,343,0,0,322
337,R1,SKU_E,0,53,0,125
337,R2,SKU_A,835,0,0,0
337,R2,SKU_B,123,0,0,289
337,R2,SKU_C,421,0,0,341
337,R2,SKU_D,27,0,0,198
337,R2,SKU_E,184,0,0,505
337,R3,SKU_A,1338,0,0,1532
337,R3,SKU_B,0,95,0,383
337,R3,SKU_C,474,0,0,1043
337,R3,SKU_D,1291,0,0,787
337,R3,SKU_E,231,0,0,610
338,Supplier,SKU_A,0,0,0,0
338,Supplier,SKU_B,0,0,0,0
338,Supplier,SKU_C,0,0,0,0
338,Supplier,SKU_D,0,0,0,0
338,Supplier,SKU_E,0,0,0,0
338,W1,SKU_A,1203,0,0,1425
338,W1,SKU_B,506,0,0,1262
338,W1,SKU_C,2160,0,0,929
338,W1,SKU_D,0,0,211,838
338,W1,SKU_E,800,0,0,945
338,W2,SKU_A,0,0,154,3398
338,W2,SKU_B,478,0,0,1194
338,W2,SKU_C,858,0,0,2046
338,W2,SKU_D,920,0,0,1609
338,W2,SKU_E,0,0,170,1248
338,R1,SKU_A,531,0,0,0
338,R1,SKU_B,609,0,0,0
338,R1,SKU_C,149,0,0,0
338,R1,SKU_D,292,0,0,322
338,R1,SKU_E,29,0,0,97
338,R2,SKU_A,756,0,0,0
338,R2,SKU_B,71,0,0,289
338,R2,SKU_C,372,0,0,341
338,R2,SKU_D,193,0,0,0
338,R2,SKU_E,148,0,0,505
338,R3,SKU_A,1217,0,0,1532
338,R3,SKU_B,16,0,0,195
338,R3,SKU_C,410,0,0,1043
338,R3,SKU_D,1210,0,0,787
338,R3,SKU_E,576,0,0,185
339,Supplier,SKU_A,0,0,0,0
339,Supplier,SKU_B,0,0,0,0
339,Supplier,SKU_C,0,0,0,0
339,Supplier,SKU_D,0,0,0,0
339,Supplier,SKU_E,0,0,0,0
339,W1,SKU_A,1957,0,0,671
339,W1,SKU_B,334,0,0,1262
339,W1,SKU_C,1863,0,0,929
339,W1,SKU_D,73,0,0,731
339,W1,SKU_E,800,0,0,945
339,W2,SKU_A,0,0,154,3398
339,W2,SKU_B,292,0,0,1194
339,W2,SKU_C,858,0,0,2046
339,W2,SKU_D,920,0,0,1609
339,W2,SKU_E,0,0,170,1248
339,R1,SKU_A,430,0,0,0
339,R1,SKU_B,562,0,0,172
339,R1,SKU_C,84,0,0,297
339,R1,SKU_D,570,0,0,34
339,R1,SKU_E,0,10,0,97
339,R2,SKU_A,690,0,0,0
339,R2,SKU_B,24,0,0,289
339,R2,SKU_C,326,0,0,341
339,R2,SKU_D,154,0,0,177
339,R2,SKU_E,93,0,0,505
339,R3,SKU_A,1084,0,0,1532
339,R3,SKU_B,0,37,0,381
339,R3,SKU_C,354,0,0,1043
339,R3,SKU_D,1138,0,0,787
339,R3,SKU_E,503,0,0,185
340,Supplier,SKU_A,0,0,0,0
340,Supplier,SKU_B,0,0,0,0
340,Supplier,SKU_C,0,0,0,0
340,Supplier,SKU_D,0,0,0,0
340,Supplier,SKU_E,0,0,0,0
340,W1,SKU_A,1957,0,0,671
340,W1,SKU_B,334,0,0,1262
340,W1,SKU_C,2148,0,0,941
340,W1,SKU_D,73,0,0,731
340,W1,SKU_E,718,0,0,945
340,W2,SKU_A,0,0,154,3398
340,W2,SKU_B,292,0,0,1194
340,W2,SKU_C,858,0,0,2046
340,W2,SKU_D,920,0,0,1609
340,W2,SKU_E,0,0,170,1248
340,R1,SKU_A,321,0,0,0
340,R1,SKU_B,509,0,0,172
340,R1,SKU_C,0,13,0,297
340,R1,SKU_D,502,0,0,34
340,R1,SKU_E,52,0,0,82
340,R2,SKU_A,620,0,0,0
340,R2,SKU_B,274,0,0,0
340,R2,SKU_C,628,0,0,0
340,R2,SKU_D,122,0,0,177
340,R2,SKU_E,542,0,0,0
340,R3,SKU_A,931,0,0,1532
340,R3,SKU_B,104,0,0,186
340,R3,SKU_C,1298,0,0,0
340,R3,SKU_D,1838,0,0,0
340,R3,SKU_E,429,0,0,185
341,Supplier,SKU_A,0,0,0,0
341,Supplier,SKU_B,0,0,0,0
341,Supplier,SKU_C,0,0,0,0
341,Supplier,SKU_D,0,0,0,0
341,Supplier,SKU_E,0,0,0,0
341,W1,SKU_A,1157,0,0,671
341,W1,SKU_B,334,0,0,1262
341,W1,SKU_C,2148,0,0,941
341,W1,SKU_D,271,0,0,533
341,W1,SKU_E,718,0,0,945
341,W2,SKU_A,0,0,154,3398
341,W2,SKU_B,292,0,0,1194
341,W2,SKU_C,858,0,0,2046
341,W2,SKU_D,920,0,0,1609
341,W2,SKU_E,1248,0,170,0
341,R1,SKU_A,202,0,0,0
341,R1,SKU_B,585,0,0,0
341,R1,SKU_C,178,0,0,0
341,R1,SKU_D,466,0,0,0
341,R1,SKU_E,0,18,0,82
341,R2,SKU_A,509,0,0,800
341,R2,SKU_B,214,0,0,0
341,R2,SKU_C,568,0,0,0
341,R2,SKU_D,61,0,0,177
341,R2,SKU_E,472,0,0,0
341,R3,SKU_A,2288,0,0,0
341,R3,SKU_B,29,0,0,186
341,R3,SKU_C,1204,0,0,0
341,R3,SKU_D,1744,0,0,0
341,R3,SKU_E,517,0,0,0
342,Supplier,SKU_A,0,0,0,0
342,Supplier,SKU_B,0,0,0,0
342,Supplier,SKU_C,0,0,0,0
342,Supplier,SKU_D,0,0,0,0
342,Supplier,SKU_E,0,0,0,0
342,W1,SKU_A,1079,0,0,800
342,W1,SKU_B,1400,0,0,0
342,W1,SKU_C,2183,0,0,638
342,W1,SKU_D,0,0,190,533
342,W1,SKU_E,613,0,0,945
342,W2,SKU_A,0,0,154,3398
342,W2,SKU_B,110,0,0,1194
342,W2,SKU_C,858,0,0,2046
342,W2,SKU_D,920,0,0,1609
342,W2,SKU_E,685,0,0,0
342,R1,SKU_A,20,0,0,749
342,R1,SKU_B,486,0,0,196
342,R1,SKU_C,18,0,0,268
342,R1,SKU_D,366,0,0,271
342,R1,SKU_E,0,3,0,105
342,R2,SKU_A,400,0,0,800
342,R2,SKU_B,138,0,0,0
342,R2,SKU_C,494,0,0,0
342,R2,SKU_D,168,0,0,0
342,R2,SKU_E,401,0,0,0
342,R3,SKU_A,2094,0,0,0
342,R3,SKU_B,0,53,0,368
342,R3,SKU_C,1038,0,0,0
342,R3,SKU_D,1594,0,0,0
342,R3,SKU_E,403,0,0,563
343,Supplier,SKU_A,0,0,0,0
343,Supplier,SKU_B,0,0,0,0
343,Supplier,SKU_C,0,0,0,0
343,Supplier,SKU_D,0,0,0,0
343,Supplier,SKU_E,0,0,0,0
343,W1,SKU_A,1079,0,0,1549
343,W1,SKU_B,1080,0,0,0
343,W1,SKU_C,2205,0,0,565
343,W1,SKU_D,166,0,0,638
343,W1,SKU_E,1558,0,0,0
343,W2,SKU_A,0,0,154,3398
343,W2,SKU_B,1304,0,0,0
343,W2,SKU_C,2904,0,0,0
343,W2,SKU_D,2529,0,0,0
343,W2,SKU_E,685,0,0,0
343,R1,SKU_A,0,159,0,749
343,R1,SKU_B,393,0,0,196
343,R1,SKU_C,0,122,0,268
343,R1,SKU_D,273,0,0,297
343,R1,SKU_E,0,78,0,105
343,R2,SKU_A,289,0,0,800
343,R2,SKU_B,65,0,0,320
343,R2,SKU_C,417,0,0,319
343,R2,SKU_D,114,0,0,164
343,R2,SKU_E,335,0,0,0
343,R3,SKU_A,1878,0,0,0
343,R3,SKU_B,49,0,0,182
343,R3,SKU_C,900,0,0,0
343,R3,SKU_D,1454,0,0,0
343,R3,SKU_E,291,0,0,563
344,Supplier,SKU_A,0,0,0,0
344,Supplier,SKU_B,0,0,0,0
344,Supplier,SKU_C,0,0,0,0
344,Supplier,SKU_D,0,0,0,0
344,Supplier,SKU_E,0,0,0,0
344,W1,SKU_A,1079,0,0,1549
344,W1,SKU_B,888,0,0,0
344,W1,SKU_C,1905,0,0,884
344,W1,SKU_D,343,0,0,461
344,W1,SKU_E,1416,0,0,0
344,W2,SKU_A,3244,0,0,0
344,W2,SKU_B,1138,0,0,0
344,W2,SKU_C,2904,0,0,0
344,W2,SKU_D,1675,0,0,0
344,W2,SKU_E,685,0,0,0
344,R1,SKU_A,462,0,0,0
344,R1,SKU_B,526,0,0,192
344,R1,SKU_C,51,0,0,300
344,R1,SKU_D,488,0,0,26
344,R1,SKU_E,0,22,0,142
344,R2,SKU_A,998,0,0,0
344,R2,SKU_B,11,0,0,320
344,R2,SKU_C,353,0,0,319
344,R2,SKU_D,65,0,0,164
344,R2,SKU_E,279,0,0,0
344,R3,SKU_A,1735,0,0,154
344,R3,SKU_B,0,22,0,348
344,R3,SKU_C,831,0,0,0
344,R3,SKU_D,1362,0,0,854
344,R3,SKU_E,216,0,0,563
345,Supplier,SKU_A,0,0,0,0
345,Supplier,SKU_B,0,0,0,0
345,Supplier,SKU_C,0,0,0,0
345,Supplier,SKU_D,0,0,0,0
345,Supplier,SKU_E,0,0,0,0
345,W1,SKU_A,1079,0,0,1549
345,W1,SKU_B,888,0,0,1169
345,W1,SKU_C,2202,0,0,887
345,W1,SKU_D,170,0,0,461
345,W1,SKU_E,1416,0,0,0
345,W2,SKU_A,3244,0,0,0
345,W2,SKU_B,1138,0,0,0
345,W2,SKU_C,2904,0,0,0
345,W2,SKU_D,1675,0,0,0
345,W2,SKU_E,685,0,0,0
345,R1,SKU_A,312,0,0,0
345,R1,SKU_B,454,0,0,192
345,R1,SKU_C,0,52,0,300
345,R1,SKU_D,447,0,0,0
345,R1,SKU_E,0,64,0,142
345,R2,SKU_A,903,0,0,0
345,R2,SKU_B,0,55,0,320
345,R2,SKU_C,297,0,0,319
345,R2,SKU_D,17,0,0,337
345,R2,SKU_E,228,0,0,0
345,R3,SKU_A,1569,0,0,154
345,R3,SKU_B,0,94,0,348
345,R3,SKU_C,739,0,0,0
345,R3,SKU_D,1289,0,0,854
345,R3,SKU_E,143,0,0,563
346,Supplier,SKU_A,0,0,0,0
346,Supplier,SKU_B,0,0,0,0
346,Supplier,SKU_C,0,0,0,0
346,Supplier,SKU_D,0,0,0,0
346,Supplier,SKU_E,0,0,0,0
346,W1,SKU_A,1079,0,0,1549
346,W1,SKU_B,888,0,0,1169
346,W1,SKU_C,2202,0,0,887
346,W1,SKU_D,0,0,146,634
346,W1,SKU_E,816,0,0,0
346,W2,SKU_A,3244,0,0,0
346,W2,SKU_B,1138,0,0,0
346,W2,SKU_C,1906,0,0,0
346,W2,SKU_D,1675,0,0,0
346,W2,SKU_E,311,0,0,0
346,R1,SKU_A,208,0,0,0
346,R1,SKU_B,595,0,0,0
346,R1,SKU_C,144,0,0,0
346,R1,SKU_D,382,0,0,170
346,R1,SKU_E,36,0,0,91
346,R2,SKU_A,793,0,0,0
346,R2,SKU_B,188,0,0,0
346,R2,SKU_C,536,0,0,0
346,R2,SKU_D,118,0,0,173
346,R2,SKU_E,172,0,0,509
346,R3,SKU_A,1417,0,0,154
346,R3,SKU_B,36,0,0,166
346,R3,SKU_C,664,0,0,998
346,R3,SKU_D,1212,0,0,854
346,R3,SKU_E,631,0,0,374
347,Supplier,SKU_A,0,0,0,0
347,Supplier,SKU_B,0,0,0,0
347,Supplier,SKU_C,0,0,0,0
347,Supplier,SKU_D,0,0,0,0
347,Supplier,SKU_E,0,0,0,0
347,W1,SKU_A,1136,0,0,749
347,W1,SKU_B,432,0,0,1169
347,W1,SKU_C,1900,0,0,887
347,W1,SKU_D,0,0,146,950
347,W1,SKU_E,816,0,0,1026
347,W2,SKU_A,3244,0,0,0
347,W2,SKU_B,943,0,0,0
347,W2,SKU_C,1906,0,0,0
347,W2,SKU_D,1675,0,0,0
347,W2,SKU_E,311,0,0,1122
347,R1,SKU_A,54,0,0,743
347,R1,SKU_B,536,0,0,186
347,R1,SKU_C,38,0,0,302
347,R1,SKU_D,317,0,0,170
347,R1,SKU_E,0,8,0,91
347,R2,SKU_A,691,0,0,0
347,R2,SKU_B,124,0,0,270
347,R2,SKU_C,475,0,0,0
347,R2,SKU_D,63,0,0,173
347,R2,SKU_E,104,0,0,509
347,R3,SKU_A,1246,0,0,154
347,R3,SKU_B,0,20,0,361
347,R3,SKU_C,562,0,0,998
347,R3,SKU_D,1112,0,0,854
347,R3,SKU_E,553,0,0,374
348,Supplier,SKU_A,0,0,0,0
348,Supplier,SKU_B,0,0,0,0
348,Supplier,SKU_C,0,0,0,0
348,Supplier,SKU_D,0,0,0,0
348,Supplier,SKU_E,0,0,0,0
348,W1,SKU_A,1885,0,0,743
348,W1,SKU_B,432,0,0,1169
348,W1,SKU_C,1830,0,0,921
348,W1,SKU_D,149,0,0,489
348,W1,SKU_E,730,0,0,1026
348,W2,SKU_A,1487,0,0,0
348,W2,SKU_B,943,0,0,0
348,W2,SKU_C,1906,0,0,0
348,W2,SKU_D,1675,0,0,0
348,W2,SKU_E,311,0,0,1122
348,R1,SKU_A,0,85,0,743
348,R1,SKU_B,464,0,0,186
348,R1,SKU_C,0,60,0,302
348,R1,SKU_D,420,0,0,146
348,R1,SKU_E,28,0,0,86
348,R2,SKU_A,593,0,0,0
348,R2,SKU_B,68,0,0,270
348,R2,SKU_C,415,0,0,338
348,R2,SKU_D,181,0,0,166
348,R2,SKU_E,38,0,0,509
348,R3,SKU_A,1228,0,0,1757
348,R3,SKU_B,71,0,0,195
348,R3,SKU_C,446,0,0,998
348,R3,SKU_D,1859,0,0,0
348,R3,SKU_E,461,0,0,374
349,Supplier,SKU_A,0,0,0,0
349,Supplier,SKU_B,0,0,0,0
349,Supplier,SKU_C,0,0,0,0
349,Supplier,SKU_D,0,0,0,0
349,Supplier,SKU_E,0,0,0,0
349,W1,SKU_A,1058,0,0,743
349,W1,SKU_B,432,0,0,1169
349,W1,SKU_C,2149,0,0,940
349,W1,SKU_D,149,0,0,655
349,W1,SKU_E,730,0,0,1026
349,W2,SKU_A,1487,0,0,0
349,W2,SKU_B,943,0,0,0
349,W2,SKU_C,1906,0,0,0
349,W2,SKU_D,1675,0,0,0
349,W2,SKU_E,311,0,0,1122
349,R1,SKU_A,482,0,0,0
349,R1,SKU_B,541,0,0,0
349,R1,SKU_C,87,0,0,0
349,R1,SKU_D,333,0,0,146
349,R1,SKU_E,0,43,0,86
349,R2,SKU_A,470,0,0,827
349,R2,SKU_B,19,0,0,270
349,R2,SKU_C,347,0,0,338
349,R2,SKU_D,105,0,0,166
349,R2,SKU_E,481,0,0,0
349,R3,SKU_A,1016,0,0,1757
349,R3,SKU_B,0,5,0,195
349,R3,SKU_C,324,0,0,998
349,R3,SKU_D,1724,0,0,0
349,R3,SKU_E,355,0,0,374
350,Supplier,SKU_A,0,0,0,0
350,Supplier,SKU_B,0,0,0,0
350,Supplier,SKU_C,0,0,0,0
350,Supplier,SKU_D,0,0,0,0
350,Supplier,SKU_E,0,0,0,0
350,W1,SKU_A,1058,0,0,1570
350,W1,SKU_B,1361,0,0,0
350,W1,SKU_C,2090,0,0,640
350,W1,SKU_D,0,0,135,655
350,W1,SKU_E,604,0,0,1026
350,W2,SKU_A,1487,0,0,0
350,W2,SKU_B,736,0,0,0
350,W2,SKU_C,1906,0,0,0
350,W2,SKU_D,1675,0,0,0
350,W2,SKU_E,311,0,0,1122
350,R1,SKU_A,314,0,0,0
350,R1,SKU_B,442,0,0,240
350,R1,SKU_C,0,36,0,359
350,R1,SKU_D,390,0,0,149
350,R1,SKU_E,0,20,0,126
350,R2,SKU_A,360,0,0,827
350,R2,SKU_B,249,0,0,0
350,R2,SKU_C,279,0,0,338
350,R2,SKU_D,39,0,0,166
350,R2,SKU_E,420,0,0,0
350,R3,SKU_A,792,0,0,1757
350,R3,SKU_B,0,67,0,402
350,R3,SKU_C,1209,0,0,0
350,R3,SKU_D,1601,0,0,0
350,R3,SKU_E,630,0,0,0
351,Supplier,SKU_A,0,0,0,0
351,Supplier,SKU_B,0,0,0,0
351,Supplier,SKU_C,0,0,0,0
351,Supplier,SKU_D,0,0,0,0
351,Supplier,SKU_E,0,0,0,0
351,W1,SKU_A,1058,0,0,1570
351,W1,SKU_B,1361,0,0,0
351,W1,SKU_C,2090,0,0,999
351,W1,SKU_D,0,0,159,766
351,W1,SKU_E,604,0,0,1026
351,W2,SKU_A,1487,0,0,0
351,W2,SKU_B,736,0,0,0
351,W2,SKU_C,1906,0,0,0
351,W2,SKU_D,1675,0,0,0
351,W2,SKU_E,0,0,139,1122
351,R1,SKU_A,192,0,0,0
351,R1,SKU_B,384,0,0,240
351,R1,SKU_C,0,114,0,359
351,R1,SKU_D,339,0,0,284
351,R1,SKU_E,0,67,0,126
351,R2,SKU_A,257,0,0,827
351,R2,SKU_B,206,0,0,0
351,R2,SKU_C,547,0,0,0
351,R2,SKU_D,124,0,0,38
351,R2,SKU_E,360,0,0,0
351,R3,SKU_A,636,0,0,1757
351,R3,SKU_B,73,0,0,207
351,R3,SKU_C,1103,0,0,0
351,R3,SKU_D,1522,0,0,0
351,R3,SKU_E,536,0,0,311
352,Supplier,SKU_A,0,0,0,0
352,Supplier,SKU_B,0,0,0,0
352,Supplier,SKU_C,0,0,0,0
352,Supplier,SKU_D,0,0,0,0
352,Supplier,SKU_E,0,0,0,0
352,W1,SKU_A,299,0,0,1570
352,W1,SKU_B,1361,0,0,0
352,W1,SKU_C,2090,0,0,999
352,W1,SKU_D,157,0,0,647
352,W1,SKU_E,1520,0,0,0
352,W2,SKU_A,1487,0,0,0
352,W2,SKU_B,736,0,0,0
352,W2,SKU_C,1906,0,0,0
352,W2,SKU_D,889,0,0,0
352,W2,SKU_E,0,0,139,1122
352,R1,SKU_A,89,0,0,759
352,R1,SKU_B,585,0,0,0
352,R1,SKU_C,188,0,0,0
352,R1,SKU_D,434,0,0,135
352,R1,SKU_E,21,0,0,110
352,R2,SKU_A,993,0,0,0
352,R2,SKU_B,150,0,0,0
352,R2,SKU_C,496,0,0,0
352,R2,SKU_D,80,0,0,197
352,R2,SKU_E,301,0,0,0
352,R3,SKU_A,2281,0,0,0
352,R3,SKU_B,27,0,0,207
352,R3,SKU_C,1016,0,0,0
352,R3,SKU_D,1450,0,0,786
352,R3,SKU_E,463,0,0,311
353,Supplier,SKU_A,0,0,0,0
353,Supplier,SKU_B,0,0,0,0
353,Supplier,SKU_C,0,0,0,0
353,Supplier,SKU_D,0,0,0,0
353,Supplier,SKU_E,0,0,0,0
353,W1,SKU_A,1042,0,0,1586
353,W1,SKU_B,857,0,0,0
353,W1,SKU_C,1817,0,0,697
353,W1,SKU_D,157,0,0,647
353,W1,SKU_E,1520,0,0,0
353,W2,SKU_A,1487,0,0,0
353,W2,SKU_B,573,0,0,0
353,W2,SKU_C,1906,0,0,0
353,W2,SKU_D,889,0,0,1640
353,W2,SKU_E,983,0,0,0
353,R1,SKU_A,0,23,0,759
353,R1,SKU_B,535,0,0,196
353,R1,SKU_C,98,0,0,258
353,R1,SKU_D,516,0,0,0
353,R1,SKU_E,0,19,0,110
353,R2,SKU_A,918,0,0,0
353,R2,SKU_B,84,0,0,308
353,R2,SKU_C,441,0,0,317
353,R2,SKU_D,41,0,0,197
353,R2,SKU_E,265,0,0,0
353,R3,SKU_A,2125,0,0,0
353,R3,SKU_B,0,22,0,370
353,R3,SKU_C,938,0,0,0
353,R3,SKU_D,1393,0,0,786
353,R3,SKU_E,391,0,0,450
354,Supplier,SKU_A,0,0,0,0
354,Supplier,SKU_B,0,0,0,0
354,Supplier,SKU_C,0,0,0,0
354,Supplier,SKU_D,0,0,0,0
354,Supplier,SKU_E,0,0,0,0
354,W1,SKU_A,1042,0,0,1586
354,W1,SKU_B,857,0,0,1200
354,W1,SKU_C,2155,0,0,934
354,W1,SKU_D,159,0,0,481
354,W1,SKU_E,1442,0,0,0
354,W2,SKU_A,1487,0,0,0
354,W2,SKU_B,573,0,0,0
354,W2,SKU_C,1906,0,0,0
354,W2,SKU_D,889,0,0,1640
354,W2,SKU_E,983,0,0,0
354,R1,SKU_A,615,0,0,0
354,R1,SKU_B,472,0,0,196
354,R1,SKU_C,37,0,0,258
354,R1,SKU_D,468,0,0,0
354,R1,SKU_E,41,0,0,78
354,R2,SKU_A,823,0,0,0
354,R2,SKU_B,26,0,0,308
354,R2,SKU_C,396,0,0,317
354,R2,SKU_D,46,0,0,323
354,R2,SKU_E,203,0,0,0
354,R3,SKU_A,1972,0,0,0
354,R3,SKU_B,120,0,0,163
354,R3,SKU_C,862,0,0,0
354,R3,SKU_D,1294,0,0,786
354,R3,SKU_E,304,0,0,450
355,Supplier,SKU_A,0,0,0,0
355,Supplier,SKU_B,0,0,0,0
355,Supplier,SKU_C,0,0,0,0
355,Supplier,SKU_D,0,0,0,0
355,Supplier,SKU_E,0,0,0,0
355,W1,SKU_A,1869,0,0,759
355,W1,SKU_B,857,0,0,1200
355,W1,SKU_C,2155,0,0,934
355,W1,SKU_D,0,0,136,645
355,W1,SKU_E,908,0,0,0
355,W2,SKU_A,1487,0,0,0
355,W2,SKU_B,573,0,0,0
355,W2,SKU_C,1906,0,0,0
355,W2,SKU_D,889,0,0,1640
355,W2,SKU_E,983,0,0,0
355,R1,SKU_A,483,0,0,0
355,R1,SKU_B,588,0,0,0
355,R1,SKU_C,210,0,0,0
355,R1,SKU_D,413,0,0,159
355,R1,SKU_E,0,0,0,78
355,R2,SKU_A,732,0,0,0
355,R2,SKU_B,0,55,0,308
355,R2,SKU_C,332,0,0,317
355,R2,SKU_D,140,0,0,164
355,R2,SKU_E,154,0,0,534
355,R3,SKU_A,1799,0,0,0
355,R3,SKU_B,31,0,0,163
355,R3,SKU_C,743,0,0,0
355,R3,SKU_D,1200,0,0,786
355,R3,SKU_E,503,0,0,139
356,Supplier,SKU_A,0,0,0,0
356,Supplier,SKU_B,0,0,0,0
356,Supplier,SKU_C,0,0,0,0
356,Supplier,SKU_D,0,0,0,0
356,Supplier,SKU_E,0,0,0,0
356,W1,SKU_A,1869,0,0,759
356,W1,SKU_B,664,0,0,1200
356,W1,SKU_C,2514,0,0,575
356,W1,SKU_D,148,0,0,656
356,W1,SKU_E,817,0,0,934
356,W2,SKU_A,1487,0,0,0
356,W2,SKU_B,370,0,0,0
356,W2,SKU_C,912,0,0,0
356,W2,SKU_D,889,0,0,1640
356,W2,SKU_E,545,0,0,0
356,R1,SKU_A,317,0,0,0
356,R1,SKU_B,453,0,0,193
356,R1,SKU_C,63,0,0,0
356,R1,SKU_D,332,0,0,295
356,R1,SKU_E,12,0,0,91
356,R2,SKU_A,610,0,0,0
356,R2,SKU_B,185,0,0,0
356,R2,SKU_C,559,0,0,0
356,R2,SKU_D,59,0,0,164
356,R2,SKU_E,94,0,0,534
356,R3,SKU_A,1606,0,0,0
356,R3,SKU_B,0,52,0,366
356,R3,SKU_C,621,0,0,994
356,R3,SKU_D,1859,0,0,0
356,R3,SKU_E,385,0,0,577
357,Supplier,SKU_A,0,0,0,0
357,Supplier,SKU_B,0,0,0,0
357,Supplier,SKU_C,0,0,0,0
357,Supplier,SKU_D,0,0,0,0
357,Supplier,SKU_E,0,0,0,0
357,W1,SKU_A,1059,0,0,759
357,W1,SKU_B,391,0,0,1200
357,W1,SKU_C,2131,0,0,575
357,W1,SKU_D,166,0,0,459
357,W1,SKU_E,817,0,0,934
357,W2,SKU_A,1487,0,0,0
357,W2,SKU_B,370,0,0,1302
357,W2,SKU_C,912,0,0,1992
357,W2,SKU_D,889,0,0,1640
357,W2,SKU_E,545,0,0,0
357,R1,SKU_A,130,0,0,0
357,R1,SKU_B,323,0,0,193
357,R1,SKU_C,0,76,0,383
357,R1,SKU_D,408,0,0,136
357,R1,SKU_E,0,58,0,91
357,R2,SKU_A,478,0,0,810
357,R2,SKU_B,97,0,0,273
357,R2,SKU_C,466,0,0,0
357,R2,SKU_D,159,0,0,179
357,R2,SKU_E,22,0,0,534
357,R3,SKU_A,1395,0,0,0
357,R3,SKU_B,44,0,0,203
357,R3,SKU_C,491,0,0,994
357,R3,SKU_D,1739,0,0,0
357,R3,SKU_E,417,0,0,438
358,Supplier,SKU_A,0,0,0,0
358,Supplier,SKU_B,0,0,0,0
358,Supplier,SKU_C,0,0,0,0
358,Supplier,SKU_D,0,0,0,0
358,Supplier,SKU_E,0,0,0,0
358,W1,SKU_A,997,0,0,810
358,W1,SKU_B,126,0,0,1200
358,W1,SKU_C,1784,0,0,958
358,W1,SKU_D,166,0,0,638
358,W1,SKU_E,681,0,0,934
358,W2,SKU_A,0,0,275,0
358,W2,SKU_B,370,0,0,1302
358,W2,SKU_C,912,0,0,1992
358,W2,SKU_D,889,0,0,1640
358,W2,SKU_E,545,0,0,0
358,R1,SKU_A,0,8,0,821
358,R1,SKU_B,445,0,0,265
358,R1,SKU_C,0,157,0,383
358,R1,SKU_D,475,0,0,0
358,R1,SKU_E,0,23,0,136
358,R2,SKU_A,363,0,0,810
358,R2,SKU_B,31,0,0,273
358,R2,SKU_C,383,0,0,347
358,R2,SKU_D,111,0,0,179
358,R2,SKU_E,501,0,0,0
358,R3,SKU_A,1257,0,0,1487
358,R3,SKU_B,0,2,0,203
358,R3,SKU_C,425,0,0,994
358,R3,SKU_D,1659,0,0,0
358,R3,SKU_E,338,0,0,438
359,Supplier,SKU_A,0,0,0,0
359,Supplier,SKU_B,0,0,0,0
359,Supplier,SKU_C,0,0,0,0
359,Supplier,SKU_D,0,0,0,0
359,Supplier,SKU_E,0,0,0,0
359,W1,SKU_A,997,0,0,1631
359,W1,SKU_B,1326,0,0,0
359,W1,SKU_C,2359,0,0,730
359,W1,SKU_D,0,0,122,638
359,W1,SKU_E,681,0,0,934
359,W2,SKU_A,0,0,275,3519
359,W2,SKU_B,174,0,0,1302
359,W2,SKU_C,912,0,0,1992
359,W2,SKU_D,2529,0,0,0
359,W2,SKU_E,545,0,0,0
359,R1,SKU_A,0,193,0,821
359,R1,SKU_B,408,0,0,265
359,R1,SKU_C,112,0,0,0
359,R1,SKU_D,397,0,0,166
359,R1,SKU_E,0,64,0,136
359,R2,SKU_A,258,0,0,810
359,R2,SKU_B,0,27,0,273
359,R2,SKU_C,315,0,0,347
359,R2,SKU_D,62,0,0,179
359,R2,SKU_E,450,0,0,0
359,R3,SKU_A,1113,0,0,1487
359,R3,SKU_B,0,60,0,399
359,R3,SKU_C,340,0,0,994
359,R3,SKU_D,1573,0,0,0
359,R3,SKU_E,256,0,0,438
360,Supplier,SKU_A,0,0,0,0
360,Supplier,SKU_B,0,0,0,0
360,Supplier,SKU_C,0,0,0,0
360,Supplier,SKU_D,0,0,0,0
360,Supplier,SKU_E,0,0,0,0
360,W1,SKU_A,997,0,0,1631
360,W1,SKU_B,1326,0,0,0
360,W1,SKU_C,2025,0,0,730
360,W1,SKU_D,0,0,119,762
360,W1,SKU_E,584,0,0,934
360,W2,SKU_A,0,0,275,3519
360,W2,SKU_B,174,0,0,1302
360,W2,SKU_C,912,0,0,1992
360,W2,SKU_D,2529,0,0,0
360,W2,SKU_E,159,0,0,0
360,R1,SKU_A,495,0,0,0
360,R1,SKU_B,623,0,0,0
360,R1,SKU_C,29,0,0,334
360,R1,SKU_D,341,0,0,288
360,R1,SKU_E,42,0,0,97
360,R2,SKU_A,970,0,0,0
360,R2,SKU_B,196,0,0,0
360,R2,SKU_C,265,0,0,347
360,R2,SKU_D,186,0,0,42
360,R2,SKU_E,402,0,0,0
360,R3,SKU_A,971,0,0,1487
360,R3,SKU_B,107,0,0,196
360,R3,SKU_C,1265,0,0,0
360,R3,SKU_D,1488,0,0,0
360,R3,SKU_E,630,0,0,386
361,Supplier,SKU_A,0,0,0,0
361,Supplier,SKU_B,0,0,0,0
361,Supplier,SKU_C,0,0,0,0
361,Supplier,SKU_D,0,0,0,0
361,Supplier,SKU_E,0,0,0,0
361,W1,SKU_A,997,0,0,1631
361,W1,SKU_B,1326,0,0,0
361,W1,SKU_C,2025,0,0,1064
361,W1,SKU_D,295,0,119,628
361,W1,SKU_E,1518,0,0,0
361,W2,SKU_A,0,0,275,3519
361,W2,SKU_B,174,0,0,1302
361,W2,SKU_C,912,0,0,1992
361,W2,SKU_D,1709,0,0,0
361,W2,SKU_E,159,0,0,1274
361,R1,SKU_A,355,0,0,0
361,R1,SKU_B,567,0,0,0
361,R1,SKU_C,0,63,0,334
361,R1,SKU_D,449,0,0,122
361,R1,SKU_E,1,0,0,97
361,R2,SKU_A,890,0,0,0
361,R2,SKU_B,155,0,0,0
361,R2,SKU_C,554,0,0,0
361,R2,SKU_D,132,0,0,42
361,R2,SKU_E,351,0,0,0
361,R3,SKU_A,826,0,0,1487
361,R3,SKU_B,35,0,0,196
361,R3,SKU_C,1182,0,0,0
361,R3,SKU_D,1402,0,0,820
361,R3,SKU_E,563,0,0,386
362,Supplier,SKU_A,0,0,0,0
362,Supplier,SKU_B,0,0,0,0
362,Supplier,SKU_C,0,0,0,0
362,Supplier,SKU_D,0,0,0,0
362,Supplier,SKU_E,0,0,0,0
362,W1,SKU_A,997,0,0,1631
362,W1,SKU_B,809,0,0,0
362,W1,SKU_C,2025,0,0,1064
362,W1,SKU_D,176,0,0,628
362,W1,SKU_E,1518,0,0,0
362,W2,SKU_A,0,0,275,3519
362,W2,SKU_B,8,0,0,1302
362,W2,SKU_C,912,0,0,1992
362,W2,SKU_D,1709,0,0,0
362,W2,SKU_E,159,0,0,1274
362,R1,SKU_A,230,0,0,0
362,R1,SKU_B,492,0,0,214
362,R1,SKU_C,194,0,0,0
362,R1,SKU_D,509,0,0,0
362,R1,SKU_E,60,0,0,0
362,R2,SKU_A,804,0,0,0
362,R2,SKU_B,107,0,0,303
362,R2,SKU_C,508,0,0,0
362,R2,SKU_D,75,0,0,161
362,R2,SKU_E,298,0,0,0
362,R3,SKU_A,2143,0,0,0
362,R3,SKU_B,0,47,0,362
362,R3,SKU_C,1067,0,0,0
362,R3,SKU_D,1295,0,0,820
362,R3,SKU_E,475,0,0,386
363,Supplier,SKU_A,0,0,0,0
363,Supplier,SKU_B,0,0,0,0
363,Supplier,SKU_C,0,0,0,0
363,Supplier,SKU_D,0,0,0,0
363,Supplier,SKU_E,0,0,0,0
363,W1,SKU_A,1086,0,0,821
363,W1,SKU_B,809,0,0,1248
363,W1,SKU_C,2103,0,0,681
363,W1,SKU_D,189,0,0,449
363,W1,SKU_E,1409,0,0,0
363,W2,SKU_A,0,0,275,3519
363,W2,SKU_B,1310,0,0,0
363,W2,SKU_C,2904,0,0,0
363,W2,SKU_D,1709,0,0,0
363,W2,SKU_E,159,0,0,1274
363,R1,SKU_A,72,0,0,721
363,R1,SKU_B,386,0,0,214
363,R1,SKU_C,49,0,0,0
363,R1,SKU_D,425,0,0,0
363,R1,SKU_E,0,7,0,109
363,R2,SKU_A,698,0,0,0
363,R2,SKU_B,41,0,0,303
363,R2,SKU_C,427,0,0,305
363,R2,SKU_D,60,0,0,285
363,R2,SKU_E,241,0,0,0
363,R3,SKU_A,1930,0,0,0
363,R3,SKU_B,63,0,0,166
363,R3,SKU_C,884,0,0,0
363,R3,SKU_D,1154,0,0,820
363,R3,SKU_E,381,0,0,386
364,Supplier,SKU_A,0,0,0,0
364,Supplier,SKU_B,0,0,0,0
364,Supplier,SKU_C,0,0,0,0
364,Supplier,SKU_D,0,0,0,0
364,Supplier,SKU_E,0,0,0,0
364,W1,SKU_A,1907,0,0,721
364,W1,SKU_B,628,0,0,1248
364,W1,SKU_C,2053,0,0,639
364,W1,SKU_D,0,0,149,615
364,W1,SKU_E,913,0,0,0
364,W2,SKU_A,0,0,275,3519
364,W2,SKU_B,1142,0,0,0
364,W2,SKU_C,2904,0,0,0
364,W2,SKU_D,1709,0,0,0
364,W2,SKU_E,159,0,0,1274
364,R1,SKU_A,0,90,0,721
364,R1,SKU_B,514,0,0,181
364,R1,SKU_C,0,76,0,397
364,R1,SKU_D,337,0,0,189
364,R1,SKU_E,0,76,0,109
364,R2,SKU_A,577,0,0,0
364,R2,SKU_B,0,24,0,303
364,R2,SKU_C,379,0,0,305
364,R2,SKU_D,7,0,0,285
364,R2,SKU_E,188,0,0,496
364,R3,SKU_A,1764,0,0,0
364,R3,SKU_B,9,0,0,334
364,R3,SKU_C,784,0,0,0
364,R3,SKU_D,1073,0,0,820
364,R3,SKU_E,681,0,0,0
