t,node_id,sku,on_hand,backlog_external,backlog_children,pipeline_in
0,Supplier,SKU_A,0,0,0,0
0,Supplier,SKU_B,0,0,0,0
0,Supplier,SKU_C,0,0,0,0
0,Supplier,SKU_D,0,0,0,0
0,Supplier,SKU_E,0,0,0,0
0,W1,SKU_A,1736,0,0,0
0,W1,SKU_B,942,0,0,0
0,W1,SKU_C,1093,0,0,0
0,W1,SKU_D,825,0,0,0
0,W1,SKU_E,749,0,0,0
0,W2,SKU_A,1849,0,0,0
0,W2,SKU_B,639,0,0,0
0,W2,SKU_C,1067,0,0,0
0,W2,SKU_D,1046,0,0,0
0,W2,SKU_E,648,0,0,0
0,R1,SKU_A,453,0,0,0
0,R1,SKU_B,252,0,0,0
0,R1,SKU_C,315,0,0,0
0,R1,SKU_D,229,0,0,0
0,R1,SKU_E,164,0,0,0
0,R2,SKU_A,370,0,0,0
0,R2,SKU_B,242,0,0,0
0,R2,SKU_C,224,0,0,0
0,R2,SKU_D,172,0,0,0
0,R2,SKU_E,225,0,0,0
0,R3,SKU_A,1138,0,0,0
0,R3,SKU_B,414,0,0,0
0,R3,SKU_C,645,0,0,0
0,R3,SKU_D,669,0,0,0
0,R3,SKU_E,391,0,0,0
1,Supplier,SKU_A,0,0,0,0
1,Supplier,SKU_B,0,0,0,0
1,Supplier,SKU_C,0,0,0,0
1,Supplier,SKU_D,0,0,0,0
1,Supplier,SKU_E,0,0,0,0
1,W1,SKU_A,206,0,0,1199
1,W1,SKU_B,684,0,0,700
1,W1,SKU_C,304,0,0,1553
1,W1,SKU_D,557,0,0,889
1,W1,SKU_E,0,0,109,22
1,W2,SKU_A,663,0,0,0
1,W2,SKU_B,71,0,0,318
1,W2,SKU_C,639,0,0,1126
1,W2,SKU_D,0,0,42,511
1,W2,SKU_E,0,0,51,843
1,R1,SKU_A,359,0,0,500
1,R1,SKU_B,224,0,0,11
1,R1,SKU_C,249,0,0,596
1,R1,SKU_D,199,0,0,92
1,R1,SKU_E,137,0,0,492
1,R2,SKU_A,258,0,0,1030
1,R2,SKU_B,191,0,0,247
1,R2,SKU_C,167,0,0,193
1,R2,SKU_D,132,0,0,176
1,R2,SKU_E,187,0,0,257
1,R3,SKU_A,969,0,0,1186
1,R3,SKU_B,375,0,0,568
1,R3,SKU_C,537,0,0,428
1,R3,SKU_D,596,0,0,1046
1,R3,SKU_E,333,0,0,648
2,Supplier,SKU_A,0,0,0,0
2,Supplier,SKU_B,0,0,0,0
2,Supplier,SKU_C,0,0,0,0
2,Supplier,SKU_D,0,0,0,0
2,Supplier,SKU_E,0,0,0,0
2,W1,SKU_A,0,0,0,1405
2,W1,SKU_B,605,0,0,779
2,W1,SKU_C,181,0,0,1676
2,W1,SKU_D,487,0,0,959
2,W1,SKU_E,0,0,283,196
2,W2,SKU_A,494,0,0,0
2,W2,SKU_B,32,0,0,357
2,W2,SKU_C,531,0,0,1234
2,W2,SKU_D,0,0,157,626
2,W2,SKU_E,0,0,160,952
2,R1,SKU_A,273,0,0,594
2,R1,SKU_B,199,0,0,39
2,R1,SKU_C,191,0,0,662
2,R1,SKU_D,167,0,0,122
2,R1,SKU_E,95,0,0,492
2,R2,SKU_A,175,0,0,1142
2,R2,SKU_B,148,0,0,298
2,R2,SKU_C,115,0,0,250
2,R2,SKU_D,101,0,0,216
2,R2,SKU_E,159,0,0,257
2,R3,SKU_A,773,0,0,1355
2,R3,SKU_B,337,0,0,607
2,R3,SKU_C,471,0,0,536
2,R3,SKU_D,538,0,0,1046
2,R3,SKU_E,267,0,0,648
3,Supplier,SKU_A,0,0,0,0
3,Supplier,SKU_B,0,0,0,0
3,Supplier,SKU_C,0,0,0,0
3,Supplier,SKU_D,0,0,0,0
3,Supplier,SKU_E,0,0,0,0
3,W1,SKU_A,0,0,169,1574
3,W1,SKU_B,537,0,0,847
3,W1,SKU_C,71,0,0,1786
3,W1,SKU_D,424,0,0,1022
3,W1,SKU_E,0,0,527,440
3,W2,SKU_A,298,0,0,0
3,W2,SKU_B,0,0,6,395
3,W2,SKU_C,465,0,0,1300
3,W2,SKU_D,0,0,330,799
3,W2,SKU_E,0,0,335,1127
3,R1,SKU_A,685,0,0,94
3,R1,SKU_B,181,0,0,53
3,R1,SKU_C,723,0,0,124
3,R1,SKU_D,222,0,0,62
3,R1,SKU_E,553,0,0,0
3,R2,SKU_A,85,0,0,1142
3,R2,SKU_B,93,0,0,341
3,R2,SKU_C,73,0,0,302
3,R2,SKU_D,64,0,0,247
3,R2,SKU_E,137,0,0,257
3,R3,SKU_A,627,0,0,1551
3,R3,SKU_B,293,0,0,639
3,R3,SKU_C,381,0,0,602
3,R3,SKU_D,476,0,0,1046
3,R3,SKU_E,218,0,0,648
4,Supplier,SKU_A,0,0,0,0
4,Supplier,SKU_B,0,0,0,0
4,Supplier,SKU_C,0,0,0,0
4,Supplier,SKU_D,0,0,0,0
4,Supplier,SKU_E,0,0,0,0
4,W1,SKU_A,0,0,516,1921
4,W1,SKU_B,453,0,0,931
4,W1,SKU_C,0,0,35,1892
4,W1,SKU_D,350,0,0,1096
4,W1,SKU_E,0,0,827,740
4,W2,SKU_A,152,0,0,0
4,W2,SKU_B,0,0,56,445
4,W2,SKU_C,375,0,0,1390
4,W2,SKU_D,0,0,565,1034
4,W2,SKU_E,0,0,559,1351
4,R1,SKU_A,692,0,0,0
4,R1,SKU_B,168,0,0,54
4,R1,SKU_C,708,0,0,122
4,R1,SKU_D,211,0,0,69
4,R1,SKU_E,509,0,0,0
4,R2,SKU_A,1014,0,0,112
4,R2,SKU_B,277,0,0,149
4,R2,SKU_C,210,0,0,116
4,R2,SKU_D,197,0,0,108
4,R2,SKU_E,370,0,0,0
4,R3,SKU_A,446,0,0,1697
4,R3,SKU_B,227,0,0,639
4,R3,SKU_C,266,0,0,692
4,R3,SKU_D,397,0,0,1046
4,R3,SKU_E,154,0,0,648
5,Supplier,SKU_A,0,0,0,0
5,Supplier,SKU_B,0,0,0,0
5,Supplier,SKU_C,0,0,0,0
5,Supplier,SKU_D,0,0,0,0
5,Supplier,SKU_E,0,0,0,0
5,W1,SKU_A,0,0,1051,2456
5,W1,SKU_B,349,0,0,1035
5,W1,SKU_C,0,0,207,2064
5,W1,SKU_D,266,0,0,1180
5,W1,SKU_E,0,0,1195,1108
5,W2,SKU_A,0,0,29,0
5,W2,SKU_B,0,0,172,561
5,W2,SKU_C,260,0,0,1505
5,W2,SKU_D,0,0,879,1348
5,W2,SKU_E,0,0,847,1639
5,R1,SKU_A,564,0,0,0
5,R1,SKU_B,116,0,0,70
5,R1,SKU_C,658,0,0,64
5,R1,SKU_D,196,0,0,78
5,R1,SKU_E,450,0,0,0
5,R2,SKU_A,1018,0,0,0
5,R2,SKU_B,258,0,0,161
5,R2,SKU_C,178,0,0,59
5,R2,SKU_D,182,0,0,111
5,R2,SKU_E,315,0,0,0
5,R3,SKU_A,1386,0,0,663
5,R3,SKU_B,729,0,0,71
5,R3,SKU_C,531,0,0,379
5,R3,SKU_D,1342,0,0,0
5,R3,SKU_E,725,0,0,0
6,Supplier,SKU_A,0,0,0,0
6,Supplier,SKU_B,0,0,0,0
6,Supplier,SKU_C,0,0,0,0
6,Supplier,SKU_D,0,0,0,0
6,Supplier,SKU_E,0,0,0,0
6,W1,SKU_A,0,0,623,2028
6,W1,SKU_B,902,0,0,482
6,W1,SKU_C,977,0,0,880
6,W1,SKU_D,1053,0,0,393
6,W1,SKU_E,0,0,1655,1568
6,W2,SKU_A,0,0,304,0
6,W2,SKU_B,0,0,354,743
6,W2,SKU_C,97,0,0,1668
6,W2,SKU_D,0,0,1294,1763
6,W2,SKU_E,0,0,1212,2004
6,R1,SKU_A,398,0,0,910
6,R1,SKU_B,65,0,0,118
6,R1,SKU_C,607,0,0,270
6,R1,SKU_D,169,0,0,88
6,R1,SKU_E,383,0,0,22
6,R2,SKU_A,899,0,0,289
6,R2,SKU_B,227,0,0,188
6,R2,SKU_C,126,0,0,313
6,R2,SKU_D,165,0,0,135
6,R2,SKU_E,248,0,0,0
6,R3,SKU_A,1299,0,0,494
6,R3,SKU_B,709,0,0,32
6,R3,SKU_C,490,0,0,434
6,R3,SKU_D,1239,0,0,0
6,R3,SKU_E,598,0,0,0
7,Supplier,SKU_A,0,0,0,0
7,Supplier,SKU_B,0,0,0,0
7,Supplier,SKU_C,0,0,0,0
7,Supplier,SKU_D,0,0,0,0
7,Supplier,SKU_E,0,0,0,0
7,W1,SKU_A,0,0,629,1822
7,W1,SKU_B,827,0,0,557
7,W1,SKU_C,1066,0,0,769
7,W1,SKU_D,1011,0,0,435
7,W1,SKU_E,0,0,2075,1988
7,W2,SKU_A,0,0,835,0
7,W2,SKU_B,0,0,277,666
7,W2,SKU_C,1074,0,0,691
7,W2,SKU_D,0,0,1301,1770
7,W2,SKU_E,0,0,861,1653
7,R1,SKU_A,262,0,0,910
7,R1,SKU_B,28,0,0,157
7,R1,SKU_C,485,0,0,304
7,R1,SKU_D,147,0,0,111
7,R1,SKU_E,323,0,0,196
7,R2,SKU_A,774,0,0,495
7,R2,SKU_B,216,0,0,207
7,R2,SKU_C,52,0,0,306
7,R2,SKU_D,161,0,0,146
7,R2,SKU_E,193,0,0,0
7,R3,SKU_A,1255,0,0,298
7,R3,SKU_B,645,0,0,318
7,R3,SKU_C,414,0,0,517
7,R3,SKU_D,1134,0,0,511
7,R3,SKU_E,501,0,0,843
8,Supplier,SKU_A,0,0,0,0
8,Supplier,SKU_B,0,0,0,0
8,Supplier,SKU_C,0,0,0,0
8,Supplier,SKU_D,0,0,0,0
8,Supplier,SKU_E,0,0,0,0
8,W1,SKU_A,0,0,591,1777
8,W1,SKU_B,751,0,0,633
8,W1,SKU_C,995,0,0,862
8,W1,SKU_D,970,0,0,476
8,W1,SKU_E,0,0,2366,2279
8,W2,SKU_A,0,0,1606,725
8,W2,SKU_B,0,0,257,646
8,W2,SKU_C,1040,0,0,725
8,W2,SKU_D,0,0,1298,1767
8,W2,SKU_E,0,0,752,1544
8,R1,SKU_A,1074,0,0,0
8,R1,SKU_B,53,0,0,158
8,R1,SKU_C,694,0,0,156
8,R1,SKU_D,159,0,0,127
8,R1,SKU_E,299,0,0,418
8,R2,SKU_A,669,0,0,664
8,R2,SKU_B,223,0,0,210
8,R2,SKU_C,1,0,0,365
8,R2,SKU_D,175,0,0,144
8,R2,SKU_E,151,0,0,0
8,R3,SKU_A,1222,0,0,152
8,R3,SKU_B,580,0,0,357
8,R3,SKU_C,394,0,0,569
8,R3,SKU_D,1057,0,0,626
8,R3,SKU_E,429,0,0,952
9,Supplier,SKU_A,0,0,0,0
9,Supplier,SKU_B,0,0,0,0
9,Supplier,SKU_C,0,0,0,0
9,Supplier,SKU_D,0,0,0,0
9,Supplier,SKU_E,0,0,0,0
9,W1,SKU_A,0,0,311,1595
9,W1,SKU_B,727,0,0,657
9,W1,SKU_C,989,0,0,868
9,W1,SKU_D,980,0,0,466
9,W1,SKU_E,0,0,2506,2358
9,W2,SKU_A,0,0,2556,1675
9,W2,SKU_B,0,0,264,653
9,W2,SKU_C,996,0,0,769
9,W2,SKU_D,0,0,1199,1668
9,W2,SKU_E,0,0,577,1369
9,R1,SKU_A,979,0,0,0
9,R1,SKU_B,103,0,0,130
9,R1,SKU_C,680,0,0,183
9,R1,SKU_D,189,0,0,98
9,R1,SKU_E,438,0,0,544
9,R2,SKU_A,853,0,0,722
9,R2,SKU_B,257,0,0,196
9,R2,SKU_C,251,0,0,110
9,R2,SKU_D,177,0,0,118
9,R2,SKU_E,107,0,0,0
9,R3,SKU_A,1245,0,0,0
9,R3,SKU_B,516,0,0,395
9,R3,SKU_C,421,0,0,564
9,R3,SKU_D,986,0,0,799
9,R3,SKU_E,361,0,0,1127
10,Supplier,SKU_A,0,0,0,0
10,Supplier,SKU_B,0,0,0,0
10,Supplier,SKU_C,0,0,0,0
10,Supplier,SKU_D,0,0,0,0
10,Supplier,SKU_E,0,0,0,0
10,W1,SKU_A,224,0,0,1060
10,W1,SKU_B,765,0,0,619
10,W1,SKU_C,1057,0,0,800
10,W1,SKU_D,977,0,0,469
10,W1,SKU_E,0,0,2622,2209
10,W2,SKU_A,0,0,3635,2754
10,W2,SKU_B,0,0,285,674
10,W2,SKU_C,998,0,0,767
10,W2,SKU_D,0,0,964,1433
10,W2,SKU_E,0,0,353,1145
10,R1,SKU_A,868,0,0,0
10,R1,SKU_B,151,0,0,82
10,R1,SKU_C,721,0,0,109
10,R1,SKU_D,209,0,0,69
10,R1,SKU_E,651,0,0,500
10,R2,SKU_A,957,0,0,827
10,R2,SKU_B,285,0,0,158
10,R2,SKU_C,201,0,0,166
10,R2,SKU_D,195,0,0,123
10,R2,SKU_E,66,0,0,168
10,R3,SKU_A,1045,0,0,0
10,R3,SKU_B,459,0,0,445
10,R3,SKU_C,496,0,0,489
10,R3,SKU_D,912,0,0,1034
10,R3,SKU_E,291,0,0,1351
11,Supplier,SKU_A,0,0,0,0
11,Supplier,SKU_B,0,0,0,0
11,Supplier,SKU_C,0,0,0,0
11,Supplier,SKU_D,0,0,0,0
11,Supplier,SKU_E,0,0,0,0
11,W1,SKU_A,910,0,0,289
11,W1,SKU_B,836,0,0,548
11,W1,SKU_C,1295,0,0,562
11,W1,SKU_D,1006,0,0,440
11,W1,SKU_E,0,0,2497,1915
11,W2,SKU_A,0,0,4914,4033
11,W2,SKU_B,0,0,247,636
11,W2,SKU_C,1025,0,0,740
11,W2,SKU_D,0,0,650,1119
11,W2,SKU_E,0,0,65,857
11,R1,SKU_A,772,0,0,85
11,R1,SKU_B,158,0,0,60
11,R1,SKU_C,718,0,0,129
11,R1,SKU_D,204,0,0,77
11,R1,SKU_E,901,0,0,200
11,R2,SKU_A,1029,0,0,658
11,R2,SKU_B,317,0,0,138
11,R2,SKU_C,221,0,0,157
11,R2,SKU_D,207,0,0,112
11,R2,SKU_E,19,0,0,650
11,R3,SKU_A,861,0,0,0
11,R3,SKU_B,695,0,0,243
11,R3,SKU_C,532,0,0,428
11,R3,SKU_D,1337,0,0,837
11,R3,SKU_E,1035,0,0,796
12,Supplier,SKU_A,0,0,0,0
12,Supplier,SKU_B,0,0,0,0
12,Supplier,SKU_C,0,0,0,0
12,Supplier,SKU_D,0,0,0,0
12,Supplier,SKU_E,0,0,0,0
12,W1,SKU_A,814,0,0,304
12,W1,SKU_B,911,0,0,473
12,W1,SKU_C,1204,0,0,653
12,W1,SKU_D,1049,0,0,397
12,W1,SKU_E,0,0,1903,1321
12,W2,SKU_A,0,0,6377,5496
12,W2,SKU_B,0,0,109,498
12,W2,SKU_C,1075,0,0,690
12,W2,SKU_D,0,0,235,704
12,W2,SKU_E,300,0,0,492
12,R1,SKU_A,632,0,0,181
12,R1,SKU_B,118,0,0,75
12,R1,SKU_C,695,0,0,145
12,R1,SKU_D,200,0,0,83
12,R1,SKU_E,1049,0,0,0
12,R2,SKU_A,1269,0,0,311
12,R2,SKU_B,291,0,0,116
12,R2,SKU_C,220,0,0,145
12,R2,SKU_D,187,0,0,112
12,R2,SKU_E,0,37,0,1244
12,R3,SKU_A,643,0,0,0
12,R3,SKU_B,661,0,0,386
12,R3,SKU_C,515,0,0,399
12,R3,SKU_D,1358,0,0,1137
12,R3,SKU_E,1052,0,0,752
13,Supplier,SKU_A,0,0,0,0
13,Supplier,SKU_B,0,0,0,0
13,Supplier,SKU_C,0,0,0,0
13,Supplier,SKU_D,0,0,0,0
13,Supplier,SKU_E,0,0,0,0
13,W1,SKU_A,798,0,0,427
13,W1,SKU_B,903,0,0,481
13,W1,SKU_C,1284,0,0,573
13,W1,SKU_D,1066,0,0,380
13,W1,SKU_E,0,0,1368,786
13,W2,SKU_A,0,0,8058,7177
13,W2,SKU_B,132,0,0,257
13,W2,SKU_C,1065,0,0,700
13,W2,SKU_D,283,0,0,186
13,W2,SKU_E,792,0,0,0
13,R1,SKU_A,562,0,0,236
13,R1,SKU_B,59,0,0,115
13,R1,SKU_C,674,0,0,135
13,R1,SKU_D,175,0,0,78
13,R1,SKU_E,979,0,0,0
13,R2,SKU_A,1447,0,0,0
13,R2,SKU_B,265,0,0,162
13,R2,SKU_C,206,0,0,141
13,R2,SKU_D,186,0,0,108
13,R2,SKU_E,74,0,0,1611
13,R3,SKU_A,356,0,0,0
13,R3,SKU_B,583,0,0,457
13,R3,SKU_C,411,0,0,448
13,R3,SKU_D,1393,0,0,1199
13,R3,SKU_E,1100,0,0,577
14,Supplier,SKU_A,0,0,0,0
14,Supplier,SKU_B,0,0,0,0
14,Supplier,SKU_C,0,0,0,0
14,Supplier,SKU_D,0,0,0,0
14,Supplier,SKU_E,0,0,0,0
14,W1,SKU_A,808,0,0,550
14,W1,SKU_B,860,0,0,524
14,W1,SKU_C,1224,0,0,633
14,W1,SKU_D,1008,0,0,438
14,W1,SKU_E,0,0,989,407
14,W2,SKU_A,0,0,9301,8420
14,W2,SKU_B,151,0,0,238
14,W2,SKU_C,993,0,0,772
14,W2,SKU_D,395,0,0,74
14,W2,SKU_E,792,0,0,0
14,R1,SKU_A,509,0,0,295
14,R1,SKU_B,33,0,0,159
14,R1,SKU_C,644,0,0,173
14,R1,SKU_D,155,0,0,106
14,R1,SKU_E,901,0,0,0
14,R2,SKU_A,1318,0,0,0
14,R2,SKU_B,262,0,0,178
14,R2,SKU_C,205,0,0,161
14,R2,SKU_D,171,0,0,132
14,R2,SKU_E,503,0,0,1508
14,R3,SKU_A,42,0,0,725
14,R3,SKU_B,574,0,0,407
14,R3,SKU_C,372,0,0,574
14,R3,SKU_D,1535,0,0,964
14,R3,SKU_E,1248,0,0,353
15,Supplier,SKU_A,0,0,0,0
15,Supplier,SKU_B,0,0,0,0
15,Supplier,SKU_C,0,0,0,0
15,Supplier,SKU_D,0,0,0,0
15,Supplier,SKU_E,0,0,0,0
15,W1,SKU_A,577,0,0,828
15,W1,SKU_B,806,0,0,578
15,W1,SKU_C,1183,0,0,674
15,W1,SKU_D,990,0,0,456
15,W1,SKU_E,0,0,770,188
15,W2,SKU_A,0,0,9908,9027
15,W2,SKU_B,195,0,0,194
15,W2,SKU_C,976,0,0,789
15,W2,SKU_D,469,0,0,0
15,W2,SKU_E,792,0,0,0
15,R1,SKU_A,508,0,0,304
15,R1,SKU_B,69,0,0,160
15,R1,SKU_C,639,0,0,196
15,R1,SKU_D,132,0,0,128
15,R1,SKU_E,852,0,0,0
15,R2,SKU_A,1223,0,0,82
15,R2,SKU_B,253,0,0,193
15,R2,SKU_C,197,0,0,173
15,R2,SKU_D,158,0,0,148
15,R2,SKU_E,1053,0,0,1133
15,R3,SKU_A,0,162,0,1675
15,R3,SKU_B,634,0,0,292
15,R3,SKU_C,359,0,0,613
15,R3,SKU_D,1761,0,0,650
15,R3,SKU_E,1472,0,0,65
16,Supplier,SKU_A,0,0,0,0
16,Supplier,SKU_B,0,0,0,0
16,Supplier,SKU_C,0,0,0,0
16,Supplier,SKU_D,0,0,0,0
16,Supplier,SKU_E,0,0,0,0
16,W1,SKU_A,341,0,0,1064
16,W1,SKU_B,805,0,0,579
16,W1,SKU_C,1191,0,0,666
16,W1,SKU_D,960,0,0,486
16,W1,SKU_E,0,0,582,0
16,W2,SKU_A,0,0,9640,8597
16,W2,SKU_B,210,0,0,179
16,W2,SKU_C,963,0,0,802
16,W2,SKU_D,469,0,0,0
16,W2,SKU_E,792,0,0,0
16,R1,SKU_A,542,0,0,290
16,R1,SKU_B,131,0,0,105
16,R1,SKU_C,688,0,0,170
16,R1,SKU_D,170,0,0,121
16,R1,SKU_E,815,0,0,0
16,R2,SKU_A,1135,0,0,177
16,R2,SKU_B,289,0,0,154
16,R2,SKU_C,207,0,0,168
16,R2,SKU_D,167,0,0,141
16,R2,SKU_E,1550,0,0,786
16,R3,SKU_A,0,335,0,2754
16,R3,SKU_B,760,0,0,166
16,R3,SKU_C,386,0,0,601
16,R3,SKU_D,2093,0,0,235
16,R3,SKU_E,1474,0,0,0
17,Supplier,SKU_A,0,0,0,0
17,Supplier,SKU_B,0,0,0,0
17,Supplier,SKU_C,0,0,0,0
17,Supplier,SKU_D,0,0,0,0
17,Supplier,SKU_E,0,0,0,0
17,W1,SKU_A,147,0,0,1258
17,W1,SKU_B,811,0,0,573
17,W1,SKU_C,1199,0,0,658
17,W1,SKU_D,959,0,0,487
17,W1,SKU_E,0,0,582,0
17,W2,SKU_A,0,0,8361,7318
17,W2,SKU_B,232,0,0,157
17,W2,SKU_C,965,0,0,800
17,W2,SKU_D,469,0,0,0
17,W2,SKU_E,792,0,0,0
17,R1,SKU_A,555,0,0,262
17,R1,SKU_B,175,0,0,61
17,R1,SKU_C,716,0,0,129
17,R1,SKU_D,187,0,0,91
17,R1,SKU_E,780,0,0,0
17,R2,SKU_A,1045,0,0,265
17,R2,SKU_B,297,0,0,138
17,R2,SKU_C,244,0,0,140
17,R2,SKU_D,174,0,0,127
17,R2,SKU_E,1891,0,0,407
17,R3,SKU_A,0,490,0,4033
17,R3,SKU_B,813,0,0,113
17,R3,SKU_C,470,0,0,528
17,R3,SKU_D,2252,0,0,0
17,R3,SKU_E,1404,0,0,0
18,Supplier,SKU_A,0,0,0,0
18,Supplier,SKU_B,0,0,0,0
18,Supplier,SKU_C,0,0,0,0
18,Supplier,SKU_D,0,0,0,0
18,Supplier,SKU_E,0,0,0,0
18,W1,SKU_A,168,0,0,1237
18,W1,SKU_B,882,0,0,502
18,W1,SKU_C,1223,0,0,634
18,W1,SKU_D,956,0,0,490
18,W1,SKU_E,0,0,582,0
18,W2,SKU_A,0,0,6898,5855
18,W2,SKU_B,220,0,0,169
18,W2,SKU_C,1003,0,0,762
18,W2,SKU_D,469,0,0,0
18,W2,SKU_E,792,0,0,0
18,R1,SKU_A,609,0,0,257
18,R1,SKU_B,169,0,0,54
18,R1,SKU_C,729,0,0,119
18,R1,SKU_D,230,0,0,73
18,R1,SKU_E,741,0,0,0
18,R2,SKU_A,1027,0,0,273
18,R2,SKU_B,310,0,0,143
18,R2,SKU_C,263,0,0,122
18,R2,SKU_D,191,0,0,129
18,R2,SKU_E,2076,0,0,188
18,R3,SKU_A,36,0,0,4771
18,R3,SKU_B,757,0,0,169
18,R3,SKU_C,553,0,0,389
18,R3,SKU_D,2168,0,0,0
18,R3,SKU_E,1334,0,0,0
19,Supplier,SKU_A,0,0,0,0
19,Supplier,SKU_B,0,0,0,0
19,Supplier,SKU_C,0,0,0,0
19,Supplier,SKU_D,0,0,0,0
19,Supplier,SKU_E,0,0,0,0
19,W1,SKU_A,269,0,0,1136
19,W1,SKU_B,957,0,0,427
19,W1,SKU_C,1300,0,0,557
19,W1,SKU_D,1032,0,0,414
19,W1,SKU_E,0,0,582,0
19,W2,SKU_A,0,0,5217,4174
19,W2,SKU_B,164,0,0,225
19,W2,SKU_C,1031,0,0,734
19,W2,SKU_D,469,0,0,0
19,W2,SKU_E,792,0,0,0
19,R1,SKU_A,593,0,0,223
19,R1,SKU_B,150,0,0,67
19,R1,SKU_C,700,0,0,129
19,R1,SKU_D,209,0,0,61
19,R1,SKU_E,679,0,0,0
19,R2,SKU_A,998,0,0,278
19,R2,SKU_B,287,0,0,136
19,R2,SKU_C,269,0,0,107
19,R2,SKU_D,186,0,0,115
19,R2,SKU_E,2220,0,0,0
19,R3,SKU_A,796,0,0,5502
19,R3,SKU_B,697,0,0,224
19,R3,SKU_C,585,0,0,393
19,R3,SKU_D,2075,0,0,0
19,R3,SKU_E,1253,0,0,0
20,Supplier,SKU_A,0,0,0,0
20,Supplier,SKU_B,0,0,0,0
20,Supplier,SKU_C,0,0,0,0
20,Supplier,SKU_D,0,0,0,0
20,Supplier,SKU_E,0,0,0,0
20,W1,SKU_A,286,0,0,1119
20,W1,SKU_B,965,0,0,419
20,W1,SKU_C,1322,0,0,535
20,W1,SKU_D,1039,0,0,407
20,W1,SKU_E,0,0,582,0
20,W2,SKU_A,0,0,3249,2206
20,W2,SKU_B,103,0,0,286
20,W2,SKU_C,1150,0,0,615
20,W2,SKU_D,469,0,0,0
20,W2,SKU_E,792,0,0,0
20,R1,SKU_A,563,0,0,224
20,R1,SKU_B,86,0,0,86
20,R1,SKU_C,664,0,0,145
20,R1,SKU_D,169,0,0,69
20,R1,SKU_E,607,0,0,0
20,R2,SKU_A,953,0,0,314
20,R2,SKU_B,258,0,0,156
20,R2,SKU_C,266,0,0,106
20,R2,SKU_D,177,0,0,122
20,R2,SKU_E,2164,0,0,0
20,R3,SKU_A,1615,0,0,6391
20,R3,SKU_B,643,0,0,229
20,R3,SKU_C,501,0,0,387
20,R3,SKU_D,1950,0,0,0
20,R3,SKU_E,1166,0,0,0
21,Supplier,SKU_A,0,0,0,0
21,Supplier,SKU_B,0,0,0,0
21,Supplier,SKU_C,0,0,0,0
21,Supplier,SKU_D,0,0,0,0
21,Supplier,SKU_E,0,0,0,0
21,W1,SKU_A,223,0,0,1182
21,W1,SKU_B,876,0,0,508
21,W1,SKU_C,1298,0,0,559
21,W1,SKU_D,1010,0,0,436
21,W1,SKU_E,0,0,631,0
21,W2,SKU_A,0,0,1692,649
21,W2,SKU_B,0,0,6,395
21,W2,SKU_C,1092,0,0,673
21,W2,SKU_D,469,0,0,0
21,W2,SKU_E,792,0,0,0
21,R1,SKU_A,501,0,0,303
21,R1,SKU_B,45,0,0,137
21,R1,SKU_C,626,0,0,184
21,R1,SKU_D,127,0,0,134
21,R1,SKU_E,544,0,0,0
21,R2,SKU_A,921,0,0,357
21,R2,SKU_B,239,0,0,177
21,R2,SKU_C,234,0,0,118
21,R2,SKU_D,168,0,0,124
21,R2,SKU_E,2122,0,0,0
21,R3,SKU_A,2675,0,0,6669
21,R3,SKU_B,606,0,0,277
21,R3,SKU_C,442,0,0,486
21,R3,SKU_D,1848,0,0,0
21,R3,SKU_E,1085,0,0,0
22,Supplier,SKU_A,0,0,0,0
22,Supplier,SKU_B,0,0,0,0
22,Supplier,SKU_C,0,0,0,0
22,Supplier,SKU_D,0,0,0,0
22,Supplier,SKU_E,0,0,0,0
22,W1,SKU_A,161,0,0,1244
22,W1,SKU_B,795,0,0,589
22,W1,SKU_C,1227,0,0,630
22,W1,SKU_D,964,0,0,482
22,W1,SKU_E,0,0,743,0
22,W2,SKU_A,0,0,1043,0
22,W2,SKU_B,0,0,49,438
22,W2,SKU_C,1048,0,0,717
22,W2,SKU_D,469,0,0,0
22,W2,SKU_E,787,0,0,5
22,R1,SKU_A,516,0,0,315
22,R1,SKU_B,45,0,0,172
22,R1,SKU_C,652,0,0,203
22,R1,SKU_D,136,0,0,143
22,R1,SKU_E,500,0,0,0
22,R2,SKU_A,918,0,0,379
22,R2,SKU_B,222,0,0,214
22,R2,SKU_C,234,0,0,151
22,R2,SKU_D,158,0,0,152
22,R2,SKU_E,2068,0,0,0
22,R3,SKU_A,3981,0,0,5855
22,R3,SKU_B,597,0,0,277
22,R3,SKU_C,408,0,0,556
22,R3,SKU_D,1749,0,0,0
22,R3,SKU_E,1018,0,0,5
23,Supplier,SKU_A,0,0,0,0
23,Supplier,SKU_B,0,0,0,0
23,Supplier,SKU_C,0,0,0,0
23,Supplier,SKU_D,0,0,0,0
23,Supplier,SKU_E,0,0,0,0
23,W1,SKU_A,162,0,0,1243
23,W1,SKU_B,777,0,0,607
23,W1,SKU_C,1238,0,0,619
23,W1,SKU_D,974,0,0,472
23,W1,SKU_E,0,0,899,0
23,W2,SKU_A,0,0,1043,0
23,W2,SKU_B,0,0,101,490
23,W2,SKU_C,1025,0,0,740
23,W2,SKU_D,461,0,0,8
23,W2,SKU_E,720,0,0,72
23,R1,SKU_A,577,0,0,271
23,R1,SKU_B,108,0,0,127
23,R1,SKU_C,691,0,0,157
23,R1,SKU_D,189,0,0,102
23,R1,SKU_E,462,0,0,0
23,R2,SKU_A,957,0,0,358
23,R2,SKU_B,245,0,0,201
23,R2,SKU_C,236,0,0,142
23,R2,SKU_D,164,0,0,143
23,R2,SKU_E,2041,0,0,0
23,R3,SKU_A,5494,0,0,4174
23,R3,SKU_B,589,0,0,277
23,R3,SKU_C,444,0,0,534
23,R3,SKU_D,1691,0,0,8
23,R3,SKU_E,965,0,0,72
24,Supplier,SKU_A,0,0,0,0
24,Supplier,SKU_B,0,0,0,0
24,Supplier,SKU_C,0,0,0,0
24,Supplier,SKU_D,0,0,0,0
24,Supplier,SKU_E,0,0,0,0
24,W1,SKU_A,159,0,0,1246
24,W1,SKU_B,782,0,0,602
24,W1,SKU_C,1231,0,0,626
24,W1,SKU_D,949,0,0,497
24,W1,SKU_E,0,0,1093,0
24,W2,SKU_A,0,0,1043,0
24,W2,SKU_B,0,0,161,550
24,W2,SKU_C,1005,0,0,760
24,W2,SKU_D,403,0,0,66
24,W2,SKU_E,667,0,0,125
24,R1,SKU_A,624,0,0,227
24,R1,SKU_B,159,0,0,74
24,R1,SKU_C,727,0,0,119
24,R1,SKU_D,219,0,0,72
24,R1,SKU_E,428,0,0,0
24,R2,SKU_A,1017,0,0,310
24,R2,SKU_B,276,0,0,169
24,R2,SKU_C,245,0,0,136
24,R2,SKU_D,170,0,0,135
24,R2,SKU_E,2009,0,0,0
24,R3,SKU_A,7302,0,0,2206
24,R3,SKU_B,590,0,0,272
24,R3,SKU_C,439,0,0,534
24,R3,SKU_D,1610,0,0,66
24,R3,SKU_E,899,0,0,125
25,Supplier,SKU_A,0,0,0,0
25,Supplier,SKU_B,0,0,0,0
25,Supplier,SKU_C,0,0,0,0
25,Supplier,SKU_D,0,0,0,0
25,Supplier,SKU_E,0,0,0,0
25,W1,SKU_A,245,0,0,1160
25,W1,SKU_B,820,0,0,564
25,W1,SKU_C,1253,0,0,604
25,W1,SKU_D,974,0,0,472
25,W1,SKU_E,0,0,1321,0
25,W2,SKU_A,0,0,1043,0
25,W2,SKU_B,0,0,225,614
25,W2,SKU_C,1036,0,0,729
25,W2,SKU_D,322,0,0,147
25,W2,SKU_E,601,0,0,191
25,R1,SKU_A,632,0,0,207
25,R1,SKU_B,156,0,0,58
25,R1,SKU_C,722,0,0,128
25,R1,SKU_D,231,0,0,60
25,R1,SKU_E,409,0,0,0
25,R2,SKU_A,1046,0,0,261
25,R2,SKU_B,294,0,0,140
25,R2,SKU_C,259,0,0,107
25,R2,SKU_D,185,0,0,122
25,R2,SKU_E,1970,0,0,0
25,R3,SKU_A,8675,0,0,649
25,R3,SKU_B,640,0,0,224
25,R3,SKU_C,524,0,0,449
25,R3,SKU_D,1506,0,0,147
25,R3,SKU_E,823,0,0,191
26,Supplier,SKU_A,0,0,0,0
26,Supplier,SKU_B,0,0,0,0
26,Supplier,SKU_C,0,0,0,0
26,Supplier,SKU_D,0,0,0,0
26,Supplier,SKU_E,0,0,0,0
26,W1,SKU_A,337,0,0,1068
26,W1,SKU_B,882,0,0,502
26,W1,SKU_C,1288,0,0,569
26,W1,SKU_D,1035,0,0,411
26,W1,SKU_E,0,0,1568,102
26,W2,SKU_A,0,0,1043,0
26,W2,SKU_B,0,0,282,671
26,W2,SKU_C,1031,0,0,734
26,W2,SKU_D,218,0,0,251
26,W2,SKU_E,525,0,0,267
26,R1,SKU_A,627,0,0,216
26,R1,SKU_B,128,0,0,79
26,R1,SKU_C,695,0,0,126
26,R1,SKU_D,217,0,0,60
26,R1,SKU_E,359,0,0,0
26,R2,SKU_A,1076,0,0,251
26,R2,SKU_B,281,0,0,142
26,R2,SKU_C,254,0,0,126
26,R2,SKU_D,172,0,0,125
26,R2,SKU_E,1919,0,0,0
26,R3,SKU_A,9155,0,0,0
26,R3,SKU_B,649,0,0,229
26,R3,SKU_C,568,0,0,404
26,R3,SKU_D,1413,0,0,251
26,R3,SKU_E,743,0,0,262
27,Supplier,SKU_A,0,0,0,0
27,Supplier,SKU_B,0,0,0,0
27,Supplier,SKU_C,0,0,0,0
27,Supplier,SKU_D,0,0,0,0
27,Supplier,SKU_E,0,0,0,0
27,W1,SKU_A,425,0,0,980
27,W1,SKU_B,914,0,0,470
27,W1,SKU_C,1327,0,0,530
27,W1,SKU_D,1056,0,0,390
27,W1,SKU_E,0,0,1865,450
27,W2,SKU_A,0,0,1043,0
27,W2,SKU_B,0,0,276,665
27,W2,SKU_C,1115,0,0,650
27,W2,SKU_D,125,0,0,344
27,W2,SKU_E,440,0,0,352
27,R1,SKU_A,568,0,0,224
27,R1,SKU_B,88,0,0,105
27,R1,SKU_C,634,0,0,151
27,R1,SKU_D,183,0,0,74
27,R1,SKU_E,298,0,0,0
27,R2,SKU_A,1051,0,0,239
27,R2,SKU_B,248,0,0,165
27,R2,SKU_C,227,0,0,124
27,R2,SKU_D,159,0,0,135
27,R2,SKU_E,1876,0,0,0
27,R3,SKU_A,8927,0,0,0
27,R3,SKU_B,610,0,0,283
27,R3,SKU_C,488,0,0,396
27,R3,SKU_D,1309,0,0,336
27,R3,SKU_E,705,0,0,280
28,Supplier,SKU_A,0,0,0,0
28,Supplier,SKU_B,0,0,0,0
28,Supplier,SKU_C,0,0,0,0
28,Supplier,SKU_D,0,0,0,0
28,Supplier,SKU_E,0,0,0,0
28,W1,SKU_A,379,0,0,1026
28,W1,SKU_B,867,0,0,517
28,W1,SKU_C,1223,0,0,634
28,W1,SKU_D,1018,0,0,428
28,W1,SKU_E,0,0,2223,851
28,W2,SKU_A,0,0,1043,0
28,W2,SKU_B,0,0,266,655
28,W2,SKU_C,1071,0,0,694
28,W2,SKU_D,13,0,0,456
28,W2,SKU_E,340,0,0,452
28,R1,SKU_A,516,0,0,271
28,R1,SKU_B,66,0,0,126
28,R1,SKU_C,594,0,0,216
28,R1,SKU_D,152,0,0,108
28,R1,SKU_E,240,0,0,0
28,R2,SKU_A,1019,0,0,276
28,R2,SKU_B,222,0,0,197
28,R2,SKU_C,205,0,0,154
28,R2,SKU_D,152,0,0,146
28,R2,SKU_E,1832,0,0,0
28,R3,SKU_A,8714,0,0,0
28,R3,SKU_B,609,0,0,326
28,R3,SKU_C,487,0,0,490
28,R3,SKU_D,1289,0,0,390
28,R3,SKU_E,690,0,0,332
29,Supplier,SKU_A,0,0,0,0
29,Supplier,SKU_B,0,0,0,0
29,Supplier,SKU_C,0,0,0,0
29,Supplier,SKU_D,0,0,0,0
29,Supplier,SKU_E,0,0,0,0
29,W1,SKU_A,298,0,0,1107
29,W1,SKU_B,797,0,0,587
29,W1,SKU_C,1166,0,0,691
29,W1,SKU_D,978,0,0,468
29,W1,SKU_E,0,0,2639,1311
29,W2,SKU_A,0,0,1043,0
29,W2,SKU_B,0,0,205,594
29,W2,SKU_C,1084,0,0,681
29,W2,SKU_D,0,0,57,526
29,W2,SKU_E,339,0,0,453
29,R1,SKU_A,506,0,0,327
29,R1,SKU_B,71,0,0,141
29,R1,SKU_C,586,0,0,227
29,R1,SKU_D,146,0,0,125
29,R1,SKU_E,203,0,0,0
29,R2,SKU_A,997,0,0,288
29,R2,SKU_B,228,0,0,212
29,R2,SKU_C,206,0,0,161
29,R2,SKU_D,158,0,0,155
29,R2,SKU_E,1785,0,0,0
29,R3,SKU_A,8523,0,0,0
29,R3,SKU_B,589,0,0,378
29,R3,SKU_C,482,0,0,486
29,R3,SKU_D,1296,0,0,330
29,R3,SKU_E,668,0,0,334
30,Supplier,SKU_A,0,0,0,0
30,Supplier,SKU_B,0,0,0,0
30,Supplier,SKU_C,0,0,0,0
30,Supplier,SKU_D,0,0,0,0
30,Supplier,SKU_E,0,0,0,0
30,W1,SKU_A,238,0,0,1167
30,W1,SKU_B,771,0,0,613
30,W1,SKU_C,1119,0,0,738
30,W1,SKU_D,966,0,0,480
30,W1,SKU_E,0,0,3092,1811
30,W2,SKU_A,0,0,1043,0
30,W2,SKU_B,0,0,104,493
30,W2,SKU_C,1074,0,0,691
30,W2,SKU_D,0,0,130,599
30,W2,SKU_E,304,0,0,488
30,R1,SKU_A,568,0,0,286
30,R1,SKU_B,109,0,0,122
30,R1,SKU_C,652,0,0,199
30,R1,SKU_D,183,0,0,111
30,R1,SKU_E,163,0,0,0
30,R2,SKU_A,993,0,0,330
30,R2,SKU_B,244,0,0,195
30,R2,SKU_C,197,0,0,174
30,R2,SKU_D,174,0,0,139
30,R2,SKU_E,1757,0,0,0
30,R3,SKU_A,8353,0,0,0
30,R3,SKU_B,601,0,0,433
30,R3,SKU_C,504,0,0,491
30,R3,SKU_D,1335,0,0,284
30,R3,SKU_E,680,0,0,346
31,Supplier,SKU_A,0,0,0,0
31,Supplier,SKU_B,0,0,0,0
31,Supplier,SKU_C,0,0,0,0
31,Supplier,SKU_D,0,0,0,0
31,Supplier,SKU_E,0,0,0,0
31,W1,SKU_A,269,0,0,1136
31,W1,SKU_B,793,0,0,591
31,W1,SKU_C,1125,0,0,732
31,W1,SKU_D,975,0,0,471
31,W1,SKU_E,0,0,3483,2230
31,W2,SKU_A,0,0,1043,0
31,W2,SKU_B,16,0,0,373
31,W2,SKU_C,1096,0,0,669
31,W2,SKU_D,0,0,187,656
31,W2,SKU_E,306,0,0,486
31,R1,SKU_A,637,0,0,219
31,R1,SKU_B,128,0,0,83
31,R1,SKU_C,694,0,0,158
31,R1,SKU_D,204,0,0,77
31,R1,SKU_E,119,0,0,102
31,R2,SKU_A,1020,0,0,297
31,R2,SKU_B,276,0,0,169
31,R2,SKU_C,239,0,0,154
31,R2,SKU_D,203,0,0,120
31,R2,SKU_E,1726,0,0,0
31,R3,SKU_A,8197,0,0,0
31,R3,SKU_B,655,0,0,427
31,R3,SKU_C,507,0,0,468
31,R3,SKU_D,1336,0,0,272
31,R3,SKU_E,705,0,0,325
32,Supplier,SKU_A,0,0,0,0
32,Supplier,SKU_B,0,0,0,0
32,Supplier,SKU_C,0,0,0,0
32,Supplier,SKU_D,0,0,0,0
32,Supplier,SKU_E,0,0,0,0
32,W1,SKU_A,272,0,0,1133
32,W1,SKU_B,819,0,0,565
32,W1,SKU_C,1169,0,0,688
32,W1,SKU_D,1005,0,0,441
32,W1,SKU_E,0,0,3570,2348
32,W2,SKU_A,0,0,1043,0
32,W2,SKU_B,134,0,0,255
32,W2,SKU_C,1098,0,0,667
32,W2,SKU_D,0,0,232,701
32,W2,SKU_E,322,0,0,470
32,R1,SKU_A,636,0,0,196
32,R1,SKU_B,125,0,0,84
32,R1,SKU_C,713,0,0,119
32,R1,SKU_D,217,0,0,67
32,R1,SKU_E,78,0,0,450
32,R2,SKU_A,1056,0,0,275
32,R2,SKU_B,298,0,0,143
32,R2,SKU_C,262,0,0,120
32,R2,SKU_D,220,0,0,95
32,R2,SKU_E,1696,0,0,0
32,R3,SKU_A,8010,0,0,0
32,R3,SKU_B,689,0,0,328
32,R3,SKU_C,582,0,0,377
32,R3,SKU_D,1370,0,0,264
32,R3,SKU_E,735,0,0,280
33,Supplier,SKU_A,0,0,0,0
33,Supplier,SKU_B,0,0,0,0
33,Supplier,SKU_C,0,0,0,0
33,Supplier,SKU_D,0,0,0,0
33,Supplier,SKU_E,0,0,0,0
33,W1,SKU_A,353,0,0,1052
33,W1,SKU_B,863,0,0,521
33,W1,SKU_C,1247,0,0,610
33,W1,SKU_D,1053,0,0,393
33,W1,SKU_E,0,0,3297,2105
33,W2,SKU_A,0,0,1043,0
33,W2,SKU_B,238,0,0,151
33,W2,SKU_C,1085,0,0,680
33,W2,SKU_D,0,0,262,731
33,W2,SKU_E,332,0,0,460
33,R1,SKU_A,577,0,0,218
33,R1,SKU_B,94,0,0,106
33,R1,SKU_C,669,0,0,138
33,R1,SKU_D,194,0,0,77
33,R1,SKU_E,136,0,0,749
33,R2,SKU_A,1076,0,0,229
33,R2,SKU_B,299,0,0,142
33,R2,SKU_C,263,0,0,105
33,R2,SKU_D,204,0,0,93
33,R2,SKU_E,1664,0,0,0
33,R3,SKU_A,7836,0,0,0
33,R3,SKU_B,703,0,0,220
33,R3,SKU_C,573,0,0,395
33,R3,SKU_D,1314,0,0,336
33,R3,SKU_E,733,0,0,287
34,Supplier,SKU_A,0,0,0,0
34,Supplier,SKU_B,0,0,0,0
34,Supplier,SKU_C,0,0,0,0
34,Supplier,SKU_D,0,0,0,0
34,Supplier,SKU_E,0,0,0,0
34,W1,SKU_A,371,0,0,1034
34,W1,SKU_B,893,0,0,491
34,W1,SKU_C,1253,0,0,604
34,W1,SKU_D,1063,0,0,383
34,W1,SKU_E,0,0,2837,1645
34,W2,SKU_A,0,0,1043,0
34,W2,SKU_B,268,0,0,121
34,W2,SKU_C,1169,0,0,596
34,W2,SKU_D,0,0,257,726
34,W2,SKU_E,367,0,0,425
34,R1,SKU_A,486,0,0,279
34,R1,SKU_B,56,0,0,117
34,R1,SKU_C,581,0,0,183
34,R1,SKU_D,146,0,0,87
34,R1,SKU_E,417,0,0,861
34,R2,SKU_A,1071,0,0,247
34,R2,SKU_B,280,0,0,140
34,R2,SKU_C,254,0,0,108
34,R2,SKU_D,196,0,0,109
34,R2,SKU_E,1626,0,0,0
34,R3,SKU_A,7643,0,0,0
34,R3,SKU_B,756,0,0,163
34,R3,SKU_C,534,0,0,395
34,R3,SKU_D,1272,0,0,390
34,R3,SKU_E,753,0,0,269
35,Supplier,SKU_A,0,0,0,0
35,Supplier,SKU_B,0,0,0,0
35,Supplier,SKU_C,0,0,0,0
35,Supplier,SKU_D,0,0,0,0
35,Supplier,SKU_E,0,0,0,0
35,W1,SKU_A,336,0,0,1069
35,W1,SKU_B,834,0,0,550
35,W1,SKU_C,1199,0,0,658
35,W1,SKU_D,1017,0,0,429
35,W1,SKU_E,0,0,2337,1145
35,W2,SKU_A,0,0,1043,0
35,W2,SKU_B,252,0,0,137
35,W2,SKU_C,1121,0,0,644
35,W2,SKU_D,0,0,274,743
35,W2,SKU_E,367,0,0,425
35,R1,SKU_A,431,0,0,346
35,R1,SKU_B,50,0,0,153
35,R1,SKU_C,539,0,0,251
35,R1,SKU_D,108,0,0,138
35,R1,SKU_E,764,0,0,960
35,R2,SKU_A,1074,0,0,246
35,R2,SKU_B,248,0,0,165
35,R2,SKU_C,206,0,0,139
35,R2,SKU_D,175,0,0,127
35,R2,SKU_E,1575,0,0,0
35,R3,SKU_A,7423,0,0,0
35,R3,SKU_B,786,0,0,122
35,R3,SKU_C,455,0,0,461
35,R3,SKU_D,1260,0,0,387
35,R3,SKU_E,737,0,0,273
36,Supplier,SKU_A,0,0,0,0
36,Supplier,SKU_B,0,0,0,0
36,Supplier,SKU_C,0,0,0,0
36,Supplier,SKU_D,0,0,0,0
36,Supplier,SKU_E,0,0,0,0
36,W1,SKU_A,256,0,0,1149
36,W1,SKU_B,780,0,0,604
36,W1,SKU_C,1112,0,0,745
36,W1,SKU_D,958,0,0,488
36,W1,SKU_E,0,0,1816,624
36,W2,SKU_A,0,0,1043,0
36,W2,SKU_B,193,0,0,196
36,W2,SKU_C,1069,0,0,696
36,W2,SKU_D,0,0,253,722
36,W2,SKU_E,375,0,0,417
36,R1,SKU_A,425,0,0,364
36,R1,SKU_B,66,0,0,150
36,R1,SKU_C,550,0,0,268
36,R1,SKU_D,106,0,0,163
36,R1,SKU_E,1174,0,0,1021
36,R2,SKU_A,1035,0,0,257
36,R2,SKU_B,230,0,0,193
36,R2,SKU_C,196,0,0,176
36,R2,SKU_D,171,0,0,140
36,R2,SKU_E,1524,0,0,0
36,R3,SKU_A,7212,0,0,0
36,R3,SKU_B,709,0,0,196
36,R3,SKU_C,431,0,0,520
36,R3,SKU_D,1272,0,0,414
36,R3,SKU_E,718,0,0,293
37,Supplier,SKU_A,0,0,0,0
37,Supplier,SKU_B,0,0,0,0
37,Supplier,SKU_C,0,0,0,0
37,Supplier,SKU_D,0,0,0,0
37,Supplier,SKU_E,0,0,0,0
37,W1,SKU_A,164,0,0,1241
37,W1,SKU_B,763,0,0,621
37,W1,SKU_C,1057,0,0,800
37,W1,SKU_D,934,0,0,512
37,W1,SKU_E,0,0,1350,158
37,W2,SKU_A,0,0,1043,0
37,W2,SKU_B,116,0,0,273
37,W2,SKU_C,1025,0,0,740
37,W2,SKU_D,0,0,186,655
37,W2,SKU_E,360,0,0,432
37,R1,SKU_A,497,0,0,340
37,R1,SKU_B,102,0,0,107
37,R1,SKU_C,610,0,0,214
37,R1,SKU_D,155,0,0,127
37,R1,SKU_E,1635,0,0,987
37,R2,SKU_A,1052,0,0,270
37,R2,SKU_B,226,0,0,211
37,R2,SKU_C,216,0,0,172
37,R2,SKU_D,188,0,0,126
37,R2,SKU_E,1490,0,0,0
37,R3,SKU_A,7031,0,0,0
37,R3,SKU_B,636,0,0,273
37,R3,SKU_C,454,0,0,528
37,R3,SKU_D,1243,0,0,459
37,R3,SKU_E,728,0,0,297
38,Supplier,SKU_A,0,0,0,0
38,Supplier,SKU_B,0,0,0,0
38,Supplier,SKU_C,0,0,0,0
38,Supplier,SKU_D,0,0,0,0
38,Supplier,SKU_E,0,0,0,0
38,W1,SKU_A,160,0,0,1245
38,W1,SKU_B,759,0,0,625
38,W1,SKU_C,1055,0,0,802
38,W1,SKU_D,931,0,0,515
38,W1,SKU_E,0,0,1192,0
38,W2,SKU_A,0,0,1043,0
38,W2,SKU_B,43,0,0,346
38,W2,SKU_C,1032,0,0,733
38,W2,SKU_D,0,0,92,561
38,W2,SKU_E,355,0,0,437
38,R1,SKU_A,542,0,0,280
38,R1,SKU_B,93,0,0,101
38,R1,SKU_C,657,0,0,180
38,R1,SKU_D,181,0,0,91
38,R1,SKU_E,2118,0,0,624
38,R2,SKU_A,1048,0,0,266
38,R2,SKU_B,242,0,0,194
38,R2,SKU_C,228,0,0,146
38,R2,SKU_D,205,0,0,117
38,R2,SKU_E,1448,0,0,0
38,R3,SKU_A,6781,0,0,0
38,R3,SKU_B,647,0,0,287
38,R3,SKU_C,423,0,0,514
38,R3,SKU_D,1282,0,0,496
38,R3,SKU_E,712,0,0,292
39,Supplier,SKU_A,0,0,0,0
39,Supplier,SKU_B,0,0,0,0
39,Supplier,SKU_C,0,0,0,0
39,Supplier,SKU_D,0,0,0,0
39,Supplier,SKU_E,0,0,0,0
39,W1,SKU_A,196,0,0,1209
39,W1,SKU_B,748,0,0,636
39,W1,SKU_C,1091,0,0,766
39,W1,SKU_D,957,0,0,489
39,W1,SKU_E,0,0,1192,0
39,W2,SKU_A,0,0,1043,0
39,W2,SKU_B,0,0,5,394
39,W2,SKU_C,1010,0,0,755
39,W2,SKU_D,31,0,0,438
39,W2,SKU_E,344,0,0,448
39,R1,SKU_A,573,0,0,247
39,R1,SKU_B,65,0,0,123
39,R1,SKU_C,669,0,0,161
39,R1,SKU_D,193,0,0,88
39,R1,SKU_E,2538,0,0,158
39,R2,SKU_A,1033,0,0,272
39,R2,SKU_B,241,0,0,171
39,R2,SKU_C,255,0,0,117
39,R2,SKU_D,200,0,0,97
39,R2,SKU_E,1396,0,0,0
39,R3,SKU_A,6549,0,0,0
39,R3,SKU_B,637,0,0,267
39,R3,SKU_C,423,0,0,506
39,R3,SKU_D,1277,0,0,510
39,R3,SKU_E,702,0,0,310
40,Supplier,SKU_A,0,0,0,0
40,Supplier,SKU_B,0,0,0,0
40,Supplier,SKU_C,0,0,0,0
40,Supplier,SKU_D,0,0,0,0
40,Supplier,SKU_E,0,0,0,0
40,W1,SKU_A,238,0,0,1167
40,W1,SKU_B,755,0,0,629
40,W1,SKU_C,1167,0,0,690
40,W1,SKU_D,997,0,0,449
40,W1,SKU_E,0,0,1192,0
40,W2,SKU_A,0,0,1043,0
40,W2,SKU_B,0,0,24,413
40,W2,SKU_C,971,0,0,794
40,W2,SKU_D,138,0,0,331
40,W2,SKU_E,336,0,0,456
40,R1,SKU_A,545,0,0,264
40,R1,SKU_B,60,0,0,144
40,R1,SKU_C,651,0,0,155
40,R1,SKU_D,182,0,0,89
40,R1,SKU_E,2657,0,0,0
40,R2,SKU_A,1040,0,0,259
40,R2,SKU_B,231,0,0,182
40,R2,SKU_C,225,0,0,117
40,R2,SKU_D,184,0,0,111
40,R2,SKU_E,1336,0,0,0
40,R3,SKU_A,6335,0,0,0
40,R3,SKU_B,630,0,0,252
40,R3,SKU_C,451,0,0,493
40,R3,SKU_D,1303,0,0,379
40,R3,SKU_E,675,0,0,308
41,Supplier,SKU_A,0,0,0,0
41,Supplier,SKU_B,0,0,0,0
41,Supplier,SKU_C,0,0,0,0
41,Supplier,SKU_D,0,0,0,0
41,Supplier,SKU_E,0,0,0,0
41,W1,SKU_A,249,0,0,1156
41,W1,SKU_B,756,0,0,628
41,W1,SKU_C,1180,0,0,677
41,W1,SKU_D,1015,0,0,431
41,W1,SKU_E,0,0,1192,0
41,W2,SKU_A,0,0,1043,0
41,W2,SKU_B,0,0,61,450
41,W2,SKU_C,986,0,0,779
41,W2,SKU_D,158,0,0,311
41,W2,SKU_E,297,0,0,495
41,R1,SKU_A,476,0,0,277
41,R1,SKU_B,34,0,0,134
41,R1,SKU_C,578,0,0,186
41,R1,SKU_D,168,0,0,90
41,R1,SKU_E,2608,0,0,0
41,R2,SKU_A,1016,0,0,282
41,R2,SKU_B,196,0,0,206
41,R2,SKU_C,189,0,0,163
41,R2,SKU_D,159,0,0,130
41,R2,SKU_E,1274,0,0,0
41,R3,SKU_A,6068,0,0,0
41,R3,SKU_B,608,0,0,238
41,R3,SKU_C,376,0,0,500
41,R3,SKU_D,1311,0,0,316
41,R3,SKU_E,656,0,0,336
42,Supplier,SKU_A,0,0,0,0
42,Supplier,SKU_B,0,0,0,0
42,Supplier,SKU_C,0,0,0,0
42,Supplier,SKU_D,0,0,0,0
42,Supplier,SKU_E,0,0,0,0
42,W1,SKU_A,219,0,0,1186
42,W1,SKU_B,687,0,0,697
42,W1,SKU_C,1106,0,0,751
42,W1,SKU_D,982,0,0,464
42,W1,SKU_E,0,0,1192,0
42,W2,SKU_A,0,0,1043,0
42,W2,SKU_B,0,0,123,512
42,W2,SKU_C,946,0,0,819
42,W2,SKU_D,138,0,0,331
42,W2,SKU_E,279,0,0,513
42,R1,SKU_A,396,0,0,344
42,R1,SKU_B,0,8,0,154
42,R1,SKU_C,498,0,0,252
42,R1,SKU_D,153,0,0,113
42,R1,SKU_E,2542,0,0,0
42,R2,SKU_A,990,0,0,298
42,R2,SKU_B,164,0,0,240
42,R2,SKU_C,166,0,0,185
42,R2,SKU_D,128,0,0,163
42,R2,SKU_E,1213,0,0,0
42,R3,SKU_A,5810,0,0,0
42,R3,SKU_B,598,0,0,239
42,R3,SKU_C,300,0,0,606
42,R3,SKU_D,1346,0,0,297
42,R3,SKU_E,616,0,0,369
43,Supplier,SKU_A,0,0,0,0
43,Supplier,SKU_B,0,0,0,0
43,Supplier,SKU_C,0,0,0,0
43,Supplier,SKU_D,0,0,0,0
43,Supplier,SKU_E,0,0,0,0
43,W1,SKU_A,88,0,0,1317
43,W1,SKU_B,591,0,0,785
43,W1,SKU_C,995,0,0,862
43,W1,SKU_D,943,0,0,503
43,W1,SKU_E,0,0,1192,0
43,W2,SKU_A,0,0,1043,0
43,W2,SKU_B,0,0,191,580
43,W2,SKU_C,901,0,0,864
43,W2,SKU_D,95,0,0,374
43,W2,SKU_E,253,0,0,539
43,R1,SKU_A,381,0,0,413
43,R1,SKU_B,0,22,0,212
43,R1,SKU_C,466,0,0,308
43,R1,SKU_D,128,0,0,118
43,R1,SKU_E,2480,0,0,0
43,R2,SKU_A,942,0,0,315
43,R2,SKU_B,175,0,0,248
43,R2,SKU_C,72,0,0,206
43,R2,SKU_D,107,0,0,169
43,R2,SKU_E,1147,0,0,0
43,R3,SKU_A,5626,0,0,0
43,R3,SKU_B,557,0,0,273
43,R3,SKU_C,303,0,0,637
43,R3,SKU_D,1373,0,0,319
43,R3,SKU_E,631,0,0,388
44,Supplier,SKU_A,0,0,0,0
44,Supplier,SKU_B,0,0,0,0
44,Supplier,SKU_C,0,0,0,0
44,Supplier,SKU_D,0,0,0,0
44,Supplier,SKU_E,0,0,0,0
44,W1,SKU_A,3,0,0,1402
44,W1,SKU_B,574,0,0,788
44,W1,SKU_C,836,0,0,1021
44,W1,SKU_D,871,0,0,575
44,W1,SKU_E,0,0,1192,0
44,W2,SKU_A,0,0,1043,0
44,W2,SKU_B,0,0,270,659
44,W2,SKU_C,859,0,0,906
44,W2,SKU_D,85,0,0,384
44,W2,SKU_E,247,0,0,545
44,R1,SKU_A,434,0,0,372
44,R1,SKU_B,9,0,0,190
44,R1,SKU_C,530,0,0,298
44,R1,SKU_D,157,0,0,130
44,R1,SKU_E,2439,0,0,0
44,R2,SKU_A,936,0,0,357
44,R2,SKU_B,192,0,0,238
44,R2,SKU_C,74,0,0,270
44,R2,SKU_D,95,0,0,188
44,R2,SKU_E,1098,0,0,0
44,R3,SKU_A,5401,0,0,0
44,R3,SKU_B,544,0,0,287
44,R3,SKU_C,335,0,0,626
44,R3,SKU_D,1285,0,0,384
44,R3,SKU_E,614,0,0,381
45,Supplier,SKU_A,0,0,0,0
45,Supplier,SKU_B,0,0,0,0
45,Supplier,SKU_C,0,0,0,0
45,Supplier,SKU_D,0,0,0,0
45,Supplier,SKU_E,0,0,0,0
45,W1,SKU_A,0,0,23,1428
45,W1,SKU_B,603,0,0,781
45,W1,SKU_C,806,0,0,1051
45,W1,SKU_D,863,0,0,583
45,W1,SKU_E,0,0,1192,0
45,W2,SKU_A,0,0,1043,0
45,W2,SKU_B,0,0,373,762
45,W2,SKU_C,883,0,0,882
45,W2,SKU_D,0,0,3,472
45,W2,SKU_E,238,0,0,554
45,R1,SKU_A,471,0,0,306
45,R1,SKU_B,35,0,0,137
45,R1,SKU_C,626,0,0,220
45,R1,SKU_D,137,0,0,109
45,R1,SKU_E,2387,0,0,0
45,R2,SKU_A,939,0,0,339
45,R2,SKU_B,224,0,0,210
45,R2,SKU_C,100,0,0,278
45,R2,SKU_D,106,0,0,194
45,R2,SKU_E,1044,0,0,0
45,R3,SKU_A,5237,0,0,0
45,R3,SKU_B,522,0,0,272
45,R3,SKU_C,317,0,0,609
45,R3,SKU_D,1283,0,0,394
45,R3,SKU_E,648,0,0,369
46,Supplier,SKU_A,0,0,0,0
46,Supplier,SKU_B,0,0,0,0
46,Supplier,SKU_C,0,0,0,0
46,Supplier,SKU_D,0,0,0,0
46,Supplier,SKU_E,0,0,0,0
46,W1,SKU_A,0,0,76,1481
46,W1,SKU_B,592,0,0,792
46,W1,SKU_C,882,0,0,975
46,W1,SKU_D,843,0,0,603
46,W1,SKU_E,0,0,1192,0
46,W2,SKU_A,0,0,1043,0
46,W2,SKU_B,0,0,483,872
46,W2,SKU_C,880,0,0,885
46,W2,SKU_D,0,0,83,552
46,W2,SKU_E,243,0,0,549
46,R1,SKU_A,463,0,0,323
46,R1,SKU_B,29,0,0,155
46,R1,SKU_C,676,0,0,148
46,R1,SKU_D,153,0,0,109
46,R1,SKU_E,2337,0,0,0
46,R2,SKU_A,951,0,0,296
46,R2,SKU_B,234,0,0,180
46,R2,SKU_C,118,0,0,251
46,R2,SKU_D,115,0,0,185
46,R2,SKU_E,1008,0,0,0
46,R3,SKU_A,5038,0,0,0
46,R3,SKU_B,533,0,0,276
46,R3,SKU_C,396,0,0,559
46,R3,SKU_D,1331,0,0,264
46,R3,SKU_E,677,0,0,344
47,Supplier,SKU_A,0,0,0,0
47,Supplier,SKU_B,0,0,0,0
47,Supplier,SKU_C,0,0,0,0
47,Supplier,SKU_D,0,0,0,0
47,Supplier,SKU_E,0,0,0,0
47,W1,SKU_A,0,0,94,1499
47,W1,SKU_B,620,0,0,764
47,W1,SKU_C,959,0,0,898
47,W1,SKU_D,858,0,0,588
47,W1,SKU_E,0,0,1192,0
47,W2,SKU_A,0,0,1043,0
47,W2,SKU_B,0,0,556,945
47,W2,SKU_C,891,0,0,874
47,W2,SKU_D,0,0,170,639
47,W2,SKU_E,281,0,0,511
47,R1,SKU_A,428,0,0,343
47,R1,SKU_B,15,0,0,170
47,R1,SKU_C,607,0,0,152
47,R1,SKU_D,113,0,0,134
47,R1,SKU_E,2288,0,0,0
47,R2,SKU_A,969,0,0,288
47,R2,SKU_B,215,0,0,189
47,R2,SKU_C,187,0,0,160
47,R2,SKU_D,135,0,0,161
47,R2,SKU_E,949,0,0,0
47,R3,SKU_A,4759,0,0,0
47,R3,SKU_B,552,0,0,299
47,R3,SKU_C,399,0,0,510
47,R3,SKU_D,1333,0,0,225
47,R3,SKU_E,699,0,0,308
48,Supplier,SKU_A,0,0,0,0
48,Supplier,SKU_B,0,0,0,0
48,Supplier,SKU_C,0,0,0,0
48,Supplier,SKU_D,0,0,0,0
48,Supplier,SKU_E,0,0,0,0
48,W1,SKU_A,0,0,94,1499
48,W1,SKU_B,651,0,0,733
48,W1,SKU_C,964,0,0,893
48,W1,SKU_D,844,0,0,602
48,W1,SKU_E,0,0,1192,0
48,W2,SKU_A,0,0,1043,0
48,W2,SKU_B,0,0,551,940
48,W2,SKU_C,924,0,0,841
48,W2,SKU_D,0,0,239,708
48,W2,SKU_E,296,0,0,496
48,R1,SKU_A,420,0,0,349
48,R1,SKU_B,28,0,0,157
48,R1,SKU_C,500,0,0,239
48,R1,SKU_D,118,0,0,133
48,R1,SKU_E,2229,0,0,0
48,R2,SKU_A,947,0,0,347
48,R2,SKU_B,184,0,0,215
48,R2,SKU_C,154,0,0,157
48,R2,SKU_D,156,0,0,148
48,R2,SKU_E,879,0,0,0
48,R3,SKU_A,4503,0,0,0
48,R3,SKU_B,568,0,0,362
48,R3,SKU_C,357,0,0,541
48,R3,SKU_D,1296,0,0,290
48,R3,SKU_E,689,0,0,320
49,Supplier,SKU_A,0,0,0,0
49,Supplier,SKU_B,0,0,0,0
49,Supplier,SKU_C,0,0,0,0
49,Supplier,SKU_D,0,0,0,0
49,Supplier,SKU_E,0,0,0,0
49,W1,SKU_A,0,0,82,1487
49,W1,SKU_B,608,0,0,776
49,W1,SKU_C,962,0,0,895
49,W1,SKU_D,877,0,0,569
49,W1,SKU_E,0,0,1192,0
49,W2,SKU_A,0,0,1043,0
49,W2,SKU_B,0,0,458,847
49,W2,SKU_C,916,0,0,849
49,W2,SKU_D,0,0,296,765
49,W2,SKU_E,320,0,0,472
49,R1,SKU_A,407,0,0,366
49,R1,SKU_B,0,4,0,156
49,R1,SKU_C,452,0,0,324
49,R1,SKU_D,107,0,0,144
49,R1,SKU_E,2173,0,0,0
49,R2,SKU_A,892,0,0,396
49,R2,SKU_B,126,0,0,250
49,R2,SKU_C,86,0,0,224
49,R2,SKU_D,171,0,0,144
49,R2,SKU_E,804,0,0,0
49,R3,SKU_A,4254,0,0,0
49,R3,SKU_B,543,0,0,459
49,R3,SKU_C,283,0,0,604
49,R3,SKU_D,1259,0,0,319
49,R3,SKU_E,700,0,0,306
50,Supplier,SKU_A,0,0,0,0
50,Supplier,SKU_B,0,0,0,0
50,Supplier,SKU_C,0,0,0,0
50,Supplier,SKU_D,0,0,0,0
50,Supplier,SKU_E,0,0,0,0
50,W1,SKU_A,0,0,120,1525
50,W1,SKU_B,529,0,0,851
50,W1,SKU_C,876,0,0,981
50,W1,SKU_D,873,0,0,573
50,W1,SKU_E,0,0,1192,0
50,W2,SKU_A,0,0,1043,0
50,W2,SKU_B,0,0,306,695
50,W2,SKU_C,863,0,0,902
50,W2,SKU_D,0,0,410,879
50,W2,SKU_E,307,0,0,485
50,R1,SKU_A,443,0,0,364
50,R1,SKU_B,2,0,0,189
50,R1,SKU_C,513,0,0,307
50,R1,SKU_D,134,0,0,140
50,R1,SKU_E,2114,0,0,0
50,R2,SKU_A,945,0,0,335
50,R2,SKU_B,158,0,0,288
50,R2,SKU_C,100,0,0,283
50,R2,SKU_D,177,0,0,129
50,R2,SKU_E,782,0,0,0
50,R3,SKU_A,4050,0,0,0
50,R3,SKU_B,536,0,0,533
50,R3,SKU_C,233,0,0,643
50,R3,SKU_D,1152,0,0,384
50,R3,SKU_E,703,0,0,317
51,Supplier,SKU_A,0,0,0,0
51,Supplier,SKU_B,0,0,0,0
51,Supplier,SKU_C,0,0,0,0
51,Supplier,SKU_D,0,0,0,0
51,Supplier,SKU_E,0,0,0,0
51,W1,SKU_A,0,0,88,1493
51,W1,SKU_B,560,0,0,824
51,W1,SKU_C,855,0,0,1002
51,W1,SKU_D,907,0,0,539
51,W1,SKU_E,0,0,1192,0
51,W2,SKU_A,0,0,1043,0
51,W2,SKU_B,0,0,155,544
51,W2,SKU_C,778,0,0,987
51,W2,SKU_D,0,0,543,1012
51,W2,SKU_E,332,0,0,460
51,R1,SKU_A,492,0,0,326
51,R1,SKU_B,30,0,0,183
51,R1,SKU_C,608,0,0,226
51,R1,SKU_D,156,0,0,117
51,R1,SKU_E,2082,0,0,0
51,R2,SKU_A,992,0,0,344
51,R2,SKU_B,176,0,0,246
51,R2,SKU_C,133,0,0,247
51,R2,SKU_D,182,0,0,119
51,R2,SKU_E,748,0,0,0
51,R3,SKU_A,3911,0,0,0
51,R3,SKU_B,594,0,0,584
51,R3,SKU_C,287,0,0,722
51,R3,SKU_D,1146,0,0,397
51,R3,SKU_E,709,0,0,318
52,Supplier,SKU_A,0,0,0,0
52,Supplier,SKU_B,0,0,0,0
52,Supplier,SKU_C,0,0,0,0
52,Supplier,SKU_D,0,0,0,0
52,Supplier,SKU_E,0,0,0,0
52,W1,SKU_A,33,0,0,1372
52,W1,SKU_B,597,0,0,787
52,W1,SKU_C,876,0,0,981
52,W1,SKU_D,919,0,0,527
52,W1,SKU_E,0,0,1192,0
52,W2,SKU_A,0,0,1043,0
52,W2,SKU_B,33,0,0,356
52,W2,SKU_C,861,0,0,904
52,W2,SKU_D,0,0,677,1146
52,W2,SKU_E,342,0,0,450
52,R1,SKU_A,523,0,0,281
52,R1,SKU_B,84,0,0,122
52,R1,SKU_C,657,0,0,168
52,R1,SKU_D,180,0,0,95
52,R1,SKU_E,2039,0,0,0
52,R2,SKU_A,1011,0,0,378
52,R2,SKU_B,175,0,0,223
52,R2,SKU_C,174,0,0,178
52,R2,SKU_D,178,0,0,122
52,R2,SKU_E,706,0,0,0
52,R3,SKU_A,3769,0,0,0
52,R3,SKU_B,691,0,0,603
52,R3,SKU_C,374,0,0,622
52,R3,SKU_D,1225,0,0,347
52,R3,SKU_E,745,0,0,298
53,Supplier,SKU_A,0,0,0,0
53,Supplier,SKU_B,0,0,0,0
53,Supplier,SKU_C,0,0,0,0
53,Supplier,SKU_D,0,0,0,0
53,Supplier,SKU_E,0,0,0,0
53,W1,SKU_A,198,0,0,1207
53,W1,SKU_B,612,0,0,772
53,W1,SKU_C,947,0,0,910
53,W1,SKU_D,951,0,0,495
53,W1,SKU_E,0,0,1192,0
53,W2,SKU_A,0,0,1043,0
53,W2,SKU_B,206,0,0,183
53,W2,SKU_C,902,0,0,863
53,W2,SKU_D,0,0,700,1169
53,W2,SKU_E,364,0,0,428
53,R1,SKU_A,522,0,0,284
53,R1,SKU_B,103,0,0,107
53,R1,SKU_C,631,0,0,163
53,R1,SKU_D,169,0,0,94
53,R1,SKU_E,1990,0,0,0
53,R2,SKU_A,976,0,0,315
53,R2,SKU_B,232,0,0,201
53,R2,SKU_C,224,0,0,136
53,R2,SKU_D,161,0,0,137
53,R2,SKU_E,672,0,0,0
53,R3,SKU_A,3575,0,0,0
53,R3,SKU_B,770,0,0,458
53,R3,SKU_C,430,0,0,524
53,R3,SKU_D,1252,0,0,395
53,R3,SKU_E,747,0,0,264
54,Supplier,SKU_A,0,0,0,0
54,Supplier,SKU_B,0,0,0,0
54,Supplier,SKU_C,0,0,0,0
54,Supplier,SKU_D,0,0,0,0
54,Supplier,SKU_E,0,0,0,0
54,W1,SKU_A,232,0,0,1173
54,W1,SKU_B,671,0,0,713
54,W1,SKU_C,1051,0,0,806
54,W1,SKU_D,957,0,0,489
54,W1,SKU_E,0,0,1192,0
54,W2,SKU_A,0,0,1043,0
54,W2,SKU_B,337,0,0,52
54,W2,SKU_C,947,0,0,818
54,W2,SKU_D,0,0,611,1080
54,W2,SKU_E,368,0,0,424
54,R1,SKU_A,510,0,0,296
54,R1,SKU_B,74,0,0,110
54,R1,SKU_C,569,0,0,203
54,R1,SKU_D,150,0,0,104
54,R1,SKU_E,1942,0,0,0
54,R2,SKU_A,1045,0,0,272
54,R2,SKU_B,193,0,0,214
54,R2,SKU_C,195,0,0,159
54,R2,SKU_D,163,0,0,145
54,R2,SKU_E,629,0,0,0
54,R3,SKU_A,3358,0,0,0
54,R3,SKU_B,850,0,0,306
54,R3,SKU_C,466,0,0,457
54,R3,SKU_D,1195,0,0,529
54,R3,SKU_E,746,0,0,259
55,Supplier,SKU_A,0,0,0,0
55,Supplier,SKU_B,0,0,0,0
55,Supplier,SKU_C,0,0,0,0
55,Supplier,SKU_D,0,0,0,0
55,Supplier,SKU_E,0,0,0,0
55,W1,SKU_A,294,0,0,1111
55,W1,SKU_B,730,0,0,654
55,W1,SKU_C,1091,0,0,766
55,W1,SKU_D,953,0,0,493
55,W1,SKU_E,0,0,1192,0
55,W2,SKU_A,0,0,1043,0
55,W2,SKU_B,389,0,0,0
55,W2,SKU_C,972,0,0,793
55,W2,SKU_D,0,0,473,942
55,W2,SKU_E,364,0,0,428
55,R1,SKU_A,466,0,0,294
55,R1,SKU_B,42,0,0,132
55,R1,SKU_C,453,0,0,256
55,R1,SKU_D,116,0,0,125
55,R1,SKU_E,1890,0,0,0
55,R2,SKU_A,1071,0,0,203
55,R2,SKU_B,155,0,0,229
55,R2,SKU_C,149,0,0,185
55,R2,SKU_D,163,0,0,138
55,R2,SKU_E,576,0,0,0
55,R3,SKU_A,3072,0,0,0
55,R3,SKU_B,904,0,0,155
55,R3,SKU_C,424,0,0,410
55,R3,SKU_D,1161,0,0,612
55,R3,SKU_E,703,0,0,274
56,Supplier,SKU_A,0,0,0,0
56,Supplier,SKU_B,0,0,0,0
56,Supplier,SKU_C,0,0,0,0
56,Supplier,SKU_D,0,0,0,0
56,Supplier,SKU_E,0,0,0,0
56,W1,SKU_A,241,0,0,1164
56,W1,SKU_B,655,0,0,729
56,W1,SKU_C,931,0,0,926
56,W1,SKU_D,915,0,0,531
56,W1,SKU_E,0,0,1207,0
56,W2,SKU_A,0,0,1043,0
56,W2,SKU_B,389,0,0,0
56,W2,SKU_C,919,0,0,846
56,W2,SKU_D,0,0,294,763
56,W2,SKU_E,335,0,0,457
56,R1,SKU_A,410,0,0,340
56,R1,SKU_B,0,9,0,168
56,R1,SKU_C,429,0,0,341
56,R1,SKU_D,109,0,0,147
56,R1,SKU_E,1823,0,0,0
56,R2,SKU_A,969,0,0,318
56,R2,SKU_B,181,0,0,243
56,R2,SKU_C,149,0,0,203
56,R2,SKU_D,150,0,0,137
56,R2,SKU_E,528,0,0,0
56,R3,SKU_A,2796,0,0,0
56,R3,SKU_B,999,0,0,0
56,R3,SKU_C,276,0,0,585
56,R3,SKU_D,1124,0,0,711
56,R3,SKU_E,693,0,0,324
57,Supplier,SKU_A,0,0,0,0
57,Supplier,SKU_B,0,0,0,0
57,Supplier,SKU_C,0,0,0,0
57,Supplier,SKU_D,0,0,0,0
57,Supplier,SKU_E,0,0,0,0
57,W1,SKU_A,124,0,0,1281
57,W1,SKU_B,603,0,0,772
57,W1,SKU_C,839,0,0,1018
57,W1,SKU_D,884,0,0,562
57,W1,SKU_E,0,0,1270,16
57,W2,SKU_A,0,0,1043,0
57,W2,SKU_B,389,0,0,0
57,W2,SKU_C,904,0,0,861
57,W2,SKU_D,0,0,73,542
57,W2,SKU_E,332,0,0,460
57,R1,SKU_A,438,0,0,396
57,R1,SKU_B,18,0,0,193
57,R1,SKU_C,477,0,0,343
57,R1,SKU_D,135,0,0,145
57,R1,SKU_E,1785,0,0,0
57,R2,SKU_A,975,0,0,322
57,R2,SKU_B,191,0,0,252
57,R2,SKU_C,163,0,0,211
57,R2,SKU_D,161,0,0,148
57,R2,SKU_E,497,0,0,0
57,R3,SKU_A,2641,0,0,0
57,R3,SKU_B,956,0,0,0
57,R3,SKU_C,224,0,0,720
57,R3,SKU_D,1233,0,0,770
57,R3,SKU_E,661,0,0,350
58,Supplier,SKU_A,0,0,0,0
58,Supplier,SKU_B,0,0,0,0
58,Supplier,SKU_C,0,0,0,0
58,Supplier,SKU_D,0,0,0,0
58,Supplier,SKU_E,0,0,0,0
58,W1,SKU_A,62,0,0,1343
58,W1,SKU_B,653,0,0,731
58,W1,SKU_C,856,0,0,1001
58,W1,SKU_D,898,0,0,548
58,W1,SKU_E,0,0,1364,148
58,W2,SKU_A,0,0,1043,0
58,W2,SKU_B,363,0,0,26
58,W2,SKU_C,839,0,0,926
58,W2,SKU_D,141,0,0,328
58,W2,SKU_E,316,0,0,476
58,R1,SKU_A,489,0,0,322
58,R1,SKU_B,34,0,0,156
58,R1,SKU_C,600,0,0,232
58,R1,SKU_D,170,0,0,106
58,R1,SKU_E,1750,0,0,0
58,R2,SKU_A,965,0,0,342
58,R2,SKU_B,228,0,0,216
58,R2,SKU_C,186,0,0,191
58,R2,SKU_D,162,0,0,147
58,R2,SKU_E,462,0,0,0
58,R3,SKU_A,2468,0,0,0
58,R3,SKU_B,922,0,0,26
58,R3,SKU_C,218,0,0,730
58,R3,SKU_D,1352,0,0,644
58,R3,SKU_E,668,0,0,350
59,Supplier,SKU_A,0,0,0,0
59,Supplier,SKU_B,0,0,0,0
59,Supplier,SKU_C,0,0,0,0
59,Supplier,SKU_D,0,0,0,0
59,Supplier,SKU_E,0,0,0,0
59,W1,SKU_A,83,0,0,1322
59,W1,SKU_B,644,0,0,740
59,W1,SKU_C,911,0,0,946
59,W1,SKU_D,922,0,0,524
59,W1,SKU_E,0,0,1493,312
59,W2,SKU_A,0,0,1043,18
59,W2,SKU_B,329,0,0,60
59,W2,SKU_C,791,0,0,974
59,W2,SKU_D,326,0,0,143
59,W2,SKU_E,291,0,0,501
59,R1,SKU_A,552,0,0,261
59,R1,SKU_B,59,0,0,125
59,R1,SKU_C,627,0,0,170
59,R1,SKU_D,188,0,0,86
59,R1,SKU_E,1714,0,0,0
59,R2,SKU_A,997,0,0,309
59,R2,SKU_B,270,0,0,156
59,R2,SKU_C,208,0,0,148
59,R2,SKU_D,167,0,0,139
59,R2,SKU_E,431,0,0,0
59,R3,SKU_A,2317,0,0,0
59,R3,SKU_B,884,0,0,60
59,R3,SKU_C,223,0,0,705
59,R3,SKU_D,1432,0,0,473
59,R3,SKU_E,700,0,0,337
60,Supplier,SKU_A,0,0,0,0
60,Supplier,SKU_B,0,0,0,0
60,Supplier,SKU_C,0,0,0,0
60,Supplier,SKU_D,0,0,0,0
60,Supplier,SKU_E,0,0,0,0
60,W1,SKU_A,79,0,0,1326
60,W1,SKU_B,663,0,0,721
60,W1,SKU_C,938,0,0,919
60,W1,SKU_D,940,0,0,506
60,W1,SKU_E,0,0,1653,508
60,W2,SKU_A,0,0,1050,169
60,W2,SKU_B,291,0,0,98
60,W2,SKU_C,765,0,0,1000
60,W2,SKU_D,436,0,0,33
60,W2,SKU_E,317,0,0,475
60,R1,SKU_A,503,0,0,282
60,R1,SKU_B,49,0,0,152
60,R1,SKU_C,612,0,0,193
60,R1,SKU_D,173,0,0,92
60,R1,SKU_E,1684,0,0,0
60,R2,SKU_A,988,0,0,290
60,R2,SKU_B,264,0,0,154
60,R2,SKU_C,198,0,0,144
60,R2,SKU_D,182,0,0,120
60,R2,SKU_E,394,0,0,0
60,R3,SKU_A,2148,0,0,0
60,R3,SKU_B,822,0,0,98
60,R3,SKU_C,343,0,0,611
60,R3,SKU_D,1514,0,0,294
60,R3,SKU_E,758,0,0,277
61,Supplier,SKU_A,0,0,0,0
61,Supplier,SKU_B,0,0,0,0
61,Supplier,SKU_C,0,0,0,0
61,Supplier,SKU_D,0,0,0,0
61,Supplier,SKU_E,0,0,0,0
61,W1,SKU_A,108,0,0,1297
61,W1,SKU_B,724,0,0,660
61,W1,SKU_C,1042,0,0,815
61,W1,SKU_D,965,0,0,481
61,W1,SKU_E,0,0,1850,735
61,W2,SKU_A,0,0,1226,345
61,W2,SKU_B,229,0,0,160
61,W2,SKU_C,796,0,0,969
61,W2,SKU_D,469,0,0,0
61,W2,SKU_E,347,0,0,445
61,R1,SKU_A,488,0,0,308
61,R1,SKU_B,55,0,0,141
61,R1,SKU_C,540,0,0,220
61,R1,SKU_D,158,0,0,103
61,R1,SKU_E,1643,0,0,0
61,R2,SKU_A,968,0,0,309
61,R2,SKU_B,245,0,0,179
61,R2,SKU_C,170,0,0,176
61,R2,SKU_D,170,0,0,127
61,R2,SKU_E,353,0,0,0
61,R3,SKU_A,1950,0,0,0
61,R3,SKU_B,783,0,0,160
61,R3,SKU_C,411,0,0,518
61,R3,SKU_D,1661,0,0,73
61,R3,SKU_E,763,0,0,259
62,Supplier,SKU_A,0,0,0,0
62,Supplier,SKU_B,0,0,0,0
62,Supplier,SKU_C,0,0,0,0
62,Supplier,SKU_D,0,0,0,0
62,Supplier,SKU_E,0,0,0,0
62,W1,SKU_A,144,0,0,1261
62,W1,SKU_B,752,0,0,632
62,W1,SKU_C,1026,0,0,831
62,W1,SKU_D,980,0,0,466
62,W1,SKU_E,0,0,2072,998
62,W2,SKU_A,0,0,1600,719
62,W2,SKU_B,190,0,0,199
62,W2,SKU_C,891,0,0,874
62,W2,SKU_D,446,0,0,23
62,W2,SKU_E,392,0,0,400
62,R1,SKU_A,438,0,0,325
62,R1,SKU_B,41,0,0,129
62,R1,SKU_C,495,0,0,257
62,R1,SKU_D,131,0,0,116
62,R1,SKU_E,1596,0,0,16
62,R2,SKU_A,923,0,0,339
62,R2,SKU_B,214,0,0,199
62,R2,SKU_C,136,0,0,207
62,R2,SKU_D,177,0,0,139
62,R2,SKU_E,307,0,0,0
62,R3,SKU_A,1681,0,0,0
62,R3,SKU_B,729,0,0,173
62,R3,SKU_C,366,0,0,533
62,R3,SKU_D,1622,0,0,23
62,R3,SKU_E,758,0,0,248
63,Supplier,SKU_A,0,0,0,0
63,Supplier,SKU_B,0,0,0,0
63,Supplier,SKU_C,0,0,0,0
63,Supplier,SKU_D,0,0,0,0
63,Supplier,SKU_E,0,0,0,0
63,W1,SKU_A,38,0,0,1367
63,W1,SKU_B,690,0,0,694
63,W1,SKU_C,927,0,0,930
63,W1,SKU_D,954,0,0,492
63,W1,SKU_E,0,0,2224,1181
63,W2,SKU_A,0,0,2243,1362
63,W2,SKU_B,110,0,0,279
63,W2,SKU_C,929,0,0,836
63,W2,SKU_D,334,0,0,135
63,W2,SKU_E,381,0,0,411
63,R1,SKU_A,416,0,0,347
63,R1,SKU_B,0,8,0,160
63,R1,SKU_C,444,0,0,310
63,R1,SKU_D,122,0,0,134
63,R1,SKU_E,1547,0,0,148
63,R2,SKU_A,899,0,0,383
63,R2,SKU_B,215,0,0,212
63,R2,SKU_C,110,0,0,220
63,R2,SKU_D,178,0,0,129
63,R2,SKU_E,262,0,0,0
63,R3,SKU_A,1430,0,0,0
63,R3,SKU_B,697,0,0,219
63,R3,SKU_C,371,0,0,582
63,R3,SKU_D,1509,0,0,135
63,R3,SKU_E,760,0,0,260
64,Supplier,SKU_A,0,0,0,0
64,Supplier,SKU_B,0,0,0,0
64,Supplier,SKU_C,0,0,0,0
64,Supplier,SKU_D,0,0,0,0
64,Supplier,SKU_E,0,0,0,0
64,W1,SKU_A,0,0,35,1440
64,W1,SKU_B,635,0,0,741
64,W1,SKU_C,802,0,0,1055
64,W1,SKU_D,932,0,0,514
64,W1,SKU_E,0,0,2389,1263
64,W2,SKU_A,0,0,3137,2256
64,W2,SKU_B,70,0,0,319
64,W2,SKU_C,938,0,0,827
64,W2,SKU_D,221,0,0,248
64,W2,SKU_E,390,0,0,402
64,R1,SKU_A,449,0,0,380
64,R1,SKU_B,0,5,0,204
64,R1,SKU_C,507,0,0,316
64,R1,SKU_D,111,0,0,139
64,R1,SKU_E,1522,0,0,296
64,R2,SKU_A,931,0,0,344
64,R2,SKU_B,226,0,0,203
64,R2,SKU_C,133,0,0,232
64,R2,SKU_D,181,0,0,124
64,R2,SKU_E,228,0,0,0
64,R3,SKU_A,1247,0,0,0
64,R3,SKU_B,679,0,0,247
64,R3,SKU_C,417,0,0,557
64,R3,SKU_D,1434,0,0,248
64,R3,SKU_E,765,0,0,277
65,Supplier,SKU_A,0,0,0,0
65,Supplier,SKU_B,0,0,0,0
65,Supplier,SKU_C,0,0,0,0
65,Supplier,SKU_D,0,0,0,0
65,Supplier,SKU_E,0,0,0,0
65,W1,SKU_A,0,0,50,1455
65,W1,SKU_B,653,0,0,726
65,W1,SKU_C,837,0,0,1020
65,W1,SKU_D,907,0,0,539
65,W1,SKU_E,0,0,2556,1307
65,W2,SKU_A,0,0,4196,3315
65,W2,SKU_B,48,0,0,341
65,W2,SKU_C,964,0,0,801
65,W2,SKU_D,146,0,0,323
65,W2,SKU_E,414,0,0,378
65,R1,SKU_A,491,0,0,314
65,R1,SKU_B,11,0,0,175
65,R1,SKU_C,596,0,0,245
65,R1,SKU_D,143,0,0,136
65,R1,SKU_E,1622,0,0,360
65,R2,SKU_A,954,0,0,331
65,R2,SKU_B,216,0,0,198
65,R2,SKU_C,126,0,0,213
65,R2,SKU_D,176,0,0,116
65,R2,SKU_E,193,0,0,0
65,R3,SKU_A,1102,0,0,18
65,R3,SKU_B,711,0,0,241
65,R3,SKU_C,451,0,0,537
65,R3,SKU_D,1342,0,0,323
65,R3,SKU_E,776,0,0,270
66,Supplier,SKU_A,0,0,0,0
66,Supplier,SKU_B,0,0,0,0
66,Supplier,SKU_C,0,0,0,0
66,Supplier,SKU_D,0,0,0,0
66,Supplier,SKU_E,0,0,0,0
66,W1,SKU_A,0,0,23,1428
66,W1,SKU_B,634,0,0,750
66,W1,SKU_C,870,0,0,987
66,W1,SKU_D,911,0,0,535
66,W1,SKU_E,0,0,2727,1314
66,W2,SKU_A,0,0,5249,4368
66,W2,SKU_B,56,0,0,333
66,W2,SKU_C,1024,0,0,741
66,W2,SKU_D,54,0,0,415
66,W2,SKU_E,423,0,0,369
66,R1,SKU_A,545,0,0,272
66,R1,SKU_B,33,0,0,141
66,R1,SKU_C,650,0,0,158
66,R1,SKU_D,168,0,0,113
66,R1,SKU_E,1729,0,0,298
66,R2,SKU_A,996,0,0,335
66,R2,SKU_B,214,0,0,197
66,R2,SKU_C,133,0,0,217
66,R2,SKU_D,156,0,0,140
66,R2,SKU_E,147,0,0,125
66,R3,SKU_A,943,0,0,169
66,R3,SKU_B,711,0,0,232
66,R3,SKU_C,506,0,0,478
66,R3,SKU_D,1288,0,0,392
66,R3,SKU_E,757,0,0,246
67,Supplier,SKU_A,0,0,0,0
67,Supplier,SKU_B,0,0,0,0
67,Supplier,SKU_C,0,0,0,0
67,Supplier,SKU_D,0,0,0,0
67,Supplier,SKU_E,0,0,0,0
67,W1,SKU_A,52,0,0,1353
67,W1,SKU_B,599,0,0,785
67,W1,SKU_C,922,0,0,935
67,W1,SKU_D,930,0,0,516
67,W1,SKU_E,0,0,2767,1309
67,W2,SKU_A,0,0,6285,5404
67,W2,SKU_B,79,0,0,310
67,W2,SKU_C,1054,0,0,711
67,W2,SKU_D,0,0,23,492
67,W2,SKU_E,391,0,0,401
67,R1,SKU_A,509,0,0,284
67,R1,SKU_B,16,0,0,166
67,R1,SKU_C,640,0,0,173
67,R1,SKU_D,183,0,0,82
67,R1,SKU_E,1881,0,0,102
67,R2,SKU_A,952,0,0,344
67,R2,SKU_B,217,0,0,213
67,R2,SKU_C,161,0,0,197
67,R2,SKU_D,140,0,0,151
67,R2,SKU_E,84,0,0,404
67,R3,SKU_A,722,0,0,345
67,R3,SKU_B,728,0,0,191
67,R3,SKU_C,517,0,0,393
67,R3,SKU_D,1295,0,0,334
67,R3,SKU_E,750,0,0,249
68,Supplier,SKU_A,0,0,0,0
68,Supplier,SKU_B,0,0,0,0
68,Supplier,SKU_C,0,0,0,0
68,Supplier,SKU_D,0,0,0,0
68,Supplier,SKU_E,0,0,0,0
68,W1,SKU_A,116,0,0,1289
68,W1,SKU_B,628,0,0,756
68,W1,SKU_C,998,0,0,859
68,W1,SKU_D,923,0,0,523
68,W1,SKU_E,0,0,2555,1141
68,W2,SKU_A,0,0,7168,6287
68,W2,SKU_B,55,0,0,334
68,W2,SKU_C,1035,0,0,730
68,W2,SKU_D,0,0,128,597
68,W2,SKU_E,368,0,0,424
68,R1,SKU_A,435,0,0,296
68,R1,SKU_B,0,12,0,170
68,R1,SKU_C,526,0,0,201
68,R1,SKU_D,129,0,0,96
68,R1,SKU_E,1910,0,0,0
68,R2,SKU_A,895,0,0,338
68,R2,SKU_B,171,0,0,212
68,R2,SKU_C,110,0,0,204
68,R2,SKU_D,112,0,0,165
68,R2,SKU_E,17,0,0,719
68,R3,SKU_A,403,0,0,719
68,R3,SKU_B,718,0,0,188
68,R3,SKU_C,411,0,0,436
68,R3,SKU_D,1248,0,0,244
68,R3,SKU_E,714,0,0,270
69,Supplier,SKU_A,0,0,0,0
69,Supplier,SKU_B,0,0,0,0
69,Supplier,SKU_C,0,0,0,0
69,Supplier,SKU_D,0,0,0,0
69,Supplier,SKU_E,0,0,0,0
69,W1,SKU_A,35,0,0,1370
69,W1,SKU_B,582,0,0,790
69,W1,SKU_C,955,0,0,902
69,W1,SKU_D,862,0,0,584
69,W1,SKU_E,0,0,2309,895
69,W2,SKU_A,0,0,7727,6846
69,W2,SKU_B,59,0,0,330
69,W2,SKU_C,983,0,0,782
69,W2,SKU_D,0,0,281,750
69,W2,SKU_E,346,0,0,446
69,R1,SKU_A,397,0,0,382
69,R1,SKU_B,0,15,0,186
69,R1,SKU_C,483,0,0,282
69,R1,SKU_D,95,0,0,152
69,R1,SKU_E,1872,0,0,0
69,R2,SKU_A,915,0,0,363
69,R2,SKU_B,160,0,0,243
69,R2,SKU_C,120,0,0,229
69,R2,SKU_D,100,0,0,180
69,R2,SKU_E,97,0,0,840
69,R3,SKU_A,144,0,0,1344
69,R3,SKU_B,705,0,0,208
69,R3,SKU_C,286,0,0,563
69,R3,SKU_D,1198,0,0,281
69,R3,SKU_E,667,0,0,328
70,Supplier,SKU_A,0,0,0,0
70,Supplier,SKU_B,0,0,0,0
70,Supplier,SKU_C,0,0,0,0
70,Supplier,SKU_D,0,0,0,0
70,Supplier,SKU_E,0,0,0,0
70,W1,SKU_A,0,0,12,1417
70,W1,SKU_B,531,0,0,838
70,W1,SKU_C,881,0,0,976
70,W1,SKU_D,834,0,0,612
70,W1,SKU_E,0,0,2069,655
70,W2,SKU_A,0,0,7669,6788
70,W2,SKU_B,56,0,0,333
70,W2,SKU_C,879,0,0,886
70,W2,SKU_D,0,0,446,915
70,W2,SKU_E,321,0,0,471
70,R1,SKU_A,376,0,0,396
70,R1,SKU_B,0,47,0,197
70,R1,SKU_C,437,0,0,330
70,R1,SKU_D,78,0,0,170
70,R1,SKU_E,1831,0,0,0
70,R2,SKU_A,890,0,0,381
70,R2,SKU_B,165,0,0,251
70,R2,SKU_C,98,0,0,230
70,R2,SKU_D,113,0,0,196
70,R2,SKU_E,321,0,0,801
70,R3,SKU_A,8,0,0,2087
70,R3,SKU_B,681,0,0,247
70,R3,SKU_C,166,0,0,702
70,R3,SKU_D,1170,0,0,302
70,R3,SKU_E,626,0,0,379
71,Supplier,SKU_A,0,0,0,0
71,Supplier,SKU_B,0,0,0,0
71,Supplier,SKU_C,0,0,0,0
71,Supplier,SKU_D,0,0,0,0
71,Supplier,SKU_E,0,0,0,0
71,W1,SKU_A,0,0,59,1464
71,W1,SKU_B,502,0,0,835
71,W1,SKU_C,796,0,0,1061
71,W1,SKU_D,820,0,0,626
71,W1,SKU_E,0,0,1835,421
71,W2,SKU_A,0,0,6821,5940
71,W2,SKU_B,58,0,0,331
71,W2,SKU_C,773,0,0,992
71,W2,SKU_D,0,0,656,1125
71,W2,SKU_E,284,0,0,508
71,R1,SKU_A,434,0,0,355
71,R1,SKU_B,0,24,0,205
71,R1,SKU_C,520,0,0,290
71,R1,SKU_D,111,0,0,147
71,R1,SKU_E,1793,0,0,0
71,R2,SKU_A,893,0,0,359
71,R2,SKU_B,163,0,0,265
71,R2,SKU_C,92,0,0,260
71,R2,SKU_D,125,0,0,178
71,R2,SKU_E,570,0,0,720
71,R3,SKU_A,0,50,0,2988
71,R3,SKU_B,656,0,0,262
71,R3,SKU_C,90,0,0,818
71,R3,SKU_D,1129,0,0,323
71,R3,SKU_E,634,0,0,377
72,Supplier,SKU_A,0,0,0,0
72,Supplier,SKU_B,0,0,0,0
72,Supplier,SKU_C,0,0,0,0
72,Supplier,SKU_D,0,0,0,0
72,Supplier,SKU_E,0,0,0,0
72,W1,SKU_A,0,0,166,1571
72,W1,SKU_B,526,0,0,834
72,W1,SKU_C,800,0,0,1057
72,W1,SKU_D,804,0,0,642
72,W1,SKU_E,0,0,1561,147
72,W2,SKU_A,0,0,5617,4736
72,W2,SKU_B,24,0,0,365
72,W2,SKU_C,693,0,0,1072
72,W2,SKU_D,0,0,869,1338
72,W2,SKU_E,249,0,0,543
72,R1,SKU_A,449,0,0,345
72,R1,SKU_B,0,5,0,195
72,R1,SKU_C,555,0,0,245
72,R1,SKU_D,129,0,0,136
72,R1,SKU_E,1738,0,0,0
72,R2,SKU_A,951,0,0,233
72,R2,SKU_B,201,0,0,220
72,R2,SKU_C,150,0,0,222
72,R2,SKU_D,160,0,0,152
72,R2,SKU_E,746,0,0,748
72,R3,SKU_A,138,0,0,3818
72,R3,SKU_B,667,0,0,263
72,R3,SKU_C,155,0,0,820
72,R3,SKU_D,1051,0,0,392
72,R3,SKU_E,650,0,0,365
73,Supplier,SKU_A,0,0,0,0
73,Supplier,SKU_B,0,0,0,0
73,Supplier,SKU_C,0,0,0,0
73,Supplier,SKU_D,0,0,0,0
73,Supplier,SKU_E,0,0,0,0
73,W1,SKU_A,0,0,277,1682
73,W1,SKU_B,525,0,0,854
73,W1,SKU_C,801,0,0,1056
73,W1,SKU_D,825,0,0,621
73,W1,SKU_E,0,0,1414,0
73,W2,SKU_A,0,0,4405,3524
73,W2,SKU_B,11,0,0,378
73,W2,SKU_C,684,0,0,1081
73,W2,SKU_D,0,0,1106,1575
73,W2,SKU_E,261,0,0,531
73,R1,SKU_A,500,0,0,323
73,R1,SKU_B,55,0,0,155
73,R1,SKU_C,593,0,0,212
73,R1,SKU_D,150,0,0,119
73,R1,SKU_E,1693,0,0,0
73,R2,SKU_A,963,0,0,228
73,R2,SKU_B,231,0,0,202
73,R2,SKU_C,185,0,0,199
73,R2,SKU_D,180,0,0,120
73,R2,SKU_E,956,0,0,655
73,R3,SKU_A,619,0,0,4387
73,R3,SKU_B,693,0,0,239
73,R3,SKU_C,283,0,0,692
73,R3,SKU_D,1063,0,0,357
73,R3,SKU_E,692,0,0,334
74,Supplier,SKU_A,0,0,0,0
74,Supplier,SKU_B,0,0,0,0
74,Supplier,SKU_C,0,0,0,0
74,Supplier,SKU_D,0,0,0,0
74,Supplier,SKU_E,0,0,0,0
74,W1,SKU_A,0,0,227,1632
74,W1,SKU_B,615,0,0,769
74,W1,SKU_C,949,0,0,908
74,W1,SKU_D,892,0,0,554
74,W1,SKU_E,0,0,1414,0
74,W2,SKU_A,0,0,3148,2267
74,W2,SKU_B,24,0,0,365
74,W2,SKU_C,749,0,0,1016
74,W2,SKU_D,0,0,1315,1784
74,W2,SKU_E,288,0,0,504
74,R1,SKU_A,519,0,0,289
74,R1,SKU_B,50,0,0,126
74,R1,SKU_C,577,0,0,217
74,R1,SKU_D,163,0,0,108
74,R1,SKU_E,1658,0,0,0
74,R2,SKU_A,948,0,0,405
74,R2,SKU_B,253,0,0,185
74,R2,SKU_C,236,0,0,143
74,R2,SKU_D,159,0,0,129
74,R2,SKU_E,1141,0,0,421
74,R3,SKU_A,1280,0,0,4750
74,R3,SKU_B,676,0,0,220
74,R3,SKU_C,370,0,0,566
74,R3,SKU_D,1078,0,0,372
74,R3,SKU_E,700,0,0,303
75,Supplier,SKU_A,0,0,0,0
75,Supplier,SKU_B,0,0,0,0
75,Supplier,SKU_C,0,0,0,0
75,Supplier,SKU_D,0,0,0,0
75,Supplier,SKU_E,0,0,0,0
75,W1,SKU_A,0,0,123,1528
75,W1,SKU_B,652,0,0,732
75,W1,SKU_C,1008,0,0,849
75,W1,SKU_D,924,0,0,522
75,W1,SKU_E,0,0,1414,0
75,W2,SKU_A,0,0,1946,1065
75,W2,SKU_B,14,0,0,375
75,W2,SKU_C,838,0,0,927
75,W2,SKU_D,0,0,1357,1826
75,W2,SKU_E,307,0,0,485
75,R1,SKU_A,492,0,0,275
75,R1,SKU_B,32,0,0,140
75,R1,SKU_C,579,0,0,223
75,R1,SKU_D,160,0,0,102
75,R1,SKU_E,1603,0,0,0
75,R2,SKU_A,880,0,0,515
75,R2,SKU_B,255,0,0,175
75,R2,SKU_C,258,0,0,116
75,R2,SKU_D,147,0,0,144
75,R2,SKU_E,1370,0,0,147
75,R3,SKU_A,2096,0,0,4875
75,R3,SKU_B,650,0,0,252
75,R3,SKU_C,441,0,0,498
75,R3,SKU_D,1033,0,0,562
75,R3,SKU_E,695,0,0,305
76,Supplier,SKU_A,0,0,0,0
76,Supplier,SKU_B,0,0,0,0
76,Supplier,SKU_C,0,0,0,0
76,Supplier,SKU_D,0,0,0,0
76,Supplier,SKU_E,0,0,0,0
76,W1,SKU_A,0,0,4,1409
76,W1,SKU_B,656,0,0,728
76,W1,SKU_C,1089,0,0,768
76,W1,SKU_D,920,0,0,526
76,W1,SKU_E,0,0,1414,0
76,W2,SKU_A,0,0,1110,229
76,W2,SKU_B,3,0,0,386
76,W2,SKU_C,928,0,0,837
76,W2,SKU_D,0,0,1241,1710
76,W2,SKU_E,312,0,0,480
76,R1,SKU_A,405,0,0,331
76,R1,SKU_B,0,28,0,178
76,R1,SKU_C,512,0,0,226
76,R1,SKU_D,121,0,0,109
76,R1,SKU_E,1546,0,0,0
76,R2,SKU_A,860,0,0,534
76,R2,SKU_B,223,0,0,166
76,R2,SKU_C,211,0,0,114
76,R2,SKU_D,126,0,0,165
76,R2,SKU_E,1468,0,0,0
76,R3,SKU_A,3019,0,0,4507
76,R3,SKU_B,628,0,0,268
76,R3,SKU_C,417,0,0,467
76,R3,SKU_D,1015,0,0,748
76,R3,SKU_E,691,0,0,316
77,Supplier,SKU_A,0,0,0,0
77,Supplier,SKU_B,0,0,0,0
77,Supplier,SKU_C,0,0,0,0
77,Supplier,SKU_D,0,0,0,0
77,Supplier,SKU_E,0,0,0,0
77,W1,SKU_A,85,0,0,1320
77,W1,SKU_B,609,0,0,747
77,W1,SKU_C,990,0,0,867
77,W1,SKU_D,880,0,0,566
77,W1,SKU_E,0,0,1414,0
77,W2,SKU_A,0,0,881,0
77,W2,SKU_B,0,0,29,418
77,W2,SKU_C,944,0,0,821
77,W2,SKU_D,0,0,956,1425
77,W2,SKU_E,314,0,0,478
77,R1,SKU_A,316,0,0,403
77,R1,SKU_B,0,55,0,204
77,R1,SKU_C,458,0,0,282
77,R1,SKU_D,78,0,0,150
77,R1,SKU_E,1491,0,0,0
77,R2,SKU_A,964,0,0,285
77,R2,SKU_B,196,0,0,210
77,R2,SKU_C,169,0,0,173
77,R2,SKU_D,128,0,0,174
77,R2,SKU_E,1406,0,0,0
77,R3,SKU_A,3930,0,0,3524
77,R3,SKU_B,572,0,0,273
77,R3,SKU_C,384,0,0,558
77,R3,SKU_D,994,0,0,956
77,R3,SKU_E,654,0,0,324
78,Supplier,SKU_A,0,0,0,0
78,Supplier,SKU_B,0,0,0,0
78,Supplier,SKU_C,0,0,0,0
78,Supplier,SKU_D,0,0,0,0
78,Supplier,SKU_E,0,0,0,0
78,W1,SKU_A,75,0,0,1330
78,W1,SKU_B,572,0,0,757
78,W1,SKU_C,900,0,0,957
78,W1,SKU_D,833,0,0,613
78,W1,SKU_E,0,0,1414,0
78,W2,SKU_A,0,0,881,0
78,W2,SKU_B,0,0,102,491
78,W2,SKU_C,978,0,0,787
78,W2,SKU_D,0,0,651,1120
78,W2,SKU_E,281,0,0,511
78,R1,SKU_A,361,0,0,451
78,R1,SKU_B,0,30,0,227
78,R1,SKU_C,457,0,0,344
78,R1,SKU_D,81,0,0,184
78,R1,SKU_E,1453,0,0,0
78,R2,SKU_A,1004,0,0,285
78,R2,SKU_B,174,0,0,242
78,R2,SKU_C,154,0,0,210
78,R2,SKU_D,152,0,0,160
78,R2,SKU_E,1348,0,0,0
78,R3,SKU_A,4962,0,0,2267
78,R3,SKU_B,529,0,0,287
78,R3,SKU_C,345,0,0,591
78,R3,SKU_D,1032,0,0,1133
78,R3,SKU_E,634,0,0,372
79,Supplier,SKU_A,0,0,0,0
79,Supplier,SKU_B,0,0,0,0
79,Supplier,SKU_C,0,0,0,0
79,Supplier,SKU_D,0,0,0,0
79,Supplier,SKU_E,0,0,0,0
79,W1,SKU_A,162,0,0,1243
79,W1,SKU_B,547,0,0,807
79,W1,SKU_C,876,0,0,981
79,W1,SKU_D,841,0,0,605
79,W1,SKU_E,0,0,1414,0
79,W2,SKU_A,0,0,881,0
79,W2,SKU_B,0,0,216,605
79,W2,SKU_C,939,0,0,826
79,W2,SKU_D,0,0,337,806
79,W2,SKU_E,272,0,0,520
79,R1,SKU_A,423,0,0,375
79,R1,SKU_B,22,0,0,180
79,R1,SKU_C,506,0,0,281
79,R1,SKU_D,114,0,0,149
79,R1,SKU_E,1412,0,0,0
79,R2,SKU_A,1018,0,0,272
79,R2,SKU_B,177,0,0,256
79,R2,SKU_C,146,0,0,220
79,R2,SKU_D,178,0,0,139
79,R2,SKU_E,1304,0,0,0
79,R3,SKU_A,5948,0,0,1065
79,R3,SKU_B,548,0,0,253
79,R3,SKU_C,370,0,0,591
79,R3,SKU_D,1198,0,0,1182
79,R3,SKU_E,642,0,0,369
80,Supplier,SKU_A,0,0,0,0
80,Supplier,SKU_B,0,0,0,0
80,Supplier,SKU_C,0,0,0,0
80,Supplier,SKU_D,0,0,0,0
80,Supplier,SKU_E,0,0,0,0
80,W1,SKU_A,89,0,0,1316
80,W1,SKU_B,568,0,0,816
80,W1,SKU_C,856,0,0,1001
80,W1,SKU_D,862,0,0,584
80,W1,SKU_E,0,0,1414,0
80,W2,SKU_A,0,0,881,0
80,W2,SKU_B,0,0,347,736
80,W2,SKU_C,925,0,0,840
80,W2,SKU_D,0,0,0,469
80,W2,SKU_E,257,0,0,535
80,R1,SKU_A,521,0,0,296
80,R1,SKU_B,73,0,0,127
80,R1,SKU_C,545,0,0,234
80,R1,SKU_D,127,0,0,114
80,R1,SKU_E,1365,0,0,0
80,R2,SKU_A,913,0,0,372
80,R2,SKU_B,193,0,0,212
80,R2,SKU_C,189,0,0,179
80,R2,SKU_D,190,0,0,113
80,R2,SKU_E,1245,0,0,0
80,R3,SKU_A,6597,0,0,229
80,R3,SKU_B,557,0,0,223
80,R3,SKU_C,379,0,0,569
80,R3,SKU_D,1380,0,0,1241
80,R3,SKU_E,658,0,0,358
81,Supplier,SKU_A,0,0,0,0
81,Supplier,SKU_B,0,0,0,0
81,Supplier,SKU_C,0,0,0,0
81,Supplier,SKU_D,0,0,0,0
81,Supplier,SKU_E,0,0,0,0
81,W1,SKU_A,29,0,0,1376
81,W1,SKU_B,571,0,0,813
81,W1,SKU_C,827,0,0,1030
81,W1,SKU_D,853,0,0,593
81,W1,SKU_E,0,0,1414,0
81,W2,SKU_A,0,0,881,0
81,W2,SKU_B,0,0,463,852
81,W2,SKU_C,937,0,0,828
81,W2,SKU_D,307,0,0,162
81,W2,SKU_E,270,0,0,522
81,R1,SKU_A,523,0,0,291
81,R1,SKU_B,66,0,0,124
81,R1,SKU_C,542,0,0,256
81,R1,SKU_D,122,0,0,138
81,R1,SKU_E,1321,0,0,0
81,R2,SKU_A,941,0,0,336
81,R2,SKU_B,204,0,0,213
81,R2,SKU_C,203,0,0,153
81,R2,SKU_D,197,0,0,112
81,R2,SKU_E,1184,0,0,0
81,R3,SKU_A,6642,0,0,0
81,R3,SKU_B,527,0,0,252
81,R3,SKU_C,429,0,0,505
81,R3,SKU_D,1576,0,0,956
81,R3,SKU_E,653,0,0,349
82,Supplier,SKU_A,0,0,0,0
82,Supplier,SKU_B,0,0,0,0
82,Supplier,SKU_C,0,0,0,0
82,Supplier,SKU_D,0,0,0,0
82,Supplier,SKU_E,0,0,0,0
82,W1,SKU_A,0,0,10,1415
82,W1,SKU_B,611,0,0,773
82,W1,SKU_C,918,0,0,939
82,W1,SKU_D,901,0,0,545
82,W1,SKU_E,0,0,1414,69
82,W2,SKU_A,0,0,881,0
82,W2,SKU_B,0,0,586,975
82,W2,SKU_C,932,0,0,833
82,W2,SKU_D,469,0,0,0
82,W2,SKU_E,272,0,0,520
82,R1,SKU_A,493,0,0,275
82,R1,SKU_B,1,0,0,136
82,R1,SKU_C,521,0,0,245
82,R1,SKU_D,95,0,0,141
82,R1,SKU_E,1256,0,0,0
82,R2,SKU_A,915,0,0,338
82,R2,SKU_B,170,0,0,212
82,R2,SKU_C,176,0,0,161
82,R2,SKU_D,187,0,0,115
82,R2,SKU_E,1111,0,0,0
82,R3,SKU_A,6387,0,0,0
82,R3,SKU_B,477,0,0,268
82,R3,SKU_C,350,0,0,513
82,R3,SKU_D,1755,0,0,651
82,R3,SKU_E,654,0,0,325
83,Supplier,SKU_A,0,0,0,0
83,Supplier,SKU_B,0,0,0,0
83,Supplier,SKU_C,0,0,0,0
83,Supplier,SKU_D,0,0,0,0
83,Supplier,SKU_E,0,0,0,0
83,W1,SKU_A,43,0,0,1362
83,W1,SKU_B,548,0,0,836
83,W1,SKU_C,939,0,0,918
83,W1,SKU_D,909,0,0,537
83,W1,SKU_E,0,0,1414,207
83,W2,SKU_A,0,0,881,0
83,W2,SKU_B,0,0,737,1126
83,W2,SKU_C,911,0,0,854
83,W2,SKU_D,469,0,0,0
83,W2,SKU_E,244,0,0,548
83,R1,SKU_A,455,0,0,324
83,R1,SKU_B,0,51,0,199
83,R1,SKU_C,475,0,0,258
83,R1,SKU_D,68,0,0,146
83,R1,SKU_E,1207,0,0,0
83,R2,SKU_A,897,0,0,385
83,R2,SKU_B,143,0,0,263
83,R2,SKU_C,150,0,0,190
83,R2,SKU_D,161,0,0,130
83,R2,SKU_E,1065,0,0,0
83,R3,SKU_A,6070,0,0,0
83,R3,SKU_B,443,0,0,302
83,R3,SKU_C,246,0,0,586
83,R3,SKU_D,1933,0,0,337
83,R3,SKU_E,626,0,0,352
84,Supplier,SKU_A,0,0,0,0
84,Supplier,SKU_B,0,0,0,0
84,Supplier,SKU_C,0,0,0,0
84,Supplier,SKU_D,0,0,0,0
84,Supplier,SKU_E,0,0,0,0
84,W1,SKU_A,3,0,0,1402
84,W1,SKU_B,514,0,0,819
84,W1,SKU_C,847,0,0,1010
84,W1,SKU_D,837,0,0,609
84,W1,SKU_E,0,0,1414,302
84,W2,SKU_A,0,0,881,0
84,W2,SKU_B,0,0,837,1226
84,W2,SKU_C,801,0,0,964
84,W2,SKU_D,469,0,0,0
84,W2,SKU_E,244,0,0,548
84,R1,SKU_A,363,0,0,359
84,R1,SKU_B,0,90,0,241
84,R1,SKU_C,368,0,0,323
84,R1,SKU_D,33,0,0,192
84,R1,SKU_E,1130,0,0,0
84,R2,SKU_A,889,0,0,388
84,R2,SKU_B,124,0,0,262
84,R2,SKU_C,101,0,0,218
84,R2,SKU_D,148,0,0,142
84,R2,SKU_E,994,0,0,0
84,R3,SKU_A,5787,0,0,0
84,R3,SKU_B,387,0,0,389
84,R3,SKU_C,117,0,0,715
84,R3,SKU_D,2148,0,0,0
84,R3,SKU_E,617,0,0,385
85,Supplier,SKU_A,0,0,0,0
85,Supplier,SKU_B,0,0,0,0
85,Supplier,SKU_C,0,0,0,0
85,Supplier,SKU_D,0,0,0,0
85,Supplier,SKU_E,0,0,0,0
85,W1,SKU_A,0,0,86,1491
85,W1,SKU_B,446,0,0,848
85,W1,SKU_C,704,0,0,1153
85,W1,SKU_D,772,0,0,674
85,W1,SKU_E,0,0,1414,450
85,W2,SKU_A,0,0,881,0
85,W2,SKU_B,0,0,877,1266
85,W2,SKU_C,697,0,0,1068
85,W2,SKU_D,469,0,0,0
85,W2,SKU_E,240,0,0,552
85,R1,SKU_A,361,0,0,405
85,R1,SKU_B,0,52,0,227
85,R1,SKU_C,370,0,0,398
85,R1,SKU_D,53,0,0,203
85,R1,SKU_E,1080,0,0,0
85,R2,SKU_A,914,0,0,312
85,R2,SKU_B,127,0,0,293
85,R2,SKU_C,80,0,0,255
85,R2,SKU_D,123,0,0,161
85,R2,SKU_E,953,0,0,0
85,R3,SKU_A,5583,0,0,0
85,R3,SKU_B,400,0,0,469
85,R3,SKU_C,103,0,0,831
85,R3,SKU_D,2051,0,0,0
85,R3,SKU_E,609,0,0,399
86,Supplier,SKU_A,0,0,0,0
86,Supplier,SKU_B,0,0,0,0
86,Supplier,SKU_C,0,0,0,0
86,Supplier,SKU_D,0,0,0,0
86,Supplier,SKU_E,0,0,0,0
86,W1,SKU_A,0,0,196,1601
86,W1,SKU_B,436,0,0,896
86,W1,SKU_C,660,0,0,1197
86,W1,SKU_D,768,0,0,678
86,W1,SKU_E,0,0,1414,541
86,W2,SKU_A,0,0,881,0
86,W2,SKU_B,0,0,809,1198
86,W2,SKU_C,670,0,0,1095
86,W2,SKU_D,469,0,0,0
86,W2,SKU_E,237,0,0,555
86,R1,SKU_A,371,0,0,418
86,R1,SKU_B,0,4,0,200
86,R1,SKU_C,440,0,0,363
86,R1,SKU_D,97,0,0,161
86,R1,SKU_E,1042,0,0,0
86,R2,SKU_A,947,0,0,219
86,R2,SKU_B,175,0,0,255
86,R2,SKU_C,105,0,0,257
86,R2,SKU_D,133,0,0,179
86,R2,SKU_E,905,0,0,0
86,R3,SKU_A,5367,0,0,0
86,R3,SKU_B,414,0,0,570
86,R3,SKU_C,111,0,0,831
86,R3,SKU_D,1977,0,0,0
86,R3,SKU_E,616,0,0,393
87,Supplier,SKU_A,0,0,0,0
87,Supplier,SKU_B,0,0,0,0
87,Supplier,SKU_C,0,0,0,0
87,Supplier,SKU_D,0,0,0,0
87,Supplier,SKU_E,0,0,0,0
87,W1,SKU_A,0,0,332,1737
87,W1,SKU_B,455,0,0,925
87,W1,SKU_C,671,0,0,1186
87,W1,SKU_D,769,0,0,677
87,W1,SKU_E,0,0,1345,558
87,W2,SKU_A,0,0,881,0
87,W2,SKU_B,0,0,607,996
87,W2,SKU_C,664,0,0,1101
87,W2,SKU_D,469,0,0,0
87,W2,SKU_E,230,0,0,562
87,R1,SKU_A,459,0,0,351
87,R1,SKU_B,37,0,0,155
87,R1,SKU_C,556,0,0,251
87,R1,SKU_D,123,0,0,128
87,R1,SKU_E,1000,0,0,0
87,R2,SKU_A,987,0,0,199
87,R2,SKU_B,215,0,0,231
87,R2,SKU_C,149,0,0,235
87,R2,SKU_D,174,0,0,158
87,R2,SKU_E,853,0,0,69
87,R3,SKU_A,5230,0,0,0
87,R3,SKU_B,438,0,0,686
87,R3,SKU_C,200,0,0,752
87,R3,SKU_D,1892,0,0,0
87,R3,SKU_E,661,0,0,363
88,Supplier,SKU_A,0,0,0,0
88,Supplier,SKU_B,0,0,0,0
88,Supplier,SKU_C,0,0,0,0
88,Supplier,SKU_D,0,0,0,0
88,Supplier,SKU_E,0,0,0,0
88,W1,SKU_A,0,0,357,1762
88,W1,SKU_B,574,0,0,810
88,W1,SKU_C,759,0,0,1098
88,W1,SKU_D,814,0,0,632
88,W1,SKU_E,0,0,1207,445
88,W2,SKU_A,0,0,881,0
88,W2,SKU_B,0,0,404,793
88,W2,SKU_C,682,0,0,1083
88,W2,SKU_D,469,0,0,0
88,W2,SKU_E,252,0,0,540
88,R1,SKU_A,501,0,0,307
88,R1,SKU_B,41,0,0,138
88,R1,SKU_C,554,0,0,212
88,R1,SKU_D,121,0,0,133
88,R1,SKU_E,951,0,0,0
88,R2,SKU_A,918,0,0,351
88,R2,SKU_B,228,0,0,171
88,R2,SKU_C,201,0,0,170
88,R2,SKU_D,203,0,0,116
88,R2,SKU_E,816,0,0,207
88,R3,SKU_A,5021,0,0,0
88,R3,SKU_B,499,0,0,752
88,R3,SKU_C,304,0,0,632
88,R3,SKU_D,1793,0,0,0
88,R3,SKU_E,713,0,0,317
89,Supplier,SKU_A,0,0,0,0
89,Supplier,SKU_B,0,0,0,0
89,Supplier,SKU_C,0,0,0,0
89,Supplier,SKU_D,0,0,0,0
89,Supplier,SKU_E,0,0,0,0
89,W1,SKU_A,0,0,341,1746
89,W1,SKU_B,547,0,0,837
89,W1,SKU_C,823,0,0,1034
89,W1,SKU_D,882,0,0,564
89,W1,SKU_E,0,0,1112,350
89,W2,SKU_A,0,0,881,0
89,W2,SKU_B,0,0,167,556
89,W2,SKU_C,755,0,0,1010
89,W2,SKU_D,469,0,0,0
89,W2,SKU_E,303,0,0,489
89,R1,SKU_A,451,0,0,288
89,R1,SKU_B,13,0,0,155
89,R1,SKU_C,489,0,0,249
89,R1,SKU_D,108,0,0,137
89,R1,SKU_E,898,0,0,0
89,R2,SKU_A,866,0,0,434
89,R2,SKU_B,232,0,0,192
89,R2,SKU_C,228,0,0,134
89,R2,SKU_D,224,0,0,81
89,R2,SKU_E,773,0,0,302
89,R3,SKU_A,4763,0,0,0
89,R3,SKU_B,582,0,0,823
89,R3,SKU_C,323,0,0,528
89,R3,SKU_D,1664,0,0,0
89,R3,SKU_E,709,0,0,289
90,Supplier,SKU_A,0,0,0,0
90,Supplier,SKU_B,0,0,0,0
90,Supplier,SKU_C,0,0,0,0
90,Supplier,SKU_D,0,0,0,0
90,Supplier,SKU_E,0,0,0,0
90,W1,SKU_A,0,0,301,1706
90,W1,SKU_B,563,0,0,821
90,W1,SKU_C,913,0,0,944
90,W1,SKU_D,917,0,0,529
90,W1,SKU_E,0,0,964,202
90,W2,SKU_A,0,0,881,0
90,W2,SKU_B,70,0,0,319
90,W2,SKU_C,774,0,0,991
90,W2,SKU_D,376,0,0,93
90,W2,SKU_E,323,0,0,469
90,R1,SKU_A,390,0,0,359
90,R1,SKU_B,0,39,0,179
90,R1,SKU_C,420,0,0,318
90,R1,SKU_D,85,0,0,143
90,R1,SKU_E,822,0,0,0
90,R2,SKU_A,841,0,0,476
90,R2,SKU_B,207,0,0,198
90,R2,SKU_C,207,0,0,134
90,R2,SKU_D,217,0,0,88
90,R2,SKU_E,802,0,0,381
90,R3,SKU_A,4495,0,0,0
90,R3,SKU_B,690,0,0,809
90,R3,SKU_C,212,0,0,611
90,R3,SKU_D,1522,0,0,93
90,R3,SKU_E,703,0,0,299
91,Supplier,SKU_A,0,0,0,0
91,Supplier,SKU_B,0,0,0,0
91,Supplier,SKU_C,0,0,0,0
91,Supplier,SKU_D,0,0,0,0
91,Supplier,SKU_E,0,0,0,0
91,W1,SKU_A,0,0,227,1632
91,W1,SKU_B,551,0,0,794
91,W1,SKU_C,889,0,0,968
91,W1,SKU_D,910,0,0,536
91,W1,SKU_E,0,0,873,111
91,W2,SKU_A,0,0,881,0
91,W2,SKU_B,276,0,0,113
91,W2,SKU_C,765,0,0,1000
91,W2,SKU_D,234,0,0,235
91,W2,SKU_E,323,0,0,469
91,R1,SKU_A,297,0,0,418
91,R1,SKU_B,0,53,0,218
91,R1,SKU_C,364,0,0,346
91,R1,SKU_D,62,0,0,169
91,R1,SKU_E,751,0,0,0
91,R2,SKU_A,918,0,0,444
91,R2,SKU_B,165,0,0,239
91,R2,SKU_C,180,0,0,177
91,R2,SKU_D,186,0,0,115
91,R2,SKU_E,894,0,0,334
91,R3,SKU_A,4267,0,0,0
91,R3,SKU_B,779,0,0,607
91,R3,SKU_C,122,0,0,730
91,R3,SKU_D,1406,0,0,235
91,R3,SKU_E,716,0,0,306
92,Supplier,SKU_A,0,0,0,0
92,Supplier,SKU_B,0,0,0,0
92,Supplier,SKU_C,0,0,0,0
92,Supplier,SKU_D,0,0,0,0
92,Supplier,SKU_E,0,0,0,0
92,W1,SKU_A,0,0,105,1510
92,W1,SKU_B,542,0,0,789
92,W1,SKU_C,791,0,0,1066
92,W1,SKU_D,872,0,0,574
92,W1,SKU_E,0,0,787,25
92,W2,SKU_A,0,0,881,0
92,W2,SKU_B,389,0,0,0
92,W2,SKU_C,683,0,0,1082
92,W2,SKU_D,118,0,0,351
92,W2,SKU_E,337,0,0,455
92,R1,SKU_A,379,0,0,442
92,R1,SKU_B,0,41,0,221
92,R1,SKU_C,421,0,0,374
92,R1,SKU_D,72,0,0,183
92,R1,SKU_E,713,0,0,0
92,R2,SKU_A,952,0,0,457
92,R2,SKU_B,192,0,0,234
92,R2,SKU_C,177,0,0,191
92,R2,SKU_D,172,0,0,133
92,R2,SKU_E,949,0,0,325
92,R3,SKU_A,4065,0,0,0
92,R3,SKU_B,911,0,0,404
92,R3,SKU_C,83,0,0,830
92,R3,SKU_D,1303,0,0,351
92,R3,SKU_E,710,0,0,308
93,Supplier,SKU_A,0,0,0,0
93,Supplier,SKU_B,0,0,0,0
93,Supplier,SKU_C,0,0,0,0
93,Supplier,SKU_D,0,0,0,0
93,Supplier,SKU_E,0,0,0,0
93,W1,SKU_A,120,0,0,1276
93,W1,SKU_B,514,0,0,829
93,W1,SKU_C,763,0,0,1094
93,W1,SKU_D,849,0,0,597
93,W1,SKU_E,0,0,762,0
93,W2,SKU_A,0,0,881,0
93,W2,SKU_B,389,0,0,0
93,W2,SKU_C,654,0,0,1111
93,W2,SKU_D,15,0,0,454
93,W2,SKU_E,346,0,0,446
93,R1,SKU_A,423,0,0,370
93,R1,SKU_B,0,30,0,181
93,R1,SKU_C,471,0,0,317
93,R1,SKU_D,99,0,0,156
93,R1,SKU_E,677,0,0,0
93,R2,SKU_A,985,0,0,422
93,R2,SKU_B,179,0,0,232
93,R2,SKU_C,143,0,0,185
93,R2,SKU_D,176,0,0,133
93,R2,SKU_E,1055,0,0,202
93,R3,SKU_A,3886,0,0,0
93,R3,SKU_B,1077,0,0,167
93,R3,SKU_C,80,0,0,853
93,R3,SKU_D,1203,0,0,454
93,R3,SKU_E,710,0,0,320
94,Supplier,SKU_A,0,0,0,0
94,Supplier,SKU_B,0,0,0,0
94,Supplier,SKU_C,0,0,0,0
94,Supplier,SKU_D,0,0,0,0
94,Supplier,SKU_E,0,0,0,0
94,W1,SKU_A,236,0,0,1162
94,W1,SKU_B,498,0,0,856
94,W1,SKU_C,742,0,0,1115
94,W1,SKU_D,840,0,0,606
94,W1,SKU_E,0,0,762,0
94,W2,SKU_A,0,0,881,0
94,W2,SKU_B,389,0,0,0
94,W2,SKU_C,635,0,0,1130
94,W2,SKU_D,0,0,85,554
94,W2,SKU_E,352,0,0,440
94,R1,SKU_A,526,0,0,292
94,R1,SKU_B,0,2,0,195
94,R1,SKU_C,529,0,0,239
94,R1,SKU_D,140,0,0,132
94,R1,SKU_E,643,0,0,0
94,R2,SKU_A,1060,0,0,265
94,R2,SKU_B,171,0,0,226
94,R2,SKU_C,167,0,0,198
94,R2,SKU_D,194,0,0,129
94,R2,SKU_E,1109,0,0,111
94,R3,SKU_A,3721,0,0,0
94,R3,SKU_B,1155,0,0,0
94,R3,SKU_C,187,0,0,771
94,R3,SKU_D,1221,0,0,376
94,R3,SKU_E,725,0,0,288
95,Supplier,SKU_A,0,0,0,0
95,Supplier,SKU_B,0,0,0,0
95,Supplier,SKU_C,0,0,0,0
95,Supplier,SKU_D,0,0,0,0
95,Supplier,SKU_E,0,0,0,0
95,W1,SKU_A,340,0,0,1065
95,W1,SKU_B,496,0,0,886
95,W1,SKU_C,775,0,0,1082
95,W1,SKU_D,885,0,0,561
95,W1,SKU_E,0,0,775,59
95,W2,SKU_A,0,0,881,0
95,W2,SKU_B,389,0,0,0
95,W2,SKU_C,657,0,0,1108
95,W2,SKU_D,0,0,245,714
95,W2,SKU_E,335,0,0,457
95,R1,SKU_A,497,0,0,295
95,R1,SKU_B,13,0,0,182
95,R1,SKU_C,557,0,0,266
95,R1,SKU_D,142,0,0,115
95,R1,SKU_E,602,0,0,0
95,R2,SKU_A,1097,0,0,180
95,R2,SKU_B,183,0,0,233
95,R2,SKU_C,167,0,0,190
95,R2,SKU_D,212,0,0,107
95,R2,SKU_E,1159,0,0,25
95,R3,SKU_A,3537,0,0,0
95,R3,SKU_B,1084,0,0,0
95,R3,SKU_C,296,0,0,636
95,R3,SKU_D,1270,0,0,234
95,R3,SKU_E,740,0,0,277
96,Supplier,SKU_A,0,0,0,0
96,Supplier,SKU_B,0,0,0,0
96,Supplier,SKU_C,0,0,0,0
96,Supplier,SKU_D,0,0,0,0
96,Supplier,SKU_E,0,0,0,0
96,W1,SKU_A,343,0,0,1062
96,W1,SKU_B,523,0,0,861
96,W1,SKU_C,876,0,0,981
96,W1,SKU_D,928,0,0,518
96,W1,SKU_E,0,0,829,149
96,W2,SKU_A,0,0,881,0
96,W2,SKU_B,389,0,0,0
96,W2,SKU_C,738,0,0,1027
96,W2,SKU_D,0,0,405,874
96,W2,SKU_E,354,0,0,438
96,R1,SKU_A,457,0,0,296
96,R1,SKU_B,13,0,0,138
96,R1,SKU_C,511,0,0,231
96,R1,SKU_D,130,0,0,113
96,R1,SKU_E,545,0,0,0
96,R2,SKU_A,1110,0,0,198
96,R2,SKU_B,165,0,0,243
96,R2,SKU_C,157,0,0,201
96,R2,SKU_D,214,0,0,93
96,R2,SKU_E,1124,0,0,0
96,R3,SKU_A,3249,0,0,0
96,R3,SKU_B,990,0,0,0
96,R3,SKU_C,287,0,0,556
96,R3,SKU_D,1242,0,0,211
96,R3,SKU_E,717,0,0,282
97,Supplier,SKU_A,0,0,0,0
97,Supplier,SKU_B,0,0,0,0
97,Supplier,SKU_C,0,0,0,0
97,Supplier,SKU_D,0,0,0,0
97,Supplier,SKU_E,0,0,0,0
97,W1,SKU_A,327,0,0,1078
97,W1,SKU_B,499,0,0,885
97,W1,SKU_C,909,0,0,948
97,W1,SKU_D,946,0,0,500
97,W1,SKU_E,0,0,940,320
97,W2,SKU_A,0,0,881,0
97,W2,SKU_B,389,0,0,0
97,W2,SKU_C,758,0,0,1007
97,W2,SKU_D,0,0,567,1036
97,W2,SKU_E,351,0,0,441
97,R1,SKU_A,349,0,0,361
97,R1,SKU_B,0,69,0,180
97,R1,SKU_C,431,0,0,257
97,R1,SKU_D,74,0,0,142
97,R1,SKU_E,480,0,0,0
97,R2,SKU_A,984,0,0,290
97,R2,SKU_B,135,0,0,246
97,R2,SKU_C,159,0,0,171
97,R2,SKU_D,180,0,0,95
97,R2,SKU_E,1061,0,0,0
97,R3,SKU_A,2955,0,0,0
97,R3,SKU_B,888,0,0,0
97,R3,SKU_C,195,0,0,626
97,R3,SKU_D,1180,0,0,250
97,R3,SKU_E,675,0,0,301
98,Supplier,SKU_A,0,0,0,0
98,Supplier,SKU_B,0,0,0,0
98,Supplier,SKU_C,0,0,0,0
98,Supplier,SKU_D,0,0,0,0
98,Supplier,SKU_E,0,0,0,0
98,W1,SKU_A,81,0,0,1324
98,W1,SKU_B,397,0,0,918
98,W1,SKU_C,764,0,0,1093
98,W1,SKU_D,877,0,0,569
98,W1,SKU_E,0,0,1116,559
98,W2,SKU_A,0,0,881,0
98,W2,SKU_B,295,0,0,94
98,W2,SKU_C,727,0,0,1038
98,W2,SKU_D,0,0,778,1247
98,W2,SKU_E,305,0,0,487
98,R1,SKU_A,274,0,0,443
98,R1,SKU_B,0,104,0,264
98,R1,SKU_C,305,0,0,392
98,R1,SKU_D,37,0,0,183
98,R1,SKU_E,417,0,0,0
98,R2,SKU_A,936,0,0,341
98,R2,SKU_B,137,0,0,262
98,R2,SKU_C,125,0,0,206
98,R2,SKU_D,137,0,0,143
98,R2,SKU_E,996,0,0,0
98,R3,SKU_A,2635,0,0,0
98,R3,SKU_B,769,0,0,94
98,R3,SKU_C,79,0,0,738
98,R3,SKU_D,1076,0,0,351
98,R3,SKU_E,646,0,0,355
99,Supplier,SKU_A,0,0,0,0
99,Supplier,SKU_B,0,0,0,0
99,Supplier,SKU_C,0,0,0,0
99,Supplier,SKU_D,0,0,0,0
99,Supplier,SKU_E,0,0,0,0
99,W1,SKU_A,0,0,116,1521
99,W1,SKU_B,405,0,0,875
99,W1,SKU_C,676,0,0,1181
99,W1,SKU_D,813,0,0,633
99,W1,SKU_E,0,0,1355,863
99,W2,SKU_A,0,0,881,0
99,W2,SKU_B,176,0,0,213
99,W2,SKU_C,631,0,0,1134
99,W2,SKU_D,0,0,1005,1474
99,W2,SKU_E,288,0,0,504
99,R1,SKU_A,266,0,0,479
99,R1,SKU_B,0,79,0,255
99,R1,SKU_C,332,0,0,437
99,R1,SKU_D,44,0,0,206
99,R1,SKU_E,353,0,0,0
99,R2,SKU_A,953,0,0,225
99,R2,SKU_B,144,0,0,279
99,R2,SKU_C,125,0,0,232
99,R2,SKU_D,113,0,0,182
99,R2,SKU_E,942,0,0,0
99,R3,SKU_A,2392,0,0,0
99,R3,SKU_B,693,0,0,213
99,R3,SKU_C,36,0,0,879
99,R3,SKU_D,967,0,0,454
99,R3,SKU_E,640,0,0,367
100,Supplier,SKU_A,0,0,0,0
100,Supplier,SKU_B,0,0,0,0
100,Supplier,SKU_C,0,0,0,0
100,Supplier,SKU_D,0,0,0,0
100,Supplier,SKU_E,0,0,0,0
100,W1,SKU_A,0,0,329,1734
100,W1,SKU_B,442,0,0,863
100,W1,SKU_C,669,0,0,1188
100,W1,SKU_D,763,0,0,683
100,W1,SKU_E,0,0,1599,1161
100,W2,SKU_A,0,0,881,0
100,W2,SKU_B,100,0,0,289
100,W2,SKU_C,613,0,0,1152
100,W2,SKU_D,0,0,1241,1710
100,W2,SKU_E,265,0,0,527
100,R1,SKU_A,360,0,0,444
100,R1,SKU_B,7,0,0,190
100,R1,SKU_C,463,0,0,356
100,R1,SKU_D,80,0,0,172
100,R1,SKU_E,316,0,0,59
100,R2,SKU_A,942,0,0,142
100,R2,SKU_B,171,0,0,264
100,R2,SKU_C,130,0,0,233
100,R2,SKU_D,108,0,0,194
100,R2,SKU_E,893,0,0,0
100,R3,SKU_A,2174,0,0,0
100,R3,SKU_B,606,0,0,289
100,R3,SKU_C,109,0,0,896
100,R3,SKU_D,947,0,0,461
100,R3,SKU_E,640,0,0,377
101,Supplier,SKU_A,0,0,0,0
101,Supplier,SKU_B,0,0,0,0
101,Supplier,SKU_C,0,0,0,0
101,Supplier,SKU_D,0,0,0,0
101,Supplier,SKU_E,0,0,0,0
101,W1,SKU_A,0,0,510,1915
101,W1,SKU_B,465,0,0,919
101,W1,SKU_C,671,0,0,1186
101,W1,SKU_D,741,0,0,705
101,W1,SKU_E,0,0,1790,1401
101,W2,SKU_A,0,0,1031,150
101,W2,SKU_B,13,0,0,376
101,W2,SKU_C,660,0,0,1105
101,W2,SKU_D,0,0,1430,1899
101,W2,SKU_E,269,0,0,523
101,R1,SKU_A,421,0,0,357
101,R1,SKU_B,47,0,0,153
101,R1,SKU_C,558,0,0,234
101,R1,SKU_D,107,0,0,140
101,R1,SKU_E,254,0,0,149
101,R2,SKU_A,956,0,0,151
101,R2,SKU_B,220,0,0,210
101,R2,SKU_C,155,0,0,200
101,R2,SKU_D,124,0,0,167
101,R2,SKU_E,847,0,0,0
101,R3,SKU_A,1975,0,0,0
101,R3,SKU_B,547,0,0,376
101,R3,SKU_C,193,0,0,734
101,R3,SKU_D,961,0,0,479
101,R3,SKU_E,656,0,0,359
102,Supplier,SKU_A,0,0,0,0
102,Supplier,SKU_B,0,0,0,0
102,Supplier,SKU_C,0,0,0,0
102,Supplier,SKU_D,0,0,0,0
102,Supplier,SKU_E,0,0,0,0
102,W1,SKU_A,0,0,686,2091
102,W1,SKU_B,536,0,0,848
102,W1,SKU_C,718,0,0,1139
102,W1,SKU_D,729,0,0,717
102,W1,SKU_E,0,0,1872,1529
102,W2,SKU_A,0,0,1380,499
102,W2,SKU_B,0,0,46,435
102,W2,SKU_C,655,0,0,1110
102,W2,SKU_D,0,0,1494,1963
102,W2,SKU_E,267,0,0,525
102,R1,SKU_A,484,0,0,324
102,R1,SKU_B,54,0,0,129
102,R1,SKU_C,588,0,0,211
102,R1,SKU_D,122,0,0,143
102,R1,SKU_E,268,0,0,261
102,R2,SKU_A,857,0,0,261
102,R2,SKU_B,244,0,0,179
102,R2,SKU_C,186,0,0,176
102,R2,SKU_D,141,0,0,156
102,R2,SKU_E,804,0,0,0
102,R3,SKU_A,1765,0,0,0
102,R3,SKU_B,559,0,0,295
102,R3,SKU_C,269,0,0,628
102,R3,SKU_D,962,0,0,616
102,R3,SKU_E,693,0,0,320
103,Supplier,SKU_A,0,0,0,0
103,Supplier,SKU_B,0,0,0,0
103,Supplier,SKU_C,0,0,0,0
103,Supplier,SKU_D,0,0,0,0
103,Supplier,SKU_E,0,0,0,0
103,W1,SKU_A,0,0,744,2149
103,W1,SKU_B,581,0,0,803
103,W1,SKU_C,861,0,0,996
103,W1,SKU_D,800,0,0,646
103,W1,SKU_E,0,0,1760,1460
103,W2,SKU_A,0,0,1939,1058
103,W2,SKU_B,0,0,174,563
103,W2,SKU_C,709,0,0,1056
103,W2,SKU_D,0,0,1369,1838
103,W2,SKU_E,281,0,0,511
103,R1,SKU_A,455,0,0,320
103,R1,SKU_B,3,0,0,143
103,R1,SKU_C,506,0,0,231
103,R1,SKU_D,101,0,0,130
103,R1,SKU_E,300,0,0,410
103,R2,SKU_A,746,0,0,476
103,R2,SKU_B,238,0,0,179
103,R2,SKU_C,188,0,0,171
103,R2,SKU_D,131,0,0,154
103,R2,SKU_E,751,0,0,0
103,R3,SKU_A,1525,0,0,0
103,R3,SKU_B,624,0,0,176
103,R3,SKU_C,292,0,0,548
103,R3,SKU_D,944,0,0,817
103,R3,SKU_E,678,0,0,308
104,Supplier,SKU_A,0,0,0,0
104,Supplier,SKU_B,0,0,0,0
104,Supplier,SKU_C,0,0,0,0
104,Supplier,SKU_D,0,0,0,0
104,Supplier,SKU_E,0,0,0,0
104,W1,SKU_A,0,0,741,2146
104,W1,SKU_B,550,0,0,834
104,W1,SKU_C,929,0,0,928
104,W1,SKU_D,816,0,0,630
104,W1,SKU_E,0,0,1456,1156
104,W2,SKU_A,0,0,2738,1857
104,W2,SKU_B,0,0,262,651
104,W2,SKU_C,728,0,0,1037
104,W2,SKU_D,0,0,1042,1511
104,W2,SKU_E,291,0,0,501
104,R1,SKU_A,404,0,0,323
104,R1,SKU_B,0,49,0,197
104,R1,SKU_C,404,0,0,286
104,R1,SKU_D,78,0,0,146
104,R1,SKU_E,406,0,0,543
104,R2,SKU_A,768,0,0,522
104,R2,SKU_B,187,0,0,197
104,R2,SKU_C,163,0,0,175
104,R2,SKU_D,112,0,0,171
104,R2,SKU_E,683,0,0,0
104,R3,SKU_A,1224,0,0,0
104,R3,SKU_B,616,0,0,194
104,R3,SKU_C,195,0,0,623
104,R3,SKU_D,884,0,0,1044
104,R3,SKU_E,671,0,0,329
105,Supplier,SKU_A,0,0,0,0
105,Supplier,SKU_B,0,0,0,0
105,Supplier,SKU_C,0,0,0,0
105,Supplier,SKU_D,0,0,0,0
105,Supplier,SKU_E,0,0,0,0
105,W1,SKU_A,0,0,647,2052
105,W1,SKU_B,508,0,0,827
105,W1,SKU_C,831,0,0,1026
105,W1,SKU_D,778,0,0,668
105,W1,SKU_E,0,0,1099,799
105,W2,SKU_A,0,0,3838,2957
105,W2,SKU_B,0,0,315,704
105,W2,SKU_C,729,0,0,1036
105,W2,SKU_D,0,0,712,1181
105,W2,SKU_E,290,0,0,502
105,R1,SKU_A,280,0,0,404
105,R1,SKU_B,0,82,0,232
105,R1,SKU_C,245,0,0,395
105,R1,SKU_D,20,0,0,187
105,R1,SKU_E,585,0,0,661
105,R2,SKU_A,746,0,0,609
105,R2,SKU_B,154,0,0,243
105,R2,SKU_C,134,0,0,192
105,R2,SKU_D,86,0,0,179
105,R2,SKU_E,629,0,0,0
105,R3,SKU_A,895,0,0,0
105,R3,SKU_B,625,0,0,226
105,R3,SKU_C,0,29,0,810
105,R3,SKU_D,900,0,0,1214
105,R3,SKU_E,644,0,0,346
106,Supplier,SKU_A,0,0,0,0
106,Supplier,SKU_B,0,0,0,0
106,Supplier,SKU_C,0,0,0,0
106,Supplier,SKU_D,0,0,0,0
106,Supplier,SKU_E,0,0,0,0
106,W1,SKU_A,0,0,496,1901
106,W1,SKU_B,502,0,0,800
106,W1,SKU_C,615,0,0,1242
106,W1,SKU_D,696,0,0,750
106,W1,SKU_E,0,0,769,469
106,W2,SKU_A,0,0,5267,4386
106,W2,SKU_B,0,0,370,759
106,W2,SKU_C,595,0,0,1141
106,W2,SKU_D,0,0,376,845
106,W2,SKU_E,273,0,0,519
106,R1,SKU_A,297,0,0,495
106,R1,SKU_B,0,46,0,228
106,R1,SKU_C,278,0,0,492
106,R1,SKU_D,26,0,0,211
106,R1,SKU_E,836,0,0,687
106,R2,SKU_A,835,0,0,581
106,R2,SKU_B,140,0,0,269
106,R2,SKU_C,106,0,0,228
106,R2,SKU_D,99,0,0,211
106,R2,SKU_E,576,0,0,0
106,R3,SKU_A,647,0,0,0
106,R3,SKU_B,559,0,0,289
106,R3,SKU_C,0,32,0,956
106,R3,SKU_D,1062,0,0,1297
106,R3,SKU_E,665,0,0,371
107,Supplier,SKU_A,0,0,0,0
107,Supplier,SKU_B,0,0,0,0
107,Supplier,SKU_C,0,0,0,0
107,Supplier,SKU_D,0,0,0,0
107,Supplier,SKU_E,0,0,0,0
107,W1,SKU_A,0,0,189,1578
107,W1,SKU_B,463,0,0,875
107,W1,SKU_C,572,0,0,1285
107,W1,SKU_D,705,0,0,741
107,W1,SKU_E,0,0,485,170
107,W2,SKU_A,0,0,6794,5913
107,W2,SKU_B,0,0,417,806
107,W2,SKU_C,514,0,0,1219
107,W2,SKU_D,0,0,27,496
107,W2,SKU_E,292,0,0,500
107,R1,SKU_A,334,0,0,430
107,R1,SKU_B,0,9,0,194
107,R1,SKU_C,366,0,0,412
107,R1,SKU_D,54,0,0,198
107,R1,SKU_E,1147,0,0,337
107,R2,SKU_A,912,0,0,707
107,R2,SKU_B,143,0,0,277
107,R2,SKU_C,112,0,0,253
107,R2,SKU_D,111,0,0,186
107,R2,SKU_E,529,0,0,292
107,R3,SKU_A,445,0,0,150
107,R3,SKU_B,470,0,0,376
107,R3,SKU_C,24,0,0,929
107,R3,SKU_D,1282,0,0,1342
107,R3,SKU_E,675,0,0,348
108,Supplier,SKU_A,0,0,0,0
108,Supplier,SKU_B,0,0,0,0
108,Supplier,SKU_C,0,0,0,0
108,Supplier,SKU_D,0,0,0,0
108,Supplier,SKU_E,0,0,0,0
108,W1,SKU_A,49,0,0,1151
108,W1,SKU_B,462,0,0,913
108,W1,SKU_C,554,0,0,1303
108,W1,SKU_D,692,0,0,754
108,W1,SKU_E,0,0,315,0
108,W2,SKU_A,0,0,8174,7293
108,W2,SKU_B,0,0,494,883
108,W2,SKU_C,540,0,0,1225
108,W2,SKU_D,290,0,0,179
108,W2,SKU_E,300,0,0,492
108,R1,SKU_A,409,0,0,350
108,R1,SKU_B,49,0,0,159
108,R1,SKU_C,463,0,0,274
108,R1,SKU_D,101,0,0,153
108,R1,SKU_E,1428,0,0,7
108,R2,SKU_A,999,0,0,692
108,R2,SKU_B,173,0,0,241
108,R2,SKU_C,121,0,0,226
108,R2,SKU_D,136,0,0,172
108,R2,SKU_E,475,0,0,462
108,R3,SKU_A,241,0,0,499
108,R3,SKU_B,492,0,0,341
108,R3,SKU_C,97,0,0,816
108,R3,SKU_D,1520,0,0,1042
108,R3,SKU_E,688,0,0,311
109,Supplier,SKU_A,0,0,0,0
109,Supplier,SKU_B,0,0,0,0
109,Supplier,SKU_C,0,0,0,0
109,Supplier,SKU_D,0,0,0,0
109,Supplier,SKU_E,0,0,0,0
109,W1,SKU_A,211,0,0,903
109,W1,SKU_B,521,0,0,863
109,W1,SKU_C,542,0,0,1315
109,W1,SKU_D,738,0,0,708
109,W1,SKU_E,0,0,315,0
109,W2,SKU_A,0,0,9199,8318
109,W2,SKU_B,0,0,515,904
109,W2,SKU_C,556,0,0,1209
109,W2,SKU_D,469,0,0,0
109,W2,SKU_E,286,0,0,506
109,R1,SKU_A,408,0,0,383
109,R1,SKU_B,46,0,0,133
109,R1,SKU_C,497,0,0,307
109,R1,SKU_D,96,0,0,136
109,R1,SKU_E,1390,0,0,0
109,R2,SKU_A,1078,0,0,496
109,R2,SKU_B,205,0,0,224
109,R2,SKU_C,157,0,0,205
109,R2,SKU_D,158,0,0,129
109,R2,SKU_E,425,0,0,462
109,R3,SKU_A,2,0,0,1058
109,R3,SKU_B,526,0,0,350
109,R3,SKU_C,178,0,0,721
109,R3,SKU_D,1751,0,0,712
109,R3,SKU_E,686,0,0,312
110,Supplier,SKU_A,0,0,0,0
110,Supplier,SKU_B,0,0,0,0
110,Supplier,SKU_C,0,0,0,0
110,Supplier,SKU_D,0,0,0,0
110,Supplier,SKU_E,0,0,0,0
110,W1,SKU_A,385,0,0,846
110,W1,SKU_B,548,0,0,836
110,W1,SKU_C,680,0,0,1177
110,W1,SKU_D,750,0,0,696
110,W1,SKU_E,0,0,315,0
110,W2,SKU_A,0,0,9664,8783
110,W2,SKU_B,0,0,439,828
110,W2,SKU_C,615,0,0,1150
110,W2,SKU_D,469,0,0,0
110,W2,SKU_E,298,0,0,494
110,R1,SKU_A,381,0,0,356
110,R1,SKU_B,25,0,0,139
110,R1,SKU_C,471,0,0,281
110,R1,SKU_D,72,0,0,156
110,R1,SKU_E,1348,0,0,0
110,R2,SKU_A,1249,0,0,189
110,R2,SKU_B,189,0,0,204
110,R2,SKU_C,181,0,0,177
110,R2,SKU_D,150,0,0,152
110,R2,SKU_E,660,0,0,170
110,R3,SKU_A,0,272,0,1857
110,R3,SKU_B,516,0,0,456
110,R3,SKU_C,249,0,0,603
110,R3,SKU_D,1962,0,0,376
110,R3,SKU_E,661,0,0,304
111,Supplier,SKU_A,0,0,0,0
111,Supplier,SKU_B,0,0,0,0
111,Supplier,SKU_C,0,0,0,0
111,Supplier,SKU_D,0,0,0,0
111,Supplier,SKU_E,0,0,0,0
111,W1,SKU_A,483,0,0,884
111,W1,SKU_B,525,0,0,859
111,W1,SKU_C,824,0,0,1033
111,W1,SKU_D,808,0,0,638
111,W1,SKU_E,0,0,315,0
111,W2,SKU_A,0,0,9303,8150
111,W2,SKU_B,0,0,277,666
111,W2,SKU_C,649,0,0,1116
111,W2,SKU_D,469,0,0,0
111,W2,SKU_E,263,0,0,529
111,R1,SKU_A,324,0,0,378
111,R1,SKU_B,0,91,0,183
111,R1,SKU_C,398,0,0,266
111,R1,SKU_D,42,0,0,182
111,R1,SKU_E,1296,0,0,0
111,R2,SKU_A,1258,0,0,0
111,R2,SKU_B,127,0,0,231
111,R2,SKU_C,82,0,0,184
111,R2,SKU_D,121,0,0,147
111,R2,SKU_E,778,0,0,0
111,R3,SKU_A,0,453,0,2807
111,R3,SKU_B,509,0,0,541
111,R3,SKU_C,123,0,0,675
111,R3,SKU_D,2152,0,0,27
111,R3,SKU_E,605,0,0,375
112,Supplier,SKU_A,0,0,0,0
112,Supplier,SKU_B,0,0,0,0
112,Supplier,SKU_C,0,0,0,0
112,Supplier,SKU_D,0,0,0,0
112,Supplier,SKU_E,0,0,0,0
112,W1,SKU_A,235,0,0,1170
112,W1,SKU_B,420,0,0,873
112,W1,SKU_C,650,0,0,1207
112,W1,SKU_D,753,0,0,693
112,W1,SKU_E,0,0,315,0
112,W2,SKU_A,0,0,7874,6721
112,W2,SKU_B,0,0,146,535
112,W2,SKU_C,637,0,0,1128
112,W2,SKU_D,469,0,0,0
112,W2,SKU_E,253,0,0,539
112,R1,SKU_A,228,0,0,467
112,R1,SKU_B,0,166,0,270
112,R1,SKU_C,197,0,0,406
112,R1,SKU_D,12,0,0,190
112,R1,SKU_E,1210,0,0,0
112,R2,SKU_A,1102,0,0,142
112,R2,SKU_B,57,0,0,287
112,R2,SKU_C,40,0,0,265
112,R2,SKU_D,91,0,0,187
112,R2,SKU_E,696,0,0,0
112,R3,SKU_A,0,424,0,3887
112,R3,SKU_B,458,0,0,613
112,R3,SKU_C,14,0,0,830
112,R3,SKU_D,2053,0,0,0
112,R3,SKU_E,553,0,0,418
113,Supplier,SKU_A,0,0,0,0
113,Supplier,SKU_B,0,0,0,0
113,Supplier,SKU_C,0,0,0,0
113,Supplier,SKU_D,0,0,0,0
113,Supplier,SKU_E,0,0,0,0
113,W1,SKU_A,0,0,179,1584
113,W1,SKU_B,300,0,0,918
113,W1,SKU_C,415,0,0,1442
113,W1,SKU_D,684,0,0,762
113,W1,SKU_E,0,0,315,0
113,W2,SKU_A,0,0,6197,5044
113,W2,SKU_B,0,0,12,401
113,W2,SKU_C,554,0,0,1211
113,W2,SKU_D,469,0,0,0
113,W2,SKU_E,188,0,0,604
113,R1,SKU_A,276,0,0,486
113,R1,SKU_B,0,167,0,330
113,R1,SKU_C,202,0,0,555
113,R1,SKU_D,1,0,0,216
113,R1,SKU_E,1150,0,0,0
113,R2,SKU_A,964,0,0,142
113,R2,SKU_B,46,0,0,372
113,R2,SKU_C,0,0,0,322
113,R2,SKU_D,112,0,0,196
113,R2,SKU_E,651,0,0,0
113,R3,SKU_A,0,76,0,5005
113,R3,SKU_B,485,0,0,619
113,R3,SKU_C,46,0,0,899
113,R3,SKU_D,1943,0,0,0
113,R3,SKU_E,535,0,0,446
114,Supplier,SKU_A,0,0,0,0
114,Supplier,SKU_B,0,0,0,0
114,Supplier,SKU_C,0,0,0,0
114,Supplier,SKU_D,0,0,0,0
114,Supplier,SKU_E,0,0,0,0
114,W1,SKU_A,0,0,556,1961
114,W1,SKU_B,268,0,0,949
114,W1,SKU_C,410,0,0,1447
114,W1,SKU_D,647,0,0,799
114,W1,SKU_E,0,0,315,0
114,W2,SKU_A,0,0,4468,3315
114,W2,SKU_B,124,0,0,265
114,W2,SKU_C,578,0,0,1187
114,W2,SKU_D,469,0,0,0
114,W2,SKU_E,146,0,0,646
114,R1,SKU_A,351,0,0,343
114,R1,SKU_B,0,85,0,259
114,R1,SKU_C,339,0,0,462
114,R1,SKU_D,15,0,0,223
114,R1,SKU_E,1092,0,0,0
114,R2,SKU_A,833,0,0,142
114,R2,SKU_B,74,0,0,347
114,R2,SKU_C,0,0,0,358
114,R2,SKU_D,114,0,0,190
114,R2,SKU_E,596,0,0,0
114,R3,SKU_A,490,0,0,5935
114,R3,SKU_B,586,0,0,449
114,R3,SKU_C,55,0,0,853
114,R3,SKU_D,1841,0,0,0
114,R3,SKU_E,554,0,0,463
115,Supplier,SKU_A,0,0,0,0
115,Supplier,SKU_B,0,0,0,0
115,Supplier,SKU_C,0,0,0,0
115,Supplier,SKU_D,0,0,0,0
115,Supplier,SKU_E,0,0,0,0
115,W1,SKU_A,0,0,961,2366
115,W1,SKU_B,255,0,0,1044
115,W1,SKU_C,403,0,0,1454
115,W1,SKU_D,670,0,0,776
115,W1,SKU_E,0,0,315,0
115,W2,SKU_A,0,0,2884,1731
115,W2,SKU_B,273,0,0,116
115,W2,SKU_C,573,0,0,1192
115,W2,SKU_D,469,0,0,0
115,W2,SKU_E,164,0,0,628
115,R1,SKU_A,438,0,0,387
115,R1,SKU_B,0,12,0,189
115,R1,SKU_C,523,0,0,264
115,R1,SKU_D,70,0,0,187
115,R1,SKU_E,1045,0,0,0
115,R2,SKU_A,883,0,0,0
115,R2,SKU_B,158,0,0,284
115,R2,SKU_C,103,0,0,266
115,R2,SKU_D,163,0,0,154
115,R2,SKU_E,544,0,0,0
115,R3,SKU_A,1406,0,0,6419
115,R3,SKU_B,718,0,0,277
115,R3,SKU_C,171,0,0,797
115,R3,SKU_D,1751,0,0,0
115,R3,SKU_E,603,0,0,411
116,Supplier,SKU_A,0,0,0,0
116,Supplier,SKU_B,0,0,0,0
116,Supplier,SKU_C,0,0,0,0
116,Supplier,SKU_D,0,0,0,0
116,Supplier,SKU_E,0,0,0,0
116,W1,SKU_A,0,0,1254,2659
116,W1,SKU_B,317,0,0,1055
116,W1,SKU_C,449,0,0,1408
116,W1,SKU_D,714,0,0,732
116,W1,SKU_E,0,0,362,0
116,W2,SKU_A,0,0,1620,467
116,W2,SKU_B,379,0,0,10
116,W2,SKU_C,642,0,0,1123
116,W2,SKU_D,463,0,0,6
116,W2,SKU_E,180,0,0,612
116,R1,SKU_A,420,0,0,493
116,R1,SKU_B,32,0,0,175
116,R1,SKU_C,572,0,0,234
116,R1,SKU_D,115,0,0,147
116,R1,SKU_E,1001,0,0,0
116,R2,SKU_A,810,0,0,138
116,R2,SKU_B,239,0,0,186
116,R2,SKU_C,161,0,0,202
116,R2,SKU_D,200,0,0,115
116,R2,SKU_E,502,0,0,0
116,R3,SKU_A,2682,0,0,6254
116,R3,SKU_B,788,0,0,146
116,R3,SKU_C,380,0,0,627
116,R3,SKU_D,1672,0,0,6
116,R3,SKU_E,641,0,0,377
117,Supplier,SKU_A,0,0,0,0
117,Supplier,SKU_B,0,0,0,0
117,Supplier,SKU_C,0,0,0,0
117,Supplier,SKU_D,0,0,0,0
117,Supplier,SKU_E,0,0,0,0
117,W1,SKU_A,0,0,1315,2720
117,W1,SKU_B,408,0,0,976
117,W1,SKU_C,688,0,0,1169
117,W1,SKU_D,799,0,0,647
117,W1,SKU_E,0,0,451,19
117,W2,SKU_A,0,0,1153,0
117,W2,SKU_B,341,0,0,48
117,W2,SKU_C,797,0,0,968
117,W2,SKU_D,384,0,0,85
117,W2,SKU_E,233,0,0,559
117,R1,SKU_A,534,0,0,254
117,R1,SKU_B,17,0,0,142
117,R1,SKU_C,548,0,0,229
117,R1,SKU_D,140,0,0,123
117,R1,SKU_E,954,0,0,0
117,R2,SKU_A,719,0,0,529
117,R2,SKU_B,239,0,0,179
117,R2,SKU_C,210,0,0,161
117,R2,SKU_D,189,0,0,108
117,R2,SKU_E,450,0,0,0
117,R3,SKU_A,4085,0,0,5044
117,R3,SKU_B,812,0,0,60
117,R3,SKU_C,466,0,0,464
117,R3,SKU_D,1548,0,0,85
117,R3,SKU_E,640,0,0,330
118,Supplier,SKU_A,0,0,0,0
118,Supplier,SKU_B,0,0,0,0
118,Supplier,SKU_C,0,0,0,0
118,Supplier,SKU_D,0,0,0,0
118,Supplier,SKU_E,0,0,0,0
118,W1,SKU_A,0,0,1218,2623
118,W1,SKU_B,462,0,0,922
118,W1,SKU_C,928,0,0,929
118,W1,SKU_D,879,0,0,567
118,W1,SKU_E,0,0,592,207
118,W2,SKU_A,0,0,1153,0
118,W2,SKU_B,231,0,0,158
118,W2,SKU_C,929,0,0,836
118,W2,SKU_D,260,0,0,209
118,W2,SKU_E,223,0,0,569
118,R1,SKU_A,507,0,0,205
118,R1,SKU_B,0,20,0,160
118,R1,SKU_C,432,0,0,239
118,R1,SKU_D,95,0,0,117
118,R1,SKU_E,902,0,0,0
118,R2,SKU_A,626,0,0,778
118,R2,SKU_B,223,0,0,182
118,R2,SKU_C,188,0,0,148
118,R2,SKU_D,176,0,0,115
118,R2,SKU_E,393,0,0,0
118,R3,SKU_A,5447,0,0,3315
118,R3,SKU_B,730,0,0,158
118,R3,SKU_C,374,0,0,479
118,R3,SKU_D,1394,0,0,209
118,R3,SKU_E,653,0,0,341
119,Supplier,SKU_A,0,0,0,0
119,Supplier,SKU_B,0,0,0,0
119,Supplier,SKU_C,0,0,0,0
119,Supplier,SKU_D,0,0,0,0
119,Supplier,SKU_E,0,0,0,0
119,W1,SKU_A,0,0,974,2375
119,W1,SKU_B,425,0,0,939
119,W1,SKU_C,856,0,0,1001
119,W1,SKU_D,857,0,0,589
119,W1,SKU_E,0,0,790,457
119,W2,SKU_A,0,0,1153,0
119,W2,SKU_B,137,0,0,252
119,W2,SKU_C,938,0,0,827
119,W2,SKU_D,106,0,0,363
119,W2,SKU_E,246,0,0,546
119,R1,SKU_A,266,0,0,406
119,R1,SKU_B,0,74,0,227
119,R1,SKU_C,373,0,0,374
119,R1,SKU_D,59,0,0,167
119,R1,SKU_E,832,0,0,0
119,R2,SKU_A,622,0,0,884
119,R2,SKU_B,190,0,0,219
119,R2,SKU_C,138,0,0,181
119,R2,SKU_D,144,0,0,141
119,R2,SKU_E,335,0,0,0
119,R3,SKU_A,6653,0,0,1731
119,R3,SKU_B,608,0,0,252
119,R3,SKU_C,202,0,0,534
119,R3,SKU_D,1254,0,0,363
119,R3,SKU_E,628,0,0,364
120,Supplier,SKU_A,0,0,0,0
120,Supplier,SKU_B,0,0,0,0
120,Supplier,SKU_C,0,0,0,0
120,Supplier,SKU_D,0,0,0,0
120,Supplier,SKU_E,0,0,0,0
120,W1,SKU_A,0,0,571,1870
120,W1,SKU_B,474,0,0,836
120,W1,SKU_C,763,0,0,1094
120,W1,SKU_D,826,0,0,620
120,W1,SKU_E,0,0,1046,783
120,W2,SKU_A,0,0,1153,0
120,W2,SKU_B,15,0,0,374
120,W2,SKU_C,729,0,0,1036
120,W2,SKU_D,0,0,34,503
120,W2,SKU_E,257,0,0,535
120,R1,SKU_A,265,0,0,522
120,R1,SKU_B,0,34,0,233
120,R1,SKU_C,395,0,0,404
120,R1,SKU_D,48,0,0,204
120,R1,SKU_E,768,0,0,0
120,R2,SKU_A,907,0,0,896
120,R2,SKU_B,184,0,0,235
120,R2,SKU_C,136,0,0,225
120,R2,SKU_D,143,0,0,171
120,R2,SKU_E,294,0,0,0
120,R3,SKU_A,7692,0,0,467
120,R3,SKU_B,517,0,0,374
120,R3,SKU_C,113,0,0,766
120,R3,SKU_D,1176,0,0,463
120,R3,SKU_E,614,0,0,386
121,Supplier,SKU_A,0,0,0,0
121,Supplier,SKU_B,0,0,0,0
121,Supplier,SKU_C,0,0,0,0
121,Supplier,SKU_D,0,0,0,0
121,Supplier,SKU_E,0,0,0,0
121,W1,SKU_A,0,0,92,1225
121,W1,SKU_B,546,0,0,804
121,W1,SKU_C,767,0,0,1090
121,W1,SKU_D,818,0,0,628
121,W1,SKU_E,0,0,1343,1144
121,W2,SKU_A,0,0,1153,0
121,W2,SKU_B,0,0,76,465
121,W2,SKU_C,700,0,0,1065
121,W2,SKU_D,0,0,152,621
121,W2,SKU_E,240,0,0,552
121,R1,SKU_A,402,0,0,447
121,R1,SKU_B,37,0,0,174
121,R1,SKU_C,532,0,0,276
121,R1,SKU_D,103,0,0,164
121,R1,SKU_E,745,0,0,0
121,R2,SKU_A,1056,0,0,1126
121,R2,SKU_B,196,0,0,234
121,R2,SKU_C,116,0,0,235
121,R2,SKU_D,145,0,0,154
121,R2,SKU_E,260,0,0,0
121,R3,SKU_A,7989,0,0,0
121,R3,SKU_B,501,0,0,341
121,R3,SKU_C,74,0,0,894
121,R3,SKU_D,1189,0,0,384
121,R3,SKU_E,622,0,0,404
122,Supplier,SKU_A,0,0,0,0
122,Supplier,SKU_B,0,0,0,0
122,Supplier,SKU_C,0,0,0,0
122,Supplier,SKU_D,0,0,0,0
122,Supplier,SKU_E,0,0,0,0
122,W1,SKU_A,296,0,0,733
122,W1,SKU_B,567,0,0,817
122,W1,SKU_C,757,0,0,1100
122,W1,SKU_D,807,0,0,639
122,W1,SKU_E,0,0,1655,1479
122,W2,SKU_A,0,0,1153,0
122,W2,SKU_B,0,0,216,605
122,W2,SKU_C,700,0,0,1065
122,W2,SKU_D,0,0,330,799
122,W2,SKU_E,252,0,0,540
122,R1,SKU_A,547,0,0,270
122,R1,SKU_B,77,0,0,116
122,R1,SKU_C,577,0,0,215
122,R1,SKU_D,139,0,0,123
122,R1,SKU_E,696,0,0,0
122,R2,SKU_A,1191,0,0,974
122,R2,SKU_B,217,0,0,209
122,R2,SKU_C,136,0,0,220
122,R2,SKU_D,153,0,0,146
122,R2,SKU_E,225,0,0,19
122,R3,SKU_A,7837,0,0,0
122,R3,SKU_B,528,0,0,231
122,R3,SKU_C,101,0,0,856
122,R3,SKU_D,1247,0,0,266
122,R3,SKU_E,683,0,0,348
123,Supplier,SKU_A,0,0,0,0
123,Supplier,SKU_B,0,0,0,0
123,Supplier,SKU_C,0,0,0,0
123,Supplier,SKU_D,0,0,0,0
123,Supplier,SKU_E,0,0,0,0
123,W1,SKU_A,477,0,0,416
123,W1,SKU_B,609,0,0,775
123,W1,SKU_C,757,0,0,1100
123,W1,SKU_D,808,0,0,638
123,W1,SKU_E,0,0,1814,1687
123,W2,SKU_A,0,0,1153,0
123,W2,SKU_B,0,0,391,780
123,W2,SKU_C,650,0,0,1115
123,W2,SKU_D,0,0,495,964
123,W2,SKU_E,265,0,0,527
123,R1,SKU_A,545,0,0,240
123,R1,SKU_B,75,0,0,122
123,R1,SKU_C,580,0,0,222
123,R1,SKU_D,160,0,0,113
123,R1,SKU_E,655,0,0,0
123,R2,SKU_A,1497,0,0,571
123,R2,SKU_B,214,0,0,192
123,R2,SKU_C,153,0,0,183
123,R2,SKU_D,169,0,0,132
123,R2,SKU_E,183,0,0,207
123,R3,SKU_A,7661,0,0,0
123,R3,SKU_B,542,0,0,185
123,R3,SKU_C,175,0,0,752
123,R3,SKU_D,1315,0,0,191
123,R3,SKU_E,684,0,0,311
124,Supplier,SKU_A,0,0,0,0
124,Supplier,SKU_B,0,0,0,0
124,Supplier,SKU_C,0,0,0,0
124,Supplier,SKU_D,0,0,0,0
124,Supplier,SKU_E,0,0,0,0
124,W1,SKU_A,546,0,0,191
124,W1,SKU_B,647,0,0,737
124,W1,SKU_C,888,0,0,969
124,W1,SKU_D,879,0,0,567
124,W1,SKU_E,0,0,1766,1679
124,W2,SKU_A,0,0,1153,0
124,W2,SKU_B,0,0,536,925
124,W2,SKU_C,647,0,0,1118
124,W2,SKU_D,0,0,622,1091
124,W2,SKU_E,290,0,0,502
124,R1,SKU_A,491,0,0,304
124,R1,SKU_B,37,0,0,136
124,R1,SKU_C,537,0,0,228
124,R1,SKU_D,140,0,0,107
124,R1,SKU_E,609,0,0,1
124,R2,SKU_A,1865,0,0,92
124,R2,SKU_B,194,0,0,205
124,R2,SKU_C,108,0,0,208
124,R2,SKU_D,149,0,0,145
124,R2,SKU_E,134,0,0,456
124,R3,SKU_A,7482,0,0,0
124,R3,SKU_B,567,0,0,173
124,R3,SKU_C,381,0,0,561
124,R3,SKU_D,1325,0,0,209
124,R3,SKU_E,704,0,0,308
125,Supplier,SKU_A,0,0,0,0
125,Supplier,SKU_B,0,0,0,0
125,Supplier,SKU_C,0,0,0,0
125,Supplier,SKU_D,0,0,0,0
125,Supplier,SKU_E,0,0,0,0
125,W1,SKU_A,567,0,0,281
125,W1,SKU_B,603,0,0,781
125,W1,SKU_C,903,0,0,954
125,W1,SKU_D,909,0,0,537
125,W1,SKU_E,0,0,1487,1400
125,W2,SKU_A,0,0,1153,0
125,W2,SKU_B,0,0,684,1073
125,W2,SKU_C,736,0,0,1029
125,W2,SKU_D,0,0,691,1160
125,W2,SKU_E,308,0,0,484
125,R1,SKU_A,388,0,0,326
125,R1,SKU_B,0,3,0,156
125,R1,SKU_C,464,0,0,255
125,R1,SKU_D,101,0,0,122
125,R1,SKU_E,563,0,0,47
125,R2,SKU_A,1830,0,0,0
125,R2,SKU_B,176,0,0,236
125,R2,SKU_C,99,0,0,243
125,R2,SKU_D,137,0,0,150
125,R2,SKU_E,111,0,0,717
125,R3,SKU_A,7267,0,0,0
125,R3,SKU_B,482,0,0,252
125,R3,SKU_C,403,0,0,498
125,R3,SKU_D,1192,0,0,363
125,R3,SKU_E,691,0,0,296
126,Supplier,SKU_A,0,0,0,0
126,Supplier,SKU_B,0,0,0,0
126,Supplier,SKU_C,0,0,0,0
126,Supplier,SKU_D,0,0,0,0
126,Supplier,SKU_E,0,0,0,0
126,W1,SKU_A,328,0,0,647
126,W1,SKU_B,590,0,0,791
126,W1,SKU_C,804,0,0,1053
126,W1,SKU_D,853,0,0,593
126,W1,SKU_E,0,0,1172,1039
126,W2,SKU_A,0,0,1153,0
126,W2,SKU_B,0,0,810,1199
126,W2,SKU_C,901,0,0,864
126,W2,SKU_D,0,0,753,1222
126,W2,SKU_E,303,0,0,489
126,R1,SKU_A,326,0,0,397
126,R1,SKU_B,0,50,0,200
126,R1,SKU_C,398,0,0,338
126,R1,SKU_D,42,0,0,172
126,R1,SKU_E,502,0,0,92
126,R2,SKU_A,1703,0,0,0
126,R2,SKU_B,162,0,0,250
126,R2,SKU_C,77,0,0,257
126,R2,SKU_D,119,0,0,162
126,R2,SKU_E,235,0,0,844
126,R3,SKU_A,7057,0,0,0
126,R3,SKU_B,409,0,0,374
126,R3,SKU_C,342,0,0,565
126,R3,SKU_D,1084,0,0,497
126,R3,SKU_E,654,0,0,335
127,Supplier,SKU_A,0,0,0,0
127,Supplier,SKU_B,0,0,0,0
127,Supplier,SKU_C,0,0,0,0
127,Supplier,SKU_D,0,0,0,0
127,Supplier,SKU_E,0,0,0,0
127,W1,SKU_A,98,0,0,1004
127,W1,SKU_B,545,0,0,789
127,W1,SKU_C,715,0,0,1142
127,W1,SKU_D,782,0,0,664
127,W1,SKU_E,0,0,880,685
127,W2,SKU_A,0,0,1153,0
127,W2,SKU_B,0,0,918,1307
127,W2,SKU_C,929,0,0,836
127,W2,SKU_D,0,0,811,1280
127,W2,SKU_E,292,0,0,500
127,R1,SKU_A,345,0,0,469
127,R1,SKU_B,0,36,0,223
127,R1,SKU_C,432,0,0,367
127,R1,SKU_D,62,0,0,205
127,R1,SKU_E,512,0,0,108
127,R2,SKU_A,1591,0,0,0
127,R2,SKU_B,166,0,0,244
127,R2,SKU_C,101,0,0,259
127,R2,SKU_D,128,0,0,182
127,R2,SKU_E,436,0,0,887
127,R3,SKU_A,6910,0,0,0
127,R3,SKU_B,383,0,0,417
127,R3,SKU_C,357,0,0,615
127,R3,SKU_D,1061,0,0,536
127,R3,SKU_E,618,0,0,377
128,Supplier,SKU_A,0,0,0,0
128,Supplier,SKU_B,0,0,0,0
128,Supplier,SKU_C,0,0,0,0
128,Supplier,SKU_D,0,0,0,0
128,Supplier,SKU_E,0,0,0,0
128,W1,SKU_A,0,0,41,1255
128,W1,SKU_B,523,0,0,825
128,W1,SKU_C,726,0,0,1131
128,W1,SKU_D,798,0,0,648
128,W1,SKU_E,0,0,520,289
128,W2,SKU_A,0,0,1153,0
128,W2,SKU_B,0,0,960,1349
128,W2,SKU_C,933,0,0,832
128,W2,SKU_D,0,0,787,1256
128,W2,SKU_E,261,0,0,531
128,R1,SKU_A,436,0,0,328
128,R1,SKU_B,9,0,0,189
128,R1,SKU_C,523,0,0,287
128,R1,SKU_D,96,0,0,161
128,R1,SKU_E,521,0,0,98
128,R2,SKU_A,1473,0,0,0
128,R2,SKU_B,175,0,0,233
128,R2,SKU_C,146,0,0,215
128,R2,SKU_D,122,0,0,166
128,R2,SKU_E,641,0,0,967
128,R3,SKU_A,6732,0,0,0
128,R3,SKU_B,418,0,0,447
128,R3,SKU_C,395,0,0,570
128,R3,SKU_D,1100,0,0,596
128,R3,SKU_E,614,0,0,377
129,Supplier,SKU_A,0,0,0,0
129,Supplier,SKU_B,0,0,0,0
129,Supplier,SKU_C,0,0,0,0
129,Supplier,SKU_D,0,0,0,0
129,Supplier,SKU_E,0,0,0,0
129,W1,SKU_A,0,0,218,1550
129,W1,SKU_B,526,0,0,858
129,W1,SKU_C,759,0,0,1098
129,W1,SKU_D,769,0,0,677
129,W1,SKU_E,0,0,315,47
129,W2,SKU_A,0,0,1153,0
129,W2,SKU_B,0,0,854,1243
129,W2,SKU_C,941,0,0,824
129,W2,SKU_D,0,0,604,1073
129,W2,SKU_E,221,0,0,571
129,R1,SKU_A,512,0,0,110
129,R1,SKU_B,46,0,0,141
129,R1,SKU_C,604,0,0,213
129,R1,SKU_D,128,0,0,118
129,R1,SKU_E,556,0,0,73
129,R2,SKU_A,1372,0,0,0
129,R2,SKU_B,188,0,0,237
129,R2,SKU_C,190,0,0,196
129,R2,SKU_D,138,0,0,165
129,R2,SKU_E,907,0,0,857
129,R3,SKU_A,6553,0,0,0
129,R3,SKU_B,457,0,0,576
129,R3,SKU_C,392,0,0,547
129,R3,SKU_D,1167,0,0,686
129,R3,SKU_E,615,0,0,398
130,Supplier,SKU_A,0,0,0,0
130,Supplier,SKU_B,0,0,0,0
130,Supplier,SKU_C,0,0,0,0
130,Supplier,SKU_D,0,0,0,0
130,Supplier,SKU_E,0,0,0,0
130,W1,SKU_A,0,0,308,1713
130,W1,SKU_B,566,0,0,818
130,W1,SKU_C,881,0,0,976
130,W1,SKU_D,777,0,0,669
130,W1,SKU_E,0,0,295,0
130,W2,SKU_A,0,0,1153,0
130,W2,SKU_B,0,0,599,988
130,W2,SKU_C,953,0,0,812
130,W2,SKU_D,0,0,353,822
130,W2,SKU_E,239,0,0,553
130,R1,SKU_A,462,0,0,281
130,R1,SKU_B,42,0,0,141
130,R1,SKU_C,618,0,0,195
130,R1,SKU_D,132,0,0,139
130,R1,SKU_E,545,0,0,64
130,R2,SKU_A,1268,0,0,0
130,R2,SKU_B,218,0,0,224
130,R2,SKU_C,223,0,0,144
130,R2,SKU_D,146,0,0,143
130,R2,SKU_E,1160,0,0,585
130,R3,SKU_A,6386,0,0,0
130,R3,SKU_B,512,0,0,709
130,R3,SKU_C,431,0,0,509
130,R3,SKU_D,1203,0,0,797
130,R3,SKU_E,640,0,0,372
131,Supplier,SKU_A,0,0,0,0
131,Supplier,SKU_B,0,0,0,0
131,Supplier,SKU_C,0,0,0,0
131,Supplier,SKU_D,0,0,0,0
131,Supplier,SKU_E,0,0,0,0
131,W1,SKU_A,0,0,284,1689
131,W1,SKU_B,623,0,0,761
131,W1,SKU_C,1000,0,0,857
131,W1,SKU_D,827,0,0,619
131,W1,SKU_E,0,0,342,0
131,W2,SKU_A,0,0,1153,0
131,W2,SKU_B,0,0,357,746
131,W2,SKU_C,951,0,0,814
131,W2,SKU_D,0,0,130,599
131,W2,SKU_E,239,0,0,553
131,R1,SKU_A,318,0,0,635
131,R1,SKU_B,30,0,0,156
131,R1,SKU_C,608,0,0,192
131,R1,SKU_D,115,0,0,125
131,R1,SKU_E,543,0,0,27
131,R2,SKU_A,1158,0,0,0
131,R2,SKU_B,213,0,0,192
131,R2,SKU_C,246,0,0,137
131,R2,SKU_D,147,0,0,164
131,R2,SKU_E,1471,0,0,225
131,R3,SKU_A,6192,0,0,0
131,R3,SKU_B,523,0,0,860
131,R3,SKU_C,482,0,0,476
131,R3,SKU_D,1229,0,0,902
131,R3,SKU_E,646,0,0,349
132,Supplier,SKU_A,0,0,0,0
132,Supplier,SKU_B,0,0,0,0
132,Supplier,SKU_C,0,0,0,0
132,Supplier,SKU_D,0,0,0,0
132,Supplier,SKU_E,0,0,0,0
132,W1,SKU_A,0,0,169,1574
132,W1,SKU_B,605,0,0,779
132,W1,SKU_C,1113,0,0,744
132,W1,SKU_D,883,0,0,563
132,W1,SKU_E,0,0,428,0
132,W2,SKU_A,0,0,1153,0
132,W2,SKU_B,0,0,109,498
132,W2,SKU_C,1008,0,0,757
132,W2,SKU_D,72,0,0,397
132,W2,SKU_E,247,0,0,545
132,R1,SKU_A,402,0,0,490
132,R1,SKU_B,13,0,0,157
132,R1,SKU_C,505,0,0,209
132,R1,SKU_D,100,0,0,131
132,R1,SKU_E,519,0,0,0
132,R2,SKU_A,1021,0,0,233
132,R2,SKU_B,219,0,0,195
132,R2,SKU_C,230,0,0,115
132,R2,SKU_D,162,0,0,141
132,R2,SKU_E,1622,0,0,20
132,R3,SKU_A,5951,0,0,0
132,R3,SKU_B,559,0,0,968
132,R3,SKU_C,389,0,0,490
132,R3,SKU_D,1285,0,0,848
132,R3,SKU_E,662,0,0,349
133,Supplier,SKU_A,0,0,0,0
133,Supplier,SKU_B,0,0,0,0
133,Supplier,SKU_C,0,0,0,0
133,Supplier,SKU_D,0,0,0,0
133,Supplier,SKU_E,0,0,0,0
133,W1,SKU_A,0,0,125,1530
133,W1,SKU_B,606,0,0,778
133,W1,SKU_C,1013,0,0,844
133,W1,SKU_D,840,0,0,606
133,W1,SKU_E,0,0,565,0
133,W2,SKU_A,0,0,1153,0
133,W2,SKU_B,90,0,0,299
133,W2,SKU_C,980,0,0,785
133,W2,SKU_D,248,0,0,221
133,W2,SKU_E,269,0,0,523
133,R1,SKU_A,545,0,0,185
133,R1,SKU_B,0,23,0,170
133,R1,SKU_C,358,0,0,308
133,R1,SKU_D,60,0,0,171
133,R1,SKU_E,464,0,0,0
133,R2,SKU_A,884,0,0,423
133,R2,SKU_B,177,0,0,206
133,R2,SKU_C,195,0,0,156
133,R2,SKU_D,136,0,0,141
133,R2,SKU_E,1588,0,0,0
133,R3,SKU_A,5703,0,0,0
133,R3,SKU_B,696,0,0,854
133,R3,SKU_C,275,0,0,576
133,R3,SKU_D,1385,0,0,604
133,R3,SKU_E,654,0,0,329
134,Supplier,SKU_A,0,0,0,0
134,Supplier,SKU_B,0,0,0,0
134,Supplier,SKU_C,0,0,0,0
134,Supplier,SKU_D,0,0,0,0
134,Supplier,SKU_E,0,0,0,0
134,W1,SKU_A,0,0,134,1539
134,W1,SKU_B,566,0,0,795
134,W1,SKU_C,859,0,0,998
134,W1,SKU_D,803,0,0,643
134,W1,SKU_E,0,0,757,0
134,W2,SKU_A,0,0,1153,0
134,W2,SKU_B,272,0,0,117
134,W2,SKU_C,859,0,0,906
134,W2,SKU_D,408,0,0,61
134,W2,SKU_E,257,0,0,535
134,R1,SKU_A,504,0,0,284
134,R1,SKU_B,0,78,0,209
134,R1,SKU_C,288,0,0,442
134,R1,SKU_D,64,0,0,180
134,R1,SKU_E,411,0,0,0
134,R2,SKU_A,757,0,0,507
134,R2,SKU_B,143,0,0,265
134,R2,SKU_C,149,0,0,172
134,R2,SKU_D,130,0,0,153
134,R2,SKU_E,1531,0,0,0
134,R3,SKU_A,5482,0,0,0
134,R3,SKU_B,873,0,0,599
134,R3,SKU_C,231,0,0,664
134,R3,SKU_D,1528,0,0,353
134,R3,SKU_E,639,0,0,359
135,Supplier,SKU_A,0,0,0,0
135,Supplier,SKU_B,0,0,0,0
135,Supplier,SKU_C,0,0,0,0
135,Supplier,SKU_D,0,0,0,0
135,Supplier,SKU_E,0,0,0,0
135,W1,SKU_A,0,0,3,1408
135,W1,SKU_B,493,0,0,813
135,W1,SKU_C,707,0,0,1150
135,W1,SKU_D,781,0,0,665
135,W1,SKU_E,0,0,1002,0
135,W2,SKU_A,0,0,1153,0
135,W2,SKU_B,389,0,0,0
135,W2,SKU_C,789,0,0,976
135,W2,SKU_D,469,0,0,0
135,W2,SKU_E,264,0,0,528
135,R1,SKU_A,420,0,0,388
135,R1,SKU_B,0,50,0,248
135,R1,SKU_C,359,0,0,426
135,R1,SKU_D,87,0,0,167
135,R1,SKU_E,384,0,0,0
135,R2,SKU_A,871,0,0,541
135,R2,SKU_B,155,0,0,262
135,R2,SKU_C,108,0,0,234
135,R2,SKU_D,118,0,0,181
135,R2,SKU_E,1469,0,0,0
135,R3,SKU_A,5354,0,0,0
135,R3,SKU_B,1094,0,0,357
135,R3,SKU_C,262,0,0,709
135,R3,SKU_D,1659,0,0,130
135,R3,SKU_E,653,0,0,373
136,Supplier,SKU_A,0,0,0,0
136,Supplier,SKU_B,0,0,0,0
136,Supplier,SKU_C,0,0,0,0
136,Supplier,SKU_D,0,0,0,0
136,Supplier,SKU_E,0,0,0,0
136,W1,SKU_A,194,0,0,1199
136,W1,SKU_B,483,0,0,851
136,W1,SKU_C,654,0,0,1203
136,W1,SKU_D,774,0,0,672
136,W1,SKU_E,0,0,1274,309
136,W2,SKU_A,0,0,1153,0
136,W2,SKU_B,389,0,0,0
136,W2,SKU_C,821,0,0,944
136,W2,SKU_D,469,0,0,0
136,W2,SKU_E,277,0,0,515
136,R1,SKU_A,508,0,0,310
136,R1,SKU_B,0,0,0,197
136,R1,SKU_C,481,0,0,307
136,R1,SKU_D,126,0,0,144
136,R1,SKU_E,353,0,0,0
136,R2,SKU_A,948,0,0,354
136,R2,SKU_B,146,0,0,259
136,R2,SKU_C,124,0,0,237
136,R2,SKU_D,128,0,0,185
136,R2,SKU_E,1409,0,0,0
136,R3,SKU_A,5180,0,0,0
136,R3,SKU_B,1276,0,0,109
136,R3,SKU_C,292,0,0,696
136,R3,SKU_D,1695,0,0,0
136,R3,SKU_E,673,0,0,342
137,Supplier,SKU_A,0,0,0,0
137,Supplier,SKU_B,0,0,0,0
137,Supplier,SKU_C,0,0,0,0
137,Supplier,SKU_D,0,0,0,0
137,Supplier,SKU_E,0,0,0,0
137,W1,SKU_A,203,0,0,1202
137,W1,SKU_B,494,0,0,890
137,W1,SKU_C,620,0,0,1237
137,W1,SKU_D,806,0,0,640
137,W1,SKU_E,0,0,1577,672
137,W2,SKU_A,0,0,1153,0
137,W2,SKU_B,389,0,0,0
137,W2,SKU_C,869,0,0,896
137,W2,SKU_D,407,0,0,62
137,W2,SKU_E,280,0,0,512
137,R1,SKU_A,533,0,0,280
137,R1,SKU_B,49,0,0,131
137,R1,SKU_C,552,0,0,249
137,R1,SKU_D,140,0,0,118
137,R1,SKU_E,317,0,0,0
137,R2,SKU_A,915,0,0,368
137,R2,SKU_B,190,0,0,237
137,R2,SKU_C,116,0,0,227
137,R2,SKU_D,139,0,0,149
137,R2,SKU_E,1367,0,0,0
137,R3,SKU_A,5043,0,0,0
137,R3,SKU_B,1334,0,0,0
137,R3,SKU_C,392,0,0,587
137,R3,SKU_D,1613,0,0,62
137,R3,SKU_E,678,0,0,338
138,Supplier,SKU_A,0,0,0,0
138,Supplier,SKU_B,0,0,0,0
138,Supplier,SKU_C,0,0,0,0
138,Supplier,SKU_D,0,0,0,0
138,Supplier,SKU_E,0,0,0,0
138,W1,SKU_A,153,0,0,1252
138,W1,SKU_B,517,0,0,867
138,W1,SKU_C,705,0,0,1152
138,W1,SKU_D,818,0,0,628
138,W1,SKU_E,0,0,1916,1053
138,W2,SKU_A,0,0,1153,0
138,W2,SKU_B,389,0,0,0
138,W2,SKU_C,890,0,0,875
138,W2,SKU_D,325,0,0,144
138,W2,SKU_E,301,0,0,491
138,R1,SKU_A,517,0,0,275
138,R1,SKU_B,39,0,0,149
138,R1,SKU_C,558,0,0,233
138,R1,SKU_D,141,0,0,114
138,R1,SKU_E,276,0,0,0
138,R2,SKU_A,1071,0,0,218
138,R2,SKU_B,182,0,0,218
138,R2,SKU_C,138,0,0,205
138,R2,SKU_D,153,0,0,144
138,R2,SKU_E,1311,0,0,0
138,R3,SKU_A,4865,0,0,0
138,R3,SKU_B,1276,0,0,0
138,R3,SKU_C,539,0,0,459
138,R3,SKU_D,1513,0,0,144
138,R3,SKU_E,708,0,0,305
139,Supplier,SKU_A,0,0,0,0
139,Supplier,SKU_B,0,0,0,0
139,Supplier,SKU_C,0,0,0,0
139,Supplier,SKU_D,0,0,0,0
139,Supplier,SKU_E,0,0,0,0
139,W1,SKU_A,197,0,0,1208
139,W1,SKU_B,552,0,0,832
139,W1,SKU_C,822,0,0,1035
139,W1,SKU_D,862,0,0,584
139,W1,SKU_E,0,0,2296,1489
139,W2,SKU_A,0,0,1153,0
139,W2,SKU_B,389,0,0,0
139,W2,SKU_C,1009,0,0,756
139,W2,SKU_D,225,0,0,244
139,W2,SKU_E,303,0,0,489
139,R1,SKU_A,461,0,0,301
139,R1,SKU_B,0,5,0,158
139,R1,SKU_C,506,0,0,230
139,R1,SKU_D,117,0,0,129
139,R1,SKU_E,225,0,0,0
139,R2,SKU_A,966,0,0,326
139,R2,SKU_B,189,0,0,235
139,R2,SKU_C,152,0,0,204
139,R2,SKU_D,127,0,0,146
139,R2,SKU_E,1265,0,0,0
139,R3,SKU_A,4595,0,0,0
139,R3,SKU_B,1179,0,0,0
139,R3,SKU_C,537,0,0,356
139,R3,SKU_D,1360,0,0,244
139,R3,SKU_E,712,0,0,290
140,Supplier,SKU_A,0,0,0,0
140,Supplier,SKU_B,0,0,0,0
140,Supplier,SKU_C,0,0,0,0
140,Supplier,SKU_D,0,0,0,0
140,Supplier,SKU_E,0,0,0,0
140,W1,SKU_A,199,0,0,1206
140,W1,SKU_B,535,0,0,844
140,W1,SKU_C,863,0,0,994
140,W1,SKU_D,854,0,0,592
140,W1,SKU_E,0,0,2727,1966
140,W2,SKU_A,0,0,1153,0
140,W2,SKU_B,389,0,0,0
140,W2,SKU_C,1051,0,0,714
140,W2,SKU_D,72,0,0,397
140,W2,SKU_E,322,0,0,470
140,R1,SKU_A,379,0,0,352
140,R1,SKU_B,0,30,0,185
140,R1,SKU_C,440,0,0,295
140,R1,SKU_D,85,0,0,141
140,R1,SKU_E,170,0,0,0
140,R2,SKU_A,927,0,0,336
140,R2,SKU_B,196,0,0,216
140,R2,SKU_C,131,0,0,209
140,R2,SKU_D,102,0,0,186
140,R2,SKU_E,1196,0,0,0
140,R3,SKU_A,4370,0,0,0
140,R3,SKU_B,1099,0,0,0
140,R3,SKU_C,445,0,0,434
140,R3,SKU_D,1257,0,0,397
140,R3,SKU_E,678,0,0,314
141,Supplier,SKU_A,0,0,0,0
141,Supplier,SKU_B,0,0,0,0
141,Supplier,SKU_C,0,0,0,0
141,Supplier,SKU_D,0,0,0,0
141,Supplier,SKU_E,0,0,0,0
141,W1,SKU_A,0,0,27,1432
141,W1,SKU_B,515,0,0,839
141,W1,SKU_C,811,0,0,1046
141,W1,SKU_D,815,0,0,631
141,W1,SKU_E,0,0,2904,2212
141,W2,SKU_A,0,0,1153,0
141,W2,SKU_B,389,0,0,0
141,W2,SKU_C,1035,0,0,730
141,W2,SKU_D,0,0,31,500
141,W2,SKU_E,316,0,0,476
141,R1,SKU_A,409,0,0,413
141,R1,SKU_B,6,0,0,218
141,R1,SKU_C,496,0,0,351
141,R1,SKU_D,93,0,0,170
141,R1,SKU_E,143,0,0,309
141,R2,SKU_A,966,0,0,329
141,R2,SKU_B,220,0,0,231
141,R2,SKU_C,157,0,0,212
141,R2,SKU_D,124,0,0,186
141,R2,SKU_E,1148,0,0,0
141,R3,SKU_A,4196,0,0,0
141,R3,SKU_B,1040,0,0,0
141,R3,SKU_C,419,0,0,543
141,R3,SKU_D,1217,0,0,407
141,R3,SKU_E,659,0,0,337
142,Supplier,SKU_A,0,0,0,0
142,Supplier,SKU_B,0,0,0,0
142,Supplier,SKU_C,0,0,0,0
142,Supplier,SKU_D,0,0,0,0
142,Supplier,SKU_E,0,0,0,0
142,W1,SKU_A,0,0,18,1423
142,W1,SKU_B,638,0,0,746
142,W1,SKU_C,878,0,0,979
142,W1,SKU_D,805,0,0,641
142,W1,SKU_E,0,0,2745,2101
142,W2,SKU_A,0,0,1153,0
142,W2,SKU_B,389,0,0,0
142,W2,SKU_C,1026,0,0,739
142,W2,SKU_D,0,0,164,633
142,W2,SKU_E,286,0,0,506
142,R1,SKU_A,451,0,0,353
142,R1,SKU_B,69,0,0,147
142,R1,SKU_C,580,0,0,240
142,R1,SKU_D,118,0,0,153
142,R1,SKU_E,109,0,0,672
142,R2,SKU_A,995,0,0,332
142,R2,SKU_B,265,0,0,180
142,R2,SKU_C,188,0,0,186
142,R2,SKU_D,139,0,0,173
142,R2,SKU_E,1098,0,0,0
142,R3,SKU_A,4000,0,0,0
142,R3,SKU_B,963,0,0,0
142,R3,SKU_C,421,0,0,560
142,R3,SKU_D,1192,0,0,325
142,R3,SKU_E,648,0,0,357
143,Supplier,SKU_A,0,0,0,0
143,Supplier,SKU_B,0,0,0,0
143,Supplier,SKU_C,0,0,0,0
143,Supplier,SKU_D,0,0,0,0
143,Supplier,SKU_E,0,0,0,0
143,W1,SKU_A,17,0,0,1388
143,W1,SKU_B,692,0,0,692
143,W1,SKU_C,928,0,0,929
143,W1,SKU_D,842,0,0,604
143,W1,SKU_E,0,0,2364,1720
143,W2,SKU_A,0,0,1153,0
143,W2,SKU_B,370,0,0,19
143,W2,SKU_C,1019,0,0,746
143,W2,SKU_D,0,0,342,811
143,W2,SKU_E,276,0,0,516
143,R1,SKU_A,546,0,0,280
143,R1,SKU_B,124,0,0,86
143,R1,SKU_C,649,0,0,155
143,R1,SKU_D,154,0,0,108
143,R1,SKU_E,391,0,0,744
143,R2,SKU_A,1018,0,0,315
143,R2,SKU_B,290,0,0,159
143,R2,SKU_C,218,0,0,168
143,R2,SKU_D,176,0,0,134
143,R2,SKU_E,1032,0,0,0
143,R3,SKU_A,3852,0,0,0
143,R3,SKU_B,888,0,0,19
143,R3,SKU_C,392,0,0,577
143,R3,SKU_D,1207,0,0,287
143,R3,SKU_E,641,0,0,365
144,Supplier,SKU_A,0,0,0,0
144,Supplier,SKU_B,0,0,0,0
144,Supplier,SKU_C,0,0,0,0
144,Supplier,SKU_D,0,0,0,0
144,Supplier,SKU_E,0,0,0,0
144,W1,SKU_A,95,0,0,1310
144,W1,SKU_B,763,0,0,621
144,W1,SKU_C,984,0,0,873
144,W1,SKU_D,862,0,0,584
144,W1,SKU_E,0,0,1928,1284
144,W2,SKU_A,0,0,1153,0
144,W2,SKU_B,295,0,0,94
144,W2,SKU_C,1009,0,0,756
144,W2,SKU_D,0,0,523,992
144,W2,SKU_E,266,0,0,526
144,R1,SKU_A,545,0,0,276
144,R1,SKU_B,93,0,0,100
144,R1,SKU_C,629,0,0,198
144,R1,SKU_D,144,0,0,109
144,R1,SKU_E,705,0,0,817
144,R2,SKU_A,1041,0,0,272
144,R2,SKU_B,320,0,0,122
144,R2,SKU_C,241,0,0,122
144,R2,SKU_D,200,0,0,112
144,R2,SKU_E,988,0,0,0
144,R3,SKU_A,3680,0,0,0
144,R3,SKU_B,837,0,0,94
144,R3,SKU_C,466,0,0,501
144,R3,SKU_D,1253,0,0,216
144,R3,SKU_E,658,0,0,361
145,Supplier,SKU_A,0,0,0,0
145,Supplier,SKU_B,0,0,0,0
145,Supplier,SKU_C,0,0,0,0
145,Supplier,SKU_D,0,0,0,0
145,Supplier,SKU_E,0,0,0,0
145,W1,SKU_A,175,0,0,1230
145,W1,SKU_B,816,0,0,568
145,W1,SKU_C,1082,0,0,775
145,W1,SKU_D,908,0,0,538
145,W1,SKU_E,0,0,1451,807
145,W2,SKU_A,0,0,1153,0
145,W2,SKU_B,244,0,0,145
145,W2,SKU_C,978,0,0,787
145,W2,SKU_D,0,0,711,1180
145,W2,SKU_E,272,0,0,520
145,R1,SKU_A,549,0,0,259
145,R1,SKU_B,67,0,0,123
145,R1,SKU_C,606,0,0,191
145,R1,SKU_D,124,0,0,127
145,R1,SKU_E,1039,0,0,913
145,R2,SKU_A,1043,0,0,245
145,R2,SKU_B,313,0,0,131
145,R2,SKU_C,235,0,0,128
145,R2,SKU_D,188,0,0,110
145,R2,SKU_E,939,0,0,0
145,R3,SKU_A,3483,0,0,0
145,R3,SKU_B,757,0,0,145
145,R3,SKU_C,536,0,0,413
145,R3,SKU_D,1234,0,0,244
145,R3,SKU_E,662,0,0,334
146,Supplier,SKU_A,0,0,0,0
146,Supplier,SKU_B,0,0,0,0
146,Supplier,SKU_C,0,0,0,0
146,Supplier,SKU_D,0,0,0,0
146,Supplier,SKU_E,0,0,0,0
146,W1,SKU_A,277,0,0,1128
146,W1,SKU_B,858,0,0,526
146,W1,SKU_C,1167,0,0,690
146,W1,SKU_D,943,0,0,503
146,W1,SKU_E,0,0,896,252
146,W2,SKU_A,0,0,1153,0
146,W2,SKU_B,164,0,0,225
146,W2,SKU_C,1034,0,0,731
146,W2,SKU_D,0,0,837,1306
146,W2,SKU_E,266,0,0,526
146,R1,SKU_A,458,0,0,277
146,R1,SKU_B,0,13,0,143
146,R1,SKU_C,529,0,0,198
146,R1,SKU_D,77,0,0,138
146,R1,SKU_E,1428,0,0,1032
146,R2,SKU_A,989,0,0,266
146,R2,SKU_B,278,0,0,132
146,R2,SKU_C,176,0,0,139
146,R2,SKU_D,167,0,0,124
146,R2,SKU_E,886,0,0,0
146,R3,SKU_A,3233,0,0,0
146,R3,SKU_B,658,0,0,225
146,R3,SKU_C,455,0,0,426
146,R3,SKU_D,1094,0,0,397
146,R3,SKU_E,665,0,0,334
147,Supplier,SKU_A,0,0,0,0
147,Supplier,SKU_B,0,0,0,0
147,Supplier,SKU_C,0,0,0,0
147,Supplier,SKU_D,0,0,0,0
147,Supplier,SKU_E,0,0,0,0
147,W1,SKU_A,150,0,0,1255
147,W1,SKU_B,753,0,0,618
147,W1,SKU_C,993,0,0,864
147,W1,SKU_D,876,0,0,570
147,W1,SKU_E,0,0,644,0
147,W2,SKU_A,0,0,1153,0
147,W2,SKU_B,65,0,0,324
147,W2,SKU_C,1036,0,0,729
147,W2,SKU_D,0,0,1000,1469
147,W2,SKU_E,273,0,0,519
147,R1,SKU_A,413,0,0,363
147,R1,SKU_B,0,63,0,206
147,R1,SKU_C,387,0,0,298
147,R1,SKU_D,42,0,0,176
147,R1,SKU_E,1834,0,0,807
147,R2,SKU_A,922,0,0,344
147,R2,SKU_B,232,0,0,171
147,R2,SKU_C,73,0,0,210
147,R2,SKU_D,145,0,0,143
147,R2,SKU_E,828,0,0,0
147,R3,SKU_A,2975,0,0,0
147,R3,SKU_B,572,0,0,305
147,R3,SKU_C,362,0,0,526
147,R3,SKU_D,1042,0,0,438
147,R3,SKU_E,636,0,0,340
148,Supplier,SKU_A,0,0,0,0
148,Supplier,SKU_B,0,0,0,0
148,Supplier,SKU_C,0,0,0,0
148,Supplier,SKU_D,0,0,0,0
148,Supplier,SKU_E,0,0,0,0
148,W1,SKU_A,61,0,0,1344
148,W1,SKU_B,638,0,0,683
148,W1,SKU_C,767,0,0,1090
148,W1,SKU_D,799,0,0,647
148,W1,SKU_E,0,0,644,0
148,W2,SKU_A,0,0,1153,0
148,W2,SKU_B,0,0,40,429
148,W2,SKU_C,962,0,0,803
148,W2,SKU_D,0,0,1144,1613
148,W2,SKU_E,253,0,0,539
148,R1,SKU_A,414,0,0,395
148,R1,SKU_B,0,71,0,253
148,R1,SKU_C,383,0,0,410
148,R1,SKU_D,48,0,0,209
148,R1,SKU_E,2349,0,0,252
148,R2,SKU_A,884,0,0,391
148,R2,SKU_B,220,0,0,210
148,R2,SKU_C,53,0,0,290
148,R2,SKU_D,132,0,0,167
148,R2,SKU_E,787,0,0,0
148,R3,SKU_A,2837,0,0,0
148,R3,SKU_B,583,0,0,295
148,R3,SKU_C,369,0,0,607
148,R3,SKU_D,1055,0,0,489
148,R3,SKU_E,662,0,0,370
149,Supplier,SKU_A,0,0,0,0
149,Supplier,SKU_B,0,0,0,0
149,Supplier,SKU_C,0,0,0,0
149,Supplier,SKU_D,0,0,0,0
149,Supplier,SKU_E,0,0,0,0
149,W1,SKU_A,0,0,14,1419
149,W1,SKU_B,591,0,0,722
149,W1,SKU_C,713,0,0,1144
149,W1,SKU_D,783,0,0,663
149,W1,SKU_E,0,0,644,0
149,W2,SKU_A,0,0,1153,0
149,W2,SKU_B,0,0,125,514
149,W2,SKU_C,957,0,0,808
149,W2,SKU_D,0,0,1117,1586
149,W2,SKU_E,280,0,0,512
149,R1,SKU_A,486,0,0,321
149,R1,SKU_B,7,0,0,201
149,R1,SKU_C,481,0,0,344
149,R1,SKU_D,95,0,0,167
149,R1,SKU_E,2566,0,0,0
149,R2,SKU_A,902,0,0,390
149,R2,SKU_B,213,0,0,224
149,R2,SKU_C,74,0,0,310
149,R2,SKU_D,140,0,0,166
149,R2,SKU_E,735,0,0,0
149,R3,SKU_A,2668,0,0,0
149,R3,SKU_B,553,0,0,263
149,R3,SKU_C,367,0,0,598
149,R3,SKU_D,1102,0,0,629
149,R3,SKU_E,663,0,0,357
150,Supplier,SKU_A,0,0,0,0
150,Supplier,SKU_B,0,0,0,0
150,Supplier,SKU_C,0,0,0,0
150,Supplier,SKU_D,0,0,0,0
150,Supplier,SKU_E,0,0,0,0
150,W1,SKU_A,0,0,49,1454
150,W1,SKU_B,601,0,0,783
150,W1,SKU_C,732,0,0,1125
150,W1,SKU_D,786,0,0,660
150,W1,SKU_E,0,0,644,0
150,W2,SKU_A,0,0,1153,0
150,W2,SKU_B,0,0,216,605
150,W2,SKU_C,953,0,0,812
150,W2,SKU_D,0,0,880,1349
150,W2,SKU_E,294,0,0,498
150,R1,SKU_A,547,0,0,290
150,R1,SKU_B,64,0,0,136
150,R1,SKU_C,619,0,0,204
150,R1,SKU_D,141,0,0,123
150,R1,SKU_E,2541,0,0,0
150,R2,SKU_A,975,0,0,318
150,R2,SKU_B,241,0,0,197
150,R2,SKU_C,137,0,0,241
150,R2,SKU_D,154,0,0,151
150,R2,SKU_E,695,0,0,0
150,R3,SKU_A,2490,0,0,0
150,R3,SKU_B,581,0,0,258
150,R3,SKU_C,364,0,0,582
150,R3,SKU_D,1199,0,0,739
150,R3,SKU_E,677,0,0,333
151,Supplier,SKU_A,0,0,0,0
151,Supplier,SKU_B,0,0,0,0
151,Supplier,SKU_C,0,0,0,0
151,Supplier,SKU_D,0,0,0,0
151,Supplier,SKU_E,0,0,0,0
151,W1,SKU_A,0,0,15,1420
151,W1,SKU_B,605,0,0,779
151,W1,SKU_C,773,0,0,1084
151,W1,SKU_D,806,0,0,640
151,W1,SKU_E,0,0,644,0
151,W2,SKU_A,0,0,1153,106
151,W2,SKU_B,0,0,308,697
151,W2,SKU_C,932,0,0,833
151,W2,SKU_D,0,0,592,1061
151,W2,SKU_E,285,0,0,507
151,R1,SKU_A,544,0,0,262
151,R1,SKU_B,92,0,0,118
151,R1,SKU_C,629,0,0,174
151,R1,SKU_D,131,0,0,116
151,R1,SKU_E,2498,0,0,0
151,R2,SKU_A,1010,0,0,325
151,R2,SKU_B,281,0,0,162
151,R2,SKU_C,207,0,0,146
151,R2,SKU_D,167,0,0,134
151,R2,SKU_E,653,0,0,0
151,R3,SKU_A,2336,0,0,0
151,R3,SKU_B,622,0,0,210
151,R3,SKU_C,441,0,0,517
151,R3,SKU_D,1214,0,0,924
151,R3,SKU_E,698,0,0,322
152,Supplier,SKU_A,0,0,0,0
152,Supplier,SKU_B,0,0,0,0
152,Supplier,SKU_C,0,0,0,0
152,Supplier,SKU_D,0,0,0,0
152,Supplier,SKU_E,0,0,0,0
152,W1,SKU_A,136,0,0,1269
152,W1,SKU_B,705,0,0,679
152,W1,SKU_C,887,0,0,970
152,W1,SKU_D,848,0,0,598
152,W1,SKU_E,0,0,644,0
152,W2,SKU_A,0,0,1153,260
152,W2,SKU_B,0,0,378,767
152,W2,SKU_C,941,0,0,824
152,W2,SKU_D,0,0,313,782
152,W2,SKU_E,309,0,0,483
152,R1,SKU_A,526,0,0,263
152,R1,SKU_B,78,0,0,116
152,R1,SKU_C,568,0,0,196
152,R1,SKU_D,135,0,0,131
152,R1,SKU_E,2455,0,0,0
152,R2,SKU_A,1014,0,0,294
152,R2,SKU_B,285,0,0,149
152,R2,SKU_C,235,0,0,136
152,R2,SKU_D,179,0,0,132
152,R2,SKU_E,605,0,0,0
152,R3,SKU_A,2158,0,0,0
152,R3,SKU_B,611,0,0,225
152,R3,SKU_C,510,0,0,447
152,R3,SKU_D,1258,0,0,1070
152,R3,SKU_E,732,0,0,278
153,Supplier,SKU_A,0,0,0,0
153,Supplier,SKU_B,0,0,0,0
153,Supplier,SKU_C,0,0,0,0
153,Supplier,SKU_D,0,0,0,0
153,Supplier,SKU_E,0,0,0,0
153,W1,SKU_A,191,0,0,1214
153,W1,SKU_B,737,0,0,647
153,W1,SKU_C,1054,0,0,803
153,W1,SKU_D,919,0,0,527
153,W1,SKU_E,0,0,644,0
153,W2,SKU_A,0,0,1319,438
153,W2,SKU_B,0,0,425,814
153,W2,SKU_C,1017,0,0,748
153,W2,SKU_D,0,0,47,516
153,W2,SKU_E,320,0,0,472
153,R1,SKU_A,468,0,0,311
153,R1,SKU_B,50,0,0,122
153,R1,SKU_C,481,0,0,255
153,R1,SKU_D,114,0,0,129
153,R1,SKU_E,2402,0,0,0
153,R2,SKU_A,963,0,0,313
153,R2,SKU_B,254,0,0,152
153,R2,SKU_C,195,0,0,149
153,R2,SKU_D,158,0,0,127
153,R2,SKU_E,549,0,0,0
153,R3,SKU_A,1933,0,0,0
153,R3,SKU_B,535,0,0,305
153,R3,SKU_C,431,0,0,466
153,R3,SKU_D,1357,0,0,1096
153,R3,SKU_E,691,0,0,300
154,Supplier,SKU_A,0,0,0,0
154,Supplier,SKU_B,0,0,0,0
154,Supplier,SKU_C,0,0,0,0
154,Supplier,SKU_D,0,0,0,0
154,Supplier,SKU_E,0,0,0,0
154,W1,SKU_A,162,0,0,1243
154,W1,SKU_B,695,0,0,689
154,W1,SKU_C,998,0,0,859
154,W1,SKU_D,891,0,0,555
154,W1,SKU_E,0,0,686,0
154,W2,SKU_A,0,0,1710,829
154,W2,SKU_B,0,0,462,851
154,W2,SKU_C,1026,0,0,739
154,W2,SKU_D,230,0,0,239
154,W2,SKU_E,335,0,0,457
154,R1,SKU_A,437,0,0,338
154,R1,SKU_B,0,2,0,160
154,R1,SKU_C,459,0,0,322
154,R1,SKU_D,119,0,0,133
154,R1,SKU_E,2365,0,0,0
154,R2,SKU_A,989,0,0,296
154,R2,SKU_B,250,0,0,184
154,R2,SKU_C,172,0,0,183
154,R2,SKU_D,145,0,0,147
154,R2,SKU_E,501,0,0,0
154,R3,SKU_A,1732,0,0,0
154,R3,SKU_B,551,0,0,335
154,R3,SKU_C,430,0,0,534
154,R3,SKU_D,1542,0,0,880
154,R3,SKU_E,684,0,0,329
155,Supplier,SKU_A,0,0,0,0
155,Supplier,SKU_B,0,0,0,0
155,Supplier,SKU_C,0,0,0,0
155,Supplier,SKU_D,0,0,0,0
155,Supplier,SKU_E,0,0,0,0
155,W1,SKU_A,123,0,0,1282
155,W1,SKU_B,713,0,0,669
155,W1,SKU_C,925,0,0,932
155,W1,SKU_D,867,0,0,579
155,W1,SKU_E,0,0,776,0
155,W2,SKU_A,0,0,2302,1421
155,W2,SKU_B,0,0,454,843
155,W2,SKU_C,1014,0,0,751
155,W2,SKU_D,443,0,0,26
155,W2,SKU_E,316,0,0,476
155,R1,SKU_A,493,0,0,352
155,R1,SKU_B,0,2,0,196
155,R1,SKU_C,546,0,0,305
155,R1,SKU_D,141,0,0,147
155,R1,SKU_E,2330,0,0,0
155,R2,SKU_A,988,0,0,331
155,R2,SKU_B,242,0,0,193
155,R2,SKU_C,197,0,0,181
155,R2,SKU_D,157,0,0,156
155,R2,SKU_E,464,0,0,0
155,R3,SKU_A,1596,0,0,0
155,R3,SKU_B,541,0,0,388
155,R3,SKU_C,478,0,0,516
155,R3,SKU_D,1764,0,0,592
155,R3,SKU_E,683,0,0,326
156,Supplier,SKU_A,0,0,0,0
156,Supplier,SKU_B,0,0,0,0
156,Supplier,SKU_C,0,0,0,0
156,Supplier,SKU_D,0,0,0,0
156,Supplier,SKU_E,0,0,0,0
156,W1,SKU_A,157,0,0,1248
156,W1,SKU_B,704,0,0,678
156,W1,SKU_C,953,0,0,904
156,W1,SKU_D,899,0,0,547
156,W1,SKU_E,0,0,903,0
156,W2,SKU_A,0,0,3030,2149
156,W2,SKU_B,0,0,341,730
156,W2,SKU_C,1043,0,0,722
156,W2,SKU_D,469,0,0,0
156,W2,SKU_E,305,0,0,487
156,R1,SKU_A,571,0,0,286
156,R1,SKU_B,49,0,0,174
156,R1,SKU_C,652,0,0,190
156,R1,SKU_D,160,0,0,102
156,R1,SKU_E,2287,0,0,0
156,R2,SKU_A,1020,0,0,320
156,R2,SKU_B,266,0,0,192
156,R2,SKU_C,216,0,0,174
156,R2,SKU_D,153,0,0,154
156,R2,SKU_E,433,0,0,0
156,R3,SKU_A,1446,0,0,0
156,R3,SKU_B,583,0,0,474
156,R3,SKU_C,536,0,0,480
156,R3,SKU_D,1975,0,0,313
156,R3,SKU_E,689,0,0,337
157,Supplier,SKU_A,0,0,0,0
157,Supplier,SKU_B,0,0,0,0
157,Supplier,SKU_C,0,0,0,0
157,Supplier,SKU_D,0,0,0,0
157,Supplier,SKU_E,0,0,0,0
157,W1,SKU_A,213,0,0,1192
157,W1,SKU_B,732,0,0,652
157,W1,SKU_C,1029,0,0,828
157,W1,SKU_D,920,0,0,526
157,W1,SKU_E,0,0,1061,0
157,W2,SKU_A,0,0,3802,2921
157,W2,SKU_B,0,0,198,587
157,W2,SKU_C,1113,0,0,652
157,W2,SKU_D,469,0,0,0
157,W2,SKU_E,321,0,0,471
157,R1,SKU_A,663,0,0,204
157,R1,SKU_B,110,0,0,109
157,R1,SKU_C,715,0,0,129
157,R1,SKU_D,186,0,0,92
157,R1,SKU_E,2249,0,0,0
157,R2,SKU_A,1075,0,0,256
157,R2,SKU_B,307,0,0,140
157,R2,SKU_C,256,0,0,128
157,R2,SKU_D,184,0,0,132
157,R2,SKU_E,407,0,0,0
157,R3,SKU_A,1313,0,0,106
157,R3,SKU_B,634,0,0,518
157,R3,SKU_C,571,0,0,421
157,R3,SKU_D,2161,0,0,47
157,R3,SKU_E,702,0,0,321
158,Supplier,SKU_A,0,0,0,0
158,Supplier,SKU_B,0,0,0,0
158,Supplier,SKU_C,0,0,0,0
158,Supplier,SKU_D,0,0,0,0
158,Supplier,SKU_E,0,0,0,0
158,W1,SKU_A,314,0,0,1091
158,W1,SKU_B,770,0,0,614
158,W1,SKU_C,1122,0,0,735
158,W1,SKU_D,937,0,0,509
158,W1,SKU_E,0,0,1245,0
158,W2,SKU_A,0,0,4553,3672
158,W2,SKU_B,0,0,48,437
158,W2,SKU_C,1147,0,0,618
158,W2,SKU_D,469,0,0,0
158,W2,SKU_E,324,0,0,468
158,R1,SKU_A,645,0,0,182
158,R1,SKU_B,108,0,0,84
158,R1,SKU_C,667,0,0,136
158,R1,SKU_D,162,0,0,102
158,R1,SKU_E,2207,0,0,0
158,R2,SKU_A,1108,0,0,210
158,R2,SKU_B,308,0,0,127
158,R2,SKU_C,270,0,0,99
158,R2,SKU_D,187,0,0,108
158,R2,SKU_E,369,0,0,0
158,R3,SKU_A,1118,0,0,260
158,R3,SKU_B,671,0,0,563
158,R3,SKU_C,639,0,0,326
158,R3,SKU_D,2101,0,0,0
158,R3,SKU_E,713,0,0,289
159,Supplier,SKU_A,0,0,0,0
159,Supplier,SKU_B,0,0,0,0
159,Supplier,SKU_C,0,0,0,0
159,Supplier,SKU_D,0,0,0,0
159,Supplier,SKU_E,0,0,0,0
159,W1,SKU_A,404,0,0,1001
159,W1,SKU_B,819,0,0,565
159,W1,SKU_C,1214,0,0,643
159,W1,SKU_D,968,0,0,478
159,W1,SKU_E,0,0,1467,0
159,W2,SKU_A,0,0,5321,4440
159,W2,SKU_B,98,0,0,291
159,W2,SKU_C,1155,0,0,610
159,W2,SKU_D,469,0,0,0
159,W2,SKU_E,316,0,0,476
159,R1,SKU_A,562,0,0,212
159,R1,SKU_B,97,0,0,115
159,R1,SKU_C,623,0,0,175
159,R1,SKU_D,142,0,0,100
159,R1,SKU_E,2155,0,0,0
159,R2,SKU_A,1079,0,0,211
159,R2,SKU_B,298,0,0,127
159,R2,SKU_C,256,0,0,108
159,R2,SKU_D,160,0,0,126
159,R2,SKU_E,314,0,0,0
159,R3,SKU_A,918,0,0,438
159,R3,SKU_B,700,0,0,507
159,R3,SKU_C,641,0,0,325
159,R3,SKU_D,1972,0,0,0
159,R3,SKU_E,703,0,0,300
160,Supplier,SKU_A,0,0,0,0
160,Supplier,SKU_B,0,0,0,0
160,Supplier,SKU_C,0,0,0,0
160,Supplier,SKU_D,0,0,0,0
160,Supplier,SKU_E,0,0,0,0
160,W1,SKU_A,408,0,0,997
160,W1,SKU_B,862,0,0,522
160,W1,SKU_C,1240,0,0,617
160,W1,SKU_D,952,0,0,494
160,W1,SKU_E,0,0,1744,158
160,W2,SKU_A,0,0,5898,5017
160,W2,SKU_B,240,0,0,149
160,W2,SKU_C,1224,0,0,541
160,W2,SKU_D,469,0,0,0
160,W2,SKU_E,328,0,0,464
160,R1,SKU_A,451,0,0,305
160,R1,SKU_B,42,0,0,122
160,R1,SKU_C,514,0,0,221
160,R1,SKU_D,91,0,0,136
160,R1,SKU_E,2095,0,0,0
160,R2,SKU_A,1006,0,0,261
160,R2,SKU_B,244,0,0,160
160,R2,SKU_C,203,0,0,134
160,R2,SKU_D,133,0,0,147
160,R2,SKU_E,243,0,0,0
160,R3,SKU_A,682,0,0,829
160,R3,SKU_B,789,0,0,341
160,R3,SKU_C,557,0,0,353
160,R3,SKU_D,1860,0,0,0
160,R3,SKU_E,652,0,0,306
161,Supplier,SKU_A,0,0,0,0
161,Supplier,SKU_B,0,0,0,0
161,Supplier,SKU_C,0,0,0,0
161,Supplier,SKU_D,0,0,0,0
161,Supplier,SKU_E,0,0,0,0
161,W1,SKU_A,267,0,0,1138
161,W1,SKU_B,801,0,0,583
161,W1,SKU_C,1083,0,0,774
161,W1,SKU_D,858,0,0,588
161,W1,SKU_E,0,0,2092,566
161,W2,SKU_A,0,0,6119,5238
161,W2,SKU_B,336,0,0,53
161,W2,SKU_C,1170,0,0,595
161,W2,SKU_D,469,0,0,0
161,W2,SKU_E,273,0,0,519
161,R1,SKU_A,344,0,0,376
161,R1,SKU_B,11,0,0,150
161,R1,SKU_C,447,0,0,289
161,R1,SKU_D,57,0,0,173
161,R1,SKU_E,2040,0,0,0
161,R2,SKU_A,942,0,0,325
161,R2,SKU_B,211,0,0,203
161,R2,SKU_C,163,0,0,181
161,R2,SKU_D,97,0,0,183
161,R2,SKU_E,171,0,0,0
161,R3,SKU_A,568,0,0,1315
161,R3,SKU_B,868,0,0,198
161,R3,SKU_C,467,0,0,459
161,R3,SKU_D,1752,0,0,0
161,R3,SKU_E,636,0,0,374
162,Supplier,SKU_A,0,0,0,0
162,Supplier,SKU_B,0,0,0,0
162,Supplier,SKU_C,0,0,0,0
162,Supplier,SKU_D,0,0,0,0
162,Supplier,SKU_E,0,0,0,0
162,W1,SKU_A,57,0,0,1348
162,W1,SKU_B,697,0,0,687
162,W1,SKU_C,931,0,0,926
162,W1,SKU_D,799,0,0,647
162,W1,SKU_E,0,0,2512,1041
162,W2,SKU_A,0,0,5832,4951
162,W2,SKU_B,389,0,0,0
162,W2,SKU_C,1102,0,0,663
162,W2,SKU_D,464,0,0,5
162,W2,SKU_E,274,0,0,518
162,R1,SKU_A,406,0,0,430
162,R1,SKU_B,5,0,0,201
162,R1,SKU_C,452,0,0,351
162,R1,SKU_D,72,0,0,185
162,R1,SKU_E,2000,0,0,0
162,R2,SKU_A,900,0,0,376
162,R2,SKU_B,211,0,0,224
162,R2,SKU_C,147,0,0,206
162,R2,SKU_D,108,0,0,198
162,R2,SKU_E,126,0,0,0
162,R3,SKU_A,512,0,0,1889
162,R3,SKU_B,973,0,0,48
162,R3,SKU_C,454,0,0,525
162,R3,SKU_D,1666,0,0,5
162,R3,SKU_E,625,0,0,387
163,Supplier,SKU_A,0,0,0,0
163,Supplier,SKU_B,0,0,0,0
163,Supplier,SKU_C,0,0,0,0
163,Supplier,SKU_D,0,0,0,0
163,Supplier,SKU_E,0,0,0,0
163,W1,SKU_A,0,0,29,1434
163,W1,SKU_B,672,0,0,712
163,W1,SKU_C,859,0,0,998
163,W1,SKU_D,768,0,0,678
163,W1,SKU_E,0,0,2977,1546
163,W2,SKU_A,0,0,4954,4073
163,W2,SKU_B,389,0,0,0
163,W2,SKU_C,1065,0,0,700
163,W2,SKU_D,378,0,0,91
163,W2,SKU_E,260,0,0,532
163,R1,SKU_A,468,0,0,350
163,R1,SKU_B,51,0,0,159
163,R1,SKU_C,541,0,0,283
163,R1,SKU_D,113,0,0,155
163,R1,SKU_E,1966,0,0,0
163,R2,SKU_A,895,0,0,361
163,R2,SKU_B,230,0,0,214
163,R2,SKU_C,137,0,0,217
163,R2,SKU_D,126,0,0,178
163,R2,SKU_E,88,0,0,0
163,R3,SKU_A,474,0,0,2589
163,R3,SKU_B,976,0,0,0
163,R3,SKU_C,434,0,0,511
163,R3,SKU_D,1570,0,0,91
163,R3,SKU_E,628,0,0,377
164,Supplier,SKU_A,0,0,0,0
164,Supplier,SKU_B,0,0,0,0
164,Supplier,SKU_C,0,0,0,0
164,Supplier,SKU_D,0,0,0,0
164,Supplier,SKU_E,0,0,0,0
164,W1,SKU_A,0,0,100,1505
164,W1,SKU_B,699,0,0,685
164,W1,SKU_C,865,0,0,992
164,W1,SKU_D,781,0,0,665
164,W1,SKU_E,0,0,3480,2083
164,W2,SKU_A,0,0,4049,3168
164,W2,SKU_B,383,0,0,6
164,W2,SKU_C,1018,0,0,747
164,W2,SKU_D,282,0,0,187
164,W2,SKU_E,242,0,0,550
164,R1,SKU_A,571,0,0,252
164,R1,SKU_B,110,0,0,110
164,R1,SKU_C,631,0,0,195
164,R1,SKU_D,136,0,0,117
164,R1,SKU_E,1940,0,0,0
164,R2,SKU_A,926,0,0,301
164,R2,SKU_B,265,0,0,174
164,R2,SKU_C,177,0,0,200
164,R2,SKU_D,164,0,0,154
164,R2,SKU_E,47,0,0,0
164,R3,SKU_A,679,0,0,3103
164,R3,SKU_B,929,0,0,6
164,R3,SKU_C,436,0,0,532
164,R3,SKU_D,1469,0,0,187
164,R3,SKU_E,641,0,0,375
165,Supplier,SKU_A,0,0,0,0
165,Supplier,SKU_B,0,0,0,0
165,Supplier,SKU_C,0,0,0,0
165,Supplier,SKU_D,0,0,0,0
165,Supplier,SKU_E,0,0,0,0
165,W1,SKU_A,0,0,114,1519
165,W1,SKU_B,721,0,0,663
165,W1,SKU_C,906,0,0,951
165,W1,SKU_D,824,0,0,622
165,W1,SKU_E,0,0,3866,2495
165,W2,SKU_A,0,0,3103,2222
165,W2,SKU_B,336,0,0,53
165,W2,SKU_C,1021,0,0,744
165,W2,SKU_D,181,0,0,288
165,W2,SKU_E,256,0,0,536
165,R1,SKU_A,568,0,0,265
165,R1,SKU_B,117,0,0,96
165,R1,SKU_C,629,0,0,172
165,R1,SKU_D,139,0,0,121
165,R1,SKU_E,1911,0,0,158
165,R2,SKU_A,949,0,0,327
165,R2,SKU_B,259,0,0,149
165,R2,SKU_C,188,0,0,167
165,R2,SKU_D,189,0,0,116
165,R2,SKU_E,1,0,0,0
165,R3,SKU_A,1107,0,0,3457
165,R3,SKU_B,870,0,0,53
165,R3,SKU_C,480,0,0,474
165,R3,SKU_D,1368,0,0,288
165,R3,SKU_E,686,0,0,317
166,Supplier,SKU_A,0,0,0,0
166,Supplier,SKU_B,0,0,0,0
166,Supplier,SKU_C,0,0,0,0
166,Supplier,SKU_D,0,0,0,0
166,Supplier,SKU_E,0,0,0,0
166,W1,SKU_A,0,0,28,1433
166,W1,SKU_B,774,0,0,610
166,W1,SKU_C,990,0,0,867
166,W1,SKU_D,882,0,0,564
166,W1,SKU_E,0,0,4048,2548
166,W2,SKU_A,0,0,2135,1254
166,W2,SKU_B,277,0,0,112
166,W2,SKU_C,1009,0,0,756
166,W2,SKU_D,80,0,0,389
166,W2,SKU_E,256,0,0,536
166,R1,SKU_A,545,0,0,250
166,R1,SKU_B,106,0,0,93
166,R1,SKU_C,566,0,0,195
166,R1,SKU_D,100,0,0,129
166,R1,SKU_E,1874,0,0,349
166,R2,SKU_A,928,0,0,442
166,R2,SKU_B,244,0,0,176
166,R2,SKU_C,190,0,0,165
166,R2,SKU_D,173,0,0,117
166,R2,SKU_E,0,58,0,217
166,R3,SKU_A,1634,0,0,3697
166,R3,SKU_B,798,0,0,112
166,R3,SKU_C,510,0,0,446
166,R3,SKU_D,1262,0,0,384
166,R3,SKU_E,696,0,0,324
167,Supplier,SKU_A,0,0,0,0
167,Supplier,SKU_B,0,0,0,0
167,Supplier,SKU_C,0,0,0,0
167,Supplier,SKU_D,0,0,0,0
167,Supplier,SKU_E,0,0,0,0
167,W1,SKU_A,150,0,0,1255
167,W1,SKU_B,818,0,0,566
167,W1,SKU_C,1026,0,0,831
167,W1,SKU_D,891,0,0,555
167,W1,SKU_E,0,0,4005,2293
167,W2,SKU_A,0,0,1322,441
167,W2,SKU_B,205,0,0,184
167,W2,SKU_C,1055,0,0,710
167,W2,SKU_D,0,0,31,500
167,W2,SKU_E,318,0,0,474
167,R1,SKU_A,447,0,0,278
167,R1,SKU_B,77,0,0,114
167,R1,SKU_C,510,0,0,260
167,R1,SKU_D,60,0,0,153
167,R1,SKU_E,1972,0,0,191
167,R2,SKU_A,882,0,0,427
167,R2,SKU_B,231,0,0,200
167,R2,SKU_C,182,0,0,164
167,R2,SKU_D,172,0,0,131
167,R2,SKU_E,0,111,0,692
167,R3,SKU_A,2276,0,0,3632
167,R3,SKU_B,709,0,0,184
167,R3,SKU_C,435,0,0,469
167,R3,SKU_D,1228,0,0,378
167,R3,SKU_E,675,0,0,316
168,Supplier,SKU_A,0,0,0,0
168,Supplier,SKU_B,0,0,0,0
168,Supplier,SKU_C,0,0,0,0
168,Supplier,SKU_D,0,0,0,0
168,Supplier,SKU_E,0,0,0,0
168,W1,SKU_A,72,0,0,1333
168,W1,SKU_B,799,0,0,585
168,W1,SKU_C,986,0,0,871
168,W1,SKU_D,844,0,0,602
168,W1,SKU_E,0,0,3510,1805
168,W2,SKU_A,0,0,881,0
168,W2,SKU_B,116,0,0,273
168,W2,SKU_C,1033,0,0,732
168,W2,SKU_D,0,0,177,646
168,W2,SKU_E,299,0,0,493
168,R1,SKU_A,338,0,0,386
168,R1,SKU_B,39,0,0,136
168,R1,SKU_C,419,0,0,291
168,R1,SKU_D,30,0,0,200
168,R1,SKU_E,2114,0,0,0
168,R2,SKU_A,934,0,0,359
168,R2,SKU_B,206,0,0,208
168,R2,SKU_C,160,0,0,195
168,R2,SKU_D,144,0,0,146
168,R2,SKU_E,0,174,0,1197
168,R3,SKU_A,2910,0,0,3168
168,R3,SKU_B,624,0,0,267
168,R3,SKU_C,376,0,0,510
168,R3,SKU_D,1202,0,0,287
168,R3,SKU_E,648,0,0,330
169,Supplier,SKU_A,0,0,0,0
169,Supplier,SKU_B,0,0,0,0
169,Supplier,SKU_C,0,0,0,0
169,Supplier,SKU_D,0,0,0,0
169,Supplier,SKU_E,0,0,0,0
169,W1,SKU_A,15,0,0,1390
169,W1,SKU_B,734,0,0,650
169,W1,SKU_C,873,0,0,984
169,W1,SKU_D,792,0,0,654
169,W1,SKU_E,0,0,2973,1268
169,W2,SKU_A,0,0,881,0
169,W2,SKU_B,25,0,0,364
169,W2,SKU_C,940,0,0,825
169,W2,SKU_D,0,0,359,828
169,W2,SKU_E,265,0,0,527
169,R1,SKU_A,346,0,0,457
169,R1,SKU_B,32,0,0,160
169,R1,SKU_C,446,0,0,342
169,R1,SKU_D,49,0,0,199
169,R1,SKU_E,2064,0,0,0
169,R2,SKU_A,1013,0,0,256
169,R2,SKU_B,216,0,0,202
169,R2,SKU_C,153,0,0,195
169,R2,SKU_D,116,0,0,161
169,R2,SKU_E,0,10,0,1517
169,R3,SKU_A,3652,0,0,2222
169,R3,SKU_B,614,0,0,311
169,R3,SKU_C,375,0,0,592
169,R3,SKU_D,1212,0,0,272
169,R3,SKU_E,620,0,0,368
170,Supplier,SKU_A,0,0,0,0
170,Supplier,SKU_B,0,0,0,0
170,Supplier,SKU_C,0,0,0,0
170,Supplier,SKU_D,0,0,0,0
170,Supplier,SKU_E,0,0,0,0
170,W1,SKU_A,37,0,0,1368
170,W1,SKU_B,685,0,0,699
170,W1,SKU_C,806,0,0,1051
170,W1,SKU_D,746,0,0,700
170,W1,SKU_E,0,0,2403,698
170,W2,SKU_A,0,0,881,0
170,W2,SKU_B,0,0,26,415
170,W2,SKU_C,962,0,0,803
170,W2,SKU_D,0,0,536,1005
170,W2,SKU_E,248,0,0,544
170,R1,SKU_A,443,0,0,379
170,R1,SKU_B,51,0,0,159
170,R1,SKU_C,484,0,0,324
170,R1,SKU_D,99,0,0,164
170,R1,SKU_E,2018,0,0,0
170,R2,SKU_A,954,0,0,329
170,R2,SKU_B,226,0,0,204
170,R2,SKU_C,141,0,0,202
170,R2,SKU_D,128,0,0,174
170,R2,SKU_E,425,0,0,1612
170,R3,SKU_A,4402,0,0,1254
170,R3,SKU_B,608,0,0,283
170,R3,SKU_C,396,0,0,579
170,R3,SKU_D,1221,0,0,267
170,R3,SKU_E,611,0,0,383
171,Supplier,SKU_A,0,0,0,0
171,Supplier,SKU_B,0,0,0,0
171,Supplier,SKU_C,0,0,0,0
171,Supplier,SKU_D,0,0,0,0
171,Supplier,SKU_E,0,0,0,0
171,W1,SKU_A,33,0,0,1372
171,W1,SKU_B,704,0,0,680
171,W1,SKU_C,801,0,0,1056
171,W1,SKU_D,746,0,0,700
171,W1,SKU_E,0,0,1942,237
171,W2,SKU_A,0,0,881,0
171,W2,SKU_B,0,0,70,459
171,W2,SKU_C,969,0,0,796
171,W2,SKU_D,0,0,704,1173
171,W2,SKU_E,226,0,0,566
171,R1,SKU_A,524,0,0,281
171,R1,SKU_B,89,0,0,124
171,R1,SKU_C,588,0,0,226
171,R1,SKU_D,141,0,0,131
171,R1,SKU_E,1973,0,0,0
171,R2,SKU_A,957,0,0,355
171,R2,SKU_B,238,0,0,205
171,R2,SKU_C,150,0,0,205
171,R2,SKU_D,112,0,0,175
171,R2,SKU_E,887,0,0,1568
171,R3,SKU_A,5037,0,0,441
171,R3,SKU_B,625,0,0,258
171,R3,SKU_C,436,0,0,560
171,R3,SKU_D,1218,0,0,288
171,R3,SKU_E,612,0,0,409
172,Supplier,SKU_A,0,0,0,0
172,Supplier,SKU_B,0,0,0,0
172,Supplier,SKU_C,0,0,0,0
172,Supplier,SKU_D,0,0,0,0
172,Supplier,SKU_E,0,0,0,0
172,W1,SKU_A,0,0,15,1420
172,W1,SKU_B,741,0,0,643
172,W1,SKU_C,854,0,0,1003
172,W1,SKU_D,786,0,0,660
172,W1,SKU_E,0,0,1722,17
172,W2,SKU_A,0,0,881,0
172,W2,SKU_B,0,0,110,499
172,W2,SKU_C,1011,0,0,754
172,W2,SKU_D,0,0,854,1323
172,W2,SKU_E,244,0,0,548
172,R1,SKU_A,550,0,0,279
172,R1,SKU_B,105,0,0,103
172,R1,SKU_C,631,0,0,200
172,R1,SKU_D,168,0,0,107
172,R1,SKU_E,1936,0,0,0
172,R2,SKU_A,945,0,0,321
172,R2,SKU_B,250,0,0,176
172,R2,SKU_C,173,0,0,205
172,R2,SKU_D,122,0,0,178
172,R2,SKU_E,1363,0,0,1251
172,R3,SKU_A,5297,0,0,0
172,R3,SKU_B,652,0,0,228
172,R3,SKU_C,511,0,0,468
172,R3,SKU_D,1119,0,0,384
172,R3,SKU_E,620,0,0,379
173,Supplier,SKU_A,0,0,0,0
173,Supplier,SKU_B,0,0,0,0
173,Supplier,SKU_C,0,0,0,0
173,Supplier,SKU_D,0,0,0,0
173,Supplier,SKU_E,0,0,0,0
173,W1,SKU_A,46,0,0,1359
173,W1,SKU_B,753,0,0,631
173,W1,SKU_C,947,0,0,910
173,W1,SKU_D,845,0,0,601
173,W1,SKU_E,0,0,1705,0
173,W2,SKU_A,0,0,881,0
173,W2,SKU_B,0,0,140,529
173,W2,SKU_C,1034,0,0,731
173,W2,SKU_D,0,0,997,1466
173,W2,SKU_E,223,0,0,569
173,R1,SKU_A,520,0,0,272
173,R1,SKU_B,92,0,0,105
173,R1,SKU_C,627,0,0,177
173,R1,SKU_D,136,0,0,95
173,R1,SKU_E,1888,0,0,0
173,R2,SKU_A,969,0,0,339
173,R2,SKU_B,254,0,0,168
173,R2,SKU_C,178,0,0,175
173,R2,SKU_D,132,0,0,155
173,R2,SKU_E,1875,0,0,698
173,R3,SKU_A,5070,0,0,0
173,R3,SKU_B,694,0,0,209
173,R3,SKU_C,555,0,0,375
173,R3,SKU_D,1103,0,0,409
173,R3,SKU_E,622,0,0,358
174,Supplier,SKU_A,0,0,0,0
174,Supplier,SKU_B,0,0,0,0
174,Supplier,SKU_C,0,0,0,0
174,Supplier,SKU_D,0,0,0,0
174,Supplier,SKU_E,0,0,0,0
174,W1,SKU_A,129,0,0,1276
174,W1,SKU_B,783,0,0,601
174,W1,SKU_C,1039,0,0,818
174,W1,SKU_D,843,0,0,603
174,W1,SKU_E,0,0,1705,0
174,W2,SKU_A,0,0,881,0
174,W2,SKU_B,0,0,130,519
174,W2,SKU_C,1060,0,0,705
174,W2,SKU_D,0,0,1091,1560
174,W2,SKU_E,212,0,0,580
174,R1,SKU_A,476,0,0,285
174,R1,SKU_B,57,0,0,121
174,R1,SKU_C,560,0,0,187
174,R1,SKU_D,95,0,0,136
174,R1,SKU_E,1845,0,0,0
174,R2,SKU_A,969,0,0,314
174,R2,SKU_B,239,0,0,176
174,R2,SKU_C,167,0,0,165
174,R2,SKU_D,121,0,0,170
174,R2,SKU_E,2281,0,0,237
174,R3,SKU_A,4837,0,0,0
174,R3,SKU_B,657,0,0,267
174,R3,SKU_C,494,0,0,412
174,R3,SKU_D,1068,0,0,464
174,R3,SKU_E,613,0,0,366
175,Supplier,SKU_A,0,0,0,0
175,Supplier,SKU_B,0,0,0,0
175,Supplier,SKU_C,0,0,0,0
175,Supplier,SKU_D,0,0,0,0
175,Supplier,SKU_E,0,0,0,0
175,W1,SKU_A,101,0,0,1304
175,W1,SKU_B,766,0,0,618
175,W1,SKU_C,982,0,0,875
175,W1,SKU_D,840,0,0,606
175,W1,SKU_E,0,0,1705,0
175,W2,SKU_A,0,0,881,0
175,W2,SKU_B,0,0,97,486
175,W2,SKU_C,1080,0,0,685
175,W2,SKU_D,0,0,1048,1517
175,W2,SKU_E,213,0,0,579
175,R1,SKU_A,420,0,0,353
175,R1,SKU_B,37,0,0,151
175,R1,SKU_C,493,0,0,271
175,R1,SKU_D,48,0,0,180
175,R1,SKU_E,1790,0,0,0
175,R2,SKU_A,918,0,0,358
175,R2,SKU_B,217,0,0,204
175,R2,SKU_C,171,0,0,188
175,R2,SKU_D,122,0,0,166
175,R2,SKU_E,2439,0,0,17
175,R3,SKU_A,4587,0,0,0
175,R3,SKU_B,629,0,0,311
175,R3,SKU_C,442,0,0,481
175,R3,SKU_D,1047,0,0,631
175,R3,SKU_E,617,0,0,381
176,Supplier,SKU_A,0,0,0,0
176,Supplier,SKU_B,0,0,0,0
176,Supplier,SKU_C,0,0,0,0
176,Supplier,SKU_D,0,0,0,0
176,Supplier,SKU_E,0,0,0,0
176,W1,SKU_A,45,0,0,1360
176,W1,SKU_B,735,0,0,649
176,W1,SKU_C,954,0,0,903
176,W1,SKU_D,791,0,0,655
176,W1,SKU_E,0,0,1705,0
176,W2,SKU_A,0,0,881,0
176,W2,SKU_B,0,0,82,471
176,W2,SKU_C,1036,0,0,729
176,W2,SKU_D,0,0,854,1323
176,W2,SKU_E,223,0,0,569
176,R1,SKU_A,464,0,0,372
176,R1,SKU_B,49,0,0,160
176,R1,SKU_C,546,0,0,311
176,R1,SKU_D,88,0,0,183
176,R1,SKU_E,1758,0,0,0
176,R2,SKU_A,985,0,0,333
176,R2,SKU_B,240,0,0,209
176,R2,SKU_C,174,0,0,207
176,R2,SKU_D,140,0,0,178
176,R2,SKU_E,2402,0,0,0
176,R3,SKU_A,4406,0,0,0
176,R3,SKU_B,629,0,0,309
176,R3,SKU_C,426,0,0,554
176,R3,SKU_D,1072,0,0,803
176,R3,SKU_E,607,0,0,404
177,Supplier,SKU_A,0,0,0,0
177,Supplier,SKU_B,0,0,0,0
177,Supplier,SKU_C,0,0,0,0
177,Supplier,SKU_D,0,0,0,0
177,Supplier,SKU_E,0,0,0,0
177,W1,SKU_A,82,0,0,1323
177,W1,SKU_B,737,0,0,647
177,W1,SKU_C,1023,0,0,834
177,W1,SKU_D,821,0,0,625
177,W1,SKU_E,0,0,1705,0
177,W2,SKU_A,0,0,881,0
177,W2,SKU_B,0,0,35,424
177,W2,SKU_C,1041,0,0,724
177,W2,SKU_D,0,0,585,1054
177,W2,SKU_E,240,0,0,552
177,R1,SKU_A,542,0,0,297
177,R1,SKU_B,84,0,0,129
177,R1,SKU_C,641,0,0,201
177,R1,SKU_D,143,0,0,143
177,R1,SKU_E,1731,0,0,0
177,R2,SKU_A,993,0,0,323
177,R2,SKU_B,275,0,0,182
177,R2,SKU_C,179,0,0,179
177,R2,SKU_D,169,0,0,147
177,R2,SKU_E,2364,0,0,0
177,R3,SKU_A,4251,0,0,0
177,R3,SKU_B,645,0,0,328
177,R3,SKU_C,446,0,0,553
177,R3,SKU_D,1115,0,0,961
177,R3,SKU_E,613,0,0,392
178,Supplier,SKU_A,0,0,0,0
178,Supplier,SKU_B,0,0,0,0
178,Supplier,SKU_C,0,0,0,0
178,Supplier,SKU_D,0,0,0,0
178,Supplier,SKU_E,0,0,0,0
178,W1,SKU_A,142,0,0,1263
178,W1,SKU_B,773,0,0,611
178,W1,SKU_C,1014,0,0,843
178,W1,SKU_D,848,0,0,598
178,W1,SKU_E,0,0,1705,0
178,W2,SKU_A,0,0,881,0
178,W2,SKU_B,55,0,0,334
178,W2,SKU_C,1044,0,0,721
178,W2,SKU_D,0,0,334,803
178,W2,SKU_E,224,0,0,568
178,R1,SKU_A,606,0,0,231
178,R1,SKU_B,107,0,0,104
178,R1,SKU_C,693,0,0,123
178,R1,SKU_D,183,0,0,85
178,R1,SKU_E,1678,0,0,0
178,R2,SKU_A,1040,0,0,290
178,R2,SKU_B,293,0,0,140
178,R2,SKU_C,214,0,0,153
178,R2,SKU_D,188,0,0,122
178,R2,SKU_E,2327,0,0,0
178,R3,SKU_A,4111,0,0,0
178,R3,SKU_B,671,0,0,283
178,R3,SKU_C,505,0,0,484
178,R3,SKU_D,1190,0,0,1061
178,R3,SKU_E,650,0,0,367
179,Supplier,SKU_A,0,0,0,0
179,Supplier,SKU_B,0,0,0,0
179,Supplier,SKU_C,0,0,0,0
179,Supplier,SKU_D,0,0,0,0
179,Supplier,SKU_E,0,0,0,0
179,W1,SKU_A,209,0,0,1196
179,W1,SKU_B,798,0,0,586
179,W1,SKU_C,1040,0,0,817
179,W1,SKU_D,908,0,0,538
179,W1,SKU_E,0,0,1705,0
179,W2,SKU_A,0,0,881,0
179,W2,SKU_B,129,0,0,260
179,W2,SKU_C,1054,0,0,711
179,W2,SKU_D,0,0,80,549
179,W2,SKU_E,242,0,0,550
179,R1,SKU_A,595,0,0,230
179,R1,SKU_B,109,0,0,102
179,R1,SKU_C,673,0,0,164
179,R1,SKU_D,180,0,0,88
179,R1,SKU_E,1636,0,0,0
179,R2,SKU_A,1065,0,0,236
179,R2,SKU_B,314,0,0,128
179,R2,SKU_C,225,0,0,145
179,R2,SKU_D,209,0,0,100
179,R2,SKU_E,2274,0,0,0
179,R3,SKU_A,3933,0,0,0
179,R3,SKU_B,699,0,0,220
179,R3,SKU_C,578,0,0,401
179,R3,SKU_D,1354,0,0,1047
179,R3,SKU_E,690,0,0,329
180,Supplier,SKU_A,0,0,0,0
180,Supplier,SKU_B,0,0,0,0
180,Supplier,SKU_C,0,0,0,0
180,Supplier,SKU_D,0,0,0,0
180,Supplier,SKU_E,0,0,0,0
180,W1,SKU_A,291,0,0,1114
180,W1,SKU_B,858,0,0,526
180,W1,SKU_C,1168,0,0,689
180,W1,SKU_D,963,0,0,483
180,W1,SKU_E,0,0,1705,0
180,W2,SKU_A,0,0,881,0
180,W2,SKU_B,145,0,0,244
180,W2,SKU_C,1103,0,0,662
180,W2,SKU_D,165,0,0,304
180,W2,SKU_E,281,0,0,511
180,R1,SKU_A,564,0,0,244
180,R1,SKU_B,74,0,0,104
180,R1,SKU_C,628,0,0,169
180,R1,SKU_D,145,0,0,106
180,R1,SKU_E,1584,0,0,0
180,R2,SKU_A,1055,0,0,253
180,R2,SKU_B,295,0,0,135
180,R2,SKU_C,210,0,0,156
180,R2,SKU_D,199,0,0,109
180,R2,SKU_E,2217,0,0,0
180,R3,SKU_A,3707,0,0,0
180,R3,SKU_B,695,0,0,226
180,R3,SKU_C,622,0,0,345
180,R3,SKU_D,1518,0,0,854
180,R3,SKU_E,708,0,0,308
181,Supplier,SKU_A,0,0,0,0
181,Supplier,SKU_B,0,0,0,0
181,Supplier,SKU_C,0,0,0,0
181,Supplier,SKU_D,0,0,0,0
181,Supplier,SKU_E,0,0,0,0
181,W1,SKU_A,358,0,0,1047
181,W1,SKU_B,857,0,0,527
181,W1,SKU_C,1208,0,0,649
181,W1,SKU_D,1006,0,0,440
181,W1,SKU_E,0,0,1705,0
181,W2,SKU_A,0,0,881,0
181,W2,SKU_B,142,0,0,247
181,W2,SKU_C,1164,0,0,601
181,W2,SKU_D,390,0,0,79
181,W2,SKU_E,318,0,0,474
181,R1,SKU_A,510,0,0,273
181,R1,SKU_B,36,0,0,137
181,R1,SKU_C,578,0,0,188
181,R1,SKU_D,111,0,0,123
181,R1,SKU_E,1544,0,0,0
181,R2,SKU_A,1039,0,0,261
181,R2,SKU_B,256,0,0,162
181,R2,SKU_C,182,0,0,148
181,R2,SKU_D,172,0,0,117
181,R2,SKU_E,2170,0,0,0
181,R3,SKU_A,3518,0,0,0
181,R3,SKU_B,715,0,0,196
181,R3,SKU_C,592,0,0,358
181,R3,SKU_D,1658,0,0,585
181,R3,SKU_E,713,0,0,303
182,Supplier,SKU_A,0,0,0,0
182,Supplier,SKU_B,0,0,0,0
182,Supplier,SKU_C,0,0,0,0
182,Supplier,SKU_D,0,0,0,0
182,Supplier,SKU_E,0,0,0,0
182,W1,SKU_A,287,0,0,1118
182,W1,SKU_B,790,0,0,594
182,W1,SKU_C,1066,0,0,791
182,W1,SKU_D,940,0,0,506
182,W1,SKU_E,0,0,1705,0
182,W2,SKU_A,0,0,881,0
182,W2,SKU_B,113,0,0,276
182,W2,SKU_C,1191,0,0,574
182,W2,SKU_D,469,0,0,0
182,W2,SKU_E,336,0,0,456
182,R1,SKU_A,451,0,0,315
182,R1,SKU_B,3,0,0,175
182,R1,SKU_C,529,0,0,259
182,R1,SKU_D,70,0,0,157
182,R1,SKU_E,1490,0,0,0
182,R2,SKU_A,972,0,0,291
182,R2,SKU_B,250,0,0,177
182,R2,SKU_C,171,0,0,185
182,R2,SKU_D,157,0,0,138
182,R2,SKU_E,2118,0,0,0
182,R3,SKU_A,3333,0,0,0
182,R3,SKU_B,698,0,0,223
182,R3,SKU_C,580,0,0,407
182,R3,SKU_D,1821,0,0,334
182,R3,SKU_E,713,0,0,292
183,Supplier,SKU_A,0,0,0,0
183,Supplier,SKU_B,0,0,0,0
183,Supplier,SKU_C,0,0,0,0
183,Supplier,SKU_D,0,0,0,0
183,Supplier,SKU_E,0,0,0,0
183,W1,SKU_A,161,0,0,1244
183,W1,SKU_B,725,0,0,659
183,W1,SKU_C,1010,0,0,847
183,W1,SKU_D,860,0,0,586
183,W1,SKU_E,0,0,1705,0
183,W2,SKU_A,0,0,881,0
183,W2,SKU_B,96,0,0,293
183,W2,SKU_C,1198,0,0,567
183,W2,SKU_D,469,0,0,0
183,W2,SKU_E,330,0,0,462
183,R1,SKU_A,464,0,0,357
183,R1,SKU_B,30,0,0,175
183,R1,SKU_C,571,0,0,268
183,R1,SKU_D,88,0,0,181
183,R1,SKU_E,1450,0,0,0
183,R2,SKU_A,966,0,0,329
183,R2,SKU_B,267,0,0,192
183,R2,SKU_C,163,0,0,199
183,R2,SKU_D,146,0,0,152
183,R2,SKU_E,2079,0,0,0
183,R3,SKU_A,3154,0,0,0
183,R3,SKU_B,682,0,0,256
183,R3,SKU_C,578,0,0,409
183,R3,SKU_D,2000,0,0,80
183,R3,SKU_E,701,0,0,304
184,Supplier,SKU_A,0,0,0,0
184,Supplier,SKU_B,0,0,0,0
184,Supplier,SKU_C,0,0,0,0
184,Supplier,SKU_D,0,0,0,0
184,Supplier,SKU_E,0,0,0,0
184,W1,SKU_A,110,0,0,1295
184,W1,SKU_B,745,0,0,639
184,W1,SKU_C,1028,0,0,829
184,W1,SKU_D,849,0,0,597
184,W1,SKU_E,0,0,1705,0
184,W2,SKU_A,0,0,881,0
184,W2,SKU_B,61,0,0,328
184,W2,SKU_C,1186,0,0,579
184,W2,SKU_D,469,0,0,0
184,W2,SKU_E,330,0,0,462
184,R1,SKU_A,487,0,0,319
184,R1,SKU_B,80,0,0,143
184,R1,SKU_C,628,0,0,195
184,R1,SKU_D,112,0,0,146
184,R1,SKU_E,1415,0,0,0
184,R2,SKU_A,961,0,0,342
184,R2,SKU_B,295,0,0,163
184,R2,SKU_C,187,0,0,203
184,R2,SKU_D,143,0,0,162
184,R2,SKU_E,2048,0,0,0
184,R3,SKU_A,2978,0,0,0
184,R3,SKU_B,685,0,0,237
184,R3,SKU_C,597,0,0,401
184,R3,SKU_D,1998,0,0,0
184,R3,SKU_E,699,0,0,318
185,Supplier,SKU_A,0,0,0,0
185,Supplier,SKU_B,0,0,0,0
185,Supplier,SKU_C,0,0,0,0
185,Supplier,SKU_D,0,0,0,0
185,Supplier,SKU_E,0,0,0,0
185,W1,SKU_A,93,0,0,1312
185,W1,SKU_B,773,0,0,611
185,W1,SKU_C,1034,0,0,823
185,W1,SKU_D,835,0,0,611
185,W1,SKU_E,0,0,1705,0
185,W2,SKU_A,0,0,881,0
185,W2,SKU_B,29,0,0,360
185,W2,SKU_C,1195,0,0,570
185,W2,SKU_D,469,0,0,0
185,W2,SKU_E,330,0,0,462
185,R1,SKU_A,548,0,0,279
185,R1,SKU_B,124,0,0,98
185,R1,SKU_C,654,0,0,160
185,R1,SKU_D,151,0,0,115
185,R1,SKU_E,1377,0,0,0
185,R2,SKU_A,980,0,0,339
185,R2,SKU_B,324,0,0,123
185,R2,SKU_C,220,0,0,143
185,R2,SKU_D,164,0,0,146
185,R2,SKU_E,2022,0,0,0
185,R3,SKU_A,2810,0,0,0
185,R3,SKU_B,681,0,0,236
185,R3,SKU_C,620,0,0,370
185,R3,SKU_D,1891,0,0,0
185,R3,SKU_E,703,0,0,317
186,Supplier,SKU_A,0,0,0,0
186,Supplier,SKU_B,0,0,0,0
186,Supplier,SKU_C,0,0,0,0
186,Supplier,SKU_D,0,0,0,0
186,Supplier,SKU_E,0,0,0,0
186,W1,SKU_A,123,0,0,1282
186,W1,SKU_B,834,0,0,550
186,W1,SKU_C,1048,0,0,809
186,W1,SKU_D,852,0,0,594
186,W1,SKU_E,0,0,1705,0
186,W2,SKU_A,0,0,881,0
186,W2,SKU_B,27,0,0,362
186,W2,SKU_C,1206,0,0,559
186,W2,SKU_D,469,0,0,0
186,W2,SKU_E,331,0,0,461
186,R1,SKU_A,518,0,0,273
186,R1,SKU_B,132,0,0,81
186,R1,SKU_C,630,0,0,185
186,R1,SKU_D,123,0,0,118
186,R1,SKU_E,1343,0,0,0
186,R2,SKU_A,998,0,0,283
186,R2,SKU_B,336,0,0,103
186,R2,SKU_C,225,0,0,136
186,R2,SKU_D,158,0,0,131
186,R2,SKU_E,1987,0,0,0
186,R3,SKU_A,2591,0,0,0
186,R3,SKU_B,691,0,0,230
186,R3,SKU_C,628,0,0,330
186,R3,SKU_D,1782,0,0,0
186,R3,SKU_E,708,0,0,313
187,Supplier,SKU_A,0,0,0,0
187,Supplier,SKU_B,0,0,0,0
187,Supplier,SKU_C,0,0,0,0
187,Supplier,SKU_D,0,0,0,0
187,Supplier,SKU_E,0,0,0,0
187,W1,SKU_A,112,0,0,1293
187,W1,SKU_B,895,0,0,489
187,W1,SKU_C,1128,0,0,729
187,W1,SKU_D,859,0,0,587
187,W1,SKU_E,0,0,1705,0
187,W2,SKU_A,0,0,881,0
187,W2,SKU_B,27,0,0,362
187,W2,SKU_C,1197,0,0,568
187,W2,SKU_D,469,0,0,0
187,W2,SKU_E,336,0,0,456
187,R1,SKU_A,498,0,0,288
187,R1,SKU_B,80,0,0,91
187,R1,SKU_C,585,0,0,193
187,R1,SKU_D,92,0,0,135
187,R1,SKU_E,1287,0,0,0
187,R2,SKU_A,966,0,0,297
187,R2,SKU_B,304,0,0,123
187,R2,SKU_C,223,0,0,137
187,R2,SKU_D,142,0,0,140
187,R2,SKU_E,1936,0,0,0
187,R3,SKU_A,2356,0,0,0
187,R3,SKU_B,679,0,0,230
187,R3,SKU_C,612,0,0,359
187,R3,SKU_D,1689,0,0,0
187,R3,SKU_E,704,0,0,297
188,Supplier,SKU_A,0,0,0,0
188,Supplier,SKU_B,0,0,0,0
188,Supplier,SKU_C,0,0,0,0
188,Supplier,SKU_D,0,0,0,0
188,Supplier,SKU_E,0,0,0,0
188,W1,SKU_A,132,0,0,1273
188,W1,SKU_B,888,0,0,496
188,W1,SKU_C,1122,0,0,735
188,W1,SKU_D,846,0,0,600
188,W1,SKU_E,0,0,1705,0
188,W2,SKU_A,0,0,881,0
188,W2,SKU_B,25,0,0,364
188,W2,SKU_C,1218,0,0,547
188,W2,SKU_D,401,0,0,68
188,W2,SKU_E,321,0,0,471
188,R1,SKU_A,402,0,0,329
188,R1,SKU_B,3,0,0,142
188,R1,SKU_C,514,0,0,229
188,R1,SKU_D,48,0,0,174
188,R1,SKU_E,1230,0,0,0
188,R2,SKU_A,918,0,0,337
188,R2,SKU_B,263,0,0,154
188,R2,SKU_C,158,0,0,167
188,R2,SKU_D,101,0,0,163
188,R2,SKU_E,1860,0,0,0
188,R3,SKU_A,2143,0,0,0
188,R3,SKU_B,653,0,0,259
188,R3,SKU_C,593,0,0,375
188,R3,SKU_D,1608,0,0,68
188,R3,SKU_E,689,0,0,301
189,Supplier,SKU_A,0,0,0,0
189,Supplier,SKU_B,0,0,0,0
189,Supplier,SKU_C,0,0,0,0
189,Supplier,SKU_D,0,0,0,0
189,Supplier,SKU_E,0,0,0,0
189,W1,SKU_A,2,0,0,1403
189,W1,SKU_B,786,0,0,598
189,W1,SKU_C,989,0,0,868
189,W1,SKU_D,765,0,0,681
189,W1,SKU_E,0,0,1705,0
189,W2,SKU_A,0,0,1062,181
189,W2,SKU_B,16,0,0,373
189,W2,SKU_C,1199,0,0,566
189,W2,SKU_D,320,0,0,149
189,W2,SKU_E,306,0,0,486
189,R1,SKU_A,379,0,0,389
189,R1,SKU_B,0,38,0,210
189,R1,SKU_C,504,0,0,301
189,R1,SKU_D,37,0,0,193
189,R1,SKU_E,1166,0,0,0
189,R2,SKU_A,882,0,0,401
189,R2,SKU_B,261,0,0,184
189,R2,SKU_C,122,0,0,205
189,R2,SKU_D,86,0,0,209
189,R2,SKU_E,1814,0,0,0
189,R3,SKU_A,1919,0,0,0
189,R3,SKU_B,655,0,0,269
189,R3,SKU_C,590,0,0,405
189,R3,SKU_D,1515,0,0,149
189,R3,SKU_E,662,0,0,328
190,Supplier,SKU_A,0,0,0,0
190,Supplier,SKU_B,0,0,0,0
190,Supplier,SKU_C,0,0,0,0
190,Supplier,SKU_D,0,0,0,0
190,Supplier,SKU_E,0,0,0,0
190,W1,SKU_A,0,0,56,1461
190,W1,SKU_B,722,0,0,624
190,W1,SKU_C,908,0,0,949
190,W1,SKU_D,727,0,0,719
190,W1,SKU_E,0,0,1705,0
190,W2,SKU_A,0,0,1467,586
190,W2,SKU_B,2,0,0,387
190,W2,SKU_C,1207,0,0,558
190,W2,SKU_D,227,0,0,242
190,W2,SKU_E,291,0,0,501
190,R1,SKU_A,451,0,0,407
190,R1,SKU_B,6,0,0,209
190,R1,SKU_C,575,0,0,274
190,R1,SKU_D,80,0,0,190
190,R1,SKU_E,1125,0,0,0
190,R2,SKU_A,909,0,0,343
190,R2,SKU_B,267,0,0,178
190,R2,SKU_C,140,0,0,239
190,R2,SKU_D,107,0,0,203
190,R2,SKU_E,1770,0,0,0
190,R3,SKU_A,1749,0,0,0
190,R3,SKU_B,672,0,0,262
190,R3,SKU_C,598,0,0,400
190,R3,SKU_D,1461,0,0,242
190,R3,SKU_E,657,0,0,358
191,Supplier,SKU_A,0,0,0,0
191,Supplier,SKU_B,0,0,0,0
191,Supplier,SKU_C,0,0,0,0
191,Supplier,SKU_D,0,0,0,0
191,Supplier,SKU_E,0,0,0,0
191,W1,SKU_A,0,0,92,1497
191,W1,SKU_B,713,0,0,671
191,W1,SKU_C,959,0,0,898
191,W1,SKU_D,731,0,0,715
191,W1,SKU_E,0,0,1705,0
191,W2,SKU_A,0,0,2042,1161
191,W2,SKU_B,14,0,0,375
191,W2,SKU_C,1207,0,0,558
191,W2,SKU_D,173,0,0,296
191,W2,SKU_E,289,0,0,503
191,R1,SKU_A,548,0,0,280
191,R1,SKU_B,74,0,0,139
191,R1,SKU_C,681,0,0,168
191,R1,SKU_D,135,0,0,142
191,R1,SKU_E,1075,0,0,0
191,R2,SKU_A,958,0,0,318
191,R2,SKU_B,283,0,0,160
191,R2,SKU_C,154,0,0,220
191,R2,SKU_D,128,0,0,175
191,R2,SKU_E,1724,0,0,0
191,R3,SKU_A,1581,0,0,0
191,R3,SKU_B,692,0,0,249
191,R3,SKU_C,632,0,0,360
191,R3,SKU_D,1371,0,0,296
191,R3,SKU_E,632,0,0,364
192,Supplier,SKU_A,0,0,0,0
192,Supplier,SKU_B,0,0,0,0
192,Supplier,SKU_C,0,0,0,0
192,Supplier,SKU_D,0,0,0,0
192,Supplier,SKU_E,0,0,0,0
192,W1,SKU_A,0,0,60,1465
192,W1,SKU_B,717,0,0,667
192,W1,SKU_C,1006,0,0,851
192,W1,SKU_D,781,0,0,665
192,W1,SKU_E,0,0,1705,66
192,W2,SKU_A,0,0,2785,1904
192,W2,SKU_B,38,0,0,351
192,W2,SKU_C,1209,0,0,556
192,W2,SKU_D,83,0,0,386
192,W2,SKU_E,265,0,0,527
192,R1,SKU_A,599,0,0,220
192,R1,SKU_B,109,0,0,98
192,R1,SKU_C,729,0,0,124
192,R1,SKU_D,178,0,0,95
192,R1,SKU_E,1050,0,0,0
192,R2,SKU_A,1028,0,0,329
192,R2,SKU_B,308,0,0,134
192,R2,SKU_C,216,0,0,171
192,R2,SKU_D,160,0,0,136
192,R2,SKU_E,1677,0,0,0
192,R3,SKU_A,1443,0,0,0
192,R3,SKU_B,710,0,0,217
192,R3,SKU_C,662,0,0,339
192,R3,SKU_D,1364,0,0,318
192,R3,SKU_E,655,0,0,369
193,Supplier,SKU_A,0,0,0,0
193,Supplier,SKU_B,0,0,0,0
193,Supplier,SKU_C,0,0,0,0
193,Supplier,SKU_D,0,0,0,0
193,Supplier,SKU_E,0,0,0,0
193,W1,SKU_A,67,0,0,1338
193,W1,SKU_B,768,0,0,616
193,W1,SKU_C,1108,0,0,749
193,W1,SKU_D,841,0,0,605
193,W1,SKU_E,0,0,1705,138
193,W2,SKU_A,0,0,3666,2785
193,W2,SKU_B,44,0,0,345
193,W2,SKU_C,1252,0,0,513
193,W2,SKU_D,8,0,0,461
193,W2,SKU_E,268,0,0,524
193,R1,SKU_A,537,0,0,259
193,R1,SKU_B,100,0,0,106
193,R1,SKU_C,716,0,0,120
193,R1,SKU_D,171,0,0,92
193,R1,SKU_E,1011,0,0,0
193,R2,SKU_A,1009,0,0,371
193,R2,SKU_B,306,0,0,137
193,R2,SKU_C,261,0,0,111
193,R2,SKU_D,150,0,0,135
193,R2,SKU_E,1622,0,0,0
193,R3,SKU_A,1269,0,0,0
193,R3,SKU_B,729,0,0,202
193,R3,SKU_C,675,0,0,306
193,R3,SKU_D,1353,0,0,312
193,R3,SKU_E,674,0,0,335
194,Supplier,SKU_A,0,0,0,0
194,Supplier,SKU_B,0,0,0,0
194,Supplier,SKU_C,0,0,0,0
194,Supplier,SKU_D,0,0,0,0
194,Supplier,SKU_E,0,0,0,0
194,W1,SKU_A,257,0,0,1148
194,W1,SKU_B,855,0,0,529
194,W1,SKU_C,1248,0,0,609
194,W1,SKU_D,903,0,0,543
194,W1,SKU_E,0,0,1705,232
194,W2,SKU_A,0,0,4721,3840
194,W2,SKU_B,66,0,0,323
194,W2,SKU_C,1262,0,0,503
194,W2,SKU_D,0,0,16,485
194,W2,SKU_E,276,0,0,516
194,R1,SKU_A,525,0,0,291
194,R1,SKU_B,103,0,0,113
194,R1,SKU_C,677,0,0,133
194,R1,SKU_D,163,0,0,106
194,R1,SKU_E,958,0,0,0
194,R2,SKU_A,1027,0,0,279
194,R2,SKU_B,306,0,0,139
194,R2,SKU_C,249,0,0,118
194,R2,SKU_D,140,0,0,160
194,R2,SKU_E,1574,0,0,0
194,R3,SKU_A,1068,0,0,0
194,R3,SKU_B,726,0,0,195
194,R3,SKU_C,641,0,0,320
194,R3,SKU_D,1335,0,0,295
194,R3,SKU_E,679,0,0,316
195,Supplier,SKU_A,0,0,0,0
195,Supplier,SKU_B,0,0,0,0
195,Supplier,SKU_C,0,0,0,0
195,Supplier,SKU_D,0,0,0,0
195,Supplier,SKU_E,0,0,0,0
195,W1,SKU_A,328,0,0,1077
195,W1,SKU_B,861,0,0,523
195,W1,SKU_C,1293,0,0,564
195,W1,SKU_D,947,0,0,499
195,W1,SKU_E,0,0,1705,333
195,W2,SKU_A,0,0,5796,4915
195,W2,SKU_B,75,0,0,314
195,W2,SKU_C,1255,0,0,510
195,W2,SKU_D,0,0,62,531
195,W2,SKU_E,281,0,0,511
195,R1,SKU_A,469,0,0,294
195,R1,SKU_B,53,0,0,104
195,R1,SKU_C,582,0,0,176
195,R1,SKU_D,129,0,0,110
195,R1,SKU_E,898,0,0,0
195,R2,SKU_A,1054,0,0,217
195,R2,SKU_B,297,0,0,137
195,R2,SKU_C,232,0,0,125
195,R2,SKU_D,120,0,0,163
195,R2,SKU_E,1512,0,0,0
195,R3,SKU_A,877,0,0,181
195,R3,SKU_B,715,0,0,208
195,R3,SKU_C,593,0,0,357
195,R3,SKU_D,1273,0,0,322
195,R3,SKU_E,647,0,0,336
196,Supplier,SKU_A,0,0,0,0
196,Supplier,SKU_B,0,0,0,0
196,Supplier,SKU_C,0,0,0,0
196,Supplier,SKU_D,0,0,0,0
196,Supplier,SKU_E,0,0,0,0
196,W1,SKU_A,252,0,0,1153
196,W1,SKU_B,830,0,0,554
196,W1,SKU_C,1180,0,0,677
196,W1,SKU_D,889,0,0,557
196,W1,SKU_E,0,0,1705,455
196,W2,SKU_A,0,0,6657,5776
196,W2,SKU_B,74,0,0,315
196,W2,SKU_C,1210,0,0,555
196,W2,SKU_D,0,0,131,600
196,W2,SKU_E,274,0,0,518
196,R1,SKU_A,432,0,0,327
196,R1,SKU_B,33,0,0,153
196,R1,SKU_C,519,0,0,254
196,R1,SKU_D,109,0,0,134
196,R1,SKU_E,839,0,0,0
196,R2,SKU_A,1008,0,0,243
196,R2,SKU_B,281,0,0,145
196,R2,SKU_C,199,0,0,155
196,R2,SKU_D,98,0,0,176
196,R2,SKU_E,1467,0,0,0
196,R3,SKU_A,667,0,0,586
196,R3,SKU_B,687,0,0,226
196,R3,SKU_C,559,0,0,399
196,R3,SKU_D,1277,0,0,325
196,R3,SKU_E,649,0,0,349
197,Supplier,SKU_A,0,0,0,0
197,Supplier,SKU_B,0,0,0,0
197,Supplier,SKU_C,0,0,0,0
197,Supplier,SKU_D,0,0,0,0
197,Supplier,SKU_E,0,0,0,0
197,W1,SKU_A,158,0,0,1247
197,W1,SKU_B,786,0,0,598
197,W1,SKU_C,1084,0,0,773
197,W1,SKU_D,826,0,0,620
197,W1,SKU_E,0,0,1639,493
197,W2,SKU_A,0,0,7153,6272
197,W2,SKU_B,53,0,0,336
197,W2,SKU_C,1170,0,0,595
197,W2,SKU_D,0,0,232,701
197,W2,SKU_E,257,0,0,535
197,R1,SKU_A,452,0,0,384
197,R1,SKU_B,38,0,0,183
197,R1,SKU_C,540,0,0,291
197,R1,SKU_D,112,0,0,160
197,R1,SKU_E,793,0,0,0
197,R2,SKU_A,944,0,0,372
197,R2,SKU_B,288,0,0,162
197,R2,SKU_C,205,0,0,173
197,R2,SKU_D,121,0,0,187
197,R2,SKU_E,1414,0,0,66
197,R3,SKU_A,504,0,0,1161
197,R3,SKU_B,689,0,0,240
197,R3,SKU_C,562,0,0,442
197,R3,SKU_D,1276,0,0,304
197,R3,SKU_E,632,0,0,375
198,Supplier,SKU_A,0,0,0,0
198,Supplier,SKU_B,0,0,0,0
198,Supplier,SKU_C,0,0,0,0
198,Supplier,SKU_D,0,0,0,0
198,Supplier,SKU_E,0,0,0,0
198,W1,SKU_A,134,0,0,1271
198,W1,SKU_B,808,0,0,576
198,W1,SKU_C,1053,0,0,804
198,W1,SKU_D,837,0,0,609
198,W1,SKU_E,0,0,1567,454
198,W2,SKU_A,0,0,7069,6188
198,W2,SKU_B,41,0,0,348
198,W2,SKU_C,1182,0,0,583
198,W2,SKU_D,0,0,319,788
198,W2,SKU_E,268,0,0,524
198,R1,SKU_A,508,0,0,311
198,R1,SKU_B,107,0,0,119
198,R1,SKU_C,627,0,0,218
198,R1,SKU_D,131,0,0,127
198,R1,SKU_E,755,0,0,0
198,R2,SKU_A,952,0,0,362
198,R2,SKU_B,291,0,0,157
198,R2,SKU_C,208,0,0,162
198,R2,SKU_D,125,0,0,179
198,R2,SKU_E,1365,0,0,138
198,R3,SKU_A,327,0,0,1904
198,R3,SKU_B,710,0,0,242
198,R3,SKU_C,574,0,0,419
198,R3,SKU_D,1274,0,0,318
198,R3,SKU_E,633,0,0,377
199,Supplier,SKU_A,0,0,0,0
199,Supplier,SKU_B,0,0,0,0
199,Supplier,SKU_C,0,0,0,0
199,Supplier,SKU_D,0,0,0,0
199,Supplier,SKU_E,0,0,0,0
199,W1,SKU_A,91,0,0,1314
199,W1,SKU_B,833,0,0,551
199,W1,SKU_C,1060,0,0,797
199,W1,SKU_D,851,0,0,595
199,W1,SKU_E,0,0,1473,375
199,W2,SKU_A,0,0,6281,5400
199,W2,SKU_B,66,0,0,323
199,W2,SKU_C,1174,0,0,591
199,W2,SKU_D,0,0,409,878
199,W2,SKU_E,254,0,0,538
199,R1,SKU_A,556,0,0,251
199,R1,SKU_B,118,0,0,79
199,R1,SKU_C,659,0,0,146
199,R1,SKU_D,151,0,0,112
199,R1,SKU_E,708,0,0,0
199,R2,SKU_A,997,0,0,319
199,R2,SKU_B,311,0,0,143
199,R2,SKU_C,221,0,0,149
199,R2,SKU_D,141,0,0,158
199,R2,SKU_E,1307,0,0,232
199,R3,SKU_A,337,0,0,2604
199,R3,SKU_B,721,0,0,211
199,R3,SKU_C,576,0,0,387
199,R3,SKU_D,1283,0,0,312
199,R3,SKU_E,643,0,0,362
200,Supplier,SKU_A,0,0,0,0
200,Supplier,SKU_B,0,0,0,0
200,Supplier,SKU_C,0,0,0,0
200,Supplier,SKU_D,0,0,0,0
200,Supplier,SKU_E,0,0,0,0
200,W1,SKU_A,92,0,0,1313
200,W1,SKU_B,823,0,0,561
200,W1,SKU_C,1058,0,0,799
200,W1,SKU_D,844,0,0,602
200,W1,SKU_E,0,0,1372,285
200,W2,SKU_A,0,0,5226,4345
200,W2,SKU_B,67,0,0,322
200,W2,SKU_C,1156,0,0,609
200,W2,SKU_D,0,0,479,948
200,W2,SKU_E,250,0,0,542
200,R1,SKU_A,531,0,0,280
200,R1,SKU_B,118,0,0,103
200,R1,SKU_C,662,0,0,172
200,R1,SKU_D,156,0,0,121
200,R1,SKU_E,681,0,0,0
200,R2,SKU_A,1056,0,0,254
200,R2,SKU_B,332,0,0,115
200,R2,SKU_C,247,0,0,133
200,R2,SKU_D,162,0,0,133
200,R2,SKU_E,1339,0,0,267
200,R3,SKU_A,570,0,0,3254
200,R3,SKU_B,736,0,0,202
200,R3,SKU_C,615,0,0,374
200,R3,SKU_D,1285,0,0,311
200,R3,SKU_E,667,0,0,340
201,Supplier,SKU_A,0,0,0,0
201,Supplier,SKU_B,0,0,0,0
201,Supplier,SKU_C,0,0,0,0
201,Supplier,SKU_D,0,0,0,0
201,Supplier,SKU_E,0,0,0,0
201,W1,SKU_A,179,0,0,1226
201,W1,SKU_B,900,0,0,484
201,W1,SKU_C,1157,0,0,700
201,W1,SKU_D,894,0,0,552
201,W1,SKU_E,0,0,1250,163
201,W2,SKU_A,0,0,3970,3089
201,W2,SKU_B,84,0,0,305
201,W2,SKU_C,1184,0,0,581
201,W2,SKU_D,0,0,513,982
201,W2,SKU_E,262,0,0,530
201,R1,SKU_A,520,0,0,288
201,R1,SKU_B,106,0,0,108
201,R1,SKU_C,643,0,0,183
201,R1,SKU_D,163,0,0,102
201,R1,SKU_E,626,0,0,0
201,R2,SKU_A,1038,0,0,260
201,R2,SKU_B,315,0,0,118
201,R2,SKU_C,234,0,0,131
201,R2,SKU_D,156,0,0,146
201,R2,SKU_E,1364,0,0,317
201,R3,SKU_A,935,0,0,3935
201,R3,SKU_B,758,0,0,177
201,R3,SKU_C,635,0,0,343
201,R3,SKU_D,1230,0,0,384
201,R3,SKU_E,674,0,0,331
202,Supplier,SKU_A,0,0,0,0
202,Supplier,SKU_B,0,0,0,0
202,Supplier,SKU_C,0,0,0,0
202,Supplier,SKU_D,0,0,0,0
202,Supplier,SKU_E,0,0,0,0
202,W1,SKU_A,275,0,0,1130
202,W1,SKU_B,935,0,0,449
202,W1,SKU_C,1221,0,0,636
202,W1,SKU_D,944,0,0,502
202,W1,SKU_E,0,0,1176,59
202,W2,SKU_A,0,0,2704,1823
202,W2,SKU_B,96,0,0,293
202,W2,SKU_C,1212,0,0,553
202,W2,SKU_D,0,0,494,963
202,W2,SKU_E,284,0,0,508
202,R1,SKU_A,471,0,0,287
202,R1,SKU_B,68,0,0,91
202,R1,SKU_C,594,0,0,162
202,R1,SKU_D,130,0,0,100
202,R1,SKU_E,556,0,0,30
202,R2,SKU_A,998,0,0,276
202,R2,SKU_B,292,0,0,133
202,R2,SKU_C,218,0,0,136
202,R2,SKU_D,147,0,0,148
202,R2,SKU_E,1408,0,0,297
202,R3,SKU_A,1442,0,0,4458
202,R3,SKU_B,721,0,0,171
202,R3,SKU_C,554,0,0,369
202,R3,SKU_D,1201,0,0,456
202,R3,SKU_E,657,0,0,333
203,Supplier,SKU_A,0,0,0,0
203,Supplier,SKU_B,0,0,0,0
203,Supplier,SKU_C,0,0,0,0
203,Supplier,SKU_D,0,0,0,0
203,Supplier,SKU_E,0,0,0,0
203,W1,SKU_A,155,0,0,1250
203,W1,SKU_B,848,0,0,536
203,W1,SKU_C,1122,0,0,735
203,W1,SKU_D,889,0,0,557
203,W1,SKU_E,0,0,1213,26
203,W2,SKU_A,0,0,1633,752
203,W2,SKU_B,75,0,0,314
203,W2,SKU_C,1177,0,0,588
203,W2,SKU_D,0,0,439,908
203,W2,SKU_E,276,0,0,516
203,R1,SKU_A,425,0,0,340
203,R1,SKU_B,23,0,0,153
203,R1,SKU_C,547,0,0,240
203,R1,SKU_D,101,0,0,147
203,R1,SKU_E,495,0,0,63
203,R2,SKU_A,935,0,0,318
203,R2,SKU_B,262,0,0,162
203,R2,SKU_C,206,0,0,152
203,R2,SKU_D,125,0,0,152
203,R2,SKU_E,1447,0,0,196
203,R3,SKU_A,2090,0,0,4648
203,R3,SKU_B,675,0,0,231
203,R3,SKU_C,510,0,0,439
203,R3,SKU_D,1184,0,0,536
203,R3,SKU_E,626,0,0,353
204,Supplier,SKU_A,0,0,0,0
204,Supplier,SKU_B,0,0,0,0
204,Supplier,SKU_C,0,0,0,0
204,Supplier,SKU_D,0,0,0,0
204,Supplier,SKU_E,0,0,0,0
204,W1,SKU_A,40,0,0,1365
204,W1,SKU_B,774,0,0,610
204,W1,SKU_C,1052,0,0,805
204,W1,SKU_D,852,0,0,594
204,W1,SKU_E,0,0,1296,157
204,W2,SKU_A,0,0,974,93
204,W2,SKU_B,52,0,0,337
204,W2,SKU_C,1122,0,0,643
204,W2,SKU_D,0,0,299,768
204,W2,SKU_E,248,0,0,544
204,R1,SKU_A,451,0,0,383
204,R1,SKU_B,31,0,0,191
204,R1,SKU_C,550,0,0,279
204,R1,SKU_D,102,0,0,164
204,R1,SKU_E,479,0,0,48
204,R2,SKU_A,936,0,0,375
204,R2,SKU_B,271,0,0,185
204,R2,SKU_C,199,0,0,174
204,R2,SKU_D,117,0,0,170
204,R2,SKU_E,1531,0,0,74
204,R3,SKU_A,2994,0,0,4252
204,R3,SKU_B,687,0,0,257
204,R3,SKU_C,538,0,0,453
204,R3,SKU_D,1183,0,0,621
204,R3,SKU_E,640,0,0,379
205,Supplier,SKU_A,0,0,0,0
205,Supplier,SKU_B,0,0,0,0
205,Supplier,SKU_C,0,0,0,0
205,Supplier,SKU_D,0,0,0,0
205,Supplier,SKU_E,0,0,0,0
205,W1,SKU_A,62,0,0,1343
205,W1,SKU_B,801,0,0,583
205,W1,SKU_C,1079,0,0,778
205,W1,SKU_D,843,0,0,603
205,W1,SKU_E,0,0,1414,313
205,W2,SKU_A,0,0,881,0
205,W2,SKU_B,44,0,0,345
205,W2,SKU_C,1120,0,0,645
205,W2,SKU_D,0,0,134,603
205,W2,SKU_E,257,0,0,535
205,R1,SKU_A,523,0,0,307
205,R1,SKU_B,88,0,0,128
205,R1,SKU_C,628,0,0,206
205,R1,SKU_D,148,0,0,128
205,R1,SKU_E,478,0,0,26
205,R2,SKU_A,945,0,0,362
205,R2,SKU_B,291,0,0,162
205,R2,SKU_C,210,0,0,166
205,R2,SKU_D,132,0,0,185
205,R2,SKU_E,1562,0,0,0
205,R3,SKU_A,4122,0,0,3089
205,R3,SKU_B,695,0,0,251
205,R3,SKU_C,562,0,0,451
205,R3,SKU_D,1248,0,0,659
205,R3,SKU_E,649,0,0,367
206,Supplier,SKU_A,0,0,0,0
206,Supplier,SKU_B,0,0,0,0
206,Supplier,SKU_C,0,0,0,0
206,Supplier,SKU_D,0,0,0,0
206,Supplier,SKU_E,0,0,0,0
206,W1,SKU_A,78,0,0,1327
206,W1,SKU_B,802,0,0,582
206,W1,SKU_C,1075,0,0,782
206,W1,SKU_D,864,0,0,582
206,W1,SKU_E,0,0,1566,508
206,W2,SKU_A,0,0,881,0
206,W2,SKU_B,58,0,0,331
206,W2,SKU_C,1170,0,0,595
206,W2,SKU_D,28,0,0,441
206,W2,SKU_E,268,0,0,524
206,R1,SKU_A,573,0,0,242
206,R1,SKU_B,131,0,0,88
206,R1,SKU_C,675,0,0,159
206,R1,SKU_D,163,0,0,100
206,R1,SKU_E,452,0,0,11
206,R2,SKU_A,993,0,0,329
206,R2,SKU_B,336,0,0,134
206,R2,SKU_C,243,0,0,144
206,R2,SKU_D,153,0,0,163
206,R2,SKU_E,1524,0,0,0
206,R3,SKU_A,5207,0,0,1823
206,R3,SKU_B,705,0,0,240
206,R3,SKU_C,591,0,0,416
206,R3,SKU_D,1338,0,0,631
206,R3,SKU_E,670,0,0,356
207,Supplier,SKU_A,0,0,0,0
207,Supplier,SKU_B,0,0,0,0
207,Supplier,SKU_C,0,0,0,0
207,Supplier,SKU_D,0,0,0,0
207,Supplier,SKU_E,0,0,0,0
207,W1,SKU_A,109,0,0,1296
207,W1,SKU_B,844,0,0,540
207,W1,SKU_C,1105,0,0,752
207,W1,SKU_D,876,0,0,570
207,W1,SKU_E,0,0,1759,739
207,W2,SKU_A,0,0,881,0
207,W2,SKU_B,65,0,0,324
207,W2,SKU_C,1188,0,0,577
207,W2,SKU_D,189,0,0,280
207,W2,SKU_E,287,0,0,505
207,R1,SKU_A,589,0,0,261
207,R1,SKU_B,104,0,0,91
207,R1,SKU_C,690,0,0,154
207,R1,SKU_D,166,0,0,103
207,R1,SKU_E,423,0,0,0
207,R2,SKU_A,1050,0,0,260
207,R2,SKU_B,372,0,0,88
207,R2,SKU_C,251,0,0,115
207,R2,SKU_D,182,0,0,124
207,R2,SKU_E,1491,0,0,0
207,R3,SKU_A,6102,0,0,752
207,R3,SKU_B,743,0,0,187
207,R3,SKU_C,658,0,0,332
207,R3,SKU_D,1406,0,0,476
207,R3,SKU_E,691,0,0,320
208,Supplier,SKU_A,0,0,0,0
208,Supplier,SKU_B,0,0,0,0
208,Supplier,SKU_C,0,0,0,0
208,Supplier,SKU_D,0,0,0,0
208,Supplier,SKU_E,0,0,0,0
208,W1,SKU_A,237,0,0,1168
208,W1,SKU_B,915,0,0,469
208,W1,SKU_C,1205,0,0,652
208,W1,SKU_D,926,0,0,520
208,W1,SKU_E,0,0,1992,1005
208,W2,SKU_A,0,0,881,0
208,W2,SKU_B,60,0,0,329
208,W2,SKU_C,1200,0,0,565
208,W2,SKU_D,332,0,0,137
208,W2,SKU_E,293,0,0,499
208,R1,SKU_A,559,0,0,241
208,R1,SKU_B,75,0,0,112
208,R1,SKU_C,673,0,0,144
208,R1,SKU_D,144,0,0,110
208,R1,SKU_E,361,0,0,0
208,R2,SKU_A,1050,0,0,261
208,R2,SKU_B,359,0,0,84
208,R2,SKU_C,269,0,0,122
208,R2,SKU_D,198,0,0,105
208,R2,SKU_E,1430,0,0,0
208,R3,SKU_A,6550,0,0,93
208,R3,SKU_B,754,0,0,163
208,R3,SKU_C,667,0,0,291
208,R3,SKU_D,1508,0,0,299
208,R3,SKU_E,696,0,0,288
209,Supplier,SKU_A,0,0,0,0
209,Supplier,SKU_B,0,0,0,0
209,Supplier,SKU_C,0,0,0,0
209,Supplier,SKU_D,0,0,0,0
209,Supplier,SKU_E,0,0,0,0
209,W1,SKU_A,330,0,0,1075
209,W1,SKU_B,945,0,0,439
209,W1,SKU_C,1268,0,0,589
209,W1,SKU_D,958,0,0,488
209,W1,SKU_E,0,0,2141,1215
209,W2,SKU_A,0,0,881,0
209,W2,SKU_B,85,0,0,304
209,W2,SKU_C,1235,0,0,530
209,W2,SKU_D,432,0,0,37
209,W2,SKU_E,287,0,0,505
209,R1,SKU_A,500,0,0,256
209,R1,SKU_B,0,2,0,144
209,R1,SKU_C,595,0,0,161
209,R1,SKU_D,124,0,0,119
209,R1,SKU_E,303,0,0,146
209,R2,SKU_A,1005,0,0,257
209,R2,SKU_B,345,0,0,94
209,R2,SKU_C,260,0,0,107
209,R2,SKU_D,167,0,0,119
209,R2,SKU_E,1377,0,0,0
209,R3,SKU_A,6400,0,0,0
209,R3,SKU_B,746,0,0,190
209,R3,SKU_C,624,0,0,324
209,R3,SKU_D,1571,0,0,134
209,R3,SKU_E,669,0,0,323
210,Supplier,SKU_A,0,0,0,0
210,Supplier,SKU_B,0,0,0,0
210,Supplier,SKU_C,0,0,0,0
210,Supplier,SKU_D,0,0,0,0
210,Supplier,SKU_E,0,0,0,0
210,W1,SKU_A,203,0,0,1202
210,W1,SKU_B,848,0,0,534
210,W1,SKU_C,1189,0,0,668
210,W1,SKU_D,934,0,0,512
210,W1,SKU_E,0,0,2181,1308
210,W2,SKU_A,0,0,881,0
210,W2,SKU_B,115,0,0,274
210,W2,SKU_C,1234,0,0,531
210,W2,SKU_D,417,0,0,52
210,W2,SKU_E,300,0,0,492
210,R1,SKU_A,372,0,0,350
210,R1,SKU_B,0,25,0,197
210,R1,SKU_C,520,0,0,249
210,R1,SKU_D,82,0,0,145
210,R1,SKU_E,231,0,0,313
210,R2,SKU_A,951,0,0,317
210,R2,SKU_B,305,0,0,125
210,R2,SKU_C,213,0,0,127
210,R2,SKU_D,142,0,0,149
210,R2,SKU_E,1339,0,0,0
210,R3,SKU_A,6150,0,0,0
210,R3,SKU_B,722,0,0,200
210,R3,SKU_C,562,0,0,389
210,R3,SKU_D,1607,0,0,52
210,R3,SKU_E,669,0,0,347
211,Supplier,SKU_A,0,0,0,0
211,Supplier,SKU_B,0,0,0,0
211,Supplier,SKU_C,0,0,0,0
211,Supplier,SKU_D,0,0,0,0
211,Supplier,SKU_E,0,0,0,0
211,W1,SKU_A,56,0,0,1349
211,W1,SKU_B,781,0,0,578
211,W1,SKU_C,1088,0,0,769
211,W1,SKU_D,859,0,0,587
211,W1,SKU_E,0,0,2098,1263
211,W2,SKU_A,0,0,881,0
211,W2,SKU_B,93,0,0,296
211,W2,SKU_C,1194,0,0,571
211,W2,SKU_D,319,0,0,150
211,W2,SKU_E,297,0,0,495
211,R1,SKU_A,392,0,0,428
211,R1,SKU_B,0,1,0,212
211,R1,SKU_C,525,0,0,297
211,R1,SKU_D,73,0,0,172
211,R1,SKU_E,342,0,0,362
211,R2,SKU_A,938,0,0,359
211,R2,SKU_B,300,0,0,155
211,R2,SKU_C,227,0,0,153
211,R2,SKU_D,145,0,0,164
211,R2,SKU_E,1300,0,0,0
211,R3,SKU_A,5979,0,0,0
211,R3,SKU_B,715,0,0,223
211,R3,SKU_C,526,0,0,445
211,R3,SKU_D,1506,0,0,150
211,R3,SKU_E,674,0,0,357
212,Supplier,SKU_A,0,0,0,0
212,Supplier,SKU_B,0,0,0,0
212,Supplier,SKU_C,0,0,0,0
212,Supplier,SKU_D,0,0,0,0
212,Supplier,SKU_E,0,0,0,0
212,W1,SKU_A,36,0,0,1369
212,W1,SKU_B,758,0,0,625
212,W1,SKU_C,1069,0,0,788
212,W1,SKU_D,834,0,0,612
212,W1,SKU_E,0,0,1867,1032
212,W2,SKU_A,0,0,881,0
212,W2,SKU_B,85,0,0,304
212,W2,SKU_C,1152,0,0,613
212,W2,SKU_D,218,0,0,251
212,W2,SKU_E,312,0,0,480
212,R1,SKU_A,440,0,0,364
212,R1,SKU_B,62,0,0,143
212,R1,SKU_C,583,0,0,231
212,R1,SKU_D,86,0,0,170
212,R1,SKU_E,469,0,0,426
212,R2,SKU_A,928,0,0,373
212,R2,SKU_B,305,0,0,143
212,R2,SKU_C,210,0,0,164
212,R2,SKU_D,141,0,0,158
212,R2,SKU_E,1255,0,0,0
212,R3,SKU_A,5785,0,0,0
212,R3,SKU_B,713,0,0,215
212,R3,SKU_C,516,0,0,464
212,R3,SKU_D,1399,0,0,251
212,R3,SKU_E,664,0,0,337
213,Supplier,SKU_A,0,0,0,0
213,Supplier,SKU_B,0,0,0,0
213,Supplier,SKU_C,0,0,0,0
213,Supplier,SKU_D,0,0,0,0
213,Supplier,SKU_E,0,0,0,0
213,W1,SKU_A,0,0,19,1424
213,W1,SKU_B,756,0,0,628
213,W1,SKU_C,1047,0,0,810
213,W1,SKU_D,814,0,0,632
213,W1,SKU_E,0,0,1601,766
213,W2,SKU_A,0,0,881,0
213,W2,SKU_B,68,0,0,321
213,W2,SKU_C,1125,0,0,640
213,W2,SKU_D,111,0,0,358
213,W2,SKU_E,287,0,0,505
213,R1,SKU_A,495,0,0,282
213,R1,SKU_B,88,0,0,110
213,R1,SKU_C,621,0,0,186
213,R1,SKU_D,101,0,0,141
213,R1,SKU_E,616,0,0,497
213,R2,SKU_A,973,0,0,315
213,R2,SKU_B,308,0,0,134
213,R2,SKU_C,209,0,0,157
213,R2,SKU_D,162,0,0,145
213,R2,SKU_E,1194,0,0,0
213,R3,SKU_A,5538,0,0,0
213,R3,SKU_B,699,0,0,204
213,R3,SKU_C,490,0,0,442
213,R3,SKU_D,1250,0,0,358
213,R3,SKU_E,675,0,0,320
214,Supplier,SKU_A,0,0,0,0
214,Supplier,SKU_B,0,0,0,0
214,Supplier,SKU_C,0,0,0,0
214,Supplier,SKU_D,0,0,0,0
214,Supplier,SKU_E,0,0,0,0
214,W1,SKU_A,0,0,65,1470
214,W1,SKU_B,766,0,0,618
214,W1,SKU_C,1012,0,0,845
214,W1,SKU_D,806,0,0,640
214,W1,SKU_E,0,0,1245,410
214,W2,SKU_A,0,0,881,0
214,W2,SKU_B,41,0,0,348
214,W2,SKU_C,1067,0,0,698
214,W2,SKU_D,0,0,38,507
214,W2,SKU_E,271,0,0,521
214,R1,SKU_A,410,0,0,325
214,R1,SKU_B,36,0,0,123
214,R1,SKU_C,533,0,0,201
214,R1,SKU_D,64,0,0,144
214,R1,SKU_E,740,0,0,622
214,R2,SKU_A,969,0,0,249
214,R2,SKU_B,295,0,0,122
214,R2,SKU_C,187,0,0,131
214,R2,SKU_D,135,0,0,129
214,R2,SKU_E,1137,0,0,0
214,R3,SKU_A,5236,0,0,0
214,R3,SKU_B,669,0,0,237
214,R3,SKU_C,414,0,0,458
214,R3,SKU_D,1133,0,0,417
214,R3,SKU_E,640,0,0,317
215,Supplier,SKU_A,0,0,0,0
215,Supplier,SKU_B,0,0,0,0
215,Supplier,SKU_C,0,0,0,0
215,Supplier,SKU_D,0,0,0,0
215,Supplier,SKU_E,0,0,0,0
215,W1,SKU_A,0,0,130,1535
215,W1,SKU_B,759,0,0,625
215,W1,SKU_C,941,0,0,916
215,W1,SKU_D,749,0,0,697
215,W1,SKU_E,0,0,985,150
215,W2,SKU_A,0,0,881,0
215,W2,SKU_B,30,0,0,359
215,W2,SKU_C,981,0,0,784
215,W2,SKU_D,0,0,245,714
215,W2,SKU_E,244,0,0,548
215,R1,SKU_A,307,0,0,394
215,R1,SKU_B,15,0,0,169
215,R1,SKU_C,503,0,0,281
215,R1,SKU_D,26,0,0,192
215,R1,SKU_E,927,0,0,425
215,R2,SKU_A,958,0,0,263
215,R2,SKU_B,272,0,0,160
215,R2,SKU_C,148,0,0,193
215,R2,SKU_D,131,0,0,174
215,R2,SKU_E,1092,0,0,191
215,R3,SKU_A,4973,0,0,0
215,R3,SKU_B,643,0,0,253
215,R3,SKU_C,405,0,0,537
215,R3,SKU_D,1100,0,0,319
215,R3,SKU_E,594,0,0,376
216,Supplier,SKU_A,0,0,0,0
216,Supplier,SKU_B,0,0,0,0
216,Supplier,SKU_C,0,0,0,0
216,Supplier,SKU_D,0,0,0,0
216,Supplier,SKU_E,0,0,0,0
216,W1,SKU_A,0,0,198,1603
216,W1,SKU_B,750,0,0,634
216,W1,SKU_C,957,0,0,900
216,W1,SKU_D,754,0,0,692
216,W1,SKU_E,0,0,835,0
216,W2,SKU_A,0,0,881,0
216,W2,SKU_B,0,0,10,399
216,W2,SKU_C,975,0,0,790
216,W2,SKU_D,0,0,531,1000
216,W2,SKU_E,222,0,0,570
216,R1,SKU_A,323,0,0,470
216,R1,SKU_B,0,8,0,183
216,R1,SKU_C,494,0,0,304
216,R1,SKU_D,35,0,0,216
216,R1,SKU_E,1226,0,0,69
216,R2,SKU_A,957,0,0,294
216,R2,SKU_B,264,0,0,176
216,R2,SKU_C,129,0,0,226
216,R2,SKU_D,139,0,0,168
216,R2,SKU_E,1057,0,0,341
216,R3,SKU_A,4759,0,0,0
216,R3,SKU_B,621,0,0,285
216,R3,SKU_C,415,0,0,566
216,R3,SKU_D,1095,0,0,270
216,R3,SKU_E,568,0,0,437
217,Supplier,SKU_A,0,0,0,0
217,Supplier,SKU_B,0,0,0,0
217,Supplier,SKU_C,0,0,0,0
217,Supplier,SKU_D,0,0,0,0
217,Supplier,SKU_E,0,0,0,0
217,W1,SKU_A,0,0,271,1676
217,W1,SKU_B,723,0,0,653
217,W1,SKU_C,908,0,0,949
217,W1,SKU_D,758,0,0,688
217,W1,SKU_E,0,0,835,0
217,W2,SKU_A,0,0,881,0
217,W2,SKU_B,0,0,26,415
217,W2,SKU_C,1005,0,0,760
217,W2,SKU_D,0,0,825,1294
217,W2,SKU_E,211,0,0,581
217,R1,SKU_A,339,0,0,412
217,R1,SKU_B,28,0,0,167
217,R1,SKU_C,528,0,0,240
217,R1,SKU_D,68,0,0,173
217,R1,SKU_E,1237,0,0,0
217,R2,SKU_A,907,0,0,304
217,R2,SKU_B,266,0,0,178
217,R2,SKU_C,124,0,0,237
217,R2,SKU_D,145,0,0,168
217,R2,SKU_E,1020,0,0,341
217,R3,SKU_A,4559,0,0,0
217,R3,SKU_B,632,0,0,291
217,R3,SKU_C,402,0,0,565
217,R3,SKU_D,1127,0,0,261
217,R3,SKU_E,587,0,0,433
218,Supplier,SKU_A,0,0,0,0
218,Supplier,SKU_B,0,0,0,0
218,Supplier,SKU_C,0,0,0,0
218,Supplier,SKU_D,0,0,0,0
218,Supplier,SKU_E,0,0,0,0
218,W1,SKU_A,0,0,414,1819
218,W1,SKU_B,710,0,0,674
218,W1,SKU_C,849,0,0,1008
218,W1,SKU_D,757,0,0,689
218,W1,SKU_E,0,0,835,0
218,W2,SKU_A,0,0,881,0
218,W2,SKU_B,0,0,41,430
218,W2,SKU_C,1001,0,0,764
218,W2,SKU_D,0,0,1093,1562
218,W2,SKU_E,200,0,0,592
218,R1,SKU_A,485,0,0,362
218,R1,SKU_B,65,0,0,156
218,R1,SKU_C,573,0,0,256
218,R1,SKU_D,128,0,0,150
218,R1,SKU_E,1193,0,0,0
218,R2,SKU_A,934,0,0,233
218,R2,SKU_B,303,0,0,151
218,R2,SKU_C,177,0,0,194
218,R2,SKU_D,197,0,0,119
218,R2,SKU_E,1174,0,0,150
218,R3,SKU_A,4423,0,0,0
218,R3,SKU_B,670,0,0,256
218,R3,SKU_C,469,0,0,530
218,R3,SKU_D,1161,0,0,251
218,R3,SKU_E,625,0,0,408
219,Supplier,SKU_A,0,0,0,0
219,Supplier,SKU_B,0,0,0,0
219,Supplier,SKU_C,0,0,0,0
219,Supplier,SKU_D,0,0,0,0
219,Supplier,SKU_E,0,0,0,0
219,W1,SKU_A,0,0,465,1870
219,W1,SKU_B,745,0,0,639
219,W1,SKU_C,876,0,0,981
219,W1,SKU_D,802,0,0,644
219,W1,SKU_E,0,0,835,0
219,W2,SKU_A,0,0,881,0
219,W2,SKU_B,0,0,43,432
219,W2,SKU_C,1020,0,0,745
219,W2,SKU_D,0,0,1331,1800
219,W2,SKU_E,232,0,0,560
219,R1,SKU_A,496,0,0,308
219,R1,SKU_B,115,0,0,110
219,R1,SKU_C,586,0,0,225
219,R1,SKU_D,132,0,0,123
219,R1,SKU_E,1156,0,0,0
219,R2,SKU_A,961,0,0,304
219,R2,SKU_B,313,0,0,129
219,R2,SKU_C,221,0,0,164
219,R2,SKU_D,178,0,0,108
219,R2,SKU_E,1291,0,0,0
219,R3,SKU_A,4243,0,0,0
219,R3,SKU_B,698,0,0,234
219,R3,SKU_C,589,0,0,403
219,R3,SKU_D,1087,0,0,358
219,R3,SKU_E,672,0,0,332
220,Supplier,SKU_A,0,0,0,0
220,Supplier,SKU_B,0,0,0,0
220,Supplier,SKU_C,0,0,0,0
220,Supplier,SKU_D,0,0,0,0
220,Supplier,SKU_E,0,0,0,0
220,W1,SKU_A,0,0,349,1754
220,W1,SKU_B,836,0,0,548
220,W1,SKU_C,1020,0,0,837
220,W1,SKU_D,871,0,0,575
220,W1,SKU_E,0,0,835,0
220,W2,SKU_A,0,0,881,0
220,W2,SKU_B,0,0,14,403
220,W2,SKU_C,1080,0,0,685
220,W2,SKU_D,0,0,1494,1963
220,W2,SKU_E,241,0,0,551
220,R1,SKU_A,570,0,0,255
220,R1,SKU_B,129,0,0,80
220,R1,SKU_C,639,0,0,182
220,R1,SKU_D,153,0,0,109
220,R1,SKU_E,1120,0,0,0
220,R2,SKU_A,961,0,0,479
220,R2,SKU_B,318,0,0,127
220,R2,SKU_C,244,0,0,134
220,R2,SKU_D,176,0,0,129
220,R2,SKU_E,1253,0,0,0
220,R3,SKU_A,4088,0,0,0
220,R3,SKU_B,720,0,0,237
220,R3,SKU_C,634,0,0,353
220,R3,SKU_D,1049,0,0,455
220,R3,SKU_E,714,0,0,298
221,Supplier,SKU_A,0,0,0,0
221,Supplier,SKU_B,0,0,0,0
221,Supplier,SKU_C,0,0,0,0
221,Supplier,SKU_D,0,0,0,0
221,Supplier,SKU_E,0,0,0,0
221,W1,SKU_A,0,0,46,1411
221,W1,SKU_B,874,0,0,510
221,W1,SKU_C,1094,0,0,763
221,W1,SKU_D,915,0,0,531
221,W1,SKU_E,0,0,835,0
221,W2,SKU_A,0,0,881,0
221,W2,SKU_B,37,0,0,352
221,W2,SKU_C,1195,0,0,570
221,W2,SKU_D,0,0,1540,2009
221,W2,SKU_E,296,0,0,496
221,R1,SKU_A,562,0,0,277
221,R1,SKU_B,127,0,0,92
221,R1,SKU_C,636,0,0,190
221,R1,SKU_D,126,0,0,125
221,R1,SKU_E,1081,0,0,0
221,R2,SKU_A,913,0,0,736
221,R2,SKU_B,330,0,0,126
221,R2,SKU_C,252,0,0,117
221,R2,SKU_D,155,0,0,137
221,R2,SKU_E,1207,0,0,0
221,R3,SKU_A,3869,0,0,0
221,R3,SKU_B,727,0,0,216
221,R3,SKU_C,622,0,0,347
221,R3,SKU_D,1039,0,0,564
221,R3,SKU_E,703,0,0,291
222,Supplier,SKU_A,0,0,0,0
222,Supplier,SKU_B,0,0,0,0
222,Supplier,SKU_C,0,0,0,0
222,Supplier,SKU_D,0,0,0,0
222,Supplier,SKU_E,0,0,0,0
222,W1,SKU_A,149,0,0,1102
222,W1,SKU_B,926,0,0,458
222,W1,SKU_C,1136,0,0,721
222,W1,SKU_D,900,0,0,546
222,W1,SKU_E,0,0,835,0
222,W2,SKU_A,0,0,881,0
222,W2,SKU_B,84,0,0,305
222,W2,SKU_C,1222,0,0,543
222,W2,SKU_D,0,0,1356,1825
222,W2,SKU_E,320,0,0,472
222,R1,SKU_A,565,0,0,242
222,R1,SKU_B,103,0,0,98
222,R1,SKU_C,621,0,0,175
222,R1,SKU_D,125,0,0,129
222,R1,SKU_E,1021,0,0,0
222,R2,SKU_A,983,0,0,600
222,R2,SKU_B,310,0,0,124
222,R2,SKU_C,263,0,0,119
222,R2,SKU_D,127,0,0,161
222,R2,SKU_E,1152,0,0,0
222,R3,SKU_A,3639,0,0,0
222,R3,SKU_B,722,0,0,211
222,R3,SKU_C,618,0,0,345
222,R3,SKU_D,1037,0,0,801
222,R3,SKU_E,673,0,0,317
223,Supplier,SKU_A,0,0,0,0
223,Supplier,SKU_B,0,0,0,0
223,Supplier,SKU_C,0,0,0,0
223,Supplier,SKU_D,0,0,0,0
223,Supplier,SKU_E,0,0,0,0
223,W1,SKU_A,394,0,0,828
223,W1,SKU_B,930,0,0,454
223,W1,SKU_C,1185,0,0,672
223,W1,SKU_D,888,0,0,558
223,W1,SKU_E,0,0,835,0
223,W2,SKU_A,0,0,881,0
223,W2,SKU_B,111,0,0,278
223,W2,SKU_C,1204,0,0,561
223,W2,SKU_D,0,0,964,1433
223,W2,SKU_E,305,0,0,487
223,R1,SKU_A,441,0,0,260
223,R1,SKU_B,56,0,0,106
223,R1,SKU_C,537,0,0,200
223,R1,SKU_D,102,0,0,137
223,R1,SKU_E,940,0,0,0
223,R2,SKU_A,1119,0,0,349
223,R2,SKU_B,304,0,0,132
223,R2,SKU_C,241,0,0,122
223,R2,SKU_D,133,0,0,159
223,R2,SKU_E,1086,0,0,0
223,R3,SKU_A,3343,0,0,0
223,R3,SKU_B,707,0,0,206
223,R3,SKU_C,520,0,0,381
223,R3,SKU_D,973,0,0,1086
223,R3,SKU_E,603,0,0,360
224,Supplier,SKU_A,0,0,0,0
224,Supplier,SKU_B,0,0,0,0
224,Supplier,SKU_C,0,0,0,0
224,Supplier,SKU_D,0,0,0,0
224,Supplier,SKU_E,0,0,0,0
224,W1,SKU_A,481,0,0,856
224,W1,SKU_B,853,0,0,531
224,W1,SKU_C,1085,0,0,772
224,W1,SKU_D,825,0,0,621
224,W1,SKU_E,0,0,835,0
224,W2,SKU_A,0,0,881,0
224,W2,SKU_B,101,0,0,288
224,W2,SKU_C,1138,0,0,627
224,W2,SKU_D,0,0,595,1064
224,W2,SKU_E,248,0,0,544
224,R1,SKU_A,291,0,0,398
224,R1,SKU_B,18,0,0,163
224,R1,SKU_C,478,0,0,289
224,R1,SKU_D,90,0,0,149
224,R1,SKU_E,885,0,0,0
224,R2,SKU_A,1282,0,0,46
224,R2,SKU_B,287,0,0,141
224,R2,SKU_C,204,0,0,137
224,R2,SKU_D,121,0,0,172
224,R2,SKU_E,1016,0,0,0
224,R3,SKU_A,3082,0,0,0
224,R3,SKU_B,725,0,0,196
224,R3,SKU_C,446,0,0,472
224,R3,SKU_D,1028,0,0,1306
224,R3,SKU_E,589,0,0,401
225,Supplier,SKU_A,0,0,0,0
225,Supplier,SKU_B,0,0,0,0
225,Supplier,SKU_C,0,0,0,0
225,Supplier,SKU_D,0,0,0,0
225,Supplier,SKU_E,0,0,0,0
225,W1,SKU_A,429,0,0,976
225,W1,SKU_B,795,0,0,589
225,W1,SKU_C,997,0,0,860
225,W1,SKU_D,816,0,0,630
225,W1,SKU_E,0,0,835,94
225,W2,SKU_A,0,0,881,0
225,W2,SKU_B,96,0,0,293
225,W2,SKU_C,1057,0,0,708
225,W2,SKU_D,0,0,250,719
225,W2,SKU_E,205,0,0,587
225,R1,SKU_A,328,0,0,516
225,R1,SKU_B,43,0,0,183
225,R1,SKU_C,494,0,0,318
225,R1,SKU_D,101,0,0,164
225,R1,SKU_E,841,0,0,0
225,R2,SKU_A,1234,0,0,72
225,R2,SKU_B,277,0,0,169
225,R2,SKU_C,205,0,0,165
225,R2,SKU_D,129,0,0,171
225,R2,SKU_E,971,0,0,0
225,R3,SKU_A,2903,0,0,0
225,R3,SKU_B,712,0,0,218
225,R3,SKU_C,421,0,0,541
225,R3,SKU_D,1152,0,0,1444
225,R3,SKU_E,593,0,0,423
226,Supplier,SKU_A,0,0,0,0
226,Supplier,SKU_B,0,0,0,0
226,Supplier,SKU_C,0,0,0,0
226,Supplier,SKU_D,0,0,0,0
226,Supplier,SKU_E,0,0,0,0
226,W1,SKU_A,314,0,0,1091
226,W1,SKU_B,813,0,0,571
226,W1,SKU_C,980,0,0,877
226,W1,SKU_D,814,0,0,632
226,W1,SKU_E,0,0,835,183
226,W2,SKU_A,0,0,881,0
226,W2,SKU_B,94,0,0,295
226,W2,SKU_C,1027,0,0,738
226,W2,SKU_D,62,0,0,407
226,W2,SKU_E,217,0,0,575
226,R1,SKU_A,438,0,0,373
226,R1,SKU_B,98,0,0,119
226,R1,SKU_C,596,0,0,243
226,R1,SKU_D,133,0,0,138
226,R1,SKU_E,808,0,0,0
226,R2,SKU_A,1133,0,0,166
226,R2,SKU_B,288,0,0,157
226,R2,SKU_C,193,0,0,177
226,R2,SKU_D,125,0,0,159
226,R2,SKU_E,916,0,0,0
226,R3,SKU_A,2728,0,0,0
226,R3,SKU_B,708,0,0,231
226,R3,SKU_C,440,0,0,548
226,R3,SKU_D,1390,0,0,1356
226,R3,SKU_E,592,0,0,401
227,Supplier,SKU_A,0,0,0,0
227,Supplier,SKU_B,0,0,0,0
227,Supplier,SKU_C,0,0,0,0
227,Supplier,SKU_D,0,0,0,0
227,Supplier,SKU_E,0,0,0,0
227,W1,SKU_A,71,0,0,1334
227,W1,SKU_B,800,0,0,584
227,W1,SKU_C,994,0,0,863
227,W1,SKU_D,826,0,0,620
227,W1,SKU_E,0,0,835,271
227,W2,SKU_A,0,0,881,0
227,W2,SKU_B,76,0,0,313
227,W2,SKU_C,1028,0,0,737
227,W2,SKU_D,315,0,0,154
227,W2,SKU_E,198,0,0,594
227,R1,SKU_A,562,0,0,251
227,R1,SKU_B,136,0,0,83
227,R1,SKU_C,674,0,0,171
227,R1,SKU_D,161,0,0,106
227,R1,SKU_E,769,0,0,0
227,R2,SKU_A,1043,0,0,267
227,R2,SKU_B,306,0,0,148
227,R2,SKU_C,197,0,0,170
227,R2,SKU_D,133,0,0,167
227,R2,SKU_E,863,0,0,0
227,R3,SKU_A,2550,0,0,0
227,R3,SKU_B,710,0,0,225
227,R3,SKU_C,456,0,0,523
227,R3,SKU_D,1694,0,0,964
227,R3,SKU_E,621,0,0,398
228,Supplier,SKU_A,0,0,0,0
228,Supplier,SKU_B,0,0,0,0
228,Supplier,SKU_C,0,0,0,0
228,Supplier,SKU_D,0,0,0,0
228,Supplier,SKU_E,0,0,0,0
228,W1,SKU_A,0,0,42,1447
228,W1,SKU_B,838,0,0,546
228,W1,SKU_C,1028,0,0,829
228,W1,SKU_D,851,0,0,595
228,W1,SKU_E,0,0,835,363
228,W2,SKU_A,0,0,881,0
228,W2,SKU_B,68,0,0,321
228,W2,SKU_C,1038,0,0,727
228,W2,SKU_D,469,0,0,0
228,W2,SKU_E,223,0,0,569
228,R1,SKU_A,544,0,0,282
228,R1,SKU_B,126,0,0,90
228,R1,SKU_C,696,0,0,138
228,R1,SKU_D,160,0,0,104
228,R1,SKU_E,739,0,0,0
228,R2,SKU_A,1006,0,0,243
228,R2,SKU_B,340,0,0,122
228,R2,SKU_C,219,0,0,144
228,R2,SKU_D,130,0,0,160
228,R2,SKU_E,828,0,0,0
228,R3,SKU_A,2350,0,0,0
228,R3,SKU_B,744,0,0,203
228,R3,SKU_C,540,0,0,445
228,R3,SKU_D,1961,0,0,595
228,R3,SKU_E,664,0,0,342
229,Supplier,SKU_A,0,0,0,0
229,Supplier,SKU_B,0,0,0,0
229,Supplier,SKU_C,0,0,0,0
229,Supplier,SKU_D,0,0,0,0
229,Supplier,SKU_E,0,0,0,0
229,W1,SKU_A,47,0,0,1358
229,W1,SKU_B,918,0,0,466
229,W1,SKU_C,1125,0,0,732
229,W1,SKU_D,874,0,0,572
229,W1,SKU_E,0,0,835,428
229,W2,SKU_A,0,0,881,0
229,W2,SKU_B,82,0,0,307
229,W2,SKU_C,1060,0,0,705
229,W2,SKU_D,469,0,0,0
229,W2,SKU_E,239,0,0,553
229,R1,SKU_A,523,0,0,267
229,R1,SKU_B,105,0,0,91
229,R1,SKU_C,651,0,0,143
229,R1,SKU_D,144,0,0,111
229,R1,SKU_E,693,0,0,0
229,R2,SKU_A,1018,0,0,342
229,R2,SKU_B,343,0,0,106
229,R2,SKU_C,223,0,0,151
229,R2,SKU_D,123,0,0,170
229,R2,SKU_E,777,0,0,0
229,R3,SKU_A,2100,0,0,0
229,R3,SKU_B,757,0,0,177
229,R3,SKU_C,580,0,0,378
229,R3,SKU_D,2189,0,0,250
229,R3,SKU_E,672,0,0,326
230,Supplier,SKU_A,0,0,0,0
230,Supplier,SKU_B,0,0,0,0
230,Supplier,SKU_C,0,0,0,0
230,Supplier,SKU_D,0,0,0,0
230,Supplier,SKU_E,0,0,0,0
230,W1,SKU_A,248,0,0,1157
230,W1,SKU_B,954,0,0,430
230,W1,SKU_C,1185,0,0,672
230,W1,SKU_D,890,0,0,556
230,W1,SKU_E,0,0,741,431
230,W2,SKU_A,0,0,1105,224
230,W2,SKU_B,103,0,0,286
230,W2,SKU_C,1117,0,0,648
230,W2,SKU_D,469,0,0,0
230,W2,SKU_E,274,0,0,518
230,R1,SKU_A,454,0,0,290
230,R1,SKU_B,49,0,0,114
230,R1,SKU_C,568,0,0,194
230,R1,SKU_D,113,0,0,123
230,R1,SKU_E,625,0,0,0
230,R2,SKU_A,975,0,0,281
230,R2,SKU_B,331,0,0,102
230,R2,SKU_C,205,0,0,147
230,R2,SKU_D,120,0,0,161
230,R2,SKU_E,736,0,0,94
230,R3,SKU_A,1839,0,0,0
230,R3,SKU_B,738,0,0,173
230,R3,SKU_C,535,0,0,382
230,R3,SKU_D,2296,0,0,0
230,R3,SKU_E,645,0,0,344
231,Supplier,SKU_A,0,0,0,0
231,Supplier,SKU_B,0,0,0,0
231,Supplier,SKU_C,0,0,0,0
231,Supplier,SKU_D,0,0,0,0
231,Supplier,SKU_E,0,0,0,0
231,W1,SKU_A,98,0,0,1307
231,W1,SKU_B,878,0,0,506
231,W1,SKU_C,1117,0,0,740
231,W1,SKU_D,842,0,0,604
231,W1,SKU_E,0,0,683,357
231,W2,SKU_A,0,0,1590,709
231,W2,SKU_B,93,0,0,296
231,W2,SKU_C,1116,0,0,649
231,W2,SKU_D,469,0,0,0
231,W2,SKU_E,273,0,0,519
231,R1,SKU_A,371,0,0,372
231,R1,SKU_B,23,0,0,167
231,R1,SKU_C,514,0,0,266
231,R1,SKU_D,71,0,0,151
231,R1,SKU_E,565,0,0,31
231,R2,SKU_A,916,0,0,377
231,R2,SKU_B,316,0,0,123
231,R2,SKU_C,193,0,0,162
231,R2,SKU_D,122,0,0,180
231,R2,SKU_E,688,0,0,152
231,R3,SKU_A,1568,0,0,0
231,R3,SKU_B,728,0,0,201
231,R3,SKU_C,505,0,0,453
231,R3,SKU_D,2176,0,0,0
231,R3,SKU_E,657,0,0,348
232,Supplier,SKU_A,0,0,0,0
232,Supplier,SKU_B,0,0,0,0
232,Supplier,SKU_C,0,0,0,0
232,Supplier,SKU_D,0,0,0,0
232,Supplier,SKU_E,0,0,0,0
232,W1,SKU_A,24,0,0,1381
232,W1,SKU_B,845,0,0,539
232,W1,SKU_C,1043,0,0,814
232,W1,SKU_D,811,0,0,635
232,W1,SKU_E,0,0,655,319
232,W2,SKU_A,0,0,2346,1465
232,W2,SKU_B,92,0,0,297
232,W2,SKU_C,1112,0,0,653
232,W2,SKU_D,469,0,0,0
232,W2,SKU_E,262,0,0,530
232,R1,SKU_A,397,0,0,419
232,R1,SKU_B,50,0,0,173
232,R1,SKU_C,504,0,0,280
232,R1,SKU_D,90,0,0,184
232,R1,SKU_E,515,0,0,91
232,R2,SKU_A,1014,0,0,291
232,R2,SKU_B,291,0,0,146
232,R2,SKU_C,210,0,0,170
232,R2,SKU_D,127,0,0,168
232,R2,SKU_E,631,0,0,180
232,R3,SKU_A,1370,0,0,0
232,R3,SKU_B,719,0,0,207
232,R3,SKU_C,495,0,0,474
232,R3,SKU_D,2064,0,0,0
232,R3,SKU_E,637,0,0,362
233,Supplier,SKU_A,0,0,0,0
233,Supplier,SKU_B,0,0,0,0
233,Supplier,SKU_C,0,0,0,0
233,Supplier,SKU_D,0,0,0,0
233,Supplier,SKU_E,0,0,0,0
233,W1,SKU_A,22,0,0,1383
233,W1,SKU_B,832,0,0,552
233,W1,SKU_C,995,0,0,862
233,W1,SKU_D,813,0,0,633
233,W1,SKU_E,0,0,613,306
233,W2,SKU_A,0,0,3300,2419
233,W2,SKU_B,79,0,0,310
233,W2,SKU_C,1093,0,0,672
233,W2,SKU_D,469,0,0,0
233,W2,SKU_E,268,0,0,524
233,R1,SKU_A,452,0,0,347
233,R1,SKU_B,109,0,0,113
233,R1,SKU_C,566,0,0,258
233,R1,SKU_D,103,0,0,146
233,R1,SKU_E,510,0,0,110
233,R2,SKU_A,941,0,0,346
233,R2,SKU_B,288,0,0,158
233,R2,SKU_C,218,0,0,164
233,R2,SKU_D,123,0,0,166
233,R2,SKU_E,680,0,0,128
233,R3,SKU_A,1142,0,0,0
233,R3,SKU_B,719,0,0,228
233,R3,SKU_C,469,0,0,490
233,R3,SKU_D,1971,0,0,0
233,R3,SKU_E,633,0,0,369
234,Supplier,SKU_A,0,0,0,0
234,Supplier,SKU_B,0,0,0,0
234,Supplier,SKU_C,0,0,0,0
234,Supplier,SKU_D,0,0,0,0
234,Supplier,SKU_E,0,0,0,0
234,W1,SKU_A,33,0,0,1372
234,W1,SKU_B,822,0,0,562
234,W1,SKU_C,1004,0,0,853
234,W1,SKU_D,797,0,0,649
234,W1,SKU_E,0,0,584,280
234,W2,SKU_A,0,0,4482,3601
234,W2,SKU_B,91,0,0,298
234,W2,SKU_C,1073,0,0,692
234,W2,SKU_D,469,0,0,0
234,W2,SKU_E,251,0,0,541
234,R1,SKU_A,513,0,0,291
234,R1,SKU_B,113,0,0,81
234,R1,SKU_C,606,0,0,214
234,R1,SKU_D,124,0,0,119
234,R1,SKU_E,529,0,0,86
234,R2,SKU_A,981,0,0,315
234,R2,SKU_B,298,0,0,145
234,R2,SKU_C,242,0,0,134
234,R2,SKU_D,137,0,0,158
234,R2,SKU_E,687,0,0,99
234,R3,SKU_A,921,0,0,0
234,R3,SKU_B,725,0,0,215
234,R3,SKU_C,492,0,0,489
234,R3,SKU_D,1847,0,0,0
234,R3,SKU_E,631,0,0,365
235,Supplier,SKU_A,0,0,0,0
235,Supplier,SKU_B,0,0,0,0
235,Supplier,SKU_C,0,0,0,0
235,Supplier,SKU_D,0,0,0,0
235,Supplier,SKU_E,0,0,0,0
235,W1,SKU_A,0,0,17,1422
235,W1,SKU_B,814,0,0,570
235,W1,SKU_C,1032,0,0,825
235,W1,SKU_D,787,0,0,659
235,W1,SKU_E,0,0,528,246
235,W2,SKU_A,0,0,5885,5004
235,W2,SKU_B,84,0,0,305
235,W2,SKU_C,1069,0,0,696
235,W2,SKU_D,469,0,0,0
235,W2,SKU_E,241,0,0,551
235,R1,SKU_A,492,0,0,303
235,R1,SKU_B,94,0,0,110
235,R1,SKU_C,625,0,0,178
235,R1,SKU_D,103,0,0,150
235,R1,SKU_E,532,0,0,77
235,R2,SKU_A,966,0,0,295
235,R2,SKU_B,306,0,0,141
235,R2,SKU_C,245,0,0,113
235,R2,SKU_D,131,0,0,165
235,R2,SKU_E,665,0,0,127
235,R3,SKU_A,697,0,0,0
235,R3,SKU_B,741,0,0,186
235,R3,SKU_C,516,0,0,425
235,R3,SKU_D,1713,0,0,0
235,R3,SKU_E,634,0,0,358
236,Supplier,SKU_A,0,0,0,0
236,Supplier,SKU_B,0,0,0,0
236,Supplier,SKU_C,0,0,0,0
236,Supplier,SKU_D,0,0,0,0
236,Supplier,SKU_E,0,0,0,0
236,W1,SKU_A,39,0,0,1366
236,W1,SKU_B,869,0,0,515
236,W1,SKU_C,1079,0,0,778
236,W1,SKU_D,819,0,0,627
236,W1,SKU_E,0,0,560,272
236,W2,SKU_A,0,0,7288,6407
236,W2,SKU_B,77,0,0,312
236,W2,SKU_C,1052,0,0,713
236,W2,SKU_D,425,0,0,44
236,W2,SKU_E,235,0,0,557
236,R1,SKU_A,489,0,0,307
236,R1,SKU_B,51,0,0,128
236,R1,SKU_C,591,0,0,199
236,R1,SKU_D,114,0,0,146
236,R1,SKU_E,513,0,0,56
236,R2,SKU_A,980,0,0,356
236,R2,SKU_B,311,0,0,131
236,R2,SKU_C,221,0,0,135
236,R2,SKU_D,152,0,0,164
236,R2,SKU_E,663,0,0,85
236,R3,SKU_A,470,0,0,224
236,R3,SKU_B,720,0,0,188
236,R3,SKU_C,512,0,0,442
236,R3,SKU_D,1593,0,0,44
236,R3,SKU_E,612,0,0,371
237,Supplier,SKU_A,0,0,0,0
237,Supplier,SKU_B,0,0,0,0
237,Supplier,SKU_C,0,0,0,0
237,Supplier,SKU_D,0,0,0,0
237,Supplier,SKU_E,0,0,0,0
237,W1,SKU_A,135,0,0,1270
237,W1,SKU_B,861,0,0,523
237,W1,SKU_C,1090,0,0,767
237,W1,SKU_D,871,0,0,575
237,W1,SKU_E,0,0,597,353
237,W2,SKU_A,0,0,8433,7552
237,W2,SKU_B,74,0,0,315
237,W2,SKU_C,1089,0,0,676
237,W2,SKU_D,305,0,0,164
237,W2,SKU_E,229,0,0,563
237,R1,SKU_A,423,0,0,315
237,R1,SKU_B,0,0,0,143
237,R1,SKU_C,509,0,0,229
237,R1,SKU_D,77,0,0,129
237,R1,SKU_E,495,0,0,65
237,R2,SKU_A,959,0,0,307
237,R2,SKU_B,298,0,0,135
237,R2,SKU_C,189,0,0,161
237,R2,SKU_D,162,0,0,137
237,R2,SKU_E,627,0,0,56
237,R3,SKU_A,204,0,0,709
237,R3,SKU_B,706,0,0,206
237,R3,SKU_C,435,0,0,457
237,R3,SKU_D,1434,0,0,164
237,R3,SKU_E,593,0,0,387
238,Supplier,SKU_A,0,0,0,0
238,Supplier,SKU_B,0,0,0,0
238,Supplier,SKU_C,0,0,0,0
238,Supplier,SKU_D,0,0,0,0
238,Supplier,SKU_E,0,0,0,0
238,W1,SKU_A,18,0,0,1387
238,W1,SKU_B,777,0,0,607
238,W1,SKU_C,1014,0,0,843
238,W1,SKU_D,807,0,0,639
238,W1,SKU_E,0,0,614,435
238,W2,SKU_A,0,0,9088,8207
238,W2,SKU_B,57,0,0,332
238,W2,SKU_C,1023,0,0,742
238,W2,SKU_D,146,0,0,323
238,W2,SKU_E,204,0,0,588
238,R1,SKU_A,370,0,0,372
238,R1,SKU_B,0,49,0,204
238,R1,SKU_C,464,0,0,294
238,R1,SKU_D,51,0,0,176
238,R1,SKU_E,424,0,0,129
238,R2,SKU_A,903,0,0,354
238,R2,SKU_B,282,0,0,145
238,R2,SKU_C,179,0,0,187
238,R2,SKU_D,164,0,0,133
238,R2,SKU_E,632,0,0,0
238,R3,SKU_A,0,72,0,1465
238,R3,SKU_B,694,0,0,241
238,R3,SKU_C,409,0,0,524
238,R3,SKU_D,1303,0,0,323
238,R3,SKU_E,572,0,0,409
239,Supplier,SKU_A,0,0,0,0
239,Supplier,SKU_B,0,0,0,0
239,Supplier,SKU_C,0,0,0,0
239,Supplier,SKU_D,0,0,0,0
239,Supplier,SKU_E,0,0,0,0
239,W1,SKU_A,0,0,69,1474
239,W1,SKU_B,691,0,0,644
239,W1,SKU_C,932,0,0,925
239,W1,SKU_D,793,0,0,653
239,W1,SKU_E,0,0,678,550
239,W2,SKU_A,0,0,9065,8112
239,W2,SKU_B,66,0,0,323
239,W2,SKU_C,987,0,0,778
239,W2,SKU_D,15,0,0,454
239,W2,SKU_E,186,0,0,606
239,R1,SKU_A,375,0,0,426
239,R1,SKU_B,0,33,0,228
239,R1,SKU_C,464,0,0,326
239,R1,SKU_D,47,0,0,209
239,R1,SKU_E,414,0,0,118
239,R2,SKU_A,956,0,0,272
239,R2,SKU_B,287,0,0,165
239,R2,SKU_C,198,0,0,179
239,R2,SKU_D,174,0,0,132
239,R2,SKU_E,586,0,0,0
239,R3,SKU_A,0,305,0,2419
239,R3,SKU_B,700,0,0,246
239,R3,SKU_C,394,0,0,572
239,R3,SKU_D,1192,0,0,454
239,R3,SKU_E,571,0,0,424
240,Supplier,SKU_A,0,0,0,0
240,Supplier,SKU_B,0,0,0,0
240,Supplier,SKU_C,0,0,0,0
240,Supplier,SKU_D,0,0,0,0
240,Supplier,SKU_E,0,0,0,0
240,W1,SKU_A,0,0,140,1545
240,W1,SKU_B,701,0,0,650
240,W1,SKU_C,903,0,0,954
240,W1,SKU_D,817,0,0,629
240,W1,SKU_E,0,0,744,657
240,W2,SKU_A,0,0,8093,6930
240,W2,SKU_B,65,0,0,324
240,W2,SKU_C,994,0,0,771
240,W2,SKU_D,0,0,96,565
240,W2,SKU_E,179,0,0,613
240,R1,SKU_A,432,0,0,363
240,R1,SKU_B,0,5,0,176
240,R1,SKU_C,528,0,0,274
240,R1,SKU_D,87,0,0,159
240,R1,SKU_E,427,0,0,102
240,R2,SKU_A,903,0,0,309
240,R2,SKU_B,275,0,0,155
240,R2,SKU_C,217,0,0,158
240,R2,SKU_D,140,0,0,142
240,R2,SKU_E,534,0,0,0
240,R3,SKU_A,0,318,0,3377
240,R3,SKU_B,698,0,0,227
240,R3,SKU_C,427,0,0,547
240,R3,SKU_D,1098,0,0,425
240,R3,SKU_E,554,0,0,421
241,Supplier,SKU_A,0,0,0,0
241,Supplier,SKU_B,0,0,0,0
241,Supplier,SKU_C,0,0,0,0
241,Supplier,SKU_D,0,0,0,0
241,Supplier,SKU_E,0,0,0,0
241,W1,SKU_A,0,0,189,1594
241,W1,SKU_B,651,0,0,728
241,W1,SKU_C,919,0,0,938
241,W1,SKU_D,796,0,0,650
241,W1,SKU_E,0,0,887,800
241,W2,SKU_A,0,0,6690,5527
241,W2,SKU_B,50,0,0,339
241,W2,SKU_C,987,0,0,778
241,W2,SKU_D,0,0,330,799
241,W2,SKU_E,158,0,0,634
241,R1,SKU_A,411,0,0,310
241,R1,SKU_B,0,15,0,160
241,R1,SKU_C,538,0,0,230
241,R1,SKU_D,90,0,0,140
241,R1,SKU_E,395,0,0,104
241,R2,SKU_A,922,0,0,314
241,R2,SKU_B,281,0,0,158
241,R2,SKU_C,235,0,0,133
241,R2,SKU_D,141,0,0,159
241,R2,SKU_E,482,0,0,0
241,R3,SKU_A,0,162,0,4295
241,R3,SKU_B,692,0,0,210
241,R3,SKU_C,369,0,0,527
241,R3,SKU_D,1052,0,0,305
241,R3,SKU_E,515,0,0,429
242,Supplier,SKU_A,0,0,0,0
242,Supplier,SKU_B,0,0,0,0
242,Supplier,SKU_C,0,0,0,0
242,Supplier,SKU_D,0,0,0,0
242,Supplier,SKU_E,0,0,0,0
242,W1,SKU_A,0,0,364,1769
242,W1,SKU_B,614,0,0,755
242,W1,SKU_C,909,0,0,948
242,W1,SKU_D,750,0,0,696
242,W1,SKU_E,0,0,1022,935
242,W2,SKU_A,0,0,5063,3900
242,W2,SKU_B,25,0,0,364
242,W2,SKU_C,942,0,0,823
242,W2,SKU_D,0,0,686,1155
242,W2,SKU_E,110,0,0,682
242,R1,SKU_A,356,0,0,379
242,R1,SKU_B,0,49,0,210
242,R1,SKU_C,535,0,0,252
242,R1,SKU_D,65,0,0,166
242,R1,SKU_E,364,0,0,172
242,R2,SKU_A,871,0,0,240
242,R2,SKU_B,310,0,0,146
242,R2,SKU_C,247,0,0,131
242,R2,SKU_D,121,0,0,156
242,R2,SKU_E,427,0,0,0
242,R3,SKU_A,238,0,0,5166
242,R3,SKU_B,698,0,0,220
242,R3,SKU_C,387,0,0,523
242,R3,SKU_D,1026,0,0,190
242,R3,SKU_E,492,0,0,465
243,Supplier,SKU_A,0,0,0,0
243,Supplier,SKU_B,0,0,0,0
243,Supplier,SKU_C,0,0,0,0
243,Supplier,SKU_D,0,0,0,0
243,Supplier,SKU_E,0,0,0,0
243,W1,SKU_A,0,0,522,1927
243,W1,SKU_B,655,0,0,680
243,W1,SKU_C,986,0,0,871
243,W1,SKU_D,753,0,0,693
243,W1,SKU_E,0,0,1145,1058
243,W2,SKU_A,0,0,3433,2270
243,W2,SKU_B,35,0,0,354
243,W2,SKU_C,898,0,0,867
243,W2,SKU_D,0,0,1107,1576
243,W2,SKU_E,84,0,0,708
243,R1,SKU_A,514,0,0,450
243,R1,SKU_B,42,0,0,220
243,R1,SKU_C,643,0,0,267
243,R1,SKU_D,140,0,0,181
243,R1,SKU_E,405,0,0,292
243,R2,SKU_A,972,0,0,259
243,R2,SKU_B,347,0,0,142
243,R2,SKU_C,287,0,0,130
243,R2,SKU_D,162,0,0,185
243,R2,SKU_E,427,0,0,0
243,R3,SKU_A,1192,0,0,5842
243,R3,SKU_B,744,0,0,237
243,R3,SKU_C,527,0,0,546
243,R3,SKU_D,1157,0,0,179
243,R3,SKU_E,601,0,0,489
244,Supplier,SKU_A,0,0,0,0
244,Supplier,SKU_B,0,0,0,0
244,Supplier,SKU_C,0,0,0,0
244,Supplier,SKU_D,0,0,0,0
244,Supplier,SKU_E,0,0,0,0
244,W1,SKU_A,0,0,337,1731
244,W1,SKU_B,775,0,0,609
244,W1,SKU_C,1189,0,0,668
244,W1,SKU_D,897,0,0,549
244,W1,SKU_E,0,0,1155,1027
244,W2,SKU_A,0,0,2022,859
244,W2,SKU_B,104,0,0,285
244,W2,SKU_C,1079,0,0,686
244,W2,SKU_D,0,0,1369,1838
244,W2,SKU_E,194,0,0,598
244,R1,SKU_A,551,0,0,229
244,R1,SKU_B,77,0,0,103
244,R1,SKU_C,653,0,0,125
244,R1,SKU_D,163,0,0,90
244,R1,SKU_E,477,0,0,315
244,R2,SKU_A,1015,0,0,474
244,R2,SKU_B,362,0,0,83
244,R2,SKU_C,273,0,0,88
244,R2,SKU_D,195,0,0,120
244,R2,SKU_E,375,0,0,0
244,R3,SKU_A,2131,0,0,6071
244,R3,SKU_B,733,0,0,202
244,R3,SKU_C,472,0,0,439
244,R3,SKU_D,1034,0,0,323
244,R3,SKU_E,603,0,0,394
245,Supplier,SKU_A,0,0,0,0
245,Supplier,SKU_B,0,0,0,0
245,Supplier,SKU_C,0,0,0,0
245,Supplier,SKU_D,0,0,0,0
245,Supplier,SKU_E,0,0,0,0
245,W1,SKU_A,0,0,186,1502
245,W1,SKU_B,769,0,0,615
245,W1,SKU_C,1161,0,0,696
245,W1,SKU_D,903,0,0,543
245,W1,SKU_E,0,0,1201,978
245,W2,SKU_A,0,0,1163,0
245,W2,SKU_B,104,0,0,285
245,W2,SKU_C,1057,0,0,708
245,W2,SKU_D,0,0,1638,2107
245,W2,SKU_E,210,0,0,582
245,R1,SKU_A,644,0,0,173
245,R1,SKU_B,122,0,0,84
245,R1,SKU_C,678,0,0,134
245,R1,SKU_D,205,0,0,68
245,R1,SKU_E,590,0,0,282
245,R2,SKU_A,925,0,0,625
245,R2,SKU_B,385,0,0,77
245,R2,SKU_C,282,0,0,95
245,R2,SKU_D,198,0,0,105
245,R2,SKU_E,340,0,0,42
245,R3,SKU_A,3368,0,0,5527
245,R3,SKU_B,751,0,0,192
245,R3,SKU_C,492,0,0,502
245,R3,SKU_D,947,0,0,454
245,R3,SKU_E,647,0,0,372
246,Supplier,SKU_A,0,0,0,0
246,Supplier,SKU_B,0,0,0,0
246,Supplier,SKU_C,0,0,0,0
246,Supplier,SKU_D,0,0,0,0
246,Supplier,SKU_E,0,0,0,0
246,W1,SKU_A,24,0,0,1231
246,W1,SKU_B,864,0,0,520
246,W1,SKU_C,1173,0,0,684
246,W1,SKU_D,951,0,0,495
246,W1,SKU_E,0,0,1226,923
246,W2,SKU_A,0,0,1163,0
246,W2,SKU_B,101,0,0,288
246,W2,SKU_C,1085,0,0,680
246,W2,SKU_D,0,0,1883,2352
246,W2,SKU_E,234,0,0,558
246,R1,SKU_A,533,0,0,309
246,R1,SKU_B,71,0,0,140
246,R1,SKU_C,595,0,0,232
246,R1,SKU_D,153,0,0,116
246,R1,SKU_E,707,0,0,128
246,R2,SKU_A,983,0,0,691
246,R2,SKU_B,389,0,0,71
246,R2,SKU_C,287,0,0,96
246,R2,SKU_D,235,0,0,79
246,R2,SKU_E,313,0,0,226
246,R3,SKU_A,4876,0,0,3900
246,R3,SKU_B,790,0,0,151
246,R3,SKU_C,603,0,0,404
246,R3,SKU_D,919,0,0,521
246,R3,SKU_E,741,0,0,297
247,Supplier,SKU_A,0,0,0,0
247,Supplier,SKU_B,0,0,0,0
247,Supplier,SKU_C,0,0,0,0
247,Supplier,SKU_D,0,0,0,0
247,Supplier,SKU_E,0,0,0,0
247,W1,SKU_A,309,0,0,835
247,W1,SKU_B,941,0,0,443
247,W1,SKU_C,1247,0,0,610
247,W1,SKU_D,1004,0,0,442
247,W1,SKU_E,0,0,1012,746
247,W2,SKU_A,0,0,1163,0
247,W2,SKU_B,117,0,0,272
247,W2,SKU_C,1118,0,0,647
247,W2,SKU_D,0,0,1966,2435
247,W2,SKU_E,297,0,0,495
247,R1,SKU_A,611,0,0,247
247,R1,SKU_B,103,0,0,109
247,R1,SKU_C,646,0,0,183
247,R1,SKU_D,164,0,0,100
247,R1,SKU_E,806,0,0,0
247,R2,SKU_A,1273,0,0,337
247,R2,SKU_B,365,0,0,100
247,R2,SKU_C,253,0,0,130
247,R2,SKU_D,182,0,0,112
247,R2,SKU_E,291,0,0,492
247,R3,SKU_A,6371,0,0,2270
247,R3,SKU_B,806,0,0,128
247,R3,SKU_C,704,0,0,307
247,R3,SKU_D,957,0,0,635
247,R3,SKU_E,821,0,0,216
248,Supplier,SKU_A,0,0,0,0
248,Supplier,SKU_B,0,0,0,0
248,Supplier,SKU_C,0,0,0,0
248,Supplier,SKU_D,0,0,0,0
248,Supplier,SKU_E,0,0,0,0
248,W1,SKU_A,721,0,0,474
248,W1,SKU_B,967,0,0,417
248,W1,SKU_C,1294,0,0,563
248,W1,SKU_D,1054,0,0,392
248,W1,SKU_E,0,0,728,462
248,W2,SKU_A,0,0,1163,0
248,W2,SKU_B,149,0,0,240
248,W2,SKU_C,1233,0,0,532
248,W2,SKU_D,0,0,1731,2200
248,W2,SKU_E,390,0,0,402
248,R1,SKU_A,641,0,0,206
248,R1,SKU_B,113,0,0,103
248,R1,SKU_C,665,0,0,166
248,R1,SKU_D,159,0,0,109
248,R1,SKU_E,774,0,0,0
248,R2,SKU_A,1344,0,0,186
248,R2,SKU_B,376,0,0,80
248,R2,SKU_C,268,0,0,108
248,R2,SKU_D,193,0,0,133
248,R2,SKU_E,297,0,0,734
248,R3,SKU_A,7624,0,0,859
248,R3,SKU_B,762,0,0,175
248,R3,SKU_C,622,0,0,369
248,R3,SKU_D,1043,0,0,876
248,R3,SKU_E,755,0,0,269
249,Supplier,SKU_A,0,0,0,0
249,Supplier,SKU_B,0,0,0,0
249,Supplier,SKU_C,0,0,0,0
249,Supplier,SKU_D,0,0,0,0
249,Supplier,SKU_E,0,0,0,0
249,W1,SKU_A,773,0,0,502
249,W1,SKU_B,937,0,0,447
249,W1,SKU_C,1174,0,0,683
249,W1,SKU_D,980,0,0,466
249,W1,SKU_E,0,0,605,339
249,W2,SKU_A,0,0,1163,0
249,W2,SKU_B,168,0,0,221
249,W2,SKU_C,1314,0,0,451
249,W2,SKU_D,0,0,1190,1659
249,W2,SKU_E,457,0,0,335
249,R1,SKU_A,623,0,0,201
249,R1,SKU_B,102,0,0,98
249,R1,SKU_C,668,0,0,162
249,R1,SKU_D,159,0,0,110
249,R1,SKU_E,728,0,0,0
249,R2,SKU_A,1443,0,0,0
249,R2,SKU_B,347,0,0,86
249,R2,SKU_C,275,0,0,109
249,R2,SKU_D,190,0,0,110
249,R2,SKU_E,431,0,0,673
249,R3,SKU_A,8274,0,0,0
249,R3,SKU_B,766,0,0,173
249,R3,SKU_C,660,0,0,289
249,R3,SKU_D,1054,0,0,1286
249,R3,SKU_E,760,0,0,242
250,Supplier,SKU_A,0,0,0,0
250,Supplier,SKU_B,0,0,0,0
250,Supplier,SKU_C,0,0,0,0
250,Supplier,SKU_D,0,0,0,0
250,Supplier,SKU_E,0,0,0,0
250,W1,SKU_A,739,0,0,623
250,W1,SKU_B,945,0,0,439
250,W1,SKU_C,1249,0,0,608
250,W1,SKU_D,981,0,0,465
250,W1,SKU_E,0,0,484,218
250,W2,SKU_A,0,0,1163,0
250,W2,SKU_B,126,0,0,263
250,W2,SKU_C,1190,0,0,575
250,W2,SKU_D,0,0,769,1238
250,W2,SKU_E,369,0,0,423
250,R1,SKU_A,603,0,0,235
250,R1,SKU_B,98,0,0,110
250,R1,SKU_C,656,0,0,161
250,R1,SKU_D,146,0,0,105
250,R1,SKU_E,687,0,0,0
250,R2,SKU_A,1369,0,0,0
250,R2,SKU_B,333,0,0,113
250,R2,SKU_C,268,0,0,108
250,R2,SKU_D,186,0,0,124
250,R2,SKU_E,655,0,0,528
250,R3,SKU_A,8085,0,0,0
250,R3,SKU_B,760,0,0,177
250,R3,SKU_C,650,0,0,334
250,R3,SKU_D,1067,0,0,1596
250,R3,SKU_E,740,0,0,259
251,Supplier,SKU_A,0,0,0,0
251,Supplier,SKU_B,0,0,0,0
251,Supplier,SKU_C,0,0,0,0
251,Supplier,SKU_D,0,0,0,0
251,Supplier,SKU_E,0,0,0,0
251,W1,SKU_A,668,0,0,737
251,W1,SKU_B,931,0,0,453
251,W1,SKU_C,1253,0,0,604
251,W1,SKU_D,966,0,0,480
251,W1,SKU_E,0,0,355,89
251,W2,SKU_A,0,0,1163,0
251,W2,SKU_B,128,0,0,261
251,W2,SKU_C,1263,0,0,502
251,W2,SKU_D,0,0,369,838
251,W2,SKU_E,371,0,0,421
251,R1,SKU_A,561,0,0,244
251,R1,SKU_B,65,0,0,118
251,R1,SKU_C,649,0,0,175
251,R1,SKU_D,129,0,0,122
251,R1,SKU_E,638,0,0,0
251,R2,SKU_A,1282,0,0,31
251,R2,SKU_B,296,0,0,132
251,R2,SKU_C,251,0,0,115
251,R2,SKU_D,204,0,0,108
251,R2,SKU_E,896,0,0,373
251,R3,SKU_A,7887,0,0,0
251,R3,SKU_B,749,0,0,181
251,R3,SKU_C,604,0,0,357
251,R3,SKU_D,1205,0,0,1762
251,R3,SKU_E,699,0,0,298
252,Supplier,SKU_A,0,0,0,0
252,Supplier,SKU_B,0,0,0,0
252,Supplier,SKU_C,0,0,0,0
252,Supplier,SKU_D,0,0,0,0
252,Supplier,SKU_E,0,0,0,0
252,W1,SKU_A,433,0,0,972
252,W1,SKU_B,871,0,0,513
252,W1,SKU_C,1233,0,0,624
252,W1,SKU_D,946,0,0,500
252,W1,SKU_E,0,0,284,0
252,W2,SKU_A,0,0,1163,0
252,W2,SKU_B,115,0,0,274
252,W2,SKU_C,1230,0,0,535
252,W2,SKU_D,0,0,13,482
252,W2,SKU_E,349,0,0,443
252,R1,SKU_A,522,0,0,263
252,R1,SKU_B,69,0,0,135
252,R1,SKU_C,615,0,0,181
252,R1,SKU_D,112,0,0,140
252,R1,SKU_E,591,0,0,18
252,R2,SKU_A,1183,0,0,118
252,R2,SKU_B,279,0,0,160
252,R2,SKU_C,253,0,0,125
252,R2,SKU_D,170,0,0,122
252,R2,SKU_E,978,0,0,321
252,R3,SKU_A,7705,0,0,0
252,R3,SKU_B,755,0,0,185
252,R3,SKU_C,569,0,0,407
252,R3,SKU_D,1521,0,0,1718
252,R3,SKU_E,669,0,0,338
253,Supplier,SKU_A,0,0,0,0
253,Supplier,SKU_B,0,0,0,0
253,Supplier,SKU_C,0,0,0,0
253,Supplier,SKU_D,0,0,0,0
253,Supplier,SKU_E,0,0,0,0
253,W1,SKU_A,312,0,0,1093
253,W1,SKU_B,837,0,0,547
253,W1,SKU_C,1195,0,0,662
253,W1,SKU_D,932,0,0,514
253,W1,SKU_E,0,0,331,0
253,W2,SKU_A,0,0,1163,0
253,W2,SKU_B,114,0,0,275
253,W2,SKU_C,1199,0,0,566
253,W2,SKU_D,304,0,0,165
253,W2,SKU_E,318,0,0,474
253,R1,SKU_A,527,0,0,316
253,R1,SKU_B,82,0,0,139
253,R1,SKU_C,638,0,0,202
253,R1,SKU_D,131,0,0,139
253,R1,SKU_E,557,0,0,18
253,R2,SKU_A,1101,0,0,217
253,R2,SKU_B,300,0,0,154
253,R2,SKU_C,249,0,0,131
253,R2,SKU_D,173,0,0,130
253,R2,SKU_E,1067,0,0,200
253,R3,SKU_A,7560,0,0,0
253,R3,SKU_B,742,0,0,182
253,R3,SKU_C,565,0,0,422
253,R3,SKU_D,1979,0,0,1190
253,R3,SKU_E,652,0,0,355
254,Supplier,SKU_A,0,0,0,0
254,Supplier,SKU_B,0,0,0,0
254,Supplier,SKU_C,0,0,0,0
254,Supplier,SKU_D,0,0,0,0
254,Supplier,SKU_E,0,0,0,0
254,W1,SKU_A,306,0,0,1099
254,W1,SKU_B,840,0,0,544
254,W1,SKU_C,1208,0,0,649
254,W1,SKU_D,911,0,0,535
254,W1,SKU_E,0,0,412,0
254,W2,SKU_A,0,0,1163,0
254,W2,SKU_B,104,0,0,285
254,W2,SKU_C,1175,0,0,590
254,W2,SKU_D,469,0,0,0
254,W2,SKU_E,288,0,0,504
254,R1,SKU_A,563,0,0,278
254,R1,SKU_B,123,0,0,101
254,R1,SKU_C,678,0,0,186
254,R1,SKU_D,156,0,0,120
254,R1,SKU_E,544,0,0,0
254,R2,SKU_A,1059,0,0,268
254,R2,SKU_B,318,0,0,146
254,R2,SKU_C,270,0,0,127
254,R2,SKU_D,169,0,0,137
254,R2,SKU_E,1165,0,0,71
254,R3,SKU_A,7406,0,0,0
254,R3,SKU_B,749,0,0,197
254,R3,SKU_C,627,0,0,384
254,R3,SKU_D,2333,0,0,769
254,R3,SKU_E,668,0,0,350
255,Supplier,SKU_A,0,0,0,0
255,Supplier,SKU_B,0,0,0,0
255,Supplier,SKU_C,0,0,0,0
255,Supplier,SKU_D,0,0,0,0
255,Supplier,SKU_E,0,0,0,0
255,W1,SKU_A,337,0,0,1068
255,W1,SKU_B,895,0,0,489
255,W1,SKU_C,1255,0,0,602
255,W1,SKU_D,924,0,0,522
255,W1,SKU_E,0,0,524,0
255,W2,SKU_A,0,0,1163,0
255,W2,SKU_B,113,0,0,276
255,W2,SKU_C,1195,0,0,570
255,W2,SKU_D,469,0,0,0
255,W2,SKU_E,282,0,0,510
255,R1,SKU_A,639,0,0,222
255,R1,SKU_B,138,0,0,81
255,R1,SKU_C,717,0,0,118
255,R1,SKU_D,180,0,0,96
255,R1,SKU_E,519,0,0,0
255,R2,SKU_A,1064,0,0,254
255,R2,SKU_B,355,0,0,110
255,R2,SKU_C,298,0,0,96
255,R2,SKU_D,162,0,0,143
255,R2,SKU_E,1193,0,0,0
255,R3,SKU_A,7241,0,0,0
255,R3,SKU_B,767,0,0,188
255,R3,SKU_C,653,0,0,357
255,R3,SKU_D,2681,0,0,369
255,R3,SKU_E,714,0,0,331
256,Supplier,SKU_A,0,0,0,0
256,Supplier,SKU_B,0,0,0,0
256,Supplier,SKU_C,0,0,0,0
256,Supplier,SKU_D,0,0,0,0
256,Supplier,SKU_E,0,0,0,0
256,W1,SKU_A,352,0,0,1053
256,W1,SKU_B,925,0,0,459
256,W1,SKU_C,1291,0,0,566
256,W1,SKU_D,944,0,0,502
256,W1,SKU_E,0,0,661,0
256,W2,SKU_A,0,0,1163,0
256,W2,SKU_B,129,0,0,260
256,W2,SKU_C,1256,0,0,509
256,W2,SKU_D,469,0,0,0
256,W2,SKU_E,325,0,0,467
256,R1,SKU_A,619,0,0,204
256,R1,SKU_B,138,0,0,83
256,R1,SKU_C,733,0,0,123
256,R1,SKU_D,186,0,0,90
256,R1,SKU_E,492,0,0,0
256,R2,SKU_A,1079,0,0,237
256,R2,SKU_B,373,0,0,84
256,R2,SKU_C,301,0,0,80
256,R2,SKU_D,174,0,0,130
256,R2,SKU_E,1162,0,0,0
256,R3,SKU_A,7094,0,0,0
256,R3,SKU_B,782,0,0,163
256,R3,SKU_C,671,0,0,308
256,R3,SKU_D,2965,0,0,13
256,R3,SKU_E,744,0,0,283
257,Supplier,SKU_A,0,0,0,0
257,Supplier,SKU_B,0,0,0,0
257,Supplier,SKU_C,0,0,0,0
257,Supplier,SKU_D,0,0,0,0
257,Supplier,SKU_E,0,0,0,0
257,W1,SKU_A,373,0,0,1032
257,W1,SKU_B,992,0,0,392
257,W1,SKU_C,1338,0,0,519
257,W1,SKU_D,961,0,0,485
257,W1,SKU_E,0,0,825,167
257,W2,SKU_A,0,0,1163,0
257,W2,SKU_B,137,0,0,252
257,W2,SKU_C,1251,0,0,514
257,W2,SKU_D,469,0,0,0
257,W2,SKU_E,353,0,0,439
257,R1,SKU_A,600,0,0,222
257,R1,SKU_B,131,0,0,86
257,R1,SKU_C,708,0,0,131
257,R1,SKU_D,171,0,0,90
257,R1,SKU_E,452,0,0,0
257,R2,SKU_A,1090,0,0,239
257,R2,SKU_B,367,0,0,81
257,R2,SKU_C,305,0,0,79
257,R2,SKU_D,181,0,0,129
257,R2,SKU_E,1120,0,0,0
257,R3,SKU_A,6922,0,0,0
257,R3,SKU_B,785,0,0,158
257,R3,SKU_C,678,0,0,305
257,R3,SKU_D,2884,0,0,0
257,R3,SKU_E,769,0,0,263
258,Supplier,SKU_A,0,0,0,0
258,Supplier,SKU_B,0,0,0,0
258,Supplier,SKU_C,0,0,0,0
258,Supplier,SKU_D,0,0,0,0
258,Supplier,SKU_E,0,0,0,0
258,W1,SKU_A,438,0,0,967
258,W1,SKU_B,1014,0,0,370
258,W1,SKU_C,1387,0,0,470
258,W1,SKU_D,988,0,0,458
258,W1,SKU_E,0,0,1029,413
258,W2,SKU_A,0,0,1163,0
258,W2,SKU_B,150,0,0,239
258,W2,SKU_C,1273,0,0,492
258,W2,SKU_D,469,0,0,0
258,W2,SKU_E,388,0,0,404
258,R1,SKU_A,531,0,0,261
258,R1,SKU_B,128,0,0,88
258,R1,SKU_C,682,0,0,127
258,R1,SKU_D,142,0,0,105
258,R1,SKU_E,414,0,0,0
258,R2,SKU_A,1070,0,0,237
258,R2,SKU_B,340,0,0,97
258,R2,SKU_C,281,0,0,92
258,R2,SKU_D,169,0,0,125
258,R2,SKU_E,1056,0,0,0
258,R3,SKU_A,6754,0,0,0
258,R3,SKU_B,787,0,0,139
258,R3,SKU_C,648,0,0,309
258,R3,SKU_D,2803,0,0,0
258,R3,SKU_E,784,0,0,238
259,Supplier,SKU_A,0,0,0,0
259,Supplier,SKU_B,0,0,0,0
259,Supplier,SKU_C,0,0,0,0
259,Supplier,SKU_D,0,0,0,0
259,Supplier,SKU_E,0,0,0,0
259,W1,SKU_A,376,0,0,1029
259,W1,SKU_B,992,0,0,392
259,W1,SKU_C,1349,0,0,508
259,W1,SKU_D,956,0,0,490
259,W1,SKU_E,0,0,1271,719
259,W2,SKU_A,0,0,1163,0
259,W2,SKU_B,136,0,0,253
259,W2,SKU_C,1254,0,0,511
259,W2,SKU_D,469,0,0,0
259,W2,SKU_E,403,0,0,389
259,R1,SKU_A,499,0,0,292
259,R1,SKU_B,114,0,0,93
259,R1,SKU_C,618,0,0,174
259,R1,SKU_D,117,0,0,134
259,R1,SKU_E,379,0,0,0
259,R2,SKU_A,1058,0,0,248
259,R2,SKU_B,326,0,0,125
259,R2,SKU_C,258,0,0,113
259,R2,SKU_D,162,0,0,136
259,R2,SKU_E,1018,0,0,0
259,R3,SKU_A,6598,0,0,0
259,R3,SKU_B,787,0,0,159
259,R3,SKU_C,606,0,0,363
259,R3,SKU_D,2718,0,0,0
259,R3,SKU_E,790,0,0,234
260,Supplier,SKU_A,0,0,0,0
260,Supplier,SKU_B,0,0,0,0
260,Supplier,SKU_C,0,0,0,0
260,Supplier,SKU_D,0,0,0,0
260,Supplier,SKU_E,0,0,0,0
260,W1,SKU_A,305,0,0,1100
260,W1,SKU_B,962,0,0,422
260,W1,SKU_C,1251,0,0,606
260,W1,SKU_D,923,0,0,523
260,W1,SKU_E,0,0,1548,1034
260,W2,SKU_A,0,0,1163,0
260,W2,SKU_B,158,0,0,231
260,W2,SKU_C,1236,0,0,529
260,W2,SKU_D,469,0,0,0
260,W2,SKU_E,420,0,0,372
260,R1,SKU_A,499,0,0,323
260,R1,SKU_B,135,0,0,103
260,R1,SKU_C,623,0,0,221
260,R1,SKU_D,119,0,0,144
260,R1,SKU_E,349,0,0,0
260,R2,SKU_A,1050,0,0,258
260,R2,SKU_B,317,0,0,131
260,R2,SKU_C,261,0,0,123
260,R2,SKU_D,165,0,0,142
260,R2,SKU_E,983,0,0,0
260,R3,SKU_A,6475,0,0,0
260,R3,SKU_B,778,0,0,168
260,R3,SKU_C,618,0,0,404
260,R3,SKU_D,2644,0,0,0
260,R3,SKU_E,769,0,0,255
261,Supplier,SKU_A,0,0,0,0
261,Supplier,SKU_B,0,0,0,0
261,Supplier,SKU_C,0,0,0,0
261,Supplier,SKU_D,0,0,0,0
261,Supplier,SKU_E,0,0,0,0
261,W1,SKU_A,256,0,0,1149
261,W1,SKU_B,964,0,0,420
261,W1,SKU_C,1250,0,0,607
261,W1,SKU_D,912,0,0,534
261,W1,SKU_E,0,0,1855,1376
261,W2,SKU_A,0,0,1163,0
261,W2,SKU_B,158,0,0,231
261,W2,SKU_C,1247,0,0,518
261,W2,SKU_D,469,0,0,0
261,W2,SKU_E,426,0,0,366
261,R1,SKU_A,552,0,0,293
261,R1,SKU_B,156,0,0,81
261,R1,SKU_C,671,0,0,186
261,R1,SKU_D,136,0,0,128
261,R1,SKU_E,319,0,0,0
261,R2,SKU_A,1058,0,0,279
261,R2,SKU_B,319,0,0,131
261,R2,SKU_C,266,0,0,123
261,R2,SKU_D,169,0,0,145
261,R2,SKU_E,937,0,0,0
261,R3,SKU_A,6341,0,0,0
261,R3,SKU_B,773,0,0,167
261,R3,SKU_C,627,0,0,361
261,R3,SKU_D,2583,0,0,0
261,R3,SKU_E,772,0,0,258
262,Supplier,SKU_A,0,0,0,0
262,Supplier,SKU_B,0,0,0,0
262,Supplier,SKU_C,0,0,0,0
262,Supplier,SKU_D,0,0,0,0
262,Supplier,SKU_E,0,0,0,0
262,W1,SKU_A,299,0,0,1106
262,W1,SKU_B,973,0,0,411
262,W1,SKU_C,1259,0,0,598
262,W1,SKU_D,910,0,0,536
262,W1,SKU_E,0,0,2025,1592
262,W2,SKU_A,0,0,1163,0
262,W2,SKU_B,143,0,0,246
262,W2,SKU_C,1225,0,0,540
262,W2,SKU_D,469,0,0,0
262,W2,SKU_E,411,0,0,381
262,R1,SKU_A,590,0,0,239
262,R1,SKU_B,179,0,0,51
262,R1,SKU_C,729,0,0,121
262,R1,SKU_D,164,0,0,115
262,R1,SKU_E,292,0,0,167
262,R2,SKU_A,1100,0,0,249
262,R2,SKU_B,333,0,0,118
262,R2,SKU_C,295,0,0,107
262,R2,SKU_D,190,0,0,125
262,R2,SKU_E,898,0,0,0
262,R3,SKU_A,6210,0,0,0
262,R3,SKU_B,767,0,0,170
262,R3,SKU_C,642,0,0,356
262,R3,SKU_D,2513,0,0,0
262,R3,SKU_E,771,0,0,260
263,Supplier,SKU_A,0,0,0,0
263,Supplier,SKU_B,0,0,0,0
263,Supplier,SKU_C,0,0,0,0
263,Supplier,SKU_D,0,0,0,0
263,Supplier,SKU_E,0,0,0,0
263,W1,SKU_A,326,0,0,1079
263,W1,SKU_B,989,0,0,395
263,W1,SKU_C,1288,0,0,569
263,W1,SKU_D,933,0,0,513
263,W1,SKU_E,0,0,1976,1582
263,W2,SKU_A,0,0,1163,0
263,W2,SKU_B,135,0,0,254
263,W2,SKU_C,1244,0,0,521
263,W2,SKU_D,469,0,0,0
263,W2,SKU_E,415,0,0,377
263,R1,SKU_A,609,0,0,232
263,R1,SKU_B,163,0,0,59
263,R1,SKU_C,736,0,0,115
263,R1,SKU_D,185,0,0,99
263,R1,SKU_E,250,0,0,413
263,R2,SKU_A,1140,0,0,206
263,R2,SKU_B,329,0,0,118
263,R2,SKU_C,315,0,0,76
263,R2,SKU_D,205,0,0,108
263,R2,SKU_E,854,0,0,0
263,R3,SKU_A,6073,0,0,0
263,R3,SKU_B,797,0,0,159
263,R3,SKU_C,700,0,0,315
263,R3,SKU_D,2413,0,0,0
263,R3,SKU_E,768,0,0,251
264,Supplier,SKU_A,0,0,0,0
264,Supplier,SKU_B,0,0,0,0
264,Supplier,SKU_C,0,0,0,0
264,Supplier,SKU_D,0,0,0,0
264,Supplier,SKU_E,0,0,0,0
264,W1,SKU_A,414,0,0,991
264,W1,SKU_B,1005,0,0,379
264,W1,SKU_C,1348,0,0,509
264,W1,SKU_D,989,0,0,457
264,W1,SKU_E,0,0,1670,1313
264,W2,SKU_A,0,0,1163,0
264,W2,SKU_B,148,0,0,241
264,W2,SKU_C,1276,0,0,489
264,W2,SKU_D,469,0,0,0
264,W2,SKU_E,402,0,0,390
264,R1,SKU_A,571,0,0,236
264,R1,SKU_B,143,0,0,74
264,R1,SKU_C,708,0,0,121
264,R1,SKU_D,184,0,0,79
264,R1,SKU_E,368,0,0,552
264,R2,SKU_A,1140,0,0,168
264,R2,SKU_B,330,0,0,119
264,R2,SKU_C,322,0,0,69
264,R2,SKU_D,198,0,0,102
264,R2,SKU_E,821,0,0,0
264,R3,SKU_A,5932,0,0,0
264,R3,SKU_B,787,0,0,149
264,R3,SKU_C,684,0,0,269
264,R3,SKU_D,2322,0,0,0
264,R3,SKU_E,750,0,0,256
265,Supplier,SKU_A,0,0,0,0
265,Supplier,SKU_B,0,0,0,0
265,Supplier,SKU_C,0,0,0,0
265,Supplier,SKU_D,0,0,0,0
265,Supplier,SKU_E,0,0,0,0
265,W1,SKU_A,432,0,0,973
265,W1,SKU_B,1013,0,0,371
265,W1,SKU_C,1405,0,0,452
265,W1,SKU_D,1003,0,0,443
265,W1,SKU_E,0,0,1355,998
265,W2,SKU_A,0,0,1163,0
265,W2,SKU_B,158,0,0,231
265,W2,SKU_C,1272,0,0,493
265,W2,SKU_D,469,0,0,0
265,W2,SKU_E,386,0,0,406
265,R1,SKU_A,567,0,0,258
265,R1,SKU_B,125,0,0,87
265,R1,SKU_C,664,0,0,142
265,R1,SKU_D,151,0,0,95
265,R1,SKU_E,566,0,0,621
265,R2,SKU_A,1094,0,0,197
265,R2,SKU_B,321,0,0,120
265,R2,SKU_C,319,0,0,67
265,R2,SKU_D,171,0,0,116
265,R2,SKU_E,776,0,0,0
265,R3,SKU_A,5716,0,0,0
265,R3,SKU_B,775,0,0,159
265,R3,SKU_C,632,0,0,338
265,R3,SKU_D,2196,0,0,0
265,R3,SKU_E,720,0,0,274
266,Supplier,SKU_A,0,0,0,0
266,Supplier,SKU_B,0,0,0,0
266,Supplier,SKU_C,0,0,0,0
266,Supplier,SKU_D,0,0,0,0
266,Supplier,SKU_E,0,0,0,0
266,W1,SKU_A,418,0,0,987
266,W1,SKU_B,980,0,0,404
266,W1,SKU_C,1369,0,0,488
266,W1,SKU_D,966,0,0,480
266,W1,SKU_E,0,0,1013,656
266,W2,SKU_A,0,0,1163,0
266,W2,SKU_B,146,0,0,243
266,W2,SKU_C,1273,0,0,492
266,W2,SKU_D,469,0,0,0
266,W2,SKU_E,356,0,0,436
266,R1,SKU_A,542,0,0,274
266,R1,SKU_B,108,0,0,97
266,R1,SKU_C,630,0,0,187
266,R1,SKU_D,112,0,0,133
266,R1,SKU_E,833,0,0,657
266,R2,SKU_A,1059,0,0,255
266,R2,SKU_B,305,0,0,130
266,R2,SKU_C,286,0,0,83
266,R2,SKU_D,165,0,0,144
266,R2,SKU_E,734,0,0,0
266,R3,SKU_A,5518,0,0,0
266,R3,SKU_B,769,0,0,165
266,R3,SKU_C,596,0,0,356
266,R3,SKU_D,2082,0,0,0
266,R3,SKU_E,714,0,0,310
267,Supplier,SKU_A,0,0,0,0
267,Supplier,SKU_B,0,0,0,0
267,Supplier,SKU_C,0,0,0,0
267,Supplier,SKU_D,0,0,0,0
267,Supplier,SKU_E,0,0,0,0
267,W1,SKU_A,366,0,0,1039
267,W1,SKU_B,933,0,0,451
267,W1,SKU_C,1309,0,0,548
267,W1,SKU_D,942,0,0,504
267,W1,SKU_E,0,0,630,273
267,W2,SKU_A,0,0,1163,0
267,W2,SKU_B,134,0,0,255
267,W2,SKU_C,1203,0,0,562
267,W2,SKU_D,469,0,0,0
267,W2,SKU_E,356,0,0,436
267,R1,SKU_A,537,0,0,265
267,R1,SKU_B,94,0,0,109
267,R1,SKU_C,621,0,0,199
267,R1,SKU_D,119,0,0,151
267,R1,SKU_E,1117,0,0,725
267,R2,SKU_A,1038,0,0,287
267,R2,SKU_B,311,0,0,142
267,R2,SKU_C,282,0,0,105
267,R2,SKU_D,163,0,0,148
267,R2,SKU_E,694,0,0,0
267,R3,SKU_A,5376,0,0,0
267,R3,SKU_B,783,0,0,168
267,R3,SKU_C,589,0,0,402
267,R3,SKU_D,2009,0,0,0
267,R3,SKU_E,721,0,0,317
268,Supplier,SKU_A,0,0,0,0
268,Supplier,SKU_B,0,0,0,0
268,Supplier,SKU_C,0,0,0,0
268,Supplier,SKU_D,0,0,0,0
268,Supplier,SKU_E,0,0,0,0
268,W1,SKU_A,315,0,0,1090
268,W1,SKU_B,908,0,0,476
268,W1,SKU_C,1264,0,0,593
268,W1,SKU_D,929,0,0,517
268,W1,SKU_E,0,0,394,37
268,W2,SKU_A,0,0,1163,0
268,W2,SKU_B,145,0,0,244
268,W2,SKU_C,1206,0,0,559
268,W2,SKU_D,469,0,0,0
268,W2,SKU_E,364,0,0,428
268,R1,SKU_A,556,0,0,288
268,R1,SKU_B,107,0,0,118
268,R1,SKU_C,672,0,0,185
268,R1,SKU_D,146,0,0,127
268,R1,SKU_E,1429,0,0,619
268,R2,SKU_A,1056,0,0,270
268,R2,SKU_B,314,0,0,138
268,R2,SKU_C,287,0,0,109
268,R2,SKU_D,164,0,0,137
268,R2,SKU_E,661,0,0,0
268,R3,SKU_A,5248,0,0,0
268,R3,SKU_B,777,0,0,173
268,R3,SKU_C,574,0,0,426
268,R3,SKU_D,1940,0,0,0
268,R3,SKU_E,733,0,0,298
269,Supplier,SKU_A,0,0,0,0
269,Supplier,SKU_B,0,0,0,0
269,Supplier,SKU_C,0,0,0,0
269,Supplier,SKU_D,0,0,0,0
269,Supplier,SKU_E,0,0,0,0
269,W1,SKU_A,298,0,0,1107
269,W1,SKU_B,916,0,0,468
269,W1,SKU_C,1275,0,0,582
269,W1,SKU_D,906,0,0,540
269,W1,SKU_E,0,0,357,0
269,W2,SKU_A,0,0,1163,0
269,W2,SKU_B,158,0,0,231
269,W2,SKU_C,1208,0,0,557
269,W2,SKU_D,469,0,0,0
269,W2,SKU_E,364,0,0,428
269,R1,SKU_A,587,0,0,260
269,R1,SKU_B,140,0,0,98
269,R1,SKU_C,711,0,0,145
269,R1,SKU_D,183,0,0,99
269,R1,SKU_E,1778,0,0,273
269,R2,SKU_A,1092,0,0,235
269,R2,SKU_B,327,0,0,127
269,R2,SKU_C,294,0,0,99
269,R2,SKU_D,189,0,0,123
269,R2,SKU_E,626,0,0,0
269,R3,SKU_A,5103,0,0,0
269,R3,SKU_B,790,0,0,159
269,R3,SKU_C,620,0,0,379
269,R3,SKU_D,1862,0,0,0
269,R3,SKU_E,769,0,0,273
270,Supplier,SKU_A,0,0,0,0
270,Supplier,SKU_B,0,0,0,0
270,Supplier,SKU_C,0,0,0,0
270,Supplier,SKU_D,0,0,0,0
270,Supplier,SKU_E,0,0,0,0
270,W1,SKU_A,357,0,0,1048
270,W1,SKU_B,942,0,0,442
270,W1,SKU_C,1304,0,0,553
270,W1,SKU_D,937,0,0,509
270,W1,SKU_E,0,0,357,0
270,W2,SKU_A,0,0,1163,0
270,W2,SKU_B,151,0,0,238
270,W2,SKU_C,1192,0,0,573
270,W2,SKU_D,469,0,0,0
270,W2,SKU_E,387,0,0,405
270,R1,SKU_A,628,0,0,215
270,R1,SKU_B,170,0,0,63
270,R1,SKU_C,736,0,0,109
270,R1,SKU_D,198,0,0,87
270,R1,SKU_E,1994,0,0,37
270,R2,SKU_A,1119,0,0,222
270,R2,SKU_B,357,0,0,108
270,R2,SKU_C,316,0,0,75
270,R2,SKU_D,187,0,0,120
270,R2,SKU_E,596,0,0,0
270,R3,SKU_A,4948,0,0,0
270,R3,SKU_B,792,0,0,144
270,R3,SKU_C,665,0,0,350
270,R3,SKU_D,1812,0,0,0
270,R3,SKU_E,802,0,0,225
271,Supplier,SKU_A,0,0,0,0
271,Supplier,SKU_B,0,0,0,0
271,Supplier,SKU_C,0,0,0,0
271,Supplier,SKU_D,0,0,0,0
271,Supplier,SKU_E,0,0,0,0
271,W1,SKU_A,425,0,0,980
271,W1,SKU_B,987,0,0,397
271,W1,SKU_C,1348,0,0,509
271,W1,SKU_D,996,0,0,450
271,W1,SKU_E,0,0,357,0
271,W2,SKU_A,0,0,1163,0
271,W2,SKU_B,151,0,0,238
271,W2,SKU_C,1254,0,0,511
271,W2,SKU_D,469,0,0,0
271,W2,SKU_E,408,0,0,384
271,R1,SKU_A,613,0,0,216
271,R1,SKU_B,159,0,0,55
271,R1,SKU_C,702,0,0,121
271,R1,SKU_D,197,0,0,75
271,R1,SKU_E,2002,0,0,0
271,R2,SKU_A,1131,0,0,206
271,R2,SKU_B,354,0,0,96
271,R2,SKU_C,313,0,0,71
271,R2,SKU_D,182,0,0,124
271,R2,SKU_E,556,0,0,0
271,R3,SKU_A,4780,0,0,0
271,R3,SKU_B,798,0,0,142
271,R3,SKU_C,713,0,0,287
271,R3,SKU_D,1737,0,0,0
271,R3,SKU_E,808,0,0,222
272,Supplier,SKU_A,0,0,0,0
272,Supplier,SKU_B,0,0,0,0
272,Supplier,SKU_C,0,0,0,0
272,Supplier,SKU_D,0,0,0,0
272,Supplier,SKU_E,0,0,0,0
272,W1,SKU_A,461,0,0,944
272,W1,SKU_B,1011,0,0,373
272,W1,SKU_C,1369,0,0,488
272,W1,SKU_D,1020,0,0,426
272,W1,SKU_E,0,0,392,0
272,W2,SKU_A,0,0,1163,0
272,W2,SKU_B,157,0,0,232
272,W2,SKU_C,1284,0,0,481
272,W2,SKU_D,449,0,0,20
272,W2,SKU_E,444,0,0,348
272,R1,SKU_A,553,0,0,234
272,R1,SKU_B,118,0,0,79
272,R1,SKU_C,653,0,0,154
272,R1,SKU_D,172,0,0,85
272,R1,SKU_E,1962,0,0,0
272,R2,SKU_A,1119,0,0,195
272,R2,SKU_B,334,0,0,98
272,R2,SKU_C,295,0,0,83
272,R2,SKU_D,178,0,0,119
272,R2,SKU_E,512,0,0,0
272,R3,SKU_A,4573,0,0,0
272,R3,SKU_B,759,0,0,153
272,R3,SKU_C,667,0,0,278
272,R3,SKU_D,1649,0,0,20
272,R3,SKU_E,795,0,0,230
273,Supplier,SKU_A,0,0,0,0
273,Supplier,SKU_B,0,0,0,0
273,Supplier,SKU_C,0,0,0,0
273,Supplier,SKU_D,0,0,0,0
273,Supplier,SKU_E,0,0,0,0
273,W1,SKU_A,435,0,0,970
273,W1,SKU_B,984,0,0,400
273,W1,SKU_C,1347,0,0,510
273,W1,SKU_D,993,0,0,453
273,W1,SKU_E,0,0,471,0
273,W2,SKU_A,0,0,1163,0
273,W2,SKU_B,135,0,0,254
273,W2,SKU_C,1277,0,0,488
273,W2,SKU_D,361,0,0,108
273,W2,SKU_E,445,0,0,347
273,R1,SKU_A,499,0,0,290
273,R1,SKU_B,87,0,0,115
273,R1,SKU_C,622,0,0,192
273,R1,SKU_D,129,0,0,113
273,R1,SKU_E,1915,0,0,0
273,R2,SKU_A,1087,0,0,208
273,R2,SKU_B,322,0,0,120
273,R2,SKU_C,272,0,0,98
273,R2,SKU_D,167,0,0,134
273,R2,SKU_E,477,0,0,0
273,R3,SKU_A,4374,0,0,0
273,R3,SKU_B,751,0,0,191
273,R3,SKU_C,652,0,0,333
273,R3,SKU_D,1567,0,0,108
273,R3,SKU_E,779,0,0,236
274,Supplier,SKU_A,0,0,0,0
274,Supplier,SKU_B,0,0,0,0
274,Supplier,SKU_C,0,0,0,0
274,Supplier,SKU_D,0,0,0,0
274,Supplier,SKU_E,0,0,0,0
274,W1,SKU_A,349,0,0,1056
274,W1,SKU_B,951,0,0,433
274,W1,SKU_C,1278,0,0,579
274,W1,SKU_D,962,0,0,484
274,W1,SKU_E,0,0,585,0
274,W2,SKU_A,0,0,1163,0
274,W2,SKU_B,126,0,0,263
274,W2,SKU_C,1271,0,0,494
274,W2,SKU_D,279,0,0,190
274,W2,SKU_E,422,0,0,370
274,R1,SKU_A,503,0,0,330
274,R1,SKU_B,106,0,0,127
274,R1,SKU_C,651,0,0,201
274,R1,SKU_D,134,0,0,143
274,R1,SKU_E,1890,0,0,0
274,R2,SKU_A,1065,0,0,254
274,R2,SKU_B,320,0,0,143
274,R2,SKU_C,261,0,0,119
274,R2,SKU_D,170,0,0,140
274,R2,SKU_E,450,0,0,0
274,R3,SKU_A,4263,0,0,0
274,R3,SKU_B,745,0,0,198
274,R3,SKU_C,664,0,0,347
274,R3,SKU_D,1507,0,0,190
274,R3,SKU_E,768,0,0,263
275,Supplier,SKU_A,0,0,0,0
275,Supplier,SKU_B,0,0,0,0
275,Supplier,SKU_C,0,0,0,0
275,Supplier,SKU_D,0,0,0,0
275,Supplier,SKU_E,0,0,0,0
275,W1,SKU_A,327,0,0,1078
275,W1,SKU_B,955,0,0,429
275,W1,SKU_C,1261,0,0,596
275,W1,SKU_D,955,0,0,491
275,W1,SKU_E,0,0,726,0
275,W2,SKU_A,0,0,1163,0
275,W2,SKU_B,119,0,0,270
275,W2,SKU_C,1282,0,0,483
275,W2,SKU_D,219,0,0,250
275,W2,SKU_E,422,0,0,370
275,R1,SKU_A,559,0,0,284
275,R1,SKU_B,135,0,0,91
275,R1,SKU_C,690,0,0,156
275,R1,SKU_D,160,0,0,123
275,R1,SKU_E,1858,0,0,0
275,R2,SKU_A,1051,0,0,272
275,R2,SKU_B,332,0,0,130
275,R2,SKU_C,269,0,0,123
275,R2,SKU_D,181,0,0,136
275,R2,SKU_E,424,0,0,0
275,R3,SKU_A,4176,0,0,0
275,R3,SKU_B,766,0,0,191
275,R3,SKU_C,673,0,0,351
275,R3,SKU_D,1447,0,0,250
275,R3,SKU_E,789,0,0,259
276,Supplier,SKU_A,0,0,0,0
276,Supplier,SKU_B,0,0,0,0
276,Supplier,SKU_C,0,0,0,0
276,Supplier,SKU_D,0,0,0,0
276,Supplier,SKU_E,0,0,0,0
276,W1,SKU_A,309,0,0,1096
276,W1,SKU_B,945,0,0,439
276,W1,SKU_C,1263,0,0,594
276,W1,SKU_D,963,0,0,483
276,W1,SKU_E,0,0,893,0
276,W2,SKU_A,0,0,1163,0
276,W2,SKU_B,127,0,0,262
276,W2,SKU_C,1307,0,0,458
276,W2,SKU_D,159,0,0,310
276,W2,SKU_E,428,0,0,364
276,R1,SKU_A,632,0,0,230
276,R1,SKU_B,151,0,0,67
276,R1,SKU_C,746,0,0,124
276,R1,SKU_D,197,0,0,82
276,R1,SKU_E,1828,0,0,0
276,R2,SKU_A,1065,0,0,263
276,R2,SKU_B,352,0,0,100
276,R2,SKU_C,282,0,0,109
276,R2,SKU_D,198,0,0,116
276,R2,SKU_E,388,0,0,0
276,R3,SKU_A,4039,0,0,0
276,R3,SKU_B,770,0,0,174
276,R3,SKU_C,702,0,0,327
276,R3,SKU_D,1406,0,0,290
276,R3,SKU_E,809,0,0,241
277,Supplier,SKU_A,0,0,0,0
277,Supplier,SKU_B,0,0,0,0
277,Supplier,SKU_C,0,0,0,0
277,Supplier,SKU_D,0,0,0,0
277,Supplier,SKU_E,0,0,0,0
277,W1,SKU_A,333,0,0,1072
277,W1,SKU_B,951,0,0,433
277,W1,SKU_C,1317,0,0,540
277,W1,SKU_D,978,0,0,468
277,W1,SKU_E,0,0,1096,0
277,W2,SKU_A,0,0,1163,0
277,W2,SKU_B,135,0,0,254
277,W2,SKU_C,1321,0,0,444
277,W2,SKU_D,98,0,0,371
277,W2,SKU_E,451,0,0,341
277,R1,SKU_A,661,0,0,201
277,R1,SKU_B,145,0,0,82
277,R1,SKU_C,755,0,0,106
277,R1,SKU_D,201,0,0,80
277,R1,SKU_E,1793,0,0,0
277,R2,SKU_A,1102,0,0,230
277,R2,SKU_B,371,0,0,90
277,R2,SKU_C,300,0,0,88
277,R2,SKU_D,189,0,0,103
277,R2,SKU_E,356,0,0,0
277,R3,SKU_A,3897,0,0,0
277,R3,SKU_B,798,0,0,142
277,R3,SKU_C,759,0,0,243
277,R3,SKU_D,1423,0,0,263
277,R3,SKU_E,830,0,0,216
278,Supplier,SKU_A,0,0,0,0
278,Supplier,SKU_B,0,0,0,0
278,Supplier,SKU_C,0,0,0,0
278,Supplier,SKU_D,0,0,0,0
278,Supplier,SKU_E,0,0,0,0
278,W1,SKU_A,426,0,0,979
278,W1,SKU_B,1010,0,0,374
278,W1,SKU_C,1381,0,0,476
278,W1,SKU_D,997,0,0,449
278,W1,SKU_E,0,0,1331,107
278,W2,SKU_A,0,0,1163,0
278,W2,SKU_B,135,0,0,254
278,W2,SKU_C,1323,0,0,442
278,W2,SKU_D,47,0,0,422
278,W2,SKU_E,467,0,0,325
278,R1,SKU_A,670,0,0,182
278,R1,SKU_B,119,0,0,81
278,R1,SKU_C,732,0,0,91
278,R1,SKU_D,185,0,0,82
278,R1,SKU_E,1759,0,0,0
278,R2,SKU_A,1096,0,0,217
278,R2,SKU_B,332,0,0,92
278,R2,SKU_C,301,0,0,80
278,R2,SKU_D,182,0,0,121
278,R2,SKU_E,310,0,0,0
278,R3,SKU_A,3747,0,0,0
278,R3,SKU_B,772,0,0,144
278,R3,SKU_C,754,0,0,226
278,R3,SKU_D,1430,0,0,252
278,R3,SKU_E,856,0,0,185
279,Supplier,SKU_A,0,0,0,0
279,Supplier,SKU_B,0,0,0,0
279,Supplier,SKU_C,0,0,0,0
279,Supplier,SKU_D,0,0,0,0
279,Supplier,SKU_E,0,0,0,0
279,W1,SKU_A,507,0,0,898
279,W1,SKU_B,990,0,0,394
279,W1,SKU_C,1401,0,0,456
279,W1,SKU_D,1024,0,0,422
279,W1,SKU_E,0,0,1612,422
279,W2,SKU_A,0,0,1163,0
279,W2,SKU_B,139,0,0,250
279,W2,SKU_C,1358,0,0,407
279,W2,SKU_D,60,0,0,409
279,W2,SKU_E,483,0,0,309
279,R1,SKU_A,607,0,0,192
279,R1,SKU_B,90,0,0,99
279,R1,SKU_C,662,0,0,138
279,R1,SKU_D,143,0,0,94
279,R1,SKU_E,1702,0,0,0
279,R2,SKU_A,1067,0,0,227
279,R2,SKU_B,306,0,0,130
279,R2,SKU_C,276,0,0,91
279,R2,SKU_D,159,0,0,135
279,R2,SKU_E,262,0,0,0
279,R3,SKU_A,3568,0,0,0
279,R3,SKU_B,739,0,0,171
279,R3,SKU_C,676,0,0,257
279,R3,SKU_D,1350,0,0,267
279,R3,SKU_E,836,0,0,175
280,Supplier,SKU_A,0,0,0,0
280,Supplier,SKU_B,0,0,0,0
280,Supplier,SKU_C,0,0,0,0
280,Supplier,SKU_D,0,0,0,0
280,Supplier,SKU_E,0,0,0,0
280,W1,SKU_A,448,0,0,957
280,W1,SKU_B,919,0,0,465
280,W1,SKU_C,1336,0,0,521
280,W1,SKU_D,968,0,0,478
280,W1,SKU_E,0,0,1941,808
280,W2,SKU_A,0,0,1163,0
280,W2,SKU_B,107,0,0,282
280,W2,SKU_C,1306,0,0,459
280,W2,SKU_D,2,0,0,467
280,W2,SKU_E,479,0,0,313
280,R1,SKU_A,552,0,0,255
280,R1,SKU_B,63,0,0,137
280,R1,SKU_C,592,0,0,199
280,R1,SKU_D,99,0,0,138
280,R1,SKU_E,1646,0,0,0
280,R2,SKU_A,1043,0,0,261
280,R2,SKU_B,278,0,0,146
280,R2,SKU_C,259,0,0,115
280,R2,SKU_D,149,0,0,155
280,R2,SKU_E,216,0,0,0
280,R3,SKU_A,3373,0,0,0
280,R3,SKU_B,709,0,0,218
280,R3,SKU_C,596,0,0,348
280,R3,SKU_D,1288,0,0,347
280,R3,SKU_E,799,0,0,212
281,Supplier,SKU_A,0,0,0,0
281,Supplier,SKU_B,0,0,0,0
281,Supplier,SKU_C,0,0,0,0
281,Supplier,SKU_D,0,0,0,0
281,Supplier,SKU_E,0,0,0,0
281,W1,SKU_A,393,0,0,1012
281,W1,SKU_B,855,0,0,529
281,W1,SKU_C,1263,0,0,594
281,W1,SKU_D,909,0,0,537
281,W1,SKU_E,0,0,2316,1239
281,W2,SKU_A,0,0,1163,0
281,W2,SKU_B,91,0,0,298
281,W2,SKU_C,1239,0,0,526
281,W2,SKU_D,0,0,60,529
281,W2,SKU_E,459,0,0,333
281,R1,SKU_A,543,0,0,300
281,R1,SKU_B,75,0,0,137
281,R1,SKU_C,621,0,0,231
281,R1,SKU_D,105,0,0,168
281,R1,SKU_E,1612,0,0,0
281,R2,SKU_A,1026,0,0,289
281,R2,SKU_B,254,0,0,183
281,R2,SKU_C,255,0,0,129
281,R2,SKU_D,157,0,0,143
281,R2,SKU_E,173,0,0,0
281,R3,SKU_A,3192,0,0,0
281,R3,SKU_B,708,0,0,235
281,R3,SKU_C,540,0,0,433
281,R3,SKU_D,1262,0,0,348
281,R3,SKU_E,781,0,0,251
282,Supplier,SKU_A,0,0,0,0
282,Supplier,SKU_B,0,0,0,0
282,Supplier,SKU_C,0,0,0,0
282,Supplier,SKU_D,0,0,0,0
282,Supplier,SKU_E,0,0,0,0
282,W1,SKU_A,361,0,0,1044
282,W1,SKU_B,834,0,0,550
282,W1,SKU_C,1238,0,0,619
282,W1,SKU_D,889,0,0,557
282,W1,SKU_E,0,0,2734,1691
282,W2,SKU_A,0,0,1163,0
282,W2,SKU_B,77,0,0,312
282,W2,SKU_C,1188,0,0,577
282,W2,SKU_D,0,0,147,616
282,W2,SKU_E,443,0,0,349
282,R1,SKU_A,608,0,0,256
282,R1,SKU_B,110,0,0,114
282,R1,SKU_C,670,0,0,179
282,R1,SKU_D,146,0,0,132
282,R1,SKU_E,1579,0,0,0
282,R2,SKU_A,1025,0,0,287
282,R2,SKU_B,285,0,0,170
282,R2,SKU_C,259,0,0,126
282,R2,SKU_D,157,0,0,146
282,R2,SKU_E,131,0,0,0
282,R3,SKU_A,3048,0,0,0
282,R3,SKU_B,713,0,0,232
282,R3,SKU_C,528,0,0,462
282,R3,SKU_D,1263,0,0,337
282,R3,SKU_E,760,0,0,265
283,Supplier,SKU_A,0,0,0,0
283,Supplier,SKU_B,0,0,0,0
283,Supplier,SKU_C,0,0,0,0
283,Supplier,SKU_D,0,0,0,0
283,Supplier,SKU_E,0,0,0,0
283,W1,SKU_A,343,0,0,1062
283,W1,SKU_B,825,0,0,559
283,W1,SKU_C,1223,0,0,634
283,W1,SKU_D,897,0,0,549
283,W1,SKU_E,0,0,3087,2077
283,W2,SKU_A,0,0,1163,0
283,W2,SKU_B,78,0,0,311
283,W2,SKU_C,1149,0,0,616
283,W2,SKU_D,0,0,243,712
283,W2,SKU_E,418,0,0,374
283,R1,SKU_A,632,0,0,199
283,R1,SKU_B,134,0,0,90
283,R1,SKU_C,727,0,0,121
283,R1,SKU_D,166,0,0,91
283,R1,SKU_E,1540,0,0,73
283,R2,SKU_A,1035,0,0,269
283,R2,SKU_B,289,0,0,151
283,R2,SKU_C,277,0,0,108
283,R2,SKU_D,174,0,0,137
283,R2,SKU_E,84,0,0,34
283,R3,SKU_A,2883,0,0,0
283,R3,SKU_B,731,0,0,203
283,R3,SKU_C,542,0,0,452
283,R3,SKU_D,1234,0,0,323
283,R3,SKU_E,749,0,0,281
284,Supplier,SKU_A,0,0,0,0
284,Supplier,SKU_B,0,0,0,0
284,Supplier,SKU_C,0,0,0,0
284,Supplier,SKU_D,0,0,0,0
284,Supplier,SKU_E,0,0,0,0
284,W1,SKU_A,313,0,0,1092
284,W1,SKU_B,865,0,0,519
284,W1,SKU_C,1252,0,0,605
284,W1,SKU_D,895,0,0,551
284,W1,SKU_E,0,0,3245,2201
284,W2,SKU_A,0,0,1163,0
284,W2,SKU_B,72,0,0,317
284,W2,SKU_C,1141,0,0,624
284,W2,SKU_D,0,0,372,841
284,W2,SKU_E,402,0,0,390
284,R1,SKU_A,636,0,0,211
284,R1,SKU_B,141,0,0,78
284,R1,SKU_C,709,0,0,125
284,R1,SKU_D,166,0,0,107
284,R1,SKU_E,1509,0,0,73
284,R2,SKU_A,1053,0,0,269
284,R2,SKU_B,312,0,0,135
284,R2,SKU_C,285,0,0,97
284,R2,SKU_D,174,0,0,130
284,R2,SKU_E,28,0,0,349
284,R3,SKU_A,2742,0,0,0
284,R3,SKU_B,758,0,0,179
284,R3,SKU_C,600,0,0,391
284,R3,SKU_D,1296,0,0,254
284,R3,SKU_E,769,0,0,262
285,Supplier,SKU_A,0,0,0,0
285,Supplier,SKU_B,0,0,0,0
285,Supplier,SKU_C,0,0,0,0
285,Supplier,SKU_D,0,0,0,0
285,Supplier,SKU_E,0,0,0,0
285,W1,SKU_A,389,0,0,1016
285,W1,SKU_B,906,0,0,478
285,W1,SKU_C,1301,0,0,556
285,W1,SKU_D,941,0,0,505
285,W1,SKU_E,0,0,3073,2060
285,W2,SKU_A,0,0,1163,0
285,W2,SKU_B,93,0,0,296
285,W2,SKU_C,1152,0,0,613
285,W2,SKU_D,0,0,504,973
285,W2,SKU_E,392,0,0,400
285,R1,SKU_A,621,0,0,228
285,R1,SKU_B,136,0,0,83
285,R1,SKU_C,686,0,0,140
285,R1,SKU_D,147,0,0,112
285,R1,SKU_E,1550,0,0,0
285,R2,SKU_A,1063,0,0,262
285,R2,SKU_B,299,0,0,125
285,R2,SKU_C,281,0,0,99
285,R2,SKU_D,159,0,0,126
285,R2,SKU_E,0,21,0,735
285,R3,SKU_A,2557,0,0,0
285,R3,SKU_B,776,0,0,169
285,R3,SKU_C,612,0,0,344
285,R3,SKU_D,1251,0,0,267
285,R3,SKU_E,784,0,0,242
286,Supplier,SKU_A,0,0,0,0
286,Supplier,SKU_B,0,0,0,0
286,Supplier,SKU_C,0,0,0,0
286,Supplier,SKU_D,0,0,0,0
286,Supplier,SKU_E,0,0,0,0
286,W1,SKU_A,452,0,0,953
286,W1,SKU_B,925,0,0,459
286,W1,SKU_C,1342,0,0,515
286,W1,SKU_D,944,0,0,502
286,W1,SKU_E,0,0,2642,1629
286,W2,SKU_A,0,0,1163,49
286,W2,SKU_B,128,0,0,261
286,W2,SKU_C,1175,0,0,590
286,W2,SKU_D,0,0,603,1072
286,W2,SKU_E,407,0,0,385
286,R1,SKU_A,570,0,0,210
286,R1,SKU_B,83,0,0,88
286,R1,SKU_C,621,0,0,162
286,R1,SKU_D,138,0,0,110
286,R1,SKU_E,1486,0,0,0
286,R2,SKU_A,1037,0,0,249
286,R2,SKU_B,271,0,0,156
286,R2,SKU_C,274,0,0,104
286,R2,SKU_D,161,0,0,144
286,R2,SKU_E,0,32,0,1132
286,R3,SKU_A,2327,0,0,0
286,R3,SKU_B,765,0,0,167
286,R3,SKU_C,565,0,0,361
286,R3,SKU_D,1170,0,0,347
286,R3,SKU_E,756,0,0,248
287,Supplier,SKU_A,0,0,0,0
287,Supplier,SKU_B,0,0,0,0
287,Supplier,SKU_C,0,0,0,0
287,Supplier,SKU_D,0,0,0,0
287,Supplier,SKU_E,0,0,0,0
287,W1,SKU_A,360,0,0,1045
287,W1,SKU_B,874,0,0,510
287,W1,SKU_C,1267,0,0,590
287,W1,SKU_D,924,0,0,522
287,W1,SKU_E,0,0,2190,1177
287,W2,SKU_A,0,0,1163,279
287,W2,SKU_B,133,0,0,256
287,W2,SKU_C,1157,0,0,608
287,W2,SKU_D,0,0,721,1190
287,W2,SKU_E,400,0,0,392
287,R1,SKU_A,531,0,0,277
287,R1,SKU_B,49,0,0,136
287,R1,SKU_C,599,0,0,213
287,R1,SKU_D,131,0,0,135
287,R1,SKU_E,1433,0,0,0
287,R2,SKU_A,1021,0,0,267
287,R2,SKU_B,252,0,0,169
287,R2,SKU_C,255,0,0,111
287,R2,SKU_D,150,0,0,150
287,R2,SKU_E,245,0,0,1269
287,R3,SKU_A,2120,0,0,0
287,R3,SKU_B,746,0,0,180
287,R3,SKU_C,521,0,0,425
287,R3,SKU_D,1110,0,0,408
287,R3,SKU_E,720,0,0,269
288,Supplier,SKU_A,0,0,0,0
288,Supplier,SKU_B,0,0,0,0
288,Supplier,SKU_C,0,0,0,0
288,Supplier,SKU_D,0,0,0,0
288,Supplier,SKU_E,0,0,0,0
288,W1,SKU_A,280,0,0,1125
288,W1,SKU_B,801,0,0,583
288,W1,SKU_C,1211,0,0,646
288,W1,SKU_D,909,0,0,537
288,W1,SKU_E,0,0,1697,684
288,W2,SKU_A,0,0,1367,486
288,W2,SKU_B,116,0,0,273
288,W2,SKU_C,1130,0,0,635
288,W2,SKU_D,0,0,813,1282
288,W2,SKU_E,357,0,0,435
288,R1,SKU_A,531,0,0,318
288,R1,SKU_B,46,0,0,170
288,R1,SKU_C,613,0,0,227
288,R1,SKU_D,141,0,0,128
288,R1,SKU_E,1400,0,0,0
288,R2,SKU_A,1008,0,0,301
288,R2,SKU_B,233,0,0,195
288,R2,SKU_C,243,0,0,127
288,R2,SKU_D,150,0,0,154
288,R2,SKU_E,589,0,0,1376
288,R3,SKU_A,1962,0,0,0
288,R3,SKU_B,755,0,0,188
288,R3,SKU_C,520,0,0,473
288,R3,SKU_D,1098,0,0,484
288,R3,SKU_E,711,0,0,310
289,Supplier,SKU_A,0,0,0,0
289,Supplier,SKU_B,0,0,0,0
289,Supplier,SKU_C,0,0,0,0
289,Supplier,SKU_D,0,0,0,0
289,Supplier,SKU_E,0,0,0,0
289,W1,SKU_A,303,0,0,1102
289,W1,SKU_B,781,0,0,603
289,W1,SKU_C,1188,0,0,669
289,W1,SKU_D,914,0,0,532
289,W1,SKU_E,0,0,1258,245
289,W2,SKU_A,0,0,1729,848
289,W2,SKU_B,114,0,0,275
289,W2,SKU_C,1133,0,0,632
289,W2,SKU_D,0,0,831,1300
289,W2,SKU_E,353,0,0,439
289,R1,SKU_A,606,0,0,249
289,R1,SKU_B,97,0,0,125
289,R1,SKU_C,647,0,0,170
289,R1,SKU_D,173,0,0,107
289,R1,SKU_E,1369,0,0,0
289,R2,SKU_A,995,0,0,317
289,R2,SKU_B,248,0,0,191
289,R2,SKU_C,244,0,0,137
289,R2,SKU_D,158,0,0,135
289,R2,SKU_E,980,0,0,1384
289,R3,SKU_A,1792,0,0,0
289,R3,SKU_B,742,0,0,182
289,R3,SKU_C,504,0,0,471
289,R3,SKU_D,1094,0,0,566
289,R3,SKU_E,702,0,0,320
290,Supplier,SKU_A,0,0,0,0
290,Supplier,SKU_B,0,0,0,0
290,Supplier,SKU_C,0,0,0,0
290,Supplier,SKU_D,0,0,0,0
290,Supplier,SKU_E,0,0,0,0
290,W1,SKU_A,301,0,0,1104
290,W1,SKU_B,776,0,0,608
290,W1,SKU_C,1170,0,0,687
290,W1,SKU_D,910,0,0,536
290,W1,SKU_E,0,0,1013,0
290,W2,SKU_A,0,0,2261,1380
290,W2,SKU_B,104,0,0,285
290,W2,SKU_C,1114,0,0,651
290,W2,SKU_D,0,0,728,1197
290,W2,SKU_E,345,0,0,447
290,R1,SKU_A,631,0,0,202
290,R1,SKU_B,122,0,0,88
290,R1,SKU_C,649,0,0,165
290,R1,SKU_D,177,0,0,93
290,R1,SKU_E,1320,0,0,0
290,R2,SKU_A,1006,0,0,291
290,R2,SKU_B,249,0,0,179
290,R2,SKU_C,231,0,0,134
290,R2,SKU_D,150,0,0,147
290,R2,SKU_E,1355,0,0,1177
290,R3,SKU_A,1617,0,0,0
290,R3,SKU_B,715,0,0,203
290,R3,SKU_C,486,0,0,452
290,R3,SKU_D,1120,0,0,626
290,R3,SKU_E,674,0,0,324
291,Supplier,SKU_A,0,0,0,0
291,Supplier,SKU_B,0,0,0,0
291,Supplier,SKU_C,0,0,0,0
291,Supplier,SKU_D,0,0,0,0
291,Supplier,SKU_E,0,0,0,0
291,W1,SKU_A,257,0,0,1148
291,W1,SKU_B,771,0,0,613
291,W1,SKU_C,1143,0,0,714
291,W1,SKU_D,933,0,0,513
291,W1,SKU_E,0,0,1013,0
291,W2,SKU_A,0,0,2968,2087
291,W2,SKU_B,85,0,0,304
291,W2,SKU_C,1061,0,0,704
291,W2,SKU_D,0,0,532,1001
291,W2,SKU_E,312,0,0,480
291,R1,SKU_A,574,0,0,218
291,R1,SKU_B,105,0,0,94
291,R1,SKU_C,605,0,0,191
291,R1,SKU_D,158,0,0,92
291,R1,SKU_E,1260,0,0,0
291,R2,SKU_A,1011,0,0,282
291,R2,SKU_B,276,0,0,172
291,R2,SKU_C,232,0,0,135
291,R2,SKU_D,141,0,0,150
291,R2,SKU_E,1773,0,0,684
291,R3,SKU_A,1367,0,0,0
291,R3,SKU_B,693,0,0,217
291,R3,SKU_C,490,0,0,440
291,R3,SKU_D,1107,0,0,711
291,R3,SKU_E,653,0,0,330
292,Supplier,SKU_A,0,0,0,0
292,Supplier,SKU_B,0,0,0,0
292,Supplier,SKU_C,0,0,0,0
292,Supplier,SKU_D,0,0,0,0
292,Supplier,SKU_E,0,0,0,0
292,W1,SKU_A,276,0,0,1129
292,W1,SKU_B,820,0,0,564
292,W1,SKU_C,1145,0,0,712
292,W1,SKU_D,921,0,0,525
292,W1,SKU_E,0,0,1013,0
292,W2,SKU_A,0,0,3876,2995
292,W2,SKU_B,50,0,0,339
292,W2,SKU_C,1035,0,0,730
292,W2,SKU_D,0,0,293,762
292,W2,SKU_E,269,0,0,523
292,R1,SKU_A,513,0,0,281
292,R1,SKU_B,87,0,0,117
292,R1,SKU_C,597,0,0,212
292,R1,SKU_D,149,0,0,122
292,R1,SKU_E,1217,0,0,0
292,R2,SKU_A,1008,0,0,298
292,R2,SKU_B,283,0,0,152
292,R2,SKU_C,229,0,0,138
292,R2,SKU_D,143,0,0,163
292,R2,SKU_E,2148,0,0,245
292,R3,SKU_A,1116,0,0,49
292,R3,SKU_B,674,0,0,233
292,R3,SKU_C,439,0,0,456
292,R3,SKU_D,1136,0,0,803
292,R3,SKU_E,654,0,0,336
293,Supplier,SKU_A,0,0,0,0
293,Supplier,SKU_B,0,0,0,0
293,Supplier,SKU_C,0,0,0,0
293,Supplier,SKU_D,0,0,0,0
293,Supplier,SKU_E,0,0,0,0
293,W1,SKU_A,280,0,0,1125
293,W1,SKU_B,853,0,0,531
293,W1,SKU_C,1143,0,0,714
293,W1,SKU_D,932,0,0,514
293,W1,SKU_E,0,0,1013,0
293,W2,SKU_A,0,0,4805,3924
293,W2,SKU_B,25,0,0,364
293,W2,SKU_C,1004,0,0,761
293,W2,SKU_D,0,0,53,522
293,W2,SKU_E,255,0,0,537
293,R1,SKU_A,427,0,0,320
293,R1,SKU_B,69,0,0,123
293,R1,SKU_C,541,0,0,217
293,R1,SKU_D,135,0,0,121
293,R1,SKU_E,1150,0,0,0
293,R2,SKU_A,971,0,0,304
293,R2,SKU_B,268,0,0,156
293,R2,SKU_C,203,0,0,152
293,R2,SKU_D,132,0,0,150
293,R2,SKU_E,2318,0,0,0
293,R3,SKU_A,811,0,0,279
293,R3,SKU_B,659,0,0,269
293,R3,SKU_C,357,0,0,554
293,R3,SKU_D,1152,0,0,886
293,R3,SKU_E,622,0,0,367
294,Supplier,SKU_A,0,0,0,0
294,Supplier,SKU_B,0,0,0,0
294,Supplier,SKU_C,0,0,0,0
294,Supplier,SKU_D,0,0,0,0
294,Supplier,SKU_E,0,0,0,0
294,W1,SKU_A,144,0,0,1261
294,W1,SKU_B,825,0,0,559
294,W1,SKU_C,1046,0,0,811
294,W1,SKU_D,897,0,0,549
294,W1,SKU_E,0,0,1013,0
294,W2,SKU_A,0,0,5832,4951
294,W2,SKU_B,27,0,0,362
294,W2,SKU_C,969,0,0,796
294,W2,SKU_D,186,0,0,283
294,W2,SKU_E,255,0,0,537
294,R1,SKU_A,397,0,0,365
294,R1,SKU_B,59,0,0,130
294,R1,SKU_C,517,0,0,255
294,R1,SKU_D,117,0,0,115
294,R1,SKU_E,1101,0,0,0
294,R2,SKU_A,955,0,0,326
294,R2,SKU_B,276,0,0,160
294,R2,SKU_C,201,0,0,162
294,R2,SKU_D,136,0,0,165
294,R2,SKU_E,2246,0,0,0
294,R3,SKU_A,586,0,0,486
294,R3,SKU_B,631,0,0,265
294,R3,SKU_C,284,0,0,618
294,R3,SKU_D,1223,0,0,739
294,R3,SKU_E,569,0,0,400
295,Supplier,SKU_A,0,0,0,0
295,Supplier,SKU_B,0,0,0,0
295,Supplier,SKU_C,0,0,0,0
295,Supplier,SKU_D,0,0,0,0
295,Supplier,SKU_E,0,0,0,0
295,W1,SKU_A,20,0,0,1385
295,W1,SKU_B,789,0,0,595
295,W1,SKU_C,983,0,0,874
295,W1,SKU_D,857,0,0,589
295,W1,SKU_E,0,0,1013,0
295,W2,SKU_A,0,0,6722,5841
295,W2,SKU_B,0,0,20,409
295,W2,SKU_C,878,0,0,887
295,W2,SKU_D,361,0,0,108
295,W2,SKU_E,203,0,0,589
295,R1,SKU_A,405,0,0,397
295,R1,SKU_B,38,0,0,145
295,R1,SKU_C,507,0,0,292
295,R1,SKU_D,102,0,0,154
295,R1,SKU_E,1050,0,0,0
295,R2,SKU_A,945,0,0,338
295,R2,SKU_B,245,0,0,172
295,R2,SKU_C,209,0,0,166
295,R2,SKU_D,119,0,0,155
295,R2,SKU_E,2197,0,0,0
295,R3,SKU_A,398,0,0,848
295,R3,SKU_B,631,0,0,267
295,R3,SKU_C,280,0,0,654
295,R3,SKU_D,1339,0,0,532
295,R3,SKU_E,554,0,0,429
296,Supplier,SKU_A,0,0,0,0
296,Supplier,SKU_B,0,0,0,0
296,Supplier,SKU_C,0,0,0,0
296,Supplier,SKU_D,0,0,0,0
296,Supplier,SKU_E,0,0,0,0
296,W1,SKU_A,0,0,25,1430
296,W1,SKU_B,751,0,0,633
296,W1,SKU_C,978,0,0,879
296,W1,SKU_D,820,0,0,626
296,W1,SKU_E,0,0,1013,0
296,W2,SKU_A,0,0,7268,6387
296,W2,SKU_B,0,0,46,435
296,W2,SKU_C,837,0,0,928
296,W2,SKU_D,458,0,0,11
296,W2,SKU_E,164,0,0,628
296,R1,SKU_A,494,0,0,342
296,R1,SKU_B,67,0,0,154
296,R1,SKU_C,582,0,0,251
296,R1,SKU_D,106,0,0,154
296,R1,SKU_E,1017,0,0,0
296,R2,SKU_A,949,0,0,336
296,R2,SKU_B,240,0,0,190
296,R2,SKU_C,207,0,0,158
296,R2,SKU_D,116,0,0,187
296,R2,SKU_E,2152,0,0,0
296,R3,SKU_A,272,0,0,1331
296,R3,SKU_B,647,0,0,253
296,R3,SKU_C,299,0,0,650
296,R3,SKU_D,1474,0,0,293
296,R3,SKU_E,575,0,0,429
297,Supplier,SKU_A,0,0,0,0
297,Supplier,SKU_B,0,0,0,0
297,Supplier,SKU_C,0,0,0,0
297,Supplier,SKU_D,0,0,0,0
297,Supplier,SKU_E,0,0,0,0
297,W1,SKU_A,11,0,0,1394
297,W1,SKU_B,755,0,0,629
297,W1,SKU_C,1013,0,0,844
297,W1,SKU_D,842,0,0,604
297,W1,SKU_E,0,0,1013,0
297,W2,SKU_A,0,0,7282,6401
297,W2,SKU_B,0,0,64,453
297,W2,SKU_C,848,0,0,917
297,W2,SKU_D,469,0,0,0
297,W2,SKU_E,170,0,0,622
297,R1,SKU_A,559,0,0,268
297,R1,SKU_B,95,0,0,122
297,R1,SKU_C,625,0,0,190
297,R1,SKU_D,139,0,0,126
297,R1,SKU_E,980,0,0,0
297,R2,SKU_A,982,0,0,351
297,R2,SKU_B,258,0,0,184
297,R2,SKU_C,233,0,0,148
297,R2,SKU_D,126,0,0,166
297,R2,SKU_E,2107,0,0,0
297,R3,SKU_A,358,0,0,1808
297,R3,SKU_B,671,0,0,242
297,R3,SKU_C,384,0,0,596
297,R3,SKU_D,1641,0,0,53
297,R3,SKU_E,606,0,0,415
298,Supplier,SKU_A,0,0,0,0
298,Supplier,SKU_B,0,0,0,0
298,Supplier,SKU_C,0,0,0,0
298,Supplier,SKU_D,0,0,0,0
298,Supplier,SKU_E,0,0,0,0
298,W1,SKU_A,71,0,0,1334
298,W1,SKU_B,775,0,0,609
298,W1,SKU_C,1033,0,0,824
298,W1,SKU_D,822,0,0,624
298,W1,SKU_E,0,0,1013,0
298,W2,SKU_A,0,0,6483,5602
298,W2,SKU_B,0,0,61,450
298,W2,SKU_C,898,0,0,867
298,W2,SKU_D,406,0,0,63
298,W2,SKU_E,208,0,0,584
298,R1,SKU_A,590,0,0,243
298,R1,SKU_B,126,0,0,88
298,R1,SKU_C,649,0,0,174
298,R1,SKU_D,163,0,0,117
298,R1,SKU_E,931,0,0,0
298,R2,SKU_A,1036,0,0,299
298,R2,SKU_B,278,0,0,178
298,R2,SKU_C,251,0,0,130
298,R2,SKU_D,135,0,0,175
298,R2,SKU_E,2057,0,0,0
298,R3,SKU_A,446,0,0,2558
298,R3,SKU_B,661,0,0,260
298,R3,SKU_C,437,0,0,527
298,R3,SKU_D,1601,0,0,63
298,R3,SKU_E,606,0,0,383
299,Supplier,SKU_A,0,0,0,0
299,Supplier,SKU_B,0,0,0,0
299,Supplier,SKU_C,0,0,0,0
299,Supplier,SKU_D,0,0,0,0
299,Supplier,SKU_E,0,0,0,0
299,W1,SKU_A,217,0,0,1188
299,W1,SKU_B,829,0,0,555
299,W1,SKU_C,1124,0,0,733
299,W1,SKU_D,874,0,0,572
299,W1,SKU_E,0,0,1013,0
299,W2,SKU_A,0,0,5324,4443
299,W2,SKU_B,0,0,47,436
299,W2,SKU_C,967,0,0,798
299,W2,SKU_D,313,0,0,156
299,W2,SKU_E,207,0,0,585
299,R1,SKU_A,579,0,0,246
299,R1,SKU_B,110,0,0,95
299,R1,SKU_C,607,0,0,184
299,R1,SKU_D,169,0,0,97
299,R1,SKU_E,890,0,0,0
299,R2,SKU_A,1053,0,0,272
299,R2,SKU_B,306,0,0,139
299,R2,SKU_C,255,0,0,124
299,R2,SKU_D,157,0,0,139
299,R2,SKU_E,2011,0,0,0
299,R3,SKU_A,609,0,0,3355
299,R3,SKU_B,649,0,0,269
299,R3,SKU_C,499,0,0,465
299,R3,SKU_D,1467,0,0,156
299,R3,SKU_E,629,0,0,363
300,Supplier,SKU_A,0,0,0,0
300,Supplier,SKU_B,0,0,0,0
300,Supplier,SKU_C,0,0,0,0
300,Supplier,SKU_D,0,0,0,0
300,Supplier,SKU_E,0,0,0,0
300,W1,SKU_A,324,0,0,1081
300,W1,SKU_B,854,0,0,530
300,W1,SKU_C,1159,0,0,698
300,W1,SKU_D,903,0,0,543
300,W1,SKU_E,0,0,1013,0
300,W2,SKU_A,0,0,4090,3209
300,W2,SKU_B,0,0,57,446
300,W2,SKU_C,1020,0,0,745
300,W2,SKU_D,179,0,0,290
300,W2,SKU_E,210,0,0,582
300,R1,SKU_A,546,0,0,248
300,R1,SKU_B,73,0,0,107
300,R1,SKU_C,551,0,0,208
300,R1,SKU_D,141,0,0,96
300,R1,SKU_E,824,0,0,0
300,R2,SKU_A,1082,0,0,207
300,R2,SKU_B,319,0,0,124
300,R2,SKU_C,251,0,0,110
300,R2,SKU_D,146,0,0,146
300,R2,SKU_E,1961,0,0,0
300,R3,SKU_A,869,0,0,4057
300,R3,SKU_B,611,0,0,265
300,R3,SKU_C,421,0,0,435
300,R3,SKU_D,1295,0,0,290
300,R3,SKU_E,631,0,0,354
301,Supplier,SKU_A,0,0,0,0
301,Supplier,SKU_B,0,0,0,0
301,Supplier,SKU_C,0,0,0,0
301,Supplier,SKU_D,0,0,0,0
301,Supplier,SKU_E,0,0,0,0
301,W1,SKU_A,322,0,0,1083
301,W1,SKU_B,877,0,0,507
301,W1,SKU_C,1105,0,0,752
301,W1,SKU_D,902,0,0,544
301,W1,SKU_E,0,0,1013,0
301,W2,SKU_A,0,0,2838,1957
301,W2,SKU_B,0,0,77,466
301,W2,SKU_C,974,0,0,791
301,W2,SKU_D,7,0,0,462
301,W2,SKU_E,226,0,0,566
301,R1,SKU_A,483,0,0,287
301,R1,SKU_B,46,0,0,141
301,R1,SKU_C,510,0,0,272
301,R1,SKU_D,104,0,0,139
301,R1,SKU_E,774,0,0,0
301,R2,SKU_A,1060,0,0,251
301,R2,SKU_B,289,0,0,123
301,R2,SKU_C,221,0,0,130
301,R2,SKU_D,150,0,0,146
301,R2,SKU_E,1906,0,0,0
301,R3,SKU_A,1316,0,0,4602
301,R3,SKU_B,627,0,0,287
301,R3,SKU_C,395,0,0,528
301,R3,SKU_D,1174,0,0,462
301,R3,SKU_E,613,0,0,373
302,Supplier,SKU_A,0,0,0,0
302,Supplier,SKU_B,0,0,0,0
302,Supplier,SKU_C,0,0,0,0
302,Supplier,SKU_D,0,0,0,0
302,Supplier,SKU_E,0,0,0,0
302,W1,SKU_A,282,0,0,1123
302,W1,SKU_B,825,0,0,559
302,W1,SKU_C,1040,0,0,817
302,W1,SKU_D,878,0,0,568
302,W1,SKU_E,0,0,1013,0
302,W2,SKU_A,0,0,1760,879
302,W2,SKU_B,0,0,61,450
302,W2,SKU_C,963,0,0,802
302,W2,SKU_D,0,0,114,583
302,W2,SKU_E,229,0,0,563
302,R1,SKU_A,509,0,0,342
302,R1,SKU_B,45,0,0,159
302,R1,SKU_C,550,0,0,281
302,R1,SKU_D,106,0,0,162
302,R1,SKU_E,735,0,0,0
302,R2,SKU_A,1040,0,0,275
302,R2,SKU_B,276,0,0,167
302,R2,SKU_C,220,0,0,160
302,R2,SKU_D,142,0,0,160
302,R2,SKU_E,1843,0,0,0
302,R3,SKU_A,2124,0,0,4723
302,R3,SKU_B,648,0,0,299
302,R3,SKU_C,416,0,0,585
302,R3,SKU_D,1179,0,0,406
302,R3,SKU_E,601,0,0,408
303,Supplier,SKU_A,0,0,0,0
303,Supplier,SKU_B,0,0,0,0
303,Supplier,SKU_C,0,0,0,0
303,Supplier,SKU_D,0,0,0,0
303,Supplier,SKU_E,0,0,0,0
303,W1,SKU_A,288,0,0,1117
303,W1,SKU_B,813,0,0,571
303,W1,SKU_C,1055,0,0,802
303,W1,SKU_D,891,0,0,555
303,W1,SKU_E,0,0,1013,0
303,W2,SKU_A,0,0,1039,158
303,W2,SKU_B,0,0,14,403
303,W2,SKU_C,1015,0,0,750
303,W2,SKU_D,0,0,286,755
303,W2,SKU_E,234,0,0,558
303,R1,SKU_A,551,0,0,285
303,R1,SKU_B,85,0,0,135
303,R1,SKU_C,621,0,0,209
303,R1,SKU_D,140,0,0,131
303,R1,SKU_E,692,0,0,0
303,R2,SKU_A,1043,0,0,285
303,R2,SKU_B,278,0,0,169
303,R2,SKU_C,216,0,0,159
303,R2,SKU_D,151,0,0,154
303,R2,SKU_E,1790,0,0,0
303,R3,SKU_A,3094,0,0,4285
303,R3,SKU_B,673,0,0,306
303,R3,SKU_C,449,0,0,548
303,R3,SKU_D,1176,0,0,313
303,R3,SKU_E,643,0,0,388
304,Supplier,SKU_A,0,0,0,0
304,Supplier,SKU_B,0,0,0,0
304,Supplier,SKU_C,0,0,0,0
304,Supplier,SKU_D,0,0,0,0
304,Supplier,SKU_E,0,0,0,0
304,W1,SKU_A,284,0,0,1121
304,W1,SKU_B,810,0,0,574
304,W1,SKU_C,1056,0,0,801
304,W1,SKU_D,877,0,0,569
304,W1,SKU_E,0,0,1013,0
304,W2,SKU_A,0,0,881,0
304,W2,SKU_B,52,0,0,337
304,W2,SKU_C,1032,0,0,733
304,W2,SKU_D,0,0,491,960
304,W2,SKU_E,244,0,0,548
304,R1,SKU_A,625,0,0,219
304,R1,SKU_B,124,0,0,102
304,R1,SKU_C,691,0,0,161
304,R1,SKU_D,176,0,0,103
304,R1,SKU_E,662,0,0,0
304,R2,SKU_A,1090,0,0,246
304,R2,SKU_B,277,0,0,165
304,R2,SKU_C,238,0,0,145
304,R2,SKU_D,161,0,0,141
304,R2,SKU_E,1730,0,0,0
304,R3,SKU_A,4182,0,0,3209
304,R3,SKU_B,664,0,0,269
304,R3,SKU_C,466,0,0,515
304,R3,SKU_D,1235,0,0,242
304,R3,SKU_E,660,0,0,349
305,Supplier,SKU_A,0,0,0,0
305,Supplier,SKU_B,0,0,0,0
305,Supplier,SKU_C,0,0,0,0
305,Supplier,SKU_D,0,0,0,0
305,Supplier,SKU_E,0,0,0,0
305,W1,SKU_A,314,0,0,1091
305,W1,SKU_B,828,0,0,556
305,W1,SKU_C,1121,0,0,736
305,W1,SKU_D,896,0,0,550
305,W1,SKU_E,0,0,1013,0
305,W2,SKU_A,0,0,881,0
305,W2,SKU_B,64,0,0,325
305,W2,SKU_C,1049,0,0,716
305,W2,SKU_D,0,0,678,1147
305,W2,SKU_E,264,0,0,528
305,R1,SKU_A,589,0,0,226
305,R1,SKU_B,131,0,0,80
305,R1,SKU_C,698,0,0,140
305,R1,SKU_D,163,0,0,92
305,R1,SKU_E,614,0,0,0
305,R2,SKU_A,1091,0,0,221
305,R2,SKU_B,298,0,0,135
305,R2,SKU_C,257,0,0,113
305,R2,SKU_D,154,0,0,135
305,R2,SKU_E,1682,0,0,0
305,R3,SKU_A,5270,0,0,1957
305,R3,SKU_B,676,0,0,232
305,R3,SKU_C,574,0,0,390
305,R3,SKU_D,1311,0,0,163
305,R3,SKU_E,681,0,0,325
306,Supplier,SKU_A,0,0,0,0
306,Supplier,SKU_B,0,0,0,0
306,Supplier,SKU_C,0,0,0,0
306,Supplier,SKU_D,0,0,0,0
306,Supplier,SKU_E,0,0,0,0
306,W1,SKU_A,358,0,0,1047
306,W1,SKU_B,849,0,0,535
306,W1,SKU_C,1209,0,0,648
306,W1,SKU_D,911,0,0,535
306,W1,SKU_E,0,0,1055,0
306,W2,SKU_A,0,0,881,0
306,W2,SKU_B,54,0,0,335
306,W2,SKU_C,1049,0,0,716
306,W2,SKU_D,0,0,827,1296
306,W2,SKU_E,278,0,0,514
306,R1,SKU_A,572,0,0,247
306,R1,SKU_B,114,0,0,89
306,R1,SKU_C,694,0,0,132
306,R1,SKU_D,157,0,0,108
306,R1,SKU_E,561,0,0,0
306,R2,SKU_A,1095,0,0,224
306,R2,SKU_B,291,0,0,145
306,R2,SKU_C,257,0,0,123
306,R2,SKU_D,153,0,0,148
306,R2,SKU_E,1631,0,0,0
306,R3,SKU_A,6190,0,0,879
306,R3,SKU_B,700,0,0,222
306,R3,SKU_C,616,0,0,349
306,R3,SKU_D,1202,0,0,290
306,R3,SKU_E,684,0,0,305
307,Supplier,SKU_A,0,0,0,0
307,Supplier,SKU_B,0,0,0,0
307,Supplier,SKU_C,0,0,0,0
307,Supplier,SKU_D,0,0,0,0
307,Supplier,SKU_E,0,0,0,0
307,W1,SKU_A,415,0,0,990
307,W1,SKU_B,889,0,0,495
307,W1,SKU_C,1282,0,0,575
307,W1,SKU_D,938,0,0,508
307,W1,SKU_E,0,0,1150,23
307,W2,SKU_A,0,0,881,0
307,W2,SKU_B,100,0,0,289
307,W2,SKU_C,1158,0,0,607
307,W2,SKU_D,0,0,920,1389
307,W2,SKU_E,282,0,0,510
307,R1,SKU_A,512,0,0,272
307,R1,SKU_B,55,0,0,112
307,R1,SKU_C,607,0,0,158
307,R1,SKU_D,115,0,0,122
307,R1,SKU_E,509,0,0,0
307,R2,SKU_A,1050,0,0,233
307,R2,SKU_B,268,0,0,156
307,R2,SKU_C,239,0,0,118
307,R2,SKU_D,124,0,0,152
307,R2,SKU_E,1572,0,0,0
307,R3,SKU_A,6652,0,0,158
307,R3,SKU_B,721,0,0,200
307,R3,SKU_C,552,0,0,385
307,R3,SKU_D,1070,0,0,462
307,R3,SKU_E,636,0,0,325
308,Supplier,SKU_A,0,0,0,0
308,Supplier,SKU_B,0,0,0,0
308,Supplier,SKU_C,0,0,0,0
308,Supplier,SKU_D,0,0,0,0
308,Supplier,SKU_E,0,0,0,0
308,W1,SKU_A,316,0,0,1089
308,W1,SKU_B,833,0,0,551
308,W1,SKU_C,1193,0,0,664
308,W1,SKU_D,881,0,0,565
308,W1,SKU_E,0,0,1297,229
308,W2,SKU_A,0,0,881,0
308,W2,SKU_B,107,0,0,282
308,W2,SKU_C,1172,0,0,593
308,W2,SKU_D,0,0,1024,1493
308,W2,SKU_E,257,0,0,535
308,R1,SKU_A,484,0,0,303
308,R1,SKU_B,1,0,0,156
308,R1,SKU_C,535,0,0,231
308,R1,SKU_D,95,0,0,140
308,R1,SKU_E,447,0,0,0
308,R2,SKU_A,1005,0,0,286
308,R2,SKU_B,254,0,0,174
308,R2,SKU_C,223,0,0,144
308,R2,SKU_D,118,0,0,178
308,R2,SKU_E,1528,0,0,0
308,R3,SKU_A,6593,0,0,0
308,R3,SKU_B,645,0,0,244
308,R3,SKU_C,505,0,0,445
308,R3,SKU_D,1020,0,0,520
308,R3,SKU_E,579,0,0,395
309,Supplier,SKU_A,0,0,0,0
309,Supplier,SKU_B,0,0,0,0
309,Supplier,SKU_C,0,0,0,0
309,Supplier,SKU_D,0,0,0,0
309,Supplier,SKU_E,0,0,0,0
309,W1,SKU_A,230,0,0,1175
309,W1,SKU_B,751,0,0,633
309,W1,SKU_C,1121,0,0,736
309,W1,SKU_D,836,0,0,610
309,W1,SKU_E,0,0,1506,482
309,W2,SKU_A,0,0,881,0
309,W2,SKU_B,49,0,0,340
309,W2,SKU_C,1121,0,0,644
309,W2,SKU_D,0,0,1069,1538
309,W2,SKU_E,222,0,0,570
309,R1,SKU_A,511,0,0,335
309,R1,SKU_B,0,1,0,202
309,R1,SKU_C,566,0,0,291
309,R1,SKU_D,107,0,0,170
309,R1,SKU_E,405,0,0,0
309,R2,SKU_A,1010,0,0,307
309,R2,SKU_B,258,0,0,179
309,R2,SKU_C,227,0,0,147
309,R2,SKU_D,126,0,0,171
309,R2,SKU_E,1488,0,0,0
309,R3,SKU_A,6424,0,0,0
309,R3,SKU_B,630,0,0,288
309,R3,SKU_C,487,0,0,476
309,R3,SKU_D,1031,0,0,599
309,R3,SKU_E,585,0,0,430
310,Supplier,SKU_A,0,0,0,0
310,Supplier,SKU_B,0,0,0,0
310,Supplier,SKU_C,0,0,0,0
310,Supplier,SKU_D,0,0,0,0
310,Supplier,SKU_E,0,0,0,0
310,W1,SKU_A,213,0,0,1192
310,W1,SKU_B,721,0,0,662
310,W1,SKU_C,1117,0,0,740
310,W1,SKU_D,829,0,0,617
310,W1,SKU_E,0,0,1757,773
310,W2,SKU_A,0,0,881,0
310,W2,SKU_B,0,0,12,401
310,W2,SKU_C,1087,0,0,678
310,W2,SKU_D,0,0,928,1397
310,W2,SKU_E,206,0,0,586
310,R1,SKU_A,570,0,0,273
310,R1,SKU_B,54,0,0,168
310,R1,SKU_C,656,0,0,199
310,R1,SKU_D,152,0,0,130
310,R1,SKU_E,360,0,0,0
310,R2,SKU_A,987,0,0,309
310,R2,SKU_B,254,0,0,178
310,R2,SKU_C,223,0,0,153
310,R2,SKU_D,119,0,0,175
310,R2,SKU_E,1427,0,0,0
310,R3,SKU_A,6245,0,0,0
310,R3,SKU_B,641,0,0,266
310,R3,SKU_C,501,0,0,477
310,R3,SKU_D,1092,0,0,733
310,R3,SKU_E,579,0,0,421
311,Supplier,SKU_A,0,0,0,0
311,Supplier,SKU_B,0,0,0,0
311,Supplier,SKU_C,0,0,0,0
311,Supplier,SKU_D,0,0,0,0
311,Supplier,SKU_E,0,0,0,0
311,W1,SKU_A,225,0,0,1180
311,W1,SKU_B,731,0,0,653
311,W1,SKU_C,1140,0,0,717
311,W1,SKU_D,861,0,0,585
311,W1,SKU_E,0,0,2053,1130
311,W2,SKU_A,0,0,881,0
311,W2,SKU_B,0,0,38,427
311,W2,SKU_C,1084,0,0,681
311,W2,SKU_D,0,0,648,1117
311,W2,SKU_E,197,0,0,595
311,R1,SKU_A,605,0,0,217
311,R1,SKU_B,113,0,0,103
311,R1,SKU_C,730,0,0,110
311,R1,SKU_D,194,0,0,83
311,R1,SKU_E,319,0,0,0
311,R2,SKU_A,1008,0,0,296
311,R2,SKU_B,285,0,0,170
311,R2,SKU_C,237,0,0,134
311,R2,SKU_D,142,0,0,157
311,R2,SKU_E,1366,0,0,0
311,R3,SKU_A,6090,0,0,0
311,R3,SKU_B,644,0,0,255
311,R3,SKU_C,527,0,0,464
311,R3,SKU_D,1179,0,0,841
311,R3,SKU_E,604,0,0,410
312,Supplier,SKU_A,0,0,0,0
312,Supplier,SKU_B,0,0,0,0
312,Supplier,SKU_C,0,0,0,0
312,Supplier,SKU_D,0,0,0,0
312,Supplier,SKU_E,0,0,0,0
312,W1,SKU_A,213,0,0,1192
312,W1,SKU_B,763,0,0,621
312,W1,SKU_C,1145,0,0,712
312,W1,SKU_D,871,0,0,575
312,W1,SKU_E,0,0,2367,1505
312,W2,SKU_A,0,0,881,0
312,W2,SKU_B,0,0,47,436
312,W2,SKU_C,1111,0,0,654
312,W2,SKU_D,0,0,365,834
312,W2,SKU_E,205,0,0,587
312,R1,SKU_A,575,0,0,241
312,R1,SKU_B,101,0,0,88
312,R1,SKU_C,692,0,0,127
312,R1,SKU_D,175,0,0,83
312,R1,SKU_E,266,0,0,23
312,R2,SKU_A,1020,0,0,283
312,R2,SKU_B,303,0,0,143
312,R2,SKU_C,238,0,0,130
312,R2,SKU_D,141,0,0,154
312,R2,SKU_E,1302,0,0,0
312,R3,SKU_A,5898,0,0,0
312,R3,SKU_B,614,0,0,268
312,R3,SKU_C,542,0,0,410
312,R3,SKU_D,1210,0,0,1003
312,R3,SKU_E,652,0,0,357
313,Supplier,SKU_A,0,0,0,0
313,Supplier,SKU_B,0,0,0,0
313,Supplier,SKU_C,0,0,0,0
313,Supplier,SKU_D,0,0,0,0
313,Supplier,SKU_E,0,0,0,0
313,W1,SKU_A,265,0,0,1140
313,W1,SKU_B,807,0,0,577
313,W1,SKU_C,1210,0,0,647
313,W1,SKU_D,911,0,0,535
313,W1,SKU_E,0,0,2528,1730
313,W2,SKU_A,0,0,881,0
313,W2,SKU_B,0,0,87,476
313,W2,SKU_C,1098,0,0,667
313,W2,SKU_D,0,0,100,569
313,W2,SKU_E,225,0,0,567
313,R1,SKU_A,576,0,0,268
313,R1,SKU_B,77,0,0,121
313,R1,SKU_C,667,0,0,163
313,R1,SKU_D,156,0,0,107
313,R1,SKU_E,202,0,0,229
313,R2,SKU_A,1013,0,0,297
313,R2,SKU_B,318,0,0,134
313,R2,SKU_C,255,0,0,136
313,R2,SKU_D,138,0,0,156
313,R2,SKU_E,1245,0,0,0
313,R3,SKU_A,5713,0,0,0
313,R3,SKU_B,618,0,0,235
313,R3,SKU_C,566,0,0,408
313,R3,SKU_D,1272,0,0,1096
313,R3,SKU_E,667,0,0,322
314,Supplier,SKU_A,0,0,0,0
314,Supplier,SKU_B,0,0,0,0
314,Supplier,SKU_C,0,0,0,0
314,Supplier,SKU_D,0,0,0,0
314,Supplier,SKU_E,0,0,0,0
314,W1,SKU_A,341,0,0,1064
314,W1,SKU_B,872,0,0,512
314,W1,SKU_C,1298,0,0,559
314,W1,SKU_D,937,0,0,509
314,W1,SKU_E,0,0,2500,1759
314,W2,SKU_A,0,0,881,0
314,W2,SKU_B,0,0,155,544
314,W2,SKU_C,1135,0,0,630
314,W2,SKU_D,125,0,0,344
314,W2,SKU_E,253,0,0,539
314,R1,SKU_A,547,0,0,246
314,R1,SKU_B,35,0,0,139
314,R1,SKU_C,618,0,0,173
314,R1,SKU_D,126,0,0,121
314,R1,SKU_E,163,0,0,459
314,R2,SKU_A,1022,0,0,283
314,R2,SKU_B,306,0,0,114
314,R2,SKU_C,245,0,0,121
314,R2,SKU_D,110,0,0,156
314,R2,SKU_E,1185,0,0,0
314,R3,SKU_A,5511,0,0,0
314,R3,SKU_B,593,0,0,244
314,R3,SKU_C,538,0,0,397
314,R3,SKU_D,1423,0,0,928
314,R3,SKU_E,615,0,0,348
315,Supplier,SKU_A,0,0,0,0
315,Supplier,SKU_B,0,0,0,0
315,Supplier,SKU_C,0,0,0,0
315,Supplier,SKU_D,0,0,0,0
315,Supplier,SKU_E,0,0,0,0
315,W1,SKU_A,276,0,0,1129
315,W1,SKU_B,827,0,0,557
315,W1,SKU_C,1224,0,0,633
315,W1,SKU_D,876,0,0,570
315,W1,SKU_E,0,0,2243,1562
315,W2,SKU_A,0,0,881,0
315,W2,SKU_B,0,0,207,596
315,W2,SKU_C,1120,0,0,645
315,W2,SKU_D,342,0,0,127
315,W2,SKU_E,242,0,0,550
315,R1,SKU_A,500,0,0,269
315,R1,SKU_B,18,0,0,154
315,R1,SKU_C,563,0,0,201
315,R1,SKU_D,90,0,0,132
315,R1,SKU_E,303,0,0,544
315,R2,SKU_A,1010,0,0,282
315,R2,SKU_B,284,0,0,149
315,R2,SKU_C,223,0,0,126
315,R2,SKU_D,101,0,0,189
315,R2,SKU_E,1119,0,0,0
315,R3,SKU_A,5288,0,0,0
315,R3,SKU_B,578,0,0,288
315,R3,SKU_C,464,0,0,440
315,R3,SKU_D,1613,0,0,648
315,R3,SKU_E,615,0,0,385
316,Supplier,SKU_A,0,0,0,0
316,Supplier,SKU_B,0,0,0,0
316,Supplier,SKU_C,0,0,0,0
316,Supplier,SKU_D,0,0,0,0
316,Supplier,SKU_E,0,0,0,0
316,W1,SKU_A,198,0,0,1207
316,W1,SKU_B,779,0,0,605
316,W1,SKU_C,1106,0,0,751
316,W1,SKU_D,812,0,0,634
316,W1,SKU_E,0,0,1886,1205
316,W2,SKU_A,0,0,881,0
316,W2,SKU_B,0,0,259,648
316,W2,SKU_C,1061,0,0,704
316,W2,SKU_D,469,0,0,0
316,W2,SKU_E,227,0,0,565
316,R1,SKU_A,495,0,0,344
316,R1,SKU_B,39,0,0,180
316,R1,SKU_C,587,0,0,267
316,R1,SKU_D,93,0,0,173
316,R1,SKU_E,505,0,0,648
316,R2,SKU_A,1002,0,0,293
316,R2,SKU_B,276,0,0,162
316,R2,SKU_C,232,0,0,145
316,R2,SKU_D,103,0,0,194
316,R2,SKU_E,1062,0,0,0
316,R3,SKU_A,5124,0,0,0
316,R3,SKU_B,569,0,0,278
316,R3,SKU_C,460,0,0,527
316,R3,SKU_D,1795,0,0,365
316,R3,SKU_E,605,0,0,399
317,Supplier,SKU_A,0,0,0,0
317,Supplier,SKU_B,0,0,0,0
317,Supplier,SKU_C,0,0,0,0
317,Supplier,SKU_D,0,0,0,0
317,Supplier,SKU_E,0,0,0,0
317,W1,SKU_A,206,0,0,1199
317,W1,SKU_B,765,0,0,619
317,W1,SKU_C,1126,0,0,731
317,W1,SKU_D,799,0,0,647
317,W1,SKU_E,0,0,1488,807
317,W2,SKU_A,0,0,881,0
317,W2,SKU_B,0,0,319,708
317,W2,SKU_C,1070,0,0,695
317,W2,SKU_D,469,0,0,0
317,W2,SKU_E,231,0,0,561
317,R1,SKU_A,547,0,0,298
317,R1,SKU_B,80,0,0,135
317,R1,SKU_C,645,0,0,204
317,R1,SKU_D,109,0,0,154
317,R1,SKU_E,756,0,0,755
317,R2,SKU_A,1002,0,0,308
317,R2,SKU_B,265,0,0,176
317,R2,SKU_C,208,0,0,159
317,R2,SKU_D,119,0,0,191
317,R2,SKU_E,1003,0,0,0
317,R3,SKU_A,4968,0,0,0
317,R3,SKU_B,568,0,0,293
317,R3,SKU_C,514,0,0,492
317,R3,SKU_D,1995,0,0,100
317,R3,SKU_E,594,0,0,404
318,Supplier,SKU_A,0,0,0,0
318,Supplier,SKU_B,0,0,0,0
318,Supplier,SKU_C,0,0,0,0
318,Supplier,SKU_D,0,0,0,0
318,Supplier,SKU_E,0,0,0,0
318,W1,SKU_A,242,0,0,1163
318,W1,SKU_B,786,0,0,598
318,W1,SKU_C,1155,0,0,702
318,W1,SKU_D,819,0,0,627
318,W1,SKU_E,0,0,1057,376
318,W2,SKU_A,0,0,881,0
318,W2,SKU_B,0,0,357,746
318,W2,SKU_C,1085,0,0,680
318,W2,SKU_D,469,0,0,0
318,W2,SKU_E,215,0,0,577
318,R1,SKU_A,615,0,0,222
318,R1,SKU_B,109,0,0,92
318,R1,SKU_C,726,0,0,119
318,R1,SKU_D,163,0,0,113
318,R1,SKU_E,1071,0,0,829
318,R2,SKU_A,1010,0,0,303
318,R2,SKU_B,278,0,0,155
318,R2,SKU_C,230,0,0,158
318,R2,SKU_D,156,0,0,147
318,R2,SKU_E,944,0,0,0
318,R3,SKU_A,4804,0,0,0
318,R3,SKU_B,562,0,0,315
318,R3,SKU_C,543,0,0,460
318,R3,SKU_D,2024,0,0,0
318,R3,SKU_E,616,0,0,395
319,Supplier,SKU_A,0,0,0,0
319,Supplier,SKU_B,0,0,0,0
319,Supplier,SKU_C,0,0,0,0
319,Supplier,SKU_D,0,0,0,0
319,Supplier,SKU_E,0,0,0,0
319,W1,SKU_A,238,0,0,1167
319,W1,SKU_B,770,0,0,614
319,W1,SKU_C,1167,0,0,690
319,W1,SKU_D,841,0,0,605
319,W1,SKU_E,0,0,775,94
319,W2,SKU_A,0,0,881,0
319,W2,SKU_B,0,0,362,751
319,W2,SKU_C,1136,0,0,629
319,W2,SKU_D,469,0,0,0
319,W2,SKU_E,217,0,0,575
319,R1,SKU_A,591,0,0,224
319,R1,SKU_B,96,0,0,110
319,R1,SKU_C,698,0,0,128
319,R1,SKU_D,154,0,0,103
319,R1,SKU_E,1411,0,0,475
319,R2,SKU_A,1032,0,0,282
319,R2,SKU_B,291,0,0,155
319,R2,SKU_C,249,0,0,119
319,R2,SKU_D,184,0,0,134
319,R2,SKU_E,899,0,0,238
319,R3,SKU_A,4626,0,0,0
319,R3,SKU_B,577,0,0,322
319,R3,SKU_C,591,0,0,392
319,R3,SKU_D,1929,0,0,0
319,R3,SKU_E,652,0,0,347
320,Supplier,SKU_A,0,0,0,0
320,Supplier,SKU_B,0,0,0,0
320,Supplier,SKU_C,0,0,0,0
320,Supplier,SKU_D,0,0,0,0
320,Supplier,SKU_E,0,0,0,0
320,W1,SKU_A,269,0,0,1136
320,W1,SKU_B,828,0,0,556
320,W1,SKU_C,1204,0,0,653
320,W1,SKU_D,903,0,0,543
320,W1,SKU_E,0,0,681,0
320,W2,SKU_A,0,0,881,0
320,W2,SKU_B,0,0,316,705
320,W2,SKU_C,1145,0,0,620
320,W2,SKU_D,469,0,0,0
320,W2,SKU_E,227,0,0,565
320,R1,SKU_A,583,0,0,254
320,R1,SKU_B,74,0,0,119
320,R1,SKU_C,652,0,0,151
320,R1,SKU_D,157,0,0,109
320,R1,SKU_E,1787,0,0,44
320,R2,SKU_A,1058,0,0,263
320,R2,SKU_B,288,0,0,147
320,R2,SKU_C,254,0,0,128
320,R2,SKU_D,188,0,0,113
320,R2,SKU_E,856,0,0,332
320,R3,SKU_A,4429,0,0,0
320,R3,SKU_B,557,0,0,387
320,R3,SKU_C,630,0,0,313
320,R3,SKU_D,1842,0,0,0
320,R3,SKU_E,638,0,0,348
321,Supplier,SKU_A,0,0,0,0
321,Supplier,SKU_B,0,0,0,0
321,Supplier,SKU_C,0,0,0,0
321,Supplier,SKU_D,0,0,0,0
321,Supplier,SKU_E,0,0,0,0
321,W1,SKU_A,366,0,0,1039
321,W1,SKU_B,851,0,0,533
321,W1,SKU_C,1276,0,0,581
321,W1,SKU_D,958,0,0,488
321,W1,SKU_E,0,0,681,0
321,W2,SKU_A,0,0,881,0
321,W2,SKU_B,0,0,209,598
321,W2,SKU_C,1153,0,0,612
321,W2,SKU_D,469,0,0,0
321,W2,SKU_E,250,0,0,542
321,R1,SKU_A,535,0,0,254
321,R1,SKU_B,33,0,0,127
321,R1,SKU_C,579,0,0,193
321,R1,SKU_D,112,0,0,119
321,R1,SKU_E,1766,0,0,0
321,R2,SKU_A,1023,0,0,252
321,R2,SKU_B,282,0,0,153
321,R2,SKU_C,255,0,0,113
321,R2,SKU_D,156,0,0,122
321,R2,SKU_E,783,0,0,332
321,R3,SKU_A,4210,0,0,0
321,R3,SKU_B,528,0,0,457
321,R3,SKU_C,574,0,0,357
321,R3,SKU_D,1714,0,0,0
321,R3,SKU_E,607,0,0,366
322,Supplier,SKU_A,0,0,0,0
322,Supplier,SKU_B,0,0,0,0
322,Supplier,SKU_C,0,0,0,0
322,Supplier,SKU_D,0,0,0,0
322,Supplier,SKU_E,0,0,0,0
322,W1,SKU_A,296,0,0,1109
322,W1,SKU_B,789,0,0,595
322,W1,SKU_C,1185,0,0,672
322,W1,SKU_D,904,0,0,542
322,W1,SKU_E,0,0,681,0
322,W2,SKU_A,0,0,881,0
322,W2,SKU_B,0,0,93,482
322,W2,SKU_C,1180,0,0,585
322,W2,SKU_D,426,0,0,43
322,W2,SKU_E,223,0,0,569
322,R1,SKU_A,528,0,0,280
322,R1,SKU_B,24,0,0,173
322,R1,SKU_C,542,0,0,247
322,R1,SKU_D,95,0,0,145
322,R1,SKU_E,1694,0,0,0
322,R2,SKU_A,988,0,0,290
322,R2,SKU_B,299,0,0,151
322,R2,SKU_C,235,0,0,133
322,R2,SKU_D,145,0,0,147
322,R2,SKU_E,962,0,0,94
322,R3,SKU_A,3996,0,0,0
322,R3,SKU_B,530,0,0,490
322,R3,SKU_C,488,0,0,432
322,R3,SKU_D,1574,0,0,43
322,R3,SKU_E,609,0,0,391
323,Supplier,SKU_A,0,0,0,0
323,Supplier,SKU_B,0,0,0,0
323,Supplier,SKU_C,0,0,0,0
323,Supplier,SKU_D,0,0,0,0
323,Supplier,SKU_E,0,0,0,0
323,W1,SKU_A,227,0,0,1178
323,W1,SKU_B,780,0,0,604
323,W1,SKU_C,1126,0,0,731
323,W1,SKU_D,863,0,0,583
323,W1,SKU_E,0,0,681,0
323,W2,SKU_A,0,0,881,0
323,W2,SKU_B,42,0,0,347
323,W2,SKU_C,1113,0,0,652
323,W2,SKU_D,286,0,0,183
323,W2,SKU_E,219,0,0,573
323,R1,SKU_A,514,0,0,309
323,R1,SKU_B,33,0,0,169
323,R1,SKU_C,567,0,0,261
323,R1,SKU_D,77,0,0,171
323,R1,SKU_E,1639,0,0,0
323,R2,SKU_A,993,0,0,326
323,R2,SKU_B,293,0,0,147
323,R2,SKU_C,238,0,0,133
323,R2,SKU_D,124,0,0,173
323,R2,SKU_E,1005,0,0,0
323,R3,SKU_A,3804,0,0,0
323,R3,SKU_B,554,0,0,483
323,R3,SKU_C,437,0,0,515
323,R3,SKU_D,1477,0,0,183
323,R3,SKU_E,611,0,0,402
324,Supplier,SKU_A,0,0,0,0
324,Supplier,SKU_B,0,0,0,0
324,Supplier,SKU_C,0,0,0,0
324,Supplier,SKU_D,0,0,0,0
324,Supplier,SKU_E,0,0,0,0
324,W1,SKU_A,219,0,0,1186
324,W1,SKU_B,788,0,0,596
324,W1,SKU_C,1092,0,0,765
324,W1,SKU_D,829,0,0,617
324,W1,SKU_E,0,0,681,0
324,W2,SKU_A,0,0,881,0
324,W2,SKU_B,163,0,0,226
324,W2,SKU_C,1059,0,0,706
324,W2,SKU_D,189,0,0,280
324,W2,SKU_E,234,0,0,558
324,R1,SKU_A,562,0,0,275
324,R1,SKU_B,79,0,0,127
324,R1,SKU_C,620,0,0,205
324,R1,SKU_D,117,0,0,154
324,R1,SKU_E,1580,0,0,0
324,R2,SKU_A,1008,0,0,328
324,R2,SKU_B,299,0,0,142
324,R2,SKU_C,239,0,0,144
324,R2,SKU_D,131,0,0,177
324,R2,SKU_E,938,0,0,0
324,R3,SKU_A,3621,0,0,0
324,R3,SKU_B,624,0,0,354
324,R3,SKU_C,394,0,0,546
324,R3,SKU_D,1385,0,0,280
324,R3,SKU_E,628,0,0,388
325,Supplier,SKU_A,0,0,0,0
325,Supplier,SKU_B,0,0,0,0
325,Supplier,SKU_C,0,0,0,0
325,Supplier,SKU_D,0,0,0,0
325,Supplier,SKU_E,0,0,0,0
325,W1,SKU_A,263,0,0,1142
325,W1,SKU_B,783,0,0,601
325,W1,SKU_C,1106,0,0,751
325,W1,SKU_D,833,0,0,613
325,W1,SKU_E,0,0,681,0
325,W2,SKU_A,0,0,881,0
325,W2,SKU_B,264,0,0,125
325,W2,SKU_C,996,0,0,769
325,W2,SKU_D,97,0,0,372
325,W2,SKU_E,239,0,0,553
325,R1,SKU_A,598,0,0,246
325,R1,SKU_B,95,0,0,118
325,R1,SKU_C,678,0,0,169
325,R1,SKU_D,144,0,0,123
325,R1,SKU_E,1544,0,0,0
325,R2,SKU_A,1056,0,0,267
325,R2,SKU_B,301,0,0,136
325,R2,SKU_C,228,0,0,129
325,R2,SKU_D,161,0,0,147
325,R2,SKU_E,885,0,0,0
325,R3,SKU_A,3453,0,0,0
325,R3,SKU_B,708,0,0,213
325,R3,SKU_C,423,0,0,549
325,R3,SKU_D,1290,0,0,372
325,R3,SKU_E,657,0,0,358
326,Supplier,SKU_A,0,0,0,0
326,Supplier,SKU_B,0,0,0,0
326,Supplier,SKU_C,0,0,0,0
326,Supplier,SKU_D,0,0,0,0
326,Supplier,SKU_E,0,0,0,0
326,W1,SKU_A,272,0,0,1133
326,W1,SKU_B,805,0,0,579
326,W1,SKU_C,1125,0,0,732
326,W1,SKU_D,841,0,0,605
326,W1,SKU_E,0,0,681,0
326,W2,SKU_A,0,0,881,0
326,W2,SKU_B,286,0,0,103
326,W2,SKU_C,985,0,0,780
326,W2,SKU_D,2,0,0,467
326,W2,SKU_E,255,0,0,537
326,R1,SKU_A,602,0,0,225
326,R1,SKU_B,108,0,0,107
326,R1,SKU_C,678,0,0,150
326,R1,SKU_D,159,0,0,104
326,R1,SKU_E,1500,0,0,0
326,R2,SKU_A,1086,0,0,222
326,R2,SKU_B,279,0,0,149
326,R2,SKU_C,207,0,0,140
326,R2,SKU_D,172,0,0,131
326,R2,SKU_E,838,0,0,0
326,R3,SKU_A,3278,0,0,0
326,R3,SKU_B,761,0,0,158
326,R3,SKU_C,432,0,0,508
326,R3,SKU_D,1266,0,0,424
326,R3,SKU_E,684,0,0,316
327,Supplier,SKU_A,0,0,0,0
327,Supplier,SKU_B,0,0,0,0
327,Supplier,SKU_C,0,0,0,0
327,Supplier,SKU_D,0,0,0,0
327,Supplier,SKU_E,0,0,0,0
327,W1,SKU_A,343,0,0,1062
327,W1,SKU_B,853,0,0,531
327,W1,SKU_C,1160,0,0,697
327,W1,SKU_D,898,0,0,548
327,W1,SKU_E,0,0,681,0
327,W2,SKU_A,0,0,881,0
327,W2,SKU_B,261,0,0,128
327,W2,SKU_C,982,0,0,783
327,W2,SKU_D,0,0,65,534
327,W2,SKU_E,269,0,0,523
327,R1,SKU_A,601,0,0,235
327,R1,SKU_B,104,0,0,98
327,R1,SKU_C,669,0,0,147
327,R1,SKU_D,144,0,0,112
327,R1,SKU_E,1458,0,0,0
327,R2,SKU_A,1103,0,0,233
327,R2,SKU_B,277,0,0,161
327,R2,SKU_C,190,0,0,164
327,R2,SKU_D,176,0,0,125
327,R2,SKU_E,781,0,0,0
327,R3,SKU_A,3092,0,0,0
327,R3,SKU_B,770,0,0,128
327,R3,SKU_C,458,0,0,488
327,R3,SKU_D,1290,0,0,286
327,R3,SKU_E,682,0,0,316
328,Supplier,SKU_A,0,0,0,0
328,Supplier,SKU_B,0,0,0,0
328,Supplier,SKU_C,0,0,0,0
328,Supplier,SKU_D,0,0,0,0
328,Supplier,SKU_E,0,0,0,0
328,W1,SKU_A,429,0,0,976
328,W1,SKU_B,846,0,0,538
328,W1,SKU_C,1173,0,0,684
328,W1,SKU_D,923,0,0,523
328,W1,SKU_E,0,0,681,0
328,W2,SKU_A,0,0,881,0
328,W2,SKU_B,177,0,0,212
328,W2,SKU_C,997,0,0,768
328,W2,SKU_D,0,0,203,672
328,W2,SKU_E,294,0,0,498
328,R1,SKU_A,581,0,0,243
328,R1,SKU_B,75,0,0,109
328,R1,SKU_C,620,0,0,178
328,R1,SKU_D,141,0,0,123
328,R1,SKU_E,1402,0,0,0
328,R2,SKU_A,1069,0,0,233
328,R2,SKU_B,262,0,0,164
328,R2,SKU_C,145,0,0,193
328,R2,SKU_D,151,0,0,132
328,R2,SKU_E,724,0,0,0
328,R3,SKU_A,2900,0,0,0
328,R3,SKU_B,697,0,0,212
328,R3,SKU_C,433,0,0,494
328,R3,SKU_D,1276,0,0,232
328,R3,SKU_E,655,0,0,331
329,Supplier,SKU_A,0,0,0,0
329,Supplier,SKU_B,0,0,0,0
329,Supplier,SKU_C,0,0,0,0
329,Supplier,SKU_D,0,0,0,0
329,Supplier,SKU_E,0,0,0,0
329,W1,SKU_A,413,0,0,992
329,W1,SKU_B,814,0,0,570
329,W1,SKU_C,1110,0,0,747
329,W1,SKU_D,925,0,0,521
329,W1,SKU_E,0,0,681,0
329,W2,SKU_A,0,0,881,0
329,W2,SKU_B,104,0,0,285
329,W2,SKU_C,1004,0,0,761
329,W2,SKU_D,0,0,312,781
329,W2,SKU_E,280,0,0,512
329,R1,SKU_A,591,0,0,246
329,R1,SKU_B,51,0,0,140
329,R1,SKU_C,588,0,0,208
329,R1,SKU_D,139,0,0,122
329,R1,SKU_E,1334,0,0,0
329,R2,SKU_A,1038,0,0,254
329,R2,SKU_B,256,0,0,175
329,R2,SKU_C,141,0,0,212
329,R2,SKU_D,141,0,0,157
329,R2,SKU_E,661,0,0,0
329,R3,SKU_A,2690,0,0,0
329,R3,SKU_B,622,0,0,281
329,R3,SKU_C,455,0,0,507
329,R3,SKU_D,1289,0,0,280
329,R3,SKU_E,629,0,0,361
330,Supplier,SKU_A,0,0,0,0
330,Supplier,SKU_B,0,0,0,0
330,Supplier,SKU_C,0,0,0,0
330,Supplier,SKU_D,0,0,0,0
330,Supplier,SKU_E,0,0,0,0
330,W1,SKU_A,369,0,0,1036
330,W1,SKU_B,789,0,0,595
330,W1,SKU_C,1051,0,0,806
330,W1,SKU_D,905,0,0,541
330,W1,SKU_E,0,0,681,0
330,W2,SKU_A,0,0,881,0
330,W2,SKU_B,25,0,0,364
330,W2,SKU_C,1014,0,0,751
330,W2,SKU_D,0,0,403,872
330,W2,SKU_E,257,0,0,535
330,R1,SKU_A,610,0,0,245
330,R1,SKU_B,75,0,0,151
330,R1,SKU_C,629,0,0,228
330,R1,SKU_D,166,0,0,117
330,R1,SKU_E,1296,0,0,0
330,R2,SKU_A,1063,0,0,270
330,R2,SKU_B,269,0,0,172
330,R2,SKU_C,170,0,0,206
330,R2,SKU_D,142,0,0,162
330,R2,SKU_E,628,0,0,0
330,R3,SKU_A,2542,0,0,0
330,R3,SKU_B,636,0,0,299
330,R3,SKU_C,469,0,0,517
330,R3,SKU_D,1312,0,0,282
330,R3,SKU_E,615,0,0,386
331,Supplier,SKU_A,0,0,0,0
331,Supplier,SKU_B,0,0,0,0
331,Supplier,SKU_C,0,0,0,0
331,Supplier,SKU_D,0,0,0,0
331,Supplier,SKU_E,0,0,0,0
331,W1,SKU_A,390,0,0,1015
331,W1,SKU_B,806,0,0,578
331,W1,SKU_C,1080,0,0,777
331,W1,SKU_D,917,0,0,529
331,W1,SKU_E,0,0,681,0
331,W2,SKU_A,0,0,881,0
331,W2,SKU_B,0,0,18,407
331,W2,SKU_C,1060,0,0,705
331,W2,SKU_D,0,0,474,943
331,W2,SKU_E,242,0,0,550
331,R1,SKU_A,634,0,0,214
331,R1,SKU_B,107,0,0,109
331,R1,SKU_C,684,0,0,169
331,R1,SKU_D,161,0,0,98
331,R1,SKU_E,1260,0,0,0
331,R2,SKU_A,1034,0,0,273
331,R2,SKU_B,262,0,0,169
331,R2,SKU_C,165,0,0,184
331,R2,SKU_D,145,0,0,159
331,R2,SKU_E,571,0,0,0
331,R3,SKU_A,2405,0,0,0
331,R3,SKU_B,636,0,0,265
331,R3,SKU_C,522,0,0,471
331,R3,SKU_D,1241,0,0,372
331,R3,SKU_E,612,0,0,385
332,Supplier,SKU_A,0,0,0,0
332,Supplier,SKU_B,0,0,0,0
332,Supplier,SKU_C,0,0,0,0
332,Supplier,SKU_D,0,0,0,0
332,Supplier,SKU_E,0,0,0,0
332,W1,SKU_A,410,0,0,995
332,W1,SKU_B,810,0,0,574
332,W1,SKU_C,1107,0,0,750
332,W1,SKU_D,914,0,0,532
332,W1,SKU_E,0,0,701,10
332,W2,SKU_A,0,0,881,0
332,W2,SKU_B,0,0,38,427
332,W2,SKU_C,1081,0,0,684
332,W2,SKU_D,0,0,523,992
332,W2,SKU_E,224,0,0,568
332,R1,SKU_A,611,0,0,203
332,R1,SKU_B,121,0,0,84
332,R1,SKU_C,715,0,0,112
332,R1,SKU_D,154,0,0,100
332,R1,SKU_E,1227,0,0,0
332,R2,SKU_A,1041,0,0,268
332,R2,SKU_B,283,0,0,164
332,R2,SKU_C,193,0,0,173
332,R2,SKU_D,172,0,0,138
332,R2,SKU_E,518,0,0,0
332,R3,SKU_A,2274,0,0,0
332,R3,SKU_B,659,0,0,242
332,R3,SKU_C,592,0,0,424
332,R3,SKU_D,1214,0,0,424
332,R3,SKU_E,633,0,0,386
333,Supplier,SKU_A,0,0,0,0
333,Supplier,SKU_B,0,0,0,0
333,Supplier,SKU_C,0,0,0,0
333,Supplier,SKU_D,0,0,0,0
333,Supplier,SKU_E,0,0,0,0
333,W1,SKU_A,361,0,0,1044
333,W1,SKU_B,822,0,0,562
333,W1,SKU_C,1130,0,0,727
333,W1,SKU_D,921,0,0,525
333,W1,SKU_E,0,0,774,116
333,W2,SKU_A,0,0,931,50
333,W2,SKU_B,0,0,56,445
333,W2,SKU_C,1157,0,0,608
333,W2,SKU_D,0,0,575,1044
333,W2,SKU_E,243,0,0,549
333,R1,SKU_A,575,0,0,244
333,R1,SKU_B,125,0,0,105
333,R1,SKU_C,680,0,0,142
333,R1,SKU_D,121,0,0,129
333,R1,SKU_E,1185,0,0,0
333,R2,SKU_A,1044,0,0,251
333,R2,SKU_B,288,0,0,148
333,R2,SKU_C,215,0,0,160
333,R2,SKU_D,180,0,0,126
333,R2,SKU_E,472,0,0,0
333,R3,SKU_A,2122,0,0,0
333,R3,SKU_B,668,0,0,232
333,R3,SKU_C,651,0,0,335
333,R3,SKU_D,1271,0,0,351
333,R3,SKU_E,665,0,0,353
334,Supplier,SKU_A,0,0,0,0
334,Supplier,SKU_B,0,0,0,0
334,Supplier,SKU_C,0,0,0,0
334,Supplier,SKU_D,0,0,0,0
334,Supplier,SKU_E,0,0,0,0
334,W1,SKU_A,349,0,0,1056
334,W1,SKU_B,878,0,0,506
334,W1,SKU_C,1191,0,0,666
334,W1,SKU_D,930,0,0,516
334,W1,SKU_E,0,0,893,277
334,W2,SKU_A,0,0,1133,252
334,W2,SKU_B,0,0,54,443
334,W2,SKU_C,1197,0,0,568
334,W2,SKU_D,0,0,529,998
334,W2,SKU_E,263,0,0,529
334,R1,SKU_A,514,0,0,273
334,R1,SKU_B,88,0,0,91
334,R1,SKU_C,629,0,0,173
334,R1,SKU_D,96,0,0,138
334,R1,SKU_E,1133,0,0,0
334,R2,SKU_A,1007,0,0,289
334,R2,SKU_B,270,0,0,153
334,R2,SKU_C,183,0,0,161
334,R2,SKU_D,150,0,0,124
334,R2,SKU_E,409,0,0,0
334,R3,SKU_A,1888,0,0,0
334,R3,SKU_B,643,0,0,237
334,R3,SKU_C,559,0,0,311
334,R3,SKU_D,1236,0,0,435
334,R3,SKU_E,655,0,0,325
335,Supplier,SKU_A,0,0,0,0
335,Supplier,SKU_B,0,0,0,0
335,Supplier,SKU_C,0,0,0,0
335,Supplier,SKU_D,0,0,0,0
335,Supplier,SKU_E,0,0,0,0
335,W1,SKU_A,303,0,0,1102
335,W1,SKU_B,858,0,0,526
335,W1,SKU_C,1188,0,0,669
335,W1,SKU_D,879,0,0,567
335,W1,SKU_E,0,0,1075,511
335,W2,SKU_A,0,0,1569,688
335,W2,SKU_B,0,0,83,472
335,W2,SKU_C,1140,0,0,625
335,W2,SKU_D,0,0,366,835
335,W2,SKU_E,257,0,0,535
335,R1,SKU_A,421,0,0,300
335,R1,SKU_B,34,0,0,117
335,R1,SKU_C,519,0,0,198
335,R1,SKU_D,71,0,0,158
335,R1,SKU_E,1060,0,0,0
335,R2,SKU_A,961,0,0,300
335,R2,SKU_B,249,0,0,161
335,R2,SKU_C,161,0,0,166
335,R2,SKU_D,125,0,0,154
335,R2,SKU_E,332,0,0,0
335,R3,SKU_A,1624,0,0,0
335,R3,SKU_B,581,0,0,281
335,R3,SKU_C,501,0,0,427
335,R3,SKU_D,1161,0,0,592
335,R3,SKU_E,604,0,0,346
336,Supplier,SKU_A,0,0,0,0
336,Supplier,SKU_B,0,0,0,0
336,Supplier,SKU_C,0,0,0,0
336,Supplier,SKU_D,0,0,0,0
336,Supplier,SKU_E,0,0,0,0
336,W1,SKU_A,97,0,0,1308
336,W1,SKU_B,752,0,0,632
336,W1,SKU_C,999,0,0,858
336,W1,SKU_D,800,0,0,646
336,W1,SKU_E,0,0,1334,843
336,W2,SKU_A,0,0,2269,1388
336,W2,SKU_B,0,0,124,513
336,W2,SKU_C,1106,0,0,659
336,W2,SKU_D,0,0,182,651
336,W2,SKU_E,217,0,0,575
336,R1,SKU_A,347,0,0,398
336,R1,SKU_B,0,24,0,196
336,R1,SKU_C,444,0,0,303
336,R1,SKU_D,36,0,0,179
336,R1,SKU_E,997,0,0,0
336,R2,SKU_A,899,0,0,348
336,R2,SKU_B,242,0,0,198
336,R2,SKU_C,127,0,0,205
336,R2,SKU_D,106,0,0,185
336,R2,SKU_E,276,0,0,0
336,R3,SKU_A,1406,0,0,0
336,R3,SKU_B,575,0,0,299
336,R3,SKU_C,448,0,0,492
336,R3,SKU_D,1101,0,0,685
336,R3,SKU_E,592,0,0,393
337,Supplier,SKU_A,0,0,0,0
337,Supplier,SKU_B,0,0,0,0
337,Supplier,SKU_C,0,0,0,0
337,Supplier,SKU_D,0,0,0,0
337,Supplier,SKU_E,0,0,0,0
337,W1,SKU_A,0,0,66,1471
337,W1,SKU_B,717,0,0,643
337,W1,SKU_C,876,0,0,981
337,W1,SKU_D,743,0,0,703
337,W1,SKU_E,0,0,1639,1211
337,W2,SKU_A,0,0,3187,2306
337,W2,SKU_B,0,0,185,574
337,W2,SKU_C,1060,0,0,705
337,W2,SKU_D,0,0,19,488
337,W2,SKU_E,201,0,0,591
337,R1,SKU_A,391,0,0,440
337,R1,SKU_B,26,0,0,203
337,R1,SKU_C,492,0,0,358
337,R1,SKU_D,59,0,0,198
337,R1,SKU_E,963,0,0,0
337,R2,SKU_A,920,0,0,330
337,R2,SKU_B,249,0,0,194
337,R2,SKU_C,118,0,0,248
337,R2,SKU_D,97,0,0,200
337,R2,SKU_E,228,0,0,10
337,R3,SKU_A,1273,0,0,0
337,R3,SKU_B,596,0,0,283
337,R3,SKU_C,418,0,0,568
337,R3,SKU_D,1093,0,0,781
337,R3,SKU_E,594,0,0,427
338,Supplier,SKU_A,0,0,0,0
338,Supplier,SKU_B,0,0,0,0
338,Supplier,SKU_C,0,0,0,0
338,Supplier,SKU_D,0,0,0,0
338,Supplier,SKU_E,0,0,0,0
338,W1,SKU_A,0,0,108,1513
338,W1,SKU_B,737,0,0,647
338,W1,SKU_C,899,0,0,958
338,W1,SKU_D,733,0,0,713
338,W1,SKU_E,0,0,1886,1492
338,W2,SKU_A,0,0,4238,3357
338,W2,SKU_B,0,0,207,596
338,W2,SKU_C,1053,0,0,712
338,W2,SKU_D,125,0,0,344
338,W2,SKU_E,225,0,0,567
338,R1,SKU_A,533,0,0,330
338,R1,SKU_B,91,0,0,125
338,R1,SKU_C,614,0,0,225
338,R1,SKU_D,100,0,0,170
338,R1,SKU_E,920,0,0,0
338,R2,SKU_A,945,0,0,334
338,R2,SKU_B,263,0,0,174
338,R2,SKU_C,142,0,0,226
338,R2,SKU_D,139,0,0,177
338,R2,SKU_E,192,0,0,116
338,R3,SKU_A,1152,0,0,0
338,R3,SKU_B,603,0,0,280
338,R3,SKU_C,441,0,0,568
338,R3,SKU_D,1193,0,0,619
338,R3,SKU_E,586,0,0,424
339,Supplier,SKU_A,0,0,0,0
339,Supplier,SKU_B,0,0,0,0
339,Supplier,SKU_C,0,0,0,0
339,Supplier,SKU_D,0,0,0,0
339,Supplier,SKU_E,0,0,0,0
339,W1,SKU_A,0,0,80,1485
339,W1,SKU_B,724,0,0,660
339,W1,SKU_C,909,0,0,948
339,W1,SKU_D,763,0,0,683
339,W1,SKU_E,0,0,2008,1657
339,W2,SKU_A,0,0,5360,4479
339,W2,SKU_B,0,0,225,614
339,W2,SKU_C,1046,0,0,719
339,W2,SKU_D,244,0,0,225
339,W2,SKU_E,216,0,0,576
339,R1,SKU_A,640,0,0,212
339,R1,SKU_B,135,0,0,81
339,R1,SKU_C,713,0,0,133
339,R1,SKU_D,162,0,0,115
339,R1,SKU_E,881,0,0,0
339,R2,SKU_A,1018,0,0,344
339,R2,SKU_B,295,0,0,147
339,R2,SKU_C,186,0,0,185
339,R2,SKU_D,169,0,0,140
339,R2,SKU_E,137,0,0,277
339,R3,SKU_A,1019,0,0,50
339,R3,SKU_B,623,0,0,288
339,R3,SKU_C,588,0,0,429
339,R3,SKU_D,1370,0,0,370
339,R3,SKU_E,623,0,0,394
340,Supplier,SKU_A,0,0,0,0
340,Supplier,SKU_B,0,0,0,0
340,Supplier,SKU_C,0,0,0,0
340,Supplier,SKU_D,0,0,0,0
340,Supplier,SKU_E,0,0,0,0
340,W1,SKU_A,51,0,0,1354
340,W1,SKU_B,780,0,0,604
340,W1,SKU_C,980,0,0,877
340,W1,SKU_D,841,0,0,605
340,W1,SKU_E,0,0,1951,1639
340,W2,SKU_A,0,0,6413,5532
340,W2,SKU_B,0,0,214,603
340,W2,SKU_C,1077,0,0,688
340,W2,SKU_D,362,0,0,107
340,W2,SKU_E,215,0,0,577
340,R1,SKU_A,653,0,0,191
340,R1,SKU_B,116,0,0,94
340,R1,SKU_C,677,0,0,137
340,R1,SKU_D,158,0,0,95
340,R1,SKU_E,846,0,0,0
340,R2,SKU_A,1035,0,0,375
340,R2,SKU_B,305,0,0,145
340,R2,SKU_C,232,0,0,146
340,R2,SKU_D,194,0,0,122
340,R2,SKU_E,91,0,0,501
340,R3,SKU_A,866,0,0,252
340,R3,SKU_B,648,0,0,291
340,R3,SKU_C,634,0,0,340
340,R3,SKU_D,1471,0,0,199
340,R3,SKU_E,689,0,0,327
341,Supplier,SKU_A,0,0,0,0
341,Supplier,SKU_B,0,0,0,0
341,Supplier,SKU_C,0,0,0,0
341,Supplier,SKU_D,0,0,0,0
341,Supplier,SKU_E,0,0,0,0
341,W1,SKU_A,313,0,0,1082
341,W1,SKU_B,879,0,0,505
341,W1,SKU_C,1128,0,0,729
341,W1,SKU_D,902,0,0,544
341,W1,SKU_E,0,0,1619,1341
341,W2,SKU_A,0,0,7183,6302
341,W2,SKU_B,0,0,155,544
341,W2,SKU_C,1181,0,0,584
341,W2,SKU_D,361,0,0,108
341,W2,SKU_E,251,0,0,541
341,R1,SKU_A,624,0,0,210
341,R1,SKU_B,67,0,0,100
341,R1,SKU_C,643,0,0,162
341,R1,SKU_D,139,0,0,112
341,R1,SKU_E,776,0,0,0
341,R2,SKU_A,1032,0,0,267
341,R2,SKU_B,291,0,0,138
341,R2,SKU_C,223,0,0,134
341,R2,SKU_D,184,0,0,103
341,R2,SKU_E,127,0,0,727
341,R3,SKU_A,691,0,0,688
341,R3,SKU_B,620,0,0,346
341,R3,SKU_C,673,0,0,306
341,R3,SKU_D,1540,0,0,123
341,R3,SKU_E,697,0,0,296
342,Supplier,SKU_A,0,0,0,0
342,Supplier,SKU_B,0,0,0,0
342,Supplier,SKU_C,0,0,0,0
342,Supplier,SKU_D,0,0,0,0
342,Supplier,SKU_E,0,0,0,0
342,W1,SKU_A,454,0,0,951
342,W1,SKU_B,839,0,0,545
342,W1,SKU_C,1211,0,0,646
342,W1,SKU_D,934,0,0,512
342,W1,SKU_E,0,0,1241,963
342,W2,SKU_A,0,0,7428,6547
342,W2,SKU_B,0,0,51,440
342,W2,SKU_C,1232,0,0,533
342,W2,SKU_D,271,0,0,198
342,W2,SKU_E,294,0,0,498
342,R1,SKU_A,543,0,0,228
342,R1,SKU_B,15,0,0,149
342,R1,SKU_C,548,0,0,203
342,R1,SKU_D,83,0,0,138
342,R1,SKU_E,709,0,0,0
342,R2,SKU_A,1072,0,0,219
342,R2,SKU_B,267,0,0,146
342,R2,SKU_C,198,0,0,145
342,R2,SKU_D,146,0,0,132
342,R2,SKU_E,217,0,0,944
342,R3,SKU_A,497,0,0,1388
342,R3,SKU_B,619,0,0,385
342,R3,SKU_C,594,0,0,313
342,R3,SKU_D,1409,0,0,198
342,R3,SKU_E,652,0,0,324
343,Supplier,SKU_A,0,0,0,0
343,Supplier,SKU_B,0,0,0,0
343,Supplier,SKU_C,0,0,0,0
343,Supplier,SKU_D,0,0,0,0
343,Supplier,SKU_E,0,0,0,0
343,W1,SKU_A,435,0,0,970
343,W1,SKU_B,768,0,0,616
343,W1,SKU_C,1089,0,0,768
343,W1,SKU_D,879,0,0,567
343,W1,SKU_E,0,0,854,576
343,W2,SKU_A,0,0,6949,6068
343,W2,SKU_B,57,0,0,332
343,W2,SKU_C,1199,0,0,566
343,W2,SKU_D,121,0,0,348
343,W2,SKU_E,285,0,0,507
343,R1,SKU_A,473,0,0,301
343,R1,SKU_B,0,25,0,195
343,R1,SKU_C,505,0,0,266
343,R1,SKU_D,58,0,0,170
343,R1,SKU_E,634,0,0,0
343,R2,SKU_A,1079,0,0,210
343,R2,SKU_B,241,0,0,175
343,R2,SKU_C,167,0,0,173
343,R2,SKU_D,131,0,0,163
343,R2,SKU_E,385,0,0,1097
343,R3,SKU_A,331,0,0,2256
343,R3,SKU_B,616,0,0,355
343,R3,SKU_C,520,0,0,415
343,R3,SKU_D,1269,0,0,348
343,R3,SKU_E,620,0,0,358
344,Supplier,SKU_A,0,0,0,0
344,Supplier,SKU_B,0,0,0,0
344,Supplier,SKU_C,0,0,0,0
344,Supplier,SKU_D,0,0,0,0
344,Supplier,SKU_E,0,0,0,0
344,W1,SKU_A,356,0,0,1049
344,W1,SKU_B,701,0,0,658
344,W1,SKU_C,993,0,0,864
344,W1,SKU_D,815,0,0,631
344,W1,SKU_E,0,0,550,250
344,W2,SKU_A,0,0,5898,5017
344,W2,SKU_B,149,0,0,240
344,W2,SKU_C,1148,0,0,617
344,W2,SKU_D,0,0,19,488
344,W2,SKU_E,242,0,0,550
344,R1,SKU_A,464,0,0,361
344,R1,SKU_B,8,0,0,192
344,R1,SKU_C,516,0,0,300
344,R1,SKU_D,72,0,0,193
344,R1,SKU_E,585,0,0,22
344,R2,SKU_A,988,0,0,321
344,R2,SKU_B,226,0,0,209
344,R2,SKU_C,142,0,0,211
344,R2,SKU_D,114,0,0,185
344,R2,SKU_E,661,0,0,1069
344,R3,SKU_A,390,0,0,3105
344,R3,SKU_B,627,0,0,284
344,R3,SKU_C,507,0,0,497
344,R3,SKU_D,1194,0,0,452
344,R3,SKU_E,618,0,0,397
345,Supplier,SKU_A,0,0,0,0
345,Supplier,SKU_B,0,0,0,0
345,Supplier,SKU_C,0,0,0,0
345,Supplier,SKU_D,0,0,0,0
345,Supplier,SKU_E,0,0,0,0
345,W1,SKU_A,276,0,0,1129
345,W1,SKU_B,678,0,0,706
345,W1,SKU_C,945,0,0,912
345,W1,SKU_D,793,0,0,653
345,W1,SKU_E,0,0,383,34
345,W2,SKU_A,0,0,4726,3845
345,W2,SKU_B,177,0,0,212
345,W2,SKU_C,1143,0,0,622
345,W2,SKU_D,0,0,130,599
345,W2,SKU_E,247,0,0,545
345,R1,SKU_A,496,0,0,307
345,R1,SKU_B,35,0,0,156
345,R1,SKU_C,573,0,0,235
345,R1,SKU_D,105,0,0,149
345,R1,SKU_E,543,0,0,71
345,R2,SKU_A,994,0,0,311
345,R2,SKU_B,220,0,0,203
345,R2,SKU_C,146,0,0,215
345,R2,SKU_D,127,0,0,173
345,R2,SKU_E,988,0,0,858
345,R3,SKU_A,660,0,0,3841
345,R3,SKU_B,657,0,0,253
345,R3,SKU_C,514,0,0,467
345,R3,SKU_D,1208,0,0,365
345,R3,SKU_E,619,0,0,398
346,Supplier,SKU_A,0,0,0,0
346,Supplier,SKU_B,0,0,0,0
346,Supplier,SKU_C,0,0,0,0
346,Supplier,SKU_D,0,0,0,0
346,Supplier,SKU_E,0,0,0,0
346,W1,SKU_A,130,0,0,1275
346,W1,SKU_B,632,0,0,752
346,W1,SKU_C,922,0,0,935
346,W1,SKU_D,778,0,0,668
346,W1,SKU_E,0,0,391,0
346,W2,SKU_A,0,0,3471,2590
346,W2,SKU_B,176,0,0,213
346,W2,SKU_C,1107,0,0,658
346,W2,SKU_D,0,0,297,766
346,W2,SKU_E,247,0,0,545
346,R1,SKU_A,571,0,0,278
346,R1,SKU_B,77,0,0,135
346,R1,SKU_C,609,0,0,198
346,R1,SKU_D,133,0,0,123
346,R1,SKU_E,523,0,0,83
346,R2,SKU_A,993,0,0,297
346,R2,SKU_B,219,0,0,193
346,R2,SKU_C,140,0,0,197
346,R2,SKU_D,134,0,0,151
346,R2,SKU_E,1319,0,0,471
346,R3,SKU_A,1208,0,0,4396
346,R3,SKU_B,725,0,0,205
346,R3,SKU_C,533,0,0,465
346,R3,SKU_D,1225,0,0,288
346,R3,SKU_E,641,0,0,374
347,Supplier,SKU_A,0,0,0,0
347,Supplier,SKU_B,0,0,0,0
347,Supplier,SKU_C,0,0,0,0
347,Supplier,SKU_D,0,0,0,0
347,Supplier,SKU_E,0,0,0,0
347,W1,SKU_A,146,0,0,1259
347,W1,SKU_B,660,0,0,724
347,W1,SKU_C,904,0,0,953
347,W1,SKU_D,781,0,0,665
347,W1,SKU_E,0,0,441,0
347,W2,SKU_A,0,0,2265,1384
347,W2,SKU_B,167,0,0,222
347,W2,SKU_C,1131,0,0,634
347,W2,SKU_D,0,0,454,923
347,W2,SKU_E,246,0,0,546
347,R1,SKU_A,545,0,0,254
347,R1,SKU_B,81,0,0,123
347,R1,SKU_C,598,0,0,207
347,R1,SKU_D,124,0,0,132
347,R1,SKU_E,528,0,0,34
347,R2,SKU_A,1002,0,0,296
347,R2,SKU_B,228,0,0,197
347,R2,SKU_C,156,0,0,200
347,R2,SKU_D,133,0,0,160
347,R2,SKU_E,1555,0,0,167
347,R3,SKU_A,1955,0,0,4684
347,R3,SKU_B,720,0,0,206
347,R3,SKU_C,597,0,0,374
347,R3,SKU_D,1275,0,0,225
347,R3,SKU_E,677,0,0,335
348,Supplier,SKU_A,0,0,0,0
348,Supplier,SKU_B,0,0,0,0
348,Supplier,SKU_C,0,0,0,0
348,Supplier,SKU_D,0,0,0,0
348,Supplier,SKU_E,0,0,0,0
348,W1,SKU_A,181,0,0,1224
348,W1,SKU_B,712,0,0,672
348,W1,SKU_C,971,0,0,886
348,W1,SKU_D,831,0,0,615
348,W1,SKU_E,0,0,535,0
348,W2,SKU_A,0,0,1320,439
348,W2,SKU_B,127,0,0,262
348,W2,SKU_C,1123,0,0,642
348,W2,SKU_D,0,0,617,1086
348,W2,SKU_E,265,0,0,527
348,R1,SKU_A,556,0,0,258
348,R1,SKU_B,81,0,0,110
348,R1,SKU_C,603,0,0,210
348,R1,SKU_D,124,0,0,130
348,R1,SKU_E,507,0,0,0
348,R2,SKU_A,995,0,0,307
348,R2,SKU_B,226,0,0,207
348,R2,SKU_C,160,0,0,197
348,R2,SKU_D,127,0,0,166
348,R2,SKU_E,1656,0,0,0
348,R3,SKU_A,2834,0,0,4578
348,R3,SKU_B,656,0,0,251
348,R3,SKU_C,619,0,0,338
348,R3,SKU_D,1289,0,0,198
348,R3,SKU_E,697,0,0,301
349,Supplier,SKU_A,0,0,0,0
349,Supplier,SKU_B,0,0,0,0
349,Supplier,SKU_C,0,0,0,0
349,Supplier,SKU_D,0,0,0,0
349,Supplier,SKU_E,0,0,0,0
349,W1,SKU_A,234,0,0,1171
349,W1,SKU_B,725,0,0,659
349,W1,SKU_C,1030,0,0,827
349,W1,SKU_D,856,0,0,590
349,W1,SKU_E,0,0,684,0
349,W2,SKU_A,0,0,881,0
349,W2,SKU_B,52,0,0,337
349,W2,SKU_C,1173,0,0,592
349,W2,SKU_D,0,0,737,1206
349,W2,SKU_E,287,0,0,505
349,R1,SKU_A,484,0,0,293
349,R1,SKU_B,23,0,0,131
349,R1,SKU_C,552,0,0,204
349,R1,SKU_D,102,0,0,132
349,R1,SKU_E,436,0,0,0
349,R2,SKU_A,967,0,0,310
349,R2,SKU_B,243,0,0,197
349,R2,SKU_C,148,0,0,201
349,R2,SKU_D,99,0,0,173
349,R2,SKU_E,1590,0,0,0
349,R3,SKU_A,3794,0,0,3845
349,R3,SKU_B,651,0,0,255
349,R3,SKU_C,566,0,0,385
349,R3,SKU_D,1154,0,0,348
349,R3,SKU_E,666,0,0,318
350,Supplier,SKU_A,0,0,0,0
350,Supplier,SKU_B,0,0,0,0
350,Supplier,SKU_C,0,0,0,0
350,Supplier,SKU_D,0,0,0,0
350,Supplier,SKU_E,0,0,0,0
350,W1,SKU_A,154,0,0,1251
350,W1,SKU_B,709,0,0,675
350,W1,SKU_C,966,0,0,891
350,W1,SKU_D,798,0,0,648
350,W1,SKU_E,0,0,904,0
350,W2,SKU_A,0,0,881,0
350,W2,SKU_B,0,0,13,402
350,W2,SKU_C,1189,0,0,576
350,W2,SKU_D,0,0,852,1321
350,W2,SKU_E,293,0,0,499
350,R1,SKU_A,470,0,0,315
350,R1,SKU_B,0,17,0,181
350,R1,SKU_C,535,0,0,253
350,R1,SKU_D,78,0,0,154
350,R1,SKU_E,373,0,0,0
350,R2,SKU_A,967,0,0,323
350,R2,SKU_B,280,0,0,169
350,R2,SKU_C,160,0,0,189
350,R2,SKU_D,96,0,0,186
350,R2,SKU_E,1529,0,0,0
350,R3,SKU_A,4825,0,0,2590
350,R3,SKU_B,661,0,0,246
350,R3,SKU_C,545,0,0,415
350,R3,SKU_D,1048,0,0,471
350,R3,SKU_E,640,0,0,351
351,Supplier,SKU_A,0,0,0,0
351,Supplier,SKU_B,0,0,0,0
351,Supplier,SKU_C,0,0,0,0
351,Supplier,SKU_D,0,0,0,0
351,Supplier,SKU_E,0,0,0,0
351,W1,SKU_A,121,0,0,1284
351,W1,SKU_B,708,0,0,659
351,W1,SKU_C,934,0,0,923
351,W1,SKU_D,758,0,0,688
351,W1,SKU_E,0,0,1187,162
351,W2,SKU_A,0,0,881,0
351,W2,SKU_B,0,0,17,406
351,W2,SKU_C,1145,0,0,620
351,W2,SKU_D,0,0,979,1448
351,W2,SKU_E,269,0,0,523
351,R1,SKU_A,487,0,0,344
351,R1,SKU_B,0,3,0,208
351,R1,SKU_C,555,0,0,278
351,R1,SKU_D,94,0,0,176
351,R1,SKU_E,326,0,0,0
351,R2,SKU_A,966,0,0,331
351,R2,SKU_B,301,0,0,145
351,R2,SKU_C,151,0,0,196
351,R2,SKU_D,70,0,0,197
351,R2,SKU_E,1469,0,0,0
351,R3,SKU_A,5875,0,0,1384
351,R3,SKU_B,658,0,0,265
351,R3,SKU_C,514,0,0,453
351,R3,SKU_D,1056,0,0,495
351,R3,SKU_E,621,0,0,375
352,Supplier,SKU_A,0,0,0,0
352,Supplier,SKU_B,0,0,0,0
352,Supplier,SKU_C,0,0,0,0
352,Supplier,SKU_D,0,0,0,0
352,Supplier,SKU_E,0,0,0,0
352,W1,SKU_A,110,0,0,1295
352,W1,SKU_B,735,0,0,646
352,W1,SKU_C,970,0,0,887
352,W1,SKU_D,754,0,0,692
352,W1,SKU_E,0,0,1517,552
352,W2,SKU_A,0,0,881,0
352,W2,SKU_B,0,0,4,393
352,W2,SKU_C,1131,0,0,634
352,W2,SKU_D,0,0,1001,1470
352,W2,SKU_E,248,0,0,544
352,R1,SKU_A,560,0,0,290
352,R1,SKU_B,67,0,0,157
352,R1,SKU_C,653,0,0,201
352,R1,SKU_D,127,0,0,140
352,R1,SKU_E,288,0,0,0
352,R2,SKU_A,973,0,0,336
352,R2,SKU_B,301,0,0,132
352,R2,SKU_C,160,0,0,206
352,R2,SKU_D,81,0,0,223
352,R2,SKU_E,1410,0,0,0
352,R3,SKU_A,6708,0,0,439
352,R3,SKU_B,668,0,0,281
352,R3,SKU_C,529,0,0,457
352,R3,SKU_D,1078,0,0,585
352,R3,SKU_E,626,0,0,391
353,Supplier,SKU_A,0,0,0,0
353,Supplier,SKU_B,0,0,0,0
353,Supplier,SKU_C,0,0,0,0
353,Supplier,SKU_D,0,0,0,0
353,Supplier,SKU_E,0,0,0,0
353,W1,SKU_A,172,0,0,1233
353,W1,SKU_B,763,0,0,621
353,W1,SKU_C,1029,0,0,828
353,W1,SKU_D,776,0,0,670
353,W1,SKU_E,0,0,1885,979
353,W2,SKU_A,0,0,881,0
353,W2,SKU_B,15,0,0,374
353,W2,SKU_C,1119,0,0,646
353,W2,SKU_D,0,0,851,1320
353,W2,SKU_E,250,0,0,542
353,R1,SKU_A,616,0,0,225
353,R1,SKU_B,116,0,0,97
353,R1,SKU_C,686,0,0,135
353,R1,SKU_D,163,0,0,105
353,R1,SKU_E,248,0,0,0
353,R2,SKU_A,1021,0,0,304
353,R2,SKU_B,284,0,0,139
353,R2,SKU_C,173,0,0,189
353,R2,SKU_D,118,0,0,191
353,R2,SKU_E,1374,0,0,0
353,R3,SKU_A,6991,0,0,0
353,R3,SKU_B,694,0,0,243
353,R3,SKU_C,567,0,0,428
353,R3,SKU_D,1171,0,0,679
353,R3,SKU_E,646,0,0,372
354,Supplier,SKU_A,0,0,0,0
354,Supplier,SKU_B,0,0,0,0
354,Supplier,SKU_C,0,0,0,0
354,Supplier,SKU_D,0,0,0,0
354,Supplier,SKU_E,0,0,0,0
354,W1,SKU_A,222,0,0,1183
354,W1,SKU_B,775,0,0,609
354,W1,SKU_C,1042,0,0,815
354,W1,SKU_D,806,0,0,640
354,W1,SKU_E,0,0,2293,1423
354,W2,SKU_A,0,0,881,0
354,W2,SKU_B,26,0,0,363
354,W2,SKU_C,1143,0,0,622
354,W2,SKU_D,0,0,594,1063
354,W2,SKU_E,256,0,0,536
354,R1,SKU_A,617,0,0,215
354,R1,SKU_B,111,0,0,89
354,R1,SKU_C,703,0,0,147
354,R1,SKU_D,166,0,0,107
354,R1,SKU_E,198,0,0,0
354,R2,SKU_A,1036,0,0,269
354,R2,SKU_B,266,0,0,165
354,R2,SKU_C,196,0,0,176
354,R2,SKU_D,151,0,0,164
354,R2,SKU_E,1312,0,0,0
354,R3,SKU_A,6838,0,0,0
354,R3,SKU_B,692,0,0,225
354,R3,SKU_C,613,0,0,384
354,R3,SKU_D,1212,0,0,796
354,R3,SKU_E,665,0,0,338
355,Supplier,SKU_A,0,0,0,0
355,Supplier,SKU_B,0,0,0,0
355,Supplier,SKU_C,0,0,0,0
355,Supplier,SKU_D,0,0,0,0
355,Supplier,SKU_E,0,0,0,0
355,W1,SKU_A,305,0,0,1100
355,W1,SKU_B,812,0,0,572
355,W1,SKU_C,1159,0,0,698
355,W1,SKU_D,888,0,0,558
355,W1,SKU_E,0,0,2751,1943
355,W2,SKU_A,0,0,881,0
355,W2,SKU_B,36,0,0,353
355,W2,SKU_C,1183,0,0,582
355,W2,SKU_D,0,0,324,793
355,W2,SKU_E,261,0,0,531
355,R1,SKU_A,588,0,0,233
355,R1,SKU_B,70,0,0,113
355,R1,SKU_C,675,0,0,151
355,R1,SKU_D,165,0,0,101
355,R1,SKU_E,157,0,0,0
355,R2,SKU_A,1048,0,0,261
355,R2,SKU_B,228,0,0,180
355,R2,SKU_C,202,0,0,151
355,R2,SKU_D,167,0,0,116
355,R2,SKU_E,1263,0,0,0
355,R3,SKU_A,6665,0,0,0
355,R3,SKU_B,674,0,0,219
355,R3,SKU_C,607,0,0,347
355,R3,SKU_D,1229,0,0,955
355,R3,SKU_E,652,0,0,326
356,Supplier,SKU_A,0,0,0,0
356,Supplier,SKU_B,0,0,0,0
356,Supplier,SKU_C,0,0,0,0
356,Supplier,SKU_D,0,0,0,0
356,Supplier,SKU_E,0,0,0,0
356,W1,SKU_A,360,0,0,1045
356,W1,SKU_B,773,0,0,611
356,W1,SKU_C,1201,0,0,656
356,W1,SKU_D,923,0,0,523
356,W1,SKU_E,0,0,3088,2329
356,W2,SKU_A,0,0,881,0
356,W2,SKU_B,23,0,0,366
356,W2,SKU_C,1186,0,0,579
356,W2,SKU_D,0,0,69,538
356,W2,SKU_E,255,0,0,537
356,R1,SKU_A,534,0,0,253
356,R1,SKU_B,0,15,0,143
356,R1,SKU_C,618,0,0,146
356,R1,SKU_D,137,0,0,103
356,R1,SKU_E,91,0,0,162
356,R2,SKU_A,1017,0,0,261
356,R2,SKU_B,216,0,0,205
356,R2,SKU_C,163,0,0,164
356,R2,SKU_D,130,0,0,137
356,R2,SKU_E,1203,0,0,0
356,R3,SKU_A,6472,0,0,0
356,R3,SKU_B,663,0,0,236
356,R3,SKU_C,591,0,0,360
356,R3,SKU_D,1286,0,0,1026
356,R3,SKU_E,628,0,0,344
357,Supplier,SKU_A,0,0,0,0
357,Supplier,SKU_B,0,0,0,0
357,Supplier,SKU_C,0,0,0,0
357,Supplier,SKU_D,0,0,0,0
357,Supplier,SKU_E,0,0,0,0
357,W1,SKU_A,297,0,0,1108
357,W1,SKU_B,685,0,0,684
357,W1,SKU_C,1112,0,0,745
357,W1,SKU_D,893,0,0,553
357,W1,SKU_E,0,0,3101,2402
357,W2,SKU_A,0,0,881,0
357,W2,SKU_B,15,0,0,374
357,W2,SKU_C,1177,0,0,588
357,W2,SKU_D,169,0,0,300
357,W2,SKU_E,236,0,0,556
357,R1,SKU_A,468,0,0,298
357,R1,SKU_B,0,82,0,215
357,R1,SKU_C,540,0,0,232
357,R1,SKU_D,102,0,0,136
357,R1,SKU_E,21,0,0,552
357,R2,SKU_A,960,0,0,308
357,R2,SKU_B,194,0,0,207
357,R2,SKU_C,125,0,0,199
357,R2,SKU_D,105,0,0,179
357,R2,SKU_E,1131,0,0,0
357,R3,SKU_A,6261,0,0,0
357,R3,SKU_B,633,0,0,282
357,R3,SKU_C,548,0,0,395
357,R3,SKU_D,1410,0,0,851
357,R3,SKU_E,594,0,0,389
358,Supplier,SKU_A,0,0,0,0
358,Supplier,SKU_B,0,0,0,0
358,Supplier,SKU_C,0,0,0,0
358,Supplier,SKU_D,0,0,0,0
358,Supplier,SKU_E,0,0,0,0
358,W1,SKU_A,172,0,0,1233
358,W1,SKU_B,565,0,0,737
358,W1,SKU_C,988,0,0,869
358,W1,SKU_D,844,0,0,602
358,W1,SKU_E,0,0,2757,2130
358,W2,SKU_A,0,0,881,0
358,W2,SKU_B,7,0,0,382
358,W2,SKU_C,1153,0,0,612
358,W2,SKU_D,375,0,0,94
358,W2,SKU_E,223,0,0,569
358,R1,SKU_A,462,0,0,353
358,R1,SKU_B,0,73,0,265
358,R1,SKU_C,544,0,0,286
358,R1,SKU_D,88,0,0,164
358,R1,SKU_E,127,0,0,817
358,R2,SKU_A,940,0,0,345
358,R2,SKU_B,186,0,0,237
358,R2,SKU_C,87,0,0,247
358,R2,SKU_D,90,0,0,210
358,R2,SKU_E,1076,0,0,0
358,R3,SKU_A,6123,0,0,0
358,R3,SKU_B,632,0,0,304
358,R3,SKU_C,560,0,0,447
358,R3,SKU_D,1587,0,0,594
358,R3,SKU_E,587,0,0,424
359,Supplier,SKU_A,0,0,0,0
359,Supplier,SKU_B,0,0,0,0
359,Supplier,SKU_C,0,0,0,0
359,Supplier,SKU_D,0,0,0,0
359,Supplier,SKU_E,0,0,0,0
359,W1,SKU_A,106,0,0,1299
359,W1,SKU_B,544,0,0,767
359,W1,SKU_C,969,0,0,888
359,W1,SKU_D,819,0,0,627
359,W1,SKU_E,0,0,2313,1686
359,W2,SKU_A,0,0,881,0
359,W2,SKU_B,0,0,6,395
359,W2,SKU_C,1174,0,0,591
359,W2,SKU_D,469,0,0,0
359,W2,SKU_E,217,0,0,575
359,R1,SKU_A,443,0,0,325
359,R1,SKU_B,25,0,0,201
359,R1,SKU_C,577,0,0,220
359,R1,SKU_D,91,0,0,152
359,R1,SKU_E,476,0,0,871
359,R2,SKU_A,926,0,0,369
359,R2,SKU_B,209,0,0,222
359,R2,SKU_C,83,0,0,266
359,R2,SKU_D,106,0,0,193
359,R2,SKU_E,1025,0,0,0
359,R3,SKU_A,5979,0,0,0
359,R3,SKU_B,639,0,0,279
359,R3,SKU_C,551,0,0,437
359,R3,SKU_D,1771,0,0,324
359,R3,SKU_E,592,0,0,416
360,Supplier,SKU_A,0,0,0,0
360,Supplier,SKU_B,0,0,0,0
360,Supplier,SKU_C,0,0,0,0
360,Supplier,SKU_D,0,0,0,0
360,Supplier,SKU_E,0,0,0,0
360,W1,SKU_A,32,0,0,1373
360,W1,SKU_B,570,0,0,814
360,W1,SKU_C,893,0,0,964
360,W1,SKU_D,773,0,0,673
360,W1,SKU_E,0,0,1793,1166
360,W2,SKU_A,0,0,881,0
360,W2,SKU_B,0,0,25,414
360,W2,SKU_C,1167,0,0,598
360,W2,SKU_D,469,0,0,0
360,W2,SKU_E,207,0,0,585
360,R1,SKU_A,497,0,0,323
360,R1,SKU_B,105,0,0,108
360,R1,SKU_C,633,0,0,195
360,R1,SKU_D,118,0,0,147
360,R1,SKU_E,873,0,0,964
360,R2,SKU_A,950,0,0,352
360,R2,SKU_B,227,0,0,212
360,R2,SKU_C,123,0,0,244
360,R2,SKU_D,132,0,0,161
360,R2,SKU_E,977,0,0,0
360,R3,SKU_A,5837,0,0,0
360,R3,SKU_B,692,0,0,235
360,R3,SKU_C,601,0,0,403
360,R3,SKU_D,1941,0,0,69
360,R3,SKU_E,640,0,0,386
361,Supplier,SKU_A,0,0,0,0
361,Supplier,SKU_B,0,0,0,0
361,Supplier,SKU_C,0,0,0,0
361,Supplier,SKU_D,0,0,0,0
361,Supplier,SKU_E,0,0,0,0
361,W1,SKU_A,24,0,0,1381
361,W1,SKU_B,631,0,0,753
361,W1,SKU_C,909,0,0,948
361,W1,SKU_D,782,0,0,664
361,W1,SKU_E,0,0,1245,618
361,W2,SKU_A,0,0,881,0
361,W2,SKU_B,0,0,15,404
361,W2,SKU_C,1174,0,0,591
361,W2,SKU_D,469,0,0,0
361,W2,SKU_E,230,0,0,562
361,R1,SKU_A,495,0,0,318
361,R1,SKU_B,120,0,0,87
361,R1,SKU_C,622,0,0,197
361,R1,SKU_D,129,0,0,134
361,R1,SKU_E,1276,0,0,1068
361,R2,SKU_A,1002,0,0,318
361,R2,SKU_B,274,0,0,174
361,R2,SKU_C,158,0,0,201
361,R2,SKU_D,142,0,0,152
361,R2,SKU_E,926,0,0,0
361,R3,SKU_A,5692,0,0,0
361,R3,SKU_B,703,0,0,217
361,R3,SKU_C,640,0,0,350
361,R3,SKU_D,1924,0,0,0
361,R3,SKU_E,691,0,0,332
362,Supplier,SKU_A,0,0,0,0
362,Supplier,SKU_B,0,0,0,0
362,Supplier,SKU_C,0,0,0,0
362,Supplier,SKU_D,0,0,0,0
362,Supplier,SKU_E,0,0,0,0
362,W1,SKU_A,92,0,0,1313
362,W1,SKU_B,722,0,0,662
362,W1,SKU_C,996,0,0,861
362,W1,SKU_D,832,0,0,614
362,W1,SKU_E,0,0,782,155
362,W2,SKU_A,0,0,881,0
362,W2,SKU_B,12,0,0,377
362,W2,SKU_C,1210,0,0,555
362,W2,SKU_D,469,0,0,0
362,W2,SKU_E,275,0,0,517
362,R1,SKU_A,555,0,0,273
362,R1,SKU_B,82,0,0,106
362,R1,SKU_C,659,0,0,175
362,R1,SKU_D,145,0,0,114
362,R1,SKU_E,1758,0,0,1011
362,R2,SKU_A,1031,0,0,283
362,R2,SKU_B,292,0,0,149
362,R2,SKU_C,195,0,0,176
362,R2,SKU_D,133,0,0,158
362,R2,SKU_E,873,0,0,0
362,R3,SKU_A,5522,0,0,0
362,R3,SKU_B,688,0,0,227
362,R3,SKU_C,655,0,0,303
362,R3,SKU_D,1817,0,0,0
362,R3,SKU_E,710,0,0,292
363,Supplier,SKU_A,0,0,0,0
363,Supplier,SKU_B,0,0,0,0
363,Supplier,SKU_C,0,0,0,0
363,Supplier,SKU_D,0,0,0,0
363,Supplier,SKU_E,0,0,0,0
363,W1,SKU_A,200,0,0,1205
363,W1,SKU_B,750,0,0,634
363,W1,SKU_C,1105,0,0,752
363,W1,SKU_D,860,0,0,586
363,W1,SKU_E,0,0,627,0
363,W2,SKU_A,0,0,881,0
363,W2,SKU_B,28,0,0,361
363,W2,SKU_C,1217,0,0,548
363,W2,SKU_D,469,0,0,0
363,W2,SKU_E,305,0,0,487
363,R1,SKU_A,530,0,0,265
363,R1,SKU_B,26,0,0,131
363,R1,SKU_C,597,0,0,169
363,R1,SKU_D,117,0,0,120
363,R1,SKU_E,2239,0,0,618
363,R2,SKU_A,1030,0,0,264
363,R2,SKU_B,284,0,0,139
363,R2,SKU_C,182,0,0,154
363,R2,SKU_D,125,0,0,166
363,R2,SKU_E,816,0,0,0
363,R3,SKU_A,5309,0,0,0
363,R3,SKU_B,642,0,0,254
363,R3,SKU_C,538,0,0,352
363,R3,SKU_D,1676,0,0,0
363,R3,SKU_E,695,0,0,301
364,Supplier,SKU_A,0,0,0,0
364,Supplier,SKU_B,0,0,0,0
364,Supplier,SKU_C,0,0,0,0
364,Supplier,SKU_D,0,0,0,0
364,Supplier,SKU_E,0,0,0,0
364,W1,SKU_A,189,0,0,1216
364,W1,SKU_B,724,0,0,660
364,W1,SKU_C,1043,0,0,814
364,W1,SKU_D,836,0,0,610
364,W1,SKU_E,0,0,627,0
364,W2,SKU_A,0,0,881,0
364,W2,SKU_B,9,0,0,380
364,W2,SKU_C,1164,0,0,601
364,W2,SKU_D,388,0,0,81
364,W2,SKU_E,318,0,0,474
364,R1,SKU_A,508,0,0,283
364,R1,SKU_B,0,4,0,181
364,R1,SKU_C,564,0,0,222
364,R1,SKU_D,87,0,0,146
364,R1,SKU_E,2633,0,0,155
364,R2,SKU_A,1007,0,0,272
364,R2,SKU_B,269,0,0,155
364,R2,SKU_C,184,0,0,185
364,R2,SKU_D,127,0,0,168
364,R2,SKU_E,763,0,0,0
364,R3,SKU_A,5143,0,0,0
364,R3,SKU_B,633,0,0,295
364,R3,SKU_C,523,0,0,450
364,R3,SKU_D,1595,0,0,81
364,R3,SKU_E,691,0,0,313
