t,node_id,sku,on_hand,backlog_external,backlog_children,pipeline_in
0,Supplier,SKU_A,0,0,0,0
0,Supplier,SKU_B,0,0,0,0
0,Supplier,SKU_C,0,0,0,0
0,Supplier,SKU_D,0,0,0,0
0,Supplier,SKU_E,0,0,0,0
0,W1,SKU_A,1736,0,0,0
0,W1,SKU_B,942,0,0,0
0,W1,SKU_C,1093,0,0,0
0,W1,SKU_D,825,0,0,0
0,W1,SKU_E,749,0,0,0
0,W2,SKU_A,1849,0,0,0
0,W2,SKU_B,639,0,0,0
0,W2,SKU_C,1067,0,0,0
0,W2,SKU_D,1046,0,0,0
0,W2,SKU_E,648,0,0,0
0,R1,SKU_A,453,0,0,0
0,R1,SKU_B,252,0,0,0
0,R1,SKU_C,315,0,0,0
0,R1,SKU_D,229,0,0,0
0,R1,SKU_E,164,0,0,0
0,R2,SKU_A,370,0,0,0
0,R2,SKU_B,242,0,0,0
0,R2,SKU_C,224,0,0,0
0,R2,SKU_D,172,0,0,0
0,R2,SKU_E,225,0,0,0
0,R3,SKU_A,1138,0,0,0
0,R3,SKU_B,414,0,0,0
0,R3,SKU_C,645,0,0,0
0,R3,SKU_D,669,0,0,0
0,R3,SKU_E,391,0,0,0
1,Supplier,SKU_A,0,0,0,0
1,Supplier,SKU_B,0,0,0,0
1,Supplier,SKU_C,0,0,0,0
1,Supplier,SKU_D,0,0,0,0
1,Supplier,SKU_E,0,0,0,0
1,W1,SKU_A,808,0,0,2248
1,W1,SKU_B,499,0,0,376
1,W1,SKU_C,681,0,0,513
1,W1,SKU_D,81,0,0,485
1,W1,SKU_E,299,0,0,473
1,W2,SKU_A,589,0,0,1407
1,W2,SKU_B,560,0,0,269
1,W2,SKU_C,483,0,0,1151
1,W2,SKU_D,1044,0,0,0
1,W2,SKU_E,0,0,10,313
1,R1,SKU_A,359,0,0,426
1,R1,SKU_B,224,0,0,351
1,R1,SKU_C,249,0,0,412
1,R1,SKU_D,199,0,0,584
1,R1,SKU_E,137,0,0,129
1,R2,SKU_A,258,0,0,502
1,R2,SKU_B,191,0,0,92
1,R2,SKU_C,167,0,0,0
1,R2,SKU_D,132,0,0,160
1,R2,SKU_E,187,0,0,321
1,R3,SKU_A,969,0,0,1260
1,R3,SKU_B,375,0,0,79
1,R3,SKU_C,537,0,0,584
1,R3,SKU_D,596,0,0,2
1,R3,SKU_E,333,0,0,648
2,Supplier,SKU_A,0,0,0,0
2,Supplier,SKU_B,0,0,0,0
2,Supplier,SKU_C,0,0,0,0
2,Supplier,SKU_D,0,0,0,0
2,Supplier,SKU_E,0,0,0,0
2,W1,SKU_A,602,0,0,2248
2,W1,SKU_B,420,0,0,376
2,W1,SKU_C,584,0,0,513
2,W1,SKU_D,11,0,0,485
2,W1,SKU_E,234,0,0,473
2,W2,SKU_A,420,0,0,1407
2,W2,SKU_B,521,0,0,269
2,W2,SKU_C,375,0,0,1151
2,W2,SKU_D,971,0,0,0
2,W2,SKU_E,0,0,78,313
2,R1,SKU_A,273,0,0,426
2,R1,SKU_B,199,0,0,351
2,R1,SKU_C,191,0,0,412
2,R1,SKU_D,167,0,0,584
2,R1,SKU_E,95,0,0,129
2,R2,SKU_A,175,0,0,502
2,R2,SKU_B,148,0,0,92
2,R2,SKU_C,115,0,0,0
2,R2,SKU_D,101,0,0,160
2,R2,SKU_E,159,0,0,321
2,R3,SKU_A,773,0,0,1260
2,R3,SKU_B,337,0,0,79
2,R3,SKU_C,471,0,0,584
2,R3,SKU_D,538,0,0,2
2,R3,SKU_E,267,0,0,648
3,Supplier,SKU_A,0,0,0,0
3,Supplier,SKU_B,0,0,0,0
3,Supplier,SKU_C,0,0,0,0
3,Supplier,SKU_D,0,0,0,0
3,Supplier,SKU_E,0,0,0,0
3,W1,SKU_A,227,0,0,2248
3,W1,SKU_B,273,0,0,376
3,W1,SKU_C,377,0,0,513
3,W1,SKU_D,0,0,122,485
3,W1,SKU_E,99,0,0,473
3,W2,SKU_A,55,0,0,1407
3,W2,SKU_B,444,0,0,269
3,W2,SKU_C,201,0,0,1151
3,W2,SKU_D,840,0,0,0
3,W2,SKU_E,0,0,212,313
3,R1,SKU_A,611,0,0,0
3,R1,SKU_B,521,0,0,0
3,R1,SKU_C,539,0,0,0
3,R1,SKU_D,714,0,0,0
3,R1,SKU_E,190,0,0,0
3,R2,SKU_A,85,0,0,809
3,R2,SKU_B,93,0,0,237
3,R2,SKU_C,73,0,0,114
3,R2,SKU_D,64,0,0,200
3,R2,SKU_E,137,0,0,425
3,R3,SKU_A,627,0,0,1260
3,R3,SKU_B,293,0,0,79
3,R3,SKU_C,381,0,0,584
3,R3,SKU_D,476,0,0,2
3,R3,SKU_E,218,0,0,648
4,Supplier,SKU_A,0,0,0,0
4,Supplier,SKU_B,0,0,0,0
4,Supplier,SKU_C,0,0,0,0
4,Supplier,SKU_D,0,0,0,0
4,Supplier,SKU_E,0,0,0,0
4,W1,SKU_A,0,0,41,3382
4,W1,SKU_B,187,0,0,833
4,W1,SKU_C,178,0,0,1208
4,W1,SKU_D,0,0,289,1017
4,W1,SKU_E,0,0,4,864
4,W2,SKU_A,0,0,456,2452
4,W2,SKU_B,323,0,0,506
4,W2,SKU_C,0,0,63,1697
4,W2,SKU_D,647,0,0,0
4,W2,SKU_E,0,0,395,968
4,R1,SKU_A,524,0,0,501
4,R1,SKU_B,480,0,0,163
4,R1,SKU_C,458,0,0,378
4,R1,SKU_D,673,0,0,41
4,R1,SKU_E,146,0,0,195
4,R2,SKU_A,486,0,0,307
4,R2,SKU_B,122,0,0,145
4,R2,SKU_C,17,0,0,114
4,R2,SKU_D,181,0,0,40
4,R2,SKU_E,434,0,0,104
4,R3,SKU_A,446,0,0,1849
4,R3,SKU_B,227,0,0,316
4,R3,SKU_C,266,0,0,1067
4,R3,SKU_D,397,0,0,399
4,R3,SKU_E,154,0,0,648
5,Supplier,SKU_A,0,0,0,0
5,Supplier,SKU_B,0,0,0,0
5,Supplier,SKU_C,0,0,0,0
5,Supplier,SKU_D,0,0,0,0
5,Supplier,SKU_E,0,0,0,0
5,W1,SKU_A,0,0,120,3382
5,W1,SKU_B,120,0,0,833
5,W1,SKU_C,111,0,0,1208
5,W1,SKU_D,0,0,499,1017
5,W1,SKU_E,0,0,12,864
5,W2,SKU_A,0,0,559,2452
5,W2,SKU_B,323,0,0,506
5,W2,SKU_C,0,0,63,1697
5,W2,SKU_D,647,0,0,0
5,W2,SKU_E,0,0,642,968
5,R1,SKU_A,396,0,0,501
5,R1,SKU_B,403,0,0,163
5,R1,SKU_C,350,0,0,378
5,R1,SKU_D,626,0,0,41
5,R1,SKU_E,87,0,0,195
5,R2,SKU_A,378,0,0,307
5,R2,SKU_B,52,0,0,145
5,R2,SKU_C,0,72,0,114
5,R2,SKU_D,126,0,0,40
5,R2,SKU_E,379,0,0,104
5,R3,SKU_A,1460,0,0,589
5,R3,SKU_B,240,0,0,237
5,R3,SKU_C,687,0,0,483
5,R3,SKU_D,298,0,0,397
5,R3,SKU_E,725,0,0,0
6,Supplier,SKU_A,0,0,0,0
6,Supplier,SKU_B,0,0,0,0
6,Supplier,SKU_C,0,0,0,0
6,Supplier,SKU_D,0,0,0,0
6,Supplier,SKU_E,0,0,0,0
6,W1,SKU_A,1941,0,0,1134
6,W1,SKU_B,322,0,0,457
6,W1,SKU_C,468,0,0,695
6,W1,SKU_D,0,0,326,532
6,W1,SKU_E,387,0,0,391
6,W2,SKU_A,0,0,908,2452
6,W2,SKU_B,307,0,0,506
6,W2,SKU_C,0,0,122,1697
6,W2,SKU_D,647,0,0,0
6,W2,SKU_E,0,0,966,968
6,R1,SKU_A,731,0,0,0
6,R1,SKU_B,486,0,0,0
6,R1,SKU_C,613,0,0,0
6,R1,SKU_D,603,0,0,0
6,R1,SKU_E,215,0,0,0
6,R2,SKU_A,566,0,0,266
6,R2,SKU_B,123,0,0,208
6,R2,SKU_C,0,62,0,234
6,R2,SKU_D,118,0,0,90
6,R2,SKU_E,416,0,0,71
6,R3,SKU_A,1204,0,0,589
6,R3,SKU_B,181,0,0,237
6,R3,SKU_C,538,0,0,483
6,R3,SKU_D,195,0,0,397
6,R3,SKU_E,598,0,0,0
7,Supplier,SKU_A,0,0,0,0
7,Supplier,SKU_B,0,0,0,0
7,Supplier,SKU_C,0,0,0,0
7,Supplier,SKU_D,0,0,0,0
7,Supplier,SKU_E,0,0,0,0
7,W1,SKU_A,1753,0,0,1262
7,W1,SKU_B,202,0,0,661
7,W1,SKU_C,328,0,0,830
7,W1,SKU_D,0,0,660,1239
7,W1,SKU_E,250,0,0,507
7,W2,SKU_A,0,0,106,2657
7,W2,SKU_B,501,0,0,328
7,W2,SKU_C,821,0,0,872
7,W2,SKU_D,568,0,0,0
7,W2,SKU_E,0,0,1104,1708
7,R1,SKU_A,595,0,0,0
7,R1,SKU_B,408,0,0,0
7,R1,SKU_C,491,0,0,0
7,R1,SKU_D,540,0,0,0
7,R1,SKU_E,155,0,0,0
7,R2,SKU_A,441,0,0,266
7,R2,SKU_B,57,0,0,208
7,R2,SKU_C,0,143,0,234
7,R2,SKU_D,77,0,0,90
7,R2,SKU_E,361,0,0,71
7,R3,SKU_A,964,0,0,589
7,R3,SKU_B,85,0,0,237
7,R3,SKU_C,396,0,0,483
7,R3,SKU_D,90,0,0,397
7,R3,SKU_E,501,0,0,0
8,Supplier,SKU_A,0,0,0,0
8,Supplier,SKU_B,0,0,0,0
8,Supplier,SKU_C,0,0,0,0
8,Supplier,SKU_D,0,0,0,0
8,Supplier,SKU_E,0,0,0,0
8,W1,SKU_A,1304,0,0,1262
8,W1,SKU_B,0,0,62,661
8,W1,SKU_C,0,0,15,830
8,W1,SKU_D,0,0,1098,1239
8,W1,SKU_E,0,0,2,507
8,W2,SKU_A,0,0,951,2657
8,W2,SKU_B,330,0,0,328
8,W2,SKU_C,471,0,0,872
8,W2,SKU_D,384,0,0,0
8,W2,SKU_E,0,0,1652,1708
8,R1,SKU_A,497,0,0,473
8,R1,SKU_B,356,0,0,349
8,R1,SKU_C,430,0,0,350
8,R1,SKU_D,505,0,0,395
8,R1,SKU_E,109,0,0,231
8,R2,SKU_A,336,0,0,471
8,R2,SKU_B,1,0,0,218
8,R2,SKU_C,0,194,0,352
8,R2,SKU_D,48,0,0,90
8,R2,SKU_E,319,0,0,242
8,R3,SKU_A,1374,0,0,1407
8,R3,SKU_B,257,0,0,262
8,R3,SKU_C,769,0,0,680
8,R3,SKU_D,410,0,0,263
8,R3,SKU_E,429,0,0,313
9,Supplier,SKU_A,0,0,0,0
9,Supplier,SKU_B,0,0,0,0
9,Supplier,SKU_C,0,0,0,0
9,Supplier,SKU_D,0,0,0,0
9,Supplier,SKU_E,0,0,0,0
9,W1,SKU_A,2373,0,0,853
9,W1,SKU_B,280,0,0,612
9,W1,SKU_C,640,0,0,455
9,W1,SKU_D,0,0,760,1269
9,W1,SKU_E,389,0,0,436
9,W2,SKU_A,0,0,951,2657
9,W2,SKU_B,330,0,0,553
9,W2,SKU_C,471,0,0,943
9,W2,SKU_D,384,0,0,283
9,W2,SKU_E,0,0,1959,2262
9,R1,SKU_A,402,0,0,473
9,R1,SKU_B,326,0,0,349
9,R1,SKU_C,382,0,0,350
9,R1,SKU_D,471,0,0,395
9,R1,SKU_E,74,0,0,231
9,R2,SKU_A,497,0,0,270
9,R2,SKU_B,173,0,0,187
9,R2,SKU_C,0,16,0,173
9,R2,SKU_D,85,0,0,49
9,R2,SKU_E,346,0,0,173
9,R3,SKU_A,1245,0,0,1407
9,R3,SKU_B,193,0,0,262
9,R3,SKU_C,681,0,0,680
9,R3,SKU_D,339,0,0,263
9,R3,SKU_E,361,0,0,313
10,Supplier,SKU_A,0,0,0,0
10,Supplier,SKU_B,0,0,0,0
10,Supplier,SKU_C,0,0,0,0
10,Supplier,SKU_D,0,0,0,0
10,Supplier,SKU_E,0,0,0,0
10,W1,SKU_A,2264,0,0,853
10,W1,SKU_B,280,0,0,612
10,W1,SKU_C,599,0,0,455
10,W1,SKU_D,0,0,958,1269
10,W1,SKU_E,362,0,0,436
10,W2,SKU_A,94,0,0,1612
10,W2,SKU_B,529,0,0,316
10,W2,SKU_C,1017,0,0,397
10,W2,SKU_D,315,0,0,283
10,W2,SKU_E,0,0,1679,1607
10,R1,SKU_A,764,0,0,0
10,R1,SKU_B,645,0,0,0
10,R1,SKU_C,651,0,0,0
10,R1,SKU_D,823,0,0,0
10,R1,SKU_E,274,0,0,0
10,R2,SKU_A,395,0,0,270
10,R2,SKU_B,127,0,0,187
10,R2,SKU_C,0,66,0,173
10,R2,SKU_D,55,0,0,49
10,R2,SKU_E,305,0,0,173
10,R3,SKU_A,1045,0,0,1407
10,R3,SKU_B,136,0,0,262
10,R3,SKU_C,593,0,0,680
10,R3,SKU_D,265,0,0,263
10,R3,SKU_E,291,0,0,313
11,Supplier,SKU_A,0,0,0,0
11,Supplier,SKU_B,0,0,0,0
11,Supplier,SKU_C,0,0,0,0
11,Supplier,SKU_D,0,0,0,0
11,Supplier,SKU_E,0,0,0,0
11,W1,SKU_A,1942,0,0,853
11,W1,SKU_B,260,0,0,612
11,W1,SKU_C,432,0,0,455
11,W1,SKU_D,0,0,1186,1269
11,W1,SKU_E,275,0,0,436
11,W2,SKU_A,94,0,0,1612
11,W2,SKU_B,434,0,0,316
11,W2,SKU_C,1017,0,0,397
11,W2,SKU_D,172,0,0,283
11,W2,SKU_E,0,0,2124,1607
11,R1,SKU_A,668,0,0,119
11,R1,SKU_B,600,0,0,0
11,R1,SKU_C,587,0,0,76
11,R1,SKU_D,783,0,0,483
11,R1,SKU_E,224,0,0,19
11,R2,SKU_A,503,0,0,377
11,R2,SKU_B,103,0,0,197
11,R2,SKU_C,13,0,0,187
11,R2,SKU_D,26,0,0,49
11,R2,SKU_E,429,0,0,97
11,R3,SKU_A,861,0,0,2358
11,R3,SKU_B,54,0,0,395
11,R3,SKU_C,480,0,0,680
11,R3,SKU_D,179,0,0,475
11,R3,SKU_E,192,0,0,968
12,Supplier,SKU_A,0,0,0,0
12,Supplier,SKU_B,0,0,0,0
12,Supplier,SKU_C,0,0,0,0
12,Supplier,SKU_D,0,0,0,0
12,Supplier,SKU_E,0,0,0,0
12,W1,SKU_A,1978,0,0,1222
12,W1,SKU_B,427,0,0,448
12,W1,SKU_C,503,0,0,1086
12,W1,SKU_D,0,0,736,849
12,W1,SKU_E,321,0,0,485
12,W2,SKU_A,94,0,0,1648
12,W2,SKU_B,390,0,0,480
12,W2,SKU_C,948,0,0,950
12,W2,SKU_D,155,0,0,453
12,W2,SKU_E,0,0,2124,2856
12,R1,SKU_A,528,0,0,119
12,R1,SKU_B,530,0,0,0
12,R1,SKU_C,516,0,0,76
12,R1,SKU_D,745,0,0,483
12,R1,SKU_E,172,0,0,19
12,R2,SKU_A,461,0,0,312
12,R2,SKU_B,198,0,0,54
12,R2,SKU_C,16,0,0,132
12,R2,SKU_D,26,0,0,707
12,R2,SKU_E,375,0,0,115
12,R3,SKU_A,2050,0,0,951
12,R3,SKU_B,243,0,0,133
12,R3,SKU_C,1001,0,0,0
12,R3,SKU_D,348,0,0,212
12,R3,SKU_E,413,0,0,655
13,Supplier,SKU_A,0,0,0,0
13,Supplier,SKU_B,0,0,0,0
13,Supplier,SKU_C,0,0,0,0
13,Supplier,SKU_D,0,0,0,0
13,Supplier,SKU_E,0,0,0,0
13,W1,SKU_A,1647,0,0,1222
13,W1,SKU_B,272,0,0,448
13,W1,SKU_C,318,0,0,1086
13,W1,SKU_D,0,0,736,849
13,W1,SKU_E,163,0,0,485
13,W2,SKU_A,1706,0,0,36
13,W2,SKU_B,364,0,0,389
13,W2,SKU_C,1046,0,0,624
13,W2,SKU_D,44,0,0,453
13,W2,SKU_E,0,0,1071,1803
13,R1,SKU_A,492,0,0,0
13,R1,SKU_B,441,0,0,0
13,R1,SKU_C,490,0,0,0
13,R1,SKU_D,1160,0,0,0
13,R1,SKU_E,121,0,0,0
13,R2,SKU_A,328,0,0,312
13,R2,SKU_B,136,0,0,54
13,R2,SKU_C,0,54,0,132
13,R2,SKU_D,0,28,0,707
13,R2,SKU_E,318,0,0,115
13,R3,SKU_A,1763,0,0,951
13,R3,SKU_B,127,0,0,294
13,R3,SKU_C,787,0,0,297
13,R3,SKU_D,210,0,0,340
13,R3,SKU_E,286,0,0,1708
14,Supplier,SKU_A,0,0,0,0
14,Supplier,SKU_B,0,0,0,0
14,Supplier,SKU_C,0,0,0,0
14,Supplier,SKU_D,0,0,0,0
14,Supplier,SKU_E,0,0,0,0
14,W1,SKU_A,1753,0,0,497
14,W1,SKU_B,374,0,0,40
14,W1,SKU_C,281,0,0,766
14,W1,SKU_D,0,0,174,287
14,W1,SKU_E,198,0,0,165
14,W2,SKU_A,1706,0,0,36
14,W2,SKU_B,292,0,0,389
14,W2,SKU_C,901,0,0,624
14,W2,SKU_D,0,0,77,453
14,W2,SKU_E,0,0,1071,1803
14,R1,SKU_A,343,0,0,711
14,R1,SKU_B,370,0,0,238
14,R1,SKU_C,396,0,0,436
14,R1,SKU_D,1100,0,0,0
14,R1,SKU_E,43,0,0,324
14,R2,SKU_A,511,0,0,331
14,R2,SKU_B,107,0,0,260
14,R2,SKU_C,27,0,0,170
14,R2,SKU_D,0,73,0,1269
14,R2,SKU_E,360,0,0,189
14,R3,SKU_A,1449,0,0,951
14,R3,SKU_B,68,0,0,294
14,R3,SKU_C,660,0,0,297
14,R3,SKU_D,117,0,0,340
14,R3,SKU_E,210,0,0,1708
15,Supplier,SKU_A,0,0,0,0
15,Supplier,SKU_B,0,0,0,0
15,Supplier,SKU_C,0,0,0,0
15,Supplier,SKU_D,0,0,0,0
15,Supplier,SKU_E,0,0,0,0
15,W1,SKU_A,1723,0,0,1636
15,W1,SKU_B,374,0,0,918
15,W1,SKU_C,280,0,0,835
15,W1,SKU_D,0,0,174,287
15,W1,SKU_E,198,0,0,772
15,W2,SKU_A,1706,0,0,288
15,W2,SKU_B,386,0,0,551
15,W2,SKU_C,700,0,0,898
15,W2,SKU_D,0,0,8,772
15,W2,SKU_E,0,0,517,1249
15,R1,SKU_A,202,0,0,711
15,R1,SKU_B,336,0,0,238
15,R1,SKU_C,320,0,0,436
15,R1,SKU_D,1039,0,0,0
15,R1,SKU_E,0,6,0,324
15,R2,SKU_A,416,0,0,331
15,R2,SKU_B,98,0,0,226
15,R2,SKU_C,0,20,0,170
15,R2,SKU_D,592,0,0,562
15,R2,SKU_E,336,0,0,169
15,R3,SKU_A,2196,0,0,0
15,R3,SKU_B,145,0,0,364
15,R3,SKU_C,559,0,0,714
15,R3,SKU_D,241,0,0,455
15,R3,SKU_E,801,0,0,1607
16,Supplier,SKU_A,0,0,0,0
16,Supplier,SKU_B,0,0,0,0
16,Supplier,SKU_C,0,0,0,0
16,Supplier,SKU_D,0,0,0,0
16,Supplier,SKU_E,0,0,0,0
16,W1,SKU_A,1598,0,0,1636
16,W1,SKU_B,335,0,0,918
16,W1,SKU_C,232,0,0,835
16,W1,SKU_D,0,0,174,287
16,W1,SKU_E,157,0,0,772
16,W2,SKU_A,1504,0,0,288
16,W2,SKU_B,386,0,0,551
16,W2,SKU_C,700,0,0,898
16,W2,SKU_D,0,0,8,772
16,W2,SKU_E,0,0,517,1249
16,R1,SKU_A,792,0,0,0
16,R1,SKU_B,547,0,0,0
16,R1,SKU_C,703,0,0,0
16,R1,SKU_D,1009,0,0,0
16,R1,SKU_E,281,0,0,0
16,R2,SKU_A,328,0,0,331
16,R2,SKU_B,52,0,0,226
16,R2,SKU_C,0,62,0,170
16,R2,SKU_D,552,0,0,562
16,R2,SKU_E,298,0,0,169
16,R3,SKU_A,2023,0,0,0
16,R3,SKU_B,89,0,0,364
16,R3,SKU_C,473,0,0,714
16,R3,SKU_D,158,0,0,455
16,R3,SKU_E,738,0,0,1607
17,Supplier,SKU_A,0,0,0,0
17,Supplier,SKU_B,0,0,0,0
17,Supplier,SKU_C,0,0,0,0
17,Supplier,SKU_D,0,0,0,0
17,Supplier,SKU_E,0,0,0,0
17,W1,SKU_A,1795,0,0,1139
17,W1,SKU_B,263,0,0,878
17,W1,SKU_C,884,0,0,69
17,W1,SKU_D,113,0,0,0
17,W1,SKU_E,231,0,0,607
17,W2,SKU_A,1129,0,0,288
17,W2,SKU_B,346,0,0,551
17,W2,SKU_C,658,0,0,898
17,W2,SKU_D,0,0,66,772
17,W2,SKU_E,0,0,517,1249
17,R1,SKU_A,656,0,0,0
17,R1,SKU_B,520,0,0,0
17,R1,SKU_C,637,0,0,0
17,R1,SKU_D,966,0,0,0
17,R1,SKU_E,246,0,0,0
17,R2,SKU_A,569,0,0,368
17,R2,SKU_B,224,0,0,66
17,R2,SKU_C,75,0,0,139
17,R2,SKU_D,1067,0,0,174
17,R2,SKU_E,429,0,0,120
17,R3,SKU_A,1868,0,0,0
17,R3,SKU_B,194,0,0,203
17,R3,SKU_C,695,0,0,417
17,R3,SKU_D,210,0,0,327
17,R3,SKU_E,1721,0,0,554
18,Supplier,SKU_A,0,0,0,0
18,Supplier,SKU_B,0,0,0,0
18,Supplier,SKU_C,0,0,0,0
18,Supplier,SKU_D,0,0,0,0
18,Supplier,SKU_E,0,0,0,0
18,W1,SKU_A,1572,0,0,1332
18,W1,SKU_B,136,0,0,878
18,W1,SKU_C,794,0,0,645
18,W1,SKU_D,113,0,0,0
18,W1,SKU_E,184,0,0,607
18,W2,SKU_A,635,0,0,1365
18,W2,SKU_B,414,0,0,387
18,W2,SKU_C,1094,0,0,576
18,W2,SKU_D,0,0,30,602
18,W2,SKU_E,732,0,0,0
18,R1,SKU_A,569,0,0,310
18,R1,SKU_B,480,0,0,168
18,R1,SKU_C,574,0,0,114
18,R1,SKU_D,948,0,0,0
18,R1,SKU_E,207,0,0,59
18,R2,SKU_A,469,0,0,368
18,R2,SKU_B,188,0,0,66
18,R2,SKU_C,43,0,0,139
18,R2,SKU_D,1039,0,0,174
18,R2,SKU_E,395,0,0,120
18,R3,SKU_A,1669,0,0,1107
18,R3,SKU_B,138,0,0,339
18,R3,SKU_C,564,0,0,576
18,R3,SKU_D,126,0,0,497
18,R3,SKU_E,1651,0,0,1071
19,Supplier,SKU_A,0,0,0,0
19,Supplier,SKU_B,0,0,0,0
19,Supplier,SKU_C,0,0,0,0
19,Supplier,SKU_D,0,0,0,0
19,Supplier,SKU_E,0,0,0,0
19,W1,SKU_A,1537,0,0,1332
19,W1,SKU_B,56,0,0,878
19,W1,SKU_C,739,0,0,645
19,W1,SKU_D,113,0,0,0
19,W1,SKU_E,126,0,0,607
19,W2,SKU_A,635,0,0,1365
19,W2,SKU_B,398,0,0,387
19,W2,SKU_C,1005,0,0,576
19,W2,SKU_D,0,0,78,602
19,W2,SKU_E,732,0,0,0
19,R1,SKU_A,432,0,0,310
19,R1,SKU_B,434,0,0,168
19,R1,SKU_C,492,0,0,114
19,R1,SKU_D,897,0,0,0
19,R1,SKU_E,145,0,0,59
19,R2,SKU_A,345,0,0,368
19,R2,SKU_B,122,0,0,66
19,R2,SKU_C,2,0,0,139
19,R2,SKU_D,992,0,0,174
19,R2,SKU_E,351,0,0,120
19,R3,SKU_A,1479,0,0,1107
19,R3,SKU_B,280,0,0,136
19,R3,SKU_C,886,0,0,159
19,R3,SKU_D,360,0,0,170
19,R3,SKU_E,2124,0,0,517
20,Supplier,SKU_A,0,0,0,0
20,Supplier,SKU_B,0,0,0,0
20,Supplier,SKU_C,0,0,0,0
20,Supplier,SKU_D,0,0,0,0
20,Supplier,SKU_E,0,0,0,0
20,W1,SKU_A,2380,0,0,193
20,W1,SKU_B,787,0,0,0
20,W1,SKU_C,630,0,0,576
20,W1,SKU_D,113,0,0,0
20,W1,SKU_E,569,0,0,0
20,W2,SKU_A,635,0,0,1365
20,W2,SKU_B,321,0,0,387
20,W2,SKU_C,821,0,0,576
20,W2,SKU_D,0,0,219,602
20,W2,SKU_E,732,0,0,0
20,R1,SKU_A,576,0,0,0
20,R1,SKU_B,511,0,0,0
20,R1,SKU_C,504,0,0,0
20,R1,SKU_D,814,0,0,0
20,R1,SKU_E,132,0,0,0
20,R2,SKU_A,580,0,0,194
20,R2,SKU_B,113,0,0,270
20,R2,SKU_C,96,0,0,73
20,R2,SKU_D,1117,0,0,0
20,R2,SKU_E,415,0,0,106
20,R3,SKU_A,1219,0,0,1107
20,R3,SKU_B,170,0,0,136
20,R3,SKU_C,701,0,0,159
20,R3,SKU_D,235,0,0,170
20,R3,SKU_E,2037,0,0,517
21,Supplier,SKU_A,0,0,0,0
21,Supplier,SKU_B,0,0,0,0
21,Supplier,SKU_C,0,0,0,0
21,Supplier,SKU_D,0,0,0,0
21,Supplier,SKU_E,0,0,0,0
21,W1,SKU_A,1979,0,0,1575
21,W1,SKU_B,695,0,0,130
21,W1,SKU_C,378,0,0,682
21,W1,SKU_D,113,0,0,0
21,W1,SKU_E,383,0,0,457
21,W2,SKU_A,815,0,0,1181
21,W2,SKU_B,521,0,0,364
21,W2,SKU_C,797,0,0,765
21,W2,SKU_D,117,0,0,674
21,W2,SKU_E,732,0,0,0
21,R1,SKU_A,427,0,0,440
21,R1,SKU_B,430,0,0,93
21,R1,SKU_C,403,0,0,383
21,R1,SKU_D,754,0,0,0
21,R1,SKU_E,69,0,0,277
21,R2,SKU_A,458,0,0,194
21,R2,SKU_B,40,0,0,270
21,R2,SKU_C,31,0,0,73
21,R2,SKU_D,1061,0,0,0
21,R2,SKU_E,373,0,0,106
21,R3,SKU_A,1000,0,0,1179
21,R3,SKU_B,77,0,0,416
21,R3,SKU_C,556,0,0,801
21,R3,SKU_D,133,0,0,655
21,R3,SKU_E,1956,0,0,517
22,Supplier,SKU_A,0,0,0,0
22,Supplier,SKU_B,0,0,0,0
22,Supplier,SKU_C,0,0,0,0
22,Supplier,SKU_D,0,0,0,0
22,Supplier,SKU_E,0,0,0,0
22,W1,SKU_A,1747,0,0,1575
22,W1,SKU_B,591,0,0,130
22,W1,SKU_C,284,0,0,682
22,W1,SKU_D,54,0,0,0
22,W1,SKU_E,316,0,0,457
22,W2,SKU_A,596,0,0,1181
22,W2,SKU_B,521,0,0,364
22,W2,SKU_C,797,0,0,765
22,W2,SKU_D,117,0,0,674
22,W2,SKU_E,732,0,0,0
22,R1,SKU_A,305,0,0,440
22,R1,SKU_B,384,0,0,93
22,R1,SKU_C,347,0,0,383
22,R1,SKU_D,712,0,0,0
22,R1,SKU_E,25,0,0,277
22,R2,SKU_A,355,0,0,512
22,R2,SKU_B,0,13,0,294
22,R2,SKU_C,0,1,0,196
22,R2,SKU_D,1023,0,0,0
22,R2,SKU_E,319,0,0,198
22,R3,SKU_A,1950,0,0,72
22,R3,SKU_B,148,0,0,280
22,R3,SKU_C,606,0,0,642
22,R3,SKU_D,204,0,0,485
22,R3,SKU_E,2406,0,0,0
23,Supplier,SKU_A,0,0,0,0
23,Supplier,SKU_B,0,0,0,0
23,Supplier,SKU_C,0,0,0,0
23,Supplier,SKU_D,0,0,0,0
23,Supplier,SKU_E,0,0,0,0
23,W1,SKU_A,1801,0,0,1382
23,W1,SKU_B,412,0,0,130
23,W1,SKU_C,857,0,0,106
23,W1,SKU_D,0,0,47,0
23,W1,SKU_E,287,0,0,457
23,W2,SKU_A,220,0,0,1181
23,W2,SKU_B,456,0,0,364
23,W2,SKU_C,797,0,0,765
23,W2,SKU_D,117,0,0,674
23,W2,SKU_E,732,0,0,0
23,R1,SKU_A,640,0,0,0
23,R1,SKU_B,449,0,0,0
23,R1,SKU_C,667,0,0,0
23,R1,SKU_D,682,0,0,0
23,R1,SKU_E,264,0,0,0
23,R2,SKU_A,464,0,0,318
23,R2,SKU_B,214,0,0,24
23,R2,SKU_C,33,0,0,123
23,R2,SKU_D,982,0,0,0
23,R2,SKU_E,398,0,0,92
23,R3,SKU_A,1782,0,0,72
23,R3,SKU_B,84,0,0,280
23,R3,SKU_C,511,0,0,642
23,R3,SKU_D,146,0,0,485
23,R3,SKU_E,2353,0,0,0
24,Supplier,SKU_A,0,0,0,0
24,Supplier,SKU_B,0,0,0,0
24,Supplier,SKU_C,0,0,0,0
24,Supplier,SKU_D,0,0,0,0
24,Supplier,SKU_E,0,0,0,0
24,W1,SKU_A,1472,0,0,1433
24,W1,SKU_B,162,0,0,848
24,W1,SKU_C,755,0,0,881
24,W1,SKU_D,0,0,178,0
24,W1,SKU_E,202,0,0,560
24,W2,SKU_A,789,0,0,1207
24,W2,SKU_B,327,0,0,446
24,W2,SKU_C,952,0,0,735
24,W2,SKU_D,77,0,0,674
24,W2,SKU_E,732,0,0,0
24,R1,SKU_A,538,0,0,385
24,R1,SKU_B,419,0,0,360
24,R1,SKU_C,602,0,0,60
24,R1,SKU_D,652,0,0,113
24,R1,SKU_E,230,0,0,29
24,R2,SKU_A,391,0,0,413
24,R2,SKU_B,170,0,0,173
24,R2,SKU_C,0,3,0,168
24,R2,SKU_D,939,0,0,0
24,R2,SKU_E,366,0,0,177
24,R3,SKU_A,1622,0,0,1211
24,R3,SKU_B,24,0,0,474
24,R3,SKU_C,411,0,0,718
24,R3,SKU_D,65,0,0,525
24,R3,SKU_E,2287,0,0,0
25,Supplier,SKU_A,0,0,0,0
25,Supplier,SKU_B,0,0,0,0
25,Supplier,SKU_C,0,0,0,0
25,Supplier,SKU_D,0,0,0,0
25,Supplier,SKU_E,0,0,0,0
25,W1,SKU_A,1404,0,0,1433
25,W1,SKU_B,162,0,0,848
25,W1,SKU_C,657,0,0,881
25,W1,SKU_D,0,0,226,0
25,W1,SKU_E,165,0,0,560
25,W2,SKU_A,789,0,0,1207
25,W2,SKU_B,327,0,0,446
25,W2,SKU_C,852,0,0,735
25,W2,SKU_D,0,0,4,674
25,W2,SKU_E,732,0,0,0
25,R1,SKU_A,424,0,0,385
25,R1,SKU_B,370,0,0,360
25,R1,SKU_C,541,0,0,60
25,R1,SKU_D,622,0,0,113
25,R1,SKU_E,211,0,0,29
25,R2,SKU_A,616,0,0,95
25,R2,SKU_B,139,0,0,149
25,R2,SKU_C,69,0,0,45
25,R2,SKU_D,898,0,0,0
25,R2,SKU_E,419,0,0,85
25,R3,SKU_A,1510,0,0,1139
25,R3,SKU_B,250,0,0,194
25,R3,SKU_C,953,0,0,76
25,R3,SKU_D,446,0,0,40
25,R3,SKU_E,2211,0,0,0
26,Supplier,SKU_A,0,0,0,0
26,Supplier,SKU_B,0,0,0,0
26,Supplier,SKU_C,0,0,0,0
26,Supplier,SKU_D,0,0,0,0
26,Supplier,SKU_E,0,0,0,0
26,W1,SKU_A,2555,0,0,51
26,W1,SKU_B,246,0,0,718
26,W1,SKU_C,553,0,0,775
26,W1,SKU_D,0,0,304,0
26,W1,SKU_E,527,0,0,103
26,W2,SKU_A,789,0,0,1207
26,W2,SKU_B,278,0,0,446
26,W2,SKU_C,652,0,0,735
26,W2,SKU_D,0,0,189,674
26,W2,SKU_E,732,0,0,0
26,R1,SKU_A,699,0,0,0
26,R1,SKU_B,674,0,0,0
26,R1,SKU_C,511,0,0,0
26,R1,SKU_D,691,0,0,0
26,R1,SKU_E,190,0,0,0
26,R2,SKU_A,543,0,0,95
26,R2,SKU_B,73,0,0,149
26,R2,SKU_C,32,0,0,45
26,R2,SKU_D,847,0,0,0
26,R2,SKU_E,368,0,0,85
26,R3,SKU_A,1341,0,0,1139
26,R3,SKU_B,203,0,0,194
26,R3,SKU_C,852,0,0,76
26,R3,SKU_D,353,0,0,40
26,R3,SKU_E,2126,0,0,0
27,Supplier,SKU_A,0,0,0,0
27,Supplier,SKU_B,0,0,0,0
27,Supplier,SKU_C,0,0,0,0
27,Supplier,SKU_D,0,0,0,0
27,Supplier,SKU_E,0,0,0,0
27,W1,SKU_A,2141,0,0,1173
27,W1,SKU_B,134,0,0,718
27,W1,SKU_C,216,0,0,775
27,W1,SKU_D,0,0,426,966
27,W1,SKU_E,331,0,0,461
27,W2,SKU_A,857,0,0,1139
27,W2,SKU_B,546,0,0,390
27,W2,SKU_C,885,0,0,643
27,W2,SKU_D,207,0,0,286
27,W2,SKU_E,732,0,0,0
27,R1,SKU_A,538,0,0,250
27,R1,SKU_B,604,0,0,0
27,R1,SKU_C,385,0,0,407
27,R1,SKU_D,627,0,0,0
27,R1,SKU_E,129,0,0,190
27,R2,SKU_A,528,0,0,463
27,R2,SKU_B,146,0,0,158
27,R2,SKU_C,11,0,0,238
27,R2,SKU_D,793,0,0,0
27,R2,SKU_E,410,0,0,138
27,R3,SKU_A,1113,0,0,1139
27,R3,SKU_B,108,0,0,339
27,R3,SKU_C,663,0,0,677
27,R3,SKU_D,241,0,0,584
27,R3,SKU_E,2021,0,0,0
28,Supplier,SKU_A,0,0,0,0
28,Supplier,SKU_B,0,0,0,0
28,Supplier,SKU_C,0,0,0,0
28,Supplier,SKU_D,0,0,0,0
28,Supplier,SKU_E,0,0,0,0
28,W1,SKU_A,2050,0,0,1173
28,W1,SKU_B,104,0,0,718
28,W1,SKU_C,216,0,0,775
28,W1,SKU_D,0,0,612,966
28,W1,SKU_E,331,0,0,461
28,W2,SKU_A,711,0,0,1139
28,W2,SKU_B,500,0,0,390
28,W2,SKU_C,885,0,0,643
28,W2,SKU_D,207,0,0,286
28,W2,SKU_E,732,0,0,0
28,R1,SKU_A,372,0,0,250
28,R1,SKU_B,533,0,0,0
28,R1,SKU_C,284,0,0,407
28,R1,SKU_D,566,0,0,0
28,R1,SKU_E,71,0,0,190
28,R2,SKU_A,423,0,0,463
28,R2,SKU_B,76,0,0,158
28,R2,SKU_C,0,47,0,238
28,R2,SKU_D,743,0,0,0
28,R2,SKU_E,366,0,0,138
28,R3,SKU_A,2039,0,0,0
28,R3,SKU_B,245,0,0,145
28,R3,SKU_C,643,0,0,601
28,R3,SKU_D,203,0,0,544
28,R3,SKU_E,1953,0,0,0
29,Supplier,SKU_A,0,0,0,0
29,Supplier,SKU_B,0,0,0,0
29,Supplier,SKU_C,0,0,0,0
29,Supplier,SKU_D,0,0,0,0
29,Supplier,SKU_E,0,0,0,0
29,W1,SKU_A,1844,0,0,1122
29,W1,SKU_B,652,0,0,0
29,W1,SKU_C,948,0,0,0
29,W1,SKU_D,0,0,859,966
29,W1,SKU_E,360,0,0,358
29,W2,SKU_A,352,0,0,1139
29,W2,SKU_B,397,0,0,390
29,W2,SKU_C,885,0,0,643
29,W2,SKU_D,207,0,0,286
29,W2,SKU_E,732,0,0,0
29,R1,SKU_A,502,0,0,0
29,R1,SKU_B,482,0,0,0
29,R1,SKU_C,593,0,0,0
29,R1,SKU_D,516,0,0,0
29,R1,SKU_E,224,0,0,0
29,R2,SKU_A,308,0,0,463
29,R2,SKU_B,27,0,0,158
29,R2,SKU_C,0,97,0,238
29,R2,SKU_D,708,0,0,0
29,R2,SKU_E,319,0,0,138
29,R3,SKU_A,1848,0,0,0
29,R3,SKU_B,169,0,0,145
29,R3,SKU_C,538,0,0,601
29,R3,SKU_D,129,0,0,544
29,R3,SKU_E,1865,0,0,0
30,Supplier,SKU_A,0,0,0,0
30,Supplier,SKU_B,0,0,0,0
30,Supplier,SKU_C,0,0,0,0
30,Supplier,SKU_D,0,0,0,0
30,Supplier,SKU_E,0,0,0,0
30,W1,SKU_A,1366,0,0,1342
30,W1,SKU_B,382,0,0,538
30,W1,SKU_C,757,0,0,661
30,W1,SKU_D,0,0,1156,1394
30,W1,SKU_E,202,0,0,550
30,W2,SKU_A,941,0,0,1055
30,W2,SKU_B,300,0,0,380
30,W2,SKU_C,996,0,0,729
30,W2,SKU_D,207,0,0,357
30,W2,SKU_E,732,0,0,0
30,R1,SKU_A,403,0,0,725
30,R1,SKU_B,450,0,0,191
30,R1,SKU_C,533,0,0,170
30,R1,SKU_D,489,0,0,0
30,R1,SKU_E,184,0,0,101
30,R2,SKU_A,694,0,0,101
30,R2,SKU_B,135,0,0,279
30,R2,SKU_C,95,0,0,64
30,R2,SKU_D,673,0,0,0
30,R2,SKU_E,429,0,0,131
30,R3,SKU_A,1678,0,0,1055
30,R3,SKU_B,120,0,0,473
30,R3,SKU_C,460,0,0,691
30,R3,SKU_D,64,0,0,544
30,R3,SKU_E,1801,0,0,0
31,Supplier,SKU_A,0,0,0,0
31,Supplier,SKU_B,0,0,0,0
31,Supplier,SKU_C,0,0,0,0
31,Supplier,SKU_D,0,0,0,0
31,Supplier,SKU_E,0,0,0,0
31,W1,SKU_A,1289,0,0,1342
31,W1,SKU_B,382,0,0,538
31,W1,SKU_C,694,0,0,661
31,W1,SKU_D,0,0,1480,1394
31,W1,SKU_E,194,0,0,550
31,W2,SKU_A,941,0,0,1055
31,W2,SKU_B,300,0,0,380
31,W2,SKU_C,918,0,0,729
31,W2,SKU_D,144,0,0,357
31,W2,SKU_E,732,0,0,0
31,R1,SKU_A,306,0,0,725
31,R1,SKU_B,398,0,0,191
31,R1,SKU_C,474,0,0,170
31,R1,SKU_D,449,0,0,0
31,R1,SKU_E,140,0,0,101
31,R2,SKU_A,611,0,0,101
31,R2,SKU_B,91,0,0,279
31,R2,SKU_C,71,0,0,64
31,R2,SKU_D,648,0,0,0
31,R2,SKU_E,398,0,0,131
31,R3,SKU_A,1522,0,0,1055
31,R3,SKU_B,209,0,0,328
31,R3,SKU_C,963,0,0,90
31,R3,SKU_D,516,0,0,0
31,R3,SKU_E,1741,0,0,0
32,Supplier,SKU_A,0,0,0,0
32,Supplier,SKU_B,0,0,0,0
32,Supplier,SKU_C,0,0,0,0
32,Supplier,SKU_D,0,0,0,0
32,Supplier,SKU_E,0,0,0,0
32,W1,SKU_A,2251,0,0,220
32,W1,SKU_B,368,0,0,538
32,W1,SKU_C,548,0,0,661
32,W1,SKU_D,0,0,878,428
32,W1,SKU_E,483,0,0,192
32,W2,SKU_A,941,0,0,1055
32,W2,SKU_B,300,0,0,380
32,W2,SKU_C,742,0,0,729
32,W2,SKU_D,0,0,11,357
32,W2,SKU_E,732,0,0,0
32,R1,SKU_A,910,0,0,0
32,R1,SKU_B,535,0,0,0
32,R1,SKU_C,565,0,0,0
32,R1,SKU_D,412,0,0,0
32,R1,SKU_E,200,0,0,0
32,R2,SKU_A,542,0,0,101
32,R2,SKU_B,43,0,0,279
32,R2,SKU_C,36,0,0,64
32,R2,SKU_D,615,0,0,0
32,R2,SKU_E,368,0,0,131
32,R3,SKU_A,1335,0,0,1055
32,R3,SKU_B,144,0,0,328
32,R3,SKU_C,849,0,0,90
32,R3,SKU_D,438,0,0,0
32,R3,SKU_E,1666,0,0,0
33,Supplier,SKU_A,0,0,0,0
33,Supplier,SKU_B,0,0,0,0
33,Supplier,SKU_C,0,0,0,0
33,Supplier,SKU_D,0,0,0,0
33,Supplier,SKU_E,0,0,0,0
33,W1,SKU_A,2022,0,0,1298
33,W1,SKU_B,288,0,0,573
33,W1,SKU_C,288,0,0,723
33,W1,SKU_D,0,0,1279,1607
33,W1,SKU_E,343,0,0,455
33,W2,SKU_A,933,0,0,1063
33,W2,SKU_B,587,0,0,396
33,W2,SKU_C,894,0,0,571
33,W2,SKU_D,42,0,0,539
33,W2,SKU_E,732,0,0,0
33,R1,SKU_A,752,0,0,0
33,R1,SKU_B,472,0,0,82
33,R1,SKU_C,461,0,0,269
33,R1,SKU_D,362,0,0,966
33,R1,SKU_E,156,0,0,153
33,R2,SKU_A,548,0,0,466
33,R2,SKU_B,274,0,0,12
33,R2,SKU_C,51,0,0,200
33,R2,SKU_D,564,0,0,0
33,R2,SKU_E,467,0,0,64
33,R3,SKU_A,1161,0,0,1063
33,R3,SKU_B,50,0,0,349
33,R3,SKU_C,744,0,0,634
33,R3,SKU_D,361,0,0,451
33,R3,SKU_E,1596,0,0,0
34,Supplier,SKU_A,0,0,0,0
34,Supplier,SKU_B,0,0,0,0
34,Supplier,SKU_C,0,0,0,0
34,Supplier,SKU_D,0,0,0,0
34,Supplier,SKU_E,0,0,0,0
34,W1,SKU_A,1895,0,0,1298
34,W1,SKU_B,191,0,0,573
34,W1,SKU_C,288,0,0,723
34,W1,SKU_D,0,0,1279,1607
34,W1,SKU_E,328,0,0,455
34,W2,SKU_A,759,0,0,1063
34,W2,SKU_B,493,0,0,396
34,W2,SKU_C,894,0,0,571
34,W2,SKU_D,42,0,0,539
34,W2,SKU_E,732,0,0,0
34,R1,SKU_A,564,0,0,0
34,R1,SKU_B,382,0,0,82
34,R1,SKU_C,314,0,0,269
34,R1,SKU_D,274,0,0,966
34,R1,SKU_E,89,0,0,153
34,R2,SKU_A,466,0,0,466
34,R2,SKU_B,205,0,0,12
34,R2,SKU_C,0,4,0,200
34,R2,SKU_D,521,0,0,0
34,R2,SKU_E,429,0,0,64
34,R3,SKU_A,2023,0,0,8
34,R3,SKU_B,315,0,0,21
34,R3,SKU_C,690,0,0,544
34,R3,SKU_D,261,0,0,451
34,R3,SKU_E,1528,0,0,0
35,Supplier,SKU_A,0,0,0,0
35,Supplier,SKU_B,0,0,0,0
35,Supplier,SKU_C,0,0,0,0
35,Supplier,SKU_D,0,0,0,0
35,Supplier,SKU_E,0,0,0,0
35,W1,SKU_A,1800,0,0,1078
35,W1,SKU_B,473,0,0,35
35,W1,SKU_C,803,0,0,62
35,W1,SKU_D,0,0,851,1179
35,W1,SKU_E,416,0,0,263
35,W2,SKU_A,392,0,0,1063
35,W2,SKU_B,336,0,0,396
35,W2,SKU_C,894,0,0,571
35,W2,SKU_D,42,0,0,539
35,W2,SKU_E,732,0,0,0
35,R1,SKU_A,388,0,0,0
35,R1,SKU_B,404,0,0,0
35,R1,SKU_C,462,0,0,0
35,R1,SKU_D,1165,0,0,0
35,R1,SKU_E,188,0,0,0
35,R2,SKU_A,386,0,0,466
35,R2,SKU_B,129,0,0,12
35,R2,SKU_C,0,76,0,200
35,R2,SKU_D,475,0,0,0
35,R2,SKU_E,378,0,0,64
35,R3,SKU_A,1803,0,0,8
35,R3,SKU_B,241,0,0,21
35,R3,SKU_C,533,0,0,544
35,R3,SKU_D,168,0,0,451
35,R3,SKU_E,1448,0,0,0
36,Supplier,SKU_A,0,0,0,0
36,Supplier,SKU_B,0,0,0,0
36,Supplier,SKU_C,0,0,0,0
36,Supplier,SKU_D,0,0,0,0
36,Supplier,SKU_E,0,0,0,0
36,W1,SKU_A,1289,0,0,1325
36,W1,SKU_B,81,0,0,822
36,W1,SKU_C,464,0,0,1038
36,W1,SKU_D,0,0,851,1179
36,W1,SKU_E,207,0,0,524
36,W2,SKU_A,860,0,0,1136
36,W2,SKU_B,177,0,0,404
36,W2,SKU_C,1029,0,0,789
36,W2,SKU_D,61,0,0,505
36,W2,SKU_E,732,0,0,0
36,R1,SKU_A,224,0,0,933
36,R1,SKU_B,357,0,0,387
36,R1,SKU_C,369,0,0,409
36,R1,SKU_D,1113,0,0,428
36,R1,SKU_E,138,0,0,156
36,R2,SKU_A,744,0,0,20
36,R2,SKU_B,75,0,0,358
36,R2,SKU_C,79,0,0,76
36,R2,SKU_D,438,0,0,0
36,R2,SKU_E,391,0,0,172
36,R3,SKU_A,1592,0,0,1136
36,R3,SKU_B,164,0,0,503
36,R3,SKU_C,411,0,0,696
36,R3,SKU_D,76,0,0,503
36,R3,SKU_E,1369,0,0,0
37,Supplier,SKU_A,0,0,0,0
37,Supplier,SKU_B,0,0,0,0
37,Supplier,SKU_C,0,0,0,0
37,Supplier,SKU_D,0,0,0,0
37,Supplier,SKU_E,0,0,0,0
37,W1,SKU_A,1181,0,0,1325
37,W1,SKU_B,81,0,0,822
37,W1,SKU_C,421,0,0,1038
37,W1,SKU_D,0,0,851,1179
37,W1,SKU_E,207,0,0,524
37,W2,SKU_A,860,0,0,1136
37,W2,SKU_B,177,0,0,404
37,W2,SKU_C,907,0,0,789
37,W2,SKU_D,0,0,31,505
37,W2,SKU_E,732,0,0,0
37,R1,SKU_A,108,0,0,933
37,R1,SKU_B,303,0,0,387
37,R1,SKU_C,282,0,0,409
37,R1,SKU_D,1074,0,0,428
37,R1,SKU_E,99,0,0,156
37,R2,SKU_A,666,0,0,20
37,R2,SKU_B,23,0,0,358
37,R2,SKU_C,50,0,0,76
37,R2,SKU_D,404,0,0,0
37,R2,SKU_E,357,0,0,172
37,R3,SKU_A,1419,0,0,1128
37,R3,SKU_B,112,0,0,482
37,R3,SKU_C,864,0,0,152
37,R3,SKU_D,405,0,0,52
37,R3,SKU_E,1304,0,0,0
38,Supplier,SKU_A,0,0,0,0
38,Supplier,SKU_B,0,0,0,0
38,Supplier,SKU_C,0,0,0,0
38,Supplier,SKU_D,0,0,0,0
38,Supplier,SKU_E,0,0,0,0
38,W1,SKU_A,2073,0,0,247
38,W1,SKU_B,116,0,0,787
38,W1,SKU_C,375,0,0,976
38,W1,SKU_D,328,0,0,0
38,W1,SKU_E,415,0,0,261
38,W2,SKU_A,860,0,0,1136
38,W2,SKU_B,177,0,0,404
38,W2,SKU_C,694,0,0,789
38,W2,SKU_D,0,0,245,505
38,W2,SKU_E,732,0,0,0
38,R1,SKU_A,910,0,0,0
38,R1,SKU_B,621,0,0,0
38,R1,SKU_C,617,0,0,0
38,R1,SKU_D,1453,0,0,0
38,R1,SKU_E,217,0,0,0
38,R2,SKU_A,580,0,0,20
38,R2,SKU_B,0,30,0,358
38,R2,SKU_C,7,0,0,76
38,R2,SKU_D,378,0,0,0
38,R2,SKU_E,315,0,0,172
38,R3,SKU_A,1169,0,0,1128
38,R3,SKU_B,64,0,0,482
38,R3,SKU_C,728,0,0,152
38,R3,SKU_D,332,0,0,52
38,R3,SKU_E,1218,0,0,0
39,Supplier,SKU_A,0,0,0,0
39,Supplier,SKU_B,0,0,0,0
39,Supplier,SKU_C,0,0,0,0
39,Supplier,SKU_D,0,0,0,0
39,Supplier,SKU_E,0,0,0,0
39,W1,SKU_A,1801,0,0,1668
39,W1,SKU_B,110,0,0,787
39,W1,SKU_C,150,0,0,976
39,W1,SKU_D,328,0,0,0
39,W1,SKU_E,280,0,0,556
39,W2,SKU_A,767,0,0,1229
39,W2,SKU_B,501,0,0,496
39,W2,SKU_C,629,0,0,699
39,W2,SKU_D,0,0,64,906
39,W2,SKU_E,732,0,0,0
39,R1,SKU_A,777,0,0,0
39,R1,SKU_B,546,0,0,0
39,R1,SKU_C,536,0,0,0
39,R1,SKU_D,1413,0,0,0
39,R1,SKU_E,171,0,0,0
39,R2,SKU_A,505,0,0,566
39,R2,SKU_B,251,0,0,6
39,R2,SKU_C,38,0,0,230
39,R2,SKU_D,327,0,0,0
39,R2,SKU_E,435,0,0,76
39,R3,SKU_A,937,0,0,1229
39,R3,SKU_B,0,9,0,482
39,R3,SKU_C,584,0,0,836
39,R3,SKU_D,249,0,0,581
39,R3,SKU_E,1140,0,0,0
40,Supplier,SKU_A,0,0,0,0
40,Supplier,SKU_B,0,0,0,0
40,Supplier,SKU_C,0,0,0,0
40,Supplier,SKU_D,0,0,0,0
40,Supplier,SKU_E,0,0,0,0
40,W1,SKU_A,1699,0,0,1668
40,W1,SKU_B,0,0,24,787
40,W1,SKU_C,0,0,41,976
40,W1,SKU_D,323,0,0,0
40,W1,SKU_E,123,0,0,556
40,W2,SKU_A,535,0,0,1229
40,W2,SKU_B,481,0,0,496
40,W2,SKU_C,629,0,0,699
40,W2,SKU_D,0,0,64,906
40,W2,SKU_E,732,0,0,0
40,R1,SKU_A,633,0,0,102
40,R1,SKU_B,487,0,0,57
40,R1,SKU_C,431,0,0,296
40,R1,SKU_D,1363,0,0,851
40,R1,SKU_E,132,0,0,236
40,R2,SKU_A,404,0,0,566
40,R2,SKU_B,175,0,0,6
40,R2,SKU_C,0,37,0,230
40,R2,SKU_D,274,0,0,0
40,R2,SKU_E,375,0,0,76
40,R3,SKU_A,1851,0,0,101
40,R3,SKU_B,392,0,0,0
40,R3,SKU_C,607,0,0,684
40,R3,SKU_D,196,0,0,529
40,R3,SKU_E,1033,0,0,0
41,Supplier,SKU_A,0,0,0,0
41,Supplier,SKU_B,0,0,0,0
41,Supplier,SKU_C,0,0,0,0
41,Supplier,SKU_D,0,0,0,0
41,Supplier,SKU_E,0,0,0,0
41,W1,SKU_A,1802,0,0,1421
41,W1,SKU_B,551,0,0,0
41,W1,SKU_C,930,0,0,0
41,W1,SKU_D,265,0,0,0
41,W1,SKU_E,289,0,0,295
41,W2,SKU_A,89,0,0,1229
41,W2,SKU_B,380,0,0,496
41,W2,SKU_C,629,0,0,699
41,W2,SKU_D,0,0,64,906
41,W2,SKU_E,716,0,0,0
41,R1,SKU_A,433,0,0,102
41,R1,SKU_B,392,0,0,57
41,R1,SKU_C,284,0,0,296
41,R1,SKU_D,1300,0,0,851
41,R1,SKU_E,83,0,0,236
41,R2,SKU_A,302,0,0,566
41,R2,SKU_B,88,0,0,236
41,R2,SKU_C,0,102,0,235
41,R2,SKU_D,215,0,0,63
41,R2,SKU_E,313,0,0,206
41,R3,SKU_A,1584,0,0,101
41,R3,SKU_B,293,0,0,0
41,R3,SKU_C,410,0,0,684
41,R3,SKU_D,66,0,0,529
41,R3,SKU_E,935,0,0,0
42,Supplier,SKU_A,0,0,0,0
42,Supplier,SKU_B,0,0,0,0
42,Supplier,SKU_C,0,0,0,0
42,Supplier,SKU_D,0,0,0,0
42,Supplier,SKU_E,0,0,0,0
42,W1,SKU_A,1454,0,0,1458
42,W1,SKU_B,387,0,0,812
42,W1,SKU_C,718,0,0,681
42,W1,SKU_D,211,0,0,0
42,W1,SKU_E,262,0,0,562
42,W2,SKU_A,504,0,0,1492
42,W2,SKU_B,260,0,0,448
42,W2,SKU_C,999,0,0,994
42,W2,SKU_D,0,0,103,869
42,W2,SKU_E,602,0,0,0
42,R1,SKU_A,322,0,0,0
42,R1,SKU_B,332,0,0,0
42,R1,SKU_C,419,0,0,0
42,R1,SKU_D,2096,0,0,0
42,R1,SKU_E,253,0,0,0
42,R2,SKU_A,756,0,0,0
42,R2,SKU_B,9,0,0,230
42,R2,SKU_C,62,0,0,5
42,R2,SKU_D,158,0,0,63
42,R2,SKU_E,328,0,0,130
42,R3,SKU_A,1326,0,0,1492
42,R3,SKU_B,210,0,0,321
42,R3,SKU_C,243,0,0,819
42,R3,SKU_D,0,48,0,566
42,R3,SKU_E,830,0,0,130
43,Supplier,SKU_A,0,0,0,0
43,Supplier,SKU_B,0,0,0,0
43,Supplier,SKU_C,0,0,0,0
43,Supplier,SKU_D,0,0,0,0
43,Supplier,SKU_E,0,0,0,0
43,W1,SKU_A,781,0,0,1458
43,W1,SKU_B,21,0,0,812
43,W1,SKU_C,279,0,0,681
43,W1,SKU_D,100,0,0,0
43,W1,SKU_E,134,0,0,562
43,W2,SKU_A,504,0,0,1492
43,W2,SKU_B,260,0,0,448
43,W2,SKU_C,832,0,0,994
43,W2,SKU_D,0,0,256,869
43,W2,SKU_E,513,0,0,0
43,R1,SKU_A,163,0,0,1045
43,R1,SKU_B,259,0,0,484
43,R1,SKU_C,282,0,0,496
43,R1,SKU_D,2021,0,0,0
43,R1,SKU_E,191,0,0,40
43,R2,SKU_A,613,0,0,120
43,R2,SKU_B,0,57,0,335
43,R2,SKU_C,0,77,0,201
43,R2,SKU_D,86,0,0,228
43,R2,SKU_E,262,0,0,245
43,R3,SKU_A,1243,0,0,1391
43,R3,SKU_B,126,0,0,321
43,R3,SKU_C,794,0,0,135
43,R3,SKU_D,416,0,0,37
43,R3,SKU_E,759,0,0,130
44,Supplier,SKU_A,0,0,0,0
44,Supplier,SKU_B,0,0,0,0
44,Supplier,SKU_C,0,0,0,0
44,Supplier,SKU_D,0,0,0,0
44,Supplier,SKU_E,0,0,0,0
44,W1,SKU_A,2063,0,0,37
44,W1,SKU_B,0,0,35,812
44,W1,SKU_C,205,0,0,681
44,W1,SKU_D,82,0,0,0
44,W1,SKU_E,328,0,0,267
44,W2,SKU_A,504,0,0,1492
44,W2,SKU_B,214,0,0,448
44,W2,SKU_C,532,0,0,994
44,W2,SKU_D,0,0,474,869
44,W2,SKU_E,353,0,0,0
44,R1,SKU_A,16,0,0,1045
44,R1,SKU_B,195,0,0,484
44,R1,SKU_C,199,0,0,496
44,R1,SKU_D,1987,0,0,0
44,R1,SKU_E,150,0,0,40
44,R2,SKU_A,506,0,0,120
44,R2,SKU_B,114,0,0,105
44,R2,SKU_C,0,145,0,196
44,R2,SKU_D,84,0,0,165
44,R2,SKU_E,343,0,0,115
44,R3,SKU_A,1018,0,0,1391
44,R3,SKU_B,54,0,0,321
44,R3,SKU_C,682,0,0,135
44,R3,SKU_D,328,0,0,37
44,R3,SKU_E,664,0,0,130
45,Supplier,SKU_A,0,0,0,0
45,Supplier,SKU_B,0,0,0,0
45,Supplier,SKU_C,0,0,0,0
45,Supplier,SKU_D,0,0,0,0
45,Supplier,SKU_E,0,0,0,0
45,W1,SKU_A,1817,0,0,1870
45,W1,SKU_B,0,0,150,928
45,W1,SKU_C,26,0,0,1188
45,W1,SKU_D,0,0,1,0
45,W1,SKU_E,137,0,0,760
45,W2,SKU_A,605,0,0,1391
45,W2,SKU_B,512,0,0,521
45,W2,SKU_C,314,0,0,853
45,W2,SKU_D,89,0,0,648
45,W2,SKU_E,98,0,0,0
45,R1,SKU_A,885,0,0,0
45,R1,SKU_B,588,0,0,0
45,R1,SKU_C,630,0,0,0
45,R1,SKU_D,1912,0,0,0
45,R1,SKU_E,138,0,0,0
45,R2,SKU_A,407,0,0,505
45,R2,SKU_B,59,0,0,126
45,R2,SKU_C,0,184,0,417
45,R2,SKU_D,36,0,0,265
45,R2,SKU_E,289,0,0,242
45,R3,SKU_A,854,0,0,1391
45,R3,SKU_B,0,31,0,485
45,R3,SKU_C,535,0,0,1014
45,R3,SKU_D,251,0,0,817
45,R3,SKU_E,591,0,0,634
46,Supplier,SKU_A,0,0,0,0
46,Supplier,SKU_B,0,0,0,0
46,Supplier,SKU_C,0,0,0,0
46,Supplier,SKU_D,0,0,0,0
46,Supplier,SKU_E,0,0,0,0
46,W1,SKU_A,1817,0,0,1870
46,W1,SKU_B,0,0,314,928
46,W1,SKU_C,0,0,71,1188
46,W1,SKU_D,0,0,32,0
46,W1,SKU_E,0,0,33,760
46,W2,SKU_A,452,0,0,1391
46,W2,SKU_B,473,0,0,521
46,W2,SKU_C,314,0,0,853
46,W2,SKU_D,89,0,0,648
46,W2,SKU_E,98,0,0,0
46,R1,SKU_A,718,0,0,0
46,R1,SKU_B,509,0,0,0
46,R1,SKU_C,543,0,0,58
46,R1,SKU_D,1853,0,0,0
46,R1,SKU_E,88,0,0,302
46,R2,SKU_A,427,0,0,385
46,R2,SKU_B,89,0,0,21
46,R2,SKU_C,0,36,0,221
46,R2,SKU_D,153,0,0,100
46,R2,SKU_E,368,0,0,127
46,R3,SKU_A,2046,0,0,0
46,R3,SKU_B,227,0,0,164
46,R3,SKU_C,552,0,0,879
46,R3,SKU_D,206,0,0,780
46,R3,SKU_E,652,0,0,504
47,Supplier,SKU_A,0,0,0,0
47,Supplier,SKU_B,0,0,0,0
47,Supplier,SKU_C,0,0,0,0
47,Supplier,SKU_D,0,0,0,0
47,Supplier,SKU_E,0,0,0,0
47,W1,SKU_A,1633,0,0,1833
47,W1,SKU_B,180,0,0,116
47,W1,SKU_C,471,0,0,507
47,W1,SKU_D,0,0,111,0
47,W1,SKU_E,183,0,0,493
47,W2,SKU_A,100,0,0,1391
47,W2,SKU_B,371,0,0,521
47,W2,SKU_C,314,0,0,853
47,W2,SKU_D,89,0,0,648
47,W2,SKU_E,98,0,0,0
47,R1,SKU_A,536,0,0,0
47,R1,SKU_B,431,0,0,0
47,R1,SKU_C,391,0,0,58
47,R1,SKU_D,1779,0,0,0
47,R1,SKU_E,39,0,0,302
47,R2,SKU_A,302,0,0,445
47,R2,SKU_B,4,0,0,544
47,R2,SKU_C,0,106,0,234
47,R2,SKU_D,101,0,0,100
47,R2,SKU_E,309,0,0,193
47,R3,SKU_A,1767,0,0,0
47,R3,SKU_B,169,0,0,164
47,R3,SKU_C,388,0,0,879
47,R3,SKU_D,94,0,0,780
47,R3,SKU_E,569,0,0,504
48,Supplier,SKU_A,0,0,0,0
48,Supplier,SKU_B,0,0,0,0
48,Supplier,SKU_C,0,0,0,0
48,Supplier,SKU_D,0,0,0,0
48,Supplier,SKU_E,0,0,0,0
48,W1,SKU_A,1165,0,0,1833
48,W1,SKU_B,8,0,0,1384
48,W1,SKU_C,123,0,0,1000
48,W1,SKU_D,0,0,242,0
48,W1,SKU_E,139,0,0,567
48,W2,SKU_A,860,0,0,1136
48,W2,SKU_B,243,0,0,489
48,W2,SKU_C,1114,0,0,894
48,W2,SKU_D,89,0,0,648
48,W2,SKU_E,98,0,0,308
48,R1,SKU_A,352,0,0,0
48,R1,SKU_B,353,0,0,0
48,R1,SKU_C,277,0,0,0
48,R1,SKU_D,1709,0,0,0
48,R1,SKU_E,282,0,0,0
48,R2,SKU_A,581,0,0,60
48,R2,SKU_B,0,65,0,523
48,R2,SKU_C,9,0,0,13
48,R2,SKU_D,157,0,0,0
48,R2,SKU_E,366,0,0,66
48,R3,SKU_A,1511,0,0,1136
48,R3,SKU_B,112,0,0,465
48,R3,SKU_C,213,0,0,879
48,R3,SKU_D,0,8,0,780
48,R3,SKU_E,488,0,0,504
49,Supplier,SKU_A,0,0,0,0
49,Supplier,SKU_B,0,0,0,0
49,Supplier,SKU_C,0,0,0,0
49,Supplier,SKU_D,0,0,0,0
49,Supplier,SKU_E,0,0,0,0
49,W1,SKU_A,407,0,0,1833
49,W1,SKU_B,0,0,242,1384
49,W1,SKU_C,0,0,503,1000
49,W1,SKU_D,0,0,417,0
49,W1,SKU_E,14,0,0,567
49,W2,SKU_A,860,0,0,1136
49,W2,SKU_B,243,0,0,489
49,W2,SKU_C,977,0,0,894
49,W2,SKU_D,89,0,0,648
49,W2,SKU_E,41,0,0,308
49,R1,SKU_A,172,0,0,1031
49,R1,SKU_B,242,0,0,289
49,R1,SKU_C,142,0,0,598
49,R1,SKU_D,1639,0,0,0
49,R1,SKU_E,226,0,0,29
49,R2,SKU_A,457,0,0,416
49,R2,SKU_B,0,178,0,523
49,R2,SKU_C,0,98,0,83
49,R2,SKU_D,124,0,0,0
49,R2,SKU_E,291,0,0,224
49,R3,SKU_A,1262,0,0,1136
49,R3,SKU_B,203,0,0,301
49,R3,SKU_C,906,0,0,0
49,R3,SKU_D,650,0,0,0
49,R3,SKU_E,908,0,0,0
50,Supplier,SKU_A,0,0,0,0
50,Supplier,SKU_B,0,0,0,0
50,Supplier,SKU_C,0,0,0,0
50,Supplier,SKU_D,0,0,0,0
50,Supplier,SKU_E,0,0,0,0
50,W1,SKU_A,2240,0,0,678
50,W1,SKU_B,0,0,198,1268
50,W1,SKU_C,0,0,209,1496
50,W1,SKU_D,0,0,625,452
50,W1,SKU_E,438,0,0,463
50,W2,SKU_A,860,0,0,1136
50,W2,SKU_B,243,0,0,489
50,W2,SKU_C,654,0,0,894
50,W2,SKU_D,68,0,0,648
50,W2,SKU_E,0,0,100,308
50,R1,SKU_A,26,0,0,1031
50,R1,SKU_B,170,0,0,289
50,R1,SKU_C,51,0,0,598
50,R1,SKU_D,1592,0,0,0
50,R1,SKU_E,167,0,0,29
50,R2,SKU_A,435,0,0,356
50,R2,SKU_B,302,0,0,0
50,R2,SKU_C,0,119,0,70
50,R2,SKU_D,82,0,0,0
50,R2,SKU_E,335,0,0,158
50,R3,SKU_A,1058,0,0,1136
50,R3,SKU_B,118,0,0,301
50,R3,SKU_C,709,0,0,0
50,R3,SKU_D,543,0,0,0
50,R3,SKU_E,838,0,0,0
51,Supplier,SKU_A,0,0,0,0
51,Supplier,SKU_B,0,0,0,0
51,Supplier,SKU_C,0,0,0,0
51,Supplier,SKU_D,0,0,0,0
51,Supplier,SKU_E,0,0,0,0
51,W1,SKU_A,2159,0,0,678
51,W1,SKU_B,0,0,374,1268
51,W1,SKU_C,0,0,534,1496
51,W1,SKU_D,0,0,875,452
51,W1,SKU_E,288,0,0,463
51,W2,SKU_A,656,0,0,1340
51,W2,SKU_B,658,0,0,270
51,W2,SKU_C,187,0,0,987
51,W2,SKU_D,588,0,0,0
51,W2,SKU_E,0,0,311,554
51,R1,SKU_A,922,0,0,0
51,R1,SKU_B,409,0,0,0
51,R1,SKU_C,572,0,0,0
51,R1,SKU_D,1544,0,0,0
51,R1,SKU_E,164,0,0,0
51,R2,SKU_A,339,0,0,356
51,R2,SKU_B,235,0,0,0
51,R2,SKU_C,0,156,0,70
51,R2,SKU_D,35,0,0,0
51,R2,SKU_E,301,0,0,158
51,R3,SKU_A,919,0,0,1340
51,R3,SKU_B,76,0,0,375
51,R3,SKU_C,645,0,0,980
51,R3,SKU_D,462,0,0,149
51,R3,SKU_E,775,0,0,98
52,Supplier,SKU_A,0,0,0,0
52,Supplier,SKU_B,0,0,0,0
52,Supplier,SKU_C,0,0,0,0
52,Supplier,SKU_D,0,0,0,0
52,Supplier,SKU_E,0,0,0,0
52,W1,SKU_A,1982,0,0,678
52,W1,SKU_B,0,0,667,1268
52,W1,SKU_C,0,0,973,1496
52,W1,SKU_D,0,0,1172,452
52,W1,SKU_E,72,0,0,463
52,W2,SKU_A,517,0,0,1340
52,W2,SKU_B,616,0,0,270
52,W2,SKU_C,187,0,0,987
52,W2,SKU_D,528,0,0,0
52,W2,SKU_E,0,0,487,554
52,R1,SKU_A,773,0,0,0
52,R1,SKU_B,352,0,0,116
52,R1,SKU_C,486,0,0,327
52,R1,SKU_D,1498,0,0,0
52,R1,SKU_E,121,0,0,264
52,R2,SKU_A,596,0,0,258
52,R2,SKU_B,144,0,0,0
52,R2,SKU_C,0,151,0,180
52,R2,SKU_D,0,13,0,0
52,R2,SKU_E,417,0,0,171
52,R3,SKU_A,1913,0,0,204
52,R3,SKU_B,338,0,0,74
52,R3,SKU_C,568,0,0,980
52,R3,SKU_D,411,0,0,149
52,R3,SKU_E,728,0,0,98
53,Supplier,SKU_A,0,0,0,0
53,Supplier,SKU_B,0,0,0,0
53,Supplier,SKU_C,0,0,0,0
53,Supplier,SKU_D,0,0,0,0
53,Supplier,SKU_E,0,0,0,0
53,W1,SKU_A,1858,0,0,1511
53,W1,SKU_B,276,0,0,757
53,W1,SKU_C,0,0,649,1666
53,W1,SKU_D,0,0,1517,2150
53,W1,SKU_E,146,0,0,510
53,W2,SKU_A,236,0,0,1760
53,W2,SKU_B,535,0,0,270
53,W2,SKU_C,187,0,0,1192
53,W2,SKU_D,417,0,0,127
53,W2,SKU_E,0,0,710,1249
53,R1,SKU_A,626,0,0,0
53,R1,SKU_B,299,0,0,116
53,R1,SKU_C,369,0,0,327
53,R1,SKU_D,1440,0,0,0
53,R1,SKU_E,72,0,0,264
53,R2,SKU_A,487,0,0,276
53,R2,SKU_B,88,0,0,321
53,R2,SKU_C,0,208,0,440
53,R2,SKU_D,0,63,0,0
53,R2,SKU_E,383,0,0,171
53,R3,SKU_A,1719,0,0,204
53,R3,SKU_B,272,0,0,74
53,R3,SKU_C,449,0,0,980
53,R3,SKU_D,324,0,0,149
53,R3,SKU_E,649,0,0,98
54,Supplier,SKU_A,0,0,0,0
54,Supplier,SKU_B,0,0,0,0
54,Supplier,SKU_C,0,0,0,0
54,Supplier,SKU_D,0,0,0,0
54,Supplier,SKU_E,0,0,0,0
54,W1,SKU_A,1496,0,0,1511
54,W1,SKU_B,88,0,0,757
54,W1,SKU_C,0,0,680,1666
54,W1,SKU_D,0,0,1912,2150
54,W1,SKU_E,146,0,0,510
54,W2,SKU_A,897,0,0,624
54,W2,SKU_B,388,0,0,270
54,W2,SKU_C,1028,0,0,351
54,W2,SKU_D,219,0,0,127
54,W2,SKU_E,0,0,704,941
54,R1,SKU_A,479,0,0,359
54,R1,SKU_B,336,0,0,859
54,R1,SKU_C,557,0,0,233
54,R1,SKU_D,1373,0,0,0
54,R1,SKU_E,288,0,0,0
54,R2,SKU_A,404,0,0,276
54,R2,SKU_B,6,0,0,321
54,R2,SKU_C,0,271,0,440
54,R2,SKU_D,0,103,0,0
54,R2,SKU_E,340,0,0,171
54,R3,SKU_A,1502,0,0,1099
54,R3,SKU_B,200,0,0,344
54,R3,SKU_C,299,0,0,980
54,R3,SKU_D,202,0,0,518
54,R3,SKU_E,564,0,0,406
55,Supplier,SKU_A,0,0,0,0
55,Supplier,SKU_B,0,0,0,0
55,Supplier,SKU_C,0,0,0,0
55,Supplier,SKU_D,0,0,0,0
55,Supplier,SKU_E,0,0,0,0
55,W1,SKU_A,1941,0,0,833
55,W1,SKU_B,81,0,0,757
55,W1,SKU_C,294,0,0,663
55,W1,SKU_D,0,0,1895,1698
55,W1,SKU_E,495,0,0,121
55,W2,SKU_A,897,0,0,624
55,W2,SKU_B,388,0,0,270
55,W2,SKU_C,1028,0,0,351
55,W2,SKU_D,219,0,0,127
55,W2,SKU_E,0,0,783,941
55,R1,SKU_A,286,0,0,359
55,R1,SKU_B,247,0,0,859
55,R1,SKU_C,355,0,0,233
55,R1,SKU_D,1293,0,0,0
55,R1,SKU_E,236,0,0,0
55,R2,SKU_A,536,0,0,319
55,R2,SKU_B,0,99,0,328
55,R2,SKU_C,0,174,0,938
55,R2,SKU_D,0,150,0,452
55,R2,SKU_E,458,0,0,35
55,R3,SKU_A,1420,0,0,895
55,R3,SKU_B,177,0,0,270
55,R3,SKU_C,1040,0,0,0
55,R3,SKU_D,229,0,0,369
55,R3,SKU_E,549,0,0,308
56,Supplier,SKU_A,0,0,0,0
56,Supplier,SKU_B,0,0,0,0
56,Supplier,SKU_C,0,0,0,0
56,Supplier,SKU_D,0,0,0,0
56,Supplier,SKU_E,0,0,0,0
56,W1,SKU_A,1690,0,0,1498
56,W1,SKU_B,0,0,24,757
56,W1,SKU_C,155,0,0,663
56,W1,SKU_D,0,0,1925,1961
56,W1,SKU_E,385,0,0,603
56,W2,SKU_A,814,0,0,1509
56,W2,SKU_B,342,0,0,655
56,W2,SKU_C,839,0,0,1055
56,W2,SKU_D,146,0,0,640
56,W2,SKU_E,0,0,975,1489
56,R1,SKU_A,442,0,0,0
56,R1,SKU_B,1002,0,0,0
56,R1,SKU_C,447,0,0,0
56,R1,SKU_D,1228,0,0,0
56,R1,SKU_E,169,0,0,0
56,R2,SKU_A,441,0,0,301
56,R2,SKU_B,157,0,0,7
56,R2,SKU_C,21,0,0,678
56,R2,SKU_D,0,211,0,452
56,R2,SKU_E,410,0,0,35
56,R3,SKU_A,1144,0,0,895
56,R3,SKU_B,117,0,0,270
56,R3,SKU_C,828,0,0,0
56,R3,SKU_D,112,0,0,369
56,R3,SKU_E,476,0,0,308
57,Supplier,SKU_A,0,0,0,0
57,Supplier,SKU_B,0,0,0,0
57,Supplier,SKU_C,0,0,0,0
57,Supplier,SKU_D,0,0,0,0
57,Supplier,SKU_E,0,0,0,0
57,W1,SKU_A,1123,0,0,1498
57,W1,SKU_B,0,0,194,757
57,W1,SKU_C,0,0,125,663
57,W1,SKU_D,0,0,2016,1961
57,W1,SKU_E,160,0,0,603
57,W2,SKU_A,659,0,0,1305
57,W2,SKU_B,506,0,0,385
57,W2,SKU_C,584,0,0,909
57,W2,SKU_D,0,0,44,640
57,W2,SKU_E,0,0,994,1243
57,R1,SKU_A,323,0,0,712
57,R1,SKU_B,950,0,0,0
57,R1,SKU_C,356,0,0,325
57,R1,SKU_D,1187,0,0,0
57,R1,SKU_E,131,0,0,186
57,R2,SKU_A,338,0,0,448
57,R2,SKU_B,111,0,0,88
57,R2,SKU_C,0,22,0,678
57,R2,SKU_D,0,250,0,452
57,R2,SKU_E,379,0,0,189
57,R3,SKU_A,989,0,0,895
57,R3,SKU_B,74,0,0,270
57,R3,SKU_C,699,0,0,0
57,R3,SKU_D,59,0,0,369
57,R3,SKU_E,397,0,0,308
58,Supplier,SKU_A,0,0,0,0
58,Supplier,SKU_B,0,0,0,0
58,Supplier,SKU_C,0,0,0,0
58,Supplier,SKU_D,0,0,0,0
58,Supplier,SKU_E,0,0,0,0
58,W1,SKU_A,1870,0,0,665
58,W1,SKU_B,428,0,0,0
58,W1,SKU_C,492,0,0,0
58,W1,SKU_D,0,0,448,263
58,W1,SKU_E,281,0,0,482
58,W2,SKU_A,145,0,0,1305
58,W2,SKU_B,357,0,0,385
58,W2,SKU_C,54,0,0,909
58,W2,SKU_D,0,0,287,640
58,W2,SKU_E,0,0,1338,1243
58,R1,SKU_A,181,0,0,712
58,R1,SKU_B,877,0,0,0
58,R1,SKU_C,277,0,0,325
58,R1,SKU_D,1142,0,0,0
58,R1,SKU_E,96,0,0,186
58,R2,SKU_A,546,0,0,233
58,R2,SKU_B,73,0,0,410
58,R2,SKU_C,616,0,0,0
58,R2,SKU_D,163,0,0,1698
58,R2,SKU_E,379,0,0,154
58,R3,SKU_A,1711,0,0,956
58,R3,SKU_B,310,0,0,301
58,R3,SKU_C,574,0,0,1120
58,R3,SKU_D,348,0,0,219
58,R3,SKU_E,633,0,0,246
59,Supplier,SKU_A,0,0,0,0
59,Supplier,SKU_B,0,0,0,0
59,Supplier,SKU_C,0,0,0,0
59,Supplier,SKU_D,0,0,0,0
59,Supplier,SKU_E,0,0,0,0
59,W1,SKU_A,1777,0,0,1773
59,W1,SKU_B,428,0,0,124
59,W1,SKU_C,367,0,0,523
59,W1,SKU_D,0,0,448,390
59,W1,SKU_E,257,0,0,515
59,W2,SKU_A,565,0,0,1266
59,W2,SKU_B,357,0,0,385
59,W2,SKU_C,259,0,0,991
59,W2,SKU_D,0,0,264,830
59,W2,SKU_E,0,0,813,1322
59,R1,SKU_A,753,0,0,0
59,R1,SKU_B,798,0,0,0
59,R1,SKU_C,488,0,0,0
59,R1,SKU_D,1095,0,0,0
59,R1,SKU_E,246,0,0,0
59,R2,SKU_A,452,0,0,233
59,R2,SKU_B,10,0,0,410
59,R2,SKU_C,555,0,0,0
59,R2,SKU_D,121,0,0,1698
59,R2,SKU_E,348,0,0,154
59,R3,SKU_A,1560,0,0,956
59,R3,SKU_B,272,0,0,301
59,R3,SKU_C,429,0,0,1120
59,R3,SKU_D,257,0,0,219
59,R3,SKU_E,580,0,0,246
60,Supplier,SKU_A,0,0,0,0
60,Supplier,SKU_B,0,0,0,0
60,Supplier,SKU_C,0,0,0,0
60,Supplier,SKU_D,0,0,0,0
60,Supplier,SKU_E,0,0,0,0
60,W1,SKU_A,1464,0,0,1773
60,W1,SKU_B,428,0,0,124
60,W1,SKU_C,128,0,0,523
60,W1,SKU_D,0,0,448,390
60,W1,SKU_E,166,0,0,515
60,W2,SKU_A,565,0,0,1266
60,W2,SKU_B,357,0,0,385
60,W2,SKU_C,259,0,0,991
60,W2,SKU_D,0,0,459,830
60,W2,SKU_E,0,0,1036,1322
60,R1,SKU_A,585,0,0,126
60,R1,SKU_B,736,0,0,0
60,R1,SKU_C,382,0,0,535
60,R1,SKU_D,1039,0,0,0
60,R1,SKU_E,216,0,0,58
60,R2,SKU_A,477,0,0,86
60,R2,SKU_B,20,0,0,329
60,R2,SKU_C,480,0,0,0
60,R2,SKU_D,75,0,0,1698
60,R2,SKU_E,465,0,0,0
60,R3,SKU_A,1391,0,0,956
60,R3,SKU_B,210,0,0,301
60,R3,SKU_C,310,0,0,1120
60,R3,SKU_D,160,0,0,219
60,R3,SKU_E,525,0,0,246
61,Supplier,SKU_A,0,0,0,0
61,Supplier,SKU_B,0,0,0,0
61,Supplier,SKU_C,0,0,0,0
61,Supplier,SKU_D,0,0,0,0
61,Supplier,SKU_E,0,0,0,0
61,W1,SKU_A,1652,0,0,1108
61,W1,SKU_B,428,0,0,124
61,W1,SKU_C,128,0,0,523
61,W1,SKU_D,0,0,185,127
61,W1,SKU_E,548,0,0,33
61,W2,SKU_A,514,0,0,1266
61,W2,SKU_B,357,0,0,385
61,W2,SKU_C,259,0,0,991
61,W2,SKU_D,0,0,751,830
61,W2,SKU_E,0,0,1314,1322
61,R1,SKU_A,428,0,0,126
61,R1,SKU_B,669,0,0,0
61,R1,SKU_C,231,0,0,535
61,R1,SKU_D,979,0,0,0
61,R1,SKU_E,175,0,0,58
61,R2,SKU_A,440,0,0,589
61,R2,SKU_B,284,0,0,0
61,R2,SKU_C,409,0,0,0
61,R2,SKU_D,1722,0,0,263
61,R2,SKU_E,424,0,0,138
61,R3,SKU_A,1193,0,0,1007
61,R3,SKU_B,171,0,0,301
61,R3,SKU_C,166,0,0,1120
61,R3,SKU_D,86,0,0,346
61,R3,SKU_E,457,0,0,941
62,Supplier,SKU_A,0,0,0,0
62,Supplier,SKU_B,0,0,0,0
62,Supplier,SKU_C,0,0,0,0
62,Supplier,SKU_D,0,0,0,0
62,Supplier,SKU_E,0,0,0,0
62,W1,SKU_A,1327,0,0,1420
62,W1,SKU_B,378,0,0,648
62,W1,SKU_C,128,0,0,939
62,W1,SKU_D,0,0,185,127
62,W1,SKU_E,488,0,0,450
62,W2,SKU_A,1201,0,0,1058
62,W2,SKU_B,721,0,0,184
62,W2,SKU_C,963,0,0,861
62,W2,SKU_D,0,0,477,1471
62,W2,SKU_E,0,0,766,774
62,R1,SKU_A,364,0,0,0
62,R1,SKU_B,576,0,0,0
62,R1,SKU_C,607,0,0,0
62,R1,SKU_D,905,0,0,0
62,R1,SKU_E,186,0,0,0
62,R2,SKU_A,302,0,0,589
62,R2,SKU_B,208,0,0,0
62,R2,SKU_C,335,0,0,0
62,R2,SKU_D,1690,0,0,263
62,R2,SKU_E,378,0,0,138
62,R3,SKU_A,1880,0,0,51
62,R3,SKU_B,392,0,0,0
62,R3,SKU_C,1112,0,0,0
62,R3,SKU_D,193,0,0,127
62,R3,SKU_E,619,0,0,695
63,Supplier,SKU_A,0,0,0,0
63,Supplier,SKU_B,0,0,0,0
63,Supplier,SKU_C,0,0,0,0
63,Supplier,SKU_D,0,0,0,0
63,Supplier,SKU_E,0,0,0,0
63,W1,SKU_A,812,0,0,1420
63,W1,SKU_B,225,0,0,648
63,W1,SKU_C,8,0,0,939
63,W1,SKU_D,0,0,185,127
63,W1,SKU_E,351,0,0,450
63,W2,SKU_A,734,0,0,1058
63,W2,SKU_B,620,0,0,184
63,W2,SKU_C,846,0,0,861
63,W2,SKU_D,0,0,828,1471
63,W2,SKU_E,0,0,766,774
63,R1,SKU_A,174,0,0,1008
63,R1,SKU_B,465,0,0,27
63,R1,SKU_C,450,0,0,120
63,R1,SKU_D,840,0,0,0
63,R1,SKU_E,137,0,0,186
63,R2,SKU_A,184,0,0,589
63,R2,SKU_B,146,0,0,0
63,R2,SKU_C,248,0,0,0
63,R2,SKU_D,1649,0,0,263
63,R2,SKU_E,333,0,0,138
63,R3,SKU_A,1629,0,0,716
63,R3,SKU_B,326,0,0,122
63,R3,SKU_C,992,0,0,117
63,R3,SKU_D,80,0,0,640
63,R3,SKU_E,549,0,0,1243
64,Supplier,SKU_A,0,0,0,0
64,Supplier,SKU_B,0,0,0,0
64,Supplier,SKU_C,0,0,0,0
64,Supplier,SKU_D,0,0,0,0
64,Supplier,SKU_E,0,0,0,0
64,W1,SKU_A,1821,0,0,312
64,W1,SKU_B,50,0,0,524
64,W1,SKU_C,374,0,0,416
64,W1,SKU_D,0,0,58,0
64,W1,SKU_E,309,0,0,417
64,W2,SKU_A,681,0,0,1058
64,W2,SKU_B,575,0,0,184
64,W2,SKU_C,726,0,0,861
64,W2,SKU_D,0,0,828,1471
64,W2,SKU_E,0,0,766,774
64,R1,SKU_A,50,0,0,1008
64,R1,SKU_B,401,0,0,27
64,R1,SKU_C,362,0,0,120
64,R1,SKU_D,769,0,0,0
64,R1,SKU_E,96,0,0,186
64,R2,SKU_A,683,0,0,99
64,R2,SKU_B,86,0,0,364
64,R2,SKU_C,196,0,0,0
64,R2,SKU_D,1869,0,0,127
64,R2,SKU_E,437,0,0,105
64,R3,SKU_A,1446,0,0,716
64,R3,SKU_B,270,0,0,122
64,R3,SKU_C,893,0,0,117
64,R3,SKU_D,5,0,0,640
64,R3,SKU_E,501,0,0,1243
65,Supplier,SKU_A,0,0,0,0
65,Supplier,SKU_B,0,0,0,0
65,Supplier,SKU_C,0,0,0,0
65,Supplier,SKU_D,0,0,0,0
65,Supplier,SKU_E,0,0,0,0
65,W1,SKU_A,1731,0,0,2078
65,W1,SKU_B,0,0,125,898
65,W1,SKU_C,127,0,0,1452
65,W1,SKU_D,0,0,102,0
65,W1,SKU_E,294,0,0,478
65,W2,SKU_A,826,0,0,1380
65,W2,SKU_B,474,0,0,384
65,W2,SKU_C,794,0,0,767
65,W2,SKU_D,0,0,537,1154
65,W2,SKU_E,8,0,0,0
65,R1,SKU_A,910,0,0,0
65,R1,SKU_B,351,0,0,0
65,R1,SKU_C,412,0,0,0
65,R1,SKU_D,727,0,0,0
65,R1,SKU_E,250,0,0,0
65,R2,SKU_A,583,0,0,99
65,R2,SKU_B,11,0,0,364
65,R2,SKU_C,118,0,0,0
65,R2,SKU_D,1813,0,0,127
65,R2,SKU_E,402,0,0,105
65,R3,SKU_A,1352,0,0,954
65,R3,SKU_B,240,0,0,268
65,R3,SKU_C,808,0,0,456
65,R3,SKU_D,40,0,0,830
65,R3,SKU_E,1152,0,0,1314
66,Supplier,SKU_A,0,0,0,0
66,Supplier,SKU_B,0,0,0,0
66,Supplier,SKU_C,0,0,0,0
66,Supplier,SKU_D,0,0,0,0
66,Supplier,SKU_E,0,0,0,0
66,W1,SKU_A,1541,0,0,2078
66,W1,SKU_B,0,0,377,898
66,W1,SKU_C,0,0,268,1452
66,W1,SKU_D,0,0,188,0
66,W1,SKU_E,212,0,0,478
66,W2,SKU_A,734,0,0,1380
66,W2,SKU_B,474,0,0,384
66,W2,SKU_C,794,0,0,767
66,W2,SKU_D,0,0,537,1154
66,W2,SKU_E,8,0,0,0
66,R1,SKU_A,774,0,0,0
66,R1,SKU_B,262,0,0,161
66,R1,SKU_C,309,0,0,529
66,R1,SKU_D,687,0,0,0
66,R1,SKU_E,193,0,0,54
66,R2,SKU_A,487,0,0,99
66,R2,SKU_B,0,67,0,364
66,R2,SKU_C,51,0,0,0
66,R2,SKU_D,1761,0,0,127
66,R2,SKU_E,356,0,0,105
66,R3,SKU_A,1193,0,0,954
66,R3,SKU_B,201,0,0,268
66,R3,SKU_C,719,0,0,456
66,R3,SKU_D,0,37,0,830
66,R3,SKU_E,1065,0,0,1314
67,Supplier,SKU_A,0,0,0,0
67,Supplier,SKU_B,0,0,0,0
67,Supplier,SKU_C,0,0,0,0
67,Supplier,SKU_D,0,0,0,0
67,Supplier,SKU_E,0,0,0,0
67,W1,SKU_A,1462,0,0,1766
67,W1,SKU_B,0,0,70,374
67,W1,SKU_C,1,0,0,1036
67,W1,SKU_D,0,0,314,0
67,W1,SKU_E,498,0,0,61
67,W2,SKU_A,483,0,0,1380
67,W2,SKU_B,450,0,0,384
67,W2,SKU_C,740,0,0,767
67,W2,SKU_D,0,0,537,1154
67,W2,SKU_E,8,0,0,0
67,R1,SKU_A,614,0,0,0
67,R1,SKU_B,181,0,0,161
67,R1,SKU_C,211,0,0,529
67,R1,SKU_D,631,0,0,0
67,R1,SKU_E,149,0,0,54
67,R2,SKU_A,459,0,0,566
67,R2,SKU_B,238,0,0,0
67,R2,SKU_C,0,8,0,229
67,R2,SKU_D,1831,0,0,0
67,R2,SKU_E,398,0,0,128
67,R3,SKU_A,1637,0,0,289
67,R3,SKU_B,260,0,0,146
67,R3,SKU_C,673,0,0,339
67,R3,SKU_D,371,0,0,317
67,R3,SKU_E,1522,0,0,766
68,Supplier,SKU_A,0,0,0,0
68,Supplier,SKU_B,0,0,0,0
68,Supplier,SKU_C,0,0,0,0
68,Supplier,SKU_D,0,0,0,0
68,Supplier,SKU_E,0,0,0,0
68,W1,SKU_A,1197,0,0,1766
68,W1,SKU_B,0,0,427,1434
68,W1,SKU_C,1,0,0,1106
68,W1,SKU_D,0,0,496,0
68,W1,SKU_E,388,0,0,575
68,W2,SKU_A,688,0,0,1006
68,W2,SKU_B,547,0,0,258
68,W2,SKU_C,1097,0,0,648
68,W2,SKU_D,617,0,0,0
68,W2,SKU_E,8,0,0,0
68,R1,SKU_A,392,0,0,0
68,R1,SKU_B,237,0,0,0
68,R1,SKU_C,556,0,0,0
68,R1,SKU_D,535,0,0,0
68,R1,SKU_E,130,0,0,0
68,R2,SKU_A,292,0,0,566
68,R2,SKU_B,132,0,0,0
68,R2,SKU_C,0,111,0,229
68,R2,SKU_D,1760,0,0,0
68,R2,SKU_E,331,0,0,128
68,R3,SKU_A,1318,0,0,1104
68,R3,SKU_B,184,0,0,257
68,R3,SKU_C,447,0,0,610
68,R3,SKU_D,211,0,0,854
68,R3,SKU_E,1416,0,0,766
69,Supplier,SKU_A,0,0,0,0
69,Supplier,SKU_B,0,0,0,0
69,Supplier,SKU_C,0,0,0,0
69,Supplier,SKU_D,0,0,0,0
69,Supplier,SKU_E,0,0,0,0
69,W1,SKU_A,696,0,0,1766
69,W1,SKU_B,0,0,995,1434
69,W1,SKU_C,0,0,250,1106
69,W1,SKU_D,0,0,774,0
69,W1,SKU_E,138,0,0,575
69,W2,SKU_A,688,0,0,1006
69,W2,SKU_B,495,0,0,258
69,W2,SKU_C,925,0,0,648
69,W2,SKU_D,617,0,0,0
69,W2,SKU_E,8,0,0,0
69,R1,SKU_A,218,0,0,857
69,R1,SKU_B,145,0,0,524
69,R1,SKU_C,410,0,0,189
69,R1,SKU_D,461,0,0,0
69,R1,SKU_E,92,0,0,299
69,R2,SKU_A,170,0,0,566
69,R2,SKU_B,46,0,0,0
69,R2,SKU_C,0,179,0,229
69,R2,SKU_D,1692,0,0,0
69,R2,SKU_E,286,0,0,128
69,R3,SKU_A,1330,0,0,815
69,R3,SKU_B,261,0,0,111
69,R3,SKU_C,562,0,0,271
69,R3,SKU_D,403,0,0,537
69,R3,SKU_E,2087,0,0,0
70,Supplier,SKU_A,0,0,0,0
70,Supplier,SKU_B,0,0,0,0
70,Supplier,SKU_C,0,0,0,0
70,Supplier,SKU_D,0,0,0,0
70,Supplier,SKU_E,0,0,0,0
70,W1,SKU_A,2326,0,0,744
70,W1,SKU_B,0,0,909,1718
70,W1,SKU_C,510,0,0,596
70,W1,SKU_D,0,0,1126,332
70,W1,SKU_E,67,0,0,514
70,W2,SKU_A,435,0,0,1006
70,W2,SKU_B,374,0,0,258
70,W2,SKU_C,529,0,0,648
70,W2,SKU_D,617,0,0,0
70,W2,SKU_E,8,0,0,0
70,R1,SKU_A,37,0,0,857
70,R1,SKU_B,32,0,0,524
70,R1,SKU_C,266,0,0,189
70,R1,SKU_D,388,0,0,0
70,R1,SKU_E,51,0,0,299
70,R2,SKU_A,619,0,0,150
70,R2,SKU_B,0,27,0,0
70,R2,SKU_C,0,39,0,228
70,R2,SKU_D,1653,0,0,0
70,R2,SKU_E,359,0,0,239
70,R3,SKU_A,1043,0,0,815
70,R3,SKU_B,207,0,0,111
70,R3,SKU_C,357,0,0,271
70,R3,SKU_D,283,0,0,537
70,R3,SKU_E,2002,0,0,0
71,Supplier,SKU_A,0,0,0,0
71,Supplier,SKU_B,0,0,0,0
71,Supplier,SKU_C,0,0,0,0
71,Supplier,SKU_D,0,0,0,0
71,Supplier,SKU_E,0,0,0,0
71,W1,SKU_A,2223,0,0,744
71,W1,SKU_B,0,0,1317,1718
71,W1,SKU_C,229,0,0,596
71,W1,SKU_D,0,0,1551,332
71,W1,SKU_E,67,0,0,514
71,W2,SKU_A,598,0,0,1978
71,W2,SKU_B,399,0,0,478
71,W2,SKU_C,121,0,0,1291
71,W2,SKU_D,617,0,0,0
71,W2,SKU_E,8,0,0,0
71,R1,SKU_A,730,0,0,0
71,R1,SKU_B,474,0,0,0
71,R1,SKU_C,354,0,0,0
71,R1,SKU_D,325,0,0,0
71,R1,SKU_E,312,0,0,0
71,R2,SKU_A,518,0,0,150
71,R2,SKU_B,0,88,0,0
71,R2,SKU_C,0,104,0,228
71,R2,SKU_D,1608,0,0,0
71,R2,SKU_E,293,0,0,239
71,R3,SKU_A,809,0,0,1608
71,R3,SKU_B,143,0,0,459
71,R3,SKU_C,192,0,0,1440
71,R3,SKU_D,188,0,0,537
71,R3,SKU_E,1923,0,0,0
72,Supplier,SKU_A,0,0,0,0
72,Supplier,SKU_B,0,0,0,0
72,Supplier,SKU_C,0,0,0,0
72,Supplier,SKU_D,0,0,0,0
72,Supplier,SKU_E,0,0,0,0
72,W1,SKU_A,1870,0,0,1157
72,W1,SKU_B,0,0,1868,2354
72,W1,SKU_C,0,0,218,813
72,W1,SKU_D,0,0,2039,1793
72,W1,SKU_E,53,0,0,782
72,W2,SKU_A,598,0,0,1978
72,W2,SKU_B,399,0,0,478
72,W2,SKU_C,121,0,0,1291
72,W2,SKU_D,617,0,0,0
72,W2,SKU_E,8,0,0,0
72,R1,SKU_A,571,0,0,149
72,R1,SKU_B,401,0,0,374
72,R1,SKU_C,243,0,0,799
72,R1,SKU_D,269,0,0,0
72,R1,SKU_E,257,0,0,0
72,R2,SKU_A,409,0,0,150
72,R2,SKU_B,0,156,0,0
72,R2,SKU_C,0,149,0,228
72,R2,SKU_D,1572,0,0,0
72,R2,SKU_E,223,0,0,239
72,R3,SKU_A,1438,0,0,793
72,R3,SKU_B,202,0,0,348
72,R3,SKU_C,365,0,0,1169
72,R3,SKU_D,624,0,0,0
72,R3,SKU_E,1848,0,0,0
73,Supplier,SKU_A,0,0,0,0
73,Supplier,SKU_B,0,0,0,0
73,Supplier,SKU_C,0,0,0,0
73,Supplier,SKU_D,0,0,0,0
73,Supplier,SKU_E,0,0,0,0
73,W1,SKU_A,1398,0,0,1157
73,W1,SKU_B,0,0,1298,1294
73,W1,SKU_C,0,0,267,743
73,W1,SKU_D,0,0,2583,1793
73,W1,SKU_E,447,0,0,268
73,W2,SKU_A,431,0,0,1978
73,W2,SKU_B,399,0,0,478
73,W2,SKU_C,121,0,0,1291
73,W2,SKU_D,570,0,0,0
73,W2,SKU_E,8,0,0,0
73,R1,SKU_A,441,0,0,149
73,R1,SKU_B,348,0,0,374
73,R1,SKU_C,137,0,0,799
73,R1,SKU_D,217,0,0,0
73,R1,SKU_E,212,0,0,0
73,R2,SKU_A,461,0,0,620
73,R2,SKU_B,0,212,0,598
73,R2,SKU_C,46,0,0,9
73,R2,SKU_D,1524,0,0,0
73,R2,SKU_E,432,0,0,98
73,R3,SKU_A,1276,0,0,793
73,R3,SKU_B,152,0,0,348
73,R3,SKU_C,267,0,0,1169
73,R3,SKU_D,524,0,0,0
73,R3,SKU_E,1784,0,0,0
74,Supplier,SKU_A,0,0,0,0
74,Supplier,SKU_B,0,0,0,0
74,Supplier,SKU_C,0,0,0,0
74,Supplier,SKU_D,0,0,0,0
74,Supplier,SKU_E,0,0,0,0
74,W1,SKU_A,1109,0,0,1773
74,W1,SKU_B,0,0,1298,1879
74,W1,SKU_C,0,0,410,1622
74,W1,SKU_D,0,0,3179,2669
74,W1,SKU_E,350,0,0,429
74,W2,SKU_A,405,0,0,1675
74,W2,SKU_B,457,0,0,420
74,W2,SKU_C,576,0,0,836
74,W2,SKU_D,423,0,0,0
74,W2,SKU_E,8,0,0,0
74,R1,SKU_A,445,0,0,0
74,R1,SKU_B,635,0,0,0
74,R1,SKU_C,819,0,0,0
74,R1,SKU_D,167,0,0,0
74,R1,SKU_E,177,0,0,0
74,R2,SKU_A,364,0,0,620
74,R2,SKU_B,0,263,0,598
74,R2,SKU_C,8,0,0,9
74,R2,SKU_D,1464,0,0,0
74,R2,SKU_E,383,0,0,98
74,R3,SKU_A,1043,0,0,793
74,R3,SKU_B,66,0,0,348
74,R3,SKU_C,130,0,0,1169
74,R3,SKU_D,426,0,0,0
74,R3,SKU_E,1697,0,0,0
75,Supplier,SKU_A,0,0,0,0
75,Supplier,SKU_B,0,0,0,0
75,Supplier,SKU_C,0,0,0,0
75,Supplier,SKU_D,0,0,0,0
75,Supplier,SKU_E,0,0,0,0
75,W1,SKU_A,1419,0,0,1029
75,W1,SKU_B,0,0,640,1221
75,W1,SKU_C,0,0,65,1096
75,W1,SKU_D,0,0,3493,2337
75,W1,SKU_E,169,0,0,429
75,W2,SKU_A,0,0,157,1675
75,W2,SKU_B,378,0,0,420
75,W2,SKU_C,576,0,0,836
75,W2,SKU_D,178,0,0,0
75,W2,SKU_E,8,0,0,0
75,R1,SKU_A,259,0,0,882
75,R1,SKU_B,544,0,0,462
75,R1,SKU_C,710,0,0,144
75,R1,SKU_D,108,0,0,332
75,R1,SKU_E,122,0,0,233
75,R2,SKU_A,255,0,0,620
75,R2,SKU_B,0,322,0,1256
75,R2,SKU_C,0,35,0,461
75,R2,SKU_D,1407,0,0,0
75,R2,SKU_E,338,0,0,179
75,R3,SKU_A,1575,0,0,901
75,R3,SKU_B,334,0,0,79
75,R3,SKU_C,1165,0,0,0
75,R3,SKU_D,306,0,0,439
75,R3,SKU_E,1607,0,0,0
76,Supplier,SKU_A,0,0,0,0
76,Supplier,SKU_B,0,0,0,0
76,Supplier,SKU_C,0,0,0,0
76,Supplier,SKU_D,0,0,0,0
76,Supplier,SKU_E,0,0,0,0
76,W1,SKU_A,1419,0,0,1420
76,W1,SKU_B,0,0,640,1221
76,W1,SKU_C,0,0,65,1123
76,W1,SKU_D,0,0,3866,3947
76,W1,SKU_E,140,0,0,611
76,W2,SKU_A,0,0,157,2075
76,W2,SKU_B,298,0,0,562
76,W2,SKU_C,512,0,0,1289
76,W2,SKU_D,178,0,0,604
76,W2,SKU_E,8,0,0,0
76,R1,SKU_A,42,0,0,882
76,R1,SKU_B,431,0,0,462
76,R1,SKU_C,537,0,0,144
76,R1,SKU_D,17,0,0,332
76,R1,SKU_E,65,0,0,233
76,R2,SKU_A,750,0,0,0
76,R2,SKU_B,176,0,0,658
76,R2,SKU_C,0,118,0,452
76,R2,SKU_D,1350,0,0,0
76,R2,SKU_E,387,0,0,81
76,R3,SKU_A,1294,0,0,901
76,R3,SKU_B,248,0,0,79
76,R3,SKU_C,976,0,0,0
76,R3,SKU_D,196,0,0,439
76,R3,SKU_E,1524,0,0,0
77,Supplier,SKU_A,0,0,0,0
77,Supplier,SKU_B,0,0,0,0
77,Supplier,SKU_C,0,0,0,0
77,Supplier,SKU_D,0,0,0,0
77,Supplier,SKU_E,0,0,0,0
77,W1,SKU_A,1710,0,0,1007
77,W1,SKU_B,0,0,4,585
77,W1,SKU_C,106,0,0,906
77,W1,SKU_D,0,0,2869,2486
77,W1,SKU_E,330,0,0,343
77,W2,SKU_A,1315,0,0,400
77,W2,SKU_B,552,0,0,142
77,W2,SKU_C,1095,0,0,453
77,W2,SKU_D,142,0,0,604
77,W2,SKU_E,8,0,0,0
77,R1,SKU_A,690,0,0,0
77,R1,SKU_B,779,0,0,0
77,R1,SKU_C,510,0,0,0
77,R1,SKU_D,256,0,0,0
77,R1,SKU_E,243,0,0,0
77,R2,SKU_A,595,0,0,122
77,R2,SKU_B,93,0,0,1294
77,R2,SKU_C,0,193,0,517
77,R2,SKU_D,1304,0,0,0
77,R2,SKU_E,325,0,0,188
77,R3,SKU_A,993,0,0,901
77,R3,SKU_B,140,0,0,79
77,R3,SKU_C,845,0,0,0
77,R3,SKU_D,98,0,0,439
77,R3,SKU_E,1412,0,0,0
78,Supplier,SKU_A,0,0,0,0
78,Supplier,SKU_B,0,0,0,0
78,Supplier,SKU_C,0,0,0,0
78,Supplier,SKU_D,0,0,0,0
78,Supplier,SKU_E,0,0,0,0
78,W1,SKU_A,1366,0,0,1007
78,W1,SKU_B,0,0,4,585
78,W1,SKU_C,0,0,111,906
78,W1,SKU_D,0,0,3426,2486
78,W1,SKU_E,247,0,0,343
78,W2,SKU_A,811,0,0,400
78,W2,SKU_B,278,0,0,142
78,W2,SKU_C,711,0,0,453
78,W2,SKU_D,8,0,0,604
78,W2,SKU_E,8,0,0,0
78,R1,SKU_A,549,0,0,189
78,R1,SKU_B,713,0,0,0
78,R1,SKU_C,400,0,0,152
78,R1,SKU_D,200,0,0,1461
78,R1,SKU_E,205,0,0,50
78,R2,SKU_A,484,0,0,122
78,R2,SKU_B,678,0,0,636
78,R2,SKU_C,206,0,0,65
78,R2,SKU_D,1268,0,0,0
78,R2,SKU_E,348,0,0,107
78,R3,SKU_A,768,0,0,1765
78,R3,SKU_B,47,0,0,599
78,R3,SKU_C,708,0,0,701
78,R3,SKU_D,8,0,0,609
78,R3,SKU_E,1328,0,0,0
79,Supplier,SKU_A,0,0,0,0
79,Supplier,SKU_B,0,0,0,0
79,Supplier,SKU_C,0,0,0,0
79,Supplier,SKU_D,0,0,0,0
79,Supplier,SKU_E,0,0,0,0
79,W1,SKU_A,1575,0,0,2303
79,W1,SKU_B,581,0,0,0
79,W1,SKU_C,593,0,0,614
79,W1,SKU_D,0,0,2550,1610
79,W1,SKU_E,279,0,0,707
79,W2,SKU_A,811,0,0,1756
79,W2,SKU_B,278,0,0,616
79,W2,SKU_C,711,0,0,918
79,W2,SKU_D,0,0,46,612
79,W2,SKU_E,8,0,0,16
79,R1,SKU_A,394,0,0,189
79,R1,SKU_B,652,0,0,0
79,R1,SKU_C,276,0,0,152
79,R1,SKU_D,142,0,0,1461
79,R1,SKU_E,164,0,0,50
79,R2,SKU_A,374,0,0,122
79,R2,SKU_B,622,0,0,636
79,R2,SKU_C,155,0,0,65
79,R2,SKU_D,1237,0,0,0
79,R2,SKU_E,304,0,0,107
79,R3,SKU_A,1453,0,0,864
79,R3,SKU_B,59,0,0,520
79,R3,SKU_C,596,0,0,701
79,R3,SKU_D,348,0,0,170
79,R3,SKU_E,1249,0,0,0
80,Supplier,SKU_A,0,0,0,0
80,Supplier,SKU_B,0,0,0,0
80,Supplier,SKU_C,0,0,0,0
80,Supplier,SKU_D,0,0,0,0
80,Supplier,SKU_E,0,0,0,0
80,W1,SKU_A,903,0,0,2303
80,W1,SKU_B,581,0,0,0
80,W1,SKU_C,294,0,0,614
80,W1,SKU_D,0,0,2550,1610
80,W1,SKU_E,65,0,0,707
80,W2,SKU_A,730,0,0,1756
80,W2,SKU_B,278,0,0,616
80,W2,SKU_C,711,0,0,918
80,W2,SKU_D,0,0,199,612
80,W2,SKU_E,8,0,0,16
80,R1,SKU_A,447,0,0,0
80,R1,SKU_B,589,0,0,0
80,R1,SKU_C,296,0,0,0
80,R1,SKU_D,1523,0,0,0
80,R1,SKU_E,167,0,0,0
80,R2,SKU_A,381,0,0,797
80,R2,SKU_B,1174,0,0,4
80,R2,SKU_C,171,0,0,0
80,R2,SKU_D,1192,0,0,0
80,R2,SKU_E,352,0,0,259
80,R3,SKU_A,1266,0,0,864
80,R3,SKU_B,0,12,0,520
80,R3,SKU_C,471,0,0,701
80,R3,SKU_D,252,0,0,170
80,R3,SKU_E,1175,0,0,0
81,Supplier,SKU_A,0,0,0,0
81,Supplier,SKU_B,0,0,0,0
81,Supplier,SKU_C,0,0,0,0
81,Supplier,SKU_D,0,0,0,0
81,Supplier,SKU_E,0,0,0,0
81,W1,SKU_A,862,0,0,1912
81,W1,SKU_B,567,0,0,0
81,W1,SKU_C,0,0,137,587
81,W1,SKU_D,0,0,940,0
81,W1,SKU_E,121,0,0,525
81,W2,SKU_A,462,0,0,1756
81,W2,SKU_B,278,0,0,616
81,W2,SKU_C,654,0,0,918
81,W2,SKU_D,0,0,448,612
81,W2,SKU_E,8,0,0,16
81,R1,SKU_A,308,0,0,869
81,R1,SKU_B,516,0,0,14
81,R1,SKU_C,183,0,0,906
81,R1,SKU_D,1462,0,0,2486
81,R1,SKU_E,123,0,0,243
81,R2,SKU_A,258,0,0,797
81,R2,SKU_B,1102,0,0,4
81,R2,SKU_C,110,0,0,0
81,R2,SKU_D,1153,0,0,0
81,R2,SKU_E,291,0,0,259
81,R3,SKU_A,1082,0,0,1213
81,R3,SKU_B,0,99,0,520
81,R3,SKU_C,332,0,0,758
81,R3,SKU_D,163,0,0,178
81,R3,SKU_E,1087,0,0,0
82,Supplier,SKU_A,0,0,0,0
82,Supplier,SKU_B,0,0,0,0
82,Supplier,SKU_C,0,0,0,0
82,Supplier,SKU_D,0,0,0,0
82,Supplier,SKU_E,0,0,0,0
82,W1,SKU_A,862,0,0,1912
82,W1,SKU_B,494,0,0,0
82,W1,SKU_C,0,0,225,1272
82,W1,SKU_D,0,0,940,0
82,W1,SKU_E,121,0,0,574
82,W2,SKU_A,759,0,0,1356
82,W2,SKU_B,348,0,0,474
82,W2,SKU_C,968,0,0,728
82,W2,SKU_D,0,0,174,1279
82,W2,SKU_E,8,0,0,489
82,R1,SKU_A,123,0,0,869
82,R1,SKU_B,390,0,0,14
82,R1,SKU_C,38,0,0,906
82,R1,SKU_D,1377,0,0,2486
82,R1,SKU_E,58,0,0,243
82,R2,SKU_A,121,0,0,797
82,R2,SKU_B,995,0,0,4
82,R2,SKU_C,30,0,0,0
82,R2,SKU_D,1107,0,0,0
82,R2,SKU_E,218,0,0,259
82,R3,SKU_A,1691,0,0,349
82,R3,SKU_B,307,0,0,0
82,R3,SKU_C,823,0,0,57
82,R3,SKU_D,207,0,0,8
82,R3,SKU_E,976,0,0,0
83,Supplier,SKU_A,0,0,0,0
83,Supplier,SKU_B,0,0,0,0
83,Supplier,SKU_C,0,0,0,0
83,Supplier,SKU_D,0,0,0,0
83,Supplier,SKU_E,0,0,0,0
83,W1,SKU_A,862,0,0,1912
83,W1,SKU_B,295,0,0,0
83,W1,SKU_C,0,0,393,1272
83,W1,SKU_D,0,0,940,0
83,W1,SKU_E,52,0,0,574
83,W2,SKU_A,401,0,0,1356
83,W2,SKU_B,162,0,0,474
83,W2,SKU_C,619,0,0,728
83,W2,SKU_D,0,0,630,1279
83,W2,SKU_E,0,0,65,489
83,R1,SKU_A,818,0,0,0
83,R1,SKU_B,289,0,0,0
83,R1,SKU_C,766,0,0,0
83,R1,SKU_D,3756,0,0,0
83,R1,SKU_E,252,0,0,0
83,R2,SKU_A,790,0,0,0
83,R2,SKU_B,916,0,0,0
83,R2,SKU_C,0,47,0,0
83,R2,SKU_D,1050,0,0,0
83,R2,SKU_E,431,0,0,0
83,R3,SKU_A,1374,0,0,810
83,R3,SKU_B,221,0,0,258
83,R3,SKU_C,582,0,0,545
83,R3,SKU_D,71,0,0,612
83,R3,SKU_E,864,0,0,8
84,Supplier,SKU_A,0,0,0,0
84,Supplier,SKU_B,0,0,0,0
84,Supplier,SKU_C,0,0,0,0
84,Supplier,SKU_D,0,0,0,0
84,Supplier,SKU_E,0,0,0,0
84,W1,SKU_A,2631,0,0,0
84,W1,SKU_B,0,0,19,0
84,W1,SKU_C,0,0,51,685
84,W1,SKU_D,0,0,940,0
84,W1,SKU_E,421,0,0,49
84,W2,SKU_A,187,0,0,1945
84,W2,SKU_B,148,0,0,802
84,W2,SKU_C,517,0,0,1265
84,W2,SKU_D,0,0,630,1279
84,W2,SKU_E,0,0,242,545
84,R1,SKU_A,587,0,0,61
84,R1,SKU_B,177,0,0,567
84,R1,SKU_C,546,0,0,110
84,R1,SKU_D,3660,0,0,0
84,R1,SKU_E,175,0,0,41
84,R2,SKU_A,667,0,0,82
84,R2,SKU_B,813,0,0,0
84,R2,SKU_C,0,145,0,477
84,R2,SKU_D,992,0,0,0
84,R2,SKU_E,360,0,0,184
84,R3,SKU_A,1091,0,0,810
84,R3,SKU_B,115,0,0,258
84,R3,SKU_C,341,0,0,545
84,R3,SKU_D,0,51,0,612
84,R3,SKU_E,776,0,0,8
85,Supplier,SKU_A,0,0,0,0
85,Supplier,SKU_B,0,0,0,0
85,Supplier,SKU_C,0,0,0,0
85,Supplier,SKU_D,0,0,0,0
85,Supplier,SKU_E,0,0,0,0
85,W1,SKU_A,2277,0,0,1327
85,W1,SKU_B,0,0,19,314
85,W1,SKU_C,0,0,122,1687
85,W1,SKU_D,0,0,940,0
85,W1,SKU_E,342,0,0,801
85,W2,SKU_A,1046,0,0,589
85,W2,SKU_B,502,0,0,328
85,W2,SKU_C,639,0,0,800
85,W2,SKU_D,0,0,732,1271
85,W2,SKU_E,0,0,491,529
85,R1,SKU_A,400,0,0,61
85,R1,SKU_B,89,0,0,567
85,R1,SKU_C,403,0,0,110
85,R1,SKU_D,3595,0,0,0
85,R1,SKU_E,125,0,0,41
85,R2,SKU_A,579,0,0,82
85,R2,SKU_B,744,0,0,0
85,R2,SKU_C,0,227,0,477
85,R2,SKU_D,928,0,0,0
85,R2,SKU_E,319,0,0,184
85,R3,SKU_A,1236,0,0,461
85,R3,SKU_B,42,0,0,258
85,R3,SKU_C,259,0,0,488
85,R3,SKU_D,0,140,0,604
85,R3,SKU_E,694,0,0,8
86,Supplier,SKU_A,0,0,0,0
86,Supplier,SKU_B,0,0,0,0
86,Supplier,SKU_C,0,0,0,0
86,Supplier,SKU_D,0,0,0,0
86,Supplier,SKU_E,0,0,0,0
86,W1,SKU_A,1648,0,0,1327
86,W1,SKU_B,0,0,19,314
86,W1,SKU_C,0,0,336,1687
86,W1,SKU_D,0,0,940,0
86,W1,SKU_E,172,0,0,801
86,W2,SKU_A,345,0,0,1087
86,W2,SKU_B,309,0,0,386
86,W2,SKU_C,157,0,0,1125
86,W2,SKU_D,0,0,939,1357
86,W2,SKU_E,0,0,838,1390
86,R1,SKU_A,297,0,0,0
86,R1,SKU_B,589,0,0,0
86,R1,SKU_C,405,0,0,0
86,R1,SKU_D,3532,0,0,0
86,R1,SKU_E,128,0,0,0
86,R2,SKU_A,455,0,0,82
86,R2,SKU_B,685,0,0,0
86,R2,SKU_C,0,282,0,477
86,R2,SKU_D,892,0,0,0
86,R2,SKU_E,271,0,0,184
86,R3,SKU_A,1020,0,0,1873
86,R3,SKU_B,0,24,0,585
86,R3,SKU_C,128,0,0,1415
86,R3,SKU_D,0,214,0,612
86,R3,SKU_E,613,0,0,24
87,Supplier,SKU_A,0,0,0,0
87,Supplier,SKU_B,0,0,0,0
87,Supplier,SKU_C,0,0,0,0
87,Supplier,SKU_D,0,0,0,0
87,Supplier,SKU_E,0,0,0,0
87,W1,SKU_A,731,0,0,1327
87,W1,SKU_B,0,0,33,314
87,W1,SKU_C,24,0,0,1002
87,W1,SKU_D,0,0,940,0
87,W1,SKU_E,0,0,35,752
87,W2,SKU_A,345,0,0,1087
87,W2,SKU_B,309,0,0,386
87,W2,SKU_C,157,0,0,1125
87,W2,SKU_D,0,0,1212,1357
87,W2,SKU_E,0,0,1250,1390
87,R1,SKU_A,154,0,0,1231
87,R1,SKU_B,518,0,0,0
87,R1,SKU_C,301,0,0,607
87,R1,SKU_D,3462,0,0,0
87,R1,SKU_E,86,0,0,369
87,R2,SKU_A,459,0,0,669
87,R2,SKU_B,642,0,0,0
87,R2,SKU_C,162,0,0,54
87,R2,SKU_D,876,0,0,0
87,R2,SKU_E,403,0,0,101
87,R3,SKU_A,1344,0,0,1412
87,R3,SKU_B,172,0,0,327
87,R3,SKU_C,495,0,0,927
87,R3,SKU_D,305,0,0,8
87,R3,SKU_E,555,0,0,16
88,Supplier,SKU_A,0,0,0,0
88,Supplier,SKU_B,0,0,0,0
88,Supplier,SKU_C,0,0,0,0
88,Supplier,SKU_D,0,0,0,0
88,Supplier,SKU_E,0,0,0,0
88,W1,SKU_A,731,0,0,1578
88,W1,SKU_B,0,0,118,1045
88,W1,SKU_C,24,0,0,1002
88,W1,SKU_D,0,0,940,0
88,W1,SKU_E,0,0,77,752
88,W2,SKU_A,345,0,0,1362
88,W2,SKU_B,309,0,0,556
88,W2,SKU_C,420,0,0,1059
88,W2,SKU_D,0,0,299,1072
88,W2,SKU_E,0,0,1255,1721
88,R1,SKU_A,9,0,0,1231
88,R1,SKU_B,434,0,0,0
88,R1,SKU_C,156,0,0,607
88,R1,SKU_D,3395,0,0,0
88,R1,SKU_E,37,0,0,369
88,R2,SKU_A,353,0,0,669
88,R2,SKU_B,552,0,0,0
88,R2,SKU_C,116,0,0,54
88,R2,SKU_D,847,0,0,0
88,R2,SKU_E,366,0,0,101
88,R3,SKU_A,1135,0,0,1412
88,R3,SKU_B,96,0,0,327
88,R3,SKU_C,358,0,0,927
88,R3,SKU_D,206,0,0,1279
88,R3,SKU_E,495,0,0,489
89,Supplier,SKU_A,0,0,0,0
89,Supplier,SKU_B,0,0,0,0
89,Supplier,SKU_C,0,0,0,0
89,Supplier,SKU_D,0,0,0,0
89,Supplier,SKU_E,0,0,0,0
89,W1,SKU_A,731,0,0,1578
89,W1,SKU_B,0,0,287,1045
89,W1,SKU_C,0,0,4,1002
89,W1,SKU_D,0,0,940,0
89,W1,SKU_E,0,0,156,752
89,W2,SKU_A,345,0,0,1362
89,W2,SKU_B,239,0,0,556
89,W2,SKU_C,420,0,0,1059
89,W2,SKU_D,0,0,299,1072
89,W2,SKU_E,0,0,1320,1721
89,R1,SKU_A,1026,0,0,0
89,R1,SKU_B,339,0,0,0
89,R1,SKU_C,590,0,0,0
89,R1,SKU_D,3319,0,0,0
89,R1,SKU_E,353,0,0,0
89,R2,SKU_A,237,0,0,669
89,R2,SKU_B,487,0,0,0
89,R2,SKU_C,61,0,0,54
89,R2,SKU_D,804,0,0,0
89,R2,SKU_E,323,0,0,101
89,R3,SKU_A,877,0,0,1412
89,R3,SKU_B,13,0,0,327
89,R3,SKU_C,136,0,0,927
89,R3,SKU_D,77,0,0,1279
89,R3,SKU_E,403,0,0,489
90,Supplier,SKU_A,0,0,0,0
90,Supplier,SKU_B,0,0,0,0
90,Supplier,SKU_C,0,0,0,0
90,Supplier,SKU_D,0,0,0,0
90,Supplier,SKU_E,0,0,0,0
90,W1,SKU_A,2058,0,0,251
90,W1,SKU_B,0,0,237,731
90,W1,SKU_C,778,0,0,0
90,W1,SKU_D,0,0,940,0
90,W1,SKU_E,474,0,0,0
90,W2,SKU_A,825,0,0,773
90,W2,SKU_B,414,0,0,228
90,W2,SKU_C,791,0,0,522
90,W2,SKU_D,0,0,299,1072
90,W2,SKU_E,0,0,1421,1665
90,R1,SKU_A,822,0,0,0
90,R1,SKU_B,216,0,0,0
90,R1,SKU_C,417,0,0,0
90,R1,SKU_D,3226,0,0,0
90,R1,SKU_E,277,0,0,0
90,R2,SKU_A,783,0,0,0
90,R2,SKU_B,403,0,0,0
90,R2,SKU_C,39,0,0,111
90,R2,SKU_D,761,0,0,0
90,R2,SKU_E,384,0,0,278
90,R3,SKU_A,2021,0,0,0
90,R3,SKU_B,267,0,0,0
90,R3,SKU_C,813,0,0,0
90,R3,SKU_D,0,57,0,1271
90,R3,SKU_E,331,0,0,473
91,Supplier,SKU_A,0,0,0,0
91,Supplier,SKU_B,0,0,0,0
91,Supplier,SKU_C,0,0,0,0
91,Supplier,SKU_D,0,0,0,0
91,Supplier,SKU_E,0,0,0,0
91,W1,SKU_A,1912,0,0,1946
91,W1,SKU_B,0,0,624,1344
91,W1,SKU_C,420,0,0,1267
91,W1,SKU_D,0,0,940,0
91,W1,SKU_E,458,0,0,499
91,W2,SKU_A,448,0,0,1977
91,W2,SKU_B,188,0,0,569
91,W2,SKU_C,375,0,0,1513
91,W2,SKU_D,0,0,299,1072
91,W2,SKU_E,0,0,1666,1972
91,R1,SKU_A,584,0,0,0
91,R1,SKU_B,118,0,0,0
91,R1,SKU_C,216,0,0,0
91,R1,SKU_D,3136,0,0,0
91,R1,SKU_E,206,0,0,0
91,R2,SKU_A,671,0,0,0
91,R2,SKU_B,318,0,0,0
91,R2,SKU_C,0,21,0,111
91,R2,SKU_D,714,0,0,0
91,R2,SKU_E,338,0,0,278
91,R3,SKU_A,1793,0,0,486
91,R3,SKU_B,154,0,0,449
91,R3,SKU_C,592,0,0,582
91,R3,SKU_D,0,173,0,1271
91,R3,SKU_E,263,0,0,529
92,Supplier,SKU_A,0,0,0,0
92,Supplier,SKU_B,0,0,0,0
92,Supplier,SKU_C,0,0,0,0
92,Supplier,SKU_D,0,0,0,0
92,Supplier,SKU_E,0,0,0,0
92,W1,SKU_A,1416,0,0,1946
92,W1,SKU_B,0,0,1125,1344
92,W1,SKU_C,0,0,199,1267
92,W1,SKU_D,0,0,940,0
92,W1,SKU_E,371,0,0,499
92,W2,SKU_A,827,0,0,1479
92,W2,SKU_B,246,0,0,511
92,W2,SKU_C,645,0,0,1188
92,W2,SKU_D,0,0,213,986
92,W2,SKU_E,0,0,1062,1111
92,R1,SKU_A,452,0,0,352
92,R1,SKU_B,35,0,0,314
92,R1,SKU_C,100,0,0,867
92,R1,SKU_D,3070,0,0,0
92,R1,SKU_E,168,0,0,103
92,R2,SKU_A,558,0,0,0
92,R2,SKU_B,255,0,0,0
92,R2,SKU_C,0,70,0,111
92,R2,SKU_D,671,0,0,0
92,R2,SKU_E,298,0,0,278
92,R3,SKU_A,1591,0,0,486
92,R3,SKU_B,83,0,0,449
92,R3,SKU_C,432,0,0,582
92,R3,SKU_D,995,0,0,0
92,R3,SKU_E,664,0,0,56
93,Supplier,SKU_A,0,0,0,0
93,Supplier,SKU_B,0,0,0,0
93,Supplier,SKU_C,0,0,0,0
93,Supplier,SKU_D,0,0,0,0
93,Supplier,SKU_E,0,0,0,0
93,W1,SKU_A,1278,0,0,1695
93,W1,SKU_B,0,0,727,1944
93,W1,SKU_C,0,0,356,1267
93,W1,SKU_D,0,0,940,0
93,W1,SKU_E,349,0,0,499
93,W2,SKU_A,506,0,0,1479
93,W2,SKU_B,246,0,0,511
93,W2,SKU_C,430,0,0,1188
93,W2,SKU_D,0,0,213,986
93,W2,SKU_E,0,0,1391,1111
93,R1,SKU_A,292,0,0,352
93,R1,SKU_B,0,77,0,314
93,R1,SKU_C,0,23,0,867
93,R1,SKU_D,3004,0,0,0
93,R1,SKU_E,132,0,0,103
93,R2,SKU_A,451,0,0,604
93,R2,SKU_B,177,0,0,0
93,R2,SKU_C,0,48,0,48
93,R2,SKU_D,632,0,0,0
93,R2,SKU_E,534,0,0,0
93,R3,SKU_A,1412,0,0,926
93,R3,SKU_B,12,0,0,449
93,R3,SKU_C,292,0,0,852
93,R3,SKU_D,895,0,0,86
93,R3,SKU_E,604,0,0,917
94,Supplier,SKU_A,0,0,0,0
94,Supplier,SKU_B,0,0,0,0
94,Supplier,SKU_C,0,0,0,0
94,Supplier,SKU_D,0,0,0,0
94,Supplier,SKU_E,0,0,0,0
94,W1,SKU_A,1043,0,0,1695
94,W1,SKU_B,0,0,1250,1944
94,W1,SKU_C,0,0,554,1267
94,W1,SKU_D,0,0,940,0
94,W1,SKU_E,279,0,0,499
94,W2,SKU_A,721,0,0,1275
94,W2,SKU_B,384,0,0,478
94,W2,SKU_C,542,0,0,1092
94,W2,SKU_D,773,0,0,0
94,W2,SKU_E,0,0,587,672
94,R1,SKU_A,509,0,0,0
94,R1,SKU_B,167,0,0,0
94,R1,SKU_C,701,0,0,0
94,R1,SKU_D,2955,0,0,0
94,R1,SKU_E,201,0,0,0
94,R2,SKU_A,369,0,0,604
94,R2,SKU_B,85,0,0,0
94,R2,SKU_C,0,100,0,48
94,R2,SKU_D,607,0,0,0
94,R2,SKU_E,497,0,0,0
94,R3,SKU_A,1247,0,0,926
94,R3,SKU_B,0,77,0,449
94,R3,SKU_C,177,0,0,852
94,R3,SKU_D,820,0,0,86
94,R3,SKU_E,527,0,0,917
95,Supplier,SKU_A,0,0,0,0
95,Supplier,SKU_B,0,0,0,0
95,Supplier,SKU_C,0,0,0,0
95,Supplier,SKU_D,0,0,0,0
95,Supplier,SKU_E,0,0,0,0
95,W1,SKU_A,673,0,0,1695
95,W1,SKU_B,0,0,1935,1944
95,W1,SKU_C,0,0,830,1267
95,W1,SKU_D,0,0,940,0
95,W1,SKU_E,138,0,0,499
95,W2,SKU_A,496,0,0,1275
95,W2,SKU_B,263,0,0,478
95,W2,SKU_C,342,0,0,1092
95,W2,SKU_D,773,0,0,0
95,W2,SKU_E,0,0,587,672
95,R1,SKU_A,348,0,0,680
95,R1,SKU_B,99,0,0,731
95,R1,SKU_C,613,0,0,0
95,R1,SKU_D,2891,0,0,0
95,R1,SKU_E,160,0,0,172
95,R2,SKU_A,246,0,0,604
95,R2,SKU_B,12,0,0,0
95,R2,SKU_C,0,160,0,48
95,R2,SKU_D,578,0,0,0
95,R2,SKU_E,461,0,0,0
95,R3,SKU_A,1549,0,0,725
95,R3,SKU_B,301,0,0,153
95,R3,SKU_C,618,0,0,555
95,R3,SKU_D,727,0,0,299
95,R3,SKU_E,510,0,0,1665
96,Supplier,SKU_A,0,0,0,0
96,Supplier,SKU_B,0,0,0,0
96,Supplier,SKU_C,0,0,0,0
96,Supplier,SKU_D,0,0,0,0
96,Supplier,SKU_E,0,0,0,0
96,W1,SKU_A,2346,0,0,898
96,W1,SKU_B,0,0,1644,2427
96,W1,SKU_C,13,0,0,2049
96,W1,SKU_D,0,0,940,0
96,W1,SKU_E,552,0,0,163
96,W2,SKU_A,372,0,0,1275
96,W2,SKU_B,224,0,0,478
96,W2,SKU_C,286,0,0,1092
96,W2,SKU_D,773,0,0,0
96,W2,SKU_E,0,0,587,672
96,R1,SKU_A,148,0,0,680
96,R1,SKU_B,0,13,0,731
96,R1,SKU_C,444,0,0,0
96,R1,SKU_D,2813,0,0,0
96,R1,SKU_E,103,0,0,172
96,R2,SKU_A,758,0,0,22
96,R2,SKU_B,0,69,0,0
96,R2,SKU_C,0,171,0,1023
96,R2,SKU_D,537,0,0,0
96,R2,SKU_E,401,0,0,146
96,R3,SKU_A,1261,0,0,725
96,R3,SKU_B,207,0,0,153
96,R3,SKU_C,388,0,0,555
96,R3,SKU_D,583,0,0,299
96,R3,SKU_E,419,0,0,1665
97,Supplier,SKU_A,0,0,0,0
97,Supplier,SKU_B,0,0,0,0
97,Supplier,SKU_C,0,0,0,0
97,Supplier,SKU_D,0,0,0,0
97,Supplier,SKU_E,0,0,0,0
97,W1,SKU_A,2203,0,0,898
97,W1,SKU_B,0,0,2047,2427
97,W1,SKU_C,0,0,270,2049
97,W1,SKU_D,0,0,940,0
97,W1,SKU_E,534,0,0,163
97,W2,SKU_A,1164,0,0,1222
97,W2,SKU_B,432,0,0,485
97,W2,SKU_C,991,0,0,958
97,W2,SKU_D,773,0,0,0
97,W2,SKU_E,0,0,280,365
97,R1,SKU_A,585,0,0,0
97,R1,SKU_B,566,0,0,0
97,R1,SKU_C,221,0,0,0
97,R1,SKU_D,2708,0,0,0
97,R1,SKU_E,210,0,0,0
97,R2,SKU_A,632,0,0,22
97,R2,SKU_B,0,177,0,0
97,R2,SKU_C,0,258,0,1023
97,R2,SKU_D,464,0,0,0
97,R2,SKU_E,338,0,0,146
97,R3,SKU_A,1407,0,0,285
97,R3,SKU_B,105,0,0,153
97,R3,SKU_C,406,0,0,285
97,R3,SKU_D,504,0,0,213
97,R3,SKU_E,1166,0,0,804
98,Supplier,SKU_A,0,0,0,0
98,Supplier,SKU_B,0,0,0,0
98,Supplier,SKU_C,0,0,0,0
98,Supplier,SKU_D,0,0,0,0
98,Supplier,SKU_E,0,0,0,0
98,W1,SKU_A,1691,0,0,898
98,W1,SKU_B,0,0,1264,1096
98,W1,SKU_C,0,0,776,2049
98,W1,SKU_D,0,0,940,0
98,W1,SKU_E,389,0,0,163
98,W2,SKU_A,458,0,0,1222
98,W2,SKU_B,197,0,0,485
98,W2,SKU_C,453,0,0,958
98,W2,SKU_D,773,0,0,0
98,W2,SKU_E,0,0,280,365
98,R1,SKU_A,349,0,0,345
98,R1,SKU_B,463,0,0,1471
98,R1,SKU_C,7,0,0,244
98,R1,SKU_D,2607,0,0,0
98,R1,SKU_E,147,0,0,101
98,R2,SKU_A,509,0,0,332
98,R2,SKU_B,0,267,0,473
98,R2,SKU_C,0,344,0,1023
98,R2,SKU_D,396,0,0,0
98,R2,SKU_E,273,0,0,208
98,R3,SKU_A,1087,0,0,1527
98,R3,SKU_B,0,14,0,560
98,R3,SKU_C,150,0,0,1165
98,R3,SKU_D,385,0,0,213
98,R3,SKU_E,1077,0,0,1111
99,Supplier,SKU_A,0,0,0,0
99,Supplier,SKU_B,0,0,0,0
99,Supplier,SKU_C,0,0,0,0
99,Supplier,SKU_D,0,0,0,0
99,Supplier,SKU_E,0,0,0,0
99,W1,SKU_A,1475,0,0,1905
99,W1,SKU_B,0,0,1392,1349
99,W1,SKU_C,0,0,1252,2049
99,W1,SKU_D,0,0,940,0
99,W1,SKU_E,279,0,0,769
99,W2,SKU_A,458,0,0,1222
99,W2,SKU_B,197,0,0,485
99,W2,SKU_C,453,0,0,958
99,W2,SKU_D,700,0,0,0
99,W2,SKU_E,0,0,280,365
99,R1,SKU_A,141,0,0,345
99,R1,SKU_B,376,0,0,1471
99,R1,SKU_C,0,135,0,244
99,R1,SKU_D,2536,0,0,0
99,R1,SKU_E,83,0,0,101
99,R2,SKU_A,425,0,0,310
99,R2,SKU_B,0,333,0,473
99,R2,SKU_C,619,0,0,0
99,R2,SKU_D,343,0,0,0
99,R2,SKU_E,365,0,0,62
99,R3,SKU_A,1129,0,0,1242
99,R3,SKU_B,63,0,0,407
99,R3,SKU_C,277,0,0,880
99,R3,SKU_D,489,0,0,0
99,R3,SKU_E,1798,0,0,307
100,Supplier,SKU_A,0,0,0,0
100,Supplier,SKU_B,0,0,0,0
100,Supplier,SKU_C,0,0,0,0
100,Supplier,SKU_D,0,0,0,0
100,Supplier,SKU_E,0,0,0,0
100,W1,SKU_A,945,0,0,1905
100,W1,SKU_B,0,0,1586,1349
100,W1,SKU_C,0,0,1870,2049
100,W1,SKU_D,0,0,940,0
100,W1,SKU_E,51,0,0,769
100,W2,SKU_A,502,0,0,1151
100,W2,SKU_B,311,0,0,348
100,W2,SKU_C,482,0,0,857
100,W2,SKU_D,518,0,0,0
100,W2,SKU_E,85,0,0,0
100,R1,SKU_A,337,0,0,0
100,R1,SKU_B,1781,0,0,0
100,R1,SKU_C,17,0,0,0
100,R1,SKU_D,2467,0,0,0
100,R1,SKU_E,147,0,0,0
100,R2,SKU_A,322,0,0,310
100,R2,SKU_B,0,387,0,473
100,R2,SKU_C,565,0,0,0
100,R2,SKU_D,297,0,0,0
100,R2,SKU_E,316,0,0,62
100,R3,SKU_A,911,0,0,1242
100,R3,SKU_B,0,24,0,407
100,R3,SKU_C,209,0,0,880
100,R3,SKU_D,376,0,0,0
100,R3,SKU_E,1725,0,0,307
101,Supplier,SKU_A,0,0,0,0
101,Supplier,SKU_B,0,0,0,0
101,Supplier,SKU_C,0,0,0,0
101,Supplier,SKU_D,0,0,0,0
101,Supplier,SKU_E,0,0,0,0
101,W1,SKU_A,1061,0,0,1007
101,W1,SKU_B,0,0,738,253
101,W1,SKU_C,0,0,531,0
101,W1,SKU_D,0,0,975,0
101,W1,SKU_E,0,0,100,606
101,W2,SKU_A,257,0,0,2155
101,W2,SKU_B,201,0,0,831
101,W2,SKU_C,342,0,0,1652
101,W2,SKU_D,223,0,0,88
101,W2,SKU_E,85,0,0,0
101,R1,SKU_A,162,0,0,1120
101,R1,SKU_B,1718,0,0,0
101,R1,SKU_C,0,102,0,2049
101,R1,SKU_D,2393,0,0,0
101,R1,SKU_E,85,0,0,300
101,R2,SKU_A,520,0,0,408
101,R2,SKU_B,27,0,0,1096
101,R2,SKU_C,503,0,0,0
101,R2,SKU_D,240,0,0,0
101,R2,SKU_E,332,0,0,252
101,R3,SKU_A,712,0,0,1514
101,R3,SKU_B,0,83,0,540
101,R3,SKU_C,63,0,0,1092
101,R3,SKU_D,248,0,0,550
101,R3,SKU_E,1650,0,0,587
102,Supplier,SKU_A,0,0,0,0
102,Supplier,SKU_B,0,0,0,0
102,Supplier,SKU_C,0,0,0,0
102,Supplier,SKU_D,0,0,0,0
102,Supplier,SKU_E,0,0,0,0
102,W1,SKU_A,1061,0,0,1778
102,W1,SKU_B,0,0,738,253
102,W1,SKU_C,0,0,531,1993
102,W1,SKU_D,0,0,1067,53
102,W1,SKU_E,0,0,100,742
102,W2,SKU_A,85,0,0,2155
102,W2,SKU_B,165,0,0,831
102,W2,SKU_C,268,0,0,1652
102,W2,SKU_D,223,0,0,88
102,W2,SKU_E,85,0,0,0
102,R1,SKU_A,17,0,0,1120
102,R1,SKU_B,1638,0,0,0
102,R1,SKU_C,0,214,0,2049
102,R1,SKU_D,2337,0,0,0
102,R1,SKU_E,40,0,0,300
102,R2,SKU_A,414,0,0,408
102,R2,SKU_B,0,39,0,1096
102,R2,SKU_C,448,0,0,0
102,R2,SKU_D,189,0,0,0
102,R2,SKU_E,289,0,0,252
102,R3,SKU_A,1744,0,0,272
102,R3,SKU_B,242,0,0,133
102,R3,SKU_C,767,0,0,212
102,R3,SKU_D,133,0,0,550
102,R3,SKU_E,1880,0,0,280
103,Supplier,SKU_A,0,0,0,0
103,Supplier,SKU_B,0,0,0,0
103,Supplier,SKU_C,0,0,0,0
103,Supplier,SKU_D,0,0,0,0
103,Supplier,SKU_E,0,0,0,0
103,W1,SKU_A,1011,0,0,1778
103,W1,SKU_B,0,0,738,253
103,W1,SKU_C,0,0,531,1993
103,W1,SKU_D,0,0,1210,53
103,W1,SKU_E,0,0,105,742
103,W2,SKU_A,854,0,0,1004
103,W2,SKU_B,395,0,0,483
103,W2,SKU_C,875,0,0,795
103,W2,SKU_D,223,0,0,88
103,W2,SKU_E,85,0,0,0
103,R1,SKU_A,959,0,0,0
103,R1,SKU_B,1521,0,0,0
103,R1,SKU_C,1661,0,0,0
103,R1,SKU_D,2247,0,0,0
103,R1,SKU_E,282,0,0,0
103,R2,SKU_A,294,0,0,408
103,R2,SKU_B,0,111,0,1096
103,R2,SKU_C,390,0,0,0
103,R2,SKU_D,126,0,0,0
103,R2,SKU_E,236,0,0,252
103,R3,SKU_A,1504,0,0,272
103,R3,SKU_B,188,0,0,133
103,R3,SKU_C,534,0,0,212
103,R3,SKU_D,12,0,0,550
103,R3,SKU_E,1776,0,0,280
104,Supplier,SKU_A,0,0,0,0
104,Supplier,SKU_B,0,0,0,0
104,Supplier,SKU_C,0,0,0,0
104,Supplier,SKU_D,0,0,0,0
104,Supplier,SKU_E,0,0,0,0
104,W1,SKU_A,1848,0,0,771
104,W1,SKU_B,0,0,485,0
104,W1,SKU_C,0,0,531,1993
104,W1,SKU_D,0,0,1416,53
104,W1,SKU_E,432,0,0,136
104,W2,SKU_A,232,0,0,1210
104,W2,SKU_B,223,0,0,483
104,W2,SKU_C,392,0,0,918
104,W2,SKU_D,114,0,0,823
104,W2,SKU_E,85,0,0,0
104,R1,SKU_A,733,0,0,0
104,R1,SKU_B,1406,0,0,0
104,R1,SKU_C,1440,0,0,0
104,R1,SKU_D,2150,0,0,0
104,R1,SKU_E,217,0,0,0
104,R2,SKU_A,589,0,0,220
104,R2,SKU_B,880,0,0,253
104,R2,SKU_C,311,0,0,0
104,R2,SKU_D,61,0,0,0
104,R2,SKU_E,420,0,0,163
104,R3,SKU_A,1203,0,0,1448
104,R3,SKU_B,104,0,0,459
104,R3,SKU_C,279,0,0,1019
104,R3,SKU_D,0,148,0,659
104,R3,SKU_E,1686,0,0,280
105,Supplier,SKU_A,0,0,0,0
105,Supplier,SKU_B,0,0,0,0
105,Supplier,SKU_C,0,0,0,0
105,Supplier,SKU_D,0,0,0,0
105,Supplier,SKU_E,0,0,0,0
105,W1,SKU_A,1639,0,0,1733
105,W1,SKU_B,0,0,485,0
105,W1,SKU_C,0,0,531,1993
105,W1,SKU_D,0,0,1687,1610
105,W1,SKU_E,356,0,0,660
105,W2,SKU_A,232,0,0,1210
105,W2,SKU_B,223,0,0,483
105,W2,SKU_C,392,0,0,918
105,W2,SKU_D,0,0,46,823
105,W2,SKU_E,85,0,0,0
105,R1,SKU_A,464,0,0,0
105,R1,SKU_B,1293,0,0,0
105,R1,SKU_C,1169,0,0,0
105,R1,SKU_D,2036,0,0,0
105,R1,SKU_E,157,0,0,0
105,R2,SKU_A,450,0,0,220
105,R2,SKU_B,788,0,0,253
105,R2,SKU_C,220,0,0,0
105,R2,SKU_D,0,22,0,0
105,R2,SKU_E,366,0,0,163
105,R3,SKU_A,1146,0,0,1176
105,R3,SKU_B,159,0,0,326
105,R3,SKU_C,199,0,0,807
105,R3,SKU_D,258,0,0,109
105,R3,SKU_E,1866,0,0,0
106,Supplier,SKU_A,0,0,0,0
106,Supplier,SKU_B,0,0,0,0
106,Supplier,SKU_C,0,0,0,0
106,Supplier,SKU_D,0,0,0,0
106,Supplier,SKU_E,0,0,0,0
106,W1,SKU_A,1022,0,0,1733
106,W1,SKU_B,0,0,485,0
106,W1,SKU_C,0,0,531,1993
106,W1,SKU_D,0,0,2041,1610
106,W1,SKU_E,203,0,0,660
106,W2,SKU_A,156,0,0,2141
106,W2,SKU_B,215,0,0,667
106,W2,SKU_C,169,0,0,1720
106,W2,SKU_D,0,0,350,823
106,W2,SKU_E,85,0,0,0
106,R1,SKU_A,303,0,0,561
106,R1,SKU_B,1212,0,0,0
106,R1,SKU_C,1028,0,0,0
106,R1,SKU_D,1952,0,0,0
106,R1,SKU_E,104,0,0,223
106,R2,SKU_A,315,0,0,220
106,R2,SKU_B,708,0,0,253
106,R2,SKU_C,137,0,0,0
106,R2,SKU_D,0,60,0,0
106,R2,SKU_E,313,0,0,163
106,R3,SKU_A,898,0,0,1176
106,R3,SKU_B,80,0,0,326
106,R3,SKU_C,50,0,0,807
106,R3,SKU_D,167,0,0,109
106,R3,SKU_E,1812,0,0,0
107,Supplier,SKU_A,0,0,0,0
107,Supplier,SKU_B,0,0,0,0
107,Supplier,SKU_C,0,0,0,0
107,Supplier,SKU_D,0,0,0,0
107,Supplier,SKU_E,0,0,0,0
107,W1,SKU_A,1441,0,0,962
107,W1,SKU_B,0,0,485,0
107,W1,SKU_C,1401,0,0,0
107,W1,SKU_D,0,0,2380,1557
107,W1,SKU_E,269,0,0,524
107,W2,SKU_A,836,0,0,1137
107,W2,SKU_B,611,0,0,184
107,W2,SKU_C,592,0,0,925
107,W2,SKU_D,0,0,657,735
107,W2,SKU_E,85,0,0,0
107,R1,SKU_A,114,0,0,561
107,R1,SKU_B,1134,0,0,0
107,R1,SKU_C,895,0,0,0
107,R1,SKU_D,1883,0,0,0
107,R1,SKU_E,58,0,0,223
107,R2,SKU_A,431,0,0,602
107,R2,SKU_B,892,0,0,0
107,R2,SKU_C,85,0,0,61
107,R2,SKU_D,0,111,0,0
107,R2,SKU_E,429,0,0,87
107,R3,SKU_A,696,0,0,1576
107,R3,SKU_B,0,9,0,421
107,R3,SKU_C,0,70,0,1402
107,R3,SKU_D,83,0,0,311
107,R3,SKU_E,1745,0,0,0
108,Supplier,SKU_A,0,0,0,0
108,Supplier,SKU_B,0,0,0,0
108,Supplier,SKU_C,0,0,0,0
108,Supplier,SKU_D,0,0,0,0
108,Supplier,SKU_E,0,0,0,0
108,W1,SKU_A,1237,0,0,2123
108,W1,SKU_B,0,0,485,395
108,W1,SKU_C,1349,0,0,0
108,W1,SKU_D,0,0,2823,2345
108,W1,SKU_E,227,0,0,545
108,W2,SKU_A,710,0,0,1286
108,W2,SKU_B,530,0,0,316
108,W2,SKU_C,592,0,0,925
108,W2,SKU_D,0,0,934,1874
108,W2,SKU_E,85,0,0,0
108,R1,SKU_A,481,0,0,0
108,R1,SKU_B,1079,0,0,0
108,R1,SKU_C,721,0,0,0
108,R1,SKU_D,1816,0,0,0
108,R1,SKU_E,232,0,0,0
108,R2,SKU_A,314,0,0,602
108,R2,SKU_B,817,0,0,0
108,R2,SKU_C,15,0,0,61
108,R2,SKU_D,0,151,0,0
108,R2,SKU_E,375,0,0,87
108,R3,SKU_A,1668,0,0,400
108,R3,SKU_B,245,0,0,95
108,R3,SKU_C,577,0,0,595
108,R3,SKU_D,103,0,0,202
108,R3,SKU_E,1654,0,0,0
109,Supplier,SKU_A,0,0,0,0
109,Supplier,SKU_B,0,0,0,0
109,Supplier,SKU_C,0,0,0,0
109,Supplier,SKU_D,0,0,0,0
109,Supplier,SKU_E,0,0,0,0
109,W1,SKU_A,839,0,0,2123
109,W1,SKU_B,0,0,485,395
109,W1,SKU_C,1221,0,0,0
109,W1,SKU_D,0,0,3306,2345
109,W1,SKU_E,82,0,0,545
109,W2,SKU_A,380,0,0,1286
109,W2,SKU_B,377,0,0,316
109,W2,SKU_C,535,0,0,925
109,W2,SKU_D,0,0,1300,1874
109,W2,SKU_E,85,0,0,0
109,R1,SKU_A,319,0,0,617
109,R1,SKU_B,995,0,0,0
109,R1,SKU_C,614,0,0,537
109,R1,SKU_D,1727,0,0,53
109,R1,SKU_E,187,0,0,73
109,R2,SKU_A,197,0,0,602
109,R2,SKU_B,757,0,0,0
109,R2,SKU_C,0,40,0,61
109,R2,SKU_D,0,212,0,0
109,R2,SKU_E,325,0,0,87
109,R3,SKU_A,1429,0,0,400
109,R3,SKU_B,160,0,0,95
109,R3,SKU_C,403,0,0,595
109,R3,SKU_D,4,0,0,202
109,R3,SKU_E,1562,0,0,0
110,Supplier,SKU_A,0,0,0,0
110,Supplier,SKU_B,0,0,0,0
110,Supplier,SKU_C,0,0,0,0
110,Supplier,SKU_D,0,0,0,0
110,Supplier,SKU_E,0,0,0,0
110,W1,SKU_A,1728,0,0,1271
110,W1,SKU_B,0,0,485,551
110,W1,SKU_C,1044,0,0,0
110,W1,SKU_D,0,0,2293,2000
110,W1,SKU_E,439,0,0,322
110,W2,SKU_A,17,0,0,1727
110,W2,SKU_B,139,0,0,511
110,W2,SKU_C,427,0,0,1324
110,W2,SKU_D,0,0,1030,1596
110,W2,SKU_E,85,0,0,0
110,R1,SKU_A,103,0,0,617
110,R1,SKU_B,896,0,0,0
110,R1,SKU_C,455,0,0,537
110,R1,SKU_D,1634,0,0,53
110,R1,SKU_E,145,0,0,73
110,R2,SKU_A,663,0,0,73
110,R2,SKU_B,661,0,0,0
110,R2,SKU_C,0,38,0,351
110,R2,SKU_D,0,258,0,728
110,R2,SKU_E,355,0,0,248
110,R3,SKU_A,1155,0,0,1425
110,R3,SKU_B,74,0,0,567
110,R3,SKU_C,182,0,0,883
110,R3,SKU_D,0,121,0,937
110,R3,SKU_E,1437,0,0,0
111,Supplier,SKU_A,0,0,0,0
111,Supplier,SKU_B,0,0,0,0
111,Supplier,SKU_C,0,0,0,0
111,Supplier,SKU_D,0,0,0,0
111,Supplier,SKU_E,0,0,0,0
111,W1,SKU_A,1433,0,0,1271
111,W1,SKU_B,0,0,485,551
111,W1,SKU_C,1044,0,0,0
111,W1,SKU_D,0,0,2293,2000
111,W1,SKU_E,364,0,0,322
111,W2,SKU_A,17,0,0,1727
111,W2,SKU_B,139,0,0,511
111,W2,SKU_C,263,0,0,1324
111,W2,SKU_D,0,0,1030,1596
111,W2,SKU_E,85,0,0,0
111,R1,SKU_A,469,0,0,0
111,R1,SKU_B,725,0,0,0
111,R1,SKU_C,745,0,0,0
111,R1,SKU_D,1590,0,0,0
111,R1,SKU_E,166,0,0,0
111,R2,SKU_A,483,0,0,73
111,R2,SKU_B,530,0,0,0
111,R2,SKU_C,0,189,0,351
111,R2,SKU_D,0,338,0,728
111,R2,SKU_E,303,0,0,248
111,R3,SKU_A,1224,0,0,1025
111,R3,SKU_B,75,0,0,472
111,R3,SKU_C,502,0,0,288
111,R3,SKU_D,0,78,0,735
111,R3,SKU_E,1327,0,0,0
112,Supplier,SKU_A,0,0,0,0
112,Supplier,SKU_B,0,0,0,0
112,Supplier,SKU_C,0,0,0,0
112,Supplier,SKU_D,0,0,0,0
112,Supplier,SKU_E,0,0,0,0
112,W1,SKU_A,707,0,0,1271
112,W1,SKU_B,0,0,485,551
112,W1,SKU_C,1008,0,0,0
112,W1,SKU_D,0,0,2293,2000
112,W1,SKU_E,237,0,0,322
112,W2,SKU_A,799,0,0,796
112,W2,SKU_B,323,0,0,327
112,W2,SKU_C,626,0,0,522
112,W2,SKU_D,0,0,1044,1596
112,W2,SKU_E,85,0,0,0
112,R1,SKU_A,211,0,0,569
112,R1,SKU_B,566,0,0,0
112,R1,SKU_C,437,0,0,0
112,R1,SKU_D,1471,0,0,829
112,R1,SKU_E,80,0,0,235
112,R2,SKU_A,327,0,0,73
112,R2,SKU_B,385,0,0,0
112,R2,SKU_C,0,301,0,351
112,R2,SKU_D,0,408,0,728
112,R2,SKU_E,221,0,0,248
112,R3,SKU_A,904,0,0,1025
112,R3,SKU_B,0,35,0,472
112,R3,SKU_C,273,0,0,288
112,R3,SKU_D,0,204,0,735
112,R3,SKU_E,1208,0,0,0
113,Supplier,SKU_A,0,0,0,0
113,Supplier,SKU_B,0,0,0,0
113,Supplier,SKU_C,0,0,0,0
113,Supplier,SKU_D,0,0,0,0
113,Supplier,SKU_E,0,0,0,0
113,W1,SKU_A,1297,0,0,2442
113,W1,SKU_B,0,0,127,1631
113,W1,SKU_C,570,0,0,318
113,W1,SKU_D,0,0,1517,1212
113,W1,SKU_E,181,0,0,669
113,W2,SKU_A,330,0,0,1988
113,W2,SKU_B,267,0,0,683
113,W2,SKU_C,0,0,42,1442
113,W2,SKU_D,0,0,1184,1596
113,W2,SKU_E,85,0,0,59
113,R1,SKU_A,43,0,0,569
113,R1,SKU_B,466,0,0,0
113,R1,SKU_C,283,0,0,0
113,R1,SKU_D,1367,0,0,829
113,R1,SKU_E,20,0,0,235
113,R2,SKU_A,262,0,0,924
113,R2,SKU_B,314,0,0,358
113,R2,SKU_C,0,45,0,184
113,R2,SKU_D,280,0,0,788
113,R2,SKU_E,424,0,0,77
113,R3,SKU_A,693,0,0,1643
113,R3,SKU_B,0,136,0,528
113,R3,SKU_C,145,0,0,1517
113,R3,SKU_D,0,314,0,735
113,R3,SKU_E,1099,0,0,0
114,Supplier,SKU_A,0,0,0,0
114,Supplier,SKU_B,0,0,0,0
114,Supplier,SKU_C,0,0,0,0
114,Supplier,SKU_D,0,0,0,0
114,Supplier,SKU_E,0,0,0,0
114,W1,SKU_A,1030,0,0,2442
114,W1,SKU_B,0,0,264,1631
114,W1,SKU_C,67,0,0,318
114,W1,SKU_D,0,0,1517,1212
114,W1,SKU_E,98,0,0,669
114,W2,SKU_A,417,0,0,1839
114,W2,SKU_B,298,0,0,551
114,W2,SKU_C,0,0,42,1442
114,W2,SKU_D,0,0,295,457
114,W2,SKU_E,85,0,0,59
114,R1,SKU_A,436,0,0,0
114,R1,SKU_B,377,0,0,0
114,R1,SKU_C,173,0,0,0
114,R1,SKU_D,2113,0,0,0
114,R1,SKU_E,197,0,0,0
114,R2,SKU_A,131,0,0,924
114,R2,SKU_B,246,0,0,358
114,R2,SKU_C,0,104,0,184
114,R2,SKU_D,236,0,0,788
114,R2,SKU_E,369,0,0,77
114,R3,SKU_A,1485,0,0,618
114,R3,SKU_B,255,0,0,56
114,R3,SKU_C,268,0,0,1229
114,R3,SKU_D,319,0,0,0
114,R3,SKU_E,1026,0,0,0
115,Supplier,SKU_A,0,0,0,0
115,Supplier,SKU_B,0,0,0,0
115,Supplier,SKU_C,0,0,0,0
115,Supplier,SKU_D,0,0,0,0
115,Supplier,SKU_E,0,0,0,0
115,W1,SKU_A,697,0,0,2332
115,W1,SKU_B,0,0,334,1475
115,W1,SKU_C,0,0,605,318
115,W1,SKU_D,0,0,305,0
115,W1,SKU_E,203,0,0,368
115,W2,SKU_A,122,0,0,1839
115,W2,SKU_B,116,0,0,551
115,W2,SKU_C,0,0,42,1442
115,W2,SKU_D,0,0,647,457
115,W2,SKU_E,62,0,0,59
115,R1,SKU_A,288,0,0,809
115,R1,SKU_B,291,0,0,193
115,R1,SKU_C,49,0,0,801
115,R1,SKU_D,2049,0,0,0
115,R1,SKU_E,150,0,0,134
115,R2,SKU_A,39,0,0,924
115,R2,SKU_B,199,0,0,358
115,R2,SKU_C,0,152,0,243
115,R2,SKU_D,205,0,0,2000
115,R2,SKU_E,317,0,0,222
115,R3,SKU_A,1301,0,0,975
115,R3,SKU_B,215,0,0,339
115,R3,SKU_C,163,0,0,1229
115,R3,SKU_D,229,0,0,1139
115,R3,SKU_E,950,0,0,23
116,Supplier,SKU_A,0,0,0,0
116,Supplier,SKU_B,0,0,0,0
116,Supplier,SKU_C,0,0,0,0
116,Supplier,SKU_D,0,0,0,0
116,Supplier,SKU_E,0,0,0,0
116,W1,SKU_A,697,0,0,2332
116,W1,SKU_B,0,0,453,1475
116,W1,SKU_C,0,0,712,2767
116,W1,SKU_D,0,0,305,0
116,W1,SKU_E,187,0,0,708
116,W2,SKU_A,647,0,0,1349
116,W2,SKU_B,311,0,0,518
116,W2,SKU_C,480,0,0,991
116,W2,SKU_D,0,0,190,149
116,W2,SKU_E,0,0,14,608
116,R1,SKU_A,162,0,0,809
116,R1,SKU_B,235,0,0,193
116,R1,SKU_C,0,56,0,801
116,R1,SKU_D,1990,0,0,0
116,R1,SKU_E,106,0,0,134
116,R2,SKU_A,890,0,0,0
116,R2,SKU_B,493,0,0,0
116,R2,SKU_C,0,22,0,59
116,R2,SKU_D,960,0,0,1212
116,R2,SKU_E,352,0,0,145
116,R3,SKU_A,1148,0,0,975
116,R3,SKU_B,154,0,0,339
116,R3,SKU_C,97,0,0,1229
116,R3,SKU_D,150,0,0,1139
116,R3,SKU_E,878,0,0,23
117,Supplier,SKU_A,0,0,0,0
117,Supplier,SKU_B,0,0,0,0
117,Supplier,SKU_C,0,0,0,0
117,Supplier,SKU_D,0,0,0,0
117,Supplier,SKU_E,0,0,0,0
117,W1,SKU_A,697,0,0,2332
117,W1,SKU_B,0,0,628,1475
117,W1,SKU_C,0,0,873,2767
117,W1,SKU_D,0,0,305,0
117,W1,SKU_E,85,0,0,708
117,W2,SKU_A,372,0,0,1349
117,W2,SKU_B,311,0,0,518
117,W2,SKU_C,480,0,0,991
117,W2,SKU_D,0,0,190,149
117,W2,SKU_E,0,0,162,608
117,R1,SKU_A,806,0,0,0
117,R1,SKU_B,324,0,0,0
117,R1,SKU_C,611,0,0,0
117,R1,SKU_D,1932,0,0,0
117,R1,SKU_E,193,0,0,0
117,R2,SKU_A,799,0,0,0
117,R2,SKU_B,422,0,0,0
117,R2,SKU_C,0,68,0,59
117,R2,SKU_D,909,0,0,1212
117,R2,SKU_E,300,0,0,145
117,R3,SKU_A,1492,0,0,357
117,R3,SKU_B,100,0,0,283
117,R3,SKU_C,1183,0,0,0
117,R3,SKU_D,26,0,0,1139
117,R3,SKU_E,758,0,0,23
118,Supplier,SKU_A,0,0,0,0
118,Supplier,SKU_B,0,0,0,0
118,Supplier,SKU_C,0,0,0,0
118,Supplier,SKU_D,0,0,0,0
118,Supplier,SKU_E,0,0,0,0
118,W1,SKU_A,2883,0,0,0
118,W1,SKU_B,568,0,0,0
118,W1,SKU_C,0,0,878,2449
118,W1,SKU_D,0,0,305,0
118,W1,SKU_E,252,0,0,340
118,W2,SKU_A,0,0,177,1349
118,W2,SKU_B,201,0,0,518
118,W2,SKU_C,434,0,0,991
118,W2,SKU_D,0,0,190,149
118,W2,SKU_E,0,0,430,608
118,R1,SKU_A,565,0,0,73
118,R1,SKU_B,201,0,0,780
118,R1,SKU_C,371,0,0,318
118,R1,SKU_D,1823,0,0,0
118,R1,SKU_E,141,0,0,162
118,R2,SKU_A,706,0,0,73
118,R2,SKU_B,338,0,0,127
118,R2,SKU_C,0,90,0,0
118,R2,SKU_D,2064,0,0,0
118,R2,SKU_E,388,0,0,157
118,R3,SKU_A,1125,0,0,1126
118,R3,SKU_B,6,0,0,393
118,R3,SKU_C,963,0,0,88
118,R3,SKU_D,0,128,0,1596
118,R3,SKU_E,662,0,0,85
119,Supplier,SKU_A,0,0,0,0
119,Supplier,SKU_B,0,0,0,0
119,Supplier,SKU_C,0,0,0,0
119,Supplier,SKU_D,0,0,0,0
119,Supplier,SKU_E,0,0,0,0
119,W1,SKU_A,2549,0,0,0
119,W1,SKU_B,568,0,0,0
119,W1,SKU_C,0,0,1204,2449
119,W1,SKU_D,0,0,305,0
119,W1,SKU_E,251,0,0,340
119,W2,SKU_A,868,0,0,1708
119,W2,SKU_B,463,0,0,476
119,W2,SKU_C,1176,0,0,649
119,W2,SKU_D,0,0,190,149
119,W2,SKU_E,0,0,673,1039
119,R1,SKU_A,284,0,0,73
119,R1,SKU_B,91,0,0,780
119,R1,SKU_C,207,0,0,318
119,R1,SKU_D,1728,0,0,0
119,R1,SKU_E,71,0,0,162
119,R2,SKU_A,564,0,0,73
119,R2,SKU_B,258,0,0,127
119,R2,SKU_C,0,188,0,0
119,R2,SKU_D,2001,0,0,0
119,R2,SKU_E,330,0,0,157
119,R3,SKU_A,1104,0,0,769
119,R3,SKU_B,167,0,0,110
119,R3,SKU_C,626,0,0,88
119,R3,SKU_D,871,0,0,457
119,R3,SKU_E,587,0,0,62
120,Supplier,SKU_A,0,0,0,0
120,Supplier,SKU_B,0,0,0,0
120,Supplier,SKU_C,0,0,0,0
120,Supplier,SKU_D,0,0,0,0
120,Supplier,SKU_E,0,0,0,0
120,W1,SKU_A,1792,0,0,1610
120,W1,SKU_B,568,0,0,219
120,W1,SKU_C,0,0,1792,2824
120,W1,SKU_D,0,0,305,0
120,W1,SKU_E,132,0,0,872
120,W2,SKU_A,343,0,0,1708
120,W2,SKU_B,247,0,0,476
120,W2,SKU_C,661,0,0,649
120,W2,SKU_D,0,0,190,149
120,W2,SKU_E,0,0,1073,1039
120,R1,SKU_A,191,0,0,0
120,R1,SKU_B,807,0,0,0
120,R1,SKU_C,413,0,0,0
120,R1,SKU_D,1659,0,0,0
120,R1,SKU_E,169,0,0,0
120,R2,SKU_A,458,0,0,73
120,R2,SKU_B,188,0,0,127
120,R2,SKU_C,0,244,0,0
120,R2,SKU_D,1967,0,0,0
120,R2,SKU_E,289,0,0,157
120,R3,SKU_A,879,0,0,769
120,R3,SKU_B,76,0,0,110
120,R3,SKU_C,432,0,0,88
120,R3,SKU_D,787,0,0,457
120,R3,SKU_E,497,0,0,62
121,Supplier,SKU_A,0,0,0,0
121,Supplier,SKU_B,0,0,0,0
121,Supplier,SKU_C,0,0,0,0
121,Supplier,SKU_D,0,0,0,0
121,Supplier,SKU_E,0,0,0,0
121,W1,SKU_A,763,0,0,1610
121,W1,SKU_B,549,0,0,219
121,W1,SKU_C,0,0,99,375
121,W1,SKU_D,0,0,305,0
121,W1,SKU_E,248,0,0,532
121,W2,SKU_A,0,0,407,1708
121,W2,SKU_B,0,0,60,591
121,W2,SKU_C,0,0,48,1135
121,W2,SKU_D,0,0,190,183
121,W2,SKU_E,0,0,1563,2085
121,R1,SKU_A,87,0,0,1451
121,R1,SKU_B,755,0,0,0
121,R1,SKU_C,310,0,0,839
121,R1,SKU_D,1605,0,0,0
121,R1,SKU_E,146,0,0,184
121,R2,SKU_A,431,0,0,669
121,R2,SKU_B,256,0,0,19
121,R2,SKU_C,0,310,0,1610
121,R2,SKU_D,1918,0,0,0
121,R2,SKU_E,412,0,0,160
121,R3,SKU_A,709,0,0,1961
121,R3,SKU_B,12,0,0,667
121,R3,SKU_C,327,0,0,1442
121,R3,SKU_D,721,0,0,457
121,R3,SKU_E,433,0,0,121
122,Supplier,SKU_A,0,0,0,0
122,Supplier,SKU_B,0,0,0,0
122,Supplier,SKU_C,0,0,0,0
122,Supplier,SKU_D,0,0,0,0
122,Supplier,SKU_E,0,0,0,0
122,W1,SKU_A,763,0,0,1610
122,W1,SKU_B,490,0,0,219
122,W1,SKU_C,0,0,99,375
122,W1,SKU_D,0,0,305,0
122,W1,SKU_E,248,0,0,532
122,W2,SKU_A,0,0,250,1551
122,W2,SKU_B,102,0,0,429
122,W2,SKU_C,23,0,0,1064
122,W2,SKU_D,0,0,41,34
122,W2,SKU_E,0,0,1509,1536
122,R1,SKU_A,0,49,0,1451
122,R1,SKU_B,685,0,0,0
122,R1,SKU_C,191,0,0,839
122,R1,SKU_D,1546,0,0,0
122,R1,SKU_E,97,0,0,184
122,R2,SKU_A,322,0,0,669
122,R2,SKU_B,193,0,0,19
122,R2,SKU_C,0,371,0,1610
122,R2,SKU_D,1869,0,0,0
122,R2,SKU_E,377,0,0,160
122,R3,SKU_A,1326,0,0,1192
122,R3,SKU_B,39,0,0,557
122,R3,SKU_C,299,0,0,1354
122,R3,SKU_D,1112,0,0,0
122,R3,SKU_E,436,0,0,59
123,Supplier,SKU_A,0,0,0,0
123,Supplier,SKU_B,0,0,0,0
123,Supplier,SKU_C,0,0,0,0
123,Supplier,SKU_D,0,0,0,0
123,Supplier,SKU_E,0,0,0,0
123,W1,SKU_A,763,0,0,1610
123,W1,SKU_B,368,0,0,380
123,W1,SKU_C,0,0,99,1075
123,W1,SKU_D,0,0,305,0
123,W1,SKU_E,227,0,0,545
123,W2,SKU_A,0,0,250,2392
123,W2,SKU_B,102,0,0,676
123,W2,SKU_C,23,0,0,1146
123,W2,SKU_D,0,0,41,100
123,W2,SKU_E,0,0,2063,2093
123,R1,SKU_A,1234,0,0,0
123,R1,SKU_B,619,0,0,0
123,R1,SKU_C,921,0,0,0
123,R1,SKU_D,1498,0,0,0
123,R1,SKU_E,240,0,0,0
123,R2,SKU_A,225,0,0,669
123,R2,SKU_B,110,0,0,19
123,R2,SKU_C,0,452,0,1610
123,R2,SKU_D,1822,0,0,0
123,R2,SKU_E,335,0,0,160
123,R3,SKU_A,1150,0,0,1192
123,R3,SKU_B,0,41,0,557
123,R3,SKU_C,153,0,0,1354
123,R3,SKU_D,1026,0,0,0
123,R3,SKU_E,341,0,0,59
124,Supplier,SKU_A,0,0,0,0
124,Supplier,SKU_B,0,0,0,0
124,Supplier,SKU_C,0,0,0,0
124,Supplier,SKU_D,0,0,0,0
124,Supplier,SKU_E,0,0,0,0
124,W1,SKU_A,763,0,0,1610
124,W1,SKU_B,163,0,0,380
124,W1,SKU_C,0,0,99,1075
124,W1,SKU_D,0,0,305,0
124,W1,SKU_E,123,0,0,545
124,W2,SKU_A,0,0,306,2392
124,W2,SKU_B,102,0,0,676
124,W2,SKU_C,23,0,0,1146
124,W2,SKU_D,0,0,41,100
124,W2,SKU_E,0,0,2712,2093
124,R1,SKU_A,1076,0,0,0
124,R1,SKU_B,529,0,0,0
124,R1,SKU_C,775,0,0,0
124,R1,SKU_D,1424,0,0,0
124,R1,SKU_E,194,0,0,0
124,R2,SKU_A,783,0,0,0
124,R2,SKU_B,39,0,0,386
124,R2,SKU_C,1057,0,0,0
124,R2,SKU_D,1768,0,0,0
124,R2,SKU_E,446,0,0,60
124,R3,SKU_A,971,0,0,1349
124,R3,SKU_B,0,138,0,617
124,R3,SKU_C,22,0,0,1402
124,R3,SKU_D,930,0,0,149
124,R3,SKU_E,263,0,0,608
125,Supplier,SKU_A,0,0,0,0
125,Supplier,SKU_B,0,0,0,0
125,Supplier,SKU_C,0,0,0,0
125,Supplier,SKU_D,0,0,0,0
125,Supplier,SKU_E,0,0,0,0
125,W1,SKU_A,2284,0,0,0
125,W1,SKU_B,308,0,0,161
125,W1,SKU_C,276,0,0,700
125,W1,SKU_D,0,0,305,0
125,W1,SKU_E,516,0,0,13
125,W2,SKU_A,1167,0,0,841
125,W2,SKU_B,402,0,0,362
125,W2,SKU_C,601,0,0,977
125,W2,SKU_D,0,0,41,202
125,W2,SKU_E,0,0,2400,3076
125,R1,SKU_A,837,0,0,0
125,R1,SKU_B,419,0,0,74
125,R1,SKU_C,583,0,0,0
125,R1,SKU_D,1326,0,0,0
125,R1,SKU_E,148,0,0,164
125,R2,SKU_A,656,0,0,0
125,R2,SKU_B,0,38,0,386
125,R2,SKU_C,982,0,0,0
125,R2,SKU_D,1707,0,0,0
125,R2,SKU_E,404,0,0,60
125,R3,SKU_A,1948,0,0,157
125,R3,SKU_B,319,0,0,60
125,R3,SKU_C,1204,0,0,48
125,R3,SKU_D,797,0,0,149
125,R3,SKU_E,219,0,0,549
126,Supplier,SKU_A,0,0,0,0
126,Supplier,SKU_B,0,0,0,0
126,Supplier,SKU_C,0,0,0,0
126,Supplier,SKU_D,0,0,0,0
126,Supplier,SKU_E,0,0,0,0
126,W1,SKU_A,2026,0,0,1822
126,W1,SKU_B,198,0,0,1075
126,W1,SKU_C,132,0,0,700
126,W1,SKU_D,0,0,305,0
126,W1,SKU_E,434,0,0,540
126,W2,SKU_A,874,0,0,841
126,W2,SKU_B,288,0,0,362
126,W2,SKU_C,601,0,0,977
126,W2,SKU_D,0,0,41,202
126,W2,SKU_E,0,0,2681,3076
126,R1,SKU_A,607,0,0,0
126,R1,SKU_B,306,0,0,74
126,R1,SKU_C,408,0,0,0
126,R1,SKU_D,1219,0,0,0
126,R1,SKU_E,86,0,0,164
126,R2,SKU_A,529,0,0,0
126,R2,SKU_B,0,115,0,386
126,R2,SKU_C,899,0,0,0
126,R2,SKU_D,1640,0,0,0
126,R2,SKU_E,340,0,0,60
126,R3,SKU_A,1738,0,0,157
126,R3,SKU_B,246,0,0,60
126,R3,SKU_C,1038,0,0,48
126,R3,SKU_D,683,0,0,149
126,R3,SKU_E,118,0,0,549
127,Supplier,SKU_A,0,0,0,0
127,Supplier,SKU_B,0,0,0,0
127,Supplier,SKU_C,0,0,0,0
127,Supplier,SKU_D,0,0,0,0
127,Supplier,SKU_E,0,0,0,0
127,W1,SKU_A,1411,0,0,1822
127,W1,SKU_B,0,0,88,1075
127,W1,SKU_C,0,0,187,700
127,W1,SKU_D,0,0,305,0
127,W1,SKU_E,245,0,0,540
127,W2,SKU_A,371,0,0,948
127,W2,SKU_B,216,0,0,650
127,W2,SKU_C,944,0,0,723
127,W2,SKU_D,0,0,7,542
127,W2,SKU_E,0,0,2017,2030
127,R1,SKU_A,468,0,0,0
127,R1,SKU_B,304,0,0,0
127,R1,SKU_C,296,0,0,0
127,R1,SKU_D,1165,0,0,0
127,R1,SKU_E,214,0,0,0
127,R2,SKU_A,417,0,0,648
127,R2,SKU_B,192,0,0,0
127,R2,SKU_C,842,0,0,99
127,R2,SKU_D,1602,0,0,0
127,R2,SKU_E,352,0,0,268
127,R3,SKU_A,1591,0,0,1337
127,R3,SKU_B,172,0,0,375
127,R3,SKU_C,937,0,0,191
127,R3,SKU_D,581,0,0,183
127,R3,SKU_E,23,0,0,2085
128,Supplier,SKU_A,0,0,0,0
128,Supplier,SKU_B,0,0,0,0
128,Supplier,SKU_C,0,0,0,0
128,Supplier,SKU_D,0,0,0,0
128,Supplier,SKU_E,0,0,0,0
128,W1,SKU_A,1000,0,0,1822
128,W1,SKU_B,0,0,368,914
128,W1,SKU_C,82,0,0,0
128,W1,SKU_D,0,0,305,0
128,W1,SKU_E,179,0,0,527
128,W2,SKU_A,371,0,0,948
128,W2,SKU_B,216,0,0,650
128,W2,SKU_C,843,0,0,723
128,W2,SKU_D,0,0,7,542
128,W2,SKU_E,0,0,2017,2030
128,R1,SKU_A,320,0,0,725
128,R1,SKU_B,239,0,0,469
128,R1,SKU_C,195,0,0,894
128,R1,SKU_D,1101,0,0,0
128,R1,SKU_E,177,0,0,122
128,R2,SKU_A,299,0,0,648
128,R2,SKU_B,111,0,0,0
128,R2,SKU_C,786,0,0,99
128,R2,SKU_D,1542,0,0,0
128,R2,SKU_E,277,0,0,268
128,R3,SKU_A,1570,0,0,1180
128,R3,SKU_B,157,0,0,315
128,R3,SKU_C,877,0,0,143
128,R3,SKU_D,645,0,0,34
128,R3,SKU_E,473,0,0,1536
129,Supplier,SKU_A,0,0,0,0
129,Supplier,SKU_B,0,0,0,0
129,Supplier,SKU_C,0,0,0,0
129,Supplier,SKU_D,0,0,0,0
129,Supplier,SKU_E,0,0,0,0
129,W1,SKU_A,1000,0,0,1822
129,W1,SKU_B,0,0,591,914
129,W1,SKU_C,82,0,0,0
129,W1,SKU_D,0,0,305,0
129,W1,SKU_E,178,0,0,527
129,W2,SKU_A,1212,0,0,107
129,W2,SKU_B,442,0,0,403
129,W2,SKU_C,716,0,0,641
129,W2,SKU_D,59,0,0,476
129,W2,SKU_E,0,0,1460,1473
129,R1,SKU_A,166,0,0,725
129,R1,SKU_B,163,0,0,469
129,R1,SKU_C,101,0,0,894
129,R1,SKU_D,1026,0,0,0
129,R1,SKU_E,150,0,0,122
129,R2,SKU_A,198,0,0,648
129,R2,SKU_B,47,0,0,0
129,R2,SKU_C,755,0,0,99
129,R2,SKU_D,1497,0,0,0
129,R2,SKU_E,228,0,0,268
129,R3,SKU_A,1391,0,0,1180
129,R3,SKU_B,102,0,0,315
129,R3,SKU_C,743,0,0,143
129,R3,SKU_D,558,0,0,34
129,R3,SKU_E,396,0,0,1536
130,Supplier,SKU_A,0,0,0,0
130,Supplier,SKU_B,0,0,0,0
130,Supplier,SKU_C,0,0,0,0
130,Supplier,SKU_D,0,0,0,0
130,Supplier,SKU_E,0,0,0,0
130,W1,SKU_A,974,0,0,2070
130,W1,SKU_B,0,0,878,2192
130,W1,SKU_C,82,0,0,422
130,W1,SKU_D,0,0,305,0
130,W1,SKU_E,107,0,0,725
130,W2,SKU_A,1212,0,0,1083
130,W2,SKU_B,366,0,0,442
130,W2,SKU_C,373,0,0,1195
130,W2,SKU_D,0,0,20,602
130,W2,SKU_E,0,0,1460,1473
130,R1,SKU_A,743,0,0,0
130,R1,SKU_B,552,0,0,0
130,R1,SKU_C,897,0,0,0
130,R1,SKU_D,976,0,0,0
130,R1,SKU_E,225,0,0,0
130,R2,SKU_A,742,0,0,0
130,R2,SKU_B,0,0,0,0
130,R2,SKU_C,804,0,0,0
130,R2,SKU_D,1438,0,0,0
130,R2,SKU_E,457,0,0,0
130,R3,SKU_A,1224,0,0,1180
130,R3,SKU_B,35,0,0,412
130,R3,SKU_C,610,0,0,796
130,R3,SKU_D,454,0,0,100
130,R3,SKU_E,318,0,0,2093
131,Supplier,SKU_A,0,0,0,0
131,Supplier,SKU_B,0,0,0,0
131,Supplier,SKU_C,0,0,0,0
131,Supplier,SKU_D,0,0,0,0
131,Supplier,SKU_E,0,0,0,0
131,W1,SKU_A,2530,0,0,248
131,W1,SKU_B,0,0,349,1278
131,W1,SKU_C,82,0,0,422
131,W1,SKU_D,0,0,305,0
131,W1,SKU_E,477,0,0,198
131,W2,SKU_A,1212,0,0,1083
131,W2,SKU_B,320,0,0,442
131,W2,SKU_C,782,0,0,786
131,W2,SKU_D,0,0,35,500
131,W2,SKU_E,13,0,0,0
131,R1,SKU_A,587,0,0,0
131,R1,SKU_B,475,0,0,0
131,R1,SKU_C,786,0,0,0
131,R1,SKU_D,895,0,0,0
131,R1,SKU_E,186,0,0,0
131,R2,SKU_A,632,0,0,156
131,R2,SKU_B,0,84,0,700
131,R2,SKU_C,770,0,0,0
131,R2,SKU_D,1401,0,0,0
131,R2,SKU_E,408,0,0,140
131,R3,SKU_A,2210,0,0,0
131,R3,SKU_B,270,0,0,143
131,R3,SKU_C,638,0,0,653
131,R3,SKU_D,396,0,0,168
131,R3,SKU_E,1759,0,0,2017
132,Supplier,SKU_A,0,0,0,0
132,Supplier,SKU_B,0,0,0,0
132,Supplier,SKU_C,0,0,0,0
132,Supplier,SKU_D,0,0,0,0
132,Supplier,SKU_E,0,0,0,0
132,W1,SKU_A,2154,0,0,248
132,W1,SKU_B,0,0,477,1278
132,W1,SKU_C,82,0,0,422
132,W1,SKU_D,0,0,305,0
132,W1,SKU_E,370,0,0,198
132,W2,SKU_A,1024,0,0,1083
132,W2,SKU_B,240,0,0,442
132,W2,SKU_C,782,0,0,786
132,W2,SKU_D,0,0,142,500
132,W2,SKU_E,13,0,0,0
132,R1,SKU_A,402,0,0,428
132,R1,SKU_B,382,0,0,214
132,R1,SKU_C,589,0,0,0
132,R1,SKU_D,805,0,0,0
132,R1,SKU_E,135,0,0,196
132,R2,SKU_A,495,0,0,156
132,R2,SKU_B,0,159,0,700
132,R2,SKU_C,698,0,0,0
132,R2,SKU_D,1356,0,0,0
132,R2,SKU_E,354,0,0,140
132,R3,SKU_A,1969,0,0,0
132,R3,SKU_B,166,0,0,143
132,R3,SKU_C,444,0,0,653
132,R3,SKU_D,268,0,0,168
132,R3,SKU_E,1680,0,0,2017
133,Supplier,SKU_A,0,0,0,0
133,Supplier,SKU_B,0,0,0,0
133,Supplier,SKU_C,0,0,0,0
133,Supplier,SKU_D,0,0,0,0
133,Supplier,SKU_E,0,0,0,0
133,W1,SKU_A,1884,0,0,1858
133,W1,SKU_B,0,0,484,1278
133,W1,SKU_C,0,0,56,861
133,W1,SKU_D,0,0,313,0
133,W1,SKU_E,318,0,0,554
133,W2,SKU_A,702,0,0,1106
133,W2,SKU_B,459,0,0,504
133,W2,SKU_C,882,0,0,756
133,W2,SKU_D,0,0,3,878
133,W2,SKU_E,13,0,0,0
133,R1,SKU_A,179,0,0,428
133,R1,SKU_B,266,0,0,214
133,R1,SKU_C,344,0,0,0
133,R1,SKU_D,715,0,0,0
133,R1,SKU_E,80,0,0,196
133,R2,SKU_A,358,0,0,156
133,R2,SKU_B,0,265,0,700
133,R2,SKU_C,632,0,0,0
133,R2,SKU_D,1285,0,0,0
133,R2,SKU_E,300,0,0,140
133,R3,SKU_A,1721,0,0,0
133,R3,SKU_B,80,0,0,143
133,R3,SKU_C,222,0,0,653
133,R3,SKU_D,124,0,0,168
133,R3,SKU_E,1573,0,0,2017
134,Supplier,SKU_A,0,0,0,0
134,Supplier,SKU_B,0,0,0,0
134,Supplier,SKU_C,0,0,0,0
134,Supplier,SKU_D,0,0,0,0
134,Supplier,SKU_E,0,0,0,0
134,W1,SKU_A,1254,0,0,1858
134,W1,SKU_B,0,0,607,1278
134,W1,SKU_C,0,0,439,861
134,W1,SKU_D,0,0,411,0
134,W1,SKU_E,195,0,0,554
134,W2,SKU_A,25,0,0,1106
134,W2,SKU_B,189,0,0,504
134,W2,SKU_C,528,0,0,756
134,W2,SKU_D,0,0,382,878
134,W2,SKU_E,13,0,0,0
134,R1,SKU_A,442,0,0,0
134,R1,SKU_B,348,0,0,0
134,R1,SKU_C,163,0,0,0
134,R1,SKU_D,638,0,0,0
134,R1,SKU_E,223,0,0,0
134,R2,SKU_A,387,0,0,663
134,R2,SKU_B,354,0,0,0
134,R2,SKU_C,536,0,0,0
134,R2,SKU_D,1220,0,0,0
134,R2,SKU_E,383,0,0,158
134,R3,SKU_A,1500,0,0,1294
134,R3,SKU_B,99,0,0,580
134,R3,SKU_C,697,0,0,486
134,R3,SKU_D,82,0,0,476
134,R3,SKU_E,2038,0,0,1460
135,Supplier,SKU_A,0,0,0,0
135,Supplier,SKU_B,0,0,0,0
135,Supplier,SKU_C,0,0,0,0
135,Supplier,SKU_D,0,0,0,0
135,Supplier,SKU_E,0,0,0,0
135,W1,SKU_A,1065,0,0,1610
135,W1,SKU_B,416,0,0,439
135,W1,SKU_C,0,0,581,1663
135,W1,SKU_D,0,0,586,288
135,W1,SKU_E,318,0,0,437
135,W2,SKU_A,25,0,0,1106
135,W2,SKU_B,189,0,0,504
135,W2,SKU_C,482,0,0,756
135,W2,SKU_D,0,0,495,878
135,W2,SKU_E,13,0,0,0
135,R1,SKU_A,297,0,0,758
135,R1,SKU_B,283,0,0,513
135,R1,SKU_C,37,0,0,504
135,R1,SKU_D,571,0,0,0
135,R1,SKU_E,196,0,0,87
135,R2,SKU_A,268,0,0,663
135,R2,SKU_B,282,0,0,349
135,R2,SKU_C,461,0,0,0
135,R2,SKU_D,1171,0,0,0
135,R2,SKU_E,321,0,0,163
135,R3,SKU_A,1372,0,0,1294
135,R3,SKU_B,124,0,0,534
135,R3,SKU_C,595,0,0,486
135,R3,SKU_D,92,0,0,374
135,R3,SKU_E,3434,0,0,0
136,Supplier,SKU_A,0,0,0,0
136,Supplier,SKU_B,0,0,0,0
136,Supplier,SKU_C,0,0,0,0
136,Supplier,SKU_D,0,0,0,0
136,Supplier,SKU_E,0,0,0,0
136,W1,SKU_A,1065,0,0,1610
136,W1,SKU_B,416,0,0,439
136,W1,SKU_C,0,0,767,1663
136,W1,SKU_D,0,0,828,288
136,W1,SKU_E,246,0,0,437
136,W2,SKU_A,1001,0,0,1444
136,W2,SKU_B,228,0,0,465
136,W2,SKU_C,888,0,0,1314
136,W2,SKU_D,0,0,574,1323
136,W2,SKU_E,13,0,0,0
136,R1,SKU_A,162,0,0,758
136,R1,SKU_B,217,0,0,513
136,R1,SKU_C,0,86,0,504
136,R1,SKU_D,520,0,0,0
136,R1,SKU_E,165,0,0,87
136,R2,SKU_A,155,0,0,663
136,R2,SKU_B,198,0,0,349
136,R2,SKU_C,405,0,0,0
136,R2,SKU_D,1136,0,0,0
136,R2,SKU_E,261,0,0,163
136,R3,SKU_A,1198,0,0,1294
136,R3,SKU_B,58,0,0,534
136,R3,SKU_C,510,0,0,486
136,R3,SKU_D,0,2,0,374
136,R3,SKU_E,3359,0,0,0
137,Supplier,SKU_A,0,0,0,0
137,Supplier,SKU_B,0,0,0,0
137,Supplier,SKU_C,0,0,0,0
137,Supplier,SKU_D,0,0,0,0
137,Supplier,SKU_E,0,0,0,0
137,W1,SKU_A,1011,0,0,1610
137,W1,SKU_B,416,0,0,439
137,W1,SKU_C,0,0,1076,1663
137,W1,SKU_D,0,0,1121,288
137,W1,SKU_E,83,0,0,437
137,W2,SKU_A,1001,0,0,1444
137,W2,SKU_B,228,0,0,465
137,W2,SKU_C,655,0,0,1314
137,W2,SKU_D,0,0,873,1323
137,W2,SKU_E,13,0,0,0
137,R1,SKU_A,780,0,0,0
137,R1,SKU_B,647,0,0,0
137,R1,SKU_C,308,0,0,0
137,R1,SKU_D,457,0,0,0
137,R1,SKU_E,216,0,0,0
137,R2,SKU_A,701,0,0,0
137,R2,SKU_B,136,0,0,349
137,R2,SKU_C,331,0,0,0
137,R2,SKU_D,1076,0,0,0
137,R2,SKU_E,377,0,0,5
137,R3,SKU_A,1061,0,0,1294
137,R3,SKU_B,7,0,0,534
137,R3,SKU_C,416,0,0,913
137,R3,SKU_D,0,84,0,500
137,R3,SKU_E,3285,0,0,0
138,Supplier,SKU_A,0,0,0,0
138,Supplier,SKU_B,0,0,0,0
138,Supplier,SKU_C,0,0,0,0
138,Supplier,SKU_D,0,0,0,0
138,Supplier,SKU_E,0,0,0,0
138,W1,SKU_A,2351,0,0,1191
138,W1,SKU_B,416,0,0,439
138,W1,SKU_C,0,0,1056,2544
138,W1,SKU_D,0,0,1477,2161
138,W1,SKU_E,198,0,0,608
138,W2,SKU_A,958,0,0,1444
138,W2,SKU_B,228,0,0,465
138,W2,SKU_C,655,0,0,1314
138,W2,SKU_D,0,0,1128,1323
138,W2,SKU_E,13,0,0,0
138,R1,SKU_A,619,0,0,99
138,R1,SKU_B,572,0,0,0
138,R1,SKU_C,188,0,0,439
138,R1,SKU_D,391,0,0,0
138,R1,SKU_E,175,0,0,128
138,R2,SKU_A,590,0,0,225
138,R2,SKU_B,396,0,0,0
138,R2,SKU_C,257,0,0,0
138,R2,SKU_D,1025,0,0,0
138,R2,SKU_E,326,0,0,348
138,R3,SKU_A,2177,0,0,0
138,R3,SKU_B,483,0,0,0
138,R3,SKU_C,827,0,0,427
138,R3,SKU_D,190,0,0,126
138,R3,SKU_E,3208,0,0,0
139,Supplier,SKU_A,0,0,0,0
139,Supplier,SKU_B,0,0,0,0
139,Supplier,SKU_C,0,0,0,0
139,Supplier,SKU_D,0,0,0,0
139,Supplier,SKU_E,0,0,0,0
139,W1,SKU_A,2133,0,0,1191
139,W1,SKU_B,385,0,0,439
139,W1,SKU_C,0,0,1156,2544
139,W1,SKU_D,0,0,1899,2161
139,W1,SKU_E,198,0,0,608
139,W2,SKU_A,867,0,0,1314
139,W2,SKU_B,683,0,0,271
139,W2,SKU_C,857,0,0,1112
139,W2,SKU_D,0,0,731,1584
139,W2,SKU_E,13,0,0,0
139,R1,SKU_A,428,0,0,99
139,R1,SKU_B,462,0,0,0
139,R1,SKU_C,13,0,0,439
139,R1,SKU_D,316,0,0,0
139,R1,SKU_E,124,0,0,128
139,R2,SKU_A,482,0,0,225
139,R2,SKU_B,331,0,0,0
139,R2,SKU_C,196,0,0,0
139,R2,SKU_D,950,0,0,0
139,R2,SKU_E,280,0,0,348
139,R3,SKU_A,1907,0,0,0
139,R3,SKU_B,386,0,0,0
139,R3,SKU_C,647,0,0,427
139,R3,SKU_D,37,0,0,126
139,R3,SKU_E,3120,0,0,0
140,Supplier,SKU_A,0,0,0,0
140,Supplier,SKU_B,0,0,0,0
140,Supplier,SKU_C,0,0,0,0
140,Supplier,SKU_D,0,0,0,0
140,Supplier,SKU_E,0,0,0,0
140,W1,SKU_A,1616,0,0,1191
140,W1,SKU_B,680,0,0,0
140,W1,SKU_C,0,0,209,1320
140,W1,SKU_D,0,0,2108,1873
140,W1,SKU_E,238,0,0,527
140,W2,SKU_A,376,0,0,1314
140,W2,SKU_B,576,0,0,271
140,W2,SKU_C,702,0,0,1112
140,W2,SKU_D,0,0,1239,1584
140,W2,SKU_E,13,0,0,0
140,R1,SKU_A,305,0,0,0
140,R1,SKU_B,354,0,0,0
140,R1,SKU_C,276,0,0,0
140,R1,SKU_D,221,0,0,0
140,R1,SKU_E,197,0,0,0
140,R2,SKU_A,345,0,0,225
140,R2,SKU_B,254,0,0,0
140,R2,SKU_C,119,0,0,0
140,R2,SKU_D,890,0,0,0
140,R2,SKU_E,211,0,0,348
140,R3,SKU_A,1682,0,0,755
140,R3,SKU_B,306,0,0,117
140,R3,SKU_C,453,0,0,582
140,R3,SKU_D,0,66,0,878
140,R3,SKU_E,3022,0,0,0
141,Supplier,SKU_A,0,0,0,0
141,Supplier,SKU_B,0,0,0,0
141,Supplier,SKU_C,0,0,0,0
141,Supplier,SKU_D,0,0,0,0
141,Supplier,SKU_E,0,0,0,0
141,W1,SKU_A,740,0,0,1612
141,W1,SKU_B,351,0,0,513
141,W1,SKU_C,0,0,739,1429
141,W1,SKU_D,0,0,2700,2603
141,W1,SKU_E,142,0,0,576
141,W2,SKU_A,376,0,0,1314
141,W2,SKU_B,506,0,0,271
141,W2,SKU_C,508,0,0,1112
141,W2,SKU_D,0,0,1239,1584
141,W2,SKU_E,13,0,0,0
141,R1,SKU_A,174,0,0,1087
141,R1,SKU_B,315,0,0,421
141,R1,SKU_C,212,0,0,1224
141,R1,SKU_D,163,0,0,288
141,R1,SKU_E,170,0,0,137
141,R2,SKU_A,492,0,0,524
141,R2,SKU_B,216,0,0,83
141,R2,SKU_C,71,0,0,0
141,R2,SKU_D,852,0,0,0
141,R2,SKU_E,511,0,0,0
141,R3,SKU_A,1508,0,0,755
141,R3,SKU_B,247,0,0,117
141,R3,SKU_C,769,0,0,155
141,R3,SKU_D,0,42,0,752
141,R3,SKU_E,2928,0,0,0
142,Supplier,SKU_A,0,0,0,0
142,Supplier,SKU_B,0,0,0,0
142,Supplier,SKU_C,0,0,0,0
142,Supplier,SKU_D,0,0,0,0
142,Supplier,SKU_E,0,0,0,0
142,W1,SKU_A,740,0,0,1612
142,W1,SKU_B,316,0,0,513
142,W1,SKU_C,0,0,866,1429
142,W1,SKU_D,0,0,3062,2603
142,W1,SKU_E,107,0,0,576
142,W2,SKU_A,1555,0,0,750
142,W2,SKU_B,377,0,0,434
142,W2,SKU_C,1315,0,0,139
142,W2,SKU_D,0,0,668,1167
142,W2,SKU_E,13,0,0,0
142,R1,SKU_A,25,0,0,1087
142,R1,SKU_B,268,0,0,421
142,R1,SKU_C,121,0,0,1224
142,R1,SKU_D,113,0,0,288
142,R1,SKU_E,136,0,0,137
142,R2,SKU_A,410,0,0,524
142,R2,SKU_B,172,0,0,83
142,R2,SKU_C,28,0,0,0
142,R2,SKU_D,816,0,0,0
142,R2,SKU_E,461,0,0,0
142,R3,SKU_A,1312,0,0,755
142,R3,SKU_B,170,0,0,117
142,R3,SKU_C,677,0,0,155
142,R3,SKU_D,0,149,0,752
142,R3,SKU_E,2843,0,0,0
143,Supplier,SKU_A,0,0,0,0
143,Supplier,SKU_B,0,0,0,0
143,Supplier,SKU_C,0,0,0,0
143,Supplier,SKU_D,0,0,0,0
143,Supplier,SKU_E,0,0,0,0
143,W1,SKU_A,1931,0,0,1008
143,W1,SKU_B,237,0,0,517
143,W1,SKU_C,284,0,0,318
143,W1,SKU_D,0,0,1601,2188
143,W1,SKU_E,529,0,0,283
143,W2,SKU_A,1224,0,0,750
143,W2,SKU_B,171,0,0,434
143,W2,SKU_C,918,0,0,139
143,W2,SKU_D,0,0,736,1167
143,W2,SKU_E,13,0,0,0
143,R1,SKU_A,985,0,0,0
143,R1,SKU_B,636,0,0,0
143,R1,SKU_C,1238,0,0,658
143,R1,SKU_D,342,0,0,1873
143,R1,SKU_E,246,0,0,20
143,R2,SKU_A,325,0,0,524
143,R2,SKU_B,132,0,0,197
143,R2,SKU_C,0,3,0,378
143,R2,SKU_D,778,0,0,0
143,R2,SKU_E,395,0,0,120
143,R3,SKU_A,1164,0,0,1221
143,R3,SKU_B,95,0,0,522
143,R3,SKU_C,573,0,0,1051
143,R3,SKU_D,0,234,0,1323
143,R3,SKU_E,2759,0,0,0
144,Supplier,SKU_A,0,0,0,0
144,Supplier,SKU_B,0,0,0,0
144,Supplier,SKU_C,0,0,0,0
144,Supplier,SKU_D,0,0,0,0
144,Supplier,SKU_E,0,0,0,0
144,W1,SKU_A,1908,0,0,1008
144,W1,SKU_B,232,0,0,517
144,W1,SKU_C,284,0,0,318
144,W1,SKU_D,0,0,1601,2188
144,W1,SKU_E,471,0,0,283
144,W2,SKU_A,1211,0,0,750
144,W2,SKU_B,171,0,0,434
144,W2,SKU_C,918,0,0,139
144,W2,SKU_D,0,0,736,1167
144,W2,SKU_E,13,0,0,0
144,R1,SKU_A,853,0,0,0
144,R1,SKU_B,566,0,0,0
144,R1,SKU_C,1154,0,0,658
144,R1,SKU_D,274,0,0,1873
144,R1,SKU_E,197,0,0,20
144,R2,SKU_A,762,0,0,0
144,R2,SKU_B,168,0,0,114
144,R2,SKU_C,0,57,0,378
144,R2,SKU_D,742,0,0,0
144,R2,SKU_E,351,0,0,120
144,R3,SKU_A,1747,0,0,466
144,R3,SKU_B,161,0,0,405
144,R3,SKU_C,622,0,0,896
144,R3,SKU_D,411,0,0,571
144,R3,SKU_E,2688,0,0,0
145,Supplier,SKU_A,0,0,0,0
145,Supplier,SKU_B,0,0,0,0
145,Supplier,SKU_C,0,0,0,0
145,Supplier,SKU_D,0,0,0,0
145,Supplier,SKU_E,0,0,0,0
145,W1,SKU_A,1772,0,0,1008
145,W1,SKU_B,143,0,0,517
145,W1,SKU_C,284,0,0,318
145,W1,SKU_D,0,0,1601,2188
145,W1,SKU_E,320,0,0,283
145,W2,SKU_A,1026,0,0,992
145,W2,SKU_B,442,0,0,439
145,W2,SKU_C,918,0,0,687
145,W2,SKU_D,277,0,0,154
145,W2,SKU_E,13,0,0,0
145,R1,SKU_A,708,0,0,0
145,R1,SKU_B,493,0,0,0
145,R1,SKU_C,1698,0,0,0
145,R1,SKU_D,2077,0,0,0
145,R1,SKU_E,170,0,0,0
145,R2,SKU_A,650,0,0,0
145,R2,SKU_B,123,0,0,114
145,R2,SKU_C,0,111,0,378
145,R2,SKU_D,692,0,0,0
145,R2,SKU_E,302,0,0,120
145,R3,SKU_A,1550,0,0,466
145,R3,SKU_B,81,0,0,405
145,R3,SKU_C,498,0,0,896
145,R3,SKU_D,320,0,0,571
145,R3,SKU_E,2594,0,0,0
146,Supplier,SKU_A,0,0,0,0
146,Supplier,SKU_B,0,0,0,0
146,Supplier,SKU_C,0,0,0,0
146,Supplier,SKU_D,0,0,0,0
146,Supplier,SKU_E,0,0,0,0
146,W1,SKU_A,1800,0,0,1384
146,W1,SKU_B,449,0,0,635
146,W1,SKU_C,393,0,0,209
146,W1,SKU_D,0,0,871,1458
146,W1,SKU_E,122,0,0,570
146,W2,SKU_A,644,0,0,992
146,W2,SKU_B,435,0,0,439
146,W2,SKU_C,918,0,0,687
146,W2,SKU_D,277,0,0,154
146,W2,SKU_E,13,0,0,0
146,R1,SKU_A,490,0,0,197
146,R1,SKU_B,360,0,0,147
146,R1,SKU_C,1514,0,0,0
146,R1,SKU_D,1971,0,0,730
146,R1,SKU_E,123,0,0,226
146,R2,SKU_A,505,0,0,355
146,R2,SKU_B,158,0,0,154
146,R2,SKU_C,165,0,0,0
146,R2,SKU_D,635,0,0,0
146,R2,SKU_E,369,0,0,230
146,R3,SKU_A,1300,0,0,1046
146,R3,SKU_B,0,18,0,412
146,R3,SKU_C,306,0,0,896
146,R3,SKU_D,180,0,0,1307
146,R3,SKU_E,2503,0,0,0
147,Supplier,SKU_A,0,0,0,0
147,Supplier,SKU_B,0,0,0,0
147,Supplier,SKU_C,0,0,0,0
147,Supplier,SKU_D,0,0,0,0
147,Supplier,SKU_E,0,0,0,0
147,W1,SKU_A,1596,0,0,1384
147,W1,SKU_B,331,0,0,635
147,W1,SKU_C,360,0,0,209
147,W1,SKU_D,0,0,871,1458
147,W1,SKU_E,122,0,0,570
147,W2,SKU_A,592,0,0,992
147,W2,SKU_B,336,0,0,439
147,W2,SKU_C,891,0,0,687
147,W2,SKU_D,277,0,0,154
147,W2,SKU_E,13,0,0,0
147,R1,SKU_A,313,0,0,197
147,R1,SKU_B,240,0,0,147
147,R1,SKU_C,1288,0,0,0
147,R1,SKU_D,1868,0,0,730
147,R1,SKU_E,52,0,0,226
147,R2,SKU_A,371,0,0,355
147,R2,SKU_B,72,0,0,154
147,R2,SKU_C,31,0,0,0
147,R2,SKU_D,575,0,0,0
147,R2,SKU_E,311,0,0,230
147,R3,SKU_A,1508,0,0,580
147,R3,SKU_B,282,0,0,7
147,R3,SKU_C,1017,0,0,0
147,R3,SKU_D,637,0,0,736
147,R3,SKU_E,2389,0,0,0
148,Supplier,SKU_A,0,0,0,0
148,Supplier,SKU_B,0,0,0,0
148,Supplier,SKU_C,0,0,0,0
148,Supplier,SKU_D,0,0,0,0
148,Supplier,SKU_E,0,0,0,0
148,W1,SKU_A,1668,0,0,797
148,W1,SKU_B,11,0,0,631
148,W1,SKU_C,402,0,0,0
148,W1,SKU_D,587,0,0,0
148,W1,SKU_E,336,0,0,336
148,W2,SKU_A,1032,0,0,1486
148,W2,SKU_B,295,0,0,471
148,W2,SKU_C,818,0,0,845
148,W2,SKU_D,431,0,0,0
148,W2,SKU_E,13,0,0,0
148,R1,SKU_A,366,0,0,0
148,R1,SKU_B,306,0,0,0
148,R1,SKU_C,1170,0,0,0
148,R1,SKU_D,2534,0,0,0
148,R1,SKU_E,238,0,0,0
148,R2,SKU_A,246,0,0,513
148,R2,SKU_B,13,0,0,284
148,R2,SKU_C,0,43,0,200
148,R2,SKU_D,526,0,0,305
148,R2,SKU_E,270,0,0,235
148,R3,SKU_A,1370,0,0,580
148,R3,SKU_B,218,0,0,7
148,R3,SKU_C,920,0,0,0
148,R3,SKU_D,568,0,0,736
148,R3,SKU_E,2331,0,0,0
149,Supplier,SKU_A,0,0,0,0
149,Supplier,SKU_B,0,0,0,0
149,Supplier,SKU_C,0,0,0,0
149,Supplier,SKU_D,0,0,0,0
149,Supplier,SKU_E,0,0,0,0
149,W1,SKU_A,1042,0,0,1916
149,W1,SKU_B,0,0,323,1001
149,W1,SKU_C,361,0,0,597
149,W1,SKU_D,587,0,0,0
149,W1,SKU_E,240,0,0,617
149,W2,SKU_A,584,0,0,1486
149,W2,SKU_B,27,0,0,471
149,W2,SKU_C,509,0,0,845
149,W2,SKU_D,431,0,0,0
149,W2,SKU_E,13,0,0,0
149,R1,SKU_A,220,0,0,1074
149,R1,SKU_B,251,0,0,323
149,R1,SKU_C,1084,0,0,0
149,R1,SKU_D,2475,0,0,566
149,R1,SKU_E,203,0,0,70
149,R2,SKU_A,507,0,0,158
149,R2,SKU_B,115,0,0,130
149,R2,SKU_C,0,76,0,200
149,R2,SKU_D,484,0,0,305
149,R2,SKU_E,448,0,0,5
149,R3,SKU_A,1201,0,0,1390
149,R3,SKU_B,137,0,0,578
149,R3,SKU_C,812,0,0,548
149,R3,SKU_D,515,0,0,736
149,R3,SKU_E,2261,0,0,0
150,Supplier,SKU_A,0,0,0,0
150,Supplier,SKU_B,0,0,0,0
150,Supplier,SKU_C,0,0,0,0
150,Supplier,SKU_D,0,0,0,0
150,Supplier,SKU_E,0,0,0,0
150,W1,SKU_A,835,0,0,1916
150,W1,SKU_B,0,0,441,1001
150,W1,SKU_C,287,0,0,597
150,W1,SKU_D,587,0,0,0
150,W1,SKU_E,127,0,0,617
150,W2,SKU_A,584,0,0,1486
150,W2,SKU_B,27,0,0,471
150,W2,SKU_C,509,0,0,845
150,W2,SKU_D,431,0,0,0
150,W2,SKU_E,13,0,0,0
150,R1,SKU_A,104,0,0,1074
150,R1,SKU_B,188,0,0,323
150,R1,SKU_C,996,0,0,0
150,R1,SKU_D,2418,0,0,566
150,R1,SKU_E,178,0,0,70
150,R2,SKU_A,435,0,0,478
150,R2,SKU_B,64,0,0,130
150,R2,SKU_C,0,115,0,315
150,R2,SKU_D,441,0,0,305
150,R2,SKU_E,408,0,0,139
150,R3,SKU_A,1603,0,0,810
150,R3,SKU_B,92,0,0,571
150,R3,SKU_C,685,0,0,548
150,R3,SKU_D,1195,0,0,0
150,R3,SKU_E,2181,0,0,0
151,Supplier,SKU_A,0,0,0,0
151,Supplier,SKU_B,0,0,0,0
151,Supplier,SKU_C,0,0,0,0
151,Supplier,SKU_D,0,0,0,0
151,Supplier,SKU_E,0,0,0,0
151,W1,SKU_A,1632,0,0,1119
151,W1,SKU_B,0,0,42,370
151,W1,SKU_C,287,0,0,597
151,W1,SKU_D,587,0,0,0
151,W1,SKU_E,418,0,0,281
151,W2,SKU_A,826,0,0,1244
151,W2,SKU_B,303,0,0,493
151,W2,SKU_C,1057,0,0,763
151,W2,SKU_D,431,0,0,0
151,W2,SKU_E,13,0,0,0
151,R1,SKU_A,1031,0,0,0
151,R1,SKU_B,458,0,0,0
151,R1,SKU_C,888,0,0,0
151,R1,SKU_D,2910,0,0,0
151,R1,SKU_E,205,0,0,0
151,R2,SKU_A,494,0,0,320
151,R2,SKU_B,148,0,0,224
151,R2,SKU_C,21,0,0,115
151,R2,SKU_D,699,0,0,0
151,R2,SKU_E,371,0,0,134
151,R3,SKU_A,1449,0,0,810
151,R3,SKU_B,34,0,0,571
151,R3,SKU_C,570,0,0,548
151,R3,SKU_D,1107,0,0,0
151,R3,SKU_E,2111,0,0,0
152,Supplier,SKU_A,0,0,0,0
152,Supplier,SKU_B,0,0,0,0
152,Supplier,SKU_C,0,0,0,0
152,Supplier,SKU_D,0,0,0,0
152,Supplier,SKU_E,0,0,0,0
152,W1,SKU_A,1574,0,0,1330
152,W1,SKU_B,0,0,187,1479
152,W1,SKU_C,225,0,0,834
152,W1,SKU_D,587,0,0,0
152,W1,SKU_E,289,0,0,470
152,W2,SKU_A,687,0,0,1244
152,W2,SKU_B,303,0,0,493
152,W2,SKU_C,946,0,0,763
152,W2,SKU_D,431,0,0,0
152,W2,SKU_E,13,0,0,0
152,R1,SKU_A,867,0,0,0
152,R1,SKU_B,389,0,0,407
152,R1,SKU_C,741,0,0,0
152,R1,SKU_D,2855,0,0,0
152,R1,SKU_E,162,0,0,153
152,R2,SKU_A,387,0,0,320
152,R2,SKU_B,93,0,0,224
152,R2,SKU_C,0,25,0,115
152,R2,SKU_D,662,0,0,0
152,R2,SKU_E,323,0,0,134
152,R3,SKU_A,1271,0,0,810
152,R3,SKU_B,0,42,0,571
152,R3,SKU_C,454,0,0,548
152,R3,SKU_D,1018,0,0,0
152,R3,SKU_E,2031,0,0,0
153,Supplier,SKU_A,0,0,0,0
153,Supplier,SKU_B,0,0,0,0
153,Supplier,SKU_C,0,0,0,0
153,Supplier,SKU_D,0,0,0,0
153,Supplier,SKU_E,0,0,0,0
153,W1,SKU_A,1397,0,0,1330
153,W1,SKU_B,0,0,204,1479
153,W1,SKU_C,117,0,0,834
153,W1,SKU_D,587,0,0,0
153,W1,SKU_E,200,0,0,470
153,W2,SKU_A,370,0,0,1244
153,W2,SKU_B,303,0,0,493
153,W2,SKU_C,719,0,0,763
153,W2,SKU_D,431,0,0,0
153,W2,SKU_E,13,0,0,0
153,R1,SKU_A,693,0,0,0
153,R1,SKU_B,298,0,0,407
153,R1,SKU_C,566,0,0,0
153,R1,SKU_D,2777,0,0,0
153,R1,SKU_E,109,0,0,153
153,R2,SKU_A,583,0,0,0
153,R2,SKU_B,10,0,0,224
153,R2,SKU_C,17,0,0,0
153,R2,SKU_D,599,0,0,0
153,R2,SKU_E,401,0,0,0
153,R3,SKU_A,1856,0,0,0
153,R3,SKU_B,434,0,0,0
153,R3,SKU_C,826,0,0,0
153,R3,SKU_D,877,0,0,0
153,R3,SKU_E,1932,0,0,0
154,Supplier,SKU_A,0,0,0,0
154,Supplier,SKU_B,0,0,0,0
154,Supplier,SKU_C,0,0,0,0
154,Supplier,SKU_D,0,0,0,0
154,Supplier,SKU_E,0,0,0,0
154,W1,SKU_A,2041,0,0,211
154,W1,SKU_B,66,0,0,1109
154,W1,SKU_C,372,0,0,237
154,W1,SKU_D,587,0,0,0
154,W1,SKU_E,305,0,0,189
154,W2,SKU_A,1072,0,0,776
154,W2,SKU_B,439,0,0,390
154,W2,SKU_C,613,0,0,724
154,W2,SKU_D,431,0,0,0
154,W2,SKU_E,13,0,0,0
154,R1,SKU_A,515,0,0,0
154,R1,SKU_B,600,0,0,0
154,R1,SKU_C,436,0,0,0
154,R1,SKU_D,2708,0,0,0
154,R1,SKU_E,225,0,0,0
154,R2,SKU_A,468,0,0,512
154,R2,SKU_B,179,0,0,159
154,R2,SKU_C,0,45,0,351
154,R2,SKU_D,543,0,0,0
154,R2,SKU_E,353,0,0,275
154,R3,SKU_A,1655,0,0,998
154,R3,SKU_B,375,0,0,59
154,R3,SKU_C,717,0,0,741
154,R3,SKU_D,799,0,0,0
154,R3,SKU_E,1855,0,0,0
155,Supplier,SKU_A,0,0,0,0
155,Supplier,SKU_B,0,0,0,0
155,Supplier,SKU_C,0,0,0,0
155,Supplier,SKU_D,0,0,0,0
155,Supplier,SKU_E,0,0,0,0
155,W1,SKU_A,1677,0,0,1913
155,W1,SKU_B,63,0,0,1109
155,W1,SKU_C,81,0,0,1434
155,W1,SKU_D,587,0,0,0
155,W1,SKU_E,237,0,0,609
155,W2,SKU_A,1072,0,0,776
155,W2,SKU_B,380,0,0,390
155,W2,SKU_C,613,0,0,724
155,W2,SKU_D,431,0,0,0
155,W2,SKU_E,13,0,0,0
155,R1,SKU_A,407,0,0,562
155,R1,SKU_B,531,0,0,148
155,R1,SKU_C,376,0,0,452
155,R1,SKU_D,2675,0,0,0
155,R1,SKU_E,190,0,0,99
155,R2,SKU_A,387,0,0,512
155,R2,SKU_B,125,0,0,159
155,R2,SKU_C,0,84,0,351
155,R2,SKU_D,508,0,0,0
155,R2,SKU_E,316,0,0,275
155,R3,SKU_A,1519,0,0,998
155,R3,SKU_B,314,0,0,59
155,R3,SKU_C,638,0,0,741
155,R3,SKU_D,733,0,0,0
155,R3,SKU_E,1774,0,0,0
156,Supplier,SKU_A,0,0,0,0
156,Supplier,SKU_B,0,0,0,0
156,Supplier,SKU_C,0,0,0,0
156,Supplier,SKU_D,0,0,0,0
156,Supplier,SKU_E,0,0,0,0
156,W1,SKU_A,1677,0,0,1913
156,W1,SKU_B,13,0,0,1109
156,W1,SKU_C,81,0,0,1434
156,W1,SKU_D,587,0,0,0
156,W1,SKU_E,233,0,0,609
156,W2,SKU_A,1072,0,0,776
156,W2,SKU_B,260,0,0,390
156,W2,SKU_C,613,0,0,724
156,W2,SKU_D,431,0,0,0
156,W2,SKU_E,13,0,0,0
156,R1,SKU_A,311,0,0,562
156,R1,SKU_B,491,0,0,148
156,R1,SKU_C,307,0,0,452
156,R1,SKU_D,2616,0,0,0
156,R1,SKU_E,147,0,0,99
156,R2,SKU_A,327,0,0,512
156,R2,SKU_B,94,0,0,159
156,R2,SKU_C,0,111,0,351
156,R2,SKU_D,467,0,0,0
156,R2,SKU_E,285,0,0,275
156,R3,SKU_A,1369,0,0,998
156,R3,SKU_B,276,0,0,59
156,R3,SKU_C,581,0,0,741
156,R3,SKU_D,665,0,0,0
156,R3,SKU_E,1710,0,0,0
157,Supplier,SKU_A,0,0,0,0
157,Supplier,SKU_B,0,0,0,0
157,Supplier,SKU_C,0,0,0,0
157,Supplier,SKU_D,0,0,0,0
157,Supplier,SKU_E,0,0,0,0
157,W1,SKU_A,1849,0,0,1702
157,W1,SKU_B,1041,0,0,0
157,W1,SKU_C,318,0,0,1197
157,W1,SKU_D,587,0,0,0
157,W1,SKU_E,375,0,0,420
157,W2,SKU_A,1041,0,0,984
157,W2,SKU_B,400,0,0,429
157,W2,SKU_C,1079,0,0,677
157,W2,SKU_D,425,0,0,221
157,W2,SKU_E,13,0,0,0
157,R1,SKU_A,787,0,0,0
157,R1,SKU_B,595,0,0,0
157,R1,SKU_C,692,0,0,0
157,R1,SKU_D,2573,0,0,0
157,R1,SKU_E,208,0,0,0
157,R2,SKU_A,770,0,0,0
157,R2,SKU_B,211,0,0,0
157,R2,SKU_C,207,0,0,0
157,R2,SKU_D,435,0,0,0
157,R2,SKU_E,534,0,0,0
157,R3,SKU_A,1236,0,0,1029
157,R3,SKU_B,228,0,0,396
157,R3,SKU_C,500,0,0,741
157,R3,SKU_D,585,0,0,6
157,R3,SKU_E,1643,0,0,0
158,Supplier,SKU_A,0,0,0,0
158,Supplier,SKU_B,0,0,0,0
158,Supplier,SKU_C,0,0,0,0
158,Supplier,SKU_D,0,0,0,0
158,Supplier,SKU_E,0,0,0,0
158,W1,SKU_A,1655,0,0,1702
158,W1,SKU_B,910,0,0,0
158,W1,SKU_C,283,0,0,1197
158,W1,SKU_D,587,0,0,0
158,W1,SKU_E,278,0,0,420
158,W2,SKU_A,908,0,0,984
158,W2,SKU_B,400,0,0,429
158,W2,SKU_C,1079,0,0,677
158,W2,SKU_D,345,0,0,221
158,W2,SKU_E,13,0,0,0
158,R1,SKU_A,661,0,0,98
158,R1,SKU_B,524,0,0,8
158,R1,SKU_C,584,0,0,35
158,R1,SKU_D,2516,0,0,0
158,R1,SKU_E,166,0,0,136
158,R2,SKU_A,688,0,0,135
158,R2,SKU_B,157,0,0,254
158,R2,SKU_C,159,0,0,0
158,R2,SKU_D,382,0,0,0
158,R2,SKU_E,496,0,0,12
158,R3,SKU_A,2039,0,0,31
158,R3,SKU_B,219,0,0,337
158,R3,SKU_C,1133,0,0,0
158,R3,SKU_D,478,0,0,6
158,R3,SKU_E,1555,0,0,0
159,Supplier,SKU_A,0,0,0,0
159,Supplier,SKU_B,0,0,0,0
159,Supplier,SKU_C,0,0,0,0
159,Supplier,SKU_D,0,0,0,0
159,Supplier,SKU_E,0,0,0,0
159,W1,SKU_A,1486,0,0,1702
159,W1,SKU_B,839,0,0,0
159,W1,SKU_C,136,0,0,1197
159,W1,SKU_D,587,0,0,0
159,W1,SKU_E,240,0,0,420
159,W2,SKU_A,580,0,0,984
159,W2,SKU_B,400,0,0,429
159,W2,SKU_C,983,0,0,677
159,W2,SKU_D,158,0,0,221
159,W2,SKU_E,13,0,0,0
159,R1,SKU_A,482,0,0,98
159,R1,SKU_B,473,0,0,8
159,R1,SKU_C,471,0,0,35
159,R1,SKU_D,2437,0,0,0
159,R1,SKU_E,114,0,0,136
159,R2,SKU_A,578,0,0,135
159,R2,SKU_B,93,0,0,254
159,R2,SKU_C,106,0,0,0
159,R2,SKU_D,320,0,0,0
159,R2,SKU_E,441,0,0,12
159,R3,SKU_A,1839,0,0,31
159,R3,SKU_B,144,0,0,337
159,R3,SKU_C,1026,0,0,0
159,R3,SKU_D,349,0,0,6
159,R3,SKU_E,1468,0,0,0
160,Supplier,SKU_A,0,0,0,0
160,Supplier,SKU_B,0,0,0,0
160,Supplier,SKU_C,0,0,0,0
160,Supplier,SKU_D,0,0,0,0
160,Supplier,SKU_E,0,0,0,0
160,W1,SKU_A,2730,0,0,157
160,W1,SKU_B,717,0,0,74
160,W1,SKU_C,1020,0,0,53
160,W1,SKU_D,575,0,0,0
160,W1,SKU_E,524,0,0,336
160,W2,SKU_A,828,0,0,1110
160,W2,SKU_B,480,0,0,349
160,W2,SKU_C,1038,0,0,500
160,W2,SKU_D,0,0,158,564
160,W2,SKU_E,13,0,0,0
160,R1,SKU_A,383,0,0,0
160,R1,SKU_B,382,0,0,0
160,R1,SKU_C,330,0,0,0
160,R1,SKU_D,2343,0,0,0
160,R1,SKU_E,190,0,0,0
160,R2,SKU_A,445,0,0,135
160,R2,SKU_B,8,0,0,254
160,R2,SKU_C,26,0,0,0
160,R2,SKU_D,252,0,0,0
160,R2,SKU_E,370,0,0,12
160,R3,SKU_A,1603,0,0,1020
160,R3,SKU_B,67,0,0,349
160,R3,SKU_C,863,0,0,299
160,R3,SKU_D,237,0,0,431
160,R3,SKU_E,1336,0,0,0
161,Supplier,SKU_A,0,0,0,0
161,Supplier,SKU_B,0,0,0,0
161,Supplier,SKU_C,0,0,0,0
161,Supplier,SKU_D,0,0,0,0
161,Supplier,SKU_E,0,0,0,0
161,W1,SKU_A,1942,0,0,157
161,W1,SKU_B,424,0,0,74
161,W1,SKU_C,451,0,0,53
161,W1,SKU_D,495,0,0,0
161,W1,SKU_E,257,0,0,336
161,W2,SKU_A,828,0,0,1110
161,W2,SKU_B,403,0,0,349
161,W2,SKU_C,971,0,0,500
161,W2,SKU_D,0,0,161,564
161,W2,SKU_E,13,0,0,0
161,R1,SKU_A,150,0,0,915
161,R1,SKU_B,280,0,0,414
161,R1,SKU_C,155,0,0,726
161,R1,SKU_D,2252,0,0,0
161,R1,SKU_E,135,0,0,146
161,R2,SKU_A,447,0,0,500
161,R2,SKU_B,187,0,0,72
161,R2,SKU_C,0,47,0,303
161,R2,SKU_D,184,0,0,92
161,R2,SKU_E,310,0,0,295
161,R3,SKU_A,1414,0,0,989
161,R3,SKU_B,340,0,0,12
161,R3,SKU_C,716,0,0,299
161,R3,SKU_D,135,0,0,425
161,R3,SKU_E,1256,0,0,0
162,Supplier,SKU_A,0,0,0,0
162,Supplier,SKU_B,0,0,0,0
162,Supplier,SKU_C,0,0,0,0
162,Supplier,SKU_D,0,0,0,0
162,Supplier,SKU_E,0,0,0,0
162,W1,SKU_A,1942,0,0,1183
162,W1,SKU_B,349,0,0,619
162,W1,SKU_C,451,0,0,766
162,W1,SKU_D,439,0,0,0
162,W1,SKU_E,245,0,0,473
162,W2,SKU_A,828,0,0,1163
162,W2,SKU_B,262,0,0,567
162,W2,SKU_C,757,0,0,973
162,W2,SKU_D,0,0,272,1001
162,W2,SKU_E,13,0,0,86
162,R1,SKU_A,33,0,0,915
162,R1,SKU_B,223,0,0,414
162,R1,SKU_C,47,0,0,726
162,R1,SKU_D,2188,0,0,0
162,R1,SKU_E,95,0,0,146
162,R2,SKU_A,323,0,0,500
162,R2,SKU_B,133,0,0,72
162,R2,SKU_C,0,111,0,303
162,R2,SKU_D,142,0,0,92
162,R2,SKU_E,265,0,0,295
162,R3,SKU_A,1204,0,0,989
162,R3,SKU_B,295,0,0,12
162,R3,SKU_C,622,0,0,299
162,R3,SKU_D,49,0,0,425
162,R3,SKU_E,1178,0,0,0
163,Supplier,SKU_A,0,0,0,0
163,Supplier,SKU_B,0,0,0,0
163,Supplier,SKU_C,0,0,0,0
163,Supplier,SKU_D,0,0,0,0
163,Supplier,SKU_E,0,0,0,0
163,W1,SKU_A,1893,0,0,1183
163,W1,SKU_B,220,0,0,619
163,W1,SKU_C,445,0,0,766
163,W1,SKU_D,341,0,0,0
163,W1,SKU_E,193,0,0,473
163,W2,SKU_A,831,0,0,955
163,W2,SKU_B,413,0,0,230
163,W2,SKU_C,868,0,0,554
163,W2,SKU_D,0,0,248,780
163,W2,SKU_E,13,0,0,86
163,R1,SKU_A,813,0,0,0
163,R1,SKU_B,584,0,0,0
163,R1,SKU_C,686,0,0,0
163,R1,SKU_D,2135,0,0,0
163,R1,SKU_E,207,0,0,0
163,R2,SKU_A,208,0,0,549
163,R2,SKU_B,88,0,0,276
163,R2,SKU_C,0,174,0,309
163,R2,SKU_D,98,0,0,246
163,R2,SKU_E,227,0,0,295
163,R3,SKU_A,988,0,0,1194
163,R3,SKU_B,250,0,0,416
163,R3,SKU_C,494,0,0,888
163,R3,SKU_D,0,47,0,646
163,R3,SKU_E,1093,0,0,0
164,Supplier,SKU_A,0,0,0,0
164,Supplier,SKU_B,0,0,0,0
164,Supplier,SKU_C,0,0,0,0
164,Supplier,SKU_D,0,0,0,0
164,Supplier,SKU_E,0,0,0,0
164,W1,SKU_A,1712,0,0,1183
164,W1,SKU_B,201,0,0,619
164,W1,SKU_C,341,0,0,766
164,W1,SKU_D,341,0,0,0
164,W1,SKU_E,83,0,0,473
164,W2,SKU_A,615,0,0,955
164,W2,SKU_B,413,0,0,230
164,W2,SKU_C,868,0,0,554
164,W2,SKU_D,0,0,320,780
164,W2,SKU_E,13,0,0,86
164,R1,SKU_A,683,0,0,66
164,R1,SKU_B,541,0,0,19
164,R1,SKU_C,601,0,0,41
164,R1,SKU_D,2067,0,0,0
164,R1,SKU_E,181,0,0,150
164,R2,SKU_A,606,0,0,49
164,R2,SKU_B,110,0,0,204
164,R2,SKU_C,89,0,0,6
164,R2,SKU_D,160,0,0,154
164,R2,SKU_E,481,0,0,0
164,R3,SKU_A,1791,0,0,205
164,R3,SKU_B,215,0,0,404
164,R3,SKU_C,688,0,0,589
164,R3,SKU_D,277,0,0,221
164,R3,SKU_E,1019,0,0,0
165,Supplier,SKU_A,0,0,0,0
165,Supplier,SKU_B,0,0,0,0
165,Supplier,SKU_C,0,0,0,0
165,Supplier,SKU_D,0,0,0,0
165,Supplier,SKU_E,0,0,0,0
165,W1,SKU_A,1522,0,0,1580
165,W1,SKU_B,212,0,0,688
165,W1,SKU_C,206,0,0,951
165,W1,SKU_D,323,0,0,0
165,W1,SKU_E,354,0,0,588
165,W2,SKU_A,213,0,0,2203
165,W2,SKU_B,413,0,0,303
165,W2,SKU_C,868,0,0,777
165,W2,SKU_D,0,0,493,1152
165,W2,SKU_E,0,0,17,555
165,R1,SKU_A,563,0,0,66
165,R1,SKU_B,491,0,0,19
165,R1,SKU_C,491,0,0,41
165,R1,SKU_D,2006,0,0,0
165,R1,SKU_E,152,0,0,150
165,R2,SKU_A,496,0,0,381
165,R2,SKU_B,29,0,0,224
165,R2,SKU_C,27,0,0,172
165,R2,SKU_D,117,0,0,172
165,R2,SKU_E,435,0,0,89
165,R3,SKU_A,1627,0,0,205
165,R3,SKU_B,156,0,0,404
165,R3,SKU_C,569,0,0,589
165,R3,SKU_D,176,0,0,221
165,R3,SKU_E,932,0,0,0
166,Supplier,SKU_A,0,0,0,0
166,Supplier,SKU_B,0,0,0,0
166,Supplier,SKU_C,0,0,0,0
166,Supplier,SKU_D,0,0,0,0
166,Supplier,SKU_E,0,0,0,0
166,W1,SKU_A,1272,0,0,1580
166,W1,SKU_B,38,0,0,688
166,W1,SKU_C,11,0,0,951
166,W1,SKU_D,280,0,0,0
166,W1,SKU_E,332,0,0,588
166,W2,SKU_A,549,0,0,1301
166,W2,SKU_B,425,0,0,291
166,W2,SKU_C,878,0,0,696
166,W2,SKU_D,0,0,424,809
166,W2,SKU_E,0,0,134,555
166,R1,SKU_A,471,0,0,0
166,R1,SKU_B,446,0,0,0
166,R1,SKU_C,382,0,0,0
166,R1,SKU_D,1914,0,0,0
166,R1,SKU_E,265,0,0,0
166,R2,SKU_A,429,0,0,332
166,R2,SKU_B,164,0,0,20
166,R2,SKU_C,0,29,0,166
166,R2,SKU_D,213,0,0,18
166,R2,SKU_E,376,0,0,89
166,R3,SKU_A,1426,0,0,1389
166,R3,SKU_B,84,0,0,404
166,R3,SKU_C,452,0,0,660
166,R3,SKU_D,65,0,0,564
166,R3,SKU_E,862,0,0,13
167,Supplier,SKU_A,0,0,0,0
167,Supplier,SKU_B,0,0,0,0
167,Supplier,SKU_C,0,0,0,0
167,Supplier,SKU_D,0,0,0,0
167,Supplier,SKU_E,0,0,0,0
167,W1,SKU_A,1779,0,0,554
167,W1,SKU_B,276,0,0,143
167,W1,SKU_C,318,0,0,238
167,W1,SKU_D,179,0,0,0
167,W1,SKU_E,360,0,0,451
167,W2,SKU_A,549,0,0,1301
167,W2,SKU_B,420,0,0,291
167,W2,SKU_C,761,0,0,696
167,W2,SKU_D,0,0,466,809
167,W2,SKU_E,0,0,308,555
167,R1,SKU_A,243,0,0,788
167,R1,SKU_B,374,0,0,293
167,R1,SKU_C,241,0,0,625
167,R1,SKU_D,1806,0,0,0
167,R1,SKU_E,205,0,0,28
167,R2,SKU_A,310,0,0,443
167,R2,SKU_B,106,0,0,251
167,R2,SKU_C,0,100,0,227
167,R2,SKU_D,168,0,0,162
167,R2,SKU_E,323,0,0,192
167,R3,SKU_A,1395,0,0,1184
167,R3,SKU_B,399,0,0,0
167,R3,SKU_C,872,0,0,71
167,R3,SKU_D,166,0,0,343
167,R3,SKU_E,763,0,0,13
168,Supplier,SKU_A,0,0,0,0
168,Supplier,SKU_B,0,0,0,0
168,Supplier,SKU_C,0,0,0,0
168,Supplier,SKU_D,0,0,0,0
168,Supplier,SKU_E,0,0,0,0
168,W1,SKU_A,1660,0,0,1656
168,W1,SKU_B,276,0,0,857
168,W1,SKU_C,247,0,0,1261
168,W1,SKU_D,177,0,0,0
168,W1,SKU_E,269,0,0,503
168,W2,SKU_A,602,0,0,1248
168,W2,SKU_B,544,0,0,444
168,W2,SKU_C,948,0,0,806
168,W2,SKU_D,0,0,191,1161
168,W2,SKU_E,0,0,495,854
168,R1,SKU_A,14,0,0,788
168,R1,SKU_B,286,0,0,293
168,R1,SKU_C,40,0,0,625
168,R1,SKU_D,1715,0,0,0
168,R1,SKU_E,156,0,0,28
168,R2,SKU_A,535,0,0,111
168,R2,SKU_B,51,0,0,231
168,R2,SKU_C,4,0,0,61
168,R2,SKU_D,128,0,0,144
168,R2,SKU_E,349,0,0,103
168,R3,SKU_A,1124,0,0,1184
168,R3,SKU_B,308,0,0,0
168,R3,SKU_C,685,0,0,71
168,R3,SKU_D,44,0,0,343
168,R3,SKU_E,651,0,0,13
169,Supplier,SKU_A,0,0,0,0
169,Supplier,SKU_B,0,0,0,0
169,Supplier,SKU_C,0,0,0,0
169,Supplier,SKU_D,0,0,0,0
169,Supplier,SKU_E,0,0,0,0
169,W1,SKU_A,1357,0,0,1656
169,W1,SKU_B,200,0,0,857
169,W1,SKU_C,52,0,0,1261
169,W1,SKU_D,117,0,0,0
169,W1,SKU_E,66,0,0,503
169,W2,SKU_A,512,0,0,1248
169,W2,SKU_B,359,0,0,444
169,W2,SKU_C,475,0,0,806
169,W2,SKU_D,0,0,475,1161
169,W2,SKU_E,0,0,880,854
169,R1,SKU_A,652,0,0,0
169,R1,SKU_B,508,0,0,0
169,R1,SKU_C,542,0,0,0
169,R1,SKU_D,1642,0,0,0
169,R1,SKU_E,134,0,0,0
169,R2,SKU_A,404,0,0,456
169,R2,SKU_B,0,20,0,283
169,R2,SKU_C,0,65,0,265
169,R2,SKU_D,57,0,0,206
169,R2,SKU_E,296,0,0,228
169,R3,SKU_A,920,0,0,1274
169,R3,SKU_B,251,0,0,284
169,R3,SKU_C,579,0,0,947
169,R3,SKU_D,0,47,0,780
169,R3,SKU_E,549,0,0,99
170,Supplier,SKU_A,0,0,0,0
170,Supplier,SKU_B,0,0,0,0
170,Supplier,SKU_C,0,0,0,0
170,Supplier,SKU_D,0,0,0,0
170,Supplier,SKU_E,0,0,0,0
170,W1,SKU_A,1672,0,0,1102
170,W1,SKU_B,177,0,0,714
170,W1,SKU_C,105,0,0,1023
170,W1,SKU_D,48,0,0,0
170,W1,SKU_E,336,0,0,52
170,W2,SKU_A,308,0,0,1924
170,W2,SKU_B,359,0,0,444
170,W2,SKU_C,475,0,0,862
170,W2,SKU_D,0,0,475,1161
170,W2,SKU_E,0,0,1281,1827
170,R1,SKU_A,521,0,0,304
170,R1,SKU_B,455,0,0,119
170,R1,SKU_C,439,0,0,247
170,R1,SKU_D,1584,0,0,0
170,R1,SKU_E,88,0,0,328
170,R2,SKU_A,398,0,0,345
170,R2,SKU_B,152,0,0,52
170,R2,SKU_C,0,78,0,204
170,R2,SKU_D,155,0,0,62
170,R2,SKU_E,359,0,0,125
170,R3,SKU_A,1886,0,0,90
170,R3,SKU_B,186,0,0,284
170,R3,SKU_C,552,0,0,876
170,R3,SKU_D,204,0,0,437
170,R3,SKU_E,466,0,0,86
171,Supplier,SKU_A,0,0,0,0
171,Supplier,SKU_B,0,0,0,0
171,Supplier,SKU_C,0,0,0,0
171,Supplier,SKU_D,0,0,0,0
171,Supplier,SKU_E,0,0,0,0
171,W1,SKU_A,1489,0,0,1760
171,W1,SKU_B,18,0,0,786
171,W1,SKU_C,0,0,8,1150
171,W1,SKU_D,0,0,67,0
171,W1,SKU_E,274,0,0,680
171,W2,SKU_A,1134,0,0,676
171,W2,SKU_B,409,0,0,371
171,W2,SKU_C,698,0,0,639
171,W2,SKU_D,0,0,133,789
171,W2,SKU_E,0,0,1309,1358
171,R1,SKU_A,373,0,0,304
171,R1,SKU_B,405,0,0,119
171,R1,SKU_C,342,0,0,247
171,R1,SKU_D,1535,0,0,0
171,R1,SKU_E,43,0,0,328
171,R2,SKU_A,310,0,0,486
171,R2,SKU_B,106,0,0,253
171,R2,SKU_C,0,140,0,268
171,R2,SKU_D,94,0,0,179
171,R2,SKU_E,316,0,0,209
171,R3,SKU_A,1708,0,0,90
171,R3,SKU_B,131,0,0,284
171,R3,SKU_C,475,0,0,876
171,R3,SKU_D,121,0,0,437
171,R3,SKU_E,397,0,0,86
172,Supplier,SKU_A,0,0,0,0
172,Supplier,SKU_B,0,0,0,0
172,Supplier,SKU_C,0,0,0,0
172,Supplier,SKU_D,0,0,0,0
172,Supplier,SKU_E,0,0,0,0
172,W1,SKU_A,1211,0,0,1760
172,W1,SKU_B,0,0,61,786
172,W1,SKU_C,0,0,216,1150
172,W1,SKU_D,0,0,126,0
172,W1,SKU_E,253,0,0,680
172,W2,SKU_A,534,0,0,836
172,W2,SKU_B,331,0,0,524
172,W2,SKU_C,698,0,0,912
172,W2,SKU_D,0,0,246,789
172,W2,SKU_E,0,0,1875,1963
172,R1,SKU_A,553,0,0,0
172,R1,SKU_B,469,0,0,0
172,R1,SKU_C,509,0,0,0
172,R1,SKU_D,1489,0,0,0
172,R1,SKU_E,334,0,0,0
172,R2,SKU_A,536,0,0,141
172,R2,SKU_B,95,0,0,201
172,R2,SKU_C,25,0,0,64
172,R2,SKU_D,108,0,0,117
172,R2,SKU_E,380,0,0,84
172,R3,SKU_A,1527,0,0,1316
172,R3,SKU_B,69,0,0,385
172,R3,SKU_C,381,0,0,876
172,R3,SKU_D,17,0,0,809
172,R3,SKU_E,306,0,0,555
173,Supplier,SKU_A,0,0,0,0
173,Supplier,SKU_B,0,0,0,0
173,Supplier,SKU_C,0,0,0,0
173,Supplier,SKU_D,0,0,0,0
173,Supplier,SKU_E,0,0,0,0
173,W1,SKU_A,1792,0,0,658
173,W1,SKU_B,481,0,0,72
173,W1,SKU_C,480,0,0,127
173,W1,SKU_D,0,0,233,0
173,W1,SKU_E,223,0,0,628
173,W2,SKU_A,534,0,0,836
173,W2,SKU_B,292,0,0,524
173,W2,SKU_C,698,0,0,912
173,W2,SKU_D,0,0,246,789
173,W2,SKU_E,0,0,2063,1963
173,R1,SKU_A,392,0,0,582
173,R1,SKU_B,403,0,0,242
173,R1,SKU_C,402,0,0,397
173,R1,SKU_D,1399,0,0,0
173,R1,SKU_E,286,0,0,0
173,R2,SKU_A,429,0,0,412
173,R2,SKU_B,28,0,0,239
173,R2,SKU_C,0,39,0,251
173,R2,SKU_D,47,0,0,117
173,R2,SKU_E,322,0,0,187
173,R3,SKU_A,1390,0,0,1226
173,R3,SKU_B,304,0,0,101
173,R3,SKU_C,1114,0,0,0
173,R3,SKU_D,352,0,0,372
173,R3,SKU_E,282,0,0,469
174,Supplier,SKU_A,0,0,0,0
174,Supplier,SKU_B,0,0,0,0
174,Supplier,SKU_C,0,0,0,0
174,Supplier,SKU_D,0,0,0,0
174,Supplier,SKU_E,0,0,0,0
174,W1,SKU_A,1761,0,0,1505
174,W1,SKU_B,414,0,0,790
174,W1,SKU_C,480,0,0,1292
174,W1,SKU_D,0,0,401,504
174,W1,SKU_E,179,0,0,628
174,W2,SKU_A,534,0,0,1425
174,W2,SKU_B,575,0,0,228
174,W2,SKU_C,1166,0,0,468
174,W2,SKU_D,543,0,0,0
174,W2,SKU_E,0,0,1976,2682
174,R1,SKU_A,200,0,0,582
174,R1,SKU_B,318,0,0,242
174,R1,SKU_C,238,0,0,397
174,R1,SKU_D,1309,0,0,0
174,R1,SKU_E,243,0,0,0
174,R2,SKU_A,453,0,0,271
174,R2,SKU_B,155,0,0,38
174,R2,SKU_C,0,60,0,187
174,R2,SKU_D,107,0,0,0
174,R2,SKU_E,351,0,0,103
174,R3,SKU_A,1157,0,0,1226
174,R3,SKU_B,236,0,0,101
174,R3,SKU_C,947,0,0,0
174,R3,SKU_D,221,0,0,372
174,R3,SKU_E,171,0,0,469
175,Supplier,SKU_A,0,0,0,0
175,Supplier,SKU_B,0,0,0,0
175,Supplier,SKU_C,0,0,0,0
175,Supplier,SKU_D,0,0,0,0
175,Supplier,SKU_E,0,0,0,0
175,W1,SKU_A,1516,0,0,1505
175,W1,SKU_B,230,0,0,790
175,W1,SKU_C,317,0,0,1292
175,W1,SKU_D,0,0,626,504
175,W1,SKU_E,37,0,0,628
175,W2,SKU_A,519,0,0,1425
175,W2,SKU_B,419,0,0,228
175,W2,SKU_C,884,0,0,468
175,W2,SKU_D,465,0,0,0
175,W2,SKU_E,0,0,2385,2682
175,R1,SKU_A,602,0,0,0
175,R1,SKU_B,485,0,0,0
175,R1,SKU_C,488,0,0,0
175,R1,SKU_D,1216,0,0,0
175,R1,SKU_E,188,0,0,0
175,R2,SKU_A,329,0,0,450
175,R2,SKU_B,87,0,0,246
175,R2,SKU_C,0,118,0,258
175,R2,SKU_D,47,0,0,0
175,R2,SKU_E,289,0,0,232
175,R3,SKU_A,907,0,0,1241
175,R3,SKU_B,161,0,0,384
175,R3,SKU_C,797,0,0,397
175,R3,SKU_D,99,0,0,696
175,R3,SKU_E,79,0,0,854
176,Supplier,SKU_A,0,0,0,0
176,Supplier,SKU_B,0,0,0,0
176,Supplier,SKU_C,0,0,0,0
176,Supplier,SKU_D,0,0,0,0
176,Supplier,SKU_E,0,0,0,0
176,W1,SKU_A,1804,0,0,847
176,W1,SKU_B,183,0,0,718
176,W1,SKU_C,147,0,0,1165
176,W1,SKU_D,0,0,911,504
176,W1,SKU_E,535,0,0,0
176,W2,SKU_A,945,0,0,749
176,W2,SKU_B,419,0,0,228
176,W2,SKU_C,905,0,0,412
176,W2,SKU_D,465,0,0,0
176,W2,SKU_E,0,0,1528,1709
176,R1,SKU_A,485,0,0,374
176,R1,SKU_B,431,0,0,161
176,R1,SKU_C,434,0,0,331
176,R1,SKU_D,1166,0,0,0
176,R1,SKU_E,156,0,0,162
176,R2,SKU_A,518,0,0,179
176,R2,SKU_B,85,0,0,208
176,R2,SKU_C,33,0,0,71
176,R2,SKU_D,17,0,0,0
176,R2,SKU_E,338,0,0,129
176,R3,SKU_A,1952,0,0,15
176,R3,SKU_B,203,0,0,283
176,R3,SKU_C,704,0,0,397
176,R3,SKU_D,395,0,0,324
176,R3,SKU_E,469,0,0,385
177,Supplier,SKU_A,0,0,0,0
177,Supplier,SKU_B,0,0,0,0
177,Supplier,SKU_C,0,0,0,0
177,Supplier,SKU_D,0,0,0,0
177,Supplier,SKU_E,0,0,0,0
177,W1,SKU_A,1609,0,0,1666
177,W1,SKU_B,131,0,0,743
177,W1,SKU_C,53,0,0,1165
177,W1,SKU_D,0,0,1226,2201
177,W1,SKU_E,456,0,0,509
177,W2,SKU_A,514,0,0,1586
177,W2,SKU_B,412,0,0,602
177,W2,SKU_C,777,0,0,1306
177,W2,SKU_D,465,0,0,53
177,W2,SKU_E,0,0,1723,1831
177,R1,SKU_A,371,0,0,374
177,R1,SKU_B,381,0,0,161
177,R1,SKU_C,365,0,0,331
177,R1,SKU_D,1131,0,0,0
177,R1,SKU_E,129,0,0,162
177,R2,SKU_A,434,0,0,447
177,R2,SKU_B,53,0,0,250
177,R2,SKU_C,0,26,0,223
177,R2,SKU_D,0,15,0,0
177,R2,SKU_E,300,0,0,233
177,R3,SKU_A,1797,0,0,696
177,R3,SKU_B,147,0,0,290
177,R3,SKU_C,630,0,0,560
177,R3,SKU_D,327,0,0,324
177,R3,SKU_E,384,0,0,1358
178,Supplier,SKU_A,0,0,0,0
178,Supplier,SKU_B,0,0,0,0
178,Supplier,SKU_C,0,0,0,0
178,Supplier,SKU_D,0,0,0,0
178,Supplier,SKU_E,0,0,0,0
178,W1,SKU_A,1475,0,0,1666
178,W1,SKU_B,39,0,0,743
178,W1,SKU_C,21,0,0,1165
178,W1,SKU_D,0,0,1573,2201
178,W1,SKU_E,441,0,0,509
178,W2,SKU_A,674,0,0,1426
178,W2,SKU_B,509,0,0,449
178,W2,SKU_C,1011,0,0,1033
178,W2,SKU_D,445,0,0,53
178,W2,SKU_E,0,0,1118,1226
178,R1,SKU_A,629,0,0,0
178,R1,SKU_B,490,0,0,0
178,R1,SKU_C,601,0,0,0
178,R1,SKU_D,1078,0,0,0
178,R1,SKU_E,238,0,0,0
178,R2,SKU_A,543,0,0,268
178,R2,SKU_B,205,0,0,42
178,R2,SKU_C,0,5,0,152
178,R2,SKU_D,0,53,0,0
178,R2,SKU_E,392,0,0,104
178,R3,SKU_A,1657,0,0,696
178,R3,SKU_B,84,0,0,290
178,R3,SKU_C,546,0,0,560
178,R3,SKU_D,251,0,0,324
178,R3,SKU_E,311,0,0,1358
179,Supplier,SKU_A,0,0,0,0
179,Supplier,SKU_B,0,0,0,0
179,Supplier,SKU_C,0,0,0,0
179,Supplier,SKU_D,0,0,0,0
179,Supplier,SKU_E,0,0,0,0
179,W1,SKU_A,2011,0,0,819
179,W1,SKU_B,557,0,0,25
179,W1,SKU_C,1009,0,0,0
179,W1,SKU_D,0,0,1454,1697
179,W1,SKU_E,336,0,0,509
179,W2,SKU_A,629,0,0,1426
179,W2,SKU_B,390,0,0,449
179,W2,SKU_C,888,0,0,1033
179,W2,SKU_D,349,0,0,53
179,W2,SKU_E,0,0,1118,1226
179,R1,SKU_A,501,0,0,404
179,R1,SKU_B,438,0,0,185
179,R1,SKU_C,527,0,0,157
179,R1,SKU_D,1025,0,0,0
179,R1,SKU_E,196,0,0,57
179,R2,SKU_A,444,0,0,329
179,R2,SKU_B,158,0,0,160
179,R2,SKU_C,0,52,0,204
179,R2,SKU_D,0,92,0,504
179,R2,SKU_E,339,0,0,167
179,R3,SKU_A,1494,0,0,681
179,R3,SKU_B,304,0,0,7
179,R3,SKU_C,849,0,0,163
179,R3,SKU_D,471,0,0,0
179,R3,SKU_E,625,0,0,973
180,Supplier,SKU_A,0,0,0,0
180,Supplier,SKU_B,0,0,0,0
180,Supplier,SKU_C,0,0,0,0
180,Supplier,SKU_D,0,0,0,0
180,Supplier,SKU_E,0,0,0,0
180,W1,SKU_A,1912,0,0,1190
180,W1,SKU_B,541,0,0,586
180,W1,SKU_C,920,0,0,430
180,W1,SKU_D,0,0,1454,1702
180,W1,SKU_E,256,0,0,516
180,W2,SKU_A,995,0,0,956
180,W2,SKU_B,283,0,0,374
180,W2,SKU_C,810,0,0,894
180,W2,SKU_D,149,0,0,513
180,W2,SKU_E,0,0,14,122
180,R1,SKU_A,356,0,0,404
180,R1,SKU_B,353,0,0,185
180,R1,SKU_C,413,0,0,157
180,R1,SKU_D,955,0,0,0
180,R1,SKU_E,144,0,0,57
180,R2,SKU_A,620,0,0,61
180,R2,SKU_B,141,0,0,118
180,R2,SKU_C,49,0,0,52
180,R2,SKU_D,0,132,0,504
180,R2,SKU_E,386,0,0,63
180,R3,SKU_A,1268,0,0,949
180,R3,SKU_B,243,0,0,364
180,R3,SKU_C,743,0,0,542
180,R3,SKU_D,362,0,0,316
180,R3,SKU_E,551,0,0,2682
181,Supplier,SKU_A,0,0,0,0
181,Supplier,SKU_B,0,0,0,0
181,Supplier,SKU_C,0,0,0,0
181,Supplier,SKU_D,0,0,0,0
181,Supplier,SKU_E,0,0,0,0
181,W1,SKU_A,1602,0,0,1190
181,W1,SKU_B,401,0,0,586
181,W1,SKU_C,666,0,0,430
181,W1,SKU_D,0,0,1454,1702
181,W1,SKU_E,67,0,0,516
181,W2,SKU_A,814,0,0,956
181,W2,SKU_B,283,0,0,374
181,W2,SKU_C,810,0,0,894
181,W2,SKU_D,149,0,0,513
181,W2,SKU_E,0,0,14,122
181,R1,SKU_A,590,0,0,0
181,R1,SKU_B,448,0,0,0
181,R1,SKU_C,425,0,0,0
181,R1,SKU_D,868,0,0,0
181,R1,SKU_E,161,0,0,0
181,R2,SKU_A,520,0,0,351
181,R2,SKU_B,70,0,0,209
181,R2,SKU_C,0,38,0,195
181,R2,SKU_D,0,191,0,504
181,R2,SKU_E,339,0,0,200
181,R3,SKU_A,1760,0,0,268
181,R3,SKU_B,179,0,0,357
181,R3,SKU_C,783,0,0,379
181,R3,SKU_D,233,0,0,316
181,R3,SKU_E,1450,0,0,1709
182,Supplier,SKU_A,0,0,0,0
182,Supplier,SKU_B,0,0,0,0
182,Supplier,SKU_C,0,0,0,0
182,Supplier,SKU_D,0,0,0,0
182,Supplier,SKU_E,0,0,0,0
182,W1,SKU_A,2131,0,0,371
182,W1,SKU_B,216,0,0,561
182,W1,SKU_C,323,0,0,430
182,W1,SKU_D,224,0,0,5
182,W1,SKU_E,437,0,0,7
182,W2,SKU_A,444,0,0,956
182,W2,SKU_B,283,0,0,374
182,W2,SKU_C,743,0,0,894
182,W2,SKU_D,27,0,0,513
182,W2,SKU_E,0,0,14,122
182,R1,SKU_A,403,0,0,408
182,R1,SKU_B,363,0,0,220
182,R1,SKU_C,302,0,0,502
182,R1,SKU_D,774,0,0,0
182,R1,SKU_E,107,0,0,264
182,R2,SKU_A,444,0,0,291
182,R2,SKU_B,126,0,0,146
182,R2,SKU_C,0,47,0,184
182,R2,SKU_D,260,0,0,1473
182,R2,SKU_E,350,0,0,144
182,R3,SKU_A,1575,0,0,268
182,R3,SKU_B,118,0,0,357
182,R3,SKU_C,697,0,0,379
182,R3,SKU_D,145,0,0,316
182,R3,SKU_E,1365,0,0,1709
183,Supplier,SKU_A,0,0,0,0
183,Supplier,SKU_B,0,0,0,0
183,Supplier,SKU_C,0,0,0,0
183,Supplier,SKU_D,0,0,0,0
183,Supplier,SKU_E,0,0,0,0
183,W1,SKU_A,1926,0,0,1730
183,W1,SKU_B,134,0,0,774
183,W1,SKU_C,262,0,0,1098
183,W1,SKU_D,185,0,0,100
183,W1,SKU_E,385,0,0,614
183,W2,SKU_A,726,0,0,1360
183,W2,SKU_B,639,0,0,377
183,W2,SKU_C,1484,0,0,83
183,W2,SKU_D,0,0,130,600
183,W2,SKU_E,108,0,0,0
183,R1,SKU_A,271,0,0,408
183,R1,SKU_B,305,0,0,220
183,R1,SKU_C,230,0,0,502
183,R1,SKU_D,722,0,0,0
183,R1,SKU_E,67,0,0,264
183,R2,SKU_A,339,0,0,291
183,R2,SKU_B,96,0,0,146
183,R2,SKU_C,0,102,0,184
183,R2,SKU_D,210,0,0,1473
183,R2,SKU_E,311,0,0,144
183,R3,SKU_A,1396,0,0,1374
183,R3,SKU_B,74,0,0,375
183,R3,SKU_C,611,0,0,599
183,R3,SKU_D,70,0,0,518
183,R3,SKU_E,1280,0,0,1723
184,Supplier,SKU_A,0,0,0,0
184,Supplier,SKU_B,0,0,0,0
184,Supplier,SKU_C,0,0,0,0
184,Supplier,SKU_D,0,0,0,0
184,Supplier,SKU_E,0,0,0,0
184,W1,SKU_A,1484,0,0,1730
184,W1,SKU_B,0,0,36,774
184,W1,SKU_C,146,0,0,1098
184,W1,SKU_D,94,0,0,100
184,W1,SKU_E,294,0,0,614
184,W2,SKU_A,726,0,0,1360
184,W2,SKU_B,595,0,0,377
184,W2,SKU_C,1465,0,0,83
184,W2,SKU_D,0,0,213,600
184,W2,SKU_E,108,0,0,0
184,R1,SKU_A,532,0,0,0
184,R1,SKU_B,485,0,0,0
184,R1,SKU_C,644,0,0,0
184,R1,SKU_D,659,0,0,0
184,R1,SKU_E,296,0,0,0
184,R2,SKU_A,532,0,0,380
184,R2,SKU_B,156,0,0,173
184,R2,SKU_C,14,0,0,218
184,R2,SKU_D,167,0,0,1473
184,R2,SKU_E,417,0,0,150
184,R3,SKU_A,1488,0,0,1106
184,R3,SKU_B,371,0,0,18
184,R3,SKU_C,915,0,0,220
184,R3,SKU_D,304,0,0,202
184,R3,SKU_E,2916,0,0,14
185,Supplier,SKU_A,0,0,0,0
185,Supplier,SKU_B,0,0,0,0
185,Supplier,SKU_C,0,0,0,0
185,Supplier,SKU_D,0,0,0,0
185,Supplier,SKU_E,0,0,0,0
185,W1,SKU_A,1508,0,0,1359
185,W1,SKU_B,402,0,0,213
185,W1,SKU_C,493,0,0,668
185,W1,SKU_D,0,0,55,95
185,W1,SKU_E,301,0,0,607
185,W2,SKU_A,726,0,0,1360
185,W2,SKU_B,491,0,0,377
185,W2,SKU_C,1371,0,0,83
185,W2,SKU_D,0,0,378,600
185,W2,SKU_E,108,0,0,0
185,R1,SKU_A,406,0,0,615
185,R1,SKU_B,444,0,0,216
185,R1,SKU_C,547,0,0,83
185,R1,SKU_D,604,0,0,229
185,R1,SKU_E,258,0,0,0
185,R2,SKU_A,452,0,0,379
185,R2,SKU_B,169,0,0,118
185,R2,SKU_C,1,0,0,177
185,R2,SKU_D,1602,0,0,0
185,R2,SKU_E,398,0,0,143
185,R3,SKU_A,1320,0,0,1106
185,R3,SKU_B,306,0,0,18
185,R3,SKU_C,832,0,0,220
185,R3,SKU_D,197,0,0,202
185,R3,SKU_E,2846,0,0,14
186,Supplier,SKU_A,0,0,0,0
186,Supplier,SKU_B,0,0,0,0
186,Supplier,SKU_C,0,0,0,0
186,Supplier,SKU_D,0,0,0,0
186,Supplier,SKU_E,0,0,0,0
186,W1,SKU_A,1467,0,0,1447
186,W1,SKU_B,355,0,0,639
186,W1,SKU_C,376,0,0,869
186,W1,SKU_D,0,0,55,95
186,W1,SKU_E,261,0,0,607
186,W2,SKU_A,845,0,0,1241
186,W2,SKU_B,322,0,0,377
186,W2,SKU_C,1194,0,0,574
186,W2,SKU_D,0,0,190,1279
186,W2,SKU_E,108,0,0,0
186,R1,SKU_A,244,0,0,615
186,R1,SKU_B,394,0,0,216
186,R1,SKU_C,451,0,0,83
186,R1,SKU_D,524,0,0,229
186,R1,SKU_E,224,0,0,0
186,R2,SKU_A,333,0,0,379
186,R2,SKU_B,119,0,0,118
186,R2,SKU_C,0,55,0,177
186,R2,SKU_D,1543,0,0,0
186,R2,SKU_E,363,0,0,143
186,R3,SKU_A,1101,0,0,1106
186,R3,SKU_B,245,0,0,335
186,R3,SKU_C,717,0,0,510
186,R3,SKU_D,88,0,0,662
186,R3,SKU_E,2777,0,0,14
187,Supplier,SKU_A,0,0,0,0
187,Supplier,SKU_B,0,0,0,0
187,Supplier,SKU_C,0,0,0,0
187,Supplier,SKU_D,0,0,0,0
187,Supplier,SKU_E,0,0,0,0
187,W1,SKU_A,1287,0,0,1447
187,W1,SKU_B,258,0,0,639
187,W1,SKU_C,107,0,0,869
187,W1,SKU_D,0,0,115,95
187,W1,SKU_E,152,0,0,607
187,W2,SKU_A,654,0,0,1241
187,W2,SKU_B,322,0,0,377
187,W2,SKU_C,1192,0,0,574
187,W2,SKU_D,0,0,190,1279
187,W2,SKU_E,108,0,0,0
187,R1,SKU_A,692,0,0,0
187,R1,SKU_B,518,0,0,0
187,R1,SKU_C,401,0,0,0
187,R1,SKU_D,659,0,0,0
187,R1,SKU_E,168,0,0,0
187,R2,SKU_A,575,0,0,201
187,R2,SKU_B,175,0,0,185
187,R2,SKU_C,65,0,0,96
187,R2,SKU_D,1477,0,0,0
187,R2,SKU_E,455,0,0,45
187,R3,SKU_A,1972,0,0,0
187,R3,SKU_B,190,0,0,317
187,R3,SKU_C,835,0,0,290
187,R3,SKU_D,197,0,0,460
187,R3,SKU_E,2702,0,0,0
188,Supplier,SKU_A,0,0,0,0
188,Supplier,SKU_B,0,0,0,0
188,Supplier,SKU_C,0,0,0,0
188,Supplier,SKU_D,0,0,0,0
188,Supplier,SKU_E,0,0,0,0
188,W1,SKU_A,2363,0,0,88
188,W1,SKU_B,386,0,0,426
188,W1,SKU_C,412,0,0,201
188,W1,SKU_D,0,0,174,0
188,W1,SKU_E,588,0,0,0
188,W2,SKU_A,228,0,0,1241
188,W2,SKU_B,322,0,0,377
188,W2,SKU_C,1088,0,0,574
188,W2,SKU_D,0,0,204,1279
188,W2,SKU_E,108,0,0,0
188,R1,SKU_A,470,0,0,207
188,R1,SKU_B,400,0,0,85
188,R1,SKU_C,233,0,0,616
188,R1,SKU_D,560,0,0,95
188,R1,SKU_E,111,0,0,229
188,R2,SKU_A,430,0,0,201
188,R2,SKU_B,103,0,0,185
188,R2,SKU_C,0,27,0,96
188,R2,SKU_D,1393,0,0,0
188,R2,SKU_E,379,0,0,45
188,R3,SKU_A,1759,0,0,0
188,R3,SKU_B,120,0,0,317
188,R3,SKU_C,730,0,0,290
188,R3,SKU_D,116,0,0,460
188,R3,SKU_E,2602,0,0,0
189,Supplier,SKU_A,0,0,0,0
189,Supplier,SKU_B,0,0,0,0
189,Supplier,SKU_C,0,0,0,0
189,Supplier,SKU_D,0,0,0,0
189,Supplier,SKU_E,0,0,0,0
189,W1,SKU_A,1920,0,0,1906
189,W1,SKU_B,222,0,0,690
189,W1,SKU_C,283,0,0,1140
189,W1,SKU_D,0,0,332,0
189,W1,SKU_E,466,0,0,293
189,W2,SKU_A,830,0,0,986
189,W2,SKU_B,643,0,0,345
189,W2,SKU_C,962,0,0,566
189,W2,SKU_D,0,0,159,1139
189,W2,SKU_E,108,0,0,0
189,R1,SKU_A,285,0,0,207
189,R1,SKU_B,309,0,0,85
189,R1,SKU_C,127,0,0,616
189,R1,SKU_D,469,0,0,95
189,R1,SKU_E,47,0,0,229
189,R2,SKU_A,313,0,0,538
189,R2,SKU_B,59,0,0,231
189,R2,SKU_C,0,117,0,262
189,R2,SKU_D,1340,0,0,0
189,R2,SKU_E,333,0,0,213
189,R3,SKU_A,1535,0,0,1256
189,R3,SKU_B,62,0,0,373
189,R3,SKU_C,652,0,0,605
189,R3,SKU_D,23,0,0,600
189,R3,SKU_E,2502,0,0,0
190,Supplier,SKU_A,0,0,0,0
190,Supplier,SKU_B,0,0,0,0
190,Supplier,SKU_C,0,0,0,0
190,Supplier,SKU_D,0,0,0,0
190,Supplier,SKU_E,0,0,0,0
190,W1,SKU_A,1512,0,0,1906
190,W1,SKU_B,0,0,31,690
190,W1,SKU_C,230,0,0,1140
190,W1,SKU_D,0,0,581,0
190,W1,SKU_E,449,0,0,293
190,W2,SKU_A,830,0,0,986
190,W2,SKU_B,585,0,0,345
190,W2,SKU_C,962,0,0,566
190,W2,SKU_D,0,0,207,1139
190,W2,SKU_E,108,0,0,0
190,R1,SKU_A,397,0,0,0
190,R1,SKU_B,346,0,0,0
190,R1,SKU_C,681,0,0,0
190,R1,SKU_D,513,0,0,0
190,R1,SKU_E,235,0,0,0
190,R2,SKU_A,422,0,0,337
190,R2,SKU_B,200,0,0,46
190,R2,SKU_C,0,59,0,166
190,R2,SKU_D,1302,0,0,0
190,R2,SKU_E,334,0,0,168
190,R3,SKU_A,1365,0,0,1256
190,R3,SKU_B,331,0,0,56
190,R3,SKU_C,867,0,0,315
190,R3,SKU_D,429,0,0,140
190,R3,SKU_E,2427,0,0,0
191,Supplier,SKU_A,0,0,0,0
191,Supplier,SKU_B,0,0,0,0
191,Supplier,SKU_C,0,0,0,0
191,Supplier,SKU_D,0,0,0,0
191,Supplier,SKU_E,0,0,0,0
191,W1,SKU_A,1005,0,0,1818
191,W1,SKU_B,50,0,0,264
191,W1,SKU_C,294,0,0,939
191,W1,SKU_D,0,0,881,0
191,W1,SKU_E,347,0,0,293
191,W2,SKU_A,830,0,0,986
191,W2,SKU_B,479,0,0,345
191,W2,SKU_C,915,0,0,566
191,W2,SKU_D,0,0,309,1139
191,W2,SKU_E,108,0,0,0
191,R1,SKU_A,272,0,0,1071
191,R1,SKU_B,296,0,0,584
191,R1,SKU_C,619,0,0,46
191,R1,SKU_D,469,0,0,0
191,R1,SKU_E,185,0,0,75
191,R2,SKU_A,334,0,0,471
191,R2,SKU_B,154,0,0,178
191,R2,SKU_C,0,102,0,310
191,R2,SKU_D,1257,0,0,0
191,R2,SKU_E,288,0,0,212
191,R3,SKU_A,1197,0,0,1256
191,R3,SKU_B,290,0,0,56
191,R3,SKU_C,786,0,0,315
191,R3,SKU_D,339,0,0,140
191,R3,SKU_E,2333,0,0,0
192,Supplier,SKU_A,0,0,0,0
192,Supplier,SKU_B,0,0,0,0
192,Supplier,SKU_C,0,0,0,0
192,Supplier,SKU_D,0,0,0,0
192,Supplier,SKU_E,0,0,0,0
192,W1,SKU_A,938,0,0,1818
192,W1,SKU_B,48,0,0,869
192,W1,SKU_C,232,0,0,939
192,W1,SKU_D,0,0,1225,1482
192,W1,SKU_E,268,0,0,649
192,W2,SKU_A,830,0,0,1111
192,W2,SKU_B,332,0,0,345
192,W2,SKU_C,1278,0,0,540
192,W2,SKU_D,638,0,0,0
192,W2,SKU_E,108,0,0,0
192,R1,SKU_A,138,0,0,1071
192,R1,SKU_B,240,0,0,584
192,R1,SKU_C,561,0,0,46
192,R1,SKU_D,421,0,0,0
192,R1,SKU_E,160,0,0,75
192,R2,SKU_A,596,0,0,134
192,R2,SKU_B,153,0,0,132
192,R2,SKU_C,34,0,0,144
192,R2,SKU_D,1205,0,0,0
192,R2,SKU_E,409,0,0,44
192,R3,SKU_A,1059,0,0,1256
192,R3,SKU_B,235,0,0,367
192,R3,SKU_C,714,0,0,490
192,R3,SKU_D,264,0,0,641
192,R3,SKU_E,2267,0,0,0
193,Supplier,SKU_A,0,0,0,0
193,Supplier,SKU_B,0,0,0,0
193,Supplier,SKU_C,0,0,0,0
193,Supplier,SKU_D,0,0,0,0
193,Supplier,SKU_E,0,0,0,0
193,W1,SKU_A,796,0,0,1818
193,W1,SKU_B,0,0,1,869
193,W1,SKU_C,92,0,0,939
193,W1,SKU_D,0,0,1617,1482
193,W1,SKU_E,117,0,0,649
193,W2,SKU_A,747,0,0,1111
193,W2,SKU_B,332,0,0,345
193,W2,SKU_C,1253,0,0,540
193,W2,SKU_D,638,0,0,0
193,W2,SKU_E,108,0,0,0
193,R1,SKU_A,1052,0,0,0
193,R1,SKU_B,767,0,0,0
193,R1,SKU_C,532,0,0,0
193,R1,SKU_D,363,0,0,0
193,R1,SKU_E,196,0,0,0
193,R2,SKU_A,516,0,0,134
193,R2,SKU_B,107,0,0,132
193,R2,SKU_C,0,11,0,144
193,R2,SKU_D,1142,0,0,0
193,R2,SKU_E,354,0,0,44
193,R3,SKU_A,2141,0,0,0
193,R3,SKU_B,240,0,0,311
193,R3,SKU_C,937,0,0,175
193,R3,SKU_D,312,0,0,501
193,R3,SKU_E,2186,0,0,0
194,Supplier,SKU_A,0,0,0,0
194,Supplier,SKU_B,0,0,0,0
194,Supplier,SKU_C,0,0,0,0
194,Supplier,SKU_D,0,0,0,0
194,Supplier,SKU_E,0,0,0,0
194,W1,SKU_A,2392,0,0,0
194,W1,SKU_B,168,0,0,605
194,W1,SKU_C,771,0,0,0
194,W1,SKU_D,0,0,2067,1482
194,W1,SKU_E,165,0,0,356
194,W2,SKU_A,490,0,0,1111
194,W2,SKU_B,332,0,0,345
194,W2,SKU_C,1136,0,0,540
194,W2,SKU_D,638,0,0,0
194,W2,SKU_E,108,0,0,0
194,R1,SKU_A,915,0,0,0
194,R1,SKU_B,720,0,0,0
194,R1,SKU_C,431,0,0,377
194,R1,SKU_D,311,0,0,0
194,R1,SKU_E,143,0,0,188
194,R2,SKU_A,556,0,0,431
194,R2,SKU_B,195,0,0,146
194,R2,SKU_C,83,0,0,85
194,R2,SKU_D,1094,0,0,0
194,R2,SKU_E,350,0,0,287
194,R3,SKU_A,1940,0,0,0
194,R3,SKU_B,179,0,0,311
194,R3,SKU_C,825,0,0,175
194,R3,SKU_D,201,0,0,501
194,R3,SKU_E,2091,0,0,0
195,Supplier,SKU_A,0,0,0,0
195,Supplier,SKU_B,0,0,0,0
195,Supplier,SKU_C,0,0,0,0
195,Supplier,SKU_D,0,0,0,0
195,Supplier,SKU_E,0,0,0,0
195,W1,SKU_A,2392,0,0,840
195,W1,SKU_B,168,0,0,605
195,W1,SKU_C,741,0,0,761
195,W1,SKU_D,0,0,2569,2714
195,W1,SKU_E,165,0,0,499
195,W2,SKU_A,1018,0,0,1088
195,W2,SKU_B,674,0,0,292
195,W2,SKU_C,982,0,0,510
195,W2,SKU_D,638,0,0,0
195,W2,SKU_E,108,0,0,0
195,R1,SKU_A,725,0,0,0
195,R1,SKU_B,614,0,0,0
195,R1,SKU_C,278,0,0,377
195,R1,SKU_D,229,0,0,0
195,R1,SKU_E,83,0,0,188
195,R2,SKU_A,427,0,0,431
195,R2,SKU_B,140,0,0,146
195,R2,SKU_C,23,0,0,85
195,R2,SKU_D,1029,0,0,0
195,R2,SKU_E,288,0,0,287
195,R3,SKU_A,1749,0,0,798
195,R3,SKU_B,120,0,0,314
195,R3,SKU_C,702,0,0,546
195,R3,SKU_D,85,0,0,501
195,R3,SKU_E,1984,0,0,0
196,Supplier,SKU_A,0,0,0,0
196,Supplier,SKU_B,0,0,0,0
196,Supplier,SKU_C,0,0,0,0
196,Supplier,SKU_D,0,0,0,0
196,Supplier,SKU_E,0,0,0,0
196,W1,SKU_A,2224,0,0,840
196,W1,SKU_B,120,0,0,605
196,W1,SKU_C,579,0,0,761
196,W1,SKU_D,0,0,3153,2714
196,W1,SKU_E,143,0,0,499
196,W2,SKU_A,1018,0,0,1088
196,W2,SKU_B,615,0,0,292
196,W2,SKU_C,982,0,0,510
196,W2,SKU_D,553,0,0,0
196,W2,SKU_E,108,0,0,0
196,R1,SKU_A,531,0,0,0
196,R1,SKU_B,537,0,0,0
196,R1,SKU_C,517,0,0,0
196,R1,SKU_D,151,0,0,0
196,R1,SKU_E,212,0,0,0
196,R2,SKU_A,278,0,0,431
196,R2,SKU_B,77,0,0,146
196,R2,SKU_C,0,40,0,85
196,R2,SKU_D,955,0,0,0
196,R2,SKU_E,243,0,0,287
196,R3,SKU_A,1539,0,0,798
196,R3,SKU_B,362,0,0,3
196,R3,SKU_C,762,0,0,371
196,R3,SKU_D,500,0,0,0
196,R3,SKU_E,1892,0,0,0
197,Supplier,SKU_A,0,0,0,0
197,Supplier,SKU_B,0,0,0,0
197,Supplier,SKU_C,0,0,0,0
197,Supplier,SKU_D,0,0,0,0
197,Supplier,SKU_E,0,0,0,0
197,W1,SKU_A,1713,0,0,1175
197,W1,SKU_B,548,0,0,418
197,W1,SKU_C,216,0,0,772
197,W1,SKU_D,0,0,2333,2584
197,W1,SKU_E,402,0,0,449
197,W2,SKU_A,957,0,0,1088
197,W2,SKU_B,487,0,0,292
197,W2,SKU_C,886,0,0,510
197,W2,SKU_D,382,0,0,0
197,W2,SKU_E,108,0,0,0
197,R1,SKU_A,414,0,0,502
197,R1,SKU_B,495,0,0,66
197,R1,SKU_C,437,0,0,282
197,R1,SKU_D,102,0,0,1482
197,R1,SKU_E,166,0,0,103
197,R2,SKU_A,625,0,0,177
197,R2,SKU_B,184,0,0,159
197,R2,SKU_C,6,0,0,273
197,R2,SKU_D,915,0,0,0
197,R2,SKU_E,477,0,0,16
197,R3,SKU_A,1376,0,0,798
197,R3,SKU_B,309,0,0,3
197,R3,SKU_C,693,0,0,371
197,R3,SKU_D,424,0,0,0
197,R3,SKU_E,1809,0,0,0
198,Supplier,SKU_A,0,0,0,0
198,Supplier,SKU_B,0,0,0,0
198,Supplier,SKU_C,0,0,0,0
198,Supplier,SKU_D,0,0,0,0
198,Supplier,SKU_E,0,0,0,0
198,W1,SKU_A,1643,0,0,1175
198,W1,SKU_B,506,0,0,418
198,W1,SKU_C,208,0,0,772
198,W1,SKU_D,0,0,2333,2584
198,W1,SKU_E,325,0,0,449
198,W2,SKU_A,858,0,0,1077
198,W2,SKU_B,306,0,0,336
198,W2,SKU_C,1186,0,0,713
198,W2,SKU_D,135,0,0,287
198,W2,SKU_E,108,0,0,0
198,R1,SKU_A,280,0,0,502
198,R1,SKU_B,458,0,0,66
198,R1,SKU_C,371,0,0,282
198,R1,SKU_D,39,0,0,1482
198,R1,SKU_E,128,0,0,103
198,R2,SKU_A,539,0,0,177
198,R2,SKU_B,143,0,0,159
198,R2,SKU_C,0,41,0,273
198,R2,SKU_D,871,0,0,0
198,R2,SKU_E,428,0,0,16
198,R3,SKU_A,1199,0,0,1083
198,R3,SKU_B,279,0,0,371
198,R3,SKU_C,613,0,0,632
198,R3,SKU_D,346,0,0,503
198,R3,SKU_E,1729,0,0,0
199,Supplier,SKU_A,0,0,0,0
199,Supplier,SKU_B,0,0,0,0
199,Supplier,SKU_C,0,0,0,0
199,Supplier,SKU_D,0,0,0,0
199,Supplier,SKU_E,0,0,0,0
199,W1,SKU_A,1390,0,0,1175
199,W1,SKU_B,395,0,0,418
199,W1,SKU_C,134,0,0,772
199,W1,SKU_D,0,0,2333,2584
199,W1,SKU_E,161,0,0,449
199,W2,SKU_A,742,0,0,1077
199,W2,SKU_B,306,0,0,336
199,W2,SKU_C,1186,0,0,713
199,W2,SKU_D,135,0,0,287
199,W2,SKU_E,108,0,0,0
199,R1,SKU_A,636,0,0,0
199,R1,SKU_B,458,0,0,0
199,R1,SKU_C,547,0,0,0
199,R1,SKU_D,1463,0,0,0
199,R1,SKU_E,184,0,0,0
199,R2,SKU_A,455,0,0,177
199,R2,SKU_B,108,0,0,159
199,R2,SKU_C,0,88,0,273
199,R2,SKU_D,822,0,0,0
199,R2,SKU_E,370,0,0,16
199,R3,SKU_A,1826,0,0,285
199,R3,SKU_B,232,0,0,368
199,R3,SKU_C,874,0,0,261
199,R3,SKU_D,274,0,0,503
199,R3,SKU_E,1644,0,0,0
200,Supplier,SKU_A,0,0,0,0
200,Supplier,SKU_B,0,0,0,0
200,Supplier,SKU_C,0,0,0,0
200,Supplier,SKU_D,0,0,0,0
200,Supplier,SKU_E,0,0,0,0
200,W1,SKU_A,1747,0,0,1608
200,W1,SKU_B,183,0,0,559
200,W1,SKU_C,702,0,0,738
200,W1,SKU_D,0,0,1101,1352
200,W1,SKU_E,35,0,0,581
200,W2,SKU_A,455,0,0,1077
200,W2,SKU_B,306,0,0,336
200,W2,SKU_C,1092,0,0,713
200,W2,SKU_D,135,0,0,287
200,W2,SKU_E,108,0,0,0
200,R1,SKU_A,494,0,0,340
200,R1,SKU_B,416,0,0,266
200,R1,SKU_C,470,0,0,262
200,R1,SKU_D,1419,0,0,1232
200,R1,SKU_E,157,0,0,195
200,R2,SKU_A,542,0,0,466
200,R2,SKU_B,225,0,0,99
200,R2,SKU_C,148,0,0,13
200,R2,SKU_D,769,0,0,0
200,R2,SKU_E,352,0,0,315
200,R3,SKU_A,1654,0,0,285
200,R3,SKU_B,188,0,0,368
200,R3,SKU_C,790,0,0,261
200,R3,SKU_D,183,0,0,503
200,R3,SKU_E,1561,0,0,0
201,Supplier,SKU_A,0,0,0,0
201,Supplier,SKU_B,0,0,0,0
201,Supplier,SKU_C,0,0,0,0
201,Supplier,SKU_D,0,0,0,0
201,Supplier,SKU_E,0,0,0,0
201,W1,SKU_A,1702,0,0,1608
201,W1,SKU_B,173,0,0,559
201,W1,SKU_C,665,0,0,738
201,W1,SKU_D,0,0,1101,1352
201,W1,SKU_E,35,0,0,581
201,W2,SKU_A,959,0,0,1159
201,W2,SKU_B,598,0,0,278
201,W2,SKU_C,959,0,0,668
201,W2,SKU_D,135,0,0,454
201,W2,SKU_E,108,0,0,0
201,R1,SKU_A,349,0,0,340
201,R1,SKU_B,367,0,0,266
201,R1,SKU_C,385,0,0,262
201,R1,SKU_D,1363,0,0,1232
201,R1,SKU_E,102,0,0,195
201,R2,SKU_A,440,0,0,466
201,R2,SKU_B,169,0,0,99
201,R2,SKU_C,96,0,0,13
201,R2,SKU_D,723,0,0,0
201,R2,SKU_E,305,0,0,315
201,R3,SKU_A,1444,0,0,1147
201,R3,SKU_B,141,0,0,368
201,R3,SKU_C,695,0,0,533
201,R3,SKU_D,74,0,0,503
201,R3,SKU_E,1476,0,0,0
202,Supplier,SKU_A,0,0,0,0
202,Supplier,SKU_B,0,0,0,0
202,Supplier,SKU_C,0,0,0,0
202,Supplier,SKU_D,0,0,0,0
202,Supplier,SKU_E,0,0,0,0
202,W1,SKU_A,1847,0,0,1273
202,W1,SKU_B,525,0,0,141
202,W1,SKU_C,507,0,0,727
202,W1,SKU_D,251,0,0,0
202,W1,SKU_E,341,0,0,275
202,W2,SKU_A,959,0,0,1159
202,W2,SKU_B,598,0,0,278
202,W2,SKU_C,958,0,0,668
202,W2,SKU_D,41,0,0,454
202,W2,SKU_E,108,0,0,0
202,R1,SKU_A,494,0,0,0
202,R1,SKU_B,529,0,0,0
202,R1,SKU_C,492,0,0,0
202,R1,SKU_D,2504,0,0,0
202,R1,SKU_E,227,0,0,0
202,R2,SKU_A,314,0,0,466
202,R2,SKU_B,105,0,0,99
202,R2,SKU_C,33,0,0,13
202,R2,SKU_D,670,0,0,0
202,R2,SKU_E,255,0,0,315
202,R3,SKU_A,1493,0,0,862
202,R3,SKU_B,419,0,0,0
202,R3,SKU_C,806,0,0,272
202,R3,SKU_D,458,0,0,0
202,R3,SKU_E,1376,0,0,0
203,Supplier,SKU_A,0,0,0,0
203,Supplier,SKU_B,0,0,0,0
203,Supplier,SKU_C,0,0,0,0
203,Supplier,SKU_D,0,0,0,0
203,Supplier,SKU_E,0,0,0,0
203,W1,SKU_A,1370,0,0,1451
203,W1,SKU_B,321,0,0,711
203,W1,SKU_C,120,0,0,894
203,W1,SKU_D,251,0,0,0
203,W1,SKU_E,275,0,0,551
203,W2,SKU_A,916,0,0,1159
203,W2,SKU_B,524,0,0,278
203,W2,SKU_C,807,0,0,668
203,W2,SKU_D,0,0,172,454
203,W2,SKU_E,108,0,0,0
203,R1,SKU_A,306,0,0,620
203,R1,SKU_B,442,0,0,74
203,R1,SKU_C,368,0,0,315
203,R1,SKU_D,2431,0,0,1101
203,R1,SKU_E,166,0,0,66
203,R2,SKU_A,633,0,0,92
203,R2,SKU_B,139,0,0,206
203,R2,SKU_C,0,13,0,278
203,R2,SKU_D,599,0,0,0
203,R2,SKU_E,508,0,0,0
203,R3,SKU_A,1260,0,0,862
203,R3,SKU_B,343,0,0,0
203,R3,SKU_C,682,0,0,272
203,R3,SKU_D,366,0,0,0
203,R3,SKU_E,1265,0,0,0
204,Supplier,SKU_A,0,0,0,0
204,Supplier,SKU_B,0,0,0,0
204,Supplier,SKU_C,0,0,0,0
204,Supplier,SKU_D,0,0,0,0
204,Supplier,SKU_E,0,0,0,0
204,W1,SKU_A,1223,0,0,1451
204,W1,SKU_B,234,0,0,711
204,W1,SKU_C,76,0,0,894
204,W1,SKU_D,251,0,0,0
204,W1,SKU_E,176,0,0,551
204,W2,SKU_A,754,0,0,1199
204,W2,SKU_B,418,0,0,364
204,W2,SKU_C,1200,0,0,448
204,W2,SKU_D,0,0,190,882
204,W2,SKU_E,108,0,0,0
204,R1,SKU_A,187,0,0,620
204,R1,SKU_B,401,0,0,74
204,R1,SKU_C,286,0,0,315
204,R1,SKU_D,2376,0,0,1101
204,R1,SKU_E,120,0,0,66
204,R2,SKU_A,544,0,0,92
204,R2,SKU_B,106,0,0,206
204,R2,SKU_C,0,57,0,278
204,R2,SKU_D,538,0,0,0
204,R2,SKU_E,470,0,0,0
204,R3,SKU_A,1109,0,0,1181
204,R3,SKU_B,305,0,0,224
204,R3,SKU_C,600,0,0,699
204,R3,SKU_D,273,0,0,422
204,R3,SKU_E,1194,0,0,0
205,Supplier,SKU_A,0,0,0,0
205,Supplier,SKU_B,0,0,0,0
205,Supplier,SKU_C,0,0,0,0
205,Supplier,SKU_D,0,0,0,0
205,Supplier,SKU_E,0,0,0,0
205,W1,SKU_A,2188,0,0,178
205,W1,SKU_B,225,0,0,570
205,W1,SKU_C,677,0,0,167
205,W1,SKU_D,251,0,0,0
205,W1,SKU_E,268,0,0,276
205,W2,SKU_A,646,0,0,1199
205,W2,SKU_B,418,0,0,364
205,W2,SKU_C,1200,0,0,448
205,W2,SKU_D,0,0,190,882
205,W2,SKU_E,108,0,0,0
205,R1,SKU_A,684,0,0,0
205,R1,SKU_B,428,0,0,0
205,R1,SKU_C,524,0,0,0
205,R1,SKU_D,3432,0,0,0
205,R1,SKU_E,152,0,0,0
205,R2,SKU_A,451,0,0,92
205,R2,SKU_B,70,0,0,206
205,R2,SKU_C,0,98,0,278
205,R2,SKU_D,507,0,0,0
205,R2,SKU_E,427,0,0,0
205,R3,SKU_A,1843,0,0,319
205,R3,SKU_B,269,0,0,224
205,R3,SKU_C,812,0,0,427
205,R3,SKU_D,211,0,0,422
205,R3,SKU_E,1120,0,0,0
206,Supplier,SKU_A,0,0,0,0
206,Supplier,SKU_B,0,0,0,0
206,Supplier,SKU_C,0,0,0,0
206,Supplier,SKU_D,0,0,0,0
206,Supplier,SKU_E,0,0,0,0
206,W1,SKU_A,1664,0,0,1815
206,W1,SKU_B,0,0,8,646
206,W1,SKU_C,456,0,0,918
206,W1,SKU_D,251,0,0,0
206,W1,SKU_E,8,0,0,656
206,W2,SKU_A,410,0,0,1199
206,W2,SKU_B,418,0,0,364
206,W2,SKU_C,1200,0,0,448
206,W2,SKU_D,0,0,228,882
206,W2,SKU_E,108,0,0,0
206,R1,SKU_A,546,0,0,267
206,R1,SKU_B,384,0,0,390
206,R1,SKU_C,447,0,0,373
206,R1,SKU_D,3374,0,0,0
206,R1,SKU_E,111,0,0,309
206,R2,SKU_A,465,0,0,712
206,R2,SKU_B,257,0,0,72
206,R2,SKU_C,150,0,0,18
206,R2,SKU_D,475,0,0,0
206,R2,SKU_E,389,0,0,233
206,R3,SKU_A,1662,0,0,319
206,R3,SKU_B,232,0,0,224
206,R3,SKU_C,746,0,0,427
206,R3,SKU_D,139,0,0,422
206,R3,SKU_E,1056,0,0,0
207,Supplier,SKU_A,0,0,0,0
207,Supplier,SKU_B,0,0,0,0
207,Supplier,SKU_C,0,0,0,0
207,Supplier,SKU_D,0,0,0,0
207,Supplier,SKU_E,0,0,0,0
207,W1,SKU_A,1598,0,0,1815
207,W1,SKU_B,0,0,13,646
207,W1,SKU_C,426,0,0,918
207,W1,SKU_D,251,0,0,0
207,W1,SKU_E,8,0,0,656
207,W2,SKU_A,1038,0,0,1044
207,W2,SKU_B,615,0,0,272
207,W2,SKU_C,1144,0,0,490
207,W2,SKU_D,0,0,171,737
207,W2,SKU_E,108,0,0,362
207,R1,SKU_A,443,0,0,267
207,R1,SKU_B,316,0,0,390
207,R1,SKU_C,380,0,0,373
207,R1,SKU_D,3322,0,0,0
207,R1,SKU_E,71,0,0,309
207,R2,SKU_A,375,0,0,712
207,R2,SKU_B,228,0,0,72
207,R2,SKU_C,99,0,0,18
207,R2,SKU_D,433,0,0,0
207,R2,SKU_E,356,0,0,233
207,R3,SKU_A,1486,0,0,1080
207,R3,SKU_B,180,0,0,261
207,R3,SKU_C,663,0,0,483
207,R3,SKU_D,52,0,0,589
207,R3,SKU_E,977,0,0,0
208,Supplier,SKU_A,0,0,0,0
208,Supplier,SKU_B,0,0,0,0
208,Supplier,SKU_C,0,0,0,0
208,Supplier,SKU_D,0,0,0,0
208,Supplier,SKU_E,0,0,0,0
208,W1,SKU_A,1607,0,0,1637
208,W1,SKU_B,523,0,0,76
208,W1,SKU_C,512,0,0,751
208,W1,SKU_D,251,0,0,0
208,W1,SKU_E,284,0,0,380
208,W2,SKU_A,1038,0,0,1044
208,W2,SKU_B,563,0,0,272
208,W2,SKU_C,1061,0,0,490
208,W2,SKU_D,0,0,201,737
208,W2,SKU_E,36,0,0,362
208,R1,SKU_A,557,0,0,0
208,R1,SKU_B,630,0,0,0
208,R1,SKU_C,659,0,0,0
208,R1,SKU_D,3255,0,0,0
208,R1,SKU_E,318,0,0,0
208,R2,SKU_A,286,0,0,712
208,R2,SKU_B,182,0,0,72
208,R2,SKU_C,73,0,0,18
208,R2,SKU_D,388,0,0,0
208,R2,SKU_E,295,0,0,233
208,R3,SKU_A,1594,0,0,761
208,R3,SKU_B,339,0,0,37
208,R3,SKU_C,975,0,0,56
208,R3,SKU_D,399,0,0,167
208,R3,SKU_E,871,0,0,0
209,Supplier,SKU_A,0,0,0,0
209,Supplier,SKU_B,0,0,0,0
209,Supplier,SKU_C,0,0,0,0
209,Supplier,SKU_D,0,0,0,0
209,Supplier,SKU_E,0,0,0,0
209,W1,SKU_A,1285,0,0,1637
209,W1,SKU_B,443,0,0,602
209,W1,SKU_C,337,0,0,772
209,W1,SKU_D,251,0,0,0
209,W1,SKU_E,266,0,0,481
209,W2,SKU_A,995,0,0,1044
209,W2,SKU_B,446,0,0,272
209,W2,SKU_C,863,0,0,490
209,W2,SKU_D,0,0,306,737
209,W2,SKU_E,0,0,142,362
209,R1,SKU_A,360,0,0,557
209,R1,SKU_B,509,0,0,0
209,R1,SKU_C,504,0,0,68
209,R1,SKU_D,3177,0,0,0
209,R1,SKU_E,260,0,0,0
209,R2,SKU_A,860,0,0,0
209,R2,SKU_B,204,0,0,127
209,R2,SKU_C,41,0,0,218
209,R2,SKU_D,326,0,0,0
209,R2,SKU_E,475,0,0,18
209,R3,SKU_A,1351,0,0,761
209,R3,SKU_B,293,0,0,37
209,R3,SKU_C,850,0,0,56
209,R3,SKU_D,297,0,0,167
209,R3,SKU_E,773,0,0,0
210,Supplier,SKU_A,0,0,0,0
210,Supplier,SKU_B,0,0,0,0
210,Supplier,SKU_C,0,0,0,0
210,Supplier,SKU_D,0,0,0,0
210,Supplier,SKU_E,0,0,0,0
210,W1,SKU_A,1273,0,0,1637
210,W1,SKU_B,346,0,0,602
210,W1,SKU_C,182,0,0,772
210,W1,SKU_D,245,0,0,0
210,W1,SKU_E,180,0,0,481
210,W2,SKU_A,863,0,0,1090
210,W2,SKU_B,413,0,0,306
210,W2,SKU_C,988,0,0,646
210,W2,SKU_D,202,0,0,529
210,W2,SKU_E,0,0,418,624
210,R1,SKU_A,129,0,0,557
210,R1,SKU_B,418,0,0,0
210,R1,SKU_C,362,0,0,68
210,R1,SKU_D,3083,0,0,0
210,R1,SKU_E,188,0,0,0
210,R2,SKU_A,728,0,0,0
210,R2,SKU_B,145,0,0,127
210,R2,SKU_C,0,36,0,218
210,R2,SKU_D,269,0,0,0
210,R2,SKU_E,437,0,0,18
210,R3,SKU_A,1101,0,0,1090
210,R3,SKU_B,233,0,0,369
210,R3,SKU_C,728,0,0,660
210,R3,SKU_D,199,0,0,680
210,R3,SKU_E,699,0,0,108
211,Supplier,SKU_A,0,0,0,0
211,Supplier,SKU_B,0,0,0,0
211,Supplier,SKU_C,0,0,0,0
211,Supplier,SKU_D,0,0,0,0
211,Supplier,SKU_E,0,0,0,0
211,W1,SKU_A,2573,0,0,0
211,W1,SKU_B,175,0,0,526
211,W1,SKU_C,620,0,0,21
211,W1,SKU_D,182,0,0,0
211,W1,SKU_E,364,0,0,101
211,W2,SKU_A,656,0,0,1090
211,W2,SKU_B,413,0,0,306
211,W2,SKU_C,988,0,0,646
211,W2,SKU_D,202,0,0,529
211,W2,SKU_E,0,0,660,624
211,R1,SKU_A,553,0,0,0
211,R1,SKU_B,366,0,0,0
211,R1,SKU_C,341,0,0,0
211,R1,SKU_D,3007,0,0,0
211,R1,SKU_E,153,0,0,0
211,R2,SKU_A,625,0,0,156
211,R2,SKU_B,111,0,0,192
211,R2,SKU_C,0,73,0,234
211,R2,SKU_D,230,0,0,69
211,R2,SKU_E,398,0,0,162
211,R3,SKU_A,1691,0,0,329
211,R3,SKU_B,226,0,0,332
211,R3,SKU_C,682,0,0,604
211,R3,SKU_D,265,0,0,513
211,R3,SKU_E,640,0,0,108
212,Supplier,SKU_A,0,0,0,0
212,Supplier,SKU_B,0,0,0,0
212,Supplier,SKU_C,0,0,0,0
212,Supplier,SKU_D,0,0,0,0
212,Supplier,SKU_E,0,0,0,0
212,W1,SKU_A,2156,0,0,1286
212,W1,SKU_B,0,0,93,766
212,W1,SKU_C,197,0,0,1091
212,W1,SKU_D,149,0,0,0
212,W1,SKU_E,224,0,0,728
212,W2,SKU_A,278,0,0,1761
212,W2,SKU_B,413,0,0,352
212,W2,SKU_C,988,0,0,646
212,W2,SKU_D,202,0,0,529
212,W2,SKU_E,0,0,961,1603
212,R1,SKU_A,404,0,0,519
212,R1,SKU_B,308,0,0,454
212,R1,SKU_C,244,0,0,838
212,R1,SKU_D,2942,0,0,0
212,R1,SKU_E,113,0,0,278
212,R2,SKU_A,526,0,0,156
212,R2,SKU_B,197,0,0,65
212,R2,SKU_C,102,0,0,16
212,R2,SKU_D,181,0,0,69
212,R2,SKU_E,371,0,0,144
212,R3,SKU_A,1497,0,0,329
212,R3,SKU_B,172,0,0,332
212,R3,SKU_C,589,0,0,604
212,R3,SKU_D,158,0,0,513
212,R3,SKU_E,551,0,0,108
213,Supplier,SKU_A,0,0,0,0
213,Supplier,SKU_B,0,0,0,0
213,Supplier,SKU_C,0,0,0,0
213,Supplier,SKU_D,0,0,0,0
213,Supplier,SKU_E,0,0,0,0
213,W1,SKU_A,1966,0,0,1286
213,W1,SKU_B,0,0,165,766
213,W1,SKU_C,117,0,0,1091
213,W1,SKU_D,67,0,0,0
213,W1,SKU_E,193,0,0,728
213,W2,SKU_A,596,0,0,871
213,W2,SKU_B,555,0,0,210
213,W2,SKU_C,994,0,0,604
213,W2,SKU_D,224,0,0,507
213,W2,SKU_E,0,0,989,1241
213,R1,SKU_A,228,0,0,519
213,R1,SKU_B,243,0,0,454
213,R1,SKU_C,140,0,0,838
213,R1,SKU_D,2863,0,0,0
213,R1,SKU_E,65,0,0,278
213,R2,SKU_A,433,0,0,156
213,R2,SKU_B,150,0,0,65
213,R2,SKU_C,51,0,0,16
213,R2,SKU_D,140,0,0,69
213,R2,SKU_E,310,0,0,144
213,R3,SKU_A,1250,0,0,1486
213,R3,SKU_B,93,0,0,332
213,R3,SKU_C,448,0,0,640
213,R3,SKU_D,9,0,0,513
213,R3,SKU_E,456,0,0,470
214,Supplier,SKU_A,0,0,0,0
214,Supplier,SKU_B,0,0,0,0
214,Supplier,SKU_C,0,0,0,0
214,Supplier,SKU_D,0,0,0,0
214,Supplier,SKU_E,0,0,0,0
214,W1,SKU_A,1551,0,0,1286
214,W1,SKU_B,242,0,0,240
214,W1,SKU_C,7,0,0,1070
214,W1,SKU_D,0,0,56,0
214,W1,SKU_E,202,0,0,627
214,W2,SKU_A,596,0,0,871
214,W2,SKU_B,487,0,0,210
214,W2,SKU_C,853,0,0,604
214,W2,SKU_D,75,0,0,507
214,W2,SKU_E,0,0,1112,1241
214,R1,SKU_A,529,0,0,0
214,R1,SKU_B,593,0,0,0
214,R1,SKU_C,801,0,0,0
214,R1,SKU_D,2750,0,0,0
214,R1,SKU_E,236,0,0,0
214,R2,SKU_A,453,0,0,564
214,R2,SKU_B,143,0,0,222
214,R2,SKU_C,0,32,0,248
214,R2,SKU_D,125,0,0,182
214,R2,SKU_E,397,0,0,123
214,R3,SKU_A,1277,0,0,1157
214,R3,SKU_B,349,0,0,0
214,R3,SKU_C,851,0,0,36
214,R3,SKU_D,353,0,0,0
214,R3,SKU_E,431,0,0,362
215,Supplier,SKU_A,0,0,0,0
215,Supplier,SKU_B,0,0,0,0
215,Supplier,SKU_C,0,0,0,0
215,Supplier,SKU_D,0,0,0,0
215,Supplier,SKU_E,0,0,0,0
215,W1,SKU_A,1201,0,0,1578
215,W1,SKU_B,232,0,0,964
215,W1,SKU_C,7,0,0,1089
215,W1,SKU_D,0,0,81,0
215,W1,SKU_E,119,0,0,653
215,W2,SKU_A,596,0,0,1555
215,W2,SKU_B,343,0,0,603
215,W2,SKU_C,511,0,0,1195
215,W2,SKU_D,0,0,243,660
215,W2,SKU_E,0,0,1368,1896
215,R1,SKU_A,277,0,0,0
215,R1,SKU_B,514,0,0,0
215,R1,SKU_C,674,0,0,0
215,R1,SKU_D,2647,0,0,0
215,R1,SKU_E,157,0,0,0
215,R2,SKU_A,339,0,0,564
215,R2,SKU_B,86,0,0,222
215,R2,SKU_C,0,108,0,248
215,R2,SKU_D,82,0,0,182
215,R2,SKU_E,352,0,0,123
215,R3,SKU_A,1014,0,0,1157
215,R3,SKU_B,263,0,0,0
215,R3,SKU_C,720,0,0,36
215,R3,SKU_D,222,0,0,0
215,R3,SKU_E,311,0,0,362
216,Supplier,SKU_A,0,0,0,0
216,Supplier,SKU_B,0,0,0,0
216,Supplier,SKU_C,0,0,0,0
216,Supplier,SKU_D,0,0,0,0
216,Supplier,SKU_E,0,0,0,0
216,W1,SKU_A,599,0,0,1578
216,W1,SKU_B,117,0,0,964
216,W1,SKU_C,0,0,104,1089
216,W1,SKU_D,0,0,149,0
216,W1,SKU_E,0,0,88,653
216,W2,SKU_A,569,0,0,1355
216,W2,SKU_B,277,0,0,439
216,W2,SKU_C,642,0,0,591
216,W2,SKU_D,0,0,185,153
216,W2,SKU_E,0,0,1482,1634
216,R1,SKU_A,117,0,0,1084
216,R1,SKU_B,426,0,0,161
216,R1,SKU_C,561,0,0,7
216,R1,SKU_D,2577,0,0,0
216,R1,SKU_E,100,0,0,176
216,R2,SKU_A,258,0,0,564
216,R2,SKU_B,37,0,0,222
216,R2,SKU_C,0,170,0,248
216,R2,SKU_D,41,0,0,182
216,R2,SKU_E,317,0,0,123
216,R3,SKU_A,800,0,0,1384
216,R3,SKU_B,197,0,0,442
216,R3,SKU_C,628,0,0,992
216,R3,SKU_D,116,0,0,731
216,R3,SKU_E,226,0,0,624
217,Supplier,SKU_A,0,0,0,0
217,Supplier,SKU_B,0,0,0,0
217,Supplier,SKU_C,0,0,0,0
217,Supplier,SKU_D,0,0,0,0
217,Supplier,SKU_E,0,0,0,0
217,W1,SKU_A,1835,0,0,292
217,W1,SKU_B,266,0,0,724
217,W1,SKU_C,687,0,0,19
217,W1,SKU_D,0,0,258,0
217,W1,SKU_E,416,0,0,26
217,W2,SKU_A,355,0,0,1713
217,W2,SKU_B,277,0,0,439
217,W2,SKU_C,642,0,0,601
217,W2,SKU_D,0,0,185,949
217,W2,SKU_E,0,0,1681,2135
217,R1,SKU_A,0,85,0,1084
217,R1,SKU_B,358,0,0,161
217,R1,SKU_C,418,0,0,7
217,R1,SKU_D,2497,0,0,0
217,R1,SKU_E,42,0,0,176
217,R2,SKU_A,706,0,0,50
217,R2,SKU_B,214,0,0,101
217,R2,SKU_C,22,0,0,178
217,R2,SKU_D,188,0,0,0
217,R2,SKU_E,403,0,0,203
217,R3,SKU_A,1757,0,0,227
217,R3,SKU_B,154,0,0,442
217,R3,SKU_C,558,0,0,956
217,R3,SKU_D,41,0,0,731
217,R3,SKU_E,518,0,0,262
218,Supplier,SKU_A,0,0,0,0
218,Supplier,SKU_B,0,0,0,0
218,Supplier,SKU_C,0,0,0,0
218,Supplier,SKU_D,0,0,0,0
218,Supplier,SKU_E,0,0,0,0
218,W1,SKU_A,1719,0,0,2105
218,W1,SKU_B,163,0,0,724
218,W1,SKU_C,385,0,0,1099
218,W1,SKU_D,0,0,402,0
218,W1,SKU_E,341,0,0,765
218,W2,SKU_A,612,0,0,1042
218,W2,SKU_B,323,0,0,393
218,W2,SKU_C,642,0,0,601
218,W2,SKU_D,0,0,185,949
218,W2,SKU_E,0,0,971,1156
218,R1,SKU_A,893,0,0,0
218,R1,SKU_B,477,0,0,0
218,R1,SKU_C,343,0,0,0
218,R1,SKU_D,2454,0,0,0
218,R1,SKU_E,174,0,0,0
218,R2,SKU_A,616,0,0,50
218,R2,SKU_B,179,0,0,101
218,R2,SKU_C,0,24,0,178
218,R2,SKU_D,156,0,0,0
218,R2,SKU_E,366,0,0,203
218,R3,SKU_A,1621,0,0,855
218,R3,SKU_B,113,0,0,442
218,R3,SKU_C,484,0,0,956
218,R3,SKU_D,0,36,0,731
218,R3,SKU_E,461,0,0,1241
219,Supplier,SKU_A,0,0,0,0
219,Supplier,SKU_B,0,0,0,0
219,Supplier,SKU_C,0,0,0,0
219,Supplier,SKU_D,0,0,0,0
219,Supplier,SKU_E,0,0,0,0
219,W1,SKU_A,1513,0,0,2105
219,W1,SKU_B,0,0,17,724
219,W1,SKU_C,0,0,43,1099
219,W1,SKU_D,0,0,578,0
219,W1,SKU_E,222,0,0,765
219,W2,SKU_A,612,0,0,1042
219,W2,SKU_B,323,0,0,393
219,W2,SKU_C,642,0,0,601
219,W2,SKU_D,0,0,185,949
219,W2,SKU_E,0,0,971,1156
219,R1,SKU_A,744,0,0,0
219,R1,SKU_B,439,0,0,226
219,R1,SKU_C,243,0,0,891
219,R1,SKU_D,2388,0,0,0
219,R1,SKU_E,137,0,0,228
219,R2,SKU_A,532,0,0,50
219,R2,SKU_B,132,0,0,101
219,R2,SKU_C,0,56,0,178
219,R2,SKU_D,94,0,0,0
219,R2,SKU_E,333,0,0,203
219,R3,SKU_A,1441,0,0,855
219,R3,SKU_B,65,0,0,442
219,R3,SKU_C,403,0,0,956
219,R3,SKU_D,0,110,0,731
219,R3,SKU_E,375,0,0,1241
220,Supplier,SKU_A,0,0,0,0
220,Supplier,SKU_B,0,0,0,0
220,Supplier,SKU_C,0,0,0,0
220,Supplier,SKU_D,0,0,0,0
220,Supplier,SKU_E,0,0,0,0
220,W1,SKU_A,1380,0,0,1813
220,W1,SKU_B,606,0,0,0
220,W1,SKU_C,0,0,100,1080
220,W1,SKU_D,0,0,816,0
220,W1,SKU_E,238,0,0,739
220,W2,SKU_A,510,0,0,1878
220,W2,SKU_B,323,0,0,553
220,W2,SKU_C,642,0,0,1148
220,W2,SKU_D,0,0,235,949
220,W2,SKU_E,0,0,971,1274
220,R1,SKU_A,616,0,0,0
220,R1,SKU_B,385,0,0,226
220,R1,SKU_C,153,0,0,891
220,R1,SKU_D,2329,0,0,0
220,R1,SKU_E,101,0,0,228
220,R2,SKU_A,506,0,0,612
220,R2,SKU_B,189,0,0,174
220,R2,SKU_C,83,0,0,20
220,R2,SKU_D,51,0,0,0
220,R2,SKU_E,498,0,0,10
220,R3,SKU_A,1513,0,0,628
220,R3,SKU_B,453,0,0,0
220,R3,SKU_C,1273,0,0,0
220,R3,SKU_D,531,0,0,0
220,R3,SKU_E,559,0,0,979
221,Supplier,SKU_A,0,0,0,0
221,Supplier,SKU_B,0,0,0,0
221,Supplier,SKU_C,0,0,0,0
221,Supplier,SKU_D,0,0,0,0
221,Supplier,SKU_E,0,0,0,0
221,W1,SKU_A,1117,0,0,1813
221,W1,SKU_B,606,0,0,432
221,W1,SKU_C,0,0,195,1098
221,W1,SKU_D,0,0,1097,147
221,W1,SKU_E,200,0,0,739
221,W2,SKU_A,937,0,0,1194
221,W2,SKU_B,676,0,0,160
221,W2,SKU_C,1233,0,0,557
221,W2,SKU_D,0,0,222,796
221,W2,SKU_E,0,0,316,619
221,R1,SKU_A,502,0,0,0
221,R1,SKU_B,567,0,0,0
221,R1,SKU_C,959,0,0,0
221,R1,SKU_D,2259,0,0,0
221,R1,SKU_E,290,0,0,0
221,R2,SKU_A,412,0,0,612
221,R2,SKU_B,156,0,0,174
221,R2,SKU_C,35,0,0,20
221,R2,SKU_D,0,5,0,0
221,R2,SKU_E,452,0,0,10
221,R3,SKU_A,1294,0,0,628
221,R3,SKU_B,400,0,0,0
221,R3,SKU_C,1169,0,0,0
221,R3,SKU_D,423,0,0,0
221,R3,SKU_E,463,0,0,979
222,Supplier,SKU_A,0,0,0,0
222,Supplier,SKU_B,0,0,0,0
222,Supplier,SKU_C,0,0,0,0
222,Supplier,SKU_D,0,0,0,0
222,Supplier,SKU_E,0,0,0,0
222,W1,SKU_A,740,0,0,1813
222,W1,SKU_B,566,0,0,432
222,W1,SKU_C,0,0,338,1098
222,W1,SKU_D,0,0,1434,147
222,W1,SKU_E,113,0,0,739
222,W2,SKU_A,461,0,0,1194
222,W2,SKU_B,583,0,0,160
222,W2,SKU_C,1173,0,0,557
222,W2,SKU_D,0,0,470,796
222,W2,SKU_E,0,0,316,619
222,R1,SKU_A,356,0,0,775
222,R1,SKU_B,505,0,0,36
222,R1,SKU_C,844,0,0,0
222,R1,SKU_D,2192,0,0,0
222,R1,SKU_E,230,0,0,3
222,R2,SKU_A,300,0,0,612
222,R2,SKU_B,101,0,0,174
222,R2,SKU_C,0,0,0,20
222,R2,SKU_D,0,65,0,0
222,R2,SKU_E,397,0,0,10
222,R3,SKU_A,1692,0,0,835
222,R3,SKU_B,351,0,0,133
222,R3,SKU_C,1059,0,0,60
222,R3,SKU_D,320,0,0,153
222,R3,SKU_E,1342,0,0,655
223,Supplier,SKU_A,0,0,0,0
223,Supplier,SKU_B,0,0,0,0
223,Supplier,SKU_C,0,0,0,0
223,Supplier,SKU_D,0,0,0,0
223,Supplier,SKU_E,0,0,0,0
223,W1,SKU_A,2553,0,0,0
223,W1,SKU_B,445,0,0,432
223,W1,SKU_C,564,0,0,18
223,W1,SKU_D,0,0,1831,147
223,W1,SKU_E,653,0,0,0
223,W2,SKU_A,819,0,0,836
223,W2,SKU_B,574,0,0,160
223,W2,SKU_C,1073,0,0,547
223,W2,SKU_D,128,0,0,0
223,W2,SKU_E,185,0,0,118
223,R1,SKU_A,104,0,0,775
223,R1,SKU_B,404,0,0,36
223,R1,SKU_C,670,0,0,0
223,R1,SKU_D,2110,0,0,0
223,R1,SKU_E,149,0,0,3
223,R2,SKU_A,797,0,0,0
223,R2,SKU_B,222,0,0,63
223,R2,SKU_C,0,34,0,516
223,R2,SKU_D,0,121,0,0
223,R2,SKU_E,341,0,0,261
223,R3,SKU_A,1396,0,0,835
223,R3,SKU_B,282,0,0,133
223,R3,SKU_C,887,0,0,60
223,R3,SKU_D,149,0,0,153
223,R3,SKU_E,1215,0,0,655
224,Supplier,SKU_A,0,0,0,0
224,Supplier,SKU_B,0,0,0,0
224,Supplier,SKU_C,0,0,0,0
224,Supplier,SKU_D,0,0,0,0
224,Supplier,SKU_E,0,0,0,0
224,W1,SKU_A,2478,0,0,789
224,W1,SKU_B,233,0,0,580
224,W1,SKU_C,507,0,0,1144
224,W1,SKU_D,0,0,2284,2640
224,W1,SKU_E,512,0,0,144
224,W2,SKU_A,652,0,0,1556
224,W2,SKU_B,496,0,0,465
224,W2,SKU_C,791,0,0,747
224,W2,SKU_D,0,0,241,664
224,W2,SKU_E,185,0,0,118
224,R1,SKU_A,615,0,0,0
224,R1,SKU_B,358,0,0,0
224,R1,SKU_C,526,0,0,0
224,R1,SKU_D,2028,0,0,0
224,R1,SKU_E,97,0,0,0
224,R2,SKU_A,657,0,0,0
224,R2,SKU_B,161,0,0,63
224,R2,SKU_C,0,110,0,516
224,R2,SKU_D,0,176,0,0
224,R2,SKU_E,271,0,0,261
224,R3,SKU_A,1135,0,0,1002
224,R3,SKU_B,221,0,0,220
224,R3,SKU_C,732,0,0,452
224,R3,SKU_D,55,0,0,949
224,R3,SKU_E,1115,0,0,971
225,Supplier,SKU_A,0,0,0,0
225,Supplier,SKU_B,0,0,0,0
225,Supplier,SKU_C,0,0,0,0
225,Supplier,SKU_D,0,0,0,0
225,Supplier,SKU_E,0,0,0,0
225,W1,SKU_A,1999,0,0,789
225,W1,SKU_B,0,0,122,580
225,W1,SKU_C,306,0,0,1144
225,W1,SKU_D,0,0,2792,2640
225,W1,SKU_E,302,0,0,144
225,W2,SKU_A,391,0,0,1556
225,W2,SKU_B,444,0,0,465
225,W2,SKU_C,746,0,0,747
225,W2,SKU_D,0,0,241,664
225,W2,SKU_E,185,0,0,118
225,R1,SKU_A,506,0,0,264
225,R1,SKU_B,321,0,0,458
225,R1,SKU_C,427,0,0,258
225,R1,SKU_D,1972,0,0,0
225,R1,SKU_E,53,0,0,397
225,R2,SKU_A,563,0,0,0
225,R2,SKU_B,118,0,0,63
225,R2,SKU_C,0,157,0,516
225,R2,SKU_D,0,224,0,0
225,R2,SKU_E,226,0,0,261
225,R3,SKU_A,956,0,0,1002
225,R3,SKU_B,169,0,0,220
225,R3,SKU_C,621,0,0,452
225,R3,SKU_D,0,28,0,949
225,R3,SKU_E,1041,0,0,971
226,Supplier,SKU_A,0,0,0,0
226,Supplier,SKU_B,0,0,0,0
226,Supplier,SKU_C,0,0,0,0
226,Supplier,SKU_D,0,0,0,0
226,Supplier,SKU_E,0,0,0,0
226,W1,SKU_A,1581,0,0,789
226,W1,SKU_B,157,0,0,148
226,W1,SKU_C,282,0,0,1126
226,W1,SKU_D,0,0,3201,2493
226,W1,SKU_E,243,0,0,144
226,W2,SKU_A,787,0,0,720
226,W2,SKU_B,500,0,0,305
226,W2,SKU_C,1137,0,0,200
226,W2,SKU_D,0,0,241,664
226,W2,SKU_E,303,0,0,0
226,R1,SKU_A,364,0,0,264
226,R1,SKU_B,275,0,0,458
226,R1,SKU_C,355,0,0,258
226,R1,SKU_D,1922,0,0,0
226,R1,SKU_E,20,0,0,397
226,R2,SKU_A,462,0,0,599
226,R2,SKU_B,137,0,0,312
226,R2,SKU_C,312,0,0,0
226,R2,SKU_D,0,288,0,147
226,R2,SKU_E,432,0,0,73
226,R3,SKU_A,1616,0,0,167
226,R3,SKU_B,259,0,0,87
226,R3,SKU_C,596,0,0,392
226,R3,SKU_D,25,0,0,796
226,R3,SKU_E,1599,0,0,316
227,Supplier,SKU_A,0,0,0,0
227,Supplier,SKU_B,0,0,0,0
227,Supplier,SKU_C,0,0,0,0
227,Supplier,SKU_D,0,0,0,0
227,Supplier,SKU_E,0,0,0,0
227,W1,SKU_A,1330,0,0,2017
227,W1,SKU_B,157,0,0,949
227,W1,SKU_C,168,0,0,1126
227,W1,SKU_D,0,0,3674,2843
227,W1,SKU_E,202,0,0,785
227,W2,SKU_A,172,0,0,1400
227,W2,SKU_B,353,0,0,320
227,W2,SKU_C,896,0,0,930
227,W2,SKU_D,0,0,241,664
227,W2,SKU_E,303,0,0,0
227,R1,SKU_A,488,0,0,0
227,R1,SKU_B,689,0,0,0
227,R1,SKU_C,547,0,0,0
227,R1,SKU_D,1868,0,0,0
227,R1,SKU_E,378,0,0,0
227,R2,SKU_A,372,0,0,599
227,R2,SKU_B,102,0,0,312
227,R2,SKU_C,262,0,0,0
227,R2,SKU_D,0,336,0,147
227,R2,SKU_E,379,0,0,73
227,R3,SKU_A,1438,0,0,1483
227,R3,SKU_B,212,0,0,390
227,R3,SKU_C,502,0,0,834
227,R3,SKU_D,0,63,0,796
227,R3,SKU_E,1528,0,0,316
228,Supplier,SKU_A,0,0,0,0
228,Supplier,SKU_B,0,0,0,0
228,Supplier,SKU_C,0,0,0,0
228,Supplier,SKU_D,0,0,0,0
228,Supplier,SKU_E,0,0,0,0
228,W1,SKU_A,939,0,0,2017
228,W1,SKU_B,157,0,0,949
228,W1,SKU_C,0,0,12,1126
228,W1,SKU_D,0,0,4195,2843
228,W1,SKU_E,108,0,0,785
228,W2,SKU_A,172,0,0,1400
228,W2,SKU_B,353,0,0,320
228,W2,SKU_C,896,0,0,930
228,W2,SKU_D,0,0,241,664
228,W2,SKU_E,303,0,0,0
228,R1,SKU_A,361,0,0,751
228,R1,SKU_B,642,0,0,12
228,R1,SKU_C,470,0,0,324
228,R1,SKU_D,1811,0,0,0
228,R1,SKU_E,348,0,0,0
228,R2,SKU_A,263,0,0,599
228,R2,SKU_B,75,0,0,312
228,R2,SKU_C,208,0,0,0
228,R2,SKU_D,0,394,0,147
228,R2,SKU_E,344,0,0,73
228,R3,SKU_A,1405,0,0,1316
228,R3,SKU_B,264,0,0,303
228,R3,SKU_C,806,0,0,442
228,R3,SKU_D,631,0,0,0
228,R3,SKU_E,1760,0,0,0
229,Supplier,SKU_A,0,0,0,0
229,Supplier,SKU_B,0,0,0,0
229,Supplier,SKU_C,0,0,0,0
229,Supplier,SKU_D,0,0,0,0
229,Supplier,SKU_E,0,0,0,0
229,W1,SKU_A,1718,0,0,1228
229,W1,SKU_B,305,0,0,801
229,W1,SKU_C,1114,0,0,0
229,W1,SKU_D,0,0,2281,350
229,W1,SKU_E,123,0,0,641
229,W2,SKU_A,172,0,0,1400
229,W2,SKU_B,353,0,0,320
229,W2,SKU_C,896,0,0,930
229,W2,SKU_D,0,0,281,664
229,W2,SKU_E,303,0,0,0
229,R1,SKU_A,198,0,0,751
229,R1,SKU_B,575,0,0,12
229,R1,SKU_C,353,0,0,324
229,R1,SKU_D,1745,0,0,0
229,R1,SKU_E,302,0,0,0
229,R2,SKU_A,780,0,0,10
229,R2,SKU_B,347,0,0,0
229,R2,SKU_C,165,0,0,0
229,R2,SKU_D,0,302,0,2493
229,R2,SKU_E,366,0,0,264
229,R3,SKU_A,1155,0,0,1316
229,R3,SKU_B,216,0,0,303
229,R3,SKU_C,691,0,0,442
229,R3,SKU_D,514,0,0,0
229,R3,SKU_E,1668,0,0,0
230,Supplier,SKU_A,0,0,0,0
230,Supplier,SKU_B,0,0,0,0
230,Supplier,SKU_C,0,0,0,0
230,Supplier,SKU_D,0,0,0,0
230,Supplier,SKU_E,0,0,0,0
230,W1,SKU_A,1636,0,0,1350
230,W1,SKU_B,289,0,0,801
230,W1,SKU_C,1031,0,0,206
230,W1,SKU_D,0,0,2281,1982
230,W1,SKU_E,123,0,0,641
230,W2,SKU_A,892,0,0,1132
230,W2,SKU_B,658,0,0,274
230,W2,SKU_C,1000,0,0,730
230,W2,SKU_D,226,0,0,541
230,W2,SKU_E,303,0,0,0
230,R1,SKU_A,740,0,0,0
230,R1,SKU_B,487,0,0,0
230,R1,SKU_C,528,0,0,0
230,R1,SKU_D,1660,0,0,0
230,R1,SKU_E,234,0,0,0
230,R2,SKU_A,636,0,0,10
230,R2,SKU_B,291,0,0,0
230,R2,SKU_C,100,0,0,0
230,R2,SKU_D,0,369,0,2493
230,R2,SKU_E,325,0,0,264
230,R3,SKU_A,894,0,0,1316
230,R3,SKU_B,145,0,0,303
230,R3,SKU_C,535,0,0,442
230,R3,SKU_D,371,0,0,0
230,R3,SKU_E,1567,0,0,0
231,Supplier,SKU_A,0,0,0,0
231,Supplier,SKU_B,0,0,0,0
231,Supplier,SKU_C,0,0,0,0
231,Supplier,SKU_D,0,0,0,0
231,Supplier,SKU_E,0,0,0,0
231,W1,SKU_A,1271,0,0,1350
231,W1,SKU_B,130,0,0,801
231,W1,SKU_C,734,0,0,206
231,W1,SKU_D,0,0,2281,1982
231,W1,SKU_E,64,0,0,641
231,W2,SKU_A,704,0,0,1132
231,W2,SKU_B,613,0,0,274
231,W2,SKU_C,748,0,0,730
231,W2,SKU_D,0,0,74,541
231,W2,SKU_E,303,0,0,0
231,R1,SKU_A,530,0,0,139
231,R1,SKU_B,414,0,0,132
231,R1,SKU_C,397,0,0,261
231,R1,SKU_D,1561,0,0,0
231,R1,SKU_E,174,0,0,59
231,R2,SKU_A,529,0,0,10
231,R2,SKU_B,241,0,0,0
231,R2,SKU_C,38,0,0,0
231,R2,SKU_D,0,415,0,2493
231,R2,SKU_E,277,0,0,264
231,R3,SKU_A,1939,0,0,0
231,R3,SKU_B,395,0,0,0
231,R3,SKU_C,862,0,0,0
231,R3,SKU_D,251,0,0,0
231,R3,SKU_E,1482,0,0,0
232,Supplier,SKU_A,0,0,0,0
232,Supplier,SKU_B,0,0,0,0
232,Supplier,SKU_C,0,0,0,0
232,Supplier,SKU_D,0,0,0,0
232,Supplier,SKU_E,0,0,0,0
232,W1,SKU_A,1956,0,0,122
232,W1,SKU_B,781,0,0,0
232,W1,SKU_C,505,0,0,206
232,W1,SKU_D,0,0,1931,1632
232,W1,SKU_E,640,0,0,0
232,W2,SKU_A,245,0,0,1132
232,W2,SKU_B,515,0,0,274
232,W2,SKU_C,381,0,0,730
232,W2,SKU_D,0,0,494,541
232,W2,SKU_E,303,0,0,0
232,R1,SKU_A,393,0,0,139
232,R1,SKU_B,374,0,0,132
232,R1,SKU_C,270,0,0,261
232,R1,SKU_D,1514,0,0,0
232,R1,SKU_E,124,0,0,59
232,R2,SKU_A,444,0,0,641
232,R2,SKU_B,189,0,0,136
232,R2,SKU_C,1,0,0,291
232,R2,SKU_D,2025,0,0,350
232,R2,SKU_E,484,0,0,5
232,R3,SKU_A,1741,0,0,647
232,R3,SKU_B,339,0,0,143
232,R3,SKU_C,758,0,0,715
232,R3,SKU_D,139,0,0,664
232,R3,SKU_E,1391,0,0,0
233,Supplier,SKU_A,0,0,0,0
233,Supplier,SKU_B,0,0,0,0
233,Supplier,SKU_C,0,0,0,0
233,Supplier,SKU_D,0,0,0,0
233,Supplier,SKU_E,0,0,0,0
233,W1,SKU_A,1609,0,0,2047
233,W1,SKU_B,675,0,0,194
233,W1,SKU_C,309,0,0,1311
233,W1,SKU_D,0,0,1931,1632
233,W1,SKU_E,473,0,0,395
233,W2,SKU_A,915,0,0,1672
233,W2,SKU_B,519,0,0,310
233,W2,SKU_C,1111,0,0,514
233,W2,SKU_D,0,0,494,928
233,W2,SKU_E,303,0,0,0
233,R1,SKU_A,378,0,0,0
233,R1,SKU_B,465,0,0,0
233,R1,SKU_C,444,0,0,0
233,R1,SKU_D,1442,0,0,0
233,R1,SKU_E,147,0,0,0
233,R2,SKU_A,331,0,0,641
233,R2,SKU_B,146,0,0,136
233,R2,SKU_C,0,34,0,291
233,R2,SKU_D,1966,0,0,350
233,R2,SKU_E,439,0,0,5
233,R3,SKU_A,1513,0,0,647
233,R3,SKU_B,304,0,0,143
233,R3,SKU_C,644,0,0,715
233,R3,SKU_D,46,0,0,664
233,R3,SKU_E,1303,0,0,0
234,Supplier,SKU_A,0,0,0,0
234,Supplier,SKU_B,0,0,0,0
234,Supplier,SKU_C,0,0,0,0
234,Supplier,SKU_D,0,0,0,0
234,Supplier,SKU_E,0,0,0,0
234,W1,SKU_A,1108,0,0,2047
234,W1,SKU_B,485,0,0,194
234,W1,SKU_C,26,0,0,1311
234,W1,SKU_D,0,0,1931,1632
234,W1,SKU_E,225,0,0,395
234,W2,SKU_A,677,0,0,1672
234,W2,SKU_B,473,0,0,310
234,W2,SKU_C,1111,0,0,514
234,W2,SKU_D,0,0,494,928
234,W2,SKU_E,303,0,0,0
234,R1,SKU_A,229,0,0,1058
234,R1,SKU_B,396,0,0,292
234,R1,SKU_C,353,0,0,548
234,R1,SKU_D,1364,0,0,0
234,R1,SKU_E,106,0,0,316
234,R2,SKU_A,227,0,0,641
234,R2,SKU_B,100,0,0,136
234,R2,SKU_C,0,75,0,291
234,R2,SKU_D,1913,0,0,350
234,R2,SKU_E,388,0,0,5
234,R3,SKU_A,1292,0,0,647
234,R3,SKU_B,262,0,0,143
234,R3,SKU_C,552,0,0,715
234,R3,SKU_D,0,78,0,664
234,R3,SKU_E,1209,0,0,0
235,Supplier,SKU_A,0,0,0,0
235,Supplier,SKU_B,0,0,0,0
235,Supplier,SKU_C,0,0,0,0
235,Supplier,SKU_D,0,0,0,0
235,Supplier,SKU_E,0,0,0,0
235,W1,SKU_A,1226,0,0,1925
235,W1,SKU_B,387,0,0,194
235,W1,SKU_C,232,0,0,1105
235,W1,SKU_D,0,0,299,0
235,W1,SKU_E,72,0,0,395
235,W2,SKU_A,218,0,0,1672
235,W2,SKU_B,385,0,0,310
235,W2,SKU_C,1111,0,0,514
235,W2,SKU_D,0,0,579,928
235,W2,SKU_E,303,0,0,0
235,R1,SKU_A,71,0,0,1058
235,R1,SKU_B,337,0,0,292
235,R1,SKU_C,245,0,0,548
235,R1,SKU_D,1296,0,0,0
235,R1,SKU_E,59,0,0,316
235,R2,SKU_A,746,0,0,4
235,R2,SKU_B,194,0,0,159
235,R2,SKU_C,157,0,0,0
235,R2,SKU_D,2211,0,0,1632
235,R2,SKU_E,343,0,0,312
235,R3,SKU_A,1068,0,0,1354
235,R3,SKU_B,207,0,0,288
235,R3,SKU_C,420,0,0,715
235,R3,SKU_D,0,212,0,664
235,R3,SKU_E,1111,0,0,0
236,Supplier,SKU_A,0,0,0,0
236,Supplier,SKU_B,0,0,0,0
236,Supplier,SKU_C,0,0,0,0
236,Supplier,SKU_D,0,0,0,0
236,Supplier,SKU_E,0,0,0,0
236,W1,SKU_A,1104,0,0,1925
236,W1,SKU_B,387,0,0,624
236,W1,SKU_C,191,0,0,1105
236,W1,SKU_D,0,0,299,0
236,W1,SKU_E,72,0,0,526
236,W2,SKU_A,670,0,0,1302
236,W2,SKU_B,644,0,0,295
236,W2,SKU_C,1017,0,0,617
236,W2,SKU_D,0,0,257,843
236,W2,SKU_E,303,0,0,0
236,R1,SKU_A,972,0,0,0
236,R1,SKU_B,545,0,0,0
236,R1,SKU_C,672,0,0,0
236,R1,SKU_D,1235,0,0,0
236,R1,SKU_E,320,0,0,0
236,R2,SKU_A,665,0,0,4
236,R2,SKU_B,147,0,0,159
236,R2,SKU_C,96,0,0,0
236,R2,SKU_D,2179,0,0,1632
236,R2,SKU_E,299,0,0,312
236,R3,SKU_A,1488,0,0,707
236,R3,SKU_B,276,0,0,145
236,R3,SKU_C,1016,0,0,0
236,R3,SKU_D,332,0,0,0
236,R3,SKU_E,1004,0,0,0
237,Supplier,SKU_A,0,0,0,0
237,Supplier,SKU_B,0,0,0,0
237,Supplier,SKU_C,0,0,0,0
237,Supplier,SKU_D,0,0,0,0
237,Supplier,SKU_E,0,0,0,0
237,W1,SKU_A,901,0,0,1925
237,W1,SKU_B,301,0,0,624
237,W1,SKU_C,34,0,0,1105
237,W1,SKU_D,0,0,299,0
237,W1,SKU_E,72,0,0,526
237,W2,SKU_A,467,0,0,1302
237,W2,SKU_B,572,0,0,295
237,W2,SKU_C,804,0,0,617
237,W2,SKU_D,0,0,596,843
237,W2,SKU_E,258,0,0,0
237,R1,SKU_A,757,0,0,0
237,R1,SKU_B,425,0,0,0
237,R1,SKU_C,499,0,0,0
237,R1,SKU_D,1120,0,0,0
237,R1,SKU_E,261,0,0,0
237,R2,SKU_A,531,0,0,4
237,R2,SKU_B,91,0,0,159
237,R2,SKU_C,29,0,0,0
237,R2,SKU_D,2130,0,0,1632
237,R2,SKU_E,234,0,0,312
237,R3,SKU_A,1222,0,0,707
237,R3,SKU_B,206,0,0,145
237,R3,SKU_C,835,0,0,0
237,R3,SKU_D,173,0,0,0
237,R3,SKU_E,894,0,0,0
238,Supplier,SKU_A,0,0,0,0
238,Supplier,SKU_B,0,0,0,0
238,Supplier,SKU_C,0,0,0,0
238,Supplier,SKU_D,0,0,0,0
238,Supplier,SKU_E,0,0,0,0
238,W1,SKU_A,2367,0,0,0
238,W1,SKU_B,233,0,0,430
238,W1,SKU_C,742,0,0,0
238,W1,SKU_D,0,0,299,0
238,W1,SKU_E,435,0,0,131
238,W2,SKU_A,0,0,2,1302
238,W2,SKU_B,430,0,0,295
238,W2,SKU_C,410,0,0,617
238,W2,SKU_D,0,0,1094,843
238,W2,SKU_E,103,0,0,0
238,R1,SKU_A,546,0,0,0
238,R1,SKU_B,317,0,0,0
238,R1,SKU_C,346,0,0,0
238,R1,SKU_D,1026,0,0,0
238,R1,SKU_E,175,0,0,0
238,R2,SKU_A,392,0,0,662
238,R2,SKU_B,188,0,0,112
238,R2,SKU_C,0,22,0,312
238,R2,SKU_D,3711,0,0,0
238,R2,SKU_E,495,0,0,0
238,R3,SKU_A,946,0,0,1377
238,R3,SKU_B,159,0,0,359
238,R3,SKU_C,695,0,0,701
238,R3,SKU_D,42,0,0,541
238,R3,SKU_E,785,0,0,200
239,Supplier,SKU_A,0,0,0,0
239,Supplier,SKU_B,0,0,0,0
239,Supplier,SKU_C,0,0,0,0
239,Supplier,SKU_D,0,0,0,0
239,Supplier,SKU_E,0,0,0,0
239,W1,SKU_A,2034,0,0,1097
239,W1,SKU_B,0,0,87,852
239,W1,SKU_C,361,0,0,782
239,W1,SKU_D,0,0,299,0
239,W1,SKU_E,266,0,0,762
239,W2,SKU_A,1143,0,0,1573
239,W2,SKU_B,481,0,0,355
239,W2,SKU_C,924,0,0,962
239,W2,SKU_D,0,0,795,1637
239,W2,SKU_E,39,0,0,464
239,R1,SKU_A,394,0,0,455
239,R1,SKU_B,249,0,0,469
239,R1,SKU_C,225,0,0,664
239,R1,SKU_D,961,0,0,0
239,R1,SKU_E,115,0,0,150
239,R2,SKU_A,289,0,0,662
239,R2,SKU_B,151,0,0,112
239,R2,SKU_C,0,62,0,312
239,R2,SKU_D,3669,0,0,0
239,R2,SKU_E,449,0,0,0
239,R3,SKU_A,1420,0,0,670
239,R3,SKU_B,268,0,0,214
239,R3,SKU_C,588,0,0,701
239,R3,SKU_D,0,69,0,541
239,R3,SKU_E,690,0,0,200
240,Supplier,SKU_A,0,0,0,0
240,Supplier,SKU_B,0,0,0,0
240,Supplier,SKU_C,0,0,0,0
240,Supplier,SKU_D,0,0,0,0
240,Supplier,SKU_E,0,0,0,0
240,W1,SKU_A,2004,0,0,1097
240,W1,SKU_B,0,0,158,852
240,W1,SKU_C,361,0,0,782
240,W1,SKU_D,0,0,299,0
240,W1,SKU_E,141,0,0,762
240,W2,SKU_A,835,0,0,1573
240,W2,SKU_B,470,0,0,355
240,W2,SKU_C,924,0,0,962
240,W2,SKU_D,0,0,994,1637
240,W2,SKU_E,0,0,120,464
240,R1,SKU_A,236,0,0,455
240,R1,SKU_B,157,0,0,469
240,R1,SKU_C,116,0,0,664
240,R1,SKU_D,886,0,0,0
240,R1,SKU_E,49,0,0,150
240,R2,SKU_A,172,0,0,662
240,R2,SKU_B,92,0,0,112
240,R2,SKU_C,0,104,0,312
240,R2,SKU_D,3603,0,0,0
240,R2,SKU_E,397,0,0,0
240,R3,SKU_A,1183,0,0,670
240,R3,SKU_B,211,0,0,214
240,R3,SKU_C,489,0,0,701
240,R3,SKU_D,0,207,0,541
240,R3,SKU_E,575,0,0,200
241,Supplier,SKU_A,0,0,0,0
241,Supplier,SKU_B,0,0,0,0
241,Supplier,SKU_C,0,0,0,0
241,Supplier,SKU_D,0,0,0,0
241,Supplier,SKU_E,0,0,0,0
241,W1,SKU_A,1778,0,0,1097
241,W1,SKU_B,142,0,0,422
241,W1,SKU_C,361,0,0,782
241,W1,SKU_D,0,0,299,0
241,W1,SKU_E,29,0,0,631
241,W2,SKU_A,290,0,0,1573
241,W2,SKU_B,402,0,0,355
241,W2,SKU_C,885,0,0,962
241,W2,SKU_D,0,0,1331,1637
241,W2,SKU_E,0,0,394,464
241,R1,SKU_A,459,0,0,0
241,R1,SKU_B,508,0,0,0
241,R1,SKU_C,637,0,0,0
241,R1,SKU_D,795,0,0,0
241,R1,SKU_E,128,0,0,0
241,R2,SKU_A,719,0,0,38
241,R2,SKU_B,154,0,0,235
241,R2,SKU_C,159,0,0,0
241,R2,SKU_D,3555,0,0,0
241,R2,SKU_E,345,0,0,297
241,R3,SKU_A,854,0,0,1600
241,R3,SKU_B,131,0,0,293
241,R3,SKU_C,312,0,0,740
241,R3,SKU_D,0,373,0,928
241,R3,SKU_E,429,0,0,303
242,Supplier,SKU_A,0,0,0,0
242,Supplier,SKU_B,0,0,0,0
242,Supplier,SKU_C,0,0,0,0
242,Supplier,SKU_D,0,0,0,0
242,Supplier,SKU_E,0,0,0,0
242,W1,SKU_A,1243,0,0,1746
242,W1,SKU_B,47,0,0,1074
242,W1,SKU_C,232,0,0,988
242,W1,SKU_D,0,0,317,0
242,W1,SKU_E,0,0,136,690
242,W2,SKU_A,372,0,0,1568
242,W2,SKU_B,577,0,0,317
242,W2,SKU_C,811,0,0,859
242,W2,SKU_D,0,0,991,1184
242,W2,SKU_E,0,0,711,1144
242,R1,SKU_A,252,0,0,638
242,R1,SKU_B,406,0,0,148
242,R1,SKU_C,513,0,0,90
242,R1,SKU_D,705,0,0,0
242,R1,SKU_E,34,0,0,151
242,R2,SKU_A,594,0,0,38
242,R2,SKU_B,121,0,0,235
242,R2,SKU_C,120,0,0,0
242,R2,SKU_D,3484,0,0,0
242,R2,SKU_E,290,0,0,297
242,R3,SKU_A,1168,0,0,930
242,R3,SKU_B,281,0,0,79
242,R3,SKU_C,850,0,0,39
242,R3,SKU_D,0,17,0,387
242,R3,SKU_E,496,0,0,103
243,Supplier,SKU_A,0,0,0,0
243,Supplier,SKU_B,0,0,0,0
243,Supplier,SKU_C,0,0,0,0
243,Supplier,SKU_D,0,0,0,0
243,Supplier,SKU_E,0,0,0,0
243,W1,SKU_A,1003,0,0,1746
243,W1,SKU_B,0,0,2,1074
243,W1,SKU_C,30,0,0,988
243,W1,SKU_D,0,0,425,0
243,W1,SKU_E,0,0,244,690
243,W2,SKU_A,72,0,0,1568
243,W2,SKU_B,444,0,0,317
243,W2,SKU_C,471,0,0,859
243,W2,SKU_D,0,0,1292,1184
243,W2,SKU_E,0,0,1161,1144
243,R1,SKU_A,252,0,0,638
243,R1,SKU_B,405,0,0,148
243,R1,SKU_C,512,0,0,90
243,R1,SKU_D,705,0,0,0
243,R1,SKU_E,34,0,0,151
243,R2,SKU_A,594,0,0,38
243,R2,SKU_B,121,0,0,235
243,R2,SKU_C,120,0,0,0
243,R2,SKU_D,3483,0,0,0
243,R2,SKU_E,290,0,0,297
243,R3,SKU_A,1168,0,0,930
243,R3,SKU_B,280,0,0,79
243,R3,SKU_C,850,0,0,39
243,R3,SKU_D,0,17,0,387
243,R3,SKU_E,496,0,0,103
244,Supplier,SKU_A,0,0,0,0
244,Supplier,SKU_B,0,0,0,0
244,Supplier,SKU_C,0,0,0,0
244,Supplier,SKU_D,0,0,0,0
244,Supplier,SKU_E,0,0,0,0
244,W1,SKU_A,1860,0,0,649
244,W1,SKU_B,370,0,0,652
244,W1,SKU_C,609,0,0,206
244,W1,SKU_D,0,0,533,0
244,W1,SKU_E,279,0,0,59
244,W2,SKU_A,0,0,228,2280
244,W2,SKU_B,310,0,0,317
244,W2,SKU_C,131,0,0,1113
244,W2,SKU_D,0,0,1593,1887
244,W2,SKU_E,0,0,1611,2234
244,R1,SKU_A,706,0,0,0
244,R1,SKU_B,470,0,0,0
244,R1,SKU_C,469,0,0,0
244,R1,SKU_D,637,0,0,0
244,R1,SKU_E,126,0,0,0
244,R2,SKU_A,536,0,0,595
244,R2,SKU_B,312,0,0,0
244,R2,SKU_C,64,0,0,195
244,R2,SKU_D,3450,0,0,0
244,R2,SKU_E,535,0,0,0
244,R3,SKU_A,925,0,0,1302
244,R3,SKU_B,233,0,0,415
244,R3,SKU_C,688,0,0,896
244,R3,SKU_D,0,155,0,843
244,R3,SKU_E,403,0,0,103
245,Supplier,SKU_A,0,0,0,0
245,Supplier,SKU_B,0,0,0,0
245,Supplier,SKU_C,0,0,0,0
245,Supplier,SKU_D,0,0,0,0
245,Supplier,SKU_E,0,0,0,0
245,W1,SKU_A,1687,0,0,1472
245,W1,SKU_B,215,0,0,652
245,W1,SKU_C,351,0,0,886
245,W1,SKU_D,0,0,709,0
245,W1,SKU_E,101,0,0,997
245,W2,SKU_A,1092,0,0,789
245,W2,SKU_B,421,0,0,206
245,W2,SKU_C,990,0,0,254
245,W2,SKU_D,0,0,412,706
245,W2,SKU_E,0,0,1690,1770
245,R1,SKU_A,570,0,0,173
245,R1,SKU_B,413,0,0,232
245,R1,SKU_C,370,0,0,507
245,R1,SKU_D,589,0,0,0
245,R1,SKU_E,78,0,0,519
245,R2,SKU_A,446,0,0,595
245,R2,SKU_B,285,0,0,0
245,R2,SKU_C,24,0,0,195
245,R2,SKU_D,3405,0,0,0
245,R2,SKU_E,500,0,0,0
245,R3,SKU_A,1689,0,0,771
245,R3,SKU_B,273,0,0,336
245,R3,SKU_C,648,0,0,857
245,R3,SKU_D,145,0,0,1637
245,R3,SKU_E,435,0,0,464
246,Supplier,SKU_A,0,0,0,0
246,Supplier,SKU_B,0,0,0,0
246,Supplier,SKU_C,0,0,0,0
246,Supplier,SKU_D,0,0,0,0
246,Supplier,SKU_E,0,0,0,0
246,W1,SKU_A,1551,0,0,1472
246,W1,SKU_B,166,0,0,652
246,W1,SKU_C,351,0,0,886
246,W1,SKU_D,0,0,933,0
246,W1,SKU_E,55,0,0,997
246,W2,SKU_A,1092,0,0,957
246,W2,SKU_B,421,0,0,339
246,W2,SKU_C,990,0,0,403
246,W2,SKU_D,0,0,412,806
246,W2,SKU_E,0,0,1840,2366
246,R1,SKU_A,459,0,0,173
246,R1,SKU_B,361,0,0,232
246,R1,SKU_C,286,0,0,507
246,R1,SKU_D,537,0,0,0
246,R1,SKU_E,41,0,0,519
246,R2,SKU_A,384,0,0,595
246,R2,SKU_B,256,0,0,0
246,R2,SKU_C,0,10,0,195
246,R2,SKU_D,3371,0,0,0
246,R2,SKU_E,473,0,0,0
246,R3,SKU_A,1570,0,0,771
246,R3,SKU_B,232,0,0,336
246,R3,SKU_C,582,0,0,857
246,R3,SKU_D,73,0,0,1637
246,R3,SKU_E,383,0,0,464
247,Supplier,SKU_A,0,0,0,0
247,Supplier,SKU_B,0,0,0,0
247,Supplier,SKU_C,0,0,0,0
247,Supplier,SKU_D,0,0,0,0
247,Supplier,SKU_E,0,0,0,0
247,W1,SKU_A,1953,0,0,823
247,W1,SKU_B,730,0,0,0
247,W1,SKU_C,544,0,0,680
247,W1,SKU_D,0,0,1209,0
247,W1,SKU_E,41,0,0,938
247,W2,SKU_A,1035,0,0,957
247,W2,SKU_B,421,0,0,339
247,W2,SKU_C,990,0,0,403
247,W2,SKU_D,0,0,412,806
247,W2,SKU_E,0,0,2042,2366
247,R1,SKU_A,537,0,0,0
247,R1,SKU_B,542,0,0,0
247,R1,SKU_C,711,0,0,0
247,R1,SKU_D,480,0,0,0
247,R1,SKU_E,531,0,0,0
247,R2,SKU_A,915,0,0,0
247,R2,SKU_B,232,0,0,149
247,R2,SKU_C,151,0,0,13
247,R2,SKU_D,3317,0,0,0
247,R2,SKU_E,451,0,0,130
247,R3,SKU_A,1435,0,0,771
247,R3,SKU_B,184,0,0,336
247,R3,SKU_C,520,0,0,857
247,R3,SKU_D,0,9,0,1637
247,R3,SKU_E,330,0,0,464
248,Supplier,SKU_A,0,0,0,0
248,Supplier,SKU_B,0,0,0,0
248,Supplier,SKU_C,0,0,0,0
248,Supplier,SKU_D,0,0,0,0
248,Supplier,SKU_E,0,0,0,0
248,W1,SKU_A,1611,0,0,823
248,W1,SKU_B,669,0,0,0
248,W1,SKU_C,494,0,0,680
248,W1,SKU_D,0,0,1542,0
248,W1,SKU_E,41,0,0,938
248,W2,SKU_A,920,0,0,880
248,W2,SKU_B,627,0,0,133
248,W2,SKU_C,990,0,0,403
248,W2,SKU_D,0,0,409,803
248,W2,SKU_E,0,0,1617,1686
248,R1,SKU_A,431,0,0,725
248,R1,SKU_B,495,0,0,71
248,R1,SKU_C,631,0,0,16
248,R1,SKU_D,427,0,0,0
248,R1,SKU_E,499,0,0,0
248,R2,SKU_A,835,0,0,0
248,R2,SKU_B,199,0,0,149
248,R2,SKU_C,110,0,0,13
248,R2,SKU_D,3295,0,0,0
248,R2,SKU_E,415,0,0,130
248,R3,SKU_A,1649,0,0,399
248,R3,SKU_B,475,0,0,0
248,R3,SKU_C,1295,0,0,0
248,R3,SKU_D,374,0,0,1181
248,R3,SKU_E,264,0,0,464
249,Supplier,SKU_A,0,0,0,0
249,Supplier,SKU_B,0,0,0,0
249,Supplier,SKU_C,0,0,0,0
249,Supplier,SKU_D,0,0,0,0
249,Supplier,SKU_E,0,0,0,0
249,W1,SKU_A,1574,0,0,1438
249,W1,SKU_B,632,0,0,452
249,W1,SKU_C,339,0,0,893
249,W1,SKU_D,0,0,1928,0
249,W1,SKU_E,40,0,0,938
249,W2,SKU_A,570,0,0,1320
249,W2,SKU_B,609,0,0,262
249,W2,SKU_C,990,0,0,702
249,W2,SKU_D,0,0,409,803
249,W2,SKU_E,0,0,1938,1920
249,R1,SKU_A,302,0,0,725
249,R1,SKU_B,432,0,0,71
249,R1,SKU_C,550,0,0,16
249,R1,SKU_D,375,0,0,0
249,R1,SKU_E,453,0,0,0
249,R2,SKU_A,748,0,0,0
249,R2,SKU_B,143,0,0,149
249,R2,SKU_C,77,0,0,13
249,R2,SKU_D,3247,0,0,0
249,R2,SKU_E,365,0,0,130
249,R3,SKU_A,1839,0,0,599
249,R3,SKU_B,432,0,0,18
249,R3,SKU_C,1171,0,0,0
249,R3,SKU_D,1435,0,0,3
249,R3,SKU_E,640,0,0,680
250,Supplier,SKU_A,0,0,0,0
250,Supplier,SKU_B,0,0,0,0
250,Supplier,SKU_C,0,0,0,0
250,Supplier,SKU_D,0,0,0,0
250,Supplier,SKU_E,0,0,0,0
250,W1,SKU_A,2273,0,0,615
250,W1,SKU_B,490,0,0,452
250,W1,SKU_C,750,0,0,213
250,W1,SKU_D,0,0,2366,0
250,W1,SKU_E,927,0,0,0
250,W2,SKU_A,1282,0,0,608
250,W2,SKU_B,566,0,0,262
250,W2,SKU_C,1186,0,0,448
250,W2,SKU_D,294,0,0,100
250,W2,SKU_E,0,0,848,830
250,R1,SKU_A,912,0,0,0
250,R1,SKU_B,448,0,0,0
250,R1,SKU_C,472,0,0,0
250,R1,SKU_D,305,0,0,0
250,R1,SKU_E,412,0,0,0
250,R2,SKU_A,674,0,0,161
250,R2,SKU_B,249,0,0,42
250,R2,SKU_C,49,0,0,217
250,R2,SKU_D,3209,0,0,0
250,R2,SKU_E,453,0,0,52
250,R3,SKU_A,1650,0,0,599
250,R3,SKU_B,387,0,0,61
250,R3,SKU_C,1082,0,0,58
250,R3,SKU_D,1337,0,0,412
250,R3,SKU_E,549,0,0,1770
251,Supplier,SKU_A,0,0,0,0
251,Supplier,SKU_B,0,0,0,0
251,Supplier,SKU_C,0,0,0,0
251,Supplier,SKU_D,0,0,0,0
251,Supplier,SKU_E,0,0,0,0
251,W1,SKU_A,2236,0,0,615
251,W1,SKU_B,292,0,0,452
251,W1,SKU_C,495,0,0,213
251,W1,SKU_D,0,0,2874,0
251,W1,SKU_E,886,0,0,0
251,W2,SKU_A,1133,0,0,608
251,W2,SKU_B,521,0,0,262
251,W2,SKU_C,1097,0,0,448
251,W2,SKU_D,294,0,0,100
251,W2,SKU_E,0,0,848,830
251,R1,SKU_A,764,0,0,0
251,R1,SKU_B,368,0,0,292
251,R1,SKU_C,385,0,0,496
251,R1,SKU_D,235,0,0,0
251,R1,SKU_E,363,0,0,0
251,R2,SKU_A,587,0,0,161
251,R2,SKU_B,188,0,0,42
251,R2,SKU_C,0,2,0,217
251,R2,SKU_D,3173,0,0,0
251,R2,SKU_E,410,0,0,52
251,R3,SKU_A,1452,0,0,599
251,R3,SKU_B,335,0,0,61
251,R3,SKU_C,970,0,0,58
251,R3,SKU_D,1241,0,0,412
251,R3,SKU_E,456,0,0,1770
252,Supplier,SKU_A,0,0,0,0
252,Supplier,SKU_B,0,0,0,0
252,Supplier,SKU_C,0,0,0,0
252,Supplier,SKU_D,0,0,0,0
252,Supplier,SKU_E,0,0,0,0
252,W1,SKU_A,1997,0,0,1194
252,W1,SKU_B,188,0,0,587
252,W1,SKU_C,495,0,0,823
252,W1,SKU_D,0,0,3452,1757
252,W1,SKU_E,802,0,0,0
252,W2,SKU_A,954,0,0,1214
252,W2,SKU_B,557,0,0,274
252,W2,SKU_C,1045,0,0,589
252,W2,SKU_D,394,0,0,0
252,W2,SKU_E,0,0,252,284
252,R1,SKU_A,596,0,0,0
252,R1,SKU_B,309,0,0,292
252,R1,SKU_C,270,0,0,496
252,R1,SKU_D,166,0,0,0
252,R1,SKU_E,316,0,0,0
252,R2,SKU_A,488,0,0,322
252,R2,SKU_B,138,0,0,189
252,R2,SKU_C,0,41,0,217
252,R2,SKU_D,3117,0,0,0
252,R2,SKU_E,369,0,0,177
252,R3,SKU_A,1270,0,0,599
252,R3,SKU_B,293,0,0,61
252,R3,SKU_C,873,0,0,58
252,R3,SKU_D,1157,0,0,412
252,R3,SKU_E,373,0,0,1770
253,Supplier,SKU_A,0,0,0,0
253,Supplier,SKU_B,0,0,0,0
253,Supplier,SKU_C,0,0,0,0
253,Supplier,SKU_D,0,0,0,0
253,Supplier,SKU_E,0,0,0,0
253,W1,SKU_A,1652,0,0,1194
253,W1,SKU_B,179,0,0,587
253,W1,SKU_C,473,0,0,823
253,W1,SKU_D,0,0,4099,1757
253,W1,SKU_E,802,0,0,0
253,W2,SKU_A,425,0,0,1214
253,W2,SKU_B,418,0,0,274
253,W2,SKU_C,747,0,0,589
253,W2,SKU_D,394,0,0,0
253,W2,SKU_E,0,0,252,284
253,R1,SKU_A,486,0,0,0
253,R1,SKU_B,559,0,0,0
253,R1,SKU_C,695,0,0,0
253,R1,SKU_D,115,0,0,0
253,R1,SKU_E,282,0,0,0
253,R2,SKU_A,567,0,0,161
253,R2,SKU_B,145,0,0,147
253,R2,SKU_C,139,0,0,0
253,R2,SKU_D,3072,0,0,0
253,R2,SKU_E,389,0,0,125
253,R3,SKU_A,1724,0,0,1025
253,R3,SKU_B,253,0,0,324
253,R3,SKU_C,787,0,0,646
253,R3,SKU_D,1077,0,0,409
253,R3,SKU_E,970,0,0,1686
254,Supplier,SKU_A,0,0,0,0
254,Supplier,SKU_B,0,0,0,0
254,Supplier,SKU_C,0,0,0,0
254,Supplier,SKU_D,0,0,0,0
254,Supplier,SKU_E,0,0,0,0
254,W1,SKU_A,1730,0,0,579
254,W1,SKU_B,545,0,0,135
254,W1,SKU_C,595,0,0,610
254,W1,SKU_D,0,0,4797,1757
254,W1,SKU_E,759,0,0,0
254,W2,SKU_A,425,0,0,1214
254,W2,SKU_B,418,0,0,274
254,W2,SKU_C,747,0,0,589
254,W2,SKU_D,394,0,0,0
254,W2,SKU_E,0,0,252,284
254,R1,SKU_A,374,0,0,791
254,R1,SKU_B,520,0,0,46
254,R1,SKU_C,648,0,0,32
254,R1,SKU_D,70,0,0,0
254,R1,SKU_E,251,0,0,11
254,R2,SKU_A,494,0,0,161
254,R2,SKU_B,120,0,0,147
254,R2,SKU_C,119,0,0,0
254,R2,SKU_D,3030,0,0,0
254,R2,SKU_E,358,0,0,125
254,R3,SKU_A,1570,0,0,1025
254,R3,SKU_B,260,0,0,281
254,R3,SKU_C,783,0,0,588
254,R3,SKU_D,1419,0,0,0
254,R3,SKU_E,1988,0,0,596
255,Supplier,SKU_A,0,0,0,0
255,Supplier,SKU_B,0,0,0,0
255,Supplier,SKU_C,0,0,0,0
255,Supplier,SKU_D,0,0,0,0
255,Supplier,SKU_E,0,0,0,0
255,W1,SKU_A,1513,0,0,1433
255,W1,SKU_B,441,0,0,680
255,W1,SKU_C,469,0,0,670
255,W1,SKU_D,0,0,5540,4397
255,W1,SKU_E,665,0,0,88
255,W2,SKU_A,865,0,0,940
255,W2,SKU_B,547,0,0,287
255,W2,SKU_C,1046,0,0,548
255,W2,SKU_D,394,0,0,0
255,W2,SKU_E,234,0,252,50
255,R1,SKU_A,282,0,0,791
255,R1,SKU_B,476,0,0,46
255,R1,SKU_C,572,0,0,32
255,R1,SKU_D,25,0,0,0
255,R1,SKU_E,226,0,0,11
255,R2,SKU_A,573,0,0,423
255,R2,SKU_B,243,0,0,116
255,R2,SKU_C,96,0,0,160
255,R2,SKU_D,2987,0,0,0
255,R2,SKU_E,440,0,0,95
255,R3,SKU_A,1405,0,0,1025
255,R3,SKU_B,233,0,0,281
255,R3,SKU_C,720,0,0,588
255,R3,SKU_D,1367,0,0,0
255,R3,SKU_E,1943,0,0,596
256,Supplier,SKU_A,0,0,0,0
256,Supplier,SKU_B,0,0,0,0
256,Supplier,SKU_C,0,0,0,0
256,Supplier,SKU_D,0,0,0,0
256,Supplier,SKU_E,0,0,0,0
256,W1,SKU_A,1513,0,0,1433
256,W1,SKU_B,360,0,0,680
256,W1,SKU_C,346,0,0,670
256,W1,SKU_D,0,0,6328,4397
256,W1,SKU_E,598,0,0,88
256,W2,SKU_A,865,0,0,940
256,W2,SKU_B,547,0,0,287
256,W2,SKU_C,1046,0,0,548
256,W2,SKU_D,394,0,0,0
256,W2,SKU_E,234,0,252,50
256,R1,SKU_A,943,0,0,0
256,R1,SKU_B,480,0,0,0
256,R1,SKU_C,549,0,0,0
256,R1,SKU_D,0,20,0,0
256,R1,SKU_E,210,0,0,0
256,R2,SKU_A,489,0,0,423
256,R2,SKU_B,211,0,0,116
256,R2,SKU_C,60,0,0,160
256,R2,SKU_D,2943,0,0,0
256,R2,SKU_E,409,0,0,95
256,R3,SKU_A,1258,0,0,1025
256,R3,SKU_B,196,0,0,281
256,R3,SKU_C,626,0,0,588
256,R3,SKU_D,1295,0,0,0
256,R3,SKU_E,1880,0,0,596
257,Supplier,SKU_A,0,0,0,0
257,Supplier,SKU_B,0,0,0,0
257,Supplier,SKU_C,0,0,0,0
257,Supplier,SKU_D,0,0,0,0
257,Supplier,SKU_E,0,0,0,0
257,W1,SKU_A,2092,0,0,854
257,W1,SKU_B,365,0,0,545
257,W1,SKU_C,778,0,0,60
257,W1,SKU_D,0,0,5404,2640
257,W1,SKU_E,473,0,0,88
257,W2,SKU_A,750,0,0,940
257,W2,SKU_B,531,0,0,287
257,W2,SKU_C,1031,0,0,548
257,W2,SKU_D,394,0,0,0
257,W2,SKU_E,0,0,18,50
257,R1,SKU_A,812,0,0,0
257,R1,SKU_B,434,0,0,241
257,R1,SKU_C,477,0,0,348
257,R1,SKU_D,0,80,0,1757
257,R1,SKU_E,170,0,0,170
257,R2,SKU_A,418,0,0,423
257,R2,SKU_B,170,0,0,116
257,R2,SKU_C,27,0,0,160
257,R2,SKU_D,2905,0,0,0
257,R2,SKU_E,367,0,0,95
257,R3,SKU_A,2111,0,0,0
257,R3,SKU_B,438,0,0,0
257,R3,SKU_C,1124,0,0,0
257,R3,SKU_D,1201,0,0,0
257,R3,SKU_E,2418,0,0,0
258,Supplier,SKU_A,0,0,0,0
258,Supplier,SKU_B,0,0,0,0
258,Supplier,SKU_C,0,0,0,0
258,Supplier,SKU_D,0,0,0,0
258,Supplier,SKU_E,0,0,0,0
258,W1,SKU_A,1994,0,0,1068
258,W1,SKU_B,317,0,0,545
258,W1,SKU_C,767,0,0,644
258,W1,SKU_D,0,0,5404,3339
258,W1,SKU_E,389,0,0,451
258,W2,SKU_A,1237,0,0,1109
258,W2,SKU_B,621,0,0,203
258,W2,SKU_C,1216,0,0,458
258,W2,SKU_D,394,0,0,0
258,W2,SKU_E,32,0,0,0
258,R1,SKU_A,651,0,0,0
258,R1,SKU_B,387,0,0,241
258,R1,SKU_C,375,0,0,348
258,R1,SKU_D,0,154,0,1757
258,R1,SKU_E,132,0,0,170
258,R2,SKU_A,748,0,0,31
258,R2,SKU_B,234,0,0,55
258,R2,SKU_C,143,0,0,11
258,R2,SKU_D,2851,0,0,0
258,R2,SKU_E,398,0,0,137
258,R3,SKU_A,1943,0,0,0
258,R3,SKU_B,382,0,0,0
258,R3,SKU_C,1008,0,0,0
258,R3,SKU_D,1120,0,0,0
258,R3,SKU_E,2350,0,0,0
259,Supplier,SKU_A,0,0,0,0
259,Supplier,SKU_B,0,0,0,0
259,Supplier,SKU_C,0,0,0,0
259,Supplier,SKU_D,0,0,0,0
259,Supplier,SKU_E,0,0,0,0
259,W1,SKU_A,1673,0,0,1068
259,W1,SKU_B,272,0,0,545
259,W1,SKU_C,719,0,0,644
259,W1,SKU_D,0,0,5404,3339
259,W1,SKU_E,378,0,0,451
259,W2,SKU_A,782,0,0,1109
259,W2,SKU_B,510,0,0,203
259,W2,SKU_C,995,0,0,458
259,W2,SKU_D,394,0,0,0
259,W2,SKU_E,32,0,0,0
259,R1,SKU_A,489,0,0,0
259,R1,SKU_B,572,0,0,0
259,R1,SKU_C,604,0,0,0
259,R1,SKU_D,1533,0,0,0
259,R1,SKU_E,267,0,0,0
259,R2,SKU_A,654,0,0,31
259,R2,SKU_B,196,0,0,55
259,R2,SKU_C,97,0,0,11
259,R2,SKU_D,2801,0,0,0
259,R2,SKU_E,360,0,0,137
259,R3,SKU_A,1787,0,0,857
259,R3,SKU_B,346,0,0,182
259,R3,SKU_C,904,0,0,341
259,R3,SKU_D,1035,0,0,0
259,R3,SKU_E,2284,0,0,252
260,Supplier,SKU_A,0,0,0,0
260,Supplier,SKU_B,0,0,0,0
260,Supplier,SKU_C,0,0,0,0
260,Supplier,SKU_D,0,0,0,0
260,Supplier,SKU_E,0,0,0,0
260,W1,SKU_A,1950,0,0,214
260,W1,SKU_B,703,0,0,0
260,W1,SKU_C,566,0,0,584
260,W1,SKU_D,0,0,2764,699
260,W1,SKU_E,391,0,0,363
260,W2,SKU_A,782,0,0,1109
260,W2,SKU_B,510,0,0,203
260,W2,SKU_C,995,0,0,458
260,W2,SKU_D,394,0,0,0
260,W2,SKU_E,32,0,0,0
260,R1,SKU_A,358,0,0,685
260,R1,SKU_B,547,0,0,31
260,R1,SKU_C,537,0,0,127
260,R1,SKU_D,1475,0,0,2640
260,R1,SKU_E,237,0,0,26
260,R2,SKU_A,562,0,0,311
260,R2,SKU_B,155,0,0,183
260,R2,SKU_C,64,0,0,145
260,R2,SKU_D,2760,0,0,0
260,R2,SKU_E,325,0,0,197
260,R3,SKU_A,1664,0,0,857
260,R3,SKU_B,310,0,0,182
260,R3,SKU_C,853,0,0,341
260,R3,SKU_D,961,0,0,0
260,R3,SKU_E,2218,0,0,252
261,Supplier,SKU_A,0,0,0,0
261,Supplier,SKU_B,0,0,0,0
261,Supplier,SKU_C,0,0,0,0
261,Supplier,SKU_D,0,0,0,0
261,Supplier,SKU_E,0,0,0,0
261,W1,SKU_A,1950,0,0,1693
261,W1,SKU_B,678,0,0,353
261,W1,SKU_C,503,0,0,728
261,W1,SKU_D,0,0,2764,699
261,W1,SKU_E,337,0,0,442
261,W2,SKU_A,948,0,0,943
261,W2,SKU_B,651,0,0,304
261,W2,SKU_C,1218,0,0,642
261,W2,SKU_D,394,0,0,0
261,W2,SKU_E,32,0,0,0
261,R1,SKU_A,250,0,0,685
261,R1,SKU_B,521,0,0,31
261,R1,SKU_C,483,0,0,127
261,R1,SKU_D,1418,0,0,2640
261,R1,SKU_E,207,0,0,26
261,R2,SKU_A,530,0,0,280
261,R2,SKU_B,171,0,0,128
261,R2,SKU_C,47,0,0,134
261,R2,SKU_D,2726,0,0,0
261,R2,SKU_E,416,0,0,60
261,R3,SKU_A,1530,0,0,857
261,R3,SKU_B,268,0,0,182
261,R3,SKU_C,768,0,0,341
261,R3,SKU_D,900,0,0,0
261,R3,SKU_E,2158,0,0,252
262,Supplier,SKU_A,0,0,0,0
262,Supplier,SKU_B,0,0,0,0
262,Supplier,SKU_C,0,0,0,0
262,Supplier,SKU_D,0,0,0,0
262,Supplier,SKU_E,0,0,0,0
262,W1,SKU_A,1888,0,0,1693
262,W1,SKU_B,592,0,0,353
262,W1,SKU_C,369,0,0,728
262,W1,SKU_D,0,0,2764,699
262,W1,SKU_E,207,0,0,442
262,W2,SKU_A,937,0,0,943
262,W2,SKU_B,608,0,0,304
262,W2,SKU_C,1098,0,0,642
262,W2,SKU_D,394,0,0,0
262,W2,SKU_E,32,0,0,0
262,R1,SKU_A,811,0,0,0
262,R1,SKU_B,519,0,0,0
262,R1,SKU_C,549,0,0,0
262,R1,SKU_D,4016,0,0,0
262,R1,SKU_E,206,0,0,0
262,R2,SKU_A,479,0,0,280
262,R2,SKU_B,133,0,0,128
262,R2,SKU_C,32,0,0,134
262,R2,SKU_D,2693,0,0,0
262,R2,SKU_E,377,0,0,60
262,R3,SKU_A,1399,0,0,857
262,R3,SKU_B,223,0,0,182
262,R3,SKU_C,693,0,0,341
262,R3,SKU_D,830,0,0,0
262,R3,SKU_E,2099,0,0,252
263,Supplier,SKU_A,0,0,0,0
263,Supplier,SKU_B,0,0,0,0
263,Supplier,SKU_C,0,0,0,0
263,Supplier,SKU_D,0,0,0,0
263,Supplier,SKU_E,0,0,0,0
263,W1,SKU_A,1921,0,0,1479
263,W1,SKU_B,435,0,0,353
263,W1,SKU_C,743,0,0,144
263,W1,SKU_D,0,0,2065,0
263,W1,SKU_E,374,0,0,79
263,W2,SKU_A,795,0,0,943
263,W2,SKU_B,520,0,0,304
263,W2,SKU_C,903,0,0,642
263,W2,SKU_D,394,0,0,0
263,W2,SKU_E,32,0,0,0
263,R1,SKU_A,699,0,0,68
263,R1,SKU_B,478,0,0,160
263,R1,SKU_C,489,0,0,358
263,R1,SKU_D,3979,0,0,699
263,R1,SKU_E,164,0,0,177
263,R2,SKU_A,705,0,0,175
263,R2,SKU_B,219,0,0,108
263,R2,SKU_C,140,0,0,49
263,R2,SKU_D,2658,0,0,0
263,R2,SKU_E,393,0,0,203
263,R3,SKU_A,2119,0,0,153
263,R3,SKU_B,379,0,0,132
263,R3,SKU_C,976,0,0,350
263,R3,SKU_D,730,0,0,0
263,R3,SKU_E,2280,0,0,0
264,Supplier,SKU_A,0,0,0,0
264,Supplier,SKU_B,0,0,0,0
264,Supplier,SKU_C,0,0,0,0
264,Supplier,SKU_D,0,0,0,0
264,Supplier,SKU_E,0,0,0,0
264,W1,SKU_A,1809,0,0,1479
264,W1,SKU_B,428,0,0,412
264,W1,SKU_C,734,0,0,562
264,W1,SKU_D,0,0,2065,0
264,W1,SKU_E,374,0,0,504
264,W2,SKU_A,1612,0,0,747
264,W2,SKU_B,581,0,0,243
264,W2,SKU_C,1103,0,0,442
264,W2,SKU_D,394,0,0,126
264,W2,SKU_E,32,0,0,0
264,R1,SKU_A,553,0,0,68
264,R1,SKU_B,432,0,0,160
264,R1,SKU_C,407,0,0,358
264,R1,SKU_D,3921,0,0,699
264,R1,SKU_E,115,0,0,177
264,R2,SKU_A,613,0,0,175
264,R2,SKU_B,179,0,0,108
264,R2,SKU_C,114,0,0,49
264,R2,SKU_D,2610,0,0,0
264,R2,SKU_E,360,0,0,203
264,R3,SKU_A,1978,0,0,153
264,R3,SKU_B,333,0,0,132
264,R3,SKU_C,856,0,0,350
264,R3,SKU_D,639,0,0,0
264,R3,SKU_E,2196,0,0,0
265,Supplier,SKU_A,0,0,0,0
265,Supplier,SKU_B,0,0,0,0
265,Supplier,SKU_C,0,0,0,0
265,Supplier,SKU_D,0,0,0,0
265,Supplier,SKU_E,0,0,0,0
265,W1,SKU_A,1467,0,0,1479
265,W1,SKU_B,370,0,0,412
265,W1,SKU_C,699,0,0,562
265,W1,SKU_D,0,0,2065,0
265,W1,SKU_E,373,0,0,504
265,W2,SKU_A,1345,0,0,747
265,W2,SKU_B,553,0,0,243
265,W2,SKU_C,1080,0,0,442
265,W2,SKU_D,362,0,0,126
265,W2,SKU_E,32,0,0,0
265,R1,SKU_A,493,0,0,0
265,R1,SKU_B,541,0,0,0
265,R1,SKU_C,660,0,0,0
265,R1,SKU_D,4545,0,0,0
265,R1,SKU_E,244,0,0,0
265,R2,SKU_A,504,0,0,175
265,R2,SKU_B,131,0,0,108
265,R2,SKU_C,83,0,0,49
265,R2,SKU_D,2549,0,0,0
265,R2,SKU_E,315,0,0,203
265,R3,SKU_A,1762,0,0,153
265,R3,SKU_B,285,0,0,132
265,R3,SKU_C,753,0,0,350
265,R3,SKU_D,513,0,0,0
265,R3,SKU_E,2100,0,0,0
266,Supplier,SKU_A,0,0,0,0
266,Supplier,SKU_B,0,0,0,0
266,Supplier,SKU_C,0,0,0,0
266,Supplier,SKU_D,0,0,0,0
266,Supplier,SKU_E,0,0,0,0
266,W1,SKU_A,2367,0,0,0
266,W1,SKU_B,566,0,0,59
266,W1,SKU_C,710,0,0,418
266,W1,SKU_D,0,0,2065,0
266,W1,SKU_E,375,0,0,425
266,W2,SKU_A,862,0,0,747
266,W2,SKU_B,477,0,0,243
266,W2,SKU_C,954,0,0,442
266,W2,SKU_D,204,0,0,126
266,W2,SKU_E,32,0,0,0
266,R1,SKU_A,356,0,0,756
266,R1,SKU_B,483,0,0,73
266,R1,SKU_C,566,0,0,67
266,R1,SKU_D,4469,0,0,0
266,R1,SKU_E,205,0,0,50
266,R2,SKU_A,593,0,0,277
266,R2,SKU_B,185,0,0,149
266,R2,SKU_C,84,0,0,110
266,R2,SKU_D,2510,0,0,0
266,R2,SKU_E,476,0,0,28
266,R3,SKU_A,1564,0,0,1029
266,R3,SKU_B,237,0,0,236
266,R3,SKU_C,632,0,0,499
266,R3,SKU_D,399,0,0,190
266,R3,SKU_E,2034,0,0,0
267,Supplier,SKU_A,0,0,0,0
267,Supplier,SKU_B,0,0,0,0
267,Supplier,SKU_C,0,0,0,0
267,Supplier,SKU_D,0,0,0,0
267,Supplier,SKU_E,0,0,0,0
267,W1,SKU_A,2365,0,0,693
267,W1,SKU_B,519,0,0,627
267,W1,SKU_C,612,0,0,656
267,W1,SKU_D,0,0,2065,0
267,W1,SKU_E,295,0,0,477
267,W2,SKU_A,862,0,0,939
267,W2,SKU_B,700,0,0,243
267,W2,SKU_C,1298,0,0,663
267,W2,SKU_D,122,0,0,726
267,W2,SKU_E,32,0,0,0
267,R1,SKU_A,205,0,0,756
267,R1,SKU_B,423,0,0,73
267,R1,SKU_C,475,0,0,67
267,R1,SKU_D,4418,0,0,0
267,R1,SKU_E,174,0,0,50
267,R2,SKU_A,518,0,0,277
267,R2,SKU_B,149,0,0,149
267,R2,SKU_C,54,0,0,110
267,R2,SKU_D,2473,0,0,0
267,R2,SKU_E,436,0,0,28
267,R3,SKU_A,1575,0,0,876
267,R3,SKU_B,338,0,0,104
267,R3,SKU_C,900,0,0,149
267,R3,SKU_D,326,0,0,190
267,R3,SKU_E,1982,0,0,0
268,Supplier,SKU_A,0,0,0,0
268,Supplier,SKU_B,0,0,0,0
268,Supplier,SKU_C,0,0,0,0
268,Supplier,SKU_D,0,0,0,0
268,Supplier,SKU_E,0,0,0,0
268,W1,SKU_A,2288,0,0,693
268,W1,SKU_B,376,0,0,627
268,W1,SKU_C,393,0,0,656
268,W1,SKU_D,0,0,2065,0
268,W1,SKU_E,144,0,0,477
268,W2,SKU_A,862,0,0,939
268,W2,SKU_B,649,0,0,243
268,W2,SKU_C,1118,0,0,663
268,W2,SKU_D,0,0,33,726
268,W2,SKU_E,32,0,0,0
268,R1,SKU_A,852,0,0,0
268,R1,SKU_B,458,0,0,0
268,R1,SKU_C,488,0,0,0
268,R1,SKU_D,4370,0,0,0
268,R1,SKU_E,194,0,0,0
268,R2,SKU_A,444,0,0,277
268,R2,SKU_B,112,0,0,149
268,R2,SKU_C,33,0,0,110
268,R2,SKU_D,2426,0,0,0
268,R2,SKU_E,403,0,0,28
268,R3,SKU_A,1447,0,0,876
268,R3,SKU_B,306,0,0,104
268,R3,SKU_C,827,0,0,149
268,R3,SKU_D,257,0,0,190
268,R3,SKU_E,1923,0,0,0
269,Supplier,SKU_A,0,0,0,0
269,Supplier,SKU_B,0,0,0,0
269,Supplier,SKU_C,0,0,0,0
269,Supplier,SKU_D,0,0,0,0
269,Supplier,SKU_E,0,0,0,0
269,W1,SKU_A,2110,0,0,693
269,W1,SKU_B,217,0,0,568
269,W1,SKU_C,517,0,0,238
269,W1,SKU_D,0,0,2065,0
269,W1,SKU_E,355,0,0,52
269,W2,SKU_A,787,0,0,939
269,W2,SKU_B,566,0,0,243
269,W2,SKU_C,865,0,0,663
269,W2,SKU_D,0,0,257,726
269,W2,SKU_E,32,0,0,0
269,R1,SKU_A,746,0,0,27
269,R1,SKU_B,433,0,0,299
269,R1,SKU_C,433,0,0,518
269,R1,SKU_D,4331,0,0,0
269,R1,SKU_E,160,0,0,206
269,R2,SKU_A,648,0,0,230
269,R2,SKU_B,226,0,0,109
269,R2,SKU_C,119,0,0,93
269,R2,SKU_D,2390,0,0,0
269,R2,SKU_E,396,0,0,239
269,R3,SKU_A,1302,0,0,951
269,R3,SKU_B,273,0,0,258
269,R3,SKU_C,753,0,0,680
269,R3,SKU_D,179,0,0,394
269,R3,SKU_E,1875,0,0,0
270,Supplier,SKU_A,0,0,0,0
270,Supplier,SKU_B,0,0,0,0
270,Supplier,SKU_C,0,0,0,0
270,Supplier,SKU_D,0,0,0,0
270,Supplier,SKU_E,0,0,0,0
270,W1,SKU_A,2004,0,0,1220
270,W1,SKU_B,217,0,0,568
270,W1,SKU_C,517,0,0,686
270,W1,SKU_D,0,0,2065,0
270,W1,SKU_E,355,0,0,460
270,W2,SKU_A,1389,0,0,1019
270,W2,SKU_B,566,0,0,243
270,W2,SKU_C,865,0,0,663
270,W2,SKU_D,0,0,229,795
270,W2,SKU_E,32,0,0,0
270,R1,SKU_A,636,0,0,27
270,R1,SKU_B,403,0,0,299
270,R1,SKU_C,367,0,0,518
270,R1,SKU_D,4295,0,0,0
270,R1,SKU_E,140,0,0,206
270,R2,SKU_A,589,0,0,230
270,R2,SKU_B,202,0,0,109
270,R2,SKU_C,93,0,0,93
270,R2,SKU_D,2349,0,0,0
270,R2,SKU_E,366,0,0,239
270,R3,SKU_A,2023,0,0,75
270,R3,SKU_B,331,0,0,154
270,R3,SKU_C,844,0,0,531
270,R3,SKU_D,319,0,0,204
270,R3,SKU_E,1812,0,0,0
271,Supplier,SKU_A,0,0,0,0
271,Supplier,SKU_B,0,0,0,0
271,Supplier,SKU_C,0,0,0,0
271,Supplier,SKU_D,0,0,0,0
271,Supplier,SKU_E,0,0,0,0
271,W1,SKU_A,1735,0,0,1220
271,W1,SKU_B,194,0,0,568
271,W1,SKU_C,505,0,0,686
271,W1,SKU_D,0,0,2065,0
271,W1,SKU_E,355,0,0,460
271,W2,SKU_A,1089,0,0,1019
271,W2,SKU_B,558,0,0,243
271,W2,SKU_C,865,0,0,663
271,W2,SKU_D,0,0,377,795
271,W2,SKU_E,32,0,0,0
271,R1,SKU_A,539,0,0,0
271,R1,SKU_B,653,0,0,0
271,R1,SKU_C,797,0,0,0
271,R1,SKU_D,4246,0,0,0
271,R1,SKU_E,317,0,0,0
271,R2,SKU_A,526,0,0,230
271,R2,SKU_B,163,0,0,109
271,R2,SKU_C,60,0,0,93
271,R2,SKU_D,2307,0,0,0
271,R2,SKU_E,326,0,0,239
271,R3,SKU_A,1855,0,0,75
271,R3,SKU_B,289,0,0,154
271,R3,SKU_C,771,0,0,531
271,R3,SKU_D,244,0,0,204
271,R3,SKU_E,1752,0,0,0
272,Supplier,SKU_A,0,0,0,0
272,Supplier,SKU_B,0,0,0,0
272,Supplier,SKU_C,0,0,0,0
272,Supplier,SKU_D,0,0,0,0
272,Supplier,SKU_E,0,0,0,0
272,W1,SKU_A,1972,0,0,527
272,W1,SKU_B,700,0,0,0
272,W1,SKU_C,698,0,0,448
272,W1,SKU_D,0,0,2065,0
272,W1,SKU_E,407,0,0,408
272,W2,SKU_A,621,0,0,1019
272,W2,SKU_B,508,0,0,243
272,W2,SKU_C,865,0,0,663
272,W2,SKU_D,0,0,600,795
272,W2,SKU_E,32,0,0,0
272,R1,SKU_A,373,0,0,662
272,R1,SKU_B,587,0,0,0
272,R1,SKU_C,693,0,0,0
272,R1,SKU_D,4182,0,0,0
272,R1,SKU_E,277,0,0,0
272,R2,SKU_A,670,0,0,0
272,R2,SKU_B,215,0,0,0
272,R2,SKU_C,114,0,0,0
272,R2,SKU_D,2256,0,0,0
272,R2,SKU_E,521,0,0,0
272,R3,SKU_A,1648,0,0,988
272,R3,SKU_B,219,0,0,212
272,R3,SKU_C,643,0,0,531
272,R3,SKU_D,156,0,0,330
272,R3,SKU_E,1687,0,0,0
273,Supplier,SKU_A,0,0,0,0
273,Supplier,SKU_B,0,0,0,0
273,Supplier,SKU_C,0,0,0,0
273,Supplier,SKU_D,0,0,0,0
273,Supplier,SKU_E,0,0,0,0
273,W1,SKU_A,1770,0,0,1143
273,W1,SKU_B,565,0,0,341
273,W1,SKU_C,580,0,0,583
273,W1,SKU_D,0,0,2065,0
273,W1,SKU_E,366,0,0,408
273,W2,SKU_A,813,0,0,945
273,W2,SKU_B,689,0,0,238
273,W2,SKU_C,1473,0,0,194
273,W2,SKU_D,0,0,185,1018
273,W2,SKU_E,32,0,0,0
273,R1,SKU_A,209,0,0,662
273,R1,SKU_B,526,0,0,0
273,R1,SKU_C,596,0,0,0
273,R1,SKU_D,4103,0,0,0
273,R1,SKU_E,230,0,0,0
273,R2,SKU_A,565,0,0,371
273,R2,SKU_B,168,0,0,204
273,R2,SKU_C,67,0,0,141
273,R2,SKU_D,2209,0,0,0
273,R2,SKU_E,486,0,0,25
273,R3,SKU_A,1524,0,0,913
273,R3,SKU_B,333,0,0,58
273,R3,SKU_C,1086,0,0,0
273,R3,SKU_D,278,0,0,126
273,R3,SKU_E,1612,0,0,0
274,Supplier,SKU_A,0,0,0,0
274,Supplier,SKU_B,0,0,0,0
274,Supplier,SKU_C,0,0,0,0
274,Supplier,SKU_D,0,0,0,0
274,Supplier,SKU_E,0,0,0,0
274,W1,SKU_A,1762,0,0,1143
274,W1,SKU_B,488,0,0,341
274,W1,SKU_C,449,0,0,583
274,W1,SKU_D,0,0,2065,0
274,W1,SKU_E,268,0,0,408
274,W2,SKU_A,813,0,0,945
274,W2,SKU_B,587,0,0,238
274,W2,SKU_C,1330,0,0,194
274,W2,SKU_D,0,0,452,1018
274,W2,SKU_E,32,0,0,0
274,R1,SKU_A,751,0,0,0
274,R1,SKU_B,496,0,0,0
274,R1,SKU_C,537,0,0,0
274,R1,SKU_D,4059,0,0,0
274,R1,SKU_E,205,0,0,0
274,R2,SKU_A,484,0,0,371
274,R2,SKU_B,142,0,0,204
274,R2,SKU_C,30,0,0,141
274,R2,SKU_D,2171,0,0,0
274,R2,SKU_E,459,0,0,25
274,R3,SKU_A,1413,0,0,913
274,R3,SKU_B,294,0,0,58
274,R3,SKU_C,1024,0,0,0
274,R3,SKU_D,218,0,0,126
274,R3,SKU_E,1553,0,0,0
275,Supplier,SKU_A,0,0,0,0
275,Supplier,SKU_B,0,0,0,0
275,Supplier,SKU_C,0,0,0,0
275,Supplier,SKU_D,0,0,0,0
275,Supplier,SKU_E,0,0,0,0
275,W1,SKU_A,2144,0,0,616
275,W1,SKU_B,381,0,0,341
275,W1,SKU_C,680,0,0,135
275,W1,SKU_D,0,0,2065,0
275,W1,SKU_E,526,0,0,0
275,W2,SKU_A,741,0,0,945
275,W2,SKU_B,446,0,0,238
275,W2,SKU_C,1125,0,0,194
275,W2,SKU_D,0,0,779,1018
275,W2,SKU_E,32,0,0,0
275,R1,SKU_A,641,0,0,136
275,R1,SKU_B,459,0,0,200
275,R1,SKU_C,472,0,0,355
275,R1,SKU_D,4021,0,0,0
275,R1,SKU_E,173,0,0,167
275,R2,SKU_A,407,0,0,371
275,R2,SKU_B,115,0,0,204
275,R2,SKU_C,5,0,0,141
275,R2,SKU_D,2140,0,0,0
275,R2,SKU_E,433,0,0,25
275,R3,SKU_A,1326,0,0,985
275,R3,SKU_B,269,0,0,363
275,R3,SKU_C,975,0,0,403
275,R3,SKU_D,158,0,0,726
275,R3,SKU_E,1511,0,0,0
276,Supplier,SKU_A,0,0,0,0
276,Supplier,SKU_B,0,0,0,0
276,Supplier,SKU_C,0,0,0,0
276,Supplier,SKU_D,0,0,0,0
276,Supplier,SKU_E,0,0,0,0
276,W1,SKU_A,1948,0,0,1466
276,W1,SKU_B,366,0,0,501
276,W1,SKU_C,628,0,0,849
276,W1,SKU_D,0,0,2065,0
276,W1,SKU_E,438,0,0,402
276,W2,SKU_A,1481,0,0,1024
276,W2,SKU_B,446,0,0,244
276,W2,SKU_C,1125,0,0,532
276,W2,SKU_D,0,0,584,937
276,W2,SKU_E,32,0,0,0
276,R1,SKU_A,550,0,0,136
276,R1,SKU_B,414,0,0,200
276,R1,SKU_C,431,0,0,355
276,R1,SKU_D,3979,0,0,0
276,R1,SKU_E,143,0,0,167
276,R2,SKU_A,706,0,0,111
276,R2,SKU_B,282,0,0,15
276,R2,SKU_C,120,0,0,79
276,R2,SKU_D,2106,0,0,0
276,R2,SKU_E,422,0,0,185
276,R3,SKU_A,2102,0,0,72
276,R3,SKU_B,289,0,0,305
276,R3,SKU_C,931,0,0,403
276,R3,SKU_D,223,0,0,600
276,R3,SKU_E,1471,0,0,0
277,Supplier,SKU_A,0,0,0,0
277,Supplier,SKU_B,0,0,0,0
277,Supplier,SKU_C,0,0,0,0
277,Supplier,SKU_D,0,0,0,0
277,Supplier,SKU_E,0,0,0,0
277,W1,SKU_A,1700,0,0,1466
277,W1,SKU_B,329,0,0,501
277,W1,SKU_C,628,0,0,849
277,W1,SKU_D,0,0,2065,0
277,W1,SKU_E,438,0,0,402
277,W2,SKU_A,1257,0,0,1024
277,W2,SKU_B,446,0,0,244
277,W2,SKU_C,1125,0,0,532
277,W2,SKU_D,0,0,584,937
277,W2,SKU_E,32,0,0,0
277,R1,SKU_A,595,0,0,0
277,R1,SKU_B,578,0,0,0
277,R1,SKU_C,736,0,0,0
277,R1,SKU_D,3939,0,0,0
277,R1,SKU_E,275,0,0,0
277,R2,SKU_A,638,0,0,111
277,R2,SKU_B,254,0,0,15
277,R2,SKU_C,91,0,0,79
277,R2,SKU_D,2050,0,0,0
277,R2,SKU_E,390,0,0,185
277,R3,SKU_A,1960,0,0,72
277,R3,SKU_B,247,0,0,305
277,R3,SKU_C,860,0,0,403
277,R3,SKU_D,152,0,0,600
277,R3,SKU_E,1427,0,0,0
278,Supplier,SKU_A,0,0,0,0
278,Supplier,SKU_B,0,0,0,0
278,Supplier,SKU_C,0,0,0,0
278,Supplier,SKU_D,0,0,0,0
278,Supplier,SKU_E,0,0,0,0
278,W1,SKU_A,1909,0,0,850
278,W1,SKU_B,580,0,0,160
278,W1,SKU_C,735,0,0,714
278,W1,SKU_D,0,0,2065,0
278,W1,SKU_E,420,0,0,402
278,W2,SKU_A,891,0,0,1024
278,W2,SKU_B,446,0,0,244
278,W2,SKU_C,1125,0,0,532
278,W2,SKU_D,0,0,584,937
278,W2,SKU_E,32,0,0,0
278,R1,SKU_A,494,0,0,579
278,R1,SKU_B,515,0,0,25
278,R1,SKU_C,648,0,0,0
278,R1,SKU_D,3885,0,0,0
278,R1,SKU_E,241,0,0,18
278,R2,SKU_A,551,0,0,111
278,R2,SKU_B,189,0,0,15
278,R2,SKU_C,55,0,0,79
278,R2,SKU_D,2005,0,0,0
278,R2,SKU_E,344,0,0,185
278,R3,SKU_A,1810,0,0,749
278,R3,SKU_B,181,0,0,305
278,R3,SKU_C,767,0,0,403
278,R3,SKU_D,77,0,0,795
278,R3,SKU_E,1378,0,0,0
279,Supplier,SKU_A,0,0,0,0
279,Supplier,SKU_B,0,0,0,0
279,Supplier,SKU_C,0,0,0,0
279,Supplier,SKU_D,0,0,0,0
279,Supplier,SKU_E,0,0,0,0
279,W1,SKU_A,1699,0,0,985
279,W1,SKU_B,387,0,0,518
279,W1,SKU_C,592,0,0,714
279,W1,SKU_D,0,0,2065,0
279,W1,SKU_E,369,0,0,403
279,W2,SKU_A,1009,0,0,906
279,W2,SKU_B,677,0,0,270
279,W2,SKU_C,1260,0,0,374
279,W2,SKU_D,239,0,0,126
279,W2,SKU_E,32,0,0,0
279,R1,SKU_A,340,0,0,579
279,R1,SKU_B,441,0,0,25
279,R1,SKU_C,537,0,0,0
279,R1,SKU_D,3801,0,0,0
279,R1,SKU_E,184,0,0,18
279,R2,SKU_A,556,0,0,388
279,R2,SKU_B,151,0,0,232
279,R2,SKU_C,84,0,0,92
279,R2,SKU_D,1951,0,0,0
279,R2,SKU_E,481,0,0,17
279,R3,SKU_A,1703,0,0,677
279,R3,SKU_B,414,0,0,0
279,R3,SKU_C,1030,0,0,0
279,R3,SKU_D,537,0,0,195
279,R3,SKU_E,1299,0,0,0
280,Supplier,SKU_A,0,0,0,0
280,Supplier,SKU_B,0,0,0,0
280,Supplier,SKU_C,0,0,0,0
280,Supplier,SKU_D,0,0,0,0
280,Supplier,SKU_E,0,0,0,0
280,W1,SKU_A,1699,0,0,985
280,W1,SKU_B,250,0,0,518
280,W1,SKU_C,380,0,0,714
280,W1,SKU_D,0,0,2065,0
280,W1,SKU_E,230,0,0,403
280,W2,SKU_A,991,0,0,906
280,W2,SKU_B,598,0,0,270
280,W2,SKU_C,1061,0,0,374
280,W2,SKU_D,239,0,0,126
280,W2,SKU_E,32,0,0,0
280,R1,SKU_A,773,0,0,0
280,R1,SKU_B,403,0,0,0
280,R1,SKU_C,417,0,0,0
280,R1,SKU_D,3717,0,0,0
280,R1,SKU_E,146,0,0,0
280,R2,SKU_A,460,0,0,388
280,R2,SKU_B,86,0,0,232
280,R2,SKU_C,41,0,0,92
280,R2,SKU_D,1907,0,0,0
280,R2,SKU_E,435,0,0,17
280,R3,SKU_A,1508,0,0,677
280,R3,SKU_B,359,0,0,0
280,R3,SKU_C,901,0,0,0
280,R3,SKU_D,415,0,0,195
280,R3,SKU_E,1220,0,0,0
281,Supplier,SKU_A,0,0,0,0
281,Supplier,SKU_B,0,0,0,0
281,Supplier,SKU_C,0,0,0,0
281,Supplier,SKU_D,0,0,0,0
281,Supplier,SKU_E,0,0,0,0
281,W1,SKU_A,2419,0,0,135
281,W1,SKU_B,194,0,0,358
281,W1,SKU_C,719,0,0,0
281,W1,SKU_D,0,0,2065,0
281,W1,SKU_E,391,0,0,1
281,W2,SKU_A,778,0,0,906
281,W2,SKU_B,464,0,0,270
281,W2,SKU_C,733,0,0,374
281,W2,SKU_D,178,0,0,126
281,W2,SKU_E,32,0,0,0
281,R1,SKU_A,663,0,0,106
281,R1,SKU_B,352,0,0,400
281,R1,SKU_C,358,0,0,579
281,R1,SKU_D,3669,0,0,0
281,R1,SKU_E,112,0,0,272
281,R2,SKU_A,375,0,0,388
281,R2,SKU_B,34,0,0,232
281,R2,SKU_C,8,0,0,92
281,R2,SKU_D,1859,0,0,0
281,R2,SKU_E,392,0,0,17
281,R3,SKU_A,1327,0,0,908
281,R3,SKU_B,320,0,0,220
281,R3,SKU_C,801,0,0,586
281,R3,SKU_D,328,0,0,840
281,R3,SKU_E,1162,0,0,0
282,Supplier,SKU_A,0,0,0,0
282,Supplier,SKU_B,0,0,0,0
282,Supplier,SKU_C,0,0,0,0
282,Supplier,SKU_D,0,0,0,0
282,Supplier,SKU_E,0,0,0,0
282,W1,SKU_A,2200,0,0,1594
282,W1,SKU_B,126,0,0,707
282,W1,SKU_C,621,0,0,559
282,W1,SKU_D,0,0,2065,0
282,W1,SKU_E,254,0,0,597
282,W2,SKU_A,1521,0,0,868
282,W2,SKU_B,470,0,0,321
282,W2,SKU_C,1071,0,0,814
282,W2,SKU_D,292,0,0,12
282,W2,SKU_E,32,0,0,279
282,R1,SKU_A,574,0,0,106
282,R1,SKU_B,313,0,0,400
282,R1,SKU_C,296,0,0,579
282,R1,SKU_D,3626,0,0,0
282,R1,SKU_E,79,0,0,272
282,R2,SKU_A,675,0,0,133
282,R2,SKU_B,232,0,0,84
282,R2,SKU_C,68,0,0,185
282,R2,SKU_D,1814,0,0,0
282,R2,SKU_E,367,0,0,279
282,R3,SKU_A,1860,0,0,231
282,R3,SKU_B,283,0,0,220
282,R3,SKU_C,718,0,0,586
282,R3,SKU_D,453,0,0,645
282,R3,SKU_E,1097,0,0,0
283,Supplier,SKU_A,0,0,0,0
283,Supplier,SKU_B,0,0,0,0
283,Supplier,SKU_C,0,0,0,0
283,Supplier,SKU_D,0,0,0,0
283,Supplier,SKU_E,0,0,0,0
283,W1,SKU_A,1937,0,0,1594
283,W1,SKU_B,108,0,0,707
283,W1,SKU_C,621,0,0,559
283,W1,SKU_D,0,0,2065,0
283,W1,SKU_E,254,0,0,597
283,W2,SKU_A,1214,0,0,868
283,W2,SKU_B,470,0,0,321
283,W2,SKU_C,1071,0,0,814
283,W2,SKU_D,292,0,0,12
283,W2,SKU_E,32,0,0,279
283,R1,SKU_A,558,0,0,0
283,R1,SKU_B,674,0,0,0
283,R1,SKU_C,812,0,0,0
283,R1,SKU_D,3562,0,0,0
283,R1,SKU_E,312,0,0,0
283,R2,SKU_A,579,0,0,133
283,R2,SKU_B,183,0,0,84
283,R2,SKU_C,36,0,0,185
283,R2,SKU_D,1777,0,0,0
283,R2,SKU_E,320,0,0,279
283,R3,SKU_A,1695,0,0,231
283,R3,SKU_B,235,0,0,220
283,R3,SKU_C,639,0,0,586
283,R3,SKU_D,349,0,0,645
283,R3,SKU_E,1037,0,0,0
284,Supplier,SKU_A,0,0,0,0
284,Supplier,SKU_B,0,0,0,0
284,Supplier,SKU_C,0,0,0,0
284,Supplier,SKU_D,0,0,0,0
284,Supplier,SKU_E,0,0,0,0
284,W1,SKU_A,1591,0,0,1459
284,W1,SKU_B,399,0,0,349
284,W1,SKU_C,621,0,0,559
284,W1,SKU_D,0,0,2065,0
284,W1,SKU_E,255,0,0,596
284,W2,SKU_A,742,0,0,868
284,W2,SKU_B,432,0,0,321
284,W2,SKU_C,1067,0,0,814
284,W2,SKU_D,292,0,0,12
284,W2,SKU_E,20,0,0,279
284,R1,SKU_A,452,0,0,630
284,R1,SKU_B,630,0,0,0
284,R1,SKU_C,735,0,0,0
284,R1,SKU_D,3514,0,0,0
284,R1,SKU_E,281,0,0,0
284,R2,SKU_A,501,0,0,133
284,R2,SKU_B,141,0,0,84
284,R2,SKU_C,1,0,0,185
284,R2,SKU_D,1733,0,0,0
284,R2,SKU_E,264,0,0,279
284,R3,SKU_A,1554,0,0,1173
284,R3,SKU_B,190,0,0,258
284,R3,SKU_C,557,0,0,590
284,R3,SKU_D,271,0,0,645
284,R3,SKU_E,978,0,0,12
285,Supplier,SKU_A,0,0,0,0
285,Supplier,SKU_B,0,0,0,0
285,Supplier,SKU_C,0,0,0,0
285,Supplier,SKU_D,0,0,0,0
285,Supplier,SKU_E,0,0,0,0
285,W1,SKU_A,1353,0,0,1459
285,W1,SKU_B,290,0,0,349
285,W1,SKU_C,609,0,0,559
285,W1,SKU_D,0,0,2065,0
285,W1,SKU_E,240,0,0,596
285,W2,SKU_A,742,0,0,925
285,W2,SKU_B,651,0,0,282
285,W2,SKU_C,1021,0,0,778
285,W2,SKU_D,304,0,0,17
285,W2,SKU_E,0,0,39,346
285,R1,SKU_A,348,0,0,630
285,R1,SKU_B,586,0,0,0
285,R1,SKU_C,650,0,0,0
285,R1,SKU_D,3452,0,0,0
285,R1,SKU_E,249,0,0,0
285,R2,SKU_A,559,0,0,462
285,R2,SKU_B,160,0,0,194
285,R2,SKU_C,149,0,0,12
285,R2,SKU_D,1670,0,0,0
285,R2,SKU_E,494,0,0,3
285,R3,SKU_A,1600,0,0,942
285,R3,SKU_B,373,0,0,38
285,R3,SKU_C,1026,0,0,4
285,R3,SKU_D,809,0,0,0
285,R3,SKU_E,914,0,0,12
286,Supplier,SKU_A,0,0,0,0
286,Supplier,SKU_B,0,0,0,0
286,Supplier,SKU_C,0,0,0,0
286,Supplier,SKU_D,0,0,0,0
286,Supplier,SKU_E,0,0,0,0
286,W1,SKU_A,1353,0,0,1459
286,W1,SKU_B,273,0,0,744
286,W1,SKU_C,495,0,0,769
286,W1,SKU_D,0,0,2065,0
286,W1,SKU_E,147,0,0,613
286,W2,SKU_A,742,0,0,925
286,W2,SKU_B,569,0,0,282
286,W2,SKU_C,822,0,0,778
286,W2,SKU_D,304,0,0,17
286,W2,SKU_E,0,0,162,346
286,R1,SKU_A,805,0,0,0
286,R1,SKU_B,494,0,0,0
286,R1,SKU_C,522,0,0,0
286,R1,SKU_D,3379,0,0,0
286,R1,SKU_E,185,0,0,0
286,R2,SKU_A,445,0,0,462
286,R2,SKU_B,98,0,0,194
286,R2,SKU_C,110,0,0,12
286,R2,SKU_D,1627,0,0,0
286,R2,SKU_E,449,0,0,3
286,R3,SKU_A,1370,0,0,942
286,R3,SKU_B,323,0,0,38
286,R3,SKU_C,879,0,0,4
286,R3,SKU_D,668,0,0,0
286,R3,SKU_E,828,0,0,12
287,Supplier,SKU_A,0,0,0,0
287,Supplier,SKU_B,0,0,0,0
287,Supplier,SKU_C,0,0,0,0
287,Supplier,SKU_D,0,0,0,0
287,Supplier,SKU_E,0,0,0,0
287,W1,SKU_A,2738,0,0,0
287,W1,SKU_B,471,0,0,395
287,W1,SKU_C,773,0,0,210
287,W1,SKU_D,0,0,2065,0
287,W1,SKU_E,541,0,0,17
287,W2,SKU_A,656,0,0,1525
287,W2,SKU_B,437,0,0,282
287,W2,SKU_C,476,0,0,877
287,W2,SKU_D,301,0,0,372
287,W2,SKU_E,0,0,371,753
287,R1,SKU_A,660,0,0,74
287,R1,SKU_B,416,0,0,126
287,R1,SKU_C,423,0,0,282
287,R1,SKU_D,3324,0,0,0
287,R1,SKU_E,132,0,0,164
287,R2,SKU_A,333,0,0,462
287,R2,SKU_B,30,0,0,194
287,R2,SKU_C,59,0,0,12
287,R2,SKU_D,1579,0,0,0
287,R2,SKU_E,411,0,0,3
287,R3,SKU_A,1163,0,0,1028
287,R3,SKU_B,267,0,0,297
287,R3,SKU_C,752,0,0,631
287,R3,SKU_D,547,0,0,3
287,R3,SKU_E,727,0,0,32
288,Supplier,SKU_A,0,0,0,0
288,Supplier,SKU_B,0,0,0,0
288,Supplier,SKU_C,0,0,0,0
288,Supplier,SKU_D,0,0,0,0
288,Supplier,SKU_E,0,0,0,0
288,W1,SKU_A,2516,0,0,0
288,W1,SKU_B,300,0,0,395
288,W1,SKU_C,624,0,0,210
288,W1,SKU_D,0,0,2065,0
288,W1,SKU_E,409,0,0,17
288,W2,SKU_A,1317,0,0,657
288,W2,SKU_B,494,0,0,225
288,W2,SKU_C,1254,0,0,99
288,W2,SKU_D,180,0,0,372
288,W2,SKU_E,0,0,382,474
288,R1,SKU_A,556,0,0,74
288,R1,SKU_B,369,0,0,126
288,R1,SKU_C,352,0,0,282
288,R1,SKU_D,3272,0,0,0
288,R1,SKU_E,99,0,0,164
288,R2,SKU_A,704,0,0,77
288,R2,SKU_B,163,0,0,152
288,R2,SKU_C,24,0,0,240
288,R2,SKU_D,1535,0,0,0
288,R2,SKU_E,372,0,0,275
288,R3,SKU_A,1947,0,0,86
288,R3,SKU_B,266,0,0,259
288,R3,SKU_C,676,0,0,627
288,R3,SKU_D,464,0,0,3
288,R3,SKU_E,670,0,0,20
289,Supplier,SKU_A,0,0,0,0
289,Supplier,SKU_B,0,0,0,0
289,Supplier,SKU_C,0,0,0,0
289,Supplier,SKU_D,0,0,0,0
289,Supplier,SKU_E,0,0,0,0
289,W1,SKU_A,2176,0,0,1558
289,W1,SKU_B,173,0,0,779
289,W1,SKU_C,531,0,0,997
289,W1,SKU_D,0,0,2065,0
289,W1,SKU_E,379,0,0,601
289,W2,SKU_A,952,0,0,859
289,W2,SKU_B,494,0,0,342
289,W2,SKU_C,1254,0,0,433
289,W2,SKU_D,0,0,24,483
289,W2,SKU_E,0,0,741,976
289,R1,SKU_A,532,0,0,0
289,R1,SKU_B,454,0,0,0
289,R1,SKU_C,540,0,0,0
289,R1,SKU_D,3231,0,0,0
289,R1,SKU_E,232,0,0,0
289,R2,SKU_A,616,0,0,77
289,R2,SKU_B,113,0,0,152
289,R2,SKU_C,0,12,0,240
289,R2,SKU_D,1480,0,0,0
289,R2,SKU_E,332,0,0,275
289,R3,SKU_A,1777,0,0,86
289,R3,SKU_B,208,0,0,259
289,R3,SKU_C,578,0,0,627
289,R3,SKU_D,385,0,0,3
289,R3,SKU_E,602,0,0,20
290,Supplier,SKU_A,0,0,0,0
290,Supplier,SKU_B,0,0,0,0
290,Supplier,SKU_C,0,0,0,0
290,Supplier,SKU_D,0,0,0,0
290,Supplier,SKU_E,0,0,0,0
290,W1,SKU_A,1650,0,0,1558
290,W1,SKU_B,0,0,45,779
290,W1,SKU_C,344,0,0,997
290,W1,SKU_D,0,0,2065,0
290,W1,SKU_E,318,0,0,601
290,W2,SKU_A,417,0,0,859
290,W2,SKU_B,468,0,0,342
290,W2,SKU_C,1230,0,0,433
290,W2,SKU_D,0,0,307,483
290,W2,SKU_E,0,0,1168,976
290,R1,SKU_A,412,0,0,741
290,R1,SKU_B,401,0,0,318
290,R1,SKU_C,443,0,0,302
290,R1,SKU_D,3180,0,0,0
290,R1,SKU_E,183,0,0,91
290,R2,SKU_A,513,0,0,77
290,R2,SKU_B,52,0,0,152
290,R2,SKU_C,0,64,0,240
290,R2,SKU_D,1429,0,0,0
290,R2,SKU_E,255,0,0,275
290,R3,SKU_A,1602,0,0,1193
290,R3,SKU_B,144,0,0,285
290,R3,SKU_C,443,0,0,651
290,R3,SKU_D,271,0,0,304
290,R3,SKU_E,510,0,0,299
291,Supplier,SKU_A,0,0,0,0
291,Supplier,SKU_B,0,0,0,0
291,Supplier,SKU_C,0,0,0,0
291,Supplier,SKU_D,0,0,0,0
291,Supplier,SKU_E,0,0,0,0
291,W1,SKU_A,1368,0,0,1558
291,W1,SKU_B,220,0,0,384
291,W1,SKU_C,532,0,0,787
291,W1,SKU_D,0,0,2065,0
291,W1,SKU_E,300,0,0,584
291,W2,SKU_A,474,0,0,1273
291,W2,SKU_B,629,0,0,219
291,W2,SKU_C,1095,0,0,539
291,W2,SKU_D,0,0,386,1041
291,W2,SKU_E,0,0,1341,1860
291,R1,SKU_A,251,0,0,741
291,R1,SKU_B,337,0,0,318
291,R1,SKU_C,328,0,0,302
291,R1,SKU_D,3109,0,0,0
291,R1,SKU_E,123,0,0,91
291,R2,SKU_A,483,0,0,552
291,R2,SKU_B,163,0,0,218
291,R2,SKU_C,126,0,0,22
291,R2,SKU_D,1372,0,0,0
291,R2,SKU_E,455,0,0,16
291,R3,SKU_A,1438,0,0,1107
291,R3,SKU_B,331,0,0,26
291,R3,SKU_C,927,0,0,24
291,R3,SKU_D,139,0,0,301
291,R3,SKU_E,423,0,0,279
292,Supplier,SKU_A,0,0,0,0
292,Supplier,SKU_B,0,0,0,0
292,Supplier,SKU_C,0,0,0,0
292,Supplier,SKU_D,0,0,0,0
292,Supplier,SKU_E,0,0,0,0
292,W1,SKU_A,1368,0,0,1558
292,W1,SKU_B,220,0,0,384
292,W1,SKU_C,385,0,0,787
292,W1,SKU_D,0,0,2065,0
292,W1,SKU_E,146,0,0,584
292,W2,SKU_A,474,0,0,1273
292,W2,SKU_B,493,0,0,219
292,W2,SKU_C,817,0,0,539
292,W2,SKU_D,0,0,617,1041
292,W2,SKU_E,0,0,1688,1860
292,R1,SKU_A,833,0,0,0
292,R1,SKU_B,596,0,0,0
292,R1,SKU_C,528,0,0,0
292,R1,SKU_D,3059,0,0,0
292,R1,SKU_E,171,0,0,0
292,R2,SKU_A,389,0,0,552
292,R2,SKU_B,109,0,0,218
292,R2,SKU_C,76,0,0,22
292,R2,SKU_D,1330,0,0,0
292,R2,SKU_E,391,0,0,16
292,R3,SKU_A,1187,0,0,1107
292,R3,SKU_B,256,0,0,26
292,R3,SKU_C,749,0,0,24
292,R3,SKU_D,21,0,0,301
292,R3,SKU_E,323,0,0,279
293,Supplier,SKU_A,0,0,0,0
293,Supplier,SKU_B,0,0,0,0
293,Supplier,SKU_C,0,0,0,0
293,Supplier,SKU_D,0,0,0,0
293,Supplier,SKU_E,0,0,0,0
293,W1,SKU_A,1322,0,0,1665
293,W1,SKU_B,206,0,0,953
293,W1,SKU_C,86,0,0,1035
293,W1,SKU_D,0,0,2065,0
293,W1,SKU_E,0,0,115,737
293,W2,SKU_A,970,0,0,1128
293,W2,SKU_B,282,0,0,400
293,W2,SKU_C,460,0,0,904
293,W2,SKU_D,0,0,611,1285
293,W2,SKU_E,0,0,1728,2028
293,R1,SKU_A,627,0,0,46
293,R1,SKU_B,525,0,0,7
293,R1,SKU_C,375,0,0,296
293,R1,SKU_D,2994,0,0,0
293,R1,SKU_E,104,0,0,220
293,R2,SKU_A,264,0,0,552
293,R2,SKU_B,44,0,0,218
293,R2,SKU_C,14,0,0,22
293,R2,SKU_D,1264,0,0,0
293,R2,SKU_E,316,0,0,16
293,R3,SKU_A,882,0,0,1211
293,R3,SKU_B,202,0,0,437
293,R3,SKU_C,587,0,0,893
293,R3,SKU_D,0,120,0,673
293,R3,SKU_E,222,0,0,753
294,Supplier,SKU_A,0,0,0,0
294,Supplier,SKU_B,0,0,0,0
294,Supplier,SKU_C,0,0,0,0
294,Supplier,SKU_D,0,0,0,0
294,Supplier,SKU_E,0,0,0,0
294,W1,SKU_A,2618,0,0,107
294,W1,SKU_B,447,0,0,569
294,W1,SKU_C,655,0,0,248
294,W1,SKU_D,0,0,2065,0
294,W1,SKU_E,255,0,0,153
294,W2,SKU_A,665,0,0,1128
294,W2,SKU_B,282,0,0,400
294,W2,SKU_C,460,0,0,904
294,W2,SKU_D,0,0,729,1285
294,W2,SKU_E,0,0,1802,2028
294,R1,SKU_A,436,0,0,46
294,R1,SKU_B,451,0,0,7
294,R1,SKU_C,236,0,0,296
294,R1,SKU_D,2905,0,0,0
294,R1,SKU_E,55,0,0,220
294,R2,SKU_A,697,0,0,56
294,R2,SKU_B,209,0,0,79
294,R2,SKU_C,0,18,0,312
294,R2,SKU_D,1217,0,0,0
294,R2,SKU_E,260,0,0,428
294,R3,SKU_A,1764,0,0,104
294,R3,SKU_B,142,0,0,411
294,R3,SKU_C,440,0,0,869
294,R3,SKU_D,52,0,0,372
294,R3,SKU_E,380,0,0,474
295,Supplier,SKU_A,0,0,0,0
295,Supplier,SKU_B,0,0,0,0
295,Supplier,SKU_C,0,0,0,0
295,Supplier,SKU_D,0,0,0,0
295,Supplier,SKU_E,0,0,0,0
295,W1,SKU_A,2102,0,0,107
295,W1,SKU_B,256,0,0,569
295,W1,SKU_C,460,0,0,248
295,W1,SKU_D,0,0,2065,0
295,W1,SKU_E,237,0,0,153
295,W2,SKU_A,337,0,0,1557
295,W2,SKU_B,399,0,0,371
295,W2,SKU_C,794,0,0,779
295,W2,SKU_D,0,0,865,1431
295,W2,SKU_E,0,0,1495,1875
295,R1,SKU_A,331,0,0,0
295,R1,SKU_B,378,0,0,0
295,R1,SKU_C,420,0,0,0
295,R1,SKU_D,2840,0,0,0
295,R1,SKU_E,224,0,0,0
295,R2,SKU_A,580,0,0,56
295,R2,SKU_B,137,0,0,79
295,R2,SKU_C,0,60,0,312
295,R2,SKU_D,1143,0,0,0
295,R2,SKU_E,211,0,0,428
295,R3,SKU_A,1576,0,0,104
295,R3,SKU_B,78,0,0,411
295,R3,SKU_C,301,0,0,869
295,R3,SKU_D,0,39,0,372
295,R3,SKU_E,273,0,0,474
296,Supplier,SKU_A,0,0,0,0
296,Supplier,SKU_B,0,0,0,0
296,Supplier,SKU_C,0,0,0,0
296,Supplier,SKU_D,0,0,0,0
296,Supplier,SKU_E,0,0,0,0
296,W1,SKU_A,1318,0,0,1988
296,W1,SKU_B,0,0,87,700
296,W1,SKU_C,153,0,0,1211
296,W1,SKU_D,0,0,2065,0
296,W1,SKU_E,168,0,0,967
296,W2,SKU_A,0,0,381,1557
296,W2,SKU_B,395,0,0,371
296,W2,SKU_C,735,0,0,779
296,W2,SKU_D,0,0,1203,1431
296,W2,SKU_E,0,0,1797,1875
296,R1,SKU_A,214,0,0,1151
296,R1,SKU_B,336,0,0,441
296,R1,SKU_C,342,0,0,558
296,R1,SKU_D,2779,0,0,0
296,R1,SKU_E,191,0,0,87
296,R2,SKU_A,490,0,0,56
296,R2,SKU_B,78,0,0,79
296,R2,SKU_C,0,112,0,312
296,R2,SKU_D,1098,0,0,0
296,R2,SKU_E,166,0,0,428
296,R3,SKU_A,1401,0,0,1276
296,R3,SKU_B,22,0,0,415
296,R3,SKU_C,177,0,0,928
296,R3,SKU_D,0,143,0,483
296,R3,SKU_E,187,0,0,976
297,Supplier,SKU_A,0,0,0,0
297,Supplier,SKU_B,0,0,0,0
297,Supplier,SKU_C,0,0,0,0
297,Supplier,SKU_D,0,0,0,0
297,Supplier,SKU_E,0,0,0,0
297,W1,SKU_A,992,0,0,1988
297,W1,SKU_B,0,0,264,700
297,W1,SKU_C,153,0,0,1211
297,W1,SKU_D,0,0,2065,0
297,W1,SKU_E,153,0,0,967
297,W2,SKU_A,90,0,0,1627
297,W2,SKU_B,441,0,0,451
297,W2,SKU_C,717,0,0,1037
297,W2,SKU_D,0,0,959,1570
297,W2,SKU_E,0,0,846,1035
297,R1,SKU_A,88,0,0,1151
297,R1,SKU_B,290,0,0,441
297,R1,SKU_C,246,0,0,558
297,R1,SKU_D,2723,0,0,0
297,R1,SKU_E,154,0,0,87
297,R2,SKU_A,454,0,0,681
297,R2,SKU_B,110,0,0,77
297,R2,SKU_C,164,0,0,0
297,R2,SKU_D,1042,0,0,0
297,R2,SKU_E,549,0,0,0
297,R3,SKU_A,1361,0,0,1553
297,R3,SKU_B,382,0,0,60
297,R3,SKU_C,953,0,0,183
297,R3,SKU_D,156,0,0,686
297,R3,SKU_E,592,0,0,1453
298,Supplier,SKU_A,0,0,0,0
298,Supplier,SKU_B,0,0,0,0
298,Supplier,SKU_C,0,0,0,0
298,Supplier,SKU_D,0,0,0,0
298,Supplier,SKU_E,0,0,0,0
298,W1,SKU_A,1099,0,0,1881
298,W1,SKU_B,158,0,0,131
298,W1,SKU_C,367,0,0,963
298,W1,SKU_D,0,0,2065,0
298,W1,SKU_E,254,0,0,814
298,W2,SKU_A,90,0,0,1627
298,W2,SKU_B,390,0,0,451
298,W2,SKU_C,624,0,0,1037
298,W2,SKU_D,0,0,959,1570
298,W2,SKU_E,0,0,846,1035
298,R1,SKU_A,1119,0,0,0
298,R1,SKU_B,682,0,0,0
298,R1,SKU_C,716,0,0,0
298,R1,SKU_D,2682,0,0,0
298,R1,SKU_E,192,0,0,0
298,R2,SKU_A,389,0,0,681
298,R2,SKU_B,77,0,0,488
298,R2,SKU_C,128,0,0,34
298,R2,SKU_D,1004,0,0,0
298,R2,SKU_E,499,0,0,0
298,R3,SKU_A,1242,0,0,1553
298,R3,SKU_B,318,0,0,60
298,R3,SKU_C,844,0,0,183
298,R3,SKU_D,63,0,0,686
298,R3,SKU_E,491,0,0,1453
299,Supplier,SKU_A,0,0,0,0
299,Supplier,SKU_B,0,0,0,0
299,Supplier,SKU_C,0,0,0,0
299,Supplier,SKU_D,0,0,0,0
299,Supplier,SKU_E,0,0,0,0
299,W1,SKU_A,1099,0,0,1881
299,W1,SKU_B,158,0,0,1053
299,W1,SKU_C,320,0,0,963
299,W1,SKU_D,0,0,2065,101
299,W1,SKU_E,106,0,0,814
299,W2,SKU_A,545,0,0,1172
299,W2,SKU_B,456,0,0,270
299,W2,SKU_C,886,0,0,573
299,W2,SKU_D,0,0,360,971
299,W2,SKU_E,0,0,271,460
299,R1,SKU_A,991,0,0,0
299,R1,SKU_B,624,0,0,0
299,R1,SKU_C,596,0,0,11
299,R1,SKU_D,2627,0,0,0
299,R1,SKU_E,151,0,0,168
299,R2,SKU_A,314,0,0,681
299,R2,SKU_B,33,0,0,488
299,R2,SKU_C,90,0,0,34
299,R2,SKU_D,952,0,0,0
299,R2,SKU_E,453,0,0,0
299,R3,SKU_A,1043,0,0,1553
299,R3,SKU_B,240,0,0,226
299,R3,SKU_C,735,0,0,478
299,R3,SKU_D,0,71,0,1285
299,R3,SKU_E,393,0,0,2028
300,Supplier,SKU_A,0,0,0,0
300,Supplier,SKU_B,0,0,0,0
300,Supplier,SKU_C,0,0,0,0
300,Supplier,SKU_D,0,0,0,0
300,Supplier,SKU_E,0,0,0,0
300,W1,SKU_A,1099,0,0,1881
300,W1,SKU_B,158,0,0,1053
300,W1,SKU_C,126,0,0,963
300,W1,SKU_D,0,0,2065,101
300,W1,SKU_E,13,0,0,814
300,W2,SKU_A,545,0,0,1172
300,W2,SKU_B,429,0,0,270
300,W2,SKU_C,870,0,0,573
300,W2,SKU_D,0,0,360,971
300,W2,SKU_E,0,0,271,460
300,R1,SKU_A,832,0,0,0
300,R1,SKU_B,541,0,0,0
300,R1,SKU_C,444,0,0,11
300,R1,SKU_D,2543,0,0,0
300,R1,SKU_E,85,0,0,168
300,R2,SKU_A,884,0,0,0
300,R2,SKU_B,64,0,0,411
300,R2,SKU_C,34,0,0,34
300,R2,SKU_D,896,0,0,0
300,R2,SKU_E,403,0,0,0
300,R3,SKU_A,1943,0,0,381
300,R3,SKU_B,148,0,0,222
300,R3,SKU_C,577,0,0,419
300,R3,SKU_D,0,132,0,1174
300,R3,SKU_E,790,0,0,1526
301,Supplier,SKU_A,0,0,0,0
301,Supplier,SKU_B,0,0,0,0
301,Supplier,SKU_C,0,0,0,0
301,Supplier,SKU_D,0,0,0,0
301,Supplier,SKU_E,0,0,0,0
301,W1,SKU_A,2933,0,0,0
301,W1,SKU_B,227,0,0,922
301,W1,SKU_C,687,0,0,0
301,W1,SKU_D,0,0,2065,101
301,W1,SKU_E,644,0,0,0
301,W2,SKU_A,1102,0,0,975
301,W2,SKU_B,394,0,0,590
301,W2,SKU_C,846,0,0,1045
301,W2,SKU_D,0,0,103,714
301,W2,SKU_E,78,0,0,111
301,R1,SKU_A,649,0,0,0
301,R1,SKU_B,465,0,0,0
301,R1,SKU_C,326,0,0,0
301,R1,SKU_D,2465,0,0,0
301,R1,SKU_E,203,0,0,0
301,R2,SKU_A,795,0,0,0
301,R2,SKU_B,398,0,0,0
301,R2,SKU_C,2,0,0,240
301,R2,SKU_D,844,0,0,0
301,R2,SKU_E,348,0,0,283
301,R3,SKU_A,2064,0,0,0
301,R3,SKU_B,156,0,0,166
301,R3,SKU_C,551,0,0,295
301,R3,SKU_D,322,0,0,599
301,R3,SKU_E,1637,0,0,575
302,Supplier,SKU_A,0,0,0,0
302,Supplier,SKU_B,0,0,0,0
302,Supplier,SKU_C,0,0,0,0
302,Supplier,SKU_D,0,0,0,0
302,Supplier,SKU_E,0,0,0,0
302,W1,SKU_A,2626,0,0,494
302,W1,SKU_B,89,0,0,922
302,W1,SKU_C,286,0,0,896
302,W1,SKU_D,0,0,2065,799
302,W1,SKU_E,554,0,0,93
302,W2,SKU_A,768,0,0,975
302,W2,SKU_B,223,0,0,590
302,W2,SKU_C,463,0,0,1045
302,W2,SKU_D,0,0,103,714
302,W2,SKU_E,78,0,0,111
302,R1,SKU_A,547,0,0,277
302,R1,SKU_B,406,0,0,200
302,R1,SKU_C,246,0,0,793
302,R1,SKU_D,2412,0,0,0
302,R1,SKU_E,164,0,0,130
302,R2,SKU_A,710,0,0,0
302,R2,SKU_B,352,0,0,0
302,R2,SKU_C,0,35,0,240
302,R2,SKU_D,798,0,0,0
302,R2,SKU_E,285,0,0,283
302,R3,SKU_A,1915,0,0,408
302,R3,SKU_B,105,0,0,487
302,R3,SKU_C,479,0,0,927
302,R3,SKU_D,264,0,0,856
302,R3,SKU_E,1556,0,0,846
303,Supplier,SKU_A,0,0,0,0
303,Supplier,SKU_B,0,0,0,0
303,Supplier,SKU_C,0,0,0,0
303,Supplier,SKU_D,0,0,0,0
303,Supplier,SKU_E,0,0,0,0
303,W1,SKU_A,2409,0,0,494
303,W1,SKU_B,89,0,0,922
303,W1,SKU_C,286,0,0,896
303,W1,SKU_D,0,0,2065,799
303,W1,SKU_E,554,0,0,93
303,W2,SKU_A,1234,0,0,434
303,W2,SKU_B,405,0,0,408
303,W2,SKU_C,827,0,0,681
303,W2,SKU_D,611,0,0,0
303,W2,SKU_E,189,0,0,0
303,R1,SKU_A,430,0,0,277
303,R1,SKU_B,363,0,0,200
303,R1,SKU_C,165,0,0,793
303,R1,SKU_D,2362,0,0,0
303,R1,SKU_E,121,0,0,130
303,R2,SKU_A,638,0,0,0
303,R2,SKU_B,310,0,0,0
303,R2,SKU_C,0,77,0,240
303,R2,SKU_D,755,0,0,0
303,R2,SKU_E,232,0,0,283
303,R3,SKU_A,1726,0,0,408
303,R3,SKU_B,221,0,0,321
303,R3,SKU_C,698,0,0,632
303,R3,SKU_D,767,0,0,257
303,R3,SKU_E,2072,0,0,271
304,Supplier,SKU_A,0,0,0,0
304,Supplier,SKU_B,0,0,0,0
304,Supplier,SKU_C,0,0,0,0
304,Supplier,SKU_D,0,0,0,0
304,Supplier,SKU_E,0,0,0,0
304,W1,SKU_A,2003,0,0,494
304,W1,SKU_B,947,0,0,0
304,W1,SKU_C,251,0,0,896
304,W1,SKU_D,0,0,1964,698
304,W1,SKU_E,481,0,0,93
304,W2,SKU_A,970,0,0,1458
304,W2,SKU_B,405,0,0,408
304,W2,SKU_C,827,0,0,706
304,W2,SKU_D,611,0,0,0
304,W2,SKU_E,189,0,0,0
304,R1,SKU_A,598,0,0,0
304,R1,SKU_B,526,0,0,0
304,R1,SKU_C,899,0,0,0
304,R1,SKU_D,2320,0,0,0
304,R1,SKU_E,221,0,0,0
304,R2,SKU_A,574,0,0,473
304,R2,SKU_B,263,0,0,24
304,R2,SKU_C,129,0,0,35
304,R2,SKU_D,709,0,0,0
304,R2,SKU_E,455,0,0,31
304,R3,SKU_A,1580,0,0,408
304,R3,SKU_B,158,0,0,321
304,R3,SKU_C,606,0,0,632
304,R3,SKU_D,692,0,0,257
304,R3,SKU_E,1991,0,0,271
305,Supplier,SKU_A,0,0,0,0
305,Supplier,SKU_B,0,0,0,0
305,Supplier,SKU_C,0,0,0,0
305,Supplier,SKU_D,0,0,0,0
305,Supplier,SKU_E,0,0,0,0
305,W1,SKU_A,1722,0,0,1273
305,W1,SKU_B,823,0,0,12
305,W1,SKU_C,217,0,0,896
305,W1,SKU_D,0,0,1964,698
305,W1,SKU_E,349,0,0,681
305,W2,SKU_A,560,0,0,1458
305,W2,SKU_B,391,0,0,408
305,W2,SKU_C,827,0,0,706
305,W2,SKU_D,611,0,0,0
305,W2,SKU_E,189,0,0,0
305,R1,SKU_A,460,0,0,508
305,R1,SKU_B,474,0,0,117
305,R1,SKU_C,826,0,0,0
305,R1,SKU_D,2254,0,0,101
305,R1,SKU_E,173,0,0,114
305,R2,SKU_A,486,0,0,473
305,R2,SKU_B,207,0,0,24
305,R2,SKU_C,82,0,0,35
305,R2,SKU_D,650,0,0,0
305,R2,SKU_E,407,0,0,31
305,R3,SKU_A,1416,0,0,1157
305,R3,SKU_B,84,0,0,335
305,R3,SKU_C,497,0,0,632
305,R3,SKU_D,596,0,0,360
305,R3,SKU_E,1907,0,0,271
306,Supplier,SKU_A,0,0,0,0
306,Supplier,SKU_B,0,0,0,0
306,Supplier,SKU_C,0,0,0,0
306,Supplier,SKU_D,0,0,0,0
306,Supplier,SKU_E,0,0,0,0
306,W1,SKU_A,1722,0,0,1273
306,W1,SKU_B,708,0,0,12
306,W1,SKU_C,136,0,0,896
306,W1,SKU_D,0,0,1964,698
306,W1,SKU_E,235,0,0,681
306,W2,SKU_A,560,0,0,1458
306,W2,SKU_B,317,0,0,408
306,W2,SKU_C,727,0,0,706
306,W2,SKU_D,611,0,0,0
306,W2,SKU_E,189,0,0,0
306,R1,SKU_A,326,0,0,508
306,R1,SKU_B,414,0,0,117
306,R1,SKU_C,741,0,0,0
306,R1,SKU_D,2198,0,0,101
306,R1,SKU_E,120,0,0,114
306,R2,SKU_A,405,0,0,473
306,R2,SKU_B,154,0,0,174
306,R2,SKU_C,45,0,0,150
306,R2,SKU_D,603,0,0,0
306,R2,SKU_E,356,0,0,199
306,R3,SKU_A,1666,0,0,749
306,R3,SKU_B,345,0,0,14
306,R3,SKU_C,1021,0,0,0
306,R3,SKU_D,737,0,0,103
306,R3,SKU_E,2077,0,0,0
307,Supplier,SKU_A,0,0,0,0
307,Supplier,SKU_B,0,0,0,0
307,Supplier,SKU_C,0,0,0,0
307,Supplier,SKU_D,0,0,0,0
307,Supplier,SKU_E,0,0,0,0
307,W1,SKU_A,2171,0,0,779
307,W1,SKU_B,630,0,0,12
307,W1,SKU_C,1029,0,0,0
307,W1,SKU_D,0,0,1266,0
307,W1,SKU_E,269,0,0,588
307,W2,SKU_A,994,0,0,1024
307,W2,SKU_B,591,0,0,298
307,W2,SKU_C,1200,0,0,627
307,W2,SKU_D,611,0,0,0
307,W2,SKU_E,189,0,0,0
307,R1,SKU_A,665,0,0,0
307,R1,SKU_B,435,0,0,0
307,R1,SKU_C,595,0,0,0
307,R1,SKU_D,2215,0,0,0
307,R1,SKU_E,182,0,0,0
307,R2,SKU_A,761,0,0,0
307,R2,SKU_B,113,0,0,150
307,R2,SKU_C,20,0,0,115
307,R2,SKU_D,531,0,0,0
307,R2,SKU_E,328,0,0,168
307,R3,SKU_A,1407,0,0,749
307,R3,SKU_B,284,0,0,14
307,R3,SKU_C,885,0,0,0
307,R3,SKU_D,605,0,0,103
307,R3,SKU_E,1948,0,0,0
308,Supplier,SKU_A,0,0,0,0
308,Supplier,SKU_B,0,0,0,0
308,Supplier,SKU_C,0,0,0,0
308,Supplier,SKU_D,0,0,0,0
308,Supplier,SKU_E,0,0,0,0
308,W1,SKU_A,1846,0,0,1265
308,W1,SKU_B,391,0,0,723
308,W1,SKU_C,834,0,0,615
308,W1,SKU_D,0,0,1266,75
308,W1,SKU_E,108,0,0,599
308,W2,SKU_A,752,0,0,1024
308,W2,SKU_B,396,0,0,298
308,W2,SKU_C,856,0,0,627
308,W2,SKU_D,611,0,0,0
308,W2,SKU_E,189,0,0,0
308,R1,SKU_A,499,0,0,259
308,R1,SKU_B,329,0,0,252
308,R1,SKU_C,450,0,0,132
308,R1,SKU_D,2129,0,0,698
308,R1,SKU_E,120,0,0,176
308,R2,SKU_A,652,0,0,0
308,R2,SKU_B,52,0,0,150
308,R2,SKU_C,0,30,0,115
308,R2,SKU_D,479,0,0,0
308,R2,SKU_E,284,0,0,168
308,R3,SKU_A,1190,0,0,991
308,R3,SKU_B,191,0,0,417
308,R3,SKU_C,762,0,0,652
308,R3,SKU_D,492,0,0,103
308,R3,SKU_E,1832,0,0,0
309,Supplier,SKU_A,0,0,0,0
309,Supplier,SKU_B,0,0,0,0
309,Supplier,SKU_C,0,0,0,0
309,Supplier,SKU_D,0,0,0,0
309,Supplier,SKU_E,0,0,0,0
309,W1,SKU_A,1505,0,0,1265
309,W1,SKU_B,237,0,0,723
309,W1,SKU_C,576,0,0,615
309,W1,SKU_D,0,0,1266,75
309,W1,SKU_E,14,0,0,599
309,W2,SKU_A,535,0,0,1024
309,W2,SKU_B,396,0,0,298
309,W2,SKU_C,856,0,0,627
309,W2,SKU_D,535,0,0,0
309,W2,SKU_E,189,0,0,0
309,R1,SKU_A,392,0,0,259
309,R1,SKU_B,267,0,0,252
309,R1,SKU_C,396,0,0,132
309,R1,SKU_D,2085,0,0,698
309,R1,SKU_E,78,0,0,176
309,R2,SKU_A,569,0,0,331
309,R2,SKU_B,150,0,0,209
309,R2,SKU_C,42,0,0,179
309,R2,SKU_D,428,0,0,0
309,R2,SKU_E,412,0,0,144
309,R3,SKU_A,1770,0,0,242
309,R3,SKU_B,141,0,0,403
309,R3,SKU_C,652,0,0,652
309,R3,SKU_D,513,0,0,0
309,R3,SKU_E,1757,0,0,0
310,Supplier,SKU_A,0,0,0,0
310,Supplier,SKU_B,0,0,0,0
310,Supplier,SKU_C,0,0,0,0
310,Supplier,SKU_D,0,0,0,0
310,Supplier,SKU_E,0,0,0,0
310,W1,SKU_A,2056,0,0,486
310,W1,SKU_B,165,0,0,711
310,W1,SKU_C,377,0,0,615
310,W1,SKU_D,0,0,1266,75
310,W1,SKU_E,563,0,0,11
310,W2,SKU_A,1173,0,0,1263
310,W2,SKU_B,396,0,0,402
310,W2,SKU_C,881,0,0,678
310,W2,SKU_D,377,0,0,144
310,W2,SKU_E,189,0,0,0
310,R1,SKU_A,541,0,0,0
310,R1,SKU_B,478,0,0,0
310,R1,SKU_C,472,0,0,0
310,R1,SKU_D,2744,0,0,0
310,R1,SKU_E,209,0,0,0
310,R2,SKU_A,465,0,0,331
310,R2,SKU_B,93,0,0,209
310,R2,SKU_C,1,0,0,179
310,R2,SKU_D,374,0,0,0
310,R2,SKU_E,351,0,0,144
310,R3,SKU_A,1591,0,0,242
310,R3,SKU_B,78,0,0,403
310,R3,SKU_C,557,0,0,652
310,R3,SKU_D,440,0,0,0
310,R3,SKU_E,1667,0,0,0
311,Supplier,SKU_A,0,0,0,0
311,Supplier,SKU_B,0,0,0,0
311,Supplier,SKU_C,0,0,0,0
311,Supplier,SKU_D,0,0,0,0
311,Supplier,SKU_E,0,0,0,0
311,W1,SKU_A,1642,0,0,1605
311,W1,SKU_B,8,0,0,761
311,W1,SKU_C,104,0,0,832
311,W1,SKU_D,0,0,1266,75
311,W1,SKU_E,428,0,0,599
311,W2,SKU_A,608,0,0,1263
311,W2,SKU_B,384,0,0,402
311,W2,SKU_C,861,0,0,678
311,W2,SKU_D,146,0,0,144
311,W2,SKU_E,189,0,0,0
311,R1,SKU_A,410,0,0,687
311,R1,SKU_B,431,0,0,231
311,R1,SKU_C,401,0,0,599
311,R1,SKU_D,2700,0,0,0
311,R1,SKU_E,168,0,0,123
311,R2,SKU_A,369,0,0,331
311,R2,SKU_B,59,0,0,209
311,R2,SKU_C,0,45,0,179
311,R2,SKU_D,325,0,0,0
311,R2,SKU_E,290,0,0,144
311,R3,SKU_A,1436,0,0,1410
311,R3,SKU_B,21,0,0,415
311,R3,SKU_C,475,0,0,672
311,R3,SKU_D,355,0,0,465
311,R3,SKU_E,1591,0,0,0
312,Supplier,SKU_A,0,0,0,0
312,Supplier,SKU_B,0,0,0,0
312,Supplier,SKU_C,0,0,0,0
312,Supplier,SKU_D,0,0,0,0
312,Supplier,SKU_E,0,0,0,0
312,W1,SKU_A,1470,0,0,1605
312,W1,SKU_B,0,0,58,761
312,W1,SKU_C,40,0,0,832
312,W1,SKU_D,0,0,1273,75
312,W1,SKU_E,314,0,0,599
312,W2,SKU_A,608,0,0,1263
312,W2,SKU_B,327,0,0,402
312,W2,SKU_C,779,0,0,678
312,W2,SKU_D,146,0,0,144
312,W2,SKU_E,189,0,0,0
312,R1,SKU_A,273,0,0,687
312,R1,SKU_B,357,0,0,231
312,R1,SKU_C,309,0,0,599
312,R1,SKU_D,2637,0,0,0
312,R1,SKU_E,115,0,0,123
312,R2,SKU_A,603,0,0,248
312,R2,SKU_B,225,0,0,40
312,R2,SKU_C,85,0,0,82
312,R2,SKU_D,272,0,0,0
312,R2,SKU_E,370,0,0,163
312,R3,SKU_A,1486,0,0,1168
312,R3,SKU_B,333,0,0,12
312,R3,SKU_C,1006,0,0,20
312,R3,SKU_D,265,0,0,465
312,R3,SKU_E,1510,0,0,0
313,Supplier,SKU_A,0,0,0,0
313,Supplier,SKU_B,0,0,0,0
313,Supplier,SKU_C,0,0,0,0
313,Supplier,SKU_D,0,0,0,0
313,Supplier,SKU_E,0,0,0,0
313,W1,SKU_A,1935,0,0,1119
313,W1,SKU_B,569,0,0,50
313,W1,SKU_C,624,0,0,217
313,W1,SKU_D,0,0,1258,0
313,W1,SKU_E,257,0,0,588
313,W2,SKU_A,608,0,0,1263
313,W2,SKU_B,477,0,0,438
313,W2,SKU_C,1178,0,0,646
313,W2,SKU_D,146,0,0,530
313,W2,SKU_E,189,0,0,0
313,R1,SKU_A,851,0,0,0
313,R1,SKU_B,523,0,0,0
313,R1,SKU_C,827,0,0,0
313,R1,SKU_D,2579,0,0,0
313,R1,SKU_E,174,0,0,0
313,R2,SKU_A,513,0,0,248
313,R2,SKU_B,188,0,0,40
313,R2,SKU_C,59,0,0,82
313,R2,SKU_D,218,0,0,0
313,R2,SKU_E,313,0,0,163
313,R3,SKU_A,1301,0,0,1168
313,R3,SKU_B,244,0,0,12
313,R3,SKU_C,907,0,0,20
313,R3,SKU_D,155,0,0,465
313,R3,SKU_E,1409,0,0,0
314,Supplier,SKU_A,0,0,0,0
314,Supplier,SKU_B,0,0,0,0
314,Supplier,SKU_C,0,0,0,0
314,Supplier,SKU_D,0,0,0,0
314,Supplier,SKU_E,0,0,0,0
314,W1,SKU_A,1796,0,0,1239
314,W1,SKU_B,383,0,0,687
314,W1,SKU_C,567,0,0,732
314,W1,SKU_D,0,0,1372,97
314,W1,SKU_E,68,0,0,634
314,W2,SKU_A,608,0,0,1263
314,W2,SKU_B,240,0,0,438
314,W2,SKU_C,876,0,0,646
314,W2,SKU_D,95,0,0,530
314,W2,SKU_E,189,0,0,0
314,R1,SKU_A,691,0,0,28
314,R1,SKU_B,434,0,0,95
314,R1,SKU_C,707,0,0,0
314,R1,SKU_D,2505,0,0,75
314,R1,SKU_E,112,0,0,176
314,R2,SKU_A,418,0,0,380
314,R2,SKU_B,119,0,0,273
314,R2,SKU_C,8,0,0,170
314,R2,SKU_D,136,0,0,0
314,R2,SKU_E,253,0,0,246
314,R3,SKU_A,1099,0,0,1168
314,R3,SKU_B,167,0,0,454
314,R3,SKU_C,769,0,0,607
314,R3,SKU_D,38,0,0,516
314,R3,SKU_E,1282,0,0,0
315,Supplier,SKU_A,0,0,0,0
315,Supplier,SKU_B,0,0,0,0
315,Supplier,SKU_C,0,0,0,0
315,Supplier,SKU_D,0,0,0,0
315,Supplier,SKU_E,0,0,0,0
315,W1,SKU_A,1562,0,0,1239
315,W1,SKU_B,309,0,0,687
315,W1,SKU_C,527,0,0,732
315,W1,SKU_D,0,0,1568,97
315,W1,SKU_E,16,0,0,634
315,W2,SKU_A,477,0,0,1263
315,W2,SKU_B,240,0,0,438
315,W2,SKU_C,876,0,0,646
315,W2,SKU_D,0,0,22,530
315,W2,SKU_E,189,0,0,0
315,R1,SKU_A,507,0,0,28
315,R1,SKU_B,343,0,0,95
315,R1,SKU_C,560,0,0,0
315,R1,SKU_D,2406,0,0,75
315,R1,SKU_E,46,0,0,176
315,R2,SKU_A,558,0,0,132
315,R2,SKU_B,103,0,0,233
315,R2,SKU_C,22,0,0,88
315,R2,SKU_D,78,0,0,0
315,R2,SKU_E,350,0,0,83
315,R3,SKU_A,2044,0,0,0
315,R3,SKU_B,115,0,0,442
315,R3,SKU_C,620,0,0,587
315,R3,SKU_D,413,0,0,51
315,R3,SKU_E,1192,0,0,0
316,Supplier,SKU_A,0,0,0,0
316,Supplier,SKU_B,0,0,0,0
316,Supplier,SKU_C,0,0,0,0
316,Supplier,SKU_D,0,0,0,0
316,Supplier,SKU_E,0,0,0,0
316,W1,SKU_A,2155,0,0,120
316,W1,SKU_B,194,0,0,637
316,W1,SKU_C,489,0,0,515
316,W1,SKU_D,0,0,1822,97
316,W1,SKU_E,420,0,0,46
316,W2,SKU_A,1386,0,0,789
316,W2,SKU_B,344,0,0,444
316,W2,SKU_C,930,0,0,704
316,W2,SKU_D,0,0,85,614
316,W2,SKU_E,189,0,0,0
316,R1,SKU_A,421,0,0,0
316,R1,SKU_B,394,0,0,0
316,R1,SKU_C,503,0,0,0
316,R1,SKU_D,2426,0,0,0
316,R1,SKU_E,171,0,0,0
316,R2,SKU_A,453,0,0,388
316,R2,SKU_B,52,0,0,233
316,R2,SKU_C,0,18,0,196
316,R2,SKU_D,27,0,0,0
316,R2,SKU_E,293,0,0,243
316,R3,SKU_A,1880,0,0,0
316,R3,SKU_B,32,0,0,442
316,R3,SKU_C,534,0,0,587
316,R3,SKU_D,312,0,0,51
316,R3,SKU_E,1106,0,0,0
317,Supplier,SKU_A,0,0,0,0
317,Supplier,SKU_B,0,0,0,0
317,Supplier,SKU_C,0,0,0,0
317,Supplier,SKU_D,0,0,0,0
317,Supplier,SKU_E,0,0,0,0
317,W1,SKU_A,1666,0,0,1688
317,W1,SKU_B,0,0,64,700
317,W1,SKU_C,245,0,0,946
317,W1,SKU_D,0,0,2127,1973
317,W1,SKU_E,288,0,0,784
317,W2,SKU_A,868,0,0,789
317,W2,SKU_B,325,0,0,444
317,W2,SKU_C,822,0,0,704
317,W2,SKU_D,0,0,393,614
317,W2,SKU_E,189,0,0,0
317,R1,SKU_A,313,0,0,962
317,R1,SKU_B,346,0,0,433
317,R1,SKU_C,441,0,0,411
317,R1,SKU_D,2368,0,0,0
317,R1,SKU_E,131,0,0,198
317,R2,SKU_A,495,0,0,256
317,R2,SKU_B,237,0,0,0
317,R2,SKU_C,20,0,0,108
317,R2,SKU_D,0,11,0,0
317,R2,SKU_E,317,0,0,160
317,R3,SKU_A,1724,0,0,1003
317,R3,SKU_B,0,29,0,461
317,R3,SKU_C,467,0,0,717
317,R3,SKU_D,247,0,0,290
317,R3,SKU_E,1014,0,0,0
318,Supplier,SKU_A,0,0,0,0
318,Supplier,SKU_B,0,0,0,0
318,Supplier,SKU_C,0,0,0,0
318,Supplier,SKU_D,0,0,0,0
318,Supplier,SKU_E,0,0,0,0
318,W1,SKU_A,1545,0,0,1688
318,W1,SKU_B,0,0,161,700
318,W1,SKU_C,175,0,0,946
318,W1,SKU_D,0,0,2470,1973
318,W1,SKU_E,219,0,0,784
318,W2,SKU_A,868,0,0,799
318,W2,SKU_B,264,0,0,596
318,W2,SKU_C,777,0,0,943
318,W2,SKU_D,0,0,527,1199
318,W2,SKU_E,154,0,0,206
318,R1,SKU_A,197,0,0,962
318,R1,SKU_B,284,0,0,433
318,R1,SKU_C,375,0,0,411
318,R1,SKU_D,2323,0,0,0
318,R1,SKU_E,89,0,0,198
318,R2,SKU_A,408,0,0,256
318,R2,SKU_B,181,0,0,0
318,R2,SKU_C,0,9,0,108
318,R2,SKU_D,0,56,0,0
318,R2,SKU_E,258,0,0,160
318,R3,SKU_A,1560,0,0,1003
318,R3,SKU_B,346,0,0,19
318,R3,SKU_C,984,0,0,130
318,R3,SKU_D,227,0,0,239
318,R3,SKU_E,935,0,0,0
319,Supplier,SKU_A,0,0,0,0
319,Supplier,SKU_B,0,0,0,0
319,Supplier,SKU_C,0,0,0,0
319,Supplier,SKU_D,0,0,0,0
319,Supplier,SKU_E,0,0,0,0
319,W1,SKU_A,1457,0,0,1568
319,W1,SKU_B,323,0,0,63
319,W1,SKU_C,591,0,0,431
319,W1,SKU_D,0,0,2761,1876
319,W1,SKU_E,131,0,0,738
319,W2,SKU_A,868,0,0,799
319,W2,SKU_B,470,0,0,262
319,W2,SKU_C,1232,0,0,373
319,W2,SKU_D,0,0,346,813
319,W2,SKU_E,40,0,0,206
319,R1,SKU_A,1021,0,0,0
319,R1,SKU_B,660,0,0,0
319,R1,SKU_C,701,0,0,0
319,R1,SKU_D,2259,0,0,0
319,R1,SKU_E,229,0,0,0
319,R2,SKU_A,578,0,0,360
319,R2,SKU_B,138,0,0,299
319,R2,SKU_C,50,0,0,189
319,R2,SKU_D,0,86,0,0
319,R2,SKU_E,373,0,0,207
319,R3,SKU_A,1382,0,0,1003
319,R3,SKU_B,268,0,0,19
319,R3,SKU_C,894,0,0,130
319,R3,SKU_D,132,0,0,239
319,R3,SKU_E,844,0,0,0
320,Supplier,SKU_A,0,0,0,0
320,Supplier,SKU_B,0,0,0,0
320,Supplier,SKU_C,0,0,0,0
320,Supplier,SKU_D,0,0,0,0
320,Supplier,SKU_E,0,0,0,0
320,W1,SKU_A,1457,0,0,1568
320,W1,SKU_B,323,0,0,912
320,W1,SKU_C,565,0,0,654
320,W1,SKU_D,0,0,3179,2116
320,W1,SKU_E,67,0,0,738
320,W2,SKU_A,855,0,0,799
320,W2,SKU_B,264,0,0,262
320,W2,SKU_C,1027,0,0,373
320,W2,SKU_D,0,0,646,813
320,W2,SKU_E,0,0,165,206
320,R1,SKU_A,905,0,0,0
320,R1,SKU_B,590,0,0,0
320,R1,SKU_C,593,0,0,0
320,R1,SKU_D,2204,0,0,0
320,R1,SKU_E,174,0,0,0
320,R2,SKU_A,499,0,0,360
320,R2,SKU_B,84,0,0,299
320,R2,SKU_C,15,0,0,189
320,R2,SKU_D,0,133,0,0
320,R2,SKU_E,330,0,0,207
320,R3,SKU_A,1185,0,0,1016
320,R3,SKU_B,184,0,0,414
320,R3,SKU_C,764,0,0,495
320,R3,SKU_D,45,0,0,625
320,R3,SKU_E,740,0,0,189
321,Supplier,SKU_A,0,0,0,0
321,Supplier,SKU_B,0,0,0,0
321,Supplier,SKU_C,0,0,0,0
321,Supplier,SKU_D,0,0,0,0
321,Supplier,SKU_E,0,0,0,0
321,W1,SKU_A,1444,0,0,1568
321,W1,SKU_B,310,0,0,912
321,W1,SKU_C,431,0,0,654
321,W1,SKU_D,0,0,3644,2116
321,W1,SKU_E,0,0,61,738
321,W2,SKU_A,658,0,0,1844
321,W2,SKU_B,264,0,0,610
321,W2,SKU_C,1027,0,0,651
321,W2,SKU_D,0,0,647,1325
321,W2,SKU_E,0,0,285,723
321,R1,SKU_A,741,0,0,0
321,R1,SKU_B,487,0,0,28
321,R1,SKU_C,454,0,0,160
321,R1,SKU_D,2114,0,0,97
321,R1,SKU_E,109,0,0,137
321,R2,SKU_A,374,0,0,360
321,R2,SKU_B,30,0,0,299
321,R2,SKU_C,0,34,0,189
321,R2,SKU_D,0,203,0,0
321,R2,SKU_E,257,0,0,207
321,R3,SKU_A,1969,0,0,13
321,R3,SKU_B,99,0,0,395
321,R3,SKU_C,752,0,0,365
321,R3,SKU_D,156,0,0,386
321,R3,SKU_E,623,0,0,189
322,Supplier,SKU_A,0,0,0,0
322,Supplier,SKU_B,0,0,0,0
322,Supplier,SKU_C,0,0,0,0
322,Supplier,SKU_D,0,0,0,0
322,Supplier,SKU_E,0,0,0,0
322,W1,SKU_A,2736,0,0,325
322,W1,SKU_B,280,0,0,849
322,W1,SKU_C,706,0,0,583
322,W1,SKU_D,0,0,2303,1741
322,W1,SKU_E,548,0,0,249
322,W2,SKU_A,1031,0,0,1055
322,W2,SKU_B,374,0,0,500
322,W2,SKU_C,1049,0,0,517
322,W2,SKU_D,0,0,548,1097
322,W2,SKU_E,0,0,522,723
322,R1,SKU_A,596,0,0,0
322,R1,SKU_B,421,0,0,28
322,R1,SKU_C,332,0,0,160
322,R1,SKU_D,2033,0,0,97
322,R1,SKU_E,37,0,0,137
322,R2,SKU_A,612,0,0,151
322,R2,SKU_B,290,0,0,5
322,R2,SKU_C,106,0,0,43
322,R2,SKU_D,0,259,0,1081
322,R2,SKU_E,405,0,0,91
322,R3,SKU_A,1755,0,0,13
322,R3,SKU_B,18,0,0,395
322,R3,SKU_C,599,0,0,365
322,R3,SKU_D,16,0,0,386
322,R3,SKU_E,533,0,0,189
323,Supplier,SKU_A,0,0,0,0
323,Supplier,SKU_B,0,0,0,0
323,Supplier,SKU_C,0,0,0,0
323,Supplier,SKU_D,0,0,0,0
323,Supplier,SKU_E,0,0,0,0
323,W1,SKU_A,2344,0,0,325
323,W1,SKU_B,87,0,0,849
323,W1,SKU_C,422,0,0,583
323,W1,SKU_D,0,0,2303,1741
323,W1,SKU_E,379,0,0,249
323,W2,SKU_A,401,0,0,1055
323,W2,SKU_B,294,0,0,500
323,W2,SKU_C,784,0,0,517
323,W2,SKU_D,0,0,817,1097
323,W2,SKU_E,0,0,849,723
323,R1,SKU_A,466,0,0,421
323,R1,SKU_B,388,0,0,242
323,R1,SKU_C,409,0,0,348
323,R1,SKU_D,2057,0,0,795
323,R1,SKU_E,119,0,0,218
323,R2,SKU_A,531,0,0,151
323,R2,SKU_B,241,0,0,5
323,R2,SKU_C,60,0,0,43
323,R2,SKU_D,0,310,0,1081
323,R2,SKU_E,354,0,0,91
323,R3,SKU_A,1563,0,0,1256
323,R3,SKU_B,0,58,0,475
323,R3,SKU_C,478,0,0,742
323,R3,SKU_D,0,81,0,614
323,R3,SKU_E,456,0,0,189
324,Supplier,SKU_A,0,0,0,0
324,Supplier,SKU_B,0,0,0,0
324,Supplier,SKU_C,0,0,0,0
324,Supplier,SKU_D,0,0,0,0
324,Supplier,SKU_E,0,0,0,0
324,W1,SKU_A,2154,0,0,325
324,W1,SKU_B,0,0,1,849
324,W1,SKU_C,327,0,0,583
324,W1,SKU_D,0,0,2303,1741
324,W1,SKU_E,278,0,0,249
324,W2,SKU_A,411,0,0,1164
324,W2,SKU_B,370,0,0,436
324,W2,SKU_C,1014,0,0,909
324,W2,SKU_D,0,0,370,930
324,W2,SKU_E,0,0,1047,1881
324,R1,SKU_A,350,0,0,421
324,R1,SKU_B,331,0,0,242
324,R1,SKU_C,323,0,0,348
324,R1,SKU_D,2007,0,0,795
324,R1,SKU_E,60,0,0,218
324,R2,SKU_A,467,0,0,450
324,R2,SKU_B,193,0,0,131
324,R2,SKU_C,26,0,0,187
324,R2,SKU_D,0,350,0,1081
324,R2,SKU_E,287,0,0,242
324,R3,SKU_A,1393,0,0,1243
324,R3,SKU_B,278,0,0,80
324,R3,SKU_C,710,0,0,377
324,R3,SKU_D,213,0,0,228
324,R3,SKU_E,571,0,0,0
325,Supplier,SKU_A,0,0,0,0
325,Supplier,SKU_B,0,0,0,0
325,Supplier,SKU_C,0,0,0,0
325,Supplier,SKU_D,0,0,0,0
325,Supplier,SKU_E,0,0,0,0
325,W1,SKU_A,2046,0,0,1674
325,W1,SKU_B,808,0,0,67
325,W1,SKU_C,494,0,0,1044
325,W1,SKU_D,0,0,2063,1501
325,W1,SKU_E,246,0,0,722
325,W2,SKU_A,411,0,0,1164
325,W2,SKU_B,235,0,0,436
325,W2,SKU_C,872,0,0,909
325,W2,SKU_D,0,0,600,930
325,W2,SKU_E,0,0,1525,1881
325,R1,SKU_A,662,0,0,0
325,R1,SKU_B,523,0,0,0
325,R1,SKU_C,607,0,0,0
325,R1,SKU_D,2748,0,0,0
325,R1,SKU_E,242,0,0,0
325,R2,SKU_A,541,0,0,299
325,R2,SKU_B,146,0,0,126
325,R2,SKU_C,9,0,0,144
325,R2,SKU_D,691,0,0,0
325,R2,SKU_E,325,0,0,151
325,R3,SKU_A,1225,0,0,1243
325,R3,SKU_B,217,0,0,80
325,R3,SKU_C,609,0,0,377
325,R3,SKU_D,118,0,0,228
325,R3,SKU_E,496,0,0,0
326,Supplier,SKU_A,0,0,0,0
326,Supplier,SKU_B,0,0,0,0
326,Supplier,SKU_C,0,0,0,0
326,Supplier,SKU_D,0,0,0,0
326,Supplier,SKU_E,0,0,0,0
326,W1,SKU_A,1797,0,0,1674
326,W1,SKU_B,666,0,0,67
326,W1,SKU_C,329,0,0,1044
326,W1,SKU_D,0,0,2063,1501
326,W1,SKU_E,125,0,0,722
326,W2,SKU_A,411,0,0,1164
326,W2,SKU_B,39,0,0,436
326,W2,SKU_C,629,0,0,909
326,W2,SKU_D,0,0,925,930
326,W2,SKU_E,0,0,2078,1881
326,R1,SKU_A,536,0,0,0
326,R1,SKU_B,475,0,0,0
326,R1,SKU_C,524,0,0,0
326,R1,SKU_D,2690,0,0,0
326,R1,SKU_E,198,0,0,0
326,R2,SKU_A,449,0,0,331
326,R2,SKU_B,85,0,0,199
326,R2,SKU_C,0,61,0,189
326,R2,SKU_D,646,0,0,240
326,R2,SKU_E,278,0,0,238
326,R3,SKU_A,1050,0,0,1243
326,R3,SKU_B,154,0,0,487
326,R3,SKU_C,476,0,0,771
326,R3,SKU_D,51,0,0,813
326,R3,SKU_E,406,0,0,206
327,Supplier,SKU_A,0,0,0,0
327,Supplier,SKU_B,0,0,0,0
327,Supplier,SKU_C,0,0,0,0
327,Supplier,SKU_D,0,0,0,0
327,Supplier,SKU_E,0,0,0,0
327,W1,SKU_A,1687,0,0,1349
327,W1,SKU_B,488,0,0,67
327,W1,SKU_C,416,0,0,684
327,W1,SKU_D,0,0,562,0
327,W1,SKU_E,249,0,0,473
327,W2,SKU_A,1351,0,0,1179
327,W2,SKU_B,387,0,0,519
327,W2,SKU_C,907,0,0,709
327,W2,SKU_D,0,0,413,786
327,W2,SKU_E,0,0,1998,2595
327,R1,SKU_A,419,0,0,668
327,R1,SKU_B,414,0,0,238
327,R1,SKU_C,429,0,0,379
327,R1,SKU_D,2625,0,0,0
327,R1,SKU_E,156,0,0,161
327,R2,SKU_A,684,0,0,124
327,R2,SKU_B,160,0,0,123
327,R2,SKU_C,20,0,0,115
327,R2,SKU_D,599,0,0,1741
327,R2,SKU_E,372,0,0,117
327,R3,SKU_A,2107,0,0,0
327,R3,SKU_B,150,0,0,407
327,R3,SKU_C,726,0,0,394
327,R3,SKU_D,163,0,0,585
327,R3,SKU_E,314,0,0,206
328,Supplier,SKU_A,0,0,0,0
328,Supplier,SKU_B,0,0,0,0
328,Supplier,SKU_C,0,0,0,0
328,Supplier,SKU_D,0,0,0,0
328,Supplier,SKU_E,0,0,0,0
328,W1,SKU_A,1623,0,0,1349
328,W1,SKU_B,437,0,0,700
328,W1,SKU_C,353,0,0,786
328,W1,SKU_D,0,0,562,0
328,W1,SKU_E,192,0,0,556
328,W2,SKU_A,1060,0,0,1179
328,W2,SKU_B,387,0,0,519
328,W2,SKU_C,798,0,0,709
328,W2,SKU_D,0,0,413,786
328,W2,SKU_E,0,0,2527,2595
328,R1,SKU_A,290,0,0,668
328,R1,SKU_B,335,0,0,238
328,R1,SKU_C,316,0,0,379
328,R1,SKU_D,2568,0,0,0
328,R1,SKU_E,100,0,0,161
328,R2,SKU_A,586,0,0,124
328,R2,SKU_B,97,0,0,123
328,R2,SKU_C,0,59,0,115
328,R2,SKU_D,534,0,0,1741
328,R2,SKU_E,315,0,0,117
328,R3,SKU_A,1915,0,0,0
328,R3,SKU_B,77,0,0,407
328,R3,SKU_C,580,0,0,394
328,R3,SKU_D,52,0,0,585
328,R3,SKU_E,210,0,0,206
329,Supplier,SKU_A,0,0,0,0
329,Supplier,SKU_B,0,0,0,0
329,Supplier,SKU_C,0,0,0,0
329,Supplier,SKU_D,0,0,0,0
329,Supplier,SKU_E,0,0,0,0
329,W1,SKU_A,1461,0,0,1349
329,W1,SKU_B,293,0,0,700
329,W1,SKU_C,179,0,0,786
329,W1,SKU_D,0,0,562,0
329,W1,SKU_E,46,0,0,556
329,W2,SKU_A,577,0,0,1179
329,W2,SKU_B,378,0,0,519
329,W2,SKU_C,543,0,0,709
329,W2,SKU_D,0,0,447,786
329,W2,SKU_E,0,0,3160,2595
329,R1,SKU_A,842,0,0,0
329,R1,SKU_B,501,0,0,0
329,R1,SKU_C,580,0,0,0
329,R1,SKU_D,2508,0,0,0
329,R1,SKU_E,193,0,0,0
329,R2,SKU_A,510,0,0,318
329,R2,SKU_B,112,0,0,215
329,R2,SKU_C,0,78,0,275
329,R2,SKU_D,724,0,0,1501
329,R2,SKU_E,339,0,0,201
329,R3,SKU_A,1705,0,0,879
329,R3,SKU_B,0,2,0,416
329,R3,SKU_C,469,0,0,758
329,R3,SKU_D,0,27,0,1097
329,R3,SKU_E,110,0,0,723
330,Supplier,SKU_A,0,0,0,0
330,Supplier,SKU_B,0,0,0,0
330,Supplier,SKU_C,0,0,0,0
330,Supplier,SKU_D,0,0,0,0
330,Supplier,SKU_E,0,0,0,0
330,W1,SKU_A,2729,0,0,0
330,W1,SKU_B,251,0,0,633
330,W1,SKU_C,715,0,0,102
330,W1,SKU_D,0,0,562,0
330,W1,SKU_E,413,0,0,83
330,W2,SKU_A,696,0,0,1114
330,W2,SKU_B,387,0,0,440
330,W2,SKU_C,1172,0,0,862
330,W2,SKU_D,0,0,29,368
330,W2,SKU_E,0,0,2012,2666
330,R1,SKU_A,744,0,0,0
330,R1,SKU_B,464,0,0,0
330,R1,SKU_C,526,0,0,0
330,R1,SKU_D,2470,0,0,0
330,R1,SKU_E,155,0,0,0
330,R2,SKU_A,535,0,0,226
330,R2,SKU_B,114,0,0,165
330,R2,SKU_C,0,49,0,205
330,R2,SKU_D,2181,0,0,0
330,R2,SKU_E,336,0,0,171
330,R3,SKU_A,1557,0,0,879
330,R3,SKU_B,358,0,0,88
330,R3,SKU_C,776,0,0,366
330,R3,SKU_D,486,0,0,930
330,R3,SKU_E,227,0,0,1881
331,Supplier,SKU_A,0,0,0,0
331,Supplier,SKU_B,0,0,0,0
331,Supplier,SKU_C,0,0,0,0
331,Supplier,SKU_D,0,0,0,0
331,Supplier,SKU_E,0,0,0,0
331,W1,SKU_A,2483,0,0,922
331,W1,SKU_B,57,0,0,679
331,W1,SKU_C,472,0,0,945
331,W1,SKU_D,0,0,562,0
331,W1,SKU_E,236,0,0,755
331,W2,SKU_A,696,0,0,1114
331,W2,SKU_B,340,0,0,440
331,W2,SKU_C,1085,0,0,862
331,W2,SKU_D,0,0,29,368
331,W2,SKU_E,0,0,2012,2666
331,R1,SKU_A,639,0,0,172
331,R1,SKU_B,417,0,0,271
331,R1,SKU_C,468,0,0,380
331,R1,SKU_D,2408,0,0,0
331,R1,SKU_E,119,0,0,270
331,R2,SKU_A,442,0,0,226
331,R2,SKU_B,56,0,0,165
331,R2,SKU_C,0,117,0,205
331,R2,SKU_D,2137,0,0,0
331,R2,SKU_E,279,0,0,171
331,R3,SKU_A,1420,0,0,879
331,R3,SKU_B,295,0,0,88
331,R3,SKU_C,696,0,0,366
331,R3,SKU_D,413,0,0,930
331,R3,SKU_E,134,0,0,1881
332,Supplier,SKU_A,0,0,0,0
332,Supplier,SKU_B,0,0,0,0
332,Supplier,SKU_C,0,0,0,0
332,Supplier,SKU_D,0,0,0,0
332,Supplier,SKU_E,0,0,0,0
332,W1,SKU_A,2211,0,0,922
332,W1,SKU_B,0,0,56,679
332,W1,SKU_C,362,0,0,945
332,W1,SKU_D,0,0,562,0
332,W1,SKU_E,140,0,0,755
332,W2,SKU_A,597,0,0,1114
332,W2,SKU_B,230,0,0,440
332,W2,SKU_C,918,0,0,862
332,W2,SKU_D,0,0,29,368
332,W2,SKU_E,0,0,2012,2666
332,R1,SKU_A,500,0,0,172
332,R1,SKU_B,359,0,0,271
332,R1,SKU_C,384,0,0,380
332,R1,SKU_D,2341,0,0,0
332,R1,SKU_E,86,0,0,270
332,R2,SKU_A,577,0,0,359
332,R2,SKU_B,179,0,0,119
332,R2,SKU_C,37,0,0,153
332,R2,SKU_D,2099,0,0,0
332,R2,SKU_E,397,0,0,141
332,R3,SKU_A,1289,0,0,879
332,R3,SKU_B,234,0,0,88
332,R3,SKU_C,639,0,0,366
332,R3,SKU_D,343,0,0,930
332,R3,SKU_E,63,0,0,1881
333,Supplier,SKU_A,0,0,0,0
333,Supplier,SKU_B,0,0,0,0
333,Supplier,SKU_C,0,0,0,0
333,Supplier,SKU_D,0,0,0,0
333,Supplier,SKU_E,0,0,0,0
333,W1,SKU_A,2004,0,0,922
333,W1,SKU_B,541,0,0,46
333,W1,SKU_C,456,0,0,843
333,W1,SKU_D,0,0,562,0
333,W1,SKU_E,215,0,0,672
333,W2,SKU_A,1427,0,0,903
333,W2,SKU_B,490,0,0,343
333,W2,SKU_C,772,0,0,784
333,W2,SKU_D,339,0,0,0
333,W2,SKU_E,0,0,781,1435
333,R1,SKU_A,538,0,0,0
333,R1,SKU_B,597,0,0,0
333,R1,SKU_C,675,0,0,0
333,R1,SKU_D,2270,0,0,0
333,R1,SKU_E,314,0,0,0
333,R2,SKU_A,472,0,0,359
333,R2,SKU_B,126,0,0,119
333,R2,SKU_C,0,5,0,153
333,R2,SKU_D,2057,0,0,0
333,R2,SKU_E,351,0,0,141
333,R3,SKU_A,2016,0,0,329
333,R3,SKU_B,179,0,0,407
333,R3,SKU_C,916,0,0,480
333,R3,SKU_D,772,0,0,447
333,R3,SKU_E,508,0,0,2595
334,Supplier,SKU_A,0,0,0,0
334,Supplier,SKU_B,0,0,0,0
334,Supplier,SKU_C,0,0,0,0
334,Supplier,SKU_D,0,0,0,0
334,Supplier,SKU_E,0,0,0,0
334,W1,SKU_A,1622,0,0,1159
334,W1,SKU_B,446,0,0,703
334,W1,SKU_C,354,0,0,853
334,W1,SKU_D,0,0,562,0
334,W1,SKU_E,161,0,0,672
334,W2,SKU_A,1374,0,0,903
334,W2,SKU_B,490,0,0,343
334,W2,SKU_C,772,0,0,784
334,W2,SKU_D,339,0,0,0
334,W2,SKU_E,0,0,781,1435
334,R1,SKU_A,372,0,0,616
334,R1,SKU_B,513,0,0,6
334,R1,SKU_C,566,0,0,52
334,R1,SKU_D,2183,0,0,0
334,R1,SKU_E,262,0,0,0
334,R2,SKU_A,368,0,0,400
334,R2,SKU_B,60,0,0,300
334,R2,SKU_C,0,78,0,211
334,R2,SKU_D,1983,0,0,0
334,R2,SKU_E,288,0,0,203
334,R3,SKU_A,1782,0,0,329
334,R3,SKU_B,154,0,0,328
334,R3,SKU_C,715,0,0,478
334,R3,SKU_D,1058,0,0,29
334,R3,SKU_E,1762,0,0,1231
335,Supplier,SKU_A,0,0,0,0
335,Supplier,SKU_B,0,0,0,0
335,Supplier,SKU_C,0,0,0,0
335,Supplier,SKU_D,0,0,0,0
335,Supplier,SKU_E,0,0,0,0
335,W1,SKU_A,1518,0,0,1159
335,W1,SKU_B,362,0,0,703
335,W1,SKU_C,180,0,0,853
335,W1,SKU_D,0,0,562,0
335,W1,SKU_E,75,0,0,672
335,W2,SKU_A,1087,0,0,903
335,W2,SKU_B,479,0,0,343
335,W2,SKU_C,736,0,0,784
335,W2,SKU_D,339,0,0,0
335,W2,SKU_E,0,0,781,1435
335,R1,SKU_A,140,0,0,616
335,R1,SKU_B,401,0,0,6
335,R1,SKU_C,372,0,0,52
335,R1,SKU_D,2091,0,0,0
335,R1,SKU_E,189,0,0,0
335,R2,SKU_A,588,0,0,41
335,R2,SKU_B,100,0,0,181
335,R2,SKU_C,0,15,0,58
335,R2,SKU_D,1914,0,0,0
335,R2,SKU_E,352,0,0,62
335,R3,SKU_A,1518,0,0,329
335,R3,SKU_B,63,0,0,328
335,R3,SKU_C,570,0,0,478
335,R3,SKU_D,891,0,0,29
335,R3,SKU_E,1622,0,0,1231
336,Supplier,SKU_A,0,0,0,0
336,Supplier,SKU_B,0,0,0,0
336,Supplier,SKU_C,0,0,0,0
336,Supplier,SKU_D,0,0,0,0
336,Supplier,SKU_E,0,0,0,0
336,W1,SKU_A,2074,0,0,237
336,W1,SKU_B,159,0,0,657
336,W1,SKU_C,565,0,0,10
336,W1,SKU_D,0,0,562,0
336,W1,SKU_E,511,0,0,0
336,W2,SKU_A,590,0,0,849
336,W2,SKU_B,386,0,0,334
336,W2,SKU_C,1339,0,0,0
336,W2,SKU_D,339,0,0,0
336,W2,SKU_E,654,0,0,0
336,R1,SKU_A,548,0,0,0
336,R1,SKU_B,316,0,0,0
336,R1,SKU_C,260,0,0,0
336,R1,SKU_D,1985,0,0,0
336,R1,SKU_E,126,0,0,0
336,R2,SKU_A,435,0,0,388
336,R2,SKU_B,51,0,0,234
336,R2,SKU_C,0,100,0,278
336,R2,SKU_D,1857,0,0,0
336,R2,SKU_E,296,0,0,249
336,R3,SKU_A,1300,0,0,1220
336,R3,SKU_B,0,4,0,441
336,R3,SKU_C,437,0,0,695
336,R3,SKU_D,736,0,0,29
336,R3,SKU_E,1517,0,0,2012
337,Supplier,SKU_A,0,0,0,0
337,Supplier,SKU_B,0,0,0,0
337,Supplier,SKU_C,0,0,0,0
337,Supplier,SKU_D,0,0,0,0
337,Supplier,SKU_E,0,0,0,0
337,W1,SKU_A,1694,0,0,2150
337,W1,SKU_B,0,0,177,772
337,W1,SKU_C,78,0,0,1195
337,W1,SKU_D,0,0,562,0
337,W1,SKU_E,343,0,0,494
337,W2,SKU_A,590,0,0,1501
337,W2,SKU_B,330,0,0,600
337,W2,SKU_C,1242,0,0,765
337,W2,SKU_D,339,0,0,133
337,W2,SKU_E,654,0,0,0
337,R1,SKU_A,426,0,0,454
337,R1,SKU_B,282,0,0,439
337,R1,SKU_C,199,0,0,879
337,R1,SKU_D,1921,0,0,0
337,R1,SKU_E,92,0,0,302
337,R2,SKU_A,392,0,0,347
337,R2,SKU_B,186,0,0,53
337,R2,SKU_C,0,93,0,220
337,R2,SKU_D,1806,0,0,0
337,R2,SKU_E,310,0,0,187
337,R3,SKU_A,1496,0,0,891
337,R3,SKU_B,282,0,0,113
337,R3,SKU_C,828,0,0,217
337,R3,SKU_D,690,0,0,0
337,R3,SKU_E,2679,0,0,781
338,Supplier,SKU_A,0,0,0,0
338,Supplier,SKU_B,0,0,0,0
338,Supplier,SKU_C,0,0,0,0
338,Supplier,SKU_D,0,0,0,0
338,Supplier,SKU_E,0,0,0,0
338,W1,SKU_A,1561,0,0,2150
338,W1,SKU_B,0,0,272,772
338,W1,SKU_C,7,0,0,1195
338,W1,SKU_D,0,0,562,0
338,W1,SKU_E,294,0,0,494
338,W2,SKU_A,579,0,0,1501
338,W2,SKU_B,232,0,0,600
338,W2,SKU_C,1058,0,0,765
338,W2,SKU_D,339,0,0,133
338,W2,SKU_E,654,0,0,0
338,R1,SKU_A,336,0,0,454
338,R1,SKU_B,235,0,0,439
338,R1,SKU_C,127,0,0,879
338,R1,SKU_D,1870,0,0,0
338,R1,SKU_E,49,0,0,302
338,R2,SKU_A,313,0,0,347
338,R2,SKU_B,134,0,0,53
338,R2,SKU_C,0,142,0,220
338,R2,SKU_D,1774,0,0,0
338,R2,SKU_E,274,0,0,187
338,R3,SKU_A,1375,0,0,891
338,R3,SKU_B,205,0,0,113
338,R3,SKU_C,764,0,0,217
338,R3,SKU_D,609,0,0,0
338,R3,SKU_E,2599,0,0,781
339,Supplier,SKU_A,0,0,0,0
339,Supplier,SKU_B,0,0,0,0
339,Supplier,SKU_C,0,0,0,0
339,Supplier,SKU_D,0,0,0,0
339,Supplier,SKU_E,0,0,0,0
339,W1,SKU_A,1497,0,0,1913
339,W1,SKU_B,238,0,0,115
339,W1,SKU_C,0,0,103,1185
339,W1,SKU_D,0,0,562,0
339,W1,SKU_E,209,0,0,494
339,W2,SKU_A,1296,0,0,652
339,W2,SKU_B,391,0,0,266
339,W2,SKU_C,810,0,0,765
339,W2,SKU_D,277,0,0,133
339,W2,SKU_E,654,0,0,0
339,R1,SKU_A,689,0,0,0
339,R1,SKU_B,627,0,0,0
339,R1,SKU_C,941,0,0,0
339,R1,SKU_D,1826,0,0,0
339,R1,SKU_E,312,0,0,0
339,R2,SKU_A,594,0,0,394
339,R2,SKU_B,140,0,0,291
339,R2,SKU_C,32,0,0,108
339,R2,SKU_D,1735,0,0,0
339,R2,SKU_E,406,0,0,135
339,R3,SKU_A,1242,0,0,1034
339,R3,SKU_B,152,0,0,442
339,R3,SKU_C,708,0,0,746
339,R3,SKU_D,537,0,0,62
339,R3,SKU_E,2526,0,0,781
340,Supplier,SKU_A,0,0,0,0
340,Supplier,SKU_B,0,0,0,0
340,Supplier,SKU_C,0,0,0,0
340,Supplier,SKU_D,0,0,0,0
340,Supplier,SKU_E,0,0,0,0
340,W1,SKU_A,1307,0,0,1913
340,W1,SKU_B,238,0,0,1096
340,W1,SKU_C,0,0,161,1185
340,W1,SKU_D,0,0,562,0
340,W1,SKU_E,204,0,0,549
340,W2,SKU_A,1174,0,0,859
340,W2,SKU_B,391,0,0,355
340,W2,SKU_C,810,0,0,765
340,W2,SKU_D,205,0,0,592
340,W2,SKU_E,654,0,0,0
340,R1,SKU_A,580,0,0,0
340,R1,SKU_B,574,0,0,0
340,R1,SKU_C,844,0,0,0
340,R1,SKU_D,1758,0,0,0
340,R1,SKU_E,277,0,0,0
340,R2,SKU_A,524,0,0,394
340,R2,SKU_B,101,0,0,291
340,R2,SKU_C,0,7,0,108
340,R2,SKU_D,1703,0,0,0
340,R2,SKU_E,350,0,0,135
340,R3,SKU_A,1980,0,0,143
340,R3,SKU_B,211,0,0,329
340,R3,SKU_C,826,0,0,529
340,R3,SKU_D,450,0,0,62
340,R3,SKU_E,3233,0,0,0
341,Supplier,SKU_A,0,0,0,0
341,Supplier,SKU_B,0,0,0,0
341,Supplier,SKU_C,0,0,0,0
341,Supplier,SKU_D,0,0,0,0
341,Supplier,SKU_E,0,0,0,0
341,W1,SKU_A,1008,0,0,1913
341,W1,SKU_B,209,0,0,1096
341,W1,SKU_C,0,0,258,1185
341,W1,SKU_D,0,0,562,0
341,W1,SKU_E,127,0,0,549
341,W2,SKU_A,899,0,0,859
341,W2,SKU_B,391,0,0,355
341,W2,SKU_C,810,0,0,765
341,W2,SKU_D,46,0,0,592
341,W2,SKU_E,654,0,0,0
341,R1,SKU_A,461,0,0,578
341,R1,SKU_B,478,0,0,157
341,R1,SKU_C,738,0,0,0
341,R1,SKU_D,1688,0,0,0
341,R1,SKU_E,207,0,0,16
341,R2,SKU_A,413,0,0,394
341,R2,SKU_B,41,0,0,291
341,R2,SKU_C,0,67,0,108
341,R2,SKU_D,1642,0,0,0
341,R2,SKU_E,280,0,0,135
341,R3,SKU_A,1805,0,0,143
341,R3,SKU_B,136,0,0,329
341,R3,SKU_C,732,0,0,529
341,R3,SKU_D,356,0,0,62
341,R3,SKU_E,3136,0,0,0
342,Supplier,SKU_A,0,0,0,0
342,Supplier,SKU_B,0,0,0,0
342,Supplier,SKU_C,0,0,0,0
342,Supplier,SKU_D,0,0,0,0
342,Supplier,SKU_E,0,0,0,0
342,W1,SKU_A,2856,0,0,0
342,W1,SKU_B,322,0,0,981
342,W1,SKU_C,770,0,0,0
342,W1,SKU_D,0,0,562,0
342,W1,SKU_E,420,0,0,55
342,W2,SKU_A,449,0,0,859
342,W2,SKU_B,363,0,0,355
342,W2,SKU_C,810,0,0,765
342,W2,SKU_D,0,0,207,592
342,W2,SKU_E,654,0,0,0
342,R1,SKU_A,279,0,0,578
342,R1,SKU_B,379,0,0,157
342,R1,SKU_C,578,0,0,0
342,R1,SKU_D,1588,0,0,0
342,R1,SKU_E,140,0,0,16
342,R2,SKU_A,698,0,0,65
342,R2,SKU_B,256,0,0,2
342,R2,SKU_C,0,33,0,415
342,R2,SKU_D,1572,0,0,0
342,R2,SKU_E,344,0,0,197
342,R3,SKU_A,1611,0,0,990
342,R3,SKU_B,54,0,0,357
342,R3,SKU_C,566,0,0,529
342,R3,SKU_D,206,0,0,339
342,R3,SKU_E,3022,0,0,0
343,Supplier,SKU_A,0,0,0,0
343,Supplier,SKU_B,0,0,0,0
343,Supplier,SKU_C,0,0,0,0
343,Supplier,SKU_D,0,0,0,0
343,Supplier,SKU_E,0,0,0,0
343,W1,SKU_A,2725,0,0,371
343,W1,SKU_B,179,0,0,981
343,W1,SKU_C,621,0,0,923
343,W1,SKU_D,0,0,562,0
343,W1,SKU_E,278,0,0,746
343,W2,SKU_A,1101,0,0,1099
343,W2,SKU_B,547,0,0,429
343,W2,SKU_C,1441,0,0,220
343,W2,SKU_D,0,0,200,766
343,W2,SKU_E,654,0,0,0
343,R1,SKU_A,678,0,0,0
343,R1,SKU_B,443,0,0,0
343,R1,SKU_C,438,0,0,0
343,R1,SKU_D,1495,0,0,0
343,R1,SKU_E,81,0,0,0
343,R2,SKU_A,587,0,0,65
343,R2,SKU_B,183,0,0,2
343,R2,SKU_C,0,110,0,415
343,R2,SKU_D,1518,0,0,0
343,R2,SKU_E,278,0,0,197
343,R3,SKU_A,1538,0,0,847
343,R3,SKU_B,299,0,0,28
343,R3,SKU_C,957,0,0,0
343,R3,SKU_D,128,0,0,277
343,R3,SKU_E,2910,0,0,0
344,Supplier,SKU_A,0,0,0,0
344,Supplier,SKU_B,0,0,0,0
344,Supplier,SKU_C,0,0,0,0
344,Supplier,SKU_D,0,0,0,0
344,Supplier,SKU_E,0,0,0,0
344,W1,SKU_A,2304,0,0,371
344,W1,SKU_B,0,0,130,981
344,W1,SKU_C,332,0,0,923
344,W1,SKU_D,0,0,562,0
344,W1,SKU_E,0,0,5,746
344,W2,SKU_A,1088,0,0,1099
344,W2,SKU_B,381,0,0,429
344,W2,SKU_C,1169,0,0,220
344,W2,SKU_D,0,0,466,766
344,W2,SKU_E,654,0,0,0
344,R1,SKU_A,550,0,0,223
344,R1,SKU_B,380,0,0,227
344,R1,SKU_C,343,0,0,438
344,R1,SKU_D,1439,0,0,0
344,R1,SKU_E,32,0,0,419
344,R2,SKU_A,496,0,0,394
344,R2,SKU_B,129,0,0,97
344,R2,SKU_C,0,174,0,415
344,R2,SKU_D,1469,0,0,0
344,R2,SKU_E,222,0,0,268
344,R3,SKU_A,1395,0,0,847
344,R3,SKU_B,228,0,0,28
344,R3,SKU_C,888,0,0,0
344,R3,SKU_D,36,0,0,277
344,R3,SKU_E,2835,0,0,0
345,Supplier,SKU_A,0,0,0,0
345,Supplier,SKU_B,0,0,0,0
345,Supplier,SKU_C,0,0,0,0
345,Supplier,SKU_D,0,0,0,0
345,Supplier,SKU_E,0,0,0,0
345,W1,SKU_A,2198,0,0,371
345,W1,SKU_B,743,0,0,0
345,W1,SKU_C,332,0,0,923
345,W1,SKU_D,0,0,562,0
345,W1,SKU_E,0,0,6,691
345,W2,SKU_A,932,0,0,1099
345,W2,SKU_B,144,0,0,429
345,W2,SKU_C,828,0,0,220
345,W2,SKU_D,0,0,824,766
345,W2,SKU_E,654,0,0,0
345,R1,SKU_A,400,0,0,223
345,R1,SKU_B,308,0,0,227
345,R1,SKU_C,240,0,0,438
345,R1,SKU_D,1372,0,0,0
345,R1,SKU_E,0,10,0,419
345,R2,SKU_A,466,0,0,329
345,R2,SKU_B,65,0,0,333
345,R2,SKU_C,185,0,0,0
345,R2,SKU_D,1421,0,0,0
345,R2,SKU_E,368,0,0,126
345,R3,SKU_A,1229,0,0,1016
345,R3,SKU_B,156,0,0,513
345,R3,SKU_C,796,0,0,747
345,R3,SKU_D,0,37,0,410
345,R3,SKU_E,2762,0,0,0
346,Supplier,SKU_A,0,0,0,0
346,Supplier,SKU_B,0,0,0,0
346,Supplier,SKU_C,0,0,0,0
346,Supplier,SKU_D,0,0,0,0
346,Supplier,SKU_E,0,0,0,0
346,W1,SKU_A,1865,0,0,1804
346,W1,SKU_B,675,0,0,264
346,W1,SKU_C,270,0,0,950
346,W1,SKU_D,0,0,562,0
346,W1,SKU_E,0,0,58,704
346,W2,SKU_A,986,0,0,1010
346,W2,SKU_B,233,0,0,428
346,W2,SKU_C,828,0,0,783
346,W2,SKU_D,0,0,663,1816
346,W2,SKU_E,654,0,0,0
346,R1,SKU_A,519,0,0,0
346,R1,SKU_B,484,0,0,0
346,R1,SKU_C,574,0,0,0
346,R1,SKU_D,1307,0,0,0
346,R1,SKU_E,367,0,0,0
346,R2,SKU_A,356,0,0,329
346,R2,SKU_B,0,12,0,333
346,R2,SKU_C,105,0,0,0
346,R2,SKU_D,1358,0,0,0
346,R2,SKU_E,312,0,0,126
346,R3,SKU_A,1924,0,0,169
346,R3,SKU_B,132,0,0,485
346,R3,SKU_C,721,0,0,747
346,R3,SKU_D,163,0,0,133
346,R3,SKU_E,2687,0,0,0
347,Supplier,SKU_A,0,0,0,0
347,Supplier,SKU_B,0,0,0,0
347,Supplier,SKU_C,0,0,0,0
347,Supplier,SKU_D,0,0,0,0
347,Supplier,SKU_E,0,0,0,0
347,W1,SKU_A,1318,0,0,1804
347,W1,SKU_B,543,0,0,264
347,W1,SKU_C,24,0,0,950
347,W1,SKU_D,0,0,562,0
347,W1,SKU_E,0,0,166,704
347,W2,SKU_A,681,0,0,1010
347,W2,SKU_B,233,0,0,428
347,W2,SKU_C,828,0,0,783
347,W2,SKU_D,0,0,1038,1816
347,W2,SKU_E,654,0,0,0
347,R1,SKU_A,365,0,0,722
347,R1,SKU_B,425,0,0,187
347,R1,SKU_C,468,0,0,202
347,R1,SKU_D,1242,0,0,0
347,R1,SKU_E,323,0,0,0
347,R2,SKU_A,583,0,0,0
347,R2,SKU_B,19,0,0,238
347,R2,SKU_C,44,0,0,0
347,R2,SKU_D,1303,0,0,0
347,R2,SKU_E,315,0,0,55
347,R3,SKU_A,1753,0,0,169
347,R3,SKU_B,76,0,0,485
347,R3,SKU_C,619,0,0,747
347,R3,SKU_D,63,0,0,133
347,R3,SKU_E,2609,0,0,0
348,Supplier,SKU_A,0,0,0,0
348,Supplier,SKU_B,0,0,0,0
348,Supplier,SKU_C,0,0,0,0
348,Supplier,SKU_D,0,0,0,0
348,Supplier,SKU_E,0,0,0,0
348,W1,SKU_A,1400,0,0,1433
348,W1,SKU_B,466,0,0,264
348,W1,SKU_C,736,0,0,27
348,W1,SKU_D,0,0,562,0
348,W1,SKU_E,349,0,0,13
348,W2,SKU_A,205,0,0,1010
348,W2,SKU_B,233,0,0,428
348,W2,SKU_C,828,0,0,783
348,W2,SKU_D,0,0,1513,1816
348,W2,SKU_E,654,0,0,0
348,R1,SKU_A,226,0,0,722
348,R1,SKU_B,353,0,0,187
348,R1,SKU_C,370,0,0,202
348,R1,SKU_D,1175,0,0,0
348,R1,SKU_E,268,0,0,0
348,R2,SKU_A,485,0,0,553
348,R2,SKU_B,201,0,0,90
348,R2,SKU_C,0,16,0,260
348,R2,SKU_D,1248,0,0,0
348,R2,SKU_E,304,0,0,342
348,R3,SKU_A,1581,0,0,1103
348,R3,SKU_B,1,0,0,485
348,R3,SKU_C,503,0,0,747
348,R3,SKU_D,0,44,0,592
348,R3,SKU_E,2517,0,0,0
349,Supplier,SKU_A,0,0,0,0
349,Supplier,SKU_B,0,0,0,0
349,Supplier,SKU_C,0,0,0,0
349,Supplier,SKU_D,0,0,0,0
349,Supplier,SKU_E,0,0,0,0
349,W1,SKU_A,1400,0,0,1433
349,W1,SKU_B,360,0,0,638
349,W1,SKU_C,581,0,0,1055
349,W1,SKU_D,0,0,562,0
349,W1,SKU_E,324,0,0,888
349,W2,SKU_A,1097,0,0,1088
349,W2,SKU_B,566,0,0,407
349,W2,SKU_C,1048,0,0,565
349,W2,SKU_D,0,0,1329,1851
349,W2,SKU_E,654,0,0,0
349,R1,SKU_A,772,0,0,0
349,R1,SKU_B,431,0,0,0
349,R1,SKU_C,417,0,0,0
349,R1,SKU_D,1088,0,0,0
349,R1,SKU_E,197,0,0,0
349,R2,SKU_A,362,0,0,553
349,R2,SKU_B,152,0,0,90
349,R2,SKU_C,0,84,0,260
349,R2,SKU_D,1172,0,0,0
349,R2,SKU_E,238,0,0,342
349,R3,SKU_A,1538,0,0,934
349,R3,SKU_B,410,0,0,0
349,R3,SKU_C,1128,0,0,0
349,R3,SKU_D,0,46,0,459
349,R3,SKU_E,2411,0,0,0
350,Supplier,SKU_A,0,0,0,0
350,Supplier,SKU_B,0,0,0,0
350,Supplier,SKU_C,0,0,0,0
350,Supplier,SKU_D,0,0,0,0
350,Supplier,SKU_E,0,0,0,0
350,W1,SKU_A,1293,0,0,1433
350,W1,SKU_B,96,0,0,638
350,W1,SKU_C,249,0,0,1055
350,W1,SKU_D,0,0,562,0
350,W1,SKU_E,228,0,0,888
350,W2,SKU_A,1097,0,0,1088
350,W2,SKU_B,483,0,0,407
350,W2,SKU_C,947,0,0,565
350,W2,SKU_D,0,0,1587,1851
350,W2,SKU_E,654,0,0,0
350,R1,SKU_A,604,0,0,107
350,R1,SKU_B,332,0,0,235
350,R1,SKU_C,294,0,0,522
350,R1,SKU_D,999,0,0,0
350,R1,SKU_E,134,0,0,121
350,R2,SKU_A,252,0,0,553
350,R2,SKU_B,112,0,0,90
350,R2,SKU_C,0,152,0,260
350,R2,SKU_D,1106,0,0,0
350,R2,SKU_E,177,0,0,342
350,R3,SKU_A,1314,0,0,934
350,R3,SKU_B,348,0,0,0
350,R3,SKU_C,1015,0,0,0
350,R3,SKU_D,0,169,0,459
350,R3,SKU_E,2312,0,0,0
351,Supplier,SKU_A,0,0,0,0
351,Supplier,SKU_B,0,0,0,0
351,Supplier,SKU_C,0,0,0,0
351,Supplier,SKU_D,0,0,0,0
351,Supplier,SKU_E,0,0,0,0
351,W1,SKU_A,2491,0,0,0
351,W1,SKU_B,192,0,0,374
351,W1,SKU_C,186,0,0,1028
351,W1,SKU_D,0,0,562,0
351,W1,SKU_E,176,0,0,875
351,W2,SKU_A,947,0,0,1088
351,W2,SKU_B,338,0,0,407
351,W2,SKU_C,733,0,0,565
351,W2,SKU_D,0,0,1968,1851
351,W2,SKU_E,654,0,0,0
351,R1,SKU_A,482,0,0,107
351,R1,SKU_B,274,0,0,235
351,R1,SKU_C,216,0,0,522
351,R1,SKU_D,948,0,0,0
351,R1,SKU_E,87,0,0,121
351,R2,SKU_A,702,0,0,67
351,R2,SKU_B,159,0,0,267
351,R2,SKU_C,38,0,0,112
351,R2,SKU_D,1025,0,0,0
351,R2,SKU_E,459,0,0,27
351,R3,SKU_A,1158,0,0,1084
351,R3,SKU_B,293,0,0,235
351,R3,SKU_C,909,0,0,315
351,R3,SKU_D,0,248,0,766
351,R3,SKU_E,2218,0,0,0
352,Supplier,SKU_A,0,0,0,0
352,Supplier,SKU_B,0,0,0,0
352,Supplier,SKU_C,0,0,0,0
352,Supplier,SKU_D,0,0,0,0
352,Supplier,SKU_E,0,0,0,0
352,W1,SKU_A,2098,0,0,1642
352,W1,SKU_B,98,0,0,858
352,W1,SKU_C,138,0,0,1071
352,W1,SKU_D,0,0,562,481
352,W1,SKU_E,31,0,0,875
352,W2,SKU_A,909,0,0,1087
352,W2,SKU_B,426,0,0,368
352,W2,SKU_C,1291,0,0,700
352,W2,SKU_D,0,0,612,1137
352,W2,SKU_E,654,0,0,0
352,R1,SKU_A,486,0,0,0
352,R1,SKU_B,470,0,0,0
352,R1,SKU_C,681,0,0,0
352,R1,SKU_D,894,0,0,0
352,R1,SKU_E,170,0,0,0
352,R2,SKU_A,611,0,0,67
352,R2,SKU_B,103,0,0,267
352,R2,SKU_C,0,13,0,112
352,R2,SKU_D,981,0,0,0
352,R2,SKU_E,400,0,0,27
352,R3,SKU_A,1980,0,0,306
352,R3,SKU_B,247,0,0,235
352,R3,SKU_C,822,0,0,320
352,R3,SKU_D,139,0,0,1816
352,R3,SKU_E,2145,0,0,0
353,Supplier,SKU_A,0,0,0,0
353,Supplier,SKU_B,0,0,0,0
353,Supplier,SKU_C,0,0,0,0
353,Supplier,SKU_D,0,0,0,0
353,Supplier,SKU_E,0,0,0,0
353,W1,SKU_A,1511,0,0,1642
353,W1,SKU_B,0,0,35,858
353,W1,SKU_C,0,0,7,1071
353,W1,SKU_D,0,0,562,481
353,W1,SKU_E,0,0,211,875
353,W2,SKU_A,797,0,0,1087
353,W2,SKU_B,415,0,0,368
353,W2,SKU_C,1204,0,0,700
353,W2,SKU_D,0,0,612,1137
353,W2,SKU_E,654,0,0,0
353,R1,SKU_A,374,0,0,851
353,R1,SKU_B,420,0,0,228
353,R1,SKU_C,591,0,0,46
353,R1,SKU_D,841,0,0,0
353,R1,SKU_E,130,0,0,154
353,R2,SKU_A,536,0,0,67
353,R2,SKU_B,37,0,0,267
353,R2,SKU_C,0,68,0,112
353,R2,SKU_D,942,0,0,0
353,R2,SKU_E,364,0,0,27
353,R3,SKU_A,1824,0,0,306
353,R3,SKU_B,198,0,0,235
353,R3,SKU_C,744,0,0,320
353,R3,SKU_D,82,0,0,1816
353,R3,SKU_E,2073,0,0,0
354,Supplier,SKU_A,0,0,0,0
354,Supplier,SKU_B,0,0,0,0
354,Supplier,SKU_C,0,0,0,0
354,Supplier,SKU_D,0,0,0,0
354,Supplier,SKU_E,0,0,0,0
354,W1,SKU_A,1242,0,0,1642
354,W1,SKU_B,309,0,0,484
354,W1,SKU_C,777,0,0,43
354,W1,SKU_D,0,0,562,481
354,W1,SKU_E,500,0,0,0
354,W2,SKU_A,529,0,0,1087
354,W2,SKU_B,355,0,0,368
354,W2,SKU_C,1039,0,0,700
354,W2,SKU_D,0,0,612,1137
354,W2,SKU_E,654,0,0,0
354,R1,SKU_A,253,0,0,851
354,R1,SKU_B,357,0,0,228
354,R1,SKU_C,530,0,0,46
354,R1,SKU_D,793,0,0,0
354,R1,SKU_E,80,0,0,154
354,R2,SKU_A,508,0,0,566
354,R2,SKU_B,246,0,0,30
354,R2,SKU_C,0,1,0,301
354,R2,SKU_D,909,0,0,0
354,R2,SKU_E,329,0,0,334
354,R3,SKU_A,1671,0,0,306
354,R3,SKU_B,133,0,0,235
354,R3,SKU_C,668,0,0,320
354,R3,SKU_D,0,17,0,1816
354,R3,SKU_E,1986,0,0,0
355,Supplier,SKU_A,0,0,0,0
355,Supplier,SKU_B,0,0,0,0
355,Supplier,SKU_C,0,0,0,0
355,Supplier,SKU_D,0,0,0,0
355,Supplier,SKU_E,0,0,0,0
355,W1,SKU_A,1242,0,0,1642
355,W1,SKU_B,233,0,0,644
355,W1,SKU_C,626,0,0,688
355,W1,SKU_D,0,0,582,580
355,W1,SKU_E,441,0,0,325
355,W2,SKU_A,1078,0,0,918
355,W2,SKU_B,549,0,0,350
355,W2,SKU_C,800,0,0,698
355,W2,SKU_D,0,0,270,795
355,W2,SKU_E,654,0,0,0
355,R1,SKU_A,972,0,0,0
355,R1,SKU_B,505,0,0,0
355,R1,SKU_C,491,0,0,0
355,R1,SKU_D,738,0,0,0
355,R1,SKU_E,193,0,0,0
355,R2,SKU_A,417,0,0,566
355,R2,SKU_B,165,0,0,30
355,R2,SKU_C,0,65,0,301
355,R2,SKU_D,844,0,0,0
355,R2,SKU_E,280,0,0,334
355,R3,SKU_A,1648,0,0,957
355,R3,SKU_B,279,0,0,196
355,R3,SKU_C,864,0,0,498
355,R3,SKU_D,196,0,0,1851
355,R3,SKU_E,1874,0,0,0
356,Supplier,SKU_A,0,0,0,0
356,Supplier,SKU_B,0,0,0,0
356,Supplier,SKU_C,0,0,0,0
356,Supplier,SKU_D,0,0,0,0
356,Supplier,SKU_E,0,0,0,0
356,W1,SKU_A,1242,0,0,1642
356,W1,SKU_B,0,0,4,644
356,W1,SKU_C,390,0,0,688
356,W1,SKU_D,0,0,657,580
356,W1,SKU_E,341,0,0,325
356,W2,SKU_A,1078,0,0,918
356,W2,SKU_B,531,0,0,350
356,W2,SKU_C,800,0,0,698
356,W2,SKU_D,0,0,270,795
356,W2,SKU_E,654,0,0,0
356,R1,SKU_A,806,0,0,0
356,R1,SKU_B,370,0,0,151
356,R1,SKU_C,344,0,0,477
356,R1,SKU_D,657,0,0,0
356,R1,SKU_E,127,0,0,260
356,R2,SKU_A,295,0,0,566
356,R2,SKU_B,97,0,0,30
356,R2,SKU_C,0,155,0,301
356,R2,SKU_D,763,0,0,0
356,R2,SKU_E,220,0,0,334
356,R3,SKU_A,1611,0,0,801
356,R3,SKU_B,196,0,0,196
356,R3,SKU_C,747,0,0,493
356,R3,SKU_D,1578,0,0,342
356,R3,SKU_E,1756,0,0,0
357,Supplier,SKU_A,0,0,0,0
357,Supplier,SKU_B,0,0,0,0
357,Supplier,SKU_C,0,0,0,0
357,Supplier,SKU_D,0,0,0,0
357,Supplier,SKU_E,0,0,0,0
357,W1,SKU_A,2800,0,0,0
357,W1,SKU_B,191,0,0,160
357,W1,SKU_C,381,0,0,645
357,W1,SKU_D,0,0,332,99
357,W1,SKU_E,341,0,0,325
357,W2,SKU_A,1078,0,0,918
357,W2,SKU_B,430,0,0,350
357,W2,SKU_C,800,0,0,698
357,W2,SKU_D,0,0,270,795
357,W2,SKU_E,654,0,0,0
357,R1,SKU_A,619,0,0,0
357,R1,SKU_B,240,0,0,151
357,R1,SKU_C,205,0,0,477
357,R1,SKU_D,574,0,0,0
357,R1,SKU_E,57,0,0,260
357,R2,SKU_A,729,0,0,11
357,R2,SKU_B,39,0,0,404
357,R2,SKU_C,53,0,0,52
357,R2,SKU_D,699,0,0,230
357,R2,SKU_E,482,0,0,0
357,R3,SKU_A,1400,0,0,801
357,R3,SKU_B,129,0,0,196
357,R3,SKU_C,617,0,0,493
357,R3,SKU_D,1458,0,0,342
357,R3,SKU_E,1649,0,0,0
358,Supplier,SKU_A,0,0,0,0
358,Supplier,SKU_B,0,0,0,0
358,Supplier,SKU_C,0,0,0,0
358,Supplier,SKU_D,0,0,0,0
358,Supplier,SKU_E,0,0,0,0
358,W1,SKU_A,2408,0,0,831
358,W1,SKU_B,0,0,21,1160
358,W1,SKU_C,243,0,0,977
358,W1,SKU_D,0,0,571,788
358,W1,SKU_E,277,0,0,475
358,W2,SKU_A,998,0,0,998
358,W2,SKU_B,311,0,0,430
358,W2,SKU_C,1379,0,0,383
358,W2,SKU_D,525,0,0,0
358,W2,SKU_E,654,0,0,0
358,R1,SKU_A,481,0,0,0
358,R1,SKU_B,320,0,0,0
358,R1,SKU_C,601,0,0,0
358,R1,SKU_D,505,0,0,0
358,R1,SKU_E,261,0,0,0
358,R2,SKU_A,614,0,0,11
358,R2,SKU_B,0,27,0,404
358,R2,SKU_C,0,30,0,52
358,R2,SKU_D,651,0,0,230
358,R2,SKU_E,427,0,0,0
358,R3,SKU_A,1262,0,0,998
358,R3,SKU_B,83,0,0,483
358,R3,SKU_C,551,0,0,612
358,R3,SKU_D,1378,0,0,612
358,R3,SKU_E,1570,0,0,0
359,Supplier,SKU_A,0,0,0,0
359,Supplier,SKU_B,0,0,0,0
359,Supplier,SKU_C,0,0,0,0
359,Supplier,SKU_D,0,0,0,0
359,Supplier,SKU_E,0,0,0,0
359,W1,SKU_A,1763,0,0,831
359,W1,SKU_B,0,0,304,1160
359,W1,SKU_C,0,0,59,977
359,W1,SKU_D,0,0,879,788
359,W1,SKU_E,126,0,0,475
359,W2,SKU_A,860,0,0,998
359,W2,SKU_B,311,0,0,430
359,W2,SKU_C,1313,0,0,383
359,W2,SKU_D,525,0,0,0
359,W2,SKU_E,654,0,0,0
359,R1,SKU_A,296,0,0,731
359,R1,SKU_B,283,0,0,273
359,R1,SKU_C,487,0,0,171
359,R1,SKU_D,427,0,0,251
359,R1,SKU_E,220,0,0,32
359,R2,SKU_A,509,0,0,390
359,R2,SKU_B,0,85,0,404
359,R2,SKU_C,0,98,0,262
359,R2,SKU_D,602,0,0,230
359,R2,SKU_E,376,0,0,183
359,R3,SKU_A,1919,0,0,197
359,R3,SKU_B,221,0,0,287
359,R3,SKU_C,959,0,0,119
359,R3,SKU_D,1634,0,0,270
359,R3,SKU_E,1488,0,0,0
360,Supplier,SKU_A,0,0,0,0
360,Supplier,SKU_B,0,0,0,0
360,Supplier,SKU_C,0,0,0,0
360,Supplier,SKU_D,0,0,0,0
360,Supplier,SKU_E,0,0,0,0
360,W1,SKU_A,1763,0,0,831
360,W1,SKU_B,0,0,206,1000
360,W1,SKU_C,483,0,0,332
360,W1,SKU_D,0,0,915,689
360,W1,SKU_E,410,0,0,150
360,W2,SKU_A,578,0,0,998
360,W2,SKU_B,311,0,0,430
360,W2,SKU_C,1162,0,0,383
360,W2,SKU_D,525,0,0,0
360,W2,SKU_E,654,0,0,0
360,R1,SKU_A,163,0,0,731
360,R1,SKU_B,233,0,0,273
360,R1,SKU_C,404,0,0,171
360,R1,SKU_D,371,0,0,251
360,R1,SKU_E,190,0,0,32
360,R2,SKU_A,422,0,0,379
360,R2,SKU_B,269,0,0,0
360,R2,SKU_C,0,96,0,210
360,R2,SKU_D,777,0,0,0
360,R2,SKU_E,328,0,0,183
360,R3,SKU_A,1777,0,0,197
360,R3,SKU_B,185,0,0,287
360,R3,SKU_C,890,0,0,119
360,R3,SKU_D,1549,0,0,270
360,R3,SKU_E,1424,0,0,0
361,Supplier,SKU_A,0,0,0,0
361,Supplier,SKU_B,0,0,0,0
361,Supplier,SKU_C,0,0,0,0
361,Supplier,SKU_D,0,0,0,0
361,Supplier,SKU_E,0,0,0,0
361,W1,SKU_A,1692,0,0,1636
361,W1,SKU_B,0,0,368,1083
361,W1,SKU_C,247,0,0,1156
361,W1,SKU_D,0,0,1106,1420
361,W1,SKU_E,304,0,0,733
361,W2,SKU_A,955,0,0,1041
361,W2,SKU_B,591,0,0,326
361,W2,SKU_C,942,0,0,498
361,W2,SKU_D,525,0,0,0
361,W2,SKU_E,654,0,0,0
361,R1,SKU_A,754,0,0,0
361,R1,SKU_B,450,0,0,0
361,R1,SKU_C,483,0,0,0
361,R1,SKU_D,564,0,0,0
361,R1,SKU_E,181,0,0,0
361,R2,SKU_A,342,0,0,379
361,R2,SKU_B,228,0,0,0
361,R2,SKU_C,0,154,0,210
361,R2,SKU_D,723,0,0,0
361,R2,SKU_E,277,0,0,183
361,R3,SKU_A,1632,0,0,1041
361,R3,SKU_B,113,0,0,308
361,R3,SKU_C,807,0,0,556
361,R3,SKU_D,1463,0,0,270
361,R3,SKU_E,1357,0,0,0
362,Supplier,SKU_A,0,0,0,0
362,Supplier,SKU_B,0,0,0,0
362,Supplier,SKU_C,0,0,0,0
362,Supplier,SKU_D,0,0,0,0
362,Supplier,SKU_E,0,0,0,0
362,W1,SKU_A,1416,0,0,1636
362,W1,SKU_B,0,0,627,1083
362,W1,SKU_C,0,0,139,1156
362,W1,SKU_D,0,0,1355,1420
362,W1,SKU_E,106,0,0,733
362,W2,SKU_A,955,0,0,1041
362,W2,SKU_B,519,0,0,326
362,W2,SKU_C,942,0,0,498
362,W2,SKU_D,525,0,0,0
362,W2,SKU_E,654,0,0,0
362,R1,SKU_A,629,0,0,125
362,R1,SKU_B,375,0,0,160
362,R1,SKU_C,406,0,0,465
362,R1,SKU_D,502,0,0,99
362,R1,SKU_E,143,0,0,224
362,R2,SKU_A,635,0,0,222
362,R2,SKU_B,180,0,0,0
362,R2,SKU_C,10,0,0,180
362,R2,SKU_D,666,0,0,0
362,R2,SKU_E,407,0,0,121
362,R3,SKU_A,1659,0,0,844
362,R3,SKU_B,318,0,0,21
362,R3,SKU_C,811,0,0,437
362,R3,SKU_D,1626,0,0,0
362,R3,SKU_E,1269,0,0,0
363,Supplier,SKU_A,0,0,0,0
363,Supplier,SKU_B,0,0,0,0
363,Supplier,SKU_C,0,0,0,0
363,Supplier,SKU_D,0,0,0,0
363,Supplier,SKU_E,0,0,0,0
363,W1,SKU_A,2107,0,0,949
363,W1,SKU_B,151,0,0,983
363,W1,SKU_C,185,0,0,891
363,W1,SKU_D,0,0,878,1121
363,W1,SKU_E,238,0,0,583
363,W2,SKU_A,955,0,0,1041
363,W2,SKU_B,365,0,0,326
363,W2,SKU_C,942,0,0,498
363,W2,SKU_D,525,0,0,0
363,W2,SKU_E,654,0,0,0
363,R1,SKU_A,471,0,0,125
363,R1,SKU_B,269,0,0,160
363,R1,SKU_C,261,0,0,465
363,R1,SKU_D,418,0,0,99
363,R1,SKU_E,76,0,0,224
363,R2,SKU_A,529,0,0,237
363,R2,SKU_B,114,0,0,340
363,R2,SKU_C,0,71,0,327
363,R2,SKU_D,609,0,0,0
363,R2,SKU_E,350,0,0,139
363,R3,SKU_A,1446,0,0,844
363,R3,SKU_B,232,0,0,21
363,R3,SKU_C,628,0,0,437
363,R3,SKU_D,1485,0,0,0
363,R3,SKU_E,1175,0,0,0
364,Supplier,SKU_A,0,0,0,0
364,Supplier,SKU_B,0,0,0,0
364,Supplier,SKU_C,0,0,0,0
364,Supplier,SKU_D,0,0,0,0
364,Supplier,SKU_E,0,0,0,0
364,W1,SKU_A,1718,0,0,949
364,W1,SKU_B,0,0,23,983
364,W1,SKU_C,184,0,0,891
364,W1,SKU_D,0,0,1174,1121
364,W1,SKU_E,181,0,0,583
364,W2,SKU_A,1044,0,0,952
364,W2,SKU_B,254,0,0,415
364,W2,SKU_C,1161,0,0,708
364,W2,SKU_D,525,0,0,0
364,W2,SKU_E,654,0,0,0
364,R1,SKU_A,434,0,0,408
364,R1,SKU_B,343,0,0,660
364,R1,SKU_C,601,0,0,1
364,R1,SKU_D,429,0,0,689
364,R1,SKU_E,231,0,0,0
364,R2,SKU_A,408,0,0,237
364,R2,SKU_B,49,0,0,340
364,R2,SKU_C,0,119,0,327
364,R2,SKU_D,556,0,0,0
364,R2,SKU_E,297,0,0,139
364,R3,SKU_A,1280,0,0,952
364,R3,SKU_B,178,0,0,487
364,R3,SKU_C,528,0,0,601
364,R3,SKU_D,1404,0,0,0
364,R3,SKU_E,1089,0,0,0
