t_ship,parent,child,sku,lead_time,qty
2,W1,R2,SKU_A,3,223
2,W1,R2,SKU_B,3,94
2,W1,R2,SKU_C,3,118
2,W1,R2,SKU_D,3,96
2,W1,R2,SKU_E,3,76
2,W2,R3,SKU_A,4,388
2,W2,R3,SKU_B,4,98
2,W2,R3,SKU_C,4,251
2,W2,R3,SKU_D,4,177
2,W2,R3,SKU_E,4,141
3,Supplier,W1,SKU_A,5,452
3,Supplier,W1,SKU_B,5,189
3,Supplier,W1,SKU_C,5,273
3,Supplier,W1,SKU_D,5,186
3,Supplier,W1,SKU_E,5,158
3,Supplier,W2,SKU_A,6,388
3,Supplier,W2,SKU_B,6,98
3,Supplier,W2,SKU_C,6,251
3,Supplier,W2,SKU_D,6,177
3,Supplier,W2,SKU_E,6,141
3,W1,R1,SKU_A,2,315
3,W1,R1,SKU_B,2,120
3,W1,R1,SKU_C,2,213
3,W1,R1,SKU_D,2,122
3,W1,R1,SKU_E,2,124
4,W1,R2,SKU_A,3,173
4,W1,R2,SKU_B,3,98
4,W1,R2,SKU_C,3,94
4,W1,R2,SKU_D,3,68
4,W1,R2,SKU_E,3,50
5,W2,R3,SKU_A,4,523
5,W2,R3,SKU_B,4,148
5,W2,R3,SKU_C,4,271
5,W2,R3,SKU_D,4,199
5,W2,R3,SKU_E,4,179
6,Supplier,W1,SKU_A,5,535
6,Supplier,W1,SKU_B,5,256
6,Supplier,W1,SKU_C,5,353
6,Supplier,W1,SKU_D,5,221
6,Supplier,W1,SKU_E,5,194
6,Supplier,W2,SKU_A,6,523
6,Supplier,W2,SKU_B,6,148
6,Supplier,W2,SKU_C,6,271
6,Supplier,W2,SKU_D,6,199
6,Supplier,W2,SKU_E,6,179
6,W1,R1,SKU_A,2,303
6,W1,R1,SKU_B,2,147
6,W1,R1,SKU_C,2,253
6,W1,R1,SKU_D,2,125
6,W1,R1,SKU_E,2,137
6,W1,R2,SKU_A,3,209
6,W1,R2,SKU_B,3,133
6,W1,R2,SKU_C,3,145
6,W1,R2,SKU_D,3,98
6,W1,R2,SKU_E,3,79
7,W2,R3,SKU_A,4,502
7,W2,R3,SKU_B,4,125
7,W2,R3,SKU_C,4,312
7,W2,R3,SKU_D,4,204
7,W2,R3,SKU_E,4,204
8,Supplier,W1,SKU_A,5,521
8,Supplier,W1,SKU_B,5,301
8,Supplier,W1,SKU_C,5,416
8,Supplier,W1,SKU_D,5,214
8,Supplier,W1,SKU_E,5,248
8,Supplier,W2,SKU_A,6,502
8,Supplier,W2,SKU_B,6,125
8,Supplier,W2,SKU_C,6,312
8,Supplier,W2,SKU_D,6,204
8,Supplier,W2,SKU_E,6,204
8,W1,R1,SKU_A,2,302
8,W1,R1,SKU_B,2,158
8,W1,R1,SKU_C,2,237
8,W1,R1,SKU_D,2,127
8,W1,R1,SKU_E,2,127
8,W1,R2,SKU_A,3,244
8,W1,R2,SKU_B,3,140
8,W1,R2,SKU_C,3,185
8,W1,R2,SKU_D,3,89
8,W1,R2,SKU_E,3,122
9,W2,R3,SKU_A,4,419
9,W2,R3,SKU_B,4,161
9,W2,R3,SKU_C,4,252
9,W2,R3,SKU_D,4,182
9,W2,R3,SKU_E,4,169
10,Supplier,W1,SKU_A,5,464
10,Supplier,W1,SKU_B,5,252
10,Supplier,W1,SKU_C,5,315
10,Supplier,W1,SKU_D,5,168
10,Supplier,W1,SKU_E,5,203
10,Supplier,W2,SKU_A,6,419
10,Supplier,W2,SKU_B,6,161
10,Supplier,W2,SKU_C,6,252
10,Supplier,W2,SKU_D,6,182
10,Supplier,W2,SKU_E,6,169
10,W1,R2,SKU_A,3,210
10,W1,R2,SKU_B,3,92
10,W1,R2,SKU_C,3,107
10,W1,R2,SKU_D,3,82
10,W1,R2,SKU_E,3,42
11,W1,R1,SKU_A,2,304
11,W1,R1,SKU_B,2,112
11,W1,R1,SKU_C,2,190
11,W1,R1,SKU_D,2,112
11,W1,R1,SKU_E,2,112
12,W1,R2,SKU_A,3,199
12,W1,R2,SKU_B,3,80
12,W1,R2,SKU_C,3,89
12,W1,R2,SKU_D,3,59
12,W1,R2,SKU_E,3,101
12,W2,R3,SKU_A,4,513
12,W2,R3,SKU_B,4,203
12,W2,R3,SKU_C,4,289
12,W2,R3,SKU_D,4,231
12,W2,R3,SKU_E,4,237
13,Supplier,W1,SKU_A,5,606
13,Supplier,W1,SKU_B,5,221
13,Supplier,W1,SKU_C,5,338
13,Supplier,W1,SKU_D,5,229
13,Supplier,W1,SKU_E,5,248
13,Supplier,W2,SKU_A,6,513
13,Supplier,W2,SKU_B,6,203
13,Supplier,W2,SKU_C,6,289
13,Supplier,W2,SKU_D,6,231
13,Supplier,W2,SKU_E,6,237
13,W1,R1,SKU_A,2,236
13,W1,R1,SKU_B,2,115
13,W1,R1,SKU_C,2,135
13,W1,R1,SKU_D,2,78
13,W1,R1,SKU_E,2,102
14,W1,R2,SKU_A,3,240
14,W1,R2,SKU_B,3,144
14,W1,R2,SKU_C,3,122
14,W1,R2,SKU_D,3,103
14,W1,R2,SKU_E,3,126
14,W2,R3,SKU_A,4,505
14,W2,R3,SKU_B,4,171
14,W2,R3,SKU_C,4,373
14,W2,R3,SKU_D,4,232
14,W2,R3,SKU_E,4,219
15,Supplier,W1,SKU_A,5,535
15,Supplier,W1,SKU_B,5,303
15,Supplier,W1,SKU_C,5,295
15,Supplier,W1,SKU_D,5,209
15,Supplier,W1,SKU_E,5,235
15,Supplier,W2,SKU_A,6,505
15,Supplier,W2,SKU_B,6,189
15,Supplier,W2,SKU_C,6,373
15,Supplier,W2,SKU_D,6,232
15,Supplier,W2,SKU_E,6,219
15,W1,R1,SKU_A,2,304
15,W1,R1,SKU_B,2,160
15,W1,R1,SKU_C,2,196
15,W1,R1,SKU_D,2,128
15,W1,R1,SKU_E,2,148
16,W1,R2,SKU_A,3,224
16,W1,R2,SKU_B,3,92
16,W1,R2,SKU_C,3,98
16,W1,R2,SKU_D,3,87
16,W1,R2,SKU_E,3,76
16,W2,R3,SKU_A,4,518
16,W2,R3,SKU_C,4,228
16,W2,R3,SKU_D,4,181
16,W2,R3,SKU_E,4,140
16,W2,R3,SKU_B,4,133
17,Supplier,W1,SKU_A,5,514
17,Supplier,W1,SKU_B,5,197
17,Supplier,W1,SKU_C,5,268
17,Supplier,W1,SKU_D,5,208
17,Supplier,W1,SKU_E,5,224
17,Supplier,W2,SKU_A,6,518
17,Supplier,W2,SKU_B,6,115
17,Supplier,W2,SKU_C,6,228
17,Supplier,W2,SKU_D,6,181
17,Supplier,W2,SKU_E,6,140
18,W1,R1,SKU_A,2,398
18,W1,R1,SKU_B,2,88
18,W1,R1,SKU_C,2,195
18,W1,R1,SKU_D,2,134
18,W1,R1,SKU_E,2,121
18,W1,R2,SKU_B,3,100
18,W1,R2,SKU_C,3,75
18,W1,R2,SKU_D,3,87
18,W1,R2,SKU_A,3,178
18,W1,R2,SKU_E,3,115
19,W2,R3,SKU_A,4,527
19,W2,R3,SKU_B,4,168
19,W2,R3,SKU_C,4,292
19,W2,R3,SKU_D,4,243
19,W2,R3,SKU_E,4,203
20,Supplier,W1,SKU_A,5,622
20,Supplier,W1,SKU_B,5,230
20,Supplier,W1,SKU_C,5,289
20,Supplier,W1,SKU_D,5,206
20,Supplier,W1,SKU_E,5,221
20,Supplier,W2,SKU_A,6,527
20,Supplier,W2,SKU_B,6,168
20,Supplier,W2,SKU_C,6,292
20,Supplier,W2,SKU_D,6,243
20,Supplier,W2,SKU_E,6,203
20,W1,R2,SKU_A,3,224
20,W1,R2,SKU_B,3,102
20,W1,R2,SKU_C,3,73
20,W1,R2,SKU_D,3,75
20,W1,R2,SKU_E,3,78
21,W1,R1,SKU_A,2,390
21,W1,R1,SKU_B,2,177
21,W1,R1,SKU_C,2,247
21,W1,R1,SKU_D,2,152
21,W1,R1,SKU_E,2,173
21,W2,R3,SKU_A,4,450
21,W2,R3,SKU_B,4,171
21,W2,R3,SKU_C,4,280
21,W2,R3,SKU_D,4,218
21,W2,R3,SKU_E,4,168
22,Supplier,W1,SKU_A,5,560
22,Supplier,W1,SKU_B,5,278
22,Supplier,W1,SKU_C,5,270
22,Supplier,W1,SKU_D,5,230
22,Supplier,W1,SKU_E,5,234
22,Supplier,W2,SKU_A,6,450
22,Supplier,W2,SKU_B,6,171
22,Supplier,W2,SKU_C,6,280
22,Supplier,W2,SKU_D,6,218
22,Supplier,W2,SKU_E,6,168
22,W1,R2,SKU_A,3,255
22,W1,R2,SKU_B,3,148
22,W1,R2,SKU_C,3,110
22,W1,R2,SKU_D,3,105
22,W1,R2,SKU_E,3,98
23,W1,R1,SKU_A,2,271
23,W1,R1,SKU_B,2,127
23,W1,R1,SKU_C,2,157
23,W1,R1,SKU_D,2,102
23,W1,R1,SKU_E,2,107
23,W2,R3,SKU_A,4,376
23,W2,R3,SKU_B,4,158
23,W2,R3,SKU_C,4,254
23,W2,R3,SKU_D,4,201
23,W2,R3,SKU_E,4,148
24,Supplier,W1,SKU_A,5,496
24,Supplier,W1,SKU_B,5,253
24,Supplier,W1,SKU_C,5,254
24,Supplier,W1,SKU_D,5,196
24,Supplier,W1,SKU_E,5,203
24,Supplier,W2,SKU_A,6,376
24,Supplier,W2,SKU_B,6,158
24,Supplier,W2,SKU_C,6,254
24,Supplier,W2,SKU_D,6,201
24,Supplier,W2,SKU_E,6,148
25,W1,R2,SKU_A,3,261
25,W1,R2,SKU_B,3,140
25,W1,R2,SKU_C,3,107
25,W1,R2,SKU_D,3,122
25,W1,R2,SKU_E,3,113
26,W1,R1,SKU_A,2,321
26,W1,R1,SKU_B,2,107
26,W1,R1,SKU_C,2,189
26,W1,R1,SKU_D,2,90
26,W1,R1,SKU_E,2,91
26,W2,R3,SKU_A,4,512
26,W2,R3,SKU_B,4,178
26,W2,R3,SKU_C,4,295
26,W2,R3,SKU_D,4,243
26,W2,R3,SKU_E,4,195
27,Supplier,W1,SKU_A,5,572
27,Supplier,W1,SKU_B,5,249
27,Supplier,W1,SKU_C,5,315
27,Supplier,W1,SKU_D,5,215
27,Supplier,W1,SKU_E,5,189
27,Supplier,W2,SKU_A,6,512
27,Supplier,W2,SKU_B,6,178
27,Supplier,W2,SKU_C,6,295
27,Supplier,W2,SKU_D,6,243
27,Supplier,W2,SKU_E,6,195
27,W1,R2,SKU_A,3,166
27,W1,R2,SKU_B,3,121
27,W1,R2,SKU_C,3,88
27,W1,R2,SKU_D,3,92
27,W1,R2,SKU_E,3,90
28,W1,R1,SKU_A,2,271
28,W1,R1,SKU_B,2,126
28,W1,R1,SKU_C,2,216
28,W1,R1,SKU_D,2,108
28,W1,R1,SKU_E,2,111
28,W2,R3,SKU_A,4,397
28,W2,R3,SKU_B,4,142
28,W2,R3,SKU_C,4,290
28,W2,R3,SKU_D,4,205
28,W2,R3,SKU_E,4,190
29,Supplier,W1,SKU_A,5,454
29,Supplier,W1,SKU_B,5,268
29,Supplier,W1,SKU_C,5,319
29,Supplier,W1,SKU_D,5,213
29,Supplier,W1,SKU_E,5,205
29,Supplier,W2,SKU_A,6,397
29,Supplier,W2,SKU_B,6,142
29,Supplier,W2,SKU_C,6,290
29,Supplier,W2,SKU_D,6,205
29,Supplier,W2,SKU_E,6,190
29,W1,R2,SKU_A,3,215
29,W1,R2,SKU_B,3,146
29,W1,R2,SKU_C,3,124
29,W1,R2,SKU_D,3,104
29,W1,R2,SKU_E,3,87
30,W1,R1,SKU_A,2,286
30,W1,R1,SKU_B,2,122
30,W1,R1,SKU_C,2,199
30,W1,R1,SKU_D,2,111
30,W1,R1,SKU_E,2,95
30,W2,R3,SKU_A,4,404
30,W2,R3,SKU_B,4,133
30,W2,R3,SKU_C,4,201
30,W2,R3,SKU_D,4,152
30,W2,R3,SKU_E,4,156
31,Supplier,W1,SKU_A,5,506
31,Supplier,W1,SKU_B,5,241
31,Supplier,W1,SKU_C,5,307
31,Supplier,W1,SKU_D,5,196
31,Supplier,W1,SKU_E,5,186
31,Supplier,W2,SKU_A,6,404
31,Supplier,W2,SKU_B,6,133
31,Supplier,W2,SKU_C,6,201
31,Supplier,W2,SKU_D,6,152
31,Supplier,W2,SKU_E,6,156
31,W1,R2,SKU_A,3,192
31,W1,R2,SKU_B,3,99
31,W1,R2,SKU_C,3,96
31,W1,R2,SKU_D,3,70
31,W1,R2,SKU_E,3,75
33,W1,R1,SKU_A,2,317
33,W1,R1,SKU_B,2,138
33,W1,R1,SKU_C,2,198
33,W1,R1,SKU_D,2,104
33,W1,R1,SKU_E,2,125
33,W2,R3,SKU_A,4,513
33,W2,R3,SKU_B,4,170
33,W2,R3,SKU_C,4,290
33,W2,R3,SKU_D,4,235
33,W2,R3,SKU_E,4,199
34,Supplier,W1,SKU_A,5,546
34,Supplier,W1,SKU_B,5,280
34,Supplier,W1,SKU_C,5,303
34,Supplier,W1,SKU_D,5,197
34,Supplier,W1,SKU_E,5,214
34,Supplier,W2,SKU_A,6,513
34,Supplier,W2,SKU_B,6,170
34,Supplier,W2,SKU_C,6,290
34,Supplier,W2,SKU_D,6,235
34,Supplier,W2,SKU_E,6,199
34,W1,R2,SKU_A,3,247
34,W1,R2,SKU_B,3,140
34,W1,R2,SKU_C,3,108
34,W1,R2,SKU_D,3,109
34,W1,R2,SKU_E,3,93
35,W1,R1,SKU_A,2,346
35,W1,R1,SKU_B,2,153
35,W1,R1,SKU_C,2,251
35,W1,R1,SKU_D,2,138
35,W1,R1,SKU_E,2,111
35,W2,R3,SKU_A,4,367
35,W2,R3,SKU_B,4,157
35,W2,R3,SKU_C,4,249
35,W2,R3,SKU_D,4,177
35,W2,R3,SKU_E,4,138
36,Supplier,W1,SKU_A,5,523
36,Supplier,W1,SKU_B,5,270
36,Supplier,W1,SKU_C,5,355
36,Supplier,W1,SKU_D,5,232
36,Supplier,W1,SKU_E,5,181
36,Supplier,W2,SKU_A,6,367
36,Supplier,W2,SKU_B,6,157
36,Supplier,W2,SKU_C,6,249
36,Supplier,W2,SKU_D,6,177
36,Supplier,W2,SKU_E,6,138
36,W1,R2,SKU_A,3,162
36,W1,R2,SKU_B,3,145
36,W1,R2,SKU_C,3,127
36,W1,R2,SKU_D,3,89
36,W1,R2,SKU_E,3,89
37,W1,R1,SKU_A,2,340
37,W1,R1,SKU_B,2,107
37,W1,R1,SKU_C,2,214
37,W1,R1,SKU_D,2,127
37,W1,R1,SKU_E,2,104
37,W2,R3,SKU_A,4,431
37,W2,R3,SKU_B,4,151
37,W2,R3,SKU_C,4,279
37,W2,R3,SKU_D,4,185
37,W2,R3,SKU_E,4,159
38,Supplier,W1,SKU_A,5,528
38,Supplier,W1,SKU_B,5,249
38,Supplier,W1,SKU_C,5,331
38,Supplier,W1,SKU_D,5,210
38,Supplier,W1,SKU_E,5,206
38,Supplier,W2,SKU_A,6,431
38,Supplier,W2,SKU_B,6,151
38,Supplier,W2,SKU_C,6,279
38,Supplier,W2,SKU_D,6,185
38,Supplier,W2,SKU_E,6,159
38,W1,R2,SKU_A,3,161
38,W1,R2,SKU_B,3,118
38,W1,R2,SKU_C,3,74
38,W1,R2,SKU_D,3,71
38,W1,R2,SKU_E,3,79
39,W1,R1,SKU_A,2,247
39,W1,R1,SKU_B,2,123
39,W1,R1,SKU_C,2,161
39,W1,R1,SKU_D,2,88
39,W1,R1,SKU_E,2,77
40,Supplier,W1,SKU_A,5,411
40,Supplier,W1,SKU_B,5,228
40,Supplier,W1,SKU_C,5,233
40,Supplier,W1,SKU_D,5,148
40,Supplier,W1,SKU_E,5,153
40,Supplier,W2,SKU_A,6,431
40,Supplier,W2,SKU_B,6,121
40,Supplier,W2,SKU_C,6,227
40,Supplier,W2,SKU_D,6,195
40,Supplier,W2,SKU_E,6,151
40,W1,R2,SKU_A,3,206
40,W1,R2,SKU_B,3,130
40,W1,R2,SKU_C,3,88
40,W1,R2,SKU_D,3,77
40,W1,R2,SKU_E,3,100
40,W2,R3,SKU_A,4,663
40,W2,R3,SKU_B,4,194
40,W2,R3,SKU_C,4,371
40,W2,R3,SKU_D,4,278
40,W2,R3,SKU_E,4,229
41,W1,R1,SKU_A,2,277
41,W1,R1,SKU_B,2,134
41,W1,R1,SKU_C,2,186
41,W1,R1,SKU_D,2,90
41,W1,R1,SKU_E,2,85
42,Supplier,W1,SKU_A,5,473
42,Supplier,W1,SKU_B,5,287
42,Supplier,W1,SKU_C,5,306
42,Supplier,W1,SKU_D,5,194
42,Supplier,W1,SKU_E,5,197
42,Supplier,W2,SKU_A,6,446
42,Supplier,W2,SKU_B,6,154
42,Supplier,W2,SKU_C,6,273
42,Supplier,W2,SKU_D,6,188
42,Supplier,W2,SKU_E,6,185
42,W1,R2,SKU_A,3,203
42,W1,R2,SKU_B,3,160
42,W1,R2,SKU_C,3,140
42,W1,R2,SKU_D,3,112
42,W1,R2,SKU_E,3,122
42,W2,R3,SKU_A,4,481
42,W2,R3,SKU_B,4,180
42,W2,R3,SKU_C,4,326
42,W2,R3,SKU_D,4,235
42,W2,R3,SKU_E,4,205
43,W1,R1,SKU_A,2,413
43,W1,R1,SKU_B,2,212
43,W1,R1,SKU_C,2,308
43,W1,R1,SKU_D,2,118
43,W1,R1,SKU_E,2,115
44,Supplier,W1,SKU_A,5,627
44,Supplier,W1,SKU_B,5,384
44,Supplier,W1,SKU_C,5,439
44,Supplier,W1,SKU_D,5,234
44,Supplier,W1,SKU_E,5,238
44,Supplier,W2,SKU_A,6,525
44,Supplier,W2,SKU_B,6,182
44,Supplier,W2,SKU_C,6,364
44,Supplier,W2,SKU_D,6,244
44,Supplier,W2,SKU_E,6,203
44,W1,R2,SKU_A,3,208
44,W1,R2,SKU_B,3,88
44,W1,R2,SKU_C,3,196
44,W1,R2,SKU_D,3,129
44,W1,R2,SKU_E,3,79
44,W2,R3,SKU_A,4,442
44,W2,R3,SKU_B,4,161
44,W2,R3,SKU_C,4,300
44,W2,R3,SKU_D,4,179
44,W2,R3,SKU_E,4,176
45,W1,R1,SKU_A,2,306
45,W1,R1,SKU_B,2,137
45,W1,R1,SKU_C,2,220
45,W1,R1,SKU_D,2,109
45,W1,R1,SKU_E,2,103
45,W1,R2,SKU_A,3,154
45,W1,R2,SKU_B,3,125
45,W1,R2,SKU_C,3,82
45,W1,R2,SKU_D,3,65
45,W1,R2,SKU_E,3,97
46,Supplier,W1,SKU_A,5,556
46,Supplier,W1,SKU_B,5,262
46,Supplier,W1,SKU_C,5,432
46,Supplier,W1,SKU_D,5,246
46,Supplier,W1,SKU_E,5,218
46,Supplier,W2,SKU_A,6,409
46,Supplier,W2,SKU_B,6,156
46,Supplier,W2,SKU_C,6,245
46,Supplier,W2,SKU_D,6,153
46,Supplier,W2,SKU_E,6,166
46,W2,R3,SKU_A,4,389
46,W2,R3,SKU_C,4,259
46,W2,R3,SKU_D,4,165
46,W2,R3,SKU_E,4,168
46,W2,R3,SKU_B,4,121
47,W1,R1,SKU_A,2,343
47,W1,R1,SKU_B,2,170
47,W1,R1,SKU_C,2,152
47,W1,R1,SKU_D,2,134
47,W1,R1,SKU_E,2,102
47,W1,R2,SKU_C,3,87
47,W1,R2,SKU_D,3,96
47,W1,R2,SKU_A,3,199
47,W1,R2,SKU_B,3,127
47,W1,R2,SKU_E,3,90
48,Supplier,W1,SKU_A,5,542
48,Supplier,W1,SKU_B,5,300
48,Supplier,W1,SKU_C,5,239
48,Supplier,W1,SKU_D,5,230
48,Supplier,W1,SKU_E,5,192
48,Supplier,W2,SKU_A,6,363
48,Supplier,W2,SKU_B,6,148
48,Supplier,W2,SKU_C,6,265
48,Supplier,W2,SKU_D,6,159
48,Supplier,W2,SKU_E,6,142
48,W2,R3,SKU_A,4,478
48,W2,R3,SKU_C,4,282
48,W2,R3,SKU_D,4,194
48,W2,R3,SKU_E,4,152
48,W2,R3,SKU_B,4,154
49,W1,R1,SKU_A,2,366
49,W1,R1,SKU_C,2,324
49,W1,R1,SKU_D,2,144
49,W1,R1,SKU_E,2,108
49,W1,R1,SKU_B,2,156
49,W1,R2,SKU_D,3,96
49,W1,R2,SKU_A,3,231
49,W1,R2,SKU_B,3,178
49,W1,R2,SKU_C,3,176
49,W1,R2,SKU_E,3,129
50,Supplier,W1,SKU_A,5,597
50,Supplier,W1,SKU_B,5,331
50,Supplier,W1,SKU_C,5,500
50,Supplier,W1,SKU_D,5,240
50,Supplier,W1,SKU_E,5,237
50,Supplier,W2,SKU_A,6,535
50,Supplier,W2,SKU_B,6,115
50,Supplier,W2,SKU_C,6,339
50,Supplier,W2,SKU_D,6,214
50,Supplier,W2,SKU_E,6,164
50,W2,R3,SKU_A,4,505
50,W2,R3,SKU_C,4,361
50,W2,R3,SKU_D,4,224
50,W2,R3,SKU_E,4,165
50,W2,R3,SKU_B,4,139
51,W1,R1,SKU_A,2,326
51,W1,R1,SKU_B,2,183
51,W1,R1,SKU_C,2,226
51,W1,R1,SKU_D,2,117
51,W1,R1,SKU_E,2,115
51,W1,R2,SKU_D,3,75
51,W1,R2,SKU_A,3,206
51,W1,R2,SKU_B,3,129
51,W1,R2,SKU_C,3,141
51,W1,R2,SKU_E,3,97
52,Supplier,W1,SKU_A,5,532
52,Supplier,W1,SKU_B,5,339
52,Supplier,W1,SKU_C,5,367
52,Supplier,W1,SKU_D,5,192
52,Supplier,W1,SKU_E,5,212
52,Supplier,W2,SKU_A,6,453
52,Supplier,W2,SKU_B,6,158
52,Supplier,W2,SKU_C,6,383
52,Supplier,W2,SKU_D,6,229
52,Supplier,W2,SKU_E,6,154
52,W2,R3,SKU_A,4,343
52,W2,R3,SKU_B,4,127
52,W2,R3,SKU_C,4,261
52,W2,R3,SKU_D,4,188
52,W2,R3,SKU_E,4,133
53,W1,R1,SKU_A,2,284
53,W1,R1,SKU_C,2,163
53,W1,R1,SKU_D,2,94
53,W1,R1,SKU_E,2,75
53,W1,R1,SKU_B,2,107
53,W1,R2,SKU_C,3,102
53,W1,R2,SKU_D,3,95
53,W1,R2,SKU_A,3,195
53,W1,R2,SKU_B,3,185
53,W1,R2,SKU_E,3,76
54,Supplier,W1,SKU_A,5,479
54,Supplier,W1,SKU_B,5,265
54,Supplier,W1,SKU_C,5,265
54,Supplier,W1,SKU_D,5,189
54,Supplier,W1,SKU_E,5,151
55,Supplier,W2,SKU_A,6,475
55,Supplier,W2,SKU_B,6,147
55,Supplier,W2,SKU_C,6,260
55,Supplier,W2,SKU_D,6,219
55,Supplier,W2,SKU_E,6,189
55,W1,R1,SKU_A,2,294
55,W1,R1,SKU_B,2,132
55,W1,R1,SKU_C,2,256
55,W1,R1,SKU_D,2,125
55,W1,R1,SKU_E,2,97
55,W1,R2,SKU_A,3,192
55,W1,R2,SKU_D,3,90
55,W1,R2,SKU_E,3,77
55,W1,R2,SKU_B,3,138
55,W1,R2,SKU_C,3,120
55,W2,R3,SKU_A,4,483
55,W2,R3,SKU_B,4,177
55,W2,R3,SKU_C,4,283
55,W2,R3,SKU_D,4,260
55,W2,R3,SKU_E,4,211
56,Supplier,W1,SKU_A,5,486
56,Supplier,W1,SKU_B,5,270
56,Supplier,W1,SKU_C,5,376
56,Supplier,W1,SKU_D,5,215
56,Supplier,W1,SKU_E,5,174
57,Supplier,W2,SKU_A,6,503
57,Supplier,W2,SKU_B,6,169
57,Supplier,W2,SKU_C,6,389
57,Supplier,W2,SKU_D,6,244
57,Supplier,W2,SKU_E,6,198
57,W1,R1,SKU_A,2,396
57,W1,R1,SKU_B,2,193
57,W1,R1,SKU_C,2,343
57,W1,R1,SKU_D,2,145
57,W1,R1,SKU_E,2,119
57,W1,R2,SKU_A,3,239
57,W1,R2,SKU_C,3,148
57,W1,R2,SKU_D,3,108
57,W1,R2,SKU_E,3,101
57,W1,R2,SKU_B,3,170
57,W2,R3,SKU_A,4,535
57,W2,R3,SKU_B,4,157
57,W2,R3,SKU_C,4,339
57,W2,R3,SKU_D,4,239
57,W2,R3,SKU_E,4,186
58,Supplier,W1,SKU_A,5,635
58,Supplier,W1,SKU_B,5,363
58,Supplier,W1,SKU_C,5,491
58,Supplier,W1,SKU_D,5,253
58,Supplier,W1,SKU_E,5,220
59,Supplier,W2,SKU_A,6,431
59,Supplier,W2,SKU_B,6,103
59,Supplier,W2,SKU_C,6,341
59,Supplier,W2,SKU_D,6,170
59,Supplier,W2,SKU_E,6,152
59,W1,R1,SKU_A,2,261
59,W1,R1,SKU_B,2,125
59,W1,R1,SKU_C,2,170
59,W1,R1,SKU_D,2,86
59,W1,R1,SKU_E,2,73
59,W1,R2,SKU_A,3,196
59,W1,R2,SKU_C,3,83
59,W1,R2,SKU_D,3,78
59,W1,R2,SKU_E,3,66
59,W1,R2,SKU_B,3,91
59,W2,R3,SKU_A,4,425
59,W2,R3,SKU_B,4,77
59,W2,R3,SKU_C,4,383
59,W2,R3,SKU_D,4,133
59,W2,R3,SKU_E,4,151
60,Supplier,W1,SKU_A,5,457
60,Supplier,W1,SKU_B,5,216
60,Supplier,W1,SKU_C,5,253
60,Supplier,W1,SKU_D,5,164
60,Supplier,W1,SKU_E,5,139
61,W1,R1,SKU_A,2,308
61,W1,R1,SKU_B,2,141
61,W1,R1,SKU_C,2,220
61,W1,R1,SKU_D,2,103
61,W1,R1,SKU_E,2,66
61,W1,R2,SKU_A,3,216
61,W1,R2,SKU_B,3,134
61,W1,R2,SKU_C,3,136
61,W1,R2,SKU_D,3,88
61,W1,R2,SKU_E,3,68
61,W2,R3,SKU_A,4,320
61,W2,R3,SKU_B,4,100
61,W2,R3,SKU_D,4,188
61,W2,R3,SKU_E,4,108
61,W2,R3,SKU_C,4,260
62,Supplier,W1,SKU_A,5,524
62,Supplier,W1,SKU_B,5,275
62,Supplier,W1,SKU_C,5,356
62,Supplier,W1,SKU_D,5,191
62,Supplier,W1,SKU_E,5,134
62,Supplier,W2,SKU_A,6,493
62,Supplier,W2,SKU_B,6,134
62,Supplier,W2,SKU_C,6,389
62,Supplier,W2,SKU_D,6,268
62,Supplier,W2,SKU_E,6,180
63,W1,R1,SKU_A,2,347
63,W1,R1,SKU_B,2,160
63,W1,R1,SKU_C,2,310
63,W1,R1,SKU_D,2,134
63,W1,R1,SKU_E,2,88
63,W1,R2,SKU_B,3,141
63,W1,R2,SKU_D,3,83
63,W1,R2,SKU_E,3,87
63,W1,R2,SKU_A,3,261
63,W1,R2,SKU_C,3,145
63,W2,R3,SKU_A,4,467
63,W2,R3,SKU_B,4,119
63,W2,R3,SKU_D,4,186
63,W2,R3,SKU_E,4,152
63,W2,R3,SKU_C,4,368
64,Supplier,W1,SKU_A,5,608
64,Supplier,W1,SKU_B,5,301
64,Supplier,W1,SKU_C,5,455
64,Supplier,W1,SKU_D,5,217
64,Supplier,W1,SKU_E,5,175
64,Supplier,W2,SKU_A,6,467
64,Supplier,W2,SKU_B,6,119
64,Supplier,W2,SKU_C,6,318
64,Supplier,W2,SKU_D,6,186
64,Supplier,W2,SKU_E,6,152
65,W1,R1,SKU_A,2,314
65,W1,R1,SKU_B,2,175
65,W1,R1,SKU_C,2,245
65,W1,R1,SKU_D,2,136
65,W1,R1,SKU_E,2,90
65,W1,R2,SKU_B,3,122
65,W1,R2,SKU_C,3,139
65,W1,R2,SKU_D,3,84
65,W1,R2,SKU_E,3,79
65,W1,R2,SKU_A,3,208
65,W2,R3,SKU_A,4,434
65,W2,R3,SKU_B,4,122
65,W2,R3,SKU_C,4,219
65,W2,R3,SKU_D,4,188
65,W2,R3,SKU_E,4,118
66,Supplier,W1,SKU_A,5,522
66,Supplier,W1,SKU_B,5,297
66,Supplier,W1,SKU_C,5,384
66,Supplier,W1,SKU_D,5,220
66,Supplier,W1,SKU_E,5,169
66,Supplier,W2,SKU_A,6,434
66,Supplier,W2,SKU_B,6,122
66,Supplier,W2,SKU_C,6,219
66,Supplier,W2,SKU_D,6,188
66,Supplier,W2,SKU_E,6,118
67,W1,R1,SKU_A,2,284
67,W1,R1,SKU_B,2,166
67,W1,R1,SKU_C,2,173
67,W1,R1,SKU_D,2,82
67,W1,R1,SKU_E,2,89
67,W1,R2,SKU_D,3,108
67,W1,R2,SKU_E,3,81
67,W1,R2,SKU_A,3,196
67,W1,R2,SKU_B,3,153
67,W1,R2,SKU_C,3,145
68,Supplier,W1,SKU_A,5,480
68,Supplier,W1,SKU_B,5,319
68,Supplier,W1,SKU_C,5,318
68,Supplier,W1,SKU_D,5,190
68,Supplier,W1,SKU_E,5,170
68,W2,R3,SKU_A,4,525
68,W2,R3,SKU_B,4,132
68,W2,R3,SKU_C,4,337
68,W2,R3,SKU_D,4,274
68,W2,R3,SKU_E,4,222
69,Supplier,W2,SKU_A,6,525
69,Supplier,W2,SKU_B,6,132
69,Supplier,W2,SKU_C,6,337
69,Supplier,W2,SKU_D,6,274
69,Supplier,W2,SKU_E,6,222
69,W1,R1,SKU_A,2,382
69,W1,R1,SKU_B,2,186
69,W1,R1,SKU_C,2,282
69,W1,R1,SKU_D,2,152
69,W1,R1,SKU_E,2,117
69,W1,R2,SKU_D,3,128
69,W1,R2,SKU_E,3,130
69,W1,R2,SKU_A,3,294
69,W1,R2,SKU_B,3,141
69,W1,R2,SKU_C,3,162
70,Supplier,W1,SKU_A,5,676
70,Supplier,W1,SKU_B,5,351
70,Supplier,W1,SKU_C,5,444
70,Supplier,W1,SKU_D,5,280
70,Supplier,W1,SKU_E,5,247
70,W2,R3,SKU_A,4,596
70,W2,R3,SKU_B,4,145
70,W2,R3,SKU_C,4,450
70,W2,R3,SKU_D,4,285
70,W2,R3,SKU_E,4,201
71,Supplier,W2,SKU_A,6,596
71,Supplier,W2,SKU_B,6,145
71,Supplier,W2,SKU_C,6,450
71,Supplier,W2,SKU_D,6,285
71,Supplier,W2,SKU_E,6,201
71,W1,R1,SKU_A,2,355
71,W1,R1,SKU_C,2,290
71,W1,R1,SKU_D,2,147
71,W1,R1,SKU_E,2,79
71,W1,R1,SKU_B,2,205
71,W1,R2,SKU_D,3,107
71,W1,R2,SKU_E,3,100
71,W1,R2,SKU_A,3,239
71,W1,R2,SKU_B,3,92
71,W1,R2,SKU_C,3,157
72,Supplier,W1,SKU_A,5,594
72,Supplier,W1,SKU_B,5,364
72,Supplier,W1,SKU_C,5,447
72,Supplier,W1,SKU_D,5,254
72,Supplier,W1,SKU_E,5,179
72,W2,R3,SKU_A,4,489
72,W2,R3,SKU_B,4,118
72,W2,R3,SKU_C,4,282
72,W2,R3,SKU_D,4,215
72,W2,R3,SKU_E,4,164
73,Supplier,W2,SKU_A,6,521
73,Supplier,W2,SKU_B,6,118
73,Supplier,W2,SKU_C,6,370
73,Supplier,W2,SKU_D,6,215
73,Supplier,W2,SKU_E,6,164
73,W1,R1,SKU_A,2,323
73,W1,R1,SKU_C,2,212
73,W1,R1,SKU_D,2,119
73,W1,R1,SKU_E,2,93
73,W1,R1,SKU_B,2,155
73,W1,R2,SKU_D,3,81
73,W1,R2,SKU_E,3,136
73,W1,R2,SKU_A,3,173
73,W1,R2,SKU_B,3,164
73,W1,R2,SKU_C,3,110
74,Supplier,W1,SKU_A,5,533
74,Supplier,W1,SKU_B,5,284
74,Supplier,W1,SKU_C,5,322
74,Supplier,W1,SKU_D,5,200
74,Supplier,W1,SKU_E,5,229
75,Supplier,W2,SKU_A,6,348
75,Supplier,W2,SKU_B,6,102
75,Supplier,W2,SKU_C,6,196
75,Supplier,W2,SKU_D,6,201
75,Supplier,W2,SKU_E,6,139
75,W1,R1,SKU_C,2,223
75,W1,R1,SKU_D,2,102
75,W1,R1,SKU_E,2,80
75,W1,R1,SKU_A,2,275
75,W1,R1,SKU_B,2,140
75,W1,R2,SKU_D,3,108
75,W1,R2,SKU_A,3,232
75,W1,R2,SKU_B,3,163
75,W1,R2,SKU_C,3,71
75,W1,R2,SKU_E,3,79
75,W2,R3,SKU_B,4,188
75,W2,R3,SKU_D,4,299
75,W2,R3,SKU_E,4,226
75,W2,R3,SKU_A,4,525
75,W2,R3,SKU_C,4,337
76,Supplier,W1,SKU_A,5,470
76,Supplier,W1,SKU_B,5,247
76,Supplier,W1,SKU_C,5,294
76,Supplier,W1,SKU_D,5,210
76,Supplier,W1,SKU_E,5,159
77,Supplier,W2,SKU_A,6,494
77,Supplier,W2,SKU_B,6,166
77,Supplier,W2,SKU_C,6,271
77,Supplier,W2,SKU_D,6,218
77,Supplier,W2,SKU_E,6,177
77,W1,R1,SKU_A,2,403
77,W1,R1,SKU_B,2,204
77,W1,R1,SKU_C,2,282
77,W1,R1,SKU_D,2,150
77,W1,R1,SKU_E,2,112
77,W1,R2,SKU_C,3,135
77,W1,R2,SKU_D,3,114
77,W1,R2,SKU_E,3,94
77,W1,R2,SKU_A,3,234
77,W1,R2,SKU_B,3,159
77,W2,R3,SKU_B,4,166
77,W2,R3,SKU_D,4,230
77,W2,R3,SKU_E,4,173
77,W2,R3,SKU_A,4,596
77,W2,R3,SKU_C,4,407
78,Supplier,W1,SKU_A,5,637
78,Supplier,W1,SKU_B,5,363
78,Supplier,W1,SKU_C,5,417
78,Supplier,W1,SKU_D,5,264
78,Supplier,W1,SKU_E,5,206
79,Supplier,W2,SKU_A,6,582
79,Supplier,W2,SKU_B,6,194
79,Supplier,W2,SKU_C,6,320
79,Supplier,W2,SKU_D,6,208
79,Supplier,W2,SKU_E,6,195
79,W1,R1,SKU_A,2,375
79,W1,R1,SKU_B,2,180
79,W1,R1,SKU_C,2,281
79,W1,R1,SKU_D,2,149
79,W1,R1,SKU_E,2,93
79,W1,R2,SKU_C,3,128
79,W1,R2,SKU_D,3,82
79,W1,R2,SKU_E,3,120
79,W1,R2,SKU_A,3,266
79,W1,R2,SKU_B,3,153
79,W2,R3,SKU_B,4,181
79,W2,R3,SKU_C,4,268
79,W2,R3,SKU_D,4,188
79,W2,R3,SKU_E,4,196
79,W2,R3,SKU_A,4,521
80,Supplier,W1,SKU_A,5,641
80,Supplier,W1,SKU_B,5,336
80,Supplier,W1,SKU_C,5,409
80,Supplier,W1,SKU_D,5,231
80,Supplier,W1,SKU_E,5,213
81,Supplier,W2,SKU_A,6,441
81,Supplier,W2,SKU_B,6,160
81,Supplier,W2,SKU_C,6,249
81,Supplier,W2,SKU_D,6,189
81,Supplier,W2,SKU_E,6,163
81,W1,R1,SKU_A,2,291
81,W1,R1,SKU_C,2,256
81,W1,R1,SKU_D,2,138
81,W1,R1,SKU_E,2,88
81,W1,R1,SKU_B,2,124
81,W1,R2,SKU_C,3,100
81,W1,R2,SKU_D,3,76
81,W1,R2,SKU_E,3,103
81,W1,R2,SKU_A,3,197
81,W1,R2,SKU_B,3,123
81,W2,R3,SKU_C,4,237
81,W2,R3,SKU_D,4,195
81,W2,R3,SKU_E,4,153
81,W2,R3,SKU_A,4,348
81,W2,R3,SKU_B,4,102
82,Supplier,W1,SKU_A,5,516
82,Supplier,W1,SKU_B,5,264
82,Supplier,W1,SKU_C,5,356
82,Supplier,W1,SKU_D,5,214
82,Supplier,W1,SKU_E,5,191
83,Supplier,W2,SKU_A,6,371
83,Supplier,W2,SKU_B,6,158
83,Supplier,W2,SKU_C,6,264
83,Supplier,W2,SKU_D,6,185
83,Supplier,W2,SKU_E,6,162
83,W1,R1,SKU_C,2,258
83,W1,R1,SKU_D,2,146
83,W1,R1,SKU_E,2,109
83,W1,R1,SKU_A,2,324
83,W1,R1,SKU_B,2,199
83,W1,R2,SKU_D,3,85
83,W1,R2,SKU_E,3,134
83,W1,R2,SKU_A,3,288
83,W1,R2,SKU_B,3,164
83,W1,R2,SKU_C,3,141
83,W2,R3,SKU_C,4,349
83,W2,R3,SKU_D,4,215
83,W2,R3,SKU_E,4,199
83,W2,R3,SKU_A,4,494
83,W2,R3,SKU_B,4,166
84,Supplier,W1,SKU_A,5,584
84,Supplier,W1,SKU_B,5,378
84,Supplier,W1,SKU_C,5,399
84,Supplier,W1,SKU_D,5,231
84,Supplier,W1,SKU_E,5,243
85,Supplier,W2,SKU_A,6,572
85,Supplier,W2,SKU_B,6,200
85,Supplier,W2,SKU_C,6,451
85,Supplier,W2,SKU_D,6,262
85,Supplier,W2,SKU_E,6,223
85,W1,R1,SKU_A,2,405
85,W1,R1,SKU_C,2,398
85,W1,R1,SKU_D,2,203
85,W1,R1,SKU_E,2,126
85,W1,R1,SKU_B,2,227
85,W1,R2,SKU_D,3,115
85,W1,R2,SKU_A,3,251
85,W1,R2,SKU_B,3,109
85,W1,R2,SKU_C,3,92
85,W1,R2,SKU_E,3,108
85,W2,R3,SKU_C,4,346
85,W2,R3,SKU_D,4,258
85,W2,R3,SKU_E,4,200
85,W2,R3,SKU_A,4,582
85,W2,R3,SKU_B,4,194
86,Supplier,W1,SKU_A,5,656
86,Supplier,W1,SKU_B,5,413
86,Supplier,W1,SKU_C,5,573
86,Supplier,W1,SKU_D,5,318
86,Supplier,W1,SKU_E,5,243
87,Supplier,W2,SKU_A,6,487
87,Supplier,W2,SKU_B,6,179
87,Supplier,W2,SKU_C,6,380
87,Supplier,W2,SKU_D,6,219
87,Supplier,W2,SKU_E,6,170
87,W1,R1,SKU_A,2,351
87,W1,R1,SKU_D,2,128
87,W1,R1,SKU_B,2,155
87,W1,R1,SKU_C,2,251
87,W1,R1,SKU_E,2,88
87,W1,R2,SKU_A,3,175
87,W1,R2,SKU_B,3,109
87,W1,R2,SKU_C,3,105
87,W1,R2,SKU_D,3,100
87,W1,R2,SKU_E,3,98
87,W2,R3,SKU_D,4,171
87,W2,R3,SKU_E,4,163
87,W2,R3,SKU_A,4,441
87,W2,R3,SKU_B,4,160
87,W2,R3,SKU_C,4,249
88,Supplier,W1,SKU_A,5,563
88,Supplier,W1,SKU_B,5,283
88,Supplier,W1,SKU_C,5,388
88,Supplier,W1,SKU_D,5,228
88,Supplier,W1,SKU_E,5,177
89,Supplier,W2,SKU_A,6,353
89,Supplier,W2,SKU_B,6,128
89,Supplier,W2,SKU_C,6,252
89,Supplier,W2,SKU_D,6,159
89,Supplier,W2,SKU_E,6,147
89,W1,R1,SKU_D,2,137
89,W1,R1,SKU_E,2,91
89,W1,R1,SKU_A,2,288
89,W1,R1,SKU_B,2,155
89,W1,R1,SKU_C,2,249
89,W1,R2,SKU_A,3,221
89,W1,R2,SKU_B,3,223
89,W1,R2,SKU_C,3,150
89,W1,R2,SKU_D,3,45
89,W1,R2,SKU_E,3,89
89,W2,R3,SKU_D,4,184
89,W2,R3,SKU_E,4,126
89,W2,R3,SKU_A,4,371
89,W2,R3,SKU_B,4,158
89,W2,R3,SKU_C,4,264
90,Supplier,W1,SKU_A,5,472
90,Supplier,W1,SKU_B,5,288
90,Supplier,W1,SKU_C,5,328
90,Supplier,W1,SKU_D,5,182
90,Supplier,W1,SKU_E,5,180
91,Supplier,W2,SKU_A,6,467
91,Supplier,W2,SKU_B,6,159
91,Supplier,W2,SKU_C,6,359
91,Supplier,W2,SKU_D,6,228
91,Supplier,W2,SKU_E,6,152
91,W1,R1,SKU_A,2,418
91,W1,R1,SKU_D,2,169
91,W1,R1,SKU_E,2,129
91,W1,R1,SKU_B,2,218
91,W1,R1,SKU_C,2,346
91,W1,R2,SKU_D,3,86
91,W1,R2,SKU_E,3,83
91,W1,R2,SKU_A,3,239
91,W1,R2,SKU_B,3,190
91,W1,R2,SKU_C,3,175
91,W2,R3,SKU_D,4,271
91,W2,R3,SKU_E,4,180
91,W2,R3,SKU_A,4,537
91,W2,R3,SKU_B,4,200
91,W2,R3,SKU_C,4,451
92,Supplier,W1,SKU_A,5,657
92,Supplier,W1,SKU_B,5,367
92,Supplier,W1,SKU_C,5,477
92,Supplier,W1,SKU_D,5,255
92,Supplier,W1,SKU_E,5,212
93,Supplier,W2,SKU_A,6,496
93,Supplier,W2,SKU_B,6,186
93,Supplier,W2,SKU_C,6,471
93,Supplier,W2,SKU_D,6,258
93,Supplier,W2,SKU_E,6,156
93,W1,R1,SKU_A,2,370
93,W1,R1,SKU_B,2,181
93,W1,R1,SKU_C,2,317
93,W1,R1,SKU_D,2,156
93,W1,R1,SKU_E,2,109
93,W1,R2,SKU_D,3,90
93,W1,R2,SKU_E,3,86
93,W1,R2,SKU_A,3,225
93,W1,R2,SKU_B,3,107
93,W1,R2,SKU_C,3,109
93,W2,R3,SKU_A,4,430
93,W2,R3,SKU_D,4,219
93,W2,R3,SKU_E,4,140
93,W2,R3,SKU_B,4,179
93,W2,R3,SKU_C,4,380
94,Supplier,W1,SKU_A,5,595
94,Supplier,W1,SKU_B,5,329
94,Supplier,W1,SKU_C,5,426
94,Supplier,W1,SKU_D,5,246
94,Supplier,W1,SKU_E,5,195
95,Supplier,W2,SKU_A,6,381
95,Supplier,W2,SKU_B,6,142
95,Supplier,W2,SKU_C,6,300
95,Supplier,W2,SKU_D,6,203
95,Supplier,W2,SKU_E,6,132
95,W1,R1,SKU_A,2,295
95,W1,R1,SKU_C,2,266
95,W1,R1,SKU_D,2,115
95,W1,R1,SKU_E,2,70
95,W1,R1,SKU_B,2,182
95,W1,R2,SKU_D,3,64
95,W1,R2,SKU_E,3,79
95,W1,R2,SKU_A,3,189
95,W1,R2,SKU_B,3,106
95,W1,R2,SKU_C,3,76
95,W2,R3,SKU_A,4,344
95,W2,R3,SKU_D,4,175
95,W2,R3,SKU_E,4,137
95,W2,R3,SKU_B,4,128
95,W2,R3,SKU_C,4,252
96,Supplier,W1,SKU_A,5,484
96,Supplier,W1,SKU_B,5,352
96,Supplier,W1,SKU_C,5,407
96,Supplier,W1,SKU_D,5,179
96,Supplier,W1,SKU_E,5,149
97,Supplier,W2,SKU_A,6,349
97,Supplier,W2,SKU_B,6,160
97,Supplier,W2,SKU_C,6,256
97,Supplier,W2,SKU_D,6,168
97,Supplier,W2,SKU_E,6,150
97,W1,R1,SKU_A,2,361
97,W1,R1,SKU_D,2,142
97,W1,R1,SKU_E,2,98
97,W1,R1,SKU_B,2,180
97,W1,R1,SKU_C,2,257
97,W1,R2,SKU_D,3,70
97,W1,R2,SKU_E,3,96
97,W1,R2,SKU_A,3,215
97,W1,R2,SKU_B,3,187
97,W1,R2,SKU_C,3,184
97,W2,R3,SKU_A,4,472
97,W2,R3,SKU_D,4,237
97,W2,R3,SKU_E,4,164
97,W2,R3,SKU_B,4,159
97,W2,R3,SKU_C,4,359
98,Supplier,W1,SKU_A,5,576
98,Supplier,W1,SKU_B,5,334
98,Supplier,W1,SKU_C,5,376
98,Supplier,W1,SKU_D,5,212
98,Supplier,W1,SKU_E,5,194
99,Supplier,W1,SKU_A,5,369
99,Supplier,W1,SKU_B,5,260
99,Supplier,W1,SKU_C,5,310
99,Supplier,W1,SKU_D,5,178
99,Supplier,W1,SKU_E,5,128
99,Supplier,W2,SKU_A,6,582
99,Supplier,W2,SKU_B,6,196
99,Supplier,W2,SKU_C,6,482
99,Supplier,W2,SKU_D,6,309
99,Supplier,W2,SKU_E,6,205
99,W1,R1,SKU_A,2,479
99,W1,R1,SKU_C,2,437
99,W1,R1,SKU_D,2,206
99,W1,R1,SKU_E,2,128
99,W1,R1,SKU_B,2,255
99,W1,R2,SKU_D,3,141
99,W1,R2,SKU_E,3,128
99,W1,R2,SKU_A,3,227
99,W1,R2,SKU_B,3,74
99,W1,R2,SKU_C,3,25
99,W2,R3,SKU_A,4,592
99,W2,R3,SKU_D,4,284
99,W2,R3,SKU_E,4,203
99,W2,R3,SKU_B,4,186
99,W2,R3,SKU_C,4,471
101,Supplier,W1,SKU_A,5,673
101,Supplier,W1,SKU_B,5,346
101,Supplier,W1,SKU_C,5,502
101,Supplier,W1,SKU_D,5,293
101,Supplier,W1,SKU_E,5,246
101,Supplier,W2,SKU_A,6,563
101,Supplier,W2,SKU_B,6,195
101,Supplier,W2,SKU_C,6,414
101,Supplier,W2,SKU_D,6,228
101,Supplier,W2,SKU_E,6,172
101,W1,R1,SKU_D,2,140
101,W1,R1,SKU_E,2,101
101,W1,R1,SKU_A,2,357
101,W1,R1,SKU_B,2,153
101,W1,R1,SKU_C,2,234
101,W1,R2,SKU_E,3,103
101,W1,R2,SKU_A,3,127
101,W1,R2,SKU_B,3,199
101,W1,R2,SKU_C,3,173
101,W1,R2,SKU_D,3,99
101,W2,R3,SKU_D,4,217
101,W2,R3,SKU_E,4,156
101,W2,R3,SKU_A,4,381
101,W2,R3,SKU_B,4,142
101,W2,R3,SKU_C,4,300
103,Supplier,W1,SKU_A,5,539
103,Supplier,W1,SKU_B,5,242
103,Supplier,W1,SKU_C,5,327
103,Supplier,W1,SKU_D,5,246
103,Supplier,W1,SKU_E,5,194
103,Supplier,W2,SKU_A,6,417
103,Supplier,W2,SKU_B,6,146
103,Supplier,W2,SKU_C,6,214
103,Supplier,W2,SKU_D,6,241
103,Supplier,W2,SKU_E,6,148
103,W1,R1,SKU_D,2,130
103,W1,R1,SKU_E,2,107
103,W1,R1,SKU_A,2,320
103,W1,R1,SKU_B,2,143
103,W1,R1,SKU_C,2,231
103,W1,R2,SKU_A,3,256
103,W1,R2,SKU_B,3,191
103,W1,R2,SKU_C,3,145
103,W1,R2,SKU_D,3,89
103,W1,R2,SKU_E,3,89
103,W2,R3,SKU_E,4,152
103,W2,R3,SKU_A,4,349
103,W2,R3,SKU_B,4,160
103,W2,R3,SKU_C,4,256
103,W2,R3,SKU_D,4,168
104,W1,R2,SKU_A,3,186
104,W1,R2,SKU_B,3,123
104,W1,R2,SKU_C,3,119
104,W1,R2,SKU_D,3,82
104,W1,R2,SKU_E,3,53
105,Supplier,W1,SKU_A,5,549
105,Supplier,W1,SKU_B,5,335
105,Supplier,W1,SKU_C,5,399
105,Supplier,W1,SKU_D,5,260
105,Supplier,W1,SKU_E,5,199
105,Supplier,W2,SKU_A,6,450
105,Supplier,W2,SKU_B,6,136
105,Supplier,W2,SKU_C,6,409
105,Supplier,W2,SKU_D,6,236
105,Supplier,W2,SKU_E,6,181
105,W1,R1,SKU_A,2,183
105,W1,R1,SKU_B,2,137
105,W1,R1,SKU_C,2,191
105,W1,R1,SKU_D,2,96
105,W1,R1,SKU_E,2,87
105,W2,R3,SKU_E,4,194
105,W2,R3,SKU_A,4,582
105,W2,R3,SKU_B,4,196
105,W2,R3,SKU_C,4,482
105,W2,R3,SKU_D,4,309
106,W1,R1,SKU_A,2,490
106,W1,R1,SKU_B,2,208
106,W1,R1,SKU_C,2,475
106,W1,R1,SKU_D,2,205
106,W1,R1,SKU_E,2,96
106,W1,R2,SKU_A,3,183
106,W1,R2,SKU_B,3,138
106,W1,R2,SKU_C,3,27
106,W1,R2,SKU_D,3,88
106,W1,R2,SKU_E,3,122
107,Supplier,W1,SKU_A,5,747
107,Supplier,W1,SKU_B,5,425
107,Supplier,W1,SKU_C,5,662
107,Supplier,W1,SKU_D,5,359
107,Supplier,W1,SKU_E,5,247
107,Supplier,W2,SKU_A,6,630
107,Supplier,W2,SKU_B,6,162
107,Supplier,W2,SKU_C,6,547
107,Supplier,W2,SKU_D,6,304
107,Supplier,W2,SKU_E,6,190
107,W2,R3,SKU_E,4,154
107,W2,R3,SKU_A,4,563
107,W2,R3,SKU_B,4,183
107,W2,R3,SKU_C,4,414
107,W2,R3,SKU_D,4,228
108,W1,R1,SKU_E,2,99
108,W1,R1,SKU_A,2,350
108,W1,R1,SKU_B,2,159
108,W1,R1,SKU_C,2,274
108,W1,R1,SKU_D,2,153
108,W1,R2,SKU_A,3,189
108,W1,R2,SKU_B,3,83
108,W1,R2,SKU_C,3,53
108,W1,R2,SKU_D,3,93
108,W1,R2,SKU_E,3,100
109,Supplier,W1,SKU_A,5,589
109,Supplier,W1,SKU_B,5,308
109,Supplier,W1,SKU_C,5,409
109,Supplier,W1,SKU_D,5,242
109,Supplier,W1,SKU_E,5,199
109,Supplier,W2,SKU_A,6,450
109,Supplier,W2,SKU_B,6,168
109,Supplier,W2,SKU_C,6,269
109,Supplier,W2,SKU_D,6,175
109,Supplier,W2,SKU_E,6,121
109,W2,R3,SKU_B,4,158
109,W2,R3,SKU_E,4,158
109,W2,R3,SKU_A,4,417
109,W2,R3,SKU_C,4,214
109,W2,R3,SKU_D,4,232
110,W1,R1,SKU_E,2,94
110,W1,R1,SKU_A,2,356
110,W1,R1,SKU_B,2,139
110,W1,R1,SKU_C,2,281
110,W1,R1,SKU_D,2,156
110,W1,R2,SKU_A,3,193
110,W1,R2,SKU_B,3,196
110,W1,R2,SKU_C,3,118
110,W1,R2,SKU_D,3,104
110,W1,R2,SKU_E,3,104
111,Supplier,W1,SKU_A,5,590
111,Supplier,W1,SKU_B,5,274
111,Supplier,W1,SKU_C,5,406
111,Supplier,W1,SKU_D,5,257
111,Supplier,W1,SKU_E,5,198
111,Supplier,W2,SKU_A,6,443
111,Supplier,W2,SKU_B,6,157
111,Supplier,W2,SKU_C,6,334
111,Supplier,W2,SKU_D,6,188
111,Supplier,W2,SKU_E,6,183
111,W2,R3,SKU_D,4,224
111,W2,R3,SKU_E,4,217
111,W2,R3,SKU_A,4,450
111,W2,R3,SKU_B,4,136
111,W2,R3,SKU_C,4,409
112,W1,R1,SKU_E,2,94
112,W1,R1,SKU_A,2,467
112,W1,R1,SKU_B,2,270
112,W1,R1,SKU_C,2,406
112,W1,R1,SKU_D,2,190
112,W1,R2,SKU_A,3,280
112,W1,R2,SKU_B,3,155
112,W1,R2,SKU_C,3,256
112,W1,R2,SKU_D,3,169
112,W1,R2,SKU_E,3,109
113,Supplier,W1,SKU_A,5,783
113,Supplier,W1,SKU_B,5,497
113,Supplier,W1,SKU_C,5,616
113,Supplier,W1,SKU_D,5,316
113,Supplier,W1,SKU_E,5,203
113,Supplier,W2,SKU_A,6,605
113,Supplier,W2,SKU_B,6,180
113,Supplier,W2,SKU_C,6,496
113,Supplier,W2,SKU_D,6,284
113,Supplier,W2,SKU_E,6,235
113,W2,R3,SKU_D,4,285
113,W2,R3,SKU_E,4,229
113,W2,R3,SKU_A,4,630
113,W2,R3,SKU_B,4,162
113,W2,R3,SKU_C,4,547
114,Supplier,W1,SKU_A,5,414
114,Supplier,W1,SKU_B,5,304
114,Supplier,W1,SKU_C,5,420
114,Supplier,W1,SKU_D,5,189
114,Supplier,W1,SKU_E,5,168
114,W1,R1,SKU_E,2,146
114,W1,R1,SKU_A,2,426
114,W1,R1,SKU_B,2,259
114,W1,R1,SKU_C,2,409
114,W1,R1,SKU_D,2,223
115,Supplier,W2,SKU_A,6,531
115,Supplier,W2,SKU_B,6,211
115,Supplier,W2,SKU_C,6,357
115,Supplier,W2,SKU_D,6,236
115,Supplier,W2,SKU_E,6,228
115,W2,R3,SKU_D,4,212
115,W2,R3,SKU_E,4,135
115,W2,R3,SKU_A,4,450
115,W2,R3,SKU_B,4,168
115,W2,R3,SKU_C,4,269
116,Supplier,W1,SKU_A,5,613
116,Supplier,W1,SKU_B,5,328
116,Supplier,W1,SKU_C,5,418
116,Supplier,W1,SKU_D,5,271
116,Supplier,W1,SKU_E,5,218
116,W1,R1,SKU_A,2,324
116,W1,R1,SKU_B,2,175
116,W1,R1,SKU_C,2,287
116,W1,R1,SKU_D,2,147
116,W1,R1,SKU_E,2,105
116,W1,R2,SKU_A,3,429
116,W1,R2,SKU_B,3,148
116,W1,R2,SKU_D,3,129
116,W1,R2,SKU_E,3,214
116,W1,R2,SKU_C,3,119
117,Supplier,W2,SKU_A,6,417
117,Supplier,W2,SKU_B,6,121
117,Supplier,W2,SKU_C,6,270
117,Supplier,W2,SKU_D,6,192
117,Supplier,W2,SKU_E,6,149
117,W2,R3,SKU_D,4,169
117,W2,R3,SKU_A,4,443
117,W2,R3,SKU_B,4,157
117,W2,R3,SKU_C,4,334
117,W2,R3,SKU_E,4,183
118,Supplier,W1,SKU_A,5,439
118,Supplier,W1,SKU_B,5,253
118,Supplier,W1,SKU_C,5,331
118,Supplier,W1,SKU_D,5,187
118,Supplier,W1,SKU_E,5,185
118,W1,R1,SKU_A,2,291
118,W1,R1,SKU_B,2,160
118,W1,R1,SKU_C,2,239
118,W1,R1,SKU_D,2,117
118,W1,R1,SKU_E,2,91
118,W1,R2,SKU_A,3,448
118,W1,R2,SKU_B,3,337
118,W1,R2,SKU_C,3,377
118,W1,R2,SKU_D,3,150
118,W1,R2,SKU_E,3,112
119,Supplier,W2,SKU_A,6,427
119,Supplier,W2,SKU_B,6,171
119,Supplier,W2,SKU_C,6,209
119,Supplier,W2,SKU_D,6,203
119,Supplier,W2,SKU_E,6,192
119,W1,R1,SKU_A,2,241
119,W1,R1,SKU_B,2,123
119,W1,R1,SKU_C,2,240
119,W1,R1,SKU_D,2,109
119,W1,R1,SKU_E,2,52
119,W1,R2,SKU_A,3,93
119,W1,R2,SKU_B,3,181
119,W1,R2,SKU_C,3,180
119,W1,R2,SKU_D,3,57
119,W1,R2,SKU_E,3,59
119,W2,R3,SKU_D,4,278
119,W2,R3,SKU_A,4,605
119,W2,R3,SKU_B,4,180
119,W2,R3,SKU_C,4,483
119,W2,R3,SKU_E,4,228
120,Supplier,W1,SKU_A,5,590
120,Supplier,W1,SKU_B,5,382
120,Supplier,W1,SKU_C,5,501
120,Supplier,W1,SKU_D,5,275
120,Supplier,W1,SKU_E,5,208
121,Supplier,W2,SKU_A,6,745
121,Supplier,W2,SKU_B,6,216
121,Supplier,W2,SKU_C,6,557
121,Supplier,W2,SKU_D,6,294
121,Supplier,W2,SKU_E,6,194
121,W1,R1,SKU_A,2,447
121,W1,R1,SKU_D,2,164
121,W1,R1,SKU_E,2,134
121,W1,R1,SKU_B,2,174
121,W1,R1,SKU_C,2,276
121,W1,R2,SKU_A,3,248
121,W1,R2,SKU_B,3,154
121,W1,R2,SKU_C,3,142
121,W1,R2,SKU_D,3,97
121,W1,R2,SKU_E,3,99
121,W2,R3,SKU_C,4,370
121,W2,R3,SKU_D,4,224
121,W2,R3,SKU_E,4,188
121,W2,R3,SKU_A,4,531
121,W2,R3,SKU_B,4,211
122,Supplier,W1,SKU_A,5,695
122,Supplier,W1,SKU_B,5,324
122,Supplier,W1,SKU_C,5,430
122,Supplier,W1,SKU_D,5,261
122,Supplier,W1,SKU_E,5,233
123,Supplier,W2,SKU_A,6,395
123,Supplier,W2,SKU_B,6,155
123,Supplier,W2,SKU_C,6,299
123,Supplier,W2,SKU_D,6,150
123,Supplier,W2,SKU_E,6,154
123,W1,R1,SKU_A,2,240
123,W1,R1,SKU_D,2,113
123,W1,R1,SKU_E,2,72
123,W1,R1,SKU_B,2,122
123,W1,R1,SKU_C,2,222
123,W1,R2,SKU_D,3,98
123,W1,R2,SKU_E,3,69
123,W1,R2,SKU_A,3,209
123,W1,R2,SKU_B,3,131
123,W1,R2,SKU_C,3,109
123,W2,R3,SKU_D,4,132
123,W2,R3,SKU_E,4,123
123,W2,R3,SKU_A,4,417
123,W2,R3,SKU_B,4,121
123,W2,R3,SKU_C,4,270
124,Supplier,W1,SKU_A,5,449
124,Supplier,W1,SKU_B,5,244
124,Supplier,W1,SKU_C,5,349
124,Supplier,W1,SKU_D,5,211
124,Supplier,W1,SKU_E,5,141
125,Supplier,W2,SKU_A,6,328
125,Supplier,W2,SKU_B,6,163
125,Supplier,W2,SKU_C,6,262
125,Supplier,W2,SKU_D,6,152
125,Supplier,W2,SKU_E,6,154
125,W1,R1,SKU_A,2,326
125,W1,R1,SKU_D,2,122
125,W1,R1,SKU_E,2,87
125,W1,R1,SKU_B,2,156
125,W1,R1,SKU_C,2,255
125,W1,R2,SKU_D,3,101
125,W1,R2,SKU_E,3,91
125,W1,R2,SKU_A,3,208
125,W1,R2,SKU_B,3,180
125,W1,R2,SKU_C,3,217
125,W2,R3,SKU_D,4,182
125,W2,R3,SKU_E,4,173
125,W2,R3,SKU_A,4,427
125,W2,R3,SKU_B,4,171
125,W2,R3,SKU_C,4,209
126,Supplier,W1,SKU_A,5,534
126,Supplier,W1,SKU_B,5,329
126,Supplier,W1,SKU_C,5,437
126,Supplier,W1,SKU_D,5,223
126,Supplier,W1,SKU_E,5,178
127,Supplier,W2,SKU_A,6,394
127,Supplier,W2,SKU_B,6,197
127,Supplier,W2,SKU_C,6,303
127,Supplier,W2,SKU_D,6,229
127,Supplier,W2,SKU_E,6,181
127,W1,R1,SKU_A,2,469
127,W1,R1,SKU_B,2,223
127,W1,R1,SKU_C,2,367
127,W1,R1,SKU_D,2,205
127,W1,R1,SKU_E,2,108
127,W1,R2,SKU_D,3,128
127,W1,R2,SKU_E,3,106
127,W1,R2,SKU_A,3,254
127,W1,R2,SKU_B,3,147
127,W1,R2,SKU_C,3,92
127,W2,R3,SKU_D,4,247
127,W2,R3,SKU_E,4,204
127,W2,R3,SKU_A,4,462
127,W2,R3,SKU_B,4,216
127,W2,R3,SKU_C,4,518
128,Supplier,W1,SKU_A,5,723
128,Supplier,W1,SKU_B,5,377
128,Supplier,W1,SKU_C,5,525
128,Supplier,W1,SKU_D,5,333
128,Supplier,W1,SKU_E,5,214
129,Supplier,W2,SKU_A,6,357
129,Supplier,W2,SKU_B,6,147
129,Supplier,W2,SKU_C,6,267
129,Supplier,W2,SKU_D,6,216
129,Supplier,W2,SKU_E,6,196
129,W1,R1,SKU_A,2,287
129,W1,R1,SKU_D,2,118
129,W1,R1,SKU_E,2,73
129,W1,R1,SKU_B,2,141
129,W1,R1,SKU_C,2,213
129,W1,R2,SKU_E,3,123
129,W1,R2,SKU_A,3,222
129,W1,R2,SKU_B,3,103
129,W1,R2,SKU_C,3,136
129,W1,R2,SKU_D,3,98
129,W2,R3,SKU_A,4,325
129,W2,R3,SKU_C,4,209
129,W2,R3,SKU_D,4,187
129,W2,R3,SKU_E,4,194
129,W2,R3,SKU_B,4,155
130,Supplier,W1,SKU_A,5,517
130,Supplier,W1,SKU_B,5,301
130,Supplier,W1,SKU_C,5,326
130,Supplier,W1,SKU_D,5,216
130,Supplier,W1,SKU_E,5,196
131,Supplier,W2,SKU_A,6,357
131,Supplier,W2,SKU_B,6,130
131,Supplier,W2,SKU_C,6,242
131,Supplier,W2,SKU_D,6,172
131,Supplier,W2,SKU_E,6,176
131,W1,R1,SKU_D,2,125
131,W1,R1,SKU_E,2,74
131,W1,R1,SKU_A,2,302
131,W1,R1,SKU_B,2,156
131,W1,R1,SKU_C,2,192
131,W1,R2,SKU_E,3,88
131,W1,R2,SKU_A,3,213
131,W1,R2,SKU_B,3,173
131,W1,R2,SKU_C,3,124
131,W1,R2,SKU_D,3,104
131,W2,R3,SKU_A,4,346
131,W2,R3,SKU_C,4,267
131,W2,R3,SKU_D,4,191
131,W2,R3,SKU_E,4,155
131,W2,R3,SKU_B,4,163
132,Supplier,W1,SKU_A,5,507
132,Supplier,W1,SKU_B,5,267
132,Supplier,W1,SKU_C,5,273
132,Supplier,W1,SKU_D,5,229
132,Supplier,W1,SKU_E,5,162
133,Supplier,W2,SKU_A,6,361
133,Supplier,W2,SKU_B,6,147
133,Supplier,W2,SKU_C,6,248
133,Supplier,W2,SKU_D,6,196
133,Supplier,W2,SKU_E,6,173
133,W1,R1,SKU_A,2,341
133,W1,R1,SKU_C,2,308
133,W1,R1,SKU_D,2,171
133,W1,R1,SKU_E,2,90
133,W1,R1,SKU_B,2,170
133,W1,R2,SKU_C,3,106
133,W1,R2,SKU_E,3,103
133,W1,R2,SKU_A,3,247
133,W1,R2,SKU_B,3,161
133,W1,R2,SKU_D,3,82
133,W2,R3,SKU_A,4,435
133,W2,R3,SKU_C,4,309
133,W2,R3,SKU_D,4,220
133,W2,R3,SKU_E,4,174
133,W2,R3,SKU_B,4,190
134,Supplier,W1,SKU_A,5,588
134,Supplier,W1,SKU_B,5,329
134,Supplier,W1,SKU_C,5,414
134,Supplier,W1,SKU_D,5,253
134,Supplier,W1,SKU_E,5,193
135,Supplier,W2,SKU_A,6,489
135,Supplier,W2,SKU_B,6,190
135,Supplier,W2,SKU_C,6,416
135,Supplier,W2,SKU_D,6,272
135,Supplier,W2,SKU_E,6,186
135,W1,R1,SKU_A,2,388
135,W1,R1,SKU_B,2,248
135,W1,R1,SKU_C,2,426
135,W1,R1,SKU_D,2,167
135,W1,R1,SKU_E,2,108
135,W1,R2,SKU_D,3,136
135,W1,R2,SKU_E,3,111
135,W1,R2,SKU_A,3,264
135,W1,R2,SKU_B,3,99
135,W1,R2,SKU_C,3,132
135,W2,R3,SKU_A,4,469
135,W2,R3,SKU_B,4,154
135,W2,R3,SKU_C,4,385
135,W2,R3,SKU_D,4,252
135,W2,R3,SKU_E,4,199
136,Supplier,W1,SKU_A,5,652
136,Supplier,W1,SKU_B,5,435
136,Supplier,W1,SKU_C,5,588
136,Supplier,W1,SKU_D,5,303
136,Supplier,W1,SKU_E,5,219
137,Supplier,W2,SKU_A,6,349
137,Supplier,W2,SKU_B,6,99
137,Supplier,W2,SKU_C,6,280
137,Supplier,W2,SKU_D,6,200
137,Supplier,W2,SKU_E,6,156
137,W1,R1,SKU_A,2,280
137,W1,R1,SKU_D,2,118
137,W1,R1,SKU_E,2,58
137,W1,R1,SKU_B,2,131
137,W1,R1,SKU_C,2,249
137,W1,R2,SKU_E,3,122
137,W1,R2,SKU_A,3,232
137,W1,R2,SKU_B,3,136
137,W1,R2,SKU_C,3,24
137,W1,R2,SKU_D,3,84
137,W2,R3,SKU_A,4,302
137,W2,R3,SKU_D,4,186
137,W2,R3,SKU_E,4,139
137,W2,R3,SKU_B,4,97
137,W2,R3,SKU_C,4,202
138,Supplier,W1,SKU_A,5,512
138,Supplier,W1,SKU_B,5,287
138,Supplier,W1,SKU_C,5,380
138,Supplier,W1,SKU_D,5,202
138,Supplier,W1,SKU_E,5,180
139,Supplier,W2,SKU_A,6,311
139,Supplier,W2,SKU_B,6,117
139,Supplier,W2,SKU_C,6,179
139,Supplier,W2,SKU_D,6,176
139,Supplier,W2,SKU_E,6,149
139,W1,R1,SKU_A,2,301
139,W1,R1,SKU_D,2,129
139,W1,R1,SKU_E,2,77
139,W1,R1,SKU_B,2,158
139,W1,R1,SKU_C,2,230
139,W1,R2,SKU_E,3,98
139,W1,R2,SKU_A,3,228
139,W1,R2,SKU_B,3,171
139,W1,R2,SKU_C,3,184
139,W1,R2,SKU_D,3,111
139,W2,R3,SKU_A,4,315
139,W2,R3,SKU_B,4,109
139,W2,R3,SKU_C,4,169
139,W2,R3,SKU_D,4,182
139,W2,R3,SKU_E,4,151
140,Supplier,W1,SKU_A,5,529
140,Supplier,W1,SKU_B,5,309
140,Supplier,W1,SKU_C,5,378
140,Supplier,W1,SKU_D,5,240
140,Supplier,W1,SKU_E,5,175
141,Supplier,W2,SKU_A,6,448
141,Supplier,W2,SKU_B,6,155
141,Supplier,W2,SKU_C,6,255
141,Supplier,W2,SKU_D,6,253
141,Supplier,W2,SKU_E,6,165
141,W1,R1,SKU_A,2,413
141,W1,R1,SKU_D,2,170
141,W1,R1,SKU_E,2,106
141,W1,R1,SKU_B,2,218
141,W1,R1,SKU_C,2,351
141,W1,R2,SKU_E,3,115
141,W1,R2,SKU_A,3,245
141,W1,R2,SKU_B,3,217
141,W1,R2,SKU_C,3,237
141,W1,R2,SKU_D,3,135
141,W2,R3,SKU_A,4,495
141,W2,R3,SKU_B,4,177
141,W2,R3,SKU_C,4,374
141,W2,R3,SKU_D,4,256
141,W2,R3,SKU_E,4,186
142,Supplier,W1,SKU_A,5,658
142,Supplier,W1,SKU_B,5,360
142,Supplier,W1,SKU_C,5,489
142,Supplier,W1,SKU_D,5,305
142,Supplier,W1,SKU_E,5,221
143,Supplier,W2,SKU_A,6,399
143,Supplier,W2,SKU_B,6,139
143,Supplier,W2,SKU_C,6,305
143,Supplier,W2,SKU_D,6,205
143,Supplier,W2,SKU_E,6,192
143,W1,R2,SKU_E,3,98
143,W1,R2,SKU_A,3,160
143,W1,R2,SKU_B,3,95
143,W1,R2,SKU_C,3,93
143,W1,R2,SKU_D,3,74
143,W2,R3,SKU_A,4,370
143,W2,R3,SKU_B,4,136
143,W2,R3,SKU_C,4,203
143,W2,R3,SKU_D,4,209
143,W2,R3,SKU_E,4,179
144,W1,R1,SKU_A,2,407
144,W1,R1,SKU_D,2,167
144,W1,R1,SKU_E,2,88
144,W1,R1,SKU_B,2,139
144,W1,R1,SKU_C,2,262
145,Supplier,W1,SKU_A,5,652
145,Supplier,W1,SKU_B,5,261
145,Supplier,W1,SKU_C,5,384
145,Supplier,W1,SKU_D,5,279
145,Supplier,W1,SKU_E,5,252
145,Supplier,W2,SKU_A,6,344
145,Supplier,W2,SKU_B,6,152
145,Supplier,W2,SKU_C,6,196
145,Supplier,W2,SKU_D,6,192
145,Supplier,W2,SKU_E,6,169
145,W1,R2,SKU_A,3,172
145,W1,R2,SKU_B,3,87
145,W1,R2,SKU_C,3,85
145,W1,R2,SKU_D,3,74
145,W1,R2,SKU_E,3,110
145,W2,R3,SKU_A,4,320
145,W2,R3,SKU_B,4,126
145,W2,R3,SKU_C,4,210
145,W2,R3,SKU_D,4,192
145,W2,R3,SKU_E,4,155
146,W1,R1,SKU_A,2,277
146,W1,R1,SKU_B,2,143
146,W1,R1,SKU_C,2,198
146,W1,R1,SKU_D,2,138
146,W1,R1,SKU_E,2,96
147,Supplier,W1,SKU_A,5,476
147,Supplier,W1,SKU_B,5,235
147,Supplier,W1,SKU_C,5,306
147,Supplier,W1,SKU_D,5,224
147,Supplier,W1,SKU_E,5,189
147,Supplier,W2,SKU_A,6,369
147,Supplier,W2,SKU_B,6,131
147,Supplier,W2,SKU_C,6,230
147,Supplier,W2,SKU_D,6,198
147,Supplier,W2,SKU_E,6,165
147,W1,R1,SKU_A,2,218
147,W1,R1,SKU_B,2,133
147,W1,R1,SKU_C,2,184
147,W1,R1,SKU_D,2,106
147,W1,R1,SKU_E,2,47
147,W1,R2,SKU_A,3,257
147,W1,R2,SKU_B,3,124
147,W1,R2,SKU_C,3,156
147,W1,R2,SKU_D,3,107
147,W1,R2,SKU_E,3,102
147,W2,R3,SKU_A,4,447
147,W2,R3,SKU_B,4,179
147,W2,R3,SKU_C,4,316
147,W2,R3,SKU_D,4,231
147,W2,R3,SKU_E,4,185
148,W1,R1,SKU_A,2,177
148,W1,R1,SKU_B,2,120
148,W1,R1,SKU_C,2,226
148,W1,R1,SKU_D,2,103
148,W1,R1,SKU_E,2,71
149,Supplier,W1,SKU_A,5,674
149,Supplier,W1,SKU_B,5,418
149,Supplier,W1,SKU_C,5,646
149,Supplier,W1,SKU_D,5,326
149,Supplier,W1,SKU_E,5,229
149,Supplier,W2,SKU_A,6,508
149,Supplier,W2,SKU_B,6,204
149,Supplier,W2,SKU_C,6,377
149,Supplier,W2,SKU_D,6,254
149,Supplier,W2,SKU_E,6,205
149,W2,R3,SKU_A,4,396
149,W2,R3,SKU_B,4,153
149,W2,R3,SKU_C,4,282
149,W2,R3,SKU_D,4,183
149,W2,R3,SKU_E,4,172
150,W1,R1,SKU_B,2,136
150,W1,R1,SKU_A,2,290
150,W1,R1,SKU_C,2,204
150,W1,R1,SKU_D,2,123
150,W1,R1,SKU_E,2,75
150,W1,R2,SKU_A,3,353
150,W1,R2,SKU_B,3,197
150,W1,R2,SKU_C,3,223
150,W1,R2,SKU_D,3,151
150,W1,R2,SKU_E,3,151
151,Supplier,W1,SKU_A,5,509
151,Supplier,W1,SKU_B,5,247
151,Supplier,W1,SKU_C,5,311
151,Supplier,W1,SKU_D,5,214
151,Supplier,W1,SKU_E,5,168
151,Supplier,W2,SKU_A,6,307
151,Supplier,W2,SKU_B,6,145
151,Supplier,W2,SKU_C,6,205
151,Supplier,W2,SKU_D,6,122
151,Supplier,W2,SKU_E,6,128
151,W2,R3,SKU_A,4,347
151,W2,R3,SKU_C,4,235
151,W2,R3,SKU_D,4,109
151,W2,R3,SKU_E,4,150
151,W2,R3,SKU_B,4,149
152,W1,R1,SKU_A,2,263
152,W1,R1,SKU_B,2,116
152,W1,R1,SKU_D,2,131
152,W1,R1,SKU_E,2,68
152,W1,R1,SKU_C,2,196
152,W1,R2,SKU_E,3,82
152,W1,R2,SKU_A,3,171
152,W1,R2,SKU_B,3,97
152,W1,R2,SKU_C,3,110
152,W1,R2,SKU_D,3,90
153,Supplier,W1,SKU_A,5,434
153,Supplier,W1,SKU_B,5,213
153,Supplier,W1,SKU_C,5,299
153,Supplier,W1,SKU_D,5,221
153,Supplier,W1,SKU_E,5,150
153,Supplier,W2,SKU_A,6,332
153,Supplier,W2,SKU_B,6,110
153,Supplier,W2,SKU_C,6,242
153,Supplier,W2,SKU_D,6,144
153,Supplier,W2,SKU_E,6,150
153,W2,R3,SKU_A,4,332
153,W2,R3,SKU_B,4,134
153,W2,R3,SKU_C,4,231
153,W2,R3,SKU_D,4,177
153,W2,R3,SKU_E,4,150
154,W1,R1,SKU_A,2,338
154,W1,R1,SKU_B,2,160
154,W1,R1,SKU_D,2,133
154,W1,R1,SKU_E,2,96
154,W1,R1,SKU_C,2,322
154,W1,R2,SKU_E,3,104
154,W1,R2,SKU_A,3,231
154,W1,R2,SKU_B,3,138
154,W1,R2,SKU_C,3,130
154,W1,R2,SKU_D,3,100
155,Supplier,W1,SKU_A,5,569
155,Supplier,W1,SKU_B,5,298
155,Supplier,W1,SKU_C,5,441
155,Supplier,W1,SKU_D,5,233
155,Supplier,W1,SKU_E,5,200
155,Supplier,W2,SKU_A,6,403
155,Supplier,W2,SKU_B,6,171
155,Supplier,W2,SKU_C,6,292
155,Supplier,W2,SKU_D,6,230
155,Supplier,W2,SKU_E,6,179
155,W2,R3,SKU_A,4,426
155,W2,R3,SKU_C,4,285
155,W2,R3,SKU_D,4,219
155,W2,R3,SKU_E,4,176
155,W2,R3,SKU_B,4,154
156,W1,R1,SKU_A,2,286
156,W1,R1,SKU_B,2,174
156,W1,R1,SKU_C,2,190
156,W1,R1,SKU_D,2,102
156,W1,R1,SKU_E,2,72
156,W1,R2,SKU_A,3,196
156,W1,R2,SKU_B,3,109
156,W1,R2,SKU_C,3,101
156,W1,R2,SKU_D,3,91
156,W1,R2,SKU_E,3,85
157,Supplier,W1,SKU_A,5,482
157,Supplier,W1,SKU_B,5,283
157,Supplier,W1,SKU_C,5,291
157,Supplier,W1,SKU_D,5,193
157,Supplier,W1,SKU_E,5,157
157,Supplier,W2,SKU_A,6,337
157,Supplier,W2,SKU_B,6,120
157,Supplier,W2,SKU_C,6,188
157,Supplier,W2,SKU_D,6,144
157,Supplier,W2,SKU_E,6,158
158,W2,R3,SKU_A,4,419
158,W2,R3,SKU_B,4,147
158,W2,R3,SKU_C,4,217
158,W2,R3,SKU_D,4,214
158,W2,R3,SKU_E,4,212
159,W1,R1,SKU_A,2,308
159,W1,R1,SKU_B,2,155
159,W1,R1,SKU_C,2,244
159,W1,R1,SKU_D,2,159
159,W1,R1,SKU_E,2,123
159,W1,R2,SKU_A,3,211
159,W1,R2,SKU_B,3,127
159,W1,R2,SKU_C,3,108
159,W1,R2,SKU_D,3,126
159,W1,R2,SKU_E,3,95
160,Supplier,W1,SKU_A,5,519
160,Supplier,W1,SKU_B,5,282
160,Supplier,W1,SKU_C,5,352
160,Supplier,W1,SKU_D,5,285
160,Supplier,W1,SKU_E,5,218
160,Supplier,W2,SKU_A,6,478
160,Supplier,W2,SKU_B,6,154
160,Supplier,W2,SKU_C,6,246
160,Supplier,W2,SKU_D,6,255
160,Supplier,W2,SKU_E,6,219
160,W2,R3,SKU_A,4,395
160,W2,R3,SKU_B,4,143
160,W2,R3,SKU_C,4,215
160,W2,R3,SKU_D,4,236
160,W2,R3,SKU_E,4,175
161,W1,R1,SKU_A,2,376
161,W1,R1,SKU_B,2,150
161,W1,R1,SKU_C,2,289
161,W1,R1,SKU_D,2,173
161,W1,R1,SKU_E,2,112
161,W1,R2,SKU_A,3,243
161,W1,R2,SKU_B,3,149
161,W1,R2,SKU_C,3,133
161,W1,R2,SKU_D,3,130
161,W1,R2,SKU_E,3,126
162,Supplier,W1,SKU_A,5,619
162,Supplier,W1,SKU_B,5,299
162,Supplier,W1,SKU_C,5,422
162,Supplier,W1,SKU_D,5,303
162,Supplier,W1,SKU_E,5,238
162,Supplier,W2,SKU_A,6,436
162,Supplier,W2,SKU_B,6,152
162,Supplier,W2,SKU_C,6,270
162,Supplier,W2,SKU_D,6,241
162,Supplier,W2,SKU_E,6,219
162,W2,R3,SKU_A,4,456
162,W2,R3,SKU_B,4,141
162,W2,R3,SKU_C,4,310
162,W2,R3,SKU_D,4,220
162,W2,R3,SKU_E,4,208
163,W1,R1,SKU_A,2,350
163,W1,R1,SKU_B,2,159
163,W1,R1,SKU_C,2,283
163,W1,R1,SKU_D,2,149
163,W1,R1,SKU_E,2,95
163,W1,R2,SKU_A,3,257
163,W1,R2,SKU_B,3,129
163,W1,R2,SKU_C,3,137
163,W1,R2,SKU_D,3,68
163,W1,R2,SKU_E,3,117
164,Supplier,W1,SKU_A,5,607
164,Supplier,W1,SKU_B,5,288
164,Supplier,W1,SKU_C,5,420
164,Supplier,W1,SKU_D,5,265
164,Supplier,W1,SKU_E,5,212
164,Supplier,W2,SKU_A,6,430
164,Supplier,W2,SKU_B,6,109
164,Supplier,W2,SKU_C,6,241
164,Supplier,W2,SKU_D,6,194
164,Supplier,W2,SKU_E,6,158
164,W2,R3,SKU_A,4,426
164,W2,R3,SKU_B,4,90
164,W2,R3,SKU_C,4,222
164,W2,R3,SKU_D,4,182
164,W2,R3,SKU_E,4,158
165,W1,R1,SKU_A,2,265
165,W1,R1,SKU_B,2,96
165,W1,R1,SKU_C,2,172
165,W1,R1,SKU_D,2,127
165,W1,R1,SKU_E,2,60
165,W1,R2,SKU_B,3,95
165,W1,R2,SKU_A,3,217
165,W1,R2,SKU_C,3,103
165,W1,R2,SKU_D,3,116
165,W1,R2,SKU_E,3,79
166,Supplier,W1,SKU_A,5,482
166,Supplier,W1,SKU_B,5,191
166,Supplier,W1,SKU_C,5,275
166,Supplier,W1,SKU_D,5,195
166,Supplier,W1,SKU_E,5,139
166,Supplier,W2,SKU_A,6,402
166,Supplier,W2,SKU_B,6,92
166,Supplier,W2,SKU_C,6,233
166,Supplier,W2,SKU_D,6,197
166,Supplier,W2,SKU_E,6,159
166,W2,R3,SKU_A,4,350
166,W2,R3,SKU_B,4,106
166,W2,R3,SKU_C,4,224
166,W2,R3,SKU_D,4,202
166,W2,R3,SKU_E,4,170
167,W1,R1,SKU_A,2,278
167,W1,R1,SKU_B,2,114
167,W1,R1,SKU_C,2,260
167,W1,R1,SKU_D,2,153
167,W1,R1,SKU_E,2,66
167,W1,R2,SKU_B,3,150
167,W1,R2,SKU_C,3,124
167,W1,R2,SKU_E,3,105
167,W1,R2,SKU_A,3,226
167,W1,R2,SKU_D,3,101
168,Supplier,W1,SKU_A,5,504
168,Supplier,W1,SKU_B,5,264
168,Supplier,W1,SKU_C,5,384
168,Supplier,W1,SKU_D,5,254
168,Supplier,W1,SKU_E,5,171
168,Supplier,W2,SKU_A,6,365
168,Supplier,W2,SKU_B,6,131
168,Supplier,W2,SKU_C,6,236
168,Supplier,W2,SKU_D,6,212
168,Supplier,W2,SKU_E,6,157
168,W2,R3,SKU_A,4,437
168,W2,R3,SKU_B,4,161
168,W2,R3,SKU_C,4,286
168,W2,R3,SKU_D,4,231
168,W2,R3,SKU_E,4,169
169,W1,R1,SKU_A,2,457
169,W1,R1,SKU_B,2,160
169,W1,R1,SKU_C,2,342
169,W1,R1,SKU_D,2,199
169,W1,R1,SKU_E,2,109
169,W1,R2,SKU_B,3,133
169,W1,R2,SKU_C,3,133
169,W1,R2,SKU_E,3,116
169,W1,R2,SKU_A,3,226
169,W1,R2,SKU_D,3,103
170,Supplier,W1,SKU_A,5,683
170,Supplier,W1,SKU_B,5,293
170,Supplier,W1,SKU_C,5,475
170,Supplier,W1,SKU_D,5,302
170,Supplier,W1,SKU_E,5,225
170,Supplier,W2,SKU_A,6,507
170,Supplier,W2,SKU_B,6,180
170,Supplier,W2,SKU_C,6,356
170,Supplier,W2,SKU_D,6,242
170,Supplier,W2,SKU_E,6,211
170,W2,R3,SKU_A,4,475
170,W2,R3,SKU_B,4,148
170,W2,R3,SKU_C,4,293
170,W2,R3,SKU_D,4,213
170,W2,R3,SKU_E,4,214
171,W1,R1,SKU_A,2,281
171,W1,R1,SKU_B,2,124
171,W1,R1,SKU_C,2,226
171,W1,R1,SKU_D,2,131
171,W1,R1,SKU_E,2,96
171,W1,R2,SKU_B,3,130
171,W1,R2,SKU_E,3,93
171,W1,R2,SKU_A,3,248
171,W1,R2,SKU_C,3,143
171,W1,R2,SKU_D,3,117
172,Supplier,W1,SKU_A,5,529
172,Supplier,W1,SKU_B,5,254
172,Supplier,W1,SKU_C,5,369
172,Supplier,W1,SKU_D,5,248
172,Supplier,W1,SKU_E,5,189
172,Supplier,W2,SKU_A,6,422
172,Supplier,W2,SKU_B,6,122
172,Supplier,W2,SKU_C,6,204
172,Supplier,W2,SKU_D,6,183
172,Supplier,W2,SKU_E,6,198
172,W2,R3,SKU_A,4,396
172,W2,R3,SKU_B,4,120
172,W2,R3,SKU_C,4,175
172,W2,R3,SKU_D,4,175
172,W2,R3,SKU_E,4,165
173,W1,R1,SKU_A,2,272
173,W1,R1,SKU_B,2,105
173,W1,R1,SKU_C,2,177
173,W1,R1,SKU_D,2,95
173,W1,R1,SKU_E,2,82
173,W1,R2,SKU_B,3,109
173,W1,R2,SKU_E,3,104
173,W1,R2,SKU_A,3,207
173,W1,R2,SKU_C,3,101
173,W1,R2,SKU_D,3,109
174,Supplier,W1,SKU_A,5,479
174,Supplier,W1,SKU_B,5,214
174,Supplier,W1,SKU_C,5,278
174,Supplier,W1,SKU_D,5,204
174,Supplier,W1,SKU_E,5,186
174,Supplier,W2,SKU_A,6,359
174,Supplier,W2,SKU_B,6,117
174,Supplier,W2,SKU_C,6,171
174,Supplier,W2,SKU_D,6,187
174,Supplier,W2,SKU_E,6,160
174,W2,R3,SKU_A,4,408
174,W2,R3,SKU_B,4,111
174,W2,R3,SKU_C,4,237
174,W2,R3,SKU_D,4,206
174,W2,R3,SKU_E,4,194
175,W1,R1,SKU_A,2,353
175,W1,R1,SKU_B,2,151
175,W1,R1,SKU_C,2,271
175,W1,R1,SKU_D,2,180
175,W1,R1,SKU_E,2,91
175,W1,R2,SKU_B,3,141
175,W1,R2,SKU_C,3,149
175,W1,R2,SKU_E,3,113
175,W1,R2,SKU_A,3,224
175,W1,R2,SKU_D,3,118
176,Supplier,W1,SKU_A,5,577
176,Supplier,W1,SKU_B,5,292
176,Supplier,W1,SKU_C,5,420
176,Supplier,W1,SKU_D,5,298
176,Supplier,W1,SKU_E,5,204
176,Supplier,W2,SKU_A,6,460
176,Supplier,W2,SKU_B,6,117
176,Supplier,W2,SKU_C,6,310
176,Supplier,W2,SKU_D,6,233
176,Supplier,W2,SKU_E,6,221
176,W2,R3,SKU_A,4,483
176,W2,R3,SKU_B,4,143
176,W2,R3,SKU_C,4,317
176,W2,R3,SKU_D,4,253
176,W2,R3,SKU_E,4,210
177,W1,R1,SKU_A,2,297
177,W1,R1,SKU_B,2,129
177,W1,R1,SKU_C,2,201
177,W1,R1,SKU_D,2,143
177,W1,R1,SKU_E,2,87
177,W1,R2,SKU_A,3,206
177,W1,R2,SKU_B,3,108
177,W1,R2,SKU_C,3,94
177,W1,R2,SKU_E,3,116
177,W1,R2,SKU_D,3,90
178,Supplier,W1,SKU_A,5,503
178,Supplier,W1,SKU_B,5,237
178,Supplier,W1,SKU_C,5,295
178,Supplier,W1,SKU_D,5,233
178,Supplier,W1,SKU_E,5,203
178,Supplier,W2,SKU_A,6,431
178,Supplier,W2,SKU_B,6,134
178,Supplier,W2,SKU_C,6,243
178,Supplier,W2,SKU_D,6,198
178,Supplier,W2,SKU_E,6,171
178,W2,R3,SKU_A,4,336
178,W2,R3,SKU_B,4,115
178,W2,R3,SKU_C,4,167
178,W2,R3,SKU_D,4,144
178,W2,R3,SKU_E,4,164
179,W1,R2,SKU_A,3,154
179,W1,R2,SKU_B,3,88
179,W1,R2,SKU_C,3,109
179,W1,R2,SKU_D,3,70
179,W1,R2,SKU_E,3,75
180,W1,R1,SKU_A,2,358
180,W1,R1,SKU_B,2,154
180,W1,R1,SKU_C,2,238
180,W1,R1,SKU_D,2,141
180,W1,R1,SKU_E,2,122
180,W2,R3,SKU_A,4,318
180,W2,R3,SKU_B,4,126
180,W2,R3,SKU_C,4,178
180,W2,R3,SKU_D,4,180
180,W2,R3,SKU_E,4,144
181,Supplier,W1,SKU_A,5,611
181,Supplier,W1,SKU_B,5,289
181,Supplier,W1,SKU_C,5,394
181,Supplier,W1,SKU_D,5,250
181,Supplier,W1,SKU_E,5,250
181,Supplier,W2,SKU_A,6,473
181,Supplier,W2,SKU_B,6,182
181,Supplier,W2,SKU_C,6,252
181,Supplier,W2,SKU_D,6,248
181,Supplier,W2,SKU_E,6,229
181,W1,R2,SKU_A,3,191
181,W1,R2,SKU_B,3,106
181,W1,R2,SKU_C,3,98
181,W1,R2,SKU_D,3,79
181,W1,R2,SKU_E,3,110
182,W1,R1,SKU_A,2,315
182,W1,R1,SKU_B,2,175
182,W1,R1,SKU_C,2,259
182,W1,R1,SKU_D,2,157
182,W1,R1,SKU_E,2,92
182,W2,R3,SKU_A,4,415
182,W2,R3,SKU_B,4,132
182,W2,R3,SKU_C,4,229
182,W2,R3,SKU_D,4,238
182,W2,R3,SKU_E,4,148
183,Supplier,W1,SKU_A,5,507
183,Supplier,W1,SKU_B,5,305
183,Supplier,W1,SKU_C,5,397
183,Supplier,W1,SKU_D,5,256
183,Supplier,W1,SKU_E,5,196
183,Supplier,W2,SKU_A,6,415
183,Supplier,W2,SKU_B,6,132
183,Supplier,W2,SKU_C,6,229
183,Supplier,W2,SKU_D,6,238
183,Supplier,W2,SKU_E,6,148
183,W1,R2,SKU_A,3,237
183,W1,R2,SKU_B,3,133
183,W1,R2,SKU_C,3,148
183,W1,R2,SKU_D,3,112
183,W1,R2,SKU_E,3,99
184,W1,R1,SKU_A,2,319
184,W1,R1,SKU_B,2,143
184,W1,R1,SKU_C,2,195
184,W1,R1,SKU_D,2,146
184,W1,R1,SKU_E,2,94
184,W2,R3,SKU_A,4,364
184,W2,R3,SKU_B,4,105
184,W2,R3,SKU_C,4,172
184,W2,R3,SKU_D,4,163
184,W2,R3,SKU_E,4,170
185,Supplier,W1,SKU_A,5,561
185,Supplier,W1,SKU_B,5,235
185,Supplier,W1,SKU_C,5,311
185,Supplier,W1,SKU_D,5,249
185,Supplier,W1,SKU_E,5,185
185,Supplier,W2,SKU_A,6,364
185,Supplier,W2,SKU_B,6,105
185,Supplier,W2,SKU_C,6,172
185,Supplier,W2,SKU_D,6,163
185,Supplier,W2,SKU_E,6,170
186,W1,R1,SKU_A,2,273
186,W1,R1,SKU_B,2,81
186,W1,R1,SKU_C,2,185
186,W1,R1,SKU_D,2,118
186,W1,R1,SKU_E,2,73
186,W1,R2,SKU_A,3,283
186,W1,R2,SKU_B,3,103
186,W1,R2,SKU_C,3,136
186,W1,R2,SKU_D,3,131
186,W1,R2,SKU_E,3,96
187,Supplier,W2,SKU_A,6,344
187,Supplier,W2,SKU_B,6,125
187,Supplier,W2,SKU_C,6,158
187,Supplier,W2,SKU_D,6,189
187,Supplier,W2,SKU_E,6,143
187,W2,R3,SKU_A,4,563
187,W2,R3,SKU_B,4,186
187,W2,R3,SKU_C,4,273
187,W2,R3,SKU_D,4,298
187,W2,R3,SKU_E,4,212
188,Supplier,W1,SKU_A,5,732
188,Supplier,W1,SKU_B,5,254
188,Supplier,W1,SKU_C,5,418
188,Supplier,W1,SKU_D,5,338
188,Supplier,W1,SKU_E,5,199
188,W1,R1,SKU_A,2,329
188,W1,R1,SKU_B,2,142
188,W1,R1,SKU_C,2,229
188,W1,R1,SKU_D,2,174
188,W1,R1,SKU_E,2,90
188,W1,R2,SKU_A,3,256
188,W1,R2,SKU_B,3,112
188,W1,R2,SKU_C,3,113
188,W1,R2,SKU_D,3,125
188,W1,R2,SKU_E,3,86
189,Supplier,W2,SKU_A,6,454
189,Supplier,W2,SKU_B,6,134
189,Supplier,W2,SKU_C,6,217
189,Supplier,W2,SKU_D,6,202
189,Supplier,W2,SKU_E,6,158
189,W2,R3,SKU_A,4,448
189,W2,R3,SKU_B,4,143
189,W2,R3,SKU_C,4,207
189,W2,R3,SKU_D,4,174
189,W2,R3,SKU_E,4,189
190,Supplier,W1,SKU_A,5,671
190,Supplier,W1,SKU_B,5,344
190,Supplier,W1,SKU_C,5,450
190,Supplier,W1,SKU_D,5,343
190,Supplier,W1,SKU_E,5,240
190,W1,R1,SKU_A,2,407
190,W1,R1,SKU_B,2,209
190,W1,R1,SKU_C,2,274
190,W1,R1,SKU_D,2,190
190,W1,R1,SKU_E,2,121
190,W1,R2,SKU_B,3,116
190,W1,R2,SKU_C,3,182
190,W1,R2,SKU_E,3,122
190,W1,R2,SKU_A,3,262
190,W1,R2,SKU_D,3,117
191,Supplier,W2,SKU_A,6,437
191,Supplier,W2,SKU_B,6,128
191,Supplier,W2,SKU_C,6,183
191,Supplier,W2,SKU_D,6,174
191,Supplier,W2,SKU_E,6,200
191,W2,R3,SKU_A,4,394
191,W2,R3,SKU_B,4,106
191,W2,R3,SKU_C,4,153
191,W2,R3,SKU_D,4,147
191,W2,R3,SKU_E,4,175
192,Supplier,W1,SKU_A,5,489
192,Supplier,W1,SKU_B,5,227
192,Supplier,W1,SKU_C,5,296
192,Supplier,W1,SKU_D,5,233
192,Supplier,W1,SKU_E,5,195
193,W1,R1,SKU_A,2,354
193,W1,R1,SKU_B,2,154
193,W1,R1,SKU_C,2,182
193,W1,R1,SKU_E,2,116
193,W1,R1,SKU_D,2,143
193,W1,R2,SKU_B,3,137
193,W1,R2,SKU_C,3,111
193,W1,R2,SKU_E,3,137
193,W1,R2,SKU_A,3,255
193,W1,R2,SKU_D,3,155
194,Supplier,W2,SKU_A,6,476
194,Supplier,W2,SKU_B,6,144
194,Supplier,W2,SKU_C,6,228
194,Supplier,W2,SKU_D,6,219
194,Supplier,W2,SKU_E,6,235
194,W2,R3,SKU_A,4,480
194,W2,R3,SKU_B,4,147
194,W2,R3,SKU_C,4,245
194,W2,R3,SKU_D,4,257
194,W2,R3,SKU_E,4,239
195,Supplier,W1,SKU_A,5,659
195,Supplier,W1,SKU_B,5,302
195,Supplier,W1,SKU_C,5,313
195,Supplier,W1,SKU_D,5,310
195,Supplier,W1,SKU_E,5,262
195,W1,R1,SKU_A,2,294
195,W1,R1,SKU_B,2,104
195,W1,R1,SKU_C,2,176
195,W1,R1,SKU_D,2,110
195,W1,R1,SKU_E,2,92
195,W1,R2,SKU_A,3,174
195,W1,R2,SKU_B,3,90
195,W1,R2,SKU_C,3,95
195,W1,R2,SKU_E,3,103
195,W1,R2,SKU_D,3,111
196,Supplier,W2,SKU_A,6,375
196,Supplier,W2,SKU_B,6,112
196,Supplier,W2,SKU_C,6,204
196,Supplier,W2,SKU_D,6,203
196,Supplier,W2,SKU_E,6,176
196,W2,R3,SKU_A,4,392
196,W2,R3,SKU_B,4,120
196,W2,R3,SKU_C,4,235
196,W2,R3,SKU_D,4,227
196,W2,R3,SKU_E,4,158
197,Supplier,W1,SKU_A,5,550
197,Supplier,W1,SKU_B,5,252
197,Supplier,W1,SKU_C,5,364
197,Supplier,W1,SKU_D,5,247
197,Supplier,W1,SKU_E,5,223
197,W1,R1,SKU_A,2,384
197,W1,R1,SKU_B,2,183
197,W1,R1,SKU_C,2,291
197,W1,R1,SKU_D,2,160
197,W1,R1,SKU_E,2,119
197,W1,R2,SKU_A,3,278
197,W1,R2,SKU_B,3,118
197,W1,R2,SKU_C,3,123
197,W1,R2,SKU_D,3,139
197,W1,R2,SKU_E,3,107
198,Supplier,W2,SKU_A,6,401
198,Supplier,W2,SKU_B,6,128
198,Supplier,W2,SKU_C,6,238
198,Supplier,W2,SKU_D,6,202
198,Supplier,W2,SKU_E,6,199
198,W2,R3,SKU_A,4,373
198,W2,R3,SKU_B,4,122
198,W2,R3,SKU_C,4,184
198,W2,R3,SKU_D,4,162
198,W2,R3,SKU_E,4,200
199,Supplier,W1,SKU_A,5,544
199,Supplier,W1,SKU_B,5,221
199,Supplier,W1,SKU_C,5,320
199,Supplier,W1,SKU_D,5,241
199,Supplier,W1,SKU_E,5,203
200,W1,R1,SKU_A,2,397
200,W1,R1,SKU_B,2,145
200,W1,R1,SKU_C,2,252
200,W1,R1,SKU_D,2,170
200,W1,R1,SKU_E,2,131
200,W1,R2,SKU_A,3,254
200,W1,R2,SKU_B,3,115
200,W1,R2,SKU_C,3,133
200,W1,R2,SKU_D,3,133
200,W1,R2,SKU_E,3,160
200,W2,R3,SKU_A,4,348
200,W2,R3,SKU_B,4,80
200,W2,R3,SKU_C,4,190
200,W2,R3,SKU_D,4,150
200,W2,R3,SKU_E,4,186
201,Supplier,W1,SKU_A,5,450
201,Supplier,W1,SKU_B,5,179
201,Supplier,W1,SKU_C,5,266
201,Supplier,W1,SKU_D,5,214
201,Supplier,W1,SKU_E,5,192
201,Supplier,W2,SKU_A,6,511
201,Supplier,W2,SKU_B,6,133
201,Supplier,W2,SKU_C,6,259
201,Supplier,W2,SKU_D,6,226
201,Supplier,W2,SKU_E,6,248
202,W1,R1,SKU_A,2,287
202,W1,R1,SKU_B,2,91
202,W1,R1,SKU_C,2,162
202,W1,R1,SKU_D,2,100
202,W1,R1,SKU_E,2,82
202,W1,R2,SKU_A,3,192
202,W1,R2,SKU_B,3,98
202,W1,R2,SKU_C,3,89
202,W1,R2,SKU_D,3,99
202,W1,R2,SKU_E,3,81
202,W2,R3,SKU_A,4,382
202,W2,R3,SKU_B,4,91
202,W2,R3,SKU_C,4,179
202,W2,R3,SKU_D,4,200
202,W2,R3,SKU_E,4,168
203,Supplier,W1,SKU_A,5,479
203,Supplier,W1,SKU_B,5,189
203,Supplier,W1,SKU_C,5,251
203,Supplier,W1,SKU_D,5,199
203,Supplier,W1,SKU_E,5,163
203,Supplier,W2,SKU_A,6,382
203,Supplier,W2,SKU_B,6,91
203,Supplier,W2,SKU_C,6,179
203,Supplier,W2,SKU_D,6,200
203,Supplier,W2,SKU_E,6,168
204,W1,R1,SKU_A,2,383
204,W1,R1,SKU_B,2,191
204,W1,R1,SKU_C,2,279
204,W1,R1,SKU_D,2,164
204,W1,R1,SKU_E,2,131
204,W1,R2,SKU_A,3,273
204,W1,R2,SKU_B,3,129
204,W1,R2,SKU_C,3,122
204,W1,R2,SKU_D,3,124
204,W1,R2,SKU_E,3,112
204,W2,R3,SKU_A,4,469
204,W2,R3,SKU_B,4,166
204,W2,R3,SKU_C,4,274
204,W2,R3,SKU_D,4,211
204,W2,R3,SKU_E,4,211
205,Supplier,W1,SKU_A,5,656
205,Supplier,W1,SKU_B,5,320
205,Supplier,W1,SKU_C,5,401
205,Supplier,W1,SKU_D,5,288
205,Supplier,W1,SKU_E,5,243
205,Supplier,W2,SKU_A,6,469
205,Supplier,W2,SKU_B,6,166
205,Supplier,W2,SKU_C,6,274
205,Supplier,W2,SKU_D,6,211
205,Supplier,W2,SKU_E,6,211
206,W1,R2,SKU_A,3,182
206,W1,R2,SKU_B,3,69
206,W1,R2,SKU_C,3,85
206,W1,R2,SKU_D,3,92
206,W1,R2,SKU_E,3,81
207,W1,R1,SKU_A,2,380
207,W1,R1,SKU_B,2,132
207,W1,R1,SKU_C,2,236
207,W1,R1,SKU_D,2,158
207,W1,R1,SKU_E,2,121
207,W2,R3,SKU_A,4,460
207,W2,R3,SKU_B,4,111
207,W2,R3,SKU_C,4,208
207,W2,R3,SKU_D,4,227
207,W2,R3,SKU_E,4,209
208,Supplier,W1,SKU_A,5,640
208,Supplier,W1,SKU_B,5,220
208,Supplier,W1,SKU_C,5,351
208,Supplier,W1,SKU_D,5,282
208,Supplier,W1,SKU_E,5,240
208,Supplier,W2,SKU_A,6,460
208,Supplier,W2,SKU_B,6,111
208,Supplier,W2,SKU_C,6,208
208,Supplier,W2,SKU_D,6,227
208,Supplier,W2,SKU_E,6,209
209,W1,R1,SKU_A,2,256
209,W1,R1,SKU_B,2,144
209,W1,R1,SKU_C,2,161
209,W1,R1,SKU_D,2,119
209,W1,R1,SKU_E,2,102
209,W1,R2,SKU_A,3,257
209,W1,R2,SKU_B,3,94
209,W1,R2,SKU_C,3,107
209,W1,R2,SKU_D,3,119
209,W1,R2,SKU_E,3,121
209,W2,R3,SKU_A,4,387
209,W2,R3,SKU_B,4,117
209,W2,R3,SKU_C,4,198
209,W2,R3,SKU_D,4,162
209,W2,R3,SKU_E,4,185
210,Supplier,W1,SKU_A,5,435
210,Supplier,W1,SKU_B,5,219
210,Supplier,W1,SKU_C,5,238
210,Supplier,W1,SKU_D,5,206
210,Supplier,W1,SKU_E,5,196
210,Supplier,W2,SKU_A,6,387
210,Supplier,W2,SKU_B,6,117
210,Supplier,W2,SKU_C,6,198
210,Supplier,W2,SKU_D,6,162
210,Supplier,W2,SKU_E,6,185
211,W1,R1,SKU_A,2,428
211,W1,R1,SKU_B,2,212
211,W1,R1,SKU_C,2,297
211,W1,R1,SKU_D,2,172
211,W1,R1,SKU_E,2,130
211,W1,R2,SKU_A,3,263
211,W1,R2,SKU_B,3,109
211,W1,R2,SKU_C,3,127
211,W1,R2,SKU_D,3,119
211,W1,R2,SKU_E,3,102
211,W2,R3,SKU_A,4,493
211,W2,R3,SKU_B,4,106
211,W2,R3,SKU_C,4,247
211,W2,R3,SKU_D,4,200
211,W2,R3,SKU_E,4,172
212,Supplier,W1,SKU_A,5,698
212,Supplier,W1,SKU_B,5,321
212,Supplier,W1,SKU_C,5,424
212,Supplier,W1,SKU_D,5,291
212,Supplier,W1,SKU_E,5,221
212,Supplier,W2,SKU_A,6,493
212,Supplier,W2,SKU_B,6,106
212,Supplier,W2,SKU_C,6,247
212,Supplier,W2,SKU_D,6,200
212,Supplier,W2,SKU_E,6,172
213,W1,R1,SKU_B,2,110
213,W1,R1,SKU_C,2,186
213,W1,R1,SKU_D,2,141
213,W1,R1,SKU_E,2,75
213,W1,R1,SKU_A,2,282
213,W1,R2,SKU_B,3,75
213,W1,R2,SKU_C,3,80
213,W1,R2,SKU_A,3,209
213,W1,R2,SKU_D,3,88
213,W1,R2,SKU_E,3,84
214,Supplier,W1,SKU_A,5,484
214,Supplier,W1,SKU_B,5,185
214,Supplier,W1,SKU_C,5,266
214,Supplier,W1,SKU_D,5,229
214,Supplier,W1,SKU_E,5,159
214,Supplier,W2,SKU_A,6,365
214,Supplier,W2,SKU_B,6,98
214,Supplier,W2,SKU_C,6,195
214,Supplier,W2,SKU_D,6,208
214,Supplier,W2,SKU_E,6,148
214,W2,R3,SKU_A,4,612
214,W2,R3,SKU_B,4,177
214,W2,R3,SKU_C,4,336
214,W2,R3,SKU_D,4,357
214,W2,R3,SKU_E,4,243
215,W1,R1,SKU_A,2,394
215,W1,R1,SKU_B,2,169
215,W1,R1,SKU_C,2,281
215,W1,R1,SKU_D,2,192
215,W1,R1,SKU_E,2,155
215,W1,R2,SKU_B,3,119
215,W1,R2,SKU_C,3,150
215,W1,R2,SKU_E,3,118
215,W1,R2,SKU_A,3,190
215,W1,R2,SKU_D,3,93
216,Supplier,W1,SKU_A,5,623
216,Supplier,W1,SKU_B,5,288
216,Supplier,W1,SKU_C,5,431
216,Supplier,W1,SKU_D,5,317
216,Supplier,W1,SKU_E,5,273
216,Supplier,W2,SKU_A,6,549
216,Supplier,W2,SKU_B,6,155
216,Supplier,W2,SKU_C,6,342
216,Supplier,W2,SKU_D,6,318
216,Supplier,W2,SKU_E,6,228
216,W2,R3,SKU_A,4,505
216,W2,R3,SKU_B,4,162
216,W2,R3,SKU_C,4,332
216,W2,R3,SKU_D,4,256
216,W2,R3,SKU_E,4,253
217,W1,R1,SKU_B,2,167
217,W1,R1,SKU_C,2,240
217,W1,R1,SKU_E,2,136
217,W1,R1,SKU_A,2,412
217,W1,R1,SKU_D,2,173
217,W1,R2,SKU_B,3,106
217,W1,R2,SKU_A,3,234
217,W1,R2,SKU_C,3,138
217,W1,R2,SKU_D,3,116
217,W1,R2,SKU_E,3,80
218,Supplier,W1,SKU_A,5,607
218,Supplier,W1,SKU_B,5,273
218,Supplier,W1,SKU_C,5,378
218,Supplier,W1,SKU_D,5,257
218,Supplier,W1,SKU_E,5,216
218,Supplier,W2,SKU_A,6,477
218,Supplier,W2,SKU_B,6,152
218,Supplier,W2,SKU_C,6,223
218,Supplier,W2,SKU_D,6,237
218,Supplier,W2,SKU_E,6,205
218,W2,R3,SKU_B,4,109
218,W2,R3,SKU_C,4,198
218,W2,R3,SKU_E,4,155
218,W2,R3,SKU_A,4,474
218,W2,R3,SKU_D,4,200
219,W1,R1,SKU_A,2,308
219,W1,R1,SKU_B,2,110
219,W1,R1,SKU_C,2,225
219,W1,R1,SKU_D,2,123
219,W1,R1,SKU_E,2,102
219,W1,R2,SKU_B,3,80
219,W1,R2,SKU_C,3,102
219,W1,R2,SKU_A,3,206
219,W1,R2,SKU_D,3,67
219,W1,R2,SKU_E,3,74
220,Supplier,W1,SKU_A,5,514
220,Supplier,W1,SKU_B,5,190
220,Supplier,W1,SKU_C,5,327
220,Supplier,W1,SKU_D,5,190
220,Supplier,W1,SKU_E,5,176
221,Supplier,W2,SKU_A,6,516
221,Supplier,W2,SKU_B,6,132
221,Supplier,W2,SKU_C,6,261
221,Supplier,W2,SKU_D,6,226
221,Supplier,W2,SKU_E,6,213
221,W1,R1,SKU_A,2,277
221,W1,R1,SKU_B,2,92
221,W1,R1,SKU_C,2,190
221,W1,R1,SKU_D,2,125
221,W1,R1,SKU_E,2,73
221,W1,R2,SKU_B,3,91
221,W1,R2,SKU_C,3,71
221,W1,R2,SKU_A,3,160
221,W1,R2,SKU_D,3,105
221,W1,R2,SKU_E,3,71
221,W2,R3,SKU_A,4,384
221,W2,R3,SKU_B,4,143
221,W2,R3,SKU_C,4,241
221,W2,R3,SKU_E,4,169
221,W2,R3,SKU_D,4,208
222,Supplier,W1,SKU_A,5,437
222,Supplier,W1,SKU_B,5,183
222,Supplier,W1,SKU_C,5,261
222,Supplier,W1,SKU_D,5,230
222,Supplier,W1,SKU_E,5,144
223,Supplier,W2,SKU_A,6,374
223,Supplier,W2,SKU_B,6,107
223,Supplier,W2,SKU_C,6,190
223,Supplier,W2,SKU_D,6,198
223,Supplier,W2,SKU_E,6,174
223,W1,R1,SKU_A,2,260
223,W1,R1,SKU_B,2,106
223,W1,R1,SKU_C,2,200
223,W1,R1,SKU_D,2,137
223,W1,R1,SKU_E,2,99
223,W1,R2,SKU_A,3,206
223,W1,R2,SKU_B,3,88
223,W1,R2,SKU_C,3,83
223,W1,R2,SKU_D,3,116
223,W1,R2,SKU_E,3,101
223,W2,R3,SKU_A,4,536
223,W2,R3,SKU_B,4,102
223,W2,R3,SKU_C,4,214
223,W2,R3,SKU_D,4,269
223,W2,R3,SKU_E,4,228
224,Supplier,W1,SKU_A,5,466
224,Supplier,W1,SKU_B,5,194
224,Supplier,W1,SKU_C,5,283
224,Supplier,W1,SKU_D,5,253
224,Supplier,W1,SKU_E,5,200
225,Supplier,W2,SKU_A,6,526
225,Supplier,W2,SKU_B,6,118
225,Supplier,W2,SKU_C,6,282
225,Supplier,W2,SKU_D,6,274
225,Supplier,W2,SKU_E,6,227
225,W1,R1,SKU_A,2,516
225,W1,R1,SKU_B,2,183
225,W1,R1,SKU_C,2,318
225,W1,R1,SKU_D,2,164
225,W1,R1,SKU_E,2,136
225,W1,R2,SKU_A,3,255
225,W1,R2,SKU_B,3,114
225,W1,R2,SKU_C,3,130
225,W1,R2,SKU_D,3,111
225,W1,R2,SKU_E,3,136
225,W2,R3,SKU_A,4,490
225,W2,R3,SKU_B,4,130
225,W2,R3,SKU_C,4,327
225,W2,R3,SKU_D,4,265
225,W2,R3,SKU_E,4,205
226,Supplier,W1,SKU_A,5,771
226,Supplier,W1,SKU_B,5,297
226,Supplier,W1,SKU_C,5,448
226,Supplier,W1,SKU_D,5,275
226,Supplier,W1,SKU_E,5,272
227,Supplier,W2,SKU_A,6,440
227,Supplier,W2,SKU_B,6,113
227,Supplier,W2,SKU_C,6,266
227,Supplier,W2,SKU_D,6,177
227,Supplier,W2,SKU_E,6,174
227,W1,R2,SKU_B,3,87
227,W1,R2,SKU_C,3,94
227,W1,R2,SKU_E,3,100
227,W1,R2,SKU_A,3,195
227,W1,R2,SKU_D,3,112
227,W2,R3,SKU_B,4,95
227,W2,R3,SKU_C,4,196
227,W2,R3,SKU_D,4,183
227,W2,R3,SKU_A,4,421
227,W2,R3,SKU_E,4,213
228,Supplier,W1,SKU_A,5,446
228,Supplier,W1,SKU_B,5,170
228,Supplier,W1,SKU_C,5,265
228,Supplier,W1,SKU_D,5,218
228,Supplier,W1,SKU_E,5,177
228,W1,R1,SKU_A,2,334
228,W1,R1,SKU_B,2,127
228,W1,R1,SKU_C,2,237
228,W1,R1,SKU_D,2,160
228,W1,R1,SKU_E,2,96
229,Supplier,W2,SKU_A,6,353
229,Supplier,W2,SKU_B,6,90
229,Supplier,W2,SKU_C,6,179
229,Supplier,W2,SKU_D,6,188
229,Supplier,W2,SKU_E,6,168
229,W1,R2,SKU_B,3,62
229,W1,R2,SKU_C,3,104
229,W1,R2,SKU_D,3,106
229,W1,R2,SKU_A,3,199
229,W1,R2,SKU_E,3,88
229,W2,R3,SKU_A,4,378
229,W2,R3,SKU_B,4,82
229,W2,R3,SKU_C,4,182
229,W2,R3,SKU_D,4,190
229,W2,R3,SKU_E,4,155
230,W1,R1,SKU_A,2,267
230,W1,R1,SKU_B,2,114
230,W1,R1,SKU_C,2,194
230,W1,R1,SKU_D,2,123
230,W1,R1,SKU_E,2,96
231,Supplier,W1,SKU_A,5,711
231,Supplier,W1,SKU_B,5,260
231,Supplier,W1,SKU_C,5,407
231,Supplier,W1,SKU_D,5,338
231,Supplier,W1,SKU_E,5,254
231,Supplier,W2,SKU_A,6,450
231,Supplier,W2,SKU_B,6,83
231,Supplier,W2,SKU_C,6,203
231,Supplier,W2,SKU_D,6,219
231,Supplier,W2,SKU_E,6,176
231,W1,R2,SKU_B,3,96
231,W1,R2,SKU_C,3,108
231,W1,R2,SKU_D,3,122
231,W1,R2,SKU_E,3,92
231,W1,R2,SKU_A,3,226
231,W2,R3,SKU_A,4,511
231,W2,R3,SKU_B,4,119
231,W2,R3,SKU_C,4,271
231,W2,R3,SKU_D,4,260
231,W2,R3,SKU_E,4,193
232,W1,R1,SKU_A,2,499
232,W1,R1,SKU_B,2,173
232,W1,R1,SKU_C,2,280
232,W1,R1,SKU_D,2,182
232,W1,R1,SKU_E,2,128
233,Supplier,W1,SKU_A,5,670
233,Supplier,W1,SKU_B,5,279
233,Supplier,W1,SKU_C,5,407
233,Supplier,W1,SKU_D,5,297
233,Supplier,W1,SKU_E,5,217
233,Supplier,W2,SKU_A,6,532
233,Supplier,W2,SKU_B,6,124
233,Supplier,W2,SKU_C,6,271
233,Supplier,W2,SKU_D,6,263
233,Supplier,W2,SKU_E,6,186
233,W1,R2,SKU_A,3,202
233,W1,R2,SKU_B,3,102
233,W1,R2,SKU_C,3,99
233,W1,R2,SKU_E,3,105
233,W1,R2,SKU_D,3,99
233,W2,R3,SKU_A,4,469
233,W2,R3,SKU_B,4,109
233,W2,R3,SKU_C,4,219
233,W2,R3,SKU_D,4,232
233,W2,R3,SKU_E,4,176
234,W1,R1,SKU_A,2,290
234,W1,R1,SKU_B,2,81
234,W1,R1,SKU_C,2,214
234,W1,R1,SKU_D,2,119
234,W1,R1,SKU_E,2,86
235,Supplier,W1,SKU_A,5,499
235,Supplier,W1,SKU_B,5,176
235,Supplier,W1,SKU_C,5,286
235,Supplier,W1,SKU_D,5,231
235,Supplier,W1,SKU_E,5,188
235,Supplier,W2,SKU_A,6,426
235,Supplier,W2,SKU_B,6,91
235,Supplier,W2,SKU_C,6,218
235,Supplier,W2,SKU_D,6,205
235,Supplier,W2,SKU_E,6,179
235,W2,R3,SKU_A,4,430
235,W2,R3,SKU_B,4,77
235,W2,R3,SKU_C,4,206
235,W2,R3,SKU_D,4,217
235,W2,R3,SKU_E,4,182
236,W1,R1,SKU_B,2,128
236,W1,R1,SKU_C,2,199
236,W1,R1,SKU_E,2,88
236,W1,R1,SKU_A,2,308
236,W1,R1,SKU_D,2,148
236,W1,R2,SKU_B,3,131
236,W1,R2,SKU_C,3,135
236,W1,R2,SKU_E,3,146
236,W1,R2,SKU_A,3,339
236,W1,R2,SKU_D,3,164
237,Supplier,W1,SKU_A,5,533
237,Supplier,W1,SKU_B,5,216
237,Supplier,W1,SKU_C,5,299
237,Supplier,W1,SKU_D,5,251
237,Supplier,W1,SKU_E,5,189
237,Supplier,W2,SKU_A,6,445
237,Supplier,W2,SKU_B,6,97
237,Supplier,W2,SKU_C,6,224
237,Supplier,W2,SKU_D,6,258
237,Supplier,W2,SKU_E,6,192
237,W2,R3,SKU_B,4,129
237,W2,R3,SKU_C,4,251
237,W2,R3,SKU_D,4,221
237,W2,R3,SKU_E,4,205
237,W2,R3,SKU_A,4,450
238,W1,R1,SKU_A,2,372
238,W1,R1,SKU_B,2,204
238,W1,R1,SKU_C,2,294
238,W1,R1,SKU_D,2,176
238,W1,R1,SKU_E,2,114
238,W1,R2,SKU_B,3,103
238,W1,R2,SKU_C,3,128
238,W1,R2,SKU_E,3,109
238,W1,R2,SKU_A,3,215
238,W1,R2,SKU_D,3,81
239,Supplier,W1,SKU_A,5,587
239,Supplier,W1,SKU_B,5,307
239,Supplier,W1,SKU_C,5,422
239,Supplier,W1,SKU_D,5,257
239,Supplier,W1,SKU_E,5,223
239,Supplier,W2,SKU_A,6,493
239,Supplier,W2,SKU_B,6,144
239,Supplier,W2,SKU_C,6,300
239,Supplier,W2,SKU_D,6,279
239,Supplier,W2,SKU_E,6,217
239,W2,R3,SKU_B,4,117
239,W2,R3,SKU_C,4,321
239,W2,R3,SKU_E,4,194
239,W2,R3,SKU_A,4,532
239,W2,R3,SKU_D,4,263
240,W1,R1,SKU_A,2,363
240,W1,R1,SKU_B,2,176
240,W1,R1,SKU_C,2,274
240,W1,R1,SKU_D,2,159
240,W1,R1,SKU_E,2,146
240,W1,R2,SKU_B,3,99
240,W1,R2,SKU_C,3,91
240,W1,R2,SKU_A,3,246
240,W1,R2,SKU_D,3,93
240,W1,R2,SKU_E,3,97
241,Supplier,W1,SKU_A,5,609
241,Supplier,W1,SKU_B,5,275
241,Supplier,W1,SKU_C,5,365
241,Supplier,W1,SKU_D,5,252
241,Supplier,W1,SKU_E,5,243
241,Supplier,W2,SKU_A,6,509
241,Supplier,W2,SKU_B,6,83
241,Supplier,W2,SKU_C,6,247
241,Supplier,W2,SKU_D,6,242
241,Supplier,W2,SKU_E,6,204
241,W2,R3,SKU_B,4,93
241,W2,R3,SKU_C,4,206
241,W2,R3,SKU_A,4,426
241,W2,R3,SKU_D,4,205
241,W2,R3,SKU_E,4,179
242,W1,R1,SKU_A,2,390
242,W1,R1,SKU_B,2,210
242,W1,R1,SKU_C,2,252
242,W1,R1,SKU_D,2,166
242,W1,R1,SKU_E,2,137
242,W1,R2,SKU_B,3,109
242,W1,R2,SKU_C,3,91
242,W1,R2,SKU_A,3,180
242,W1,R2,SKU_D,3,114
242,W1,R2,SKU_E,3,65
243,Supplier,W1,SKU_A,5,622
243,Supplier,W1,SKU_B,5,319
243,Supplier,W1,SKU_C,5,343
243,Supplier,W1,SKU_D,5,280
243,Supplier,W1,SKU_E,5,241
243,Supplier,W2,SKU_A,6,566
243,Supplier,W2,SKU_B,6,137
243,Supplier,W2,SKU_C,6,276
243,Supplier,W2,SKU_D,6,304
243,Supplier,W2,SKU_E,6,261
243,W2,R3,SKU_B,4,144
243,W2,R3,SKU_C,4,340
243,W2,R3,SKU_A,4,445
243,W2,R3,SKU_D,4,258
243,W2,R3,SKU_E,4,192
245,W1,R1,SKU_B,2,186
245,W1,R1,SKU_C,2,258
245,W1,R1,SKU_D,2,158
245,W1,R1,SKU_A,2,391
245,W1,R1,SKU_E,2,129
245,W1,R2,SKU_A,3,196
245,W1,R2,SKU_B,3,77
245,W1,R2,SKU_C,3,95
245,W1,R2,SKU_D,3,105
245,W1,R2,SKU_E,3,94
245,W2,R3,SKU_B,4,48
245,W2,R3,SKU_A,4,493
245,W2,R3,SKU_C,4,162
245,W2,R3,SKU_D,4,279
245,W2,R3,SKU_E,4,217
246,Supplier,W1,SKU_A,5,612
246,Supplier,W1,SKU_B,5,263
246,Supplier,W1,SKU_C,5,353
246,Supplier,W1,SKU_D,5,263
246,Supplier,W1,SKU_E,5,260
246,Supplier,W2,SKU_A,6,599
246,Supplier,W2,SKU_B,6,112
246,Supplier,W2,SKU_C,6,325
246,Supplier,W2,SKU_D,6,323
246,Supplier,W2,SKU_E,6,226
247,W1,R1,SKU_A,2,247
247,W1,R1,SKU_B,2,109
247,W1,R1,SKU_C,2,183
247,W1,R1,SKU_D,2,100
247,W1,R1,SKU_E,2,109
247,W1,R2,SKU_A,3,229
247,W1,R2,SKU_B,3,56
247,W1,R2,SKU_C,3,74
247,W1,R2,SKU_D,3,79
247,W1,R2,SKU_E,3,114
248,W2,R3,SKU_B,4,128
248,W2,R3,SKU_C,4,207
248,W2,R3,SKU_A,4,484
248,W2,R3,SKU_D,4,242
248,W2,R3,SKU_E,4,195
249,Supplier,W1,SKU_A,5,558
249,Supplier,W1,SKU_B,5,240
249,Supplier,W1,SKU_C,5,373
249,Supplier,W1,SKU_D,5,290
249,Supplier,W1,SKU_E,5,198
249,Supplier,W2,SKU_A,6,420
249,Supplier,W2,SKU_B,6,128
249,Supplier,W2,SKU_C,6,207
249,Supplier,W2,SKU_D,6,241
249,Supplier,W2,SKU_E,6,176
250,W1,R1,SKU_A,2,330
250,W1,R1,SKU_B,2,161
250,W1,R1,SKU_C,2,243
250,W1,R1,SKU_D,2,162
250,W1,R1,SKU_E,2,107
250,W1,R2,SKU_A,3,231
250,W1,R2,SKU_B,3,113
250,W1,R2,SKU_C,3,108
250,W1,R2,SKU_D,3,124
250,W1,R2,SKU_E,3,108
250,W2,R3,SKU_A,4,367
250,W2,R3,SKU_B,4,88
250,W2,R3,SKU_C,4,206
250,W2,R3,SKU_D,4,248
250,W2,R3,SKU_E,4,154
251,Supplier,W2,SKU_A,6,367
251,Supplier,W2,SKU_B,6,88
251,Supplier,W2,SKU_C,6,206
251,Supplier,W2,SKU_D,6,193
251,Supplier,W2,SKU_E,6,154
252,Supplier,W1,SKU_A,5,591
252,Supplier,W1,SKU_B,5,297
252,Supplier,W1,SKU_C,5,370
252,Supplier,W1,SKU_D,5,283
252,Supplier,W1,SKU_E,5,247
252,W1,R1,SKU_A,2,263
252,W1,R1,SKU_B,2,135
252,W1,R1,SKU_C,2,181
252,W1,R1,SKU_D,2,140
252,W1,R1,SKU_E,2,90
252,W1,R2,SKU_A,3,161
252,W1,R2,SKU_B,3,104
252,W1,R2,SKU_C,3,92
252,W1,R2,SKU_D,3,74
252,W1,R2,SKU_E,3,85
252,W2,R3,SKU_A,4,387
252,W2,R3,SKU_B,4,97
252,W2,R3,SKU_C,4,201
252,W2,R3,SKU_D,4,194
252,W2,R3,SKU_E,4,184
253,Supplier,W2,SKU_A,6,387
253,Supplier,W2,SKU_B,6,97
253,Supplier,W2,SKU_C,6,201
253,Supplier,W2,SKU_D,6,194
253,Supplier,W2,SKU_E,6,184
254,Supplier,W1,SKU_A,5,502
254,Supplier,W1,SKU_B,5,250
254,Supplier,W1,SKU_C,5,292
254,Supplier,W1,SKU_D,5,231
254,Supplier,W1,SKU_E,5,180
254,W1,R1,SKU_A,2,278
254,W1,R1,SKU_B,2,101
254,W1,R1,SKU_C,2,186
254,W1,R1,SKU_D,2,120
254,W1,R1,SKU_E,2,81
254,W1,R2,SKU_A,3,181
254,W1,R2,SKU_B,3,85
254,W1,R2,SKU_C,3,76
254,W1,R2,SKU_D,3,101
254,W1,R2,SKU_E,3,73
254,W2,R3,SKU_A,4,327
254,W2,R3,SKU_B,4,100
254,W2,R3,SKU_C,4,183
254,W2,R3,SKU_D,4,167
254,W2,R3,SKU_E,4,158
255,Supplier,W2,SKU_A,6,327
255,Supplier,W2,SKU_B,6,100
255,Supplier,W2,SKU_C,6,183
255,Supplier,W2,SKU_D,6,167
255,Supplier,W2,SKU_E,6,166
257,Supplier,W1,SKU_A,5,551
257,Supplier,W1,SKU_B,5,209
257,Supplier,W1,SKU_C,5,274
257,Supplier,W1,SKU_D,5,271
257,Supplier,W1,SKU_E,5,196
257,W1,R1,SKU_A,2,334
257,W1,R1,SKU_B,2,125
257,W1,R1,SKU_C,2,178
257,W1,R1,SKU_D,2,135
257,W1,R1,SKU_E,2,83
257,W1,R2,SKU_A,3,239
257,W1,R2,SKU_B,3,81
257,W1,R2,SKU_C,3,79
257,W1,R2,SKU_D,3,129
257,W1,R2,SKU_E,3,105
257,W2,R3,SKU_A,4,466
257,W2,R3,SKU_B,4,100
257,W2,R3,SKU_C,4,219
257,W2,R3,SKU_D,4,191
257,W2,R3,SKU_E,4,188
258,Supplier,W2,SKU_A,6,466
258,Supplier,W2,SKU_B,6,100
258,Supplier,W2,SKU_C,6,219
258,Supplier,W2,SKU_D,6,191
258,Supplier,W2,SKU_E,6,180
259,W1,R1,SKU_A,2,292
259,W1,R1,SKU_B,2,93
259,W1,R1,SKU_C,2,174
259,W1,R1,SKU_D,2,134
259,W1,R1,SKU_E,2,78
259,W1,R2,SKU_A,3,164
259,W1,R2,SKU_B,3,93
259,W1,R2,SKU_C,3,77
259,W1,R2,SKU_D,3,92
259,W1,R2,SKU_E,3,106
260,Supplier,W1,SKU_A,5,670
260,Supplier,W1,SKU_B,5,260
260,Supplier,W1,SKU_C,5,342
260,Supplier,W1,SKU_D,5,315
260,Supplier,W1,SKU_E,5,242
260,W2,R3,SKU_A,4,496
260,W2,R3,SKU_B,4,131
260,W2,R3,SKU_C,4,310
260,W2,R3,SKU_D,4,260
260,W2,R3,SKU_E,4,192
261,Supplier,W2,SKU_A,6,496
261,Supplier,W2,SKU_B,6,131
261,Supplier,W2,SKU_C,6,310
261,Supplier,W2,SKU_D,6,260
261,Supplier,W2,SKU_E,6,192
261,W1,R1,SKU_A,2,293
261,W1,R1,SKU_B,2,81
261,W1,R1,SKU_C,2,186
261,W1,R1,SKU_D,2,128
261,W1,R1,SKU_E,2,65
261,W1,R2,SKU_A,3,186
261,W1,R2,SKU_B,3,79
261,W1,R2,SKU_C,3,79
261,W1,R2,SKU_D,3,91
261,W1,R2,SKU_E,3,73
263,Supplier,W1,SKU_A,5,650
263,Supplier,W1,SKU_B,5,225
263,Supplier,W1,SKU_C,5,347
263,Supplier,W1,SKU_D,5,310
263,Supplier,W1,SKU_E,5,214
263,W2,R3,SKU_A,4,388
263,W2,R3,SKU_B,4,123
263,W2,R3,SKU_C,4,211
263,W2,R3,SKU_D,4,205
263,W2,R3,SKU_E,4,185
264,Supplier,W2,SKU_A,6,388
264,Supplier,W2,SKU_B,6,123
264,Supplier,W2,SKU_C,6,211
264,Supplier,W2,SKU_D,6,205
264,Supplier,W2,SKU_E,6,185
264,W1,R1,SKU_A,2,344
264,W1,R1,SKU_B,2,100
264,W1,R1,SKU_C,2,175
264,W1,R1,SKU_D,2,136
264,W1,R1,SKU_E,2,99
264,W1,R2,SKU_A,3,168
264,W1,R2,SKU_B,3,119
264,W1,R2,SKU_C,3,69
264,W1,R2,SKU_D,3,102
264,W1,R2,SKU_E,3,129
266,Supplier,W1,SKU_A,5,579
266,Supplier,W1,SKU_B,5,240
266,Supplier,W1,SKU_C,5,270
266,Supplier,W1,SKU_D,5,253
266,Supplier,W1,SKU_E,5,234
266,W1,R1,SKU_A,2,274
266,W1,R1,SKU_B,2,97
266,W1,R1,SKU_C,2,187
266,W1,R1,SKU_D,2,133
266,W1,R1,SKU_E,2,97
266,W1,R2,SKU_A,3,201
266,W1,R2,SKU_B,3,88
266,W1,R2,SKU_C,3,57
266,W1,R2,SKU_D,3,109
266,W1,R2,SKU_E,3,78
266,W2,R3,SKU_A,4,494
266,W2,R3,SKU_B,4,120
266,W2,R3,SKU_C,4,281
266,W2,R3,SKU_D,4,317
266,W2,R3,SKU_E,4,251
267,Supplier,W2,SKU_A,6,494
267,Supplier,W2,SKU_B,6,120
267,Supplier,W2,SKU_C,6,281
267,Supplier,W2,SKU_D,6,317
267,Supplier,W2,SKU_E,6,251
268,Supplier,W1,SKU_A,5,460
268,Supplier,W1,SKU_B,5,211
268,Supplier,W1,SKU_C,5,278
268,Supplier,W1,SKU_D,5,251
268,Supplier,W1,SKU_E,5,174
268,W1,R1,SKU_A,2,288
268,W1,R1,SKU_B,2,118
268,W1,R1,SKU_C,2,185
268,W1,R1,SKU_D,2,127
268,W1,R1,SKU_E,2,70
268,W1,R2,SKU_A,3,161
268,W1,R2,SKU_B,3,90
268,W1,R2,SKU_C,3,78
268,W1,R2,SKU_D,3,76
268,W1,R2,SKU_E,3,82
269,W2,R3,SKU_A,4,468
269,W2,R3,SKU_B,4,111
269,W2,R3,SKU_C,4,276
269,W2,R3,SKU_D,4,256
269,W2,R3,SKU_E,4,177
270,Supplier,W2,SKU_A,6,468
270,Supplier,W2,SKU_B,6,111
270,Supplier,W2,SKU_C,6,276
270,Supplier,W2,SKU_D,6,256
270,Supplier,W2,SKU_E,6,177
271,Supplier,W1,SKU_A,5,588
271,Supplier,W1,SKU_B,5,231
271,Supplier,W1,SKU_C,5,275
271,Supplier,W1,SKU_D,5,258
271,Supplier,W1,SKU_E,5,203
271,W1,R1,SKU_A,2,325
271,W1,R1,SKU_B,2,93
271,W1,R1,SKU_C,2,175
271,W1,R1,SKU_D,2,123
271,W1,R1,SKU_E,2,84
271,W1,R2,SKU_A,3,206
271,W1,R2,SKU_B,3,96
271,W1,R2,SKU_C,3,71
271,W1,R2,SKU_D,3,124
271,W1,R2,SKU_E,3,98
272,W2,R3,SKU_A,4,468
272,W2,R3,SKU_B,4,121
272,W2,R3,SKU_C,4,205
272,W2,R3,SKU_D,4,203
272,W2,R3,SKU_E,4,171
273,Supplier,W2,SKU_A,6,468
273,Supplier,W2,SKU_B,6,121
273,Supplier,W2,SKU_C,6,205
273,Supplier,W2,SKU_D,6,203
273,Supplier,W2,SKU_E,6,171
273,W1,R1,SKU_A,2,290
273,W1,R1,SKU_B,2,115
273,W1,R1,SKU_C,2,192
273,W1,R1,SKU_D,2,113
273,W1,R1,SKU_E,2,69
273,W1,R2,SKU_A,3,149
273,W1,R2,SKU_B,3,96
273,W1,R2,SKU_C,3,72
273,W1,R2,SKU_D,3,93
273,W1,R2,SKU_E,3,84
274,Supplier,W1,SKU_A,5,608
274,Supplier,W1,SKU_B,5,265
274,Supplier,W1,SKU_C,5,356
274,Supplier,W1,SKU_D,5,283
274,Supplier,W1,SKU_E,5,203
274,W2,R3,SKU_A,4,406
274,W2,R3,SKU_B,4,110
274,W2,R3,SKU_C,4,216
274,W2,R3,SKU_D,4,170
274,W2,R3,SKU_E,4,140
275,Supplier,W2,SKU_A,6,406
275,Supplier,W2,SKU_B,6,110
275,Supplier,W2,SKU_C,6,216
275,Supplier,W2,SKU_D,6,170
275,Supplier,W2,SKU_E,6,140
275,W1,R1,SKU_A,2,284
275,W1,R1,SKU_B,2,91
275,W1,R1,SKU_C,2,156
275,W1,R1,SKU_D,2,123
275,W1,R1,SKU_E,2,72
275,W1,R2,SKU_A,3,186
275,W1,R2,SKU_B,3,73
275,W1,R2,SKU_C,3,84
275,W1,R2,SKU_D,3,85
275,W1,R2,SKU_E,3,62
277,Supplier,W1,SKU_A,5,657
277,Supplier,W1,SKU_B,5,228
277,Supplier,W1,SKU_C,5,330
277,Supplier,W1,SKU_D,5,277
277,Supplier,W1,SKU_E,5,192
277,W2,R3,SKU_A,4,335
277,W2,R3,SKU_B,4,102
277,W2,R3,SKU_C,4,155
277,W2,R3,SKU_D,4,181
277,W2,R3,SKU_E,4,141
278,Supplier,W2,SKU_A,6,335
278,Supplier,W2,SKU_B,6,102
278,Supplier,W2,SKU_C,6,155
278,Supplier,W2,SKU_D,6,181
278,Supplier,W2,SKU_E,6,141
278,W1,R1,SKU_A,2,292
278,W1,R1,SKU_B,2,118
278,W1,R1,SKU_C,2,156
278,W1,R1,SKU_D,2,120
278,W1,R1,SKU_E,2,97
278,W1,R2,SKU_A,3,217
278,W1,R2,SKU_B,3,92
278,W1,R2,SKU_C,3,80
278,W1,R2,SKU_D,3,121
278,W1,R2,SKU_E,3,94
280,Supplier,W1,SKU_A,5,510
280,Supplier,W1,SKU_B,5,274
280,Supplier,W1,SKU_C,5,270
280,Supplier,W1,SKU_D,5,271
280,Supplier,W1,SKU_E,5,213
280,W1,R1,SKU_A,2,255
280,W1,R1,SKU_B,2,137
280,W1,R1,SKU_C,2,199
280,W1,R1,SKU_D,2,138
280,W1,R1,SKU_E,2,91
280,W1,R2,SKU_A,3,193
280,W1,R2,SKU_B,3,118
280,W1,R2,SKU_C,3,86
280,W1,R2,SKU_D,3,99
280,W1,R2,SKU_E,3,94
280,W2,R3,SKU_A,4,471
280,W2,R3,SKU_B,4,180
280,W2,R3,SKU_C,4,304
280,W2,R3,SKU_D,4,286
280,W2,R3,SKU_E,4,172
281,Supplier,W2,SKU_A,6,471
281,Supplier,W2,SKU_B,6,180
281,Supplier,W2,SKU_C,6,304
281,Supplier,W2,SKU_D,6,286
281,Supplier,W2,SKU_E,6,172
282,Supplier,W1,SKU_A,5,502
282,Supplier,W1,SKU_B,5,255
282,Supplier,W1,SKU_C,5,324
282,Supplier,W1,SKU_D,5,266
282,Supplier,W1,SKU_E,5,207
282,W1,R1,SKU_A,2,256
282,W1,R1,SKU_B,2,114
282,W1,R1,SKU_C,2,179
282,W1,R1,SKU_D,2,132
282,W1,R1,SKU_E,2,90
282,W1,R2,SKU_A,3,181
282,W1,R2,SKU_B,3,117
282,W1,R2,SKU_C,3,76
282,W1,R2,SKU_D,3,92
282,W1,R2,SKU_E,3,89
282,W2,R3,SKU_A,4,376
282,W2,R3,SKU_B,4,94
282,W2,R3,SKU_C,4,229
282,W2,R3,SKU_D,4,209
282,W2,R3,SKU_E,4,137
283,Supplier,W2,SKU_A,6,376
283,Supplier,W2,SKU_B,6,94
283,Supplier,W2,SKU_C,6,229
283,Supplier,W2,SKU_D,6,209
283,Supplier,W2,SKU_E,6,137
284,W1,R2,SKU_A,3,184
284,W1,R2,SKU_B,3,83
284,W1,R2,SKU_C,3,64
284,W1,R2,SKU_D,3,65
284,W1,R2,SKU_E,3,89
285,Supplier,W1,SKU_A,5,590
285,Supplier,W1,SKU_B,5,264
285,Supplier,W1,SKU_C,5,281
285,Supplier,W1,SKU_D,5,285
285,Supplier,W1,SKU_E,5,238
285,W1,R1,SKU_A,2,317
285,W1,R1,SKU_B,2,122
285,W1,R1,SKU_C,2,202
285,W1,R1,SKU_D,2,155
285,W1,R1,SKU_E,2,103
285,W2,R3,SKU_A,4,450
285,W2,R3,SKU_B,4,130
285,W2,R3,SKU_C,4,244
285,W2,R3,SKU_D,4,252
285,W2,R3,SKU_E,4,184
286,Supplier,W2,SKU_A,6,450
286,Supplier,W2,SKU_B,6,130
286,Supplier,W2,SKU_C,6,244
286,Supplier,W2,SKU_D,6,252
286,Supplier,W2,SKU_E,6,184
286,W1,R2,SKU_A,3,153
286,W1,R2,SKU_B,3,107
286,W1,R2,SKU_C,3,72
286,W1,R2,SKU_D,3,124
286,W1,R2,SKU_E,3,105
287,Supplier,W1,SKU_A,5,363
287,Supplier,W1,SKU_B,5,195
287,Supplier,W1,SKU_C,5,234
287,Supplier,W1,SKU_D,5,217
287,Supplier,W1,SKU_E,5,168
287,W1,R1,SKU_A,2,277
287,W1,R1,SKU_B,2,136
287,W1,R1,SKU_C,2,213
287,W1,R1,SKU_D,2,135
287,W1,R1,SKU_E,2,96
287,W2,R3,SKU_A,4,415
287,W2,R3,SKU_B,4,87
287,W2,R3,SKU_C,4,264
287,W2,R3,SKU_D,4,248
287,W2,R3,SKU_E,4,150
288,Supplier,W2,SKU_A,6,415
288,Supplier,W2,SKU_B,6,87
288,Supplier,W2,SKU_C,6,264
288,Supplier,W2,SKU_D,6,248
288,Supplier,W2,SKU_E,6,150
288,W1,R2,SKU_A,3,226
288,W1,R2,SKU_B,3,130
288,W1,R2,SKU_C,3,90
288,W1,R2,SKU_D,3,91
288,W1,R2,SKU_E,3,83
289,Supplier,W1,SKU_A,5,544
289,Supplier,W1,SKU_B,5,300
289,Supplier,W1,SKU_C,5,317
289,Supplier,W1,SKU_D,5,219
289,Supplier,W1,SKU_E,5,200
289,W1,R1,SKU_A,2,249
289,W1,R1,SKU_B,2,125
289,W1,R1,SKU_C,2,170
289,W1,R1,SKU_D,2,107
289,W1,R1,SKU_E,2,86
289,W2,R3,SKU_A,4,365
289,W2,R3,SKU_B,4,95
289,W2,R3,SKU_C,4,207
289,W2,R3,SKU_D,4,204
289,W2,R3,SKU_E,4,170
290,Supplier,W2,SKU_A,6,365
290,Supplier,W2,SKU_B,6,95
290,Supplier,W2,SKU_C,6,207
290,Supplier,W2,SKU_D,6,204
290,Supplier,W2,SKU_E,6,170
290,W1,R2,SKU_A,3,179
290,W1,R2,SKU_B,3,111
290,W1,R2,SKU_C,3,83
290,W1,R2,SKU_D,3,99
290,W1,R2,SKU_E,3,82
291,W2,R3,SKU_A,4,345
291,W2,R3,SKU_B,4,122
291,W2,R3,SKU_C,4,233
291,W2,R3,SKU_D,4,109
291,W2,R3,SKU_E,4,160
292,Supplier,W1,SKU_A,5,604
292,Supplier,W1,SKU_B,5,313
292,Supplier,W1,SKU_C,5,397
292,Supplier,W1,SKU_D,5,294
292,Supplier,W1,SKU_E,5,272
292,Supplier,W2,SKU_A,6,345
292,Supplier,W2,SKU_B,6,122
292,Supplier,W2,SKU_C,6,233
292,Supplier,W2,SKU_D,6,193
292,Supplier,W2,SKU_E,6,160
292,W1,R1,SKU_A,2,379
292,W1,R1,SKU_B,2,158
292,W1,R1,SKU_C,2,306
292,W1,R1,SKU_D,2,163
292,W1,R1,SKU_E,2,140
292,W1,R2,SKU_A,3,210
292,W1,R2,SKU_B,3,102
292,W1,R2,SKU_C,3,102
292,W1,R2,SKU_D,3,108
292,W1,R2,SKU_E,3,152
293,W2,R3,SKU_A,4,485
293,W2,R3,SKU_B,4,147
293,W2,R3,SKU_C,4,321
293,W2,R3,SKU_D,4,252
293,W2,R3,SKU_E,4,192
294,Supplier,W1,SKU_A,5,521
294,Supplier,W1,SKU_B,5,218
294,Supplier,W1,SKU_C,5,317
294,Supplier,W1,SKU_D,5,220
294,Supplier,W1,SKU_E,5,242
294,Supplier,W2,SKU_A,6,501
294,Supplier,W2,SKU_B,6,147
294,Supplier,W2,SKU_C,6,321
294,Supplier,W2,SKU_D,6,253
294,Supplier,W2,SKU_E,6,207
294,W1,R1,SKU_A,2,365
294,W1,R1,SKU_B,2,130
294,W1,R1,SKU_C,2,255
294,W1,R1,SKU_D,2,115
294,W1,R1,SKU_E,2,110
294,W1,R2,SKU_A,3,219
294,W1,R2,SKU_B,3,119
294,W1,R2,SKU_C,3,112
294,W1,R2,SKU_D,3,108
294,W1,R2,SKU_E,3,139
295,W2,R3,SKU_A,4,415
295,W2,R3,SKU_B,4,140
295,W2,R3,SKU_C,4,308
295,W2,R3,SKU_D,4,248
295,W2,R3,SKU_E,4,150
296,Supplier,W1,SKU_A,5,641
296,Supplier,W1,SKU_B,5,263
296,Supplier,W1,SKU_C,5,408
296,Supplier,W1,SKU_D,5,267
296,Supplier,W1,SKU_E,5,263
296,Supplier,W2,SKU_A,6,530
296,Supplier,W2,SKU_B,6,140
296,Supplier,W2,SKU_C,6,333
296,Supplier,W2,SKU_D,6,270
296,Supplier,W2,SKU_E,6,222
296,W1,R1,SKU_A,2,191
296,W1,R1,SKU_B,2,154
296,W1,R1,SKU_C,2,251
296,W1,R1,SKU_D,2,113
296,W1,R1,SKU_E,2,12
297,W1,R2,SKU_A,3,326
297,W1,R2,SKU_B,3,184
297,W1,R2,SKU_C,3,148
297,W1,R2,SKU_D,3,166
297,W1,R2,SKU_E,3,151
297,W2,R3,SKU_A,4,365
297,W2,R3,SKU_B,4,120
297,W2,R3,SKU_C,4,207
297,W2,R3,SKU_D,4,204
297,W2,R3,SKU_E,4,170
298,Supplier,W1,SKU_A,5,475
298,Supplier,W1,SKU_B,5,253
298,Supplier,W1,SKU_C,5,284
298,Supplier,W1,SKU_D,5,245
298,Supplier,W1,SKU_E,5,178
298,Supplier,W2,SKU_A,6,363
298,Supplier,W2,SKU_B,6,120
298,Supplier,W2,SKU_C,6,263
298,Supplier,W2,SKU_D,6,195
298,Supplier,W2,SKU_E,6,193
298,W1,R1,SKU_A,2,394
298,W1,R1,SKU_B,2,88
298,W1,R1,SKU_C,2,174
298,W1,R1,SKU_D,2,158
298,W1,R1,SKU_E,2,121
299,W1,R2,SKU_A,3,157
299,W1,R2,SKU_B,3,80
299,W1,R2,SKU_C,3,72
299,W1,R2,SKU_D,3,94
299,W1,R2,SKU_E,3,110
299,W2,R3,SKU_A,4,345
299,W2,R3,SKU_B,4,115
299,W2,R3,SKU_C,4,233
299,W2,R3,SKU_D,4,193
299,W2,R3,SKU_E,4,160
300,Supplier,W1,SKU_A,5,403
300,Supplier,W1,SKU_B,5,175
300,Supplier,W1,SKU_C,5,256
300,Supplier,W1,SKU_D,5,191
300,Supplier,W1,SKU_E,5,181
300,Supplier,W2,SKU_A,6,263
300,Supplier,W2,SKU_B,6,115
300,Supplier,W2,SKU_C,6,202
300,Supplier,W2,SKU_D,6,166
300,Supplier,W2,SKU_E,6,170
300,W1,R1,SKU_A,2,248
300,W1,R1,SKU_B,2,107
300,W1,R1,SKU_C,2,208
300,W1,R1,SKU_D,2,96
300,W1,R1,SKU_E,2,127
300,W2,R3,SKU_A,4,246
300,W2,R3,SKU_B,4,78
300,W2,R3,SKU_C,4,159
300,W2,R3,SKU_D,4,205
300,W2,R3,SKU_E,4,207
301,W1,R2,SKU_A,3,186
301,W1,R2,SKU_B,3,90
301,W1,R2,SKU_C,3,94
301,W1,R2,SKU_D,3,108
301,W1,R2,SKU_E,3,96
302,Supplier,W1,SKU_A,5,473
302,Supplier,W1,SKU_B,5,231
302,Supplier,W1,SKU_C,5,366
302,Supplier,W1,SKU_D,5,247
302,Supplier,W1,SKU_E,5,203
302,Supplier,W2,SKU_A,6,471
302,Supplier,W2,SKU_B,6,174
302,Supplier,W2,SKU_C,6,326
302,Supplier,W2,SKU_D,6,306
302,Supplier,W2,SKU_E,6,203
302,W1,R1,SKU_A,2,342
302,W1,R1,SKU_B,2,159
302,W1,R1,SKU_C,2,281
302,W1,R1,SKU_D,2,162
302,W1,R1,SKU_E,2,116
302,W2,R3,SKU_A,4,532
302,W2,R3,SKU_B,4,144
302,W2,R3,SKU_C,4,367
302,W2,R3,SKU_D,4,293
302,W2,R3,SKU_E,4,220
303,W1,R2,SKU_A,3,174
303,W1,R2,SKU_B,3,123
303,W1,R2,SKU_C,3,103
303,W1,R2,SKU_D,3,98
303,W1,R2,SKU_E,3,118
304,Supplier,W1,SKU_A,5,459
304,Supplier,W1,SKU_B,5,258
304,Supplier,W1,SKU_C,5,312
304,Supplier,W1,SKU_D,5,229
304,Supplier,W1,SKU_E,5,207
304,Supplier,W2,SKU_A,6,409
304,Supplier,W2,SKU_B,6,99
304,Supplier,W2,SKU_C,6,222
304,Supplier,W2,SKU_D,6,179
304,Supplier,W2,SKU_E,6,185
305,W1,R1,SKU_A,2,328
305,W1,R1,SKU_B,2,139
305,W1,R1,SKU_C,2,220
305,W1,R1,SKU_D,2,145
305,W1,R1,SKU_E,2,112
305,W1,R2,SKU_A,3,136
305,W1,R2,SKU_B,3,89
305,W1,R2,SKU_C,3,76
305,W1,R2,SKU_D,3,89
305,W1,R2,SKU_E,3,113
305,W2,R3,SKU_A,4,484
305,W2,R3,SKU_B,4,164
305,W2,R3,SKU_C,4,240
305,W2,R3,SKU_D,4,220
305,W2,R3,SKU_E,4,195
306,Supplier,W2,SKU_A,6,335
306,Supplier,W2,SKU_B,6,113
306,Supplier,W2,SKU_C,6,168
306,Supplier,W2,SKU_D,6,171
306,Supplier,W2,SKU_E,6,140
307,Supplier,W1,SKU_A,5,588
307,Supplier,W1,SKU_B,5,277
307,Supplier,W1,SKU_C,5,336
307,Supplier,W1,SKU_D,5,306
307,Supplier,W1,SKU_E,5,282
307,W1,R1,SKU_A,2,272
307,W1,R1,SKU_B,2,112
307,W1,R1,SKU_C,2,158
307,W1,R1,SKU_D,2,122
307,W1,R1,SKU_E,2,101
307,W1,R2,SKU_A,3,169
307,W1,R2,SKU_B,3,109
307,W1,R2,SKU_C,3,84
307,W1,R2,SKU_D,3,106
307,W1,R2,SKU_E,3,99
307,W2,R3,SKU_A,4,322
307,W2,R3,SKU_B,4,134
307,W2,R3,SKU_C,4,217
307,W2,R3,SKU_D,4,166
307,W2,R3,SKU_E,4,170
308,Supplier,W2,SKU_A,6,322
308,Supplier,W2,SKU_B,6,134
308,Supplier,W2,SKU_C,6,217
308,Supplier,W2,SKU_D,6,212
308,Supplier,W2,SKU_E,6,185
309,Supplier,W1,SKU_A,5,501
309,Supplier,W1,SKU_B,5,274
309,Supplier,W1,SKU_C,5,328
309,Supplier,W1,SKU_D,5,259
309,Supplier,W1,SKU_E,5,215
309,W1,R1,SKU_A,2,335
309,W1,R1,SKU_B,2,202
309,W1,R1,SKU_C,2,291
309,W1,R1,SKU_D,2,170
309,W1,R1,SKU_E,2,114
309,W1,R2,SKU_A,3,226
309,W1,R2,SKU_B,3,126
309,W1,R2,SKU_C,3,110
309,W1,R2,SKU_D,3,124
309,W1,R2,SKU_E,3,103
309,W2,R3,SKU_A,4,476
309,W2,R3,SKU_B,4,154
309,W2,R3,SKU_C,4,259
309,W2,R3,SKU_D,4,300
309,W2,R3,SKU_E,4,203
310,Supplier,W2,SKU_A,6,476
310,Supplier,W2,SKU_B,6,154
310,Supplier,W2,SKU_C,6,259
310,Supplier,W2,SKU_D,6,245
310,Supplier,W2,SKU_E,6,245
311,Supplier,W1,SKU_A,5,465
311,Supplier,W1,SKU_B,5,281
311,Supplier,W1,SKU_C,5,292
311,Supplier,W1,SKU_D,5,233
311,Supplier,W1,SKU_E,5,188
311,W2,R3,SKU_A,4,348
311,W2,R3,SKU_B,4,127
311,W2,R3,SKU_C,4,205
311,W2,R3,SKU_D,4,155
311,W2,R3,SKU_E,4,185
312,Supplier,W2,SKU_A,6,348
312,Supplier,W2,SKU_B,6,127
312,Supplier,W2,SKU_C,6,205
312,Supplier,W2,SKU_D,6,155
312,Supplier,W2,SKU_E,6,165
312,W1,R1,SKU_A,2,348
312,W1,R1,SKU_B,2,150
312,W1,R1,SKU_C,2,181
312,W1,R1,SKU_D,2,127
312,W1,R1,SKU_E,2,128
312,W1,R2,SKU_A,3,283
312,W1,R2,SKU_B,3,143
312,W1,R2,SKU_C,3,130
312,W1,R2,SKU_D,3,154
312,W1,R2,SKU_E,3,162
313,Supplier,W1,SKU_A,5,441
313,Supplier,W1,SKU_B,5,179
313,Supplier,W1,SKU_C,5,214
313,Supplier,W1,SKU_D,5,186
313,Supplier,W1,SKU_E,5,208
313,W2,R3,SKU_A,4,347
313,W2,R3,SKU_B,4,120
313,W2,R3,SKU_C,4,203
313,W2,R3,SKU_D,4,175
313,W2,R3,SKU_E,4,140
314,Supplier,W2,SKU_A,6,347
314,Supplier,W2,SKU_B,6,148
314,Supplier,W2,SKU_C,6,203
314,Supplier,W2,SKU_D,6,175
314,Supplier,W2,SKU_E,6,157
314,W1,R1,SKU_A,2,246
314,W1,R1,SKU_B,2,139
314,W1,R1,SKU_C,2,173
314,W1,R1,SKU_D,2,121
314,W1,R1,SKU_E,2,117
314,W1,R2,SKU_A,3,187
314,W1,R2,SKU_B,3,80
314,W1,R2,SKU_C,3,75
314,W1,R2,SKU_D,3,107
314,W1,R2,SKU_E,3,121
315,Supplier,W1,SKU_A,5,433
315,Supplier,W1,SKU_B,5,219
315,Supplier,W1,SKU_C,5,248
315,Supplier,W1,SKU_D,5,228
315,Supplier,W1,SKU_E,5,238
315,W2,R3,SKU_A,4,387
315,W2,R3,SKU_B,4,134
315,W2,R3,SKU_C,4,237
315,W2,R3,SKU_D,4,227
315,W2,R3,SKU_E,4,185
316,Supplier,W2,SKU_A,6,387
316,Supplier,W2,SKU_B,6,166
316,Supplier,W2,SKU_C,6,237
316,Supplier,W2,SKU_D,6,227
316,Supplier,W2,SKU_E,6,228
316,W1,R1,SKU_A,2,344
316,W1,R1,SKU_B,2,180
316,W1,R1,SKU_C,2,267
316,W1,R1,SKU_D,2,173
316,W1,R1,SKU_E,2,128
316,W1,R2,SKU_A,3,203
316,W1,R2,SKU_B,3,125
316,W1,R2,SKU_C,3,119
316,W1,R2,SKU_D,3,140
316,W1,R2,SKU_E,3,94
317,Supplier,W1,SKU_A,5,547
317,Supplier,W1,SKU_B,5,305
317,Supplier,W1,SKU_C,5,386
317,Supplier,W1,SKU_D,5,313
317,Supplier,W1,SKU_E,5,254
317,W2,R3,SKU_A,4,387
317,W2,R3,SKU_B,4,154
317,W2,R3,SKU_C,4,255
317,W2,R3,SKU_D,4,191
317,W2,R3,SKU_E,4,245
318,Supplier,W2,SKU_A,6,387
318,Supplier,W2,SKU_B,6,147
318,Supplier,W2,SKU_C,6,255
318,Supplier,W2,SKU_D,6,191
318,Supplier,W2,SKU_E,6,176
318,W1,R2,SKU_A,3,195
318,W1,R2,SKU_B,3,99
318,W1,R2,SKU_C,3,90
318,W1,R2,SKU_D,3,89
318,W1,R2,SKU_E,3,117
319,Supplier,W1,SKU_A,5,417
319,Supplier,W1,SKU_B,5,191
319,Supplier,W1,SKU_C,5,209
319,Supplier,W1,SKU_D,5,202
319,Supplier,W1,SKU_E,5,207
319,W1,R1,SKU_A,2,338
319,W1,R1,SKU_B,2,154
319,W1,R1,SKU_C,2,185
319,W1,R1,SKU_D,2,158
319,W1,R1,SKU_E,2,91
320,Supplier,W2,SKU_A,6,320
320,Supplier,W2,SKU_B,6,128
320,Supplier,W2,SKU_C,6,137
320,Supplier,W2,SKU_D,6,136
320,Supplier,W2,SKU_E,6,171
320,W1,R2,SKU_A,3,173
320,W1,R2,SKU_B,3,99
320,W1,R2,SKU_C,3,78
320,W1,R2,SKU_D,3,75
320,W1,R2,SKU_E,3,135
320,W2,R3,SKU_A,4,498
320,W2,R3,SKU_B,4,259
320,W2,R3,SKU_C,4,227
320,W2,R3,SKU_D,4,231
320,W2,R3,SKU_E,4,316
321,Supplier,W1,SKU_A,5,427
321,Supplier,W1,SKU_B,5,218
321,Supplier,W1,SKU_C,5,229
321,Supplier,W1,SKU_D,5,184
321,Supplier,W1,SKU_E,5,204
321,W1,R1,SKU_A,2,254
321,W1,R1,SKU_B,2,127
321,W1,R1,SKU_C,2,193
321,W1,R1,SKU_D,2,119
321,W1,R1,SKU_E,2,103
322,Supplier,W2,SKU_A,6,375
322,Supplier,W2,SKU_B,6,162
322,Supplier,W2,SKU_C,6,220
322,Supplier,W2,SKU_D,6,182
322,Supplier,W2,SKU_E,6,195
322,W1,R2,SKU_A,3,204
322,W1,R2,SKU_B,3,108
322,W1,R2,SKU_C,3,84
322,W1,R2,SKU_D,3,117
322,W1,R2,SKU_E,3,116
322,W2,R3,SKU_A,4,416
322,W2,R3,SKU_B,4,182
322,W2,R3,SKU_C,4,272
322,W2,R3,SKU_D,4,215
322,W2,R3,SKU_E,4,221
323,Supplier,W1,SKU_A,5,484
323,Supplier,W1,SKU_B,5,281
323,Supplier,W1,SKU_C,5,331
323,Supplier,W1,SKU_D,5,262
323,Supplier,W1,SKU_E,5,236
323,W1,R1,SKU_A,2,309
323,W1,R1,SKU_B,2,169
323,W1,R1,SKU_C,2,261
323,W1,R1,SKU_D,2,171
323,W1,R1,SKU_E,2,138
324,Supplier,W2,SKU_A,6,433
324,Supplier,W2,SKU_B,6,185
324,Supplier,W2,SKU_C,6,295
324,Supplier,W2,SKU_D,6,268
324,Supplier,W2,SKU_E,6,207
324,W1,R2,SKU_A,3,203
324,W1,R2,SKU_B,3,88
324,W1,R2,SKU_C,3,95
324,W1,R2,SKU_D,3,107
324,W1,R2,SKU_E,3,101
324,W2,R3,SKU_A,4,406
324,W2,R3,SKU_C,4,274
324,W2,R3,SKU_D,4,237
324,W2,R3,SKU_E,4,167
324,W2,R3,SKU_B,4,147
325,Supplier,W1,SKU_A,5,478
325,Supplier,W1,SKU_B,5,215
325,Supplier,W1,SKU_C,5,300
325,Supplier,W1,SKU_D,5,261
325,Supplier,W1,SKU_E,5,237
325,W1,R1,SKU_A,2,246
325,W1,R1,SKU_B,2,118
325,W1,R1,SKU_C,2,169
325,W1,R1,SKU_D,2,123
325,W1,R1,SKU_E,2,106
326,Supplier,W2,SKU_A,6,375
326,Supplier,W2,SKU_B,6,135
326,Supplier,W2,SKU_C,6,254
326,Supplier,W2,SKU_D,6,189
326,Supplier,W2,SKU_E,6,151
326,W1,R2,SKU_A,3,141
326,W1,R2,SKU_B,3,100
326,W1,R2,SKU_C,3,94
326,W1,R2,SKU_D,3,80
326,W1,R2,SKU_E,3,109
326,W2,R3,SKU_A,4,351
326,W2,R3,SKU_C,4,234
326,W2,R3,SKU_D,4,187
326,W2,R3,SKU_E,4,149
326,W2,R3,SKU_B,4,128
327,Supplier,W1,SKU_A,5,366
327,Supplier,W1,SKU_B,5,207
327,Supplier,W1,SKU_C,5,244
327,Supplier,W1,SKU_D,5,184
327,Supplier,W1,SKU_E,5,215
327,W1,R1,SKU_A,2,235
327,W1,R1,SKU_B,2,98
327,W1,R1,SKU_C,2,147
327,W1,R1,SKU_D,2,112
327,W1,R1,SKU_E,2,95
328,Supplier,W2,SKU_A,6,343
328,Supplier,W2,SKU_B,6,124
328,Supplier,W2,SKU_C,6,234
328,Supplier,W2,SKU_D,6,162
328,Supplier,W2,SKU_E,6,165
328,W1,R2,SKU_A,3,156
328,W1,R2,SKU_B,3,112
328,W1,R2,SKU_C,3,133
328,W1,R2,SKU_D,3,92
328,W1,R2,SKU_E,3,124
328,W2,R3,SKU_A,4,361
328,W2,R3,SKU_C,4,260
328,W2,R3,SKU_D,4,183
328,W2,R3,SKU_E,4,182
328,W2,R3,SKU_B,4,155
329,Supplier,W1,SKU_A,5,399
329,Supplier,W1,SKU_B,5,221
329,Supplier,W1,SKU_C,5,311
329,Supplier,W1,SKU_D,5,215
329,Supplier,W1,SKU_E,5,190
329,W1,R1,SKU_A,2,246
329,W1,R1,SKU_B,2,140
329,W1,R1,SKU_C,2,208
329,W1,R1,SKU_D,2,122
329,W1,R1,SKU_E,2,112
330,Supplier,W2,SKU_A,6,378
330,Supplier,W2,SKU_B,6,157
330,Supplier,W2,SKU_C,6,273
330,Supplier,W2,SKU_D,6,227
330,Supplier,W2,SKU_E,6,196
330,W1,R2,SKU_A,3,206
330,W1,R2,SKU_B,3,121
330,W1,R2,SKU_C,3,143
330,W1,R2,SKU_D,3,115
330,W1,R2,SKU_E,3,120
330,W2,R3,SKU_A,4,402
330,W2,R3,SKU_B,4,152
330,W2,R3,SKU_C,4,257
330,W2,R3,SKU_D,4,190
330,W2,R3,SKU_E,4,204
331,Supplier,W1,SKU_A,5,451
331,Supplier,W1,SKU_B,5,272
331,Supplier,W1,SKU_C,5,371
331,Supplier,W1,SKU_D,5,232
331,Supplier,W1,SKU_E,5,244
331,W1,R1,SKU_A,2,214
331,W1,R1,SKU_B,2,109
331,W1,R1,SKU_C,2,169
331,W1,R1,SKU_D,2,98
331,W1,R1,SKU_E,2,117
332,Supplier,W2,SKU_A,6,358
332,Supplier,W2,SKU_B,6,126
332,Supplier,W2,SKU_C,6,198
332,Supplier,W2,SKU_D,6,151
332,Supplier,W2,SKU_E,6,189
332,W1,R2,SKU_A,3,160
332,W1,R2,SKU_B,3,106
332,W1,R2,SKU_C,3,109
332,W1,R2,SKU_D,3,88
332,W1,R2,SKU_E,3,90
332,W2,R3,SKU_A,4,285
332,W2,R3,SKU_B,4,110
332,W2,R3,SKU_C,4,167
332,W2,R3,SKU_D,4,145
332,W2,R3,SKU_E,4,182
333,W1,R1,SKU_A,2,244
333,W1,R1,SKU_B,2,105
333,W1,R1,SKU_C,2,142
333,W1,R1,SKU_D,2,129
333,W1,R1,SKU_E,2,88
334,Supplier,W1,SKU_A,5,593
334,Supplier,W1,SKU_B,5,290
334,Supplier,W1,SKU_C,5,356
334,Supplier,W1,SKU_D,5,293
334,Supplier,W1,SKU_E,5,250
334,W1,R2,SKU_A,3,196
334,W1,R2,SKU_B,3,95
334,W1,R2,SKU_C,3,93
334,W1,R2,SKU_D,3,80
334,W1,R2,SKU_E,3,99
335,Supplier,W2,SKU_A,6,420
335,Supplier,W2,SKU_B,6,188
335,Supplier,W2,SKU_C,6,224
335,Supplier,W2,SKU_D,6,226
335,Supplier,W2,SKU_E,6,236
335,W1,R1,SKU_A,2,300
335,W1,R1,SKU_B,2,117
335,W1,R1,SKU_C,2,198
335,W1,R1,SKU_D,2,158
335,W1,R1,SKU_E,2,94
335,W2,R3,SKU_A,4,517
335,W2,R3,SKU_B,4,189
335,W2,R3,SKU_C,4,347
335,W2,R3,SKU_D,4,285
335,W2,R3,SKU_E,4,194
336,Supplier,W1,SKU_A,5,509
336,Supplier,W1,SKU_B,5,236
336,Supplier,W1,SKU_C,5,313
336,Supplier,W1,SKU_D,5,274
336,Supplier,W1,SKU_E,5,203
336,W1,R1,SKU_A,2,232
336,W1,R1,SKU_B,2,112
336,W1,R1,SKU_C,2,194
336,W1,R1,SKU_D,2,92
336,W1,R1,SKU_E,2,73
336,W1,R2,SKU_A,3,243
336,W1,R2,SKU_B,3,145
336,W1,R2,SKU_C,3,163
336,W1,R2,SKU_D,3,143
336,W1,R2,SKU_E,3,140
336,W2,R3,SKU_A,4,264
336,W2,R3,SKU_B,4,131
336,W2,R3,SKU_C,4,145
336,W2,R3,SKU_D,4,167
336,W2,R3,SKU_E,4,196
337,Supplier,W2,SKU_A,6,498
337,Supplier,W2,SKU_B,6,195
337,Supplier,W2,SKU_C,6,348
337,Supplier,W2,SKU_D,6,299
337,Supplier,W2,SKU_E,6,250
338,Supplier,W1,SKU_A,5,732
338,Supplier,W1,SKU_B,5,331
338,Supplier,W1,SKU_C,5,533
338,Supplier,W1,SKU_D,5,324
338,Supplier,W1,SKU_E,5,269
338,W1,R1,SKU_A,2,208
338,W1,R1,SKU_B,2,125
338,W1,R1,SKU_C,2,207
338,W1,R1,SKU_D,2,77
338,W1,R1,SKU_E,2,63
338,W2,R3,SKU_A,4,351
338,W2,R3,SKU_B,4,109
338,W2,R3,SKU_C,4,220
338,W2,R3,SKU_D,4,230
338,W2,R3,SKU_E,4,177
339,Supplier,W2,SKU_A,6,351
339,Supplier,W2,SKU_B,6,109
339,Supplier,W2,SKU_C,6,220
339,Supplier,W2,SKU_D,6,230
339,Supplier,W2,SKU_E,6,174
339,W1,R2,SKU_A,3,316
339,W1,R2,SKU_B,3,147
339,W1,R2,SKU_C,3,185
339,W1,R2,SKU_E,3,140
339,W1,R2,SKU_D,3,140
340,W1,R1,SKU_A,2,313
340,W1,R1,SKU_B,2,94
340,W1,R1,SKU_C,2,155
340,W1,R1,SKU_D,2,153
340,W1,R1,SKU_E,2,112
341,Supplier,W1,SKU_A,5,542
341,Supplier,W1,SKU_B,5,273
341,Supplier,W1,SKU_C,5,344
341,Supplier,W1,SKU_D,5,281
341,Supplier,W1,SKU_E,5,255
341,W1,R2,SKU_A,3,136
341,W1,R2,SKU_B,3,86
341,W1,R2,SKU_C,3,85
341,W1,R2,SKU_D,3,71
341,W1,R2,SKU_E,3,111
341,W2,R3,SKU_A,4,407
341,W2,R3,SKU_B,4,184
341,W2,R3,SKU_C,4,219
341,W2,R3,SKU_D,4,240
341,W2,R3,SKU_E,4,227
342,Supplier,W2,SKU_A,6,407
342,Supplier,W2,SKU_B,6,184
342,Supplier,W2,SKU_C,6,219
342,Supplier,W2,SKU_D,6,240
342,Supplier,W2,SKU_E,6,227
342,W1,R1,SKU_A,2,228
342,W1,R1,SKU_B,2,149
342,W1,R1,SKU_C,2,203
342,W1,R1,SKU_D,2,173
342,W1,R1,SKU_E,2,92
343,Supplier,W1,SKU_A,5,409
343,Supplier,W1,SKU_B,5,248
343,Supplier,W1,SKU_C,5,302
343,Supplier,W1,SKU_D,5,231
343,Supplier,W1,SKU_E,5,231
343,W1,R2,SKU_A,3,220
343,W1,R2,SKU_B,3,136
343,W1,R2,SKU_C,3,134
343,W1,R2,SKU_D,3,131
343,W1,R2,SKU_E,3,141
343,W2,R3,SKU_A,4,369
343,W2,R3,SKU_B,4,157
343,W2,R3,SKU_C,4,260
343,W2,R3,SKU_D,4,244
343,W2,R3,SKU_E,4,211
344,Supplier,W2,SKU_A,6,369
344,Supplier,W2,SKU_B,6,157
344,Supplier,W2,SKU_C,6,260
344,Supplier,W2,SKU_D,6,244
344,Supplier,W2,SKU_E,6,211
344,W1,R1,SKU_A,2,361
344,W1,R1,SKU_B,2,192
344,W1,R1,SKU_C,2,300
344,W1,R1,SKU_D,2,193
344,W1,R1,SKU_E,2,128
345,Supplier,W1,SKU_A,5,581
345,Supplier,W1,SKU_B,5,341
345,Supplier,W1,SKU_C,5,451
345,Supplier,W1,SKU_D,5,317
345,Supplier,W1,SKU_E,5,279
345,W2,R3,SKU_A,4,359
345,W2,R3,SKU_B,4,155
345,W2,R3,SKU_C,4,207
345,W2,R3,SKU_D,4,232
345,W2,R3,SKU_E,4,187
346,Supplier,W2,SKU_A,6,359
346,Supplier,W2,SKU_B,6,155
346,Supplier,W2,SKU_C,6,207
346,Supplier,W2,SKU_D,6,232
346,Supplier,W2,SKU_E,6,187
346,W1,R1,SKU_A,2,278
346,W1,R1,SKU_B,2,135
346,W1,R1,SKU_C,2,198
346,W1,R1,SKU_D,2,123
346,W1,R1,SKU_E,2,122
346,W1,R2,SKU_A,3,297
346,W1,R2,SKU_B,3,193
346,W1,R2,SKU_C,3,197
346,W1,R2,SKU_D,3,151
346,W1,R2,SKU_E,3,133
347,Supplier,W1,SKU_A,5,464
347,Supplier,W1,SKU_B,5,255
347,Supplier,W1,SKU_C,5,318
347,Supplier,W1,SKU_D,5,220
347,Supplier,W1,SKU_E,5,198
348,Supplier,W2,SKU_A,6,318
348,Supplier,W2,SKU_B,6,124
348,Supplier,W2,SKU_C,6,167
348,Supplier,W2,SKU_D,6,150
348,Supplier,W2,SKU_E,6,148
348,W1,R1,SKU_A,2,258
348,W1,R1,SKU_B,2,110
348,W1,R1,SKU_C,2,210
348,W1,R1,SKU_D,2,130
348,W1,R1,SKU_E,2,86
348,W1,R2,SKU_A,3,212
348,W1,R2,SKU_B,3,141
348,W1,R2,SKU_C,3,141
348,W1,R2,SKU_D,3,118
348,W1,R2,SKU_E,3,145
348,W2,R3,SKU_A,4,489
348,W2,R3,SKU_B,4,180
348,W2,R3,SKU_C,4,269
348,W2,R3,SKU_D,4,250
348,W2,R3,SKU_E,4,226
349,Supplier,W1,SKU_A,5,470
349,Supplier,W1,SKU_B,5,251
349,Supplier,W1,SKU_C,5,351
349,Supplier,W1,SKU_D,5,248
349,Supplier,W1,SKU_E,5,210
350,Supplier,W2,SKU_A,6,343
350,Supplier,W2,SKU_B,6,131
350,Supplier,W2,SKU_C,6,218
350,Supplier,W2,SKU_D,6,207
350,Supplier,W2,SKU_E,6,170
350,W1,R1,SKU_A,2,315
350,W1,R1,SKU_B,2,181
350,W1,R1,SKU_C,2,253
350,W1,R1,SKU_D,2,154
350,W1,R1,SKU_E,2,126
350,W1,R2,SKU_A,3,221
350,W1,R2,SKU_B,3,105
350,W1,R2,SKU_C,3,128
350,W1,R2,SKU_D,3,131
350,W1,R2,SKU_E,3,151
350,W2,R3,SKU_A,4,384
350,W2,R3,SKU_B,4,151
350,W2,R3,SKU_C,4,238
350,W2,R3,SKU_D,4,242
350,W2,R3,SKU_E,4,198
351,Supplier,W1,SKU_A,5,536
351,Supplier,W1,SKU_B,5,286
351,Supplier,W1,SKU_C,5,381
351,Supplier,W1,SKU_D,5,285
351,Supplier,W1,SKU_E,5,258
352,Supplier,W2,SKU_A,6,436
352,Supplier,W2,SKU_B,6,138
352,Supplier,W2,SKU_C,6,235
352,Supplier,W2,SKU_D,6,258
352,Supplier,W2,SKU_E,6,205
352,W1,R1,SKU_A,2,290
352,W1,R1,SKU_B,2,157
352,W1,R1,SKU_C,2,201
352,W1,R1,SKU_D,2,140
352,W1,R1,SKU_E,2,110
352,W1,R2,SKU_A,3,213
352,W1,R2,SKU_B,3,83
352,W1,R2,SKU_C,3,138
352,W1,R2,SKU_D,3,132
352,W1,R2,SKU_E,3,90
352,W2,R3,SKU_A,4,380
352,W2,R3,SKU_B,4,117
352,W2,R3,SKU_C,4,219
352,W2,R3,SKU_D,4,202
352,W2,R3,SKU_E,4,193
353,Supplier,W1,SKU_A,5,503
353,Supplier,W1,SKU_B,5,240
353,Supplier,W1,SKU_C,5,339
353,Supplier,W1,SKU_D,5,287
353,Supplier,W1,SKU_E,5,231
354,W1,R2,SKU_A,3,166
354,W1,R2,SKU_B,3,122
354,W1,R2,SKU_C,3,106
354,W1,R2,SKU_D,3,98
354,W1,R2,SKU_E,3,126
355,Supplier,W1,SKU_A,5,381
355,Supplier,W1,SKU_B,5,211
355,Supplier,W1,SKU_C,5,253
355,Supplier,W1,SKU_D,5,190
355,Supplier,W1,SKU_E,5,173
355,Supplier,W2,SKU_A,6,424
355,Supplier,W2,SKU_B,6,150
355,Supplier,W2,SKU_C,6,271
355,Supplier,W2,SKU_D,6,208
355,Supplier,W2,SKU_E,6,239
355,W1,R1,SKU_A,2,336
355,W1,R1,SKU_B,2,152
355,W1,R1,SKU_C,2,208
355,W1,R1,SKU_D,2,150
355,W1,R1,SKU_E,2,84
355,W2,R3,SKU_A,4,421
355,W2,R3,SKU_B,4,160
355,W2,R3,SKU_C,4,241
355,W2,R3,SKU_D,4,228
355,W2,R3,SKU_E,4,203
356,W1,R2,SKU_A,3,186
356,W1,R2,SKU_B,3,139
356,W1,R2,SKU_C,3,109
356,W1,R2,SKU_D,3,98
356,W1,R2,SKU_E,3,111
357,Supplier,W1,SKU_A,5,439
357,Supplier,W1,SKU_B,5,282
357,Supplier,W1,SKU_C,5,255
357,Supplier,W1,SKU_D,5,201
357,Supplier,W1,SKU_E,5,202
357,Supplier,W2,SKU_A,6,326
357,Supplier,W2,SKU_B,6,154
357,Supplier,W2,SKU_C,6,195
357,Supplier,W2,SKU_D,6,193
357,Supplier,W2,SKU_E,6,199
357,W1,R1,SKU_A,2,298
357,W1,R1,SKU_B,2,215
357,W1,R1,SKU_C,2,232
357,W1,R1,SKU_D,2,141
357,W1,R1,SKU_E,2,147
357,W2,R3,SKU_A,4,366
357,W2,R3,SKU_B,4,172
357,W2,R3,SKU_C,4,241
357,W2,R3,SKU_D,4,221
357,W2,R3,SKU_E,4,170
358,W1,R2,SKU_A,3,254
358,W1,R2,SKU_B,3,156
358,W1,R2,SKU_C,3,183
358,W1,R2,SKU_D,3,145
358,W1,R2,SKU_E,3,132
359,Supplier,W1,SKU_A,5,607
359,Supplier,W1,SKU_B,5,421
359,Supplier,W1,SKU_C,5,469
359,Supplier,W1,SKU_D,5,309
359,Supplier,W1,SKU_E,5,268
359,Supplier,W2,SKU_A,6,404
359,Supplier,W2,SKU_B,6,150
359,Supplier,W2,SKU_C,6,252
359,Supplier,W2,SKU_D,6,247
359,Supplier,W2,SKU_E,6,225
359,W1,R1,SKU_A,2,325
359,W1,R1,SKU_B,2,159
359,W1,R1,SKU_C,2,220
359,W1,R1,SKU_D,2,152
359,W1,R1,SKU_E,2,99
359,W2,R3,SKU_A,4,349
359,W2,R3,SKU_B,4,113
359,W2,R3,SKU_C,4,196
359,W2,R3,SKU_D,4,200
359,W2,R3,SKU_E,4,205
360,W1,R2,SKU_A,3,220
360,W1,R2,SKU_C,3,151
360,W1,R2,SKU_D,3,97
360,W1,R2,SKU_B,3,124
360,W1,R2,SKU_E,3,101
361,Supplier,W1,SKU_A,5,543
361,Supplier,W1,SKU_B,5,232
361,Supplier,W1,SKU_C,5,346
361,Supplier,W1,SKU_D,5,244
361,Supplier,W1,SKU_E,5,203
361,W1,R1,SKU_A,2,318
361,W1,R1,SKU_B,2,87
361,W1,R1,SKU_C,2,197
361,W1,R1,SKU_D,2,129
361,W1,R1,SKU_E,2,72
361,W2,R3,SKU_A,4,286
361,W2,R3,SKU_B,4,94
361,W2,R3,SKU_C,4,154
361,W2,R3,SKU_D,4,171
361,W2,R3,SKU_E,4,216
362,Supplier,W2,SKU_A,6,424
362,Supplier,W2,SKU_B,6,140
362,Supplier,W2,SKU_C,6,220
362,Supplier,W2,SKU_D,6,251
362,Supplier,W2,SKU_E,6,225
362,W1,R2,SKU_A,3,178
362,W1,R2,SKU_C,3,108
362,W1,R2,SKU_B,3,91
362,W1,R2,SKU_D,3,109
362,W1,R2,SKU_E,3,104
363,Supplier,W1,SKU_A,5,451
363,Supplier,W1,SKU_B,5,197
363,Supplier,W1,SKU_C,5,283
363,Supplier,W1,SKU_D,5,223
363,Supplier,W1,SKU_E,5,170
363,W1,R1,SKU_A,2,265
363,W1,R1,SKU_B,2,173
363,W1,R1,SKU_C,2,169
363,W1,R1,SKU_D,2,92
363,W1,R1,SKU_E,2,98
363,W2,R3,SKU_A,4,315
363,W2,R3,SKU_B,4,154
363,W2,R3,SKU_C,4,198
363,W2,R3,SKU_D,4,193
363,W2,R3,SKU_E,4,155
364,Supplier,W2,SKU_A,6,315
364,Supplier,W2,SKU_B,6,154
364,Supplier,W2,SKU_C,6,198
364,Supplier,W2,SKU_D,6,193
364,Supplier,W2,SKU_E,6,155
364,W1,R2,SKU_A,3,192
364,W1,R2,SKU_B,3,114
364,W1,R2,SKU_C,3,127
364,W1,R2,SKU_D,3,114
364,W1,R2,SKU_E,3,110
